sim_minute,hour_of_day,solar_output_kw,consumption_kw,battery_level_kwh,net_flow_kw,time_sin,time_cos,is_deficit
0,0.0,0.0,0.0139,3.9861,-0.0139,0.0,1.0,0
1,0.0167,0.0,0.0123,3.9738,-0.0123,0.004363,0.99999,0
2,0.0333,0.0,0.015,3.9588,-0.015,0.008727,0.999962,0
3,0.05,0.0,0.014,3.9448,-0.014,0.01309,0.999914,0
4,0.0667,0.0,0.0141,3.9307,-0.0141,0.017452,0.999848,0
5,0.0833,0.0,0.0172,3.9135,-0.0172,0.021815,0.999762,0
6,0.1,0.0,0.0146,3.8989,-0.0146,0.026177,0.999657,0
7,0.1167,0.0,0.0167,3.8822,-0.0167,0.030539,0.999534,0
8,0.1333,0.0,0.017,3.8652,-0.017,0.034899,0.999391,0
9,0.15,0.0,0.0157,3.8495,-0.0157,0.03926,0.999229,0
10,0.1667,0.0,0.018,3.8315,-0.018,0.043619,0.999048,0
11,0.1833,0.0,0.013,3.8185,-0.013,0.047978,0.998848,0
12,0.2,0.0,0.0159,3.8026,-0.0159,0.052336,0.99863,0
13,0.2167,0.0,0.0149,3.7877,-0.0149,0.056693,0.998392,0
14,0.2333,0.0,0.0173,3.7704,-0.0173,0.061049,0.998135,0
15,0.25,0.0,0.0149,3.7555,-0.0149,0.065403,0.997859,0
16,0.2667,0.0,0.0177,3.7378,-0.0177,0.069756,0.997564,0
17,0.2833,0.0,0.0166,3.7212,-0.0166,0.074108,0.99725,0
18,0.3,0.0,0.0172,3.704,-0.0172,0.078459,0.996917,0
19,0.3167,0.0,0.018,3.686,-0.018,0.082808,0.996566,0
20,0.3333,0.0,0.0139,3.6721,-0.0139,0.087156,0.996195,0
21,0.35,0.0,0.017,3.6551,-0.017,0.091502,0.995805,0
22,0.3667,0.0,0.0109,3.6442,-0.0109,0.095846,0.995396,0
23,0.3833,0.0,0.0172,3.627,-0.0172,0.100188,0.994969,0
24,0.4,0.0,0.0185,3.6085,-0.0185,0.104528,0.994522,0
25,0.4167,0.0,0.0155,3.593,-0.0155,0.108867,0.994056,0
26,0.4333,0.0,0.0154,3.5776,-0.0154,0.113203,0.993572,0
27,0.45,0.0,0.0136,3.564,-0.0136,0.117537,0.993068,0
28,0.4667,0.0,0.0152,3.5488,-0.0152,0.121869,0.992546,0
29,0.4833,0.0,0.0176,3.5312,-0.0176,0.126199,0.992005,0
30,0.5,0.0,0.016,3.5152,-0.016,0.130526,0.991445,0
31,0.5167,0.0,0.0107,3.5045,-0.0107,0.134851,0.990866,0
32,0.5333,0.0,0.0182,3.4863,-0.0182,0.139173,0.990268,0
33,0.55,0.0,0.0183,3.468,-0.0183,0.143493,0.989651,0
34,0.5667,0.0,0.0156,3.4524,-0.0156,0.147809,0.989016,0
35,0.5833,0.0,0.0179,3.4345,-0.0179,0.152123,0.988362,0
36,0.6,0.0,0.0203,3.4142,-0.0203,0.156434,0.987688,0
37,0.6167,0.0,0.0143,3.3999,-0.0143,0.160743,0.986996,0
38,0.6333,0.0,0.019,3.3809,-0.019,0.165048,0.986286,0
39,0.65,0.0,0.0171,3.3638,-0.0171,0.16935,0.985556,0
40,0.6667,0.0,0.0189,3.3449,-0.0189,0.173648,0.984808,0
41,0.6833,0.0,0.0157,3.3292,-0.0157,0.177944,0.984041,0
42,0.7,0.0,0.0153,3.3139,-0.0153,0.182236,0.983255,0
43,0.7167,0.0,0.0138,3.3001,-0.0138,0.186524,0.98245,0
44,0.7333,0.0,0.0181,3.282,-0.0181,0.190809,0.981627,0
45,0.75,0.0,0.015,3.267,-0.015,0.19509,0.980785,0
46,0.7667,0.0,0.0172,3.2498,-0.0172,0.199368,0.979925,0
47,0.7833,0.0,0.0147,3.2351,-0.0147,0.203642,0.979045,0
48,0.8,0.0,0.0155,3.2196,-0.0155,0.207912,0.978148,0
49,0.8167,0.0,0.0149,3.2047,-0.0149,0.212178,0.977231,0
50,0.8333,0.0,0.0163,3.1884,-0.0163,0.21644,0.976296,0
51,0.85,0.0,0.0127,3.1757,-0.0127,0.220697,0.975342,0
52,0.8667,0.0,0.0158,3.1599,-0.0158,0.224951,0.97437,0
53,0.8833,0.0,0.0124,3.1475,-0.0124,0.2292,0.973379,0
54,0.9,0.0,0.0158,3.1317,-0.0158,0.233445,0.97237,0
55,0.9167,0.0,0.0145,3.1172,-0.0145,0.237686,0.971342,0
56,0.9333,0.0,0.0163,3.1009,-0.0163,0.241922,0.970296,0
57,0.95,0.0,0.0148,3.0861,-0.0148,0.246153,0.969231,0
58,0.9667,0.0,0.0139,3.0722,-0.0139,0.25038,0.968148,0
59,0.9833,0.0,0.0154,3.0568,-0.0154,0.254602,0.967046,0
60,1.0,0.0,0.0123,3.0445,-0.0123,0.258819,0.965926,0
61,1.0167,0.0,0.0165,3.028,-0.0165,0.263031,0.964787,0
62,1.0333,0.0,0.0164,3.0116,-0.0164,0.267238,0.96363,0
63,1.05,0.0,0.0137,2.9979,-0.0137,0.27144,0.962455,0
64,1.0667,0.0,0.0134,2.9845,-0.0134,0.275637,0.961262,0
65,1.0833,0.0,0.016,2.9685,-0.016,0.279829,0.96005,0
66,1.1,0.0,0.015,2.9535,-0.015,0.284015,0.95882,0
67,1.1167,0.0,0.0176,2.9359,-0.0176,0.288196,0.957571,0
68,1.1333,0.0,0.0141,2.9218,-0.0141,0.292372,0.956305,0
69,1.15,0.0,0.0133,2.9085,-0.0133,0.296542,0.95502,0
70,1.1667,0.0,0.0158,2.8927,-0.0158,0.300706,0.953717,0
71,1.1833,0.0,0.014,2.8787,-0.014,0.304864,0.952396,0
72,1.2,0.0,0.0144,2.8643,-0.0144,0.309017,0.951057,0
73,1.2167,0.0,0.0135,2.8508,-0.0135,0.313164,0.949699,0
74,1.2333,0.0,0.0153,2.8355,-0.0153,0.317305,0.948324,0
75,1.25,0.0,0.0152,2.8203,-0.0152,0.321439,0.94693,0
76,1.2667,0.0,0.0141,2.8062,-0.0141,0.325568,0.945519,0
77,1.2833,0.0,0.0185,2.7877,-0.0185,0.329691,0.944089,0
78,1.3,0.0,0.0169,2.7708,-0.0169,0.333807,0.942641,0
79,1.3167,0.0,0.0182,2.7526,-0.0182,0.337917,0.941176,0
80,1.3333,0.0,0.0151,2.7375,-0.0151,0.34202,0.939693,0
81,1.35,0.0,0.0136,2.7239,-0.0136,0.346117,0.938191,0
82,1.3667,0.0,0.0134,2.7105,-0.0134,0.350207,0.936672,0
83,1.3833,0.0,0.0172,2.6933,-0.0172,0.354291,0.935135,0
84,1.4,0.0,0.0163,2.677,-0.0163,0.358368,0.93358,0
85,1.4167,0.0,0.0215,2.6555,-0.0215,0.362438,0.932008,0
86,1.4333,0.0,0.0173,2.6382,-0.0173,0.366501,0.930418,0
87,1.45,0.0,0.0179,2.6203,-0.0179,0.370557,0.92881,0
88,1.4667,0.0,0.0166,2.6037,-0.0166,0.374607,0.927184,0
89,1.4833,0.0,0.0147,2.589,-0.0147,0.378649,0.925541,0
90,1.5,0.0,0.0168,2.5722,-0.0168,0.382683,0.92388,0
91,1.5167,0.0,0.0157,2.5565,-0.0157,0.386711,0.922201,0
92,1.5333,0.0,0.0137,2.5428,-0.0137,0.390731,0.920505,0
93,1.55,0.0,0.0148,2.528,-0.0148,0.394744,0.918791,0
94,1.5667,0.0,0.0142,2.5138,-0.0142,0.398749,0.91706,0
95,1.5833,0.0,0.0158,2.498,-0.0158,0.402747,0.915311,0
96,1.6,0.0,0.0191,2.4789,-0.0191,0.406737,0.913545,0
97,1.6167,0.0,0.0129,2.466,-0.0129,0.410719,0.911762,0
98,1.6333,0.0,0.0175,2.4485,-0.0175,0.414693,0.909961,0
99,1.65,0.0,0.0164,2.4321,-0.0164,0.41866,0.908143,0
100,1.6667,0.0,0.0152,2.4169,-0.0152,0.422618,0.906308,0
101,1.6833,0.0,0.0162,2.4007,-0.0162,0.426569,0.904455,0
102,1.7,0.0,0.014,2.3867,-0.014,0.430511,0.902585,0
103,1.7167,0.0,0.0182,2.3685,-0.0182,0.434445,0.900698,0
104,1.7333,0.0,0.0164,2.3521,-0.0164,0.438371,0.898794,0
105,1.75,0.0,0.0132,2.3389,-0.0132,0.442289,0.896873,0
106,1.7667,0.0,0.0154,2.3235,-0.0154,0.446198,0.894934,0
107,1.7833,0.0,0.0159,2.3076,-0.0159,0.450098,0.892979,0
108,1.8,0.0,0.0182,2.2894,-0.0182,0.45399,0.891007,0
109,1.8167,0.0,0.0139,2.2755,-0.0139,0.457874,0.889017,0
110,1.8333,0.0,0.0147,2.2608,-0.0147,0.461749,0.887011,0
111,1.85,0.0,0.0197,2.2411,-0.0197,0.465615,0.884988,0
112,1.8667,0.0,0.0126,2.2285,-0.0126,0.469472,0.882948,0
113,1.8833,0.0,0.0171,2.2114,-0.0171,0.47332,0.880891,0
114,1.9,0.0,0.0158,2.1956,-0.0158,0.477159,0.878817,0
115,1.9167,0.0,0.0117,2.1839,-0.0117,0.480989,0.876727,0
116,1.9333,0.0,0.0155,2.1684,-0.0155,0.48481,0.87462,0
117,1.95,0.0,0.0139,2.1545,-0.0139,0.488621,0.872496,0
118,1.9667,0.0,0.0154,2.1391,-0.0154,0.492424,0.870356,0
119,1.9833,0.0,0.0158,2.1233,-0.0158,0.496217,0.868199,0
120,2.0,0.0,0.0152,2.1081,-0.0152,0.5,0.866025,0
121,2.0167,0.0,0.0172,2.0909,-0.0172,0.503774,0.863836,0
122,2.0333,0.0,0.0172,2.0737,-0.0172,0.507538,0.861629,0
123,2.05,0.0,0.0158,2.0579,-0.0158,0.511293,0.859406,0
124,2.0667,0.0,0.0118,2.0461,-0.0118,0.515038,0.857167,0
125,2.0833,0.0,0.0158,2.0303,-0.0158,0.518773,0.854912,0
126,2.1,0.0,0.0164,2.0139,-0.0164,0.522499,0.85264,0
127,2.1167,0.0,0.0134,2.0005,-0.0134,0.526214,0.850352,0
128,2.1333,0.0,0.0176,1.9829,-0.0176,0.529919,0.848048,0
129,2.15,0.0,0.0152,1.9677,-0.0152,0.533615,0.845728,0
130,2.1667,0.0,0.0162,1.9515,-0.0162,0.5373,0.843391,0
131,2.1833,0.0,0.0136,1.9379,-0.0136,0.540974,0.841039,0
132,2.2,0.0,0.0163,1.9216,-0.0163,0.544639,0.838671,0
133,2.2167,0.0,0.0159,1.9057,-0.0159,0.548293,0.836286,0
134,2.2333,0.0,0.015,1.8907,-0.015,0.551937,0.833886,0
135,2.25,0.0,0.0166,1.8741,-0.0166,0.55557,0.83147,0
136,2.2667,0.0,0.0149,1.8592,-0.0149,0.559193,0.829038,0
137,2.2833,0.0,0.0125,1.8467,-0.0125,0.562805,0.82659,0
138,2.3,0.0,0.0172,1.8295,-0.0172,0.566406,0.824126,0
139,2.3167,0.0,0.0141,1.8154,-0.0141,0.569997,0.821647,0
140,2.3333,0.0,0.0163,1.7991,-0.0163,0.573576,0.819152,0
141,2.35,0.0,0.0168,1.7823,-0.0168,0.577145,0.816642,0
142,2.3667,0.0,0.0189,1.7634,-0.0189,0.580703,0.814116,0
143,2.3833,0.0,0.0185,1.7449,-0.0185,0.58425,0.811574,0
144,2.4,0.0,0.017,1.7279,-0.017,0.587785,0.809017,0
145,2.4167,0.0,0.0166,1.7113,-0.0166,0.59131,0.806445,0
146,2.4333,0.0,0.0156,1.6957,-0.0156,0.594823,0.803857,0
147,2.45,0.0,0.0129,1.6828,-0.0129,0.598325,0.801254,0
148,2.4667,0.0,0.0154,1.6674,-0.0154,0.601815,0.798636,0
149,2.4833,0.0,0.0158,1.6516,-0.0158,0.605294,0.796002,0
150,2.5,0.0,0.0163,1.6353,-0.0163,0.608761,0.793353,0
151,2.5167,0.0,0.0173,1.618,-0.0173,0.612217,0.79069,0
152,2.5333,0.0,0.0145,1.6035,-0.0145,0.615661,0.788011,0
153,2.55,0.0,0.0125,1.591,-0.0125,0.619094,0.785317,0
154,2.5667,0.0,0.0167,1.5743,-0.0167,0.622515,0.782608,0
155,2.5833,0.0,0.0161,1.5582,-0.0161,0.625923,0.779884,0
156,2.6,0.0,0.0146,1.5436,-0.0146,0.62932,0.777146,0
157,2.6167,0.0,0.0166,1.527,-0.0166,0.632705,0.774393,0
158,2.6333,0.0,0.0128,1.5142,-0.0128,0.636078,0.771625,0
159,2.65,0.0,0.0155,1.4987,-0.0155,0.639439,0.768842,0
160,2.6667,0.0,0.0127,1.486,-0.0127,0.642788,0.766044,0
161,2.6833,0.0,0.015,1.471,-0.015,0.646124,0.763232,0
162,2.7,0.0,0.0113,1.4597,-0.0113,0.649448,0.760406,0
163,2.7167,0.0,0.0149,1.4448,-0.0149,0.65276,0.757565,0
164,2.7333,0.0,0.0137,1.4311,-0.0137,0.656059,0.75471,0
165,2.75,0.0,0.0137,1.4174,-0.0137,0.659346,0.75184,0
166,2.7667,0.0,0.0159,1.4015,-0.0159,0.66262,0.748956,0
167,2.7833,0.0,0.0161,1.3854,-0.0161,0.665882,0.746057,0
168,2.8,0.0,0.0148,1.3706,-0.0148,0.669131,0.743145,0
169,2.8167,0.0,0.0154,1.3552,-0.0154,0.672367,0.740218,0
170,2.8333,0.0,0.016,1.3392,-0.016,0.67559,0.737277,0
171,2.85,0.0,0.0127,1.3265,-0.0127,0.678801,0.734323,0
172,2.8667,0.0,0.0135,1.313,-0.0135,0.681998,0.731354,0
173,2.8833,0.0,0.0147,1.2983,-0.0147,0.685183,0.728371,0
174,2.9,0.0,0.0118,1.2865,-0.0118,0.688355,0.725374,0
175,2.9167,0.0,0.0155,1.271,-0.0155,0.691513,0.722364,0
176,2.9333,0.0,0.0151,1.2559,-0.0151,0.694658,0.71934,0
177,2.95,0.0,0.0182,1.2377,-0.0182,0.69779,0.716302,0
178,2.9667,0.0,0.0145,1.2232,-0.0145,0.700909,0.71325,0
179,2.9833,0.0,0.0158,1.2074,-0.0158,0.704015,0.710185,0
180,3.0,0.0,0.015,1.1924,-0.015,0.707107,0.707107,0
181,3.0167,0.0,0.0153,1.1771,-0.0153,0.710185,0.704015,0
182,3.0333,0.0,0.0138,1.1633,-0.0138,0.71325,0.700909,0
183,3.05,0.0,0.0166,1.1467,-0.0166,0.716302,0.69779,0
184,3.0667,0.0,0.0159,1.1308,-0.0159,0.71934,0.694658,0
185,3.0833,0.0,0.02,1.1108,-0.02,0.722364,0.691513,0
186,3.1,0.0,0.0148,1.096,-0.0148,0.725374,0.688355,0
187,3.1167,0.0,0.0157,1.0803,-0.0157,0.728371,0.685183,0
188,3.1333,0.0,0.0179,1.0624,-0.0179,0.731354,0.681998,0
189,3.15,0.0,0.0171,1.0453,-0.0171,0.734323,0.678801,0
190,3.1667,0.0,0.0147,1.0306,-0.0147,0.737277,0.67559,0
191,3.1833,0.0,0.0124,1.0182,-0.0124,0.740218,0.672367,0
192,3.2,0.0,0.0161,1.0021,-0.0161,0.743145,0.669131,0
193,3.2167,0.0,0.0179,0.9842,-0.0179,0.746057,0.665882,0
194,3.2333,0.0,0.0171,0.9671,-0.0171,0.748956,0.66262,0
195,3.25,0.0,0.0117,0.9554,-0.0117,0.75184,0.659346,0
196,3.2667,0.0,0.0151,0.9403,-0.0151,0.75471,0.656059,0
197,3.2833,0.0,0.0191,0.9212,-0.0191,0.757565,0.65276,0
198,3.3,0.0,0.0145,0.9067,-0.0145,0.760406,0.649448,0
199,3.3167,0.0,0.0138,0.8929,-0.0138,0.763232,0.646124,0
200,3.3333,0.0,0.0165,0.8764,-0.0165,0.766044,0.642788,0
201,3.35,0.0,0.0137,0.8627,-0.0137,0.768842,0.639439,0
202,3.3667,0.0,0.0163,0.8464,-0.0163,0.771625,0.636078,0
203,3.3833,0.0,0.0188,0.8276,-0.0188,0.774393,0.632705,0
204,3.4,0.0,0.0093,0.8183,-0.0093,0.777146,0.62932,0
205,3.4167,0.0,0.0137,0.8046,-0.0137,0.779884,0.625923,0
206,3.4333,0.0,0.018,0.7866,-0.018,0.782608,0.622515,0
207,3.45,0.0,0.0156,0.771,-0.0156,0.785317,0.619094,0
208,3.4667,0.0,0.0179,0.7531,-0.0179,0.788011,0.615661,0
209,3.4833,0.0,0.015,0.7381,-0.015,0.79069,0.612217,0
210,3.5,0.0,0.0192,0.7189,-0.0192,0.793353,0.608761,0
211,3.5167,0.0,0.0151,0.7038,-0.0151,0.796002,0.605294,0
212,3.5333,0.0,0.015,0.6888,-0.015,0.798636,0.601815,0
213,3.55,0.0,0.0187,0.6701,-0.0187,0.801254,0.598325,0
214,3.5667,0.0,0.0142,0.6559,-0.0142,0.803857,0.594823,0
215,3.5833,0.0,0.0137,0.6422,-0.0137,0.806445,0.59131,0
216,3.6,0.0,0.0152,0.627,-0.0152,0.809017,0.587785,0
217,3.6167,0.0,0.0151,0.6119,-0.0151,0.811574,0.58425,0
218,3.6333,0.0,0.0182,0.5937,-0.0182,0.814116,0.580703,0
219,3.65,0.0,0.0177,0.576,-0.0177,0.816642,0.577145,0
220,3.6667,0.0,0.0099,0.5661,-0.0099,0.819152,0.573576,0
221,3.6833,0.0,0.0137,0.5524,-0.0137,0.821647,0.569997,0
222,3.7,0.0,0.0178,0.5346,-0.0178,0.824126,0.566406,0
223,3.7167,0.0,0.011,0.5236,-0.011,0.82659,0.562805,0
224,3.7333,0.0,0.0151,0.5085,-0.0151,0.829038,0.559193,0
225,3.75,0.0,0.0165,0.492,-0.0165,0.83147,0.55557,0
226,3.7667,0.0,0.0171,0.4749,-0.0171,0.833886,0.551937,0
227,3.7833,0.0,0.0182,0.4567,-0.0182,0.836286,0.548293,0
228,3.8,0.0,0.0146,0.4421,-0.0146,0.838671,0.544639,0
229,3.8167,0.0,0.0184,0.4237,-0.0184,0.841039,0.540974,0
230,3.8333,0.0,0.0135,0.4102,-0.0135,0.843391,0.5373,0
231,3.85,0.0,0.0159,0.3943,-0.0159,0.845728,0.533615,0
232,3.8667,0.0,0.0138,0.3805,-0.0138,0.848048,0.529919,0
233,3.8833,0.0,0.013,0.3675,-0.013,0.850352,0.526214,0
234,3.9,0.0,0.0128,0.3547,-0.0128,0.85264,0.522499,0
235,3.9167,0.0,0.0153,0.3394,-0.0153,0.854912,0.518773,0
236,3.9333,0.0,0.0132,0.3262,-0.0132,0.857167,0.515038,0
237,3.95,0.0,0.0154,0.3108,-0.0154,0.859406,0.511293,0
238,3.9667,0.0,0.013,0.2978,-0.013,0.861629,0.507538,0
239,3.9833,0.0,0.0146,0.2832,-0.0146,0.863836,0.503774,0
240,4.0,0.0,0.0168,0.2664,-0.0168,0.866025,0.5,0
241,4.0167,0.0,0.0179,0.2485,-0.0179,0.868199,0.496217,0
242,4.0333,0.0,0.0152,0.2333,-0.0152,0.870356,0.492424,0
243,4.05,0.0,0.0145,0.2188,-0.0145,0.872496,0.488621,0
244,4.0667,0.0,0.017,0.2018,-0.017,0.87462,0.48481,0
245,4.0833,0.0,0.0149,0.1869,-0.0149,0.876727,0.480989,0
246,4.1,0.0,0.0145,0.1724,-0.0145,0.878817,0.477159,0
247,4.1167,0.0,0.0148,0.1576,-0.0148,0.880891,0.47332,0
248,4.1333,0.0,0.0095,0.1481,-0.0095,0.882948,0.469472,0
249,4.15,0.0,0.0154,0.1327,-0.0154,0.884988,0.465615,0
250,4.1667,0.0,0.0115,0.1212,-0.0115,0.887011,0.461749,0
251,4.1833,0.0,0.0144,0.1068,-0.0144,0.889017,0.457874,0
252,4.2,0.0,0.0136,0.0932,-0.0136,0.891007,0.45399,0
253,4.2167,0.0,0.0162,0.077,-0.0162,0.892979,0.450098,0
254,4.2333,0.0,0.017,0.06,-0.017,0.894934,0.446198,0
255,4.25,0.0,0.0171,0.0429,-0.0171,0.896873,0.442289,0
256,4.2667,0.0,0.016,0.0269,-0.016,0.898794,0.438371,0
257,4.2833,0.0,0.0136,0.0133,-0.0136,0.900698,0.434445,0
258,4.3,0.0,0.0171,0.0,-0.0171,0.902585,0.430511,1
259,4.3167,0.0,0.0177,0.0,-0.0177,0.904455,0.426569,1
260,4.3333,0.0,0.0168,0.0,-0.0168,0.906308,0.422618,1
261,4.35,0.0,0.016,0.0,-0.016,0.908143,0.41866,1
262,4.3667,0.0,0.0162,0.0,-0.0162,0.909961,0.414693,1
263,4.3833,0.0,0.0149,0.0,-0.0149,0.911762,0.410719,1
264,4.4,0.0,0.0143,0.0,-0.0143,0.913545,0.406737,1
265,4.4167,0.0,0.0165,0.0,-0.0165,0.915311,0.402747,1
266,4.4333,0.0,0.0138,0.0,-0.0138,0.91706,0.398749,1
267,4.45,0.0,0.0167,0.0,-0.0167,0.918791,0.394744,1
268,4.4667,0.0,0.0173,0.0,-0.0173,0.920505,0.390731,1
269,4.4833,0.0,0.0184,0.0,-0.0184,0.922201,0.386711,1
270,4.5,0.0,0.0182,0.0,-0.0182,0.92388,0.382683,1
271,4.5167,0.0,0.0154,0.0,-0.0154,0.925541,0.378649,1
272,4.5333,0.0,0.0179,0.0,-0.0179,0.927184,0.374607,1
273,4.55,0.0,0.0169,0.0,-0.0169,0.92881,0.370557,1
274,4.5667,0.0,0.0162,0.0,-0.0162,0.930418,0.366501,1
275,4.5833,0.0,0.0136,0.0,-0.0136,0.932008,0.362438,1
276,4.6,0.0,0.0201,0.0,-0.0201,0.93358,0.358368,1
277,4.6167,0.0,0.0106,0.0,-0.0106,0.935135,0.354291,1
278,4.6333,0.0,0.0148,0.0,-0.0148,0.936672,0.350207,1
279,4.65,0.0,0.0154,0.0,-0.0154,0.938191,0.346117,1
280,4.6667,0.0,0.0147,0.0,-0.0147,0.939693,0.34202,1
281,4.6833,0.0,0.0141,0.0,-0.0141,0.941176,0.337917,1
282,4.7,0.0,0.0137,0.0,-0.0137,0.942641,0.333807,1
283,4.7167,0.0,0.0129,0.0,-0.0129,0.944089,0.329691,1
284,4.7333,0.0,0.0183,0.0,-0.0183,0.945519,0.325568,1
285,4.75,0.0,0.0159,0.0,-0.0159,0.94693,0.321439,1
286,4.7667,0.0,0.0178,0.0,-0.0178,0.948324,0.317305,1
287,4.7833,0.0,0.0187,0.0,-0.0187,0.949699,0.313164,1
288,4.8,0.0,0.014,0.0,-0.014,0.951057,0.309017,1
289,4.8167,0.0,0.0191,0.0,-0.0191,0.952396,0.304864,1
290,4.8333,0.0,0.0163,0.0,-0.0163,0.953717,0.300706,1
291,4.85,0.0,0.0154,0.0,-0.0154,0.95502,0.296542,1
292,4.8667,0.0,0.0157,0.0,-0.0157,0.956305,0.292372,1
293,4.8833,0.0,0.0165,0.0,-0.0165,0.957571,0.288196,1
294,4.9,0.0,0.0188,0.0,-0.0188,0.95882,0.284015,1
295,4.9167,0.0,0.0154,0.0,-0.0154,0.96005,0.279829,1
296,4.9333,0.0,0.0163,0.0,-0.0163,0.961262,0.275637,1
297,4.95,0.0,0.0199,0.0,-0.0199,0.962455,0.27144,1
298,4.9667,0.0,0.014,0.0,-0.014,0.96363,0.267238,1
299,4.9833,0.0,0.0161,0.0,-0.0161,0.964787,0.263031,1
300,5.0,0.0,0.0163,0.0,-0.0163,0.965926,0.258819,1
301,5.0167,0.0,0.0184,0.0,-0.0184,0.967046,0.254602,1
302,5.0333,0.0,0.0165,0.0,-0.0165,0.968148,0.25038,1
303,5.05,0.0,0.0133,0.0,-0.0133,0.969231,0.246153,1
304,5.0667,0.0,0.0176,0.0,-0.0176,0.970296,0.241922,1
305,5.0833,0.0,0.0168,0.0,-0.0168,0.971342,0.237686,1
306,5.1,0.0,0.0178,0.0,-0.0178,0.97237,0.233445,1
307,5.1167,0.0,0.0135,0.0,-0.0135,0.973379,0.2292,1
308,5.1333,0.0,0.0161,0.0,-0.0161,0.97437,0.224951,1
309,5.15,0.0,0.0154,0.0,-0.0154,0.975342,0.220697,1
310,5.1667,0.0,0.019,0.0,-0.019,0.976296,0.21644,1
311,5.1833,0.0,0.0134,0.0,-0.0134,0.977231,0.212178,1
312,5.2,0.0,0.0146,0.0,-0.0146,0.978148,0.207912,1
313,5.2167,0.0,0.0125,0.0,-0.0125,0.979045,0.203642,1
314,5.2333,0.0,0.0164,0.0,-0.0164,0.979925,0.199368,1
315,5.25,0.0,0.0149,0.0,-0.0149,0.980785,0.19509,1
316,5.2667,0.0,0.0155,0.0,-0.0155,0.981627,0.190809,1
317,5.2833,0.0,0.0171,0.0,-0.0171,0.98245,0.186524,1
318,5.3,0.0,0.0106,0.0,-0.0106,0.983255,0.182236,1
319,5.3167,0.0,0.0166,0.0,-0.0166,0.984041,0.177944,1
320,5.3333,0.0,0.0137,0.0,-0.0137,0.984808,0.173648,1
321,5.35,0.0,0.016,0.0,-0.016,0.985556,0.16935,1
322,5.3667,0.0,0.0138,0.0,-0.0138,0.986286,0.165048,1
323,5.3833,0.0,0.0155,0.0,-0.0155,0.986996,0.160743,1
324,5.4,0.0,0.0175,0.0,-0.0175,0.987688,0.156434,1
325,5.4167,0.0,0.0147,0.0,-0.0147,0.988362,0.152123,1
326,5.4333,0.0,0.0178,0.0,-0.0178,0.989016,0.147809,1
327,5.45,0.0,0.0139,0.0,-0.0139,0.989651,0.143493,1
328,5.4667,0.0,0.0162,0.0,-0.0162,0.990268,0.139173,1
329,5.4833,0.0,0.0152,0.0,-0.0152,0.990866,0.134851,1
330,5.5,0.0,0.0153,0.0,-0.0153,0.991445,0.130526,1
331,5.5167,0.0,0.0144,0.0,-0.0144,0.992005,0.126199,1
332,5.5333,0.0,0.0535,0.0,-0.0535,0.992546,0.121869,1
333,5.55,0.0,0.0519,0.0,-0.0519,0.993068,0.117537,1
334,5.5667,0.0,0.0554,0.0,-0.0554,0.993572,0.113203,1
335,5.5833,0.0,0.0542,0.0,-0.0542,0.994056,0.108867,1
336,5.6,0.0,0.0565,0.0,-0.0565,0.994522,0.104528,1
337,5.6167,0.0,0.0556,0.0,-0.0556,0.994969,0.100188,1
338,5.6333,0.0,0.056,0.0,-0.056,0.995396,0.095846,1
339,5.65,0.0,0.0581,0.0,-0.0581,0.995805,0.091502,1
340,5.6667,0.0,0.0565,0.0,-0.0565,0.996195,0.087156,1
341,5.6833,0.0,0.0539,0.0,-0.0539,0.996566,0.082808,1
342,5.7,0.0,0.0582,0.0,-0.0582,0.996917,0.078459,1
343,5.7167,0.0,0.0526,0.0,-0.0526,0.99725,0.074108,1
344,5.7333,0.0,0.0578,0.0,-0.0578,0.997564,0.069756,1
345,5.75,0.0,0.0571,0.0,-0.0571,0.997859,0.065403,1
346,5.7667,0.0,0.0558,0.0,-0.0558,0.998135,0.061049,1
347,5.7833,0.0,0.0546,0.0,-0.0546,0.998392,0.056693,1
348,5.8,0.0,0.0551,0.0,-0.0551,0.99863,0.052336,1
349,5.8167,0.0,0.0606,0.0,-0.0606,0.998848,0.047978,1
350,5.8333,0.0,0.0581,0.0,-0.0581,0.999048,0.043619,1
351,5.85,0.0,0.0546,0.0,-0.0546,0.999229,0.03926,1
352,5.8667,0.0,0.054,0.0,-0.054,0.999391,0.034899,1
353,5.8833,0.0,0.0579,0.0,-0.0579,0.999534,0.030539,1
354,5.9,0.0,0.0545,0.0,-0.0545,0.999657,0.026177,1
355,5.9167,0.0,0.0571,0.0,-0.0571,0.999762,0.021815,1
356,5.9333,0.0,0.0563,0.0,-0.0563,0.999848,0.017452,1
357,5.95,0.0,0.0558,0.0,-0.0558,0.999914,0.01309,1
358,5.9667,0.0,0.0591,0.0,-0.0591,0.999962,0.008727,1
359,5.9833,0.0,0.054,0.0,-0.054,0.99999,0.004363,1
360,6.0,0.001517,0.0689,0.0,-0.067383,1.0,0.0,1
361,6.0167,0.00175,0.0684,0.0,-0.06665,0.99999,-0.004363,1
362,6.0333,0.0,0.0697,0.0,-0.0697,0.999962,-0.008727,1
363,6.05,0.00615,0.0673,0.0,-0.06115,0.999914,-0.01309,1
364,6.0667,0.002483,0.0722,0.0,-0.069717,0.999848,-0.017452,1
365,6.0833,0.00275,0.0676,0.0,-0.06485,0.999762,-0.021815,1
366,6.1,0.005717,0.0721,0.0,-0.066383,0.999657,-0.026177,1
367,6.1167,0.004233,0.0684,0.0,-0.064167,0.999534,-0.030539,1
368,6.1333,0.00455,0.0709,0.0,-0.06635,0.999391,-0.034899,1
369,6.15,0.003783,0.0698,0.0,-0.066017,0.999229,-0.03926,1
370,6.1667,0.005,0.0653,0.0,-0.0603,0.999048,-0.043619,1
371,6.1833,0.00575,0.0675,0.0,-0.06175,0.998848,-0.047978,1
372,6.2,0.003617,0.0697,0.0,-0.066083,0.99863,-0.052336,1
373,6.2167,0.009483,0.0692,0.0,-0.059717,0.998392,-0.056693,1
374,6.2333,0.005817,0.0687,0.0,-0.062883,0.998135,-0.061049,1
375,6.25,0.01,0.0674,0.0,-0.0574,0.997859,-0.065403,1
376,6.2667,0.0145,0.0687,0.0,-0.0542,0.997564,-0.069756,1
377,6.2833,0.007767,0.0697,0.0,-0.061933,0.99725,-0.074108,1
378,6.3,0.008767,0.0682,0.0,-0.059433,0.996917,-0.078459,1
379,6.3167,0.0138,0.0696,0.0,-0.0558,0.996566,-0.082808,1
380,6.3333,0.01335,0.0683,0.0,-0.05495,0.996195,-0.087156,1
381,6.35,0.014917,0.0677,0.0,-0.052783,0.995805,-0.091502,1
382,6.3667,0.0161,0.0696,0.0,-0.0535,0.995396,-0.095846,1
383,6.3833,0.015217,0.0685,0.0,-0.053283,0.994969,-0.100188,1
384,6.4,0.020383,0.0658,0.0,-0.045417,0.994522,-0.104528,1
385,6.4167,0.018133,0.0694,0.0,-0.051267,0.994056,-0.108867,1
386,6.4333,0.018833,0.0708,0.0,-0.051967,0.993572,-0.113203,1
387,6.45,0.01195,0.0679,0.0,-0.05595,0.993068,-0.117537,1
388,6.4667,0.01865,0.0688,0.0,-0.05015,0.992546,-0.121869,1
389,6.4833,0.017867,0.0713,0.0,-0.053433,0.992005,-0.126199,1
390,6.5,0.017367,0.0697,0.0,-0.052333,0.991445,-0.130526,1
391,6.5167,0.020117,0.0701,0.0,-0.049983,0.990866,-0.134851,1
392,6.5333,0.023883,0.0732,0.0,-0.049317,0.990268,-0.139173,1
393,6.55,0.02325,0.0711,0.0,-0.04785,0.989651,-0.143493,1
394,6.5667,0.029117,0.0667,0.0,-0.037583,0.989016,-0.147809,1
395,6.5833,0.018917,0.0707,0.0,-0.051783,0.988362,-0.152123,1
396,6.6,0.026017,0.0676,0.0,-0.041583,0.987688,-0.156434,1
397,6.6167,0.025483,0.0662,0.0,-0.040717,0.986996,-0.160743,1
398,6.6333,0.024417,0.0695,0.0,-0.045083,0.986286,-0.165048,1
399,6.65,0.024817,0.0285,0.0,-0.003683,0.985556,-0.16935,1
400,6.6667,0.021867,0.0299,0.0,-0.008033,0.984808,-0.173648,1
401,6.6833,0.023167,0.0279,0.0,-0.004733,0.984041,-0.177944,1
402,6.7,0.028383,0.0304,0.0,-0.002017,0.983255,-0.182236,1
403,6.7167,0.027367,0.028,0.0,-0.000633,0.98245,-0.186524,1
404,6.7333,0.028083,0.0269,0.0012,0.001183,0.981627,-0.190809,0
405,6.75,0.024567,0.0272,0.0,-0.002633,0.980785,-0.19509,1
406,6.7667,0.027483,0.0283,0.0,-0.000817,0.979925,-0.199368,1
407,6.7833,0.03095,0.0286,0.0023,0.00235,0.979045,-0.203642,0
408,6.8,0.028283,0.0297,0.0009,-0.001417,0.978148,-0.207912,0
409,6.8167,0.03015,0.027,0.0041,0.00315,0.977231,-0.212178,0
410,6.8333,0.031883,0.0289,0.0071,0.002983,0.976296,-0.21644,0
411,6.85,0.030167,0.0302,0.0071,-3.3e-05,0.975342,-0.220697,0
412,6.8667,0.036633,0.0267,0.017,0.009933,0.97437,-0.224951,0
413,6.8833,0.03515,0.0261,0.0261,0.00905,0.973379,-0.2292,0
414,6.9,0.033383,0.0259,0.0336,0.007483,0.97237,-0.233445,0
415,6.9167,0.033867,0.0292,0.0383,0.004667,0.971342,-0.237686,0
416,6.9333,0.039867,0.0286,0.0496,0.011267,0.970296,-0.241922,0
417,6.95,0.033317,0.0299,0.053,0.003417,0.969231,-0.246153,0
418,6.9667,0.039233,0.0274,0.0648,0.011833,0.968148,-0.25038,0
419,6.9833,0.039017,0.0251,0.0787,0.013917,0.967046,-0.254602,0
420,7.0,0.037633,0.0548,0.0615,-0.017167,0.965926,-0.258819,0
421,7.0167,0.0363,0.0495,0.0483,-0.0132,0.964787,-0.263031,0
422,7.0333,0.037167,0.0547,0.0308,-0.017533,0.96363,-0.267238,0
423,7.05,0.03885,0.053,0.0167,-0.01415,0.962455,-0.27144,0
424,7.0667,0.044867,0.0538,0.0078,-0.008933,0.961262,-0.275637,0
425,7.0833,0.043033,0.0528,0.0,-0.009767,0.96005,-0.279829,1
426,7.1,0.04595,0.0526,0.0,-0.00665,0.95882,-0.284015,1
427,7.1167,0.043567,0.0524,0.0,-0.008833,0.957571,-0.288196,1
428,7.1333,0.04625,0.0531,0.0,-0.00685,0.956305,-0.292372,1
429,7.15,0.04245,0.0549,0.0,-0.01245,0.95502,-0.296542,1
430,7.1667,0.046067,0.0507,0.0,-0.004633,0.953717,-0.300706,1
431,7.1833,0.046283,0.0507,0.0,-0.004417,0.952396,-0.304864,1
432,7.2,0.049333,0.0487,0.0006,0.000633,0.951057,-0.309017,0
433,7.2167,0.043883,0.0486,0.0,-0.004717,0.949699,-0.313164,1
434,7.2333,0.049583,0.0518,0.0,-0.002217,0.948324,-0.317305,1
435,7.25,0.0445,0.0509,0.0,-0.0064,0.94693,-0.321439,1
436,7.2667,0.0455,0.0485,0.0,-0.003,0.945519,-0.325568,1
437,7.2833,0.0503,0.0567,0.0,-0.0064,0.944089,-0.329691,1
438,7.3,0.0478,0.0512,0.0,-0.0034,0.942641,-0.333807,1
439,7.3167,0.0504,0.0524,0.0,-0.002,0.941176,-0.337917,1
440,7.3333,0.053533,0.0488,0.0047,0.004733,0.939693,-0.34202,0
441,7.35,0.0533,0.0488,0.0092,0.0045,0.938191,-0.346117,0
442,7.3667,0.054233,0.0516,0.0118,0.002633,0.936672,-0.350207,0
443,7.3833,0.0513,0.1245,0.0,-0.0732,0.935135,-0.354291,1
444,7.4,0.05425,0.1214,0.0,-0.06715,0.93358,-0.358368,1
445,7.4167,0.052367,0.1197,0.0,-0.067333,0.932008,-0.362438,1
446,7.4333,0.0532,0.1208,0.0,-0.0676,0.930418,-0.366501,1
447,7.45,0.054067,0.1233,0.0,-0.069233,0.92881,-0.370557,1
448,7.4667,0.058833,0.1189,0.0,-0.060067,0.927184,-0.374607,1
449,7.4833,0.057717,0.1214,0.0,-0.063683,0.925541,-0.378649,1
450,7.5,0.058,0.1242,0.0,-0.0662,0.92388,-0.382683,1
451,7.5167,0.056967,0.1232,0.0,-0.066233,0.922201,-0.386711,1
452,7.5333,0.06095,0.1221,0.0,-0.06115,0.920505,-0.390731,1
453,7.55,0.05885,0.1241,0.0,-0.06525,0.918791,-0.394744,1
454,7.5667,0.058717,0.1228,0.0,-0.064083,0.91706,-0.398749,1
455,7.5833,0.05735,0.1251,0.0,-0.06775,0.915311,-0.402747,1
456,7.6,0.062733,0.1234,0.0,-0.060667,0.913545,-0.406737,1
457,7.6167,0.061917,0.125,0.0,-0.063083,0.911762,-0.410719,1
458,7.6333,0.060917,0.1232,0.0,-0.062283,0.909961,-0.414693,1
459,7.65,0.062417,0.1221,0.0,-0.059683,0.908143,-0.41866,1
460,7.6667,0.06195,0.121,0.0,-0.05905,0.906308,-0.422618,1
461,7.6833,0.0641,0.1217,0.0,-0.0576,0.904455,-0.426569,1
462,7.7,0.066517,0.1237,0.0,-0.057183,0.902585,-0.430511,1
463,7.7167,0.064067,0.1225,0.0,-0.058433,0.900698,-0.434445,1
464,7.7333,0.062767,0.1266,0.0,-0.063833,0.898794,-0.438371,1
465,7.75,0.06695,0.1228,0.0,-0.05585,0.896873,-0.442289,1
466,7.7667,0.06885,0.1247,0.0,-0.05585,0.894934,-0.446198,1
467,7.7833,0.067367,0.1211,0.0,-0.053733,0.892979,-0.450098,1
468,7.8,0.067683,0.1248,0.0,-0.057117,0.891007,-0.45399,1
469,7.8167,0.070267,0.1196,0.0,-0.049333,0.889017,-0.457874,1
470,7.8333,0.067667,0.1264,0.0,-0.058733,0.887011,-0.461749,1
471,7.85,0.068267,0.1245,0.0,-0.056233,0.884988,-0.465615,1
472,7.8667,0.071733,0.1257,0.0,-0.053967,0.882948,-0.469472,1
473,7.8833,0.067617,0.1233,0.0,-0.055683,0.880891,-0.47332,1
474,7.9,0.06715,0.1261,0.0,-0.05895,0.878817,-0.477159,1
475,7.9167,0.069033,0.1169,0.0,-0.047867,0.876727,-0.480989,1
476,7.9333,0.0756,0.1235,0.0,-0.0479,0.87462,-0.48481,1
477,7.95,0.072683,0.1203,0.0,-0.047617,0.872496,-0.488621,1
478,7.9667,0.074267,0.1205,0.0,-0.046233,0.870356,-0.492424,1
479,7.9833,0.071167,0.1255,0.0,-0.054333,0.868199,-0.496217,1
480,8.0,0.076183,0.1216,0.0,-0.045417,0.866025,-0.5,1
481,8.0167,0.0765,0.1241,0.0,-0.0476,0.863836,-0.503774,1
482,8.0333,0.073017,0.1227,0.0,-0.049683,0.861629,-0.507538,1
483,8.05,0.078117,0.1214,0.0,-0.043283,0.859406,-0.511293,1
484,8.0667,0.078783,0.1205,0.0,-0.041717,0.857167,-0.515038,1
485,8.0833,0.078317,0.1208,0.0,-0.042483,0.854912,-0.518773,1
486,8.1,0.07885,0.1209,0.0,-0.04205,0.85264,-0.522499,1
487,8.1167,0.081817,0.1242,0.0,-0.042383,0.850352,-0.526214,1
488,8.1333,0.078117,0.1234,0.0,-0.045283,0.848048,-0.529919,1
489,8.15,0.080767,0.1245,0.0,-0.043733,0.845728,-0.533615,1
490,8.1667,0.083633,0.1226,0.0,-0.038967,0.843391,-0.5373,1
491,8.1833,0.085433,0.1251,0.0,-0.039667,0.841039,-0.540974,1
492,8.2,0.07725,0.1219,0.0,-0.04465,0.838671,-0.544639,1
493,8.2167,0.07945,0.1244,0.0,-0.04495,0.836286,-0.548293,1
494,8.2333,0.087583,0.1233,0.0,-0.035717,0.833886,-0.551937,1
495,8.25,0.082367,0.1215,0.0,-0.039133,0.83147,-0.55557,1
496,8.2667,0.078717,0.1228,0.0,-0.044083,0.829038,-0.559193,1
497,8.2833,0.087067,0.1215,0.0,-0.034433,0.82659,-0.562805,1
498,8.3,0.085983,0.1218,0.0,-0.035817,0.824126,-0.566406,1
499,8.3167,0.0799,0.1233,0.0,-0.0434,0.821647,-0.569997,1
500,8.3333,0.086567,0.1226,0.0,-0.036033,0.819152,-0.573576,1
501,8.35,0.086117,0.1228,0.0,-0.036683,0.816642,-0.577145,1
502,8.3667,0.090017,0.1216,0.0,-0.031583,0.814116,-0.580703,1
503,8.3833,0.08975,0.123,0.0,-0.03325,0.811574,-0.58425,1
504,8.4,0.0917,0.1232,0.0,-0.0315,0.809017,-0.587785,1
505,8.4167,0.091033,0.1252,0.0,-0.034167,0.806445,-0.59131,1
506,8.4333,0.0904,0.1212,0.0,-0.0308,0.803857,-0.594823,1
507,8.45,0.0893,0.1279,0.0,-0.0386,0.801254,-0.598325,1
508,8.4667,0.089367,0.0502,0.0392,0.039167,0.798636,-0.601815,0
509,8.4833,0.0899,0.0535,0.0756,0.0364,0.796002,-0.605294,0
510,8.5,0.09055,0.0516,0.1146,0.03895,0.793353,-0.608761,0
511,8.5167,0.091283,0.0539,0.152,0.037383,0.79069,-0.612217,0
512,8.5333,0.093,0.0553,0.1897,0.0377,0.788011,-0.615661,0
513,8.55,0.09195,0.0511,0.2306,0.04085,0.785317,-0.619094,0
514,8.5667,0.092483,0.0514,0.2717,0.041083,0.782608,-0.622515,0
515,8.5833,0.094733,0.0486,0.3178,0.046133,0.779884,-0.625923,0
516,8.6,0.096367,0.0511,0.3631,0.045267,0.777146,-0.62932,0
517,8.6167,0.098267,0.0537,0.4077,0.044567,0.774393,-0.632705,0
518,8.6333,0.09485,0.0517,0.4509,0.04315,0.771625,-0.636078,0
519,8.65,0.094617,0.0509,0.4946,0.043717,0.768842,-0.639439,0
520,8.6667,0.09495,0.0491,0.5404,0.04585,0.766044,-0.642788,0
521,8.6833,0.09475,0.0493,0.5858,0.04545,0.763232,-0.646124,0
522,8.7,0.096233,0.0529,0.6291,0.043333,0.760406,-0.649448,0
523,8.7167,0.0951,0.0537,0.6705,0.0414,0.757565,-0.65276,0
524,8.7333,0.09525,0.0517,0.714,0.04355,0.75471,-0.656059,0
525,8.75,0.098433,0.053,0.7594,0.045433,0.75184,-0.659346,0
526,8.7667,0.100833,0.0527,0.8075,0.048133,0.748956,-0.66262,0
527,8.7833,0.096783,0.0515,0.8528,0.045283,0.746057,-0.665882,0
528,8.8,0.092483,0.0498,0.8955,0.042683,0.743145,-0.669131,0
529,8.8167,0.095967,0.0514,0.9401,0.044567,0.740218,-0.672367,0
530,8.8333,0.102617,0.0521,0.9906,0.050517,0.737277,-0.67559,0
531,8.85,0.104717,0.0557,1.0396,0.049017,0.734323,-0.678801,0
532,8.8667,0.10065,0.0554,1.0849,0.04525,0.731354,-0.681998,0
533,8.8833,0.1027,0.0526,1.135,0.0501,0.728371,-0.685183,0
534,8.9,0.101133,0.053,1.1831,0.048133,0.725374,-0.688355,0
535,8.9167,0.106767,0.0526,1.2373,0.054167,0.722364,-0.691513,0
536,8.9333,0.104133,0.0489,1.2925,0.055233,0.71934,-0.694658,0
537,8.95,0.108867,0.0519,1.3495,0.056967,0.716302,-0.69779,0
538,8.9667,0.104933,0.0528,1.4016,0.052133,0.71325,-0.700909,0
539,8.9833,0.108167,0.0529,1.4569,0.055267,0.710185,-0.704015,0
540,9.0,0.1107,0.0338,1.5338,0.0769,0.707107,-0.707107,0
541,9.0167,0.105167,0.0288,1.6102,0.076367,0.704015,-0.710185,0
542,9.0333,0.11105,0.0276,1.6937,0.08345,0.700909,-0.71325,0
543,9.05,0.1089,0.0296,1.773,0.0793,0.69779,-0.716302,0
544,9.0667,0.106717,0.0308,1.8489,0.075917,0.694658,-0.71934,0
545,9.0833,0.10535,0.0309,1.9234,0.07445,0.691513,-0.722364,0
546,9.1,0.10955,0.028,2.005,0.08155,0.688355,-0.725374,0
547,9.1167,0.115783,0.0289,2.0919,0.086883,0.685183,-0.728371,0
548,9.1333,0.109333,0.0296,2.1716,0.079733,0.681998,-0.731354,0
549,9.15,0.106783,0.0282,2.2502,0.078583,0.678801,-0.734323,0
550,9.1667,0.110033,0.0254,2.3348,0.084633,0.67559,-0.737277,0
551,9.1833,0.1132,0.027,2.421,0.0862,0.672367,-0.740218,0
552,9.2,0.110617,0.0303,2.5013,0.080317,0.669131,-0.743145,0
553,9.2167,0.115867,0.0272,2.59,0.088667,0.665882,-0.746057,0
554,9.2333,0.114717,0.0287,2.676,0.086017,0.66262,-0.748956,0
555,9.25,0.10945,0.0299,2.7555,0.07955,0.659346,-0.75184,0
556,9.2667,0.116467,0.028,2.844,0.088467,0.656059,-0.75471,0
557,9.2833,0.109017,0.0242,2.9288,0.084817,0.65276,-0.757565,0
558,9.3,0.11605,0.0276,3.0172,0.08845,0.649448,-0.760406,0
559,9.3167,0.118467,0.0298,3.1059,0.088667,0.646124,-0.763232,0
560,9.3333,0.11265,0.0276,3.1909,0.08505,0.642788,-0.766044,0
561,9.35,0.115517,0.0279,3.2785,0.087617,0.639439,-0.768842,0
562,9.3667,0.11735,0.0282,3.3677,0.08915,0.636078,-0.771625,0
563,9.3833,0.11345,0.0339,3.4472,0.07955,0.632705,-0.774393,0
564,9.4,0.118417,0.0302,3.5354,0.088217,0.62932,-0.777146,0
565,9.4167,0.117033,0.0283,3.6241,0.088733,0.625923,-0.779884,0
566,9.4333,0.117883,0.0262,3.7158,0.091683,0.622515,-0.782608,0
567,9.45,0.116733,0.0262,3.8063,0.090533,0.619094,-0.785317,0
568,9.4667,0.12155,0.0285,3.8993,0.09305,0.615661,-0.788011,0
569,9.4833,0.1143,0.0325,3.9811,0.0818,0.612217,-0.79069,0
570,9.5,0.121567,0.0269,4.0758,0.094667,0.608761,-0.793353,0
571,9.5167,0.120017,0.029,4.1668,0.091017,0.605294,-0.796002,0
572,9.5333,0.118033,0.0263,4.2585,0.091733,0.601815,-0.798636,0
573,9.55,0.116967,0.0273,4.3482,0.089667,0.598325,-0.801254,0
574,9.5667,0.126117,0.0324,4.4419,0.093717,0.594823,-0.803857,0
575,9.5833,0.121267,0.0281,4.5351,0.093167,0.59131,-0.806445,0
576,9.6,0.122767,0.0304,4.6275,0.092367,0.587785,-0.809017,0
577,9.6167,0.126017,0.0299,4.7236,0.096117,0.58425,-0.811574,0
578,9.6333,0.120217,0.0256,4.8182,0.094617,0.580703,-0.814116,0
579,9.65,0.1246,0.0239,4.9189,0.1007,0.577145,-0.816642,0
580,9.6667,0.119983,0.0284,5.0105,0.091583,0.573576,-0.819152,0
581,9.6833,0.124017,0.025,5.1095,0.099017,0.569997,-0.821647,0
582,9.7,0.128983,0.0283,5.2102,0.100683,0.566406,-0.824126,0
583,9.7167,0.1218,0.0295,5.3025,0.0923,0.562805,-0.82659,0
584,9.7333,0.125817,0.0305,5.3978,0.095317,0.559193,-0.829038,0
585,9.75,0.122617,0.0291,5.4913,0.093517,0.55557,-0.83147,0
586,9.7667,0.125983,0.0271,5.5902,0.098883,0.551937,-0.833886,0
587,9.7833,0.128067,0.0301,5.6882,0.097967,0.548293,-0.836286,0
588,9.8,0.12915,0.0289,5.7885,0.10025,0.544639,-0.838671,0
589,9.8167,0.1256,0.0271,5.887,0.0985,0.540974,-0.841039,0
590,9.8333,0.123633,0.0323,5.9783,0.091333,0.5373,-0.843391,0
591,9.85,0.126183,0.03,6.0745,0.096183,0.533615,-0.845728,0
592,9.8667,0.128267,0.0309,6.1719,0.097367,0.529919,-0.848048,0
593,9.8833,0.129683,0.0292,6.2724,0.100483,0.526214,-0.850352,0
594,9.9,0.121717,0.0289,6.3652,0.092817,0.522499,-0.85264,0
595,9.9167,0.132217,0.0286,6.4688,0.103617,0.518773,-0.854912,0
596,9.9333,0.125267,0.0265,6.5676,0.098767,0.515038,-0.857167,0
597,9.95,0.1291,0.0339,6.6628,0.0952,0.511293,-0.859406,0
598,9.9667,0.129833,0.0299,6.7627,0.099933,0.507538,-0.861629,0
599,9.9833,0.131067,0.0263,6.8675,0.104767,0.503774,-0.863836,0
600,10.0,0.127567,0.0298,6.9653,0.097767,0.5,-0.866025,0
601,10.0167,0.133633,0.0275,7.0714,0.106133,0.496217,-0.868199,0
602,10.0333,0.1317,0.0275,7.1756,0.1042,0.492424,-0.870356,0
603,10.05,0.1339,0.0316,7.2779,0.1023,0.488621,-0.872496,0
604,10.0667,0.131833,0.0294,7.3803,0.102433,0.48481,-0.87462,0
605,10.0833,0.134633,0.0287,7.4862,0.105933,0.480989,-0.876727,0
606,10.1,0.134483,0.0276,7.5931,0.106883,0.477159,-0.878817,0
607,10.1167,0.131933,0.0318,7.6932,0.100133,0.47332,-0.880891,0
608,10.1333,0.131283,0.0294,7.7951,0.101883,0.469472,-0.882948,0
609,10.15,0.13045,0.0271,7.8984,0.10335,0.465615,-0.884988,0
610,10.1667,0.131583,0.0279,8.0021,0.103683,0.461749,-0.887011,0
611,10.1833,0.134217,0.0312,8.1051,0.103017,0.457874,-0.889017,0
612,10.2,0.1323,0.0321,8.2053,0.1002,0.45399,-0.891007,0
613,10.2167,0.130383,0.0278,8.3079,0.102583,0.450098,-0.892979,0
614,10.2333,0.13575,0.029,8.4146,0.10675,0.446198,-0.894934,0
615,10.25,0.135617,0.0274,8.5228,0.108217,0.442289,-0.896873,0
616,10.2667,0.135217,0.0281,8.6299,0.107117,0.438371,-0.898794,0
617,10.2833,0.13495,0.0314,8.7334,0.10355,0.434445,-0.900698,0
618,10.3,0.133233,0.0295,8.8371,0.103733,0.430511,-0.902585,0
619,10.3167,0.14155,0.0274,8.9512,0.11415,0.426569,-0.904455,0
620,10.3333,0.13425,0.0294,9.056,0.10485,0.422618,-0.906308,0
621,10.35,0.133633,0.0268,9.1628,0.106833,0.41866,-0.908143,0
622,10.3667,0.13495,0.0284,9.2694,0.10655,0.414693,-0.909961,0
623,10.3833,0.132517,0.0304,9.3715,0.102117,0.410719,-0.911762,0
624,10.4,0.142867,0.029,9.4854,0.113867,0.406737,-0.913545,0
625,10.4167,0.134867,0.0285,9.5918,0.106367,0.402747,-0.915311,0
626,10.4333,0.137883,0.0287,9.701,0.109183,0.398749,-0.91706,0
627,10.45,0.13645,0.0243,9.8132,0.11215,0.394744,-0.918791,0
628,10.4667,0.135117,0.0317,9.9166,0.103417,0.390731,-0.920505,0
629,10.4833,0.1413,0.0265,10.0314,0.1148,0.386711,-0.922201,0
630,10.5,0.13635,0.028,10.1397,0.10835,0.382683,-0.92388,0
631,10.5167,0.140717,0.0261,10.2543,0.114617,0.378649,-0.925541,0
632,10.5333,0.1403,0.0276,10.367,0.1127,0.374607,-0.927184,0
633,10.55,0.13595,0.0285,10.4745,0.10745,0.370557,-0.92881,0
634,10.5667,0.137333,0.03,10.5818,0.107333,0.366501,-0.930418,0
635,10.5833,0.13995,0.0293,10.6925,0.11065,0.362438,-0.932008,0
636,10.6,0.140633,0.0285,10.8046,0.112133,0.358368,-0.93358,0
637,10.6167,0.139883,0.0301,10.9144,0.109783,0.354291,-0.935135,0
638,10.6333,0.144733,0.0264,11.0327,0.118333,0.350207,-0.936672,0
639,10.65,0.145133,0.0318,11.146,0.113333,0.346117,-0.938191,0
640,10.6667,0.1386,0.0254,11.2592,0.1132,0.34202,-0.939693,0
641,10.6833,0.140983,0.028,11.3722,0.112983,0.337917,-0.941176,0
642,10.7,0.140083,0.0936,11.4187,0.046483,0.333807,-0.942641,0
643,10.7167,0.144483,0.095,11.4682,0.049483,0.329691,-0.944089,0
644,10.7333,0.142067,0.0942,11.5161,0.047867,0.325568,-0.945519,0
645,10.75,0.141383,0.0915,11.566,0.049883,0.321439,-0.94693,0
646,10.7667,0.1428,0.0946,11.6142,0.0482,0.317305,-0.948324,0
647,10.7833,0.142367,0.0929,11.6637,0.049467,0.313164,-0.949699,0
648,10.8,0.1424,0.0957,11.7104,0.0467,0.309017,-0.951057,0
649,10.8167,0.139183,0.0982,11.7514,0.040983,0.304864,-0.952396,0
650,10.8333,0.141083,0.0964,11.7961,0.044683,0.300706,-0.953717,0
651,10.85,0.14475,0.0937,11.8471,0.05105,0.296542,-0.95502,0
652,10.8667,0.138517,0.0959,11.8897,0.042617,0.292372,-0.956305,0
653,10.8833,0.144083,0.0922,11.9416,0.051883,0.288196,-0.957571,0
654,10.9,0.145617,0.0975,11.9897,0.048117,0.284015,-0.95882,0
655,10.9167,0.144983,0.0913,12.0434,0.053683,0.279829,-0.96005,0
656,10.9333,0.139817,0.0933,12.0899,0.046517,0.275637,-0.961262,0
657,10.95,0.1491,0.0964,12.1426,0.0527,0.27144,-0.962455,0
658,10.9667,0.148767,0.0955,12.1959,0.053267,0.267238,-0.96363,0
659,10.9833,0.14365,0.0962,12.2433,0.04745,0.263031,-0.964787,0
660,11.0,0.138117,0.0931,12.2883,0.045017,0.258819,-0.965926,0
661,11.0167,0.145333,0.0898,12.3438,0.055533,0.254602,-0.967046,0
662,11.0333,0.1438,0.0952,12.3924,0.0486,0.25038,-0.968148,0
663,11.05,0.141417,0.0909,12.4429,0.050517,0.246153,-0.969231,0
664,11.0667,0.145483,0.09,12.4984,0.055483,0.241922,-0.970296,0
665,11.0833,0.1476,0.0915,12.5545,0.0561,0.237686,-0.971342,0
666,11.1,0.145683,0.0931,12.6071,0.052583,0.233445,-0.97237,0
667,11.1167,0.145083,0.0953,12.6569,0.049783,0.2292,-0.973379,0
668,11.1333,0.147517,0.0939,12.7105,0.053617,0.224951,-0.97437,0
669,11.15,0.147483,0.0922,12.7658,0.055283,0.220697,-0.975342,0
670,11.1667,0.145217,0.0937,12.8173,0.051517,0.21644,-0.976296,0
671,11.1833,0.14575,0.0951,12.8679,0.05065,0.212178,-0.977231,0
672,11.2,0.143283,0.0931,12.9181,0.050183,0.207912,-0.978148,0
673,11.2167,0.149567,0.0943,12.9734,0.055267,0.203642,-0.979045,0
674,11.2333,0.149017,0.0926,13.0298,0.056417,0.199368,-0.979925,0
675,11.25,0.148383,0.0934,13.0848,0.054983,0.19509,-0.980785,0
676,11.2667,0.1486,0.0948,13.1386,0.0538,0.190809,-0.981627,0
677,11.2833,0.1499,0.0912,13.1973,0.0587,0.186524,-0.98245,0
678,11.3,0.148267,0.0946,13.251,0.053667,0.182236,-0.983255,0
679,11.3167,0.149,0.0929,13.3071,0.0561,0.177944,-0.984041,0
680,11.3333,0.151467,0.0947,13.3639,0.056767,0.173648,-0.984808,0
681,11.35,0.150183,0.0944,13.4197,0.055783,0.16935,-0.985556,0
682,11.3667,0.150867,0.0946,13.476,0.056267,0.165048,-0.986286,0
683,11.3833,0.152433,0.0943,13.5341,0.058133,0.160743,-0.986996,0
684,11.4,0.1524,0.0942,13.5923,0.0582,0.156434,-0.987688,0
685,11.4167,0.153967,0.0951,13.6512,0.058867,0.152123,-0.988362,0
686,11.4333,0.149633,0.0927,13.7081,0.056933,0.147809,-0.989016,0
687,11.45,0.148833,0.092,13.7649,0.056833,0.143493,-0.989651,0
688,11.4667,0.147033,0.0941,13.8178,0.052933,0.139173,-0.990268,0
689,11.4833,0.1529,0.0913,13.8794,0.0616,0.134851,-0.990866,0
690,11.5,0.152667,0.0943,13.9378,0.058367,0.130526,-0.991445,0
691,11.5167,0.14765,0.0946,13.9908,0.05305,0.126199,-0.992005,0
692,11.5333,0.14715,0.0927,14.0452,0.05445,0.121869,-0.992546,0
693,11.55,0.151667,0.0945,14.1024,0.057167,0.117537,-0.993068,0
694,11.5667,0.153267,0.093,14.1627,0.060267,0.113203,-0.993572,0
695,11.5833,0.15155,0.095,14.2192,0.05655,0.108867,-0.994056,0
696,11.6,0.1477,0.0954,14.2715,0.0523,0.104528,-0.994522,0
697,11.6167,0.14615,0.0933,14.3243,0.05285,0.100188,-0.994969,0
698,11.6333,0.14725,0.0925,14.379,0.05475,0.095846,-0.995396,0
699,11.65,0.152567,0.0898,14.4418,0.062767,0.091502,-0.995805,0
700,11.6667,0.152583,0.0948,14.4996,0.057783,0.087156,-0.996195,0
701,11.6833,0.148983,0.0914,14.5572,0.057583,0.082808,-0.996566,0
702,11.7,0.146,0.0945,14.6087,0.0515,0.078459,-0.996917,0
703,11.7167,0.148167,0.0912,14.6657,0.056967,0.074108,-0.99725,0
704,11.7333,0.152267,0.0933,14.7247,0.058967,0.069756,-0.997564,0
705,11.75,0.154433,0.0954,14.7837,0.059033,0.065403,-0.997859,0
706,11.7667,0.148467,0.0952,14.837,0.053267,0.061049,-0.998135,0
707,11.7833,0.145017,0.0957,14.8863,0.049317,0.056693,-0.998392,0
708,11.8,0.1491,0.0981,14.9373,0.051,0.052336,-0.99863,0
709,11.8167,0.14815,0.0931,14.9923,0.05505,0.047978,-0.998848,0
710,11.8333,0.151333,0.0924,15.0,0.058933,0.043619,-0.999048,0
711,11.85,0.15175,0.0915,15.0,0.06025,0.03926,-0.999229,0
712,11.8667,0.150233,0.0888,15.0,0.061433,0.034899,-0.999391,0
713,11.8833,0.149717,0.0292,15.0,0.120517,0.030539,-0.999534,0
714,11.9,0.1509,0.0283,15.0,0.1226,0.026177,-0.999657,0
715,11.9167,0.148517,0.0324,15.0,0.116117,0.021815,-0.999762,0
716,11.9333,0.150617,0.0281,15.0,0.122517,0.017452,-0.999848,0
717,11.95,0.150217,0.031,15.0,0.119217,0.01309,-0.999914,0
718,11.9667,0.149417,0.028,15.0,0.121417,0.008727,-0.999962,0
719,11.9833,0.149033,0.0318,15.0,0.117233,0.004363,-0.99999,0
720,12.0,0.152517,0.0261,15.0,0.126417,0.0,-1.0,0
721,12.0167,0.15025,0.0324,15.0,0.11785,-0.004363,-0.99999,0
722,12.0333,0.15125,0.028,15.0,0.12325,-0.008727,-0.999962,0
723,12.05,0.154883,0.0258,15.0,0.129083,-0.01309,-0.999914,0
724,12.0667,0.151183,0.0254,15.0,0.125783,-0.017452,-0.999848,0
725,12.0833,0.148267,0.0303,15.0,0.117967,-0.021815,-0.999762,0
726,12.1,0.151033,0.0286,15.0,0.122433,-0.026177,-0.999657,0
727,12.1167,0.1526,0.0273,15.0,0.1253,-0.030539,-0.999534,0
728,12.1333,0.1523,0.0286,15.0,0.1237,-0.034899,-0.999391,0
729,12.15,0.151433,0.0295,15.0,0.121933,-0.03926,-0.999229,0
730,12.1667,0.1468,0.0294,15.0,0.1174,-0.043619,-0.999048,0
731,12.1833,0.150817,0.0302,15.0,0.120617,-0.047978,-0.998848,0
732,12.2,0.1504,0.0275,15.0,0.1229,-0.052336,-0.99863,0
733,12.2167,0.146767,0.0275,15.0,0.119267,-0.056693,-0.998392,0
734,12.2333,0.150917,0.0281,15.0,0.122817,-0.061049,-0.998135,0
735,12.25,0.148633,0.0296,15.0,0.119033,-0.065403,-0.997859,0
736,12.2667,0.152067,0.0302,15.0,0.121867,-0.069756,-0.997564,0
737,12.2833,0.151117,0.0281,15.0,0.123017,-0.074108,-0.99725,0
738,12.3,0.149083,0.0249,15.0,0.124183,-0.078459,-0.996917,0
739,12.3167,0.149917,0.0316,15.0,0.118317,-0.082808,-0.996566,0
740,12.3333,0.146183,0.0296,15.0,0.116583,-0.087156,-0.996195,0
741,12.35,0.1524,0.0334,15.0,0.119,-0.091502,-0.995805,0
742,12.3667,0.152217,0.0283,15.0,0.123917,-0.095846,-0.995396,0
743,12.3833,0.146833,0.0272,15.0,0.119633,-0.100188,-0.994969,0
744,12.4,0.150283,0.0301,15.0,0.120183,-0.104528,-0.994522,0
745,12.4167,0.149283,0.0296,15.0,0.119683,-0.108867,-0.994056,0
746,12.4333,0.1523,0.031,15.0,0.1213,-0.113203,-0.993572,0
747,12.45,0.148433,0.0296,15.0,0.118833,-0.117537,-0.993068,0
748,12.4667,0.148067,0.027,15.0,0.121067,-0.121869,-0.992546,0
749,12.4833,0.1475,0.0305,15.0,0.117,-0.126199,-0.992005,0
750,12.5,0.152567,0.0259,15.0,0.126667,-0.130526,-0.991445,0
751,12.5167,0.148517,0.0308,15.0,0.117717,-0.134851,-0.990866,0
752,12.5333,0.149183,0.0304,15.0,0.118783,-0.139173,-0.990268,0
753,12.55,0.1497,0.0299,15.0,0.1198,-0.143493,-0.989651,0
754,12.5667,0.1495,0.0292,15.0,0.1203,-0.147809,-0.989016,0
755,12.5833,0.14665,0.0271,15.0,0.11955,-0.152123,-0.988362,0
756,12.6,0.148133,0.0287,15.0,0.119433,-0.156434,-0.987688,0
757,12.6167,0.150417,0.0302,15.0,0.120217,-0.160743,-0.986996,0
758,12.6333,0.148383,0.0237,15.0,0.124683,-0.165048,-0.986286,0
759,12.65,0.145633,0.0265,15.0,0.119133,-0.16935,-0.985556,0
760,12.6667,0.14685,0.0275,15.0,0.11935,-0.173648,-0.984808,0
761,12.6833,0.14775,0.0275,15.0,0.12025,-0.177944,-0.984041,0
762,12.7,0.15005,0.0296,15.0,0.12045,-0.182236,-0.983255,0
763,12.7167,0.149,0.0288,15.0,0.1202,-0.186524,-0.98245,0
764,12.7333,0.145133,0.0265,15.0,0.118633,-0.190809,-0.981627,0
765,12.75,0.145133,0.0271,15.0,0.118033,-0.19509,-0.980785,0
766,12.7667,0.1472,0.0288,15.0,0.1184,-0.199368,-0.979925,0
767,12.7833,0.1492,0.0257,15.0,0.1235,-0.203642,-0.979045,0
768,12.8,0.148733,0.0274,15.0,0.121333,-0.207912,-0.978148,0
769,12.8167,0.142633,0.0269,15.0,0.115733,-0.212178,-0.977231,0
770,12.8333,0.149183,0.0243,15.0,0.124883,-0.21644,-0.976296,0
771,12.85,0.1514,0.0259,15.0,0.1255,-0.220697,-0.975342,0
772,12.8667,0.1458,0.0278,15.0,0.118,-0.224951,-0.97437,0
773,12.8833,0.1483,0.0282,15.0,0.1201,-0.2292,-0.973379,0
774,12.9,0.14695,0.0331,15.0,0.11385,-0.233445,-0.97237,0
775,12.9167,0.149117,0.0312,15.0,0.117917,-0.237686,-0.971342,0
776,12.9333,0.142833,0.0308,15.0,0.112033,-0.241922,-0.970296,0
777,12.95,0.145867,0.0275,15.0,0.118367,-0.246153,-0.969231,0
778,12.9667,0.14225,0.0279,15.0,0.11435,-0.25038,-0.968148,0
779,12.9833,0.151167,0.0338,15.0,0.117367,-0.254602,-0.967046,0
780,13.0,0.144217,0.0279,15.0,0.116317,-0.258819,-0.965926,0
781,13.0167,0.137917,0.0297,15.0,0.108217,-0.263031,-0.964787,0
782,13.0333,0.1418,0.0257,15.0,0.1161,-0.267238,-0.96363,0
783,13.05,0.143467,0.0296,15.0,0.113867,-0.27144,-0.962455,0
784,13.0667,0.144633,0.0292,15.0,0.115433,-0.275637,-0.961262,0
785,13.0833,0.1448,0.0299,15.0,0.1149,-0.279829,-0.96005,0
786,13.1,0.144433,0.0265,15.0,0.117933,-0.284015,-0.95882,0
787,13.1167,0.141833,0.0244,15.0,0.117433,-0.288196,-0.957571,0
788,13.1333,0.1416,0.0289,15.0,0.1127,-0.292372,-0.956305,0
789,13.15,0.146867,0.0285,15.0,0.118367,-0.296542,-0.95502,0
790,13.1667,0.144583,0.0267,15.0,0.117883,-0.300706,-0.953717,0
791,13.1833,0.144583,0.0315,15.0,0.113083,-0.304864,-0.952396,0
792,13.2,0.1393,0.028,15.0,0.1113,-0.309017,-0.951057,0
793,13.2167,0.14195,0.0287,15.0,0.11325,-0.313164,-0.949699,0
794,13.2333,0.141517,0.026,15.0,0.115517,-0.317305,-0.948324,0
795,13.25,0.14475,0.0279,15.0,0.11685,-0.321439,-0.94693,0
796,13.2667,0.14865,0.029,15.0,0.11965,-0.325568,-0.945519,0
797,13.2833,0.142033,0.0292,15.0,0.112833,-0.329691,-0.944089,0
798,13.3,0.138917,0.0262,15.0,0.112717,-0.333807,-0.942641,0
799,13.3167,0.1469,0.0281,15.0,0.1188,-0.337917,-0.941176,0
800,13.3333,0.134633,0.028,15.0,0.106633,-0.34202,-0.939693,0
801,13.35,0.143517,0.0273,15.0,0.116217,-0.346117,-0.938191,0
802,13.3667,0.138233,0.0296,15.0,0.108633,-0.350207,-0.936672,0
803,13.3833,0.13835,0.0295,15.0,0.10885,-0.354291,-0.935135,0
804,13.4,0.1399,0.0296,15.0,0.1103,-0.358368,-0.93358,0
805,13.4167,0.137633,0.0282,15.0,0.109433,-0.362438,-0.932008,0
806,13.4333,0.139317,0.0265,15.0,0.112817,-0.366501,-0.930418,0
807,13.45,0.134433,0.0284,15.0,0.106033,-0.370557,-0.92881,0
808,13.4667,0.140867,0.0307,15.0,0.110167,-0.374607,-0.927184,0
809,13.4833,0.1415,0.0317,15.0,0.1098,-0.378649,-0.925541,0
810,13.5,0.143417,0.032,15.0,0.111417,-0.382683,-0.92388,0
811,13.5167,0.139983,0.0288,15.0,0.111183,-0.386711,-0.922201,0
812,13.5333,0.136867,0.0291,15.0,0.107767,-0.390731,-0.920505,0
813,13.55,0.139883,0.03,15.0,0.109883,-0.394744,-0.918791,0
814,13.5667,0.137583,0.0292,15.0,0.108383,-0.398749,-0.91706,0
815,13.5833,0.140717,0.0261,15.0,0.114617,-0.402747,-0.915311,0
816,13.6,0.136117,0.0274,15.0,0.108717,-0.406737,-0.913545,0
817,13.6167,0.143967,0.0274,15.0,0.116567,-0.410719,-0.911762,0
818,13.6333,0.139967,0.0294,15.0,0.110567,-0.414693,-0.909961,0
819,13.65,0.141417,0.0281,15.0,0.113317,-0.41866,-0.908143,0
820,13.6667,0.134033,0.0251,15.0,0.108933,-0.422618,-0.906308,0
821,13.6833,0.13685,0.0244,15.0,0.11245,-0.426569,-0.904455,0
822,13.7,0.1339,0.0302,15.0,0.1037,-0.430511,-0.902585,0
823,13.7167,0.135417,0.0282,15.0,0.107217,-0.434445,-0.900698,0
824,13.7333,0.131433,0.0278,15.0,0.103633,-0.438371,-0.898794,0
825,13.75,0.134233,0.0263,15.0,0.107933,-0.442289,-0.896873,0
826,13.7667,0.1331,0.0281,15.0,0.105,-0.446198,-0.894934,0
827,13.7833,0.133283,0.0273,15.0,0.105983,-0.450098,-0.892979,0
828,13.8,0.13675,0.0268,15.0,0.10995,-0.45399,-0.891007,0
829,13.8167,0.130783,0.0321,15.0,0.098683,-0.457874,-0.889017,0
830,13.8333,0.1273,0.027,15.0,0.1003,-0.461749,-0.887011,0
831,13.85,0.13345,0.0304,15.0,0.10305,-0.465615,-0.884988,0
832,13.8667,0.12905,0.029,15.0,0.10005,-0.469472,-0.882948,0
833,13.8833,0.133383,0.0304,15.0,0.102983,-0.47332,-0.880891,0
834,13.9,0.13075,0.0295,15.0,0.10125,-0.477159,-0.878817,0
835,13.9167,0.13265,0.0294,15.0,0.10325,-0.480989,-0.876727,0
836,13.9333,0.133383,0.026,15.0,0.107383,-0.48481,-0.87462,0
837,13.95,0.1291,0.0294,15.0,0.0997,-0.488621,-0.872496,0
838,13.9667,0.127217,0.0262,15.0,0.101017,-0.492424,-0.870356,0
839,13.9833,0.128817,0.0302,15.0,0.098617,-0.496217,-0.868199,0
840,14.0,0.13195,0.0338,15.0,0.09815,-0.5,-0.866025,0
841,14.0167,0.1304,0.0286,15.0,0.1018,-0.503774,-0.863836,0
842,14.0333,0.130617,0.0292,15.0,0.101417,-0.507538,-0.861629,0
843,14.05,0.129833,0.0299,15.0,0.099933,-0.511293,-0.859406,0
844,14.0667,0.131117,0.0298,15.0,0.101317,-0.515038,-0.857167,0
845,14.0833,0.126617,0.0313,15.0,0.095317,-0.518773,-0.854912,0
846,14.1,0.130483,0.0299,15.0,0.100583,-0.522499,-0.85264,0
847,14.1167,0.131433,0.0289,15.0,0.102533,-0.526214,-0.850352,0
848,14.1333,0.127517,0.0285,15.0,0.099017,-0.529919,-0.848048,0
849,14.15,0.125217,0.0292,15.0,0.096017,-0.533615,-0.845728,0
850,14.1667,0.125483,0.0315,15.0,0.093983,-0.5373,-0.843391,0
851,14.1833,0.12925,0.0317,15.0,0.09755,-0.540974,-0.841039,0
852,14.2,0.124683,0.0327,15.0,0.091983,-0.544639,-0.838671,0
853,14.2167,0.124567,0.0257,15.0,0.098867,-0.548293,-0.836286,0
854,14.2333,0.124017,0.0268,15.0,0.097217,-0.551937,-0.833886,0
855,14.25,0.123383,0.027,15.0,0.096383,-0.55557,-0.83147,0
856,14.2667,0.12385,0.0263,15.0,0.09755,-0.559193,-0.829038,0
857,14.2833,0.120183,0.0287,15.0,0.091483,-0.562805,-0.82659,0
858,14.3,0.122,0.0269,15.0,0.0951,-0.566406,-0.824126,0
859,14.3167,0.1201,0.0301,15.0,0.09,-0.569997,-0.821647,0
860,14.3333,0.122417,0.0281,15.0,0.094317,-0.573576,-0.819152,0
861,14.35,0.124867,0.03,15.0,0.094867,-0.577145,-0.816642,0
862,14.3667,0.12155,0.0308,15.0,0.09075,-0.580703,-0.814116,0
863,14.3833,0.121033,0.0273,15.0,0.093733,-0.58425,-0.811574,0
864,14.4,0.12005,0.026,15.0,0.09405,-0.587785,-0.809017,0
865,14.4167,0.120933,0.0254,15.0,0.095533,-0.59131,-0.806445,0
866,14.4333,0.122333,0.0305,15.0,0.091833,-0.594823,-0.803857,0
867,14.45,0.117817,0.0272,15.0,0.090617,-0.598325,-0.801254,0
868,14.4667,0.1173,0.0289,15.0,0.0884,-0.601815,-0.798636,0
869,14.4833,0.122067,0.029,15.0,0.093067,-0.605294,-0.796002,0
870,14.5,0.112567,0.0305,15.0,0.082067,-0.608761,-0.793353,0
871,14.5167,0.117833,0.0291,15.0,0.088733,-0.612217,-0.79069,0
872,14.5333,0.121017,0.0306,15.0,0.090417,-0.615661,-0.788011,0
873,14.55,0.123783,0.0284,15.0,0.095383,-0.619094,-0.785317,0
874,14.5667,0.118067,0.0281,15.0,0.089967,-0.622515,-0.782608,0
875,14.5833,0.115417,0.0314,15.0,0.084017,-0.625923,-0.779884,0
876,14.6,0.11585,0.0298,15.0,0.08605,-0.62932,-0.777146,0
877,14.6167,0.119833,0.0265,15.0,0.093333,-0.632705,-0.774393,0
878,14.6333,0.116383,0.0269,15.0,0.089483,-0.636078,-0.771625,0
879,14.65,0.1147,0.0275,15.0,0.0872,-0.639439,-0.768842,0
880,14.6667,0.11445,0.0278,15.0,0.08665,-0.642788,-0.766044,0
881,14.6833,0.114683,0.0296,15.0,0.085083,-0.646124,-0.763232,0
882,14.7,0.113033,0.0309,15.0,0.082133,-0.649448,-0.760406,0
883,14.7167,0.118667,0.0277,15.0,0.090967,-0.65276,-0.757565,0
884,14.7333,0.106683,0.0273,15.0,0.079383,-0.656059,-0.75471,0
885,14.75,0.116083,0.0323,15.0,0.083783,-0.659346,-0.75184,0
886,14.7667,0.10955,0.0267,15.0,0.08285,-0.66262,-0.748956,0
887,14.7833,0.110067,0.0292,15.0,0.080867,-0.665882,-0.746057,0
888,14.8,0.1105,0.0272,15.0,0.0833,-0.669131,-0.743145,0
889,14.8167,0.105983,0.0268,15.0,0.079183,-0.672367,-0.740218,0
890,14.8333,0.11175,0.0256,15.0,0.08615,-0.67559,-0.737277,0
891,14.85,0.108117,0.0305,15.0,0.077617,-0.678801,-0.734323,0
892,14.8667,0.10815,0.0283,15.0,0.07985,-0.681998,-0.731354,0
893,14.8833,0.1078,0.0292,15.0,0.0786,-0.685183,-0.728371,0
894,14.9,0.110783,0.0321,15.0,0.078683,-0.688355,-0.725374,0
895,14.9167,0.106833,0.0286,15.0,0.078233,-0.691513,-0.722364,0
896,14.9333,0.109967,0.0301,15.0,0.079867,-0.694658,-0.71934,0
897,14.95,0.107567,0.0283,15.0,0.079267,-0.69779,-0.716302,0
898,14.9667,0.10855,0.0285,15.0,0.08005,-0.700909,-0.71325,0
899,14.9833,0.1054,0.0272,15.0,0.0782,-0.704015,-0.710185,0
900,15.0,0.105967,0.0302,15.0,0.075767,-0.707107,-0.707107,0
901,15.0167,0.1043,0.0274,15.0,0.0769,-0.710185,-0.704015,0
902,15.0333,0.106017,0.0278,15.0,0.078217,-0.71325,-0.700909,0
903,15.05,0.100067,0.0269,15.0,0.073167,-0.716302,-0.69779,0
904,15.0667,0.10925,0.0281,15.0,0.08115,-0.71934,-0.694658,0
905,15.0833,0.10415,0.0284,15.0,0.07575,-0.722364,-0.691513,0
906,15.1,0.102283,0.0292,15.0,0.073083,-0.725374,-0.688355,0
907,15.1167,0.0994,0.0267,15.0,0.0727,-0.728371,-0.685183,0
908,15.1333,0.1043,0.0284,15.0,0.0759,-0.731354,-0.681998,0
909,15.15,0.103567,0.0286,15.0,0.074967,-0.734323,-0.678801,0
910,15.1667,0.099483,0.0264,15.0,0.073083,-0.737277,-0.67559,0
911,15.1833,0.100683,0.0314,15.0,0.069283,-0.740218,-0.672367,0
912,15.2,0.100083,0.0281,15.0,0.071983,-0.743145,-0.669131,0
913,15.2167,0.101217,0.0289,15.0,0.072317,-0.746057,-0.665882,0
914,15.2333,0.101783,0.0296,15.0,0.072183,-0.748956,-0.66262,0
915,15.25,0.102383,0.0298,15.0,0.072583,-0.75184,-0.659346,0
916,15.2667,0.097533,0.0304,15.0,0.067133,-0.75471,-0.656059,0
917,15.2833,0.094517,0.0246,15.0,0.069917,-0.757565,-0.65276,0
918,15.3,0.0996,0.0284,15.0,0.0712,-0.760406,-0.649448,0
919,15.3167,0.10045,0.0251,15.0,0.07535,-0.763232,-0.646124,0
920,15.3333,0.09865,0.0324,15.0,0.06625,-0.766044,-0.642788,0
921,15.35,0.0947,0.0289,15.0,0.0658,-0.768842,-0.639439,0
922,15.3667,0.09255,0.0309,15.0,0.06165,-0.771625,-0.636078,0
923,15.3833,0.095033,0.0256,15.0,0.069433,-0.774393,-0.632705,0
924,15.4,0.0979,0.0292,15.0,0.0687,-0.777146,-0.62932,0
925,15.4167,0.0968,0.0326,15.0,0.0642,-0.779884,-0.625923,0
926,15.4333,0.094317,0.0299,15.0,0.064417,-0.782608,-0.622515,0
927,15.45,0.092833,0.0258,15.0,0.067033,-0.785317,-0.619094,0
928,15.4667,0.0922,0.028,15.0,0.0642,-0.788011,-0.615661,0
929,15.4833,0.08975,0.0273,15.0,0.06245,-0.79069,-0.612217,0
930,15.5,0.09055,0.0291,15.0,0.06145,-0.793353,-0.608761,0
931,15.5167,0.091767,0.0278,15.0,0.063967,-0.796002,-0.605294,0
932,15.5333,0.089883,0.0261,15.0,0.063783,-0.798636,-0.601815,0
933,15.55,0.082367,0.0308,15.0,0.051567,-0.801254,-0.598325,0
934,15.5667,0.093767,0.0293,15.0,0.064467,-0.803857,-0.594823,0
935,15.5833,0.087967,0.0301,15.0,0.057867,-0.806445,-0.59131,0
936,15.6,0.08925,0.0261,15.0,0.06315,-0.809017,-0.587785,0
937,15.6167,0.0833,0.0292,15.0,0.0541,-0.811574,-0.58425,0
938,15.6333,0.089233,0.0271,15.0,0.062133,-0.814116,-0.580703,0
939,15.65,0.088733,0.0292,15.0,0.059533,-0.816642,-0.577145,0
940,15.6667,0.089933,0.0301,15.0,0.059833,-0.819152,-0.573576,0
941,15.6833,0.084967,0.0302,15.0,0.054767,-0.821647,-0.569997,0
942,15.7,0.08605,0.0311,15.0,0.05495,-0.824126,-0.566406,0
943,15.7167,0.084283,0.0267,15.0,0.057583,-0.82659,-0.562805,0
944,15.7333,0.08355,0.0285,15.0,0.05505,-0.829038,-0.559193,0
945,15.75,0.08215,0.0298,15.0,0.05235,-0.83147,-0.55557,0
946,15.7667,0.085517,0.0307,15.0,0.054817,-0.833886,-0.551937,0
947,15.7833,0.086567,0.0299,15.0,0.056667,-0.836286,-0.548293,0
948,15.8,0.0811,0.0303,15.0,0.0508,-0.838671,-0.544639,0
949,15.8167,0.079117,0.0283,15.0,0.050817,-0.841039,-0.540974,0
950,15.8333,0.0784,0.031,15.0,0.0474,-0.843391,-0.5373,0
951,15.85,0.083933,0.0277,15.0,0.056233,-0.845728,-0.533615,0
952,15.8667,0.0787,0.0296,15.0,0.0491,-0.848048,-0.529919,0
953,15.8833,0.074833,0.0305,15.0,0.044333,-0.850352,-0.526214,0
954,15.9,0.076117,0.0303,15.0,0.045817,-0.85264,-0.522499,0
955,15.9167,0.07715,0.0265,15.0,0.05065,-0.854912,-0.518773,0
956,15.9333,0.078417,0.0281,15.0,0.050317,-0.857167,-0.515038,0
957,15.95,0.074333,0.0289,15.0,0.045433,-0.859406,-0.511293,0
958,15.9667,0.076833,0.0262,15.0,0.050633,-0.861629,-0.507538,0
959,15.9833,0.076533,0.0322,15.0,0.044333,-0.863836,-0.503774,0
960,16.0,0.07975,0.0281,15.0,0.05165,-0.866025,-0.5,0
961,16.0167,0.077017,0.0248,15.0,0.052217,-0.868199,-0.496217,0
962,16.0333,0.074883,0.0266,15.0,0.048283,-0.870356,-0.492424,0
963,16.05,0.0681,0.0282,15.0,0.0399,-0.872496,-0.488621,0
964,16.0667,0.07305,0.0281,15.0,0.04495,-0.87462,-0.48481,0
965,16.0833,0.07475,0.0289,15.0,0.04585,-0.876727,-0.480989,0
966,16.1,0.068467,0.0319,15.0,0.036567,-0.878817,-0.477159,0
967,16.1167,0.0695,0.0277,15.0,0.0418,-0.880891,-0.47332,0
968,16.1333,0.0721,0.0268,15.0,0.0453,-0.882948,-0.469472,0
969,16.15,0.0719,0.0284,15.0,0.0435,-0.884988,-0.465615,0
970,16.1667,0.0729,0.0262,15.0,0.0467,-0.887011,-0.461749,0
971,16.1833,0.0732,0.0271,15.0,0.0461,-0.889017,-0.457874,0
972,16.2,0.06675,0.0281,15.0,0.03865,-0.891007,-0.45399,0
973,16.2167,0.068483,0.0308,15.0,0.037683,-0.892979,-0.450098,0
974,16.2333,0.0681,0.0297,15.0,0.0384,-0.894934,-0.446198,0
975,16.25,0.0646,0.0301,15.0,0.0345,-0.896873,-0.442289,0
976,16.2667,0.063133,0.0333,15.0,0.029833,-0.898794,-0.438371,0
977,16.2833,0.06695,0.0299,15.0,0.03705,-0.900698,-0.434445,0
978,16.3,0.064317,0.028,15.0,0.036317,-0.902585,-0.430511,0
979,16.3167,0.060067,0.0289,15.0,0.031167,-0.904455,-0.426569,0
980,16.3333,0.059833,0.0281,15.0,0.031733,-0.906308,-0.422618,0
981,16.35,0.060467,0.0292,15.0,0.031267,-0.908143,-0.41866,0
982,16.3667,0.065767,0.0285,15.0,0.037267,-0.909961,-0.414693,0
983,16.3833,0.059,0.0279,15.0,0.0311,-0.911762,-0.410719,0
984,16.4,0.059633,0.0305,15.0,0.029133,-0.913545,-0.406737,0
985,16.4167,0.057867,0.0267,15.0,0.031167,-0.915311,-0.402747,0
986,16.4333,0.065067,0.0308,15.0,0.034267,-0.91706,-0.398749,0
987,16.45,0.056117,0.0299,15.0,0.026217,-0.918791,-0.394744,0
988,16.4667,0.055583,0.0316,15.0,0.023983,-0.920505,-0.390731,0
989,16.4833,0.057483,0.0214,15.0,0.036083,-0.922201,-0.386711,0
990,16.5,0.054517,0.0282,15.0,0.026317,-0.92388,-0.382683,0
991,16.5167,0.054467,0.0278,15.0,0.026667,-0.925541,-0.378649,0
992,16.5333,0.057833,0.0287,15.0,0.029133,-0.927184,-0.374607,0
993,16.55,0.0514,0.0258,15.0,0.0256,-0.92881,-0.370557,0
994,16.5667,0.05645,0.0273,15.0,0.02915,-0.930418,-0.366501,0
995,16.5833,0.053367,0.027,15.0,0.026367,-0.932008,-0.362438,0
996,16.6,0.057317,0.0302,15.0,0.027117,-0.93358,-0.358368,0
997,16.6167,0.055133,0.0255,15.0,0.029633,-0.935135,-0.354291,0
998,16.6333,0.055867,0.0303,15.0,0.025567,-0.936672,-0.350207,0
999,16.65,0.049917,0.0272,15.0,0.022717,-0.938191,-0.346117,0
1000,16.6667,0.050867,0.0275,15.0,0.023367,-0.939693,-0.34202,0
1001,16.6833,0.04815,0.0316,15.0,0.01655,-0.941176,-0.337917,0
1002,16.7,0.0522,0.0292,15.0,0.023,-0.942641,-0.333807,0
1003,16.7167,0.04875,0.0276,15.0,0.02115,-0.944089,-0.329691,0
1004,16.7333,0.047617,0.0273,15.0,0.020317,-0.945519,-0.325568,0
1005,16.75,0.048467,0.0281,15.0,0.020367,-0.94693,-0.321439,0
1006,16.7667,0.0486,0.0293,15.0,0.0193,-0.948324,-0.317305,0
1007,16.7833,0.047783,0.0293,15.0,0.018483,-0.949699,-0.313164,0
1008,16.8,0.04675,0.0238,15.0,0.02295,-0.951057,-0.309017,0
1009,16.8167,0.047433,0.0241,15.0,0.023333,-0.952396,-0.304864,0
1010,16.8333,0.046933,0.0285,15.0,0.018433,-0.953717,-0.300706,0
1011,16.85,0.044267,0.0294,15.0,0.014867,-0.95502,-0.296542,0
1012,16.8667,0.042717,0.0257,15.0,0.017017,-0.956305,-0.292372,0
1013,16.8833,0.043067,0.0297,15.0,0.013367,-0.957571,-0.288196,0
1014,16.9,0.04515,0.0291,15.0,0.01605,-0.95882,-0.284015,0
1015,16.9167,0.04325,0.0276,15.0,0.01565,-0.96005,-0.279829,0
1016,16.9333,0.0413,0.0243,15.0,0.017,-0.961262,-0.275637,0
1017,16.95,0.0407,0.0301,15.0,0.0106,-0.962455,-0.27144,0
1018,16.9667,0.041383,0.0287,15.0,0.012683,-0.96363,-0.267238,0
1019,16.9833,0.04475,0.0295,15.0,0.01525,-0.964787,-0.263031,0
1020,17.0,0.043367,0.0273,15.0,0.016067,-0.965926,-0.258819,0
1021,17.0167,0.035133,0.0311,15.0,0.004033,-0.967046,-0.254602,0
1022,17.0333,0.039667,0.0322,15.0,0.007467,-0.968148,-0.25038,0
1023,17.05,0.039983,0.028,15.0,0.011983,-0.969231,-0.246153,0
1024,17.0667,0.038733,0.0282,15.0,0.010533,-0.970296,-0.241922,0
1025,17.0833,0.034,0.0261,15.0,0.0079,-0.971342,-0.237686,0
1026,17.1,0.033583,0.0287,15.0,0.004883,-0.97237,-0.233445,0
1027,17.1167,0.033933,0.0295,15.0,0.004433,-0.973379,-0.2292,0
1028,17.1333,0.034233,0.0271,15.0,0.007133,-0.97437,-0.224951,0
1029,17.15,0.034383,0.0292,15.0,0.005183,-0.975342,-0.220697,0
1030,17.1667,0.03095,0.0281,15.0,0.00285,-0.976296,-0.21644,0
1031,17.1833,0.030983,0.0309,15.0,8.3e-05,-0.977231,-0.212178,0
1032,17.2,0.02835,0.0277,15.0,0.00065,-0.978148,-0.207912,0
1033,17.2167,0.034033,0.0276,15.0,0.006433,-0.979045,-0.203642,0
1034,17.2333,0.0315,0.0283,15.0,0.0032,-0.979925,-0.199368,0
1035,17.25,0.033517,0.0284,15.0,0.005117,-0.980785,-0.19509,0
1036,17.2667,0.0269,0.0279,14.999,-0.001,-0.981627,-0.190809,0
1037,17.2833,0.028283,0.0306,14.9967,-0.002317,-0.98245,-0.186524,0
1038,17.3,0.027517,0.0326,14.9916,-0.005083,-0.983255,-0.182236,0
1039,17.3167,0.031117,0.0284,14.9943,0.002717,-0.984041,-0.177944,0
1040,17.3333,0.026267,0.0274,14.9932,-0.001133,-0.984808,-0.173648,0
1041,17.35,0.0264,0.0278,14.9918,-0.0014,-0.985556,-0.16935,0
1042,17.3667,0.0254,0.0296,14.9876,-0.0042,-0.986286,-0.165048,0
1043,17.3833,0.02335,0.0264,14.9846,-0.00305,-0.986996,-0.160743,0
1044,17.4,0.0234,0.0291,14.9789,-0.0057,-0.987688,-0.156434,0
1045,17.4167,0.015983,0.0273,14.9676,-0.011317,-0.988362,-0.152123,0
1046,17.4333,0.023433,0.0301,14.9609,-0.006667,-0.989016,-0.147809,0
1047,17.45,0.019067,0.0291,14.9509,-0.010033,-0.989651,-0.143493,0
1048,17.4667,0.0182,0.0257,14.9434,-0.0075,-0.990268,-0.139173,0
1049,17.4833,0.01865,0.0274,14.9346,-0.00875,-0.990866,-0.134851,0
1050,17.5,0.015117,0.0275,14.9222,-0.012383,-0.991445,-0.130526,0
1051,17.5167,0.019233,0.0234,14.918,-0.004167,-0.992005,-0.126199,0
1052,17.5333,0.02285,0.0253,14.9155,-0.00245,-0.992546,-0.121869,0
1053,17.55,0.016217,0.0292,14.9025,-0.012983,-0.993068,-0.117537,0
1054,17.5667,0.01615,0.0306,14.888,-0.01445,-0.993572,-0.113203,0
1055,17.5833,0.016167,0.031,14.8732,-0.014833,-0.994056,-0.108867,0
1056,17.6,0.014583,0.0302,14.8576,-0.015617,-0.994522,-0.104528,0
1057,17.6167,0.015,0.0306,14.842,-0.0156,-0.994969,-0.100188,0
1058,17.6333,0.0133,0.0286,14.8267,-0.0153,-0.995396,-0.095846,0
1059,17.65,0.01485,0.0317,14.8098,-0.01685,-0.995805,-0.091502,0
1060,17.6667,0.011417,0.0314,14.7898,-0.019983,-0.996195,-0.087156,0
1061,17.6833,0.01035,0.0293,14.7709,-0.01895,-0.996566,-0.082808,0
1062,17.7,0.01205,0.0292,14.7538,-0.01715,-0.996917,-0.078459,0
1063,17.7167,0.011733,0.024,14.7415,-0.012267,-0.99725,-0.074108,0
1064,17.7333,0.010283,0.0282,14.7236,-0.017917,-0.997564,-0.069756,0
1065,17.75,0.008217,0.0272,14.7046,-0.018983,-0.997859,-0.065403,0
1066,17.7667,0.009217,0.0301,14.6837,-0.020883,-0.998135,-0.061049,0
1067,17.7833,0.010817,0.0308,14.6637,-0.019983,-0.998392,-0.056693,0
1068,17.8,0.007883,0.0265,14.6451,-0.018617,-0.99863,-0.052336,0
1069,17.8167,0.003167,0.0287,14.6196,-0.025533,-0.998848,-0.047978,0
1070,17.8333,0.01185,0.0284,14.6031,-0.01655,-0.999048,-0.043619,0
1071,17.85,0.002583,0.033,14.5727,-0.030417,-0.999229,-0.03926,0
1072,17.8667,0.004417,0.0296,14.5475,-0.025183,-0.999391,-0.034899,0
1073,17.8833,0.0016,0.0285,14.5206,-0.0269,-0.999534,-0.030539,0
1074,17.9,0.000517,0.0289,14.4922,-0.028383,-0.999657,-0.026177,0
1075,17.9167,0.003483,0.0255,14.4702,-0.022017,-0.999762,-0.021815,0
1076,17.9333,0.0,0.0261,14.4441,-0.0261,-0.999848,-0.017452,0
1077,17.95,0.0,0.0282,14.4159,-0.0282,-0.999914,-0.01309,0
1078,17.9667,0.004383,0.0278,14.3925,-0.023417,-0.999962,-0.008727,0
1079,17.9833,0.002633,0.0295,14.3656,-0.026867,-0.99999,-0.004363,0
1080,18.0,0.0,0.0687,14.2969,-0.0687,-1.0,-0.0,0
1081,18.0167,0.0,0.0651,14.2318,-0.0651,-0.99999,0.004363,0
1082,18.0333,0.0,0.0641,14.1677,-0.0641,-0.999962,0.008727,0
1083,18.05,0.0,0.067,14.1007,-0.067,-0.999914,0.01309,0
1084,18.0667,0.0,0.0642,14.0365,-0.0642,-0.999848,0.017452,0
1085,18.0833,0.0,0.0607,13.9758,-0.0607,-0.999762,0.021815,0
1086,18.1,0.0,0.0673,13.9085,-0.0673,-0.999657,0.026177,0
1087,18.1167,0.0,0.0626,13.8459,-0.0626,-0.999534,0.030539,0
1088,18.1333,0.0,0.0692,13.7767,-0.0692,-0.999391,0.034899,0
1089,18.15,0.0,0.0663,13.7104,-0.0663,-0.999229,0.03926,0
1090,18.1667,0.0,0.0694,13.641,-0.0694,-0.999048,0.043619,0
1091,18.1833,0.0,0.067,13.574,-0.067,-0.998848,0.047978,0
1092,18.2,0.0,0.0671,13.5069,-0.0671,-0.99863,0.052336,0
1093,18.2167,0.0,0.0631,13.4438,-0.0631,-0.998392,0.056693,0
1094,18.2333,0.0,0.0643,13.3795,-0.0643,-0.998135,0.061049,0
1095,18.25,0.0,0.0669,13.3126,-0.0669,-0.997859,0.065403,0
1096,18.2667,0.0,0.0681,13.2445,-0.0681,-0.997564,0.069756,0
1097,18.2833,0.0,0.0623,13.1822,-0.0623,-0.99725,0.074108,0
1098,18.3,0.0,0.0638,13.1184,-0.0638,-0.996917,0.078459,0
1099,18.3167,0.0,0.0644,13.054,-0.0644,-0.996566,0.082808,0
1100,18.3333,0.0,0.0637,12.9903,-0.0637,-0.996195,0.087156,0
1101,18.35,0.0,0.0683,12.922,-0.0683,-0.995805,0.091502,0
1102,18.3667,0.0,0.0625,12.8595,-0.0625,-0.995396,0.095846,0
1103,18.3833,0.0,0.0612,12.7983,-0.0612,-0.994969,0.100188,0
1104,18.4,0.0,0.0671,12.7312,-0.0671,-0.994522,0.104528,0
1105,18.4167,0.0,0.0674,12.6638,-0.0674,-0.994056,0.108867,0
1106,18.4333,0.0,0.0617,12.6021,-0.0617,-0.993572,0.113203,0
1107,18.45,0.0,0.0675,12.5346,-0.0675,-0.993068,0.117537,0
1108,18.4667,0.0,0.0664,12.4682,-0.0664,-0.992546,0.121869,0
1109,18.4833,0.0,0.0634,12.4048,-0.0634,-0.992005,0.126199,0
1110,18.5,0.0,0.0679,12.3369,-0.0679,-0.991445,0.130526,0
1111,18.5167,0.0,0.0634,12.2735,-0.0634,-0.990866,0.134851,0
1112,18.5333,0.0,0.0664,12.2071,-0.0664,-0.990268,0.139173,0
1113,18.55,0.0,0.066,12.1411,-0.066,-0.989651,0.143493,0
1114,18.5667,0.0,0.0661,12.075,-0.0661,-0.989016,0.147809,0
1115,18.5833,0.0,0.0676,12.0074,-0.0676,-0.988362,0.152123,0
1116,18.6,0.0,0.0696,11.9378,-0.0696,-0.987688,0.156434,0
1117,18.6167,0.0,0.063,11.8748,-0.063,-0.986996,0.160743,0
1118,18.6333,0.0,0.0619,11.8129,-0.0619,-0.986286,0.165048,0
1119,18.65,0.0,0.0631,11.7498,-0.0631,-0.985556,0.16935,0
1120,18.6667,0.0,0.0636,11.6862,-0.0636,-0.984808,0.173648,0
1121,18.6833,0.0,0.0656,11.6206,-0.0656,-0.984041,0.177944,0
1122,18.7,0.0,0.0676,11.553,-0.0676,-0.983255,0.182236,0
1123,18.7167,0.0,0.0675,11.4855,-0.0675,-0.98245,0.186524,0
1124,18.7333,0.0,0.0656,11.4199,-0.0656,-0.981627,0.190809,0
1125,18.75,0.0,0.0669,11.353,-0.0669,-0.980785,0.19509,0
1126,18.7667,0.0,0.0679,11.2851,-0.0679,-0.979925,0.199368,0
1127,18.7833,0.0,0.0642,11.2209,-0.0642,-0.979045,0.203642,0
1128,18.8,0.0,0.0647,11.1562,-0.0647,-0.978148,0.207912,0
1129,18.8167,0.0,0.0611,11.0951,-0.0611,-0.977231,0.212178,0
1130,18.8333,0.0,0.0639,11.0312,-0.0639,-0.976296,0.21644,0
1131,18.85,0.0,0.0665,10.9647,-0.0665,-0.975342,0.220697,0
1132,18.8667,0.0,0.0637,10.901,-0.0637,-0.97437,0.224951,0
1133,18.8833,0.0,0.0653,10.8357,-0.0653,-0.973379,0.2292,0
1134,18.9,0.0,0.0629,10.7728,-0.0629,-0.97237,0.233445,0
1135,18.9167,0.0,0.068,10.7048,-0.068,-0.971342,0.237686,0
1136,18.9333,0.0,0.0641,10.6407,-0.0641,-0.970296,0.241922,0
1137,18.95,0.0,0.0627,10.578,-0.0627,-0.969231,0.246153,0
1138,18.9667,0.0,0.066,10.512,-0.066,-0.968148,0.25038,0
1139,18.9833,0.0,0.0607,10.4513,-0.0607,-0.967046,0.254602,0
1140,19.0,0.0,0.0631,10.3882,-0.0631,-0.965926,0.258819,0
1141,19.0167,0.0,0.0657,10.3225,-0.0657,-0.964787,0.263031,0
1142,19.0333,0.0,0.065,10.2575,-0.065,-0.96363,0.267238,0
1143,19.05,0.0,0.0668,10.1907,-0.0668,-0.962455,0.27144,0
1144,19.0667,0.0,0.0672,10.1235,-0.0672,-0.961262,0.275637,0
1145,19.0833,0.0,0.0661,10.0574,-0.0661,-0.96005,0.279829,0
1146,19.1,0.0,0.0674,9.99,-0.0674,-0.95882,0.284015,0
1147,19.1167,0.0,0.0644,9.9256,-0.0644,-0.957571,0.288196,0
1148,19.1333,0.0,0.062,9.8636,-0.062,-0.956305,0.292372,0
1149,19.15,0.0,0.064,9.7996,-0.064,-0.95502,0.296542,0
1150,19.1667,0.0,0.0673,9.7323,-0.0673,-0.953717,0.300706,0
1151,19.1833,0.0,0.0639,9.6684,-0.0639,-0.952396,0.304864,0
1152,19.2,0.0,0.0644,9.604,-0.0644,-0.951057,0.309017,0
1153,19.2167,0.0,0.0656,9.5384,-0.0656,-0.949699,0.313164,0
1154,19.2333,0.0,0.0668,9.4716,-0.0668,-0.948324,0.317305,0
1155,19.25,0.0,0.0674,9.4042,-0.0674,-0.94693,0.321439,0
1156,19.2667,0.0,0.0667,9.3375,-0.0667,-0.945519,0.325568,0
1157,19.2833,0.0,0.0666,9.2709,-0.0666,-0.944089,0.329691,0
1158,19.3,0.0,0.0612,9.2097,-0.0612,-0.942641,0.333807,0
1159,19.3167,0.0,0.0647,9.145,-0.0647,-0.941176,0.337917,0
1160,19.3333,0.0,0.0651,9.0799,-0.0651,-0.939693,0.34202,0
1161,19.35,0.0,0.0607,9.0192,-0.0607,-0.938191,0.346117,0
1162,19.3667,0.0,0.0641,8.9551,-0.0641,-0.936672,0.350207,0
1163,19.3833,0.0,0.0668,8.8883,-0.0668,-0.935135,0.354291,0
1164,19.4,0.0,0.0644,8.8239,-0.0644,-0.93358,0.358368,0
1165,19.4167,0.0,0.0632,8.7607,-0.0632,-0.932008,0.362438,0
1166,19.4333,0.0,0.0649,8.6958,-0.0649,-0.930418,0.366501,0
1167,19.45,0.0,0.0678,8.628,-0.0678,-0.92881,0.370557,0
1168,19.4667,0.0,0.0639,8.5641,-0.0639,-0.927184,0.374607,0
1169,19.4833,0.0,0.0636,8.5005,-0.0636,-0.925541,0.378649,0
1170,19.5,0.0,0.0667,8.4338,-0.0667,-0.92388,0.382683,0
1171,19.5167,0.0,0.0642,8.3696,-0.0642,-0.922201,0.386711,0
1172,19.5333,0.0,0.0623,8.3073,-0.0623,-0.920505,0.390731,0
1173,19.55,0.0,0.0671,8.2402,-0.0671,-0.918791,0.394744,0
1174,19.5667,0.0,0.0672,8.173,-0.0672,-0.91706,0.398749,0
1175,19.5833,0.0,0.0649,8.1081,-0.0649,-0.915311,0.402747,0
1176,19.6,0.0,0.064,8.0441,-0.064,-0.913545,0.406737,0
1177,19.6167,0.0,0.0634,7.9807,-0.0634,-0.911762,0.410719,0
1178,19.6333,0.0,0.0641,7.9166,-0.0641,-0.909961,0.414693,0
1179,19.65,0.0,0.0649,7.8517,-0.0649,-0.908143,0.41866,0
1180,19.6667,0.0,0.0644,7.7873,-0.0644,-0.906308,0.422618,0
1181,19.6833,0.0,0.0652,7.7221,-0.0652,-0.904455,0.426569,0
1182,19.7,0.0,0.0649,7.6572,-0.0649,-0.902585,0.430511,0
1183,19.7167,0.0,0.0661,7.5911,-0.0661,-0.900698,0.434445,0
1184,19.7333,0.0,0.0674,7.5237,-0.0674,-0.898794,0.438371,0
1185,19.75,0.0,0.0674,7.4563,-0.0674,-0.896873,0.442289,0
1186,19.7667,0.0,0.0663,7.39,-0.0663,-0.894934,0.446198,0
1187,19.7833,0.0,0.0653,7.3247,-0.0653,-0.892979,0.450098,0
1188,19.8,0.0,0.0645,7.2602,-0.0645,-0.891007,0.45399,0
1189,19.8167,0.0,0.0667,7.1935,-0.0667,-0.889017,0.457874,0
1190,19.8333,0.0,0.068,7.1255,-0.068,-0.887011,0.461749,0
1191,19.85,0.0,0.0654,7.0601,-0.0654,-0.884988,0.465615,0
1192,19.8667,0.0,0.064,6.9961,-0.064,-0.882948,0.469472,0
1193,19.8833,0.0,0.069,6.9271,-0.069,-0.880891,0.47332,0
1194,19.9,0.0,0.0612,6.8659,-0.0612,-0.878817,0.477159,0
1195,19.9167,0.0,0.0694,6.7965,-0.0694,-0.876727,0.480989,0
1196,19.9333,0.0,0.0652,6.7313,-0.0652,-0.87462,0.48481,0
1197,19.95,0.0,0.0672,6.6641,-0.0672,-0.872496,0.488621,0
1198,19.9667,0.0,0.0677,6.5964,-0.0677,-0.870356,0.492424,0
1199,19.9833,0.0,0.0656,6.5308,-0.0656,-0.868199,0.496217,0
1200,20.0,0.0,0.0651,6.4657,-0.0651,-0.866025,0.5,0
1201,20.0167,0.0,0.0633,6.4024,-0.0633,-0.863836,0.503774,0
1202,20.0333,0.0,0.0648,6.3376,-0.0648,-0.861629,0.507538,0
1203,20.05,0.0,0.0635,6.2741,-0.0635,-0.859406,0.511293,0
1204,20.0667,0.0,0.0687,6.2054,-0.0687,-0.857167,0.515038,0
1205,20.0833,0.0,0.0673,6.1381,-0.0673,-0.854912,0.518773,0
1206,20.1,0.0,0.0647,6.0734,-0.0647,-0.85264,0.522499,0
1207,20.1167,0.0,0.0666,6.0068,-0.0666,-0.850352,0.526214,0
1208,20.1333,0.0,0.065,5.9418,-0.065,-0.848048,0.529919,0
1209,20.15,0.0,0.063,5.8788,-0.063,-0.845728,0.533615,0
1210,20.1667,0.0,0.0632,5.8156,-0.0632,-0.843391,0.5373,0
1211,20.1833,0.0,0.0645,5.7511,-0.0645,-0.841039,0.540974,0
1212,20.2,0.0,0.0677,5.6834,-0.0677,-0.838671,0.544639,0
1213,20.2167,0.0,0.0657,5.6177,-0.0657,-0.836286,0.548293,0
1214,20.2333,0.0,0.0682,5.5495,-0.0682,-0.833886,0.551937,0
1215,20.25,0.0,0.0649,5.4846,-0.0649,-0.83147,0.55557,0
1216,20.2667,0.0,0.0643,5.4203,-0.0643,-0.829038,0.559193,0
1217,20.2833,0.0,0.0668,5.3535,-0.0668,-0.82659,0.562805,0
1218,20.3,0.0,0.0614,5.2921,-0.0614,-0.824126,0.566406,0
1219,20.3167,0.0,0.0651,5.227,-0.0651,-0.821647,0.569997,0
1220,20.3333,0.0,0.0635,5.1635,-0.0635,-0.819152,0.573576,0
1221,20.35,0.0,0.0658,5.0977,-0.0658,-0.816642,0.577145,0
1222,20.3667,0.0,0.0648,5.0329,-0.0648,-0.814116,0.580703,0
1223,20.3833,0.0,0.0653,4.9676,-0.0653,-0.811574,0.58425,0
1224,20.4,0.0,0.066,4.9016,-0.066,-0.809017,0.587785,0
1225,20.4167,0.0,0.0646,4.837,-0.0646,-0.806445,0.59131,0
1226,20.4333,0.0,0.0664,4.7706,-0.0664,-0.803857,0.594823,0
1227,20.45,0.0,0.0636,4.707,-0.0636,-0.801254,0.598325,0
1228,20.4667,0.0,0.0645,4.6425,-0.0645,-0.798636,0.601815,0
1229,20.4833,0.0,0.0653,4.5772,-0.0653,-0.796002,0.605294,0
1230,20.5,0.0,0.1296,4.4476,-0.1296,-0.793353,0.608761,0
1231,20.5167,0.0,0.1311,4.3165,-0.1311,-0.79069,0.612217,0
1232,20.5333,0.0,0.1308,4.1857,-0.1308,-0.788011,0.615661,0
1233,20.55,0.0,0.1365,4.0492,-0.1365,-0.785317,0.619094,0
1234,20.5667,0.0,0.1341,3.9151,-0.1341,-0.782608,0.622515,0
1235,20.5833,0.0,0.1304,3.7847,-0.1304,-0.779884,0.625923,0
1236,20.6,0.0,0.1297,3.655,-0.1297,-0.777146,0.62932,0
1237,20.6167,0.0,0.1336,3.5214,-0.1336,-0.774393,0.632705,0
1238,20.6333,0.0,0.1337,3.3877,-0.1337,-0.771625,0.636078,0
1239,20.65,0.0,0.1294,3.2583,-0.1294,-0.768842,0.639439,0
1240,20.6667,0.0,0.1261,3.1322,-0.1261,-0.766044,0.642788,0
1241,20.6833,0.0,0.1294,3.0028,-0.1294,-0.763232,0.646124,0
1242,20.7,0.0,0.1272,2.8756,-0.1272,-0.760406,0.649448,0
1243,20.7167,0.0,0.1302,2.7454,-0.1302,-0.757565,0.65276,0
1244,20.7333,0.0,0.1321,2.6133,-0.1321,-0.75471,0.656059,0
1245,20.75,0.0,0.1289,2.4844,-0.1289,-0.75184,0.659346,0
1246,20.7667,0.0,0.1289,2.3555,-0.1289,-0.748956,0.66262,0
1247,20.7833,0.0,0.1328,2.2227,-0.1328,-0.746057,0.665882,0
1248,20.8,0.0,0.1332,2.0895,-0.1332,-0.743145,0.669131,0
1249,20.8167,0.0,0.1297,1.9598,-0.1297,-0.740218,0.672367,0
1250,20.8333,0.0,0.1318,1.828,-0.1318,-0.737277,0.67559,0
1251,20.85,0.0,0.1344,1.6936,-0.1344,-0.734323,0.678801,0
1252,20.8667,0.0,0.1289,1.5647,-0.1289,-0.731354,0.681998,0
1253,20.8833,0.0,0.1273,1.4374,-0.1273,-0.728371,0.685183,0
1254,20.9,0.0,0.1276,1.3098,-0.1276,-0.725374,0.688355,0
1255,20.9167,0.0,0.1297,1.1801,-0.1297,-0.722364,0.691513,0
1256,20.9333,0.0,0.1299,1.0502,-0.1299,-0.71934,0.694658,0
1257,20.95,0.0,0.1314,0.9188,-0.1314,-0.716302,0.69779,0
1258,20.9667,0.0,0.1306,0.7882,-0.1306,-0.71325,0.700909,0
1259,20.9833,0.0,0.1304,0.6578,-0.1304,-0.710185,0.704015,0
1260,21.0,0.0,0.1309,0.5269,-0.1309,-0.707107,0.707107,0
1261,21.0167,0.0,0.1297,0.3972,-0.1297,-0.704015,0.710185,0
1262,21.0333,0.0,0.1291,0.2681,-0.1291,-0.700909,0.71325,0
1263,21.05,0.0,0.1292,0.1389,-0.1292,-0.69779,0.716302,0
1264,21.0667,0.0,0.1307,0.0082,-0.1307,-0.694658,0.71934,0
1265,21.0833,0.0,0.1253,0.0,-0.1253,-0.691513,0.722364,1
1266,21.1,0.0,0.1264,0.0,-0.1264,-0.688355,0.725374,1
1267,21.1167,0.0,0.1307,0.0,-0.1307,-0.685183,0.728371,1
1268,21.1333,0.0,0.129,0.0,-0.129,-0.681998,0.731354,1
1269,21.15,0.0,0.1338,0.0,-0.1338,-0.678801,0.734323,1
1270,21.1667,0.0,0.1354,0.0,-0.1354,-0.67559,0.737277,1
1271,21.1833,0.0,0.1278,0.0,-0.1278,-0.672367,0.740218,1
1272,21.2,0.0,0.129,0.0,-0.129,-0.669131,0.743145,1
1273,21.2167,0.0,0.1325,0.0,-0.1325,-0.665882,0.746057,1
1274,21.2333,0.0,0.1304,0.0,-0.1304,-0.66262,0.748956,1
1275,21.25,0.0,0.1317,0.0,-0.1317,-0.659346,0.75184,1
1276,21.2667,0.0,0.1279,0.0,-0.1279,-0.656059,0.75471,1
1277,21.2833,0.0,0.1304,0.0,-0.1304,-0.65276,0.757565,1
1278,21.3,0.0,0.1303,0.0,-0.1303,-0.649448,0.760406,1
1279,21.3167,0.0,0.1317,0.0,-0.1317,-0.646124,0.763232,1
1280,21.3333,0.0,0.1303,0.0,-0.1303,-0.642788,0.766044,1
1281,21.35,0.0,0.1306,0.0,-0.1306,-0.639439,0.768842,1
1282,21.3667,0.0,0.1326,0.0,-0.1326,-0.636078,0.771625,1
1283,21.3833,0.0,0.1337,0.0,-0.1337,-0.632705,0.774393,1
1284,21.4,0.0,0.0652,0.0,-0.0652,-0.62932,0.777146,1
1285,21.4167,0.0,0.0661,0.0,-0.0661,-0.625923,0.779884,1
1286,21.4333,0.0,0.0647,0.0,-0.0647,-0.622515,0.782608,1
1287,21.45,0.0,0.0599,0.0,-0.0599,-0.619094,0.785317,1
1288,21.4667,0.0,0.0662,0.0,-0.0662,-0.615661,0.788011,1
1289,21.4833,0.0,0.0661,0.0,-0.0661,-0.612217,0.79069,1
1290,21.5,0.0,0.0662,0.0,-0.0662,-0.608761,0.793353,1
1291,21.5167,0.0,0.0629,0.0,-0.0629,-0.605294,0.796002,1
1292,21.5333,0.0,0.0661,0.0,-0.0661,-0.601815,0.798636,1
1293,21.55,0.0,0.0627,0.0,-0.0627,-0.598325,0.801254,1
1294,21.5667,0.0,0.0627,0.0,-0.0627,-0.594823,0.803857,1
1295,21.5833,0.0,0.0655,0.0,-0.0655,-0.59131,0.806445,1
1296,21.6,0.0,0.066,0.0,-0.066,-0.587785,0.809017,1
1297,21.6167,0.0,0.0616,0.0,-0.0616,-0.58425,0.811574,1
1298,21.6333,0.0,0.0656,0.0,-0.0656,-0.580703,0.814116,1
1299,21.65,0.0,0.0654,0.0,-0.0654,-0.577145,0.816642,1
1300,21.6667,0.0,0.0664,0.0,-0.0664,-0.573576,0.819152,1
1301,21.6833,0.0,0.0629,0.0,-0.0629,-0.569997,0.821647,1
1302,21.7,0.0,0.0639,0.0,-0.0639,-0.566406,0.824126,1
1303,21.7167,0.0,0.0628,0.0,-0.0628,-0.562805,0.82659,1
1304,21.7333,0.0,0.066,0.0,-0.066,-0.559193,0.829038,1
1305,21.75,0.0,0.0671,0.0,-0.0671,-0.55557,0.83147,1
1306,21.7667,0.0,0.0685,0.0,-0.0685,-0.551937,0.833886,1
1307,21.7833,0.0,0.0656,0.0,-0.0656,-0.548293,0.836286,1
1308,21.8,0.0,0.0677,0.0,-0.0677,-0.544639,0.838671,1
1309,21.8167,0.0,0.0664,0.0,-0.0664,-0.540974,0.841039,1
1310,21.8333,0.0,0.062,0.0,-0.062,-0.5373,0.843391,1
1311,21.85,0.0,0.0611,0.0,-0.0611,-0.533615,0.845728,1
1312,21.8667,0.0,0.0655,0.0,-0.0655,-0.529919,0.848048,1
1313,21.8833,0.0,0.065,0.0,-0.065,-0.526214,0.850352,1
1314,21.9,0.0,0.0622,0.0,-0.0622,-0.522499,0.85264,1
1315,21.9167,0.0,0.0633,0.0,-0.0633,-0.518773,0.854912,1
1316,21.9333,0.0,0.0638,0.0,-0.0638,-0.515038,0.857167,1
1317,21.95,0.0,0.0626,0.0,-0.0626,-0.511293,0.859406,1
1318,21.9667,0.0,0.0658,0.0,-0.0658,-0.507538,0.861629,1
1319,21.9833,0.0,0.0636,0.0,-0.0636,-0.503774,0.863836,1
1320,22.0,0.0,0.0178,0.0,-0.0178,-0.5,0.866025,1
1321,22.0167,0.0,0.0132,0.0,-0.0132,-0.496217,0.868199,1
1322,22.0333,0.0,0.0135,0.0,-0.0135,-0.492424,0.870356,1
1323,22.05,0.0,0.0146,0.0,-0.0146,-0.488621,0.872496,1
1324,22.0667,0.0,0.0198,0.0,-0.0198,-0.48481,0.87462,1
1325,22.0833,0.0,0.0165,0.0,-0.0165,-0.480989,0.876727,1
1326,22.1,0.0,0.0157,0.0,-0.0157,-0.477159,0.878817,1
1327,22.1167,0.0,0.0141,0.0,-0.0141,-0.47332,0.880891,1
1328,22.1333,0.0,0.0186,0.0,-0.0186,-0.469472,0.882948,1
1329,22.15,0.0,0.0182,0.0,-0.0182,-0.465615,0.884988,1
1330,22.1667,0.0,0.0153,0.0,-0.0153,-0.461749,0.887011,1
1331,22.1833,0.0,0.0151,0.0,-0.0151,-0.457874,0.889017,1
1332,22.2,0.0,0.0139,0.0,-0.0139,-0.45399,0.891007,1
1333,22.2167,0.0,0.0143,0.0,-0.0143,-0.450098,0.892979,1
1334,22.2333,0.0,0.01,0.0,-0.01,-0.446198,0.894934,1
1335,22.25,0.0,0.0159,0.0,-0.0159,-0.442289,0.896873,1
1336,22.2667,0.0,0.0156,0.0,-0.0156,-0.438371,0.898794,1
1337,22.2833,0.0,0.0192,0.0,-0.0192,-0.434445,0.900698,1
1338,22.3,0.0,0.0165,0.0,-0.0165,-0.430511,0.902585,1
1339,22.3167,0.0,0.0114,0.0,-0.0114,-0.426569,0.904455,1
1340,22.3333,0.0,0.0167,0.0,-0.0167,-0.422618,0.906308,1
1341,22.35,0.0,0.0147,0.0,-0.0147,-0.41866,0.908143,1
1342,22.3667,0.0,0.015,0.0,-0.015,-0.414693,0.909961,1
1343,22.3833,0.0,0.0156,0.0,-0.0156,-0.410719,0.911762,1
1344,22.4,0.0,0.0192,0.0,-0.0192,-0.406737,0.913545,1
1345,22.4167,0.0,0.0148,0.0,-0.0148,-0.402747,0.915311,1
1346,22.4333,0.0,0.0164,0.0,-0.0164,-0.398749,0.91706,1
1347,22.45,0.0,0.0176,0.0,-0.0176,-0.394744,0.918791,1
1348,22.4667,0.0,0.0112,0.0,-0.0112,-0.390731,0.920505,1
1349,22.4833,0.0,0.0165,0.0,-0.0165,-0.386711,0.922201,1
1350,22.5,0.0,0.0137,0.0,-0.0137,-0.382683,0.92388,1
1351,22.5167,0.0,0.0166,0.0,-0.0166,-0.378649,0.925541,1
1352,22.5333,0.0,0.0162,0.0,-0.0162,-0.374607,0.927184,1
1353,22.55,0.0,0.0115,0.0,-0.0115,-0.370557,0.92881,1
1354,22.5667,0.0,0.0173,0.0,-0.0173,-0.366501,0.930418,1
1355,22.5833,0.0,0.0162,0.0,-0.0162,-0.362438,0.932008,1
1356,22.6,0.0,0.0121,0.0,-0.0121,-0.358368,0.93358,1
1357,22.6167,0.0,0.0159,0.0,-0.0159,-0.354291,0.935135,1
1358,22.6333,0.0,0.0167,0.0,-0.0167,-0.350207,0.936672,1
1359,22.65,0.0,0.0144,0.0,-0.0144,-0.346117,0.938191,1
1360,22.6667,0.0,0.0142,0.0,-0.0142,-0.34202,0.939693,1
1361,22.6833,0.0,0.0173,0.0,-0.0173,-0.337917,0.941176,1
1362,22.7,0.0,0.0162,0.0,-0.0162,-0.333807,0.942641,1
1363,22.7167,0.0,0.0195,0.0,-0.0195,-0.329691,0.944089,1
1364,22.7333,0.0,0.0156,0.0,-0.0156,-0.325568,0.945519,1
1365,22.75,0.0,0.0154,0.0,-0.0154,-0.321439,0.94693,1
1366,22.7667,0.0,0.0185,0.0,-0.0185,-0.317305,0.948324,1
1367,22.7833,0.0,0.0174,0.0,-0.0174,-0.313164,0.949699,1
1368,22.8,0.0,0.0137,0.0,-0.0137,-0.309017,0.951057,1
1369,22.8167,0.0,0.0189,0.0,-0.0189,-0.304864,0.952396,1
1370,22.8333,0.0,0.0141,0.0,-0.0141,-0.300706,0.953717,1
1371,22.85,0.0,0.0119,0.0,-0.0119,-0.296542,0.95502,1
1372,22.8667,0.0,0.0135,0.0,-0.0135,-0.292372,0.956305,1
1373,22.8833,0.0,0.0125,0.0,-0.0125,-0.288196,0.957571,1
1374,22.9,0.0,0.02,0.0,-0.02,-0.284015,0.95882,1
1375,22.9167,0.0,0.0169,0.0,-0.0169,-0.279829,0.96005,1
1376,22.9333,0.0,0.0132,0.0,-0.0132,-0.275637,0.961262,1
1377,22.95,0.0,0.014,0.0,-0.014,-0.27144,0.962455,1
1378,22.9667,0.0,0.0178,0.0,-0.0178,-0.267238,0.96363,1
1379,22.9833,0.0,0.0168,0.0,-0.0168,-0.263031,0.964787,1
1380,23.0,0.0,0.015,0.0,-0.015,-0.258819,0.965926,1
1381,23.0167,0.0,0.0166,0.0,-0.0166,-0.254602,0.967046,1
1382,23.0333,0.0,0.0132,0.0,-0.0132,-0.25038,0.968148,1
1383,23.05,0.0,0.0167,0.0,-0.0167,-0.246153,0.969231,1
1384,23.0667,0.0,0.0162,0.0,-0.0162,-0.241922,0.970296,1
1385,23.0833,0.0,0.0137,0.0,-0.0137,-0.237686,0.971342,1
1386,23.1,0.0,0.015,0.0,-0.015,-0.233445,0.97237,1
1387,23.1167,0.0,0.0151,0.0,-0.0151,-0.2292,0.973379,1
1388,23.1333,0.0,0.0159,0.0,-0.0159,-0.224951,0.97437,1
1389,23.15,0.0,0.0152,0.0,-0.0152,-0.220697,0.975342,1
1390,23.1667,0.0,0.0164,0.0,-0.0164,-0.21644,0.976296,1
1391,23.1833,0.0,0.0159,0.0,-0.0159,-0.212178,0.977231,1
1392,23.2,0.0,0.0173,0.0,-0.0173,-0.207912,0.978148,1
1393,23.2167,0.0,0.0174,0.0,-0.0174,-0.203642,0.979045,1
1394,23.2333,0.0,0.0163,0.0,-0.0163,-0.199368,0.979925,1
1395,23.25,0.0,0.0163,0.0,-0.0163,-0.19509,0.980785,1
1396,23.2667,0.0,0.0161,0.0,-0.0161,-0.190809,0.981627,1
1397,23.2833,0.0,0.0163,0.0,-0.0163,-0.186524,0.98245,1
1398,23.3,0.0,0.0142,0.0,-0.0142,-0.182236,0.983255,1
1399,23.3167,0.0,0.0123,0.0,-0.0123,-0.177944,0.984041,1
1400,23.3333,0.0,0.0128,0.0,-0.0128,-0.173648,0.984808,1
1401,23.35,0.0,0.0174,0.0,-0.0174,-0.16935,0.985556,1
1402,23.3667,0.0,0.0134,0.0,-0.0134,-0.165048,0.986286,1
1403,23.3833,0.0,0.0144,0.0,-0.0144,-0.160743,0.986996,1
1404,23.4,0.0,0.0175,0.0,-0.0175,-0.156434,0.987688,1
1405,23.4167,0.0,0.0173,0.0,-0.0173,-0.152123,0.988362,1
1406,23.4333,0.0,0.0123,0.0,-0.0123,-0.147809,0.989016,1
1407,23.45,0.0,0.0153,0.0,-0.0153,-0.143493,0.989651,1
1408,23.4667,0.0,0.015,0.0,-0.015,-0.139173,0.990268,1
1409,23.4833,0.0,0.0166,0.0,-0.0166,-0.134851,0.990866,1
1410,23.5,0.0,0.0149,0.0,-0.0149,-0.130526,0.991445,1
1411,23.5167,0.0,0.0148,0.0,-0.0148,-0.126199,0.992005,1
1412,23.5333,0.0,0.0157,0.0,-0.0157,-0.121869,0.992546,1
1413,23.55,0.0,0.0138,0.0,-0.0138,-0.117537,0.993068,1
1414,23.5667,0.0,0.0172,0.0,-0.0172,-0.113203,0.993572,1
1415,23.5833,0.0,0.0141,0.0,-0.0141,-0.108867,0.994056,1
1416,23.6,0.0,0.0139,0.0,-0.0139,-0.104528,0.994522,1
1417,23.6167,0.0,0.0178,0.0,-0.0178,-0.100188,0.994969,1
1418,23.6333,0.0,0.0123,0.0,-0.0123,-0.095846,0.995396,1
1419,23.65,0.0,0.0144,0.0,-0.0144,-0.091502,0.995805,1
1420,23.6667,0.0,0.0149,0.0,-0.0149,-0.087156,0.996195,1
1421,23.6833,0.0,0.0148,0.0,-0.0148,-0.082808,0.996566,1
1422,23.7,0.0,0.0156,0.0,-0.0156,-0.078459,0.996917,1
1423,23.7167,0.0,0.0158,0.0,-0.0158,-0.074108,0.99725,1
1424,23.7333,0.0,0.0149,0.0,-0.0149,-0.069756,0.997564,1
1425,23.75,0.0,0.017,0.0,-0.017,-0.065403,0.997859,1
1426,23.7667,0.0,0.0148,0.0,-0.0148,-0.061049,0.998135,1
1427,23.7833,0.0,0.0174,0.0,-0.0174,-0.056693,0.998392,1
1428,23.8,0.0,0.0198,0.0,-0.0198,-0.052336,0.99863,1
1429,23.8167,0.0,0.0161,0.0,-0.0161,-0.047978,0.998848,1
1430,23.8333,0.0,0.0134,0.0,-0.0134,-0.043619,0.999048,1
1431,23.85,0.0,0.0175,0.0,-0.0175,-0.03926,0.999229,1
1432,23.8667,0.0,0.0154,0.0,-0.0154,-0.034899,0.999391,1
1433,23.8833,0.0,0.016,0.0,-0.016,-0.030539,0.999534,1
1434,23.9,0.0,0.0172,0.0,-0.0172,-0.026177,0.999657,1
1435,23.9167,0.0,0.0157,0.0,-0.0157,-0.021815,0.999762,1
1436,23.9333,0.0,0.0171,0.0,-0.0171,-0.017452,0.999848,1
1437,23.95,0.0,0.0161,0.0,-0.0161,-0.01309,0.999914,1
1438,23.9667,0.0,0.0157,0.0,-0.0157,-0.008727,0.999962,1
1439,23.9833,0.0,0.0132,0.0,-0.0132,-0.004363,0.99999,1
1440,0.0,0.0,0.0131,0.0,-0.0131,0.0,1.0,1
1441,0.0167,0.0,0.0142,0.0,-0.0142,0.004363,0.99999,1
1442,0.0333,0.0,0.0131,0.0,-0.0131,0.008727,0.999962,1
1443,0.05,0.0,0.0172,0.0,-0.0172,0.01309,0.999914,1
1444,0.0667,0.0,0.0126,0.0,-0.0126,0.017452,0.999848,1
1445,0.0833,0.0,0.0189,0.0,-0.0189,0.021815,0.999762,1
1446,0.1,0.0,0.0158,0.0,-0.0158,0.026177,0.999657,1
1447,0.1167,0.0,0.0175,0.0,-0.0175,0.030539,0.999534,1
1448,0.1333,0.0,0.0148,0.0,-0.0148,0.034899,0.999391,1
1449,0.15,0.0,0.0145,0.0,-0.0145,0.03926,0.999229,1
1450,0.1667,0.0,0.0129,0.0,-0.0129,0.043619,0.999048,1
1451,0.1833,0.0,0.0177,0.0,-0.0177,0.047978,0.998848,1
1452,0.2,0.0,0.0184,0.0,-0.0184,0.052336,0.99863,1
1453,0.2167,0.0,0.0184,0.0,-0.0184,0.056693,0.998392,1
1454,0.2333,0.0,0.0188,0.0,-0.0188,0.061049,0.998135,1
1455,0.25,0.0,0.0175,0.0,-0.0175,0.065403,0.997859,1
1456,0.2667,0.0,0.0148,0.0,-0.0148,0.069756,0.997564,1
1457,0.2833,0.0,0.0166,0.0,-0.0166,0.074108,0.99725,1
1458,0.3,0.0,0.0142,0.0,-0.0142,0.078459,0.996917,1
1459,0.3167,0.0,0.0147,0.0,-0.0147,0.082808,0.996566,1
1460,0.3333,0.0,0.016,0.0,-0.016,0.087156,0.996195,1
1461,0.35,0.0,0.0184,0.0,-0.0184,0.091502,0.995805,1
1462,0.3667,0.0,0.0165,0.0,-0.0165,0.095846,0.995396,1
1463,0.3833,0.0,0.0105,0.0,-0.0105,0.100188,0.994969,1
1464,0.4,0.0,0.0162,0.0,-0.0162,0.104528,0.994522,1
1465,0.4167,0.0,0.0224,0.0,-0.0224,0.108867,0.994056,1
1466,0.4333,0.0,0.0124,0.0,-0.0124,0.113203,0.993572,1
1467,0.45,0.0,0.0186,0.0,-0.0186,0.117537,0.993068,1
1468,0.4667,0.0,0.0148,0.0,-0.0148,0.121869,0.992546,1
1469,0.4833,0.0,0.0116,0.0,-0.0116,0.126199,0.992005,1
1470,0.5,0.0,0.016,0.0,-0.016,0.130526,0.991445,1
1471,0.5167,0.0,0.0138,0.0,-0.0138,0.134851,0.990866,1
1472,0.5333,0.0,0.018,0.0,-0.018,0.139173,0.990268,1
1473,0.55,0.0,0.0164,0.0,-0.0164,0.143493,0.989651,1
1474,0.5667,0.0,0.0192,0.0,-0.0192,0.147809,0.989016,1
1475,0.5833,0.0,0.0125,0.0,-0.0125,0.152123,0.988362,1
1476,0.6,0.0,0.0153,0.0,-0.0153,0.156434,0.987688,1
1477,0.6167,0.0,0.0171,0.0,-0.0171,0.160743,0.986996,1
1478,0.6333,0.0,0.0161,0.0,-0.0161,0.165048,0.986286,1
1479,0.65,0.0,0.0187,0.0,-0.0187,0.16935,0.985556,1
1480,0.6667,0.0,0.0154,0.0,-0.0154,0.173648,0.984808,1
1481,0.6833,0.0,0.0187,0.0,-0.0187,0.177944,0.984041,1
1482,0.7,0.0,0.0148,0.0,-0.0148,0.182236,0.983255,1
1483,0.7167,0.0,0.0156,0.0,-0.0156,0.186524,0.98245,1
1484,0.7333,0.0,0.0112,0.0,-0.0112,0.190809,0.981627,1
1485,0.75,0.0,0.0159,0.0,-0.0159,0.19509,0.980785,1
1486,0.7667,0.0,0.0163,0.0,-0.0163,0.199368,0.979925,1
1487,0.7833,0.0,0.0159,0.0,-0.0159,0.203642,0.979045,1
1488,0.8,0.0,0.0169,0.0,-0.0169,0.207912,0.978148,1
1489,0.8167,0.0,0.0166,0.0,-0.0166,0.212178,0.977231,1
1490,0.8333,0.0,0.0167,0.0,-0.0167,0.21644,0.976296,1
1491,0.85,0.0,0.0125,0.0,-0.0125,0.220697,0.975342,1
1492,0.8667,0.0,0.0166,0.0,-0.0166,0.224951,0.97437,1
1493,0.8833,0.0,0.0189,0.0,-0.0189,0.2292,0.973379,1
1494,0.9,0.0,0.0154,0.0,-0.0154,0.233445,0.97237,1
1495,0.9167,0.0,0.0181,0.0,-0.0181,0.237686,0.971342,1
1496,0.9333,0.0,0.0168,0.0,-0.0168,0.241922,0.970296,1
1497,0.95,0.0,0.0141,0.0,-0.0141,0.246153,0.969231,1
1498,0.9667,0.0,0.0144,0.0,-0.0144,0.25038,0.968148,1
1499,0.9833,0.0,0.0166,0.0,-0.0166,0.254602,0.967046,1
1500,1.0,0.0,0.015,0.0,-0.015,0.258819,0.965926,1
1501,1.0167,0.0,0.0141,0.0,-0.0141,0.263031,0.964787,1
1502,1.0333,0.0,0.0154,0.0,-0.0154,0.267238,0.96363,1
1503,1.05,0.0,0.0182,0.0,-0.0182,0.27144,0.962455,1
1504,1.0667,0.0,0.0157,0.0,-0.0157,0.275637,0.961262,1
1505,1.0833,0.0,0.0119,0.0,-0.0119,0.279829,0.96005,1
1506,1.1,0.0,0.0123,0.0,-0.0123,0.284015,0.95882,1
1507,1.1167,0.0,0.0168,0.0,-0.0168,0.288196,0.957571,1
1508,1.1333,0.0,0.0185,0.0,-0.0185,0.292372,0.956305,1
1509,1.15,0.0,0.0178,0.0,-0.0178,0.296542,0.95502,1
1510,1.1667,0.0,0.0183,0.0,-0.0183,0.300706,0.953717,1
1511,1.1833,0.0,0.0182,0.0,-0.0182,0.304864,0.952396,1
1512,1.2,0.0,0.017,0.0,-0.017,0.309017,0.951057,1
1513,1.2167,0.0,0.0185,0.0,-0.0185,0.313164,0.949699,1
1514,1.2333,0.0,0.0187,0.0,-0.0187,0.317305,0.948324,1
1515,1.25,0.0,0.0153,0.0,-0.0153,0.321439,0.94693,1
1516,1.2667,0.0,0.0174,0.0,-0.0174,0.325568,0.945519,1
1517,1.2833,0.0,0.0135,0.0,-0.0135,0.329691,0.944089,1
1518,1.3,0.0,0.0136,0.0,-0.0136,0.333807,0.942641,1
1519,1.3167,0.0,0.0129,0.0,-0.0129,0.337917,0.941176,1
1520,1.3333,0.0,0.015,0.0,-0.015,0.34202,0.939693,1
1521,1.35,0.0,0.0168,0.0,-0.0168,0.346117,0.938191,1
1522,1.3667,0.0,0.0152,0.0,-0.0152,0.350207,0.936672,1
1523,1.3833,0.0,0.0143,0.0,-0.0143,0.354291,0.935135,1
1524,1.4,0.0,0.014,0.0,-0.014,0.358368,0.93358,1
1525,1.4167,0.0,0.0103,0.0,-0.0103,0.362438,0.932008,1
1526,1.4333,0.0,0.016,0.0,-0.016,0.366501,0.930418,1
1527,1.45,0.0,0.0134,0.0,-0.0134,0.370557,0.92881,1
1528,1.4667,0.0,0.0154,0.0,-0.0154,0.374607,0.927184,1
1529,1.4833,0.0,0.0167,0.0,-0.0167,0.378649,0.925541,1
1530,1.5,0.0,0.0171,0.0,-0.0171,0.382683,0.92388,1
1531,1.5167,0.0,0.0144,0.0,-0.0144,0.386711,0.922201,1
1532,1.5333,0.0,0.0157,0.0,-0.0157,0.390731,0.920505,1
1533,1.55,0.0,0.0145,0.0,-0.0145,0.394744,0.918791,1
1534,1.5667,0.0,0.0166,0.0,-0.0166,0.398749,0.91706,1
1535,1.5833,0.0,0.0154,0.0,-0.0154,0.402747,0.915311,1
1536,1.6,0.0,0.0143,0.0,-0.0143,0.406737,0.913545,1
1537,1.6167,0.0,0.015,0.0,-0.015,0.410719,0.911762,1
1538,1.6333,0.0,0.0169,0.0,-0.0169,0.414693,0.909961,1
1539,1.65,0.0,0.0161,0.0,-0.0161,0.41866,0.908143,1
1540,1.6667,0.0,0.0107,0.0,-0.0107,0.422618,0.906308,1
1541,1.6833,0.0,0.0157,0.0,-0.0157,0.426569,0.904455,1
1542,1.7,0.0,0.0173,0.0,-0.0173,0.430511,0.902585,1
1543,1.7167,0.0,0.0132,0.0,-0.0132,0.434445,0.900698,1
1544,1.7333,0.0,0.0165,0.0,-0.0165,0.438371,0.898794,1
1545,1.75,0.0,0.0172,0.0,-0.0172,0.442289,0.896873,1
1546,1.7667,0.0,0.0124,0.0,-0.0124,0.446198,0.894934,1
1547,1.7833,0.0,0.0157,0.0,-0.0157,0.450098,0.892979,1
1548,1.8,0.0,0.0149,0.0,-0.0149,0.45399,0.891007,1
1549,1.8167,0.0,0.017,0.0,-0.017,0.457874,0.889017,1
1550,1.8333,0.0,0.0194,0.0,-0.0194,0.461749,0.887011,1
1551,1.85,0.0,0.0154,0.0,-0.0154,0.465615,0.884988,1
1552,1.8667,0.0,0.0141,0.0,-0.0141,0.469472,0.882948,1
1553,1.8833,0.0,0.0145,0.0,-0.0145,0.47332,0.880891,1
1554,1.9,0.0,0.0146,0.0,-0.0146,0.477159,0.878817,1
1555,1.9167,0.0,0.0148,0.0,-0.0148,0.480989,0.876727,1
1556,1.9333,0.0,0.017,0.0,-0.017,0.48481,0.87462,1
1557,1.95,0.0,0.0175,0.0,-0.0175,0.488621,0.872496,1
1558,1.9667,0.0,0.0128,0.0,-0.0128,0.492424,0.870356,1
1559,1.9833,0.0,0.0165,0.0,-0.0165,0.496217,0.868199,1
1560,2.0,0.0,0.0162,0.0,-0.0162,0.5,0.866025,1
1561,2.0167,0.0,0.0173,0.0,-0.0173,0.503774,0.863836,1
1562,2.0333,0.0,0.0149,0.0,-0.0149,0.507538,0.861629,1
1563,2.05,0.0,0.011,0.0,-0.011,0.511293,0.859406,1
1564,2.0667,0.0,0.0143,0.0,-0.0143,0.515038,0.857167,1
1565,2.0833,0.0,0.015,0.0,-0.015,0.518773,0.854912,1
1566,2.1,0.0,0.0159,0.0,-0.0159,0.522499,0.85264,1
1567,2.1167,0.0,0.0154,0.0,-0.0154,0.526214,0.850352,1
1568,2.1333,0.0,0.0157,0.0,-0.0157,0.529919,0.848048,1
1569,2.15,0.0,0.0144,0.0,-0.0144,0.533615,0.845728,1
1570,2.1667,0.0,0.0155,0.0,-0.0155,0.5373,0.843391,1
1571,2.1833,0.0,0.0132,0.0,-0.0132,0.540974,0.841039,1
1572,2.2,0.0,0.0158,0.0,-0.0158,0.544639,0.838671,1
1573,2.2167,0.0,0.0201,0.0,-0.0201,0.548293,0.836286,1
1574,2.2333,0.0,0.0135,0.0,-0.0135,0.551937,0.833886,1
1575,2.25,0.0,0.0175,0.0,-0.0175,0.55557,0.83147,1
1576,2.2667,0.0,0.0134,0.0,-0.0134,0.559193,0.829038,1
1577,2.2833,0.0,0.0152,0.0,-0.0152,0.562805,0.82659,1
1578,2.3,0.0,0.017,0.0,-0.017,0.566406,0.824126,1
1579,2.3167,0.0,0.0163,0.0,-0.0163,0.569997,0.821647,1
1580,2.3333,0.0,0.0125,0.0,-0.0125,0.573576,0.819152,1
1581,2.35,0.0,0.017,0.0,-0.017,0.577145,0.816642,1
1582,2.3667,0.0,0.0148,0.0,-0.0148,0.580703,0.814116,1
1583,2.3833,0.0,0.0177,0.0,-0.0177,0.58425,0.811574,1
1584,2.4,0.0,0.0122,0.0,-0.0122,0.587785,0.809017,1
1585,2.4167,0.0,0.0185,0.0,-0.0185,0.59131,0.806445,1
1586,2.4333,0.0,0.0133,0.0,-0.0133,0.594823,0.803857,1
1587,2.45,0.0,0.0158,0.0,-0.0158,0.598325,0.801254,1
1588,2.4667,0.0,0.0136,0.0,-0.0136,0.601815,0.798636,1
1589,2.4833,0.0,0.0113,0.0,-0.0113,0.605294,0.796002,1
1590,2.5,0.0,0.0167,0.0,-0.0167,0.608761,0.793353,1
1591,2.5167,0.0,0.0164,0.0,-0.0164,0.612217,0.79069,1
1592,2.5333,0.0,0.0115,0.0,-0.0115,0.615661,0.788011,1
1593,2.55,0.0,0.0178,0.0,-0.0178,0.619094,0.785317,1
1594,2.5667,0.0,0.0166,0.0,-0.0166,0.622515,0.782608,1
1595,2.5833,0.0,0.0172,0.0,-0.0172,0.625923,0.779884,1
1596,2.6,0.0,0.015,0.0,-0.015,0.62932,0.777146,1
1597,2.6167,0.0,0.015,0.0,-0.015,0.632705,0.774393,1
1598,2.6333,0.0,0.0176,0.0,-0.0176,0.636078,0.771625,1
1599,2.65,0.0,0.0153,0.0,-0.0153,0.639439,0.768842,1
1600,2.6667,0.0,0.0164,0.0,-0.0164,0.642788,0.766044,1
1601,2.6833,0.0,0.0128,0.0,-0.0128,0.646124,0.763232,1
1602,2.7,0.0,0.0181,0.0,-0.0181,0.649448,0.760406,1
1603,2.7167,0.0,0.0149,0.0,-0.0149,0.65276,0.757565,1
1604,2.7333,0.0,0.0144,0.0,-0.0144,0.656059,0.75471,1
1605,2.75,0.0,0.0163,0.0,-0.0163,0.659346,0.75184,1
1606,2.7667,0.0,0.0156,0.0,-0.0156,0.66262,0.748956,1
1607,2.7833,0.0,0.016,0.0,-0.016,0.665882,0.746057,1
1608,2.8,0.0,0.0146,0.0,-0.0146,0.669131,0.743145,1
1609,2.8167,0.0,0.0159,0.0,-0.0159,0.672367,0.740218,1
1610,2.8333,0.0,0.0138,0.0,-0.0138,0.67559,0.737277,1
1611,2.85,0.0,0.0167,0.0,-0.0167,0.678801,0.734323,1
1612,2.8667,0.0,0.0151,0.0,-0.0151,0.681998,0.731354,1
1613,2.8833,0.0,0.015,0.0,-0.015,0.685183,0.728371,1
1614,2.9,0.0,0.0156,0.0,-0.0156,0.688355,0.725374,1
1615,2.9167,0.0,0.0179,0.0,-0.0179,0.691513,0.722364,1
1616,2.9333,0.0,0.0148,0.0,-0.0148,0.694658,0.71934,1
1617,2.95,0.0,0.0162,0.0,-0.0162,0.69779,0.716302,1
1618,2.9667,0.0,0.0171,0.0,-0.0171,0.700909,0.71325,1
1619,2.9833,0.0,0.016,0.0,-0.016,0.704015,0.710185,1
1620,3.0,0.0,0.0158,0.0,-0.0158,0.707107,0.707107,1
1621,3.0167,0.0,0.0161,0.0,-0.0161,0.710185,0.704015,1
1622,3.0333,0.0,0.0177,0.0,-0.0177,0.71325,0.700909,1
1623,3.05,0.0,0.0192,0.0,-0.0192,0.716302,0.69779,1
1624,3.0667,0.0,0.0168,0.0,-0.0168,0.71934,0.694658,1
1625,3.0833,0.0,0.0199,0.0,-0.0199,0.722364,0.691513,1
1626,3.1,0.0,0.0168,0.0,-0.0168,0.725374,0.688355,1
1627,3.1167,0.0,0.0126,0.0,-0.0126,0.728371,0.685183,1
1628,3.1333,0.0,0.0153,0.0,-0.0153,0.731354,0.681998,1
1629,3.15,0.0,0.0176,0.0,-0.0176,0.734323,0.678801,1
1630,3.1667,0.0,0.0138,0.0,-0.0138,0.737277,0.67559,1
1631,3.1833,0.0,0.018,0.0,-0.018,0.740218,0.672367,1
1632,3.2,0.0,0.0158,0.0,-0.0158,0.743145,0.669131,1
1633,3.2167,0.0,0.0175,0.0,-0.0175,0.746057,0.665882,1
1634,3.2333,0.0,0.0188,0.0,-0.0188,0.748956,0.66262,1
1635,3.25,0.0,0.0143,0.0,-0.0143,0.75184,0.659346,1
1636,3.2667,0.0,0.0165,0.0,-0.0165,0.75471,0.656059,1
1637,3.2833,0.0,0.0146,0.0,-0.0146,0.757565,0.65276,1
1638,3.3,0.0,0.0161,0.0,-0.0161,0.760406,0.649448,1
1639,3.3167,0.0,0.0179,0.0,-0.0179,0.763232,0.646124,1
1640,3.3333,0.0,0.0162,0.0,-0.0162,0.766044,0.642788,1
1641,3.35,0.0,0.0153,0.0,-0.0153,0.768842,0.639439,1
1642,3.3667,0.0,0.0161,0.0,-0.0161,0.771625,0.636078,1
1643,3.3833,0.0,0.0172,0.0,-0.0172,0.774393,0.632705,1
1644,3.4,0.0,0.0195,0.0,-0.0195,0.777146,0.62932,1
1645,3.4167,0.0,0.0161,0.0,-0.0161,0.779884,0.625923,1
1646,3.4333,0.0,0.0148,0.0,-0.0148,0.782608,0.622515,1
1647,3.45,0.0,0.0181,0.0,-0.0181,0.785317,0.619094,1
1648,3.4667,0.0,0.0176,0.0,-0.0176,0.788011,0.615661,1
1649,3.4833,0.0,0.0154,0.0,-0.0154,0.79069,0.612217,1
1650,3.5,0.0,0.0158,0.0,-0.0158,0.793353,0.608761,1
1651,3.5167,0.0,0.0182,0.0,-0.0182,0.796002,0.605294,1
1652,3.5333,0.0,0.0134,0.0,-0.0134,0.798636,0.601815,1
1653,3.55,0.0,0.0145,0.0,-0.0145,0.801254,0.598325,1
1654,3.5667,0.0,0.016,0.0,-0.016,0.803857,0.594823,1
1655,3.5833,0.0,0.0164,0.0,-0.0164,0.806445,0.59131,1
1656,3.6,0.0,0.0159,0.0,-0.0159,0.809017,0.587785,1
1657,3.6167,0.0,0.0133,0.0,-0.0133,0.811574,0.58425,1
1658,3.6333,0.0,0.015,0.0,-0.015,0.814116,0.580703,1
1659,3.65,0.0,0.0144,0.0,-0.0144,0.816642,0.577145,1
1660,3.6667,0.0,0.0155,0.0,-0.0155,0.819152,0.573576,1
1661,3.6833,0.0,0.0148,0.0,-0.0148,0.821647,0.569997,1
1662,3.7,0.0,0.0175,0.0,-0.0175,0.824126,0.566406,1
1663,3.7167,0.0,0.0146,0.0,-0.0146,0.82659,0.562805,1
1664,3.7333,0.0,0.0209,0.0,-0.0209,0.829038,0.559193,1
1665,3.75,0.0,0.0138,0.0,-0.0138,0.83147,0.55557,1
1666,3.7667,0.0,0.0206,0.0,-0.0206,0.833886,0.551937,1
1667,3.7833,0.0,0.0181,0.0,-0.0181,0.836286,0.548293,1
1668,3.8,0.0,0.0173,0.0,-0.0173,0.838671,0.544639,1
1669,3.8167,0.0,0.0151,0.0,-0.0151,0.841039,0.540974,1
1670,3.8333,0.0,0.0178,0.0,-0.0178,0.843391,0.5373,1
1671,3.85,0.0,0.0181,0.0,-0.0181,0.845728,0.533615,1
1672,3.8667,0.0,0.0184,0.0,-0.0184,0.848048,0.529919,1
1673,3.8833,0.0,0.0147,0.0,-0.0147,0.850352,0.526214,1
1674,3.9,0.0,0.0139,0.0,-0.0139,0.85264,0.522499,1
1675,3.9167,0.0,0.02,0.0,-0.02,0.854912,0.518773,1
1676,3.9333,0.0,0.0163,0.0,-0.0163,0.857167,0.515038,1
1677,3.95,0.0,0.0172,0.0,-0.0172,0.859406,0.511293,1
1678,3.9667,0.0,0.0164,0.0,-0.0164,0.861629,0.507538,1
1679,3.9833,0.0,0.0209,0.0,-0.0209,0.863836,0.503774,1
1680,4.0,0.0,0.014,0.0,-0.014,0.866025,0.5,1
1681,4.0167,0.0,0.016,0.0,-0.016,0.868199,0.496217,1
1682,4.0333,0.0,0.0166,0.0,-0.0166,0.870356,0.492424,1
1683,4.05,0.0,0.0183,0.0,-0.0183,0.872496,0.488621,1
1684,4.0667,0.0,0.0196,0.0,-0.0196,0.87462,0.48481,1
1685,4.0833,0.0,0.0155,0.0,-0.0155,0.876727,0.480989,1
1686,4.1,0.0,0.0129,0.0,-0.0129,0.878817,0.477159,1
1687,4.1167,0.0,0.0176,0.0,-0.0176,0.880891,0.47332,1
1688,4.1333,0.0,0.0151,0.0,-0.0151,0.882948,0.469472,1
1689,4.15,0.0,0.0139,0.0,-0.0139,0.884988,0.465615,1
1690,4.1667,0.0,0.0137,0.0,-0.0137,0.887011,0.461749,1
1691,4.1833,0.0,0.0134,0.0,-0.0134,0.889017,0.457874,1
1692,4.2,0.0,0.0166,0.0,-0.0166,0.891007,0.45399,1
1693,4.2167,0.0,0.0179,0.0,-0.0179,0.892979,0.450098,1
1694,4.2333,0.0,0.014,0.0,-0.014,0.894934,0.446198,1
1695,4.25,0.0,0.0144,0.0,-0.0144,0.896873,0.442289,1
1696,4.2667,0.0,0.0131,0.0,-0.0131,0.898794,0.438371,1
1697,4.2833,0.0,0.0135,0.0,-0.0135,0.900698,0.434445,1
1698,4.3,0.0,0.0125,0.0,-0.0125,0.902585,0.430511,1
1699,4.3167,0.0,0.0131,0.0,-0.0131,0.904455,0.426569,1
1700,4.3333,0.0,0.0201,0.0,-0.0201,0.906308,0.422618,1
1701,4.35,0.0,0.0139,0.0,-0.0139,0.908143,0.41866,1
1702,4.3667,0.0,0.0128,0.0,-0.0128,0.909961,0.414693,1
1703,4.3833,0.0,0.0143,0.0,-0.0143,0.911762,0.410719,1
1704,4.4,0.0,0.0145,0.0,-0.0145,0.913545,0.406737,1
1705,4.4167,0.0,0.0135,0.0,-0.0135,0.915311,0.402747,1
1706,4.4333,0.0,0.0147,0.0,-0.0147,0.91706,0.398749,1
1707,4.45,0.0,0.0119,0.0,-0.0119,0.918791,0.394744,1
1708,4.4667,0.0,0.0177,0.0,-0.0177,0.920505,0.390731,1
1709,4.4833,0.0,0.0162,0.0,-0.0162,0.922201,0.386711,1
1710,4.5,0.0,0.0159,0.0,-0.0159,0.92388,0.382683,1
1711,4.5167,0.0,0.016,0.0,-0.016,0.925541,0.378649,1
1712,4.5333,0.0,0.0169,0.0,-0.0169,0.927184,0.374607,1
1713,4.55,0.0,0.0169,0.0,-0.0169,0.92881,0.370557,1
1714,4.5667,0.0,0.0147,0.0,-0.0147,0.930418,0.366501,1
1715,4.5833,0.0,0.014,0.0,-0.014,0.932008,0.362438,1
1716,4.6,0.0,0.017,0.0,-0.017,0.93358,0.358368,1
1717,4.6167,0.0,0.0159,0.0,-0.0159,0.935135,0.354291,1
1718,4.6333,0.0,0.0175,0.0,-0.0175,0.936672,0.350207,1
1719,4.65,0.0,0.0165,0.0,-0.0165,0.938191,0.346117,1
1720,4.6667,0.0,0.014,0.0,-0.014,0.939693,0.34202,1
1721,4.6833,0.0,0.0147,0.0,-0.0147,0.941176,0.337917,1
1722,4.7,0.0,0.0121,0.0,-0.0121,0.942641,0.333807,1
1723,4.7167,0.0,0.0117,0.0,-0.0117,0.944089,0.329691,1
1724,4.7333,0.0,0.0155,0.0,-0.0155,0.945519,0.325568,1
1725,4.75,0.0,0.0138,0.0,-0.0138,0.94693,0.321439,1
1726,4.7667,0.0,0.0164,0.0,-0.0164,0.948324,0.317305,1
1727,4.7833,0.0,0.0188,0.0,-0.0188,0.949699,0.313164,1
1728,4.8,0.0,0.0176,0.0,-0.0176,0.951057,0.309017,1
1729,4.8167,0.0,0.0136,0.0,-0.0136,0.952396,0.304864,1
1730,4.8333,0.0,0.0134,0.0,-0.0134,0.953717,0.300706,1
1731,4.85,0.0,0.0147,0.0,-0.0147,0.95502,0.296542,1
1732,4.8667,0.0,0.016,0.0,-0.016,0.956305,0.292372,1
1733,4.8833,0.0,0.0142,0.0,-0.0142,0.957571,0.288196,1
1734,4.9,0.0,0.0151,0.0,-0.0151,0.95882,0.284015,1
1735,4.9167,0.0,0.0137,0.0,-0.0137,0.96005,0.279829,1
1736,4.9333,0.0,0.0138,0.0,-0.0138,0.961262,0.275637,1
1737,4.95,0.0,0.0161,0.0,-0.0161,0.962455,0.27144,1
1738,4.9667,0.0,0.0134,0.0,-0.0134,0.96363,0.267238,1
1739,4.9833,0.0,0.0126,0.0,-0.0126,0.964787,0.263031,1
1740,5.0,0.0,0.0146,0.0,-0.0146,0.965926,0.258819,1
1741,5.0167,0.0,0.012,0.0,-0.012,0.967046,0.254602,1
1742,5.0333,0.0,0.0159,0.0,-0.0159,0.968148,0.25038,1
1743,5.05,0.0,0.0135,0.0,-0.0135,0.969231,0.246153,1
1744,5.0667,0.0,0.0174,0.0,-0.0174,0.970296,0.241922,1
1745,5.0833,0.0,0.0145,0.0,-0.0145,0.971342,0.237686,1
1746,5.1,0.0,0.0178,0.0,-0.0178,0.97237,0.233445,1
1747,5.1167,0.0,0.0168,0.0,-0.0168,0.973379,0.2292,1
1748,5.1333,0.0,0.019,0.0,-0.019,0.97437,0.224951,1
1749,5.15,0.0,0.0189,0.0,-0.0189,0.975342,0.220697,1
1750,5.1667,0.0,0.0175,0.0,-0.0175,0.976296,0.21644,1
1751,5.1833,0.0,0.0138,0.0,-0.0138,0.977231,0.212178,1
1752,5.2,0.0,0.0159,0.0,-0.0159,0.978148,0.207912,1
1753,5.2167,0.0,0.0139,0.0,-0.0139,0.979045,0.203642,1
1754,5.2333,0.0,0.0158,0.0,-0.0158,0.979925,0.199368,1
1755,5.25,0.0,0.013,0.0,-0.013,0.980785,0.19509,1
1756,5.2667,0.0,0.0192,0.0,-0.0192,0.981627,0.190809,1
1757,5.2833,0.0,0.0149,0.0,-0.0149,0.98245,0.186524,1
1758,5.3,0.0,0.0209,0.0,-0.0209,0.983255,0.182236,1
1759,5.3167,0.0,0.0117,0.0,-0.0117,0.984041,0.177944,1
1760,5.3333,0.0,0.0125,0.0,-0.0125,0.984808,0.173648,1
1761,5.35,0.0,0.0226,0.0,-0.0226,0.985556,0.16935,1
1762,5.3667,0.0,0.0104,0.0,-0.0104,0.986286,0.165048,1
1763,5.3833,0.0,0.0167,0.0,-0.0167,0.986996,0.160743,1
1764,5.4,0.0,0.0189,0.0,-0.0189,0.987688,0.156434,1
1765,5.4167,0.0,0.0167,0.0,-0.0167,0.988362,0.152123,1
1766,5.4333,0.0,0.0161,0.0,-0.0161,0.989016,0.147809,1
1767,5.45,0.0,0.0146,0.0,-0.0146,0.989651,0.143493,1
1768,5.4667,0.0,0.016,0.0,-0.016,0.990268,0.139173,1
1769,5.4833,0.0,0.0146,0.0,-0.0146,0.990866,0.134851,1
1770,5.5,0.0,0.0134,0.0,-0.0134,0.991445,0.130526,1
1771,5.5167,0.0,0.0204,0.0,-0.0204,0.992005,0.126199,1
1772,5.5333,0.0,0.0163,0.0,-0.0163,0.992546,0.121869,1
1773,5.55,0.0,0.0165,0.0,-0.0165,0.993068,0.117537,1
1774,5.5667,0.0,0.0141,0.0,-0.0141,0.993572,0.113203,1
1775,5.5833,0.0,0.014,0.0,-0.014,0.994056,0.108867,1
1776,5.6,0.0,0.0143,0.0,-0.0143,0.994522,0.104528,1
1777,5.6167,0.0,0.0143,0.0,-0.0143,0.994969,0.100188,1
1778,5.6333,0.0,0.0191,0.0,-0.0191,0.995396,0.095846,1
1779,5.65,0.0,0.0126,0.0,-0.0126,0.995805,0.091502,1
1780,5.6667,0.0,0.0126,0.0,-0.0126,0.996195,0.087156,1
1781,5.6833,0.0,0.0144,0.0,-0.0144,0.996566,0.082808,1
1782,5.7,0.0,0.0179,0.0,-0.0179,0.996917,0.078459,1
1783,5.7167,0.0,0.0139,0.0,-0.0139,0.99725,0.074108,1
1784,5.7333,0.0,0.0099,0.0,-0.0099,0.997564,0.069756,1
1785,5.75,0.0,0.0173,0.0,-0.0173,0.997859,0.065403,1
1786,5.7667,0.0,0.0177,0.0,-0.0177,0.998135,0.061049,1
1787,5.7833,0.0,0.0102,0.0,-0.0102,0.998392,0.056693,1
1788,5.8,0.0,0.0134,0.0,-0.0134,0.99863,0.052336,1
1789,5.8167,0.0,0.0135,0.0,-0.0135,0.998848,0.047978,1
1790,5.8333,0.0,0.0164,0.0,-0.0164,0.999048,0.043619,1
1791,5.85,0.0,0.0167,0.0,-0.0167,0.999229,0.03926,1
1792,5.8667,0.0,0.0137,0.0,-0.0137,0.999391,0.034899,1
1793,5.8833,0.0,0.0138,0.0,-0.0138,0.999534,0.030539,1
1794,5.9,0.0,0.0183,0.0,-0.0183,0.999657,0.026177,1
1795,5.9167,0.0,0.0179,0.0,-0.0179,0.999762,0.021815,1
1796,5.9333,0.0,0.0172,0.0,-0.0172,0.999848,0.017452,1
1797,5.95,0.0,0.0174,0.0,-0.0174,0.999914,0.01309,1
1798,5.9667,0.0,0.0146,0.0,-0.0146,0.999962,0.008727,1
1799,5.9833,0.0,0.0184,0.0,-0.0184,0.99999,0.004363,1
1800,6.0,0.005317,0.0243,0.0,-0.018983,1.0,0.0,1
1801,6.0167,0.000717,0.0279,0.0,-0.027183,0.99999,-0.004363,1
1802,6.0333,0.0,0.0279,0.0,-0.0279,0.999962,-0.008727,1
1803,6.05,0.0,0.0253,0.0,-0.0253,0.999914,-0.01309,1
1804,6.0667,0.001283,0.0266,0.0,-0.025317,0.999848,-0.017452,1
1805,6.0833,0.002283,0.0282,0.0,-0.025917,0.999762,-0.021815,1
1806,6.1,0.006167,0.0241,0.0,-0.017933,0.999657,-0.026177,1
1807,6.1167,0.005283,0.0292,0.0,-0.023917,0.999534,-0.030539,1
1808,6.1333,0.0044,0.0259,0.0,-0.0215,0.999391,-0.034899,1
1809,6.15,0.001233,0.0306,0.0,-0.029367,0.999229,-0.03926,1
1810,6.1667,0.006783,0.0267,0.0,-0.019917,0.999048,-0.043619,1
1811,6.1833,0.006967,0.026,0.0,-0.019033,0.998848,-0.047978,1
1812,6.2,0.009283,0.0284,0.0,-0.019117,0.99863,-0.052336,1
1813,6.2167,0.0117,0.0323,0.0,-0.0206,0.998392,-0.056693,1
1814,6.2333,0.006233,0.0269,0.0,-0.020667,0.998135,-0.061049,1
1815,6.25,0.00845,0.0319,0.0,-0.02345,0.997859,-0.065403,1
1816,6.2667,0.009883,0.0285,0.0,-0.018617,0.997564,-0.069756,1
1817,6.2833,0.01065,0.0299,0.0,-0.01925,0.99725,-0.074108,1
1818,6.3,0.011433,0.0258,0.0,-0.014367,0.996917,-0.078459,1
1819,6.3167,0.012717,0.0289,0.0,-0.016183,0.996566,-0.082808,1
1820,6.3333,0.014767,0.0274,0.0,-0.012633,0.996195,-0.087156,1
1821,6.35,0.011083,0.0293,0.0,-0.018217,0.995805,-0.091502,1
1822,6.3667,0.015,0.027,0.0,-0.012,0.995396,-0.095846,1
1823,6.3833,0.014467,0.0288,0.0,-0.014333,0.994969,-0.100188,1
1824,6.4,0.020617,0.0312,0.0,-0.010583,0.994522,-0.104528,1
1825,6.4167,0.018567,0.0283,0.0,-0.009733,0.994056,-0.108867,1
1826,6.4333,0.01805,0.0273,0.0,-0.00925,0.993572,-0.113203,1
1827,6.45,0.0166,0.0273,0.0,-0.0107,0.993068,-0.117537,1
1828,6.4667,0.020083,0.0273,0.0,-0.007217,0.992546,-0.121869,1
1829,6.4833,0.01975,0.0285,0.0,-0.00875,0.992005,-0.126199,1
1830,6.5,0.01915,0.0269,0.0,-0.00775,0.991445,-0.130526,1
1831,6.5167,0.024583,0.0254,0.0,-0.000817,0.990866,-0.134851,1
1832,6.5333,0.018033,0.0249,0.0,-0.006867,0.990268,-0.139173,1
1833,6.55,0.018933,0.0306,0.0,-0.011667,0.989651,-0.143493,1
1834,6.5667,0.025,0.0263,0.0,-0.0013,0.989016,-0.147809,1
1835,6.5833,0.021867,0.0276,0.0,-0.005733,0.988362,-0.152123,1
1836,6.6,0.022567,0.0284,0.0,-0.005833,0.987688,-0.156434,1
1837,6.6167,0.018083,0.0277,0.0,-0.009617,0.986996,-0.160743,1
1838,6.6333,0.022983,0.0297,0.0,-0.006717,0.986286,-0.165048,1
1839,6.65,0.025633,0.0293,0.0,-0.003667,0.985556,-0.16935,1
1840,6.6667,0.026867,0.0274,0.0,-0.000533,0.984808,-0.173648,1
1841,6.6833,0.02935,0.0291,0.0003,0.00025,0.984041,-0.177944,0
1842,6.7,0.02995,0.03,0.0003,-5e-05,0.983255,-0.182236,0
1843,6.7167,0.029433,0.0302,0.0,-0.000767,0.98245,-0.186524,1
1844,6.7333,0.028333,0.0281,0.0002,0.000233,0.981627,-0.190809,0
1845,6.75,0.028983,0.0262,0.003,0.002783,0.980785,-0.19509,0
1846,6.7667,0.029783,0.0292,0.0036,0.000583,0.979925,-0.199368,0
1847,6.7833,0.034917,0.0292,0.0093,0.005717,0.979045,-0.203642,0
1848,6.8,0.025067,0.0286,0.0058,-0.003533,0.978148,-0.207912,0
1849,6.8167,0.027633,0.0295,0.0039,-0.001867,0.977231,-0.212178,0
1850,6.8333,0.028283,0.0269,0.0053,0.001383,0.976296,-0.21644,0
1851,6.85,0.0332,0.0296,0.0089,0.0036,0.975342,-0.220697,0
1852,6.8667,0.03605,0.0276,0.0173,0.00845,0.97437,-0.224951,0
1853,6.8833,0.03635,0.028,0.0257,0.00835,0.973379,-0.2292,0
1854,6.9,0.034983,0.0259,0.0348,0.009083,0.97237,-0.233445,0
1855,6.9167,0.036683,0.0307,0.0408,0.005983,0.971342,-0.237686,0
1856,6.9333,0.03865,0.0284,0.051,0.01025,0.970296,-0.241922,0
1857,6.95,0.035917,0.0313,0.0556,0.004617,0.969231,-0.246153,0
1858,6.9667,0.038183,0.0299,0.0639,0.008283,0.968148,-0.25038,0
1859,6.9833,0.03875,0.0293,0.0733,0.00945,0.967046,-0.254602,0
1860,7.0,0.036283,0.0517,0.0579,-0.015417,0.965926,-0.258819,0
1861,7.0167,0.0398,0.0534,0.0443,-0.0136,0.964787,-0.263031,0
1862,7.0333,0.04345,0.0479,0.0398,-0.00445,0.96363,-0.267238,0
1863,7.05,0.0433,0.0512,0.0319,-0.0079,0.962455,-0.27144,0
1864,7.0667,0.035883,0.0508,0.017,-0.014917,0.961262,-0.275637,0
1865,7.0833,0.040733,0.0521,0.0056,-0.011367,0.96005,-0.279829,0
1866,7.1,0.041217,0.0522,0.0,-0.010983,0.95882,-0.284015,1
1867,7.1167,0.042083,0.0506,0.0,-0.008517,0.957571,-0.288196,1
1868,7.1333,0.044483,0.0505,0.0,-0.006017,0.956305,-0.292372,1
1869,7.15,0.046383,0.055,0.0,-0.008617,0.95502,-0.296542,1
1870,7.1667,0.0467,0.0564,0.0,-0.0097,0.953717,-0.300706,1
1871,7.1833,0.0463,0.0509,0.0,-0.0046,0.952396,-0.304864,1
1872,7.2,0.044567,0.0509,0.0,-0.006333,0.951057,-0.309017,1
1873,7.2167,0.043883,0.0534,0.0,-0.009517,0.949699,-0.313164,1
1874,7.2333,0.045733,0.0514,0.0,-0.005667,0.948324,-0.317305,1
1875,7.25,0.04845,0.0498,0.0,-0.00135,0.94693,-0.321439,1
1876,7.2667,0.045583,0.0527,0.0,-0.007117,0.945519,-0.325568,1
1877,7.2833,0.049333,0.054,0.0,-0.004667,0.944089,-0.329691,1
1878,7.3,0.050483,0.0535,0.0,-0.003017,0.942641,-0.333807,1
1879,7.3167,0.0502,0.0517,0.0,-0.0015,0.941176,-0.337917,1
1880,7.3333,0.04495,0.0524,0.0,-0.00745,0.939693,-0.34202,1
1881,7.35,0.04925,0.0543,0.0,-0.00505,0.938191,-0.346117,1
1882,7.3667,0.053133,0.0537,0.0,-0.000567,0.936672,-0.350207,1
1883,7.3833,0.051533,0.0525,0.0,-0.000967,0.935135,-0.354291,1
1884,7.4,0.05605,0.0544,0.0017,0.00165,0.93358,-0.358368,0
1885,7.4167,0.053733,0.0519,0.0035,0.001833,0.932008,-0.362438,0
1886,7.4333,0.0544,0.0529,0.005,0.0015,0.930418,-0.366501,0
1887,7.45,0.061933,0.051,0.0159,0.010933,0.92881,-0.370557,0
1888,7.4667,0.0546,0.0518,0.0187,0.0028,0.927184,-0.374607,0
1889,7.4833,0.056933,0.0534,0.0222,0.003533,0.925541,-0.378649,0
1890,7.5,0.061217,0.0518,0.0316,0.009417,0.92388,-0.382683,0
1891,7.5167,0.0586,0.0527,0.0375,0.0059,0.922201,-0.386711,0
1892,7.5333,0.059433,0.0518,0.0451,0.007633,0.920505,-0.390731,0
1893,7.55,0.056983,0.0541,0.048,0.002883,0.918791,-0.394744,0
1894,7.5667,0.059767,0.0496,0.0582,0.010167,0.91706,-0.398749,0
1895,7.5833,0.0605,0.0485,0.0702,0.012,0.915311,-0.402747,0
1896,7.6,0.055983,0.0513,0.0749,0.004683,0.913545,-0.406737,0
1897,7.6167,0.062533,0.0492,0.0882,0.013333,0.911762,-0.410719,0
1898,7.6333,0.065217,0.0529,0.1005,0.012317,0.909961,-0.414693,0
1899,7.65,0.066017,0.0515,0.115,0.014517,0.908143,-0.41866,0
1900,7.6667,0.06775,0.0487,0.1341,0.01905,0.906308,-0.422618,0
1901,7.6833,0.061217,0.0534,0.1419,0.007817,0.904455,-0.426569,0
1902,7.7,0.066567,0.0522,0.1563,0.014367,0.902585,-0.430511,0
1903,7.7167,0.066817,0.0539,0.1692,0.012917,0.900698,-0.434445,0
1904,7.7333,0.07,0.0479,0.1913,0.0221,0.898794,-0.438371,0
1905,7.75,0.064417,0.0489,0.2068,0.015517,0.896873,-0.442289,0
1906,7.7667,0.065667,0.0498,0.2227,0.015867,0.894934,-0.446198,0
1907,7.7833,0.066883,0.0511,0.2385,0.015783,0.892979,-0.450098,0
1908,7.8,0.071467,0.0499,0.2601,0.021567,0.891007,-0.45399,0
1909,7.8167,0.063883,0.0502,0.2738,0.013683,0.889017,-0.457874,0
1910,7.8333,0.069533,0.0517,0.2916,0.017833,0.887011,-0.461749,0
1911,7.85,0.070083,0.0538,0.3079,0.016283,0.884988,-0.465615,0
1912,7.8667,0.074517,0.0524,0.33,0.022117,0.882948,-0.469472,0
1913,7.8833,0.074717,0.0522,0.3525,0.022517,0.880891,-0.47332,0
1914,7.9,0.069833,0.0521,0.3702,0.017733,0.878817,-0.477159,0
1915,7.9167,0.069583,0.0499,0.3899,0.019683,0.876727,-0.480989,0
1916,7.9333,0.072133,0.0496,0.4124,0.022533,0.87462,-0.48481,0
1917,7.95,0.074417,0.0531,0.4337,0.021317,0.872496,-0.488621,0
1918,7.9667,0.076733,0.0531,0.4573,0.023633,0.870356,-0.492424,0
1919,7.9833,0.074917,0.0523,0.4799,0.022617,0.868199,-0.496217,0
1920,8.0,0.07585,0.0524,0.5033,0.02345,0.866025,-0.5,0
1921,8.0167,0.0754,0.0515,0.5272,0.0239,0.863836,-0.503774,0
1922,8.0333,0.072467,0.05,0.5497,0.022467,0.861629,-0.507538,0
1923,8.05,0.0787,0.0498,0.5786,0.0289,0.859406,-0.511293,0
1924,8.0667,0.075817,0.0528,0.6016,0.023017,0.857167,-0.515038,0
1925,8.0833,0.07975,0.055,0.6263,0.02475,0.854912,-0.518773,0
1926,8.1,0.077483,0.0517,0.6521,0.025783,0.85264,-0.522499,0
1927,8.1167,0.075717,0.051,0.6768,0.024717,0.850352,-0.526214,0
1928,8.1333,0.080483,0.0539,0.7034,0.026583,0.848048,-0.529919,0
1929,8.15,0.07725,0.0532,0.7275,0.02405,0.845728,-0.533615,0
1930,8.1667,0.0763,0.0512,0.7526,0.0251,0.843391,-0.5373,0
1931,8.1833,0.082067,0.054,0.7807,0.028067,0.841039,-0.540974,0
1932,8.2,0.0812,0.0533,0.8086,0.0279,0.838671,-0.544639,0
1933,8.2167,0.083817,0.0509,0.8415,0.032917,0.836286,-0.548293,0
1934,8.2333,0.08285,0.0504,0.874,0.03245,0.833886,-0.551937,0
1935,8.25,0.083433,0.0524,0.905,0.031033,0.83147,-0.55557,0
1936,8.2667,0.083983,0.049,0.94,0.034983,0.829038,-0.559193,0
1937,8.2833,0.08665,0.0527,0.974,0.03395,0.82659,-0.562805,0
1938,8.3,0.0851,0.0495,1.0096,0.0356,0.824126,-0.566406,0
1939,8.3167,0.088567,0.0523,1.0459,0.036267,0.821647,-0.569997,0
1940,8.3333,0.086167,0.0516,1.0805,0.034567,0.819152,-0.573576,0
1941,8.35,0.088217,0.0535,1.1152,0.034717,0.816642,-0.577145,0
1942,8.3667,0.09025,0.0511,1.1543,0.03915,0.814116,-0.580703,0
1943,8.3833,0.08665,0.0515,1.1895,0.03515,0.811574,-0.58425,0
1944,8.4,0.086867,0.0497,1.2267,0.037167,0.809017,-0.587785,0
1945,8.4167,0.0929,0.0517,1.2679,0.0412,0.806445,-0.59131,0
1946,8.4333,0.0917,0.0514,1.3082,0.0403,0.803857,-0.594823,0
1947,8.45,0.090333,0.0503,1.3482,0.040033,0.801254,-0.598325,0
1948,8.4667,0.0867,0.0538,1.3811,0.0329,0.798636,-0.601815,0
1949,8.4833,0.091583,0.0551,1.4176,0.036483,0.796002,-0.605294,0
1950,8.5,0.091817,0.0559,1.4535,0.035917,0.793353,-0.608761,0
1951,8.5167,0.096033,0.0512,1.4983,0.044833,0.79069,-0.612217,0
1952,8.5333,0.08995,0.0522,1.536,0.03775,0.788011,-0.615661,0
1953,8.55,0.0939,0.0553,1.5746,0.0386,0.785317,-0.619094,0
1954,8.5667,0.091083,0.0537,1.612,0.037383,0.782608,-0.622515,0
1955,8.5833,0.092067,0.0567,1.6474,0.035367,0.779884,-0.625923,0
1956,8.6,0.08875,0.0509,1.6852,0.03785,0.777146,-0.62932,0
1957,8.6167,0.094867,0.0536,1.7265,0.041267,0.774393,-0.632705,0
1958,8.6333,0.092733,0.053,1.7662,0.039733,0.771625,-0.636078,0
1959,8.65,0.097383,0.0511,1.8125,0.046283,0.768842,-0.639439,0
1960,8.6667,0.098167,0.0513,1.8594,0.046867,0.766044,-0.642788,0
1961,8.6833,0.09345,0.0535,1.8993,0.03995,0.763232,-0.646124,0
1962,8.7,0.098067,0.0531,1.9443,0.044967,0.760406,-0.649448,0
1963,8.7167,0.098333,0.0505,1.9921,0.047833,0.757565,-0.65276,0
1964,8.7333,0.098867,0.0535,2.0375,0.045367,0.75471,-0.656059,0
1965,8.75,0.100083,0.0519,2.0857,0.048183,0.75184,-0.659346,0
1966,8.7667,0.102883,0.0552,2.1334,0.047683,0.748956,-0.66262,0
1967,8.7833,0.0995,0.0535,2.1794,0.046,0.746057,-0.665882,0
1968,8.8,0.101683,0.0497,2.2314,0.051983,0.743145,-0.669131,0
1969,8.8167,0.100733,0.0554,2.2767,0.045333,0.740218,-0.672367,0
1970,8.8333,0.099783,0.0532,2.3233,0.046583,0.737277,-0.67559,0
1971,8.85,0.103267,0.0528,2.3738,0.050467,0.734323,-0.678801,0
1972,8.8667,0.102317,0.0505,2.4256,0.051817,0.731354,-0.681998,0
1973,8.8833,0.102,0.0517,2.4759,0.0503,0.728371,-0.685183,0
1974,8.9,0.10055,0.0553,2.5212,0.04525,0.725374,-0.688355,0
1975,8.9167,0.102467,0.05,2.5737,0.052467,0.722364,-0.691513,0
1976,8.9333,0.100917,0.051,2.6236,0.049917,0.71934,-0.694658,0
1977,8.95,0.1044,0.0488,2.6792,0.0556,0.716302,-0.69779,0
1978,8.9667,0.107517,0.0549,2.7318,0.052617,0.71325,-0.700909,0
1979,8.9833,0.10385,0.0526,2.783,0.05125,0.710185,-0.704015,0
1980,9.0,0.106667,0.0288,2.8609,0.077867,0.707107,-0.707107,0
1981,9.0167,0.105783,0.0292,2.9375,0.076583,0.704015,-0.710185,0
1982,9.0333,0.1068,0.0324,3.0119,0.0744,0.700909,-0.71325,0
1983,9.05,0.108433,0.029,3.0913,0.079433,0.69779,-0.716302,0
1984,9.0667,0.111183,0.0304,3.1721,0.080783,0.694658,-0.71934,0
1985,9.0833,0.110567,0.0265,3.2562,0.084067,0.691513,-0.722364,0
1986,9.1,0.115067,0.0292,3.3421,0.085867,0.688355,-0.725374,0
1987,9.1167,0.1106,0.028,3.4247,0.0826,0.685183,-0.728371,0
1988,9.1333,0.111217,0.0268,3.5091,0.084417,0.681998,-0.731354,0
1989,9.15,0.11135,0.0274,3.593,0.08395,0.678801,-0.734323,0
1990,9.1667,0.1133,0.0287,3.6776,0.0846,0.67559,-0.737277,0
1991,9.1833,0.108867,0.0298,3.7567,0.079067,0.672367,-0.740218,0
1992,9.2,0.110617,0.0299,3.8374,0.080717,0.669131,-0.743145,0
1993,9.2167,0.11245,0.0282,3.9217,0.08425,0.665882,-0.746057,0
1994,9.2333,0.113467,0.0306,4.0046,0.082867,0.66262,-0.748956,0
1995,9.25,0.114917,0.0308,4.0887,0.084117,0.659346,-0.75184,0
1996,9.2667,0.113717,0.0283,4.1741,0.085417,0.656059,-0.75471,0
1997,9.2833,0.11365,0.0305,4.2572,0.08315,0.65276,-0.757565,0
1998,9.3,0.114217,0.0332,4.3382,0.081017,0.649448,-0.760406,0
1999,9.3167,0.114883,0.0287,4.4244,0.086183,0.646124,-0.763232,0
2000,9.3333,0.115167,0.0294,4.5102,0.085767,0.642788,-0.766044,0
2001,9.35,0.11455,0.0302,4.5946,0.08435,0.639439,-0.768842,0
2002,9.3667,0.1187,0.0319,4.6814,0.0868,0.636078,-0.771625,0
2003,9.3833,0.11705,0.0296,4.7688,0.08745,0.632705,-0.774393,0
2004,9.4,0.1136,0.0301,4.8523,0.0835,0.62932,-0.777146,0
2005,9.4167,0.117033,0.0291,4.9402,0.087933,0.625923,-0.779884,0
2006,9.4333,0.114367,0.0253,5.0293,0.089067,0.622515,-0.782608,0
2007,9.45,0.118833,0.0325,5.1156,0.086333,0.619094,-0.785317,0
2008,9.4667,0.1175,0.0277,5.2054,0.0898,0.615661,-0.788011,0
2009,9.4833,0.119383,0.029,5.2958,0.090383,0.612217,-0.79069,0
2010,9.5,0.115583,0.0266,5.3848,0.088983,0.608761,-0.793353,0
2011,9.5167,0.120417,0.0286,5.4766,0.091817,0.605294,-0.796002,0
2012,9.5333,0.117617,0.0333,5.5609,0.084317,0.601815,-0.798636,0
2013,9.55,0.122433,0.0306,5.6527,0.091833,0.598325,-0.801254,0
2014,9.5667,0.120467,0.0307,5.7425,0.089767,0.594823,-0.803857,0
2015,9.5833,0.123233,0.0282,5.8375,0.095033,0.59131,-0.806445,0
2016,9.6,0.120517,0.0291,5.9289,0.091417,0.587785,-0.809017,0
2017,9.6167,0.122267,0.029,6.0222,0.093267,0.58425,-0.811574,0
2018,9.6333,0.1201,0.0297,6.1126,0.0904,0.580703,-0.814116,0
2019,9.65,0.1233,0.0296,6.2063,0.0937,0.577145,-0.816642,0
2020,9.6667,0.122733,0.0271,6.3019,0.095633,0.573576,-0.819152,0
2021,9.6833,0.1235,0.0276,6.3978,0.0959,0.569997,-0.821647,0
2022,9.7,0.1254,0.0253,6.4979,0.1001,0.566406,-0.824126,0
2023,9.7167,0.125467,0.0305,6.5929,0.094967,0.562805,-0.82659,0
2024,9.7333,0.12555,0.0287,6.6898,0.09685,0.559193,-0.829038,0
2025,9.75,0.124967,0.0281,6.7867,0.096867,0.55557,-0.83147,0
2026,9.7667,0.122617,0.03,6.8793,0.092617,0.551937,-0.833886,0
2027,9.7833,0.128083,0.0278,6.9796,0.100283,0.548293,-0.836286,0
2028,9.8,0.124283,0.0285,7.0754,0.095783,0.544639,-0.838671,0
2029,9.8167,0.1287,0.03,7.1741,0.0987,0.540974,-0.841039,0
2030,9.8333,0.127167,0.0285,7.2728,0.098667,0.5373,-0.843391,0
2031,9.85,0.12515,0.0299,7.3681,0.09525,0.533615,-0.845728,0
2032,9.8667,0.124167,0.0297,7.4626,0.094467,0.529919,-0.848048,0
2033,9.8833,0.12675,0.0269,7.5625,0.09985,0.526214,-0.850352,0
2034,9.9,0.125617,0.0295,7.6586,0.096117,0.522499,-0.85264,0
2035,9.9167,0.132833,0.0315,7.7599,0.101333,0.518773,-0.854912,0
2036,9.9333,0.128583,0.0285,7.86,0.100083,0.515038,-0.857167,0
2037,9.95,0.12965,0.0302,7.9595,0.09945,0.511293,-0.859406,0
2038,9.9667,0.1294,0.0269,8.062,0.1025,0.507538,-0.861629,0
2039,9.9833,0.132967,0.0276,8.1674,0.105367,0.503774,-0.863836,0
2040,10.0,0.131067,0.0306,8.2679,0.100467,0.5,-0.866025,0
2041,10.0167,0.132983,0.0267,8.3742,0.106283,0.496217,-0.868199,0
2042,10.0333,0.129183,0.0277,8.4757,0.101483,0.492424,-0.870356,0
2043,10.05,0.1304,0.029,8.5771,0.1014,0.488621,-0.872496,0
2044,10.0667,0.1307,0.0316,8.6762,0.0991,0.48481,-0.87462,0
2045,10.0833,0.130633,0.027,8.7798,0.103633,0.480989,-0.876727,0
2046,10.1,0.126867,0.0249,8.8818,0.101967,0.477159,-0.878817,0
2047,10.1167,0.132283,0.0267,8.9874,0.105583,0.47332,-0.880891,0
2048,10.1333,0.13265,0.0275,9.0925,0.10515,0.469472,-0.882948,0
2049,10.15,0.131817,0.0282,9.1961,0.103617,0.465615,-0.884988,0
2050,10.1667,0.130483,0.0272,9.2994,0.103283,0.461749,-0.887011,0
2051,10.1833,0.131717,0.0253,9.4058,0.106417,0.457874,-0.889017,0
2052,10.2,0.13765,0.0264,9.517,0.11125,0.45399,-0.891007,0
2053,10.2167,0.131783,0.0302,9.6186,0.101583,0.450098,-0.892979,0
2054,10.2333,0.136783,0.0305,9.7249,0.106283,0.446198,-0.894934,0
2055,10.25,0.134767,0.0285,9.8312,0.106267,0.442289,-0.896873,0
2056,10.2667,0.135383,0.0256,9.941,0.109783,0.438371,-0.898794,0
2057,10.2833,0.1366,0.03,10.0476,0.1066,0.434445,-0.900698,0
2058,10.3,0.1387,0.0282,10.1581,0.1105,0.430511,-0.902585,0
2059,10.3167,0.13315,0.0262,10.2651,0.10695,0.426569,-0.904455,0
2060,10.3333,0.138283,0.0284,10.375,0.109883,0.422618,-0.906308,0
2061,10.35,0.1366,0.0287,10.4829,0.1079,0.41866,-0.908143,0
2062,10.3667,0.13515,0.0297,10.5884,0.10545,0.414693,-0.909961,0
2063,10.3833,0.139867,0.0281,10.7002,0.111767,0.410719,-0.911762,0
2064,10.4,0.135917,0.032,10.8041,0.103917,0.406737,-0.913545,0
2065,10.4167,0.1388,0.0308,10.9121,0.108,0.402747,-0.915311,0
2066,10.4333,0.13795,0.0304,11.0197,0.10755,0.398749,-0.91706,0
2067,10.45,0.140183,0.0292,11.1307,0.110983,0.394744,-0.918791,0
2068,10.4667,0.1399,0.0295,11.2411,0.1104,0.390731,-0.920505,0
2069,10.4833,0.143533,0.0287,11.3559,0.114833,0.386711,-0.922201,0
2070,10.5,0.14085,0.0282,11.4686,0.11265,0.382683,-0.92388,0
2071,10.5167,0.141733,0.0266,11.5837,0.115133,0.378649,-0.925541,0
2072,10.5333,0.139067,0.0258,11.697,0.113267,0.374607,-0.927184,0
2073,10.55,0.137717,0.0285,11.8062,0.109217,0.370557,-0.92881,0
2074,10.5667,0.13675,0.0304,11.9125,0.10635,0.366501,-0.930418,0
2075,10.5833,0.137333,0.0273,12.0225,0.110033,0.362438,-0.932008,0
2076,10.6,0.141233,0.0275,12.1362,0.113733,0.358368,-0.93358,0
2077,10.6167,0.13785,0.031,12.2431,0.10685,0.354291,-0.935135,0
2078,10.6333,0.137467,0.0296,12.351,0.107867,0.350207,-0.936672,0
2079,10.65,0.137983,0.0292,12.4598,0.108783,0.346117,-0.938191,0
2080,10.6667,0.143983,0.03,12.5738,0.113983,0.34202,-0.939693,0
2081,10.6833,0.139383,0.0253,12.6879,0.114083,0.337917,-0.941176,0
2082,10.7,0.142,0.0294,12.8005,0.1126,0.333807,-0.942641,0
2083,10.7167,0.142483,0.0255,12.9175,0.116983,0.329691,-0.944089,0
2084,10.7333,0.145533,0.0289,13.0341,0.116633,0.325568,-0.945519,0
2085,10.75,0.1415,0.0298,13.1458,0.1117,0.321439,-0.94693,0
2086,10.7667,0.1418,0.0286,13.259,0.1132,0.317305,-0.948324,0
2087,10.7833,0.142117,0.0257,13.3754,0.116417,0.313164,-0.949699,0
2088,10.8,0.142717,0.0265,13.4916,0.116217,0.309017,-0.951057,0
2089,10.8167,0.146417,0.0312,13.6068,0.115217,0.304864,-0.952396,0
2090,10.8333,0.14295,0.0288,13.721,0.11415,0.300706,-0.953717,0
2091,10.85,0.143517,0.0273,13.8372,0.116217,0.296542,-0.95502,0
2092,10.8667,0.1455,0.0305,13.9522,0.115,0.292372,-0.956305,0
2093,10.8833,0.147617,0.0314,14.0684,0.116217,0.288196,-0.957571,0
2094,10.9,0.145267,0.0286,14.1851,0.116667,0.284015,-0.95882,0
2095,10.9167,0.142417,0.0313,14.2962,0.111117,0.279829,-0.96005,0
2096,10.9333,0.144017,0.0288,14.4114,0.115217,0.275637,-0.961262,0
2097,10.95,0.13995,0.0288,14.5226,0.11115,0.27144,-0.962455,0
2098,10.9667,0.14125,0.0319,14.6319,0.10935,0.267238,-0.96363,0
2099,10.9833,0.14055,0.0289,14.7435,0.11165,0.263031,-0.964787,0
2100,11.0,0.1431,0.0291,14.8575,0.114,0.258819,-0.965926,0
2101,11.0167,0.1445,0.0272,14.9748,0.1173,0.254602,-0.967046,0
2102,11.0333,0.146267,0.0265,15.0,0.119767,0.25038,-0.968148,0
2103,11.05,0.141017,0.0322,15.0,0.108817,0.246153,-0.969231,0
2104,11.0667,0.149733,0.0283,15.0,0.121433,0.241922,-0.970296,0
2105,11.0833,0.14575,0.0308,15.0,0.11495,0.237686,-0.971342,0
2106,11.1,0.149433,0.0302,15.0,0.119233,0.233445,-0.97237,0
2107,11.1167,0.146933,0.0308,15.0,0.116133,0.2292,-0.973379,0
2108,11.1333,0.146717,0.0253,15.0,0.121417,0.224951,-0.97437,0
2109,11.15,0.1459,0.0252,15.0,0.1207,0.220697,-0.975342,0
2110,11.1667,0.142133,0.0307,15.0,0.111433,0.21644,-0.976296,0
2111,11.1833,0.147533,0.0306,15.0,0.116933,0.212178,-0.977231,0
2112,11.2,0.14765,0.0299,15.0,0.11775,0.207912,-0.978148,0
2113,11.2167,0.14855,0.0296,15.0,0.11895,0.203642,-0.979045,0
2114,11.2333,0.146967,0.031,15.0,0.115967,0.199368,-0.979925,0
2115,11.25,0.147717,0.0272,15.0,0.120517,0.19509,-0.980785,0
2116,11.2667,0.1483,0.027,15.0,0.1213,0.190809,-0.981627,0
2117,11.2833,0.146717,0.0259,15.0,0.120817,0.186524,-0.98245,0
2118,11.3,0.143717,0.0258,15.0,0.117917,0.182236,-0.983255,0
2119,11.3167,0.152917,0.0291,15.0,0.123817,0.177944,-0.984041,0
2120,11.3333,0.149583,0.0299,15.0,0.119683,0.173648,-0.984808,0
2121,11.35,0.149833,0.0296,15.0,0.120233,0.16935,-0.985556,0
2122,11.3667,0.1505,0.0249,15.0,0.1256,0.165048,-0.986286,0
2123,11.3833,0.149183,0.0275,15.0,0.121683,0.160743,-0.986996,0
2124,11.4,0.14805,0.0296,15.0,0.11845,0.156434,-0.987688,0
2125,11.4167,0.1502,0.0297,15.0,0.1205,0.152123,-0.988362,0
2126,11.4333,0.148167,0.029,15.0,0.119167,0.147809,-0.989016,0
2127,11.45,0.146417,0.0314,15.0,0.115017,0.143493,-0.989651,0
2128,11.4667,0.14715,0.0301,15.0,0.11705,0.139173,-0.990268,0
2129,11.4833,0.14805,0.0284,15.0,0.11965,0.134851,-0.990866,0
2130,11.5,0.150717,0.0277,15.0,0.123017,0.130526,-0.991445,0
2131,11.5167,0.155517,0.0294,15.0,0.126117,0.126199,-0.992005,0
2132,11.5333,0.1501,0.0282,15.0,0.1219,0.121869,-0.992546,0
2133,11.55,0.153667,0.0265,15.0,0.127167,0.117537,-0.993068,0
2134,11.5667,0.149983,0.0284,15.0,0.121583,0.113203,-0.993572,0
2135,11.5833,0.144133,0.0303,15.0,0.113833,0.108867,-0.994056,0
2136,11.6,0.147,0.028,15.0,0.119,0.104528,-0.994522,0
2137,11.6167,0.1534,0.0275,15.0,0.1259,0.100188,-0.994969,0
2138,11.6333,0.152933,0.0244,15.0,0.128533,0.095846,-0.995396,0
2139,11.65,0.151983,0.0254,15.0,0.126583,0.091502,-0.995805,0
2140,11.6667,0.15,0.029,15.0,0.121,0.087156,-0.996195,0
2141,11.6833,0.14805,0.0283,15.0,0.11975,0.082808,-0.996566,0
2142,11.7,0.147433,0.028,15.0,0.119433,0.078459,-0.996917,0
2143,11.7167,0.150417,0.027,15.0,0.123417,0.074108,-0.99725,0
2144,11.7333,0.1512,0.0289,15.0,0.1223,0.069756,-0.997564,0
2145,11.75,0.1525,0.0298,15.0,0.1227,0.065403,-0.997859,0
2146,11.7667,0.151367,0.025,15.0,0.126367,0.061049,-0.998135,0
2147,11.7833,0.15045,0.0304,15.0,0.12005,0.056693,-0.998392,0
2148,11.8,0.154283,0.0265,15.0,0.127783,0.052336,-0.99863,0
2149,11.8167,0.15195,0.0274,15.0,0.12455,0.047978,-0.998848,0
2150,11.8333,0.146817,0.0298,15.0,0.117017,0.043619,-0.999048,0
2151,11.85,0.147967,0.0272,15.0,0.120767,0.03926,-0.999229,0
2152,11.8667,0.150667,0.0261,15.0,0.124567,0.034899,-0.999391,0
2153,11.8833,0.151717,0.0279,15.0,0.123817,0.030539,-0.999534,0
2154,11.9,0.149433,0.0273,15.0,0.122133,0.026177,-0.999657,0
2155,11.9167,0.153117,0.0274,15.0,0.125717,0.021815,-0.999762,0
2156,11.9333,0.147633,0.0277,15.0,0.119933,0.017452,-0.999848,0
2157,11.95,0.149933,0.0305,15.0,0.119433,0.01309,-0.999914,0
2158,11.9667,0.149583,0.0256,15.0,0.123983,0.008727,-0.999962,0
2159,11.9833,0.146383,0.0289,15.0,0.117483,0.004363,-0.99999,0
2160,12.0,0.1441,0.0309,15.0,0.1132,0.0,-1.0,0
2161,12.0167,0.147783,0.0263,15.0,0.121483,-0.004363,-0.99999,0
2162,12.0333,0.1467,0.0265,15.0,0.1202,-0.008727,-0.999962,0
2163,12.05,0.151167,0.0262,15.0,0.124967,-0.01309,-0.999914,0
2164,12.0667,0.148767,0.0261,15.0,0.122667,-0.017452,-0.999848,0
2165,12.0833,0.148567,0.0305,15.0,0.118067,-0.021815,-0.999762,0
2166,12.1,0.151233,0.0278,15.0,0.123433,-0.026177,-0.999657,0
2167,12.1167,0.152467,0.0278,15.0,0.124667,-0.030539,-0.999534,0
2168,12.1333,0.148433,0.0287,15.0,0.119733,-0.034899,-0.999391,0
2169,12.15,0.150317,0.0268,15.0,0.123517,-0.03926,-0.999229,0
2170,12.1667,0.150433,0.0293,15.0,0.121133,-0.043619,-0.999048,0
2171,12.1833,0.152133,0.0291,15.0,0.123033,-0.047978,-0.998848,0
2172,12.2,0.153417,0.0283,15.0,0.125117,-0.052336,-0.99863,0
2173,12.2167,0.151517,0.0294,15.0,0.122117,-0.056693,-0.998392,0
2174,12.2333,0.147983,0.0283,15.0,0.119683,-0.061049,-0.998135,0
2175,12.25,0.1522,0.0296,15.0,0.1226,-0.065403,-0.997859,0
2176,12.2667,0.150217,0.032,15.0,0.118217,-0.069756,-0.997564,0
2177,12.2833,0.150317,0.0309,15.0,0.119417,-0.074108,-0.99725,0
2178,12.3,0.15005,0.0319,15.0,0.11815,-0.078459,-0.996917,0
2179,12.3167,0.14825,0.0302,15.0,0.11805,-0.082808,-0.996566,0
2180,12.3333,0.150683,0.0301,15.0,0.120583,-0.087156,-0.996195,0
2181,12.35,0.14485,0.029,15.0,0.11585,-0.091502,-0.995805,0
2182,12.3667,0.14965,0.0256,15.0,0.12405,-0.095846,-0.995396,0
2183,12.3833,0.15295,0.0264,15.0,0.12655,-0.100188,-0.994969,0
2184,12.4,0.1479,0.0298,15.0,0.1181,-0.104528,-0.994522,0
2185,12.4167,0.1484,0.0309,15.0,0.1175,-0.108867,-0.994056,0
2186,12.4333,0.150483,0.0291,15.0,0.121383,-0.113203,-0.993572,0
2187,12.45,0.147483,0.0294,15.0,0.118083,-0.117537,-0.993068,0
2188,12.4667,0.14675,0.0257,15.0,0.12105,-0.121869,-0.992546,0
2189,12.4833,0.149133,0.0273,15.0,0.121833,-0.126199,-0.992005,0
2190,12.5,0.143467,0.0274,15.0,0.116067,-0.130526,-0.991445,0
2191,12.5167,0.145083,0.03,15.0,0.115083,-0.134851,-0.990866,0
2192,12.5333,0.145683,0.0305,15.0,0.115183,-0.139173,-0.990268,0
2193,12.55,0.145733,0.0281,15.0,0.117633,-0.143493,-0.989651,0
2194,12.5667,0.150667,0.0285,15.0,0.122167,-0.147809,-0.989016,0
2195,12.5833,0.147733,0.0287,15.0,0.119033,-0.152123,-0.988362,0
2196,12.6,0.148617,0.0317,15.0,0.116917,-0.156434,-0.987688,0
2197,12.6167,0.14855,0.0292,15.0,0.11935,-0.160743,-0.986996,0
2198,12.6333,0.14635,0.0271,15.0,0.11925,-0.165048,-0.986286,0
2199,12.65,0.14955,0.0304,15.0,0.11915,-0.16935,-0.985556,0
2200,12.6667,0.15155,0.0306,15.0,0.12095,-0.173648,-0.984808,0
2201,12.6833,0.144467,0.0282,15.0,0.116267,-0.177944,-0.984041,0
2202,12.7,0.145033,0.0305,15.0,0.114533,-0.182236,-0.983255,0
2203,12.7167,0.146667,0.0277,15.0,0.118967,-0.186524,-0.98245,0
2204,12.7333,0.14655,0.0297,15.0,0.11685,-0.190809,-0.981627,0
2205,12.75,0.146183,0.0246,15.0,0.121583,-0.19509,-0.980785,0
2206,12.7667,0.14305,0.0304,15.0,0.11265,-0.199368,-0.979925,0
2207,12.7833,0.146117,0.031,15.0,0.115117,-0.203642,-0.979045,0
2208,12.8,0.146033,0.0281,15.0,0.117933,-0.207912,-0.978148,0
2209,12.8167,0.146983,0.0276,15.0,0.119383,-0.212178,-0.977231,0
2210,12.8333,0.146217,0.0301,15.0,0.116117,-0.21644,-0.976296,0
2211,12.85,0.146333,0.0313,15.0,0.115033,-0.220697,-0.975342,0
2212,12.8667,0.146967,0.0283,15.0,0.118667,-0.224951,-0.97437,0
2213,12.8833,0.151483,0.0298,15.0,0.121683,-0.2292,-0.973379,0
2214,12.9,0.146133,0.0294,15.0,0.116733,-0.233445,-0.97237,0
2215,12.9167,0.145317,0.0291,15.0,0.116217,-0.237686,-0.971342,0
2216,12.9333,0.145033,0.0273,15.0,0.117733,-0.241922,-0.970296,0
2217,12.95,0.144033,0.0269,15.0,0.117133,-0.246153,-0.969231,0
2218,12.9667,0.1444,0.0306,15.0,0.1138,-0.25038,-0.968148,0
2219,12.9833,0.14575,0.03,15.0,0.11575,-0.254602,-0.967046,0
2220,13.0,0.145583,0.0282,15.0,0.117383,-0.258819,-0.965926,0
2221,13.0167,0.141567,0.0278,15.0,0.113767,-0.263031,-0.964787,0
2222,13.0333,0.1447,0.0301,15.0,0.1146,-0.267238,-0.96363,0
2223,13.05,0.1466,0.0293,15.0,0.1173,-0.27144,-0.962455,0
2224,13.0667,0.143733,0.0297,15.0,0.114033,-0.275637,-0.961262,0
2225,13.0833,0.141233,0.03,15.0,0.111233,-0.279829,-0.96005,0
2226,13.1,0.145367,0.0256,15.0,0.119767,-0.284015,-0.95882,0
2227,13.1167,0.14165,0.0315,15.0,0.11015,-0.288196,-0.957571,0
2228,13.1333,0.140183,0.0309,15.0,0.109283,-0.292372,-0.956305,0
2229,13.15,0.142433,0.0295,15.0,0.112933,-0.296542,-0.95502,0
2230,13.1667,0.14515,0.0304,15.0,0.11475,-0.300706,-0.953717,0
2231,13.1833,0.14165,0.0265,15.0,0.11515,-0.304864,-0.952396,0
2232,13.2,0.1429,0.027,15.0,0.1159,-0.309017,-0.951057,0
2233,13.2167,0.1409,0.0255,15.0,0.1154,-0.313164,-0.949699,0
2234,13.2333,0.137883,0.0288,15.0,0.109083,-0.317305,-0.948324,0
2235,13.25,0.136083,0.0308,15.0,0.105283,-0.321439,-0.94693,0
2236,13.2667,0.142733,0.0281,15.0,0.114633,-0.325568,-0.945519,0
2237,13.2833,0.14345,0.0313,15.0,0.11215,-0.329691,-0.944089,0
2238,13.3,0.13675,0.0263,15.0,0.11045,-0.333807,-0.942641,0
2239,13.3167,0.138133,0.0278,15.0,0.110333,-0.337917,-0.941176,0
2240,13.3333,0.138967,0.0322,15.0,0.106767,-0.34202,-0.939693,0
2241,13.35,0.13825,0.0246,15.0,0.11365,-0.346117,-0.938191,0
2242,13.3667,0.142367,0.0302,15.0,0.112167,-0.350207,-0.936672,0
2243,13.3833,0.1388,0.0268,15.0,0.112,-0.354291,-0.935135,0
2244,13.4,0.136983,0.0262,15.0,0.110783,-0.358368,-0.93358,0
2245,13.4167,0.139733,0.0263,15.0,0.113433,-0.362438,-0.932008,0
2246,13.4333,0.1404,0.032,15.0,0.1084,-0.366501,-0.930418,0
2247,13.45,0.140383,0.0317,15.0,0.108683,-0.370557,-0.92881,0
2248,13.4667,0.143083,0.0258,15.0,0.117283,-0.374607,-0.927184,0
2249,13.4833,0.136267,0.0283,15.0,0.107967,-0.378649,-0.925541,0
2250,13.5,0.13785,0.0279,15.0,0.10995,-0.382683,-0.92388,0
2251,13.5167,0.137683,0.0255,15.0,0.112183,-0.386711,-0.922201,0
2252,13.5333,0.136833,0.0273,15.0,0.109533,-0.390731,-0.920505,0
2253,13.55,0.139133,0.0282,15.0,0.110933,-0.394744,-0.918791,0
2254,13.5667,0.1407,0.0245,15.0,0.1162,-0.398749,-0.91706,0
2255,13.5833,0.1364,0.0237,15.0,0.1127,-0.402747,-0.915311,0
2256,13.6,0.13725,0.0283,15.0,0.10895,-0.406737,-0.913545,0
2257,13.6167,0.139917,0.0264,15.0,0.113517,-0.410719,-0.911762,0
2258,13.6333,0.13875,0.0343,15.0,0.10445,-0.414693,-0.909961,0
2259,13.65,0.137267,0.0267,15.0,0.110567,-0.41866,-0.908143,0
2260,13.6667,0.13665,0.0251,15.0,0.11155,-0.422618,-0.906308,0
2261,13.6833,0.133567,0.0305,15.0,0.103067,-0.426569,-0.904455,0
2262,13.7,0.1358,0.0257,15.0,0.1101,-0.430511,-0.902585,0
2263,13.7167,0.137883,0.0262,15.0,0.111683,-0.434445,-0.900698,0
2264,13.7333,0.137917,0.0287,15.0,0.109217,-0.438371,-0.898794,0
2265,13.75,0.131983,0.0272,15.0,0.104783,-0.442289,-0.896873,0
2266,13.7667,0.131,0.0256,15.0,0.1054,-0.446198,-0.894934,0
2267,13.7833,0.130217,0.0279,15.0,0.102317,-0.450098,-0.892979,0
2268,13.8,0.131,0.0284,15.0,0.1026,-0.45399,-0.891007,0
2269,13.8167,0.1311,0.0314,15.0,0.0997,-0.457874,-0.889017,0
2270,13.8333,0.131533,0.0265,15.0,0.105033,-0.461749,-0.887011,0
2271,13.85,0.129017,0.0293,15.0,0.099717,-0.465615,-0.884988,0
2272,13.8667,0.133733,0.0288,15.0,0.104933,-0.469472,-0.882948,0
2273,13.8833,0.13235,0.029,15.0,0.10335,-0.47332,-0.880891,0
2274,13.9,0.133367,0.0263,15.0,0.107067,-0.477159,-0.878817,0
2275,13.9167,0.129767,0.0272,15.0,0.102567,-0.480989,-0.876727,0
2276,13.9333,0.128717,0.0285,15.0,0.100217,-0.48481,-0.87462,0
2277,13.95,0.129667,0.0273,15.0,0.102367,-0.488621,-0.872496,0
2278,13.9667,0.1288,0.0256,15.0,0.1032,-0.492424,-0.870356,0
2279,13.9833,0.128483,0.0294,15.0,0.099083,-0.496217,-0.868199,0
2280,14.0,0.128117,0.0282,15.0,0.099917,-0.5,-0.866025,0
2281,14.0167,0.12655,0.0293,15.0,0.09725,-0.503774,-0.863836,0
2282,14.0333,0.131467,0.0302,15.0,0.101267,-0.507538,-0.861629,0
2283,14.05,0.1317,0.0287,15.0,0.103,-0.511293,-0.859406,0
2284,14.0667,0.132183,0.0288,15.0,0.103383,-0.515038,-0.857167,0
2285,14.0833,0.124283,0.0282,15.0,0.096083,-0.518773,-0.854912,0
2286,14.1,0.1306,0.0303,15.0,0.1003,-0.522499,-0.85264,0
2287,14.1167,0.125467,0.0269,15.0,0.098567,-0.526214,-0.850352,0
2288,14.1333,0.127567,0.0252,15.0,0.102367,-0.529919,-0.848048,0
2289,14.15,0.12275,0.0298,15.0,0.09295,-0.533615,-0.845728,0
2290,14.1667,0.1274,0.0287,15.0,0.0987,-0.5373,-0.843391,0
2291,14.1833,0.127017,0.0311,15.0,0.095917,-0.540974,-0.841039,0
2292,14.2,0.1264,0.0289,15.0,0.0975,-0.544639,-0.838671,0
2293,14.2167,0.1283,0.0337,15.0,0.0946,-0.548293,-0.836286,0
2294,14.2333,0.122433,0.0282,15.0,0.094233,-0.551937,-0.833886,0
2295,14.25,0.127883,0.0314,15.0,0.096483,-0.55557,-0.83147,0
2296,14.2667,0.126317,0.0296,15.0,0.096717,-0.559193,-0.829038,0
2297,14.2833,0.12345,0.0297,15.0,0.09375,-0.562805,-0.82659,0
2298,14.3,0.1233,0.0275,15.0,0.0958,-0.566406,-0.824126,0
2299,14.3167,0.125,0.0314,15.0,0.0936,-0.569997,-0.821647,0
2300,14.3333,0.120667,0.0289,15.0,0.091767,-0.573576,-0.819152,0
2301,14.35,0.123417,0.029,15.0,0.094417,-0.577145,-0.816642,0
2302,14.3667,0.126083,0.0307,15.0,0.095383,-0.580703,-0.814116,0
2303,14.3833,0.1184,0.0323,15.0,0.0861,-0.58425,-0.811574,0
2304,14.4,0.118983,0.0248,15.0,0.094183,-0.587785,-0.809017,0
2305,14.4167,0.122017,0.0302,15.0,0.091817,-0.59131,-0.806445,0
2306,14.4333,0.1221,0.0251,15.0,0.097,-0.594823,-0.803857,0
2307,14.45,0.1226,0.0249,15.0,0.0977,-0.598325,-0.801254,0
2308,14.4667,0.1204,0.0285,15.0,0.0919,-0.601815,-0.798636,0
2309,14.4833,0.119467,0.0275,15.0,0.091967,-0.605294,-0.796002,0
2310,14.5,0.12275,0.0236,15.0,0.09915,-0.608761,-0.793353,0
2311,14.5167,0.112867,0.0255,15.0,0.087367,-0.612217,-0.79069,0
2312,14.5333,0.117983,0.0259,15.0,0.092083,-0.615661,-0.788011,0
2313,14.55,0.1174,0.028,15.0,0.0894,-0.619094,-0.785317,0
2314,14.5667,0.12,0.0302,15.0,0.0898,-0.622515,-0.782608,0
2315,14.5833,0.114933,0.0267,15.0,0.088233,-0.625923,-0.779884,0
2316,14.6,0.117033,0.0319,15.0,0.085133,-0.62932,-0.777146,0
2317,14.6167,0.116383,0.0294,15.0,0.086983,-0.632705,-0.774393,0
2318,14.6333,0.112367,0.029,15.0,0.083367,-0.636078,-0.771625,0
2319,14.65,0.114667,0.0295,15.0,0.085167,-0.639439,-0.768842,0
2320,14.6667,0.112667,0.0291,15.0,0.083567,-0.642788,-0.766044,0
2321,14.6833,0.113517,0.0298,15.0,0.083717,-0.646124,-0.763232,0
2322,14.7,0.110867,0.0286,15.0,0.082267,-0.649448,-0.760406,0
2323,14.7167,0.1135,0.0266,15.0,0.0869,-0.65276,-0.757565,0
2324,14.7333,0.11175,0.0302,15.0,0.08155,-0.656059,-0.75471,0
2325,14.75,0.111083,0.0284,15.0,0.082683,-0.659346,-0.75184,0
2326,14.7667,0.112183,0.0301,15.0,0.082083,-0.66262,-0.748956,0
2327,14.7833,0.112617,0.0258,15.0,0.086817,-0.665882,-0.746057,0
2328,14.8,0.11695,0.0288,15.0,0.08815,-0.669131,-0.743145,0
2329,14.8167,0.107267,0.0288,15.0,0.078467,-0.672367,-0.740218,0
2330,14.8333,0.107867,0.031,15.0,0.076867,-0.67559,-0.737277,0
2331,14.85,0.105267,0.0281,15.0,0.077167,-0.678801,-0.734323,0
2332,14.8667,0.11165,0.0267,15.0,0.08495,-0.681998,-0.731354,0
2333,14.8833,0.109,0.0301,15.0,0.0789,-0.685183,-0.728371,0
2334,14.9,0.113317,0.0287,15.0,0.084617,-0.688355,-0.725374,0
2335,14.9167,0.110917,0.0291,15.0,0.081817,-0.691513,-0.722364,0
2336,14.9333,0.108733,0.0264,15.0,0.082333,-0.694658,-0.71934,0
2337,14.95,0.10565,0.028,15.0,0.07765,-0.69779,-0.716302,0
2338,14.9667,0.109767,0.026,15.0,0.083767,-0.700909,-0.71325,0
2339,14.9833,0.107233,0.0313,15.0,0.075933,-0.704015,-0.710185,0
2340,15.0,0.104217,0.0291,15.0,0.075117,-0.707107,-0.707107,0
2341,15.0167,0.106733,0.0317,15.0,0.075033,-0.710185,-0.704015,0
2342,15.0333,0.106683,0.0246,15.0,0.082083,-0.71325,-0.700909,0
2343,15.05,0.10565,0.0291,15.0,0.07655,-0.716302,-0.69779,0
2344,15.0667,0.102183,0.0295,15.0,0.072683,-0.71934,-0.694658,0
2345,15.0833,0.105183,0.0324,15.0,0.072783,-0.722364,-0.691513,0
2346,15.1,0.104783,0.0282,15.0,0.076583,-0.725374,-0.688355,0
2347,15.1167,0.1045,0.0304,15.0,0.0741,-0.728371,-0.685183,0
2348,15.1333,0.103567,0.0308,15.0,0.072767,-0.731354,-0.681998,0
2349,15.15,0.101267,0.0283,15.0,0.072967,-0.734323,-0.678801,0
2350,15.1667,0.097267,0.0272,15.0,0.070067,-0.737277,-0.67559,0
2351,15.1833,0.098833,0.0293,15.0,0.069533,-0.740218,-0.672367,0
2352,15.2,0.1045,0.0345,15.0,0.07,-0.743145,-0.669131,0
2353,15.2167,0.099083,0.0294,15.0,0.069683,-0.746057,-0.665882,0
2354,15.2333,0.099183,0.0265,15.0,0.072683,-0.748956,-0.66262,0
2355,15.25,0.099267,0.0294,15.0,0.069867,-0.75184,-0.659346,0
2356,15.2667,0.099617,0.0248,15.0,0.074817,-0.75471,-0.656059,0
2357,15.2833,0.097683,0.0267,15.0,0.070983,-0.757565,-0.65276,0
2358,15.3,0.096817,0.0251,15.0,0.071717,-0.760406,-0.649448,0
2359,15.3167,0.093933,0.0271,15.0,0.066833,-0.763232,-0.646124,0
2360,15.3333,0.098017,0.0266,15.0,0.071417,-0.766044,-0.642788,0
2361,15.35,0.091917,0.0279,15.0,0.064017,-0.768842,-0.639439,0
2362,15.3667,0.09325,0.028,15.0,0.06525,-0.771625,-0.636078,0
2363,15.3833,0.09295,0.0303,15.0,0.06265,-0.774393,-0.632705,0
2364,15.4,0.0928,0.0277,15.0,0.0651,-0.777146,-0.62932,0
2365,15.4167,0.0927,0.0294,15.0,0.0633,-0.779884,-0.625923,0
2366,15.4333,0.090783,0.0286,15.0,0.062183,-0.782608,-0.622515,0
2367,15.45,0.09605,0.0287,15.0,0.06735,-0.785317,-0.619094,0
2368,15.4667,0.0873,0.032,15.0,0.0553,-0.788011,-0.615661,0
2369,15.4833,0.0928,0.03,15.0,0.0628,-0.79069,-0.612217,0
2370,15.5,0.0953,0.0298,15.0,0.0655,-0.793353,-0.608761,0
2371,15.5167,0.0916,0.0291,15.0,0.0625,-0.796002,-0.605294,0
2372,15.5333,0.094967,0.0263,15.0,0.068667,-0.798636,-0.601815,0
2373,15.55,0.08955,0.0293,15.0,0.06025,-0.801254,-0.598325,0
2374,15.5667,0.089617,0.028,15.0,0.061617,-0.803857,-0.594823,0
2375,15.5833,0.089883,0.0331,15.0,0.056783,-0.806445,-0.59131,0
2376,15.6,0.090417,0.0296,15.0,0.060817,-0.809017,-0.587785,0
2377,15.6167,0.088117,0.0271,15.0,0.061017,-0.811574,-0.58425,0
2378,15.6333,0.0879,0.0262,15.0,0.0617,-0.814116,-0.580703,0
2379,15.65,0.0872,0.0324,15.0,0.0548,-0.816642,-0.577145,0
2380,15.6667,0.091917,0.0297,15.0,0.062217,-0.819152,-0.573576,0
2381,15.6833,0.086417,0.0275,15.0,0.058917,-0.821647,-0.569997,0
2382,15.7,0.085833,0.0268,15.0,0.059033,-0.824126,-0.566406,0
2383,15.7167,0.088917,0.0291,15.0,0.059817,-0.82659,-0.562805,0
2384,15.7333,0.082217,0.029,15.0,0.053217,-0.829038,-0.559193,0
2385,15.75,0.08215,0.0295,15.0,0.05265,-0.83147,-0.55557,0
2386,15.7667,0.086733,0.0233,15.0,0.063433,-0.833886,-0.551937,0
2387,15.7833,0.080117,0.0322,15.0,0.047917,-0.836286,-0.548293,0
2388,15.8,0.0806,0.0294,15.0,0.0512,-0.838671,-0.544639,0
2389,15.8167,0.08525,0.0292,15.0,0.05605,-0.841039,-0.540974,0
2390,15.8333,0.076917,0.0273,15.0,0.049617,-0.843391,-0.5373,0
2391,15.85,0.0811,0.0293,15.0,0.0518,-0.845728,-0.533615,0
2392,15.8667,0.078817,0.0306,15.0,0.048217,-0.848048,-0.529919,0
2393,15.8833,0.07845,0.0294,15.0,0.04905,-0.850352,-0.526214,0
2394,15.9,0.077833,0.0295,15.0,0.048333,-0.85264,-0.522499,0
2395,15.9167,0.078333,0.0234,15.0,0.054933,-0.854912,-0.518773,0
2396,15.9333,0.077717,0.0329,15.0,0.044817,-0.857167,-0.515038,0
2397,15.95,0.077767,0.0306,15.0,0.047167,-0.859406,-0.511293,0
2398,15.9667,0.074233,0.0283,15.0,0.045933,-0.861629,-0.507538,0
2399,15.9833,0.0777,0.0293,15.0,0.0484,-0.863836,-0.503774,0
2400,16.0,0.076717,0.0275,15.0,0.049217,-0.866025,-0.5,0
2401,16.0167,0.0731,0.029,15.0,0.0441,-0.868199,-0.496217,0
2402,16.0333,0.076867,0.0262,15.0,0.050667,-0.870356,-0.492424,0
2403,16.05,0.0708,0.0264,15.0,0.0444,-0.872496,-0.488621,0
2404,16.0667,0.074983,0.0337,15.0,0.041283,-0.87462,-0.48481,0
2405,16.0833,0.069883,0.0297,15.0,0.040183,-0.876727,-0.480989,0
2406,16.1,0.0704,0.029,15.0,0.0414,-0.878817,-0.477159,0
2407,16.1167,0.074433,0.0287,15.0,0.045733,-0.880891,-0.47332,0
2408,16.1333,0.0689,0.0268,15.0,0.0421,-0.882948,-0.469472,0
2409,16.15,0.068867,0.0274,15.0,0.041467,-0.884988,-0.465615,0
2410,16.1667,0.069767,0.0263,15.0,0.043467,-0.887011,-0.461749,0
2411,16.1833,0.067533,0.0304,15.0,0.037133,-0.889017,-0.457874,0
2412,16.2,0.068383,0.0261,15.0,0.042283,-0.891007,-0.45399,0
2413,16.2167,0.06315,0.0305,15.0,0.03265,-0.892979,-0.450098,0
2414,16.2333,0.069017,0.0285,15.0,0.040517,-0.894934,-0.446198,0
2415,16.25,0.065883,0.028,15.0,0.037883,-0.896873,-0.442289,0
2416,16.2667,0.061667,0.0285,15.0,0.033167,-0.898794,-0.438371,0
2417,16.2833,0.06425,0.0287,15.0,0.03555,-0.900698,-0.434445,0
2418,16.3,0.06485,0.0259,15.0,0.03895,-0.902585,-0.430511,0
2419,16.3167,0.06395,0.0248,15.0,0.03915,-0.904455,-0.426569,0
2420,16.3333,0.059533,0.0301,15.0,0.029433,-0.906308,-0.422618,0
2421,16.35,0.061883,0.0314,15.0,0.030483,-0.908143,-0.41866,0
2422,16.3667,0.063867,0.0263,15.0,0.037567,-0.909961,-0.414693,0
2423,16.3833,0.058383,0.0259,15.0,0.032483,-0.911762,-0.410719,0
2424,16.4,0.06275,0.0274,15.0,0.03535,-0.913545,-0.406737,0
2425,16.4167,0.061467,0.0301,15.0,0.031367,-0.915311,-0.402747,0
2426,16.4333,0.055683,0.0253,15.0,0.030383,-0.91706,-0.398749,0
2427,16.45,0.059517,0.0279,15.0,0.031617,-0.918791,-0.394744,0
2428,16.4667,0.055133,0.0305,15.0,0.024633,-0.920505,-0.390731,0
2429,16.4833,0.061667,0.0285,15.0,0.033167,-0.922201,-0.386711,0
2430,16.5,0.054833,0.0308,15.0,0.024033,-0.92388,-0.382683,0
2431,16.5167,0.057833,0.0273,15.0,0.030533,-0.925541,-0.378649,0
2432,16.5333,0.059417,0.0284,15.0,0.031017,-0.927184,-0.374607,0
2433,16.55,0.055817,0.0273,15.0,0.028517,-0.92881,-0.370557,0
2434,16.5667,0.057217,0.0273,15.0,0.029917,-0.930418,-0.366501,0
2435,16.5833,0.052533,0.0304,15.0,0.022133,-0.932008,-0.362438,0
2436,16.6,0.053717,0.0319,15.0,0.021817,-0.93358,-0.358368,0
2437,16.6167,0.055633,0.0282,15.0,0.027433,-0.935135,-0.354291,0
2438,16.6333,0.05295,0.0271,15.0,0.02585,-0.936672,-0.350207,0
2439,16.65,0.053033,0.0289,15.0,0.024133,-0.938191,-0.346117,0
2440,16.6667,0.051217,0.0299,15.0,0.021317,-0.939693,-0.34202,0
2441,16.6833,0.052733,0.0312,15.0,0.021533,-0.941176,-0.337917,0
2442,16.7,0.049633,0.0277,15.0,0.021933,-0.942641,-0.333807,0
2443,16.7167,0.044333,0.0324,15.0,0.011933,-0.944089,-0.329691,0
2444,16.7333,0.05035,0.0328,15.0,0.01755,-0.945519,-0.325568,0
2445,16.75,0.048117,0.0918,14.9563,-0.043683,-0.94693,-0.321439,0
2446,16.7667,0.047183,0.0921,14.9114,-0.044917,-0.948324,-0.317305,0
2447,16.7833,0.0459,0.0953,14.862,-0.0494,-0.949699,-0.313164,0
2448,16.8,0.044417,0.0985,14.8079,-0.054083,-0.951057,-0.309017,0
2449,16.8167,0.042917,0.0918,14.759,-0.048883,-0.952396,-0.304864,0
2450,16.8333,0.047133,0.0934,14.7127,-0.046267,-0.953717,-0.300706,0
2451,16.85,0.048067,0.0946,14.6662,-0.046533,-0.95502,-0.296542,0
2452,16.8667,0.042467,0.0936,14.6151,-0.051133,-0.956305,-0.292372,0
2453,16.8833,0.043733,0.0948,14.564,-0.051067,-0.957571,-0.288196,0
2454,16.9,0.045467,0.0909,14.5186,-0.045433,-0.95882,-0.284015,0
2455,16.9167,0.042183,0.0938,14.467,-0.051617,-0.96005,-0.279829,0
2456,16.9333,0.040117,0.093,14.4141,-0.052883,-0.961262,-0.275637,0
2457,16.95,0.040933,0.098,14.357,-0.057067,-0.962455,-0.27144,0
2458,16.9667,0.037867,0.0962,14.2987,-0.058333,-0.96363,-0.267238,0
2459,16.9833,0.036033,0.0939,14.2408,-0.057867,-0.964787,-0.263031,0
2460,17.0,0.0385,0.0962,14.1831,-0.0577,-0.965926,-0.258819,0
2461,17.0167,0.037783,0.0969,14.124,-0.059117,-0.967046,-0.254602,0
2462,17.0333,0.041617,0.0926,14.073,-0.050983,-0.968148,-0.25038,0
2463,17.05,0.03745,0.0941,14.0163,-0.05665,-0.969231,-0.246153,0
2464,17.0667,0.032767,0.0946,13.9545,-0.061833,-0.970296,-0.241922,0
2465,17.0833,0.033267,0.0942,13.8936,-0.060933,-0.971342,-0.237686,0
2466,17.1,0.032133,0.0943,13.8314,-0.062167,-0.97237,-0.233445,0
2467,17.1167,0.032283,0.0948,13.7689,-0.062517,-0.973379,-0.2292,0
2468,17.1333,0.034167,0.0921,13.711,-0.057933,-0.97437,-0.224951,0
2469,17.15,0.0343,0.0935,13.6518,-0.0592,-0.975342,-0.220697,0
2470,17.1667,0.0319,0.0909,13.5928,-0.059,-0.976296,-0.21644,0
2471,17.1833,0.029833,0.0931,13.5295,-0.063267,-0.977231,-0.212178,0
2472,17.2,0.028967,0.0948,13.4637,-0.065833,-0.978148,-0.207912,0
2473,17.2167,0.02915,0.0966,13.3962,-0.06745,-0.979045,-0.203642,0
2474,17.2333,0.026333,0.0946,13.3279,-0.068267,-0.979925,-0.199368,0
2475,17.25,0.026717,0.0937,13.2609,-0.066983,-0.980785,-0.19509,0
2476,17.2667,0.0257,0.0945,13.1921,-0.0688,-0.981627,-0.190809,0
2477,17.2833,0.024567,0.0909,13.1258,-0.066333,-0.98245,-0.186524,0
2478,17.3,0.026367,0.0931,13.0591,-0.066733,-0.983255,-0.182236,0
2479,17.3167,0.0228,0.0955,12.9864,-0.0727,-0.984041,-0.177944,0
2480,17.3333,0.029983,0.0965,12.9199,-0.066517,-0.984808,-0.173648,0
2481,17.35,0.024333,0.0944,12.8498,-0.070067,-0.985556,-0.16935,0
2482,17.3667,0.023383,0.0903,12.7829,-0.066917,-0.986286,-0.165048,0
2483,17.3833,0.0216,0.0945,12.71,-0.0729,-0.986996,-0.160743,0
2484,17.4,0.023283,0.0961,12.6372,-0.072817,-0.987688,-0.156434,0
2485,17.4167,0.02045,0.0927,12.5649,-0.07225,-0.988362,-0.152123,0
2486,17.4333,0.026283,0.0926,12.4986,-0.066317,-0.989016,-0.147809,0
2487,17.45,0.0228,0.0921,12.4293,-0.0693,-0.989651,-0.143493,0
2488,17.4667,0.017183,0.0938,12.3527,-0.076617,-0.990268,-0.139173,0
2489,17.4833,0.021133,0.0936,12.2802,-0.072467,-0.990866,-0.134851,0
2490,17.5,0.021633,0.0957,12.2061,-0.074067,-0.991445,-0.130526,0
2491,17.5167,0.01515,0.094,12.1272,-0.07885,-0.992005,-0.126199,0
2492,17.5333,0.020817,0.09,12.058,-0.069183,-0.992546,-0.121869,0
2493,17.55,0.0231,0.0923,11.9888,-0.0692,-0.993068,-0.117537,0
2494,17.5667,0.01505,0.0937,11.9101,-0.07865,-0.993572,-0.113203,0
2495,17.5833,0.0195,0.0967,11.8329,-0.0772,-0.994056,-0.108867,0
2496,17.6,0.011533,0.0962,11.7482,-0.084667,-0.994522,-0.104528,0
2497,17.6167,0.014817,0.0953,11.6677,-0.080483,-0.994969,-0.100188,0
2498,17.6333,0.0177,0.0907,11.5947,-0.073,-0.995396,-0.095846,0
2499,17.65,0.012633,0.0936,11.5137,-0.080967,-0.995805,-0.091502,0
2500,17.6667,0.012,0.0944,11.4313,-0.0824,-0.996195,-0.087156,0
2501,17.6833,0.017317,0.0943,11.3543,-0.076983,-0.996566,-0.082808,0
2502,17.7,0.010467,0.095,11.2698,-0.084533,-0.996917,-0.078459,0
2503,17.7167,0.011817,0.0937,11.1879,-0.081883,-0.99725,-0.074108,0
2504,17.7333,0.012733,0.0961,11.1045,-0.083367,-0.997564,-0.069756,0
2505,17.75,0.008783,0.0941,11.0192,-0.085317,-0.997859,-0.065403,0
2506,17.7667,0.01015,0.0944,10.9349,-0.08425,-0.998135,-0.061049,0
2507,17.7833,0.008483,0.0914,10.852,-0.082917,-0.998392,-0.056693,0
2508,17.8,0.0091,0.0932,10.7679,-0.0841,-0.99863,-0.052336,0
2509,17.8167,0.009883,0.0946,10.6832,-0.084717,-0.998848,-0.047978,0
2510,17.8333,0.004483,0.0945,10.5932,-0.090017,-0.999048,-0.043619,0
2511,17.85,0.006883,0.0921,10.508,-0.085217,-0.999229,-0.03926,0
2512,17.8667,0.003417,0.0911,10.4203,-0.087683,-0.999391,-0.034899,0
2513,17.8833,0.006867,0.0931,10.3341,-0.086233,-0.999534,-0.030539,0
2514,17.9,0.002517,0.0951,10.2415,-0.092583,-0.999657,-0.026177,0
2515,17.9167,0.001917,0.0931,10.1503,-0.091183,-0.999762,-0.021815,0
2516,17.9333,0.00165,0.0932,10.0587,-0.09155,-0.999848,-0.017452,0
2517,17.95,0.003767,0.0917,9.9708,-0.087933,-0.999914,-0.01309,0
2518,17.9667,0.0,0.0949,9.8759,-0.0949,-0.999962,-0.008727,0
2519,17.9833,0.0024,0.093,9.7853,-0.0906,-0.99999,-0.004363,0
2520,18.0,0.0,0.1315,9.6538,-0.1315,-1.0,-0.0,0
2521,18.0167,0.0,0.133,9.5208,-0.133,-0.99999,0.004363,0
2522,18.0333,0.0,0.1305,9.3903,-0.1305,-0.999962,0.008727,0
2523,18.05,0.0,0.0653,9.325,-0.0653,-0.999914,0.01309,0
2524,18.0667,0.0,0.067,9.258,-0.067,-0.999848,0.017452,0
2525,18.0833,0.0,0.0655,9.1925,-0.0655,-0.999762,0.021815,0
2526,18.1,0.0,0.066,9.1265,-0.066,-0.999657,0.026177,0
2527,18.1167,0.0,0.067,9.0595,-0.067,-0.999534,0.030539,0
2528,18.1333,0.0,0.0626,8.9969,-0.0626,-0.999391,0.034899,0
2529,18.15,0.0,0.0661,8.9308,-0.0661,-0.999229,0.03926,0
2530,18.1667,0.0,0.0622,8.8686,-0.0622,-0.999048,0.043619,0
2531,18.1833,0.0,0.0637,8.8049,-0.0637,-0.998848,0.047978,0
2532,18.2,0.0,0.0652,8.7397,-0.0652,-0.99863,0.052336,0
2533,18.2167,0.0,0.061,8.6787,-0.061,-0.998392,0.056693,0
2534,18.2333,0.0,0.0647,8.614,-0.0647,-0.998135,0.061049,0
2535,18.25,0.0,0.0613,8.5527,-0.0613,-0.997859,0.065403,0
2536,18.2667,0.0,0.062,8.4907,-0.062,-0.997564,0.069756,0
2537,18.2833,0.0,0.0624,8.4283,-0.0624,-0.99725,0.074108,0
2538,18.3,0.0,0.0651,8.3632,-0.0651,-0.996917,0.078459,0
2539,18.3167,0.0,0.0639,8.2993,-0.0639,-0.996566,0.082808,0
2540,18.3333,0.0,0.0638,8.2355,-0.0638,-0.996195,0.087156,0
2541,18.35,0.0,0.0664,8.1691,-0.0664,-0.995805,0.091502,0
2542,18.3667,0.0,0.0645,8.1046,-0.0645,-0.995396,0.095846,0
2543,18.3833,0.0,0.0631,8.0415,-0.0631,-0.994969,0.100188,0
2544,18.4,0.0,0.0643,7.9772,-0.0643,-0.994522,0.104528,0
2545,18.4167,0.0,0.0677,7.9095,-0.0677,-0.994056,0.108867,0
2546,18.4333,0.0,0.0648,7.8447,-0.0648,-0.993572,0.113203,0
2547,18.45,0.0,0.0654,7.7793,-0.0654,-0.993068,0.117537,0
2548,18.4667,0.0,0.0649,7.7144,-0.0649,-0.992546,0.121869,0
2549,18.4833,0.0,0.0646,7.6498,-0.0646,-0.992005,0.126199,0
2550,18.5,0.0,0.0628,7.587,-0.0628,-0.991445,0.130526,0
2551,18.5167,0.0,0.0607,7.5263,-0.0607,-0.990866,0.134851,0
2552,18.5333,0.0,0.0657,7.4606,-0.0657,-0.990268,0.139173,0
2553,18.55,0.0,0.0631,7.3975,-0.0631,-0.989651,0.143493,0
2554,18.5667,0.0,0.0649,7.3326,-0.0649,-0.989016,0.147809,0
2555,18.5833,0.0,0.0656,7.267,-0.0656,-0.988362,0.152123,0
2556,18.6,0.0,0.0677,7.1993,-0.0677,-0.987688,0.156434,0
2557,18.6167,0.0,0.0639,7.1354,-0.0639,-0.986996,0.160743,0
2558,18.6333,0.0,0.0641,7.0713,-0.0641,-0.986286,0.165048,0
2559,18.65,0.0,0.065,7.0063,-0.065,-0.985556,0.16935,0
2560,18.6667,0.0,0.0676,6.9387,-0.0676,-0.984808,0.173648,0
2561,18.6833,0.0,0.0667,6.872,-0.0667,-0.984041,0.177944,0
2562,18.7,0.0,0.0641,6.8079,-0.0641,-0.983255,0.182236,0
2563,18.7167,0.0,0.0677,6.7402,-0.0677,-0.98245,0.186524,0
2564,18.7333,0.0,0.0658,6.6744,-0.0658,-0.981627,0.190809,0
2565,18.75,0.0,0.0656,6.6088,-0.0656,-0.980785,0.19509,0
2566,18.7667,0.0,0.0643,6.5445,-0.0643,-0.979925,0.199368,0
2567,18.7833,0.0,0.0651,6.4794,-0.0651,-0.979045,0.203642,0
2568,18.8,0.0,0.0649,6.4145,-0.0649,-0.978148,0.207912,0
2569,18.8167,0.0,0.0671,6.3474,-0.0671,-0.977231,0.212178,0
2570,18.8333,0.0,0.0622,6.2852,-0.0622,-0.976296,0.21644,0
2571,18.85,0.0,0.0631,6.2221,-0.0631,-0.975342,0.220697,0
2572,18.8667,0.0,0.0696,6.1525,-0.0696,-0.97437,0.224951,0
2573,18.8833,0.0,0.0644,6.0881,-0.0644,-0.973379,0.2292,0
2574,18.9,0.0,0.1211,5.967,-0.1211,-0.97237,0.233445,0
2575,18.9167,0.0,0.1232,5.8438,-0.1232,-0.971342,0.237686,0
2576,18.9333,0.0,0.122,5.7218,-0.122,-0.970296,0.241922,0
2577,18.95,0.0,0.1253,5.5965,-0.1253,-0.969231,0.246153,0
2578,18.9667,0.0,0.1189,5.4776,-0.1189,-0.968148,0.25038,0
2579,18.9833,0.0,0.1227,5.3549,-0.1227,-0.967046,0.254602,0
2580,19.0,0.0,0.1244,5.2305,-0.1244,-0.965926,0.258819,0
2581,19.0167,0.0,0.1248,5.1057,-0.1248,-0.964787,0.263031,0
2582,19.0333,0.0,0.1231,4.9826,-0.1231,-0.96363,0.267238,0
2583,19.05,0.0,0.1234,4.8592,-0.1234,-0.962455,0.27144,0
2584,19.0667,0.0,0.1198,4.7394,-0.1198,-0.961262,0.275637,0
2585,19.0833,0.0,0.1241,4.6153,-0.1241,-0.96005,0.279829,0
2586,19.1,0.0,0.1226,4.4927,-0.1226,-0.95882,0.284015,0
2587,19.1167,0.0,0.121,4.3717,-0.121,-0.957571,0.288196,0
2588,19.1333,0.0,0.1245,4.2472,-0.1245,-0.956305,0.292372,0
2589,19.15,0.0,0.1213,4.1259,-0.1213,-0.95502,0.296542,0
2590,19.1667,0.0,0.1226,4.0033,-0.1226,-0.953717,0.300706,0
2591,19.1833,0.0,0.123,3.8803,-0.123,-0.952396,0.304864,0
2592,19.2,0.0,0.1241,3.7562,-0.1241,-0.951057,0.309017,0
2593,19.2167,0.0,0.1244,3.6318,-0.1244,-0.949699,0.313164,0
2594,19.2333,0.0,0.1241,3.5077,-0.1241,-0.948324,0.317305,0
2595,19.25,0.0,0.1222,3.3855,-0.1222,-0.94693,0.321439,0
2596,19.2667,0.0,0.1299,3.2556,-0.1299,-0.945519,0.325568,0
2597,19.2833,0.0,0.1198,3.1358,-0.1198,-0.944089,0.329691,0
2598,19.3,0.0,0.1237,3.0121,-0.1237,-0.942641,0.333807,0
2599,19.3167,0.0,0.12,2.8921,-0.12,-0.941176,0.337917,0
2600,19.3333,0.0,0.1243,2.7678,-0.1243,-0.939693,0.34202,0
2601,19.35,0.0,0.1255,2.6423,-0.1255,-0.938191,0.346117,0
2602,19.3667,0.0,0.1213,2.521,-0.1213,-0.936672,0.350207,0
2603,19.3833,0.0,0.1218,2.3992,-0.1218,-0.935135,0.354291,0
2604,19.4,0.0,0.1245,2.2747,-0.1245,-0.93358,0.358368,0
2605,19.4167,0.0,0.1234,2.1513,-0.1234,-0.932008,0.362438,0
2606,19.4333,0.0,0.1228,2.0285,-0.1228,-0.930418,0.366501,0
2607,19.45,0.0,0.1239,1.9046,-0.1239,-0.92881,0.370557,0
2608,19.4667,0.0,0.1246,1.78,-0.1246,-0.927184,0.374607,0
2609,19.4833,0.0,0.1255,1.6545,-0.1255,-0.925541,0.378649,0
2610,19.5,0.0,0.1224,1.5321,-0.1224,-0.92388,0.382683,0
2611,19.5167,0.0,0.1232,1.4089,-0.1232,-0.922201,0.386711,0
2612,19.5333,0.0,0.1219,1.287,-0.1219,-0.920505,0.390731,0
2613,19.55,0.0,0.1227,1.1643,-0.1227,-0.918791,0.394744,0
2614,19.5667,0.0,0.122,1.0423,-0.122,-0.91706,0.398749,0
2615,19.5833,0.0,0.1233,0.919,-0.1233,-0.915311,0.402747,0
2616,19.6,0.0,0.1203,0.7987,-0.1203,-0.913545,0.406737,0
2617,19.6167,0.0,0.1247,0.674,-0.1247,-0.911762,0.410719,0
2618,19.6333,0.0,0.1216,0.5524,-0.1216,-0.909961,0.414693,0
2619,19.65,0.0,0.1198,0.4326,-0.1198,-0.908143,0.41866,0
2620,19.6667,0.0,0.1214,0.3112,-0.1214,-0.906308,0.422618,0
2621,19.6833,0.0,0.1226,0.1886,-0.1226,-0.904455,0.426569,0
2622,19.7,0.0,0.1209,0.0677,-0.1209,-0.902585,0.430511,0
2623,19.7167,0.0,0.1254,0.0,-0.1254,-0.900698,0.434445,1
2624,19.7333,0.0,0.124,0.0,-0.124,-0.898794,0.438371,1
2625,19.75,0.0,0.1202,0.0,-0.1202,-0.896873,0.442289,1
2626,19.7667,0.0,0.1197,0.0,-0.1197,-0.894934,0.446198,1
2627,19.7833,0.0,0.1212,0.0,-0.1212,-0.892979,0.450098,1
2628,19.8,0.0,0.1219,0.0,-0.1219,-0.891007,0.45399,1
2629,19.8167,0.0,0.1246,0.0,-0.1246,-0.889017,0.457874,1
2630,19.8333,0.0,0.1228,0.0,-0.1228,-0.887011,0.461749,1
2631,19.85,0.0,0.125,0.0,-0.125,-0.884988,0.465615,1
2632,19.8667,0.0,0.1214,0.0,-0.1214,-0.882948,0.469472,1
2633,19.8833,0.0,0.126,0.0,-0.126,-0.880891,0.47332,1
2634,19.9,0.0,0.1197,0.0,-0.1197,-0.878817,0.477159,1
2635,19.9167,0.0,0.1246,0.0,-0.1246,-0.876727,0.480989,1
2636,19.9333,0.0,0.1217,0.0,-0.1217,-0.87462,0.48481,1
2637,19.95,0.0,0.124,0.0,-0.124,-0.872496,0.488621,1
2638,19.9667,0.0,0.1234,0.0,-0.1234,-0.870356,0.492424,1
2639,19.9833,0.0,0.1275,0.0,-0.1275,-0.868199,0.496217,1
2640,20.0,0.0,0.1225,0.0,-0.1225,-0.866025,0.5,1
2641,20.0167,0.0,0.1212,0.0,-0.1212,-0.863836,0.503774,1
2642,20.0333,0.0,0.125,0.0,-0.125,-0.861629,0.507538,1
2643,20.05,0.0,0.1238,0.0,-0.1238,-0.859406,0.511293,1
2644,20.0667,0.0,0.1241,0.0,-0.1241,-0.857167,0.515038,1
2645,20.0833,0.0,0.1202,0.0,-0.1202,-0.854912,0.518773,1
2646,20.1,0.0,0.1195,0.0,-0.1195,-0.85264,0.522499,1
2647,20.1167,0.0,0.1269,0.0,-0.1269,-0.850352,0.526214,1
2648,20.1333,0.0,0.1194,0.0,-0.1194,-0.848048,0.529919,1
2649,20.15,0.0,0.1246,0.0,-0.1246,-0.845728,0.533615,1
2650,20.1667,0.0,0.1251,0.0,-0.1251,-0.843391,0.5373,1
2651,20.1833,0.0,0.1264,0.0,-0.1264,-0.841039,0.540974,1
2652,20.2,0.0,0.1244,0.0,-0.1244,-0.838671,0.544639,1
2653,20.2167,0.0,0.1241,0.0,-0.1241,-0.836286,0.548293,1
2654,20.2333,0.0,0.1231,0.0,-0.1231,-0.833886,0.551937,1
2655,20.25,0.0,0.1234,0.0,-0.1234,-0.83147,0.55557,1
2656,20.2667,0.0,0.124,0.0,-0.124,-0.829038,0.559193,1
2657,20.2833,0.0,0.1296,0.0,-0.1296,-0.82659,0.562805,1
2658,20.3,0.0,0.1235,0.0,-0.1235,-0.824126,0.566406,1
2659,20.3167,0.0,0.0666,0.0,-0.0666,-0.821647,0.569997,1
2660,20.3333,0.0,0.0658,0.0,-0.0658,-0.819152,0.573576,1
2661,20.35,0.0,0.0635,0.0,-0.0635,-0.816642,0.577145,1
2662,20.3667,0.0,0.0664,0.0,-0.0664,-0.814116,0.580703,1
2663,20.3833,0.0,0.0676,0.0,-0.0676,-0.811574,0.58425,1
2664,20.4,0.0,0.0629,0.0,-0.0629,-0.809017,0.587785,1
2665,20.4167,0.0,0.0634,0.0,-0.0634,-0.806445,0.59131,1
2666,20.4333,0.0,0.0648,0.0,-0.0648,-0.803857,0.594823,1
2667,20.45,0.0,0.0668,0.0,-0.0668,-0.801254,0.598325,1
2668,20.4667,0.0,0.0627,0.0,-0.0627,-0.798636,0.601815,1
2669,20.4833,0.0,0.066,0.0,-0.066,-0.796002,0.605294,1
2670,20.5,0.0,0.0642,0.0,-0.0642,-0.793353,0.608761,1
2671,20.5167,0.0,0.0627,0.0,-0.0627,-0.79069,0.612217,1
2672,20.5333,0.0,0.0633,0.0,-0.0633,-0.788011,0.615661,1
2673,20.55,0.0,0.0653,0.0,-0.0653,-0.785317,0.619094,1
2674,20.5667,0.0,0.0703,0.0,-0.0703,-0.782608,0.622515,1
2675,20.5833,0.0,0.0631,0.0,-0.0631,-0.779884,0.625923,1
2676,20.6,0.0,0.0641,0.0,-0.0641,-0.777146,0.62932,1
2677,20.6167,0.0,0.0608,0.0,-0.0608,-0.774393,0.632705,1
2678,20.6333,0.0,0.0627,0.0,-0.0627,-0.771625,0.636078,1
2679,20.65,0.0,0.0641,0.0,-0.0641,-0.768842,0.639439,1
2680,20.6667,0.0,0.0598,0.0,-0.0598,-0.766044,0.642788,1
2681,20.6833,0.0,0.0615,0.0,-0.0615,-0.763232,0.646124,1
2682,20.7,0.0,0.0671,0.0,-0.0671,-0.760406,0.649448,1
2683,20.7167,0.0,0.0644,0.0,-0.0644,-0.757565,0.65276,1
2684,20.7333,0.0,0.0637,0.0,-0.0637,-0.75471,0.656059,1
2685,20.75,0.0,0.0641,0.0,-0.0641,-0.75184,0.659346,1
2686,20.7667,0.0,0.0605,0.0,-0.0605,-0.748956,0.66262,1
2687,20.7833,0.0,0.0707,0.0,-0.0707,-0.746057,0.665882,1
2688,20.8,0.0,0.0664,0.0,-0.0664,-0.743145,0.669131,1
2689,20.8167,0.0,0.0625,0.0,-0.0625,-0.740218,0.672367,1
2690,20.8333,0.0,0.0615,0.0,-0.0615,-0.737277,0.67559,1
2691,20.85,0.0,0.0637,0.0,-0.0637,-0.734323,0.678801,1
2692,20.8667,0.0,0.0657,0.0,-0.0657,-0.731354,0.681998,1
2693,20.8833,0.0,0.0654,0.0,-0.0654,-0.728371,0.685183,1
2694,20.9,0.0,0.0651,0.0,-0.0651,-0.725374,0.688355,1
2695,20.9167,0.0,0.0668,0.0,-0.0668,-0.722364,0.691513,1
2696,20.9333,0.0,0.0624,0.0,-0.0624,-0.71934,0.694658,1
2697,20.95,0.0,0.0671,0.0,-0.0671,-0.716302,0.69779,1
2698,20.9667,0.0,0.0627,0.0,-0.0627,-0.71325,0.700909,1
2699,20.9833,0.0,0.0631,0.0,-0.0631,-0.710185,0.704015,1
2700,21.0,0.0,0.0656,0.0,-0.0656,-0.707107,0.707107,1
2701,21.0167,0.0,0.0711,0.0,-0.0711,-0.704015,0.710185,1
2702,21.0333,0.0,0.0683,0.0,-0.0683,-0.700909,0.71325,1
2703,21.05,0.0,0.0643,0.0,-0.0643,-0.69779,0.716302,1
2704,21.0667,0.0,0.0671,0.0,-0.0671,-0.694658,0.71934,1
2705,21.0833,0.0,0.0627,0.0,-0.0627,-0.691513,0.722364,1
2706,21.1,0.0,0.0633,0.0,-0.0633,-0.688355,0.725374,1
2707,21.1167,0.0,0.0609,0.0,-0.0609,-0.685183,0.728371,1
2708,21.1333,0.0,0.0655,0.0,-0.0655,-0.681998,0.731354,1
2709,21.15,0.0,0.0659,0.0,-0.0659,-0.678801,0.734323,1
2710,21.1667,0.0,0.0665,0.0,-0.0665,-0.67559,0.737277,1
2711,21.1833,0.0,0.0638,0.0,-0.0638,-0.672367,0.740218,1
2712,21.2,0.0,0.0658,0.0,-0.0658,-0.669131,0.743145,1
2713,21.2167,0.0,0.0635,0.0,-0.0635,-0.665882,0.746057,1
2714,21.2333,0.0,0.063,0.0,-0.063,-0.66262,0.748956,1
2715,21.25,0.0,0.0655,0.0,-0.0655,-0.659346,0.75184,1
2716,21.2667,0.0,0.0649,0.0,-0.0649,-0.656059,0.75471,1
2717,21.2833,0.0,0.0637,0.0,-0.0637,-0.65276,0.757565,1
2718,21.3,0.0,0.0698,0.0,-0.0698,-0.649448,0.760406,1
2719,21.3167,0.0,0.0612,0.0,-0.0612,-0.646124,0.763232,1
2720,21.3333,0.0,0.0647,0.0,-0.0647,-0.642788,0.766044,1
2721,21.35,0.0,0.066,0.0,-0.066,-0.639439,0.768842,1
2722,21.3667,0.0,0.0618,0.0,-0.0618,-0.636078,0.771625,1
2723,21.3833,0.0,0.0677,0.0,-0.0677,-0.632705,0.774393,1
2724,21.4,0.0,0.0654,0.0,-0.0654,-0.62932,0.777146,1
2725,21.4167,0.0,0.0627,0.0,-0.0627,-0.625923,0.779884,1
2726,21.4333,0.0,0.0614,0.0,-0.0614,-0.622515,0.782608,1
2727,21.45,0.0,0.069,0.0,-0.069,-0.619094,0.785317,1
2728,21.4667,0.0,0.0647,0.0,-0.0647,-0.615661,0.788011,1
2729,21.4833,0.0,0.0643,0.0,-0.0643,-0.612217,0.79069,1
2730,21.5,0.0,0.0653,0.0,-0.0653,-0.608761,0.793353,1
2731,21.5167,0.0,0.0656,0.0,-0.0656,-0.605294,0.796002,1
2732,21.5333,0.0,0.0652,0.0,-0.0652,-0.601815,0.798636,1
2733,21.55,0.0,0.0654,0.0,-0.0654,-0.598325,0.801254,1
2734,21.5667,0.0,0.0654,0.0,-0.0654,-0.594823,0.803857,1
2735,21.5833,0.0,0.0667,0.0,-0.0667,-0.59131,0.806445,1
2736,21.6,0.0,0.0662,0.0,-0.0662,-0.587785,0.809017,1
2737,21.6167,0.0,0.0675,0.0,-0.0675,-0.58425,0.811574,1
2738,21.6333,0.0,0.0623,0.0,-0.0623,-0.580703,0.814116,1
2739,21.65,0.0,0.0664,0.0,-0.0664,-0.577145,0.816642,1
2740,21.6667,0.0,0.0641,0.0,-0.0641,-0.573576,0.819152,1
2741,21.6833,0.0,0.0645,0.0,-0.0645,-0.569997,0.821647,1
2742,21.7,0.0,0.0671,0.0,-0.0671,-0.566406,0.824126,1
2743,21.7167,0.0,0.0648,0.0,-0.0648,-0.562805,0.82659,1
2744,21.7333,0.0,0.0621,0.0,-0.0621,-0.559193,0.829038,1
2745,21.75,0.0,0.0671,0.0,-0.0671,-0.55557,0.83147,1
2746,21.7667,0.0,0.0656,0.0,-0.0656,-0.551937,0.833886,1
2747,21.7833,0.0,0.0637,0.0,-0.0637,-0.548293,0.836286,1
2748,21.8,0.0,0.065,0.0,-0.065,-0.544639,0.838671,1
2749,21.8167,0.0,0.0643,0.0,-0.0643,-0.540974,0.841039,1
2750,21.8333,0.0,0.0648,0.0,-0.0648,-0.5373,0.843391,1
2751,21.85,0.0,0.069,0.0,-0.069,-0.533615,0.845728,1
2752,21.8667,0.0,0.0641,0.0,-0.0641,-0.529919,0.848048,1
2753,21.8833,0.0,0.0627,0.0,-0.0627,-0.526214,0.850352,1
2754,21.9,0.0,0.0693,0.0,-0.0693,-0.522499,0.85264,1
2755,21.9167,0.0,0.0629,0.0,-0.0629,-0.518773,0.854912,1
2756,21.9333,0.0,0.0653,0.0,-0.0653,-0.515038,0.857167,1
2757,21.95,0.0,0.0614,0.0,-0.0614,-0.511293,0.859406,1
2758,21.9667,0.0,0.0642,0.0,-0.0642,-0.507538,0.861629,1
2759,21.9833,0.0,0.0691,0.0,-0.0691,-0.503774,0.863836,1
2760,22.0,0.0,0.0166,0.0,-0.0166,-0.5,0.866025,1
2761,22.0167,0.0,0.0158,0.0,-0.0158,-0.496217,0.868199,1
2762,22.0333,0.0,0.0148,0.0,-0.0148,-0.492424,0.870356,1
2763,22.05,0.0,0.0149,0.0,-0.0149,-0.488621,0.872496,1
2764,22.0667,0.0,0.0147,0.0,-0.0147,-0.48481,0.87462,1
2765,22.0833,0.0,0.0185,0.0,-0.0185,-0.480989,0.876727,1
2766,22.1,0.0,0.0168,0.0,-0.0168,-0.477159,0.878817,1
2767,22.1167,0.0,0.0161,0.0,-0.0161,-0.47332,0.880891,1
2768,22.1333,0.0,0.0199,0.0,-0.0199,-0.469472,0.882948,1
2769,22.15,0.0,0.0121,0.0,-0.0121,-0.465615,0.884988,1
2770,22.1667,0.0,0.0159,0.0,-0.0159,-0.461749,0.887011,1
2771,22.1833,0.0,0.0179,0.0,-0.0179,-0.457874,0.889017,1
2772,22.2,0.0,0.0173,0.0,-0.0173,-0.45399,0.891007,1
2773,22.2167,0.0,0.0138,0.0,-0.0138,-0.450098,0.892979,1
2774,22.2333,0.0,0.019,0.0,-0.019,-0.446198,0.894934,1
2775,22.25,0.0,0.0137,0.0,-0.0137,-0.442289,0.896873,1
2776,22.2667,0.0,0.0153,0.0,-0.0153,-0.438371,0.898794,1
2777,22.2833,0.0,0.0137,0.0,-0.0137,-0.434445,0.900698,1
2778,22.3,0.0,0.0143,0.0,-0.0143,-0.430511,0.902585,1
2779,22.3167,0.0,0.0188,0.0,-0.0188,-0.426569,0.904455,1
2780,22.3333,0.0,0.0142,0.0,-0.0142,-0.422618,0.906308,1
2781,22.35,0.0,0.0164,0.0,-0.0164,-0.41866,0.908143,1
2782,22.3667,0.0,0.0153,0.0,-0.0153,-0.414693,0.909961,1
2783,22.3833,0.0,0.0139,0.0,-0.0139,-0.410719,0.911762,1
2784,22.4,0.0,0.0193,0.0,-0.0193,-0.406737,0.913545,1
2785,22.4167,0.0,0.0128,0.0,-0.0128,-0.402747,0.915311,1
2786,22.4333,0.0,0.0186,0.0,-0.0186,-0.398749,0.91706,1
2787,22.45,0.0,0.0163,0.0,-0.0163,-0.394744,0.918791,1
2788,22.4667,0.0,0.0147,0.0,-0.0147,-0.390731,0.920505,1
2789,22.4833,0.0,0.0126,0.0,-0.0126,-0.386711,0.922201,1
2790,22.5,0.0,0.016,0.0,-0.016,-0.382683,0.92388,1
2791,22.5167,0.0,0.0154,0.0,-0.0154,-0.378649,0.925541,1
2792,22.5333,0.0,0.0137,0.0,-0.0137,-0.374607,0.927184,1
2793,22.55,0.0,0.0177,0.0,-0.0177,-0.370557,0.92881,1
2794,22.5667,0.0,0.0152,0.0,-0.0152,-0.366501,0.930418,1
2795,22.5833,0.0,0.017,0.0,-0.017,-0.362438,0.932008,1
2796,22.6,0.0,0.01,0.0,-0.01,-0.358368,0.93358,1
2797,22.6167,0.0,0.0163,0.0,-0.0163,-0.354291,0.935135,1
2798,22.6333,0.0,0.0198,0.0,-0.0198,-0.350207,0.936672,1
2799,22.65,0.0,0.018,0.0,-0.018,-0.346117,0.938191,1
2800,22.6667,0.0,0.0138,0.0,-0.0138,-0.34202,0.939693,1
2801,22.6833,0.0,0.0121,0.0,-0.0121,-0.337917,0.941176,1
2802,22.7,0.0,0.0159,0.0,-0.0159,-0.333807,0.942641,1
2803,22.7167,0.0,0.0155,0.0,-0.0155,-0.329691,0.944089,1
2804,22.7333,0.0,0.0129,0.0,-0.0129,-0.325568,0.945519,1
2805,22.75,0.0,0.0138,0.0,-0.0138,-0.321439,0.94693,1
2806,22.7667,0.0,0.016,0.0,-0.016,-0.317305,0.948324,1
2807,22.7833,0.0,0.0172,0.0,-0.0172,-0.313164,0.949699,1
2808,22.8,0.0,0.017,0.0,-0.017,-0.309017,0.951057,1
2809,22.8167,0.0,0.0142,0.0,-0.0142,-0.304864,0.952396,1
2810,22.8333,0.0,0.0144,0.0,-0.0144,-0.300706,0.953717,1
2811,22.85,0.0,0.0134,0.0,-0.0134,-0.296542,0.95502,1
2812,22.8667,0.0,0.0185,0.0,-0.0185,-0.292372,0.956305,1
2813,22.8833,0.0,0.0157,0.0,-0.0157,-0.288196,0.957571,1
2814,22.9,0.0,0.0139,0.0,-0.0139,-0.284015,0.95882,1
2815,22.9167,0.0,0.0137,0.0,-0.0137,-0.279829,0.96005,1
2816,22.9333,0.0,0.0143,0.0,-0.0143,-0.275637,0.961262,1
2817,22.95,0.0,0.0196,0.0,-0.0196,-0.27144,0.962455,1
2818,22.9667,0.0,0.0166,0.0,-0.0166,-0.267238,0.96363,1
2819,22.9833,0.0,0.0144,0.0,-0.0144,-0.263031,0.964787,1
2820,23.0,0.0,0.0156,0.0,-0.0156,-0.258819,0.965926,1
2821,23.0167,0.0,0.0161,0.0,-0.0161,-0.254602,0.967046,1
2822,23.0333,0.0,0.0151,0.0,-0.0151,-0.25038,0.968148,1
2823,23.05,0.0,0.0126,0.0,-0.0126,-0.246153,0.969231,1
2824,23.0667,0.0,0.014,0.0,-0.014,-0.241922,0.970296,1
2825,23.0833,0.0,0.0153,0.0,-0.0153,-0.237686,0.971342,1
2826,23.1,0.0,0.0191,0.0,-0.0191,-0.233445,0.97237,1
2827,23.1167,0.0,0.0154,0.0,-0.0154,-0.2292,0.973379,1
2828,23.1333,0.0,0.0102,0.0,-0.0102,-0.224951,0.97437,1
2829,23.15,0.0,0.0153,0.0,-0.0153,-0.220697,0.975342,1
2830,23.1667,0.0,0.015,0.0,-0.015,-0.21644,0.976296,1
2831,23.1833,0.0,0.0153,0.0,-0.0153,-0.212178,0.977231,1
2832,23.2,0.0,0.0137,0.0,-0.0137,-0.207912,0.978148,1
2833,23.2167,0.0,0.013,0.0,-0.013,-0.203642,0.979045,1
2834,23.2333,0.0,0.016,0.0,-0.016,-0.199368,0.979925,1
2835,23.25,0.0,0.0173,0.0,-0.0173,-0.19509,0.980785,1
2836,23.2667,0.0,0.0164,0.0,-0.0164,-0.190809,0.981627,1
2837,23.2833,0.0,0.0144,0.0,-0.0144,-0.186524,0.98245,1
2838,23.3,0.0,0.0144,0.0,-0.0144,-0.182236,0.983255,1
2839,23.3167,0.0,0.0157,0.0,-0.0157,-0.177944,0.984041,1
2840,23.3333,0.0,0.0129,0.0,-0.0129,-0.173648,0.984808,1
2841,23.35,0.0,0.018,0.0,-0.018,-0.16935,0.985556,1
2842,23.3667,0.0,0.0197,0.0,-0.0197,-0.165048,0.986286,1
2843,23.3833,0.0,0.0164,0.0,-0.0164,-0.160743,0.986996,1
2844,23.4,0.0,0.0164,0.0,-0.0164,-0.156434,0.987688,1
2845,23.4167,0.0,0.0168,0.0,-0.0168,-0.152123,0.988362,1
2846,23.4333,0.0,0.0174,0.0,-0.0174,-0.147809,0.989016,1
2847,23.45,0.0,0.014,0.0,-0.014,-0.143493,0.989651,1
2848,23.4667,0.0,0.0153,0.0,-0.0153,-0.139173,0.990268,1
2849,23.4833,0.0,0.0122,0.0,-0.0122,-0.134851,0.990866,1
2850,23.5,0.0,0.0154,0.0,-0.0154,-0.130526,0.991445,1
2851,23.5167,0.0,0.0158,0.0,-0.0158,-0.126199,0.992005,1
2852,23.5333,0.0,0.0139,0.0,-0.0139,-0.121869,0.992546,1
2853,23.55,0.0,0.0152,0.0,-0.0152,-0.117537,0.993068,1
2854,23.5667,0.0,0.0156,0.0,-0.0156,-0.113203,0.993572,1
2855,23.5833,0.0,0.0148,0.0,-0.0148,-0.108867,0.994056,1
2856,23.6,0.0,0.0147,0.0,-0.0147,-0.104528,0.994522,1
2857,23.6167,0.0,0.0141,0.0,-0.0141,-0.100188,0.994969,1
2858,23.6333,0.0,0.0134,0.0,-0.0134,-0.095846,0.995396,1
2859,23.65,0.0,0.0137,0.0,-0.0137,-0.091502,0.995805,1
2860,23.6667,0.0,0.0129,0.0,-0.0129,-0.087156,0.996195,1
2861,23.6833,0.0,0.0166,0.0,-0.0166,-0.082808,0.996566,1
2862,23.7,0.0,0.0125,0.0,-0.0125,-0.078459,0.996917,1
2863,23.7167,0.0,0.0161,0.0,-0.0161,-0.074108,0.99725,1
2864,23.7333,0.0,0.0156,0.0,-0.0156,-0.069756,0.997564,1
2865,23.75,0.0,0.014,0.0,-0.014,-0.065403,0.997859,1
2866,23.7667,0.0,0.0197,0.0,-0.0197,-0.061049,0.998135,1
2867,23.7833,0.0,0.0139,0.0,-0.0139,-0.056693,0.998392,1
2868,23.8,0.0,0.0196,0.0,-0.0196,-0.052336,0.99863,1
2869,23.8167,0.0,0.0182,0.0,-0.0182,-0.047978,0.998848,1
2870,23.8333,0.0,0.013,0.0,-0.013,-0.043619,0.999048,1
2871,23.85,0.0,0.0187,0.0,-0.0187,-0.03926,0.999229,1
2872,23.8667,0.0,0.0155,0.0,-0.0155,-0.034899,0.999391,1
2873,23.8833,0.0,0.0127,0.0,-0.0127,-0.030539,0.999534,1
2874,23.9,0.0,0.0129,0.0,-0.0129,-0.026177,0.999657,1
2875,23.9167,0.0,0.0141,0.0,-0.0141,-0.021815,0.999762,1
2876,23.9333,0.0,0.0181,0.0,-0.0181,-0.017452,0.999848,1
2877,23.95,0.0,0.0138,0.0,-0.0138,-0.01309,0.999914,1
2878,23.9667,0.0,0.0158,0.0,-0.0158,-0.008727,0.999962,1
2879,23.9833,0.0,0.0144,0.0,-0.0144,-0.004363,0.99999,1
2880,0.0,0.0,0.0162,0.0,-0.0162,0.0,1.0,1
2881,0.0167,0.0,0.0154,0.0,-0.0154,0.004363,0.99999,1
2882,0.0333,0.0,0.0188,0.0,-0.0188,0.008727,0.999962,1
2883,0.05,0.0,0.0156,0.0,-0.0156,0.01309,0.999914,1
2884,0.0667,0.0,0.018,0.0,-0.018,0.017452,0.999848,1
2885,0.0833,0.0,0.0164,0.0,-0.0164,0.021815,0.999762,1
2886,0.1,0.0,0.0136,0.0,-0.0136,0.026177,0.999657,1
2887,0.1167,0.0,0.0123,0.0,-0.0123,0.030539,0.999534,1
2888,0.1333,0.0,0.0145,0.0,-0.0145,0.034899,0.999391,1
2889,0.15,0.0,0.0178,0.0,-0.0178,0.03926,0.999229,1
2890,0.1667,0.0,0.0151,0.0,-0.0151,0.043619,0.999048,1
2891,0.1833,0.0,0.0178,0.0,-0.0178,0.047978,0.998848,1
2892,0.2,0.0,0.0198,0.0,-0.0198,0.052336,0.99863,1
2893,0.2167,0.0,0.0153,0.0,-0.0153,0.056693,0.998392,1
2894,0.2333,0.0,0.0148,0.0,-0.0148,0.061049,0.998135,1
2895,0.25,0.0,0.0163,0.0,-0.0163,0.065403,0.997859,1
2896,0.2667,0.0,0.0148,0.0,-0.0148,0.069756,0.997564,1
2897,0.2833,0.0,0.0178,0.0,-0.0178,0.074108,0.99725,1
2898,0.3,0.0,0.0159,0.0,-0.0159,0.078459,0.996917,1
2899,0.3167,0.0,0.0158,0.0,-0.0158,0.082808,0.996566,1
2900,0.3333,0.0,0.0149,0.0,-0.0149,0.087156,0.996195,1
2901,0.35,0.0,0.0114,0.0,-0.0114,0.091502,0.995805,1
2902,0.3667,0.0,0.016,0.0,-0.016,0.095846,0.995396,1
2903,0.3833,0.0,0.0196,0.0,-0.0196,0.100188,0.994969,1
2904,0.4,0.0,0.0152,0.0,-0.0152,0.104528,0.994522,1
2905,0.4167,0.0,0.0139,0.0,-0.0139,0.108867,0.994056,1
2906,0.4333,0.0,0.015,0.0,-0.015,0.113203,0.993572,1
2907,0.45,0.0,0.0156,0.0,-0.0156,0.117537,0.993068,1
2908,0.4667,0.0,0.016,0.0,-0.016,0.121869,0.992546,1
2909,0.4833,0.0,0.0158,0.0,-0.0158,0.126199,0.992005,1
2910,0.5,0.0,0.0167,0.0,-0.0167,0.130526,0.991445,1
2911,0.5167,0.0,0.0166,0.0,-0.0166,0.134851,0.990866,1
2912,0.5333,0.0,0.0143,0.0,-0.0143,0.139173,0.990268,1
2913,0.55,0.0,0.0154,0.0,-0.0154,0.143493,0.989651,1
2914,0.5667,0.0,0.0171,0.0,-0.0171,0.147809,0.989016,1
2915,0.5833,0.0,0.0124,0.0,-0.0124,0.152123,0.988362,1
2916,0.6,0.0,0.0113,0.0,-0.0113,0.156434,0.987688,1
2917,0.6167,0.0,0.0162,0.0,-0.0162,0.160743,0.986996,1
2918,0.6333,0.0,0.0158,0.0,-0.0158,0.165048,0.986286,1
2919,0.65,0.0,0.0167,0.0,-0.0167,0.16935,0.985556,1
2920,0.6667,0.0,0.0182,0.0,-0.0182,0.173648,0.984808,1
2921,0.6833,0.0,0.0155,0.0,-0.0155,0.177944,0.984041,1
2922,0.7,0.0,0.0206,0.0,-0.0206,0.182236,0.983255,1
2923,0.7167,0.0,0.0171,0.0,-0.0171,0.186524,0.98245,1
2924,0.7333,0.0,0.0138,0.0,-0.0138,0.190809,0.981627,1
2925,0.75,0.0,0.0124,0.0,-0.0124,0.19509,0.980785,1
2926,0.7667,0.0,0.013,0.0,-0.013,0.199368,0.979925,1
2927,0.7833,0.0,0.0159,0.0,-0.0159,0.203642,0.979045,1
2928,0.8,0.0,0.0173,0.0,-0.0173,0.207912,0.978148,1
2929,0.8167,0.0,0.0148,0.0,-0.0148,0.212178,0.977231,1
2930,0.8333,0.0,0.0191,0.0,-0.0191,0.21644,0.976296,1
2931,0.85,0.0,0.0168,0.0,-0.0168,0.220697,0.975342,1
2932,0.8667,0.0,0.0134,0.0,-0.0134,0.224951,0.97437,1
2933,0.8833,0.0,0.0155,0.0,-0.0155,0.2292,0.973379,1
2934,0.9,0.0,0.0154,0.0,-0.0154,0.233445,0.97237,1
2935,0.9167,0.0,0.0162,0.0,-0.0162,0.237686,0.971342,1
2936,0.9333,0.0,0.018,0.0,-0.018,0.241922,0.970296,1
2937,0.95,0.0,0.0163,0.0,-0.0163,0.246153,0.969231,1
2938,0.9667,0.0,0.0137,0.0,-0.0137,0.25038,0.968148,1
2939,0.9833,0.0,0.0159,0.0,-0.0159,0.254602,0.967046,1
2940,1.0,0.0,0.0131,0.0,-0.0131,0.258819,0.965926,1
2941,1.0167,0.0,0.0155,0.0,-0.0155,0.263031,0.964787,1
2942,1.0333,0.0,0.0161,0.0,-0.0161,0.267238,0.96363,1
2943,1.05,0.0,0.0135,0.0,-0.0135,0.27144,0.962455,1
2944,1.0667,0.0,0.0153,0.0,-0.0153,0.275637,0.961262,1
2945,1.0833,0.0,0.0127,0.0,-0.0127,0.279829,0.96005,1
2946,1.1,0.0,0.0152,0.0,-0.0152,0.284015,0.95882,1
2947,1.1167,0.0,0.0165,0.0,-0.0165,0.288196,0.957571,1
2948,1.1333,0.0,0.0132,0.0,-0.0132,0.292372,0.956305,1
2949,1.15,0.0,0.0158,0.0,-0.0158,0.296542,0.95502,1
2950,1.1667,0.0,0.0166,0.0,-0.0166,0.300706,0.953717,1
2951,1.1833,0.0,0.0171,0.0,-0.0171,0.304864,0.952396,1
2952,1.2,0.0,0.0141,0.0,-0.0141,0.309017,0.951057,1
2953,1.2167,0.0,0.0164,0.0,-0.0164,0.313164,0.949699,1
2954,1.2333,0.0,0.0148,0.0,-0.0148,0.317305,0.948324,1
2955,1.25,0.0,0.0146,0.0,-0.0146,0.321439,0.94693,1
2956,1.2667,0.0,0.0139,0.0,-0.0139,0.325568,0.945519,1
2957,1.2833,0.0,0.0165,0.0,-0.0165,0.329691,0.944089,1
2958,1.3,0.0,0.0162,0.0,-0.0162,0.333807,0.942641,1
2959,1.3167,0.0,0.0155,0.0,-0.0155,0.337917,0.941176,1
2960,1.3333,0.0,0.0154,0.0,-0.0154,0.34202,0.939693,1
2961,1.35,0.0,0.0156,0.0,-0.0156,0.346117,0.938191,1
2962,1.3667,0.0,0.0171,0.0,-0.0171,0.350207,0.936672,1
2963,1.3833,0.0,0.0161,0.0,-0.0161,0.354291,0.935135,1
2964,1.4,0.0,0.0171,0.0,-0.0171,0.358368,0.93358,1
2965,1.4167,0.0,0.0185,0.0,-0.0185,0.362438,0.932008,1
2966,1.4333,0.0,0.013,0.0,-0.013,0.366501,0.930418,1
2967,1.45,0.0,0.0157,0.0,-0.0157,0.370557,0.92881,1
2968,1.4667,0.0,0.012,0.0,-0.012,0.374607,0.927184,1
2969,1.4833,0.0,0.0106,0.0,-0.0106,0.378649,0.925541,1
2970,1.5,0.0,0.0137,0.0,-0.0137,0.382683,0.92388,1
2971,1.5167,0.0,0.0156,0.0,-0.0156,0.386711,0.922201,1
2972,1.5333,0.0,0.0127,0.0,-0.0127,0.390731,0.920505,1
2973,1.55,0.0,0.0162,0.0,-0.0162,0.394744,0.918791,1
2974,1.5667,0.0,0.0145,0.0,-0.0145,0.398749,0.91706,1
2975,1.5833,0.0,0.015,0.0,-0.015,0.402747,0.915311,1
2976,1.6,0.0,0.0131,0.0,-0.0131,0.406737,0.913545,1
2977,1.6167,0.0,0.015,0.0,-0.015,0.410719,0.911762,1
2978,1.6333,0.0,0.0171,0.0,-0.0171,0.414693,0.909961,1
2979,1.65,0.0,0.0203,0.0,-0.0203,0.41866,0.908143,1
2980,1.6667,0.0,0.0159,0.0,-0.0159,0.422618,0.906308,1
2981,1.6833,0.0,0.0177,0.0,-0.0177,0.426569,0.904455,1
2982,1.7,0.0,0.0214,0.0,-0.0214,0.430511,0.902585,1
2983,1.7167,0.0,0.0138,0.0,-0.0138,0.434445,0.900698,1
2984,1.7333,0.0,0.0148,0.0,-0.0148,0.438371,0.898794,1
2985,1.75,0.0,0.0148,0.0,-0.0148,0.442289,0.896873,1
2986,1.7667,0.0,0.0171,0.0,-0.0171,0.446198,0.894934,1
2987,1.7833,0.0,0.0145,0.0,-0.0145,0.450098,0.892979,1
2988,1.8,0.0,0.0193,0.0,-0.0193,0.45399,0.891007,1
2989,1.8167,0.0,0.0171,0.0,-0.0171,0.457874,0.889017,1
2990,1.8333,0.0,0.0154,0.0,-0.0154,0.461749,0.887011,1
2991,1.85,0.0,0.0199,0.0,-0.0199,0.465615,0.884988,1
2992,1.8667,0.0,0.0153,0.0,-0.0153,0.469472,0.882948,1
2993,1.8833,0.0,0.0136,0.0,-0.0136,0.47332,0.880891,1
2994,1.9,0.0,0.0208,0.0,-0.0208,0.477159,0.878817,1
2995,1.9167,0.0,0.0151,0.0,-0.0151,0.480989,0.876727,1
2996,1.9333,0.0,0.0164,0.0,-0.0164,0.48481,0.87462,1
2997,1.95,0.0,0.0156,0.0,-0.0156,0.488621,0.872496,1
2998,1.9667,0.0,0.0153,0.0,-0.0153,0.492424,0.870356,1
2999,1.9833,0.0,0.0143,0.0,-0.0143,0.496217,0.868199,1
3000,2.0,0.0,0.0157,0.0,-0.0157,0.5,0.866025,1
3001,2.0167,0.0,0.0146,0.0,-0.0146,0.503774,0.863836,1
3002,2.0333,0.0,0.0156,0.0,-0.0156,0.507538,0.861629,1
3003,2.05,0.0,0.0164,0.0,-0.0164,0.511293,0.859406,1
3004,2.0667,0.0,0.0161,0.0,-0.0161,0.515038,0.857167,1
3005,2.0833,0.0,0.0135,0.0,-0.0135,0.518773,0.854912,1
3006,2.1,0.0,0.0169,0.0,-0.0169,0.522499,0.85264,1
3007,2.1167,0.0,0.0173,0.0,-0.0173,0.526214,0.850352,1
3008,2.1333,0.0,0.0152,0.0,-0.0152,0.529919,0.848048,1
3009,2.15,0.0,0.0129,0.0,-0.0129,0.533615,0.845728,1
3010,2.1667,0.0,0.0143,0.0,-0.0143,0.5373,0.843391,1
3011,2.1833,0.0,0.0169,0.0,-0.0169,0.540974,0.841039,1
3012,2.2,0.0,0.0161,0.0,-0.0161,0.544639,0.838671,1
3013,2.2167,0.0,0.0183,0.0,-0.0183,0.548293,0.836286,1
3014,2.2333,0.0,0.0165,0.0,-0.0165,0.551937,0.833886,1
3015,2.25,0.0,0.0149,0.0,-0.0149,0.55557,0.83147,1
3016,2.2667,0.0,0.0175,0.0,-0.0175,0.559193,0.829038,1
3017,2.2833,0.0,0.0148,0.0,-0.0148,0.562805,0.82659,1
3018,2.3,0.0,0.0174,0.0,-0.0174,0.566406,0.824126,1
3019,2.3167,0.0,0.0171,0.0,-0.0171,0.569997,0.821647,1
3020,2.3333,0.0,0.0138,0.0,-0.0138,0.573576,0.819152,1
3021,2.35,0.0,0.0159,0.0,-0.0159,0.577145,0.816642,1
3022,2.3667,0.0,0.0163,0.0,-0.0163,0.580703,0.814116,1
3023,2.3833,0.0,0.0144,0.0,-0.0144,0.58425,0.811574,1
3024,2.4,0.0,0.0173,0.0,-0.0173,0.587785,0.809017,1
3025,2.4167,0.0,0.0187,0.0,-0.0187,0.59131,0.806445,1
3026,2.4333,0.0,0.0146,0.0,-0.0146,0.594823,0.803857,1
3027,2.45,0.0,0.0158,0.0,-0.0158,0.598325,0.801254,1
3028,2.4667,0.0,0.0197,0.0,-0.0197,0.601815,0.798636,1
3029,2.4833,0.0,0.0133,0.0,-0.0133,0.605294,0.796002,1
3030,2.5,0.0,0.0157,0.0,-0.0157,0.608761,0.793353,1
3031,2.5167,0.0,0.0146,0.0,-0.0146,0.612217,0.79069,1
3032,2.5333,0.0,0.0157,0.0,-0.0157,0.615661,0.788011,1
3033,2.55,0.0,0.0157,0.0,-0.0157,0.619094,0.785317,1
3034,2.5667,0.0,0.0168,0.0,-0.0168,0.622515,0.782608,1
3035,2.5833,0.0,0.0154,0.0,-0.0154,0.625923,0.779884,1
3036,2.6,0.0,0.0143,0.0,-0.0143,0.62932,0.777146,1
3037,2.6167,0.0,0.0146,0.0,-0.0146,0.632705,0.774393,1
3038,2.6333,0.0,0.0141,0.0,-0.0141,0.636078,0.771625,1
3039,2.65,0.0,0.0142,0.0,-0.0142,0.639439,0.768842,1
3040,2.6667,0.0,0.0141,0.0,-0.0141,0.642788,0.766044,1
3041,2.6833,0.0,0.0185,0.0,-0.0185,0.646124,0.763232,1
3042,2.7,0.0,0.015,0.0,-0.015,0.649448,0.760406,1
3043,2.7167,0.0,0.0167,0.0,-0.0167,0.65276,0.757565,1
3044,2.7333,0.0,0.0133,0.0,-0.0133,0.656059,0.75471,1
3045,2.75,0.0,0.0181,0.0,-0.0181,0.659346,0.75184,1
3046,2.7667,0.0,0.0122,0.0,-0.0122,0.66262,0.748956,1
3047,2.7833,0.0,0.0169,0.0,-0.0169,0.665882,0.746057,1
3048,2.8,0.0,0.0162,0.0,-0.0162,0.669131,0.743145,1
3049,2.8167,0.0,0.0121,0.0,-0.0121,0.672367,0.740218,1
3050,2.8333,0.0,0.0122,0.0,-0.0122,0.67559,0.737277,1
3051,2.85,0.0,0.0173,0.0,-0.0173,0.678801,0.734323,1
3052,2.8667,0.0,0.0116,0.0,-0.0116,0.681998,0.731354,1
3053,2.8833,0.0,0.0149,0.0,-0.0149,0.685183,0.728371,1
3054,2.9,0.0,0.0179,0.0,-0.0179,0.688355,0.725374,1
3055,2.9167,0.0,0.0166,0.0,-0.0166,0.691513,0.722364,1
3056,2.9333,0.0,0.0144,0.0,-0.0144,0.694658,0.71934,1
3057,2.95,0.0,0.0134,0.0,-0.0134,0.69779,0.716302,1
3058,2.9667,0.0,0.0186,0.0,-0.0186,0.700909,0.71325,1
3059,2.9833,0.0,0.0168,0.0,-0.0168,0.704015,0.710185,1
3060,3.0,0.0,0.0127,0.0,-0.0127,0.707107,0.707107,1
3061,3.0167,0.0,0.0153,0.0,-0.0153,0.710185,0.704015,1
3062,3.0333,0.0,0.0152,0.0,-0.0152,0.71325,0.700909,1
3063,3.05,0.0,0.0164,0.0,-0.0164,0.716302,0.69779,1
3064,3.0667,0.0,0.0165,0.0,-0.0165,0.71934,0.694658,1
3065,3.0833,0.0,0.0166,0.0,-0.0166,0.722364,0.691513,1
3066,3.1,0.0,0.0142,0.0,-0.0142,0.725374,0.688355,1
3067,3.1167,0.0,0.0149,0.0,-0.0149,0.728371,0.685183,1
3068,3.1333,0.0,0.0169,0.0,-0.0169,0.731354,0.681998,1
3069,3.15,0.0,0.0174,0.0,-0.0174,0.734323,0.678801,1
3070,3.1667,0.0,0.0198,0.0,-0.0198,0.737277,0.67559,1
3071,3.1833,0.0,0.0149,0.0,-0.0149,0.740218,0.672367,1
3072,3.2,0.0,0.0158,0.0,-0.0158,0.743145,0.669131,1
3073,3.2167,0.0,0.012,0.0,-0.012,0.746057,0.665882,1
3074,3.2333,0.0,0.0153,0.0,-0.0153,0.748956,0.66262,1
3075,3.25,0.0,0.0132,0.0,-0.0132,0.75184,0.659346,1
3076,3.2667,0.0,0.0165,0.0,-0.0165,0.75471,0.656059,1
3077,3.2833,0.0,0.0168,0.0,-0.0168,0.757565,0.65276,1
3078,3.3,0.0,0.0152,0.0,-0.0152,0.760406,0.649448,1
3079,3.3167,0.0,0.0119,0.0,-0.0119,0.763232,0.646124,1
3080,3.3333,0.0,0.0151,0.0,-0.0151,0.766044,0.642788,1
3081,3.35,0.0,0.0157,0.0,-0.0157,0.768842,0.639439,1
3082,3.3667,0.0,0.0157,0.0,-0.0157,0.771625,0.636078,1
3083,3.3833,0.0,0.0181,0.0,-0.0181,0.774393,0.632705,1
3084,3.4,0.0,0.0161,0.0,-0.0161,0.777146,0.62932,1
3085,3.4167,0.0,0.0173,0.0,-0.0173,0.779884,0.625923,1
3086,3.4333,0.0,0.0124,0.0,-0.0124,0.782608,0.622515,1
3087,3.45,0.0,0.0186,0.0,-0.0186,0.785317,0.619094,1
3088,3.4667,0.0,0.0176,0.0,-0.0176,0.788011,0.615661,1
3089,3.4833,0.0,0.0159,0.0,-0.0159,0.79069,0.612217,1
3090,3.5,0.0,0.011,0.0,-0.011,0.793353,0.608761,1
3091,3.5167,0.0,0.016,0.0,-0.016,0.796002,0.605294,1
3092,3.5333,0.0,0.0178,0.0,-0.0178,0.798636,0.601815,1
3093,3.55,0.0,0.0185,0.0,-0.0185,0.801254,0.598325,1
3094,3.5667,0.0,0.0129,0.0,-0.0129,0.803857,0.594823,1
3095,3.5833,0.0,0.0171,0.0,-0.0171,0.806445,0.59131,1
3096,3.6,0.0,0.0146,0.0,-0.0146,0.809017,0.587785,1
3097,3.6167,0.0,0.0129,0.0,-0.0129,0.811574,0.58425,1
3098,3.6333,0.0,0.0168,0.0,-0.0168,0.814116,0.580703,1
3099,3.65,0.0,0.0136,0.0,-0.0136,0.816642,0.577145,1
3100,3.6667,0.0,0.0136,0.0,-0.0136,0.819152,0.573576,1
3101,3.6833,0.0,0.0125,0.0,-0.0125,0.821647,0.569997,1
3102,3.7,0.0,0.0152,0.0,-0.0152,0.824126,0.566406,1
3103,3.7167,0.0,0.0163,0.0,-0.0163,0.82659,0.562805,1
3104,3.7333,0.0,0.0163,0.0,-0.0163,0.829038,0.559193,1
3105,3.75,0.0,0.0134,0.0,-0.0134,0.83147,0.55557,1
3106,3.7667,0.0,0.0164,0.0,-0.0164,0.833886,0.551937,1
3107,3.7833,0.0,0.0177,0.0,-0.0177,0.836286,0.548293,1
3108,3.8,0.0,0.0149,0.0,-0.0149,0.838671,0.544639,1
3109,3.8167,0.0,0.0159,0.0,-0.0159,0.841039,0.540974,1
3110,3.8333,0.0,0.0143,0.0,-0.0143,0.843391,0.5373,1
3111,3.85,0.0,0.0165,0.0,-0.0165,0.845728,0.533615,1
3112,3.8667,0.0,0.015,0.0,-0.015,0.848048,0.529919,1
3113,3.8833,0.0,0.0125,0.0,-0.0125,0.850352,0.526214,1
3114,3.9,0.0,0.0177,0.0,-0.0177,0.85264,0.522499,1
3115,3.9167,0.0,0.0155,0.0,-0.0155,0.854912,0.518773,1
3116,3.9333,0.0,0.0185,0.0,-0.0185,0.857167,0.515038,1
3117,3.95,0.0,0.014,0.0,-0.014,0.859406,0.511293,1
3118,3.9667,0.0,0.0149,0.0,-0.0149,0.861629,0.507538,1
3119,3.9833,0.0,0.0118,0.0,-0.0118,0.863836,0.503774,1
3120,4.0,0.0,0.0119,0.0,-0.0119,0.866025,0.5,1
3121,4.0167,0.0,0.0142,0.0,-0.0142,0.868199,0.496217,1
3122,4.0333,0.0,0.016,0.0,-0.016,0.870356,0.492424,1
3123,4.05,0.0,0.0173,0.0,-0.0173,0.872496,0.488621,1
3124,4.0667,0.0,0.015,0.0,-0.015,0.87462,0.48481,1
3125,4.0833,0.0,0.015,0.0,-0.015,0.876727,0.480989,1
3126,4.1,0.0,0.0149,0.0,-0.0149,0.878817,0.477159,1
3127,4.1167,0.0,0.016,0.0,-0.016,0.880891,0.47332,1
3128,4.1333,0.0,0.012,0.0,-0.012,0.882948,0.469472,1
3129,4.15,0.0,0.0144,0.0,-0.0144,0.884988,0.465615,1
3130,4.1667,0.0,0.0171,0.0,-0.0171,0.887011,0.461749,1
3131,4.1833,0.0,0.0176,0.0,-0.0176,0.889017,0.457874,1
3132,4.2,0.0,0.0157,0.0,-0.0157,0.891007,0.45399,1
3133,4.2167,0.0,0.0142,0.0,-0.0142,0.892979,0.450098,1
3134,4.2333,0.0,0.0136,0.0,-0.0136,0.894934,0.446198,1
3135,4.25,0.0,0.0134,0.0,-0.0134,0.896873,0.442289,1
3136,4.2667,0.0,0.0162,0.0,-0.0162,0.898794,0.438371,1
3137,4.2833,0.0,0.0134,0.0,-0.0134,0.900698,0.434445,1
3138,4.3,0.0,0.0155,0.0,-0.0155,0.902585,0.430511,1
3139,4.3167,0.0,0.0124,0.0,-0.0124,0.904455,0.426569,1
3140,4.3333,0.0,0.0144,0.0,-0.0144,0.906308,0.422618,1
3141,4.35,0.0,0.0166,0.0,-0.0166,0.908143,0.41866,1
3142,4.3667,0.0,0.0147,0.0,-0.0147,0.909961,0.414693,1
3143,4.3833,0.0,0.0159,0.0,-0.0159,0.911762,0.410719,1
3144,4.4,0.0,0.0186,0.0,-0.0186,0.913545,0.406737,1
3145,4.4167,0.0,0.0182,0.0,-0.0182,0.915311,0.402747,1
3146,4.4333,0.0,0.0209,0.0,-0.0209,0.91706,0.398749,1
3147,4.45,0.0,0.0175,0.0,-0.0175,0.918791,0.394744,1
3148,4.4667,0.0,0.0142,0.0,-0.0142,0.920505,0.390731,1
3149,4.4833,0.0,0.0172,0.0,-0.0172,0.922201,0.386711,1
3150,4.5,0.0,0.0139,0.0,-0.0139,0.92388,0.382683,1
3151,4.5167,0.0,0.0148,0.0,-0.0148,0.925541,0.378649,1
3152,4.5333,0.0,0.0188,0.0,-0.0188,0.927184,0.374607,1
3153,4.55,0.0,0.0143,0.0,-0.0143,0.92881,0.370557,1
3154,4.5667,0.0,0.0142,0.0,-0.0142,0.930418,0.366501,1
3155,4.5833,0.0,0.0148,0.0,-0.0148,0.932008,0.362438,1
3156,4.6,0.0,0.0138,0.0,-0.0138,0.93358,0.358368,1
3157,4.6167,0.0,0.0132,0.0,-0.0132,0.935135,0.354291,1
3158,4.6333,0.0,0.0136,0.0,-0.0136,0.936672,0.350207,1
3159,4.65,0.0,0.0147,0.0,-0.0147,0.938191,0.346117,1
3160,4.6667,0.0,0.0141,0.0,-0.0141,0.939693,0.34202,1
3161,4.6833,0.0,0.0215,0.0,-0.0215,0.941176,0.337917,1
3162,4.7,0.0,0.0155,0.0,-0.0155,0.942641,0.333807,1
3163,4.7167,0.0,0.016,0.0,-0.016,0.944089,0.329691,1
3164,4.7333,0.0,0.0135,0.0,-0.0135,0.945519,0.325568,1
3165,4.75,0.0,0.0177,0.0,-0.0177,0.94693,0.321439,1
3166,4.7667,0.0,0.0147,0.0,-0.0147,0.948324,0.317305,1
3167,4.7833,0.0,0.018,0.0,-0.018,0.949699,0.313164,1
3168,4.8,0.0,0.0158,0.0,-0.0158,0.951057,0.309017,1
3169,4.8167,0.0,0.0148,0.0,-0.0148,0.952396,0.304864,1
3170,4.8333,0.0,0.0155,0.0,-0.0155,0.953717,0.300706,1
3171,4.85,0.0,0.0139,0.0,-0.0139,0.95502,0.296542,1
3172,4.8667,0.0,0.0142,0.0,-0.0142,0.956305,0.292372,1
3173,4.8833,0.0,0.0149,0.0,-0.0149,0.957571,0.288196,1
3174,4.9,0.0,0.0204,0.0,-0.0204,0.95882,0.284015,1
3175,4.9167,0.0,0.0166,0.0,-0.0166,0.96005,0.279829,1
3176,4.9333,0.0,0.0176,0.0,-0.0176,0.961262,0.275637,1
3177,4.95,0.0,0.0191,0.0,-0.0191,0.962455,0.27144,1
3178,4.9667,0.0,0.0163,0.0,-0.0163,0.96363,0.267238,1
3179,4.9833,0.0,0.0163,0.0,-0.0163,0.964787,0.263031,1
3180,5.0,0.0,0.0147,0.0,-0.0147,0.965926,0.258819,1
3181,5.0167,0.0,0.0125,0.0,-0.0125,0.967046,0.254602,1
3182,5.0333,0.0,0.0183,0.0,-0.0183,0.968148,0.25038,1
3183,5.05,0.0,0.0157,0.0,-0.0157,0.969231,0.246153,1
3184,5.0667,0.0,0.0164,0.0,-0.0164,0.970296,0.241922,1
3185,5.0833,0.0,0.0145,0.0,-0.0145,0.971342,0.237686,1
3186,5.1,0.0,0.0161,0.0,-0.0161,0.97237,0.233445,1
3187,5.1167,0.0,0.0183,0.0,-0.0183,0.973379,0.2292,1
3188,5.1333,0.0,0.0178,0.0,-0.0178,0.97437,0.224951,1
3189,5.15,0.0,0.0188,0.0,-0.0188,0.975342,0.220697,1
3190,5.1667,0.0,0.0156,0.0,-0.0156,0.976296,0.21644,1
3191,5.1833,0.0,0.0165,0.0,-0.0165,0.977231,0.212178,1
3192,5.2,0.0,0.0153,0.0,-0.0153,0.978148,0.207912,1
3193,5.2167,0.0,0.0173,0.0,-0.0173,0.979045,0.203642,1
3194,5.2333,0.0,0.0152,0.0,-0.0152,0.979925,0.199368,1
3195,5.25,0.0,0.0116,0.0,-0.0116,0.980785,0.19509,1
3196,5.2667,0.0,0.0134,0.0,-0.0134,0.981627,0.190809,1
3197,5.2833,0.0,0.0152,0.0,-0.0152,0.98245,0.186524,1
3198,5.3,0.0,0.0158,0.0,-0.0158,0.983255,0.182236,1
3199,5.3167,0.0,0.0108,0.0,-0.0108,0.984041,0.177944,1
3200,5.3333,0.0,0.0142,0.0,-0.0142,0.984808,0.173648,1
3201,5.35,0.0,0.0145,0.0,-0.0145,0.985556,0.16935,1
3202,5.3667,0.0,0.016,0.0,-0.016,0.986286,0.165048,1
3203,5.3833,0.0,0.0171,0.0,-0.0171,0.986996,0.160743,1
3204,5.4,0.0,0.0125,0.0,-0.0125,0.987688,0.156434,1
3205,5.4167,0.0,0.0162,0.0,-0.0162,0.988362,0.152123,1
3206,5.4333,0.0,0.0158,0.0,-0.0158,0.989016,0.147809,1
3207,5.45,0.0,0.0143,0.0,-0.0143,0.989651,0.143493,1
3208,5.4667,0.0,0.0182,0.0,-0.0182,0.990268,0.139173,1
3209,5.4833,0.0,0.0147,0.0,-0.0147,0.990866,0.134851,1
3210,5.5,0.0,0.0099,0.0,-0.0099,0.991445,0.130526,1
3211,5.5167,0.0,0.0144,0.0,-0.0144,0.992005,0.126199,1
3212,5.5333,0.0,0.0116,0.0,-0.0116,0.992546,0.121869,1
3213,5.55,0.0,0.0162,0.0,-0.0162,0.993068,0.117537,1
3214,5.5667,0.0,0.0144,0.0,-0.0144,0.993572,0.113203,1
3215,5.5833,0.0,0.0138,0.0,-0.0138,0.994056,0.108867,1
3216,5.6,0.0,0.0174,0.0,-0.0174,0.994522,0.104528,1
3217,5.6167,0.0,0.013,0.0,-0.013,0.994969,0.100188,1
3218,5.6333,0.0,0.0163,0.0,-0.0163,0.995396,0.095846,1
3219,5.65,0.0,0.0156,0.0,-0.0156,0.995805,0.091502,1
3220,5.6667,0.0,0.0175,0.0,-0.0175,0.996195,0.087156,1
3221,5.6833,0.0,0.0197,0.0,-0.0197,0.996566,0.082808,1
3222,5.7,0.0,0.0154,0.0,-0.0154,0.996917,0.078459,1
3223,5.7167,0.0,0.014,0.0,-0.014,0.99725,0.074108,1
3224,5.7333,0.0,0.015,0.0,-0.015,0.997564,0.069756,1
3225,5.75,0.0,0.0175,0.0,-0.0175,0.997859,0.065403,1
3226,5.7667,0.0,0.0175,0.0,-0.0175,0.998135,0.061049,1
3227,5.7833,0.0,0.0148,0.0,-0.0148,0.998392,0.056693,1
3228,5.8,0.0,0.0146,0.0,-0.0146,0.99863,0.052336,1
3229,5.8167,0.0,0.0188,0.0,-0.0188,0.998848,0.047978,1
3230,5.8333,0.0,0.0183,0.0,-0.0183,0.999048,0.043619,1
3231,5.85,0.0,0.0149,0.0,-0.0149,0.999229,0.03926,1
3232,5.8667,0.0,0.0155,0.0,-0.0155,0.999391,0.034899,1
3233,5.8833,0.0,0.0137,0.0,-0.0137,0.999534,0.030539,1
3234,5.9,0.0,0.0163,0.0,-0.0163,0.999657,0.026177,1
3235,5.9167,0.0,0.0172,0.0,-0.0172,0.999762,0.021815,1
3236,5.9333,0.0,0.0154,0.0,-0.0154,0.999848,0.017452,1
3237,5.95,0.0,0.0195,0.0,-0.0195,0.999914,0.01309,1
3238,5.9667,0.0,0.0156,0.0,-0.0156,0.999962,0.008727,1
3239,5.9833,0.0,0.0173,0.0,-0.0173,0.99999,0.004363,1
3240,6.0,0.0,0.0315,0.0,-0.0315,1.0,0.0,1
3241,6.0167,0.004717,0.0316,0.0,-0.026883,0.99999,-0.004363,1
3242,6.0333,0.0,0.0286,0.0,-0.0286,0.999962,-0.008727,1
3243,6.05,0.0,0.0272,0.0,-0.0272,0.999914,-0.01309,1
3244,6.0667,0.007967,0.026,0.0,-0.018033,0.999848,-0.017452,1
3245,6.0833,0.001267,0.0253,0.0,-0.024033,0.999762,-0.021815,1
3246,6.1,0.006567,0.0278,0.0,-0.021233,0.999657,-0.026177,1
3247,6.1167,0.00925,0.0243,0.0,-0.01505,0.999534,-0.030539,1
3248,6.1333,0.006183,0.0279,0.0,-0.021717,0.999391,-0.034899,1
3249,6.15,0.004967,0.03,0.0,-0.025033,0.999229,-0.03926,1
3250,6.1667,0.006067,0.0273,0.0,-0.021233,0.999048,-0.043619,1
3251,6.1833,0.00915,0.0281,0.0,-0.01895,0.998848,-0.047978,1
3252,6.2,0.008817,0.0282,0.0,-0.019383,0.99863,-0.052336,1
3253,6.2167,0.005133,0.0277,0.0,-0.022567,0.998392,-0.056693,1
3254,6.2333,0.0077,0.03,0.0,-0.0223,0.998135,-0.061049,1
3255,6.25,0.006517,0.0277,0.0,-0.021183,0.997859,-0.065403,1
3256,6.2667,0.011933,0.0281,0.0,-0.016167,0.997564,-0.069756,1
3257,6.2833,0.012817,0.0301,0.0,-0.017283,0.99725,-0.074108,1
3258,6.3,0.013283,0.032,0.0,-0.018717,0.996917,-0.078459,1
3259,6.3167,0.012183,0.0319,0.0,-0.019717,0.996566,-0.082808,1
3260,6.3333,0.007683,0.0274,0.0,-0.019717,0.996195,-0.087156,1
3261,6.35,0.011367,0.0308,0.0,-0.019433,0.995805,-0.091502,1
3262,6.3667,0.013267,0.0303,0.0,-0.017033,0.995396,-0.095846,1
3263,6.3833,0.011933,0.0266,0.0,-0.014667,0.994969,-0.100188,1
3264,6.4,0.018617,0.026,0.0,-0.007383,0.994522,-0.104528,1
3265,6.4167,0.0152,0.033,0.0,-0.0178,0.994056,-0.108867,1
3266,6.4333,0.011667,0.033,0.0,-0.021333,0.993572,-0.113203,1
3267,6.45,0.015783,0.0295,0.0,-0.013717,0.993068,-0.117537,1
3268,6.4667,0.020833,0.0279,0.0,-0.007067,0.992546,-0.121869,1
3269,6.4833,0.016267,0.0294,0.0,-0.013133,0.992005,-0.126199,1
3270,6.5,0.015617,0.0276,0.0,-0.011983,0.991445,-0.130526,1
3271,6.5167,0.025533,0.028,0.0,-0.002467,0.990866,-0.134851,1
3272,6.5333,0.019083,0.0315,0.0,-0.012417,0.990268,-0.139173,1
3273,6.55,0.022083,0.0289,0.0,-0.006817,0.989651,-0.143493,1
3274,6.5667,0.02135,0.028,0.0,-0.00665,0.989016,-0.147809,1
3275,6.5833,0.021717,0.0318,0.0,-0.010083,0.988362,-0.152123,1
3276,6.6,0.024467,0.0297,0.0,-0.005233,0.987688,-0.156434,1
3277,6.6167,0.026817,0.0276,0.0,-0.000783,0.986996,-0.160743,1
3278,6.6333,0.019833,0.0276,0.0,-0.007767,0.986286,-0.165048,1
3279,6.65,0.025367,0.0325,0.0,-0.007133,0.985556,-0.16935,1
3280,6.6667,0.0282,0.0279,0.0003,0.0003,0.984808,-0.173648,0
3281,6.6833,0.024017,0.0312,0.0,-0.007183,0.984041,-0.177944,1
3282,6.7,0.030767,0.0314,0.0,-0.000633,0.983255,-0.182236,1
3283,6.7167,0.032167,0.0305,0.0017,0.001667,0.98245,-0.186524,0
3284,6.7333,0.023833,0.0303,0.0,-0.006467,0.981627,-0.190809,1
3285,6.75,0.027733,0.029,0.0,-0.001267,0.980785,-0.19509,1
3286,6.7667,0.03285,0.0248,0.008,0.00805,0.979925,-0.199368,0
3287,6.7833,0.033717,0.0294,0.0123,0.004317,0.979045,-0.203642,0
3288,6.8,0.02995,0.0301,0.0122,-0.00015,0.978148,-0.207912,0
3289,6.8167,0.032367,0.0308,0.0138,0.001567,0.977231,-0.212178,0
3290,6.8333,0.03475,0.0236,0.025,0.01115,0.976296,-0.21644,0
3291,6.85,0.033067,0.0295,0.0286,0.003567,0.975342,-0.220697,0
3292,6.8667,0.0363,0.0276,0.0373,0.0087,0.97437,-0.224951,0
3293,6.8833,0.036933,0.0256,0.0486,0.011333,0.973379,-0.2292,0
3294,6.9,0.033917,0.0265,0.056,0.007417,0.97237,-0.233445,0
3295,6.9167,0.0343,0.0288,0.0615,0.0055,0.971342,-0.237686,0
3296,6.9333,0.03995,0.0264,0.0751,0.01355,0.970296,-0.241922,0
3297,6.95,0.034267,0.0276,0.0818,0.006667,0.969231,-0.246153,0
3298,6.9667,0.035917,0.0243,0.0934,0.011617,0.968148,-0.25038,0
3299,6.9833,0.03515,0.0289,0.0997,0.00625,0.967046,-0.254602,0
3300,7.0,0.036567,0.0561,0.0802,-0.019533,0.965926,-0.258819,0
3301,7.0167,0.0332,0.0525,0.0609,-0.0193,0.964787,-0.263031,0
3302,7.0333,0.038783,0.0529,0.0468,-0.014117,0.96363,-0.267238,0
3303,7.05,0.041833,0.0482,0.0404,-0.006367,0.962455,-0.27144,0
3304,7.0667,0.047183,0.0539,0.0337,-0.006717,0.961262,-0.275637,0
3305,7.0833,0.03845,0.0536,0.0185,-0.01515,0.96005,-0.279829,0
3306,7.1,0.046417,0.0501,0.0148,-0.003683,0.95882,-0.284015,0
3307,7.1167,0.04625,0.0508,0.0103,-0.00455,0.957571,-0.288196,0
3308,7.1333,0.047067,0.0562,0.0012,-0.009133,0.956305,-0.292372,0
3309,7.15,0.043717,0.0501,0.0,-0.006383,0.95502,-0.296542,1
3310,7.1667,0.042767,0.054,0.0,-0.011233,0.953717,-0.300706,1
3311,7.1833,0.044533,0.0509,0.0,-0.006367,0.952396,-0.304864,1
3312,7.2,0.04575,0.0559,0.0,-0.01015,0.951057,-0.309017,1
3313,7.2167,0.048183,0.0529,0.0,-0.004717,0.949699,-0.313164,1
3314,7.2333,0.050133,0.0506,0.0,-0.000467,0.948324,-0.317305,1
3315,7.25,0.047633,0.0529,0.0,-0.005267,0.94693,-0.321439,1
3316,7.2667,0.04755,0.0552,0.0,-0.00765,0.945519,-0.325568,1
3317,7.2833,0.048983,0.0473,0.0017,0.001683,0.944089,-0.329691,0
3318,7.3,0.048733,0.0521,0.0,-0.003367,0.942641,-0.333807,1
3319,7.3167,0.047517,0.0489,0.0,-0.001383,0.941176,-0.337917,1
3320,7.3333,0.047767,0.0504,0.0,-0.002633,0.939693,-0.34202,1
3321,7.35,0.053533,0.0507,0.0028,0.002833,0.938191,-0.346117,0
3322,7.3667,0.05315,0.0511,0.0049,0.00205,0.936672,-0.350207,0
3323,7.3833,0.055017,0.0519,0.008,0.003117,0.935135,-0.354291,0
3324,7.4,0.05095,0.0544,0.0046,-0.00345,0.93358,-0.358368,0
3325,7.4167,0.0542,0.0534,0.0054,0.0008,0.932008,-0.362438,0
3326,7.4333,0.055467,0.0516,0.0093,0.003867,0.930418,-0.366501,0
3327,7.45,0.0579,0.0525,0.0147,0.0054,0.92881,-0.370557,0
3328,7.4667,0.055217,0.0498,0.0201,0.005417,0.927184,-0.374607,0
3329,7.4833,0.057033,0.0491,0.028,0.007933,0.925541,-0.378649,0
3330,7.5,0.0548,0.0502,0.0326,0.0046,0.92388,-0.382683,0
3331,7.5167,0.058183,0.0536,0.0372,0.004583,0.922201,-0.386711,0
3332,7.5333,0.057517,0.0509,0.0438,0.006617,0.920505,-0.390731,0
3333,7.55,0.05885,0.0529,0.0497,0.00595,0.918791,-0.394744,0
3334,7.5667,0.059583,0.0522,0.0571,0.007383,0.91706,-0.398749,0
3335,7.5833,0.062567,0.0522,0.0675,0.010367,0.915311,-0.402747,0
3336,7.6,0.060583,0.0526,0.0755,0.007983,0.913545,-0.406737,0
3337,7.6167,0.06215,0.0525,0.0852,0.00965,0.911762,-0.410719,0
3338,7.6333,0.060267,0.051,0.0945,0.009267,0.909961,-0.414693,0
3339,7.65,0.06085,0.0509,0.1044,0.00995,0.908143,-0.41866,0
3340,7.6667,0.0643,0.0521,0.1166,0.0122,0.906308,-0.422618,0
3341,7.6833,0.067233,0.0488,0.135,0.018433,0.904455,-0.426569,0
3342,7.7,0.066083,0.0534,0.1477,0.012683,0.902585,-0.430511,0
3343,7.7167,0.066467,0.0525,0.1617,0.013967,0.900698,-0.434445,0
3344,7.7333,0.064517,0.0513,0.1749,0.013217,0.898794,-0.438371,0
3345,7.75,0.068833,0.0514,0.1923,0.017433,0.896873,-0.442289,0
3346,7.7667,0.0616,0.0529,0.201,0.0087,0.894934,-0.446198,0
3347,7.7833,0.07055,0.0512,0.2204,0.01935,0.892979,-0.450098,0
3348,7.8,0.0689,0.0508,0.2385,0.0181,0.891007,-0.45399,0
3349,7.8167,0.064367,0.0498,0.2531,0.014567,0.889017,-0.457874,0
3350,7.8333,0.071817,0.0523,0.2726,0.019517,0.887011,-0.461749,0
3351,7.85,0.067283,0.0522,0.2877,0.015083,0.884988,-0.465615,0
3352,7.8667,0.070383,0.0505,0.3076,0.019883,0.882948,-0.469472,0
3353,7.8833,0.070667,0.0555,0.3228,0.015167,0.880891,-0.47332,0
3354,7.9,0.07075,0.0542,0.3393,0.01655,0.878817,-0.477159,0
3355,7.9167,0.074517,0.0546,0.3592,0.019917,0.876727,-0.480989,0
3356,7.9333,0.070017,0.0517,0.3775,0.018317,0.87462,-0.48481,0
3357,7.95,0.07095,0.054,0.3945,0.01695,0.872496,-0.488621,0
3358,7.9667,0.074417,0.0508,0.4181,0.023617,0.870356,-0.492424,0
3359,7.9833,0.0734,0.0493,0.4422,0.0241,0.868199,-0.496217,0
3360,8.0,0.0734,0.0531,0.4625,0.0203,0.866025,-0.5,0
3361,8.0167,0.07495,0.0514,0.486,0.02355,0.863836,-0.503774,0
3362,8.0333,0.070767,0.0523,0.5045,0.018467,0.861629,-0.507538,0
3363,8.05,0.0725,0.0499,0.5271,0.0226,0.859406,-0.511293,0
3364,8.0667,0.078683,0.0533,0.5525,0.025383,0.857167,-0.515038,0
3365,8.0833,0.081033,0.0512,0.5823,0.029833,0.854912,-0.518773,0
3366,8.1,0.081567,0.0507,0.6132,0.030867,0.85264,-0.522499,0
3367,8.1167,0.0793,0.0531,0.6394,0.0262,0.850352,-0.526214,0
3368,8.1333,0.080333,0.0504,0.6693,0.029933,0.848048,-0.529919,0
3369,8.15,0.0785,0.0532,0.6946,0.0253,0.845728,-0.533615,0
3370,8.1667,0.08195,0.0515,0.725,0.03045,0.843391,-0.5373,0
3371,8.1833,0.079433,0.0515,0.7529,0.027933,0.841039,-0.540974,0
3372,8.2,0.082617,0.051,0.7845,0.031617,0.838671,-0.544639,0
3373,8.2167,0.077983,0.0523,0.8102,0.025683,0.836286,-0.548293,0
3374,8.2333,0.079833,0.0485,0.8415,0.031333,0.833886,-0.551937,0
3375,8.25,0.083617,0.0527,0.8724,0.030917,0.83147,-0.55557,0
3376,8.2667,0.082667,0.0531,0.902,0.029567,0.829038,-0.559193,0
3377,8.2833,0.082,0.0516,0.9324,0.0304,0.82659,-0.562805,0
3378,8.3,0.088467,0.0513,0.9696,0.037167,0.824126,-0.566406,0
3379,8.3167,0.08505,0.0501,1.0046,0.03495,0.821647,-0.569997,0
3380,8.3333,0.0902,0.0515,1.0433,0.0387,0.819152,-0.573576,0
3381,8.35,0.084233,0.0538,1.0737,0.030433,0.816642,-0.577145,0
3382,8.3667,0.088317,0.052,1.11,0.036317,0.814116,-0.580703,0
3383,8.3833,0.086317,0.0527,1.1436,0.033617,0.811574,-0.58425,0
3384,8.4,0.090417,0.0529,1.1811,0.037517,0.809017,-0.587785,0
3385,8.4167,0.089617,0.0516,1.2191,0.038017,0.806445,-0.59131,0
3386,8.4333,0.08425,0.0491,1.2543,0.03515,0.803857,-0.594823,0
3387,8.45,0.088033,0.0528,1.2895,0.035233,0.801254,-0.598325,0
3388,8.4667,0.089883,0.0527,1.3267,0.037183,0.798636,-0.601815,0
3389,8.4833,0.096467,0.0548,1.3684,0.041667,0.796002,-0.605294,0
3390,8.5,0.0906,0.0537,1.4053,0.0369,0.793353,-0.608761,0
3391,8.5167,0.0908,0.0507,1.4454,0.0401,0.79069,-0.612217,0
3392,8.5333,0.092867,0.0511,1.4872,0.041767,0.788011,-0.615661,0
3393,8.55,0.0956,0.0517,1.5311,0.0439,0.785317,-0.619094,0
3394,8.5667,0.099667,0.0569,1.5739,0.042767,0.782608,-0.622515,0
3395,8.5833,0.0935,0.0484,1.619,0.0451,0.779884,-0.625923,0
3396,8.6,0.094833,0.0485,1.6653,0.046333,0.777146,-0.62932,0
3397,8.6167,0.094733,0.0532,1.7068,0.041533,0.774393,-0.632705,0
3398,8.6333,0.090783,0.0549,1.7427,0.035883,0.771625,-0.636078,0
3399,8.65,0.099067,0.0521,1.7897,0.046967,0.768842,-0.639439,0
3400,8.6667,0.096017,0.053,1.8327,0.043017,0.766044,-0.642788,0
3401,8.6833,0.097683,0.051,1.8794,0.046683,0.763232,-0.646124,0
3402,8.7,0.098333,0.0514,1.9263,0.046933,0.760406,-0.649448,0
3403,8.7167,0.100383,0.0529,1.9738,0.047483,0.757565,-0.65276,0
3404,8.7333,0.0952,0.0554,2.0136,0.0398,0.75471,-0.656059,0
3405,8.75,0.095883,0.0526,2.0569,0.043283,0.75184,-0.659346,0
3406,8.7667,0.096133,0.051,2.102,0.045133,0.748956,-0.66262,0
3407,8.7833,0.098883,0.0545,2.1464,0.044383,0.746057,-0.665882,0
3408,8.8,0.103233,0.0507,2.1989,0.052533,0.743145,-0.669131,0
3409,8.8167,0.099717,0.0532,2.2454,0.046517,0.740218,-0.672367,0
3410,8.8333,0.102317,0.0511,2.2966,0.051217,0.737277,-0.67559,0
3411,8.85,0.105183,0.053,2.3488,0.052183,0.734323,-0.678801,0
3412,8.8667,0.103867,0.0523,2.4004,0.051567,0.731354,-0.681998,0
3413,8.8833,0.1019,0.0484,2.4539,0.0535,0.728371,-0.685183,0
3414,8.9,0.098517,0.0486,2.5038,0.049917,0.725374,-0.688355,0
3415,8.9167,0.1043,0.0541,2.554,0.0502,0.722364,-0.691513,0
3416,8.9333,0.101767,0.0512,2.6046,0.050567,0.71934,-0.694658,0
3417,8.95,0.1055,0.0538,2.6563,0.0517,0.716302,-0.69779,0
3418,8.9667,0.1056,0.0528,2.7091,0.0528,0.71325,-0.700909,0
3419,8.9833,0.102967,0.0517,2.7604,0.051267,0.710185,-0.704015,0
3420,9.0,0.109483,0.0282,2.8417,0.081283,0.707107,-0.707107,0
3421,9.0167,0.10335,0.0254,2.9196,0.07795,0.704015,-0.710185,0
3422,9.0333,0.10695,0.0272,2.9993,0.07975,0.700909,-0.71325,0
3423,9.05,0.107217,0.0276,3.0789,0.079617,0.69779,-0.716302,0
3424,9.0667,0.104967,0.0289,3.155,0.076067,0.694658,-0.71934,0
3425,9.0833,0.106733,0.0254,3.2363,0.081333,0.691513,-0.722364,0
3426,9.1,0.1089,0.0279,3.3173,0.081,0.688355,-0.725374,0
3427,9.1167,0.11315,0.0311,3.3994,0.08205,0.685183,-0.728371,0
3428,9.1333,0.107233,0.0288,3.4778,0.078433,0.681998,-0.731354,0
3429,9.15,0.112583,0.0274,3.563,0.085183,0.678801,-0.734323,0
3430,9.1667,0.111217,0.0277,3.6465,0.083517,0.67559,-0.737277,0
3431,9.1833,0.1123,0.028,3.7308,0.0843,0.672367,-0.740218,0
3432,9.2,0.112667,0.0298,3.8137,0.082867,0.669131,-0.743145,0
3433,9.2167,0.112183,0.031,3.8949,0.081183,0.665882,-0.746057,0
3434,9.2333,0.109583,0.0279,3.9766,0.081683,0.66262,-0.748956,0
3435,9.25,0.113617,0.0309,4.0593,0.082717,0.659346,-0.75184,0
3436,9.2667,0.116683,0.0271,4.1489,0.089583,0.656059,-0.75471,0
3437,9.2833,0.11355,0.0297,4.2328,0.08385,0.65276,-0.757565,0
3438,9.3,0.1145,0.0306,4.3167,0.0839,0.649448,-0.760406,0
3439,9.3167,0.1128,0.0249,4.4046,0.0879,0.646124,-0.763232,0
3440,9.3333,0.110783,0.0275,4.4879,0.083283,0.642788,-0.766044,0
3441,9.35,0.112967,0.0299,4.571,0.083067,0.639439,-0.768842,0
3442,9.3667,0.11035,0.0266,4.6547,0.08375,0.636078,-0.771625,0
3443,9.3833,0.1146,0.0244,4.7449,0.0902,0.632705,-0.774393,0
3444,9.4,0.11695,0.0252,4.8367,0.09175,0.62932,-0.777146,0
3445,9.4167,0.11265,0.0276,4.9218,0.08505,0.625923,-0.779884,0
3446,9.4333,0.119433,0.0275,5.0137,0.091933,0.622515,-0.782608,0
3447,9.45,0.111983,0.0291,5.0966,0.082883,0.619094,-0.785317,0
3448,9.4667,0.115967,0.0298,5.1828,0.086167,0.615661,-0.788011,0
3449,9.4833,0.1186,0.0262,5.2752,0.0924,0.612217,-0.79069,0
3450,9.5,0.120283,0.0279,5.3676,0.092383,0.608761,-0.793353,0
3451,9.5167,0.1202,0.0317,5.4561,0.0885,0.605294,-0.796002,0
3452,9.5333,0.117817,0.0289,5.545,0.088917,0.601815,-0.798636,0
3453,9.55,0.1241,0.033,5.6361,0.0911,0.598325,-0.801254,0
3454,9.5667,0.1158,0.0295,5.7224,0.0863,0.594823,-0.803857,0
3455,9.5833,0.118467,0.0281,5.8128,0.090367,0.59131,-0.806445,0
3456,9.6,0.121583,0.0337,5.9007,0.087883,0.587785,-0.809017,0
3457,9.6167,0.123033,0.0282,5.9955,0.094833,0.58425,-0.811574,0
3458,9.6333,0.12135,0.0276,6.0892,0.09375,0.580703,-0.814116,0
3459,9.65,0.12385,0.0333,6.1798,0.09055,0.577145,-0.816642,0
3460,9.6667,0.1199,0.0275,6.2722,0.0924,0.573576,-0.819152,0
3461,9.6833,0.124533,0.0316,6.3651,0.092933,0.569997,-0.821647,0
3462,9.7,0.120467,0.0269,6.4587,0.093567,0.566406,-0.824126,0
3463,9.7167,0.121767,0.029,6.5515,0.092767,0.562805,-0.82659,0
3464,9.7333,0.124667,0.0258,6.6504,0.098867,0.559193,-0.829038,0
3465,9.75,0.125783,0.0306,6.7456,0.095183,0.55557,-0.83147,0
3466,9.7667,0.125583,0.0277,6.8435,0.097883,0.551937,-0.833886,0
3467,9.7833,0.1247,0.0288,6.9394,0.0959,0.548293,-0.836286,0
3468,9.8,0.123,0.0295,7.0329,0.0935,0.544639,-0.838671,0
3469,9.8167,0.12305,0.0295,7.1265,0.09355,0.540974,-0.841039,0
3470,9.8333,0.121033,0.0268,7.2207,0.094233,0.5373,-0.843391,0
3471,9.85,0.127517,0.0287,7.3195,0.098817,0.533615,-0.845728,0
3472,9.8667,0.125017,0.0296,7.4149,0.095417,0.529919,-0.848048,0
3473,9.8833,0.1272,0.0298,7.5123,0.0974,0.526214,-0.850352,0
3474,9.9,0.130783,0.024,7.6191,0.106783,0.522499,-0.85264,0
3475,9.9167,0.130633,0.0271,7.7226,0.103533,0.518773,-0.854912,0
3476,9.9333,0.126533,0.0271,7.822,0.099433,0.515038,-0.857167,0
3477,9.95,0.12845,0.0304,7.92,0.09805,0.511293,-0.859406,0
3478,9.9667,0.134217,0.027,8.0272,0.107217,0.507538,-0.861629,0
3479,9.9833,0.132117,0.0279,8.1314,0.104217,0.503774,-0.863836,0
3480,10.0,0.127933,0.0271,8.2322,0.100833,0.5,-0.866025,0
3481,10.0167,0.130417,0.0288,8.3338,0.101617,0.496217,-0.868199,0
3482,10.0333,0.132517,0.0312,8.4351,0.101317,0.492424,-0.870356,0
3483,10.05,0.12925,0.028,8.5364,0.10125,0.488621,-0.872496,0
3484,10.0667,0.1273,0.0246,8.6391,0.1027,0.48481,-0.87462,0
3485,10.0833,0.132233,0.0295,8.7418,0.102733,0.480989,-0.876727,0
3486,10.1,0.134917,0.0293,8.8474,0.105617,0.477159,-0.878817,0
3487,10.1167,0.135217,0.0293,8.9533,0.105917,0.47332,-0.880891,0
3488,10.1333,0.134833,0.0284,9.0597,0.106433,0.469472,-0.882948,0
3489,10.15,0.132933,0.031,9.1616,0.101933,0.465615,-0.884988,0
3490,10.1667,0.136233,0.0283,9.2695,0.107933,0.461749,-0.887011,0
3491,10.1833,0.13475,0.0274,9.3769,0.10735,0.457874,-0.889017,0
3492,10.2,0.129933,0.0292,9.4776,0.100733,0.45399,-0.891007,0
3493,10.2167,0.131417,0.0294,9.5796,0.102017,0.450098,-0.892979,0
3494,10.2333,0.127283,0.0268,9.6801,0.100483,0.446198,-0.894934,0
3495,10.25,0.134417,0.0312,9.7833,0.103217,0.442289,-0.896873,0
3496,10.2667,0.129733,0.0278,9.8852,0.101933,0.438371,-0.898794,0
3497,10.2833,0.137417,0.0274,9.9952,0.110017,0.434445,-0.900698,0
3498,10.3,0.134717,0.0259,10.104,0.108817,0.430511,-0.902585,0
3499,10.3167,0.135267,0.0258,10.2135,0.109467,0.426569,-0.904455,0
3500,10.3333,0.135683,0.0271,10.3221,0.108583,0.422618,-0.906308,0
3501,10.35,0.13565,0.0275,10.4303,0.10815,0.41866,-0.908143,0
3502,10.3667,0.137417,0.0225,10.5452,0.114917,0.414693,-0.909961,0
3503,10.3833,0.137317,0.0282,10.6543,0.109117,0.410719,-0.911762,0
3504,10.4,0.139133,0.0279,10.7655,0.111233,0.406737,-0.913545,0
3505,10.4167,0.135283,0.0269,10.8739,0.108383,0.402747,-0.915311,0
3506,10.4333,0.1379,0.0303,10.9815,0.1076,0.398749,-0.91706,0
3507,10.45,0.135967,0.0305,11.087,0.105467,0.394744,-0.918791,0
3508,10.4667,0.138583,0.0277,11.1979,0.110883,0.390731,-0.920505,0
3509,10.4833,0.1386,0.0272,11.3093,0.1114,0.386711,-0.922201,0
3510,10.5,0.14205,0.0271,11.4242,0.11495,0.382683,-0.92388,0
3511,10.5167,0.13835,0.0315,11.5311,0.10685,0.378649,-0.925541,0
3512,10.5333,0.138267,0.0295,11.6399,0.108767,0.374607,-0.927184,0
3513,10.55,0.1371,0.0259,11.7511,0.1112,0.370557,-0.92881,0
3514,10.5667,0.1364,0.0274,11.8601,0.109,0.366501,-0.930418,0
3515,10.5833,0.142133,0.0265,11.9757,0.115633,0.362438,-0.932008,0
3516,10.6,0.13875,0.0252,12.0892,0.11355,0.358368,-0.93358,0
3517,10.6167,0.140383,0.0283,12.2013,0.112083,0.354291,-0.935135,0
3518,10.6333,0.142583,0.0303,12.3136,0.112283,0.350207,-0.936672,0
3519,10.65,0.140517,0.0273,12.4268,0.113217,0.346117,-0.938191,0
3520,10.6667,0.14095,0.0247,12.5431,0.11625,0.34202,-0.939693,0
3521,10.6833,0.14285,0.0276,12.6584,0.11525,0.337917,-0.941176,0
3522,10.7,0.148133,0.029,12.7775,0.119133,0.333807,-0.942641,0
3523,10.7167,0.142967,0.0327,12.8878,0.110267,0.329691,-0.944089,0
3524,10.7333,0.145817,0.0253,13.0083,0.120517,0.325568,-0.945519,0
3525,10.75,0.142933,0.0291,13.1221,0.113833,0.321439,-0.94693,0
3526,10.7667,0.138283,0.0261,13.2343,0.112183,0.317305,-0.948324,0
3527,10.7833,0.140033,0.0289,13.3454,0.111133,0.313164,-0.949699,0
3528,10.8,0.141417,0.0293,13.4575,0.112117,0.309017,-0.951057,0
3529,10.8167,0.1451,0.026,13.5766,0.1191,0.304864,-0.952396,0
3530,10.8333,0.140667,0.0325,13.6848,0.108167,0.300706,-0.953717,0
3531,10.85,0.145067,0.0264,13.8035,0.118667,0.296542,-0.95502,0
3532,10.8667,0.143417,0.0289,13.918,0.114517,0.292372,-0.956305,0
3533,10.8833,0.140617,0.0276,14.031,0.113017,0.288196,-0.957571,0
3534,10.9,0.1438,0.031,14.1438,0.1128,0.284015,-0.95882,0
3535,10.9167,0.14525,0.0292,14.2599,0.11605,0.279829,-0.96005,0
3536,10.9333,0.143283,0.0291,14.3741,0.114183,0.275637,-0.961262,0
3537,10.95,0.143717,0.0314,14.4864,0.112317,0.27144,-0.962455,0
3538,10.9667,0.144317,0.0283,14.6024,0.116017,0.267238,-0.96363,0
3539,10.9833,0.141717,0.0261,14.718,0.115617,0.263031,-0.964787,0
3540,11.0,0.146183,0.0307,14.8335,0.115483,0.258819,-0.965926,0
3541,11.0167,0.146583,0.0289,14.9512,0.117683,0.254602,-0.967046,0
3542,11.0333,0.14385,0.0275,15.0,0.11635,0.25038,-0.968148,0
3543,11.05,0.143367,0.0294,15.0,0.113967,0.246153,-0.969231,0
3544,11.0667,0.1482,0.0302,15.0,0.118,0.241922,-0.970296,0
3545,11.0833,0.14375,0.0314,15.0,0.11235,0.237686,-0.971342,0
3546,11.1,0.1445,0.0276,15.0,0.1169,0.233445,-0.97237,0
3547,11.1167,0.143017,0.0275,15.0,0.115517,0.2292,-0.973379,0
3548,11.1333,0.145067,0.0265,15.0,0.118567,0.224951,-0.97437,0
3549,11.15,0.143467,0.0305,15.0,0.112967,0.220697,-0.975342,0
3550,11.1667,0.140683,0.0271,15.0,0.113583,0.21644,-0.976296,0
3551,11.1833,0.148633,0.0254,15.0,0.123233,0.212178,-0.977231,0
3552,11.2,0.1481,0.0292,15.0,0.1189,0.207912,-0.978148,0
3553,11.2167,0.15225,0.0295,15.0,0.12275,0.203642,-0.979045,0
3554,11.2333,0.1444,0.0273,15.0,0.1171,0.199368,-0.979925,0
3555,11.25,0.145617,0.0282,15.0,0.117417,0.19509,-0.980785,0
3556,11.2667,0.14625,0.0274,15.0,0.11885,0.190809,-0.981627,0
3557,11.2833,0.14365,0.0327,15.0,0.11095,0.186524,-0.98245,0
3558,11.3,0.1444,0.0252,15.0,0.1192,0.182236,-0.983255,0
3559,11.3167,0.14695,0.0301,15.0,0.11685,0.177944,-0.984041,0
3560,11.3333,0.141817,0.0327,15.0,0.109117,0.173648,-0.984808,0
3561,11.35,0.1466,0.0252,15.0,0.1214,0.16935,-0.985556,0
3562,11.3667,0.1498,0.0274,15.0,0.1224,0.165048,-0.986286,0
3563,11.3833,0.15025,0.0281,15.0,0.12215,0.160743,-0.986996,0
3564,11.4,0.147967,0.0283,15.0,0.119667,0.156434,-0.987688,0
3565,11.4167,0.146267,0.0281,15.0,0.118167,0.152123,-0.988362,0
3566,11.4333,0.151133,0.0302,15.0,0.120933,0.147809,-0.989016,0
3567,11.45,0.141067,0.0324,15.0,0.108667,0.143493,-0.989651,0
3568,11.4667,0.15125,0.0264,15.0,0.12485,0.139173,-0.990268,0
3569,11.4833,0.151717,0.0329,15.0,0.118817,0.134851,-0.990866,0
3570,11.5,0.143683,0.0269,15.0,0.116783,0.130526,-0.991445,0
3571,11.5167,0.148433,0.0283,15.0,0.120133,0.126199,-0.992005,0
3572,11.5333,0.150867,0.0309,15.0,0.119967,0.121869,-0.992546,0
3573,11.55,0.14825,0.0326,15.0,0.11565,0.117537,-0.993068,0
3574,11.5667,0.149517,0.0286,15.0,0.120917,0.113203,-0.993572,0
3575,11.5833,0.148183,0.0274,15.0,0.120783,0.108867,-0.994056,0
3576,11.6,0.1539,0.0295,15.0,0.1244,0.104528,-0.994522,0
3577,11.6167,0.148317,0.0295,15.0,0.118817,0.100188,-0.994969,0
3578,11.6333,0.147383,0.0331,15.0,0.114283,0.095846,-0.995396,0
3579,11.65,0.14815,0.0294,15.0,0.11875,0.091502,-0.995805,0
3580,11.6667,0.1517,0.0289,15.0,0.1228,0.087156,-0.996195,0
3581,11.6833,0.15,0.0274,15.0,0.1226,0.082808,-0.996566,0
3582,11.7,0.1485,0.0283,15.0,0.1202,0.078459,-0.996917,0
3583,11.7167,0.149983,0.0254,15.0,0.124583,0.074108,-0.99725,0
3584,11.7333,0.14985,0.0283,15.0,0.12155,0.069756,-0.997564,0
3585,11.75,0.145533,0.027,15.0,0.118533,0.065403,-0.997859,0
3586,11.7667,0.147233,0.0256,15.0,0.121633,0.061049,-0.998135,0
3587,11.7833,0.154167,0.0311,15.0,0.123067,0.056693,-0.998392,0
3588,11.8,0.150783,0.0277,15.0,0.123083,0.052336,-0.99863,0
3589,11.8167,0.15125,0.0274,15.0,0.12385,0.047978,-0.998848,0
3590,11.8333,0.14395,0.0258,15.0,0.11815,0.043619,-0.999048,0
3591,11.85,0.151733,0.0271,15.0,0.124633,0.03926,-0.999229,0
3592,11.8667,0.148417,0.0297,15.0,0.118717,0.034899,-0.999391,0
3593,11.8833,0.151367,0.0257,15.0,0.125667,0.030539,-0.999534,0
3594,11.9,0.1519,0.0293,15.0,0.1226,0.026177,-0.999657,0
3595,11.9167,0.151567,0.026,15.0,0.125567,0.021815,-0.999762,0
3596,11.9333,0.152417,0.0331,15.0,0.119317,0.017452,-0.999848,0
3597,11.95,0.149217,0.0246,15.0,0.124617,0.01309,-0.999914,0
3598,11.9667,0.152983,0.027,15.0,0.125983,0.008727,-0.999962,0
3599,11.9833,0.151067,0.027,15.0,0.124067,0.004363,-0.99999,0
3600,12.0,0.147967,0.0291,15.0,0.118867,0.0,-1.0,0
3601,12.0167,0.14595,0.0276,15.0,0.11835,-0.004363,-0.99999,0
3602,12.0333,0.150917,0.0271,15.0,0.123817,-0.008727,-0.999962,0
3603,12.05,0.149517,0.0269,15.0,0.122617,-0.01309,-0.999914,0
3604,12.0667,0.1514,0.0278,15.0,0.1236,-0.017452,-0.999848,0
3605,12.0833,0.152533,0.0262,15.0,0.126333,-0.021815,-0.999762,0
3606,12.1,0.150783,0.0267,15.0,0.124083,-0.026177,-0.999657,0
3607,12.1167,0.1539,0.0286,15.0,0.1253,-0.030539,-0.999534,0
3608,12.1333,0.154283,0.0288,15.0,0.125483,-0.034899,-0.999391,0
3609,12.15,0.152667,0.0309,15.0,0.121767,-0.03926,-0.999229,0
3610,12.1667,0.1497,0.028,15.0,0.1217,-0.043619,-0.999048,0
3611,12.1833,0.15085,0.0284,15.0,0.12245,-0.047978,-0.998848,0
3612,12.2,0.1513,0.0294,15.0,0.1219,-0.052336,-0.99863,0
3613,12.2167,0.1484,0.0292,15.0,0.1192,-0.056693,-0.998392,0
3614,12.2333,0.150467,0.0288,15.0,0.121667,-0.061049,-0.998135,0
3615,12.25,0.149833,0.032,15.0,0.117833,-0.065403,-0.997859,0
3616,12.2667,0.142283,0.0264,15.0,0.115883,-0.069756,-0.997564,0
3617,12.2833,0.1495,0.0279,15.0,0.1216,-0.074108,-0.99725,0
3618,12.3,0.148717,0.0261,15.0,0.122617,-0.078459,-0.996917,0
3619,12.3167,0.14835,0.0268,15.0,0.12155,-0.082808,-0.996566,0
3620,12.3333,0.147567,0.03,15.0,0.117567,-0.087156,-0.996195,0
3621,12.35,0.15015,0.0316,15.0,0.11855,-0.091502,-0.995805,0
3622,12.3667,0.148533,0.0257,15.0,0.122833,-0.095846,-0.995396,0
3623,12.3833,0.142583,0.0266,15.0,0.115983,-0.100188,-0.994969,0
3624,12.4,0.148233,0.0308,15.0,0.117433,-0.104528,-0.994522,0
3625,12.4167,0.152717,0.0339,15.0,0.118817,-0.108867,-0.994056,0
3626,12.4333,0.152033,0.0279,15.0,0.124133,-0.113203,-0.993572,0
3627,12.45,0.150467,0.0278,15.0,0.122667,-0.117537,-0.993068,0
3628,12.4667,0.148067,0.0294,15.0,0.118667,-0.121869,-0.992546,0
3629,12.4833,0.149633,0.0275,15.0,0.122133,-0.126199,-0.992005,0
3630,12.5,0.1445,0.0262,15.0,0.1183,-0.130526,-0.991445,0
3631,12.5167,0.1493,0.0272,15.0,0.1221,-0.134851,-0.990866,0
3632,12.5333,0.15145,0.0317,15.0,0.11975,-0.139173,-0.990268,0
3633,12.55,0.144933,0.0287,15.0,0.116233,-0.143493,-0.989651,0
3634,12.5667,0.147733,0.0316,15.0,0.116133,-0.147809,-0.989016,0
3635,12.5833,0.149583,0.0278,15.0,0.121783,-0.152123,-0.988362,0
3636,12.6,0.145833,0.0273,15.0,0.118533,-0.156434,-0.987688,0
3637,12.6167,0.143767,0.0315,15.0,0.112267,-0.160743,-0.986996,0
3638,12.6333,0.144883,0.0276,15.0,0.117283,-0.165048,-0.986286,0
3639,12.65,0.1456,0.0303,15.0,0.1153,-0.16935,-0.985556,0
3640,12.6667,0.143333,0.0318,15.0,0.111533,-0.173648,-0.984808,0
3641,12.6833,0.14325,0.0264,15.0,0.11685,-0.177944,-0.984041,0
3642,12.7,0.142567,0.0309,15.0,0.111667,-0.182236,-0.983255,0
3643,12.7167,0.154117,0.0299,15.0,0.124217,-0.186524,-0.98245,0
3644,12.7333,0.148517,0.0278,15.0,0.120717,-0.190809,-0.981627,0
3645,12.75,0.146083,0.0327,15.0,0.113383,-0.19509,-0.980785,0
3646,12.7667,0.1449,0.0336,15.0,0.1113,-0.199368,-0.979925,0
3647,12.7833,0.151833,0.0256,15.0,0.126233,-0.203642,-0.979045,0
3648,12.8,0.144983,0.0276,15.0,0.117383,-0.207912,-0.978148,0
3649,12.8167,0.14475,0.0282,15.0,0.11655,-0.212178,-0.977231,0
3650,12.8333,0.146167,0.0296,15.0,0.116567,-0.21644,-0.976296,0
3651,12.85,0.14425,0.0325,15.0,0.11175,-0.220697,-0.975342,0
3652,12.8667,0.148633,0.0298,15.0,0.118833,-0.224951,-0.97437,0
3653,12.8833,0.1457,0.0271,15.0,0.1186,-0.2292,-0.973379,0
3654,12.9,0.149017,0.032,15.0,0.117017,-0.233445,-0.97237,0
3655,12.9167,0.147533,0.0281,15.0,0.119433,-0.237686,-0.971342,0
3656,12.9333,0.14255,0.0311,15.0,0.11145,-0.241922,-0.970296,0
3657,12.95,0.146783,0.0265,15.0,0.120283,-0.246153,-0.969231,0
3658,12.9667,0.1462,0.0311,15.0,0.1151,-0.25038,-0.968148,0
3659,12.9833,0.1445,0.0273,15.0,0.1172,-0.254602,-0.967046,0
3660,13.0,0.143233,0.0245,15.0,0.118733,-0.258819,-0.965926,0
3661,13.0167,0.142133,0.0305,15.0,0.111633,-0.263031,-0.964787,0
3662,13.0333,0.147067,0.0341,15.0,0.112967,-0.267238,-0.96363,0
3663,13.05,0.141117,0.0244,15.0,0.116717,-0.27144,-0.962455,0
3664,13.0667,0.145183,0.0294,15.0,0.115783,-0.275637,-0.961262,0
3665,13.0833,0.1449,0.0311,15.0,0.1138,-0.279829,-0.96005,0
3666,13.1,0.142867,0.0299,15.0,0.112967,-0.284015,-0.95882,0
3667,13.1167,0.142633,0.0272,15.0,0.115433,-0.288196,-0.957571,0
3668,13.1333,0.147233,0.0287,15.0,0.118533,-0.292372,-0.956305,0
3669,13.15,0.139033,0.029,15.0,0.110033,-0.296542,-0.95502,0
3670,13.1667,0.14,0.0265,15.0,0.1135,-0.300706,-0.953717,0
3671,13.1833,0.1413,0.0269,15.0,0.1144,-0.304864,-0.952396,0
3672,13.2,0.143383,0.0274,15.0,0.115983,-0.309017,-0.951057,0
3673,13.2167,0.141967,0.0289,15.0,0.113067,-0.313164,-0.949699,0
3674,13.2333,0.148067,0.0289,15.0,0.119167,-0.317305,-0.948324,0
3675,13.25,0.147317,0.0254,15.0,0.121917,-0.321439,-0.94693,0
3676,13.2667,0.139467,0.0278,15.0,0.111667,-0.325568,-0.945519,0
3677,13.2833,0.145917,0.0307,15.0,0.115217,-0.329691,-0.944089,0
3678,13.3,0.140567,0.0287,15.0,0.111867,-0.333807,-0.942641,0
3679,13.3167,0.142567,0.0271,15.0,0.115467,-0.337917,-0.941176,0
3680,13.3333,0.141567,0.0299,15.0,0.111667,-0.34202,-0.939693,0
3681,13.35,0.139367,0.0282,15.0,0.111167,-0.346117,-0.938191,0
3682,13.3667,0.13825,0.0306,15.0,0.10765,-0.350207,-0.936672,0
3683,13.3833,0.137783,0.0302,15.0,0.107583,-0.354291,-0.935135,0
3684,13.4,0.14005,0.0274,15.0,0.11265,-0.358368,-0.93358,0
3685,13.4167,0.136617,0.0291,15.0,0.107517,-0.362438,-0.932008,0
3686,13.4333,0.138233,0.0248,15.0,0.113433,-0.366501,-0.930418,0
3687,13.45,0.1333,0.0259,15.0,0.1074,-0.370557,-0.92881,0
3688,13.4667,0.139317,0.0256,15.0,0.113717,-0.374607,-0.927184,0
3689,13.4833,0.1397,0.0311,15.0,0.1086,-0.378649,-0.925541,0
3690,13.5,0.136883,0.0274,15.0,0.109483,-0.382683,-0.92388,0
3691,13.5167,0.142733,0.0279,15.0,0.114833,-0.386711,-0.922201,0
3692,13.5333,0.140317,0.0299,15.0,0.110417,-0.390731,-0.920505,0
3693,13.55,0.139383,0.0314,15.0,0.107983,-0.394744,-0.918791,0
3694,13.5667,0.1343,0.026,15.0,0.1083,-0.398749,-0.91706,0
3695,13.5833,0.139367,0.0271,15.0,0.112267,-0.402747,-0.915311,0
3696,13.6,0.1383,0.0283,15.0,0.11,-0.406737,-0.913545,0
3697,13.6167,0.13815,0.0265,15.0,0.11165,-0.410719,-0.911762,0
3698,13.6333,0.140917,0.0312,15.0,0.109717,-0.414693,-0.909961,0
3699,13.65,0.13505,0.0292,15.0,0.10585,-0.41866,-0.908143,0
3700,13.6667,0.137017,0.0272,15.0,0.109817,-0.422618,-0.906308,0
3701,13.6833,0.1376,0.0282,15.0,0.1094,-0.426569,-0.904455,0
3702,13.7,0.137433,0.0301,15.0,0.107333,-0.430511,-0.902585,0
3703,13.7167,0.1333,0.0243,15.0,0.109,-0.434445,-0.900698,0
3704,13.7333,0.132733,0.0296,15.0,0.103133,-0.438371,-0.898794,0
3705,13.75,0.13205,0.0305,15.0,0.10155,-0.442289,-0.896873,0
3706,13.7667,0.13515,0.03,15.0,0.10515,-0.446198,-0.894934,0
3707,13.7833,0.133333,0.0292,15.0,0.104133,-0.450098,-0.892979,0
3708,13.8,0.134683,0.0272,15.0,0.107483,-0.45399,-0.891007,0
3709,13.8167,0.135383,0.0295,15.0,0.105883,-0.457874,-0.889017,0
3710,13.8333,0.134733,0.0292,15.0,0.105533,-0.461749,-0.887011,0
3711,13.85,0.137867,0.0305,15.0,0.107367,-0.465615,-0.884988,0
3712,13.8667,0.132733,0.0266,15.0,0.106133,-0.469472,-0.882948,0
3713,13.8833,0.133883,0.0268,15.0,0.107083,-0.47332,-0.880891,0
3714,13.9,0.128467,0.0318,15.0,0.096667,-0.477159,-0.878817,0
3715,13.9167,0.130467,0.0278,15.0,0.102667,-0.480989,-0.876727,0
3716,13.9333,0.127583,0.0249,15.0,0.102683,-0.48481,-0.87462,0
3717,13.95,0.131217,0.0265,15.0,0.104717,-0.488621,-0.872496,0
3718,13.9667,0.132867,0.0295,15.0,0.103367,-0.492424,-0.870356,0
3719,13.9833,0.133617,0.03,15.0,0.103617,-0.496217,-0.868199,0
3720,14.0,0.129567,0.0288,15.0,0.100767,-0.5,-0.866025,0
3721,14.0167,0.129717,0.0286,15.0,0.101117,-0.503774,-0.863836,0
3722,14.0333,0.132183,0.028,15.0,0.104183,-0.507538,-0.861629,0
3723,14.05,0.128283,0.0274,15.0,0.100883,-0.511293,-0.859406,0
3724,14.0667,0.129117,0.0276,15.0,0.101517,-0.515038,-0.857167,0
3725,14.0833,0.127317,0.0294,15.0,0.097917,-0.518773,-0.854912,0
3726,14.1,0.12915,0.0314,15.0,0.09775,-0.522499,-0.85264,0
3727,14.1167,0.125183,0.0758,15.0,0.049383,-0.526214,-0.850352,0
3728,14.1333,0.12855,0.0726,15.0,0.05595,-0.529919,-0.848048,0
3729,14.15,0.129283,0.071,15.0,0.058283,-0.533615,-0.845728,0
3730,14.1667,0.1257,0.0732,15.0,0.0525,-0.5373,-0.843391,0
3731,14.1833,0.123533,0.0736,15.0,0.049933,-0.540974,-0.841039,0
3732,14.2,0.128933,0.073,15.0,0.055933,-0.544639,-0.838671,0
3733,14.2167,0.125217,0.0741,15.0,0.051117,-0.548293,-0.836286,0
3734,14.2333,0.1244,0.0747,15.0,0.0497,-0.551937,-0.833886,0
3735,14.25,0.124717,0.0738,15.0,0.050917,-0.55557,-0.83147,0
3736,14.2667,0.124833,0.0719,15.0,0.052933,-0.559193,-0.829038,0
3737,14.2833,0.124617,0.0781,15.0,0.046517,-0.562805,-0.82659,0
3738,14.3,0.12695,0.0744,15.0,0.05255,-0.566406,-0.824126,0
3739,14.3167,0.12455,0.0698,15.0,0.05475,-0.569997,-0.821647,0
3740,14.3333,0.123083,0.0769,15.0,0.046183,-0.573576,-0.819152,0
3741,14.35,0.119917,0.0739,15.0,0.046017,-0.577145,-0.816642,0
3742,14.3667,0.123833,0.0724,15.0,0.051433,-0.580703,-0.814116,0
3743,14.3833,0.12065,0.0768,15.0,0.04385,-0.58425,-0.811574,0
3744,14.4,0.122217,0.0711,15.0,0.051117,-0.587785,-0.809017,0
3745,14.4167,0.12075,0.0772,15.0,0.04355,-0.59131,-0.806445,0
3746,14.4333,0.1203,0.0738,15.0,0.0465,-0.594823,-0.803857,0
3747,14.45,0.123133,0.0729,15.0,0.050233,-0.598325,-0.801254,0
3748,14.4667,0.118533,0.0767,15.0,0.041833,-0.601815,-0.798636,0
3749,14.4833,0.1213,0.0754,15.0,0.0459,-0.605294,-0.796002,0
3750,14.5,0.116833,0.0764,15.0,0.040433,-0.608761,-0.793353,0
3751,14.5167,0.125267,0.0764,15.0,0.048867,-0.612217,-0.79069,0
3752,14.5333,0.11415,0.076,15.0,0.03815,-0.615661,-0.788011,0
3753,14.55,0.116717,0.0765,15.0,0.040217,-0.619094,-0.785317,0
3754,14.5667,0.116567,0.0722,15.0,0.044367,-0.622515,-0.782608,0
3755,14.5833,0.12055,0.0742,15.0,0.04635,-0.625923,-0.779884,0
3756,14.6,0.113733,0.075,15.0,0.038733,-0.62932,-0.777146,0
3757,14.6167,0.124067,0.0724,15.0,0.051667,-0.632705,-0.774393,0
3758,14.6333,0.118417,0.0743,15.0,0.044117,-0.636078,-0.771625,0
3759,14.65,0.11245,0.0734,15.0,0.03905,-0.639439,-0.768842,0
3760,14.6667,0.116367,0.0727,15.0,0.043667,-0.642788,-0.766044,0
3761,14.6833,0.113333,0.0713,15.0,0.042033,-0.646124,-0.763232,0
3762,14.7,0.116967,0.076,15.0,0.040967,-0.649448,-0.760406,0
3763,14.7167,0.117467,0.073,15.0,0.044467,-0.65276,-0.757565,0
3764,14.7333,0.114583,0.0273,15.0,0.087283,-0.656059,-0.75471,0
3765,14.75,0.11415,0.0299,15.0,0.08425,-0.659346,-0.75184,0
3766,14.7667,0.1142,0.0304,15.0,0.0838,-0.66262,-0.748956,0
3767,14.7833,0.109133,0.0277,15.0,0.081433,-0.665882,-0.746057,0
3768,14.8,0.111017,0.03,15.0,0.081017,-0.669131,-0.743145,0
3769,14.8167,0.112783,0.0292,15.0,0.083583,-0.672367,-0.740218,0
3770,14.8333,0.10965,0.0263,15.0,0.08335,-0.67559,-0.737277,0
3771,14.85,0.1106,0.0307,15.0,0.0799,-0.678801,-0.734323,0
3772,14.8667,0.106067,0.0253,15.0,0.080767,-0.681998,-0.731354,0
3773,14.8833,0.110633,0.0293,15.0,0.081333,-0.685183,-0.728371,0
3774,14.9,0.1076,0.0295,15.0,0.0781,-0.688355,-0.725374,0
3775,14.9167,0.107233,0.0274,15.0,0.079833,-0.691513,-0.722364,0
3776,14.9333,0.112883,0.0285,15.0,0.084383,-0.694658,-0.71934,0
3777,14.95,0.108367,0.0318,15.0,0.076567,-0.69779,-0.716302,0
3778,14.9667,0.103917,0.0267,15.0,0.077217,-0.700909,-0.71325,0
3779,14.9833,0.106533,0.0299,15.0,0.076633,-0.704015,-0.710185,0
3780,15.0,0.104,0.0283,15.0,0.0757,-0.707107,-0.707107,0
3781,15.0167,0.107433,0.0276,15.0,0.079833,-0.710185,-0.704015,0
3782,15.0333,0.106167,0.0292,15.0,0.076967,-0.71325,-0.700909,0
3783,15.05,0.10775,0.0283,15.0,0.07945,-0.716302,-0.69779,0
3784,15.0667,0.101983,0.0292,15.0,0.072783,-0.71934,-0.694658,0
3785,15.0833,0.104433,0.0307,15.0,0.073733,-0.722364,-0.691513,0
3786,15.1,0.106767,0.0314,15.0,0.075367,-0.725374,-0.688355,0
3787,15.1167,0.1065,0.0277,15.0,0.0788,-0.728371,-0.685183,0
3788,15.1333,0.099883,0.0298,15.0,0.070083,-0.731354,-0.681998,0
3789,15.15,0.100333,0.0271,15.0,0.073233,-0.734323,-0.678801,0
3790,15.1667,0.10265,0.025,15.0,0.07765,-0.737277,-0.67559,0
3791,15.1833,0.103267,0.0265,15.0,0.076767,-0.740218,-0.672367,0
3792,15.2,0.0976,0.0269,15.0,0.0707,-0.743145,-0.669131,0
3793,15.2167,0.099967,0.0316,15.0,0.068367,-0.746057,-0.665882,0
3794,15.2333,0.099983,0.0303,15.0,0.069683,-0.748956,-0.66262,0
3795,15.25,0.1016,0.0283,15.0,0.0733,-0.75184,-0.659346,0
3796,15.2667,0.102483,0.0287,15.0,0.073783,-0.75471,-0.656059,0
3797,15.2833,0.101367,0.03,15.0,0.071367,-0.757565,-0.65276,0
3798,15.3,0.095017,0.0285,15.0,0.066517,-0.760406,-0.649448,0
3799,15.3167,0.0919,0.0282,15.0,0.0637,-0.763232,-0.646124,0
3800,15.3333,0.09625,0.026,15.0,0.07025,-0.766044,-0.642788,0
3801,15.35,0.0982,0.0268,15.0,0.0714,-0.768842,-0.639439,0
3802,15.3667,0.095467,0.0301,15.0,0.065367,-0.771625,-0.636078,0
3803,15.3833,0.0944,0.0313,15.0,0.0631,-0.774393,-0.632705,0
3804,15.4,0.090733,0.0276,15.0,0.063133,-0.777146,-0.62932,0
3805,15.4167,0.08585,0.0288,15.0,0.05705,-0.779884,-0.625923,0
3806,15.4333,0.092,0.0284,15.0,0.0636,-0.782608,-0.622515,0
3807,15.45,0.096033,0.0311,15.0,0.064933,-0.785317,-0.619094,0
3808,15.4667,0.09405,0.0255,15.0,0.06855,-0.788011,-0.615661,0
3809,15.4833,0.087817,0.0295,15.0,0.058317,-0.79069,-0.612217,0
3810,15.5,0.087783,0.0283,15.0,0.059483,-0.793353,-0.608761,0
3811,15.5167,0.090417,0.0297,15.0,0.060717,-0.796002,-0.605294,0
3812,15.5333,0.087733,0.0296,15.0,0.058133,-0.798636,-0.601815,0
3813,15.55,0.085833,0.0294,15.0,0.056433,-0.801254,-0.598325,0
3814,15.5667,0.090233,0.0269,15.0,0.063333,-0.803857,-0.594823,0
3815,15.5833,0.089067,0.0276,15.0,0.061467,-0.806445,-0.59131,0
3816,15.6,0.091617,0.0261,15.0,0.065517,-0.809017,-0.587785,0
3817,15.6167,0.088767,0.0297,15.0,0.059067,-0.811574,-0.58425,0
3818,15.6333,0.08195,0.0328,15.0,0.04915,-0.814116,-0.580703,0
3819,15.65,0.083233,0.0245,15.0,0.058733,-0.816642,-0.577145,0
3820,15.6667,0.0894,0.0271,15.0,0.0623,-0.819152,-0.573576,0
3821,15.6833,0.0802,0.0291,15.0,0.0511,-0.821647,-0.569997,0
3822,15.7,0.085417,0.0296,15.0,0.055817,-0.824126,-0.566406,0
3823,15.7167,0.087367,0.0279,15.0,0.059467,-0.82659,-0.562805,0
3824,15.7333,0.0861,0.0304,15.0,0.0557,-0.829038,-0.559193,0
3825,15.75,0.084233,0.0263,15.0,0.057933,-0.83147,-0.55557,0
3826,15.7667,0.083917,0.0286,15.0,0.055317,-0.833886,-0.551937,0
3827,15.7833,0.086133,0.0257,15.0,0.060433,-0.836286,-0.548293,0
3828,15.8,0.084183,0.0333,15.0,0.050883,-0.838671,-0.544639,0
3829,15.8167,0.079867,0.0322,15.0,0.047667,-0.841039,-0.540974,0
3830,15.8333,0.076783,0.0252,15.0,0.051583,-0.843391,-0.5373,0
3831,15.85,0.08165,0.0271,15.0,0.05455,-0.845728,-0.533615,0
3832,15.8667,0.0794,0.0257,15.0,0.0537,-0.848048,-0.529919,0
3833,15.8833,0.077,0.0277,15.0,0.0493,-0.850352,-0.526214,0
3834,15.9,0.0804,0.0306,15.0,0.0498,-0.85264,-0.522499,0
3835,15.9167,0.081333,0.0249,15.0,0.056433,-0.854912,-0.518773,0
3836,15.9333,0.08025,0.0257,15.0,0.05455,-0.857167,-0.515038,0
3837,15.95,0.0753,0.0313,15.0,0.044,-0.859406,-0.511293,0
3838,15.9667,0.0739,0.0295,15.0,0.0444,-0.861629,-0.507538,0
3839,15.9833,0.07585,0.0287,15.0,0.04715,-0.863836,-0.503774,0
3840,16.0,0.077917,0.0307,15.0,0.047217,-0.866025,-0.5,0
3841,16.0167,0.070633,0.0297,15.0,0.040933,-0.868199,-0.496217,0
3842,16.0333,0.072283,0.0251,15.0,0.047183,-0.870356,-0.492424,0
3843,16.05,0.07145,0.027,15.0,0.04445,-0.872496,-0.488621,0
3844,16.0667,0.07315,0.027,15.0,0.04615,-0.87462,-0.48481,0
3845,16.0833,0.069917,0.0293,15.0,0.040617,-0.876727,-0.480989,0
3846,16.1,0.071083,0.0287,15.0,0.042383,-0.878817,-0.477159,0
3847,16.1167,0.068733,0.0285,15.0,0.040233,-0.880891,-0.47332,0
3848,16.1333,0.072317,0.0296,15.0,0.042717,-0.882948,-0.469472,0
3849,16.15,0.072467,0.0283,15.0,0.044167,-0.884988,-0.465615,0
3850,16.1667,0.070167,0.0251,15.0,0.045067,-0.887011,-0.461749,0
3851,16.1833,0.068283,0.0285,15.0,0.039783,-0.889017,-0.457874,0
3852,16.2,0.068067,0.0286,15.0,0.039467,-0.891007,-0.45399,0
3853,16.2167,0.07005,0.0277,15.0,0.04235,-0.892979,-0.450098,0
3854,16.2333,0.070017,0.0271,15.0,0.042917,-0.894934,-0.446198,0
3855,16.25,0.0695,0.0263,15.0,0.0432,-0.896873,-0.442289,0
3856,16.2667,0.067383,0.0285,15.0,0.038883,-0.898794,-0.438371,0
3857,16.2833,0.0691,0.0284,15.0,0.0407,-0.900698,-0.434445,0
3858,16.3,0.06245,0.0268,15.0,0.03565,-0.902585,-0.430511,0
3859,16.3167,0.062467,0.0305,15.0,0.031967,-0.904455,-0.426569,0
3860,16.3333,0.064617,0.0291,15.0,0.035517,-0.906308,-0.422618,0
3861,16.35,0.0582,0.0272,15.0,0.031,-0.908143,-0.41866,0
3862,16.3667,0.0655,0.0307,15.0,0.0348,-0.909961,-0.414693,0
3863,16.3833,0.060567,0.03,15.0,0.030567,-0.911762,-0.410719,0
3864,16.4,0.0627,0.0295,15.0,0.0332,-0.913545,-0.406737,0
3865,16.4167,0.059533,0.0319,15.0,0.027633,-0.915311,-0.402747,0
3866,16.4333,0.058033,0.0282,15.0,0.029833,-0.91706,-0.398749,0
3867,16.45,0.05815,0.0294,15.0,0.02875,-0.918791,-0.394744,0
3868,16.4667,0.06395,0.0325,15.0,0.03145,-0.920505,-0.390731,0
3869,16.4833,0.056033,0.0256,15.0,0.030433,-0.922201,-0.386711,0
3870,16.5,0.056167,0.0264,15.0,0.029767,-0.92388,-0.382683,0
3871,16.5167,0.054917,0.0274,15.0,0.027517,-0.925541,-0.378649,0
3872,16.5333,0.055083,0.0275,15.0,0.027583,-0.927184,-0.374607,0
3873,16.55,0.054083,0.0282,15.0,0.025883,-0.92881,-0.370557,0
3874,16.5667,0.0549,0.0295,15.0,0.0254,-0.930418,-0.366501,0
3875,16.5833,0.0538,0.0285,15.0,0.0253,-0.932008,-0.362438,0
3876,16.6,0.053267,0.0277,15.0,0.025567,-0.93358,-0.358368,0
3877,16.6167,0.056967,0.0284,15.0,0.028567,-0.935135,-0.354291,0
3878,16.6333,0.051833,0.0304,15.0,0.021433,-0.936672,-0.350207,0
3879,16.65,0.047917,0.0282,15.0,0.019717,-0.938191,-0.346117,0
3880,16.6667,0.052733,0.027,15.0,0.025733,-0.939693,-0.34202,0
3881,16.6833,0.056983,0.0285,15.0,0.028483,-0.941176,-0.337917,0
3882,16.7,0.048533,0.0305,15.0,0.018033,-0.942641,-0.333807,0
3883,16.7167,0.0468,0.0317,15.0,0.0151,-0.944089,-0.329691,0
3884,16.7333,0.05525,0.0309,15.0,0.02435,-0.945519,-0.325568,0
3885,16.75,0.05105,0.0266,15.0,0.02445,-0.94693,-0.321439,0
3886,16.7667,0.048317,0.0267,15.0,0.021617,-0.948324,-0.317305,0
3887,16.7833,0.049067,0.0283,15.0,0.020767,-0.949699,-0.313164,0
3888,16.8,0.04455,0.0315,15.0,0.01305,-0.951057,-0.309017,0
3889,16.8167,0.045883,0.0282,15.0,0.017683,-0.952396,-0.304864,0
3890,16.8333,0.0494,0.0289,15.0,0.0205,-0.953717,-0.300706,0
3891,16.85,0.045333,0.0264,15.0,0.018933,-0.95502,-0.296542,0
3892,16.8667,0.0425,0.029,15.0,0.0135,-0.956305,-0.292372,0
3893,16.8833,0.042917,0.0303,15.0,0.012617,-0.957571,-0.288196,0
3894,16.9,0.041867,0.0297,15.0,0.012167,-0.95882,-0.284015,0
3895,16.9167,0.042633,0.0301,15.0,0.012533,-0.96005,-0.279829,0
3896,16.9333,0.0391,0.0288,15.0,0.0103,-0.961262,-0.275637,0
3897,16.95,0.037017,0.0324,15.0,0.004617,-0.962455,-0.27144,0
3898,16.9667,0.042467,0.0262,15.0,0.016267,-0.96363,-0.267238,0
3899,16.9833,0.039517,0.0291,15.0,0.010417,-0.964787,-0.263031,0
3900,17.0,0.042833,0.0282,15.0,0.014633,-0.965926,-0.258819,0
3901,17.0167,0.039783,0.0273,15.0,0.012483,-0.967046,-0.254602,0
3902,17.0333,0.0394,0.0279,15.0,0.0115,-0.968148,-0.25038,0
3903,17.05,0.03785,0.0278,15.0,0.01005,-0.969231,-0.246153,0
3904,17.0667,0.0346,0.0253,15.0,0.0093,-0.970296,-0.241922,0
3905,17.0833,0.035067,0.0259,15.0,0.009167,-0.971342,-0.237686,0
3906,17.1,0.03395,0.0306,15.0,0.00335,-0.97237,-0.233445,0
3907,17.1167,0.03485,0.0262,15.0,0.00865,-0.973379,-0.2292,0
3908,17.1333,0.03205,0.0293,15.0,0.00275,-0.97437,-0.224951,0
3909,17.15,0.03425,0.0284,15.0,0.00585,-0.975342,-0.220697,0
3910,17.1667,0.036317,0.0269,15.0,0.009417,-0.976296,-0.21644,0
3911,17.1833,0.03745,0.026,15.0,0.01145,-0.977231,-0.212178,0
3912,17.2,0.03145,0.0316,14.9999,-0.00015,-0.978148,-0.207912,0
3913,17.2167,0.0298,0.0304,14.9993,-0.0006,-0.979045,-0.203642,0
3914,17.2333,0.029383,0.0319,14.9968,-0.002517,-0.979925,-0.199368,0
3915,17.25,0.02935,0.0305,14.9957,-0.00115,-0.980785,-0.19509,0
3916,17.2667,0.026467,0.0283,14.9939,-0.001833,-0.981627,-0.190809,0
3917,17.2833,0.0257,0.031,14.9886,-0.0053,-0.98245,-0.186524,0
3918,17.3,0.029233,0.029,14.9888,0.000233,-0.983255,-0.182236,0
3919,17.3167,0.023883,0.0276,14.9851,-0.003717,-0.984041,-0.177944,0
3920,17.3333,0.023633,0.0274,14.9813,-0.003767,-0.984808,-0.173648,0
3921,17.35,0.023667,0.029,14.976,-0.005333,-0.985556,-0.16935,0
3922,17.3667,0.025383,0.0286,14.9728,-0.003217,-0.986286,-0.165048,0
3923,17.3833,0.0252,0.0276,14.9704,-0.0024,-0.986996,-0.160743,0
3924,17.4,0.029417,0.0241,14.9757,0.005317,-0.987688,-0.156434,0
3925,17.4167,0.023817,0.0283,14.9712,-0.004483,-0.988362,-0.152123,0
3926,17.4333,0.028633,0.0279,14.9719,0.000733,-0.989016,-0.147809,0
3927,17.45,0.02205,0.0283,14.9657,-0.00625,-0.989651,-0.143493,0
3928,17.4667,0.01955,0.0274,14.9579,-0.00785,-0.990268,-0.139173,0
3929,17.4833,0.021733,0.0249,14.9547,-0.003167,-0.990866,-0.134851,0
3930,17.5,0.019217,0.0321,14.9418,-0.012883,-0.991445,-0.130526,0
3931,17.5167,0.019233,0.0285,14.9325,-0.009267,-0.992005,-0.126199,0
3932,17.5333,0.017617,0.0292,14.9209,-0.011583,-0.992546,-0.121869,0
3933,17.55,0.015367,0.0309,14.9054,-0.015533,-0.993068,-0.117537,0
3934,17.5667,0.015533,0.0278,14.8931,-0.012267,-0.993572,-0.113203,0
3935,17.5833,0.015417,0.0282,14.8803,-0.012783,-0.994056,-0.108867,0
3936,17.6,0.013917,0.0272,14.867,-0.013283,-0.994522,-0.104528,0
3937,17.6167,0.0178,0.0273,14.8575,-0.0095,-0.994969,-0.100188,0
3938,17.6333,0.012,0.0265,14.843,-0.0145,-0.995396,-0.095846,0
3939,17.65,0.0127,0.03,14.8257,-0.0173,-0.995805,-0.091502,0
3940,17.6667,0.013583,0.0285,14.8108,-0.014917,-0.996195,-0.087156,0
3941,17.6833,0.016333,0.0281,14.799,-0.011767,-0.996566,-0.082808,0
3942,17.7,0.0153,0.0276,14.7867,-0.0123,-0.996917,-0.078459,0
3943,17.7167,0.009533,0.0299,14.7663,-0.020367,-0.99725,-0.074108,0
3944,17.7333,0.0071,0.0257,14.7477,-0.0186,-0.997564,-0.069756,0
3945,17.75,0.012117,0.0272,14.7326,-0.015083,-0.997859,-0.065403,0
3946,17.7667,0.0043,0.0289,14.708,-0.0246,-0.998135,-0.061049,0
3947,17.7833,0.007967,0.0285,14.6875,-0.020533,-0.998392,-0.056693,0
3948,17.8,0.007917,0.0251,14.6703,-0.017183,-0.99863,-0.052336,0
3949,17.8167,0.006933,0.0237,14.6535,-0.016767,-0.998848,-0.047978,0
3950,17.8333,0.00745,0.0257,14.6352,-0.01825,-0.999048,-0.043619,0
3951,17.85,0.004433,0.0287,14.6109,-0.024267,-0.999229,-0.03926,0
3952,17.8667,0.003783,0.0303,14.5844,-0.026517,-0.999391,-0.034899,0
3953,17.8833,0.006417,0.0279,14.5629,-0.021483,-0.999534,-0.030539,0
3954,17.9,0.002333,0.0278,14.5374,-0.025467,-0.999657,-0.026177,0
3955,17.9167,0.0,0.0315,14.5059,-0.0315,-0.999762,-0.021815,0
3956,17.9333,0.0,0.028,14.4779,-0.028,-0.999848,-0.017452,0
3957,17.95,0.00305,0.0281,14.4528,-0.02505,-0.999914,-0.01309,0
3958,17.9667,0.008233,0.0278,14.4332,-0.019567,-0.999962,-0.008727,0
3959,17.9833,0.0,0.0296,14.4036,-0.0296,-0.99999,-0.004363,0
3960,18.0,0.002517,0.0653,14.3408,-0.062783,-1.0,-0.0,0
3961,18.0167,0.0,0.0624,14.2784,-0.0624,-0.99999,0.004363,0
3962,18.0333,0.0,0.0636,14.2148,-0.0636,-0.999962,0.008727,0
3963,18.05,0.0,0.063,14.1518,-0.063,-0.999914,0.01309,0
3964,18.0667,0.0,0.0633,14.0885,-0.0633,-0.999848,0.017452,0
3965,18.0833,0.0,0.0644,14.0241,-0.0644,-0.999762,0.021815,0
3966,18.1,0.0,0.0663,13.9578,-0.0663,-0.999657,0.026177,0
3967,18.1167,0.0,0.0695,13.8883,-0.0695,-0.999534,0.030539,0
3968,18.1333,0.0,0.0644,13.8239,-0.0644,-0.999391,0.034899,0
3969,18.15,0.0,0.0615,13.7624,-0.0615,-0.999229,0.03926,0
3970,18.1667,0.0,0.0634,13.699,-0.0634,-0.999048,0.043619,0
3971,18.1833,0.0,0.0686,13.6304,-0.0686,-0.998848,0.047978,0
3972,18.2,0.0,0.0636,13.5668,-0.0636,-0.99863,0.052336,0
3973,18.2167,0.0,0.0633,13.5035,-0.0633,-0.998392,0.056693,0
3974,18.2333,0.0,0.0646,13.4389,-0.0646,-0.998135,0.061049,0
3975,18.25,0.0,0.0605,13.3784,-0.0605,-0.997859,0.065403,0
3976,18.2667,0.0,0.0661,13.3123,-0.0661,-0.997564,0.069756,0
3977,18.2833,0.0,0.0621,13.2502,-0.0621,-0.99725,0.074108,0
3978,18.3,0.0,0.0649,13.1853,-0.0649,-0.996917,0.078459,0
3979,18.3167,0.0,0.0605,13.1248,-0.0605,-0.996566,0.082808,0
3980,18.3333,0.0,0.065,13.0598,-0.065,-0.996195,0.087156,0
3981,18.35,0.0,0.0643,12.9955,-0.0643,-0.995805,0.091502,0
3982,18.3667,0.0,0.0649,12.9306,-0.0649,-0.995396,0.095846,0
3983,18.3833,0.0,0.0656,12.865,-0.0656,-0.994969,0.100188,0
3984,18.4,0.0,0.0627,12.8023,-0.0627,-0.994522,0.104528,0
3985,18.4167,0.0,0.066,12.7363,-0.066,-0.994056,0.108867,0
3986,18.4333,0.0,0.0647,12.6716,-0.0647,-0.993572,0.113203,0
3987,18.45,0.0,0.0668,12.6048,-0.0668,-0.993068,0.117537,0
3988,18.4667,0.0,0.065,12.5398,-0.065,-0.992546,0.121869,0
3989,18.4833,0.0,0.0613,12.4785,-0.0613,-0.992005,0.126199,0
3990,18.5,0.0,0.0685,12.41,-0.0685,-0.991445,0.130526,0
3991,18.5167,0.0,0.0679,12.3421,-0.0679,-0.990866,0.134851,0
3992,18.5333,0.0,0.0632,12.2789,-0.0632,-0.990268,0.139173,0
3993,18.55,0.0,0.0644,12.2145,-0.0644,-0.989651,0.143493,0
3994,18.5667,0.0,0.0656,12.1489,-0.0656,-0.989016,0.147809,0
3995,18.5833,0.0,0.0619,12.087,-0.0619,-0.988362,0.152123,0
3996,18.6,0.0,0.0648,12.0222,-0.0648,-0.987688,0.156434,0
3997,18.6167,0.0,0.0662,11.956,-0.0662,-0.986996,0.160743,0
3998,18.6333,0.0,0.0647,11.8913,-0.0647,-0.986286,0.165048,0
3999,18.65,0.0,0.0658,11.8255,-0.0658,-0.985556,0.16935,0
4000,18.6667,0.0,0.0661,11.7594,-0.0661,-0.984808,0.173648,0
4001,18.6833,0.0,0.0615,11.6979,-0.0615,-0.984041,0.177944,0
4002,18.7,0.0,0.067,11.6309,-0.067,-0.983255,0.182236,0
4003,18.7167,0.0,0.066,11.5649,-0.066,-0.98245,0.186524,0
4004,18.7333,0.0,0.063,11.5019,-0.063,-0.981627,0.190809,0
4005,18.75,0.0,0.0668,11.4351,-0.0668,-0.980785,0.19509,0
4006,18.7667,0.0,0.0647,11.3704,-0.0647,-0.979925,0.199368,0
4007,18.7833,0.0,0.0647,11.3057,-0.0647,-0.979045,0.203642,0
4008,18.8,0.0,0.0665,11.2392,-0.0665,-0.978148,0.207912,0
4009,18.8167,0.0,0.0649,11.1743,-0.0649,-0.977231,0.212178,0
4010,18.8333,0.0,0.0689,11.1054,-0.0689,-0.976296,0.21644,0
4011,18.85,0.0,0.0646,11.0408,-0.0646,-0.975342,0.220697,0
4012,18.8667,0.0,0.0624,10.9784,-0.0624,-0.97437,0.224951,0
4013,18.8833,0.0,0.0636,10.9148,-0.0636,-0.973379,0.2292,0
4014,18.9,0.0,0.0677,10.8471,-0.0677,-0.97237,0.233445,0
4015,18.9167,0.0,0.0656,10.7815,-0.0656,-0.971342,0.237686,0
4016,18.9333,0.0,0.0646,10.7169,-0.0646,-0.970296,0.241922,0
4017,18.95,0.0,0.0674,10.6495,-0.0674,-0.969231,0.246153,0
4018,18.9667,0.0,0.0682,10.5813,-0.0682,-0.968148,0.25038,0
4019,18.9833,0.0,0.0619,10.5194,-0.0619,-0.967046,0.254602,0
4020,19.0,0.0,0.0666,10.4528,-0.0666,-0.965926,0.258819,0
4021,19.0167,0.0,0.0637,10.3891,-0.0637,-0.964787,0.263031,0
4022,19.0333,0.0,0.0699,10.3192,-0.0699,-0.96363,0.267238,0
4023,19.05,0.0,0.0657,10.2535,-0.0657,-0.962455,0.27144,0
4024,19.0667,0.0,0.0649,10.1886,-0.0649,-0.961262,0.275637,0
4025,19.0833,0.0,0.0617,10.1269,-0.0617,-0.96005,0.279829,0
4026,19.1,0.0,0.0654,10.0615,-0.0654,-0.95882,0.284015,0
4027,19.1167,0.0,0.0689,9.9926,-0.0689,-0.957571,0.288196,0
4028,19.1333,0.0,0.0671,9.9255,-0.0671,-0.956305,0.292372,0
4029,19.15,0.0,0.065,9.8605,-0.065,-0.95502,0.296542,0
4030,19.1667,0.0,0.0665,9.794,-0.0665,-0.953717,0.300706,0
4031,19.1833,0.0,0.063,9.731,-0.063,-0.952396,0.304864,0
4032,19.2,0.0,0.0634,9.6676,-0.0634,-0.951057,0.309017,0
4033,19.2167,0.0,0.0664,9.6012,-0.0664,-0.949699,0.313164,0
4034,19.2333,0.0,0.0679,9.5333,-0.0679,-0.948324,0.317305,0
4035,19.25,0.0,0.0645,9.4688,-0.0645,-0.94693,0.321439,0
4036,19.2667,0.0,0.0676,9.4012,-0.0676,-0.945519,0.325568,0
4037,19.2833,0.0,0.0681,9.3331,-0.0681,-0.944089,0.329691,0
4038,19.3,0.0,0.0637,9.2694,-0.0637,-0.942641,0.333807,0
4039,19.3167,0.0,0.1233,9.1461,-0.1233,-0.941176,0.337917,0
4040,19.3333,0.0,0.1192,9.0269,-0.1192,-0.939693,0.34202,0
4041,19.35,0.0,0.1191,8.9078,-0.1191,-0.938191,0.346117,0
4042,19.3667,0.0,0.1185,8.7893,-0.1185,-0.936672,0.350207,0
4043,19.3833,0.0,0.1219,8.6674,-0.1219,-0.935135,0.354291,0
4044,19.4,0.0,0.1246,8.5428,-0.1246,-0.93358,0.358368,0
4045,19.4167,0.0,0.1205,8.4223,-0.1205,-0.932008,0.362438,0
4046,19.4333,0.0,0.121,8.3013,-0.121,-0.930418,0.366501,0
4047,19.45,0.0,0.1222,8.1791,-0.1222,-0.92881,0.370557,0
4048,19.4667,0.0,0.1219,8.0572,-0.1219,-0.927184,0.374607,0
4049,19.4833,0.0,0.1223,7.9349,-0.1223,-0.925541,0.378649,0
4050,19.5,0.0,0.1231,7.8118,-0.1231,-0.92388,0.382683,0
4051,19.5167,0.0,0.1204,7.6914,-0.1204,-0.922201,0.386711,0
4052,19.5333,0.0,0.1249,7.5665,-0.1249,-0.920505,0.390731,0
4053,19.55,0.0,0.1196,7.4469,-0.1196,-0.918791,0.394744,0
4054,19.5667,0.0,0.1237,7.3232,-0.1237,-0.91706,0.398749,0
4055,19.5833,0.0,0.1216,7.2016,-0.1216,-0.915311,0.402747,0
4056,19.6,0.0,0.1211,7.0805,-0.1211,-0.913545,0.406737,0
4057,19.6167,0.0,0.122,6.9585,-0.122,-0.911762,0.410719,0
4058,19.6333,0.0,0.1243,6.8342,-0.1243,-0.909961,0.414693,0
4059,19.65,0.0,0.1201,6.7141,-0.1201,-0.908143,0.41866,0
4060,19.6667,0.0,0.1191,6.595,-0.1191,-0.906308,0.422618,0
4061,19.6833,0.0,0.1227,6.4723,-0.1227,-0.904455,0.426569,0
4062,19.7,0.0,0.1225,6.3498,-0.1225,-0.902585,0.430511,0
4063,19.7167,0.0,0.1221,6.2277,-0.1221,-0.900698,0.434445,0
4064,19.7333,0.0,0.1217,6.106,-0.1217,-0.898794,0.438371,0
4065,19.75,0.0,0.1238,5.9822,-0.1238,-0.896873,0.442289,0
4066,19.7667,0.0,0.1198,5.8624,-0.1198,-0.894934,0.446198,0
4067,19.7833,0.0,0.1184,5.744,-0.1184,-0.892979,0.450098,0
4068,19.8,0.0,0.1227,5.6213,-0.1227,-0.891007,0.45399,0
4069,19.8167,0.0,0.1223,5.499,-0.1223,-0.889017,0.457874,0
4070,19.8333,0.0,0.123,5.376,-0.123,-0.887011,0.461749,0
4071,19.85,0.0,0.1249,5.2511,-0.1249,-0.884988,0.465615,0
4072,19.8667,0.0,0.1209,5.1302,-0.1209,-0.882948,0.469472,0
4073,19.8833,0.0,0.1203,5.0099,-0.1203,-0.880891,0.47332,0
4074,19.9,0.0,0.1221,4.8878,-0.1221,-0.878817,0.477159,0
4075,19.9167,0.0,0.1236,4.7642,-0.1236,-0.876727,0.480989,0
4076,19.9333,0.0,0.1235,4.6407,-0.1235,-0.87462,0.48481,0
4077,19.95,0.0,0.1195,4.5212,-0.1195,-0.872496,0.488621,0
4078,19.9667,0.0,0.1238,4.3974,-0.1238,-0.870356,0.492424,0
4079,19.9833,0.0,0.1241,4.2733,-0.1241,-0.868199,0.496217,0
4080,20.0,0.0,0.1254,4.1479,-0.1254,-0.866025,0.5,0
4081,20.0167,0.0,0.1206,4.0273,-0.1206,-0.863836,0.503774,0
4082,20.0333,0.0,0.1221,3.9052,-0.1221,-0.861629,0.507538,0
4083,20.05,0.0,0.1222,3.783,-0.1222,-0.859406,0.511293,0
4084,20.0667,0.0,0.1231,3.6599,-0.1231,-0.857167,0.515038,0
4085,20.0833,0.0,0.1196,3.5403,-0.1196,-0.854912,0.518773,0
4086,20.1,0.0,0.1225,3.4178,-0.1225,-0.85264,0.522499,0
4087,20.1167,0.0,0.1211,3.2967,-0.1211,-0.850352,0.526214,0
4088,20.1333,0.0,0.1222,3.1745,-0.1222,-0.848048,0.529919,0
4089,20.15,0.0,0.1226,3.0519,-0.1226,-0.845728,0.533615,0
4090,20.1667,0.0,0.1211,2.9308,-0.1211,-0.843391,0.5373,0
4091,20.1833,0.0,0.1234,2.8074,-0.1234,-0.841039,0.540974,0
4092,20.2,0.0,0.1197,2.6877,-0.1197,-0.838671,0.544639,0
4093,20.2167,0.0,0.1235,2.5642,-0.1235,-0.836286,0.548293,0
4094,20.2333,0.0,0.1223,2.4419,-0.1223,-0.833886,0.551937,0
4095,20.25,0.0,0.1216,2.3203,-0.1216,-0.83147,0.55557,0
4096,20.2667,0.0,0.119,2.2013,-0.119,-0.829038,0.559193,0
4097,20.2833,0.0,0.121,2.0803,-0.121,-0.82659,0.562805,0
4098,20.3,0.0,0.1245,1.9558,-0.1245,-0.824126,0.566406,0
4099,20.3167,0.0,0.1234,1.8324,-0.1234,-0.821647,0.569997,0
4100,20.3333,0.0,0.1196,1.7128,-0.1196,-0.819152,0.573576,0
4101,20.35,0.0,0.1216,1.5912,-0.1216,-0.816642,0.577145,0
4102,20.3667,0.0,0.1223,1.4689,-0.1223,-0.814116,0.580703,0
4103,20.3833,0.0,0.1219,1.347,-0.1219,-0.811574,0.58425,0
4104,20.4,0.0,0.122,1.225,-0.122,-0.809017,0.587785,0
4105,20.4167,0.0,0.0634,1.1616,-0.0634,-0.806445,0.59131,0
4106,20.4333,0.0,0.069,1.0926,-0.069,-0.803857,0.594823,0
4107,20.45,0.0,0.0684,1.0242,-0.0684,-0.801254,0.598325,0
4108,20.4667,0.0,0.0649,0.9593,-0.0649,-0.798636,0.601815,0
4109,20.4833,0.0,0.0636,0.8957,-0.0636,-0.796002,0.605294,0
4110,20.5,0.0,0.0664,0.8293,-0.0664,-0.793353,0.608761,0
4111,20.5167,0.0,0.0653,0.764,-0.0653,-0.79069,0.612217,0
4112,20.5333,0.0,0.0635,0.7005,-0.0635,-0.788011,0.615661,0
4113,20.55,0.0,0.0672,0.6333,-0.0672,-0.785317,0.619094,0
4114,20.5667,0.0,0.0662,0.5671,-0.0662,-0.782608,0.622515,0
4115,20.5833,0.0,0.0639,0.5032,-0.0639,-0.779884,0.625923,0
4116,20.6,0.0,0.0625,0.4407,-0.0625,-0.777146,0.62932,0
4117,20.6167,0.0,0.0657,0.375,-0.0657,-0.774393,0.632705,0
4118,20.6333,0.0,0.0634,0.3116,-0.0634,-0.771625,0.636078,0
4119,20.65,0.0,0.0634,0.2482,-0.0634,-0.768842,0.639439,0
4120,20.6667,0.0,0.0681,0.1801,-0.0681,-0.766044,0.642788,0
4121,20.6833,0.0,0.065,0.1151,-0.065,-0.763232,0.646124,0
4122,20.7,0.0,0.065,0.0501,-0.065,-0.760406,0.649448,0
4123,20.7167,0.0,0.0675,0.0,-0.0675,-0.757565,0.65276,1
4124,20.7333,0.0,0.0677,0.0,-0.0677,-0.75471,0.656059,1
4125,20.75,0.0,0.0599,0.0,-0.0599,-0.75184,0.659346,1
4126,20.7667,0.0,0.0645,0.0,-0.0645,-0.748956,0.66262,1
4127,20.7833,0.0,0.0647,0.0,-0.0647,-0.746057,0.665882,1
4128,20.8,0.0,0.0693,0.0,-0.0693,-0.743145,0.669131,1
4129,20.8167,0.0,0.0642,0.0,-0.0642,-0.740218,0.672367,1
4130,20.8333,0.0,0.0637,0.0,-0.0637,-0.737277,0.67559,1
4131,20.85,0.0,0.0605,0.0,-0.0605,-0.734323,0.678801,1
4132,20.8667,0.0,0.064,0.0,-0.064,-0.731354,0.681998,1
4133,20.8833,0.0,0.0661,0.0,-0.0661,-0.728371,0.685183,1
4134,20.9,0.0,0.0621,0.0,-0.0621,-0.725374,0.688355,1
4135,20.9167,0.0,0.0689,0.0,-0.0689,-0.722364,0.691513,1
4136,20.9333,0.0,0.0645,0.0,-0.0645,-0.71934,0.694658,1
4137,20.95,0.0,0.0609,0.0,-0.0609,-0.716302,0.69779,1
4138,20.9667,0.0,0.0646,0.0,-0.0646,-0.71325,0.700909,1
4139,20.9833,0.0,0.0657,0.0,-0.0657,-0.710185,0.704015,1
4140,21.0,0.0,0.0617,0.0,-0.0617,-0.707107,0.707107,1
4141,21.0167,0.0,0.0686,0.0,-0.0686,-0.704015,0.710185,1
4142,21.0333,0.0,0.0652,0.0,-0.0652,-0.700909,0.71325,1
4143,21.05,0.0,0.0647,0.0,-0.0647,-0.69779,0.716302,1
4144,21.0667,0.0,0.0684,0.0,-0.0684,-0.694658,0.71934,1
4145,21.0833,0.0,0.0652,0.0,-0.0652,-0.691513,0.722364,1
4146,21.1,0.0,0.0637,0.0,-0.0637,-0.688355,0.725374,1
4147,21.1167,0.0,0.0625,0.0,-0.0625,-0.685183,0.728371,1
4148,21.1333,0.0,0.063,0.0,-0.063,-0.681998,0.731354,1
4149,21.15,0.0,0.0679,0.0,-0.0679,-0.678801,0.734323,1
4150,21.1667,0.0,0.0659,0.0,-0.0659,-0.67559,0.737277,1
4151,21.1833,0.0,0.0632,0.0,-0.0632,-0.672367,0.740218,1
4152,21.2,0.0,0.0614,0.0,-0.0614,-0.669131,0.743145,1
4153,21.2167,0.0,0.0656,0.0,-0.0656,-0.665882,0.746057,1
4154,21.2333,0.0,0.0664,0.0,-0.0664,-0.66262,0.748956,1
4155,21.25,0.0,0.0702,0.0,-0.0702,-0.659346,0.75184,1
4156,21.2667,0.0,0.0645,0.0,-0.0645,-0.656059,0.75471,1
4157,21.2833,0.0,0.064,0.0,-0.064,-0.65276,0.757565,1
4158,21.3,0.0,0.0643,0.0,-0.0643,-0.649448,0.760406,1
4159,21.3167,0.0,0.0682,0.0,-0.0682,-0.646124,0.763232,1
4160,21.3333,0.0,0.065,0.0,-0.065,-0.642788,0.766044,1
4161,21.35,0.0,0.0637,0.0,-0.0637,-0.639439,0.768842,1
4162,21.3667,0.0,0.0626,0.0,-0.0626,-0.636078,0.771625,1
4163,21.3833,0.0,0.0661,0.0,-0.0661,-0.632705,0.774393,1
4164,21.4,0.0,0.0663,0.0,-0.0663,-0.62932,0.777146,1
4165,21.4167,0.0,0.0649,0.0,-0.0649,-0.625923,0.779884,1
4166,21.4333,0.0,0.0646,0.0,-0.0646,-0.622515,0.782608,1
4167,21.45,0.0,0.0667,0.0,-0.0667,-0.619094,0.785317,1
4168,21.4667,0.0,0.0622,0.0,-0.0622,-0.615661,0.788011,1
4169,21.4833,0.0,0.061,0.0,-0.061,-0.612217,0.79069,1
4170,21.5,0.0,0.0661,0.0,-0.0661,-0.608761,0.793353,1
4171,21.5167,0.0,0.064,0.0,-0.064,-0.605294,0.796002,1
4172,21.5333,0.0,0.0638,0.0,-0.0638,-0.601815,0.798636,1
4173,21.55,0.0,0.0609,0.0,-0.0609,-0.598325,0.801254,1
4174,21.5667,0.0,0.067,0.0,-0.067,-0.594823,0.803857,1
4175,21.5833,0.0,0.064,0.0,-0.064,-0.59131,0.806445,1
4176,21.6,0.0,0.0664,0.0,-0.0664,-0.587785,0.809017,1
4177,21.6167,0.0,0.0676,0.0,-0.0676,-0.58425,0.811574,1
4178,21.6333,0.0,0.1468,0.0,-0.1468,-0.580703,0.814116,1
4179,21.65,0.0,0.1437,0.0,-0.1437,-0.577145,0.816642,1
4180,21.6667,0.0,0.1429,0.0,-0.1429,-0.573576,0.819152,1
4181,21.6833,0.0,0.1456,0.0,-0.1456,-0.569997,0.821647,1
4182,21.7,0.0,0.1444,0.0,-0.1444,-0.566406,0.824126,1
4183,21.7167,0.0,0.1455,0.0,-0.1455,-0.562805,0.82659,1
4184,21.7333,0.0,0.1465,0.0,-0.1465,-0.559193,0.829038,1
4185,21.75,0.0,0.1424,0.0,-0.1424,-0.55557,0.83147,1
4186,21.7667,0.0,0.1451,0.0,-0.1451,-0.551937,0.833886,1
4187,21.7833,0.0,0.1434,0.0,-0.1434,-0.548293,0.836286,1
4188,21.8,0.0,0.1436,0.0,-0.1436,-0.544639,0.838671,1
4189,21.8167,0.0,0.1448,0.0,-0.1448,-0.540974,0.841039,1
4190,21.8333,0.0,0.1444,0.0,-0.1444,-0.5373,0.843391,1
4191,21.85,0.0,0.1478,0.0,-0.1478,-0.533615,0.845728,1
4192,21.8667,0.0,0.1454,0.0,-0.1454,-0.529919,0.848048,1
4193,21.8833,0.0,0.1442,0.0,-0.1442,-0.526214,0.850352,1
4194,21.9,0.0,0.1453,0.0,-0.1453,-0.522499,0.85264,1
4195,21.9167,0.0,0.1483,0.0,-0.1483,-0.518773,0.854912,1
4196,21.9333,0.0,0.1483,0.0,-0.1483,-0.515038,0.857167,1
4197,21.95,0.0,0.1446,0.0,-0.1446,-0.511293,0.859406,1
4198,21.9667,0.0,0.1464,0.0,-0.1464,-0.507538,0.861629,1
4199,21.9833,0.0,0.1436,0.0,-0.1436,-0.503774,0.863836,1
4200,22.0,0.0,0.0965,0.0,-0.0965,-0.5,0.866025,1
4201,22.0167,0.0,0.0963,0.0,-0.0963,-0.496217,0.868199,1
4202,22.0333,0.0,0.0956,0.0,-0.0956,-0.492424,0.870356,1
4203,22.05,0.0,0.0954,0.0,-0.0954,-0.488621,0.872496,1
4204,22.0667,0.0,0.0962,0.0,-0.0962,-0.48481,0.87462,1
4205,22.0833,0.0,0.0957,0.0,-0.0957,-0.480989,0.876727,1
4206,22.1,0.0,0.0924,0.0,-0.0924,-0.477159,0.878817,1
4207,22.1167,0.0,0.0931,0.0,-0.0931,-0.47332,0.880891,1
4208,22.1333,0.0,0.094,0.0,-0.094,-0.469472,0.882948,1
4209,22.15,0.0,0.0982,0.0,-0.0982,-0.465615,0.884988,1
4210,22.1667,0.0,0.0933,0.0,-0.0933,-0.461749,0.887011,1
4211,22.1833,0.0,0.0963,0.0,-0.0963,-0.457874,0.889017,1
4212,22.2,0.0,0.0954,0.0,-0.0954,-0.45399,0.891007,1
4213,22.2167,0.0,0.0918,0.0,-0.0918,-0.450098,0.892979,1
4214,22.2333,0.0,0.092,0.0,-0.092,-0.446198,0.894934,1
4215,22.25,0.0,0.0955,0.0,-0.0955,-0.442289,0.896873,1
4216,22.2667,0.0,0.0928,0.0,-0.0928,-0.438371,0.898794,1
4217,22.2833,0.0,0.0945,0.0,-0.0945,-0.434445,0.900698,1
4218,22.3,0.0,0.0979,0.0,-0.0979,-0.430511,0.902585,1
4219,22.3167,0.0,0.0953,0.0,-0.0953,-0.426569,0.904455,1
4220,22.3333,0.0,0.098,0.0,-0.098,-0.422618,0.906308,1
4221,22.35,0.0,0.096,0.0,-0.096,-0.41866,0.908143,1
4222,22.3667,0.0,0.0923,0.0,-0.0923,-0.414693,0.909961,1
4223,22.3833,0.0,0.0943,0.0,-0.0943,-0.410719,0.911762,1
4224,22.4,0.0,0.0955,0.0,-0.0955,-0.406737,0.913545,1
4225,22.4167,0.0,0.0943,0.0,-0.0943,-0.402747,0.915311,1
4226,22.4333,0.0,0.0939,0.0,-0.0939,-0.398749,0.91706,1
4227,22.45,0.0,0.0933,0.0,-0.0933,-0.394744,0.918791,1
4228,22.4667,0.0,0.097,0.0,-0.097,-0.390731,0.920505,1
4229,22.4833,0.0,0.0943,0.0,-0.0943,-0.386711,0.922201,1
4230,22.5,0.0,0.0966,0.0,-0.0966,-0.382683,0.92388,1
4231,22.5167,0.0,0.0933,0.0,-0.0933,-0.378649,0.925541,1
4232,22.5333,0.0,0.0959,0.0,-0.0959,-0.374607,0.927184,1
4233,22.55,0.0,0.0949,0.0,-0.0949,-0.370557,0.92881,1
4234,22.5667,0.0,0.0958,0.0,-0.0958,-0.366501,0.930418,1
4235,22.5833,0.0,0.095,0.0,-0.095,-0.362438,0.932008,1
4236,22.6,0.0,0.0926,0.0,-0.0926,-0.358368,0.93358,1
4237,22.6167,0.0,0.0952,0.0,-0.0952,-0.354291,0.935135,1
4238,22.6333,0.0,0.1006,0.0,-0.1006,-0.350207,0.936672,1
4239,22.65,0.0,0.099,0.0,-0.099,-0.346117,0.938191,1
4240,22.6667,0.0,0.0964,0.0,-0.0964,-0.34202,0.939693,1
4241,22.6833,0.0,0.0964,0.0,-0.0964,-0.337917,0.941176,1
4242,22.7,0.0,0.093,0.0,-0.093,-0.333807,0.942641,1
4243,22.7167,0.0,0.0932,0.0,-0.0932,-0.329691,0.944089,1
4244,22.7333,0.0,0.0949,0.0,-0.0949,-0.325568,0.945519,1
4245,22.75,0.0,0.0944,0.0,-0.0944,-0.321439,0.94693,1
4246,22.7667,0.0,0.0934,0.0,-0.0934,-0.317305,0.948324,1
4247,22.7833,0.0,0.0952,0.0,-0.0952,-0.313164,0.949699,1
4248,22.8,0.0,0.098,0.0,-0.098,-0.309017,0.951057,1
4249,22.8167,0.0,0.0938,0.0,-0.0938,-0.304864,0.952396,1
4250,22.8333,0.0,0.0956,0.0,-0.0956,-0.300706,0.953717,1
4251,22.85,0.0,0.0965,0.0,-0.0965,-0.296542,0.95502,1
4252,22.8667,0.0,0.0928,0.0,-0.0928,-0.292372,0.956305,1
4253,22.8833,0.0,0.0958,0.0,-0.0958,-0.288196,0.957571,1
4254,22.9,0.0,0.0946,0.0,-0.0946,-0.284015,0.95882,1
4255,22.9167,0.0,0.0173,0.0,-0.0173,-0.279829,0.96005,1
4256,22.9333,0.0,0.0146,0.0,-0.0146,-0.275637,0.961262,1
4257,22.95,0.0,0.0182,0.0,-0.0182,-0.27144,0.962455,1
4258,22.9667,0.0,0.0119,0.0,-0.0119,-0.267238,0.96363,1
4259,22.9833,0.0,0.0154,0.0,-0.0154,-0.263031,0.964787,1
4260,23.0,0.0,0.0138,0.0,-0.0138,-0.258819,0.965926,1
4261,23.0167,0.0,0.0153,0.0,-0.0153,-0.254602,0.967046,1
4262,23.0333,0.0,0.0147,0.0,-0.0147,-0.25038,0.968148,1
4263,23.05,0.0,0.0166,0.0,-0.0166,-0.246153,0.969231,1
4264,23.0667,0.0,0.0164,0.0,-0.0164,-0.241922,0.970296,1
4265,23.0833,0.0,0.0156,0.0,-0.0156,-0.237686,0.971342,1
4266,23.1,0.0,0.0146,0.0,-0.0146,-0.233445,0.97237,1
4267,23.1167,0.0,0.0193,0.0,-0.0193,-0.2292,0.973379,1
4268,23.1333,0.0,0.016,0.0,-0.016,-0.224951,0.97437,1
4269,23.15,0.0,0.0149,0.0,-0.0149,-0.220697,0.975342,1
4270,23.1667,0.0,0.0124,0.0,-0.0124,-0.21644,0.976296,1
4271,23.1833,0.0,0.0146,0.0,-0.0146,-0.212178,0.977231,1
4272,23.2,0.0,0.019,0.0,-0.019,-0.207912,0.978148,1
4273,23.2167,0.0,0.014,0.0,-0.014,-0.203642,0.979045,1
4274,23.2333,0.0,0.0125,0.0,-0.0125,-0.199368,0.979925,1
4275,23.25,0.0,0.0157,0.0,-0.0157,-0.19509,0.980785,1
4276,23.2667,0.0,0.0149,0.0,-0.0149,-0.190809,0.981627,1
4277,23.2833,0.0,0.0155,0.0,-0.0155,-0.186524,0.98245,1
4278,23.3,0.0,0.0131,0.0,-0.0131,-0.182236,0.983255,1
4279,23.3167,0.0,0.0139,0.0,-0.0139,-0.177944,0.984041,1
4280,23.3333,0.0,0.0174,0.0,-0.0174,-0.173648,0.984808,1
4281,23.35,0.0,0.0157,0.0,-0.0157,-0.16935,0.985556,1
4282,23.3667,0.0,0.0156,0.0,-0.0156,-0.165048,0.986286,1
4283,23.3833,0.0,0.0138,0.0,-0.0138,-0.160743,0.986996,1
4284,23.4,0.0,0.0182,0.0,-0.0182,-0.156434,0.987688,1
4285,23.4167,0.0,0.012,0.0,-0.012,-0.152123,0.988362,1
4286,23.4333,0.0,0.0146,0.0,-0.0146,-0.147809,0.989016,1
4287,23.45,0.0,0.0152,0.0,-0.0152,-0.143493,0.989651,1
4288,23.4667,0.0,0.0177,0.0,-0.0177,-0.139173,0.990268,1
4289,23.4833,0.0,0.0152,0.0,-0.0152,-0.134851,0.990866,1
4290,23.5,0.0,0.0152,0.0,-0.0152,-0.130526,0.991445,1
4291,23.5167,0.0,0.0173,0.0,-0.0173,-0.126199,0.992005,1
4292,23.5333,0.0,0.0149,0.0,-0.0149,-0.121869,0.992546,1
4293,23.55,0.0,0.0177,0.0,-0.0177,-0.117537,0.993068,1
4294,23.5667,0.0,0.0136,0.0,-0.0136,-0.113203,0.993572,1
4295,23.5833,0.0,0.013,0.0,-0.013,-0.108867,0.994056,1
4296,23.6,0.0,0.017,0.0,-0.017,-0.104528,0.994522,1
4297,23.6167,0.0,0.0164,0.0,-0.0164,-0.100188,0.994969,1
4298,23.6333,0.0,0.0116,0.0,-0.0116,-0.095846,0.995396,1
4299,23.65,0.0,0.0167,0.0,-0.0167,-0.091502,0.995805,1
4300,23.6667,0.0,0.0134,0.0,-0.0134,-0.087156,0.996195,1
4301,23.6833,0.0,0.0155,0.0,-0.0155,-0.082808,0.996566,1
4302,23.7,0.0,0.0147,0.0,-0.0147,-0.078459,0.996917,1
4303,23.7167,0.0,0.0153,0.0,-0.0153,-0.074108,0.99725,1
4304,23.7333,0.0,0.0146,0.0,-0.0146,-0.069756,0.997564,1
4305,23.75,0.0,0.0148,0.0,-0.0148,-0.065403,0.997859,1
4306,23.7667,0.0,0.0172,0.0,-0.0172,-0.061049,0.998135,1
4307,23.7833,0.0,0.0179,0.0,-0.0179,-0.056693,0.998392,1
4308,23.8,0.0,0.0166,0.0,-0.0166,-0.052336,0.99863,1
4309,23.8167,0.0,0.0132,0.0,-0.0132,-0.047978,0.998848,1
4310,23.8333,0.0,0.018,0.0,-0.018,-0.043619,0.999048,1
4311,23.85,0.0,0.0169,0.0,-0.0169,-0.03926,0.999229,1
4312,23.8667,0.0,0.0113,0.0,-0.0113,-0.034899,0.999391,1
4313,23.8833,0.0,0.0167,0.0,-0.0167,-0.030539,0.999534,1
4314,23.9,0.0,0.0158,0.0,-0.0158,-0.026177,0.999657,1
4315,23.9167,0.0,0.0205,0.0,-0.0205,-0.021815,0.999762,1
4316,23.9333,0.0,0.0152,0.0,-0.0152,-0.017452,0.999848,1
4317,23.95,0.0,0.0128,0.0,-0.0128,-0.01309,0.999914,1
4318,23.9667,0.0,0.0119,0.0,-0.0119,-0.008727,0.999962,1
4319,23.9833,0.0,0.0167,0.0,-0.0167,-0.004363,0.99999,1
4320,0.0,0.0,0.0137,0.0,-0.0137,0.0,1.0,1
4321,0.0167,0.0,0.0145,0.0,-0.0145,0.004363,0.99999,1
4322,0.0333,0.0,0.0185,0.0,-0.0185,0.008727,0.999962,1
4323,0.05,0.0,0.0167,0.0,-0.0167,0.01309,0.999914,1
4324,0.0667,0.0,0.0201,0.0,-0.0201,0.017452,0.999848,1
4325,0.0833,0.0,0.0171,0.0,-0.0171,0.021815,0.999762,1
4326,0.1,0.0,0.0139,0.0,-0.0139,0.026177,0.999657,1
4327,0.1167,0.0,0.0137,0.0,-0.0137,0.030539,0.999534,1
4328,0.1333,0.0,0.0139,0.0,-0.0139,0.034899,0.999391,1
4329,0.15,0.0,0.0177,0.0,-0.0177,0.03926,0.999229,1
4330,0.1667,0.0,0.0166,0.0,-0.0166,0.043619,0.999048,1
4331,0.1833,0.0,0.0153,0.0,-0.0153,0.047978,0.998848,1
4332,0.2,0.0,0.0182,0.0,-0.0182,0.052336,0.99863,1
4333,0.2167,0.0,0.0186,0.0,-0.0186,0.056693,0.998392,1
4334,0.2333,0.0,0.0103,0.0,-0.0103,0.061049,0.998135,1
4335,0.25,0.0,0.0133,0.0,-0.0133,0.065403,0.997859,1
4336,0.2667,0.0,0.0151,0.0,-0.0151,0.069756,0.997564,1
4337,0.2833,0.0,0.0141,0.0,-0.0141,0.074108,0.99725,1
4338,0.3,0.0,0.0183,0.0,-0.0183,0.078459,0.996917,1
4339,0.3167,0.0,0.0114,0.0,-0.0114,0.082808,0.996566,1
4340,0.3333,0.0,0.0187,0.0,-0.0187,0.087156,0.996195,1
4341,0.35,0.0,0.0162,0.0,-0.0162,0.091502,0.995805,1
4342,0.3667,0.0,0.0138,0.0,-0.0138,0.095846,0.995396,1
4343,0.3833,0.0,0.0143,0.0,-0.0143,0.100188,0.994969,1
4344,0.4,0.0,0.0186,0.0,-0.0186,0.104528,0.994522,1
4345,0.4167,0.0,0.0136,0.0,-0.0136,0.108867,0.994056,1
4346,0.4333,0.0,0.0143,0.0,-0.0143,0.113203,0.993572,1
4347,0.45,0.0,0.0117,0.0,-0.0117,0.117537,0.993068,1
4348,0.4667,0.0,0.0167,0.0,-0.0167,0.121869,0.992546,1
4349,0.4833,0.0,0.0157,0.0,-0.0157,0.126199,0.992005,1
4350,0.5,0.0,0.0125,0.0,-0.0125,0.130526,0.991445,1
4351,0.5167,0.0,0.0172,0.0,-0.0172,0.134851,0.990866,1
4352,0.5333,0.0,0.0158,0.0,-0.0158,0.139173,0.990268,1
4353,0.55,0.0,0.015,0.0,-0.015,0.143493,0.989651,1
4354,0.5667,0.0,0.0159,0.0,-0.0159,0.147809,0.989016,1
4355,0.5833,0.0,0.0209,0.0,-0.0209,0.152123,0.988362,1
4356,0.6,0.0,0.0141,0.0,-0.0141,0.156434,0.987688,1
4357,0.6167,0.0,0.0181,0.0,-0.0181,0.160743,0.986996,1
4358,0.6333,0.0,0.0167,0.0,-0.0167,0.165048,0.986286,1
4359,0.65,0.0,0.017,0.0,-0.017,0.16935,0.985556,1
4360,0.6667,0.0,0.0149,0.0,-0.0149,0.173648,0.984808,1
4361,0.6833,0.0,0.0161,0.0,-0.0161,0.177944,0.984041,1
4362,0.7,0.0,0.0141,0.0,-0.0141,0.182236,0.983255,1
4363,0.7167,0.0,0.0174,0.0,-0.0174,0.186524,0.98245,1
4364,0.7333,0.0,0.0183,0.0,-0.0183,0.190809,0.981627,1
4365,0.75,0.0,0.0198,0.0,-0.0198,0.19509,0.980785,1
4366,0.7667,0.0,0.0156,0.0,-0.0156,0.199368,0.979925,1
4367,0.7833,0.0,0.0148,0.0,-0.0148,0.203642,0.979045,1
4368,0.8,0.0,0.0166,0.0,-0.0166,0.207912,0.978148,1
4369,0.8167,0.0,0.0151,0.0,-0.0151,0.212178,0.977231,1
4370,0.8333,0.0,0.0126,0.0,-0.0126,0.21644,0.976296,1
4371,0.85,0.0,0.0165,0.0,-0.0165,0.220697,0.975342,1
4372,0.8667,0.0,0.0194,0.0,-0.0194,0.224951,0.97437,1
4373,0.8833,0.0,0.0125,0.0,-0.0125,0.2292,0.973379,1
4374,0.9,0.0,0.017,0.0,-0.017,0.233445,0.97237,1
4375,0.9167,0.0,0.0173,0.0,-0.0173,0.237686,0.971342,1
4376,0.9333,0.0,0.0161,0.0,-0.0161,0.241922,0.970296,1
4377,0.95,0.0,0.0147,0.0,-0.0147,0.246153,0.969231,1
4378,0.9667,0.0,0.0129,0.0,-0.0129,0.25038,0.968148,1
4379,0.9833,0.0,0.0128,0.0,-0.0128,0.254602,0.967046,1
4380,1.0,0.0,0.0137,0.0,-0.0137,0.258819,0.965926,1
4381,1.0167,0.0,0.0161,0.0,-0.0161,0.263031,0.964787,1
4382,1.0333,0.0,0.0127,0.0,-0.0127,0.267238,0.96363,1
4383,1.05,0.0,0.0182,0.0,-0.0182,0.27144,0.962455,1
4384,1.0667,0.0,0.0175,0.0,-0.0175,0.275637,0.961262,1
4385,1.0833,0.0,0.0171,0.0,-0.0171,0.279829,0.96005,1
4386,1.1,0.0,0.0147,0.0,-0.0147,0.284015,0.95882,1
4387,1.1167,0.0,0.0149,0.0,-0.0149,0.288196,0.957571,1
4388,1.1333,0.0,0.0161,0.0,-0.0161,0.292372,0.956305,1
4389,1.15,0.0,0.0147,0.0,-0.0147,0.296542,0.95502,1
4390,1.1667,0.0,0.0162,0.0,-0.0162,0.300706,0.953717,1
4391,1.1833,0.0,0.0178,0.0,-0.0178,0.304864,0.952396,1
4392,1.2,0.0,0.0155,0.0,-0.0155,0.309017,0.951057,1
4393,1.2167,0.0,0.0197,0.0,-0.0197,0.313164,0.949699,1
4394,1.2333,0.0,0.019,0.0,-0.019,0.317305,0.948324,1
4395,1.25,0.0,0.0158,0.0,-0.0158,0.321439,0.94693,1
4396,1.2667,0.0,0.0193,0.0,-0.0193,0.325568,0.945519,1
4397,1.2833,0.0,0.0166,0.0,-0.0166,0.329691,0.944089,1
4398,1.3,0.0,0.0155,0.0,-0.0155,0.333807,0.942641,1
4399,1.3167,0.0,0.0174,0.0,-0.0174,0.337917,0.941176,1
4400,1.3333,0.0,0.014,0.0,-0.014,0.34202,0.939693,1
4401,1.35,0.0,0.0172,0.0,-0.0172,0.346117,0.938191,1
4402,1.3667,0.0,0.0145,0.0,-0.0145,0.350207,0.936672,1
4403,1.3833,0.0,0.017,0.0,-0.017,0.354291,0.935135,1
4404,1.4,0.0,0.018,0.0,-0.018,0.358368,0.93358,1
4405,1.4167,0.0,0.0173,0.0,-0.0173,0.362438,0.932008,1
4406,1.4333,0.0,0.0155,0.0,-0.0155,0.366501,0.930418,1
4407,1.45,0.0,0.0137,0.0,-0.0137,0.370557,0.92881,1
4408,1.4667,0.0,0.0136,0.0,-0.0136,0.374607,0.927184,1
4409,1.4833,0.0,0.014,0.0,-0.014,0.378649,0.925541,1
4410,1.5,0.0,0.0165,0.0,-0.0165,0.382683,0.92388,1
4411,1.5167,0.0,0.0165,0.0,-0.0165,0.386711,0.922201,1
4412,1.5333,0.0,0.014,0.0,-0.014,0.390731,0.920505,1
4413,1.55,0.0,0.0167,0.0,-0.0167,0.394744,0.918791,1
4414,1.5667,0.0,0.0177,0.0,-0.0177,0.398749,0.91706,1
4415,1.5833,0.0,0.0132,0.0,-0.0132,0.402747,0.915311,1
4416,1.6,0.0,0.0193,0.0,-0.0193,0.406737,0.913545,1
4417,1.6167,0.0,0.0155,0.0,-0.0155,0.410719,0.911762,1
4418,1.6333,0.0,0.0164,0.0,-0.0164,0.414693,0.909961,1
4419,1.65,0.0,0.0162,0.0,-0.0162,0.41866,0.908143,1
4420,1.6667,0.0,0.018,0.0,-0.018,0.422618,0.906308,1
4421,1.6833,0.0,0.0122,0.0,-0.0122,0.426569,0.904455,1
4422,1.7,0.0,0.0132,0.0,-0.0132,0.430511,0.902585,1
4423,1.7167,0.0,0.0146,0.0,-0.0146,0.434445,0.900698,1
4424,1.7333,0.0,0.0165,0.0,-0.0165,0.438371,0.898794,1
4425,1.75,0.0,0.0203,0.0,-0.0203,0.442289,0.896873,1
4426,1.7667,0.0,0.0166,0.0,-0.0166,0.446198,0.894934,1
4427,1.7833,0.0,0.018,0.0,-0.018,0.450098,0.892979,1
4428,1.8,0.0,0.0147,0.0,-0.0147,0.45399,0.891007,1
4429,1.8167,0.0,0.016,0.0,-0.016,0.457874,0.889017,1
4430,1.8333,0.0,0.0181,0.0,-0.0181,0.461749,0.887011,1
4431,1.85,0.0,0.0171,0.0,-0.0171,0.465615,0.884988,1
4432,1.8667,0.0,0.0185,0.0,-0.0185,0.469472,0.882948,1
4433,1.8833,0.0,0.0158,0.0,-0.0158,0.47332,0.880891,1
4434,1.9,0.0,0.0141,0.0,-0.0141,0.477159,0.878817,1
4435,1.9167,0.0,0.0133,0.0,-0.0133,0.480989,0.876727,1
4436,1.9333,0.0,0.0181,0.0,-0.0181,0.48481,0.87462,1
4437,1.95,0.0,0.0159,0.0,-0.0159,0.488621,0.872496,1
4438,1.9667,0.0,0.0187,0.0,-0.0187,0.492424,0.870356,1
4439,1.9833,0.0,0.0159,0.0,-0.0159,0.496217,0.868199,1
4440,2.0,0.0,0.0183,0.0,-0.0183,0.5,0.866025,1
4441,2.0167,0.0,0.0136,0.0,-0.0136,0.503774,0.863836,1
4442,2.0333,0.0,0.0196,0.0,-0.0196,0.507538,0.861629,1
4443,2.05,0.0,0.0127,0.0,-0.0127,0.511293,0.859406,1
4444,2.0667,0.0,0.0148,0.0,-0.0148,0.515038,0.857167,1
4445,2.0833,0.0,0.0161,0.0,-0.0161,0.518773,0.854912,1
4446,2.1,0.0,0.021,0.0,-0.021,0.522499,0.85264,1
4447,2.1167,0.0,0.0136,0.0,-0.0136,0.526214,0.850352,1
4448,2.1333,0.0,0.0105,0.0,-0.0105,0.529919,0.848048,1
4449,2.15,0.0,0.0133,0.0,-0.0133,0.533615,0.845728,1
4450,2.1667,0.0,0.0153,0.0,-0.0153,0.5373,0.843391,1
4451,2.1833,0.0,0.0141,0.0,-0.0141,0.540974,0.841039,1
4452,2.2,0.0,0.0146,0.0,-0.0146,0.544639,0.838671,1
4453,2.2167,0.0,0.0169,0.0,-0.0169,0.548293,0.836286,1
4454,2.2333,0.0,0.0183,0.0,-0.0183,0.551937,0.833886,1
4455,2.25,0.0,0.0158,0.0,-0.0158,0.55557,0.83147,1
4456,2.2667,0.0,0.0164,0.0,-0.0164,0.559193,0.829038,1
4457,2.2833,0.0,0.0158,0.0,-0.0158,0.562805,0.82659,1
4458,2.3,0.0,0.0135,0.0,-0.0135,0.566406,0.824126,1
4459,2.3167,0.0,0.0202,0.0,-0.0202,0.569997,0.821647,1
4460,2.3333,0.0,0.0128,0.0,-0.0128,0.573576,0.819152,1
4461,2.35,0.0,0.015,0.0,-0.015,0.577145,0.816642,1
4462,2.3667,0.0,0.0155,0.0,-0.0155,0.580703,0.814116,1
4463,2.3833,0.0,0.0156,0.0,-0.0156,0.58425,0.811574,1
4464,2.4,0.0,0.0139,0.0,-0.0139,0.587785,0.809017,1
4465,2.4167,0.0,0.0127,0.0,-0.0127,0.59131,0.806445,1
4466,2.4333,0.0,0.0143,0.0,-0.0143,0.594823,0.803857,1
4467,2.45,0.0,0.0202,0.0,-0.0202,0.598325,0.801254,1
4468,2.4667,0.0,0.0154,0.0,-0.0154,0.601815,0.798636,1
4469,2.4833,0.0,0.0147,0.0,-0.0147,0.605294,0.796002,1
4470,2.5,0.0,0.0184,0.0,-0.0184,0.608761,0.793353,1
4471,2.5167,0.0,0.0128,0.0,-0.0128,0.612217,0.79069,1
4472,2.5333,0.0,0.0185,0.0,-0.0185,0.615661,0.788011,1
4473,2.55,0.0,0.0142,0.0,-0.0142,0.619094,0.785317,1
4474,2.5667,0.0,0.0128,0.0,-0.0128,0.622515,0.782608,1
4475,2.5833,0.0,0.0135,0.0,-0.0135,0.625923,0.779884,1
4476,2.6,0.0,0.0155,0.0,-0.0155,0.62932,0.777146,1
4477,2.6167,0.0,0.0136,0.0,-0.0136,0.632705,0.774393,1
4478,2.6333,0.0,0.0168,0.0,-0.0168,0.636078,0.771625,1
4479,2.65,0.0,0.0155,0.0,-0.0155,0.639439,0.768842,1
4480,2.6667,0.0,0.0149,0.0,-0.0149,0.642788,0.766044,1
4481,2.6833,0.0,0.0143,0.0,-0.0143,0.646124,0.763232,1
4482,2.7,0.0,0.0176,0.0,-0.0176,0.649448,0.760406,1
4483,2.7167,0.0,0.02,0.0,-0.02,0.65276,0.757565,1
4484,2.7333,0.0,0.0197,0.0,-0.0197,0.656059,0.75471,1
4485,2.75,0.0,0.0167,0.0,-0.0167,0.659346,0.75184,1
4486,2.7667,0.0,0.0167,0.0,-0.0167,0.66262,0.748956,1
4487,2.7833,0.0,0.0158,0.0,-0.0158,0.665882,0.746057,1
4488,2.8,0.0,0.0175,0.0,-0.0175,0.669131,0.743145,1
4489,2.8167,0.0,0.0145,0.0,-0.0145,0.672367,0.740218,1
4490,2.8333,0.0,0.0156,0.0,-0.0156,0.67559,0.737277,1
4491,2.85,0.0,0.0164,0.0,-0.0164,0.678801,0.734323,1
4492,2.8667,0.0,0.0168,0.0,-0.0168,0.681998,0.731354,1
4493,2.8833,0.0,0.0187,0.0,-0.0187,0.685183,0.728371,1
4494,2.9,0.0,0.0191,0.0,-0.0191,0.688355,0.725374,1
4495,2.9167,0.0,0.018,0.0,-0.018,0.691513,0.722364,1
4496,2.9333,0.0,0.0144,0.0,-0.0144,0.694658,0.71934,1
4497,2.95,0.0,0.0154,0.0,-0.0154,0.69779,0.716302,1
4498,2.9667,0.0,0.0142,0.0,-0.0142,0.700909,0.71325,1
4499,2.9833,0.0,0.0198,0.0,-0.0198,0.704015,0.710185,1
4500,3.0,0.0,0.0187,0.0,-0.0187,0.707107,0.707107,1
4501,3.0167,0.0,0.0166,0.0,-0.0166,0.710185,0.704015,1
4502,3.0333,0.0,0.0164,0.0,-0.0164,0.71325,0.700909,1
4503,3.05,0.0,0.013,0.0,-0.013,0.716302,0.69779,1
4504,3.0667,0.0,0.017,0.0,-0.017,0.71934,0.694658,1
4505,3.0833,0.0,0.0147,0.0,-0.0147,0.722364,0.691513,1
4506,3.1,0.0,0.0173,0.0,-0.0173,0.725374,0.688355,1
4507,3.1167,0.0,0.0167,0.0,-0.0167,0.728371,0.685183,1
4508,3.1333,0.0,0.0137,0.0,-0.0137,0.731354,0.681998,1
4509,3.15,0.0,0.0162,0.0,-0.0162,0.734323,0.678801,1
4510,3.1667,0.0,0.0153,0.0,-0.0153,0.737277,0.67559,1
4511,3.1833,0.0,0.0138,0.0,-0.0138,0.740218,0.672367,1
4512,3.2,0.0,0.0128,0.0,-0.0128,0.743145,0.669131,1
4513,3.2167,0.0,0.0159,0.0,-0.0159,0.746057,0.665882,1
4514,3.2333,0.0,0.0162,0.0,-0.0162,0.748956,0.66262,1
4515,3.25,0.0,0.011,0.0,-0.011,0.75184,0.659346,1
4516,3.2667,0.0,0.0136,0.0,-0.0136,0.75471,0.656059,1
4517,3.2833,0.0,0.0145,0.0,-0.0145,0.757565,0.65276,1
4518,3.3,0.0,0.0133,0.0,-0.0133,0.760406,0.649448,1
4519,3.3167,0.0,0.016,0.0,-0.016,0.763232,0.646124,1
4520,3.3333,0.0,0.0153,0.0,-0.0153,0.766044,0.642788,1
4521,3.35,0.0,0.0153,0.0,-0.0153,0.768842,0.639439,1
4522,3.3667,0.0,0.0113,0.0,-0.0113,0.771625,0.636078,1
4523,3.3833,0.0,0.0118,0.0,-0.0118,0.774393,0.632705,1
4524,3.4,0.0,0.0158,0.0,-0.0158,0.777146,0.62932,1
4525,3.4167,0.0,0.0185,0.0,-0.0185,0.779884,0.625923,1
4526,3.4333,0.0,0.0134,0.0,-0.0134,0.782608,0.622515,1
4527,3.45,0.0,0.0145,0.0,-0.0145,0.785317,0.619094,1
4528,3.4667,0.0,0.0127,0.0,-0.0127,0.788011,0.615661,1
4529,3.4833,0.0,0.0137,0.0,-0.0137,0.79069,0.612217,1
4530,3.5,0.0,0.0157,0.0,-0.0157,0.793353,0.608761,1
4531,3.5167,0.0,0.0123,0.0,-0.0123,0.796002,0.605294,1
4532,3.5333,0.0,0.0133,0.0,-0.0133,0.798636,0.601815,1
4533,3.55,0.0,0.0132,0.0,-0.0132,0.801254,0.598325,1
4534,3.5667,0.0,0.0136,0.0,-0.0136,0.803857,0.594823,1
4535,3.5833,0.0,0.0128,0.0,-0.0128,0.806445,0.59131,1
4536,3.6,0.0,0.0172,0.0,-0.0172,0.809017,0.587785,1
4537,3.6167,0.0,0.0183,0.0,-0.0183,0.811574,0.58425,1
4538,3.6333,0.0,0.0184,0.0,-0.0184,0.814116,0.580703,1
4539,3.65,0.0,0.0148,0.0,-0.0148,0.816642,0.577145,1
4540,3.6667,0.0,0.0158,0.0,-0.0158,0.819152,0.573576,1
4541,3.6833,0.0,0.0137,0.0,-0.0137,0.821647,0.569997,1
4542,3.7,0.0,0.0136,0.0,-0.0136,0.824126,0.566406,1
4543,3.7167,0.0,0.0118,0.0,-0.0118,0.82659,0.562805,1
4544,3.7333,0.0,0.0177,0.0,-0.0177,0.829038,0.559193,1
4545,3.75,0.0,0.0169,0.0,-0.0169,0.83147,0.55557,1
4546,3.7667,0.0,0.015,0.0,-0.015,0.833886,0.551937,1
4547,3.7833,0.0,0.0145,0.0,-0.0145,0.836286,0.548293,1
4548,3.8,0.0,0.019,0.0,-0.019,0.838671,0.544639,1
4549,3.8167,0.0,0.0197,0.0,-0.0197,0.841039,0.540974,1
4550,3.8333,0.0,0.0176,0.0,-0.0176,0.843391,0.5373,1
4551,3.85,0.0,0.0161,0.0,-0.0161,0.845728,0.533615,1
4552,3.8667,0.0,0.011,0.0,-0.011,0.848048,0.529919,1
4553,3.8833,0.0,0.0159,0.0,-0.0159,0.850352,0.526214,1
4554,3.9,0.0,0.0168,0.0,-0.0168,0.85264,0.522499,1
4555,3.9167,0.0,0.0164,0.0,-0.0164,0.854912,0.518773,1
4556,3.9333,0.0,0.0141,0.0,-0.0141,0.857167,0.515038,1
4557,3.95,0.0,0.0166,0.0,-0.0166,0.859406,0.511293,1
4558,3.9667,0.0,0.0158,0.0,-0.0158,0.861629,0.507538,1
4559,3.9833,0.0,0.0125,0.0,-0.0125,0.863836,0.503774,1
4560,4.0,0.0,0.0181,0.0,-0.0181,0.866025,0.5,1
4561,4.0167,0.0,0.0134,0.0,-0.0134,0.868199,0.496217,1
4562,4.0333,0.0,0.0171,0.0,-0.0171,0.870356,0.492424,1
4563,4.05,0.0,0.0161,0.0,-0.0161,0.872496,0.488621,1
4564,4.0667,0.0,0.0123,0.0,-0.0123,0.87462,0.48481,1
4565,4.0833,0.0,0.0168,0.0,-0.0168,0.876727,0.480989,1
4566,4.1,0.0,0.0165,0.0,-0.0165,0.878817,0.477159,1
4567,4.1167,0.0,0.0165,0.0,-0.0165,0.880891,0.47332,1
4568,4.1333,0.0,0.0172,0.0,-0.0172,0.882948,0.469472,1
4569,4.15,0.0,0.0135,0.0,-0.0135,0.884988,0.465615,1
4570,4.1667,0.0,0.017,0.0,-0.017,0.887011,0.461749,1
4571,4.1833,0.0,0.0161,0.0,-0.0161,0.889017,0.457874,1
4572,4.2,0.0,0.0154,0.0,-0.0154,0.891007,0.45399,1
4573,4.2167,0.0,0.0148,0.0,-0.0148,0.892979,0.450098,1
4574,4.2333,0.0,0.0156,0.0,-0.0156,0.894934,0.446198,1
4575,4.25,0.0,0.0145,0.0,-0.0145,0.896873,0.442289,1
4576,4.2667,0.0,0.0193,0.0,-0.0193,0.898794,0.438371,1
4577,4.2833,0.0,0.0132,0.0,-0.0132,0.900698,0.434445,1
4578,4.3,0.0,0.0158,0.0,-0.0158,0.902585,0.430511,1
4579,4.3167,0.0,0.0146,0.0,-0.0146,0.904455,0.426569,1
4580,4.3333,0.0,0.017,0.0,-0.017,0.906308,0.422618,1
4581,4.35,0.0,0.0161,0.0,-0.0161,0.908143,0.41866,1
4582,4.3667,0.0,0.0161,0.0,-0.0161,0.909961,0.414693,1
4583,4.3833,0.0,0.0176,0.0,-0.0176,0.911762,0.410719,1
4584,4.4,0.0,0.0178,0.0,-0.0178,0.913545,0.406737,1
4585,4.4167,0.0,0.0149,0.0,-0.0149,0.915311,0.402747,1
4586,4.4333,0.0,0.0173,0.0,-0.0173,0.91706,0.398749,1
4587,4.45,0.0,0.0151,0.0,-0.0151,0.918791,0.394744,1
4588,4.4667,0.0,0.0185,0.0,-0.0185,0.920505,0.390731,1
4589,4.4833,0.0,0.0137,0.0,-0.0137,0.922201,0.386711,1
4590,4.5,0.0,0.0154,0.0,-0.0154,0.92388,0.382683,1
4591,4.5167,0.0,0.0157,0.0,-0.0157,0.925541,0.378649,1
4592,4.5333,0.0,0.0135,0.0,-0.0135,0.927184,0.374607,1
4593,4.55,0.0,0.0186,0.0,-0.0186,0.92881,0.370557,1
4594,4.5667,0.0,0.0134,0.0,-0.0134,0.930418,0.366501,1
4595,4.5833,0.0,0.0162,0.0,-0.0162,0.932008,0.362438,1
4596,4.6,0.0,0.0165,0.0,-0.0165,0.93358,0.358368,1
4597,4.6167,0.0,0.0142,0.0,-0.0142,0.935135,0.354291,1
4598,4.6333,0.0,0.0159,0.0,-0.0159,0.936672,0.350207,1
4599,4.65,0.0,0.0179,0.0,-0.0179,0.938191,0.346117,1
4600,4.6667,0.0,0.0198,0.0,-0.0198,0.939693,0.34202,1
4601,4.6833,0.0,0.0155,0.0,-0.0155,0.941176,0.337917,1
4602,4.7,0.0,0.0157,0.0,-0.0157,0.942641,0.333807,1
4603,4.7167,0.0,0.0181,0.0,-0.0181,0.944089,0.329691,1
4604,4.7333,0.0,0.0172,0.0,-0.0172,0.945519,0.325568,1
4605,4.75,0.0,0.018,0.0,-0.018,0.94693,0.321439,1
4606,4.7667,0.0,0.0165,0.0,-0.0165,0.948324,0.317305,1
4607,4.7833,0.0,0.0156,0.0,-0.0156,0.949699,0.313164,1
4608,4.8,0.0,0.0151,0.0,-0.0151,0.951057,0.309017,1
4609,4.8167,0.0,0.0133,0.0,-0.0133,0.952396,0.304864,1
4610,4.8333,0.0,0.0172,0.0,-0.0172,0.953717,0.300706,1
4611,4.85,0.0,0.0141,0.0,-0.0141,0.95502,0.296542,1
4612,4.8667,0.0,0.0141,0.0,-0.0141,0.956305,0.292372,1
4613,4.8833,0.0,0.0155,0.0,-0.0155,0.957571,0.288196,1
4614,4.9,0.0,0.0144,0.0,-0.0144,0.95882,0.284015,1
4615,4.9167,0.0,0.0153,0.0,-0.0153,0.96005,0.279829,1
4616,4.9333,0.0,0.0164,0.0,-0.0164,0.961262,0.275637,1
4617,4.95,0.0,0.0131,0.0,-0.0131,0.962455,0.27144,1
4618,4.9667,0.0,0.0111,0.0,-0.0111,0.96363,0.267238,1
4619,4.9833,0.0,0.0137,0.0,-0.0137,0.964787,0.263031,1
4620,5.0,0.0,0.0208,0.0,-0.0208,0.965926,0.258819,1
4621,5.0167,0.0,0.0143,0.0,-0.0143,0.967046,0.254602,1
4622,5.0333,0.0,0.0167,0.0,-0.0167,0.968148,0.25038,1
4623,5.05,0.0,0.0133,0.0,-0.0133,0.969231,0.246153,1
4624,5.0667,0.0,0.0173,0.0,-0.0173,0.970296,0.241922,1
4625,5.0833,0.0,0.0172,0.0,-0.0172,0.971342,0.237686,1
4626,5.1,0.0,0.016,0.0,-0.016,0.97237,0.233445,1
4627,5.1167,0.0,0.0183,0.0,-0.0183,0.973379,0.2292,1
4628,5.1333,0.0,0.0142,0.0,-0.0142,0.97437,0.224951,1
4629,5.15,0.0,0.0164,0.0,-0.0164,0.975342,0.220697,1
4630,5.1667,0.0,0.0172,0.0,-0.0172,0.976296,0.21644,1
4631,5.1833,0.0,0.0157,0.0,-0.0157,0.977231,0.212178,1
4632,5.2,0.0,0.0131,0.0,-0.0131,0.978148,0.207912,1
4633,5.2167,0.0,0.0141,0.0,-0.0141,0.979045,0.203642,1
4634,5.2333,0.0,0.0163,0.0,-0.0163,0.979925,0.199368,1
4635,5.25,0.0,0.0174,0.0,-0.0174,0.980785,0.19509,1
4636,5.2667,0.0,0.0162,0.0,-0.0162,0.981627,0.190809,1
4637,5.2833,0.0,0.0167,0.0,-0.0167,0.98245,0.186524,1
4638,5.3,0.0,0.015,0.0,-0.015,0.983255,0.182236,1
4639,5.3167,0.0,0.0167,0.0,-0.0167,0.984041,0.177944,1
4640,5.3333,0.0,0.0171,0.0,-0.0171,0.984808,0.173648,1
4641,5.35,0.0,0.017,0.0,-0.017,0.985556,0.16935,1
4642,5.3667,0.0,0.0135,0.0,-0.0135,0.986286,0.165048,1
4643,5.3833,0.0,0.017,0.0,-0.017,0.986996,0.160743,1
4644,5.4,0.0,0.0168,0.0,-0.0168,0.987688,0.156434,1
4645,5.4167,0.0,0.0171,0.0,-0.0171,0.988362,0.152123,1
4646,5.4333,0.0,0.0179,0.0,-0.0179,0.989016,0.147809,1
4647,5.45,0.0,0.0162,0.0,-0.0162,0.989651,0.143493,1
4648,5.4667,0.0,0.0151,0.0,-0.0151,0.990268,0.139173,1
4649,5.4833,0.0,0.0138,0.0,-0.0138,0.990866,0.134851,1
4650,5.5,0.0,0.0149,0.0,-0.0149,0.991445,0.130526,1
4651,5.5167,0.0,0.0162,0.0,-0.0162,0.992005,0.126199,1
4652,5.5333,0.0,0.0144,0.0,-0.0144,0.992546,0.121869,1
4653,5.55,0.0,0.017,0.0,-0.017,0.993068,0.117537,1
4654,5.5667,0.0,0.0128,0.0,-0.0128,0.993572,0.113203,1
4655,5.5833,0.0,0.0172,0.0,-0.0172,0.994056,0.108867,1
4656,5.6,0.0,0.0151,0.0,-0.0151,0.994522,0.104528,1
4657,5.6167,0.0,0.0147,0.0,-0.0147,0.994969,0.100188,1
4658,5.6333,0.0,0.0153,0.0,-0.0153,0.995396,0.095846,1
4659,5.65,0.0,0.017,0.0,-0.017,0.995805,0.091502,1
4660,5.6667,0.0,0.0161,0.0,-0.0161,0.996195,0.087156,1
4661,5.6833,0.0,0.0152,0.0,-0.0152,0.996566,0.082808,1
4662,5.7,0.0,0.0194,0.0,-0.0194,0.996917,0.078459,1
4663,5.7167,0.0,0.0167,0.0,-0.0167,0.99725,0.074108,1
4664,5.7333,0.0,0.0158,0.0,-0.0158,0.997564,0.069756,1
4665,5.75,0.0,0.0135,0.0,-0.0135,0.997859,0.065403,1
4666,5.7667,0.0,0.0159,0.0,-0.0159,0.998135,0.061049,1
4667,5.7833,0.0,0.0152,0.0,-0.0152,0.998392,0.056693,1
4668,5.8,0.0,0.014,0.0,-0.014,0.99863,0.052336,1
4669,5.8167,0.0,0.0145,0.0,-0.0145,0.998848,0.047978,1
4670,5.8333,0.0,0.0169,0.0,-0.0169,0.999048,0.043619,1
4671,5.85,0.0,0.0156,0.0,-0.0156,0.999229,0.03926,1
4672,5.8667,0.0,0.0162,0.0,-0.0162,0.999391,0.034899,1
4673,5.8833,0.0,0.016,0.0,-0.016,0.999534,0.030539,1
4674,5.9,0.0,0.0188,0.0,-0.0188,0.999657,0.026177,1
4675,5.9167,0.0,0.0179,0.0,-0.0179,0.999762,0.021815,1
4676,5.9333,0.0,0.0173,0.0,-0.0173,0.999848,0.017452,1
4677,5.95,0.0,0.0149,0.0,-0.0149,0.999914,0.01309,1
4678,5.9667,0.0,0.0142,0.0,-0.0142,0.999962,0.008727,1
4679,5.9833,0.0,0.0141,0.0,-0.0141,0.99999,0.004363,1
4680,6.0,0.0,0.03,0.0,-0.03,1.0,0.0,1
4681,6.0167,0.002083,0.0305,0.0,-0.028417,0.99999,-0.004363,1
4682,6.0333,0.003883,0.0302,0.0,-0.026317,0.999962,-0.008727,1
4683,6.05,0.0,0.0268,0.0,-0.0268,0.999914,-0.01309,1
4684,6.0667,0.0039,0.0315,0.0,-0.0276,0.999848,-0.017452,1
4685,6.0833,0.0,0.0278,0.0,-0.0278,0.999762,-0.021815,1
4686,6.1,0.00355,0.0294,0.0,-0.02585,0.999657,-0.026177,1
4687,6.1167,0.0069,0.0342,0.0,-0.0273,0.999534,-0.030539,1
4688,6.1333,0.005983,0.0328,0.0,-0.026817,0.999391,-0.034899,1
4689,6.15,0.003867,0.0324,0.0,-0.028533,0.999229,-0.03926,1
4690,6.1667,0.008283,0.0274,0.0,-0.019117,0.999048,-0.043619,1
4691,6.1833,0.004467,0.0281,0.0,-0.023633,0.998848,-0.047978,1
4692,6.2,0.009117,0.0273,0.0,-0.018183,0.99863,-0.052336,1
4693,6.2167,0.010567,0.0289,0.0,-0.018333,0.998392,-0.056693,1
4694,6.2333,0.007183,0.0263,0.0,-0.019117,0.998135,-0.061049,1
4695,6.25,0.007217,0.0306,0.0,-0.023383,0.997859,-0.065403,1
4696,6.2667,0.010367,0.0299,0.0,-0.019533,0.997564,-0.069756,1
4697,6.2833,0.0058,0.0299,0.0,-0.0241,0.99725,-0.074108,1
4698,6.3,0.010333,0.0269,0.0,-0.016567,0.996917,-0.078459,1
4699,6.3167,0.0105,0.0326,0.0,-0.0221,0.996566,-0.082808,1
4700,6.3333,0.015433,0.0292,0.0,-0.013767,0.996195,-0.087156,1
4701,6.35,0.011833,0.0263,0.0,-0.014467,0.995805,-0.091502,1
4702,6.3667,0.010033,0.0288,0.0,-0.018767,0.995396,-0.095846,1
4703,6.3833,0.014717,0.0302,0.0,-0.015483,0.994969,-0.100188,1
4704,6.4,0.016667,0.0332,0.0,-0.016533,0.994522,-0.104528,1
4705,6.4167,0.0151,0.0282,0.0,-0.0131,0.994056,-0.108867,1
4706,6.4333,0.016867,0.0268,0.0,-0.009933,0.993572,-0.113203,1
4707,6.45,0.020383,0.0263,0.0,-0.005917,0.993068,-0.117537,1
4708,6.4667,0.018917,0.0252,0.0,-0.006283,0.992546,-0.121869,1
4709,6.4833,0.019533,0.0279,0.0,-0.008367,0.992005,-0.126199,1
4710,6.5,0.021583,0.0283,0.0,-0.006717,0.991445,-0.130526,1
4711,6.5167,0.018517,0.0267,0.0,-0.008183,0.990866,-0.134851,1
4712,6.5333,0.022317,0.0311,0.0,-0.008783,0.990268,-0.139173,1
4713,6.55,0.023683,0.0252,0.0,-0.001517,0.989651,-0.143493,1
4714,6.5667,0.020017,0.0304,0.0,-0.010383,0.989016,-0.147809,1
4715,6.5833,0.024917,0.0288,0.0,-0.003883,0.988362,-0.152123,1
4716,6.6,0.0229,0.0285,0.0,-0.0056,0.987688,-0.156434,1
4717,6.6167,0.022017,0.029,0.0,-0.006983,0.986996,-0.160743,1
4718,6.6333,0.023267,0.0322,0.0,-0.008933,0.986286,-0.165048,1
4719,6.65,0.025167,0.03,0.0,-0.004833,0.985556,-0.16935,1
4720,6.6667,0.02525,0.031,0.0,-0.00575,0.984808,-0.173648,1
4721,6.6833,0.026633,0.0326,0.0,-0.005967,0.984041,-0.177944,1
4722,6.7,0.026883,0.0272,0.0,-0.000317,0.983255,-0.182236,1
4723,6.7167,0.026567,0.0285,0.0,-0.001933,0.98245,-0.186524,1
4724,6.7333,0.029083,0.0305,0.0,-0.001417,0.981627,-0.190809,1
4725,6.75,0.02745,0.0287,0.0,-0.00125,0.980785,-0.19509,1
4726,6.7667,0.030267,0.0251,0.0052,0.005167,0.979925,-0.199368,0
4727,6.7833,0.028433,0.0277,0.0059,0.000733,0.979045,-0.203642,0
4728,6.8,0.031433,0.0301,0.0072,0.001333,0.978148,-0.207912,0
4729,6.8167,0.03085,0.0299,0.0082,0.00095,0.977231,-0.212178,0
4730,6.8333,0.03295,0.0273,0.0138,0.00565,0.976296,-0.21644,0
4731,6.85,0.034683,0.029,0.0195,0.005683,0.975342,-0.220697,0
4732,6.8667,0.03255,0.0301,0.022,0.00245,0.97437,-0.224951,0
4733,6.8833,0.032883,0.0308,0.0241,0.002083,0.973379,-0.2292,0
4734,6.9,0.036867,0.028,0.033,0.008867,0.97237,-0.233445,0
4735,6.9167,0.029067,0.0245,0.0376,0.004567,0.971342,-0.237686,0
4736,6.9333,0.036133,0.0291,0.0446,0.007033,0.970296,-0.241922,0
4737,6.95,0.03705,0.031,0.0507,0.00605,0.969231,-0.246153,0
4738,6.9667,0.0389,0.028,0.0616,0.0109,0.968148,-0.25038,0
4739,6.9833,0.035817,0.0305,0.0669,0.005317,0.967046,-0.254602,0
4740,7.0,0.039183,0.0536,0.0525,-0.014417,0.965926,-0.258819,0
4741,7.0167,0.034617,0.0523,0.0348,-0.017683,0.964787,-0.263031,0
4742,7.0333,0.038817,0.055,0.0186,-0.016183,0.96363,-0.267238,0
4743,7.05,0.037417,0.0503,0.0057,-0.012883,0.962455,-0.27144,0
4744,7.0667,0.043667,0.0517,0.0,-0.008033,0.961262,-0.275637,1
4745,7.0833,0.046333,0.0501,0.0,-0.003767,0.96005,-0.279829,1
4746,7.1,0.04255,0.0538,0.0,-0.01125,0.95882,-0.284015,1
4747,7.1167,0.0424,0.0503,0.0,-0.0079,0.957571,-0.288196,1
4748,7.1333,0.04265,0.0517,0.0,-0.00905,0.956305,-0.292372,1
4749,7.15,0.042133,0.0538,0.0,-0.011667,0.95502,-0.296542,1
4750,7.1667,0.04375,0.0526,0.0,-0.00885,0.953717,-0.300706,1
4751,7.1833,0.0444,0.0514,0.0,-0.007,0.952396,-0.304864,1
4752,7.2,0.0501,0.0543,0.0,-0.0042,0.951057,-0.309017,1
4753,7.2167,0.04975,0.0547,0.0,-0.00495,0.949699,-0.313164,1
4754,7.2333,0.043167,0.0558,0.0,-0.012633,0.948324,-0.317305,1
4755,7.25,0.046283,0.053,0.0,-0.006717,0.94693,-0.321439,1
4756,7.2667,0.049533,0.0522,0.0,-0.002667,0.945519,-0.325568,1
4757,7.2833,0.05275,0.0561,0.0,-0.00335,0.944089,-0.329691,1
4758,7.3,0.049617,0.0497,0.0,-8.3e-05,0.942641,-0.333807,1
4759,7.3167,0.049267,0.057,0.0,-0.007733,0.941176,-0.337917,1
4760,7.3333,0.05535,0.051,0.0044,0.00435,0.939693,-0.34202,0
4761,7.35,0.054067,0.0485,0.01,0.005567,0.938191,-0.346117,0
4762,7.3667,0.054317,0.0514,0.0129,0.002917,0.936672,-0.350207,0
4763,7.3833,0.051283,0.0547,0.0095,-0.003417,0.935135,-0.354291,0
4764,7.4,0.053683,0.052,0.0112,0.001683,0.93358,-0.358368,0
4765,7.4167,0.0523,0.0522,0.0113,0.0001,0.932008,-0.362438,0
4766,7.4333,0.05715,0.0507,0.0177,0.00645,0.930418,-0.366501,0
4767,7.45,0.0557,0.0554,0.018,0.0003,0.92881,-0.370557,0
4768,7.4667,0.056767,0.0535,0.0213,0.003267,0.927184,-0.374607,0
4769,7.4833,0.05505,0.049,0.0273,0.00605,0.925541,-0.378649,0
4770,7.5,0.057317,0.0486,0.036,0.008717,0.92388,-0.382683,0
4771,7.5167,0.059083,0.0499,0.0452,0.009183,0.922201,-0.386711,0
4772,7.5333,0.05635,0.0487,0.0529,0.00765,0.920505,-0.390731,0
4773,7.55,0.057067,0.0521,0.0579,0.004967,0.918791,-0.394744,0
4774,7.5667,0.063767,0.0529,0.0688,0.010867,0.91706,-0.398749,0
4775,7.5833,0.06105,0.0543,0.0755,0.00675,0.915311,-0.402747,0
4776,7.6,0.05915,0.0488,0.0858,0.01035,0.913545,-0.406737,0
4777,7.6167,0.057867,0.0527,0.091,0.005167,0.911762,-0.410719,0
4778,7.6333,0.064983,0.0555,0.1005,0.009483,0.909961,-0.414693,0
4779,7.65,0.061383,0.0492,0.1127,0.012183,0.908143,-0.41866,0
4780,7.6667,0.0625,0.0514,0.1238,0.0111,0.906308,-0.422618,0
4781,7.6833,0.064533,0.0513,0.137,0.013233,0.904455,-0.426569,0
4782,7.7,0.067317,0.0525,0.1518,0.014817,0.902585,-0.430511,0
4783,7.7167,0.068033,0.0515,0.1683,0.016533,0.900698,-0.434445,0
4784,7.7333,0.068967,0.0546,0.1827,0.014367,0.898794,-0.438371,0
4785,7.75,0.06255,0.0511,0.1941,0.01145,0.896873,-0.442289,0
4786,7.7667,0.06705,0.0517,0.2094,0.01535,0.894934,-0.446198,0
4787,7.7833,0.06865,0.0515,0.2266,0.01715,0.892979,-0.450098,0
4788,7.8,0.07025,0.0494,0.2475,0.02085,0.891007,-0.45399,0
4789,7.8167,0.073167,0.0515,0.2692,0.021667,0.889017,-0.457874,0
4790,7.8333,0.069267,0.0531,0.2854,0.016167,0.887011,-0.461749,0
4791,7.85,0.069033,0.052,0.3024,0.017033,0.884988,-0.465615,0
4792,7.8667,0.0708,0.0565,0.3167,0.0143,0.882948,-0.469472,0
4793,7.8833,0.070883,0.0501,0.3375,0.020783,0.880891,-0.47332,0
4794,7.9,0.0709,0.0509,0.3575,0.02,0.878817,-0.477159,0
4795,7.9167,0.0692,0.0505,0.3762,0.0187,0.876727,-0.480989,0
4796,7.9333,0.076133,0.0533,0.399,0.022833,0.87462,-0.48481,0
4797,7.95,0.076867,0.0486,0.4273,0.028267,0.872496,-0.488621,0
4798,7.9667,0.069967,0.049,0.4483,0.020967,0.870356,-0.492424,0
4799,7.9833,0.077567,0.0542,0.4717,0.023367,0.868199,-0.496217,0
4800,8.0,0.07475,0.0506,0.4959,0.02415,0.866025,-0.5,0
4801,8.0167,0.078083,0.0502,0.5238,0.027883,0.863836,-0.503774,0
4802,8.0333,0.075117,0.0528,0.5461,0.022317,0.861629,-0.507538,0
4803,8.05,0.075733,0.0519,0.5699,0.023833,0.859406,-0.511293,0
4804,8.0667,0.0733,0.0523,0.5909,0.021,0.857167,-0.515038,0
4805,8.0833,0.0778,0.0487,0.62,0.0291,0.854912,-0.518773,0
4806,8.1,0.079883,0.0544,0.6455,0.025483,0.85264,-0.522499,0
4807,8.1167,0.079583,0.0532,0.6719,0.026383,0.850352,-0.526214,0
4808,8.1333,0.082167,0.0496,0.7045,0.032567,0.848048,-0.529919,0
4809,8.15,0.0786,0.051,0.7321,0.0276,0.845728,-0.533615,0
4810,8.1667,0.07855,0.0513,0.7593,0.02725,0.843391,-0.5373,0
4811,8.1833,0.081633,0.0525,0.7884,0.029133,0.841039,-0.540974,0
4812,8.2,0.08005,0.0501,0.8183,0.02995,0.838671,-0.544639,0
4813,8.2167,0.0828,0.0512,0.8499,0.0316,0.836286,-0.548293,0
4814,8.2333,0.082533,0.054,0.8784,0.028533,0.833886,-0.551937,0
4815,8.25,0.083383,0.0494,0.9124,0.033983,0.83147,-0.55557,0
4816,8.2667,0.086117,0.0503,0.9482,0.035817,0.829038,-0.559193,0
4817,8.2833,0.087383,0.0532,0.9824,0.034183,0.82659,-0.562805,0
4818,8.3,0.088383,0.0495,1.0213,0.038883,0.824126,-0.566406,0
4819,8.3167,0.085583,0.0527,1.0542,0.032883,0.821647,-0.569997,0
4820,8.3333,0.08585,0.0535,1.0865,0.03235,0.819152,-0.573576,0
4821,8.35,0.0818,0.0502,1.1181,0.0316,0.816642,-0.577145,0
4822,8.3667,0.091383,0.0527,1.1568,0.038683,0.814116,-0.580703,0
4823,8.3833,0.087667,0.0533,1.1912,0.034367,0.811574,-0.58425,0
4824,8.4,0.08745,0.0506,1.2281,0.03685,0.809017,-0.587785,0
4825,8.4167,0.0893,0.0472,1.2702,0.0421,0.806445,-0.59131,0
4826,8.4333,0.084217,0.0521,1.3023,0.032117,0.803857,-0.594823,0
4827,8.45,0.084667,0.0529,1.3341,0.031767,0.801254,-0.598325,0
4828,8.4667,0.0866,0.0503,1.3704,0.0363,0.798636,-0.601815,0
4829,8.4833,0.094217,0.0544,1.4102,0.039817,0.796002,-0.605294,0
4830,8.5,0.091183,0.0501,1.4513,0.041083,0.793353,-0.608761,0
4831,8.5167,0.095367,0.052,1.4947,0.043367,0.79069,-0.612217,0
4832,8.5333,0.0918,0.0524,1.5341,0.0394,0.788011,-0.615661,0
4833,8.55,0.093617,0.0513,1.5764,0.042317,0.785317,-0.619094,0
4834,8.5667,0.094367,0.0513,1.6195,0.043067,0.782608,-0.622515,0
4835,8.5833,0.094583,0.0492,1.6649,0.045383,0.779884,-0.625923,0
4836,8.6,0.095767,0.0511,1.7096,0.044667,0.777146,-0.62932,0
4837,8.6167,0.0942,0.0509,1.7529,0.0433,0.774393,-0.632705,0
4838,8.6333,0.095067,0.0523,1.7957,0.042767,0.771625,-0.636078,0
4839,8.65,0.0973,0.0514,1.8416,0.0459,0.768842,-0.639439,0
4840,8.6667,0.095767,0.0518,1.8856,0.043967,0.766044,-0.642788,0
4841,8.6833,0.0951,0.0545,1.9262,0.0406,0.763232,-0.646124,0
4842,8.7,0.096267,0.0547,1.9678,0.041567,0.760406,-0.649448,0
4843,8.7167,0.094883,0.0497,2.013,0.045183,0.757565,-0.65276,0
4844,8.7333,0.098733,0.0525,2.0592,0.046233,0.75471,-0.656059,0
4845,8.75,0.098567,0.0513,2.1065,0.047267,0.75184,-0.659346,0
4846,8.7667,0.09525,0.0504,2.1513,0.04485,0.748956,-0.66262,0
4847,8.7833,0.098567,0.0475,2.2024,0.051067,0.746057,-0.665882,0
4848,8.8,0.099167,0.0533,2.2483,0.045867,0.743145,-0.669131,0
4849,8.8167,0.0953,0.0516,2.292,0.0437,0.740218,-0.672367,0
4850,8.8333,0.099467,0.0472,2.3443,0.052267,0.737277,-0.67559,0
4851,8.85,0.106233,0.0513,2.3992,0.054933,0.734323,-0.678801,0
4852,8.8667,0.1019,0.0535,2.4476,0.0484,0.731354,-0.681998,0
4853,8.8833,0.1031,0.0529,2.4978,0.0502,0.728371,-0.685183,0
4854,8.9,0.105367,0.0499,2.5533,0.055467,0.725374,-0.688355,0
4855,8.9167,0.101167,0.0523,2.6022,0.048867,0.722364,-0.691513,0
4856,8.9333,0.098883,0.054,2.6471,0.044883,0.71934,-0.694658,0
4857,8.95,0.102833,0.0526,2.6973,0.050233,0.716302,-0.69779,0
4858,8.9667,0.10225,0.0532,2.7464,0.04905,0.71325,-0.700909,0
4859,8.9833,0.1052,0.0551,2.7965,0.0501,0.710185,-0.704015,0
4860,9.0,0.10695,0.0277,2.8758,0.07925,0.707107,-0.707107,0
4861,9.0167,0.10375,0.0272,2.9523,0.07655,0.704015,-0.710185,0
4862,9.0333,0.1062,0.0325,3.026,0.0737,0.700909,-0.71325,0
4863,9.05,0.110117,0.0307,3.1054,0.079417,0.69779,-0.716302,0
4864,9.0667,0.107767,0.028,3.1852,0.079767,0.694658,-0.71934,0
4865,9.0833,0.104533,0.0278,3.2619,0.076733,0.691513,-0.722364,0
4866,9.1,0.108467,0.0289,3.3415,0.079567,0.688355,-0.725374,0
4867,9.1167,0.105217,0.025,3.4217,0.080217,0.685183,-0.728371,0
4868,9.1333,0.111317,0.0276,3.5054,0.083717,0.681998,-0.731354,0
4869,9.15,0.11135,0.0306,3.5861,0.08075,0.678801,-0.734323,0
4870,9.1667,0.110817,0.0257,3.6712,0.085117,0.67559,-0.737277,0
4871,9.1833,0.10955,0.0319,3.7489,0.07765,0.672367,-0.740218,0
4872,9.2,0.1135,0.0257,3.8367,0.0878,0.669131,-0.743145,0
4873,9.2167,0.112033,0.0308,3.9179,0.081233,0.665882,-0.746057,0
4874,9.2333,0.112817,0.0284,4.0023,0.084417,0.66262,-0.748956,0
4875,9.25,0.11545,0.0281,4.0896,0.08735,0.659346,-0.75184,0
4876,9.2667,0.112333,0.0276,4.1743,0.084733,0.656059,-0.75471,0
4877,9.2833,0.117017,0.0279,4.2634,0.089117,0.65276,-0.757565,0
4878,9.3,0.120117,0.0271,4.3564,0.093017,0.649448,-0.760406,0
4879,9.3167,0.1091,0.0277,4.4378,0.0814,0.646124,-0.763232,0
4880,9.3333,0.1153,0.0306,4.5225,0.0847,0.642788,-0.766044,0
4881,9.35,0.118717,0.0281,4.6131,0.090617,0.639439,-0.768842,0
4882,9.3667,0.115917,0.0299,4.6991,0.086017,0.636078,-0.771625,0
4883,9.3833,0.11665,0.0266,4.7891,0.09005,0.632705,-0.774393,0
4884,9.4,0.121017,0.0293,4.8808,0.091717,0.62932,-0.777146,0
4885,9.4167,0.118683,0.0312,4.9683,0.087483,0.625923,-0.779884,0
4886,9.4333,0.116417,0.0312,5.0535,0.085217,0.622515,-0.782608,0
4887,9.45,0.118117,0.0288,5.1428,0.089317,0.619094,-0.785317,0
4888,9.4667,0.120017,0.0297,5.2331,0.090317,0.615661,-0.788011,0
4889,9.4833,0.120733,0.0301,5.3237,0.090633,0.612217,-0.79069,0
4890,9.5,0.121667,0.026,5.4194,0.095667,0.608761,-0.793353,0
4891,9.5167,0.1199,0.0295,5.5098,0.0904,0.605294,-0.796002,0
4892,9.5333,0.117633,0.0316,5.5958,0.086033,0.601815,-0.798636,0
4893,9.55,0.1174,0.0303,5.6829,0.0871,0.598325,-0.801254,0
4894,9.5667,0.122033,0.028,5.7769,0.094033,0.594823,-0.803857,0
4895,9.5833,0.120817,0.0263,5.8714,0.094517,0.59131,-0.806445,0
4896,9.6,0.120433,0.0286,5.9632,0.091833,0.587785,-0.809017,0
4897,9.6167,0.118667,0.0313,6.0506,0.087367,0.58425,-0.811574,0
4898,9.6333,0.1221,0.0309,6.1418,0.0912,0.580703,-0.814116,0
4899,9.65,0.122733,0.0316,6.2329,0.091133,0.577145,-0.816642,0
4900,9.6667,0.12295,0.0257,6.3302,0.09725,0.573576,-0.819152,0
4901,9.6833,0.12355,0.0251,6.4286,0.09845,0.569997,-0.821647,0
4902,9.7,0.121283,0.0279,6.522,0.093383,0.566406,-0.824126,0
4903,9.7167,0.12085,0.0265,6.6163,0.09435,0.562805,-0.82659,0
4904,9.7333,0.121417,0.0298,6.7079,0.091617,0.559193,-0.829038,0
4905,9.75,0.125317,0.0278,6.8054,0.097517,0.55557,-0.83147,0
4906,9.7667,0.131567,0.0268,6.9102,0.104767,0.551937,-0.833886,0
4907,9.7833,0.126817,0.0285,7.0085,0.098317,0.548293,-0.836286,0
4908,9.8,0.122667,0.0282,7.103,0.094467,0.544639,-0.838671,0
4909,9.8167,0.126633,0.0296,7.2,0.097033,0.540974,-0.841039,0
4910,9.8333,0.127583,0.0291,7.2985,0.098483,0.5373,-0.843391,0
4911,9.85,0.122383,0.0279,7.393,0.094483,0.533615,-0.845728,0
4912,9.8667,0.125017,0.0294,7.4886,0.095617,0.529919,-0.848048,0
4913,9.8833,0.128533,0.0297,7.5874,0.098833,0.526214,-0.850352,0
4914,9.9,0.1307,0.0293,7.6888,0.1014,0.522499,-0.85264,0
4915,9.9167,0.12855,0.0292,7.7881,0.09935,0.518773,-0.854912,0
4916,9.9333,0.129633,0.0267,7.891,0.102933,0.515038,-0.857167,0
4917,9.95,0.127233,0.0271,7.9911,0.100133,0.511293,-0.859406,0
4918,9.9667,0.126883,0.0285,8.0895,0.098383,0.507538,-0.861629,0
4919,9.9833,0.131583,0.0313,8.1898,0.100283,0.503774,-0.863836,0
4920,10.0,0.132617,0.0294,8.293,0.103217,0.5,-0.866025,0
4921,10.0167,0.128667,0.0281,8.3936,0.100567,0.496217,-0.868199,0
4922,10.0333,0.128317,0.0272,8.4947,0.101117,0.492424,-0.870356,0
4923,10.05,0.12965,0.0327,8.5916,0.09695,0.488621,-0.872496,0
4924,10.0667,0.133767,0.028,8.6974,0.105767,0.48481,-0.87462,0
4925,10.0833,0.129233,0.0298,8.7968,0.099433,0.480989,-0.876727,0
4926,10.1,0.129383,0.0304,8.8958,0.098983,0.477159,-0.878817,0
4927,10.1167,0.13095,0.0265,9.0002,0.10445,0.47332,-0.880891,0
4928,10.1333,0.127833,0.0274,9.1006,0.100433,0.469472,-0.882948,0
4929,10.15,0.131567,0.0274,9.2048,0.104167,0.465615,-0.884988,0
4930,10.1667,0.13285,0.0277,9.31,0.10515,0.461749,-0.887011,0
4931,10.1833,0.133033,0.0286,9.4144,0.104433,0.457874,-0.889017,0
4932,10.2,0.1341,0.0297,9.5188,0.1044,0.45399,-0.891007,0
4933,10.2167,0.135767,0.0296,9.625,0.106167,0.450098,-0.892979,0
4934,10.2333,0.1347,0.0289,9.7308,0.1058,0.446198,-0.894934,0
4935,10.25,0.132333,0.0283,9.8348,0.104033,0.442289,-0.896873,0
4936,10.2667,0.135783,0.0309,9.9397,0.104883,0.438371,-0.898794,0
4937,10.2833,0.136233,0.0308,10.0451,0.105433,0.434445,-0.900698,0
4938,10.3,0.1364,0.0261,10.1554,0.1103,0.430511,-0.902585,0
4939,10.3167,0.131767,0.0296,10.2576,0.102167,0.426569,-0.904455,0
4940,10.3333,0.13155,0.0299,10.3593,0.10165,0.422618,-0.906308,0
4941,10.35,0.133517,0.0327,10.4601,0.100817,0.41866,-0.908143,0
4942,10.3667,0.135317,0.0305,10.5649,0.104817,0.414693,-0.909961,0
4943,10.3833,0.13835,0.03,10.6733,0.10835,0.410719,-0.911762,0
4944,10.4,0.1377,0.0291,10.7819,0.1086,0.406737,-0.913545,0
4945,10.4167,0.13655,0.0308,10.8877,0.10575,0.402747,-0.915311,0
4946,10.4333,0.135617,0.0312,10.9921,0.104417,0.398749,-0.91706,0
4947,10.45,0.140417,0.0291,11.1034,0.111317,0.394744,-0.918791,0
4948,10.4667,0.13245,0.028,11.2079,0.10445,0.390731,-0.920505,0
4949,10.4833,0.132717,0.028,11.3126,0.104717,0.386711,-0.922201,0
4950,10.5,0.138867,0.0319,11.4196,0.106967,0.382683,-0.92388,0
4951,10.5167,0.142,0.0286,11.533,0.1134,0.378649,-0.925541,0
4952,10.5333,0.138933,0.0292,11.6427,0.109733,0.374607,-0.927184,0
4953,10.55,0.143817,0.0255,11.761,0.118317,0.370557,-0.92881,0
4954,10.5667,0.137617,0.0309,11.8677,0.106717,0.366501,-0.930418,0
4955,10.5833,0.1415,0.03,11.9792,0.1115,0.362438,-0.932008,0
4956,10.6,0.1387,0.0255,12.0924,0.1132,0.358368,-0.93358,0
4957,10.6167,0.139683,0.03,12.2021,0.109683,0.354291,-0.935135,0
4958,10.6333,0.1417,0.0271,12.3167,0.1146,0.350207,-0.936672,0
4959,10.65,0.1412,0.0271,12.4308,0.1141,0.346117,-0.938191,0
4960,10.6667,0.140833,0.0322,12.5394,0.108633,0.34202,-0.939693,0
4961,10.6833,0.139017,0.028,12.6504,0.111017,0.337917,-0.941176,0
4962,10.7,0.14435,0.0261,12.7686,0.11825,0.333807,-0.942641,0
4963,10.7167,0.14025,0.0284,12.8804,0.11185,0.329691,-0.944089,0
4964,10.7333,0.139833,0.0337,12.9865,0.106133,0.325568,-0.945519,0
4965,10.75,0.141517,0.0251,13.1029,0.116417,0.321439,-0.94693,0
4966,10.7667,0.137667,0.027,13.2136,0.110667,0.317305,-0.948324,0
4967,10.7833,0.145967,0.0257,13.3339,0.120267,0.313164,-0.949699,0
4968,10.8,0.139417,0.0278,13.4455,0.111617,0.309017,-0.951057,0
4969,10.8167,0.145483,0.0274,13.5636,0.118083,0.304864,-0.952396,0
4970,10.8333,0.139833,0.0275,13.6759,0.112333,0.300706,-0.953717,0
4971,10.85,0.14155,0.0285,13.789,0.11305,0.296542,-0.95502,0
4972,10.8667,0.140483,0.0284,13.9011,0.112083,0.292372,-0.956305,0
4973,10.8833,0.140517,0.0294,14.0122,0.111117,0.288196,-0.957571,0
4974,10.9,0.148417,0.029,14.1316,0.119417,0.284015,-0.95882,0
4975,10.9167,0.145283,0.0331,14.2438,0.112183,0.279829,-0.96005,0
4976,10.9333,0.143767,0.0298,14.3578,0.113967,0.275637,-0.961262,0
4977,10.95,0.14705,0.0287,14.4761,0.11835,0.27144,-0.962455,0
4978,10.9667,0.139517,0.0269,14.5887,0.112617,0.267238,-0.96363,0
4979,10.9833,0.146567,0.0292,14.7061,0.117367,0.263031,-0.964787,0
4980,11.0,0.151017,0.0262,14.8309,0.124817,0.258819,-0.965926,0
4981,11.0167,0.148717,0.0344,14.9452,0.114317,0.254602,-0.967046,0
4982,11.0333,0.14805,0.0235,15.0,0.12455,0.25038,-0.968148,0
4983,11.05,0.143783,0.0286,15.0,0.115183,0.246153,-0.969231,0
4984,11.0667,0.1505,0.0281,15.0,0.1224,0.241922,-0.970296,0
4985,11.0833,0.146483,0.032,15.0,0.114483,0.237686,-0.971342,0
4986,11.1,0.140717,0.0306,15.0,0.110117,0.233445,-0.97237,0
4987,11.1167,0.145117,0.0269,15.0,0.118217,0.2292,-0.973379,0
4988,11.1333,0.145267,0.0252,15.0,0.120067,0.224951,-0.97437,0
4989,11.15,0.147783,0.0285,15.0,0.119283,0.220697,-0.975342,0
4990,11.1667,0.14815,0.0316,15.0,0.11655,0.21644,-0.976296,0
4991,11.1833,0.146817,0.0285,15.0,0.118317,0.212178,-0.977231,0
4992,11.2,0.145317,0.0271,15.0,0.118217,0.207912,-0.978148,0
4993,11.2167,0.1481,0.0293,15.0,0.1188,0.203642,-0.979045,0
4994,11.2333,0.145067,0.0278,15.0,0.117267,0.199368,-0.979925,0
4995,11.25,0.147867,0.0304,15.0,0.117467,0.19509,-0.980785,0
4996,11.2667,0.14305,0.0307,15.0,0.11235,0.190809,-0.981627,0
4997,11.2833,0.146633,0.0318,15.0,0.114833,0.186524,-0.98245,0
4998,11.3,0.146283,0.03,15.0,0.116283,0.182236,-0.983255,0
4999,11.3167,0.14965,0.029,15.0,0.12065,0.177944,-0.984041,0
5000,11.3333,0.144367,0.0298,15.0,0.114567,0.173648,-0.984808,0
5001,11.35,0.149867,0.0298,15.0,0.120067,0.16935,-0.985556,0
5002,11.3667,0.145733,0.0284,15.0,0.117333,0.165048,-0.986286,0
5003,11.3833,0.150283,0.0288,15.0,0.121483,0.160743,-0.986996,0
5004,11.4,0.149467,0.0308,15.0,0.118667,0.156434,-0.987688,0
5005,11.4167,0.150167,0.0275,15.0,0.122667,0.152123,-0.988362,0
5006,11.4333,0.151467,0.0294,15.0,0.122067,0.147809,-0.989016,0
5007,11.45,0.148733,0.0253,15.0,0.123433,0.143493,-0.989651,0
5008,11.4667,0.147017,0.0258,15.0,0.121217,0.139173,-0.990268,0
5009,11.4833,0.1487,0.0324,15.0,0.1163,0.134851,-0.990866,0
5010,11.5,0.14695,0.028,15.0,0.11895,0.130526,-0.991445,0
5011,11.5167,0.14915,0.0272,15.0,0.12195,0.126199,-0.992005,0
5012,11.5333,0.148333,0.0275,15.0,0.120833,0.121869,-0.992546,0
5013,11.55,0.14835,0.0303,15.0,0.11805,0.117537,-0.993068,0
5014,11.5667,0.152217,0.0305,15.0,0.121717,0.113203,-0.993572,0
5015,11.5833,0.147167,0.0308,15.0,0.116367,0.108867,-0.994056,0
5016,11.6,0.149083,0.0275,15.0,0.121583,0.104528,-0.994522,0
5017,11.6167,0.151467,0.0298,15.0,0.121667,0.100188,-0.994969,0
5018,11.6333,0.149267,0.0258,15.0,0.123467,0.095846,-0.995396,0
5019,11.65,0.150817,0.03,15.0,0.120817,0.091502,-0.995805,0
5020,11.6667,0.150567,0.0287,15.0,0.121867,0.087156,-0.996195,0
5021,11.6833,0.148567,0.026,15.0,0.122567,0.082808,-0.996566,0
5022,11.7,0.1511,0.0282,15.0,0.1229,0.078459,-0.996917,0
5023,11.7167,0.151733,0.0272,15.0,0.124533,0.074108,-0.99725,0
5024,11.7333,0.148967,0.0273,15.0,0.121667,0.069756,-0.997564,0
5025,11.75,0.150717,0.0305,15.0,0.120217,0.065403,-0.997859,0
5026,11.7667,0.1453,0.0271,15.0,0.1182,0.061049,-0.998135,0
5027,11.7833,0.150867,0.0303,15.0,0.120567,0.056693,-0.998392,0
5028,11.8,0.14955,0.0294,15.0,0.12015,0.052336,-0.99863,0
5029,11.8167,0.146067,0.0297,15.0,0.116367,0.047978,-0.998848,0
5030,11.8333,0.152583,0.0263,15.0,0.126283,0.043619,-0.999048,0
5031,11.85,0.15015,0.0286,15.0,0.12155,0.03926,-0.999229,0
5032,11.8667,0.1526,0.0264,15.0,0.1262,0.034899,-0.999391,0
5033,11.8833,0.146667,0.0315,15.0,0.115167,0.030539,-0.999534,0
5034,11.9,0.149683,0.0265,15.0,0.123183,0.026177,-0.999657,0
5035,11.9167,0.153483,0.0313,15.0,0.122183,0.021815,-0.999762,0
5036,11.9333,0.151633,0.0283,15.0,0.123333,0.017452,-0.999848,0
5037,11.95,0.146767,0.0309,15.0,0.115867,0.01309,-0.999914,0
5038,11.9667,0.151,0.0281,15.0,0.1229,0.008727,-0.999962,0
5039,11.9833,0.147033,0.029,15.0,0.118033,0.004363,-0.99999,0
5040,12.0,0.151167,0.0276,15.0,0.123567,0.0,-1.0,0
5041,12.0167,0.14685,0.0269,15.0,0.11995,-0.004363,-0.99999,0
5042,12.0333,0.14815,0.0299,15.0,0.11825,-0.008727,-0.999962,0
5043,12.05,0.154017,0.0285,15.0,0.125517,-0.01309,-0.999914,0
5044,12.0667,0.147333,0.0274,15.0,0.119933,-0.017452,-0.999848,0
5045,12.0833,0.152767,0.0282,15.0,0.124567,-0.021815,-0.999762,0
5046,12.1,0.14435,0.0319,15.0,0.11245,-0.026177,-0.999657,0
5047,12.1167,0.146333,0.031,15.0,0.115333,-0.030539,-0.999534,0
5048,12.1333,0.144467,0.0286,15.0,0.115867,-0.034899,-0.999391,0
5049,12.15,0.146733,0.0316,15.0,0.115133,-0.03926,-0.999229,0
5050,12.1667,0.14895,0.0268,15.0,0.12215,-0.043619,-0.999048,0
5051,12.1833,0.14615,0.0284,15.0,0.11775,-0.047978,-0.998848,0
5052,12.2,0.1538,0.0255,15.0,0.1283,-0.052336,-0.99863,0
5053,12.2167,0.1505,0.0253,15.0,0.1252,-0.056693,-0.998392,0
5054,12.2333,0.1496,0.0293,15.0,0.1203,-0.061049,-0.998135,0
5055,12.25,0.148817,0.0284,15.0,0.120417,-0.065403,-0.997859,0
5056,12.2667,0.146733,0.0304,15.0,0.116333,-0.069756,-0.997564,0
5057,12.2833,0.147817,0.0325,15.0,0.115317,-0.074108,-0.99725,0
5058,12.3,0.146883,0.0289,15.0,0.117983,-0.078459,-0.996917,0
5059,12.3167,0.150217,0.0297,15.0,0.120517,-0.082808,-0.996566,0
5060,12.3333,0.149417,0.0267,15.0,0.122717,-0.087156,-0.996195,0
5061,12.35,0.15165,0.0286,15.0,0.12305,-0.091502,-0.995805,0
5062,12.3667,0.148833,0.0293,15.0,0.119533,-0.095846,-0.995396,0
5063,12.3833,0.148583,0.0296,15.0,0.118983,-0.100188,-0.994969,0
5064,12.4,0.149283,0.0284,15.0,0.120883,-0.104528,-0.994522,0
5065,12.4167,0.1526,0.0291,15.0,0.1235,-0.108867,-0.994056,0
5066,12.4333,0.15055,0.031,15.0,0.11955,-0.113203,-0.993572,0
5067,12.45,0.144183,0.0292,15.0,0.114983,-0.117537,-0.993068,0
5068,12.4667,0.15165,0.031,15.0,0.12065,-0.121869,-0.992546,0
5069,12.4833,0.146917,0.0289,15.0,0.118017,-0.126199,-0.992005,0
5070,12.5,0.148717,0.0292,15.0,0.119517,-0.130526,-0.991445,0
5071,12.5167,0.148533,0.0294,15.0,0.119133,-0.134851,-0.990866,0
5072,12.5333,0.148567,0.0273,15.0,0.121267,-0.139173,-0.990268,0
5073,12.55,0.14805,0.0297,15.0,0.11835,-0.143493,-0.989651,0
5074,12.5667,0.147267,0.0288,15.0,0.118467,-0.147809,-0.989016,0
5075,12.5833,0.150167,0.0329,15.0,0.117267,-0.152123,-0.988362,0
5076,12.6,0.150417,0.0337,15.0,0.116717,-0.156434,-0.987688,0
5077,12.6167,0.145633,0.0304,15.0,0.115233,-0.160743,-0.986996,0
5078,12.6333,0.147883,0.0281,15.0,0.119783,-0.165048,-0.986286,0
5079,12.65,0.146867,0.0299,15.0,0.116967,-0.16935,-0.985556,0
5080,12.6667,0.149733,0.0297,15.0,0.120033,-0.173648,-0.984808,0
5081,12.6833,0.152583,0.0285,15.0,0.124083,-0.177944,-0.984041,0
5082,12.7,0.14615,0.0295,15.0,0.11665,-0.182236,-0.983255,0
5083,12.7167,0.14465,0.0286,15.0,0.11605,-0.186524,-0.98245,0
5084,12.7333,0.14655,0.0277,15.0,0.11885,-0.190809,-0.981627,0
5085,12.75,0.146317,0.0295,15.0,0.116817,-0.19509,-0.980785,0
5086,12.7667,0.14425,0.0309,15.0,0.11335,-0.199368,-0.979925,0
5087,12.7833,0.147783,0.031,15.0,0.116783,-0.203642,-0.979045,0
5088,12.8,0.1408,0.0298,15.0,0.111,-0.207912,-0.978148,0
5089,12.8167,0.146117,0.0287,15.0,0.117417,-0.212178,-0.977231,0
5090,12.8333,0.146833,0.0268,15.0,0.120033,-0.21644,-0.976296,0
5091,12.85,0.140683,0.0252,15.0,0.115483,-0.220697,-0.975342,0
5092,12.8667,0.14585,0.0301,15.0,0.11575,-0.224951,-0.97437,0
5093,12.8833,0.1489,0.0287,15.0,0.1202,-0.2292,-0.973379,0
5094,12.9,0.14405,0.0317,15.0,0.11235,-0.233445,-0.97237,0
5095,12.9167,0.142133,0.0289,15.0,0.113233,-0.237686,-0.971342,0
5096,12.9333,0.14635,0.0262,15.0,0.12015,-0.241922,-0.970296,0
5097,12.95,0.141933,0.0348,15.0,0.107133,-0.246153,-0.969231,0
5098,12.9667,0.148367,0.0296,15.0,0.118767,-0.25038,-0.968148,0
5099,12.9833,0.146317,0.0286,15.0,0.117717,-0.254602,-0.967046,0
5100,13.0,0.146167,0.0302,15.0,0.115967,-0.258819,-0.965926,0
5101,13.0167,0.144317,0.0314,15.0,0.112917,-0.263031,-0.964787,0
5102,13.0333,0.143,0.0299,15.0,0.1131,-0.267238,-0.96363,0
5103,13.05,0.14145,0.0303,15.0,0.11115,-0.27144,-0.962455,0
5104,13.0667,0.144617,0.0255,15.0,0.119117,-0.275637,-0.961262,0
5105,13.0833,0.145583,0.0257,15.0,0.119883,-0.279829,-0.96005,0
5106,13.1,0.144517,0.0239,15.0,0.120617,-0.284015,-0.95882,0
5107,13.1167,0.141933,0.0277,15.0,0.114233,-0.288196,-0.957571,0
5108,13.1333,0.14625,0.0309,15.0,0.11535,-0.292372,-0.956305,0
5109,13.15,0.143217,0.0316,15.0,0.111617,-0.296542,-0.95502,0
5110,13.1667,0.143467,0.0289,15.0,0.114567,-0.300706,-0.953717,0
5111,13.1833,0.143083,0.0255,15.0,0.117583,-0.304864,-0.952396,0
5112,13.2,0.142667,0.0259,15.0,0.116767,-0.309017,-0.951057,0
5113,13.2167,0.141867,0.0245,15.0,0.117367,-0.313164,-0.949699,0
5114,13.2333,0.141667,0.0256,15.0,0.116067,-0.317305,-0.948324,0
5115,13.25,0.142167,0.0268,15.0,0.115367,-0.321439,-0.94693,0
5116,13.2667,0.142367,0.0259,15.0,0.116467,-0.325568,-0.945519,0
5117,13.2833,0.139717,0.0274,15.0,0.112317,-0.329691,-0.944089,0
5118,13.3,0.142867,0.0284,15.0,0.114467,-0.333807,-0.942641,0
5119,13.3167,0.139217,0.0294,15.0,0.109817,-0.337917,-0.941176,0
5120,13.3333,0.139017,0.0279,15.0,0.111117,-0.34202,-0.939693,0
5121,13.35,0.140633,0.0226,15.0,0.118033,-0.346117,-0.938191,0
5122,13.3667,0.136817,0.0294,15.0,0.107417,-0.350207,-0.936672,0
5123,13.3833,0.13615,0.0273,15.0,0.10885,-0.354291,-0.935135,0
5124,13.4,0.142767,0.0259,15.0,0.116867,-0.358368,-0.93358,0
5125,13.4167,0.138517,0.0296,15.0,0.108917,-0.362438,-0.932008,0
5126,13.4333,0.1389,0.0278,15.0,0.1111,-0.366501,-0.930418,0
5127,13.45,0.135417,0.0302,15.0,0.105217,-0.370557,-0.92881,0
5128,13.4667,0.136533,0.0265,15.0,0.110033,-0.374607,-0.927184,0
5129,13.4833,0.13685,0.0291,15.0,0.10775,-0.378649,-0.925541,0
5130,13.5,0.138817,0.0296,15.0,0.109217,-0.382683,-0.92388,0
5131,13.5167,0.135367,0.0282,15.0,0.107167,-0.386711,-0.922201,0
5132,13.5333,0.133967,0.0289,15.0,0.105067,-0.390731,-0.920505,0
5133,13.55,0.140933,0.0284,15.0,0.112533,-0.394744,-0.918791,0
5134,13.5667,0.1343,0.0309,15.0,0.1034,-0.398749,-0.91706,0
5135,13.5833,0.140333,0.029,15.0,0.111333,-0.402747,-0.915311,0
5136,13.6,0.138467,0.0269,15.0,0.111567,-0.406737,-0.913545,0
5137,13.6167,0.140233,0.0259,15.0,0.114333,-0.410719,-0.911762,0
5138,13.6333,0.134233,0.0289,15.0,0.105333,-0.414693,-0.909961,0
5139,13.65,0.131467,0.0305,15.0,0.100967,-0.41866,-0.908143,0
5140,13.6667,0.135517,0.0281,15.0,0.107417,-0.422618,-0.906308,0
5141,13.6833,0.1337,0.0323,15.0,0.1014,-0.426569,-0.904455,0
5142,13.7,0.135783,0.0316,15.0,0.104183,-0.430511,-0.902585,0
5143,13.7167,0.134033,0.0303,15.0,0.103733,-0.434445,-0.900698,0
5144,13.7333,0.12905,0.0304,15.0,0.09865,-0.438371,-0.898794,0
5145,13.75,0.129017,0.0255,15.0,0.103517,-0.442289,-0.896873,0
5146,13.7667,0.137517,0.0285,15.0,0.109017,-0.446198,-0.894934,0
5147,13.7833,0.1315,0.0271,15.0,0.1044,-0.450098,-0.892979,0
5148,13.8,0.135433,0.0295,15.0,0.105933,-0.45399,-0.891007,0
5149,13.8167,0.135183,0.0294,15.0,0.105783,-0.457874,-0.889017,0
5150,13.8333,0.13095,0.0252,15.0,0.10575,-0.461749,-0.887011,0
5151,13.85,0.129017,0.0289,15.0,0.100117,-0.465615,-0.884988,0
5152,13.8667,0.1297,0.0307,15.0,0.099,-0.469472,-0.882948,0
5153,13.8833,0.129283,0.0259,15.0,0.103383,-0.47332,-0.880891,0
5154,13.9,0.129117,0.0271,15.0,0.102017,-0.477159,-0.878817,0
5155,13.9167,0.133633,0.0336,15.0,0.100033,-0.480989,-0.876727,0
5156,13.9333,0.134917,0.0302,15.0,0.104717,-0.48481,-0.87462,0
5157,13.95,0.125933,0.027,15.0,0.098933,-0.488621,-0.872496,0
5158,13.9667,0.1304,0.0296,15.0,0.1008,-0.492424,-0.870356,0
5159,13.9833,0.127283,0.0304,15.0,0.096883,-0.496217,-0.868199,0
5160,14.0,0.127933,0.0285,15.0,0.099433,-0.5,-0.866025,0
5161,14.0167,0.128217,0.029,15.0,0.099217,-0.503774,-0.863836,0
5162,14.0333,0.130133,0.0322,15.0,0.097933,-0.507538,-0.861629,0
5163,14.05,0.12695,0.0305,15.0,0.09645,-0.511293,-0.859406,0
5164,14.0667,0.131567,0.0256,15.0,0.105967,-0.515038,-0.857167,0
5165,14.0833,0.128267,0.0295,15.0,0.098767,-0.518773,-0.854912,0
5166,14.1,0.128583,0.0265,15.0,0.102083,-0.522499,-0.85264,0
5167,14.1167,0.125883,0.0294,15.0,0.096483,-0.526214,-0.850352,0
5168,14.1333,0.1256,0.0272,15.0,0.0984,-0.529919,-0.848048,0
5169,14.15,0.1264,0.0272,15.0,0.0992,-0.533615,-0.845728,0
5170,14.1667,0.124033,0.0322,15.0,0.091833,-0.5373,-0.843391,0
5171,14.1833,0.125317,0.0295,15.0,0.095817,-0.540974,-0.841039,0
5172,14.2,0.12775,0.0308,15.0,0.09695,-0.544639,-0.838671,0
5173,14.2167,0.123783,0.0293,15.0,0.094483,-0.548293,-0.836286,0
5174,14.2333,0.129667,0.0292,15.0,0.100467,-0.551937,-0.833886,0
5175,14.25,0.123917,0.0293,15.0,0.094617,-0.55557,-0.83147,0
5176,14.2667,0.1222,0.0292,15.0,0.093,-0.559193,-0.829038,0
5177,14.2833,0.1218,0.028,15.0,0.0938,-0.562805,-0.82659,0
5178,14.3,0.123667,0.0341,15.0,0.089567,-0.566406,-0.824126,0
5179,14.3167,0.123183,0.0297,15.0,0.093483,-0.569997,-0.821647,0
5180,14.3333,0.123583,0.025,15.0,0.098583,-0.573576,-0.819152,0
5181,14.35,0.124717,0.0301,15.0,0.094617,-0.577145,-0.816642,0
5182,14.3667,0.119483,0.0303,15.0,0.089183,-0.580703,-0.814116,0
5183,14.3833,0.12475,0.0258,15.0,0.09895,-0.58425,-0.811574,0
5184,14.4,0.121183,0.0276,15.0,0.093583,-0.587785,-0.809017,0
5185,14.4167,0.117067,0.0302,15.0,0.086867,-0.59131,-0.806445,0
5186,14.4333,0.120283,0.0303,15.0,0.089983,-0.594823,-0.803857,0
5187,14.45,0.123883,0.0269,15.0,0.096983,-0.598325,-0.801254,0
5188,14.4667,0.118333,0.0299,15.0,0.088433,-0.601815,-0.798636,0
5189,14.4833,0.117467,0.0328,15.0,0.084667,-0.605294,-0.796002,0
5190,14.5,0.119333,0.0297,15.0,0.089633,-0.608761,-0.793353,0
5191,14.5167,0.1202,0.0271,15.0,0.0931,-0.612217,-0.79069,0
5192,14.5333,0.115817,0.0275,15.0,0.088317,-0.615661,-0.788011,0
5193,14.55,0.119,0.0275,15.0,0.0915,-0.619094,-0.785317,0
5194,14.5667,0.117817,0.0282,15.0,0.089617,-0.622515,-0.782608,0
5195,14.5833,0.11975,0.0304,15.0,0.08935,-0.625923,-0.779884,0
5196,14.6,0.11445,0.028,15.0,0.08645,-0.62932,-0.777146,0
5197,14.6167,0.121317,0.0299,15.0,0.091417,-0.632705,-0.774393,0
5198,14.6333,0.116983,0.024,15.0,0.092983,-0.636078,-0.771625,0
5199,14.65,0.118683,0.0285,15.0,0.090183,-0.639439,-0.768842,0
5200,14.6667,0.115917,0.0302,15.0,0.085717,-0.642788,-0.766044,0
5201,14.6833,0.1196,0.0265,15.0,0.0931,-0.646124,-0.763232,0
5202,14.7,0.10735,0.0269,15.0,0.08045,-0.649448,-0.760406,0
5203,14.7167,0.1161,0.0281,15.0,0.088,-0.65276,-0.757565,0
5204,14.7333,0.111867,0.03,15.0,0.081867,-0.656059,-0.75471,0
5205,14.75,0.110167,0.0302,15.0,0.079967,-0.659346,-0.75184,0
5206,14.7667,0.107583,0.028,15.0,0.079583,-0.66262,-0.748956,0
5207,14.7833,0.1142,0.0304,15.0,0.0838,-0.665882,-0.746057,0
5208,14.8,0.112217,0.0257,15.0,0.086517,-0.669131,-0.743145,0
5209,14.8167,0.1099,0.027,15.0,0.0829,-0.672367,-0.740218,0
5210,14.8333,0.113617,0.0299,15.0,0.083717,-0.67559,-0.737277,0
5211,14.85,0.109067,0.0285,15.0,0.080567,-0.678801,-0.734323,0
5212,14.8667,0.111867,0.0268,15.0,0.085067,-0.681998,-0.731354,0
5213,14.8833,0.111467,0.03,15.0,0.081467,-0.685183,-0.728371,0
5214,14.9,0.109517,0.0279,15.0,0.081617,-0.688355,-0.725374,0
5215,14.9167,0.109383,0.03,15.0,0.079383,-0.691513,-0.722364,0
5216,14.9333,0.104167,0.0256,15.0,0.078567,-0.694658,-0.71934,0
5217,14.95,0.106567,0.0256,15.0,0.080967,-0.69779,-0.716302,0
5218,14.9667,0.104917,0.0279,15.0,0.077017,-0.700909,-0.71325,0
5219,14.9833,0.10145,0.0307,15.0,0.07075,-0.704015,-0.710185,0
5220,15.0,0.104233,0.0301,15.0,0.074133,-0.707107,-0.707107,0
5221,15.0167,0.1008,0.029,15.0,0.0718,-0.710185,-0.704015,0
5222,15.0333,0.106633,0.034,15.0,0.072633,-0.71325,-0.700909,0
5223,15.05,0.101883,0.0303,15.0,0.071583,-0.716302,-0.69779,0
5224,15.0667,0.107267,0.0315,15.0,0.075767,-0.71934,-0.694658,0
5225,15.0833,0.1041,0.0258,15.0,0.0783,-0.722364,-0.691513,0
5226,15.1,0.101867,0.0308,15.0,0.071067,-0.725374,-0.688355,0
5227,15.1167,0.1011,0.028,15.0,0.0731,-0.728371,-0.685183,0
5228,15.1333,0.10155,0.0253,15.0,0.07625,-0.731354,-0.681998,0
5229,15.15,0.101267,0.0269,15.0,0.074367,-0.734323,-0.678801,0
5230,15.1667,0.102183,0.0324,15.0,0.069783,-0.737277,-0.67559,0
5231,15.1833,0.095983,0.0259,15.0,0.070083,-0.740218,-0.672367,0
5232,15.2,0.10385,0.0299,15.0,0.07395,-0.743145,-0.669131,0
5233,15.2167,0.098667,0.0298,15.0,0.068867,-0.746057,-0.665882,0
5234,15.2333,0.105567,0.0317,15.0,0.073867,-0.748956,-0.66262,0
5235,15.25,0.098517,0.0295,15.0,0.069017,-0.75184,-0.659346,0
5236,15.2667,0.1046,0.0271,15.0,0.0775,-0.75471,-0.656059,0
5237,15.2833,0.09955,0.0289,15.0,0.07065,-0.757565,-0.65276,0
5238,15.3,0.099817,0.0279,15.0,0.071917,-0.760406,-0.649448,0
5239,15.3167,0.091133,0.0298,15.0,0.061333,-0.763232,-0.646124,0
5240,15.3333,0.0953,0.0299,15.0,0.0654,-0.766044,-0.642788,0
5241,15.35,0.098067,0.0259,15.0,0.072167,-0.768842,-0.639439,0
5242,15.3667,0.093933,0.0261,15.0,0.067833,-0.771625,-0.636078,0
5243,15.3833,0.097333,0.0259,15.0,0.071433,-0.774393,-0.632705,0
5244,15.4,0.095567,0.0296,15.0,0.065967,-0.777146,-0.62932,0
5245,15.4167,0.090333,0.0267,15.0,0.063633,-0.779884,-0.625923,0
5246,15.4333,0.091417,0.0309,15.0,0.060517,-0.782608,-0.622515,0
5247,15.45,0.088983,0.032,15.0,0.056983,-0.785317,-0.619094,0
5248,15.4667,0.09205,0.0276,15.0,0.06445,-0.788011,-0.615661,0
5249,15.4833,0.097633,0.0287,15.0,0.068933,-0.79069,-0.612217,0
5250,15.5,0.09175,0.0267,15.0,0.06505,-0.793353,-0.608761,0
5251,15.5167,0.0897,0.0286,15.0,0.0611,-0.796002,-0.605294,0
5252,15.5333,0.092083,0.0271,15.0,0.064983,-0.798636,-0.601815,0
5253,15.55,0.092767,0.0307,15.0,0.062067,-0.801254,-0.598325,0
5254,15.5667,0.091067,0.0277,15.0,0.063367,-0.803857,-0.594823,0
5255,15.5833,0.086133,0.0268,15.0,0.059333,-0.806445,-0.59131,0
5256,15.6,0.08875,0.0294,15.0,0.05935,-0.809017,-0.587785,0
5257,15.6167,0.08635,0.0249,15.0,0.06145,-0.811574,-0.58425,0
5258,15.6333,0.08575,0.0323,15.0,0.05345,-0.814116,-0.580703,0
5259,15.65,0.087417,0.0316,15.0,0.055817,-0.816642,-0.577145,0
5260,15.6667,0.0907,0.0272,15.0,0.0635,-0.819152,-0.573576,0
5261,15.6833,0.08475,0.032,15.0,0.05275,-0.821647,-0.569997,0
5262,15.7,0.08515,0.0298,15.0,0.05535,-0.824126,-0.566406,0
5263,15.7167,0.08495,0.0281,15.0,0.05685,-0.82659,-0.562805,0
5264,15.7333,0.08375,0.0271,15.0,0.05665,-0.829038,-0.559193,0
5265,15.75,0.085083,0.026,15.0,0.059083,-0.83147,-0.55557,0
5266,15.7667,0.083467,0.0266,15.0,0.056867,-0.833886,-0.551937,0
5267,15.7833,0.0804,0.031,15.0,0.0494,-0.836286,-0.548293,0
5268,15.8,0.080733,0.0306,15.0,0.050133,-0.838671,-0.544639,0
5269,15.8167,0.086733,0.0298,15.0,0.056933,-0.841039,-0.540974,0
5270,15.8333,0.0834,0.029,15.0,0.0544,-0.843391,-0.5373,0
5271,15.85,0.078983,0.0295,15.0,0.049483,-0.845728,-0.533615,0
5272,15.8667,0.077433,0.0271,15.0,0.050333,-0.848048,-0.529919,0
5273,15.8833,0.072267,0.0266,15.0,0.045667,-0.850352,-0.526214,0
5274,15.9,0.0796,0.0284,15.0,0.0512,-0.85264,-0.522499,0
5275,15.9167,0.076317,0.0298,15.0,0.046517,-0.854912,-0.518773,0
5276,15.9333,0.07895,0.0274,15.0,0.05155,-0.857167,-0.515038,0
5277,15.95,0.071767,0.0317,15.0,0.040067,-0.859406,-0.511293,0
5278,15.9667,0.074633,0.0283,15.0,0.046333,-0.861629,-0.507538,0
5279,15.9833,0.0747,0.0276,15.0,0.0471,-0.863836,-0.503774,0
5280,16.0,0.075017,0.0304,15.0,0.044617,-0.866025,-0.5,0
5281,16.0167,0.076433,0.0241,15.0,0.052333,-0.868199,-0.496217,0
5282,16.0333,0.07375,0.0352,15.0,0.03855,-0.870356,-0.492424,0
5283,16.05,0.071367,0.0294,15.0,0.041967,-0.872496,-0.488621,0
5284,16.0667,0.071283,0.0284,15.0,0.042883,-0.87462,-0.48481,0
5285,16.0833,0.072833,0.0265,15.0,0.046333,-0.876727,-0.480989,0
5286,16.1,0.0639,0.0301,15.0,0.0338,-0.878817,-0.477159,0
5287,16.1167,0.067667,0.0306,15.0,0.037067,-0.880891,-0.47332,0
5288,16.1333,0.071433,0.0289,15.0,0.042533,-0.882948,-0.469472,0
5289,16.15,0.0721,0.0298,15.0,0.0423,-0.884988,-0.465615,0
5290,16.1667,0.074217,0.027,15.0,0.047217,-0.887011,-0.461749,0
5291,16.1833,0.0703,0.0296,15.0,0.0407,-0.889017,-0.457874,0
5292,16.2,0.06645,0.029,15.0,0.03745,-0.891007,-0.45399,0
5293,16.2167,0.0669,0.0267,15.0,0.0402,-0.892979,-0.450098,0
5294,16.2333,0.062783,0.0304,15.0,0.032383,-0.894934,-0.446198,0
5295,16.25,0.06695,0.0352,15.0,0.03175,-0.896873,-0.442289,0
5296,16.2667,0.065683,0.0287,15.0,0.036983,-0.898794,-0.438371,0
5297,16.2833,0.0627,0.0261,15.0,0.0366,-0.900698,-0.434445,0
5298,16.3,0.064467,0.0293,15.0,0.035167,-0.902585,-0.430511,0
5299,16.3167,0.065917,0.0285,15.0,0.037417,-0.904455,-0.426569,0
5300,16.3333,0.064367,0.0266,15.0,0.037767,-0.906308,-0.422618,0
5301,16.35,0.06265,0.0302,15.0,0.03245,-0.908143,-0.41866,0
5302,16.3667,0.06775,0.0307,15.0,0.03705,-0.909961,-0.414693,0
5303,16.3833,0.06455,0.0277,15.0,0.03685,-0.911762,-0.410719,0
5304,16.4,0.06015,0.0321,15.0,0.02805,-0.913545,-0.406737,0
5305,16.4167,0.062767,0.0299,15.0,0.032867,-0.915311,-0.402747,0
5306,16.4333,0.059217,0.0315,15.0,0.027717,-0.91706,-0.398749,0
5307,16.45,0.056417,0.0283,15.0,0.028117,-0.918791,-0.394744,0
5308,16.4667,0.057283,0.0298,15.0,0.027483,-0.920505,-0.390731,0
5309,16.4833,0.0598,0.0289,15.0,0.0309,-0.922201,-0.386711,0
5310,16.5,0.052883,0.0294,15.0,0.023483,-0.92388,-0.382683,0
5311,16.5167,0.056117,0.03,15.0,0.026117,-0.925541,-0.378649,0
5312,16.5333,0.061033,0.0288,15.0,0.032233,-0.927184,-0.374607,0
5313,16.55,0.055217,0.0295,15.0,0.025717,-0.92881,-0.370557,0
5314,16.5667,0.05955,0.0283,15.0,0.03125,-0.930418,-0.366501,0
5315,16.5833,0.0567,0.0291,15.0,0.0276,-0.932008,-0.362438,0
5316,16.6,0.050117,0.0303,15.0,0.019817,-0.93358,-0.358368,0
5317,16.6167,0.05335,0.0293,15.0,0.02405,-0.935135,-0.354291,0
5318,16.6333,0.051583,0.0313,15.0,0.020283,-0.936672,-0.350207,0
5319,16.65,0.052233,0.0304,15.0,0.021833,-0.938191,-0.346117,0
5320,16.6667,0.049183,0.0289,15.0,0.020283,-0.939693,-0.34202,0
5321,16.6833,0.0477,0.0261,15.0,0.0216,-0.941176,-0.337917,0
5322,16.7,0.054567,0.0318,15.0,0.022767,-0.942641,-0.333807,0
5323,16.7167,0.047433,0.0293,15.0,0.018133,-0.944089,-0.329691,0
5324,16.7333,0.047333,0.0315,15.0,0.015833,-0.945519,-0.325568,0
5325,16.75,0.047017,0.0278,15.0,0.019217,-0.94693,-0.321439,0
5326,16.7667,0.045283,0.0307,15.0,0.014583,-0.948324,-0.317305,0
5327,16.7833,0.047917,0.0279,15.0,0.020017,-0.949699,-0.313164,0
5328,16.8,0.0464,0.028,15.0,0.0184,-0.951057,-0.309017,0
5329,16.8167,0.041033,0.0278,15.0,0.013233,-0.952396,-0.304864,0
5330,16.8333,0.04525,0.0301,15.0,0.01515,-0.953717,-0.300706,0
5331,16.85,0.04715,0.0335,15.0,0.01365,-0.95502,-0.296542,0
5332,16.8667,0.044533,0.0273,15.0,0.017233,-0.956305,-0.292372,0
5333,16.8833,0.045067,0.0239,15.0,0.021167,-0.957571,-0.288196,0
5334,16.9,0.04275,0.0275,15.0,0.01525,-0.95882,-0.284015,0
5335,16.9167,0.039783,0.031,15.0,0.008783,-0.96005,-0.279829,0
5336,16.9333,0.046117,0.0283,15.0,0.017817,-0.961262,-0.275637,0
5337,16.95,0.038083,0.0278,15.0,0.010283,-0.962455,-0.27144,0
5338,16.9667,0.038533,0.031,15.0,0.007533,-0.96363,-0.267238,0
5339,16.9833,0.0444,0.0268,15.0,0.0176,-0.964787,-0.263031,0
5340,17.0,0.037867,0.0277,15.0,0.010167,-0.965926,-0.258819,0
5341,17.0167,0.037967,0.0274,15.0,0.010567,-0.967046,-0.254602,0
5342,17.0333,0.035233,0.0293,15.0,0.005933,-0.968148,-0.25038,0
5343,17.05,0.03695,0.0296,15.0,0.00735,-0.969231,-0.246153,0
5344,17.0667,0.038383,0.0305,15.0,0.007883,-0.970296,-0.241922,0
5345,17.0833,0.033417,0.032,15.0,0.001417,-0.971342,-0.237686,0
5346,17.1,0.036867,0.0248,15.0,0.012067,-0.97237,-0.233445,0
5347,17.1167,0.033933,0.0265,15.0,0.007433,-0.973379,-0.2292,0
5348,17.1333,0.033517,0.0279,15.0,0.005617,-0.97437,-0.224951,0
5349,17.15,0.033633,0.0313,15.0,0.002333,-0.975342,-0.220697,0
5350,17.1667,0.03515,0.0291,15.0,0.00605,-0.976296,-0.21644,0
5351,17.1833,0.02845,0.0274,15.0,0.00105,-0.977231,-0.212178,0
5352,17.2,0.0353,0.0297,15.0,0.0056,-0.978148,-0.207912,0
5353,17.2167,0.026917,0.028,14.9989,-0.001083,-0.979045,-0.203642,0
5354,17.2333,0.029583,0.0248,15.0,0.004783,-0.979925,-0.199368,0
5355,17.25,0.0245,0.0314,14.9931,-0.0069,-0.980785,-0.19509,0
5356,17.2667,0.020683,0.0268,14.987,-0.006117,-0.981627,-0.190809,0
5357,17.2833,0.02765,0.0288,14.9858,-0.00115,-0.98245,-0.186524,0
5358,17.3,0.027067,0.0298,14.9831,-0.002733,-0.983255,-0.182236,0
5359,17.3167,0.02615,0.0298,14.9794,-0.00365,-0.984041,-0.177944,0
5360,17.3333,0.028633,0.0275,14.9805,0.001133,-0.984808,-0.173648,0
5361,17.35,0.0249,0.0286,14.9768,-0.0037,-0.985556,-0.16935,0
5362,17.3667,0.02195,0.0308,14.968,-0.00885,-0.986286,-0.165048,0
5363,17.3833,0.0259,0.0285,14.9654,-0.0026,-0.986996,-0.160743,0
5364,17.4,0.019167,0.0314,14.9532,-0.012233,-0.987688,-0.156434,0
5365,17.4167,0.0279,0.0302,14.9509,-0.0023,-0.988362,-0.152123,0
5366,17.4333,0.020183,0.0273,14.9438,-0.007117,-0.989016,-0.147809,0
5367,17.45,0.024817,0.0311,14.9375,-0.006283,-0.989651,-0.143493,0
5368,17.4667,0.0203,0.0305,14.9273,-0.0102,-0.990268,-0.139173,0
5369,17.4833,0.02105,0.0292,14.9192,-0.00815,-0.990866,-0.134851,0
5370,17.5,0.021367,0.0261,14.9145,-0.004733,-0.991445,-0.130526,0
5371,17.5167,0.022333,0.0291,14.9077,-0.006767,-0.992005,-0.126199,0
5372,17.5333,0.018783,0.0306,14.8959,-0.011817,-0.992546,-0.121869,0
5373,17.55,0.01225,0.0243,14.8838,-0.01205,-0.993068,-0.117537,0
5374,17.5667,0.017733,0.0297,14.8718,-0.011967,-0.993572,-0.113203,0
5375,17.5833,0.016467,0.0288,14.8595,-0.012333,-0.994056,-0.108867,0
5376,17.6,0.016217,0.0302,14.8455,-0.013983,-0.994522,-0.104528,0
5377,17.6167,0.01285,0.0302,14.8281,-0.01735,-0.994969,-0.100188,0
5378,17.6333,0.01535,0.0326,14.8108,-0.01725,-0.995396,-0.095846,0
5379,17.65,0.013317,0.0286,14.7955,-0.015283,-0.995805,-0.091502,0
5380,17.6667,0.01335,0.0285,14.7804,-0.01515,-0.996195,-0.087156,0
5381,17.6833,0.015933,0.0279,14.7684,-0.011967,-0.996566,-0.082808,0
5382,17.7,0.0121,0.0274,14.7531,-0.0153,-0.996917,-0.078459,0
5383,17.7167,0.0105,0.0289,14.7347,-0.0184,-0.99725,-0.074108,0
5384,17.7333,0.006183,0.0276,14.7133,-0.021417,-0.997564,-0.069756,0
5385,17.75,0.00985,0.0286,14.6945,-0.01875,-0.997859,-0.065403,0
5386,17.7667,0.006767,0.028,14.6733,-0.021233,-0.998135,-0.061049,0
5387,17.7833,0.012883,0.029,14.6572,-0.016117,-0.998392,-0.056693,0
5388,17.8,0.00825,0.029,14.6364,-0.02075,-0.99863,-0.052336,0
5389,17.8167,0.005983,0.032,14.6104,-0.026017,-0.998848,-0.047978,0
5390,17.8333,0.0055,0.0254,14.5905,-0.0199,-0.999048,-0.043619,0
5391,17.85,0.003983,0.029,14.5655,-0.025017,-0.999229,-0.03926,0
5392,17.8667,0.009467,0.0294,14.5456,-0.019933,-0.999391,-0.034899,0
5393,17.8833,0.006317,0.0277,14.5242,-0.021383,-0.999534,-0.030539,0
5394,17.9,0.003767,0.0321,14.4959,-0.028333,-0.999657,-0.026177,0
5395,17.9167,0.00225,0.0259,14.4723,-0.02365,-0.999762,-0.021815,0
5396,17.9333,0.00155,0.0295,14.4444,-0.02795,-0.999848,-0.017452,0
5397,17.95,0.0028,0.0307,14.4165,-0.0279,-0.999914,-0.01309,0
5398,17.9667,0.001067,0.027,14.3906,-0.025933,-0.999962,-0.008727,0
5399,17.9833,0.0,0.0306,14.36,-0.0306,-0.99999,-0.004363,0
5400,18.0,0.003533,0.064,14.2995,-0.060467,-1.0,-0.0,0
5401,18.0167,0.0,0.0684,14.2311,-0.0684,-0.99999,0.004363,0
5402,18.0333,0.0,0.0661,14.165,-0.0661,-0.999962,0.008727,0
5403,18.05,0.0,0.0639,14.1011,-0.0639,-0.999914,0.01309,0
5404,18.0667,0.0,0.0631,14.038,-0.0631,-0.999848,0.017452,0
5405,18.0833,0.0,0.0668,13.9712,-0.0668,-0.999762,0.021815,0
5406,18.1,0.0,0.0634,13.9078,-0.0634,-0.999657,0.026177,0
5407,18.1167,0.0,0.0625,13.8453,-0.0625,-0.999534,0.030539,0
5408,18.1333,0.0,0.0667,13.7786,-0.0667,-0.999391,0.034899,0
5409,18.15,0.0,0.0636,13.715,-0.0636,-0.999229,0.03926,0
5410,18.1667,0.0,0.0666,13.6484,-0.0666,-0.999048,0.043619,0
5411,18.1833,0.0,0.0669,13.5815,-0.0669,-0.998848,0.047978,0
5412,18.2,0.0,0.065,13.5165,-0.065,-0.99863,0.052336,0
5413,18.2167,0.0,0.0655,13.451,-0.0655,-0.998392,0.056693,0
5414,18.2333,0.0,0.0624,13.3886,-0.0624,-0.998135,0.061049,0
5415,18.25,0.0,0.0675,13.3211,-0.0675,-0.997859,0.065403,0
5416,18.2667,0.0,0.0645,13.2566,-0.0645,-0.997564,0.069756,0
5417,18.2833,0.0,0.0677,13.1889,-0.0677,-0.99725,0.074108,0
5418,18.3,0.0,0.0672,13.1217,-0.0672,-0.996917,0.078459,0
5419,18.3167,0.0,0.0642,13.0575,-0.0642,-0.996566,0.082808,0
5420,18.3333,0.0,0.0631,12.9944,-0.0631,-0.996195,0.087156,0
5421,18.35,0.0,0.0625,12.9319,-0.0625,-0.995805,0.091502,0
5422,18.3667,0.0,0.0695,12.8624,-0.0695,-0.995396,0.095846,0
5423,18.3833,0.0,0.064,12.7984,-0.064,-0.994969,0.100188,0
5424,18.4,0.0,0.0665,12.7319,-0.0665,-0.994522,0.104528,0
5425,18.4167,0.0,0.0648,12.6671,-0.0648,-0.994056,0.108867,0
5426,18.4333,0.0,0.0691,12.598,-0.0691,-0.993572,0.113203,0
5427,18.45,0.0,0.064,12.534,-0.064,-0.993068,0.117537,0
5428,18.4667,0.0,0.0628,12.4712,-0.0628,-0.992546,0.121869,0
5429,18.4833,0.0,0.0646,12.4066,-0.0646,-0.992005,0.126199,0
5430,18.5,0.0,0.0627,12.3439,-0.0627,-0.991445,0.130526,0
5431,18.5167,0.0,0.0651,12.2788,-0.0651,-0.990866,0.134851,0
5432,18.5333,0.0,0.0671,12.2117,-0.0671,-0.990268,0.139173,0
5433,18.55,0.0,0.0632,12.1485,-0.0632,-0.989651,0.143493,0
5434,18.5667,0.0,0.0638,12.0847,-0.0638,-0.989016,0.147809,0
5435,18.5833,0.0,0.0657,12.019,-0.0657,-0.988362,0.152123,0
5436,18.6,0.0,0.0609,11.9581,-0.0609,-0.987688,0.156434,0
5437,18.6167,0.0,0.0648,11.8933,-0.0648,-0.986996,0.160743,0
5438,18.6333,0.0,0.0644,11.8289,-0.0644,-0.986286,0.165048,0
5439,18.65,0.0,0.0648,11.7641,-0.0648,-0.985556,0.16935,0
5440,18.6667,0.0,0.0624,11.7017,-0.0624,-0.984808,0.173648,0
5441,18.6833,0.0,0.0674,11.6343,-0.0674,-0.984041,0.177944,0
5442,18.7,0.0,0.0624,11.5719,-0.0624,-0.983255,0.182236,0
5443,18.7167,0.0,0.0645,11.5074,-0.0645,-0.98245,0.186524,0
5444,18.7333,0.0,0.0606,11.4468,-0.0606,-0.981627,0.190809,0
5445,18.75,0.0,0.064,11.3828,-0.064,-0.980785,0.19509,0
5446,18.7667,0.0,0.0613,11.3215,-0.0613,-0.979925,0.199368,0
5447,18.7833,0.0,0.0663,11.2552,-0.0663,-0.979045,0.203642,0
5448,18.8,0.0,0.0641,11.1911,-0.0641,-0.978148,0.207912,0
5449,18.8167,0.0,0.0649,11.1262,-0.0649,-0.977231,0.212178,0
5450,18.8333,0.0,0.065,11.0612,-0.065,-0.976296,0.21644,0
5451,18.85,0.0,0.065,10.9962,-0.065,-0.975342,0.220697,0
5452,18.8667,0.0,0.0657,10.9305,-0.0657,-0.97437,0.224951,0
5453,18.8833,0.0,0.0658,10.8647,-0.0658,-0.973379,0.2292,0
5454,18.9,0.0,0.0627,10.802,-0.0627,-0.97237,0.233445,0
5455,18.9167,0.0,0.0651,10.7369,-0.0651,-0.971342,0.237686,0
5456,18.9333,0.0,0.0651,10.6718,-0.0651,-0.970296,0.241922,0
5457,18.95,0.0,0.0674,10.6044,-0.0674,-0.969231,0.246153,0
5458,18.9667,0.0,0.0657,10.5387,-0.0657,-0.968148,0.25038,0
5459,18.9833,0.0,0.0658,10.4729,-0.0658,-0.967046,0.254602,0
5460,19.0,0.0,0.0676,10.4053,-0.0676,-0.965926,0.258819,0
5461,19.0167,0.0,0.0645,10.3408,-0.0645,-0.964787,0.263031,0
5462,19.0333,0.0,0.0639,10.2769,-0.0639,-0.96363,0.267238,0
5463,19.05,0.0,0.0652,10.2117,-0.0652,-0.962455,0.27144,0
5464,19.0667,0.0,0.0641,10.1476,-0.0641,-0.961262,0.275637,0
5465,19.0833,0.0,0.0673,10.0803,-0.0673,-0.96005,0.279829,0
5466,19.1,0.0,0.0654,10.0149,-0.0654,-0.95882,0.284015,0
5467,19.1167,0.0,0.0623,9.9526,-0.0623,-0.957571,0.288196,0
5468,19.1333,0.0,0.0626,9.89,-0.0626,-0.956305,0.292372,0
5469,19.15,0.0,0.0647,9.8253,-0.0647,-0.95502,0.296542,0
5470,19.1667,0.0,0.0624,9.7629,-0.0624,-0.953717,0.300706,0
5471,19.1833,0.0,0.0643,9.6986,-0.0643,-0.952396,0.304864,0
5472,19.2,0.0,0.0661,9.6325,-0.0661,-0.951057,0.309017,0
5473,19.2167,0.0,0.0637,9.5688,-0.0637,-0.949699,0.313164,0
5474,19.2333,0.0,0.0669,9.5019,-0.0669,-0.948324,0.317305,0
5475,19.25,0.0,0.0648,9.4371,-0.0648,-0.94693,0.321439,0
5476,19.2667,0.0,0.0608,9.3763,-0.0608,-0.945519,0.325568,0
5477,19.2833,0.0,0.0619,9.3144,-0.0619,-0.944089,0.329691,0
5478,19.3,0.0,0.0684,9.246,-0.0684,-0.942641,0.333807,0
5479,19.3167,0.0,0.0661,9.1799,-0.0661,-0.941176,0.337917,0
5480,19.3333,0.0,0.0644,9.1155,-0.0644,-0.939693,0.34202,0
5481,19.35,0.0,0.0658,9.0497,-0.0658,-0.938191,0.346117,0
5482,19.3667,0.0,0.0644,8.9853,-0.0644,-0.936672,0.350207,0
5483,19.3833,0.0,0.0713,8.914,-0.0713,-0.935135,0.354291,0
5484,19.4,0.0,0.065,8.849,-0.065,-0.93358,0.358368,0
5485,19.4167,0.0,0.0642,8.7848,-0.0642,-0.932008,0.362438,0
5486,19.4333,0.0,0.0627,8.7221,-0.0627,-0.930418,0.366501,0
5487,19.45,0.0,0.0672,8.6549,-0.0672,-0.92881,0.370557,0
5488,19.4667,0.0,0.0609,8.594,-0.0609,-0.927184,0.374607,0
5489,19.4833,0.0,0.065,8.529,-0.065,-0.925541,0.378649,0
5490,19.5,0.0,0.0695,8.4595,-0.0695,-0.92388,0.382683,0
5491,19.5167,0.0,0.0653,8.3942,-0.0653,-0.922201,0.386711,0
5492,19.5333,0.0,0.066,8.3282,-0.066,-0.920505,0.390731,0
5493,19.55,0.0,0.0635,8.2647,-0.0635,-0.918791,0.394744,0
5494,19.5667,0.0,0.0695,8.1952,-0.0695,-0.91706,0.398749,0
5495,19.5833,0.0,0.0651,8.1301,-0.0651,-0.915311,0.402747,0
5496,19.6,0.0,0.064,8.0661,-0.064,-0.913545,0.406737,0
5497,19.6167,0.0,0.0656,8.0005,-0.0656,-0.911762,0.410719,0
5498,19.6333,0.0,0.1224,7.8781,-0.1224,-0.909961,0.414693,0
5499,19.65,0.0,0.1205,7.7576,-0.1205,-0.908143,0.41866,0
5500,19.6667,0.0,0.1225,7.6351,-0.1225,-0.906308,0.422618,0
5501,19.6833,0.0,0.1177,7.5174,-0.1177,-0.904455,0.426569,0
5502,19.7,0.0,0.1227,7.3947,-0.1227,-0.902585,0.430511,0
5503,19.7167,0.0,0.1245,7.2702,-0.1245,-0.900698,0.434445,0
5504,19.7333,0.0,0.119,7.1512,-0.119,-0.898794,0.438371,0
5505,19.75,0.0,0.1232,7.028,-0.1232,-0.896873,0.442289,0
5506,19.7667,0.0,0.1246,6.9034,-0.1246,-0.894934,0.446198,0
5507,19.7833,0.0,0.1178,6.7856,-0.1178,-0.892979,0.450098,0
5508,19.8,0.0,0.1201,6.6655,-0.1201,-0.891007,0.45399,0
5509,19.8167,0.0,0.1224,6.5431,-0.1224,-0.889017,0.457874,0
5510,19.8333,0.0,0.1218,6.4213,-0.1218,-0.887011,0.461749,0
5511,19.85,0.0,0.1201,6.3012,-0.1201,-0.884988,0.465615,0
5512,19.8667,0.0,0.1197,6.1815,-0.1197,-0.882948,0.469472,0
5513,19.8833,0.0,0.1213,6.0602,-0.1213,-0.880891,0.47332,0
5514,19.9,0.0,0.1176,5.9426,-0.1176,-0.878817,0.477159,0
5515,19.9167,0.0,0.1192,5.8234,-0.1192,-0.876727,0.480989,0
5516,19.9333,0.0,0.1238,5.6996,-0.1238,-0.87462,0.48481,0
5517,19.95,0.0,0.1224,5.5772,-0.1224,-0.872496,0.488621,0
5518,19.9667,0.0,0.1205,5.4567,-0.1205,-0.870356,0.492424,0
5519,19.9833,0.0,0.1245,5.3322,-0.1245,-0.868199,0.496217,0
5520,20.0,0.0,0.1186,5.2136,-0.1186,-0.866025,0.5,0
5521,20.0167,0.0,0.1235,5.0901,-0.1235,-0.863836,0.503774,0
5522,20.0333,0.0,0.1226,4.9675,-0.1226,-0.861629,0.507538,0
5523,20.05,0.0,0.1223,4.8452,-0.1223,-0.859406,0.511293,0
5524,20.0667,0.0,0.1193,4.7259,-0.1193,-0.857167,0.515038,0
5525,20.0833,0.0,0.1212,4.6047,-0.1212,-0.854912,0.518773,0
5526,20.1,0.0,0.123,4.4817,-0.123,-0.85264,0.522499,0
5527,20.1167,0.0,0.1216,4.3601,-0.1216,-0.850352,0.526214,0
5528,20.1333,0.0,0.1197,4.2404,-0.1197,-0.848048,0.529919,0
5529,20.15,0.0,0.1192,4.1212,-0.1192,-0.845728,0.533615,0
5530,20.1667,0.0,0.1211,4.0001,-0.1211,-0.843391,0.5373,0
5531,20.1833,0.0,0.1193,3.8808,-0.1193,-0.841039,0.540974,0
5532,20.2,0.0,0.1242,3.7566,-0.1242,-0.838671,0.544639,0
5533,20.2167,0.0,0.1209,3.6357,-0.1209,-0.836286,0.548293,0
5534,20.2333,0.0,0.1201,3.5156,-0.1201,-0.833886,0.551937,0
5535,20.25,0.0,0.1213,3.3943,-0.1213,-0.83147,0.55557,0
5536,20.2667,0.0,0.1195,3.2748,-0.1195,-0.829038,0.559193,0
5537,20.2833,0.0,0.1219,3.1529,-0.1219,-0.82659,0.562805,0
5538,20.3,0.0,0.1216,3.0313,-0.1216,-0.824126,0.566406,0
5539,20.3167,0.0,0.1263,2.905,-0.1263,-0.821647,0.569997,0
5540,20.3333,0.0,0.1222,2.7828,-0.1222,-0.819152,0.573576,0
5541,20.35,0.0,0.118,2.6648,-0.118,-0.816642,0.577145,0
5542,20.3667,0.0,0.0636,2.6012,-0.0636,-0.814116,0.580703,0
5543,20.3833,0.0,0.0663,2.5349,-0.0663,-0.811574,0.58425,0
5544,20.4,0.0,0.0631,2.4718,-0.0631,-0.809017,0.587785,0
5545,20.4167,0.0,0.0658,2.406,-0.0658,-0.806445,0.59131,0
5546,20.4333,0.0,0.1228,2.2832,-0.1228,-0.803857,0.594823,0
5547,20.45,0.0,0.123,2.1602,-0.123,-0.801254,0.598325,0
5548,20.4667,0.0,0.124,2.0362,-0.124,-0.798636,0.601815,0
5549,20.4833,0.0,0.1274,1.9088,-0.1274,-0.796002,0.605294,0
5550,20.5,0.0,0.1276,1.7812,-0.1276,-0.793353,0.608761,0
5551,20.5167,0.0,0.1247,1.6565,-0.1247,-0.79069,0.612217,0
5552,20.5333,0.0,0.1269,1.5296,-0.1269,-0.788011,0.615661,0
5553,20.55,0.0,0.1287,1.4009,-0.1287,-0.785317,0.619094,0
5554,20.5667,0.0,0.1268,1.2741,-0.1268,-0.782608,0.622515,0
5555,20.5833,0.0,0.1301,1.144,-0.1301,-0.779884,0.625923,0
5556,20.6,0.0,0.1243,1.0197,-0.1243,-0.777146,0.62932,0
5557,20.6167,0.0,0.1293,0.8904,-0.1293,-0.774393,0.632705,0
5558,20.6333,0.0,0.1254,0.765,-0.1254,-0.771625,0.636078,0
5559,20.65,0.0,0.124,0.641,-0.124,-0.768842,0.639439,0
5560,20.6667,0.0,0.1253,0.5157,-0.1253,-0.766044,0.642788,0
5561,20.6833,0.0,0.1252,0.3905,-0.1252,-0.763232,0.646124,0
5562,20.7,0.0,0.1256,0.2649,-0.1256,-0.760406,0.649448,0
5563,20.7167,0.0,0.1234,0.1415,-0.1234,-0.757565,0.65276,0
5564,20.7333,0.0,0.1267,0.0148,-0.1267,-0.75471,0.656059,0
5565,20.75,0.0,0.1287,0.0,-0.1287,-0.75184,0.659346,1
5566,20.7667,0.0,0.1277,0.0,-0.1277,-0.748956,0.66262,1
5567,20.7833,0.0,0.1239,0.0,-0.1239,-0.746057,0.665882,1
5568,20.8,0.0,0.1244,0.0,-0.1244,-0.743145,0.669131,1
5569,20.8167,0.0,0.1267,0.0,-0.1267,-0.740218,0.672367,1
5570,20.8333,0.0,0.1236,0.0,-0.1236,-0.737277,0.67559,1
5571,20.85,0.0,0.1225,0.0,-0.1225,-0.734323,0.678801,1
5572,20.8667,0.0,0.1275,0.0,-0.1275,-0.731354,0.681998,1
5573,20.8833,0.0,0.1278,0.0,-0.1278,-0.728371,0.685183,1
5574,20.9,0.0,0.1265,0.0,-0.1265,-0.725374,0.688355,1
5575,20.9167,0.0,0.1289,0.0,-0.1289,-0.722364,0.691513,1
5576,20.9333,0.0,0.1242,0.0,-0.1242,-0.71934,0.694658,1
5577,20.95,0.0,0.1263,0.0,-0.1263,-0.716302,0.69779,1
5578,20.9667,0.0,0.1229,0.0,-0.1229,-0.71325,0.700909,1
5579,20.9833,0.0,0.1247,0.0,-0.1247,-0.710185,0.704015,1
5580,21.0,0.0,0.1225,0.0,-0.1225,-0.707107,0.707107,1
5581,21.0167,0.0,0.1285,0.0,-0.1285,-0.704015,0.710185,1
5582,21.0333,0.0,0.1301,0.0,-0.1301,-0.700909,0.71325,1
5583,21.05,0.0,0.1245,0.0,-0.1245,-0.69779,0.716302,1
5584,21.0667,0.0,0.1238,0.0,-0.1238,-0.694658,0.71934,1
5585,21.0833,0.0,0.1219,0.0,-0.1219,-0.691513,0.722364,1
5586,21.1,0.0,0.1223,0.0,-0.1223,-0.688355,0.725374,1
5587,21.1167,0.0,0.1232,0.0,-0.1232,-0.685183,0.728371,1
5588,21.1333,0.0,0.1261,0.0,-0.1261,-0.681998,0.731354,1
5589,21.15,0.0,0.1255,0.0,-0.1255,-0.678801,0.734323,1
5590,21.1667,0.0,0.1257,0.0,-0.1257,-0.67559,0.737277,1
5591,21.1833,0.0,0.1251,0.0,-0.1251,-0.672367,0.740218,1
5592,21.2,0.0,0.1264,0.0,-0.1264,-0.669131,0.743145,1
5593,21.2167,0.0,0.1265,0.0,-0.1265,-0.665882,0.746057,1
5594,21.2333,0.0,0.1231,0.0,-0.1231,-0.66262,0.748956,1
5595,21.25,0.0,0.1282,0.0,-0.1282,-0.659346,0.75184,1
5596,21.2667,0.0,0.1286,0.0,-0.1286,-0.656059,0.75471,1
5597,21.2833,0.0,0.0673,0.0,-0.0673,-0.65276,0.757565,1
5598,21.3,0.0,0.0634,0.0,-0.0634,-0.649448,0.760406,1
5599,21.3167,0.0,0.0661,0.0,-0.0661,-0.646124,0.763232,1
5600,21.3333,0.0,0.0633,0.0,-0.0633,-0.642788,0.766044,1
5601,21.35,0.0,0.0664,0.0,-0.0664,-0.639439,0.768842,1
5602,21.3667,0.0,0.0642,0.0,-0.0642,-0.636078,0.771625,1
5603,21.3833,0.0,0.0654,0.0,-0.0654,-0.632705,0.774393,1
5604,21.4,0.0,0.0629,0.0,-0.0629,-0.62932,0.777146,1
5605,21.4167,0.0,0.0684,0.0,-0.0684,-0.625923,0.779884,1
5606,21.4333,0.0,0.0653,0.0,-0.0653,-0.622515,0.782608,1
5607,21.45,0.0,0.0619,0.0,-0.0619,-0.619094,0.785317,1
5608,21.4667,0.0,0.0633,0.0,-0.0633,-0.615661,0.788011,1
5609,21.4833,0.0,0.0672,0.0,-0.0672,-0.612217,0.79069,1
5610,21.5,0.0,0.0642,0.0,-0.0642,-0.608761,0.793353,1
5611,21.5167,0.0,0.0651,0.0,-0.0651,-0.605294,0.796002,1
5612,21.5333,0.0,0.065,0.0,-0.065,-0.601815,0.798636,1
5613,21.55,0.0,0.0663,0.0,-0.0663,-0.598325,0.801254,1
5614,21.5667,0.0,0.0671,0.0,-0.0671,-0.594823,0.803857,1
5615,21.5833,0.0,0.0639,0.0,-0.0639,-0.59131,0.806445,1
5616,21.6,0.0,0.063,0.0,-0.063,-0.587785,0.809017,1
5617,21.6167,0.0,0.0629,0.0,-0.0629,-0.58425,0.811574,1
5618,21.6333,0.0,0.0615,0.0,-0.0615,-0.580703,0.814116,1
5619,21.65,0.0,0.0634,0.0,-0.0634,-0.577145,0.816642,1
5620,21.6667,0.0,0.0637,0.0,-0.0637,-0.573576,0.819152,1
5621,21.6833,0.0,0.0651,0.0,-0.0651,-0.569997,0.821647,1
5622,21.7,0.0,0.0637,0.0,-0.0637,-0.566406,0.824126,1
5623,21.7167,0.0,0.0651,0.0,-0.0651,-0.562805,0.82659,1
5624,21.7333,0.0,0.0658,0.0,-0.0658,-0.559193,0.829038,1
5625,21.75,0.0,0.0668,0.0,-0.0668,-0.55557,0.83147,1
5626,21.7667,0.0,0.0673,0.0,-0.0673,-0.551937,0.833886,1
5627,21.7833,0.0,0.0637,0.0,-0.0637,-0.548293,0.836286,1
5628,21.8,0.0,0.0649,0.0,-0.0649,-0.544639,0.838671,1
5629,21.8167,0.0,0.0661,0.0,-0.0661,-0.540974,0.841039,1
5630,21.8333,0.0,0.0679,0.0,-0.0679,-0.5373,0.843391,1
5631,21.85,0.0,0.0636,0.0,-0.0636,-0.533615,0.845728,1
5632,21.8667,0.0,0.0651,0.0,-0.0651,-0.529919,0.848048,1
5633,21.8833,0.0,0.0675,0.0,-0.0675,-0.526214,0.850352,1
5634,21.9,0.0,0.0658,0.0,-0.0658,-0.522499,0.85264,1
5635,21.9167,0.0,0.0587,0.0,-0.0587,-0.518773,0.854912,1
5636,21.9333,0.0,0.0659,0.0,-0.0659,-0.515038,0.857167,1
5637,21.95,0.0,0.0653,0.0,-0.0653,-0.511293,0.859406,1
5638,21.9667,0.0,0.0673,0.0,-0.0673,-0.507538,0.861629,1
5639,21.9833,0.0,0.0619,0.0,-0.0619,-0.503774,0.863836,1
5640,22.0,0.0,0.0124,0.0,-0.0124,-0.5,0.866025,1
5641,22.0167,0.0,0.0166,0.0,-0.0166,-0.496217,0.868199,1
5642,22.0333,0.0,0.014,0.0,-0.014,-0.492424,0.870356,1
5643,22.05,0.0,0.0151,0.0,-0.0151,-0.488621,0.872496,1
5644,22.0667,0.0,0.0155,0.0,-0.0155,-0.48481,0.87462,1
5645,22.0833,0.0,0.0118,0.0,-0.0118,-0.480989,0.876727,1
5646,22.1,0.0,0.014,0.0,-0.014,-0.477159,0.878817,1
5647,22.1167,0.0,0.0167,0.0,-0.0167,-0.47332,0.880891,1
5648,22.1333,0.0,0.013,0.0,-0.013,-0.469472,0.882948,1
5649,22.15,0.0,0.0167,0.0,-0.0167,-0.465615,0.884988,1
5650,22.1667,0.0,0.0173,0.0,-0.0173,-0.461749,0.887011,1
5651,22.1833,0.0,0.0172,0.0,-0.0172,-0.457874,0.889017,1
5652,22.2,0.0,0.0176,0.0,-0.0176,-0.45399,0.891007,1
5653,22.2167,0.0,0.014,0.0,-0.014,-0.450098,0.892979,1
5654,22.2333,0.0,0.0128,0.0,-0.0128,-0.446198,0.894934,1
5655,22.25,0.0,0.0131,0.0,-0.0131,-0.442289,0.896873,1
5656,22.2667,0.0,0.0214,0.0,-0.0214,-0.438371,0.898794,1
5657,22.2833,0.0,0.0177,0.0,-0.0177,-0.434445,0.900698,1
5658,22.3,0.0,0.0169,0.0,-0.0169,-0.430511,0.902585,1
5659,22.3167,0.0,0.0148,0.0,-0.0148,-0.426569,0.904455,1
5660,22.3333,0.0,0.0128,0.0,-0.0128,-0.422618,0.906308,1
5661,22.35,0.0,0.015,0.0,-0.015,-0.41866,0.908143,1
5662,22.3667,0.0,0.0165,0.0,-0.0165,-0.414693,0.909961,1
5663,22.3833,0.0,0.0168,0.0,-0.0168,-0.410719,0.911762,1
5664,22.4,0.0,0.0175,0.0,-0.0175,-0.406737,0.913545,1
5665,22.4167,0.0,0.0166,0.0,-0.0166,-0.402747,0.915311,1
5666,22.4333,0.0,0.017,0.0,-0.017,-0.398749,0.91706,1
5667,22.45,0.0,0.016,0.0,-0.016,-0.394744,0.918791,1
5668,22.4667,0.0,0.0169,0.0,-0.0169,-0.390731,0.920505,1
5669,22.4833,0.0,0.0202,0.0,-0.0202,-0.386711,0.922201,1
5670,22.5,0.0,0.0162,0.0,-0.0162,-0.382683,0.92388,1
5671,22.5167,0.0,0.0164,0.0,-0.0164,-0.378649,0.925541,1
5672,22.5333,0.0,0.0136,0.0,-0.0136,-0.374607,0.927184,1
5673,22.55,0.0,0.0156,0.0,-0.0156,-0.370557,0.92881,1
5674,22.5667,0.0,0.0176,0.0,-0.0176,-0.366501,0.930418,1
5675,22.5833,0.0,0.0143,0.0,-0.0143,-0.362438,0.932008,1
5676,22.6,0.0,0.0169,0.0,-0.0169,-0.358368,0.93358,1
5677,22.6167,0.0,0.0146,0.0,-0.0146,-0.354291,0.935135,1
5678,22.6333,0.0,0.0169,0.0,-0.0169,-0.350207,0.936672,1
5679,22.65,0.0,0.0169,0.0,-0.0169,-0.346117,0.938191,1
5680,22.6667,0.0,0.0144,0.0,-0.0144,-0.34202,0.939693,1
5681,22.6833,0.0,0.0144,0.0,-0.0144,-0.337917,0.941176,1
5682,22.7,0.0,0.0135,0.0,-0.0135,-0.333807,0.942641,1
5683,22.7167,0.0,0.0188,0.0,-0.0188,-0.329691,0.944089,1
5684,22.7333,0.0,0.0192,0.0,-0.0192,-0.325568,0.945519,1
5685,22.75,0.0,0.0175,0.0,-0.0175,-0.321439,0.94693,1
5686,22.7667,0.0,0.014,0.0,-0.014,-0.317305,0.948324,1
5687,22.7833,0.0,0.0187,0.0,-0.0187,-0.313164,0.949699,1
5688,22.8,0.0,0.0147,0.0,-0.0147,-0.309017,0.951057,1
5689,22.8167,0.0,0.0145,0.0,-0.0145,-0.304864,0.952396,1
5690,22.8333,0.0,0.0155,0.0,-0.0155,-0.300706,0.953717,1
5691,22.85,0.0,0.0172,0.0,-0.0172,-0.296542,0.95502,1
5692,22.8667,0.0,0.013,0.0,-0.013,-0.292372,0.956305,1
5693,22.8833,0.0,0.016,0.0,-0.016,-0.288196,0.957571,1
5694,22.9,0.0,0.0176,0.0,-0.0176,-0.284015,0.95882,1
5695,22.9167,0.0,0.0154,0.0,-0.0154,-0.279829,0.96005,1
5696,22.9333,0.0,0.0162,0.0,-0.0162,-0.275637,0.961262,1
5697,22.95,0.0,0.0201,0.0,-0.0201,-0.27144,0.962455,1
5698,22.9667,0.0,0.0157,0.0,-0.0157,-0.267238,0.96363,1
5699,22.9833,0.0,0.016,0.0,-0.016,-0.263031,0.964787,1
5700,23.0,0.0,0.0132,0.0,-0.0132,-0.258819,0.965926,1
5701,23.0167,0.0,0.0153,0.0,-0.0153,-0.254602,0.967046,1
5702,23.0333,0.0,0.0151,0.0,-0.0151,-0.25038,0.968148,1
5703,23.05,0.0,0.015,0.0,-0.015,-0.246153,0.969231,1
5704,23.0667,0.0,0.0174,0.0,-0.0174,-0.241922,0.970296,1
5705,23.0833,0.0,0.0163,0.0,-0.0163,-0.237686,0.971342,1
5706,23.1,0.0,0.0167,0.0,-0.0167,-0.233445,0.97237,1
5707,23.1167,0.0,0.015,0.0,-0.015,-0.2292,0.973379,1
5708,23.1333,0.0,0.0144,0.0,-0.0144,-0.224951,0.97437,1
5709,23.15,0.0,0.0175,0.0,-0.0175,-0.220697,0.975342,1
5710,23.1667,0.0,0.017,0.0,-0.017,-0.21644,0.976296,1
5711,23.1833,0.0,0.0189,0.0,-0.0189,-0.212178,0.977231,1
5712,23.2,0.0,0.0184,0.0,-0.0184,-0.207912,0.978148,1
5713,23.2167,0.0,0.0174,0.0,-0.0174,-0.203642,0.979045,1
5714,23.2333,0.0,0.0116,0.0,-0.0116,-0.199368,0.979925,1
5715,23.25,0.0,0.0173,0.0,-0.0173,-0.19509,0.980785,1
5716,23.2667,0.0,0.0143,0.0,-0.0143,-0.190809,0.981627,1
5717,23.2833,0.0,0.0151,0.0,-0.0151,-0.186524,0.98245,1
5718,23.3,0.0,0.0165,0.0,-0.0165,-0.182236,0.983255,1
5719,23.3167,0.0,0.0163,0.0,-0.0163,-0.177944,0.984041,1
5720,23.3333,0.0,0.0123,0.0,-0.0123,-0.173648,0.984808,1
5721,23.35,0.0,0.0126,0.0,-0.0126,-0.16935,0.985556,1
5722,23.3667,0.0,0.0161,0.0,-0.0161,-0.165048,0.986286,1
5723,23.3833,0.0,0.014,0.0,-0.014,-0.160743,0.986996,1
5724,23.4,0.0,0.0172,0.0,-0.0172,-0.156434,0.987688,1
5725,23.4167,0.0,0.0124,0.0,-0.0124,-0.152123,0.988362,1
5726,23.4333,0.0,0.0178,0.0,-0.0178,-0.147809,0.989016,1
5727,23.45,0.0,0.0161,0.0,-0.0161,-0.143493,0.989651,1
5728,23.4667,0.0,0.0146,0.0,-0.0146,-0.139173,0.990268,1
5729,23.4833,0.0,0.0133,0.0,-0.0133,-0.134851,0.990866,1
5730,23.5,0.0,0.0164,0.0,-0.0164,-0.130526,0.991445,1
5731,23.5167,0.0,0.0143,0.0,-0.0143,-0.126199,0.992005,1
5732,23.5333,0.0,0.015,0.0,-0.015,-0.121869,0.992546,1
5733,23.55,0.0,0.0146,0.0,-0.0146,-0.117537,0.993068,1
5734,23.5667,0.0,0.0137,0.0,-0.0137,-0.113203,0.993572,1
5735,23.5833,0.0,0.0189,0.0,-0.0189,-0.108867,0.994056,1
5736,23.6,0.0,0.0158,0.0,-0.0158,-0.104528,0.994522,1
5737,23.6167,0.0,0.0171,0.0,-0.0171,-0.100188,0.994969,1
5738,23.6333,0.0,0.0163,0.0,-0.0163,-0.095846,0.995396,1
5739,23.65,0.0,0.0147,0.0,-0.0147,-0.091502,0.995805,1
5740,23.6667,0.0,0.02,0.0,-0.02,-0.087156,0.996195,1
5741,23.6833,0.0,0.012,0.0,-0.012,-0.082808,0.996566,1
5742,23.7,0.0,0.018,0.0,-0.018,-0.078459,0.996917,1
5743,23.7167,0.0,0.0145,0.0,-0.0145,-0.074108,0.99725,1
5744,23.7333,0.0,0.0174,0.0,-0.0174,-0.069756,0.997564,1
5745,23.75,0.0,0.016,0.0,-0.016,-0.065403,0.997859,1
5746,23.7667,0.0,0.0161,0.0,-0.0161,-0.061049,0.998135,1
5747,23.7833,0.0,0.0152,0.0,-0.0152,-0.056693,0.998392,1
5748,23.8,0.0,0.0157,0.0,-0.0157,-0.052336,0.99863,1
5749,23.8167,0.0,0.0155,0.0,-0.0155,-0.047978,0.998848,1
5750,23.8333,0.0,0.0151,0.0,-0.0151,-0.043619,0.999048,1
5751,23.85,0.0,0.0125,0.0,-0.0125,-0.03926,0.999229,1
5752,23.8667,0.0,0.0136,0.0,-0.0136,-0.034899,0.999391,1
5753,23.8833,0.0,0.0129,0.0,-0.0129,-0.030539,0.999534,1
5754,23.9,0.0,0.0135,0.0,-0.0135,-0.026177,0.999657,1
5755,23.9167,0.0,0.0147,0.0,-0.0147,-0.021815,0.999762,1
5756,23.9333,0.0,0.0111,0.0,-0.0111,-0.017452,0.999848,1
5757,23.95,0.0,0.0176,0.0,-0.0176,-0.01309,0.999914,1
5758,23.9667,0.0,0.0136,0.0,-0.0136,-0.008727,0.999962,1
5759,23.9833,0.0,0.0181,0.0,-0.0181,-0.004363,0.99999,1
5760,0.0,0.0,0.0166,0.0,-0.0166,0.0,1.0,1
5761,0.0167,0.0,0.0155,0.0,-0.0155,0.004363,0.99999,1
5762,0.0333,0.0,0.0147,0.0,-0.0147,0.008727,0.999962,1
5763,0.05,0.0,0.0111,0.0,-0.0111,0.01309,0.999914,1
5764,0.0667,0.0,0.0151,0.0,-0.0151,0.017452,0.999848,1
5765,0.0833,0.0,0.0152,0.0,-0.0152,0.021815,0.999762,1
5766,0.1,0.0,0.0123,0.0,-0.0123,0.026177,0.999657,1
5767,0.1167,0.0,0.0135,0.0,-0.0135,0.030539,0.999534,1
5768,0.1333,0.0,0.0163,0.0,-0.0163,0.034899,0.999391,1
5769,0.15,0.0,0.0136,0.0,-0.0136,0.03926,0.999229,1
5770,0.1667,0.0,0.016,0.0,-0.016,0.043619,0.999048,1
5771,0.1833,0.0,0.0186,0.0,-0.0186,0.047978,0.998848,1
5772,0.2,0.0,0.0171,0.0,-0.0171,0.052336,0.99863,1
5773,0.2167,0.0,0.0138,0.0,-0.0138,0.056693,0.998392,1
5774,0.2333,0.0,0.0157,0.0,-0.0157,0.061049,0.998135,1
5775,0.25,0.0,0.015,0.0,-0.015,0.065403,0.997859,1
5776,0.2667,0.0,0.0157,0.0,-0.0157,0.069756,0.997564,1
5777,0.2833,0.0,0.0153,0.0,-0.0153,0.074108,0.99725,1
5778,0.3,0.0,0.011,0.0,-0.011,0.078459,0.996917,1
5779,0.3167,0.0,0.0145,0.0,-0.0145,0.082808,0.996566,1
5780,0.3333,0.0,0.0157,0.0,-0.0157,0.087156,0.996195,1
5781,0.35,0.0,0.0148,0.0,-0.0148,0.091502,0.995805,1
5782,0.3667,0.0,0.0135,0.0,-0.0135,0.095846,0.995396,1
5783,0.3833,0.0,0.0159,0.0,-0.0159,0.100188,0.994969,1
5784,0.4,0.0,0.0143,0.0,-0.0143,0.104528,0.994522,1
5785,0.4167,0.0,0.0179,0.0,-0.0179,0.108867,0.994056,1
5786,0.4333,0.0,0.0165,0.0,-0.0165,0.113203,0.993572,1
5787,0.45,0.0,0.0139,0.0,-0.0139,0.117537,0.993068,1
5788,0.4667,0.0,0.0142,0.0,-0.0142,0.121869,0.992546,1
5789,0.4833,0.0,0.0152,0.0,-0.0152,0.126199,0.992005,1
5790,0.5,0.0,0.0163,0.0,-0.0163,0.130526,0.991445,1
5791,0.5167,0.0,0.0134,0.0,-0.0134,0.134851,0.990866,1
5792,0.5333,0.0,0.0153,0.0,-0.0153,0.139173,0.990268,1
5793,0.55,0.0,0.0177,0.0,-0.0177,0.143493,0.989651,1
5794,0.5667,0.0,0.0185,0.0,-0.0185,0.147809,0.989016,1
5795,0.5833,0.0,0.0164,0.0,-0.0164,0.152123,0.988362,1
5796,0.6,0.0,0.0149,0.0,-0.0149,0.156434,0.987688,1
5797,0.6167,0.0,0.0203,0.0,-0.0203,0.160743,0.986996,1
5798,0.6333,0.0,0.0156,0.0,-0.0156,0.165048,0.986286,1
5799,0.65,0.0,0.0159,0.0,-0.0159,0.16935,0.985556,1
5800,0.6667,0.0,0.0158,0.0,-0.0158,0.173648,0.984808,1
5801,0.6833,0.0,0.02,0.0,-0.02,0.177944,0.984041,1
5802,0.7,0.0,0.0179,0.0,-0.0179,0.182236,0.983255,1
5803,0.7167,0.0,0.0172,0.0,-0.0172,0.186524,0.98245,1
5804,0.7333,0.0,0.0178,0.0,-0.0178,0.190809,0.981627,1
5805,0.75,0.0,0.0171,0.0,-0.0171,0.19509,0.980785,1
5806,0.7667,0.0,0.0168,0.0,-0.0168,0.199368,0.979925,1
5807,0.7833,0.0,0.0141,0.0,-0.0141,0.203642,0.979045,1
5808,0.8,0.0,0.0151,0.0,-0.0151,0.207912,0.978148,1
5809,0.8167,0.0,0.0161,0.0,-0.0161,0.212178,0.977231,1
5810,0.8333,0.0,0.0137,0.0,-0.0137,0.21644,0.976296,1
5811,0.85,0.0,0.0182,0.0,-0.0182,0.220697,0.975342,1
5812,0.8667,0.0,0.0161,0.0,-0.0161,0.224951,0.97437,1
5813,0.8833,0.0,0.0158,0.0,-0.0158,0.2292,0.973379,1
5814,0.9,0.0,0.0163,0.0,-0.0163,0.233445,0.97237,1
5815,0.9167,0.0,0.014,0.0,-0.014,0.237686,0.971342,1
5816,0.9333,0.0,0.0189,0.0,-0.0189,0.241922,0.970296,1
5817,0.95,0.0,0.0146,0.0,-0.0146,0.246153,0.969231,1
5818,0.9667,0.0,0.0136,0.0,-0.0136,0.25038,0.968148,1
5819,0.9833,0.0,0.0127,0.0,-0.0127,0.254602,0.967046,1
5820,1.0,0.0,0.0139,0.0,-0.0139,0.258819,0.965926,1
5821,1.0167,0.0,0.013,0.0,-0.013,0.263031,0.964787,1
5822,1.0333,0.0,0.0128,0.0,-0.0128,0.267238,0.96363,1
5823,1.05,0.0,0.0138,0.0,-0.0138,0.27144,0.962455,1
5824,1.0667,0.0,0.0126,0.0,-0.0126,0.275637,0.961262,1
5825,1.0833,0.0,0.0151,0.0,-0.0151,0.279829,0.96005,1
5826,1.1,0.0,0.0151,0.0,-0.0151,0.284015,0.95882,1
5827,1.1167,0.0,0.0148,0.0,-0.0148,0.288196,0.957571,1
5828,1.1333,0.0,0.0118,0.0,-0.0118,0.292372,0.956305,1
5829,1.15,0.0,0.0128,0.0,-0.0128,0.296542,0.95502,1
5830,1.1667,0.0,0.0173,0.0,-0.0173,0.300706,0.953717,1
5831,1.1833,0.0,0.0198,0.0,-0.0198,0.304864,0.952396,1
5832,1.2,0.0,0.0137,0.0,-0.0137,0.309017,0.951057,1
5833,1.2167,0.0,0.0163,0.0,-0.0163,0.313164,0.949699,1
5834,1.2333,0.0,0.0157,0.0,-0.0157,0.317305,0.948324,1
5835,1.25,0.0,0.0135,0.0,-0.0135,0.321439,0.94693,1
5836,1.2667,0.0,0.0162,0.0,-0.0162,0.325568,0.945519,1
5837,1.2833,0.0,0.0168,0.0,-0.0168,0.329691,0.944089,1
5838,1.3,0.0,0.0178,0.0,-0.0178,0.333807,0.942641,1
5839,1.3167,0.0,0.0139,0.0,-0.0139,0.337917,0.941176,1
5840,1.3333,0.0,0.0141,0.0,-0.0141,0.34202,0.939693,1
5841,1.35,0.0,0.0179,0.0,-0.0179,0.346117,0.938191,1
5842,1.3667,0.0,0.0193,0.0,-0.0193,0.350207,0.936672,1
5843,1.3833,0.0,0.0158,0.0,-0.0158,0.354291,0.935135,1
5844,1.4,0.0,0.0128,0.0,-0.0128,0.358368,0.93358,1
5845,1.4167,0.0,0.0179,0.0,-0.0179,0.362438,0.932008,1
5846,1.4333,0.0,0.0128,0.0,-0.0128,0.366501,0.930418,1
5847,1.45,0.0,0.0186,0.0,-0.0186,0.370557,0.92881,1
5848,1.4667,0.0,0.0161,0.0,-0.0161,0.374607,0.927184,1
5849,1.4833,0.0,0.0133,0.0,-0.0133,0.378649,0.925541,1
5850,1.5,0.0,0.0133,0.0,-0.0133,0.382683,0.92388,1
5851,1.5167,0.0,0.0173,0.0,-0.0173,0.386711,0.922201,1
5852,1.5333,0.0,0.0169,0.0,-0.0169,0.390731,0.920505,1
5853,1.55,0.0,0.0138,0.0,-0.0138,0.394744,0.918791,1
5854,1.5667,0.0,0.0138,0.0,-0.0138,0.398749,0.91706,1
5855,1.5833,0.0,0.0146,0.0,-0.0146,0.402747,0.915311,1
5856,1.6,0.0,0.0144,0.0,-0.0144,0.406737,0.913545,1
5857,1.6167,0.0,0.0163,0.0,-0.0163,0.410719,0.911762,1
5858,1.6333,0.0,0.0151,0.0,-0.0151,0.414693,0.909961,1
5859,1.65,0.0,0.0146,0.0,-0.0146,0.41866,0.908143,1
5860,1.6667,0.0,0.0164,0.0,-0.0164,0.422618,0.906308,1
5861,1.6833,0.0,0.0178,0.0,-0.0178,0.426569,0.904455,1
5862,1.7,0.0,0.0186,0.0,-0.0186,0.430511,0.902585,1
5863,1.7167,0.0,0.0173,0.0,-0.0173,0.434445,0.900698,1
5864,1.7333,0.0,0.0169,0.0,-0.0169,0.438371,0.898794,1
5865,1.75,0.0,0.0152,0.0,-0.0152,0.442289,0.896873,1
5866,1.7667,0.0,0.0143,0.0,-0.0143,0.446198,0.894934,1
5867,1.7833,0.0,0.0162,0.0,-0.0162,0.450098,0.892979,1
5868,1.8,0.0,0.0138,0.0,-0.0138,0.45399,0.891007,1
5869,1.8167,0.0,0.0146,0.0,-0.0146,0.457874,0.889017,1
5870,1.8333,0.0,0.0171,0.0,-0.0171,0.461749,0.887011,1
5871,1.85,0.0,0.0176,0.0,-0.0176,0.465615,0.884988,1
5872,1.8667,0.0,0.0158,0.0,-0.0158,0.469472,0.882948,1
5873,1.8833,0.0,0.0131,0.0,-0.0131,0.47332,0.880891,1
5874,1.9,0.0,0.015,0.0,-0.015,0.477159,0.878817,1
5875,1.9167,0.0,0.0154,0.0,-0.0154,0.480989,0.876727,1
5876,1.9333,0.0,0.0156,0.0,-0.0156,0.48481,0.87462,1
5877,1.95,0.0,0.0161,0.0,-0.0161,0.488621,0.872496,1
5878,1.9667,0.0,0.0175,0.0,-0.0175,0.492424,0.870356,1
5879,1.9833,0.0,0.0147,0.0,-0.0147,0.496217,0.868199,1
5880,2.0,0.0,0.0168,0.0,-0.0168,0.5,0.866025,1
5881,2.0167,0.0,0.0141,0.0,-0.0141,0.503774,0.863836,1
5882,2.0333,0.0,0.0148,0.0,-0.0148,0.507538,0.861629,1
5883,2.05,0.0,0.0151,0.0,-0.0151,0.511293,0.859406,1
5884,2.0667,0.0,0.0156,0.0,-0.0156,0.515038,0.857167,1
5885,2.0833,0.0,0.0172,0.0,-0.0172,0.518773,0.854912,1
5886,2.1,0.0,0.0171,0.0,-0.0171,0.522499,0.85264,1
5887,2.1167,0.0,0.0132,0.0,-0.0132,0.526214,0.850352,1
5888,2.1333,0.0,0.0183,0.0,-0.0183,0.529919,0.848048,1
5889,2.15,0.0,0.0178,0.0,-0.0178,0.533615,0.845728,1
5890,2.1667,0.0,0.0116,0.0,-0.0116,0.5373,0.843391,1
5891,2.1833,0.0,0.0168,0.0,-0.0168,0.540974,0.841039,1
5892,2.2,0.0,0.017,0.0,-0.017,0.544639,0.838671,1
5893,2.2167,0.0,0.0186,0.0,-0.0186,0.548293,0.836286,1
5894,2.2333,0.0,0.0162,0.0,-0.0162,0.551937,0.833886,1
5895,2.25,0.0,0.0156,0.0,-0.0156,0.55557,0.83147,1
5896,2.2667,0.0,0.017,0.0,-0.017,0.559193,0.829038,1
5897,2.2833,0.0,0.0147,0.0,-0.0147,0.562805,0.82659,1
5898,2.3,0.0,0.0131,0.0,-0.0131,0.566406,0.824126,1
5899,2.3167,0.0,0.0142,0.0,-0.0142,0.569997,0.821647,1
5900,2.3333,0.0,0.0194,0.0,-0.0194,0.573576,0.819152,1
5901,2.35,0.0,0.0173,0.0,-0.0173,0.577145,0.816642,1
5902,2.3667,0.0,0.0177,0.0,-0.0177,0.580703,0.814116,1
5903,2.3833,0.0,0.0123,0.0,-0.0123,0.58425,0.811574,1
5904,2.4,0.0,0.0161,0.0,-0.0161,0.587785,0.809017,1
5905,2.4167,0.0,0.0164,0.0,-0.0164,0.59131,0.806445,1
5906,2.4333,0.0,0.0134,0.0,-0.0134,0.594823,0.803857,1
5907,2.45,0.0,0.0152,0.0,-0.0152,0.598325,0.801254,1
5908,2.4667,0.0,0.0171,0.0,-0.0171,0.601815,0.798636,1
5909,2.4833,0.0,0.0197,0.0,-0.0197,0.605294,0.796002,1
5910,2.5,0.0,0.016,0.0,-0.016,0.608761,0.793353,1
5911,2.5167,0.0,0.0176,0.0,-0.0176,0.612217,0.79069,1
5912,2.5333,0.0,0.0172,0.0,-0.0172,0.615661,0.788011,1
5913,2.55,0.0,0.0106,0.0,-0.0106,0.619094,0.785317,1
5914,2.5667,0.0,0.0149,0.0,-0.0149,0.622515,0.782608,1
5915,2.5833,0.0,0.0164,0.0,-0.0164,0.625923,0.779884,1
5916,2.6,0.0,0.0138,0.0,-0.0138,0.62932,0.777146,1
5917,2.6167,0.0,0.0169,0.0,-0.0169,0.632705,0.774393,1
5918,2.6333,0.0,0.0145,0.0,-0.0145,0.636078,0.771625,1
5919,2.65,0.0,0.0142,0.0,-0.0142,0.639439,0.768842,1
5920,2.6667,0.0,0.0167,0.0,-0.0167,0.642788,0.766044,1
5921,2.6833,0.0,0.0107,0.0,-0.0107,0.646124,0.763232,1
5922,2.7,0.0,0.0189,0.0,-0.0189,0.649448,0.760406,1
5923,2.7167,0.0,0.0115,0.0,-0.0115,0.65276,0.757565,1
5924,2.7333,0.0,0.0155,0.0,-0.0155,0.656059,0.75471,1
5925,2.75,0.0,0.0134,0.0,-0.0134,0.659346,0.75184,1
5926,2.7667,0.0,0.0167,0.0,-0.0167,0.66262,0.748956,1
5927,2.7833,0.0,0.0132,0.0,-0.0132,0.665882,0.746057,1
5928,2.8,0.0,0.0166,0.0,-0.0166,0.669131,0.743145,1
5929,2.8167,0.0,0.0157,0.0,-0.0157,0.672367,0.740218,1
5930,2.8333,0.0,0.0151,0.0,-0.0151,0.67559,0.737277,1
5931,2.85,0.0,0.0157,0.0,-0.0157,0.678801,0.734323,1
5932,2.8667,0.0,0.0145,0.0,-0.0145,0.681998,0.731354,1
5933,2.8833,0.0,0.0192,0.0,-0.0192,0.685183,0.728371,1
5934,2.9,0.0,0.0154,0.0,-0.0154,0.688355,0.725374,1
5935,2.9167,0.0,0.0158,0.0,-0.0158,0.691513,0.722364,1
5936,2.9333,0.0,0.0134,0.0,-0.0134,0.694658,0.71934,1
5937,2.95,0.0,0.0161,0.0,-0.0161,0.69779,0.716302,1
5938,2.9667,0.0,0.0198,0.0,-0.0198,0.700909,0.71325,1
5939,2.9833,0.0,0.0176,0.0,-0.0176,0.704015,0.710185,1
5940,3.0,0.0,0.0159,0.0,-0.0159,0.707107,0.707107,1
5941,3.0167,0.0,0.0162,0.0,-0.0162,0.710185,0.704015,1
5942,3.0333,0.0,0.0178,0.0,-0.0178,0.71325,0.700909,1
5943,3.05,0.0,0.0148,0.0,-0.0148,0.716302,0.69779,1
5944,3.0667,0.0,0.0156,0.0,-0.0156,0.71934,0.694658,1
5945,3.0833,0.0,0.0111,0.0,-0.0111,0.722364,0.691513,1
5946,3.1,0.0,0.015,0.0,-0.015,0.725374,0.688355,1
5947,3.1167,0.0,0.015,0.0,-0.015,0.728371,0.685183,1
5948,3.1333,0.0,0.019,0.0,-0.019,0.731354,0.681998,1
5949,3.15,0.0,0.0166,0.0,-0.0166,0.734323,0.678801,1
5950,3.1667,0.0,0.0143,0.0,-0.0143,0.737277,0.67559,1
5951,3.1833,0.0,0.0156,0.0,-0.0156,0.740218,0.672367,1
5952,3.2,0.0,0.016,0.0,-0.016,0.743145,0.669131,1
5953,3.2167,0.0,0.0162,0.0,-0.0162,0.746057,0.665882,1
5954,3.2333,0.0,0.0164,0.0,-0.0164,0.748956,0.66262,1
5955,3.25,0.0,0.0165,0.0,-0.0165,0.75184,0.659346,1
5956,3.2667,0.0,0.0149,0.0,-0.0149,0.75471,0.656059,1
5957,3.2833,0.0,0.0158,0.0,-0.0158,0.757565,0.65276,1
5958,3.3,0.0,0.0153,0.0,-0.0153,0.760406,0.649448,1
5959,3.3167,0.0,0.0171,0.0,-0.0171,0.763232,0.646124,1
5960,3.3333,0.0,0.0169,0.0,-0.0169,0.766044,0.642788,1
5961,3.35,0.0,0.0167,0.0,-0.0167,0.768842,0.639439,1
5962,3.3667,0.0,0.0181,0.0,-0.0181,0.771625,0.636078,1
5963,3.3833,0.0,0.0178,0.0,-0.0178,0.774393,0.632705,1
5964,3.4,0.0,0.0147,0.0,-0.0147,0.777146,0.62932,1
5965,3.4167,0.0,0.0153,0.0,-0.0153,0.779884,0.625923,1
5966,3.4333,0.0,0.0165,0.0,-0.0165,0.782608,0.622515,1
5967,3.45,0.0,0.0162,0.0,-0.0162,0.785317,0.619094,1
5968,3.4667,0.0,0.0163,0.0,-0.0163,0.788011,0.615661,1
5969,3.4833,0.0,0.0151,0.0,-0.0151,0.79069,0.612217,1
5970,3.5,0.0,0.0162,0.0,-0.0162,0.793353,0.608761,1
5971,3.5167,0.0,0.0151,0.0,-0.0151,0.796002,0.605294,1
5972,3.5333,0.0,0.0128,0.0,-0.0128,0.798636,0.601815,1
5973,3.55,0.0,0.0142,0.0,-0.0142,0.801254,0.598325,1
5974,3.5667,0.0,0.0142,0.0,-0.0142,0.803857,0.594823,1
5975,3.5833,0.0,0.0145,0.0,-0.0145,0.806445,0.59131,1
5976,3.6,0.0,0.0178,0.0,-0.0178,0.809017,0.587785,1
5977,3.6167,0.0,0.0142,0.0,-0.0142,0.811574,0.58425,1
5978,3.6333,0.0,0.015,0.0,-0.015,0.814116,0.580703,1
5979,3.65,0.0,0.0177,0.0,-0.0177,0.816642,0.577145,1
5980,3.6667,0.0,0.013,0.0,-0.013,0.819152,0.573576,1
5981,3.6833,0.0,0.0142,0.0,-0.0142,0.821647,0.569997,1
5982,3.7,0.0,0.0163,0.0,-0.0163,0.824126,0.566406,1
5983,3.7167,0.0,0.0142,0.0,-0.0142,0.82659,0.562805,1
5984,3.7333,0.0,0.0167,0.0,-0.0167,0.829038,0.559193,1
5985,3.75,0.0,0.0142,0.0,-0.0142,0.83147,0.55557,1
5986,3.7667,0.0,0.0189,0.0,-0.0189,0.833886,0.551937,1
5987,3.7833,0.0,0.0169,0.0,-0.0169,0.836286,0.548293,1
5988,3.8,0.0,0.0166,0.0,-0.0166,0.838671,0.544639,1
5989,3.8167,0.0,0.018,0.0,-0.018,0.841039,0.540974,1
5990,3.8333,0.0,0.0164,0.0,-0.0164,0.843391,0.5373,1
5991,3.85,0.0,0.0153,0.0,-0.0153,0.845728,0.533615,1
5992,3.8667,0.0,0.0139,0.0,-0.0139,0.848048,0.529919,1
5993,3.8833,0.0,0.0157,0.0,-0.0157,0.850352,0.526214,1
5994,3.9,0.0,0.0113,0.0,-0.0113,0.85264,0.522499,1
5995,3.9167,0.0,0.0135,0.0,-0.0135,0.854912,0.518773,1
5996,3.9333,0.0,0.015,0.0,-0.015,0.857167,0.515038,1
5997,3.95,0.0,0.0143,0.0,-0.0143,0.859406,0.511293,1
5998,3.9667,0.0,0.0136,0.0,-0.0136,0.861629,0.507538,1
5999,3.9833,0.0,0.0141,0.0,-0.0141,0.863836,0.503774,1
6000,4.0,0.0,0.0152,0.0,-0.0152,0.866025,0.5,1
6001,4.0167,0.0,0.0135,0.0,-0.0135,0.868199,0.496217,1
6002,4.0333,0.0,0.0177,0.0,-0.0177,0.870356,0.492424,1
6003,4.05,0.0,0.0211,0.0,-0.0211,0.872496,0.488621,1
6004,4.0667,0.0,0.0143,0.0,-0.0143,0.87462,0.48481,1
6005,4.0833,0.0,0.0163,0.0,-0.0163,0.876727,0.480989,1
6006,4.1,0.0,0.0133,0.0,-0.0133,0.878817,0.477159,1
6007,4.1167,0.0,0.0157,0.0,-0.0157,0.880891,0.47332,1
6008,4.1333,0.0,0.0153,0.0,-0.0153,0.882948,0.469472,1
6009,4.15,0.0,0.0174,0.0,-0.0174,0.884988,0.465615,1
6010,4.1667,0.0,0.0147,0.0,-0.0147,0.887011,0.461749,1
6011,4.1833,0.0,0.0146,0.0,-0.0146,0.889017,0.457874,1
6012,4.2,0.0,0.0146,0.0,-0.0146,0.891007,0.45399,1
6013,4.2167,0.0,0.0166,0.0,-0.0166,0.892979,0.450098,1
6014,4.2333,0.0,0.0147,0.0,-0.0147,0.894934,0.446198,1
6015,4.25,0.0,0.0148,0.0,-0.0148,0.896873,0.442289,1
6016,4.2667,0.0,0.0166,0.0,-0.0166,0.898794,0.438371,1
6017,4.2833,0.0,0.0145,0.0,-0.0145,0.900698,0.434445,1
6018,4.3,0.0,0.0185,0.0,-0.0185,0.902585,0.430511,1
6019,4.3167,0.0,0.0131,0.0,-0.0131,0.904455,0.426569,1
6020,4.3333,0.0,0.0163,0.0,-0.0163,0.906308,0.422618,1
6021,4.35,0.0,0.0166,0.0,-0.0166,0.908143,0.41866,1
6022,4.3667,0.0,0.0186,0.0,-0.0186,0.909961,0.414693,1
6023,4.3833,0.0,0.0183,0.0,-0.0183,0.911762,0.410719,1
6024,4.4,0.0,0.0196,0.0,-0.0196,0.913545,0.406737,1
6025,4.4167,0.0,0.015,0.0,-0.015,0.915311,0.402747,1
6026,4.4333,0.0,0.0172,0.0,-0.0172,0.91706,0.398749,1
6027,4.45,0.0,0.0167,0.0,-0.0167,0.918791,0.394744,1
6028,4.4667,0.0,0.0167,0.0,-0.0167,0.920505,0.390731,1
6029,4.4833,0.0,0.014,0.0,-0.014,0.922201,0.386711,1
6030,4.5,0.0,0.0149,0.0,-0.0149,0.92388,0.382683,1
6031,4.5167,0.0,0.0136,0.0,-0.0136,0.925541,0.378649,1
6032,4.5333,0.0,0.0157,0.0,-0.0157,0.927184,0.374607,1
6033,4.55,0.0,0.0161,0.0,-0.0161,0.92881,0.370557,1
6034,4.5667,0.0,0.0166,0.0,-0.0166,0.930418,0.366501,1
6035,4.5833,0.0,0.0174,0.0,-0.0174,0.932008,0.362438,1
6036,4.6,0.0,0.0131,0.0,-0.0131,0.93358,0.358368,1
6037,4.6167,0.0,0.0155,0.0,-0.0155,0.935135,0.354291,1
6038,4.6333,0.0,0.0136,0.0,-0.0136,0.936672,0.350207,1
6039,4.65,0.0,0.014,0.0,-0.014,0.938191,0.346117,1
6040,4.6667,0.0,0.0155,0.0,-0.0155,0.939693,0.34202,1
6041,4.6833,0.0,0.0191,0.0,-0.0191,0.941176,0.337917,1
6042,4.7,0.0,0.013,0.0,-0.013,0.942641,0.333807,1
6043,4.7167,0.0,0.0157,0.0,-0.0157,0.944089,0.329691,1
6044,4.7333,0.0,0.0158,0.0,-0.0158,0.945519,0.325568,1
6045,4.75,0.0,0.0166,0.0,-0.0166,0.94693,0.321439,1
6046,4.7667,0.0,0.0137,0.0,-0.0137,0.948324,0.317305,1
6047,4.7833,0.0,0.0179,0.0,-0.0179,0.949699,0.313164,1
6048,4.8,0.0,0.0114,0.0,-0.0114,0.951057,0.309017,1
6049,4.8167,0.0,0.0181,0.0,-0.0181,0.952396,0.304864,1
6050,4.8333,0.0,0.0146,0.0,-0.0146,0.953717,0.300706,1
6051,4.85,0.0,0.0141,0.0,-0.0141,0.95502,0.296542,1
6052,4.8667,0.0,0.0165,0.0,-0.0165,0.956305,0.292372,1
6053,4.8833,0.0,0.015,0.0,-0.015,0.957571,0.288196,1
6054,4.9,0.0,0.0152,0.0,-0.0152,0.95882,0.284015,1
6055,4.9167,0.0,0.0164,0.0,-0.0164,0.96005,0.279829,1
6056,4.9333,0.0,0.0161,0.0,-0.0161,0.961262,0.275637,1
6057,4.95,0.0,0.0179,0.0,-0.0179,0.962455,0.27144,1
6058,4.9667,0.0,0.0162,0.0,-0.0162,0.96363,0.267238,1
6059,4.9833,0.0,0.0137,0.0,-0.0137,0.964787,0.263031,1
6060,5.0,0.0,0.0196,0.0,-0.0196,0.965926,0.258819,1
6061,5.0167,0.0,0.0182,0.0,-0.0182,0.967046,0.254602,1
6062,5.0333,0.0,0.0145,0.0,-0.0145,0.968148,0.25038,1
6063,5.05,0.0,0.0132,0.0,-0.0132,0.969231,0.246153,1
6064,5.0667,0.0,0.0158,0.0,-0.0158,0.970296,0.241922,1
6065,5.0833,0.0,0.0165,0.0,-0.0165,0.971342,0.237686,1
6066,5.1,0.0,0.0118,0.0,-0.0118,0.97237,0.233445,1
6067,5.1167,0.0,0.0138,0.0,-0.0138,0.973379,0.2292,1
6068,5.1333,0.0,0.0155,0.0,-0.0155,0.97437,0.224951,1
6069,5.15,0.0,0.018,0.0,-0.018,0.975342,0.220697,1
6070,5.1667,0.0,0.0147,0.0,-0.0147,0.976296,0.21644,1
6071,5.1833,0.0,0.0183,0.0,-0.0183,0.977231,0.212178,1
6072,5.2,0.0,0.0169,0.0,-0.0169,0.978148,0.207912,1
6073,5.2167,0.0,0.0155,0.0,-0.0155,0.979045,0.203642,1
6074,5.2333,0.0,0.0152,0.0,-0.0152,0.979925,0.199368,1
6075,5.25,0.0,0.0175,0.0,-0.0175,0.980785,0.19509,1
6076,5.2667,0.0,0.0156,0.0,-0.0156,0.981627,0.190809,1
6077,5.2833,0.0,0.014,0.0,-0.014,0.98245,0.186524,1
6078,5.3,0.0,0.0158,0.0,-0.0158,0.983255,0.182236,1
6079,5.3167,0.0,0.0179,0.0,-0.0179,0.984041,0.177944,1
6080,5.3333,0.0,0.0093,0.0,-0.0093,0.984808,0.173648,1
6081,5.35,0.0,0.0143,0.0,-0.0143,0.985556,0.16935,1
6082,5.3667,0.0,0.018,0.0,-0.018,0.986286,0.165048,1
6083,5.3833,0.0,0.0164,0.0,-0.0164,0.986996,0.160743,1
6084,5.4,0.0,0.0147,0.0,-0.0147,0.987688,0.156434,1
6085,5.4167,0.0,0.0145,0.0,-0.0145,0.988362,0.152123,1
6086,5.4333,0.0,0.0126,0.0,-0.0126,0.989016,0.147809,1
6087,5.45,0.0,0.0195,0.0,-0.0195,0.989651,0.143493,1
6088,5.4667,0.0,0.0164,0.0,-0.0164,0.990268,0.139173,1
6089,5.4833,0.0,0.0163,0.0,-0.0163,0.990866,0.134851,1
6090,5.5,0.0,0.0151,0.0,-0.0151,0.991445,0.130526,1
6091,5.5167,0.0,0.0156,0.0,-0.0156,0.992005,0.126199,1
6092,5.5333,0.0,0.0161,0.0,-0.0161,0.992546,0.121869,1
6093,5.55,0.0,0.0153,0.0,-0.0153,0.993068,0.117537,1
6094,5.5667,0.0,0.0155,0.0,-0.0155,0.993572,0.113203,1
6095,5.5833,0.0,0.0163,0.0,-0.0163,0.994056,0.108867,1
6096,5.6,0.0,0.0187,0.0,-0.0187,0.994522,0.104528,1
6097,5.6167,0.0,0.0127,0.0,-0.0127,0.994969,0.100188,1
6098,5.6333,0.0,0.0177,0.0,-0.0177,0.995396,0.095846,1
6099,5.65,0.0,0.0194,0.0,-0.0194,0.995805,0.091502,1
6100,5.6667,0.0,0.017,0.0,-0.017,0.996195,0.087156,1
6101,5.6833,0.0,0.0141,0.0,-0.0141,0.996566,0.082808,1
6102,5.7,0.0,0.0146,0.0,-0.0146,0.996917,0.078459,1
6103,5.7167,0.0,0.0135,0.0,-0.0135,0.99725,0.074108,1
6104,5.7333,0.0,0.013,0.0,-0.013,0.997564,0.069756,1
6105,5.75,0.0,0.0135,0.0,-0.0135,0.997859,0.065403,1
6106,5.7667,0.0,0.0123,0.0,-0.0123,0.998135,0.061049,1
6107,5.7833,0.0,0.0126,0.0,-0.0126,0.998392,0.056693,1
6108,5.8,0.0,0.0139,0.0,-0.0139,0.99863,0.052336,1
6109,5.8167,0.0,0.0155,0.0,-0.0155,0.998848,0.047978,1
6110,5.8333,0.0,0.0139,0.0,-0.0139,0.999048,0.043619,1
6111,5.85,0.0,0.0152,0.0,-0.0152,0.999229,0.03926,1
6112,5.8667,0.0,0.0173,0.0,-0.0173,0.999391,0.034899,1
6113,5.8833,0.0,0.0168,0.0,-0.0168,0.999534,0.030539,1
6114,5.9,0.0,0.0126,0.0,-0.0126,0.999657,0.026177,1
6115,5.9167,0.0,0.0157,0.0,-0.0157,0.999762,0.021815,1
6116,5.9333,0.0,0.0152,0.0,-0.0152,0.999848,0.017452,1
6117,5.95,0.0,0.0181,0.0,-0.0181,0.999914,0.01309,1
6118,5.9667,0.0,0.0167,0.0,-0.0167,0.999962,0.008727,1
6119,5.9833,0.0,0.0138,0.0,-0.0138,0.99999,0.004363,1
6120,6.0,0.0,0.033,0.0,-0.033,1.0,0.0,1
6121,6.0167,0.0,0.0282,0.0,-0.0282,0.99999,-0.004363,1
6122,6.0333,0.00495,0.0299,0.0,-0.02495,0.999962,-0.008727,1
6123,6.05,0.0024,0.0265,0.0,-0.0241,0.999914,-0.01309,1
6124,6.0667,0.0,0.0281,0.0,-0.0281,0.999848,-0.017452,1
6125,6.0833,0.007467,0.0327,0.0,-0.025233,0.999762,-0.021815,1
6126,6.1,0.003783,0.0282,0.0,-0.024417,0.999657,-0.026177,1
6127,6.1167,0.003267,0.0299,0.0,-0.026633,0.999534,-0.030539,1
6128,6.1333,0.008333,0.026,0.0,-0.017667,0.999391,-0.034899,1
6129,6.15,0.010217,0.0283,0.0,-0.018083,0.999229,-0.03926,1
6130,6.1667,0.0065,0.0313,0.0,-0.0248,0.999048,-0.043619,1
6131,6.1833,0.011033,0.031,0.0,-0.019967,0.998848,-0.047978,1
6132,6.2,0.009567,0.0308,0.0,-0.021233,0.99863,-0.052336,1
6133,6.2167,0.0083,0.0266,0.0,-0.0183,0.998392,-0.056693,1
6134,6.2333,0.005433,0.0257,0.0,-0.020267,0.998135,-0.061049,1
6135,6.25,0.008633,0.0295,0.0,-0.020867,0.997859,-0.065403,1
6136,6.2667,0.012183,0.0261,0.0,-0.013917,0.997564,-0.069756,1
6137,6.2833,0.011817,0.0269,0.0,-0.015083,0.99725,-0.074108,1
6138,6.3,0.009167,0.0264,0.0,-0.017233,0.996917,-0.078459,1
6139,6.3167,0.009533,0.0261,0.0,-0.016567,0.996566,-0.082808,1
6140,6.3333,0.014067,0.0285,0.0,-0.014433,0.996195,-0.087156,1
6141,6.35,0.016233,0.0294,0.0,-0.013167,0.995805,-0.091502,1
6142,6.3667,0.01435,0.0291,0.0,-0.01475,0.995396,-0.095846,1
6143,6.3833,0.01675,0.0285,0.0,-0.01175,0.994969,-0.100188,1
6144,6.4,0.01595,0.0307,0.0,-0.01475,0.994522,-0.104528,1
6145,6.4167,0.013483,0.0298,0.0,-0.016317,0.994056,-0.108867,1
6146,6.4333,0.0158,0.029,0.0,-0.0132,0.993572,-0.113203,1
6147,6.45,0.018017,0.0295,0.0,-0.011483,0.993068,-0.117537,1
6148,6.4667,0.0159,0.0259,0.0,-0.01,0.992546,-0.121869,1
6149,6.4833,0.017067,0.0286,0.0,-0.011533,0.992005,-0.126199,1
6150,6.5,0.015833,0.0258,0.0,-0.009967,0.991445,-0.130526,1
6151,6.5167,0.021733,0.0281,0.0,-0.006367,0.990866,-0.134851,1
6152,6.5333,0.017933,0.0274,0.0,-0.009467,0.990268,-0.139173,1
6153,6.55,0.02615,0.0306,0.0,-0.00445,0.989651,-0.143493,1
6154,6.5667,0.025083,0.0279,0.0,-0.002817,0.989016,-0.147809,1
6155,6.5833,0.020917,0.0287,0.0,-0.007783,0.988362,-0.152123,1
6156,6.6,0.022117,0.0298,0.0,-0.007683,0.987688,-0.156434,1
6157,6.6167,0.027567,0.0249,0.0027,0.002667,0.986996,-0.160743,0
6158,6.6333,0.0232,0.0285,0.0,-0.0053,0.986286,-0.165048,1
6159,6.65,0.01975,0.0297,0.0,-0.00995,0.985556,-0.16935,1
6160,6.6667,0.025783,0.0335,0.0,-0.007717,0.984808,-0.173648,1
6161,6.6833,0.028867,0.0297,0.0,-0.000833,0.984041,-0.177944,1
6162,6.7,0.024733,0.031,0.0,-0.006267,0.983255,-0.182236,1
6163,6.7167,0.02595,0.0262,0.0,-0.00025,0.98245,-0.186524,1
6164,6.7333,0.027233,0.0295,0.0,-0.002267,0.981627,-0.190809,1
6165,6.75,0.023983,0.0299,0.0,-0.005917,0.980785,-0.19509,1
6166,6.7667,0.030033,0.0291,0.0009,0.000933,0.979925,-0.199368,0
6167,6.7833,0.03005,0.0259,0.0051,0.00415,0.979045,-0.203642,0
6168,6.8,0.03115,0.0307,0.0056,0.00045,0.978148,-0.207912,0
6169,6.8167,0.03275,0.0332,0.0052,-0.00045,0.977231,-0.212178,0
6170,6.8333,0.032467,0.026,0.0117,0.006467,0.976296,-0.21644,0
6171,6.85,0.037117,0.0285,0.0203,0.008617,0.975342,-0.220697,0
6172,6.8667,0.031867,0.0251,0.0271,0.006767,0.97437,-0.224951,0
6173,6.8833,0.031,0.026,0.0321,0.005,0.973379,-0.2292,0
6174,6.9,0.04025,0.029,0.0433,0.01125,0.97237,-0.233445,0
6175,6.9167,0.034,0.0268,0.0505,0.0072,0.971342,-0.237686,0
6176,6.9333,0.038267,0.0323,0.0565,0.005967,0.970296,-0.241922,0
6177,6.95,0.039467,0.0258,0.0702,0.013667,0.969231,-0.246153,0
6178,6.9667,0.037183,0.03,0.0774,0.007183,0.968148,-0.25038,0
6179,6.9833,0.04085,0.0293,0.089,0.01155,0.967046,-0.254602,0
6180,7.0,0.038267,0.053,0.0743,-0.014733,0.965926,-0.258819,0
6181,7.0167,0.045383,0.0517,0.068,-0.006317,0.964787,-0.263031,0
6182,7.0333,0.039783,0.0495,0.0583,-0.009717,0.96363,-0.267238,0
6183,7.05,0.043817,0.0557,0.0464,-0.011883,0.962455,-0.27144,0
6184,7.0667,0.03885,0.0507,0.0345,-0.01185,0.961262,-0.275637,0
6185,7.0833,0.039133,0.054,0.0196,-0.014867,0.96005,-0.279829,0
6186,7.1,0.04025,0.054,0.0059,-0.01375,0.95882,-0.284015,0
6187,7.1167,0.0405,0.0524,0.0,-0.0119,0.957571,-0.288196,1
6188,7.1333,0.047083,0.0528,0.0,-0.005717,0.956305,-0.292372,1
6189,7.15,0.043733,0.0499,0.0,-0.006167,0.95502,-0.296542,1
6190,7.1667,0.04585,0.0491,0.0,-0.00325,0.953717,-0.300706,1
6191,7.1833,0.042917,0.0544,0.0,-0.011483,0.952396,-0.304864,1
6192,7.2,0.04485,0.0523,0.0,-0.00745,0.951057,-0.309017,1
6193,7.2167,0.047867,0.0541,0.0,-0.006233,0.949699,-0.313164,1
6194,7.2333,0.044117,0.0518,0.0,-0.007683,0.948324,-0.317305,1
6195,7.25,0.048517,0.0496,0.0,-0.001083,0.94693,-0.321439,1
6196,7.2667,0.0521,0.0495,0.0026,0.0026,0.945519,-0.325568,0
6197,7.2833,0.050283,0.0517,0.0012,-0.001417,0.944089,-0.329691,0
6198,7.3,0.048333,0.0505,0.0,-0.002167,0.942641,-0.333807,1
6199,7.3167,0.0509,0.0529,0.0,-0.002,0.941176,-0.337917,1
6200,7.3333,0.054467,0.0553,0.0,-0.000833,0.939693,-0.34202,1
6201,7.35,0.0526,0.0546,0.0,-0.002,0.938191,-0.346117,1
6202,7.3667,0.054417,0.0521,0.0023,0.002317,0.936672,-0.350207,0
6203,7.3833,0.053983,0.0513,0.005,0.002683,0.935135,-0.354291,0
6204,7.4,0.054667,0.0515,0.0082,0.003167,0.93358,-0.358368,0
6205,7.4167,0.052517,0.0556,0.0051,-0.003083,0.932008,-0.362438,0
6206,7.4333,0.055783,0.0528,0.0081,0.002983,0.930418,-0.366501,0
6207,7.45,0.058167,0.0524,0.0139,0.005767,0.92881,-0.370557,0
6208,7.4667,0.05395,0.0521,0.0157,0.00185,0.927184,-0.374607,0
6209,7.4833,0.061433,0.0546,0.0225,0.006833,0.925541,-0.378649,0
6210,7.5,0.053783,0.0497,0.0266,0.004083,0.92388,-0.382683,0
6211,7.5167,0.05955,0.0514,0.0348,0.00815,0.922201,-0.386711,0
6212,7.5333,0.05295,0.0561,0.0316,-0.00315,0.920505,-0.390731,0
6213,7.55,0.057167,0.0528,0.036,0.004367,0.918791,-0.394744,0
6214,7.5667,0.058783,0.053,0.0418,0.005783,0.91706,-0.398749,0
6215,7.5833,0.06415,0.0532,0.0527,0.01095,0.915311,-0.402747,0
6216,7.6,0.061217,0.0497,0.0642,0.011517,0.913545,-0.406737,0
6217,7.6167,0.0603,0.0506,0.0739,0.0097,0.911762,-0.410719,0
6218,7.6333,0.062333,0.0505,0.0857,0.011833,0.909961,-0.414693,0
6219,7.65,0.060833,0.0539,0.0926,0.006933,0.908143,-0.41866,0
6220,7.6667,0.0638,0.0538,0.1026,0.01,0.906308,-0.422618,0
6221,7.6833,0.063533,0.0518,0.1143,0.011733,0.904455,-0.426569,0
6222,7.7,0.067233,0.053,0.1285,0.014233,0.902585,-0.430511,0
6223,7.7167,0.06615,0.0512,0.1434,0.01495,0.900698,-0.434445,0
6224,7.7333,0.067733,0.0513,0.1598,0.016433,0.898794,-0.438371,0
6225,7.75,0.0648,0.0556,0.169,0.0092,0.896873,-0.442289,0
6226,7.7667,0.06675,0.0513,0.1845,0.01545,0.894934,-0.446198,0
6227,7.7833,0.066033,0.0487,0.2018,0.017333,0.892979,-0.450098,0
6228,7.8,0.066633,0.0527,0.2157,0.013933,0.891007,-0.45399,0
6229,7.8167,0.072367,0.0524,0.2357,0.019967,0.889017,-0.457874,0
6230,7.8333,0.0685,0.0539,0.2503,0.0146,0.887011,-0.461749,0
6231,7.85,0.069033,0.0529,0.2664,0.016133,0.884988,-0.465615,0
6232,7.8667,0.070233,0.0533,0.2833,0.016933,0.882948,-0.469472,0
6233,7.8833,0.072483,0.0522,0.3036,0.020283,0.880891,-0.47332,0
6234,7.9,0.066667,0.0525,0.3178,0.014167,0.878817,-0.477159,0
6235,7.9167,0.07185,0.0494,0.3403,0.02245,0.876727,-0.480989,0
6236,7.9333,0.076533,0.0537,0.3631,0.022833,0.87462,-0.48481,0
6237,7.95,0.068217,0.0519,0.3794,0.016317,0.872496,-0.488621,0
6238,7.9667,0.076433,0.0516,0.4042,0.024833,0.870356,-0.492424,0
6239,7.9833,0.076533,0.056,0.4247,0.020533,0.868199,-0.496217,0
6240,8.0,0.076267,0.0544,0.4466,0.021867,0.866025,-0.5,0
6241,8.0167,0.076633,0.0548,0.4684,0.021833,0.863836,-0.503774,0
6242,8.0333,0.076633,0.0499,0.4951,0.026733,0.861629,-0.507538,0
6243,8.05,0.07135,0.0539,0.5126,0.01745,0.859406,-0.511293,0
6244,8.0667,0.072383,0.0497,0.5353,0.022683,0.857167,-0.515038,0
6245,8.0833,0.078517,0.052,0.5618,0.026517,0.854912,-0.518773,0
6246,8.1,0.081683,0.055,0.5885,0.026683,0.85264,-0.522499,0
6247,8.1167,0.084983,0.055,0.6185,0.029983,0.850352,-0.526214,0
6248,8.1333,0.074733,0.0558,0.6374,0.018933,0.848048,-0.529919,0
6249,8.15,0.081217,0.0529,0.6657,0.028317,0.845728,-0.533615,0
6250,8.1667,0.082067,0.0542,0.6936,0.027867,0.843391,-0.5373,0
6251,8.1833,0.083867,0.0561,0.7214,0.027767,0.841039,-0.540974,0
6252,8.2,0.082117,0.0513,0.7522,0.030817,0.838671,-0.544639,0
6253,8.2167,0.079917,0.0535,0.7786,0.026417,0.836286,-0.548293,0
6254,8.2333,0.082783,0.0543,0.8071,0.028483,0.833886,-0.551937,0
6255,8.25,0.082333,0.0531,0.8363,0.029233,0.83147,-0.55557,0
6256,8.2667,0.089817,0.0518,0.8743,0.038017,0.829038,-0.559193,0
6257,8.2833,0.0856,0.0543,0.9056,0.0313,0.82659,-0.562805,0
6258,8.3,0.087217,0.048,0.9448,0.039217,0.824126,-0.566406,0
6259,8.3167,0.086533,0.0528,0.9785,0.033733,0.821647,-0.569997,0
6260,8.3333,0.079567,0.0542,1.0039,0.025367,0.819152,-0.573576,0
6261,8.35,0.0847,0.0539,1.0347,0.0308,0.816642,-0.577145,0
6262,8.3667,0.088083,0.0566,1.0662,0.031483,0.814116,-0.580703,0
6263,8.3833,0.089233,0.0534,1.102,0.035833,0.811574,-0.58425,0
6264,8.4,0.0895,0.0531,1.1384,0.0364,0.809017,-0.587785,0
6265,8.4167,0.089433,0.0545,1.1733,0.034933,0.806445,-0.59131,0
6266,8.4333,0.08805,0.0536,1.2077,0.03445,0.803857,-0.594823,0
6267,8.45,0.09055,0.0554,1.2429,0.03515,0.801254,-0.598325,0
6268,8.4667,0.091417,0.0513,1.283,0.040117,0.798636,-0.601815,0
6269,8.4833,0.089283,0.0523,1.32,0.036983,0.796002,-0.605294,0
6270,8.5,0.09045,0.0521,1.3583,0.03835,0.793353,-0.608761,0
6271,8.5167,0.094067,0.0507,1.4017,0.043367,0.79069,-0.612217,0
6272,8.5333,0.093817,0.0524,1.4431,0.041417,0.788011,-0.615661,0
6273,8.55,0.095483,0.0531,1.4855,0.042383,0.785317,-0.619094,0
6274,8.5667,0.0943,0.0531,1.5267,0.0412,0.782608,-0.622515,0
6275,8.5833,0.098167,0.0528,1.5721,0.045367,0.779884,-0.625923,0
6276,8.6,0.089217,0.0531,1.6082,0.036117,0.777146,-0.62932,0
6277,8.6167,0.091117,0.0522,1.6471,0.038917,0.774393,-0.632705,0
6278,8.6333,0.09225,0.0519,1.6874,0.04035,0.771625,-0.636078,0
6279,8.65,0.097483,0.0499,1.735,0.047583,0.768842,-0.639439,0
6280,8.6667,0.094067,0.052,1.7771,0.042067,0.766044,-0.642788,0
6281,8.6833,0.096033,0.0548,1.8183,0.041233,0.763232,-0.646124,0
6282,8.7,0.099017,0.051,1.8663,0.048017,0.760406,-0.649448,0
6283,8.7167,0.0962,0.0507,1.9118,0.0455,0.757565,-0.65276,0
6284,8.7333,0.100367,0.0567,1.9555,0.043667,0.75471,-0.656059,0
6285,8.75,0.096883,0.0553,1.9971,0.041583,0.75184,-0.659346,0
6286,8.7667,0.101483,0.0506,2.048,0.050883,0.748956,-0.66262,0
6287,8.7833,0.098967,0.0525,2.0945,0.046467,0.746057,-0.665882,0
6288,8.8,0.098233,0.0505,2.1422,0.047733,0.743145,-0.669131,0
6289,8.8167,0.098367,0.055,2.1856,0.043367,0.740218,-0.672367,0
6290,8.8333,0.101483,0.0517,2.2354,0.049783,0.737277,-0.67559,0
6291,8.85,0.099467,0.0537,2.2812,0.045767,0.734323,-0.678801,0
6292,8.8667,0.105633,0.0507,2.3361,0.054933,0.731354,-0.681998,0
6293,8.8833,0.102933,0.0541,2.3849,0.048833,0.728371,-0.685183,0
6294,8.9,0.100733,0.0512,2.4344,0.049533,0.725374,-0.688355,0
6295,8.9167,0.107517,0.0529,2.489,0.054617,0.722364,-0.691513,0
6296,8.9333,0.10285,0.0553,2.5366,0.04755,0.71934,-0.694658,0
6297,8.95,0.099533,0.0501,2.586,0.049433,0.716302,-0.69779,0
6298,8.9667,0.106883,0.0502,2.6427,0.056683,0.71325,-0.700909,0
6299,8.9833,0.1068,0.0496,2.6999,0.0572,0.710185,-0.704015,0
6300,9.0,0.104583,0.0283,2.7762,0.076283,0.707107,-0.707107,0
6301,9.0167,0.1112,0.0318,2.8556,0.0794,0.704015,-0.710185,0
6302,9.0333,0.106733,0.0287,2.9336,0.078033,0.700909,-0.71325,0
6303,9.05,0.105383,0.027,3.012,0.078383,0.69779,-0.716302,0
6304,9.0667,0.109117,0.0279,3.0932,0.081217,0.694658,-0.71934,0
6305,9.0833,0.1106,0.028,3.1758,0.0826,0.691513,-0.722364,0
6306,9.1,0.108517,0.029,3.2553,0.079517,0.688355,-0.725374,0
6307,9.1167,0.1105,0.0299,3.3359,0.0806,0.685183,-0.728371,0
6308,9.1333,0.103033,0.0317,3.4072,0.071333,0.681998,-0.731354,0
6309,9.15,0.109183,0.0284,3.488,0.080783,0.678801,-0.734323,0
6310,9.1667,0.109817,0.0274,3.5704,0.082417,0.67559,-0.737277,0
6311,9.1833,0.1113,0.0286,3.6531,0.0827,0.672367,-0.740218,0
6312,9.2,0.105433,0.0284,3.7301,0.077033,0.669131,-0.743145,0
6313,9.2167,0.112,0.0283,3.8138,0.0837,0.665882,-0.746057,0
6314,9.2333,0.1089,0.0267,3.896,0.0822,0.66262,-0.748956,0
6315,9.25,0.107867,0.0304,3.9735,0.077467,0.659346,-0.75184,0
6316,9.2667,0.111367,0.0308,4.0541,0.080567,0.656059,-0.75471,0
6317,9.2833,0.118667,0.0288,4.144,0.089867,0.65276,-0.757565,0
6318,9.3,0.118867,0.0254,4.2375,0.093467,0.649448,-0.760406,0
6319,9.3167,0.116,0.0314,4.3221,0.0846,0.646124,-0.763232,0
6320,9.3333,0.116933,0.0273,4.4117,0.089633,0.642788,-0.766044,0
6321,9.35,0.1123,0.0291,4.4949,0.0832,0.639439,-0.768842,0
6322,9.3667,0.1137,0.0309,4.5777,0.0828,0.636078,-0.771625,0
6323,9.3833,0.112183,0.0315,4.6584,0.080683,0.632705,-0.774393,0
6324,9.4,0.113917,0.0314,4.7409,0.082517,0.62932,-0.777146,0
6325,9.4167,0.1146,0.0279,4.8276,0.0867,0.625923,-0.779884,0
6326,9.4333,0.115967,0.0276,4.916,0.088367,0.622515,-0.782608,0
6327,9.45,0.117067,0.0303,5.0028,0.086767,0.619094,-0.785317,0
6328,9.4667,0.115383,0.0284,5.0898,0.086983,0.615661,-0.788011,0
6329,9.4833,0.1198,0.0275,5.1821,0.0923,0.612217,-0.79069,0
6330,9.5,0.1185,0.0289,5.2717,0.0896,0.608761,-0.793353,0
6331,9.5167,0.119767,0.0317,5.3598,0.088067,0.605294,-0.796002,0
6332,9.5333,0.121317,0.0292,5.4519,0.092117,0.601815,-0.798636,0
6333,9.55,0.117583,0.0267,5.5428,0.090883,0.598325,-0.801254,0
6334,9.5667,0.122433,0.0285,5.6367,0.093933,0.594823,-0.803857,0
6335,9.5833,0.122917,0.0289,5.7307,0.094017,0.59131,-0.806445,0
6336,9.6,0.119867,0.0255,5.8251,0.094367,0.587785,-0.809017,0
6337,9.6167,0.12,0.0282,5.9169,0.0918,0.58425,-0.811574,0
6338,9.6333,0.1217,0.0256,6.013,0.0961,0.580703,-0.814116,0
6339,9.65,0.121717,0.0261,6.1086,0.095617,0.577145,-0.816642,0
6340,9.6667,0.119033,0.0309,6.1967,0.088133,0.573576,-0.819152,0
6341,9.6833,0.122567,0.028,6.2913,0.094567,0.569997,-0.821647,0
6342,9.7,0.120867,0.032,6.3802,0.088867,0.566406,-0.824126,0
6343,9.7167,0.116783,0.0268,6.4702,0.089983,0.562805,-0.82659,0
6344,9.7333,0.124183,0.0254,6.569,0.098783,0.559193,-0.829038,0
6345,9.75,0.124633,0.0299,6.6637,0.094733,0.55557,-0.83147,0
6346,9.7667,0.12545,0.0294,6.7598,0.09605,0.551937,-0.833886,0
6347,9.7833,0.126433,0.0276,6.8586,0.098833,0.548293,-0.836286,0
6348,9.8,0.126517,0.0269,6.9582,0.099617,0.544639,-0.838671,0
6349,9.8167,0.124633,0.0313,7.0515,0.093333,0.540974,-0.841039,0
6350,9.8333,0.129617,0.0301,7.151,0.099517,0.5373,-0.843391,0
6351,9.85,0.127767,0.0284,7.2504,0.099367,0.533615,-0.845728,0
6352,9.8667,0.128433,0.0271,7.3517,0.101333,0.529919,-0.848048,0
6353,9.8833,0.129817,0.0254,7.4561,0.104417,0.526214,-0.850352,0
6354,9.9,0.123817,0.0258,7.5541,0.098017,0.522499,-0.85264,0
6355,9.9167,0.126183,0.0271,7.6532,0.099083,0.518773,-0.854912,0
6356,9.9333,0.128217,0.0294,7.752,0.098817,0.515038,-0.857167,0
6357,9.95,0.130017,0.0266,7.8554,0.103417,0.511293,-0.859406,0
6358,9.9667,0.127417,0.0305,7.9523,0.096917,0.507538,-0.861629,0
6359,9.9833,0.126633,0.0261,8.0528,0.100533,0.503774,-0.863836,0
6360,10.0,0.131183,0.0288,8.1552,0.102383,0.5,-0.866025,0
6361,10.0167,0.130283,0.0303,8.2552,0.099983,0.496217,-0.868199,0
6362,10.0333,0.128667,0.0312,8.3527,0.097467,0.492424,-0.870356,0
6363,10.05,0.128783,0.0271,8.4544,0.101683,0.488621,-0.872496,0
6364,10.0667,0.131233,0.0274,8.5582,0.103833,0.48481,-0.87462,0
6365,10.0833,0.132933,0.0296,8.6615,0.103333,0.480989,-0.876727,0
6366,10.1,0.132267,0.0311,8.7627,0.101167,0.477159,-0.878817,0
6367,10.1167,0.13095,0.0265,8.8672,0.10445,0.47332,-0.880891,0
6368,10.1333,0.1323,0.0302,8.9693,0.1021,0.469472,-0.882948,0
6369,10.15,0.129,0.0295,9.0688,0.0995,0.465615,-0.884988,0
6370,10.1667,0.135083,0.031,9.1729,0.104083,0.461749,-0.887011,0
6371,10.1833,0.140433,0.0294,9.2839,0.111033,0.457874,-0.889017,0
6372,10.2,0.134633,0.0306,9.3879,0.104033,0.45399,-0.891007,0
6373,10.2167,0.130783,0.0283,9.4904,0.102483,0.450098,-0.892979,0
6374,10.2333,0.1388,0.0254,9.6038,0.1134,0.446198,-0.894934,0
6375,10.25,0.135867,0.0325,9.7072,0.103367,0.442289,-0.896873,0
6376,10.2667,0.134583,0.028,9.8138,0.106583,0.438371,-0.898794,0
6377,10.2833,0.132183,0.0279,9.9181,0.104283,0.434445,-0.900698,0
6378,10.3,0.13605,0.0275,10.0267,0.10855,0.430511,-0.902585,0
6379,10.3167,0.136817,0.0292,10.1343,0.107617,0.426569,-0.904455,0
6380,10.3333,0.137733,0.0271,10.2449,0.110633,0.422618,-0.906308,0
6381,10.35,0.13335,0.0302,10.348,0.10315,0.41866,-0.908143,0
6382,10.3667,0.139067,0.0283,10.4588,0.110767,0.414693,-0.909961,0
6383,10.3833,0.13795,0.0269,10.5699,0.11105,0.410719,-0.911762,0
6384,10.4,0.136433,0.0271,10.6792,0.109333,0.406737,-0.913545,0
6385,10.4167,0.135867,0.0276,10.7875,0.108267,0.402747,-0.915311,0
6386,10.4333,0.137533,0.0293,10.8957,0.108233,0.398749,-0.91706,0
6387,10.45,0.1414,0.0287,11.0084,0.1127,0.394744,-0.918791,0
6388,10.4667,0.136467,0.0317,11.1132,0.104767,0.390731,-0.920505,0
6389,10.4833,0.136133,0.032,11.2173,0.104133,0.386711,-0.922201,0
6390,10.5,0.139,0.0289,11.3274,0.1101,0.382683,-0.92388,0
6391,10.5167,0.139983,0.029,11.4384,0.110983,0.378649,-0.925541,0
6392,10.5333,0.136533,0.0308,11.5441,0.105733,0.374607,-0.927184,0
6393,10.55,0.13925,0.0291,11.6543,0.11015,0.370557,-0.92881,0
6394,10.5667,0.139033,0.03,11.7633,0.109033,0.366501,-0.930418,0
6395,10.5833,0.143367,0.0305,11.8762,0.112867,0.362438,-0.932008,0
6396,10.6,0.134567,0.0264,11.9844,0.108167,0.358368,-0.93358,0
6397,10.6167,0.141833,0.0257,12.1005,0.116133,0.354291,-0.935135,0
6398,10.6333,0.1395,0.0248,12.2152,0.1147,0.350207,-0.936672,0
6399,10.65,0.139633,0.0274,12.3274,0.112233,0.346117,-0.938191,0
6400,10.6667,0.1434,0.0326,12.4382,0.1108,0.34202,-0.939693,0
6401,10.6833,0.1407,0.0287,12.5502,0.112,0.337917,-0.941176,0
6402,10.7,0.141117,0.0335,12.6578,0.107617,0.333807,-0.942641,0
6403,10.7167,0.1401,0.0263,12.7716,0.1138,0.329691,-0.944089,0
6404,10.7333,0.142133,0.0283,12.8854,0.113833,0.325568,-0.945519,0
6405,10.75,0.143017,0.0263,13.0021,0.116717,0.321439,-0.94693,0
6406,10.7667,0.141283,0.0275,13.1159,0.113783,0.317305,-0.948324,0
6407,10.7833,0.142417,0.0292,13.2291,0.113217,0.313164,-0.949699,0
6408,10.8,0.141883,0.0309,13.3401,0.110983,0.309017,-0.951057,0
6409,10.8167,0.146217,0.0338,13.4525,0.112417,0.304864,-0.952396,0
6410,10.8333,0.141117,0.029,13.5646,0.112117,0.300706,-0.953717,0
6411,10.85,0.141883,0.0295,13.677,0.112383,0.296542,-0.95502,0
6412,10.8667,0.145467,0.0294,13.7931,0.116067,0.292372,-0.956305,0
6413,10.8833,0.142317,0.0292,13.9062,0.113117,0.288196,-0.957571,0
6414,10.9,0.1417,0.0289,14.019,0.1128,0.284015,-0.95882,0
6415,10.9167,0.144933,0.0273,14.1366,0.117633,0.279829,-0.96005,0
6416,10.9333,0.144167,0.0265,14.2543,0.117667,0.275637,-0.961262,0
6417,10.95,0.144683,0.0307,14.3683,0.113983,0.27144,-0.962455,0
6418,10.9667,0.1435,0.0252,14.4866,0.1183,0.267238,-0.96363,0
6419,10.9833,0.144167,0.0296,14.6012,0.114567,0.263031,-0.964787,0
6420,11.0,0.145783,0.0294,14.7176,0.116383,0.258819,-0.965926,0
6421,11.0167,0.1441,0.0282,14.8335,0.1159,0.254602,-0.967046,0
6422,11.0333,0.14555,0.0296,14.9495,0.11595,0.25038,-0.968148,0
6423,11.05,0.146967,0.0277,15.0,0.119267,0.246153,-0.969231,0
6424,11.0667,0.148,0.0284,15.0,0.1196,0.241922,-0.970296,0
6425,11.0833,0.141283,0.0279,15.0,0.113383,0.237686,-0.971342,0
6426,11.1,0.147967,0.0287,15.0,0.119267,0.233445,-0.97237,0
6427,11.1167,0.144633,0.0287,15.0,0.115933,0.2292,-0.973379,0
6428,11.1333,0.1458,0.0269,15.0,0.1189,0.224951,-0.97437,0
6429,11.15,0.14475,0.024,15.0,0.12075,0.220697,-0.975342,0
6430,11.1667,0.146067,0.0254,15.0,0.120667,0.21644,-0.976296,0
6431,11.1833,0.144967,0.0268,15.0,0.118167,0.212178,-0.977231,0
6432,11.2,0.142483,0.0264,15.0,0.116083,0.207912,-0.978148,0
6433,11.2167,0.152,0.0316,15.0,0.1204,0.203642,-0.979045,0
6434,11.2333,0.145983,0.0329,15.0,0.113083,0.199368,-0.979925,0
6435,11.25,0.146183,0.0298,15.0,0.116383,0.19509,-0.980785,0
6436,11.2667,0.145133,0.0298,15.0,0.115333,0.190809,-0.981627,0
6437,11.2833,0.142567,0.0285,15.0,0.114067,0.186524,-0.98245,0
6438,11.3,0.143967,0.0305,15.0,0.113467,0.182236,-0.983255,0
6439,11.3167,0.144917,0.0262,15.0,0.118717,0.177944,-0.984041,0
6440,11.3333,0.14855,0.0267,15.0,0.12185,0.173648,-0.984808,0
6441,11.35,0.148483,0.0302,15.0,0.118283,0.16935,-0.985556,0
6442,11.3667,0.1518,0.0255,15.0,0.1263,0.165048,-0.986286,0
6443,11.3833,0.147133,0.0263,15.0,0.120833,0.160743,-0.986996,0
6444,11.4,0.149417,0.0285,15.0,0.120917,0.156434,-0.987688,0
6445,11.4167,0.15075,0.0308,15.0,0.11995,0.152123,-0.988362,0
6446,11.4333,0.143183,0.0303,15.0,0.112883,0.147809,-0.989016,0
6447,11.45,0.146767,0.0289,15.0,0.117867,0.143493,-0.989651,0
6448,11.4667,0.147383,0.0297,15.0,0.117683,0.139173,-0.990268,0
6449,11.4833,0.143133,0.0265,15.0,0.116633,0.134851,-0.990866,0
6450,11.5,0.1494,0.0296,15.0,0.1198,0.130526,-0.991445,0
6451,11.5167,0.1483,0.0299,15.0,0.1184,0.126199,-0.992005,0
6452,11.5333,0.148767,0.028,15.0,0.120767,0.121869,-0.992546,0
6453,11.55,0.144333,0.0295,15.0,0.114833,0.117537,-0.993068,0
6454,11.5667,0.1515,0.0309,15.0,0.1206,0.113203,-0.993572,0
6455,11.5833,0.15185,0.0263,15.0,0.12555,0.108867,-0.994056,0
6456,11.6,0.1471,0.0296,15.0,0.1175,0.104528,-0.994522,0
6457,11.6167,0.143933,0.0254,15.0,0.118533,0.100188,-0.994969,0
6458,11.6333,0.147867,0.0315,15.0,0.116367,0.095846,-0.995396,0
6459,11.65,0.15105,0.027,15.0,0.12405,0.091502,-0.995805,0
6460,11.6667,0.149883,0.0287,15.0,0.121183,0.087156,-0.996195,0
6461,11.6833,0.151917,0.0296,15.0,0.122317,0.082808,-0.996566,0
6462,11.7,0.146117,0.032,15.0,0.114117,0.078459,-0.996917,0
6463,11.7167,0.1528,0.0304,15.0,0.1224,0.074108,-0.99725,0
6464,11.7333,0.150083,0.0296,15.0,0.120483,0.069756,-0.997564,0
6465,11.75,0.14325,0.026,15.0,0.11725,0.065403,-0.997859,0
6466,11.7667,0.148867,0.0226,15.0,0.126267,0.061049,-0.998135,0
6467,11.7833,0.148917,0.03,15.0,0.118917,0.056693,-0.998392,0
6468,11.8,0.149083,0.0267,15.0,0.122383,0.052336,-0.99863,0
6469,11.8167,0.148383,0.0283,15.0,0.120083,0.047978,-0.998848,0
6470,11.8333,0.155283,0.0312,15.0,0.124083,0.043619,-0.999048,0
6471,11.85,0.145533,0.0313,15.0,0.114233,0.03926,-0.999229,0
6472,11.8667,0.149667,0.0264,15.0,0.123267,0.034899,-0.999391,0
6473,11.8833,0.149583,0.0267,15.0,0.122883,0.030539,-0.999534,0
6474,11.9,0.15215,0.0262,15.0,0.12595,0.026177,-0.999657,0
6475,11.9167,0.149933,0.0269,15.0,0.123033,0.021815,-0.999762,0
6476,11.9333,0.151183,0.0273,15.0,0.123883,0.017452,-0.999848,0
6477,11.95,0.150867,0.0278,15.0,0.123067,0.01309,-0.999914,0
6478,11.9667,0.1472,0.0271,15.0,0.1201,0.008727,-0.999962,0
6479,11.9833,0.151283,0.031,15.0,0.120283,0.004363,-0.99999,0
6480,12.0,0.148383,0.028,15.0,0.120383,0.0,-1.0,0
6481,12.0167,0.149183,0.028,15.0,0.121183,-0.004363,-0.99999,0
6482,12.0333,0.151083,0.031,15.0,0.120083,-0.008727,-0.999962,0
6483,12.05,0.146133,0.0246,15.0,0.121533,-0.01309,-0.999914,0
6484,12.0667,0.1511,0.0293,15.0,0.1218,-0.017452,-0.999848,0
6485,12.0833,0.14855,0.0322,15.0,0.11635,-0.021815,-0.999762,0
6486,12.1,0.151883,0.0285,15.0,0.123383,-0.026177,-0.999657,0
6487,12.1167,0.147217,0.0312,15.0,0.116017,-0.030539,-0.999534,0
6488,12.1333,0.148283,0.0298,15.0,0.118483,-0.034899,-0.999391,0
6489,12.15,0.1513,0.0278,15.0,0.1235,-0.03926,-0.999229,0
6490,12.1667,0.1513,0.0299,15.0,0.1214,-0.043619,-0.999048,0
6491,12.1833,0.154267,0.0295,15.0,0.124767,-0.047978,-0.998848,0
6492,12.2,0.1548,0.031,15.0,0.1238,-0.052336,-0.99863,0
6493,12.2167,0.147067,0.0305,15.0,0.116567,-0.056693,-0.998392,0
6494,12.2333,0.150883,0.0271,15.0,0.123783,-0.061049,-0.998135,0
6495,12.25,0.146,0.0289,15.0,0.1171,-0.065403,-0.997859,0
6496,12.2667,0.153733,0.0317,15.0,0.122033,-0.069756,-0.997564,0
6497,12.2833,0.148983,0.0264,15.0,0.122583,-0.074108,-0.99725,0
6498,12.3,0.14935,0.0301,15.0,0.11925,-0.078459,-0.996917,0
6499,12.3167,0.152967,0.0299,15.0,0.123067,-0.082808,-0.996566,0
6500,12.3333,0.1493,0.0291,15.0,0.1202,-0.087156,-0.996195,0
6501,12.35,0.1474,0.0294,15.0,0.118,-0.091502,-0.995805,0
6502,12.3667,0.147083,0.0285,15.0,0.118583,-0.095846,-0.995396,0
6503,12.3833,0.149717,0.0293,15.0,0.120417,-0.100188,-0.994969,0
6504,12.4,0.149783,0.031,15.0,0.118783,-0.104528,-0.994522,0
6505,12.4167,0.1488,0.0274,15.0,0.1214,-0.108867,-0.994056,0
6506,12.4333,0.146983,0.0291,15.0,0.117883,-0.113203,-0.993572,0
6507,12.45,0.150783,0.0264,15.0,0.124383,-0.117537,-0.993068,0
6508,12.4667,0.148733,0.0279,15.0,0.120833,-0.121869,-0.992546,0
6509,12.4833,0.150267,0.0272,15.0,0.123067,-0.126199,-0.992005,0
6510,12.5,0.146217,0.0296,15.0,0.116617,-0.130526,-0.991445,0
6511,12.5167,0.15105,0.0258,15.0,0.12525,-0.134851,-0.990866,0
6512,12.5333,0.147767,0.0274,15.0,0.120367,-0.139173,-0.990268,0
6513,12.55,0.14875,0.0261,15.0,0.12265,-0.143493,-0.989651,0
6514,12.5667,0.146233,0.0289,15.0,0.117333,-0.147809,-0.989016,0
6515,12.5833,0.149667,0.0287,15.0,0.120967,-0.152123,-0.988362,0
6516,12.6,0.145733,0.0307,15.0,0.115033,-0.156434,-0.987688,0
6517,12.6167,0.1461,0.0285,15.0,0.1176,-0.160743,-0.986996,0
6518,12.6333,0.1492,0.0286,15.0,0.1206,-0.165048,-0.986286,0
6519,12.65,0.150267,0.0282,15.0,0.122067,-0.16935,-0.985556,0
6520,12.6667,0.14785,0.027,15.0,0.12085,-0.173648,-0.984808,0
6521,12.6833,0.149067,0.0288,15.0,0.120267,-0.177944,-0.984041,0
6522,12.7,0.14575,0.0271,15.0,0.11865,-0.182236,-0.983255,0
6523,12.7167,0.1473,0.0248,15.0,0.1225,-0.186524,-0.98245,0
6524,12.7333,0.143167,0.0304,15.0,0.112767,-0.190809,-0.981627,0
6525,12.75,0.146567,0.0303,15.0,0.116267,-0.19509,-0.980785,0
6526,12.7667,0.150367,0.0306,15.0,0.119767,-0.199368,-0.979925,0
6527,12.7833,0.145317,0.0316,15.0,0.113717,-0.203642,-0.979045,0
6528,12.8,0.146417,0.0275,15.0,0.118917,-0.207912,-0.978148,0
6529,12.8167,0.145383,0.0304,15.0,0.114983,-0.212178,-0.977231,0
6530,12.8333,0.14605,0.0303,15.0,0.11575,-0.21644,-0.976296,0
6531,12.85,0.1462,0.0251,15.0,0.1211,-0.220697,-0.975342,0
6532,12.8667,0.145067,0.0278,15.0,0.117267,-0.224951,-0.97437,0
6533,12.8833,0.144,0.0245,15.0,0.1195,-0.2292,-0.973379,0
6534,12.9,0.1485,0.0316,15.0,0.1169,-0.233445,-0.97237,0
6535,12.9167,0.148033,0.0266,15.0,0.121433,-0.237686,-0.971342,0
6536,12.9333,0.147917,0.026,15.0,0.121917,-0.241922,-0.970296,0
6537,12.95,0.14425,0.0287,15.0,0.11555,-0.246153,-0.969231,0
6538,12.9667,0.143767,0.0298,15.0,0.113967,-0.25038,-0.968148,0
6539,12.9833,0.145217,0.0294,15.0,0.115817,-0.254602,-0.967046,0
6540,13.0,0.140283,0.0279,15.0,0.112383,-0.258819,-0.965926,0
6541,13.0167,0.145233,0.0301,15.0,0.115133,-0.263031,-0.964787,0
6542,13.0333,0.14395,0.0273,15.0,0.11665,-0.267238,-0.96363,0
6543,13.05,0.14435,0.0293,15.0,0.11505,-0.27144,-0.962455,0
6544,13.0667,0.143383,0.0251,15.0,0.118283,-0.275637,-0.961262,0
6545,13.0833,0.140933,0.0282,15.0,0.112733,-0.279829,-0.96005,0
6546,13.1,0.143983,0.0254,15.0,0.118583,-0.284015,-0.95882,0
6547,13.1167,0.139983,0.0293,15.0,0.110683,-0.288196,-0.957571,0
6548,13.1333,0.142433,0.0267,15.0,0.115733,-0.292372,-0.956305,0
6549,13.15,0.144783,0.0315,15.0,0.113283,-0.296542,-0.95502,0
6550,13.1667,0.14345,0.0283,15.0,0.11515,-0.300706,-0.953717,0
6551,13.1833,0.138317,0.0291,15.0,0.109217,-0.304864,-0.952396,0
6552,13.2,0.14485,0.0296,15.0,0.11525,-0.309017,-0.951057,0
6553,13.2167,0.143783,0.0299,15.0,0.113883,-0.313164,-0.949699,0
6554,13.2333,0.1424,0.0289,15.0,0.1135,-0.317305,-0.948324,0
6555,13.25,0.140583,0.029,15.0,0.111583,-0.321439,-0.94693,0
6556,13.2667,0.138467,0.0293,15.0,0.109167,-0.325568,-0.945519,0
6557,13.2833,0.142517,0.0301,15.0,0.112417,-0.329691,-0.944089,0
6558,13.3,0.1386,0.0286,15.0,0.11,-0.333807,-0.942641,0
6559,13.3167,0.14165,0.0283,15.0,0.11335,-0.337917,-0.941176,0
6560,13.3333,0.144283,0.0291,15.0,0.115183,-0.34202,-0.939693,0
6561,13.35,0.13795,0.0273,15.0,0.11065,-0.346117,-0.938191,0
6562,13.3667,0.13915,0.0295,15.0,0.10965,-0.350207,-0.936672,0
6563,13.3833,0.1436,0.0315,15.0,0.1121,-0.354291,-0.935135,0
6564,13.4,0.1398,0.0278,15.0,0.112,-0.358368,-0.93358,0
6565,13.4167,0.14045,0.0266,15.0,0.11385,-0.362438,-0.932008,0
6566,13.4333,0.139317,0.0283,15.0,0.111017,-0.366501,-0.930418,0
6567,13.45,0.14015,0.0297,15.0,0.11045,-0.370557,-0.92881,0
6568,13.4667,0.142033,0.028,15.0,0.114033,-0.374607,-0.927184,0
6569,13.4833,0.1406,0.031,15.0,0.1096,-0.378649,-0.925541,0
6570,13.5,0.13615,0.0249,15.0,0.11125,-0.382683,-0.92388,0
6571,13.5167,0.13945,0.0291,15.0,0.11035,-0.386711,-0.922201,0
6572,13.5333,0.13725,0.0291,15.0,0.10815,-0.390731,-0.920505,0
6573,13.55,0.14125,0.0307,15.0,0.11055,-0.394744,-0.918791,0
6574,13.5667,0.139983,0.0304,15.0,0.109583,-0.398749,-0.91706,0
6575,13.5833,0.136633,0.0258,15.0,0.110833,-0.402747,-0.915311,0
6576,13.6,0.13715,0.0277,15.0,0.10945,-0.406737,-0.913545,0
6577,13.6167,0.135617,0.0275,15.0,0.108117,-0.410719,-0.911762,0
6578,13.6333,0.13635,0.0305,15.0,0.10585,-0.414693,-0.909961,0
6579,13.65,0.13335,0.0289,15.0,0.10445,-0.41866,-0.908143,0
6580,13.6667,0.136317,0.0301,15.0,0.106217,-0.422618,-0.906308,0
6581,13.6833,0.13955,0.0284,15.0,0.11115,-0.426569,-0.904455,0
6582,13.7,0.133683,0.0284,15.0,0.105283,-0.430511,-0.902585,0
6583,13.7167,0.13475,0.0298,15.0,0.10495,-0.434445,-0.900698,0
6584,13.7333,0.1303,0.0269,15.0,0.1034,-0.438371,-0.898794,0
6585,13.75,0.130267,0.0275,15.0,0.102767,-0.442289,-0.896873,0
6586,13.7667,0.130283,0.0275,15.0,0.102783,-0.446198,-0.894934,0
6587,13.7833,0.135767,0.0308,15.0,0.104967,-0.450098,-0.892979,0
6588,13.8,0.137417,0.0294,15.0,0.108017,-0.45399,-0.891007,0
6589,13.8167,0.12845,0.0276,15.0,0.10085,-0.457874,-0.889017,0
6590,13.8333,0.134883,0.0284,15.0,0.106483,-0.461749,-0.887011,0
6591,13.85,0.13445,0.0243,15.0,0.11015,-0.465615,-0.884988,0
6592,13.8667,0.133233,0.0283,15.0,0.104933,-0.469472,-0.882948,0
6593,13.8833,0.132883,0.0295,15.0,0.103383,-0.47332,-0.880891,0
6594,13.9,0.130033,0.0284,15.0,0.101633,-0.477159,-0.878817,0
6595,13.9167,0.134517,0.0295,15.0,0.105017,-0.480989,-0.876727,0
6596,13.9333,0.133217,0.0307,15.0,0.102517,-0.48481,-0.87462,0
6597,13.95,0.130667,0.0282,15.0,0.102467,-0.488621,-0.872496,0
6598,13.9667,0.126333,0.0299,15.0,0.096433,-0.492424,-0.870356,0
6599,13.9833,0.131883,0.027,15.0,0.104883,-0.496217,-0.868199,0
6600,14.0,0.134367,0.0266,15.0,0.107767,-0.5,-0.866025,0
6601,14.0167,0.126433,0.0262,15.0,0.100233,-0.503774,-0.863836,0
6602,14.0333,0.1295,0.0271,15.0,0.1024,-0.507538,-0.861629,0
6603,14.05,0.133467,0.0284,15.0,0.105067,-0.511293,-0.859406,0
6604,14.0667,0.127567,0.0274,15.0,0.100167,-0.515038,-0.857167,0
6605,14.0833,0.127617,0.029,15.0,0.098617,-0.518773,-0.854912,0
6606,14.1,0.128633,0.027,15.0,0.101633,-0.522499,-0.85264,0
6607,14.1167,0.1262,0.0299,15.0,0.0963,-0.526214,-0.850352,0
6608,14.1333,0.129067,0.0252,15.0,0.103867,-0.529919,-0.848048,0
6609,14.15,0.1268,0.0308,15.0,0.096,-0.533615,-0.845728,0
6610,14.1667,0.123,0.0294,15.0,0.0936,-0.5373,-0.843391,0
6611,14.1833,0.121883,0.0272,15.0,0.094683,-0.540974,-0.841039,0
6612,14.2,0.123467,0.028,15.0,0.095467,-0.544639,-0.838671,0
6613,14.2167,0.128583,0.0283,15.0,0.100283,-0.548293,-0.836286,0
6614,14.2333,0.127,0.0299,15.0,0.0971,-0.551937,-0.833886,0
6615,14.25,0.125267,0.0311,15.0,0.094167,-0.55557,-0.83147,0
6616,14.2667,0.124567,0.0264,15.0,0.098167,-0.559193,-0.829038,0
6617,14.2833,0.1285,0.0281,15.0,0.1004,-0.562805,-0.82659,0
6618,14.3,0.12385,0.0292,15.0,0.09465,-0.566406,-0.824126,0
6619,14.3167,0.122917,0.0308,15.0,0.092117,-0.569997,-0.821647,0
6620,14.3333,0.120517,0.0296,15.0,0.090917,-0.573576,-0.819152,0
6621,14.35,0.1241,0.0292,15.0,0.0949,-0.577145,-0.816642,0
6622,14.3667,0.1195,0.0324,15.0,0.0871,-0.580703,-0.814116,0
6623,14.3833,0.120133,0.0282,15.0,0.091933,-0.58425,-0.811574,0
6624,14.4,0.115683,0.0305,15.0,0.085183,-0.587785,-0.809017,0
6625,14.4167,0.115233,0.0294,15.0,0.085833,-0.59131,-0.806445,0
6626,14.4333,0.121117,0.0294,15.0,0.091717,-0.594823,-0.803857,0
6627,14.45,0.123767,0.0307,15.0,0.093067,-0.598325,-0.801254,0
6628,14.4667,0.1184,0.0331,15.0,0.0853,-0.601815,-0.798636,0
6629,14.4833,0.119117,0.0331,15.0,0.086017,-0.605294,-0.796002,0
6630,14.5,0.118467,0.0253,15.0,0.093167,-0.608761,-0.793353,0
6631,14.5167,0.1192,0.0289,15.0,0.0903,-0.612217,-0.79069,0
6632,14.5333,0.118667,0.0281,15.0,0.090567,-0.615661,-0.788011,0
6633,14.55,0.117817,0.0276,15.0,0.090217,-0.619094,-0.785317,0
6634,14.5667,0.113783,0.0306,15.0,0.083183,-0.622515,-0.782608,0
6635,14.5833,0.117933,0.0297,15.0,0.088233,-0.625923,-0.779884,0
6636,14.6,0.117267,0.028,15.0,0.089267,-0.62932,-0.777146,0
6637,14.6167,0.11585,0.0281,15.0,0.08775,-0.632705,-0.774393,0
6638,14.6333,0.11165,0.0274,15.0,0.08425,-0.636078,-0.771625,0
6639,14.65,0.1123,0.0299,15.0,0.0824,-0.639439,-0.768842,0
6640,14.6667,0.11855,0.0292,15.0,0.08935,-0.642788,-0.766044,0
6641,14.6833,0.1138,0.0301,15.0,0.0837,-0.646124,-0.763232,0
6642,14.7,0.11545,0.0285,15.0,0.08695,-0.649448,-0.760406,0
6643,14.7167,0.117033,0.0309,15.0,0.086133,-0.65276,-0.757565,0
6644,14.7333,0.112417,0.0318,15.0,0.080617,-0.656059,-0.75471,0
6645,14.75,0.112367,0.0249,15.0,0.087467,-0.659346,-0.75184,0
6646,14.7667,0.1139,0.0256,15.0,0.0883,-0.66262,-0.748956,0
6647,14.7833,0.11045,0.0313,15.0,0.07915,-0.665882,-0.746057,0
6648,14.8,0.110167,0.0298,15.0,0.080367,-0.669131,-0.743145,0
6649,14.8167,0.110783,0.0273,15.0,0.083483,-0.672367,-0.740218,0
6650,14.8333,0.11365,0.0268,15.0,0.08685,-0.67559,-0.737277,0
6651,14.85,0.1078,0.0301,15.0,0.0777,-0.678801,-0.734323,0
6652,14.8667,0.111517,0.0306,15.0,0.080917,-0.681998,-0.731354,0
6653,14.8833,0.111883,0.0256,15.0,0.086283,-0.685183,-0.728371,0
6654,14.9,0.1168,0.0317,15.0,0.0851,-0.688355,-0.725374,0
6655,14.9167,0.107133,0.0293,15.0,0.077833,-0.691513,-0.722364,0
6656,14.9333,0.10915,0.0264,15.0,0.08275,-0.694658,-0.71934,0
6657,14.95,0.10825,0.0307,15.0,0.07755,-0.69779,-0.716302,0
6658,14.9667,0.105833,0.0282,15.0,0.077633,-0.700909,-0.71325,0
6659,14.9833,0.108817,0.0307,15.0,0.078117,-0.704015,-0.710185,0
6660,15.0,0.1071,0.0326,15.0,0.0745,-0.707107,-0.707107,0
6661,15.0167,0.10985,0.0225,15.0,0.08735,-0.710185,-0.704015,0
6662,15.0333,0.110233,0.0263,15.0,0.083933,-0.71325,-0.700909,0
6663,15.05,0.102333,0.0283,15.0,0.074033,-0.716302,-0.69779,0
6664,15.0667,0.105583,0.0278,15.0,0.077783,-0.71934,-0.694658,0
6665,15.0833,0.099417,0.0304,15.0,0.069017,-0.722364,-0.691513,0
6666,15.1,0.097533,0.0297,15.0,0.067833,-0.725374,-0.688355,0
6667,15.1167,0.102783,0.0315,15.0,0.071283,-0.728371,-0.685183,0
6668,15.1333,0.098867,0.0304,15.0,0.068467,-0.731354,-0.681998,0
6669,15.15,0.100617,0.0285,15.0,0.072117,-0.734323,-0.678801,0
6670,15.1667,0.10075,0.0291,15.0,0.07165,-0.737277,-0.67559,0
6671,15.1833,0.09865,0.0256,15.0,0.07305,-0.740218,-0.672367,0
6672,15.2,0.0977,0.0281,15.0,0.0696,-0.743145,-0.669131,0
6673,15.2167,0.0974,0.0298,15.0,0.0676,-0.746057,-0.665882,0
6674,15.2333,0.096483,0.0287,15.0,0.067783,-0.748956,-0.66262,0
6675,15.25,0.097033,0.0278,15.0,0.069233,-0.75184,-0.659346,0
6676,15.2667,0.098183,0.0247,15.0,0.073483,-0.75471,-0.656059,0
6677,15.2833,0.101133,0.0284,15.0,0.072733,-0.757565,-0.65276,0
6678,15.3,0.0971,0.0265,15.0,0.0706,-0.760406,-0.649448,0
6679,15.3167,0.10295,0.0291,15.0,0.07385,-0.763232,-0.646124,0
6680,15.3333,0.096967,0.0294,15.0,0.067567,-0.766044,-0.642788,0
6681,15.35,0.097033,0.0271,15.0,0.069933,-0.768842,-0.639439,0
6682,15.3667,0.094667,0.0255,15.0,0.069167,-0.771625,-0.636078,0
6683,15.3833,0.0937,0.0301,15.0,0.0636,-0.774393,-0.632705,0
6684,15.4,0.097083,0.0255,15.0,0.071583,-0.777146,-0.62932,0
6685,15.4167,0.096017,0.0282,15.0,0.067817,-0.779884,-0.625923,0
6686,15.4333,0.088367,0.0287,15.0,0.059667,-0.782608,-0.622515,0
6687,15.45,0.092183,0.031,15.0,0.061183,-0.785317,-0.619094,0
6688,15.4667,0.091033,0.0287,15.0,0.062333,-0.788011,-0.615661,0
6689,15.4833,0.0901,0.0296,15.0,0.0605,-0.79069,-0.612217,0
6690,15.5,0.094467,0.0288,15.0,0.065667,-0.793353,-0.608761,0
6691,15.5167,0.0923,0.0281,15.0,0.0642,-0.796002,-0.605294,0
6692,15.5333,0.09045,0.0279,15.0,0.06255,-0.798636,-0.601815,0
6693,15.55,0.09365,0.0246,15.0,0.06905,-0.801254,-0.598325,0
6694,15.5667,0.08905,0.0295,15.0,0.05955,-0.803857,-0.594823,0
6695,15.5833,0.084617,0.0264,15.0,0.058217,-0.806445,-0.59131,0
6696,15.6,0.0845,0.0311,15.0,0.0534,-0.809017,-0.587785,0
6697,15.6167,0.089333,0.0284,15.0,0.060933,-0.811574,-0.58425,0
6698,15.6333,0.086933,0.0268,15.0,0.060133,-0.814116,-0.580703,0
6699,15.65,0.0848,0.0301,15.0,0.0547,-0.816642,-0.577145,0
6700,15.6667,0.0871,0.0285,15.0,0.0586,-0.819152,-0.573576,0
6701,15.6833,0.086083,0.0341,15.0,0.051983,-0.821647,-0.569997,0
6702,15.7,0.083583,0.0289,15.0,0.054683,-0.824126,-0.566406,0
6703,15.7167,0.0846,0.0255,15.0,0.0591,-0.82659,-0.562805,0
6704,15.7333,0.083283,0.0297,15.0,0.053583,-0.829038,-0.559193,0
6705,15.75,0.0838,0.0294,15.0,0.0544,-0.83147,-0.55557,0
6706,15.7667,0.081433,0.0268,15.0,0.054633,-0.833886,-0.551937,0
6707,15.7833,0.082083,0.0277,15.0,0.054383,-0.836286,-0.548293,0
6708,15.8,0.083317,0.029,15.0,0.054317,-0.838671,-0.544639,0
6709,15.8167,0.082917,0.0303,15.0,0.052617,-0.841039,-0.540974,0
6710,15.8333,0.083017,0.0263,15.0,0.056717,-0.843391,-0.5373,0
6711,15.85,0.081917,0.0298,15.0,0.052117,-0.845728,-0.533615,0
6712,15.8667,0.07725,0.0313,15.0,0.04595,-0.848048,-0.529919,0
6713,15.8833,0.08205,0.0237,15.0,0.05835,-0.850352,-0.526214,0
6714,15.9,0.08165,0.0276,15.0,0.05405,-0.85264,-0.522499,0
6715,15.9167,0.080167,0.0274,15.0,0.052767,-0.854912,-0.518773,0
6716,15.9333,0.081517,0.028,15.0,0.053517,-0.857167,-0.515038,0
6717,15.95,0.075517,0.0302,15.0,0.045317,-0.859406,-0.511293,0
6718,15.9667,0.078533,0.0289,15.0,0.049633,-0.861629,-0.507538,0
6719,15.9833,0.075017,0.0285,15.0,0.046517,-0.863836,-0.503774,0
6720,16.0,0.074633,0.0296,15.0,0.045033,-0.866025,-0.5,0
6721,16.0167,0.0757,0.0288,15.0,0.0469,-0.868199,-0.496217,0
6722,16.0333,0.071167,0.0266,15.0,0.044567,-0.870356,-0.492424,0
6723,16.05,0.073067,0.0329,15.0,0.040167,-0.872496,-0.488621,0
6724,16.0667,0.071967,0.0293,15.0,0.042667,-0.87462,-0.48481,0
6725,16.0833,0.070833,0.0278,15.0,0.043033,-0.876727,-0.480989,0
6726,16.1,0.074117,0.0287,15.0,0.045417,-0.878817,-0.477159,0
6727,16.1167,0.073867,0.0274,15.0,0.046467,-0.880891,-0.47332,0
6728,16.1333,0.070617,0.0282,15.0,0.042417,-0.882948,-0.469472,0
6729,16.15,0.0711,0.031,15.0,0.0401,-0.884988,-0.465615,0
6730,16.1667,0.066317,0.0303,15.0,0.036017,-0.887011,-0.461749,0
6731,16.1833,0.070367,0.028,15.0,0.042367,-0.889017,-0.457874,0
6732,16.2,0.06565,0.0322,15.0,0.03345,-0.891007,-0.45399,0
6733,16.2167,0.06595,0.0287,15.0,0.03725,-0.892979,-0.450098,0
6734,16.2333,0.068733,0.0269,15.0,0.041833,-0.894934,-0.446198,0
6735,16.25,0.0667,0.0278,15.0,0.0389,-0.896873,-0.442289,0
6736,16.2667,0.068467,0.0298,15.0,0.038667,-0.898794,-0.438371,0
6737,16.2833,0.069133,0.026,15.0,0.043133,-0.900698,-0.434445,0
6738,16.3,0.0651,0.0279,15.0,0.0372,-0.902585,-0.430511,0
6739,16.3167,0.0628,0.0294,15.0,0.0334,-0.904455,-0.426569,0
6740,16.3333,0.066267,0.0284,15.0,0.037867,-0.906308,-0.422618,0
6741,16.35,0.061833,0.0279,15.0,0.033933,-0.908143,-0.41866,0
6742,16.3667,0.06175,0.0294,15.0,0.03235,-0.909961,-0.414693,0
6743,16.3833,0.062667,0.0287,15.0,0.033967,-0.911762,-0.410719,0
6744,16.4,0.06355,0.0273,15.0,0.03625,-0.913545,-0.406737,0
6745,16.4167,0.061333,0.0267,15.0,0.034633,-0.915311,-0.402747,0
6746,16.4333,0.059667,0.028,15.0,0.031667,-0.91706,-0.398749,0
6747,16.45,0.0614,0.0282,15.0,0.0332,-0.918791,-0.394744,0
6748,16.4667,0.059467,0.0283,15.0,0.031167,-0.920505,-0.390731,0
6749,16.4833,0.056667,0.0282,15.0,0.028467,-0.922201,-0.386711,0
6750,16.5,0.05495,0.0281,15.0,0.02685,-0.92388,-0.382683,0
6751,16.5167,0.061217,0.0296,15.0,0.031617,-0.925541,-0.378649,0
6752,16.5333,0.054517,0.0249,15.0,0.029617,-0.927184,-0.374607,0
6753,16.55,0.0554,0.0295,15.0,0.0259,-0.92881,-0.370557,0
6754,16.5667,0.056333,0.0253,15.0,0.031033,-0.930418,-0.366501,0
6755,16.5833,0.053833,0.0262,15.0,0.027633,-0.932008,-0.362438,0
6756,16.6,0.056517,0.0289,15.0,0.027617,-0.93358,-0.358368,0
6757,16.6167,0.053517,0.0293,15.0,0.024217,-0.935135,-0.354291,0
6758,16.6333,0.0531,0.0275,15.0,0.0256,-0.936672,-0.350207,0
6759,16.65,0.0533,0.0289,15.0,0.0244,-0.938191,-0.346117,0
6760,16.6667,0.055783,0.0265,15.0,0.029283,-0.939693,-0.34202,0
6761,16.6833,0.047833,0.0259,15.0,0.021933,-0.941176,-0.337917,0
6762,16.7,0.04915,0.025,15.0,0.02415,-0.942641,-0.333807,0
6763,16.7167,0.04675,0.0274,15.0,0.01935,-0.944089,-0.329691,0
6764,16.7333,0.047517,0.0293,15.0,0.018217,-0.945519,-0.325568,0
6765,16.75,0.045783,0.029,15.0,0.016783,-0.94693,-0.321439,0
6766,16.7667,0.04725,0.0283,15.0,0.01895,-0.948324,-0.317305,0
6767,16.7833,0.047533,0.0273,15.0,0.020233,-0.949699,-0.313164,0
6768,16.8,0.046867,0.0288,15.0,0.018067,-0.951057,-0.309017,0
6769,16.8167,0.04225,0.0266,15.0,0.01565,-0.952396,-0.304864,0
6770,16.8333,0.044183,0.0297,15.0,0.014483,-0.953717,-0.300706,0
6771,16.85,0.04065,0.0336,15.0,0.00705,-0.95502,-0.296542,0
6772,16.8667,0.041517,0.0296,15.0,0.011917,-0.956305,-0.292372,0
6773,16.8833,0.04645,0.0265,15.0,0.01995,-0.957571,-0.288196,0
6774,16.9,0.045383,0.027,15.0,0.018383,-0.95882,-0.284015,0
6775,16.9167,0.041933,0.0276,15.0,0.014333,-0.96005,-0.279829,0
6776,16.9333,0.044,0.0291,15.0,0.0149,-0.961262,-0.275637,0
6777,16.95,0.036733,0.027,15.0,0.009733,-0.962455,-0.27144,0
6778,16.9667,0.03715,0.0255,15.0,0.01165,-0.96363,-0.267238,0
6779,16.9833,0.039067,0.0291,15.0,0.009967,-0.964787,-0.263031,0
6780,17.0,0.036233,0.0262,15.0,0.010033,-0.965926,-0.258819,0
6781,17.0167,0.03855,0.0281,15.0,0.01045,-0.967046,-0.254602,0
6782,17.0333,0.035083,0.0302,15.0,0.004883,-0.968148,-0.25038,0
6783,17.05,0.036733,0.0283,15.0,0.008433,-0.969231,-0.246153,0
6784,17.0667,0.034717,0.0299,15.0,0.004817,-0.970296,-0.241922,0
6785,17.0833,0.036083,0.0302,15.0,0.005883,-0.971342,-0.237686,0
6786,17.1,0.0393,0.0265,15.0,0.0128,-0.97237,-0.233445,0
6787,17.1167,0.03735,0.0313,15.0,0.00605,-0.973379,-0.2292,0
6788,17.1333,0.031633,0.0297,15.0,0.001933,-0.97437,-0.224951,0
6789,17.15,0.032883,0.0254,15.0,0.007483,-0.975342,-0.220697,0
6790,17.1667,0.035517,0.0304,15.0,0.005117,-0.976296,-0.21644,0
6791,17.1833,0.035017,0.0298,15.0,0.005217,-0.977231,-0.212178,0
6792,17.2,0.032233,0.0263,15.0,0.005933,-0.978148,-0.207912,0
6793,17.2167,0.029283,0.0281,15.0,0.001183,-0.979045,-0.203642,0
6794,17.2333,0.030217,0.0282,15.0,0.002017,-0.979925,-0.199368,0
6795,17.25,0.0285,0.0253,15.0,0.0032,-0.980785,-0.19509,0
6796,17.2667,0.025567,0.0292,14.9964,-0.003633,-0.981627,-0.190809,0
6797,17.2833,0.0262,0.0282,14.9944,-0.002,-0.98245,-0.186524,0
6798,17.3,0.027567,0.0295,14.9925,-0.001933,-0.983255,-0.182236,0
6799,17.3167,0.024267,0.0326,14.9842,-0.008333,-0.984041,-0.177944,0
6800,17.3333,0.024633,0.0277,14.9811,-0.003067,-0.984808,-0.173648,0
6801,17.35,0.0266,0.0268,14.9809,-0.0002,-0.985556,-0.16935,0
6802,17.3667,0.022617,0.0289,14.9746,-0.006283,-0.986286,-0.165048,0
6803,17.3833,0.027817,0.0278,14.9746,1.7e-05,-0.986996,-0.160743,0
6804,17.4,0.022133,0.0287,14.968,-0.006567,-0.987688,-0.156434,0
6805,17.4167,0.021417,0.0286,14.9608,-0.007183,-0.988362,-0.152123,0
6806,17.4333,0.02285,0.0298,14.9539,-0.00695,-0.989016,-0.147809,0
6807,17.45,0.0244,0.0259,14.9524,-0.0015,-0.989651,-0.143493,0
6808,17.4667,0.0219,0.0295,14.9448,-0.0076,-0.990268,-0.139173,0
6809,17.4833,0.018083,0.0302,14.9327,-0.012117,-0.990866,-0.134851,0
6810,17.5,0.015917,0.0294,14.9192,-0.013483,-0.991445,-0.130526,0
6811,17.5167,0.017733,0.0297,14.9072,-0.011967,-0.992005,-0.126199,0
6812,17.5333,0.020933,0.0294,14.8987,-0.008467,-0.992546,-0.121869,0
6813,17.55,0.02315,0.0267,14.8951,-0.00355,-0.993068,-0.117537,0
6814,17.5667,0.014583,0.0322,14.8775,-0.017617,-0.993572,-0.113203,0
6815,17.5833,0.015417,0.0279,14.865,-0.012483,-0.994056,-0.108867,0
6816,17.6,0.01495,0.0296,14.8504,-0.01465,-0.994522,-0.104528,0
6817,17.6167,0.017817,0.0275,14.8407,-0.009683,-0.994969,-0.100188,0
6818,17.6333,0.013883,0.0275,14.8271,-0.013617,-0.995396,-0.095846,0
6819,17.65,0.016583,0.0282,14.8155,-0.011617,-0.995805,-0.091502,0
6820,17.6667,0.013233,0.0286,14.8001,-0.015367,-0.996195,-0.087156,0
6821,17.6833,0.011467,0.027,14.7846,-0.015533,-0.996566,-0.082808,0
6822,17.7,0.009517,0.0288,14.7653,-0.019283,-0.996917,-0.078459,0
6823,17.7167,0.014117,0.0329,14.7465,-0.018783,-0.99725,-0.074108,0
6824,17.7333,0.007383,0.0297,14.7242,-0.022317,-0.997564,-0.069756,0
6825,17.75,0.009317,0.03,14.7035,-0.020683,-0.997859,-0.065403,0
6826,17.7667,0.0094,0.0279,14.685,-0.0185,-0.998135,-0.061049,0
6827,17.7833,0.006883,0.0298,14.6621,-0.022917,-0.998392,-0.056693,0
6828,17.8,0.009917,0.0304,14.6416,-0.020483,-0.99863,-0.052336,0
6829,17.8167,0.006317,0.0319,14.616,-0.025583,-0.998848,-0.047978,0
6830,17.8333,0.0042,0.0305,14.5897,-0.0263,-0.999048,-0.043619,0
6831,17.85,0.006,0.0285,14.5672,-0.0225,-0.999229,-0.03926,0
6832,17.8667,0.001267,0.0313,14.5372,-0.030033,-0.999391,-0.034899,0
6833,17.8833,0.00615,0.0266,14.5168,-0.02045,-0.999534,-0.030539,0
6834,17.9,0.004033,0.0306,14.4902,-0.026567,-0.999657,-0.026177,0
6835,17.9167,0.003883,0.028,14.4661,-0.024117,-0.999762,-0.021815,0
6836,17.9333,0.0,0.0303,14.4358,-0.0303,-0.999848,-0.017452,0
6837,17.95,0.0,0.0288,14.407,-0.0288,-0.999914,-0.01309,0
6838,17.9667,0.000633,0.0292,14.3784,-0.028567,-0.999962,-0.008727,0
6839,17.9833,0.001383,0.0291,14.3507,-0.027717,-0.99999,-0.004363,0
6840,18.0,0.00035,0.0633,14.2877,-0.06295,-1.0,-0.0,0
6841,18.0167,0.0,0.0661,14.2216,-0.0661,-0.99999,0.004363,0
6842,18.0333,0.0,0.0645,14.1571,-0.0645,-0.999962,0.008727,0
6843,18.05,0.0,0.066,14.0911,-0.066,-0.999914,0.01309,0
6844,18.0667,0.0,0.0684,14.0227,-0.0684,-0.999848,0.017452,0
6845,18.0833,0.0,0.063,13.9597,-0.063,-0.999762,0.021815,0
6846,18.1,0.0,0.0651,13.8946,-0.0651,-0.999657,0.026177,0
6847,18.1167,0.0,0.067,13.8276,-0.067,-0.999534,0.030539,0
6848,18.1333,0.0,0.0661,13.7615,-0.0661,-0.999391,0.034899,0
6849,18.15,0.0,0.0646,13.6969,-0.0646,-0.999229,0.03926,0
6850,18.1667,0.0,0.0654,13.6315,-0.0654,-0.999048,0.043619,0
6851,18.1833,0.0,0.0634,13.5681,-0.0634,-0.998848,0.047978,0
6852,18.2,0.0,0.0643,13.5038,-0.0643,-0.99863,0.052336,0
6853,18.2167,0.0,0.0673,13.4365,-0.0673,-0.998392,0.056693,0
6854,18.2333,0.0,0.067,13.3695,-0.067,-0.998135,0.061049,0
6855,18.25,0.0,0.0687,13.3008,-0.0687,-0.997859,0.065403,0
6856,18.2667,0.0,0.0652,13.2356,-0.0652,-0.997564,0.069756,0
6857,18.2833,0.0,0.0643,13.1713,-0.0643,-0.99725,0.074108,0
6858,18.3,0.0,0.0663,13.105,-0.0663,-0.996917,0.078459,0
6859,18.3167,0.0,0.0656,13.0394,-0.0656,-0.996566,0.082808,0
6860,18.3333,0.0,0.0679,12.9715,-0.0679,-0.996195,0.087156,0
6861,18.35,0.0,0.0678,12.9037,-0.0678,-0.995805,0.091502,0
6862,18.3667,0.0,0.0655,12.8382,-0.0655,-0.995396,0.095846,0
6863,18.3833,0.0,0.0653,12.7729,-0.0653,-0.994969,0.100188,0
6864,18.4,0.0,0.0646,12.7083,-0.0646,-0.994522,0.104528,0
6865,18.4167,0.0,0.0672,12.6411,-0.0672,-0.994056,0.108867,0
6866,18.4333,0.0,0.0642,12.5769,-0.0642,-0.993572,0.113203,0
6867,18.45,0.0,0.0661,12.5108,-0.0661,-0.993068,0.117537,0
6868,18.4667,0.0,0.0663,12.4445,-0.0663,-0.992546,0.121869,0
6869,18.4833,0.0,0.0639,12.3806,-0.0639,-0.992005,0.126199,0
6870,18.5,0.0,0.0659,12.3147,-0.0659,-0.991445,0.130526,0
6871,18.5167,0.0,0.0654,12.2493,-0.0654,-0.990866,0.134851,0
6872,18.5333,0.0,0.0641,12.1852,-0.0641,-0.990268,0.139173,0
6873,18.55,0.0,0.0645,12.1207,-0.0645,-0.989651,0.143493,0
6874,18.5667,0.0,0.0673,12.0534,-0.0673,-0.989016,0.147809,0
6875,18.5833,0.0,0.0646,11.9888,-0.0646,-0.988362,0.152123,0
6876,18.6,0.0,0.0633,11.9255,-0.0633,-0.987688,0.156434,0
6877,18.6167,0.0,0.0638,11.8617,-0.0638,-0.986996,0.160743,0
6878,18.6333,0.0,0.0621,11.7996,-0.0621,-0.986286,0.165048,0
6879,18.65,0.0,0.0638,11.7358,-0.0638,-0.985556,0.16935,0
6880,18.6667,0.0,0.0644,11.6714,-0.0644,-0.984808,0.173648,0
6881,18.6833,0.0,0.0628,11.6086,-0.0628,-0.984041,0.177944,0
6882,18.7,0.0,0.0663,11.5423,-0.0663,-0.983255,0.182236,0
6883,18.7167,0.0,0.0652,11.4771,-0.0652,-0.98245,0.186524,0
6884,18.7333,0.0,0.0602,11.4169,-0.0602,-0.981627,0.190809,0
6885,18.75,0.0,0.0675,11.3494,-0.0675,-0.980785,0.19509,0
6886,18.7667,0.0,0.0687,11.2807,-0.0687,-0.979925,0.199368,0
6887,18.7833,0.0,0.0656,11.2151,-0.0656,-0.979045,0.203642,0
6888,18.8,0.0,0.0655,11.1496,-0.0655,-0.978148,0.207912,0
6889,18.8167,0.0,0.0636,11.086,-0.0636,-0.977231,0.212178,0
6890,18.8333,0.0,0.067,11.019,-0.067,-0.976296,0.21644,0
6891,18.85,0.0,0.0621,10.9569,-0.0621,-0.975342,0.220697,0
6892,18.8667,0.0,0.0653,10.8916,-0.0653,-0.97437,0.224951,0
6893,18.8833,0.0,0.0658,10.8258,-0.0658,-0.973379,0.2292,0
6894,18.9,0.0,0.0665,10.7593,-0.0665,-0.97237,0.233445,0
6895,18.9167,0.0,0.0651,10.6942,-0.0651,-0.971342,0.237686,0
6896,18.9333,0.0,0.0645,10.6297,-0.0645,-0.970296,0.241922,0
6897,18.95,0.0,0.0631,10.5666,-0.0631,-0.969231,0.246153,0
6898,18.9667,0.0,0.0637,10.5029,-0.0637,-0.968148,0.25038,0
6899,18.9833,0.0,0.0634,10.4395,-0.0634,-0.967046,0.254602,0
6900,19.0,0.0,0.0633,10.3762,-0.0633,-0.965926,0.258819,0
6901,19.0167,0.0,0.0672,10.309,-0.0672,-0.964787,0.263031,0
6902,19.0333,0.0,0.0642,10.2448,-0.0642,-0.96363,0.267238,0
6903,19.05,0.0,0.0666,10.1782,-0.0666,-0.962455,0.27144,0
6904,19.0667,0.0,0.0638,10.1144,-0.0638,-0.961262,0.275637,0
6905,19.0833,0.0,0.063,10.0514,-0.063,-0.96005,0.279829,0
6906,19.1,0.0,0.0652,9.9862,-0.0652,-0.95882,0.284015,0
6907,19.1167,0.0,0.0645,9.9217,-0.0645,-0.957571,0.288196,0
6908,19.1333,0.0,0.0642,9.8575,-0.0642,-0.956305,0.292372,0
6909,19.15,0.0,0.0652,9.7923,-0.0652,-0.95502,0.296542,0
6910,19.1667,0.0,0.0669,9.7254,-0.0669,-0.953717,0.300706,0
6911,19.1833,0.0,0.0664,9.659,-0.0664,-0.952396,0.304864,0
6912,19.2,0.0,0.0651,9.5939,-0.0651,-0.951057,0.309017,0
6913,19.2167,0.0,0.0679,9.526,-0.0679,-0.949699,0.313164,0
6914,19.2333,0.0,0.0657,9.4603,-0.0657,-0.948324,0.317305,0
6915,19.25,0.0,0.0637,9.3966,-0.0637,-0.94693,0.321439,0
6916,19.2667,0.0,0.0625,9.3341,-0.0625,-0.945519,0.325568,0
6917,19.2833,0.0,0.063,9.2711,-0.063,-0.944089,0.329691,0
6918,19.3,0.0,0.0652,9.2059,-0.0652,-0.942641,0.333807,0
6919,19.3167,0.0,0.0607,9.1452,-0.0607,-0.941176,0.337917,0
6920,19.3333,0.0,0.0624,9.0828,-0.0624,-0.939693,0.34202,0
6921,19.35,0.0,0.0642,9.0186,-0.0642,-0.938191,0.346117,0
6922,19.3667,0.0,0.0689,8.9497,-0.0689,-0.936672,0.350207,0
6923,19.3833,0.0,0.0636,8.8861,-0.0636,-0.935135,0.354291,0
6924,19.4,0.0,0.0633,8.8228,-0.0633,-0.93358,0.358368,0
6925,19.4167,0.0,0.0623,8.7605,-0.0623,-0.932008,0.362438,0
6926,19.4333,0.0,0.0632,8.6973,-0.0632,-0.930418,0.366501,0
6927,19.45,0.0,0.0637,8.6336,-0.0637,-0.92881,0.370557,0
6928,19.4667,0.0,0.0646,8.569,-0.0646,-0.927184,0.374607,0
6929,19.4833,0.0,0.0671,8.5019,-0.0671,-0.925541,0.378649,0
6930,19.5,0.0,0.0666,8.4353,-0.0666,-0.92388,0.382683,0
6931,19.5167,0.0,0.0649,8.3704,-0.0649,-0.922201,0.386711,0
6932,19.5333,0.0,0.0645,8.3059,-0.0645,-0.920505,0.390731,0
6933,19.55,0.0,0.0654,8.2405,-0.0654,-0.918791,0.394744,0
6934,19.5667,0.0,0.0658,8.1747,-0.0658,-0.91706,0.398749,0
6935,19.5833,0.0,0.0644,8.1103,-0.0644,-0.915311,0.402747,0
6936,19.6,0.0,0.0647,8.0456,-0.0647,-0.913545,0.406737,0
6937,19.6167,0.0,0.0635,7.9821,-0.0635,-0.911762,0.410719,0
6938,19.6333,0.0,0.0662,7.9159,-0.0662,-0.909961,0.414693,0
6939,19.65,0.0,0.0626,7.8533,-0.0626,-0.908143,0.41866,0
6940,19.6667,0.0,0.0693,7.784,-0.0693,-0.906308,0.422618,0
6941,19.6833,0.0,0.0657,7.7183,-0.0657,-0.904455,0.426569,0
6942,19.7,0.0,0.0618,7.6565,-0.0618,-0.902585,0.430511,0
6943,19.7167,0.0,0.0684,7.5881,-0.0684,-0.900698,0.434445,0
6944,19.7333,0.0,0.0644,7.5237,-0.0644,-0.898794,0.438371,0
6945,19.75,0.0,0.0675,7.4562,-0.0675,-0.896873,0.442289,0
6946,19.7667,0.0,0.0633,7.3929,-0.0633,-0.894934,0.446198,0
6947,19.7833,0.0,0.0661,7.3268,-0.0661,-0.892979,0.450098,0
6948,19.8,0.0,0.0635,7.2633,-0.0635,-0.891007,0.45399,0
6949,19.8167,0.0,0.0608,7.2025,-0.0608,-0.889017,0.457874,0
6950,19.8333,0.0,0.0674,7.1351,-0.0674,-0.887011,0.461749,0
6951,19.85,0.0,0.0641,7.071,-0.0641,-0.884988,0.465615,0
6952,19.8667,0.0,0.0654,7.0056,-0.0654,-0.882948,0.469472,0
6953,19.8833,0.0,0.0629,6.9427,-0.0629,-0.880891,0.47332,0
6954,19.9,0.0,0.0628,6.8799,-0.0628,-0.878817,0.477159,0
6955,19.9167,0.0,0.0614,6.8185,-0.0614,-0.876727,0.480989,0
6956,19.9333,0.0,0.0668,6.7517,-0.0668,-0.87462,0.48481,0
6957,19.95,0.0,0.0635,6.6882,-0.0635,-0.872496,0.488621,0
6958,19.9667,0.0,0.0635,6.6247,-0.0635,-0.870356,0.492424,0
6959,19.9833,0.0,0.0636,6.5611,-0.0636,-0.868199,0.496217,0
6960,20.0,0.0,0.0626,6.4985,-0.0626,-0.866025,0.5,0
6961,20.0167,0.0,0.0642,6.4343,-0.0642,-0.863836,0.503774,0
6962,20.0333,0.0,0.0661,6.3682,-0.0661,-0.861629,0.507538,0
6963,20.05,0.0,0.0667,6.3015,-0.0667,-0.859406,0.511293,0
6964,20.0667,0.0,0.0684,6.2331,-0.0684,-0.857167,0.515038,0
6965,20.0833,0.0,0.0669,6.1662,-0.0669,-0.854912,0.518773,0
6966,20.1,0.0,0.0648,6.1014,-0.0648,-0.85264,0.522499,0
6967,20.1167,0.0,0.0643,6.0371,-0.0643,-0.850352,0.526214,0
6968,20.1333,0.0,0.0672,5.9699,-0.0672,-0.848048,0.529919,0
6969,20.15,0.0,0.0629,5.907,-0.0629,-0.845728,0.533615,0
6970,20.1667,0.0,0.0616,5.8454,-0.0616,-0.843391,0.5373,0
6971,20.1833,0.0,0.0636,5.7818,-0.0636,-0.841039,0.540974,0
6972,20.2,0.0,0.0636,5.7182,-0.0636,-0.838671,0.544639,0
6973,20.2167,0.0,0.0627,5.6555,-0.0627,-0.836286,0.548293,0
6974,20.2333,0.0,0.0646,5.5909,-0.0646,-0.833886,0.551937,0
6975,20.25,0.0,0.0629,5.528,-0.0629,-0.83147,0.55557,0
6976,20.2667,0.0,0.0658,5.4622,-0.0658,-0.829038,0.559193,0
6977,20.2833,0.0,0.0637,5.3985,-0.0637,-0.82659,0.562805,0
6978,20.3,0.0,0.0668,5.3317,-0.0668,-0.824126,0.566406,0
6979,20.3167,0.0,0.0618,5.2699,-0.0618,-0.821647,0.569997,0
6980,20.3333,0.0,0.0686,5.2013,-0.0686,-0.819152,0.573576,0
6981,20.35,0.0,0.0644,5.1369,-0.0644,-0.816642,0.577145,0
6982,20.3667,0.0,0.0628,5.0741,-0.0628,-0.814116,0.580703,0
6983,20.3833,0.0,0.0622,5.0119,-0.0622,-0.811574,0.58425,0
6984,20.4,0.0,0.0663,4.9456,-0.0663,-0.809017,0.587785,0
6985,20.4167,0.0,0.0627,4.8829,-0.0627,-0.806445,0.59131,0
6986,20.4333,0.0,0.066,4.8169,-0.066,-0.803857,0.594823,0
6987,20.45,0.0,0.0636,4.7533,-0.0636,-0.801254,0.598325,0
6988,20.4667,0.0,0.0635,4.6898,-0.0635,-0.798636,0.601815,0
6989,20.4833,0.0,0.0637,4.6261,-0.0637,-0.796002,0.605294,0
6990,20.5,0.0,0.0602,4.5659,-0.0602,-0.793353,0.608761,0
6991,20.5167,0.0,0.0661,4.4998,-0.0661,-0.79069,0.612217,0
6992,20.5333,0.0,0.0696,4.4302,-0.0696,-0.788011,0.615661,0
6993,20.55,0.0,0.0661,4.3641,-0.0661,-0.785317,0.619094,0
6994,20.5667,0.0,0.061,4.3031,-0.061,-0.782608,0.622515,0
6995,20.5833,0.0,0.0666,4.2365,-0.0666,-0.779884,0.625923,0
6996,20.6,0.0,0.0674,4.1691,-0.0674,-0.777146,0.62932,0
6997,20.6167,0.0,0.0624,4.1067,-0.0624,-0.774393,0.632705,0
6998,20.6333,0.0,0.063,4.0437,-0.063,-0.771625,0.636078,0
6999,20.65,0.0,0.0633,3.9804,-0.0633,-0.768842,0.639439,0
7000,20.6667,0.0,0.0675,3.9129,-0.0675,-0.766044,0.642788,0
7001,20.6833,0.0,0.059,3.8539,-0.059,-0.763232,0.646124,0
7002,20.7,0.0,0.0644,3.7895,-0.0644,-0.760406,0.649448,0
7003,20.7167,0.0,0.0643,3.7252,-0.0643,-0.757565,0.65276,0
7004,20.7333,0.0,0.066,3.6592,-0.066,-0.75471,0.656059,0
7005,20.75,0.0,0.0674,3.5918,-0.0674,-0.75184,0.659346,0
7006,20.7667,0.0,0.0656,3.5262,-0.0656,-0.748956,0.66262,0
7007,20.7833,0.0,0.0667,3.4595,-0.0667,-0.746057,0.665882,0
7008,20.8,0.0,0.0655,3.394,-0.0655,-0.743145,0.669131,0
7009,20.8167,0.0,0.0651,3.3289,-0.0651,-0.740218,0.672367,0
7010,20.8333,0.0,0.06,3.2689,-0.06,-0.737277,0.67559,0
7011,20.85,0.0,0.0646,3.2043,-0.0646,-0.734323,0.678801,0
7012,20.8667,0.0,0.0655,3.1388,-0.0655,-0.731354,0.681998,0
7013,20.8833,0.0,0.0656,3.0732,-0.0656,-0.728371,0.685183,0
7014,20.9,0.0,0.0638,3.0094,-0.0638,-0.725374,0.688355,0
7015,20.9167,0.0,0.0662,2.9432,-0.0662,-0.722364,0.691513,0
7016,20.9333,0.0,0.0648,2.8784,-0.0648,-0.71934,0.694658,0
7017,20.95,0.0,0.066,2.8124,-0.066,-0.716302,0.69779,0
7018,20.9667,0.0,0.0615,2.7509,-0.0615,-0.71325,0.700909,0
7019,20.9833,0.0,0.0627,2.6882,-0.0627,-0.710185,0.704015,0
7020,21.0,0.0,0.0673,2.6209,-0.0673,-0.707107,0.707107,0
7021,21.0167,0.0,0.0661,2.5548,-0.0661,-0.704015,0.710185,0
7022,21.0333,0.0,0.0662,2.4886,-0.0662,-0.700909,0.71325,0
7023,21.05,0.0,0.0688,2.4198,-0.0688,-0.69779,0.716302,0
7024,21.0667,0.0,0.063,2.3568,-0.063,-0.694658,0.71934,0
7025,21.0833,0.0,0.0653,2.2915,-0.0653,-0.691513,0.722364,0
7026,21.1,0.0,0.0665,2.225,-0.0665,-0.688355,0.725374,0
7027,21.1167,0.0,0.0641,2.1609,-0.0641,-0.685183,0.728371,0
7028,21.1333,0.0,0.0666,2.0943,-0.0666,-0.681998,0.731354,0
7029,21.15,0.0,0.0667,2.0276,-0.0667,-0.678801,0.734323,0
7030,21.1667,0.0,0.0633,1.9643,-0.0633,-0.67559,0.737277,0
7031,21.1833,0.0,0.0634,1.9009,-0.0634,-0.672367,0.740218,0
7032,21.2,0.0,0.062,1.8389,-0.062,-0.669131,0.743145,0
7033,21.2167,0.0,0.0643,1.7746,-0.0643,-0.665882,0.746057,0
7034,21.2333,0.0,0.0643,1.7103,-0.0643,-0.66262,0.748956,0
7035,21.25,0.0,0.0632,1.6471,-0.0632,-0.659346,0.75184,0
7036,21.2667,0.0,0.0649,1.5822,-0.0649,-0.656059,0.75471,0
7037,21.2833,0.0,0.0645,1.5177,-0.0645,-0.65276,0.757565,0
7038,21.3,0.0,0.0658,1.4519,-0.0658,-0.649448,0.760406,0
7039,21.3167,0.0,0.0616,1.3903,-0.0616,-0.646124,0.763232,0
7040,21.3333,0.0,0.0614,1.3289,-0.0614,-0.642788,0.766044,0
7041,21.35,0.0,0.0659,1.263,-0.0659,-0.639439,0.768842,0
7042,21.3667,0.0,0.067,1.196,-0.067,-0.636078,0.771625,0
7043,21.3833,0.0,0.0662,1.1298,-0.0662,-0.632705,0.774393,0
7044,21.4,0.0,0.0632,1.0666,-0.0632,-0.62932,0.777146,0
7045,21.4167,0.0,0.0623,1.0043,-0.0623,-0.625923,0.779884,0
7046,21.4333,0.0,0.0658,0.9385,-0.0658,-0.622515,0.782608,0
7047,21.45,0.0,0.0604,0.8781,-0.0604,-0.619094,0.785317,0
7048,21.4667,0.0,0.0658,0.8123,-0.0658,-0.615661,0.788011,0
7049,21.4833,0.0,0.0659,0.7464,-0.0659,-0.612217,0.79069,0
7050,21.5,0.0,0.0654,0.681,-0.0654,-0.608761,0.793353,0
7051,21.5167,0.0,0.0657,0.6153,-0.0657,-0.605294,0.796002,0
7052,21.5333,0.0,0.0637,0.5516,-0.0637,-0.601815,0.798636,0
7053,21.55,0.0,0.0657,0.4859,-0.0657,-0.598325,0.801254,0
7054,21.5667,0.0,0.0675,0.4184,-0.0675,-0.594823,0.803857,0
7055,21.5833,0.0,0.0667,0.3517,-0.0667,-0.59131,0.806445,0
7056,21.6,0.0,0.0622,0.2895,-0.0622,-0.587785,0.809017,0
7057,21.6167,0.0,0.0656,0.2239,-0.0656,-0.58425,0.811574,0
7058,21.6333,0.0,0.0637,0.1602,-0.0637,-0.580703,0.814116,0
7059,21.65,0.0,0.0653,0.0949,-0.0653,-0.577145,0.816642,0
7060,21.6667,0.0,0.0648,0.0301,-0.0648,-0.573576,0.819152,0
7061,21.6833,0.0,0.0637,0.0,-0.0637,-0.569997,0.821647,1
7062,21.7,0.0,0.0679,0.0,-0.0679,-0.566406,0.824126,1
7063,21.7167,0.0,0.0631,0.0,-0.0631,-0.562805,0.82659,1
7064,21.7333,0.0,0.0675,0.0,-0.0675,-0.559193,0.829038,1
7065,21.75,0.0,0.0631,0.0,-0.0631,-0.55557,0.83147,1
7066,21.7667,0.0,0.0644,0.0,-0.0644,-0.551937,0.833886,1
7067,21.7833,0.0,0.0638,0.0,-0.0638,-0.548293,0.836286,1
7068,21.8,0.0,0.0633,0.0,-0.0633,-0.544639,0.838671,1
7069,21.8167,0.0,0.0695,0.0,-0.0695,-0.540974,0.841039,1
7070,21.8333,0.0,0.0651,0.0,-0.0651,-0.5373,0.843391,1
7071,21.85,0.0,0.0666,0.0,-0.0666,-0.533615,0.845728,1
7072,21.8667,0.0,0.0637,0.0,-0.0637,-0.529919,0.848048,1
7073,21.8833,0.0,0.0666,0.0,-0.0666,-0.526214,0.850352,1
7074,21.9,0.0,0.0641,0.0,-0.0641,-0.522499,0.85264,1
7075,21.9167,0.0,0.0649,0.0,-0.0649,-0.518773,0.854912,1
7076,21.9333,0.0,0.0662,0.0,-0.0662,-0.515038,0.857167,1
7077,21.95,0.0,0.0672,0.0,-0.0672,-0.511293,0.859406,1
7078,21.9667,0.0,0.0667,0.0,-0.0667,-0.507538,0.861629,1
7079,21.9833,0.0,0.0661,0.0,-0.0661,-0.503774,0.863836,1
7080,22.0,0.0,0.0167,0.0,-0.0167,-0.5,0.866025,1
7081,22.0167,0.0,0.0126,0.0,-0.0126,-0.496217,0.868199,1
7082,22.0333,0.0,0.0142,0.0,-0.0142,-0.492424,0.870356,1
7083,22.05,0.0,0.0176,0.0,-0.0176,-0.488621,0.872496,1
7084,22.0667,0.0,0.0151,0.0,-0.0151,-0.48481,0.87462,1
7085,22.0833,0.0,0.0123,0.0,-0.0123,-0.480989,0.876727,1
7086,22.1,0.0,0.0148,0.0,-0.0148,-0.477159,0.878817,1
7087,22.1167,0.0,0.013,0.0,-0.013,-0.47332,0.880891,1
7088,22.1333,0.0,0.0211,0.0,-0.0211,-0.469472,0.882948,1
7089,22.15,0.0,0.0147,0.0,-0.0147,-0.465615,0.884988,1
7090,22.1667,0.0,0.0153,0.0,-0.0153,-0.461749,0.887011,1
7091,22.1833,0.0,0.0163,0.0,-0.0163,-0.457874,0.889017,1
7092,22.2,0.0,0.0148,0.0,-0.0148,-0.45399,0.891007,1
7093,22.2167,0.0,0.0142,0.0,-0.0142,-0.450098,0.892979,1
7094,22.2333,0.0,0.0186,0.0,-0.0186,-0.446198,0.894934,1
7095,22.25,0.0,0.0191,0.0,-0.0191,-0.442289,0.896873,1
7096,22.2667,0.0,0.0154,0.0,-0.0154,-0.438371,0.898794,1
7097,22.2833,0.0,0.0145,0.0,-0.0145,-0.434445,0.900698,1
7098,22.3,0.0,0.0149,0.0,-0.0149,-0.430511,0.902585,1
7099,22.3167,0.0,0.017,0.0,-0.017,-0.426569,0.904455,1
7100,22.3333,0.0,0.0165,0.0,-0.0165,-0.422618,0.906308,1
7101,22.35,0.0,0.0143,0.0,-0.0143,-0.41866,0.908143,1
7102,22.3667,0.0,0.0168,0.0,-0.0168,-0.414693,0.909961,1
7103,22.3833,0.0,0.0177,0.0,-0.0177,-0.410719,0.911762,1
7104,22.4,0.0,0.019,0.0,-0.019,-0.406737,0.913545,1
7105,22.4167,0.0,0.013,0.0,-0.013,-0.402747,0.915311,1
7106,22.4333,0.0,0.0178,0.0,-0.0178,-0.398749,0.91706,1
7107,22.45,0.0,0.0162,0.0,-0.0162,-0.394744,0.918791,1
7108,22.4667,0.0,0.0174,0.0,-0.0174,-0.390731,0.920505,1
7109,22.4833,0.0,0.0172,0.0,-0.0172,-0.386711,0.922201,1
7110,22.5,0.0,0.0125,0.0,-0.0125,-0.382683,0.92388,1
7111,22.5167,0.0,0.0144,0.0,-0.0144,-0.378649,0.925541,1
7112,22.5333,0.0,0.0171,0.0,-0.0171,-0.374607,0.927184,1
7113,22.55,0.0,0.0173,0.0,-0.0173,-0.370557,0.92881,1
7114,22.5667,0.0,0.0131,0.0,-0.0131,-0.366501,0.930418,1
7115,22.5833,0.0,0.0137,0.0,-0.0137,-0.362438,0.932008,1
7116,22.6,0.0,0.0158,0.0,-0.0158,-0.358368,0.93358,1
7117,22.6167,0.0,0.012,0.0,-0.012,-0.354291,0.935135,1
7118,22.6333,0.0,0.0153,0.0,-0.0153,-0.350207,0.936672,1
7119,22.65,0.0,0.0144,0.0,-0.0144,-0.346117,0.938191,1
7120,22.6667,0.0,0.0147,0.0,-0.0147,-0.34202,0.939693,1
7121,22.6833,0.0,0.0148,0.0,-0.0148,-0.337917,0.941176,1
7122,22.7,0.0,0.0146,0.0,-0.0146,-0.333807,0.942641,1
7123,22.7167,0.0,0.0174,0.0,-0.0174,-0.329691,0.944089,1
7124,22.7333,0.0,0.0145,0.0,-0.0145,-0.325568,0.945519,1
7125,22.75,0.0,0.0116,0.0,-0.0116,-0.321439,0.94693,1
7126,22.7667,0.0,0.0187,0.0,-0.0187,-0.317305,0.948324,1
7127,22.7833,0.0,0.0159,0.0,-0.0159,-0.313164,0.949699,1
7128,22.8,0.0,0.0156,0.0,-0.0156,-0.309017,0.951057,1
7129,22.8167,0.0,0.0173,0.0,-0.0173,-0.304864,0.952396,1
7130,22.8333,0.0,0.0139,0.0,-0.0139,-0.300706,0.953717,1
7131,22.85,0.0,0.0112,0.0,-0.0112,-0.296542,0.95502,1
7132,22.8667,0.0,0.0129,0.0,-0.0129,-0.292372,0.956305,1
7133,22.8833,0.0,0.0151,0.0,-0.0151,-0.288196,0.957571,1
7134,22.9,0.0,0.0169,0.0,-0.0169,-0.284015,0.95882,1
7135,22.9167,0.0,0.0168,0.0,-0.0168,-0.279829,0.96005,1
7136,22.9333,0.0,0.0159,0.0,-0.0159,-0.275637,0.961262,1
7137,22.95,0.0,0.0138,0.0,-0.0138,-0.27144,0.962455,1
7138,22.9667,0.0,0.015,0.0,-0.015,-0.267238,0.96363,1
7139,22.9833,0.0,0.0196,0.0,-0.0196,-0.263031,0.964787,1
7140,23.0,0.0,0.0139,0.0,-0.0139,-0.258819,0.965926,1
7141,23.0167,0.0,0.0155,0.0,-0.0155,-0.254602,0.967046,1
7142,23.0333,0.0,0.0151,0.0,-0.0151,-0.25038,0.968148,1
7143,23.05,0.0,0.019,0.0,-0.019,-0.246153,0.969231,1
7144,23.0667,0.0,0.0154,0.0,-0.0154,-0.241922,0.970296,1
7145,23.0833,0.0,0.0176,0.0,-0.0176,-0.237686,0.971342,1
7146,23.1,0.0,0.0144,0.0,-0.0144,-0.233445,0.97237,1
7147,23.1167,0.0,0.0123,0.0,-0.0123,-0.2292,0.973379,1
7148,23.1333,0.0,0.0162,0.0,-0.0162,-0.224951,0.97437,1
7149,23.15,0.0,0.0139,0.0,-0.0139,-0.220697,0.975342,1
7150,23.1667,0.0,0.0164,0.0,-0.0164,-0.21644,0.976296,1
7151,23.1833,0.0,0.0174,0.0,-0.0174,-0.212178,0.977231,1
7152,23.2,0.0,0.0149,0.0,-0.0149,-0.207912,0.978148,1
7153,23.2167,0.0,0.0145,0.0,-0.0145,-0.203642,0.979045,1
7154,23.2333,0.0,0.0162,0.0,-0.0162,-0.199368,0.979925,1
7155,23.25,0.0,0.0173,0.0,-0.0173,-0.19509,0.980785,1
7156,23.2667,0.0,0.0185,0.0,-0.0185,-0.190809,0.981627,1
7157,23.2833,0.0,0.0138,0.0,-0.0138,-0.186524,0.98245,1
7158,23.3,0.0,0.0147,0.0,-0.0147,-0.182236,0.983255,1
7159,23.3167,0.0,0.0144,0.0,-0.0144,-0.177944,0.984041,1
7160,23.3333,0.0,0.0148,0.0,-0.0148,-0.173648,0.984808,1
7161,23.35,0.0,0.0115,0.0,-0.0115,-0.16935,0.985556,1
7162,23.3667,0.0,0.014,0.0,-0.014,-0.165048,0.986286,1
7163,23.3833,0.0,0.0174,0.0,-0.0174,-0.160743,0.986996,1
7164,23.4,0.0,0.0136,0.0,-0.0136,-0.156434,0.987688,1
7165,23.4167,0.0,0.0142,0.0,-0.0142,-0.152123,0.988362,1
7166,23.4333,0.0,0.0138,0.0,-0.0138,-0.147809,0.989016,1
7167,23.45,0.0,0.0177,0.0,-0.0177,-0.143493,0.989651,1
7168,23.4667,0.0,0.0153,0.0,-0.0153,-0.139173,0.990268,1
7169,23.4833,0.0,0.0179,0.0,-0.0179,-0.134851,0.990866,1
7170,23.5,0.0,0.0184,0.0,-0.0184,-0.130526,0.991445,1
7171,23.5167,0.0,0.0154,0.0,-0.0154,-0.126199,0.992005,1
7172,23.5333,0.0,0.0173,0.0,-0.0173,-0.121869,0.992546,1
7173,23.55,0.0,0.0164,0.0,-0.0164,-0.117537,0.993068,1
7174,23.5667,0.0,0.0122,0.0,-0.0122,-0.113203,0.993572,1
7175,23.5833,0.0,0.0167,0.0,-0.0167,-0.108867,0.994056,1
7176,23.6,0.0,0.0174,0.0,-0.0174,-0.104528,0.994522,1
7177,23.6167,0.0,0.0143,0.0,-0.0143,-0.100188,0.994969,1
7178,23.6333,0.0,0.0161,0.0,-0.0161,-0.095846,0.995396,1
7179,23.65,0.0,0.0159,0.0,-0.0159,-0.091502,0.995805,1
7180,23.6667,0.0,0.0154,0.0,-0.0154,-0.087156,0.996195,1
7181,23.6833,0.0,0.0166,0.0,-0.0166,-0.082808,0.996566,1
7182,23.7,0.0,0.0164,0.0,-0.0164,-0.078459,0.996917,1
7183,23.7167,0.0,0.0156,0.0,-0.0156,-0.074108,0.99725,1
7184,23.7333,0.0,0.015,0.0,-0.015,-0.069756,0.997564,1
7185,23.75,0.0,0.0125,0.0,-0.0125,-0.065403,0.997859,1
7186,23.7667,0.0,0.0116,0.0,-0.0116,-0.061049,0.998135,1
7187,23.7833,0.0,0.0125,0.0,-0.0125,-0.056693,0.998392,1
7188,23.8,0.0,0.0182,0.0,-0.0182,-0.052336,0.99863,1
7189,23.8167,0.0,0.0097,0.0,-0.0097,-0.047978,0.998848,1
7190,23.8333,0.0,0.0138,0.0,-0.0138,-0.043619,0.999048,1
7191,23.85,0.0,0.0147,0.0,-0.0147,-0.03926,0.999229,1
7192,23.8667,0.0,0.0169,0.0,-0.0169,-0.034899,0.999391,1
7193,23.8833,0.0,0.0152,0.0,-0.0152,-0.030539,0.999534,1
7194,23.9,0.0,0.0175,0.0,-0.0175,-0.026177,0.999657,1
7195,23.9167,0.0,0.0164,0.0,-0.0164,-0.021815,0.999762,1
7196,23.9333,0.0,0.0163,0.0,-0.0163,-0.017452,0.999848,1
7197,23.95,0.0,0.0194,0.0,-0.0194,-0.01309,0.999914,1
7198,23.9667,0.0,0.0141,0.0,-0.0141,-0.008727,0.999962,1
7199,23.9833,0.0,0.0177,0.0,-0.0177,-0.004363,0.99999,1
7200,0.0,0.0,0.0186,0.0,-0.0186,0.0,1.0,1
7201,0.0167,0.0,0.0135,0.0,-0.0135,0.004363,0.99999,1
7202,0.0333,0.0,0.0135,0.0,-0.0135,0.008727,0.999962,1
7203,0.05,0.0,0.0139,0.0,-0.0139,0.01309,0.999914,1
7204,0.0667,0.0,0.0177,0.0,-0.0177,0.017452,0.999848,1
7205,0.0833,0.0,0.0168,0.0,-0.0168,0.021815,0.999762,1
7206,0.1,0.0,0.0182,0.0,-0.0182,0.026177,0.999657,1
7207,0.1167,0.0,0.0144,0.0,-0.0144,0.030539,0.999534,1
7208,0.1333,0.0,0.0196,0.0,-0.0196,0.034899,0.999391,1
7209,0.15,0.0,0.0147,0.0,-0.0147,0.03926,0.999229,1
7210,0.1667,0.0,0.0158,0.0,-0.0158,0.043619,0.999048,1
7211,0.1833,0.0,0.0131,0.0,-0.0131,0.047978,0.998848,1
7212,0.2,0.0,0.0155,0.0,-0.0155,0.052336,0.99863,1
7213,0.2167,0.0,0.0162,0.0,-0.0162,0.056693,0.998392,1
7214,0.2333,0.0,0.0114,0.0,-0.0114,0.061049,0.998135,1
7215,0.25,0.0,0.0189,0.0,-0.0189,0.065403,0.997859,1
7216,0.2667,0.0,0.0129,0.0,-0.0129,0.069756,0.997564,1
7217,0.2833,0.0,0.0149,0.0,-0.0149,0.074108,0.99725,1
7218,0.3,0.0,0.0145,0.0,-0.0145,0.078459,0.996917,1
7219,0.3167,0.0,0.0151,0.0,-0.0151,0.082808,0.996566,1
7220,0.3333,0.0,0.0155,0.0,-0.0155,0.087156,0.996195,1
7221,0.35,0.0,0.0173,0.0,-0.0173,0.091502,0.995805,1
7222,0.3667,0.0,0.0158,0.0,-0.0158,0.095846,0.995396,1
7223,0.3833,0.0,0.0129,0.0,-0.0129,0.100188,0.994969,1
7224,0.4,0.0,0.0118,0.0,-0.0118,0.104528,0.994522,1
7225,0.4167,0.0,0.0144,0.0,-0.0144,0.108867,0.994056,1
7226,0.4333,0.0,0.0128,0.0,-0.0128,0.113203,0.993572,1
7227,0.45,0.0,0.0177,0.0,-0.0177,0.117537,0.993068,1
7228,0.4667,0.0,0.0164,0.0,-0.0164,0.121869,0.992546,1
7229,0.4833,0.0,0.0151,0.0,-0.0151,0.126199,0.992005,1
7230,0.5,0.0,0.0144,0.0,-0.0144,0.130526,0.991445,1
7231,0.5167,0.0,0.0122,0.0,-0.0122,0.134851,0.990866,1
7232,0.5333,0.0,0.0171,0.0,-0.0171,0.139173,0.990268,1
7233,0.55,0.0,0.0162,0.0,-0.0162,0.143493,0.989651,1
7234,0.5667,0.0,0.0181,0.0,-0.0181,0.147809,0.989016,1
7235,0.5833,0.0,0.019,0.0,-0.019,0.152123,0.988362,1
7236,0.6,0.0,0.0144,0.0,-0.0144,0.156434,0.987688,1
7237,0.6167,0.0,0.012,0.0,-0.012,0.160743,0.986996,1
7238,0.6333,0.0,0.0166,0.0,-0.0166,0.165048,0.986286,1
7239,0.65,0.0,0.0117,0.0,-0.0117,0.16935,0.985556,1
7240,0.6667,0.0,0.013,0.0,-0.013,0.173648,0.984808,1
7241,0.6833,0.0,0.0129,0.0,-0.0129,0.177944,0.984041,1
7242,0.7,0.0,0.0149,0.0,-0.0149,0.182236,0.983255,1
7243,0.7167,0.0,0.0154,0.0,-0.0154,0.186524,0.98245,1
7244,0.7333,0.0,0.0153,0.0,-0.0153,0.190809,0.981627,1
7245,0.75,0.0,0.0159,0.0,-0.0159,0.19509,0.980785,1
7246,0.7667,0.0,0.0184,0.0,-0.0184,0.199368,0.979925,1
7247,0.7833,0.0,0.0148,0.0,-0.0148,0.203642,0.979045,1
7248,0.8,0.0,0.0173,0.0,-0.0173,0.207912,0.978148,1
7249,0.8167,0.0,0.0144,0.0,-0.0144,0.212178,0.977231,1
7250,0.8333,0.0,0.0165,0.0,-0.0165,0.21644,0.976296,1
7251,0.85,0.0,0.0147,0.0,-0.0147,0.220697,0.975342,1
7252,0.8667,0.0,0.0137,0.0,-0.0137,0.224951,0.97437,1
7253,0.8833,0.0,0.0142,0.0,-0.0142,0.2292,0.973379,1
7254,0.9,0.0,0.0138,0.0,-0.0138,0.233445,0.97237,1
7255,0.9167,0.0,0.019,0.0,-0.019,0.237686,0.971342,1
7256,0.9333,0.0,0.0149,0.0,-0.0149,0.241922,0.970296,1
7257,0.95,0.0,0.0138,0.0,-0.0138,0.246153,0.969231,1
7258,0.9667,0.0,0.0181,0.0,-0.0181,0.25038,0.968148,1
7259,0.9833,0.0,0.0158,0.0,-0.0158,0.254602,0.967046,1
7260,1.0,0.0,0.0129,0.0,-0.0129,0.258819,0.965926,1
7261,1.0167,0.0,0.0143,0.0,-0.0143,0.263031,0.964787,1
7262,1.0333,0.0,0.0155,0.0,-0.0155,0.267238,0.96363,1
7263,1.05,0.0,0.0169,0.0,-0.0169,0.27144,0.962455,1
7264,1.0667,0.0,0.0176,0.0,-0.0176,0.275637,0.961262,1
7265,1.0833,0.0,0.0179,0.0,-0.0179,0.279829,0.96005,1
7266,1.1,0.0,0.017,0.0,-0.017,0.284015,0.95882,1
7267,1.1167,0.0,0.0165,0.0,-0.0165,0.288196,0.957571,1
7268,1.1333,0.0,0.0155,0.0,-0.0155,0.292372,0.956305,1
7269,1.15,0.0,0.0156,0.0,-0.0156,0.296542,0.95502,1
7270,1.1667,0.0,0.0163,0.0,-0.0163,0.300706,0.953717,1
7271,1.1833,0.0,0.015,0.0,-0.015,0.304864,0.952396,1
7272,1.2,0.0,0.0154,0.0,-0.0154,0.309017,0.951057,1
7273,1.2167,0.0,0.0168,0.0,-0.0168,0.313164,0.949699,1
7274,1.2333,0.0,0.0176,0.0,-0.0176,0.317305,0.948324,1
7275,1.25,0.0,0.0138,0.0,-0.0138,0.321439,0.94693,1
7276,1.2667,0.0,0.0154,0.0,-0.0154,0.325568,0.945519,1
7277,1.2833,0.0,0.0144,0.0,-0.0144,0.329691,0.944089,1
7278,1.3,0.0,0.016,0.0,-0.016,0.333807,0.942641,1
7279,1.3167,0.0,0.0173,0.0,-0.0173,0.337917,0.941176,1
7280,1.3333,0.0,0.0166,0.0,-0.0166,0.34202,0.939693,1
7281,1.35,0.0,0.0157,0.0,-0.0157,0.346117,0.938191,1
7282,1.3667,0.0,0.016,0.0,-0.016,0.350207,0.936672,1
7283,1.3833,0.0,0.0141,0.0,-0.0141,0.354291,0.935135,1
7284,1.4,0.0,0.0138,0.0,-0.0138,0.358368,0.93358,1
7285,1.4167,0.0,0.0153,0.0,-0.0153,0.362438,0.932008,1
7286,1.4333,0.0,0.0135,0.0,-0.0135,0.366501,0.930418,1
7287,1.45,0.0,0.0136,0.0,-0.0136,0.370557,0.92881,1
7288,1.4667,0.0,0.0143,0.0,-0.0143,0.374607,0.927184,1
7289,1.4833,0.0,0.0157,0.0,-0.0157,0.378649,0.925541,1
7290,1.5,0.0,0.0151,0.0,-0.0151,0.382683,0.92388,1
7291,1.5167,0.0,0.0144,0.0,-0.0144,0.386711,0.922201,1
7292,1.5333,0.0,0.0161,0.0,-0.0161,0.390731,0.920505,1
7293,1.55,0.0,0.0153,0.0,-0.0153,0.394744,0.918791,1
7294,1.5667,0.0,0.0136,0.0,-0.0136,0.398749,0.91706,1
7295,1.5833,0.0,0.0127,0.0,-0.0127,0.402747,0.915311,1
7296,1.6,0.0,0.0153,0.0,-0.0153,0.406737,0.913545,1
7297,1.6167,0.0,0.015,0.0,-0.015,0.410719,0.911762,1
7298,1.6333,0.0,0.0159,0.0,-0.0159,0.414693,0.909961,1
7299,1.65,0.0,0.0147,0.0,-0.0147,0.41866,0.908143,1
7300,1.6667,0.0,0.0185,0.0,-0.0185,0.422618,0.906308,1
7301,1.6833,0.0,0.0109,0.0,-0.0109,0.426569,0.904455,1
7302,1.7,0.0,0.0132,0.0,-0.0132,0.430511,0.902585,1
7303,1.7167,0.0,0.0189,0.0,-0.0189,0.434445,0.900698,1
7304,1.7333,0.0,0.0144,0.0,-0.0144,0.438371,0.898794,1
7305,1.75,0.0,0.0117,0.0,-0.0117,0.442289,0.896873,1
7306,1.7667,0.0,0.0121,0.0,-0.0121,0.446198,0.894934,1
7307,1.7833,0.0,0.0182,0.0,-0.0182,0.450098,0.892979,1
7308,1.8,0.0,0.0144,0.0,-0.0144,0.45399,0.891007,1
7309,1.8167,0.0,0.0178,0.0,-0.0178,0.457874,0.889017,1
7310,1.8333,0.0,0.016,0.0,-0.016,0.461749,0.887011,1
7311,1.85,0.0,0.0148,0.0,-0.0148,0.465615,0.884988,1
7312,1.8667,0.0,0.0156,0.0,-0.0156,0.469472,0.882948,1
7313,1.8833,0.0,0.0159,0.0,-0.0159,0.47332,0.880891,1
7314,1.9,0.0,0.0181,0.0,-0.0181,0.477159,0.878817,1
7315,1.9167,0.0,0.0174,0.0,-0.0174,0.480989,0.876727,1
7316,1.9333,0.0,0.0177,0.0,-0.0177,0.48481,0.87462,1
7317,1.95,0.0,0.0175,0.0,-0.0175,0.488621,0.872496,1
7318,1.9667,0.0,0.0155,0.0,-0.0155,0.492424,0.870356,1
7319,1.9833,0.0,0.0149,0.0,-0.0149,0.496217,0.868199,1
7320,2.0,0.0,0.014,0.0,-0.014,0.5,0.866025,1
7321,2.0167,0.0,0.0143,0.0,-0.0143,0.503774,0.863836,1
7322,2.0333,0.0,0.0154,0.0,-0.0154,0.507538,0.861629,1
7323,2.05,0.0,0.0146,0.0,-0.0146,0.511293,0.859406,1
7324,2.0667,0.0,0.0157,0.0,-0.0157,0.515038,0.857167,1
7325,2.0833,0.0,0.0143,0.0,-0.0143,0.518773,0.854912,1
7326,2.1,0.0,0.0164,0.0,-0.0164,0.522499,0.85264,1
7327,2.1167,0.0,0.0147,0.0,-0.0147,0.526214,0.850352,1
7328,2.1333,0.0,0.016,0.0,-0.016,0.529919,0.848048,1
7329,2.15,0.0,0.0199,0.0,-0.0199,0.533615,0.845728,1
7330,2.1667,0.0,0.0202,0.0,-0.0202,0.5373,0.843391,1
7331,2.1833,0.0,0.0178,0.0,-0.0178,0.540974,0.841039,1
7332,2.2,0.0,0.0164,0.0,-0.0164,0.544639,0.838671,1
7333,2.2167,0.0,0.0141,0.0,-0.0141,0.548293,0.836286,1
7334,2.2333,0.0,0.0147,0.0,-0.0147,0.551937,0.833886,1
7335,2.25,0.0,0.0174,0.0,-0.0174,0.55557,0.83147,1
7336,2.2667,0.0,0.0165,0.0,-0.0165,0.559193,0.829038,1
7337,2.2833,0.0,0.0159,0.0,-0.0159,0.562805,0.82659,1
7338,2.3,0.0,0.015,0.0,-0.015,0.566406,0.824126,1
7339,2.3167,0.0,0.0151,0.0,-0.0151,0.569997,0.821647,1
7340,2.3333,0.0,0.0156,0.0,-0.0156,0.573576,0.819152,1
7341,2.35,0.0,0.0148,0.0,-0.0148,0.577145,0.816642,1
7342,2.3667,0.0,0.011,0.0,-0.011,0.580703,0.814116,1
7343,2.3833,0.0,0.0145,0.0,-0.0145,0.58425,0.811574,1
7344,2.4,0.0,0.0165,0.0,-0.0165,0.587785,0.809017,1
7345,2.4167,0.0,0.0147,0.0,-0.0147,0.59131,0.806445,1
7346,2.4333,0.0,0.017,0.0,-0.017,0.594823,0.803857,1
7347,2.45,0.0,0.0152,0.0,-0.0152,0.598325,0.801254,1
7348,2.4667,0.0,0.0182,0.0,-0.0182,0.601815,0.798636,1
7349,2.4833,0.0,0.0198,0.0,-0.0198,0.605294,0.796002,1
7350,2.5,0.0,0.0142,0.0,-0.0142,0.608761,0.793353,1
7351,2.5167,0.0,0.0143,0.0,-0.0143,0.612217,0.79069,1
7352,2.5333,0.0,0.0137,0.0,-0.0137,0.615661,0.788011,1
7353,2.55,0.0,0.0151,0.0,-0.0151,0.619094,0.785317,1
7354,2.5667,0.0,0.016,0.0,-0.016,0.622515,0.782608,1
7355,2.5833,0.0,0.0167,0.0,-0.0167,0.625923,0.779884,1
7356,2.6,0.0,0.0135,0.0,-0.0135,0.62932,0.777146,1
7357,2.6167,0.0,0.0176,0.0,-0.0176,0.632705,0.774393,1
7358,2.6333,0.0,0.0156,0.0,-0.0156,0.636078,0.771625,1
7359,2.65,0.0,0.015,0.0,-0.015,0.639439,0.768842,1
7360,2.6667,0.0,0.0162,0.0,-0.0162,0.642788,0.766044,1
7361,2.6833,0.0,0.0159,0.0,-0.0159,0.646124,0.763232,1
7362,2.7,0.0,0.0168,0.0,-0.0168,0.649448,0.760406,1
7363,2.7167,0.0,0.0152,0.0,-0.0152,0.65276,0.757565,1
7364,2.7333,0.0,0.0146,0.0,-0.0146,0.656059,0.75471,1
7365,2.75,0.0,0.0137,0.0,-0.0137,0.659346,0.75184,1
7366,2.7667,0.0,0.0136,0.0,-0.0136,0.66262,0.748956,1
7367,2.7833,0.0,0.0171,0.0,-0.0171,0.665882,0.746057,1
7368,2.8,0.0,0.0155,0.0,-0.0155,0.669131,0.743145,1
7369,2.8167,0.0,0.0168,0.0,-0.0168,0.672367,0.740218,1
7370,2.8333,0.0,0.0178,0.0,-0.0178,0.67559,0.737277,1
7371,2.85,0.0,0.0156,0.0,-0.0156,0.678801,0.734323,1
7372,2.8667,0.0,0.0143,0.0,-0.0143,0.681998,0.731354,1
7373,2.8833,0.0,0.0171,0.0,-0.0171,0.685183,0.728371,1
7374,2.9,0.0,0.0123,0.0,-0.0123,0.688355,0.725374,1
7375,2.9167,0.0,0.0145,0.0,-0.0145,0.691513,0.722364,1
7376,2.9333,0.0,0.0161,0.0,-0.0161,0.694658,0.71934,1
7377,2.95,0.0,0.0176,0.0,-0.0176,0.69779,0.716302,1
7378,2.9667,0.0,0.0113,0.0,-0.0113,0.700909,0.71325,1
7379,2.9833,0.0,0.0168,0.0,-0.0168,0.704015,0.710185,1
7380,3.0,0.0,0.013,0.0,-0.013,0.707107,0.707107,1
7381,3.0167,0.0,0.0159,0.0,-0.0159,0.710185,0.704015,1
7382,3.0333,0.0,0.0152,0.0,-0.0152,0.71325,0.700909,1
7383,3.05,0.0,0.0179,0.0,-0.0179,0.716302,0.69779,1
7384,3.0667,0.0,0.0139,0.0,-0.0139,0.71934,0.694658,1
7385,3.0833,0.0,0.0164,0.0,-0.0164,0.722364,0.691513,1
7386,3.1,0.0,0.0149,0.0,-0.0149,0.725374,0.688355,1
7387,3.1167,0.0,0.0145,0.0,-0.0145,0.728371,0.685183,1
7388,3.1333,0.0,0.0178,0.0,-0.0178,0.731354,0.681998,1
7389,3.15,0.0,0.0156,0.0,-0.0156,0.734323,0.678801,1
7390,3.1667,0.0,0.0158,0.0,-0.0158,0.737277,0.67559,1
7391,3.1833,0.0,0.0161,0.0,-0.0161,0.740218,0.672367,1
7392,3.2,0.0,0.0153,0.0,-0.0153,0.743145,0.669131,1
7393,3.2167,0.0,0.0175,0.0,-0.0175,0.746057,0.665882,1
7394,3.2333,0.0,0.0208,0.0,-0.0208,0.748956,0.66262,1
7395,3.25,0.0,0.0161,0.0,-0.0161,0.75184,0.659346,1
7396,3.2667,0.0,0.0129,0.0,-0.0129,0.75471,0.656059,1
7397,3.2833,0.0,0.0179,0.0,-0.0179,0.757565,0.65276,1
7398,3.3,0.0,0.0158,0.0,-0.0158,0.760406,0.649448,1
7399,3.3167,0.0,0.0155,0.0,-0.0155,0.763232,0.646124,1
7400,3.3333,0.0,0.0148,0.0,-0.0148,0.766044,0.642788,1
7401,3.35,0.0,0.0172,0.0,-0.0172,0.768842,0.639439,1
7402,3.3667,0.0,0.0142,0.0,-0.0142,0.771625,0.636078,1
7403,3.3833,0.0,0.0202,0.0,-0.0202,0.774393,0.632705,1
7404,3.4,0.0,0.0137,0.0,-0.0137,0.777146,0.62932,1
7405,3.4167,0.0,0.0123,0.0,-0.0123,0.779884,0.625923,1
7406,3.4333,0.0,0.0138,0.0,-0.0138,0.782608,0.622515,1
7407,3.45,0.0,0.0159,0.0,-0.0159,0.785317,0.619094,1
7408,3.4667,0.0,0.0147,0.0,-0.0147,0.788011,0.615661,1
7409,3.4833,0.0,0.0154,0.0,-0.0154,0.79069,0.612217,1
7410,3.5,0.0,0.0129,0.0,-0.0129,0.793353,0.608761,1
7411,3.5167,0.0,0.0156,0.0,-0.0156,0.796002,0.605294,1
7412,3.5333,0.0,0.0191,0.0,-0.0191,0.798636,0.601815,1
7413,3.55,0.0,0.0143,0.0,-0.0143,0.801254,0.598325,1
7414,3.5667,0.0,0.0122,0.0,-0.0122,0.803857,0.594823,1
7415,3.5833,0.0,0.0186,0.0,-0.0186,0.806445,0.59131,1
7416,3.6,0.0,0.0152,0.0,-0.0152,0.809017,0.587785,1
7417,3.6167,0.0,0.0123,0.0,-0.0123,0.811574,0.58425,1
7418,3.6333,0.0,0.0205,0.0,-0.0205,0.814116,0.580703,1
7419,3.65,0.0,0.0132,0.0,-0.0132,0.816642,0.577145,1
7420,3.6667,0.0,0.0146,0.0,-0.0146,0.819152,0.573576,1
7421,3.6833,0.0,0.0186,0.0,-0.0186,0.821647,0.569997,1
7422,3.7,0.0,0.0145,0.0,-0.0145,0.824126,0.566406,1
7423,3.7167,0.0,0.0163,0.0,-0.0163,0.82659,0.562805,1
7424,3.7333,0.0,0.0188,0.0,-0.0188,0.829038,0.559193,1
7425,3.75,0.0,0.0158,0.0,-0.0158,0.83147,0.55557,1
7426,3.7667,0.0,0.0168,0.0,-0.0168,0.833886,0.551937,1
7427,3.7833,0.0,0.0142,0.0,-0.0142,0.836286,0.548293,1
7428,3.8,0.0,0.0147,0.0,-0.0147,0.838671,0.544639,1
7429,3.8167,0.0,0.0127,0.0,-0.0127,0.841039,0.540974,1
7430,3.8333,0.0,0.0175,0.0,-0.0175,0.843391,0.5373,1
7431,3.85,0.0,0.0169,0.0,-0.0169,0.845728,0.533615,1
7432,3.8667,0.0,0.0168,0.0,-0.0168,0.848048,0.529919,1
7433,3.8833,0.0,0.0138,0.0,-0.0138,0.850352,0.526214,1
7434,3.9,0.0,0.0183,0.0,-0.0183,0.85264,0.522499,1
7435,3.9167,0.0,0.0173,0.0,-0.0173,0.854912,0.518773,1
7436,3.9333,0.0,0.0138,0.0,-0.0138,0.857167,0.515038,1
7437,3.95,0.0,0.0144,0.0,-0.0144,0.859406,0.511293,1
7438,3.9667,0.0,0.0174,0.0,-0.0174,0.861629,0.507538,1
7439,3.9833,0.0,0.0142,0.0,-0.0142,0.863836,0.503774,1
7440,4.0,0.0,0.0156,0.0,-0.0156,0.866025,0.5,1
7441,4.0167,0.0,0.0132,0.0,-0.0132,0.868199,0.496217,1
7442,4.0333,0.0,0.0152,0.0,-0.0152,0.870356,0.492424,1
7443,4.05,0.0,0.0132,0.0,-0.0132,0.872496,0.488621,1
7444,4.0667,0.0,0.0146,0.0,-0.0146,0.87462,0.48481,1
7445,4.0833,0.0,0.0124,0.0,-0.0124,0.876727,0.480989,1
7446,4.1,0.0,0.0191,0.0,-0.0191,0.878817,0.477159,1
7447,4.1167,0.0,0.0157,0.0,-0.0157,0.880891,0.47332,1
7448,4.1333,0.0,0.0159,0.0,-0.0159,0.882948,0.469472,1
7449,4.15,0.0,0.0136,0.0,-0.0136,0.884988,0.465615,1
7450,4.1667,0.0,0.016,0.0,-0.016,0.887011,0.461749,1
7451,4.1833,0.0,0.0142,0.0,-0.0142,0.889017,0.457874,1
7452,4.2,0.0,0.0171,0.0,-0.0171,0.891007,0.45399,1
7453,4.2167,0.0,0.0171,0.0,-0.0171,0.892979,0.450098,1
7454,4.2333,0.0,0.016,0.0,-0.016,0.894934,0.446198,1
7455,4.25,0.0,0.0151,0.0,-0.0151,0.896873,0.442289,1
7456,4.2667,0.0,0.018,0.0,-0.018,0.898794,0.438371,1
7457,4.2833,0.0,0.0122,0.0,-0.0122,0.900698,0.434445,1
7458,4.3,0.0,0.0169,0.0,-0.0169,0.902585,0.430511,1
7459,4.3167,0.0,0.0127,0.0,-0.0127,0.904455,0.426569,1
7460,4.3333,0.0,0.0143,0.0,-0.0143,0.906308,0.422618,1
7461,4.35,0.0,0.0128,0.0,-0.0128,0.908143,0.41866,1
7462,4.3667,0.0,0.0196,0.0,-0.0196,0.909961,0.414693,1
7463,4.3833,0.0,0.0161,0.0,-0.0161,0.911762,0.410719,1
7464,4.4,0.0,0.0157,0.0,-0.0157,0.913545,0.406737,1
7465,4.4167,0.0,0.0127,0.0,-0.0127,0.915311,0.402747,1
7466,4.4333,0.0,0.0185,0.0,-0.0185,0.91706,0.398749,1
7467,4.45,0.0,0.015,0.0,-0.015,0.918791,0.394744,1
7468,4.4667,0.0,0.014,0.0,-0.014,0.920505,0.390731,1
7469,4.4833,0.0,0.0159,0.0,-0.0159,0.922201,0.386711,1
7470,4.5,0.0,0.0136,0.0,-0.0136,0.92388,0.382683,1
7471,4.5167,0.0,0.0161,0.0,-0.0161,0.925541,0.378649,1
7472,4.5333,0.0,0.0155,0.0,-0.0155,0.927184,0.374607,1
7473,4.55,0.0,0.0121,0.0,-0.0121,0.92881,0.370557,1
7474,4.5667,0.0,0.0119,0.0,-0.0119,0.930418,0.366501,1
7475,4.5833,0.0,0.0185,0.0,-0.0185,0.932008,0.362438,1
7476,4.6,0.0,0.0174,0.0,-0.0174,0.93358,0.358368,1
7477,4.6167,0.0,0.0173,0.0,-0.0173,0.935135,0.354291,1
7478,4.6333,0.0,0.0173,0.0,-0.0173,0.936672,0.350207,1
7479,4.65,0.0,0.0156,0.0,-0.0156,0.938191,0.346117,1
7480,4.6667,0.0,0.0179,0.0,-0.0179,0.939693,0.34202,1
7481,4.6833,0.0,0.0162,0.0,-0.0162,0.941176,0.337917,1
7482,4.7,0.0,0.0164,0.0,-0.0164,0.942641,0.333807,1
7483,4.7167,0.0,0.015,0.0,-0.015,0.944089,0.329691,1
7484,4.7333,0.0,0.0164,0.0,-0.0164,0.945519,0.325568,1
7485,4.75,0.0,0.0162,0.0,-0.0162,0.94693,0.321439,1
7486,4.7667,0.0,0.0144,0.0,-0.0144,0.948324,0.317305,1
7487,4.7833,0.0,0.0137,0.0,-0.0137,0.949699,0.313164,1
7488,4.8,0.0,0.0167,0.0,-0.0167,0.951057,0.309017,1
7489,4.8167,0.0,0.0105,0.0,-0.0105,0.952396,0.304864,1
7490,4.8333,0.0,0.0166,0.0,-0.0166,0.953717,0.300706,1
7491,4.85,0.0,0.0131,0.0,-0.0131,0.95502,0.296542,1
7492,4.8667,0.0,0.019,0.0,-0.019,0.956305,0.292372,1
7493,4.8833,0.0,0.0166,0.0,-0.0166,0.957571,0.288196,1
7494,4.9,0.0,0.0189,0.0,-0.0189,0.95882,0.284015,1
7495,4.9167,0.0,0.0146,0.0,-0.0146,0.96005,0.279829,1
7496,4.9333,0.0,0.0119,0.0,-0.0119,0.961262,0.275637,1
7497,4.95,0.0,0.0139,0.0,-0.0139,0.962455,0.27144,1
7498,4.9667,0.0,0.017,0.0,-0.017,0.96363,0.267238,1
7499,4.9833,0.0,0.0172,0.0,-0.0172,0.964787,0.263031,1
7500,5.0,0.0,0.017,0.0,-0.017,0.965926,0.258819,1
7501,5.0167,0.0,0.0127,0.0,-0.0127,0.967046,0.254602,1
7502,5.0333,0.0,0.0156,0.0,-0.0156,0.968148,0.25038,1
7503,5.05,0.0,0.0203,0.0,-0.0203,0.969231,0.246153,1
7504,5.0667,0.0,0.0131,0.0,-0.0131,0.970296,0.241922,1
7505,5.0833,0.0,0.0191,0.0,-0.0191,0.971342,0.237686,1
7506,5.1,0.0,0.0191,0.0,-0.0191,0.97237,0.233445,1
7507,5.1167,0.0,0.0161,0.0,-0.0161,0.973379,0.2292,1
7508,5.1333,0.0,0.0136,0.0,-0.0136,0.97437,0.224951,1
7509,5.15,0.0,0.0138,0.0,-0.0138,0.975342,0.220697,1
7510,5.1667,0.0,0.0143,0.0,-0.0143,0.976296,0.21644,1
7511,5.1833,0.0,0.0129,0.0,-0.0129,0.977231,0.212178,1
7512,5.2,0.0,0.0144,0.0,-0.0144,0.978148,0.207912,1
7513,5.2167,0.0,0.0156,0.0,-0.0156,0.979045,0.203642,1
7514,5.2333,0.0,0.0151,0.0,-0.0151,0.979925,0.199368,1
7515,5.25,0.0,0.0146,0.0,-0.0146,0.980785,0.19509,1
7516,5.2667,0.0,0.015,0.0,-0.015,0.981627,0.190809,1
7517,5.2833,0.0,0.0174,0.0,-0.0174,0.98245,0.186524,1
7518,5.3,0.0,0.019,0.0,-0.019,0.983255,0.182236,1
7519,5.3167,0.0,0.0139,0.0,-0.0139,0.984041,0.177944,1
7520,5.3333,0.0,0.0161,0.0,-0.0161,0.984808,0.173648,1
7521,5.35,0.0,0.0167,0.0,-0.0167,0.985556,0.16935,1
7522,5.3667,0.0,0.0134,0.0,-0.0134,0.986286,0.165048,1
7523,5.3833,0.0,0.0139,0.0,-0.0139,0.986996,0.160743,1
7524,5.4,0.0,0.0165,0.0,-0.0165,0.987688,0.156434,1
7525,5.4167,0.0,0.0138,0.0,-0.0138,0.988362,0.152123,1
7526,5.4333,0.0,0.0132,0.0,-0.0132,0.989016,0.147809,1
7527,5.45,0.0,0.0157,0.0,-0.0157,0.989651,0.143493,1
7528,5.4667,0.0,0.0153,0.0,-0.0153,0.990268,0.139173,1
7529,5.4833,0.0,0.0131,0.0,-0.0131,0.990866,0.134851,1
7530,5.5,0.0,0.0133,0.0,-0.0133,0.991445,0.130526,1
7531,5.5167,0.0,0.011,0.0,-0.011,0.992005,0.126199,1
7532,5.5333,0.0,0.0123,0.0,-0.0123,0.992546,0.121869,1
7533,5.55,0.0,0.0158,0.0,-0.0158,0.993068,0.117537,1
7534,5.5667,0.0,0.0194,0.0,-0.0194,0.993572,0.113203,1
7535,5.5833,0.0,0.0115,0.0,-0.0115,0.994056,0.108867,1
7536,5.6,0.0,0.0144,0.0,-0.0144,0.994522,0.104528,1
7537,5.6167,0.0,0.0171,0.0,-0.0171,0.994969,0.100188,1
7538,5.6333,0.0,0.0168,0.0,-0.0168,0.995396,0.095846,1
7539,5.65,0.0,0.016,0.0,-0.016,0.995805,0.091502,1
7540,5.6667,0.0,0.0152,0.0,-0.0152,0.996195,0.087156,1
7541,5.6833,0.0,0.0119,0.0,-0.0119,0.996566,0.082808,1
7542,5.7,0.0,0.0172,0.0,-0.0172,0.996917,0.078459,1
7543,5.7167,0.0,0.019,0.0,-0.019,0.99725,0.074108,1
7544,5.7333,0.0,0.0115,0.0,-0.0115,0.997564,0.069756,1
7545,5.75,0.0,0.0166,0.0,-0.0166,0.997859,0.065403,1
7546,5.7667,0.0,0.0195,0.0,-0.0195,0.998135,0.061049,1
7547,5.7833,0.0,0.0166,0.0,-0.0166,0.998392,0.056693,1
7548,5.8,0.0,0.0167,0.0,-0.0167,0.99863,0.052336,1
7549,5.8167,0.0,0.0149,0.0,-0.0149,0.998848,0.047978,1
7550,5.8333,0.0,0.0168,0.0,-0.0168,0.999048,0.043619,1
7551,5.85,0.0,0.0137,0.0,-0.0137,0.999229,0.03926,1
7552,5.8667,0.0,0.0112,0.0,-0.0112,0.999391,0.034899,1
7553,5.8833,0.0,0.016,0.0,-0.016,0.999534,0.030539,1
7554,5.9,0.0,0.0161,0.0,-0.0161,0.999657,0.026177,1
7555,5.9167,0.0,0.0127,0.0,-0.0127,0.999762,0.021815,1
7556,5.9333,0.0,0.0199,0.0,-0.0199,0.999848,0.017452,1
7557,5.95,0.0,0.0124,0.0,-0.0124,0.999914,0.01309,1
7558,5.9667,0.0,0.0146,0.0,-0.0146,0.999962,0.008727,1
7559,5.9833,0.0,0.0192,0.0,-0.0192,0.99999,0.004363,1
7560,6.0,0.003433,0.0316,0.0,-0.028167,1.0,0.0,1
7561,6.0167,0.002617,0.0263,0.0,-0.023683,0.99999,-0.004363,1
7562,6.0333,0.0001,0.0304,0.0,-0.0303,0.999962,-0.008727,1
7563,6.05,0.003333,0.0328,0.0,-0.029467,0.999914,-0.01309,1
7564,6.0667,0.003983,0.0279,0.0,-0.023917,0.999848,-0.017452,1
7565,6.0833,0.010883,0.0322,0.0,-0.021317,0.999762,-0.021815,1
7566,6.1,0.0,0.0281,0.0,-0.0281,0.999657,-0.026177,1
7567,6.1167,0.0047,0.027,0.0,-0.0223,0.999534,-0.030539,1
7568,6.1333,0.004083,0.0264,0.0,-0.022317,0.999391,-0.034899,1
7569,6.15,0.009267,0.0288,0.0,-0.019533,0.999229,-0.03926,1
7570,6.1667,0.010783,0.0295,0.0,-0.018717,0.999048,-0.043619,1
7571,6.1833,0.010383,0.027,0.0,-0.016617,0.998848,-0.047978,1
7572,6.2,0.0034,0.0282,0.0,-0.0248,0.99863,-0.052336,1
7573,6.2167,0.0085,0.0259,0.0,-0.0174,0.998392,-0.056693,1
7574,6.2333,0.00705,0.0283,0.0,-0.02125,0.998135,-0.061049,1
7575,6.25,0.0113,0.028,0.0,-0.0167,0.997859,-0.065403,1
7576,6.2667,0.007967,0.0317,0.0,-0.023733,0.997564,-0.069756,1
7577,6.2833,0.013733,0.0266,0.0,-0.012867,0.99725,-0.074108,1
7578,6.3,0.012883,0.0271,0.0,-0.014217,0.996917,-0.078459,1
7579,6.3167,0.0155,0.0267,0.0,-0.0112,0.996566,-0.082808,1
7580,6.3333,0.013483,0.0288,0.0,-0.015317,0.996195,-0.087156,1
7581,6.35,0.014317,0.0249,0.0,-0.010583,0.995805,-0.091502,1
7582,6.3667,0.013,0.0274,0.0,-0.0144,0.995396,-0.095846,1
7583,6.3833,0.015883,0.0286,0.0,-0.012717,0.994969,-0.100188,1
7584,6.4,0.014667,0.0293,0.0,-0.014633,0.994522,-0.104528,1
7585,6.4167,0.0161,0.0291,0.0,-0.013,0.994056,-0.108867,1
7586,6.4333,0.022217,0.0312,0.0,-0.008983,0.993572,-0.113203,1
7587,6.45,0.018233,0.0269,0.0,-0.008667,0.993068,-0.117537,1
7588,6.4667,0.0173,0.0296,0.0,-0.0123,0.992546,-0.121869,1
7589,6.4833,0.015817,0.0318,0.0,-0.015983,0.992005,-0.126199,1
7590,6.5,0.01845,0.0289,0.0,-0.01045,0.991445,-0.130526,1
7591,6.5167,0.019667,0.032,0.0,-0.012333,0.990866,-0.134851,1
7592,6.5333,0.018033,0.0287,0.0,-0.010667,0.990268,-0.139173,1
7593,6.55,0.021,0.0284,0.0,-0.0074,0.989651,-0.143493,1
7594,6.5667,0.020333,0.0304,0.0,-0.010067,0.989016,-0.147809,1
7595,6.5833,0.021133,0.0292,0.0,-0.008067,0.988362,-0.152123,1
7596,6.6,0.019183,0.0267,0.0,-0.007517,0.987688,-0.156434,1
7597,6.6167,0.023217,0.0327,0.0,-0.009483,0.986996,-0.160743,1
7598,6.6333,0.024183,0.0247,0.0,-0.000517,0.986286,-0.165048,1
7599,6.65,0.024967,0.0263,0.0,-0.001333,0.985556,-0.16935,1
7600,6.6667,0.029733,0.0308,0.0,-0.001067,0.984808,-0.173648,1
7601,6.6833,0.025733,0.0261,0.0,-0.000367,0.984041,-0.177944,1
7602,6.7,0.027417,0.0315,0.0,-0.004083,0.983255,-0.182236,1
7603,6.7167,0.025867,0.0282,0.0,-0.002333,0.98245,-0.186524,1
7604,6.7333,0.0297,0.027,0.0027,0.0027,0.981627,-0.190809,0
7605,6.75,0.030783,0.0285,0.005,0.002283,0.980785,-0.19509,0
7606,6.7667,0.031733,0.0305,0.0062,0.001233,0.979925,-0.199368,0
7607,6.7833,0.031283,0.0258,0.0117,0.005483,0.979045,-0.203642,0
7608,6.8,0.02505,0.029,0.0077,-0.00395,0.978148,-0.207912,0
7609,6.8167,0.034517,0.0279,0.0143,0.006617,0.977231,-0.212178,0
7610,6.8333,0.032717,0.0267,0.0203,0.006017,0.976296,-0.21644,0
7611,6.85,0.03075,0.0292,0.0218,0.00155,0.975342,-0.220697,0
7612,6.8667,0.03685,0.0246,0.034,0.01225,0.97437,-0.224951,0
7613,6.8833,0.035317,0.0271,0.0422,0.008217,0.973379,-0.2292,0
7614,6.9,0.032767,0.0295,0.0455,0.003267,0.97237,-0.233445,0
7615,6.9167,0.0331,0.0265,0.0521,0.0066,0.971342,-0.237686,0
7616,6.9333,0.03755,0.0249,0.0648,0.01265,0.970296,-0.241922,0
7617,6.95,0.03535,0.0294,0.0707,0.00595,0.969231,-0.246153,0
7618,6.9667,0.032217,0.0271,0.0758,0.005117,0.968148,-0.25038,0
7619,6.9833,0.039267,0.0273,0.0878,0.011967,0.967046,-0.254602,0
7620,7.0,0.039,0.0505,0.0763,-0.0115,0.965926,-0.258819,0
7621,7.0167,0.036683,0.0533,0.0597,-0.016617,0.964787,-0.263031,0
7622,7.0333,0.0414,0.051,0.0501,-0.0096,0.96363,-0.267238,0
7623,7.05,0.043183,0.0528,0.0405,-0.009617,0.962455,-0.27144,0
7624,7.0667,0.039917,0.0542,0.0262,-0.014283,0.961262,-0.275637,0
7625,7.0833,0.040417,0.0523,0.0143,-0.011883,0.96005,-0.279829,0
7626,7.1,0.041583,0.0496,0.0063,-0.008017,0.95882,-0.284015,0
7627,7.1167,0.041667,0.0551,0.0,-0.013433,0.957571,-0.288196,1
7628,7.1333,0.041817,0.054,0.0,-0.012183,0.956305,-0.292372,1
7629,7.15,0.038067,0.0477,0.0,-0.009633,0.95502,-0.296542,1
7630,7.1667,0.045133,0.0533,0.0,-0.008167,0.953717,-0.300706,1
7631,7.1833,0.0484,0.0521,0.0,-0.0037,0.952396,-0.304864,1
7632,7.2,0.045517,0.052,0.0,-0.006483,0.951057,-0.309017,1
7633,7.2167,0.046267,0.0542,0.0,-0.007933,0.949699,-0.313164,1
7634,7.2333,0.0523,0.0561,0.0,-0.0038,0.948324,-0.317305,1
7635,7.25,0.044817,0.0515,0.0,-0.006683,0.94693,-0.321439,1
7636,7.2667,0.049017,0.0508,0.0,-0.001783,0.945519,-0.325568,1
7637,7.2833,0.046033,0.0524,0.0,-0.006367,0.944089,-0.329691,1
7638,7.3,0.049517,0.0515,0.0,-0.001983,0.942641,-0.333807,1
7639,7.3167,0.050833,0.0524,0.0,-0.001567,0.941176,-0.337917,1
7640,7.3333,0.050533,0.0548,0.0,-0.004267,0.939693,-0.34202,1
7641,7.35,0.05035,0.0487,0.0016,0.00165,0.938191,-0.346117,0
7642,7.3667,0.052667,0.051,0.0033,0.001667,0.936672,-0.350207,0
7643,7.3833,0.053867,0.0525,0.0047,0.001367,0.935135,-0.354291,0
7644,7.4,0.05135,0.0499,0.0062,0.00145,0.93358,-0.358368,0
7645,7.4167,0.056283,0.0501,0.0124,0.006183,0.932008,-0.362438,0
7646,7.4333,0.055033,0.0502,0.0172,0.004833,0.930418,-0.366501,0
7647,7.45,0.05855,0.0494,0.0263,0.00915,0.92881,-0.370557,0
7648,7.4667,0.056467,0.0527,0.0301,0.003767,0.927184,-0.374607,0
7649,7.4833,0.053483,0.0467,0.0369,0.006783,0.925541,-0.378649,0
7650,7.5,0.058317,0.0544,0.0408,0.003917,0.92388,-0.382683,0
7651,7.5167,0.05945,0.0564,0.0439,0.00305,0.922201,-0.386711,0
7652,7.5333,0.057817,0.0532,0.0485,0.004617,0.920505,-0.390731,0
7653,7.55,0.0596,0.052,0.0561,0.0076,0.918791,-0.394744,0
7654,7.5667,0.058183,0.0559,0.0584,0.002283,0.91706,-0.398749,0
7655,7.5833,0.062783,0.0517,0.0695,0.011083,0.915311,-0.402747,0
7656,7.6,0.060333,0.052,0.0778,0.008333,0.913545,-0.406737,0
7657,7.6167,0.064333,0.0546,0.0875,0.009733,0.911762,-0.410719,0
7658,7.6333,0.057817,0.0548,0.0905,0.003017,0.909961,-0.414693,0
7659,7.65,0.05945,0.051,0.099,0.00845,0.908143,-0.41866,0
7660,7.6667,0.06605,0.0535,0.1116,0.01255,0.906308,-0.422618,0
7661,7.6833,0.058067,0.0526,0.1171,0.005467,0.904455,-0.426569,0
7662,7.7,0.063117,0.053,0.1272,0.010117,0.902585,-0.430511,0
7663,7.7167,0.06205,0.0514,0.1379,0.01065,0.900698,-0.434445,0
7664,7.7333,0.063983,0.0492,0.1527,0.014783,0.898794,-0.438371,0
7665,7.75,0.069383,0.0494,0.1727,0.019983,0.896873,-0.442289,0
7666,7.7667,0.066,0.0487,0.19,0.0173,0.894934,-0.446198,0
7667,7.7833,0.069633,0.0518,0.2078,0.017833,0.892979,-0.450098,0
7668,7.8,0.0689,0.0503,0.2264,0.0186,0.891007,-0.45399,0
7669,7.8167,0.066383,0.0519,0.2409,0.014483,0.889017,-0.457874,0
7670,7.8333,0.065983,0.0535,0.2534,0.012483,0.887011,-0.461749,0
7671,7.85,0.071033,0.052,0.2724,0.019033,0.884988,-0.465615,0
7672,7.8667,0.071617,0.0485,0.2955,0.023117,0.882948,-0.469472,0
7673,7.8833,0.071633,0.0524,0.3147,0.019233,0.880891,-0.47332,0
7674,7.9,0.0708,0.0489,0.3366,0.0219,0.878817,-0.477159,0
7675,7.9167,0.0715,0.0524,0.3557,0.0191,0.876727,-0.480989,0
7676,7.9333,0.0745,0.0495,0.3807,0.025,0.87462,-0.48481,0
7677,7.95,0.073883,0.0505,0.4041,0.023383,0.872496,-0.488621,0
7678,7.9667,0.07685,0.0517,0.4292,0.02515,0.870356,-0.492424,0
7679,7.9833,0.078733,0.0539,0.454,0.024833,0.868199,-0.496217,0
7680,8.0,0.073967,0.0535,0.4745,0.020467,0.866025,-0.5,0
7681,8.0167,0.07895,0.0516,0.5019,0.02735,0.863836,-0.503774,0
7682,8.0333,0.0737,0.0545,0.5211,0.0192,0.861629,-0.507538,0
7683,8.05,0.07225,0.0563,0.5371,0.01595,0.859406,-0.511293,0
7684,8.0667,0.074967,0.0539,0.5582,0.021067,0.857167,-0.515038,0
7685,8.0833,0.0751,0.1096,0.5237,-0.0345,0.854912,-0.518773,0
7686,8.1,0.078317,0.1141,0.4879,-0.035783,0.85264,-0.522499,0
7687,8.1167,0.082433,0.11,0.4603,-0.027567,0.850352,-0.526214,0
7688,8.1333,0.0787,0.1088,0.4302,-0.0301,0.848048,-0.529919,0
7689,8.15,0.082817,0.1113,0.4017,-0.028483,0.845728,-0.533615,0
7690,8.1667,0.079617,0.1128,0.3685,-0.033183,0.843391,-0.5373,0
7691,8.1833,0.083067,0.1085,0.3431,-0.025433,0.841039,-0.540974,0
7692,8.2,0.078717,0.113,0.3088,-0.034283,0.838671,-0.544639,0
7693,8.2167,0.079617,0.1128,0.2756,-0.033183,0.836286,-0.548293,0
7694,8.2333,0.08065,0.1068,0.2495,-0.02615,0.833886,-0.551937,0
7695,8.25,0.079217,0.1079,0.2208,-0.028683,0.83147,-0.55557,0
7696,8.2667,0.0873,0.1121,0.196,-0.0248,0.829038,-0.559193,0
7697,8.2833,0.087183,0.1086,0.1746,-0.021417,0.82659,-0.562805,0
7698,8.3,0.08625,0.1123,0.1486,-0.02605,0.824126,-0.566406,0
7699,8.3167,0.082667,0.1125,0.1188,-0.029833,0.821647,-0.569997,0
7700,8.3333,0.081333,0.112,0.0881,-0.030667,0.819152,-0.573576,0
7701,8.35,0.086283,0.1096,0.0648,-0.023317,0.816642,-0.577145,0
7702,8.3667,0.091717,0.1139,0.0426,-0.022183,0.814116,-0.580703,0
7703,8.3833,0.08535,0.1102,0.0178,-0.02485,0.811574,-0.58425,0
7704,8.4,0.0895,0.1095,0.0,-0.02,0.809017,-0.587785,1
7705,8.4167,0.089017,0.1118,0.0,-0.022783,0.806445,-0.59131,1
7706,8.4333,0.090483,0.105,0.0,-0.014517,0.803857,-0.594823,1
7707,8.45,0.08885,0.1106,0.0,-0.02175,0.801254,-0.598325,1
7708,8.4667,0.087167,0.1136,0.0,-0.026433,0.798636,-0.601815,1
7709,8.4833,0.092233,0.1091,0.0,-0.016867,0.796002,-0.605294,1
7710,8.5,0.090367,0.1112,0.0,-0.020833,0.793353,-0.608761,1
7711,8.5167,0.091733,0.1105,0.0,-0.018767,0.79069,-0.612217,1
7712,8.5333,0.08815,0.1142,0.0,-0.02605,0.788011,-0.615661,1
7713,8.55,0.089083,0.1121,0.0,-0.023017,0.785317,-0.619094,1
7714,8.5667,0.085633,0.1126,0.0,-0.026967,0.782608,-0.622515,1
7715,8.5833,0.092183,0.1133,0.0,-0.021117,0.779884,-0.625923,1
7716,8.6,0.095467,0.11,0.0,-0.014533,0.777146,-0.62932,1
7717,8.6167,0.096767,0.1086,0.0,-0.011833,0.774393,-0.632705,1
7718,8.6333,0.09425,0.1113,0.0,-0.01705,0.771625,-0.636078,1
7719,8.65,0.097083,0.1109,0.0,-0.013817,0.768842,-0.639439,1
7720,8.6667,0.095117,0.1128,0.0,-0.017683,0.766044,-0.642788,1
7721,8.6833,0.093967,0.1101,0.0,-0.016133,0.763232,-0.646124,1
7722,8.7,0.096617,0.1122,0.0,-0.015583,0.760406,-0.649448,1
7723,8.7167,0.098333,0.1101,0.0,-0.011767,0.757565,-0.65276,1
7724,8.7333,0.1007,0.1154,0.0,-0.0147,0.75471,-0.656059,1
7725,8.75,0.09655,0.1111,0.0,-0.01455,0.75184,-0.659346,1
7726,8.7667,0.099383,0.1086,0.0,-0.009217,0.748956,-0.66262,1
7727,8.7833,0.09875,0.1077,0.0,-0.00895,0.746057,-0.665882,1
7728,8.8,0.09735,0.1083,0.0,-0.01095,0.743145,-0.669131,1
7729,8.8167,0.10075,0.1109,0.0,-0.01015,0.740218,-0.672367,1
7730,8.8333,0.1019,0.1099,0.0,-0.008,0.737277,-0.67559,1
7731,8.85,0.09965,0.1105,0.0,-0.01085,0.734323,-0.678801,1
7732,8.8667,0.101183,0.1112,0.0,-0.010017,0.731354,-0.681998,1
7733,8.8833,0.0994,0.1142,0.0,-0.0148,0.728371,-0.685183,1
7734,8.9,0.103517,0.1089,0.0,-0.005383,0.725374,-0.688355,1
7735,8.9167,0.1029,0.1092,0.0,-0.0063,0.722364,-0.691513,1
7736,8.9333,0.101667,0.1101,0.0,-0.008433,0.71934,-0.694658,1
7737,8.95,0.105667,0.1092,0.0,-0.003533,0.716302,-0.69779,1
7738,8.9667,0.104717,0.1102,0.0,-0.005483,0.71325,-0.700909,1
7739,8.9833,0.107317,0.1098,0.0,-0.002483,0.710185,-0.704015,1
7740,9.0,0.103367,0.0868,0.0166,0.016567,0.707107,-0.707107,0
7741,9.0167,0.10755,0.0851,0.0391,0.02245,0.704015,-0.710185,0
7742,9.0333,0.107217,0.0891,0.0572,0.018117,0.700909,-0.71325,0
7743,9.05,0.109783,0.0857,0.0813,0.024083,0.69779,-0.716302,0
7744,9.0667,0.109883,0.085,0.1062,0.024883,0.694658,-0.71934,0
7745,9.0833,0.10535,0.0838,0.1278,0.02155,0.691513,-0.722364,0
7746,9.1,0.109333,0.086,0.1511,0.023333,0.688355,-0.725374,0
7747,9.1167,0.110167,0.0867,0.1746,0.023467,0.685183,-0.728371,0
7748,9.1333,0.110933,0.0867,0.1988,0.024233,0.681998,-0.731354,0
7749,9.15,0.1121,0.0852,0.2257,0.0269,0.678801,-0.734323,0
7750,9.1667,0.112033,0.0306,0.3071,0.081433,0.67559,-0.737277,0
7751,9.1833,0.110967,0.031,0.3871,0.079967,0.672367,-0.740218,0
7752,9.2,0.11575,0.0262,0.4767,0.08955,0.669131,-0.743145,0
7753,9.2167,0.112567,0.0296,0.5597,0.082967,0.665882,-0.746057,0
7754,9.2333,0.110983,0.0294,0.6413,0.081583,0.66262,-0.748956,0
7755,9.25,0.1158,0.028,0.7291,0.0878,0.659346,-0.75184,0
7756,9.2667,0.1137,0.0265,0.8163,0.0872,0.656059,-0.75471,0
7757,9.2833,0.114383,0.0297,0.901,0.084683,0.65276,-0.757565,0
7758,9.3,0.11285,0.0274,0.9865,0.08545,0.649448,-0.760406,0
7759,9.3167,0.1128,0.0329,1.0664,0.0799,0.646124,-0.763232,0
7760,9.3333,0.113533,0.0311,1.1488,0.082433,0.642788,-0.766044,0
7761,9.35,0.113667,0.0314,1.2311,0.082267,0.639439,-0.768842,0
7762,9.3667,0.115267,0.0291,1.3173,0.086167,0.636078,-0.771625,0
7763,9.3833,0.1158,0.0279,1.4052,0.0879,0.632705,-0.774393,0
7764,9.4,0.119167,0.0283,1.4961,0.090867,0.62932,-0.777146,0
7765,9.4167,0.11355,0.0277,1.5819,0.08585,0.625923,-0.779884,0
7766,9.4333,0.11625,0.0274,1.6707,0.08885,0.622515,-0.782608,0
7767,9.45,0.116917,0.0323,1.7553,0.084617,0.619094,-0.785317,0
7768,9.4667,0.1177,0.0299,1.8431,0.0878,0.615661,-0.788011,0
7769,9.4833,0.11915,0.0273,1.9349,0.09185,0.612217,-0.79069,0
7770,9.5,0.1191,0.0321,2.0219,0.087,0.608761,-0.793353,0
7771,9.5167,0.1172,0.0301,2.109,0.0871,0.605294,-0.796002,0
7772,9.5333,0.120933,0.0299,2.2,0.091033,0.601815,-0.798636,0
7773,9.55,0.121583,0.0277,2.2939,0.093883,0.598325,-0.801254,0
7774,9.5667,0.1214,0.0269,2.3884,0.0945,0.594823,-0.803857,0
7775,9.5833,0.122083,0.0307,2.4798,0.091383,0.59131,-0.806445,0
7776,9.6,0.118517,0.0258,2.5725,0.092717,0.587785,-0.809017,0
7777,9.6167,0.1212,0.0272,2.6665,0.094,0.58425,-0.811574,0
7778,9.6333,0.123683,0.0317,2.7585,0.091983,0.580703,-0.814116,0
7779,9.65,0.123283,0.029,2.8528,0.094283,0.577145,-0.816642,0
7780,9.6667,0.1204,0.0277,2.9455,0.0927,0.573576,-0.819152,0
7781,9.6833,0.124667,0.0284,3.0418,0.096267,0.569997,-0.821647,0
7782,9.7,0.122067,0.0287,3.1352,0.093367,0.566406,-0.824126,0
7783,9.7167,0.125133,0.0324,3.2279,0.092733,0.562805,-0.82659,0
7784,9.7333,0.123317,0.0266,3.3246,0.096717,0.559193,-0.829038,0
7785,9.75,0.1227,0.0286,3.4187,0.0941,0.55557,-0.83147,0
7786,9.7667,0.125867,0.0324,3.5122,0.093467,0.551937,-0.833886,0
7787,9.7833,0.12975,0.0279,3.6141,0.10185,0.548293,-0.836286,0
7788,9.8,0.12605,0.0306,3.7095,0.09545,0.544639,-0.838671,0
7789,9.8167,0.12655,0.031,3.805,0.09555,0.540974,-0.841039,0
7790,9.8333,0.132067,0.0246,3.9125,0.107467,0.5373,-0.843391,0
7791,9.85,0.1256,0.029,4.0091,0.0966,0.533615,-0.845728,0
7792,9.8667,0.123733,0.0283,4.1045,0.095433,0.529919,-0.848048,0
7793,9.8833,0.125933,0.0266,4.2038,0.099333,0.526214,-0.850352,0
7794,9.9,0.127417,0.0292,4.302,0.098217,0.522499,-0.85264,0
7795,9.9167,0.12825,0.0283,4.402,0.09995,0.518773,-0.854912,0
7796,9.9333,0.12295,0.0261,4.4989,0.09685,0.515038,-0.857167,0
7797,9.95,0.128317,0.0304,4.5968,0.097917,0.511293,-0.859406,0
7798,9.9667,0.128433,0.0261,4.6991,0.102333,0.507538,-0.861629,0
7799,9.9833,0.1297,0.0289,4.7999,0.1008,0.503774,-0.863836,0
7800,10.0,0.12525,0.0294,4.8958,0.09585,0.5,-0.866025,0
7801,10.0167,0.130433,0.0293,4.9969,0.101133,0.496217,-0.868199,0
7802,10.0333,0.1351,0.0288,5.1032,0.1063,0.492424,-0.870356,0
7803,10.05,0.128017,0.031,5.2002,0.097017,0.488621,-0.872496,0
7804,10.0667,0.130983,0.0324,5.2988,0.098583,0.48481,-0.87462,0
7805,10.0833,0.13285,0.0284,5.4032,0.10445,0.480989,-0.876727,0
7806,10.1,0.13115,0.0329,5.5015,0.09825,0.477159,-0.878817,0
7807,10.1167,0.1351,0.03,5.6066,0.1051,0.47332,-0.880891,0
7808,10.1333,0.13275,0.0287,5.7107,0.10405,0.469472,-0.882948,0
7809,10.15,0.133817,0.0284,5.8161,0.105417,0.465615,-0.884988,0
7810,10.1667,0.138583,0.0269,5.9278,0.111683,0.461749,-0.887011,0
7811,10.1833,0.132667,0.0243,6.0362,0.108367,0.457874,-0.889017,0
7812,10.2,0.128117,0.0293,6.135,0.098817,0.45399,-0.891007,0
7813,10.2167,0.137483,0.0259,6.2466,0.111583,0.450098,-0.892979,0
7814,10.2333,0.1315,0.0272,6.3509,0.1043,0.446198,-0.894934,0
7815,10.25,0.132583,0.0283,6.4552,0.104283,0.442289,-0.896873,0
7816,10.2667,0.133233,0.0307,6.5577,0.102533,0.438371,-0.898794,0
7817,10.2833,0.14115,0.0325,6.6663,0.10865,0.434445,-0.900698,0
7818,10.3,0.135183,0.0288,6.7727,0.106383,0.430511,-0.902585,0
7819,10.3167,0.1357,0.0254,6.883,0.1103,0.426569,-0.904455,0
7820,10.3333,0.135783,0.0301,6.9887,0.105683,0.422618,-0.906308,0
7821,10.35,0.138567,0.029,7.0983,0.109567,0.41866,-0.908143,0
7822,10.3667,0.139017,0.0295,7.2078,0.109517,0.414693,-0.909961,0
7823,10.3833,0.137133,0.0294,7.3155,0.107733,0.410719,-0.911762,0
7824,10.4,0.136667,0.0268,7.4254,0.109867,0.406737,-0.913545,0
7825,10.4167,0.137117,0.0301,7.5324,0.107017,0.402747,-0.915311,0
7826,10.4333,0.133367,0.0275,7.6383,0.105867,0.398749,-0.91706,0
7827,10.45,0.138433,0.0326,7.7441,0.105833,0.394744,-0.918791,0
7828,10.4667,0.1376,0.0308,7.8509,0.1068,0.390731,-0.920505,0
7829,10.4833,0.140183,0.0266,7.9645,0.113583,0.386711,-0.922201,0
7830,10.5,0.142717,0.0296,8.0776,0.113117,0.382683,-0.92388,0
7831,10.5167,0.134767,0.0269,8.1855,0.107867,0.378649,-0.925541,0
7832,10.5333,0.143317,0.0268,8.302,0.116517,0.374607,-0.927184,0
7833,10.55,0.135133,0.0295,8.4076,0.105633,0.370557,-0.92881,0
7834,10.5667,0.143517,0.0281,8.523,0.115417,0.366501,-0.930418,0
7835,10.5833,0.1399,0.0277,8.6352,0.1122,0.362438,-0.932008,0
7836,10.6,0.137083,0.0286,8.7437,0.108483,0.358368,-0.93358,0
7837,10.6167,0.140367,0.0265,8.8576,0.113867,0.354291,-0.935135,0
7838,10.6333,0.140217,0.0297,8.9681,0.110517,0.350207,-0.936672,0
7839,10.65,0.141617,0.0275,9.0822,0.114117,0.346117,-0.938191,0
7840,10.6667,0.13945,0.0264,9.1952,0.11305,0.34202,-0.939693,0
7841,10.6833,0.141167,0.0267,9.3097,0.114467,0.337917,-0.941176,0
7842,10.7,0.140517,0.0298,9.4204,0.110717,0.333807,-0.942641,0
7843,10.7167,0.14575,0.0325,9.5336,0.11325,0.329691,-0.944089,0
7844,10.7333,0.143233,0.0297,9.6471,0.113533,0.325568,-0.945519,0
7845,10.75,0.13865,0.0308,9.755,0.10785,0.321439,-0.94693,0
7846,10.7667,0.144967,0.0316,9.8684,0.113367,0.317305,-0.948324,0
7847,10.7833,0.141283,0.0291,9.9806,0.112183,0.313164,-0.949699,0
7848,10.8,0.1413,0.0318,10.0901,0.1095,0.309017,-0.951057,0
7849,10.8167,0.14135,0.0293,10.2021,0.11205,0.304864,-0.952396,0
7850,10.8333,0.142033,0.0293,10.3148,0.112733,0.300706,-0.953717,0
7851,10.85,0.141517,0.0317,10.4246,0.109817,0.296542,-0.95502,0
7852,10.8667,0.145583,0.023,10.5472,0.122583,0.292372,-0.956305,0
7853,10.8833,0.140633,0.0313,10.6565,0.109333,0.288196,-0.957571,0
7854,10.9,0.145867,0.0312,10.7712,0.114667,0.284015,-0.95882,0
7855,10.9167,0.139733,0.029,10.8819,0.110733,0.279829,-0.96005,0
7856,10.9333,0.145183,0.0279,10.9992,0.117283,0.275637,-0.961262,0
7857,10.95,0.1441,0.0288,11.1145,0.1153,0.27144,-0.962455,0
7858,10.9667,0.14755,0.0283,11.2338,0.11925,0.267238,-0.96363,0
7859,10.9833,0.144567,0.0283,11.3501,0.116267,0.263031,-0.964787,0
7860,11.0,0.142817,0.0307,11.4622,0.112117,0.258819,-0.965926,0
7861,11.0167,0.142833,0.0272,11.5778,0.115633,0.254602,-0.967046,0
7862,11.0333,0.147367,0.0296,11.6956,0.117767,0.25038,-0.968148,0
7863,11.05,0.143367,0.0306,11.8084,0.112767,0.246153,-0.969231,0
7864,11.0667,0.144517,0.0289,11.924,0.115617,0.241922,-0.970296,0
7865,11.0833,0.149917,0.0306,12.0433,0.119317,0.237686,-0.971342,0
7866,11.1,0.1482,0.0307,12.1608,0.1175,0.233445,-0.97237,0
7867,11.1167,0.14505,0.0272,12.2786,0.11785,0.2292,-0.973379,0
7868,11.1333,0.14585,0.0277,12.3968,0.11815,0.224951,-0.97437,0
7869,11.15,0.147117,0.0312,12.5127,0.115917,0.220697,-0.975342,0
7870,11.1667,0.14755,0.0284,12.6319,0.11915,0.21644,-0.976296,0
7871,11.1833,0.14675,0.0279,12.7508,0.11885,0.212178,-0.977231,0
7872,11.2,0.152367,0.0295,12.8737,0.122867,0.207912,-0.978148,0
7873,11.2167,0.148633,0.0288,12.9935,0.119833,0.203642,-0.979045,0
7874,11.2333,0.144767,0.0289,13.1094,0.115867,0.199368,-0.979925,0
7875,11.25,0.143783,0.0308,13.2224,0.112983,0.19509,-0.980785,0
7876,11.2667,0.145083,0.0294,13.3381,0.115683,0.190809,-0.981627,0
7877,11.2833,0.144817,0.0271,13.4558,0.117717,0.186524,-0.98245,0
7878,11.3,0.149167,0.0276,13.5774,0.121567,0.182236,-0.983255,0
7879,11.3167,0.151333,0.0259,13.7028,0.125433,0.177944,-0.984041,0
7880,11.3333,0.148017,0.0296,13.8212,0.118417,0.173648,-0.984808,0
7881,11.35,0.14755,0.0299,13.9389,0.11765,0.16935,-0.985556,0
7882,11.3667,0.148383,0.0317,14.0556,0.116683,0.165048,-0.986286,0
7883,11.3833,0.14715,0.0296,14.1731,0.11755,0.160743,-0.986996,0
7884,11.4,0.150533,0.0268,14.2968,0.123733,0.156434,-0.987688,0
7885,11.4167,0.1445,0.0279,14.4134,0.1166,0.152123,-0.988362,0
7886,11.4333,0.15245,0.0281,14.5377,0.12435,0.147809,-0.989016,0
7887,11.45,0.146733,0.0306,14.6538,0.116133,0.143493,-0.989651,0
7888,11.4667,0.1503,0.0291,14.775,0.1212,0.139173,-0.990268,0
7889,11.4833,0.14775,0.0263,14.8964,0.12145,0.134851,-0.990866,0
7890,11.5,0.15075,0.0277,15.0,0.12305,0.130526,-0.991445,0
7891,11.5167,0.148367,0.0321,15.0,0.116267,0.126199,-0.992005,0
7892,11.5333,0.147883,0.0274,15.0,0.120483,0.121869,-0.992546,0
7893,11.55,0.150567,0.0298,15.0,0.120767,0.117537,-0.993068,0
7894,11.5667,0.144133,0.0281,15.0,0.116033,0.113203,-0.993572,0
7895,11.5833,0.1469,0.0334,15.0,0.1135,0.108867,-0.994056,0
7896,11.6,0.1498,0.0303,15.0,0.1195,0.104528,-0.994522,0
7897,11.6167,0.148133,0.0289,15.0,0.119233,0.100188,-0.994969,0
7898,11.6333,0.1509,0.0267,15.0,0.1242,0.095846,-0.995396,0
7899,11.65,0.146933,0.0275,15.0,0.119433,0.091502,-0.995805,0
7900,11.6667,0.150217,0.0284,15.0,0.121817,0.087156,-0.996195,0
7901,11.6833,0.1498,0.0325,15.0,0.1173,0.082808,-0.996566,0
7902,11.7,0.1484,0.0281,15.0,0.1203,0.078459,-0.996917,0
7903,11.7167,0.146017,0.0291,15.0,0.116917,0.074108,-0.99725,0
7904,11.7333,0.14875,0.0279,15.0,0.12085,0.069756,-0.997564,0
7905,11.75,0.1508,0.0299,15.0,0.1209,0.065403,-0.997859,0
7906,11.7667,0.1467,0.0239,15.0,0.1228,0.061049,-0.998135,0
7907,11.7833,0.14955,0.0289,15.0,0.12065,0.056693,-0.998392,0
7908,11.8,0.143967,0.0281,15.0,0.115867,0.052336,-0.99863,0
7909,11.8167,0.15105,0.0289,15.0,0.12215,0.047978,-0.998848,0
7910,11.8333,0.14775,0.0311,15.0,0.11665,0.043619,-0.999048,0
7911,11.85,0.149033,0.0309,15.0,0.118133,0.03926,-0.999229,0
7912,11.8667,0.146933,0.0312,15.0,0.115733,0.034899,-0.999391,0
7913,11.8833,0.147,0.0284,15.0,0.1186,0.030539,-0.999534,0
7914,11.9,0.1512,0.0287,15.0,0.1225,0.026177,-0.999657,0
7915,11.9167,0.148233,0.0328,15.0,0.115433,0.021815,-0.999762,0
7916,11.9333,0.149217,0.0259,15.0,0.123317,0.017452,-0.999848,0
7917,11.95,0.150983,0.0296,15.0,0.121383,0.01309,-0.999914,0
7918,11.9667,0.147,0.027,15.0,0.12,0.008727,-0.999962,0
7919,11.9833,0.1489,0.0266,15.0,0.1223,0.004363,-0.99999,0
7920,12.0,0.146033,0.0292,15.0,0.116833,0.0,-1.0,0
7921,12.0167,0.15185,0.0309,15.0,0.12095,-0.004363,-0.99999,0
7922,12.0333,0.151533,0.0302,15.0,0.121333,-0.008727,-0.999962,0
7923,12.05,0.147617,0.0283,15.0,0.119317,-0.01309,-0.999914,0
7924,12.0667,0.149317,0.0301,15.0,0.119217,-0.017452,-0.999848,0
7925,12.0833,0.14925,0.0307,15.0,0.11855,-0.021815,-0.999762,0
7926,12.1,0.14785,0.0284,15.0,0.11945,-0.026177,-0.999657,0
7927,12.1167,0.147667,0.0265,15.0,0.121167,-0.030539,-0.999534,0
7928,12.1333,0.1507,0.027,15.0,0.1237,-0.034899,-0.999391,0
7929,12.15,0.147483,0.028,15.0,0.119483,-0.03926,-0.999229,0
7930,12.1667,0.154583,0.0308,15.0,0.123783,-0.043619,-0.999048,0
7931,12.1833,0.148183,0.0267,15.0,0.121483,-0.047978,-0.998848,0
7932,12.2,0.147783,0.0294,15.0,0.118383,-0.052336,-0.99863,0
7933,12.2167,0.149583,0.0298,15.0,0.119783,-0.056693,-0.998392,0
7934,12.2333,0.147483,0.0323,15.0,0.115183,-0.061049,-0.998135,0
7935,12.25,0.152683,0.0303,15.0,0.122383,-0.065403,-0.997859,0
7936,12.2667,0.147267,0.0278,15.0,0.119467,-0.069756,-0.997564,0
7937,12.2833,0.147867,0.027,15.0,0.120867,-0.074108,-0.99725,0
7938,12.3,0.153483,0.0273,15.0,0.126183,-0.078459,-0.996917,0
7939,12.3167,0.15085,0.0309,15.0,0.11995,-0.082808,-0.996566,0
7940,12.3333,0.150217,0.0307,15.0,0.119517,-0.087156,-0.996195,0
7941,12.35,0.149167,0.0306,15.0,0.118567,-0.091502,-0.995805,0
7942,12.3667,0.148033,0.0281,15.0,0.119933,-0.095846,-0.995396,0
7943,12.3833,0.152917,0.0288,15.0,0.124117,-0.100188,-0.994969,0
7944,12.4,0.148917,0.0268,15.0,0.122117,-0.104528,-0.994522,0
7945,12.4167,0.14435,0.0282,15.0,0.11615,-0.108867,-0.994056,0
7946,12.4333,0.1465,0.0249,15.0,0.1216,-0.113203,-0.993572,0
7947,12.45,0.15385,0.0262,15.0,0.12765,-0.117537,-0.993068,0
7948,12.4667,0.147717,0.029,15.0,0.118717,-0.121869,-0.992546,0
7949,12.4833,0.151967,0.0274,15.0,0.124567,-0.126199,-0.992005,0
7950,12.5,0.143983,0.0265,15.0,0.117483,-0.130526,-0.991445,0
7951,12.5167,0.148717,0.0266,15.0,0.122117,-0.134851,-0.990866,0
7952,12.5333,0.146883,0.0305,15.0,0.116383,-0.139173,-0.990268,0
7953,12.55,0.1478,0.0277,15.0,0.1201,-0.143493,-0.989651,0
7954,12.5667,0.14605,0.0291,15.0,0.11695,-0.147809,-0.989016,0
7955,12.5833,0.146067,0.028,15.0,0.118067,-0.152123,-0.988362,0
7956,12.6,0.1441,0.0293,15.0,0.1148,-0.156434,-0.987688,0
7957,12.6167,0.147283,0.0299,15.0,0.117383,-0.160743,-0.986996,0
7958,12.6333,0.151633,0.0327,15.0,0.118933,-0.165048,-0.986286,0
7959,12.65,0.1469,0.0294,15.0,0.1175,-0.16935,-0.985556,0
7960,12.6667,0.146233,0.028,15.0,0.118233,-0.173648,-0.984808,0
7961,12.6833,0.149833,0.0277,15.0,0.122133,-0.177944,-0.984041,0
7962,12.7,0.142067,0.0311,15.0,0.110967,-0.182236,-0.983255,0
7963,12.7167,0.150617,0.0269,15.0,0.123717,-0.186524,-0.98245,0
7964,12.7333,0.148867,0.0327,15.0,0.116167,-0.190809,-0.981627,0
7965,12.75,0.14755,0.0282,15.0,0.11935,-0.19509,-0.980785,0
7966,12.7667,0.146117,0.0318,15.0,0.114317,-0.199368,-0.979925,0
7967,12.7833,0.145917,0.029,15.0,0.116917,-0.203642,-0.979045,0
7968,12.8,0.151667,0.0309,15.0,0.120767,-0.207912,-0.978148,0
7969,12.8167,0.1469,0.0283,15.0,0.1186,-0.212178,-0.977231,0
7970,12.8333,0.15085,0.0263,15.0,0.12455,-0.21644,-0.976296,0
7971,12.85,0.152217,0.0302,15.0,0.122017,-0.220697,-0.975342,0
7972,12.8667,0.146883,0.0304,15.0,0.116483,-0.224951,-0.97437,0
7973,12.8833,0.143033,0.0296,15.0,0.113433,-0.2292,-0.973379,0
7974,12.9,0.146233,0.0273,15.0,0.118933,-0.233445,-0.97237,0
7975,12.9167,0.14535,0.0282,15.0,0.11715,-0.237686,-0.971342,0
7976,12.9333,0.1455,0.0305,15.0,0.115,-0.241922,-0.970296,0
7977,12.95,0.141583,0.0305,15.0,0.111083,-0.246153,-0.969231,0
7978,12.9667,0.142583,0.0255,15.0,0.117083,-0.25038,-0.968148,0
7979,12.9833,0.145033,0.0251,15.0,0.119933,-0.254602,-0.967046,0
7980,13.0,0.14775,0.0322,15.0,0.11555,-0.258819,-0.965926,0
7981,13.0167,0.146133,0.0296,15.0,0.116533,-0.263031,-0.964787,0
7982,13.0333,0.146417,0.0313,15.0,0.115117,-0.267238,-0.96363,0
7983,13.05,0.148367,0.0262,15.0,0.122167,-0.27144,-0.962455,0
7984,13.0667,0.143217,0.0289,15.0,0.114317,-0.275637,-0.961262,0
7985,13.0833,0.143367,0.0277,15.0,0.115667,-0.279829,-0.96005,0
7986,13.1,0.14785,0.0279,15.0,0.11995,-0.284015,-0.95882,0
7987,13.1167,0.145117,0.0323,15.0,0.112817,-0.288196,-0.957571,0
7988,13.1333,0.1405,0.0306,15.0,0.1099,-0.292372,-0.956305,0
7989,13.15,0.150583,0.024,15.0,0.126583,-0.296542,-0.95502,0
7990,13.1667,0.142267,0.03,15.0,0.112267,-0.300706,-0.953717,0
7991,13.1833,0.138417,0.0282,15.0,0.110217,-0.304864,-0.952396,0
7992,13.2,0.149233,0.0293,15.0,0.119933,-0.309017,-0.951057,0
7993,13.2167,0.142067,0.0257,15.0,0.116367,-0.313164,-0.949699,0
7994,13.2333,0.144517,0.0266,15.0,0.117917,-0.317305,-0.948324,0
7995,13.25,0.142417,0.0283,15.0,0.114117,-0.321439,-0.94693,0
7996,13.2667,0.139983,0.0309,15.0,0.109083,-0.325568,-0.945519,0
7997,13.2833,0.1412,0.0272,15.0,0.114,-0.329691,-0.944089,0
7998,13.3,0.148117,0.0322,15.0,0.115917,-0.333807,-0.942641,0
7999,13.3167,0.139883,0.0309,15.0,0.108983,-0.337917,-0.941176,0
8000,13.3333,0.1403,0.0265,15.0,0.1138,-0.34202,-0.939693,0
8001,13.35,0.141017,0.0292,15.0,0.111817,-0.346117,-0.938191,0
8002,13.3667,0.138267,0.029,15.0,0.109267,-0.350207,-0.936672,0
8003,13.3833,0.136333,0.026,15.0,0.110333,-0.354291,-0.935135,0
8004,13.4,0.143017,0.0276,15.0,0.115417,-0.358368,-0.93358,0
8005,13.4167,0.14,0.0295,15.0,0.1105,-0.362438,-0.932008,0
8006,13.4333,0.13495,0.0291,15.0,0.10585,-0.366501,-0.930418,0
8007,13.45,0.142567,0.0297,15.0,0.112867,-0.370557,-0.92881,0
8008,13.4667,0.1418,0.0286,15.0,0.1132,-0.374607,-0.927184,0
8009,13.4833,0.142133,0.028,15.0,0.114133,-0.378649,-0.925541,0
8010,13.5,0.141783,0.0261,15.0,0.115683,-0.382683,-0.92388,0
8011,13.5167,0.1337,0.0267,15.0,0.107,-0.386711,-0.922201,0
8012,13.5333,0.14255,0.0271,15.0,0.11545,-0.390731,-0.920505,0
8013,13.55,0.1369,0.0317,15.0,0.1052,-0.394744,-0.918791,0
8014,13.5667,0.135617,0.0313,15.0,0.104317,-0.398749,-0.91706,0
8015,13.5833,0.142133,0.0299,15.0,0.112233,-0.402747,-0.915311,0
8016,13.6,0.135667,0.0951,15.0,0.040567,-0.406737,-0.913545,0
8017,13.6167,0.134467,0.0975,15.0,0.036967,-0.410719,-0.911762,0
8018,13.6333,0.135967,0.0925,15.0,0.043467,-0.414693,-0.909961,0
8019,13.65,0.132567,0.0984,15.0,0.034167,-0.41866,-0.908143,0
8020,13.6667,0.135,0.0964,15.0,0.0386,-0.422618,-0.906308,0
8021,13.6833,0.136133,0.0951,15.0,0.041033,-0.426569,-0.904455,0
8022,13.7,0.139,0.0942,15.0,0.0448,-0.430511,-0.902585,0
8023,13.7167,0.133,0.0969,15.0,0.0361,-0.434445,-0.900698,0
8024,13.7333,0.134817,0.097,15.0,0.037817,-0.438371,-0.898794,0
8025,13.75,0.132,0.0956,15.0,0.0364,-0.442289,-0.896873,0
8026,13.7667,0.137267,0.0952,15.0,0.042067,-0.446198,-0.894934,0
8027,13.7833,0.130933,0.0986,15.0,0.032333,-0.450098,-0.892979,0
8028,13.8,0.132067,0.0951,15.0,0.036967,-0.45399,-0.891007,0
8029,13.8167,0.133617,0.0942,15.0,0.039417,-0.457874,-0.889017,0
8030,13.8333,0.135367,0.096,15.0,0.039367,-0.461749,-0.887011,0
8031,13.85,0.133217,0.0908,15.0,0.042417,-0.465615,-0.884988,0
8032,13.8667,0.130833,0.0945,15.0,0.036333,-0.469472,-0.882948,0
8033,13.8833,0.132267,0.0945,15.0,0.037767,-0.47332,-0.880891,0
8034,13.9,0.128133,0.0978,15.0,0.030333,-0.477159,-0.878817,0
8035,13.9167,0.131517,0.0941,15.0,0.037417,-0.480989,-0.876727,0
8036,13.9333,0.13145,0.093,15.0,0.03845,-0.48481,-0.87462,0
8037,13.95,0.127033,0.0962,15.0,0.030833,-0.488621,-0.872496,0
8038,13.9667,0.12945,0.0961,15.0,0.03335,-0.492424,-0.870356,0
8039,13.9833,0.129517,0.0935,15.0,0.036017,-0.496217,-0.868199,0
8040,14.0,0.129517,0.0937,15.0,0.035817,-0.5,-0.866025,0
8041,14.0167,0.131067,0.0954,15.0,0.035667,-0.503774,-0.863836,0
8042,14.0333,0.125967,0.0939,15.0,0.032067,-0.507538,-0.861629,0
8043,14.05,0.126183,0.0954,15.0,0.030783,-0.511293,-0.859406,0
8044,14.0667,0.1276,0.0943,15.0,0.0333,-0.515038,-0.857167,0
8045,14.0833,0.130783,0.0927,15.0,0.038083,-0.518773,-0.854912,0
8046,14.1,0.131217,0.0966,15.0,0.034617,-0.522499,-0.85264,0
8047,14.1167,0.1278,0.0971,15.0,0.0307,-0.526214,-0.850352,0
8048,14.1333,0.1282,0.031,15.0,0.0972,-0.529919,-0.848048,0
8049,14.15,0.12835,0.0252,15.0,0.10315,-0.533615,-0.845728,0
8050,14.1667,0.124933,0.0246,15.0,0.100333,-0.5373,-0.843391,0
8051,14.1833,0.126967,0.0273,15.0,0.099667,-0.540974,-0.841039,0
8052,14.2,0.125133,0.0291,15.0,0.096033,-0.544639,-0.838671,0
8053,14.2167,0.12365,0.0283,15.0,0.09535,-0.548293,-0.836286,0
8054,14.2333,0.12275,0.0302,15.0,0.09255,-0.551937,-0.833886,0
8055,14.25,0.127817,0.0292,15.0,0.098617,-0.55557,-0.83147,0
8056,14.2667,0.125183,0.0283,15.0,0.096883,-0.559193,-0.829038,0
8057,14.2833,0.1255,0.0294,15.0,0.0961,-0.562805,-0.82659,0
8058,14.3,0.122533,0.0283,15.0,0.094233,-0.566406,-0.824126,0
8059,14.3167,0.121517,0.0308,15.0,0.090717,-0.569997,-0.821647,0
8060,14.3333,0.1245,0.027,15.0,0.0975,-0.573576,-0.819152,0
8061,14.35,0.124117,0.0266,15.0,0.097517,-0.577145,-0.816642,0
8062,14.3667,0.119367,0.0298,15.0,0.089567,-0.580703,-0.814116,0
8063,14.3833,0.121983,0.0271,15.0,0.094883,-0.58425,-0.811574,0
8064,14.4,0.122783,0.0283,15.0,0.094483,-0.587785,-0.809017,0
8065,14.4167,0.119617,0.0247,15.0,0.094917,-0.59131,-0.806445,0
8066,14.4333,0.119533,0.026,15.0,0.093533,-0.594823,-0.803857,0
8067,14.45,0.118983,0.0308,15.0,0.088183,-0.598325,-0.801254,0
8068,14.4667,0.1232,0.0295,15.0,0.0937,-0.601815,-0.798636,0
8069,14.4833,0.121417,0.0295,15.0,0.091917,-0.605294,-0.796002,0
8070,14.5,0.114783,0.0304,15.0,0.084383,-0.608761,-0.793353,0
8071,14.5167,0.1186,0.0318,15.0,0.0868,-0.612217,-0.79069,0
8072,14.5333,0.1179,0.0292,15.0,0.0887,-0.615661,-0.788011,0
8073,14.55,0.11665,0.0283,15.0,0.08835,-0.619094,-0.785317,0
8074,14.5667,0.118667,0.0269,15.0,0.091767,-0.622515,-0.782608,0
8075,14.5833,0.1185,0.0293,15.0,0.0892,-0.625923,-0.779884,0
8076,14.6,0.11775,0.0319,15.0,0.08585,-0.62932,-0.777146,0
8077,14.6167,0.116717,0.03,15.0,0.086717,-0.632705,-0.774393,0
8078,14.6333,0.109983,0.0282,15.0,0.081783,-0.636078,-0.771625,0
8079,14.65,0.116267,0.0281,15.0,0.088167,-0.639439,-0.768842,0
8080,14.6667,0.117083,0.027,15.0,0.090083,-0.642788,-0.766044,0
8081,14.6833,0.113667,0.0272,15.0,0.086467,-0.646124,-0.763232,0
8082,14.7,0.116083,0.0263,15.0,0.089783,-0.649448,-0.760406,0
8083,14.7167,0.114817,0.0305,15.0,0.084317,-0.65276,-0.757565,0
8084,14.7333,0.11475,0.0281,15.0,0.08665,-0.656059,-0.75471,0
8085,14.75,0.112117,0.0266,15.0,0.085517,-0.659346,-0.75184,0
8086,14.7667,0.112717,0.0279,15.0,0.084817,-0.66262,-0.748956,0
8087,14.7833,0.111483,0.0266,15.0,0.084883,-0.665882,-0.746057,0
8088,14.8,0.1114,0.0284,15.0,0.083,-0.669131,-0.743145,0
8089,14.8167,0.107917,0.0282,15.0,0.079717,-0.672367,-0.740218,0
8090,14.8333,0.111617,0.0322,15.0,0.079417,-0.67559,-0.737277,0
8091,14.85,0.11285,0.026,15.0,0.08685,-0.678801,-0.734323,0
8092,14.8667,0.10915,0.0258,15.0,0.08335,-0.681998,-0.731354,0
8093,14.8833,0.106183,0.0279,15.0,0.078283,-0.685183,-0.728371,0
8094,14.9,0.1091,0.0296,15.0,0.0795,-0.688355,-0.725374,0
8095,14.9167,0.11135,0.028,15.0,0.08335,-0.691513,-0.722364,0
8096,14.9333,0.105817,0.0298,15.0,0.076017,-0.694658,-0.71934,0
8097,14.95,0.102967,0.0275,15.0,0.075467,-0.69779,-0.716302,0
8098,14.9667,0.10485,0.0304,15.0,0.07445,-0.700909,-0.71325,0
8099,14.9833,0.105767,0.0314,15.0,0.074367,-0.704015,-0.710185,0
8100,15.0,0.10565,0.0302,15.0,0.07545,-0.707107,-0.707107,0
8101,15.0167,0.106933,0.027,15.0,0.079933,-0.710185,-0.704015,0
8102,15.0333,0.109383,0.0291,15.0,0.080283,-0.71325,-0.700909,0
8103,15.05,0.102167,0.0257,15.0,0.076467,-0.716302,-0.69779,0
8104,15.0667,0.1053,0.0268,15.0,0.0785,-0.71934,-0.694658,0
8105,15.0833,0.103567,0.0312,15.0,0.072367,-0.722364,-0.691513,0
8106,15.1,0.104383,0.0297,15.0,0.074683,-0.725374,-0.688355,0
8107,15.1167,0.10595,0.03,15.0,0.07595,-0.728371,-0.685183,0
8108,15.1333,0.10035,0.0271,15.0,0.07325,-0.731354,-0.681998,0
8109,15.15,0.101917,0.0296,15.0,0.072317,-0.734323,-0.678801,0
8110,15.1667,0.102383,0.0282,15.0,0.074183,-0.737277,-0.67559,0
8111,15.1833,0.103117,0.0301,15.0,0.073017,-0.740218,-0.672367,0
8112,15.2,0.097717,0.0281,15.0,0.069617,-0.743145,-0.669131,0
8113,15.2167,0.104183,0.0329,15.0,0.071283,-0.746057,-0.665882,0
8114,15.2333,0.099333,0.0286,15.0,0.070733,-0.748956,-0.66262,0
8115,15.25,0.09965,0.0306,15.0,0.06905,-0.75184,-0.659346,0
8116,15.2667,0.097967,0.0299,15.0,0.068067,-0.75471,-0.656059,0
8117,15.2833,0.097167,0.0244,15.0,0.072767,-0.757565,-0.65276,0
8118,15.3,0.092867,0.0321,15.0,0.060767,-0.760406,-0.649448,0
8119,15.3167,0.097433,0.0292,15.0,0.068233,-0.763232,-0.646124,0
8120,15.3333,0.0957,0.0267,15.0,0.069,-0.766044,-0.642788,0
8121,15.35,0.091417,0.0297,15.0,0.061717,-0.768842,-0.639439,0
8122,15.3667,0.096667,0.0352,15.0,0.061467,-0.771625,-0.636078,0
8123,15.3833,0.096683,0.0261,15.0,0.070583,-0.774393,-0.632705,0
8124,15.4,0.090933,0.0263,15.0,0.064633,-0.777146,-0.62932,0
8125,15.4167,0.089983,0.0268,15.0,0.063183,-0.779884,-0.625923,0
8126,15.4333,0.09355,0.0274,15.0,0.06615,-0.782608,-0.622515,0
8127,15.45,0.09145,0.0271,15.0,0.06435,-0.785317,-0.619094,0
8128,15.4667,0.092283,0.0297,15.0,0.062583,-0.788011,-0.615661,0
8129,15.4833,0.092117,0.031,15.0,0.061117,-0.79069,-0.612217,0
8130,15.5,0.0924,0.0295,15.0,0.0629,-0.793353,-0.608761,0
8131,15.5167,0.091617,0.0267,15.0,0.064917,-0.796002,-0.605294,0
8132,15.5333,0.090317,0.0282,15.0,0.062117,-0.798636,-0.601815,0
8133,15.55,0.091517,0.0305,15.0,0.061017,-0.801254,-0.598325,0
8134,15.5667,0.0907,0.0292,15.0,0.0615,-0.803857,-0.594823,0
8135,15.5833,0.091717,0.0294,15.0,0.062317,-0.806445,-0.59131,0
8136,15.6,0.089583,0.0264,15.0,0.063183,-0.809017,-0.587785,0
8137,15.6167,0.082283,0.0259,15.0,0.056383,-0.811574,-0.58425,0
8138,15.6333,0.084633,0.027,15.0,0.057633,-0.814116,-0.580703,0
8139,15.65,0.085383,0.0298,15.0,0.055583,-0.816642,-0.577145,0
8140,15.6667,0.087767,0.0328,15.0,0.054967,-0.819152,-0.573576,0
8141,15.6833,0.091033,0.0272,15.0,0.063833,-0.821647,-0.569997,0
8142,15.7,0.082517,0.0284,15.0,0.054117,-0.824126,-0.566406,0
8143,15.7167,0.086417,0.0291,15.0,0.057317,-0.82659,-0.562805,0
8144,15.7333,0.085867,0.0278,15.0,0.058067,-0.829038,-0.559193,0
8145,15.75,0.0838,0.0269,15.0,0.0569,-0.83147,-0.55557,0
8146,15.7667,0.080767,0.0286,15.0,0.052167,-0.833886,-0.551937,0
8147,15.7833,0.083583,0.0285,15.0,0.055083,-0.836286,-0.548293,0
8148,15.8,0.082917,0.0307,15.0,0.052217,-0.838671,-0.544639,0
8149,15.8167,0.081283,0.0308,15.0,0.050483,-0.841039,-0.540974,0
8150,15.8333,0.08075,0.0312,15.0,0.04955,-0.843391,-0.5373,0
8151,15.85,0.079967,0.0284,15.0,0.051567,-0.845728,-0.533615,0
8152,15.8667,0.079417,0.0272,15.0,0.052217,-0.848048,-0.529919,0
8153,15.8833,0.075233,0.0297,15.0,0.045533,-0.850352,-0.526214,0
8154,15.9,0.078283,0.029,15.0,0.049283,-0.85264,-0.522499,0
8155,15.9167,0.07555,0.0287,15.0,0.04685,-0.854912,-0.518773,0
8156,15.9333,0.079267,0.0299,15.0,0.049367,-0.857167,-0.515038,0
8157,15.95,0.075417,0.0273,15.0,0.048117,-0.859406,-0.511293,0
8158,15.9667,0.080067,0.0279,15.0,0.052167,-0.861629,-0.507538,0
8159,15.9833,0.07695,0.0324,15.0,0.04455,-0.863836,-0.503774,0
8160,16.0,0.072333,0.0275,15.0,0.044833,-0.866025,-0.5,0
8161,16.0167,0.07345,0.0251,15.0,0.04835,-0.868199,-0.496217,0
8162,16.0333,0.074433,0.0245,15.0,0.049933,-0.870356,-0.492424,0
8163,16.05,0.076483,0.0299,15.0,0.046583,-0.872496,-0.488621,0
8164,16.0667,0.074317,0.0216,15.0,0.052717,-0.87462,-0.48481,0
8165,16.0833,0.073733,0.0313,15.0,0.042433,-0.876727,-0.480989,0
8166,16.1,0.0728,0.0282,15.0,0.0446,-0.878817,-0.477159,0
8167,16.1167,0.06995,0.0295,15.0,0.04045,-0.880891,-0.47332,0
8168,16.1333,0.072817,0.0275,15.0,0.045317,-0.882948,-0.469472,0
8169,16.15,0.067767,0.0259,15.0,0.041867,-0.884988,-0.465615,0
8170,16.1667,0.06795,0.0251,15.0,0.04285,-0.887011,-0.461749,0
8171,16.1833,0.067667,0.024,15.0,0.043667,-0.889017,-0.457874,0
8172,16.2,0.067433,0.0288,15.0,0.038633,-0.891007,-0.45399,0
8173,16.2167,0.0657,0.0246,15.0,0.0411,-0.892979,-0.450098,0
8174,16.2333,0.06785,0.0292,15.0,0.03865,-0.894934,-0.446198,0
8175,16.25,0.063933,0.0287,15.0,0.035233,-0.896873,-0.442289,0
8176,16.2667,0.062633,0.0311,15.0,0.031533,-0.898794,-0.438371,0
8177,16.2833,0.061617,0.0299,15.0,0.031717,-0.900698,-0.434445,0
8178,16.3,0.067117,0.0324,15.0,0.034717,-0.902585,-0.430511,0
8179,16.3167,0.062267,0.0268,15.0,0.035467,-0.904455,-0.426569,0
8180,16.3333,0.060867,0.0282,15.0,0.032667,-0.906308,-0.422618,0
8181,16.35,0.062433,0.0315,15.0,0.030933,-0.908143,-0.41866,0
8182,16.3667,0.059983,0.032,15.0,0.027983,-0.909961,-0.414693,0
8183,16.3833,0.061217,0.0319,15.0,0.029317,-0.911762,-0.410719,0
8184,16.4,0.063333,0.026,15.0,0.037333,-0.913545,-0.406737,0
8185,16.4167,0.060033,0.0304,15.0,0.029633,-0.915311,-0.402747,0
8186,16.4333,0.058117,0.0336,15.0,0.024517,-0.91706,-0.398749,0
8187,16.45,0.059167,0.0297,15.0,0.029467,-0.918791,-0.394744,0
8188,16.4667,0.059733,0.0268,15.0,0.032933,-0.920505,-0.390731,0
8189,16.4833,0.054367,0.0265,15.0,0.027867,-0.922201,-0.386711,0
8190,16.5,0.060017,0.027,15.0,0.033017,-0.92388,-0.382683,0
8191,16.5167,0.05775,0.0257,15.0,0.03205,-0.925541,-0.378649,0
8192,16.5333,0.059067,0.0257,15.0,0.033367,-0.927184,-0.374607,0
8193,16.55,0.058317,0.0289,15.0,0.029417,-0.92881,-0.370557,0
8194,16.5667,0.052867,0.0308,15.0,0.022067,-0.930418,-0.366501,0
8195,16.5833,0.055633,0.028,15.0,0.027633,-0.932008,-0.362438,0
8196,16.6,0.056217,0.0271,15.0,0.029117,-0.93358,-0.358368,0
8197,16.6167,0.048717,0.0289,15.0,0.019817,-0.935135,-0.354291,0
8198,16.6333,0.053383,0.0271,15.0,0.026283,-0.936672,-0.350207,0
8199,16.65,0.054133,0.0272,15.0,0.026933,-0.938191,-0.346117,0
8200,16.6667,0.047983,0.0287,15.0,0.019283,-0.939693,-0.34202,0
8201,16.6833,0.047867,0.028,15.0,0.019867,-0.941176,-0.337917,0
8202,16.7,0.0555,0.0297,15.0,0.0258,-0.942641,-0.333807,0
8203,16.7167,0.047317,0.0297,15.0,0.017617,-0.944089,-0.329691,0
8204,16.7333,0.051083,0.0247,15.0,0.026383,-0.945519,-0.325568,0
8205,16.75,0.047383,0.0308,15.0,0.016583,-0.94693,-0.321439,0
8206,16.7667,0.048917,0.0291,15.0,0.019817,-0.948324,-0.317305,0
8207,16.7833,0.044867,0.0291,15.0,0.015767,-0.949699,-0.313164,0
8208,16.8,0.044917,0.0303,15.0,0.014617,-0.951057,-0.309017,0
8209,16.8167,0.0432,0.0286,15.0,0.0146,-0.952396,-0.304864,0
8210,16.8333,0.045333,0.032,15.0,0.013333,-0.953717,-0.300706,0
8211,16.85,0.047267,0.0265,15.0,0.020767,-0.95502,-0.296542,0
8212,16.8667,0.042333,0.0281,15.0,0.014233,-0.956305,-0.292372,0
8213,16.8833,0.038383,0.0285,15.0,0.009883,-0.957571,-0.288196,0
8214,16.9,0.041683,0.0297,15.0,0.011983,-0.95882,-0.284015,0
8215,16.9167,0.0467,0.0302,15.0,0.0165,-0.96005,-0.279829,0
8216,16.9333,0.04255,0.0251,15.0,0.01745,-0.961262,-0.275637,0
8217,16.95,0.0396,0.029,15.0,0.0106,-0.962455,-0.27144,0
8218,16.9667,0.041583,0.0295,15.0,0.012083,-0.96363,-0.267238,0
8219,16.9833,0.038133,0.0276,15.0,0.010533,-0.964787,-0.263031,0
8220,17.0,0.0416,0.0314,15.0,0.0102,-0.965926,-0.258819,0
8221,17.0167,0.039517,0.0322,15.0,0.007317,-0.967046,-0.254602,0
8222,17.0333,0.0371,0.0274,15.0,0.0097,-0.968148,-0.25038,0
8223,17.05,0.0372,0.0293,15.0,0.0079,-0.969231,-0.246153,0
8224,17.0667,0.033683,0.0307,15.0,0.002983,-0.970296,-0.241922,0
8225,17.0833,0.038217,0.0241,15.0,0.014117,-0.971342,-0.237686,0
8226,17.1,0.03395,0.0305,15.0,0.00345,-0.97237,-0.233445,0
8227,17.1167,0.034083,0.0293,15.0,0.004783,-0.973379,-0.2292,0
8228,17.1333,0.034583,0.0325,15.0,0.002083,-0.97437,-0.224951,0
8229,17.15,0.0352,0.0277,15.0,0.0075,-0.975342,-0.220697,0
8230,17.1667,0.031033,0.0285,15.0,0.002533,-0.976296,-0.21644,0
8231,17.1833,0.033133,0.0265,15.0,0.006633,-0.977231,-0.212178,0
8232,17.2,0.027533,0.0277,14.9998,-0.000167,-0.978148,-0.207912,0
8233,17.2167,0.03045,0.0269,15.0,0.00355,-0.979045,-0.203642,0
8234,17.2333,0.028317,0.0239,15.0,0.004417,-0.979925,-0.199368,0
8235,17.25,0.027067,0.0288,14.9983,-0.001733,-0.980785,-0.19509,0
8236,17.2667,0.0301,0.0276,15.0,0.0025,-0.981627,-0.190809,0
8237,17.2833,0.027617,0.0252,15.0,0.002417,-0.98245,-0.186524,0
8238,17.3,0.026233,0.0296,14.9966,-0.003367,-0.983255,-0.182236,0
8239,17.3167,0.027167,0.0285,14.9953,-0.001333,-0.984041,-0.177944,0
8240,17.3333,0.027417,0.032,14.9907,-0.004583,-0.984808,-0.173648,0
8241,17.35,0.0289,0.0269,14.9927,0.002,-0.985556,-0.16935,0
8242,17.3667,0.0259,0.0313,14.9873,-0.0054,-0.986286,-0.165048,0
8243,17.3833,0.023233,0.0302,14.9803,-0.006967,-0.986996,-0.160743,0
8244,17.4,0.02505,0.0312,14.9741,-0.00615,-0.987688,-0.156434,0
8245,17.4167,0.0235,0.0308,14.9668,-0.0073,-0.988362,-0.152123,0
8246,17.4333,0.019933,0.0272,14.9595,-0.007267,-0.989016,-0.147809,0
8247,17.45,0.021467,0.0302,14.9508,-0.008733,-0.989651,-0.143493,0
8248,17.4667,0.022217,0.0289,14.9441,-0.006683,-0.990268,-0.139173,0
8249,17.4833,0.022183,0.0263,14.94,-0.004117,-0.990866,-0.134851,0
8250,17.5,0.0246,0.0302,14.9344,-0.0056,-0.991445,-0.130526,0
8251,17.5167,0.015317,0.0266,14.9231,-0.011283,-0.992005,-0.126199,0
8252,17.5333,0.016967,0.0286,14.9115,-0.011633,-0.992546,-0.121869,0
8253,17.55,0.017867,0.0272,14.9022,-0.009333,-0.993068,-0.117537,0
8254,17.5667,0.013583,0.0262,14.8896,-0.012617,-0.993572,-0.113203,0
8255,17.5833,0.014567,0.0975,14.8067,-0.082933,-0.994056,-0.108867,0
8256,17.6,0.017833,0.0978,14.7267,-0.079967,-0.994522,-0.104528,0
8257,17.6167,0.015833,0.0966,14.6459,-0.080767,-0.994969,-0.100188,0
8258,17.6333,0.0181,0.0983,14.5657,-0.0802,-0.995396,-0.095846,0
8259,17.65,0.017017,0.0961,14.4866,-0.079083,-0.995805,-0.091502,0
8260,17.6667,0.016067,0.0938,14.4089,-0.077733,-0.996195,-0.087156,0
8261,17.6833,0.012483,0.0976,14.3238,-0.085117,-0.996566,-0.082808,0
8262,17.7,0.013567,0.0933,14.2441,-0.079733,-0.996917,-0.078459,0
8263,17.7167,0.006417,0.0982,14.1523,-0.091783,-0.99725,-0.074108,0
8264,17.7333,0.009483,0.0992,14.0626,-0.089717,-0.997564,-0.069756,0
8265,17.75,0.0124,0.0979,13.9771,-0.0855,-0.997859,-0.065403,0
8266,17.7667,0.00195,0.0994,13.8797,-0.09745,-0.998135,-0.061049,0
8267,17.7833,0.0077,0.1006,13.7868,-0.0929,-0.998392,-0.056693,0
8268,17.8,0.00705,0.0975,13.6963,-0.09045,-0.99863,-0.052336,0
8269,17.8167,0.0114,0.0947,13.613,-0.0833,-0.998848,-0.047978,0
8270,17.8333,0.002117,0.0941,13.521,-0.091983,-0.999048,-0.043619,0
8271,17.85,0.007483,0.097,13.4315,-0.089517,-0.999229,-0.03926,0
8272,17.8667,0.007983,0.0978,13.3417,-0.089817,-0.999391,-0.034899,0
8273,17.8833,0.0037,0.0974,13.248,-0.0937,-0.999534,-0.030539,0
8274,17.9,0.005383,0.0938,13.1596,-0.088417,-0.999657,-0.026177,0
8275,17.9167,0.006317,0.098,13.0679,-0.091683,-0.999762,-0.021815,0
8276,17.9333,0.002717,0.096,12.9746,-0.093283,-0.999848,-0.017452,0
8277,17.95,0.00535,0.0986,12.8814,-0.09325,-0.999914,-0.01309,0
8278,17.9667,0.001533,0.1015,12.7814,-0.099967,-0.999962,-0.008727,0
8279,17.9833,0.00065,0.1009,12.6812,-0.10025,-0.99999,-0.004363,0
8280,18.0,0.00015,0.1303,12.5511,-0.13015,-1.0,-0.0,0
8281,18.0167,0.0,0.1355,12.4156,-0.1355,-0.99999,0.004363,0
8282,18.0333,0.0,0.1355,12.2801,-0.1355,-0.999962,0.008727,0
8283,18.05,0.0,0.1336,12.1465,-0.1336,-0.999914,0.01309,0
8284,18.0667,0.0,0.1328,12.0137,-0.1328,-0.999848,0.017452,0
8285,18.0833,0.0,0.1358,11.8779,-0.1358,-0.999762,0.021815,0
8286,18.1,0.0,0.1354,11.7425,-0.1354,-0.999657,0.026177,0
8287,18.1167,0.0,0.1342,11.6083,-0.1342,-0.999534,0.030539,0
8288,18.1333,0.0,0.1339,11.4744,-0.1339,-0.999391,0.034899,0
8289,18.15,0.0,0.1326,11.3418,-0.1326,-0.999229,0.03926,0
8290,18.1667,0.0,0.1339,11.2079,-0.1339,-0.999048,0.043619,0
8291,18.1833,0.0,0.1354,11.0725,-0.1354,-0.998848,0.047978,0
8292,18.2,0.0,0.1346,10.9379,-0.1346,-0.99863,0.052336,0
8293,18.2167,0.0,0.134,10.8039,-0.134,-0.998392,0.056693,0
8294,18.2333,0.0,0.0609,10.743,-0.0609,-0.998135,0.061049,0
8295,18.25,0.0,0.0625,10.6805,-0.0625,-0.997859,0.065403,0
8296,18.2667,0.0,0.0605,10.62,-0.0605,-0.997564,0.069756,0
8297,18.2833,0.0,0.066,10.554,-0.066,-0.99725,0.074108,0
8298,18.3,0.0,0.0673,10.4867,-0.0673,-0.996917,0.078459,0
8299,18.3167,0.0,0.0638,10.4229,-0.0638,-0.996566,0.082808,0
8300,18.3333,0.0,0.0669,10.356,-0.0669,-0.996195,0.087156,0
8301,18.35,0.0,0.066,10.29,-0.066,-0.995805,0.091502,0
8302,18.3667,0.0,0.0655,10.2245,-0.0655,-0.995396,0.095846,0
8303,18.3833,0.0,0.0639,10.1606,-0.0639,-0.994969,0.100188,0
8304,18.4,0.0,0.0655,10.0951,-0.0655,-0.994522,0.104528,0
8305,18.4167,0.0,0.0612,10.0339,-0.0612,-0.994056,0.108867,0
8306,18.4333,0.0,0.0621,9.9718,-0.0621,-0.993572,0.113203,0
8307,18.45,0.0,0.0677,9.9041,-0.0677,-0.993068,0.117537,0
8308,18.4667,0.0,0.069,9.8351,-0.069,-0.992546,0.121869,0
8309,18.4833,0.0,0.0647,9.7704,-0.0647,-0.992005,0.126199,0
8310,18.5,0.0,0.0639,9.7065,-0.0639,-0.991445,0.130526,0
8311,18.5167,0.0,0.0654,9.6411,-0.0654,-0.990866,0.134851,0
8312,18.5333,0.0,0.066,9.5751,-0.066,-0.990268,0.139173,0
8313,18.55,0.0,0.0653,9.5098,-0.0653,-0.989651,0.143493,0
8314,18.5667,0.0,0.0662,9.4436,-0.0662,-0.989016,0.147809,0
8315,18.5833,0.0,0.0661,9.3775,-0.0661,-0.988362,0.152123,0
8316,18.6,0.0,0.064,9.3135,-0.064,-0.987688,0.156434,0
8317,18.6167,0.0,0.0651,9.2484,-0.0651,-0.986996,0.160743,0
8318,18.6333,0.0,0.068,9.1804,-0.068,-0.986286,0.165048,0
8319,18.65,0.0,0.0654,9.115,-0.0654,-0.985556,0.16935,0
8320,18.6667,0.0,0.0663,9.0487,-0.0663,-0.984808,0.173648,0
8321,18.6833,0.0,0.0661,8.9826,-0.0661,-0.984041,0.177944,0
8322,18.7,0.0,0.068,8.9146,-0.068,-0.983255,0.182236,0
8323,18.7167,0.0,0.0637,8.8509,-0.0637,-0.98245,0.186524,0
8324,18.7333,0.0,0.0639,8.787,-0.0639,-0.981627,0.190809,0
8325,18.75,0.0,0.0658,8.7212,-0.0658,-0.980785,0.19509,0
8326,18.7667,0.0,0.0631,8.6581,-0.0631,-0.979925,0.199368,0
8327,18.7833,0.0,0.0662,8.5919,-0.0662,-0.979045,0.203642,0
8328,18.8,0.0,0.0662,8.5257,-0.0662,-0.978148,0.207912,0
8329,18.8167,0.0,0.0656,8.4601,-0.0656,-0.977231,0.212178,0
8330,18.8333,0.0,0.0679,8.3922,-0.0679,-0.976296,0.21644,0
8331,18.85,0.0,0.065,8.3272,-0.065,-0.975342,0.220697,0
8332,18.8667,0.0,0.0685,8.2587,-0.0685,-0.97437,0.224951,0
8333,18.8833,0.0,0.0625,8.1962,-0.0625,-0.973379,0.2292,0
8334,18.9,0.0,0.0648,8.1314,-0.0648,-0.97237,0.233445,0
8335,18.9167,0.0,0.065,8.0664,-0.065,-0.971342,0.237686,0
8336,18.9333,0.0,0.067,7.9994,-0.067,-0.970296,0.241922,0
8337,18.95,0.0,0.0669,7.9325,-0.0669,-0.969231,0.246153,0
8338,18.9667,0.0,0.0639,7.8686,-0.0639,-0.968148,0.25038,0
8339,18.9833,0.0,0.0667,7.8019,-0.0667,-0.967046,0.254602,0
8340,19.0,0.0,0.0665,7.7354,-0.0665,-0.965926,0.258819,0
8341,19.0167,0.0,0.0625,7.6729,-0.0625,-0.964787,0.263031,0
8342,19.0333,0.0,0.065,7.6079,-0.065,-0.96363,0.267238,0
8343,19.05,0.0,0.0639,7.544,-0.0639,-0.962455,0.27144,0
8344,19.0667,0.0,0.0633,7.4807,-0.0633,-0.961262,0.275637,0
8345,19.0833,0.0,0.0634,7.4173,-0.0634,-0.96005,0.279829,0
8346,19.1,0.0,0.0634,7.3539,-0.0634,-0.95882,0.284015,0
8347,19.1167,0.0,0.0689,7.285,-0.0689,-0.957571,0.288196,0
8348,19.1333,0.0,0.0627,7.2223,-0.0627,-0.956305,0.292372,0
8349,19.15,0.0,0.0629,7.1594,-0.0629,-0.95502,0.296542,0
8350,19.1667,0.0,0.0652,7.0942,-0.0652,-0.953717,0.300706,0
8351,19.1833,0.0,0.0645,7.0297,-0.0645,-0.952396,0.304864,0
8352,19.2,0.0,0.0652,6.9645,-0.0652,-0.951057,0.309017,0
8353,19.2167,0.0,0.0616,6.9029,-0.0616,-0.949699,0.313164,0
8354,19.2333,0.0,0.0653,6.8376,-0.0653,-0.948324,0.317305,0
8355,19.25,0.0,0.0648,6.7728,-0.0648,-0.94693,0.321439,0
8356,19.2667,0.0,0.067,6.7058,-0.067,-0.945519,0.325568,0
8357,19.2833,0.0,0.0649,6.6409,-0.0649,-0.944089,0.329691,0
8358,19.3,0.0,0.0638,6.5771,-0.0638,-0.942641,0.333807,0
8359,19.3167,0.0,0.0625,6.5146,-0.0625,-0.941176,0.337917,0
8360,19.3333,0.0,0.0677,6.4469,-0.0677,-0.939693,0.34202,0
8361,19.35,0.0,0.0644,6.3825,-0.0644,-0.938191,0.346117,0
8362,19.3667,0.0,0.0647,6.3178,-0.0647,-0.936672,0.350207,0
8363,19.3833,0.0,0.0631,6.2547,-0.0631,-0.935135,0.354291,0
8364,19.4,0.0,0.0643,6.1904,-0.0643,-0.93358,0.358368,0
8365,19.4167,0.0,0.0625,6.1279,-0.0625,-0.932008,0.362438,0
8366,19.4333,0.0,0.0659,6.062,-0.0659,-0.930418,0.366501,0
8367,19.45,0.0,0.0642,5.9978,-0.0642,-0.92881,0.370557,0
8368,19.4667,0.0,0.0679,5.9299,-0.0679,-0.927184,0.374607,0
8369,19.4833,0.0,0.0656,5.8643,-0.0656,-0.925541,0.378649,0
8370,19.5,0.0,0.0655,5.7988,-0.0655,-0.92388,0.382683,0
8371,19.5167,0.0,0.0637,5.7351,-0.0637,-0.922201,0.386711,0
8372,19.5333,0.0,0.0655,5.6696,-0.0655,-0.920505,0.390731,0
8373,19.55,0.0,0.0668,5.6028,-0.0668,-0.918791,0.394744,0
8374,19.5667,0.0,0.0653,5.5375,-0.0653,-0.91706,0.398749,0
8375,19.5833,0.0,0.0649,5.4726,-0.0649,-0.915311,0.402747,0
8376,19.6,0.0,0.0642,5.4084,-0.0642,-0.913545,0.406737,0
8377,19.6167,0.0,0.0668,5.3416,-0.0668,-0.911762,0.410719,0
8378,19.6333,0.0,0.0661,5.2755,-0.0661,-0.909961,0.414693,0
8379,19.65,0.0,0.066,5.2095,-0.066,-0.908143,0.41866,0
8380,19.6667,0.0,0.0647,5.1448,-0.0647,-0.906308,0.422618,0
8381,19.6833,0.0,0.0665,5.0783,-0.0665,-0.904455,0.426569,0
8382,19.7,0.0,0.066,5.0123,-0.066,-0.902585,0.430511,0
8383,19.7167,0.0,0.0647,4.9476,-0.0647,-0.900698,0.434445,0
8384,19.7333,0.0,0.0637,4.8839,-0.0637,-0.898794,0.438371,0
8385,19.75,0.0,0.0667,4.8172,-0.0667,-0.896873,0.442289,0
8386,19.7667,0.0,0.0624,4.7548,-0.0624,-0.894934,0.446198,0
8387,19.7833,0.0,0.0651,4.6897,-0.0651,-0.892979,0.450098,0
8388,19.8,0.0,0.0644,4.6253,-0.0644,-0.891007,0.45399,0
8389,19.8167,0.0,0.0663,4.559,-0.0663,-0.889017,0.457874,0
8390,19.8333,0.0,0.067,4.492,-0.067,-0.887011,0.461749,0
8391,19.85,0.0,0.0614,4.4306,-0.0614,-0.884988,0.465615,0
8392,19.8667,0.0,0.0602,4.3704,-0.0602,-0.882948,0.469472,0
8393,19.8833,0.0,0.0617,4.3087,-0.0617,-0.880891,0.47332,0
8394,19.9,0.0,0.0639,4.2448,-0.0639,-0.878817,0.477159,0
8395,19.9167,0.0,0.0663,4.1785,-0.0663,-0.876727,0.480989,0
8396,19.9333,0.0,0.0657,4.1128,-0.0657,-0.87462,0.48481,0
8397,19.95,0.0,0.064,4.0488,-0.064,-0.872496,0.488621,0
8398,19.9667,0.0,0.0641,3.9847,-0.0641,-0.870356,0.492424,0
8399,19.9833,0.0,0.0669,3.9178,-0.0669,-0.868199,0.496217,0
8400,20.0,0.0,0.0673,3.8505,-0.0673,-0.866025,0.5,0
8401,20.0167,0.0,0.0626,3.7879,-0.0626,-0.863836,0.503774,0
8402,20.0333,0.0,0.0619,3.726,-0.0619,-0.861629,0.507538,0
8403,20.05,0.0,0.0672,3.6588,-0.0672,-0.859406,0.511293,0
8404,20.0667,0.0,0.0646,3.5942,-0.0646,-0.857167,0.515038,0
8405,20.0833,0.0,0.0677,3.5265,-0.0677,-0.854912,0.518773,0
8406,20.1,0.0,0.0657,3.4608,-0.0657,-0.85264,0.522499,0
8407,20.1167,0.0,0.0715,3.3893,-0.0715,-0.850352,0.526214,0
8408,20.1333,0.0,0.0637,3.3256,-0.0637,-0.848048,0.529919,0
8409,20.15,0.0,0.0678,3.2578,-0.0678,-0.845728,0.533615,0
8410,20.1667,0.0,0.066,3.1918,-0.066,-0.843391,0.5373,0
8411,20.1833,0.0,0.0634,3.1284,-0.0634,-0.841039,0.540974,0
8412,20.2,0.0,0.0646,3.0638,-0.0646,-0.838671,0.544639,0
8413,20.2167,0.0,0.0638,3.0,-0.0638,-0.836286,0.548293,0
8414,20.2333,0.0,0.0659,2.9341,-0.0659,-0.833886,0.551937,0
8415,20.25,0.0,0.0624,2.8717,-0.0624,-0.83147,0.55557,0
8416,20.2667,0.0,0.0657,2.806,-0.0657,-0.829038,0.559193,0
8417,20.2833,0.0,0.066,2.74,-0.066,-0.82659,0.562805,0
8418,20.3,0.0,0.0624,2.6776,-0.0624,-0.824126,0.566406,0
8419,20.3167,0.0,0.0679,2.6097,-0.0679,-0.821647,0.569997,0
8420,20.3333,0.0,0.0667,2.543,-0.0667,-0.819152,0.573576,0
8421,20.35,0.0,0.0658,2.4772,-0.0658,-0.816642,0.577145,0
8422,20.3667,0.0,0.0648,2.4124,-0.0648,-0.814116,0.580703,0
8423,20.3833,0.0,0.0621,2.3503,-0.0621,-0.811574,0.58425,0
8424,20.4,0.0,0.0691,2.2812,-0.0691,-0.809017,0.587785,0
8425,20.4167,0.0,0.067,2.2142,-0.067,-0.806445,0.59131,0
8426,20.4333,0.0,0.0646,2.1496,-0.0646,-0.803857,0.594823,0
8427,20.45,0.0,0.0633,2.0863,-0.0633,-0.801254,0.598325,0
8428,20.4667,0.0,0.0667,2.0196,-0.0667,-0.798636,0.601815,0
8429,20.4833,0.0,0.0626,1.957,-0.0626,-0.796002,0.605294,0
8430,20.5,0.0,0.0649,1.8921,-0.0649,-0.793353,0.608761,0
8431,20.5167,0.0,0.0646,1.8275,-0.0646,-0.79069,0.612217,0
8432,20.5333,0.0,0.0658,1.7617,-0.0658,-0.788011,0.615661,0
8433,20.55,0.0,0.0656,1.6961,-0.0656,-0.785317,0.619094,0
8434,20.5667,0.0,0.0639,1.6322,-0.0639,-0.782608,0.622515,0
8435,20.5833,0.0,0.0665,1.5657,-0.0665,-0.779884,0.625923,0
8436,20.6,0.0,0.0633,1.5024,-0.0633,-0.777146,0.62932,0
8437,20.6167,0.0,0.0666,1.4358,-0.0666,-0.774393,0.632705,0
8438,20.6333,0.0,0.0675,1.3683,-0.0675,-0.771625,0.636078,0
8439,20.65,0.0,0.0662,1.3021,-0.0662,-0.768842,0.639439,0
8440,20.6667,0.0,0.065,1.2371,-0.065,-0.766044,0.642788,0
8441,20.6833,0.0,0.0688,1.1683,-0.0688,-0.763232,0.646124,0
8442,20.7,0.0,0.0664,1.1019,-0.0664,-0.760406,0.649448,0
8443,20.7167,0.0,0.0639,1.038,-0.0639,-0.757565,0.65276,0
8444,20.7333,0.0,0.0632,0.9748,-0.0632,-0.75471,0.656059,0
8445,20.75,0.0,0.0643,0.9105,-0.0643,-0.75184,0.659346,0
8446,20.7667,0.0,0.0596,0.8509,-0.0596,-0.748956,0.66262,0
8447,20.7833,0.0,0.0662,0.7847,-0.0662,-0.746057,0.665882,0
8448,20.8,0.0,0.0648,0.7199,-0.0648,-0.743145,0.669131,0
8449,20.8167,0.0,0.0646,0.6553,-0.0646,-0.740218,0.672367,0
8450,20.8333,0.0,0.0661,0.5892,-0.0661,-0.737277,0.67559,0
8451,20.85,0.0,0.0627,0.5265,-0.0627,-0.734323,0.678801,0
8452,20.8667,0.0,0.0622,0.4643,-0.0622,-0.731354,0.681998,0
8453,20.8833,0.0,0.0667,0.3976,-0.0667,-0.728371,0.685183,0
8454,20.9,0.0,0.0621,0.3355,-0.0621,-0.725374,0.688355,0
8455,20.9167,0.0,0.0647,0.2708,-0.0647,-0.722364,0.691513,0
8456,20.9333,0.0,0.0664,0.2044,-0.0664,-0.71934,0.694658,0
8457,20.95,0.0,0.0611,0.1433,-0.0611,-0.716302,0.69779,0
8458,20.9667,0.0,0.068,0.0753,-0.068,-0.71325,0.700909,0
8459,20.9833,0.0,0.065,0.0103,-0.065,-0.710185,0.704015,0
8460,21.0,0.0,0.0612,0.0,-0.0612,-0.707107,0.707107,1
8461,21.0167,0.0,0.0642,0.0,-0.0642,-0.704015,0.710185,1
8462,21.0333,0.0,0.0636,0.0,-0.0636,-0.700909,0.71325,1
8463,21.05,0.0,0.0646,0.0,-0.0646,-0.69779,0.716302,1
8464,21.0667,0.0,0.0648,0.0,-0.0648,-0.694658,0.71934,1
8465,21.0833,0.0,0.0641,0.0,-0.0641,-0.691513,0.722364,1
8466,21.1,0.0,0.0659,0.0,-0.0659,-0.688355,0.725374,1
8467,21.1167,0.0,0.0649,0.0,-0.0649,-0.685183,0.728371,1
8468,21.1333,0.0,0.0657,0.0,-0.0657,-0.681998,0.731354,1
8469,21.15,0.0,0.0681,0.0,-0.0681,-0.678801,0.734323,1
8470,21.1667,0.0,0.0623,0.0,-0.0623,-0.67559,0.737277,1
8471,21.1833,0.0,0.0665,0.0,-0.0665,-0.672367,0.740218,1
8472,21.2,0.0,0.0688,0.0,-0.0688,-0.669131,0.743145,1
8473,21.2167,0.0,0.0665,0.0,-0.0665,-0.665882,0.746057,1
8474,21.2333,0.0,0.0643,0.0,-0.0643,-0.66262,0.748956,1
8475,21.25,0.0,0.0655,0.0,-0.0655,-0.659346,0.75184,1
8476,21.2667,0.0,0.0625,0.0,-0.0625,-0.656059,0.75471,1
8477,21.2833,0.0,0.0662,0.0,-0.0662,-0.65276,0.757565,1
8478,21.3,0.0,0.0667,0.0,-0.0667,-0.649448,0.760406,1
8479,21.3167,0.0,0.0641,0.0,-0.0641,-0.646124,0.763232,1
8480,21.3333,0.0,0.063,0.0,-0.063,-0.642788,0.766044,1
8481,21.35,0.0,0.0621,0.0,-0.0621,-0.639439,0.768842,1
8482,21.3667,0.0,0.0636,0.0,-0.0636,-0.636078,0.771625,1
8483,21.3833,0.0,0.0632,0.0,-0.0632,-0.632705,0.774393,1
8484,21.4,0.0,0.064,0.0,-0.064,-0.62932,0.777146,1
8485,21.4167,0.0,0.0644,0.0,-0.0644,-0.625923,0.779884,1
8486,21.4333,0.0,0.0672,0.0,-0.0672,-0.622515,0.782608,1
8487,21.45,0.0,0.0639,0.0,-0.0639,-0.619094,0.785317,1
8488,21.4667,0.0,0.0679,0.0,-0.0679,-0.615661,0.788011,1
8489,21.4833,0.0,0.0662,0.0,-0.0662,-0.612217,0.79069,1
8490,21.5,0.0,0.0669,0.0,-0.0669,-0.608761,0.793353,1
8491,21.5167,0.0,0.0687,0.0,-0.0687,-0.605294,0.796002,1
8492,21.5333,0.0,0.0645,0.0,-0.0645,-0.601815,0.798636,1
8493,21.55,0.0,0.0654,0.0,-0.0654,-0.598325,0.801254,1
8494,21.5667,0.0,0.0664,0.0,-0.0664,-0.594823,0.803857,1
8495,21.5833,0.0,0.0655,0.0,-0.0655,-0.59131,0.806445,1
8496,21.6,0.0,0.0657,0.0,-0.0657,-0.587785,0.809017,1
8497,21.6167,0.0,0.0669,0.0,-0.0669,-0.58425,0.811574,1
8498,21.6333,0.0,0.065,0.0,-0.065,-0.580703,0.814116,1
8499,21.65,0.0,0.0653,0.0,-0.0653,-0.577145,0.816642,1
8500,21.6667,0.0,0.0651,0.0,-0.0651,-0.573576,0.819152,1
8501,21.6833,0.0,0.066,0.0,-0.066,-0.569997,0.821647,1
8502,21.7,0.0,0.0666,0.0,-0.0666,-0.566406,0.824126,1
8503,21.7167,0.0,0.0645,0.0,-0.0645,-0.562805,0.82659,1
8504,21.7333,0.0,0.0667,0.0,-0.0667,-0.559193,0.829038,1
8505,21.75,0.0,0.064,0.0,-0.064,-0.55557,0.83147,1
8506,21.7667,0.0,0.0661,0.0,-0.0661,-0.551937,0.833886,1
8507,21.7833,0.0,0.0654,0.0,-0.0654,-0.548293,0.836286,1
8508,21.8,0.0,0.0647,0.0,-0.0647,-0.544639,0.838671,1
8509,21.8167,0.0,0.0653,0.0,-0.0653,-0.540974,0.841039,1
8510,21.8333,0.0,0.0647,0.0,-0.0647,-0.5373,0.843391,1
8511,21.85,0.0,0.0671,0.0,-0.0671,-0.533615,0.845728,1
8512,21.8667,0.0,0.0678,0.0,-0.0678,-0.529919,0.848048,1
8513,21.8833,0.0,0.0638,0.0,-0.0638,-0.526214,0.850352,1
8514,21.9,0.0,0.0621,0.0,-0.0621,-0.522499,0.85264,1
8515,21.9167,0.0,0.0639,0.0,-0.0639,-0.518773,0.854912,1
8516,21.9333,0.0,0.0621,0.0,-0.0621,-0.515038,0.857167,1
8517,21.95,0.0,0.0656,0.0,-0.0656,-0.511293,0.859406,1
8518,21.9667,0.0,0.0663,0.0,-0.0663,-0.507538,0.861629,1
8519,21.9833,0.0,0.0628,0.0,-0.0628,-0.503774,0.863836,1
8520,22.0,0.0,0.0147,0.0,-0.0147,-0.5,0.866025,1
8521,22.0167,0.0,0.0125,0.0,-0.0125,-0.496217,0.868199,1
8522,22.0333,0.0,0.0176,0.0,-0.0176,-0.492424,0.870356,1
8523,22.05,0.0,0.0154,0.0,-0.0154,-0.488621,0.872496,1
8524,22.0667,0.0,0.0171,0.0,-0.0171,-0.48481,0.87462,1
8525,22.0833,0.0,0.0172,0.0,-0.0172,-0.480989,0.876727,1
8526,22.1,0.0,0.0132,0.0,-0.0132,-0.477159,0.878817,1
8527,22.1167,0.0,0.0195,0.0,-0.0195,-0.47332,0.880891,1
8528,22.1333,0.0,0.0126,0.0,-0.0126,-0.469472,0.882948,1
8529,22.15,0.0,0.02,0.0,-0.02,-0.465615,0.884988,1
8530,22.1667,0.0,0.0187,0.0,-0.0187,-0.461749,0.887011,1
8531,22.1833,0.0,0.0168,0.0,-0.0168,-0.457874,0.889017,1
8532,22.2,0.0,0.0187,0.0,-0.0187,-0.45399,0.891007,1
8533,22.2167,0.0,0.015,0.0,-0.015,-0.450098,0.892979,1
8534,22.2333,0.0,0.0163,0.0,-0.0163,-0.446198,0.894934,1
8535,22.25,0.0,0.0185,0.0,-0.0185,-0.442289,0.896873,1
8536,22.2667,0.0,0.016,0.0,-0.016,-0.438371,0.898794,1
8537,22.2833,0.0,0.0153,0.0,-0.0153,-0.434445,0.900698,1
8538,22.3,0.0,0.0184,0.0,-0.0184,-0.430511,0.902585,1
8539,22.3167,0.0,0.0119,0.0,-0.0119,-0.426569,0.904455,1
8540,22.3333,0.0,0.0155,0.0,-0.0155,-0.422618,0.906308,1
8541,22.35,0.0,0.0166,0.0,-0.0166,-0.41866,0.908143,1
8542,22.3667,0.0,0.012,0.0,-0.012,-0.414693,0.909961,1
8543,22.3833,0.0,0.0138,0.0,-0.0138,-0.410719,0.911762,1
8544,22.4,0.0,0.0169,0.0,-0.0169,-0.406737,0.913545,1
8545,22.4167,0.0,0.0151,0.0,-0.0151,-0.402747,0.915311,1
8546,22.4333,0.0,0.0184,0.0,-0.0184,-0.398749,0.91706,1
8547,22.45,0.0,0.0142,0.0,-0.0142,-0.394744,0.918791,1
8548,22.4667,0.0,0.0141,0.0,-0.0141,-0.390731,0.920505,1
8549,22.4833,0.0,0.015,0.0,-0.015,-0.386711,0.922201,1
8550,22.5,0.0,0.0109,0.0,-0.0109,-0.382683,0.92388,1
8551,22.5167,0.0,0.0152,0.0,-0.0152,-0.378649,0.925541,1
8552,22.5333,0.0,0.0136,0.0,-0.0136,-0.374607,0.927184,1
8553,22.55,0.0,0.0178,0.0,-0.0178,-0.370557,0.92881,1
8554,22.5667,0.0,0.0188,0.0,-0.0188,-0.366501,0.930418,1
8555,22.5833,0.0,0.0144,0.0,-0.0144,-0.362438,0.932008,1
8556,22.6,0.0,0.0161,0.0,-0.0161,-0.358368,0.93358,1
8557,22.6167,0.0,0.0159,0.0,-0.0159,-0.354291,0.935135,1
8558,22.6333,0.0,0.0168,0.0,-0.0168,-0.350207,0.936672,1
8559,22.65,0.0,0.0177,0.0,-0.0177,-0.346117,0.938191,1
8560,22.6667,0.0,0.0129,0.0,-0.0129,-0.34202,0.939693,1
8561,22.6833,0.0,0.0145,0.0,-0.0145,-0.337917,0.941176,1
8562,22.7,0.0,0.0165,0.0,-0.0165,-0.333807,0.942641,1
8563,22.7167,0.0,0.016,0.0,-0.016,-0.329691,0.944089,1
8564,22.7333,0.0,0.0165,0.0,-0.0165,-0.325568,0.945519,1
8565,22.75,0.0,0.0147,0.0,-0.0147,-0.321439,0.94693,1
8566,22.7667,0.0,0.0145,0.0,-0.0145,-0.317305,0.948324,1
8567,22.7833,0.0,0.0168,0.0,-0.0168,-0.313164,0.949699,1
8568,22.8,0.0,0.0149,0.0,-0.0149,-0.309017,0.951057,1
8569,22.8167,0.0,0.0142,0.0,-0.0142,-0.304864,0.952396,1
8570,22.8333,0.0,0.0155,0.0,-0.0155,-0.300706,0.953717,1
8571,22.85,0.0,0.0157,0.0,-0.0157,-0.296542,0.95502,1
8572,22.8667,0.0,0.0128,0.0,-0.0128,-0.292372,0.956305,1
8573,22.8833,0.0,0.0125,0.0,-0.0125,-0.288196,0.957571,1
8574,22.9,0.0,0.016,0.0,-0.016,-0.284015,0.95882,1
8575,22.9167,0.0,0.0133,0.0,-0.0133,-0.279829,0.96005,1
8576,22.9333,0.0,0.0168,0.0,-0.0168,-0.275637,0.961262,1
8577,22.95,0.0,0.0174,0.0,-0.0174,-0.27144,0.962455,1
8578,22.9667,0.0,0.0137,0.0,-0.0137,-0.267238,0.96363,1
8579,22.9833,0.0,0.0135,0.0,-0.0135,-0.263031,0.964787,1
8580,23.0,0.0,0.0135,0.0,-0.0135,-0.258819,0.965926,1
8581,23.0167,0.0,0.0189,0.0,-0.0189,-0.254602,0.967046,1
8582,23.0333,0.0,0.0158,0.0,-0.0158,-0.25038,0.968148,1
8583,23.05,0.0,0.0136,0.0,-0.0136,-0.246153,0.969231,1
8584,23.0667,0.0,0.0121,0.0,-0.0121,-0.241922,0.970296,1
8585,23.0833,0.0,0.0167,0.0,-0.0167,-0.237686,0.971342,1
8586,23.1,0.0,0.0157,0.0,-0.0157,-0.233445,0.97237,1
8587,23.1167,0.0,0.0165,0.0,-0.0165,-0.2292,0.973379,1
8588,23.1333,0.0,0.013,0.0,-0.013,-0.224951,0.97437,1
8589,23.15,0.0,0.0159,0.0,-0.0159,-0.220697,0.975342,1
8590,23.1667,0.0,0.014,0.0,-0.014,-0.21644,0.976296,1
8591,23.1833,0.0,0.0153,0.0,-0.0153,-0.212178,0.977231,1
8592,23.2,0.0,0.0174,0.0,-0.0174,-0.207912,0.978148,1
8593,23.2167,0.0,0.0106,0.0,-0.0106,-0.203642,0.979045,1
8594,23.2333,0.0,0.0133,0.0,-0.0133,-0.199368,0.979925,1
8595,23.25,0.0,0.0134,0.0,-0.0134,-0.19509,0.980785,1
8596,23.2667,0.0,0.0177,0.0,-0.0177,-0.190809,0.981627,1
8597,23.2833,0.0,0.0135,0.0,-0.0135,-0.186524,0.98245,1
8598,23.3,0.0,0.0137,0.0,-0.0137,-0.182236,0.983255,1
8599,23.3167,0.0,0.0185,0.0,-0.0185,-0.177944,0.984041,1
8600,23.3333,0.0,0.014,0.0,-0.014,-0.173648,0.984808,1
8601,23.35,0.0,0.0147,0.0,-0.0147,-0.16935,0.985556,1
8602,23.3667,0.0,0.0163,0.0,-0.0163,-0.165048,0.986286,1
8603,23.3833,0.0,0.0127,0.0,-0.0127,-0.160743,0.986996,1
8604,23.4,0.0,0.0163,0.0,-0.0163,-0.156434,0.987688,1
8605,23.4167,0.0,0.016,0.0,-0.016,-0.152123,0.988362,1
8606,23.4333,0.0,0.0177,0.0,-0.0177,-0.147809,0.989016,1
8607,23.45,0.0,0.0163,0.0,-0.0163,-0.143493,0.989651,1
8608,23.4667,0.0,0.0142,0.0,-0.0142,-0.139173,0.990268,1
8609,23.4833,0.0,0.0172,0.0,-0.0172,-0.134851,0.990866,1
8610,23.5,0.0,0.0168,0.0,-0.0168,-0.130526,0.991445,1
8611,23.5167,0.0,0.0165,0.0,-0.0165,-0.126199,0.992005,1
8612,23.5333,0.0,0.0148,0.0,-0.0148,-0.121869,0.992546,1
8613,23.55,0.0,0.0168,0.0,-0.0168,-0.117537,0.993068,1
8614,23.5667,0.0,0.0179,0.0,-0.0179,-0.113203,0.993572,1
8615,23.5833,0.0,0.0132,0.0,-0.0132,-0.108867,0.994056,1
8616,23.6,0.0,0.014,0.0,-0.014,-0.104528,0.994522,1
8617,23.6167,0.0,0.0162,0.0,-0.0162,-0.100188,0.994969,1
8618,23.6333,0.0,0.0191,0.0,-0.0191,-0.095846,0.995396,1
8619,23.65,0.0,0.0156,0.0,-0.0156,-0.091502,0.995805,1
8620,23.6667,0.0,0.0144,0.0,-0.0144,-0.087156,0.996195,1
8621,23.6833,0.0,0.0156,0.0,-0.0156,-0.082808,0.996566,1
8622,23.7,0.0,0.0226,0.0,-0.0226,-0.078459,0.996917,1
8623,23.7167,0.0,0.0179,0.0,-0.0179,-0.074108,0.99725,1
8624,23.7333,0.0,0.0183,0.0,-0.0183,-0.069756,0.997564,1
8625,23.75,0.0,0.0185,0.0,-0.0185,-0.065403,0.997859,1
8626,23.7667,0.0,0.0163,0.0,-0.0163,-0.061049,0.998135,1
8627,23.7833,0.0,0.0139,0.0,-0.0139,-0.056693,0.998392,1
8628,23.8,0.0,0.0197,0.0,-0.0197,-0.052336,0.99863,1
8629,23.8167,0.0,0.0137,0.0,-0.0137,-0.047978,0.998848,1
8630,23.8333,0.0,0.0141,0.0,-0.0141,-0.043619,0.999048,1
8631,23.85,0.0,0.0151,0.0,-0.0151,-0.03926,0.999229,1
8632,23.8667,0.0,0.017,0.0,-0.017,-0.034899,0.999391,1
8633,23.8833,0.0,0.0175,0.0,-0.0175,-0.030539,0.999534,1
8634,23.9,0.0,0.0126,0.0,-0.0126,-0.026177,0.999657,1
8635,23.9167,0.0,0.0133,0.0,-0.0133,-0.021815,0.999762,1
8636,23.9333,0.0,0.0174,0.0,-0.0174,-0.017452,0.999848,1
8637,23.95,0.0,0.0188,0.0,-0.0188,-0.01309,0.999914,1
8638,23.9667,0.0,0.0161,0.0,-0.0161,-0.008727,0.999962,1
8639,23.9833,0.0,0.0175,0.0,-0.0175,-0.004363,0.99999,1
8640,0.0,0.0,0.0178,0.0,-0.0178,0.0,1.0,1
8641,0.0167,0.0,0.0161,0.0,-0.0161,0.004363,0.99999,1
8642,0.0333,0.0,0.0132,0.0,-0.0132,0.008727,0.999962,1
8643,0.05,0.0,0.0164,0.0,-0.0164,0.01309,0.999914,1
8644,0.0667,0.0,0.0138,0.0,-0.0138,0.017452,0.999848,1
8645,0.0833,0.0,0.017,0.0,-0.017,0.021815,0.999762,1
8646,0.1,0.0,0.0142,0.0,-0.0142,0.026177,0.999657,1
8647,0.1167,0.0,0.0175,0.0,-0.0175,0.030539,0.999534,1
8648,0.1333,0.0,0.0138,0.0,-0.0138,0.034899,0.999391,1
8649,0.15,0.0,0.0153,0.0,-0.0153,0.03926,0.999229,1
8650,0.1667,0.0,0.0165,0.0,-0.0165,0.043619,0.999048,1
8651,0.1833,0.0,0.0144,0.0,-0.0144,0.047978,0.998848,1
8652,0.2,0.0,0.0144,0.0,-0.0144,0.052336,0.99863,1
8653,0.2167,0.0,0.014,0.0,-0.014,0.056693,0.998392,1
8654,0.2333,0.0,0.0162,0.0,-0.0162,0.061049,0.998135,1
8655,0.25,0.0,0.0178,0.0,-0.0178,0.065403,0.997859,1
8656,0.2667,0.0,0.0173,0.0,-0.0173,0.069756,0.997564,1
8657,0.2833,0.0,0.0147,0.0,-0.0147,0.074108,0.99725,1
8658,0.3,0.0,0.0133,0.0,-0.0133,0.078459,0.996917,1
8659,0.3167,0.0,0.0173,0.0,-0.0173,0.082808,0.996566,1
8660,0.3333,0.0,0.0157,0.0,-0.0157,0.087156,0.996195,1
8661,0.35,0.0,0.0135,0.0,-0.0135,0.091502,0.995805,1
8662,0.3667,0.0,0.0156,0.0,-0.0156,0.095846,0.995396,1
8663,0.3833,0.0,0.0193,0.0,-0.0193,0.100188,0.994969,1
8664,0.4,0.0,0.017,0.0,-0.017,0.104528,0.994522,1
8665,0.4167,0.0,0.0153,0.0,-0.0153,0.108867,0.994056,1
8666,0.4333,0.0,0.0167,0.0,-0.0167,0.113203,0.993572,1
8667,0.45,0.0,0.0173,0.0,-0.0173,0.117537,0.993068,1
8668,0.4667,0.0,0.0152,0.0,-0.0152,0.121869,0.992546,1
8669,0.4833,0.0,0.0167,0.0,-0.0167,0.126199,0.992005,1
8670,0.5,0.0,0.0138,0.0,-0.0138,0.130526,0.991445,1
8671,0.5167,0.0,0.0128,0.0,-0.0128,0.134851,0.990866,1
8672,0.5333,0.0,0.0145,0.0,-0.0145,0.139173,0.990268,1
8673,0.55,0.0,0.0132,0.0,-0.0132,0.143493,0.989651,1
8674,0.5667,0.0,0.016,0.0,-0.016,0.147809,0.989016,1
8675,0.5833,0.0,0.0205,0.0,-0.0205,0.152123,0.988362,1
8676,0.6,0.0,0.0139,0.0,-0.0139,0.156434,0.987688,1
8677,0.6167,0.0,0.0158,0.0,-0.0158,0.160743,0.986996,1
8678,0.6333,0.0,0.0159,0.0,-0.0159,0.165048,0.986286,1
8679,0.65,0.0,0.0151,0.0,-0.0151,0.16935,0.985556,1
8680,0.6667,0.0,0.019,0.0,-0.019,0.173648,0.984808,1
8681,0.6833,0.0,0.016,0.0,-0.016,0.177944,0.984041,1
8682,0.7,0.0,0.0206,0.0,-0.0206,0.182236,0.983255,1
8683,0.7167,0.0,0.0136,0.0,-0.0136,0.186524,0.98245,1
8684,0.7333,0.0,0.0162,0.0,-0.0162,0.190809,0.981627,1
8685,0.75,0.0,0.0175,0.0,-0.0175,0.19509,0.980785,1
8686,0.7667,0.0,0.0151,0.0,-0.0151,0.199368,0.979925,1
8687,0.7833,0.0,0.0128,0.0,-0.0128,0.203642,0.979045,1
8688,0.8,0.0,0.0194,0.0,-0.0194,0.207912,0.978148,1
8689,0.8167,0.0,0.0161,0.0,-0.0161,0.212178,0.977231,1
8690,0.8333,0.0,0.0156,0.0,-0.0156,0.21644,0.976296,1
8691,0.85,0.0,0.0151,0.0,-0.0151,0.220697,0.975342,1
8692,0.8667,0.0,0.0159,0.0,-0.0159,0.224951,0.97437,1
8693,0.8833,0.0,0.0184,0.0,-0.0184,0.2292,0.973379,1
8694,0.9,0.0,0.0169,0.0,-0.0169,0.233445,0.97237,1
8695,0.9167,0.0,0.015,0.0,-0.015,0.237686,0.971342,1
8696,0.9333,0.0,0.0145,0.0,-0.0145,0.241922,0.970296,1
8697,0.95,0.0,0.0144,0.0,-0.0144,0.246153,0.969231,1
8698,0.9667,0.0,0.0197,0.0,-0.0197,0.25038,0.968148,1
8699,0.9833,0.0,0.0161,0.0,-0.0161,0.254602,0.967046,1
8700,1.0,0.0,0.0172,0.0,-0.0172,0.258819,0.965926,1
8701,1.0167,0.0,0.0142,0.0,-0.0142,0.263031,0.964787,1
8702,1.0333,0.0,0.0176,0.0,-0.0176,0.267238,0.96363,1
8703,1.05,0.0,0.0147,0.0,-0.0147,0.27144,0.962455,1
8704,1.0667,0.0,0.0167,0.0,-0.0167,0.275637,0.961262,1
8705,1.0833,0.0,0.0147,0.0,-0.0147,0.279829,0.96005,1
8706,1.1,0.0,0.015,0.0,-0.015,0.284015,0.95882,1
8707,1.1167,0.0,0.0157,0.0,-0.0157,0.288196,0.957571,1
8708,1.1333,0.0,0.0101,0.0,-0.0101,0.292372,0.956305,1
8709,1.15,0.0,0.0147,0.0,-0.0147,0.296542,0.95502,1
8710,1.1667,0.0,0.0165,0.0,-0.0165,0.300706,0.953717,1
8711,1.1833,0.0,0.0165,0.0,-0.0165,0.304864,0.952396,1
8712,1.2,0.0,0.0162,0.0,-0.0162,0.309017,0.951057,1
8713,1.2167,0.0,0.0161,0.0,-0.0161,0.313164,0.949699,1
8714,1.2333,0.0,0.0184,0.0,-0.0184,0.317305,0.948324,1
8715,1.25,0.0,0.0155,0.0,-0.0155,0.321439,0.94693,1
8716,1.2667,0.0,0.0153,0.0,-0.0153,0.325568,0.945519,1
8717,1.2833,0.0,0.0195,0.0,-0.0195,0.329691,0.944089,1
8718,1.3,0.0,0.0136,0.0,-0.0136,0.333807,0.942641,1
8719,1.3167,0.0,0.0135,0.0,-0.0135,0.337917,0.941176,1
8720,1.3333,0.0,0.0098,0.0,-0.0098,0.34202,0.939693,1
8721,1.35,0.0,0.0135,0.0,-0.0135,0.346117,0.938191,1
8722,1.3667,0.0,0.0164,0.0,-0.0164,0.350207,0.936672,1
8723,1.3833,0.0,0.0188,0.0,-0.0188,0.354291,0.935135,1
8724,1.4,0.0,0.0156,0.0,-0.0156,0.358368,0.93358,1
8725,1.4167,0.0,0.0124,0.0,-0.0124,0.362438,0.932008,1
8726,1.4333,0.0,0.0165,0.0,-0.0165,0.366501,0.930418,1
8727,1.45,0.0,0.0204,0.0,-0.0204,0.370557,0.92881,1
8728,1.4667,0.0,0.0165,0.0,-0.0165,0.374607,0.927184,1
8729,1.4833,0.0,0.0142,0.0,-0.0142,0.378649,0.925541,1
8730,1.5,0.0,0.0168,0.0,-0.0168,0.382683,0.92388,1
8731,1.5167,0.0,0.0135,0.0,-0.0135,0.386711,0.922201,1
8732,1.5333,0.0,0.0133,0.0,-0.0133,0.390731,0.920505,1
8733,1.55,0.0,0.0148,0.0,-0.0148,0.394744,0.918791,1
8734,1.5667,0.0,0.0123,0.0,-0.0123,0.398749,0.91706,1
8735,1.5833,0.0,0.0182,0.0,-0.0182,0.402747,0.915311,1
8736,1.6,0.0,0.0162,0.0,-0.0162,0.406737,0.913545,1
8737,1.6167,0.0,0.0148,0.0,-0.0148,0.410719,0.911762,1
8738,1.6333,0.0,0.0183,0.0,-0.0183,0.414693,0.909961,1
8739,1.65,0.0,0.0145,0.0,-0.0145,0.41866,0.908143,1
8740,1.6667,0.0,0.0185,0.0,-0.0185,0.422618,0.906308,1
8741,1.6833,0.0,0.0133,0.0,-0.0133,0.426569,0.904455,1
8742,1.7,0.0,0.0155,0.0,-0.0155,0.430511,0.902585,1
8743,1.7167,0.0,0.0152,0.0,-0.0152,0.434445,0.900698,1
8744,1.7333,0.0,0.0141,0.0,-0.0141,0.438371,0.898794,1
8745,1.75,0.0,0.0187,0.0,-0.0187,0.442289,0.896873,1
8746,1.7667,0.0,0.0154,0.0,-0.0154,0.446198,0.894934,1
8747,1.7833,0.0,0.0177,0.0,-0.0177,0.450098,0.892979,1
8748,1.8,0.0,0.0196,0.0,-0.0196,0.45399,0.891007,1
8749,1.8167,0.0,0.0152,0.0,-0.0152,0.457874,0.889017,1
8750,1.8333,0.0,0.0156,0.0,-0.0156,0.461749,0.887011,1
8751,1.85,0.0,0.0133,0.0,-0.0133,0.465615,0.884988,1
8752,1.8667,0.0,0.0165,0.0,-0.0165,0.469472,0.882948,1
8753,1.8833,0.0,0.0148,0.0,-0.0148,0.47332,0.880891,1
8754,1.9,0.0,0.0134,0.0,-0.0134,0.477159,0.878817,1
8755,1.9167,0.0,0.0172,0.0,-0.0172,0.480989,0.876727,1
8756,1.9333,0.0,0.0143,0.0,-0.0143,0.48481,0.87462,1
8757,1.95,0.0,0.0137,0.0,-0.0137,0.488621,0.872496,1
8758,1.9667,0.0,0.0156,0.0,-0.0156,0.492424,0.870356,1
8759,1.9833,0.0,0.0121,0.0,-0.0121,0.496217,0.868199,1
8760,2.0,0.0,0.0152,0.0,-0.0152,0.5,0.866025,1
8761,2.0167,0.0,0.014,0.0,-0.014,0.503774,0.863836,1
8762,2.0333,0.0,0.0186,0.0,-0.0186,0.507538,0.861629,1
8763,2.05,0.0,0.0153,0.0,-0.0153,0.511293,0.859406,1
8764,2.0667,0.0,0.0174,0.0,-0.0174,0.515038,0.857167,1
8765,2.0833,0.0,0.0146,0.0,-0.0146,0.518773,0.854912,1
8766,2.1,0.0,0.016,0.0,-0.016,0.522499,0.85264,1
8767,2.1167,0.0,0.0219,0.0,-0.0219,0.526214,0.850352,1
8768,2.1333,0.0,0.0157,0.0,-0.0157,0.529919,0.848048,1
8769,2.15,0.0,0.0135,0.0,-0.0135,0.533615,0.845728,1
8770,2.1667,0.0,0.0151,0.0,-0.0151,0.5373,0.843391,1
8771,2.1833,0.0,0.0179,0.0,-0.0179,0.540974,0.841039,1
8772,2.2,0.0,0.0148,0.0,-0.0148,0.544639,0.838671,1
8773,2.2167,0.0,0.0165,0.0,-0.0165,0.548293,0.836286,1
8774,2.2333,0.0,0.0175,0.0,-0.0175,0.551937,0.833886,1
8775,2.25,0.0,0.0138,0.0,-0.0138,0.55557,0.83147,1
8776,2.2667,0.0,0.0152,0.0,-0.0152,0.559193,0.829038,1
8777,2.2833,0.0,0.0138,0.0,-0.0138,0.562805,0.82659,1
8778,2.3,0.0,0.0141,0.0,-0.0141,0.566406,0.824126,1
8779,2.3167,0.0,0.0137,0.0,-0.0137,0.569997,0.821647,1
8780,2.3333,0.0,0.0171,0.0,-0.0171,0.573576,0.819152,1
8781,2.35,0.0,0.0141,0.0,-0.0141,0.577145,0.816642,1
8782,2.3667,0.0,0.0131,0.0,-0.0131,0.580703,0.814116,1
8783,2.3833,0.0,0.014,0.0,-0.014,0.58425,0.811574,1
8784,2.4,0.0,0.0159,0.0,-0.0159,0.587785,0.809017,1
8785,2.4167,0.0,0.0198,0.0,-0.0198,0.59131,0.806445,1
8786,2.4333,0.0,0.0161,0.0,-0.0161,0.594823,0.803857,1
8787,2.45,0.0,0.0177,0.0,-0.0177,0.598325,0.801254,1
8788,2.4667,0.0,0.0141,0.0,-0.0141,0.601815,0.798636,1
8789,2.4833,0.0,0.0158,0.0,-0.0158,0.605294,0.796002,1
8790,2.5,0.0,0.0158,0.0,-0.0158,0.608761,0.793353,1
8791,2.5167,0.0,0.0149,0.0,-0.0149,0.612217,0.79069,1
8792,2.5333,0.0,0.014,0.0,-0.014,0.615661,0.788011,1
8793,2.55,0.0,0.0141,0.0,-0.0141,0.619094,0.785317,1
8794,2.5667,0.0,0.0143,0.0,-0.0143,0.622515,0.782608,1
8795,2.5833,0.0,0.0167,0.0,-0.0167,0.625923,0.779884,1
8796,2.6,0.0,0.0115,0.0,-0.0115,0.62932,0.777146,1
8797,2.6167,0.0,0.0144,0.0,-0.0144,0.632705,0.774393,1
8798,2.6333,0.0,0.019,0.0,-0.019,0.636078,0.771625,1
8799,2.65,0.0,0.0111,0.0,-0.0111,0.639439,0.768842,1
8800,2.6667,0.0,0.0179,0.0,-0.0179,0.642788,0.766044,1
8801,2.6833,0.0,0.0167,0.0,-0.0167,0.646124,0.763232,1
8802,2.7,0.0,0.015,0.0,-0.015,0.649448,0.760406,1
8803,2.7167,0.0,0.0133,0.0,-0.0133,0.65276,0.757565,1
8804,2.7333,0.0,0.0154,0.0,-0.0154,0.656059,0.75471,1
8805,2.75,0.0,0.0158,0.0,-0.0158,0.659346,0.75184,1
8806,2.7667,0.0,0.017,0.0,-0.017,0.66262,0.748956,1
8807,2.7833,0.0,0.0137,0.0,-0.0137,0.665882,0.746057,1
8808,2.8,0.0,0.0143,0.0,-0.0143,0.669131,0.743145,1
8809,2.8167,0.0,0.0176,0.0,-0.0176,0.672367,0.740218,1
8810,2.8333,0.0,0.0162,0.0,-0.0162,0.67559,0.737277,1
8811,2.85,0.0,0.0165,0.0,-0.0165,0.678801,0.734323,1
8812,2.8667,0.0,0.0126,0.0,-0.0126,0.681998,0.731354,1
8813,2.8833,0.0,0.0168,0.0,-0.0168,0.685183,0.728371,1
8814,2.9,0.0,0.0112,0.0,-0.0112,0.688355,0.725374,1
8815,2.9167,0.0,0.0157,0.0,-0.0157,0.691513,0.722364,1
8816,2.9333,0.0,0.0159,0.0,-0.0159,0.694658,0.71934,1
8817,2.95,0.0,0.0171,0.0,-0.0171,0.69779,0.716302,1
8818,2.9667,0.0,0.0134,0.0,-0.0134,0.700909,0.71325,1
8819,2.9833,0.0,0.0157,0.0,-0.0157,0.704015,0.710185,1
8820,3.0,0.0,0.0162,0.0,-0.0162,0.707107,0.707107,1
8821,3.0167,0.0,0.0131,0.0,-0.0131,0.710185,0.704015,1
8822,3.0333,0.0,0.0172,0.0,-0.0172,0.71325,0.700909,1
8823,3.05,0.0,0.0159,0.0,-0.0159,0.716302,0.69779,1
8824,3.0667,0.0,0.0169,0.0,-0.0169,0.71934,0.694658,1
8825,3.0833,0.0,0.0168,0.0,-0.0168,0.722364,0.691513,1
8826,3.1,0.0,0.0156,0.0,-0.0156,0.725374,0.688355,1
8827,3.1167,0.0,0.016,0.0,-0.016,0.728371,0.685183,1
8828,3.1333,0.0,0.0099,0.0,-0.0099,0.731354,0.681998,1
8829,3.15,0.0,0.0176,0.0,-0.0176,0.734323,0.678801,1
8830,3.1667,0.0,0.0157,0.0,-0.0157,0.737277,0.67559,1
8831,3.1833,0.0,0.0168,0.0,-0.0168,0.740218,0.672367,1
8832,3.2,0.0,0.0152,0.0,-0.0152,0.743145,0.669131,1
8833,3.2167,0.0,0.0163,0.0,-0.0163,0.746057,0.665882,1
8834,3.2333,0.0,0.0155,0.0,-0.0155,0.748956,0.66262,1
8835,3.25,0.0,0.0172,0.0,-0.0172,0.75184,0.659346,1
8836,3.2667,0.0,0.0146,0.0,-0.0146,0.75471,0.656059,1
8837,3.2833,0.0,0.0167,0.0,-0.0167,0.757565,0.65276,1
8838,3.3,0.0,0.0161,0.0,-0.0161,0.760406,0.649448,1
8839,3.3167,0.0,0.0157,0.0,-0.0157,0.763232,0.646124,1
8840,3.3333,0.0,0.0137,0.0,-0.0137,0.766044,0.642788,1
8841,3.35,0.0,0.0171,0.0,-0.0171,0.768842,0.639439,1
8842,3.3667,0.0,0.0168,0.0,-0.0168,0.771625,0.636078,1
8843,3.3833,0.0,0.0156,0.0,-0.0156,0.774393,0.632705,1
8844,3.4,0.0,0.0177,0.0,-0.0177,0.777146,0.62932,1
8845,3.4167,0.0,0.0173,0.0,-0.0173,0.779884,0.625923,1
8846,3.4333,0.0,0.015,0.0,-0.015,0.782608,0.622515,1
8847,3.45,0.0,0.0195,0.0,-0.0195,0.785317,0.619094,1
8848,3.4667,0.0,0.0135,0.0,-0.0135,0.788011,0.615661,1
8849,3.4833,0.0,0.0153,0.0,-0.0153,0.79069,0.612217,1
8850,3.5,0.0,0.0153,0.0,-0.0153,0.793353,0.608761,1
8851,3.5167,0.0,0.0156,0.0,-0.0156,0.796002,0.605294,1
8852,3.5333,0.0,0.0164,0.0,-0.0164,0.798636,0.601815,1
8853,3.55,0.0,0.0159,0.0,-0.0159,0.801254,0.598325,1
8854,3.5667,0.0,0.0149,0.0,-0.0149,0.803857,0.594823,1
8855,3.5833,0.0,0.0145,0.0,-0.0145,0.806445,0.59131,1
8856,3.6,0.0,0.0145,0.0,-0.0145,0.809017,0.587785,1
8857,3.6167,0.0,0.0166,0.0,-0.0166,0.811574,0.58425,1
8858,3.6333,0.0,0.0165,0.0,-0.0165,0.814116,0.580703,1
8859,3.65,0.0,0.0196,0.0,-0.0196,0.816642,0.577145,1
8860,3.6667,0.0,0.0162,0.0,-0.0162,0.819152,0.573576,1
8861,3.6833,0.0,0.0155,0.0,-0.0155,0.821647,0.569997,1
8862,3.7,0.0,0.0132,0.0,-0.0132,0.824126,0.566406,1
8863,3.7167,0.0,0.0172,0.0,-0.0172,0.82659,0.562805,1
8864,3.7333,0.0,0.015,0.0,-0.015,0.829038,0.559193,1
8865,3.75,0.0,0.0168,0.0,-0.0168,0.83147,0.55557,1
8866,3.7667,0.0,0.017,0.0,-0.017,0.833886,0.551937,1
8867,3.7833,0.0,0.0159,0.0,-0.0159,0.836286,0.548293,1
8868,3.8,0.0,0.0139,0.0,-0.0139,0.838671,0.544639,1
8869,3.8167,0.0,0.0162,0.0,-0.0162,0.841039,0.540974,1
8870,3.8333,0.0,0.0163,0.0,-0.0163,0.843391,0.5373,1
8871,3.85,0.0,0.0155,0.0,-0.0155,0.845728,0.533615,1
8872,3.8667,0.0,0.0156,0.0,-0.0156,0.848048,0.529919,1
8873,3.8833,0.0,0.0134,0.0,-0.0134,0.850352,0.526214,1
8874,3.9,0.0,0.0148,0.0,-0.0148,0.85264,0.522499,1
8875,3.9167,0.0,0.013,0.0,-0.013,0.854912,0.518773,1
8876,3.9333,0.0,0.0156,0.0,-0.0156,0.857167,0.515038,1
8877,3.95,0.0,0.0184,0.0,-0.0184,0.859406,0.511293,1
8878,3.9667,0.0,0.0132,0.0,-0.0132,0.861629,0.507538,1
8879,3.9833,0.0,0.0132,0.0,-0.0132,0.863836,0.503774,1
8880,4.0,0.0,0.0142,0.0,-0.0142,0.866025,0.5,1
8881,4.0167,0.0,0.0141,0.0,-0.0141,0.868199,0.496217,1
8882,4.0333,0.0,0.0166,0.0,-0.0166,0.870356,0.492424,1
8883,4.05,0.0,0.0126,0.0,-0.0126,0.872496,0.488621,1
8884,4.0667,0.0,0.0139,0.0,-0.0139,0.87462,0.48481,1
8885,4.0833,0.0,0.0188,0.0,-0.0188,0.876727,0.480989,1
8886,4.1,0.0,0.0163,0.0,-0.0163,0.878817,0.477159,1
8887,4.1167,0.0,0.0158,0.0,-0.0158,0.880891,0.47332,1
8888,4.1333,0.0,0.0128,0.0,-0.0128,0.882948,0.469472,1
8889,4.15,0.0,0.0143,0.0,-0.0143,0.884988,0.465615,1
8890,4.1667,0.0,0.0172,0.0,-0.0172,0.887011,0.461749,1
8891,4.1833,0.0,0.0151,0.0,-0.0151,0.889017,0.457874,1
8892,4.2,0.0,0.0178,0.0,-0.0178,0.891007,0.45399,1
8893,4.2167,0.0,0.0164,0.0,-0.0164,0.892979,0.450098,1
8894,4.2333,0.0,0.0165,0.0,-0.0165,0.894934,0.446198,1
8895,4.25,0.0,0.0146,0.0,-0.0146,0.896873,0.442289,1
8896,4.2667,0.0,0.0171,0.0,-0.0171,0.898794,0.438371,1
8897,4.2833,0.0,0.0139,0.0,-0.0139,0.900698,0.434445,1
8898,4.3,0.0,0.0122,0.0,-0.0122,0.902585,0.430511,1
8899,4.3167,0.0,0.0151,0.0,-0.0151,0.904455,0.426569,1
8900,4.3333,0.0,0.015,0.0,-0.015,0.906308,0.422618,1
8901,4.35,0.0,0.0146,0.0,-0.0146,0.908143,0.41866,1
8902,4.3667,0.0,0.0193,0.0,-0.0193,0.909961,0.414693,1
8903,4.3833,0.0,0.0155,0.0,-0.0155,0.911762,0.410719,1
8904,4.4,0.0,0.0154,0.0,-0.0154,0.913545,0.406737,1
8905,4.4167,0.0,0.0135,0.0,-0.0135,0.915311,0.402747,1
8906,4.4333,0.0,0.0176,0.0,-0.0176,0.91706,0.398749,1
8907,4.45,0.0,0.0159,0.0,-0.0159,0.918791,0.394744,1
8908,4.4667,0.0,0.0114,0.0,-0.0114,0.920505,0.390731,1
8909,4.4833,0.0,0.0124,0.0,-0.0124,0.922201,0.386711,1
8910,4.5,0.0,0.0121,0.0,-0.0121,0.92388,0.382683,1
8911,4.5167,0.0,0.0111,0.0,-0.0111,0.925541,0.378649,1
8912,4.5333,0.0,0.014,0.0,-0.014,0.927184,0.374607,1
8913,4.55,0.0,0.0175,0.0,-0.0175,0.92881,0.370557,1
8914,4.5667,0.0,0.0183,0.0,-0.0183,0.930418,0.366501,1
8915,4.5833,0.0,0.0192,0.0,-0.0192,0.932008,0.362438,1
8916,4.6,0.0,0.0152,0.0,-0.0152,0.93358,0.358368,1
8917,4.6167,0.0,0.0159,0.0,-0.0159,0.935135,0.354291,1
8918,4.6333,0.0,0.0147,0.0,-0.0147,0.936672,0.350207,1
8919,4.65,0.0,0.0178,0.0,-0.0178,0.938191,0.346117,1
8920,4.6667,0.0,0.0168,0.0,-0.0168,0.939693,0.34202,1
8921,4.6833,0.0,0.0172,0.0,-0.0172,0.941176,0.337917,1
8922,4.7,0.0,0.0121,0.0,-0.0121,0.942641,0.333807,1
8923,4.7167,0.0,0.0143,0.0,-0.0143,0.944089,0.329691,1
8924,4.7333,0.0,0.0161,0.0,-0.0161,0.945519,0.325568,1
8925,4.75,0.0,0.0145,0.0,-0.0145,0.94693,0.321439,1
8926,4.7667,0.0,0.0125,0.0,-0.0125,0.948324,0.317305,1
8927,4.7833,0.0,0.018,0.0,-0.018,0.949699,0.313164,1
8928,4.8,0.0,0.0177,0.0,-0.0177,0.951057,0.309017,1
8929,4.8167,0.0,0.0153,0.0,-0.0153,0.952396,0.304864,1
8930,4.8333,0.0,0.0156,0.0,-0.0156,0.953717,0.300706,1
8931,4.85,0.0,0.0149,0.0,-0.0149,0.95502,0.296542,1
8932,4.8667,0.0,0.0134,0.0,-0.0134,0.956305,0.292372,1
8933,4.8833,0.0,0.0151,0.0,-0.0151,0.957571,0.288196,1
8934,4.9,0.0,0.0146,0.0,-0.0146,0.95882,0.284015,1
8935,4.9167,0.0,0.0157,0.0,-0.0157,0.96005,0.279829,1
8936,4.9333,0.0,0.0161,0.0,-0.0161,0.961262,0.275637,1
8937,4.95,0.0,0.0169,0.0,-0.0169,0.962455,0.27144,1
8938,4.9667,0.0,0.0161,0.0,-0.0161,0.96363,0.267238,1
8939,4.9833,0.0,0.017,0.0,-0.017,0.964787,0.263031,1
8940,5.0,0.0,0.0156,0.0,-0.0156,0.965926,0.258819,1
8941,5.0167,0.0,0.0152,0.0,-0.0152,0.967046,0.254602,1
8942,5.0333,0.0,0.0175,0.0,-0.0175,0.968148,0.25038,1
8943,5.05,0.0,0.0165,0.0,-0.0165,0.969231,0.246153,1
8944,5.0667,0.0,0.0165,0.0,-0.0165,0.970296,0.241922,1
8945,5.0833,0.0,0.014,0.0,-0.014,0.971342,0.237686,1
8946,5.1,0.0,0.0122,0.0,-0.0122,0.97237,0.233445,1
8947,5.1167,0.0,0.0165,0.0,-0.0165,0.973379,0.2292,1
8948,5.1333,0.0,0.0163,0.0,-0.0163,0.97437,0.224951,1
8949,5.15,0.0,0.0142,0.0,-0.0142,0.975342,0.220697,1
8950,5.1667,0.0,0.0121,0.0,-0.0121,0.976296,0.21644,1
8951,5.1833,0.0,0.0132,0.0,-0.0132,0.977231,0.212178,1
8952,5.2,0.0,0.0162,0.0,-0.0162,0.978148,0.207912,1
8953,5.2167,0.0,0.0173,0.0,-0.0173,0.979045,0.203642,1
8954,5.2333,0.0,0.0183,0.0,-0.0183,0.979925,0.199368,1
8955,5.25,0.0,0.0129,0.0,-0.0129,0.980785,0.19509,1
8956,5.2667,0.0,0.0156,0.0,-0.0156,0.981627,0.190809,1
8957,5.2833,0.0,0.0148,0.0,-0.0148,0.98245,0.186524,1
8958,5.3,0.0,0.018,0.0,-0.018,0.983255,0.182236,1
8959,5.3167,0.0,0.0128,0.0,-0.0128,0.984041,0.177944,1
8960,5.3333,0.0,0.0165,0.0,-0.0165,0.984808,0.173648,1
8961,5.35,0.0,0.0143,0.0,-0.0143,0.985556,0.16935,1
8962,5.3667,0.0,0.0164,0.0,-0.0164,0.986286,0.165048,1
8963,5.3833,0.0,0.0148,0.0,-0.0148,0.986996,0.160743,1
8964,5.4,0.0,0.0196,0.0,-0.0196,0.987688,0.156434,1
8965,5.4167,0.0,0.0204,0.0,-0.0204,0.988362,0.152123,1
8966,5.4333,0.0,0.0147,0.0,-0.0147,0.989016,0.147809,1
8967,5.45,0.0,0.013,0.0,-0.013,0.989651,0.143493,1
8968,5.4667,0.0,0.0168,0.0,-0.0168,0.990268,0.139173,1
8969,5.4833,0.0,0.0096,0.0,-0.0096,0.990866,0.134851,1
8970,5.5,0.0,0.0196,0.0,-0.0196,0.991445,0.130526,1
8971,5.5167,0.0,0.0144,0.0,-0.0144,0.992005,0.126199,1
8972,5.5333,0.0,0.0163,0.0,-0.0163,0.992546,0.121869,1
8973,5.55,0.0,0.0151,0.0,-0.0151,0.993068,0.117537,1
8974,5.5667,0.0,0.0113,0.0,-0.0113,0.993572,0.113203,1
8975,5.5833,0.0,0.014,0.0,-0.014,0.994056,0.108867,1
8976,5.6,0.0,0.0167,0.0,-0.0167,0.994522,0.104528,1
8977,5.6167,0.0,0.0139,0.0,-0.0139,0.994969,0.100188,1
8978,5.6333,0.0,0.015,0.0,-0.015,0.995396,0.095846,1
8979,5.65,0.0,0.0174,0.0,-0.0174,0.995805,0.091502,1
8980,5.6667,0.0,0.0132,0.0,-0.0132,0.996195,0.087156,1
8981,5.6833,0.0,0.0155,0.0,-0.0155,0.996566,0.082808,1
8982,5.7,0.0,0.0148,0.0,-0.0148,0.996917,0.078459,1
8983,5.7167,0.0,0.0169,0.0,-0.0169,0.99725,0.074108,1
8984,5.7333,0.0,0.0117,0.0,-0.0117,0.997564,0.069756,1
8985,5.75,0.0,0.0144,0.0,-0.0144,0.997859,0.065403,1
8986,5.7667,0.0,0.015,0.0,-0.015,0.998135,0.061049,1
8987,5.7833,0.0,0.0136,0.0,-0.0136,0.998392,0.056693,1
8988,5.8,0.0,0.0169,0.0,-0.0169,0.99863,0.052336,1
8989,5.8167,0.0,0.0171,0.0,-0.0171,0.998848,0.047978,1
8990,5.8333,0.0,0.0167,0.0,-0.0167,0.999048,0.043619,1
8991,5.85,0.0,0.0172,0.0,-0.0172,0.999229,0.03926,1
8992,5.8667,0.0,0.019,0.0,-0.019,0.999391,0.034899,1
8993,5.8833,0.0,0.016,0.0,-0.016,0.999534,0.030539,1
8994,5.9,0.0,0.0179,0.0,-0.0179,0.999657,0.026177,1
8995,5.9167,0.0,0.0157,0.0,-0.0157,0.999762,0.021815,1
8996,5.9333,0.0,0.017,0.0,-0.017,0.999848,0.017452,1
8997,5.95,0.0,0.0162,0.0,-0.0162,0.999914,0.01309,1
8998,5.9667,0.0,0.0177,0.0,-0.0177,0.999962,0.008727,1
8999,5.9833,0.0,0.0165,0.0,-0.0165,0.99999,0.004363,1
9000,6.0,0.001117,0.0259,0.0,-0.024783,1.0,0.0,1
9001,6.0167,0.000233,0.0323,0.0,-0.032067,0.99999,-0.004363,1
9002,6.0333,0.0,0.0284,0.0,-0.0284,0.999962,-0.008727,1
9003,6.05,0.002267,0.0272,0.0,-0.024933,0.999914,-0.01309,1
9004,6.0667,0.007983,0.0306,0.0,-0.022617,0.999848,-0.017452,1
9005,6.0833,0.0048,0.029,0.0,-0.0242,0.999762,-0.021815,1
9006,6.1,0.003133,0.0288,0.0,-0.025667,0.999657,-0.026177,1
9007,6.1167,0.001367,0.0293,0.0,-0.027933,0.999534,-0.030539,1
9008,6.1333,0.004783,0.0315,0.0,-0.026717,0.999391,-0.034899,1
9009,6.15,0.009617,0.0269,0.0,-0.017283,0.999229,-0.03926,1
9010,6.1667,0.0045,0.0318,0.0,-0.0273,0.999048,-0.043619,1
9011,6.1833,0.007067,0.0262,0.0,-0.019133,0.998848,-0.047978,1
9012,6.2,0.011233,0.0317,0.0,-0.020467,0.99863,-0.052336,1
9013,6.2167,0.00745,0.0323,0.0,-0.02485,0.998392,-0.056693,1
9014,6.2333,0.008667,0.0281,0.0,-0.019433,0.998135,-0.061049,1
9015,6.25,0.0109,0.0292,0.0,-0.0183,0.997859,-0.065403,1
9016,6.2667,0.007467,0.03,0.0,-0.022533,0.997564,-0.069756,1
9017,6.2833,0.012017,0.0278,0.0,-0.015783,0.99725,-0.074108,1
9018,6.3,0.0103,0.0306,0.0,-0.0203,0.996917,-0.078459,1
9019,6.3167,0.012833,0.0299,0.0,-0.017067,0.996566,-0.082808,1
9020,6.3333,0.009233,0.0284,0.0,-0.019167,0.996195,-0.087156,1
9021,6.35,0.009783,0.0324,0.0,-0.022617,0.995805,-0.091502,1
9022,6.3667,0.013783,0.0282,0.0,-0.014417,0.995396,-0.095846,1
9023,6.3833,0.010783,0.0307,0.0,-0.019917,0.994969,-0.100188,1
9024,6.4,0.0175,0.0288,0.0,-0.0113,0.994522,-0.104528,1
9025,6.4167,0.01705,0.0263,0.0,-0.00925,0.994056,-0.108867,1
9026,6.4333,0.0135,0.0297,0.0,-0.0162,0.993572,-0.113203,1
9027,6.45,0.01855,0.027,0.0,-0.00845,0.993068,-0.117537,1
9028,6.4667,0.0175,0.0259,0.0,-0.0084,0.992546,-0.121869,1
9029,6.4833,0.019383,0.0328,0.0,-0.013417,0.992005,-0.126199,1
9030,6.5,0.019417,0.0279,0.0,-0.008483,0.991445,-0.130526,1
9031,6.5167,0.025167,0.0301,0.0,-0.004933,0.990866,-0.134851,1
9032,6.5333,0.025467,0.0292,0.0,-0.003733,0.990268,-0.139173,1
9033,6.55,0.019333,0.0301,0.0,-0.010767,0.989651,-0.143493,1
9034,6.5667,0.02115,0.0308,0.0,-0.00965,0.989016,-0.147809,1
9035,6.5833,0.022967,0.0273,0.0,-0.004333,0.988362,-0.152123,1
9036,6.6,0.021633,0.0277,0.0,-0.006067,0.987688,-0.156434,1
9037,6.6167,0.023333,0.027,0.0,-0.003667,0.986996,-0.160743,1
9038,6.6333,0.024,0.0282,0.0,-0.0042,0.986286,-0.165048,1
9039,6.65,0.027333,0.0259,0.0014,0.001433,0.985556,-0.16935,0
9040,6.6667,0.0237,0.0299,0.0,-0.0062,0.984808,-0.173648,1
9041,6.6833,0.0259,0.0273,0.0,-0.0014,0.984041,-0.177944,1
9042,6.7,0.023517,0.0296,0.0,-0.006083,0.983255,-0.182236,1
9043,6.7167,0.0331,0.0268,0.0063,0.0063,0.98245,-0.186524,0
9044,6.7333,0.0341,0.0284,0.012,0.0057,0.981627,-0.190809,0
9045,6.75,0.026183,0.0296,0.0086,-0.003417,0.980785,-0.19509,0
9046,6.7667,0.03255,0.0291,0.0121,0.00345,0.979925,-0.199368,0
9047,6.7833,0.0316,0.0271,0.0166,0.0045,0.979045,-0.203642,0
9048,6.8,0.034117,0.0255,0.0252,0.008617,0.978148,-0.207912,0
9049,6.8167,0.035283,0.0267,0.0338,0.008583,0.977231,-0.212178,0
9050,6.8333,0.030967,0.0293,0.0355,0.001667,0.976296,-0.21644,0
9051,6.85,0.033617,0.024,0.0451,0.009617,0.975342,-0.220697,0
9052,6.8667,0.036583,0.0264,0.0553,0.010183,0.97437,-0.224951,0
9053,6.8833,0.031517,0.0252,0.0616,0.006317,0.973379,-0.2292,0
9054,6.9,0.033933,0.0314,0.0641,0.002533,0.97237,-0.233445,0
9055,6.9167,0.034133,0.0305,0.0677,0.003633,0.971342,-0.237686,0
9056,6.9333,0.0325,0.0289,0.0713,0.0036,0.970296,-0.241922,0
9057,6.95,0.036167,0.0276,0.0799,0.008567,0.969231,-0.246153,0
9058,6.9667,0.038933,0.027,0.0918,0.011933,0.968148,-0.25038,0
9059,6.9833,0.041117,0.0297,0.1032,0.011417,0.967046,-0.254602,0
9060,7.0,0.040267,0.0481,0.0954,-0.007833,0.965926,-0.258819,0
9061,7.0167,0.042617,0.0525,0.0855,-0.009883,0.964787,-0.263031,0
9062,7.0333,0.04445,0.0494,0.0806,-0.00495,0.96363,-0.267238,0
9063,7.05,0.038267,0.0487,0.0702,-0.010433,0.962455,-0.27144,0
9064,7.0667,0.046967,0.0514,0.0658,-0.004433,0.961262,-0.275637,0
9065,7.0833,0.0417,0.0509,0.0566,-0.0092,0.96005,-0.279829,0
9066,7.1,0.043817,0.0558,0.0446,-0.011983,0.95882,-0.284015,0
9067,7.1167,0.043683,0.0512,0.0371,-0.007517,0.957571,-0.288196,0
9068,7.1333,0.0473,0.0514,0.033,-0.0041,0.956305,-0.292372,0
9069,7.15,0.045717,0.0547,0.024,-0.008983,0.95502,-0.296542,0
9070,7.1667,0.047783,0.0529,0.0189,-0.005117,0.953717,-0.300706,0
9071,7.1833,0.04385,0.0523,0.0105,-0.00845,0.952396,-0.304864,0
9072,7.2,0.0516,0.052,0.0101,-0.0004,0.951057,-0.309017,0
9073,7.2167,0.0479,0.0496,0.0084,-0.0017,0.949699,-0.313164,0
9074,7.2333,0.051083,0.0513,0.0082,-0.000217,0.948324,-0.317305,0
9075,7.25,0.048633,0.0523,0.0045,-0.003667,0.94693,-0.321439,0
9076,7.2667,0.050167,0.0531,0.0016,-0.002933,0.945519,-0.325568,0
9077,7.2833,0.049233,0.051,0.0,-0.001767,0.944089,-0.329691,1
9078,7.3,0.046033,0.0512,0.0,-0.005167,0.942641,-0.333807,1
9079,7.3167,0.053333,0.0494,0.0039,0.003933,0.941176,-0.337917,0
9080,7.3333,0.053033,0.0533,0.0036,-0.000267,0.939693,-0.34202,0
9081,7.35,0.052917,0.0553,0.0012,-0.002383,0.938191,-0.346117,0
9082,7.3667,0.05595,0.0485,0.0086,0.00745,0.936672,-0.350207,0
9083,7.3833,0.054733,0.0562,0.0071,-0.001467,0.935135,-0.354291,0
9084,7.4,0.0539,0.0478,0.0132,0.0061,0.93358,-0.358368,0
9085,7.4167,0.05195,0.0489,0.0163,0.00305,0.932008,-0.362438,0
9086,7.4333,0.05965,0.0518,0.0242,0.00785,0.930418,-0.366501,0
9087,7.45,0.055067,0.0524,0.0269,0.002667,0.92881,-0.370557,0
9088,7.4667,0.0537,0.052,0.0286,0.0017,0.927184,-0.374607,0
9089,7.4833,0.0558,0.0487,0.0357,0.0071,0.925541,-0.378649,0
9090,7.5,0.056667,0.0551,0.0373,0.001567,0.92388,-0.382683,0
9091,7.5167,0.057383,0.052,0.0427,0.005383,0.922201,-0.386711,0
9092,7.5333,0.057333,0.0506,0.0494,0.006733,0.920505,-0.390731,0
9093,7.55,0.060383,0.0518,0.058,0.008583,0.918791,-0.394744,0
9094,7.5667,0.060117,0.0492,0.0689,0.010917,0.91706,-0.398749,0
9095,7.5833,0.063917,0.0551,0.0777,0.008817,0.915311,-0.402747,0
9096,7.6,0.059133,0.0547,0.0821,0.004433,0.913545,-0.406737,0
9097,7.6167,0.0621,0.0511,0.0931,0.011,0.911762,-0.410719,0
9098,7.6333,0.062683,0.0531,0.1027,0.009583,0.909961,-0.414693,0
9099,7.65,0.056267,0.0471,0.1119,0.009167,0.908143,-0.41866,0
9100,7.6667,0.063917,0.0503,0.1255,0.013617,0.906308,-0.422618,0
9101,7.6833,0.0634,0.0511,0.1378,0.0123,0.904455,-0.426569,0
9102,7.7,0.059967,0.0501,0.1477,0.009867,0.902585,-0.430511,0
9103,7.7167,0.066433,0.0569,0.1572,0.009533,0.900698,-0.434445,0
9104,7.7333,0.061167,0.0489,0.1695,0.012267,0.898794,-0.438371,0
9105,7.75,0.0668,0.0536,0.1827,0.0132,0.896873,-0.442289,0
9106,7.7667,0.067983,0.0498,0.2009,0.018183,0.894934,-0.446198,0
9107,7.7833,0.0696,0.052,0.2185,0.0176,0.892979,-0.450098,0
9108,7.8,0.07405,0.0533,0.2392,0.02075,0.891007,-0.45399,0
9109,7.8167,0.06915,0.0508,0.2576,0.01835,0.889017,-0.457874,0
9110,7.8333,0.069867,0.0538,0.2737,0.016067,0.887011,-0.461749,0
9111,7.85,0.070617,0.0517,0.2926,0.018917,0.884988,-0.465615,0
9112,7.8667,0.068883,0.0526,0.3089,0.016283,0.882948,-0.469472,0
9113,7.8833,0.068233,0.0538,0.3233,0.014433,0.880891,-0.47332,0
9114,7.9,0.071983,0.0457,0.3496,0.026283,0.878817,-0.477159,0
9115,7.9167,0.0664,0.0498,0.3662,0.0166,0.876727,-0.480989,0
9116,7.9333,0.07405,0.0505,0.3898,0.02355,0.87462,-0.48481,0
9117,7.95,0.0713,0.0508,0.4103,0.0205,0.872496,-0.488621,0
9118,7.9667,0.078,0.052,0.4363,0.026,0.870356,-0.492424,0
9119,7.9833,0.07475,0.0512,0.4598,0.02355,0.868199,-0.496217,0
9120,8.0,0.072417,0.049,0.4832,0.023417,0.866025,-0.5,0
9121,8.0167,0.0751,0.0519,0.5064,0.0232,0.863836,-0.503774,0
9122,8.0333,0.077017,0.0562,0.5272,0.020817,0.861629,-0.507538,0
9123,8.05,0.079483,0.0516,0.5551,0.027883,0.859406,-0.511293,0
9124,8.0667,0.0826,0.0513,0.5864,0.0313,0.857167,-0.515038,0
9125,8.0833,0.077867,0.0522,0.6121,0.025667,0.854912,-0.518773,0
9126,8.1,0.077617,0.0502,0.6395,0.027417,0.85264,-0.522499,0
9127,8.1167,0.07715,0.0532,0.6634,0.02395,0.850352,-0.526214,0
9128,8.1333,0.076383,0.0524,0.6874,0.023983,0.848048,-0.529919,0
9129,8.15,0.080733,0.0497,0.7184,0.031033,0.845728,-0.533615,0
9130,8.1667,0.082,0.0494,0.751,0.0326,0.843391,-0.5373,0
9131,8.1833,0.079433,0.0529,0.7775,0.026533,0.841039,-0.540974,0
9132,8.2,0.080917,0.0495,0.8089,0.031417,0.838671,-0.544639,0
9133,8.2167,0.081467,0.051,0.8394,0.030467,0.836286,-0.548293,0
9134,8.2333,0.07835,0.0504,0.8674,0.02795,0.833886,-0.551937,0
9135,8.25,0.0864,0.0508,0.903,0.0356,0.83147,-0.55557,0
9136,8.2667,0.0828,0.0517,0.9341,0.0311,0.829038,-0.559193,0
9137,8.2833,0.08795,0.056,0.9661,0.03195,0.82659,-0.562805,0
9138,8.3,0.0864,0.0491,1.0034,0.0373,0.824126,-0.566406,0
9139,8.3167,0.08305,0.0502,1.0363,0.03285,0.821647,-0.569997,0
9140,8.3333,0.0835,0.0507,1.0691,0.0328,0.819152,-0.573576,0
9141,8.35,0.089083,0.0525,1.1057,0.036583,0.816642,-0.577145,0
9142,8.3667,0.089933,0.0517,1.1439,0.038233,0.814116,-0.580703,0
9143,8.3833,0.087767,0.0524,1.1793,0.035367,0.811574,-0.58425,0
9144,8.4,0.086017,0.0509,1.2144,0.035117,0.809017,-0.587785,0
9145,8.4167,0.089583,0.05,1.254,0.039583,0.806445,-0.59131,0
9146,8.4333,0.087283,0.0502,1.2911,0.037083,0.803857,-0.594823,0
9147,8.45,0.088883,0.0527,1.3273,0.036183,0.801254,-0.598325,0
9148,8.4667,0.08845,0.0517,1.364,0.03675,0.798636,-0.601815,0
9149,8.4833,0.086833,0.0518,1.399,0.035033,0.796002,-0.605294,0
9150,8.5,0.087483,0.0533,1.4332,0.034183,0.793353,-0.608761,0
9151,8.5167,0.091117,0.0531,1.4712,0.038017,0.79069,-0.612217,0
9152,8.5333,0.089783,0.0518,1.5092,0.037983,0.788011,-0.615661,0
9153,8.55,0.090917,0.0525,1.5476,0.038417,0.785317,-0.619094,0
9154,8.5667,0.09575,0.0534,1.5899,0.04235,0.782608,-0.622515,0
9155,8.5833,0.094733,0.052,1.6326,0.042733,0.779884,-0.625923,0
9156,8.6,0.09485,0.0532,1.6743,0.04165,0.777146,-0.62932,0
9157,8.6167,0.096483,0.0503,1.7205,0.046183,0.774393,-0.632705,0
9158,8.6333,0.094983,0.0519,1.7636,0.043083,0.771625,-0.636078,0
9159,8.65,0.097033,0.0517,1.8089,0.045333,0.768842,-0.639439,0
9160,8.6667,0.09905,0.0475,1.8604,0.05155,0.766044,-0.642788,0
9161,8.6833,0.098267,0.0518,1.9069,0.046467,0.763232,-0.646124,0
9162,8.7,0.0969,0.0534,1.9504,0.0435,0.760406,-0.649448,0
9163,8.7167,0.099733,0.0537,1.9964,0.046033,0.757565,-0.65276,0
9164,8.7333,0.098517,0.0512,2.0437,0.047317,0.75471,-0.656059,0
9165,8.75,0.09795,0.0499,2.0917,0.04805,0.75184,-0.659346,0
9166,8.7667,0.0973,0.0536,2.1354,0.0437,0.748956,-0.66262,0
9167,8.7833,0.101433,0.0524,2.1844,0.049033,0.746057,-0.665882,0
9168,8.8,0.102767,0.0528,2.2344,0.049967,0.743145,-0.669131,0
9169,8.8167,0.09835,0.0515,2.2812,0.04685,0.740218,-0.672367,0
9170,8.8333,0.101917,0.0522,2.3309,0.049717,0.737277,-0.67559,0
9171,8.85,0.10095,0.0522,2.3797,0.04875,0.734323,-0.678801,0
9172,8.8667,0.103783,0.0538,2.4297,0.049983,0.731354,-0.681998,0
9173,8.8833,0.104683,0.0513,2.4831,0.053383,0.728371,-0.685183,0
9174,8.9,0.0994,0.0535,2.529,0.0459,0.725374,-0.688355,0
9175,8.9167,0.106283,0.0524,2.5829,0.053883,0.722364,-0.691513,0
9176,8.9333,0.101317,0.0503,2.6339,0.051017,0.71934,-0.694658,0
9177,8.95,0.104467,0.0522,2.6862,0.052267,0.716302,-0.69779,0
9178,8.9667,0.10095,0.0529,2.7342,0.04805,0.71325,-0.700909,0
9179,8.9833,0.1045,0.0512,2.7875,0.0533,0.710185,-0.704015,0
9180,9.0,0.110783,0.029,2.8693,0.081783,0.707107,-0.707107,0
9181,9.0167,0.109467,0.0293,2.9495,0.080167,0.704015,-0.710185,0
9182,9.0333,0.104083,0.0268,3.0268,0.077283,0.700909,-0.71325,0
9183,9.05,0.1091,0.031,3.1049,0.0781,0.69779,-0.716302,0
9184,9.0667,0.10605,0.0295,3.1815,0.07655,0.694658,-0.71934,0
9185,9.0833,0.107367,0.0261,3.2628,0.081267,0.691513,-0.722364,0
9186,9.1,0.111967,0.0281,3.3467,0.083867,0.688355,-0.725374,0
9187,9.1167,0.111717,0.0229,3.4355,0.088817,0.685183,-0.728371,0
9188,9.1333,0.105383,0.0258,3.5151,0.079583,0.681998,-0.731354,0
9189,9.15,0.11485,0.0264,3.6035,0.08845,0.678801,-0.734323,0
9190,9.1667,0.11015,0.0295,3.6841,0.08065,0.67559,-0.737277,0
9191,9.1833,0.10745,0.0307,3.7609,0.07675,0.672367,-0.740218,0
9192,9.2,0.10745,0.0305,3.8378,0.07695,0.669131,-0.743145,0
9193,9.2167,0.10915,0.0285,3.9184,0.08065,0.665882,-0.746057,0
9194,9.2333,0.11275,0.033,3.9982,0.07975,0.66262,-0.748956,0
9195,9.25,0.11205,0.0291,4.0812,0.08295,0.659346,-0.75184,0
9196,9.2667,0.113483,0.0303,4.1644,0.083183,0.656059,-0.75471,0
9197,9.2833,0.112117,0.0283,4.2482,0.083817,0.65276,-0.757565,0
9198,9.3,0.114267,0.0273,4.3352,0.086967,0.649448,-0.760406,0
9199,9.3167,0.113,0.027,4.4212,0.086,0.646124,-0.763232,0
9200,9.3333,0.12125,0.0284,4.514,0.09285,0.642788,-0.766044,0
9201,9.35,0.114817,0.0342,4.5946,0.080617,0.639439,-0.768842,0
9202,9.3667,0.117733,0.0321,4.6802,0.085633,0.636078,-0.771625,0
9203,9.3833,0.11665,0.0255,4.7713,0.09115,0.632705,-0.774393,0
9204,9.4,0.117333,0.0284,4.8602,0.088933,0.62932,-0.777146,0
9205,9.4167,0.112667,0.0284,4.9445,0.084267,0.625923,-0.779884,0
9206,9.4333,0.1193,0.0323,5.0315,0.087,0.622515,-0.782608,0
9207,9.45,0.118967,0.0278,5.1227,0.091167,0.619094,-0.785317,0
9208,9.4667,0.121733,0.0261,5.2183,0.095633,0.615661,-0.788011,0
9209,9.4833,0.114417,0.0278,5.3049,0.086617,0.612217,-0.79069,0
9210,9.5,0.118083,0.029,5.394,0.089083,0.608761,-0.793353,0
9211,9.5167,0.120517,0.0284,5.4861,0.092117,0.605294,-0.796002,0
9212,9.5333,0.1203,0.0317,5.5747,0.0886,0.601815,-0.798636,0
9213,9.55,0.118617,0.0271,5.6662,0.091517,0.598325,-0.801254,0
9214,9.5667,0.121633,0.0268,5.761,0.094833,0.594823,-0.803857,0
9215,9.5833,0.12075,0.03,5.8518,0.09075,0.59131,-0.806445,0
9216,9.6,0.123233,0.0303,5.9447,0.092933,0.587785,-0.809017,0
9217,9.6167,0.121367,0.0257,6.0404,0.095667,0.58425,-0.811574,0
9218,9.6333,0.12245,0.0257,6.1372,0.09675,0.580703,-0.814116,0
9219,9.65,0.125567,0.0263,6.2365,0.099267,0.577145,-0.816642,0
9220,9.6667,0.123233,0.0293,6.3304,0.093933,0.573576,-0.819152,0
9221,9.6833,0.122467,0.0282,6.4247,0.094267,0.569997,-0.821647,0
9222,9.7,0.125133,0.0312,6.5186,0.093933,0.566406,-0.824126,0
9223,9.7167,0.12275,0.0324,6.609,0.09035,0.562805,-0.82659,0
9224,9.7333,0.12395,0.0284,6.7045,0.09555,0.559193,-0.829038,0
9225,9.75,0.125233,0.0249,6.8048,0.100333,0.55557,-0.83147,0
9226,9.7667,0.129517,0.028,6.9063,0.101517,0.551937,-0.833886,0
9227,9.7833,0.127567,0.0275,7.0064,0.100067,0.548293,-0.836286,0
9228,9.8,0.124517,0.0289,7.102,0.095617,0.544639,-0.838671,0
9229,9.8167,0.127467,0.0295,7.2,0.097967,0.540974,-0.841039,0
9230,9.8333,0.130767,0.0286,7.3022,0.102167,0.5373,-0.843391,0
9231,9.85,0.123883,0.028,7.3981,0.095883,0.533615,-0.845728,0
9232,9.8667,0.124683,0.0276,7.4952,0.097083,0.529919,-0.848048,0
9233,9.8833,0.124933,0.0266,7.5935,0.098333,0.526214,-0.850352,0
9234,9.9,0.129183,0.0253,7.6974,0.103883,0.522499,-0.85264,0
9235,9.9167,0.131583,0.0332,7.7958,0.098383,0.518773,-0.854912,0
9236,9.9333,0.126267,0.0268,7.8953,0.099467,0.515038,-0.857167,0
9237,9.95,0.129917,0.0298,7.9954,0.100117,0.511293,-0.859406,0
9238,9.9667,0.12885,0.0281,8.0961,0.10075,0.507538,-0.861629,0
9239,9.9833,0.127083,0.0281,8.1951,0.098983,0.503774,-0.863836,0
9240,10.0,0.130583,0.0272,8.2985,0.103383,0.5,-0.866025,0
9241,10.0167,0.130217,0.0271,8.4016,0.103117,0.496217,-0.868199,0
9242,10.0333,0.13035,0.0263,8.5056,0.10405,0.492424,-0.870356,0
9243,10.05,0.136867,0.0287,8.6138,0.108167,0.488621,-0.872496,0
9244,10.0667,0.132067,0.0279,8.718,0.104167,0.48481,-0.87462,0
9245,10.0833,0.131617,0.0249,8.8247,0.106717,0.480989,-0.876727,0
9246,10.1,0.130483,0.0278,8.9274,0.102683,0.477159,-0.878817,0
9247,10.1167,0.1296,0.0272,9.0298,0.1024,0.47332,-0.880891,0
9248,10.1333,0.13735,0.0309,9.1362,0.10645,0.469472,-0.882948,0
9249,10.15,0.13275,0.0301,9.2389,0.10265,0.465615,-0.884988,0
9250,10.1667,0.1356,0.0339,9.3406,0.1017,0.461749,-0.887011,0
9251,10.1833,0.133633,0.029,9.4452,0.104633,0.457874,-0.889017,0
9252,10.2,0.133717,0.0283,9.5506,0.105417,0.45399,-0.891007,0
9253,10.2167,0.12945,0.0286,9.6514,0.10085,0.450098,-0.892979,0
9254,10.2333,0.129083,0.0275,9.753,0.101583,0.446198,-0.894934,0
9255,10.25,0.13505,0.0284,9.8597,0.10665,0.442289,-0.896873,0
9256,10.2667,0.1316,0.0289,9.9624,0.1027,0.438371,-0.898794,0
9257,10.2833,0.134917,0.0316,10.0657,0.103317,0.434445,-0.900698,0
9258,10.3,0.1337,0.0304,10.169,0.1033,0.430511,-0.902585,0
9259,10.3167,0.135083,0.0306,10.2735,0.104483,0.426569,-0.904455,0
9260,10.3333,0.13955,0.0306,10.3825,0.10895,0.422618,-0.906308,0
9261,10.35,0.138183,0.0268,10.4939,0.111383,0.41866,-0.908143,0
9262,10.3667,0.141267,0.0302,10.605,0.111067,0.414693,-0.909961,0
9263,10.3833,0.137933,0.0268,10.7161,0.111133,0.410719,-0.911762,0
9264,10.4,0.132767,0.0308,10.8181,0.101967,0.406737,-0.913545,0
9265,10.4167,0.135983,0.0315,10.9226,0.104483,0.402747,-0.915311,0
9266,10.4333,0.13555,0.0287,11.0294,0.10685,0.398749,-0.91706,0
9267,10.45,0.13935,0.031,11.1378,0.10835,0.394744,-0.918791,0
9268,10.4667,0.138933,0.0272,11.2495,0.111733,0.390731,-0.920505,0
9269,10.4833,0.137683,0.0276,11.3596,0.110083,0.386711,-0.922201,0
9270,10.5,0.1369,0.0296,11.4669,0.1073,0.382683,-0.92388,0
9271,10.5167,0.139083,0.036,11.57,0.103083,0.378649,-0.925541,0
9272,10.5333,0.138733,0.0264,11.6823,0.112333,0.374607,-0.927184,0
9273,10.55,0.13895,0.0288,11.7924,0.11015,0.370557,-0.92881,0
9274,10.5667,0.137433,0.0278,11.902,0.109633,0.366501,-0.930418,0
9275,10.5833,0.1355,0.0269,12.0106,0.1086,0.362438,-0.932008,0
9276,10.6,0.1358,0.0317,12.1147,0.1041,0.358368,-0.93358,0
9277,10.6167,0.140617,0.0244,12.2309,0.116217,0.354291,-0.935135,0
9278,10.6333,0.140867,0.0284,12.3434,0.112467,0.350207,-0.936672,0
9279,10.65,0.1401,0.0291,12.4544,0.111,0.346117,-0.938191,0
9280,10.6667,0.1367,0.0281,12.563,0.1086,0.34202,-0.939693,0
9281,10.6833,0.140383,0.0333,12.6701,0.107083,0.337917,-0.941176,0
9282,10.7,0.144767,0.0309,12.784,0.113867,0.333807,-0.942641,0
9283,10.7167,0.14075,0.031,12.8938,0.10975,0.329691,-0.944089,0
9284,10.7333,0.147917,0.0283,13.0134,0.119617,0.325568,-0.945519,0
9285,10.75,0.145817,0.0301,13.1291,0.115717,0.321439,-0.94693,0
9286,10.7667,0.144283,0.0303,13.2431,0.113983,0.317305,-0.948324,0
9287,10.7833,0.14345,0.0285,13.3581,0.11495,0.313164,-0.949699,0
9288,10.8,0.140567,0.0267,13.472,0.113867,0.309017,-0.951057,0
9289,10.8167,0.1429,0.0267,13.5882,0.1162,0.304864,-0.952396,0
9290,10.8333,0.143467,0.0272,13.7045,0.116267,0.300706,-0.953717,0
9291,10.85,0.140933,0.0279,13.8175,0.113033,0.296542,-0.95502,0
9292,10.8667,0.147917,0.0255,13.9399,0.122417,0.292372,-0.956305,0
9293,10.8833,0.1388,0.0293,14.0494,0.1095,0.288196,-0.957571,0
9294,10.9,0.143267,0.027,14.1657,0.116267,0.284015,-0.95882,0
9295,10.9167,0.139417,0.0253,14.2798,0.114117,0.279829,-0.96005,0
9296,10.9333,0.145933,0.0277,14.398,0.118233,0.275637,-0.961262,0
9297,10.95,0.144417,0.0273,14.5151,0.117117,0.27144,-0.962455,0
9298,10.9667,0.1442,0.0304,14.6289,0.1138,0.267238,-0.96363,0
9299,10.9833,0.144,0.0255,14.7474,0.1185,0.263031,-0.964787,0
9300,11.0,0.143683,0.0248,14.8663,0.118883,0.258819,-0.965926,0
9301,11.0167,0.1413,0.0297,14.9779,0.1116,0.254602,-0.967046,0
9302,11.0333,0.143667,0.0261,15.0,0.117567,0.25038,-0.968148,0
9303,11.05,0.1437,0.0309,15.0,0.1128,0.246153,-0.969231,0
9304,11.0667,0.145833,0.0313,15.0,0.114533,0.241922,-0.970296,0
9305,11.0833,0.143067,0.0247,15.0,0.118367,0.237686,-0.971342,0
9306,11.1,0.148867,0.0282,15.0,0.120667,0.233445,-0.97237,0
9307,11.1167,0.143883,0.0315,15.0,0.112383,0.2292,-0.973379,0
9308,11.1333,0.141483,0.0322,15.0,0.109283,0.224951,-0.97437,0
9309,11.15,0.1422,0.03,15.0,0.1122,0.220697,-0.975342,0
9310,11.1667,0.14515,0.0308,15.0,0.11435,0.21644,-0.976296,0
9311,11.1833,0.148,0.0262,15.0,0.1218,0.212178,-0.977231,0
9312,11.2,0.151383,0.0356,15.0,0.115783,0.207912,-0.978148,0
9313,11.2167,0.144117,0.0297,15.0,0.114417,0.203642,-0.979045,0
9314,11.2333,0.150933,0.0257,15.0,0.125233,0.199368,-0.979925,0
9315,11.25,0.142633,0.0275,15.0,0.115133,0.19509,-0.980785,0
9316,11.2667,0.147717,0.0261,15.0,0.121617,0.190809,-0.981627,0
9317,11.2833,0.147967,0.0305,15.0,0.117467,0.186524,-0.98245,0
9318,11.3,0.152283,0.0304,15.0,0.121883,0.182236,-0.983255,0
9319,11.3167,0.148567,0.0287,15.0,0.119867,0.177944,-0.984041,0
9320,11.3333,0.146233,0.0275,15.0,0.118733,0.173648,-0.984808,0
9321,11.35,0.1444,0.0292,15.0,0.1152,0.16935,-0.985556,0
9322,11.3667,0.152167,0.0284,15.0,0.123767,0.165048,-0.986286,0
9323,11.3833,0.15285,0.0291,15.0,0.12375,0.160743,-0.986996,0
9324,11.4,0.1485,0.0273,15.0,0.1212,0.156434,-0.987688,0
9325,11.4167,0.14505,0.0271,15.0,0.11795,0.152123,-0.988362,0
9326,11.4333,0.1465,0.0301,15.0,0.1164,0.147809,-0.989016,0
9327,11.45,0.150083,0.0304,15.0,0.119683,0.143493,-0.989651,0
9328,11.4667,0.151533,0.0309,15.0,0.120633,0.139173,-0.990268,0
9329,11.4833,0.147017,0.0303,15.0,0.116717,0.134851,-0.990866,0
9330,11.5,0.149017,0.0269,15.0,0.122117,0.130526,-0.991445,0
9331,11.5167,0.150333,0.0278,15.0,0.122533,0.126199,-0.992005,0
9332,11.5333,0.1478,0.0277,15.0,0.1201,0.121869,-0.992546,0
9333,11.55,0.147233,0.026,15.0,0.121233,0.117537,-0.993068,0
9334,11.5667,0.153,0.0264,15.0,0.1266,0.113203,-0.993572,0
9335,11.5833,0.144317,0.0277,15.0,0.116617,0.108867,-0.994056,0
9336,11.6,0.146817,0.0276,15.0,0.119217,0.104528,-0.994522,0
9337,11.6167,0.148267,0.0285,15.0,0.119767,0.100188,-0.994969,0
9338,11.6333,0.150517,0.0303,15.0,0.120217,0.095846,-0.995396,0
9339,11.65,0.153333,0.0275,15.0,0.125833,0.091502,-0.995805,0
9340,11.6667,0.152133,0.0302,15.0,0.121933,0.087156,-0.996195,0
9341,11.6833,0.1488,0.0287,15.0,0.1201,0.082808,-0.996566,0
9342,11.7,0.149017,0.0297,15.0,0.119317,0.078459,-0.996917,0
9343,11.7167,0.148567,0.0263,15.0,0.122267,0.074108,-0.99725,0
9344,11.7333,0.150433,0.0297,15.0,0.120733,0.069756,-0.997564,0
9345,11.75,0.150883,0.026,15.0,0.124883,0.065403,-0.997859,0
9346,11.7667,0.150333,0.027,15.0,0.123333,0.061049,-0.998135,0
9347,11.7833,0.154033,0.0291,15.0,0.124933,0.056693,-0.998392,0
9348,11.8,0.145317,0.0268,15.0,0.118517,0.052336,-0.99863,0
9349,11.8167,0.146317,0.0302,15.0,0.116117,0.047978,-0.998848,0
9350,11.8333,0.154767,0.0246,15.0,0.130167,0.043619,-0.999048,0
9351,11.85,0.148383,0.0286,15.0,0.119783,0.03926,-0.999229,0
9352,11.8667,0.146767,0.0267,15.0,0.120067,0.034899,-0.999391,0
9353,11.8833,0.150283,0.0281,15.0,0.122183,0.030539,-0.999534,0
9354,11.9,0.1538,0.0295,15.0,0.1243,0.026177,-0.999657,0
9355,11.9167,0.151083,0.0266,15.0,0.124483,0.021815,-0.999762,0
9356,11.9333,0.150933,0.0351,15.0,0.115833,0.017452,-0.999848,0
9357,11.95,0.15035,0.0302,15.0,0.12015,0.01309,-0.999914,0
9358,11.9667,0.145667,0.0283,15.0,0.117367,0.008727,-0.999962,0
9359,11.9833,0.147233,0.03,15.0,0.117233,0.004363,-0.99999,0
9360,12.0,0.15535,0.0289,15.0,0.12645,0.0,-1.0,0
9361,12.0167,0.150583,0.0281,15.0,0.122483,-0.004363,-0.99999,0
9362,12.0333,0.14865,0.0294,15.0,0.11925,-0.008727,-0.999962,0
9363,12.05,0.14825,0.0266,15.0,0.12165,-0.01309,-0.999914,0
9364,12.0667,0.146733,0.0271,15.0,0.119633,-0.017452,-0.999848,0
9365,12.0833,0.151867,0.0286,15.0,0.123267,-0.021815,-0.999762,0
9366,12.1,0.15125,0.0279,15.0,0.12335,-0.026177,-0.999657,0
9367,12.1167,0.154233,0.0263,15.0,0.127933,-0.030539,-0.999534,0
9368,12.1333,0.147917,0.0262,15.0,0.121717,-0.034899,-0.999391,0
9369,12.15,0.151533,0.0296,15.0,0.121933,-0.03926,-0.999229,0
9370,12.1667,0.147733,0.025,15.0,0.122733,-0.043619,-0.999048,0
9371,12.1833,0.149433,0.0296,15.0,0.119833,-0.047978,-0.998848,0
9372,12.2,0.147483,0.0286,15.0,0.118883,-0.052336,-0.99863,0
9373,12.2167,0.142583,0.0308,15.0,0.111783,-0.056693,-0.998392,0
9374,12.2333,0.149217,0.0311,15.0,0.118117,-0.061049,-0.998135,0
9375,12.25,0.150933,0.0286,15.0,0.122333,-0.065403,-0.997859,0
9376,12.2667,0.148967,0.0318,15.0,0.117167,-0.069756,-0.997564,0
9377,12.2833,0.146383,0.0279,15.0,0.118483,-0.074108,-0.99725,0
9378,12.3,0.147867,0.0264,15.0,0.121467,-0.078459,-0.996917,0
9379,12.3167,0.148667,0.032,15.0,0.116667,-0.082808,-0.996566,0
9380,12.3333,0.1497,0.0955,15.0,0.0542,-0.087156,-0.996195,0
9381,12.35,0.14895,0.0938,15.0,0.05515,-0.091502,-0.995805,0
9382,12.3667,0.148867,0.0952,15.0,0.053667,-0.095846,-0.995396,0
9383,12.3833,0.151817,0.0951,15.0,0.056717,-0.100188,-0.994969,0
9384,12.4,0.149383,0.0952,15.0,0.054183,-0.104528,-0.994522,0
9385,12.4167,0.146283,0.0928,15.0,0.053483,-0.108867,-0.994056,0
9386,12.4333,0.14595,0.0956,15.0,0.05035,-0.113203,-0.993572,0
9387,12.45,0.147967,0.0932,15.0,0.054767,-0.117537,-0.993068,0
9388,12.4667,0.152117,0.0915,15.0,0.060617,-0.121869,-0.992546,0
9389,12.4833,0.1546,0.094,15.0,0.0606,-0.126199,-0.992005,0
9390,12.5,0.147467,0.0922,15.0,0.055267,-0.130526,-0.991445,0
9391,12.5167,0.14655,0.0956,15.0,0.05095,-0.134851,-0.990866,0
9392,12.5333,0.147817,0.0953,15.0,0.052517,-0.139173,-0.990268,0
9393,12.55,0.148017,0.0943,15.0,0.053717,-0.143493,-0.989651,0
9394,12.5667,0.146033,0.0962,15.0,0.049833,-0.147809,-0.989016,0
9395,12.5833,0.150033,0.0931,15.0,0.056933,-0.152123,-0.988362,0
9396,12.6,0.144867,0.0935,15.0,0.051367,-0.156434,-0.987688,0
9397,12.6167,0.148583,0.0917,15.0,0.056883,-0.160743,-0.986996,0
9398,12.6333,0.150383,0.0958,15.0,0.054583,-0.165048,-0.986286,0
9399,12.65,0.15115,0.0945,15.0,0.05665,-0.16935,-0.985556,0
9400,12.6667,0.146017,0.0921,15.0,0.053917,-0.173648,-0.984808,0
9401,12.6833,0.148717,0.0965,15.0,0.052217,-0.177944,-0.984041,0
9402,12.7,0.1462,0.0927,15.0,0.0535,-0.182236,-0.983255,0
9403,12.7167,0.15165,0.0917,15.0,0.05995,-0.186524,-0.98245,0
9404,12.7333,0.145217,0.0943,15.0,0.050917,-0.190809,-0.981627,0
9405,12.75,0.148333,0.0268,15.0,0.121533,-0.19509,-0.980785,0
9406,12.7667,0.146617,0.0265,15.0,0.120117,-0.199368,-0.979925,0
9407,12.7833,0.145267,0.0278,15.0,0.117467,-0.203642,-0.979045,0
9408,12.8,0.149717,0.0314,15.0,0.118317,-0.207912,-0.978148,0
9409,12.8167,0.149283,0.0301,15.0,0.119183,-0.212178,-0.977231,0
9410,12.8333,0.1439,0.028,15.0,0.1159,-0.21644,-0.976296,0
9411,12.85,0.14855,0.0283,15.0,0.12025,-0.220697,-0.975342,0
9412,12.8667,0.14315,0.0303,15.0,0.11285,-0.224951,-0.97437,0
9413,12.8833,0.146183,0.0284,15.0,0.117783,-0.2292,-0.973379,0
9414,12.9,0.14595,0.0342,15.0,0.11175,-0.233445,-0.97237,0
9415,12.9167,0.150067,0.0279,15.0,0.122167,-0.237686,-0.971342,0
9416,12.9333,0.142267,0.0304,15.0,0.111867,-0.241922,-0.970296,0
9417,12.95,0.145417,0.0259,15.0,0.119517,-0.246153,-0.969231,0
9418,12.9667,0.145383,0.0285,15.0,0.116883,-0.25038,-0.968148,0
9419,12.9833,0.143267,0.0271,15.0,0.116167,-0.254602,-0.967046,0
9420,13.0,0.147983,0.0301,15.0,0.117883,-0.258819,-0.965926,0
9421,13.0167,0.144867,0.0323,15.0,0.112567,-0.263031,-0.964787,0
9422,13.0333,0.14245,0.0297,15.0,0.11275,-0.267238,-0.96363,0
9423,13.05,0.145,0.0289,15.0,0.1161,-0.27144,-0.962455,0
9424,13.0667,0.141983,0.0284,15.0,0.113583,-0.275637,-0.961262,0
9425,13.0833,0.14525,0.0263,15.0,0.11895,-0.279829,-0.96005,0
9426,13.1,0.143067,0.0281,15.0,0.114967,-0.284015,-0.95882,0
9427,13.1167,0.141933,0.031,15.0,0.110933,-0.288196,-0.957571,0
9428,13.1333,0.137267,0.0284,15.0,0.108867,-0.292372,-0.956305,0
9429,13.15,0.143383,0.0302,15.0,0.113183,-0.296542,-0.95502,0
9430,13.1667,0.144883,0.0288,15.0,0.116083,-0.300706,-0.953717,0
9431,13.1833,0.141517,0.029,15.0,0.112517,-0.304864,-0.952396,0
9432,13.2,0.140933,0.0292,15.0,0.111733,-0.309017,-0.951057,0
9433,13.2167,0.1383,0.0322,15.0,0.1061,-0.313164,-0.949699,0
9434,13.2333,0.146383,0.03,15.0,0.116383,-0.317305,-0.948324,0
9435,13.25,0.144233,0.0263,15.0,0.117933,-0.321439,-0.94693,0
9436,13.2667,0.140417,0.0279,15.0,0.112517,-0.325568,-0.945519,0
9437,13.2833,0.140633,0.0277,15.0,0.112933,-0.329691,-0.944089,0
9438,13.3,0.14255,0.0305,15.0,0.11205,-0.333807,-0.942641,0
9439,13.3167,0.144483,0.0279,15.0,0.116583,-0.337917,-0.941176,0
9440,13.3333,0.139517,0.026,15.0,0.113517,-0.34202,-0.939693,0
9441,13.35,0.141,0.0303,15.0,0.1107,-0.346117,-0.938191,0
9442,13.3667,0.137433,0.0295,15.0,0.107933,-0.350207,-0.936672,0
9443,13.3833,0.142767,0.028,15.0,0.114767,-0.354291,-0.935135,0
9444,13.4,0.144417,0.0278,15.0,0.116617,-0.358368,-0.93358,0
9445,13.4167,0.13425,0.0296,15.0,0.10465,-0.362438,-0.932008,0
9446,13.4333,0.141267,0.0312,15.0,0.110067,-0.366501,-0.930418,0
9447,13.45,0.1412,0.0294,15.0,0.1118,-0.370557,-0.92881,0
9448,13.4667,0.1362,0.0257,15.0,0.1105,-0.374607,-0.927184,0
9449,13.4833,0.143567,0.0268,15.0,0.116767,-0.378649,-0.925541,0
9450,13.5,0.142267,0.0263,15.0,0.115967,-0.382683,-0.92388,0
9451,13.5167,0.137683,0.0278,15.0,0.109883,-0.386711,-0.922201,0
9452,13.5333,0.137433,0.029,15.0,0.108433,-0.390731,-0.920505,0
9453,13.55,0.13895,0.0301,15.0,0.10885,-0.394744,-0.918791,0
9454,13.5667,0.1403,0.0272,15.0,0.1131,-0.398749,-0.91706,0
9455,13.5833,0.136917,0.0281,15.0,0.108817,-0.402747,-0.915311,0
9456,13.6,0.13225,0.028,15.0,0.10425,-0.406737,-0.913545,0
9457,13.6167,0.141333,0.028,15.0,0.113333,-0.410719,-0.911762,0
9458,13.6333,0.135683,0.0307,15.0,0.104983,-0.414693,-0.909961,0
9459,13.65,0.133833,0.0309,15.0,0.102933,-0.41866,-0.908143,0
9460,13.6667,0.1359,0.0282,15.0,0.1077,-0.422618,-0.906308,0
9461,13.6833,0.131117,0.0274,15.0,0.103717,-0.426569,-0.904455,0
9462,13.7,0.132867,0.0287,15.0,0.104167,-0.430511,-0.902585,0
9463,13.7167,0.13835,0.03,15.0,0.10835,-0.434445,-0.900698,0
9464,13.7333,0.135783,0.0242,15.0,0.111583,-0.438371,-0.898794,0
9465,13.75,0.135367,0.0315,15.0,0.103867,-0.442289,-0.896873,0
9466,13.7667,0.131817,0.0308,15.0,0.101017,-0.446198,-0.894934,0
9467,13.7833,0.1366,0.0267,15.0,0.1099,-0.450098,-0.892979,0
9468,13.8,0.137867,0.0243,15.0,0.113567,-0.45399,-0.891007,0
9469,13.8167,0.132217,0.0261,15.0,0.106117,-0.457874,-0.889017,0
9470,13.8333,0.135483,0.0285,15.0,0.106983,-0.461749,-0.887011,0
9471,13.85,0.130117,0.0309,15.0,0.099217,-0.465615,-0.884988,0
9472,13.8667,0.129267,0.0272,15.0,0.102067,-0.469472,-0.882948,0
9473,13.8833,0.131033,0.0304,15.0,0.100633,-0.47332,-0.880891,0
9474,13.9,0.132367,0.0296,15.0,0.102767,-0.477159,-0.878817,0
9475,13.9167,0.132083,0.0262,15.0,0.105883,-0.480989,-0.876727,0
9476,13.9333,0.130133,0.0298,15.0,0.100333,-0.48481,-0.87462,0
9477,13.95,0.128333,0.032,15.0,0.096333,-0.488621,-0.872496,0
9478,13.9667,0.1274,0.029,15.0,0.0984,-0.492424,-0.870356,0
9479,13.9833,0.133967,0.0284,15.0,0.105567,-0.496217,-0.868199,0
9480,14.0,0.129683,0.0321,15.0,0.097583,-0.5,-0.866025,0
9481,14.0167,0.130217,0.0311,15.0,0.099117,-0.503774,-0.863836,0
9482,14.0333,0.130733,0.0292,15.0,0.101533,-0.507538,-0.861629,0
9483,14.05,0.130533,0.0286,15.0,0.101933,-0.511293,-0.859406,0
9484,14.0667,0.129483,0.0278,15.0,0.101683,-0.515038,-0.857167,0
9485,14.0833,0.129517,0.0269,15.0,0.102617,-0.518773,-0.854912,0
9486,14.1,0.13325,0.0254,15.0,0.10785,-0.522499,-0.85264,0
9487,14.1167,0.129383,0.0295,15.0,0.099883,-0.526214,-0.850352,0
9488,14.1333,0.127883,0.0265,15.0,0.101383,-0.529919,-0.848048,0
9489,14.15,0.1269,0.0303,15.0,0.0966,-0.533615,-0.845728,0
9490,14.1667,0.12835,0.032,15.0,0.09635,-0.5373,-0.843391,0
9491,14.1833,0.125317,0.0301,15.0,0.095217,-0.540974,-0.841039,0
9492,14.2,0.124033,0.0274,15.0,0.096633,-0.544639,-0.838671,0
9493,14.2167,0.12565,0.0265,15.0,0.09915,-0.548293,-0.836286,0
9494,14.2333,0.123733,0.028,15.0,0.095733,-0.551937,-0.833886,0
9495,14.25,0.12475,0.0279,15.0,0.09685,-0.55557,-0.83147,0
9496,14.2667,0.127067,0.0328,15.0,0.094267,-0.559193,-0.829038,0
9497,14.2833,0.1252,0.0316,15.0,0.0936,-0.562805,-0.82659,0
9498,14.3,0.124983,0.0268,15.0,0.098183,-0.566406,-0.824126,0
9499,14.3167,0.123167,0.0297,15.0,0.093467,-0.569997,-0.821647,0
9500,14.3333,0.125983,0.0304,15.0,0.095583,-0.573576,-0.819152,0
9501,14.35,0.1248,0.0298,15.0,0.095,-0.577145,-0.816642,0
9502,14.3667,0.122067,0.0294,15.0,0.092667,-0.580703,-0.814116,0
9503,14.3833,0.117567,0.0291,15.0,0.088467,-0.58425,-0.811574,0
9504,14.4,0.1216,0.0243,15.0,0.0973,-0.587785,-0.809017,0
9505,14.4167,0.115783,0.029,15.0,0.086783,-0.59131,-0.806445,0
9506,14.4333,0.1226,0.033,15.0,0.0896,-0.594823,-0.803857,0
9507,14.45,0.12065,0.0292,15.0,0.09145,-0.598325,-0.801254,0
9508,14.4667,0.118383,0.0287,15.0,0.089683,-0.601815,-0.798636,0
9509,14.4833,0.1175,0.0262,15.0,0.0913,-0.605294,-0.796002,0
9510,14.5,0.1177,0.0286,15.0,0.0891,-0.608761,-0.793353,0
9511,14.5167,0.1173,0.0276,15.0,0.0897,-0.612217,-0.79069,0
9512,14.5333,0.11695,0.0311,15.0,0.08585,-0.615661,-0.788011,0
9513,14.55,0.11755,0.0273,15.0,0.09025,-0.619094,-0.785317,0
9514,14.5667,0.113817,0.0314,15.0,0.082417,-0.622515,-0.782608,0
9515,14.5833,0.1134,0.0266,15.0,0.0868,-0.625923,-0.779884,0
9516,14.6,0.114533,0.0265,15.0,0.088033,-0.62932,-0.777146,0
9517,14.6167,0.11665,0.0297,15.0,0.08695,-0.632705,-0.774393,0
9518,14.6333,0.11285,0.0263,15.0,0.08655,-0.636078,-0.771625,0
9519,14.65,0.1178,0.0281,15.0,0.0897,-0.639439,-0.768842,0
9520,14.6667,0.115033,0.0281,15.0,0.086933,-0.642788,-0.766044,0
9521,14.6833,0.112033,0.0256,15.0,0.086433,-0.646124,-0.763232,0
9522,14.7,0.119283,0.0291,15.0,0.090183,-0.649448,-0.760406,0
9523,14.7167,0.110667,0.028,15.0,0.082667,-0.65276,-0.757565,0
9524,14.7333,0.110817,0.0304,15.0,0.080417,-0.656059,-0.75471,0
9525,14.75,0.114467,0.0276,15.0,0.086867,-0.659346,-0.75184,0
9526,14.7667,0.110933,0.0268,15.0,0.084133,-0.66262,-0.748956,0
9527,14.7833,0.11225,0.031,15.0,0.08125,-0.665882,-0.746057,0
9528,14.8,0.1128,0.0308,15.0,0.082,-0.669131,-0.743145,0
9529,14.8167,0.114017,0.0316,15.0,0.082417,-0.672367,-0.740218,0
9530,14.8333,0.107217,0.0295,15.0,0.077717,-0.67559,-0.737277,0
9531,14.85,0.110467,0.0312,15.0,0.079267,-0.678801,-0.734323,0
9532,14.8667,0.107117,0.0275,15.0,0.079617,-0.681998,-0.731354,0
9533,14.8833,0.118317,0.0291,15.0,0.089217,-0.685183,-0.728371,0
9534,14.9,0.106617,0.0269,15.0,0.079717,-0.688355,-0.725374,0
9535,14.9167,0.110983,0.027,15.0,0.083983,-0.691513,-0.722364,0
9536,14.9333,0.111383,0.0264,15.0,0.084983,-0.694658,-0.71934,0
9537,14.95,0.109567,0.0274,15.0,0.082167,-0.69779,-0.716302,0
9538,14.9667,0.102317,0.0291,15.0,0.073217,-0.700909,-0.71325,0
9539,14.9833,0.10625,0.0289,15.0,0.07735,-0.704015,-0.710185,0
9540,15.0,0.107767,0.0294,15.0,0.078367,-0.707107,-0.707107,0
9541,15.0167,0.104867,0.0299,15.0,0.074967,-0.710185,-0.704015,0
9542,15.0333,0.10465,0.0316,15.0,0.07305,-0.71325,-0.700909,0
9543,15.05,0.102567,0.0258,15.0,0.076767,-0.716302,-0.69779,0
9544,15.0667,0.104167,0.0282,15.0,0.075967,-0.71934,-0.694658,0
9545,15.0833,0.101617,0.029,15.0,0.072617,-0.722364,-0.691513,0
9546,15.1,0.099667,0.0274,15.0,0.072267,-0.725374,-0.688355,0
9547,15.1167,0.098583,0.0244,15.0,0.074183,-0.728371,-0.685183,0
9548,15.1333,0.103767,0.0273,15.0,0.076467,-0.731354,-0.681998,0
9549,15.15,0.102567,0.0299,15.0,0.072667,-0.734323,-0.678801,0
9550,15.1667,0.104133,0.0315,15.0,0.072633,-0.737277,-0.67559,0
9551,15.1833,0.100633,0.0281,15.0,0.072533,-0.740218,-0.672367,0
9552,15.2,0.101533,0.0308,15.0,0.070733,-0.743145,-0.669131,0
9553,15.2167,0.101917,0.0308,15.0,0.071117,-0.746057,-0.665882,0
9554,15.2333,0.102,0.0282,15.0,0.0738,-0.748956,-0.66262,0
9555,15.25,0.104817,0.0314,15.0,0.073417,-0.75184,-0.659346,0
9556,15.2667,0.09775,0.0285,15.0,0.06925,-0.75471,-0.656059,0
9557,15.2833,0.0965,0.0257,15.0,0.0708,-0.757565,-0.65276,0
9558,15.3,0.098333,0.0278,15.0,0.070533,-0.760406,-0.649448,0
9559,15.3167,0.09715,0.0266,15.0,0.07055,-0.763232,-0.646124,0
9560,15.3333,0.100383,0.029,15.0,0.071383,-0.766044,-0.642788,0
9561,15.35,0.098917,0.0263,15.0,0.072617,-0.768842,-0.639439,0
9562,15.3667,0.0927,0.0308,15.0,0.0619,-0.771625,-0.636078,0
9563,15.3833,0.092867,0.028,15.0,0.064867,-0.774393,-0.632705,0
9564,15.4,0.09435,0.0248,15.0,0.06955,-0.777146,-0.62932,0
9565,15.4167,0.093433,0.0277,15.0,0.065733,-0.779884,-0.625923,0
9566,15.4333,0.0913,0.0279,15.0,0.0634,-0.782608,-0.622515,0
9567,15.45,0.097867,0.0256,15.0,0.072267,-0.785317,-0.619094,0
9568,15.4667,0.091417,0.0271,15.0,0.064317,-0.788011,-0.615661,0
9569,15.4833,0.092467,0.0313,15.0,0.061167,-0.79069,-0.612217,0
9570,15.5,0.0977,0.0279,15.0,0.0698,-0.793353,-0.608761,0
9571,15.5167,0.088633,0.0287,15.0,0.059933,-0.796002,-0.605294,0
9572,15.5333,0.088633,0.029,15.0,0.059633,-0.798636,-0.601815,0
9573,15.55,0.093717,0.0282,15.0,0.065517,-0.801254,-0.598325,0
9574,15.5667,0.092483,0.0292,15.0,0.063283,-0.803857,-0.594823,0
9575,15.5833,0.08275,0.0285,15.0,0.05425,-0.806445,-0.59131,0
9576,15.6,0.089633,0.0255,15.0,0.064133,-0.809017,-0.587785,0
9577,15.6167,0.08845,0.0295,15.0,0.05895,-0.811574,-0.58425,0
9578,15.6333,0.0883,0.0292,15.0,0.0591,-0.814116,-0.580703,0
9579,15.65,0.0851,0.0268,15.0,0.0583,-0.816642,-0.577145,0
9580,15.6667,0.085183,0.0306,15.0,0.054583,-0.819152,-0.573576,0
9581,15.6833,0.087333,0.0298,15.0,0.057533,-0.821647,-0.569997,0
9582,15.7,0.086267,0.0305,15.0,0.055767,-0.824126,-0.566406,0
9583,15.7167,0.080967,0.0245,15.0,0.056467,-0.82659,-0.562805,0
9584,15.7333,0.0855,0.0315,15.0,0.054,-0.829038,-0.559193,0
9585,15.75,0.08445,0.0307,15.0,0.05375,-0.83147,-0.55557,0
9586,15.7667,0.085233,0.0249,15.0,0.060333,-0.833886,-0.551937,0
9587,15.7833,0.084283,0.0262,15.0,0.058083,-0.836286,-0.548293,0
9588,15.8,0.083533,0.0292,15.0,0.054333,-0.838671,-0.544639,0
9589,15.8167,0.0854,0.0273,15.0,0.0581,-0.841039,-0.540974,0
9590,15.8333,0.08,0.0297,15.0,0.0503,-0.843391,-0.5373,0
9591,15.85,0.080467,0.0258,15.0,0.054667,-0.845728,-0.533615,0
9592,15.8667,0.07775,0.0281,15.0,0.04965,-0.848048,-0.529919,0
9593,15.8833,0.08265,0.0284,15.0,0.05425,-0.850352,-0.526214,0
9594,15.9,0.07635,0.0291,15.0,0.04725,-0.85264,-0.522499,0
9595,15.9167,0.074833,0.0279,15.0,0.046933,-0.854912,-0.518773,0
9596,15.9333,0.079917,0.0296,15.0,0.050317,-0.857167,-0.515038,0
9597,15.95,0.080117,0.0287,15.0,0.051417,-0.859406,-0.511293,0
9598,15.9667,0.07465,0.0273,15.0,0.04735,-0.861629,-0.507538,0
9599,15.9833,0.074283,0.0308,15.0,0.043483,-0.863836,-0.503774,0
9600,16.0,0.0753,0.0274,15.0,0.0479,-0.866025,-0.5,0
9601,16.0167,0.072683,0.0266,15.0,0.046083,-0.868199,-0.496217,0
9602,16.0333,0.071767,0.0307,15.0,0.041067,-0.870356,-0.492424,0
9603,16.05,0.073983,0.0259,15.0,0.048083,-0.872496,-0.488621,0
9604,16.0667,0.074667,0.0296,15.0,0.045067,-0.87462,-0.48481,0
9605,16.0833,0.071433,0.0291,15.0,0.042333,-0.876727,-0.480989,0
9606,16.1,0.067117,0.0273,15.0,0.039817,-0.878817,-0.477159,0
9607,16.1167,0.072367,0.0282,15.0,0.044167,-0.880891,-0.47332,0
9608,16.1333,0.06855,0.0274,15.0,0.04115,-0.882948,-0.469472,0
9609,16.15,0.072833,0.0283,15.0,0.044533,-0.884988,-0.465615,0
9610,16.1667,0.070633,0.0255,15.0,0.045133,-0.887011,-0.461749,0
9611,16.1833,0.062483,0.0276,15.0,0.034883,-0.889017,-0.457874,0
9612,16.2,0.068283,0.0281,15.0,0.040183,-0.891007,-0.45399,0
9613,16.2167,0.067667,0.0282,15.0,0.039467,-0.892979,-0.450098,0
9614,16.2333,0.0642,0.0295,15.0,0.0347,-0.894934,-0.446198,0
9615,16.25,0.065867,0.0301,15.0,0.035767,-0.896873,-0.442289,0
9616,16.2667,0.067583,0.0261,15.0,0.041483,-0.898794,-0.438371,0
9617,16.2833,0.063383,0.0288,15.0,0.034583,-0.900698,-0.434445,0
9618,16.3,0.0641,0.0301,15.0,0.034,-0.902585,-0.430511,0
9619,16.3167,0.06085,0.0269,15.0,0.03395,-0.904455,-0.426569,0
9620,16.3333,0.062717,0.0337,15.0,0.029017,-0.906308,-0.422618,0
9621,16.35,0.06185,0.0242,15.0,0.03765,-0.908143,-0.41866,0
9622,16.3667,0.061383,0.0343,15.0,0.027083,-0.909961,-0.414693,0
9623,16.3833,0.059717,0.0291,15.0,0.030617,-0.911762,-0.410719,0
9624,16.4,0.062133,0.0292,15.0,0.032933,-0.913545,-0.406737,0
9625,16.4167,0.058117,0.0304,15.0,0.027717,-0.915311,-0.402747,0
9626,16.4333,0.05835,0.0298,15.0,0.02855,-0.91706,-0.398749,0
9627,16.45,0.054833,0.0273,15.0,0.027533,-0.918791,-0.394744,0
9628,16.4667,0.05865,0.025,15.0,0.03365,-0.920505,-0.390731,0
9629,16.4833,0.058567,0.0312,15.0,0.027367,-0.922201,-0.386711,0
9630,16.5,0.057333,0.0284,15.0,0.028933,-0.92388,-0.382683,0
9631,16.5167,0.05495,0.0264,15.0,0.02855,-0.925541,-0.378649,0
9632,16.5333,0.054417,0.0318,15.0,0.022617,-0.927184,-0.374607,0
9633,16.55,0.0581,0.0271,15.0,0.031,-0.92881,-0.370557,0
9634,16.5667,0.0533,0.0282,15.0,0.0251,-0.930418,-0.366501,0
9635,16.5833,0.051567,0.0278,15.0,0.023767,-0.932008,-0.362438,0
9636,16.6,0.056533,0.0287,15.0,0.027833,-0.93358,-0.358368,0
9637,16.6167,0.05205,0.0303,15.0,0.02175,-0.935135,-0.354291,0
9638,16.6333,0.0561,0.0275,15.0,0.0286,-0.936672,-0.350207,0
9639,16.65,0.051217,0.0284,15.0,0.022817,-0.938191,-0.346117,0
9640,16.6667,0.057267,0.0245,15.0,0.032767,-0.939693,-0.34202,0
9641,16.6833,0.048383,0.0285,15.0,0.019883,-0.941176,-0.337917,0
9642,16.7,0.05195,0.028,15.0,0.02395,-0.942641,-0.333807,0
9643,16.7167,0.045983,0.0291,15.0,0.016883,-0.944089,-0.329691,0
9644,16.7333,0.048533,0.0287,15.0,0.019833,-0.945519,-0.325568,0
9645,16.75,0.053083,0.029,15.0,0.024083,-0.94693,-0.321439,0
9646,16.7667,0.049167,0.0281,15.0,0.021067,-0.948324,-0.317305,0
9647,16.7833,0.046633,0.0283,15.0,0.018333,-0.949699,-0.313164,0
9648,16.8,0.04955,0.0265,15.0,0.02305,-0.951057,-0.309017,0
9649,16.8167,0.044983,0.0274,15.0,0.017583,-0.952396,-0.304864,0
9650,16.8333,0.044233,0.0278,15.0,0.016433,-0.953717,-0.300706,0
9651,16.85,0.043417,0.0292,15.0,0.014217,-0.95502,-0.296542,0
9652,16.8667,0.040683,0.029,15.0,0.011683,-0.956305,-0.292372,0
9653,16.8833,0.037783,0.0304,15.0,0.007383,-0.957571,-0.288196,0
9654,16.9,0.0419,0.0301,15.0,0.0118,-0.95882,-0.284015,0
9655,16.9167,0.043533,0.0296,15.0,0.013933,-0.96005,-0.279829,0
9656,16.9333,0.040933,0.0273,15.0,0.013633,-0.961262,-0.275637,0
9657,16.95,0.038417,0.0256,15.0,0.012817,-0.962455,-0.27144,0
9658,16.9667,0.042967,0.029,15.0,0.013967,-0.96363,-0.267238,0
9659,16.9833,0.038417,0.0276,15.0,0.010817,-0.964787,-0.263031,0
9660,17.0,0.043883,0.0296,15.0,0.014283,-0.965926,-0.258819,0
9661,17.0167,0.036233,0.0293,15.0,0.006933,-0.967046,-0.254602,0
9662,17.0333,0.035883,0.0291,15.0,0.006783,-0.968148,-0.25038,0
9663,17.05,0.03785,0.0273,15.0,0.01055,-0.969231,-0.246153,0
9664,17.0667,0.041783,0.0291,15.0,0.012683,-0.970296,-0.241922,0
9665,17.0833,0.036983,0.0272,15.0,0.009783,-0.971342,-0.237686,0
9666,17.1,0.034833,0.0285,15.0,0.006333,-0.97237,-0.233445,0
9667,17.1167,0.031783,0.0294,15.0,0.002383,-0.973379,-0.2292,0
9668,17.1333,0.031817,0.0275,15.0,0.004317,-0.97437,-0.224951,0
9669,17.15,0.035333,0.0289,15.0,0.006433,-0.975342,-0.220697,0
9670,17.1667,0.037233,0.0281,15.0,0.009133,-0.976296,-0.21644,0
9671,17.1833,0.033517,0.0287,15.0,0.004817,-0.977231,-0.212178,0
9672,17.2,0.031333,0.0319,14.9994,-0.000567,-0.978148,-0.207912,0
9673,17.2167,0.026083,0.0254,15.0,0.000683,-0.979045,-0.203642,0
9674,17.2333,0.033117,0.0266,15.0,0.006517,-0.979925,-0.199368,0
9675,17.25,0.026117,0.027,14.9991,-0.000883,-0.980785,-0.19509,0
9676,17.2667,0.030017,0.0283,15.0,0.001717,-0.981627,-0.190809,0
9677,17.2833,0.026567,0.0273,14.9993,-0.000733,-0.98245,-0.186524,0
9678,17.3,0.031017,0.03,15.0,0.001017,-0.983255,-0.182236,0
9679,17.3167,0.023533,0.0261,14.9974,-0.002567,-0.984041,-0.177944,0
9680,17.3333,0.025517,0.0295,14.9934,-0.003983,-0.984808,-0.173648,0
9681,17.35,0.025767,0.0322,14.987,-0.006433,-0.985556,-0.16935,0
9682,17.3667,0.024,0.0279,14.9831,-0.0039,-0.986286,-0.165048,0
9683,17.3833,0.020167,0.0269,14.9764,-0.006733,-0.986996,-0.160743,0
9684,17.4,0.023783,0.0287,14.9715,-0.004917,-0.987688,-0.156434,0
9685,17.4167,0.0228,0.0292,14.9651,-0.0064,-0.988362,-0.152123,0
9686,17.4333,0.021733,0.0271,14.9597,-0.005367,-0.989016,-0.147809,0
9687,17.45,0.024667,0.0227,14.9617,0.001967,-0.989651,-0.143493,0
9688,17.4667,0.021783,0.0253,14.9582,-0.003517,-0.990268,-0.139173,0
9689,17.4833,0.018483,0.029,14.9477,-0.010517,-0.990866,-0.134851,0
9690,17.5,0.015683,0.0267,14.9367,-0.011017,-0.991445,-0.130526,0
9691,17.5167,0.018467,0.0296,14.9256,-0.011133,-0.992005,-0.126199,0
9692,17.5333,0.01795,0.0292,14.9144,-0.01125,-0.992546,-0.121869,0
9693,17.55,0.017633,0.0294,14.9026,-0.011767,-0.993068,-0.117537,0
9694,17.5667,0.01725,0.029,14.8909,-0.01175,-0.993572,-0.113203,0
9695,17.5833,0.01375,0.0249,14.8797,-0.01115,-0.994056,-0.108867,0
9696,17.6,0.0169,0.0304,14.8662,-0.0135,-0.994522,-0.104528,0
9697,17.6167,0.014683,0.0266,14.8543,-0.011917,-0.994969,-0.100188,0
9698,17.6333,0.014883,0.027,14.8422,-0.012117,-0.995396,-0.095846,0
9699,17.65,0.013717,0.03,14.8259,-0.016283,-0.995805,-0.091502,0
9700,17.6667,0.013217,0.0296,14.8095,-0.016383,-0.996195,-0.087156,0
9701,17.6833,0.011017,0.0275,14.793,-0.016483,-0.996566,-0.082808,0
9702,17.7,0.01875,0.0305,14.7812,-0.01175,-0.996917,-0.078459,0
9703,17.7167,0.015917,0.0262,14.7709,-0.010283,-0.99725,-0.074108,0
9704,17.7333,0.007117,0.028,14.75,-0.020883,-0.997564,-0.069756,0
9705,17.75,0.008667,0.0305,14.7282,-0.021833,-0.997859,-0.065403,0
9706,17.7667,0.0113,0.0295,14.71,-0.0182,-0.998135,-0.061049,0
9707,17.7833,0.006683,0.0286,14.6881,-0.021917,-0.998392,-0.056693,0
9708,17.8,0.008467,0.0268,14.6698,-0.018333,-0.99863,-0.052336,0
9709,17.8167,0.01055,0.0294,14.6509,-0.01885,-0.998848,-0.047978,0
9710,17.8333,0.003517,0.0273,14.6271,-0.023783,-0.999048,-0.043619,0
9711,17.85,0.007683,0.0295,14.6053,-0.021817,-0.999229,-0.03926,0
9712,17.8667,0.0017,0.0308,14.5762,-0.0291,-0.999391,-0.034899,0
9713,17.8833,0.000483,0.0267,14.55,-0.026217,-0.999534,-0.030539,0
9714,17.9,0.004867,0.0313,14.5236,-0.026433,-0.999657,-0.026177,0
9715,17.9167,0.001333,0.0293,14.4956,-0.027967,-0.999762,-0.021815,0
9716,17.9333,0.0,0.0313,14.4643,-0.0313,-0.999848,-0.017452,0
9717,17.95,0.00255,0.0311,14.4357,-0.02855,-0.999914,-0.01309,0
9718,17.9667,0.00145,0.0299,14.4073,-0.02845,-0.999962,-0.008727,0
9719,17.9833,0.0,0.0276,14.3797,-0.0276,-0.99999,-0.004363,0
9720,18.0,0.000333,0.0632,14.3168,-0.062867,-1.0,-0.0,0
9721,18.0167,0.0,0.0675,14.2493,-0.0675,-0.99999,0.004363,0
9722,18.0333,0.0,0.0668,14.1825,-0.0668,-0.999962,0.008727,0
9723,18.05,0.0,0.0651,14.1174,-0.0651,-0.999914,0.01309,0
9724,18.0667,0.0,0.0648,14.0526,-0.0648,-0.999848,0.017452,0
9725,18.0833,0.0,0.0672,13.9854,-0.0672,-0.999762,0.021815,0
9726,18.1,0.0,0.0658,13.9196,-0.0658,-0.999657,0.026177,0
9727,18.1167,0.0,0.0627,13.8569,-0.0627,-0.999534,0.030539,0
9728,18.1333,0.0,0.0663,13.7906,-0.0663,-0.999391,0.034899,0
9729,18.15,0.0,0.0653,13.7253,-0.0653,-0.999229,0.03926,0
9730,18.1667,0.0,0.0665,13.6588,-0.0665,-0.999048,0.043619,0
9731,18.1833,0.0,0.064,13.5948,-0.064,-0.998848,0.047978,0
9732,18.2,0.0,0.0641,13.5307,-0.0641,-0.99863,0.052336,0
9733,18.2167,0.0,0.0623,13.4684,-0.0623,-0.998392,0.056693,0
9734,18.2333,0.0,0.067,13.4014,-0.067,-0.998135,0.061049,0
9735,18.25,0.0,0.0637,13.3377,-0.0637,-0.997859,0.065403,0
9736,18.2667,0.0,0.0671,13.2706,-0.0671,-0.997564,0.069756,0
9737,18.2833,0.0,0.0657,13.2049,-0.0657,-0.99725,0.074108,0
9738,18.3,0.0,0.0671,13.1378,-0.0671,-0.996917,0.078459,0
9739,18.3167,0.0,0.0637,13.0741,-0.0637,-0.996566,0.082808,0
9740,18.3333,0.0,0.0653,13.0088,-0.0653,-0.996195,0.087156,0
9741,18.35,0.0,0.0654,12.9434,-0.0654,-0.995805,0.091502,0
9742,18.3667,0.0,0.0637,12.8797,-0.0637,-0.995396,0.095846,0
9743,18.3833,0.0,0.0597,12.82,-0.0597,-0.994969,0.100188,0
9744,18.4,0.0,0.0615,12.7585,-0.0615,-0.994522,0.104528,0
9745,18.4167,0.0,0.0639,12.6946,-0.0639,-0.994056,0.108867,0
9746,18.4333,0.0,0.0659,12.6287,-0.0659,-0.993572,0.113203,0
9747,18.45,0.0,0.0652,12.5635,-0.0652,-0.993068,0.117537,0
9748,18.4667,0.0,0.0626,12.5009,-0.0626,-0.992546,0.121869,0
9749,18.4833,0.0,0.067,12.4339,-0.067,-0.992005,0.126199,0
9750,18.5,0.0,0.0637,12.3702,-0.0637,-0.991445,0.130526,0
9751,18.5167,0.0,0.0665,12.3037,-0.0665,-0.990866,0.134851,0
9752,18.5333,0.0,0.0655,12.2382,-0.0655,-0.990268,0.139173,0
9753,18.55,0.0,0.0668,12.1714,-0.0668,-0.989651,0.143493,0
9754,18.5667,0.0,0.0652,12.1062,-0.0652,-0.989016,0.147809,0
9755,18.5833,0.0,0.0662,12.04,-0.0662,-0.988362,0.152123,0
9756,18.6,0.0,0.0658,11.9742,-0.0658,-0.987688,0.156434,0
9757,18.6167,0.0,0.0626,11.9116,-0.0626,-0.986996,0.160743,0
9758,18.6333,0.0,0.0674,11.8442,-0.0674,-0.986286,0.165048,0
9759,18.65,0.0,0.0647,11.7795,-0.0647,-0.985556,0.16935,0
9760,18.6667,0.0,0.0663,11.7132,-0.0663,-0.984808,0.173648,0
9761,18.6833,0.0,0.0649,11.6483,-0.0649,-0.984041,0.177944,0
9762,18.7,0.0,0.0648,11.5835,-0.0648,-0.983255,0.182236,0
9763,18.7167,0.0,0.0654,11.5181,-0.0654,-0.98245,0.186524,0
9764,18.7333,0.0,0.0689,11.4492,-0.0689,-0.981627,0.190809,0
9765,18.75,0.0,0.064,11.3852,-0.064,-0.980785,0.19509,0
9766,18.7667,0.0,0.0685,11.3167,-0.0685,-0.979925,0.199368,0
9767,18.7833,0.0,0.0675,11.2492,-0.0675,-0.979045,0.203642,0
9768,18.8,0.0,0.0599,11.1893,-0.0599,-0.978148,0.207912,0
9769,18.8167,0.0,0.065,11.1243,-0.065,-0.977231,0.212178,0
9770,18.8333,0.0,0.0654,11.0589,-0.0654,-0.976296,0.21644,0
9771,18.85,0.0,0.0664,10.9925,-0.0664,-0.975342,0.220697,0
9772,18.8667,0.0,0.0655,10.927,-0.0655,-0.97437,0.224951,0
9773,18.8833,0.0,0.0659,10.8611,-0.0659,-0.973379,0.2292,0
9774,18.9,0.0,0.064,10.7971,-0.064,-0.97237,0.233445,0
9775,18.9167,0.0,0.0633,10.7338,-0.0633,-0.971342,0.237686,0
9776,18.9333,0.0,0.0677,10.6661,-0.0677,-0.970296,0.241922,0
9777,18.95,0.0,0.0649,10.6012,-0.0649,-0.969231,0.246153,0
9778,18.9667,0.0,0.064,10.5372,-0.064,-0.968148,0.25038,0
9779,18.9833,0.0,0.0633,10.4739,-0.0633,-0.967046,0.254602,0
9780,19.0,0.0,0.0654,10.4085,-0.0654,-0.965926,0.258819,0
9781,19.0167,0.0,0.0615,10.347,-0.0615,-0.964787,0.263031,0
9782,19.0333,0.0,0.0662,10.2808,-0.0662,-0.96363,0.267238,0
9783,19.05,0.0,0.0653,10.2155,-0.0653,-0.962455,0.27144,0
9784,19.0667,0.0,0.0651,10.1504,-0.0651,-0.961262,0.275637,0
9785,19.0833,0.0,0.0641,10.0863,-0.0641,-0.96005,0.279829,0
9786,19.1,0.0,0.0637,10.0226,-0.0637,-0.95882,0.284015,0
9787,19.1167,0.0,0.0673,9.9553,-0.0673,-0.957571,0.288196,0
9788,19.1333,0.0,0.062,9.8933,-0.062,-0.956305,0.292372,0
9789,19.15,0.0,0.0658,9.8275,-0.0658,-0.95502,0.296542,0
9790,19.1667,0.0,0.0635,9.764,-0.0635,-0.953717,0.300706,0
9791,19.1833,0.0,0.0662,9.6978,-0.0662,-0.952396,0.304864,0
9792,19.2,0.0,0.0669,9.6309,-0.0669,-0.951057,0.309017,0
9793,19.2167,0.0,0.0637,9.5672,-0.0637,-0.949699,0.313164,0
9794,19.2333,0.0,0.066,9.5012,-0.066,-0.948324,0.317305,0
9795,19.25,0.0,0.0631,9.4381,-0.0631,-0.94693,0.321439,0
9796,19.2667,0.0,0.0652,9.3729,-0.0652,-0.945519,0.325568,0
9797,19.2833,0.0,0.0651,9.3078,-0.0651,-0.944089,0.329691,0
9798,19.3,0.0,0.0661,9.2417,-0.0661,-0.942641,0.333807,0
9799,19.3167,0.0,0.0686,9.1731,-0.0686,-0.941176,0.337917,0
9800,19.3333,0.0,0.0653,9.1078,-0.0653,-0.939693,0.34202,0
9801,19.35,0.0,0.0665,9.0413,-0.0665,-0.938191,0.346117,0
9802,19.3667,0.0,0.0634,8.9779,-0.0634,-0.936672,0.350207,0
9803,19.3833,0.0,0.0651,8.9128,-0.0651,-0.935135,0.354291,0
9804,19.4,0.0,0.0635,8.8493,-0.0635,-0.93358,0.358368,0
9805,19.4167,0.0,0.066,8.7833,-0.066,-0.932008,0.362438,0
9806,19.4333,0.0,0.0668,8.7165,-0.0668,-0.930418,0.366501,0
9807,19.45,0.0,0.0677,8.6488,-0.0677,-0.92881,0.370557,0
9808,19.4667,0.0,0.0648,8.584,-0.0648,-0.927184,0.374607,0
9809,19.4833,0.0,0.0648,8.5192,-0.0648,-0.925541,0.378649,0
9810,19.5,0.0,0.065,8.4542,-0.065,-0.92388,0.382683,0
9811,19.5167,0.0,0.0643,8.3899,-0.0643,-0.922201,0.386711,0
9812,19.5333,0.0,0.0635,8.3264,-0.0635,-0.920505,0.390731,0
9813,19.55,0.0,0.0644,8.262,-0.0644,-0.918791,0.394744,0
9814,19.5667,0.0,0.0651,8.1969,-0.0651,-0.91706,0.398749,0
9815,19.5833,0.0,0.0615,8.1354,-0.0615,-0.915311,0.402747,0
9816,19.6,0.0,0.066,8.0694,-0.066,-0.913545,0.406737,0
9817,19.6167,0.0,0.0661,8.0033,-0.0661,-0.911762,0.410719,0
9818,19.6333,0.0,0.0646,7.9387,-0.0646,-0.909961,0.414693,0
9819,19.65,0.0,0.0621,7.8766,-0.0621,-0.908143,0.41866,0
9820,19.6667,0.0,0.0627,7.8139,-0.0627,-0.906308,0.422618,0
9821,19.6833,0.0,0.0613,7.7526,-0.0613,-0.904455,0.426569,0
9822,19.7,0.0,0.0624,7.6902,-0.0624,-0.902585,0.430511,0
9823,19.7167,0.0,0.0656,7.6246,-0.0656,-0.900698,0.434445,0
9824,19.7333,0.0,0.064,7.5606,-0.064,-0.898794,0.438371,0
9825,19.75,0.0,0.0678,7.4928,-0.0678,-0.896873,0.442289,0
9826,19.7667,0.0,0.0647,7.4281,-0.0647,-0.894934,0.446198,0
9827,19.7833,0.0,0.066,7.3621,-0.066,-0.892979,0.450098,0
9828,19.8,0.0,0.0634,7.2987,-0.0634,-0.891007,0.45399,0
9829,19.8167,0.0,0.0668,7.2319,-0.0668,-0.889017,0.457874,0
9830,19.8333,0.0,0.0632,7.1687,-0.0632,-0.887011,0.461749,0
9831,19.85,0.0,0.0678,7.1009,-0.0678,-0.884988,0.465615,0
9832,19.8667,0.0,0.0686,7.0323,-0.0686,-0.882948,0.469472,0
9833,19.8833,0.0,0.0645,6.9678,-0.0645,-0.880891,0.47332,0
9834,19.9,0.0,0.0642,6.9036,-0.0642,-0.878817,0.477159,0
9835,19.9167,0.0,0.0659,6.8377,-0.0659,-0.876727,0.480989,0
9836,19.9333,0.0,0.0681,6.7696,-0.0681,-0.87462,0.48481,0
9837,19.95,0.0,0.0636,6.706,-0.0636,-0.872496,0.488621,0
9838,19.9667,0.0,0.0645,6.6415,-0.0645,-0.870356,0.492424,0
9839,19.9833,0.0,0.0647,6.5768,-0.0647,-0.868199,0.496217,0
9840,20.0,0.0,0.0668,6.51,-0.0668,-0.866025,0.5,0
9841,20.0167,0.0,0.0673,6.4427,-0.0673,-0.863836,0.503774,0
9842,20.0333,0.0,0.066,6.3767,-0.066,-0.861629,0.507538,0
9843,20.05,0.0,0.0676,6.3091,-0.0676,-0.859406,0.511293,0
9844,20.0667,0.0,0.0621,6.247,-0.0621,-0.857167,0.515038,0
9845,20.0833,0.0,0.0638,6.1832,-0.0638,-0.854912,0.518773,0
9846,20.1,0.0,0.0649,6.1183,-0.0649,-0.85264,0.522499,0
9847,20.1167,0.0,0.0656,6.0527,-0.0656,-0.850352,0.526214,0
9848,20.1333,0.0,0.0627,5.99,-0.0627,-0.848048,0.529919,0
9849,20.15,0.0,0.0636,5.9264,-0.0636,-0.845728,0.533615,0
9850,20.1667,0.0,0.0638,5.8626,-0.0638,-0.843391,0.5373,0
9851,20.1833,0.0,0.0673,5.7953,-0.0673,-0.841039,0.540974,0
9852,20.2,0.0,0.0668,5.7285,-0.0668,-0.838671,0.544639,0
9853,20.2167,0.0,0.063,5.6655,-0.063,-0.836286,0.548293,0
9854,20.2333,0.0,0.0649,5.6006,-0.0649,-0.833886,0.551937,0
9855,20.25,0.0,0.0653,5.5353,-0.0653,-0.83147,0.55557,0
9856,20.2667,0.0,0.0643,5.471,-0.0643,-0.829038,0.559193,0
9857,20.2833,0.0,0.0665,5.4045,-0.0665,-0.82659,0.562805,0
9858,20.3,0.0,0.0578,5.3467,-0.0578,-0.824126,0.566406,0
9859,20.3167,0.0,0.0674,5.2793,-0.0674,-0.821647,0.569997,0
9860,20.3333,0.0,0.0653,5.214,-0.0653,-0.819152,0.573576,0
9861,20.35,0.0,0.0611,5.1529,-0.0611,-0.816642,0.577145,0
9862,20.3667,0.0,0.0651,5.0878,-0.0651,-0.814116,0.580703,0
9863,20.3833,0.0,0.0653,5.0225,-0.0653,-0.811574,0.58425,0
9864,20.4,0.0,0.0596,4.9629,-0.0596,-0.809017,0.587785,0
9865,20.4167,0.0,0.0619,4.901,-0.0619,-0.806445,0.59131,0
9866,20.4333,0.0,0.065,4.836,-0.065,-0.803857,0.594823,0
9867,20.45,0.0,0.0645,4.7715,-0.0645,-0.801254,0.598325,0
9868,20.4667,0.0,0.067,4.7045,-0.067,-0.798636,0.601815,0
9869,20.4833,0.0,0.0654,4.6391,-0.0654,-0.796002,0.605294,0
9870,20.5,0.0,0.0621,4.577,-0.0621,-0.793353,0.608761,0
9871,20.5167,0.0,0.0666,4.5104,-0.0666,-0.79069,0.612217,0
9872,20.5333,0.0,0.0688,4.4416,-0.0688,-0.788011,0.615661,0
9873,20.55,0.0,0.0656,4.376,-0.0656,-0.785317,0.619094,0
9874,20.5667,0.0,0.0656,4.3104,-0.0656,-0.782608,0.622515,0
9875,20.5833,0.0,0.0626,4.2478,-0.0626,-0.779884,0.625923,0
9876,20.6,0.0,0.063,4.1848,-0.063,-0.777146,0.62932,0
9877,20.6167,0.0,0.065,4.1198,-0.065,-0.774393,0.632705,0
9878,20.6333,0.0,0.067,4.0528,-0.067,-0.771625,0.636078,0
9879,20.65,0.0,0.0614,3.9914,-0.0614,-0.768842,0.639439,0
9880,20.6667,0.0,0.0628,3.9286,-0.0628,-0.766044,0.642788,0
9881,20.6833,0.0,0.0663,3.8623,-0.0663,-0.763232,0.646124,0
9882,20.7,0.0,0.0671,3.7952,-0.0671,-0.760406,0.649448,0
9883,20.7167,0.0,0.0656,3.7296,-0.0656,-0.757565,0.65276,0
9884,20.7333,0.0,0.0656,3.664,-0.0656,-0.75471,0.656059,0
9885,20.75,0.0,0.0628,3.6012,-0.0628,-0.75184,0.659346,0
9886,20.7667,0.0,0.063,3.5382,-0.063,-0.748956,0.66262,0
9887,20.7833,0.0,0.0646,3.4736,-0.0646,-0.746057,0.665882,0
9888,20.8,0.0,0.0627,3.4109,-0.0627,-0.743145,0.669131,0
9889,20.8167,0.0,0.0635,3.3474,-0.0635,-0.740218,0.672367,0
9890,20.8333,0.0,0.0627,3.2847,-0.0627,-0.737277,0.67559,0
9891,20.85,0.0,0.063,3.2217,-0.063,-0.734323,0.678801,0
9892,20.8667,0.0,0.0695,3.1522,-0.0695,-0.731354,0.681998,0
9893,20.8833,0.0,0.0653,3.0869,-0.0653,-0.728371,0.685183,0
9894,20.9,0.0,0.0596,3.0273,-0.0596,-0.725374,0.688355,0
9895,20.9167,0.0,0.0654,2.9619,-0.0654,-0.722364,0.691513,0
9896,20.9333,0.0,0.0639,2.898,-0.0639,-0.71934,0.694658,0
9897,20.95,0.0,0.0657,2.8323,-0.0657,-0.716302,0.69779,0
9898,20.9667,0.0,0.067,2.7653,-0.067,-0.71325,0.700909,0
9899,20.9833,0.0,0.0657,2.6996,-0.0657,-0.710185,0.704015,0
9900,21.0,0.0,0.0653,2.6343,-0.0653,-0.707107,0.707107,0
9901,21.0167,0.0,0.0645,2.5698,-0.0645,-0.704015,0.710185,0
9902,21.0333,0.0,0.0666,2.5032,-0.0666,-0.700909,0.71325,0
9903,21.05,0.0,0.0672,2.436,-0.0672,-0.69779,0.716302,0
9904,21.0667,0.0,0.0635,2.3725,-0.0635,-0.694658,0.71934,0
9905,21.0833,0.0,0.0663,2.3062,-0.0663,-0.691513,0.722364,0
9906,21.1,0.0,0.064,2.2422,-0.064,-0.688355,0.725374,0
9907,21.1167,0.0,0.0663,2.1759,-0.0663,-0.685183,0.728371,0
9908,21.1333,0.0,0.0642,2.1117,-0.0642,-0.681998,0.731354,0
9909,21.15,0.0,0.0637,2.048,-0.0637,-0.678801,0.734323,0
9910,21.1667,0.0,0.0629,1.9851,-0.0629,-0.67559,0.737277,0
9911,21.1833,0.0,0.0638,1.9213,-0.0638,-0.672367,0.740218,0
9912,21.2,0.0,0.067,1.8543,-0.067,-0.669131,0.743145,0
9913,21.2167,0.0,0.0655,1.7888,-0.0655,-0.665882,0.746057,0
9914,21.2333,0.0,0.0675,1.7213,-0.0675,-0.66262,0.748956,0
9915,21.25,0.0,0.0682,1.6531,-0.0682,-0.659346,0.75184,0
9916,21.2667,0.0,0.068,1.5851,-0.068,-0.656059,0.75471,0
9917,21.2833,0.0,0.0634,1.5217,-0.0634,-0.65276,0.757565,0
9918,21.3,0.0,0.0624,1.4593,-0.0624,-0.649448,0.760406,0
9919,21.3167,0.0,0.0664,1.3929,-0.0664,-0.646124,0.763232,0
9920,21.3333,0.0,0.0648,1.3281,-0.0648,-0.642788,0.766044,0
9921,21.35,0.0,0.0615,1.2666,-0.0615,-0.639439,0.768842,0
9922,21.3667,0.0,0.0676,1.199,-0.0676,-0.636078,0.771625,0
9923,21.3833,0.0,0.0631,1.1359,-0.0631,-0.632705,0.774393,0
9924,21.4,0.0,0.0619,1.074,-0.0619,-0.62932,0.777146,0
9925,21.4167,0.0,0.0647,1.0093,-0.0647,-0.625923,0.779884,0
9926,21.4333,0.0,0.0651,0.9442,-0.0651,-0.622515,0.782608,0
9927,21.45,0.0,0.0641,0.8801,-0.0641,-0.619094,0.785317,0
9928,21.4667,0.0,0.0649,0.8152,-0.0649,-0.615661,0.788011,0
9929,21.4833,0.0,0.0676,0.7476,-0.0676,-0.612217,0.79069,0
9930,21.5,0.0,0.0615,0.6861,-0.0615,-0.608761,0.793353,0
9931,21.5167,0.0,0.0614,0.6247,-0.0614,-0.605294,0.796002,0
9932,21.5333,0.0,0.0608,0.5639,-0.0608,-0.601815,0.798636,0
9933,21.55,0.0,0.0637,0.5002,-0.0637,-0.598325,0.801254,0
9934,21.5667,0.0,0.0667,0.4335,-0.0667,-0.594823,0.803857,0
9935,21.5833,0.0,0.0678,0.3657,-0.0678,-0.59131,0.806445,0
9936,21.6,0.0,0.0652,0.3005,-0.0652,-0.587785,0.809017,0
9937,21.6167,0.0,0.0671,0.2334,-0.0671,-0.58425,0.811574,0
9938,21.6333,0.0,0.066,0.1674,-0.066,-0.580703,0.814116,0
9939,21.65,0.0,0.0615,0.1059,-0.0615,-0.577145,0.816642,0
9940,21.6667,0.0,0.0679,0.038,-0.0679,-0.573576,0.819152,0
9941,21.6833,0.0,0.0655,0.0,-0.0655,-0.569997,0.821647,1
9942,21.7,0.0,0.0644,0.0,-0.0644,-0.566406,0.824126,1
9943,21.7167,0.0,0.0631,0.0,-0.0631,-0.562805,0.82659,1
9944,21.7333,0.0,0.0625,0.0,-0.0625,-0.559193,0.829038,1
9945,21.75,0.0,0.0654,0.0,-0.0654,-0.55557,0.83147,1
9946,21.7667,0.0,0.0663,0.0,-0.0663,-0.551937,0.833886,1
9947,21.7833,0.0,0.0633,0.0,-0.0633,-0.548293,0.836286,1
9948,21.8,0.0,0.0652,0.0,-0.0652,-0.544639,0.838671,1
9949,21.8167,0.0,0.0667,0.0,-0.0667,-0.540974,0.841039,1
9950,21.8333,0.0,0.0638,0.0,-0.0638,-0.5373,0.843391,1
9951,21.85,0.0,0.0656,0.0,-0.0656,-0.533615,0.845728,1
9952,21.8667,0.0,0.0644,0.0,-0.0644,-0.529919,0.848048,1
9953,21.8833,0.0,0.0643,0.0,-0.0643,-0.526214,0.850352,1
9954,21.9,0.0,0.0668,0.0,-0.0668,-0.522499,0.85264,1
9955,21.9167,0.0,0.065,0.0,-0.065,-0.518773,0.854912,1
9956,21.9333,0.0,0.0659,0.0,-0.0659,-0.515038,0.857167,1
9957,21.95,0.0,0.0679,0.0,-0.0679,-0.511293,0.859406,1
9958,21.9667,0.0,0.0602,0.0,-0.0602,-0.507538,0.861629,1
9959,21.9833,0.0,0.0657,0.0,-0.0657,-0.503774,0.863836,1
9960,22.0,0.0,0.0161,0.0,-0.0161,-0.5,0.866025,1
9961,22.0167,0.0,0.0135,0.0,-0.0135,-0.496217,0.868199,1
9962,22.0333,0.0,0.0167,0.0,-0.0167,-0.492424,0.870356,1
9963,22.05,0.0,0.0132,0.0,-0.0132,-0.488621,0.872496,1
9964,22.0667,0.0,0.0183,0.0,-0.0183,-0.48481,0.87462,1
9965,22.0833,0.0,0.0138,0.0,-0.0138,-0.480989,0.876727,1
9966,22.1,0.0,0.0123,0.0,-0.0123,-0.477159,0.878817,1
9967,22.1167,0.0,0.0182,0.0,-0.0182,-0.47332,0.880891,1
9968,22.1333,0.0,0.0179,0.0,-0.0179,-0.469472,0.882948,1
9969,22.15,0.0,0.0159,0.0,-0.0159,-0.465615,0.884988,1
9970,22.1667,0.0,0.0135,0.0,-0.0135,-0.461749,0.887011,1
9971,22.1833,0.0,0.0138,0.0,-0.0138,-0.457874,0.889017,1
9972,22.2,0.0,0.018,0.0,-0.018,-0.45399,0.891007,1
9973,22.2167,0.0,0.0136,0.0,-0.0136,-0.450098,0.892979,1
9974,22.2333,0.0,0.0146,0.0,-0.0146,-0.446198,0.894934,1
9975,22.25,0.0,0.015,0.0,-0.015,-0.442289,0.896873,1
9976,22.2667,0.0,0.0169,0.0,-0.0169,-0.438371,0.898794,1
9977,22.2833,0.0,0.019,0.0,-0.019,-0.434445,0.900698,1
9978,22.3,0.0,0.0134,0.0,-0.0134,-0.430511,0.902585,1
9979,22.3167,0.0,0.018,0.0,-0.018,-0.426569,0.904455,1
9980,22.3333,0.0,0.0164,0.0,-0.0164,-0.422618,0.906308,1
9981,22.35,0.0,0.0139,0.0,-0.0139,-0.41866,0.908143,1
9982,22.3667,0.0,0.0179,0.0,-0.0179,-0.414693,0.909961,1
9983,22.3833,0.0,0.0193,0.0,-0.0193,-0.410719,0.911762,1
9984,22.4,0.0,0.0179,0.0,-0.0179,-0.406737,0.913545,1
9985,22.4167,0.0,0.0165,0.0,-0.0165,-0.402747,0.915311,1
9986,22.4333,0.0,0.013,0.0,-0.013,-0.398749,0.91706,1
9987,22.45,0.0,0.0165,0.0,-0.0165,-0.394744,0.918791,1
9988,22.4667,0.0,0.0155,0.0,-0.0155,-0.390731,0.920505,1
9989,22.4833,0.0,0.0149,0.0,-0.0149,-0.386711,0.922201,1
9990,22.5,0.0,0.0162,0.0,-0.0162,-0.382683,0.92388,1
9991,22.5167,0.0,0.0157,0.0,-0.0157,-0.378649,0.925541,1
9992,22.5333,0.0,0.0147,0.0,-0.0147,-0.374607,0.927184,1
9993,22.55,0.0,0.02,0.0,-0.02,-0.370557,0.92881,1
9994,22.5667,0.0,0.0093,0.0,-0.0093,-0.366501,0.930418,1
9995,22.5833,0.0,0.0123,0.0,-0.0123,-0.362438,0.932008,1
9996,22.6,0.0,0.0151,0.0,-0.0151,-0.358368,0.93358,1
9997,22.6167,0.0,0.0174,0.0,-0.0174,-0.354291,0.935135,1
9998,22.6333,0.0,0.0146,0.0,-0.0146,-0.350207,0.936672,1
9999,22.65,0.0,0.0145,0.0,-0.0145,-0.346117,0.938191,1
10000,22.6667,0.0,0.0162,0.0,-0.0162,-0.34202,0.939693,1
10001,22.6833,0.0,0.014,0.0,-0.014,-0.337917,0.941176,1
10002,22.7,0.0,0.0139,0.0,-0.0139,-0.333807,0.942641,1
10003,22.7167,0.0,0.0163,0.0,-0.0163,-0.329691,0.944089,1
10004,22.7333,0.0,0.0155,0.0,-0.0155,-0.325568,0.945519,1
10005,22.75,0.0,0.0156,0.0,-0.0156,-0.321439,0.94693,1
10006,22.7667,0.0,0.0157,0.0,-0.0157,-0.317305,0.948324,1
10007,22.7833,0.0,0.0147,0.0,-0.0147,-0.313164,0.949699,1
10008,22.8,0.0,0.0155,0.0,-0.0155,-0.309017,0.951057,1
10009,22.8167,0.0,0.0202,0.0,-0.0202,-0.304864,0.952396,1
10010,22.8333,0.0,0.0144,0.0,-0.0144,-0.300706,0.953717,1
10011,22.85,0.0,0.0184,0.0,-0.0184,-0.296542,0.95502,1
10012,22.8667,0.0,0.0162,0.0,-0.0162,-0.292372,0.956305,1
10013,22.8833,0.0,0.0135,0.0,-0.0135,-0.288196,0.957571,1
10014,22.9,0.0,0.0197,0.0,-0.0197,-0.284015,0.95882,1
10015,22.9167,0.0,0.0146,0.0,-0.0146,-0.279829,0.96005,1
10016,22.9333,0.0,0.0159,0.0,-0.0159,-0.275637,0.961262,1
10017,22.95,0.0,0.0174,0.0,-0.0174,-0.27144,0.962455,1
10018,22.9667,0.0,0.011,0.0,-0.011,-0.267238,0.96363,1
10019,22.9833,0.0,0.0173,0.0,-0.0173,-0.263031,0.964787,1
10020,23.0,0.0,0.0167,0.0,-0.0167,-0.258819,0.965926,1
10021,23.0167,0.0,0.0121,0.0,-0.0121,-0.254602,0.967046,1
10022,23.0333,0.0,0.0163,0.0,-0.0163,-0.25038,0.968148,1
10023,23.05,0.0,0.0154,0.0,-0.0154,-0.246153,0.969231,1
10024,23.0667,0.0,0.0134,0.0,-0.0134,-0.241922,0.970296,1
10025,23.0833,0.0,0.0175,0.0,-0.0175,-0.237686,0.971342,1
10026,23.1,0.0,0.0167,0.0,-0.0167,-0.233445,0.97237,1
10027,23.1167,0.0,0.014,0.0,-0.014,-0.2292,0.973379,1
10028,23.1333,0.0,0.0164,0.0,-0.0164,-0.224951,0.97437,1
10029,23.15,0.0,0.015,0.0,-0.015,-0.220697,0.975342,1
10030,23.1667,0.0,0.0165,0.0,-0.0165,-0.21644,0.976296,1
10031,23.1833,0.0,0.0125,0.0,-0.0125,-0.212178,0.977231,1
10032,23.2,0.0,0.0153,0.0,-0.0153,-0.207912,0.978148,1
10033,23.2167,0.0,0.0118,0.0,-0.0118,-0.203642,0.979045,1
10034,23.2333,0.0,0.0193,0.0,-0.0193,-0.199368,0.979925,1
10035,23.25,0.0,0.0149,0.0,-0.0149,-0.19509,0.980785,1
10036,23.2667,0.0,0.0185,0.0,-0.0185,-0.190809,0.981627,1
10037,23.2833,0.0,0.0171,0.0,-0.0171,-0.186524,0.98245,1
10038,23.3,0.0,0.0145,0.0,-0.0145,-0.182236,0.983255,1
10039,23.3167,0.0,0.0159,0.0,-0.0159,-0.177944,0.984041,1
10040,23.3333,0.0,0.0148,0.0,-0.0148,-0.173648,0.984808,1
10041,23.35,0.0,0.0182,0.0,-0.0182,-0.16935,0.985556,1
10042,23.3667,0.0,0.0153,0.0,-0.0153,-0.165048,0.986286,1
10043,23.3833,0.0,0.0175,0.0,-0.0175,-0.160743,0.986996,1
10044,23.4,0.0,0.0167,0.0,-0.0167,-0.156434,0.987688,1
10045,23.4167,0.0,0.0186,0.0,-0.0186,-0.152123,0.988362,1
10046,23.4333,0.0,0.0163,0.0,-0.0163,-0.147809,0.989016,1
10047,23.45,0.0,0.0166,0.0,-0.0166,-0.143493,0.989651,1
10048,23.4667,0.0,0.0175,0.0,-0.0175,-0.139173,0.990268,1
10049,23.4833,0.0,0.0158,0.0,-0.0158,-0.134851,0.990866,1
10050,23.5,0.0,0.0176,0.0,-0.0176,-0.130526,0.991445,1
10051,23.5167,0.0,0.0118,0.0,-0.0118,-0.126199,0.992005,1
10052,23.5333,0.0,0.0188,0.0,-0.0188,-0.121869,0.992546,1
10053,23.55,0.0,0.0189,0.0,-0.0189,-0.117537,0.993068,1
10054,23.5667,0.0,0.0157,0.0,-0.0157,-0.113203,0.993572,1
10055,23.5833,0.0,0.0184,0.0,-0.0184,-0.108867,0.994056,1
10056,23.6,0.0,0.0145,0.0,-0.0145,-0.104528,0.994522,1
10057,23.6167,0.0,0.0177,0.0,-0.0177,-0.100188,0.994969,1
10058,23.6333,0.0,0.0156,0.0,-0.0156,-0.095846,0.995396,1
10059,23.65,0.0,0.0165,0.0,-0.0165,-0.091502,0.995805,1
10060,23.6667,0.0,0.0176,0.0,-0.0176,-0.087156,0.996195,1
10061,23.6833,0.0,0.0151,0.0,-0.0151,-0.082808,0.996566,1
10062,23.7,0.0,0.0172,0.0,-0.0172,-0.078459,0.996917,1
10063,23.7167,0.0,0.0152,0.0,-0.0152,-0.074108,0.99725,1
10064,23.7333,0.0,0.0158,0.0,-0.0158,-0.069756,0.997564,1
10065,23.75,0.0,0.0131,0.0,-0.0131,-0.065403,0.997859,1
10066,23.7667,0.0,0.0141,0.0,-0.0141,-0.061049,0.998135,1
10067,23.7833,0.0,0.0181,0.0,-0.0181,-0.056693,0.998392,1
10068,23.8,0.0,0.0146,0.0,-0.0146,-0.052336,0.99863,1
10069,23.8167,0.0,0.0144,0.0,-0.0144,-0.047978,0.998848,1
10070,23.8333,0.0,0.018,0.0,-0.018,-0.043619,0.999048,1
10071,23.85,0.0,0.0135,0.0,-0.0135,-0.03926,0.999229,1
10072,23.8667,0.0,0.0165,0.0,-0.0165,-0.034899,0.999391,1
10073,23.8833,0.0,0.0159,0.0,-0.0159,-0.030539,0.999534,1
10074,23.9,0.0,0.017,0.0,-0.017,-0.026177,0.999657,1
10075,23.9167,0.0,0.0176,0.0,-0.0176,-0.021815,0.999762,1
10076,23.9333,0.0,0.0131,0.0,-0.0131,-0.017452,0.999848,1
10077,23.95,0.0,0.0172,0.0,-0.0172,-0.01309,0.999914,1
10078,23.9667,0.0,0.0167,0.0,-0.0167,-0.008727,0.999962,1
10079,23.9833,0.0,0.0145,0.0,-0.0145,-0.004363,0.99999,1
10080,0.0,0.0,0.0137,0.0,-0.0137,0.0,1.0,1
10081,0.0167,0.0,0.0163,0.0,-0.0163,0.004363,0.99999,1
10082,0.0333,0.0,0.0181,0.0,-0.0181,0.008727,0.999962,1
10083,0.05,0.0,0.0154,0.0,-0.0154,0.01309,0.999914,1
10084,0.0667,0.0,0.0155,0.0,-0.0155,0.017452,0.999848,1
10085,0.0833,0.0,0.0172,0.0,-0.0172,0.021815,0.999762,1
10086,0.1,0.0,0.0165,0.0,-0.0165,0.026177,0.999657,1
10087,0.1167,0.0,0.0133,0.0,-0.0133,0.030539,0.999534,1
10088,0.1333,0.0,0.0136,0.0,-0.0136,0.034899,0.999391,1
10089,0.15,0.0,0.0165,0.0,-0.0165,0.03926,0.999229,1
10090,0.1667,0.0,0.0137,0.0,-0.0137,0.043619,0.999048,1
10091,0.1833,0.0,0.0148,0.0,-0.0148,0.047978,0.998848,1
10092,0.2,0.0,0.0123,0.0,-0.0123,0.052336,0.99863,1
10093,0.2167,0.0,0.0164,0.0,-0.0164,0.056693,0.998392,1
10094,0.2333,0.0,0.0169,0.0,-0.0169,0.061049,0.998135,1
10095,0.25,0.0,0.0171,0.0,-0.0171,0.065403,0.997859,1
10096,0.2667,0.0,0.0172,0.0,-0.0172,0.069756,0.997564,1
10097,0.2833,0.0,0.0128,0.0,-0.0128,0.074108,0.99725,1
10098,0.3,0.0,0.017,0.0,-0.017,0.078459,0.996917,1
10099,0.3167,0.0,0.0134,0.0,-0.0134,0.082808,0.996566,1
10100,0.3333,0.0,0.0177,0.0,-0.0177,0.087156,0.996195,1
10101,0.35,0.0,0.0156,0.0,-0.0156,0.091502,0.995805,1
10102,0.3667,0.0,0.0169,0.0,-0.0169,0.095846,0.995396,1
10103,0.3833,0.0,0.0131,0.0,-0.0131,0.100188,0.994969,1
10104,0.4,0.0,0.0153,0.0,-0.0153,0.104528,0.994522,1
10105,0.4167,0.0,0.0168,0.0,-0.0168,0.108867,0.994056,1
10106,0.4333,0.0,0.015,0.0,-0.015,0.113203,0.993572,1
10107,0.45,0.0,0.0161,0.0,-0.0161,0.117537,0.993068,1
10108,0.4667,0.0,0.0186,0.0,-0.0186,0.121869,0.992546,1
10109,0.4833,0.0,0.0164,0.0,-0.0164,0.126199,0.992005,1
10110,0.5,0.0,0.0143,0.0,-0.0143,0.130526,0.991445,1
10111,0.5167,0.0,0.0206,0.0,-0.0206,0.134851,0.990866,1
10112,0.5333,0.0,0.014,0.0,-0.014,0.139173,0.990268,1
10113,0.55,0.0,0.0144,0.0,-0.0144,0.143493,0.989651,1
10114,0.5667,0.0,0.0108,0.0,-0.0108,0.147809,0.989016,1
10115,0.5833,0.0,0.0145,0.0,-0.0145,0.152123,0.988362,1
10116,0.6,0.0,0.0135,0.0,-0.0135,0.156434,0.987688,1
10117,0.6167,0.0,0.0148,0.0,-0.0148,0.160743,0.986996,1
10118,0.6333,0.0,0.0166,0.0,-0.0166,0.165048,0.986286,1
10119,0.65,0.0,0.0166,0.0,-0.0166,0.16935,0.985556,1
10120,0.6667,0.0,0.0175,0.0,-0.0175,0.173648,0.984808,1
10121,0.6833,0.0,0.0174,0.0,-0.0174,0.177944,0.984041,1
10122,0.7,0.0,0.0156,0.0,-0.0156,0.182236,0.983255,1
10123,0.7167,0.0,0.0177,0.0,-0.0177,0.186524,0.98245,1
10124,0.7333,0.0,0.0165,0.0,-0.0165,0.190809,0.981627,1
10125,0.75,0.0,0.015,0.0,-0.015,0.19509,0.980785,1
10126,0.7667,0.0,0.0145,0.0,-0.0145,0.199368,0.979925,1
10127,0.7833,0.0,0.0131,0.0,-0.0131,0.203642,0.979045,1
10128,0.8,0.0,0.0141,0.0,-0.0141,0.207912,0.978148,1
10129,0.8167,0.0,0.0115,0.0,-0.0115,0.212178,0.977231,1
10130,0.8333,0.0,0.0155,0.0,-0.0155,0.21644,0.976296,1
10131,0.85,0.0,0.0125,0.0,-0.0125,0.220697,0.975342,1
10132,0.8667,0.0,0.0165,0.0,-0.0165,0.224951,0.97437,1
10133,0.8833,0.0,0.0135,0.0,-0.0135,0.2292,0.973379,1
10134,0.9,0.0,0.0183,0.0,-0.0183,0.233445,0.97237,1
10135,0.9167,0.0,0.0155,0.0,-0.0155,0.237686,0.971342,1
10136,0.9333,0.0,0.0148,0.0,-0.0148,0.241922,0.970296,1
10137,0.95,0.0,0.016,0.0,-0.016,0.246153,0.969231,1
10138,0.9667,0.0,0.0164,0.0,-0.0164,0.25038,0.968148,1
10139,0.9833,0.0,0.0145,0.0,-0.0145,0.254602,0.967046,1
10140,1.0,0.0,0.0147,0.0,-0.0147,0.258819,0.965926,1
10141,1.0167,0.0,0.0196,0.0,-0.0196,0.263031,0.964787,1
10142,1.0333,0.0,0.0145,0.0,-0.0145,0.267238,0.96363,1
10143,1.05,0.0,0.015,0.0,-0.015,0.27144,0.962455,1
10144,1.0667,0.0,0.015,0.0,-0.015,0.275637,0.961262,1
10145,1.0833,0.0,0.016,0.0,-0.016,0.279829,0.96005,1
10146,1.1,0.0,0.0188,0.0,-0.0188,0.284015,0.95882,1
10147,1.1167,0.0,0.0182,0.0,-0.0182,0.288196,0.957571,1
10148,1.1333,0.0,0.0153,0.0,-0.0153,0.292372,0.956305,1
10149,1.15,0.0,0.0151,0.0,-0.0151,0.296542,0.95502,1
10150,1.1667,0.0,0.0142,0.0,-0.0142,0.300706,0.953717,1
10151,1.1833,0.0,0.016,0.0,-0.016,0.304864,0.952396,1
10152,1.2,0.0,0.0187,0.0,-0.0187,0.309017,0.951057,1
10153,1.2167,0.0,0.0106,0.0,-0.0106,0.313164,0.949699,1
10154,1.2333,0.0,0.06,0.0,-0.06,0.317305,0.948324,1
10155,1.25,0.0,0.0621,0.0,-0.0621,0.321439,0.94693,1
10156,1.2667,0.0,0.0593,0.0,-0.0593,0.325568,0.945519,1
10157,1.2833,0.0,0.0635,0.0,-0.0635,0.329691,0.944089,1
10158,1.3,0.0,0.0581,0.0,-0.0581,0.333807,0.942641,1
10159,1.3167,0.0,0.0616,0.0,-0.0616,0.337917,0.941176,1
10160,1.3333,0.0,0.0634,0.0,-0.0634,0.34202,0.939693,1
10161,1.35,0.0,0.0624,0.0,-0.0624,0.346117,0.938191,1
10162,1.3667,0.0,0.0616,0.0,-0.0616,0.350207,0.936672,1
10163,1.3833,0.0,0.0621,0.0,-0.0621,0.354291,0.935135,1
10164,1.4,0.0,0.0574,0.0,-0.0574,0.358368,0.93358,1
10165,1.4167,0.0,0.0622,0.0,-0.0622,0.362438,0.932008,1
10166,1.4333,0.0,0.0607,0.0,-0.0607,0.366501,0.930418,1
10167,1.45,0.0,0.0637,0.0,-0.0637,0.370557,0.92881,1
10168,1.4667,0.0,0.0568,0.0,-0.0568,0.374607,0.927184,1
10169,1.4833,0.0,0.0606,0.0,-0.0606,0.378649,0.925541,1
10170,1.5,0.0,0.0607,0.0,-0.0607,0.382683,0.92388,1
10171,1.5167,0.0,0.0608,0.0,-0.0608,0.386711,0.922201,1
10172,1.5333,0.0,0.0612,0.0,-0.0612,0.390731,0.920505,1
10173,1.55,0.0,0.0628,0.0,-0.0628,0.394744,0.918791,1
10174,1.5667,0.0,0.062,0.0,-0.062,0.398749,0.91706,1
10175,1.5833,0.0,0.0581,0.0,-0.0581,0.402747,0.915311,1
10176,1.6,0.0,0.0619,0.0,-0.0619,0.406737,0.913545,1
10177,1.6167,0.0,0.0612,0.0,-0.0612,0.410719,0.911762,1
10178,1.6333,0.0,0.0599,0.0,-0.0599,0.414693,0.909961,1
10179,1.65,0.0,0.0631,0.0,-0.0631,0.41866,0.908143,1
10180,1.6667,0.0,0.0614,0.0,-0.0614,0.422618,0.906308,1
10181,1.6833,0.0,0.0604,0.0,-0.0604,0.426569,0.904455,1
10182,1.7,0.0,0.0627,0.0,-0.0627,0.430511,0.902585,1
10183,1.7167,0.0,0.0595,0.0,-0.0595,0.434445,0.900698,1
10184,1.7333,0.0,0.0604,0.0,-0.0604,0.438371,0.898794,1
10185,1.75,0.0,0.0131,0.0,-0.0131,0.442289,0.896873,1
10186,1.7667,0.0,0.0135,0.0,-0.0135,0.446198,0.894934,1
10187,1.7833,0.0,0.0147,0.0,-0.0147,0.450098,0.892979,1
10188,1.8,0.0,0.0164,0.0,-0.0164,0.45399,0.891007,1
10189,1.8167,0.0,0.0168,0.0,-0.0168,0.457874,0.889017,1
10190,1.8333,0.0,0.0174,0.0,-0.0174,0.461749,0.887011,1
10191,1.85,0.0,0.0167,0.0,-0.0167,0.465615,0.884988,1
10192,1.8667,0.0,0.0105,0.0,-0.0105,0.469472,0.882948,1
10193,1.8833,0.0,0.0148,0.0,-0.0148,0.47332,0.880891,1
10194,1.9,0.0,0.0171,0.0,-0.0171,0.477159,0.878817,1
10195,1.9167,0.0,0.018,0.0,-0.018,0.480989,0.876727,1
10196,1.9333,0.0,0.015,0.0,-0.015,0.48481,0.87462,1
10197,1.95,0.0,0.011,0.0,-0.011,0.488621,0.872496,1
10198,1.9667,0.0,0.0169,0.0,-0.0169,0.492424,0.870356,1
10199,1.9833,0.0,0.0137,0.0,-0.0137,0.496217,0.868199,1
10200,2.0,0.0,0.0129,0.0,-0.0129,0.5,0.866025,1
10201,2.0167,0.0,0.0138,0.0,-0.0138,0.503774,0.863836,1
10202,2.0333,0.0,0.012,0.0,-0.012,0.507538,0.861629,1
10203,2.05,0.0,0.017,0.0,-0.017,0.511293,0.859406,1
10204,2.0667,0.0,0.0127,0.0,-0.0127,0.515038,0.857167,1
10205,2.0833,0.0,0.0181,0.0,-0.0181,0.518773,0.854912,1
10206,2.1,0.0,0.0192,0.0,-0.0192,0.522499,0.85264,1
10207,2.1167,0.0,0.0152,0.0,-0.0152,0.526214,0.850352,1
10208,2.1333,0.0,0.0123,0.0,-0.0123,0.529919,0.848048,1
10209,2.15,0.0,0.0163,0.0,-0.0163,0.533615,0.845728,1
10210,2.1667,0.0,0.0137,0.0,-0.0137,0.5373,0.843391,1
10211,2.1833,0.0,0.0135,0.0,-0.0135,0.540974,0.841039,1
10212,2.2,0.0,0.0152,0.0,-0.0152,0.544639,0.838671,1
10213,2.2167,0.0,0.013,0.0,-0.013,0.548293,0.836286,1
10214,2.2333,0.0,0.0134,0.0,-0.0134,0.551937,0.833886,1
10215,2.25,0.0,0.0137,0.0,-0.0137,0.55557,0.83147,1
10216,2.2667,0.0,0.0153,0.0,-0.0153,0.559193,0.829038,1
10217,2.2833,0.0,0.0156,0.0,-0.0156,0.562805,0.82659,1
10218,2.3,0.0,0.0173,0.0,-0.0173,0.566406,0.824126,1
10219,2.3167,0.0,0.0137,0.0,-0.0137,0.569997,0.821647,1
10220,2.3333,0.0,0.016,0.0,-0.016,0.573576,0.819152,1
10221,2.35,0.0,0.0168,0.0,-0.0168,0.577145,0.816642,1
10222,2.3667,0.0,0.0187,0.0,-0.0187,0.580703,0.814116,1
10223,2.3833,0.0,0.0168,0.0,-0.0168,0.58425,0.811574,1
10224,2.4,0.0,0.015,0.0,-0.015,0.587785,0.809017,1
10225,2.4167,0.0,0.0202,0.0,-0.0202,0.59131,0.806445,1
10226,2.4333,0.0,0.0151,0.0,-0.0151,0.594823,0.803857,1
10227,2.45,0.0,0.0183,0.0,-0.0183,0.598325,0.801254,1
10228,2.4667,0.0,0.0135,0.0,-0.0135,0.601815,0.798636,1
10229,2.4833,0.0,0.0152,0.0,-0.0152,0.605294,0.796002,1
10230,2.5,0.0,0.0157,0.0,-0.0157,0.608761,0.793353,1
10231,2.5167,0.0,0.0148,0.0,-0.0148,0.612217,0.79069,1
10232,2.5333,0.0,0.0138,0.0,-0.0138,0.615661,0.788011,1
10233,2.55,0.0,0.0143,0.0,-0.0143,0.619094,0.785317,1
10234,2.5667,0.0,0.0166,0.0,-0.0166,0.622515,0.782608,1
10235,2.5833,0.0,0.0136,0.0,-0.0136,0.625923,0.779884,1
10236,2.6,0.0,0.0158,0.0,-0.0158,0.62932,0.777146,1
10237,2.6167,0.0,0.0174,0.0,-0.0174,0.632705,0.774393,1
10238,2.6333,0.0,0.0134,0.0,-0.0134,0.636078,0.771625,1
10239,2.65,0.0,0.0152,0.0,-0.0152,0.639439,0.768842,1
10240,2.6667,0.0,0.0125,0.0,-0.0125,0.642788,0.766044,1
10241,2.6833,0.0,0.0157,0.0,-0.0157,0.646124,0.763232,1
10242,2.7,0.0,0.0196,0.0,-0.0196,0.649448,0.760406,1
10243,2.7167,0.0,0.0165,0.0,-0.0165,0.65276,0.757565,1
10244,2.7333,0.0,0.0143,0.0,-0.0143,0.656059,0.75471,1
10245,2.75,0.0,0.0115,0.0,-0.0115,0.659346,0.75184,1
10246,2.7667,0.0,0.0143,0.0,-0.0143,0.66262,0.748956,1
10247,2.7833,0.0,0.0165,0.0,-0.0165,0.665882,0.746057,1
10248,2.8,0.0,0.0169,0.0,-0.0169,0.669131,0.743145,1
10249,2.8167,0.0,0.0195,0.0,-0.0195,0.672367,0.740218,1
10250,2.8333,0.0,0.0147,0.0,-0.0147,0.67559,0.737277,1
10251,2.85,0.0,0.0175,0.0,-0.0175,0.678801,0.734323,1
10252,2.8667,0.0,0.0126,0.0,-0.0126,0.681998,0.731354,1
10253,2.8833,0.0,0.014,0.0,-0.014,0.685183,0.728371,1
10254,2.9,0.0,0.0198,0.0,-0.0198,0.688355,0.725374,1
10255,2.9167,0.0,0.0154,0.0,-0.0154,0.691513,0.722364,1
10256,2.9333,0.0,0.0199,0.0,-0.0199,0.694658,0.71934,1
10257,2.95,0.0,0.016,0.0,-0.016,0.69779,0.716302,1
10258,2.9667,0.0,0.0132,0.0,-0.0132,0.700909,0.71325,1
10259,2.9833,0.0,0.0158,0.0,-0.0158,0.704015,0.710185,1
10260,3.0,0.0,0.0171,0.0,-0.0171,0.707107,0.707107,1
10261,3.0167,0.0,0.0188,0.0,-0.0188,0.710185,0.704015,1
10262,3.0333,0.0,0.0174,0.0,-0.0174,0.71325,0.700909,1
10263,3.05,0.0,0.0151,0.0,-0.0151,0.716302,0.69779,1
10264,3.0667,0.0,0.0194,0.0,-0.0194,0.71934,0.694658,1
10265,3.0833,0.0,0.0147,0.0,-0.0147,0.722364,0.691513,1
10266,3.1,0.0,0.0152,0.0,-0.0152,0.725374,0.688355,1
10267,3.1167,0.0,0.0162,0.0,-0.0162,0.728371,0.685183,1
10268,3.1333,0.0,0.0137,0.0,-0.0137,0.731354,0.681998,1
10269,3.15,0.0,0.0111,0.0,-0.0111,0.734323,0.678801,1
10270,3.1667,0.0,0.0137,0.0,-0.0137,0.737277,0.67559,1
10271,3.1833,0.0,0.0163,0.0,-0.0163,0.740218,0.672367,1
10272,3.2,0.0,0.0166,0.0,-0.0166,0.743145,0.669131,1
10273,3.2167,0.0,0.0146,0.0,-0.0146,0.746057,0.665882,1
10274,3.2333,0.0,0.0187,0.0,-0.0187,0.748956,0.66262,1
10275,3.25,0.0,0.0186,0.0,-0.0186,0.75184,0.659346,1
10276,3.2667,0.0,0.0179,0.0,-0.0179,0.75471,0.656059,1
10277,3.2833,0.0,0.0152,0.0,-0.0152,0.757565,0.65276,1
10278,3.3,0.0,0.0163,0.0,-0.0163,0.760406,0.649448,1
10279,3.3167,0.0,0.0157,0.0,-0.0157,0.763232,0.646124,1
10280,3.3333,0.0,0.0161,0.0,-0.0161,0.766044,0.642788,1
10281,3.35,0.0,0.0187,0.0,-0.0187,0.768842,0.639439,1
10282,3.3667,0.0,0.0152,0.0,-0.0152,0.771625,0.636078,1
10283,3.3833,0.0,0.0124,0.0,-0.0124,0.774393,0.632705,1
10284,3.4,0.0,0.0121,0.0,-0.0121,0.777146,0.62932,1
10285,3.4167,0.0,0.015,0.0,-0.015,0.779884,0.625923,1
10286,3.4333,0.0,0.0145,0.0,-0.0145,0.782608,0.622515,1
10287,3.45,0.0,0.0154,0.0,-0.0154,0.785317,0.619094,1
10288,3.4667,0.0,0.0139,0.0,-0.0139,0.788011,0.615661,1
10289,3.4833,0.0,0.014,0.0,-0.014,0.79069,0.612217,1
10290,3.5,0.0,0.0166,0.0,-0.0166,0.793353,0.608761,1
10291,3.5167,0.0,0.0177,0.0,-0.0177,0.796002,0.605294,1
10292,3.5333,0.0,0.0152,0.0,-0.0152,0.798636,0.601815,1
10293,3.55,0.0,0.0117,0.0,-0.0117,0.801254,0.598325,1
10294,3.5667,0.0,0.0144,0.0,-0.0144,0.803857,0.594823,1
10295,3.5833,0.0,0.0155,0.0,-0.0155,0.806445,0.59131,1
10296,3.6,0.0,0.016,0.0,-0.016,0.809017,0.587785,1
10297,3.6167,0.0,0.0128,0.0,-0.0128,0.811574,0.58425,1
10298,3.6333,0.0,0.0164,0.0,-0.0164,0.814116,0.580703,1
10299,3.65,0.0,0.013,0.0,-0.013,0.816642,0.577145,1
10300,3.6667,0.0,0.0152,0.0,-0.0152,0.819152,0.573576,1
10301,3.6833,0.0,0.0182,0.0,-0.0182,0.821647,0.569997,1
10302,3.7,0.0,0.0148,0.0,-0.0148,0.824126,0.566406,1
10303,3.7167,0.0,0.0154,0.0,-0.0154,0.82659,0.562805,1
10304,3.7333,0.0,0.0165,0.0,-0.0165,0.829038,0.559193,1
10305,3.75,0.0,0.0144,0.0,-0.0144,0.83147,0.55557,1
10306,3.7667,0.0,0.0192,0.0,-0.0192,0.833886,0.551937,1
10307,3.7833,0.0,0.0127,0.0,-0.0127,0.836286,0.548293,1
10308,3.8,0.0,0.0175,0.0,-0.0175,0.838671,0.544639,1
10309,3.8167,0.0,0.0173,0.0,-0.0173,0.841039,0.540974,1
10310,3.8333,0.0,0.0135,0.0,-0.0135,0.843391,0.5373,1
10311,3.85,0.0,0.0118,0.0,-0.0118,0.845728,0.533615,1
10312,3.8667,0.0,0.0147,0.0,-0.0147,0.848048,0.529919,1
10313,3.8833,0.0,0.0126,0.0,-0.0126,0.850352,0.526214,1
10314,3.9,0.0,0.012,0.0,-0.012,0.85264,0.522499,1
10315,3.9167,0.0,0.0162,0.0,-0.0162,0.854912,0.518773,1
10316,3.9333,0.0,0.0178,0.0,-0.0178,0.857167,0.515038,1
10317,3.95,0.0,0.0157,0.0,-0.0157,0.859406,0.511293,1
10318,3.9667,0.0,0.0172,0.0,-0.0172,0.861629,0.507538,1
10319,3.9833,0.0,0.0166,0.0,-0.0166,0.863836,0.503774,1
10320,4.0,0.0,0.0147,0.0,-0.0147,0.866025,0.5,1
10321,4.0167,0.0,0.0172,0.0,-0.0172,0.868199,0.496217,1
10322,4.0333,0.0,0.0168,0.0,-0.0168,0.870356,0.492424,1
10323,4.05,0.0,0.0176,0.0,-0.0176,0.872496,0.488621,1
10324,4.0667,0.0,0.0143,0.0,-0.0143,0.87462,0.48481,1
10325,4.0833,0.0,0.0132,0.0,-0.0132,0.876727,0.480989,1
10326,4.1,0.0,0.0149,0.0,-0.0149,0.878817,0.477159,1
10327,4.1167,0.0,0.0149,0.0,-0.0149,0.880891,0.47332,1
10328,4.1333,0.0,0.0143,0.0,-0.0143,0.882948,0.469472,1
10329,4.15,0.0,0.0164,0.0,-0.0164,0.884988,0.465615,1
10330,4.1667,0.0,0.0145,0.0,-0.0145,0.887011,0.461749,1
10331,4.1833,0.0,0.0134,0.0,-0.0134,0.889017,0.457874,1
10332,4.2,0.0,0.0183,0.0,-0.0183,0.891007,0.45399,1
10333,4.2167,0.0,0.0129,0.0,-0.0129,0.892979,0.450098,1
10334,4.2333,0.0,0.0167,0.0,-0.0167,0.894934,0.446198,1
10335,4.25,0.0,0.0131,0.0,-0.0131,0.896873,0.442289,1
10336,4.2667,0.0,0.0174,0.0,-0.0174,0.898794,0.438371,1
10337,4.2833,0.0,0.0118,0.0,-0.0118,0.900698,0.434445,1
10338,4.3,0.0,0.0153,0.0,-0.0153,0.902585,0.430511,1
10339,4.3167,0.0,0.0204,0.0,-0.0204,0.904455,0.426569,1
10340,4.3333,0.0,0.0162,0.0,-0.0162,0.906308,0.422618,1
10341,4.35,0.0,0.0144,0.0,-0.0144,0.908143,0.41866,1
10342,4.3667,0.0,0.0167,0.0,-0.0167,0.909961,0.414693,1
10343,4.3833,0.0,0.0143,0.0,-0.0143,0.911762,0.410719,1
10344,4.4,0.0,0.0194,0.0,-0.0194,0.913545,0.406737,1
10345,4.4167,0.0,0.0155,0.0,-0.0155,0.915311,0.402747,1
10346,4.4333,0.0,0.0157,0.0,-0.0157,0.91706,0.398749,1
10347,4.45,0.0,0.0166,0.0,-0.0166,0.918791,0.394744,1
10348,4.4667,0.0,0.0156,0.0,-0.0156,0.920505,0.390731,1
10349,4.4833,0.0,0.0135,0.0,-0.0135,0.922201,0.386711,1
10350,4.5,0.0,0.0179,0.0,-0.0179,0.92388,0.382683,1
10351,4.5167,0.0,0.0146,0.0,-0.0146,0.925541,0.378649,1
10352,4.5333,0.0,0.0147,0.0,-0.0147,0.927184,0.374607,1
10353,4.55,0.0,0.0144,0.0,-0.0144,0.92881,0.370557,1
10354,4.5667,0.0,0.016,0.0,-0.016,0.930418,0.366501,1
10355,4.5833,0.0,0.017,0.0,-0.017,0.932008,0.362438,1
10356,4.6,0.0,0.0162,0.0,-0.0162,0.93358,0.358368,1
10357,4.6167,0.0,0.016,0.0,-0.016,0.935135,0.354291,1
10358,4.6333,0.0,0.0158,0.0,-0.0158,0.936672,0.350207,1
10359,4.65,0.0,0.0138,0.0,-0.0138,0.938191,0.346117,1
10360,4.6667,0.0,0.0152,0.0,-0.0152,0.939693,0.34202,1
10361,4.6833,0.0,0.0196,0.0,-0.0196,0.941176,0.337917,1
10362,4.7,0.0,0.0175,0.0,-0.0175,0.942641,0.333807,1
10363,4.7167,0.0,0.0157,0.0,-0.0157,0.944089,0.329691,1
10364,4.7333,0.0,0.0131,0.0,-0.0131,0.945519,0.325568,1
10365,4.75,0.0,0.0152,0.0,-0.0152,0.94693,0.321439,1
10366,4.7667,0.0,0.0137,0.0,-0.0137,0.948324,0.317305,1
10367,4.7833,0.0,0.0146,0.0,-0.0146,0.949699,0.313164,1
10368,4.8,0.0,0.0159,0.0,-0.0159,0.951057,0.309017,1
10369,4.8167,0.0,0.0129,0.0,-0.0129,0.952396,0.304864,1
10370,4.8333,0.0,0.0143,0.0,-0.0143,0.953717,0.300706,1
10371,4.85,0.0,0.0166,0.0,-0.0166,0.95502,0.296542,1
10372,4.8667,0.0,0.0172,0.0,-0.0172,0.956305,0.292372,1
10373,4.8833,0.0,0.0152,0.0,-0.0152,0.957571,0.288196,1
10374,4.9,0.0,0.0144,0.0,-0.0144,0.95882,0.284015,1
10375,4.9167,0.0,0.0172,0.0,-0.0172,0.96005,0.279829,1
10376,4.9333,0.0,0.016,0.0,-0.016,0.961262,0.275637,1
10377,4.95,0.0,0.0186,0.0,-0.0186,0.962455,0.27144,1
10378,4.9667,0.0,0.0147,0.0,-0.0147,0.96363,0.267238,1
10379,4.9833,0.0,0.0128,0.0,-0.0128,0.964787,0.263031,1
10380,5.0,0.0,0.0165,0.0,-0.0165,0.965926,0.258819,1
10381,5.0167,0.0,0.0153,0.0,-0.0153,0.967046,0.254602,1
10382,5.0333,0.0,0.0134,0.0,-0.0134,0.968148,0.25038,1
10383,5.05,0.0,0.0173,0.0,-0.0173,0.969231,0.246153,1
10384,5.0667,0.0,0.0153,0.0,-0.0153,0.970296,0.241922,1
10385,5.0833,0.0,0.0137,0.0,-0.0137,0.971342,0.237686,1
10386,5.1,0.0,0.0136,0.0,-0.0136,0.97237,0.233445,1
10387,5.1167,0.0,0.018,0.0,-0.018,0.973379,0.2292,1
10388,5.1333,0.0,0.0166,0.0,-0.0166,0.97437,0.224951,1
10389,5.15,0.0,0.0157,0.0,-0.0157,0.975342,0.220697,1
10390,5.1667,0.0,0.0162,0.0,-0.0162,0.976296,0.21644,1
10391,5.1833,0.0,0.0146,0.0,-0.0146,0.977231,0.212178,1
10392,5.2,0.0,0.0151,0.0,-0.0151,0.978148,0.207912,1
10393,5.2167,0.0,0.0157,0.0,-0.0157,0.979045,0.203642,1
10394,5.2333,0.0,0.0111,0.0,-0.0111,0.979925,0.199368,1
10395,5.25,0.0,0.0148,0.0,-0.0148,0.980785,0.19509,1
10396,5.2667,0.0,0.0172,0.0,-0.0172,0.981627,0.190809,1
10397,5.2833,0.0,0.0191,0.0,-0.0191,0.98245,0.186524,1
10398,5.3,0.0,0.0136,0.0,-0.0136,0.983255,0.182236,1
10399,5.3167,0.0,0.0177,0.0,-0.0177,0.984041,0.177944,1
10400,5.3333,0.0,0.0167,0.0,-0.0167,0.984808,0.173648,1
10401,5.35,0.0,0.0156,0.0,-0.0156,0.985556,0.16935,1
10402,5.3667,0.0,0.018,0.0,-0.018,0.986286,0.165048,1
10403,5.3833,0.0,0.0145,0.0,-0.0145,0.986996,0.160743,1
10404,5.4,0.0,0.0177,0.0,-0.0177,0.987688,0.156434,1
10405,5.4167,0.0,0.0128,0.0,-0.0128,0.988362,0.152123,1
10406,5.4333,0.0,0.0162,0.0,-0.0162,0.989016,0.147809,1
10407,5.45,0.0,0.0147,0.0,-0.0147,0.989651,0.143493,1
10408,5.4667,0.0,0.0142,0.0,-0.0142,0.990268,0.139173,1
10409,5.4833,0.0,0.0146,0.0,-0.0146,0.990866,0.134851,1
10410,5.5,0.0,0.0155,0.0,-0.0155,0.991445,0.130526,1
10411,5.5167,0.0,0.0159,0.0,-0.0159,0.992005,0.126199,1
10412,5.5333,0.0,0.0101,0.0,-0.0101,0.992546,0.121869,1
10413,5.55,0.0,0.0183,0.0,-0.0183,0.993068,0.117537,1
10414,5.5667,0.0,0.0154,0.0,-0.0154,0.993572,0.113203,1
10415,5.5833,0.0,0.0145,0.0,-0.0145,0.994056,0.108867,1
10416,5.6,0.0,0.018,0.0,-0.018,0.994522,0.104528,1
10417,5.6167,0.0,0.0159,0.0,-0.0159,0.994969,0.100188,1
10418,5.6333,0.0,0.0165,0.0,-0.0165,0.995396,0.095846,1
10419,5.65,0.0,0.0132,0.0,-0.0132,0.995805,0.091502,1
10420,5.6667,0.0,0.0162,0.0,-0.0162,0.996195,0.087156,1
10421,5.6833,0.0,0.0134,0.0,-0.0134,0.996566,0.082808,1
10422,5.7,0.0,0.0175,0.0,-0.0175,0.996917,0.078459,1
10423,5.7167,0.0,0.0167,0.0,-0.0167,0.99725,0.074108,1
10424,5.7333,0.0,0.0165,0.0,-0.0165,0.997564,0.069756,1
10425,5.75,0.0,0.0165,0.0,-0.0165,0.997859,0.065403,1
10426,5.7667,0.0,0.0164,0.0,-0.0164,0.998135,0.061049,1
10427,5.7833,0.0,0.0154,0.0,-0.0154,0.998392,0.056693,1
10428,5.8,0.0,0.0131,0.0,-0.0131,0.99863,0.052336,1
10429,5.8167,0.0,0.0162,0.0,-0.0162,0.998848,0.047978,1
10430,5.8333,0.0,0.0175,0.0,-0.0175,0.999048,0.043619,1
10431,5.85,0.0,0.0192,0.0,-0.0192,0.999229,0.03926,1
10432,5.8667,0.0,0.0173,0.0,-0.0173,0.999391,0.034899,1
10433,5.8833,0.0,0.0148,0.0,-0.0148,0.999534,0.030539,1
10434,5.9,0.0,0.0172,0.0,-0.0172,0.999657,0.026177,1
10435,5.9167,0.0,0.0171,0.0,-0.0171,0.999762,0.021815,1
10436,5.9333,0.0,0.0142,0.0,-0.0142,0.999848,0.017452,1
10437,5.95,0.0,0.0156,0.0,-0.0156,0.999914,0.01309,1
10438,5.9667,0.0,0.0146,0.0,-0.0146,0.999962,0.008727,1
10439,5.9833,0.0,0.014,0.0,-0.014,0.99999,0.004363,1
10440,6.0,0.0,0.0289,0.0,-0.0289,1.0,0.0,1
10441,6.0167,0.004083,0.0275,0.0,-0.023417,0.99999,-0.004363,1
10442,6.0333,0.004417,0.0295,0.0,-0.025083,0.999962,-0.008727,1
10443,6.05,0.0035,0.0319,0.0,-0.0284,0.999914,-0.01309,1
10444,6.0667,0.004,0.0298,0.0,-0.0258,0.999848,-0.017452,1
10445,6.0833,0.004517,0.0291,0.0,-0.024583,0.999762,-0.021815,1
10446,6.1,0.004917,0.0303,0.0,-0.025383,0.999657,-0.026177,1
10447,6.1167,0.006433,0.029,0.0,-0.022567,0.999534,-0.030539,1
10448,6.1333,0.003717,0.0275,0.0,-0.023783,0.999391,-0.034899,1
10449,6.15,0.00635,0.0273,0.0,-0.02095,0.999229,-0.03926,1
10450,6.1667,0.002833,0.0329,0.0,-0.030067,0.999048,-0.043619,1
10451,6.1833,0.008083,0.032,0.0,-0.023917,0.998848,-0.047978,1
10452,6.2,0.00985,0.0307,0.0,-0.02085,0.99863,-0.052336,1
10453,6.2167,0.0048,0.03,0.0,-0.0252,0.998392,-0.056693,1
10454,6.2333,0.006667,0.0257,0.0,-0.019033,0.998135,-0.061049,1
10455,6.25,0.012767,0.0264,0.0,-0.013633,0.997859,-0.065403,1
10456,6.2667,0.0156,0.0315,0.0,-0.0159,0.997564,-0.069756,1
10457,6.2833,0.0087,0.0294,0.0,-0.0207,0.99725,-0.074108,1
10458,6.3,0.014267,0.0282,0.0,-0.013933,0.996917,-0.078459,1
10459,6.3167,0.016433,0.0284,0.0,-0.011967,0.996566,-0.082808,1
10460,6.3333,0.013883,0.0286,0.0,-0.014717,0.996195,-0.087156,1
10461,6.35,0.015933,0.032,0.0,-0.016067,0.995805,-0.091502,1
10462,6.3667,0.0132,0.0283,0.0,-0.0151,0.995396,-0.095846,1
10463,6.3833,0.011233,0.0273,0.0,-0.016067,0.994969,-0.100188,1
10464,6.4,0.014867,0.0292,0.0,-0.014333,0.994522,-0.104528,1
10465,6.4167,0.0191,0.0312,0.0,-0.0121,0.994056,-0.108867,1
10466,6.4333,0.014883,0.0318,0.0,-0.016917,0.993572,-0.113203,1
10467,6.45,0.01685,0.0276,0.0,-0.01075,0.993068,-0.117537,1
10468,6.4667,0.015617,0.0261,0.0,-0.010483,0.992546,-0.121869,1
10469,6.4833,0.016883,0.0284,0.0,-0.011517,0.992005,-0.126199,1
10470,6.5,0.020033,0.0287,0.0,-0.008667,0.991445,-0.130526,1
10471,6.5167,0.020183,0.03,0.0,-0.009817,0.990866,-0.134851,1
10472,6.5333,0.021,0.0296,0.0,-0.0086,0.990268,-0.139173,1
10473,6.55,0.02115,0.0239,0.0,-0.00275,0.989651,-0.143493,1
10474,6.5667,0.022967,0.0255,0.0,-0.002533,0.989016,-0.147809,1
10475,6.5833,0.021817,0.0275,0.0,-0.005683,0.988362,-0.152123,1
10476,6.6,0.019133,0.0292,0.0,-0.010067,0.987688,-0.156434,1
10477,6.6167,0.023183,0.0305,0.0,-0.007317,0.986996,-0.160743,1
10478,6.6333,0.027217,0.0321,0.0,-0.004883,0.986286,-0.165048,1
10479,6.65,0.023867,0.0309,0.0,-0.007033,0.985556,-0.16935,1
10480,6.6667,0.029933,0.028,0.0019,0.001933,0.984808,-0.173648,0
10481,6.6833,0.03075,0.0286,0.004,0.00215,0.984041,-0.177944,0
10482,6.7,0.0304,0.0302,0.0042,0.0002,0.983255,-0.182236,0
10483,6.7167,0.0261,0.0273,0.003,-0.0012,0.98245,-0.186524,0
10484,6.7333,0.027733,0.0292,0.0015,-0.001467,0.981627,-0.190809,0
10485,6.75,0.03265,0.0283,0.0059,0.00435,0.980785,-0.19509,0
10486,6.7667,0.030267,0.0297,0.0065,0.000567,0.979925,-0.199368,0
10487,6.7833,0.032567,0.0246,0.0145,0.007967,0.979045,-0.203642,0
10488,6.8,0.029083,0.028,0.0156,0.001083,0.978148,-0.207912,0
10489,6.8167,0.02795,0.0293,0.0142,-0.00135,0.977231,-0.212178,0
10490,6.8333,0.0306,0.0287,0.0161,0.0019,0.976296,-0.21644,0
10491,6.85,0.03055,0.0282,0.0184,0.00235,0.975342,-0.220697,0
10492,6.8667,0.035433,0.0285,0.0253,0.006933,0.97437,-0.224951,0
10493,6.8833,0.034883,0.0277,0.0325,0.007183,0.973379,-0.2292,0
10494,6.9,0.0348,0.0277,0.0396,0.0071,0.97237,-0.233445,0
10495,6.9167,0.03365,0.0261,0.0472,0.00755,0.971342,-0.237686,0
10496,6.9333,0.035867,0.0293,0.0538,0.006567,0.970296,-0.241922,0
10497,6.95,0.040917,0.0269,0.0678,0.014017,0.969231,-0.246153,0
10498,6.9667,0.039217,0.0247,0.0823,0.014517,0.968148,-0.25038,0
10499,6.9833,0.036733,0.0265,0.0925,0.010233,0.967046,-0.254602,0
10500,7.0,0.037067,0.0536,0.076,-0.016533,0.965926,-0.258819,0
10501,7.0167,0.043967,0.0542,0.0658,-0.010233,0.964787,-0.263031,0
10502,7.0333,0.041733,0.054,0.0535,-0.012267,0.96363,-0.267238,0
10503,7.05,0.043,0.0525,0.044,-0.0095,0.962455,-0.27144,0
10504,7.0667,0.042017,0.0519,0.0341,-0.009883,0.961262,-0.275637,0
10505,7.0833,0.039383,0.0497,0.0238,-0.010317,0.96005,-0.279829,0
10506,7.1,0.044217,0.0516,0.0164,-0.007383,0.95882,-0.284015,0
10507,7.1167,0.045917,0.0502,0.0121,-0.004283,0.957571,-0.288196,0
10508,7.1333,0.045117,0.0502,0.007,-0.005083,0.956305,-0.292372,0
10509,7.15,0.044517,0.0514,0.0001,-0.006883,0.95502,-0.296542,0
10510,7.1667,0.045867,0.0505,0.0,-0.004633,0.953717,-0.300706,1
10511,7.1833,0.040217,0.053,0.0,-0.012783,0.952396,-0.304864,1
10512,7.2,0.04315,0.0511,0.0,-0.00795,0.951057,-0.309017,1
10513,7.2167,0.04925,0.054,0.0,-0.00475,0.949699,-0.313164,1
10514,7.2333,0.050733,0.0504,0.0003,0.000333,0.948324,-0.317305,0
10515,7.25,0.044667,0.0522,0.0,-0.007533,0.94693,-0.321439,1
10516,7.2667,0.047967,0.0505,0.0,-0.002533,0.945519,-0.325568,1
10517,7.2833,0.048217,0.0536,0.0,-0.005383,0.944089,-0.329691,1
10518,7.3,0.057767,0.0555,0.0023,0.002267,0.942641,-0.333807,0
10519,7.3167,0.0516,0.0518,0.0021,-0.0002,0.941176,-0.337917,0
10520,7.3333,0.048617,0.0514,0.0,-0.002783,0.939693,-0.34202,1
10521,7.35,0.049783,0.0549,0.0,-0.005117,0.938191,-0.346117,1
10522,7.3667,0.0475,0.1125,0.0,-0.065,0.936672,-0.350207,1
10523,7.3833,0.051767,0.1166,0.0,-0.064833,0.935135,-0.354291,1
10524,7.4,0.05175,0.1174,0.0,-0.06565,0.93358,-0.358368,1
10525,7.4167,0.051983,0.1182,0.0,-0.066217,0.932008,-0.362438,1
10526,7.4333,0.0566,0.1153,0.0,-0.0587,0.930418,-0.366501,1
10527,7.45,0.057033,0.1178,0.0,-0.060767,0.92881,-0.370557,1
10528,7.4667,0.054117,0.1185,0.0,-0.064383,0.927184,-0.374607,1
10529,7.4833,0.05775,0.1157,0.0,-0.05795,0.925541,-0.378649,1
10530,7.5,0.054183,0.1141,0.0,-0.059917,0.92388,-0.382683,1
10531,7.5167,0.06055,0.1157,0.0,-0.05515,0.922201,-0.386711,1
10532,7.5333,0.05935,0.1176,0.0,-0.05825,0.920505,-0.390731,1
10533,7.55,0.05855,0.118,0.0,-0.05945,0.918791,-0.394744,1
10534,7.5667,0.06625,0.114,0.0,-0.04775,0.91706,-0.398749,1
10535,7.5833,0.062533,0.1153,0.0,-0.052767,0.915311,-0.402747,1
10536,7.6,0.0618,0.1167,0.0,-0.0549,0.913545,-0.406737,1
10537,7.6167,0.05805,0.1179,0.0,-0.05985,0.911762,-0.410719,1
10538,7.6333,0.060967,0.1179,0.0,-0.056933,0.909961,-0.414693,1
10539,7.65,0.0594,0.1141,0.0,-0.0547,0.908143,-0.41866,1
10540,7.6667,0.0623,0.117,0.0,-0.0547,0.906308,-0.422618,1
10541,7.6833,0.06525,0.1186,0.0,-0.05335,0.904455,-0.426569,1
10542,7.7,0.065667,0.1142,0.0,-0.048533,0.902585,-0.430511,1
10543,7.7167,0.06595,0.1188,0.0,-0.05285,0.900698,-0.434445,1
10544,7.7333,0.068467,0.1173,0.0,-0.048833,0.898794,-0.438371,1
10545,7.75,0.066917,0.1146,0.0,-0.047683,0.896873,-0.442289,1
10546,7.7667,0.06295,0.1157,0.0,-0.05275,0.894934,-0.446198,1
10547,7.7833,0.065033,0.1141,0.0,-0.049067,0.892979,-0.450098,1
10548,7.8,0.070617,0.1131,0.0,-0.042483,0.891007,-0.45399,1
10549,7.8167,0.075017,0.1159,0.0,-0.040883,0.889017,-0.457874,1
10550,7.8333,0.066533,0.1163,0.0,-0.049767,0.887011,-0.461749,1
10551,7.85,0.07135,0.1193,0.0,-0.04795,0.884988,-0.465615,1
10552,7.8667,0.07165,0.1184,0.0,-0.04675,0.882948,-0.469472,1
10553,7.8833,0.06585,0.1129,0.0,-0.04705,0.880891,-0.47332,1
10554,7.9,0.0672,0.1163,0.0,-0.0491,0.878817,-0.477159,1
10555,7.9167,0.073183,0.116,0.0,-0.042817,0.876727,-0.480989,1
10556,7.9333,0.075017,0.117,0.0,-0.041983,0.87462,-0.48481,1
10557,7.95,0.074283,0.1184,0.0,-0.044117,0.872496,-0.488621,1
10558,7.9667,0.073117,0.1138,0.0,-0.040683,0.870356,-0.492424,1
10559,7.9833,0.073933,0.1167,0.0,-0.042767,0.868199,-0.496217,1
10560,8.0,0.077,0.1129,0.0,-0.0359,0.866025,-0.5,1
10561,8.0167,0.0741,0.1166,0.0,-0.0425,0.863836,-0.503774,1
10562,8.0333,0.076,0.1144,0.0,-0.0384,0.861629,-0.507538,1
10563,8.05,0.078367,0.1165,0.0,-0.038133,0.859406,-0.511293,1
10564,8.0667,0.08005,0.1147,0.0,-0.03465,0.857167,-0.515038,1
10565,8.0833,0.075083,0.113,0.0,-0.037917,0.854912,-0.518773,1
10566,8.1,0.078133,0.1137,0.0,-0.035567,0.85264,-0.522499,1
10567,8.1167,0.076383,0.115,0.0,-0.038617,0.850352,-0.526214,1
10568,8.1333,0.079383,0.1121,0.0,-0.032717,0.848048,-0.529919,1
10569,8.15,0.08015,0.1135,0.0,-0.03335,0.845728,-0.533615,1
10570,8.1667,0.07745,0.1131,0.0,-0.03565,0.843391,-0.5373,1
10571,8.1833,0.081383,0.1162,0.0,-0.034817,0.841039,-0.540974,1
10572,8.2,0.077583,0.1156,0.0,-0.038017,0.838671,-0.544639,1
10573,8.2167,0.080583,0.1144,0.0,-0.033817,0.836286,-0.548293,1
10574,8.2333,0.082267,0.1167,0.0,-0.034433,0.833886,-0.551937,1
10575,8.25,0.081233,0.1143,0.0,-0.033067,0.83147,-0.55557,1
10576,8.2667,0.088317,0.112,0.0,-0.023683,0.829038,-0.559193,1
10577,8.2833,0.081933,0.1167,0.0,-0.034767,0.82659,-0.562805,1
10578,8.3,0.0803,0.1143,0.0,-0.034,0.824126,-0.566406,1
10579,8.3167,0.083067,0.1148,0.0,-0.031733,0.821647,-0.569997,1
10580,8.3333,0.088117,0.1167,0.0,-0.028583,0.819152,-0.573576,1
10581,8.35,0.09165,0.1163,0.0,-0.02465,0.816642,-0.577145,1
10582,8.3667,0.087767,0.1201,0.0,-0.032333,0.814116,-0.580703,1
10583,8.3833,0.089067,0.1147,0.0,-0.025633,0.811574,-0.58425,1
10584,8.4,0.08675,0.116,0.0,-0.02925,0.809017,-0.587785,1
10585,8.4167,0.087933,0.1145,0.0,-0.026567,0.806445,-0.59131,1
10586,8.4333,0.089917,0.1146,0.0,-0.024683,0.803857,-0.594823,1
10587,8.45,0.0951,0.1174,0.0,-0.0223,0.801254,-0.598325,1
10588,8.4667,0.091633,0.1141,0.0,-0.022467,0.798636,-0.601815,1
10589,8.4833,0.090817,0.1145,0.0,-0.023683,0.796002,-0.605294,1
10590,8.5,0.08525,0.1151,0.0,-0.02985,0.793353,-0.608761,1
10591,8.5167,0.091367,0.1203,0.0,-0.028933,0.79069,-0.612217,1
10592,8.5333,0.094317,0.1152,0.0,-0.020883,0.788011,-0.615661,1
10593,8.55,0.093567,0.1134,0.0,-0.019833,0.785317,-0.619094,1
10594,8.5667,0.095183,0.1166,0.0,-0.021417,0.782608,-0.622515,1
10595,8.5833,0.096633,0.1146,0.0,-0.017967,0.779884,-0.625923,1
10596,8.6,0.0979,0.117,0.0,-0.0191,0.777146,-0.62932,1
10597,8.6167,0.096833,0.115,0.0,-0.018167,0.774393,-0.632705,1
10598,8.6333,0.097433,0.1154,0.0,-0.017967,0.771625,-0.636078,1
10599,8.65,0.099217,0.1159,0.0,-0.016683,0.768842,-0.639439,1
10600,8.6667,0.09375,0.1153,0.0,-0.02155,0.766044,-0.642788,1
10601,8.6833,0.098483,0.1157,0.0,-0.017217,0.763232,-0.646124,1
10602,8.7,0.100183,0.0513,0.0489,0.048883,0.760406,-0.649448,0
10603,8.7167,0.1004,0.0494,0.0999,0.051,0.757565,-0.65276,0
10604,8.7333,0.092983,0.0489,0.144,0.044083,0.75471,-0.656059,0
10605,8.75,0.09775,0.0548,0.187,0.04295,0.75184,-0.659346,0
10606,8.7667,0.098367,0.0494,0.236,0.048967,0.748956,-0.66262,0
10607,8.7833,0.10265,0.0532,0.2854,0.04945,0.746057,-0.665882,0
10608,8.8,0.101,0.0491,0.3373,0.0519,0.743145,-0.669131,0
10609,8.8167,0.10225,0.0532,0.3863,0.04905,0.740218,-0.672367,0
10610,8.8333,0.10515,0.0506,0.4408,0.05455,0.737277,-0.67559,0
10611,8.85,0.1041,0.0537,0.4912,0.0504,0.734323,-0.678801,0
10612,8.8667,0.10295,0.0548,0.5394,0.04815,0.731354,-0.681998,0
10613,8.8833,0.105217,0.0519,0.5927,0.053317,0.728371,-0.685183,0
10614,8.9,0.101067,0.0515,0.6423,0.049567,0.725374,-0.688355,0
10615,8.9167,0.102183,0.0547,0.6898,0.047483,0.722364,-0.691513,0
10616,8.9333,0.101083,0.052,0.7389,0.049083,0.71934,-0.694658,0
10617,8.95,0.107033,0.0477,0.7982,0.059333,0.716302,-0.69779,0
10618,8.9667,0.10485,0.0557,0.8474,0.04915,0.71325,-0.700909,0
10619,8.9833,0.105933,0.0511,0.9022,0.054833,0.710185,-0.704015,0
10620,9.0,0.10405,0.0253,0.981,0.07875,0.707107,-0.707107,0
10621,9.0167,0.107517,0.0281,1.0604,0.079417,0.704015,-0.710185,0
10622,9.0333,0.110817,0.0314,1.1398,0.079417,0.700909,-0.71325,0
10623,9.05,0.105567,0.0303,1.2151,0.075267,0.69779,-0.716302,0
10624,9.0667,0.106683,0.0306,1.2912,0.076083,0.694658,-0.71934,0
10625,9.0833,0.104633,0.0322,1.3636,0.072433,0.691513,-0.722364,0
10626,9.1,0.1088,0.0267,1.4457,0.0821,0.688355,-0.725374,0
10627,9.1167,0.11015,0.0278,1.528,0.08235,0.685183,-0.728371,0
10628,9.1333,0.10635,0.0307,1.6037,0.07565,0.681998,-0.731354,0
10629,9.15,0.110117,0.0292,1.6846,0.080917,0.678801,-0.734323,0
10630,9.1667,0.109617,0.0288,1.7654,0.080817,0.67559,-0.737277,0
10631,9.1833,0.1131,0.0282,1.8503,0.0849,0.672367,-0.740218,0
10632,9.2,0.115117,0.0245,1.9409,0.090617,0.669131,-0.743145,0
10633,9.2167,0.115483,0.029,2.0274,0.086483,0.665882,-0.746057,0
10634,9.2333,0.112233,0.0314,2.1082,0.080833,0.66262,-0.748956,0
10635,9.25,0.110517,0.0273,2.1914,0.083217,0.659346,-0.75184,0
10636,9.2667,0.110183,0.0299,2.2717,0.080283,0.656059,-0.75471,0
10637,9.2833,0.111183,0.031,2.3519,0.080183,0.65276,-0.757565,0
10638,9.3,0.1122,0.0312,2.4329,0.081,0.649448,-0.760406,0
10639,9.3167,0.11085,0.0308,2.513,0.08005,0.646124,-0.763232,0
10640,9.3333,0.114583,0.0302,2.5974,0.084383,0.642788,-0.766044,0
10641,9.35,0.117067,0.0271,2.6874,0.089967,0.639439,-0.768842,0
10642,9.3667,0.112,0.0291,2.7703,0.0829,0.636078,-0.771625,0
10643,9.3833,0.113383,0.0266,2.8571,0.086783,0.632705,-0.774393,0
10644,9.4,0.1182,0.0281,2.9472,0.0901,0.62932,-0.777146,0
10645,9.4167,0.116483,0.0289,3.0348,0.087583,0.625923,-0.779884,0
10646,9.4333,0.116133,0.0313,3.1196,0.084833,0.622515,-0.782608,0
10647,9.45,0.12105,0.0301,3.2106,0.09095,0.619094,-0.785317,0
10648,9.4667,0.116683,0.0304,3.2969,0.086283,0.615661,-0.788011,0
10649,9.4833,0.119333,0.032,3.3842,0.087333,0.612217,-0.79069,0
10650,9.5,0.117367,0.0322,3.4694,0.085167,0.608761,-0.793353,0
10651,9.5167,0.121,0.0257,3.5647,0.0953,0.605294,-0.796002,0
10652,9.5333,0.126817,0.027,3.6645,0.099817,0.601815,-0.798636,0
10653,9.55,0.118917,0.0282,3.7552,0.090717,0.598325,-0.801254,0
10654,9.5667,0.12295,0.0292,3.8489,0.09375,0.594823,-0.803857,0
10655,9.5833,0.119583,0.0293,3.9392,0.090283,0.59131,-0.806445,0
10656,9.6,0.120717,0.0275,4.0324,0.093217,0.587785,-0.809017,0
10657,9.6167,0.118983,0.0293,4.1221,0.089683,0.58425,-0.811574,0
10658,9.6333,0.122567,0.027,4.2177,0.095567,0.580703,-0.814116,0
10659,9.65,0.122083,0.0263,4.3135,0.095783,0.577145,-0.816642,0
10660,9.6667,0.122783,0.0253,4.411,0.097483,0.573576,-0.819152,0
10661,9.6833,0.121233,0.0313,4.5009,0.089933,0.569997,-0.821647,0
10662,9.7,0.120733,0.0306,4.591,0.090133,0.566406,-0.824126,0
10663,9.7167,0.12375,0.0291,4.6857,0.09465,0.562805,-0.82659,0
10664,9.7333,0.1192,0.0282,4.7767,0.091,0.559193,-0.829038,0
10665,9.75,0.127,0.0254,4.8783,0.1016,0.55557,-0.83147,0
10666,9.7667,0.128183,0.0271,4.9794,0.101083,0.551937,-0.833886,0
10667,9.7833,0.12325,0.0266,5.076,0.09665,0.548293,-0.836286,0
10668,9.8,0.12415,0.0298,5.1704,0.09435,0.544639,-0.838671,0
10669,9.8167,0.124933,0.03,5.2653,0.094933,0.540974,-0.841039,0
10670,9.8333,0.130117,0.0321,5.3633,0.098017,0.5373,-0.843391,0
10671,9.85,0.1269,0.0311,5.4591,0.0958,0.533615,-0.845728,0
10672,9.8667,0.12995,0.0247,5.5644,0.10525,0.529919,-0.848048,0
10673,9.8833,0.127967,0.0285,5.6639,0.099467,0.526214,-0.850352,0
10674,9.9,0.127733,0.0283,5.7633,0.099433,0.522499,-0.85264,0
10675,9.9167,0.126017,0.0298,5.8595,0.096217,0.518773,-0.854912,0
10676,9.9333,0.129367,0.0311,5.9578,0.098267,0.515038,-0.857167,0
10677,9.95,0.1239,0.027,6.0547,0.0969,0.511293,-0.859406,0
10678,9.9667,0.124833,0.0283,6.1512,0.096533,0.507538,-0.861629,0
10679,9.9833,0.1348,0.0255,6.2605,0.1093,0.503774,-0.863836,0
10680,10.0,0.12945,0.0281,6.3619,0.10135,0.5,-0.866025,0
10681,10.0167,0.126383,0.0295,6.4588,0.096883,0.496217,-0.868199,0
10682,10.0333,0.127883,0.0273,6.5594,0.100583,0.492424,-0.870356,0
10683,10.05,0.128967,0.0287,6.6597,0.100267,0.488621,-0.872496,0
10684,10.0667,0.131067,0.0238,6.767,0.107267,0.48481,-0.87462,0
10685,10.0833,0.130117,0.0272,6.8699,0.102917,0.480989,-0.876727,0
10686,10.1,0.133167,0.0269,6.9762,0.106267,0.477159,-0.878817,0
10687,10.1167,0.130767,0.0291,7.0779,0.101667,0.47332,-0.880891,0
10688,10.1333,0.134383,0.0301,7.1822,0.104283,0.469472,-0.882948,0
10689,10.15,0.1362,0.0292,7.2892,0.107,0.465615,-0.884988,0
10690,10.1667,0.135467,0.0302,7.3945,0.105267,0.461749,-0.887011,0
10691,10.1833,0.132983,0.0301,7.4974,0.102883,0.457874,-0.889017,0
10692,10.2,0.1358,0.0314,7.6018,0.1044,0.45399,-0.891007,0
10693,10.2167,0.130183,0.0292,7.7028,0.100983,0.450098,-0.892979,0
10694,10.2333,0.1333,0.0305,7.8056,0.1028,0.446198,-0.894934,0
10695,10.25,0.138167,0.0325,7.9113,0.105667,0.442289,-0.896873,0
10696,10.2667,0.1366,0.031,8.0169,0.1056,0.438371,-0.898794,0
10697,10.2833,0.13455,0.0294,8.122,0.10515,0.434445,-0.900698,0
10698,10.3,0.134183,0.0298,8.2264,0.104383,0.430511,-0.902585,0
10699,10.3167,0.134733,0.03,8.3311,0.104733,0.426569,-0.904455,0
10700,10.3333,0.1386,0.0244,8.4453,0.1142,0.422618,-0.906308,0
10701,10.35,0.139083,0.0286,8.5558,0.110483,0.41866,-0.908143,0
10702,10.3667,0.1345,0.0289,8.6614,0.1056,0.414693,-0.909961,0
10703,10.3833,0.13865,0.0283,8.7718,0.11035,0.410719,-0.911762,0
10704,10.4,0.139133,0.0277,8.8832,0.111433,0.406737,-0.913545,0
10705,10.4167,0.1354,0.0295,8.9891,0.1059,0.402747,-0.915311,0
10706,10.4333,0.141933,0.03,9.101,0.111933,0.398749,-0.91706,0
10707,10.45,0.13475,0.0294,9.2064,0.10535,0.394744,-0.918791,0
10708,10.4667,0.136483,0.031,9.3119,0.105483,0.390731,-0.920505,0
10709,10.4833,0.138583,0.026,9.4245,0.112583,0.386711,-0.922201,0
10710,10.5,0.137383,0.0259,9.536,0.111483,0.382683,-0.92388,0
10711,10.5167,0.13975,0.0296,9.6461,0.11015,0.378649,-0.925541,0
10712,10.5333,0.1422,0.0335,9.7548,0.1087,0.374607,-0.927184,0
10713,10.55,0.137733,0.0271,9.8654,0.110633,0.370557,-0.92881,0
10714,10.5667,0.133033,0.0292,9.9692,0.103833,0.366501,-0.930418,0
10715,10.5833,0.144183,0.0224,10.091,0.121783,0.362438,-0.932008,0
10716,10.6,0.142083,0.0295,10.2036,0.112583,0.358368,-0.93358,0
10717,10.6167,0.143983,0.0293,10.3183,0.114683,0.354291,-0.935135,0
10718,10.6333,0.13885,0.0309,10.4262,0.10795,0.350207,-0.936672,0
10719,10.65,0.140483,0.0282,10.5385,0.112283,0.346117,-0.938191,0
10720,10.6667,0.138983,0.0301,10.6474,0.108883,0.34202,-0.939693,0
10721,10.6833,0.140183,0.0281,10.7595,0.112083,0.337917,-0.941176,0
10722,10.7,0.140167,0.0308,10.8689,0.109367,0.333807,-0.942641,0
10723,10.7167,0.137517,0.0263,10.9801,0.111217,0.329691,-0.944089,0
10724,10.7333,0.143267,0.0317,11.0917,0.111567,0.325568,-0.945519,0
10725,10.75,0.145767,0.0263,11.2112,0.119467,0.321439,-0.94693,0
10726,10.7667,0.142117,0.0256,11.3277,0.116517,0.317305,-0.948324,0
10727,10.7833,0.142133,0.0316,11.4382,0.110533,0.313164,-0.949699,0
10728,10.8,0.142267,0.0274,11.5531,0.114867,0.309017,-0.951057,0
10729,10.8167,0.141467,0.0276,11.667,0.113867,0.304864,-0.952396,0
10730,10.8333,0.143783,0.0288,11.782,0.114983,0.300706,-0.953717,0
10731,10.85,0.142983,0.0281,11.8969,0.114883,0.296542,-0.95502,0
10732,10.8667,0.143817,0.0288,12.0119,0.115017,0.292372,-0.956305,0
10733,10.8833,0.1491,0.029,12.132,0.1201,0.288196,-0.957571,0
10734,10.9,0.145483,0.0296,12.2479,0.115883,0.284015,-0.95882,0
10735,10.9167,0.14535,0.0269,12.3664,0.11845,0.279829,-0.96005,0
10736,10.9333,0.1449,0.0265,12.4848,0.1184,0.275637,-0.961262,0
10737,10.95,0.142783,0.0286,12.599,0.114183,0.27144,-0.962455,0
10738,10.9667,0.1456,0.0319,12.7127,0.1137,0.267238,-0.96363,0
10739,10.9833,0.146617,0.0288,12.8305,0.117817,0.263031,-0.964787,0
10740,11.0,0.14125,0.027,12.9448,0.11425,0.258819,-0.965926,0
10741,11.0167,0.145867,0.0286,13.0621,0.117267,0.254602,-0.967046,0
10742,11.0333,0.1401,0.0267,13.1755,0.1134,0.25038,-0.968148,0
10743,11.05,0.144467,0.0304,13.2896,0.114067,0.246153,-0.969231,0
10744,11.0667,0.145217,0.0294,13.4054,0.115817,0.241922,-0.970296,0
10745,11.0833,0.14185,0.0293,13.518,0.11255,0.237686,-0.971342,0
10746,11.1,0.147917,0.0297,13.6362,0.118217,0.233445,-0.97237,0
10747,11.1167,0.14655,0.028,13.7547,0.11855,0.2292,-0.973379,0
10748,11.1333,0.145033,0.0261,13.8736,0.118933,0.224951,-0.97437,0
10749,11.15,0.144467,0.0316,13.9865,0.112867,0.220697,-0.975342,0
10750,11.1667,0.14565,0.0254,14.1067,0.12025,0.21644,-0.976296,0
10751,11.1833,0.145633,0.0325,14.2198,0.113133,0.212178,-0.977231,0
10752,11.2,0.143467,0.025,14.3383,0.118467,0.207912,-0.978148,0
10753,11.2167,0.147867,0.0284,14.4578,0.119467,0.203642,-0.979045,0
10754,11.2333,0.1403,0.0303,14.5678,0.11,0.199368,-0.979925,0
10755,11.25,0.149267,0.0306,14.6865,0.118667,0.19509,-0.980785,0
10756,11.2667,0.146617,0.0284,14.8047,0.118217,0.190809,-0.981627,0
10757,11.2833,0.150967,0.0246,14.9311,0.126367,0.186524,-0.98245,0
10758,11.3,0.1497,0.0285,15.0,0.1212,0.182236,-0.983255,0
10759,11.3167,0.145783,0.0305,15.0,0.115283,0.177944,-0.984041,0
10760,11.3333,0.14495,0.0279,15.0,0.11705,0.173648,-0.984808,0
10761,11.35,0.143267,0.0296,15.0,0.113667,0.16935,-0.985556,0
10762,11.3667,0.146567,0.0278,15.0,0.118767,0.165048,-0.986286,0
10763,11.3833,0.148533,0.0295,15.0,0.119033,0.160743,-0.986996,0
10764,11.4,0.147367,0.0271,15.0,0.120267,0.156434,-0.987688,0
10765,11.4167,0.150533,0.0315,15.0,0.119033,0.152123,-0.988362,0
10766,11.4333,0.14795,0.0301,15.0,0.11785,0.147809,-0.989016,0
10767,11.45,0.1508,0.0295,15.0,0.1213,0.143493,-0.989651,0
10768,11.4667,0.144967,0.0263,15.0,0.118667,0.139173,-0.990268,0
10769,11.4833,0.153733,0.0241,15.0,0.129633,0.134851,-0.990866,0
10770,11.5,0.149117,0.0293,15.0,0.119817,0.130526,-0.991445,0
10771,11.5167,0.150717,0.0299,15.0,0.120817,0.126199,-0.992005,0
10772,11.5333,0.141467,0.0268,15.0,0.114667,0.121869,-0.992546,0
10773,11.55,0.147317,0.031,15.0,0.116317,0.117537,-0.993068,0
10774,11.5667,0.153267,0.027,15.0,0.126267,0.113203,-0.993572,0
10775,11.5833,0.15025,0.0301,15.0,0.12015,0.108867,-0.994056,0
10776,11.6,0.151017,0.0288,15.0,0.122217,0.104528,-0.994522,0
10777,11.6167,0.152233,0.0305,15.0,0.121733,0.100188,-0.994969,0
10778,11.6333,0.149983,0.0284,15.0,0.121583,0.095846,-0.995396,0
10779,11.65,0.148067,0.0311,15.0,0.116967,0.091502,-0.995805,0
10780,11.6667,0.147617,0.0301,15.0,0.117517,0.087156,-0.996195,0
10781,11.6833,0.148783,0.0257,15.0,0.123083,0.082808,-0.996566,0
10782,11.7,0.150317,0.0321,15.0,0.118217,0.078459,-0.996917,0
10783,11.7167,0.148567,0.0285,15.0,0.120067,0.074108,-0.99725,0
10784,11.7333,0.15235,0.0302,15.0,0.12215,0.069756,-0.997564,0
10785,11.75,0.148083,0.027,15.0,0.121083,0.065403,-0.997859,0
10786,11.7667,0.149533,0.0277,15.0,0.121833,0.061049,-0.998135,0
10787,11.7833,0.1486,0.0297,15.0,0.1189,0.056693,-0.998392,0
10788,11.8,0.146983,0.0288,15.0,0.118183,0.052336,-0.99863,0
10789,11.8167,0.147817,0.0267,15.0,0.121117,0.047978,-0.998848,0
10790,11.8333,0.149883,0.0302,15.0,0.119683,0.043619,-0.999048,0
10791,11.85,0.148633,0.0307,15.0,0.117933,0.03926,-0.999229,0
10792,11.8667,0.152033,0.0311,15.0,0.120933,0.034899,-0.999391,0
10793,11.8833,0.147533,0.0295,15.0,0.118033,0.030539,-0.999534,0
10794,11.9,0.149133,0.0281,15.0,0.121033,0.026177,-0.999657,0
10795,11.9167,0.149783,0.0297,15.0,0.120083,0.021815,-0.999762,0
10796,11.9333,0.150633,0.0279,15.0,0.122733,0.017452,-0.999848,0
10797,11.95,0.1475,0.0253,15.0,0.1222,0.01309,-0.999914,0
10798,11.9667,0.149217,0.0263,15.0,0.122917,0.008727,-0.999962,0
10799,11.9833,0.150867,0.027,15.0,0.123867,0.004363,-0.99999,0
10800,12.0,0.15005,0.0319,15.0,0.11815,0.0,-1.0,0
10801,12.0167,0.146817,0.0272,15.0,0.119617,-0.004363,-0.99999,0
10802,12.0333,0.148867,0.0287,15.0,0.120167,-0.008727,-0.999962,0
10803,12.05,0.152883,0.0295,15.0,0.123383,-0.01309,-0.999914,0
10804,12.0667,0.150067,0.0282,15.0,0.121867,-0.017452,-0.999848,0
10805,12.0833,0.151933,0.027,15.0,0.124933,-0.021815,-0.999762,0
10806,12.1,0.148017,0.0333,15.0,0.114717,-0.026177,-0.999657,0
10807,12.1167,0.149617,0.0283,15.0,0.121317,-0.030539,-0.999534,0
10808,12.1333,0.14845,0.0281,15.0,0.12035,-0.034899,-0.999391,0
10809,12.15,0.155317,0.0278,15.0,0.127517,-0.03926,-0.999229,0
10810,12.1667,0.148467,0.0284,15.0,0.120067,-0.043619,-0.999048,0
10811,12.1833,0.147583,0.0301,15.0,0.117483,-0.047978,-0.998848,0
10812,12.2,0.146233,0.0265,15.0,0.119733,-0.052336,-0.99863,0
10813,12.2167,0.149617,0.0295,15.0,0.120117,-0.056693,-0.998392,0
10814,12.2333,0.150117,0.0301,15.0,0.120017,-0.061049,-0.998135,0
10815,12.25,0.152867,0.0257,15.0,0.127167,-0.065403,-0.997859,0
10816,12.2667,0.149083,0.0287,15.0,0.120383,-0.069756,-0.997564,0
10817,12.2833,0.154483,0.0278,15.0,0.126683,-0.074108,-0.99725,0
10818,12.3,0.151683,0.0281,15.0,0.123583,-0.078459,-0.996917,0
10819,12.3167,0.14585,0.0277,15.0,0.11815,-0.082808,-0.996566,0
10820,12.3333,0.152917,0.0281,15.0,0.124817,-0.087156,-0.996195,0
10821,12.35,0.149167,0.0316,15.0,0.117567,-0.091502,-0.995805,0
10822,12.3667,0.152133,0.0303,15.0,0.121833,-0.095846,-0.995396,0
10823,12.3833,0.152383,0.0326,15.0,0.119783,-0.100188,-0.994969,0
10824,12.4,0.151,0.0278,15.0,0.1232,-0.104528,-0.994522,0
10825,12.4167,0.146517,0.0293,15.0,0.117217,-0.108867,-0.994056,0
10826,12.4333,0.150217,0.0287,15.0,0.121517,-0.113203,-0.993572,0
10827,12.45,0.150367,0.0223,15.0,0.128067,-0.117537,-0.993068,0
10828,12.4667,0.14595,0.029,15.0,0.11695,-0.121869,-0.992546,0
10829,12.4833,0.14875,0.0273,15.0,0.12145,-0.126199,-0.992005,0
10830,12.5,0.1451,0.0277,15.0,0.1174,-0.130526,-0.991445,0
10831,12.5167,0.147667,0.03,15.0,0.117667,-0.134851,-0.990866,0
10832,12.5333,0.145383,0.0278,15.0,0.117583,-0.139173,-0.990268,0
10833,12.55,0.1486,0.0287,15.0,0.1199,-0.143493,-0.989651,0
10834,12.5667,0.14695,0.0279,15.0,0.11905,-0.147809,-0.989016,0
10835,12.5833,0.153317,0.0304,15.0,0.122917,-0.152123,-0.988362,0
10836,12.6,0.149683,0.0285,15.0,0.121183,-0.156434,-0.987688,0
10837,12.6167,0.1473,0.0295,15.0,0.1178,-0.160743,-0.986996,0
10838,12.6333,0.1437,0.03,15.0,0.1137,-0.165048,-0.986286,0
10839,12.65,0.149567,0.027,15.0,0.122567,-0.16935,-0.985556,0
10840,12.6667,0.1455,0.0322,15.0,0.1133,-0.173648,-0.984808,0
10841,12.6833,0.15045,0.0305,15.0,0.11995,-0.177944,-0.984041,0
10842,12.7,0.145117,0.0268,15.0,0.118317,-0.182236,-0.983255,0
10843,12.7167,0.145983,0.0293,15.0,0.116683,-0.186524,-0.98245,0
10844,12.7333,0.151183,0.0287,15.0,0.122483,-0.190809,-0.981627,0
10845,12.75,0.148217,0.0272,15.0,0.121017,-0.19509,-0.980785,0
10846,12.7667,0.1463,0.0297,15.0,0.1166,-0.199368,-0.979925,0
10847,12.7833,0.148633,0.0258,15.0,0.122833,-0.203642,-0.979045,0
10848,12.8,0.1524,0.0301,15.0,0.1223,-0.207912,-0.978148,0
10849,12.8167,0.144183,0.0298,15.0,0.114383,-0.212178,-0.977231,0
10850,12.8333,0.149217,0.026,15.0,0.123217,-0.21644,-0.976296,0
10851,12.85,0.144283,0.0281,15.0,0.116183,-0.220697,-0.975342,0
10852,12.8667,0.145183,0.0239,15.0,0.121283,-0.224951,-0.97437,0
10853,12.8833,0.144017,0.0276,15.0,0.116417,-0.2292,-0.973379,0
10854,12.9,0.1445,0.0279,15.0,0.1166,-0.233445,-0.97237,0
10855,12.9167,0.1494,0.027,15.0,0.1224,-0.237686,-0.971342,0
10856,12.9333,0.145517,0.0315,15.0,0.114017,-0.241922,-0.970296,0
10857,12.95,0.143267,0.0285,15.0,0.114767,-0.246153,-0.969231,0
10858,12.9667,0.15005,0.0288,15.0,0.12125,-0.25038,-0.968148,0
10859,12.9833,0.150733,0.0304,15.0,0.120333,-0.254602,-0.967046,0
10860,13.0,0.142917,0.0288,15.0,0.114117,-0.258819,-0.965926,0
10861,13.0167,0.1455,0.0271,15.0,0.1184,-0.263031,-0.964787,0
10862,13.0333,0.142533,0.026,15.0,0.116533,-0.267238,-0.96363,0
10863,13.05,0.1431,0.0286,15.0,0.1145,-0.27144,-0.962455,0
10864,13.0667,0.150467,0.0286,15.0,0.121867,-0.275637,-0.961262,0
10865,13.0833,0.143083,0.0277,15.0,0.115383,-0.279829,-0.96005,0
10866,13.1,0.142967,0.0274,15.0,0.115567,-0.284015,-0.95882,0
10867,13.1167,0.144833,0.0289,15.0,0.115933,-0.288196,-0.957571,0
10868,13.1333,0.1434,0.0277,15.0,0.1157,-0.292372,-0.956305,0
10869,13.15,0.142617,0.0336,15.0,0.109017,-0.296542,-0.95502,0
10870,13.1667,0.140783,0.0303,15.0,0.110483,-0.300706,-0.953717,0
10871,13.1833,0.146917,0.0307,15.0,0.116217,-0.304864,-0.952396,0
10872,13.2,0.143283,0.0262,15.0,0.117083,-0.309017,-0.951057,0
10873,13.2167,0.1458,0.0292,15.0,0.1166,-0.313164,-0.949699,0
10874,13.2333,0.13675,0.0314,15.0,0.10535,-0.317305,-0.948324,0
10875,13.25,0.143633,0.0295,15.0,0.114133,-0.321439,-0.94693,0
10876,13.2667,0.138717,0.0283,15.0,0.110417,-0.325568,-0.945519,0
10877,13.2833,0.141717,0.0291,15.0,0.112617,-0.329691,-0.944089,0
10878,13.3,0.144367,0.0342,15.0,0.110167,-0.333807,-0.942641,0
10879,13.3167,0.138117,0.026,15.0,0.112117,-0.337917,-0.941176,0
10880,13.3333,0.142183,0.0272,15.0,0.114983,-0.34202,-0.939693,0
10881,13.35,0.141983,0.0284,15.0,0.113583,-0.346117,-0.938191,0
10882,13.3667,0.1421,0.0289,15.0,0.1132,-0.350207,-0.936672,0
10883,13.3833,0.14415,0.0302,15.0,0.11395,-0.354291,-0.935135,0
10884,13.4,0.138883,0.0271,15.0,0.111783,-0.358368,-0.93358,0
10885,13.4167,0.137233,0.0302,15.0,0.107033,-0.362438,-0.932008,0
10886,13.4333,0.1394,0.0276,15.0,0.1118,-0.366501,-0.930418,0
10887,13.45,0.1397,0.028,15.0,0.1117,-0.370557,-0.92881,0
10888,13.4667,0.142733,0.0284,15.0,0.114333,-0.374607,-0.927184,0
10889,13.4833,0.141783,0.0261,15.0,0.115683,-0.378649,-0.925541,0
10890,13.5,0.13475,0.0257,15.0,0.10905,-0.382683,-0.92388,0
10891,13.5167,0.140233,0.0255,15.0,0.114733,-0.386711,-0.922201,0
10892,13.5333,0.1394,0.0313,15.0,0.1081,-0.390731,-0.920505,0
10893,13.55,0.138583,0.0269,15.0,0.111683,-0.394744,-0.918791,0
10894,13.5667,0.136667,0.0216,15.0,0.115067,-0.398749,-0.91706,0
10895,13.5833,0.13325,0.0259,15.0,0.10735,-0.402747,-0.915311,0
10896,13.6,0.136667,0.0299,15.0,0.106767,-0.406737,-0.913545,0
10897,13.6167,0.1348,0.0244,15.0,0.1104,-0.410719,-0.911762,0
10898,13.6333,0.134383,0.0292,15.0,0.105183,-0.414693,-0.909961,0
10899,13.65,0.137483,0.0275,15.0,0.109983,-0.41866,-0.908143,0
10900,13.6667,0.132867,0.031,15.0,0.101867,-0.422618,-0.906308,0
10901,13.6833,0.136867,0.0299,15.0,0.106967,-0.426569,-0.904455,0
10902,13.7,0.13755,0.0288,15.0,0.10875,-0.430511,-0.902585,0
10903,13.7167,0.1368,0.0239,15.0,0.1129,-0.434445,-0.900698,0
10904,13.7333,0.140017,0.0326,15.0,0.107417,-0.438371,-0.898794,0
10905,13.75,0.134933,0.0311,15.0,0.103833,-0.442289,-0.896873,0
10906,13.7667,0.138033,0.0288,15.0,0.109233,-0.446198,-0.894934,0
10907,13.7833,0.128833,0.0288,15.0,0.100033,-0.450098,-0.892979,0
10908,13.8,0.128683,0.0304,15.0,0.098283,-0.45399,-0.891007,0
10909,13.8167,0.13595,0.0273,15.0,0.10865,-0.457874,-0.889017,0
10910,13.8333,0.1322,0.0314,15.0,0.1008,-0.461749,-0.887011,0
10911,13.85,0.13205,0.0268,15.0,0.10525,-0.465615,-0.884988,0
10912,13.8667,0.137783,0.0285,15.0,0.109283,-0.469472,-0.882948,0
10913,13.8833,0.132333,0.0297,15.0,0.102633,-0.47332,-0.880891,0
10914,13.9,0.13045,0.0325,15.0,0.09795,-0.477159,-0.878817,0
10915,13.9167,0.1347,0.0278,15.0,0.1069,-0.480989,-0.876727,0
10916,13.9333,0.131183,0.0253,15.0,0.105883,-0.48481,-0.87462,0
10917,13.95,0.132383,0.0298,15.0,0.102583,-0.488621,-0.872496,0
10918,13.9667,0.126683,0.0333,15.0,0.093383,-0.492424,-0.870356,0
10919,13.9833,0.128667,0.025,15.0,0.103667,-0.496217,-0.868199,0
10920,14.0,0.133833,0.0299,15.0,0.103933,-0.5,-0.866025,0
10921,14.0167,0.12805,0.0273,15.0,0.10075,-0.503774,-0.863836,0
10922,14.0333,0.130383,0.0322,15.0,0.098183,-0.507538,-0.861629,0
10923,14.05,0.125717,0.0265,15.0,0.099217,-0.511293,-0.859406,0
10924,14.0667,0.1268,0.0238,15.0,0.103,-0.515038,-0.857167,0
10925,14.0833,0.12815,0.0251,15.0,0.10305,-0.518773,-0.854912,0
10926,14.1,0.12425,0.0274,15.0,0.09685,-0.522499,-0.85264,0
10927,14.1167,0.126333,0.03,15.0,0.096333,-0.526214,-0.850352,0
10928,14.1333,0.125067,0.0293,15.0,0.095767,-0.529919,-0.848048,0
10929,14.15,0.126867,0.0285,15.0,0.098367,-0.533615,-0.845728,0
10930,14.1667,0.122583,0.0278,15.0,0.094783,-0.5373,-0.843391,0
10931,14.1833,0.124133,0.0275,15.0,0.096633,-0.540974,-0.841039,0
10932,14.2,0.124017,0.0286,15.0,0.095417,-0.544639,-0.838671,0
10933,14.2167,0.124167,0.0302,15.0,0.093967,-0.548293,-0.836286,0
10934,14.2333,0.1214,0.033,15.0,0.0884,-0.551937,-0.833886,0
10935,14.25,0.123,0.0265,15.0,0.0965,-0.55557,-0.83147,0
10936,14.2667,0.12125,0.0299,15.0,0.09135,-0.559193,-0.829038,0
10937,14.2833,0.123733,0.0261,15.0,0.097633,-0.562805,-0.82659,0
10938,14.3,0.124217,0.0291,15.0,0.095117,-0.566406,-0.824126,0
10939,14.3167,0.121133,0.0293,15.0,0.091833,-0.569997,-0.821647,0
10940,14.3333,0.1262,0.0291,15.0,0.0971,-0.573576,-0.819152,0
10941,14.35,0.1239,0.0282,15.0,0.0957,-0.577145,-0.816642,0
10942,14.3667,0.122467,0.0256,15.0,0.096867,-0.580703,-0.814116,0
10943,14.3833,0.12245,0.0258,15.0,0.09665,-0.58425,-0.811574,0
10944,14.4,0.119317,0.029,15.0,0.090317,-0.587785,-0.809017,0
10945,14.4167,0.119917,0.0237,15.0,0.096217,-0.59131,-0.806445,0
10946,14.4333,0.12045,0.0269,15.0,0.09355,-0.594823,-0.803857,0
10947,14.45,0.120983,0.0284,15.0,0.092583,-0.598325,-0.801254,0
10948,14.4667,0.120867,0.0308,15.0,0.090067,-0.601815,-0.798636,0
10949,14.4833,0.1221,0.0307,15.0,0.0914,-0.605294,-0.796002,0
10950,14.5,0.114933,0.0267,15.0,0.088233,-0.608761,-0.793353,0
10951,14.5167,0.1197,0.0317,15.0,0.088,-0.612217,-0.79069,0
10952,14.5333,0.11635,0.0271,15.0,0.08925,-0.615661,-0.788011,0
10953,14.55,0.120067,0.0277,15.0,0.092367,-0.619094,-0.785317,0
10954,14.5667,0.122433,0.0311,15.0,0.091333,-0.622515,-0.782608,0
10955,14.5833,0.115967,0.0281,15.0,0.087867,-0.625923,-0.779884,0
10956,14.6,0.11515,0.0276,15.0,0.08755,-0.62932,-0.777146,0
10957,14.6167,0.116317,0.0262,15.0,0.090117,-0.632705,-0.774393,0
10958,14.6333,0.11165,0.0336,15.0,0.07805,-0.636078,-0.771625,0
10959,14.65,0.117117,0.0293,15.0,0.087817,-0.639439,-0.768842,0
10960,14.6667,0.1132,0.0251,15.0,0.0881,-0.642788,-0.766044,0
10961,14.6833,0.114817,0.0255,15.0,0.089317,-0.646124,-0.763232,0
10962,14.7,0.10995,0.0318,15.0,0.07815,-0.649448,-0.760406,0
10963,14.7167,0.116483,0.0267,15.0,0.089783,-0.65276,-0.757565,0
10964,14.7333,0.112767,0.0285,15.0,0.084267,-0.656059,-0.75471,0
10965,14.75,0.11405,0.0299,15.0,0.08415,-0.659346,-0.75184,0
10966,14.7667,0.115933,0.0296,15.0,0.086333,-0.66262,-0.748956,0
10967,14.7833,0.112217,0.0299,15.0,0.082317,-0.665882,-0.746057,0
10968,14.8,0.112667,0.0309,15.0,0.081767,-0.669131,-0.743145,0
10969,14.8167,0.113733,0.0326,15.0,0.081133,-0.672367,-0.740218,0
10970,14.8333,0.108117,0.0318,15.0,0.076317,-0.67559,-0.737277,0
10971,14.85,0.10945,0.0277,15.0,0.08175,-0.678801,-0.734323,0
10972,14.8667,0.108117,0.0281,15.0,0.080017,-0.681998,-0.731354,0
10973,14.8833,0.10925,0.0278,15.0,0.08145,-0.685183,-0.728371,0
10974,14.9,0.108517,0.0261,15.0,0.082417,-0.688355,-0.725374,0
10975,14.9167,0.112233,0.0309,15.0,0.081333,-0.691513,-0.722364,0
10976,14.9333,0.104883,0.0287,15.0,0.076183,-0.694658,-0.71934,0
10977,14.95,0.105733,0.0253,15.0,0.080433,-0.69779,-0.716302,0
10978,14.9667,0.1027,0.0286,15.0,0.0741,-0.700909,-0.71325,0
10979,14.9833,0.1043,0.0295,15.0,0.0748,-0.704015,-0.710185,0
10980,15.0,0.107117,0.0277,15.0,0.079417,-0.707107,-0.707107,0
10981,15.0167,0.107,0.0305,15.0,0.0765,-0.710185,-0.704015,0
10982,15.0333,0.1079,0.0305,15.0,0.0774,-0.71325,-0.700909,0
10983,15.05,0.10295,0.0299,15.0,0.07305,-0.716302,-0.69779,0
10984,15.0667,0.10435,0.0251,15.0,0.07925,-0.71934,-0.694658,0
10985,15.0833,0.09815,0.0269,15.0,0.07125,-0.722364,-0.691513,0
10986,15.1,0.0983,0.0271,15.0,0.0712,-0.725374,-0.688355,0
10987,15.1167,0.104233,0.0286,15.0,0.075633,-0.728371,-0.685183,0
10988,15.1333,0.096333,0.0274,15.0,0.068933,-0.731354,-0.681998,0
10989,15.15,0.1049,0.0273,15.0,0.0776,-0.734323,-0.678801,0
10990,15.1667,0.101283,0.0307,15.0,0.070583,-0.737277,-0.67559,0
10991,15.1833,0.102717,0.0272,15.0,0.075517,-0.740218,-0.672367,0
10992,15.2,0.10345,0.0288,15.0,0.07465,-0.743145,-0.669131,0
10993,15.2167,0.101883,0.0279,15.0,0.073983,-0.746057,-0.665882,0
10994,15.2333,0.1009,0.0309,15.0,0.07,-0.748956,-0.66262,0
10995,15.25,0.09655,0.0298,15.0,0.06675,-0.75184,-0.659346,0
10996,15.2667,0.097983,0.0298,15.0,0.068183,-0.75471,-0.656059,0
10997,15.2833,0.098017,0.0295,15.0,0.068517,-0.757565,-0.65276,0
10998,15.3,0.099333,0.0267,15.0,0.072633,-0.760406,-0.649448,0
10999,15.3167,0.098183,0.0298,15.0,0.068383,-0.763232,-0.646124,0
11000,15.3333,0.098217,0.0298,15.0,0.068417,-0.766044,-0.642788,0
11001,15.35,0.094883,0.0273,15.0,0.067583,-0.768842,-0.639439,0
11002,15.3667,0.094733,0.0272,15.0,0.067533,-0.771625,-0.636078,0
11003,15.3833,0.095017,0.0293,15.0,0.065717,-0.774393,-0.632705,0
11004,15.4,0.092817,0.0303,15.0,0.062517,-0.777146,-0.62932,0
11005,15.4167,0.091883,0.0267,15.0,0.065183,-0.779884,-0.625923,0
11006,15.4333,0.093967,0.0276,15.0,0.066367,-0.782608,-0.622515,0
11007,15.45,0.090917,0.0269,15.0,0.064017,-0.785317,-0.619094,0
11008,15.4667,0.091533,0.0265,15.0,0.065033,-0.788011,-0.615661,0
11009,15.4833,0.090783,0.0298,15.0,0.060983,-0.79069,-0.612217,0
11010,15.5,0.092283,0.0295,15.0,0.062783,-0.793353,-0.608761,0
11011,15.5167,0.09515,0.0264,15.0,0.06875,-0.796002,-0.605294,0
11012,15.5333,0.090767,0.0312,15.0,0.059567,-0.798636,-0.601815,0
11013,15.55,0.09525,0.0257,15.0,0.06955,-0.801254,-0.598325,0
11014,15.5667,0.087617,0.0318,15.0,0.055817,-0.803857,-0.594823,0
11015,15.5833,0.086583,0.032,15.0,0.054583,-0.806445,-0.59131,0
11016,15.6,0.08775,0.0267,15.0,0.06105,-0.809017,-0.587785,0
11017,15.6167,0.08585,0.0292,15.0,0.05665,-0.811574,-0.58425,0
11018,15.6333,0.08995,0.0274,15.0,0.06255,-0.814116,-0.580703,0
11019,15.65,0.086333,0.0274,15.0,0.058933,-0.816642,-0.577145,0
11020,15.6667,0.086133,0.027,15.0,0.059133,-0.819152,-0.573576,0
11021,15.6833,0.0846,0.0301,15.0,0.0545,-0.821647,-0.569997,0
11022,15.7,0.085383,0.0282,15.0,0.057183,-0.824126,-0.566406,0
11023,15.7167,0.0831,0.0309,15.0,0.0522,-0.82659,-0.562805,0
11024,15.7333,0.085317,0.0331,15.0,0.052217,-0.829038,-0.559193,0
11025,15.75,0.08035,0.0275,15.0,0.05285,-0.83147,-0.55557,0
11026,15.7667,0.08355,0.0314,15.0,0.05215,-0.833886,-0.551937,0
11027,15.7833,0.08015,0.0293,15.0,0.05085,-0.836286,-0.548293,0
11028,15.8,0.07975,0.0303,15.0,0.04945,-0.838671,-0.544639,0
11029,15.8167,0.079417,0.025,15.0,0.054417,-0.841039,-0.540974,0
11030,15.8333,0.081283,0.0292,15.0,0.052083,-0.843391,-0.5373,0
11031,15.85,0.07815,0.028,15.0,0.05015,-0.845728,-0.533615,0
11032,15.8667,0.081567,0.0294,15.0,0.052167,-0.848048,-0.529919,0
11033,15.8833,0.078867,0.0308,15.0,0.048067,-0.850352,-0.526214,0
11034,15.9,0.079017,0.0279,15.0,0.051117,-0.85264,-0.522499,0
11035,15.9167,0.075983,0.0239,15.0,0.052083,-0.854912,-0.518773,0
11036,15.9333,0.0775,0.0265,15.0,0.051,-0.857167,-0.515038,0
11037,15.95,0.080167,0.027,15.0,0.053167,-0.859406,-0.511293,0
11038,15.9667,0.073117,0.0299,15.0,0.043217,-0.861629,-0.507538,0
11039,15.9833,0.074783,0.0263,15.0,0.048483,-0.863836,-0.503774,0
11040,16.0,0.074233,0.0268,15.0,0.047433,-0.866025,-0.5,0
11041,16.0167,0.0708,0.0265,15.0,0.0443,-0.868199,-0.496217,0
11042,16.0333,0.07375,0.0278,15.0,0.04595,-0.870356,-0.492424,0
11043,16.05,0.072717,0.0292,15.0,0.043517,-0.872496,-0.488621,0
11044,16.0667,0.0693,0.0271,15.0,0.0422,-0.87462,-0.48481,0
11045,16.0833,0.069983,0.0295,15.0,0.040483,-0.876727,-0.480989,0
11046,16.1,0.06995,0.0285,15.0,0.04145,-0.878817,-0.477159,0
11047,16.1167,0.065017,0.0322,15.0,0.032817,-0.880891,-0.47332,0
11048,16.1333,0.067317,0.0282,15.0,0.039117,-0.882948,-0.469472,0
11049,16.15,0.068283,0.0301,15.0,0.038183,-0.884988,-0.465615,0
11050,16.1667,0.074233,0.0265,15.0,0.047733,-0.887011,-0.461749,0
11051,16.1833,0.069467,0.0284,15.0,0.041067,-0.889017,-0.457874,0
11052,16.2,0.066667,0.0293,15.0,0.037367,-0.891007,-0.45399,0
11053,16.2167,0.061817,0.0255,15.0,0.036317,-0.892979,-0.450098,0
11054,16.2333,0.0671,0.0275,15.0,0.0396,-0.894934,-0.446198,0
11055,16.25,0.06335,0.0291,15.0,0.03425,-0.896873,-0.442289,0
11056,16.2667,0.06265,0.0298,15.0,0.03285,-0.898794,-0.438371,0
11057,16.2833,0.07145,0.0288,15.0,0.04265,-0.900698,-0.434445,0
11058,16.3,0.06605,0.0309,15.0,0.03515,-0.902585,-0.430511,0
11059,16.3167,0.063183,0.0294,15.0,0.033783,-0.904455,-0.426569,0
11060,16.3333,0.0609,0.0286,15.0,0.0323,-0.906308,-0.422618,0
11061,16.35,0.063833,0.0282,15.0,0.035633,-0.908143,-0.41866,0
11062,16.3667,0.065617,0.0262,15.0,0.039417,-0.909961,-0.414693,0
11063,16.3833,0.058883,0.0315,15.0,0.027383,-0.911762,-0.410719,0
11064,16.4,0.062617,0.0305,15.0,0.032117,-0.913545,-0.406737,0
11065,16.4167,0.05995,0.0289,15.0,0.03105,-0.915311,-0.402747,0
11066,16.4333,0.05945,0.0275,15.0,0.03195,-0.91706,-0.398749,0
11067,16.45,0.056417,0.0301,15.0,0.026317,-0.918791,-0.394744,0
11068,16.4667,0.066517,0.0273,15.0,0.039217,-0.920505,-0.390731,0
11069,16.4833,0.055267,0.032,15.0,0.023267,-0.922201,-0.386711,0
11070,16.5,0.060267,0.0281,15.0,0.032167,-0.92388,-0.382683,0
11071,16.5167,0.053967,0.0271,15.0,0.026867,-0.925541,-0.378649,0
11072,16.5333,0.058217,0.027,15.0,0.031217,-0.927184,-0.374607,0
11073,16.55,0.051417,0.0302,15.0,0.021217,-0.92881,-0.370557,0
11074,16.5667,0.057183,0.0312,15.0,0.025983,-0.930418,-0.366501,0
11075,16.5833,0.054867,0.0264,15.0,0.028467,-0.932008,-0.362438,0
11076,16.6,0.052967,0.0285,15.0,0.024467,-0.93358,-0.358368,0
11077,16.6167,0.050017,0.0284,15.0,0.021617,-0.935135,-0.354291,0
11078,16.6333,0.054133,0.0302,15.0,0.023933,-0.936672,-0.350207,0
11079,16.65,0.0519,0.0289,15.0,0.023,-0.938191,-0.346117,0
11080,16.6667,0.04755,0.0258,15.0,0.02175,-0.939693,-0.34202,0
11081,16.6833,0.047067,0.028,15.0,0.019067,-0.941176,-0.337917,0
11082,16.7,0.054117,0.0283,15.0,0.025817,-0.942641,-0.333807,0
11083,16.7167,0.047533,0.0311,15.0,0.016433,-0.944089,-0.329691,0
11084,16.7333,0.04755,0.0279,15.0,0.01965,-0.945519,-0.325568,0
11085,16.75,0.046267,0.0286,15.0,0.017667,-0.94693,-0.321439,0
11086,16.7667,0.049417,0.025,15.0,0.024417,-0.948324,-0.317305,0
11087,16.7833,0.046117,0.0287,15.0,0.017417,-0.949699,-0.313164,0
11088,16.8,0.045883,0.0318,15.0,0.014083,-0.951057,-0.309017,0
11089,16.8167,0.043533,0.0309,15.0,0.012633,-0.952396,-0.304864,0
11090,16.8333,0.047083,0.0311,15.0,0.015983,-0.953717,-0.300706,0
11091,16.85,0.0435,0.029,15.0,0.0145,-0.95502,-0.296542,0
11092,16.8667,0.041433,0.0281,15.0,0.013333,-0.956305,-0.292372,0
11093,16.8833,0.039533,0.0253,15.0,0.014233,-0.957571,-0.288196,0
11094,16.9,0.043717,0.0251,15.0,0.018617,-0.95882,-0.284015,0
11095,16.9167,0.0407,0.0279,15.0,0.0128,-0.96005,-0.279829,0
11096,16.9333,0.042,0.0301,15.0,0.0119,-0.961262,-0.275637,0
11097,16.95,0.038183,0.0289,15.0,0.009283,-0.962455,-0.27144,0
11098,16.9667,0.041267,0.0297,15.0,0.011567,-0.96363,-0.267238,0
11099,16.9833,0.041117,0.0282,15.0,0.012917,-0.964787,-0.263031,0
11100,17.0,0.041833,0.0309,15.0,0.010933,-0.965926,-0.258819,0
11101,17.0167,0.039217,0.0284,15.0,0.010817,-0.967046,-0.254602,0
11102,17.0333,0.038633,0.0288,15.0,0.009833,-0.968148,-0.25038,0
11103,17.05,0.04115,0.0301,15.0,0.01105,-0.969231,-0.246153,0
11104,17.0667,0.036167,0.0281,15.0,0.008067,-0.970296,-0.241922,0
11105,17.0833,0.037467,0.0251,15.0,0.012367,-0.971342,-0.237686,0
11106,17.1,0.039583,0.028,15.0,0.011583,-0.97237,-0.233445,0
11107,17.1167,0.030033,0.0303,14.9997,-0.000267,-0.973379,-0.2292,0
11108,17.1333,0.036467,0.0291,15.0,0.007367,-0.97437,-0.224951,0
11109,17.15,0.028733,0.03,14.9987,-0.001267,-0.975342,-0.220697,0
11110,17.1667,0.03225,0.0305,15.0,0.00175,-0.976296,-0.21644,0
11111,17.1833,0.03175,0.0307,15.0,0.00105,-0.977231,-0.212178,0
11112,17.2,0.0345,0.0251,15.0,0.0094,-0.978148,-0.207912,0
11113,17.2167,0.02915,0.0276,15.0,0.00155,-0.979045,-0.203642,0
11114,17.2333,0.0298,0.0271,15.0,0.0027,-0.979925,-0.199368,0
11115,17.25,0.026967,0.0263,15.0,0.000667,-0.980785,-0.19509,0
11116,17.2667,0.027383,0.0269,15.0,0.000483,-0.981627,-0.190809,0
11117,17.2833,0.023633,0.0298,14.9938,-0.006167,-0.98245,-0.186524,0
11118,17.3,0.031367,0.0281,14.9971,0.003267,-0.983255,-0.182236,0
11119,17.3167,0.023033,0.0281,14.992,-0.005067,-0.984041,-0.177944,0
11120,17.3333,0.0249,0.0294,14.9875,-0.0045,-0.984808,-0.173648,0
11121,17.35,0.025467,0.0317,14.9813,-0.006233,-0.985556,-0.16935,0
11122,17.3667,0.02215,0.0288,14.9746,-0.00665,-0.986286,-0.165048,0
11123,17.3833,0.02435,0.0282,14.9708,-0.00385,-0.986996,-0.160743,0
11124,17.4,0.02305,0.0286,14.9652,-0.00555,-0.987688,-0.156434,0
11125,17.4167,0.023267,0.0287,14.9598,-0.005433,-0.988362,-0.152123,0
11126,17.4333,0.023317,0.0264,14.9567,-0.003083,-0.989016,-0.147809,0
11127,17.45,0.023267,0.0244,14.9556,-0.001133,-0.989651,-0.143493,0
11128,17.4667,0.022,0.0284,14.9492,-0.0064,-0.990268,-0.139173,0
11129,17.4833,0.017417,0.0332,14.9334,-0.015783,-0.990866,-0.134851,0
11130,17.5,0.02335,0.0273,14.9295,-0.00395,-0.991445,-0.130526,0
11131,17.5167,0.015517,0.0311,14.9139,-0.015583,-0.992005,-0.126199,0
11132,17.5333,0.0206,0.0301,14.9044,-0.0095,-0.992546,-0.121869,0
11133,17.55,0.020967,0.0321,14.8933,-0.011133,-0.993068,-0.117537,0
11134,17.5667,0.0213,0.0284,14.8862,-0.0071,-0.993572,-0.113203,0
11135,17.5833,0.016933,0.0284,14.8747,-0.011467,-0.994056,-0.108867,0
11136,17.6,0.014317,0.0289,14.8601,-0.014583,-0.994522,-0.104528,0
11137,17.6167,0.017017,0.0266,14.8505,-0.009583,-0.994969,-0.100188,0
11138,17.6333,0.014333,0.0335,14.8313,-0.019167,-0.995396,-0.095846,0
11139,17.65,0.013867,0.0282,14.817,-0.014333,-0.995805,-0.091502,0
11140,17.6667,0.014367,0.0304,14.801,-0.016033,-0.996195,-0.087156,0
11141,17.6833,0.012483,0.0309,14.7826,-0.018417,-0.996566,-0.082808,0
11142,17.7,0.0127,0.0263,14.769,-0.0136,-0.996917,-0.078459,0
11143,17.7167,0.005783,0.0294,14.7454,-0.023617,-0.99725,-0.074108,0
11144,17.7333,0.0095,0.0277,14.7272,-0.0182,-0.997564,-0.069756,0
11145,17.75,0.014467,0.0291,14.7126,-0.014633,-0.997859,-0.065403,0
11146,17.7667,0.010567,0.0296,14.6936,-0.019033,-0.998135,-0.061049,0
11147,17.7833,0.008083,0.0277,14.674,-0.019617,-0.998392,-0.056693,0
11148,17.8,0.009467,0.0317,14.6518,-0.022233,-0.99863,-0.052336,0
11149,17.8167,0.0094,0.0298,14.6314,-0.0204,-0.998848,-0.047978,0
11150,17.8333,0.008267,0.0281,14.6116,-0.019833,-0.999048,-0.043619,0
11151,17.85,0.004767,0.0316,14.5848,-0.026833,-0.999229,-0.03926,0
11152,17.8667,0.008283,0.029,14.5641,-0.020717,-0.999391,-0.034899,0
11153,17.8833,0.003233,0.0312,14.5361,-0.027967,-0.999534,-0.030539,0
11154,17.9,0.003667,0.0316,14.5082,-0.027933,-0.999657,-0.026177,0
11155,17.9167,0.0021,0.0281,14.4822,-0.026,-0.999762,-0.021815,0
11156,17.9333,0.00805,0.0277,14.4626,-0.01965,-0.999848,-0.017452,0
11157,17.95,0.001483,0.0294,14.4347,-0.027917,-0.999914,-0.01309,0
11158,17.9667,0.0,0.0304,14.4043,-0.0304,-0.999962,-0.008727,0
11159,17.9833,0.002133,0.028,14.3784,-0.025867,-0.99999,-0.004363,0
11160,18.0,0.001617,0.0672,14.3128,-0.065583,-1.0,-0.0,0
11161,18.0167,0.0,0.0631,14.2497,-0.0631,-0.99999,0.004363,0
11162,18.0333,0.0,0.0673,14.1824,-0.0673,-0.999962,0.008727,0
11163,18.05,0.0,0.064,14.1184,-0.064,-0.999914,0.01309,0
11164,18.0667,0.0,0.0636,14.0548,-0.0636,-0.999848,0.017452,0
11165,18.0833,0.0,0.066,13.9888,-0.066,-0.999762,0.021815,0
11166,18.1,0.0,0.0648,13.924,-0.0648,-0.999657,0.026177,0
11167,18.1167,0.0,0.0663,13.8577,-0.0663,-0.999534,0.030539,0
11168,18.1333,0.0,0.0658,13.7919,-0.0658,-0.999391,0.034899,0
11169,18.15,0.0,0.0663,13.7256,-0.0663,-0.999229,0.03926,0
11170,18.1667,0.0,0.0658,13.6598,-0.0658,-0.999048,0.043619,0
11171,18.1833,0.0,0.0641,13.5957,-0.0641,-0.998848,0.047978,0
11172,18.2,0.0,0.0645,13.5312,-0.0645,-0.99863,0.052336,0
11173,18.2167,0.0,0.0658,13.4654,-0.0658,-0.998392,0.056693,0
11174,18.2333,0.0,0.0628,13.4026,-0.0628,-0.998135,0.061049,0
11175,18.25,0.0,0.0636,13.339,-0.0636,-0.997859,0.065403,0
11176,18.2667,0.0,0.0648,13.2742,-0.0648,-0.997564,0.069756,0
11177,18.2833,0.0,0.0628,13.2114,-0.0628,-0.99725,0.074108,0
11178,18.3,0.0,0.0612,13.1502,-0.0612,-0.996917,0.078459,0
11179,18.3167,0.0,0.0632,13.087,-0.0632,-0.996566,0.082808,0
11180,18.3333,0.0,0.0656,13.0214,-0.0656,-0.996195,0.087156,0
11181,18.35,0.0,0.0656,12.9558,-0.0656,-0.995805,0.091502,0
11182,18.3667,0.0,0.0655,12.8903,-0.0655,-0.995396,0.095846,0
11183,18.3833,0.0,0.0642,12.8261,-0.0642,-0.994969,0.100188,0
11184,18.4,0.0,0.0644,12.7617,-0.0644,-0.994522,0.104528,0
11185,18.4167,0.0,0.0681,12.6936,-0.0681,-0.994056,0.108867,0
11186,18.4333,0.0,0.0606,12.633,-0.0606,-0.993572,0.113203,0
11187,18.45,0.0,0.0678,12.5652,-0.0678,-0.993068,0.117537,0
11188,18.4667,0.0,0.1464,12.4188,-0.1464,-0.992546,0.121869,0
11189,18.4833,0.0,0.1469,12.2719,-0.1469,-0.992005,0.126199,0
11190,18.5,0.0,0.1493,12.1226,-0.1493,-0.991445,0.130526,0
11191,18.5167,0.0,0.1479,11.9747,-0.1479,-0.990866,0.134851,0
11192,18.5333,0.0,0.1449,11.8298,-0.1449,-0.990268,0.139173,0
11193,18.55,0.0,0.1462,11.6836,-0.1462,-0.989651,0.143493,0
11194,18.5667,0.0,0.1478,11.5358,-0.1478,-0.989016,0.147809,0
11195,18.5833,0.0,0.1441,11.3917,-0.1441,-0.988362,0.152123,0
11196,18.6,0.0,0.1475,11.2442,-0.1475,-0.987688,0.156434,0
11197,18.6167,0.0,0.1475,11.0967,-0.1475,-0.986996,0.160743,0
11198,18.6333,0.0,0.1462,10.9505,-0.1462,-0.986286,0.165048,0
11199,18.65,0.0,0.1463,10.8042,-0.1463,-0.985556,0.16935,0
11200,18.6667,0.0,0.1478,10.6564,-0.1478,-0.984808,0.173648,0
11201,18.6833,0.0,0.1488,10.5076,-0.1488,-0.984041,0.177944,0
11202,18.7,0.0,0.1472,10.3604,-0.1472,-0.983255,0.182236,0
11203,18.7167,0.0,0.1431,10.2173,-0.1431,-0.98245,0.186524,0
11204,18.7333,0.0,0.143,10.0743,-0.143,-0.981627,0.190809,0
11205,18.75,0.0,0.1453,9.929,-0.1453,-0.980785,0.19509,0
11206,18.7667,0.0,0.1453,9.7837,-0.1453,-0.979925,0.199368,0
11207,18.7833,0.0,0.1475,9.6362,-0.1475,-0.979045,0.203642,0
11208,18.8,0.0,0.1449,9.4913,-0.1449,-0.978148,0.207912,0
11209,18.8167,0.0,0.1474,9.3439,-0.1474,-0.977231,0.212178,0
11210,18.8333,0.0,0.146,9.1979,-0.146,-0.976296,0.21644,0
11211,18.85,0.0,0.149,9.0489,-0.149,-0.975342,0.220697,0
11212,18.8667,0.0,0.1443,8.9046,-0.1443,-0.97437,0.224951,0
11213,18.8833,0.0,0.1445,8.7601,-0.1445,-0.973379,0.2292,0
11214,18.9,0.0,0.147,8.6131,-0.147,-0.97237,0.233445,0
11215,18.9167,0.0,0.1461,8.467,-0.1461,-0.971342,0.237686,0
11216,18.9333,0.0,0.1504,8.3166,-0.1504,-0.970296,0.241922,0
11217,18.95,0.0,0.1476,8.169,-0.1476,-0.969231,0.246153,0
11218,18.9667,0.0,0.1465,8.0225,-0.1465,-0.968148,0.25038,0
11219,18.9833,0.0,0.1471,7.8754,-0.1471,-0.967046,0.254602,0
11220,19.0,0.0,0.1493,7.7261,-0.1493,-0.965926,0.258819,0
11221,19.0167,0.0,0.1475,7.5786,-0.1475,-0.964787,0.263031,0
11222,19.0333,0.0,0.1465,7.4321,-0.1465,-0.96363,0.267238,0
11223,19.05,0.0,0.1491,7.283,-0.1491,-0.962455,0.27144,0
11224,19.0667,0.0,0.1479,7.1351,-0.1479,-0.961262,0.275637,0
11225,19.0833,0.0,0.1497,6.9854,-0.1497,-0.96005,0.279829,0
11226,19.1,0.0,0.1462,6.8392,-0.1462,-0.95882,0.284015,0
11227,19.1167,0.0,0.1471,6.6921,-0.1471,-0.957571,0.288196,0
11228,19.1333,0.0,0.1455,6.5466,-0.1455,-0.956305,0.292372,0
11229,19.15,0.0,0.1463,6.4003,-0.1463,-0.95502,0.296542,0
11230,19.1667,0.0,0.1477,6.2526,-0.1477,-0.953717,0.300706,0
11231,19.1833,0.0,0.1489,6.1037,-0.1489,-0.952396,0.304864,0
11232,19.2,0.0,0.146,5.9577,-0.146,-0.951057,0.309017,0
11233,19.2167,0.0,0.1443,5.8134,-0.1443,-0.949699,0.313164,0
11234,19.2333,0.0,0.1495,5.6639,-0.1495,-0.948324,0.317305,0
11235,19.25,0.0,0.1486,5.5153,-0.1486,-0.94693,0.321439,0
11236,19.2667,0.0,0.1413,5.374,-0.1413,-0.945519,0.325568,0
11237,19.2833,0.0,0.1484,5.2256,-0.1484,-0.944089,0.329691,0
11238,19.3,0.0,0.1436,5.082,-0.1436,-0.942641,0.333807,0
11239,19.3167,0.0,0.1465,4.9355,-0.1465,-0.941176,0.337917,0
11240,19.3333,0.0,0.1481,4.7874,-0.1481,-0.939693,0.34202,0
11241,19.35,0.0,0.147,4.6404,-0.147,-0.938191,0.346117,0
11242,19.3667,0.0,0.1481,4.4923,-0.1481,-0.936672,0.350207,0
11243,19.3833,0.0,0.15,4.3423,-0.15,-0.935135,0.354291,0
11244,19.4,0.0,0.1477,4.1946,-0.1477,-0.93358,0.358368,0
11245,19.4167,0.0,0.1501,4.0445,-0.1501,-0.932008,0.362438,0
11246,19.4333,0.0,0.1469,3.8976,-0.1469,-0.930418,0.366501,0
11247,19.45,0.0,0.1463,3.7513,-0.1463,-0.92881,0.370557,0
11248,19.4667,0.0,0.1491,3.6022,-0.1491,-0.927184,0.374607,0
11249,19.4833,0.0,0.1457,3.4565,-0.1457,-0.925541,0.378649,0
11250,19.5,0.0,0.1472,3.3093,-0.1472,-0.92388,0.382683,0
11251,19.5167,0.0,0.1449,3.1644,-0.1449,-0.922201,0.386711,0
11252,19.5333,0.0,0.1503,3.0141,-0.1503,-0.920505,0.390731,0
11253,19.55,0.0,0.1412,2.8729,-0.1412,-0.918791,0.394744,0
11254,19.5667,0.0,0.1505,2.7224,-0.1505,-0.91706,0.398749,0
11255,19.5833,0.0,0.1477,2.5747,-0.1477,-0.915311,0.402747,0
11256,19.6,0.0,0.1493,2.4254,-0.1493,-0.913545,0.406737,0
11257,19.6167,0.0,0.1472,2.2782,-0.1472,-0.911762,0.410719,0
11258,19.6333,0.0,0.1467,2.1315,-0.1467,-0.909961,0.414693,0
11259,19.65,0.0,0.1448,1.9867,-0.1448,-0.908143,0.41866,0
11260,19.6667,0.0,0.1457,1.841,-0.1457,-0.906308,0.422618,0
11261,19.6833,0.0,0.1461,1.6949,-0.1461,-0.904455,0.426569,0
11262,19.7,0.0,0.1445,1.5504,-0.1445,-0.902585,0.430511,0
11263,19.7167,0.0,0.1466,1.4038,-0.1466,-0.900698,0.434445,0
11264,19.7333,0.0,0.1499,1.2539,-0.1499,-0.898794,0.438371,0
11265,19.75,0.0,0.0685,1.1854,-0.0685,-0.896873,0.442289,0
11266,19.7667,0.0,0.0649,1.1205,-0.0649,-0.894934,0.446198,0
11267,19.7833,0.0,0.0645,1.056,-0.0645,-0.892979,0.450098,0
11268,19.8,0.0,0.0673,0.9887,-0.0673,-0.891007,0.45399,0
11269,19.8167,0.0,0.0663,0.9224,-0.0663,-0.889017,0.457874,0
11270,19.8333,0.0,0.0629,0.8595,-0.0629,-0.887011,0.461749,0
11271,19.85,0.0,0.0655,0.794,-0.0655,-0.884988,0.465615,0
11272,19.8667,0.0,0.0672,0.7268,-0.0672,-0.882948,0.469472,0
11273,19.8833,0.0,0.0665,0.6603,-0.0665,-0.880891,0.47332,0
11274,19.9,0.0,0.0662,0.5941,-0.0662,-0.878817,0.477159,0
11275,19.9167,0.0,0.0657,0.5284,-0.0657,-0.876727,0.480989,0
11276,19.9333,0.0,0.0659,0.4625,-0.0659,-0.87462,0.48481,0
11277,19.95,0.0,0.0631,0.3994,-0.0631,-0.872496,0.488621,0
11278,19.9667,0.0,0.0634,0.336,-0.0634,-0.870356,0.492424,0
11279,19.9833,0.0,0.064,0.272,-0.064,-0.868199,0.496217,0
11280,20.0,0.0,0.0616,0.2104,-0.0616,-0.866025,0.5,0
11281,20.0167,0.0,0.0666,0.1438,-0.0666,-0.863836,0.503774,0
11282,20.0333,0.0,0.0656,0.0782,-0.0656,-0.861629,0.507538,0
11283,20.05,0.0,0.0666,0.0116,-0.0666,-0.859406,0.511293,0
11284,20.0667,0.0,0.0679,0.0,-0.0679,-0.857167,0.515038,1
11285,20.0833,0.0,0.0647,0.0,-0.0647,-0.854912,0.518773,1
11286,20.1,0.0,0.0651,0.0,-0.0651,-0.85264,0.522499,1
11287,20.1167,0.0,0.0637,0.0,-0.0637,-0.850352,0.526214,1
11288,20.1333,0.0,0.0663,0.0,-0.0663,-0.848048,0.529919,1
11289,20.15,0.0,0.0648,0.0,-0.0648,-0.845728,0.533615,1
11290,20.1667,0.0,0.0645,0.0,-0.0645,-0.843391,0.5373,1
11291,20.1833,0.0,0.0644,0.0,-0.0644,-0.841039,0.540974,1
11292,20.2,0.0,0.0669,0.0,-0.0669,-0.838671,0.544639,1
11293,20.2167,0.0,0.065,0.0,-0.065,-0.836286,0.548293,1
11294,20.2333,0.0,0.0633,0.0,-0.0633,-0.833886,0.551937,1
11295,20.25,0.0,0.0694,0.0,-0.0694,-0.83147,0.55557,1
11296,20.2667,0.0,0.0673,0.0,-0.0673,-0.829038,0.559193,1
11297,20.2833,0.0,0.0624,0.0,-0.0624,-0.82659,0.562805,1
11298,20.3,0.0,0.064,0.0,-0.064,-0.824126,0.566406,1
11299,20.3167,0.0,0.0664,0.0,-0.0664,-0.821647,0.569997,1
11300,20.3333,0.0,0.0634,0.0,-0.0634,-0.819152,0.573576,1
11301,20.35,0.0,0.0655,0.0,-0.0655,-0.816642,0.577145,1
11302,20.3667,0.0,0.0653,0.0,-0.0653,-0.814116,0.580703,1
11303,20.3833,0.0,0.0666,0.0,-0.0666,-0.811574,0.58425,1
11304,20.4,0.0,0.0653,0.0,-0.0653,-0.809017,0.587785,1
11305,20.4167,0.0,0.0681,0.0,-0.0681,-0.806445,0.59131,1
11306,20.4333,0.0,0.0674,0.0,-0.0674,-0.803857,0.594823,1
11307,20.45,0.0,0.0649,0.0,-0.0649,-0.801254,0.598325,1
11308,20.4667,0.0,0.0621,0.0,-0.0621,-0.798636,0.601815,1
11309,20.4833,0.0,0.0641,0.0,-0.0641,-0.796002,0.605294,1
11310,20.5,0.0,0.0653,0.0,-0.0653,-0.793353,0.608761,1
11311,20.5167,0.0,0.0663,0.0,-0.0663,-0.79069,0.612217,1
11312,20.5333,0.0,0.0667,0.0,-0.0667,-0.788011,0.615661,1
11313,20.55,0.0,0.0674,0.0,-0.0674,-0.785317,0.619094,1
11314,20.5667,0.0,0.0653,0.0,-0.0653,-0.782608,0.622515,1
11315,20.5833,0.0,0.0689,0.0,-0.0689,-0.779884,0.625923,1
11316,20.6,0.0,0.0641,0.0,-0.0641,-0.777146,0.62932,1
11317,20.6167,0.0,0.065,0.0,-0.065,-0.774393,0.632705,1
11318,20.6333,0.0,0.0637,0.0,-0.0637,-0.771625,0.636078,1
11319,20.65,0.0,0.067,0.0,-0.067,-0.768842,0.639439,1
11320,20.6667,0.0,0.067,0.0,-0.067,-0.766044,0.642788,1
11321,20.6833,0.0,0.0624,0.0,-0.0624,-0.763232,0.646124,1
11322,20.7,0.0,0.0669,0.0,-0.0669,-0.760406,0.649448,1
11323,20.7167,0.0,0.0658,0.0,-0.0658,-0.757565,0.65276,1
11324,20.7333,0.0,0.0661,0.0,-0.0661,-0.75471,0.656059,1
11325,20.75,0.0,0.0643,0.0,-0.0643,-0.75184,0.659346,1
11326,20.7667,0.0,0.0645,0.0,-0.0645,-0.748956,0.66262,1
11327,20.7833,0.0,0.0636,0.0,-0.0636,-0.746057,0.665882,1
11328,20.8,0.0,0.0649,0.0,-0.0649,-0.743145,0.669131,1
11329,20.8167,0.0,0.0625,0.0,-0.0625,-0.740218,0.672367,1
11330,20.8333,0.0,0.0662,0.0,-0.0662,-0.737277,0.67559,1
11331,20.85,0.0,0.0671,0.0,-0.0671,-0.734323,0.678801,1
11332,20.8667,0.0,0.0652,0.0,-0.0652,-0.731354,0.681998,1
11333,20.8833,0.0,0.0623,0.0,-0.0623,-0.728371,0.685183,1
11334,20.9,0.0,0.0694,0.0,-0.0694,-0.725374,0.688355,1
11335,20.9167,0.0,0.0612,0.0,-0.0612,-0.722364,0.691513,1
11336,20.9333,0.0,0.0631,0.0,-0.0631,-0.71934,0.694658,1
11337,20.95,0.0,0.0666,0.0,-0.0666,-0.716302,0.69779,1
11338,20.9667,0.0,0.0656,0.0,-0.0656,-0.71325,0.700909,1
11339,20.9833,0.0,0.0625,0.0,-0.0625,-0.710185,0.704015,1
11340,21.0,0.0,0.0688,0.0,-0.0688,-0.707107,0.707107,1
11341,21.0167,0.0,0.0637,0.0,-0.0637,-0.704015,0.710185,1
11342,21.0333,0.0,0.0618,0.0,-0.0618,-0.700909,0.71325,1
11343,21.05,0.0,0.0631,0.0,-0.0631,-0.69779,0.716302,1
11344,21.0667,0.0,0.0636,0.0,-0.0636,-0.694658,0.71934,1
11345,21.0833,0.0,0.0642,0.0,-0.0642,-0.691513,0.722364,1
11346,21.1,0.0,0.063,0.0,-0.063,-0.688355,0.725374,1
11347,21.1167,0.0,0.0663,0.0,-0.0663,-0.685183,0.728371,1
11348,21.1333,0.0,0.0667,0.0,-0.0667,-0.681998,0.731354,1
11349,21.15,0.0,0.0686,0.0,-0.0686,-0.678801,0.734323,1
11350,21.1667,0.0,0.0631,0.0,-0.0631,-0.67559,0.737277,1
11351,21.1833,0.0,0.0638,0.0,-0.0638,-0.672367,0.740218,1
11352,21.2,0.0,0.0628,0.0,-0.0628,-0.669131,0.743145,1
11353,21.2167,0.0,0.0651,0.0,-0.0651,-0.665882,0.746057,1
11354,21.2333,0.0,0.0648,0.0,-0.0648,-0.66262,0.748956,1
11355,21.25,0.0,0.066,0.0,-0.066,-0.659346,0.75184,1
11356,21.2667,0.0,0.0677,0.0,-0.0677,-0.656059,0.75471,1
11357,21.2833,0.0,0.0693,0.0,-0.0693,-0.65276,0.757565,1
11358,21.3,0.0,0.0662,0.0,-0.0662,-0.649448,0.760406,1
11359,21.3167,0.0,0.0619,0.0,-0.0619,-0.646124,0.763232,1
11360,21.3333,0.0,0.0636,0.0,-0.0636,-0.642788,0.766044,1
11361,21.35,0.0,0.064,0.0,-0.064,-0.639439,0.768842,1
11362,21.3667,0.0,0.0649,0.0,-0.0649,-0.636078,0.771625,1
11363,21.3833,0.0,0.0662,0.0,-0.0662,-0.632705,0.774393,1
11364,21.4,0.0,0.0632,0.0,-0.0632,-0.62932,0.777146,1
11365,21.4167,0.0,0.0644,0.0,-0.0644,-0.625923,0.779884,1
11366,21.4333,0.0,0.0649,0.0,-0.0649,-0.622515,0.782608,1
11367,21.45,0.0,0.0651,0.0,-0.0651,-0.619094,0.785317,1
11368,21.4667,0.0,0.0666,0.0,-0.0666,-0.615661,0.788011,1
11369,21.4833,0.0,0.0651,0.0,-0.0651,-0.612217,0.79069,1
11370,21.5,0.0,0.0664,0.0,-0.0664,-0.608761,0.793353,1
11371,21.5167,0.0,0.0611,0.0,-0.0611,-0.605294,0.796002,1
11372,21.5333,0.0,0.0665,0.0,-0.0665,-0.601815,0.798636,1
11373,21.55,0.0,0.0652,0.0,-0.0652,-0.598325,0.801254,1
11374,21.5667,0.0,0.0681,0.0,-0.0681,-0.594823,0.803857,1
11375,21.5833,0.0,0.0657,0.0,-0.0657,-0.59131,0.806445,1
11376,21.6,0.0,0.0661,0.0,-0.0661,-0.587785,0.809017,1
11377,21.6167,0.0,0.0618,0.0,-0.0618,-0.58425,0.811574,1
11378,21.6333,0.0,0.0636,0.0,-0.0636,-0.580703,0.814116,1
11379,21.65,0.0,0.0642,0.0,-0.0642,-0.577145,0.816642,1
11380,21.6667,0.0,0.0644,0.0,-0.0644,-0.573576,0.819152,1
11381,21.6833,0.0,0.064,0.0,-0.064,-0.569997,0.821647,1
11382,21.7,0.0,0.0662,0.0,-0.0662,-0.566406,0.824126,1
11383,21.7167,0.0,0.0653,0.0,-0.0653,-0.562805,0.82659,1
11384,21.7333,0.0,0.0615,0.0,-0.0615,-0.559193,0.829038,1
11385,21.75,0.0,0.0637,0.0,-0.0637,-0.55557,0.83147,1
11386,21.7667,0.0,0.0662,0.0,-0.0662,-0.551937,0.833886,1
11387,21.7833,0.0,0.0652,0.0,-0.0652,-0.548293,0.836286,1
11388,21.8,0.0,0.063,0.0,-0.063,-0.544639,0.838671,1
11389,21.8167,0.0,0.0639,0.0,-0.0639,-0.540974,0.841039,1
11390,21.8333,0.0,0.0647,0.0,-0.0647,-0.5373,0.843391,1
11391,21.85,0.0,0.0661,0.0,-0.0661,-0.533615,0.845728,1
11392,21.8667,0.0,0.0657,0.0,-0.0657,-0.529919,0.848048,1
11393,21.8833,0.0,0.0643,0.0,-0.0643,-0.526214,0.850352,1
11394,21.9,0.0,0.0694,0.0,-0.0694,-0.522499,0.85264,1
11395,21.9167,0.0,0.0649,0.0,-0.0649,-0.518773,0.854912,1
11396,21.9333,0.0,0.0668,0.0,-0.0668,-0.515038,0.857167,1
11397,21.95,0.0,0.0669,0.0,-0.0669,-0.511293,0.859406,1
11398,21.9667,0.0,0.0615,0.0,-0.0615,-0.507538,0.861629,1
11399,21.9833,0.0,0.066,0.0,-0.066,-0.503774,0.863836,1
11400,22.0,0.0,0.0147,0.0,-0.0147,-0.5,0.866025,1
11401,22.0167,0.0,0.0179,0.0,-0.0179,-0.496217,0.868199,1
11402,22.0333,0.0,0.017,0.0,-0.017,-0.492424,0.870356,1
11403,22.05,0.0,0.0159,0.0,-0.0159,-0.488621,0.872496,1
11404,22.0667,0.0,0.0195,0.0,-0.0195,-0.48481,0.87462,1
11405,22.0833,0.0,0.0157,0.0,-0.0157,-0.480989,0.876727,1
11406,22.1,0.0,0.0156,0.0,-0.0156,-0.477159,0.878817,1
11407,22.1167,0.0,0.0122,0.0,-0.0122,-0.47332,0.880891,1
11408,22.1333,0.0,0.0114,0.0,-0.0114,-0.469472,0.882948,1
11409,22.15,0.0,0.0178,0.0,-0.0178,-0.465615,0.884988,1
11410,22.1667,0.0,0.0153,0.0,-0.0153,-0.461749,0.887011,1
11411,22.1833,0.0,0.0139,0.0,-0.0139,-0.457874,0.889017,1
11412,22.2,0.0,0.0164,0.0,-0.0164,-0.45399,0.891007,1
11413,22.2167,0.0,0.0145,0.0,-0.0145,-0.450098,0.892979,1
11414,22.2333,0.0,0.0187,0.0,-0.0187,-0.446198,0.894934,1
11415,22.25,0.0,0.0121,0.0,-0.0121,-0.442289,0.896873,1
11416,22.2667,0.0,0.0122,0.0,-0.0122,-0.438371,0.898794,1
11417,22.2833,0.0,0.016,0.0,-0.016,-0.434445,0.900698,1
11418,22.3,0.0,0.0125,0.0,-0.0125,-0.430511,0.902585,1
11419,22.3167,0.0,0.0134,0.0,-0.0134,-0.426569,0.904455,1
11420,22.3333,0.0,0.0174,0.0,-0.0174,-0.422618,0.906308,1
11421,22.35,0.0,0.0183,0.0,-0.0183,-0.41866,0.908143,1
11422,22.3667,0.0,0.0182,0.0,-0.0182,-0.414693,0.909961,1
11423,22.3833,0.0,0.0158,0.0,-0.0158,-0.410719,0.911762,1
11424,22.4,0.0,0.0158,0.0,-0.0158,-0.406737,0.913545,1
11425,22.4167,0.0,0.0174,0.0,-0.0174,-0.402747,0.915311,1
11426,22.4333,0.0,0.0195,0.0,-0.0195,-0.398749,0.91706,1
11427,22.45,0.0,0.0177,0.0,-0.0177,-0.394744,0.918791,1
11428,22.4667,0.0,0.0174,0.0,-0.0174,-0.390731,0.920505,1
11429,22.4833,0.0,0.015,0.0,-0.015,-0.386711,0.922201,1
11430,22.5,0.0,0.0181,0.0,-0.0181,-0.382683,0.92388,1
11431,22.5167,0.0,0.0153,0.0,-0.0153,-0.378649,0.925541,1
11432,22.5333,0.0,0.0154,0.0,-0.0154,-0.374607,0.927184,1
11433,22.55,0.0,0.0154,0.0,-0.0154,-0.370557,0.92881,1
11434,22.5667,0.0,0.0167,0.0,-0.0167,-0.366501,0.930418,1
11435,22.5833,0.0,0.0172,0.0,-0.0172,-0.362438,0.932008,1
11436,22.6,0.0,0.0138,0.0,-0.0138,-0.358368,0.93358,1
11437,22.6167,0.0,0.0158,0.0,-0.0158,-0.354291,0.935135,1
11438,22.6333,0.0,0.0142,0.0,-0.0142,-0.350207,0.936672,1
11439,22.65,0.0,0.018,0.0,-0.018,-0.346117,0.938191,1
11440,22.6667,0.0,0.0187,0.0,-0.0187,-0.34202,0.939693,1
11441,22.6833,0.0,0.0176,0.0,-0.0176,-0.337917,0.941176,1
11442,22.7,0.0,0.0125,0.0,-0.0125,-0.333807,0.942641,1
11443,22.7167,0.0,0.0138,0.0,-0.0138,-0.329691,0.944089,1
11444,22.7333,0.0,0.0155,0.0,-0.0155,-0.325568,0.945519,1
11445,22.75,0.0,0.0144,0.0,-0.0144,-0.321439,0.94693,1
11446,22.7667,0.0,0.0171,0.0,-0.0171,-0.317305,0.948324,1
11447,22.7833,0.0,0.0154,0.0,-0.0154,-0.313164,0.949699,1
11448,22.8,0.0,0.0149,0.0,-0.0149,-0.309017,0.951057,1
11449,22.8167,0.0,0.014,0.0,-0.014,-0.304864,0.952396,1
11450,22.8333,0.0,0.0152,0.0,-0.0152,-0.300706,0.953717,1
11451,22.85,0.0,0.0142,0.0,-0.0142,-0.296542,0.95502,1
11452,22.8667,0.0,0.016,0.0,-0.016,-0.292372,0.956305,1
11453,22.8833,0.0,0.0152,0.0,-0.0152,-0.288196,0.957571,1
11454,22.9,0.0,0.0135,0.0,-0.0135,-0.284015,0.95882,1
11455,22.9167,0.0,0.0136,0.0,-0.0136,-0.279829,0.96005,1
11456,22.9333,0.0,0.02,0.0,-0.02,-0.275637,0.961262,1
11457,22.95,0.0,0.0137,0.0,-0.0137,-0.27144,0.962455,1
11458,22.9667,0.0,0.0129,0.0,-0.0129,-0.267238,0.96363,1
11459,22.9833,0.0,0.0163,0.0,-0.0163,-0.263031,0.964787,1
11460,23.0,0.0,0.0161,0.0,-0.0161,-0.258819,0.965926,1
11461,23.0167,0.0,0.0167,0.0,-0.0167,-0.254602,0.967046,1
11462,23.0333,0.0,0.0178,0.0,-0.0178,-0.25038,0.968148,1
11463,23.05,0.0,0.0144,0.0,-0.0144,-0.246153,0.969231,1
11464,23.0667,0.0,0.0136,0.0,-0.0136,-0.241922,0.970296,1
11465,23.0833,0.0,0.0128,0.0,-0.0128,-0.237686,0.971342,1
11466,23.1,0.0,0.0166,0.0,-0.0166,-0.233445,0.97237,1
11467,23.1167,0.0,0.0172,0.0,-0.0172,-0.2292,0.973379,1
11468,23.1333,0.0,0.0154,0.0,-0.0154,-0.224951,0.97437,1
11469,23.15,0.0,0.0117,0.0,-0.0117,-0.220697,0.975342,1
11470,23.1667,0.0,0.0154,0.0,-0.0154,-0.21644,0.976296,1
11471,23.1833,0.0,0.0141,0.0,-0.0141,-0.212178,0.977231,1
11472,23.2,0.0,0.0145,0.0,-0.0145,-0.207912,0.978148,1
11473,23.2167,0.0,0.0164,0.0,-0.0164,-0.203642,0.979045,1
11474,23.2333,0.0,0.0174,0.0,-0.0174,-0.199368,0.979925,1
11475,23.25,0.0,0.0154,0.0,-0.0154,-0.19509,0.980785,1
11476,23.2667,0.0,0.019,0.0,-0.019,-0.190809,0.981627,1
11477,23.2833,0.0,0.0166,0.0,-0.0166,-0.186524,0.98245,1
11478,23.3,0.0,0.0145,0.0,-0.0145,-0.182236,0.983255,1
11479,23.3167,0.0,0.0153,0.0,-0.0153,-0.177944,0.984041,1
11480,23.3333,0.0,0.0148,0.0,-0.0148,-0.173648,0.984808,1
11481,23.35,0.0,0.0159,0.0,-0.0159,-0.16935,0.985556,1
11482,23.3667,0.0,0.0159,0.0,-0.0159,-0.165048,0.986286,1
11483,23.3833,0.0,0.0161,0.0,-0.0161,-0.160743,0.986996,1
11484,23.4,0.0,0.0129,0.0,-0.0129,-0.156434,0.987688,1
11485,23.4167,0.0,0.0168,0.0,-0.0168,-0.152123,0.988362,1
11486,23.4333,0.0,0.0185,0.0,-0.0185,-0.147809,0.989016,1
11487,23.45,0.0,0.0168,0.0,-0.0168,-0.143493,0.989651,1
11488,23.4667,0.0,0.0165,0.0,-0.0165,-0.139173,0.990268,1
11489,23.4833,0.0,0.0144,0.0,-0.0144,-0.134851,0.990866,1
11490,23.5,0.0,0.0163,0.0,-0.0163,-0.130526,0.991445,1
11491,23.5167,0.0,0.0139,0.0,-0.0139,-0.126199,0.992005,1
11492,23.5333,0.0,0.0151,0.0,-0.0151,-0.121869,0.992546,1
11493,23.55,0.0,0.0154,0.0,-0.0154,-0.117537,0.993068,1
11494,23.5667,0.0,0.02,0.0,-0.02,-0.113203,0.993572,1
11495,23.5833,0.0,0.0146,0.0,-0.0146,-0.108867,0.994056,1
11496,23.6,0.0,0.0169,0.0,-0.0169,-0.104528,0.994522,1
11497,23.6167,0.0,0.0176,0.0,-0.0176,-0.100188,0.994969,1
11498,23.6333,0.0,0.0187,0.0,-0.0187,-0.095846,0.995396,1
11499,23.65,0.0,0.0191,0.0,-0.0191,-0.091502,0.995805,1
11500,23.6667,0.0,0.0132,0.0,-0.0132,-0.087156,0.996195,1
11501,23.6833,0.0,0.0164,0.0,-0.0164,-0.082808,0.996566,1
11502,23.7,0.0,0.017,0.0,-0.017,-0.078459,0.996917,1
11503,23.7167,0.0,0.016,0.0,-0.016,-0.074108,0.99725,1
11504,23.7333,0.0,0.012,0.0,-0.012,-0.069756,0.997564,1
11505,23.75,0.0,0.0137,0.0,-0.0137,-0.065403,0.997859,1
11506,23.7667,0.0,0.0172,0.0,-0.0172,-0.061049,0.998135,1
11507,23.7833,0.0,0.0121,0.0,-0.0121,-0.056693,0.998392,1
11508,23.8,0.0,0.0137,0.0,-0.0137,-0.052336,0.99863,1
11509,23.8167,0.0,0.0154,0.0,-0.0154,-0.047978,0.998848,1
11510,23.8333,0.0,0.0141,0.0,-0.0141,-0.043619,0.999048,1
11511,23.85,0.0,0.0123,0.0,-0.0123,-0.03926,0.999229,1
11512,23.8667,0.0,0.0149,0.0,-0.0149,-0.034899,0.999391,1
11513,23.8833,0.0,0.0137,0.0,-0.0137,-0.030539,0.999534,1
11514,23.9,0.0,0.0164,0.0,-0.0164,-0.026177,0.999657,1
11515,23.9167,0.0,0.013,0.0,-0.013,-0.021815,0.999762,1
11516,23.9333,0.0,0.0167,0.0,-0.0167,-0.017452,0.999848,1
11517,23.95,0.0,0.0146,0.0,-0.0146,-0.01309,0.999914,1
11518,23.9667,0.0,0.0141,0.0,-0.0141,-0.008727,0.999962,1
11519,23.9833,0.0,0.0152,0.0,-0.0152,-0.004363,0.99999,1
11520,0.0,0.0,0.0199,0.0,-0.0199,0.0,1.0,1
11521,0.0167,0.0,0.0161,0.0,-0.0161,0.004363,0.99999,1
11522,0.0333,0.0,0.0117,0.0,-0.0117,0.008727,0.999962,1
11523,0.05,0.0,0.0149,0.0,-0.0149,0.01309,0.999914,1
11524,0.0667,0.0,0.0161,0.0,-0.0161,0.017452,0.999848,1
11525,0.0833,0.0,0.0169,0.0,-0.0169,0.021815,0.999762,1
11526,0.1,0.0,0.0166,0.0,-0.0166,0.026177,0.999657,1
11527,0.1167,0.0,0.0142,0.0,-0.0142,0.030539,0.999534,1
11528,0.1333,0.0,0.0195,0.0,-0.0195,0.034899,0.999391,1
11529,0.15,0.0,0.0145,0.0,-0.0145,0.03926,0.999229,1
11530,0.1667,0.0,0.0161,0.0,-0.0161,0.043619,0.999048,1
11531,0.1833,0.0,0.0169,0.0,-0.0169,0.047978,0.998848,1
11532,0.2,0.0,0.0154,0.0,-0.0154,0.052336,0.99863,1
11533,0.2167,0.0,0.0163,0.0,-0.0163,0.056693,0.998392,1
11534,0.2333,0.0,0.0178,0.0,-0.0178,0.061049,0.998135,1
11535,0.25,0.0,0.0183,0.0,-0.0183,0.065403,0.997859,1
11536,0.2667,0.0,0.0177,0.0,-0.0177,0.069756,0.997564,1
11537,0.2833,0.0,0.0182,0.0,-0.0182,0.074108,0.99725,1
11538,0.3,0.0,0.0145,0.0,-0.0145,0.078459,0.996917,1
11539,0.3167,0.0,0.0171,0.0,-0.0171,0.082808,0.996566,1
11540,0.3333,0.0,0.0126,0.0,-0.0126,0.087156,0.996195,1
11541,0.35,0.0,0.0137,0.0,-0.0137,0.091502,0.995805,1
11542,0.3667,0.0,0.0175,0.0,-0.0175,0.095846,0.995396,1
11543,0.3833,0.0,0.0143,0.0,-0.0143,0.100188,0.994969,1
11544,0.4,0.0,0.0166,0.0,-0.0166,0.104528,0.994522,1
11545,0.4167,0.0,0.016,0.0,-0.016,0.108867,0.994056,1
11546,0.4333,0.0,0.0135,0.0,-0.0135,0.113203,0.993572,1
11547,0.45,0.0,0.0189,0.0,-0.0189,0.117537,0.993068,1
11548,0.4667,0.0,0.017,0.0,-0.017,0.121869,0.992546,1
11549,0.4833,0.0,0.0166,0.0,-0.0166,0.126199,0.992005,1
11550,0.5,0.0,0.0159,0.0,-0.0159,0.130526,0.991445,1
11551,0.5167,0.0,0.0107,0.0,-0.0107,0.134851,0.990866,1
11552,0.5333,0.0,0.0162,0.0,-0.0162,0.139173,0.990268,1
11553,0.55,0.0,0.0135,0.0,-0.0135,0.143493,0.989651,1
11554,0.5667,0.0,0.0126,0.0,-0.0126,0.147809,0.989016,1
11555,0.5833,0.0,0.016,0.0,-0.016,0.152123,0.988362,1
11556,0.6,0.0,0.0143,0.0,-0.0143,0.156434,0.987688,1
11557,0.6167,0.0,0.0155,0.0,-0.0155,0.160743,0.986996,1
11558,0.6333,0.0,0.0137,0.0,-0.0137,0.165048,0.986286,1
11559,0.65,0.0,0.0176,0.0,-0.0176,0.16935,0.985556,1
11560,0.6667,0.0,0.0144,0.0,-0.0144,0.173648,0.984808,1
11561,0.6833,0.0,0.0155,0.0,-0.0155,0.177944,0.984041,1
11562,0.7,0.0,0.0137,0.0,-0.0137,0.182236,0.983255,1
11563,0.7167,0.0,0.0138,0.0,-0.0138,0.186524,0.98245,1
11564,0.7333,0.0,0.0182,0.0,-0.0182,0.190809,0.981627,1
11565,0.75,0.0,0.0145,0.0,-0.0145,0.19509,0.980785,1
11566,0.7667,0.0,0.0145,0.0,-0.0145,0.199368,0.979925,1
11567,0.7833,0.0,0.016,0.0,-0.016,0.203642,0.979045,1
11568,0.8,0.0,0.0165,0.0,-0.0165,0.207912,0.978148,1
11569,0.8167,0.0,0.0195,0.0,-0.0195,0.212178,0.977231,1
11570,0.8333,0.0,0.0162,0.0,-0.0162,0.21644,0.976296,1
11571,0.85,0.0,0.016,0.0,-0.016,0.220697,0.975342,1
11572,0.8667,0.0,0.0174,0.0,-0.0174,0.224951,0.97437,1
11573,0.8833,0.0,0.0104,0.0,-0.0104,0.2292,0.973379,1
11574,0.9,0.0,0.0171,0.0,-0.0171,0.233445,0.97237,1
11575,0.9167,0.0,0.0162,0.0,-0.0162,0.237686,0.971342,1
11576,0.9333,0.0,0.0143,0.0,-0.0143,0.241922,0.970296,1
11577,0.95,0.0,0.0156,0.0,-0.0156,0.246153,0.969231,1
11578,0.9667,0.0,0.0163,0.0,-0.0163,0.25038,0.968148,1
11579,0.9833,0.0,0.0134,0.0,-0.0134,0.254602,0.967046,1
11580,1.0,0.0,0.016,0.0,-0.016,0.258819,0.965926,1
11581,1.0167,0.0,0.0179,0.0,-0.0179,0.263031,0.964787,1
11582,1.0333,0.0,0.0154,0.0,-0.0154,0.267238,0.96363,1
11583,1.05,0.0,0.0181,0.0,-0.0181,0.27144,0.962455,1
11584,1.0667,0.0,0.0189,0.0,-0.0189,0.275637,0.961262,1
11585,1.0833,0.0,0.0161,0.0,-0.0161,0.279829,0.96005,1
11586,1.1,0.0,0.0171,0.0,-0.0171,0.284015,0.95882,1
11587,1.1167,0.0,0.0177,0.0,-0.0177,0.288196,0.957571,1
11588,1.1333,0.0,0.0171,0.0,-0.0171,0.292372,0.956305,1
11589,1.15,0.0,0.0156,0.0,-0.0156,0.296542,0.95502,1
11590,1.1667,0.0,0.0139,0.0,-0.0139,0.300706,0.953717,1
11591,1.1833,0.0,0.0159,0.0,-0.0159,0.304864,0.952396,1
11592,1.2,0.0,0.0156,0.0,-0.0156,0.309017,0.951057,1
11593,1.2167,0.0,0.0137,0.0,-0.0137,0.313164,0.949699,1
11594,1.2333,0.0,0.0177,0.0,-0.0177,0.317305,0.948324,1
11595,1.25,0.0,0.0148,0.0,-0.0148,0.321439,0.94693,1
11596,1.2667,0.0,0.0156,0.0,-0.0156,0.325568,0.945519,1
11597,1.2833,0.0,0.0155,0.0,-0.0155,0.329691,0.944089,1
11598,1.3,0.0,0.0158,0.0,-0.0158,0.333807,0.942641,1
11599,1.3167,0.0,0.014,0.0,-0.014,0.337917,0.941176,1
11600,1.3333,0.0,0.0189,0.0,-0.0189,0.34202,0.939693,1
11601,1.35,0.0,0.0169,0.0,-0.0169,0.346117,0.938191,1
11602,1.3667,0.0,0.0165,0.0,-0.0165,0.350207,0.936672,1
11603,1.3833,0.0,0.0153,0.0,-0.0153,0.354291,0.935135,1
11604,1.4,0.0,0.0143,0.0,-0.0143,0.358368,0.93358,1
11605,1.4167,0.0,0.0136,0.0,-0.0136,0.362438,0.932008,1
11606,1.4333,0.0,0.0183,0.0,-0.0183,0.366501,0.930418,1
11607,1.45,0.0,0.0131,0.0,-0.0131,0.370557,0.92881,1
11608,1.4667,0.0,0.0189,0.0,-0.0189,0.374607,0.927184,1
11609,1.4833,0.0,0.0133,0.0,-0.0133,0.378649,0.925541,1
11610,1.5,0.0,0.0166,0.0,-0.0166,0.382683,0.92388,1
11611,1.5167,0.0,0.0142,0.0,-0.0142,0.386711,0.922201,1
11612,1.5333,0.0,0.019,0.0,-0.019,0.390731,0.920505,1
11613,1.55,0.0,0.0188,0.0,-0.0188,0.394744,0.918791,1
11614,1.5667,0.0,0.0153,0.0,-0.0153,0.398749,0.91706,1
11615,1.5833,0.0,0.015,0.0,-0.015,0.402747,0.915311,1
11616,1.6,0.0,0.0163,0.0,-0.0163,0.406737,0.913545,1
11617,1.6167,0.0,0.0175,0.0,-0.0175,0.410719,0.911762,1
11618,1.6333,0.0,0.0153,0.0,-0.0153,0.414693,0.909961,1
11619,1.65,0.0,0.015,0.0,-0.015,0.41866,0.908143,1
11620,1.6667,0.0,0.016,0.0,-0.016,0.422618,0.906308,1
11621,1.6833,0.0,0.0136,0.0,-0.0136,0.426569,0.904455,1
11622,1.7,0.0,0.0178,0.0,-0.0178,0.430511,0.902585,1
11623,1.7167,0.0,0.0157,0.0,-0.0157,0.434445,0.900698,1
11624,1.7333,0.0,0.0118,0.0,-0.0118,0.438371,0.898794,1
11625,1.75,0.0,0.015,0.0,-0.015,0.442289,0.896873,1
11626,1.7667,0.0,0.0165,0.0,-0.0165,0.446198,0.894934,1
11627,1.7833,0.0,0.0158,0.0,-0.0158,0.450098,0.892979,1
11628,1.8,0.0,0.0149,0.0,-0.0149,0.45399,0.891007,1
11629,1.8167,0.0,0.0153,0.0,-0.0153,0.457874,0.889017,1
11630,1.8333,0.0,0.0146,0.0,-0.0146,0.461749,0.887011,1
11631,1.85,0.0,0.0154,0.0,-0.0154,0.465615,0.884988,1
11632,1.8667,0.0,0.0139,0.0,-0.0139,0.469472,0.882948,1
11633,1.8833,0.0,0.0157,0.0,-0.0157,0.47332,0.880891,1
11634,1.9,0.0,0.0195,0.0,-0.0195,0.477159,0.878817,1
11635,1.9167,0.0,0.0145,0.0,-0.0145,0.480989,0.876727,1
11636,1.9333,0.0,0.0156,0.0,-0.0156,0.48481,0.87462,1
11637,1.95,0.0,0.0131,0.0,-0.0131,0.488621,0.872496,1
11638,1.9667,0.0,0.0133,0.0,-0.0133,0.492424,0.870356,1
11639,1.9833,0.0,0.0166,0.0,-0.0166,0.496217,0.868199,1
11640,2.0,0.0,0.0153,0.0,-0.0153,0.5,0.866025,1
11641,2.0167,0.0,0.0168,0.0,-0.0168,0.503774,0.863836,1
11642,2.0333,0.0,0.0169,0.0,-0.0169,0.507538,0.861629,1
11643,2.05,0.0,0.0137,0.0,-0.0137,0.511293,0.859406,1
11644,2.0667,0.0,0.0175,0.0,-0.0175,0.515038,0.857167,1
11645,2.0833,0.0,0.0147,0.0,-0.0147,0.518773,0.854912,1
11646,2.1,0.0,0.015,0.0,-0.015,0.522499,0.85264,1
11647,2.1167,0.0,0.0158,0.0,-0.0158,0.526214,0.850352,1
11648,2.1333,0.0,0.0157,0.0,-0.0157,0.529919,0.848048,1
11649,2.15,0.0,0.0143,0.0,-0.0143,0.533615,0.845728,1
11650,2.1667,0.0,0.0136,0.0,-0.0136,0.5373,0.843391,1
11651,2.1833,0.0,0.0184,0.0,-0.0184,0.540974,0.841039,1
11652,2.2,0.0,0.015,0.0,-0.015,0.544639,0.838671,1
11653,2.2167,0.0,0.0168,0.0,-0.0168,0.548293,0.836286,1
11654,2.2333,0.0,0.0153,0.0,-0.0153,0.551937,0.833886,1
11655,2.25,0.0,0.0178,0.0,-0.0178,0.55557,0.83147,1
11656,2.2667,0.0,0.0161,0.0,-0.0161,0.559193,0.829038,1
11657,2.2833,0.0,0.0147,0.0,-0.0147,0.562805,0.82659,1
11658,2.3,0.0,0.0158,0.0,-0.0158,0.566406,0.824126,1
11659,2.3167,0.0,0.0126,0.0,-0.0126,0.569997,0.821647,1
11660,2.3333,0.0,0.0168,0.0,-0.0168,0.573576,0.819152,1
11661,2.35,0.0,0.0152,0.0,-0.0152,0.577145,0.816642,1
11662,2.3667,0.0,0.0151,0.0,-0.0151,0.580703,0.814116,1
11663,2.3833,0.0,0.0127,0.0,-0.0127,0.58425,0.811574,1
11664,2.4,0.0,0.0146,0.0,-0.0146,0.587785,0.809017,1
11665,2.4167,0.0,0.0167,0.0,-0.0167,0.59131,0.806445,1
11666,2.4333,0.0,0.0156,0.0,-0.0156,0.594823,0.803857,1
11667,2.45,0.0,0.0176,0.0,-0.0176,0.598325,0.801254,1
11668,2.4667,0.0,0.0115,0.0,-0.0115,0.601815,0.798636,1
11669,2.4833,0.0,0.0159,0.0,-0.0159,0.605294,0.796002,1
11670,2.5,0.0,0.012,0.0,-0.012,0.608761,0.793353,1
11671,2.5167,0.0,0.0209,0.0,-0.0209,0.612217,0.79069,1
11672,2.5333,0.0,0.0177,0.0,-0.0177,0.615661,0.788011,1
11673,2.55,0.0,0.0165,0.0,-0.0165,0.619094,0.785317,1
11674,2.5667,0.0,0.0146,0.0,-0.0146,0.622515,0.782608,1
11675,2.5833,0.0,0.0178,0.0,-0.0178,0.625923,0.779884,1
11676,2.6,0.0,0.014,0.0,-0.014,0.62932,0.777146,1
11677,2.6167,0.0,0.0169,0.0,-0.0169,0.632705,0.774393,1
11678,2.6333,0.0,0.0162,0.0,-0.0162,0.636078,0.771625,1
11679,2.65,0.0,0.0155,0.0,-0.0155,0.639439,0.768842,1
11680,2.6667,0.0,0.0156,0.0,-0.0156,0.642788,0.766044,1
11681,2.6833,0.0,0.0173,0.0,-0.0173,0.646124,0.763232,1
11682,2.7,0.0,0.0148,0.0,-0.0148,0.649448,0.760406,1
11683,2.7167,0.0,0.0153,0.0,-0.0153,0.65276,0.757565,1
11684,2.7333,0.0,0.0157,0.0,-0.0157,0.656059,0.75471,1
11685,2.75,0.0,0.0164,0.0,-0.0164,0.659346,0.75184,1
11686,2.7667,0.0,0.0151,0.0,-0.0151,0.66262,0.748956,1
11687,2.7833,0.0,0.0181,0.0,-0.0181,0.665882,0.746057,1
11688,2.8,0.0,0.0121,0.0,-0.0121,0.669131,0.743145,1
11689,2.8167,0.0,0.0152,0.0,-0.0152,0.672367,0.740218,1
11690,2.8333,0.0,0.0129,0.0,-0.0129,0.67559,0.737277,1
11691,2.85,0.0,0.0118,0.0,-0.0118,0.678801,0.734323,1
11692,2.8667,0.0,0.014,0.0,-0.014,0.681998,0.731354,1
11693,2.8833,0.0,0.0157,0.0,-0.0157,0.685183,0.728371,1
11694,2.9,0.0,0.0135,0.0,-0.0135,0.688355,0.725374,1
11695,2.9167,0.0,0.0184,0.0,-0.0184,0.691513,0.722364,1
11696,2.9333,0.0,0.0161,0.0,-0.0161,0.694658,0.71934,1
11697,2.95,0.0,0.014,0.0,-0.014,0.69779,0.716302,1
11698,2.9667,0.0,0.0156,0.0,-0.0156,0.700909,0.71325,1
11699,2.9833,0.0,0.013,0.0,-0.013,0.704015,0.710185,1
11700,3.0,0.0,0.0194,0.0,-0.0194,0.707107,0.707107,1
11701,3.0167,0.0,0.0108,0.0,-0.0108,0.710185,0.704015,1
11702,3.0333,0.0,0.0101,0.0,-0.0101,0.71325,0.700909,1
11703,3.05,0.0,0.0145,0.0,-0.0145,0.716302,0.69779,1
11704,3.0667,0.0,0.0139,0.0,-0.0139,0.71934,0.694658,1
11705,3.0833,0.0,0.015,0.0,-0.015,0.722364,0.691513,1
11706,3.1,0.0,0.018,0.0,-0.018,0.725374,0.688355,1
11707,3.1167,0.0,0.0135,0.0,-0.0135,0.728371,0.685183,1
11708,3.1333,0.0,0.0157,0.0,-0.0157,0.731354,0.681998,1
11709,3.15,0.0,0.0182,0.0,-0.0182,0.734323,0.678801,1
11710,3.1667,0.0,0.0189,0.0,-0.0189,0.737277,0.67559,1
11711,3.1833,0.0,0.0191,0.0,-0.0191,0.740218,0.672367,1
11712,3.2,0.0,0.0144,0.0,-0.0144,0.743145,0.669131,1
11713,3.2167,0.0,0.0139,0.0,-0.0139,0.746057,0.665882,1
11714,3.2333,0.0,0.0173,0.0,-0.0173,0.748956,0.66262,1
11715,3.25,0.0,0.0148,0.0,-0.0148,0.75184,0.659346,1
11716,3.2667,0.0,0.0183,0.0,-0.0183,0.75471,0.656059,1
11717,3.2833,0.0,0.0165,0.0,-0.0165,0.757565,0.65276,1
11718,3.3,0.0,0.0164,0.0,-0.0164,0.760406,0.649448,1
11719,3.3167,0.0,0.0191,0.0,-0.0191,0.763232,0.646124,1
11720,3.3333,0.0,0.0139,0.0,-0.0139,0.766044,0.642788,1
11721,3.35,0.0,0.0148,0.0,-0.0148,0.768842,0.639439,1
11722,3.3667,0.0,0.0148,0.0,-0.0148,0.771625,0.636078,1
11723,3.3833,0.0,0.0204,0.0,-0.0204,0.774393,0.632705,1
11724,3.4,0.0,0.0139,0.0,-0.0139,0.777146,0.62932,1
11725,3.4167,0.0,0.0134,0.0,-0.0134,0.779884,0.625923,1
11726,3.4333,0.0,0.0148,0.0,-0.0148,0.782608,0.622515,1
11727,3.45,0.0,0.0154,0.0,-0.0154,0.785317,0.619094,1
11728,3.4667,0.0,0.0172,0.0,-0.0172,0.788011,0.615661,1
11729,3.4833,0.0,0.0152,0.0,-0.0152,0.79069,0.612217,1
11730,3.5,0.0,0.0123,0.0,-0.0123,0.793353,0.608761,1
11731,3.5167,0.0,0.0174,0.0,-0.0174,0.796002,0.605294,1
11732,3.5333,0.0,0.0139,0.0,-0.0139,0.798636,0.601815,1
11733,3.55,0.0,0.0154,0.0,-0.0154,0.801254,0.598325,1
11734,3.5667,0.0,0.0151,0.0,-0.0151,0.803857,0.594823,1
11735,3.5833,0.0,0.0126,0.0,-0.0126,0.806445,0.59131,1
11736,3.6,0.0,0.0143,0.0,-0.0143,0.809017,0.587785,1
11737,3.6167,0.0,0.0132,0.0,-0.0132,0.811574,0.58425,1
11738,3.6333,0.0,0.0155,0.0,-0.0155,0.814116,0.580703,1
11739,3.65,0.0,0.0157,0.0,-0.0157,0.816642,0.577145,1
11740,3.6667,0.0,0.0119,0.0,-0.0119,0.819152,0.573576,1
11741,3.6833,0.0,0.0152,0.0,-0.0152,0.821647,0.569997,1
11742,3.7,0.0,0.0152,0.0,-0.0152,0.824126,0.566406,1
11743,3.7167,0.0,0.0158,0.0,-0.0158,0.82659,0.562805,1
11744,3.7333,0.0,0.02,0.0,-0.02,0.829038,0.559193,1
11745,3.75,0.0,0.0167,0.0,-0.0167,0.83147,0.55557,1
11746,3.7667,0.0,0.0169,0.0,-0.0169,0.833886,0.551937,1
11747,3.7833,0.0,0.0143,0.0,-0.0143,0.836286,0.548293,1
11748,3.8,0.0,0.0145,0.0,-0.0145,0.838671,0.544639,1
11749,3.8167,0.0,0.015,0.0,-0.015,0.841039,0.540974,1
11750,3.8333,0.0,0.0175,0.0,-0.0175,0.843391,0.5373,1
11751,3.85,0.0,0.0171,0.0,-0.0171,0.845728,0.533615,1
11752,3.8667,0.0,0.0138,0.0,-0.0138,0.848048,0.529919,1
11753,3.8833,0.0,0.0167,0.0,-0.0167,0.850352,0.526214,1
11754,3.9,0.0,0.0137,0.0,-0.0137,0.85264,0.522499,1
11755,3.9167,0.0,0.0128,0.0,-0.0128,0.854912,0.518773,1
11756,3.9333,0.0,0.0194,0.0,-0.0194,0.857167,0.515038,1
11757,3.95,0.0,0.0114,0.0,-0.0114,0.859406,0.511293,1
11758,3.9667,0.0,0.0126,0.0,-0.0126,0.861629,0.507538,1
11759,3.9833,0.0,0.0124,0.0,-0.0124,0.863836,0.503774,1
11760,4.0,0.0,0.0141,0.0,-0.0141,0.866025,0.5,1
11761,4.0167,0.0,0.015,0.0,-0.015,0.868199,0.496217,1
11762,4.0333,0.0,0.0171,0.0,-0.0171,0.870356,0.492424,1
11763,4.05,0.0,0.0126,0.0,-0.0126,0.872496,0.488621,1
11764,4.0667,0.0,0.0178,0.0,-0.0178,0.87462,0.48481,1
11765,4.0833,0.0,0.0146,0.0,-0.0146,0.876727,0.480989,1
11766,4.1,0.0,0.0171,0.0,-0.0171,0.878817,0.477159,1
11767,4.1167,0.0,0.0189,0.0,-0.0189,0.880891,0.47332,1
11768,4.1333,0.0,0.016,0.0,-0.016,0.882948,0.469472,1
11769,4.15,0.0,0.0138,0.0,-0.0138,0.884988,0.465615,1
11770,4.1667,0.0,0.0143,0.0,-0.0143,0.887011,0.461749,1
11771,4.1833,0.0,0.0148,0.0,-0.0148,0.889017,0.457874,1
11772,4.2,0.0,0.0151,0.0,-0.0151,0.891007,0.45399,1
11773,4.2167,0.0,0.0178,0.0,-0.0178,0.892979,0.450098,1
11774,4.2333,0.0,0.0144,0.0,-0.0144,0.894934,0.446198,1
11775,4.25,0.0,0.0161,0.0,-0.0161,0.896873,0.442289,1
11776,4.2667,0.0,0.0141,0.0,-0.0141,0.898794,0.438371,1
11777,4.2833,0.0,0.0119,0.0,-0.0119,0.900698,0.434445,1
11778,4.3,0.0,0.0154,0.0,-0.0154,0.902585,0.430511,1
11779,4.3167,0.0,0.0161,0.0,-0.0161,0.904455,0.426569,1
11780,4.3333,0.0,0.0143,0.0,-0.0143,0.906308,0.422618,1
11781,4.35,0.0,0.0156,0.0,-0.0156,0.908143,0.41866,1
11782,4.3667,0.0,0.0148,0.0,-0.0148,0.909961,0.414693,1
11783,4.3833,0.0,0.0143,0.0,-0.0143,0.911762,0.410719,1
11784,4.4,0.0,0.0145,0.0,-0.0145,0.913545,0.406737,1
11785,4.4167,0.0,0.0154,0.0,-0.0154,0.915311,0.402747,1
11786,4.4333,0.0,0.0168,0.0,-0.0168,0.91706,0.398749,1
11787,4.45,0.0,0.0117,0.0,-0.0117,0.918791,0.394744,1
11788,4.4667,0.0,0.0182,0.0,-0.0182,0.920505,0.390731,1
11789,4.4833,0.0,0.0167,0.0,-0.0167,0.922201,0.386711,1
11790,4.5,0.0,0.0158,0.0,-0.0158,0.92388,0.382683,1
11791,4.5167,0.0,0.0156,0.0,-0.0156,0.925541,0.378649,1
11792,4.5333,0.0,0.0165,0.0,-0.0165,0.927184,0.374607,1
11793,4.55,0.0,0.0202,0.0,-0.0202,0.92881,0.370557,1
11794,4.5667,0.0,0.0138,0.0,-0.0138,0.930418,0.366501,1
11795,4.5833,0.0,0.0154,0.0,-0.0154,0.932008,0.362438,1
11796,4.6,0.0,0.0141,0.0,-0.0141,0.93358,0.358368,1
11797,4.6167,0.0,0.014,0.0,-0.014,0.935135,0.354291,1
11798,4.6333,0.0,0.0155,0.0,-0.0155,0.936672,0.350207,1
11799,4.65,0.0,0.0153,0.0,-0.0153,0.938191,0.346117,1
11800,4.6667,0.0,0.0142,0.0,-0.0142,0.939693,0.34202,1
11801,4.6833,0.0,0.0142,0.0,-0.0142,0.941176,0.337917,1
11802,4.7,0.0,0.0176,0.0,-0.0176,0.942641,0.333807,1
11803,4.7167,0.0,0.0139,0.0,-0.0139,0.944089,0.329691,1
11804,4.7333,0.0,0.0154,0.0,-0.0154,0.945519,0.325568,1
11805,4.75,0.0,0.0171,0.0,-0.0171,0.94693,0.321439,1
11806,4.7667,0.0,0.0147,0.0,-0.0147,0.948324,0.317305,1
11807,4.7833,0.0,0.0117,0.0,-0.0117,0.949699,0.313164,1
11808,4.8,0.0,0.0162,0.0,-0.0162,0.951057,0.309017,1
11809,4.8167,0.0,0.015,0.0,-0.015,0.952396,0.304864,1
11810,4.8333,0.0,0.0174,0.0,-0.0174,0.953717,0.300706,1
11811,4.85,0.0,0.0143,0.0,-0.0143,0.95502,0.296542,1
11812,4.8667,0.0,0.017,0.0,-0.017,0.956305,0.292372,1
11813,4.8833,0.0,0.0135,0.0,-0.0135,0.957571,0.288196,1
11814,4.9,0.0,0.0153,0.0,-0.0153,0.95882,0.284015,1
11815,4.9167,0.0,0.0172,0.0,-0.0172,0.96005,0.279829,1
11816,4.9333,0.0,0.0182,0.0,-0.0182,0.961262,0.275637,1
11817,4.95,0.0,0.014,0.0,-0.014,0.962455,0.27144,1
11818,4.9667,0.0,0.0125,0.0,-0.0125,0.96363,0.267238,1
11819,4.9833,0.0,0.0145,0.0,-0.0145,0.964787,0.263031,1
11820,5.0,0.0,0.0149,0.0,-0.0149,0.965926,0.258819,1
11821,5.0167,0.0,0.0157,0.0,-0.0157,0.967046,0.254602,1
11822,5.0333,0.0,0.0144,0.0,-0.0144,0.968148,0.25038,1
11823,5.05,0.0,0.0181,0.0,-0.0181,0.969231,0.246153,1
11824,5.0667,0.0,0.0159,0.0,-0.0159,0.970296,0.241922,1
11825,5.0833,0.0,0.0156,0.0,-0.0156,0.971342,0.237686,1
11826,5.1,0.0,0.0142,0.0,-0.0142,0.97237,0.233445,1
11827,5.1167,0.0,0.0136,0.0,-0.0136,0.973379,0.2292,1
11828,5.1333,0.0,0.011,0.0,-0.011,0.97437,0.224951,1
11829,5.15,0.0,0.0165,0.0,-0.0165,0.975342,0.220697,1
11830,5.1667,0.0,0.018,0.0,-0.018,0.976296,0.21644,1
11831,5.1833,0.0,0.0132,0.0,-0.0132,0.977231,0.212178,1
11832,5.2,0.0,0.014,0.0,-0.014,0.978148,0.207912,1
11833,5.2167,0.0,0.0162,0.0,-0.0162,0.979045,0.203642,1
11834,5.2333,0.0,0.0152,0.0,-0.0152,0.979925,0.199368,1
11835,5.25,0.0,0.0171,0.0,-0.0171,0.980785,0.19509,1
11836,5.2667,0.0,0.0126,0.0,-0.0126,0.981627,0.190809,1
11837,5.2833,0.0,0.0133,0.0,-0.0133,0.98245,0.186524,1
11838,5.3,0.0,0.0162,0.0,-0.0162,0.983255,0.182236,1
11839,5.3167,0.0,0.0145,0.0,-0.0145,0.984041,0.177944,1
11840,5.3333,0.0,0.0162,0.0,-0.0162,0.984808,0.173648,1
11841,5.35,0.0,0.0135,0.0,-0.0135,0.985556,0.16935,1
11842,5.3667,0.0,0.0114,0.0,-0.0114,0.986286,0.165048,1
11843,5.3833,0.0,0.0171,0.0,-0.0171,0.986996,0.160743,1
11844,5.4,0.0,0.0155,0.0,-0.0155,0.987688,0.156434,1
11845,5.4167,0.0,0.0135,0.0,-0.0135,0.988362,0.152123,1
11846,5.4333,0.0,0.0161,0.0,-0.0161,0.989016,0.147809,1
11847,5.45,0.0,0.0142,0.0,-0.0142,0.989651,0.143493,1
11848,5.4667,0.0,0.0183,0.0,-0.0183,0.990268,0.139173,1
11849,5.4833,0.0,0.0105,0.0,-0.0105,0.990866,0.134851,1
11850,5.5,0.0,0.0152,0.0,-0.0152,0.991445,0.130526,1
11851,5.5167,0.0,0.0126,0.0,-0.0126,0.992005,0.126199,1
11852,5.5333,0.0,0.0125,0.0,-0.0125,0.992546,0.121869,1
11853,5.55,0.0,0.019,0.0,-0.019,0.993068,0.117537,1
11854,5.5667,0.0,0.0137,0.0,-0.0137,0.993572,0.113203,1
11855,5.5833,0.0,0.0197,0.0,-0.0197,0.994056,0.108867,1
11856,5.6,0.0,0.014,0.0,-0.014,0.994522,0.104528,1
11857,5.6167,0.0,0.0173,0.0,-0.0173,0.994969,0.100188,1
11858,5.6333,0.0,0.0151,0.0,-0.0151,0.995396,0.095846,1
11859,5.65,0.0,0.0168,0.0,-0.0168,0.995805,0.091502,1
11860,5.6667,0.0,0.0183,0.0,-0.0183,0.996195,0.087156,1
11861,5.6833,0.0,0.0165,0.0,-0.0165,0.996566,0.082808,1
11862,5.7,0.0,0.0162,0.0,-0.0162,0.996917,0.078459,1
11863,5.7167,0.0,0.0148,0.0,-0.0148,0.99725,0.074108,1
11864,5.7333,0.0,0.015,0.0,-0.015,0.997564,0.069756,1
11865,5.75,0.0,0.0179,0.0,-0.0179,0.997859,0.065403,1
11866,5.7667,0.0,0.0147,0.0,-0.0147,0.998135,0.061049,1
11867,5.7833,0.0,0.0137,0.0,-0.0137,0.998392,0.056693,1
11868,5.8,0.0,0.0159,0.0,-0.0159,0.99863,0.052336,1
11869,5.8167,0.0,0.016,0.0,-0.016,0.998848,0.047978,1
11870,5.8333,0.0,0.0165,0.0,-0.0165,0.999048,0.043619,1
11871,5.85,0.0,0.0149,0.0,-0.0149,0.999229,0.03926,1
11872,5.8667,0.0,0.0153,0.0,-0.0153,0.999391,0.034899,1
11873,5.8833,0.0,0.0163,0.0,-0.0163,0.999534,0.030539,1
11874,5.9,0.0,0.013,0.0,-0.013,0.999657,0.026177,1
11875,5.9167,0.0,0.016,0.0,-0.016,0.999762,0.021815,1
11876,5.9333,0.0,0.0156,0.0,-0.0156,0.999848,0.017452,1
11877,5.95,0.0,0.014,0.0,-0.014,0.999914,0.01309,1
11878,5.9667,0.0,0.0158,0.0,-0.0158,0.999962,0.008727,1
11879,5.9833,0.0,0.0148,0.0,-0.0148,0.99999,0.004363,1
11880,6.0,0.00295,0.0272,0.0,-0.02425,1.0,0.0,1
11881,6.0167,0.003283,0.0281,0.0,-0.024817,0.99999,-0.004363,1
11882,6.0333,0.001617,0.0272,0.0,-0.025583,0.999962,-0.008727,1
11883,6.05,0.003117,0.0278,0.0,-0.024683,0.999914,-0.01309,1
11884,6.0667,0.00725,0.03,0.0,-0.02275,0.999848,-0.017452,1
11885,6.0833,0.006567,0.0267,0.0,-0.020133,0.999762,-0.021815,1
11886,6.1,0.003183,0.03,0.0,-0.026817,0.999657,-0.026177,1
11887,6.1167,0.003567,0.0272,0.0,-0.023633,0.999534,-0.030539,1
11888,6.1333,0.002767,0.0282,0.0,-0.025433,0.999391,-0.034899,1
11889,6.15,0.004733,0.031,0.0,-0.026267,0.999229,-0.03926,1
11890,6.1667,0.007133,0.0277,0.0,-0.020567,0.999048,-0.043619,1
11891,6.1833,0.008967,0.0275,0.0,-0.018533,0.998848,-0.047978,1
11892,6.2,0.0081,0.0284,0.0,-0.0203,0.99863,-0.052336,1
11893,6.2167,0.013083,0.0283,0.0,-0.015217,0.998392,-0.056693,1
11894,6.2333,0.009367,0.0303,0.0,-0.020933,0.998135,-0.061049,1
11895,6.25,0.00485,0.0274,0.0,-0.02255,0.997859,-0.065403,1
11896,6.2667,0.007083,0.0291,0.0,-0.022017,0.997564,-0.069756,1
11897,6.2833,0.01555,0.0295,0.0,-0.01395,0.99725,-0.074108,1
11898,6.3,0.014833,0.0311,0.0,-0.016267,0.996917,-0.078459,1
11899,6.3167,0.014517,0.0304,0.0,-0.015883,0.996566,-0.082808,1
11900,6.3333,0.015367,0.0317,0.0,-0.016333,0.996195,-0.087156,1
11901,6.35,0.015417,0.0315,0.0,-0.016083,0.995805,-0.091502,1
11902,6.3667,0.0134,0.0302,0.0,-0.0168,0.995396,-0.095846,1
11903,6.3833,0.015383,0.0306,0.0,-0.015217,0.994969,-0.100188,1
11904,6.4,0.018033,0.0306,0.0,-0.012567,0.994522,-0.104528,1
11905,6.4167,0.013117,0.0311,0.0,-0.017983,0.994056,-0.108867,1
11906,6.4333,0.01635,0.0305,0.0,-0.01415,0.993572,-0.113203,1
11907,6.45,0.015217,0.0299,0.0,-0.014683,0.993068,-0.117537,1
11908,6.4667,0.015517,0.0288,0.0,-0.013283,0.992546,-0.121869,1
11909,6.4833,0.0165,0.0299,0.0,-0.0134,0.992005,-0.126199,1
11910,6.5,0.02265,0.0318,0.0,-0.00915,0.991445,-0.130526,1
11911,6.5167,0.022433,0.0299,0.0,-0.007467,0.990866,-0.134851,1
11912,6.5333,0.019783,0.0281,0.0,-0.008317,0.990268,-0.139173,1
11913,6.55,0.026,0.0275,0.0,-0.0015,0.989651,-0.143493,1
11914,6.5667,0.020283,0.0283,0.0,-0.008017,0.989016,-0.147809,1
11915,6.5833,0.023983,0.0298,0.0,-0.005817,0.988362,-0.152123,1
11916,6.6,0.02265,0.0324,0.0,-0.00975,0.987688,-0.156434,1
11917,6.6167,0.019433,0.0313,0.0,-0.011867,0.986996,-0.160743,1
11918,6.6333,0.02675,0.029,0.0,-0.00225,0.986286,-0.165048,1
11919,6.65,0.0279,0.0278,0.0001,0.0001,0.985556,-0.16935,0
11920,6.6667,0.021967,0.0309,0.0,-0.008933,0.984808,-0.173648,1
11921,6.6833,0.0243,0.0304,0.0,-0.0061,0.984041,-0.177944,1
11922,6.7,0.024383,0.0299,0.0,-0.005517,0.983255,-0.182236,1
11923,6.7167,0.025283,0.0302,0.0,-0.004917,0.98245,-0.186524,1
11924,6.7333,0.026533,0.027,0.0,-0.000467,0.981627,-0.190809,1
11925,6.75,0.028983,0.0289,0.0001,8.3e-05,0.980785,-0.19509,0
11926,6.7667,0.030533,0.0262,0.0044,0.004333,0.979925,-0.199368,0
11927,6.7833,0.03225,0.0297,0.007,0.00255,0.979045,-0.203642,0
11928,6.8,0.031267,0.0298,0.0085,0.001467,0.978148,-0.207912,0
11929,6.8167,0.032567,0.0298,0.0113,0.002767,0.977231,-0.212178,0
11930,6.8333,0.033117,0.0279,0.0165,0.005217,0.976296,-0.21644,0
11931,6.85,0.035867,0.0298,0.0226,0.006067,0.975342,-0.220697,0
11932,6.8667,0.0334,0.0284,0.0276,0.005,0.97437,-0.224951,0
11933,6.8833,0.03235,0.0259,0.034,0.00645,0.973379,-0.2292,0
11934,6.9,0.035217,0.0297,0.0395,0.005517,0.97237,-0.233445,0
11935,6.9167,0.038867,0.0326,0.0458,0.006267,0.971342,-0.237686,0
11936,6.9333,0.039333,0.0279,0.0572,0.011433,0.970296,-0.241922,0
11937,6.95,0.03815,0.0292,0.0662,0.00895,0.969231,-0.246153,0
11938,6.9667,0.04445,0.0304,0.0803,0.01405,0.968148,-0.25038,0
11939,6.9833,0.038967,0.0249,0.0944,0.014067,0.967046,-0.254602,0
11940,7.0,0.042117,0.0543,0.0822,-0.012183,0.965926,-0.258819,0
11941,7.0167,0.035133,0.0476,0.0697,-0.012467,0.964787,-0.263031,0
11942,7.0333,0.041317,0.05,0.061,-0.008683,0.96363,-0.267238,0
11943,7.05,0.041283,0.0515,0.0508,-0.010217,0.962455,-0.27144,0
11944,7.0667,0.04495,0.0499,0.0459,-0.00495,0.961262,-0.275637,0
11945,7.0833,0.03905,0.0499,0.035,-0.01085,0.96005,-0.279829,0
11946,7.1,0.046033,0.0532,0.0278,-0.007167,0.95882,-0.284015,0
11947,7.1167,0.04345,0.0507,0.0206,-0.00725,0.957571,-0.288196,0
11948,7.1333,0.04305,0.0544,0.0093,-0.01135,0.956305,-0.292372,0
11949,7.15,0.0436,0.0507,0.0022,-0.0071,0.95502,-0.296542,0
11950,7.1667,0.046867,0.0516,0.0,-0.004733,0.953717,-0.300706,1
11951,7.1833,0.049833,0.0529,0.0,-0.003067,0.952396,-0.304864,1
11952,7.2,0.0442,0.0513,0.0,-0.0071,0.951057,-0.309017,1
11953,7.2167,0.047067,0.0489,0.0,-0.001833,0.949699,-0.313164,1
11954,7.2333,0.0471,0.0522,0.0,-0.0051,0.948324,-0.317305,1
11955,7.25,0.045017,0.0515,0.0,-0.006483,0.94693,-0.321439,1
11956,7.2667,0.045117,0.0513,0.0,-0.006183,0.945519,-0.325568,1
11957,7.2833,0.049867,0.0517,0.0,-0.001833,0.944089,-0.329691,1
11958,7.3,0.044767,0.0492,0.0,-0.004433,0.942641,-0.333807,1
11959,7.3167,0.051017,0.0466,0.0044,0.004417,0.941176,-0.337917,0
11960,7.3333,0.0523,0.0508,0.0059,0.0015,0.939693,-0.34202,0
11961,7.35,0.05325,0.0501,0.0091,0.00315,0.938191,-0.346117,0
11962,7.3667,0.047083,0.0526,0.0036,-0.005517,0.936672,-0.350207,0
11963,7.3833,0.056567,0.056,0.0042,0.000567,0.935135,-0.354291,0
11964,7.4,0.053683,0.0537,0.0042,-1.7e-05,0.93358,-0.358368,0
11965,7.4167,0.052367,0.0514,0.0052,0.000967,0.932008,-0.362438,0
11966,7.4333,0.048883,0.0551,0.0,-0.006217,0.930418,-0.366501,1
11967,7.45,0.051967,0.0512,0.0008,0.000767,0.92881,-0.370557,0
11968,7.4667,0.0559,0.0554,0.0013,0.0005,0.927184,-0.374607,0
11969,7.4833,0.055467,0.0524,0.0044,0.003067,0.925541,-0.378649,0
11970,7.5,0.060167,0.052,0.0126,0.008167,0.92388,-0.382683,0
11971,7.5167,0.057033,0.0545,0.0151,0.002533,0.922201,-0.386711,0
11972,7.5333,0.064233,0.0562,0.0231,0.008033,0.920505,-0.390731,0
11973,7.55,0.06285,0.0492,0.0367,0.01365,0.918791,-0.394744,0
11974,7.5667,0.056717,0.0542,0.0392,0.002517,0.91706,-0.398749,0
11975,7.5833,0.061483,0.0557,0.045,0.005783,0.915311,-0.402747,0
11976,7.6,0.064617,0.0508,0.0588,0.013817,0.913545,-0.406737,0
11977,7.6167,0.062133,0.0503,0.0706,0.011833,0.911762,-0.410719,0
11978,7.6333,0.064833,0.0509,0.0845,0.013933,0.909961,-0.414693,0
11979,7.65,0.063083,0.0535,0.0941,0.009583,0.908143,-0.41866,0
11980,7.6667,0.06525,0.0522,0.1071,0.01305,0.906308,-0.422618,0
11981,7.6833,0.06655,0.0552,0.1184,0.01135,0.904455,-0.426569,0
11982,7.7,0.065817,0.055,0.1292,0.010817,0.902585,-0.430511,0
11983,7.7167,0.0662,0.0519,0.1435,0.0143,0.900698,-0.434445,0
11984,7.7333,0.064683,0.0495,0.1587,0.015183,0.898794,-0.438371,0
11985,7.75,0.066933,0.1343,0.0913,-0.067367,0.896873,-0.442289,0
11986,7.7667,0.065183,0.1348,0.0217,-0.069617,0.894934,-0.446198,0
11987,7.7833,0.071433,0.1374,0.0,-0.065967,0.892979,-0.450098,1
11988,7.8,0.069767,0.1365,0.0,-0.066733,0.891007,-0.45399,1
11989,7.8167,0.0664,0.1371,0.0,-0.0707,0.889017,-0.457874,1
11990,7.8333,0.067283,0.1339,0.0,-0.066617,0.887011,-0.461749,1
11991,7.85,0.0679,0.1324,0.0,-0.0645,0.884988,-0.465615,1
11992,7.8667,0.070617,0.134,0.0,-0.063383,0.882948,-0.469472,1
11993,7.8833,0.072233,0.1337,0.0,-0.061467,0.880891,-0.47332,1
11994,7.9,0.075117,0.1351,0.0,-0.059983,0.878817,-0.477159,1
11995,7.9167,0.075117,0.1377,0.0,-0.062583,0.876727,-0.480989,1
11996,7.9333,0.070517,0.1349,0.0,-0.064383,0.87462,-0.48481,1
11997,7.95,0.07005,0.136,0.0,-0.06595,0.872496,-0.488621,1
11998,7.9667,0.07685,0.1351,0.0,-0.05825,0.870356,-0.492424,1
11999,7.9833,0.077917,0.134,0.0,-0.056083,0.868199,-0.496217,1
12000,8.0,0.071933,0.1351,0.0,-0.063167,0.866025,-0.5,1
12001,8.0167,0.076933,0.1359,0.0,-0.058967,0.863836,-0.503774,1
12002,8.0333,0.075267,0.137,0.0,-0.061733,0.861629,-0.507538,1
12003,8.05,0.075467,0.133,0.0,-0.057533,0.859406,-0.511293,1
12004,8.0667,0.0799,0.1333,0.0,-0.0534,0.857167,-0.515038,1
12005,8.0833,0.078517,0.1329,0.0,-0.054383,0.854912,-0.518773,1
12006,8.1,0.078833,0.135,0.0,-0.056167,0.85264,-0.522499,1
12007,8.1167,0.076517,0.1339,0.0,-0.057383,0.850352,-0.526214,1
12008,8.1333,0.075433,0.1347,0.0,-0.059267,0.848048,-0.529919,1
12009,8.15,0.0801,0.1315,0.0,-0.0514,0.845728,-0.533615,1
12010,8.1667,0.079983,0.1328,0.0,-0.052817,0.843391,-0.5373,1
12011,8.1833,0.080433,0.1331,0.0,-0.052667,0.841039,-0.540974,1
12012,8.2,0.084433,0.1323,0.0,-0.047867,0.838671,-0.544639,1
12013,8.2167,0.07605,0.136,0.0,-0.05995,0.836286,-0.548293,1
12014,8.2333,0.088983,0.135,0.0,-0.046017,0.833886,-0.551937,1
12015,8.25,0.086783,0.1345,0.0,-0.047717,0.83147,-0.55557,1
12016,8.2667,0.083017,0.135,0.0,-0.051983,0.829038,-0.559193,1
12017,8.2833,0.08395,0.135,0.0,-0.05105,0.82659,-0.562805,1
12018,8.3,0.0854,0.1334,0.0,-0.048,0.824126,-0.566406,1
12019,8.3167,0.085167,0.1328,0.0,-0.047633,0.821647,-0.569997,1
12020,8.3333,0.084483,0.1386,0.0,-0.054117,0.819152,-0.573576,1
12021,8.35,0.085483,0.1354,0.0,-0.049917,0.816642,-0.577145,1
12022,8.3667,0.086983,0.1335,0.0,-0.046517,0.814116,-0.580703,1
12023,8.3833,0.087017,0.1336,0.0,-0.046583,0.811574,-0.58425,1
12024,8.4,0.087367,0.1341,0.0,-0.046733,0.809017,-0.587785,1
12025,8.4167,0.08965,0.1314,0.0,-0.04175,0.806445,-0.59131,1
12026,8.4333,0.086883,0.1317,0.0,-0.044817,0.803857,-0.594823,1
12027,8.45,0.0898,0.1392,0.0,-0.0494,0.801254,-0.598325,1
12028,8.4667,0.093883,0.1342,0.0,-0.040317,0.798636,-0.601815,1
12029,8.4833,0.09275,0.1361,0.0,-0.04335,0.796002,-0.605294,1
12030,8.5,0.090867,0.1345,0.0,-0.043633,0.793353,-0.608761,1
12031,8.5167,0.092967,0.1346,0.0,-0.041633,0.79069,-0.612217,1
12032,8.5333,0.093433,0.1347,0.0,-0.041267,0.788011,-0.615661,1
12033,8.55,0.092183,0.1352,0.0,-0.043017,0.785317,-0.619094,1
12034,8.5667,0.0942,0.1343,0.0,-0.0401,0.782608,-0.622515,1
12035,8.5833,0.09985,0.1368,0.0,-0.03695,0.779884,-0.625923,1
12036,8.6,0.094633,0.1328,0.0,-0.038167,0.777146,-0.62932,1
12037,8.6167,0.09195,0.1351,0.0,-0.04315,0.774393,-0.632705,1
12038,8.6333,0.09355,0.1344,0.0,-0.04085,0.771625,-0.636078,1
12039,8.65,0.0958,0.1332,0.0,-0.0374,0.768842,-0.639439,1
12040,8.6667,0.095617,0.1322,0.0,-0.036583,0.766044,-0.642788,1
12041,8.6833,0.0955,0.1347,0.0,-0.0392,0.763232,-0.646124,1
12042,8.7,0.100367,0.1342,0.0,-0.033833,0.760406,-0.649448,1
12043,8.7167,0.095717,0.1329,0.0,-0.037183,0.757565,-0.65276,1
12044,8.7333,0.095683,0.1347,0.0,-0.039017,0.75471,-0.656059,1
12045,8.75,0.096033,0.1336,0.0,-0.037567,0.75184,-0.659346,1
12046,8.7667,0.096533,0.1359,0.0,-0.039367,0.748956,-0.66262,1
12047,8.7833,0.09715,0.1323,0.0,-0.03515,0.746057,-0.665882,1
12048,8.8,0.096767,0.1339,0.0,-0.037133,0.743145,-0.669131,1
12049,8.8167,0.101833,0.1348,0.0,-0.032967,0.740218,-0.672367,1
12050,8.8333,0.10295,0.136,0.0,-0.03305,0.737277,-0.67559,1
12051,8.85,0.0993,0.1372,0.0,-0.0379,0.734323,-0.678801,1
12052,8.8667,0.105633,0.1341,0.0,-0.028467,0.731354,-0.681998,1
12053,8.8833,0.104783,0.1357,0.0,-0.030917,0.728371,-0.685183,1
12054,8.9,0.099183,0.1347,0.0,-0.035517,0.725374,-0.688355,1
12055,8.9167,0.103783,0.1324,0.0,-0.028617,0.722364,-0.691513,1
12056,8.9333,0.108383,0.1363,0.0,-0.027917,0.71934,-0.694658,1
12057,8.95,0.105517,0.0475,0.058,0.058017,0.716302,-0.69779,0
12058,8.9667,0.103967,0.0526,0.1094,0.051367,0.71325,-0.700909,0
12059,8.9833,0.10245,0.0501,0.1617,0.05235,0.710185,-0.704015,0
12060,9.0,0.104217,0.0314,0.2345,0.072817,0.707107,-0.707107,0
12061,9.0167,0.104583,0.0261,0.313,0.078483,0.704015,-0.710185,0
12062,9.0333,0.1085,0.027,0.3945,0.0815,0.700909,-0.71325,0
12063,9.05,0.113333,0.0271,0.4807,0.086233,0.69779,-0.716302,0
12064,9.0667,0.110933,0.0258,0.5658,0.085133,0.694658,-0.71934,0
12065,9.0833,0.10565,0.0261,0.6453,0.07955,0.691513,-0.722364,0
12066,9.1,0.110333,0.0312,0.7244,0.079133,0.688355,-0.725374,0
12067,9.1167,0.109267,0.027,0.8067,0.082267,0.685183,-0.728371,0
12068,9.1333,0.110083,0.0274,0.8894,0.082683,0.681998,-0.731354,0
12069,9.15,0.111817,0.0268,0.9744,0.085017,0.678801,-0.734323,0
12070,9.1667,0.113817,0.0286,1.0596,0.085217,0.67559,-0.737277,0
12071,9.1833,0.111233,0.0308,1.14,0.080433,0.672367,-0.740218,0
12072,9.2,0.111833,0.0302,1.2216,0.081633,0.669131,-0.743145,0
12073,9.2167,0.113317,0.0298,1.3051,0.083517,0.665882,-0.746057,0
12074,9.2333,0.112917,0.0245,1.3935,0.088417,0.66262,-0.748956,0
12075,9.25,0.113017,0.0309,1.4756,0.082117,0.659346,-0.75184,0
12076,9.2667,0.110067,0.0273,1.5584,0.082767,0.656059,-0.75471,0
12077,9.2833,0.114533,0.027,1.6459,0.087533,0.65276,-0.757565,0
12078,9.3,0.114433,0.0327,1.7276,0.081733,0.649448,-0.760406,0
12079,9.3167,0.114433,0.0304,1.8116,0.084033,0.646124,-0.763232,0
12080,9.3333,0.1156,0.0268,1.9004,0.0888,0.642788,-0.766044,0
12081,9.35,0.110483,0.033,1.9779,0.077483,0.639439,-0.768842,0
12082,9.3667,0.11115,0.0269,2.0621,0.08425,0.636078,-0.771625,0
12083,9.3833,0.119283,0.028,2.1534,0.091283,0.632705,-0.774393,0
12084,9.4,0.119933,0.0302,2.2431,0.089733,0.62932,-0.777146,0
12085,9.4167,0.1161,0.0302,2.329,0.0859,0.625923,-0.779884,0
12086,9.4333,0.119717,0.0258,2.4229,0.093917,0.622515,-0.782608,0
12087,9.45,0.11675,0.0265,2.5131,0.09025,0.619094,-0.785317,0
12088,9.4667,0.12025,0.0268,2.6065,0.09345,0.615661,-0.788011,0
12089,9.4833,0.113817,0.0291,2.6912,0.084717,0.612217,-0.79069,0
12090,9.5,0.119367,0.0301,2.7805,0.089267,0.608761,-0.793353,0
12091,9.5167,0.122633,0.0264,2.8767,0.096233,0.605294,-0.796002,0
12092,9.5333,0.12065,0.0283,2.969,0.09235,0.601815,-0.798636,0
12093,9.55,0.118033,0.0291,3.0579,0.088933,0.598325,-0.801254,0
12094,9.5667,0.1213,0.0271,3.1521,0.0942,0.594823,-0.803857,0
12095,9.5833,0.117583,0.0245,3.2452,0.093083,0.59131,-0.806445,0
12096,9.6,0.1217,0.0318,3.3351,0.0899,0.587785,-0.809017,0
12097,9.6167,0.11765,0.0255,3.4272,0.09215,0.58425,-0.811574,0
12098,9.6333,0.120917,0.0289,3.5192,0.092017,0.580703,-0.814116,0
12099,9.65,0.122233,0.0251,3.6163,0.097133,0.577145,-0.816642,0
12100,9.6667,0.120283,0.0263,3.7103,0.093983,0.573576,-0.819152,0
12101,9.6833,0.125167,0.0281,3.8074,0.097067,0.569997,-0.821647,0
12102,9.7,0.126067,0.0282,3.9053,0.097867,0.566406,-0.824126,0
12103,9.7167,0.1223,0.0311,3.9965,0.0912,0.562805,-0.82659,0
12104,9.7333,0.122833,0.027,4.0923,0.095833,0.559193,-0.829038,0
12105,9.75,0.124083,0.0268,4.1896,0.097283,0.55557,-0.83147,0
12106,9.7667,0.128117,0.0298,4.2879,0.098317,0.551937,-0.833886,0
12107,9.7833,0.126767,0.0291,4.3856,0.097667,0.548293,-0.836286,0
12108,9.8,0.127617,0.0269,4.4863,0.100717,0.544639,-0.838671,0
12109,9.8167,0.12425,0.033,4.5775,0.09125,0.540974,-0.841039,0
12110,9.8333,0.126517,0.0293,4.6747,0.097217,0.5373,-0.843391,0
12111,9.85,0.123133,0.027,4.7708,0.096133,0.533615,-0.845728,0
12112,9.8667,0.1255,0.0295,4.8668,0.096,0.529919,-0.848048,0
12113,9.8833,0.126867,0.025,4.9687,0.101867,0.526214,-0.850352,0
12114,9.9,0.130117,0.0253,5.0735,0.104817,0.522499,-0.85264,0
12115,9.9167,0.129817,0.0273,5.176,0.102517,0.518773,-0.854912,0
12116,9.9333,0.127733,0.0286,5.2751,0.099133,0.515038,-0.857167,0
12117,9.95,0.133317,0.032,5.3764,0.101317,0.511293,-0.859406,0
12118,9.9667,0.13055,0.0273,5.4797,0.10325,0.507538,-0.861629,0
12119,9.9833,0.129783,0.0293,5.5802,0.100483,0.503774,-0.863836,0
12120,10.0,0.1274,0.0304,5.6772,0.097,0.5,-0.866025,0
12121,10.0167,0.127833,0.0273,5.7777,0.100533,0.496217,-0.868199,0
12122,10.0333,0.131533,0.0333,5.8759,0.098233,0.492424,-0.870356,0
12123,10.05,0.130817,0.0274,5.9793,0.103417,0.488621,-0.872496,0
12124,10.0667,0.1336,0.0304,6.0825,0.1032,0.48481,-0.87462,0
12125,10.0833,0.129183,0.0302,6.1815,0.098983,0.480989,-0.876727,0
12126,10.1,0.134817,0.0287,6.2876,0.106117,0.477159,-0.878817,0
12127,10.1167,0.130417,0.029,6.389,0.101417,0.47332,-0.880891,0
12128,10.1333,0.136817,0.03,6.4958,0.106817,0.469472,-0.882948,0
12129,10.15,0.131733,0.0266,6.6009,0.105133,0.465615,-0.884988,0
12130,10.1667,0.13245,0.0281,6.7053,0.10435,0.461749,-0.887011,0
12131,10.1833,0.132733,0.0283,6.8097,0.104433,0.457874,-0.889017,0
12132,10.2,0.132617,0.0322,6.9101,0.100417,0.45399,-0.891007,0
12133,10.2167,0.1322,0.0258,7.0165,0.1064,0.450098,-0.892979,0
12134,10.2333,0.1357,0.0283,7.1239,0.1074,0.446198,-0.894934,0
12135,10.25,0.129867,0.0317,7.2221,0.098167,0.442289,-0.896873,0
12136,10.2667,0.130667,0.0264,7.3264,0.104267,0.438371,-0.898794,0
12137,10.2833,0.137533,0.0289,7.435,0.108633,0.434445,-0.900698,0
12138,10.3,0.13785,0.0276,7.5453,0.11025,0.430511,-0.902585,0
12139,10.3167,0.132083,0.0309,7.6465,0.101183,0.426569,-0.904455,0
12140,10.3333,0.1325,0.0303,7.7487,0.1022,0.422618,-0.906308,0
12141,10.35,0.138083,0.0269,7.8599,0.111183,0.41866,-0.908143,0
12142,10.3667,0.137733,0.0259,7.9717,0.111833,0.414693,-0.909961,0
12143,10.3833,0.13935,0.0271,8.0839,0.11225,0.410719,-0.911762,0
12144,10.4,0.13535,0.0315,8.1878,0.10385,0.406737,-0.913545,0
12145,10.4167,0.13845,0.0299,8.2964,0.10855,0.402747,-0.915311,0
12146,10.4333,0.134633,0.027,8.404,0.107633,0.398749,-0.91706,0
12147,10.45,0.13925,0.0304,8.5129,0.10885,0.394744,-0.918791,0
12148,10.4667,0.13775,0.0301,8.6206,0.10765,0.390731,-0.920505,0
12149,10.4833,0.13655,0.0278,8.7294,0.10875,0.386711,-0.922201,0
12150,10.5,0.1386,0.0313,8.8367,0.1073,0.382683,-0.92388,0
12151,10.5167,0.141433,0.0273,8.9508,0.114133,0.378649,-0.925541,0
12152,10.5333,0.140883,0.0277,9.064,0.113183,0.374607,-0.927184,0
12153,10.55,0.140417,0.0298,9.1746,0.110617,0.370557,-0.92881,0
12154,10.5667,0.1391,0.0311,9.2826,0.108,0.366501,-0.930418,0
12155,10.5833,0.138733,0.0286,9.3927,0.110133,0.362438,-0.932008,0
12156,10.6,0.143267,0.0279,9.5081,0.115367,0.358368,-0.93358,0
12157,10.6167,0.141167,0.0292,9.6201,0.111967,0.354291,-0.935135,0
12158,10.6333,0.141033,0.0281,9.733,0.112933,0.350207,-0.936672,0
12159,10.65,0.13825,0.0266,9.8446,0.11165,0.346117,-0.938191,0
12160,10.6667,0.140717,0.0315,9.9538,0.109217,0.34202,-0.939693,0
12161,10.6833,0.137467,0.0298,10.0615,0.107667,0.337917,-0.941176,0
12162,10.7,0.144817,0.0252,10.1811,0.119617,0.333807,-0.942641,0
12163,10.7167,0.144033,0.0304,10.2947,0.113633,0.329691,-0.944089,0
12164,10.7333,0.142383,0.0298,10.4073,0.112583,0.325568,-0.945519,0
12165,10.75,0.140783,0.0266,10.5215,0.114183,0.321439,-0.94693,0
12166,10.7667,0.1439,0.0267,10.6387,0.1172,0.317305,-0.948324,0
12167,10.7833,0.14035,0.0327,10.7463,0.10765,0.313164,-0.949699,0
12168,10.8,0.144417,0.0274,10.8633,0.117017,0.309017,-0.951057,0
12169,10.8167,0.143667,0.0292,10.9778,0.114467,0.304864,-0.952396,0
12170,10.8333,0.144833,0.0256,11.097,0.119233,0.300706,-0.953717,0
12171,10.85,0.146333,0.0281,11.2152,0.118233,0.296542,-0.95502,0
12172,10.8667,0.144583,0.0271,11.3327,0.117483,0.292372,-0.956305,0
12173,10.8833,0.140433,0.0282,11.4449,0.112233,0.288196,-0.957571,0
12174,10.9,0.14555,0.033,11.5575,0.11255,0.284015,-0.95882,0
12175,10.9167,0.142417,0.0279,11.672,0.114517,0.279829,-0.96005,0
12176,10.9333,0.1432,0.0285,11.7867,0.1147,0.275637,-0.961262,0
12177,10.95,0.147017,0.0242,11.9095,0.122817,0.27144,-0.962455,0
12178,10.9667,0.144817,0.0293,12.025,0.115517,0.267238,-0.96363,0
12179,10.9833,0.143117,0.0294,12.1387,0.113717,0.263031,-0.964787,0
12180,11.0,0.144017,0.029,12.2537,0.115017,0.258819,-0.965926,0
12181,11.0167,0.146083,0.0264,12.3734,0.119683,0.254602,-0.967046,0
12182,11.0333,0.145883,0.0269,12.4924,0.118983,0.25038,-0.968148,0
12183,11.05,0.150583,0.0291,12.6139,0.121483,0.246153,-0.969231,0
12184,11.0667,0.144617,0.0284,12.7301,0.116217,0.241922,-0.970296,0
12185,11.0833,0.144883,0.0288,12.8462,0.116083,0.237686,-0.971342,0
12186,11.1,0.143567,0.0302,12.9596,0.113367,0.233445,-0.97237,0
12187,11.1167,0.145367,0.0293,13.0757,0.116067,0.2292,-0.973379,0
12188,11.1333,0.146417,0.0302,13.1919,0.116217,0.224951,-0.97437,0
12189,11.15,0.144733,0.027,13.3096,0.117733,0.220697,-0.975342,0
12190,11.1667,0.15015,0.0258,13.4339,0.12435,0.21644,-0.976296,0
12191,11.1833,0.1549,0.0271,13.5617,0.1278,0.212178,-0.977231,0
12192,11.2,0.148267,0.0308,13.6792,0.117467,0.207912,-0.978148,0
12193,11.2167,0.14795,0.0299,13.7973,0.11805,0.203642,-0.979045,0
12194,11.2333,0.1473,0.0282,13.9164,0.1191,0.199368,-0.979925,0
12195,11.25,0.144883,0.0269,14.0344,0.117983,0.19509,-0.980785,0
12196,11.2667,0.149133,0.027,14.1565,0.122133,0.190809,-0.981627,0
12197,11.2833,0.147683,0.0285,14.2757,0.119183,0.186524,-0.98245,0
12198,11.3,0.1474,0.0264,14.3967,0.121,0.182236,-0.983255,0
12199,11.3167,0.149617,0.0288,14.5175,0.120817,0.177944,-0.984041,0
12200,11.3333,0.146567,0.0283,14.6358,0.118267,0.173648,-0.984808,0
12201,11.35,0.145983,0.0303,14.7515,0.115683,0.16935,-0.985556,0
12202,11.3667,0.145033,0.0268,14.8697,0.118233,0.165048,-0.986286,0
12203,11.3833,0.1466,0.0235,14.9928,0.1231,0.160743,-0.986996,0
12204,11.4,0.146567,0.0289,15.0,0.117667,0.156434,-0.987688,0
12205,11.4167,0.146317,0.032,15.0,0.114317,0.152123,-0.988362,0
12206,11.4333,0.14635,0.0305,15.0,0.11585,0.147809,-0.989016,0
12207,11.45,0.1515,0.0283,15.0,0.1232,0.143493,-0.989651,0
12208,11.4667,0.1522,0.0309,15.0,0.1213,0.139173,-0.990268,0
12209,11.4833,0.1489,0.0299,15.0,0.119,0.134851,-0.990866,0
12210,11.5,0.145417,0.0302,15.0,0.115217,0.130526,-0.991445,0
12211,11.5167,0.153317,0.0259,15.0,0.127417,0.126199,-0.992005,0
12212,11.5333,0.1514,0.0308,15.0,0.1206,0.121869,-0.992546,0
12213,11.55,0.148733,0.0279,15.0,0.120833,0.117537,-0.993068,0
12214,11.5667,0.1494,0.03,15.0,0.1194,0.113203,-0.993572,0
12215,11.5833,0.148783,0.0272,15.0,0.121583,0.108867,-0.994056,0
12216,11.6,0.14845,0.0298,15.0,0.11865,0.104528,-0.994522,0
12217,11.6167,0.1522,0.0305,15.0,0.1217,0.100188,-0.994969,0
12218,11.6333,0.151833,0.0268,15.0,0.125033,0.095846,-0.995396,0
12219,11.65,0.150333,0.0294,15.0,0.120933,0.091502,-0.995805,0
12220,11.6667,0.14895,0.0292,15.0,0.11975,0.087156,-0.996195,0
12221,11.6833,0.1482,0.0306,15.0,0.1176,0.082808,-0.996566,0
12222,11.7,0.152067,0.0281,15.0,0.123967,0.078459,-0.996917,0
12223,11.7167,0.1504,0.0333,15.0,0.1171,0.074108,-0.99725,0
12224,11.7333,0.146567,0.0258,15.0,0.120767,0.069756,-0.997564,0
12225,11.75,0.151917,0.0262,15.0,0.125717,0.065403,-0.997859,0
12226,11.7667,0.14805,0.0278,15.0,0.12025,0.061049,-0.998135,0
12227,11.7833,0.151017,0.0286,15.0,0.122417,0.056693,-0.998392,0
12228,11.8,0.149583,0.0329,15.0,0.116683,0.052336,-0.99863,0
12229,11.8167,0.1506,0.0283,15.0,0.1223,0.047978,-0.998848,0
12230,11.8333,0.147967,0.0282,15.0,0.119767,0.043619,-0.999048,0
12231,11.85,0.151517,0.0316,15.0,0.119917,0.03926,-0.999229,0
12232,11.8667,0.149367,0.0283,15.0,0.121067,0.034899,-0.999391,0
12233,11.8833,0.148417,0.0296,15.0,0.118817,0.030539,-0.999534,0
12234,11.9,0.150267,0.0301,15.0,0.120167,0.026177,-0.999657,0
12235,11.9167,0.150667,0.0279,15.0,0.122767,0.021815,-0.999762,0
12236,11.9333,0.144717,0.0271,15.0,0.117617,0.017452,-0.999848,0
12237,11.95,0.151483,0.0297,15.0,0.121783,0.01309,-0.999914,0
12238,11.9667,0.150983,0.0303,15.0,0.120683,0.008727,-0.999962,0
12239,11.9833,0.152783,0.0267,15.0,0.126083,0.004363,-0.99999,0
12240,12.0,0.152033,0.0288,15.0,0.123233,0.0,-1.0,0
12241,12.0167,0.152,0.0287,15.0,0.1233,-0.004363,-0.99999,0
12242,12.0333,0.15315,0.0269,15.0,0.12625,-0.008727,-0.999962,0
12243,12.05,0.1507,0.0292,15.0,0.1215,-0.01309,-0.999914,0
12244,12.0667,0.152267,0.028,15.0,0.124267,-0.017452,-0.999848,0
12245,12.0833,0.1499,0.0285,15.0,0.1214,-0.021815,-0.999762,0
12246,12.1,0.15045,0.0256,15.0,0.12485,-0.026177,-0.999657,0
12247,12.1167,0.148333,0.0239,15.0,0.124433,-0.030539,-0.999534,0
12248,12.1333,0.1453,0.0319,15.0,0.1134,-0.034899,-0.999391,0
12249,12.15,0.15505,0.0303,15.0,0.12475,-0.03926,-0.999229,0
12250,12.1667,0.148333,0.0298,15.0,0.118533,-0.043619,-0.999048,0
12251,12.1833,0.152167,0.0276,15.0,0.124567,-0.047978,-0.998848,0
12252,12.2,0.146533,0.0303,15.0,0.116233,-0.052336,-0.99863,0
12253,12.2167,0.14815,0.0226,15.0,0.12555,-0.056693,-0.998392,0
12254,12.2333,0.14955,0.0245,15.0,0.12505,-0.061049,-0.998135,0
12255,12.25,0.149733,0.024,15.0,0.125733,-0.065403,-0.997859,0
12256,12.2667,0.15095,0.0297,15.0,0.12125,-0.069756,-0.997564,0
12257,12.2833,0.152183,0.0311,15.0,0.121083,-0.074108,-0.99725,0
12258,12.3,0.149183,0.0295,15.0,0.119683,-0.078459,-0.996917,0
12259,12.3167,0.14925,0.0291,15.0,0.12015,-0.082808,-0.996566,0
12260,12.3333,0.150117,0.0335,15.0,0.116617,-0.087156,-0.996195,0
12261,12.35,0.147833,0.0287,15.0,0.119133,-0.091502,-0.995805,0
12262,12.3667,0.145917,0.029,15.0,0.116917,-0.095846,-0.995396,0
12263,12.3833,0.149433,0.0256,15.0,0.123833,-0.100188,-0.994969,0
12264,12.4,0.14695,0.0223,15.0,0.12465,-0.104528,-0.994522,0
12265,12.4167,0.145,0.031,15.0,0.114,-0.108867,-0.994056,0
12266,12.4333,0.147717,0.0274,15.0,0.120317,-0.113203,-0.993572,0
12267,12.45,0.150417,0.0267,15.0,0.123717,-0.117537,-0.993068,0
12268,12.4667,0.1507,0.0292,15.0,0.1215,-0.121869,-0.992546,0
12269,12.4833,0.146717,0.0338,15.0,0.112917,-0.126199,-0.992005,0
12270,12.5,0.147533,0.0252,15.0,0.122333,-0.130526,-0.991445,0
12271,12.5167,0.148833,0.0271,15.0,0.121733,-0.134851,-0.990866,0
12272,12.5333,0.145483,0.0287,15.0,0.116783,-0.139173,-0.990268,0
12273,12.55,0.15145,0.0257,15.0,0.12575,-0.143493,-0.989651,0
12274,12.5667,0.147,0.0287,15.0,0.1183,-0.147809,-0.989016,0
12275,12.5833,0.1489,0.0291,15.0,0.1198,-0.152123,-0.988362,0
12276,12.6,0.147583,0.0262,15.0,0.121383,-0.156434,-0.987688,0
12277,12.6167,0.146883,0.027,15.0,0.119883,-0.160743,-0.986996,0
12278,12.6333,0.147083,0.0287,15.0,0.118383,-0.165048,-0.986286,0
12279,12.65,0.143183,0.0264,15.0,0.116783,-0.16935,-0.985556,0
12280,12.6667,0.14825,0.028,15.0,0.12025,-0.173648,-0.984808,0
12281,12.6833,0.146517,0.0312,15.0,0.115317,-0.177944,-0.984041,0
12282,12.7,0.150717,0.0316,15.0,0.119117,-0.182236,-0.983255,0
12283,12.7167,0.148983,0.0273,15.0,0.121683,-0.186524,-0.98245,0
12284,12.7333,0.15275,0.0271,15.0,0.12565,-0.190809,-0.981627,0
12285,12.75,0.1499,0.0289,15.0,0.121,-0.19509,-0.980785,0
12286,12.7667,0.148633,0.0296,15.0,0.119033,-0.199368,-0.979925,0
12287,12.7833,0.146283,0.0307,15.0,0.115583,-0.203642,-0.979045,0
12288,12.8,0.147683,0.0277,15.0,0.119983,-0.207912,-0.978148,0
12289,12.8167,0.147433,0.0301,15.0,0.117333,-0.212178,-0.977231,0
12290,12.8333,0.14935,0.0312,15.0,0.11815,-0.21644,-0.976296,0
12291,12.85,0.146033,0.0298,15.0,0.116233,-0.220697,-0.975342,0
12292,12.8667,0.141117,0.0285,15.0,0.112617,-0.224951,-0.97437,0
12293,12.8833,0.14675,0.0284,15.0,0.11835,-0.2292,-0.973379,0
12294,12.9,0.142,0.0306,15.0,0.1114,-0.233445,-0.97237,0
12295,12.9167,0.143,0.0283,15.0,0.1147,-0.237686,-0.971342,0
12296,12.9333,0.148217,0.0277,15.0,0.120517,-0.241922,-0.970296,0
12297,12.95,0.142533,0.0281,15.0,0.114433,-0.246153,-0.969231,0
12298,12.9667,0.144233,0.0282,15.0,0.116033,-0.25038,-0.968148,0
12299,12.9833,0.145733,0.0291,15.0,0.116633,-0.254602,-0.967046,0
12300,13.0,0.141617,0.0262,15.0,0.115417,-0.258819,-0.965926,0
12301,13.0167,0.14425,0.028,15.0,0.11625,-0.263031,-0.964787,0
12302,13.0333,0.14405,0.0297,15.0,0.11435,-0.267238,-0.96363,0
12303,13.05,0.141167,0.0291,15.0,0.112067,-0.27144,-0.962455,0
12304,13.0667,0.144967,0.0272,15.0,0.117767,-0.275637,-0.961262,0
12305,13.0833,0.145817,0.0313,15.0,0.114517,-0.279829,-0.96005,0
12306,13.1,0.14525,0.0265,15.0,0.11875,-0.284015,-0.95882,0
12307,13.1167,0.143267,0.0293,15.0,0.113967,-0.288196,-0.957571,0
12308,13.1333,0.1405,0.0257,15.0,0.1148,-0.292372,-0.956305,0
12309,13.15,0.14495,0.0292,15.0,0.11575,-0.296542,-0.95502,0
12310,13.1667,0.146933,0.0277,15.0,0.119233,-0.300706,-0.953717,0
12311,13.1833,0.141617,0.0316,15.0,0.110017,-0.304864,-0.952396,0
12312,13.2,0.141317,0.0297,15.0,0.111617,-0.309017,-0.951057,0
12313,13.2167,0.139817,0.0291,15.0,0.110717,-0.313164,-0.949699,0
12314,13.2333,0.140167,0.0296,15.0,0.110567,-0.317305,-0.948324,0
12315,13.25,0.137533,0.0295,15.0,0.108033,-0.321439,-0.94693,0
12316,13.2667,0.142217,0.0284,15.0,0.113817,-0.325568,-0.945519,0
12317,13.2833,0.14445,0.0311,15.0,0.11335,-0.329691,-0.944089,0
12318,13.3,0.141,0.0285,15.0,0.1125,-0.333807,-0.942641,0
12319,13.3167,0.138183,0.028,15.0,0.110183,-0.337917,-0.941176,0
12320,13.3333,0.13925,0.0287,15.0,0.11055,-0.34202,-0.939693,0
12321,13.35,0.139517,0.0314,15.0,0.108117,-0.346117,-0.938191,0
12322,13.3667,0.139283,0.028,15.0,0.111283,-0.350207,-0.936672,0
12323,13.3833,0.142383,0.0291,15.0,0.113283,-0.354291,-0.935135,0
12324,13.4,0.13865,0.0312,15.0,0.10745,-0.358368,-0.93358,0
12325,13.4167,0.1404,0.0298,15.0,0.1106,-0.362438,-0.932008,0
12326,13.4333,0.141917,0.029,15.0,0.112917,-0.366501,-0.930418,0
12327,13.45,0.139267,0.0283,15.0,0.110967,-0.370557,-0.92881,0
12328,13.4667,0.143183,0.0301,15.0,0.113083,-0.374607,-0.927184,0
12329,13.4833,0.1408,0.0287,15.0,0.1121,-0.378649,-0.925541,0
12330,13.5,0.136667,0.0286,15.0,0.108067,-0.382683,-0.92388,0
12331,13.5167,0.140833,0.03,15.0,0.110833,-0.386711,-0.922201,0
12332,13.5333,0.137417,0.0278,15.0,0.109617,-0.390731,-0.920505,0
12333,13.55,0.1356,0.0306,15.0,0.105,-0.394744,-0.918791,0
12334,13.5667,0.138917,0.0277,15.0,0.111217,-0.398749,-0.91706,0
12335,13.5833,0.136217,0.0268,15.0,0.109417,-0.402747,-0.915311,0
12336,13.6,0.138383,0.0285,15.0,0.109883,-0.406737,-0.913545,0
12337,13.6167,0.137033,0.0321,15.0,0.104933,-0.410719,-0.911762,0
12338,13.6333,0.136133,0.0306,15.0,0.105533,-0.414693,-0.909961,0
12339,13.65,0.1374,0.0307,15.0,0.1067,-0.41866,-0.908143,0
12340,13.6667,0.135433,0.0301,15.0,0.105333,-0.422618,-0.906308,0
12341,13.6833,0.133817,0.0294,15.0,0.104417,-0.426569,-0.904455,0
12342,13.7,0.133383,0.0266,15.0,0.106783,-0.430511,-0.902585,0
12343,13.7167,0.134617,0.0249,15.0,0.109717,-0.434445,-0.900698,0
12344,13.7333,0.139067,0.0281,15.0,0.110967,-0.438371,-0.898794,0
12345,13.75,0.136833,0.0261,15.0,0.110733,-0.442289,-0.896873,0
12346,13.7667,0.133183,0.0293,15.0,0.103883,-0.446198,-0.894934,0
12347,13.7833,0.129533,0.0277,15.0,0.101833,-0.450098,-0.892979,0
12348,13.8,0.131467,0.0309,15.0,0.100567,-0.45399,-0.891007,0
12349,13.8167,0.1361,0.0326,15.0,0.1035,-0.457874,-0.889017,0
12350,13.8333,0.134167,0.0264,15.0,0.107767,-0.461749,-0.887011,0
12351,13.85,0.134117,0.0293,15.0,0.104817,-0.465615,-0.884988,0
12352,13.8667,0.13225,0.0297,15.0,0.10255,-0.469472,-0.882948,0
12353,13.8833,0.136317,0.0277,15.0,0.108617,-0.47332,-0.880891,0
12354,13.9,0.129883,0.0318,15.0,0.098083,-0.477159,-0.878817,0
12355,13.9167,0.132883,0.0262,15.0,0.106683,-0.480989,-0.876727,0
12356,13.9333,0.13355,0.0258,15.0,0.10775,-0.48481,-0.87462,0
12357,13.95,0.130667,0.0294,15.0,0.101267,-0.488621,-0.872496,0
12358,13.9667,0.130733,0.0291,15.0,0.101633,-0.492424,-0.870356,0
12359,13.9833,0.127067,0.03,15.0,0.097067,-0.496217,-0.868199,0
12360,14.0,0.1299,0.0245,15.0,0.1054,-0.5,-0.866025,0
12361,14.0167,0.128483,0.0261,15.0,0.102383,-0.503774,-0.863836,0
12362,14.0333,0.130417,0.0265,15.0,0.103917,-0.507538,-0.861629,0
12363,14.05,0.12785,0.0284,15.0,0.09945,-0.511293,-0.859406,0
12364,14.0667,0.133217,0.0283,15.0,0.104917,-0.515038,-0.857167,0
12365,14.0833,0.127533,0.0251,15.0,0.102433,-0.518773,-0.854912,0
12366,14.1,0.124033,0.0261,15.0,0.097933,-0.522499,-0.85264,0
12367,14.1167,0.124133,0.0289,15.0,0.095233,-0.526214,-0.850352,0
12368,14.1333,0.12765,0.0296,15.0,0.09805,-0.529919,-0.848048,0
12369,14.15,0.126067,0.0292,15.0,0.096867,-0.533615,-0.845728,0
12370,14.1667,0.128517,0.0286,15.0,0.099917,-0.5373,-0.843391,0
12371,14.1833,0.125617,0.0279,15.0,0.097717,-0.540974,-0.841039,0
12372,14.2,0.123967,0.0239,15.0,0.100067,-0.544639,-0.838671,0
12373,14.2167,0.12285,0.0288,15.0,0.09405,-0.548293,-0.836286,0
12374,14.2333,0.128867,0.031,15.0,0.097867,-0.551937,-0.833886,0
12375,14.25,0.12085,0.0275,15.0,0.09335,-0.55557,-0.83147,0
12376,14.2667,0.126017,0.0251,15.0,0.100917,-0.559193,-0.829038,0
12377,14.2833,0.121833,0.0306,15.0,0.091233,-0.562805,-0.82659,0
12378,14.3,0.12655,0.0302,15.0,0.09635,-0.566406,-0.824126,0
12379,14.3167,0.122117,0.0305,15.0,0.091617,-0.569997,-0.821647,0
12380,14.3333,0.121,0.0259,15.0,0.0951,-0.573576,-0.819152,0
12381,14.35,0.123617,0.0262,15.0,0.097417,-0.577145,-0.816642,0
12382,14.3667,0.11925,0.0303,15.0,0.08895,-0.580703,-0.814116,0
12383,14.3833,0.125233,0.03,15.0,0.095233,-0.58425,-0.811574,0
12384,14.4,0.119667,0.029,15.0,0.090667,-0.587785,-0.809017,0
12385,14.4167,0.1196,0.0269,15.0,0.0927,-0.59131,-0.806445,0
12386,14.4333,0.118967,0.0296,15.0,0.089367,-0.594823,-0.803857,0
12387,14.45,0.119567,0.0282,15.0,0.091367,-0.598325,-0.801254,0
12388,14.4667,0.115217,0.0272,15.0,0.088017,-0.601815,-0.798636,0
12389,14.4833,0.122067,0.028,15.0,0.094067,-0.605294,-0.796002,0
12390,14.5,0.123483,0.0264,15.0,0.097083,-0.608761,-0.793353,0
12391,14.5167,0.1205,0.0283,15.0,0.0922,-0.612217,-0.79069,0
12392,14.5333,0.120367,0.0309,15.0,0.089467,-0.615661,-0.788011,0
12393,14.55,0.116617,0.0292,15.0,0.087417,-0.619094,-0.785317,0
12394,14.5667,0.119567,0.0299,15.0,0.089667,-0.622515,-0.782608,0
12395,14.5833,0.120833,0.0293,15.0,0.091533,-0.625923,-0.779884,0
12396,14.6,0.11535,0.0291,15.0,0.08625,-0.62932,-0.777146,0
12397,14.6167,0.11535,0.0263,15.0,0.08905,-0.632705,-0.774393,0
12398,14.6333,0.117267,0.0285,15.0,0.088767,-0.636078,-0.771625,0
12399,14.65,0.11675,0.0263,15.0,0.09045,-0.639439,-0.768842,0
12400,14.6667,0.115567,0.0316,15.0,0.083967,-0.642788,-0.766044,0
12401,14.6833,0.11165,0.0305,15.0,0.08115,-0.646124,-0.763232,0
12402,14.7,0.111933,0.0293,15.0,0.082633,-0.649448,-0.760406,0
12403,14.7167,0.110417,0.0291,15.0,0.081317,-0.65276,-0.757565,0
12404,14.7333,0.11365,0.0296,15.0,0.08405,-0.656059,-0.75471,0
12405,14.75,0.1042,0.0264,15.0,0.0778,-0.659346,-0.75184,0
12406,14.7667,0.117133,0.0258,15.0,0.091333,-0.66262,-0.748956,0
12407,14.7833,0.114,0.0303,15.0,0.0837,-0.665882,-0.746057,0
12408,14.8,0.113217,0.0292,15.0,0.084017,-0.669131,-0.743145,0
12409,14.8167,0.111117,0.0301,15.0,0.081017,-0.672367,-0.740218,0
12410,14.8333,0.117567,0.0256,15.0,0.091967,-0.67559,-0.737277,0
12411,14.85,0.11195,0.0263,15.0,0.08565,-0.678801,-0.734323,0
12412,14.8667,0.115933,0.0279,15.0,0.088033,-0.681998,-0.731354,0
12413,14.8833,0.10615,0.0294,15.0,0.07675,-0.685183,-0.728371,0
12414,14.9,0.109767,0.0305,15.0,0.079267,-0.688355,-0.725374,0
12415,14.9167,0.109,0.0255,15.0,0.0835,-0.691513,-0.722364,0
12416,14.9333,0.105033,0.0287,15.0,0.076333,-0.694658,-0.71934,0
12417,14.95,0.105233,0.0269,15.0,0.078333,-0.69779,-0.716302,0
12418,14.9667,0.1067,0.0332,15.0,0.0735,-0.700909,-0.71325,0
12419,14.9833,0.109483,0.027,15.0,0.082483,-0.704015,-0.710185,0
12420,15.0,0.10865,0.0256,15.0,0.08305,-0.707107,-0.707107,0
12421,15.0167,0.104117,0.0265,15.0,0.077617,-0.710185,-0.704015,0
12422,15.0333,0.108517,0.0307,15.0,0.077817,-0.71325,-0.700909,0
12423,15.05,0.1037,0.0278,15.0,0.0759,-0.716302,-0.69779,0
12424,15.0667,0.101167,0.03,15.0,0.071167,-0.71934,-0.694658,0
12425,15.0833,0.102283,0.0272,15.0,0.075083,-0.722364,-0.691513,0
12426,15.1,0.10405,0.024,15.0,0.08005,-0.725374,-0.688355,0
12427,15.1167,0.10245,0.0272,15.0,0.07525,-0.728371,-0.685183,0
12428,15.1333,0.0972,0.0276,15.0,0.0696,-0.731354,-0.681998,0
12429,15.15,0.102067,0.0268,15.0,0.075267,-0.734323,-0.678801,0
12430,15.1667,0.098833,0.0274,15.0,0.071433,-0.737277,-0.67559,0
12431,15.1833,0.09745,0.0322,15.0,0.06525,-0.740218,-0.672367,0
12432,15.2,0.099033,0.028,15.0,0.071033,-0.743145,-0.669131,0
12433,15.2167,0.100533,0.028,15.0,0.072533,-0.746057,-0.665882,0
12434,15.2333,0.0969,0.0286,15.0,0.0683,-0.748956,-0.66262,0
12435,15.25,0.1005,0.0298,15.0,0.0707,-0.75184,-0.659346,0
12436,15.2667,0.09535,0.0265,15.0,0.06885,-0.75471,-0.656059,0
12437,15.2833,0.09695,0.0289,15.0,0.06805,-0.757565,-0.65276,0
12438,15.3,0.0964,0.0254,15.0,0.071,-0.760406,-0.649448,0
12439,15.3167,0.099583,0.0299,15.0,0.069683,-0.763232,-0.646124,0
12440,15.3333,0.095617,0.0256,15.0,0.070017,-0.766044,-0.642788,0
12441,15.35,0.10075,0.0272,15.0,0.07355,-0.768842,-0.639439,0
12442,15.3667,0.096817,0.0284,15.0,0.068417,-0.771625,-0.636078,0
12443,15.3833,0.092717,0.0258,15.0,0.066917,-0.774393,-0.632705,0
12444,15.4,0.098233,0.0328,15.0,0.065433,-0.777146,-0.62932,0
12445,15.4167,0.094267,0.0282,15.0,0.066067,-0.779884,-0.625923,0
12446,15.4333,0.091433,0.0301,15.0,0.061333,-0.782608,-0.622515,0
12447,15.45,0.091667,0.0333,15.0,0.058367,-0.785317,-0.619094,0
12448,15.4667,0.0918,0.0291,15.0,0.0627,-0.788011,-0.615661,0
12449,15.4833,0.094867,0.0289,15.0,0.065967,-0.79069,-0.612217,0
12450,15.5,0.09,0.0276,15.0,0.0624,-0.793353,-0.608761,0
12451,15.5167,0.092867,0.0276,15.0,0.065267,-0.796002,-0.605294,0
12452,15.5333,0.09015,0.0302,15.0,0.05995,-0.798636,-0.601815,0
12453,15.55,0.092517,0.0295,15.0,0.063017,-0.801254,-0.598325,0
12454,15.5667,0.087167,0.0298,15.0,0.057367,-0.803857,-0.594823,0
12455,15.5833,0.0894,0.0287,15.0,0.0607,-0.806445,-0.59131,0
12456,15.6,0.09015,0.0302,15.0,0.05995,-0.809017,-0.587785,0
12457,15.6167,0.089433,0.031,15.0,0.058433,-0.811574,-0.58425,0
12458,15.6333,0.087833,0.0277,15.0,0.060133,-0.814116,-0.580703,0
12459,15.65,0.08575,0.027,15.0,0.05875,-0.816642,-0.577145,0
12460,15.6667,0.082967,0.0282,15.0,0.054767,-0.819152,-0.573576,0
12461,15.6833,0.085533,0.0311,15.0,0.054433,-0.821647,-0.569997,0
12462,15.7,0.0849,0.0274,15.0,0.0575,-0.824126,-0.566406,0
12463,15.7167,0.0805,0.0292,15.0,0.0513,-0.82659,-0.562805,0
12464,15.7333,0.086,0.0286,15.0,0.0574,-0.829038,-0.559193,0
12465,15.75,0.082583,0.0284,15.0,0.054183,-0.83147,-0.55557,0
12466,15.7667,0.083333,0.0288,15.0,0.054533,-0.833886,-0.551937,0
12467,15.7833,0.07865,0.0291,15.0,0.04955,-0.836286,-0.548293,0
12468,15.8,0.08335,0.0299,15.0,0.05345,-0.838671,-0.544639,0
12469,15.8167,0.078433,0.0301,15.0,0.048333,-0.841039,-0.540974,0
12470,15.8333,0.08555,0.0267,15.0,0.05885,-0.843391,-0.5373,0
12471,15.85,0.079783,0.0263,15.0,0.053483,-0.845728,-0.533615,0
12472,15.8667,0.077083,0.0291,15.0,0.047983,-0.848048,-0.529919,0
12473,15.8833,0.075183,0.0289,15.0,0.046283,-0.850352,-0.526214,0
12474,15.9,0.075683,0.0275,15.0,0.048183,-0.85264,-0.522499,0
12475,15.9167,0.075867,0.0291,15.0,0.046767,-0.854912,-0.518773,0
12476,15.9333,0.075683,0.0278,15.0,0.047883,-0.857167,-0.515038,0
12477,15.95,0.0756,0.0266,15.0,0.049,-0.859406,-0.511293,0
12478,15.9667,0.078983,0.0269,15.0,0.052083,-0.861629,-0.507538,0
12479,15.9833,0.073817,0.0305,15.0,0.043317,-0.863836,-0.503774,0
12480,16.0,0.07825,0.0283,15.0,0.04995,-0.866025,-0.5,0
12481,16.0167,0.075667,0.0274,15.0,0.048267,-0.868199,-0.496217,0
12482,16.0333,0.071217,0.0292,15.0,0.042017,-0.870356,-0.492424,0
12483,16.05,0.072517,0.0302,15.0,0.042317,-0.872496,-0.488621,0
12484,16.0667,0.0709,0.0261,15.0,0.0448,-0.87462,-0.48481,0
12485,16.0833,0.0743,0.0286,15.0,0.0457,-0.876727,-0.480989,0
12486,16.1,0.06885,0.0263,15.0,0.04255,-0.878817,-0.477159,0
12487,16.1167,0.073017,0.0278,15.0,0.045217,-0.880891,-0.47332,0
12488,16.1333,0.07055,0.0303,15.0,0.04025,-0.882948,-0.469472,0
12489,16.15,0.07,0.0281,15.0,0.0419,-0.884988,-0.465615,0
12490,16.1667,0.068517,0.027,15.0,0.041517,-0.887011,-0.461749,0
12491,16.1833,0.0692,0.0286,15.0,0.0406,-0.889017,-0.457874,0
12492,16.2,0.071617,0.0275,15.0,0.044117,-0.891007,-0.45399,0
12493,16.2167,0.067417,0.0295,15.0,0.037917,-0.892979,-0.450098,0
12494,16.2333,0.063267,0.0259,15.0,0.037367,-0.894934,-0.446198,0
12495,16.25,0.067,0.0274,15.0,0.0396,-0.896873,-0.442289,0
12496,16.2667,0.063783,0.0304,15.0,0.033383,-0.898794,-0.438371,0
12497,16.2833,0.068217,0.0246,15.0,0.043617,-0.900698,-0.434445,0
12498,16.3,0.065483,0.0258,15.0,0.039683,-0.902585,-0.430511,0
12499,16.3167,0.065333,0.0311,15.0,0.034233,-0.904455,-0.426569,0
12500,16.3333,0.065083,0.0276,15.0,0.037483,-0.906308,-0.422618,0
12501,16.35,0.059617,0.0296,15.0,0.030017,-0.908143,-0.41866,0
12502,16.3667,0.060183,0.0311,15.0,0.029083,-0.909961,-0.414693,0
12503,16.3833,0.061183,0.0316,15.0,0.029583,-0.911762,-0.410719,0
12504,16.4,0.05855,0.0309,15.0,0.02765,-0.913545,-0.406737,0
12505,16.4167,0.058233,0.0263,15.0,0.031933,-0.915311,-0.402747,0
12506,16.4333,0.058817,0.0309,15.0,0.027917,-0.91706,-0.398749,0
12507,16.45,0.064567,0.0267,15.0,0.037867,-0.918791,-0.394744,0
12508,16.4667,0.0652,0.0295,15.0,0.0357,-0.920505,-0.390731,0
12509,16.4833,0.0568,0.031,15.0,0.0258,-0.922201,-0.386711,0
12510,16.5,0.059567,0.0292,15.0,0.030367,-0.92388,-0.382683,0
12511,16.5167,0.05635,0.0285,15.0,0.02785,-0.925541,-0.378649,0
12512,16.5333,0.059017,0.0322,15.0,0.026817,-0.927184,-0.374607,0
12513,16.55,0.055817,0.0275,15.0,0.028317,-0.92881,-0.370557,0
12514,16.5667,0.054383,0.03,15.0,0.024383,-0.930418,-0.366501,0
12515,16.5833,0.0546,0.0286,15.0,0.026,-0.932008,-0.362438,0
12516,16.6,0.049783,0.029,15.0,0.020783,-0.93358,-0.358368,0
12517,16.6167,0.049933,0.0268,15.0,0.023133,-0.935135,-0.354291,0
12518,16.6333,0.05315,0.0295,15.0,0.02365,-0.936672,-0.350207,0
12519,16.65,0.049667,0.0275,15.0,0.022167,-0.938191,-0.346117,0
12520,16.6667,0.053317,0.024,15.0,0.029317,-0.939693,-0.34202,0
12521,16.6833,0.0533,0.0271,15.0,0.0262,-0.941176,-0.337917,0
12522,16.7,0.04925,0.03,15.0,0.01925,-0.942641,-0.333807,0
12523,16.7167,0.0505,0.0311,15.0,0.0194,-0.944089,-0.329691,0
12524,16.7333,0.048067,0.0284,15.0,0.019667,-0.945519,-0.325568,0
12525,16.75,0.052517,0.0293,15.0,0.023217,-0.94693,-0.321439,0
12526,16.7667,0.050783,0.0295,15.0,0.021283,-0.948324,-0.317305,0
12527,16.7833,0.04065,0.0308,15.0,0.00985,-0.949699,-0.313164,0
12528,16.8,0.0501,0.0252,15.0,0.0249,-0.951057,-0.309017,0
12529,16.8167,0.0436,0.0283,15.0,0.0153,-0.952396,-0.304864,0
12530,16.8333,0.046817,0.0993,14.9475,-0.052483,-0.953717,-0.300706,0
12531,16.85,0.043617,0.099,14.8921,-0.055383,-0.95502,-0.296542,0
12532,16.8667,0.043083,0.0986,14.8366,-0.055517,-0.956305,-0.292372,0
12533,16.8833,0.0434,0.1005,14.7795,-0.0571,-0.957571,-0.288196,0
12534,16.9,0.04695,0.0989,14.7276,-0.05195,-0.95882,-0.284015,0
12535,16.9167,0.0446,0.0956,14.6766,-0.051,-0.96005,-0.279829,0
12536,16.9333,0.038883,0.0979,14.6176,-0.059017,-0.961262,-0.275637,0
12537,16.95,0.038383,0.0951,14.5609,-0.056717,-0.962455,-0.27144,0
12538,16.9667,0.035567,0.0947,14.5018,-0.059133,-0.96363,-0.267238,0
12539,16.9833,0.039,0.1007,14.4401,-0.0617,-0.964787,-0.263031,0
12540,17.0,0.0354,0.0957,14.3798,-0.0603,-0.965926,-0.258819,0
12541,17.0167,0.042817,0.0978,14.3248,-0.054983,-0.967046,-0.254602,0
12542,17.0333,0.03495,0.1014,14.2584,-0.06645,-0.968148,-0.25038,0
12543,17.05,0.03935,0.0971,14.2007,-0.05775,-0.969231,-0.246153,0
12544,17.0667,0.0336,0.0964,14.1379,-0.0628,-0.970296,-0.241922,0
12545,17.0833,0.0351,0.1013,14.0717,-0.0662,-0.971342,-0.237686,0
12546,17.1,0.034733,0.1027,14.0037,-0.067967,-0.97237,-0.233445,0
12547,17.1167,0.032667,0.0967,13.9397,-0.064033,-0.973379,-0.2292,0
12548,17.1333,0.030217,0.0974,13.8725,-0.067183,-0.97437,-0.224951,0
12549,17.15,0.035433,0.0943,13.8136,-0.058867,-0.975342,-0.220697,0
12550,17.1667,0.030267,0.0996,13.7443,-0.069333,-0.976296,-0.21644,0
12551,17.1833,0.029667,0.0935,13.6805,-0.063833,-0.977231,-0.212178,0
12552,17.2,0.033783,0.0993,13.615,-0.065517,-0.978148,-0.207912,0
12553,17.2167,0.032267,0.1014,13.5459,-0.069133,-0.979045,-0.203642,0
12554,17.2333,0.02835,0.0978,13.4764,-0.06945,-0.979925,-0.199368,0
12555,17.25,0.0264,0.0984,13.4044,-0.072,-0.980785,-0.19509,0
12556,17.2667,0.027517,0.1024,13.3295,-0.074883,-0.981627,-0.190809,0
12557,17.2833,0.028967,0.1001,13.2584,-0.071133,-0.98245,-0.186524,0
12558,17.3,0.025783,0.1006,13.1836,-0.074817,-0.983255,-0.182236,0
12559,17.3167,0.02395,0.0943,13.1132,-0.07035,-0.984041,-0.177944,0
12560,17.3333,0.0208,0.1008,13.0332,-0.08,-0.984808,-0.173648,0
12561,17.35,0.0289,0.1008,12.9613,-0.0719,-0.985556,-0.16935,0
12562,17.3667,0.025433,0.0968,12.8899,-0.071367,-0.986286,-0.165048,0
12563,17.3833,0.025733,0.0967,12.8189,-0.070967,-0.986996,-0.160743,0
12564,17.4,0.02605,0.1035,12.7414,-0.07745,-0.987688,-0.156434,0
12565,17.4167,0.027283,0.0999,12.6688,-0.072617,-0.988362,-0.152123,0
12566,17.4333,0.023933,0.0994,12.5933,-0.075467,-0.989016,-0.147809,0
12567,17.45,0.020233,0.0967,12.5168,-0.076467,-0.989651,-0.143493,0
12568,17.4667,0.01925,0.099,12.437,-0.07975,-0.990268,-0.139173,0
12569,17.4833,0.01875,0.095,12.3607,-0.07625,-0.990866,-0.134851,0
12570,17.5,0.01585,0.1,12.2766,-0.08415,-0.991445,-0.130526,0
12571,17.5167,0.0195,0.0985,12.1976,-0.079,-0.992005,-0.126199,0
12572,17.5333,0.02215,0.0998,12.1199,-0.07765,-0.992546,-0.121869,0
12573,17.55,0.015883,0.0254,12.1104,-0.009517,-0.993068,-0.117537,0
12574,17.5667,0.016617,0.0268,12.1002,-0.010183,-0.993572,-0.113203,0
12575,17.5833,0.018617,0.0307,12.0881,-0.012083,-0.994056,-0.108867,0
12576,17.6,0.017433,0.0313,12.0742,-0.013867,-0.994522,-0.104528,0
12577,17.6167,0.015917,0.028,12.0621,-0.012083,-0.994969,-0.100188,0
12578,17.6333,0.01425,0.0299,12.0465,-0.01565,-0.995396,-0.095846,0
12579,17.65,0.017533,0.0301,12.0339,-0.012567,-0.995805,-0.091502,0
12580,17.6667,0.014717,0.0283,12.0203,-0.013583,-0.996195,-0.087156,0
12581,17.6833,0.010317,0.0273,12.0033,-0.016983,-0.996566,-0.082808,0
12582,17.7,0.015333,0.0312,11.9874,-0.015867,-0.996917,-0.078459,0
12583,17.7167,0.009917,0.0286,11.9687,-0.018683,-0.99725,-0.074108,0
12584,17.7333,0.004617,0.0291,11.9442,-0.024483,-0.997564,-0.069756,0
12585,17.75,0.008883,0.0283,11.9248,-0.019417,-0.997859,-0.065403,0
12586,17.7667,0.00935,0.0247,11.9094,-0.01535,-0.998135,-0.061049,0
12587,17.7833,0.007433,0.0298,11.887,-0.022367,-0.998392,-0.056693,0
12588,17.8,0.0076,0.0293,11.8653,-0.0217,-0.99863,-0.052336,0
12589,17.8167,0.0074,0.0271,11.8456,-0.0197,-0.998848,-0.047978,0
12590,17.8333,0.0051,0.0287,11.822,-0.0236,-0.999048,-0.043619,0
12591,17.85,0.0098,0.0308,11.801,-0.021,-0.999229,-0.03926,0
12592,17.8667,0.00425,0.0268,11.7785,-0.02255,-0.999391,-0.034899,0
12593,17.8833,0.002883,0.0279,11.7535,-0.025017,-0.999534,-0.030539,0
12594,17.9,0.00735,0.0263,11.7346,-0.01895,-0.999657,-0.026177,0
12595,17.9167,0.0,0.0282,11.7064,-0.0282,-0.999762,-0.021815,0
12596,17.9333,0.00335,0.0297,11.68,-0.02635,-0.999848,-0.017452,0
12597,17.95,0.001183,0.0299,11.6513,-0.028717,-0.999914,-0.01309,0
12598,17.9667,0.000133,0.0285,11.6229,-0.028367,-0.999962,-0.008727,0
12599,17.9833,0.00405,0.0248,11.6021,-0.02075,-0.99999,-0.004363,0
12600,18.0,0.0,0.0659,11.5362,-0.0659,-1.0,-0.0,0
12601,18.0167,0.0,0.0634,11.4728,-0.0634,-0.99999,0.004363,0
12602,18.0333,0.0,0.0638,11.409,-0.0638,-0.999962,0.008727,0
12603,18.05,0.0,0.0621,11.3469,-0.0621,-0.999914,0.01309,0
12604,18.0667,0.0,0.0675,11.2794,-0.0675,-0.999848,0.017452,0
12605,18.0833,0.0,0.0649,11.2145,-0.0649,-0.999762,0.021815,0
12606,18.1,0.0,0.0681,11.1464,-0.0681,-0.999657,0.026177,0
12607,18.1167,0.0,0.0664,11.08,-0.0664,-0.999534,0.030539,0
12608,18.1333,0.0,0.0655,11.0145,-0.0655,-0.999391,0.034899,0
12609,18.15,0.0,0.0678,10.9467,-0.0678,-0.999229,0.03926,0
12610,18.1667,0.0,0.1418,10.8049,-0.1418,-0.999048,0.043619,0
12611,18.1833,0.0,0.1398,10.6651,-0.1398,-0.998848,0.047978,0
12612,18.2,0.0,0.1408,10.5243,-0.1408,-0.99863,0.052336,0
12613,18.2167,0.0,0.1451,10.3792,-0.1451,-0.998392,0.056693,0
12614,18.2333,0.0,0.1417,10.2375,-0.1417,-0.998135,0.061049,0
12615,18.25,0.0,0.1419,10.0956,-0.1419,-0.997859,0.065403,0
12616,18.2667,0.0,0.1428,9.9528,-0.1428,-0.997564,0.069756,0
12617,18.2833,0.0,0.1396,9.8132,-0.1396,-0.99725,0.074108,0
12618,18.3,0.0,0.1418,9.6714,-0.1418,-0.996917,0.078459,0
12619,18.3167,0.0,0.1422,9.5292,-0.1422,-0.996566,0.082808,0
12620,18.3333,0.0,0.1399,9.3893,-0.1399,-0.996195,0.087156,0
12621,18.35,0.0,0.1414,9.2479,-0.1414,-0.995805,0.091502,0
12622,18.3667,0.0,0.1395,9.1084,-0.1395,-0.995396,0.095846,0
12623,18.3833,0.0,0.142,8.9664,-0.142,-0.994969,0.100188,0
12624,18.4,0.0,0.1408,8.8256,-0.1408,-0.994522,0.104528,0
12625,18.4167,0.0,0.1433,8.6823,-0.1433,-0.994056,0.108867,0
12626,18.4333,0.0,0.1384,8.5439,-0.1384,-0.993572,0.113203,0
12627,18.45,0.0,0.1404,8.4035,-0.1404,-0.993068,0.117537,0
12628,18.4667,0.0,0.1427,8.2608,-0.1427,-0.992546,0.121869,0
12629,18.4833,0.0,0.1393,8.1215,-0.1393,-0.992005,0.126199,0
12630,18.5,0.0,0.1442,7.9773,-0.1442,-0.991445,0.130526,0
12631,18.5167,0.0,0.1414,7.8359,-0.1414,-0.990866,0.134851,0
12632,18.5333,0.0,0.1413,7.6946,-0.1413,-0.990268,0.139173,0
12633,18.55,0.0,0.1416,7.553,-0.1416,-0.989651,0.143493,0
12634,18.5667,0.0,0.1419,7.4111,-0.1419,-0.989016,0.147809,0
12635,18.5833,0.0,0.1427,7.2684,-0.1427,-0.988362,0.152123,0
12636,18.6,0.0,0.1427,7.1257,-0.1427,-0.987688,0.156434,0
12637,18.6167,0.0,0.1442,6.9815,-0.1442,-0.986996,0.160743,0
12638,18.6333,0.0,0.1404,6.8411,-0.1404,-0.986286,0.165048,0
12639,18.65,0.0,0.142,6.6991,-0.142,-0.985556,0.16935,0
12640,18.6667,0.0,0.1441,6.555,-0.1441,-0.984808,0.173648,0
12641,18.6833,0.0,0.1398,6.4152,-0.1398,-0.984041,0.177944,0
12642,18.7,0.0,0.1388,6.2764,-0.1388,-0.983255,0.182236,0
12643,18.7167,0.0,0.1419,6.1345,-0.1419,-0.98245,0.186524,0
12644,18.7333,0.0,0.1406,5.9939,-0.1406,-0.981627,0.190809,0
12645,18.75,0.0,0.138,5.8559,-0.138,-0.980785,0.19509,0
12646,18.7667,0.0,0.1439,5.712,-0.1439,-0.979925,0.199368,0
12647,18.7833,0.0,0.1402,5.5718,-0.1402,-0.979045,0.203642,0
12648,18.8,0.0,0.1428,5.429,-0.1428,-0.978148,0.207912,0
12649,18.8167,0.0,0.1407,5.2883,-0.1407,-0.977231,0.212178,0
12650,18.8333,0.0,0.1419,5.1464,-0.1419,-0.976296,0.21644,0
12651,18.85,0.0,0.1424,5.004,-0.1424,-0.975342,0.220697,0
12652,18.8667,0.0,0.142,4.862,-0.142,-0.97437,0.224951,0
12653,18.8833,0.0,0.1391,4.7229,-0.1391,-0.973379,0.2292,0
12654,18.9,0.0,0.1436,4.5793,-0.1436,-0.97237,0.233445,0
12655,18.9167,0.0,0.143,4.4363,-0.143,-0.971342,0.237686,0
12656,18.9333,0.0,0.143,4.2933,-0.143,-0.970296,0.241922,0
12657,18.95,0.0,0.1403,4.153,-0.1403,-0.969231,0.246153,0
12658,18.9667,0.0,0.1412,4.0118,-0.1412,-0.968148,0.25038,0
12659,18.9833,0.0,0.1404,3.8714,-0.1404,-0.967046,0.254602,0
12660,19.0,0.0,0.1419,3.7295,-0.1419,-0.965926,0.258819,0
12661,19.0167,0.0,0.1423,3.5872,-0.1423,-0.964787,0.263031,0
12662,19.0333,0.0,0.1461,3.4411,-0.1461,-0.96363,0.267238,0
12663,19.05,0.0,0.1402,3.3009,-0.1402,-0.962455,0.27144,0
12664,19.0667,0.0,0.1405,3.1604,-0.1405,-0.961262,0.275637,0
12665,19.0833,0.0,0.1362,3.0242,-0.1362,-0.96005,0.279829,0
12666,19.1,0.0,0.1393,2.8849,-0.1393,-0.95882,0.284015,0
12667,19.1167,0.0,0.1408,2.7441,-0.1408,-0.957571,0.288196,0
12668,19.1333,0.0,0.1443,2.5998,-0.1443,-0.956305,0.292372,0
12669,19.15,0.0,0.1415,2.4583,-0.1415,-0.95502,0.296542,0
12670,19.1667,0.0,0.1416,2.3167,-0.1416,-0.953717,0.300706,0
12671,19.1833,0.0,0.1402,2.1765,-0.1402,-0.952396,0.304864,0
12672,19.2,0.0,0.1409,2.0356,-0.1409,-0.951057,0.309017,0
12673,19.2167,0.0,0.1397,1.8959,-0.1397,-0.949699,0.313164,0
12674,19.2333,0.0,0.1399,1.756,-0.1399,-0.948324,0.317305,0
12675,19.25,0.0,0.1397,1.6163,-0.1397,-0.94693,0.321439,0
12676,19.2667,0.0,0.1407,1.4756,-0.1407,-0.945519,0.325568,0
12677,19.2833,0.0,0.1453,1.3303,-0.1453,-0.944089,0.329691,0
12678,19.3,0.0,0.1397,1.1906,-0.1397,-0.942641,0.333807,0
12679,19.3167,0.0,0.1424,1.0482,-0.1424,-0.941176,0.337917,0
12680,19.3333,0.0,0.142,0.9062,-0.142,-0.939693,0.34202,0
12681,19.35,0.0,0.1396,0.7666,-0.1396,-0.938191,0.346117,0
12682,19.3667,0.0,0.1443,0.6223,-0.1443,-0.936672,0.350207,0
12683,19.3833,0.0,0.1408,0.4815,-0.1408,-0.935135,0.354291,0
12684,19.4,0.0,0.1455,0.336,-0.1455,-0.93358,0.358368,0
12685,19.4167,0.0,0.1425,0.1935,-0.1425,-0.932008,0.362438,0
12686,19.4333,0.0,0.1431,0.0504,-0.1431,-0.930418,0.366501,0
12687,19.45,0.0,0.1404,0.0,-0.1404,-0.92881,0.370557,1
12688,19.4667,0.0,0.1428,0.0,-0.1428,-0.927184,0.374607,1
12689,19.4833,0.0,0.147,0.0,-0.147,-0.925541,0.378649,1
12690,19.5,0.0,0.1419,0.0,-0.1419,-0.92388,0.382683,1
12691,19.5167,0.0,0.1418,0.0,-0.1418,-0.922201,0.386711,1
12692,19.5333,0.0,0.1417,0.0,-0.1417,-0.920505,0.390731,1
12693,19.55,0.0,0.1424,0.0,-0.1424,-0.918791,0.394744,1
12694,19.5667,0.0,0.1441,0.0,-0.1441,-0.91706,0.398749,1
12695,19.5833,0.0,0.1424,0.0,-0.1424,-0.915311,0.402747,1
12696,19.6,0.0,0.1385,0.0,-0.1385,-0.913545,0.406737,1
12697,19.6167,0.0,0.066,0.0,-0.066,-0.911762,0.410719,1
12698,19.6333,0.0,0.0648,0.0,-0.0648,-0.909961,0.414693,1
12699,19.65,0.0,0.0654,0.0,-0.0654,-0.908143,0.41866,1
12700,19.6667,0.0,0.0648,0.0,-0.0648,-0.906308,0.422618,1
12701,19.6833,0.0,0.0661,0.0,-0.0661,-0.904455,0.426569,1
12702,19.7,0.0,0.0669,0.0,-0.0669,-0.902585,0.430511,1
12703,19.7167,0.0,0.0639,0.0,-0.0639,-0.900698,0.434445,1
12704,19.7333,0.0,0.0671,0.0,-0.0671,-0.898794,0.438371,1
12705,19.75,0.0,0.1297,0.0,-0.1297,-0.896873,0.442289,1
12706,19.7667,0.0,0.132,0.0,-0.132,-0.894934,0.446198,1
12707,19.7833,0.0,0.1368,0.0,-0.1368,-0.892979,0.450098,1
12708,19.8,0.0,0.1337,0.0,-0.1337,-0.891007,0.45399,1
12709,19.8167,0.0,0.1326,0.0,-0.1326,-0.889017,0.457874,1
12710,19.8333,0.0,0.1354,0.0,-0.1354,-0.887011,0.461749,1
12711,19.85,0.0,0.132,0.0,-0.132,-0.884988,0.465615,1
12712,19.8667,0.0,0.1332,0.0,-0.1332,-0.882948,0.469472,1
12713,19.8833,0.0,0.1307,0.0,-0.1307,-0.880891,0.47332,1
12714,19.9,0.0,0.1349,0.0,-0.1349,-0.878817,0.477159,1
12715,19.9167,0.0,0.135,0.0,-0.135,-0.876727,0.480989,1
12716,19.9333,0.0,0.1327,0.0,-0.1327,-0.87462,0.48481,1
12717,19.95,0.0,0.136,0.0,-0.136,-0.872496,0.488621,1
12718,19.9667,0.0,0.1315,0.0,-0.1315,-0.870356,0.492424,1
12719,19.9833,0.0,0.134,0.0,-0.134,-0.868199,0.496217,1
12720,20.0,0.0,0.136,0.0,-0.136,-0.866025,0.5,1
12721,20.0167,0.0,0.1318,0.0,-0.1318,-0.863836,0.503774,1
12722,20.0333,0.0,0.1377,0.0,-0.1377,-0.861629,0.507538,1
12723,20.05,0.0,0.1307,0.0,-0.1307,-0.859406,0.511293,1
12724,20.0667,0.0,0.1378,0.0,-0.1378,-0.857167,0.515038,1
12725,20.0833,0.0,0.1323,0.0,-0.1323,-0.854912,0.518773,1
12726,20.1,0.0,0.1351,0.0,-0.1351,-0.85264,0.522499,1
12727,20.1167,0.0,0.1318,0.0,-0.1318,-0.850352,0.526214,1
12728,20.1333,0.0,0.1365,0.0,-0.1365,-0.848048,0.529919,1
12729,20.15,0.0,0.1375,0.0,-0.1375,-0.845728,0.533615,1
12730,20.1667,0.0,0.1329,0.0,-0.1329,-0.843391,0.5373,1
12731,20.1833,0.0,0.134,0.0,-0.134,-0.841039,0.540974,1
12732,20.2,0.0,0.1318,0.0,-0.1318,-0.838671,0.544639,1
12733,20.2167,0.0,0.1329,0.0,-0.1329,-0.836286,0.548293,1
12734,20.2333,0.0,0.1316,0.0,-0.1316,-0.833886,0.551937,1
12735,20.25,0.0,0.1308,0.0,-0.1308,-0.83147,0.55557,1
12736,20.2667,0.0,0.1332,0.0,-0.1332,-0.829038,0.559193,1
12737,20.2833,0.0,0.1331,0.0,-0.1331,-0.82659,0.562805,1
12738,20.3,0.0,0.1345,0.0,-0.1345,-0.824126,0.566406,1
12739,20.3167,0.0,0.1372,0.0,-0.1372,-0.821647,0.569997,1
12740,20.3333,0.0,0.1332,0.0,-0.1332,-0.819152,0.573576,1
12741,20.35,0.0,0.1305,0.0,-0.1305,-0.816642,0.577145,1
12742,20.3667,0.0,0.1349,0.0,-0.1349,-0.814116,0.580703,1
12743,20.3833,0.0,0.1329,0.0,-0.1329,-0.811574,0.58425,1
12744,20.4,0.0,0.1368,0.0,-0.1368,-0.809017,0.587785,1
12745,20.4167,0.0,0.1346,0.0,-0.1346,-0.806445,0.59131,1
12746,20.4333,0.0,0.1371,0.0,-0.1371,-0.803857,0.594823,1
12747,20.45,0.0,0.1352,0.0,-0.1352,-0.801254,0.598325,1
12748,20.4667,0.0,0.1361,0.0,-0.1361,-0.798636,0.601815,1
12749,20.4833,0.0,0.1365,0.0,-0.1365,-0.796002,0.605294,1
12750,20.5,0.0,0.1334,0.0,-0.1334,-0.793353,0.608761,1
12751,20.5167,0.0,0.1317,0.0,-0.1317,-0.79069,0.612217,1
12752,20.5333,0.0,0.1329,0.0,-0.1329,-0.788011,0.615661,1
12753,20.55,0.0,0.1315,0.0,-0.1315,-0.785317,0.619094,1
12754,20.5667,0.0,0.132,0.0,-0.132,-0.782608,0.622515,1
12755,20.5833,0.0,0.1318,0.0,-0.1318,-0.779884,0.625923,1
12756,20.6,0.0,0.1344,0.0,-0.1344,-0.777146,0.62932,1
12757,20.6167,0.0,0.1339,0.0,-0.1339,-0.774393,0.632705,1
12758,20.6333,0.0,0.0635,0.0,-0.0635,-0.771625,0.636078,1
12759,20.65,0.0,0.0682,0.0,-0.0682,-0.768842,0.639439,1
12760,20.6667,0.0,0.0662,0.0,-0.0662,-0.766044,0.642788,1
12761,20.6833,0.0,0.0653,0.0,-0.0653,-0.763232,0.646124,1
12762,20.7,0.0,0.0643,0.0,-0.0643,-0.760406,0.649448,1
12763,20.7167,0.0,0.0641,0.0,-0.0641,-0.757565,0.65276,1
12764,20.7333,0.0,0.0656,0.0,-0.0656,-0.75471,0.656059,1
12765,20.75,0.0,0.0682,0.0,-0.0682,-0.75184,0.659346,1
12766,20.7667,0.0,0.0665,0.0,-0.0665,-0.748956,0.66262,1
12767,20.7833,0.0,0.0631,0.0,-0.0631,-0.746057,0.665882,1
12768,20.8,0.0,0.0658,0.0,-0.0658,-0.743145,0.669131,1
12769,20.8167,0.0,0.0651,0.0,-0.0651,-0.740218,0.672367,1
12770,20.8333,0.0,0.0663,0.0,-0.0663,-0.737277,0.67559,1
12771,20.85,0.0,0.0654,0.0,-0.0654,-0.734323,0.678801,1
12772,20.8667,0.0,0.0658,0.0,-0.0658,-0.731354,0.681998,1
12773,20.8833,0.0,0.0651,0.0,-0.0651,-0.728371,0.685183,1
12774,20.9,0.0,0.0659,0.0,-0.0659,-0.725374,0.688355,1
12775,20.9167,0.0,0.066,0.0,-0.066,-0.722364,0.691513,1
12776,20.9333,0.0,0.0635,0.0,-0.0635,-0.71934,0.694658,1
12777,20.95,0.0,0.0652,0.0,-0.0652,-0.716302,0.69779,1
12778,20.9667,0.0,0.0636,0.0,-0.0636,-0.71325,0.700909,1
12779,20.9833,0.0,0.065,0.0,-0.065,-0.710185,0.704015,1
12780,21.0,0.0,0.0652,0.0,-0.0652,-0.707107,0.707107,1
12781,21.0167,0.0,0.0672,0.0,-0.0672,-0.704015,0.710185,1
12782,21.0333,0.0,0.0649,0.0,-0.0649,-0.700909,0.71325,1
12783,21.05,0.0,0.0673,0.0,-0.0673,-0.69779,0.716302,1
12784,21.0667,0.0,0.065,0.0,-0.065,-0.694658,0.71934,1
12785,21.0833,0.0,0.0633,0.0,-0.0633,-0.691513,0.722364,1
12786,21.1,0.0,0.0626,0.0,-0.0626,-0.688355,0.725374,1
12787,21.1167,0.0,0.0646,0.0,-0.0646,-0.685183,0.728371,1
12788,21.1333,0.0,0.0632,0.0,-0.0632,-0.681998,0.731354,1
12789,21.15,0.0,0.0638,0.0,-0.0638,-0.678801,0.734323,1
12790,21.1667,0.0,0.066,0.0,-0.066,-0.67559,0.737277,1
12791,21.1833,0.0,0.0651,0.0,-0.0651,-0.672367,0.740218,1
12792,21.2,0.0,0.064,0.0,-0.064,-0.669131,0.743145,1
12793,21.2167,0.0,0.0681,0.0,-0.0681,-0.665882,0.746057,1
12794,21.2333,0.0,0.0629,0.0,-0.0629,-0.66262,0.748956,1
12795,21.25,0.0,0.0621,0.0,-0.0621,-0.659346,0.75184,1
12796,21.2667,0.0,0.0649,0.0,-0.0649,-0.656059,0.75471,1
12797,21.2833,0.0,0.0663,0.0,-0.0663,-0.65276,0.757565,1
12798,21.3,0.0,0.064,0.0,-0.064,-0.649448,0.760406,1
12799,21.3167,0.0,0.0697,0.0,-0.0697,-0.646124,0.763232,1
12800,21.3333,0.0,0.0667,0.0,-0.0667,-0.642788,0.766044,1
12801,21.35,0.0,0.0635,0.0,-0.0635,-0.639439,0.768842,1
12802,21.3667,0.0,0.0624,0.0,-0.0624,-0.636078,0.771625,1
12803,21.3833,0.0,0.0601,0.0,-0.0601,-0.632705,0.774393,1
12804,21.4,0.0,0.0665,0.0,-0.0665,-0.62932,0.777146,1
12805,21.4167,0.0,0.0626,0.0,-0.0626,-0.625923,0.779884,1
12806,21.4333,0.0,0.0644,0.0,-0.0644,-0.622515,0.782608,1
12807,21.45,0.0,0.0642,0.0,-0.0642,-0.619094,0.785317,1
12808,21.4667,0.0,0.0623,0.0,-0.0623,-0.615661,0.788011,1
12809,21.4833,0.0,0.0659,0.0,-0.0659,-0.612217,0.79069,1
12810,21.5,0.0,0.0663,0.0,-0.0663,-0.608761,0.793353,1
12811,21.5167,0.0,0.0621,0.0,-0.0621,-0.605294,0.796002,1
12812,21.5333,0.0,0.0629,0.0,-0.0629,-0.601815,0.798636,1
12813,21.55,0.0,0.0661,0.0,-0.0661,-0.598325,0.801254,1
12814,21.5667,0.0,0.0641,0.0,-0.0641,-0.594823,0.803857,1
12815,21.5833,0.0,0.0649,0.0,-0.0649,-0.59131,0.806445,1
12816,21.6,0.0,0.0655,0.0,-0.0655,-0.587785,0.809017,1
12817,21.6167,0.0,0.0683,0.0,-0.0683,-0.58425,0.811574,1
12818,21.6333,0.0,0.0649,0.0,-0.0649,-0.580703,0.814116,1
12819,21.65,0.0,0.0642,0.0,-0.0642,-0.577145,0.816642,1
12820,21.6667,0.0,0.0662,0.0,-0.0662,-0.573576,0.819152,1
12821,21.6833,0.0,0.065,0.0,-0.065,-0.569997,0.821647,1
12822,21.7,0.0,0.0692,0.0,-0.0692,-0.566406,0.824126,1
12823,21.7167,0.0,0.0631,0.0,-0.0631,-0.562805,0.82659,1
12824,21.7333,0.0,0.0645,0.0,-0.0645,-0.559193,0.829038,1
12825,21.75,0.0,0.0643,0.0,-0.0643,-0.55557,0.83147,1
12826,21.7667,0.0,0.0666,0.0,-0.0666,-0.551937,0.833886,1
12827,21.7833,0.0,0.0645,0.0,-0.0645,-0.548293,0.836286,1
12828,21.8,0.0,0.0665,0.0,-0.0665,-0.544639,0.838671,1
12829,21.8167,0.0,0.0668,0.0,-0.0668,-0.540974,0.841039,1
12830,21.8333,0.0,0.0649,0.0,-0.0649,-0.5373,0.843391,1
12831,21.85,0.0,0.0641,0.0,-0.0641,-0.533615,0.845728,1
12832,21.8667,0.0,0.0669,0.0,-0.0669,-0.529919,0.848048,1
12833,21.8833,0.0,0.0637,0.0,-0.0637,-0.526214,0.850352,1
12834,21.9,0.0,0.0631,0.0,-0.0631,-0.522499,0.85264,1
12835,21.9167,0.0,0.0624,0.0,-0.0624,-0.518773,0.854912,1
12836,21.9333,0.0,0.0658,0.0,-0.0658,-0.515038,0.857167,1
12837,21.95,0.0,0.065,0.0,-0.065,-0.511293,0.859406,1
12838,21.9667,0.0,0.0668,0.0,-0.0668,-0.507538,0.861629,1
12839,21.9833,0.0,0.0661,0.0,-0.0661,-0.503774,0.863836,1
12840,22.0,0.0,0.0149,0.0,-0.0149,-0.5,0.866025,1
12841,22.0167,0.0,0.0146,0.0,-0.0146,-0.496217,0.868199,1
12842,22.0333,0.0,0.0178,0.0,-0.0178,-0.492424,0.870356,1
12843,22.05,0.0,0.0141,0.0,-0.0141,-0.488621,0.872496,1
12844,22.0667,0.0,0.0166,0.0,-0.0166,-0.48481,0.87462,1
12845,22.0833,0.0,0.0132,0.0,-0.0132,-0.480989,0.876727,1
12846,22.1,0.0,0.0129,0.0,-0.0129,-0.477159,0.878817,1
12847,22.1167,0.0,0.0166,0.0,-0.0166,-0.47332,0.880891,1
12848,22.1333,0.0,0.0167,0.0,-0.0167,-0.469472,0.882948,1
12849,22.15,0.0,0.018,0.0,-0.018,-0.465615,0.884988,1
12850,22.1667,0.0,0.0129,0.0,-0.0129,-0.461749,0.887011,1
12851,22.1833,0.0,0.0161,0.0,-0.0161,-0.457874,0.889017,1
12852,22.2,0.0,0.0146,0.0,-0.0146,-0.45399,0.891007,1
12853,22.2167,0.0,0.0159,0.0,-0.0159,-0.450098,0.892979,1
12854,22.2333,0.0,0.0196,0.0,-0.0196,-0.446198,0.894934,1
12855,22.25,0.0,0.0133,0.0,-0.0133,-0.442289,0.896873,1
12856,22.2667,0.0,0.0172,0.0,-0.0172,-0.438371,0.898794,1
12857,22.2833,0.0,0.0188,0.0,-0.0188,-0.434445,0.900698,1
12858,22.3,0.0,0.013,0.0,-0.013,-0.430511,0.902585,1
12859,22.3167,0.0,0.0148,0.0,-0.0148,-0.426569,0.904455,1
12860,22.3333,0.0,0.0129,0.0,-0.0129,-0.422618,0.906308,1
12861,22.35,0.0,0.0147,0.0,-0.0147,-0.41866,0.908143,1
12862,22.3667,0.0,0.0147,0.0,-0.0147,-0.414693,0.909961,1
12863,22.3833,0.0,0.0151,0.0,-0.0151,-0.410719,0.911762,1
12864,22.4,0.0,0.016,0.0,-0.016,-0.406737,0.913545,1
12865,22.4167,0.0,0.0183,0.0,-0.0183,-0.402747,0.915311,1
12866,22.4333,0.0,0.0178,0.0,-0.0178,-0.398749,0.91706,1
12867,22.45,0.0,0.017,0.0,-0.017,-0.394744,0.918791,1
12868,22.4667,0.0,0.0126,0.0,-0.0126,-0.390731,0.920505,1
12869,22.4833,0.0,0.016,0.0,-0.016,-0.386711,0.922201,1
12870,22.5,0.0,0.0161,0.0,-0.0161,-0.382683,0.92388,1
12871,22.5167,0.0,0.0148,0.0,-0.0148,-0.378649,0.925541,1
12872,22.5333,0.0,0.013,0.0,-0.013,-0.374607,0.927184,1
12873,22.55,0.0,0.015,0.0,-0.015,-0.370557,0.92881,1
12874,22.5667,0.0,0.0112,0.0,-0.0112,-0.366501,0.930418,1
12875,22.5833,0.0,0.0154,0.0,-0.0154,-0.362438,0.932008,1
12876,22.6,0.0,0.0172,0.0,-0.0172,-0.358368,0.93358,1
12877,22.6167,0.0,0.0155,0.0,-0.0155,-0.354291,0.935135,1
12878,22.6333,0.0,0.0171,0.0,-0.0171,-0.350207,0.936672,1
12879,22.65,0.0,0.0145,0.0,-0.0145,-0.346117,0.938191,1
12880,22.6667,0.0,0.0142,0.0,-0.0142,-0.34202,0.939693,1
12881,22.6833,0.0,0.016,0.0,-0.016,-0.337917,0.941176,1
12882,22.7,0.0,0.0144,0.0,-0.0144,-0.333807,0.942641,1
12883,22.7167,0.0,0.0168,0.0,-0.0168,-0.329691,0.944089,1
12884,22.7333,0.0,0.0153,0.0,-0.0153,-0.325568,0.945519,1
12885,22.75,0.0,0.0126,0.0,-0.0126,-0.321439,0.94693,1
12886,22.7667,0.0,0.0187,0.0,-0.0187,-0.317305,0.948324,1
12887,22.7833,0.0,0.017,0.0,-0.017,-0.313164,0.949699,1
12888,22.8,0.0,0.0104,0.0,-0.0104,-0.309017,0.951057,1
12889,22.8167,0.0,0.0196,0.0,-0.0196,-0.304864,0.952396,1
12890,22.8333,0.0,0.0131,0.0,-0.0131,-0.300706,0.953717,1
12891,22.85,0.0,0.0171,0.0,-0.0171,-0.296542,0.95502,1
12892,22.8667,0.0,0.017,0.0,-0.017,-0.292372,0.956305,1
12893,22.8833,0.0,0.0158,0.0,-0.0158,-0.288196,0.957571,1
12894,22.9,0.0,0.0189,0.0,-0.0189,-0.284015,0.95882,1
12895,22.9167,0.0,0.0199,0.0,-0.0199,-0.279829,0.96005,1
12896,22.9333,0.0,0.0175,0.0,-0.0175,-0.275637,0.961262,1
12897,22.95,0.0,0.0198,0.0,-0.0198,-0.27144,0.962455,1
12898,22.9667,0.0,0.0151,0.0,-0.0151,-0.267238,0.96363,1
12899,22.9833,0.0,0.0166,0.0,-0.0166,-0.263031,0.964787,1
12900,23.0,0.0,0.0158,0.0,-0.0158,-0.258819,0.965926,1
12901,23.0167,0.0,0.0195,0.0,-0.0195,-0.254602,0.967046,1
12902,23.0333,0.0,0.0145,0.0,-0.0145,-0.25038,0.968148,1
12903,23.05,0.0,0.02,0.0,-0.02,-0.246153,0.969231,1
12904,23.0667,0.0,0.0146,0.0,-0.0146,-0.241922,0.970296,1
12905,23.0833,0.0,0.0161,0.0,-0.0161,-0.237686,0.971342,1
12906,23.1,0.0,0.0164,0.0,-0.0164,-0.233445,0.97237,1
12907,23.1167,0.0,0.0134,0.0,-0.0134,-0.2292,0.973379,1
12908,23.1333,0.0,0.0165,0.0,-0.0165,-0.224951,0.97437,1
12909,23.15,0.0,0.013,0.0,-0.013,-0.220697,0.975342,1
12910,23.1667,0.0,0.0152,0.0,-0.0152,-0.21644,0.976296,1
12911,23.1833,0.0,0.0168,0.0,-0.0168,-0.212178,0.977231,1
12912,23.2,0.0,0.0188,0.0,-0.0188,-0.207912,0.978148,1
12913,23.2167,0.0,0.0148,0.0,-0.0148,-0.203642,0.979045,1
12914,23.2333,0.0,0.0172,0.0,-0.0172,-0.199368,0.979925,1
12915,23.25,0.0,0.0173,0.0,-0.0173,-0.19509,0.980785,1
12916,23.2667,0.0,0.0152,0.0,-0.0152,-0.190809,0.981627,1
12917,23.2833,0.0,0.0128,0.0,-0.0128,-0.186524,0.98245,1
12918,23.3,0.0,0.0155,0.0,-0.0155,-0.182236,0.983255,1
12919,23.3167,0.0,0.016,0.0,-0.016,-0.177944,0.984041,1
12920,23.3333,0.0,0.0144,0.0,-0.0144,-0.173648,0.984808,1
12921,23.35,0.0,0.0159,0.0,-0.0159,-0.16935,0.985556,1
12922,23.3667,0.0,0.0135,0.0,-0.0135,-0.165048,0.986286,1
12923,23.3833,0.0,0.0132,0.0,-0.0132,-0.160743,0.986996,1
12924,23.4,0.0,0.015,0.0,-0.015,-0.156434,0.987688,1
12925,23.4167,0.0,0.0177,0.0,-0.0177,-0.152123,0.988362,1
12926,23.4333,0.0,0.0155,0.0,-0.0155,-0.147809,0.989016,1
12927,23.45,0.0,0.0109,0.0,-0.0109,-0.143493,0.989651,1
12928,23.4667,0.0,0.0137,0.0,-0.0137,-0.139173,0.990268,1
12929,23.4833,0.0,0.0166,0.0,-0.0166,-0.134851,0.990866,1
12930,23.5,0.0,0.0196,0.0,-0.0196,-0.130526,0.991445,1
12931,23.5167,0.0,0.0194,0.0,-0.0194,-0.126199,0.992005,1
12932,23.5333,0.0,0.0193,0.0,-0.0193,-0.121869,0.992546,1
12933,23.55,0.0,0.0143,0.0,-0.0143,-0.117537,0.993068,1
12934,23.5667,0.0,0.0162,0.0,-0.0162,-0.113203,0.993572,1
12935,23.5833,0.0,0.0188,0.0,-0.0188,-0.108867,0.994056,1
12936,23.6,0.0,0.0146,0.0,-0.0146,-0.104528,0.994522,1
12937,23.6167,0.0,0.0153,0.0,-0.0153,-0.100188,0.994969,1
12938,23.6333,0.0,0.0149,0.0,-0.0149,-0.095846,0.995396,1
12939,23.65,0.0,0.0149,0.0,-0.0149,-0.091502,0.995805,1
12940,23.6667,0.0,0.0152,0.0,-0.0152,-0.087156,0.996195,1
12941,23.6833,0.0,0.0174,0.0,-0.0174,-0.082808,0.996566,1
12942,23.7,0.0,0.0174,0.0,-0.0174,-0.078459,0.996917,1
12943,23.7167,0.0,0.0149,0.0,-0.0149,-0.074108,0.99725,1
12944,23.7333,0.0,0.0156,0.0,-0.0156,-0.069756,0.997564,1
12945,23.75,0.0,0.0142,0.0,-0.0142,-0.065403,0.997859,1
12946,23.7667,0.0,0.0156,0.0,-0.0156,-0.061049,0.998135,1
12947,23.7833,0.0,0.0156,0.0,-0.0156,-0.056693,0.998392,1
12948,23.8,0.0,0.0123,0.0,-0.0123,-0.052336,0.99863,1
12949,23.8167,0.0,0.0129,0.0,-0.0129,-0.047978,0.998848,1
12950,23.8333,0.0,0.0163,0.0,-0.0163,-0.043619,0.999048,1
12951,23.85,0.0,0.0179,0.0,-0.0179,-0.03926,0.999229,1
12952,23.8667,0.0,0.0183,0.0,-0.0183,-0.034899,0.999391,1
12953,23.8833,0.0,0.0192,0.0,-0.0192,-0.030539,0.999534,1
12954,23.9,0.0,0.0171,0.0,-0.0171,-0.026177,0.999657,1
12955,23.9167,0.0,0.0163,0.0,-0.0163,-0.021815,0.999762,1
12956,23.9333,0.0,0.0115,0.0,-0.0115,-0.017452,0.999848,1
12957,23.95,0.0,0.0134,0.0,-0.0134,-0.01309,0.999914,1
12958,23.9667,0.0,0.016,0.0,-0.016,-0.008727,0.999962,1
12959,23.9833,0.0,0.0183,0.0,-0.0183,-0.004363,0.99999,1
12960,0.0,0.0,0.0159,0.0,-0.0159,0.0,1.0,1
12961,0.0167,0.0,0.015,0.0,-0.015,0.004363,0.99999,1
12962,0.0333,0.0,0.0147,0.0,-0.0147,0.008727,0.999962,1
12963,0.05,0.0,0.0168,0.0,-0.0168,0.01309,0.999914,1
12964,0.0667,0.0,0.0164,0.0,-0.0164,0.017452,0.999848,1
12965,0.0833,0.0,0.0144,0.0,-0.0144,0.021815,0.999762,1
12966,0.1,0.0,0.0184,0.0,-0.0184,0.026177,0.999657,1
12967,0.1167,0.0,0.0137,0.0,-0.0137,0.030539,0.999534,1
12968,0.1333,0.0,0.0143,0.0,-0.0143,0.034899,0.999391,1
12969,0.15,0.0,0.0161,0.0,-0.0161,0.03926,0.999229,1
12970,0.1667,0.0,0.0124,0.0,-0.0124,0.043619,0.999048,1
12971,0.1833,0.0,0.0139,0.0,-0.0139,0.047978,0.998848,1
12972,0.2,0.0,0.0184,0.0,-0.0184,0.052336,0.99863,1
12973,0.2167,0.0,0.0141,0.0,-0.0141,0.056693,0.998392,1
12974,0.2333,0.0,0.0158,0.0,-0.0158,0.061049,0.998135,1
12975,0.25,0.0,0.0167,0.0,-0.0167,0.065403,0.997859,1
12976,0.2667,0.0,0.0175,0.0,-0.0175,0.069756,0.997564,1
12977,0.2833,0.0,0.0146,0.0,-0.0146,0.074108,0.99725,1
12978,0.3,0.0,0.0166,0.0,-0.0166,0.078459,0.996917,1
12979,0.3167,0.0,0.0139,0.0,-0.0139,0.082808,0.996566,1
12980,0.3333,0.0,0.0134,0.0,-0.0134,0.087156,0.996195,1
12981,0.35,0.0,0.0156,0.0,-0.0156,0.091502,0.995805,1
12982,0.3667,0.0,0.0147,0.0,-0.0147,0.095846,0.995396,1
12983,0.3833,0.0,0.0165,0.0,-0.0165,0.100188,0.994969,1
12984,0.4,0.0,0.0172,0.0,-0.0172,0.104528,0.994522,1
12985,0.4167,0.0,0.0144,0.0,-0.0144,0.108867,0.994056,1
12986,0.4333,0.0,0.0122,0.0,-0.0122,0.113203,0.993572,1
12987,0.45,0.0,0.0139,0.0,-0.0139,0.117537,0.993068,1
12988,0.4667,0.0,0.0166,0.0,-0.0166,0.121869,0.992546,1
12989,0.4833,0.0,0.0183,0.0,-0.0183,0.126199,0.992005,1
12990,0.5,0.0,0.0162,0.0,-0.0162,0.130526,0.991445,1
12991,0.5167,0.0,0.02,0.0,-0.02,0.134851,0.990866,1
12992,0.5333,0.0,0.0161,0.0,-0.0161,0.139173,0.990268,1
12993,0.55,0.0,0.0152,0.0,-0.0152,0.143493,0.989651,1
12994,0.5667,0.0,0.014,0.0,-0.014,0.147809,0.989016,1
12995,0.5833,0.0,0.0144,0.0,-0.0144,0.152123,0.988362,1
12996,0.6,0.0,0.0147,0.0,-0.0147,0.156434,0.987688,1
12997,0.6167,0.0,0.0165,0.0,-0.0165,0.160743,0.986996,1
12998,0.6333,0.0,0.0163,0.0,-0.0163,0.165048,0.986286,1
12999,0.65,0.0,0.0168,0.0,-0.0168,0.16935,0.985556,1
13000,0.6667,0.0,0.0165,0.0,-0.0165,0.173648,0.984808,1
13001,0.6833,0.0,0.0148,0.0,-0.0148,0.177944,0.984041,1
13002,0.7,0.0,0.016,0.0,-0.016,0.182236,0.983255,1
13003,0.7167,0.0,0.0161,0.0,-0.0161,0.186524,0.98245,1
13004,0.7333,0.0,0.0144,0.0,-0.0144,0.190809,0.981627,1
13005,0.75,0.0,0.0178,0.0,-0.0178,0.19509,0.980785,1
13006,0.7667,0.0,0.0129,0.0,-0.0129,0.199368,0.979925,1
13007,0.7833,0.0,0.0171,0.0,-0.0171,0.203642,0.979045,1
13008,0.8,0.0,0.0164,0.0,-0.0164,0.207912,0.978148,1
13009,0.8167,0.0,0.018,0.0,-0.018,0.212178,0.977231,1
13010,0.8333,0.0,0.0147,0.0,-0.0147,0.21644,0.976296,1
13011,0.85,0.0,0.0137,0.0,-0.0137,0.220697,0.975342,1
13012,0.8667,0.0,0.018,0.0,-0.018,0.224951,0.97437,1
13013,0.8833,0.0,0.0128,0.0,-0.0128,0.2292,0.973379,1
13014,0.9,0.0,0.0137,0.0,-0.0137,0.233445,0.97237,1
13015,0.9167,0.0,0.0159,0.0,-0.0159,0.237686,0.971342,1
13016,0.9333,0.0,0.011,0.0,-0.011,0.241922,0.970296,1
13017,0.95,0.0,0.015,0.0,-0.015,0.246153,0.969231,1
13018,0.9667,0.0,0.0172,0.0,-0.0172,0.25038,0.968148,1
13019,0.9833,0.0,0.0151,0.0,-0.0151,0.254602,0.967046,1
13020,1.0,0.0,0.0162,0.0,-0.0162,0.258819,0.965926,1
13021,1.0167,0.0,0.0146,0.0,-0.0146,0.263031,0.964787,1
13022,1.0333,0.0,0.0141,0.0,-0.0141,0.267238,0.96363,1
13023,1.05,0.0,0.0153,0.0,-0.0153,0.27144,0.962455,1
13024,1.0667,0.0,0.0143,0.0,-0.0143,0.275637,0.961262,1
13025,1.0833,0.0,0.0142,0.0,-0.0142,0.279829,0.96005,1
13026,1.1,0.0,0.0146,0.0,-0.0146,0.284015,0.95882,1
13027,1.1167,0.0,0.0172,0.0,-0.0172,0.288196,0.957571,1
13028,1.1333,0.0,0.014,0.0,-0.014,0.292372,0.956305,1
13029,1.15,0.0,0.0157,0.0,-0.0157,0.296542,0.95502,1
13030,1.1667,0.0,0.0147,0.0,-0.0147,0.300706,0.953717,1
13031,1.1833,0.0,0.0171,0.0,-0.0171,0.304864,0.952396,1
13032,1.2,0.0,0.0153,0.0,-0.0153,0.309017,0.951057,1
13033,1.2167,0.0,0.0136,0.0,-0.0136,0.313164,0.949699,1
13034,1.2333,0.0,0.0183,0.0,-0.0183,0.317305,0.948324,1
13035,1.25,0.0,0.0166,0.0,-0.0166,0.321439,0.94693,1
13036,1.2667,0.0,0.0139,0.0,-0.0139,0.325568,0.945519,1
13037,1.2833,0.0,0.0172,0.0,-0.0172,0.329691,0.944089,1
13038,1.3,0.0,0.0158,0.0,-0.0158,0.333807,0.942641,1
13039,1.3167,0.0,0.0206,0.0,-0.0206,0.337917,0.941176,1
13040,1.3333,0.0,0.0184,0.0,-0.0184,0.34202,0.939693,1
13041,1.35,0.0,0.0166,0.0,-0.0166,0.346117,0.938191,1
13042,1.3667,0.0,0.0178,0.0,-0.0178,0.350207,0.936672,1
13043,1.3833,0.0,0.0126,0.0,-0.0126,0.354291,0.935135,1
13044,1.4,0.0,0.0156,0.0,-0.0156,0.358368,0.93358,1
13045,1.4167,0.0,0.0171,0.0,-0.0171,0.362438,0.932008,1
13046,1.4333,0.0,0.0164,0.0,-0.0164,0.366501,0.930418,1
13047,1.45,0.0,0.0143,0.0,-0.0143,0.370557,0.92881,1
13048,1.4667,0.0,0.0157,0.0,-0.0157,0.374607,0.927184,1
13049,1.4833,0.0,0.0148,0.0,-0.0148,0.378649,0.925541,1
13050,1.5,0.0,0.0161,0.0,-0.0161,0.382683,0.92388,1
13051,1.5167,0.0,0.0164,0.0,-0.0164,0.386711,0.922201,1
13052,1.5333,0.0,0.0156,0.0,-0.0156,0.390731,0.920505,1
13053,1.55,0.0,0.0174,0.0,-0.0174,0.394744,0.918791,1
13054,1.5667,0.0,0.0136,0.0,-0.0136,0.398749,0.91706,1
13055,1.5833,0.0,0.0155,0.0,-0.0155,0.402747,0.915311,1
13056,1.6,0.0,0.0189,0.0,-0.0189,0.406737,0.913545,1
13057,1.6167,0.0,0.014,0.0,-0.014,0.410719,0.911762,1
13058,1.6333,0.0,0.0143,0.0,-0.0143,0.414693,0.909961,1
13059,1.65,0.0,0.0129,0.0,-0.0129,0.41866,0.908143,1
13060,1.6667,0.0,0.0182,0.0,-0.0182,0.422618,0.906308,1
13061,1.6833,0.0,0.0116,0.0,-0.0116,0.426569,0.904455,1
13062,1.7,0.0,0.0123,0.0,-0.0123,0.430511,0.902585,1
13063,1.7167,0.0,0.0138,0.0,-0.0138,0.434445,0.900698,1
13064,1.7333,0.0,0.0142,0.0,-0.0142,0.438371,0.898794,1
13065,1.75,0.0,0.0175,0.0,-0.0175,0.442289,0.896873,1
13066,1.7667,0.0,0.0156,0.0,-0.0156,0.446198,0.894934,1
13067,1.7833,0.0,0.0168,0.0,-0.0168,0.450098,0.892979,1
13068,1.8,0.0,0.0137,0.0,-0.0137,0.45399,0.891007,1
13069,1.8167,0.0,0.0143,0.0,-0.0143,0.457874,0.889017,1
13070,1.8333,0.0,0.0181,0.0,-0.0181,0.461749,0.887011,1
13071,1.85,0.0,0.0139,0.0,-0.0139,0.465615,0.884988,1
13072,1.8667,0.0,0.0106,0.0,-0.0106,0.469472,0.882948,1
13073,1.8833,0.0,0.0151,0.0,-0.0151,0.47332,0.880891,1
13074,1.9,0.0,0.0127,0.0,-0.0127,0.477159,0.878817,1
13075,1.9167,0.0,0.015,0.0,-0.015,0.480989,0.876727,1
13076,1.9333,0.0,0.0157,0.0,-0.0157,0.48481,0.87462,1
13077,1.95,0.0,0.0172,0.0,-0.0172,0.488621,0.872496,1
13078,1.9667,0.0,0.0165,0.0,-0.0165,0.492424,0.870356,1
13079,1.9833,0.0,0.0133,0.0,-0.0133,0.496217,0.868199,1
13080,2.0,0.0,0.0192,0.0,-0.0192,0.5,0.866025,1
13081,2.0167,0.0,0.0125,0.0,-0.0125,0.503774,0.863836,1
13082,2.0333,0.0,0.0153,0.0,-0.0153,0.507538,0.861629,1
13083,2.05,0.0,0.0137,0.0,-0.0137,0.511293,0.859406,1
13084,2.0667,0.0,0.019,0.0,-0.019,0.515038,0.857167,1
13085,2.0833,0.0,0.0139,0.0,-0.0139,0.518773,0.854912,1
13086,2.1,0.0,0.0169,0.0,-0.0169,0.522499,0.85264,1
13087,2.1167,0.0,0.0156,0.0,-0.0156,0.526214,0.850352,1
13088,2.1333,0.0,0.0152,0.0,-0.0152,0.529919,0.848048,1
13089,2.15,0.0,0.0126,0.0,-0.0126,0.533615,0.845728,1
13090,2.1667,0.0,0.0169,0.0,-0.0169,0.5373,0.843391,1
13091,2.1833,0.0,0.0122,0.0,-0.0122,0.540974,0.841039,1
13092,2.2,0.0,0.016,0.0,-0.016,0.544639,0.838671,1
13093,2.2167,0.0,0.0135,0.0,-0.0135,0.548293,0.836286,1
13094,2.2333,0.0,0.0157,0.0,-0.0157,0.551937,0.833886,1
13095,2.25,0.0,0.0157,0.0,-0.0157,0.55557,0.83147,1
13096,2.2667,0.0,0.017,0.0,-0.017,0.559193,0.829038,1
13097,2.2833,0.0,0.013,0.0,-0.013,0.562805,0.82659,1
13098,2.3,0.0,0.0187,0.0,-0.0187,0.566406,0.824126,1
13099,2.3167,0.0,0.0126,0.0,-0.0126,0.569997,0.821647,1
13100,2.3333,0.0,0.0137,0.0,-0.0137,0.573576,0.819152,1
13101,2.35,0.0,0.0122,0.0,-0.0122,0.577145,0.816642,1
13102,2.3667,0.0,0.0166,0.0,-0.0166,0.580703,0.814116,1
13103,2.3833,0.0,0.0192,0.0,-0.0192,0.58425,0.811574,1
13104,2.4,0.0,0.0129,0.0,-0.0129,0.587785,0.809017,1
13105,2.4167,0.0,0.0188,0.0,-0.0188,0.59131,0.806445,1
13106,2.4333,0.0,0.0147,0.0,-0.0147,0.594823,0.803857,1
13107,2.45,0.0,0.0159,0.0,-0.0159,0.598325,0.801254,1
13108,2.4667,0.0,0.0133,0.0,-0.0133,0.601815,0.798636,1
13109,2.4833,0.0,0.0168,0.0,-0.0168,0.605294,0.796002,1
13110,2.5,0.0,0.0168,0.0,-0.0168,0.608761,0.793353,1
13111,2.5167,0.0,0.0201,0.0,-0.0201,0.612217,0.79069,1
13112,2.5333,0.0,0.0191,0.0,-0.0191,0.615661,0.788011,1
13113,2.55,0.0,0.013,0.0,-0.013,0.619094,0.785317,1
13114,2.5667,0.0,0.0152,0.0,-0.0152,0.622515,0.782608,1
13115,2.5833,0.0,0.0181,0.0,-0.0181,0.625923,0.779884,1
13116,2.6,0.0,0.0161,0.0,-0.0161,0.62932,0.777146,1
13117,2.6167,0.0,0.0162,0.0,-0.0162,0.632705,0.774393,1
13118,2.6333,0.0,0.0139,0.0,-0.0139,0.636078,0.771625,1
13119,2.65,0.0,0.0123,0.0,-0.0123,0.639439,0.768842,1
13120,2.6667,0.0,0.0135,0.0,-0.0135,0.642788,0.766044,1
13121,2.6833,0.0,0.0147,0.0,-0.0147,0.646124,0.763232,1
13122,2.7,0.0,0.0164,0.0,-0.0164,0.649448,0.760406,1
13123,2.7167,0.0,0.013,0.0,-0.013,0.65276,0.757565,1
13124,2.7333,0.0,0.0174,0.0,-0.0174,0.656059,0.75471,1
13125,2.75,0.0,0.013,0.0,-0.013,0.659346,0.75184,1
13126,2.7667,0.0,0.0132,0.0,-0.0132,0.66262,0.748956,1
13127,2.7833,0.0,0.0151,0.0,-0.0151,0.665882,0.746057,1
13128,2.8,0.0,0.0119,0.0,-0.0119,0.669131,0.743145,1
13129,2.8167,0.0,0.0157,0.0,-0.0157,0.672367,0.740218,1
13130,2.8333,0.0,0.0187,0.0,-0.0187,0.67559,0.737277,1
13131,2.85,0.0,0.0127,0.0,-0.0127,0.678801,0.734323,1
13132,2.8667,0.0,0.0164,0.0,-0.0164,0.681998,0.731354,1
13133,2.8833,0.0,0.0173,0.0,-0.0173,0.685183,0.728371,1
13134,2.9,0.0,0.0168,0.0,-0.0168,0.688355,0.725374,1
13135,2.9167,0.0,0.0163,0.0,-0.0163,0.691513,0.722364,1
13136,2.9333,0.0,0.0173,0.0,-0.0173,0.694658,0.71934,1
13137,2.95,0.0,0.0164,0.0,-0.0164,0.69779,0.716302,1
13138,2.9667,0.0,0.018,0.0,-0.018,0.700909,0.71325,1
13139,2.9833,0.0,0.0148,0.0,-0.0148,0.704015,0.710185,1
13140,3.0,0.0,0.0184,0.0,-0.0184,0.707107,0.707107,1
13141,3.0167,0.0,0.0163,0.0,-0.0163,0.710185,0.704015,1
13142,3.0333,0.0,0.012,0.0,-0.012,0.71325,0.700909,1
13143,3.05,0.0,0.0136,0.0,-0.0136,0.716302,0.69779,1
13144,3.0667,0.0,0.0142,0.0,-0.0142,0.71934,0.694658,1
13145,3.0833,0.0,0.0175,0.0,-0.0175,0.722364,0.691513,1
13146,3.1,0.0,0.0173,0.0,-0.0173,0.725374,0.688355,1
13147,3.1167,0.0,0.0141,0.0,-0.0141,0.728371,0.685183,1
13148,3.1333,0.0,0.0137,0.0,-0.0137,0.731354,0.681998,1
13149,3.15,0.0,0.0159,0.0,-0.0159,0.734323,0.678801,1
13150,3.1667,0.0,0.017,0.0,-0.017,0.737277,0.67559,1
13151,3.1833,0.0,0.0141,0.0,-0.0141,0.740218,0.672367,1
13152,3.2,0.0,0.0119,0.0,-0.0119,0.743145,0.669131,1
13153,3.2167,0.0,0.0206,0.0,-0.0206,0.746057,0.665882,1
13154,3.2333,0.0,0.0164,0.0,-0.0164,0.748956,0.66262,1
13155,3.25,0.0,0.0151,0.0,-0.0151,0.75184,0.659346,1
13156,3.2667,0.0,0.016,0.0,-0.016,0.75471,0.656059,1
13157,3.2833,0.0,0.017,0.0,-0.017,0.757565,0.65276,1
13158,3.3,0.0,0.015,0.0,-0.015,0.760406,0.649448,1
13159,3.3167,0.0,0.0173,0.0,-0.0173,0.763232,0.646124,1
13160,3.3333,0.0,0.0128,0.0,-0.0128,0.766044,0.642788,1
13161,3.35,0.0,0.0128,0.0,-0.0128,0.768842,0.639439,1
13162,3.3667,0.0,0.0149,0.0,-0.0149,0.771625,0.636078,1
13163,3.3833,0.0,0.0131,0.0,-0.0131,0.774393,0.632705,1
13164,3.4,0.0,0.0132,0.0,-0.0132,0.777146,0.62932,1
13165,3.4167,0.0,0.0169,0.0,-0.0169,0.779884,0.625923,1
13166,3.4333,0.0,0.0161,0.0,-0.0161,0.782608,0.622515,1
13167,3.45,0.0,0.0145,0.0,-0.0145,0.785317,0.619094,1
13168,3.4667,0.0,0.0158,0.0,-0.0158,0.788011,0.615661,1
13169,3.4833,0.0,0.0147,0.0,-0.0147,0.79069,0.612217,1
13170,3.5,0.0,0.0153,0.0,-0.0153,0.793353,0.608761,1
13171,3.5167,0.0,0.0138,0.0,-0.0138,0.796002,0.605294,1
13172,3.5333,0.0,0.0126,0.0,-0.0126,0.798636,0.601815,1
13173,3.55,0.0,0.0134,0.0,-0.0134,0.801254,0.598325,1
13174,3.5667,0.0,0.0165,0.0,-0.0165,0.803857,0.594823,1
13175,3.5833,0.0,0.0184,0.0,-0.0184,0.806445,0.59131,1
13176,3.6,0.0,0.0171,0.0,-0.0171,0.809017,0.587785,1
13177,3.6167,0.0,0.019,0.0,-0.019,0.811574,0.58425,1
13178,3.6333,0.0,0.0151,0.0,-0.0151,0.814116,0.580703,1
13179,3.65,0.0,0.0155,0.0,-0.0155,0.816642,0.577145,1
13180,3.6667,0.0,0.0161,0.0,-0.0161,0.819152,0.573576,1
13181,3.6833,0.0,0.0145,0.0,-0.0145,0.821647,0.569997,1
13182,3.7,0.0,0.0166,0.0,-0.0166,0.824126,0.566406,1
13183,3.7167,0.0,0.0112,0.0,-0.0112,0.82659,0.562805,1
13184,3.7333,0.0,0.0135,0.0,-0.0135,0.829038,0.559193,1
13185,3.75,0.0,0.0142,0.0,-0.0142,0.83147,0.55557,1
13186,3.7667,0.0,0.0121,0.0,-0.0121,0.833886,0.551937,1
13187,3.7833,0.0,0.0161,0.0,-0.0161,0.836286,0.548293,1
13188,3.8,0.0,0.0185,0.0,-0.0185,0.838671,0.544639,1
13189,3.8167,0.0,0.0183,0.0,-0.0183,0.841039,0.540974,1
13190,3.8333,0.0,0.0114,0.0,-0.0114,0.843391,0.5373,1
13191,3.85,0.0,0.0158,0.0,-0.0158,0.845728,0.533615,1
13192,3.8667,0.0,0.0162,0.0,-0.0162,0.848048,0.529919,1
13193,3.8833,0.0,0.0143,0.0,-0.0143,0.850352,0.526214,1
13194,3.9,0.0,0.0172,0.0,-0.0172,0.85264,0.522499,1
13195,3.9167,0.0,0.0133,0.0,-0.0133,0.854912,0.518773,1
13196,3.9333,0.0,0.0157,0.0,-0.0157,0.857167,0.515038,1
13197,3.95,0.0,0.0136,0.0,-0.0136,0.859406,0.511293,1
13198,3.9667,0.0,0.0153,0.0,-0.0153,0.861629,0.507538,1
13199,3.9833,0.0,0.018,0.0,-0.018,0.863836,0.503774,1
13200,4.0,0.0,0.0164,0.0,-0.0164,0.866025,0.5,1
13201,4.0167,0.0,0.0154,0.0,-0.0154,0.868199,0.496217,1
13202,4.0333,0.0,0.018,0.0,-0.018,0.870356,0.492424,1
13203,4.05,0.0,0.0149,0.0,-0.0149,0.872496,0.488621,1
13204,4.0667,0.0,0.0166,0.0,-0.0166,0.87462,0.48481,1
13205,4.0833,0.0,0.0168,0.0,-0.0168,0.876727,0.480989,1
13206,4.1,0.0,0.0163,0.0,-0.0163,0.878817,0.477159,1
13207,4.1167,0.0,0.0172,0.0,-0.0172,0.880891,0.47332,1
13208,4.1333,0.0,0.0172,0.0,-0.0172,0.882948,0.469472,1
13209,4.15,0.0,0.0164,0.0,-0.0164,0.884988,0.465615,1
13210,4.1667,0.0,0.0133,0.0,-0.0133,0.887011,0.461749,1
13211,4.1833,0.0,0.0173,0.0,-0.0173,0.889017,0.457874,1
13212,4.2,0.0,0.0184,0.0,-0.0184,0.891007,0.45399,1
13213,4.2167,0.0,0.0119,0.0,-0.0119,0.892979,0.450098,1
13214,4.2333,0.0,0.019,0.0,-0.019,0.894934,0.446198,1
13215,4.25,0.0,0.0152,0.0,-0.0152,0.896873,0.442289,1
13216,4.2667,0.0,0.017,0.0,-0.017,0.898794,0.438371,1
13217,4.2833,0.0,0.0157,0.0,-0.0157,0.900698,0.434445,1
13218,4.3,0.0,0.0176,0.0,-0.0176,0.902585,0.430511,1
13219,4.3167,0.0,0.0128,0.0,-0.0128,0.904455,0.426569,1
13220,4.3333,0.0,0.0174,0.0,-0.0174,0.906308,0.422618,1
13221,4.35,0.0,0.0159,0.0,-0.0159,0.908143,0.41866,1
13222,4.3667,0.0,0.019,0.0,-0.019,0.909961,0.414693,1
13223,4.3833,0.0,0.0173,0.0,-0.0173,0.911762,0.410719,1
13224,4.4,0.0,0.0152,0.0,-0.0152,0.913545,0.406737,1
13225,4.4167,0.0,0.0153,0.0,-0.0153,0.915311,0.402747,1
13226,4.4333,0.0,0.018,0.0,-0.018,0.91706,0.398749,1
13227,4.45,0.0,0.0132,0.0,-0.0132,0.918791,0.394744,1
13228,4.4667,0.0,0.0145,0.0,-0.0145,0.920505,0.390731,1
13229,4.4833,0.0,0.0174,0.0,-0.0174,0.922201,0.386711,1
13230,4.5,0.0,0.0163,0.0,-0.0163,0.92388,0.382683,1
13231,4.5167,0.0,0.0171,0.0,-0.0171,0.925541,0.378649,1
13232,4.5333,0.0,0.0171,0.0,-0.0171,0.927184,0.374607,1
13233,4.55,0.0,0.0163,0.0,-0.0163,0.92881,0.370557,1
13234,4.5667,0.0,0.0167,0.0,-0.0167,0.930418,0.366501,1
13235,4.5833,0.0,0.0198,0.0,-0.0198,0.932008,0.362438,1
13236,4.6,0.0,0.0125,0.0,-0.0125,0.93358,0.358368,1
13237,4.6167,0.0,0.0172,0.0,-0.0172,0.935135,0.354291,1
13238,4.6333,0.0,0.0157,0.0,-0.0157,0.936672,0.350207,1
13239,4.65,0.0,0.0155,0.0,-0.0155,0.938191,0.346117,1
