sim_minute,hour_of_day,solar_output_kw,consumption_kw,battery_level_kwh,net_flow_kw,time_sin,time_cos,is_deficit
0,0.0,0.0,0.0154,2.9846,-0.0154,0.0,1.0,0
1,0.0167,0.0,0.0175,2.9671,-0.0175,0.004363,0.99999,0
2,0.0333,0.0,0.013,2.9541,-0.013,0.008727,0.999962,0
3,0.05,0.0,0.0136,2.9405,-0.0136,0.01309,0.999914,0
4,0.0667,0.0,0.0173,2.9232,-0.0173,0.017452,0.999848,0
5,0.0833,0.0,0.0156,2.9076,-0.0156,0.021815,0.999762,0
6,0.1,0.0,0.0146,2.893,-0.0146,0.026177,0.999657,0
7,0.1167,0.0,0.0151,2.8779,-0.0151,0.030539,0.999534,0
8,0.1333,0.0,0.0137,2.8642,-0.0137,0.034899,0.999391,0
9,0.15,0.0,0.0145,2.8497,-0.0145,0.03926,0.999229,0
10,0.1667,0.0,0.0127,2.837,-0.0127,0.043619,0.999048,0
11,0.1833,0.0,0.0158,2.8212,-0.0158,0.047978,0.998848,0
12,0.2,0.0,0.0117,2.8095,-0.0117,0.052336,0.99863,0
13,0.2167,0.0,0.0146,2.7949,-0.0146,0.056693,0.998392,0
14,0.2333,0.0,0.0137,2.7812,-0.0137,0.061049,0.998135,0
15,0.25,0.0,0.0141,2.7671,-0.0141,0.065403,0.997859,0
16,0.2667,0.0,0.017,2.7501,-0.017,0.069756,0.997564,0
17,0.2833,0.0,0.0132,2.7369,-0.0132,0.074108,0.99725,0
18,0.3,0.0,0.0145,2.7224,-0.0145,0.078459,0.996917,0
19,0.3167,0.0,0.0159,2.7065,-0.0159,0.082808,0.996566,0
20,0.3333,0.0,0.015,2.6915,-0.015,0.087156,0.996195,0
21,0.35,0.0,0.0193,2.6722,-0.0193,0.091502,0.995805,0
22,0.3667,0.0,0.0166,2.6556,-0.0166,0.095846,0.995396,0
23,0.3833,0.0,0.0107,2.6449,-0.0107,0.100188,0.994969,0
24,0.4,0.0,0.0148,2.6301,-0.0148,0.104528,0.994522,0
25,0.4167,0.0,0.0155,2.6146,-0.0155,0.108867,0.994056,0
26,0.4333,0.0,0.0149,2.5997,-0.0149,0.113203,0.993572,0
27,0.45,0.0,0.0139,2.5858,-0.0139,0.117537,0.993068,0
28,0.4667,0.0,0.0117,2.5741,-0.0117,0.121869,0.992546,0
29,0.4833,0.0,0.0123,2.5618,-0.0123,0.126199,0.992005,0
30,0.5,0.0,0.0162,2.5456,-0.0162,0.130526,0.991445,0
31,0.5167,0.0,0.0143,2.5313,-0.0143,0.134851,0.990866,0
32,0.5333,0.0,0.011,2.5203,-0.011,0.139173,0.990268,0
33,0.55,0.0,0.0111,2.5092,-0.0111,0.143493,0.989651,0
34,0.5667,0.0,0.0153,2.4939,-0.0153,0.147809,0.989016,0
35,0.5833,0.0,0.0176,2.4763,-0.0176,0.152123,0.988362,0
36,0.6,0.0,0.0132,2.4631,-0.0132,0.156434,0.987688,0
37,0.6167,0.0,0.0151,2.448,-0.0151,0.160743,0.986996,0
38,0.6333,0.0,0.016,2.432,-0.016,0.165048,0.986286,0
39,0.65,0.0,0.0169,2.4151,-0.0169,0.16935,0.985556,0
40,0.6667,0.0,0.0177,2.3974,-0.0177,0.173648,0.984808,0
41,0.6833,0.0,0.0162,2.3812,-0.0162,0.177944,0.984041,0
42,0.7,0.0,0.0149,2.3663,-0.0149,0.182236,0.983255,0
43,0.7167,0.0,0.0159,2.3504,-0.0159,0.186524,0.98245,0
44,0.7333,0.0,0.0175,2.3329,-0.0175,0.190809,0.981627,0
45,0.75,0.0,0.017,2.3159,-0.017,0.19509,0.980785,0
46,0.7667,0.0,0.0145,2.3014,-0.0145,0.199368,0.979925,0
47,0.7833,0.0,0.0158,2.2856,-0.0158,0.203642,0.979045,0
48,0.8,0.0,0.014,2.2716,-0.014,0.207912,0.978148,0
49,0.8167,0.0,0.0173,2.2543,-0.0173,0.212178,0.977231,0
50,0.8333,0.0,0.0167,2.2376,-0.0167,0.21644,0.976296,0
51,0.85,0.0,0.0167,2.2209,-0.0167,0.220697,0.975342,0
52,0.8667,0.0,0.0127,2.2082,-0.0127,0.224951,0.97437,0
53,0.8833,0.0,0.0172,2.191,-0.0172,0.2292,0.973379,0
54,0.9,0.0,0.0155,2.1755,-0.0155,0.233445,0.97237,0
55,0.9167,0.0,0.0139,2.1616,-0.0139,0.237686,0.971342,0
56,0.9333,0.0,0.0136,2.148,-0.0136,0.241922,0.970296,0
57,0.95,0.0,0.0138,2.1342,-0.0138,0.246153,0.969231,0
58,0.9667,0.0,0.0119,2.1223,-0.0119,0.25038,0.968148,0
59,0.9833,0.0,0.0137,2.1086,-0.0137,0.254602,0.967046,0
60,1.0,0.0,0.0158,2.0928,-0.0158,0.258819,0.965926,0
61,1.0167,0.0,0.013,2.0798,-0.013,0.263031,0.964787,0
62,1.0333,0.0,0.0132,2.0666,-0.0132,0.267238,0.96363,0
63,1.05,0.0,0.0157,2.0509,-0.0157,0.27144,0.962455,0
64,1.0667,0.0,0.0121,2.0388,-0.0121,0.275637,0.961262,0
65,1.0833,0.0,0.0152,2.0236,-0.0152,0.279829,0.96005,0
66,1.1,0.0,0.0151,2.0085,-0.0151,0.284015,0.95882,0
67,1.1167,0.0,0.0159,1.9926,-0.0159,0.288196,0.957571,0
68,1.1333,0.0,0.016,1.9766,-0.016,0.292372,0.956305,0
69,1.15,0.0,0.0157,1.9609,-0.0157,0.296542,0.95502,0
70,1.1667,0.0,0.0157,1.9452,-0.0157,0.300706,0.953717,0
71,1.1833,0.0,0.0136,1.9316,-0.0136,0.304864,0.952396,0
72,1.2,0.0,0.0123,1.9193,-0.0123,0.309017,0.951057,0
73,1.2167,0.0,0.0149,1.9044,-0.0149,0.313164,0.949699,0
74,1.2333,0.0,0.014,1.8904,-0.014,0.317305,0.948324,0
75,1.25,0.0,0.0124,1.878,-0.0124,0.321439,0.94693,0
76,1.2667,0.0,0.0179,1.8601,-0.0179,0.325568,0.945519,0
77,1.2833,0.0,0.0098,1.8503,-0.0098,0.329691,0.944089,0
78,1.3,0.0,0.0126,1.8377,-0.0126,0.333807,0.942641,0
79,1.3167,0.0,0.0123,1.8254,-0.0123,0.337917,0.941176,0
80,1.3333,0.0,0.0135,1.8119,-0.0135,0.34202,0.939693,0
81,1.35,0.0,0.0127,1.7992,-0.0127,0.346117,0.938191,0
82,1.3667,0.0,0.0146,1.7846,-0.0146,0.350207,0.936672,0
83,1.3833,0.0,0.0113,1.7733,-0.0113,0.354291,0.935135,0
84,1.4,0.0,0.017,1.7563,-0.017,0.358368,0.93358,0
85,1.4167,0.0,0.0118,1.7445,-0.0118,0.362438,0.932008,0
86,1.4333,0.0,0.0166,1.7279,-0.0166,0.366501,0.930418,0
87,1.45,0.0,0.0172,1.7107,-0.0172,0.370557,0.92881,0
88,1.4667,0.0,0.0145,1.6962,-0.0145,0.374607,0.927184,0
89,1.4833,0.0,0.0157,1.6805,-0.0157,0.378649,0.925541,0
90,1.5,0.0,0.015,1.6655,-0.015,0.382683,0.92388,0
91,1.5167,0.0,0.0141,1.6514,-0.0141,0.386711,0.922201,0
92,1.5333,0.0,0.0127,1.6387,-0.0127,0.390731,0.920505,0
93,1.55,0.0,0.015,1.6237,-0.015,0.394744,0.918791,0
94,1.5667,0.0,0.0159,1.6078,-0.0159,0.398749,0.91706,0
95,1.5833,0.0,0.0148,1.593,-0.0148,0.402747,0.915311,0
96,1.6,0.0,0.0133,1.5797,-0.0133,0.406737,0.913545,0
97,1.6167,0.0,0.016,1.5637,-0.016,0.410719,0.911762,0
98,1.6333,0.0,0.0134,1.5503,-0.0134,0.414693,0.909961,0
99,1.65,0.0,0.0151,1.5352,-0.0151,0.41866,0.908143,0
100,1.6667,0.0,0.0164,1.5188,-0.0164,0.422618,0.906308,0
101,1.6833,0.0,0.0154,1.5034,-0.0154,0.426569,0.904455,0
102,1.7,0.0,0.016,1.4874,-0.016,0.430511,0.902585,0
103,1.7167,0.0,0.014,1.4734,-0.014,0.434445,0.900698,0
104,1.7333,0.0,0.0142,1.4592,-0.0142,0.438371,0.898794,0
105,1.75,0.0,0.0163,1.4429,-0.0163,0.442289,0.896873,0
106,1.7667,0.0,0.0152,1.4277,-0.0152,0.446198,0.894934,0
107,1.7833,0.0,0.0123,1.4154,-0.0123,0.450098,0.892979,0
108,1.8,0.0,0.0142,1.4012,-0.0142,0.45399,0.891007,0
109,1.8167,0.0,0.0139,1.3873,-0.0139,0.457874,0.889017,0
110,1.8333,0.0,0.0146,1.3727,-0.0146,0.461749,0.887011,0
111,1.85,0.0,0.0123,1.3604,-0.0123,0.465615,0.884988,0
112,1.8667,0.0,0.0133,1.3471,-0.0133,0.469472,0.882948,0
113,1.8833,0.0,0.0117,1.3354,-0.0117,0.47332,0.880891,0
114,1.9,0.0,0.0146,1.3208,-0.0146,0.477159,0.878817,0
115,1.9167,0.0,0.0134,1.3074,-0.0134,0.480989,0.876727,0
116,1.9333,0.0,0.0137,1.2937,-0.0137,0.48481,0.87462,0
117,1.95,0.0,0.0127,1.281,-0.0127,0.488621,0.872496,0
118,1.9667,0.0,0.014,1.267,-0.014,0.492424,0.870356,0
119,1.9833,0.0,0.011,1.256,-0.011,0.496217,0.868199,0
120,2.0,0.0,0.0154,1.2406,-0.0154,0.5,0.866025,0
121,2.0167,0.0,0.0144,1.2262,-0.0144,0.503774,0.863836,0
122,2.0333,0.0,0.0119,1.2143,-0.0119,0.507538,0.861629,0
123,2.05,0.0,0.0168,1.1975,-0.0168,0.511293,0.859406,0
124,2.0667,0.0,0.0164,1.1811,-0.0164,0.515038,0.857167,0
125,2.0833,0.0,0.015,1.1661,-0.015,0.518773,0.854912,0
126,2.1,0.0,0.0144,1.1517,-0.0144,0.522499,0.85264,0
127,2.1167,0.0,0.0164,1.1353,-0.0164,0.526214,0.850352,0
128,2.1333,0.0,0.0131,1.1222,-0.0131,0.529919,0.848048,0
129,2.15,0.0,0.015,1.1072,-0.015,0.533615,0.845728,0
130,2.1667,0.0,0.0161,1.0911,-0.0161,0.5373,0.843391,0
131,2.1833,0.0,0.0164,1.0747,-0.0164,0.540974,0.841039,0
132,2.2,0.0,0.0105,1.0642,-0.0105,0.544639,0.838671,0
133,2.2167,0.0,0.0169,1.0473,-0.0169,0.548293,0.836286,0
134,2.2333,0.0,0.0138,1.0335,-0.0138,0.551937,0.833886,0
135,2.25,0.0,0.012,1.0215,-0.012,0.55557,0.83147,0
136,2.2667,0.0,0.015,1.0065,-0.015,0.559193,0.829038,0
137,2.2833,0.0,0.0161,0.9904,-0.0161,0.562805,0.82659,0
138,2.3,0.0,0.0113,0.9791,-0.0113,0.566406,0.824126,0
139,2.3167,0.0,0.0144,0.9647,-0.0144,0.569997,0.821647,0
140,2.3333,0.0,0.0148,0.9499,-0.0148,0.573576,0.819152,0
141,2.35,0.0,0.0149,0.935,-0.0149,0.577145,0.816642,0
142,2.3667,0.0,0.0151,0.9199,-0.0151,0.580703,0.814116,0
143,2.3833,0.0,0.0144,0.9055,-0.0144,0.58425,0.811574,0
144,2.4,0.0,0.0169,0.8886,-0.0169,0.587785,0.809017,0
145,2.4167,0.0,0.0139,0.8747,-0.0139,0.59131,0.806445,0
146,2.4333,0.0,0.0147,0.86,-0.0147,0.594823,0.803857,0
147,2.45,0.0,0.0156,0.8444,-0.0156,0.598325,0.801254,0
148,2.4667,0.0,0.0128,0.8316,-0.0128,0.601815,0.798636,0
149,2.4833,0.0,0.0139,0.8177,-0.0139,0.605294,0.796002,0
150,2.5,0.0,0.0183,0.7994,-0.0183,0.608761,0.793353,0
151,2.5167,0.0,0.015,0.7844,-0.015,0.612217,0.79069,0
152,2.5333,0.0,0.0145,0.7699,-0.0145,0.615661,0.788011,0
153,2.55,0.0,0.0151,0.7548,-0.0151,0.619094,0.785317,0
154,2.5667,0.0,0.0146,0.7402,-0.0146,0.622515,0.782608,0
155,2.5833,0.0,0.0146,0.7256,-0.0146,0.625923,0.779884,0
156,2.6,0.0,0.0124,0.7132,-0.0124,0.62932,0.777146,0
157,2.6167,0.0,0.0181,0.6951,-0.0181,0.632705,0.774393,0
158,2.6333,0.0,0.0153,0.6798,-0.0153,0.636078,0.771625,0
159,2.65,0.0,0.0143,0.6655,-0.0143,0.639439,0.768842,0
160,2.6667,0.0,0.0117,0.6538,-0.0117,0.642788,0.766044,0
161,2.6833,0.0,0.0143,0.6395,-0.0143,0.646124,0.763232,0
162,2.7,0.0,0.0173,0.6222,-0.0173,0.649448,0.760406,0
163,2.7167,0.0,0.0165,0.6057,-0.0165,0.65276,0.757565,0
164,2.7333,0.0,0.0139,0.5918,-0.0139,0.656059,0.75471,0
165,2.75,0.0,0.0144,0.5774,-0.0144,0.659346,0.75184,0
166,2.7667,0.0,0.0145,0.5629,-0.0145,0.66262,0.748956,0
167,2.7833,0.0,0.016,0.5469,-0.016,0.665882,0.746057,0
168,2.8,0.0,0.0169,0.53,-0.0169,0.669131,0.743145,0
169,2.8167,0.0,0.0129,0.5171,-0.0129,0.672367,0.740218,0
170,2.8333,0.0,0.0125,0.5046,-0.0125,0.67559,0.737277,0
171,2.85,0.0,0.0149,0.4897,-0.0149,0.678801,0.734323,0
172,2.8667,0.0,0.0198,0.4699,-0.0198,0.681998,0.731354,0
173,2.8833,0.0,0.0141,0.4558,-0.0141,0.685183,0.728371,0
174,2.9,0.0,0.0161,0.4397,-0.0161,0.688355,0.725374,0
175,2.9167,0.0,0.0159,0.4238,-0.0159,0.691513,0.722364,0
176,2.9333,0.0,0.0095,0.4143,-0.0095,0.694658,0.71934,0
177,2.95,0.0,0.0168,0.3975,-0.0168,0.69779,0.716302,0
178,2.9667,0.0,0.012,0.3855,-0.012,0.700909,0.71325,0
179,2.9833,0.0,0.012,0.3735,-0.012,0.704015,0.710185,0
180,3.0,0.0,0.0155,0.358,-0.0155,0.707107,0.707107,0
181,3.0167,0.0,0.0129,0.3451,-0.0129,0.710185,0.704015,0
182,3.0333,0.0,0.0131,0.332,-0.0131,0.71325,0.700909,0
183,3.05,0.0,0.012,0.32,-0.012,0.716302,0.69779,0
184,3.0667,0.0,0.0148,0.3052,-0.0148,0.71934,0.694658,0
185,3.0833,0.0,0.0151,0.2901,-0.0151,0.722364,0.691513,0
186,3.1,0.0,0.0111,0.279,-0.0111,0.725374,0.688355,0
187,3.1167,0.0,0.0141,0.2649,-0.0141,0.728371,0.685183,0
188,3.1333,0.0,0.0114,0.2535,-0.0114,0.731354,0.681998,0
189,3.15,0.0,0.0139,0.2396,-0.0139,0.734323,0.678801,0
190,3.1667,0.0,0.0158,0.2238,-0.0158,0.737277,0.67559,0
191,3.1833,0.0,0.0109,0.2129,-0.0109,0.740218,0.672367,0
192,3.2,0.0,0.0135,0.1994,-0.0135,0.743145,0.669131,0
193,3.2167,0.0,0.0146,0.1848,-0.0146,0.746057,0.665882,0
194,3.2333,0.0,0.014,0.1708,-0.014,0.748956,0.66262,0
195,3.25,0.0,0.0113,0.1595,-0.0113,0.75184,0.659346,0
196,3.2667,0.0,0.0155,0.144,-0.0155,0.75471,0.656059,0
197,3.2833,0.0,0.013,0.131,-0.013,0.757565,0.65276,0
198,3.3,0.0,0.0157,0.1153,-0.0157,0.760406,0.649448,0
199,3.3167,0.0,0.016,0.0993,-0.016,0.763232,0.646124,0
200,3.3333,0.0,0.0167,0.0826,-0.0167,0.766044,0.642788,0
201,3.35,0.0,0.0148,0.0678,-0.0148,0.768842,0.639439,0
202,3.3667,0.0,0.0191,0.0487,-0.0191,0.771625,0.636078,0
203,3.3833,0.0,0.0157,0.033,-0.0157,0.774393,0.632705,0
204,3.4,0.0,0.0152,0.0178,-0.0152,0.777146,0.62932,0
205,3.4167,0.0,0.0094,0.0084,-0.0094,0.779884,0.625923,0
206,3.4333,0.0,0.0137,0.0,-0.0137,0.782608,0.622515,1
207,3.45,0.0,0.0135,0.0,-0.0135,0.785317,0.619094,1
208,3.4667,0.0,0.0148,0.0,-0.0148,0.788011,0.615661,1
209,3.4833,0.0,0.0155,0.0,-0.0155,0.79069,0.612217,1
210,3.5,0.0,0.0143,0.0,-0.0143,0.793353,0.608761,1
211,3.5167,0.0,0.0169,0.0,-0.0169,0.796002,0.605294,1
212,3.5333,0.0,0.0144,0.0,-0.0144,0.798636,0.601815,1
213,3.55,0.0,0.0143,0.0,-0.0143,0.801254,0.598325,1
214,3.5667,0.0,0.0171,0.0,-0.0171,0.803857,0.594823,1
215,3.5833,0.0,0.0146,0.0,-0.0146,0.806445,0.59131,1
216,3.6,0.0,0.0118,0.0,-0.0118,0.809017,0.587785,1
217,3.6167,0.0,0.0199,0.0,-0.0199,0.811574,0.58425,1
218,3.6333,0.0,0.0172,0.0,-0.0172,0.814116,0.580703,1
219,3.65,0.0,0.0135,0.0,-0.0135,0.816642,0.577145,1
220,3.6667,0.0,0.0161,0.0,-0.0161,0.819152,0.573576,1
221,3.6833,0.0,0.0133,0.0,-0.0133,0.821647,0.569997,1
222,3.7,0.0,0.0123,0.0,-0.0123,0.824126,0.566406,1
223,3.7167,0.0,0.014,0.0,-0.014,0.82659,0.562805,1
224,3.7333,0.0,0.0143,0.0,-0.0143,0.829038,0.559193,1
225,3.75,0.0,0.0137,0.0,-0.0137,0.83147,0.55557,1
226,3.7667,0.0,0.0123,0.0,-0.0123,0.833886,0.551937,1
227,3.7833,0.0,0.0151,0.0,-0.0151,0.836286,0.548293,1
228,3.8,0.0,0.0135,0.0,-0.0135,0.838671,0.544639,1
229,3.8167,0.0,0.0126,0.0,-0.0126,0.841039,0.540974,1
230,3.8333,0.0,0.0178,0.0,-0.0178,0.843391,0.5373,1
231,3.85,0.0,0.0162,0.0,-0.0162,0.845728,0.533615,1
232,3.8667,0.0,0.013,0.0,-0.013,0.848048,0.529919,1
233,3.8833,0.0,0.0152,0.0,-0.0152,0.850352,0.526214,1
234,3.9,0.0,0.0148,0.0,-0.0148,0.85264,0.522499,1
235,3.9167,0.0,0.0133,0.0,-0.0133,0.854912,0.518773,1
236,3.9333,0.0,0.0152,0.0,-0.0152,0.857167,0.515038,1
237,3.95,0.0,0.0158,0.0,-0.0158,0.859406,0.511293,1
238,3.9667,0.0,0.0123,0.0,-0.0123,0.861629,0.507538,1
239,3.9833,0.0,0.0172,0.0,-0.0172,0.863836,0.503774,1
240,4.0,0.0,0.0148,0.0,-0.0148,0.866025,0.5,1
241,4.0167,0.0,0.0146,0.0,-0.0146,0.868199,0.496217,1
242,4.0333,0.0,0.0151,0.0,-0.0151,0.870356,0.492424,1
243,4.05,0.0,0.0141,0.0,-0.0141,0.872496,0.488621,1
244,4.0667,0.0,0.0157,0.0,-0.0157,0.87462,0.48481,1
245,4.0833,0.0,0.0151,0.0,-0.0151,0.876727,0.480989,1
246,4.1,0.0,0.014,0.0,-0.014,0.878817,0.477159,1
247,4.1167,0.0,0.0151,0.0,-0.0151,0.880891,0.47332,1
248,4.1333,0.0,0.0142,0.0,-0.0142,0.882948,0.469472,1
249,4.15,0.0,0.0115,0.0,-0.0115,0.884988,0.465615,1
250,4.1667,0.0,0.0148,0.0,-0.0148,0.887011,0.461749,1
251,4.1833,0.0,0.0149,0.0,-0.0149,0.889017,0.457874,1
252,4.2,0.0,0.0134,0.0,-0.0134,0.891007,0.45399,1
253,4.2167,0.0,0.0131,0.0,-0.0131,0.892979,0.450098,1
254,4.2333,0.0,0.0126,0.0,-0.0126,0.894934,0.446198,1
255,4.25,0.0,0.017,0.0,-0.017,0.896873,0.442289,1
256,4.2667,0.0,0.0138,0.0,-0.0138,0.898794,0.438371,1
257,4.2833,0.0,0.012,0.0,-0.012,0.900698,0.434445,1
258,4.3,0.0,0.0155,0.0,-0.0155,0.902585,0.430511,1
259,4.3167,0.0,0.0131,0.0,-0.0131,0.904455,0.426569,1
260,4.3333,0.0,0.0186,0.0,-0.0186,0.906308,0.422618,1
261,4.35,0.0,0.0136,0.0,-0.0136,0.908143,0.41866,1
262,4.3667,0.0,0.0116,0.0,-0.0116,0.909961,0.414693,1
263,4.3833,0.0,0.016,0.0,-0.016,0.911762,0.410719,1
264,4.4,0.0,0.0178,0.0,-0.0178,0.913545,0.406737,1
265,4.4167,0.0,0.0108,0.0,-0.0108,0.915311,0.402747,1
266,4.4333,0.0,0.014,0.0,-0.014,0.91706,0.398749,1
267,4.45,0.0,0.0165,0.0,-0.0165,0.918791,0.394744,1
268,4.4667,0.0,0.0117,0.0,-0.0117,0.920505,0.390731,1
269,4.4833,0.0,0.0149,0.0,-0.0149,0.922201,0.386711,1
270,4.5,0.0,0.0161,0.0,-0.0161,0.92388,0.382683,1
271,4.5167,0.0,0.0146,0.0,-0.0146,0.925541,0.378649,1
272,4.5333,0.0,0.0154,0.0,-0.0154,0.927184,0.374607,1
273,4.55,0.0,0.0132,0.0,-0.0132,0.92881,0.370557,1
274,4.5667,0.0,0.0145,0.0,-0.0145,0.930418,0.366501,1
275,4.5833,0.0,0.0134,0.0,-0.0134,0.932008,0.362438,1
276,4.6,0.0,0.0136,0.0,-0.0136,0.93358,0.358368,1
277,4.6167,0.0,0.0138,0.0,-0.0138,0.935135,0.354291,1
278,4.6333,0.0,0.0127,0.0,-0.0127,0.936672,0.350207,1
279,4.65,0.0,0.0151,0.0,-0.0151,0.938191,0.346117,1
280,4.6667,0.0,0.0142,0.0,-0.0142,0.939693,0.34202,1
281,4.6833,0.0,0.01,0.0,-0.01,0.941176,0.337917,1
282,4.7,0.0,0.0156,0.0,-0.0156,0.942641,0.333807,1
283,4.7167,0.0,0.0119,0.0,-0.0119,0.944089,0.329691,1
284,4.7333,0.0,0.0118,0.0,-0.0118,0.945519,0.325568,1
285,4.75,0.0,0.0167,0.0,-0.0167,0.94693,0.321439,1
286,4.7667,0.0,0.016,0.0,-0.016,0.948324,0.317305,1
287,4.7833,0.0,0.0137,0.0,-0.0137,0.949699,0.313164,1
288,4.8,0.0,0.0127,0.0,-0.0127,0.951057,0.309017,1
289,4.8167,0.0,0.0177,0.0,-0.0177,0.952396,0.304864,1
290,4.8333,0.0,0.0163,0.0,-0.0163,0.953717,0.300706,1
291,4.85,0.0,0.0148,0.0,-0.0148,0.95502,0.296542,1
292,4.8667,0.0,0.0162,0.0,-0.0162,0.956305,0.292372,1
293,4.8833,0.0,0.0159,0.0,-0.0159,0.957571,0.288196,1
294,4.9,0.0,0.0152,0.0,-0.0152,0.95882,0.284015,1
295,4.9167,0.0,0.0135,0.0,-0.0135,0.96005,0.279829,1
296,4.9333,0.0,0.0151,0.0,-0.0151,0.961262,0.275637,1
297,4.95,0.0,0.0139,0.0,-0.0139,0.962455,0.27144,1
298,4.9667,0.0,0.0163,0.0,-0.0163,0.96363,0.267238,1
299,4.9833,0.0,0.0159,0.0,-0.0159,0.964787,0.263031,1
300,5.0,0.0,0.012,0.0,-0.012,0.965926,0.258819,1
301,5.0167,0.0,0.014,0.0,-0.014,0.967046,0.254602,1
302,5.0333,0.0,0.0147,0.0,-0.0147,0.968148,0.25038,1
303,5.05,0.0,0.0126,0.0,-0.0126,0.969231,0.246153,1
304,5.0667,0.0,0.0108,0.0,-0.0108,0.970296,0.241922,1
305,5.0833,0.0,0.0098,0.0,-0.0098,0.971342,0.237686,1
306,5.1,0.0,0.0116,0.0,-0.0116,0.97237,0.233445,1
307,5.1167,0.0,0.0178,0.0,-0.0178,0.973379,0.2292,1
308,5.1333,0.0,0.0106,0.0,-0.0106,0.97437,0.224951,1
309,5.15,0.0,0.0148,0.0,-0.0148,0.975342,0.220697,1
310,5.1667,0.0,0.0174,0.0,-0.0174,0.976296,0.21644,1
311,5.1833,0.0,0.0166,0.0,-0.0166,0.977231,0.212178,1
312,5.2,0.0,0.0128,0.0,-0.0128,0.978148,0.207912,1
313,5.2167,0.0,0.018,0.0,-0.018,0.979045,0.203642,1
314,5.2333,0.0,0.0164,0.0,-0.0164,0.979925,0.199368,1
315,5.25,0.0,0.0153,0.0,-0.0153,0.980785,0.19509,1
316,5.2667,0.0,0.0145,0.0,-0.0145,0.981627,0.190809,1
317,5.2833,0.0,0.0141,0.0,-0.0141,0.98245,0.186524,1
318,5.3,0.0,0.0153,0.0,-0.0153,0.983255,0.182236,1
319,5.3167,0.0,0.0154,0.0,-0.0154,0.984041,0.177944,1
320,5.3333,0.0,0.018,0.0,-0.018,0.984808,0.173648,1
321,5.35,0.0,0.0165,0.0,-0.0165,0.985556,0.16935,1
322,5.3667,0.0,0.0136,0.0,-0.0136,0.986286,0.165048,1
323,5.3833,0.0,0.0155,0.0,-0.0155,0.986996,0.160743,1
324,5.4,0.0,0.0115,0.0,-0.0115,0.987688,0.156434,1
325,5.4167,0.0,0.0153,0.0,-0.0153,0.988362,0.152123,1
326,5.4333,0.0,0.0139,0.0,-0.0139,0.989016,0.147809,1
327,5.45,0.0,0.0104,0.0,-0.0104,0.989651,0.143493,1
328,5.4667,0.0,0.0113,0.0,-0.0113,0.990268,0.139173,1
329,5.4833,0.0,0.0148,0.0,-0.0148,0.990866,0.134851,1
330,5.5,0.0,0.0143,0.0,-0.0143,0.991445,0.130526,1
331,5.5167,0.0,0.0177,0.0,-0.0177,0.992005,0.126199,1
332,5.5333,0.0,0.015,0.0,-0.015,0.992546,0.121869,1
333,5.55,0.0,0.0132,0.0,-0.0132,0.993068,0.117537,1
334,5.5667,0.0,0.0162,0.0,-0.0162,0.993572,0.113203,1
335,5.5833,0.0,0.0108,0.0,-0.0108,0.994056,0.108867,1
336,5.6,0.0,0.014,0.0,-0.014,0.994522,0.104528,1
337,5.6167,0.0,0.0135,0.0,-0.0135,0.994969,0.100188,1
338,5.6333,0.0,0.0149,0.0,-0.0149,0.995396,0.095846,1
339,5.65,0.0,0.0148,0.0,-0.0148,0.995805,0.091502,1
340,5.6667,0.0,0.012,0.0,-0.012,0.996195,0.087156,1
341,5.6833,0.0,0.0163,0.0,-0.0163,0.996566,0.082808,1
342,5.7,0.0,0.0135,0.0,-0.0135,0.996917,0.078459,1
343,5.7167,0.0,0.0138,0.0,-0.0138,0.99725,0.074108,1
344,5.7333,0.0,0.0104,0.0,-0.0104,0.997564,0.069756,1
345,5.75,0.0,0.0128,0.0,-0.0128,0.997859,0.065403,1
346,5.7667,0.0,0.0153,0.0,-0.0153,0.998135,0.061049,1
347,5.7833,0.0,0.0186,0.0,-0.0186,0.998392,0.056693,1
348,5.8,0.0,0.0119,0.0,-0.0119,0.99863,0.052336,1
349,5.8167,0.0,0.0142,0.0,-0.0142,0.998848,0.047978,1
350,5.8333,0.0,0.0134,0.0,-0.0134,0.999048,0.043619,1
351,5.85,0.0,0.0128,0.0,-0.0128,0.999229,0.03926,1
352,5.8667,0.0,0.0172,0.0,-0.0172,0.999391,0.034899,1
353,5.8833,0.0,0.0165,0.0,-0.0165,0.999534,0.030539,1
354,5.9,0.0,0.0154,0.0,-0.0154,0.999657,0.026177,1
355,5.9167,0.0,0.0098,0.0,-0.0098,0.999762,0.021815,1
356,5.9333,0.0,0.0121,0.0,-0.0121,0.999848,0.017452,1
357,5.95,0.0,0.0114,0.0,-0.0114,0.999914,0.01309,1
358,5.9667,0.0,0.0142,0.0,-0.0142,0.999962,0.008727,1
359,5.9833,0.0,0.0159,0.0,-0.0159,0.99999,0.004363,1
360,6.0,0.004033,0.0258,0.0,-0.021767,1.0,0.0,1
361,6.0167,0.0,0.028,0.0,-0.028,0.99999,-0.004363,1
362,6.0333,0.00235,0.0295,0.0,-0.02715,0.999962,-0.008727,1
363,6.05,0.0064,0.0282,0.0,-0.0218,0.999914,-0.01309,1
364,6.0667,0.002267,0.0269,0.0,-0.024633,0.999848,-0.017452,1
365,6.0833,0.005,0.0246,0.0,-0.0196,0.999762,-0.021815,1
366,6.1,0.00275,0.025,0.0,-0.02225,0.999657,-0.026177,1
367,6.1167,0.0042,0.026,0.0,-0.0218,0.999534,-0.030539,1
368,6.1333,0.00185,0.029,0.0,-0.02715,0.999391,-0.034899,1
369,6.15,0.00185,0.0279,0.0,-0.02605,0.999229,-0.03926,1
370,6.1667,0.006183,0.0282,0.0,-0.022017,0.999048,-0.043619,1
371,6.1833,0.0051,0.0259,0.0,-0.0208,0.998848,-0.047978,1
372,6.2,0.002817,0.0289,0.0,-0.026083,0.99863,-0.052336,1
373,6.2167,0.004117,0.0249,0.0,-0.020783,0.998392,-0.056693,1
374,6.2333,0.0082,0.0279,0.0,-0.0197,0.998135,-0.061049,1
375,6.25,0.010033,0.0275,0.0,-0.017467,0.997859,-0.065403,1
376,6.2667,0.009983,0.028,0.0,-0.018017,0.997564,-0.069756,1
377,6.2833,0.0085,0.0268,0.0,-0.0183,0.99725,-0.074108,1
378,6.3,0.00945,0.0246,0.0,-0.01515,0.996917,-0.078459,1
379,6.3167,0.008883,0.023,0.0,-0.014117,0.996566,-0.082808,1
380,6.3333,0.004533,0.0269,0.0,-0.022367,0.996195,-0.087156,1
381,6.35,0.009533,0.026,0.0,-0.016467,0.995805,-0.091502,1
382,6.3667,0.0088,0.0237,0.0,-0.0149,0.995396,-0.095846,1
383,6.3833,0.0145,0.0258,0.0,-0.0113,0.994969,-0.100188,1
384,6.4,0.015583,0.0251,0.0,-0.009517,0.994522,-0.104528,1
385,6.4167,0.011083,0.0247,0.0,-0.013617,0.994056,-0.108867,1
386,6.4333,0.015333,0.0284,0.0,-0.013067,0.993572,-0.113203,1
387,6.45,0.009233,0.0247,0.0,-0.015467,0.993068,-0.117537,1
388,6.4667,0.008267,0.0229,0.0,-0.014633,0.992546,-0.121869,1
389,6.4833,0.01785,0.0295,0.0,-0.01165,0.992005,-0.126199,1
390,6.5,0.0168,0.0283,0.0,-0.0115,0.991445,-0.130526,1
391,6.5167,0.0187,0.0266,0.0,-0.0079,0.990866,-0.134851,1
392,6.5333,0.01645,0.0236,0.0,-0.00715,0.990268,-0.139173,1
393,6.55,0.012583,0.0251,0.0,-0.012517,0.989651,-0.143493,1
394,6.5667,0.020117,0.0255,0.0,-0.005383,0.989016,-0.147809,1
395,6.5833,0.018733,0.0284,0.0,-0.009667,0.988362,-0.152123,1
396,6.6,0.016833,0.0263,0.0,-0.009467,0.987688,-0.156434,1
397,6.6167,0.026533,0.0298,0.0,-0.003267,0.986996,-0.160743,1
398,6.6333,0.019633,0.0259,0.0,-0.006267,0.986286,-0.165048,1
399,6.65,0.0215,0.0251,0.0,-0.0036,0.985556,-0.16935,1
400,6.6667,0.022167,0.025,0.0,-0.002833,0.984808,-0.173648,1
401,6.6833,0.0222,0.0278,0.0,-0.0056,0.984041,-0.177944,1
402,6.7,0.021633,0.0329,0.0,-0.011267,0.983255,-0.182236,1
403,6.7167,0.024567,0.0275,0.0,-0.002933,0.98245,-0.186524,1
404,6.7333,0.020633,0.0279,0.0,-0.007267,0.981627,-0.190809,1
405,6.75,0.023233,0.028,0.0,-0.004767,0.980785,-0.19509,1
406,6.7667,0.023617,0.0229,0.0007,0.000717,0.979925,-0.199368,0
407,6.7833,0.023267,0.0242,0.0,-0.000933,0.979045,-0.203642,1
408,6.8,0.019767,0.0246,0.0,-0.004833,0.978148,-0.207912,1
409,6.8167,0.020833,0.028,0.0,-0.007167,0.977231,-0.212178,1
410,6.8333,0.023883,0.0244,0.0,-0.000517,0.976296,-0.21644,1
411,6.85,0.024483,0.024,0.0005,0.000483,0.975342,-0.220697,0
412,6.8667,0.028483,0.0237,0.0053,0.004783,0.97437,-0.224951,0
413,6.8833,0.029767,0.0259,0.0092,0.003867,0.973379,-0.2292,0
414,6.9,0.025117,0.0278,0.0065,-0.002683,0.97237,-0.233445,0
415,6.9167,0.028,0.025,0.0095,0.003,0.971342,-0.237686,0
416,6.9333,0.028717,0.0256,0.0126,0.003117,0.970296,-0.241922,0
417,6.95,0.029733,0.0259,0.0164,0.003833,0.969231,-0.246153,0
418,6.9667,0.032367,0.0266,0.0222,0.005767,0.968148,-0.25038,0
419,6.9833,0.035617,0.0272,0.0306,0.008417,0.967046,-0.254602,0
420,7.0,0.0329,0.0461,0.0174,-0.0132,0.965926,-0.258819,0
421,7.0167,0.029617,0.0489,0.0,-0.019283,0.964787,-0.263031,1
422,7.0333,0.031167,0.049,0.0,-0.017833,0.96363,-0.267238,1
423,7.05,0.030683,0.0511,0.0,-0.020417,0.962455,-0.27144,1
424,7.0667,0.0267,0.048,0.0,-0.0213,0.961262,-0.275637,1
425,7.0833,0.032567,0.0449,0.0,-0.012333,0.96005,-0.279829,1
426,7.1,0.03335,0.0498,0.0,-0.01645,0.95882,-0.284015,1
427,7.1167,0.036383,0.0528,0.0,-0.016417,0.957571,-0.288196,1
428,7.1333,0.034733,0.0485,0.0,-0.013767,0.956305,-0.292372,1
429,7.15,0.037283,0.0479,0.0,-0.010617,0.95502,-0.296542,1
430,7.1667,0.035983,0.0447,0.0,-0.008717,0.953717,-0.300706,1
431,7.1833,0.03975,0.0468,0.0,-0.00705,0.952396,-0.304864,1
432,7.2,0.038833,0.0471,0.0,-0.008267,0.951057,-0.309017,1
433,7.2167,0.0372,0.0488,0.0,-0.0116,0.949699,-0.313164,1
434,7.2333,0.037917,0.0471,0.0,-0.009183,0.948324,-0.317305,1
435,7.25,0.039717,0.0507,0.0,-0.010983,0.94693,-0.321439,1
436,7.2667,0.039983,0.0501,0.0,-0.010117,0.945519,-0.325568,1
437,7.2833,0.040867,0.0497,0.0,-0.008833,0.944089,-0.329691,1
438,7.3,0.042533,0.0496,0.0,-0.007067,0.942641,-0.333807,1
439,7.3167,0.044817,0.0498,0.0,-0.004983,0.941176,-0.337917,1
440,7.3333,0.0393,0.0496,0.0,-0.0103,0.939693,-0.34202,1
441,7.35,0.04585,0.0482,0.0,-0.00235,0.938191,-0.346117,1
442,7.3667,0.0442,0.0524,0.0,-0.0082,0.936672,-0.350207,1
443,7.3833,0.040817,0.0444,0.0,-0.003583,0.935135,-0.354291,1
444,7.4,0.04055,0.0472,0.0,-0.00665,0.93358,-0.358368,1
445,7.4167,0.047317,0.0497,0.0,-0.002383,0.932008,-0.362438,1
446,7.4333,0.046983,0.0495,0.0,-0.002517,0.930418,-0.366501,1
447,7.45,0.05005,0.0453,0.0047,0.00475,0.92881,-0.370557,0
448,7.4667,0.046317,0.0489,0.0021,-0.002583,0.927184,-0.374607,0
449,7.4833,0.04655,0.0472,0.0014,-0.00065,0.925541,-0.378649,0
450,7.5,0.04495,0.0479,0.0,-0.00295,0.92388,-0.382683,1
451,7.5167,0.046067,0.0485,0.0,-0.002433,0.922201,-0.386711,1
452,7.5333,0.04535,0.0463,0.0,-0.00095,0.920505,-0.390731,1
453,7.55,0.045983,0.0484,0.0,-0.002417,0.918791,-0.394744,1
454,7.5667,0.046383,0.0471,0.0,-0.000717,0.91706,-0.398749,1
455,7.5833,0.04985,0.0498,0.0001,5e-05,0.915311,-0.402747,0
456,7.6,0.051133,0.0507,0.0005,0.000433,0.913545,-0.406737,0
457,7.6167,0.047817,0.0513,0.0,-0.003483,0.911762,-0.410719,1
458,7.6333,0.050417,0.0511,0.0,-0.000683,0.909961,-0.414693,1
459,7.65,0.048617,0.0481,0.0005,0.000517,0.908143,-0.41866,0
460,7.6667,0.046717,0.0463,0.0009,0.000417,0.906308,-0.422618,0
461,7.6833,0.049467,0.0479,0.0025,0.001567,0.904455,-0.426569,0
462,7.7,0.050817,0.0474,0.0059,0.003417,0.902585,-0.430511,0
463,7.7167,0.052333,0.0498,0.0084,0.002533,0.900698,-0.434445,0
464,7.7333,0.055283,0.0438,0.0199,0.011483,0.898794,-0.438371,0
465,7.75,0.053267,0.0466,0.0266,0.006667,0.896873,-0.442289,0
466,7.7667,0.054083,0.1223,0.0,-0.068217,0.894934,-0.446198,1
467,7.7833,0.054883,0.1237,0.0,-0.068817,0.892979,-0.450098,1
468,7.8,0.053633,0.1276,0.0,-0.073967,0.891007,-0.45399,1
469,7.8167,0.0597,0.1256,0.0,-0.0659,0.889017,-0.457874,1
470,7.8333,0.056383,0.1246,0.0,-0.068217,0.887011,-0.461749,1
471,7.85,0.059467,0.1259,0.0,-0.066433,0.884988,-0.465615,1
472,7.8667,0.05735,0.1252,0.0,-0.06785,0.882948,-0.469472,1
473,7.8833,0.057733,0.1262,0.0,-0.068467,0.880891,-0.47332,1
474,7.9,0.05845,0.1227,0.0,-0.06425,0.878817,-0.477159,1
475,7.9167,0.056067,0.1224,0.0,-0.066333,0.876727,-0.480989,1
476,7.9333,0.060817,0.1249,0.0,-0.064083,0.87462,-0.48481,1
477,7.95,0.0567,0.1283,0.0,-0.0716,0.872496,-0.488621,1
478,7.9667,0.058983,0.1223,0.0,-0.063317,0.870356,-0.492424,1
479,7.9833,0.056717,0.1255,0.0,-0.068783,0.868199,-0.496217,1
480,8.0,0.060183,0.1254,0.0,-0.065217,0.866025,-0.5,1
481,8.0167,0.057733,0.1218,0.0,-0.064067,0.863836,-0.503774,1
482,8.0333,0.065283,0.1257,0.0,-0.060417,0.861629,-0.507538,1
483,8.05,0.061533,0.1251,0.0,-0.063567,0.859406,-0.511293,1
484,8.0667,0.056417,0.1269,0.0,-0.070483,0.857167,-0.515038,1
485,8.0833,0.059967,0.1216,0.0,-0.061633,0.854912,-0.518773,1
486,8.1,0.064417,0.1245,0.0,-0.060083,0.85264,-0.522499,1
487,8.1167,0.059717,0.125,0.0,-0.065283,0.850352,-0.526214,1
488,8.1333,0.065517,0.1285,0.0,-0.062983,0.848048,-0.529919,1
489,8.15,0.067,0.1227,0.0,-0.0557,0.845728,-0.533615,1
490,8.1667,0.06525,0.1239,0.0,-0.05865,0.843391,-0.5373,1
491,8.1833,0.0633,0.1245,0.0,-0.0612,0.841039,-0.540974,1
492,8.2,0.065617,0.127,0.0,-0.061383,0.838671,-0.544639,1
493,8.2167,0.067183,0.128,0.0,-0.060817,0.836286,-0.548293,1
494,8.2333,0.06305,0.1253,0.0,-0.06225,0.833886,-0.551937,1
495,8.25,0.067817,0.1244,0.0,-0.056583,0.83147,-0.55557,1
496,8.2667,0.0676,0.1226,0.0,-0.055,0.829038,-0.559193,1
497,8.2833,0.069983,0.1241,0.0,-0.054117,0.82659,-0.562805,1
498,8.3,0.066817,0.1235,0.0,-0.056683,0.824126,-0.566406,1
499,8.3167,0.069117,0.1274,0.0,-0.058283,0.821647,-0.569997,1
500,8.3333,0.072217,0.1241,0.0,-0.051883,0.819152,-0.573576,1
501,8.35,0.066117,0.1217,0.0,-0.055583,0.816642,-0.577145,1
502,8.3667,0.068483,0.1227,0.0,-0.054217,0.814116,-0.580703,1
503,8.3833,0.069233,0.1244,0.0,-0.055167,0.811574,-0.58425,1
504,8.4,0.074033,0.1249,0.0,-0.050867,0.809017,-0.587785,1
505,8.4167,0.074983,0.1247,0.0,-0.049717,0.806445,-0.59131,1
506,8.4333,0.067283,0.1234,0.0,-0.056117,0.803857,-0.594823,1
507,8.45,0.073283,0.1244,0.0,-0.051117,0.801254,-0.598325,1
508,8.4667,0.070133,0.1231,0.0,-0.052967,0.798636,-0.601815,1
509,8.4833,0.07305,0.1228,0.0,-0.04975,0.796002,-0.605294,1
510,8.5,0.072333,0.1257,0.0,-0.053367,0.793353,-0.608761,1
511,8.5167,0.069817,0.1247,0.0,-0.054883,0.79069,-0.612217,1
512,8.5333,0.07495,0.1235,0.0,-0.04855,0.788011,-0.615661,1
513,8.55,0.078067,0.1249,0.0,-0.046833,0.785317,-0.619094,1
514,8.5667,0.076217,0.1263,0.0,-0.050083,0.782608,-0.622515,1
515,8.5833,0.0743,0.1253,0.0,-0.051,0.779884,-0.625923,1
516,8.6,0.076567,0.1272,0.0,-0.050633,0.777146,-0.62932,1
517,8.6167,0.074383,0.1268,0.0,-0.052417,0.774393,-0.632705,1
518,8.6333,0.079983,0.1265,0.0,-0.046517,0.771625,-0.636078,1
519,8.65,0.078967,0.1273,0.0,-0.048333,0.768842,-0.639439,1
520,8.6667,0.074233,0.1266,0.0,-0.052367,0.766044,-0.642788,1
521,8.6833,0.076133,0.1271,0.0,-0.050967,0.763232,-0.646124,1
522,8.7,0.075833,0.0477,0.0281,0.028133,0.760406,-0.649448,0
523,8.7167,0.081083,0.0484,0.0608,0.032683,0.757565,-0.65276,0
524,8.7333,0.074367,0.0479,0.0873,0.026467,0.75471,-0.656059,0
525,8.75,0.0729,0.0495,0.1107,0.0234,0.75184,-0.659346,0
526,8.7667,0.07735,0.0481,0.1399,0.02925,0.748956,-0.66262,0
527,8.7833,0.078033,0.0464,0.1715,0.031633,0.746057,-0.665882,0
528,8.8,0.083533,0.0455,0.2095,0.038033,0.743145,-0.669131,0
529,8.8167,0.07945,0.0505,0.2384,0.02895,0.740218,-0.672367,0
530,8.8333,0.07855,0.0493,0.2676,0.02925,0.737277,-0.67559,0
531,8.85,0.07925,0.0498,0.297,0.02945,0.734323,-0.678801,0
532,8.8667,0.08075,0.049,0.3287,0.03175,0.731354,-0.681998,0
533,8.8833,0.08325,0.0471,0.3649,0.03615,0.728371,-0.685183,0
534,8.9,0.084933,0.0474,0.4024,0.037533,0.725374,-0.688355,0
535,8.9167,0.081633,0.0478,0.4362,0.033833,0.722364,-0.691513,0
536,8.9333,0.086667,0.047,0.4759,0.039667,0.71934,-0.694658,0
537,8.95,0.081117,0.0514,0.5056,0.029717,0.716302,-0.69779,0
538,8.9667,0.0783,0.049,0.5349,0.0293,0.71325,-0.700909,0
539,8.9833,0.087733,0.0468,0.5758,0.040933,0.710185,-0.704015,0
540,9.0,0.080933,0.0283,0.6284,0.052633,0.707107,-0.707107,0
541,9.0167,0.084283,0.0257,0.687,0.058583,0.704015,-0.710185,0
542,9.0333,0.090683,0.0269,0.7508,0.063783,0.700909,-0.71325,0
543,9.05,0.0838,0.0259,0.8087,0.0579,0.69779,-0.716302,0
544,9.0667,0.089917,0.0253,0.8733,0.064617,0.694658,-0.71934,0
545,9.0833,0.087167,0.0282,0.9323,0.058967,0.691513,-0.722364,0
546,9.1,0.089967,0.0266,0.9957,0.063367,0.688355,-0.725374,0
547,9.1167,0.087933,0.0258,1.0578,0.062133,0.685183,-0.728371,0
548,9.1333,0.0896,0.022,1.1254,0.0676,0.681998,-0.731354,0
549,9.15,0.09035,0.0269,1.1888,0.06345,0.678801,-0.734323,0
550,9.1667,0.08495,0.0255,1.2483,0.05945,0.67559,-0.737277,0
551,9.1833,0.088133,0.0286,1.3078,0.059533,0.672367,-0.740218,0
552,9.2,0.084833,0.028,1.3646,0.056833,0.669131,-0.743145,0
553,9.2167,0.088367,0.0267,1.4263,0.061667,0.665882,-0.746057,0
554,9.2333,0.086117,0.0284,1.484,0.057717,0.66262,-0.748956,0
555,9.25,0.095033,0.0281,1.5509,0.066933,0.659346,-0.75184,0
556,9.2667,0.089833,0.0252,1.6155,0.064633,0.656059,-0.75471,0
557,9.2833,0.08775,0.0311,1.6722,0.05665,0.65276,-0.757565,0
558,9.3,0.09305,0.0243,1.7409,0.06875,0.649448,-0.760406,0
559,9.3167,0.089933,0.0268,1.804,0.063133,0.646124,-0.763232,0
560,9.3333,0.088733,0.0286,1.8641,0.060133,0.642788,-0.766044,0
561,9.35,0.089267,0.0253,1.9281,0.063967,0.639439,-0.768842,0
562,9.3667,0.094683,0.0268,1.996,0.067883,0.636078,-0.771625,0
563,9.3833,0.090667,0.0264,2.0603,0.064267,0.632705,-0.774393,0
564,9.4,0.09315,0.0223,2.1311,0.07085,0.62932,-0.777146,0
565,9.4167,0.096183,0.0256,2.2017,0.070583,0.625923,-0.779884,0
566,9.4333,0.09795,0.0302,2.2695,0.06775,0.622515,-0.782608,0
567,9.45,0.096167,0.0264,2.3393,0.069767,0.619094,-0.785317,0
568,9.4667,0.094483,0.0241,2.4097,0.070383,0.615661,-0.788011,0
569,9.4833,0.096133,0.0277,2.4781,0.068433,0.612217,-0.79069,0
570,9.5,0.097383,0.0242,2.5513,0.073183,0.608761,-0.793353,0
571,9.5167,0.09805,0.0268,2.6225,0.07125,0.605294,-0.796002,0
572,9.5333,0.092533,0.0271,2.6879,0.065433,0.601815,-0.798636,0
573,9.55,0.0961,0.0277,2.7563,0.0684,0.598325,-0.801254,0
574,9.5667,0.096167,0.0268,2.8257,0.069367,0.594823,-0.803857,0
575,9.5833,0.09555,0.0263,2.8949,0.06925,0.59131,-0.806445,0
576,9.6,0.097283,0.0249,2.9673,0.072383,0.587785,-0.809017,0
577,9.6167,0.099933,0.0252,3.042,0.074733,0.58425,-0.811574,0
578,9.6333,0.094867,0.0257,3.1112,0.069167,0.580703,-0.814116,0
579,9.65,0.0962,0.0296,3.1778,0.0666,0.577145,-0.816642,0
580,9.6667,0.09475,0.0282,3.2443,0.06655,0.573576,-0.819152,0
581,9.6833,0.099183,0.0279,3.3156,0.071283,0.569997,-0.821647,0
582,9.7,0.099767,0.0255,3.3899,0.074267,0.566406,-0.824126,0
583,9.7167,0.1008,0.0265,3.4642,0.0743,0.562805,-0.82659,0
584,9.7333,0.098767,0.0272,3.5358,0.071567,0.559193,-0.829038,0
585,9.75,0.099833,0.0281,3.6075,0.071733,0.55557,-0.83147,0
586,9.7667,0.1,0.0286,3.6789,0.0714,0.551937,-0.833886,0
587,9.7833,0.100367,0.0325,3.7468,0.067867,0.548293,-0.836286,0
588,9.8,0.09925,0.0262,3.8198,0.07305,0.544639,-0.838671,0
589,9.8167,0.104717,0.0264,3.8981,0.078317,0.540974,-0.841039,0
590,9.8333,0.09935,0.0286,3.9688,0.07075,0.5373,-0.843391,0
591,9.85,0.103917,0.027,4.0457,0.076917,0.533615,-0.845728,0
592,9.8667,0.10385,0.0245,4.125,0.07935,0.529919,-0.848048,0
593,9.8833,0.103033,0.0244,4.2036,0.078633,0.526214,-0.850352,0
594,9.9,0.099483,0.0277,4.2754,0.071783,0.522499,-0.85264,0
595,9.9167,0.106967,0.0228,4.3596,0.084167,0.518773,-0.854912,0
596,9.9333,0.10085,0.0276,4.4329,0.07325,0.515038,-0.857167,0
597,9.95,0.103467,0.0276,4.5088,0.075867,0.511293,-0.859406,0
598,9.9667,0.0999,0.0231,4.5856,0.0768,0.507538,-0.861629,0
599,9.9833,0.103217,0.0247,4.6641,0.078517,0.503774,-0.863836,0
600,10.0,0.105833,0.0255,4.7444,0.080333,0.5,-0.866025,0
601,10.0167,0.101633,0.025,4.821,0.076633,0.496217,-0.868199,0
602,10.0333,0.09675,0.0284,4.8893,0.06835,0.492424,-0.870356,0
603,10.05,0.100667,0.0257,4.9643,0.074967,0.488621,-0.872496,0
604,10.0667,0.104483,0.0253,5.0435,0.079183,0.48481,-0.87462,0
605,10.0833,0.102583,0.0248,5.1213,0.077783,0.480989,-0.876727,0
606,10.1,0.1059,0.0255,5.2017,0.0804,0.477159,-0.878817,0
607,10.1167,0.100183,0.0276,5.2743,0.072583,0.47332,-0.880891,0
608,10.1333,0.11025,0.0263,5.3582,0.08395,0.469472,-0.882948,0
609,10.15,0.104767,0.0234,5.4396,0.081367,0.465615,-0.884988,0
610,10.1667,0.1063,0.0274,5.5185,0.0789,0.461749,-0.887011,0
611,10.1833,0.106133,0.0291,5.5955,0.077033,0.457874,-0.889017,0
612,10.2,0.1054,0.031,5.6699,0.0744,0.45399,-0.891007,0
613,10.2167,0.106767,0.0212,5.7555,0.085567,0.450098,-0.892979,0
614,10.2333,0.105683,0.0225,5.8387,0.083183,0.446198,-0.894934,0
615,10.25,0.108783,0.027,5.9205,0.081783,0.442289,-0.896873,0
616,10.2667,0.112333,0.0276,6.0052,0.084733,0.438371,-0.898794,0
617,10.2833,0.110533,0.0299,6.0858,0.080633,0.434445,-0.900698,0
618,10.3,0.105467,0.0278,6.1635,0.077667,0.430511,-0.902585,0
619,10.3167,0.110067,0.0274,6.2462,0.082667,0.426569,-0.904455,0
620,10.3333,0.111933,0.0275,6.3306,0.084433,0.422618,-0.906308,0
621,10.35,0.109867,0.0254,6.4151,0.084467,0.41866,-0.908143,0
622,10.3667,0.112383,0.0265,6.501,0.085883,0.414693,-0.909961,0
623,10.3833,0.10685,0.0259,6.5819,0.08095,0.410719,-0.911762,0
624,10.4,0.113567,0.0278,6.6677,0.085767,0.406737,-0.913545,0
625,10.4167,0.109867,0.0265,6.7511,0.083367,0.402747,-0.915311,0
626,10.4333,0.106533,0.0284,6.8292,0.078133,0.398749,-0.91706,0
627,10.45,0.10845,0.0222,6.9155,0.08625,0.394744,-0.918791,0
628,10.4667,0.111017,0.0243,7.0022,0.086717,0.390731,-0.920505,0
629,10.4833,0.111167,0.0283,7.0851,0.082867,0.386711,-0.922201,0
630,10.5,0.108867,0.0231,7.1709,0.085767,0.382683,-0.92388,0
631,10.5167,0.109833,0.0256,7.2551,0.084233,0.378649,-0.925541,0
632,10.5333,0.109517,0.0262,7.3384,0.083317,0.374607,-0.927184,0
633,10.55,0.1077,0.0262,7.4199,0.0815,0.370557,-0.92881,0
634,10.5667,0.111017,0.0266,7.5043,0.084417,0.366501,-0.930418,0
635,10.5833,0.115283,0.0244,7.5952,0.090883,0.362438,-0.932008,0
636,10.6,0.11475,0.0254,7.6845,0.08935,0.358368,-0.93358,0
637,10.6167,0.115517,0.0257,7.7743,0.089817,0.354291,-0.935135,0
638,10.6333,0.1146,0.0265,7.8624,0.0881,0.350207,-0.936672,0
639,10.65,0.114767,0.027,7.9502,0.087767,0.346117,-0.938191,0
640,10.6667,0.116517,0.0301,8.0366,0.086417,0.34202,-0.939693,0
641,10.6833,0.110367,0.0266,8.1204,0.083767,0.337917,-0.941176,0
642,10.7,0.1153,0.0296,8.2061,0.0857,0.333807,-0.942641,0
643,10.7167,0.11325,0.0259,8.2934,0.08735,0.329691,-0.944089,0
644,10.7333,0.113633,0.0243,8.3827,0.089333,0.325568,-0.945519,0
645,10.75,0.110133,0.031,8.4618,0.079133,0.321439,-0.94693,0
646,10.7667,0.113717,0.0256,8.5499,0.088117,0.317305,-0.948324,0
647,10.7833,0.110733,0.0283,8.6323,0.082433,0.313164,-0.949699,0
648,10.8,0.107883,0.027,8.7132,0.080883,0.309017,-0.951057,0
649,10.8167,0.11445,0.0271,8.8005,0.08735,0.304864,-0.952396,0
650,10.8333,0.117917,0.0279,8.8905,0.090017,0.300706,-0.953717,0
651,10.85,0.113783,0.0242,8.9801,0.089583,0.296542,-0.95502,0
652,10.8667,0.120267,0.0271,9.0733,0.093167,0.292372,-0.956305,0
653,10.8833,0.1126,0.025,9.1609,0.0876,0.288196,-0.957571,0
654,10.9,0.112317,0.0236,9.2496,0.088717,0.284015,-0.95882,0
655,10.9167,0.112,0.0267,9.3349,0.0853,0.279829,-0.96005,0
656,10.9333,0.11835,0.0279,9.4253,0.09045,0.275637,-0.961262,0
657,10.95,0.11605,0.0296,9.5117,0.08645,0.27144,-0.962455,0
658,10.9667,0.115717,0.0286,9.5988,0.087117,0.267238,-0.96363,0
659,10.9833,0.1155,0.0274,9.6869,0.0881,0.263031,-0.964787,0
660,11.0,0.116317,0.0234,9.7798,0.092917,0.258819,-0.965926,0
661,11.0167,0.115283,0.0242,9.8709,0.091083,0.254602,-0.967046,0
662,11.0333,0.115717,0.0274,9.9592,0.088317,0.25038,-0.968148,0
663,11.05,0.117833,0.0239,10.0531,0.093933,0.246153,-0.969231,0
664,11.0667,0.115767,0.0275,10.1414,0.088267,0.241922,-0.970296,0
665,11.0833,0.111817,0.0236,10.2296,0.088217,0.237686,-0.971342,0
666,11.1,0.11575,0.0246,10.3208,0.09115,0.233445,-0.97237,0
667,11.1167,0.117083,0.0251,10.4128,0.091983,0.2292,-0.973379,0
668,11.1333,0.11575,0.0259,10.5027,0.08985,0.224951,-0.97437,0
669,11.15,0.1184,0.025,10.5961,0.0934,0.220697,-0.975342,0
670,11.1667,0.118667,0.0269,10.6879,0.091767,0.21644,-0.976296,0
671,11.1833,0.117133,0.0249,10.7801,0.092233,0.212178,-0.977231,0
672,11.2,0.117467,0.0281,10.8695,0.089367,0.207912,-0.978148,0
673,11.2167,0.11385,0.0256,10.9577,0.08825,0.203642,-0.979045,0
674,11.2333,0.115367,0.025,11.0481,0.090367,0.199368,-0.979925,0
675,11.25,0.124333,0.0253,11.1471,0.099033,0.19509,-0.980785,0
676,11.2667,0.115417,0.0262,11.2363,0.089217,0.190809,-0.981627,0
677,11.2833,0.117383,0.0293,11.3244,0.088083,0.186524,-0.98245,0
678,11.3,0.117883,0.0258,11.4165,0.092083,0.182236,-0.983255,0
679,11.3167,0.115867,0.0266,11.5058,0.089267,0.177944,-0.984041,0
680,11.3333,0.11885,0.0277,11.597,0.09115,0.173648,-0.984808,0
681,11.35,0.120233,0.0242,11.693,0.096033,0.16935,-0.985556,0
682,11.3667,0.118617,0.0243,11.7873,0.094317,0.165048,-0.986286,0
683,11.3833,0.11885,0.0251,11.8811,0.09375,0.160743,-0.986996,0
684,11.4,0.120033,0.0276,11.9735,0.092433,0.156434,-0.987688,0
685,11.4167,0.121483,0.0236,12.0714,0.097883,0.152123,-0.988362,0
686,11.4333,0.122033,0.0262,12.1672,0.095833,0.147809,-0.989016,0
687,11.45,0.12095,0.0249,12.2632,0.09605,0.143493,-0.989651,0
688,11.4667,0.118517,0.0286,12.3531,0.089917,0.139173,-0.990268,0
689,11.4833,0.122083,0.0258,12.4494,0.096283,0.134851,-0.990866,0
690,11.5,0.120033,0.0277,12.5417,0.092333,0.130526,-0.991445,0
691,11.5167,0.121767,0.0302,12.6333,0.091567,0.126199,-0.992005,0
692,11.5333,0.11875,0.0277,12.7244,0.09105,0.121869,-0.992546,0
693,11.55,0.122317,0.0284,12.8183,0.093917,0.117537,-0.993068,0
694,11.5667,0.1123,0.022,12.9086,0.0903,0.113203,-0.993572,0
695,11.5833,0.120767,0.029,13.0004,0.091767,0.108867,-0.994056,0
696,11.6,0.121683,0.0242,13.0979,0.097483,0.104528,-0.994522,0
697,11.6167,0.120183,0.026,13.1921,0.094183,0.100188,-0.994969,0
698,11.6333,0.116817,0.03,13.2789,0.086817,0.095846,-0.995396,0
699,11.65,0.114733,0.0269,13.3667,0.087833,0.091502,-0.995805,0
700,11.6667,0.117817,0.0259,13.4586,0.091917,0.087156,-0.996195,0
701,11.6833,0.120283,0.0289,13.55,0.091383,0.082808,-0.996566,0
702,11.7,0.1202,0.0293,13.6409,0.0909,0.078459,-0.996917,0
703,11.7167,0.118633,0.0245,13.735,0.094133,0.074108,-0.99725,0
704,11.7333,0.117983,0.0285,13.8245,0.089483,0.069756,-0.997564,0
705,11.75,0.119033,0.0254,13.9181,0.093633,0.065403,-0.997859,0
706,11.7667,0.120883,0.0289,14.0101,0.091983,0.061049,-0.998135,0
707,11.7833,0.1187,0.0287,14.1001,0.09,0.056693,-0.998392,0
708,11.8,0.121333,0.0281,14.1933,0.093233,0.052336,-0.99863,0
709,11.8167,0.1196,0.0293,14.2836,0.0903,0.047978,-0.998848,0
710,11.8333,0.114967,0.0283,14.3703,0.086667,0.043619,-0.999048,0
711,11.85,0.1179,0.0252,14.463,0.0927,0.03926,-0.999229,0
712,11.8667,0.122517,0.0257,14.5598,0.096817,0.034899,-0.999391,0
713,11.8833,0.119167,0.0259,14.6531,0.093267,0.030539,-0.999534,0
714,11.9,0.11875,0.0253,14.7466,0.09345,0.026177,-0.999657,0
715,11.9167,0.11905,0.026,14.8397,0.09305,0.021815,-0.999762,0
716,11.9333,0.118667,0.025,14.9334,0.093667,0.017452,-0.999848,0
717,11.95,0.118733,0.0265,15.0,0.092233,0.01309,-0.999914,0
718,11.9667,0.121783,0.026,15.0,0.095783,0.008727,-0.999962,0
719,11.9833,0.124633,0.0282,15.0,0.096433,0.004363,-0.99999,0
720,12.0,0.123767,0.0284,15.0,0.095367,0.0,-1.0,0
721,12.0167,0.118117,0.0257,15.0,0.092417,-0.004363,-0.99999,0
722,12.0333,0.1208,0.0286,15.0,0.0922,-0.008727,-0.999962,0
723,12.05,0.125267,0.0255,15.0,0.099767,-0.01309,-0.999914,0
724,12.0667,0.11945,0.0268,15.0,0.09265,-0.017452,-0.999848,0
725,12.0833,0.120833,0.0239,15.0,0.096933,-0.021815,-0.999762,0
726,12.1,0.118167,0.0268,15.0,0.091367,-0.026177,-0.999657,0
727,12.1167,0.121717,0.0302,15.0,0.091517,-0.030539,-0.999534,0
728,12.1333,0.1187,0.0246,15.0,0.0941,-0.034899,-0.999391,0
729,12.15,0.121033,0.0287,15.0,0.092333,-0.03926,-0.999229,0
730,12.1667,0.121767,0.0267,15.0,0.095067,-0.043619,-0.999048,0
731,12.1833,0.116067,0.0279,15.0,0.088167,-0.047978,-0.998848,0
732,12.2,0.119217,0.0269,15.0,0.092317,-0.052336,-0.99863,0
733,12.2167,0.12315,0.027,15.0,0.09615,-0.056693,-0.998392,0
734,12.2333,0.11905,0.0272,15.0,0.09185,-0.061049,-0.998135,0
735,12.25,0.117117,0.0246,15.0,0.092517,-0.065403,-0.997859,0
736,12.2667,0.117633,0.0266,15.0,0.091033,-0.069756,-0.997564,0
737,12.2833,0.117583,0.0293,15.0,0.088283,-0.074108,-0.99725,0
738,12.3,0.122367,0.0262,15.0,0.096167,-0.078459,-0.996917,0
739,12.3167,0.124783,0.0266,15.0,0.098183,-0.082808,-0.996566,0
740,12.3333,0.123517,0.0262,15.0,0.097317,-0.087156,-0.996195,0
741,12.35,0.119717,0.024,15.0,0.095717,-0.091502,-0.995805,0
742,12.3667,0.120217,0.0287,15.0,0.091517,-0.095846,-0.995396,0
743,12.3833,0.118767,0.0252,15.0,0.093567,-0.100188,-0.994969,0
744,12.4,0.117617,0.024,15.0,0.093617,-0.104528,-0.994522,0
745,12.4167,0.119367,0.0253,15.0,0.094067,-0.108867,-0.994056,0
746,12.4333,0.119517,0.029,15.0,0.090517,-0.113203,-0.993572,0
747,12.45,0.122083,0.0285,15.0,0.093583,-0.117537,-0.993068,0
748,12.4667,0.126033,0.0223,15.0,0.103733,-0.121869,-0.992546,0
749,12.4833,0.115683,0.0304,15.0,0.085283,-0.126199,-0.992005,0
750,12.5,0.121367,0.0272,15.0,0.094167,-0.130526,-0.991445,0
751,12.5167,0.11785,0.0291,15.0,0.08875,-0.134851,-0.990866,0
752,12.5333,0.116017,0.0258,15.0,0.090217,-0.139173,-0.990268,0
753,12.55,0.123183,0.0243,15.0,0.098883,-0.143493,-0.989651,0
754,12.5667,0.126433,0.0215,15.0,0.104933,-0.147809,-0.989016,0
755,12.5833,0.117217,0.0264,15.0,0.090817,-0.152123,-0.988362,0
756,12.6,0.121267,0.0266,15.0,0.094667,-0.156434,-0.987688,0
757,12.6167,0.11625,0.0268,15.0,0.08945,-0.160743,-0.986996,0
758,12.6333,0.118733,0.0261,15.0,0.092633,-0.165048,-0.986286,0
759,12.65,0.115,0.0265,15.0,0.0885,-0.16935,-0.985556,0
760,12.6667,0.11525,0.023,15.0,0.09225,-0.173648,-0.984808,0
761,12.6833,0.1164,0.0235,15.0,0.0929,-0.177944,-0.984041,0
762,12.7,0.11995,0.0254,15.0,0.09455,-0.182236,-0.983255,0
763,12.7167,0.1203,0.0268,15.0,0.0935,-0.186524,-0.98245,0
764,12.7333,0.119433,0.0259,15.0,0.093533,-0.190809,-0.981627,0
765,12.75,0.1158,0.0257,15.0,0.0901,-0.19509,-0.980785,0
766,12.7667,0.118833,0.0292,15.0,0.089633,-0.199368,-0.979925,0
767,12.7833,0.117983,0.0255,15.0,0.092483,-0.203642,-0.979045,0
768,12.8,0.119767,0.0291,15.0,0.090667,-0.207912,-0.978148,0
769,12.8167,0.115133,0.0277,15.0,0.087433,-0.212178,-0.977231,0
770,12.8333,0.114783,0.0253,15.0,0.089483,-0.21644,-0.976296,0
771,12.85,0.117883,0.0269,15.0,0.090983,-0.220697,-0.975342,0
772,12.8667,0.119083,0.0267,15.0,0.092383,-0.224951,-0.97437,0
773,12.8833,0.114133,0.0253,15.0,0.088833,-0.2292,-0.973379,0
774,12.9,0.117833,0.0279,15.0,0.089933,-0.233445,-0.97237,0
775,12.9167,0.117133,0.0256,15.0,0.091533,-0.237686,-0.971342,0
776,12.9333,0.11515,0.0253,15.0,0.08985,-0.241922,-0.970296,0
777,12.95,0.117783,0.0268,15.0,0.090983,-0.246153,-0.969231,0
778,12.9667,0.116967,0.0249,15.0,0.092067,-0.25038,-0.968148,0
779,12.9833,0.1152,0.0298,15.0,0.0854,-0.254602,-0.967046,0
780,13.0,0.118817,0.0219,15.0,0.096917,-0.258819,-0.965926,0
781,13.0167,0.116583,0.0275,15.0,0.089083,-0.263031,-0.964787,0
782,13.0333,0.114733,0.0267,15.0,0.088033,-0.267238,-0.96363,0
783,13.05,0.1174,0.0261,15.0,0.0913,-0.27144,-0.962455,0
784,13.0667,0.11615,0.0281,15.0,0.08805,-0.275637,-0.961262,0
785,13.0833,0.117317,0.0258,15.0,0.091517,-0.279829,-0.96005,0
786,13.1,0.117233,0.0254,15.0,0.091833,-0.284015,-0.95882,0
787,13.1167,0.115717,0.0257,15.0,0.090017,-0.288196,-0.957571,0
788,13.1333,0.113933,0.0252,15.0,0.088733,-0.292372,-0.956305,0
789,13.15,0.1133,0.0292,15.0,0.0841,-0.296542,-0.95502,0
790,13.1667,0.11135,0.0251,15.0,0.08625,-0.300706,-0.953717,0
791,13.1833,0.11535,0.0259,15.0,0.08945,-0.304864,-0.952396,0
792,13.2,0.113017,0.0255,15.0,0.087517,-0.309017,-0.951057,0
793,13.2167,0.11475,0.0242,15.0,0.09055,-0.313164,-0.949699,0
794,13.2333,0.112183,0.0266,15.0,0.085583,-0.317305,-0.948324,0
795,13.25,0.1156,0.0257,15.0,0.0899,-0.321439,-0.94693,0
796,13.2667,0.113117,0.0294,15.0,0.083717,-0.325568,-0.945519,0
797,13.2833,0.115483,0.0266,15.0,0.088883,-0.329691,-0.944089,0
798,13.3,0.111383,0.0216,15.0,0.089783,-0.333807,-0.942641,0
799,13.3167,0.1078,0.0201,15.0,0.0877,-0.337917,-0.941176,0
800,13.3333,0.113467,0.0242,15.0,0.089267,-0.34202,-0.939693,0
801,13.35,0.115783,0.0278,15.0,0.087983,-0.346117,-0.938191,0
802,13.3667,0.112483,0.0264,15.0,0.086083,-0.350207,-0.936672,0
803,13.3833,0.11265,0.0268,15.0,0.08585,-0.354291,-0.935135,0
804,13.4,0.112583,0.0277,15.0,0.084883,-0.358368,-0.93358,0
805,13.4167,0.110667,0.029,15.0,0.081667,-0.362438,-0.932008,0
806,13.4333,0.106317,0.0257,15.0,0.080617,-0.366501,-0.930418,0
807,13.45,0.115583,0.0276,15.0,0.087983,-0.370557,-0.92881,0
808,13.4667,0.116333,0.0238,15.0,0.092533,-0.374607,-0.927184,0
809,13.4833,0.107667,0.0269,15.0,0.080767,-0.378649,-0.925541,0
810,13.5,0.114683,0.0285,15.0,0.086183,-0.382683,-0.92388,0
811,13.5167,0.106833,0.0264,15.0,0.080433,-0.386711,-0.922201,0
812,13.5333,0.112417,0.023,15.0,0.089417,-0.390731,-0.920505,0
813,13.55,0.110483,0.0259,15.0,0.084583,-0.394744,-0.918791,0
814,13.5667,0.1124,0.0264,15.0,0.086,-0.398749,-0.91706,0
815,13.5833,0.108783,0.0269,15.0,0.081883,-0.402747,-0.915311,0
816,13.6,0.105233,0.0295,15.0,0.075733,-0.406737,-0.913545,0
817,13.6167,0.111167,0.0288,15.0,0.082367,-0.410719,-0.911762,0
818,13.6333,0.107383,0.0218,15.0,0.085583,-0.414693,-0.909961,0
819,13.65,0.112217,0.0262,15.0,0.086017,-0.41866,-0.908143,0
820,13.6667,0.106367,0.0241,15.0,0.082267,-0.422618,-0.906308,0
821,13.6833,0.108483,0.0266,15.0,0.081883,-0.426569,-0.904455,0
822,13.7,0.108517,0.0284,15.0,0.080117,-0.430511,-0.902585,0
823,13.7167,0.10915,0.0247,15.0,0.08445,-0.434445,-0.900698,0
824,13.7333,0.1096,0.0289,15.0,0.0807,-0.438371,-0.898794,0
825,13.75,0.10675,0.0298,15.0,0.07695,-0.442289,-0.896873,0
826,13.7667,0.109817,0.0279,15.0,0.081917,-0.446198,-0.894934,0
827,13.7833,0.1104,0.0284,15.0,0.082,-0.450098,-0.892979,0
828,13.8,0.106767,0.0289,15.0,0.077867,-0.45399,-0.891007,0
829,13.8167,0.108467,0.0242,15.0,0.084267,-0.457874,-0.889017,0
830,13.8333,0.106367,0.0266,15.0,0.079767,-0.461749,-0.887011,0
831,13.85,0.10545,0.0263,15.0,0.07915,-0.465615,-0.884988,0
832,13.8667,0.108217,0.0269,15.0,0.081317,-0.469472,-0.882948,0
833,13.8833,0.103117,0.0252,15.0,0.077917,-0.47332,-0.880891,0
834,13.9,0.105433,0.0267,15.0,0.078733,-0.477159,-0.878817,0
835,13.9167,0.1061,0.0261,15.0,0.08,-0.480989,-0.876727,0
836,13.9333,0.10525,0.0252,15.0,0.08005,-0.48481,-0.87462,0
837,13.95,0.102883,0.0241,15.0,0.078783,-0.488621,-0.872496,0
838,13.9667,0.101967,0.0252,15.0,0.076767,-0.492424,-0.870356,0
839,13.9833,0.1017,0.0247,15.0,0.077,-0.496217,-0.868199,0
840,14.0,0.101117,0.0272,15.0,0.073917,-0.5,-0.866025,0
841,14.0167,0.1058,0.0281,15.0,0.0777,-0.503774,-0.863836,0
842,14.0333,0.0978,0.0263,15.0,0.0715,-0.507538,-0.861629,0
843,14.05,0.097417,0.0283,15.0,0.069117,-0.511293,-0.859406,0
844,14.0667,0.1012,0.0242,15.0,0.077,-0.515038,-0.857167,0
845,14.0833,0.100917,0.0269,15.0,0.074017,-0.518773,-0.854912,0
846,14.1,0.10335,0.0269,15.0,0.07645,-0.522499,-0.85264,0
847,14.1167,0.097767,0.0286,15.0,0.069167,-0.526214,-0.850352,0
848,14.1333,0.0984,0.0277,15.0,0.0707,-0.529919,-0.848048,0
849,14.15,0.100867,0.0265,15.0,0.074367,-0.533615,-0.845728,0
850,14.1667,0.099433,0.025,15.0,0.074433,-0.5373,-0.843391,0
851,14.1833,0.101233,0.0298,15.0,0.071433,-0.540974,-0.841039,0
852,14.2,0.098517,0.0256,15.0,0.072917,-0.544639,-0.838671,0
853,14.2167,0.0987,0.027,15.0,0.0717,-0.548293,-0.836286,0
854,14.2333,0.10225,0.0261,15.0,0.07615,-0.551937,-0.833886,0
855,14.25,0.097667,0.0266,15.0,0.071067,-0.55557,-0.83147,0
856,14.2667,0.098133,0.028,15.0,0.070133,-0.559193,-0.829038,0
857,14.2833,0.101983,0.0271,15.0,0.074883,-0.562805,-0.82659,0
858,14.3,0.100417,0.0285,15.0,0.071917,-0.566406,-0.824126,0
859,14.3167,0.098117,0.0244,15.0,0.073717,-0.569997,-0.821647,0
860,14.3333,0.102683,0.029,15.0,0.073683,-0.573576,-0.819152,0
861,14.35,0.098367,0.0273,15.0,0.071067,-0.577145,-0.816642,0
862,14.3667,0.093133,0.025,15.0,0.068133,-0.580703,-0.814116,0
863,14.3833,0.095167,0.0262,15.0,0.068967,-0.58425,-0.811574,0
864,14.4,0.092533,0.0289,15.0,0.063633,-0.587785,-0.809017,0
865,14.4167,0.1059,0.0282,15.0,0.0777,-0.59131,-0.806445,0
866,14.4333,0.098533,0.0284,15.0,0.070133,-0.594823,-0.803857,0
867,14.45,0.096367,0.0275,15.0,0.068867,-0.598325,-0.801254,0
868,14.4667,0.091167,0.0284,15.0,0.062767,-0.601815,-0.798636,0
869,14.4833,0.096983,0.025,15.0,0.071983,-0.605294,-0.796002,0
870,14.5,0.094133,0.0257,15.0,0.068433,-0.608761,-0.793353,0
871,14.5167,0.097433,0.0277,15.0,0.069733,-0.612217,-0.79069,0
872,14.5333,0.095983,0.0244,15.0,0.071583,-0.615661,-0.788011,0
873,14.55,0.0948,0.0252,15.0,0.0696,-0.619094,-0.785317,0
874,14.5667,0.092833,0.0255,15.0,0.067333,-0.622515,-0.782608,0
875,14.5833,0.092133,0.0257,15.0,0.066433,-0.625923,-0.779884,0
876,14.6,0.0955,0.0272,15.0,0.0683,-0.62932,-0.777146,0
877,14.6167,0.091517,0.0264,15.0,0.065117,-0.632705,-0.774393,0
878,14.6333,0.0931,0.0277,15.0,0.0654,-0.636078,-0.771625,0
879,14.65,0.093167,0.0261,15.0,0.067067,-0.639439,-0.768842,0
880,14.6667,0.084483,0.0291,15.0,0.055383,-0.642788,-0.766044,0
881,14.6833,0.089117,0.0282,15.0,0.060917,-0.646124,-0.763232,0
882,14.7,0.088967,0.0293,15.0,0.059667,-0.649448,-0.760406,0
883,14.7167,0.088383,0.0237,15.0,0.064683,-0.65276,-0.757565,0
884,14.7333,0.0936,0.0228,15.0,0.0708,-0.656059,-0.75471,0
885,14.75,0.089367,0.0257,15.0,0.063667,-0.659346,-0.75184,0
886,14.7667,0.09315,0.023,15.0,0.07015,-0.66262,-0.748956,0
887,14.7833,0.091033,0.0276,15.0,0.063433,-0.665882,-0.746057,0
888,14.8,0.085283,0.026,15.0,0.059283,-0.669131,-0.743145,0
889,14.8167,0.090467,0.0262,15.0,0.064267,-0.672367,-0.740218,0
890,14.8333,0.09025,0.0295,15.0,0.06075,-0.67559,-0.737277,0
891,14.85,0.08435,0.0276,15.0,0.05675,-0.678801,-0.734323,0
892,14.8667,0.087,0.0265,15.0,0.0605,-0.681998,-0.731354,0
893,14.8833,0.0859,0.0279,15.0,0.058,-0.685183,-0.728371,0
894,14.9,0.086283,0.0288,15.0,0.057483,-0.688355,-0.725374,0
895,14.9167,0.086433,0.0274,15.0,0.059033,-0.691513,-0.722364,0
896,14.9333,0.085717,0.0278,15.0,0.057917,-0.694658,-0.71934,0
897,14.95,0.088983,0.0235,15.0,0.065483,-0.69779,-0.716302,0
898,14.9667,0.086433,0.0297,15.0,0.056733,-0.700909,-0.71325,0
899,14.9833,0.085517,0.0239,15.0,0.061617,-0.704015,-0.710185,0
900,15.0,0.084917,0.0245,15.0,0.060417,-0.707107,-0.707107,0
901,15.0167,0.080917,0.0273,15.0,0.053617,-0.710185,-0.704015,0
902,15.0333,0.080683,0.0281,15.0,0.052583,-0.71325,-0.700909,0
903,15.05,0.081967,0.0263,15.0,0.055667,-0.716302,-0.69779,0
904,15.0667,0.0845,0.0272,15.0,0.0573,-0.71934,-0.694658,0
905,15.0833,0.079967,0.0244,15.0,0.055567,-0.722364,-0.691513,0
906,15.1,0.082683,0.0253,15.0,0.057383,-0.725374,-0.688355,0
907,15.1167,0.0819,0.0248,15.0,0.0571,-0.728371,-0.685183,0
908,15.1333,0.080567,0.0244,15.0,0.056167,-0.731354,-0.681998,0
909,15.15,0.082117,0.0288,15.0,0.053317,-0.734323,-0.678801,0
910,15.1667,0.07915,0.0263,15.0,0.05285,-0.737277,-0.67559,0
911,15.1833,0.081567,0.0278,15.0,0.053767,-0.740218,-0.672367,0
912,15.2,0.08325,0.0259,15.0,0.05735,-0.743145,-0.669131,0
913,15.2167,0.07685,0.0256,15.0,0.05125,-0.746057,-0.665882,0
914,15.2333,0.0822,0.0292,15.0,0.053,-0.748956,-0.66262,0
915,15.25,0.084033,0.0264,15.0,0.057633,-0.75184,-0.659346,0
916,15.2667,0.076667,0.0276,15.0,0.049067,-0.75471,-0.656059,0
917,15.2833,0.079583,0.0263,15.0,0.053283,-0.757565,-0.65276,0
918,15.3,0.083367,0.0288,15.0,0.054567,-0.760406,-0.649448,0
919,15.3167,0.07755,0.0286,15.0,0.04895,-0.763232,-0.646124,0
920,15.3333,0.076517,0.0266,15.0,0.049917,-0.766044,-0.642788,0
921,15.35,0.077567,0.0257,15.0,0.051867,-0.768842,-0.639439,0
922,15.3667,0.082217,0.0264,15.0,0.055817,-0.771625,-0.636078,0
923,15.3833,0.075283,0.0282,15.0,0.047083,-0.774393,-0.632705,0
924,15.4,0.0754,0.0263,15.0,0.0491,-0.777146,-0.62932,0
925,15.4167,0.075067,0.0292,15.0,0.045867,-0.779884,-0.625923,0
926,15.4333,0.070517,0.029,15.0,0.041517,-0.782608,-0.622515,0
927,15.45,0.073783,0.0223,15.0,0.051483,-0.785317,-0.619094,0
928,15.4667,0.0717,0.0225,15.0,0.0492,-0.788011,-0.615661,0
929,15.4833,0.071,0.0275,15.0,0.0435,-0.79069,-0.612217,0
930,15.5,0.067667,0.0253,15.0,0.042367,-0.793353,-0.608761,0
931,15.5167,0.072717,0.0234,15.0,0.049317,-0.796002,-0.605294,0
932,15.5333,0.066733,0.028,15.0,0.038733,-0.798636,-0.601815,0
933,15.55,0.072317,0.0216,15.0,0.050717,-0.801254,-0.598325,0
934,15.5667,0.071117,0.0256,15.0,0.045517,-0.803857,-0.594823,0
935,15.5833,0.071517,0.0229,15.0,0.048617,-0.806445,-0.59131,0
936,15.6,0.070033,0.0225,15.0,0.047533,-0.809017,-0.587785,0
937,15.6167,0.072067,0.0244,15.0,0.047667,-0.811574,-0.58425,0
938,15.6333,0.069883,0.0276,15.0,0.042283,-0.814116,-0.580703,0
939,15.65,0.069717,0.0288,15.0,0.040917,-0.816642,-0.577145,0
940,15.6667,0.068583,0.0204,15.0,0.048183,-0.819152,-0.573576,0
941,15.6833,0.065283,0.0232,15.0,0.042083,-0.821647,-0.569997,0
942,15.7,0.067717,0.0275,15.0,0.040217,-0.824126,-0.566406,0
943,15.7167,0.070017,0.0273,15.0,0.042717,-0.82659,-0.562805,0
944,15.7333,0.0699,0.0259,15.0,0.044,-0.829038,-0.559193,0
945,15.75,0.063433,0.0292,15.0,0.034233,-0.83147,-0.55557,0
946,15.7667,0.06205,0.0265,15.0,0.03555,-0.833886,-0.551937,0
947,15.7833,0.065017,0.0312,15.0,0.033817,-0.836286,-0.548293,0
948,15.8,0.068917,0.0227,15.0,0.046217,-0.838671,-0.544639,0
949,15.8167,0.06245,0.0245,15.0,0.03795,-0.841039,-0.540974,0
950,15.8333,0.069617,0.0297,15.0,0.039917,-0.843391,-0.5373,0
951,15.85,0.06515,0.0268,15.0,0.03835,-0.845728,-0.533615,0
952,15.8667,0.0598,0.0249,15.0,0.0349,-0.848048,-0.529919,0
953,15.8833,0.06855,0.0247,15.0,0.04385,-0.850352,-0.526214,0
954,15.9,0.06265,0.0281,15.0,0.03455,-0.85264,-0.522499,0
955,15.9167,0.063,0.0259,15.0,0.0371,-0.854912,-0.518773,0
956,15.9333,0.0616,0.0196,15.0,0.042,-0.857167,-0.515038,0
957,15.95,0.06355,0.031,15.0,0.03255,-0.859406,-0.511293,0
958,15.9667,0.059,0.0222,15.0,0.0368,-0.861629,-0.507538,0
959,15.9833,0.0602,0.0267,15.0,0.0335,-0.863836,-0.503774,0
960,16.0,0.059033,0.0259,15.0,0.033133,-0.866025,-0.5,0
961,16.0167,0.06125,0.0277,15.0,0.03355,-0.868199,-0.496217,0
962,16.0333,0.057217,0.0274,15.0,0.029817,-0.870356,-0.492424,0
963,16.05,0.059017,0.0234,15.0,0.035617,-0.872496,-0.488621,0
964,16.0667,0.057717,0.024,15.0,0.033717,-0.87462,-0.48481,0
965,16.0833,0.0569,0.0273,15.0,0.0296,-0.876727,-0.480989,0
966,16.1,0.062233,0.0246,15.0,0.037633,-0.878817,-0.477159,0
967,16.1167,0.04815,0.0224,15.0,0.02575,-0.880891,-0.47332,0
968,16.1333,0.05865,0.0262,15.0,0.03245,-0.882948,-0.469472,0
969,16.15,0.05415,0.0266,15.0,0.02755,-0.884988,-0.465615,0
970,16.1667,0.0582,0.0253,15.0,0.0329,-0.887011,-0.461749,0
971,16.1833,0.059467,0.025,15.0,0.034467,-0.889017,-0.457874,0
972,16.2,0.053333,0.0278,15.0,0.025533,-0.891007,-0.45399,0
973,16.2167,0.058067,0.0256,15.0,0.032467,-0.892979,-0.450098,0
974,16.2333,0.0539,0.0249,15.0,0.029,-0.894934,-0.446198,0
975,16.25,0.05385,0.0242,15.0,0.02965,-0.896873,-0.442289,0
976,16.2667,0.052667,0.0256,15.0,0.027067,-0.898794,-0.438371,0
977,16.2833,0.04955,0.0251,15.0,0.02445,-0.900698,-0.434445,0
978,16.3,0.054,0.0247,15.0,0.0293,-0.902585,-0.430511,0
979,16.3167,0.051367,0.0239,15.0,0.027467,-0.904455,-0.426569,0
980,16.3333,0.052617,0.0262,15.0,0.026417,-0.906308,-0.422618,0
981,16.35,0.0506,0.0255,15.0,0.0251,-0.908143,-0.41866,0
982,16.3667,0.049917,0.0289,15.0,0.021017,-0.909961,-0.414693,0
983,16.3833,0.049883,0.0281,15.0,0.021783,-0.911762,-0.410719,0
984,16.4,0.053717,0.0258,15.0,0.027917,-0.913545,-0.406737,0
985,16.4167,0.049083,0.0259,15.0,0.023183,-0.915311,-0.402747,0
986,16.4333,0.04585,0.028,15.0,0.01785,-0.91706,-0.398749,0
987,16.45,0.049083,0.0262,15.0,0.022883,-0.918791,-0.394744,0
988,16.4667,0.046717,0.0261,15.0,0.020617,-0.920505,-0.390731,0
989,16.4833,0.04955,0.0301,15.0,0.01945,-0.922201,-0.386711,0
990,16.5,0.0446,0.0257,15.0,0.0189,-0.92388,-0.382683,0
991,16.5167,0.043583,0.0262,15.0,0.017383,-0.925541,-0.378649,0
992,16.5333,0.0468,0.0255,15.0,0.0213,-0.927184,-0.374607,0
993,16.55,0.044317,0.0233,15.0,0.021017,-0.92881,-0.370557,0
994,16.5667,0.043067,0.027,15.0,0.016067,-0.930418,-0.366501,0
995,16.5833,0.045367,0.0257,15.0,0.019667,-0.932008,-0.362438,0
996,16.6,0.042783,0.0251,15.0,0.017683,-0.93358,-0.358368,0
997,16.6167,0.042283,0.0251,15.0,0.017183,-0.935135,-0.354291,0
998,16.6333,0.038683,0.0263,15.0,0.012383,-0.936672,-0.350207,0
999,16.65,0.040317,0.029,15.0,0.011317,-0.938191,-0.346117,0
1000,16.6667,0.037367,0.0254,15.0,0.011967,-0.939693,-0.34202,0
1001,16.6833,0.0363,0.0247,15.0,0.0116,-0.941176,-0.337917,0
1002,16.7,0.040133,0.024,15.0,0.016133,-0.942641,-0.333807,0
1003,16.7167,0.037117,0.03,15.0,0.007117,-0.944089,-0.329691,0
1004,16.7333,0.0391,0.0243,15.0,0.0148,-0.945519,-0.325568,0
1005,16.75,0.0376,0.0265,15.0,0.0111,-0.94693,-0.321439,0
1006,16.7667,0.0396,0.0238,15.0,0.0158,-0.948324,-0.317305,0
1007,16.7833,0.0371,0.0221,15.0,0.015,-0.949699,-0.313164,0
1008,16.8,0.03835,0.0273,15.0,0.01105,-0.951057,-0.309017,0
1009,16.8167,0.0374,0.0285,15.0,0.0089,-0.952396,-0.304864,0
1010,16.8333,0.03785,0.0266,15.0,0.01125,-0.953717,-0.300706,0
1011,16.85,0.03605,0.0266,15.0,0.00945,-0.95502,-0.296542,0
1012,16.8667,0.035833,0.0266,15.0,0.009233,-0.956305,-0.292372,0
1013,16.8833,0.035483,0.026,15.0,0.009483,-0.957571,-0.288196,0
1014,16.9,0.03225,0.1009,14.9314,-0.06865,-0.95882,-0.284015,0
1015,16.9167,0.03435,0.0982,14.8675,-0.06385,-0.96005,-0.279829,0
1016,16.9333,0.03695,0.1001,14.8043,-0.06315,-0.961262,-0.275637,0
1017,16.95,0.03095,0.0982,14.737,-0.06725,-0.962455,-0.27144,0
1018,16.9667,0.03115,0.1007,14.6675,-0.06955,-0.96363,-0.267238,0
1019,16.9833,0.034567,0.1,14.6021,-0.065433,-0.964787,-0.263031,0
1020,17.0,0.029467,0.1004,14.5312,-0.070933,-0.965926,-0.258819,0
1021,17.0167,0.03105,0.1003,14.4619,-0.06925,-0.967046,-0.254602,0
1022,17.0333,0.032833,0.0997,14.395,-0.066867,-0.968148,-0.25038,0
1023,17.05,0.032633,0.097,14.3306,-0.064367,-0.969231,-0.246153,0
1024,17.0667,0.030183,0.0998,14.261,-0.069617,-0.970296,-0.241922,0
1025,17.0833,0.030017,0.1001,14.1909,-0.070083,-0.971342,-0.237686,0
1026,17.1,0.028917,0.0975,14.1223,-0.068583,-0.97237,-0.233445,0
1027,17.1167,0.0225,0.1014,14.0434,-0.0789,-0.973379,-0.2292,0
1028,17.1333,0.029817,0.0983,13.9749,-0.068483,-0.97437,-0.224951,0
1029,17.15,0.027567,0.0979,13.9046,-0.070333,-0.975342,-0.220697,0
1030,17.1667,0.028367,0.0963,13.8367,-0.067933,-0.976296,-0.21644,0
1031,17.1833,0.027683,0.1028,13.7616,-0.075117,-0.977231,-0.212178,0
1032,17.2,0.023917,0.1015,13.684,-0.077583,-0.978148,-0.207912,0
1033,17.2167,0.0239,0.0986,13.6093,-0.0747,-0.979045,-0.203642,0
1034,17.2333,0.023533,0.0984,13.5344,-0.074867,-0.979925,-0.199368,0
1035,17.25,0.0223,0.0991,13.4576,-0.0768,-0.980785,-0.19509,0
1036,17.2667,0.026267,0.1001,13.3838,-0.073833,-0.981627,-0.190809,0
1037,17.2833,0.02435,0.1042,13.304,-0.07985,-0.98245,-0.186524,0
1038,17.3,0.022417,0.1016,13.2248,-0.079183,-0.983255,-0.182236,0
1039,17.3167,0.0183,0.0984,13.1447,-0.0801,-0.984041,-0.177944,0
1040,17.3333,0.023,0.0983,13.0694,-0.0753,-0.984808,-0.173648,0
1041,17.35,0.02375,0.0992,12.9939,-0.07545,-0.985556,-0.16935,0
1042,17.3667,0.022,0.0996,12.9163,-0.0776,-0.986286,-0.165048,0
1043,17.3833,0.021617,0.0993,12.8386,-0.077683,-0.986996,-0.160743,0
1044,17.4,0.018217,0.0984,12.7584,-0.080183,-0.987688,-0.156434,0
1045,17.4167,0.015983,0.0952,12.6792,-0.079217,-0.988362,-0.152123,0
1046,17.4333,0.01595,0.0981,12.597,-0.08215,-0.989016,-0.147809,0
1047,17.45,0.02095,0.0984,12.5195,-0.07745,-0.989651,-0.143493,0
1048,17.4667,0.014617,0.1013,12.4328,-0.086683,-0.990268,-0.139173,0
1049,17.4833,0.011633,0.1015,12.3429,-0.089867,-0.990866,-0.134851,0
1050,17.5,0.013483,0.0997,12.2567,-0.086217,-0.991445,-0.130526,0
1051,17.5167,0.008133,0.0994,12.1654,-0.091267,-0.992005,-0.126199,0
1052,17.5333,0.01515,0.1005,12.08,-0.08535,-0.992546,-0.121869,0
1053,17.55,0.0125,0.1021,11.9904,-0.0896,-0.993068,-0.117537,0
1054,17.5667,0.017083,0.101,11.9065,-0.083917,-0.993572,-0.113203,0
1055,17.5833,0.00905,0.1011,11.8144,-0.09205,-0.994056,-0.108867,0
1056,17.6,0.011783,0.1004,11.7258,-0.088617,-0.994522,-0.104528,0
1057,17.6167,0.012683,0.0281,11.7104,-0.015417,-0.994969,-0.100188,0
1058,17.6333,0.01305,0.0275,11.6959,-0.01445,-0.995396,-0.095846,0
1059,17.65,0.013833,0.024,11.6857,-0.010167,-0.995805,-0.091502,0
1060,17.6667,0.007333,0.0258,11.6672,-0.018467,-0.996195,-0.087156,0
1061,17.6833,0.0089,0.0264,11.6497,-0.0175,-0.996566,-0.082808,0
1062,17.7,0.007933,0.0296,11.628,-0.021667,-0.996917,-0.078459,0
1063,17.7167,0.0118,0.0268,11.613,-0.015,-0.99725,-0.074108,0
1064,17.7333,0.0061,0.0235,11.5956,-0.0174,-0.997564,-0.069756,0
1065,17.75,0.007867,0.0274,11.5761,-0.019533,-0.997859,-0.065403,0
1066,17.7667,0.012283,0.0292,11.5592,-0.016917,-0.998135,-0.061049,0
1067,17.7833,0.009,0.026,11.5422,-0.017,-0.998392,-0.056693,0
1068,17.8,0.00355,0.0243,11.5214,-0.02075,-0.99863,-0.052336,0
1069,17.8167,0.00695,0.0261,11.5023,-0.01915,-0.998848,-0.047978,0
1070,17.8333,0.0022,0.0267,11.4778,-0.0245,-0.999048,-0.043619,0
1071,17.85,0.00215,0.0273,11.4527,-0.02515,-0.999229,-0.03926,0
1072,17.8667,0.00755,0.027,11.4333,-0.01945,-0.999391,-0.034899,0
1073,17.8833,0.005233,0.0266,11.4119,-0.021367,-0.999534,-0.030539,0
1074,17.9,0.004283,0.0238,11.3924,-0.019517,-0.999657,-0.026177,0
1075,17.9167,0.001683,0.025,11.3691,-0.023317,-0.999762,-0.021815,0
1076,17.9333,0.0053,0.0258,11.3486,-0.0205,-0.999848,-0.017452,0
1077,17.95,0.0,0.0273,11.3213,-0.0273,-0.999914,-0.01309,0
1078,17.9667,0.00435,0.0308,11.2949,-0.02645,-0.999962,-0.008727,0
1079,17.9833,0.00235,0.0268,11.2705,-0.02445,-0.99999,-0.004363,0
1080,18.0,0.0,0.0652,11.2053,-0.0652,-1.0,-0.0,0
1081,18.0167,0.0,0.061,11.1443,-0.061,-0.99999,0.004363,0
1082,18.0333,0.0,0.0584,11.0859,-0.0584,-0.999962,0.008727,0
1083,18.05,0.0,0.0614,11.0245,-0.0614,-0.999914,0.01309,0
1084,18.0667,0.0,0.1303,10.8942,-0.1303,-0.999848,0.017452,0
1085,18.0833,0.0,0.1238,10.7704,-0.1238,-0.999762,0.021815,0
1086,18.1,0.0,0.1281,10.6423,-0.1281,-0.999657,0.026177,0
1087,18.1167,0.0,0.1281,10.5142,-0.1281,-0.999534,0.030539,0
1088,18.1333,0.0,0.1273,10.3869,-0.1273,-0.999391,0.034899,0
1089,18.15,0.0,0.1222,10.2647,-0.1222,-0.999229,0.03926,0
1090,18.1667,0.0,0.1267,10.138,-0.1267,-0.999048,0.043619,0
1091,18.1833,0.0,0.1267,10.0113,-0.1267,-0.998848,0.047978,0
1092,18.2,0.0,0.1282,9.8831,-0.1282,-0.99863,0.052336,0
1093,18.2167,0.0,0.127,9.7561,-0.127,-0.998392,0.056693,0
1094,18.2333,0.0,0.1287,9.6274,-0.1287,-0.998135,0.061049,0
1095,18.25,0.0,0.1279,9.4995,-0.1279,-0.997859,0.065403,0
1096,18.2667,0.0,0.1298,9.3697,-0.1298,-0.997564,0.069756,0
1097,18.2833,0.0,0.1263,9.2434,-0.1263,-0.99725,0.074108,0
1098,18.3,0.0,0.1263,9.1171,-0.1263,-0.996917,0.078459,0
1099,18.3167,0.0,0.1288,8.9883,-0.1288,-0.996566,0.082808,0
1100,18.3333,0.0,0.1269,8.8614,-0.1269,-0.996195,0.087156,0
1101,18.35,0.0,0.1258,8.7356,-0.1258,-0.995805,0.091502,0
1102,18.3667,0.0,0.1277,8.6079,-0.1277,-0.995396,0.095846,0
1103,18.3833,0.0,0.1305,8.4774,-0.1305,-0.994969,0.100188,0
1104,18.4,0.0,0.1279,8.3495,-0.1279,-0.994522,0.104528,0
1105,18.4167,0.0,0.1257,8.2238,-0.1257,-0.994056,0.108867,0
1106,18.4333,0.0,0.1293,8.0945,-0.1293,-0.993572,0.113203,0
1107,18.45,0.0,0.1269,7.9676,-0.1269,-0.993068,0.117537,0
1108,18.4667,0.0,0.1276,7.84,-0.1276,-0.992546,0.121869,0
1109,18.4833,0.0,0.1269,7.7131,-0.1269,-0.992005,0.126199,0
1110,18.5,0.0,0.1309,7.5822,-0.1309,-0.991445,0.130526,0
1111,18.5167,0.0,0.1293,7.4529,-0.1293,-0.990866,0.134851,0
1112,18.5333,0.0,0.1271,7.3258,-0.1271,-0.990268,0.139173,0
1113,18.55,0.0,0.1278,7.198,-0.1278,-0.989651,0.143493,0
1114,18.5667,0.0,0.1279,7.0701,-0.1279,-0.989016,0.147809,0
1115,18.5833,0.0,0.127,6.9431,-0.127,-0.988362,0.152123,0
1116,18.6,0.0,0.1276,6.8155,-0.1276,-0.987688,0.156434,0
1117,18.6167,0.0,0.1267,6.6888,-0.1267,-0.986996,0.160743,0
1118,18.6333,0.0,0.132,6.5568,-0.132,-0.986286,0.165048,0
1119,18.65,0.0,0.1272,6.4296,-0.1272,-0.985556,0.16935,0
1120,18.6667,0.0,0.1342,6.2954,-0.1342,-0.984808,0.173648,0
1121,18.6833,0.0,0.1283,6.1671,-0.1283,-0.984041,0.177944,0
1122,18.7,0.0,0.1267,6.0404,-0.1267,-0.983255,0.182236,0
1123,18.7167,0.0,0.1278,5.9126,-0.1278,-0.98245,0.186524,0
1124,18.7333,0.0,0.1304,5.7822,-0.1304,-0.981627,0.190809,0
1125,18.75,0.0,0.1288,5.6534,-0.1288,-0.980785,0.19509,0
1126,18.7667,0.0,0.1283,5.5251,-0.1283,-0.979925,0.199368,0
1127,18.7833,0.0,0.1258,5.3993,-0.1258,-0.979045,0.203642,0
1128,18.8,0.0,0.1267,5.2726,-0.1267,-0.978148,0.207912,0
1129,18.8167,0.0,0.1264,5.1462,-0.1264,-0.977231,0.212178,0
1130,18.8333,0.0,0.1286,5.0176,-0.1286,-0.976296,0.21644,0
1131,18.85,0.0,0.1318,4.8858,-0.1318,-0.975342,0.220697,0
1132,18.8667,0.0,0.1241,4.7617,-0.1241,-0.97437,0.224951,0
1133,18.8833,0.0,0.13,4.6317,-0.13,-0.973379,0.2292,0
1134,18.9,0.0,0.128,4.5037,-0.128,-0.97237,0.233445,0
1135,18.9167,0.0,0.1268,4.3769,-0.1268,-0.971342,0.237686,0
1136,18.9333,0.0,0.1271,4.2498,-0.1271,-0.970296,0.241922,0
1137,18.95,0.0,0.129,4.1208,-0.129,-0.969231,0.246153,0
1138,18.9667,0.0,0.1246,3.9962,-0.1246,-0.968148,0.25038,0
1139,18.9833,0.0,0.1272,3.869,-0.1272,-0.967046,0.254602,0
1140,19.0,0.0,0.1279,3.7411,-0.1279,-0.965926,0.258819,0
1141,19.0167,0.0,0.1276,3.6135,-0.1276,-0.964787,0.263031,0
1142,19.0333,0.0,0.1282,3.4853,-0.1282,-0.96363,0.267238,0
1143,19.05,0.0,0.1272,3.3581,-0.1272,-0.962455,0.27144,0
1144,19.0667,0.0,0.1244,3.2337,-0.1244,-0.961262,0.275637,0
1145,19.0833,0.0,0.1265,3.1072,-0.1265,-0.96005,0.279829,0
1146,19.1,0.0,0.1306,2.9766,-0.1306,-0.95882,0.284015,0
1147,19.1167,0.0,0.1285,2.8481,-0.1285,-0.957571,0.288196,0
1148,19.1333,0.0,0.1277,2.7204,-0.1277,-0.956305,0.292372,0
1149,19.15,0.0,0.1293,2.5911,-0.1293,-0.95502,0.296542,0
1150,19.1667,0.0,0.1294,2.4617,-0.1294,-0.953717,0.300706,0
1151,19.1833,0.0,0.1274,2.3343,-0.1274,-0.952396,0.304864,0
1152,19.2,0.0,0.1309,2.2034,-0.1309,-0.951057,0.309017,0
1153,19.2167,0.0,0.128,2.0754,-0.128,-0.949699,0.313164,0
1154,19.2333,0.0,0.1266,1.9488,-0.1266,-0.948324,0.317305,0
1155,19.25,0.0,0.1309,1.8179,-0.1309,-0.94693,0.321439,0
1156,19.2667,0.0,0.1267,1.6912,-0.1267,-0.945519,0.325568,0
1157,19.2833,0.0,0.1256,1.5656,-0.1256,-0.944089,0.329691,0
1158,19.3,0.0,0.126,1.4396,-0.126,-0.942641,0.333807,0
1159,19.3167,0.0,0.1283,1.3113,-0.1283,-0.941176,0.337917,0
1160,19.3333,0.0,0.1219,1.1894,-0.1219,-0.939693,0.34202,0
1161,19.35,0.0,0.1276,1.0618,-0.1276,-0.938191,0.346117,0
1162,19.3667,0.0,0.1299,0.9319,-0.1299,-0.936672,0.350207,0
1163,19.3833,0.0,0.1266,0.8053,-0.1266,-0.935135,0.354291,0
1164,19.4,0.0,0.1303,0.675,-0.1303,-0.93358,0.358368,0
1165,19.4167,0.0,0.1287,0.5463,-0.1287,-0.932008,0.362438,0
1166,19.4333,0.0,0.1294,0.4169,-0.1294,-0.930418,0.366501,0
1167,19.45,0.0,0.129,0.2879,-0.129,-0.92881,0.370557,0
1168,19.4667,0.0,0.1301,0.1578,-0.1301,-0.927184,0.374607,0
1169,19.4833,0.0,0.0632,0.0946,-0.0632,-0.925541,0.378649,0
1170,19.5,0.0,0.0584,0.0362,-0.0584,-0.92388,0.382683,0
1171,19.5167,0.0,0.0601,0.0,-0.0601,-0.922201,0.386711,1
1172,19.5333,0.0,0.0602,0.0,-0.0602,-0.920505,0.390731,1
1173,19.55,0.0,0.0607,0.0,-0.0607,-0.918791,0.394744,1
1174,19.5667,0.0,0.0607,0.0,-0.0607,-0.91706,0.398749,1
1175,19.5833,0.0,0.0613,0.0,-0.0613,-0.915311,0.402747,1
1176,19.6,0.0,0.0594,0.0,-0.0594,-0.913545,0.406737,1
1177,19.6167,0.0,0.0605,0.0,-0.0605,-0.911762,0.410719,1
1178,19.6333,0.0,0.0579,0.0,-0.0579,-0.909961,0.414693,1
1179,19.65,0.0,0.0606,0.0,-0.0606,-0.908143,0.41866,1
1180,19.6667,0.0,0.0566,0.0,-0.0566,-0.906308,0.422618,1
1181,19.6833,0.0,0.0591,0.0,-0.0591,-0.904455,0.426569,1
1182,19.7,0.0,0.0592,0.0,-0.0592,-0.902585,0.430511,1
1183,19.7167,0.0,0.0605,0.0,-0.0605,-0.900698,0.434445,1
1184,19.7333,0.0,0.0588,0.0,-0.0588,-0.898794,0.438371,1
1185,19.75,0.0,0.0597,0.0,-0.0597,-0.896873,0.442289,1
1186,19.7667,0.0,0.061,0.0,-0.061,-0.894934,0.446198,1
1187,19.7833,0.0,0.0609,0.0,-0.0609,-0.892979,0.450098,1
1188,19.8,0.0,0.062,0.0,-0.062,-0.891007,0.45399,1
1189,19.8167,0.0,0.0598,0.0,-0.0598,-0.889017,0.457874,1
1190,19.8333,0.0,0.0592,0.0,-0.0592,-0.887011,0.461749,1
1191,19.85,0.0,0.0602,0.0,-0.0602,-0.884988,0.465615,1
1192,19.8667,0.0,0.0582,0.0,-0.0582,-0.882948,0.469472,1
1193,19.8833,0.0,0.06,0.0,-0.06,-0.880891,0.47332,1
1194,19.9,0.0,0.0591,0.0,-0.0591,-0.878817,0.477159,1
1195,19.9167,0.0,0.0609,0.0,-0.0609,-0.876727,0.480989,1
1196,19.9333,0.0,0.0594,0.0,-0.0594,-0.87462,0.48481,1
1197,19.95,0.0,0.0562,0.0,-0.0562,-0.872496,0.488621,1
1198,19.9667,0.0,0.06,0.0,-0.06,-0.870356,0.492424,1
1199,19.9833,0.0,0.0605,0.0,-0.0605,-0.868199,0.496217,1
1200,20.0,0.0,0.0606,0.0,-0.0606,-0.866025,0.5,1
1201,20.0167,0.0,0.0604,0.0,-0.0604,-0.863836,0.503774,1
1202,20.0333,0.0,0.064,0.0,-0.064,-0.861629,0.507538,1
1203,20.05,0.0,0.0604,0.0,-0.0604,-0.859406,0.511293,1
1204,20.0667,0.0,0.0594,0.0,-0.0594,-0.857167,0.515038,1
1205,20.0833,0.0,0.0587,0.0,-0.0587,-0.854912,0.518773,1
1206,20.1,0.0,0.0615,0.0,-0.0615,-0.85264,0.522499,1
1207,20.1167,0.0,0.0623,0.0,-0.0623,-0.850352,0.526214,1
1208,20.1333,0.0,0.0597,0.0,-0.0597,-0.848048,0.529919,1
1209,20.15,0.0,0.0594,0.0,-0.0594,-0.845728,0.533615,1
1210,20.1667,0.0,0.0603,0.0,-0.0603,-0.843391,0.5373,1
1211,20.1833,0.0,0.0589,0.0,-0.0589,-0.841039,0.540974,1
1212,20.2,0.0,0.061,0.0,-0.061,-0.838671,0.544639,1
1213,20.2167,0.0,0.0607,0.0,-0.0607,-0.836286,0.548293,1
1214,20.2333,0.0,0.0591,0.0,-0.0591,-0.833886,0.551937,1
1215,20.25,0.0,0.0592,0.0,-0.0592,-0.83147,0.55557,1
1216,20.2667,0.0,0.0585,0.0,-0.0585,-0.829038,0.559193,1
1217,20.2833,0.0,0.0562,0.0,-0.0562,-0.82659,0.562805,1
1218,20.3,0.0,0.0626,0.0,-0.0626,-0.824126,0.566406,1
1219,20.3167,0.0,0.0609,0.0,-0.0609,-0.821647,0.569997,1
1220,20.3333,0.0,0.0585,0.0,-0.0585,-0.819152,0.573576,1
1221,20.35,0.0,0.0598,0.0,-0.0598,-0.816642,0.577145,1
1222,20.3667,0.0,0.0598,0.0,-0.0598,-0.814116,0.580703,1
1223,20.3833,0.0,0.0602,0.0,-0.0602,-0.811574,0.58425,1
1224,20.4,0.0,0.0607,0.0,-0.0607,-0.809017,0.587785,1
1225,20.4167,0.0,0.0581,0.0,-0.0581,-0.806445,0.59131,1
1226,20.4333,0.0,0.058,0.0,-0.058,-0.803857,0.594823,1
1227,20.45,0.0,0.0638,0.0,-0.0638,-0.801254,0.598325,1
1228,20.4667,0.0,0.062,0.0,-0.062,-0.798636,0.601815,1
1229,20.4833,0.0,0.0616,0.0,-0.0616,-0.796002,0.605294,1
1230,20.5,0.0,0.0607,0.0,-0.0607,-0.793353,0.608761,1
1231,20.5167,0.0,0.0617,0.0,-0.0617,-0.79069,0.612217,1
1232,20.5333,0.0,0.062,0.0,-0.062,-0.788011,0.615661,1
1233,20.55,0.0,0.0632,0.0,-0.0632,-0.785317,0.619094,1
1234,20.5667,0.0,0.0618,0.0,-0.0618,-0.782608,0.622515,1
1235,20.5833,0.0,0.0599,0.0,-0.0599,-0.779884,0.625923,1
1236,20.6,0.0,0.0601,0.0,-0.0601,-0.777146,0.62932,1
1237,20.6167,0.0,0.0595,0.0,-0.0595,-0.774393,0.632705,1
1238,20.6333,0.0,0.0638,0.0,-0.0638,-0.771625,0.636078,1
1239,20.65,0.0,0.0623,0.0,-0.0623,-0.768842,0.639439,1
1240,20.6667,0.0,0.0569,0.0,-0.0569,-0.766044,0.642788,1
1241,20.6833,0.0,0.0625,0.0,-0.0625,-0.763232,0.646124,1
1242,20.7,0.0,0.0649,0.0,-0.0649,-0.760406,0.649448,1
1243,20.7167,0.0,0.0632,0.0,-0.0632,-0.757565,0.65276,1
1244,20.7333,0.0,0.0582,0.0,-0.0582,-0.75471,0.656059,1
1245,20.75,0.0,0.0581,0.0,-0.0581,-0.75184,0.659346,1
1246,20.7667,0.0,0.0591,0.0,-0.0591,-0.748956,0.66262,1
1247,20.7833,0.0,0.052,0.0,-0.052,-0.746057,0.665882,1
1248,20.8,0.0,0.0614,0.0,-0.0614,-0.743145,0.669131,1
1249,20.8167,0.0,0.0561,0.0,-0.0561,-0.740218,0.672367,1
1250,20.8333,0.0,0.0597,0.0,-0.0597,-0.737277,0.67559,1
1251,20.85,0.0,0.0607,0.0,-0.0607,-0.734323,0.678801,1
1252,20.8667,0.0,0.0608,0.0,-0.0608,-0.731354,0.681998,1
1253,20.8833,0.0,0.0626,0.0,-0.0626,-0.728371,0.685183,1
1254,20.9,0.0,0.0601,0.0,-0.0601,-0.725374,0.688355,1
1255,20.9167,0.0,0.0621,0.0,-0.0621,-0.722364,0.691513,1
1256,20.9333,0.0,0.0618,0.0,-0.0618,-0.71934,0.694658,1
1257,20.95,0.0,0.0618,0.0,-0.0618,-0.716302,0.69779,1
1258,20.9667,0.0,0.0598,0.0,-0.0598,-0.71325,0.700909,1
1259,20.9833,0.0,0.0616,0.0,-0.0616,-0.710185,0.704015,1
1260,21.0,0.0,0.0588,0.0,-0.0588,-0.707107,0.707107,1
1261,21.0167,0.0,0.0599,0.0,-0.0599,-0.704015,0.710185,1
1262,21.0333,0.0,0.0599,0.0,-0.0599,-0.700909,0.71325,1
1263,21.05,0.0,0.055,0.0,-0.055,-0.69779,0.716302,1
1264,21.0667,0.0,0.0612,0.0,-0.0612,-0.694658,0.71934,1
1265,21.0833,0.0,0.0559,0.0,-0.0559,-0.691513,0.722364,1
1266,21.1,0.0,0.0616,0.0,-0.0616,-0.688355,0.725374,1
1267,21.1167,0.0,0.0586,0.0,-0.0586,-0.685183,0.728371,1
1268,21.1333,0.0,0.0584,0.0,-0.0584,-0.681998,0.731354,1
1269,21.15,0.0,0.0601,0.0,-0.0601,-0.678801,0.734323,1
1270,21.1667,0.0,0.0634,0.0,-0.0634,-0.67559,0.737277,1
1271,21.1833,0.0,0.06,0.0,-0.06,-0.672367,0.740218,1
1272,21.2,0.0,0.0595,0.0,-0.0595,-0.669131,0.743145,1
1273,21.2167,0.0,0.0592,0.0,-0.0592,-0.665882,0.746057,1
1274,21.2333,0.0,0.0592,0.0,-0.0592,-0.66262,0.748956,1
1275,21.25,0.0,0.0588,0.0,-0.0588,-0.659346,0.75184,1
1276,21.2667,0.0,0.0614,0.0,-0.0614,-0.656059,0.75471,1
1277,21.2833,0.0,0.0617,0.0,-0.0617,-0.65276,0.757565,1
1278,21.3,0.0,0.062,0.0,-0.062,-0.649448,0.760406,1
1279,21.3167,0.0,0.0569,0.0,-0.0569,-0.646124,0.763232,1
1280,21.3333,0.0,0.0583,0.0,-0.0583,-0.642788,0.766044,1
1281,21.35,0.0,0.0615,0.0,-0.0615,-0.639439,0.768842,1
1282,21.3667,0.0,0.0624,0.0,-0.0624,-0.636078,0.771625,1
1283,21.3833,0.0,0.0611,0.0,-0.0611,-0.632705,0.774393,1
1284,21.4,0.0,0.0613,0.0,-0.0613,-0.62932,0.777146,1
1285,21.4167,0.0,0.0602,0.0,-0.0602,-0.625923,0.779884,1
1286,21.4333,0.0,0.0596,0.0,-0.0596,-0.622515,0.782608,1
1287,21.45,0.0,0.0581,0.0,-0.0581,-0.619094,0.785317,1
1288,21.4667,0.0,0.0585,0.0,-0.0585,-0.615661,0.788011,1
1289,21.4833,0.0,0.06,0.0,-0.06,-0.612217,0.79069,1
1290,21.5,0.0,0.0575,0.0,-0.0575,-0.608761,0.793353,1
1291,21.5167,0.0,0.0591,0.0,-0.0591,-0.605294,0.796002,1
1292,21.5333,0.0,0.0639,0.0,-0.0639,-0.601815,0.798636,1
1293,21.55,0.0,0.0564,0.0,-0.0564,-0.598325,0.801254,1
1294,21.5667,0.0,0.0584,0.0,-0.0584,-0.594823,0.803857,1
1295,21.5833,0.0,0.0603,0.0,-0.0603,-0.59131,0.806445,1
1296,21.6,0.0,0.0606,0.0,-0.0606,-0.587785,0.809017,1
1297,21.6167,0.0,0.061,0.0,-0.061,-0.58425,0.811574,1
1298,21.6333,0.0,0.0608,0.0,-0.0608,-0.580703,0.814116,1
1299,21.65,0.0,0.06,0.0,-0.06,-0.577145,0.816642,1
1300,21.6667,0.0,0.0593,0.0,-0.0593,-0.573576,0.819152,1
1301,21.6833,0.0,0.0625,0.0,-0.0625,-0.569997,0.821647,1
1302,21.7,0.0,0.0599,0.0,-0.0599,-0.566406,0.824126,1
1303,21.7167,0.0,0.0554,0.0,-0.0554,-0.562805,0.82659,1
1304,21.7333,0.0,0.0566,0.0,-0.0566,-0.559193,0.829038,1
1305,21.75,0.0,0.0592,0.0,-0.0592,-0.55557,0.83147,1
1306,21.7667,0.0,0.0624,0.0,-0.0624,-0.551937,0.833886,1
1307,21.7833,0.0,0.0606,0.0,-0.0606,-0.548293,0.836286,1
1308,21.8,0.0,0.061,0.0,-0.061,-0.544639,0.838671,1
1309,21.8167,0.0,0.0591,0.0,-0.0591,-0.540974,0.841039,1
1310,21.8333,0.0,0.0592,0.0,-0.0592,-0.5373,0.843391,1
1311,21.85,0.0,0.0569,0.0,-0.0569,-0.533615,0.845728,1
1312,21.8667,0.0,0.0619,0.0,-0.0619,-0.529919,0.848048,1
1313,21.8833,0.0,0.0606,0.0,-0.0606,-0.526214,0.850352,1
1314,21.9,0.0,0.0583,0.0,-0.0583,-0.522499,0.85264,1
1315,21.9167,0.0,0.0596,0.0,-0.0596,-0.518773,0.854912,1
1316,21.9333,0.0,0.06,0.0,-0.06,-0.515038,0.857167,1
1317,21.95,0.0,0.0586,0.0,-0.0586,-0.511293,0.859406,1
1318,21.9667,0.0,0.0587,0.0,-0.0587,-0.507538,0.861629,1
1319,21.9833,0.0,0.0597,0.0,-0.0597,-0.503774,0.863836,1
1320,22.0,0.0,0.0149,0.0,-0.0149,-0.5,0.866025,1
1321,22.0167,0.0,0.0149,0.0,-0.0149,-0.496217,0.868199,1
1322,22.0333,0.0,0.0122,0.0,-0.0122,-0.492424,0.870356,1
1323,22.05,0.0,0.0143,0.0,-0.0143,-0.488621,0.872496,1
1324,22.0667,0.0,0.0165,0.0,-0.0165,-0.48481,0.87462,1
1325,22.0833,0.0,0.0181,0.0,-0.0181,-0.480989,0.876727,1
1326,22.1,0.0,0.0092,0.0,-0.0092,-0.477159,0.878817,1
1327,22.1167,0.0,0.0146,0.0,-0.0146,-0.47332,0.880891,1
1328,22.1333,0.0,0.0104,0.0,-0.0104,-0.469472,0.882948,1
1329,22.15,0.0,0.0179,0.0,-0.0179,-0.465615,0.884988,1
1330,22.1667,0.0,0.0108,0.0,-0.0108,-0.461749,0.887011,1
1331,22.1833,0.0,0.0185,0.0,-0.0185,-0.457874,0.889017,1
1332,22.2,0.0,0.0165,0.0,-0.0165,-0.45399,0.891007,1
1333,22.2167,0.0,0.013,0.0,-0.013,-0.450098,0.892979,1
1334,22.2333,0.0,0.0153,0.0,-0.0153,-0.446198,0.894934,1
1335,22.25,0.0,0.0149,0.0,-0.0149,-0.442289,0.896873,1
1336,22.2667,0.0,0.0133,0.0,-0.0133,-0.438371,0.898794,1
1337,22.2833,0.0,0.0128,0.0,-0.0128,-0.434445,0.900698,1
1338,22.3,0.0,0.0171,0.0,-0.0171,-0.430511,0.902585,1
1339,22.3167,0.0,0.0124,0.0,-0.0124,-0.426569,0.904455,1
1340,22.3333,0.0,0.0108,0.0,-0.0108,-0.422618,0.906308,1
1341,22.35,0.0,0.0127,0.0,-0.0127,-0.41866,0.908143,1
1342,22.3667,0.0,0.0121,0.0,-0.0121,-0.414693,0.909961,1
1343,22.3833,0.0,0.0125,0.0,-0.0125,-0.410719,0.911762,1
1344,22.4,0.0,0.0137,0.0,-0.0137,-0.406737,0.913545,1
1345,22.4167,0.0,0.014,0.0,-0.014,-0.402747,0.915311,1
1346,22.4333,0.0,0.015,0.0,-0.015,-0.398749,0.91706,1
1347,22.45,0.0,0.017,0.0,-0.017,-0.394744,0.918791,1
1348,22.4667,0.0,0.0158,0.0,-0.0158,-0.390731,0.920505,1
1349,22.4833,0.0,0.0146,0.0,-0.0146,-0.386711,0.922201,1
1350,22.5,0.0,0.0147,0.0,-0.0147,-0.382683,0.92388,1
1351,22.5167,0.0,0.0123,0.0,-0.0123,-0.378649,0.925541,1
1352,22.5333,0.0,0.0155,0.0,-0.0155,-0.374607,0.927184,1
1353,22.55,0.0,0.0153,0.0,-0.0153,-0.370557,0.92881,1
1354,22.5667,0.0,0.0114,0.0,-0.0114,-0.366501,0.930418,1
1355,22.5833,0.0,0.0157,0.0,-0.0157,-0.362438,0.932008,1
1356,22.6,0.0,0.0158,0.0,-0.0158,-0.358368,0.93358,1
1357,22.6167,0.0,0.0148,0.0,-0.0148,-0.354291,0.935135,1
1358,22.6333,0.0,0.0152,0.0,-0.0152,-0.350207,0.936672,1
1359,22.65,0.0,0.0138,0.0,-0.0138,-0.346117,0.938191,1
1360,22.6667,0.0,0.011,0.0,-0.011,-0.34202,0.939693,1
1361,22.6833,0.0,0.0142,0.0,-0.0142,-0.337917,0.941176,1
1362,22.7,0.0,0.0159,0.0,-0.0159,-0.333807,0.942641,1
1363,22.7167,0.0,0.0133,0.0,-0.0133,-0.329691,0.944089,1
1364,22.7333,0.0,0.0135,0.0,-0.0135,-0.325568,0.945519,1
1365,22.75,0.0,0.0143,0.0,-0.0143,-0.321439,0.94693,1
1366,22.7667,0.0,0.0112,0.0,-0.0112,-0.317305,0.948324,1
1367,22.7833,0.0,0.0146,0.0,-0.0146,-0.313164,0.949699,1
1368,22.8,0.0,0.0149,0.0,-0.0149,-0.309017,0.951057,1
1369,22.8167,0.0,0.0161,0.0,-0.0161,-0.304864,0.952396,1
1370,22.8333,0.0,0.0142,0.0,-0.0142,-0.300706,0.953717,1
1371,22.85,0.0,0.0143,0.0,-0.0143,-0.296542,0.95502,1
1372,22.8667,0.0,0.016,0.0,-0.016,-0.292372,0.956305,1
1373,22.8833,0.0,0.0137,0.0,-0.0137,-0.288196,0.957571,1
1374,22.9,0.0,0.0171,0.0,-0.0171,-0.284015,0.95882,1
1375,22.9167,0.0,0.015,0.0,-0.015,-0.279829,0.96005,1
1376,22.9333,0.0,0.016,0.0,-0.016,-0.275637,0.961262,1
1377,22.95,0.0,0.0156,0.0,-0.0156,-0.27144,0.962455,1
1378,22.9667,0.0,0.0139,0.0,-0.0139,-0.267238,0.96363,1
1379,22.9833,0.0,0.0142,0.0,-0.0142,-0.263031,0.964787,1
1380,23.0,0.0,0.0102,0.0,-0.0102,-0.258819,0.965926,1
1381,23.0167,0.0,0.0109,0.0,-0.0109,-0.254602,0.967046,1
1382,23.0333,0.0,0.0181,0.0,-0.0181,-0.25038,0.968148,1
1383,23.05,0.0,0.0143,0.0,-0.0143,-0.246153,0.969231,1
1384,23.0667,0.0,0.0121,0.0,-0.0121,-0.241922,0.970296,1
1385,23.0833,0.0,0.0124,0.0,-0.0124,-0.237686,0.971342,1
1386,23.1,0.0,0.0137,0.0,-0.0137,-0.233445,0.97237,1
1387,23.1167,0.0,0.0122,0.0,-0.0122,-0.2292,0.973379,1
1388,23.1333,0.0,0.0128,0.0,-0.0128,-0.224951,0.97437,1
1389,23.15,0.0,0.012,0.0,-0.012,-0.220697,0.975342,1
1390,23.1667,0.0,0.0164,0.0,-0.0164,-0.21644,0.976296,1
1391,23.1833,0.0,0.0115,0.0,-0.0115,-0.212178,0.977231,1
1392,23.2,0.0,0.0182,0.0,-0.0182,-0.207912,0.978148,1
1393,23.2167,0.0,0.0102,0.0,-0.0102,-0.203642,0.979045,1
1394,23.2333,0.0,0.0175,0.0,-0.0175,-0.199368,0.979925,1
1395,23.25,0.0,0.014,0.0,-0.014,-0.19509,0.980785,1
1396,23.2667,0.0,0.0175,0.0,-0.0175,-0.190809,0.981627,1
1397,23.2833,0.0,0.0148,0.0,-0.0148,-0.186524,0.98245,1
1398,23.3,0.0,0.0146,0.0,-0.0146,-0.182236,0.983255,1
1399,23.3167,0.0,0.0126,0.0,-0.0126,-0.177944,0.984041,1
1400,23.3333,0.0,0.0176,0.0,-0.0176,-0.173648,0.984808,1
1401,23.35,0.0,0.0143,0.0,-0.0143,-0.16935,0.985556,1
1402,23.3667,0.0,0.0167,0.0,-0.0167,-0.165048,0.986286,1
1403,23.3833,0.0,0.0156,0.0,-0.0156,-0.160743,0.986996,1
1404,23.4,0.0,0.0121,0.0,-0.0121,-0.156434,0.987688,1
1405,23.4167,0.0,0.0115,0.0,-0.0115,-0.152123,0.988362,1
1406,23.4333,0.0,0.0133,0.0,-0.0133,-0.147809,0.989016,1
1407,23.45,0.0,0.017,0.0,-0.017,-0.143493,0.989651,1
1408,23.4667,0.0,0.0108,0.0,-0.0108,-0.139173,0.990268,1
1409,23.4833,0.0,0.0153,0.0,-0.0153,-0.134851,0.990866,1
1410,23.5,0.0,0.0176,0.0,-0.0176,-0.130526,0.991445,1
1411,23.5167,0.0,0.0159,0.0,-0.0159,-0.126199,0.992005,1
1412,23.5333,0.0,0.0146,0.0,-0.0146,-0.121869,0.992546,1
1413,23.55,0.0,0.0141,0.0,-0.0141,-0.117537,0.993068,1
1414,23.5667,0.0,0.0117,0.0,-0.0117,-0.113203,0.993572,1
1415,23.5833,0.0,0.0127,0.0,-0.0127,-0.108867,0.994056,1
1416,23.6,0.0,0.0161,0.0,-0.0161,-0.104528,0.994522,1
1417,23.6167,0.0,0.0169,0.0,-0.0169,-0.100188,0.994969,1
1418,23.6333,0.0,0.0157,0.0,-0.0157,-0.095846,0.995396,1
1419,23.65,0.0,0.0169,0.0,-0.0169,-0.091502,0.995805,1
1420,23.6667,0.0,0.0148,0.0,-0.0148,-0.087156,0.996195,1
1421,23.6833,0.0,0.0139,0.0,-0.0139,-0.082808,0.996566,1
1422,23.7,0.0,0.016,0.0,-0.016,-0.078459,0.996917,1
1423,23.7167,0.0,0.0129,0.0,-0.0129,-0.074108,0.99725,1
1424,23.7333,0.0,0.0125,0.0,-0.0125,-0.069756,0.997564,1
1425,23.75,0.0,0.0125,0.0,-0.0125,-0.065403,0.997859,1
1426,23.7667,0.0,0.0152,0.0,-0.0152,-0.061049,0.998135,1
1427,23.7833,0.0,0.0144,0.0,-0.0144,-0.056693,0.998392,1
1428,23.8,0.0,0.0133,0.0,-0.0133,-0.052336,0.99863,1
1429,23.8167,0.0,0.0144,0.0,-0.0144,-0.047978,0.998848,1
1430,23.8333,0.0,0.0166,0.0,-0.0166,-0.043619,0.999048,1
1431,23.85,0.0,0.0175,0.0,-0.0175,-0.03926,0.999229,1
1432,23.8667,0.0,0.0142,0.0,-0.0142,-0.034899,0.999391,1
1433,23.8833,0.0,0.0148,0.0,-0.0148,-0.030539,0.999534,1
1434,23.9,0.0,0.0147,0.0,-0.0147,-0.026177,0.999657,1
1435,23.9167,0.0,0.0152,0.0,-0.0152,-0.021815,0.999762,1
1436,23.9333,0.0,0.0134,0.0,-0.0134,-0.017452,0.999848,1
1437,23.95,0.0,0.0125,0.0,-0.0125,-0.01309,0.999914,1
1438,23.9667,0.0,0.0176,0.0,-0.0176,-0.008727,0.999962,1
1439,23.9833,0.0,0.0088,0.0,-0.0088,-0.004363,0.99999,1
1440,0.0,0.0,0.013,0.0,-0.013,0.0,1.0,1
1441,0.0167,0.0,0.0164,0.0,-0.0164,0.004363,0.99999,1
1442,0.0333,0.0,0.0132,0.0,-0.0132,0.008727,0.999962,1
1443,0.05,0.0,0.0135,0.0,-0.0135,0.01309,0.999914,1
1444,0.0667,0.0,0.0127,0.0,-0.0127,0.017452,0.999848,1
1445,0.0833,0.0,0.0131,0.0,-0.0131,0.021815,0.999762,1
1446,0.1,0.0,0.0192,0.0,-0.0192,0.026177,0.999657,1
1447,0.1167,0.0,0.0147,0.0,-0.0147,0.030539,0.999534,1
1448,0.1333,0.0,0.0132,0.0,-0.0132,0.034899,0.999391,1
1449,0.15,0.0,0.0138,0.0,-0.0138,0.03926,0.999229,1
1450,0.1667,0.0,0.0149,0.0,-0.0149,0.043619,0.999048,1
1451,0.1833,0.0,0.0135,0.0,-0.0135,0.047978,0.998848,1
1452,0.2,0.0,0.014,0.0,-0.014,0.052336,0.99863,1
1453,0.2167,0.0,0.0133,0.0,-0.0133,0.056693,0.998392,1
1454,0.2333,0.0,0.0129,0.0,-0.0129,0.061049,0.998135,1
1455,0.25,0.0,0.0115,0.0,-0.0115,0.065403,0.997859,1
1456,0.2667,0.0,0.015,0.0,-0.015,0.069756,0.997564,1
1457,0.2833,0.0,0.014,0.0,-0.014,0.074108,0.99725,1
1458,0.3,0.0,0.0185,0.0,-0.0185,0.078459,0.996917,1
1459,0.3167,0.0,0.0174,0.0,-0.0174,0.082808,0.996566,1
1460,0.3333,0.0,0.0117,0.0,-0.0117,0.087156,0.996195,1
1461,0.35,0.0,0.0103,0.0,-0.0103,0.091502,0.995805,1
1462,0.3667,0.0,0.0142,0.0,-0.0142,0.095846,0.995396,1
1463,0.3833,0.0,0.0157,0.0,-0.0157,0.100188,0.994969,1
1464,0.4,0.0,0.0151,0.0,-0.0151,0.104528,0.994522,1
1465,0.4167,0.0,0.013,0.0,-0.013,0.108867,0.994056,1
1466,0.4333,0.0,0.0152,0.0,-0.0152,0.113203,0.993572,1
1467,0.45,0.0,0.0158,0.0,-0.0158,0.117537,0.993068,1
1468,0.4667,0.0,0.014,0.0,-0.014,0.121869,0.992546,1
1469,0.4833,0.0,0.0153,0.0,-0.0153,0.126199,0.992005,1
1470,0.5,0.0,0.0142,0.0,-0.0142,0.130526,0.991445,1
1471,0.5167,0.0,0.0164,0.0,-0.0164,0.134851,0.990866,1
1472,0.5333,0.0,0.0141,0.0,-0.0141,0.139173,0.990268,1
1473,0.55,0.0,0.0169,0.0,-0.0169,0.143493,0.989651,1
1474,0.5667,0.0,0.0134,0.0,-0.0134,0.147809,0.989016,1
1475,0.5833,0.0,0.0169,0.0,-0.0169,0.152123,0.988362,1
1476,0.6,0.0,0.0168,0.0,-0.0168,0.156434,0.987688,1
1477,0.6167,0.0,0.0147,0.0,-0.0147,0.160743,0.986996,1
1478,0.6333,0.0,0.0113,0.0,-0.0113,0.165048,0.986286,1
1479,0.65,0.0,0.0131,0.0,-0.0131,0.16935,0.985556,1
1480,0.6667,0.0,0.0113,0.0,-0.0113,0.173648,0.984808,1
1481,0.6833,0.0,0.0162,0.0,-0.0162,0.177944,0.984041,1
1482,0.7,0.0,0.0167,0.0,-0.0167,0.182236,0.983255,1
1483,0.7167,0.0,0.0137,0.0,-0.0137,0.186524,0.98245,1
1484,0.7333,0.0,0.0161,0.0,-0.0161,0.190809,0.981627,1
1485,0.75,0.0,0.0121,0.0,-0.0121,0.19509,0.980785,1
1486,0.7667,0.0,0.012,0.0,-0.012,0.199368,0.979925,1
1487,0.7833,0.0,0.0146,0.0,-0.0146,0.203642,0.979045,1
1488,0.8,0.0,0.0131,0.0,-0.0131,0.207912,0.978148,1
1489,0.8167,0.0,0.0152,0.0,-0.0152,0.212178,0.977231,1
1490,0.8333,0.0,0.0132,0.0,-0.0132,0.21644,0.976296,1
1491,0.85,0.0,0.0156,0.0,-0.0156,0.220697,0.975342,1
1492,0.8667,0.0,0.0144,0.0,-0.0144,0.224951,0.97437,1
1493,0.8833,0.0,0.0134,0.0,-0.0134,0.2292,0.973379,1
1494,0.9,0.0,0.0108,0.0,-0.0108,0.233445,0.97237,1
1495,0.9167,0.0,0.0142,0.0,-0.0142,0.237686,0.971342,1
1496,0.9333,0.0,0.0148,0.0,-0.0148,0.241922,0.970296,1
1497,0.95,0.0,0.0181,0.0,-0.0181,0.246153,0.969231,1
1498,0.9667,0.0,0.015,0.0,-0.015,0.25038,0.968148,1
1499,0.9833,0.0,0.0128,0.0,-0.0128,0.254602,0.967046,1
1500,1.0,0.0,0.0119,0.0,-0.0119,0.258819,0.965926,1
1501,1.0167,0.0,0.0118,0.0,-0.0118,0.263031,0.964787,1
1502,1.0333,0.0,0.0159,0.0,-0.0159,0.267238,0.96363,1
1503,1.05,0.0,0.0141,0.0,-0.0141,0.27144,0.962455,1
1504,1.0667,0.0,0.0144,0.0,-0.0144,0.275637,0.961262,1
1505,1.0833,0.0,0.0185,0.0,-0.0185,0.279829,0.96005,1
1506,1.1,0.0,0.014,0.0,-0.014,0.284015,0.95882,1
1507,1.1167,0.0,0.0145,0.0,-0.0145,0.288196,0.957571,1
1508,1.1333,0.0,0.0147,0.0,-0.0147,0.292372,0.956305,1
1509,1.15,0.0,0.01,0.0,-0.01,0.296542,0.95502,1
1510,1.1667,0.0,0.0129,0.0,-0.0129,0.300706,0.953717,1
1511,1.1833,0.0,0.0129,0.0,-0.0129,0.304864,0.952396,1
1512,1.2,0.0,0.0155,0.0,-0.0155,0.309017,0.951057,1
1513,1.2167,0.0,0.0127,0.0,-0.0127,0.313164,0.949699,1
1514,1.2333,0.0,0.0093,0.0,-0.0093,0.317305,0.948324,1
1515,1.25,0.0,0.013,0.0,-0.013,0.321439,0.94693,1
1516,1.2667,0.0,0.012,0.0,-0.012,0.325568,0.945519,1
1517,1.2833,0.0,0.0128,0.0,-0.0128,0.329691,0.944089,1
1518,1.3,0.0,0.0125,0.0,-0.0125,0.333807,0.942641,1
1519,1.3167,0.0,0.0162,0.0,-0.0162,0.337917,0.941176,1
1520,1.3333,0.0,0.0128,0.0,-0.0128,0.34202,0.939693,1
1521,1.35,0.0,0.0154,0.0,-0.0154,0.346117,0.938191,1
1522,1.3667,0.0,0.017,0.0,-0.017,0.350207,0.936672,1
1523,1.3833,0.0,0.0128,0.0,-0.0128,0.354291,0.935135,1
1524,1.4,0.0,0.0169,0.0,-0.0169,0.358368,0.93358,1
1525,1.4167,0.0,0.0133,0.0,-0.0133,0.362438,0.932008,1
1526,1.4333,0.0,0.0134,0.0,-0.0134,0.366501,0.930418,1
1527,1.45,0.0,0.0158,0.0,-0.0158,0.370557,0.92881,1
1528,1.4667,0.0,0.0143,0.0,-0.0143,0.374607,0.927184,1
1529,1.4833,0.0,0.0107,0.0,-0.0107,0.378649,0.925541,1
1530,1.5,0.0,0.0116,0.0,-0.0116,0.382683,0.92388,1
1531,1.5167,0.0,0.012,0.0,-0.012,0.386711,0.922201,1
1532,1.5333,0.0,0.0171,0.0,-0.0171,0.390731,0.920505,1
1533,1.55,0.0,0.0157,0.0,-0.0157,0.394744,0.918791,1
1534,1.5667,0.0,0.0163,0.0,-0.0163,0.398749,0.91706,1
1535,1.5833,0.0,0.0134,0.0,-0.0134,0.402747,0.915311,1
1536,1.6,0.0,0.0144,0.0,-0.0144,0.406737,0.913545,1
1537,1.6167,0.0,0.0125,0.0,-0.0125,0.410719,0.911762,1
1538,1.6333,0.0,0.0156,0.0,-0.0156,0.414693,0.909961,1
1539,1.65,0.0,0.0172,0.0,-0.0172,0.41866,0.908143,1
1540,1.6667,0.0,0.0155,0.0,-0.0155,0.422618,0.906308,1
1541,1.6833,0.0,0.0142,0.0,-0.0142,0.426569,0.904455,1
1542,1.7,0.0,0.0125,0.0,-0.0125,0.430511,0.902585,1
1543,1.7167,0.0,0.0136,0.0,-0.0136,0.434445,0.900698,1
1544,1.7333,0.0,0.0156,0.0,-0.0156,0.438371,0.898794,1
1545,1.75,0.0,0.0167,0.0,-0.0167,0.442289,0.896873,1
1546,1.7667,0.0,0.0151,0.0,-0.0151,0.446198,0.894934,1
1547,1.7833,0.0,0.0115,0.0,-0.0115,0.450098,0.892979,1
1548,1.8,0.0,0.0097,0.0,-0.0097,0.45399,0.891007,1
1549,1.8167,0.0,0.0145,0.0,-0.0145,0.457874,0.889017,1
1550,1.8333,0.0,0.0149,0.0,-0.0149,0.461749,0.887011,1
1551,1.85,0.0,0.0147,0.0,-0.0147,0.465615,0.884988,1
1552,1.8667,0.0,0.0147,0.0,-0.0147,0.469472,0.882948,1
1553,1.8833,0.0,0.0136,0.0,-0.0136,0.47332,0.880891,1
1554,1.9,0.0,0.0131,0.0,-0.0131,0.477159,0.878817,1
1555,1.9167,0.0,0.0152,0.0,-0.0152,0.480989,0.876727,1
1556,1.9333,0.0,0.0146,0.0,-0.0146,0.48481,0.87462,1
1557,1.95,0.0,0.0115,0.0,-0.0115,0.488621,0.872496,1
1558,1.9667,0.0,0.017,0.0,-0.017,0.492424,0.870356,1
1559,1.9833,0.0,0.0126,0.0,-0.0126,0.496217,0.868199,1
1560,2.0,0.0,0.014,0.0,-0.014,0.5,0.866025,1
1561,2.0167,0.0,0.0152,0.0,-0.0152,0.503774,0.863836,1
1562,2.0333,0.0,0.0151,0.0,-0.0151,0.507538,0.861629,1
1563,2.05,0.0,0.0152,0.0,-0.0152,0.511293,0.859406,1
1564,2.0667,0.0,0.0121,0.0,-0.0121,0.515038,0.857167,1
1565,2.0833,0.0,0.0177,0.0,-0.0177,0.518773,0.854912,1
1566,2.1,0.0,0.0135,0.0,-0.0135,0.522499,0.85264,1
1567,2.1167,0.0,0.0137,0.0,-0.0137,0.526214,0.850352,1
1568,2.1333,0.0,0.016,0.0,-0.016,0.529919,0.848048,1
1569,2.15,0.0,0.0155,0.0,-0.0155,0.533615,0.845728,1
1570,2.1667,0.0,0.0164,0.0,-0.0164,0.5373,0.843391,1
1571,2.1833,0.0,0.0116,0.0,-0.0116,0.540974,0.841039,1
1572,2.2,0.0,0.0118,0.0,-0.0118,0.544639,0.838671,1
1573,2.2167,0.0,0.0131,0.0,-0.0131,0.548293,0.836286,1
1574,2.2333,0.0,0.0148,0.0,-0.0148,0.551937,0.833886,1
1575,2.25,0.0,0.0162,0.0,-0.0162,0.55557,0.83147,1
1576,2.2667,0.0,0.012,0.0,-0.012,0.559193,0.829038,1
1577,2.2833,0.0,0.0121,0.0,-0.0121,0.562805,0.82659,1
1578,2.3,0.0,0.0093,0.0,-0.0093,0.566406,0.824126,1
1579,2.3167,0.0,0.0092,0.0,-0.0092,0.569997,0.821647,1
1580,2.3333,0.0,0.0154,0.0,-0.0154,0.573576,0.819152,1
1581,2.35,0.0,0.0136,0.0,-0.0136,0.577145,0.816642,1
1582,2.3667,0.0,0.0152,0.0,-0.0152,0.580703,0.814116,1
1583,2.3833,0.0,0.0121,0.0,-0.0121,0.58425,0.811574,1
1584,2.4,0.0,0.0176,0.0,-0.0176,0.587785,0.809017,1
1585,2.4167,0.0,0.0149,0.0,-0.0149,0.59131,0.806445,1
1586,2.4333,0.0,0.0132,0.0,-0.0132,0.594823,0.803857,1
1587,2.45,0.0,0.0151,0.0,-0.0151,0.598325,0.801254,1
1588,2.4667,0.0,0.013,0.0,-0.013,0.601815,0.798636,1
1589,2.4833,0.0,0.0149,0.0,-0.0149,0.605294,0.796002,1
1590,2.5,0.0,0.0138,0.0,-0.0138,0.608761,0.793353,1
1591,2.5167,0.0,0.0135,0.0,-0.0135,0.612217,0.79069,1
1592,2.5333,0.0,0.0151,0.0,-0.0151,0.615661,0.788011,1
1593,2.55,0.0,0.0171,0.0,-0.0171,0.619094,0.785317,1
1594,2.5667,0.0,0.013,0.0,-0.013,0.622515,0.782608,1
1595,2.5833,0.0,0.0189,0.0,-0.0189,0.625923,0.779884,1
1596,2.6,0.0,0.0129,0.0,-0.0129,0.62932,0.777146,1
1597,2.6167,0.0,0.0128,0.0,-0.0128,0.632705,0.774393,1
1598,2.6333,0.0,0.0149,0.0,-0.0149,0.636078,0.771625,1
1599,2.65,0.0,0.0149,0.0,-0.0149,0.639439,0.768842,1
1600,2.6667,0.0,0.0104,0.0,-0.0104,0.642788,0.766044,1
1601,2.6833,0.0,0.0188,0.0,-0.0188,0.646124,0.763232,1
1602,2.7,0.0,0.0165,0.0,-0.0165,0.649448,0.760406,1
1603,2.7167,0.0,0.0157,0.0,-0.0157,0.65276,0.757565,1
1604,2.7333,0.0,0.017,0.0,-0.017,0.656059,0.75471,1
1605,2.75,0.0,0.0122,0.0,-0.0122,0.659346,0.75184,1
1606,2.7667,0.0,0.0119,0.0,-0.0119,0.66262,0.748956,1
1607,2.7833,0.0,0.0177,0.0,-0.0177,0.665882,0.746057,1
1608,2.8,0.0,0.0137,0.0,-0.0137,0.669131,0.743145,1
1609,2.8167,0.0,0.0163,0.0,-0.0163,0.672367,0.740218,1
1610,2.8333,0.0,0.0146,0.0,-0.0146,0.67559,0.737277,1
1611,2.85,0.0,0.0178,0.0,-0.0178,0.678801,0.734323,1
1612,2.8667,0.0,0.0143,0.0,-0.0143,0.681998,0.731354,1
1613,2.8833,0.0,0.0115,0.0,-0.0115,0.685183,0.728371,1
1614,2.9,0.0,0.0133,0.0,-0.0133,0.688355,0.725374,1
1615,2.9167,0.0,0.0119,0.0,-0.0119,0.691513,0.722364,1
1616,2.9333,0.0,0.0152,0.0,-0.0152,0.694658,0.71934,1
1617,2.95,0.0,0.0119,0.0,-0.0119,0.69779,0.716302,1
1618,2.9667,0.0,0.0152,0.0,-0.0152,0.700909,0.71325,1
1619,2.9833,0.0,0.0121,0.0,-0.0121,0.704015,0.710185,1
1620,3.0,0.0,0.0138,0.0,-0.0138,0.707107,0.707107,1
1621,3.0167,0.0,0.0141,0.0,-0.0141,0.710185,0.704015,1
1622,3.0333,0.0,0.0192,0.0,-0.0192,0.71325,0.700909,1
1623,3.05,0.0,0.0149,0.0,-0.0149,0.716302,0.69779,1
1624,3.0667,0.0,0.0155,0.0,-0.0155,0.71934,0.694658,1
1625,3.0833,0.0,0.0171,0.0,-0.0171,0.722364,0.691513,1
1626,3.1,0.0,0.0177,0.0,-0.0177,0.725374,0.688355,1
1627,3.1167,0.0,0.0136,0.0,-0.0136,0.728371,0.685183,1
1628,3.1333,0.0,0.015,0.0,-0.015,0.731354,0.681998,1
1629,3.15,0.0,0.014,0.0,-0.014,0.734323,0.678801,1
1630,3.1667,0.0,0.0136,0.0,-0.0136,0.737277,0.67559,1
1631,3.1833,0.0,0.015,0.0,-0.015,0.740218,0.672367,1
1632,3.2,0.0,0.0135,0.0,-0.0135,0.743145,0.669131,1
1633,3.2167,0.0,0.0127,0.0,-0.0127,0.746057,0.665882,1
1634,3.2333,0.0,0.0186,0.0,-0.0186,0.748956,0.66262,1
1635,3.25,0.0,0.0162,0.0,-0.0162,0.75184,0.659346,1
1636,3.2667,0.0,0.0151,0.0,-0.0151,0.75471,0.656059,1
1637,3.2833,0.0,0.0179,0.0,-0.0179,0.757565,0.65276,1
1638,3.3,0.0,0.0178,0.0,-0.0178,0.760406,0.649448,1
1639,3.3167,0.0,0.0149,0.0,-0.0149,0.763232,0.646124,1
1640,3.3333,0.0,0.0135,0.0,-0.0135,0.766044,0.642788,1
1641,3.35,0.0,0.0133,0.0,-0.0133,0.768842,0.639439,1
1642,3.3667,0.0,0.015,0.0,-0.015,0.771625,0.636078,1
1643,3.3833,0.0,0.0129,0.0,-0.0129,0.774393,0.632705,1
1644,3.4,0.0,0.0183,0.0,-0.0183,0.777146,0.62932,1
1645,3.4167,0.0,0.015,0.0,-0.015,0.779884,0.625923,1
1646,3.4333,0.0,0.0124,0.0,-0.0124,0.782608,0.622515,1
1647,3.45,0.0,0.0126,0.0,-0.0126,0.785317,0.619094,1
1648,3.4667,0.0,0.0116,0.0,-0.0116,0.788011,0.615661,1
1649,3.4833,0.0,0.0167,0.0,-0.0167,0.79069,0.612217,1
1650,3.5,0.0,0.0142,0.0,-0.0142,0.793353,0.608761,1
1651,3.5167,0.0,0.0153,0.0,-0.0153,0.796002,0.605294,1
1652,3.5333,0.0,0.0139,0.0,-0.0139,0.798636,0.601815,1
1653,3.55,0.0,0.0142,0.0,-0.0142,0.801254,0.598325,1
1654,3.5667,0.0,0.0152,0.0,-0.0152,0.803857,0.594823,1
1655,3.5833,0.0,0.0145,0.0,-0.0145,0.806445,0.59131,1
1656,3.6,0.0,0.0169,0.0,-0.0169,0.809017,0.587785,1
1657,3.6167,0.0,0.0117,0.0,-0.0117,0.811574,0.58425,1
1658,3.6333,0.0,0.0137,0.0,-0.0137,0.814116,0.580703,1
1659,3.65,0.0,0.0156,0.0,-0.0156,0.816642,0.577145,1
1660,3.6667,0.0,0.0165,0.0,-0.0165,0.819152,0.573576,1
1661,3.6833,0.0,0.0118,0.0,-0.0118,0.821647,0.569997,1
1662,3.7,0.0,0.0116,0.0,-0.0116,0.824126,0.566406,1
1663,3.7167,0.0,0.0144,0.0,-0.0144,0.82659,0.562805,1
1664,3.7333,0.0,0.0122,0.0,-0.0122,0.829038,0.559193,1
1665,3.75,0.0,0.0148,0.0,-0.0148,0.83147,0.55557,1
1666,3.7667,0.0,0.0168,0.0,-0.0168,0.833886,0.551937,1
1667,3.7833,0.0,0.0163,0.0,-0.0163,0.836286,0.548293,1
1668,3.8,0.0,0.0147,0.0,-0.0147,0.838671,0.544639,1
1669,3.8167,0.0,0.0131,0.0,-0.0131,0.841039,0.540974,1
1670,3.8333,0.0,0.0139,0.0,-0.0139,0.843391,0.5373,1
1671,3.85,0.0,0.0137,0.0,-0.0137,0.845728,0.533615,1
1672,3.8667,0.0,0.0161,0.0,-0.0161,0.848048,0.529919,1
1673,3.8833,0.0,0.0163,0.0,-0.0163,0.850352,0.526214,1
1674,3.9,0.0,0.0151,0.0,-0.0151,0.85264,0.522499,1
1675,3.9167,0.0,0.0116,0.0,-0.0116,0.854912,0.518773,1
1676,3.9333,0.0,0.0171,0.0,-0.0171,0.857167,0.515038,1
1677,3.95,0.0,0.0102,0.0,-0.0102,0.859406,0.511293,1
1678,3.9667,0.0,0.016,0.0,-0.016,0.861629,0.507538,1
1679,3.9833,0.0,0.0148,0.0,-0.0148,0.863836,0.503774,1
1680,4.0,0.0,0.0132,0.0,-0.0132,0.866025,0.5,1
1681,4.0167,0.0,0.0154,0.0,-0.0154,0.868199,0.496217,1
1682,4.0333,0.0,0.0167,0.0,-0.0167,0.870356,0.492424,1
1683,4.05,0.0,0.0181,0.0,-0.0181,0.872496,0.488621,1
1684,4.0667,0.0,0.0144,0.0,-0.0144,0.87462,0.48481,1
1685,4.0833,0.0,0.0139,0.0,-0.0139,0.876727,0.480989,1
1686,4.1,0.0,0.0152,0.0,-0.0152,0.878817,0.477159,1
1687,4.1167,0.0,0.0138,0.0,-0.0138,0.880891,0.47332,1
1688,4.1333,0.0,0.0166,0.0,-0.0166,0.882948,0.469472,1
1689,4.15,0.0,0.0147,0.0,-0.0147,0.884988,0.465615,1
1690,4.1667,0.0,0.0176,0.0,-0.0176,0.887011,0.461749,1
1691,4.1833,0.0,0.0101,0.0,-0.0101,0.889017,0.457874,1
1692,4.2,0.0,0.0141,0.0,-0.0141,0.891007,0.45399,1
1693,4.2167,0.0,0.0145,0.0,-0.0145,0.892979,0.450098,1
1694,4.2333,0.0,0.0143,0.0,-0.0143,0.894934,0.446198,1
1695,4.25,0.0,0.0193,0.0,-0.0193,0.896873,0.442289,1
1696,4.2667,0.0,0.0126,0.0,-0.0126,0.898794,0.438371,1
1697,4.2833,0.0,0.0098,0.0,-0.0098,0.900698,0.434445,1
1698,4.3,0.0,0.0155,0.0,-0.0155,0.902585,0.430511,1
1699,4.3167,0.0,0.0137,0.0,-0.0137,0.904455,0.426569,1
1700,4.3333,0.0,0.011,0.0,-0.011,0.906308,0.422618,1
1701,4.35,0.0,0.0173,0.0,-0.0173,0.908143,0.41866,1
1702,4.3667,0.0,0.0136,0.0,-0.0136,0.909961,0.414693,1
1703,4.3833,0.0,0.0153,0.0,-0.0153,0.911762,0.410719,1
1704,4.4,0.0,0.0169,0.0,-0.0169,0.913545,0.406737,1
1705,4.4167,0.0,0.0136,0.0,-0.0136,0.915311,0.402747,1
1706,4.4333,0.0,0.0152,0.0,-0.0152,0.91706,0.398749,1
1707,4.45,0.0,0.0137,0.0,-0.0137,0.918791,0.394744,1
1708,4.4667,0.0,0.0164,0.0,-0.0164,0.920505,0.390731,1
1709,4.4833,0.0,0.0181,0.0,-0.0181,0.922201,0.386711,1
1710,4.5,0.0,0.0133,0.0,-0.0133,0.92388,0.382683,1
1711,4.5167,0.0,0.0137,0.0,-0.0137,0.925541,0.378649,1
1712,4.5333,0.0,0.0162,0.0,-0.0162,0.927184,0.374607,1
1713,4.55,0.0,0.0144,0.0,-0.0144,0.92881,0.370557,1
1714,4.5667,0.0,0.0164,0.0,-0.0164,0.930418,0.366501,1
1715,4.5833,0.0,0.0117,0.0,-0.0117,0.932008,0.362438,1
1716,4.6,0.0,0.0169,0.0,-0.0169,0.93358,0.358368,1
1717,4.6167,0.0,0.0128,0.0,-0.0128,0.935135,0.354291,1
1718,4.6333,0.0,0.0189,0.0,-0.0189,0.936672,0.350207,1
1719,4.65,0.0,0.0162,0.0,-0.0162,0.938191,0.346117,1
1720,4.6667,0.0,0.0137,0.0,-0.0137,0.939693,0.34202,1
1721,4.6833,0.0,0.016,0.0,-0.016,0.941176,0.337917,1
1722,4.7,0.0,0.0133,0.0,-0.0133,0.942641,0.333807,1
1723,4.7167,0.0,0.0134,0.0,-0.0134,0.944089,0.329691,1
1724,4.7333,0.0,0.018,0.0,-0.018,0.945519,0.325568,1
1725,4.75,0.0,0.0127,0.0,-0.0127,0.94693,0.321439,1
1726,4.7667,0.0,0.0103,0.0,-0.0103,0.948324,0.317305,1
1727,4.7833,0.0,0.0152,0.0,-0.0152,0.949699,0.313164,1
1728,4.8,0.0,0.0163,0.0,-0.0163,0.951057,0.309017,1
1729,4.8167,0.0,0.0152,0.0,-0.0152,0.952396,0.304864,1
1730,4.8333,0.0,0.0128,0.0,-0.0128,0.953717,0.300706,1
1731,4.85,0.0,0.0142,0.0,-0.0142,0.95502,0.296542,1
1732,4.8667,0.0,0.0156,0.0,-0.0156,0.956305,0.292372,1
1733,4.8833,0.0,0.0127,0.0,-0.0127,0.957571,0.288196,1
1734,4.9,0.0,0.0182,0.0,-0.0182,0.95882,0.284015,1
1735,4.9167,0.0,0.0146,0.0,-0.0146,0.96005,0.279829,1
1736,4.9333,0.0,0.0154,0.0,-0.0154,0.961262,0.275637,1
1737,4.95,0.0,0.0105,0.0,-0.0105,0.962455,0.27144,1
1738,4.9667,0.0,0.0175,0.0,-0.0175,0.96363,0.267238,1
1739,4.9833,0.0,0.0163,0.0,-0.0163,0.964787,0.263031,1
1740,5.0,0.0,0.0148,0.0,-0.0148,0.965926,0.258819,1
1741,5.0167,0.0,0.0137,0.0,-0.0137,0.967046,0.254602,1
1742,5.0333,0.0,0.0163,0.0,-0.0163,0.968148,0.25038,1
1743,5.05,0.0,0.0158,0.0,-0.0158,0.969231,0.246153,1
1744,5.0667,0.0,0.0165,0.0,-0.0165,0.970296,0.241922,1
1745,5.0833,0.0,0.0131,0.0,-0.0131,0.971342,0.237686,1
1746,5.1,0.0,0.0118,0.0,-0.0118,0.97237,0.233445,1
1747,5.1167,0.0,0.0136,0.0,-0.0136,0.973379,0.2292,1
1748,5.1333,0.0,0.0172,0.0,-0.0172,0.97437,0.224951,1
1749,5.15,0.0,0.0119,0.0,-0.0119,0.975342,0.220697,1
1750,5.1667,0.0,0.0164,0.0,-0.0164,0.976296,0.21644,1
1751,5.1833,0.0,0.0143,0.0,-0.0143,0.977231,0.212178,1
1752,5.2,0.0,0.0109,0.0,-0.0109,0.978148,0.207912,1
1753,5.2167,0.0,0.0134,0.0,-0.0134,0.979045,0.203642,1
1754,5.2333,0.0,0.0147,0.0,-0.0147,0.979925,0.199368,1
1755,5.25,0.0,0.0147,0.0,-0.0147,0.980785,0.19509,1
1756,5.2667,0.0,0.017,0.0,-0.017,0.981627,0.190809,1
1757,5.2833,0.0,0.0142,0.0,-0.0142,0.98245,0.186524,1
1758,5.3,0.0,0.0153,0.0,-0.0153,0.983255,0.182236,1
1759,5.3167,0.0,0.0114,0.0,-0.0114,0.984041,0.177944,1
1760,5.3333,0.0,0.0145,0.0,-0.0145,0.984808,0.173648,1
1761,5.35,0.0,0.0116,0.0,-0.0116,0.985556,0.16935,1
1762,5.3667,0.0,0.0147,0.0,-0.0147,0.986286,0.165048,1
1763,5.3833,0.0,0.0179,0.0,-0.0179,0.986996,0.160743,1
1764,5.4,0.0,0.0161,0.0,-0.0161,0.987688,0.156434,1
1765,5.4167,0.0,0.0174,0.0,-0.0174,0.988362,0.152123,1
1766,5.4333,0.0,0.0162,0.0,-0.0162,0.989016,0.147809,1
1767,5.45,0.0,0.0179,0.0,-0.0179,0.989651,0.143493,1
1768,5.4667,0.0,0.0151,0.0,-0.0151,0.990268,0.139173,1
1769,5.4833,0.0,0.0169,0.0,-0.0169,0.990866,0.134851,1
1770,5.5,0.0,0.014,0.0,-0.014,0.991445,0.130526,1
1771,5.5167,0.0,0.0155,0.0,-0.0155,0.992005,0.126199,1
1772,5.5333,0.0,0.0159,0.0,-0.0159,0.992546,0.121869,1
1773,5.55,0.0,0.0129,0.0,-0.0129,0.993068,0.117537,1
1774,5.5667,0.0,0.0159,0.0,-0.0159,0.993572,0.113203,1
1775,5.5833,0.0,0.0115,0.0,-0.0115,0.994056,0.108867,1
1776,5.6,0.0,0.0157,0.0,-0.0157,0.994522,0.104528,1
1777,5.6167,0.0,0.014,0.0,-0.014,0.994969,0.100188,1
1778,5.6333,0.0,0.0181,0.0,-0.0181,0.995396,0.095846,1
1779,5.65,0.0,0.016,0.0,-0.016,0.995805,0.091502,1
1780,5.6667,0.0,0.0118,0.0,-0.0118,0.996195,0.087156,1
1781,5.6833,0.0,0.0161,0.0,-0.0161,0.996566,0.082808,1
1782,5.7,0.0,0.0134,0.0,-0.0134,0.996917,0.078459,1
1783,5.7167,0.0,0.0155,0.0,-0.0155,0.99725,0.074108,1
1784,5.7333,0.0,0.017,0.0,-0.017,0.997564,0.069756,1
1785,5.75,0.0,0.0133,0.0,-0.0133,0.997859,0.065403,1
1786,5.7667,0.0,0.0168,0.0,-0.0168,0.998135,0.061049,1
1787,5.7833,0.0,0.0169,0.0,-0.0169,0.998392,0.056693,1
1788,5.8,0.0,0.0133,0.0,-0.0133,0.99863,0.052336,1
1789,5.8167,0.0,0.014,0.0,-0.014,0.998848,0.047978,1
1790,5.8333,0.0,0.0117,0.0,-0.0117,0.999048,0.043619,1
1791,5.85,0.0,0.0133,0.0,-0.0133,0.999229,0.03926,1
1792,5.8667,0.0,0.0164,0.0,-0.0164,0.999391,0.034899,1
1793,5.8833,0.0,0.0126,0.0,-0.0126,0.999534,0.030539,1
1794,5.9,0.0,0.0141,0.0,-0.0141,0.999657,0.026177,1
1795,5.9167,0.0,0.0123,0.0,-0.0123,0.999762,0.021815,1
1796,5.9333,0.0,0.0173,0.0,-0.0173,0.999848,0.017452,1
1797,5.95,0.0,0.0132,0.0,-0.0132,0.999914,0.01309,1
1798,5.9667,0.0,0.016,0.0,-0.016,0.999962,0.008727,1
1799,5.9833,0.0,0.0119,0.0,-0.0119,0.99999,0.004363,1
1800,6.0,0.0,0.0277,0.0,-0.0277,1.0,0.0,1
1801,6.0167,0.003333,0.0266,0.0,-0.023267,0.99999,-0.004363,1
1802,6.0333,0.003383,0.0266,0.0,-0.023217,0.999962,-0.008727,1
1803,6.05,0.002367,0.0243,0.0,-0.021933,0.999914,-0.01309,1
1804,6.0667,0.001733,0.0253,0.0,-0.023567,0.999848,-0.017452,1
1805,6.0833,0.004,0.0267,0.0,-0.0227,0.999762,-0.021815,1
1806,6.1,0.006017,0.026,0.0,-0.019983,0.999657,-0.026177,1
1807,6.1167,0.0042,0.0294,0.0,-0.0252,0.999534,-0.030539,1
1808,6.1333,0.00285,0.0312,0.0,-0.02835,0.999391,-0.034899,1
1809,6.15,0.003067,0.0261,0.0,-0.023033,0.999229,-0.03926,1
1810,6.1667,0.006067,0.0235,0.0,-0.017433,0.999048,-0.043619,1
1811,6.1833,0.006583,0.0265,0.0,-0.019917,0.998848,-0.047978,1
1812,6.2,0.002317,0.0298,0.0,-0.027483,0.99863,-0.052336,1
1813,6.2167,0.011367,0.0276,0.0,-0.016233,0.998392,-0.056693,1
1814,6.2333,0.007217,0.0276,0.0,-0.020383,0.998135,-0.061049,1
1815,6.25,0.005183,0.0292,0.0,-0.024017,0.997859,-0.065403,1
1816,6.2667,0.007383,0.0272,0.0,-0.019817,0.997564,-0.069756,1
1817,6.2833,0.009833,0.0225,0.0,-0.012667,0.99725,-0.074108,1
1818,6.3,0.0096,0.0271,0.0,-0.0175,0.996917,-0.078459,1
1819,6.3167,0.009283,0.0252,0.0,-0.015917,0.996566,-0.082808,1
1820,6.3333,0.012033,0.0249,0.0,-0.012867,0.996195,-0.087156,1
1821,6.35,0.007667,0.0272,0.0,-0.019533,0.995805,-0.091502,1
1822,6.3667,0.015983,0.0223,0.0,-0.006317,0.995396,-0.095846,1
1823,6.3833,0.009567,0.0236,0.0,-0.014033,0.994969,-0.100188,1
1824,6.4,0.014917,0.0256,0.0,-0.010683,0.994522,-0.104528,1
1825,6.4167,0.0147,0.0282,0.0,-0.0135,0.994056,-0.108867,1
1826,6.4333,0.013467,0.0244,0.0,-0.010933,0.993572,-0.113203,1
1827,6.45,0.012,0.0276,0.0,-0.0156,0.993068,-0.117537,1
1828,6.4667,0.012533,0.0306,0.0,-0.018067,0.992546,-0.121869,1
1829,6.4833,0.01445,0.0241,0.0,-0.00965,0.992005,-0.126199,1
1830,6.5,0.018517,0.0282,0.0,-0.009683,0.991445,-0.130526,1
1831,6.5167,0.014717,0.0239,0.0,-0.009183,0.990866,-0.134851,1
1832,6.5333,0.017617,0.0228,0.0,-0.005183,0.990268,-0.139173,1
1833,6.55,0.013967,0.0244,0.0,-0.010433,0.989651,-0.143493,1
1834,6.5667,0.013533,0.026,0.0,-0.012467,0.989016,-0.147809,1
1835,6.5833,0.014433,0.0281,0.0,-0.013667,0.988362,-0.152123,1
1836,6.6,0.015983,0.0237,0.0,-0.007717,0.987688,-0.156434,1
1837,6.6167,0.0203,0.028,0.0,-0.0077,0.986996,-0.160743,1
1838,6.6333,0.018767,0.0286,0.0,-0.009833,0.986286,-0.165048,1
1839,6.65,0.0199,0.0253,0.0,-0.0054,0.985556,-0.16935,1
1840,6.6667,0.022367,0.0297,0.0,-0.007333,0.984808,-0.173648,1
1841,6.6833,0.0229,0.0236,0.0,-0.0007,0.984041,-0.177944,1
1842,6.7,0.021817,0.0306,0.0,-0.008783,0.983255,-0.182236,1
1843,6.7167,0.028217,0.0277,0.0005,0.000517,0.98245,-0.186524,0
1844,6.7333,0.025033,0.0278,0.0,-0.002767,0.981627,-0.190809,1
1845,6.75,0.023267,0.0261,0.0,-0.002833,0.980785,-0.19509,1
1846,6.7667,0.024267,0.0273,0.0,-0.003033,0.979925,-0.199368,1
1847,6.7833,0.026,0.0266,0.0,-0.0006,0.979045,-0.203642,1
1848,6.8,0.021517,0.0275,0.0,-0.005983,0.978148,-0.207912,1
1849,6.8167,0.027317,0.0273,0.0,1.7e-05,0.977231,-0.212178,0
1850,6.8333,0.029367,0.0279,0.0015,0.001467,0.976296,-0.21644,0
1851,6.85,0.02655,0.0271,0.001,-0.00055,0.975342,-0.220697,0
1852,6.8667,0.030467,0.0308,0.0007,-0.000333,0.97437,-0.224951,0
1853,6.8833,0.029617,0.0291,0.0012,0.000517,0.973379,-0.2292,0
1854,6.9,0.032717,0.0257,0.0082,0.007017,0.97237,-0.233445,0
1855,6.9167,0.030383,0.0251,0.0135,0.005283,0.971342,-0.237686,0
1856,6.9333,0.029667,0.0251,0.0181,0.004567,0.970296,-0.241922,0
1857,6.95,0.03015,0.025,0.0232,0.00515,0.969231,-0.246153,0
1858,6.9667,0.0327,0.0216,0.0343,0.0111,0.968148,-0.25038,0
1859,6.9833,0.033367,0.0289,0.0388,0.004467,0.967046,-0.254602,0
1860,7.0,0.029583,0.0506,0.0178,-0.021017,0.965926,-0.258819,0
1861,7.0167,0.0314,0.0431,0.0061,-0.0117,0.964787,-0.263031,0
1862,7.0333,0.028483,0.0497,0.0,-0.021217,0.96363,-0.267238,1
1863,7.05,0.035867,0.0489,0.0,-0.013033,0.962455,-0.27144,1
1864,7.0667,0.033917,0.0504,0.0,-0.016483,0.961262,-0.275637,1
1865,7.0833,0.03435,0.051,0.0,-0.01665,0.96005,-0.279829,1
1866,7.1,0.036283,0.0463,0.0,-0.010017,0.95882,-0.284015,1
1867,7.1167,0.032883,0.0467,0.0,-0.013817,0.957571,-0.288196,1
1868,7.1333,0.033367,0.0471,0.0,-0.013733,0.956305,-0.292372,1
1869,7.15,0.032017,0.0481,0.0,-0.016083,0.95502,-0.296542,1
1870,7.1667,0.039067,0.0437,0.0,-0.004633,0.953717,-0.300706,1
1871,7.1833,0.036783,0.0435,0.0,-0.006717,0.952396,-0.304864,1
1872,7.2,0.040333,0.0476,0.0,-0.007267,0.951057,-0.309017,1
1873,7.2167,0.039567,0.0496,0.0,-0.010033,0.949699,-0.313164,1
1874,7.2333,0.043083,0.0452,0.0,-0.002117,0.948324,-0.317305,1
1875,7.25,0.044733,0.0505,0.0,-0.005767,0.94693,-0.321439,1
1876,7.2667,0.03995,0.0481,0.0,-0.00815,0.945519,-0.325568,1
1877,7.2833,0.041683,0.049,0.0,-0.007317,0.944089,-0.329691,1
1878,7.3,0.044217,0.0474,0.0,-0.003183,0.942641,-0.333807,1
1879,7.3167,0.038583,0.0469,0.0,-0.008317,0.941176,-0.337917,1
1880,7.3333,0.041533,0.0505,0.0,-0.008967,0.939693,-0.34202,1
1881,7.35,0.040733,0.0474,0.0,-0.006667,0.938191,-0.346117,1
1882,7.3667,0.0448,0.0512,0.0,-0.0064,0.936672,-0.350207,1
1883,7.3833,0.04005,0.0462,0.0,-0.00615,0.935135,-0.354291,1
1884,7.4,0.0414,0.0475,0.0,-0.0061,0.93358,-0.358368,1
1885,7.4167,0.04235,0.0513,0.0,-0.00895,0.932008,-0.362438,1
1886,7.4333,0.041567,0.0508,0.0,-0.009233,0.930418,-0.366501,1
1887,7.45,0.0459,0.0454,0.0005,0.0005,0.92881,-0.370557,0
1888,7.4667,0.044917,0.0464,0.0,-0.001483,0.927184,-0.374607,1
1889,7.4833,0.042517,0.0435,0.0,-0.000983,0.925541,-0.378649,1
1890,7.5,0.04655,0.0437,0.0028,0.00285,0.92388,-0.382683,0
1891,7.5167,0.048833,0.0477,0.0039,0.001133,0.922201,-0.386711,0
1892,7.5333,0.0469,0.0453,0.0055,0.0016,0.920505,-0.390731,0
1893,7.55,0.04375,0.0472,0.002,-0.00345,0.918791,-0.394744,0
1894,7.5667,0.04335,0.0442,0.0011,-0.00085,0.91706,-0.398749,0
1895,7.5833,0.04885,0.0477,0.0022,0.00115,0.915311,-0.402747,0
1896,7.6,0.047483,0.0498,0.0,-0.002317,0.913545,-0.406737,1
1897,7.6167,0.047117,0.0479,0.0,-0.000783,0.911762,-0.410719,1
1898,7.6333,0.049733,0.0462,0.0035,0.003533,0.909961,-0.414693,0
1899,7.65,0.052617,0.0469,0.0092,0.005717,0.908143,-0.41866,0
1900,7.6667,0.050433,0.0456,0.014,0.004833,0.906308,-0.422618,0
1901,7.6833,0.0523,0.0473,0.019,0.005,0.904455,-0.426569,0
1902,7.7,0.045583,0.0499,0.0147,-0.004317,0.902585,-0.430511,0
1903,7.7167,0.055383,0.0471,0.023,0.008283,0.900698,-0.434445,0
1904,7.7333,0.0515,0.0475,0.027,0.004,0.898794,-0.438371,0
1905,7.75,0.0548,0.0488,0.033,0.006,0.896873,-0.442289,0
1906,7.7667,0.052783,0.0486,0.0372,0.004183,0.894934,-0.446198,0
1907,7.7833,0.05335,0.0473,0.0432,0.00605,0.892979,-0.450098,0
1908,7.8,0.056633,0.0487,0.0511,0.007933,0.891007,-0.45399,0
1909,7.8167,0.051433,0.0474,0.0551,0.004033,0.889017,-0.457874,0
1910,7.8333,0.054833,0.0486,0.0613,0.006233,0.887011,-0.461749,0
1911,7.85,0.057433,0.0493,0.0694,0.008133,0.884988,-0.465615,0
1912,7.8667,0.054483,0.053,0.0709,0.001483,0.882948,-0.469472,0
1913,7.8833,0.054083,0.048,0.077,0.006083,0.880891,-0.47332,0
1914,7.9,0.062333,0.0471,0.0922,0.015233,0.878817,-0.477159,0
1915,7.9167,0.062133,0.0434,0.1109,0.018733,0.876727,-0.480989,0
1916,7.9333,0.055633,0.0465,0.12,0.009133,0.87462,-0.48481,0
1917,7.95,0.054117,0.0486,0.1255,0.005517,0.872496,-0.488621,0
1918,7.9667,0.061733,0.0477,0.1395,0.014033,0.870356,-0.492424,0
1919,7.9833,0.0582,0.0501,0.1476,0.0081,0.868199,-0.496217,0
1920,8.0,0.05855,0.0458,0.1603,0.01275,0.866025,-0.5,0
1921,8.0167,0.062583,0.0488,0.1741,0.013783,0.863836,-0.503774,0
1922,8.0333,0.060383,0.0477,0.1868,0.012683,0.861629,-0.507538,0
1923,8.05,0.056233,0.0487,0.1943,0.007533,0.859406,-0.511293,0
1924,8.0667,0.064317,0.0496,0.209,0.014717,0.857167,-0.515038,0
1925,8.0833,0.06315,0.0473,0.2248,0.01585,0.854912,-0.518773,0
1926,8.1,0.06465,0.0493,0.2401,0.01535,0.85264,-0.522499,0
1927,8.1167,0.062117,0.0487,0.2535,0.013417,0.850352,-0.526214,0
1928,8.1333,0.060767,0.047,0.2673,0.013767,0.848048,-0.529919,0
1929,8.15,0.06275,0.0534,0.2766,0.00935,0.845728,-0.533615,0
1930,8.1667,0.062633,0.0932,0.246,-0.030567,0.843391,-0.5373,0
1931,8.1833,0.06565,0.0933,0.2183,-0.02765,0.841039,-0.540974,0
1932,8.2,0.068217,0.0957,0.1908,-0.027483,0.838671,-0.544639,0
1933,8.2167,0.068367,0.0956,0.1636,-0.027233,0.836286,-0.548293,0
1934,8.2333,0.07085,0.092,0.1424,-0.02115,0.833886,-0.551937,0
1935,8.25,0.06815,0.0916,0.119,-0.02345,0.83147,-0.55557,0
1936,8.2667,0.068117,0.0938,0.0933,-0.025683,0.829038,-0.559193,0
1937,8.2833,0.067733,0.0908,0.0702,-0.023067,0.82659,-0.562805,0
1938,8.3,0.06455,0.0942,0.0405,-0.02965,0.824126,-0.566406,0
1939,8.3167,0.0712,0.0944,0.0173,-0.0232,0.821647,-0.569997,0
1940,8.3333,0.06695,0.096,0.0,-0.02905,0.819152,-0.573576,1
1941,8.35,0.06535,0.0948,0.0,-0.02945,0.816642,-0.577145,1
1942,8.3667,0.066817,0.0938,0.0,-0.026983,0.814116,-0.580703,1
1943,8.3833,0.067317,0.0921,0.0,-0.024783,0.811574,-0.58425,1
1944,8.4,0.072183,0.0936,0.0,-0.021417,0.809017,-0.587785,1
1945,8.4167,0.07005,0.0924,0.0,-0.02235,0.806445,-0.59131,1
1946,8.4333,0.069917,0.0949,0.0,-0.024983,0.803857,-0.594823,1
1947,8.45,0.07025,0.094,0.0,-0.02375,0.801254,-0.598325,1
1948,8.4667,0.06985,0.0938,0.0,-0.02395,0.798636,-0.601815,1
1949,8.4833,0.069133,0.0889,0.0,-0.019767,0.796002,-0.605294,1
1950,8.5,0.07755,0.0949,0.0,-0.01735,0.793353,-0.608761,1
1951,8.5167,0.067817,0.0936,0.0,-0.025783,0.79069,-0.612217,1
1952,8.5333,0.0742,0.0948,0.0,-0.0206,0.788011,-0.615661,1
1953,8.55,0.075883,0.0938,0.0,-0.017917,0.785317,-0.619094,1
1954,8.5667,0.075233,0.0958,0.0,-0.020567,0.782608,-0.622515,1
1955,8.5833,0.0737,0.093,0.0,-0.0193,0.779884,-0.625923,1
1956,8.6,0.074617,0.0941,0.0,-0.019483,0.777146,-0.62932,1
1957,8.6167,0.075467,0.0973,0.0,-0.021833,0.774393,-0.632705,1
1958,8.6333,0.074967,0.0943,0.0,-0.019333,0.771625,-0.636078,1
1959,8.65,0.075783,0.0945,0.0,-0.018717,0.768842,-0.639439,1
1960,8.6667,0.076083,0.0915,0.0,-0.015417,0.766044,-0.642788,1
1961,8.6833,0.07635,0.0919,0.0,-0.01555,0.763232,-0.646124,1
1962,8.7,0.0782,0.0953,0.0,-0.0171,0.760406,-0.649448,1
1963,8.7167,0.078333,0.0944,0.0,-0.016067,0.757565,-0.65276,1
1964,8.7333,0.077517,0.0911,0.0,-0.013583,0.75471,-0.656059,1
1965,8.75,0.080367,0.0927,0.0,-0.012333,0.75184,-0.659346,1
1966,8.7667,0.078117,0.0911,0.0,-0.012983,0.748956,-0.66262,1
1967,8.7833,0.080483,0.0929,0.0,-0.012417,0.746057,-0.665882,1
1968,8.8,0.079483,0.0917,0.0,-0.012217,0.743145,-0.669131,1
1969,8.8167,0.082217,0.0882,0.0,-0.005983,0.740218,-0.672367,1
1970,8.8333,0.0785,0.0927,0.0,-0.0142,0.737277,-0.67559,1
1971,8.85,0.084433,0.0917,0.0,-0.007267,0.734323,-0.678801,1
1972,8.8667,0.081617,0.0923,0.0,-0.010683,0.731354,-0.681998,1
1973,8.8833,0.0813,0.094,0.0,-0.0127,0.728371,-0.685183,1
1974,8.9,0.080967,0.0954,0.0,-0.014433,0.725374,-0.688355,1
1975,8.9167,0.082833,0.0938,0.0,-0.010967,0.722364,-0.691513,1
1976,8.9333,0.082617,0.0442,0.0384,0.038417,0.71934,-0.694658,0
1977,8.95,0.086733,0.044,0.0811,0.042733,0.716302,-0.69779,0
1978,8.9667,0.090067,0.0468,0.1244,0.043267,0.71325,-0.700909,0
1979,8.9833,0.088067,0.0479,0.1646,0.040167,0.710185,-0.704015,0
1980,9.0,0.079467,0.0277,0.2164,0.051767,0.707107,-0.707107,0
1981,9.0167,0.082283,0.025,0.2737,0.057283,0.704015,-0.710185,0
1982,9.0333,0.083167,0.029,0.3279,0.054167,0.700909,-0.71325,0
1983,9.05,0.086883,0.026,0.3888,0.060883,0.69779,-0.716302,0
1984,9.0667,0.0867,0.0295,0.446,0.0572,0.694658,-0.71934,0
1985,9.0833,0.0902,0.0294,0.5068,0.0608,0.691513,-0.722364,0
1986,9.1,0.085467,0.0277,0.5646,0.057767,0.688355,-0.725374,0
1987,9.1167,0.08755,0.0261,0.626,0.06145,0.685183,-0.728371,0
1988,9.1333,0.091267,0.0235,0.6938,0.067767,0.681998,-0.731354,0
1989,9.15,0.086983,0.0265,0.7543,0.060483,0.678801,-0.734323,0
1990,9.1667,0.082083,0.0249,0.8115,0.057183,0.67559,-0.737277,0
1991,9.1833,0.087767,0.0253,0.874,0.062467,0.672367,-0.740218,0
1992,9.2,0.088867,0.0235,0.9394,0.065367,0.669131,-0.743145,0
1993,9.2167,0.088167,0.0256,1.002,0.062567,0.665882,-0.746057,0
1994,9.2333,0.092433,0.0238,1.0706,0.068633,0.66262,-0.748956,0
1995,9.25,0.0847,0.0255,1.1298,0.0592,0.659346,-0.75184,0
1996,9.2667,0.0924,0.0265,1.1957,0.0659,0.656059,-0.75471,0
1997,9.2833,0.0922,0.0265,1.2614,0.0657,0.65276,-0.757565,0
1998,9.3,0.092083,0.0279,1.3256,0.064183,0.649448,-0.760406,0
1999,9.3167,0.092217,0.0262,1.3916,0.066017,0.646124,-0.763232,0
2000,9.3333,0.092333,0.0212,1.4627,0.071133,0.642788,-0.766044,0
2001,9.35,0.091367,0.0251,1.529,0.066267,0.639439,-0.768842,0
2002,9.3667,0.095317,0.026,1.5983,0.069317,0.636078,-0.771625,0
2003,9.3833,0.09185,0.0239,1.6663,0.06795,0.632705,-0.774393,0
2004,9.4,0.091367,0.0244,1.7333,0.066967,0.62932,-0.777146,0
2005,9.4167,0.092783,0.0254,1.8007,0.067383,0.625923,-0.779884,0
2006,9.4333,0.095583,0.0278,1.8685,0.067783,0.622515,-0.782608,0
2007,9.45,0.095983,0.0272,1.9373,0.068783,0.619094,-0.785317,0
2008,9.4667,0.095983,0.0261,2.0072,0.069883,0.615661,-0.788011,0
2009,9.4833,0.091183,0.0319,2.0665,0.059283,0.612217,-0.79069,0
2010,9.5,0.095167,0.0287,2.133,0.066467,0.608761,-0.793353,0
2011,9.5167,0.095583,0.0245,2.2041,0.071083,0.605294,-0.796002,0
2012,9.5333,0.096583,0.0267,2.274,0.069883,0.601815,-0.798636,0
2013,9.55,0.0918,0.0265,2.3393,0.0653,0.598325,-0.801254,0
2014,9.5667,0.0932,0.0276,2.4049,0.0656,0.594823,-0.803857,0
2015,9.5833,0.095183,0.0291,2.471,0.066083,0.59131,-0.806445,0
2016,9.6,0.0958,0.0308,2.536,0.065,0.587785,-0.809017,0
2017,9.6167,0.09295,0.0286,2.6004,0.06435,0.58425,-0.811574,0
2018,9.6333,0.0987,0.0238,2.6753,0.0749,0.580703,-0.814116,0
2019,9.65,0.098967,0.0262,2.7481,0.072767,0.577145,-0.816642,0
2020,9.6667,0.098733,0.0249,2.8219,0.073833,0.573576,-0.819152,0
2021,9.6833,0.0939,0.0286,2.8872,0.0653,0.569997,-0.821647,0
2022,9.7,0.0987,0.0241,2.9618,0.0746,0.566406,-0.824126,0
2023,9.7167,0.09495,0.0261,3.0307,0.06885,0.562805,-0.82659,0
2024,9.7333,0.0971,0.0289,3.0989,0.0682,0.559193,-0.829038,0
2025,9.75,0.102933,0.0244,3.1774,0.078533,0.55557,-0.83147,0
2026,9.7667,0.099417,0.0288,3.248,0.070617,0.551937,-0.833886,0
2027,9.7833,0.103383,0.0235,3.3279,0.079883,0.548293,-0.836286,0
2028,9.8,0.102467,0.0271,3.4033,0.075367,0.544639,-0.838671,0
2029,9.8167,0.103633,0.0262,3.4807,0.077433,0.540974,-0.841039,0
2030,9.8333,0.103583,0.0274,3.5569,0.076183,0.5373,-0.843391,0
2031,9.85,0.101883,0.0263,3.6325,0.075583,0.533615,-0.845728,0
2032,9.8667,0.10295,0.0288,3.7066,0.07415,0.529919,-0.848048,0
2033,9.8833,0.1018,0.0258,3.7826,0.076,0.526214,-0.850352,0
2034,9.9,0.097383,0.025,3.855,0.072383,0.522499,-0.85264,0
2035,9.9167,0.101483,0.0263,3.9302,0.075183,0.518773,-0.854912,0
2036,9.9333,0.101367,0.0263,4.0053,0.075067,0.515038,-0.857167,0
2037,9.95,0.099167,0.0269,4.0776,0.072267,0.511293,-0.859406,0
2038,9.9667,0.102967,0.0225,4.1581,0.080467,0.507538,-0.861629,0
2039,9.9833,0.099283,0.0229,4.2345,0.076383,0.503774,-0.863836,0
2040,10.0,0.10545,0.0242,4.3157,0.08125,0.5,-0.866025,0
2041,10.0167,0.0993,0.0257,4.3893,0.0736,0.496217,-0.868199,0
2042,10.0333,0.106317,0.0254,4.4702,0.080917,0.492424,-0.870356,0
2043,10.05,0.110117,0.0283,4.552,0.081817,0.488621,-0.872496,0
2044,10.0667,0.103633,0.03,4.6256,0.073633,0.48481,-0.87462,0
2045,10.0833,0.104967,0.0263,4.7043,0.078667,0.480989,-0.876727,0
2046,10.1,0.106333,0.0229,4.7877,0.083433,0.477159,-0.878817,0
2047,10.1167,0.108783,0.0276,4.8689,0.081183,0.47332,-0.880891,0
2048,10.1333,0.10395,0.0271,4.9458,0.07685,0.469472,-0.882948,0
2049,10.15,0.10435,0.0277,5.0225,0.07665,0.465615,-0.884988,0
2050,10.1667,0.108833,0.0278,5.1035,0.081033,0.461749,-0.887011,0
2051,10.1833,0.103117,0.0233,5.1833,0.079817,0.457874,-0.889017,0
2052,10.2,0.107083,0.0275,5.2629,0.079583,0.45399,-0.891007,0
2053,10.2167,0.1112,0.0258,5.3483,0.0854,0.450098,-0.892979,0
2054,10.2333,0.106833,0.0289,5.4262,0.077933,0.446198,-0.894934,0
2055,10.25,0.10945,0.0249,5.5107,0.08455,0.442289,-0.896873,0
2056,10.2667,0.1086,0.0272,5.5921,0.0814,0.438371,-0.898794,0
2057,10.2833,0.109983,0.0236,5.6785,0.086383,0.434445,-0.900698,0
2058,10.3,0.1062,0.0244,5.7603,0.0818,0.430511,-0.902585,0
2059,10.3167,0.106767,0.0265,5.8406,0.080267,0.426569,-0.904455,0
2060,10.3333,0.105917,0.0262,5.9203,0.079717,0.422618,-0.906308,0
2061,10.35,0.1118,0.0292,6.0029,0.0826,0.41866,-0.908143,0
2062,10.3667,0.109467,0.0254,6.087,0.084067,0.414693,-0.909961,0
2063,10.3833,0.111417,0.0273,6.1711,0.084117,0.410719,-0.911762,0
2064,10.4,0.109667,0.0283,6.2525,0.081367,0.406737,-0.913545,0
2065,10.4167,0.111,0.0253,6.3382,0.0857,0.402747,-0.915311,0
2066,10.4333,0.108633,0.0247,6.4221,0.083933,0.398749,-0.91706,0
2067,10.45,0.108417,0.0272,6.5033,0.081217,0.394744,-0.918791,0
2068,10.4667,0.113233,0.027,6.5895,0.086233,0.390731,-0.920505,0
2069,10.4833,0.108567,0.0286,6.6695,0.079967,0.386711,-0.922201,0
2070,10.5,0.114967,0.0271,6.7574,0.087867,0.382683,-0.92388,0
2071,10.5167,0.1126,0.026,6.844,0.0866,0.378649,-0.925541,0
2072,10.5333,0.109017,0.0238,6.9292,0.085217,0.374607,-0.927184,0
2073,10.55,0.112883,0.0239,7.0182,0.088983,0.370557,-0.92881,0
2074,10.5667,0.1143,0.0268,7.1057,0.0875,0.366501,-0.930418,0
2075,10.5833,0.113783,0.0299,7.1896,0.083883,0.362438,-0.932008,0
2076,10.6,0.1092,0.0267,7.2721,0.0825,0.358368,-0.93358,0
2077,10.6167,0.11095,0.022,7.361,0.08895,0.354291,-0.935135,0
2078,10.6333,0.113533,0.0274,7.4471,0.086133,0.350207,-0.936672,0
2079,10.65,0.117683,0.0282,7.5366,0.089483,0.346117,-0.938191,0
2080,10.6667,0.1152,0.026,7.6258,0.0892,0.34202,-0.939693,0
2081,10.6833,0.11895,0.0265,7.7182,0.09245,0.337917,-0.941176,0
2082,10.7,0.119183,0.0264,7.811,0.092783,0.333807,-0.942641,0
2083,10.7167,0.115733,0.0291,7.8976,0.086633,0.329691,-0.944089,0
2084,10.7333,0.11575,0.0273,7.986,0.08845,0.325568,-0.945519,0
2085,10.75,0.111033,0.0263,8.0707,0.084733,0.321439,-0.94693,0
2086,10.7667,0.116183,0.029,8.1579,0.087183,0.317305,-0.948324,0
2087,10.7833,0.11175,0.0275,8.2422,0.08425,0.313164,-0.949699,0
2088,10.8,0.1122,0.0259,8.3285,0.0863,0.309017,-0.951057,0
2089,10.8167,0.119317,0.0259,8.4219,0.093417,0.304864,-0.952396,0
2090,10.8333,0.110967,0.0247,8.5082,0.086267,0.300706,-0.953717,0
2091,10.85,0.1175,0.0254,8.6003,0.0921,0.296542,-0.95502,0
2092,10.8667,0.115917,0.0226,8.6936,0.093317,0.292372,-0.956305,0
2093,10.8833,0.1123,0.0279,8.778,0.0844,0.288196,-0.957571,0
2094,10.9,0.120567,0.0259,8.8727,0.094667,0.284015,-0.95882,0
2095,10.9167,0.1158,0.0287,8.9598,0.0871,0.279829,-0.96005,0
2096,10.9333,0.116667,0.0281,9.0484,0.088567,0.275637,-0.961262,0
2097,10.95,0.1168,0.0295,9.1357,0.0873,0.27144,-0.962455,0
2098,10.9667,0.11605,0.0266,9.2251,0.08945,0.267238,-0.96363,0
2099,10.9833,0.115067,0.0283,9.3119,0.086767,0.263031,-0.964787,0
2100,11.0,0.117183,0.026,9.4031,0.091183,0.258819,-0.965926,0
2101,11.0167,0.118517,0.0271,9.4945,0.091417,0.254602,-0.967046,0
2102,11.0333,0.117583,0.0272,9.5849,0.090383,0.25038,-0.968148,0
2103,11.05,0.118333,0.0267,9.6765,0.091633,0.246153,-0.969231,0
2104,11.0667,0.116167,0.0226,9.7701,0.093567,0.241922,-0.970296,0
2105,11.0833,0.11395,0.0258,9.8582,0.08815,0.237686,-0.971342,0
2106,11.1,0.113783,0.0274,9.9446,0.086383,0.233445,-0.97237,0
2107,11.1167,0.118517,0.0233,10.0398,0.095217,0.2292,-0.973379,0
2108,11.1333,0.11955,0.0275,10.1319,0.09205,0.224951,-0.97437,0
2109,11.15,0.11735,0.0296,10.2196,0.08775,0.220697,-0.975342,0
2110,11.1667,0.119483,0.0274,10.3117,0.092083,0.21644,-0.976296,0
2111,11.1833,0.122,0.0213,10.4124,0.1007,0.212178,-0.977231,0
2112,11.2,0.12185,0.0281,10.5061,0.09375,0.207912,-0.978148,0
2113,11.2167,0.11985,0.0241,10.6018,0.09575,0.203642,-0.979045,0
2114,11.2333,0.11755,0.0293,10.6901,0.08825,0.199368,-0.979925,0
2115,11.25,0.111017,0.029,10.7721,0.082017,0.19509,-0.980785,0
2116,11.2667,0.119833,0.0295,10.8624,0.090333,0.190809,-0.981627,0
2117,11.2833,0.12065,0.0254,10.9576,0.09525,0.186524,-0.98245,0
2118,11.3,0.121283,0.0253,11.0536,0.095983,0.182236,-0.983255,0
2119,11.3167,0.1219,0.0298,11.1457,0.0921,0.177944,-0.984041,0
2120,11.3333,0.119267,0.0298,11.2352,0.089467,0.173648,-0.984808,0
2121,11.35,0.115567,0.0277,11.3231,0.087867,0.16935,-0.985556,0
2122,11.3667,0.117983,0.0244,11.4167,0.093583,0.165048,-0.986286,0
2123,11.3833,0.117467,0.0253,11.5089,0.092167,0.160743,-0.986996,0
2124,11.4,0.120083,0.0244,11.6046,0.095683,0.156434,-0.987688,0
2125,11.4167,0.120567,0.0283,11.6969,0.092267,0.152123,-0.988362,0
2126,11.4333,0.117567,0.0249,11.7896,0.092667,0.147809,-0.989016,0
2127,11.45,0.1209,0.0286,11.8819,0.0923,0.143493,-0.989651,0
2128,11.4667,0.117467,0.0256,11.9738,0.091867,0.139173,-0.990268,0
2129,11.4833,0.112033,0.0249,12.0609,0.087133,0.134851,-0.990866,0
2130,11.5,0.118,0.0249,12.154,0.0931,0.130526,-0.991445,0
2131,11.5167,0.117233,0.0247,12.2465,0.092533,0.126199,-0.992005,0
2132,11.5333,0.1174,0.0261,12.3378,0.0913,0.121869,-0.992546,0
2133,11.55,0.12105,0.0242,12.4346,0.09685,0.117537,-0.993068,0
2134,11.5667,0.118267,0.0261,12.5268,0.092167,0.113203,-0.993572,0
2135,11.5833,0.118117,0.0268,12.6181,0.091317,0.108867,-0.994056,0
2136,11.6,0.118317,0.0288,12.7076,0.089517,0.104528,-0.994522,0
2137,11.6167,0.122317,0.0236,12.8063,0.098717,0.100188,-0.994969,0
2138,11.6333,0.11885,0.0261,12.8991,0.09275,0.095846,-0.995396,0
2139,11.65,0.115783,0.0246,12.9903,0.091183,0.091502,-0.995805,0
2140,11.6667,0.1173,0.0286,13.079,0.0887,0.087156,-0.996195,0
2141,11.6833,0.116,0.0241,13.1709,0.0919,0.082808,-0.996566,0
2142,11.7,0.119217,0.0278,13.2623,0.091417,0.078459,-0.996917,0
2143,11.7167,0.123283,0.0243,13.3613,0.098983,0.074108,-0.99725,0
2144,11.7333,0.12105,0.0256,13.4567,0.09545,0.069756,-0.997564,0
2145,11.75,0.12035,0.0246,13.5525,0.09575,0.065403,-0.997859,0
2146,11.7667,0.122367,0.0303,13.6446,0.092067,0.061049,-0.998135,0
2147,11.7833,0.12285,0.0245,13.743,0.09835,0.056693,-0.998392,0
2148,11.8,0.123917,0.0217,13.8452,0.102217,0.052336,-0.99863,0
2149,11.8167,0.122033,0.0283,13.9389,0.093733,0.047978,-0.998848,0
2150,11.8333,0.12095,0.0275,14.0324,0.09345,0.043619,-0.999048,0
2151,11.85,0.119633,0.0315,14.1205,0.088133,0.03926,-0.999229,0
2152,11.8667,0.118133,0.0252,14.2134,0.092933,0.034899,-0.999391,0
2153,11.8833,0.1234,0.0272,14.3096,0.0962,0.030539,-0.999534,0
2154,11.9,0.122283,0.0252,14.4067,0.097083,0.026177,-0.999657,0
2155,11.9167,0.118967,0.027,14.4987,0.091967,0.021815,-0.999762,0
2156,11.9333,0.121033,0.023,14.5967,0.098033,0.017452,-0.999848,0
2157,11.95,0.1199,0.0283,14.6883,0.0916,0.01309,-0.999914,0
2158,11.9667,0.118233,0.0295,14.777,0.088733,0.008727,-0.999962,0
2159,11.9833,0.121067,0.0272,14.8709,0.093867,0.004363,-0.99999,0
2160,12.0,0.122167,0.0295,14.9636,0.092667,0.0,-1.0,0
2161,12.0167,0.11495,0.0285,15.0,0.08645,-0.004363,-0.99999,0
2162,12.0333,0.118983,0.0264,15.0,0.092583,-0.008727,-0.999962,0
2163,12.05,0.120933,0.0235,15.0,0.097433,-0.01309,-0.999914,0
2164,12.0667,0.1167,0.0248,15.0,0.0919,-0.017452,-0.999848,0
2165,12.0833,0.125283,0.0251,15.0,0.100183,-0.021815,-0.999762,0
2166,12.1,0.122733,0.025,15.0,0.097733,-0.026177,-0.999657,0
2167,12.1167,0.12005,0.0271,15.0,0.09295,-0.030539,-0.999534,0
2168,12.1333,0.118783,0.026,15.0,0.092783,-0.034899,-0.999391,0
2169,12.15,0.12385,0.0267,15.0,0.09715,-0.03926,-0.999229,0
2170,12.1667,0.11885,0.0253,15.0,0.09355,-0.043619,-0.999048,0
2171,12.1833,0.117467,0.0265,15.0,0.090967,-0.047978,-0.998848,0
2172,12.2,0.117817,0.0244,15.0,0.093417,-0.052336,-0.99863,0
2173,12.2167,0.1145,0.0256,15.0,0.0889,-0.056693,-0.998392,0
2174,12.2333,0.121367,0.0267,15.0,0.094667,-0.061049,-0.998135,0
2175,12.25,0.121983,0.0265,15.0,0.095483,-0.065403,-0.997859,0
2176,12.2667,0.1176,0.0264,15.0,0.0912,-0.069756,-0.997564,0
2177,12.2833,0.120283,0.0253,15.0,0.094983,-0.074108,-0.99725,0
2178,12.3,0.1177,0.0238,15.0,0.0939,-0.078459,-0.996917,0
2179,12.3167,0.122017,0.026,15.0,0.096017,-0.082808,-0.996566,0
2180,12.3333,0.118883,0.0258,15.0,0.093083,-0.087156,-0.996195,0
2181,12.35,0.1196,0.0252,15.0,0.0944,-0.091502,-0.995805,0
2182,12.3667,0.11725,0.0238,15.0,0.09345,-0.095846,-0.995396,0
2183,12.3833,0.119983,0.0276,15.0,0.092383,-0.100188,-0.994969,0
2184,12.4,0.116317,0.0261,15.0,0.090217,-0.104528,-0.994522,0
2185,12.4167,0.115167,0.0262,15.0,0.088967,-0.108867,-0.994056,0
2186,12.4333,0.121133,0.0236,15.0,0.097533,-0.113203,-0.993572,0
2187,12.45,0.115683,0.0263,15.0,0.089383,-0.117537,-0.993068,0
2188,12.4667,0.12125,0.0252,15.0,0.09605,-0.121869,-0.992546,0
2189,12.4833,0.117717,0.0252,15.0,0.092517,-0.126199,-0.992005,0
2190,12.5,0.1138,0.0259,15.0,0.0879,-0.130526,-0.991445,0
2191,12.5167,0.11625,0.0227,15.0,0.09355,-0.134851,-0.990866,0
2192,12.5333,0.118333,0.0242,15.0,0.094133,-0.139173,-0.990268,0
2193,12.55,0.121017,0.0243,15.0,0.096717,-0.143493,-0.989651,0
2194,12.5667,0.121633,0.0259,15.0,0.095733,-0.147809,-0.989016,0
2195,12.5833,0.115133,0.027,15.0,0.088133,-0.152123,-0.988362,0
2196,12.6,0.118033,0.0309,15.0,0.087133,-0.156434,-0.987688,0
2197,12.6167,0.118567,0.0268,15.0,0.091767,-0.160743,-0.986996,0
2198,12.6333,0.1175,0.0241,15.0,0.0934,-0.165048,-0.986286,0
2199,12.65,0.116867,0.0259,15.0,0.090967,-0.16935,-0.985556,0
2200,12.6667,0.120983,0.0224,15.0,0.098583,-0.173648,-0.984808,0
2201,12.6833,0.116833,0.0279,15.0,0.088933,-0.177944,-0.984041,0
2202,12.7,0.116617,0.0286,15.0,0.088017,-0.182236,-0.983255,0
2203,12.7167,0.1172,0.0239,15.0,0.0933,-0.186524,-0.98245,0
2204,12.7333,0.1145,0.0252,15.0,0.0893,-0.190809,-0.981627,0
2205,12.75,0.120783,0.0227,15.0,0.098083,-0.19509,-0.980785,0
2206,12.7667,0.116867,0.0285,15.0,0.088367,-0.199368,-0.979925,0
2207,12.7833,0.118217,0.0277,15.0,0.090517,-0.203642,-0.979045,0
2208,12.8,0.114983,0.0248,15.0,0.090183,-0.207912,-0.978148,0
2209,12.8167,0.11735,0.0248,15.0,0.09255,-0.212178,-0.977231,0
2210,12.8333,0.118033,0.0265,15.0,0.091533,-0.21644,-0.976296,0
2211,12.85,0.120517,0.0289,15.0,0.091617,-0.220697,-0.975342,0
2212,12.8667,0.11595,0.0286,15.0,0.08735,-0.224951,-0.97437,0
2213,12.8833,0.117883,0.0258,15.0,0.092083,-0.2292,-0.973379,0
2214,12.9,0.117217,0.0246,15.0,0.092617,-0.233445,-0.97237,0
2215,12.9167,0.114217,0.0271,15.0,0.087117,-0.237686,-0.971342,0
2216,12.9333,0.116117,0.0249,15.0,0.091217,-0.241922,-0.970296,0
2217,12.95,0.117633,0.0313,15.0,0.086333,-0.246153,-0.969231,0
2218,12.9667,0.1161,0.0286,15.0,0.0875,-0.25038,-0.968148,0
2219,12.9833,0.115033,0.0262,15.0,0.088833,-0.254602,-0.967046,0
2220,13.0,0.11705,0.0258,15.0,0.09125,-0.258819,-0.965926,0
2221,13.0167,0.113667,0.0274,15.0,0.086267,-0.263031,-0.964787,0
2222,13.0333,0.115317,0.0256,15.0,0.089717,-0.267238,-0.96363,0
2223,13.05,0.114467,0.0294,15.0,0.085067,-0.27144,-0.962455,0
2224,13.0667,0.113883,0.0257,15.0,0.088183,-0.275637,-0.961262,0
2225,13.0833,0.116367,0.0263,15.0,0.090067,-0.279829,-0.96005,0
2226,13.1,0.112717,0.0301,15.0,0.082617,-0.284015,-0.95882,0
2227,13.1167,0.11605,0.0265,15.0,0.08955,-0.288196,-0.957571,0
2228,13.1333,0.117267,0.0262,15.0,0.091067,-0.292372,-0.956305,0
2229,13.15,0.114383,0.0239,15.0,0.090483,-0.296542,-0.95502,0
2230,13.1667,0.1148,0.023,15.0,0.0918,-0.300706,-0.953717,0
2231,13.1833,0.11475,0.0271,15.0,0.08765,-0.304864,-0.952396,0
2232,13.2,0.116967,0.025,15.0,0.091967,-0.309017,-0.951057,0
2233,13.2167,0.110533,0.0287,15.0,0.081833,-0.313164,-0.949699,0
2234,13.2333,0.112367,0.0271,15.0,0.085267,-0.317305,-0.948324,0
2235,13.25,0.113967,0.0269,15.0,0.087067,-0.321439,-0.94693,0
2236,13.2667,0.1122,0.0283,15.0,0.0839,-0.325568,-0.945519,0
2237,13.2833,0.115083,0.0262,15.0,0.088883,-0.329691,-0.944089,0
2238,13.3,0.1097,0.0257,15.0,0.084,-0.333807,-0.942641,0
2239,13.3167,0.113567,0.0232,15.0,0.090367,-0.337917,-0.941176,0
2240,13.3333,0.110633,0.0285,15.0,0.082133,-0.34202,-0.939693,0
2241,13.35,0.115133,0.026,15.0,0.089133,-0.346117,-0.938191,0
2242,13.3667,0.114933,0.0248,15.0,0.090133,-0.350207,-0.936672,0
2243,13.3833,0.1139,0.0264,15.0,0.0875,-0.354291,-0.935135,0
2244,13.4,0.112967,0.0223,15.0,0.090667,-0.358368,-0.93358,0
2245,13.4167,0.113683,0.0274,15.0,0.086283,-0.362438,-0.932008,0
2246,13.4333,0.111433,0.027,15.0,0.084433,-0.366501,-0.930418,0
2247,13.45,0.113533,0.0289,15.0,0.084633,-0.370557,-0.92881,0
2248,13.4667,0.111617,0.0225,15.0,0.089117,-0.374607,-0.927184,0
2249,13.4833,0.108667,0.0233,15.0,0.085367,-0.378649,-0.925541,0
2250,13.5,0.11555,0.0273,15.0,0.08825,-0.382683,-0.92388,0
2251,13.5167,0.111317,0.0254,15.0,0.085917,-0.386711,-0.922201,0
2252,13.5333,0.112333,0.0262,15.0,0.086133,-0.390731,-0.920505,0
2253,13.55,0.111417,0.0284,15.0,0.083017,-0.394744,-0.918791,0
2254,13.5667,0.111433,0.0269,15.0,0.084533,-0.398749,-0.91706,0
2255,13.5833,0.113317,0.0266,15.0,0.086717,-0.402747,-0.915311,0
2256,13.6,0.113283,0.0242,15.0,0.089083,-0.406737,-0.913545,0
2257,13.6167,0.108217,0.0271,15.0,0.081117,-0.410719,-0.911762,0
2258,13.6333,0.106883,0.0261,15.0,0.080783,-0.414693,-0.909961,0
2259,13.65,0.111333,0.0235,15.0,0.087833,-0.41866,-0.908143,0
2260,13.6667,0.108617,0.0286,15.0,0.080017,-0.422618,-0.906308,0
2261,13.6833,0.1142,0.023,15.0,0.0912,-0.426569,-0.904455,0
2262,13.7,0.103117,0.0292,15.0,0.073917,-0.430511,-0.902585,0
2263,13.7167,0.10905,0.0255,15.0,0.08355,-0.434445,-0.900698,0
2264,13.7333,0.11105,0.0275,15.0,0.08355,-0.438371,-0.898794,0
2265,13.75,0.108633,0.0253,15.0,0.083333,-0.442289,-0.896873,0
2266,13.7667,0.108733,0.0249,15.0,0.083833,-0.446198,-0.894934,0
2267,13.7833,0.10235,0.0271,15.0,0.07525,-0.450098,-0.892979,0
2268,13.8,0.108617,0.0246,15.0,0.084017,-0.45399,-0.891007,0
2269,13.8167,0.106783,0.026,15.0,0.080783,-0.457874,-0.889017,0
2270,13.8333,0.106683,0.025,15.0,0.081683,-0.461749,-0.887011,0
2271,13.85,0.1134,0.0265,15.0,0.0869,-0.465615,-0.884988,0
2272,13.8667,0.10375,0.0261,15.0,0.07765,-0.469472,-0.882948,0
2273,13.8833,0.103667,0.0235,15.0,0.080167,-0.47332,-0.880891,0
2274,13.9,0.104617,0.0277,15.0,0.076917,-0.477159,-0.878817,0
2275,13.9167,0.106017,0.0246,15.0,0.081417,-0.480989,-0.876727,0
2276,13.9333,0.1052,0.024,15.0,0.0812,-0.48481,-0.87462,0
2277,13.95,0.1061,0.0266,15.0,0.0795,-0.488621,-0.872496,0
2278,13.9667,0.108883,0.0245,15.0,0.084383,-0.492424,-0.870356,0
2279,13.9833,0.100967,0.0275,15.0,0.073467,-0.496217,-0.868199,0
2280,14.0,0.1093,0.0282,15.0,0.0811,-0.5,-0.866025,0
2281,14.0167,0.108617,0.0284,15.0,0.080217,-0.503774,-0.863836,0
2282,14.0333,0.104283,0.025,15.0,0.079283,-0.507538,-0.861629,0
2283,14.05,0.106167,0.0266,15.0,0.079567,-0.511293,-0.859406,0
2284,14.0667,0.10235,0.0273,15.0,0.07505,-0.515038,-0.857167,0
2285,14.0833,0.1003,0.0302,15.0,0.0701,-0.518773,-0.854912,0
2286,14.1,0.102783,0.0271,15.0,0.075683,-0.522499,-0.85264,0
2287,14.1167,0.102233,0.0254,15.0,0.076833,-0.526214,-0.850352,0
2288,14.1333,0.100167,0.0257,15.0,0.074467,-0.529919,-0.848048,0
2289,14.15,0.099733,0.0277,15.0,0.072033,-0.533615,-0.845728,0
2290,14.1667,0.105067,0.0275,15.0,0.077567,-0.5373,-0.843391,0
2291,14.1833,0.099117,0.0251,15.0,0.074017,-0.540974,-0.841039,0
2292,14.2,0.0997,0.0245,15.0,0.0752,-0.544639,-0.838671,0
2293,14.2167,0.0983,0.0282,15.0,0.0701,-0.548293,-0.836286,0
2294,14.2333,0.103683,0.0257,15.0,0.077983,-0.551937,-0.833886,0
2295,14.25,0.09925,0.0255,15.0,0.07375,-0.55557,-0.83147,0
2296,14.2667,0.10015,0.0256,15.0,0.07455,-0.559193,-0.829038,0
2297,14.2833,0.099517,0.0263,15.0,0.073217,-0.562805,-0.82659,0
2298,14.3,0.101467,0.028,15.0,0.073467,-0.566406,-0.824126,0
2299,14.3167,0.101817,0.025,15.0,0.076817,-0.569997,-0.821647,0
2300,14.3333,0.0984,0.027,15.0,0.0714,-0.573576,-0.819152,0
2301,14.35,0.099283,0.0299,15.0,0.069383,-0.577145,-0.816642,0
2302,14.3667,0.094783,0.0252,15.0,0.069583,-0.580703,-0.814116,0
2303,14.3833,0.09635,0.0259,15.0,0.07045,-0.58425,-0.811574,0
2304,14.4,0.099683,0.024,15.0,0.075683,-0.587785,-0.809017,0
2305,14.4167,0.096717,0.0279,15.0,0.068817,-0.59131,-0.806445,0
2306,14.4333,0.09635,0.0227,15.0,0.07365,-0.594823,-0.803857,0
2307,14.45,0.091483,0.0284,15.0,0.063083,-0.598325,-0.801254,0
2308,14.4667,0.0952,0.0233,15.0,0.0719,-0.601815,-0.798636,0
2309,14.4833,0.096883,0.0275,15.0,0.069383,-0.605294,-0.796002,0
2310,14.5,0.09495,0.0244,15.0,0.07055,-0.608761,-0.793353,0
2311,14.5167,0.098217,0.0259,15.0,0.072317,-0.612217,-0.79069,0
2312,14.5333,0.0914,0.0223,15.0,0.0691,-0.615661,-0.788011,0
2313,14.55,0.0909,0.0299,15.0,0.061,-0.619094,-0.785317,0
2314,14.5667,0.094567,0.026,15.0,0.068567,-0.622515,-0.782608,0
2315,14.5833,0.0896,0.0259,15.0,0.0637,-0.625923,-0.779884,0
2316,14.6,0.094767,0.0289,15.0,0.065867,-0.62932,-0.777146,0
2317,14.6167,0.094383,0.0246,15.0,0.069783,-0.632705,-0.774393,0
2318,14.6333,0.091233,0.0268,15.0,0.064433,-0.636078,-0.771625,0
2319,14.65,0.090767,0.0262,15.0,0.064567,-0.639439,-0.768842,0
2320,14.6667,0.088067,0.0285,15.0,0.059567,-0.642788,-0.766044,0
2321,14.6833,0.089083,0.0273,15.0,0.061783,-0.646124,-0.763232,0
2322,14.7,0.089267,0.0276,15.0,0.061667,-0.649448,-0.760406,0
2323,14.7167,0.094967,0.0256,15.0,0.069367,-0.65276,-0.757565,0
2324,14.7333,0.0917,0.0276,15.0,0.0641,-0.656059,-0.75471,0
2325,14.75,0.088833,0.0259,15.0,0.062933,-0.659346,-0.75184,0
2326,14.7667,0.092367,0.0286,15.0,0.063767,-0.66262,-0.748956,0
2327,14.7833,0.092933,0.0272,15.0,0.065733,-0.665882,-0.746057,0
2328,14.8,0.088933,0.0252,15.0,0.063733,-0.669131,-0.743145,0
2329,14.8167,0.0898,0.0267,15.0,0.0631,-0.672367,-0.740218,0
2330,14.8333,0.088317,0.0284,15.0,0.059917,-0.67559,-0.737277,0
2331,14.85,0.08875,0.0291,15.0,0.05965,-0.678801,-0.734323,0
2332,14.8667,0.088083,0.0269,15.0,0.061183,-0.681998,-0.731354,0
2333,14.8833,0.08595,0.0236,15.0,0.06235,-0.685183,-0.728371,0
2334,14.9,0.088317,0.0245,15.0,0.063817,-0.688355,-0.725374,0
2335,14.9167,0.093083,0.03,15.0,0.063083,-0.691513,-0.722364,0
2336,14.9333,0.085167,0.0315,15.0,0.053667,-0.694658,-0.71934,0
2337,14.95,0.091717,0.0265,15.0,0.065217,-0.69779,-0.716302,0
2338,14.9667,0.0889,0.0252,15.0,0.0637,-0.700909,-0.71325,0
2339,14.9833,0.085683,0.0261,15.0,0.059583,-0.704015,-0.710185,0
2340,15.0,0.0821,0.0255,15.0,0.0566,-0.707107,-0.707107,0
2341,15.0167,0.08675,0.0282,15.0,0.05855,-0.710185,-0.704015,0
2342,15.0333,0.0853,0.0247,15.0,0.0606,-0.71325,-0.700909,0
2343,15.05,0.0847,0.0267,15.0,0.058,-0.716302,-0.69779,0
2344,15.0667,0.081567,0.0259,15.0,0.055667,-0.71934,-0.694658,0
2345,15.0833,0.084033,0.0242,15.0,0.059833,-0.722364,-0.691513,0
2346,15.1,0.0845,0.027,15.0,0.0575,-0.725374,-0.688355,0
2347,15.1167,0.080433,0.0274,15.0,0.053033,-0.728371,-0.685183,0
2348,15.1333,0.085767,0.0267,15.0,0.059067,-0.731354,-0.681998,0
2349,15.15,0.084067,0.0257,15.0,0.058367,-0.734323,-0.678801,0
2350,15.1667,0.082783,0.0265,15.0,0.056283,-0.737277,-0.67559,0
2351,15.1833,0.081217,0.0299,15.0,0.051317,-0.740218,-0.672367,0
2352,15.2,0.081983,0.0281,15.0,0.053883,-0.743145,-0.669131,0
2353,15.2167,0.081583,0.0247,15.0,0.056883,-0.746057,-0.665882,0
2354,15.2333,0.0789,0.0275,15.0,0.0514,-0.748956,-0.66262,0
2355,15.25,0.077267,0.0238,15.0,0.053467,-0.75184,-0.659346,0
2356,15.2667,0.077733,0.0257,15.0,0.052033,-0.75471,-0.656059,0
2357,15.2833,0.082283,0.0266,15.0,0.055683,-0.757565,-0.65276,0
2358,15.3,0.077633,0.0269,15.0,0.050733,-0.760406,-0.649448,0
2359,15.3167,0.076283,0.0281,15.0,0.048183,-0.763232,-0.646124,0
2360,15.3333,0.077917,0.0286,15.0,0.049317,-0.766044,-0.642788,0
2361,15.35,0.0802,0.0311,15.0,0.0491,-0.768842,-0.639439,0
2362,15.3667,0.074783,0.0267,15.0,0.048083,-0.771625,-0.636078,0
2363,15.3833,0.075167,0.0287,15.0,0.046467,-0.774393,-0.632705,0
2364,15.4,0.075967,0.0285,15.0,0.047467,-0.777146,-0.62932,0
2365,15.4167,0.072367,0.0275,15.0,0.044867,-0.779884,-0.625923,0
2366,15.4333,0.075167,0.0269,15.0,0.048267,-0.782608,-0.622515,0
2367,15.45,0.07325,0.0282,15.0,0.04505,-0.785317,-0.619094,0
2368,15.4667,0.07375,0.0266,15.0,0.04715,-0.788011,-0.615661,0
2369,15.4833,0.070383,0.026,15.0,0.044383,-0.79069,-0.612217,0
2370,15.5,0.071467,0.0258,15.0,0.045667,-0.793353,-0.608761,0
2371,15.5167,0.068583,0.028,15.0,0.040583,-0.796002,-0.605294,0
2372,15.5333,0.07435,0.0293,15.0,0.04505,-0.798636,-0.601815,0
2373,15.55,0.069267,0.0284,15.0,0.040867,-0.801254,-0.598325,0
2374,15.5667,0.067817,0.0246,15.0,0.043217,-0.803857,-0.594823,0
2375,15.5833,0.0709,0.0272,15.0,0.0437,-0.806445,-0.59131,0
2376,15.6,0.06905,0.0217,15.0,0.04735,-0.809017,-0.587785,0
2377,15.6167,0.068783,0.0255,15.0,0.043283,-0.811574,-0.58425,0
2378,15.6333,0.073117,0.0271,15.0,0.046017,-0.814116,-0.580703,0
2379,15.65,0.068533,0.0243,15.0,0.044233,-0.816642,-0.577145,0
2380,15.6667,0.068733,0.0269,15.0,0.041833,-0.819152,-0.573576,0
2381,15.6833,0.067317,0.0287,15.0,0.038617,-0.821647,-0.569997,0
2382,15.7,0.068167,0.0262,15.0,0.041967,-0.824126,-0.566406,0
2383,15.7167,0.069467,0.0291,15.0,0.040367,-0.82659,-0.562805,0
2384,15.7333,0.069867,0.0277,15.0,0.042167,-0.829038,-0.559193,0
2385,15.75,0.06255,0.0263,15.0,0.03625,-0.83147,-0.55557,0
2386,15.7667,0.066817,0.0267,15.0,0.040117,-0.833886,-0.551937,0
2387,15.7833,0.061033,0.0266,15.0,0.034433,-0.836286,-0.548293,0
2388,15.8,0.069233,0.025,15.0,0.044233,-0.838671,-0.544639,0
2389,15.8167,0.067233,0.0289,15.0,0.038333,-0.841039,-0.540974,0
2390,15.8333,0.067283,0.0252,15.0,0.042083,-0.843391,-0.5373,0
2391,15.85,0.064333,0.0262,15.0,0.038133,-0.845728,-0.533615,0
2392,15.8667,0.059167,0.0253,15.0,0.033867,-0.848048,-0.529919,0
2393,15.8833,0.067183,0.0273,15.0,0.039883,-0.850352,-0.526214,0
2394,15.9,0.063167,0.024,15.0,0.039167,-0.85264,-0.522499,0
2395,15.9167,0.061683,0.0258,15.0,0.035883,-0.854912,-0.518773,0
2396,15.9333,0.058817,0.0276,15.0,0.031217,-0.857167,-0.515038,0
2397,15.95,0.0588,0.0247,15.0,0.0341,-0.859406,-0.511293,0
2398,15.9667,0.061617,0.0238,15.0,0.037817,-0.861629,-0.507538,0
2399,15.9833,0.057683,0.0269,15.0,0.030783,-0.863836,-0.503774,0
2400,16.0,0.0577,0.0237,15.0,0.034,-0.866025,-0.5,0
2401,16.0167,0.061617,0.0258,15.0,0.035817,-0.868199,-0.496217,0
2402,16.0333,0.05845,0.0278,15.0,0.03065,-0.870356,-0.492424,0
2403,16.05,0.062117,0.0275,15.0,0.034617,-0.872496,-0.488621,0
2404,16.0667,0.058383,0.0263,15.0,0.032083,-0.87462,-0.48481,0
2405,16.0833,0.0579,0.0293,15.0,0.0286,-0.876727,-0.480989,0
2406,16.1,0.061033,0.027,15.0,0.034033,-0.878817,-0.477159,0
2407,16.1167,0.06025,0.0219,15.0,0.03835,-0.880891,-0.47332,0
2408,16.1333,0.055017,0.0283,15.0,0.026717,-0.882948,-0.469472,0
2409,16.15,0.056067,0.0276,15.0,0.028467,-0.884988,-0.465615,0
2410,16.1667,0.064633,0.0251,15.0,0.039533,-0.887011,-0.461749,0
2411,16.1833,0.057067,0.0266,15.0,0.030467,-0.889017,-0.457874,0
2412,16.2,0.052383,0.0236,15.0,0.028783,-0.891007,-0.45399,0
2413,16.2167,0.0566,0.0268,15.0,0.0298,-0.892979,-0.450098,0
2414,16.2333,0.053283,0.0273,15.0,0.025983,-0.894934,-0.446198,0
2415,16.25,0.048367,0.0257,15.0,0.022667,-0.896873,-0.442289,0
2416,16.2667,0.055633,0.0262,15.0,0.029433,-0.898794,-0.438371,0
2417,16.2833,0.054167,0.024,15.0,0.030167,-0.900698,-0.434445,0
2418,16.3,0.052467,0.0258,15.0,0.026667,-0.902585,-0.430511,0
2419,16.3167,0.050217,0.0252,15.0,0.025017,-0.904455,-0.426569,0
2420,16.3333,0.051683,0.0279,15.0,0.023783,-0.906308,-0.422618,0
2421,16.35,0.0477,0.0263,15.0,0.0214,-0.908143,-0.41866,0
2422,16.3667,0.05005,0.0248,15.0,0.02525,-0.909961,-0.414693,0
2423,16.3833,0.04725,0.0241,15.0,0.02315,-0.911762,-0.410719,0
2424,16.4,0.046167,0.0283,15.0,0.017867,-0.913545,-0.406737,0
2425,16.4167,0.049083,0.025,15.0,0.024083,-0.915311,-0.402747,0
2426,16.4333,0.0517,0.0301,15.0,0.0216,-0.91706,-0.398749,0
2427,16.45,0.0432,0.026,15.0,0.0172,-0.918791,-0.394744,0
2428,16.4667,0.0471,0.0266,15.0,0.0205,-0.920505,-0.390731,0
2429,16.4833,0.04845,0.0255,15.0,0.02295,-0.922201,-0.386711,0
2430,16.5,0.042867,0.0265,15.0,0.016367,-0.92388,-0.382683,0
2431,16.5167,0.044033,0.0231,15.0,0.020933,-0.925541,-0.378649,0
2432,16.5333,0.047767,0.0263,15.0,0.021467,-0.927184,-0.374607,0
2433,16.55,0.0415,0.0287,15.0,0.0128,-0.92881,-0.370557,0
2434,16.5667,0.04615,0.0269,15.0,0.01925,-0.930418,-0.366501,0
2435,16.5833,0.045,0.0285,15.0,0.0165,-0.932008,-0.362438,0
2436,16.6,0.043367,0.0229,15.0,0.020467,-0.93358,-0.358368,0
2437,16.6167,0.043583,0.0282,15.0,0.015383,-0.935135,-0.354291,0
2438,16.6333,0.03875,0.0273,15.0,0.01145,-0.936672,-0.350207,0
2439,16.65,0.039733,0.0294,15.0,0.010333,-0.938191,-0.346117,0
2440,16.6667,0.043183,0.0291,15.0,0.014083,-0.939693,-0.34202,0
2441,16.6833,0.041017,0.0249,15.0,0.016117,-0.941176,-0.337917,0
2442,16.7,0.043217,0.0244,15.0,0.018817,-0.942641,-0.333807,0
2443,16.7167,0.03875,0.0273,15.0,0.01145,-0.944089,-0.329691,0
2444,16.7333,0.041417,0.0275,15.0,0.013917,-0.945519,-0.325568,0
2445,16.75,0.041733,0.0272,15.0,0.014533,-0.94693,-0.321439,0
2446,16.7667,0.037633,0.0265,15.0,0.011133,-0.948324,-0.317305,0
2447,16.7833,0.034533,0.023,15.0,0.011533,-0.949699,-0.313164,0
2448,16.8,0.03265,0.0266,15.0,0.00605,-0.951057,-0.309017,0
2449,16.8167,0.039417,0.0267,15.0,0.012717,-0.952396,-0.304864,0
2450,16.8333,0.036133,0.028,15.0,0.008133,-0.953717,-0.300706,0
2451,16.85,0.032767,0.0224,15.0,0.010367,-0.95502,-0.296542,0
2452,16.8667,0.02895,0.0264,15.0,0.00255,-0.956305,-0.292372,0
2453,16.8833,0.0354,0.0274,15.0,0.008,-0.957571,-0.288196,0
2454,16.9,0.030417,0.0214,15.0,0.009017,-0.95882,-0.284015,0
2455,16.9167,0.03165,0.0233,15.0,0.00835,-0.96005,-0.279829,0
2456,16.9333,0.035417,0.0293,15.0,0.006117,-0.961262,-0.275637,0
2457,16.95,0.028483,0.0256,15.0,0.002883,-0.962455,-0.27144,0
2458,16.9667,0.032833,0.0265,15.0,0.006333,-0.96363,-0.267238,0
2459,16.9833,0.02645,0.0252,15.0,0.00125,-0.964787,-0.263031,0
2460,17.0,0.028817,0.0256,15.0,0.003217,-0.965926,-0.258819,0
2461,17.0167,0.031717,0.0267,15.0,0.005017,-0.967046,-0.254602,0
2462,17.0333,0.0316,0.0278,15.0,0.0038,-0.968148,-0.25038,0
2463,17.05,0.025533,0.0237,15.0,0.001833,-0.969231,-0.246153,0
2464,17.0667,0.025417,0.0273,14.9981,-0.001883,-0.970296,-0.241922,0
2465,17.0833,0.03115,0.0288,15.0,0.00235,-0.971342,-0.237686,0
2466,17.1,0.0281,0.0246,15.0,0.0035,-0.97237,-0.233445,0
2467,17.1167,0.031017,0.0324,14.9986,-0.001383,-0.973379,-0.2292,0
2468,17.1333,0.0285,0.0246,15.0,0.0039,-0.97437,-0.224951,0
2469,17.15,0.021067,0.0252,14.9959,-0.004133,-0.975342,-0.220697,0
2470,17.1667,0.0225,0.0237,14.9947,-0.0012,-0.976296,-0.21644,0
2471,17.1833,0.028083,0.0273,14.9955,0.000783,-0.977231,-0.212178,0
2472,17.2,0.0223,0.0271,14.9907,-0.0048,-0.978148,-0.207912,0
2473,17.2167,0.027867,0.0291,14.9895,-0.001233,-0.979045,-0.203642,0
2474,17.2333,0.023867,0.025,14.9884,-0.001133,-0.979925,-0.199368,0
2475,17.25,0.0205,0.0265,14.9824,-0.006,-0.980785,-0.19509,0
2476,17.2667,0.023083,0.0264,14.9791,-0.003317,-0.981627,-0.190809,0
2477,17.2833,0.02235,0.025,14.9764,-0.00265,-0.98245,-0.186524,0
2478,17.3,0.023817,0.0256,14.9746,-0.001783,-0.983255,-0.182236,0
2479,17.3167,0.019633,0.0213,14.9729,-0.001667,-0.984041,-0.177944,0
2480,17.3333,0.02165,0.03,14.9645,-0.00835,-0.984808,-0.173648,0
2481,17.35,0.020417,0.0262,14.9587,-0.005783,-0.985556,-0.16935,0
2482,17.3667,0.020417,0.0243,14.9548,-0.003883,-0.986286,-0.165048,0
2483,17.3833,0.017617,0.0252,14.9472,-0.007583,-0.986996,-0.160743,0
2484,17.4,0.020333,0.0264,14.9411,-0.006067,-0.987688,-0.156434,0
2485,17.4167,0.021067,0.0275,14.9347,-0.006433,-0.988362,-0.152123,0
2486,17.4333,0.01565,0.0263,14.924,-0.01065,-0.989016,-0.147809,0
2487,17.45,0.014817,0.0298,14.909,-0.014983,-0.989651,-0.143493,0
2488,17.4667,0.0145,0.0261,14.8974,-0.0116,-0.990268,-0.139173,0
2489,17.4833,0.01165,0.0257,14.8833,-0.01405,-0.990866,-0.134851,0
2490,17.5,0.02005,0.0263,14.877,-0.00625,-0.991445,-0.130526,0
2491,17.5167,0.015833,0.028,14.8648,-0.012167,-0.992005,-0.126199,0
2492,17.5333,0.013217,0.0254,14.8526,-0.012183,-0.992546,-0.121869,0
2493,17.55,0.0166,0.0268,14.8424,-0.0102,-0.993068,-0.117537,0
2494,17.5667,0.010067,0.0247,14.8278,-0.014633,-0.993572,-0.113203,0
2495,17.5833,0.01665,0.0246,14.8199,-0.00795,-0.994056,-0.108867,0
2496,17.6,0.015017,0.0268,14.8081,-0.011783,-0.994522,-0.104528,0
2497,17.6167,0.011433,0.0296,14.7899,-0.018167,-0.994969,-0.100188,0
2498,17.6333,0.009967,0.0262,14.7737,-0.016233,-0.995396,-0.095846,0
2499,17.65,0.010917,0.0282,14.7564,-0.017283,-0.995805,-0.091502,0
2500,17.6667,0.013033,0.0268,14.7426,-0.013767,-0.996195,-0.087156,0
2501,17.6833,0.011283,0.0275,14.7264,-0.016217,-0.996566,-0.082808,0
2502,17.7,0.009117,0.0232,14.7123,-0.014083,-0.996917,-0.078459,0
2503,17.7167,0.010733,0.0267,14.6963,-0.015967,-0.99725,-0.074108,0
2504,17.7333,0.008617,0.0236,14.6813,-0.014983,-0.997564,-0.069756,0
2505,17.75,0.008767,0.0292,14.6609,-0.020433,-0.997859,-0.065403,0
2506,17.7667,0.006917,0.0272,14.6406,-0.020283,-0.998135,-0.061049,0
2507,17.7833,0.007867,0.0268,14.6217,-0.018933,-0.998392,-0.056693,0
2508,17.8,0.005817,0.027,14.6005,-0.021183,-0.99863,-0.052336,0
2509,17.8167,0.004917,0.026,14.5794,-0.021083,-0.998848,-0.047978,0
2510,17.8333,0.003567,0.0272,14.5558,-0.023633,-0.999048,-0.043619,0
2511,17.85,0.006567,0.0262,14.5362,-0.019633,-0.999229,-0.03926,0
2512,17.8667,0.005133,0.0268,14.5145,-0.021667,-0.999391,-0.034899,0
2513,17.8833,0.006233,0.0268,14.4939,-0.020567,-0.999534,-0.030539,0
2514,17.9,0.004533,0.0247,14.4737,-0.020167,-0.999657,-0.026177,0
2515,17.9167,0.0,0.0297,14.444,-0.0297,-0.999762,-0.021815,0
2516,17.9333,0.004833,0.0271,14.4217,-0.022267,-0.999848,-0.017452,0
2517,17.95,0.0,0.026,14.3957,-0.026,-0.999914,-0.01309,0
2518,17.9667,0.0,0.0278,14.3679,-0.0278,-0.999962,-0.008727,0
2519,17.9833,0.0,0.0287,14.3392,-0.0287,-0.99999,-0.004363,0
2520,18.0,0.0,0.061,14.2782,-0.061,-1.0,-0.0,0
2521,18.0167,0.0,0.0628,14.2154,-0.0628,-0.99999,0.004363,0
2522,18.0333,0.0,0.0584,14.157,-0.0584,-0.999962,0.008727,0
2523,18.05,0.0,0.0592,14.0978,-0.0592,-0.999914,0.01309,0
2524,18.0667,0.0,0.0619,14.0359,-0.0619,-0.999848,0.017452,0
2525,18.0833,0.0,0.0564,13.9795,-0.0564,-0.999762,0.021815,0
2526,18.1,0.0,0.0587,13.9208,-0.0587,-0.999657,0.026177,0
2527,18.1167,0.0,0.0604,13.8604,-0.0604,-0.999534,0.030539,0
2528,18.1333,0.0,0.0578,13.8026,-0.0578,-0.999391,0.034899,0
2529,18.15,0.0,0.0622,13.7404,-0.0622,-0.999229,0.03926,0
2530,18.1667,0.0,0.0638,13.6766,-0.0638,-0.999048,0.043619,0
2531,18.1833,0.0,0.0636,13.613,-0.0636,-0.998848,0.047978,0
2532,18.2,0.0,0.0581,13.5549,-0.0581,-0.99863,0.052336,0
2533,18.2167,0.0,0.0614,13.4935,-0.0614,-0.998392,0.056693,0
2534,18.2333,0.0,0.059,13.4345,-0.059,-0.998135,0.061049,0
2535,18.25,0.0,0.0608,13.3737,-0.0608,-0.997859,0.065403,0
2536,18.2667,0.0,0.0613,13.3124,-0.0613,-0.997564,0.069756,0
2537,18.2833,0.0,0.0592,13.2532,-0.0592,-0.99725,0.074108,0
2538,18.3,0.0,0.0588,13.1944,-0.0588,-0.996917,0.078459,0
2539,18.3167,0.0,0.062,13.1324,-0.062,-0.996566,0.082808,0
2540,18.3333,0.0,0.0546,13.0778,-0.0546,-0.996195,0.087156,0
2541,18.35,0.0,0.0611,13.0167,-0.0611,-0.995805,0.091502,0
2542,18.3667,0.0,0.0573,12.9594,-0.0573,-0.995396,0.095846,0
2543,18.3833,0.0,0.0604,12.899,-0.0604,-0.994969,0.100188,0
2544,18.4,0.0,0.0627,12.8363,-0.0627,-0.994522,0.104528,0
2545,18.4167,0.0,0.0574,12.7789,-0.0574,-0.994056,0.108867,0
2546,18.4333,0.0,0.0622,12.7167,-0.0622,-0.993572,0.113203,0
2547,18.45,0.0,0.0625,12.6542,-0.0625,-0.993068,0.117537,0
2548,18.4667,0.0,0.0606,12.5936,-0.0606,-0.992546,0.121869,0
2549,18.4833,0.0,0.0621,12.5315,-0.0621,-0.992005,0.126199,0
2550,18.5,0.0,0.0571,12.4744,-0.0571,-0.991445,0.130526,0
2551,18.5167,0.0,0.0578,12.4166,-0.0578,-0.990866,0.134851,0
2552,18.5333,0.0,0.0598,12.3568,-0.0598,-0.990268,0.139173,0
2553,18.55,0.0,0.0579,12.2989,-0.0579,-0.989651,0.143493,0
2554,18.5667,0.0,0.0579,12.241,-0.0579,-0.989016,0.147809,0
2555,18.5833,0.0,0.0584,12.1826,-0.0584,-0.988362,0.152123,0
2556,18.6,0.0,0.0608,12.1218,-0.0608,-0.987688,0.156434,0
2557,18.6167,0.0,0.063,12.0588,-0.063,-0.986996,0.160743,0
2558,18.6333,0.0,0.0626,11.9962,-0.0626,-0.986286,0.165048,0
2559,18.65,0.0,0.0613,11.9349,-0.0613,-0.985556,0.16935,0
2560,18.6667,0.0,0.0578,11.8771,-0.0578,-0.984808,0.173648,0
2561,18.6833,0.0,0.0591,11.818,-0.0591,-0.984041,0.177944,0
2562,18.7,0.0,0.0623,11.7557,-0.0623,-0.983255,0.182236,0
2563,18.7167,0.0,0.0612,11.6945,-0.0612,-0.98245,0.186524,0
2564,18.7333,0.0,0.0608,11.6337,-0.0608,-0.981627,0.190809,0
2565,18.75,0.0,0.0614,11.5723,-0.0614,-0.980785,0.19509,0
2566,18.7667,0.0,0.0613,11.511,-0.0613,-0.979925,0.199368,0
2567,18.7833,0.0,0.0612,11.4498,-0.0612,-0.979045,0.203642,0
2568,18.8,0.0,0.0608,11.389,-0.0608,-0.978148,0.207912,0
2569,18.8167,0.0,0.0604,11.3286,-0.0604,-0.977231,0.212178,0
2570,18.8333,0.0,0.0576,11.271,-0.0576,-0.976296,0.21644,0
2571,18.85,0.0,0.0583,11.2127,-0.0583,-0.975342,0.220697,0
2572,18.8667,0.0,0.0615,11.1512,-0.0615,-0.97437,0.224951,0
2573,18.8833,0.0,0.0578,11.0934,-0.0578,-0.973379,0.2292,0
2574,18.9,0.0,0.0614,11.032,-0.0614,-0.97237,0.233445,0
2575,18.9167,0.0,0.0592,10.9728,-0.0592,-0.971342,0.237686,0
2576,18.9333,0.0,0.0642,10.9086,-0.0642,-0.970296,0.241922,0
2577,18.95,0.0,0.0625,10.8461,-0.0625,-0.969231,0.246153,0
2578,18.9667,0.0,0.0607,10.7854,-0.0607,-0.968148,0.25038,0
2579,18.9833,0.0,0.059,10.7264,-0.059,-0.967046,0.254602,0
2580,19.0,0.0,0.0635,10.6629,-0.0635,-0.965926,0.258819,0
2581,19.0167,0.0,0.057,10.6059,-0.057,-0.964787,0.263031,0
2582,19.0333,0.0,0.0595,10.5464,-0.0595,-0.96363,0.267238,0
2583,19.05,0.0,0.0592,10.4872,-0.0592,-0.962455,0.27144,0
2584,19.0667,0.0,0.0602,10.427,-0.0602,-0.961262,0.275637,0
2585,19.0833,0.0,0.0608,10.3662,-0.0608,-0.96005,0.279829,0
2586,19.1,0.0,0.0587,10.3075,-0.0587,-0.95882,0.284015,0
2587,19.1167,0.0,0.0577,10.2498,-0.0577,-0.957571,0.288196,0
2588,19.1333,0.0,0.0609,10.1889,-0.0609,-0.956305,0.292372,0
2589,19.15,0.0,0.064,10.1249,-0.064,-0.95502,0.296542,0
2590,19.1667,0.0,0.0627,10.0622,-0.0627,-0.953717,0.300706,0
2591,19.1833,0.0,0.0609,10.0013,-0.0609,-0.952396,0.304864,0
2592,19.2,0.0,0.0623,9.939,-0.0623,-0.951057,0.309017,0
2593,19.2167,0.0,0.0609,9.8781,-0.0609,-0.949699,0.313164,0
2594,19.2333,0.0,0.0575,9.8206,-0.0575,-0.948324,0.317305,0
2595,19.25,0.0,0.0639,9.7567,-0.0639,-0.94693,0.321439,0
2596,19.2667,0.0,0.0575,9.6992,-0.0575,-0.945519,0.325568,0
2597,19.2833,0.0,0.0623,9.6369,-0.0623,-0.944089,0.329691,0
2598,19.3,0.0,0.0625,9.5744,-0.0625,-0.942641,0.333807,0
2599,19.3167,0.0,0.0562,9.5182,-0.0562,-0.941176,0.337917,0
2600,19.3333,0.0,0.0597,9.4585,-0.0597,-0.939693,0.34202,0
2601,19.35,0.0,0.055,9.4035,-0.055,-0.938191,0.346117,0
2602,19.3667,0.0,0.0616,9.3419,-0.0616,-0.936672,0.350207,0
2603,19.3833,0.0,0.0591,9.2828,-0.0591,-0.935135,0.354291,0
2604,19.4,0.0,0.0598,9.223,-0.0598,-0.93358,0.358368,0
2605,19.4167,0.0,0.0606,9.1624,-0.0606,-0.932008,0.362438,0
2606,19.4333,0.0,0.0606,9.1018,-0.0606,-0.930418,0.366501,0
2607,19.45,0.0,0.0581,9.0437,-0.0581,-0.92881,0.370557,0
2608,19.4667,0.0,0.0598,8.9839,-0.0598,-0.927184,0.374607,0
2609,19.4833,0.0,0.0607,8.9232,-0.0607,-0.925541,0.378649,0
2610,19.5,0.0,0.0618,8.8614,-0.0618,-0.92388,0.382683,0
2611,19.5167,0.0,0.0598,8.8016,-0.0598,-0.922201,0.386711,0
2612,19.5333,0.0,0.0566,8.745,-0.0566,-0.920505,0.390731,0
2613,19.55,0.0,0.0608,8.6842,-0.0608,-0.918791,0.394744,0
2614,19.5667,0.0,0.0587,8.6255,-0.0587,-0.91706,0.398749,0
2615,19.5833,0.0,0.0613,8.5642,-0.0613,-0.915311,0.402747,0
2616,19.6,0.0,0.0584,8.5058,-0.0584,-0.913545,0.406737,0
2617,19.6167,0.0,0.06,8.4458,-0.06,-0.911762,0.410719,0
2618,19.6333,0.0,0.0595,8.3863,-0.0595,-0.909961,0.414693,0
2619,19.65,0.0,0.06,8.3263,-0.06,-0.908143,0.41866,0
2620,19.6667,0.0,0.0579,8.2684,-0.0579,-0.906308,0.422618,0
2621,19.6833,0.0,0.0607,8.2077,-0.0607,-0.904455,0.426569,0
2622,19.7,0.0,0.062,8.1457,-0.062,-0.902585,0.430511,0
2623,19.7167,0.0,0.0618,8.0839,-0.0618,-0.900698,0.434445,0
2624,19.7333,0.0,0.0607,8.0232,-0.0607,-0.898794,0.438371,0
2625,19.75,0.0,0.0595,7.9637,-0.0595,-0.896873,0.442289,0
2626,19.7667,0.0,0.0608,7.9029,-0.0608,-0.894934,0.446198,0
2627,19.7833,0.0,0.061,7.8419,-0.061,-0.892979,0.450098,0
2628,19.8,0.0,0.0586,7.7833,-0.0586,-0.891007,0.45399,0
2629,19.8167,0.0,0.0619,7.7214,-0.0619,-0.889017,0.457874,0
2630,19.8333,0.0,0.0574,7.664,-0.0574,-0.887011,0.461749,0
2631,19.85,0.0,0.0641,7.5999,-0.0641,-0.884988,0.465615,0
2632,19.8667,0.0,0.0579,7.542,-0.0579,-0.882948,0.469472,0
2633,19.8833,0.0,0.06,7.482,-0.06,-0.880891,0.47332,0
2634,19.9,0.0,0.0628,7.4192,-0.0628,-0.878817,0.477159,0
2635,19.9167,0.0,0.0618,7.3574,-0.0618,-0.876727,0.480989,0
2636,19.9333,0.0,0.059,7.2984,-0.059,-0.87462,0.48481,0
2637,19.95,0.0,0.0609,7.2375,-0.0609,-0.872496,0.488621,0
2638,19.9667,0.0,0.0599,7.1776,-0.0599,-0.870356,0.492424,0
2639,19.9833,0.0,0.0579,7.1197,-0.0579,-0.868199,0.496217,0
2640,20.0,0.0,0.0607,7.059,-0.0607,-0.866025,0.5,0
2641,20.0167,0.0,0.0597,6.9993,-0.0597,-0.863836,0.503774,0
2642,20.0333,0.0,0.0581,6.9412,-0.0581,-0.861629,0.507538,0
2643,20.05,0.0,0.0582,6.883,-0.0582,-0.859406,0.511293,0
2644,20.0667,0.0,0.0579,6.8251,-0.0579,-0.857167,0.515038,0
2645,20.0833,0.0,0.0612,6.7639,-0.0612,-0.854912,0.518773,0
2646,20.1,0.0,0.0621,6.7018,-0.0621,-0.85264,0.522499,0
2647,20.1167,0.0,0.0613,6.6405,-0.0613,-0.850352,0.526214,0
2648,20.1333,0.0,0.0571,6.5834,-0.0571,-0.848048,0.529919,0
2649,20.15,0.0,0.0573,6.5261,-0.0573,-0.845728,0.533615,0
2650,20.1667,0.0,0.0603,6.4658,-0.0603,-0.843391,0.5373,0
2651,20.1833,0.0,0.0582,6.4076,-0.0582,-0.841039,0.540974,0
2652,20.2,0.0,0.061,6.3466,-0.061,-0.838671,0.544639,0
2653,20.2167,0.0,0.0582,6.2884,-0.0582,-0.836286,0.548293,0
2654,20.2333,0.0,0.0602,6.2282,-0.0602,-0.833886,0.551937,0
2655,20.25,0.0,0.0583,6.1699,-0.0583,-0.83147,0.55557,0
2656,20.2667,0.0,0.0604,6.1095,-0.0604,-0.829038,0.559193,0
2657,20.2833,0.0,0.0598,6.0497,-0.0598,-0.82659,0.562805,0
2658,20.3,0.0,0.0642,5.9855,-0.0642,-0.824126,0.566406,0
2659,20.3167,0.0,0.062,5.9235,-0.062,-0.821647,0.569997,0
2660,20.3333,0.0,0.1255,5.798,-0.1255,-0.819152,0.573576,0
2661,20.35,0.0,0.1245,5.6735,-0.1245,-0.816642,0.577145,0
2662,20.3667,0.0,0.1269,5.5466,-0.1269,-0.814116,0.580703,0
2663,20.3833,0.0,0.1262,5.4204,-0.1262,-0.811574,0.58425,0
2664,20.4,0.0,0.1273,5.2931,-0.1273,-0.809017,0.587785,0
2665,20.4167,0.0,0.1243,5.1688,-0.1243,-0.806445,0.59131,0
2666,20.4333,0.0,0.1263,5.0425,-0.1263,-0.803857,0.594823,0
2667,20.45,0.0,0.1204,4.9221,-0.1204,-0.801254,0.598325,0
2668,20.4667,0.0,0.1245,4.7976,-0.1245,-0.798636,0.601815,0
2669,20.4833,0.0,0.124,4.6736,-0.124,-0.796002,0.605294,0
2670,20.5,0.0,0.1246,4.549,-0.1246,-0.793353,0.608761,0
2671,20.5167,0.0,0.1248,4.4242,-0.1248,-0.79069,0.612217,0
2672,20.5333,0.0,0.1287,4.2955,-0.1287,-0.788011,0.615661,0
2673,20.55,0.0,0.1278,4.1677,-0.1278,-0.785317,0.619094,0
2674,20.5667,0.0,0.1306,4.0371,-0.1306,-0.782608,0.622515,0
2675,20.5833,0.0,0.1275,3.9096,-0.1275,-0.779884,0.625923,0
2676,20.6,0.0,0.1258,3.7838,-0.1258,-0.777146,0.62932,0
2677,20.6167,0.0,0.1273,3.6565,-0.1273,-0.774393,0.632705,0
2678,20.6333,0.0,0.1265,3.53,-0.1265,-0.771625,0.636078,0
2679,20.65,0.0,0.1266,3.4034,-0.1266,-0.768842,0.639439,0
2680,20.6667,0.0,0.1241,3.2793,-0.1241,-0.766044,0.642788,0
2681,20.6833,0.0,0.1262,3.1531,-0.1262,-0.763232,0.646124,0
2682,20.7,0.0,0.1247,3.0284,-0.1247,-0.760406,0.649448,0
2683,20.7167,0.0,0.1256,2.9028,-0.1256,-0.757565,0.65276,0
2684,20.7333,0.0,0.1237,2.7791,-0.1237,-0.75471,0.656059,0
2685,20.75,0.0,0.1263,2.6528,-0.1263,-0.75184,0.659346,0
2686,20.7667,0.0,0.1264,2.5264,-0.1264,-0.748956,0.66262,0
2687,20.7833,0.0,0.1239,2.4025,-0.1239,-0.746057,0.665882,0
2688,20.8,0.0,0.1279,2.2746,-0.1279,-0.743145,0.669131,0
2689,20.8167,0.0,0.1241,2.1505,-0.1241,-0.740218,0.672367,0
2690,20.8333,0.0,0.1281,2.0224,-0.1281,-0.737277,0.67559,0
2691,20.85,0.0,0.1254,1.897,-0.1254,-0.734323,0.678801,0
2692,20.8667,0.0,0.1278,1.7692,-0.1278,-0.731354,0.681998,0
2693,20.8833,0.0,0.1271,1.6421,-0.1271,-0.728371,0.685183,0
2694,20.9,0.0,0.1237,1.5184,-0.1237,-0.725374,0.688355,0
2695,20.9167,0.0,0.1263,1.3921,-0.1263,-0.722364,0.691513,0
2696,20.9333,0.0,0.1227,1.2694,-0.1227,-0.71934,0.694658,0
2697,20.95,0.0,0.0629,1.2065,-0.0629,-0.716302,0.69779,0
2698,20.9667,0.0,0.0604,1.1461,-0.0604,-0.71325,0.700909,0
2699,20.9833,0.0,0.0612,1.0849,-0.0612,-0.710185,0.704015,0
2700,21.0,0.0,0.0605,1.0244,-0.0605,-0.707107,0.707107,0
2701,21.0167,0.0,0.0605,0.9639,-0.0605,-0.704015,0.710185,0
2702,21.0333,0.0,0.0611,0.9028,-0.0611,-0.700909,0.71325,0
2703,21.05,0.0,0.0629,0.8399,-0.0629,-0.69779,0.716302,0
2704,21.0667,0.0,0.0611,0.7788,-0.0611,-0.694658,0.71934,0
2705,21.0833,0.0,0.0634,0.7154,-0.0634,-0.691513,0.722364,0
2706,21.1,0.0,0.0624,0.653,-0.0624,-0.688355,0.725374,0
2707,21.1167,0.0,0.0559,0.5971,-0.0559,-0.685183,0.728371,0
2708,21.1333,0.0,0.0602,0.5369,-0.0602,-0.681998,0.731354,0
2709,21.15,0.0,0.0577,0.4792,-0.0577,-0.678801,0.734323,0
2710,21.1667,0.0,0.0595,0.4197,-0.0595,-0.67559,0.737277,0
2711,21.1833,0.0,0.0551,0.3646,-0.0551,-0.672367,0.740218,0
2712,21.2,0.0,0.0599,0.3047,-0.0599,-0.669131,0.743145,0
2713,21.2167,0.0,0.0578,0.2469,-0.0578,-0.665882,0.746057,0
2714,21.2333,0.0,0.0583,0.1886,-0.0583,-0.66262,0.748956,0
2715,21.25,0.0,0.0631,0.1255,-0.0631,-0.659346,0.75184,0
2716,21.2667,0.0,0.0603,0.0652,-0.0603,-0.656059,0.75471,0
2717,21.2833,0.0,0.0621,0.0031,-0.0621,-0.65276,0.757565,0
2718,21.3,0.0,0.0625,0.0,-0.0625,-0.649448,0.760406,1
2719,21.3167,0.0,0.0624,0.0,-0.0624,-0.646124,0.763232,1
2720,21.3333,0.0,0.0584,0.0,-0.0584,-0.642788,0.766044,1
2721,21.35,0.0,0.0614,0.0,-0.0614,-0.639439,0.768842,1
2722,21.3667,0.0,0.0604,0.0,-0.0604,-0.636078,0.771625,1
2723,21.3833,0.0,0.0601,0.0,-0.0601,-0.632705,0.774393,1
2724,21.4,0.0,0.0589,0.0,-0.0589,-0.62932,0.777146,1
2725,21.4167,0.0,0.0629,0.0,-0.0629,-0.625923,0.779884,1
2726,21.4333,0.0,0.0576,0.0,-0.0576,-0.622515,0.782608,1
2727,21.45,0.0,0.06,0.0,-0.06,-0.619094,0.785317,1
2728,21.4667,0.0,0.0574,0.0,-0.0574,-0.615661,0.788011,1
2729,21.4833,0.0,0.0613,0.0,-0.0613,-0.612217,0.79069,1
2730,21.5,0.0,0.0586,0.0,-0.0586,-0.608761,0.793353,1
2731,21.5167,0.0,0.0592,0.0,-0.0592,-0.605294,0.796002,1
2732,21.5333,0.0,0.0584,0.0,-0.0584,-0.601815,0.798636,1
2733,21.55,0.0,0.0605,0.0,-0.0605,-0.598325,0.801254,1
2734,21.5667,0.0,0.0625,0.0,-0.0625,-0.594823,0.803857,1
2735,21.5833,0.0,0.0602,0.0,-0.0602,-0.59131,0.806445,1
2736,21.6,0.0,0.0601,0.0,-0.0601,-0.587785,0.809017,1
2737,21.6167,0.0,0.058,0.0,-0.058,-0.58425,0.811574,1
2738,21.6333,0.0,0.0601,0.0,-0.0601,-0.580703,0.814116,1
2739,21.65,0.0,0.0603,0.0,-0.0603,-0.577145,0.816642,1
2740,21.6667,0.0,0.0559,0.0,-0.0559,-0.573576,0.819152,1
2741,21.6833,0.0,0.0605,0.0,-0.0605,-0.569997,0.821647,1
2742,21.7,0.0,0.0584,0.0,-0.0584,-0.566406,0.824126,1
2743,21.7167,0.0,0.0647,0.0,-0.0647,-0.562805,0.82659,1
2744,21.7333,0.0,0.0596,0.0,-0.0596,-0.559193,0.829038,1
2745,21.75,0.0,0.0621,0.0,-0.0621,-0.55557,0.83147,1
2746,21.7667,0.0,0.0629,0.0,-0.0629,-0.551937,0.833886,1
2747,21.7833,0.0,0.0575,0.0,-0.0575,-0.548293,0.836286,1
2748,21.8,0.0,0.0602,0.0,-0.0602,-0.544639,0.838671,1
2749,21.8167,0.0,0.0594,0.0,-0.0594,-0.540974,0.841039,1
2750,21.8333,0.0,0.0586,0.0,-0.0586,-0.5373,0.843391,1
2751,21.85,0.0,0.0621,0.0,-0.0621,-0.533615,0.845728,1
2752,21.8667,0.0,0.0584,0.0,-0.0584,-0.529919,0.848048,1
2753,21.8833,0.0,0.0601,0.0,-0.0601,-0.526214,0.850352,1
2754,21.9,0.0,0.0601,0.0,-0.0601,-0.522499,0.85264,1
2755,21.9167,0.0,0.0609,0.0,-0.0609,-0.518773,0.854912,1
2756,21.9333,0.0,0.0611,0.0,-0.0611,-0.515038,0.857167,1
2757,21.95,0.0,0.058,0.0,-0.058,-0.511293,0.859406,1
2758,21.9667,0.0,0.0591,0.0,-0.0591,-0.507538,0.861629,1
2759,21.9833,0.0,0.0604,0.0,-0.0604,-0.503774,0.863836,1
2760,22.0,0.0,0.014,0.0,-0.014,-0.5,0.866025,1
2761,22.0167,0.0,0.0143,0.0,-0.0143,-0.496217,0.868199,1
2762,22.0333,0.0,0.0113,0.0,-0.0113,-0.492424,0.870356,1
2763,22.05,0.0,0.0158,0.0,-0.0158,-0.488621,0.872496,1
2764,22.0667,0.0,0.0126,0.0,-0.0126,-0.48481,0.87462,1
2765,22.0833,0.0,0.012,0.0,-0.012,-0.480989,0.876727,1
2766,22.1,0.0,0.0151,0.0,-0.0151,-0.477159,0.878817,1
2767,22.1167,0.0,0.0099,0.0,-0.0099,-0.47332,0.880891,1
2768,22.1333,0.0,0.0163,0.0,-0.0163,-0.469472,0.882948,1
2769,22.15,0.0,0.0122,0.0,-0.0122,-0.465615,0.884988,1
2770,22.1667,0.0,0.0165,0.0,-0.0165,-0.461749,0.887011,1
2771,22.1833,0.0,0.0133,0.0,-0.0133,-0.457874,0.889017,1
2772,22.2,0.0,0.0102,0.0,-0.0102,-0.45399,0.891007,1
2773,22.2167,0.0,0.012,0.0,-0.012,-0.450098,0.892979,1
2774,22.2333,0.0,0.0173,0.0,-0.0173,-0.446198,0.894934,1
2775,22.25,0.0,0.0191,0.0,-0.0191,-0.442289,0.896873,1
2776,22.2667,0.0,0.0203,0.0,-0.0203,-0.438371,0.898794,1
2777,22.2833,0.0,0.0146,0.0,-0.0146,-0.434445,0.900698,1
2778,22.3,0.0,0.0142,0.0,-0.0142,-0.430511,0.902585,1
2779,22.3167,0.0,0.0157,0.0,-0.0157,-0.426569,0.904455,1
2780,22.3333,0.0,0.0129,0.0,-0.0129,-0.422618,0.906308,1
2781,22.35,0.0,0.0135,0.0,-0.0135,-0.41866,0.908143,1
2782,22.3667,0.0,0.0166,0.0,-0.0166,-0.414693,0.909961,1
2783,22.3833,0.0,0.0147,0.0,-0.0147,-0.410719,0.911762,1
2784,22.4,0.0,0.0144,0.0,-0.0144,-0.406737,0.913545,1
2785,22.4167,0.0,0.014,0.0,-0.014,-0.402747,0.915311,1
2786,22.4333,0.0,0.0092,0.0,-0.0092,-0.398749,0.91706,1
2787,22.45,0.0,0.0113,0.0,-0.0113,-0.394744,0.918791,1
2788,22.4667,0.0,0.0142,0.0,-0.0142,-0.390731,0.920505,1
2789,22.4833,0.0,0.0127,0.0,-0.0127,-0.386711,0.922201,1
2790,22.5,0.0,0.015,0.0,-0.015,-0.382683,0.92388,1
2791,22.5167,0.0,0.013,0.0,-0.013,-0.378649,0.925541,1
2792,22.5333,0.0,0.0152,0.0,-0.0152,-0.374607,0.927184,1
2793,22.55,0.0,0.016,0.0,-0.016,-0.370557,0.92881,1
2794,22.5667,0.0,0.013,0.0,-0.013,-0.366501,0.930418,1
2795,22.5833,0.0,0.0122,0.0,-0.0122,-0.362438,0.932008,1
2796,22.6,0.0,0.0181,0.0,-0.0181,-0.358368,0.93358,1
2797,22.6167,0.0,0.015,0.0,-0.015,-0.354291,0.935135,1
2798,22.6333,0.0,0.0141,0.0,-0.0141,-0.350207,0.936672,1
2799,22.65,0.0,0.0147,0.0,-0.0147,-0.346117,0.938191,1
2800,22.6667,0.0,0.0144,0.0,-0.0144,-0.34202,0.939693,1
2801,22.6833,0.0,0.0175,0.0,-0.0175,-0.337917,0.941176,1
2802,22.7,0.0,0.0156,0.0,-0.0156,-0.333807,0.942641,1
2803,22.7167,0.0,0.0124,0.0,-0.0124,-0.329691,0.944089,1
2804,22.7333,0.0,0.0165,0.0,-0.0165,-0.325568,0.945519,1
2805,22.75,0.0,0.014,0.0,-0.014,-0.321439,0.94693,1
2806,22.7667,0.0,0.013,0.0,-0.013,-0.317305,0.948324,1
2807,22.7833,0.0,0.016,0.0,-0.016,-0.313164,0.949699,1
2808,22.8,0.0,0.0144,0.0,-0.0144,-0.309017,0.951057,1
2809,22.8167,0.0,0.0123,0.0,-0.0123,-0.304864,0.952396,1
2810,22.8333,0.0,0.0128,0.0,-0.0128,-0.300706,0.953717,1
2811,22.85,0.0,0.016,0.0,-0.016,-0.296542,0.95502,1
2812,22.8667,0.0,0.0118,0.0,-0.0118,-0.292372,0.956305,1
2813,22.8833,0.0,0.0157,0.0,-0.0157,-0.288196,0.957571,1
2814,22.9,0.0,0.0137,0.0,-0.0137,-0.284015,0.95882,1
2815,22.9167,0.0,0.0149,0.0,-0.0149,-0.279829,0.96005,1
2816,22.9333,0.0,0.0152,0.0,-0.0152,-0.275637,0.961262,1
2817,22.95,0.0,0.0177,0.0,-0.0177,-0.27144,0.962455,1
2818,22.9667,0.0,0.0186,0.0,-0.0186,-0.267238,0.96363,1
2819,22.9833,0.0,0.0172,0.0,-0.0172,-0.263031,0.964787,1
2820,23.0,0.0,0.0146,0.0,-0.0146,-0.258819,0.965926,1
2821,23.0167,0.0,0.0167,0.0,-0.0167,-0.254602,0.967046,1
2822,23.0333,0.0,0.0137,0.0,-0.0137,-0.25038,0.968148,1
2823,23.05,0.0,0.0138,0.0,-0.0138,-0.246153,0.969231,1
2824,23.0667,0.0,0.0138,0.0,-0.0138,-0.241922,0.970296,1
2825,23.0833,0.0,0.0144,0.0,-0.0144,-0.237686,0.971342,1
2826,23.1,0.0,0.0141,0.0,-0.0141,-0.233445,0.97237,1
2827,23.1167,0.0,0.015,0.0,-0.015,-0.2292,0.973379,1
2828,23.1333,0.0,0.0163,0.0,-0.0163,-0.224951,0.97437,1
2829,23.15,0.0,0.0166,0.0,-0.0166,-0.220697,0.975342,1
2830,23.1667,0.0,0.0145,0.0,-0.0145,-0.21644,0.976296,1
2831,23.1833,0.0,0.0174,0.0,-0.0174,-0.212178,0.977231,1
2832,23.2,0.0,0.0169,0.0,-0.0169,-0.207912,0.978148,1
2833,23.2167,0.0,0.0142,0.0,-0.0142,-0.203642,0.979045,1
2834,23.2333,0.0,0.0161,0.0,-0.0161,-0.199368,0.979925,1
2835,23.25,0.0,0.0118,0.0,-0.0118,-0.19509,0.980785,1
2836,23.2667,0.0,0.0147,0.0,-0.0147,-0.190809,0.981627,1
2837,23.2833,0.0,0.0119,0.0,-0.0119,-0.186524,0.98245,1
2838,23.3,0.0,0.0176,0.0,-0.0176,-0.182236,0.983255,1
2839,23.3167,0.0,0.021,0.0,-0.021,-0.177944,0.984041,1
2840,23.3333,0.0,0.0154,0.0,-0.0154,-0.173648,0.984808,1
2841,23.35,0.0,0.0135,0.0,-0.0135,-0.16935,0.985556,1
2842,23.3667,0.0,0.0175,0.0,-0.0175,-0.165048,0.986286,1
2843,23.3833,0.0,0.0143,0.0,-0.0143,-0.160743,0.986996,1
2844,23.4,0.0,0.0164,0.0,-0.0164,-0.156434,0.987688,1
2845,23.4167,0.0,0.0189,0.0,-0.0189,-0.152123,0.988362,1
2846,23.4333,0.0,0.0117,0.0,-0.0117,-0.147809,0.989016,1
2847,23.45,0.0,0.0128,0.0,-0.0128,-0.143493,0.989651,1
2848,23.4667,0.0,0.0162,0.0,-0.0162,-0.139173,0.990268,1
2849,23.4833,0.0,0.0134,0.0,-0.0134,-0.134851,0.990866,1
2850,23.5,0.0,0.0147,0.0,-0.0147,-0.130526,0.991445,1
2851,23.5167,0.0,0.0187,0.0,-0.0187,-0.126199,0.992005,1
2852,23.5333,0.0,0.0138,0.0,-0.0138,-0.121869,0.992546,1
2853,23.55,0.0,0.0158,0.0,-0.0158,-0.117537,0.993068,1
2854,23.5667,0.0,0.0174,0.0,-0.0174,-0.113203,0.993572,1
2855,23.5833,0.0,0.0135,0.0,-0.0135,-0.108867,0.994056,1
2856,23.6,0.0,0.0148,0.0,-0.0148,-0.104528,0.994522,1
2857,23.6167,0.0,0.0148,0.0,-0.0148,-0.100188,0.994969,1
2858,23.6333,0.0,0.0155,0.0,-0.0155,-0.095846,0.995396,1
2859,23.65,0.0,0.0141,0.0,-0.0141,-0.091502,0.995805,1
2860,23.6667,0.0,0.0146,0.0,-0.0146,-0.087156,0.996195,1
2861,23.6833,0.0,0.0158,0.0,-0.0158,-0.082808,0.996566,1
2862,23.7,0.0,0.0176,0.0,-0.0176,-0.078459,0.996917,1
2863,23.7167,0.0,0.0142,0.0,-0.0142,-0.074108,0.99725,1
2864,23.7333,0.0,0.0149,0.0,-0.0149,-0.069756,0.997564,1
2865,23.75,0.0,0.0148,0.0,-0.0148,-0.065403,0.997859,1
2866,23.7667,0.0,0.0144,0.0,-0.0144,-0.061049,0.998135,1
2867,23.7833,0.0,0.0174,0.0,-0.0174,-0.056693,0.998392,1
2868,23.8,0.0,0.0165,0.0,-0.0165,-0.052336,0.99863,1
2869,23.8167,0.0,0.0151,0.0,-0.0151,-0.047978,0.998848,1
2870,23.8333,0.0,0.0166,0.0,-0.0166,-0.043619,0.999048,1
2871,23.85,0.0,0.0169,0.0,-0.0169,-0.03926,0.999229,1
2872,23.8667,0.0,0.0129,0.0,-0.0129,-0.034899,0.999391,1
2873,23.8833,0.0,0.014,0.0,-0.014,-0.030539,0.999534,1
2874,23.9,0.0,0.0156,0.0,-0.0156,-0.026177,0.999657,1
2875,23.9167,0.0,0.0166,0.0,-0.0166,-0.021815,0.999762,1
2876,23.9333,0.0,0.0163,0.0,-0.0163,-0.017452,0.999848,1
2877,23.95,0.0,0.0182,0.0,-0.0182,-0.01309,0.999914,1
2878,23.9667,0.0,0.0134,0.0,-0.0134,-0.008727,0.999962,1
2879,23.9833,0.0,0.0144,0.0,-0.0144,-0.004363,0.99999,1
2880,0.0,0.0,0.0171,0.0,-0.0171,0.0,1.0,1
2881,0.0167,0.0,0.0116,0.0,-0.0116,0.004363,0.99999,1
2882,0.0333,0.0,0.0139,0.0,-0.0139,0.008727,0.999962,1
2883,0.05,0.0,0.0117,0.0,-0.0117,0.01309,0.999914,1
2884,0.0667,0.0,0.0111,0.0,-0.0111,0.017452,0.999848,1
2885,0.0833,0.0,0.0125,0.0,-0.0125,0.021815,0.999762,1
2886,0.1,0.0,0.0136,0.0,-0.0136,0.026177,0.999657,1
2887,0.1167,0.0,0.0144,0.0,-0.0144,0.030539,0.999534,1
2888,0.1333,0.0,0.0152,0.0,-0.0152,0.034899,0.999391,1
2889,0.15,0.0,0.0169,0.0,-0.0169,0.03926,0.999229,1
2890,0.1667,0.0,0.0123,0.0,-0.0123,0.043619,0.999048,1
2891,0.1833,0.0,0.0127,0.0,-0.0127,0.047978,0.998848,1
2892,0.2,0.0,0.0134,0.0,-0.0134,0.052336,0.99863,1
2893,0.2167,0.0,0.0167,0.0,-0.0167,0.056693,0.998392,1
2894,0.2333,0.0,0.0151,0.0,-0.0151,0.061049,0.998135,1
2895,0.25,0.0,0.0133,0.0,-0.0133,0.065403,0.997859,1
2896,0.2667,0.0,0.0125,0.0,-0.0125,0.069756,0.997564,1
2897,0.2833,0.0,0.0151,0.0,-0.0151,0.074108,0.99725,1
2898,0.3,0.0,0.0143,0.0,-0.0143,0.078459,0.996917,1
2899,0.3167,0.0,0.0147,0.0,-0.0147,0.082808,0.996566,1
2900,0.3333,0.0,0.0148,0.0,-0.0148,0.087156,0.996195,1
2901,0.35,0.0,0.0144,0.0,-0.0144,0.091502,0.995805,1
2902,0.3667,0.0,0.0155,0.0,-0.0155,0.095846,0.995396,1
2903,0.3833,0.0,0.0144,0.0,-0.0144,0.100188,0.994969,1
2904,0.4,0.0,0.0162,0.0,-0.0162,0.104528,0.994522,1
2905,0.4167,0.0,0.0138,0.0,-0.0138,0.108867,0.994056,1
2906,0.4333,0.0,0.0115,0.0,-0.0115,0.113203,0.993572,1
2907,0.45,0.0,0.013,0.0,-0.013,0.117537,0.993068,1
2908,0.4667,0.0,0.0127,0.0,-0.0127,0.121869,0.992546,1
2909,0.4833,0.0,0.014,0.0,-0.014,0.126199,0.992005,1
2910,0.5,0.0,0.0161,0.0,-0.0161,0.130526,0.991445,1
2911,0.5167,0.0,0.0131,0.0,-0.0131,0.134851,0.990866,1
2912,0.5333,0.0,0.0176,0.0,-0.0176,0.139173,0.990268,1
2913,0.55,0.0,0.0113,0.0,-0.0113,0.143493,0.989651,1
2914,0.5667,0.0,0.0109,0.0,-0.0109,0.147809,0.989016,1
2915,0.5833,0.0,0.0133,0.0,-0.0133,0.152123,0.988362,1
2916,0.6,0.0,0.0148,0.0,-0.0148,0.156434,0.987688,1
2917,0.6167,0.0,0.0151,0.0,-0.0151,0.160743,0.986996,1
2918,0.6333,0.0,0.0128,0.0,-0.0128,0.165048,0.986286,1
2919,0.65,0.0,0.0182,0.0,-0.0182,0.16935,0.985556,1
2920,0.6667,0.0,0.0155,0.0,-0.0155,0.173648,0.984808,1
2921,0.6833,0.0,0.017,0.0,-0.017,0.177944,0.984041,1
2922,0.7,0.0,0.0155,0.0,-0.0155,0.182236,0.983255,1
2923,0.7167,0.0,0.0147,0.0,-0.0147,0.186524,0.98245,1
2924,0.7333,0.0,0.0163,0.0,-0.0163,0.190809,0.981627,1
2925,0.75,0.0,0.0129,0.0,-0.0129,0.19509,0.980785,1
2926,0.7667,0.0,0.0146,0.0,-0.0146,0.199368,0.979925,1
2927,0.7833,0.0,0.0127,0.0,-0.0127,0.203642,0.979045,1
2928,0.8,0.0,0.0125,0.0,-0.0125,0.207912,0.978148,1
2929,0.8167,0.0,0.0123,0.0,-0.0123,0.212178,0.977231,1
2930,0.8333,0.0,0.017,0.0,-0.017,0.21644,0.976296,1
2931,0.85,0.0,0.0111,0.0,-0.0111,0.220697,0.975342,1
2932,0.8667,0.0,0.016,0.0,-0.016,0.224951,0.97437,1
2933,0.8833,0.0,0.0137,0.0,-0.0137,0.2292,0.973379,1
2934,0.9,0.0,0.0109,0.0,-0.0109,0.233445,0.97237,1
2935,0.9167,0.0,0.0113,0.0,-0.0113,0.237686,0.971342,1
2936,0.9333,0.0,0.0127,0.0,-0.0127,0.241922,0.970296,1
2937,0.95,0.0,0.0123,0.0,-0.0123,0.246153,0.969231,1
2938,0.9667,0.0,0.0125,0.0,-0.0125,0.25038,0.968148,1
2939,0.9833,0.0,0.0127,0.0,-0.0127,0.254602,0.967046,1
2940,1.0,0.0,0.0145,0.0,-0.0145,0.258819,0.965926,1
2941,1.0167,0.0,0.0167,0.0,-0.0167,0.263031,0.964787,1
2942,1.0333,0.0,0.0147,0.0,-0.0147,0.267238,0.96363,1
2943,1.05,0.0,0.0132,0.0,-0.0132,0.27144,0.962455,1
2944,1.0667,0.0,0.0111,0.0,-0.0111,0.275637,0.961262,1
2945,1.0833,0.0,0.0137,0.0,-0.0137,0.279829,0.96005,1
2946,1.1,0.0,0.0204,0.0,-0.0204,0.284015,0.95882,1
2947,1.1167,0.0,0.0144,0.0,-0.0144,0.288196,0.957571,1
2948,1.1333,0.0,0.0142,0.0,-0.0142,0.292372,0.956305,1
2949,1.15,0.0,0.0132,0.0,-0.0132,0.296542,0.95502,1
2950,1.1667,0.0,0.0161,0.0,-0.0161,0.300706,0.953717,1
2951,1.1833,0.0,0.0165,0.0,-0.0165,0.304864,0.952396,1
2952,1.2,0.0,0.0147,0.0,-0.0147,0.309017,0.951057,1
2953,1.2167,0.0,0.0156,0.0,-0.0156,0.313164,0.949699,1
2954,1.2333,0.0,0.0125,0.0,-0.0125,0.317305,0.948324,1
2955,1.25,0.0,0.0154,0.0,-0.0154,0.321439,0.94693,1
2956,1.2667,0.0,0.0168,0.0,-0.0168,0.325568,0.945519,1
2957,1.2833,0.0,0.0132,0.0,-0.0132,0.329691,0.944089,1
2958,1.3,0.0,0.0137,0.0,-0.0137,0.333807,0.942641,1
2959,1.3167,0.0,0.0132,0.0,-0.0132,0.337917,0.941176,1
2960,1.3333,0.0,0.0148,0.0,-0.0148,0.34202,0.939693,1
2961,1.35,0.0,0.0146,0.0,-0.0146,0.346117,0.938191,1
2962,1.3667,0.0,0.0122,0.0,-0.0122,0.350207,0.936672,1
2963,1.3833,0.0,0.0152,0.0,-0.0152,0.354291,0.935135,1
2964,1.4,0.0,0.0121,0.0,-0.0121,0.358368,0.93358,1
2965,1.4167,0.0,0.0159,0.0,-0.0159,0.362438,0.932008,1
2966,1.4333,0.0,0.0142,0.0,-0.0142,0.366501,0.930418,1
2967,1.45,0.0,0.0154,0.0,-0.0154,0.370557,0.92881,1
2968,1.4667,0.0,0.0136,0.0,-0.0136,0.374607,0.927184,1
2969,1.4833,0.0,0.0143,0.0,-0.0143,0.378649,0.925541,1
2970,1.5,0.0,0.0123,0.0,-0.0123,0.382683,0.92388,1
2971,1.5167,0.0,0.0153,0.0,-0.0153,0.386711,0.922201,1
2972,1.5333,0.0,0.0139,0.0,-0.0139,0.390731,0.920505,1
2973,1.55,0.0,0.0155,0.0,-0.0155,0.394744,0.918791,1
2974,1.5667,0.0,0.0131,0.0,-0.0131,0.398749,0.91706,1
2975,1.5833,0.0,0.0122,0.0,-0.0122,0.402747,0.915311,1
2976,1.6,0.0,0.019,0.0,-0.019,0.406737,0.913545,1
2977,1.6167,0.0,0.0136,0.0,-0.0136,0.410719,0.911762,1
2978,1.6333,0.0,0.0138,0.0,-0.0138,0.414693,0.909961,1
2979,1.65,0.0,0.0132,0.0,-0.0132,0.41866,0.908143,1
2980,1.6667,0.0,0.0113,0.0,-0.0113,0.422618,0.906308,1
2981,1.6833,0.0,0.0166,0.0,-0.0166,0.426569,0.904455,1
2982,1.7,0.0,0.0123,0.0,-0.0123,0.430511,0.902585,1
2983,1.7167,0.0,0.0142,0.0,-0.0142,0.434445,0.900698,1
2984,1.7333,0.0,0.0155,0.0,-0.0155,0.438371,0.898794,1
2985,1.75,0.0,0.0158,0.0,-0.0158,0.442289,0.896873,1
2986,1.7667,0.0,0.0175,0.0,-0.0175,0.446198,0.894934,1
2987,1.7833,0.0,0.0125,0.0,-0.0125,0.450098,0.892979,1
2988,1.8,0.0,0.0137,0.0,-0.0137,0.45399,0.891007,1
2989,1.8167,0.0,0.0151,0.0,-0.0151,0.457874,0.889017,1
2990,1.8333,0.0,0.014,0.0,-0.014,0.461749,0.887011,1
2991,1.85,0.0,0.0133,0.0,-0.0133,0.465615,0.884988,1
2992,1.8667,0.0,0.0131,0.0,-0.0131,0.469472,0.882948,1
2993,1.8833,0.0,0.0121,0.0,-0.0121,0.47332,0.880891,1
2994,1.9,0.0,0.0141,0.0,-0.0141,0.477159,0.878817,1
2995,1.9167,0.0,0.0119,0.0,-0.0119,0.480989,0.876727,1
2996,1.9333,0.0,0.0158,0.0,-0.0158,0.48481,0.87462,1
2997,1.95,0.0,0.0138,0.0,-0.0138,0.488621,0.872496,1
2998,1.9667,0.0,0.014,0.0,-0.014,0.492424,0.870356,1
2999,1.9833,0.0,0.0176,0.0,-0.0176,0.496217,0.868199,1
3000,2.0,0.0,0.0162,0.0,-0.0162,0.5,0.866025,1
3001,2.0167,0.0,0.0128,0.0,-0.0128,0.503774,0.863836,1
3002,2.0333,0.0,0.0161,0.0,-0.0161,0.507538,0.861629,1
3003,2.05,0.0,0.0167,0.0,-0.0167,0.511293,0.859406,1
3004,2.0667,0.0,0.0159,0.0,-0.0159,0.515038,0.857167,1
3005,2.0833,0.0,0.011,0.0,-0.011,0.518773,0.854912,1
3006,2.1,0.0,0.0174,0.0,-0.0174,0.522499,0.85264,1
3007,2.1167,0.0,0.017,0.0,-0.017,0.526214,0.850352,1
3008,2.1333,0.0,0.0136,0.0,-0.0136,0.529919,0.848048,1
3009,2.15,0.0,0.0155,0.0,-0.0155,0.533615,0.845728,1
3010,2.1667,0.0,0.0152,0.0,-0.0152,0.5373,0.843391,1
3011,2.1833,0.0,0.0169,0.0,-0.0169,0.540974,0.841039,1
3012,2.2,0.0,0.014,0.0,-0.014,0.544639,0.838671,1
3013,2.2167,0.0,0.0151,0.0,-0.0151,0.548293,0.836286,1
3014,2.2333,0.0,0.0123,0.0,-0.0123,0.551937,0.833886,1
3015,2.25,0.0,0.0144,0.0,-0.0144,0.55557,0.83147,1
3016,2.2667,0.0,0.016,0.0,-0.016,0.559193,0.829038,1
3017,2.2833,0.0,0.0138,0.0,-0.0138,0.562805,0.82659,1
3018,2.3,0.0,0.013,0.0,-0.013,0.566406,0.824126,1
3019,2.3167,0.0,0.0145,0.0,-0.0145,0.569997,0.821647,1
3020,2.3333,0.0,0.0152,0.0,-0.0152,0.573576,0.819152,1
3021,2.35,0.0,0.0129,0.0,-0.0129,0.577145,0.816642,1
3022,2.3667,0.0,0.0129,0.0,-0.0129,0.580703,0.814116,1
3023,2.3833,0.0,0.013,0.0,-0.013,0.58425,0.811574,1
3024,2.4,0.0,0.0159,0.0,-0.0159,0.587785,0.809017,1
3025,2.4167,0.0,0.019,0.0,-0.019,0.59131,0.806445,1
3026,2.4333,0.0,0.0125,0.0,-0.0125,0.594823,0.803857,1
3027,2.45,0.0,0.0142,0.0,-0.0142,0.598325,0.801254,1
3028,2.4667,0.0,0.0157,0.0,-0.0157,0.601815,0.798636,1
3029,2.4833,0.0,0.0171,0.0,-0.0171,0.605294,0.796002,1
3030,2.5,0.0,0.0158,0.0,-0.0158,0.608761,0.793353,1
3031,2.5167,0.0,0.01,0.0,-0.01,0.612217,0.79069,1
3032,2.5333,0.0,0.0114,0.0,-0.0114,0.615661,0.788011,1
3033,2.55,0.0,0.0152,0.0,-0.0152,0.619094,0.785317,1
3034,2.5667,0.0,0.0163,0.0,-0.0163,0.622515,0.782608,1
3035,2.5833,0.0,0.0168,0.0,-0.0168,0.625923,0.779884,1
3036,2.6,0.0,0.0142,0.0,-0.0142,0.62932,0.777146,1
3037,2.6167,0.0,0.0136,0.0,-0.0136,0.632705,0.774393,1
3038,2.6333,0.0,0.0148,0.0,-0.0148,0.636078,0.771625,1
3039,2.65,0.0,0.0179,0.0,-0.0179,0.639439,0.768842,1
3040,2.6667,0.0,0.0119,0.0,-0.0119,0.642788,0.766044,1
3041,2.6833,0.0,0.0181,0.0,-0.0181,0.646124,0.763232,1
3042,2.7,0.0,0.0131,0.0,-0.0131,0.649448,0.760406,1
3043,2.7167,0.0,0.0121,0.0,-0.0121,0.65276,0.757565,1
3044,2.7333,0.0,0.0175,0.0,-0.0175,0.656059,0.75471,1
3045,2.75,0.0,0.0158,0.0,-0.0158,0.659346,0.75184,1
3046,2.7667,0.0,0.0122,0.0,-0.0122,0.66262,0.748956,1
3047,2.7833,0.0,0.0152,0.0,-0.0152,0.665882,0.746057,1
3048,2.8,0.0,0.0174,0.0,-0.0174,0.669131,0.743145,1
3049,2.8167,0.0,0.0151,0.0,-0.0151,0.672367,0.740218,1
3050,2.8333,0.0,0.0151,0.0,-0.0151,0.67559,0.737277,1
3051,2.85,0.0,0.0164,0.0,-0.0164,0.678801,0.734323,1
3052,2.8667,0.0,0.0115,0.0,-0.0115,0.681998,0.731354,1
3053,2.8833,0.0,0.0138,0.0,-0.0138,0.685183,0.728371,1
3054,2.9,0.0,0.0154,0.0,-0.0154,0.688355,0.725374,1
3055,2.9167,0.0,0.0157,0.0,-0.0157,0.691513,0.722364,1
3056,2.9333,0.0,0.0134,0.0,-0.0134,0.694658,0.71934,1
3057,2.95,0.0,0.0132,0.0,-0.0132,0.69779,0.716302,1
3058,2.9667,0.0,0.0148,0.0,-0.0148,0.700909,0.71325,1
3059,2.9833,0.0,0.0173,0.0,-0.0173,0.704015,0.710185,1
3060,3.0,0.0,0.0141,0.0,-0.0141,0.707107,0.707107,1
3061,3.0167,0.0,0.0143,0.0,-0.0143,0.710185,0.704015,1
3062,3.0333,0.0,0.0151,0.0,-0.0151,0.71325,0.700909,1
3063,3.05,0.0,0.0153,0.0,-0.0153,0.716302,0.69779,1
3064,3.0667,0.0,0.0143,0.0,-0.0143,0.71934,0.694658,1
3065,3.0833,0.0,0.0143,0.0,-0.0143,0.722364,0.691513,1
3066,3.1,0.0,0.0133,0.0,-0.0133,0.725374,0.688355,1
3067,3.1167,0.0,0.0168,0.0,-0.0168,0.728371,0.685183,1
3068,3.1333,0.0,0.0177,0.0,-0.0177,0.731354,0.681998,1
3069,3.15,0.0,0.0183,0.0,-0.0183,0.734323,0.678801,1
3070,3.1667,0.0,0.0126,0.0,-0.0126,0.737277,0.67559,1
3071,3.1833,0.0,0.0182,0.0,-0.0182,0.740218,0.672367,1
3072,3.2,0.0,0.0137,0.0,-0.0137,0.743145,0.669131,1
3073,3.2167,0.0,0.0149,0.0,-0.0149,0.746057,0.665882,1
3074,3.2333,0.0,0.0142,0.0,-0.0142,0.748956,0.66262,1
3075,3.25,0.0,0.0149,0.0,-0.0149,0.75184,0.659346,1
3076,3.2667,0.0,0.018,0.0,-0.018,0.75471,0.656059,1
3077,3.2833,0.0,0.0152,0.0,-0.0152,0.757565,0.65276,1
3078,3.3,0.0,0.0178,0.0,-0.0178,0.760406,0.649448,1
3079,3.3167,0.0,0.0148,0.0,-0.0148,0.763232,0.646124,1
3080,3.3333,0.0,0.0171,0.0,-0.0171,0.766044,0.642788,1
3081,3.35,0.0,0.0112,0.0,-0.0112,0.768842,0.639439,1
3082,3.3667,0.0,0.012,0.0,-0.012,0.771625,0.636078,1
3083,3.3833,0.0,0.0141,0.0,-0.0141,0.774393,0.632705,1
3084,3.4,0.0,0.0193,0.0,-0.0193,0.777146,0.62932,1
3085,3.4167,0.0,0.0137,0.0,-0.0137,0.779884,0.625923,1
3086,3.4333,0.0,0.0139,0.0,-0.0139,0.782608,0.622515,1
3087,3.45,0.0,0.0158,0.0,-0.0158,0.785317,0.619094,1
3088,3.4667,0.0,0.0131,0.0,-0.0131,0.788011,0.615661,1
3089,3.4833,0.0,0.0144,0.0,-0.0144,0.79069,0.612217,1
3090,3.5,0.0,0.014,0.0,-0.014,0.793353,0.608761,1
3091,3.5167,0.0,0.0168,0.0,-0.0168,0.796002,0.605294,1
3092,3.5333,0.0,0.0128,0.0,-0.0128,0.798636,0.601815,1
3093,3.55,0.0,0.0157,0.0,-0.0157,0.801254,0.598325,1
3094,3.5667,0.0,0.0146,0.0,-0.0146,0.803857,0.594823,1
3095,3.5833,0.0,0.0141,0.0,-0.0141,0.806445,0.59131,1
3096,3.6,0.0,0.0133,0.0,-0.0133,0.809017,0.587785,1
3097,3.6167,0.0,0.0126,0.0,-0.0126,0.811574,0.58425,1
3098,3.6333,0.0,0.0146,0.0,-0.0146,0.814116,0.580703,1
3099,3.65,0.0,0.0138,0.0,-0.0138,0.816642,0.577145,1
3100,3.6667,0.0,0.0137,0.0,-0.0137,0.819152,0.573576,1
3101,3.6833,0.0,0.0169,0.0,-0.0169,0.821647,0.569997,1
3102,3.7,0.0,0.0134,0.0,-0.0134,0.824126,0.566406,1
3103,3.7167,0.0,0.0183,0.0,-0.0183,0.82659,0.562805,1
3104,3.7333,0.0,0.0173,0.0,-0.0173,0.829038,0.559193,1
3105,3.75,0.0,0.015,0.0,-0.015,0.83147,0.55557,1
3106,3.7667,0.0,0.0149,0.0,-0.0149,0.833886,0.551937,1
3107,3.7833,0.0,0.0109,0.0,-0.0109,0.836286,0.548293,1
3108,3.8,0.0,0.0139,0.0,-0.0139,0.838671,0.544639,1
3109,3.8167,0.0,0.0142,0.0,-0.0142,0.841039,0.540974,1
3110,3.8333,0.0,0.0173,0.0,-0.0173,0.843391,0.5373,1
3111,3.85,0.0,0.0169,0.0,-0.0169,0.845728,0.533615,1
3112,3.8667,0.0,0.0139,0.0,-0.0139,0.848048,0.529919,1
3113,3.8833,0.0,0.0135,0.0,-0.0135,0.850352,0.526214,1
3114,3.9,0.0,0.0169,0.0,-0.0169,0.85264,0.522499,1
3115,3.9167,0.0,0.0147,0.0,-0.0147,0.854912,0.518773,1
3116,3.9333,0.0,0.0127,0.0,-0.0127,0.857167,0.515038,1
3117,3.95,0.0,0.0092,0.0,-0.0092,0.859406,0.511293,1
3118,3.9667,0.0,0.0118,0.0,-0.0118,0.861629,0.507538,1
3119,3.9833,0.0,0.0155,0.0,-0.0155,0.863836,0.503774,1
3120,4.0,0.0,0.0154,0.0,-0.0154,0.866025,0.5,1
3121,4.0167,0.0,0.013,0.0,-0.013,0.868199,0.496217,1
3122,4.0333,0.0,0.0134,0.0,-0.0134,0.870356,0.492424,1
3123,4.05,0.0,0.0168,0.0,-0.0168,0.872496,0.488621,1
3124,4.0667,0.0,0.0108,0.0,-0.0108,0.87462,0.48481,1
3125,4.0833,0.0,0.0158,0.0,-0.0158,0.876727,0.480989,1
3126,4.1,0.0,0.0163,0.0,-0.0163,0.878817,0.477159,1
3127,4.1167,0.0,0.0165,0.0,-0.0165,0.880891,0.47332,1
3128,4.1333,0.0,0.0139,0.0,-0.0139,0.882948,0.469472,1
3129,4.15,0.0,0.0133,0.0,-0.0133,0.884988,0.465615,1
3130,4.1667,0.0,0.0168,0.0,-0.0168,0.887011,0.461749,1
3131,4.1833,0.0,0.0133,0.0,-0.0133,0.889017,0.457874,1
3132,4.2,0.0,0.0153,0.0,-0.0153,0.891007,0.45399,1
3133,4.2167,0.0,0.0162,0.0,-0.0162,0.892979,0.450098,1
3134,4.2333,0.0,0.0114,0.0,-0.0114,0.894934,0.446198,1
3135,4.25,0.0,0.0134,0.0,-0.0134,0.896873,0.442289,1
3136,4.2667,0.0,0.0134,0.0,-0.0134,0.898794,0.438371,1
3137,4.2833,0.0,0.014,0.0,-0.014,0.900698,0.434445,1
3138,4.3,0.0,0.0136,0.0,-0.0136,0.902585,0.430511,1
3139,4.3167,0.0,0.0128,0.0,-0.0128,0.904455,0.426569,1
3140,4.3333,0.0,0.0155,0.0,-0.0155,0.906308,0.422618,1
3141,4.35,0.0,0.017,0.0,-0.017,0.908143,0.41866,1
3142,4.3667,0.0,0.0131,0.0,-0.0131,0.909961,0.414693,1
3143,4.3833,0.0,0.0162,0.0,-0.0162,0.911762,0.410719,1
3144,4.4,0.0,0.0146,0.0,-0.0146,0.913545,0.406737,1
3145,4.4167,0.0,0.0196,0.0,-0.0196,0.915311,0.402747,1
3146,4.4333,0.0,0.0131,0.0,-0.0131,0.91706,0.398749,1
3147,4.45,0.0,0.0143,0.0,-0.0143,0.918791,0.394744,1
3148,4.4667,0.0,0.0123,0.0,-0.0123,0.920505,0.390731,1
3149,4.4833,0.0,0.0137,0.0,-0.0137,0.922201,0.386711,1
3150,4.5,0.0,0.0155,0.0,-0.0155,0.92388,0.382683,1
3151,4.5167,0.0,0.0136,0.0,-0.0136,0.925541,0.378649,1
3152,4.5333,0.0,0.0149,0.0,-0.0149,0.927184,0.374607,1
3153,4.55,0.0,0.0152,0.0,-0.0152,0.92881,0.370557,1
3154,4.5667,0.0,0.0145,0.0,-0.0145,0.930418,0.366501,1
3155,4.5833,0.0,0.015,0.0,-0.015,0.932008,0.362438,1
3156,4.6,0.0,0.0148,0.0,-0.0148,0.93358,0.358368,1
3157,4.6167,0.0,0.0147,0.0,-0.0147,0.935135,0.354291,1
3158,4.6333,0.0,0.0167,0.0,-0.0167,0.936672,0.350207,1
3159,4.65,0.0,0.0134,0.0,-0.0134,0.938191,0.346117,1
3160,4.6667,0.0,0.0142,0.0,-0.0142,0.939693,0.34202,1
3161,4.6833,0.0,0.0132,0.0,-0.0132,0.941176,0.337917,1
3162,4.7,0.0,0.0188,0.0,-0.0188,0.942641,0.333807,1
3163,4.7167,0.0,0.0165,0.0,-0.0165,0.944089,0.329691,1
3164,4.7333,0.0,0.0142,0.0,-0.0142,0.945519,0.325568,1
3165,4.75,0.0,0.0136,0.0,-0.0136,0.94693,0.321439,1
3166,4.7667,0.0,0.015,0.0,-0.015,0.948324,0.317305,1
3167,4.7833,0.0,0.0149,0.0,-0.0149,0.949699,0.313164,1
3168,4.8,0.0,0.0136,0.0,-0.0136,0.951057,0.309017,1
3169,4.8167,0.0,0.0126,0.0,-0.0126,0.952396,0.304864,1
3170,4.8333,0.0,0.0175,0.0,-0.0175,0.953717,0.300706,1
3171,4.85,0.0,0.0162,0.0,-0.0162,0.95502,0.296542,1
3172,4.8667,0.0,0.0144,0.0,-0.0144,0.956305,0.292372,1
3173,4.8833,0.0,0.013,0.0,-0.013,0.957571,0.288196,1
3174,4.9,0.0,0.0114,0.0,-0.0114,0.95882,0.284015,1
3175,4.9167,0.0,0.0142,0.0,-0.0142,0.96005,0.279829,1
3176,4.9333,0.0,0.0128,0.0,-0.0128,0.961262,0.275637,1
3177,4.95,0.0,0.014,0.0,-0.014,0.962455,0.27144,1
3178,4.9667,0.0,0.0166,0.0,-0.0166,0.96363,0.267238,1
3179,4.9833,0.0,0.017,0.0,-0.017,0.964787,0.263031,1
3180,5.0,0.0,0.0131,0.0,-0.0131,0.965926,0.258819,1
3181,5.0167,0.0,0.014,0.0,-0.014,0.967046,0.254602,1
3182,5.0333,0.0,0.0139,0.0,-0.0139,0.968148,0.25038,1
3183,5.05,0.0,0.0156,0.0,-0.0156,0.969231,0.246153,1
3184,5.0667,0.0,0.0139,0.0,-0.0139,0.970296,0.241922,1
3185,5.0833,0.0,0.0154,0.0,-0.0154,0.971342,0.237686,1
3186,5.1,0.0,0.0109,0.0,-0.0109,0.97237,0.233445,1
3187,5.1167,0.0,0.0161,0.0,-0.0161,0.973379,0.2292,1
3188,5.1333,0.0,0.0132,0.0,-0.0132,0.97437,0.224951,1
3189,5.15,0.0,0.0169,0.0,-0.0169,0.975342,0.220697,1
3190,5.1667,0.0,0.0124,0.0,-0.0124,0.976296,0.21644,1
3191,5.1833,0.0,0.0153,0.0,-0.0153,0.977231,0.212178,1
3192,5.2,0.0,0.0194,0.0,-0.0194,0.978148,0.207912,1
3193,5.2167,0.0,0.0139,0.0,-0.0139,0.979045,0.203642,1
3194,5.2333,0.0,0.0166,0.0,-0.0166,0.979925,0.199368,1
3195,5.25,0.0,0.0095,0.0,-0.0095,0.980785,0.19509,1
3196,5.2667,0.0,0.0118,0.0,-0.0118,0.981627,0.190809,1
3197,5.2833,0.0,0.0124,0.0,-0.0124,0.98245,0.186524,1
3198,5.3,0.0,0.0146,0.0,-0.0146,0.983255,0.182236,1
3199,5.3167,0.0,0.016,0.0,-0.016,0.984041,0.177944,1
3200,5.3333,0.0,0.0165,0.0,-0.0165,0.984808,0.173648,1
3201,5.35,0.0,0.0159,0.0,-0.0159,0.985556,0.16935,1
3202,5.3667,0.0,0.0139,0.0,-0.0139,0.986286,0.165048,1
3203,5.3833,0.0,0.0148,0.0,-0.0148,0.986996,0.160743,1
3204,5.4,0.0,0.0146,0.0,-0.0146,0.987688,0.156434,1
3205,5.4167,0.0,0.0149,0.0,-0.0149,0.988362,0.152123,1
3206,5.4333,0.0,0.0131,0.0,-0.0131,0.989016,0.147809,1
3207,5.45,0.0,0.0155,0.0,-0.0155,0.989651,0.143493,1
3208,5.4667,0.0,0.0111,0.0,-0.0111,0.990268,0.139173,1
3209,5.4833,0.0,0.0134,0.0,-0.0134,0.990866,0.134851,1
3210,5.5,0.0,0.013,0.0,-0.013,0.991445,0.130526,1
3211,5.5167,0.0,0.0125,0.0,-0.0125,0.992005,0.126199,1
3212,5.5333,0.0,0.0169,0.0,-0.0169,0.992546,0.121869,1
3213,5.55,0.0,0.0178,0.0,-0.0178,0.993068,0.117537,1
3214,5.5667,0.0,0.0166,0.0,-0.0166,0.993572,0.113203,1
3215,5.5833,0.0,0.0172,0.0,-0.0172,0.994056,0.108867,1
3216,5.6,0.0,0.0161,0.0,-0.0161,0.994522,0.104528,1
3217,5.6167,0.0,0.0148,0.0,-0.0148,0.994969,0.100188,1
3218,5.6333,0.0,0.0159,0.0,-0.0159,0.995396,0.095846,1
3219,5.65,0.0,0.0133,0.0,-0.0133,0.995805,0.091502,1
3220,5.6667,0.0,0.0147,0.0,-0.0147,0.996195,0.087156,1
3221,5.6833,0.0,0.0164,0.0,-0.0164,0.996566,0.082808,1
3222,5.7,0.0,0.0133,0.0,-0.0133,0.996917,0.078459,1
3223,5.7167,0.0,0.0149,0.0,-0.0149,0.99725,0.074108,1
3224,5.7333,0.0,0.0144,0.0,-0.0144,0.997564,0.069756,1
3225,5.75,0.0,0.0156,0.0,-0.0156,0.997859,0.065403,1
3226,5.7667,0.0,0.0154,0.0,-0.0154,0.998135,0.061049,1
3227,5.7833,0.0,0.0113,0.0,-0.0113,0.998392,0.056693,1
3228,5.8,0.0,0.016,0.0,-0.016,0.99863,0.052336,1
3229,5.8167,0.0,0.0148,0.0,-0.0148,0.998848,0.047978,1
3230,5.8333,0.0,0.0153,0.0,-0.0153,0.999048,0.043619,1
3231,5.85,0.0,0.0153,0.0,-0.0153,0.999229,0.03926,1
3232,5.8667,0.0,0.0123,0.0,-0.0123,0.999391,0.034899,1
3233,5.8833,0.0,0.0149,0.0,-0.0149,0.999534,0.030539,1
3234,5.9,0.0,0.0147,0.0,-0.0147,0.999657,0.026177,1
3235,5.9167,0.0,0.0178,0.0,-0.0178,0.999762,0.021815,1
3236,5.9333,0.0,0.0145,0.0,-0.0145,0.999848,0.017452,1
3237,5.95,0.0,0.0136,0.0,-0.0136,0.999914,0.01309,1
3238,5.9667,0.0,0.0169,0.0,-0.0169,0.999962,0.008727,1
3239,5.9833,0.0,0.0153,0.0,-0.0153,0.99999,0.004363,1
3240,6.0,0.0,0.0213,0.0,-0.0213,1.0,0.0,1
3241,6.0167,0.0,0.0284,0.0,-0.0284,0.99999,-0.004363,1
3242,6.0333,0.002767,0.0271,0.0,-0.024333,0.999962,-0.008727,1
3243,6.05,0.006117,0.0262,0.0,-0.020083,0.999914,-0.01309,1
3244,6.0667,0.002317,0.0238,0.0,-0.021483,0.999848,-0.017452,1
3245,6.0833,0.002267,0.0269,0.0,-0.024633,0.999762,-0.021815,1
3246,6.1,0.005467,0.0246,0.0,-0.019133,0.999657,-0.026177,1
3247,6.1167,0.001517,0.0279,0.0,-0.026383,0.999534,-0.030539,1
3248,6.1333,0.008017,0.0298,0.0,-0.021783,0.999391,-0.034899,1
3249,6.15,0.008917,0.0248,0.0,-0.015883,0.999229,-0.03926,1
3250,6.1667,0.004617,0.0244,0.0,-0.019783,0.999048,-0.043619,1
3251,6.1833,0.007033,0.0258,0.0,-0.018767,0.998848,-0.047978,1
3252,6.2,0.0078,0.0291,0.0,-0.0213,0.99863,-0.052336,1
3253,6.2167,0.006033,0.0246,0.0,-0.018567,0.998392,-0.056693,1
3254,6.2333,0.007783,0.0279,0.0,-0.020117,0.998135,-0.061049,1
3255,6.25,0.006567,0.0285,0.0,-0.021933,0.997859,-0.065403,1
3256,6.2667,0.008117,0.0281,0.0,-0.019983,0.997564,-0.069756,1
3257,6.2833,0.010717,0.0275,0.0,-0.016783,0.99725,-0.074108,1
3258,6.3,0.010417,0.0244,0.0,-0.013983,0.996917,-0.078459,1
3259,6.3167,0.010817,0.0292,0.0,-0.018383,0.996566,-0.082808,1
3260,6.3333,0.011617,0.027,0.0,-0.015383,0.996195,-0.087156,1
3261,6.35,0.014317,0.0267,0.0,-0.012383,0.995805,-0.091502,1
3262,6.3667,0.01015,0.0246,0.0,-0.01445,0.995396,-0.095846,1
3263,6.3833,0.0049,0.0263,0.0,-0.0214,0.994969,-0.100188,1
3264,6.4,0.006917,0.0282,0.0,-0.021283,0.994522,-0.104528,1
3265,6.4167,0.00955,0.0258,0.0,-0.01625,0.994056,-0.108867,1
3266,6.4333,0.014317,0.0278,0.0,-0.013483,0.993572,-0.113203,1
3267,6.45,0.015383,0.0276,0.0,-0.012217,0.993068,-0.117537,1
3268,6.4667,0.008483,0.0255,0.0,-0.017017,0.992546,-0.121869,1
3269,6.4833,0.016183,0.0234,0.0,-0.007217,0.992005,-0.126199,1
3270,6.5,0.020717,0.028,0.0,-0.007283,0.991445,-0.130526,1
3271,6.5167,0.014633,0.0244,0.0,-0.009767,0.990866,-0.134851,1
3272,6.5333,0.0152,0.0243,0.0,-0.0091,0.990268,-0.139173,1
3273,6.55,0.016433,0.0256,0.0,-0.009167,0.989651,-0.143493,1
3274,6.5667,0.01935,0.0283,0.0,-0.00895,0.989016,-0.147809,1
3275,6.5833,0.015333,0.0251,0.0,-0.009767,0.988362,-0.152123,1
3276,6.6,0.021183,0.0301,0.0,-0.008917,0.987688,-0.156434,1
3277,6.6167,0.0204,0.024,0.0,-0.0036,0.986996,-0.160743,1
3278,6.6333,0.022317,0.0275,0.0,-0.005183,0.986286,-0.165048,1
3279,6.65,0.020083,0.0263,0.0,-0.006217,0.985556,-0.16935,1
3280,6.6667,0.022467,0.0251,0.0,-0.002633,0.984808,-0.173648,1
3281,6.6833,0.0228,0.0251,0.0,-0.0023,0.984041,-0.177944,1
3282,6.7,0.02205,0.024,0.0,-0.00195,0.983255,-0.182236,1
3283,6.7167,0.021317,0.0249,0.0,-0.003583,0.98245,-0.186524,1
3284,6.7333,0.024267,0.0238,0.0005,0.000467,0.981627,-0.190809,0
3285,6.75,0.02235,0.0248,0.0,-0.00245,0.980785,-0.19509,1
3286,6.7667,0.02535,0.0253,0.0001,5e-05,0.979925,-0.199368,0
3287,6.7833,0.027783,0.0284,0.0,-0.000617,0.979045,-0.203642,1
3288,6.8,0.023783,0.0267,0.0,-0.002917,0.978148,-0.207912,1
3289,6.8167,0.0251,0.0262,0.0,-0.0011,0.977231,-0.212178,1
3290,6.8333,0.020517,0.0264,0.0,-0.005883,0.976296,-0.21644,1
3291,6.85,0.024617,0.0269,0.0,-0.002283,0.975342,-0.220697,1
3292,6.8667,0.027767,0.0273,0.0005,0.000467,0.97437,-0.224951,0
3293,6.8833,0.02805,0.0264,0.0021,0.00165,0.973379,-0.2292,0
3294,6.9,0.0298,0.0239,0.008,0.0059,0.97237,-0.233445,0
3295,6.9167,0.027133,0.0281,0.007,-0.000967,0.971342,-0.237686,0
3296,6.9333,0.025717,0.0292,0.0035,-0.003483,0.970296,-0.241922,0
3297,6.95,0.0331,0.0297,0.0069,0.0034,0.969231,-0.246153,0
3298,6.9667,0.0277,0.0309,0.0037,-0.0032,0.968148,-0.25038,0
3299,6.9833,0.032667,0.025,0.0114,0.007667,0.967046,-0.254602,0
3300,7.0,0.032217,0.0454,0.0,-0.013183,0.965926,-0.258819,1
3301,7.0167,0.03245,0.0498,0.0,-0.01735,0.964787,-0.263031,1
3302,7.0333,0.037683,0.0493,0.0,-0.011617,0.96363,-0.267238,1
3303,7.05,0.030983,0.0505,0.0,-0.019517,0.962455,-0.27144,1
3304,7.0667,0.031633,0.0494,0.0,-0.017767,0.961262,-0.275637,1
3305,7.0833,0.034333,0.0455,0.0,-0.011167,0.96005,-0.279829,1
3306,7.1,0.03825,0.0476,0.0,-0.00935,0.95882,-0.284015,1
3307,7.1167,0.03645,0.0462,0.0,-0.00975,0.957571,-0.288196,1
3308,7.1333,0.035433,0.0492,0.0,-0.013767,0.956305,-0.292372,1
3309,7.15,0.034383,0.0438,0.0,-0.009417,0.95502,-0.296542,1
3310,7.1667,0.034267,0.0488,0.0,-0.014533,0.953717,-0.300706,1
3311,7.1833,0.038633,0.0482,0.0,-0.009567,0.952396,-0.304864,1
3312,7.2,0.042767,0.0493,0.0,-0.006533,0.951057,-0.309017,1
3313,7.2167,0.036433,0.0456,0.0,-0.009167,0.949699,-0.313164,1
3314,7.2333,0.03555,0.0519,0.0,-0.01635,0.948324,-0.317305,1
3315,7.25,0.031933,0.0503,0.0,-0.018367,0.94693,-0.321439,1
3316,7.2667,0.042967,0.0483,0.0,-0.005333,0.945519,-0.325568,1
3317,7.2833,0.036867,0.05,0.0,-0.013133,0.944089,-0.329691,1
3318,7.3,0.0378,0.0502,0.0,-0.0124,0.942641,-0.333807,1
3319,7.3167,0.039667,0.0478,0.0,-0.008133,0.941176,-0.337917,1
3320,7.3333,0.043683,0.0483,0.0,-0.004617,0.939693,-0.34202,1
3321,7.35,0.03995,0.0489,0.0,-0.00895,0.938191,-0.346117,1
3322,7.3667,0.036983,0.0485,0.0,-0.011517,0.936672,-0.350207,1
3323,7.3833,0.042,0.0481,0.0,-0.0061,0.935135,-0.354291,1
3324,7.4,0.043883,0.0487,0.0,-0.004817,0.93358,-0.358368,1
3325,7.4167,0.041367,0.05,0.0,-0.008633,0.932008,-0.362438,1
3326,7.4333,0.0426,0.0456,0.0,-0.003,0.930418,-0.366501,1
3327,7.45,0.0425,0.0477,0.0,-0.0052,0.92881,-0.370557,1
3328,7.4667,0.048717,0.0477,0.001,0.001017,0.927184,-0.374607,0
3329,7.4833,0.04175,0.0453,0.0,-0.00355,0.925541,-0.378649,1
3330,7.5,0.040333,0.0472,0.0,-0.006867,0.92388,-0.382683,1
3331,7.5167,0.045933,0.0498,0.0,-0.003867,0.922201,-0.386711,1
3332,7.5333,0.0462,0.0469,0.0,-0.0007,0.920505,-0.390731,1
3333,7.55,0.050333,0.0512,0.0,-0.000867,0.918791,-0.394744,1
3334,7.5667,0.0462,0.0447,0.0015,0.0015,0.91706,-0.398749,0
3335,7.5833,0.051433,0.051,0.0019,0.000433,0.915311,-0.402747,0
3336,7.6,0.051117,0.0481,0.0049,0.003017,0.913545,-0.406737,0
3337,7.6167,0.052483,0.0462,0.0112,0.006283,0.911762,-0.410719,0
3338,7.6333,0.0521,0.0464,0.0169,0.0057,0.909961,-0.414693,0
3339,7.65,0.05185,0.0483,0.0205,0.00355,0.908143,-0.41866,0
3340,7.6667,0.048717,0.0461,0.0231,0.002617,0.906308,-0.422618,0
3341,7.6833,0.0509,0.048,0.026,0.0029,0.904455,-0.426569,0
3342,7.7,0.047583,0.0492,0.0244,-0.001617,0.902585,-0.430511,0
3343,7.7167,0.052783,0.0471,0.0301,0.005683,0.900698,-0.434445,0
3344,7.7333,0.046917,0.0494,0.0276,-0.002483,0.898794,-0.438371,0
3345,7.75,0.057917,0.0471,0.0384,0.010817,0.896873,-0.442289,0
3346,7.7667,0.052817,0.0464,0.0448,0.006417,0.894934,-0.446198,0
3347,7.7833,0.054233,0.0506,0.0484,0.003633,0.892979,-0.450098,0
3348,7.8,0.053417,0.0466,0.0552,0.006817,0.891007,-0.45399,0
3349,7.8167,0.049317,0.0464,0.0581,0.002917,0.889017,-0.457874,0
3350,7.8333,0.055217,0.0494,0.0639,0.005817,0.887011,-0.461749,0
3351,7.85,0.058383,0.0486,0.0737,0.009783,0.884988,-0.465615,0
3352,7.8667,0.053917,0.0512,0.0764,0.002717,0.882948,-0.469472,0
3353,7.8833,0.054233,0.0496,0.081,0.004633,0.880891,-0.47332,0
3354,7.9,0.052733,0.051,0.0827,0.001733,0.878817,-0.477159,0
3355,7.9167,0.052867,0.0462,0.0894,0.006667,0.876727,-0.480989,0
3356,7.9333,0.0565,0.0467,0.0992,0.0098,0.87462,-0.48481,0
3357,7.95,0.054233,0.0453,0.1081,0.008933,0.872496,-0.488621,0
3358,7.9667,0.057967,0.0486,0.1175,0.009367,0.870356,-0.492424,0
3359,7.9833,0.05685,0.0485,0.1259,0.00835,0.868199,-0.496217,0
3360,8.0,0.057,0.0461,0.1368,0.0109,0.866025,-0.5,0
3361,8.0167,0.060833,0.0476,0.15,0.013233,0.863836,-0.503774,0
3362,8.0333,0.0596,0.0484,0.1612,0.0112,0.861629,-0.507538,0
3363,8.05,0.0643,0.0477,0.1778,0.0166,0.859406,-0.511293,0
3364,8.0667,0.063433,0.0493,0.1919,0.014133,0.857167,-0.515038,0
3365,8.0833,0.0611,0.0478,0.2052,0.0133,0.854912,-0.518773,0
3366,8.1,0.057267,0.049,0.2135,0.008267,0.85264,-0.522499,0
3367,8.1167,0.060533,0.0454,0.2286,0.015133,0.850352,-0.526214,0
3368,8.1333,0.069083,0.0471,0.2506,0.021983,0.848048,-0.529919,0
3369,8.15,0.0692,0.0487,0.2711,0.0205,0.845728,-0.533615,0
3370,8.1667,0.06375,0.049,0.2858,0.01475,0.843391,-0.5373,0
3371,8.1833,0.067867,0.0512,0.3025,0.016667,0.841039,-0.540974,0
3372,8.2,0.063983,0.0476,0.3189,0.016383,0.838671,-0.544639,0
3373,8.2167,0.067417,0.0472,0.3391,0.020217,0.836286,-0.548293,0
3374,8.2333,0.070483,0.0452,0.3644,0.025283,0.833886,-0.551937,0
3375,8.25,0.069733,0.0482,0.3859,0.021533,0.83147,-0.55557,0
3376,8.2667,0.067317,0.049,0.4042,0.018317,0.829038,-0.559193,0
3377,8.2833,0.069317,0.1141,0.3594,-0.044783,0.82659,-0.562805,0
3378,8.3,0.06765,0.1116,0.3155,-0.04395,0.824126,-0.566406,0
3379,8.3167,0.074183,0.1121,0.2776,-0.037917,0.821647,-0.569997,0
3380,8.3333,0.06555,0.1141,0.2291,-0.04855,0.819152,-0.573576,0
3381,8.35,0.069133,0.1117,0.1865,-0.042567,0.816642,-0.577145,0
3382,8.3667,0.06795,0.1105,0.144,-0.04255,0.814116,-0.580703,0
3383,8.3833,0.074,0.1154,0.1026,-0.0414,0.811574,-0.58425,0
3384,8.4,0.071783,0.1132,0.0612,-0.041417,0.809017,-0.587785,0
3385,8.4167,0.0721,0.1132,0.0201,-0.0411,0.806445,-0.59131,0
3386,8.4333,0.071783,0.1159,0.0,-0.044117,0.803857,-0.594823,1
3387,8.45,0.069067,0.1164,0.0,-0.047333,0.801254,-0.598325,1
3388,8.4667,0.071017,0.1116,0.0,-0.040583,0.798636,-0.601815,1
3389,8.4833,0.0725,0.1155,0.0,-0.043,0.796002,-0.605294,1
3390,8.5,0.0749,0.1116,0.0,-0.0367,0.793353,-0.608761,1
3391,8.5167,0.076883,0.1107,0.0,-0.033817,0.79069,-0.612217,1
3392,8.5333,0.07345,0.1112,0.0,-0.03775,0.788011,-0.615661,1
3393,8.55,0.0766,0.1085,0.0,-0.0319,0.785317,-0.619094,1
3394,8.5667,0.074117,0.1091,0.0,-0.034983,0.782608,-0.622515,1
3395,8.5833,0.070333,0.1119,0.0,-0.041567,0.779884,-0.625923,1
3396,8.6,0.075317,0.1132,0.0,-0.037883,0.777146,-0.62932,1
3397,8.6167,0.075017,0.111,0.0,-0.035983,0.774393,-0.632705,1
3398,8.6333,0.07435,0.1146,0.0,-0.04025,0.771625,-0.636078,1
3399,8.65,0.07645,0.1136,0.0,-0.03715,0.768842,-0.639439,1
3400,8.6667,0.08035,0.1106,0.0,-0.03025,0.766044,-0.642788,1
3401,8.6833,0.078083,0.1152,0.0,-0.037117,0.763232,-0.646124,1
3402,8.7,0.082667,0.1107,0.0,-0.028033,0.760406,-0.649448,1
3403,8.7167,0.073617,0.114,0.0,-0.040383,0.757565,-0.65276,1
3404,8.7333,0.0812,0.1097,0.0,-0.0285,0.75471,-0.656059,1
3405,8.75,0.075783,0.1111,0.0,-0.035317,0.75184,-0.659346,1
3406,8.7667,0.0822,0.1107,0.0,-0.0285,0.748956,-0.66262,1
3407,8.7833,0.077917,0.1143,0.0,-0.036383,0.746057,-0.665882,1
3408,8.8,0.076583,0.1117,0.0,-0.035117,0.743145,-0.669131,1
3409,8.8167,0.082367,0.1101,0.0,-0.027733,0.740218,-0.672367,1
3410,8.8333,0.078067,0.1146,0.0,-0.036533,0.737277,-0.67559,1
3411,8.85,0.0848,0.1147,0.0,-0.0299,0.734323,-0.678801,1
3412,8.8667,0.078617,0.1131,0.0,-0.034483,0.731354,-0.681998,1
3413,8.8833,0.079983,0.1117,0.0,-0.031717,0.728371,-0.685183,1
3414,8.9,0.0835,0.1094,0.0,-0.0259,0.725374,-0.688355,1
3415,8.9167,0.081667,0.1135,0.0,-0.031833,0.722364,-0.691513,1
3416,8.9333,0.08525,0.1108,0.0,-0.02555,0.71934,-0.694658,1
3417,8.95,0.0855,0.1086,0.0,-0.0231,0.716302,-0.69779,1
3418,8.9667,0.083767,0.1152,0.0,-0.031433,0.71325,-0.700909,1
3419,8.9833,0.0842,0.0493,0.0349,0.0349,0.710185,-0.704015,0
3420,9.0,0.089267,0.0242,0.1,0.065067,0.707107,-0.707107,0
3421,9.0167,0.081767,0.0265,0.1553,0.055267,0.704015,-0.710185,0
3422,9.0333,0.088417,0.0238,0.2199,0.064617,0.700909,-0.71325,0
3423,9.05,0.086667,0.0268,0.2798,0.059867,0.69779,-0.716302,0
3424,9.0667,0.088767,0.0283,0.3403,0.060467,0.694658,-0.71934,0
3425,9.0833,0.085833,0.0277,0.3984,0.058133,0.691513,-0.722364,0
3426,9.1,0.093383,0.0267,0.4651,0.066683,0.688355,-0.725374,0
3427,9.1167,0.082167,0.0259,0.5214,0.056267,0.685183,-0.728371,0
3428,9.1333,0.0845,0.0274,0.5785,0.0571,0.681998,-0.731354,0
3429,9.15,0.08685,0.0258,0.6395,0.06105,0.678801,-0.734323,0
3430,9.1667,0.091817,0.0279,0.7034,0.063917,0.67559,-0.737277,0
3431,9.1833,0.085417,0.0269,0.7619,0.058517,0.672367,-0.740218,0
3432,9.2,0.088733,0.0259,0.8247,0.062833,0.669131,-0.743145,0
3433,9.2167,0.087667,0.0241,0.8883,0.063567,0.665882,-0.746057,0
3434,9.2333,0.0929,0.0263,0.9549,0.0666,0.66262,-0.748956,0
3435,9.25,0.086417,0.0288,1.0125,0.057617,0.659346,-0.75184,0
3436,9.2667,0.087783,0.0267,1.0736,0.061083,0.656059,-0.75471,0
3437,9.2833,0.091217,0.0266,1.1382,0.064617,0.65276,-0.757565,0
3438,9.3,0.0916,0.028,1.2018,0.0636,0.649448,-0.760406,0
3439,9.3167,0.091017,0.0248,1.268,0.066217,0.646124,-0.763232,0
3440,9.3333,0.095583,0.0291,1.3345,0.066483,0.642788,-0.766044,0
3441,9.35,0.09245,0.0245,1.4024,0.06795,0.639439,-0.768842,0
3442,9.3667,0.089717,0.0241,1.468,0.065617,0.636078,-0.771625,0
3443,9.3833,0.095017,0.0267,1.5363,0.068317,0.632705,-0.774393,0
3444,9.4,0.095217,0.024,1.6075,0.071217,0.62932,-0.777146,0
3445,9.4167,0.09305,0.025,1.6756,0.06805,0.625923,-0.779884,0
3446,9.4333,0.097917,0.0263,1.7472,0.071617,0.622515,-0.782608,0
3447,9.45,0.097967,0.024,1.8212,0.073967,0.619094,-0.785317,0
3448,9.4667,0.0915,0.1055,1.8072,-0.014,0.615661,-0.788011,0
3449,9.4833,0.09375,0.1093,1.7916,-0.01555,0.612217,-0.79069,0
3450,9.5,0.095933,0.1061,1.7814,-0.010167,0.608761,-0.793353,0
3451,9.5167,0.09865,0.1068,1.7732,-0.00815,0.605294,-0.796002,0
3452,9.5333,0.097533,0.1087,1.762,-0.011167,0.601815,-0.798636,0
3453,9.55,0.092917,0.108,1.7469,-0.015083,0.598325,-0.801254,0
3454,9.5667,0.0968,0.1089,1.7348,-0.0121,0.594823,-0.803857,0
3455,9.5833,0.10115,0.1109,1.725,-0.00975,0.59131,-0.806445,0
3456,9.6,0.0923,0.1094,1.7079,-0.0171,0.587785,-0.809017,0
3457,9.6167,0.096317,0.1078,1.6964,-0.011483,0.58425,-0.811574,0
3458,9.6333,0.093033,0.1078,1.6816,-0.014767,0.580703,-0.814116,0
3459,9.65,0.096367,0.1085,1.6695,-0.012133,0.577145,-0.816642,0
3460,9.6667,0.10165,0.1044,1.6668,-0.00275,0.573576,-0.819152,0
3461,9.6833,0.103783,0.1057,1.6649,-0.001917,0.569997,-0.821647,0
3462,9.7,0.097133,0.1074,1.6546,-0.010267,0.566406,-0.824126,0
3463,9.7167,0.1018,0.1081,1.6483,-0.0063,0.562805,-0.82659,0
3464,9.7333,0.098467,0.108,1.6388,-0.009533,0.559193,-0.829038,0
3465,9.75,0.097367,0.1045,1.6317,-0.007133,0.55557,-0.83147,0
3466,9.7667,0.102383,0.1079,1.6262,-0.005517,0.551937,-0.833886,0
3467,9.7833,0.100283,0.109,1.6175,-0.008717,0.548293,-0.836286,0
3468,9.8,0.105183,0.1089,1.6138,-0.003717,0.544639,-0.838671,0
3469,9.8167,0.104467,0.1065,1.6118,-0.002033,0.540974,-0.841039,0
3470,9.8333,0.101833,0.1046,1.609,-0.002767,0.5373,-0.843391,0
3471,9.85,0.101717,0.1058,1.6049,-0.004083,0.533615,-0.845728,0
3472,9.8667,0.094983,0.1093,1.5906,-0.014317,0.529919,-0.848048,0
3473,9.8833,0.099217,0.1119,1.5779,-0.012683,0.526214,-0.850352,0
3474,9.9,0.10335,0.1087,1.5726,-0.00535,0.522499,-0.85264,0
3475,9.9167,0.106,0.1086,1.57,-0.0026,0.518773,-0.854912,0
3476,9.9333,0.101533,0.1088,1.5627,-0.007267,0.515038,-0.857167,0
3477,9.95,0.104433,0.1076,1.5595,-0.003167,0.511293,-0.859406,0
3478,9.9667,0.106333,0.1057,1.5601,0.000633,0.507538,-0.861629,0
3479,9.9833,0.103167,0.1083,1.555,-0.005133,0.503774,-0.863836,0
3480,10.0,0.10875,0.1078,1.5559,0.00095,0.5,-0.866025,0
3481,10.0167,0.105217,0.1058,1.5553,-0.000583,0.496217,-0.868199,0
3482,10.0333,0.10355,0.1062,1.5527,-0.00265,0.492424,-0.870356,0
3483,10.05,0.1041,0.1082,1.5486,-0.0041,0.488621,-0.872496,0
3484,10.0667,0.1055,0.1059,1.5482,-0.0004,0.48481,-0.87462,0
3485,10.0833,0.107267,0.1058,1.5497,0.001467,0.480989,-0.876727,0
3486,10.1,0.101667,0.1079,1.5435,-0.006233,0.477159,-0.878817,0
3487,10.1167,0.106767,0.1106,1.5397,-0.003833,0.47332,-0.880891,0
3488,10.1333,0.1057,0.1087,1.5367,-0.003,0.469472,-0.882948,0
3489,10.15,0.104983,0.1082,1.5335,-0.003217,0.465615,-0.884988,0
3490,10.1667,0.101383,0.105,1.5299,-0.003617,0.461749,-0.887011,0
3491,10.1833,0.106417,0.1068,1.5295,-0.000383,0.457874,-0.889017,0
3492,10.2,0.105867,0.1066,1.5288,-0.000733,0.45399,-0.891007,0
3493,10.2167,0.101417,0.1039,1.5263,-0.002483,0.450098,-0.892979,0
3494,10.2333,0.106217,0.1091,1.5234,-0.002883,0.446198,-0.894934,0
3495,10.25,0.110233,0.1082,1.5254,0.002033,0.442289,-0.896873,0
3496,10.2667,0.105433,0.1057,1.5251,-0.000267,0.438371,-0.898794,0
3497,10.2833,0.109233,0.1073,1.527,0.001933,0.434445,-0.900698,0
3498,10.3,0.1107,0.1071,1.5306,0.0036,0.430511,-0.902585,0
3499,10.3167,0.10885,0.1069,1.5326,0.00195,0.426569,-0.904455,0
3500,10.3333,0.106533,0.1064,1.5327,0.000133,0.422618,-0.906308,0
3501,10.35,0.10725,0.1068,1.5332,0.00045,0.41866,-0.908143,0
3502,10.3667,0.108317,0.1112,1.5303,-0.002883,0.414693,-0.909961,0
3503,10.3833,0.11135,0.1064,1.5353,0.00495,0.410719,-0.911762,0
3504,10.4,0.108667,0.1089,1.5351,-0.000233,0.406737,-0.913545,0
3505,10.4167,0.11055,0.1075,1.5381,0.00305,0.402747,-0.915311,0
3506,10.4333,0.110717,0.0272,1.6216,0.083517,0.398749,-0.91706,0
3507,10.45,0.110817,0.0252,1.7072,0.085617,0.394744,-0.918791,0
3508,10.4667,0.107617,0.0272,1.7876,0.080417,0.390731,-0.920505,0
3509,10.4833,0.104433,0.0241,1.8679,0.080333,0.386711,-0.922201,0
3510,10.5,0.113483,0.0304,1.951,0.083083,0.382683,-0.92388,0
3511,10.5167,0.105417,0.0236,2.0328,0.081817,0.378649,-0.925541,0
3512,10.5333,0.110317,0.0232,2.1199,0.087117,0.374607,-0.927184,0
3513,10.55,0.113317,0.028,2.2052,0.085317,0.370557,-0.92881,0
3514,10.5667,0.109533,0.028,2.2867,0.081533,0.366501,-0.930418,0
3515,10.5833,0.110017,0.0264,2.3703,0.083617,0.362438,-0.932008,0
3516,10.6,0.11385,0.0254,2.4587,0.08845,0.358368,-0.93358,0
3517,10.6167,0.114517,0.0253,2.5479,0.089217,0.354291,-0.935135,0
3518,10.6333,0.113817,0.0324,2.6293,0.081417,0.350207,-0.936672,0
3519,10.65,0.1149,0.0268,2.7174,0.0881,0.346117,-0.938191,0
3520,10.6667,0.10635,0.0232,2.8005,0.08315,0.34202,-0.939693,0
3521,10.6833,0.118317,0.0234,2.8954,0.094917,0.337917,-0.941176,0
3522,10.7,0.1105,0.024,2.9819,0.0865,0.333807,-0.942641,0
3523,10.7167,0.111383,0.0261,3.0672,0.085283,0.329691,-0.944089,0
3524,10.7333,0.11275,0.0286,3.1514,0.08415,0.325568,-0.945519,0
3525,10.75,0.112717,0.0252,3.2389,0.087517,0.321439,-0.94693,0
3526,10.7667,0.111867,0.0246,3.3262,0.087267,0.317305,-0.948324,0
3527,10.7833,0.11465,0.065,3.3759,0.04965,0.313164,-0.949699,0
3528,10.8,0.112033,0.0655,3.4224,0.046533,0.309017,-0.951057,0
3529,10.8167,0.114017,0.0627,3.4737,0.051317,0.304864,-0.952396,0
3530,10.8333,0.115767,0.0633,3.5262,0.052467,0.300706,-0.953717,0
3531,10.85,0.11255,0.0642,3.5745,0.04835,0.296542,-0.95502,0
3532,10.8667,0.11385,0.0645,3.6238,0.04935,0.292372,-0.956305,0
3533,10.8833,0.116033,0.0679,3.6719,0.048133,0.288196,-0.957571,0
3534,10.9,0.11155,0.0653,3.7181,0.04625,0.284015,-0.95882,0
3535,10.9167,0.118383,0.0635,3.773,0.054883,0.279829,-0.96005,0
3536,10.9333,0.113167,0.0602,3.826,0.052967,0.275637,-0.961262,0
3537,10.95,0.11115,0.0638,3.8733,0.04735,0.27144,-0.962455,0
3538,10.9667,0.115867,0.062,3.9272,0.053867,0.267238,-0.96363,0
3539,10.9833,0.112,0.0683,3.9709,0.0437,0.263031,-0.964787,0
3540,11.0,0.1183,0.0647,4.0245,0.0536,0.258819,-0.965926,0
3541,11.0167,0.11775,0.0641,4.0781,0.05365,0.254602,-0.967046,0
3542,11.0333,0.12045,0.0678,4.1307,0.05265,0.25038,-0.968148,0
3543,11.05,0.118433,0.0624,4.1867,0.056033,0.246153,-0.969231,0
3544,11.0667,0.1116,0.0646,4.2337,0.047,0.241922,-0.970296,0
3545,11.0833,0.12,0.0651,4.2886,0.0549,0.237686,-0.971342,0
3546,11.1,0.117333,0.0648,4.3411,0.052533,0.233445,-0.97237,0
3547,11.1167,0.115317,0.0641,4.3923,0.051217,0.2292,-0.973379,0
3548,11.1333,0.118233,0.0644,4.4461,0.053833,0.224951,-0.97437,0
3549,11.15,0.117083,0.065,4.4982,0.052083,0.220697,-0.975342,0
3550,11.1667,0.122883,0.0643,4.5568,0.058583,0.21644,-0.976296,0
3551,11.1833,0.114383,0.0607,4.6105,0.053683,0.212178,-0.977231,0
3552,11.2,0.1222,0.0685,4.6642,0.0537,0.207912,-0.978148,0
3553,11.2167,0.118867,0.0633,4.7198,0.055567,0.203642,-0.979045,0
3554,11.2333,0.120217,0.0648,4.7752,0.055417,0.199368,-0.979925,0
3555,11.25,0.1198,0.0631,4.8319,0.0567,0.19509,-0.980785,0
3556,11.2667,0.119683,0.0653,4.8863,0.054383,0.190809,-0.981627,0
3557,11.2833,0.122117,0.0683,4.9401,0.053817,0.186524,-0.98245,0
3558,11.3,0.1152,0.063,4.9923,0.0522,0.182236,-0.983255,0
3559,11.3167,0.122533,0.0618,5.053,0.060733,0.177944,-0.984041,0
3560,11.3333,0.1199,0.061,5.1119,0.0589,0.173648,-0.984808,0
3561,11.35,0.1123,0.0661,5.1581,0.0462,0.16935,-0.985556,0
3562,11.3667,0.11855,0.065,5.2116,0.05355,0.165048,-0.986286,0
3563,11.3833,0.122567,0.0656,5.2686,0.056967,0.160743,-0.986996,0
3564,11.4,0.1175,0.0622,5.3239,0.0553,0.156434,-0.987688,0
3565,11.4167,0.1213,0.0646,5.3806,0.0567,0.152123,-0.988362,0
3566,11.4333,0.121867,0.0625,5.44,0.059367,0.147809,-0.989016,0
3567,11.45,0.1142,0.064,5.4902,0.0502,0.143493,-0.989651,0
3568,11.4667,0.116583,0.0652,5.5416,0.051383,0.139173,-0.990268,0
3569,11.4833,0.118783,0.0679,5.5925,0.050883,0.134851,-0.990866,0
3570,11.5,0.119817,0.0673,5.645,0.052517,0.130526,-0.991445,0
3571,11.5167,0.119333,0.025,5.7393,0.094333,0.126199,-0.992005,0
3572,11.5333,0.119783,0.0293,5.8298,0.090483,0.121869,-0.992546,0
3573,11.55,0.121383,0.0282,5.923,0.093183,0.117537,-0.993068,0
3574,11.5667,0.1197,0.0259,6.0168,0.0938,0.113203,-0.993572,0
3575,11.5833,0.11775,0.0272,6.1074,0.09055,0.108867,-0.994056,0
3576,11.6,0.12195,0.027,6.2024,0.09495,0.104528,-0.994522,0
3577,11.6167,0.119,0.0267,6.2947,0.0923,0.100188,-0.994969,0
3578,11.6333,0.1223,0.0276,6.3894,0.0947,0.095846,-0.995396,0
3579,11.65,0.118183,0.0256,6.482,0.092583,0.091502,-0.995805,0
3580,11.6667,0.122,0.0271,6.5769,0.0949,0.087156,-0.996195,0
3581,11.6833,0.124183,0.0207,6.6804,0.103483,0.082808,-0.996566,0
3582,11.7,0.121283,0.0252,6.7765,0.096083,0.078459,-0.996917,0
3583,11.7167,0.118917,0.0252,6.8702,0.093717,0.074108,-0.99725,0
3584,11.7333,0.122183,0.0263,6.9661,0.095883,0.069756,-0.997564,0
3585,11.75,0.114833,0.0266,7.0543,0.088233,0.065403,-0.997859,0
3586,11.7667,0.117067,0.0266,7.1448,0.090467,0.061049,-0.998135,0
3587,11.7833,0.123267,0.027,7.2411,0.096267,0.056693,-0.998392,0
3588,11.8,0.117917,0.0253,7.3337,0.092617,0.052336,-0.99863,0
3589,11.8167,0.121217,0.0254,7.4295,0.095817,0.047978,-0.998848,0
3590,11.8333,0.123517,0.0227,7.5303,0.100817,0.043619,-0.999048,0
3591,11.85,0.121167,0.0257,7.6258,0.095467,0.03926,-0.999229,0
3592,11.8667,0.1216,0.0282,7.7192,0.0934,0.034899,-0.999391,0
3593,11.8833,0.115533,0.0274,7.8073,0.088133,0.030539,-0.999534,0
3594,11.9,0.1177,0.0272,7.8978,0.0905,0.026177,-0.999657,0
3595,11.9167,0.120967,0.0237,7.9951,0.097267,0.021815,-0.999762,0
3596,11.9333,0.115433,0.0283,8.0822,0.087133,0.017452,-0.999848,0
3597,11.95,0.12535,0.0258,8.1817,0.09955,0.01309,-0.999914,0
3598,11.9667,0.1196,0.0252,8.2761,0.0944,0.008727,-0.999962,0
3599,11.9833,0.1208,0.0244,8.3725,0.0964,0.004363,-0.99999,0
3600,12.0,0.12255,0.0281,8.467,0.09445,0.0,-1.0,0
3601,12.0167,0.1244,0.0297,8.5617,0.0947,-0.004363,-0.99999,0
3602,12.0333,0.1202,0.0254,8.6565,0.0948,-0.008727,-0.999962,0
3603,12.05,0.11545,0.0288,8.7431,0.08665,-0.01309,-0.999914,0
3604,12.0667,0.120783,0.028,8.8359,0.092783,-0.017452,-0.999848,0
3605,12.0833,0.121783,0.026,8.9317,0.095783,-0.021815,-0.999762,0
3606,12.1,0.115967,0.0233,9.0244,0.092667,-0.026177,-0.999657,0
3607,12.1167,0.120567,0.0276,9.1174,0.092967,-0.030539,-0.999534,0
3608,12.1333,0.1202,0.0274,9.2102,0.0928,-0.034899,-0.999391,0
3609,12.15,0.121517,0.0248,9.3069,0.096717,-0.03926,-0.999229,0
3610,12.1667,0.11885,0.0239,9.4019,0.09495,-0.043619,-0.999048,0
3611,12.1833,0.119517,0.0252,9.4962,0.094317,-0.047978,-0.998848,0
3612,12.2,0.1154,0.0247,9.5869,0.0907,-0.052336,-0.99863,0
3613,12.2167,0.122017,0.029,9.6799,0.093017,-0.056693,-0.998392,0
3614,12.2333,0.116917,0.0289,9.7679,0.088017,-0.061049,-0.998135,0
3615,12.25,0.1206,0.0276,9.8609,0.093,-0.065403,-0.997859,0
3616,12.2667,0.11855,0.027,9.9525,0.09155,-0.069756,-0.997564,0
3617,12.2833,0.11905,0.0274,10.0442,0.09165,-0.074108,-0.99725,0
3618,12.3,0.11665,0.0262,10.1347,0.09045,-0.078459,-0.996917,0
3619,12.3167,0.121883,0.0242,10.2324,0.097683,-0.082808,-0.996566,0
3620,12.3333,0.121617,0.0248,10.3292,0.096817,-0.087156,-0.996195,0
3621,12.35,0.124567,0.0258,10.428,0.098767,-0.091502,-0.995805,0
3622,12.3667,0.118183,0.0276,10.5186,0.090583,-0.095846,-0.995396,0
3623,12.3833,0.117867,0.0277,10.6088,0.090167,-0.100188,-0.994969,0
3624,12.4,0.120933,0.0234,10.7063,0.097533,-0.104528,-0.994522,0
3625,12.4167,0.122067,0.0258,10.8026,0.096267,-0.108867,-0.994056,0
3626,12.4333,0.122317,0.0281,10.8968,0.094217,-0.113203,-0.993572,0
3627,12.45,0.11715,0.0262,10.9878,0.09095,-0.117537,-0.993068,0
3628,12.4667,0.118783,0.0258,11.0808,0.092983,-0.121869,-0.992546,0
3629,12.4833,0.117517,0.0271,11.1712,0.090417,-0.126199,-0.992005,0
3630,12.5,0.120283,0.0261,11.2654,0.094183,-0.130526,-0.991445,0
3631,12.5167,0.118783,0.0264,11.3578,0.092383,-0.134851,-0.990866,0
3632,12.5333,0.120567,0.0261,11.4523,0.094467,-0.139173,-0.990268,0
3633,12.55,0.11495,0.0289,11.5383,0.08605,-0.143493,-0.989651,0
3634,12.5667,0.119317,0.0246,11.633,0.094717,-0.147809,-0.989016,0
3635,12.5833,0.119983,0.0279,11.7251,0.092083,-0.152123,-0.988362,0
3636,12.6,0.111317,0.0252,11.8112,0.086117,-0.156434,-0.987688,0
3637,12.6167,0.11715,0.0271,11.9012,0.09005,-0.160743,-0.986996,0
3638,12.6333,0.119067,0.0273,11.993,0.091767,-0.165048,-0.986286,0
3639,12.65,0.118133,0.0247,12.0864,0.093433,-0.16935,-0.985556,0
3640,12.6667,0.112783,0.027,12.1722,0.085783,-0.173648,-0.984808,0
3641,12.6833,0.1165,0.0218,12.2669,0.0947,-0.177944,-0.984041,0
3642,12.7,0.119133,0.0284,12.3576,0.090733,-0.182236,-0.983255,0
3643,12.7167,0.113433,0.026,12.445,0.087433,-0.186524,-0.98245,0
3644,12.7333,0.116967,0.0272,12.5348,0.089767,-0.190809,-0.981627,0
3645,12.75,0.118283,0.0267,12.6264,0.091583,-0.19509,-0.980785,0
3646,12.7667,0.114333,0.0253,12.7154,0.089033,-0.199368,-0.979925,0
3647,12.7833,0.117933,0.0285,12.8048,0.089433,-0.203642,-0.979045,0
3648,12.8,0.118783,0.0232,12.9004,0.095583,-0.207912,-0.978148,0
3649,12.8167,0.117267,0.029,12.9887,0.088267,-0.212178,-0.977231,0
3650,12.8333,0.113167,0.0255,13.0764,0.087667,-0.21644,-0.976296,0
3651,12.85,0.1148,0.0251,13.1661,0.0897,-0.220697,-0.975342,0
3652,12.8667,0.12095,0.0235,13.2636,0.09745,-0.224951,-0.97437,0
3653,12.8833,0.118633,0.0278,13.3544,0.090833,-0.2292,-0.973379,0
3654,12.9,0.115317,0.0245,13.4452,0.090817,-0.233445,-0.97237,0
3655,12.9167,0.1147,0.0251,13.5348,0.0896,-0.237686,-0.971342,0
3656,12.9333,0.117567,0.0265,13.6259,0.091067,-0.241922,-0.970296,0
3657,12.95,0.1189,0.0243,13.7205,0.0946,-0.246153,-0.969231,0
3658,12.9667,0.115017,0.0223,13.8132,0.092717,-0.25038,-0.968148,0
3659,12.9833,0.120183,0.0259,13.9075,0.094283,-0.254602,-0.967046,0
3660,13.0,0.11615,0.0248,13.9988,0.09135,-0.258819,-0.965926,0
3661,13.0167,0.1164,0.0243,14.0909,0.0921,-0.263031,-0.964787,0
3662,13.0333,0.118733,0.0237,14.1859,0.095033,-0.267238,-0.96363,0
3663,13.05,0.115867,0.0252,14.2766,0.090667,-0.27144,-0.962455,0
3664,13.0667,0.113767,0.027,14.3634,0.086767,-0.275637,-0.961262,0
3665,13.0833,0.113717,0.0248,14.4523,0.088917,-0.279829,-0.96005,0
3666,13.1,0.11305,0.0257,14.5396,0.08735,-0.284015,-0.95882,0
3667,13.1167,0.112683,0.0283,14.624,0.084383,-0.288196,-0.957571,0
3668,13.1333,0.117617,0.0244,14.7172,0.093217,-0.292372,-0.956305,0
3669,13.15,0.11745,0.0279,14.8067,0.08955,-0.296542,-0.95502,0
3670,13.1667,0.1083,0.0255,14.8895,0.0828,-0.300706,-0.953717,0
3671,13.1833,0.116583,0.0256,14.9805,0.090983,-0.304864,-0.952396,0
3672,13.2,0.12,0.0269,15.0,0.0931,-0.309017,-0.951057,0
3673,13.2167,0.11975,0.0307,15.0,0.08905,-0.313164,-0.949699,0
3674,13.2333,0.111317,0.0248,15.0,0.086517,-0.317305,-0.948324,0
3675,13.25,0.108517,0.0234,15.0,0.085117,-0.321439,-0.94693,0
3676,13.2667,0.114117,0.0271,15.0,0.087017,-0.325568,-0.945519,0
3677,13.2833,0.11175,0.0294,15.0,0.08235,-0.329691,-0.944089,0
3678,13.3,0.113017,0.0268,15.0,0.086217,-0.333807,-0.942641,0
3679,13.3167,0.111183,0.0292,15.0,0.081983,-0.337917,-0.941176,0
3680,13.3333,0.111167,0.0226,15.0,0.088567,-0.34202,-0.939693,0
3681,13.35,0.112183,0.0234,15.0,0.088783,-0.346117,-0.938191,0
3682,13.3667,0.116467,0.0291,15.0,0.087367,-0.350207,-0.936672,0
3683,13.3833,0.113667,0.0337,15.0,0.079967,-0.354291,-0.935135,0
3684,13.4,0.112283,0.0249,15.0,0.087383,-0.358368,-0.93358,0
3685,13.4167,0.1083,0.0275,15.0,0.0808,-0.362438,-0.932008,0
3686,13.4333,0.112933,0.0276,15.0,0.085333,-0.366501,-0.930418,0
3687,13.45,0.112233,0.0278,15.0,0.084433,-0.370557,-0.92881,0
3688,13.4667,0.114583,0.0262,15.0,0.088383,-0.374607,-0.927184,0
3689,13.4833,0.10765,0.0268,15.0,0.08085,-0.378649,-0.925541,0
3690,13.5,0.106983,0.0248,15.0,0.082183,-0.382683,-0.92388,0
3691,13.5167,0.113683,0.0237,15.0,0.089983,-0.386711,-0.922201,0
3692,13.5333,0.112083,0.0289,15.0,0.083183,-0.390731,-0.920505,0
3693,13.55,0.110283,0.0269,15.0,0.083383,-0.394744,-0.918791,0
3694,13.5667,0.1096,0.0274,15.0,0.0822,-0.398749,-0.91706,0
3695,13.5833,0.1084,0.0272,15.0,0.0812,-0.402747,-0.915311,0
3696,13.6,0.110217,0.0267,15.0,0.083517,-0.406737,-0.913545,0
3697,13.6167,0.108883,0.0302,15.0,0.078683,-0.410719,-0.911762,0
3698,13.6333,0.110083,0.0233,15.0,0.086783,-0.414693,-0.909961,0
3699,13.65,0.10955,0.0289,15.0,0.08065,-0.41866,-0.908143,0
3700,13.6667,0.107133,0.0268,15.0,0.080333,-0.422618,-0.906308,0
3701,13.6833,0.1108,0.0287,15.0,0.0821,-0.426569,-0.904455,0
3702,13.7,0.105117,0.0299,15.0,0.075217,-0.430511,-0.902585,0
3703,13.7167,0.1058,0.0303,15.0,0.0755,-0.434445,-0.900698,0
3704,13.7333,0.10835,0.0242,15.0,0.08415,-0.438371,-0.898794,0
3705,13.75,0.108017,0.0264,15.0,0.081617,-0.442289,-0.896873,0
3706,13.7667,0.103283,0.0253,15.0,0.077983,-0.446198,-0.894934,0
3707,13.7833,0.107917,0.0281,15.0,0.079817,-0.450098,-0.892979,0
3708,13.8,0.105983,0.025,15.0,0.080983,-0.45399,-0.891007,0
3709,13.8167,0.107983,0.0248,15.0,0.083183,-0.457874,-0.889017,0
3710,13.8333,0.100767,0.0261,15.0,0.074667,-0.461749,-0.887011,0
3711,13.85,0.1081,0.0243,15.0,0.0838,-0.465615,-0.884988,0
3712,13.8667,0.1068,0.0284,15.0,0.0784,-0.469472,-0.882948,0
3713,13.8833,0.103967,0.027,15.0,0.076967,-0.47332,-0.880891,0
3714,13.9,0.105483,0.0256,15.0,0.079883,-0.477159,-0.878817,0
3715,13.9167,0.107567,0.0214,15.0,0.086167,-0.480989,-0.876727,0
3716,13.9333,0.10425,0.0249,15.0,0.07935,-0.48481,-0.87462,0
3717,13.95,0.103367,0.0261,15.0,0.077267,-0.488621,-0.872496,0
3718,13.9667,0.104333,0.025,15.0,0.079333,-0.492424,-0.870356,0
3719,13.9833,0.10225,0.0263,15.0,0.07595,-0.496217,-0.868199,0
3720,14.0,0.099933,0.0268,15.0,0.073133,-0.5,-0.866025,0
3721,14.0167,0.1,0.023,15.0,0.077,-0.503774,-0.863836,0
3722,14.0333,0.104033,0.0265,15.0,0.077533,-0.507538,-0.861629,0
3723,14.05,0.099567,0.0231,15.0,0.076467,-0.511293,-0.859406,0
3724,14.0667,0.1037,0.0298,15.0,0.0739,-0.515038,-0.857167,0
3725,14.0833,0.110067,0.0267,15.0,0.083367,-0.518773,-0.854912,0
3726,14.1,0.10165,0.0263,15.0,0.07535,-0.522499,-0.85264,0
3727,14.1167,0.104017,0.0255,15.0,0.078517,-0.526214,-0.850352,0
3728,14.1333,0.1027,0.0894,15.0,0.0133,-0.529919,-0.848048,0
3729,14.15,0.1003,0.0894,15.0,0.0109,-0.533615,-0.845728,0
3730,14.1667,0.10025,0.0902,15.0,0.01005,-0.5373,-0.843391,0
3731,14.1833,0.10395,0.0903,15.0,0.01365,-0.540974,-0.841039,0
3732,14.2,0.10195,0.0885,15.0,0.01345,-0.544639,-0.838671,0
3733,14.2167,0.098983,0.0901,15.0,0.008883,-0.548293,-0.836286,0
3734,14.2333,0.1005,0.088,15.0,0.0125,-0.551937,-0.833886,0
3735,14.25,0.100883,0.0899,15.0,0.010983,-0.55557,-0.83147,0
3736,14.2667,0.097883,0.0842,15.0,0.013683,-0.559193,-0.829038,0
3737,14.2833,0.0985,0.0859,15.0,0.0126,-0.562805,-0.82659,0
3738,14.3,0.09325,0.0889,15.0,0.00435,-0.566406,-0.824126,0
3739,14.3167,0.10255,0.0865,15.0,0.01605,-0.569997,-0.821647,0
3740,14.3333,0.099017,0.0867,15.0,0.012317,-0.573576,-0.819152,0
3741,14.35,0.099533,0.0865,15.0,0.013033,-0.577145,-0.816642,0
3742,14.3667,0.098633,0.0908,15.0,0.007833,-0.580703,-0.814116,0
3743,14.3833,0.100533,0.0855,15.0,0.015033,-0.58425,-0.811574,0
3744,14.4,0.093133,0.0893,15.0,0.003833,-0.587785,-0.809017,0
3745,14.4167,0.099383,0.0828,15.0,0.016583,-0.59131,-0.806445,0
3746,14.4333,0.096267,0.0871,15.0,0.009167,-0.594823,-0.803857,0
3747,14.45,0.092267,0.091,15.0,0.001267,-0.598325,-0.801254,0
3748,14.4667,0.09465,0.0885,15.0,0.00615,-0.601815,-0.798636,0
3749,14.4833,0.096233,0.0863,15.0,0.009933,-0.605294,-0.796002,0
3750,14.5,0.095717,0.0886,15.0,0.007117,-0.608761,-0.793353,0
3751,14.5167,0.092617,0.0886,15.0,0.004017,-0.612217,-0.79069,0
3752,14.5333,0.09605,0.0892,15.0,0.00685,-0.615661,-0.788011,0
3753,14.55,0.0957,0.0904,15.0,0.0053,-0.619094,-0.785317,0
3754,14.5667,0.090767,0.086,15.0,0.004767,-0.622515,-0.782608,0
3755,14.5833,0.09625,0.0887,15.0,0.00755,-0.625923,-0.779884,0
3756,14.6,0.0921,0.0865,15.0,0.0056,-0.62932,-0.777146,0
3757,14.6167,0.091417,0.0921,14.9993,-0.000683,-0.632705,-0.774393,0
3758,14.6333,0.097667,0.0917,15.0,0.005967,-0.636078,-0.771625,0
3759,14.65,0.093,0.0883,15.0,0.0047,-0.639439,-0.768842,0
3760,14.6667,0.095617,0.0858,15.0,0.009817,-0.642788,-0.766044,0
3761,14.6833,0.090067,0.0882,15.0,0.001867,-0.646124,-0.763232,0
3762,14.7,0.095917,0.0265,15.0,0.069417,-0.649448,-0.760406,0
3763,14.7167,0.088983,0.0274,15.0,0.061583,-0.65276,-0.757565,0
3764,14.7333,0.087867,0.024,15.0,0.063867,-0.656059,-0.75471,0
3765,14.75,0.091,0.0277,15.0,0.0633,-0.659346,-0.75184,0
3766,14.7667,0.087933,0.0296,15.0,0.058333,-0.66262,-0.748956,0
3767,14.7833,0.0899,0.0212,15.0,0.0687,-0.665882,-0.746057,0
3768,14.8,0.092017,0.0296,15.0,0.062417,-0.669131,-0.743145,0
3769,14.8167,0.084667,0.0264,15.0,0.058267,-0.672367,-0.740218,0
3770,14.8333,0.087283,0.0279,15.0,0.059383,-0.67559,-0.737277,0
3771,14.85,0.084767,0.0233,15.0,0.061467,-0.678801,-0.734323,0
3772,14.8667,0.08985,0.0258,15.0,0.06405,-0.681998,-0.731354,0
3773,14.8833,0.084617,0.0287,15.0,0.055917,-0.685183,-0.728371,0
3774,14.9,0.090933,0.0259,15.0,0.065033,-0.688355,-0.725374,0
3775,14.9167,0.089283,0.0228,15.0,0.066483,-0.691513,-0.722364,0
3776,14.9333,0.083,0.0271,15.0,0.0559,-0.694658,-0.71934,0
3777,14.95,0.090717,0.0269,15.0,0.063817,-0.69779,-0.716302,0
3778,14.9667,0.08605,0.0252,15.0,0.06085,-0.700909,-0.71325,0
3779,14.9833,0.0851,0.0254,15.0,0.0597,-0.704015,-0.710185,0
3780,15.0,0.0859,0.0251,15.0,0.0608,-0.707107,-0.707107,0
3781,15.0167,0.08585,0.0281,15.0,0.05775,-0.710185,-0.704015,0
3782,15.0333,0.083933,0.027,15.0,0.056933,-0.71325,-0.700909,0
3783,15.05,0.0812,0.0239,15.0,0.0573,-0.716302,-0.69779,0
3784,15.0667,0.08785,0.0292,15.0,0.05865,-0.71934,-0.694658,0
3785,15.0833,0.082,0.0278,15.0,0.0542,-0.722364,-0.691513,0
3786,15.1,0.081067,0.0254,15.0,0.055667,-0.725374,-0.688355,0
3787,15.1167,0.087067,0.0254,15.0,0.061667,-0.728371,-0.685183,0
3788,15.1333,0.083283,0.027,15.0,0.056283,-0.731354,-0.681998,0
3789,15.15,0.0826,0.0258,15.0,0.0568,-0.734323,-0.678801,0
3790,15.1667,0.078633,0.0273,15.0,0.051333,-0.737277,-0.67559,0
3791,15.1833,0.083817,0.0267,15.0,0.057117,-0.740218,-0.672367,0
3792,15.2,0.084817,0.0292,15.0,0.055617,-0.743145,-0.669131,0
3793,15.2167,0.076117,0.0265,15.0,0.049617,-0.746057,-0.665882,0
3794,15.2333,0.082133,0.0287,15.0,0.053433,-0.748956,-0.66262,0
3795,15.25,0.078433,0.0271,15.0,0.051333,-0.75184,-0.659346,0
3796,15.2667,0.078667,0.0244,15.0,0.054267,-0.75471,-0.656059,0
3797,15.2833,0.077583,0.028,15.0,0.049583,-0.757565,-0.65276,0
3798,15.3,0.079633,0.0253,15.0,0.054333,-0.760406,-0.649448,0
3799,15.3167,0.0782,0.0245,15.0,0.0537,-0.763232,-0.646124,0
3800,15.3333,0.0821,0.0264,15.0,0.0557,-0.766044,-0.642788,0
3801,15.35,0.077567,0.0268,15.0,0.050767,-0.768842,-0.639439,0
3802,15.3667,0.074317,0.0275,15.0,0.046817,-0.771625,-0.636078,0
3803,15.3833,0.075383,0.0285,15.0,0.046883,-0.774393,-0.632705,0
3804,15.4,0.0773,0.0272,15.0,0.0501,-0.777146,-0.62932,0
3805,15.4167,0.074483,0.0255,15.0,0.048983,-0.779884,-0.625923,0
3806,15.4333,0.07845,0.0246,15.0,0.05385,-0.782608,-0.622515,0
3807,15.45,0.071883,0.0292,15.0,0.042683,-0.785317,-0.619094,0
3808,15.4667,0.070933,0.0261,15.0,0.044833,-0.788011,-0.615661,0
3809,15.4833,0.071717,0.028,15.0,0.043717,-0.79069,-0.612217,0
3810,15.5,0.079483,0.0277,15.0,0.051783,-0.793353,-0.608761,0
3811,15.5167,0.074217,0.0252,15.0,0.049017,-0.796002,-0.605294,0
3812,15.5333,0.0718,0.0282,15.0,0.0436,-0.798636,-0.601815,0
3813,15.55,0.0718,0.023,15.0,0.0488,-0.801254,-0.598325,0
3814,15.5667,0.07465,0.0259,15.0,0.04875,-0.803857,-0.594823,0
3815,15.5833,0.0693,0.025,15.0,0.0443,-0.806445,-0.59131,0
3816,15.6,0.0725,0.0292,15.0,0.0433,-0.809017,-0.587785,0
3817,15.6167,0.066933,0.0256,15.0,0.041333,-0.811574,-0.58425,0
3818,15.6333,0.072467,0.0221,15.0,0.050367,-0.814116,-0.580703,0
3819,15.65,0.064367,0.028,15.0,0.036367,-0.816642,-0.577145,0
3820,15.6667,0.071983,0.0275,15.0,0.044483,-0.819152,-0.573576,0
3821,15.6833,0.074217,0.025,15.0,0.049217,-0.821647,-0.569997,0
3822,15.7,0.069583,0.0259,15.0,0.043683,-0.824126,-0.566406,0
3823,15.7167,0.06775,0.0266,15.0,0.04115,-0.82659,-0.562805,0
3824,15.7333,0.066367,0.0234,15.0,0.042967,-0.829038,-0.559193,0
3825,15.75,0.064983,0.0271,15.0,0.037883,-0.83147,-0.55557,0
3826,15.7667,0.06795,0.0254,15.0,0.04255,-0.833886,-0.551937,0
3827,15.7833,0.066883,0.0264,15.0,0.040483,-0.836286,-0.548293,0
3828,15.8,0.067783,0.0275,15.0,0.040283,-0.838671,-0.544639,0
3829,15.8167,0.062867,0.0237,15.0,0.039167,-0.841039,-0.540974,0
3830,15.8333,0.067517,0.0263,15.0,0.041217,-0.843391,-0.5373,0
3831,15.85,0.067967,0.0302,15.0,0.037767,-0.845728,-0.533615,0
3832,15.8667,0.065183,0.0249,15.0,0.040283,-0.848048,-0.529919,0
3833,15.8833,0.065317,0.0242,15.0,0.041117,-0.850352,-0.526214,0
3834,15.9,0.062383,0.0277,15.0,0.034683,-0.85264,-0.522499,0
3835,15.9167,0.06245,0.0262,15.0,0.03625,-0.854912,-0.518773,0
3836,15.9333,0.058683,0.0246,15.0,0.034083,-0.857167,-0.515038,0
3837,15.95,0.062267,0.025,15.0,0.037267,-0.859406,-0.511293,0
3838,15.9667,0.0563,0.0272,15.0,0.0291,-0.861629,-0.507538,0
3839,15.9833,0.05965,0.0226,15.0,0.03705,-0.863836,-0.503774,0
3840,16.0,0.058533,0.0236,15.0,0.034933,-0.866025,-0.5,0
3841,16.0167,0.06025,0.0244,15.0,0.03585,-0.868199,-0.496217,0
3842,16.0333,0.0606,0.0289,15.0,0.0317,-0.870356,-0.492424,0
3843,16.05,0.0558,0.0256,15.0,0.0302,-0.872496,-0.488621,0
3844,16.0667,0.05715,0.0257,15.0,0.03145,-0.87462,-0.48481,0
3845,16.0833,0.059483,0.025,15.0,0.034483,-0.876727,-0.480989,0
3846,16.1,0.05615,0.0237,15.0,0.03245,-0.878817,-0.477159,0
3847,16.1167,0.059717,0.0266,15.0,0.033117,-0.880891,-0.47332,0
3848,16.1333,0.059283,0.0224,15.0,0.036883,-0.882948,-0.469472,0
3849,16.15,0.0588,0.0263,15.0,0.0325,-0.884988,-0.465615,0
3850,16.1667,0.056567,0.0301,15.0,0.026467,-0.887011,-0.461749,0
3851,16.1833,0.056133,0.0233,15.0,0.032833,-0.889017,-0.457874,0
3852,16.2,0.057217,0.0234,15.0,0.033817,-0.891007,-0.45399,0
3853,16.2167,0.060083,0.0281,15.0,0.031983,-0.892979,-0.450098,0
3854,16.2333,0.052333,0.0293,15.0,0.023033,-0.894934,-0.446198,0
3855,16.25,0.055017,0.0262,15.0,0.028817,-0.896873,-0.442289,0
3856,16.2667,0.046167,0.0219,15.0,0.024267,-0.898794,-0.438371,0
3857,16.2833,0.05135,0.0274,15.0,0.02395,-0.900698,-0.434445,0
3858,16.3,0.053583,0.0265,15.0,0.027083,-0.902585,-0.430511,0
3859,16.3167,0.051317,0.0255,15.0,0.025817,-0.904455,-0.426569,0
3860,16.3333,0.04795,0.0243,15.0,0.02365,-0.906308,-0.422618,0
3861,16.35,0.051033,0.0268,15.0,0.024233,-0.908143,-0.41866,0
3862,16.3667,0.0487,0.0256,15.0,0.0231,-0.909961,-0.414693,0
3863,16.3833,0.050317,0.024,15.0,0.026317,-0.911762,-0.410719,0
3864,16.4,0.049183,0.0248,15.0,0.024383,-0.913545,-0.406737,0
3865,16.4167,0.046267,0.0264,15.0,0.019867,-0.915311,-0.402747,0
3866,16.4333,0.044283,0.0245,15.0,0.019783,-0.91706,-0.398749,0
3867,16.45,0.048933,0.023,15.0,0.025933,-0.918791,-0.394744,0
3868,16.4667,0.047083,0.0281,15.0,0.018983,-0.920505,-0.390731,0
3869,16.4833,0.04755,0.0295,15.0,0.01805,-0.922201,-0.386711,0
3870,16.5,0.048383,0.0282,15.0,0.020183,-0.92388,-0.382683,0
3871,16.5167,0.043983,0.0275,15.0,0.016483,-0.925541,-0.378649,0
3872,16.5333,0.04865,0.0271,15.0,0.02155,-0.927184,-0.374607,0
3873,16.55,0.048067,0.0267,15.0,0.021367,-0.92881,-0.370557,0
3874,16.5667,0.047633,0.0259,15.0,0.021733,-0.930418,-0.366501,0
3875,16.5833,0.042883,0.0263,15.0,0.016583,-0.932008,-0.362438,0
3876,16.6,0.041033,0.0263,15.0,0.014733,-0.93358,-0.358368,0
3877,16.6167,0.040767,0.0264,15.0,0.014367,-0.935135,-0.354291,0
3878,16.6333,0.03885,0.0283,15.0,0.01055,-0.936672,-0.350207,0
3879,16.65,0.043283,0.028,15.0,0.015283,-0.938191,-0.346117,0
3880,16.6667,0.04195,0.0262,15.0,0.01575,-0.939693,-0.34202,0
3881,16.6833,0.041233,0.0268,15.0,0.014433,-0.941176,-0.337917,0
3882,16.7,0.045267,0.0263,15.0,0.018967,-0.942641,-0.333807,0
3883,16.7167,0.039717,0.0289,15.0,0.010817,-0.944089,-0.329691,0
3884,16.7333,0.037183,0.0292,15.0,0.007983,-0.945519,-0.325568,0
3885,16.75,0.04195,0.0248,15.0,0.01715,-0.94693,-0.321439,0
3886,16.7667,0.03555,0.0268,15.0,0.00875,-0.948324,-0.317305,0
3887,16.7833,0.0374,0.0276,15.0,0.0098,-0.949699,-0.313164,0
3888,16.8,0.041383,0.031,15.0,0.010383,-0.951057,-0.309017,0
3889,16.8167,0.038833,0.0301,15.0,0.008733,-0.952396,-0.304864,0
3890,16.8333,0.034217,0.0271,15.0,0.007117,-0.953717,-0.300706,0
3891,16.85,0.032717,0.0266,15.0,0.006117,-0.95502,-0.296542,0
3892,16.8667,0.030217,0.0242,15.0,0.006017,-0.956305,-0.292372,0
3893,16.8833,0.036,0.0278,15.0,0.0082,-0.957571,-0.288196,0
3894,16.9,0.029167,0.0255,15.0,0.003667,-0.95882,-0.284015,0
3895,16.9167,0.032667,0.0267,15.0,0.005967,-0.96005,-0.279829,0
3896,16.9333,0.03225,0.0281,15.0,0.00415,-0.961262,-0.275637,0
3897,16.95,0.032467,0.0268,15.0,0.005667,-0.962455,-0.27144,0
3898,16.9667,0.034717,0.0302,15.0,0.004517,-0.96363,-0.267238,0
3899,16.9833,0.033783,0.027,15.0,0.006783,-0.964787,-0.263031,0
3900,17.0,0.0324,0.0259,15.0,0.0065,-0.965926,-0.258819,0
3901,17.0167,0.028817,0.025,15.0,0.003817,-0.967046,-0.254602,0
3902,17.0333,0.023983,0.0285,14.9955,-0.004517,-0.968148,-0.25038,0
3903,17.05,0.028833,0.0324,14.9919,-0.003567,-0.969231,-0.246153,0
3904,17.0667,0.023417,0.0265,14.9888,-0.003083,-0.970296,-0.241922,0
3905,17.0833,0.029133,0.0243,14.9936,0.004833,-0.971342,-0.237686,0
3906,17.1,0.027683,0.0297,14.9916,-0.002017,-0.97237,-0.233445,0
3907,17.1167,0.026383,0.0248,14.9932,0.001583,-0.973379,-0.2292,0
3908,17.1333,0.031483,0.0242,15.0,0.007283,-0.97437,-0.224951,0
3909,17.15,0.02765,0.0296,14.998,-0.00195,-0.975342,-0.220697,0
3910,17.1667,0.0231,0.027,14.9941,-0.0039,-0.976296,-0.21644,0
3911,17.1833,0.025767,0.0248,14.9951,0.000967,-0.977231,-0.212178,0
3912,17.2,0.024733,0.0247,14.9951,3.3e-05,-0.978148,-0.207912,0
3913,17.2167,0.023833,0.0271,14.9918,-0.003267,-0.979045,-0.203642,0
3914,17.2333,0.024733,0.0286,14.9879,-0.003867,-0.979925,-0.199368,0
3915,17.25,0.0214,0.0244,14.9849,-0.003,-0.980785,-0.19509,0
3916,17.2667,0.018133,0.028,14.975,-0.009867,-0.981627,-0.190809,0
3917,17.2833,0.024133,0.03,14.9691,-0.005867,-0.98245,-0.186524,0
3918,17.3,0.026183,0.0261,14.9692,8.3e-05,-0.983255,-0.182236,0
3919,17.3167,0.024467,0.0271,14.9666,-0.002633,-0.984041,-0.177944,0
3920,17.3333,0.018667,0.0257,14.9596,-0.007033,-0.984808,-0.173648,0
3921,17.35,0.020817,0.0292,14.9512,-0.008383,-0.985556,-0.16935,0
3922,17.3667,0.021283,0.0285,14.944,-0.007217,-0.986286,-0.165048,0
3923,17.3833,0.020183,0.0257,14.9385,-0.005517,-0.986996,-0.160743,0
3924,17.4,0.017967,0.0275,14.929,-0.009533,-0.987688,-0.156434,0
3925,17.4167,0.015933,0.024,14.9209,-0.008067,-0.988362,-0.152123,0
3926,17.4333,0.01975,0.0265,14.9141,-0.00675,-0.989016,-0.147809,0
3927,17.45,0.018517,0.0266,14.906,-0.008083,-0.989651,-0.143493,0
3928,17.4667,0.020533,0.0276,14.8989,-0.007067,-0.990268,-0.139173,0
3929,17.4833,0.016633,0.0272,14.8883,-0.010567,-0.990866,-0.134851,0
3930,17.5,0.01765,0.0272,14.8787,-0.00955,-0.991445,-0.130526,0
3931,17.5167,0.011783,0.0271,14.8634,-0.015317,-0.992005,-0.126199,0
3932,17.5333,0.009833,0.0288,14.8444,-0.018967,-0.992546,-0.121869,0
3933,17.55,0.012017,0.0313,14.8251,-0.019283,-0.993068,-0.117537,0
3934,17.5667,0.018317,0.0245,14.8189,-0.006183,-0.993572,-0.113203,0
3935,17.5833,0.017683,0.0282,14.8084,-0.010517,-0.994056,-0.108867,0
3936,17.6,0.0159,0.0286,14.7957,-0.0127,-0.994522,-0.104528,0
3937,17.6167,0.010633,0.0221,14.7842,-0.011467,-0.994969,-0.100188,0
3938,17.6333,0.009383,0.0282,14.7654,-0.018817,-0.995396,-0.095846,0
3939,17.65,0.011117,0.0302,14.7463,-0.019083,-0.995805,-0.091502,0
3940,17.6667,0.01145,0.0249,14.7328,-0.01345,-0.996195,-0.087156,0
3941,17.6833,0.007683,0.0263,14.7142,-0.018617,-0.996566,-0.082808,0
3942,17.7,0.010267,0.0256,14.6989,-0.015333,-0.996917,-0.078459,0
3943,17.7167,0.012333,0.0245,14.6867,-0.012167,-0.99725,-0.074108,0
3944,17.7333,0.009433,0.0302,14.6659,-0.020767,-0.997564,-0.069756,0
3945,17.75,0.010033,0.032,14.6439,-0.021967,-0.997859,-0.065403,0
3946,17.7667,0.010083,0.0274,14.6266,-0.017317,-0.998135,-0.061049,0
3947,17.7833,0.008183,0.0272,14.6076,-0.019017,-0.998392,-0.056693,0
3948,17.8,0.003517,0.0294,14.5817,-0.025883,-0.99863,-0.052336,0
3949,17.8167,0.006733,0.0278,14.5606,-0.021067,-0.998848,-0.047978,0
3950,17.8333,0.003617,0.0274,14.5368,-0.023783,-0.999048,-0.043619,0
3951,17.85,0.00235,0.0269,14.5122,-0.02455,-0.999229,-0.03926,0
3952,17.8667,0.005917,0.0274,14.4907,-0.021483,-0.999391,-0.034899,0
3953,17.8833,0.007583,0.0267,14.4716,-0.019117,-0.999534,-0.030539,0
3954,17.9,0.0012,0.0289,14.4439,-0.0277,-0.999657,-0.026177,0
3955,17.9167,0.004467,0.0232,14.4252,-0.018733,-0.999762,-0.021815,0
3956,17.9333,0.00035,0.0254,14.4002,-0.02505,-0.999848,-0.017452,0
3957,17.95,0.001867,0.0253,14.3768,-0.023433,-0.999914,-0.01309,0
3958,17.9667,0.0,0.0238,14.353,-0.0238,-0.999962,-0.008727,0
3959,17.9833,0.0,0.027,14.326,-0.027,-0.99999,-0.004363,0
3960,18.0,0.0,0.0589,14.2671,-0.0589,-1.0,-0.0,0
3961,18.0167,0.0,0.0601,14.207,-0.0601,-0.99999,0.004363,0
3962,18.0333,0.0,0.0624,14.1446,-0.0624,-0.999962,0.008727,0
3963,18.05,0.0,0.0595,14.0851,-0.0595,-0.999914,0.01309,0
3964,18.0667,0.0,0.0643,14.0208,-0.0643,-0.999848,0.017452,0
3965,18.0833,0.0,0.0583,13.9625,-0.0583,-0.999762,0.021815,0
3966,18.1,0.0,0.0606,13.9019,-0.0606,-0.999657,0.026177,0
3967,18.1167,0.0,0.0598,13.8421,-0.0598,-0.999534,0.030539,0
3968,18.1333,0.0,0.0586,13.7835,-0.0586,-0.999391,0.034899,0
3969,18.15,0.0,0.0627,13.7208,-0.0627,-0.999229,0.03926,0
3970,18.1667,0.0,0.0572,13.6636,-0.0572,-0.999048,0.043619,0
3971,18.1833,0.0,0.0597,13.6039,-0.0597,-0.998848,0.047978,0
3972,18.2,0.0,0.0625,13.5414,-0.0625,-0.99863,0.052336,0
3973,18.2167,0.0,0.0579,13.4835,-0.0579,-0.998392,0.056693,0
3974,18.2333,0.0,0.0603,13.4232,-0.0603,-0.998135,0.061049,0
3975,18.25,0.0,0.0576,13.3656,-0.0576,-0.997859,0.065403,0
3976,18.2667,0.0,0.0604,13.3052,-0.0604,-0.997564,0.069756,0
3977,18.2833,0.0,0.0611,13.2441,-0.0611,-0.99725,0.074108,0
3978,18.3,0.0,0.0618,13.1823,-0.0618,-0.996917,0.078459,0
3979,18.3167,0.0,0.0614,13.1209,-0.0614,-0.996566,0.082808,0
3980,18.3333,0.0,0.0592,13.0617,-0.0592,-0.996195,0.087156,0
3981,18.35,0.0,0.0579,13.0038,-0.0579,-0.995805,0.091502,0
3982,18.3667,0.0,0.06,12.9438,-0.06,-0.995396,0.095846,0
3983,18.3833,0.0,0.0587,12.8851,-0.0587,-0.994969,0.100188,0
3984,18.4,0.0,0.0614,12.8237,-0.0614,-0.994522,0.104528,0
3985,18.4167,0.0,0.0616,12.7621,-0.0616,-0.994056,0.108867,0
3986,18.4333,0.0,0.0571,12.705,-0.0571,-0.993572,0.113203,0
3987,18.45,0.0,0.0573,12.6477,-0.0573,-0.993068,0.117537,0
3988,18.4667,0.0,0.0602,12.5875,-0.0602,-0.992546,0.121869,0
3989,18.4833,0.0,0.0594,12.5281,-0.0594,-0.992005,0.126199,0
3990,18.5,0.0,0.0596,12.4685,-0.0596,-0.991445,0.130526,0
3991,18.5167,0.0,0.0592,12.4093,-0.0592,-0.990866,0.134851,0
3992,18.5333,0.0,0.0574,12.3519,-0.0574,-0.990268,0.139173,0
3993,18.55,0.0,0.059,12.2929,-0.059,-0.989651,0.143493,0
3994,18.5667,0.0,0.0599,12.233,-0.0599,-0.989016,0.147809,0
3995,18.5833,0.0,0.0593,12.1737,-0.0593,-0.988362,0.152123,0
3996,18.6,0.0,0.0561,12.1176,-0.0561,-0.987688,0.156434,0
3997,18.6167,0.0,0.0582,12.0594,-0.0582,-0.986996,0.160743,0
3998,18.6333,0.0,0.06,11.9994,-0.06,-0.986286,0.165048,0
3999,18.65,0.0,0.0593,11.9401,-0.0593,-0.985556,0.16935,0
4000,18.6667,0.0,0.0589,11.8812,-0.0589,-0.984808,0.173648,0
4001,18.6833,0.0,0.0595,11.8217,-0.0595,-0.984041,0.177944,0
4002,18.7,0.0,0.0613,11.7604,-0.0613,-0.983255,0.182236,0
4003,18.7167,0.0,0.0615,11.6989,-0.0615,-0.98245,0.186524,0
4004,18.7333,0.0,0.0609,11.638,-0.0609,-0.981627,0.190809,0
4005,18.75,0.0,0.0602,11.5778,-0.0602,-0.980785,0.19509,0
4006,18.7667,0.0,0.0606,11.5172,-0.0606,-0.979925,0.199368,0
4007,18.7833,0.0,0.0594,11.4578,-0.0594,-0.979045,0.203642,0
4008,18.8,0.0,0.0579,11.3999,-0.0579,-0.978148,0.207912,0
4009,18.8167,0.0,0.0623,11.3376,-0.0623,-0.977231,0.212178,0
4010,18.8333,0.0,0.0582,11.2794,-0.0582,-0.976296,0.21644,0
4011,18.85,0.0,0.0593,11.2201,-0.0593,-0.975342,0.220697,0
4012,18.8667,0.0,0.0579,11.1622,-0.0579,-0.97437,0.224951,0
4013,18.8833,0.0,0.0588,11.1034,-0.0588,-0.973379,0.2292,0
4014,18.9,0.0,0.0608,11.0426,-0.0608,-0.97237,0.233445,0
4015,18.9167,0.0,0.0599,10.9827,-0.0599,-0.971342,0.237686,0
4016,18.9333,0.0,0.0599,10.9228,-0.0599,-0.970296,0.241922,0
4017,18.95,0.0,0.0624,10.8604,-0.0624,-0.969231,0.246153,0
4018,18.9667,0.0,0.0593,10.8011,-0.0593,-0.968148,0.25038,0
4019,18.9833,0.0,0.0626,10.7385,-0.0626,-0.967046,0.254602,0
4020,19.0,0.0,0.0588,10.6797,-0.0588,-0.965926,0.258819,0
4021,19.0167,0.0,0.0625,10.6172,-0.0625,-0.964787,0.263031,0
4022,19.0333,0.0,0.0573,10.5599,-0.0573,-0.96363,0.267238,0
4023,19.05,0.0,0.0594,10.5005,-0.0594,-0.962455,0.27144,0
4024,19.0667,0.0,0.0598,10.4407,-0.0598,-0.961262,0.275637,0
4025,19.0833,0.0,0.0618,10.3789,-0.0618,-0.96005,0.279829,0
4026,19.1,0.0,0.0604,10.3185,-0.0604,-0.95882,0.284015,0
4027,19.1167,0.0,0.0583,10.2602,-0.0583,-0.957571,0.288196,0
4028,19.1333,0.0,0.0628,10.1974,-0.0628,-0.956305,0.292372,0
4029,19.15,0.0,0.0573,10.1401,-0.0573,-0.95502,0.296542,0
4030,19.1667,0.0,0.0615,10.0786,-0.0615,-0.953717,0.300706,0
4031,19.1833,0.0,0.06,10.0186,-0.06,-0.952396,0.304864,0
4032,19.2,0.0,0.0599,9.9587,-0.0599,-0.951057,0.309017,0
4033,19.2167,0.0,0.0577,9.901,-0.0577,-0.949699,0.313164,0
4034,19.2333,0.0,0.0619,9.8391,-0.0619,-0.948324,0.317305,0
4035,19.25,0.0,0.0587,9.7804,-0.0587,-0.94693,0.321439,0
4036,19.2667,0.0,0.0607,9.7197,-0.0607,-0.945519,0.325568,0
4037,19.2833,0.0,0.0624,9.6573,-0.0624,-0.944089,0.329691,0
4038,19.3,0.0,0.0567,9.6006,-0.0567,-0.942641,0.333807,0
4039,19.3167,0.0,0.0604,9.5402,-0.0604,-0.941176,0.337917,0
4040,19.3333,0.0,0.062,9.4782,-0.062,-0.939693,0.34202,0
4041,19.35,0.0,0.0599,9.4183,-0.0599,-0.938191,0.346117,0
4042,19.3667,0.0,0.0591,9.3592,-0.0591,-0.936672,0.350207,0
4043,19.3833,0.0,0.0614,9.2978,-0.0614,-0.935135,0.354291,0
4044,19.4,0.0,0.0584,9.2394,-0.0584,-0.93358,0.358368,0
4045,19.4167,0.0,0.0574,9.182,-0.0574,-0.932008,0.362438,0
4046,19.4333,0.0,0.0634,9.1186,-0.0634,-0.930418,0.366501,0
4047,19.45,0.0,0.0629,9.0557,-0.0629,-0.92881,0.370557,0
4048,19.4667,0.0,0.0568,8.9989,-0.0568,-0.927184,0.374607,0
4049,19.4833,0.0,0.0577,8.9412,-0.0577,-0.925541,0.378649,0
4050,19.5,0.0,0.0613,8.8799,-0.0613,-0.92388,0.382683,0
4051,19.5167,0.0,0.0601,8.8198,-0.0601,-0.922201,0.386711,0
4052,19.5333,0.0,0.0568,8.763,-0.0568,-0.920505,0.390731,0
4053,19.55,0.0,0.0633,8.6997,-0.0633,-0.918791,0.394744,0
4054,19.5667,0.0,0.0606,8.6391,-0.0606,-0.91706,0.398749,0
4055,19.5833,0.0,0.0599,8.5792,-0.0599,-0.915311,0.402747,0
4056,19.6,0.0,0.0572,8.522,-0.0572,-0.913545,0.406737,0
4057,19.6167,0.0,0.0583,8.4637,-0.0583,-0.911762,0.410719,0
4058,19.6333,0.0,0.0589,8.4048,-0.0589,-0.909961,0.414693,0
4059,19.65,0.0,0.0576,8.3472,-0.0576,-0.908143,0.41866,0
4060,19.6667,0.0,0.0625,8.2847,-0.0625,-0.906308,0.422618,0
4061,19.6833,0.0,0.0601,8.2246,-0.0601,-0.904455,0.426569,0
4062,19.7,0.0,0.0609,8.1637,-0.0609,-0.902585,0.430511,0
4063,19.7167,0.0,0.0599,8.1038,-0.0599,-0.900698,0.434445,0
4064,19.7333,0.0,0.06,8.0438,-0.06,-0.898794,0.438371,0
4065,19.75,0.0,0.0618,7.982,-0.0618,-0.896873,0.442289,0
4066,19.7667,0.0,0.0603,7.9217,-0.0603,-0.894934,0.446198,0
4067,19.7833,0.0,0.0646,7.8571,-0.0646,-0.892979,0.450098,0
4068,19.8,0.0,0.0627,7.7944,-0.0627,-0.891007,0.45399,0
4069,19.8167,0.0,0.0601,7.7343,-0.0601,-0.889017,0.457874,0
4070,19.8333,0.0,0.0596,7.6747,-0.0596,-0.887011,0.461749,0
4071,19.85,0.0,0.062,7.6127,-0.062,-0.884988,0.465615,0
4072,19.8667,0.0,0.0605,7.5522,-0.0605,-0.882948,0.469472,0
4073,19.8833,0.0,0.0584,7.4938,-0.0584,-0.880891,0.47332,0
4074,19.9,0.0,0.0619,7.4319,-0.0619,-0.878817,0.477159,0
4075,19.9167,0.0,0.0615,7.3704,-0.0615,-0.876727,0.480989,0
4076,19.9333,0.0,0.0599,7.3105,-0.0599,-0.87462,0.48481,0
4077,19.95,0.0,0.0589,7.2516,-0.0589,-0.872496,0.488621,0
4078,19.9667,0.0,0.0611,7.1905,-0.0611,-0.870356,0.492424,0
4079,19.9833,0.0,0.06,7.1305,-0.06,-0.868199,0.496217,0
4080,20.0,0.0,0.0592,7.0713,-0.0592,-0.866025,0.5,0
4081,20.0167,0.0,0.0603,7.011,-0.0603,-0.863836,0.503774,0
4082,20.0333,0.0,0.0607,6.9503,-0.0607,-0.861629,0.507538,0
4083,20.05,0.0,0.0608,6.8895,-0.0608,-0.859406,0.511293,0
4084,20.0667,0.0,0.0604,6.8291,-0.0604,-0.857167,0.515038,0
4085,20.0833,0.0,0.0621,6.767,-0.0621,-0.854912,0.518773,0
4086,20.1,0.0,0.062,6.705,-0.062,-0.85264,0.522499,0
4087,20.1167,0.0,0.0599,6.6451,-0.0599,-0.850352,0.526214,0
4088,20.1333,0.0,0.0597,6.5854,-0.0597,-0.848048,0.529919,0
4089,20.15,0.0,0.0574,6.528,-0.0574,-0.845728,0.533615,0
4090,20.1667,0.0,0.06,6.468,-0.06,-0.843391,0.5373,0
4091,20.1833,0.0,0.057,6.411,-0.057,-0.841039,0.540974,0
4092,20.2,0.0,0.0639,6.3471,-0.0639,-0.838671,0.544639,0
4093,20.2167,0.0,0.0589,6.2882,-0.0589,-0.836286,0.548293,0
4094,20.2333,0.0,0.0615,6.2267,-0.0615,-0.833886,0.551937,0
4095,20.25,0.0,0.0588,6.1679,-0.0588,-0.83147,0.55557,0
4096,20.2667,0.0,0.06,6.1079,-0.06,-0.829038,0.559193,0
4097,20.2833,0.0,0.0594,6.0485,-0.0594,-0.82659,0.562805,0
4098,20.3,0.0,0.0586,5.9899,-0.0586,-0.824126,0.566406,0
4099,20.3167,0.0,0.0592,5.9307,-0.0592,-0.821647,0.569997,0
4100,20.3333,0.0,0.0616,5.8691,-0.0616,-0.819152,0.573576,0
4101,20.35,0.0,0.0602,5.8089,-0.0602,-0.816642,0.577145,0
4102,20.3667,0.0,0.0573,5.7516,-0.0573,-0.814116,0.580703,0
4103,20.3833,0.0,0.0589,5.6927,-0.0589,-0.811574,0.58425,0
4104,20.4,0.0,0.0614,5.6313,-0.0614,-0.809017,0.587785,0
4105,20.4167,0.0,0.0607,5.5706,-0.0607,-0.806445,0.59131,0
4106,20.4333,0.0,0.0616,5.509,-0.0616,-0.803857,0.594823,0
4107,20.45,0.0,0.06,5.449,-0.06,-0.801254,0.598325,0
4108,20.4667,0.0,0.0583,5.3907,-0.0583,-0.798636,0.601815,0
4109,20.4833,0.0,0.061,5.3297,-0.061,-0.796002,0.605294,0
4110,20.5,0.0,0.06,5.2697,-0.06,-0.793353,0.608761,0
4111,20.5167,0.0,0.0577,5.212,-0.0577,-0.79069,0.612217,0
4112,20.5333,0.0,0.0623,5.1497,-0.0623,-0.788011,0.615661,0
4113,20.55,0.0,0.062,5.0877,-0.062,-0.785317,0.619094,0
4114,20.5667,0.0,0.062,5.0257,-0.062,-0.782608,0.622515,0
4115,20.5833,0.0,0.0586,4.9671,-0.0586,-0.779884,0.625923,0
4116,20.6,0.0,0.0585,4.9086,-0.0585,-0.777146,0.62932,0
4117,20.6167,0.0,0.0597,4.8489,-0.0597,-0.774393,0.632705,0
4118,20.6333,0.0,0.0621,4.7868,-0.0621,-0.771625,0.636078,0
4119,20.65,0.0,0.0601,4.7267,-0.0601,-0.768842,0.639439,0
4120,20.6667,0.0,0.0613,4.6654,-0.0613,-0.766044,0.642788,0
4121,20.6833,0.0,0.0627,4.6027,-0.0627,-0.763232,0.646124,0
4122,20.7,0.0,0.0583,4.5444,-0.0583,-0.760406,0.649448,0
4123,20.7167,0.0,0.0579,4.4865,-0.0579,-0.757565,0.65276,0
4124,20.7333,0.0,0.0597,4.4268,-0.0597,-0.75471,0.656059,0
4125,20.75,0.0,0.0564,4.3704,-0.0564,-0.75184,0.659346,0
4126,20.7667,0.0,0.0626,4.3078,-0.0626,-0.748956,0.66262,0
4127,20.7833,0.0,0.06,4.2478,-0.06,-0.746057,0.665882,0
4128,20.8,0.0,0.061,4.1868,-0.061,-0.743145,0.669131,0
4129,20.8167,0.0,0.0599,4.1269,-0.0599,-0.740218,0.672367,0
4130,20.8333,0.0,0.06,4.0669,-0.06,-0.737277,0.67559,0
4131,20.85,0.0,0.0585,4.0084,-0.0585,-0.734323,0.678801,0
4132,20.8667,0.0,0.0589,3.9495,-0.0589,-0.731354,0.681998,0
4133,20.8833,0.0,0.0624,3.8871,-0.0624,-0.728371,0.685183,0
4134,20.9,0.0,0.0633,3.8238,-0.0633,-0.725374,0.688355,0
4135,20.9167,0.0,0.0602,3.7636,-0.0602,-0.722364,0.691513,0
4136,20.9333,0.0,0.0599,3.7037,-0.0599,-0.71934,0.694658,0
4137,20.95,0.0,0.0614,3.6423,-0.0614,-0.716302,0.69779,0
4138,20.9667,0.0,0.0615,3.5808,-0.0615,-0.71325,0.700909,0
4139,20.9833,0.0,0.0582,3.5226,-0.0582,-0.710185,0.704015,0
4140,21.0,0.0,0.0601,3.4625,-0.0601,-0.707107,0.707107,0
4141,21.0167,0.0,0.0601,3.4024,-0.0601,-0.704015,0.710185,0
4142,21.0333,0.0,0.0593,3.3431,-0.0593,-0.700909,0.71325,0
4143,21.05,0.0,0.0631,3.28,-0.0631,-0.69779,0.716302,0
4144,21.0667,0.0,0.0605,3.2195,-0.0605,-0.694658,0.71934,0
4145,21.0833,0.0,0.0605,3.159,-0.0605,-0.691513,0.722364,0
4146,21.1,0.0,0.0608,3.0982,-0.0608,-0.688355,0.725374,0
4147,21.1167,0.0,0.0581,3.0401,-0.0581,-0.685183,0.728371,0
4148,21.1333,0.0,0.0585,2.9816,-0.0585,-0.681998,0.731354,0
4149,21.15,0.0,0.0639,2.9177,-0.0639,-0.678801,0.734323,0
4150,21.1667,0.0,0.0599,2.8578,-0.0599,-0.67559,0.737277,0
4151,21.1833,0.0,0.0646,2.7932,-0.0646,-0.672367,0.740218,0
4152,21.2,0.0,0.056,2.7372,-0.056,-0.669131,0.743145,0
4153,21.2167,0.0,0.0611,2.6761,-0.0611,-0.665882,0.746057,0
4154,21.2333,0.0,0.0626,2.6135,-0.0626,-0.66262,0.748956,0
4155,21.25,0.0,0.0623,2.5512,-0.0623,-0.659346,0.75184,0
4156,21.2667,0.0,0.0603,2.4909,-0.0603,-0.656059,0.75471,0
4157,21.2833,0.0,0.0604,2.4305,-0.0604,-0.65276,0.757565,0
4158,21.3,0.0,0.0561,2.3744,-0.0561,-0.649448,0.760406,0
4159,21.3167,0.0,0.0578,2.3166,-0.0578,-0.646124,0.763232,0
4160,21.3333,0.0,0.0599,2.2567,-0.0599,-0.642788,0.766044,0
4161,21.35,0.0,0.0608,2.1959,-0.0608,-0.639439,0.768842,0
4162,21.3667,0.0,0.0627,2.1332,-0.0627,-0.636078,0.771625,0
4163,21.3833,0.0,0.0592,2.074,-0.0592,-0.632705,0.774393,0
4164,21.4,0.0,0.0611,2.0129,-0.0611,-0.62932,0.777146,0
4165,21.4167,0.0,0.0573,1.9556,-0.0573,-0.625923,0.779884,0
4166,21.4333,0.0,0.0599,1.8957,-0.0599,-0.622515,0.782608,0
4167,21.45,0.0,0.0613,1.8344,-0.0613,-0.619094,0.785317,0
4168,21.4667,0.0,0.0618,1.7726,-0.0618,-0.615661,0.788011,0
4169,21.4833,0.0,0.0589,1.7137,-0.0589,-0.612217,0.79069,0
4170,21.5,0.0,0.0616,1.6521,-0.0616,-0.608761,0.793353,0
4171,21.5167,0.0,0.0611,1.591,-0.0611,-0.605294,0.796002,0
4172,21.5333,0.0,0.0591,1.5319,-0.0591,-0.601815,0.798636,0
4173,21.55,0.0,0.054,1.4779,-0.054,-0.598325,0.801254,0
4174,21.5667,0.0,0.0587,1.4192,-0.0587,-0.594823,0.803857,0
4175,21.5833,0.0,0.0606,1.3586,-0.0606,-0.59131,0.806445,0
4176,21.6,0.0,0.0582,1.3004,-0.0582,-0.587785,0.809017,0
4177,21.6167,0.0,0.0628,1.2376,-0.0628,-0.58425,0.811574,0
4178,21.6333,0.0,0.0595,1.1781,-0.0595,-0.580703,0.814116,0
4179,21.65,0.0,0.0583,1.1198,-0.0583,-0.577145,0.816642,0
4180,21.6667,0.0,0.0608,1.059,-0.0608,-0.573576,0.819152,0
4181,21.6833,0.0,0.0631,0.9959,-0.0631,-0.569997,0.821647,0
4182,21.7,0.0,0.0618,0.9341,-0.0618,-0.566406,0.824126,0
4183,21.7167,0.0,0.0575,0.8766,-0.0575,-0.562805,0.82659,0
4184,21.7333,0.0,0.0634,0.8132,-0.0634,-0.559193,0.829038,0
4185,21.75,0.0,0.0625,0.7507,-0.0625,-0.55557,0.83147,0
4186,21.7667,0.0,0.0593,0.6914,-0.0593,-0.551937,0.833886,0
4187,21.7833,0.0,0.0589,0.6325,-0.0589,-0.548293,0.836286,0
4188,21.8,0.0,0.0644,0.5681,-0.0644,-0.544639,0.838671,0
4189,21.8167,0.0,0.0609,0.5072,-0.0609,-0.540974,0.841039,0
4190,21.8333,0.0,0.0612,0.446,-0.0612,-0.5373,0.843391,0
4191,21.85,0.0,0.0601,0.3859,-0.0601,-0.533615,0.845728,0
4192,21.8667,0.0,0.059,0.3269,-0.059,-0.529919,0.848048,0
4193,21.8833,0.0,0.0624,0.2645,-0.0624,-0.526214,0.850352,0
4194,21.9,0.0,0.06,0.2045,-0.06,-0.522499,0.85264,0
4195,21.9167,0.0,0.0627,0.1418,-0.0627,-0.518773,0.854912,0
4196,21.9333,0.0,0.0601,0.0817,-0.0601,-0.515038,0.857167,0
4197,21.95,0.0,0.0596,0.0221,-0.0596,-0.511293,0.859406,0
4198,21.9667,0.0,0.0617,0.0,-0.0617,-0.507538,0.861629,1
4199,21.9833,0.0,0.0597,0.0,-0.0597,-0.503774,0.863836,1
4200,22.0,0.0,0.0112,0.0,-0.0112,-0.5,0.866025,1
4201,22.0167,0.0,0.0166,0.0,-0.0166,-0.496217,0.868199,1
4202,22.0333,0.0,0.0151,0.0,-0.0151,-0.492424,0.870356,1
4203,22.05,0.0,0.0131,0.0,-0.0131,-0.488621,0.872496,1
4204,22.0667,0.0,0.0125,0.0,-0.0125,-0.48481,0.87462,1
4205,22.0833,0.0,0.0152,0.0,-0.0152,-0.480989,0.876727,1
4206,22.1,0.0,0.0141,0.0,-0.0141,-0.477159,0.878817,1
4207,22.1167,0.0,0.0143,0.0,-0.0143,-0.47332,0.880891,1
4208,22.1333,0.0,0.0172,0.0,-0.0172,-0.469472,0.882948,1
4209,22.15,0.0,0.0166,0.0,-0.0166,-0.465615,0.884988,1
4210,22.1667,0.0,0.0144,0.0,-0.0144,-0.461749,0.887011,1
4211,22.1833,0.0,0.0131,0.0,-0.0131,-0.457874,0.889017,1
4212,22.2,0.0,0.0176,0.0,-0.0176,-0.45399,0.891007,1
4213,22.2167,0.0,0.0129,0.0,-0.0129,-0.450098,0.892979,1
4214,22.2333,0.0,0.0146,0.0,-0.0146,-0.446198,0.894934,1
4215,22.25,0.0,0.0126,0.0,-0.0126,-0.442289,0.896873,1
4216,22.2667,0.0,0.0132,0.0,-0.0132,-0.438371,0.898794,1
4217,22.2833,0.0,0.0132,0.0,-0.0132,-0.434445,0.900698,1
4218,22.3,0.0,0.0195,0.0,-0.0195,-0.430511,0.902585,1
4219,22.3167,0.0,0.0134,0.0,-0.0134,-0.426569,0.904455,1
4220,22.3333,0.0,0.0183,0.0,-0.0183,-0.422618,0.906308,1
4221,22.35,0.0,0.0169,0.0,-0.0169,-0.41866,0.908143,1
4222,22.3667,0.0,0.0124,0.0,-0.0124,-0.414693,0.909961,1
4223,22.3833,0.0,0.0148,0.0,-0.0148,-0.410719,0.911762,1
4224,22.4,0.0,0.016,0.0,-0.016,-0.406737,0.913545,1
4225,22.4167,0.0,0.0189,0.0,-0.0189,-0.402747,0.915311,1
4226,22.4333,0.0,0.0167,0.0,-0.0167,-0.398749,0.91706,1
4227,22.45,0.0,0.0158,0.0,-0.0158,-0.394744,0.918791,1
4228,22.4667,0.0,0.0117,0.0,-0.0117,-0.390731,0.920505,1
4229,22.4833,0.0,0.0152,0.0,-0.0152,-0.386711,0.922201,1
4230,22.5,0.0,0.0176,0.0,-0.0176,-0.382683,0.92388,1
4231,22.5167,0.0,0.0149,0.0,-0.0149,-0.378649,0.925541,1
4232,22.5333,0.0,0.0126,0.0,-0.0126,-0.374607,0.927184,1
4233,22.55,0.0,0.0134,0.0,-0.0134,-0.370557,0.92881,1
4234,22.5667,0.0,0.0136,0.0,-0.0136,-0.366501,0.930418,1
4235,22.5833,0.0,0.0172,0.0,-0.0172,-0.362438,0.932008,1
4236,22.6,0.0,0.0149,0.0,-0.0149,-0.358368,0.93358,1
4237,22.6167,0.0,0.0171,0.0,-0.0171,-0.354291,0.935135,1
4238,22.6333,0.0,0.0138,0.0,-0.0138,-0.350207,0.936672,1
4239,22.65,0.0,0.0169,0.0,-0.0169,-0.346117,0.938191,1
4240,22.6667,0.0,0.0115,0.0,-0.0115,-0.34202,0.939693,1
4241,22.6833,0.0,0.0147,0.0,-0.0147,-0.337917,0.941176,1
4242,22.7,0.0,0.0146,0.0,-0.0146,-0.333807,0.942641,1
4243,22.7167,0.0,0.0104,0.0,-0.0104,-0.329691,0.944089,1
4244,22.7333,0.0,0.0143,0.0,-0.0143,-0.325568,0.945519,1
4245,22.75,0.0,0.0135,0.0,-0.0135,-0.321439,0.94693,1
4246,22.7667,0.0,0.0148,0.0,-0.0148,-0.317305,0.948324,1
4247,22.7833,0.0,0.0166,0.0,-0.0166,-0.313164,0.949699,1
4248,22.8,0.0,0.0169,0.0,-0.0169,-0.309017,0.951057,1
4249,22.8167,0.0,0.0155,0.0,-0.0155,-0.304864,0.952396,1
4250,22.8333,0.0,0.0156,0.0,-0.0156,-0.300706,0.953717,1
4251,22.85,0.0,0.0106,0.0,-0.0106,-0.296542,0.95502,1
4252,22.8667,0.0,0.0149,0.0,-0.0149,-0.292372,0.956305,1
4253,22.8833,0.0,0.0172,0.0,-0.0172,-0.288196,0.957571,1
4254,22.9,0.0,0.0163,0.0,-0.0163,-0.284015,0.95882,1
4255,22.9167,0.0,0.0149,0.0,-0.0149,-0.279829,0.96005,1
4256,22.9333,0.0,0.0138,0.0,-0.0138,-0.275637,0.961262,1
4257,22.95,0.0,0.0147,0.0,-0.0147,-0.27144,0.962455,1
4258,22.9667,0.0,0.0194,0.0,-0.0194,-0.267238,0.96363,1
4259,22.9833,0.0,0.0128,0.0,-0.0128,-0.263031,0.964787,1
4260,23.0,0.0,0.0108,0.0,-0.0108,-0.258819,0.965926,1
4261,23.0167,0.0,0.0149,0.0,-0.0149,-0.254602,0.967046,1
4262,23.0333,0.0,0.0132,0.0,-0.0132,-0.25038,0.968148,1
4263,23.05,0.0,0.017,0.0,-0.017,-0.246153,0.969231,1
4264,23.0667,0.0,0.014,0.0,-0.014,-0.241922,0.970296,1
4265,23.0833,0.0,0.0144,0.0,-0.0144,-0.237686,0.971342,1
4266,23.1,0.0,0.0141,0.0,-0.0141,-0.233445,0.97237,1
4267,23.1167,0.0,0.018,0.0,-0.018,-0.2292,0.973379,1
4268,23.1333,0.0,0.0175,0.0,-0.0175,-0.224951,0.97437,1
4269,23.15,0.0,0.0149,0.0,-0.0149,-0.220697,0.975342,1
4270,23.1667,0.0,0.0159,0.0,-0.0159,-0.21644,0.976296,1
4271,23.1833,0.0,0.0166,0.0,-0.0166,-0.212178,0.977231,1
4272,23.2,0.0,0.0165,0.0,-0.0165,-0.207912,0.978148,1
4273,23.2167,0.0,0.0127,0.0,-0.0127,-0.203642,0.979045,1
4274,23.2333,0.0,0.0135,0.0,-0.0135,-0.199368,0.979925,1
4275,23.25,0.0,0.013,0.0,-0.013,-0.19509,0.980785,1
4276,23.2667,0.0,0.0147,0.0,-0.0147,-0.190809,0.981627,1
4277,23.2833,0.0,0.0102,0.0,-0.0102,-0.186524,0.98245,1
4278,23.3,0.0,0.0174,0.0,-0.0174,-0.182236,0.983255,1
4279,23.3167,0.0,0.0177,0.0,-0.0177,-0.177944,0.984041,1
4280,23.3333,0.0,0.017,0.0,-0.017,-0.173648,0.984808,1
4281,23.35,0.0,0.0172,0.0,-0.0172,-0.16935,0.985556,1
4282,23.3667,0.0,0.0154,0.0,-0.0154,-0.165048,0.986286,1
4283,23.3833,0.0,0.0183,0.0,-0.0183,-0.160743,0.986996,1
4284,23.4,0.0,0.0139,0.0,-0.0139,-0.156434,0.987688,1
4285,23.4167,0.0,0.0151,0.0,-0.0151,-0.152123,0.988362,1
4286,23.4333,0.0,0.0134,0.0,-0.0134,-0.147809,0.989016,1
4287,23.45,0.0,0.0117,0.0,-0.0117,-0.143493,0.989651,1
4288,23.4667,0.0,0.0149,0.0,-0.0149,-0.139173,0.990268,1
4289,23.4833,0.0,0.0182,0.0,-0.0182,-0.134851,0.990866,1
4290,23.5,0.0,0.0165,0.0,-0.0165,-0.130526,0.991445,1
4291,23.5167,0.0,0.0139,0.0,-0.0139,-0.126199,0.992005,1
4292,23.5333,0.0,0.0162,0.0,-0.0162,-0.121869,0.992546,1
4293,23.55,0.0,0.0147,0.0,-0.0147,-0.117537,0.993068,1
4294,23.5667,0.0,0.0167,0.0,-0.0167,-0.113203,0.993572,1
4295,23.5833,0.0,0.0148,0.0,-0.0148,-0.108867,0.994056,1
4296,23.6,0.0,0.0156,0.0,-0.0156,-0.104528,0.994522,1
4297,23.6167,0.0,0.0142,0.0,-0.0142,-0.100188,0.994969,1
4298,23.6333,0.0,0.0123,0.0,-0.0123,-0.095846,0.995396,1
4299,23.65,0.0,0.0128,0.0,-0.0128,-0.091502,0.995805,1
4300,23.6667,0.0,0.0137,0.0,-0.0137,-0.087156,0.996195,1
4301,23.6833,0.0,0.0146,0.0,-0.0146,-0.082808,0.996566,1
4302,23.7,0.0,0.0124,0.0,-0.0124,-0.078459,0.996917,1
4303,23.7167,0.0,0.0148,0.0,-0.0148,-0.074108,0.99725,1
4304,23.7333,0.0,0.0151,0.0,-0.0151,-0.069756,0.997564,1
4305,23.75,0.0,0.0148,0.0,-0.0148,-0.065403,0.997859,1
4306,23.7667,0.0,0.0171,0.0,-0.0171,-0.061049,0.998135,1
4307,23.7833,0.0,0.0137,0.0,-0.0137,-0.056693,0.998392,1
4308,23.8,0.0,0.0135,0.0,-0.0135,-0.052336,0.99863,1
4309,23.8167,0.0,0.0165,0.0,-0.0165,-0.047978,0.998848,1
4310,23.8333,0.0,0.0105,0.0,-0.0105,-0.043619,0.999048,1
4311,23.85,0.0,0.0153,0.0,-0.0153,-0.03926,0.999229,1
4312,23.8667,0.0,0.0148,0.0,-0.0148,-0.034899,0.999391,1
4313,23.8833,0.0,0.0122,0.0,-0.0122,-0.030539,0.999534,1
4314,23.9,0.0,0.0122,0.0,-0.0122,-0.026177,0.999657,1
4315,23.9167,0.0,0.0145,0.0,-0.0145,-0.021815,0.999762,1
4316,23.9333,0.0,0.0105,0.0,-0.0105,-0.017452,0.999848,1
4317,23.95,0.0,0.0139,0.0,-0.0139,-0.01309,0.999914,1
4318,23.9667,0.0,0.0119,0.0,-0.0119,-0.008727,0.999962,1
4319,23.9833,0.0,0.0165,0.0,-0.0165,-0.004363,0.99999,1
4320,0.0,0.0,0.0131,0.0,-0.0131,0.0,1.0,1
4321,0.0167,0.0,0.0132,0.0,-0.0132,0.004363,0.99999,1
4322,0.0333,0.0,0.0136,0.0,-0.0136,0.008727,0.999962,1
4323,0.05,0.0,0.0118,0.0,-0.0118,0.01309,0.999914,1
4324,0.0667,0.0,0.0133,0.0,-0.0133,0.017452,0.999848,1
4325,0.0833,0.0,0.0161,0.0,-0.0161,0.021815,0.999762,1
4326,0.1,0.0,0.0106,0.0,-0.0106,0.026177,0.999657,1
4327,0.1167,0.0,0.0158,0.0,-0.0158,0.030539,0.999534,1
4328,0.1333,0.0,0.0136,0.0,-0.0136,0.034899,0.999391,1
4329,0.15,0.0,0.0149,0.0,-0.0149,0.03926,0.999229,1
4330,0.1667,0.0,0.01,0.0,-0.01,0.043619,0.999048,1
4331,0.1833,0.0,0.0138,0.0,-0.0138,0.047978,0.998848,1
4332,0.2,0.0,0.015,0.0,-0.015,0.052336,0.99863,1
4333,0.2167,0.0,0.0149,0.0,-0.0149,0.056693,0.998392,1
4334,0.2333,0.0,0.0163,0.0,-0.0163,0.061049,0.998135,1
4335,0.25,0.0,0.0161,0.0,-0.0161,0.065403,0.997859,1
4336,0.2667,0.0,0.0128,0.0,-0.0128,0.069756,0.997564,1
4337,0.2833,0.0,0.0124,0.0,-0.0124,0.074108,0.99725,1
4338,0.3,0.0,0.0149,0.0,-0.0149,0.078459,0.996917,1
4339,0.3167,0.0,0.0131,0.0,-0.0131,0.082808,0.996566,1
4340,0.3333,0.0,0.014,0.0,-0.014,0.087156,0.996195,1
4341,0.35,0.0,0.0144,0.0,-0.0144,0.091502,0.995805,1
4342,0.3667,0.0,0.0145,0.0,-0.0145,0.095846,0.995396,1
4343,0.3833,0.0,0.014,0.0,-0.014,0.100188,0.994969,1
4344,0.4,0.0,0.0136,0.0,-0.0136,0.104528,0.994522,1
4345,0.4167,0.0,0.0145,0.0,-0.0145,0.108867,0.994056,1
4346,0.4333,0.0,0.0154,0.0,-0.0154,0.113203,0.993572,1
4347,0.45,0.0,0.0145,0.0,-0.0145,0.117537,0.993068,1
4348,0.4667,0.0,0.0194,0.0,-0.0194,0.121869,0.992546,1
4349,0.4833,0.0,0.0121,0.0,-0.0121,0.126199,0.992005,1
4350,0.5,0.0,0.0157,0.0,-0.0157,0.130526,0.991445,1
4351,0.5167,0.0,0.0155,0.0,-0.0155,0.134851,0.990866,1
4352,0.5333,0.0,0.0173,0.0,-0.0173,0.139173,0.990268,1
4353,0.55,0.0,0.015,0.0,-0.015,0.143493,0.989651,1
4354,0.5667,0.0,0.0122,0.0,-0.0122,0.147809,0.989016,1
4355,0.5833,0.0,0.0146,0.0,-0.0146,0.152123,0.988362,1
4356,0.6,0.0,0.0109,0.0,-0.0109,0.156434,0.987688,1
4357,0.6167,0.0,0.0158,0.0,-0.0158,0.160743,0.986996,1
4358,0.6333,0.0,0.0174,0.0,-0.0174,0.165048,0.986286,1
4359,0.65,0.0,0.0126,0.0,-0.0126,0.16935,0.985556,1
4360,0.6667,0.0,0.0153,0.0,-0.0153,0.173648,0.984808,1
4361,0.6833,0.0,0.0154,0.0,-0.0154,0.177944,0.984041,1
4362,0.7,0.0,0.0153,0.0,-0.0153,0.182236,0.983255,1
4363,0.7167,0.0,0.0153,0.0,-0.0153,0.186524,0.98245,1
4364,0.7333,0.0,0.0131,0.0,-0.0131,0.190809,0.981627,1
4365,0.75,0.0,0.0159,0.0,-0.0159,0.19509,0.980785,1
4366,0.7667,0.0,0.0145,0.0,-0.0145,0.199368,0.979925,1
4367,0.7833,0.0,0.0145,0.0,-0.0145,0.203642,0.979045,1
4368,0.8,0.0,0.0163,0.0,-0.0163,0.207912,0.978148,1
4369,0.8167,0.0,0.0136,0.0,-0.0136,0.212178,0.977231,1
4370,0.8333,0.0,0.0154,0.0,-0.0154,0.21644,0.976296,1
4371,0.85,0.0,0.0149,0.0,-0.0149,0.220697,0.975342,1
4372,0.8667,0.0,0.0147,0.0,-0.0147,0.224951,0.97437,1
4373,0.8833,0.0,0.0155,0.0,-0.0155,0.2292,0.973379,1
4374,0.9,0.0,0.0158,0.0,-0.0158,0.233445,0.97237,1
4375,0.9167,0.0,0.0137,0.0,-0.0137,0.237686,0.971342,1
4376,0.9333,0.0,0.0155,0.0,-0.0155,0.241922,0.970296,1
4377,0.95,0.0,0.0126,0.0,-0.0126,0.246153,0.969231,1
4378,0.9667,0.0,0.0128,0.0,-0.0128,0.25038,0.968148,1
4379,0.9833,0.0,0.0161,0.0,-0.0161,0.254602,0.967046,1
4380,1.0,0.0,0.0165,0.0,-0.0165,0.258819,0.965926,1
4381,1.0167,0.0,0.0149,0.0,-0.0149,0.263031,0.964787,1
4382,1.0333,0.0,0.0104,0.0,-0.0104,0.267238,0.96363,1
4383,1.05,0.0,0.0138,0.0,-0.0138,0.27144,0.962455,1
4384,1.0667,0.0,0.0163,0.0,-0.0163,0.275637,0.961262,1
4385,1.0833,0.0,0.0167,0.0,-0.0167,0.279829,0.96005,1
4386,1.1,0.0,0.0108,0.0,-0.0108,0.284015,0.95882,1
4387,1.1167,0.0,0.0141,0.0,-0.0141,0.288196,0.957571,1
4388,1.1333,0.0,0.0159,0.0,-0.0159,0.292372,0.956305,1
4389,1.15,0.0,0.0136,0.0,-0.0136,0.296542,0.95502,1
4390,1.1667,0.0,0.014,0.0,-0.014,0.300706,0.953717,1
4391,1.1833,0.0,0.0155,0.0,-0.0155,0.304864,0.952396,1
4392,1.2,0.0,0.0162,0.0,-0.0162,0.309017,0.951057,1
4393,1.2167,0.0,0.0132,0.0,-0.0132,0.313164,0.949699,1
4394,1.2333,0.0,0.0131,0.0,-0.0131,0.317305,0.948324,1
4395,1.25,0.0,0.0122,0.0,-0.0122,0.321439,0.94693,1
4396,1.2667,0.0,0.015,0.0,-0.015,0.325568,0.945519,1
4397,1.2833,0.0,0.0161,0.0,-0.0161,0.329691,0.944089,1
4398,1.3,0.0,0.0154,0.0,-0.0154,0.333807,0.942641,1
4399,1.3167,0.0,0.0146,0.0,-0.0146,0.337917,0.941176,1
4400,1.3333,0.0,0.0168,0.0,-0.0168,0.34202,0.939693,1
4401,1.35,0.0,0.0156,0.0,-0.0156,0.346117,0.938191,1
4402,1.3667,0.0,0.0118,0.0,-0.0118,0.350207,0.936672,1
4403,1.3833,0.0,0.0171,0.0,-0.0171,0.354291,0.935135,1
4404,1.4,0.0,0.0145,0.0,-0.0145,0.358368,0.93358,1
4405,1.4167,0.0,0.0137,0.0,-0.0137,0.362438,0.932008,1
4406,1.4333,0.0,0.0168,0.0,-0.0168,0.366501,0.930418,1
4407,1.45,0.0,0.0099,0.0,-0.0099,0.370557,0.92881,1
4408,1.4667,0.0,0.015,0.0,-0.015,0.374607,0.927184,1
4409,1.4833,0.0,0.0162,0.0,-0.0162,0.378649,0.925541,1
4410,1.5,0.0,0.0154,0.0,-0.0154,0.382683,0.92388,1
4411,1.5167,0.0,0.0179,0.0,-0.0179,0.386711,0.922201,1
4412,1.5333,0.0,0.0113,0.0,-0.0113,0.390731,0.920505,1
4413,1.55,0.0,0.0133,0.0,-0.0133,0.394744,0.918791,1
4414,1.5667,0.0,0.0142,0.0,-0.0142,0.398749,0.91706,1
4415,1.5833,0.0,0.0158,0.0,-0.0158,0.402747,0.915311,1
4416,1.6,0.0,0.0122,0.0,-0.0122,0.406737,0.913545,1
4417,1.6167,0.0,0.0096,0.0,-0.0096,0.410719,0.911762,1
4418,1.6333,0.0,0.0125,0.0,-0.0125,0.414693,0.909961,1
4419,1.65,0.0,0.0128,0.0,-0.0128,0.41866,0.908143,1
4420,1.6667,0.0,0.0146,0.0,-0.0146,0.422618,0.906308,1
4421,1.6833,0.0,0.0148,0.0,-0.0148,0.426569,0.904455,1
4422,1.7,0.0,0.0099,0.0,-0.0099,0.430511,0.902585,1
4423,1.7167,0.0,0.0125,0.0,-0.0125,0.434445,0.900698,1
4424,1.7333,0.0,0.0137,0.0,-0.0137,0.438371,0.898794,1
4425,1.75,0.0,0.0116,0.0,-0.0116,0.442289,0.896873,1
4426,1.7667,0.0,0.0132,0.0,-0.0132,0.446198,0.894934,1
4427,1.7833,0.0,0.0121,0.0,-0.0121,0.450098,0.892979,1
4428,1.8,0.0,0.0149,0.0,-0.0149,0.45399,0.891007,1
4429,1.8167,0.0,0.015,0.0,-0.015,0.457874,0.889017,1
4430,1.8333,0.0,0.016,0.0,-0.016,0.461749,0.887011,1
4431,1.85,0.0,0.0153,0.0,-0.0153,0.465615,0.884988,1
4432,1.8667,0.0,0.0135,0.0,-0.0135,0.469472,0.882948,1
4433,1.8833,0.0,0.0123,0.0,-0.0123,0.47332,0.880891,1
4434,1.9,0.0,0.0166,0.0,-0.0166,0.477159,0.878817,1
4435,1.9167,0.0,0.0177,0.0,-0.0177,0.480989,0.876727,1
4436,1.9333,0.0,0.0146,0.0,-0.0146,0.48481,0.87462,1
4437,1.95,0.0,0.0183,0.0,-0.0183,0.488621,0.872496,1
4438,1.9667,0.0,0.015,0.0,-0.015,0.492424,0.870356,1
4439,1.9833,0.0,0.0167,0.0,-0.0167,0.496217,0.868199,1
4440,2.0,0.0,0.0147,0.0,-0.0147,0.5,0.866025,1
4441,2.0167,0.0,0.0096,0.0,-0.0096,0.503774,0.863836,1
4442,2.0333,0.0,0.0137,0.0,-0.0137,0.507538,0.861629,1
4443,2.05,0.0,0.0117,0.0,-0.0117,0.511293,0.859406,1
4444,2.0667,0.0,0.0134,0.0,-0.0134,0.515038,0.857167,1
4445,2.0833,0.0,0.0143,0.0,-0.0143,0.518773,0.854912,1
4446,2.1,0.0,0.0135,0.0,-0.0135,0.522499,0.85264,1
4447,2.1167,0.0,0.0146,0.0,-0.0146,0.526214,0.850352,1
4448,2.1333,0.0,0.0132,0.0,-0.0132,0.529919,0.848048,1
4449,2.15,0.0,0.0157,0.0,-0.0157,0.533615,0.845728,1
4450,2.1667,0.0,0.0183,0.0,-0.0183,0.5373,0.843391,1
4451,2.1833,0.0,0.0122,0.0,-0.0122,0.540974,0.841039,1
4452,2.2,0.0,0.0146,0.0,-0.0146,0.544639,0.838671,1
4453,2.2167,0.0,0.0194,0.0,-0.0194,0.548293,0.836286,1
4454,2.2333,0.0,0.0121,0.0,-0.0121,0.551937,0.833886,1
4455,2.25,0.0,0.0146,0.0,-0.0146,0.55557,0.83147,1
4456,2.2667,0.0,0.0118,0.0,-0.0118,0.559193,0.829038,1
4457,2.2833,0.0,0.0143,0.0,-0.0143,0.562805,0.82659,1
4458,2.3,0.0,0.0112,0.0,-0.0112,0.566406,0.824126,1
4459,2.3167,0.0,0.0153,0.0,-0.0153,0.569997,0.821647,1
4460,2.3333,0.0,0.0141,0.0,-0.0141,0.573576,0.819152,1
4461,2.35,0.0,0.0136,0.0,-0.0136,0.577145,0.816642,1
4462,2.3667,0.0,0.0136,0.0,-0.0136,0.580703,0.814116,1
4463,2.3833,0.0,0.0136,0.0,-0.0136,0.58425,0.811574,1
4464,2.4,0.0,0.0114,0.0,-0.0114,0.587785,0.809017,1
4465,2.4167,0.0,0.0166,0.0,-0.0166,0.59131,0.806445,1
4466,2.4333,0.0,0.013,0.0,-0.013,0.594823,0.803857,1
4467,2.45,0.0,0.0136,0.0,-0.0136,0.598325,0.801254,1
4468,2.4667,0.0,0.0135,0.0,-0.0135,0.601815,0.798636,1
4469,2.4833,0.0,0.0139,0.0,-0.0139,0.605294,0.796002,1
4470,2.5,0.0,0.0136,0.0,-0.0136,0.608761,0.793353,1
4471,2.5167,0.0,0.0163,0.0,-0.0163,0.612217,0.79069,1
4472,2.5333,0.0,0.0126,0.0,-0.0126,0.615661,0.788011,1
4473,2.55,0.0,0.0172,0.0,-0.0172,0.619094,0.785317,1
4474,2.5667,0.0,0.0136,0.0,-0.0136,0.622515,0.782608,1
4475,2.5833,0.0,0.0103,0.0,-0.0103,0.625923,0.779884,1
4476,2.6,0.0,0.0147,0.0,-0.0147,0.62932,0.777146,1
4477,2.6167,0.0,0.0151,0.0,-0.0151,0.632705,0.774393,1
4478,2.6333,0.0,0.0135,0.0,-0.0135,0.636078,0.771625,1
4479,2.65,0.0,0.0151,0.0,-0.0151,0.639439,0.768842,1
4480,2.6667,0.0,0.0185,0.0,-0.0185,0.642788,0.766044,1
4481,2.6833,0.0,0.0173,0.0,-0.0173,0.646124,0.763232,1
4482,2.7,0.0,0.0626,0.0,-0.0626,0.649448,0.760406,1
4483,2.7167,0.0,0.0611,0.0,-0.0611,0.65276,0.757565,1
4484,2.7333,0.0,0.0611,0.0,-0.0611,0.656059,0.75471,1
4485,2.75,0.0,0.0601,0.0,-0.0601,0.659346,0.75184,1
4486,2.7667,0.0,0.0589,0.0,-0.0589,0.66262,0.748956,1
4487,2.7833,0.0,0.0587,0.0,-0.0587,0.665882,0.746057,1
4488,2.8,0.0,0.0609,0.0,-0.0609,0.669131,0.743145,1
4489,2.8167,0.0,0.0623,0.0,-0.0623,0.672367,0.740218,1
4490,2.8333,0.0,0.0585,0.0,-0.0585,0.67559,0.737277,1
4491,2.85,0.0,0.0608,0.0,-0.0608,0.678801,0.734323,1
4492,2.8667,0.0,0.0579,0.0,-0.0579,0.681998,0.731354,1
4493,2.8833,0.0,0.0584,0.0,-0.0584,0.685183,0.728371,1
4494,2.9,0.0,0.0629,0.0,-0.0629,0.688355,0.725374,1
4495,2.9167,0.0,0.0606,0.0,-0.0606,0.691513,0.722364,1
4496,2.9333,0.0,0.0614,0.0,-0.0614,0.694658,0.71934,1
4497,2.95,0.0,0.0615,0.0,-0.0615,0.69779,0.716302,1
4498,2.9667,0.0,0.0612,0.0,-0.0612,0.700909,0.71325,1
4499,2.9833,0.0,0.0592,0.0,-0.0592,0.704015,0.710185,1
4500,3.0,0.0,0.059,0.0,-0.059,0.707107,0.707107,1
4501,3.0167,0.0,0.0625,0.0,-0.0625,0.710185,0.704015,1
4502,3.0333,0.0,0.0631,0.0,-0.0631,0.71325,0.700909,1
4503,3.05,0.0,0.0598,0.0,-0.0598,0.716302,0.69779,1
4504,3.0667,0.0,0.0601,0.0,-0.0601,0.71934,0.694658,1
4505,3.0833,0.0,0.0649,0.0,-0.0649,0.722364,0.691513,1
4506,3.1,0.0,0.057,0.0,-0.057,0.725374,0.688355,1
4507,3.1167,0.0,0.0619,0.0,-0.0619,0.728371,0.685183,1
4508,3.1333,0.0,0.0595,0.0,-0.0595,0.731354,0.681998,1
4509,3.15,0.0,0.0668,0.0,-0.0668,0.734323,0.678801,1
4510,3.1667,0.0,0.0608,0.0,-0.0608,0.737277,0.67559,1
4511,3.1833,0.0,0.0612,0.0,-0.0612,0.740218,0.672367,1
4512,3.2,0.0,0.0618,0.0,-0.0618,0.743145,0.669131,1
4513,3.2167,0.0,0.0614,0.0,-0.0614,0.746057,0.665882,1
4514,3.2333,0.0,0.0628,0.0,-0.0628,0.748956,0.66262,1
4515,3.25,0.0,0.0603,0.0,-0.0603,0.75184,0.659346,1
4516,3.2667,0.0,0.0616,0.0,-0.0616,0.75471,0.656059,1
4517,3.2833,0.0,0.0601,0.0,-0.0601,0.757565,0.65276,1
4518,3.3,0.0,0.0597,0.0,-0.0597,0.760406,0.649448,1
4519,3.3167,0.0,0.0621,0.0,-0.0621,0.763232,0.646124,1
4520,3.3333,0.0,0.0605,0.0,-0.0605,0.766044,0.642788,1
4521,3.35,0.0,0.0613,0.0,-0.0613,0.768842,0.639439,1
4522,3.3667,0.0,0.0604,0.0,-0.0604,0.771625,0.636078,1
4523,3.3833,0.0,0.0617,0.0,-0.0617,0.774393,0.632705,1
4524,3.4,0.0,0.0556,0.0,-0.0556,0.777146,0.62932,1
4525,3.4167,0.0,0.0637,0.0,-0.0637,0.779884,0.625923,1
4526,3.4333,0.0,0.0591,0.0,-0.0591,0.782608,0.622515,1
4527,3.45,0.0,0.0627,0.0,-0.0627,0.785317,0.619094,1
4528,3.4667,0.0,0.061,0.0,-0.061,0.788011,0.615661,1
4529,3.4833,0.0,0.0591,0.0,-0.0591,0.79069,0.612217,1
4530,3.5,0.0,0.0621,0.0,-0.0621,0.793353,0.608761,1
4531,3.5167,0.0,0.0606,0.0,-0.0606,0.796002,0.605294,1
4532,3.5333,0.0,0.0609,0.0,-0.0609,0.798636,0.601815,1
4533,3.55,0.0,0.0645,0.0,-0.0645,0.801254,0.598325,1
4534,3.5667,0.0,0.0564,0.0,-0.0564,0.803857,0.594823,1
4535,3.5833,0.0,0.0617,0.0,-0.0617,0.806445,0.59131,1
4536,3.6,0.0,0.0619,0.0,-0.0619,0.809017,0.587785,1
4537,3.6167,0.0,0.0608,0.0,-0.0608,0.811574,0.58425,1
4538,3.6333,0.0,0.0649,0.0,-0.0649,0.814116,0.580703,1
4539,3.65,0.0,0.0602,0.0,-0.0602,0.816642,0.577145,1
4540,3.6667,0.0,0.0147,0.0,-0.0147,0.819152,0.573576,1
4541,3.6833,0.0,0.016,0.0,-0.016,0.821647,0.569997,1
4542,3.7,0.0,0.0191,0.0,-0.0191,0.824126,0.566406,1
4543,3.7167,0.0,0.0165,0.0,-0.0165,0.82659,0.562805,1
4544,3.7333,0.0,0.0131,0.0,-0.0131,0.829038,0.559193,1
4545,3.75,0.0,0.0128,0.0,-0.0128,0.83147,0.55557,1
4546,3.7667,0.0,0.0163,0.0,-0.0163,0.833886,0.551937,1
4547,3.7833,0.0,0.019,0.0,-0.019,0.836286,0.548293,1
4548,3.8,0.0,0.0157,0.0,-0.0157,0.838671,0.544639,1
4549,3.8167,0.0,0.0134,0.0,-0.0134,0.841039,0.540974,1
4550,3.8333,0.0,0.0138,0.0,-0.0138,0.843391,0.5373,1
4551,3.85,0.0,0.0167,0.0,-0.0167,0.845728,0.533615,1
4552,3.8667,0.0,0.0153,0.0,-0.0153,0.848048,0.529919,1
4553,3.8833,0.0,0.0148,0.0,-0.0148,0.850352,0.526214,1
4554,3.9,0.0,0.0131,0.0,-0.0131,0.85264,0.522499,1
4555,3.9167,0.0,0.0128,0.0,-0.0128,0.854912,0.518773,1
4556,3.9333,0.0,0.0143,0.0,-0.0143,0.857167,0.515038,1
4557,3.95,0.0,0.018,0.0,-0.018,0.859406,0.511293,1
4558,3.9667,0.0,0.0157,0.0,-0.0157,0.861629,0.507538,1
4559,3.9833,0.0,0.0156,0.0,-0.0156,0.863836,0.503774,1
4560,4.0,0.0,0.0169,0.0,-0.0169,0.866025,0.5,1
4561,4.0167,0.0,0.0156,0.0,-0.0156,0.868199,0.496217,1
4562,4.0333,0.0,0.0112,0.0,-0.0112,0.870356,0.492424,1
4563,4.05,0.0,0.0152,0.0,-0.0152,0.872496,0.488621,1
4564,4.0667,0.0,0.0152,0.0,-0.0152,0.87462,0.48481,1
4565,4.0833,0.0,0.014,0.0,-0.014,0.876727,0.480989,1
4566,4.1,0.0,0.0148,0.0,-0.0148,0.878817,0.477159,1
4567,4.1167,0.0,0.0123,0.0,-0.0123,0.880891,0.47332,1
4568,4.1333,0.0,0.012,0.0,-0.012,0.882948,0.469472,1
4569,4.15,0.0,0.0184,0.0,-0.0184,0.884988,0.465615,1
4570,4.1667,0.0,0.0138,0.0,-0.0138,0.887011,0.461749,1
4571,4.1833,0.0,0.0117,0.0,-0.0117,0.889017,0.457874,1
4572,4.2,0.0,0.0173,0.0,-0.0173,0.891007,0.45399,1
4573,4.2167,0.0,0.015,0.0,-0.015,0.892979,0.450098,1
4574,4.2333,0.0,0.0147,0.0,-0.0147,0.894934,0.446198,1
4575,4.25,0.0,0.0156,0.0,-0.0156,0.896873,0.442289,1
4576,4.2667,0.0,0.0135,0.0,-0.0135,0.898794,0.438371,1
4577,4.2833,0.0,0.0146,0.0,-0.0146,0.900698,0.434445,1
4578,4.3,0.0,0.0152,0.0,-0.0152,0.902585,0.430511,1
4579,4.3167,0.0,0.0151,0.0,-0.0151,0.904455,0.426569,1
4580,4.3333,0.0,0.0148,0.0,-0.0148,0.906308,0.422618,1
4581,4.35,0.0,0.0132,0.0,-0.0132,0.908143,0.41866,1
4582,4.3667,0.0,0.0124,0.0,-0.0124,0.909961,0.414693,1
4583,4.3833,0.0,0.0164,0.0,-0.0164,0.911762,0.410719,1
4584,4.4,0.0,0.0126,0.0,-0.0126,0.913545,0.406737,1
4585,4.4167,0.0,0.0164,0.0,-0.0164,0.915311,0.402747,1
4586,4.4333,0.0,0.0115,0.0,-0.0115,0.91706,0.398749,1
4587,4.45,0.0,0.0159,0.0,-0.0159,0.918791,0.394744,1
4588,4.4667,0.0,0.0163,0.0,-0.0163,0.920505,0.390731,1
4589,4.4833,0.0,0.0166,0.0,-0.0166,0.922201,0.386711,1
4590,4.5,0.0,0.0141,0.0,-0.0141,0.92388,0.382683,1
4591,4.5167,0.0,0.0163,0.0,-0.0163,0.925541,0.378649,1
4592,4.5333,0.0,0.0112,0.0,-0.0112,0.927184,0.374607,1
4593,4.55,0.0,0.0126,0.0,-0.0126,0.92881,0.370557,1
4594,4.5667,0.0,0.0158,0.0,-0.0158,0.930418,0.366501,1
4595,4.5833,0.0,0.0162,0.0,-0.0162,0.932008,0.362438,1
4596,4.6,0.0,0.0122,0.0,-0.0122,0.93358,0.358368,1
4597,4.6167,0.0,0.0187,0.0,-0.0187,0.935135,0.354291,1
4598,4.6333,0.0,0.0159,0.0,-0.0159,0.936672,0.350207,1
4599,4.65,0.0,0.0178,0.0,-0.0178,0.938191,0.346117,1
4600,4.6667,0.0,0.0098,0.0,-0.0098,0.939693,0.34202,1
4601,4.6833,0.0,0.012,0.0,-0.012,0.941176,0.337917,1
4602,4.7,0.0,0.0129,0.0,-0.0129,0.942641,0.333807,1
4603,4.7167,0.0,0.0165,0.0,-0.0165,0.944089,0.329691,1
4604,4.7333,0.0,0.0156,0.0,-0.0156,0.945519,0.325568,1
4605,4.75,0.0,0.0117,0.0,-0.0117,0.94693,0.321439,1
4606,4.7667,0.0,0.019,0.0,-0.019,0.948324,0.317305,1
4607,4.7833,0.0,0.0201,0.0,-0.0201,0.949699,0.313164,1
4608,4.8,0.0,0.0133,0.0,-0.0133,0.951057,0.309017,1
4609,4.8167,0.0,0.0127,0.0,-0.0127,0.952396,0.304864,1
4610,4.8333,0.0,0.0159,0.0,-0.0159,0.953717,0.300706,1
4611,4.85,0.0,0.0162,0.0,-0.0162,0.95502,0.296542,1
4612,4.8667,0.0,0.0117,0.0,-0.0117,0.956305,0.292372,1
4613,4.8833,0.0,0.0155,0.0,-0.0155,0.957571,0.288196,1
4614,4.9,0.0,0.0146,0.0,-0.0146,0.95882,0.284015,1
4615,4.9167,0.0,0.0117,0.0,-0.0117,0.96005,0.279829,1
4616,4.9333,0.0,0.0161,0.0,-0.0161,0.961262,0.275637,1
4617,4.95,0.0,0.0151,0.0,-0.0151,0.962455,0.27144,1
4618,4.9667,0.0,0.0122,0.0,-0.0122,0.96363,0.267238,1
4619,4.9833,0.0,0.0147,0.0,-0.0147,0.964787,0.263031,1
4620,5.0,0.0,0.0154,0.0,-0.0154,0.965926,0.258819,1
4621,5.0167,0.0,0.0121,0.0,-0.0121,0.967046,0.254602,1
4622,5.0333,0.0,0.0134,0.0,-0.0134,0.968148,0.25038,1
4623,5.05,0.0,0.0155,0.0,-0.0155,0.969231,0.246153,1
4624,5.0667,0.0,0.0148,0.0,-0.0148,0.970296,0.241922,1
4625,5.0833,0.0,0.0141,0.0,-0.0141,0.971342,0.237686,1
4626,5.1,0.0,0.014,0.0,-0.014,0.97237,0.233445,1
4627,5.1167,0.0,0.0142,0.0,-0.0142,0.973379,0.2292,1
4628,5.1333,0.0,0.0162,0.0,-0.0162,0.97437,0.224951,1
4629,5.15,0.0,0.0142,0.0,-0.0142,0.975342,0.220697,1
4630,5.1667,0.0,0.0165,0.0,-0.0165,0.976296,0.21644,1
4631,5.1833,0.0,0.0131,0.0,-0.0131,0.977231,0.212178,1
4632,5.2,0.0,0.0127,0.0,-0.0127,0.978148,0.207912,1
4633,5.2167,0.0,0.014,0.0,-0.014,0.979045,0.203642,1
4634,5.2333,0.0,0.0144,0.0,-0.0144,0.979925,0.199368,1
4635,5.25,0.0,0.0117,0.0,-0.0117,0.980785,0.19509,1
4636,5.2667,0.0,0.0141,0.0,-0.0141,0.981627,0.190809,1
4637,5.2833,0.0,0.0163,0.0,-0.0163,0.98245,0.186524,1
4638,5.3,0.0,0.0111,0.0,-0.0111,0.983255,0.182236,1
4639,5.3167,0.0,0.0164,0.0,-0.0164,0.984041,0.177944,1
4640,5.3333,0.0,0.0155,0.0,-0.0155,0.984808,0.173648,1
4641,5.35,0.0,0.0144,0.0,-0.0144,0.985556,0.16935,1
4642,5.3667,0.0,0.0144,0.0,-0.0144,0.986286,0.165048,1
4643,5.3833,0.0,0.0161,0.0,-0.0161,0.986996,0.160743,1
4644,5.4,0.0,0.0124,0.0,-0.0124,0.987688,0.156434,1
4645,5.4167,0.0,0.0161,0.0,-0.0161,0.988362,0.152123,1
4646,5.4333,0.0,0.0116,0.0,-0.0116,0.989016,0.147809,1
4647,5.45,0.0,0.0143,0.0,-0.0143,0.989651,0.143493,1
4648,5.4667,0.0,0.0124,0.0,-0.0124,0.990268,0.139173,1
4649,5.4833,0.0,0.0101,0.0,-0.0101,0.990866,0.134851,1
4650,5.5,0.0,0.0116,0.0,-0.0116,0.991445,0.130526,1
4651,5.5167,0.0,0.017,0.0,-0.017,0.992005,0.126199,1
4652,5.5333,0.0,0.0095,0.0,-0.0095,0.992546,0.121869,1
4653,5.55,0.0,0.0144,0.0,-0.0144,0.993068,0.117537,1
4654,5.5667,0.0,0.0168,0.0,-0.0168,0.993572,0.113203,1
4655,5.5833,0.0,0.014,0.0,-0.014,0.994056,0.108867,1
4656,5.6,0.0,0.0153,0.0,-0.0153,0.994522,0.104528,1
4657,5.6167,0.0,0.0154,0.0,-0.0154,0.994969,0.100188,1
4658,5.6333,0.0,0.0146,0.0,-0.0146,0.995396,0.095846,1
4659,5.65,0.0,0.0173,0.0,-0.0173,0.995805,0.091502,1
4660,5.6667,0.0,0.017,0.0,-0.017,0.996195,0.087156,1
4661,5.6833,0.0,0.0114,0.0,-0.0114,0.996566,0.082808,1
4662,5.7,0.0,0.0126,0.0,-0.0126,0.996917,0.078459,1
4663,5.7167,0.0,0.0157,0.0,-0.0157,0.99725,0.074108,1
4664,5.7333,0.0,0.0171,0.0,-0.0171,0.997564,0.069756,1
4665,5.75,0.0,0.015,0.0,-0.015,0.997859,0.065403,1
4666,5.7667,0.0,0.0111,0.0,-0.0111,0.998135,0.061049,1
4667,5.7833,0.0,0.0139,0.0,-0.0139,0.998392,0.056693,1
4668,5.8,0.0,0.0153,0.0,-0.0153,0.99863,0.052336,1
4669,5.8167,0.0,0.0111,0.0,-0.0111,0.998848,0.047978,1
4670,5.8333,0.0,0.0175,0.0,-0.0175,0.999048,0.043619,1
4671,5.85,0.0,0.0118,0.0,-0.0118,0.999229,0.03926,1
4672,5.8667,0.0,0.0131,0.0,-0.0131,0.999391,0.034899,1
4673,5.8833,0.0,0.0162,0.0,-0.0162,0.999534,0.030539,1
4674,5.9,0.0,0.0121,0.0,-0.0121,0.999657,0.026177,1
4675,5.9167,0.0,0.0138,0.0,-0.0138,0.999762,0.021815,1
4676,5.9333,0.0,0.0131,0.0,-0.0131,0.999848,0.017452,1
4677,5.95,0.0,0.0152,0.0,-0.0152,0.999914,0.01309,1
4678,5.9667,0.0,0.0201,0.0,-0.0201,0.999962,0.008727,1
4679,5.9833,0.0,0.0168,0.0,-0.0168,0.99999,0.004363,1
4680,6.0,0.0,0.0261,0.0,-0.0261,1.0,0.0,1
4681,6.0167,0.0,0.0272,0.0,-0.0272,0.99999,-0.004363,1
4682,6.0333,0.000117,0.0266,0.0,-0.026483,0.999962,-0.008727,1
4683,6.05,0.0013,0.0243,0.0,-0.023,0.999914,-0.01309,1
4684,6.0667,0.0,0.0242,0.0,-0.0242,0.999848,-0.017452,1
4685,6.0833,0.003967,0.0248,0.0,-0.020833,0.999762,-0.021815,1
4686,6.1,0.002033,0.0273,0.0,-0.025267,0.999657,-0.026177,1
4687,6.1167,0.004867,0.0276,0.0,-0.022733,0.999534,-0.030539,1
4688,6.1333,0.00475,0.0252,0.0,-0.02045,0.999391,-0.034899,1
4689,6.15,0.006267,0.0267,0.0,-0.020433,0.999229,-0.03926,1
4690,6.1667,0.007133,0.0237,0.0,-0.016567,0.999048,-0.043619,1
4691,6.1833,0.006483,0.0319,0.0,-0.025417,0.998848,-0.047978,1
4692,6.2,0.008783,0.0247,0.0,-0.015917,0.99863,-0.052336,1
4693,6.2167,0.00905,0.0277,0.0,-0.01865,0.998392,-0.056693,1
4694,6.2333,0.00665,0.0261,0.0,-0.01945,0.998135,-0.061049,1
4695,6.25,0.00785,0.0268,0.0,-0.01895,0.997859,-0.065403,1
4696,6.2667,0.005233,0.0248,0.0,-0.019567,0.997564,-0.069756,1
4697,6.2833,0.013767,0.026,0.0,-0.012233,0.99725,-0.074108,1
4698,6.3,0.013183,0.0926,0.0,-0.079417,0.996917,-0.078459,1
4699,6.3167,0.010833,0.0902,0.0,-0.079367,0.996566,-0.082808,1
4700,6.3333,0.013933,0.0948,0.0,-0.080867,0.996195,-0.087156,1
4701,6.35,0.013117,0.0922,0.0,-0.079083,0.995805,-0.091502,1
4702,6.3667,0.01315,0.0968,0.0,-0.08365,0.995396,-0.095846,1
4703,6.3833,0.013733,0.0975,0.0,-0.083767,0.994969,-0.100188,1
4704,6.4,0.0138,0.0937,0.0,-0.0799,0.994522,-0.104528,1
4705,6.4167,0.013867,0.0942,0.0,-0.080333,0.994056,-0.108867,1
4706,6.4333,0.0078,0.0916,0.0,-0.0838,0.993572,-0.113203,1
4707,6.45,0.015683,0.0949,0.0,-0.079217,0.993068,-0.117537,1
4708,6.4667,0.0136,0.091,0.0,-0.0774,0.992546,-0.121869,1
4709,6.4833,0.013167,0.093,0.0,-0.079833,0.992005,-0.126199,1
4710,6.5,0.016217,0.0922,0.0,-0.075983,0.991445,-0.130526,1
4711,6.5167,0.017933,0.0929,0.0,-0.074967,0.990866,-0.134851,1
4712,6.5333,0.014683,0.0916,0.0,-0.076917,0.990268,-0.139173,1
4713,6.55,0.022183,0.0927,0.0,-0.070517,0.989651,-0.143493,1
4714,6.5667,0.0171,0.0923,0.0,-0.0752,0.989016,-0.147809,1
4715,6.5833,0.017433,0.093,0.0,-0.075567,0.988362,-0.152123,1
4716,6.6,0.019517,0.09,0.0,-0.070483,0.987688,-0.156434,1
4717,6.6167,0.02135,0.0925,0.0,-0.07115,0.986996,-0.160743,1
4718,6.6333,0.0255,0.0954,0.0,-0.0699,0.986286,-0.165048,1
4719,6.65,0.0178,0.0912,0.0,-0.0734,0.985556,-0.16935,1
4720,6.6667,0.022333,0.092,0.0,-0.069667,0.984808,-0.173648,1
4721,6.6833,0.01885,0.0912,0.0,-0.07235,0.984041,-0.177944,1
4722,6.7,0.024617,0.0907,0.0,-0.066083,0.983255,-0.182236,1
4723,6.7167,0.026617,0.0912,0.0,-0.064583,0.98245,-0.186524,1
4724,6.7333,0.025583,0.0953,0.0,-0.069717,0.981627,-0.190809,1
4725,6.75,0.02125,0.0929,0.0,-0.07165,0.980785,-0.19509,1
4726,6.7667,0.025017,0.0928,0.0,-0.067783,0.979925,-0.199368,1
4727,6.7833,0.02765,0.0907,0.0,-0.06305,0.979045,-0.203642,1
4728,6.8,0.0271,0.0929,0.0,-0.0658,0.978148,-0.207912,1
4729,6.8167,0.025,0.0955,0.0,-0.0705,0.977231,-0.212178,1
4730,6.8333,0.023567,0.0936,0.0,-0.070033,0.976296,-0.21644,1
4731,6.85,0.025983,0.0915,0.0,-0.065517,0.975342,-0.220697,1
4732,6.8667,0.031667,0.0918,0.0,-0.060133,0.97437,-0.224951,1
4733,6.8833,0.028517,0.0938,0.0,-0.065283,0.973379,-0.2292,1
4734,6.9,0.0249,0.0905,0.0,-0.0656,0.97237,-0.233445,1
4735,6.9167,0.028517,0.0879,0.0,-0.059383,0.971342,-0.237686,1
4736,6.9333,0.031383,0.0911,0.0,-0.059717,0.970296,-0.241922,1
4737,6.95,0.02905,0.0903,0.0,-0.06125,0.969231,-0.246153,1
4738,6.9667,0.029933,0.0906,0.0,-0.060667,0.968148,-0.25038,1
4739,6.9833,0.027667,0.09,0.0,-0.062333,0.967046,-0.254602,1
4740,7.0,0.032,0.1158,0.0,-0.0838,0.965926,-0.258819,1
4741,7.0167,0.026517,0.117,0.0,-0.090483,0.964787,-0.263031,1
4742,7.0333,0.031733,0.1157,0.0,-0.083967,0.96363,-0.267238,1
4743,7.05,0.03495,0.1142,0.0,-0.07925,0.962455,-0.27144,1
4744,7.0667,0.03715,0.1169,0.0,-0.07975,0.961262,-0.275637,1
4745,7.0833,0.032667,0.117,0.0,-0.084333,0.96005,-0.279829,1
4746,7.1,0.036867,0.1156,0.0,-0.078733,0.95882,-0.284015,1
4747,7.1167,0.0351,0.1113,0.0,-0.0762,0.957571,-0.288196,1
4748,7.1333,0.036033,0.1136,0.0,-0.077567,0.956305,-0.292372,1
4749,7.15,0.035167,0.1157,0.0,-0.080533,0.95502,-0.296542,1
4750,7.1667,0.0344,0.1146,0.0,-0.0802,0.953717,-0.300706,1
4751,7.1833,0.0365,0.1147,0.0,-0.0782,0.952396,-0.304864,1
4752,7.2,0.038667,0.1146,0.0,-0.075933,0.951057,-0.309017,1
4753,7.2167,0.037,0.1116,0.0,-0.0746,0.949699,-0.313164,1
4754,7.2333,0.0376,0.1147,0.0,-0.0771,0.948324,-0.317305,1
4755,7.25,0.04095,0.1135,0.0,-0.07255,0.94693,-0.321439,1
4756,7.2667,0.036333,0.1119,0.0,-0.075567,0.945519,-0.325568,1
4757,7.2833,0.037,0.115,0.0,-0.078,0.944089,-0.329691,1
4758,7.3,0.039583,0.1131,0.0,-0.073517,0.942641,-0.333807,1
4759,7.3167,0.04015,0.1149,0.0,-0.07475,0.941176,-0.337917,1
4760,7.3333,0.041667,0.1136,0.0,-0.071933,0.939693,-0.34202,1
4761,7.35,0.043283,0.1152,0.0,-0.071917,0.938191,-0.346117,1
4762,7.3667,0.039017,0.1148,0.0,-0.075783,0.936672,-0.350207,1
4763,7.3833,0.041133,0.1168,0.0,-0.075667,0.935135,-0.354291,1
4764,7.4,0.042383,0.1142,0.0,-0.071817,0.93358,-0.358368,1
4765,7.4167,0.04595,0.1157,0.0,-0.06975,0.932008,-0.362438,1
4766,7.4333,0.0422,0.1108,0.0,-0.0686,0.930418,-0.366501,1
4767,7.45,0.041833,0.0525,0.0,-0.010667,0.92881,-0.370557,1
4768,7.4667,0.040333,0.0462,0.0,-0.005867,0.927184,-0.374607,1
4769,7.4833,0.051467,0.0495,0.002,0.001967,0.925541,-0.378649,0
4770,7.5,0.054167,0.0443,0.0119,0.009867,0.92388,-0.382683,0
4771,7.5167,0.04775,0.0476,0.012,0.00015,0.922201,-0.386711,0
4772,7.5333,0.04305,0.0492,0.0059,-0.00615,0.920505,-0.390731,0
4773,7.55,0.050817,0.0505,0.0062,0.000317,0.918791,-0.394744,0
4774,7.5667,0.04885,0.0474,0.0076,0.00145,0.91706,-0.398749,0
4775,7.5833,0.049533,0.0471,0.01,0.002433,0.915311,-0.402747,0
4776,7.6,0.048933,0.0516,0.0073,-0.002667,0.913545,-0.406737,0
4777,7.6167,0.047883,0.0471,0.0081,0.000783,0.911762,-0.410719,0
4778,7.6333,0.051833,0.0478,0.0121,0.004033,0.909961,-0.414693,0
4779,7.65,0.049417,0.0486,0.0129,0.000817,0.908143,-0.41866,0
4780,7.6667,0.0499,0.0497,0.0131,0.0002,0.906308,-0.422618,0
4781,7.6833,0.049033,0.0467,0.0154,0.002333,0.904455,-0.426569,0
4782,7.7,0.050867,0.0475,0.0188,0.003367,0.902585,-0.430511,0
4783,7.7167,0.053283,0.0469,0.0252,0.006383,0.900698,-0.434445,0
4784,7.7333,0.054967,0.0494,0.0308,0.005567,0.898794,-0.438371,0
4785,7.75,0.0562,0.0462,0.0408,0.01,0.896873,-0.442289,0
4786,7.7667,0.046467,0.049,0.0383,-0.002533,0.894934,-0.446198,0
4787,7.7833,0.057183,0.0483,0.0472,0.008883,0.892979,-0.450098,0
4788,7.8,0.056667,0.0469,0.057,0.009767,0.891007,-0.45399,0
4789,7.8167,0.058667,0.0491,0.0666,0.009567,0.889017,-0.457874,0
4790,7.8333,0.05175,0.0476,0.0708,0.00415,0.887011,-0.461749,0
4791,7.85,0.05825,0.048,0.081,0.01025,0.884988,-0.465615,0
4792,7.8667,0.0566,0.0466,0.091,0.01,0.882948,-0.469472,0
4793,7.8833,0.058683,0.0451,0.1046,0.013583,0.880891,-0.47332,0
4794,7.9,0.059717,0.0483,0.116,0.011417,0.878817,-0.477159,0
4795,7.9167,0.059717,0.0523,0.1234,0.007417,0.876727,-0.480989,0
4796,7.9333,0.060817,0.0439,0.1403,0.016917,0.87462,-0.48481,0
4797,7.95,0.057767,0.0516,0.1465,0.006167,0.872496,-0.488621,0
4798,7.9667,0.0554,0.0462,0.1557,0.0092,0.870356,-0.492424,0
4799,7.9833,0.0579,0.0432,0.1704,0.0147,0.868199,-0.496217,0
4800,8.0,0.058183,0.0494,0.1792,0.008783,0.866025,-0.5,0
4801,8.0167,0.059767,0.0481,0.1909,0.011667,0.863836,-0.503774,0
4802,8.0333,0.061317,0.0484,0.2038,0.012917,0.861629,-0.507538,0
4803,8.05,0.065033,0.0457,0.2231,0.019333,0.859406,-0.511293,0
4804,8.0667,0.058883,0.049,0.233,0.009883,0.857167,-0.515038,0
4805,8.0833,0.063267,0.0508,0.2455,0.012467,0.854912,-0.518773,0
4806,8.1,0.063467,0.0452,0.2638,0.018267,0.85264,-0.522499,0
4807,8.1167,0.058983,0.048,0.2748,0.010983,0.850352,-0.526214,0
4808,8.1333,0.062617,0.0516,0.2858,0.011017,0.848048,-0.529919,0
4809,8.15,0.067433,0.0454,0.3078,0.022033,0.845728,-0.533615,0
4810,8.1667,0.065767,0.0467,0.3269,0.019067,0.843391,-0.5373,0
4811,8.1833,0.068433,0.0479,0.3474,0.020533,0.841039,-0.540974,0
4812,8.2,0.06305,0.0471,0.3633,0.01595,0.838671,-0.544639,0
4813,8.2167,0.064083,0.0504,0.377,0.013683,0.836286,-0.548293,0
4814,8.2333,0.067933,0.0471,0.3978,0.020833,0.833886,-0.551937,0
4815,8.25,0.065533,0.0462,0.4171,0.019333,0.83147,-0.55557,0
4816,8.2667,0.068817,0.0519,0.434,0.016917,0.829038,-0.559193,0
4817,8.2833,0.065867,0.0493,0.4506,0.016567,0.82659,-0.562805,0
4818,8.3,0.07075,0.0497,0.4716,0.02105,0.824126,-0.566406,0
4819,8.3167,0.068417,0.0495,0.4905,0.018917,0.821647,-0.569997,0
4820,8.3333,0.070217,0.0461,0.5146,0.024117,0.819152,-0.573576,0
4821,8.35,0.0686,0.0489,0.5343,0.0197,0.816642,-0.577145,0
4822,8.3667,0.069433,0.0451,0.5586,0.024333,0.814116,-0.580703,0
4823,8.3833,0.06745,0.0465,0.5796,0.02095,0.811574,-0.58425,0
4824,8.4,0.06625,0.0459,0.5999,0.02035,0.809017,-0.587785,0
4825,8.4167,0.071367,0.0484,0.6229,0.022967,0.806445,-0.59131,0
4826,8.4333,0.06865,0.0464,0.6452,0.02225,0.803857,-0.594823,0
4827,8.45,0.0748,0.0487,0.6713,0.0261,0.801254,-0.598325,0
4828,8.4667,0.070567,0.0541,0.6878,0.016467,0.798636,-0.601815,0
4829,8.4833,0.074733,0.05,0.7125,0.024733,0.796002,-0.605294,0
4830,8.5,0.069767,0.0498,0.7325,0.019967,0.793353,-0.608761,0
4831,8.5167,0.073483,0.0496,0.7564,0.023883,0.79069,-0.612217,0
4832,8.5333,0.074667,0.0504,0.7807,0.024267,0.788011,-0.615661,0
4833,8.55,0.072533,0.0492,0.804,0.023333,0.785317,-0.619094,0
4834,8.5667,0.071833,0.0491,0.8267,0.022733,0.782608,-0.622515,0
4835,8.5833,0.07485,0.0466,0.8549,0.02825,0.779884,-0.625923,0
4836,8.6,0.077183,0.0481,0.884,0.029083,0.777146,-0.62932,0
4837,8.6167,0.076167,0.0496,0.9106,0.026567,0.774393,-0.632705,0
4838,8.6333,0.0721,0.0507,0.932,0.0214,0.771625,-0.636078,0
4839,8.65,0.080083,0.052,0.9601,0.028083,0.768842,-0.639439,0
4840,8.6667,0.072883,0.0484,0.9846,0.024483,0.766044,-0.642788,0
4841,8.6833,0.081167,0.0473,1.0185,0.033867,0.763232,-0.646124,0
4842,8.7,0.0798,0.047,1.0513,0.0328,0.760406,-0.649448,0
4843,8.7167,0.079633,0.0493,1.0816,0.030333,0.757565,-0.65276,0
4844,8.7333,0.084617,0.0485,1.1177,0.036117,0.75471,-0.656059,0
4845,8.75,0.076383,0.0473,1.1468,0.029083,0.75184,-0.659346,0
4846,8.7667,0.0744,0.0492,1.172,0.0252,0.748956,-0.66262,0
4847,8.7833,0.080733,0.0499,1.2028,0.030833,0.746057,-0.665882,0
4848,8.8,0.077983,0.0488,1.232,0.029183,0.743145,-0.669131,0
4849,8.8167,0.082733,0.046,1.2687,0.036733,0.740218,-0.672367,0
4850,8.8333,0.082683,0.046,1.3054,0.036683,0.737277,-0.67559,0
4851,8.85,0.078817,0.0464,1.3378,0.032417,0.734323,-0.678801,0
4852,8.8667,0.08295,0.0481,1.3727,0.03485,0.731354,-0.681998,0
4853,8.8833,0.0817,0.0495,1.4049,0.0322,0.728371,-0.685183,0
4854,8.9,0.08355,0.0467,1.4418,0.03685,0.725374,-0.688355,0
4855,8.9167,0.085183,0.0498,1.4772,0.035383,0.722364,-0.691513,0
4856,8.9333,0.084067,0.0462,1.5151,0.037867,0.71934,-0.694658,0
4857,8.95,0.082817,0.0468,1.5511,0.036017,0.716302,-0.69779,0
4858,8.9667,0.087717,0.0504,1.5884,0.037317,0.71325,-0.700909,0
4859,8.9833,0.089583,0.0492,1.6288,0.040383,0.710185,-0.704015,0
4860,9.0,0.08445,0.0274,1.6858,0.05705,0.707107,-0.707107,0
4861,9.0167,0.08635,0.0255,1.7466,0.06085,0.704015,-0.710185,0
4862,9.0333,0.085017,0.025,1.8066,0.060017,0.700909,-0.71325,0
4863,9.05,0.083133,0.0264,1.8633,0.056733,0.69779,-0.716302,0
4864,9.0667,0.0809,0.0309,1.9133,0.05,0.694658,-0.71934,0
4865,9.0833,0.0847,0.0218,1.9762,0.0629,0.691513,-0.722364,0
4866,9.1,0.090533,0.0268,2.0399,0.063733,0.688355,-0.725374,0
4867,9.1167,0.089033,0.0263,2.1026,0.062733,0.685183,-0.728371,0
4868,9.1333,0.084533,0.0263,2.1608,0.058233,0.681998,-0.731354,0
4869,9.15,0.0893,0.0269,2.2232,0.0624,0.678801,-0.734323,0
4870,9.1667,0.084783,0.0262,2.2818,0.058583,0.67559,-0.737277,0
4871,9.1833,0.088517,0.0275,2.3428,0.061017,0.672367,-0.740218,0
4872,9.2,0.088867,0.0259,2.4058,0.062967,0.669131,-0.743145,0
4873,9.2167,0.08945,0.0267,2.4686,0.06275,0.665882,-0.746057,0
4874,9.2333,0.0861,0.0304,2.5243,0.0557,0.66262,-0.748956,0
4875,9.25,0.092367,0.0254,2.5913,0.066967,0.659346,-0.75184,0
4876,9.2667,0.089117,0.0252,2.6552,0.063917,0.656059,-0.75471,0
4877,9.2833,0.0909,0.0268,2.7193,0.0641,0.65276,-0.757565,0
4878,9.3,0.08775,0.0261,2.781,0.06165,0.649448,-0.760406,0
4879,9.3167,0.088333,0.026,2.8433,0.062333,0.646124,-0.763232,0
4880,9.3333,0.094917,0.0273,2.9109,0.067617,0.642788,-0.766044,0
4881,9.35,0.0949,0.0287,2.9771,0.0662,0.639439,-0.768842,0
4882,9.3667,0.0934,0.0299,3.0406,0.0635,0.636078,-0.771625,0
4883,9.3833,0.094183,0.0286,3.1062,0.065583,0.632705,-0.774393,0
4884,9.4,0.0919,0.0262,3.1719,0.0657,0.62932,-0.777146,0
4885,9.4167,0.094233,0.026,3.2401,0.068233,0.625923,-0.779884,0
4886,9.4333,0.0944,0.0248,3.3097,0.0696,0.622515,-0.782608,0
4887,9.45,0.0965,0.0271,3.3791,0.0694,0.619094,-0.785317,0
4888,9.4667,0.0947,0.0223,3.4515,0.0724,0.615661,-0.788011,0
4889,9.4833,0.089867,0.0231,3.5183,0.066767,0.612217,-0.79069,0
4890,9.5,0.092733,0.0272,3.5838,0.065533,0.608761,-0.793353,0
4891,9.5167,0.0977,0.0289,3.6526,0.0688,0.605294,-0.796002,0
4892,9.5333,0.097417,0.0829,3.6671,0.014517,0.601815,-0.798636,0
4893,9.55,0.097333,0.0848,3.6796,0.012533,0.598325,-0.801254,0
4894,9.5667,0.093817,0.0816,3.6918,0.012217,0.594823,-0.803857,0
4895,9.5833,0.101583,0.0853,3.7081,0.016283,0.59131,-0.806445,0
4896,9.6,0.0958,0.0853,3.7186,0.0105,0.587785,-0.809017,0
4897,9.6167,0.101817,0.084,3.7364,0.017817,0.58425,-0.811574,0
4898,9.6333,0.095733,0.0836,3.7485,0.012133,0.580703,-0.814116,0
4899,9.65,0.099633,0.0845,3.7636,0.015133,0.577145,-0.816642,0
4900,9.6667,0.0976,0.0865,3.7747,0.0111,0.573576,-0.819152,0
4901,9.6833,0.098117,0.0856,3.7872,0.012517,0.569997,-0.821647,0
4902,9.7,0.099183,0.084,3.8024,0.015183,0.566406,-0.824126,0
4903,9.7167,0.096683,0.0898,3.8093,0.006883,0.562805,-0.82659,0
4904,9.7333,0.096467,0.084,3.8218,0.012467,0.559193,-0.829038,0
4905,9.75,0.098617,0.085,3.8354,0.013617,0.55557,-0.83147,0
4906,9.7667,0.100483,0.0855,3.8504,0.014983,0.551937,-0.833886,0
4907,9.7833,0.09635,0.0856,3.8611,0.01075,0.548293,-0.836286,0
4908,9.8,0.101333,0.0875,3.8749,0.013833,0.544639,-0.838671,0
4909,9.8167,0.10035,0.0858,3.8894,0.01455,0.540974,-0.841039,0
4910,9.8333,0.100183,0.0837,3.9059,0.016483,0.5373,-0.843391,0
4911,9.85,0.098967,0.0894,3.9155,0.009567,0.533615,-0.845728,0
4912,9.8667,0.09955,0.0886,3.9265,0.01095,0.529919,-0.848048,0
4913,9.8833,0.106333,0.0869,3.9459,0.019433,0.526214,-0.850352,0
4914,9.9,0.099867,0.0862,3.9596,0.013667,0.522499,-0.85264,0
4915,9.9167,0.099683,0.0838,3.9755,0.015883,0.518773,-0.854912,0
4916,9.9333,0.104133,0.0856,3.994,0.018533,0.515038,-0.857167,0
4917,9.95,0.098517,0.0847,4.0078,0.013817,0.511293,-0.859406,0
4918,9.9667,0.105633,0.0252,4.0882,0.080433,0.507538,-0.861629,0
4919,9.9833,0.103333,0.0262,4.1653,0.077133,0.503774,-0.863836,0
4920,10.0,0.1024,0.0276,4.2401,0.0748,0.5,-0.866025,0
4921,10.0167,0.106033,0.0259,4.3202,0.080133,0.496217,-0.868199,0
4922,10.0333,0.10855,0.0292,4.3995,0.07935,0.492424,-0.870356,0
4923,10.05,0.103233,0.0266,4.4761,0.076633,0.488621,-0.872496,0
4924,10.0667,0.10325,0.0281,4.5512,0.07515,0.48481,-0.87462,0
4925,10.0833,0.106833,0.0236,4.6344,0.083233,0.480989,-0.876727,0
4926,10.1,0.10505,0.026,4.7135,0.07905,0.477159,-0.878817,0
4927,10.1167,0.101717,0.0283,4.7869,0.073417,0.47332,-0.880891,0
4928,10.1333,0.108117,0.0306,4.8644,0.077517,0.469472,-0.882948,0
4929,10.15,0.103783,0.0297,4.9385,0.074083,0.465615,-0.884988,0
4930,10.1667,0.1058,0.0258,5.0185,0.08,0.461749,-0.887011,0
4931,10.1833,0.10725,0.0261,5.0997,0.08115,0.457874,-0.889017,0
4932,10.2,0.1063,0.027,5.179,0.0793,0.45399,-0.891007,0
4933,10.2167,0.1058,0.0271,5.2577,0.0787,0.450098,-0.892979,0
4934,10.2333,0.104817,0.0259,5.3366,0.078917,0.446198,-0.894934,0
4935,10.25,0.107617,0.0226,5.4216,0.085017,0.442289,-0.896873,0
4936,10.2667,0.109017,0.0255,5.5051,0.083517,0.438371,-0.898794,0
4937,10.2833,0.10725,0.0258,5.5865,0.08145,0.434445,-0.900698,0
4938,10.3,0.107583,0.0251,5.669,0.082483,0.430511,-0.902585,0
4939,10.3167,0.10885,0.026,5.7519,0.08285,0.426569,-0.904455,0
4940,10.3333,0.110483,0.0258,5.8366,0.084683,0.422618,-0.906308,0
4941,10.35,0.106733,0.0236,5.9197,0.083133,0.41866,-0.908143,0
4942,10.3667,0.10885,0.0273,6.0012,0.08155,0.414693,-0.909961,0
4943,10.3833,0.104817,0.0279,6.0781,0.076917,0.410719,-0.911762,0
4944,10.4,0.111317,0.0235,6.1659,0.087817,0.406737,-0.913545,0
4945,10.4167,0.108667,0.0272,6.2474,0.081467,0.402747,-0.915311,0
4946,10.4333,0.110667,0.028,6.3301,0.082667,0.398749,-0.91706,0
4947,10.45,0.1129,0.0296,6.4134,0.0833,0.394744,-0.918791,0
4948,10.4667,0.11015,0.0227,6.5008,0.08745,0.390731,-0.920505,0
4949,10.4833,0.11575,0.026,6.5906,0.08975,0.386711,-0.922201,0
4950,10.5,0.10995,0.0286,6.672,0.08135,0.382683,-0.92388,0
4951,10.5167,0.1117,0.0219,6.7618,0.0898,0.378649,-0.925541,0
4952,10.5333,0.111767,0.0268,6.8468,0.084967,0.374607,-0.927184,0
4953,10.55,0.113583,0.0233,6.9371,0.090283,0.370557,-0.92881,0
4954,10.5667,0.11325,0.0269,7.0234,0.08635,0.366501,-0.930418,0
4955,10.5833,0.104583,0.0269,7.1011,0.077683,0.362438,-0.932008,0
4956,10.6,0.111317,0.0263,7.1861,0.085017,0.358368,-0.93358,0
4957,10.6167,0.11295,0.0253,7.2737,0.08765,0.354291,-0.935135,0
4958,10.6333,0.113517,0.026,7.3612,0.087517,0.350207,-0.936672,0
4959,10.65,0.116867,0.0244,7.4537,0.092467,0.346117,-0.938191,0
4960,10.6667,0.111433,0.0278,7.5373,0.083633,0.34202,-0.939693,0
4961,10.6833,0.1125,0.0248,7.625,0.0877,0.337917,-0.941176,0
4962,10.7,0.116317,0.0255,7.7158,0.090817,0.333807,-0.942641,0
4963,10.7167,0.116083,0.0259,7.806,0.090183,0.329691,-0.944089,0
4964,10.7333,0.11375,0.0251,7.8946,0.08865,0.325568,-0.945519,0
4965,10.75,0.113667,0.0236,7.9847,0.090067,0.321439,-0.94693,0
4966,10.7667,0.1088,0.026,8.0675,0.0828,0.317305,-0.948324,0
4967,10.7833,0.112283,0.0255,8.1543,0.086783,0.313164,-0.949699,0
4968,10.8,0.11705,0.0292,8.2422,0.08785,0.309017,-0.951057,0
4969,10.8167,0.117967,0.0275,8.3327,0.090467,0.304864,-0.952396,0
4970,10.8333,0.110917,0.0289,8.4147,0.082017,0.300706,-0.953717,0
4971,10.85,0.115367,0.0236,8.5065,0.091767,0.296542,-0.95502,0
4972,10.8667,0.112533,0.0253,8.5937,0.087233,0.292372,-0.956305,0
4973,10.8833,0.113917,0.0245,8.6831,0.089417,0.288196,-0.957571,0
4974,10.9,0.11685,0.0271,8.7728,0.08975,0.284015,-0.95882,0
4975,10.9167,0.116283,0.0249,8.8642,0.091383,0.279829,-0.96005,0
4976,10.9333,0.1142,0.025,8.9534,0.0892,0.275637,-0.961262,0
4977,10.95,0.112783,0.0246,9.0416,0.088183,0.27144,-0.962455,0
4978,10.9667,0.1172,0.0233,9.1355,0.0939,0.267238,-0.96363,0
4979,10.9833,0.110533,0.026,9.22,0.084533,0.263031,-0.964787,0
4980,11.0,0.119467,0.0261,9.3134,0.093367,0.258819,-0.965926,0
4981,11.0167,0.118583,0.0285,9.4035,0.090083,0.254602,-0.967046,0
4982,11.0333,0.11955,0.024,9.4991,0.09555,0.25038,-0.968148,0
4983,11.05,0.114133,0.0278,9.5854,0.086333,0.246153,-0.969231,0
4984,11.0667,0.115733,0.0257,9.6754,0.090033,0.241922,-0.970296,0
4985,11.0833,0.115833,0.0289,9.7623,0.086933,0.237686,-0.971342,0
4986,11.1,0.1189,0.0281,9.8531,0.0908,0.233445,-0.97237,0
4987,11.1167,0.116667,0.028,9.9418,0.088667,0.2292,-0.973379,0
4988,11.1333,0.114983,0.0236,10.0332,0.091383,0.224951,-0.97437,0
4989,11.15,0.1144,0.026,10.1216,0.0884,0.220697,-0.975342,0
4990,11.1667,0.114517,0.0256,10.2105,0.088917,0.21644,-0.976296,0
4991,11.1833,0.118167,0.0301,10.2986,0.088067,0.212178,-0.977231,0
4992,11.2,0.1171,0.0255,10.3902,0.0916,0.207912,-0.978148,0
4993,11.2167,0.1195,0.0294,10.4803,0.0901,0.203642,-0.979045,0
4994,11.2333,0.116367,0.0259,10.5708,0.090467,0.199368,-0.979925,0
4995,11.25,0.113833,0.0275,10.6571,0.086333,0.19509,-0.980785,0
4996,11.2667,0.119367,0.0273,10.7492,0.092067,0.190809,-0.981627,0
4997,11.2833,0.117817,0.0237,10.8433,0.094117,0.186524,-0.98245,0
4998,11.3,0.11725,0.0226,10.9379,0.09465,0.182236,-0.983255,0
4999,11.3167,0.11845,0.0262,11.0302,0.09225,0.177944,-0.984041,0
5000,11.3333,0.115133,0.0296,11.1157,0.085533,0.173648,-0.984808,0
5001,11.35,0.115683,0.0232,11.2082,0.092483,0.16935,-0.985556,0
5002,11.3667,0.114033,0.0259,11.2963,0.088133,0.165048,-0.986286,0
5003,11.3833,0.114217,0.0274,11.3831,0.086817,0.160743,-0.986996,0
5004,11.4,0.121733,0.0274,11.4774,0.094333,0.156434,-0.987688,0
5005,11.4167,0.1194,0.0232,11.5736,0.0962,0.152123,-0.988362,0
5006,11.4333,0.114133,0.0277,11.66,0.086433,0.147809,-0.989016,0
5007,11.45,0.1175,0.0256,11.7519,0.0919,0.143493,-0.989651,0
5008,11.4667,0.120333,0.0276,11.8446,0.092733,0.139173,-0.990268,0
5009,11.4833,0.119217,0.024,11.9398,0.095217,0.134851,-0.990866,0
5010,11.5,0.118767,0.0274,12.0312,0.091367,0.130526,-0.991445,0
5011,11.5167,0.115033,0.0212,12.125,0.093833,0.126199,-0.992005,0
5012,11.5333,0.1204,0.0264,12.219,0.094,0.121869,-0.992546,0
5013,11.55,0.119383,0.0285,12.3099,0.090883,0.117537,-0.993068,0
5014,11.5667,0.114833,0.0291,12.3956,0.085733,0.113203,-0.993572,0
5015,11.5833,0.121583,0.0265,12.4907,0.095083,0.108867,-0.994056,0
5016,11.6,0.1172,0.0288,12.5791,0.0884,0.104528,-0.994522,0
5017,11.6167,0.117983,0.0233,12.6738,0.094683,0.100188,-0.994969,0
5018,11.6333,0.120633,0.0264,12.768,0.094233,0.095846,-0.995396,0
5019,11.65,0.115133,0.0254,12.8577,0.089733,0.091502,-0.995805,0
5020,11.6667,0.1188,0.0252,12.9513,0.0936,0.087156,-0.996195,0
5021,11.6833,0.1174,0.0264,13.0423,0.091,0.082808,-0.996566,0
5022,11.7,0.120033,0.0258,13.1365,0.094233,0.078459,-0.996917,0
5023,11.7167,0.120383,0.0302,13.2267,0.090183,0.074108,-0.99725,0
5024,11.7333,0.117967,0.0247,13.32,0.093267,0.069756,-0.997564,0
5025,11.75,0.120217,0.0293,13.4109,0.090917,0.065403,-0.997859,0
5026,11.7667,0.121783,0.028,13.5047,0.093783,0.061049,-0.998135,0
5027,11.7833,0.11945,0.0251,13.5991,0.09435,0.056693,-0.998392,0
5028,11.8,0.118267,0.0282,13.6892,0.090067,0.052336,-0.99863,0
5029,11.8167,0.124017,0.0271,13.7861,0.096917,0.047978,-0.998848,0
5030,11.8333,0.12225,0.0265,13.8818,0.09575,0.043619,-0.999048,0
5031,11.85,0.117233,0.0248,13.9742,0.092433,0.03926,-0.999229,0
5032,11.8667,0.1206,0.0278,14.067,0.0928,0.034899,-0.999391,0
5033,11.8833,0.119317,0.0252,14.1611,0.094117,0.030539,-0.999534,0
5034,11.9,0.123183,0.0266,14.2577,0.096583,0.026177,-0.999657,0
5035,11.9167,0.117733,0.0275,14.3479,0.090233,0.021815,-0.999762,0
5036,11.9333,0.11965,0.0236,14.4439,0.09605,0.017452,-0.999848,0
5037,11.95,0.121583,0.028,14.5375,0.093583,0.01309,-0.999914,0
5038,11.9667,0.11825,0.026,14.6297,0.09225,0.008727,-0.999962,0
5039,11.9833,0.1181,0.0275,14.7203,0.0906,0.004363,-0.99999,0
5040,12.0,0.121367,0.0248,14.8169,0.096567,0.0,-1.0,0
5041,12.0167,0.121367,0.0288,14.9095,0.092567,-0.004363,-0.99999,0
5042,12.0333,0.12045,0.0259,15.0,0.09455,-0.008727,-0.999962,0
5043,12.05,0.123817,0.0272,15.0,0.096617,-0.01309,-0.999914,0
5044,12.0667,0.117917,0.0268,15.0,0.091117,-0.017452,-0.999848,0
5045,12.0833,0.12335,0.0264,15.0,0.09695,-0.021815,-0.999762,0
5046,12.1,0.121883,0.0299,15.0,0.091983,-0.026177,-0.999657,0
5047,12.1167,0.12275,0.0281,15.0,0.09465,-0.030539,-0.999534,0
5048,12.1333,0.120467,0.0262,15.0,0.094267,-0.034899,-0.999391,0
5049,12.15,0.122233,0.0288,15.0,0.093433,-0.03926,-0.999229,0
5050,12.1667,0.12065,0.0286,15.0,0.09205,-0.043619,-0.999048,0
5051,12.1833,0.122833,0.0278,15.0,0.095033,-0.047978,-0.998848,0
5052,12.2,0.117233,0.0274,15.0,0.089833,-0.052336,-0.99863,0
5053,12.2167,0.121633,0.0243,15.0,0.097333,-0.056693,-0.998392,0
5054,12.2333,0.118767,0.0278,15.0,0.090967,-0.061049,-0.998135,0
5055,12.25,0.118717,0.0249,15.0,0.093817,-0.065403,-0.997859,0
5056,12.2667,0.122933,0.0243,15.0,0.098633,-0.069756,-0.997564,0
5057,12.2833,0.122517,0.0247,15.0,0.097817,-0.074108,-0.99725,0
5058,12.3,0.11575,0.0277,15.0,0.08805,-0.078459,-0.996917,0
5059,12.3167,0.122683,0.0266,15.0,0.096083,-0.082808,-0.996566,0
5060,12.3333,0.117983,0.0273,15.0,0.090683,-0.087156,-0.996195,0
5061,12.35,0.124067,0.0277,15.0,0.096367,-0.091502,-0.995805,0
5062,12.3667,0.117317,0.0228,15.0,0.094517,-0.095846,-0.995396,0
5063,12.3833,0.119767,0.0272,15.0,0.092567,-0.100188,-0.994969,0
5064,12.4,0.117217,0.0253,15.0,0.091917,-0.104528,-0.994522,0
5065,12.4167,0.118717,0.0279,15.0,0.090817,-0.108867,-0.994056,0
5066,12.4333,0.118483,0.0258,15.0,0.092683,-0.113203,-0.993572,0
5067,12.45,0.123,0.0248,15.0,0.0982,-0.117537,-0.993068,0
5068,12.4667,0.1192,0.0258,15.0,0.0934,-0.121869,-0.992546,0
5069,12.4833,0.1163,0.0236,15.0,0.0927,-0.126199,-0.992005,0
5070,12.5,0.120983,0.0255,15.0,0.095483,-0.130526,-0.991445,0
5071,12.5167,0.119183,0.0273,15.0,0.091883,-0.134851,-0.990866,0
5072,12.5333,0.115817,0.0286,15.0,0.087217,-0.139173,-0.990268,0
5073,12.55,0.116917,0.0255,15.0,0.091417,-0.143493,-0.989651,0
5074,12.5667,0.116883,0.0259,15.0,0.090983,-0.147809,-0.989016,0
5075,12.5833,0.118217,0.0296,15.0,0.088617,-0.152123,-0.988362,0
5076,12.6,0.117833,0.0243,15.0,0.093533,-0.156434,-0.987688,0
5077,12.6167,0.114783,0.0272,15.0,0.087583,-0.160743,-0.986996,0
5078,12.6333,0.12005,0.025,15.0,0.09505,-0.165048,-0.986286,0
5079,12.65,0.117033,0.025,15.0,0.092033,-0.16935,-0.985556,0
5080,12.6667,0.11745,0.0263,15.0,0.09115,-0.173648,-0.984808,0
5081,12.6833,0.122233,0.0252,15.0,0.097033,-0.177944,-0.984041,0
5082,12.7,0.120433,0.0274,15.0,0.093033,-0.182236,-0.983255,0
5083,12.7167,0.122867,0.0275,15.0,0.095367,-0.186524,-0.98245,0
5084,12.7333,0.116933,0.0242,15.0,0.092733,-0.190809,-0.981627,0
5085,12.75,0.115733,0.0243,15.0,0.091433,-0.19509,-0.980785,0
5086,12.7667,0.11655,0.0264,15.0,0.09015,-0.199368,-0.979925,0
5087,12.7833,0.121367,0.0274,15.0,0.093967,-0.203642,-0.979045,0
5088,12.8,0.120717,0.0272,15.0,0.093517,-0.207912,-0.978148,0
5089,12.8167,0.117883,0.0268,15.0,0.091083,-0.212178,-0.977231,0
5090,12.8333,0.11405,0.0296,15.0,0.08445,-0.21644,-0.976296,0
5091,12.85,0.1213,0.0251,15.0,0.0962,-0.220697,-0.975342,0
5092,12.8667,0.11875,0.0263,15.0,0.09245,-0.224951,-0.97437,0
5093,12.8833,0.11335,0.0245,15.0,0.08885,-0.2292,-0.973379,0
5094,12.9,0.119183,0.0256,15.0,0.093583,-0.233445,-0.97237,0
5095,12.9167,0.112683,0.0282,15.0,0.084483,-0.237686,-0.971342,0
5096,12.9333,0.120783,0.028,15.0,0.092783,-0.241922,-0.970296,0
5097,12.95,0.121367,0.0262,15.0,0.095167,-0.246153,-0.969231,0
5098,12.9667,0.1156,0.0233,15.0,0.0923,-0.25038,-0.968148,0
5099,12.9833,0.119767,0.0252,15.0,0.094567,-0.254602,-0.967046,0
5100,13.0,0.114533,0.0265,15.0,0.088033,-0.258819,-0.965926,0
5101,13.0167,0.1152,0.0264,15.0,0.0888,-0.263031,-0.964787,0
5102,13.0333,0.117883,0.0253,15.0,0.092583,-0.267238,-0.96363,0
5103,13.05,0.118217,0.0252,15.0,0.093017,-0.27144,-0.962455,0
5104,13.0667,0.1165,0.0281,15.0,0.0884,-0.275637,-0.961262,0
5105,13.0833,0.113983,0.0284,15.0,0.085583,-0.279829,-0.96005,0
5106,13.1,0.11315,0.0295,15.0,0.08365,-0.284015,-0.95882,0
5107,13.1167,0.117117,0.0258,15.0,0.091317,-0.288196,-0.957571,0
5108,13.1333,0.114,0.0268,15.0,0.0872,-0.292372,-0.956305,0
5109,13.15,0.114217,0.0258,15.0,0.088417,-0.296542,-0.95502,0
5110,13.1667,0.11425,0.0269,15.0,0.08735,-0.300706,-0.953717,0
5111,13.1833,0.109867,0.0266,15.0,0.083267,-0.304864,-0.952396,0
5112,13.2,0.113367,0.0272,15.0,0.086167,-0.309017,-0.951057,0
5113,13.2167,0.1135,0.0263,15.0,0.0872,-0.313164,-0.949699,0
5114,13.2333,0.114117,0.0234,15.0,0.090717,-0.317305,-0.948324,0
5115,13.25,0.112667,0.0301,15.0,0.082567,-0.321439,-0.94693,0
5116,13.2667,0.111867,0.0256,15.0,0.086267,-0.325568,-0.945519,0
5117,13.2833,0.115817,0.0277,15.0,0.088117,-0.329691,-0.944089,0
5118,13.3,0.114717,0.0247,15.0,0.090017,-0.333807,-0.942641,0
5119,13.3167,0.110783,0.0253,15.0,0.085483,-0.337917,-0.941176,0
5120,13.3333,0.111233,0.0273,15.0,0.083933,-0.34202,-0.939693,0
5121,13.35,0.115967,0.0268,15.0,0.089167,-0.346117,-0.938191,0
5122,13.3667,0.113533,0.0278,15.0,0.085733,-0.350207,-0.936672,0
5123,13.3833,0.11285,0.0236,15.0,0.08925,-0.354291,-0.935135,0
5124,13.4,0.1135,0.0241,15.0,0.0894,-0.358368,-0.93358,0
5125,13.4167,0.110233,0.0253,15.0,0.084933,-0.362438,-0.932008,0
5126,13.4333,0.1087,0.0304,15.0,0.0783,-0.366501,-0.930418,0
5127,13.45,0.1133,0.0247,15.0,0.0886,-0.370557,-0.92881,0
5128,13.4667,0.111933,0.0269,15.0,0.085033,-0.374607,-0.927184,0
5129,13.4833,0.107967,0.0277,15.0,0.080267,-0.378649,-0.925541,0
5130,13.5,0.1136,0.0262,15.0,0.0874,-0.382683,-0.92388,0
5131,13.5167,0.111633,0.0249,15.0,0.086733,-0.386711,-0.922201,0
5132,13.5333,0.1114,0.0242,15.0,0.0872,-0.390731,-0.920505,0
5133,13.55,0.113717,0.0251,15.0,0.088617,-0.394744,-0.918791,0
5134,13.5667,0.108867,0.0292,15.0,0.079667,-0.398749,-0.91706,0
5135,13.5833,0.10805,0.0263,15.0,0.08175,-0.402747,-0.915311,0
5136,13.6,0.112317,0.0256,15.0,0.086717,-0.406737,-0.913545,0
5137,13.6167,0.112917,0.0252,15.0,0.087717,-0.410719,-0.911762,0
5138,13.6333,0.107183,0.0238,15.0,0.083383,-0.414693,-0.909961,0
5139,13.65,0.115667,0.0253,15.0,0.090367,-0.41866,-0.908143,0
5140,13.6667,0.1081,0.0239,15.0,0.0842,-0.422618,-0.906308,0
5141,13.6833,0.108717,0.0242,15.0,0.084517,-0.426569,-0.904455,0
5142,13.7,0.1072,0.0224,15.0,0.0848,-0.430511,-0.902585,0
5143,13.7167,0.107717,0.0248,15.0,0.082917,-0.434445,-0.900698,0
5144,13.7333,0.103483,0.0258,15.0,0.077683,-0.438371,-0.898794,0
5145,13.75,0.1114,0.0254,15.0,0.086,-0.442289,-0.896873,0
5146,13.7667,0.107767,0.0268,15.0,0.080967,-0.446198,-0.894934,0
5147,13.7833,0.105483,0.0291,15.0,0.076383,-0.450098,-0.892979,0
5148,13.8,0.109317,0.0272,15.0,0.082117,-0.45399,-0.891007,0
5149,13.8167,0.108167,0.0265,15.0,0.081667,-0.457874,-0.889017,0
5150,13.8333,0.105267,0.028,15.0,0.077267,-0.461749,-0.887011,0
5151,13.85,0.1005,0.0267,15.0,0.0738,-0.465615,-0.884988,0
5152,13.8667,0.107917,0.0272,15.0,0.080717,-0.469472,-0.882948,0
5153,13.8833,0.104017,0.0231,15.0,0.080917,-0.47332,-0.880891,0
5154,13.9,0.103183,0.0236,15.0,0.079583,-0.477159,-0.878817,0
5155,13.9167,0.10415,0.0292,15.0,0.07495,-0.480989,-0.876727,0
5156,13.9333,0.106533,0.0247,15.0,0.081833,-0.48481,-0.87462,0
5157,13.95,0.106267,0.0243,15.0,0.081967,-0.488621,-0.872496,0
5158,13.9667,0.102017,0.0272,15.0,0.074817,-0.492424,-0.870356,0
5159,13.9833,0.10195,0.0312,15.0,0.07075,-0.496217,-0.868199,0
5160,14.0,0.104633,0.0229,15.0,0.081733,-0.5,-0.866025,0
5161,14.0167,0.1031,0.0263,15.0,0.0768,-0.503774,-0.863836,0
5162,14.0333,0.100683,0.0244,15.0,0.076283,-0.507538,-0.861629,0
5163,14.05,0.102517,0.0269,15.0,0.075617,-0.511293,-0.859406,0
5164,14.0667,0.105617,0.0287,15.0,0.076917,-0.515038,-0.857167,0
5165,14.0833,0.100783,0.024,15.0,0.076783,-0.518773,-0.854912,0
5166,14.1,0.097667,0.0279,15.0,0.069767,-0.522499,-0.85264,0
5167,14.1167,0.103517,0.0294,15.0,0.074117,-0.526214,-0.850352,0
5168,14.1333,0.10365,0.0253,15.0,0.07835,-0.529919,-0.848048,0
5169,14.15,0.10025,0.0266,15.0,0.07365,-0.533615,-0.845728,0
5170,14.1667,0.099067,0.0279,15.0,0.071167,-0.5373,-0.843391,0
5171,14.1833,0.102983,0.0262,15.0,0.076783,-0.540974,-0.841039,0
5172,14.2,0.100383,0.0266,15.0,0.073783,-0.544639,-0.838671,0
5173,14.2167,0.104717,0.0275,15.0,0.077217,-0.548293,-0.836286,0
5174,14.2333,0.096567,0.0271,15.0,0.069467,-0.551937,-0.833886,0
5175,14.25,0.09875,0.0244,15.0,0.07435,-0.55557,-0.83147,0
5176,14.2667,0.0988,0.0237,15.0,0.0751,-0.559193,-0.829038,0
5177,14.2833,0.097883,0.0242,15.0,0.073683,-0.562805,-0.82659,0
5178,14.3,0.100933,0.0273,15.0,0.073633,-0.566406,-0.824126,0
5179,14.3167,0.101317,0.0299,15.0,0.071417,-0.569997,-0.821647,0
5180,14.3333,0.101333,0.0275,15.0,0.073833,-0.573576,-0.819152,0
5181,14.35,0.0937,0.0291,15.0,0.0646,-0.577145,-0.816642,0
5182,14.3667,0.098517,0.0241,15.0,0.074417,-0.580703,-0.814116,0
5183,14.3833,0.0971,0.029,15.0,0.0681,-0.58425,-0.811574,0
5184,14.4,0.099633,0.025,15.0,0.074633,-0.587785,-0.809017,0
5185,14.4167,0.093983,0.0275,15.0,0.066483,-0.59131,-0.806445,0
5186,14.4333,0.098333,0.0263,15.0,0.072033,-0.594823,-0.803857,0
5187,14.45,0.094867,0.0301,15.0,0.064767,-0.598325,-0.801254,0
5188,14.4667,0.098317,0.0278,15.0,0.070517,-0.601815,-0.798636,0
5189,14.4833,0.097717,0.0279,15.0,0.069817,-0.605294,-0.796002,0
5190,14.5,0.101267,0.0237,15.0,0.077567,-0.608761,-0.793353,0
5191,14.5167,0.092733,0.0252,15.0,0.067533,-0.612217,-0.79069,0
5192,14.5333,0.095883,0.0284,15.0,0.067483,-0.615661,-0.788011,0
5193,14.55,0.093217,0.0243,15.0,0.068917,-0.619094,-0.785317,0
5194,14.5667,0.09365,0.0252,15.0,0.06845,-0.622515,-0.782608,0
5195,14.5833,0.093383,0.0266,15.0,0.066783,-0.625923,-0.779884,0
5196,14.6,0.096983,0.028,15.0,0.068983,-0.62932,-0.777146,0
5197,14.6167,0.0896,0.0281,15.0,0.0615,-0.632705,-0.774393,0
5198,14.6333,0.092,0.0247,15.0,0.0673,-0.636078,-0.771625,0
5199,14.65,0.092867,0.0237,15.0,0.069167,-0.639439,-0.768842,0
5200,14.6667,0.0946,0.0245,15.0,0.0701,-0.642788,-0.766044,0
5201,14.6833,0.091717,0.0256,15.0,0.066117,-0.646124,-0.763232,0
5202,14.7,0.093367,0.0253,15.0,0.068067,-0.649448,-0.760406,0
5203,14.7167,0.08905,0.0245,15.0,0.06455,-0.65276,-0.757565,0
5204,14.7333,0.0933,0.0256,15.0,0.0677,-0.656059,-0.75471,0
5205,14.75,0.088133,0.0284,15.0,0.059733,-0.659346,-0.75184,0
5206,14.7667,0.089067,0.0265,15.0,0.062567,-0.66262,-0.748956,0
5207,14.7833,0.089733,0.0249,15.0,0.064833,-0.665882,-0.746057,0
5208,14.8,0.08605,0.0275,15.0,0.05855,-0.669131,-0.743145,0
5209,14.8167,0.089717,0.0252,15.0,0.064517,-0.672367,-0.740218,0
5210,14.8333,0.0885,0.0237,15.0,0.0648,-0.67559,-0.737277,0
5211,14.85,0.085167,0.0227,15.0,0.062467,-0.678801,-0.734323,0
5212,14.8667,0.088667,0.0253,15.0,0.063367,-0.681998,-0.731354,0
5213,14.8833,0.08545,0.0289,15.0,0.05655,-0.685183,-0.728371,0
5214,14.9,0.086467,0.0292,15.0,0.057267,-0.688355,-0.725374,0
5215,14.9167,0.089033,0.03,15.0,0.059033,-0.691513,-0.722364,0
5216,14.9333,0.0849,0.0264,15.0,0.0585,-0.694658,-0.71934,0
5217,14.95,0.0841,0.0259,15.0,0.0582,-0.69779,-0.716302,0
5218,14.9667,0.083333,0.0258,15.0,0.057533,-0.700909,-0.71325,0
5219,14.9833,0.08485,0.0237,15.0,0.06115,-0.704015,-0.710185,0
5220,15.0,0.08555,0.0266,15.0,0.05895,-0.707107,-0.707107,0
5221,15.0167,0.085633,0.0243,15.0,0.061333,-0.710185,-0.704015,0
5222,15.0333,0.08575,0.0275,15.0,0.05825,-0.71325,-0.700909,0
5223,15.05,0.08345,0.0278,15.0,0.05565,-0.716302,-0.69779,0
5224,15.0667,0.085,0.0259,15.0,0.0591,-0.71934,-0.694658,0
5225,15.0833,0.081833,0.027,15.0,0.054833,-0.722364,-0.691513,0
5226,15.1,0.084167,0.0282,15.0,0.055967,-0.725374,-0.688355,0
5227,15.1167,0.081433,0.0264,15.0,0.055033,-0.728371,-0.685183,0
5228,15.1333,0.07875,0.0223,15.0,0.05645,-0.731354,-0.681998,0
5229,15.15,0.081283,0.0274,15.0,0.053883,-0.734323,-0.678801,0
5230,15.1667,0.08045,0.0275,15.0,0.05295,-0.737277,-0.67559,0
5231,15.1833,0.079483,0.0312,15.0,0.048283,-0.740218,-0.672367,0
5232,15.2,0.078783,0.0284,15.0,0.050383,-0.743145,-0.669131,0
5233,15.2167,0.076933,0.0235,15.0,0.053433,-0.746057,-0.665882,0
5234,15.2333,0.0764,0.0244,15.0,0.052,-0.748956,-0.66262,0
5235,15.25,0.082367,0.0234,15.0,0.058967,-0.75184,-0.659346,0
5236,15.2667,0.07555,0.0275,15.0,0.04805,-0.75471,-0.656059,0
5237,15.2833,0.0787,0.0271,15.0,0.0516,-0.757565,-0.65276,0
5238,15.3,0.078317,0.0256,15.0,0.052717,-0.760406,-0.649448,0
5239,15.3167,0.08035,0.0274,15.0,0.05295,-0.763232,-0.646124,0
5240,15.3333,0.077267,0.0261,15.0,0.051167,-0.766044,-0.642788,0
5241,15.35,0.078067,0.0262,15.0,0.051867,-0.768842,-0.639439,0
5242,15.3667,0.076567,0.0246,15.0,0.051967,-0.771625,-0.636078,0
5243,15.3833,0.080683,0.0268,15.0,0.053883,-0.774393,-0.632705,0
5244,15.4,0.076083,0.0236,15.0,0.052483,-0.777146,-0.62932,0
5245,15.4167,0.07225,0.024,15.0,0.04825,-0.779884,-0.625923,0
5246,15.4333,0.077683,0.0268,15.0,0.050883,-0.782608,-0.622515,0
5247,15.45,0.07585,0.0271,15.0,0.04875,-0.785317,-0.619094,0
5248,15.4667,0.06935,0.0262,15.0,0.04315,-0.788011,-0.615661,0
5249,15.4833,0.071517,0.0302,15.0,0.041317,-0.79069,-0.612217,0
5250,15.5,0.073433,0.0253,15.0,0.048133,-0.793353,-0.608761,0
5251,15.5167,0.072867,0.0265,15.0,0.046367,-0.796002,-0.605294,0
5252,15.5333,0.0765,0.0235,15.0,0.053,-0.798636,-0.601815,0
5253,15.55,0.074367,0.0233,15.0,0.051067,-0.801254,-0.598325,0
5254,15.5667,0.072567,0.0235,15.0,0.049067,-0.803857,-0.594823,0
5255,15.5833,0.072083,0.0241,15.0,0.047983,-0.806445,-0.59131,0
5256,15.6,0.066417,0.0269,15.0,0.039517,-0.809017,-0.587785,0
5257,15.6167,0.0715,0.028,15.0,0.0435,-0.811574,-0.58425,0
5258,15.6333,0.07045,0.0237,15.0,0.04675,-0.814116,-0.580703,0
5259,15.65,0.068133,0.0273,15.0,0.040833,-0.816642,-0.577145,0
5260,15.6667,0.067933,0.0262,15.0,0.041733,-0.819152,-0.573576,0
5261,15.6833,0.070333,0.0316,15.0,0.038733,-0.821647,-0.569997,0
5262,15.7,0.065183,0.0246,15.0,0.040583,-0.824126,-0.566406,0
5263,15.7167,0.075417,0.0304,15.0,0.045017,-0.82659,-0.562805,0
5264,15.7333,0.066017,0.0276,15.0,0.038417,-0.829038,-0.559193,0
5265,15.75,0.067367,0.0227,15.0,0.044667,-0.83147,-0.55557,0
5266,15.7667,0.06735,0.028,15.0,0.03935,-0.833886,-0.551937,0
5267,15.7833,0.063683,0.0282,15.0,0.035483,-0.836286,-0.548293,0
5268,15.8,0.064117,0.0282,15.0,0.035917,-0.838671,-0.544639,0
5269,15.8167,0.059383,0.0247,15.0,0.034683,-0.841039,-0.540974,0
5270,15.8333,0.0619,0.0267,15.0,0.0352,-0.843391,-0.5373,0
5271,15.85,0.062767,0.0236,15.0,0.039167,-0.845728,-0.533615,0
5272,15.8667,0.069083,0.0241,15.0,0.044983,-0.848048,-0.529919,0
5273,15.8833,0.059933,0.0249,15.0,0.035033,-0.850352,-0.526214,0
5274,15.9,0.06535,0.0264,15.0,0.03895,-0.85264,-0.522499,0
5275,15.9167,0.063083,0.0233,15.0,0.039783,-0.854912,-0.518773,0
5276,15.9333,0.062983,0.029,15.0,0.033983,-0.857167,-0.515038,0
5277,15.95,0.062183,0.0263,15.0,0.035883,-0.859406,-0.511293,0
5278,15.9667,0.06275,0.0241,15.0,0.03865,-0.861629,-0.507538,0
5279,15.9833,0.06535,0.0265,15.0,0.03885,-0.863836,-0.503774,0
5280,16.0,0.061933,0.0234,15.0,0.038533,-0.866025,-0.5,0
5281,16.0167,0.060833,0.0242,15.0,0.036633,-0.868199,-0.496217,0
5282,16.0333,0.057417,0.0208,15.0,0.036617,-0.870356,-0.492424,0
5283,16.05,0.056767,0.0267,15.0,0.030067,-0.872496,-0.488621,0
5284,16.0667,0.054367,0.0249,15.0,0.029467,-0.87462,-0.48481,0
5285,16.0833,0.0524,0.0264,15.0,0.026,-0.876727,-0.480989,0
5286,16.1,0.061633,0.028,15.0,0.033633,-0.878817,-0.477159,0
5287,16.1167,0.0586,0.0247,15.0,0.0339,-0.880891,-0.47332,0
5288,16.1333,0.053833,0.0256,15.0,0.028233,-0.882948,-0.469472,0
5289,16.15,0.053767,0.0282,15.0,0.025567,-0.884988,-0.465615,0
5290,16.1667,0.0585,0.0271,15.0,0.0314,-0.887011,-0.461749,0
5291,16.1833,0.05525,0.027,15.0,0.02825,-0.889017,-0.457874,0
5292,16.2,0.054367,0.0294,15.0,0.024967,-0.891007,-0.45399,0
5293,16.2167,0.054617,0.0259,15.0,0.028717,-0.892979,-0.450098,0
5294,16.2333,0.05105,0.0286,15.0,0.02245,-0.894934,-0.446198,0
5295,16.25,0.0535,0.0273,15.0,0.0262,-0.896873,-0.442289,0
5296,16.2667,0.051033,0.0262,15.0,0.024833,-0.898794,-0.438371,0
5297,16.2833,0.051033,0.0242,15.0,0.026833,-0.900698,-0.434445,0
5298,16.3,0.05345,0.026,15.0,0.02745,-0.902585,-0.430511,0
5299,16.3167,0.04895,0.0257,15.0,0.02325,-0.904455,-0.426569,0
5300,16.3333,0.051633,0.0274,15.0,0.024233,-0.906308,-0.422618,0
5301,16.35,0.050117,0.0282,15.0,0.021917,-0.908143,-0.41866,0
5302,16.3667,0.0476,0.0267,15.0,0.0209,-0.909961,-0.414693,0
5303,16.3833,0.049683,0.0247,15.0,0.024983,-0.911762,-0.410719,0
5304,16.4,0.047283,0.0304,15.0,0.016883,-0.913545,-0.406737,0
5305,16.4167,0.049083,0.0258,15.0,0.023283,-0.915311,-0.402747,0
5306,16.4333,0.046783,0.0257,15.0,0.021083,-0.91706,-0.398749,0
5307,16.45,0.05045,0.0224,15.0,0.02805,-0.918791,-0.394744,0
5308,16.4667,0.051883,0.0246,15.0,0.027283,-0.920505,-0.390731,0
5309,16.4833,0.046233,0.0249,15.0,0.021333,-0.922201,-0.386711,0
5310,16.5,0.048983,0.0265,15.0,0.022483,-0.92388,-0.382683,0
5311,16.5167,0.04665,0.0262,15.0,0.02045,-0.925541,-0.378649,0
5312,16.5333,0.047567,0.0276,15.0,0.019967,-0.927184,-0.374607,0
5313,16.55,0.045683,0.0257,15.0,0.019983,-0.92881,-0.370557,0
5314,16.5667,0.046733,0.0278,15.0,0.018933,-0.930418,-0.366501,0
5315,16.5833,0.041183,0.0272,15.0,0.013983,-0.932008,-0.362438,0
5316,16.6,0.04115,0.0261,15.0,0.01505,-0.93358,-0.358368,0
5317,16.6167,0.040967,0.0255,15.0,0.015467,-0.935135,-0.354291,0
5318,16.6333,0.03905,0.0296,15.0,0.00945,-0.936672,-0.350207,0
5319,16.65,0.040683,0.028,15.0,0.012683,-0.938191,-0.346117,0
5320,16.6667,0.044617,0.0248,15.0,0.019817,-0.939693,-0.34202,0
5321,16.6833,0.038467,0.027,15.0,0.011467,-0.941176,-0.337917,0
5322,16.7,0.041517,0.0215,15.0,0.020017,-0.942641,-0.333807,0
5323,16.7167,0.042383,0.0258,15.0,0.016583,-0.944089,-0.329691,0
5324,16.7333,0.0379,0.0278,15.0,0.0101,-0.945519,-0.325568,0
5325,16.75,0.03845,0.0293,15.0,0.00915,-0.94693,-0.321439,0
5326,16.7667,0.033283,0.0269,15.0,0.006383,-0.948324,-0.317305,0
5327,16.7833,0.0385,0.024,15.0,0.0145,-0.949699,-0.313164,0
5328,16.8,0.0367,0.0247,15.0,0.012,-0.951057,-0.309017,0
5329,16.8167,0.036567,0.0275,15.0,0.009067,-0.952396,-0.304864,0
5330,16.8333,0.03455,0.027,15.0,0.00755,-0.953717,-0.300706,0
5331,16.85,0.035433,0.0264,15.0,0.009033,-0.95502,-0.296542,0
5332,16.8667,0.036083,0.023,15.0,0.013083,-0.956305,-0.292372,0
5333,16.8833,0.034783,0.0275,15.0,0.007283,-0.957571,-0.288196,0
5334,16.9,0.035933,0.0255,15.0,0.010433,-0.95882,-0.284015,0
5335,16.9167,0.0289,0.026,15.0,0.0029,-0.96005,-0.279829,0
5336,16.9333,0.035983,0.0264,15.0,0.009583,-0.961262,-0.275637,0
5337,16.95,0.030483,0.0256,15.0,0.004883,-0.962455,-0.27144,0
5338,16.9667,0.036417,0.0247,15.0,0.011717,-0.96363,-0.267238,0
5339,16.9833,0.031967,0.0288,15.0,0.003167,-0.964787,-0.263031,0
5340,17.0,0.026983,0.027,15.0,-1.7e-05,-0.965926,-0.258819,0
5341,17.0167,0.02815,0.0286,14.9995,-0.00045,-0.967046,-0.254602,0
5342,17.0333,0.032867,0.0279,15.0,0.004967,-0.968148,-0.25038,0
5343,17.05,0.031233,0.0236,15.0,0.007633,-0.969231,-0.246153,0
5344,17.0667,0.026833,0.0246,15.0,0.002233,-0.970296,-0.241922,0
5345,17.0833,0.028117,0.0302,14.9979,-0.002083,-0.971342,-0.237686,0
5346,17.1,0.024567,0.0276,14.9949,-0.003033,-0.97237,-0.233445,0
5347,17.1167,0.029633,0.0296,14.9949,3.3e-05,-0.973379,-0.2292,0
5348,17.1333,0.024867,0.0238,14.996,0.001067,-0.97437,-0.224951,0
5349,17.15,0.0242,0.0232,14.997,0.001,-0.975342,-0.220697,0
5350,17.1667,0.026733,0.0248,14.9989,0.001933,-0.976296,-0.21644,0
5351,17.1833,0.02235,0.0245,14.9968,-0.00215,-0.977231,-0.212178,0
5352,17.2,0.025233,0.0256,14.9964,-0.000367,-0.978148,-0.207912,0
5353,17.2167,0.02475,0.0287,14.9924,-0.00395,-0.979045,-0.203642,0
5354,17.2333,0.0238,0.0261,14.9901,-0.0023,-0.979925,-0.199368,0
5355,17.25,0.02225,0.0279,14.9844,-0.00565,-0.980785,-0.19509,0
5356,17.2667,0.018783,0.0291,14.9741,-0.010317,-0.981627,-0.190809,0
5357,17.2833,0.023983,0.0257,14.9724,-0.001717,-0.98245,-0.186524,0
5358,17.3,0.024467,0.0284,14.9685,-0.003933,-0.983255,-0.182236,0
5359,17.3167,0.0218,0.0255,14.9648,-0.0037,-0.984041,-0.177944,0
5360,17.3333,0.021683,0.0258,14.9607,-0.004117,-0.984808,-0.173648,0
5361,17.35,0.016883,0.0282,14.9494,-0.011317,-0.985556,-0.16935,0
5362,17.3667,0.020733,0.0268,14.9433,-0.006067,-0.986286,-0.165048,0
5363,17.3833,0.018117,0.026,14.9354,-0.007883,-0.986996,-0.160743,0
5364,17.4,0.02125,0.026,14.9306,-0.00475,-0.987688,-0.156434,0
5365,17.4167,0.016067,0.0272,14.9195,-0.011133,-0.988362,-0.152123,0
5366,17.4333,0.015933,0.0263,14.9091,-0.010367,-0.989016,-0.147809,0
5367,17.45,0.0213,0.0225,14.9079,-0.0012,-0.989651,-0.143493,0
5368,17.4667,0.0156,0.0283,14.8952,-0.0127,-0.990268,-0.139173,0
5369,17.4833,0.010333,0.0238,14.8817,-0.013467,-0.990866,-0.134851,0
5370,17.5,0.013683,0.071,14.8244,-0.057317,-0.991445,-0.130526,0
5371,17.5167,0.012417,0.0732,14.7636,-0.060783,-0.992005,-0.126199,0
5372,17.5333,0.01475,0.0719,14.7065,-0.05715,-0.992546,-0.121869,0
5373,17.55,0.017717,0.0752,14.649,-0.057483,-0.993068,-0.117537,0
5374,17.5667,0.01125,0.0728,14.5874,-0.06155,-0.993572,-0.113203,0
5375,17.5833,0.011417,0.0733,14.5255,-0.061883,-0.994056,-0.108867,0
5376,17.6,0.011517,0.0756,14.4614,-0.064083,-0.994522,-0.104528,0
5377,17.6167,0.0102,0.0734,14.3982,-0.0632,-0.994969,-0.100188,0
5378,17.6333,0.013933,0.0733,14.3388,-0.059367,-0.995396,-0.095846,0
5379,17.65,0.009517,0.0754,14.2729,-0.065883,-0.995805,-0.091502,0
5380,17.6667,0.009917,0.0782,14.2046,-0.068283,-0.996195,-0.087156,0
5381,17.6833,0.008217,0.0731,14.1397,-0.064883,-0.996566,-0.082808,0
5382,17.7,0.007917,0.075,14.0726,-0.067083,-0.996917,-0.078459,0
5383,17.7167,0.013133,0.075,14.0107,-0.061867,-0.99725,-0.074108,0
5384,17.7333,0.006533,0.0734,13.9438,-0.066867,-0.997564,-0.069756,0
5385,17.75,0.00785,0.0754,13.8762,-0.06755,-0.997859,-0.065403,0
5386,17.7667,0.0089,0.0777,13.8074,-0.0688,-0.998135,-0.061049,0
5387,17.7833,0.005217,0.0757,13.7369,-0.070483,-0.998392,-0.056693,0
5388,17.8,0.006233,0.0719,13.6712,-0.065667,-0.99863,-0.052336,0
5389,17.8167,0.011733,0.0738,13.6091,-0.062067,-0.998848,-0.047978,0
5390,17.8333,0.0,0.0752,13.5339,-0.0752,-0.999048,-0.043619,0
5391,17.85,0.006367,0.0753,13.465,-0.068933,-0.999229,-0.03926,0
5392,17.8667,0.003633,0.0768,13.3918,-0.073167,-0.999391,-0.034899,0
5393,17.8833,0.004317,0.071,13.3251,-0.066683,-0.999534,-0.030539,0
5394,17.9,0.0,0.0732,13.2519,-0.0732,-0.999657,-0.026177,0
5395,17.9167,0.0022,0.0772,13.1769,-0.075,-0.999762,-0.021815,0
5396,17.9333,0.0,0.0695,13.1074,-0.0695,-0.999848,-0.017452,0
5397,17.95,0.0,0.0739,13.0335,-0.0739,-0.999914,-0.01309,0
5398,17.9667,0.00455,0.0761,12.9619,-0.07155,-0.999962,-0.008727,0
5399,17.9833,0.0,0.075,12.8869,-0.075,-0.99999,-0.004363,0
5400,18.0,0.004133,0.1049,12.7861,-0.100767,-1.0,-0.0,0
5401,18.0167,0.0,0.1105,12.6756,-0.1105,-0.99999,0.004363,0
5402,18.0333,0.0,0.1071,12.5685,-0.1071,-0.999962,0.008727,0
5403,18.05,0.0,0.1058,12.4627,-0.1058,-0.999914,0.01309,0
5404,18.0667,0.0,0.1078,12.3549,-0.1078,-0.999848,0.017452,0
5405,18.0833,0.0,0.1066,12.2483,-0.1066,-0.999762,0.021815,0
5406,18.1,0.0,0.1068,12.1415,-0.1068,-0.999657,0.026177,0
5407,18.1167,0.0,0.108,12.0335,-0.108,-0.999534,0.030539,0
5408,18.1333,0.0,0.1096,11.9239,-0.1096,-0.999391,0.034899,0
5409,18.15,0.0,0.1103,11.8136,-0.1103,-0.999229,0.03926,0
5410,18.1667,0.0,0.1098,11.7038,-0.1098,-0.999048,0.043619,0
5411,18.1833,0.0,0.1095,11.5943,-0.1095,-0.998848,0.047978,0
5412,18.2,0.0,0.1095,11.4848,-0.1095,-0.99863,0.052336,0
5413,18.2167,0.0,0.1088,11.376,-0.1088,-0.998392,0.056693,0
5414,18.2333,0.0,0.1077,11.2683,-0.1077,-0.998135,0.061049,0
5415,18.25,0.0,0.1066,11.1617,-0.1066,-0.997859,0.065403,0
5416,18.2667,0.0,0.1084,11.0533,-0.1084,-0.997564,0.069756,0
5417,18.2833,0.0,0.1087,10.9446,-0.1087,-0.99725,0.074108,0
5418,18.3,0.0,0.1085,10.8361,-0.1085,-0.996917,0.078459,0
5419,18.3167,0.0,0.1073,10.7288,-0.1073,-0.996566,0.082808,0
5420,18.3333,0.0,0.1108,10.618,-0.1108,-0.996195,0.087156,0
5421,18.35,0.0,0.1088,10.5092,-0.1088,-0.995805,0.091502,0
5422,18.3667,0.0,0.105,10.4042,-0.105,-0.995396,0.095846,0
5423,18.3833,0.0,0.107,10.2972,-0.107,-0.994969,0.100188,0
5424,18.4,0.0,0.1064,10.1908,-0.1064,-0.994522,0.104528,0
5425,18.4167,0.0,0.1086,10.0822,-0.1086,-0.994056,0.108867,0
5426,18.4333,0.0,0.1085,9.9737,-0.1085,-0.993572,0.113203,0
5427,18.45,0.0,0.1078,9.8659,-0.1078,-0.993068,0.117537,0
5428,18.4667,0.0,0.1085,9.7574,-0.1085,-0.992546,0.121869,0
5429,18.4833,0.0,0.1074,9.65,-0.1074,-0.992005,0.126199,0
5430,18.5,0.0,0.1076,9.5424,-0.1076,-0.991445,0.130526,0
5431,18.5167,0.0,0.1082,9.4342,-0.1082,-0.990866,0.134851,0
5432,18.5333,0.0,0.1079,9.3263,-0.1079,-0.990268,0.139173,0
5433,18.55,0.0,0.1111,9.2152,-0.1111,-0.989651,0.143493,0
5434,18.5667,0.0,0.1074,9.1078,-0.1074,-0.989016,0.147809,0
5435,18.5833,0.0,0.1062,9.0016,-0.1062,-0.988362,0.152123,0
5436,18.6,0.0,0.11,8.8916,-0.11,-0.987688,0.156434,0
5437,18.6167,0.0,0.1029,8.7887,-0.1029,-0.986996,0.160743,0
5438,18.6333,0.0,0.108,8.6807,-0.108,-0.986286,0.165048,0
5439,18.65,0.0,0.1058,8.5749,-0.1058,-0.985556,0.16935,0
5440,18.6667,0.0,0.1116,8.4633,-0.1116,-0.984808,0.173648,0
5441,18.6833,0.0,0.0568,8.4065,-0.0568,-0.984041,0.177944,0
5442,18.7,0.0,0.0578,8.3487,-0.0578,-0.983255,0.182236,0
5443,18.7167,0.0,0.0608,8.2879,-0.0608,-0.98245,0.186524,0
5444,18.7333,0.0,0.0591,8.2288,-0.0591,-0.981627,0.190809,0
5445,18.75,0.0,0.0593,8.1695,-0.0593,-0.980785,0.19509,0
5446,18.7667,0.0,0.0596,8.1099,-0.0596,-0.979925,0.199368,0
5447,18.7833,0.0,0.061,8.0489,-0.061,-0.979045,0.203642,0
5448,18.8,0.0,0.0592,7.9897,-0.0592,-0.978148,0.207912,0
5449,18.8167,0.0,0.0627,7.927,-0.0627,-0.977231,0.212178,0
5450,18.8333,0.0,0.0585,7.8685,-0.0585,-0.976296,0.21644,0
5451,18.85,0.0,0.0612,7.8073,-0.0612,-0.975342,0.220697,0
5452,18.8667,0.0,0.0615,7.7458,-0.0615,-0.97437,0.224951,0
5453,18.8833,0.0,0.0587,7.6871,-0.0587,-0.973379,0.2292,0
5454,18.9,0.0,0.0608,7.6263,-0.0608,-0.97237,0.233445,0
5455,18.9167,0.0,0.0574,7.5689,-0.0574,-0.971342,0.237686,0
5456,18.9333,0.0,0.0611,7.5078,-0.0611,-0.970296,0.241922,0
5457,18.95,0.0,0.0604,7.4474,-0.0604,-0.969231,0.246153,0
5458,18.9667,0.0,0.0624,7.385,-0.0624,-0.968148,0.25038,0
5459,18.9833,0.0,0.0615,7.3235,-0.0615,-0.967046,0.254602,0
5460,19.0,0.0,0.0631,7.2604,-0.0631,-0.965926,0.258819,0
5461,19.0167,0.0,0.0617,7.1987,-0.0617,-0.964787,0.263031,0
5462,19.0333,0.0,0.0602,7.1385,-0.0602,-0.96363,0.267238,0
5463,19.05,0.0,0.0615,7.077,-0.0615,-0.962455,0.27144,0
5464,19.0667,0.0,0.0606,7.0164,-0.0606,-0.961262,0.275637,0
5465,19.0833,0.0,0.0588,6.9576,-0.0588,-0.96005,0.279829,0
5466,19.1,0.0,0.0618,6.8958,-0.0618,-0.95882,0.284015,0
5467,19.1167,0.0,0.0614,6.8344,-0.0614,-0.957571,0.288196,0
5468,19.1333,0.0,0.059,6.7754,-0.059,-0.956305,0.292372,0
5469,19.15,0.0,0.0621,6.7133,-0.0621,-0.95502,0.296542,0
5470,19.1667,0.0,0.0588,6.6545,-0.0588,-0.953717,0.300706,0
5471,19.1833,0.0,0.0604,6.5941,-0.0604,-0.952396,0.304864,0
5472,19.2,0.0,0.057,6.5371,-0.057,-0.951057,0.309017,0
5473,19.2167,0.0,0.0602,6.4769,-0.0602,-0.949699,0.313164,0
5474,19.2333,0.0,0.0588,6.4181,-0.0588,-0.948324,0.317305,0
5475,19.25,0.0,0.0595,6.3586,-0.0595,-0.94693,0.321439,0
5476,19.2667,0.0,0.0599,6.2987,-0.0599,-0.945519,0.325568,0
5477,19.2833,0.0,0.059,6.2397,-0.059,-0.944089,0.329691,0
5478,19.3,0.0,0.0579,6.1818,-0.0579,-0.942641,0.333807,0
5479,19.3167,0.0,0.0636,6.1182,-0.0636,-0.941176,0.337917,0
5480,19.3333,0.0,0.0588,6.0594,-0.0588,-0.939693,0.34202,0
5481,19.35,0.0,0.0597,5.9997,-0.0597,-0.938191,0.346117,0
5482,19.3667,0.0,0.0605,5.9392,-0.0605,-0.936672,0.350207,0
5483,19.3833,0.0,0.0601,5.8791,-0.0601,-0.935135,0.354291,0
5484,19.4,0.0,0.0577,5.8214,-0.0577,-0.93358,0.358368,0
5485,19.4167,0.0,0.0634,5.758,-0.0634,-0.932008,0.362438,0
5486,19.4333,0.0,0.0587,5.6993,-0.0587,-0.930418,0.366501,0
5487,19.45,0.0,0.0609,5.6384,-0.0609,-0.92881,0.370557,0
5488,19.4667,0.0,0.0606,5.5778,-0.0606,-0.927184,0.374607,0
5489,19.4833,0.0,0.0549,5.5229,-0.0549,-0.925541,0.378649,0
5490,19.5,0.0,0.0629,5.46,-0.0629,-0.92388,0.382683,0
5491,19.5167,0.0,0.0626,5.3974,-0.0626,-0.922201,0.386711,0
5492,19.5333,0.0,0.0615,5.3359,-0.0615,-0.920505,0.390731,0
5493,19.55,0.0,0.0604,5.2755,-0.0604,-0.918791,0.394744,0
5494,19.5667,0.0,0.061,5.2145,-0.061,-0.91706,0.398749,0
5495,19.5833,0.0,0.0587,5.1558,-0.0587,-0.915311,0.402747,0
5496,19.6,0.0,0.0608,5.095,-0.0608,-0.913545,0.406737,0
5497,19.6167,0.0,0.0609,5.0341,-0.0609,-0.911762,0.410719,0
5498,19.6333,0.0,0.0605,4.9736,-0.0605,-0.909961,0.414693,0
5499,19.65,0.0,0.0607,4.9129,-0.0607,-0.908143,0.41866,0
5500,19.6667,0.0,0.0576,4.8553,-0.0576,-0.906308,0.422618,0
5501,19.6833,0.0,0.0607,4.7946,-0.0607,-0.904455,0.426569,0
5502,19.7,0.0,0.0598,4.7348,-0.0598,-0.902585,0.430511,0
5503,19.7167,0.0,0.0638,4.671,-0.0638,-0.900698,0.434445,0
5504,19.7333,0.0,0.0566,4.6144,-0.0566,-0.898794,0.438371,0
5505,19.75,0.0,0.0604,4.554,-0.0604,-0.896873,0.442289,0
5506,19.7667,0.0,0.0627,4.4913,-0.0627,-0.894934,0.446198,0
5507,19.7833,0.0,0.0624,4.4289,-0.0624,-0.892979,0.450098,0
5508,19.8,0.0,0.0616,4.3673,-0.0616,-0.891007,0.45399,0
5509,19.8167,0.0,0.0612,4.3061,-0.0612,-0.889017,0.457874,0
5510,19.8333,0.0,0.0603,4.2458,-0.0603,-0.887011,0.461749,0
5511,19.85,0.0,0.0591,4.1867,-0.0591,-0.884988,0.465615,0
5512,19.8667,0.0,0.0572,4.1295,-0.0572,-0.882948,0.469472,0
5513,19.8833,0.0,0.0595,4.07,-0.0595,-0.880891,0.47332,0
5514,19.9,0.0,0.0598,4.0102,-0.0598,-0.878817,0.477159,0
5515,19.9167,0.0,0.058,3.9522,-0.058,-0.876727,0.480989,0
5516,19.9333,0.0,0.0604,3.8918,-0.0604,-0.87462,0.48481,0
5517,19.95,0.0,0.0568,3.835,-0.0568,-0.872496,0.488621,0
5518,19.9667,0.0,0.058,3.777,-0.058,-0.870356,0.492424,0
5519,19.9833,0.0,0.0585,3.7185,-0.0585,-0.868199,0.496217,0
5520,20.0,0.0,0.0608,3.6577,-0.0608,-0.866025,0.5,0
5521,20.0167,0.0,0.0603,3.5974,-0.0603,-0.863836,0.503774,0
5522,20.0333,0.0,0.059,3.5384,-0.059,-0.861629,0.507538,0
5523,20.05,0.0,0.0617,3.4767,-0.0617,-0.859406,0.511293,0
5524,20.0667,0.0,0.0614,3.4153,-0.0614,-0.857167,0.515038,0
5525,20.0833,0.0,0.0607,3.3546,-0.0607,-0.854912,0.518773,0
5526,20.1,0.0,0.0629,3.2917,-0.0629,-0.85264,0.522499,0
5527,20.1167,0.0,0.0568,3.2349,-0.0568,-0.850352,0.526214,0
5528,20.1333,0.0,0.0601,3.1748,-0.0601,-0.848048,0.529919,0
5529,20.15,0.0,0.0625,3.1123,-0.0625,-0.845728,0.533615,0
5530,20.1667,0.0,0.0605,3.0518,-0.0605,-0.843391,0.5373,0
5531,20.1833,0.0,0.0616,2.9902,-0.0616,-0.841039,0.540974,0
5532,20.2,0.0,0.058,2.9322,-0.058,-0.838671,0.544639,0
5533,20.2167,0.0,0.0607,2.8715,-0.0607,-0.836286,0.548293,0
5534,20.2333,0.0,0.0592,2.8123,-0.0592,-0.833886,0.551937,0
5535,20.25,0.0,0.061,2.7513,-0.061,-0.83147,0.55557,0
5536,20.2667,0.0,0.0632,2.6881,-0.0632,-0.829038,0.559193,0
5537,20.2833,0.0,0.0583,2.6298,-0.0583,-0.82659,0.562805,0
5538,20.3,0.0,0.0593,2.5705,-0.0593,-0.824126,0.566406,0
5539,20.3167,0.0,0.0619,2.5086,-0.0619,-0.821647,0.569997,0
5540,20.3333,0.0,0.0654,2.4432,-0.0654,-0.819152,0.573576,0
5541,20.35,0.0,0.0595,2.3837,-0.0595,-0.816642,0.577145,0
5542,20.3667,0.0,0.0634,2.3203,-0.0634,-0.814116,0.580703,0
5543,20.3833,0.0,0.0607,2.2596,-0.0607,-0.811574,0.58425,0
5544,20.4,0.0,0.0604,2.1992,-0.0604,-0.809017,0.587785,0
5545,20.4167,0.0,0.059,2.1402,-0.059,-0.806445,0.59131,0
5546,20.4333,0.0,0.0571,2.0831,-0.0571,-0.803857,0.594823,0
5547,20.45,0.0,0.059,2.0241,-0.059,-0.801254,0.598325,0
5548,20.4667,0.0,0.0609,1.9632,-0.0609,-0.798636,0.601815,0
5549,20.4833,0.0,0.0578,1.9054,-0.0578,-0.796002,0.605294,0
5550,20.5,0.0,0.0612,1.8442,-0.0612,-0.793353,0.608761,0
5551,20.5167,0.0,0.0592,1.785,-0.0592,-0.79069,0.612217,0
5552,20.5333,0.0,0.0634,1.7216,-0.0634,-0.788011,0.615661,0
5553,20.55,0.0,0.0604,1.6612,-0.0604,-0.785317,0.619094,0
5554,20.5667,0.0,0.0631,1.5981,-0.0631,-0.782608,0.622515,0
5555,20.5833,0.0,0.0586,1.5395,-0.0586,-0.779884,0.625923,0
5556,20.6,0.0,0.0617,1.4778,-0.0617,-0.777146,0.62932,0
5557,20.6167,0.0,0.0614,1.4164,-0.0614,-0.774393,0.632705,0
5558,20.6333,0.0,0.0611,1.3553,-0.0611,-0.771625,0.636078,0
5559,20.65,0.0,0.0555,1.2998,-0.0555,-0.768842,0.639439,0
5560,20.6667,0.0,0.061,1.2388,-0.061,-0.766044,0.642788,0
5561,20.6833,0.0,0.0571,1.1817,-0.0571,-0.763232,0.646124,0
5562,20.7,0.0,0.0612,1.1205,-0.0612,-0.760406,0.649448,0
5563,20.7167,0.0,0.0618,1.0587,-0.0618,-0.757565,0.65276,0
5564,20.7333,0.0,0.0591,0.9996,-0.0591,-0.75471,0.656059,0
5565,20.75,0.0,0.0578,0.9418,-0.0578,-0.75184,0.659346,0
5566,20.7667,0.0,0.0572,0.8846,-0.0572,-0.748956,0.66262,0
5567,20.7833,0.0,0.0589,0.8257,-0.0589,-0.746057,0.665882,0
5568,20.8,0.0,0.0596,0.7661,-0.0596,-0.743145,0.669131,0
5569,20.8167,0.0,0.0602,0.7059,-0.0602,-0.740218,0.672367,0
5570,20.8333,0.0,0.0578,0.6481,-0.0578,-0.737277,0.67559,0
5571,20.85,0.0,0.0624,0.5857,-0.0624,-0.734323,0.678801,0
5572,20.8667,0.0,0.0583,0.5274,-0.0583,-0.731354,0.681998,0
5573,20.8833,0.0,0.0624,0.465,-0.0624,-0.728371,0.685183,0
5574,20.9,0.0,0.0601,0.4049,-0.0601,-0.725374,0.688355,0
5575,20.9167,0.0,0.0633,0.3416,-0.0633,-0.722364,0.691513,0
5576,20.9333,0.0,0.0616,0.28,-0.0616,-0.71934,0.694658,0
5577,20.95,0.0,0.0579,0.2221,-0.0579,-0.716302,0.69779,0
5578,20.9667,0.0,0.0596,0.1625,-0.0596,-0.71325,0.700909,0
5579,20.9833,0.0,0.0592,0.1033,-0.0592,-0.710185,0.704015,0
5580,21.0,0.0,0.0593,0.044,-0.0593,-0.707107,0.707107,0
5581,21.0167,0.0,0.0603,0.0,-0.0603,-0.704015,0.710185,1
5582,21.0333,0.0,0.0585,0.0,-0.0585,-0.700909,0.71325,1
5583,21.05,0.0,0.1159,0.0,-0.1159,-0.69779,0.716302,1
5584,21.0667,0.0,0.1147,0.0,-0.1147,-0.694658,0.71934,1
5585,21.0833,0.0,0.1128,0.0,-0.1128,-0.691513,0.722364,1
5586,21.1,0.0,0.1155,0.0,-0.1155,-0.688355,0.725374,1
5587,21.1167,0.0,0.1154,0.0,-0.1154,-0.685183,0.728371,1
5588,21.1333,0.0,0.1176,0.0,-0.1176,-0.681998,0.731354,1
5589,21.15,0.0,0.1173,0.0,-0.1173,-0.678801,0.734323,1
5590,21.1667,0.0,0.1162,0.0,-0.1162,-0.67559,0.737277,1
5591,21.1833,0.0,0.1102,0.0,-0.1102,-0.672367,0.740218,1
5592,21.2,0.0,0.1142,0.0,-0.1142,-0.669131,0.743145,1
5593,21.2167,0.0,0.1142,0.0,-0.1142,-0.665882,0.746057,1
5594,21.2333,0.0,0.1137,0.0,-0.1137,-0.66262,0.748956,1
5595,21.25,0.0,0.1175,0.0,-0.1175,-0.659346,0.75184,1
5596,21.2667,0.0,0.1141,0.0,-0.1141,-0.656059,0.75471,1
5597,21.2833,0.0,0.1124,0.0,-0.1124,-0.65276,0.757565,1
5598,21.3,0.0,0.1133,0.0,-0.1133,-0.649448,0.760406,1
5599,21.3167,0.0,0.1144,0.0,-0.1144,-0.646124,0.763232,1
5600,21.3333,0.0,0.1153,0.0,-0.1153,-0.642788,0.766044,1
5601,21.35,0.0,0.109,0.0,-0.109,-0.639439,0.768842,1
5602,21.3667,0.0,0.1171,0.0,-0.1171,-0.636078,0.771625,1
5603,21.3833,0.0,0.1131,0.0,-0.1131,-0.632705,0.774393,1
5604,21.4,0.0,0.1128,0.0,-0.1128,-0.62932,0.777146,1
5605,21.4167,0.0,0.1156,0.0,-0.1156,-0.625923,0.779884,1
5606,21.4333,0.0,0.1153,0.0,-0.1153,-0.622515,0.782608,1
5607,21.45,0.0,0.1181,0.0,-0.1181,-0.619094,0.785317,1
5608,21.4667,0.0,0.1157,0.0,-0.1157,-0.615661,0.788011,1
5609,21.4833,0.0,0.112,0.0,-0.112,-0.612217,0.79069,1
5610,21.5,0.0,0.1163,0.0,-0.1163,-0.608761,0.793353,1
5611,21.5167,0.0,0.1169,0.0,-0.1169,-0.605294,0.796002,1
5612,21.5333,0.0,0.1113,0.0,-0.1113,-0.601815,0.798636,1
5613,21.55,0.0,0.1155,0.0,-0.1155,-0.598325,0.801254,1
5614,21.5667,0.0,0.1142,0.0,-0.1142,-0.594823,0.803857,1
5615,21.5833,0.0,0.1132,0.0,-0.1132,-0.59131,0.806445,1
5616,21.6,0.0,0.116,0.0,-0.116,-0.587785,0.809017,1
5617,21.6167,0.0,0.1118,0.0,-0.1118,-0.58425,0.811574,1
5618,21.6333,0.0,0.1198,0.0,-0.1198,-0.580703,0.814116,1
5619,21.65,0.0,0.1132,0.0,-0.1132,-0.577145,0.816642,1
5620,21.6667,0.0,0.1135,0.0,-0.1135,-0.573576,0.819152,1
5621,21.6833,0.0,0.115,0.0,-0.115,-0.569997,0.821647,1
5622,21.7,0.0,0.1173,0.0,-0.1173,-0.566406,0.824126,1
5623,21.7167,0.0,0.113,0.0,-0.113,-0.562805,0.82659,1
5624,21.7333,0.0,0.1145,0.0,-0.1145,-0.559193,0.829038,1
5625,21.75,0.0,0.1143,0.0,-0.1143,-0.55557,0.83147,1
5626,21.7667,0.0,0.1162,0.0,-0.1162,-0.551937,0.833886,1
5627,21.7833,0.0,0.1136,0.0,-0.1136,-0.548293,0.836286,1
5628,21.8,0.0,0.1152,0.0,-0.1152,-0.544639,0.838671,1
5629,21.8167,0.0,0.1162,0.0,-0.1162,-0.540974,0.841039,1
5630,21.8333,0.0,0.114,0.0,-0.114,-0.5373,0.843391,1
5631,21.85,0.0,0.1172,0.0,-0.1172,-0.533615,0.845728,1
5632,21.8667,0.0,0.1108,0.0,-0.1108,-0.529919,0.848048,1
5633,21.8833,0.0,0.1163,0.0,-0.1163,-0.526214,0.850352,1
5634,21.9,0.0,0.1157,0.0,-0.1157,-0.522499,0.85264,1
5635,21.9167,0.0,0.1199,0.0,-0.1199,-0.518773,0.854912,1
5636,21.9333,0.0,0.1128,0.0,-0.1128,-0.515038,0.857167,1
5637,21.95,0.0,0.1134,0.0,-0.1134,-0.511293,0.859406,1
5638,21.9667,0.0,0.1158,0.0,-0.1158,-0.507538,0.861629,1
5639,21.9833,0.0,0.1129,0.0,-0.1129,-0.503774,0.863836,1
5640,22.0,0.0,0.0684,0.0,-0.0684,-0.5,0.866025,1
5641,22.0167,0.0,0.0725,0.0,-0.0725,-0.496217,0.868199,1
5642,22.0333,0.0,0.0707,0.0,-0.0707,-0.492424,0.870356,1
5643,22.05,0.0,0.0669,0.0,-0.0669,-0.488621,0.872496,1
5644,22.0667,0.0,0.0703,0.0,-0.0703,-0.48481,0.87462,1
5645,22.0833,0.0,0.069,0.0,-0.069,-0.480989,0.876727,1
5646,22.1,0.0,0.0701,0.0,-0.0701,-0.477159,0.878817,1
5647,22.1167,0.0,0.0706,0.0,-0.0706,-0.47332,0.880891,1
5648,22.1333,0.0,0.0709,0.0,-0.0709,-0.469472,0.882948,1
5649,22.15,0.0,0.0719,0.0,-0.0719,-0.465615,0.884988,1
5650,22.1667,0.0,0.0723,0.0,-0.0723,-0.461749,0.887011,1
5651,22.1833,0.0,0.0739,0.0,-0.0739,-0.457874,0.889017,1
5652,22.2,0.0,0.0715,0.0,-0.0715,-0.45399,0.891007,1
5653,22.2167,0.0,0.0705,0.0,-0.0705,-0.450098,0.892979,1
5654,22.2333,0.0,0.068,0.0,-0.068,-0.446198,0.894934,1
5655,22.25,0.0,0.0732,0.0,-0.0732,-0.442289,0.896873,1
5656,22.2667,0.0,0.0722,0.0,-0.0722,-0.438371,0.898794,1
5657,22.2833,0.0,0.0653,0.0,-0.0653,-0.434445,0.900698,1
5658,22.3,0.0,0.0702,0.0,-0.0702,-0.430511,0.902585,1
5659,22.3167,0.0,0.0729,0.0,-0.0729,-0.426569,0.904455,1
5660,22.3333,0.0,0.0727,0.0,-0.0727,-0.422618,0.906308,1
5661,22.35,0.0,0.0714,0.0,-0.0714,-0.41866,0.908143,1
5662,22.3667,0.0,0.0691,0.0,-0.0691,-0.414693,0.909961,1
5663,22.3833,0.0,0.0736,0.0,-0.0736,-0.410719,0.911762,1
5664,22.4,0.0,0.066,0.0,-0.066,-0.406737,0.913545,1
5665,22.4167,0.0,0.0708,0.0,-0.0708,-0.402747,0.915311,1
5666,22.4333,0.0,0.0696,0.0,-0.0696,-0.398749,0.91706,1
5667,22.45,0.0,0.0684,0.0,-0.0684,-0.394744,0.918791,1
5668,22.4667,0.0,0.0701,0.0,-0.0701,-0.390731,0.920505,1
5669,22.4833,0.0,0.071,0.0,-0.071,-0.386711,0.922201,1
5670,22.5,0.0,0.0679,0.0,-0.0679,-0.382683,0.92388,1
5671,22.5167,0.0,0.0701,0.0,-0.0701,-0.378649,0.925541,1
5672,22.5333,0.0,0.07,0.0,-0.07,-0.374607,0.927184,1
5673,22.55,0.0,0.0156,0.0,-0.0156,-0.370557,0.92881,1
5674,22.5667,0.0,0.0193,0.0,-0.0193,-0.366501,0.930418,1
5675,22.5833,0.0,0.0141,0.0,-0.0141,-0.362438,0.932008,1
5676,22.6,0.0,0.013,0.0,-0.013,-0.358368,0.93358,1
5677,22.6167,0.0,0.0176,0.0,-0.0176,-0.354291,0.935135,1
5678,22.6333,0.0,0.0147,0.0,-0.0147,-0.350207,0.936672,1
5679,22.65,0.0,0.0165,0.0,-0.0165,-0.346117,0.938191,1
5680,22.6667,0.0,0.0137,0.0,-0.0137,-0.34202,0.939693,1
5681,22.6833,0.0,0.0149,0.0,-0.0149,-0.337917,0.941176,1
5682,22.7,0.0,0.0166,0.0,-0.0166,-0.333807,0.942641,1
5683,22.7167,0.0,0.0146,0.0,-0.0146,-0.329691,0.944089,1
5684,22.7333,0.0,0.0131,0.0,-0.0131,-0.325568,0.945519,1
5685,22.75,0.0,0.0138,0.0,-0.0138,-0.321439,0.94693,1
5686,22.7667,0.0,0.0149,0.0,-0.0149,-0.317305,0.948324,1
5687,22.7833,0.0,0.0133,0.0,-0.0133,-0.313164,0.949699,1
5688,22.8,0.0,0.0168,0.0,-0.0168,-0.309017,0.951057,1
5689,22.8167,0.0,0.0187,0.0,-0.0187,-0.304864,0.952396,1
5690,22.8333,0.0,0.0145,0.0,-0.0145,-0.300706,0.953717,1
5691,22.85,0.0,0.0143,0.0,-0.0143,-0.296542,0.95502,1
5692,22.8667,0.0,0.014,0.0,-0.014,-0.292372,0.956305,1
5693,22.8833,0.0,0.0169,0.0,-0.0169,-0.288196,0.957571,1
5694,22.9,0.0,0.0112,0.0,-0.0112,-0.284015,0.95882,1
5695,22.9167,0.0,0.0143,0.0,-0.0143,-0.279829,0.96005,1
5696,22.9333,0.0,0.0153,0.0,-0.0153,-0.275637,0.961262,1
5697,22.95,0.0,0.0147,0.0,-0.0147,-0.27144,0.962455,1
5698,22.9667,0.0,0.0161,0.0,-0.0161,-0.267238,0.96363,1
5699,22.9833,0.0,0.0141,0.0,-0.0141,-0.263031,0.964787,1
5700,23.0,0.0,0.0125,0.0,-0.0125,-0.258819,0.965926,1
5701,23.0167,0.0,0.0156,0.0,-0.0156,-0.254602,0.967046,1
5702,23.0333,0.0,0.0113,0.0,-0.0113,-0.25038,0.968148,1
5703,23.05,0.0,0.0173,0.0,-0.0173,-0.246153,0.969231,1
5704,23.0667,0.0,0.0115,0.0,-0.0115,-0.241922,0.970296,1
5705,23.0833,0.0,0.0122,0.0,-0.0122,-0.237686,0.971342,1
5706,23.1,0.0,0.0154,0.0,-0.0154,-0.233445,0.97237,1
5707,23.1167,0.0,0.0168,0.0,-0.0168,-0.2292,0.973379,1
5708,23.1333,0.0,0.0148,0.0,-0.0148,-0.224951,0.97437,1
5709,23.15,0.0,0.0176,0.0,-0.0176,-0.220697,0.975342,1
5710,23.1667,0.0,0.0108,0.0,-0.0108,-0.21644,0.976296,1
5711,23.1833,0.0,0.0159,0.0,-0.0159,-0.212178,0.977231,1
5712,23.2,0.0,0.0142,0.0,-0.0142,-0.207912,0.978148,1
5713,23.2167,0.0,0.0122,0.0,-0.0122,-0.203642,0.979045,1
5714,23.2333,0.0,0.0123,0.0,-0.0123,-0.199368,0.979925,1
5715,23.25,0.0,0.015,0.0,-0.015,-0.19509,0.980785,1
5716,23.2667,0.0,0.0147,0.0,-0.0147,-0.190809,0.981627,1
5717,23.2833,0.0,0.0168,0.0,-0.0168,-0.186524,0.98245,1
5718,23.3,0.0,0.0141,0.0,-0.0141,-0.182236,0.983255,1
5719,23.3167,0.0,0.0105,0.0,-0.0105,-0.177944,0.984041,1
5720,23.3333,0.0,0.0124,0.0,-0.0124,-0.173648,0.984808,1
5721,23.35,0.0,0.0133,0.0,-0.0133,-0.16935,0.985556,1
5722,23.3667,0.0,0.0196,0.0,-0.0196,-0.165048,0.986286,1
5723,23.3833,0.0,0.0144,0.0,-0.0144,-0.160743,0.986996,1
5724,23.4,0.0,0.0132,0.0,-0.0132,-0.156434,0.987688,1
5725,23.4167,0.0,0.0174,0.0,-0.0174,-0.152123,0.988362,1
5726,23.4333,0.0,0.0145,0.0,-0.0145,-0.147809,0.989016,1
5727,23.45,0.0,0.0128,0.0,-0.0128,-0.143493,0.989651,1
5728,23.4667,0.0,0.0182,0.0,-0.0182,-0.139173,0.990268,1
5729,23.4833,0.0,0.0112,0.0,-0.0112,-0.134851,0.990866,1
5730,23.5,0.0,0.0163,0.0,-0.0163,-0.130526,0.991445,1
5731,23.5167,0.0,0.0159,0.0,-0.0159,-0.126199,0.992005,1
5732,23.5333,0.0,0.0138,0.0,-0.0138,-0.121869,0.992546,1
5733,23.55,0.0,0.0164,0.0,-0.0164,-0.117537,0.993068,1
5734,23.5667,0.0,0.0144,0.0,-0.0144,-0.113203,0.993572,1
5735,23.5833,0.0,0.014,0.0,-0.014,-0.108867,0.994056,1
5736,23.6,0.0,0.013,0.0,-0.013,-0.104528,0.994522,1
5737,23.6167,0.0,0.0183,0.0,-0.0183,-0.100188,0.994969,1
5738,23.6333,0.0,0.0141,0.0,-0.0141,-0.095846,0.995396,1
5739,23.65,0.0,0.0133,0.0,-0.0133,-0.091502,0.995805,1
5740,23.6667,0.0,0.0165,0.0,-0.0165,-0.087156,0.996195,1
5741,23.6833,0.0,0.0158,0.0,-0.0158,-0.082808,0.996566,1
5742,23.7,0.0,0.0152,0.0,-0.0152,-0.078459,0.996917,1
5743,23.7167,0.0,0.0185,0.0,-0.0185,-0.074108,0.99725,1
5744,23.7333,0.0,0.0129,0.0,-0.0129,-0.069756,0.997564,1
5745,23.75,0.0,0.014,0.0,-0.014,-0.065403,0.997859,1
5746,23.7667,0.0,0.0156,0.0,-0.0156,-0.061049,0.998135,1
5747,23.7833,0.0,0.0122,0.0,-0.0122,-0.056693,0.998392,1
5748,23.8,0.0,0.0163,0.0,-0.0163,-0.052336,0.99863,1
5749,23.8167,0.0,0.0144,0.0,-0.0144,-0.047978,0.998848,1
5750,23.8333,0.0,0.0141,0.0,-0.0141,-0.043619,0.999048,1
5751,23.85,0.0,0.0163,0.0,-0.0163,-0.03926,0.999229,1
5752,23.8667,0.0,0.0138,0.0,-0.0138,-0.034899,0.999391,1
5753,23.8833,0.0,0.0162,0.0,-0.0162,-0.030539,0.999534,1
5754,23.9,0.0,0.0184,0.0,-0.0184,-0.026177,0.999657,1
5755,23.9167,0.0,0.0127,0.0,-0.0127,-0.021815,0.999762,1
5756,23.9333,0.0,0.0153,0.0,-0.0153,-0.017452,0.999848,1
5757,23.95,0.0,0.0092,0.0,-0.0092,-0.01309,0.999914,1
5758,23.9667,0.0,0.0121,0.0,-0.0121,-0.008727,0.999962,1
5759,23.9833,0.0,0.011,0.0,-0.011,-0.004363,0.99999,1
5760,0.0,0.0,0.017,0.0,-0.017,0.0,1.0,1
5761,0.0167,0.0,0.0139,0.0,-0.0139,0.004363,0.99999,1
5762,0.0333,0.0,0.0139,0.0,-0.0139,0.008727,0.999962,1
5763,0.05,0.0,0.0168,0.0,-0.0168,0.01309,0.999914,1
5764,0.0667,0.0,0.0136,0.0,-0.0136,0.017452,0.999848,1
5765,0.0833,0.0,0.0126,0.0,-0.0126,0.021815,0.999762,1
5766,0.1,0.0,0.0138,0.0,-0.0138,0.026177,0.999657,1
5767,0.1167,0.0,0.0138,0.0,-0.0138,0.030539,0.999534,1
5768,0.1333,0.0,0.0165,0.0,-0.0165,0.034899,0.999391,1
5769,0.15,0.0,0.016,0.0,-0.016,0.03926,0.999229,1
5770,0.1667,0.0,0.0134,0.0,-0.0134,0.043619,0.999048,1
5771,0.1833,0.0,0.0107,0.0,-0.0107,0.047978,0.998848,1
5772,0.2,0.0,0.0137,0.0,-0.0137,0.052336,0.99863,1
5773,0.2167,0.0,0.0129,0.0,-0.0129,0.056693,0.998392,1
5774,0.2333,0.0,0.0155,0.0,-0.0155,0.061049,0.998135,1
5775,0.25,0.0,0.0113,0.0,-0.0113,0.065403,0.997859,1
5776,0.2667,0.0,0.0149,0.0,-0.0149,0.069756,0.997564,1
5777,0.2833,0.0,0.0139,0.0,-0.0139,0.074108,0.99725,1
5778,0.3,0.0,0.0146,0.0,-0.0146,0.078459,0.996917,1
5779,0.3167,0.0,0.0163,0.0,-0.0163,0.082808,0.996566,1
5780,0.3333,0.0,0.0163,0.0,-0.0163,0.087156,0.996195,1
5781,0.35,0.0,0.0115,0.0,-0.0115,0.091502,0.995805,1
5782,0.3667,0.0,0.0127,0.0,-0.0127,0.095846,0.995396,1
5783,0.3833,0.0,0.0141,0.0,-0.0141,0.100188,0.994969,1
5784,0.4,0.0,0.0155,0.0,-0.0155,0.104528,0.994522,1
5785,0.4167,0.0,0.0131,0.0,-0.0131,0.108867,0.994056,1
5786,0.4333,0.0,0.0141,0.0,-0.0141,0.113203,0.993572,1
5787,0.45,0.0,0.0157,0.0,-0.0157,0.117537,0.993068,1
5788,0.4667,0.0,0.0166,0.0,-0.0166,0.121869,0.992546,1
5789,0.4833,0.0,0.0132,0.0,-0.0132,0.126199,0.992005,1
5790,0.5,0.0,0.013,0.0,-0.013,0.130526,0.991445,1
5791,0.5167,0.0,0.015,0.0,-0.015,0.134851,0.990866,1
5792,0.5333,0.0,0.0155,0.0,-0.0155,0.139173,0.990268,1
5793,0.55,0.0,0.0156,0.0,-0.0156,0.143493,0.989651,1
5794,0.5667,0.0,0.0171,0.0,-0.0171,0.147809,0.989016,1
5795,0.5833,0.0,0.0189,0.0,-0.0189,0.152123,0.988362,1
5796,0.6,0.0,0.0143,0.0,-0.0143,0.156434,0.987688,1
5797,0.6167,0.0,0.018,0.0,-0.018,0.160743,0.986996,1
5798,0.6333,0.0,0.019,0.0,-0.019,0.165048,0.986286,1
5799,0.65,0.0,0.0162,0.0,-0.0162,0.16935,0.985556,1
5800,0.6667,0.0,0.0138,0.0,-0.0138,0.173648,0.984808,1
5801,0.6833,0.0,0.0162,0.0,-0.0162,0.177944,0.984041,1
5802,0.7,0.0,0.0186,0.0,-0.0186,0.182236,0.983255,1
5803,0.7167,0.0,0.0179,0.0,-0.0179,0.186524,0.98245,1
5804,0.7333,0.0,0.0112,0.0,-0.0112,0.190809,0.981627,1
5805,0.75,0.0,0.0187,0.0,-0.0187,0.19509,0.980785,1
5806,0.7667,0.0,0.012,0.0,-0.012,0.199368,0.979925,1
5807,0.7833,0.0,0.0165,0.0,-0.0165,0.203642,0.979045,1
5808,0.8,0.0,0.016,0.0,-0.016,0.207912,0.978148,1
5809,0.8167,0.0,0.0153,0.0,-0.0153,0.212178,0.977231,1
5810,0.8333,0.0,0.0138,0.0,-0.0138,0.21644,0.976296,1
5811,0.85,0.0,0.0125,0.0,-0.0125,0.220697,0.975342,1
5812,0.8667,0.0,0.0148,0.0,-0.0148,0.224951,0.97437,1
5813,0.8833,0.0,0.0131,0.0,-0.0131,0.2292,0.973379,1
5814,0.9,0.0,0.0133,0.0,-0.0133,0.233445,0.97237,1
5815,0.9167,0.0,0.0122,0.0,-0.0122,0.237686,0.971342,1
5816,0.9333,0.0,0.0144,0.0,-0.0144,0.241922,0.970296,1
5817,0.95,0.0,0.016,0.0,-0.016,0.246153,0.969231,1
5818,0.9667,0.0,0.0109,0.0,-0.0109,0.25038,0.968148,1
5819,0.9833,0.0,0.0141,0.0,-0.0141,0.254602,0.967046,1
5820,1.0,0.0,0.0156,0.0,-0.0156,0.258819,0.965926,1
5821,1.0167,0.0,0.0099,0.0,-0.0099,0.263031,0.964787,1
5822,1.0333,0.0,0.0137,0.0,-0.0137,0.267238,0.96363,1
5823,1.05,0.0,0.0147,0.0,-0.0147,0.27144,0.962455,1
5824,1.0667,0.0,0.0144,0.0,-0.0144,0.275637,0.961262,1
5825,1.0833,0.0,0.0123,0.0,-0.0123,0.279829,0.96005,1
5826,1.1,0.0,0.0163,0.0,-0.0163,0.284015,0.95882,1
5827,1.1167,0.0,0.0165,0.0,-0.0165,0.288196,0.957571,1
5828,1.1333,0.0,0.0149,0.0,-0.0149,0.292372,0.956305,1
5829,1.15,0.0,0.0147,0.0,-0.0147,0.296542,0.95502,1
5830,1.1667,0.0,0.0158,0.0,-0.0158,0.300706,0.953717,1
5831,1.1833,0.0,0.0144,0.0,-0.0144,0.304864,0.952396,1
5832,1.2,0.0,0.0146,0.0,-0.0146,0.309017,0.951057,1
5833,1.2167,0.0,0.014,0.0,-0.014,0.313164,0.949699,1
5834,1.2333,0.0,0.016,0.0,-0.016,0.317305,0.948324,1
5835,1.25,0.0,0.0136,0.0,-0.0136,0.321439,0.94693,1
5836,1.2667,0.0,0.014,0.0,-0.014,0.325568,0.945519,1
5837,1.2833,0.0,0.0145,0.0,-0.0145,0.329691,0.944089,1
5838,1.3,0.0,0.0149,0.0,-0.0149,0.333807,0.942641,1
5839,1.3167,0.0,0.0164,0.0,-0.0164,0.337917,0.941176,1
5840,1.3333,0.0,0.0142,0.0,-0.0142,0.34202,0.939693,1
5841,1.35,0.0,0.0143,0.0,-0.0143,0.346117,0.938191,1
5842,1.3667,0.0,0.0137,0.0,-0.0137,0.350207,0.936672,1
5843,1.3833,0.0,0.0154,0.0,-0.0154,0.354291,0.935135,1
5844,1.4,0.0,0.0113,0.0,-0.0113,0.358368,0.93358,1
5845,1.4167,0.0,0.0114,0.0,-0.0114,0.362438,0.932008,1
5846,1.4333,0.0,0.0108,0.0,-0.0108,0.366501,0.930418,1
5847,1.45,0.0,0.0144,0.0,-0.0144,0.370557,0.92881,1
5848,1.4667,0.0,0.0151,0.0,-0.0151,0.374607,0.927184,1
5849,1.4833,0.0,0.0118,0.0,-0.0118,0.378649,0.925541,1
5850,1.5,0.0,0.0128,0.0,-0.0128,0.382683,0.92388,1
5851,1.5167,0.0,0.0159,0.0,-0.0159,0.386711,0.922201,1
5852,1.5333,0.0,0.0126,0.0,-0.0126,0.390731,0.920505,1
5853,1.55,0.0,0.0129,0.0,-0.0129,0.394744,0.918791,1
5854,1.5667,0.0,0.0145,0.0,-0.0145,0.398749,0.91706,1
5855,1.5833,0.0,0.0169,0.0,-0.0169,0.402747,0.915311,1
5856,1.6,0.0,0.0148,0.0,-0.0148,0.406737,0.913545,1
5857,1.6167,0.0,0.0157,0.0,-0.0157,0.410719,0.911762,1
5858,1.6333,0.0,0.0092,0.0,-0.0092,0.414693,0.909961,1
5859,1.65,0.0,0.0146,0.0,-0.0146,0.41866,0.908143,1
5860,1.6667,0.0,0.0146,0.0,-0.0146,0.422618,0.906308,1
5861,1.6833,0.0,0.0132,0.0,-0.0132,0.426569,0.904455,1
5862,1.7,0.0,0.0142,0.0,-0.0142,0.430511,0.902585,1
5863,1.7167,0.0,0.0161,0.0,-0.0161,0.434445,0.900698,1
5864,1.7333,0.0,0.0145,0.0,-0.0145,0.438371,0.898794,1
5865,1.75,0.0,0.0164,0.0,-0.0164,0.442289,0.896873,1
5866,1.7667,0.0,0.0146,0.0,-0.0146,0.446198,0.894934,1
5867,1.7833,0.0,0.0143,0.0,-0.0143,0.450098,0.892979,1
5868,1.8,0.0,0.0151,0.0,-0.0151,0.45399,0.891007,1
5869,1.8167,0.0,0.0172,0.0,-0.0172,0.457874,0.889017,1
5870,1.8333,0.0,0.0108,0.0,-0.0108,0.461749,0.887011,1
5871,1.85,0.0,0.0152,0.0,-0.0152,0.465615,0.884988,1
5872,1.8667,0.0,0.0123,0.0,-0.0123,0.469472,0.882948,1
5873,1.8833,0.0,0.016,0.0,-0.016,0.47332,0.880891,1
5874,1.9,0.0,0.0181,0.0,-0.0181,0.477159,0.878817,1
5875,1.9167,0.0,0.013,0.0,-0.013,0.480989,0.876727,1
5876,1.9333,0.0,0.0134,0.0,-0.0134,0.48481,0.87462,1
5877,1.95,0.0,0.0148,0.0,-0.0148,0.488621,0.872496,1
5878,1.9667,0.0,0.0162,0.0,-0.0162,0.492424,0.870356,1
5879,1.9833,0.0,0.0127,0.0,-0.0127,0.496217,0.868199,1
5880,2.0,0.0,0.0144,0.0,-0.0144,0.5,0.866025,1
5881,2.0167,0.0,0.0142,0.0,-0.0142,0.503774,0.863836,1
5882,2.0333,0.0,0.0164,0.0,-0.0164,0.507538,0.861629,1
5883,2.05,0.0,0.0181,0.0,-0.0181,0.511293,0.859406,1
5884,2.0667,0.0,0.0132,0.0,-0.0132,0.515038,0.857167,1
5885,2.0833,0.0,0.0124,0.0,-0.0124,0.518773,0.854912,1
5886,2.1,0.0,0.0133,0.0,-0.0133,0.522499,0.85264,1
5887,2.1167,0.0,0.0162,0.0,-0.0162,0.526214,0.850352,1
5888,2.1333,0.0,0.0162,0.0,-0.0162,0.529919,0.848048,1
5889,2.15,0.0,0.0148,0.0,-0.0148,0.533615,0.845728,1
5890,2.1667,0.0,0.0132,0.0,-0.0132,0.5373,0.843391,1
5891,2.1833,0.0,0.0164,0.0,-0.0164,0.540974,0.841039,1
5892,2.2,0.0,0.0111,0.0,-0.0111,0.544639,0.838671,1
5893,2.2167,0.0,0.0168,0.0,-0.0168,0.548293,0.836286,1
5894,2.2333,0.0,0.0148,0.0,-0.0148,0.551937,0.833886,1
5895,2.25,0.0,0.0152,0.0,-0.0152,0.55557,0.83147,1
5896,2.2667,0.0,0.0129,0.0,-0.0129,0.559193,0.829038,1
5897,2.2833,0.0,0.0143,0.0,-0.0143,0.562805,0.82659,1
5898,2.3,0.0,0.012,0.0,-0.012,0.566406,0.824126,1
5899,2.3167,0.0,0.0174,0.0,-0.0174,0.569997,0.821647,1
5900,2.3333,0.0,0.0138,0.0,-0.0138,0.573576,0.819152,1
5901,2.35,0.0,0.0133,0.0,-0.0133,0.577145,0.816642,1
5902,2.3667,0.0,0.0177,0.0,-0.0177,0.580703,0.814116,1
5903,2.3833,0.0,0.0149,0.0,-0.0149,0.58425,0.811574,1
5904,2.4,0.0,0.0126,0.0,-0.0126,0.587785,0.809017,1
5905,2.4167,0.0,0.0135,0.0,-0.0135,0.59131,0.806445,1
5906,2.4333,0.0,0.0143,0.0,-0.0143,0.594823,0.803857,1
5907,2.45,0.0,0.0178,0.0,-0.0178,0.598325,0.801254,1
5908,2.4667,0.0,0.0134,0.0,-0.0134,0.601815,0.798636,1
5909,2.4833,0.0,0.0134,0.0,-0.0134,0.605294,0.796002,1
5910,2.5,0.0,0.0135,0.0,-0.0135,0.608761,0.793353,1
5911,2.5167,0.0,0.0137,0.0,-0.0137,0.612217,0.79069,1
5912,2.5333,0.0,0.0155,0.0,-0.0155,0.615661,0.788011,1
5913,2.55,0.0,0.011,0.0,-0.011,0.619094,0.785317,1
5914,2.5667,0.0,0.016,0.0,-0.016,0.622515,0.782608,1
5915,2.5833,0.0,0.0137,0.0,-0.0137,0.625923,0.779884,1
5916,2.6,0.0,0.0115,0.0,-0.0115,0.62932,0.777146,1
5917,2.6167,0.0,0.0131,0.0,-0.0131,0.632705,0.774393,1
5918,2.6333,0.0,0.0116,0.0,-0.0116,0.636078,0.771625,1
5919,2.65,0.0,0.0143,0.0,-0.0143,0.639439,0.768842,1
5920,2.6667,0.0,0.0133,0.0,-0.0133,0.642788,0.766044,1
5921,2.6833,0.0,0.0128,0.0,-0.0128,0.646124,0.763232,1
5922,2.7,0.0,0.0125,0.0,-0.0125,0.649448,0.760406,1
5923,2.7167,0.0,0.0144,0.0,-0.0144,0.65276,0.757565,1
5924,2.7333,0.0,0.0129,0.0,-0.0129,0.656059,0.75471,1
5925,2.75,0.0,0.016,0.0,-0.016,0.659346,0.75184,1
5926,2.7667,0.0,0.0149,0.0,-0.0149,0.66262,0.748956,1
5927,2.7833,0.0,0.0148,0.0,-0.0148,0.665882,0.746057,1
5928,2.8,0.0,0.0151,0.0,-0.0151,0.669131,0.743145,1
5929,2.8167,0.0,0.0147,0.0,-0.0147,0.672367,0.740218,1
5930,2.8333,0.0,0.0139,0.0,-0.0139,0.67559,0.737277,1
5931,2.85,0.0,0.0184,0.0,-0.0184,0.678801,0.734323,1
5932,2.8667,0.0,0.0132,0.0,-0.0132,0.681998,0.731354,1
5933,2.8833,0.0,0.0143,0.0,-0.0143,0.685183,0.728371,1
5934,2.9,0.0,0.0165,0.0,-0.0165,0.688355,0.725374,1
5935,2.9167,0.0,0.0157,0.0,-0.0157,0.691513,0.722364,1
5936,2.9333,0.0,0.0144,0.0,-0.0144,0.694658,0.71934,1
5937,2.95,0.0,0.0126,0.0,-0.0126,0.69779,0.716302,1
5938,2.9667,0.0,0.014,0.0,-0.014,0.700909,0.71325,1
5939,2.9833,0.0,0.0116,0.0,-0.0116,0.704015,0.710185,1
5940,3.0,0.0,0.0092,0.0,-0.0092,0.707107,0.707107,1
5941,3.0167,0.0,0.0144,0.0,-0.0144,0.710185,0.704015,1
5942,3.0333,0.0,0.0126,0.0,-0.0126,0.71325,0.700909,1
5943,3.05,0.0,0.0159,0.0,-0.0159,0.716302,0.69779,1
5944,3.0667,0.0,0.0146,0.0,-0.0146,0.71934,0.694658,1
5945,3.0833,0.0,0.0127,0.0,-0.0127,0.722364,0.691513,1
5946,3.1,0.0,0.016,0.0,-0.016,0.725374,0.688355,1
5947,3.1167,0.0,0.0241,0.0,-0.0241,0.728371,0.685183,1
5948,3.1333,0.0,0.0173,0.0,-0.0173,0.731354,0.681998,1
5949,3.15,0.0,0.0108,0.0,-0.0108,0.734323,0.678801,1
5950,3.1667,0.0,0.0116,0.0,-0.0116,0.737277,0.67559,1
5951,3.1833,0.0,0.0154,0.0,-0.0154,0.740218,0.672367,1
5952,3.2,0.0,0.0164,0.0,-0.0164,0.743145,0.669131,1
5953,3.2167,0.0,0.0128,0.0,-0.0128,0.746057,0.665882,1
5954,3.2333,0.0,0.0126,0.0,-0.0126,0.748956,0.66262,1
5955,3.25,0.0,0.0139,0.0,-0.0139,0.75184,0.659346,1
5956,3.2667,0.0,0.0144,0.0,-0.0144,0.75471,0.656059,1
5957,3.2833,0.0,0.0139,0.0,-0.0139,0.757565,0.65276,1
5958,3.3,0.0,0.0116,0.0,-0.0116,0.760406,0.649448,1
5959,3.3167,0.0,0.0138,0.0,-0.0138,0.763232,0.646124,1
5960,3.3333,0.0,0.0129,0.0,-0.0129,0.766044,0.642788,1
5961,3.35,0.0,0.0152,0.0,-0.0152,0.768842,0.639439,1
5962,3.3667,0.0,0.0189,0.0,-0.0189,0.771625,0.636078,1
5963,3.3833,0.0,0.0136,0.0,-0.0136,0.774393,0.632705,1
5964,3.4,0.0,0.0182,0.0,-0.0182,0.777146,0.62932,1
5965,3.4167,0.0,0.0119,0.0,-0.0119,0.779884,0.625923,1
5966,3.4333,0.0,0.0127,0.0,-0.0127,0.782608,0.622515,1
5967,3.45,0.0,0.0138,0.0,-0.0138,0.785317,0.619094,1
5968,3.4667,0.0,0.0145,0.0,-0.0145,0.788011,0.615661,1
5969,3.4833,0.0,0.0119,0.0,-0.0119,0.79069,0.612217,1
5970,3.5,0.0,0.0137,0.0,-0.0137,0.793353,0.608761,1
5971,3.5167,0.0,0.0145,0.0,-0.0145,0.796002,0.605294,1
5972,3.5333,0.0,0.0145,0.0,-0.0145,0.798636,0.601815,1
5973,3.55,0.0,0.0144,0.0,-0.0144,0.801254,0.598325,1
5974,3.5667,0.0,0.0136,0.0,-0.0136,0.803857,0.594823,1
5975,3.5833,0.0,0.0141,0.0,-0.0141,0.806445,0.59131,1
5976,3.6,0.0,0.0161,0.0,-0.0161,0.809017,0.587785,1
5977,3.6167,0.0,0.0126,0.0,-0.0126,0.811574,0.58425,1
5978,3.6333,0.0,0.0131,0.0,-0.0131,0.814116,0.580703,1
5979,3.65,0.0,0.0133,0.0,-0.0133,0.816642,0.577145,1
5980,3.6667,0.0,0.0139,0.0,-0.0139,0.819152,0.573576,1
5981,3.6833,0.0,0.0156,0.0,-0.0156,0.821647,0.569997,1
5982,3.7,0.0,0.0162,0.0,-0.0162,0.824126,0.566406,1
5983,3.7167,0.0,0.0151,0.0,-0.0151,0.82659,0.562805,1
5984,3.7333,0.0,0.0117,0.0,-0.0117,0.829038,0.559193,1
5985,3.75,0.0,0.0133,0.0,-0.0133,0.83147,0.55557,1
5986,3.7667,0.0,0.0157,0.0,-0.0157,0.833886,0.551937,1
5987,3.7833,0.0,0.0114,0.0,-0.0114,0.836286,0.548293,1
5988,3.8,0.0,0.0142,0.0,-0.0142,0.838671,0.544639,1
5989,3.8167,0.0,0.0119,0.0,-0.0119,0.841039,0.540974,1
5990,3.8333,0.0,0.011,0.0,-0.011,0.843391,0.5373,1
5991,3.85,0.0,0.0144,0.0,-0.0144,0.845728,0.533615,1
5992,3.8667,0.0,0.0145,0.0,-0.0145,0.848048,0.529919,1
5993,3.8833,0.0,0.015,0.0,-0.015,0.850352,0.526214,1
5994,3.9,0.0,0.013,0.0,-0.013,0.85264,0.522499,1
5995,3.9167,0.0,0.0145,0.0,-0.0145,0.854912,0.518773,1
5996,3.9333,0.0,0.0129,0.0,-0.0129,0.857167,0.515038,1
5997,3.95,0.0,0.0119,0.0,-0.0119,0.859406,0.511293,1
5998,3.9667,0.0,0.0146,0.0,-0.0146,0.861629,0.507538,1
5999,3.9833,0.0,0.0114,0.0,-0.0114,0.863836,0.503774,1
6000,4.0,0.0,0.0152,0.0,-0.0152,0.866025,0.5,1
6001,4.0167,0.0,0.0131,0.0,-0.0131,0.868199,0.496217,1
6002,4.0333,0.0,0.012,0.0,-0.012,0.870356,0.492424,1
6003,4.05,0.0,0.0172,0.0,-0.0172,0.872496,0.488621,1
6004,4.0667,0.0,0.0148,0.0,-0.0148,0.87462,0.48481,1
6005,4.0833,0.0,0.0172,0.0,-0.0172,0.876727,0.480989,1
6006,4.1,0.0,0.0163,0.0,-0.0163,0.878817,0.477159,1
6007,4.1167,0.0,0.0154,0.0,-0.0154,0.880891,0.47332,1
6008,4.1333,0.0,0.0171,0.0,-0.0171,0.882948,0.469472,1
6009,4.15,0.0,0.0146,0.0,-0.0146,0.884988,0.465615,1
6010,4.1667,0.0,0.0156,0.0,-0.0156,0.887011,0.461749,1
6011,4.1833,0.0,0.0138,0.0,-0.0138,0.889017,0.457874,1
6012,4.2,0.0,0.014,0.0,-0.014,0.891007,0.45399,1
6013,4.2167,0.0,0.014,0.0,-0.014,0.892979,0.450098,1
6014,4.2333,0.0,0.0115,0.0,-0.0115,0.894934,0.446198,1
6015,4.25,0.0,0.0159,0.0,-0.0159,0.896873,0.442289,1
6016,4.2667,0.0,0.013,0.0,-0.013,0.898794,0.438371,1
6017,4.2833,0.0,0.0146,0.0,-0.0146,0.900698,0.434445,1
6018,4.3,0.0,0.018,0.0,-0.018,0.902585,0.430511,1
6019,4.3167,0.0,0.013,0.0,-0.013,0.904455,0.426569,1
6020,4.3333,0.0,0.0169,0.0,-0.0169,0.906308,0.422618,1
6021,4.35,0.0,0.013,0.0,-0.013,0.908143,0.41866,1
6022,4.3667,0.0,0.0144,0.0,-0.0144,0.909961,0.414693,1
6023,4.3833,0.0,0.0141,0.0,-0.0141,0.911762,0.410719,1
6024,4.4,0.0,0.0147,0.0,-0.0147,0.913545,0.406737,1
6025,4.4167,0.0,0.0153,0.0,-0.0153,0.915311,0.402747,1
6026,4.4333,0.0,0.0131,0.0,-0.0131,0.91706,0.398749,1
6027,4.45,0.0,0.0131,0.0,-0.0131,0.918791,0.394744,1
6028,4.4667,0.0,0.0144,0.0,-0.0144,0.920505,0.390731,1
6029,4.4833,0.0,0.0167,0.0,-0.0167,0.922201,0.386711,1
6030,4.5,0.0,0.0139,0.0,-0.0139,0.92388,0.382683,1
6031,4.5167,0.0,0.0181,0.0,-0.0181,0.925541,0.378649,1
6032,4.5333,0.0,0.0178,0.0,-0.0178,0.927184,0.374607,1
6033,4.55,0.0,0.0153,0.0,-0.0153,0.92881,0.370557,1
6034,4.5667,0.0,0.014,0.0,-0.014,0.930418,0.366501,1
6035,4.5833,0.0,0.0074,0.0,-0.0074,0.932008,0.362438,1
6036,4.6,0.0,0.0141,0.0,-0.0141,0.93358,0.358368,1
6037,4.6167,0.0,0.0149,0.0,-0.0149,0.935135,0.354291,1
6038,4.6333,0.0,0.0152,0.0,-0.0152,0.936672,0.350207,1
6039,4.65,0.0,0.0152,0.0,-0.0152,0.938191,0.346117,1
6040,4.6667,0.0,0.0162,0.0,-0.0162,0.939693,0.34202,1
6041,4.6833,0.0,0.0137,0.0,-0.0137,0.941176,0.337917,1
6042,4.7,0.0,0.014,0.0,-0.014,0.942641,0.333807,1
6043,4.7167,0.0,0.0155,0.0,-0.0155,0.944089,0.329691,1
6044,4.7333,0.0,0.0164,0.0,-0.0164,0.945519,0.325568,1
6045,4.75,0.0,0.012,0.0,-0.012,0.94693,0.321439,1
6046,4.7667,0.0,0.0155,0.0,-0.0155,0.948324,0.317305,1
6047,4.7833,0.0,0.0129,0.0,-0.0129,0.949699,0.313164,1
6048,4.8,0.0,0.0136,0.0,-0.0136,0.951057,0.309017,1
6049,4.8167,0.0,0.0125,0.0,-0.0125,0.952396,0.304864,1
6050,4.8333,0.0,0.0128,0.0,-0.0128,0.953717,0.300706,1
6051,4.85,0.0,0.0118,0.0,-0.0118,0.95502,0.296542,1
6052,4.8667,0.0,0.015,0.0,-0.015,0.956305,0.292372,1
6053,4.8833,0.0,0.0089,0.0,-0.0089,0.957571,0.288196,1
6054,4.9,0.0,0.0157,0.0,-0.0157,0.95882,0.284015,1
6055,4.9167,0.0,0.0134,0.0,-0.0134,0.96005,0.279829,1
6056,4.9333,0.0,0.0147,0.0,-0.0147,0.961262,0.275637,1
6057,4.95,0.0,0.0146,0.0,-0.0146,0.962455,0.27144,1
6058,4.9667,0.0,0.0145,0.0,-0.0145,0.96363,0.267238,1
6059,4.9833,0.0,0.0145,0.0,-0.0145,0.964787,0.263031,1
6060,5.0,0.0,0.0144,0.0,-0.0144,0.965926,0.258819,1
6061,5.0167,0.0,0.0163,0.0,-0.0163,0.967046,0.254602,1
6062,5.0333,0.0,0.0203,0.0,-0.0203,0.968148,0.25038,1
6063,5.05,0.0,0.0139,0.0,-0.0139,0.969231,0.246153,1
6064,5.0667,0.0,0.0143,0.0,-0.0143,0.970296,0.241922,1
6065,5.0833,0.0,0.0152,0.0,-0.0152,0.971342,0.237686,1
6066,5.1,0.0,0.0147,0.0,-0.0147,0.97237,0.233445,1
6067,5.1167,0.0,0.0108,0.0,-0.0108,0.973379,0.2292,1
6068,5.1333,0.0,0.0145,0.0,-0.0145,0.97437,0.224951,1
6069,5.15,0.0,0.0147,0.0,-0.0147,0.975342,0.220697,1
6070,5.1667,0.0,0.0139,0.0,-0.0139,0.976296,0.21644,1
6071,5.1833,0.0,0.0097,0.0,-0.0097,0.977231,0.212178,1
6072,5.2,0.0,0.0152,0.0,-0.0152,0.978148,0.207912,1
6073,5.2167,0.0,0.0144,0.0,-0.0144,0.979045,0.203642,1
6074,5.2333,0.0,0.0151,0.0,-0.0151,0.979925,0.199368,1
6075,5.25,0.0,0.0152,0.0,-0.0152,0.980785,0.19509,1
6076,5.2667,0.0,0.0136,0.0,-0.0136,0.981627,0.190809,1
6077,5.2833,0.0,0.0154,0.0,-0.0154,0.98245,0.186524,1
6078,5.3,0.0,0.0199,0.0,-0.0199,0.983255,0.182236,1
6079,5.3167,0.0,0.0133,0.0,-0.0133,0.984041,0.177944,1
6080,5.3333,0.0,0.014,0.0,-0.014,0.984808,0.173648,1
6081,5.35,0.0,0.0162,0.0,-0.0162,0.985556,0.16935,1
6082,5.3667,0.0,0.0119,0.0,-0.0119,0.986286,0.165048,1
6083,5.3833,0.0,0.0117,0.0,-0.0117,0.986996,0.160743,1
6084,5.4,0.0,0.0158,0.0,-0.0158,0.987688,0.156434,1
6085,5.4167,0.0,0.0156,0.0,-0.0156,0.988362,0.152123,1
6086,5.4333,0.0,0.0153,0.0,-0.0153,0.989016,0.147809,1
6087,5.45,0.0,0.0128,0.0,-0.0128,0.989651,0.143493,1
6088,5.4667,0.0,0.0151,0.0,-0.0151,0.990268,0.139173,1
6089,5.4833,0.0,0.0162,0.0,-0.0162,0.990866,0.134851,1
6090,5.5,0.0,0.015,0.0,-0.015,0.991445,0.130526,1
6091,5.5167,0.0,0.0168,0.0,-0.0168,0.992005,0.126199,1
6092,5.5333,0.0,0.0177,0.0,-0.0177,0.992546,0.121869,1
6093,5.55,0.0,0.0158,0.0,-0.0158,0.993068,0.117537,1
6094,5.5667,0.0,0.0129,0.0,-0.0129,0.993572,0.113203,1
6095,5.5833,0.0,0.0142,0.0,-0.0142,0.994056,0.108867,1
6096,5.6,0.0,0.0142,0.0,-0.0142,0.994522,0.104528,1
6097,5.6167,0.0,0.0145,0.0,-0.0145,0.994969,0.100188,1
6098,5.6333,0.0,0.0123,0.0,-0.0123,0.995396,0.095846,1
6099,5.65,0.0,0.0126,0.0,-0.0126,0.995805,0.091502,1
6100,5.6667,0.0,0.0149,0.0,-0.0149,0.996195,0.087156,1
6101,5.6833,0.0,0.015,0.0,-0.015,0.996566,0.082808,1
6102,5.7,0.0,0.0179,0.0,-0.0179,0.996917,0.078459,1
6103,5.7167,0.0,0.0173,0.0,-0.0173,0.99725,0.074108,1
6104,5.7333,0.0,0.0149,0.0,-0.0149,0.997564,0.069756,1
6105,5.75,0.0,0.0124,0.0,-0.0124,0.997859,0.065403,1
6106,5.7667,0.0,0.0105,0.0,-0.0105,0.998135,0.061049,1
6107,5.7833,0.0,0.0135,0.0,-0.0135,0.998392,0.056693,1
6108,5.8,0.0,0.0144,0.0,-0.0144,0.99863,0.052336,1
6109,5.8167,0.0,0.0149,0.0,-0.0149,0.998848,0.047978,1
6110,5.8333,0.0,0.0148,0.0,-0.0148,0.999048,0.043619,1
6111,5.85,0.0,0.0115,0.0,-0.0115,0.999229,0.03926,1
6112,5.8667,0.0,0.015,0.0,-0.015,0.999391,0.034899,1
6113,5.8833,0.0,0.0149,0.0,-0.0149,0.999534,0.030539,1
6114,5.9,0.0,0.0118,0.0,-0.0118,0.999657,0.026177,1
6115,5.9167,0.0,0.0143,0.0,-0.0143,0.999762,0.021815,1
6116,5.9333,0.0,0.0131,0.0,-0.0131,0.999848,0.017452,1
6117,5.95,0.0,0.0132,0.0,-0.0132,0.999914,0.01309,1
6118,5.9667,0.0,0.016,0.0,-0.016,0.999962,0.008727,1
6119,5.9833,0.0,0.0167,0.0,-0.0167,0.99999,0.004363,1
6120,6.0,0.001467,0.0245,0.0,-0.023033,1.0,0.0,1
6121,6.0167,0.001533,0.0239,0.0,-0.022367,0.99999,-0.004363,1
6122,6.0333,0.0,0.0295,0.0,-0.0295,0.999962,-0.008727,1
6123,6.05,0.001717,0.023,0.0,-0.021283,0.999914,-0.01309,1
6124,6.0667,0.0031,0.0258,0.0,-0.0227,0.999848,-0.017452,1
6125,6.0833,0.003233,0.0256,0.0,-0.022367,0.999762,-0.021815,1
6126,6.1,0.00235,0.0246,0.0,-0.02225,0.999657,-0.026177,1
6127,6.1167,0.00715,0.0233,0.0,-0.01615,0.999534,-0.030539,1
6128,6.1333,0.004617,0.0253,0.0,-0.020683,0.999391,-0.034899,1
6129,6.15,0.001267,0.0256,0.0,-0.024333,0.999229,-0.03926,1
6130,6.1667,0.005233,0.0277,0.0,-0.022467,0.999048,-0.043619,1
6131,6.1833,0.001917,0.0275,0.0,-0.025583,0.998848,-0.047978,1
6132,6.2,0.003267,0.0267,0.0,-0.023433,0.99863,-0.052336,1
6133,6.2167,0.0096,0.0248,0.0,-0.0152,0.998392,-0.056693,1
6134,6.2333,0.0103,0.0269,0.0,-0.0166,0.998135,-0.061049,1
6135,6.25,0.009967,0.0254,0.0,-0.015433,0.997859,-0.065403,1
6136,6.2667,0.0085,0.028,0.0,-0.0195,0.997564,-0.069756,1
6137,6.2833,0.0091,0.025,0.0,-0.0159,0.99725,-0.074108,1
6138,6.3,0.00515,0.0277,0.0,-0.02255,0.996917,-0.078459,1
6139,6.3167,0.00915,0.0246,0.0,-0.01545,0.996566,-0.082808,1
6140,6.3333,0.014567,0.0254,0.0,-0.010833,0.996195,-0.087156,1
6141,6.35,0.012517,0.0321,0.0,-0.019583,0.995805,-0.091502,1
6142,6.3667,0.0166,0.0276,0.0,-0.011,0.995396,-0.095846,1
6143,6.3833,0.010433,0.0286,0.0,-0.018167,0.994969,-0.100188,1
6144,6.4,0.013117,0.0264,0.0,-0.013283,0.994522,-0.104528,1
6145,6.4167,0.013983,0.0243,0.0,-0.010317,0.994056,-0.108867,1
6146,6.4333,0.012683,0.0225,0.0,-0.009817,0.993572,-0.113203,1
6147,6.45,0.0153,0.0243,0.0,-0.009,0.993068,-0.117537,1
6148,6.4667,0.013317,0.0264,0.0,-0.013083,0.992546,-0.121869,1
6149,6.4833,0.01355,0.0255,0.0,-0.01195,0.992005,-0.126199,1
6150,6.5,0.0121,0.0278,0.0,-0.0157,0.991445,-0.130526,1
6151,6.5167,0.017833,0.0281,0.0,-0.010267,0.990866,-0.134851,1
6152,6.5333,0.020233,0.0239,0.0,-0.003667,0.990268,-0.139173,1
6153,6.55,0.021683,0.0279,0.0,-0.006217,0.989651,-0.143493,1
6154,6.5667,0.0194,0.0246,0.0,-0.0052,0.989016,-0.147809,1
6155,6.5833,0.017133,0.0279,0.0,-0.010767,0.988362,-0.152123,1
6156,6.6,0.015583,0.0291,0.0,-0.013517,0.987688,-0.156434,1
6157,6.6167,0.021533,0.0255,0.0,-0.003967,0.986996,-0.160743,1
6158,6.6333,0.01645,0.0261,0.0,-0.00965,0.986286,-0.165048,1
6159,6.65,0.018467,0.028,0.0,-0.009533,0.985556,-0.16935,1
6160,6.6667,0.021233,0.0268,0.0,-0.005567,0.984808,-0.173648,1
6161,6.6833,0.019683,0.0277,0.0,-0.008017,0.984041,-0.177944,1
6162,6.7,0.022217,0.0287,0.0,-0.006483,0.983255,-0.182236,1
6163,6.7167,0.022383,0.026,0.0,-0.003617,0.98245,-0.186524,1
6164,6.7333,0.019967,0.0236,0.0,-0.003633,0.981627,-0.190809,1
6165,6.75,0.020167,0.0263,0.0,-0.006133,0.980785,-0.19509,1
6166,6.7667,0.023083,0.0231,0.0,-1.7e-05,0.979925,-0.199368,1
6167,6.7833,0.020683,0.0273,0.0,-0.006617,0.979045,-0.203642,1
6168,6.8,0.024567,0.0267,0.0,-0.002133,0.978148,-0.207912,1
6169,6.8167,0.0235,0.0288,0.0,-0.0053,0.977231,-0.212178,1
6170,6.8333,0.028233,0.0218,0.0064,0.006433,0.976296,-0.21644,0
6171,6.85,0.0274,0.0243,0.0095,0.0031,0.975342,-0.220697,0
6172,6.8667,0.028083,0.0284,0.0092,-0.000317,0.97437,-0.224951,0
6173,6.8833,0.023217,0.0284,0.004,-0.005183,0.973379,-0.2292,0
6174,6.9,0.030183,0.0286,0.0056,0.001583,0.97237,-0.233445,0
6175,6.9167,0.0254,0.0255,0.0055,-0.0001,0.971342,-0.237686,0
6176,6.9333,0.0286,0.0266,0.0075,0.002,0.970296,-0.241922,0
6177,6.95,0.027017,0.0276,0.0069,-0.000583,0.969231,-0.246153,0
6178,6.9667,0.0315,0.0281,0.0103,0.0034,0.968148,-0.25038,0
6179,6.9833,0.03195,0.0253,0.0169,0.00665,0.967046,-0.254602,0
6180,7.0,0.030383,0.0493,0.0,-0.018917,0.965926,-0.258819,1
6181,7.0167,0.034833,0.0464,0.0,-0.011567,0.964787,-0.263031,1
6182,7.0333,0.033033,0.0496,0.0,-0.016567,0.96363,-0.267238,1
6183,7.05,0.03415,0.0472,0.0,-0.01305,0.962455,-0.27144,1
6184,7.0667,0.03285,0.047,0.0,-0.01415,0.961262,-0.275637,1
6185,7.0833,0.034833,0.0495,0.0,-0.014667,0.96005,-0.279829,1
6186,7.1,0.035517,0.0454,0.0,-0.009883,0.95882,-0.284015,1
6187,7.1167,0.03605,0.0498,0.0,-0.01375,0.957571,-0.288196,1
6188,7.1333,0.03315,0.0481,0.0,-0.01495,0.956305,-0.292372,1
6189,7.15,0.034133,0.045,0.0,-0.010867,0.95502,-0.296542,1
6190,7.1667,0.04005,0.0485,0.0,-0.00845,0.953717,-0.300706,1
6191,7.1833,0.038817,0.0491,0.0,-0.010283,0.952396,-0.304864,1
6192,7.2,0.03405,0.0476,0.0,-0.01355,0.951057,-0.309017,1
6193,7.2167,0.034933,0.0442,0.0,-0.009267,0.949699,-0.313164,1
6194,7.2333,0.041917,0.0474,0.0,-0.005483,0.948324,-0.317305,1
6195,7.25,0.039917,0.0534,0.0,-0.013483,0.94693,-0.321439,1
6196,7.2667,0.037717,0.0478,0.0,-0.010083,0.945519,-0.325568,1
6197,7.2833,0.036317,0.046,0.0,-0.009683,0.944089,-0.329691,1
6198,7.3,0.038917,0.0495,0.0,-0.010583,0.942641,-0.333807,1
6199,7.3167,0.040683,0.0467,0.0,-0.006017,0.941176,-0.337917,1
6200,7.3333,0.042217,0.0463,0.0,-0.004083,0.939693,-0.34202,1
6201,7.35,0.0412,0.0504,0.0,-0.0092,0.938191,-0.346117,1
6202,7.3667,0.03885,0.0454,0.0,-0.00655,0.936672,-0.350207,1
6203,7.3833,0.04115,0.045,0.0,-0.00385,0.935135,-0.354291,1
6204,7.4,0.045767,0.0451,0.0007,0.000667,0.93358,-0.358368,0
6205,7.4167,0.044583,0.046,0.0,-0.001417,0.932008,-0.362438,1
6206,7.4333,0.044767,0.0494,0.0,-0.004633,0.930418,-0.366501,1
6207,7.45,0.046433,0.0454,0.001,0.001033,0.92881,-0.370557,0
6208,7.4667,0.051033,0.0495,0.0025,0.001533,0.927184,-0.374607,0
6209,7.4833,0.0422,0.0477,0.0,-0.0055,0.925541,-0.378649,1
6210,7.5,0.046917,0.0459,0.001,0.001017,0.92388,-0.382683,0
6211,7.5167,0.045967,0.0482,0.0,-0.002233,0.922201,-0.386711,1
6212,7.5333,0.045383,0.0451,0.0003,0.000283,0.920505,-0.390731,0
6213,7.55,0.0462,0.0471,0.0,-0.0009,0.918791,-0.394744,1
6214,7.5667,0.04765,0.0487,0.0,-0.00105,0.91706,-0.398749,1
6215,7.5833,0.043867,0.0518,0.0,-0.007933,0.915311,-0.402747,1
6216,7.6,0.048533,0.0482,0.0003,0.000333,0.913545,-0.406737,0
6217,7.6167,0.05495,0.0473,0.0079,0.00765,0.911762,-0.410719,0
6218,7.6333,0.049817,0.0474,0.0103,0.002417,0.909961,-0.414693,0
6219,7.65,0.049667,0.0491,0.0109,0.000567,0.908143,-0.41866,0
6220,7.6667,0.052917,0.0417,0.0221,0.011217,0.906308,-0.422618,0
6221,7.6833,0.0535,0.0494,0.0262,0.0041,0.904455,-0.426569,0
6222,7.7,0.049567,0.0471,0.0287,0.002467,0.902585,-0.430511,0
6223,7.7167,0.04725,0.0477,0.0283,-0.00045,0.900698,-0.434445,0
6224,7.7333,0.0552,0.0495,0.034,0.0057,0.898794,-0.438371,0
6225,7.75,0.048867,0.0496,0.0333,-0.000733,0.896873,-0.442289,0
6226,7.7667,0.051083,0.0507,0.0337,0.000383,0.894934,-0.446198,0
6227,7.7833,0.05705,0.0466,0.0441,0.01045,0.892979,-0.450098,0
6228,7.8,0.048633,0.0497,0.043,-0.001067,0.891007,-0.45399,0
6229,7.8167,0.0555,0.0476,0.0509,0.0079,0.889017,-0.457874,0
6230,7.8333,0.054867,0.0474,0.0584,0.007467,0.887011,-0.461749,0
6231,7.85,0.057967,0.0481,0.0683,0.009867,0.884988,-0.465615,0
6232,7.8667,0.0522,0.0513,0.0692,0.0009,0.882948,-0.469472,0
6233,7.8833,0.057767,0.0503,0.0767,0.007467,0.880891,-0.47332,0
6234,7.9,0.05505,0.0496,0.0822,0.00545,0.878817,-0.477159,0
6235,7.9167,0.05645,0.0524,0.0862,0.00405,0.876727,-0.480989,0
6236,7.9333,0.061933,0.0473,0.1008,0.014633,0.87462,-0.48481,0
6237,7.95,0.060817,0.0498,0.1118,0.011017,0.872496,-0.488621,0
6238,7.9667,0.061933,0.046,0.1277,0.015933,0.870356,-0.492424,0
6239,7.9833,0.061933,0.043,0.1466,0.018933,0.868199,-0.496217,0
6240,8.0,0.061083,0.0481,0.1596,0.012983,0.866025,-0.5,0
6241,8.0167,0.057617,0.0467,0.1705,0.010917,0.863836,-0.503774,0
6242,8.0333,0.058767,0.0461,0.1832,0.012667,0.861629,-0.507538,0
6243,8.05,0.057683,0.0482,0.1927,0.009483,0.859406,-0.511293,0
6244,8.0667,0.059783,0.0514,0.2011,0.008383,0.857167,-0.515038,0
6245,8.0833,0.065083,0.047,0.2192,0.018083,0.854912,-0.518773,0
6246,8.1,0.063367,0.0479,0.2347,0.015467,0.85264,-0.522499,0
6247,8.1167,0.062833,0.0486,0.2489,0.014233,0.850352,-0.526214,0
6248,8.1333,0.064733,0.0472,0.2664,0.017533,0.848048,-0.529919,0
6249,8.15,0.063483,0.043,0.2869,0.020483,0.845728,-0.533615,0
6250,8.1667,0.0674,0.0483,0.306,0.0191,0.843391,-0.5373,0
6251,8.1833,0.065817,0.0502,0.3216,0.015617,0.841039,-0.540974,0
6252,8.2,0.0631,0.0483,0.3364,0.0148,0.838671,-0.544639,0
6253,8.2167,0.065133,0.0447,0.3568,0.020433,0.836286,-0.548293,0
6254,8.2333,0.061,0.0444,0.3734,0.0166,0.833886,-0.551937,0
6255,8.25,0.069133,0.048,0.3945,0.021133,0.83147,-0.55557,0
6256,8.2667,0.07025,0.0459,0.4189,0.02435,0.829038,-0.559193,0
6257,8.2833,0.066167,0.0476,0.4375,0.018567,0.82659,-0.562805,0
6258,8.3,0.072667,0.0487,0.4615,0.023967,0.824126,-0.566406,0
6259,8.3167,0.069433,0.0484,0.4825,0.021033,0.821647,-0.569997,0
6260,8.3333,0.0667,0.049,0.5002,0.0177,0.819152,-0.573576,0
6261,8.35,0.067083,0.0451,0.5222,0.021983,0.816642,-0.577145,0
6262,8.3667,0.07675,0.045,0.5539,0.03175,0.814116,-0.580703,0
6263,8.3833,0.0695,0.0486,0.5748,0.0209,0.811574,-0.58425,0
6264,8.4,0.070917,0.0497,0.596,0.021217,0.809017,-0.587785,0
6265,8.4167,0.063533,0.0511,0.6084,0.012433,0.806445,-0.59131,0
6266,8.4333,0.071633,0.0494,0.6306,0.022233,0.803857,-0.594823,0
6267,8.45,0.0725,0.0477,0.6554,0.0248,0.801254,-0.598325,0
6268,8.4667,0.0757,0.0479,0.6832,0.0278,0.798636,-0.601815,0
6269,8.4833,0.074517,0.0489,0.7088,0.025617,0.796002,-0.605294,0
6270,8.5,0.073683,0.0462,0.7363,0.027483,0.793353,-0.608761,0
6271,8.5167,0.072217,0.0435,0.765,0.028717,0.79069,-0.612217,0
6272,8.5333,0.076683,0.0454,0.7963,0.031283,0.788011,-0.615661,0
6273,8.55,0.076333,0.0482,0.8244,0.028133,0.785317,-0.619094,0
6274,8.5667,0.078,0.0488,0.8536,0.0292,0.782608,-0.622515,0
6275,8.5833,0.079633,0.0453,0.8879,0.034333,0.779884,-0.625923,0
6276,8.6,0.076083,0.0495,0.9145,0.026583,0.777146,-0.62932,0
6277,8.6167,0.072233,0.0451,0.9416,0.027133,0.774393,-0.632705,0
6278,8.6333,0.07195,0.0484,0.9651,0.02355,0.771625,-0.636078,0
6279,8.65,0.073967,0.0488,0.9903,0.025167,0.768842,-0.639439,0
6280,8.6667,0.081367,0.0474,1.0243,0.033967,0.766044,-0.642788,0
6281,8.6833,0.078867,0.0451,1.0581,0.033767,0.763232,-0.646124,0
6282,8.7,0.075233,0.0493,1.084,0.025933,0.760406,-0.649448,0
6283,8.7167,0.0773,0.0477,1.1136,0.0296,0.757565,-0.65276,0
6284,8.7333,0.077617,0.0505,1.1407,0.027117,0.75471,-0.656059,0
6285,8.75,0.074817,0.0504,1.1651,0.024417,0.75184,-0.659346,0
6286,8.7667,0.081017,0.0483,1.1978,0.032717,0.748956,-0.66262,0
6287,8.7833,0.0786,0.0489,1.2275,0.0297,0.746057,-0.665882,0
6288,8.8,0.082067,0.0506,1.259,0.031467,0.743145,-0.669131,0
6289,8.8167,0.081933,0.0448,1.2961,0.037133,0.740218,-0.672367,0
6290,8.8333,0.084067,0.0472,1.333,0.036867,0.737277,-0.67559,0
6291,8.85,0.0823,0.0483,1.367,0.034,0.734323,-0.678801,0
6292,8.8667,0.080267,0.0472,1.4001,0.033067,0.731354,-0.681998,0
6293,8.8833,0.078367,0.0489,1.4296,0.029467,0.728371,-0.685183,0
6294,8.9,0.080983,0.0487,1.4619,0.032283,0.725374,-0.688355,0
6295,8.9167,0.08135,0.0492,1.4941,0.03215,0.722364,-0.691513,0
6296,8.9333,0.081333,0.0475,1.5279,0.033833,0.71934,-0.694658,0
6297,8.95,0.083117,0.0464,1.5646,0.036717,0.716302,-0.69779,0
6298,8.9667,0.08345,0.0474,1.6006,0.03605,0.71325,-0.700909,0
6299,8.9833,0.080717,0.049,1.6323,0.031717,0.710185,-0.704015,0
6300,9.0,0.088117,0.028,1.6924,0.060117,0.707107,-0.707107,0
6301,9.0167,0.087817,0.026,1.7542,0.061817,0.704015,-0.710185,0
6302,9.0333,0.083333,0.026,1.8115,0.057333,0.700909,-0.71325,0
6303,9.05,0.088667,0.0257,1.8745,0.062967,0.69779,-0.716302,0
6304,9.0667,0.0902,0.0272,1.9375,0.063,0.694658,-0.71934,0
6305,9.0833,0.086367,0.0256,1.9983,0.060767,0.691513,-0.722364,0
6306,9.1,0.090067,0.0274,2.061,0.062667,0.688355,-0.725374,0
6307,9.1167,0.0881,0.0298,2.1193,0.0583,0.685183,-0.728371,0
6308,9.1333,0.084717,0.0225,2.1815,0.062217,0.681998,-0.731354,0
6309,9.15,0.087367,0.0278,2.2411,0.059567,0.678801,-0.734323,0
6310,9.1667,0.094367,0.0276,2.3079,0.066767,0.67559,-0.737277,0
6311,9.1833,0.088567,0.0299,2.3666,0.058667,0.672367,-0.740218,0
6312,9.2,0.086867,0.025,2.4285,0.061867,0.669131,-0.743145,0
6313,9.2167,0.0906,0.0288,2.4903,0.0618,0.665882,-0.746057,0
6314,9.2333,0.0878,0.0254,2.5527,0.0624,0.66262,-0.748956,0
6315,9.25,0.091967,0.0254,2.6193,0.066567,0.659346,-0.75184,0
6316,9.2667,0.088483,0.0269,2.6809,0.061583,0.656059,-0.75471,0
6317,9.2833,0.093583,0.0263,2.7482,0.067283,0.65276,-0.757565,0
6318,9.3,0.089533,0.0258,2.8119,0.063733,0.649448,-0.760406,0
6319,9.3167,0.0917,0.0281,2.8755,0.0636,0.646124,-0.763232,0
6320,9.3333,0.089217,0.0278,2.9369,0.061417,0.642788,-0.766044,0
6321,9.35,0.091633,0.0256,3.0029,0.066033,0.639439,-0.768842,0
6322,9.3667,0.093467,0.0265,3.0699,0.066967,0.636078,-0.771625,0
6323,9.3833,0.087133,0.0311,3.1259,0.056033,0.632705,-0.774393,0
6324,9.4,0.089783,0.0259,3.1898,0.063883,0.62932,-0.777146,0
6325,9.4167,0.094967,0.028,3.2568,0.066967,0.625923,-0.779884,0
6326,9.4333,0.09505,0.0273,3.3246,0.06775,0.622515,-0.782608,0
6327,9.45,0.092583,0.0284,3.3888,0.064183,0.619094,-0.785317,0
6328,9.4667,0.0933,0.0268,3.4553,0.0665,0.615661,-0.788011,0
6329,9.4833,0.095883,0.028,3.5232,0.067883,0.612217,-0.79069,0
6330,9.5,0.096817,0.0277,3.5923,0.069117,0.608761,-0.793353,0
6331,9.5167,0.096867,0.0251,3.6641,0.071767,0.605294,-0.796002,0
6332,9.5333,0.096233,0.0226,3.7377,0.073633,0.601815,-0.798636,0
6333,9.55,0.095267,0.0288,3.8042,0.066467,0.598325,-0.801254,0
6334,9.5667,0.099917,0.0245,3.8796,0.075417,0.594823,-0.803857,0
6335,9.5833,0.096217,0.0295,3.9463,0.066717,0.59131,-0.806445,0
6336,9.6,0.100383,0.0255,4.0212,0.074883,0.587785,-0.809017,0
6337,9.6167,0.097867,0.0232,4.0959,0.074667,0.58425,-0.811574,0
6338,9.6333,0.09755,0.0248,4.1687,0.07275,0.580703,-0.814116,0
6339,9.65,0.0988,0.0256,4.2419,0.0732,0.577145,-0.816642,0
6340,9.6667,0.0949,0.0269,4.3099,0.068,0.573576,-0.819152,0
6341,9.6833,0.097283,0.0289,4.3783,0.068383,0.569997,-0.821647,0
6342,9.7,0.10035,0.0252,4.4535,0.07515,0.566406,-0.824126,0
6343,9.7167,0.096383,0.0277,4.5222,0.068683,0.562805,-0.82659,0
6344,9.7333,0.100217,0.0282,4.5942,0.072017,0.559193,-0.829038,0
6345,9.75,0.099333,0.0228,4.6707,0.076533,0.55557,-0.83147,0
6346,9.7667,0.095933,0.0296,4.737,0.066333,0.551937,-0.833886,0
6347,9.7833,0.101917,0.0259,4.813,0.076017,0.548293,-0.836286,0
6348,9.8,0.1054,0.0253,4.8931,0.0801,0.544639,-0.838671,0
6349,9.8167,0.096917,0.0251,4.9649,0.071817,0.540974,-0.841039,0
6350,9.8333,0.104483,0.0253,5.0441,0.079183,0.5373,-0.843391,0
6351,9.85,0.102033,0.027,5.1191,0.075033,0.533615,-0.845728,0
6352,9.8667,0.101067,0.0277,5.1925,0.073367,0.529919,-0.848048,0
6353,9.8833,0.107133,0.0273,5.2723,0.079833,0.526214,-0.850352,0
6354,9.9,0.0985,0.0261,5.3447,0.0724,0.522499,-0.85264,0
6355,9.9167,0.10835,0.0316,5.4214,0.07675,0.518773,-0.854912,0
6356,9.9333,0.106867,0.0262,5.5021,0.080667,0.515038,-0.857167,0
6357,9.95,0.102017,0.0264,5.5777,0.075617,0.511293,-0.859406,0
6358,9.9667,0.102333,0.0295,5.6505,0.072833,0.507538,-0.861629,0
6359,9.9833,0.104067,0.0236,5.731,0.080467,0.503774,-0.863836,0
6360,10.0,0.10295,0.028,5.806,0.07495,0.5,-0.866025,0
6361,10.0167,0.105317,0.0295,5.8818,0.075817,0.496217,-0.868199,0
6362,10.0333,0.105283,0.026,5.9611,0.079283,0.492424,-0.870356,0
6363,10.05,0.1067,0.0263,6.0415,0.0804,0.488621,-0.872496,0
6364,10.0667,0.108033,0.0234,6.1261,0.084633,0.48481,-0.87462,0
6365,10.0833,0.106633,0.0243,6.2084,0.082333,0.480989,-0.876727,0
6366,10.1,0.107783,0.0263,6.2899,0.081483,0.477159,-0.878817,0
6367,10.1167,0.104917,0.0264,6.3684,0.078517,0.47332,-0.880891,0
6368,10.1333,0.104767,0.0246,6.4486,0.080167,0.469472,-0.882948,0
6369,10.15,0.1047,0.0279,6.5254,0.0768,0.465615,-0.884988,0
6370,10.1667,0.106233,0.0274,6.6042,0.078833,0.461749,-0.887011,0
6371,10.1833,0.10695,0.025,6.6861,0.08195,0.457874,-0.889017,0
6372,10.2,0.105417,0.0298,6.7617,0.075617,0.45399,-0.891007,0
6373,10.2167,0.10635,0.027,6.8411,0.07935,0.450098,-0.892979,0
6374,10.2333,0.107233,0.0265,6.9218,0.080733,0.446198,-0.894934,0
6375,10.25,0.106817,0.0247,7.0039,0.082117,0.442289,-0.896873,0
6376,10.2667,0.104067,0.0265,7.0815,0.077567,0.438371,-0.898794,0
6377,10.2833,0.10365,0.0268,7.1584,0.07685,0.434445,-0.900698,0
6378,10.3,0.1073,0.0266,7.2391,0.0807,0.430511,-0.902585,0
6379,10.3167,0.1059,0.0293,7.3157,0.0766,0.426569,-0.904455,0
6380,10.3333,0.110083,0.0279,7.3979,0.082183,0.422618,-0.906308,0
6381,10.35,0.108583,0.0255,7.481,0.083083,0.41866,-0.908143,0
6382,10.3667,0.110233,0.0298,7.5614,0.080433,0.414693,-0.909961,0
6383,10.3833,0.108133,0.0242,7.6453,0.083933,0.410719,-0.911762,0
6384,10.4,0.110783,0.0237,7.7324,0.087083,0.406737,-0.913545,0
6385,10.4167,0.111983,0.0284,7.816,0.083583,0.402747,-0.915311,0
6386,10.4333,0.113033,0.0253,7.9037,0.087733,0.398749,-0.91706,0
6387,10.45,0.1114,0.0265,7.9886,0.0849,0.394744,-0.918791,0
6388,10.4667,0.109117,0.0206,8.0771,0.088517,0.390731,-0.920505,0
6389,10.4833,0.113267,0.0245,8.1659,0.088767,0.386711,-0.922201,0
6390,10.5,0.112733,0.0233,8.2553,0.089433,0.382683,-0.92388,0
6391,10.5167,0.114617,0.0268,8.3431,0.087817,0.378649,-0.925541,0
6392,10.5333,0.107467,0.029,8.4216,0.078467,0.374607,-0.927184,0
6393,10.55,0.110667,0.0268,8.5055,0.083867,0.370557,-0.92881,0
6394,10.5667,0.112817,0.0276,8.5907,0.085217,0.366501,-0.930418,0
6395,10.5833,0.110883,0.0249,8.6767,0.085983,0.362438,-0.932008,0
6396,10.6,0.1132,0.0259,8.764,0.0873,0.358368,-0.93358,0
6397,10.6167,0.110383,0.0239,8.8505,0.086483,0.354291,-0.935135,0
6398,10.6333,0.11345,0.0233,8.9406,0.09015,0.350207,-0.936672,0
6399,10.65,0.11035,0.0246,9.0264,0.08575,0.346117,-0.938191,0
6400,10.6667,0.108467,0.0247,9.1102,0.083767,0.34202,-0.939693,0
6401,10.6833,0.108983,0.0236,9.1956,0.085383,0.337917,-0.941176,0
6402,10.7,0.116183,0.0281,9.2837,0.088083,0.333807,-0.942641,0
6403,10.7167,0.1134,0.0277,9.3694,0.0857,0.329691,-0.944089,0
6404,10.7333,0.111267,0.0264,9.4543,0.084867,0.325568,-0.945519,0
6405,10.75,0.108983,0.0267,9.5366,0.082283,0.321439,-0.94693,0
6406,10.7667,0.111133,0.0279,9.6198,0.083233,0.317305,-0.948324,0
6407,10.7833,0.116317,0.0235,9.7126,0.092817,0.313164,-0.949699,0
6408,10.8,0.111283,0.0239,9.8,0.087383,0.309017,-0.951057,0
6409,10.8167,0.106883,0.0255,9.8814,0.081383,0.304864,-0.952396,0
6410,10.8333,0.112,0.0252,9.9682,0.0868,0.300706,-0.953717,0
6411,10.85,0.114567,0.031,10.0518,0.083567,0.296542,-0.95502,0
6412,10.8667,0.1182,0.0263,10.1437,0.0919,0.292372,-0.956305,0
6413,10.8833,0.113667,0.0259,10.2315,0.087767,0.288196,-0.957571,0
6414,10.9,0.11255,0.0236,10.3205,0.08895,0.284015,-0.95882,0
6415,10.9167,0.119183,0.0256,10.4141,0.093583,0.279829,-0.96005,0
6416,10.9333,0.117217,0.0262,10.5051,0.091017,0.275637,-0.961262,0
6417,10.95,0.11245,0.0259,10.5917,0.08655,0.27144,-0.962455,0
6418,10.9667,0.113683,0.0239,10.6815,0.089783,0.267238,-0.96363,0
6419,10.9833,0.116983,0.0302,10.7683,0.086783,0.263031,-0.964787,0
6420,11.0,0.115867,0.0267,10.8575,0.089167,0.258819,-0.965926,0
6421,11.0167,0.117383,0.0278,10.9471,0.089583,0.254602,-0.967046,0
6422,11.0333,0.115067,0.0275,11.0347,0.087567,0.25038,-0.968148,0
6423,11.05,0.1177,0.0279,11.1245,0.0898,0.246153,-0.969231,0
6424,11.0667,0.116583,0.0225,11.2186,0.094083,0.241922,-0.970296,0
6425,11.0833,0.11795,0.0228,11.3138,0.09515,0.237686,-0.971342,0
6426,11.1,0.1161,0.0254,11.4045,0.0907,0.233445,-0.97237,0
6427,11.1167,0.1143,0.0288,11.49,0.0855,0.2292,-0.973379,0
6428,11.1333,0.116983,0.0301,11.5769,0.086883,0.224951,-0.97437,0
6429,11.15,0.113683,0.0275,11.6631,0.086183,0.220697,-0.975342,0
6430,11.1667,0.1153,0.0255,11.7529,0.0898,0.21644,-0.976296,0
6431,11.1833,0.1149,0.0255,11.8423,0.0894,0.212178,-0.977231,0
6432,11.2,0.114917,0.0258,11.9314,0.089117,0.207912,-0.978148,0
6433,11.2167,0.1137,0.0252,12.0199,0.0885,0.203642,-0.979045,0
6434,11.2333,0.120067,0.0254,12.1146,0.094667,0.199368,-0.979925,0
6435,11.25,0.1176,0.0257,12.2065,0.0919,0.19509,-0.980785,0
6436,11.2667,0.117733,0.0268,12.2974,0.090933,0.190809,-0.981627,0
6437,11.2833,0.12005,0.024,12.3935,0.09605,0.186524,-0.98245,0
6438,11.3,0.118433,0.0251,12.4868,0.093333,0.182236,-0.983255,0
6439,11.3167,0.117667,0.0239,12.5806,0.093767,0.177944,-0.984041,0
6440,11.3333,0.11675,0.0245,12.6729,0.09225,0.173648,-0.984808,0
6441,11.35,0.11745,0.0234,12.7669,0.09405,0.16935,-0.985556,0
6442,11.3667,0.121367,0.0262,12.8621,0.095167,0.165048,-0.986286,0
6443,11.3833,0.11765,0.0223,12.9574,0.09535,0.160743,-0.986996,0
6444,11.4,0.1176,0.0251,13.0499,0.0925,0.156434,-0.987688,0
6445,11.4167,0.119767,0.0274,13.1423,0.092367,0.152123,-0.988362,0
6446,11.4333,0.1193,0.025,13.2366,0.0943,0.147809,-0.989016,0
6447,11.45,0.125267,0.0259,13.336,0.099367,0.143493,-0.989651,0
6448,11.4667,0.121867,0.0295,13.4284,0.092367,0.139173,-0.990268,0
6449,11.4833,0.117783,0.0273,13.5189,0.090483,0.134851,-0.990866,0
6450,11.5,0.118683,0.027,13.6106,0.091683,0.130526,-0.991445,0
6451,11.5167,0.119233,0.0283,13.7015,0.090933,0.126199,-0.992005,0
6452,11.5333,0.113767,0.0241,13.7912,0.089667,0.121869,-0.992546,0
6453,11.55,0.118067,0.0278,13.8815,0.090267,0.117537,-0.993068,0
6454,11.5667,0.116983,0.0304,13.9681,0.086583,0.113203,-0.993572,0
6455,11.5833,0.117617,0.0239,14.0618,0.093717,0.108867,-0.994056,0
6456,11.6,0.120167,0.0267,14.1553,0.093467,0.104528,-0.994522,0
6457,11.6167,0.121267,0.0274,14.2492,0.093867,0.100188,-0.994969,0
6458,11.6333,0.115233,0.0259,14.3385,0.089333,0.095846,-0.995396,0
6459,11.65,0.121783,0.0253,14.435,0.096483,0.091502,-0.995805,0
6460,11.6667,0.11835,0.0266,14.5267,0.09175,0.087156,-0.996195,0
6461,11.6833,0.120317,0.0265,14.6205,0.093817,0.082808,-0.996566,0
6462,11.7,0.1173,0.027,14.7108,0.0903,0.078459,-0.996917,0
6463,11.7167,0.1174,0.0241,14.8041,0.0933,0.074108,-0.99725,0
6464,11.7333,0.120767,0.0257,14.8992,0.095067,0.069756,-0.997564,0
6465,11.75,0.11885,0.0268,14.9913,0.09205,0.065403,-0.997859,0
6466,11.7667,0.118417,0.0281,15.0,0.090317,0.061049,-0.998135,0
6467,11.7833,0.121,0.0245,15.0,0.0965,0.056693,-0.998392,0
6468,11.8,0.11895,0.0283,15.0,0.09065,0.052336,-0.99863,0
6469,11.8167,0.118333,0.0265,15.0,0.091833,0.047978,-0.998848,0
6470,11.8333,0.121183,0.0267,15.0,0.094483,0.043619,-0.999048,0
6471,11.85,0.120833,0.0255,15.0,0.095333,0.03926,-0.999229,0
6472,11.8667,0.120767,0.025,15.0,0.095767,0.034899,-0.999391,0
6473,11.8833,0.124683,0.0287,15.0,0.095983,0.030539,-0.999534,0
6474,11.9,0.121133,0.0258,15.0,0.095333,0.026177,-0.999657,0
6475,11.9167,0.1203,0.0273,15.0,0.093,0.021815,-0.999762,0
6476,11.9333,0.120633,0.0297,15.0,0.090933,0.017452,-0.999848,0
6477,11.95,0.119817,0.026,15.0,0.093817,0.01309,-0.999914,0
6478,11.9667,0.11785,0.0207,15.0,0.09715,0.008727,-0.999962,0
6479,11.9833,0.120217,0.0253,15.0,0.094917,0.004363,-0.99999,0
6480,12.0,0.121583,0.023,15.0,0.098583,0.0,-1.0,0
6481,12.0167,0.121467,0.0234,15.0,0.098067,-0.004363,-0.99999,0
6482,12.0333,0.120417,0.0276,15.0,0.092817,-0.008727,-0.999962,0
6483,12.05,0.120967,0.0257,15.0,0.095267,-0.01309,-0.999914,0
6484,12.0667,0.1212,0.0265,15.0,0.0947,-0.017452,-0.999848,0
6485,12.0833,0.121067,0.022,15.0,0.099067,-0.021815,-0.999762,0
6486,12.1,0.1173,0.0303,15.0,0.087,-0.026177,-0.999657,0
6487,12.1167,0.122767,0.0274,15.0,0.095367,-0.030539,-0.999534,0
6488,12.1333,0.11935,0.0251,15.0,0.09425,-0.034899,-0.999391,0
6489,12.15,0.123667,0.0259,15.0,0.097767,-0.03926,-0.999229,0
6490,12.1667,0.118183,0.0283,15.0,0.089883,-0.043619,-0.999048,0
6491,12.1833,0.120283,0.0304,15.0,0.089883,-0.047978,-0.998848,0
6492,12.2,0.120033,0.0233,15.0,0.096733,-0.052336,-0.99863,0
6493,12.2167,0.116367,0.0263,15.0,0.090067,-0.056693,-0.998392,0
6494,12.2333,0.119917,0.028,15.0,0.091917,-0.061049,-0.998135,0
6495,12.25,0.122783,0.0247,15.0,0.098083,-0.065403,-0.997859,0
6496,12.2667,0.120817,0.0251,15.0,0.095717,-0.069756,-0.997564,0
6497,12.2833,0.123667,0.0274,15.0,0.096267,-0.074108,-0.99725,0
6498,12.3,0.118767,0.0292,15.0,0.089567,-0.078459,-0.996917,0
6499,12.3167,0.123933,0.0229,15.0,0.101033,-0.082808,-0.996566,0
6500,12.3333,0.1166,0.0253,15.0,0.0913,-0.087156,-0.996195,0
6501,12.35,0.1177,0.0239,15.0,0.0938,-0.091502,-0.995805,0
6502,12.3667,0.119517,0.0241,15.0,0.095417,-0.095846,-0.995396,0
6503,12.3833,0.113817,0.0269,15.0,0.086917,-0.100188,-0.994969,0
6504,12.4,0.1171,0.0247,15.0,0.0924,-0.104528,-0.994522,0
6505,12.4167,0.121917,0.0314,15.0,0.090517,-0.108867,-0.994056,0
6506,12.4333,0.12005,0.0253,15.0,0.09475,-0.113203,-0.993572,0
6507,12.45,0.117233,0.0255,15.0,0.091733,-0.117537,-0.993068,0
6508,12.4667,0.1219,0.0229,15.0,0.099,-0.121869,-0.992546,0
6509,12.4833,0.11685,0.026,15.0,0.09085,-0.126199,-0.992005,0
6510,12.5,0.119467,0.0258,15.0,0.093667,-0.130526,-0.991445,0
6511,12.5167,0.114383,0.0278,15.0,0.086583,-0.134851,-0.990866,0
6512,12.5333,0.118083,0.0287,15.0,0.089383,-0.139173,-0.990268,0
6513,12.55,0.120383,0.0276,15.0,0.092783,-0.143493,-0.989651,0
6514,12.5667,0.122433,0.0228,15.0,0.099633,-0.147809,-0.989016,0
6515,12.5833,0.117967,0.0323,15.0,0.085667,-0.152123,-0.988362,0
6516,12.6,0.11905,0.0261,15.0,0.09295,-0.156434,-0.987688,0
6517,12.6167,0.118433,0.0282,15.0,0.090233,-0.160743,-0.986996,0
6518,12.6333,0.122133,0.0276,15.0,0.094533,-0.165048,-0.986286,0
6519,12.65,0.1227,0.0272,15.0,0.0955,-0.16935,-0.985556,0
6520,12.6667,0.115967,0.0224,15.0,0.093567,-0.173648,-0.984808,0
6521,12.6833,0.1183,0.0259,15.0,0.0924,-0.177944,-0.984041,0
6522,12.7,0.114933,0.0256,15.0,0.089333,-0.182236,-0.983255,0
6523,12.7167,0.1185,0.0261,15.0,0.0924,-0.186524,-0.98245,0
6524,12.7333,0.12215,0.0275,15.0,0.09465,-0.190809,-0.981627,0
6525,12.75,0.122483,0.0245,15.0,0.097983,-0.19509,-0.980785,0
6526,12.7667,0.117333,0.0265,15.0,0.090833,-0.199368,-0.979925,0
6527,12.7833,0.1157,0.0287,15.0,0.087,-0.203642,-0.979045,0
6528,12.8,0.12025,0.0226,15.0,0.09765,-0.207912,-0.978148,0
6529,12.8167,0.121317,0.027,15.0,0.094317,-0.212178,-0.977231,0
6530,12.8333,0.117467,0.0268,15.0,0.090667,-0.21644,-0.976296,0
6531,12.85,0.11245,0.0282,15.0,0.08425,-0.220697,-0.975342,0
6532,12.8667,0.119117,0.0273,15.0,0.091817,-0.224951,-0.97437,0
6533,12.8833,0.11605,0.0303,15.0,0.08575,-0.2292,-0.973379,0
6534,12.9,0.115333,0.0267,15.0,0.088633,-0.233445,-0.97237,0
6535,12.9167,0.114367,0.0265,15.0,0.087867,-0.237686,-0.971342,0
6536,12.9333,0.11755,0.0284,15.0,0.08915,-0.241922,-0.970296,0
6537,12.95,0.118667,0.0243,15.0,0.094367,-0.246153,-0.969231,0
6538,12.9667,0.112483,0.025,15.0,0.087483,-0.25038,-0.968148,0
6539,12.9833,0.116383,0.0282,15.0,0.088183,-0.254602,-0.967046,0
6540,13.0,0.116667,0.0286,15.0,0.088067,-0.258819,-0.965926,0
6541,13.0167,0.11435,0.0705,15.0,0.04385,-0.263031,-0.964787,0
6542,13.0333,0.11455,0.067,15.0,0.04755,-0.267238,-0.96363,0
6543,13.05,0.120117,0.0701,15.0,0.050017,-0.27144,-0.962455,0
6544,13.0667,0.11815,0.0719,15.0,0.04625,-0.275637,-0.961262,0
6545,13.0833,0.120517,0.0709,15.0,0.049617,-0.279829,-0.96005,0
6546,13.1,0.1151,0.0705,15.0,0.0446,-0.284015,-0.95882,0
6547,13.1167,0.1173,0.07,15.0,0.0473,-0.288196,-0.957571,0
6548,13.1333,0.1149,0.0699,15.0,0.045,-0.292372,-0.956305,0
6549,13.15,0.115483,0.0671,15.0,0.048383,-0.296542,-0.95502,0
6550,13.1667,0.118517,0.0696,15.0,0.048917,-0.300706,-0.953717,0
6551,13.1833,0.114717,0.0684,15.0,0.046317,-0.304864,-0.952396,0
6552,13.2,0.111767,0.0677,15.0,0.044067,-0.309017,-0.951057,0
6553,13.2167,0.110417,0.0675,15.0,0.042917,-0.313164,-0.949699,0
6554,13.2333,0.116433,0.0723,15.0,0.044133,-0.317305,-0.948324,0
6555,13.25,0.1181,0.0727,15.0,0.0454,-0.321439,-0.94693,0
6556,13.2667,0.11695,0.0712,15.0,0.04575,-0.325568,-0.945519,0
6557,13.2833,0.11245,0.0713,15.0,0.04115,-0.329691,-0.944089,0
6558,13.3,0.114017,0.0717,15.0,0.042317,-0.333807,-0.942641,0
6559,13.3167,0.115067,0.0731,15.0,0.041967,-0.337917,-0.941176,0
6560,13.3333,0.111433,0.0721,15.0,0.039333,-0.34202,-0.939693,0
6561,13.35,0.1088,0.0693,15.0,0.0395,-0.346117,-0.938191,0
6562,13.3667,0.112533,0.0723,15.0,0.040233,-0.350207,-0.936672,0
6563,13.3833,0.107217,0.0715,15.0,0.035717,-0.354291,-0.935135,0
6564,13.4,0.110467,0.0746,15.0,0.035867,-0.358368,-0.93358,0
6565,13.4167,0.11245,0.0699,15.0,0.04255,-0.362438,-0.932008,0
6566,13.4333,0.110633,0.0708,15.0,0.039833,-0.366501,-0.930418,0
6567,13.45,0.110133,0.0654,15.0,0.044733,-0.370557,-0.92881,0
6568,13.4667,0.110867,0.0723,15.0,0.038567,-0.374607,-0.927184,0
6569,13.4833,0.111033,0.074,15.0,0.037033,-0.378649,-0.925541,0
6570,13.5,0.112317,0.0664,15.0,0.045917,-0.382683,-0.92388,0
6571,13.5167,0.1121,0.0702,15.0,0.0419,-0.386711,-0.922201,0
6572,13.5333,0.110933,0.0713,15.0,0.039633,-0.390731,-0.920505,0
6573,13.55,0.109283,0.0668,15.0,0.042483,-0.394744,-0.918791,0
6574,13.5667,0.110083,0.0697,15.0,0.040383,-0.398749,-0.91706,0
6575,13.5833,0.11365,0.0736,15.0,0.04005,-0.402747,-0.915311,0
6576,13.6,0.112183,0.0282,15.0,0.083983,-0.406737,-0.913545,0
6577,13.6167,0.10995,0.0284,15.0,0.08155,-0.410719,-0.911762,0
6578,13.6333,0.10925,0.0271,15.0,0.08215,-0.414693,-0.909961,0
6579,13.65,0.107417,0.0266,15.0,0.080817,-0.41866,-0.908143,0
6580,13.6667,0.109417,0.0265,15.0,0.082917,-0.422618,-0.906308,0
6581,13.6833,0.113867,0.0293,15.0,0.084567,-0.426569,-0.904455,0
6582,13.7,0.112133,0.0278,15.0,0.084333,-0.430511,-0.902585,0
6583,13.7167,0.11055,0.0278,15.0,0.08275,-0.434445,-0.900698,0
6584,13.7333,0.106833,0.0279,15.0,0.078933,-0.438371,-0.898794,0
6585,13.75,0.10825,0.0257,15.0,0.08255,-0.442289,-0.896873,0
6586,13.7667,0.104833,0.0271,15.0,0.077733,-0.446198,-0.894934,0
6587,13.7833,0.110883,0.024,15.0,0.086883,-0.450098,-0.892979,0
6588,13.8,0.103317,0.0292,15.0,0.074117,-0.45399,-0.891007,0
6589,13.8167,0.105767,0.024,15.0,0.081767,-0.457874,-0.889017,0
6590,13.8333,0.105583,0.0268,15.0,0.078783,-0.461749,-0.887011,0
6591,13.85,0.106,0.0249,15.0,0.0811,-0.465615,-0.884988,0
6592,13.8667,0.1064,0.0252,15.0,0.0812,-0.469472,-0.882948,0
6593,13.8833,0.102117,0.0238,15.0,0.078317,-0.47332,-0.880891,0
6594,13.9,0.105433,0.0263,15.0,0.079133,-0.477159,-0.878817,0
6595,13.9167,0.101033,0.0245,15.0,0.076533,-0.480989,-0.876727,0
6596,13.9333,0.102083,0.0258,15.0,0.076283,-0.48481,-0.87462,0
6597,13.95,0.108133,0.025,15.0,0.083133,-0.488621,-0.872496,0
6598,13.9667,0.101867,0.0245,15.0,0.077367,-0.492424,-0.870356,0
6599,13.9833,0.104133,0.0289,15.0,0.075233,-0.496217,-0.868199,0
6600,14.0,0.105467,0.026,15.0,0.079467,-0.5,-0.866025,0
6601,14.0167,0.1016,0.0239,15.0,0.0777,-0.503774,-0.863836,0
6602,14.0333,0.104617,0.0258,15.0,0.078817,-0.507538,-0.861629,0
6603,14.05,0.101617,0.026,15.0,0.075617,-0.511293,-0.859406,0
6604,14.0667,0.10135,0.027,15.0,0.07435,-0.515038,-0.857167,0
6605,14.0833,0.10265,0.0217,15.0,0.08095,-0.518773,-0.854912,0
6606,14.1,0.103367,0.025,15.0,0.078367,-0.522499,-0.85264,0
6607,14.1167,0.102217,0.0249,15.0,0.077317,-0.526214,-0.850352,0
6608,14.1333,0.102883,0.0266,15.0,0.076283,-0.529919,-0.848048,0
6609,14.15,0.09755,0.0245,15.0,0.07305,-0.533615,-0.845728,0
6610,14.1667,0.101783,0.0226,15.0,0.079183,-0.5373,-0.843391,0
6611,14.1833,0.10095,0.0273,15.0,0.07365,-0.540974,-0.841039,0
6612,14.2,0.100417,0.0241,15.0,0.076317,-0.544639,-0.838671,0
6613,14.2167,0.0979,0.0267,15.0,0.0712,-0.548293,-0.836286,0
6614,14.2333,0.097117,0.0281,15.0,0.069017,-0.551937,-0.833886,0
6615,14.25,0.101783,0.0242,15.0,0.077583,-0.55557,-0.83147,0
6616,14.2667,0.102833,0.0234,15.0,0.079433,-0.559193,-0.829038,0
6617,14.2833,0.096067,0.0254,15.0,0.070667,-0.562805,-0.82659,0
6618,14.3,0.097633,0.0267,15.0,0.070933,-0.566406,-0.824126,0
6619,14.3167,0.0969,0.0223,15.0,0.0746,-0.569997,-0.821647,0
6620,14.3333,0.096983,0.0253,15.0,0.071683,-0.573576,-0.819152,0
6621,14.35,0.095217,0.0243,15.0,0.070917,-0.577145,-0.816642,0
6622,14.3667,0.096683,0.0264,15.0,0.070283,-0.580703,-0.814116,0
6623,14.3833,0.098667,0.0267,15.0,0.071967,-0.58425,-0.811574,0
6624,14.4,0.0934,0.0274,15.0,0.066,-0.587785,-0.809017,0
6625,14.4167,0.097717,0.0284,15.0,0.069317,-0.59131,-0.806445,0
6626,14.4333,0.098317,0.0278,15.0,0.070517,-0.594823,-0.803857,0
6627,14.45,0.096633,0.0302,15.0,0.066433,-0.598325,-0.801254,0
6628,14.4667,0.091967,0.0229,15.0,0.069067,-0.601815,-0.798636,0
6629,14.4833,0.099417,0.029,15.0,0.070417,-0.605294,-0.796002,0
6630,14.5,0.097833,0.0315,15.0,0.066333,-0.608761,-0.793353,0
6631,14.5167,0.09325,0.0239,15.0,0.06935,-0.612217,-0.79069,0
6632,14.5333,0.093717,0.0288,15.0,0.064917,-0.615661,-0.788011,0
6633,14.55,0.0937,0.0268,15.0,0.0669,-0.619094,-0.785317,0
6634,14.5667,0.0905,0.0269,15.0,0.0636,-0.622515,-0.782608,0
6635,14.5833,0.097,0.0253,15.0,0.0717,-0.625923,-0.779884,0
6636,14.6,0.090617,0.0269,15.0,0.063717,-0.62932,-0.777146,0
6637,14.6167,0.0893,0.0289,15.0,0.0604,-0.632705,-0.774393,0
6638,14.6333,0.09095,0.0265,15.0,0.06445,-0.636078,-0.771625,0
6639,14.65,0.091667,0.0301,15.0,0.061567,-0.639439,-0.768842,0
6640,14.6667,0.091117,0.0279,15.0,0.063217,-0.642788,-0.766044,0
6641,14.6833,0.092217,0.0231,15.0,0.069117,-0.646124,-0.763232,0
6642,14.7,0.093483,0.0311,15.0,0.062383,-0.649448,-0.760406,0
6643,14.7167,0.0873,0.0245,15.0,0.0628,-0.65276,-0.757565,0
6644,14.7333,0.08935,0.0313,15.0,0.05805,-0.656059,-0.75471,0
6645,14.75,0.090133,0.0273,15.0,0.062833,-0.659346,-0.75184,0
6646,14.7667,0.090617,0.0236,15.0,0.067017,-0.66262,-0.748956,0
6647,14.7833,0.087533,0.0259,15.0,0.061633,-0.665882,-0.746057,0
6648,14.8,0.090133,0.0287,15.0,0.061433,-0.669131,-0.743145,0
6649,14.8167,0.088383,0.024,15.0,0.064383,-0.672367,-0.740218,0
6650,14.8333,0.088183,0.0275,15.0,0.060683,-0.67559,-0.737277,0
6651,14.85,0.087933,0.0287,15.0,0.059233,-0.678801,-0.734323,0
6652,14.8667,0.089783,0.0253,15.0,0.064483,-0.681998,-0.731354,0
6653,14.8833,0.089,0.0263,15.0,0.0627,-0.685183,-0.728371,0
6654,14.9,0.085333,0.0243,15.0,0.061033,-0.688355,-0.725374,0
6655,14.9167,0.0861,0.0273,15.0,0.0588,-0.691513,-0.722364,0
6656,14.9333,0.086567,0.0258,15.0,0.060767,-0.694658,-0.71934,0
6657,14.95,0.085633,0.0278,15.0,0.057833,-0.69779,-0.716302,0
6658,14.9667,0.086183,0.0246,15.0,0.061583,-0.700909,-0.71325,0
6659,14.9833,0.086167,0.0258,15.0,0.060367,-0.704015,-0.710185,0
6660,15.0,0.085333,0.0271,15.0,0.058233,-0.707107,-0.707107,0
6661,15.0167,0.081417,0.0278,15.0,0.053617,-0.710185,-0.704015,0
6662,15.0333,0.0827,0.0253,15.0,0.0574,-0.71325,-0.700909,0
6663,15.05,0.085017,0.0284,15.0,0.056617,-0.716302,-0.69779,0
6664,15.0667,0.08225,0.0249,15.0,0.05735,-0.71934,-0.694658,0
6665,15.0833,0.08085,0.026,15.0,0.05485,-0.722364,-0.691513,0
6666,15.1,0.080683,0.0271,15.0,0.053583,-0.725374,-0.688355,0
6667,15.1167,0.079683,0.0296,15.0,0.050083,-0.728371,-0.685183,0
6668,15.1333,0.085817,0.0289,15.0,0.056917,-0.731354,-0.681998,0
6669,15.15,0.081567,0.0281,15.0,0.053467,-0.734323,-0.678801,0
6670,15.1667,0.081283,0.0271,15.0,0.054183,-0.737277,-0.67559,0
6671,15.1833,0.0819,0.0252,15.0,0.0567,-0.740218,-0.672367,0
6672,15.2,0.083467,0.0286,15.0,0.054867,-0.743145,-0.669131,0
6673,15.2167,0.078633,0.0287,15.0,0.049933,-0.746057,-0.665882,0
6674,15.2333,0.079533,0.0277,15.0,0.051833,-0.748956,-0.66262,0
6675,15.25,0.079767,0.0282,15.0,0.051567,-0.75184,-0.659346,0
6676,15.2667,0.083833,0.0248,15.0,0.059033,-0.75471,-0.656059,0
6677,15.2833,0.07655,0.0264,15.0,0.05015,-0.757565,-0.65276,0
6678,15.3,0.075933,0.0253,15.0,0.050633,-0.760406,-0.649448,0
6679,15.3167,0.074017,0.0284,15.0,0.045617,-0.763232,-0.646124,0
6680,15.3333,0.08015,0.0294,15.0,0.05075,-0.766044,-0.642788,0
6681,15.35,0.072917,0.0268,15.0,0.046117,-0.768842,-0.639439,0
6682,15.3667,0.07445,0.0239,15.0,0.05055,-0.771625,-0.636078,0
6683,15.3833,0.074733,0.023,15.0,0.051733,-0.774393,-0.632705,0
6684,15.4,0.0776,0.0276,15.0,0.05,-0.777146,-0.62932,0
6685,15.4167,0.073933,0.0292,15.0,0.044733,-0.779884,-0.625923,0
6686,15.4333,0.076833,0.0254,15.0,0.051433,-0.782608,-0.622515,0
6687,15.45,0.0782,0.0244,15.0,0.0538,-0.785317,-0.619094,0
6688,15.4667,0.072083,0.0288,15.0,0.043283,-0.788011,-0.615661,0
6689,15.4833,0.0732,0.0285,15.0,0.0447,-0.79069,-0.612217,0
6690,15.5,0.073917,0.0249,15.0,0.049017,-0.793353,-0.608761,0
6691,15.5167,0.0697,0.028,15.0,0.0417,-0.796002,-0.605294,0
6692,15.5333,0.06995,0.0236,15.0,0.04635,-0.798636,-0.601815,0
6693,15.55,0.066833,0.0275,15.0,0.039333,-0.801254,-0.598325,0
6694,15.5667,0.070733,0.0292,15.0,0.041533,-0.803857,-0.594823,0
6695,15.5833,0.070367,0.0262,15.0,0.044167,-0.806445,-0.59131,0
6696,15.6,0.068717,0.0248,15.0,0.043917,-0.809017,-0.587785,0
6697,15.6167,0.07195,0.0266,15.0,0.04535,-0.811574,-0.58425,0
6698,15.6333,0.068833,0.0247,15.0,0.044133,-0.814116,-0.580703,0
6699,15.65,0.067983,0.027,15.0,0.040983,-0.816642,-0.577145,0
6700,15.6667,0.06395,0.0298,15.0,0.03415,-0.819152,-0.573576,0
6701,15.6833,0.0692,0.0273,15.0,0.0419,-0.821647,-0.569997,0
6702,15.7,0.068083,0.026,15.0,0.042083,-0.824126,-0.566406,0
6703,15.7167,0.068383,0.0286,15.0,0.039783,-0.82659,-0.562805,0
6704,15.7333,0.0676,0.0239,15.0,0.0437,-0.829038,-0.559193,0
6705,15.75,0.0698,0.0282,15.0,0.0416,-0.83147,-0.55557,0
6706,15.7667,0.067733,0.0239,15.0,0.043833,-0.833886,-0.551937,0
6707,15.7833,0.064083,0.0271,15.0,0.036983,-0.836286,-0.548293,0
6708,15.8,0.066183,0.022,15.0,0.044183,-0.838671,-0.544639,0
6709,15.8167,0.065917,0.0233,15.0,0.042617,-0.841039,-0.540974,0
6710,15.8333,0.064917,0.0282,15.0,0.036717,-0.843391,-0.5373,0
6711,15.85,0.064383,0.1039,14.9605,-0.039517,-0.845728,-0.533615,0
6712,15.8667,0.0656,0.1033,14.9228,-0.0377,-0.848048,-0.529919,0
6713,15.8833,0.065517,0.1038,14.8845,-0.038283,-0.850352,-0.526214,0
6714,15.9,0.06075,0.1049,14.8404,-0.04415,-0.85264,-0.522499,0
6715,15.9167,0.060367,0.1021,14.7987,-0.041733,-0.854912,-0.518773,0
6716,15.9333,0.05715,0.0999,14.756,-0.04275,-0.857167,-0.515038,0
6717,15.95,0.062883,0.1051,14.7138,-0.042217,-0.859406,-0.511293,0
6718,15.9667,0.057233,0.1042,14.6668,-0.046967,-0.861629,-0.507538,0
6719,15.9833,0.058283,0.0993,14.6258,-0.041017,-0.863836,-0.503774,0
6720,16.0,0.0575,0.1033,14.58,-0.0458,-0.866025,-0.5,0
6721,16.0167,0.059367,0.1041,14.5353,-0.044733,-0.868199,-0.496217,0
6722,16.0333,0.05615,0.1059,14.4855,-0.04975,-0.870356,-0.492424,0
6723,16.05,0.0592,0.1044,14.4403,-0.0452,-0.872496,-0.488621,0
6724,16.0667,0.060083,0.1035,14.3969,-0.043417,-0.87462,-0.48481,0
6725,16.0833,0.06105,0.1024,14.3556,-0.04135,-0.876727,-0.480989,0
6726,16.1,0.0589,0.1008,14.3137,-0.0419,-0.878817,-0.477159,0
6727,16.1167,0.058567,0.1004,14.2719,-0.041833,-0.880891,-0.47332,0
6728,16.1333,0.061117,0.1009,14.2321,-0.039783,-0.882948,-0.469472,0
6729,16.15,0.053717,0.1014,14.1844,-0.047683,-0.884988,-0.465615,0
6730,16.1667,0.055833,0.1054,14.1348,-0.049567,-0.887011,-0.461749,0
6731,16.1833,0.05485,0.1019,14.0877,-0.04705,-0.889017,-0.457874,0
6732,16.2,0.0595,0.1013,14.0459,-0.0418,-0.891007,-0.45399,0
6733,16.2167,0.051133,0.104,13.993,-0.052867,-0.892979,-0.450098,0
6734,16.2333,0.057117,0.1051,13.945,-0.047983,-0.894934,-0.446198,0
6735,16.25,0.055167,0.1002,13.9,-0.045033,-0.896873,-0.442289,0
6736,16.2667,0.052183,0.1016,13.8506,-0.049417,-0.898794,-0.438371,0
6737,16.2833,0.055667,0.1089,13.7974,-0.053233,-0.900698,-0.434445,0
6738,16.3,0.053767,0.1026,13.7486,-0.048833,-0.902585,-0.430511,0
6739,16.3167,0.05415,0.1003,13.7025,-0.04615,-0.904455,-0.426569,0
6740,16.3333,0.047867,0.1025,13.6479,-0.054633,-0.906308,-0.422618,0
6741,16.35,0.0494,0.1039,13.5934,-0.0545,-0.908143,-0.41866,0
6742,16.3667,0.05065,0.1032,13.5409,-0.05255,-0.909961,-0.414693,0
6743,16.3833,0.0485,0.1045,13.4849,-0.056,-0.911762,-0.410719,0
6744,16.4,0.050433,0.1023,13.433,-0.051867,-0.913545,-0.406737,0
6745,16.4167,0.041433,0.1008,13.3736,-0.059367,-0.915311,-0.402747,0
6746,16.4333,0.042533,0.105,13.3111,-0.062467,-0.91706,-0.398749,0
6747,16.45,0.046583,0.1018,13.2559,-0.055217,-0.918791,-0.394744,0
6748,16.4667,0.050367,0.1047,13.2016,-0.054333,-0.920505,-0.390731,0
6749,16.4833,0.049217,0.1027,13.1481,-0.053483,-0.922201,-0.386711,0
6750,16.5,0.044733,0.1043,13.0885,-0.059567,-0.92388,-0.382683,0
6751,16.5167,0.046133,0.0967,13.0379,-0.050567,-0.925541,-0.378649,0
6752,16.5333,0.04805,0.1042,12.9817,-0.05615,-0.927184,-0.374607,0
6753,16.55,0.041683,0.1052,12.9182,-0.063517,-0.92881,-0.370557,0
6754,16.5667,0.045217,0.1024,12.861,-0.057183,-0.930418,-0.366501,0
6755,16.5833,0.0433,0.1028,12.8015,-0.0595,-0.932008,-0.362438,0
6756,16.6,0.045883,0.1044,12.743,-0.058517,-0.93358,-0.358368,0
6757,16.6167,0.0471,0.1049,12.6852,-0.0578,-0.935135,-0.354291,0
6758,16.6333,0.040667,0.1045,12.6214,-0.063833,-0.936672,-0.350207,0
6759,16.65,0.04295,0.0256,12.6387,0.01735,-0.938191,-0.346117,0
6760,16.6667,0.038917,0.0291,12.6485,0.009817,-0.939693,-0.34202,0
6761,16.6833,0.040167,0.0245,12.6642,0.015667,-0.941176,-0.337917,0
6762,16.7,0.037283,0.0244,12.6771,0.012883,-0.942641,-0.333807,0
6763,16.7167,0.04105,0.029,12.6891,0.01205,-0.944089,-0.329691,0
6764,16.7333,0.039467,0.0285,12.7001,0.010967,-0.945519,-0.325568,0
6765,16.75,0.034467,0.0299,12.7047,0.004567,-0.94693,-0.321439,0
6766,16.7667,0.041133,0.0274,12.7184,0.013733,-0.948324,-0.317305,0
6767,16.7833,0.035133,0.026,12.7275,0.009133,-0.949699,-0.313164,0
6768,16.8,0.03655,0.0243,12.7397,0.01225,-0.951057,-0.309017,0
6769,16.8167,0.0353,0.0238,12.7512,0.0115,-0.952396,-0.304864,0
6770,16.8333,0.03745,0.0893,12.6993,-0.05185,-0.953717,-0.300706,0
6771,16.85,0.034767,0.0863,12.6478,-0.051533,-0.95502,-0.296542,0
6772,16.8667,0.03625,0.0828,12.6013,-0.04655,-0.956305,-0.292372,0
6773,16.8833,0.037517,0.0878,12.551,-0.050283,-0.957571,-0.288196,0
6774,16.9,0.031817,0.0836,12.4992,-0.051783,-0.95882,-0.284015,0
6775,16.9167,0.03165,0.0835,12.4474,-0.05185,-0.96005,-0.279829,0
6776,16.9333,0.030917,0.0895,12.3888,-0.058583,-0.961262,-0.275637,0
6777,16.95,0.0351,0.0868,12.3371,-0.0517,-0.962455,-0.27144,0
6778,16.9667,0.031917,0.0874,12.2816,-0.055483,-0.96363,-0.267238,0
6779,16.9833,0.0281,0.0862,12.2235,-0.0581,-0.964787,-0.263031,0
6780,17.0,0.028583,0.0891,12.163,-0.060517,-0.965926,-0.258819,0
6781,17.0167,0.032383,0.0882,12.1072,-0.055817,-0.967046,-0.254602,0
6782,17.0333,0.0287,0.086,12.0499,-0.0573,-0.968148,-0.25038,0
6783,17.05,0.030833,0.0902,11.9905,-0.059367,-0.969231,-0.246153,0
6784,17.0667,0.022833,0.0828,11.9305,-0.059967,-0.970296,-0.241922,0
6785,17.0833,0.030733,0.089,11.8722,-0.058267,-0.971342,-0.237686,0
6786,17.1,0.029583,0.0851,11.8167,-0.055517,-0.97237,-0.233445,0
6787,17.1167,0.026533,0.0852,11.758,-0.058667,-0.973379,-0.2292,0
6788,17.1333,0.0262,0.0872,11.697,-0.061,-0.97437,-0.224951,0
6789,17.15,0.027617,0.0888,11.6358,-0.061183,-0.975342,-0.220697,0
6790,17.1667,0.027667,0.0883,11.5752,-0.060633,-0.976296,-0.21644,0
6791,17.1833,0.02265,0.0866,11.5113,-0.06395,-0.977231,-0.212178,0
6792,17.2,0.023617,0.0889,11.446,-0.065283,-0.978148,-0.207912,0
6793,17.2167,0.024483,0.0865,11.384,-0.062017,-0.979045,-0.203642,0
6794,17.2333,0.0232,0.0854,11.3218,-0.0622,-0.979925,-0.199368,0
6795,17.25,0.023283,0.0871,11.258,-0.063817,-0.980785,-0.19509,0
6796,17.2667,0.024967,0.0856,11.1974,-0.060633,-0.981627,-0.190809,0
6797,17.2833,0.019017,0.0887,11.1277,-0.069683,-0.98245,-0.186524,0
6798,17.3,0.023733,0.0901,11.0613,-0.066367,-0.983255,-0.182236,0
6799,17.3167,0.02585,0.0886,10.9985,-0.06275,-0.984041,-0.177944,0
6800,17.3333,0.019833,0.0843,10.934,-0.064467,-0.984808,-0.173648,0
6801,17.35,0.025783,0.0837,10.8761,-0.057917,-0.985556,-0.16935,0
6802,17.3667,0.017083,0.088,10.8052,-0.070917,-0.986286,-0.165048,0
6803,17.3833,0.017367,0.0816,10.741,-0.064233,-0.986996,-0.160743,0
6804,17.4,0.015583,0.0862,10.6704,-0.070617,-0.987688,-0.156434,0
6805,17.4167,0.015367,0.0892,10.5966,-0.073833,-0.988362,-0.152123,0
6806,17.4333,0.01895,0.0911,10.5244,-0.07215,-0.989016,-0.147809,0
6807,17.45,0.018983,0.0868,10.4566,-0.067817,-0.989651,-0.143493,0
6808,17.4667,0.016617,0.0899,10.3833,-0.073283,-0.990268,-0.139173,0
6809,17.4833,0.016983,0.0872,10.3131,-0.070217,-0.990866,-0.134851,0
6810,17.5,0.013783,0.0897,10.2372,-0.075917,-0.991445,-0.130526,0
6811,17.5167,0.011867,0.0848,10.1643,-0.072933,-0.992005,-0.126199,0
6812,17.5333,0.009517,0.0836,10.0902,-0.074083,-0.992546,-0.121869,0
6813,17.55,0.011367,0.0866,10.015,-0.075233,-0.993068,-0.117537,0
6814,17.5667,0.01725,0.087,9.9452,-0.06975,-0.993572,-0.113203,0
6815,17.5833,0.0129,0.0885,9.8696,-0.0756,-0.994056,-0.108867,0
6816,17.6,0.01285,0.0853,9.7972,-0.07245,-0.994522,-0.104528,0
6817,17.6167,0.011867,0.0877,9.7214,-0.075833,-0.994969,-0.100188,0
6818,17.6333,0.011433,0.0846,9.6482,-0.073167,-0.995396,-0.095846,0
6819,17.65,0.00825,0.0877,9.5687,-0.07945,-0.995805,-0.091502,0
6820,17.6667,0.01355,0.0866,9.4956,-0.07305,-0.996195,-0.087156,0
6821,17.6833,0.009883,0.0925,9.413,-0.082617,-0.996566,-0.082808,0
6822,17.7,0.009217,0.087,9.3352,-0.077783,-0.996917,-0.078459,0
6823,17.7167,0.002883,0.0899,9.2482,-0.087017,-0.99725,-0.074108,0
6824,17.7333,0.009533,0.0879,9.1698,-0.078367,-0.997564,-0.069756,0
6825,17.75,0.006917,0.0882,9.0885,-0.081283,-0.997859,-0.065403,0
6826,17.7667,0.010083,0.0842,9.0144,-0.074117,-0.998135,-0.061049,0
6827,17.7833,0.002433,0.0911,8.9257,-0.088667,-0.998392,-0.056693,0
6828,17.8,0.007417,0.0877,8.8454,-0.080283,-0.99863,-0.052336,0
6829,17.8167,0.00375,0.087,8.7621,-0.08325,-0.998848,-0.047978,0
6830,17.8333,0.00675,0.0888,8.68,-0.08205,-0.999048,-0.043619,0
6831,17.85,0.001683,0.0883,8.5934,-0.086617,-0.999229,-0.03926,0
6832,17.8667,0.0001,0.0264,8.5671,-0.0263,-0.999391,-0.034899,0
6833,17.8833,0.004483,0.0237,8.5479,-0.019217,-0.999534,-0.030539,0
6834,17.9,0.003867,0.0269,8.5249,-0.023033,-0.999657,-0.026177,0
6835,17.9167,0.0068,0.0256,8.5061,-0.0188,-0.999762,-0.021815,0
6836,17.9333,0.00315,0.0243,8.4849,-0.02115,-0.999848,-0.017452,0
6837,17.95,0.002217,0.0251,8.462,-0.022883,-0.999914,-0.01309,0
6838,17.9667,0.0046,0.0287,8.4379,-0.0241,-0.999962,-0.008727,0
6839,17.9833,0.0,0.0238,8.4141,-0.0238,-0.99999,-0.004363,0
6840,18.0,0.0,0.061,8.3531,-0.061,-1.0,-0.0,0
6841,18.0167,0.0,0.0625,8.2906,-0.0625,-0.99999,0.004363,0
6842,18.0333,0.0,0.0622,8.2284,-0.0622,-0.999962,0.008727,0
6843,18.05,0.0,0.0614,8.167,-0.0614,-0.999914,0.01309,0
6844,18.0667,0.0,0.059,8.108,-0.059,-0.999848,0.017452,0
6845,18.0833,0.0,0.0604,8.0476,-0.0604,-0.999762,0.021815,0
6846,18.1,0.0,0.0585,7.9891,-0.0585,-0.999657,0.026177,0
6847,18.1167,0.0,0.0597,7.9294,-0.0597,-0.999534,0.030539,0
6848,18.1333,0.0,0.0558,7.8736,-0.0558,-0.999391,0.034899,0
6849,18.15,0.0,0.0606,7.813,-0.0606,-0.999229,0.03926,0
6850,18.1667,0.0,0.0584,7.7546,-0.0584,-0.999048,0.043619,0
6851,18.1833,0.0,0.0598,7.6948,-0.0598,-0.998848,0.047978,0
6852,18.2,0.0,0.0546,7.6402,-0.0546,-0.99863,0.052336,0
6853,18.2167,0.0,0.0614,7.5788,-0.0614,-0.998392,0.056693,0
6854,18.2333,0.0,0.0583,7.5205,-0.0583,-0.998135,0.061049,0
6855,18.25,0.0,0.0627,7.4578,-0.0627,-0.997859,0.065403,0
6856,18.2667,0.0,0.0565,7.4013,-0.0565,-0.997564,0.069756,0
6857,18.2833,0.0,0.0607,7.3406,-0.0607,-0.99725,0.074108,0
6858,18.3,0.0,0.0567,7.2839,-0.0567,-0.996917,0.078459,0
6859,18.3167,0.0,0.0591,7.2248,-0.0591,-0.996566,0.082808,0
6860,18.3333,0.0,0.0584,7.1664,-0.0584,-0.996195,0.087156,0
6861,18.35,0.0,0.0603,7.1061,-0.0603,-0.995805,0.091502,0
6862,18.3667,0.0,0.0604,7.0457,-0.0604,-0.995396,0.095846,0
6863,18.3833,0.0,0.0589,6.9868,-0.0589,-0.994969,0.100188,0
6864,18.4,0.0,0.056,6.9308,-0.056,-0.994522,0.104528,0
6865,18.4167,0.0,0.0598,6.871,-0.0598,-0.994056,0.108867,0
6866,18.4333,0.0,0.0598,6.8112,-0.0598,-0.993572,0.113203,0
6867,18.45,0.0,0.0601,6.7511,-0.0601,-0.993068,0.117537,0
6868,18.4667,0.0,0.0597,6.6914,-0.0597,-0.992546,0.121869,0
6869,18.4833,0.0,0.06,6.6314,-0.06,-0.992005,0.126199,0
6870,18.5,0.0,0.0616,6.5698,-0.0616,-0.991445,0.130526,0
6871,18.5167,0.0,0.0581,6.5117,-0.0581,-0.990866,0.134851,0
6872,18.5333,0.0,0.0621,6.4496,-0.0621,-0.990268,0.139173,0
6873,18.55,0.0,0.0593,6.3903,-0.0593,-0.989651,0.143493,0
6874,18.5667,0.0,0.0604,6.3299,-0.0604,-0.989016,0.147809,0
6875,18.5833,0.0,0.0608,6.2691,-0.0608,-0.988362,0.152123,0
6876,18.6,0.0,0.0618,6.2073,-0.0618,-0.987688,0.156434,0
6877,18.6167,0.0,0.0584,6.1489,-0.0584,-0.986996,0.160743,0
6878,18.6333,0.0,0.0583,6.0906,-0.0583,-0.986286,0.165048,0
6879,18.65,0.0,0.0611,6.0295,-0.0611,-0.985556,0.16935,0
6880,18.6667,0.0,0.059,5.9705,-0.059,-0.984808,0.173648,0
6881,18.6833,0.0,0.0583,5.9122,-0.0583,-0.984041,0.177944,0
6882,18.7,0.0,0.0587,5.8535,-0.0587,-0.983255,0.182236,0
6883,18.7167,0.0,0.0578,5.7957,-0.0578,-0.98245,0.186524,0
6884,18.7333,0.0,0.0601,5.7356,-0.0601,-0.981627,0.190809,0
6885,18.75,0.0,0.0628,5.6728,-0.0628,-0.980785,0.19509,0
6886,18.7667,0.0,0.0588,5.614,-0.0588,-0.979925,0.199368,0
6887,18.7833,0.0,0.0618,5.5522,-0.0618,-0.979045,0.203642,0
6888,18.8,0.0,0.0621,5.4901,-0.0621,-0.978148,0.207912,0
6889,18.8167,0.0,0.0635,5.4266,-0.0635,-0.977231,0.212178,0
6890,18.8333,0.0,0.0592,5.3674,-0.0592,-0.976296,0.21644,0
6891,18.85,0.0,0.0616,5.3058,-0.0616,-0.975342,0.220697,0
6892,18.8667,0.0,0.0601,5.2457,-0.0601,-0.97437,0.224951,0
6893,18.8833,0.0,0.0607,5.185,-0.0607,-0.973379,0.2292,0
6894,18.9,0.0,0.061,5.124,-0.061,-0.97237,0.233445,0
6895,18.9167,0.0,0.0619,5.0621,-0.0619,-0.971342,0.237686,0
6896,18.9333,0.0,0.0626,4.9995,-0.0626,-0.970296,0.241922,0
6897,18.95,0.0,0.0604,4.9391,-0.0604,-0.969231,0.246153,0
6898,18.9667,0.0,0.0606,4.8785,-0.0606,-0.968148,0.25038,0
6899,18.9833,0.0,0.0588,4.8197,-0.0588,-0.967046,0.254602,0
6900,19.0,0.0,0.0602,4.7595,-0.0602,-0.965926,0.258819,0
6901,19.0167,0.0,0.0613,4.6982,-0.0613,-0.964787,0.263031,0
6902,19.0333,0.0,0.0589,4.6393,-0.0589,-0.96363,0.267238,0
6903,19.05,0.0,0.061,4.5783,-0.061,-0.962455,0.27144,0
6904,19.0667,0.0,0.0598,4.5185,-0.0598,-0.961262,0.275637,0
6905,19.0833,0.0,0.0577,4.4608,-0.0577,-0.96005,0.279829,0
6906,19.1,0.0,0.0612,4.3996,-0.0612,-0.95882,0.284015,0
6907,19.1167,0.0,0.0601,4.3395,-0.0601,-0.957571,0.288196,0
6908,19.1333,0.0,0.0562,4.2833,-0.0562,-0.956305,0.292372,0
6909,19.15,0.0,0.0598,4.2235,-0.0598,-0.95502,0.296542,0
6910,19.1667,0.0,0.0615,4.162,-0.0615,-0.953717,0.300706,0
6911,19.1833,0.0,0.0627,4.0993,-0.0627,-0.952396,0.304864,0
6912,19.2,0.0,0.0592,4.0401,-0.0592,-0.951057,0.309017,0
6913,19.2167,0.0,0.0639,3.9762,-0.0639,-0.949699,0.313164,0
6914,19.2333,0.0,0.062,3.9142,-0.062,-0.948324,0.317305,0
6915,19.25,0.0,0.0609,3.8533,-0.0609,-0.94693,0.321439,0
6916,19.2667,0.0,0.1202,3.7331,-0.1202,-0.945519,0.325568,0
6917,19.2833,0.0,0.1192,3.6139,-0.1192,-0.944089,0.329691,0
6918,19.3,0.0,0.1212,3.4927,-0.1212,-0.942641,0.333807,0
6919,19.3167,0.0,0.1234,3.3693,-0.1234,-0.941176,0.337917,0
6920,19.3333,0.0,0.1196,3.2497,-0.1196,-0.939693,0.34202,0
6921,19.35,0.0,0.1204,3.1293,-0.1204,-0.938191,0.346117,0
6922,19.3667,0.0,0.1199,3.0094,-0.1199,-0.936672,0.350207,0
6923,19.3833,0.0,0.1212,2.8882,-0.1212,-0.935135,0.354291,0
6924,19.4,0.0,0.1251,2.7631,-0.1251,-0.93358,0.358368,0
6925,19.4167,0.0,0.121,2.6421,-0.121,-0.932008,0.362438,0
6926,19.4333,0.0,0.121,2.5211,-0.121,-0.930418,0.366501,0
6927,19.45,0.0,0.1211,2.4,-0.1211,-0.92881,0.370557,0
6928,19.4667,0.0,0.1242,2.2758,-0.1242,-0.927184,0.374607,0
6929,19.4833,0.0,0.1187,2.1571,-0.1187,-0.925541,0.378649,0
6930,19.5,0.0,0.1261,2.031,-0.1261,-0.92388,0.382683,0
6931,19.5167,0.0,0.1191,1.9119,-0.1191,-0.922201,0.386711,0
6932,19.5333,0.0,0.1244,1.7875,-0.1244,-0.920505,0.390731,0
6933,19.55,0.0,0.1203,1.6672,-0.1203,-0.918791,0.394744,0
6934,19.5667,0.0,0.12,1.5472,-0.12,-0.91706,0.398749,0
6935,19.5833,0.0,0.1198,1.4274,-0.1198,-0.915311,0.402747,0
6936,19.6,0.0,0.1224,1.305,-0.1224,-0.913545,0.406737,0
6937,19.6167,0.0,0.1235,1.1815,-0.1235,-0.911762,0.410719,0
6938,19.6333,0.0,0.1229,1.0586,-0.1229,-0.909961,0.414693,0
6939,19.65,0.0,0.1211,0.9375,-0.1211,-0.908143,0.41866,0
6940,19.6667,0.0,0.1269,0.8106,-0.1269,-0.906308,0.422618,0
6941,19.6833,0.0,0.1198,0.6908,-0.1198,-0.904455,0.426569,0
6942,19.7,0.0,0.1204,0.5704,-0.1204,-0.902585,0.430511,0
6943,19.7167,0.0,0.1212,0.4492,-0.1212,-0.900698,0.434445,0
6944,19.7333,0.0,0.1223,0.3269,-0.1223,-0.898794,0.438371,0
6945,19.75,0.0,0.1224,0.2045,-0.1224,-0.896873,0.442289,0
6946,19.7667,0.0,0.1205,0.084,-0.1205,-0.894934,0.446198,0
6947,19.7833,0.0,0.1239,0.0,-0.1239,-0.892979,0.450098,1
6948,19.8,0.0,0.1177,0.0,-0.1177,-0.891007,0.45399,1
6949,19.8167,0.0,0.1218,0.0,-0.1218,-0.889017,0.457874,1
6950,19.8333,0.0,0.1194,0.0,-0.1194,-0.887011,0.461749,1
6951,19.85,0.0,0.1219,0.0,-0.1219,-0.884988,0.465615,1
6952,19.8667,0.0,0.1196,0.0,-0.1196,-0.882948,0.469472,1
6953,19.8833,0.0,0.1174,0.0,-0.1174,-0.880891,0.47332,1
6954,19.9,0.0,0.119,0.0,-0.119,-0.878817,0.477159,1
6955,19.9167,0.0,0.1168,0.0,-0.1168,-0.876727,0.480989,1
6956,19.9333,0.0,0.1191,0.0,-0.1191,-0.87462,0.48481,1
6957,19.95,0.0,0.1207,0.0,-0.1207,-0.872496,0.488621,1
6958,19.9667,0.0,0.1199,0.0,-0.1199,-0.870356,0.492424,1
6959,19.9833,0.0,0.1197,0.0,-0.1197,-0.868199,0.496217,1
6960,20.0,0.0,0.1205,0.0,-0.1205,-0.866025,0.5,1
6961,20.0167,0.0,0.1227,0.0,-0.1227,-0.863836,0.503774,1
6962,20.0333,0.0,0.1235,0.0,-0.1235,-0.861629,0.507538,1
6963,20.05,0.0,0.121,0.0,-0.121,-0.859406,0.511293,1
6964,20.0667,0.0,0.1192,0.0,-0.1192,-0.857167,0.515038,1
6965,20.0833,0.0,0.1213,0.0,-0.1213,-0.854912,0.518773,1
6966,20.1,0.0,0.1216,0.0,-0.1216,-0.85264,0.522499,1
6967,20.1167,0.0,0.0619,0.0,-0.0619,-0.850352,0.526214,1
6968,20.1333,0.0,0.0576,0.0,-0.0576,-0.848048,0.529919,1
6969,20.15,0.0,0.0591,0.0,-0.0591,-0.845728,0.533615,1
6970,20.1667,0.0,0.0578,0.0,-0.0578,-0.843391,0.5373,1
6971,20.1833,0.0,0.0628,0.0,-0.0628,-0.841039,0.540974,1
6972,20.2,0.0,0.0582,0.0,-0.0582,-0.838671,0.544639,1
6973,20.2167,0.0,0.0596,0.0,-0.0596,-0.836286,0.548293,1
6974,20.2333,0.0,0.0601,0.0,-0.0601,-0.833886,0.551937,1
6975,20.25,0.0,0.0611,0.0,-0.0611,-0.83147,0.55557,1
6976,20.2667,0.0,0.0607,0.0,-0.0607,-0.829038,0.559193,1
6977,20.2833,0.0,0.0627,0.0,-0.0627,-0.82659,0.562805,1
6978,20.3,0.0,0.0595,0.0,-0.0595,-0.824126,0.566406,1
6979,20.3167,0.0,0.0598,0.0,-0.0598,-0.821647,0.569997,1
6980,20.3333,0.0,0.0604,0.0,-0.0604,-0.819152,0.573576,1
6981,20.35,0.0,0.0609,0.0,-0.0609,-0.816642,0.577145,1
6982,20.3667,0.0,0.061,0.0,-0.061,-0.814116,0.580703,1
6983,20.3833,0.0,0.0618,0.0,-0.0618,-0.811574,0.58425,1
6984,20.4,0.0,0.0605,0.0,-0.0605,-0.809017,0.587785,1
6985,20.4167,0.0,0.0588,0.0,-0.0588,-0.806445,0.59131,1
6986,20.4333,0.0,0.0614,0.0,-0.0614,-0.803857,0.594823,1
6987,20.45,0.0,0.0556,0.0,-0.0556,-0.801254,0.598325,1
6988,20.4667,0.0,0.0606,0.0,-0.0606,-0.798636,0.601815,1
6989,20.4833,0.0,0.1368,0.0,-0.1368,-0.796002,0.605294,1
6990,20.5,0.0,0.1427,0.0,-0.1427,-0.793353,0.608761,1
6991,20.5167,0.0,0.1437,0.0,-0.1437,-0.79069,0.612217,1
6992,20.5333,0.0,0.1397,0.0,-0.1397,-0.788011,0.615661,1
6993,20.55,0.0,0.1399,0.0,-0.1399,-0.785317,0.619094,1
6994,20.5667,0.0,0.1417,0.0,-0.1417,-0.782608,0.622515,1
6995,20.5833,0.0,0.1448,0.0,-0.1448,-0.779884,0.625923,1
6996,20.6,0.0,0.1402,0.0,-0.1402,-0.777146,0.62932,1
6997,20.6167,0.0,0.1389,0.0,-0.1389,-0.774393,0.632705,1
6998,20.6333,0.0,0.1411,0.0,-0.1411,-0.771625,0.636078,1
6999,20.65,0.0,0.1409,0.0,-0.1409,-0.768842,0.639439,1
7000,20.6667,0.0,0.1419,0.0,-0.1419,-0.766044,0.642788,1
7001,20.6833,0.0,0.1426,0.0,-0.1426,-0.763232,0.646124,1
7002,20.7,0.0,0.1412,0.0,-0.1412,-0.760406,0.649448,1
7003,20.7167,0.0,0.1397,0.0,-0.1397,-0.757565,0.65276,1
7004,20.7333,0.0,0.1427,0.0,-0.1427,-0.75471,0.656059,1
7005,20.75,0.0,0.1415,0.0,-0.1415,-0.75184,0.659346,1
7006,20.7667,0.0,0.1431,0.0,-0.1431,-0.748956,0.66262,1
7007,20.7833,0.0,0.1382,0.0,-0.1382,-0.746057,0.665882,1
7008,20.8,0.0,0.1426,0.0,-0.1426,-0.743145,0.669131,1
7009,20.8167,0.0,0.1429,0.0,-0.1429,-0.740218,0.672367,1
7010,20.8333,0.0,0.1416,0.0,-0.1416,-0.737277,0.67559,1
7011,20.85,0.0,0.1389,0.0,-0.1389,-0.734323,0.678801,1
7012,20.8667,0.0,0.1365,0.0,-0.1365,-0.731354,0.681998,1
7013,20.8833,0.0,0.1427,0.0,-0.1427,-0.728371,0.685183,1
7014,20.9,0.0,0.1455,0.0,-0.1455,-0.725374,0.688355,1
7015,20.9167,0.0,0.1431,0.0,-0.1431,-0.722364,0.691513,1
7016,20.9333,0.0,0.1405,0.0,-0.1405,-0.71934,0.694658,1
7017,20.95,0.0,0.1399,0.0,-0.1399,-0.716302,0.69779,1
7018,20.9667,0.0,0.1444,0.0,-0.1444,-0.71325,0.700909,1
7019,20.9833,0.0,0.1409,0.0,-0.1409,-0.710185,0.704015,1
7020,21.0,0.0,0.1448,0.0,-0.1448,-0.707107,0.707107,1
7021,21.0167,0.0,0.141,0.0,-0.141,-0.704015,0.710185,1
7022,21.0333,0.0,0.1368,0.0,-0.1368,-0.700909,0.71325,1
7023,21.05,0.0,0.1386,0.0,-0.1386,-0.69779,0.716302,1
7024,21.0667,0.0,0.1431,0.0,-0.1431,-0.694658,0.71934,1
7025,21.0833,0.0,0.1387,0.0,-0.1387,-0.691513,0.722364,1
7026,21.1,0.0,0.1387,0.0,-0.1387,-0.688355,0.725374,1
7027,21.1167,0.0,0.1418,0.0,-0.1418,-0.685183,0.728371,1
7028,21.1333,0.0,0.1406,0.0,-0.1406,-0.681998,0.731354,1
7029,21.15,0.0,0.1437,0.0,-0.1437,-0.678801,0.734323,1
7030,21.1667,0.0,0.1382,0.0,-0.1382,-0.67559,0.737277,1
7031,21.1833,0.0,0.1411,0.0,-0.1411,-0.672367,0.740218,1
7032,21.2,0.0,0.1396,0.0,-0.1396,-0.669131,0.743145,1
7033,21.2167,0.0,0.1446,0.0,-0.1446,-0.665882,0.746057,1
7034,21.2333,0.0,0.141,0.0,-0.141,-0.66262,0.748956,1
7035,21.25,0.0,0.1427,0.0,-0.1427,-0.659346,0.75184,1
7036,21.2667,0.0,0.1407,0.0,-0.1407,-0.656059,0.75471,1
7037,21.2833,0.0,0.1439,0.0,-0.1439,-0.65276,0.757565,1
7038,21.3,0.0,0.1392,0.0,-0.1392,-0.649448,0.760406,1
7039,21.3167,0.0,0.0592,0.0,-0.0592,-0.646124,0.763232,1
7040,21.3333,0.0,0.0617,0.0,-0.0617,-0.642788,0.766044,1
7041,21.35,0.0,0.057,0.0,-0.057,-0.639439,0.768842,1
7042,21.3667,0.0,0.0602,0.0,-0.0602,-0.636078,0.771625,1
7043,21.3833,0.0,0.0614,0.0,-0.0614,-0.632705,0.774393,1
7044,21.4,0.0,0.0615,0.0,-0.0615,-0.62932,0.777146,1
7045,21.4167,0.0,0.0605,0.0,-0.0605,-0.625923,0.779884,1
7046,21.4333,0.0,0.0597,0.0,-0.0597,-0.622515,0.782608,1
7047,21.45,0.0,0.1056,0.0,-0.1056,-0.619094,0.785317,1
7048,21.4667,0.0,0.107,0.0,-0.107,-0.615661,0.788011,1
7049,21.4833,0.0,0.1064,0.0,-0.1064,-0.612217,0.79069,1
7050,21.5,0.0,0.1098,0.0,-0.1098,-0.608761,0.793353,1
7051,21.5167,0.0,0.1086,0.0,-0.1086,-0.605294,0.796002,1
7052,21.5333,0.0,0.1029,0.0,-0.1029,-0.601815,0.798636,1
7053,21.55,0.0,0.1059,0.0,-0.1059,-0.598325,0.801254,1
7054,21.5667,0.0,0.1041,0.0,-0.1041,-0.594823,0.803857,1
7055,21.5833,0.0,0.1068,0.0,-0.1068,-0.59131,0.806445,1
7056,21.6,0.0,0.1075,0.0,-0.1075,-0.587785,0.809017,1
7057,21.6167,0.0,0.107,0.0,-0.107,-0.58425,0.811574,1
7058,21.6333,0.0,0.1046,0.0,-0.1046,-0.580703,0.814116,1
7059,21.65,0.0,0.1078,0.0,-0.1078,-0.577145,0.816642,1
7060,21.6667,0.0,0.1078,0.0,-0.1078,-0.573576,0.819152,1
7061,21.6833,0.0,0.106,0.0,-0.106,-0.569997,0.821647,1
7062,21.7,0.0,0.1074,0.0,-0.1074,-0.566406,0.824126,1
7063,21.7167,0.0,0.1019,0.0,-0.1019,-0.562805,0.82659,1
7064,21.7333,0.0,0.1065,0.0,-0.1065,-0.559193,0.829038,1
7065,21.75,0.0,0.1064,0.0,-0.1064,-0.55557,0.83147,1
7066,21.7667,0.0,0.1042,0.0,-0.1042,-0.551937,0.833886,1
7067,21.7833,0.0,0.1052,0.0,-0.1052,-0.548293,0.836286,1
7068,21.8,0.0,0.1078,0.0,-0.1078,-0.544639,0.838671,1
7069,21.8167,0.0,0.1047,0.0,-0.1047,-0.540974,0.841039,1
7070,21.8333,0.0,0.1074,0.0,-0.1074,-0.5373,0.843391,1
7071,21.85,0.0,0.1052,0.0,-0.1052,-0.533615,0.845728,1
7072,21.8667,0.0,0.1071,0.0,-0.1071,-0.529919,0.848048,1
7073,21.8833,0.0,0.11,0.0,-0.11,-0.526214,0.850352,1
7074,21.9,0.0,0.1055,0.0,-0.1055,-0.522499,0.85264,1
7075,21.9167,0.0,0.107,0.0,-0.107,-0.518773,0.854912,1
7076,21.9333,0.0,0.1054,0.0,-0.1054,-0.515038,0.857167,1
7077,21.95,0.0,0.1055,0.0,-0.1055,-0.511293,0.859406,1
7078,21.9667,0.0,0.1074,0.0,-0.1074,-0.507538,0.861629,1
7079,21.9833,0.0,0.1058,0.0,-0.1058,-0.503774,0.863836,1
7080,22.0,0.0,0.06,0.0,-0.06,-0.5,0.866025,1
7081,22.0167,0.0,0.0601,0.0,-0.0601,-0.496217,0.868199,1
7082,22.0333,0.0,0.0587,0.0,-0.0587,-0.492424,0.870356,1
7083,22.05,0.0,0.0607,0.0,-0.0607,-0.488621,0.872496,1
7084,22.0667,0.0,0.0617,0.0,-0.0617,-0.48481,0.87462,1
7085,22.0833,0.0,0.0569,0.0,-0.0569,-0.480989,0.876727,1
7086,22.1,0.0,0.0587,0.0,-0.0587,-0.477159,0.878817,1
7087,22.1167,0.0,0.0623,0.0,-0.0623,-0.47332,0.880891,1
7088,22.1333,0.0,0.0584,0.0,-0.0584,-0.469472,0.882948,1
7089,22.15,0.0,0.0568,0.0,-0.0568,-0.465615,0.884988,1
7090,22.1667,0.0,0.0637,0.0,-0.0637,-0.461749,0.887011,1
7091,22.1833,0.0,0.0588,0.0,-0.0588,-0.457874,0.889017,1
7092,22.2,0.0,0.0587,0.0,-0.0587,-0.45399,0.891007,1
7093,22.2167,0.0,0.0587,0.0,-0.0587,-0.450098,0.892979,1
7094,22.2333,0.0,0.0632,0.0,-0.0632,-0.446198,0.894934,1
7095,22.25,0.0,0.0608,0.0,-0.0608,-0.442289,0.896873,1
7096,22.2667,0.0,0.0611,0.0,-0.0611,-0.438371,0.898794,1
7097,22.2833,0.0,0.062,0.0,-0.062,-0.434445,0.900698,1
7098,22.3,0.0,0.0618,0.0,-0.0618,-0.430511,0.902585,1
7099,22.3167,0.0,0.0575,0.0,-0.0575,-0.426569,0.904455,1
7100,22.3333,0.0,0.0599,0.0,-0.0599,-0.422618,0.906308,1
7101,22.35,0.0,0.0602,0.0,-0.0602,-0.41866,0.908143,1
7102,22.3667,0.0,0.0599,0.0,-0.0599,-0.414693,0.909961,1
7103,22.3833,0.0,0.0621,0.0,-0.0621,-0.410719,0.911762,1
7104,22.4,0.0,0.0605,0.0,-0.0605,-0.406737,0.913545,1
7105,22.4167,0.0,0.0603,0.0,-0.0603,-0.402747,0.915311,1
7106,22.4333,0.0,0.0573,0.0,-0.0573,-0.398749,0.91706,1
7107,22.45,0.0,0.0619,0.0,-0.0619,-0.394744,0.918791,1
7108,22.4667,0.0,0.061,0.0,-0.061,-0.390731,0.920505,1
7109,22.4833,0.0,0.0595,0.0,-0.0595,-0.386711,0.922201,1
7110,22.5,0.0,0.0621,0.0,-0.0621,-0.382683,0.92388,1
7111,22.5167,0.0,0.0612,0.0,-0.0612,-0.378649,0.925541,1
7112,22.5333,0.0,0.061,0.0,-0.061,-0.374607,0.927184,1
7113,22.55,0.0,0.0611,0.0,-0.0611,-0.370557,0.92881,1
7114,22.5667,0.0,0.0608,0.0,-0.0608,-0.366501,0.930418,1
7115,22.5833,0.0,0.0151,0.0,-0.0151,-0.362438,0.932008,1
7116,22.6,0.0,0.0155,0.0,-0.0155,-0.358368,0.93358,1
7117,22.6167,0.0,0.0159,0.0,-0.0159,-0.354291,0.935135,1
7118,22.6333,0.0,0.0128,0.0,-0.0128,-0.350207,0.936672,1
7119,22.65,0.0,0.0128,0.0,-0.0128,-0.346117,0.938191,1
7120,22.6667,0.0,0.0138,0.0,-0.0138,-0.34202,0.939693,1
7121,22.6833,0.0,0.0147,0.0,-0.0147,-0.337917,0.941176,1
7122,22.7,0.0,0.0143,0.0,-0.0143,-0.333807,0.942641,1
7123,22.7167,0.0,0.0119,0.0,-0.0119,-0.329691,0.944089,1
7124,22.7333,0.0,0.0127,0.0,-0.0127,-0.325568,0.945519,1
7125,22.75,0.0,0.015,0.0,-0.015,-0.321439,0.94693,1
7126,22.7667,0.0,0.021,0.0,-0.021,-0.317305,0.948324,1
7127,22.7833,0.0,0.0123,0.0,-0.0123,-0.313164,0.949699,1
7128,22.8,0.0,0.0134,0.0,-0.0134,-0.309017,0.951057,1
7129,22.8167,0.0,0.0183,0.0,-0.0183,-0.304864,0.952396,1
7130,22.8333,0.0,0.0144,0.0,-0.0144,-0.300706,0.953717,1
7131,22.85,0.0,0.0147,0.0,-0.0147,-0.296542,0.95502,1
7132,22.8667,0.0,0.017,0.0,-0.017,-0.292372,0.956305,1
7133,22.8833,0.0,0.0136,0.0,-0.0136,-0.288196,0.957571,1
7134,22.9,0.0,0.015,0.0,-0.015,-0.284015,0.95882,1
7135,22.9167,0.0,0.0136,0.0,-0.0136,-0.279829,0.96005,1
7136,22.9333,0.0,0.0173,0.0,-0.0173,-0.275637,0.961262,1
7137,22.95,0.0,0.0124,0.0,-0.0124,-0.27144,0.962455,1
7138,22.9667,0.0,0.012,0.0,-0.012,-0.267238,0.96363,1
7139,22.9833,0.0,0.0154,0.0,-0.0154,-0.263031,0.964787,1
7140,23.0,0.0,0.0122,0.0,-0.0122,-0.258819,0.965926,1
7141,23.0167,0.0,0.0149,0.0,-0.0149,-0.254602,0.967046,1
7142,23.0333,0.0,0.0135,0.0,-0.0135,-0.25038,0.968148,1
7143,23.05,0.0,0.0127,0.0,-0.0127,-0.246153,0.969231,1
7144,23.0667,0.0,0.0143,0.0,-0.0143,-0.241922,0.970296,1
7145,23.0833,0.0,0.0168,0.0,-0.0168,-0.237686,0.971342,1
7146,23.1,0.0,0.014,0.0,-0.014,-0.233445,0.97237,1
7147,23.1167,0.0,0.0112,0.0,-0.0112,-0.2292,0.973379,1
7148,23.1333,0.0,0.0125,0.0,-0.0125,-0.224951,0.97437,1
7149,23.15,0.0,0.0154,0.0,-0.0154,-0.220697,0.975342,1
7150,23.1667,0.0,0.0146,0.0,-0.0146,-0.21644,0.976296,1
7151,23.1833,0.0,0.0164,0.0,-0.0164,-0.212178,0.977231,1
7152,23.2,0.0,0.015,0.0,-0.015,-0.207912,0.978148,1
7153,23.2167,0.0,0.0168,0.0,-0.0168,-0.203642,0.979045,1
7154,23.2333,0.0,0.0142,0.0,-0.0142,-0.199368,0.979925,1
7155,23.25,0.0,0.0127,0.0,-0.0127,-0.19509,0.980785,1
7156,23.2667,0.0,0.0149,0.0,-0.0149,-0.190809,0.981627,1
7157,23.2833,0.0,0.0126,0.0,-0.0126,-0.186524,0.98245,1
7158,23.3,0.0,0.0126,0.0,-0.0126,-0.182236,0.983255,1
7159,23.3167,0.0,0.0126,0.0,-0.0126,-0.177944,0.984041,1
7160,23.3333,0.0,0.0172,0.0,-0.0172,-0.173648,0.984808,1
7161,23.35,0.0,0.0156,0.0,-0.0156,-0.16935,0.985556,1
7162,23.3667,0.0,0.0133,0.0,-0.0133,-0.165048,0.986286,1
7163,23.3833,0.0,0.0151,0.0,-0.0151,-0.160743,0.986996,1
7164,23.4,0.0,0.0144,0.0,-0.0144,-0.156434,0.987688,1
7165,23.4167,0.0,0.0164,0.0,-0.0164,-0.152123,0.988362,1
7166,23.4333,0.0,0.0142,0.0,-0.0142,-0.147809,0.989016,1
7167,23.45,0.0,0.0134,0.0,-0.0134,-0.143493,0.989651,1
7168,23.4667,0.0,0.0124,0.0,-0.0124,-0.139173,0.990268,1
7169,23.4833,0.0,0.017,0.0,-0.017,-0.134851,0.990866,1
7170,23.5,0.0,0.0099,0.0,-0.0099,-0.130526,0.991445,1
7171,23.5167,0.0,0.0119,0.0,-0.0119,-0.126199,0.992005,1
7172,23.5333,0.0,0.016,0.0,-0.016,-0.121869,0.992546,1
7173,23.55,0.0,0.0159,0.0,-0.0159,-0.117537,0.993068,1
7174,23.5667,0.0,0.0166,0.0,-0.0166,-0.113203,0.993572,1
7175,23.5833,0.0,0.0148,0.0,-0.0148,-0.108867,0.994056,1
7176,23.6,0.0,0.0123,0.0,-0.0123,-0.104528,0.994522,1
7177,23.6167,0.0,0.0137,0.0,-0.0137,-0.100188,0.994969,1
7178,23.6333,0.0,0.0183,0.0,-0.0183,-0.095846,0.995396,1
7179,23.65,0.0,0.0153,0.0,-0.0153,-0.091502,0.995805,1
7180,23.6667,0.0,0.0104,0.0,-0.0104,-0.087156,0.996195,1
7181,23.6833,0.0,0.0137,0.0,-0.0137,-0.082808,0.996566,1
7182,23.7,0.0,0.0156,0.0,-0.0156,-0.078459,0.996917,1
7183,23.7167,0.0,0.0146,0.0,-0.0146,-0.074108,0.99725,1
7184,23.7333,0.0,0.0143,0.0,-0.0143,-0.069756,0.997564,1
7185,23.75,0.0,0.0119,0.0,-0.0119,-0.065403,0.997859,1
7186,23.7667,0.0,0.011,0.0,-0.011,-0.061049,0.998135,1
7187,23.7833,0.0,0.0146,0.0,-0.0146,-0.056693,0.998392,1
7188,23.8,0.0,0.0172,0.0,-0.0172,-0.052336,0.99863,1
7189,23.8167,0.0,0.016,0.0,-0.016,-0.047978,0.998848,1
7190,23.8333,0.0,0.011,0.0,-0.011,-0.043619,0.999048,1
7191,23.85,0.0,0.0147,0.0,-0.0147,-0.03926,0.999229,1
7192,23.8667,0.0,0.0128,0.0,-0.0128,-0.034899,0.999391,1
7193,23.8833,0.0,0.0148,0.0,-0.0148,-0.030539,0.999534,1
7194,23.9,0.0,0.016,0.0,-0.016,-0.026177,0.999657,1
7195,23.9167,0.0,0.017,0.0,-0.017,-0.021815,0.999762,1
7196,23.9333,0.0,0.0116,0.0,-0.0116,-0.017452,0.999848,1
7197,23.95,0.0,0.0105,0.0,-0.0105,-0.01309,0.999914,1
7198,23.9667,0.0,0.0159,0.0,-0.0159,-0.008727,0.999962,1
7199,23.9833,0.0,0.0121,0.0,-0.0121,-0.004363,0.99999,1
7200,0.0,0.0,0.0174,0.0,-0.0174,0.0,1.0,1
7201,0.0167,0.0,0.0118,0.0,-0.0118,0.004363,0.99999,1
7202,0.0333,0.0,0.016,0.0,-0.016,0.008727,0.999962,1
7203,0.05,0.0,0.0166,0.0,-0.0166,0.01309,0.999914,1
7204,0.0667,0.0,0.0123,0.0,-0.0123,0.017452,0.999848,1
7205,0.0833,0.0,0.0178,0.0,-0.0178,0.021815,0.999762,1
7206,0.1,0.0,0.0142,0.0,-0.0142,0.026177,0.999657,1
7207,0.1167,0.0,0.0115,0.0,-0.0115,0.030539,0.999534,1
7208,0.1333,0.0,0.0133,0.0,-0.0133,0.034899,0.999391,1
7209,0.15,0.0,0.019,0.0,-0.019,0.03926,0.999229,1
7210,0.1667,0.0,0.0157,0.0,-0.0157,0.043619,0.999048,1
7211,0.1833,0.0,0.0147,0.0,-0.0147,0.047978,0.998848,1
7212,0.2,0.0,0.0148,0.0,-0.0148,0.052336,0.99863,1
7213,0.2167,0.0,0.0144,0.0,-0.0144,0.056693,0.998392,1
7214,0.2333,0.0,0.0126,0.0,-0.0126,0.061049,0.998135,1
7215,0.25,0.0,0.0145,0.0,-0.0145,0.065403,0.997859,1
7216,0.2667,0.0,0.0172,0.0,-0.0172,0.069756,0.997564,1
7217,0.2833,0.0,0.0179,0.0,-0.0179,0.074108,0.99725,1
7218,0.3,0.0,0.0113,0.0,-0.0113,0.078459,0.996917,1
7219,0.3167,0.0,0.0136,0.0,-0.0136,0.082808,0.996566,1
7220,0.3333,0.0,0.0134,0.0,-0.0134,0.087156,0.996195,1
7221,0.35,0.0,0.0153,0.0,-0.0153,0.091502,0.995805,1
7222,0.3667,0.0,0.0169,0.0,-0.0169,0.095846,0.995396,1
7223,0.3833,0.0,0.0158,0.0,-0.0158,0.100188,0.994969,1
7224,0.4,0.0,0.0137,0.0,-0.0137,0.104528,0.994522,1
7225,0.4167,0.0,0.0145,0.0,-0.0145,0.108867,0.994056,1
7226,0.4333,0.0,0.0147,0.0,-0.0147,0.113203,0.993572,1
7227,0.45,0.0,0.0134,0.0,-0.0134,0.117537,0.993068,1
7228,0.4667,0.0,0.0154,0.0,-0.0154,0.121869,0.992546,1
7229,0.4833,0.0,0.0142,0.0,-0.0142,0.126199,0.992005,1
7230,0.5,0.0,0.0185,0.0,-0.0185,0.130526,0.991445,1
7231,0.5167,0.0,0.0119,0.0,-0.0119,0.134851,0.990866,1
7232,0.5333,0.0,0.0139,0.0,-0.0139,0.139173,0.990268,1
7233,0.55,0.0,0.015,0.0,-0.015,0.143493,0.989651,1
7234,0.5667,0.0,0.0159,0.0,-0.0159,0.147809,0.989016,1
7235,0.5833,0.0,0.0171,0.0,-0.0171,0.152123,0.988362,1
7236,0.6,0.0,0.0111,0.0,-0.0111,0.156434,0.987688,1
7237,0.6167,0.0,0.0155,0.0,-0.0155,0.160743,0.986996,1
7238,0.6333,0.0,0.0202,0.0,-0.0202,0.165048,0.986286,1
7239,0.65,0.0,0.0118,0.0,-0.0118,0.16935,0.985556,1
7240,0.6667,0.0,0.0128,0.0,-0.0128,0.173648,0.984808,1
7241,0.6833,0.0,0.0153,0.0,-0.0153,0.177944,0.984041,1
7242,0.7,0.0,0.0157,0.0,-0.0157,0.182236,0.983255,1
7243,0.7167,0.0,0.0134,0.0,-0.0134,0.186524,0.98245,1
7244,0.7333,0.0,0.0129,0.0,-0.0129,0.190809,0.981627,1
7245,0.75,0.0,0.0135,0.0,-0.0135,0.19509,0.980785,1
7246,0.7667,0.0,0.0124,0.0,-0.0124,0.199368,0.979925,1
7247,0.7833,0.0,0.0167,0.0,-0.0167,0.203642,0.979045,1
7248,0.8,0.0,0.0121,0.0,-0.0121,0.207912,0.978148,1
7249,0.8167,0.0,0.0155,0.0,-0.0155,0.212178,0.977231,1
7250,0.8333,0.0,0.0167,0.0,-0.0167,0.21644,0.976296,1
7251,0.85,0.0,0.0149,0.0,-0.0149,0.220697,0.975342,1
7252,0.8667,0.0,0.0143,0.0,-0.0143,0.224951,0.97437,1
7253,0.8833,0.0,0.0147,0.0,-0.0147,0.2292,0.973379,1
7254,0.9,0.0,0.0129,0.0,-0.0129,0.233445,0.97237,1
7255,0.9167,0.0,0.0154,0.0,-0.0154,0.237686,0.971342,1
7256,0.9333,0.0,0.0153,0.0,-0.0153,0.241922,0.970296,1
7257,0.95,0.0,0.0128,0.0,-0.0128,0.246153,0.969231,1
7258,0.9667,0.0,0.0135,0.0,-0.0135,0.25038,0.968148,1
7259,0.9833,0.0,0.0159,0.0,-0.0159,0.254602,0.967046,1
7260,1.0,0.0,0.0142,0.0,-0.0142,0.258819,0.965926,1
7261,1.0167,0.0,0.0132,0.0,-0.0132,0.263031,0.964787,1
7262,1.0333,0.0,0.0107,0.0,-0.0107,0.267238,0.96363,1
7263,1.05,0.0,0.0163,0.0,-0.0163,0.27144,0.962455,1
7264,1.0667,0.0,0.0153,0.0,-0.0153,0.275637,0.961262,1
7265,1.0833,0.0,0.0124,0.0,-0.0124,0.279829,0.96005,1
7266,1.1,0.0,0.0153,0.0,-0.0153,0.284015,0.95882,1
7267,1.1167,0.0,0.0137,0.0,-0.0137,0.288196,0.957571,1
7268,1.1333,0.0,0.015,0.0,-0.015,0.292372,0.956305,1
7269,1.15,0.0,0.0155,0.0,-0.0155,0.296542,0.95502,1
7270,1.1667,0.0,0.0141,0.0,-0.0141,0.300706,0.953717,1
7271,1.1833,0.0,0.0129,0.0,-0.0129,0.304864,0.952396,1
7272,1.2,0.0,0.0168,0.0,-0.0168,0.309017,0.951057,1
7273,1.2167,0.0,0.0149,0.0,-0.0149,0.313164,0.949699,1
7274,1.2333,0.0,0.0145,0.0,-0.0145,0.317305,0.948324,1
7275,1.25,0.0,0.0169,0.0,-0.0169,0.321439,0.94693,1
7276,1.2667,0.0,0.0131,0.0,-0.0131,0.325568,0.945519,1
7277,1.2833,0.0,0.0103,0.0,-0.0103,0.329691,0.944089,1
7278,1.3,0.0,0.0147,0.0,-0.0147,0.333807,0.942641,1
7279,1.3167,0.0,0.0162,0.0,-0.0162,0.337917,0.941176,1
7280,1.3333,0.0,0.0141,0.0,-0.0141,0.34202,0.939693,1
7281,1.35,0.0,0.0155,0.0,-0.0155,0.346117,0.938191,1
7282,1.3667,0.0,0.0129,0.0,-0.0129,0.350207,0.936672,1
7283,1.3833,0.0,0.0147,0.0,-0.0147,0.354291,0.935135,1
7284,1.4,0.0,0.0103,0.0,-0.0103,0.358368,0.93358,1
7285,1.4167,0.0,0.0138,0.0,-0.0138,0.362438,0.932008,1
7286,1.4333,0.0,0.0145,0.0,-0.0145,0.366501,0.930418,1
7287,1.45,0.0,0.0154,0.0,-0.0154,0.370557,0.92881,1
7288,1.4667,0.0,0.015,0.0,-0.015,0.374607,0.927184,1
7289,1.4833,0.0,0.0123,0.0,-0.0123,0.378649,0.925541,1
7290,1.5,0.0,0.0549,0.0,-0.0549,0.382683,0.92388,1
7291,1.5167,0.0,0.055,0.0,-0.055,0.386711,0.922201,1
7292,1.5333,0.0,0.0597,0.0,-0.0597,0.390731,0.920505,1
7293,1.55,0.0,0.0564,0.0,-0.0564,0.394744,0.918791,1
7294,1.5667,0.0,0.0577,0.0,-0.0577,0.398749,0.91706,1
7295,1.5833,0.0,0.0575,0.0,-0.0575,0.402747,0.915311,1
7296,1.6,0.0,0.0564,0.0,-0.0564,0.406737,0.913545,1
7297,1.6167,0.0,0.0579,0.0,-0.0579,0.410719,0.911762,1
7298,1.6333,0.0,0.0553,0.0,-0.0553,0.414693,0.909961,1
7299,1.65,0.0,0.0588,0.0,-0.0588,0.41866,0.908143,1
7300,1.6667,0.0,0.0583,0.0,-0.0583,0.422618,0.906308,1
7301,1.6833,0.0,0.0589,0.0,-0.0589,0.426569,0.904455,1
7302,1.7,0.0,0.059,0.0,-0.059,0.430511,0.902585,1
7303,1.7167,0.0,0.0593,0.0,-0.0593,0.434445,0.900698,1
7304,1.7333,0.0,0.058,0.0,-0.058,0.438371,0.898794,1
7305,1.75,0.0,0.0577,0.0,-0.0577,0.442289,0.896873,1
7306,1.7667,0.0,0.0614,0.0,-0.0614,0.446198,0.894934,1
7307,1.7833,0.0,0.0585,0.0,-0.0585,0.450098,0.892979,1
7308,1.8,0.0,0.0594,0.0,-0.0594,0.45399,0.891007,1
7309,1.8167,0.0,0.0565,0.0,-0.0565,0.457874,0.889017,1
7310,1.8333,0.0,0.0569,0.0,-0.0569,0.461749,0.887011,1
7311,1.85,0.0,0.0583,0.0,-0.0583,0.465615,0.884988,1
7312,1.8667,0.0,0.06,0.0,-0.06,0.469472,0.882948,1
7313,1.8833,0.0,0.057,0.0,-0.057,0.47332,0.880891,1
7314,1.9,0.0,0.0575,0.0,-0.0575,0.477159,0.878817,1
7315,1.9167,0.0,0.0602,0.0,-0.0602,0.480989,0.876727,1
7316,1.9333,0.0,0.0585,0.0,-0.0585,0.48481,0.87462,1
7317,1.95,0.0,0.0598,0.0,-0.0598,0.488621,0.872496,1
7318,1.9667,0.0,0.0541,0.0,-0.0541,0.492424,0.870356,1
7319,1.9833,0.0,0.0575,0.0,-0.0575,0.496217,0.868199,1
7320,2.0,0.0,0.0602,0.0,-0.0602,0.5,0.866025,1
7321,2.0167,0.0,0.0608,0.0,-0.0608,0.503774,0.863836,1
7322,2.0333,0.0,0.0562,0.0,-0.0562,0.507538,0.861629,1
7323,2.05,0.0,0.0605,0.0,-0.0605,0.511293,0.859406,1
7324,2.0667,0.0,0.0589,0.0,-0.0589,0.515038,0.857167,1
7325,2.0833,0.0,0.0618,0.0,-0.0618,0.518773,0.854912,1
7326,2.1,0.0,0.0608,0.0,-0.0608,0.522499,0.85264,1
7327,2.1167,0.0,0.0583,0.0,-0.0583,0.526214,0.850352,1
7328,2.1333,0.0,0.061,0.0,-0.061,0.529919,0.848048,1
7329,2.15,0.0,0.0578,0.0,-0.0578,0.533615,0.845728,1
7330,2.1667,0.0,0.0576,0.0,-0.0576,0.5373,0.843391,1
7331,2.1833,0.0,0.0599,0.0,-0.0599,0.540974,0.841039,1
7332,2.2,0.0,0.0171,0.0,-0.0171,0.544639,0.838671,1
7333,2.2167,0.0,0.0145,0.0,-0.0145,0.548293,0.836286,1
7334,2.2333,0.0,0.0166,0.0,-0.0166,0.551937,0.833886,1
7335,2.25,0.0,0.0139,0.0,-0.0139,0.55557,0.83147,1
7336,2.2667,0.0,0.0139,0.0,-0.0139,0.559193,0.829038,1
7337,2.2833,0.0,0.0163,0.0,-0.0163,0.562805,0.82659,1
7338,2.3,0.0,0.0153,0.0,-0.0153,0.566406,0.824126,1
7339,2.3167,0.0,0.0141,0.0,-0.0141,0.569997,0.821647,1
7340,2.3333,0.0,0.0151,0.0,-0.0151,0.573576,0.819152,1
7341,2.35,0.0,0.0113,0.0,-0.0113,0.577145,0.816642,1
7342,2.3667,0.0,0.0139,0.0,-0.0139,0.580703,0.814116,1
7343,2.3833,0.0,0.0165,0.0,-0.0165,0.58425,0.811574,1
7344,2.4,0.0,0.016,0.0,-0.016,0.587785,0.809017,1
7345,2.4167,0.0,0.0119,0.0,-0.0119,0.59131,0.806445,1
7346,2.4333,0.0,0.0148,0.0,-0.0148,0.594823,0.803857,1
7347,2.45,0.0,0.016,0.0,-0.016,0.598325,0.801254,1
7348,2.4667,0.0,0.0155,0.0,-0.0155,0.601815,0.798636,1
7349,2.4833,0.0,0.0166,0.0,-0.0166,0.605294,0.796002,1
7350,2.5,0.0,0.0161,0.0,-0.0161,0.608761,0.793353,1
7351,2.5167,0.0,0.013,0.0,-0.013,0.612217,0.79069,1
7352,2.5333,0.0,0.0152,0.0,-0.0152,0.615661,0.788011,1
7353,2.55,0.0,0.0145,0.0,-0.0145,0.619094,0.785317,1
7354,2.5667,0.0,0.0109,0.0,-0.0109,0.622515,0.782608,1
7355,2.5833,0.0,0.017,0.0,-0.017,0.625923,0.779884,1
7356,2.6,0.0,0.0122,0.0,-0.0122,0.62932,0.777146,1
7357,2.6167,0.0,0.0121,0.0,-0.0121,0.632705,0.774393,1
7358,2.6333,0.0,0.0183,0.0,-0.0183,0.636078,0.771625,1
7359,2.65,0.0,0.0108,0.0,-0.0108,0.639439,0.768842,1
7360,2.6667,0.0,0.0153,0.0,-0.0153,0.642788,0.766044,1
7361,2.6833,0.0,0.0128,0.0,-0.0128,0.646124,0.763232,1
7362,2.7,0.0,0.0137,0.0,-0.0137,0.649448,0.760406,1
7363,2.7167,0.0,0.0142,0.0,-0.0142,0.65276,0.757565,1
7364,2.7333,0.0,0.0137,0.0,-0.0137,0.656059,0.75471,1
7365,2.75,0.0,0.0128,0.0,-0.0128,0.659346,0.75184,1
7366,2.7667,0.0,0.0128,0.0,-0.0128,0.66262,0.748956,1
7367,2.7833,0.0,0.013,0.0,-0.013,0.665882,0.746057,1
7368,2.8,0.0,0.014,0.0,-0.014,0.669131,0.743145,1
7369,2.8167,0.0,0.0115,0.0,-0.0115,0.672367,0.740218,1
7370,2.8333,0.0,0.0164,0.0,-0.0164,0.67559,0.737277,1
7371,2.85,0.0,0.0175,0.0,-0.0175,0.678801,0.734323,1
7372,2.8667,0.0,0.0144,0.0,-0.0144,0.681998,0.731354,1
7373,2.8833,0.0,0.0159,0.0,-0.0159,0.685183,0.728371,1
7374,2.9,0.0,0.016,0.0,-0.016,0.688355,0.725374,1
7375,2.9167,0.0,0.0142,0.0,-0.0142,0.691513,0.722364,1
7376,2.9333,0.0,0.0117,0.0,-0.0117,0.694658,0.71934,1
7377,2.95,0.0,0.0155,0.0,-0.0155,0.69779,0.716302,1
7378,2.9667,0.0,0.0162,0.0,-0.0162,0.700909,0.71325,1
7379,2.9833,0.0,0.0127,0.0,-0.0127,0.704015,0.710185,1
7380,3.0,0.0,0.0129,0.0,-0.0129,0.707107,0.707107,1
7381,3.0167,0.0,0.0158,0.0,-0.0158,0.710185,0.704015,1
7382,3.0333,0.0,0.0129,0.0,-0.0129,0.71325,0.700909,1
7383,3.05,0.0,0.0134,0.0,-0.0134,0.716302,0.69779,1
7384,3.0667,0.0,0.012,0.0,-0.012,0.71934,0.694658,1
7385,3.0833,0.0,0.0132,0.0,-0.0132,0.722364,0.691513,1
7386,3.1,0.0,0.0166,0.0,-0.0166,0.725374,0.688355,1
7387,3.1167,0.0,0.0141,0.0,-0.0141,0.728371,0.685183,1
7388,3.1333,0.0,0.0168,0.0,-0.0168,0.731354,0.681998,1
7389,3.15,0.0,0.0126,0.0,-0.0126,0.734323,0.678801,1
7390,3.1667,0.0,0.0095,0.0,-0.0095,0.737277,0.67559,1
7391,3.1833,0.0,0.0127,0.0,-0.0127,0.740218,0.672367,1
7392,3.2,0.0,0.0172,0.0,-0.0172,0.743145,0.669131,1
7393,3.2167,0.0,0.0151,0.0,-0.0151,0.746057,0.665882,1
7394,3.2333,0.0,0.0116,0.0,-0.0116,0.748956,0.66262,1
7395,3.25,0.0,0.0142,0.0,-0.0142,0.75184,0.659346,1
7396,3.2667,0.0,0.0131,0.0,-0.0131,0.75471,0.656059,1
7397,3.2833,0.0,0.016,0.0,-0.016,0.757565,0.65276,1
7398,3.3,0.0,0.014,0.0,-0.014,0.760406,0.649448,1
7399,3.3167,0.0,0.0096,0.0,-0.0096,0.763232,0.646124,1
7400,3.3333,0.0,0.0135,0.0,-0.0135,0.766044,0.642788,1
7401,3.35,0.0,0.0155,0.0,-0.0155,0.768842,0.639439,1
7402,3.3667,0.0,0.0142,0.0,-0.0142,0.771625,0.636078,1
7403,3.3833,0.0,0.0147,0.0,-0.0147,0.774393,0.632705,1
7404,3.4,0.0,0.0138,0.0,-0.0138,0.777146,0.62932,1
7405,3.4167,0.0,0.0149,0.0,-0.0149,0.779884,0.625923,1
7406,3.4333,0.0,0.0144,0.0,-0.0144,0.782608,0.622515,1
7407,3.45,0.0,0.0132,0.0,-0.0132,0.785317,0.619094,1
7408,3.4667,0.0,0.0151,0.0,-0.0151,0.788011,0.615661,1
7409,3.4833,0.0,0.0128,0.0,-0.0128,0.79069,0.612217,1
7410,3.5,0.0,0.014,0.0,-0.014,0.793353,0.608761,1
7411,3.5167,0.0,0.0123,0.0,-0.0123,0.796002,0.605294,1
7412,3.5333,0.0,0.0132,0.0,-0.0132,0.798636,0.601815,1
7413,3.55,0.0,0.0144,0.0,-0.0144,0.801254,0.598325,1
7414,3.5667,0.0,0.0134,0.0,-0.0134,0.803857,0.594823,1
7415,3.5833,0.0,0.0172,0.0,-0.0172,0.806445,0.59131,1
7416,3.6,0.0,0.0143,0.0,-0.0143,0.809017,0.587785,1
7417,3.6167,0.0,0.017,0.0,-0.017,0.811574,0.58425,1
7418,3.6333,0.0,0.0182,0.0,-0.0182,0.814116,0.580703,1
7419,3.65,0.0,0.014,0.0,-0.014,0.816642,0.577145,1
7420,3.6667,0.0,0.0173,0.0,-0.0173,0.819152,0.573576,1
7421,3.6833,0.0,0.0159,0.0,-0.0159,0.821647,0.569997,1
7422,3.7,0.0,0.0124,0.0,-0.0124,0.824126,0.566406,1
7423,3.7167,0.0,0.0186,0.0,-0.0186,0.82659,0.562805,1
7424,3.7333,0.0,0.0159,0.0,-0.0159,0.829038,0.559193,1
7425,3.75,0.0,0.0139,0.0,-0.0139,0.83147,0.55557,1
7426,3.7667,0.0,0.0113,0.0,-0.0113,0.833886,0.551937,1
7427,3.7833,0.0,0.012,0.0,-0.012,0.836286,0.548293,1
7428,3.8,0.0,0.0115,0.0,-0.0115,0.838671,0.544639,1
7429,3.8167,0.0,0.0164,0.0,-0.0164,0.841039,0.540974,1
7430,3.8333,0.0,0.0157,0.0,-0.0157,0.843391,0.5373,1
7431,3.85,0.0,0.0112,0.0,-0.0112,0.845728,0.533615,1
7432,3.8667,0.0,0.0149,0.0,-0.0149,0.848048,0.529919,1
7433,3.8833,0.0,0.0121,0.0,-0.0121,0.850352,0.526214,1
7434,3.9,0.0,0.0148,0.0,-0.0148,0.85264,0.522499,1
7435,3.9167,0.0,0.0145,0.0,-0.0145,0.854912,0.518773,1
7436,3.9333,0.0,0.0158,0.0,-0.0158,0.857167,0.515038,1
7437,3.95,0.0,0.0131,0.0,-0.0131,0.859406,0.511293,1
7438,3.9667,0.0,0.0157,0.0,-0.0157,0.861629,0.507538,1
7439,3.9833,0.0,0.016,0.0,-0.016,0.863836,0.503774,1
7440,4.0,0.0,0.0149,0.0,-0.0149,0.866025,0.5,1
7441,4.0167,0.0,0.0134,0.0,-0.0134,0.868199,0.496217,1
7442,4.0333,0.0,0.0145,0.0,-0.0145,0.870356,0.492424,1
7443,4.05,0.0,0.0126,0.0,-0.0126,0.872496,0.488621,1
7444,4.0667,0.0,0.0155,0.0,-0.0155,0.87462,0.48481,1
7445,4.0833,0.0,0.0137,0.0,-0.0137,0.876727,0.480989,1
7446,4.1,0.0,0.0163,0.0,-0.0163,0.878817,0.477159,1
7447,4.1167,0.0,0.0149,0.0,-0.0149,0.880891,0.47332,1
7448,4.1333,0.0,0.0159,0.0,-0.0159,0.882948,0.469472,1
7449,4.15,0.0,0.0176,0.0,-0.0176,0.884988,0.465615,1
7450,4.1667,0.0,0.0162,0.0,-0.0162,0.887011,0.461749,1
7451,4.1833,0.0,0.0128,0.0,-0.0128,0.889017,0.457874,1
7452,4.2,0.0,0.0129,0.0,-0.0129,0.891007,0.45399,1
7453,4.2167,0.0,0.0125,0.0,-0.0125,0.892979,0.450098,1
7454,4.2333,0.0,0.0154,0.0,-0.0154,0.894934,0.446198,1
7455,4.25,0.0,0.0141,0.0,-0.0141,0.896873,0.442289,1
7456,4.2667,0.0,0.0139,0.0,-0.0139,0.898794,0.438371,1
7457,4.2833,0.0,0.0133,0.0,-0.0133,0.900698,0.434445,1
7458,4.3,0.0,0.0164,0.0,-0.0164,0.902585,0.430511,1
7459,4.3167,0.0,0.0171,0.0,-0.0171,0.904455,0.426569,1
7460,4.3333,0.0,0.0167,0.0,-0.0167,0.906308,0.422618,1
7461,4.35,0.0,0.0134,0.0,-0.0134,0.908143,0.41866,1
7462,4.3667,0.0,0.0184,0.0,-0.0184,0.909961,0.414693,1
7463,4.3833,0.0,0.0179,0.0,-0.0179,0.911762,0.410719,1
7464,4.4,0.0,0.0155,0.0,-0.0155,0.913545,0.406737,1
7465,4.4167,0.0,0.0169,0.0,-0.0169,0.915311,0.402747,1
7466,4.4333,0.0,0.0138,0.0,-0.0138,0.91706,0.398749,1
7467,4.45,0.0,0.0142,0.0,-0.0142,0.918791,0.394744,1
7468,4.4667,0.0,0.0141,0.0,-0.0141,0.920505,0.390731,1
7469,4.4833,0.0,0.0146,0.0,-0.0146,0.922201,0.386711,1
7470,4.5,0.0,0.016,0.0,-0.016,0.92388,0.382683,1
7471,4.5167,0.0,0.015,0.0,-0.015,0.925541,0.378649,1
7472,4.5333,0.0,0.0165,0.0,-0.0165,0.927184,0.374607,1
7473,4.55,0.0,0.015,0.0,-0.015,0.92881,0.370557,1
7474,4.5667,0.0,0.0179,0.0,-0.0179,0.930418,0.366501,1
7475,4.5833,0.0,0.0126,0.0,-0.0126,0.932008,0.362438,1
7476,4.6,0.0,0.0137,0.0,-0.0137,0.93358,0.358368,1
7477,4.6167,0.0,0.0127,0.0,-0.0127,0.935135,0.354291,1
7478,4.6333,0.0,0.0143,0.0,-0.0143,0.936672,0.350207,1
7479,4.65,0.0,0.0165,0.0,-0.0165,0.938191,0.346117,1
7480,4.6667,0.0,0.0154,0.0,-0.0154,0.939693,0.34202,1
7481,4.6833,0.0,0.0144,0.0,-0.0144,0.941176,0.337917,1
7482,4.7,0.0,0.0127,0.0,-0.0127,0.942641,0.333807,1
7483,4.7167,0.0,0.0113,0.0,-0.0113,0.944089,0.329691,1
7484,4.7333,0.0,0.0134,0.0,-0.0134,0.945519,0.325568,1
7485,4.75,0.0,0.0107,0.0,-0.0107,0.94693,0.321439,1
7486,4.7667,0.0,0.0175,0.0,-0.0175,0.948324,0.317305,1
7487,4.7833,0.0,0.0139,0.0,-0.0139,0.949699,0.313164,1
7488,4.8,0.0,0.0124,0.0,-0.0124,0.951057,0.309017,1
7489,4.8167,0.0,0.0178,0.0,-0.0178,0.952396,0.304864,1
7490,4.8333,0.0,0.0108,0.0,-0.0108,0.953717,0.300706,1
7491,4.85,0.0,0.0122,0.0,-0.0122,0.95502,0.296542,1
7492,4.8667,0.0,0.0132,0.0,-0.0132,0.956305,0.292372,1
7493,4.8833,0.0,0.0179,0.0,-0.0179,0.957571,0.288196,1
7494,4.9,0.0,0.0157,0.0,-0.0157,0.95882,0.284015,1
7495,4.9167,0.0,0.0134,0.0,-0.0134,0.96005,0.279829,1
7496,4.9333,0.0,0.0163,0.0,-0.0163,0.961262,0.275637,1
7497,4.95,0.0,0.014,0.0,-0.014,0.962455,0.27144,1
7498,4.9667,0.0,0.0131,0.0,-0.0131,0.96363,0.267238,1
7499,4.9833,0.0,0.0128,0.0,-0.0128,0.964787,0.263031,1
7500,5.0,0.0,0.0143,0.0,-0.0143,0.965926,0.258819,1
7501,5.0167,0.0,0.0122,0.0,-0.0122,0.967046,0.254602,1
7502,5.0333,0.0,0.0138,0.0,-0.0138,0.968148,0.25038,1
7503,5.05,0.0,0.0153,0.0,-0.0153,0.969231,0.246153,1
7504,5.0667,0.0,0.0143,0.0,-0.0143,0.970296,0.241922,1
7505,5.0833,0.0,0.0118,0.0,-0.0118,0.971342,0.237686,1
7506,5.1,0.0,0.0147,0.0,-0.0147,0.97237,0.233445,1
7507,5.1167,0.0,0.0143,0.0,-0.0143,0.973379,0.2292,1
7508,5.1333,0.0,0.0092,0.0,-0.0092,0.97437,0.224951,1
7509,5.15,0.0,0.0134,0.0,-0.0134,0.975342,0.220697,1
7510,5.1667,0.0,0.0157,0.0,-0.0157,0.976296,0.21644,1
7511,5.1833,0.0,0.0151,0.0,-0.0151,0.977231,0.212178,1
7512,5.2,0.0,0.0147,0.0,-0.0147,0.978148,0.207912,1
7513,5.2167,0.0,0.016,0.0,-0.016,0.979045,0.203642,1
7514,5.2333,0.0,0.0124,0.0,-0.0124,0.979925,0.199368,1
7515,5.25,0.0,0.0159,0.0,-0.0159,0.980785,0.19509,1
7516,5.2667,0.0,0.0152,0.0,-0.0152,0.981627,0.190809,1
7517,5.2833,0.0,0.0146,0.0,-0.0146,0.98245,0.186524,1
7518,5.3,0.0,0.0115,0.0,-0.0115,0.983255,0.182236,1
7519,5.3167,0.0,0.0139,0.0,-0.0139,0.984041,0.177944,1
7520,5.3333,0.0,0.0128,0.0,-0.0128,0.984808,0.173648,1
7521,5.35,0.0,0.0132,0.0,-0.0132,0.985556,0.16935,1
7522,5.3667,0.0,0.0119,0.0,-0.0119,0.986286,0.165048,1
7523,5.3833,0.0,0.0141,0.0,-0.0141,0.986996,0.160743,1
7524,5.4,0.0,0.0159,0.0,-0.0159,0.987688,0.156434,1
7525,5.4167,0.0,0.0115,0.0,-0.0115,0.988362,0.152123,1
7526,5.4333,0.0,0.0137,0.0,-0.0137,0.989016,0.147809,1
7527,5.45,0.0,0.0115,0.0,-0.0115,0.989651,0.143493,1
7528,5.4667,0.0,0.0136,0.0,-0.0136,0.990268,0.139173,1
7529,5.4833,0.0,0.0134,0.0,-0.0134,0.990866,0.134851,1
7530,5.5,0.0,0.0116,0.0,-0.0116,0.991445,0.130526,1
7531,5.5167,0.0,0.0165,0.0,-0.0165,0.992005,0.126199,1
7532,5.5333,0.0,0.0129,0.0,-0.0129,0.992546,0.121869,1
7533,5.55,0.0,0.0158,0.0,-0.0158,0.993068,0.117537,1
7534,5.5667,0.0,0.0127,0.0,-0.0127,0.993572,0.113203,1
7535,5.5833,0.0,0.0157,0.0,-0.0157,0.994056,0.108867,1
7536,5.6,0.0,0.0135,0.0,-0.0135,0.994522,0.104528,1
7537,5.6167,0.0,0.0141,0.0,-0.0141,0.994969,0.100188,1
7538,5.6333,0.0,0.0136,0.0,-0.0136,0.995396,0.095846,1
7539,5.65,0.0,0.0164,0.0,-0.0164,0.995805,0.091502,1
7540,5.6667,0.0,0.0135,0.0,-0.0135,0.996195,0.087156,1
7541,5.6833,0.0,0.0105,0.0,-0.0105,0.996566,0.082808,1
7542,5.7,0.0,0.0148,0.0,-0.0148,0.996917,0.078459,1
7543,5.7167,0.0,0.0117,0.0,-0.0117,0.99725,0.074108,1
7544,5.7333,0.0,0.0155,0.0,-0.0155,0.997564,0.069756,1
7545,5.75,0.0,0.0171,0.0,-0.0171,0.997859,0.065403,1
7546,5.7667,0.0,0.0148,0.0,-0.0148,0.998135,0.061049,1
7547,5.7833,0.0,0.0138,0.0,-0.0138,0.998392,0.056693,1
7548,5.8,0.0,0.0155,0.0,-0.0155,0.99863,0.052336,1
7549,5.8167,0.0,0.0147,0.0,-0.0147,0.998848,0.047978,1
7550,5.8333,0.0,0.0136,0.0,-0.0136,0.999048,0.043619,1
7551,5.85,0.0,0.0153,0.0,-0.0153,0.999229,0.03926,1
7552,5.8667,0.0,0.0131,0.0,-0.0131,0.999391,0.034899,1
7553,5.8833,0.0,0.0117,0.0,-0.0117,0.999534,0.030539,1
7554,5.9,0.0,0.0156,0.0,-0.0156,0.999657,0.026177,1
7555,5.9167,0.0,0.017,0.0,-0.017,0.999762,0.021815,1
7556,5.9333,0.0,0.0144,0.0,-0.0144,0.999848,0.017452,1
7557,5.95,0.0,0.0144,0.0,-0.0144,0.999914,0.01309,1
7558,5.9667,0.0,0.0117,0.0,-0.0117,0.999962,0.008727,1
7559,5.9833,0.0,0.0132,0.0,-0.0132,0.99999,0.004363,1
7560,6.0,0.0,0.027,0.0,-0.027,1.0,0.0,1
7561,6.0167,0.000267,0.0263,0.0,-0.026033,0.99999,-0.004363,1
7562,6.0333,0.0034,0.0261,0.0,-0.0227,0.999962,-0.008727,1
7563,6.05,0.001633,0.0277,0.0,-0.026067,0.999914,-0.01309,1
7564,6.0667,0.002617,0.0288,0.0,-0.026183,0.999848,-0.017452,1
7565,6.0833,0.001833,0.0265,0.0,-0.024667,0.999762,-0.021815,1
7566,6.1,0.0,0.0265,0.0,-0.0265,0.999657,-0.026177,1
7567,6.1167,0.0,0.0281,0.0,-0.0281,0.999534,-0.030539,1
7568,6.1333,0.0,0.0262,0.0,-0.0262,0.999391,-0.034899,1
7569,6.15,0.006,0.0238,0.0,-0.0178,0.999229,-0.03926,1
7570,6.1667,0.002767,0.0297,0.0,-0.026933,0.999048,-0.043619,1
7571,6.1833,0.00445,0.0251,0.0,-0.02065,0.998848,-0.047978,1
7572,6.2,0.006333,0.0242,0.0,-0.017867,0.99863,-0.052336,1
7573,6.2167,0.006533,0.0289,0.0,-0.022367,0.998392,-0.056693,1
7574,6.2333,0.0071,0.0299,0.0,-0.0228,0.998135,-0.061049,1
7575,6.25,0.0034,0.0248,0.0,-0.0214,0.997859,-0.065403,1
7576,6.2667,0.007217,0.0276,0.0,-0.020383,0.997564,-0.069756,1
7577,6.2833,0.01265,0.0257,0.0,-0.01305,0.99725,-0.074108,1
7578,6.3,0.010917,0.0265,0.0,-0.015583,0.996917,-0.078459,1
7579,6.3167,0.013317,0.025,0.0,-0.011683,0.996566,-0.082808,1
7580,6.3333,0.00585,0.0289,0.0,-0.02305,0.996195,-0.087156,1
7581,6.35,0.009533,0.0281,0.0,-0.018567,0.995805,-0.091502,1
7582,6.3667,0.0141,0.0282,0.0,-0.0141,0.995396,-0.095846,1
7583,6.3833,0.008917,0.0262,0.0,-0.017283,0.994969,-0.100188,1
7584,6.4,0.010467,0.0275,0.0,-0.017033,0.994522,-0.104528,1
7585,6.4167,0.012933,0.0301,0.0,-0.017167,0.994056,-0.108867,1
7586,6.4333,0.011067,0.0289,0.0,-0.017833,0.993572,-0.113203,1
7587,6.45,0.013117,0.0246,0.0,-0.011483,0.993068,-0.117537,1
7588,6.4667,0.01635,0.0257,0.0,-0.00935,0.992546,-0.121869,1
7589,6.4833,0.0167,0.0265,0.0,-0.0098,0.992005,-0.126199,1
7590,6.5,0.015933,0.0264,0.0,-0.010467,0.991445,-0.130526,1
7591,6.5167,0.018217,0.0236,0.0,-0.005383,0.990866,-0.134851,1
7592,6.5333,0.020767,0.0288,0.0,-0.008033,0.990268,-0.139173,1
7593,6.55,0.017,0.0263,0.0,-0.0093,0.989651,-0.143493,1
7594,6.5667,0.015283,0.0225,0.0,-0.007217,0.989016,-0.147809,1
7595,6.5833,0.020517,0.0224,0.0,-0.001883,0.988362,-0.152123,1
7596,6.6,0.0192,0.0245,0.0,-0.0053,0.987688,-0.156434,1
7597,6.6167,0.01725,0.0292,0.0,-0.01195,0.986996,-0.160743,1
7598,6.6333,0.0136,0.0269,0.0,-0.0133,0.986286,-0.165048,1
7599,6.65,0.02465,0.0243,0.0003,0.00035,0.985556,-0.16935,0
7600,6.6667,0.024217,0.027,0.0,-0.002783,0.984808,-0.173648,1
7601,6.6833,0.022733,0.0271,0.0,-0.004367,0.984041,-0.177944,1
7602,6.7,0.02345,0.0262,0.0,-0.00275,0.983255,-0.182236,1
7603,6.7167,0.020183,0.025,0.0,-0.004817,0.98245,-0.186524,1
7604,6.7333,0.022783,0.0255,0.0,-0.002717,0.981627,-0.190809,1
7605,6.75,0.0284,0.0284,0.0,0.0,0.980785,-0.19509,0
7606,6.7667,0.022033,0.0253,0.0,-0.003267,0.979925,-0.199368,1
7607,6.7833,0.020717,0.0285,0.0,-0.007783,0.979045,-0.203642,1
7608,6.8,0.028833,0.0291,0.0,-0.000267,0.978148,-0.207912,1
7609,6.8167,0.02605,0.0281,0.0,-0.00205,0.977231,-0.212178,1
7610,6.8333,0.023967,0.0276,0.0,-0.003633,0.976296,-0.21644,1
7611,6.85,0.024467,0.0267,0.0,-0.002233,0.975342,-0.220697,1
7612,6.8667,0.030167,0.0257,0.0045,0.004467,0.97437,-0.224951,0
7613,6.8833,0.031983,0.026,0.0105,0.005983,0.973379,-0.2292,0
7614,6.9,0.031717,0.0266,0.0156,0.005117,0.97237,-0.233445,0
7615,6.9167,0.024933,0.0254,0.0151,-0.000467,0.971342,-0.237686,0
7616,6.9333,0.028717,0.0277,0.0161,0.001017,0.970296,-0.241922,0
7617,6.95,0.025083,0.0269,0.0143,-0.001817,0.969231,-0.246153,0
7618,6.9667,0.028,0.0243,0.018,0.0037,0.968148,-0.25038,0
7619,6.9833,0.0303,0.0263,0.022,0.004,0.967046,-0.254602,0
7620,7.0,0.029433,0.0482,0.0032,-0.018767,0.965926,-0.258819,0
7621,7.0167,0.032433,0.0512,0.0,-0.018767,0.964787,-0.263031,1
7622,7.0333,0.034417,0.0503,0.0,-0.015883,0.96363,-0.267238,1
7623,7.05,0.03405,0.0499,0.0,-0.01585,0.962455,-0.27144,1
7624,7.0667,0.035283,0.0476,0.0,-0.012317,0.961262,-0.275637,1
7625,7.0833,0.0327,0.0488,0.0,-0.0161,0.96005,-0.279829,1
7626,7.1,0.035783,0.0451,0.0,-0.009317,0.95882,-0.284015,1
7627,7.1167,0.033667,0.0455,0.0,-0.011833,0.957571,-0.288196,1
7628,7.1333,0.036267,0.0479,0.0,-0.011633,0.956305,-0.292372,1
7629,7.15,0.03295,0.0441,0.0,-0.01115,0.95502,-0.296542,1
7630,7.1667,0.03625,0.0475,0.0,-0.01125,0.953717,-0.300706,1
7631,7.1833,0.033333,0.0503,0.0,-0.016967,0.952396,-0.304864,1
7632,7.2,0.03685,0.0479,0.0,-0.01105,0.951057,-0.309017,1
7633,7.2167,0.035367,0.0457,0.0,-0.010333,0.949699,-0.313164,1
7634,7.2333,0.041083,0.0472,0.0,-0.006117,0.948324,-0.317305,1
7635,7.25,0.03365,0.0468,0.0,-0.01315,0.94693,-0.321439,1
7636,7.2667,0.042733,0.0498,0.0,-0.007067,0.945519,-0.325568,1
7637,7.2833,0.039633,0.05,0.0,-0.010367,0.944089,-0.329691,1
7638,7.3,0.043467,0.0486,0.0,-0.005133,0.942641,-0.333807,1
7639,7.3167,0.043317,0.0458,0.0,-0.002483,0.941176,-0.337917,1
7640,7.3333,0.040667,0.0479,0.0,-0.007233,0.939693,-0.34202,1
7641,7.35,0.04115,0.0463,0.0,-0.00515,0.938191,-0.346117,1
7642,7.3667,0.041433,0.0483,0.0,-0.006867,0.936672,-0.350207,1
7643,7.3833,0.0419,0.0504,0.0,-0.0085,0.935135,-0.354291,1
7644,7.4,0.04195,0.0486,0.0,-0.00665,0.93358,-0.358368,1
7645,7.4167,0.043767,0.0506,0.0,-0.006833,0.932008,-0.362438,1
7646,7.4333,0.045267,0.0492,0.0,-0.003933,0.930418,-0.366501,1
7647,7.45,0.045367,0.0481,0.0,-0.002733,0.92881,-0.370557,1
7648,7.4667,0.044833,0.0492,0.0,-0.004367,0.927184,-0.374607,1
7649,7.4833,0.046833,0.0444,0.0024,0.002433,0.925541,-0.378649,0
7650,7.5,0.045067,0.0479,0.0,-0.002833,0.92388,-0.382683,1
7651,7.5167,0.051117,0.0493,0.0018,0.001817,0.922201,-0.386711,0
7652,7.5333,0.047983,0.0489,0.0009,-0.000917,0.920505,-0.390731,0
7653,7.55,0.048417,0.05,0.0,-0.001583,0.918791,-0.394744,1
7654,7.5667,0.045433,0.0511,0.0,-0.005667,0.91706,-0.398749,1
7655,7.5833,0.051583,0.0452,0.0064,0.006383,0.915311,-0.402747,0
7656,7.6,0.04655,0.0462,0.0068,0.00035,0.913545,-0.406737,0
7657,7.6167,0.045683,0.0494,0.0031,-0.003717,0.911762,-0.410719,0
7658,7.6333,0.04865,0.0494,0.0023,-0.00075,0.909961,-0.414693,0
7659,7.65,0.04535,0.0484,0.0,-0.00305,0.908143,-0.41866,1
7660,7.6667,0.05185,0.0478,0.004,0.00405,0.906308,-0.422618,0
7661,7.6833,0.052917,0.0453,0.0116,0.007617,0.904455,-0.426569,0
7662,7.7,0.051017,0.046,0.0166,0.005017,0.902585,-0.430511,0
7663,7.7167,0.051883,0.0501,0.0184,0.001783,0.900698,-0.434445,0
7664,7.7333,0.055917,0.0475,0.0268,0.008417,0.898794,-0.438371,0
7665,7.75,0.0486,0.0468,0.0286,0.0018,0.896873,-0.442289,0
7666,7.7667,0.057083,0.0502,0.0355,0.006883,0.894934,-0.446198,0
7667,7.7833,0.0517,0.0455,0.0417,0.0062,0.892979,-0.450098,0
7668,7.8,0.05475,0.0484,0.0481,0.00635,0.891007,-0.45399,0
7669,7.8167,0.058267,0.0488,0.0576,0.009467,0.889017,-0.457874,0
7670,7.8333,0.0555,0.0491,0.064,0.0064,0.887011,-0.461749,0
7671,7.85,0.057833,0.0496,0.0722,0.008233,0.884988,-0.465615,0
7672,7.8667,0.053117,0.1202,0.0051,-0.067083,0.882948,-0.469472,0
7673,7.8833,0.0582,0.1182,0.0,-0.06,0.880891,-0.47332,1
7674,7.9,0.056717,0.1204,0.0,-0.063683,0.878817,-0.477159,1
7675,7.9167,0.05785,0.1207,0.0,-0.06285,0.876727,-0.480989,1
7676,7.9333,0.056867,0.1214,0.0,-0.064533,0.87462,-0.48481,1
7677,7.95,0.058817,0.124,0.0,-0.065183,0.872496,-0.488621,1
7678,7.9667,0.062167,0.121,0.0,-0.058833,0.870356,-0.492424,1
7679,7.9833,0.05595,0.1241,0.0,-0.06815,0.868199,-0.496217,1
7680,8.0,0.062467,0.1192,0.0,-0.056733,0.866025,-0.5,1
7681,8.0167,0.061317,0.1213,0.0,-0.059983,0.863836,-0.503774,1
7682,8.0333,0.06115,0.125,0.0,-0.06385,0.861629,-0.507538,1
7683,8.05,0.064533,0.1248,0.0,-0.060267,0.859406,-0.511293,1
7684,8.0667,0.058883,0.121,0.0,-0.062117,0.857167,-0.515038,1
7685,8.0833,0.061633,0.1242,0.0,-0.062567,0.854912,-0.518773,1
7686,8.1,0.0612,0.1219,0.0,-0.0607,0.85264,-0.522499,1
7687,8.1167,0.06485,0.1209,0.0,-0.05605,0.850352,-0.526214,1
7688,8.1333,0.06235,0.124,0.0,-0.06165,0.848048,-0.529919,1
7689,8.15,0.0621,0.1181,0.0,-0.056,0.845728,-0.533615,1
7690,8.1667,0.063633,0.1209,0.0,-0.057267,0.843391,-0.5373,1
7691,8.1833,0.063017,0.1245,0.0,-0.061483,0.841039,-0.540974,1
7692,8.2,0.06235,0.119,0.0,-0.05665,0.838671,-0.544639,1
7693,8.2167,0.066233,0.1186,0.0,-0.052367,0.836286,-0.548293,1
7694,8.2333,0.067117,0.1223,0.0,-0.055183,0.833886,-0.551937,1
7695,8.25,0.064333,0.1239,0.0,-0.059567,0.83147,-0.55557,1
7696,8.2667,0.068733,0.1179,0.0,-0.049167,0.829038,-0.559193,1
7697,8.2833,0.0693,0.124,0.0,-0.0547,0.82659,-0.562805,1
7698,8.3,0.066683,0.1176,0.0,-0.050917,0.824126,-0.566406,1
7699,8.3167,0.0734,0.1185,0.0,-0.0451,0.821647,-0.569997,1
7700,8.3333,0.065933,0.1212,0.0,-0.055267,0.819152,-0.573576,1
7701,8.35,0.06925,0.1146,0.0,-0.04535,0.816642,-0.577145,1
7702,8.3667,0.06925,0.1192,0.0,-0.04995,0.814116,-0.580703,1
7703,8.3833,0.07215,0.1226,0.0,-0.05045,0.811574,-0.58425,1
7704,8.4,0.065717,0.1214,0.0,-0.055683,0.809017,-0.587785,1
7705,8.4167,0.067683,0.1183,0.0,-0.050617,0.806445,-0.59131,1
7706,8.4333,0.071817,0.1192,0.0,-0.047383,0.803857,-0.594823,1
7707,8.45,0.0696,0.1218,0.0,-0.0522,0.801254,-0.598325,1
7708,8.4667,0.073483,0.1201,0.0,-0.046617,0.798636,-0.601815,1
7709,8.4833,0.072967,0.1204,0.0,-0.047433,0.796002,-0.605294,1
7710,8.5,0.0737,0.1199,0.0,-0.0462,0.793353,-0.608761,1
7711,8.5167,0.077183,0.1211,0.0,-0.043917,0.79069,-0.612217,1
7712,8.5333,0.0763,0.1212,0.0,-0.0449,0.788011,-0.615661,1
7713,8.55,0.072017,0.1222,0.0,-0.050183,0.785317,-0.619094,1
7714,8.5667,0.0741,0.1218,0.0,-0.0477,0.782608,-0.622515,1
7715,8.5833,0.074467,0.1241,0.0,-0.049633,0.779884,-0.625923,1
7716,8.6,0.0733,0.1229,0.0,-0.0496,0.777146,-0.62932,1
7717,8.6167,0.072,0.1193,0.0,-0.0473,0.774393,-0.632705,1
7718,8.6333,0.078183,0.1216,0.0,-0.043417,0.771625,-0.636078,1
7719,8.65,0.075217,0.0471,0.0281,0.028117,0.768842,-0.639439,0
7720,8.6667,0.078633,0.049,0.0577,0.029633,0.766044,-0.642788,0
7721,8.6833,0.07085,0.0505,0.078,0.02035,0.763232,-0.646124,0
7722,8.7,0.080567,0.0469,0.1117,0.033667,0.760406,-0.649448,0
7723,8.7167,0.078183,0.0468,0.1431,0.031383,0.757565,-0.65276,0
7724,8.7333,0.0777,0.0459,0.1749,0.0318,0.75471,-0.656059,0
7725,8.75,0.0756,0.0489,0.2016,0.0267,0.75184,-0.659346,0
7726,8.7667,0.079633,0.0506,0.2306,0.029033,0.748956,-0.66262,0
7727,8.7833,0.079467,0.0472,0.2629,0.032267,0.746057,-0.665882,0
7728,8.8,0.080567,0.0469,0.2966,0.033667,0.743145,-0.669131,0
7729,8.8167,0.082083,0.0484,0.3303,0.033683,0.740218,-0.672367,0
7730,8.8333,0.079583,0.0475,0.3624,0.032083,0.737277,-0.67559,0
7731,8.85,0.080983,0.0493,0.3941,0.031683,0.734323,-0.678801,0
7732,8.8667,0.080167,0.0483,0.426,0.031867,0.731354,-0.681998,0
7733,8.8833,0.0819,0.0468,0.4611,0.0351,0.728371,-0.685183,0
7734,8.9,0.082683,0.0494,0.4944,0.033283,0.725374,-0.688355,0
7735,8.9167,0.08145,0.0491,0.5267,0.03235,0.722364,-0.691513,0
7736,8.9333,0.0834,0.0475,0.5626,0.0359,0.71934,-0.694658,0
7737,8.95,0.0857,0.0497,0.5986,0.036,0.716302,-0.69779,0
7738,8.9667,0.085733,0.0502,0.6341,0.035533,0.71325,-0.700909,0
7739,8.9833,0.085633,0.0495,0.6702,0.036133,0.710185,-0.704015,0
7740,9.0,0.089717,0.0255,0.7344,0.064217,0.707107,-0.707107,0
7741,9.0167,0.083683,0.0266,0.7915,0.057083,0.704015,-0.710185,0
7742,9.0333,0.08385,0.023,0.8523,0.06085,0.700909,-0.71325,0
7743,9.05,0.086283,0.0269,0.9117,0.059383,0.69779,-0.716302,0
7744,9.0667,0.090117,0.0285,0.9733,0.061617,0.694658,-0.71934,0
7745,9.0833,0.089233,0.0269,1.0356,0.062333,0.691513,-0.722364,0
7746,9.1,0.08455,0.0248,1.0954,0.05975,0.688355,-0.725374,0
7747,9.1167,0.087117,0.0232,1.1593,0.063917,0.685183,-0.728371,0
7748,9.1333,0.088417,0.0222,1.2255,0.066217,0.681998,-0.731354,0
7749,9.15,0.089317,0.0256,1.2892,0.063717,0.678801,-0.734323,0
7750,9.1667,0.0875,0.0217,1.355,0.0658,0.67559,-0.737277,0
7751,9.1833,0.086367,0.0292,1.4122,0.057167,0.672367,-0.740218,0
7752,9.2,0.0947,0.0293,1.4776,0.0654,0.669131,-0.743145,0
7753,9.2167,0.091033,0.0254,1.5432,0.065633,0.665882,-0.746057,0
7754,9.2333,0.090883,0.029,1.6051,0.061883,0.66262,-0.748956,0
7755,9.25,0.090767,0.0277,1.6682,0.063067,0.659346,-0.75184,0
7756,9.2667,0.093017,0.0276,1.7336,0.065417,0.656059,-0.75471,0
7757,9.2833,0.0921,0.0225,1.8032,0.0696,0.65276,-0.757565,0
7758,9.3,0.091683,0.0238,1.8711,0.067883,0.649448,-0.760406,0
7759,9.3167,0.091817,0.0255,1.9374,0.066317,0.646124,-0.763232,0
7760,9.3333,0.0907,0.0241,2.004,0.0666,0.642788,-0.766044,0
7761,9.35,0.09225,0.0255,2.0707,0.06675,0.639439,-0.768842,0
7762,9.3667,0.094033,0.0258,2.1389,0.068233,0.636078,-0.771625,0
7763,9.3833,0.095533,0.0234,2.211,0.072133,0.632705,-0.774393,0
7764,9.4,0.093867,0.0278,2.2771,0.066067,0.62932,-0.777146,0
7765,9.4167,0.094817,0.0267,2.3452,0.068117,0.625923,-0.779884,0
7766,9.4333,0.095383,0.0248,2.4158,0.070583,0.622515,-0.782608,0
7767,9.45,0.095367,0.0244,2.4868,0.070967,0.619094,-0.785317,0
7768,9.4667,0.091817,0.0245,2.5541,0.067317,0.615661,-0.788011,0
7769,9.4833,0.090367,0.0239,2.6206,0.066467,0.612217,-0.79069,0
7770,9.5,0.094633,0.027,2.6882,0.067633,0.608761,-0.793353,0
7771,9.5167,0.095783,0.0293,2.7547,0.066483,0.605294,-0.796002,0
7772,9.5333,0.09195,0.0241,2.8226,0.06785,0.601815,-0.798636,0
7773,9.55,0.099683,0.0248,2.8975,0.074883,0.598325,-0.801254,0
7774,9.5667,0.097717,0.0268,2.9684,0.070917,0.594823,-0.803857,0
7775,9.5833,0.0997,0.0247,3.0434,0.075,0.59131,-0.806445,0
7776,9.6,0.095467,0.0263,3.1126,0.069167,0.587785,-0.809017,0
7777,9.6167,0.094433,0.0254,3.1816,0.069033,0.58425,-0.811574,0
7778,9.6333,0.09655,0.0272,3.251,0.06935,0.580703,-0.814116,0
7779,9.65,0.100333,0.0275,3.3238,0.072833,0.577145,-0.816642,0
7780,9.6667,0.096767,0.0274,3.3932,0.069367,0.573576,-0.819152,0
7781,9.6833,0.095333,0.0282,3.4603,0.067133,0.569997,-0.821647,0
7782,9.7,0.0998,0.0275,3.5326,0.0723,0.566406,-0.824126,0
7783,9.7167,0.10115,0.0251,3.6086,0.07605,0.562805,-0.82659,0
7784,9.7333,0.10305,0.0256,3.6861,0.07745,0.559193,-0.829038,0
7785,9.75,0.102683,0.0298,3.759,0.072883,0.55557,-0.83147,0
7786,9.7667,0.103383,0.0278,3.8346,0.075583,0.551937,-0.833886,0
7787,9.7833,0.102533,0.0263,3.9108,0.076233,0.548293,-0.836286,0
7788,9.8,0.099967,0.0222,3.9886,0.077767,0.544639,-0.838671,0
7789,9.8167,0.098517,0.0288,4.0583,0.069717,0.540974,-0.841039,0
7790,9.8333,0.099283,0.0259,4.1317,0.073383,0.5373,-0.843391,0
7791,9.85,0.099067,0.0271,4.2037,0.071967,0.533615,-0.845728,0
7792,9.8667,0.099517,0.0298,4.2734,0.069717,0.529919,-0.848048,0
7793,9.8833,0.105583,0.0283,4.3507,0.077283,0.526214,-0.850352,0
7794,9.9,0.103883,0.0254,4.4292,0.078483,0.522499,-0.85264,0
7795,9.9167,0.101467,0.0238,4.5069,0.077667,0.518773,-0.854912,0
7796,9.9333,0.102,0.0305,4.5784,0.0715,0.515038,-0.857167,0
7797,9.95,0.0989,0.0253,4.652,0.0736,0.511293,-0.859406,0
7798,9.9667,0.10365,0.0258,4.7298,0.07785,0.507538,-0.861629,0
7799,9.9833,0.103833,0.0235,4.8101,0.080333,0.503774,-0.863836,0
7800,10.0,0.10315,0.03,4.8833,0.07315,0.5,-0.866025,0
7801,10.0167,0.1039,0.0268,4.9604,0.0771,0.496217,-0.868199,0
7802,10.0333,0.10705,0.0275,5.04,0.07955,0.492424,-0.870356,0
7803,10.05,0.104433,0.0278,5.1166,0.076633,0.488621,-0.872496,0
7804,10.0667,0.101817,0.0236,5.1948,0.078217,0.48481,-0.87462,0
7805,10.0833,0.104933,0.0251,5.2746,0.079833,0.480989,-0.876727,0
7806,10.1,0.10865,0.0282,5.3551,0.08045,0.477159,-0.878817,0
7807,10.1167,0.105683,0.0268,5.434,0.078883,0.47332,-0.880891,0
7808,10.1333,0.109083,0.0214,5.5217,0.087683,0.469472,-0.882948,0
7809,10.15,0.105233,0.0254,5.6015,0.079833,0.465615,-0.884988,0
7810,10.1667,0.106233,0.0302,5.6775,0.076033,0.461749,-0.887011,0
7811,10.1833,0.10715,0.0259,5.7588,0.08125,0.457874,-0.889017,0
7812,10.2,0.106717,0.0278,5.8377,0.078917,0.45399,-0.891007,0
7813,10.2167,0.106583,0.027,5.9173,0.079583,0.450098,-0.892979,0
7814,10.2333,0.1097,0.0261,6.0009,0.0836,0.446198,-0.894934,0
7815,10.25,0.110283,0.025,6.0862,0.085283,0.442289,-0.896873,0
7816,10.2667,0.107433,0.0225,6.1711,0.084933,0.438371,-0.898794,0
7817,10.2833,0.109883,0.0272,6.2538,0.082683,0.434445,-0.900698,0
7818,10.3,0.112017,0.0273,6.3385,0.084717,0.430511,-0.902585,0
7819,10.3167,0.10875,0.0262,6.421,0.08255,0.426569,-0.904455,0
7820,10.3333,0.10415,0.0276,6.4976,0.07655,0.422618,-0.906308,0
7821,10.35,0.112333,0.0278,6.5821,0.084533,0.41866,-0.908143,0
7822,10.3667,0.10865,0.0249,6.6658,0.08375,0.414693,-0.909961,0
7823,10.3833,0.109467,0.0269,6.7484,0.082567,0.410719,-0.911762,0
7824,10.4,0.108033,0.0306,6.8258,0.077433,0.406737,-0.913545,0
7825,10.4167,0.111283,0.0255,6.9116,0.085783,0.402747,-0.915311,0
7826,10.4333,0.110383,0.025,6.997,0.085383,0.398749,-0.91706,0
7827,10.45,0.108733,0.0294,7.0763,0.079333,0.394744,-0.918791,0
7828,10.4667,0.10965,0.0254,7.1605,0.08425,0.390731,-0.920505,0
7829,10.4833,0.110683,0.0247,7.2465,0.085983,0.386711,-0.922201,0
7830,10.5,0.109983,0.0249,7.3316,0.085083,0.382683,-0.92388,0
7831,10.5167,0.107783,0.0252,7.4142,0.082583,0.378649,-0.925541,0
7832,10.5333,0.107933,0.0281,7.494,0.079833,0.374607,-0.927184,0
7833,10.55,0.109533,0.0271,7.5764,0.082433,0.370557,-0.92881,0
7834,10.5667,0.110667,0.0285,7.6586,0.082167,0.366501,-0.930418,0
7835,10.5833,0.114067,0.0229,7.7498,0.091167,0.362438,-0.932008,0
7836,10.6,0.115,0.0275,7.8373,0.0875,0.358368,-0.93358,0
7837,10.6167,0.1122,0.0259,7.9236,0.0863,0.354291,-0.935135,0
7838,10.6333,0.112017,0.0274,8.0082,0.084617,0.350207,-0.936672,0
7839,10.65,0.113367,0.0211,8.1005,0.092267,0.346117,-0.938191,0
7840,10.6667,0.115017,0.0252,8.1903,0.089817,0.34202,-0.939693,0
7841,10.6833,0.114267,0.0227,8.2819,0.091567,0.337917,-0.941176,0
7842,10.7,0.11535,0.0282,8.369,0.08715,0.333807,-0.942641,0
7843,10.7167,0.113383,0.0243,8.4581,0.089083,0.329691,-0.944089,0
7844,10.7333,0.114533,0.0285,8.5441,0.086033,0.325568,-0.945519,0
7845,10.75,0.114917,0.0249,8.6341,0.090017,0.321439,-0.94693,0
7846,10.7667,0.1145,0.0257,8.7229,0.0888,0.317305,-0.948324,0
7847,10.7833,0.113017,0.0262,8.8097,0.086817,0.313164,-0.949699,0
7848,10.8,0.115617,0.0258,8.8995,0.089817,0.309017,-0.951057,0
7849,10.8167,0.1155,0.0273,8.9877,0.0882,0.304864,-0.952396,0
7850,10.8333,0.1185,0.0272,9.079,0.0913,0.300706,-0.953717,0
7851,10.85,0.114517,0.0254,9.1681,0.089117,0.296542,-0.95502,0
7852,10.8667,0.1138,0.029,9.2529,0.0848,0.292372,-0.956305,0
7853,10.8833,0.1138,0.026,9.3407,0.0878,0.288196,-0.957571,0
7854,10.9,0.113617,0.0273,9.427,0.086317,0.284015,-0.95882,0
7855,10.9167,0.1135,0.027,9.5135,0.0865,0.279829,-0.96005,0
7856,10.9333,0.111683,0.0257,9.5995,0.085983,0.275637,-0.961262,0
7857,10.95,0.117933,0.0268,9.6906,0.091133,0.27144,-0.962455,0
7858,10.9667,0.112183,0.0234,9.7794,0.088783,0.267238,-0.96363,0
7859,10.9833,0.1153,0.0278,9.8669,0.0875,0.263031,-0.964787,0
7860,11.0,0.116833,0.0245,9.9592,0.092333,0.258819,-0.965926,0
7861,11.0167,0.119283,0.0266,10.0519,0.092683,0.254602,-0.967046,0
7862,11.0333,0.114767,0.0241,10.1426,0.090667,0.25038,-0.968148,0
7863,11.05,0.118433,0.0266,10.2344,0.091833,0.246153,-0.969231,0
7864,11.0667,0.115533,0.0236,10.3263,0.091933,0.241922,-0.970296,0
7865,11.0833,0.117067,0.0246,10.4188,0.092467,0.237686,-0.971342,0
7866,11.1,0.11575,0.0274,10.5071,0.08835,0.233445,-0.97237,0
7867,11.1167,0.118533,0.0253,10.6003,0.093233,0.2292,-0.973379,0
7868,11.1333,0.115017,0.0262,10.6891,0.088817,0.224951,-0.97437,0
7869,11.15,0.11385,0.0295,10.7734,0.08435,0.220697,-0.975342,0
7870,11.1667,0.113217,0.0287,10.8579,0.084517,0.21644,-0.976296,0
7871,11.1833,0.117483,0.0266,10.9488,0.090883,0.212178,-0.977231,0
7872,11.2,0.110967,0.0296,11.0302,0.081367,0.207912,-0.978148,0
7873,11.2167,0.118267,0.0275,11.121,0.090767,0.203642,-0.979045,0
7874,11.2333,0.11995,0.0261,11.2149,0.09385,0.199368,-0.979925,0
7875,11.25,0.1158,0.0263,11.3044,0.0895,0.19509,-0.980785,0
7876,11.2667,0.11815,0.0276,11.3949,0.09055,0.190809,-0.981627,0
7877,11.2833,0.1163,0.024,11.4872,0.0923,0.186524,-0.98245,0
7878,11.3,0.119283,0.0261,11.5804,0.093183,0.182236,-0.983255,0
7879,11.3167,0.116017,0.0275,11.6689,0.088517,0.177944,-0.984041,0
7880,11.3333,0.11625,0.0268,11.7584,0.08945,0.173648,-0.984808,0
7881,11.35,0.11585,0.0273,11.8469,0.08855,0.16935,-0.985556,0
7882,11.3667,0.114833,0.024,11.9377,0.090833,0.165048,-0.986286,0
7883,11.3833,0.117667,0.0285,12.0269,0.089167,0.160743,-0.986996,0
7884,11.4,0.114983,0.0249,12.117,0.090083,0.156434,-0.987688,0
7885,11.4167,0.114433,0.0247,12.2067,0.089733,0.152123,-0.988362,0
7886,11.4333,0.1162,0.0308,12.2921,0.0854,0.147809,-0.989016,0
7887,11.45,0.1204,0.0226,12.3899,0.0978,0.143493,-0.989651,0
7888,11.4667,0.120883,0.0298,12.481,0.091083,0.139173,-0.990268,0
7889,11.4833,0.1162,0.0272,12.57,0.089,0.134851,-0.990866,0
7890,11.5,0.120483,0.0297,12.6608,0.090783,0.130526,-0.991445,0
7891,11.5167,0.117917,0.0246,12.7541,0.093317,0.126199,-0.992005,0
7892,11.5333,0.121817,0.0262,12.8497,0.095617,0.121869,-0.992546,0
7893,11.55,0.11885,0.0297,12.9389,0.08915,0.117537,-0.993068,0
7894,11.5667,0.122083,0.0245,13.0365,0.097583,0.113203,-0.993572,0
7895,11.5833,0.119967,0.0287,13.1278,0.091267,0.108867,-0.994056,0
7896,11.6,0.1192,0.0243,13.2227,0.0949,0.104528,-0.994522,0
7897,11.6167,0.121517,0.0242,13.32,0.097317,0.100188,-0.994969,0
7898,11.6333,0.119267,0.0267,13.4126,0.092567,0.095846,-0.995396,0
7899,11.65,0.121667,0.0263,13.508,0.095367,0.091502,-0.995805,0
7900,11.6667,0.121383,0.0241,13.6053,0.097283,0.087156,-0.996195,0
7901,11.6833,0.126067,0.025,13.7064,0.101067,0.082808,-0.996566,0
7902,11.7,0.1238,0.0256,13.8046,0.0982,0.078459,-0.996917,0
7903,11.7167,0.122817,0.0214,13.906,0.101417,0.074108,-0.99725,0
7904,11.7333,0.1199,0.0249,14.001,0.095,0.069756,-0.997564,0
7905,11.75,0.126283,0.0265,14.1008,0.099783,0.065403,-0.997859,0
7906,11.7667,0.121333,0.0271,14.195,0.094233,0.061049,-0.998135,0
7907,11.7833,0.11885,0.0311,14.2828,0.08775,0.056693,-0.998392,0
7908,11.8,0.120583,0.0266,14.3768,0.093983,0.052336,-0.99863,0
7909,11.8167,0.120117,0.0239,14.473,0.096217,0.047978,-0.998848,0
7910,11.8333,0.118733,0.026,14.5657,0.092733,0.043619,-0.999048,0
7911,11.85,0.118467,0.024,14.6602,0.094467,0.03926,-0.999229,0
7912,11.8667,0.123517,0.0245,14.7592,0.099017,0.034899,-0.999391,0
7913,11.8833,0.119133,0.0275,14.8508,0.091633,0.030539,-0.999534,0
7914,11.9,0.121533,0.0264,14.9459,0.095133,0.026177,-0.999657,0
7915,11.9167,0.120917,0.0288,15.0,0.092117,0.021815,-0.999762,0
7916,11.9333,0.121267,0.0288,15.0,0.092467,0.017452,-0.999848,0
7917,11.95,0.125267,0.0268,15.0,0.098467,0.01309,-0.999914,0
7918,11.9667,0.116383,0.0248,15.0,0.091583,0.008727,-0.999962,0
7919,11.9833,0.1223,0.0283,15.0,0.094,0.004363,-0.99999,0
7920,12.0,0.1206,0.0271,15.0,0.0935,0.0,-1.0,0
7921,12.0167,0.117,0.0281,15.0,0.0889,-0.004363,-0.99999,0
7922,12.0333,0.120483,0.0257,15.0,0.094783,-0.008727,-0.999962,0
7923,12.05,0.1163,0.0259,15.0,0.0904,-0.01309,-0.999914,0
7924,12.0667,0.1232,0.0276,15.0,0.0956,-0.017452,-0.999848,0
7925,12.0833,0.118133,0.0228,15.0,0.095333,-0.021815,-0.999762,0
7926,12.1,0.1203,0.0232,15.0,0.0971,-0.026177,-0.999657,0
7927,12.1167,0.121033,0.0278,15.0,0.093233,-0.030539,-0.999534,0
7928,12.1333,0.1238,0.0288,15.0,0.095,-0.034899,-0.999391,0
7929,12.15,0.120517,0.025,15.0,0.095517,-0.03926,-0.999229,0
7930,12.1667,0.1181,0.0274,15.0,0.0907,-0.043619,-0.999048,0
7931,12.1833,0.12005,0.0295,15.0,0.09055,-0.047978,-0.998848,0
7932,12.2,0.117367,0.0255,15.0,0.091867,-0.052336,-0.99863,0
7933,12.2167,0.12115,0.0294,15.0,0.09175,-0.056693,-0.998392,0
7934,12.2333,0.120967,0.0241,15.0,0.096867,-0.061049,-0.998135,0
7935,12.25,0.121317,0.0278,15.0,0.093517,-0.065403,-0.997859,0
7936,12.2667,0.121283,0.0255,15.0,0.095783,-0.069756,-0.997564,0
7937,12.2833,0.117233,0.0256,15.0,0.091633,-0.074108,-0.99725,0
7938,12.3,0.124717,0.0287,15.0,0.096017,-0.078459,-0.996917,0
7939,12.3167,0.120767,0.0249,15.0,0.095867,-0.082808,-0.996566,0
7940,12.3333,0.122983,0.0243,15.0,0.098683,-0.087156,-0.996195,0
7941,12.35,0.121217,0.0294,15.0,0.091817,-0.091502,-0.995805,0
7942,12.3667,0.120133,0.0276,15.0,0.092533,-0.095846,-0.995396,0
7943,12.3833,0.114483,0.0284,15.0,0.086083,-0.100188,-0.994969,0
7944,12.4,0.1204,0.031,15.0,0.0894,-0.104528,-0.994522,0
7945,12.4167,0.117667,0.0249,15.0,0.092767,-0.108867,-0.994056,0
7946,12.4333,0.119133,0.0285,15.0,0.090633,-0.113203,-0.993572,0
7947,12.45,0.1164,0.0246,15.0,0.0918,-0.117537,-0.993068,0
7948,12.4667,0.120583,0.0325,15.0,0.088083,-0.121869,-0.992546,0
7949,12.4833,0.121267,0.0269,15.0,0.094367,-0.126199,-0.992005,0
7950,12.5,0.116567,0.0231,15.0,0.093467,-0.130526,-0.991445,0
7951,12.5167,0.11805,0.0279,15.0,0.09015,-0.134851,-0.990866,0
7952,12.5333,0.116833,0.029,15.0,0.087833,-0.139173,-0.990268,0
7953,12.55,0.1182,0.0258,15.0,0.0924,-0.143493,-0.989651,0
7954,12.5667,0.120267,0.0226,15.0,0.097667,-0.147809,-0.989016,0
7955,12.5833,0.11485,0.0259,15.0,0.08895,-0.152123,-0.988362,0
7956,12.6,0.1217,0.0278,15.0,0.0939,-0.156434,-0.987688,0
7957,12.6167,0.120967,0.0254,15.0,0.095567,-0.160743,-0.986996,0
7958,12.6333,0.11125,0.0253,15.0,0.08595,-0.165048,-0.986286,0
7959,12.65,0.1192,0.0294,15.0,0.0898,-0.16935,-0.985556,0
7960,12.6667,0.12135,0.0265,15.0,0.09485,-0.173648,-0.984808,0
7961,12.6833,0.116183,0.025,15.0,0.091183,-0.177944,-0.984041,0
7962,12.7,0.117133,0.0255,15.0,0.091633,-0.182236,-0.983255,0
7963,12.7167,0.1194,0.0271,15.0,0.0923,-0.186524,-0.98245,0
7964,12.7333,0.1149,0.0263,15.0,0.0886,-0.190809,-0.981627,0
7965,12.75,0.1215,0.0271,15.0,0.0944,-0.19509,-0.980785,0
7966,12.7667,0.117117,0.024,15.0,0.093117,-0.199368,-0.979925,0
7967,12.7833,0.114883,0.0244,15.0,0.090483,-0.203642,-0.979045,0
7968,12.8,0.1212,0.0251,15.0,0.0961,-0.207912,-0.978148,0
7969,12.8167,0.1172,0.0235,15.0,0.0937,-0.212178,-0.977231,0
7970,12.8333,0.112133,0.0315,15.0,0.080633,-0.21644,-0.976296,0
7971,12.85,0.120183,0.025,15.0,0.095183,-0.220697,-0.975342,0
7972,12.8667,0.120467,0.0291,15.0,0.091367,-0.224951,-0.97437,0
7973,12.8833,0.1141,0.0272,15.0,0.0869,-0.2292,-0.973379,0
7974,12.9,0.1174,0.0255,15.0,0.0919,-0.233445,-0.97237,0
7975,12.9167,0.117833,0.0256,15.0,0.092233,-0.237686,-0.971342,0
7976,12.9333,0.121017,0.0253,15.0,0.095717,-0.241922,-0.970296,0
7977,12.95,0.111517,0.0255,15.0,0.086017,-0.246153,-0.969231,0
7978,12.9667,0.118817,0.0248,15.0,0.094017,-0.25038,-0.968148,0
7979,12.9833,0.116417,0.0278,15.0,0.088617,-0.254602,-0.967046,0
7980,13.0,0.118267,0.0269,15.0,0.091367,-0.258819,-0.965926,0
7981,13.0167,0.114883,0.0259,15.0,0.088983,-0.263031,-0.964787,0
7982,13.0333,0.11365,0.0239,15.0,0.08975,-0.267238,-0.96363,0
7983,13.05,0.11645,0.0271,15.0,0.08935,-0.27144,-0.962455,0
7984,13.0667,0.11145,0.0265,15.0,0.08495,-0.275637,-0.961262,0
7985,13.0833,0.11125,0.0276,15.0,0.08365,-0.279829,-0.96005,0
7986,13.1,0.1169,0.0239,15.0,0.093,-0.284015,-0.95882,0
7987,13.1167,0.116083,0.0273,15.0,0.088783,-0.288196,-0.957571,0
7988,13.1333,0.117383,0.0279,15.0,0.089483,-0.292372,-0.956305,0
7989,13.15,0.114167,0.0252,15.0,0.088967,-0.296542,-0.95502,0
7990,13.1667,0.11465,0.0274,15.0,0.08725,-0.300706,-0.953717,0
7991,13.1833,0.11195,0.0257,15.0,0.08625,-0.304864,-0.952396,0
7992,13.2,0.11255,0.0244,15.0,0.08815,-0.309017,-0.951057,0
7993,13.2167,0.113333,0.0244,15.0,0.088933,-0.313164,-0.949699,0
7994,13.2333,0.113283,0.0287,15.0,0.084583,-0.317305,-0.948324,0
7995,13.25,0.11605,0.026,15.0,0.09005,-0.321439,-0.94693,0
7996,13.2667,0.1155,0.025,15.0,0.0905,-0.325568,-0.945519,0
7997,13.2833,0.115467,0.0232,15.0,0.092267,-0.329691,-0.944089,0
7998,13.3,0.113667,0.0266,15.0,0.087067,-0.333807,-0.942641,0
7999,13.3167,0.114967,0.0293,15.0,0.085667,-0.337917,-0.941176,0
8000,13.3333,0.1125,0.0277,15.0,0.0848,-0.34202,-0.939693,0
8001,13.35,0.119283,0.0252,15.0,0.094083,-0.346117,-0.938191,0
8002,13.3667,0.114783,0.026,15.0,0.088783,-0.350207,-0.936672,0
8003,13.3833,0.110367,0.0265,15.0,0.083867,-0.354291,-0.935135,0
8004,13.4,0.11345,0.0291,15.0,0.08435,-0.358368,-0.93358,0
8005,13.4167,0.114133,0.0264,15.0,0.087733,-0.362438,-0.932008,0
8006,13.4333,0.1115,0.0265,15.0,0.085,-0.366501,-0.930418,0
8007,13.45,0.11035,0.0265,15.0,0.08385,-0.370557,-0.92881,0
8008,13.4667,0.113333,0.0246,15.0,0.088733,-0.374607,-0.927184,0
8009,13.4833,0.108667,0.029,15.0,0.079667,-0.378649,-0.925541,0
8010,13.5,0.11225,0.028,15.0,0.08425,-0.382683,-0.92388,0
8011,13.5167,0.109917,0.0244,15.0,0.085517,-0.386711,-0.922201,0
8012,13.5333,0.11195,0.0251,15.0,0.08685,-0.390731,-0.920505,0
8013,13.55,0.10975,0.0272,15.0,0.08255,-0.394744,-0.918791,0
8014,13.5667,0.110167,0.0254,15.0,0.084767,-0.398749,-0.91706,0
8015,13.5833,0.114133,0.0246,15.0,0.089533,-0.402747,-0.915311,0
8016,13.6,0.107967,0.027,15.0,0.080967,-0.406737,-0.913545,0
8017,13.6167,0.111033,0.0228,15.0,0.088233,-0.410719,-0.911762,0
8018,13.6333,0.1081,0.0255,15.0,0.0826,-0.414693,-0.909961,0
8019,13.65,0.106633,0.0255,15.0,0.081133,-0.41866,-0.908143,0
8020,13.6667,0.11355,0.027,15.0,0.08655,-0.422618,-0.906308,0
8021,13.6833,0.107167,0.0298,15.0,0.077367,-0.426569,-0.904455,0
8022,13.7,0.099,0.0286,15.0,0.0704,-0.430511,-0.902585,0
8023,13.7167,0.110933,0.0287,15.0,0.082233,-0.434445,-0.900698,0
8024,13.7333,0.107,0.0289,15.0,0.0781,-0.438371,-0.898794,0
8025,13.75,0.107867,0.0241,15.0,0.083767,-0.442289,-0.896873,0
8026,13.7667,0.1085,0.0256,15.0,0.0829,-0.446198,-0.894934,0
8027,13.7833,0.102767,0.0264,15.0,0.076367,-0.450098,-0.892979,0
8028,13.8,0.105417,0.0253,15.0,0.080117,-0.45399,-0.891007,0
8029,13.8167,0.109983,0.0266,15.0,0.083383,-0.457874,-0.889017,0
8030,13.8333,0.109067,0.0272,15.0,0.081867,-0.461749,-0.887011,0
8031,13.85,0.1084,0.0291,15.0,0.0793,-0.465615,-0.884988,0
8032,13.8667,0.1025,0.0293,15.0,0.0732,-0.469472,-0.882948,0
8033,13.8833,0.10255,0.0284,15.0,0.07415,-0.47332,-0.880891,0
8034,13.9,0.10465,0.0239,15.0,0.08075,-0.477159,-0.878817,0
8035,13.9167,0.1059,0.0252,15.0,0.0807,-0.480989,-0.876727,0
8036,13.9333,0.100633,0.028,15.0,0.072633,-0.48481,-0.87462,0
8037,13.95,0.106517,0.0238,15.0,0.082717,-0.488621,-0.872496,0
8038,13.9667,0.104233,0.0258,15.0,0.078433,-0.492424,-0.870356,0
8039,13.9833,0.105967,0.0237,15.0,0.082267,-0.496217,-0.868199,0
8040,14.0,0.10665,0.0232,15.0,0.08345,-0.5,-0.866025,0
8041,14.0167,0.107517,0.0254,15.0,0.082117,-0.503774,-0.863836,0
8042,14.0333,0.104683,0.0253,15.0,0.079383,-0.507538,-0.861629,0
8043,14.05,0.1043,0.0262,15.0,0.0781,-0.511293,-0.859406,0
8044,14.0667,0.10655,0.0235,15.0,0.08305,-0.515038,-0.857167,0
8045,14.0833,0.1049,0.0258,15.0,0.0791,-0.518773,-0.854912,0
8046,14.1,0.101917,0.0265,15.0,0.075417,-0.522499,-0.85264,0
8047,14.1167,0.095233,0.0259,15.0,0.069333,-0.526214,-0.850352,0
8048,14.1333,0.099267,0.0263,15.0,0.072967,-0.529919,-0.848048,0
8049,14.15,0.108583,0.0271,15.0,0.081483,-0.533615,-0.845728,0
8050,14.1667,0.103383,0.025,15.0,0.078383,-0.5373,-0.843391,0
8051,14.1833,0.101067,0.0228,15.0,0.078267,-0.540974,-0.841039,0
8052,14.2,0.101483,0.0252,15.0,0.076283,-0.544639,-0.838671,0
8053,14.2167,0.099033,0.0295,15.0,0.069533,-0.548293,-0.836286,0
8054,14.2333,0.1012,0.0265,15.0,0.0747,-0.551937,-0.833886,0
8055,14.25,0.104517,0.0243,15.0,0.080217,-0.55557,-0.83147,0
8056,14.2667,0.098467,0.0242,15.0,0.074267,-0.559193,-0.829038,0
8057,14.2833,0.097633,0.028,15.0,0.069633,-0.562805,-0.82659,0
8058,14.3,0.1027,0.0276,15.0,0.0751,-0.566406,-0.824126,0
8059,14.3167,0.097867,0.0258,15.0,0.072067,-0.569997,-0.821647,0
8060,14.3333,0.1023,0.0268,15.0,0.0755,-0.573576,-0.819152,0
8061,14.35,0.102633,0.0268,15.0,0.075833,-0.577145,-0.816642,0
8062,14.3667,0.09445,0.0289,15.0,0.06555,-0.580703,-0.814116,0
8063,14.3833,0.09535,0.0264,15.0,0.06895,-0.58425,-0.811574,0
8064,14.4,0.098233,0.0252,15.0,0.073033,-0.587785,-0.809017,0
8065,14.4167,0.094283,0.0241,15.0,0.070183,-0.59131,-0.806445,0
8066,14.4333,0.095267,0.0247,15.0,0.070567,-0.594823,-0.803857,0
8067,14.45,0.096433,0.0268,15.0,0.069633,-0.598325,-0.801254,0
8068,14.4667,0.0974,0.0243,15.0,0.0731,-0.601815,-0.798636,0
8069,14.4833,0.095717,0.0225,15.0,0.073217,-0.605294,-0.796002,0
8070,14.5,0.092,0.0252,15.0,0.0668,-0.608761,-0.793353,0
8071,14.5167,0.0957,0.0234,15.0,0.0723,-0.612217,-0.79069,0
8072,14.5333,0.092317,0.0293,15.0,0.063017,-0.615661,-0.788011,0
8073,14.55,0.092283,0.0229,15.0,0.069383,-0.619094,-0.785317,0
8074,14.5667,0.0938,0.0258,15.0,0.068,-0.622515,-0.782608,0
8075,14.5833,0.0935,0.0312,15.0,0.0623,-0.625923,-0.779884,0
8076,14.6,0.0934,0.0229,15.0,0.0705,-0.62932,-0.777146,0
8077,14.6167,0.0928,0.0246,15.0,0.0682,-0.632705,-0.774393,0
8078,14.6333,0.091467,0.0313,15.0,0.060167,-0.636078,-0.771625,0
8079,14.65,0.089633,0.0251,15.0,0.064533,-0.639439,-0.768842,0
8080,14.6667,0.0904,0.0292,15.0,0.0612,-0.642788,-0.766044,0
8081,14.6833,0.089767,0.0267,15.0,0.063067,-0.646124,-0.763232,0
8082,14.7,0.0955,0.0264,15.0,0.0691,-0.649448,-0.760406,0
8083,14.7167,0.090167,0.0279,15.0,0.062267,-0.65276,-0.757565,0
8084,14.7333,0.087917,0.0219,15.0,0.066017,-0.656059,-0.75471,0
8085,14.75,0.086067,0.0266,15.0,0.059467,-0.659346,-0.75184,0
8086,14.7667,0.096133,0.0254,15.0,0.070733,-0.66262,-0.748956,0
8087,14.7833,0.090233,0.0273,15.0,0.062933,-0.665882,-0.746057,0
8088,14.8,0.088283,0.0273,15.0,0.060983,-0.669131,-0.743145,0
8089,14.8167,0.0842,0.0273,15.0,0.0569,-0.672367,-0.740218,0
8090,14.8333,0.090683,0.0239,15.0,0.066783,-0.67559,-0.737277,0
8091,14.85,0.088417,0.0256,15.0,0.062817,-0.678801,-0.734323,0
8092,14.8667,0.08895,0.0206,15.0,0.06835,-0.681998,-0.731354,0
8093,14.8833,0.088533,0.0268,15.0,0.061733,-0.685183,-0.728371,0
8094,14.9,0.085117,0.0231,15.0,0.062017,-0.688355,-0.725374,0
8095,14.9167,0.08895,0.0274,15.0,0.06155,-0.691513,-0.722364,0
8096,14.9333,0.084217,0.0233,15.0,0.060917,-0.694658,-0.71934,0
8097,14.95,0.0863,0.0276,15.0,0.0587,-0.69779,-0.716302,0
8098,14.9667,0.087017,0.0258,15.0,0.061217,-0.700909,-0.71325,0
8099,14.9833,0.0838,0.0237,15.0,0.0601,-0.704015,-0.710185,0
8100,15.0,0.0832,0.0265,15.0,0.0567,-0.707107,-0.707107,0
8101,15.0167,0.08565,0.0274,15.0,0.05825,-0.710185,-0.704015,0
8102,15.0333,0.08455,0.0261,15.0,0.05845,-0.71325,-0.700909,0
8103,15.05,0.08555,0.0329,15.0,0.05265,-0.716302,-0.69779,0
8104,15.0667,0.08215,0.0266,15.0,0.05555,-0.71934,-0.694658,0
8105,15.0833,0.08285,0.0219,15.0,0.06095,-0.722364,-0.691513,0
8106,15.1,0.084867,0.0285,15.0,0.056367,-0.725374,-0.688355,0
8107,15.1167,0.082017,0.0269,15.0,0.055117,-0.728371,-0.685183,0
8108,15.1333,0.082567,0.0252,15.0,0.057367,-0.731354,-0.681998,0
8109,15.15,0.08205,0.0271,15.0,0.05495,-0.734323,-0.678801,0
8110,15.1667,0.0803,0.0262,15.0,0.0541,-0.737277,-0.67559,0
8111,15.1833,0.08065,0.0256,15.0,0.05505,-0.740218,-0.672367,0
8112,15.2,0.08145,0.0283,15.0,0.05315,-0.743145,-0.669131,0
8113,15.2167,0.079783,0.0256,15.0,0.054183,-0.746057,-0.665882,0
8114,15.2333,0.079133,0.0274,15.0,0.051733,-0.748956,-0.66262,0
8115,15.25,0.0797,0.0277,15.0,0.052,-0.75184,-0.659346,0
8116,15.2667,0.076483,0.0239,15.0,0.052583,-0.75471,-0.656059,0
8117,15.2833,0.078083,0.026,15.0,0.052083,-0.757565,-0.65276,0
8118,15.3,0.078183,0.03,15.0,0.048183,-0.760406,-0.649448,0
8119,15.3167,0.074983,0.0233,15.0,0.051683,-0.763232,-0.646124,0
8120,15.3333,0.077,0.0277,15.0,0.0493,-0.766044,-0.642788,0
8121,15.35,0.076183,0.0273,15.0,0.048883,-0.768842,-0.639439,0
8122,15.3667,0.075417,0.0248,15.0,0.050617,-0.771625,-0.636078,0
8123,15.3833,0.0783,0.0243,15.0,0.054,-0.774393,-0.632705,0
8124,15.4,0.075367,0.0297,15.0,0.045667,-0.777146,-0.62932,0
8125,15.4167,0.078133,0.0265,15.0,0.051633,-0.779884,-0.625923,0
8126,15.4333,0.071167,0.0291,15.0,0.042067,-0.782608,-0.622515,0
8127,15.45,0.078367,0.0254,15.0,0.052967,-0.785317,-0.619094,0
8128,15.4667,0.073633,0.0256,15.0,0.048033,-0.788011,-0.615661,0
8129,15.4833,0.074783,0.03,15.0,0.044783,-0.79069,-0.612217,0
8130,15.5,0.067267,0.0248,15.0,0.042467,-0.793353,-0.608761,0
8131,15.5167,0.0695,0.0258,15.0,0.0437,-0.796002,-0.605294,0
8132,15.5333,0.073217,0.0265,15.0,0.046717,-0.798636,-0.601815,0
8133,15.55,0.071233,0.0256,15.0,0.045633,-0.801254,-0.598325,0
8134,15.5667,0.07495,0.0252,15.0,0.04975,-0.803857,-0.594823,0
8135,15.5833,0.072933,0.0253,15.0,0.047633,-0.806445,-0.59131,0
8136,15.6,0.0727,0.0251,15.0,0.0476,-0.809017,-0.587785,0
8137,15.6167,0.067983,0.0276,15.0,0.040383,-0.811574,-0.58425,0
8138,15.6333,0.072683,0.026,15.0,0.046683,-0.814116,-0.580703,0
8139,15.65,0.0677,0.0263,15.0,0.0414,-0.816642,-0.577145,0
8140,15.6667,0.067667,0.025,15.0,0.042667,-0.819152,-0.573576,0
8141,15.6833,0.070517,0.0257,15.0,0.044817,-0.821647,-0.569997,0
8142,15.7,0.06885,0.0282,15.0,0.04065,-0.824126,-0.566406,0
8143,15.7167,0.066533,0.026,15.0,0.040533,-0.82659,-0.562805,0
8144,15.7333,0.070367,0.0292,15.0,0.041167,-0.829038,-0.559193,0
8145,15.75,0.069783,0.0279,15.0,0.041883,-0.83147,-0.55557,0
8146,15.7667,0.066967,0.029,15.0,0.037967,-0.833886,-0.551937,0
8147,15.7833,0.061417,0.0265,15.0,0.034917,-0.836286,-0.548293,0
8148,15.8,0.067417,0.0268,15.0,0.040617,-0.838671,-0.544639,0
8149,15.8167,0.06835,0.0261,15.0,0.04225,-0.841039,-0.540974,0
8150,15.8333,0.06545,0.026,15.0,0.03945,-0.843391,-0.5373,0
8151,15.85,0.063467,0.0272,15.0,0.036267,-0.845728,-0.533615,0
8152,15.8667,0.061817,0.0258,15.0,0.036017,-0.848048,-0.529919,0
8153,15.8833,0.064367,0.0277,15.0,0.036667,-0.850352,-0.526214,0
8154,15.9,0.06185,0.0244,15.0,0.03745,-0.85264,-0.522499,0
8155,15.9167,0.061317,0.0272,15.0,0.034117,-0.854912,-0.518773,0
8156,15.9333,0.06215,0.0246,15.0,0.03755,-0.857167,-0.515038,0
8157,15.95,0.06645,0.0226,15.0,0.04385,-0.859406,-0.511293,0
8158,15.9667,0.0651,0.0263,15.0,0.0388,-0.861629,-0.507538,0
8159,15.9833,0.0637,0.0236,15.0,0.0401,-0.863836,-0.503774,0
8160,16.0,0.06405,0.0281,15.0,0.03595,-0.866025,-0.5,0
8161,16.0167,0.062333,0.0297,15.0,0.032633,-0.868199,-0.496217,0
8162,16.0333,0.060533,0.025,15.0,0.035533,-0.870356,-0.492424,0
8163,16.05,0.0578,0.0295,15.0,0.0283,-0.872496,-0.488621,0
8164,16.0667,0.058317,0.0266,15.0,0.031717,-0.87462,-0.48481,0
8165,16.0833,0.0573,0.026,15.0,0.0313,-0.876727,-0.480989,0
8166,16.1,0.05935,0.0288,15.0,0.03055,-0.878817,-0.477159,0
8167,16.1167,0.0601,0.0258,15.0,0.0343,-0.880891,-0.47332,0
8168,16.1333,0.0574,0.0246,15.0,0.0328,-0.882948,-0.469472,0
8169,16.15,0.05725,0.0315,15.0,0.02575,-0.884988,-0.465615,0
8170,16.1667,0.058883,0.0274,15.0,0.031483,-0.887011,-0.461749,0
8171,16.1833,0.059667,0.0239,15.0,0.035767,-0.889017,-0.457874,0
8172,16.2,0.055683,0.0284,15.0,0.027283,-0.891007,-0.45399,0
8173,16.2167,0.054183,0.0282,15.0,0.025983,-0.892979,-0.450098,0
8174,16.2333,0.053583,0.0295,15.0,0.024083,-0.894934,-0.446198,0
8175,16.25,0.054283,0.0239,15.0,0.030383,-0.896873,-0.442289,0
8176,16.2667,0.0503,0.0258,15.0,0.0245,-0.898794,-0.438371,0
8177,16.2833,0.052267,0.0279,15.0,0.024367,-0.900698,-0.434445,0
8178,16.3,0.04895,0.0253,15.0,0.02365,-0.902585,-0.430511,0
8179,16.3167,0.0483,0.0275,15.0,0.0208,-0.904455,-0.426569,0
8180,16.3333,0.0525,0.0256,15.0,0.0269,-0.906308,-0.422618,0
8181,16.35,0.053583,0.0265,15.0,0.027083,-0.908143,-0.41866,0
8182,16.3667,0.051583,0.0285,15.0,0.023083,-0.909961,-0.414693,0
8183,16.3833,0.047067,0.0269,15.0,0.020167,-0.911762,-0.410719,0
8184,16.4,0.046867,0.0238,15.0,0.023067,-0.913545,-0.406737,0
8185,16.4167,0.050967,0.0258,15.0,0.025167,-0.915311,-0.402747,0
8186,16.4333,0.049383,0.0215,15.0,0.027883,-0.91706,-0.398749,0
8187,16.45,0.043933,0.0258,15.0,0.018133,-0.918791,-0.394744,0
8188,16.4667,0.0491,0.0255,15.0,0.0236,-0.920505,-0.390731,0
8189,16.4833,0.046283,0.0281,15.0,0.018183,-0.922201,-0.386711,0
8190,16.5,0.045767,0.0256,15.0,0.020167,-0.92388,-0.382683,0
8191,16.5167,0.047433,0.0257,15.0,0.021733,-0.925541,-0.378649,0
8192,16.5333,0.0432,0.0261,15.0,0.0171,-0.927184,-0.374607,0
8193,16.55,0.043683,0.0267,15.0,0.016983,-0.92881,-0.370557,0
8194,16.5667,0.042617,0.0241,15.0,0.018517,-0.930418,-0.366501,0
8195,16.5833,0.0467,0.0225,15.0,0.0242,-0.932008,-0.362438,0
8196,16.6,0.041367,0.0255,15.0,0.015867,-0.93358,-0.358368,0
8197,16.6167,0.045517,0.0308,15.0,0.014717,-0.935135,-0.354291,0
8198,16.6333,0.039917,0.0245,15.0,0.015417,-0.936672,-0.350207,0
8199,16.65,0.0422,0.0234,15.0,0.0188,-0.938191,-0.346117,0
8200,16.6667,0.042617,0.0274,15.0,0.015217,-0.939693,-0.34202,0
8201,16.6833,0.041283,0.0265,15.0,0.014783,-0.941176,-0.337917,0
8202,16.7,0.044367,0.0289,15.0,0.015467,-0.942641,-0.333807,0
8203,16.7167,0.038667,0.0252,15.0,0.013467,-0.944089,-0.329691,0
8204,16.7333,0.036617,0.0255,15.0,0.011117,-0.945519,-0.325568,0
8205,16.75,0.03895,0.0284,15.0,0.01055,-0.94693,-0.321439,0
8206,16.7667,0.035033,0.0271,15.0,0.007933,-0.948324,-0.317305,0
8207,16.7833,0.036933,0.026,15.0,0.010933,-0.949699,-0.313164,0
8208,16.8,0.036383,0.0247,15.0,0.011683,-0.951057,-0.309017,0
8209,16.8167,0.0338,0.0213,15.0,0.0125,-0.952396,-0.304864,0
8210,16.8333,0.034817,0.0315,15.0,0.003317,-0.953717,-0.300706,0
8211,16.85,0.03225,0.0252,15.0,0.00705,-0.95502,-0.296542,0
8212,16.8667,0.03855,0.0261,15.0,0.01245,-0.956305,-0.292372,0
8213,16.8833,0.037317,0.0282,15.0,0.009117,-0.957571,-0.288196,0
8214,16.9,0.036567,0.0274,15.0,0.009167,-0.95882,-0.284015,0
8215,16.9167,0.032467,0.0287,15.0,0.003767,-0.96005,-0.279829,0
8216,16.9333,0.034833,0.0265,15.0,0.008333,-0.961262,-0.275637,0
8217,16.95,0.029383,0.0261,15.0,0.003283,-0.962455,-0.27144,0
8218,16.9667,0.035167,0.0261,15.0,0.009067,-0.96363,-0.267238,0
8219,16.9833,0.033167,0.0233,15.0,0.009867,-0.964787,-0.263031,0
8220,17.0,0.0299,0.0266,15.0,0.0033,-0.965926,-0.258819,0
8221,17.0167,0.032783,0.023,15.0,0.009783,-0.967046,-0.254602,0
8222,17.0333,0.026533,0.0262,15.0,0.000333,-0.968148,-0.25038,0
8223,17.05,0.028933,0.0276,15.0,0.001333,-0.969231,-0.246153,0
8224,17.0667,0.029983,0.0228,15.0,0.007183,-0.970296,-0.241922,0
8225,17.0833,0.027367,0.0267,15.0,0.000667,-0.971342,-0.237686,0
8226,17.1,0.03105,0.0289,15.0,0.00215,-0.97237,-0.233445,0
8227,17.1167,0.028933,0.0251,15.0,0.003833,-0.973379,-0.2292,0
8228,17.1333,0.03045,0.0254,15.0,0.00505,-0.97437,-0.224951,0
8229,17.15,0.02165,0.0226,14.999,-0.00095,-0.975342,-0.220697,0
8230,17.1667,0.027017,0.0265,14.9995,0.000517,-0.976296,-0.21644,0
8231,17.1833,0.02665,0.0295,14.9966,-0.00285,-0.977231,-0.212178,0
8232,17.2,0.025033,0.0229,14.9987,0.002133,-0.978148,-0.207912,0
8233,17.2167,0.027283,0.027,14.999,0.000283,-0.979045,-0.203642,0
8234,17.2333,0.02285,0.0266,14.9953,-0.00375,-0.979925,-0.199368,0
8235,17.25,0.020617,0.0246,14.9913,-0.003983,-0.980785,-0.19509,0
8236,17.2667,0.025183,0.0258,14.9907,-0.000617,-0.981627,-0.190809,0
8237,17.2833,0.01935,0.029,14.981,-0.00965,-0.98245,-0.186524,0
8238,17.3,0.02095,0.0254,14.9765,-0.00445,-0.983255,-0.182236,0
8239,17.3167,0.016817,0.022,14.9713,-0.005183,-0.984041,-0.177944,0
8240,17.3333,0.02425,0.0258,14.9697,-0.00155,-0.984808,-0.173648,0
8241,17.35,0.021167,0.0287,14.9622,-0.007533,-0.985556,-0.16935,0
8242,17.3667,0.01815,0.0268,14.9535,-0.00865,-0.986286,-0.165048,0
8243,17.3833,0.016533,0.0259,14.9441,-0.009367,-0.986996,-0.160743,0
8244,17.4,0.022933,0.0279,14.9391,-0.004967,-0.987688,-0.156434,0
8245,17.4167,0.0164,0.0239,14.9316,-0.0075,-0.988362,-0.152123,0
8246,17.4333,0.021117,0.0284,14.9243,-0.007283,-0.989016,-0.147809,0
8247,17.45,0.019817,0.0258,14.9183,-0.005983,-0.989651,-0.143493,0
8248,17.4667,0.0176,0.0286,14.9073,-0.011,-0.990268,-0.139173,0
8249,17.4833,0.018017,0.0255,14.8998,-0.007483,-0.990866,-0.134851,0
8250,17.5,0.01765,0.0278,14.8897,-0.01015,-0.991445,-0.130526,0
8251,17.5167,0.009967,0.024,14.8757,-0.014033,-0.992005,-0.126199,0
8252,17.5333,0.014117,0.0248,14.865,-0.010683,-0.992546,-0.121869,0
8253,17.55,0.0117,0.0236,14.8531,-0.0119,-0.993068,-0.117537,0
8254,17.5667,0.0144,0.028,14.8395,-0.0136,-0.993572,-0.113203,0
8255,17.5833,0.010367,0.025,14.8249,-0.014633,-0.994056,-0.108867,0
8256,17.6,0.00715,0.0262,14.8058,-0.01905,-0.994522,-0.104528,0
8257,17.6167,0.012067,0.0256,14.7923,-0.013533,-0.994969,-0.100188,0
8258,17.6333,0.00905,0.0274,14.7739,-0.01835,-0.995396,-0.095846,0
8259,17.65,0.007833,0.0281,14.7536,-0.020267,-0.995805,-0.091502,0
8260,17.6667,0.010617,0.0261,14.7381,-0.015483,-0.996195,-0.087156,0
8261,17.6833,0.012367,0.0271,14.7234,-0.014733,-0.996566,-0.082808,0
8262,17.7,0.008783,0.0267,14.7055,-0.017917,-0.996917,-0.078459,0
8263,17.7167,0.008017,0.0288,14.6847,-0.020783,-0.99725,-0.074108,0
8264,17.7333,0.01015,0.0249,14.6699,-0.01475,-0.997564,-0.069756,0
8265,17.75,0.00575,0.0311,14.6446,-0.02535,-0.997859,-0.065403,0
8266,17.7667,0.012217,0.0266,14.6302,-0.014383,-0.998135,-0.061049,0
8267,17.7833,0.0064,0.0306,14.606,-0.0242,-0.998392,-0.056693,0
8268,17.8,0.00555,0.0274,14.5841,-0.02185,-0.99863,-0.052336,0
8269,17.8167,0.002633,0.0241,14.5626,-0.021467,-0.998848,-0.047978,0
8270,17.8333,0.008617,0.0238,14.5474,-0.015183,-0.999048,-0.043619,0
8271,17.85,0.0079,0.0279,14.5274,-0.02,-0.999229,-0.03926,0
8272,17.8667,0.000417,0.0278,14.5,-0.027383,-0.999391,-0.034899,0
8273,17.8833,0.00845,0.0268,14.4817,-0.01835,-0.999534,-0.030539,0
8274,17.9,0.00195,0.0297,14.454,-0.02775,-0.999657,-0.026177,0
8275,17.9167,0.002067,0.0269,14.4292,-0.024833,-0.999762,-0.021815,0
8276,17.9333,0.007117,0.0225,14.4138,-0.015383,-0.999848,-0.017452,0
8277,17.95,0.0,0.0229,14.3909,-0.0229,-0.999914,-0.01309,0
8278,17.9667,0.004633,0.0263,14.3692,-0.021667,-0.999962,-0.008727,0
8279,17.9833,0.0038,0.0287,14.3443,-0.0249,-0.99999,-0.004363,0
8280,18.0,0.00395,0.0608,14.2874,-0.05685,-1.0,-0.0,0
8281,18.0167,0.0,0.0607,14.2267,-0.0607,-0.99999,0.004363,0
8282,18.0333,0.0,0.0614,14.1653,-0.0614,-0.999962,0.008727,0
8283,18.05,0.0,0.06,14.1053,-0.06,-0.999914,0.01309,0
8284,18.0667,0.0,0.0605,14.0448,-0.0605,-0.999848,0.017452,0
8285,18.0833,0.0,0.0583,13.9865,-0.0583,-0.999762,0.021815,0
8286,18.1,0.0,0.0569,13.9296,-0.0569,-0.999657,0.026177,0
8287,18.1167,0.0,0.0597,13.8699,-0.0597,-0.999534,0.030539,0
8288,18.1333,0.0,0.061,13.8089,-0.061,-0.999391,0.034899,0
8289,18.15,0.0,0.0607,13.7482,-0.0607,-0.999229,0.03926,0
8290,18.1667,0.0,0.0556,13.6926,-0.0556,-0.999048,0.043619,0
8291,18.1833,0.0,0.0582,13.6344,-0.0582,-0.998848,0.047978,0
8292,18.2,0.0,0.0583,13.5761,-0.0583,-0.99863,0.052336,0
8293,18.2167,0.0,0.1296,13.4465,-0.1296,-0.998392,0.056693,0
8294,18.2333,0.0,0.1306,13.3159,-0.1306,-0.998135,0.061049,0
8295,18.25,0.0,0.1272,13.1887,-0.1272,-0.997859,0.065403,0
8296,18.2667,0.0,0.1298,13.0589,-0.1298,-0.997564,0.069756,0
8297,18.2833,0.0,0.1295,12.9294,-0.1295,-0.99725,0.074108,0
8298,18.3,0.0,0.1294,12.8,-0.1294,-0.996917,0.078459,0
8299,18.3167,0.0,0.1286,12.6714,-0.1286,-0.996566,0.082808,0
8300,18.3333,0.0,0.1299,12.5415,-0.1299,-0.996195,0.087156,0
8301,18.35,0.0,0.1283,12.4132,-0.1283,-0.995805,0.091502,0
8302,18.3667,0.0,0.1355,12.2777,-0.1355,-0.995396,0.095846,0
8303,18.3833,0.0,0.1286,12.1491,-0.1286,-0.994969,0.100188,0
8304,18.4,0.0,0.1304,12.0187,-0.1304,-0.994522,0.104528,0
8305,18.4167,0.0,0.131,11.8877,-0.131,-0.994056,0.108867,0
8306,18.4333,0.0,0.1323,11.7554,-0.1323,-0.993572,0.113203,0
8307,18.45,0.0,0.1327,11.6227,-0.1327,-0.993068,0.117537,0
8308,18.4667,0.0,0.1293,11.4934,-0.1293,-0.992546,0.121869,0
8309,18.4833,0.0,0.1289,11.3645,-0.1289,-0.992005,0.126199,0
8310,18.5,0.0,0.1283,11.2362,-0.1283,-0.991445,0.130526,0
8311,18.5167,0.0,0.1324,11.1038,-0.1324,-0.990866,0.134851,0
8312,18.5333,0.0,0.1325,10.9713,-0.1325,-0.990268,0.139173,0
8313,18.55,0.0,0.1336,10.8377,-0.1336,-0.989651,0.143493,0
8314,18.5667,0.0,0.1301,10.7076,-0.1301,-0.989016,0.147809,0
8315,18.5833,0.0,0.1302,10.5774,-0.1302,-0.988362,0.152123,0
8316,18.6,0.0,0.1304,10.447,-0.1304,-0.987688,0.156434,0
8317,18.6167,0.0,0.1304,10.3166,-0.1304,-0.986996,0.160743,0
8318,18.6333,0.0,0.1324,10.1842,-0.1324,-0.986286,0.165048,0
8319,18.65,0.0,0.1319,10.0523,-0.1319,-0.985556,0.16935,0
8320,18.6667,0.0,0.1323,9.92,-0.1323,-0.984808,0.173648,0
8321,18.6833,0.0,0.1232,9.7968,-0.1232,-0.984041,0.177944,0
8322,18.7,0.0,0.1321,9.6647,-0.1321,-0.983255,0.182236,0
8323,18.7167,0.0,0.1317,9.533,-0.1317,-0.98245,0.186524,0
8324,18.7333,0.0,0.1303,9.4027,-0.1303,-0.981627,0.190809,0
8325,18.75,0.0,0.1296,9.2731,-0.1296,-0.980785,0.19509,0
8326,18.7667,0.0,0.1326,9.1405,-0.1326,-0.979925,0.199368,0
8327,18.7833,0.0,0.128,9.0125,-0.128,-0.979045,0.203642,0
8328,18.8,0.0,0.128,8.8845,-0.128,-0.978148,0.207912,0
8329,18.8167,0.0,0.1324,8.7521,-0.1324,-0.977231,0.212178,0
8330,18.8333,0.0,0.1289,8.6232,-0.1289,-0.976296,0.21644,0
8331,18.85,0.0,0.1276,8.4956,-0.1276,-0.975342,0.220697,0
8332,18.8667,0.0,0.134,8.3616,-0.134,-0.97437,0.224951,0
8333,18.8833,0.0,0.132,8.2296,-0.132,-0.973379,0.2292,0
8334,18.9,0.0,0.1314,8.0982,-0.1314,-0.97237,0.233445,0
8335,18.9167,0.0,0.1304,7.9678,-0.1304,-0.971342,0.237686,0
8336,18.9333,0.0,0.133,7.8348,-0.133,-0.970296,0.241922,0
8337,18.95,0.0,0.1307,7.7041,-0.1307,-0.969231,0.246153,0
8338,18.9667,0.0,0.1302,7.5739,-0.1302,-0.968148,0.25038,0
8339,18.9833,0.0,0.1311,7.4428,-0.1311,-0.967046,0.254602,0
8340,19.0,0.0,0.1319,7.3109,-0.1319,-0.965926,0.258819,0
8341,19.0167,0.0,0.1356,7.1753,-0.1356,-0.964787,0.263031,0
8342,19.0333,0.0,0.1308,7.0445,-0.1308,-0.96363,0.267238,0
8343,19.05,0.0,0.1339,6.9106,-0.1339,-0.962455,0.27144,0
8344,19.0667,0.0,0.1307,6.7799,-0.1307,-0.961262,0.275637,0
8345,19.0833,0.0,0.1337,6.6462,-0.1337,-0.96005,0.279829,0
8346,19.1,0.0,0.1331,6.5131,-0.1331,-0.95882,0.284015,0
8347,19.1167,0.0,0.1312,6.3819,-0.1312,-0.957571,0.288196,0
8348,19.1333,0.0,0.1347,6.2472,-0.1347,-0.956305,0.292372,0
8349,19.15,0.0,0.1291,6.1181,-0.1291,-0.95502,0.296542,0
8350,19.1667,0.0,0.1304,5.9877,-0.1304,-0.953717,0.300706,0
8351,19.1833,0.0,0.1322,5.8555,-0.1322,-0.952396,0.304864,0
8352,19.2,0.0,0.1308,5.7247,-0.1308,-0.951057,0.309017,0
8353,19.2167,0.0,0.1324,5.5923,-0.1324,-0.949699,0.313164,0
8354,19.2333,0.0,0.1298,5.4625,-0.1298,-0.948324,0.317305,0
8355,19.25,0.0,0.1321,5.3304,-0.1321,-0.94693,0.321439,0
8356,19.2667,0.0,0.1339,5.1965,-0.1339,-0.945519,0.325568,0
8357,19.2833,0.0,0.1308,5.0657,-0.1308,-0.944089,0.329691,0
8358,19.3,0.0,0.131,4.9347,-0.131,-0.942641,0.333807,0
8359,19.3167,0.0,0.1286,4.8061,-0.1286,-0.941176,0.337917,0
8360,19.3333,0.0,0.1334,4.6727,-0.1334,-0.939693,0.34202,0
8361,19.35,0.0,0.1298,4.5429,-0.1298,-0.938191,0.346117,0
8362,19.3667,0.0,0.1323,4.4106,-0.1323,-0.936672,0.350207,0
8363,19.3833,0.0,0.1327,4.2779,-0.1327,-0.935135,0.354291,0
8364,19.4,0.0,0.1338,4.1441,-0.1338,-0.93358,0.358368,0
8365,19.4167,0.0,0.1328,4.0113,-0.1328,-0.932008,0.362438,0
8366,19.4333,0.0,0.1305,3.8808,-0.1305,-0.930418,0.366501,0
8367,19.45,0.0,0.1327,3.7481,-0.1327,-0.92881,0.370557,0
8368,19.4667,0.0,0.1282,3.6199,-0.1282,-0.927184,0.374607,0
8369,19.4833,0.0,0.1305,3.4894,-0.1305,-0.925541,0.378649,0
8370,19.5,0.0,0.1281,3.3613,-0.1281,-0.92388,0.382683,0
8371,19.5167,0.0,0.1323,3.229,-0.1323,-0.922201,0.386711,0
8372,19.5333,0.0,0.1311,3.0979,-0.1311,-0.920505,0.390731,0
8373,19.55,0.0,0.1305,2.9674,-0.1305,-0.918791,0.394744,0
8374,19.5667,0.0,0.1287,2.8387,-0.1287,-0.91706,0.398749,0
8375,19.5833,0.0,0.1295,2.7092,-0.1295,-0.915311,0.402747,0
8376,19.6,0.0,0.1294,2.5798,-0.1294,-0.913545,0.406737,0
8377,19.6167,0.0,0.1302,2.4496,-0.1302,-0.911762,0.410719,0
8378,19.6333,0.0,0.1304,2.3192,-0.1304,-0.909961,0.414693,0
8379,19.65,0.0,0.1301,2.1891,-0.1301,-0.908143,0.41866,0
8380,19.6667,0.0,0.1302,2.0589,-0.1302,-0.906308,0.422618,0
8381,19.6833,0.0,0.1334,1.9255,-0.1334,-0.904455,0.426569,0
8382,19.7,0.0,0.0596,1.8659,-0.0596,-0.902585,0.430511,0
8383,19.7167,0.0,0.0624,1.8035,-0.0624,-0.900698,0.434445,0
8384,19.7333,0.0,0.0561,1.7474,-0.0561,-0.898794,0.438371,0
8385,19.75,0.0,0.059,1.6884,-0.059,-0.896873,0.442289,0
8386,19.7667,0.0,0.0577,1.6307,-0.0577,-0.894934,0.446198,0
8387,19.7833,0.0,0.063,1.5677,-0.063,-0.892979,0.450098,0
8388,19.8,0.0,0.0617,1.506,-0.0617,-0.891007,0.45399,0
8389,19.8167,0.0,0.0607,1.4453,-0.0607,-0.889017,0.457874,0
8390,19.8333,0.0,0.0576,1.3877,-0.0576,-0.887011,0.461749,0
8391,19.85,0.0,0.0612,1.3265,-0.0612,-0.884988,0.465615,0
8392,19.8667,0.0,0.0582,1.2683,-0.0582,-0.882948,0.469472,0
8393,19.8833,0.0,0.0572,1.2111,-0.0572,-0.880891,0.47332,0
8394,19.9,0.0,0.0629,1.1482,-0.0629,-0.878817,0.477159,0
8395,19.9167,0.0,0.0601,1.0881,-0.0601,-0.876727,0.480989,0
8396,19.9333,0.0,0.0619,1.0262,-0.0619,-0.87462,0.48481,0
8397,19.95,0.0,0.0592,0.967,-0.0592,-0.872496,0.488621,0
8398,19.9667,0.0,0.0588,0.9082,-0.0588,-0.870356,0.492424,0
8399,19.9833,0.0,0.0576,0.8506,-0.0576,-0.868199,0.496217,0
8400,20.0,0.0,0.0588,0.7918,-0.0588,-0.866025,0.5,0
8401,20.0167,0.0,0.064,0.7278,-0.064,-0.863836,0.503774,0
8402,20.0333,0.0,0.0609,0.6669,-0.0609,-0.861629,0.507538,0
8403,20.05,0.0,0.0613,0.6056,-0.0613,-0.859406,0.511293,0
8404,20.0667,0.0,0.0585,0.5471,-0.0585,-0.857167,0.515038,0
8405,20.0833,0.0,0.0591,0.488,-0.0591,-0.854912,0.518773,0
8406,20.1,0.0,0.0584,0.4296,-0.0584,-0.85264,0.522499,0
8407,20.1167,0.0,0.0599,0.3697,-0.0599,-0.850352,0.526214,0
8408,20.1333,0.0,0.0602,0.3095,-0.0602,-0.848048,0.529919,0
8409,20.15,0.0,0.0595,0.25,-0.0595,-0.845728,0.533615,0
8410,20.1667,0.0,0.0547,0.1953,-0.0547,-0.843391,0.5373,0
8411,20.1833,0.0,0.0597,0.1356,-0.0597,-0.841039,0.540974,0
8412,20.2,0.0,0.0595,0.0761,-0.0595,-0.838671,0.544639,0
8413,20.2167,0.0,0.0591,0.017,-0.0591,-0.836286,0.548293,0
8414,20.2333,0.0,0.0603,0.0,-0.0603,-0.833886,0.551937,1
8415,20.25,0.0,0.0574,0.0,-0.0574,-0.83147,0.55557,1
8416,20.2667,0.0,0.0614,0.0,-0.0614,-0.829038,0.559193,1
8417,20.2833,0.0,0.0623,0.0,-0.0623,-0.82659,0.562805,1
8418,20.3,0.0,0.0605,0.0,-0.0605,-0.824126,0.566406,1
8419,20.3167,0.0,0.0582,0.0,-0.0582,-0.821647,0.569997,1
8420,20.3333,0.0,0.0592,0.0,-0.0592,-0.819152,0.573576,1
8421,20.35,0.0,0.0621,0.0,-0.0621,-0.816642,0.577145,1
8422,20.3667,0.0,0.0624,0.0,-0.0624,-0.814116,0.580703,1
8423,20.3833,0.0,0.0589,0.0,-0.0589,-0.811574,0.58425,1
8424,20.4,0.0,0.0593,0.0,-0.0593,-0.809017,0.587785,1
8425,20.4167,0.0,0.0611,0.0,-0.0611,-0.806445,0.59131,1
8426,20.4333,0.0,0.0601,0.0,-0.0601,-0.803857,0.594823,1
8427,20.45,0.0,0.057,0.0,-0.057,-0.801254,0.598325,1
8428,20.4667,0.0,0.0605,0.0,-0.0605,-0.798636,0.601815,1
8429,20.4833,0.0,0.0614,0.0,-0.0614,-0.796002,0.605294,1
8430,20.5,0.0,0.0632,0.0,-0.0632,-0.793353,0.608761,1
8431,20.5167,0.0,0.063,0.0,-0.063,-0.79069,0.612217,1
8432,20.5333,0.0,0.0645,0.0,-0.0645,-0.788011,0.615661,1
8433,20.55,0.0,0.0597,0.0,-0.0597,-0.785317,0.619094,1
8434,20.5667,0.0,0.0604,0.0,-0.0604,-0.782608,0.622515,1
8435,20.5833,0.0,0.0592,0.0,-0.0592,-0.779884,0.625923,1
8436,20.6,0.0,0.0578,0.0,-0.0578,-0.777146,0.62932,1
8437,20.6167,0.0,0.0608,0.0,-0.0608,-0.774393,0.632705,1
8438,20.6333,0.0,0.062,0.0,-0.062,-0.771625,0.636078,1
8439,20.65,0.0,0.0574,0.0,-0.0574,-0.768842,0.639439,1
8440,20.6667,0.0,0.057,0.0,-0.057,-0.766044,0.642788,1
8441,20.6833,0.0,0.0621,0.0,-0.0621,-0.763232,0.646124,1
8442,20.7,0.0,0.0603,0.0,-0.0603,-0.760406,0.649448,1
8443,20.7167,0.0,0.0614,0.0,-0.0614,-0.757565,0.65276,1
8444,20.7333,0.0,0.0587,0.0,-0.0587,-0.75471,0.656059,1
8445,20.75,0.0,0.0585,0.0,-0.0585,-0.75184,0.659346,1
8446,20.7667,0.0,0.0553,0.0,-0.0553,-0.748956,0.66262,1
8447,20.7833,0.0,0.0583,0.0,-0.0583,-0.746057,0.665882,1
8448,20.8,0.0,0.0573,0.0,-0.0573,-0.743145,0.669131,1
8449,20.8167,0.0,0.0625,0.0,-0.0625,-0.740218,0.672367,1
8450,20.8333,0.0,0.0603,0.0,-0.0603,-0.737277,0.67559,1
8451,20.85,0.0,0.0594,0.0,-0.0594,-0.734323,0.678801,1
8452,20.8667,0.0,0.0612,0.0,-0.0612,-0.731354,0.681998,1
8453,20.8833,0.0,0.0573,0.0,-0.0573,-0.728371,0.685183,1
8454,20.9,0.0,0.0601,0.0,-0.0601,-0.725374,0.688355,1
8455,20.9167,0.0,0.0625,0.0,-0.0625,-0.722364,0.691513,1
8456,20.9333,0.0,0.0608,0.0,-0.0608,-0.71934,0.694658,1
8457,20.95,0.0,0.0556,0.0,-0.0556,-0.716302,0.69779,1
8458,20.9667,0.0,0.0617,0.0,-0.0617,-0.71325,0.700909,1
8459,20.9833,0.0,0.0574,0.0,-0.0574,-0.710185,0.704015,1
8460,21.0,0.0,0.0599,0.0,-0.0599,-0.707107,0.707107,1
8461,21.0167,0.0,0.0607,0.0,-0.0607,-0.704015,0.710185,1
8462,21.0333,0.0,0.0594,0.0,-0.0594,-0.700909,0.71325,1
8463,21.05,0.0,0.136,0.0,-0.136,-0.69779,0.716302,1
8464,21.0667,0.0,0.1323,0.0,-0.1323,-0.694658,0.71934,1
8465,21.0833,0.0,0.1339,0.0,-0.1339,-0.691513,0.722364,1
8466,21.1,0.0,0.1332,0.0,-0.1332,-0.688355,0.725374,1
8467,21.1167,0.0,0.1348,0.0,-0.1348,-0.685183,0.728371,1
8468,21.1333,0.0,0.1321,0.0,-0.1321,-0.681998,0.731354,1
8469,21.15,0.0,0.1308,0.0,-0.1308,-0.678801,0.734323,1
8470,21.1667,0.0,0.1314,0.0,-0.1314,-0.67559,0.737277,1
8471,21.1833,0.0,0.1338,0.0,-0.1338,-0.672367,0.740218,1
8472,21.2,0.0,0.1308,0.0,-0.1308,-0.669131,0.743145,1
8473,21.2167,0.0,0.1301,0.0,-0.1301,-0.665882,0.746057,1
8474,21.2333,0.0,0.1328,0.0,-0.1328,-0.66262,0.748956,1
8475,21.25,0.0,0.1327,0.0,-0.1327,-0.659346,0.75184,1
8476,21.2667,0.0,0.1278,0.0,-0.1278,-0.656059,0.75471,1
8477,21.2833,0.0,0.1307,0.0,-0.1307,-0.65276,0.757565,1
8478,21.3,0.0,0.1368,0.0,-0.1368,-0.649448,0.760406,1
8479,21.3167,0.0,0.1344,0.0,-0.1344,-0.646124,0.763232,1
8480,21.3333,0.0,0.1338,0.0,-0.1338,-0.642788,0.766044,1
8481,21.35,0.0,0.1312,0.0,-0.1312,-0.639439,0.768842,1
8482,21.3667,0.0,0.1316,0.0,-0.1316,-0.636078,0.771625,1
8483,21.3833,0.0,0.1336,0.0,-0.1336,-0.632705,0.774393,1
8484,21.4,0.0,0.1343,0.0,-0.1343,-0.62932,0.777146,1
8485,21.4167,0.0,0.1358,0.0,-0.1358,-0.625923,0.779884,1
8486,21.4333,0.0,0.1329,0.0,-0.1329,-0.622515,0.782608,1
8487,21.45,0.0,0.1338,0.0,-0.1338,-0.619094,0.785317,1
8488,21.4667,0.0,0.1352,0.0,-0.1352,-0.615661,0.788011,1
8489,21.4833,0.0,0.1313,0.0,-0.1313,-0.612217,0.79069,1
8490,21.5,0.0,0.1304,0.0,-0.1304,-0.608761,0.793353,1
8491,21.5167,0.0,0.1304,0.0,-0.1304,-0.605294,0.796002,1
8492,21.5333,0.0,0.1325,0.0,-0.1325,-0.601815,0.798636,1
8493,21.55,0.0,0.1303,0.0,-0.1303,-0.598325,0.801254,1
8494,21.5667,0.0,0.1317,0.0,-0.1317,-0.594823,0.803857,1
8495,21.5833,0.0,0.1332,0.0,-0.1332,-0.59131,0.806445,1
8496,21.6,0.0,0.1321,0.0,-0.1321,-0.587785,0.809017,1
8497,21.6167,0.0,0.1341,0.0,-0.1341,-0.58425,0.811574,1
8498,21.6333,0.0,0.1322,0.0,-0.1322,-0.580703,0.814116,1
8499,21.65,0.0,0.1305,0.0,-0.1305,-0.577145,0.816642,1
8500,21.6667,0.0,0.1326,0.0,-0.1326,-0.573576,0.819152,1
8501,21.6833,0.0,0.1342,0.0,-0.1342,-0.569997,0.821647,1
8502,21.7,0.0,0.1318,0.0,-0.1318,-0.566406,0.824126,1
8503,21.7167,0.0,0.135,0.0,-0.135,-0.562805,0.82659,1
8504,21.7333,0.0,0.1309,0.0,-0.1309,-0.559193,0.829038,1
8505,21.75,0.0,0.13,0.0,-0.13,-0.55557,0.83147,1
8506,21.7667,0.0,0.132,0.0,-0.132,-0.551937,0.833886,1
8507,21.7833,0.0,0.1288,0.0,-0.1288,-0.548293,0.836286,1
8508,21.8,0.0,0.1325,0.0,-0.1325,-0.544639,0.838671,1
8509,21.8167,0.0,0.1331,0.0,-0.1331,-0.540974,0.841039,1
8510,21.8333,0.0,0.1316,0.0,-0.1316,-0.5373,0.843391,1
8511,21.85,0.0,0.1335,0.0,-0.1335,-0.533615,0.845728,1
8512,21.8667,0.0,0.133,0.0,-0.133,-0.529919,0.848048,1
8513,21.8833,0.0,0.1341,0.0,-0.1341,-0.526214,0.850352,1
8514,21.9,0.0,0.1326,0.0,-0.1326,-0.522499,0.85264,1
8515,21.9167,0.0,0.131,0.0,-0.131,-0.518773,0.854912,1
8516,21.9333,0.0,0.1364,0.0,-0.1364,-0.515038,0.857167,1
8517,21.95,0.0,0.132,0.0,-0.132,-0.511293,0.859406,1
8518,21.9667,0.0,0.13,0.0,-0.13,-0.507538,0.861629,1
8519,21.9833,0.0,0.1342,0.0,-0.1342,-0.503774,0.863836,1
8520,22.0,0.0,0.0875,0.0,-0.0875,-0.5,0.866025,1
8521,22.0167,0.0,0.0859,0.0,-0.0859,-0.496217,0.868199,1
8522,22.0333,0.0,0.0877,0.0,-0.0877,-0.492424,0.870356,1
8523,22.05,0.0,0.0863,0.0,-0.0863,-0.488621,0.872496,1
8524,22.0667,0.0,0.0102,0.0,-0.0102,-0.48481,0.87462,1
8525,22.0833,0.0,0.0154,0.0,-0.0154,-0.480989,0.876727,1
8526,22.1,0.0,0.0107,0.0,-0.0107,-0.477159,0.878817,1
8527,22.1167,0.0,0.0143,0.0,-0.0143,-0.47332,0.880891,1
8528,22.1333,0.0,0.0112,0.0,-0.0112,-0.469472,0.882948,1
8529,22.15,0.0,0.0139,0.0,-0.0139,-0.465615,0.884988,1
8530,22.1667,0.0,0.0135,0.0,-0.0135,-0.461749,0.887011,1
8531,22.1833,0.0,0.0153,0.0,-0.0153,-0.457874,0.889017,1
8532,22.2,0.0,0.0123,0.0,-0.0123,-0.45399,0.891007,1
8533,22.2167,0.0,0.0144,0.0,-0.0144,-0.450098,0.892979,1
8534,22.2333,0.0,0.014,0.0,-0.014,-0.446198,0.894934,1
8535,22.25,0.0,0.0156,0.0,-0.0156,-0.442289,0.896873,1
8536,22.2667,0.0,0.014,0.0,-0.014,-0.438371,0.898794,1
8537,22.2833,0.0,0.0171,0.0,-0.0171,-0.434445,0.900698,1
8538,22.3,0.0,0.0158,0.0,-0.0158,-0.430511,0.902585,1
8539,22.3167,0.0,0.0166,0.0,-0.0166,-0.426569,0.904455,1
8540,22.3333,0.0,0.0132,0.0,-0.0132,-0.422618,0.906308,1
8541,22.35,0.0,0.0184,0.0,-0.0184,-0.41866,0.908143,1
8542,22.3667,0.0,0.0159,0.0,-0.0159,-0.414693,0.909961,1
8543,22.3833,0.0,0.0157,0.0,-0.0157,-0.410719,0.911762,1
8544,22.4,0.0,0.0097,0.0,-0.0097,-0.406737,0.913545,1
8545,22.4167,0.0,0.0116,0.0,-0.0116,-0.402747,0.915311,1
8546,22.4333,0.0,0.0162,0.0,-0.0162,-0.398749,0.91706,1
8547,22.45,0.0,0.0169,0.0,-0.0169,-0.394744,0.918791,1
8548,22.4667,0.0,0.0135,0.0,-0.0135,-0.390731,0.920505,1
8549,22.4833,0.0,0.0164,0.0,-0.0164,-0.386711,0.922201,1
8550,22.5,0.0,0.0118,0.0,-0.0118,-0.382683,0.92388,1
8551,22.5167,0.0,0.0146,0.0,-0.0146,-0.378649,0.925541,1
8552,22.5333,0.0,0.016,0.0,-0.016,-0.374607,0.927184,1
8553,22.55,0.0,0.0147,0.0,-0.0147,-0.370557,0.92881,1
8554,22.5667,0.0,0.0169,0.0,-0.0169,-0.366501,0.930418,1
8555,22.5833,0.0,0.0132,0.0,-0.0132,-0.362438,0.932008,1
8556,22.6,0.0,0.0128,0.0,-0.0128,-0.358368,0.93358,1
8557,22.6167,0.0,0.0137,0.0,-0.0137,-0.354291,0.935135,1
8558,22.6333,0.0,0.0157,0.0,-0.0157,-0.350207,0.936672,1
8559,22.65,0.0,0.0133,0.0,-0.0133,-0.346117,0.938191,1
8560,22.6667,0.0,0.0136,0.0,-0.0136,-0.34202,0.939693,1
8561,22.6833,0.0,0.0139,0.0,-0.0139,-0.337917,0.941176,1
8562,22.7,0.0,0.0145,0.0,-0.0145,-0.333807,0.942641,1
8563,22.7167,0.0,0.0108,0.0,-0.0108,-0.329691,0.944089,1
8564,22.7333,0.0,0.0134,0.0,-0.0134,-0.325568,0.945519,1
8565,22.75,0.0,0.0149,0.0,-0.0149,-0.321439,0.94693,1
8566,22.7667,0.0,0.0134,0.0,-0.0134,-0.317305,0.948324,1
8567,22.7833,0.0,0.0159,0.0,-0.0159,-0.313164,0.949699,1
8568,22.8,0.0,0.0161,0.0,-0.0161,-0.309017,0.951057,1
8569,22.8167,0.0,0.0111,0.0,-0.0111,-0.304864,0.952396,1
8570,22.8333,0.0,0.0159,0.0,-0.0159,-0.300706,0.953717,1
8571,22.85,0.0,0.0161,0.0,-0.0161,-0.296542,0.95502,1
8572,22.8667,0.0,0.0122,0.0,-0.0122,-0.292372,0.956305,1
8573,22.8833,0.0,0.0136,0.0,-0.0136,-0.288196,0.957571,1
8574,22.9,0.0,0.0157,0.0,-0.0157,-0.284015,0.95882,1
8575,22.9167,0.0,0.0156,0.0,-0.0156,-0.279829,0.96005,1
8576,22.9333,0.0,0.0126,0.0,-0.0126,-0.275637,0.961262,1
8577,22.95,0.0,0.0135,0.0,-0.0135,-0.27144,0.962455,1
8578,22.9667,0.0,0.0155,0.0,-0.0155,-0.267238,0.96363,1
8579,22.9833,0.0,0.0144,0.0,-0.0144,-0.263031,0.964787,1
8580,23.0,0.0,0.0189,0.0,-0.0189,-0.258819,0.965926,1
8581,23.0167,0.0,0.0136,0.0,-0.0136,-0.254602,0.967046,1
8582,23.0333,0.0,0.0156,0.0,-0.0156,-0.25038,0.968148,1
8583,23.05,0.0,0.0114,0.0,-0.0114,-0.246153,0.969231,1
8584,23.0667,0.0,0.0189,0.0,-0.0189,-0.241922,0.970296,1
8585,23.0833,0.0,0.0126,0.0,-0.0126,-0.237686,0.971342,1
8586,23.1,0.0,0.015,0.0,-0.015,-0.233445,0.97237,1
8587,23.1167,0.0,0.0145,0.0,-0.0145,-0.2292,0.973379,1
8588,23.1333,0.0,0.0151,0.0,-0.0151,-0.224951,0.97437,1
8589,23.15,0.0,0.0126,0.0,-0.0126,-0.220697,0.975342,1
8590,23.1667,0.0,0.0192,0.0,-0.0192,-0.21644,0.976296,1
8591,23.1833,0.0,0.017,0.0,-0.017,-0.212178,0.977231,1
8592,23.2,0.0,0.0155,0.0,-0.0155,-0.207912,0.978148,1
8593,23.2167,0.0,0.0112,0.0,-0.0112,-0.203642,0.979045,1
8594,23.2333,0.0,0.0189,0.0,-0.0189,-0.199368,0.979925,1
8595,23.25,0.0,0.0166,0.0,-0.0166,-0.19509,0.980785,1
8596,23.2667,0.0,0.0111,0.0,-0.0111,-0.190809,0.981627,1
8597,23.2833,0.0,0.0178,0.0,-0.0178,-0.186524,0.98245,1
8598,23.3,0.0,0.0138,0.0,-0.0138,-0.182236,0.983255,1
8599,23.3167,0.0,0.0118,0.0,-0.0118,-0.177944,0.984041,1
8600,23.3333,0.0,0.0165,0.0,-0.0165,-0.173648,0.984808,1
8601,23.35,0.0,0.0129,0.0,-0.0129,-0.16935,0.985556,1
8602,23.3667,0.0,0.0133,0.0,-0.0133,-0.165048,0.986286,1
8603,23.3833,0.0,0.0131,0.0,-0.0131,-0.160743,0.986996,1
8604,23.4,0.0,0.0124,0.0,-0.0124,-0.156434,0.987688,1
8605,23.4167,0.0,0.0167,0.0,-0.0167,-0.152123,0.988362,1
8606,23.4333,0.0,0.0123,0.0,-0.0123,-0.147809,0.989016,1
8607,23.45,0.0,0.0164,0.0,-0.0164,-0.143493,0.989651,1
8608,23.4667,0.0,0.0127,0.0,-0.0127,-0.139173,0.990268,1
8609,23.4833,0.0,0.0132,0.0,-0.0132,-0.134851,0.990866,1
8610,23.5,0.0,0.0132,0.0,-0.0132,-0.130526,0.991445,1
8611,23.5167,0.0,0.0165,0.0,-0.0165,-0.126199,0.992005,1
8612,23.5333,0.0,0.0144,0.0,-0.0144,-0.121869,0.992546,1
8613,23.55,0.0,0.0152,0.0,-0.0152,-0.117537,0.993068,1
8614,23.5667,0.0,0.0127,0.0,-0.0127,-0.113203,0.993572,1
8615,23.5833,0.0,0.015,0.0,-0.015,-0.108867,0.994056,1
8616,23.6,0.0,0.0151,0.0,-0.0151,-0.104528,0.994522,1
8617,23.6167,0.0,0.0173,0.0,-0.0173,-0.100188,0.994969,1
8618,23.6333,0.0,0.0098,0.0,-0.0098,-0.095846,0.995396,1
8619,23.65,0.0,0.0128,0.0,-0.0128,-0.091502,0.995805,1
8620,23.6667,0.0,0.014,0.0,-0.014,-0.087156,0.996195,1
8621,23.6833,0.0,0.0143,0.0,-0.0143,-0.082808,0.996566,1
8622,23.7,0.0,0.0112,0.0,-0.0112,-0.078459,0.996917,1
8623,23.7167,0.0,0.0129,0.0,-0.0129,-0.074108,0.99725,1
8624,23.7333,0.0,0.0122,0.0,-0.0122,-0.069756,0.997564,1
8625,23.75,0.0,0.0158,0.0,-0.0158,-0.065403,0.997859,1
8626,23.7667,0.0,0.0145,0.0,-0.0145,-0.061049,0.998135,1
8627,23.7833,0.0,0.0106,0.0,-0.0106,-0.056693,0.998392,1
8628,23.8,0.0,0.0148,0.0,-0.0148,-0.052336,0.99863,1
8629,23.8167,0.0,0.0156,0.0,-0.0156,-0.047978,0.998848,1
8630,23.8333,0.0,0.0126,0.0,-0.0126,-0.043619,0.999048,1
8631,23.85,0.0,0.0183,0.0,-0.0183,-0.03926,0.999229,1
8632,23.8667,0.0,0.0137,0.0,-0.0137,-0.034899,0.999391,1
8633,23.8833,0.0,0.0165,0.0,-0.0165,-0.030539,0.999534,1
8634,23.9,0.0,0.0117,0.0,-0.0117,-0.026177,0.999657,1
8635,23.9167,0.0,0.0172,0.0,-0.0172,-0.021815,0.999762,1
8636,23.9333,0.0,0.0121,0.0,-0.0121,-0.017452,0.999848,1
8637,23.95,0.0,0.0134,0.0,-0.0134,-0.01309,0.999914,1
8638,23.9667,0.0,0.0168,0.0,-0.0168,-0.008727,0.999962,1
8639,23.9833,0.0,0.0134,0.0,-0.0134,-0.004363,0.99999,1
8640,0.0,0.0,0.0133,0.0,-0.0133,0.0,1.0,1
8641,0.0167,0.0,0.0135,0.0,-0.0135,0.004363,0.99999,1
8642,0.0333,0.0,0.0157,0.0,-0.0157,0.008727,0.999962,1
8643,0.05,0.0,0.0137,0.0,-0.0137,0.01309,0.999914,1
8644,0.0667,0.0,0.0139,0.0,-0.0139,0.017452,0.999848,1
8645,0.0833,0.0,0.0152,0.0,-0.0152,0.021815,0.999762,1
8646,0.1,0.0,0.0141,0.0,-0.0141,0.026177,0.999657,1
8647,0.1167,0.0,0.0108,0.0,-0.0108,0.030539,0.999534,1
8648,0.1333,0.0,0.0169,0.0,-0.0169,0.034899,0.999391,1
8649,0.15,0.0,0.0173,0.0,-0.0173,0.03926,0.999229,1
8650,0.1667,0.0,0.018,0.0,-0.018,0.043619,0.999048,1
8651,0.1833,0.0,0.0133,0.0,-0.0133,0.047978,0.998848,1
8652,0.2,0.0,0.0139,0.0,-0.0139,0.052336,0.99863,1
8653,0.2167,0.0,0.0134,0.0,-0.0134,0.056693,0.998392,1
8654,0.2333,0.0,0.017,0.0,-0.017,0.061049,0.998135,1
8655,0.25,0.0,0.0126,0.0,-0.0126,0.065403,0.997859,1
8656,0.2667,0.0,0.0147,0.0,-0.0147,0.069756,0.997564,1
8657,0.2833,0.0,0.0118,0.0,-0.0118,0.074108,0.99725,1
8658,0.3,0.0,0.0151,0.0,-0.0151,0.078459,0.996917,1
8659,0.3167,0.0,0.0156,0.0,-0.0156,0.082808,0.996566,1
8660,0.3333,0.0,0.0142,0.0,-0.0142,0.087156,0.996195,1
8661,0.35,0.0,0.0159,0.0,-0.0159,0.091502,0.995805,1
8662,0.3667,0.0,0.0121,0.0,-0.0121,0.095846,0.995396,1
8663,0.3833,0.0,0.0136,0.0,-0.0136,0.100188,0.994969,1
8664,0.4,0.0,0.0182,0.0,-0.0182,0.104528,0.994522,1
8665,0.4167,0.0,0.0102,0.0,-0.0102,0.108867,0.994056,1
8666,0.4333,0.0,0.0144,0.0,-0.0144,0.113203,0.993572,1
8667,0.45,0.0,0.0163,0.0,-0.0163,0.117537,0.993068,1
8668,0.4667,0.0,0.0159,0.0,-0.0159,0.121869,0.992546,1
8669,0.4833,0.0,0.0141,0.0,-0.0141,0.126199,0.992005,1
8670,0.5,0.0,0.0178,0.0,-0.0178,0.130526,0.991445,1
8671,0.5167,0.0,0.0146,0.0,-0.0146,0.134851,0.990866,1
8672,0.5333,0.0,0.0147,0.0,-0.0147,0.139173,0.990268,1
8673,0.55,0.0,0.0116,0.0,-0.0116,0.143493,0.989651,1
8674,0.5667,0.0,0.0119,0.0,-0.0119,0.147809,0.989016,1
8675,0.5833,0.0,0.0135,0.0,-0.0135,0.152123,0.988362,1
8676,0.6,0.0,0.0143,0.0,-0.0143,0.156434,0.987688,1
8677,0.6167,0.0,0.0147,0.0,-0.0147,0.160743,0.986996,1
8678,0.6333,0.0,0.015,0.0,-0.015,0.165048,0.986286,1
8679,0.65,0.0,0.013,0.0,-0.013,0.16935,0.985556,1
8680,0.6667,0.0,0.0175,0.0,-0.0175,0.173648,0.984808,1
8681,0.6833,0.0,0.0141,0.0,-0.0141,0.177944,0.984041,1
8682,0.7,0.0,0.0165,0.0,-0.0165,0.182236,0.983255,1
8683,0.7167,0.0,0.0168,0.0,-0.0168,0.186524,0.98245,1
8684,0.7333,0.0,0.0114,0.0,-0.0114,0.190809,0.981627,1
8685,0.75,0.0,0.0121,0.0,-0.0121,0.19509,0.980785,1
8686,0.7667,0.0,0.0134,0.0,-0.0134,0.199368,0.979925,1
8687,0.7833,0.0,0.0154,0.0,-0.0154,0.203642,0.979045,1
8688,0.8,0.0,0.0109,0.0,-0.0109,0.207912,0.978148,1
8689,0.8167,0.0,0.0106,0.0,-0.0106,0.212178,0.977231,1
8690,0.8333,0.0,0.014,0.0,-0.014,0.21644,0.976296,1
8691,0.85,0.0,0.0159,0.0,-0.0159,0.220697,0.975342,1
8692,0.8667,0.0,0.0145,0.0,-0.0145,0.224951,0.97437,1
8693,0.8833,0.0,0.0119,0.0,-0.0119,0.2292,0.973379,1
8694,0.9,0.0,0.0116,0.0,-0.0116,0.233445,0.97237,1
8695,0.9167,0.0,0.0137,0.0,-0.0137,0.237686,0.971342,1
8696,0.9333,0.0,0.014,0.0,-0.014,0.241922,0.970296,1
8697,0.95,0.0,0.0149,0.0,-0.0149,0.246153,0.969231,1
8698,0.9667,0.0,0.0151,0.0,-0.0151,0.25038,0.968148,1
8699,0.9833,0.0,0.0184,0.0,-0.0184,0.254602,0.967046,1
8700,1.0,0.0,0.0158,0.0,-0.0158,0.258819,0.965926,1
8701,1.0167,0.0,0.0143,0.0,-0.0143,0.263031,0.964787,1
8702,1.0333,0.0,0.013,0.0,-0.013,0.267238,0.96363,1
8703,1.05,0.0,0.0131,0.0,-0.0131,0.27144,0.962455,1
8704,1.0667,0.0,0.0116,0.0,-0.0116,0.275637,0.961262,1
8705,1.0833,0.0,0.0162,0.0,-0.0162,0.279829,0.96005,1
8706,1.1,0.0,0.0147,0.0,-0.0147,0.284015,0.95882,1
8707,1.1167,0.0,0.0151,0.0,-0.0151,0.288196,0.957571,1
8708,1.1333,0.0,0.0124,0.0,-0.0124,0.292372,0.956305,1
8709,1.15,0.0,0.0129,0.0,-0.0129,0.296542,0.95502,1
8710,1.1667,0.0,0.0117,0.0,-0.0117,0.300706,0.953717,1
8711,1.1833,0.0,0.0129,0.0,-0.0129,0.304864,0.952396,1
8712,1.2,0.0,0.0167,0.0,-0.0167,0.309017,0.951057,1
8713,1.2167,0.0,0.0147,0.0,-0.0147,0.313164,0.949699,1
8714,1.2333,0.0,0.0162,0.0,-0.0162,0.317305,0.948324,1
8715,1.25,0.0,0.011,0.0,-0.011,0.321439,0.94693,1
8716,1.2667,0.0,0.0119,0.0,-0.0119,0.325568,0.945519,1
8717,1.2833,0.0,0.0146,0.0,-0.0146,0.329691,0.944089,1
8718,1.3,0.0,0.0119,0.0,-0.0119,0.333807,0.942641,1
8719,1.3167,0.0,0.0137,0.0,-0.0137,0.337917,0.941176,1
8720,1.3333,0.0,0.0138,0.0,-0.0138,0.34202,0.939693,1
8721,1.35,0.0,0.0179,0.0,-0.0179,0.346117,0.938191,1
8722,1.3667,0.0,0.0147,0.0,-0.0147,0.350207,0.936672,1
8723,1.3833,0.0,0.0156,0.0,-0.0156,0.354291,0.935135,1
8724,1.4,0.0,0.0138,0.0,-0.0138,0.358368,0.93358,1
8725,1.4167,0.0,0.0136,0.0,-0.0136,0.362438,0.932008,1
8726,1.4333,0.0,0.0161,0.0,-0.0161,0.366501,0.930418,1
8727,1.45,0.0,0.0177,0.0,-0.0177,0.370557,0.92881,1
8728,1.4667,0.0,0.011,0.0,-0.011,0.374607,0.927184,1
8729,1.4833,0.0,0.0159,0.0,-0.0159,0.378649,0.925541,1
8730,1.5,0.0,0.0125,0.0,-0.0125,0.382683,0.92388,1
8731,1.5167,0.0,0.0129,0.0,-0.0129,0.386711,0.922201,1
8732,1.5333,0.0,0.0148,0.0,-0.0148,0.390731,0.920505,1
8733,1.55,0.0,0.0156,0.0,-0.0156,0.394744,0.918791,1
8734,1.5667,0.0,0.0104,0.0,-0.0104,0.398749,0.91706,1
8735,1.5833,0.0,0.0139,0.0,-0.0139,0.402747,0.915311,1
8736,1.6,0.0,0.0168,0.0,-0.0168,0.406737,0.913545,1
8737,1.6167,0.0,0.0123,0.0,-0.0123,0.410719,0.911762,1
8738,1.6333,0.0,0.0159,0.0,-0.0159,0.414693,0.909961,1
8739,1.65,0.0,0.0144,0.0,-0.0144,0.41866,0.908143,1
8740,1.6667,0.0,0.0129,0.0,-0.0129,0.422618,0.906308,1
8741,1.6833,0.0,0.0142,0.0,-0.0142,0.426569,0.904455,1
8742,1.7,0.0,0.0118,0.0,-0.0118,0.430511,0.902585,1
8743,1.7167,0.0,0.0121,0.0,-0.0121,0.434445,0.900698,1
8744,1.7333,0.0,0.0109,0.0,-0.0109,0.438371,0.898794,1
8745,1.75,0.0,0.0164,0.0,-0.0164,0.442289,0.896873,1
8746,1.7667,0.0,0.0133,0.0,-0.0133,0.446198,0.894934,1
8747,1.7833,0.0,0.0148,0.0,-0.0148,0.450098,0.892979,1
8748,1.8,0.0,0.0151,0.0,-0.0151,0.45399,0.891007,1
8749,1.8167,0.0,0.0126,0.0,-0.0126,0.457874,0.889017,1
8750,1.8333,0.0,0.0165,0.0,-0.0165,0.461749,0.887011,1
8751,1.85,0.0,0.0131,0.0,-0.0131,0.465615,0.884988,1
8752,1.8667,0.0,0.0149,0.0,-0.0149,0.469472,0.882948,1
8753,1.8833,0.0,0.0132,0.0,-0.0132,0.47332,0.880891,1
8754,1.9,0.0,0.0134,0.0,-0.0134,0.477159,0.878817,1
8755,1.9167,0.0,0.0187,0.0,-0.0187,0.480989,0.876727,1
8756,1.9333,0.0,0.0105,0.0,-0.0105,0.48481,0.87462,1
8757,1.95,0.0,0.0132,0.0,-0.0132,0.488621,0.872496,1
8758,1.9667,0.0,0.0154,0.0,-0.0154,0.492424,0.870356,1
8759,1.9833,0.0,0.0116,0.0,-0.0116,0.496217,0.868199,1
8760,2.0,0.0,0.0092,0.0,-0.0092,0.5,0.866025,1
8761,2.0167,0.0,0.0154,0.0,-0.0154,0.503774,0.863836,1
8762,2.0333,0.0,0.0154,0.0,-0.0154,0.507538,0.861629,1
8763,2.05,0.0,0.0123,0.0,-0.0123,0.511293,0.859406,1
8764,2.0667,0.0,0.0146,0.0,-0.0146,0.515038,0.857167,1
8765,2.0833,0.0,0.011,0.0,-0.011,0.518773,0.854912,1
8766,2.1,0.0,0.018,0.0,-0.018,0.522499,0.85264,1
8767,2.1167,0.0,0.0157,0.0,-0.0157,0.526214,0.850352,1
8768,2.1333,0.0,0.0104,0.0,-0.0104,0.529919,0.848048,1
8769,2.15,0.0,0.0169,0.0,-0.0169,0.533615,0.845728,1
8770,2.1667,0.0,0.0151,0.0,-0.0151,0.5373,0.843391,1
8771,2.1833,0.0,0.0136,0.0,-0.0136,0.540974,0.841039,1
8772,2.2,0.0,0.014,0.0,-0.014,0.544639,0.838671,1
8773,2.2167,0.0,0.0125,0.0,-0.0125,0.548293,0.836286,1
8774,2.2333,0.0,0.0114,0.0,-0.0114,0.551937,0.833886,1
8775,2.25,0.0,0.0142,0.0,-0.0142,0.55557,0.83147,1
8776,2.2667,0.0,0.0149,0.0,-0.0149,0.559193,0.829038,1
8777,2.2833,0.0,0.0141,0.0,-0.0141,0.562805,0.82659,1
8778,2.3,0.0,0.0151,0.0,-0.0151,0.566406,0.824126,1
8779,2.3167,0.0,0.0145,0.0,-0.0145,0.569997,0.821647,1
8780,2.3333,0.0,0.0171,0.0,-0.0171,0.573576,0.819152,1
8781,2.35,0.0,0.0152,0.0,-0.0152,0.577145,0.816642,1
8782,2.3667,0.0,0.0158,0.0,-0.0158,0.580703,0.814116,1
8783,2.3833,0.0,0.0127,0.0,-0.0127,0.58425,0.811574,1
8784,2.4,0.0,0.015,0.0,-0.015,0.587785,0.809017,1
8785,2.4167,0.0,0.0169,0.0,-0.0169,0.59131,0.806445,1
8786,2.4333,0.0,0.0163,0.0,-0.0163,0.594823,0.803857,1
8787,2.45,0.0,0.0174,0.0,-0.0174,0.598325,0.801254,1
8788,2.4667,0.0,0.0144,0.0,-0.0144,0.601815,0.798636,1
8789,2.4833,0.0,0.0137,0.0,-0.0137,0.605294,0.796002,1
8790,2.5,0.0,0.0168,0.0,-0.0168,0.608761,0.793353,1
8791,2.5167,0.0,0.0155,0.0,-0.0155,0.612217,0.79069,1
8792,2.5333,0.0,0.0126,0.0,-0.0126,0.615661,0.788011,1
8793,2.55,0.0,0.014,0.0,-0.014,0.619094,0.785317,1
8794,2.5667,0.0,0.0184,0.0,-0.0184,0.622515,0.782608,1
8795,2.5833,0.0,0.0112,0.0,-0.0112,0.625923,0.779884,1
8796,2.6,0.0,0.015,0.0,-0.015,0.62932,0.777146,1
8797,2.6167,0.0,0.0148,0.0,-0.0148,0.632705,0.774393,1
8798,2.6333,0.0,0.0124,0.0,-0.0124,0.636078,0.771625,1
8799,2.65,0.0,0.0161,0.0,-0.0161,0.639439,0.768842,1
8800,2.6667,0.0,0.0124,0.0,-0.0124,0.642788,0.766044,1
8801,2.6833,0.0,0.013,0.0,-0.013,0.646124,0.763232,1
8802,2.7,0.0,0.0131,0.0,-0.0131,0.649448,0.760406,1
8803,2.7167,0.0,0.0146,0.0,-0.0146,0.65276,0.757565,1
8804,2.7333,0.0,0.0161,0.0,-0.0161,0.656059,0.75471,1
8805,2.75,0.0,0.016,0.0,-0.016,0.659346,0.75184,1
8806,2.7667,0.0,0.014,0.0,-0.014,0.66262,0.748956,1
8807,2.7833,0.0,0.0158,0.0,-0.0158,0.665882,0.746057,1
8808,2.8,0.0,0.0123,0.0,-0.0123,0.669131,0.743145,1
8809,2.8167,0.0,0.014,0.0,-0.014,0.672367,0.740218,1
8810,2.8333,0.0,0.0128,0.0,-0.0128,0.67559,0.737277,1
8811,2.85,0.0,0.0149,0.0,-0.0149,0.678801,0.734323,1
8812,2.8667,0.0,0.0156,0.0,-0.0156,0.681998,0.731354,1
8813,2.8833,0.0,0.0153,0.0,-0.0153,0.685183,0.728371,1
8814,2.9,0.0,0.0154,0.0,-0.0154,0.688355,0.725374,1
8815,2.9167,0.0,0.0133,0.0,-0.0133,0.691513,0.722364,1
8816,2.9333,0.0,0.0162,0.0,-0.0162,0.694658,0.71934,1
8817,2.95,0.0,0.0185,0.0,-0.0185,0.69779,0.716302,1
8818,2.9667,0.0,0.0116,0.0,-0.0116,0.700909,0.71325,1
8819,2.9833,0.0,0.0121,0.0,-0.0121,0.704015,0.710185,1
8820,3.0,0.0,0.0137,0.0,-0.0137,0.707107,0.707107,1
8821,3.0167,0.0,0.0139,0.0,-0.0139,0.710185,0.704015,1
8822,3.0333,0.0,0.018,0.0,-0.018,0.71325,0.700909,1
8823,3.05,0.0,0.0167,0.0,-0.0167,0.716302,0.69779,1
8824,3.0667,0.0,0.0168,0.0,-0.0168,0.71934,0.694658,1
8825,3.0833,0.0,0.0151,0.0,-0.0151,0.722364,0.691513,1
8826,3.1,0.0,0.0142,0.0,-0.0142,0.725374,0.688355,1
8827,3.1167,0.0,0.0117,0.0,-0.0117,0.728371,0.685183,1
8828,3.1333,0.0,0.0153,0.0,-0.0153,0.731354,0.681998,1
8829,3.15,0.0,0.0101,0.0,-0.0101,0.734323,0.678801,1
8830,3.1667,0.0,0.0156,0.0,-0.0156,0.737277,0.67559,1
8831,3.1833,0.0,0.0157,0.0,-0.0157,0.740218,0.672367,1
8832,3.2,0.0,0.015,0.0,-0.015,0.743145,0.669131,1
8833,3.2167,0.0,0.0117,0.0,-0.0117,0.746057,0.665882,1
8834,3.2333,0.0,0.0151,0.0,-0.0151,0.748956,0.66262,1
8835,3.25,0.0,0.0139,0.0,-0.0139,0.75184,0.659346,1
8836,3.2667,0.0,0.0211,0.0,-0.0211,0.75471,0.656059,1
8837,3.2833,0.0,0.0149,0.0,-0.0149,0.757565,0.65276,1
8838,3.3,0.0,0.0149,0.0,-0.0149,0.760406,0.649448,1
8839,3.3167,0.0,0.0145,0.0,-0.0145,0.763232,0.646124,1
8840,3.3333,0.0,0.0157,0.0,-0.0157,0.766044,0.642788,1
8841,3.35,0.0,0.0159,0.0,-0.0159,0.768842,0.639439,1
8842,3.3667,0.0,0.0152,0.0,-0.0152,0.771625,0.636078,1
8843,3.3833,0.0,0.0164,0.0,-0.0164,0.774393,0.632705,1
8844,3.4,0.0,0.0124,0.0,-0.0124,0.777146,0.62932,1
8845,3.4167,0.0,0.0149,0.0,-0.0149,0.779884,0.625923,1
8846,3.4333,0.0,0.0108,0.0,-0.0108,0.782608,0.622515,1
8847,3.45,0.0,0.0132,0.0,-0.0132,0.785317,0.619094,1
8848,3.4667,0.0,0.0148,0.0,-0.0148,0.788011,0.615661,1
8849,3.4833,0.0,0.0165,0.0,-0.0165,0.79069,0.612217,1
8850,3.5,0.0,0.0134,0.0,-0.0134,0.793353,0.608761,1
8851,3.5167,0.0,0.0121,0.0,-0.0121,0.796002,0.605294,1
8852,3.5333,0.0,0.0159,0.0,-0.0159,0.798636,0.601815,1
8853,3.55,0.0,0.0138,0.0,-0.0138,0.801254,0.598325,1
8854,3.5667,0.0,0.0142,0.0,-0.0142,0.803857,0.594823,1
8855,3.5833,0.0,0.0136,0.0,-0.0136,0.806445,0.59131,1
8856,3.6,0.0,0.0142,0.0,-0.0142,0.809017,0.587785,1
8857,3.6167,0.0,0.0146,0.0,-0.0146,0.811574,0.58425,1
8858,3.6333,0.0,0.0164,0.0,-0.0164,0.814116,0.580703,1
8859,3.65,0.0,0.0188,0.0,-0.0188,0.816642,0.577145,1
8860,3.6667,0.0,0.0113,0.0,-0.0113,0.819152,0.573576,1
8861,3.6833,0.0,0.0114,0.0,-0.0114,0.821647,0.569997,1
8862,3.7,0.0,0.0149,0.0,-0.0149,0.824126,0.566406,1
8863,3.7167,0.0,0.0167,0.0,-0.0167,0.82659,0.562805,1
8864,3.7333,0.0,0.0156,0.0,-0.0156,0.829038,0.559193,1
8865,3.75,0.0,0.0138,0.0,-0.0138,0.83147,0.55557,1
8866,3.7667,0.0,0.0145,0.0,-0.0145,0.833886,0.551937,1
8867,3.7833,0.0,0.0146,0.0,-0.0146,0.836286,0.548293,1
8868,3.8,0.0,0.0176,0.0,-0.0176,0.838671,0.544639,1
8869,3.8167,0.0,0.014,0.0,-0.014,0.841039,0.540974,1
8870,3.8333,0.0,0.0133,0.0,-0.0133,0.843391,0.5373,1
8871,3.85,0.0,0.0137,0.0,-0.0137,0.845728,0.533615,1
8872,3.8667,0.0,0.0173,0.0,-0.0173,0.848048,0.529919,1
8873,3.8833,0.0,0.0154,0.0,-0.0154,0.850352,0.526214,1
8874,3.9,0.0,0.0185,0.0,-0.0185,0.85264,0.522499,1
8875,3.9167,0.0,0.0125,0.0,-0.0125,0.854912,0.518773,1
8876,3.9333,0.0,0.0152,0.0,-0.0152,0.857167,0.515038,1
8877,3.95,0.0,0.0119,0.0,-0.0119,0.859406,0.511293,1
8878,3.9667,0.0,0.0143,0.0,-0.0143,0.861629,0.507538,1
8879,3.9833,0.0,0.0158,0.0,-0.0158,0.863836,0.503774,1
8880,4.0,0.0,0.0144,0.0,-0.0144,0.866025,0.5,1
8881,4.0167,0.0,0.0142,0.0,-0.0142,0.868199,0.496217,1
8882,4.0333,0.0,0.0146,0.0,-0.0146,0.870356,0.492424,1
8883,4.05,0.0,0.0161,0.0,-0.0161,0.872496,0.488621,1
8884,4.0667,0.0,0.0134,0.0,-0.0134,0.87462,0.48481,1
8885,4.0833,0.0,0.0128,0.0,-0.0128,0.876727,0.480989,1
8886,4.1,0.0,0.0164,0.0,-0.0164,0.878817,0.477159,1
8887,4.1167,0.0,0.014,0.0,-0.014,0.880891,0.47332,1
8888,4.1333,0.0,0.0099,0.0,-0.0099,0.882948,0.469472,1
8889,4.15,0.0,0.0144,0.0,-0.0144,0.884988,0.465615,1
8890,4.1667,0.0,0.0129,0.0,-0.0129,0.887011,0.461749,1
8891,4.1833,0.0,0.0144,0.0,-0.0144,0.889017,0.457874,1
8892,4.2,0.0,0.0138,0.0,-0.0138,0.891007,0.45399,1
8893,4.2167,0.0,0.0173,0.0,-0.0173,0.892979,0.450098,1
8894,4.2333,0.0,0.0168,0.0,-0.0168,0.894934,0.446198,1
8895,4.25,0.0,0.0144,0.0,-0.0144,0.896873,0.442289,1
8896,4.2667,0.0,0.0126,0.0,-0.0126,0.898794,0.438371,1
8897,4.2833,0.0,0.013,0.0,-0.013,0.900698,0.434445,1
8898,4.3,0.0,0.0162,0.0,-0.0162,0.902585,0.430511,1
8899,4.3167,0.0,0.0142,0.0,-0.0142,0.904455,0.426569,1
8900,4.3333,0.0,0.0145,0.0,-0.0145,0.906308,0.422618,1
8901,4.35,0.0,0.0142,0.0,-0.0142,0.908143,0.41866,1
8902,4.3667,0.0,0.0127,0.0,-0.0127,0.909961,0.414693,1
8903,4.3833,0.0,0.0144,0.0,-0.0144,0.911762,0.410719,1
8904,4.4,0.0,0.0123,0.0,-0.0123,0.913545,0.406737,1
8905,4.4167,0.0,0.0127,0.0,-0.0127,0.915311,0.402747,1
8906,4.4333,0.0,0.0151,0.0,-0.0151,0.91706,0.398749,1
8907,4.45,0.0,0.0181,0.0,-0.0181,0.918791,0.394744,1
8908,4.4667,0.0,0.0138,0.0,-0.0138,0.920505,0.390731,1
8909,4.4833,0.0,0.0147,0.0,-0.0147,0.922201,0.386711,1
8910,4.5,0.0,0.0129,0.0,-0.0129,0.92388,0.382683,1
8911,4.5167,0.0,0.0122,0.0,-0.0122,0.925541,0.378649,1
8912,4.5333,0.0,0.0118,0.0,-0.0118,0.927184,0.374607,1
8913,4.55,0.0,0.0156,0.0,-0.0156,0.92881,0.370557,1
8914,4.5667,0.0,0.0163,0.0,-0.0163,0.930418,0.366501,1
8915,4.5833,0.0,0.0159,0.0,-0.0159,0.932008,0.362438,1
8916,4.6,0.0,0.0186,0.0,-0.0186,0.93358,0.358368,1
8917,4.6167,0.0,0.0154,0.0,-0.0154,0.935135,0.354291,1
8918,4.6333,0.0,0.0135,0.0,-0.0135,0.936672,0.350207,1
8919,4.65,0.0,0.0142,0.0,-0.0142,0.938191,0.346117,1
8920,4.6667,0.0,0.0106,0.0,-0.0106,0.939693,0.34202,1
8921,4.6833,0.0,0.0151,0.0,-0.0151,0.941176,0.337917,1
8922,4.7,0.0,0.0156,0.0,-0.0156,0.942641,0.333807,1
8923,4.7167,0.0,0.0168,0.0,-0.0168,0.944089,0.329691,1
8924,4.7333,0.0,0.0154,0.0,-0.0154,0.945519,0.325568,1
8925,4.75,0.0,0.0152,0.0,-0.0152,0.94693,0.321439,1
8926,4.7667,0.0,0.0115,0.0,-0.0115,0.948324,0.317305,1
8927,4.7833,0.0,0.0151,0.0,-0.0151,0.949699,0.313164,1
8928,4.8,0.0,0.0139,0.0,-0.0139,0.951057,0.309017,1
8929,4.8167,0.0,0.0145,0.0,-0.0145,0.952396,0.304864,1
8930,4.8333,0.0,0.0163,0.0,-0.0163,0.953717,0.300706,1
8931,4.85,0.0,0.018,0.0,-0.018,0.95502,0.296542,1
8932,4.8667,0.0,0.0108,0.0,-0.0108,0.956305,0.292372,1
8933,4.8833,0.0,0.0143,0.0,-0.0143,0.957571,0.288196,1
8934,4.9,0.0,0.0139,0.0,-0.0139,0.95882,0.284015,1
8935,4.9167,0.0,0.0168,0.0,-0.0168,0.96005,0.279829,1
8936,4.9333,0.0,0.0126,0.0,-0.0126,0.961262,0.275637,1
8937,4.95,0.0,0.0149,0.0,-0.0149,0.962455,0.27144,1
8938,4.9667,0.0,0.014,0.0,-0.014,0.96363,0.267238,1
8939,4.9833,0.0,0.0128,0.0,-0.0128,0.964787,0.263031,1
8940,5.0,0.0,0.0153,0.0,-0.0153,0.965926,0.258819,1
8941,5.0167,0.0,0.0111,0.0,-0.0111,0.967046,0.254602,1
8942,5.0333,0.0,0.0172,0.0,-0.0172,0.968148,0.25038,1
8943,5.05,0.0,0.0135,0.0,-0.0135,0.969231,0.246153,1
8944,5.0667,0.0,0.0175,0.0,-0.0175,0.970296,0.241922,1
8945,5.0833,0.0,0.0126,0.0,-0.0126,0.971342,0.237686,1
8946,5.1,0.0,0.0137,0.0,-0.0137,0.97237,0.233445,1
8947,5.1167,0.0,0.0119,0.0,-0.0119,0.973379,0.2292,1
8948,5.1333,0.0,0.0116,0.0,-0.0116,0.97437,0.224951,1
8949,5.15,0.0,0.0156,0.0,-0.0156,0.975342,0.220697,1
8950,5.1667,0.0,0.0147,0.0,-0.0147,0.976296,0.21644,1
8951,5.1833,0.0,0.0135,0.0,-0.0135,0.977231,0.212178,1
8952,5.2,0.0,0.017,0.0,-0.017,0.978148,0.207912,1
8953,5.2167,0.0,0.0142,0.0,-0.0142,0.979045,0.203642,1
8954,5.2333,0.0,0.0153,0.0,-0.0153,0.979925,0.199368,1
8955,5.25,0.0,0.0139,0.0,-0.0139,0.980785,0.19509,1
8956,5.2667,0.0,0.0131,0.0,-0.0131,0.981627,0.190809,1
8957,5.2833,0.0,0.0118,0.0,-0.0118,0.98245,0.186524,1
8958,5.3,0.0,0.0132,0.0,-0.0132,0.983255,0.182236,1
8959,5.3167,0.0,0.0151,0.0,-0.0151,0.984041,0.177944,1
8960,5.3333,0.0,0.0186,0.0,-0.0186,0.984808,0.173648,1
8961,5.35,0.0,0.0106,0.0,-0.0106,0.985556,0.16935,1
8962,5.3667,0.0,0.0138,0.0,-0.0138,0.986286,0.165048,1
8963,5.3833,0.0,0.0106,0.0,-0.0106,0.986996,0.160743,1
8964,5.4,0.0,0.0125,0.0,-0.0125,0.987688,0.156434,1
8965,5.4167,0.0,0.0131,0.0,-0.0131,0.988362,0.152123,1
8966,5.4333,0.0,0.0087,0.0,-0.0087,0.989016,0.147809,1
8967,5.45,0.0,0.0111,0.0,-0.0111,0.989651,0.143493,1
8968,5.4667,0.0,0.0108,0.0,-0.0108,0.990268,0.139173,1
8969,5.4833,0.0,0.016,0.0,-0.016,0.990866,0.134851,1
8970,5.5,0.0,0.0152,0.0,-0.0152,0.991445,0.130526,1
8971,5.5167,0.0,0.0136,0.0,-0.0136,0.992005,0.126199,1
8972,5.5333,0.0,0.015,0.0,-0.015,0.992546,0.121869,1
8973,5.55,0.0,0.0134,0.0,-0.0134,0.993068,0.117537,1
8974,5.5667,0.0,0.015,0.0,-0.015,0.993572,0.113203,1
8975,5.5833,0.0,0.012,0.0,-0.012,0.994056,0.108867,1
8976,5.6,0.0,0.0148,0.0,-0.0148,0.994522,0.104528,1
8977,5.6167,0.0,0.0141,0.0,-0.0141,0.994969,0.100188,1
8978,5.6333,0.0,0.0125,0.0,-0.0125,0.995396,0.095846,1
8979,5.65,0.0,0.0112,0.0,-0.0112,0.995805,0.091502,1
8980,5.6667,0.0,0.0134,0.0,-0.0134,0.996195,0.087156,1
8981,5.6833,0.0,0.0149,0.0,-0.0149,0.996566,0.082808,1
8982,5.7,0.0,0.014,0.0,-0.014,0.996917,0.078459,1
8983,5.7167,0.0,0.0154,0.0,-0.0154,0.99725,0.074108,1
8984,5.7333,0.0,0.0134,0.0,-0.0134,0.997564,0.069756,1
8985,5.75,0.0,0.0153,0.0,-0.0153,0.997859,0.065403,1
8986,5.7667,0.0,0.0157,0.0,-0.0157,0.998135,0.061049,1
8987,5.7833,0.0,0.015,0.0,-0.015,0.998392,0.056693,1
8988,5.8,0.0,0.0112,0.0,-0.0112,0.99863,0.052336,1
8989,5.8167,0.0,0.0101,0.0,-0.0101,0.998848,0.047978,1
8990,5.8333,0.0,0.0162,0.0,-0.0162,0.999048,0.043619,1
8991,5.85,0.0,0.0182,0.0,-0.0182,0.999229,0.03926,1
8992,5.8667,0.0,0.0114,0.0,-0.0114,0.999391,0.034899,1
8993,5.8833,0.0,0.0127,0.0,-0.0127,0.999534,0.030539,1
8994,5.9,0.0,0.0194,0.0,-0.0194,0.999657,0.026177,1
8995,5.9167,0.0,0.0191,0.0,-0.0191,0.999762,0.021815,1
8996,5.9333,0.0,0.0142,0.0,-0.0142,0.999848,0.017452,1
8997,5.95,0.0,0.0136,0.0,-0.0136,0.999914,0.01309,1
8998,5.9667,0.0,0.0167,0.0,-0.0167,0.999962,0.008727,1
8999,5.9833,0.0,0.0163,0.0,-0.0163,0.99999,0.004363,1
9000,6.0,0.0,0.0251,0.0,-0.0251,1.0,0.0,1
9001,6.0167,0.002017,0.027,0.0,-0.024983,0.99999,-0.004363,1
9002,6.0333,0.006067,0.0302,0.0,-0.024133,0.999962,-0.008727,1
9003,6.05,0.0,0.0262,0.0,-0.0262,0.999914,-0.01309,1
9004,6.0667,0.0,0.0241,0.0,-0.0241,0.999848,-0.017452,1
9005,6.0833,0.000433,0.0241,0.0,-0.023667,0.999762,-0.021815,1
9006,6.1,0.004417,0.027,0.0,-0.022583,0.999657,-0.026177,1
9007,6.1167,0.006483,0.0271,0.0,-0.020617,0.999534,-0.030539,1
9008,6.1333,0.004583,0.0264,0.0,-0.021817,0.999391,-0.034899,1
9009,6.15,0.000533,0.0275,0.0,-0.026967,0.999229,-0.03926,1
9010,6.1667,0.006367,0.0261,0.0,-0.019733,0.999048,-0.043619,1
9011,6.1833,0.009417,0.0268,0.0,-0.017383,0.998848,-0.047978,1
9012,6.2,0.00395,0.0258,0.0,-0.02185,0.99863,-0.052336,1
9013,6.2167,0.00825,0.0278,0.0,-0.01955,0.998392,-0.056693,1
9014,6.2333,0.007483,0.0282,0.0,-0.020717,0.998135,-0.061049,1
9015,6.25,0.006333,0.0292,0.0,-0.022867,0.997859,-0.065403,1
9016,6.2667,0.0108,0.0235,0.0,-0.0127,0.997564,-0.069756,1
9017,6.2833,0.008233,0.0262,0.0,-0.017967,0.99725,-0.074108,1
9018,6.3,0.011783,0.0262,0.0,-0.014417,0.996917,-0.078459,1
9019,6.3167,0.015083,0.0248,0.0,-0.009717,0.996566,-0.082808,1
9020,6.3333,0.011433,0.0267,0.0,-0.015267,0.996195,-0.087156,1
9021,6.35,0.0118,0.025,0.0,-0.0132,0.995805,-0.091502,1
9022,6.3667,0.0153,0.0242,0.0,-0.0089,0.995396,-0.095846,1
9023,6.3833,0.01055,0.0282,0.0,-0.01765,0.994969,-0.100188,1
9024,6.4,0.00675,0.0284,0.0,-0.02165,0.994522,-0.104528,1
9025,6.4167,0.017167,0.0271,0.0,-0.009933,0.994056,-0.108867,1
9026,6.4333,0.01535,0.0259,0.0,-0.01055,0.993572,-0.113203,1
9027,6.45,0.011667,0.0289,0.0,-0.017233,0.993068,-0.117537,1
9028,6.4667,0.011317,0.027,0.0,-0.015683,0.992546,-0.121869,1
9029,6.4833,0.012033,0.0272,0.0,-0.015167,0.992005,-0.126199,1
9030,6.5,0.012533,0.0261,0.0,-0.013567,0.991445,-0.130526,1
9031,6.5167,0.015483,0.0237,0.0,-0.008217,0.990866,-0.134851,1
9032,6.5333,0.015633,0.0268,0.0,-0.011167,0.990268,-0.139173,1
9033,6.55,0.016367,0.0259,0.0,-0.009533,0.989651,-0.143493,1
9034,6.5667,0.018833,0.0254,0.0,-0.006567,0.989016,-0.147809,1
9035,6.5833,0.0194,0.0274,0.0,-0.008,0.988362,-0.152123,1
9036,6.6,0.019133,0.0262,0.0,-0.007067,0.987688,-0.156434,1
9037,6.6167,0.02075,0.0278,0.0,-0.00705,0.986996,-0.160743,1
9038,6.6333,0.018983,0.0265,0.0,-0.007517,0.986286,-0.165048,1
9039,6.65,0.02515,0.0271,0.0,-0.00195,0.985556,-0.16935,1
9040,6.6667,0.026683,0.0246,0.0021,0.002083,0.984808,-0.173648,0
9041,6.6833,0.018383,0.0283,0.0,-0.009917,0.984041,-0.177944,1
9042,6.7,0.019433,0.0252,0.0,-0.005767,0.983255,-0.182236,1
9043,6.7167,0.026417,0.0239,0.0025,0.002517,0.98245,-0.186524,0
9044,6.7333,0.026533,0.028,0.001,-0.001467,0.981627,-0.190809,0
9045,6.75,0.0222,0.0255,0.0,-0.0033,0.980785,-0.19509,1
9046,6.7667,0.022833,0.0286,0.0,-0.005767,0.979925,-0.199368,1
9047,6.7833,0.021617,0.0236,0.0,-0.001983,0.979045,-0.203642,1
9048,6.8,0.02515,0.0247,0.0004,0.00045,0.978148,-0.207912,0
9049,6.8167,0.025,0.0261,0.0,-0.0011,0.977231,-0.212178,1
9050,6.8333,0.0251,0.0257,0.0,-0.0006,0.976296,-0.21644,1
9051,6.85,0.02495,0.0279,0.0,-0.00295,0.975342,-0.220697,1
9052,6.8667,0.028133,0.0215,0.0066,0.006633,0.97437,-0.224951,0
9053,6.8833,0.02955,0.0269,0.0093,0.00265,0.973379,-0.2292,0
9054,6.9,0.02475,0.024,0.01,0.00075,0.97237,-0.233445,0
9055,6.9167,0.026017,0.0279,0.0081,-0.001883,0.971342,-0.237686,0
9056,6.9333,0.028567,0.0256,0.0111,0.002967,0.970296,-0.241922,0
9057,6.95,0.02865,0.0285,0.0112,0.00015,0.969231,-0.246153,0
9058,6.9667,0.026283,0.0268,0.0107,-0.000517,0.968148,-0.25038,0
9059,6.9833,0.030017,0.0244,0.0163,0.005617,0.967046,-0.254602,0
9060,7.0,0.02965,0.0477,0.0,-0.01805,0.965926,-0.258819,1
9061,7.0167,0.0337,0.0492,0.0,-0.0155,0.964787,-0.263031,1
9062,7.0333,0.030567,0.0512,0.0,-0.020633,0.96363,-0.267238,1
9063,7.05,0.029033,0.0468,0.0,-0.017767,0.962455,-0.27144,1
9064,7.0667,0.033783,0.0495,0.0,-0.015717,0.961262,-0.275637,1
9065,7.0833,0.034,0.0458,0.0,-0.0118,0.96005,-0.279829,1
9066,7.1,0.037133,0.0471,0.0,-0.009967,0.95882,-0.284015,1
9067,7.1167,0.034683,0.0465,0.0,-0.011817,0.957571,-0.288196,1
9068,7.1333,0.0386,0.0515,0.0,-0.0129,0.956305,-0.292372,1
9069,7.15,0.032117,0.0468,0.0,-0.014683,0.95502,-0.296542,1
9070,7.1667,0.036,0.0497,0.0,-0.0137,0.953717,-0.300706,1
9071,7.1833,0.04155,0.0501,0.0,-0.00855,0.952396,-0.304864,1
9072,7.2,0.036083,0.0484,0.0,-0.012317,0.951057,-0.309017,1
9073,7.2167,0.038033,0.0462,0.0,-0.008167,0.949699,-0.313164,1
9074,7.2333,0.0361,0.049,0.0,-0.0129,0.948324,-0.317305,1
9075,7.25,0.0414,0.0471,0.0,-0.0057,0.94693,-0.321439,1
9076,7.2667,0.038417,0.0504,0.0,-0.011983,0.945519,-0.325568,1
9077,7.2833,0.0394,0.0521,0.0,-0.0127,0.944089,-0.329691,1
9078,7.3,0.04085,0.0448,0.0,-0.00395,0.942641,-0.333807,1
9079,7.3167,0.044967,0.0466,0.0,-0.001633,0.941176,-0.337917,1
9080,7.3333,0.04415,0.0478,0.0,-0.00365,0.939693,-0.34202,1
9081,7.35,0.041367,0.0485,0.0,-0.007133,0.938191,-0.346117,1
9082,7.3667,0.043183,0.0495,0.0,-0.006317,0.936672,-0.350207,1
9083,7.3833,0.040967,0.0524,0.0,-0.011433,0.935135,-0.354291,1
9084,7.4,0.04215,0.0504,0.0,-0.00825,0.93358,-0.358368,1
9085,7.4167,0.043583,0.0491,0.0,-0.005517,0.932008,-0.362438,1
9086,7.4333,0.047233,0.0474,0.0,-0.000167,0.930418,-0.366501,1
9087,7.45,0.039183,0.0497,0.0,-0.010517,0.92881,-0.370557,1
9088,7.4667,0.042717,0.0531,0.0,-0.010383,0.927184,-0.374607,1
9089,7.4833,0.045533,0.0453,0.0002,0.000233,0.925541,-0.378649,0
9090,7.5,0.048867,0.0466,0.0025,0.002267,0.92388,-0.382683,0
9091,7.5167,0.0488,0.0491,0.0022,-0.0003,0.922201,-0.386711,0
9092,7.5333,0.043783,0.0454,0.0006,-0.001617,0.920505,-0.390731,0
9093,7.55,0.046883,0.0454,0.0021,0.001483,0.918791,-0.394744,0
9094,7.5667,0.0514,0.0491,0.0044,0.0023,0.91706,-0.398749,0
9095,7.5833,0.048033,0.0496,0.0028,-0.001567,0.915311,-0.402747,0
9096,7.6,0.0427,0.05,0.0,-0.0073,0.913545,-0.406737,1
9097,7.6167,0.052067,0.049,0.0031,0.003067,0.911762,-0.410719,0
9098,7.6333,0.047383,0.05,0.0005,-0.002617,0.909961,-0.414693,0
9099,7.65,0.0539,0.0476,0.0068,0.0063,0.908143,-0.41866,0
9100,7.6667,0.052967,0.0484,0.0114,0.004567,0.906308,-0.422618,0
9101,7.6833,0.051583,0.0489,0.0141,0.002683,0.904455,-0.426569,0
9102,7.7,0.049817,0.0455,0.0184,0.004317,0.902585,-0.430511,0
9103,7.7167,0.050683,0.0461,0.023,0.004583,0.900698,-0.434445,0
9104,7.7333,0.05095,0.0445,0.0295,0.00645,0.898794,-0.438371,0
9105,7.75,0.048383,0.0474,0.0305,0.000983,0.896873,-0.442289,0
9106,7.7667,0.05325,0.0499,0.0338,0.00335,0.894934,-0.446198,0
9107,7.7833,0.054133,0.0465,0.0414,0.007633,0.892979,-0.450098,0
9108,7.8,0.053017,0.0478,0.0466,0.005217,0.891007,-0.45399,0
9109,7.8167,0.05245,0.0461,0.0529,0.00635,0.889017,-0.457874,0
9110,7.8333,0.049867,0.0484,0.0544,0.001467,0.887011,-0.461749,0
9111,7.85,0.052983,0.048,0.0594,0.004983,0.884988,-0.465615,0
9112,7.8667,0.05815,0.0471,0.0704,0.01105,0.882948,-0.469472,0
9113,7.8833,0.053217,0.0474,0.0762,0.005817,0.880891,-0.47332,0
9114,7.9,0.057433,0.0483,0.0853,0.009133,0.878817,-0.477159,0
9115,7.9167,0.0599,0.0481,0.0971,0.0118,0.876727,-0.480989,0
9116,7.9333,0.056917,0.048,0.106,0.008917,0.87462,-0.48481,0
9117,7.95,0.057133,0.0489,0.1142,0.008233,0.872496,-0.488621,0
9118,7.9667,0.0572,0.0482,0.1232,0.009,0.870356,-0.492424,0
9119,7.9833,0.0618,0.0468,0.1382,0.015,0.868199,-0.496217,0
9120,8.0,0.05775,0.0472,0.1487,0.01055,0.866025,-0.5,0
9121,8.0167,0.060583,0.0515,0.1578,0.009083,0.863836,-0.503774,0
9122,8.0333,0.059433,0.0456,0.1716,0.013833,0.861629,-0.507538,0
9123,8.05,0.063717,0.047,0.1883,0.016717,0.859406,-0.511293,0
9124,8.0667,0.060617,0.0468,0.2021,0.013817,0.857167,-0.515038,0
9125,8.0833,0.06185,0.0475,0.2165,0.01435,0.854912,-0.518773,0
9126,8.1,0.062183,0.0486,0.2301,0.013583,0.85264,-0.522499,0
9127,8.1167,0.06355,0.048,0.2456,0.01555,0.850352,-0.526214,0
9128,8.1333,0.058617,0.0447,0.2595,0.013917,0.848048,-0.529919,0
9129,8.15,0.0654,0.0463,0.2786,0.0191,0.845728,-0.533615,0
9130,8.1667,0.06205,0.0453,0.2954,0.01675,0.843391,-0.5373,0
9131,8.1833,0.066217,0.0495,0.3121,0.016717,0.841039,-0.540974,0
9132,8.2,0.068767,0.0516,0.3293,0.017167,0.838671,-0.544639,0
9133,8.2167,0.064267,0.0471,0.3465,0.017167,0.836286,-0.548293,0
9134,8.2333,0.065667,0.0495,0.3627,0.016167,0.833886,-0.551937,0
9135,8.25,0.065733,0.0482,0.3802,0.017533,0.83147,-0.55557,0
9136,8.2667,0.07285,0.0472,0.4058,0.02565,0.829038,-0.559193,0
9137,8.2833,0.067917,0.0503,0.4234,0.017617,0.82659,-0.562805,0
9138,8.3,0.0695,0.0508,0.4421,0.0187,0.824126,-0.566406,0
9139,8.3167,0.070717,0.0459,0.4669,0.024817,0.821647,-0.569997,0
9140,8.3333,0.067917,0.0502,0.4846,0.017717,0.819152,-0.573576,0
9141,8.35,0.071517,0.0489,0.5072,0.022617,0.816642,-0.577145,0
9142,8.3667,0.0719,0.0471,0.532,0.0248,0.814116,-0.580703,0
9143,8.3833,0.072917,0.0465,0.5584,0.026417,0.811574,-0.58425,0
9144,8.4,0.073083,0.0505,0.581,0.022583,0.809017,-0.587785,0
9145,8.4167,0.073933,0.0446,0.6103,0.029333,0.806445,-0.59131,0
9146,8.4333,0.072767,0.0473,0.6358,0.025467,0.803857,-0.594823,0
9147,8.45,0.076433,0.0497,0.6625,0.026733,0.801254,-0.598325,0
9148,8.4667,0.072367,0.0473,0.6876,0.025067,0.798636,-0.601815,0
9149,8.4833,0.07155,0.0475,0.7117,0.02405,0.796002,-0.605294,0
9150,8.5,0.06995,0.0514,0.7302,0.01855,0.793353,-0.608761,0
9151,8.5167,0.0721,0.0455,0.7568,0.0266,0.79069,-0.612217,0
9152,8.5333,0.0795,0.0444,0.7919,0.0351,0.788011,-0.615661,0
9153,8.55,0.07565,0.05,0.8175,0.02565,0.785317,-0.619094,0
9154,8.5667,0.07665,0.0462,0.8479,0.03045,0.782608,-0.622515,0
9155,8.5833,0.076067,0.0458,0.8782,0.030267,0.779884,-0.625923,0
9156,8.6,0.076667,0.047,0.9079,0.029667,0.777146,-0.62932,0
9157,8.6167,0.074883,0.0478,0.935,0.027083,0.774393,-0.632705,0
9158,8.6333,0.0736,0.0466,0.962,0.027,0.771625,-0.636078,0
9159,8.65,0.073667,0.0482,0.9875,0.025467,0.768842,-0.639439,0
9160,8.6667,0.073233,0.0454,1.0153,0.027833,0.766044,-0.642788,0
9161,8.6833,0.079733,0.0474,1.0476,0.032333,0.763232,-0.646124,0
9162,8.7,0.073983,0.048,1.0736,0.025983,0.760406,-0.649448,0
9163,8.7167,0.077483,0.0483,1.1028,0.029183,0.757565,-0.65276,0
9164,8.7333,0.076533,0.0495,1.1298,0.027033,0.75471,-0.656059,0
9165,8.75,0.083767,0.0504,1.1632,0.033367,0.75184,-0.659346,0
9166,8.7667,0.0801,0.0496,1.1937,0.0305,0.748956,-0.66262,0
9167,8.7833,0.081033,0.0461,1.2286,0.034933,0.746057,-0.665882,0
9168,8.8,0.080367,0.0465,1.2625,0.033867,0.743145,-0.669131,0
9169,8.8167,0.0812,0.045,1.2987,0.0362,0.740218,-0.672367,0
9170,8.8333,0.079167,0.0457,1.3322,0.033467,0.737277,-0.67559,0
9171,8.85,0.079983,0.0478,1.3644,0.032183,0.734323,-0.678801,0
9172,8.8667,0.0788,0.0491,1.3941,0.0297,0.731354,-0.681998,0
9173,8.8833,0.086867,0.045,1.436,0.041867,0.728371,-0.685183,0
9174,8.9,0.0805,0.0492,1.4673,0.0313,0.725374,-0.688355,0
9175,8.9167,0.0849,0.049,1.5032,0.0359,0.722364,-0.691513,0
9176,8.9333,0.081817,0.0468,1.5382,0.035017,0.71934,-0.694658,0
9177,8.95,0.084167,0.0433,1.5791,0.040867,0.716302,-0.69779,0
9178,8.9667,0.084833,0.0536,1.6103,0.031233,0.71325,-0.700909,0
9179,8.9833,0.085,0.052,1.6433,0.033,0.710185,-0.704015,0
9180,9.0,0.0872,0.0225,1.708,0.0647,0.707107,-0.707107,0
9181,9.0167,0.085967,0.0263,1.7677,0.059667,0.704015,-0.710185,0
9182,9.0333,0.086517,0.0254,1.8288,0.061117,0.700909,-0.71325,0
9183,9.05,0.085467,0.0305,1.8838,0.054967,0.69779,-0.716302,0
9184,9.0667,0.087617,0.0248,1.9466,0.062817,0.694658,-0.71934,0
9185,9.0833,0.084567,0.0277,2.0035,0.056867,0.691513,-0.722364,0
9186,9.1,0.090417,0.0259,2.068,0.064517,0.688355,-0.725374,0
9187,9.1167,0.088033,0.0252,2.1308,0.062833,0.685183,-0.728371,0
9188,9.1333,0.0894,0.0233,2.1969,0.0661,0.681998,-0.731354,0
9189,9.15,0.087833,0.0286,2.2561,0.059233,0.678801,-0.734323,0
9190,9.1667,0.0816,0.0261,2.3116,0.0555,0.67559,-0.737277,0
9191,9.1833,0.088183,0.0252,2.3746,0.062983,0.672367,-0.740218,0
9192,9.2,0.09225,0.028,2.4388,0.06425,0.669131,-0.743145,0
9193,9.2167,0.0924,0.0231,2.5081,0.0693,0.665882,-0.746057,0
9194,9.2333,0.090317,0.0227,2.5757,0.067617,0.66262,-0.748956,0
9195,9.25,0.08955,0.0263,2.6389,0.06325,0.659346,-0.75184,0
9196,9.2667,0.090517,0.0235,2.7059,0.067017,0.656059,-0.75471,0
9197,9.2833,0.091917,0.0254,2.7724,0.066517,0.65276,-0.757565,0
9198,9.3,0.0933,0.0258,2.8399,0.0675,0.649448,-0.760406,0
9199,9.3167,0.09285,0.0246,2.9082,0.06825,0.646124,-0.763232,0
9200,9.3333,0.091783,0.028,2.972,0.063783,0.642788,-0.766044,0
9201,9.35,0.094367,0.0249,3.0415,0.069467,0.639439,-0.768842,0
9202,9.3667,0.09335,0.0259,3.109,0.06745,0.636078,-0.771625,0
9203,9.3833,0.095883,0.0264,3.1785,0.069483,0.632705,-0.774393,0
9204,9.4,0.098483,0.024,3.253,0.074483,0.62932,-0.777146,0
9205,9.4167,0.095933,0.0273,3.3216,0.068633,0.625923,-0.779884,0
9206,9.4333,0.090633,0.0279,3.3843,0.062733,0.622515,-0.782608,0
9207,9.45,0.090117,0.0271,3.4473,0.063017,0.619094,-0.785317,0
9208,9.4667,0.0919,0.0246,3.5146,0.0673,0.615661,-0.788011,0
9209,9.4833,0.092883,0.0274,3.5801,0.065483,0.612217,-0.79069,0
9210,9.5,0.098617,0.0295,3.6492,0.069117,0.608761,-0.793353,0
9211,9.5167,0.0962,0.0268,3.7186,0.0694,0.605294,-0.796002,0
9212,9.5333,0.0969,0.0244,3.7911,0.0725,0.601815,-0.798636,0
9213,9.55,0.093233,0.033,3.8513,0.060233,0.598325,-0.801254,0
9214,9.5667,0.097433,0.0267,3.922,0.070733,0.594823,-0.803857,0
9215,9.5833,0.0993,0.0245,3.9968,0.0748,0.59131,-0.806445,0
9216,9.6,0.096183,0.0264,4.0666,0.069783,0.587785,-0.809017,0
9217,9.6167,0.096267,0.0253,4.1376,0.070967,0.58425,-0.811574,0
9218,9.6333,0.093983,0.0271,4.2045,0.066883,0.580703,-0.814116,0
9219,9.65,0.10155,0.0261,4.28,0.07545,0.577145,-0.816642,0
9220,9.6667,0.10125,0.0206,4.3607,0.08065,0.573576,-0.819152,0
9221,9.6833,0.097117,0.0306,4.4272,0.066517,0.569997,-0.821647,0
9222,9.7,0.098867,0.0253,4.5008,0.073567,0.566406,-0.824126,0
9223,9.7167,0.101167,0.0281,4.5739,0.073067,0.562805,-0.82659,0
9224,9.7333,0.10015,0.0273,4.6467,0.07285,0.559193,-0.829038,0
9225,9.75,0.100117,0.0266,4.7202,0.073517,0.55557,-0.83147,0
9226,9.7667,0.101967,0.0264,4.7958,0.075567,0.551937,-0.833886,0
9227,9.7833,0.099183,0.0269,4.8681,0.072283,0.548293,-0.836286,0
9228,9.8,0.101733,0.0255,4.9443,0.076233,0.544639,-0.838671,0
9229,9.8167,0.096,0.0269,5.0134,0.0691,0.540974,-0.841039,0
9230,9.8333,0.10085,0.0263,5.088,0.07455,0.5373,-0.843391,0
9231,9.85,0.10055,0.0254,5.1631,0.07515,0.533615,-0.845728,0
9232,9.8667,0.10365,0.0218,5.245,0.08185,0.529919,-0.848048,0
9233,9.8833,0.099867,0.0254,5.3195,0.074467,0.526214,-0.850352,0
9234,9.9,0.099417,0.0264,5.3925,0.073017,0.522499,-0.85264,0
9235,9.9167,0.101633,0.0284,5.4657,0.073233,0.518773,-0.854912,0
9236,9.9333,0.10085,0.0256,5.541,0.07525,0.515038,-0.857167,0
9237,9.95,0.104817,0.0278,5.618,0.077017,0.511293,-0.859406,0
9238,9.9667,0.100883,0.0273,5.6916,0.073583,0.507538,-0.861629,0
9239,9.9833,0.1023,0.0286,5.7653,0.0737,0.503774,-0.863836,0
9240,10.0,0.106017,0.0282,5.8431,0.077817,0.5,-0.866025,0
9241,10.0167,0.103533,0.0283,5.9183,0.075233,0.496217,-0.868199,0
9242,10.0333,0.104033,0.0257,5.9966,0.078333,0.492424,-0.870356,0
9243,10.05,0.103667,0.0297,6.0706,0.073967,0.488621,-0.872496,0
9244,10.0667,0.1055,0.0235,6.1526,0.082,0.48481,-0.87462,0
9245,10.0833,0.1062,0.0243,6.2345,0.0819,0.480989,-0.876727,0
9246,10.1,0.1056,0.0235,6.3166,0.0821,0.477159,-0.878817,0
9247,10.1167,0.1083,0.0281,6.3968,0.0802,0.47332,-0.880891,0
9248,10.1333,0.104983,0.026,6.4758,0.078983,0.469472,-0.882948,0
9249,10.15,0.10515,0.028,6.553,0.07715,0.465615,-0.884988,0
9250,10.1667,0.105133,0.0278,6.6303,0.077333,0.461749,-0.887011,0
9251,10.1833,0.106017,0.0217,6.7146,0.084317,0.457874,-0.889017,0
9252,10.2,0.106583,0.0251,6.7961,0.081483,0.45399,-0.891007,0
9253,10.2167,0.110033,0.0244,6.8817,0.085633,0.450098,-0.892979,0
9254,10.2333,0.109117,0.0264,6.9644,0.082717,0.446198,-0.894934,0
9255,10.25,0.1076,0.0252,7.0468,0.0824,0.442289,-0.896873,0
9256,10.2667,0.112083,0.0248,7.1341,0.087283,0.438371,-0.898794,0
9257,10.2833,0.11155,0.0246,7.221,0.08695,0.434445,-0.900698,0
9258,10.3,0.11225,0.0253,7.308,0.08695,0.430511,-0.902585,0
9259,10.3167,0.108617,0.0256,7.391,0.083017,0.426569,-0.904455,0
9260,10.3333,0.10955,0.0218,7.4787,0.08775,0.422618,-0.906308,0
9261,10.35,0.107883,0.027,7.5596,0.080883,0.41866,-0.908143,0
9262,10.3667,0.10835,0.0262,7.6417,0.08215,0.414693,-0.909961,0
9263,10.3833,0.1092,0.0242,7.7267,0.085,0.410719,-0.911762,0
9264,10.4,0.10615,0.0251,7.8078,0.08105,0.406737,-0.913545,0
9265,10.4167,0.108917,0.0241,7.8926,0.084817,0.402747,-0.915311,0
9266,10.4333,0.109117,0.0248,7.9769,0.084317,0.398749,-0.91706,0
9267,10.45,0.113517,0.0263,8.0641,0.087217,0.394744,-0.918791,0
9268,10.4667,0.112633,0.0241,8.1526,0.088533,0.390731,-0.920505,0
9269,10.4833,0.105817,0.0261,8.2323,0.079717,0.386711,-0.922201,0
9270,10.5,0.11055,0.0283,8.3146,0.08225,0.382683,-0.92388,0
9271,10.5167,0.1132,0.0292,8.3986,0.084,0.378649,-0.925541,0
9272,10.5333,0.119483,0.027,8.4911,0.092483,0.374607,-0.927184,0
9273,10.55,0.1121,0.0222,8.581,0.0899,0.370557,-0.92881,0
9274,10.5667,0.10895,0.0261,8.6639,0.08285,0.366501,-0.930418,0
9275,10.5833,0.113717,0.0258,8.7518,0.087917,0.362438,-0.932008,0
9276,10.6,0.112067,0.0274,8.8365,0.084667,0.358368,-0.93358,0
9277,10.6167,0.113983,0.0242,8.9263,0.089783,0.354291,-0.935135,0
9278,10.6333,0.111067,0.0303,9.0071,0.080767,0.350207,-0.936672,0
9279,10.65,0.117267,0.0258,9.0986,0.091467,0.346117,-0.938191,0
9280,10.6667,0.11005,0.0261,9.1825,0.08395,0.34202,-0.939693,0
9281,10.6833,0.114933,0.0235,9.2739,0.091433,0.337917,-0.941176,0
9282,10.7,0.112067,0.0293,9.3567,0.082767,0.333807,-0.942641,0
9283,10.7167,0.109467,0.0265,9.4397,0.082967,0.329691,-0.944089,0
9284,10.7333,0.1101,0.026,9.5238,0.0841,0.325568,-0.945519,0
9285,10.75,0.115383,0.0238,9.6154,0.091583,0.321439,-0.94693,0
9286,10.7667,0.1133,0.0264,9.7023,0.0869,0.317305,-0.948324,0
9287,10.7833,0.1176,0.03,9.7899,0.0876,0.313164,-0.949699,0
9288,10.8,0.109433,0.0265,9.8728,0.082933,0.309017,-0.951057,0
9289,10.8167,0.1146,0.0246,9.9628,0.09,0.304864,-0.952396,0
9290,10.8333,0.117517,0.0287,10.0516,0.088817,0.300706,-0.953717,0
9291,10.85,0.113617,0.0264,10.1388,0.087217,0.296542,-0.95502,0
9292,10.8667,0.11205,0.0272,10.2236,0.08485,0.292372,-0.956305,0
9293,10.8833,0.114833,0.0254,10.313,0.089433,0.288196,-0.957571,0
9294,10.9,0.115217,0.0278,10.4004,0.087417,0.284015,-0.95882,0
9295,10.9167,0.112867,0.0281,10.4852,0.084767,0.279829,-0.96005,0
9296,10.9333,0.116817,0.0264,10.5756,0.090417,0.275637,-0.961262,0
9297,10.95,0.115417,0.0297,10.6613,0.085717,0.27144,-0.962455,0
9298,10.9667,0.114883,0.0274,10.7488,0.087483,0.267238,-0.96363,0
9299,10.9833,0.1171,0.0248,10.8411,0.0923,0.263031,-0.964787,0
9300,11.0,0.115817,0.0297,10.9272,0.086117,0.258819,-0.965926,0
9301,11.0167,0.122683,0.0252,11.0247,0.097483,0.254602,-0.967046,0
9302,11.0333,0.116633,0.0267,11.1146,0.089933,0.25038,-0.968148,0
9303,11.05,0.119433,0.0244,11.2096,0.095033,0.246153,-0.969231,0
9304,11.0667,0.115033,0.0287,11.2959,0.086333,0.241922,-0.970296,0
9305,11.0833,0.116517,0.0219,11.3905,0.094617,0.237686,-0.971342,0
9306,11.1,0.118517,0.0284,11.4806,0.090117,0.233445,-0.97237,0
9307,11.1167,0.1163,0.0239,11.573,0.0924,0.2292,-0.973379,0
9308,11.1333,0.1193,0.0262,11.6661,0.0931,0.224951,-0.97437,0
9309,11.15,0.114933,0.0267,11.7543,0.088233,0.220697,-0.975342,0
9310,11.1667,0.1158,0.0264,11.8437,0.0894,0.21644,-0.976296,0
9311,11.1833,0.117983,0.0239,11.9378,0.094083,0.212178,-0.977231,0
9312,11.2,0.116383,0.0261,12.0281,0.090283,0.207912,-0.978148,0
9313,11.2167,0.115317,0.0242,12.1192,0.091117,0.203642,-0.979045,0
9314,11.2333,0.119267,0.0278,12.2107,0.091467,0.199368,-0.979925,0
9315,11.25,0.117317,0.0233,12.3047,0.094017,0.19509,-0.980785,0
9316,11.2667,0.118467,0.0232,12.4,0.095267,0.190809,-0.981627,0
9317,11.2833,0.118267,0.0268,12.4915,0.091467,0.186524,-0.98245,0
9318,11.3,0.116967,0.0252,12.5833,0.091767,0.182236,-0.983255,0
9319,11.3167,0.11945,0.0258,12.6769,0.09365,0.177944,-0.984041,0
9320,11.3333,0.121433,0.0264,12.7719,0.095033,0.173648,-0.984808,0
9321,11.35,0.117917,0.0231,12.8667,0.094817,0.16935,-0.985556,0
9322,11.3667,0.122267,0.0281,12.9609,0.094167,0.165048,-0.986286,0
9323,11.3833,0.119467,0.0231,13.0573,0.096367,0.160743,-0.986996,0
9324,11.4,0.118717,0.0281,13.1479,0.090617,0.156434,-0.987688,0
9325,11.4167,0.117833,0.027,13.2387,0.090833,0.152123,-0.988362,0
9326,11.4333,0.1168,0.0298,13.3257,0.087,0.147809,-0.989016,0
9327,11.45,0.118383,0.0278,13.4163,0.090583,0.143493,-0.989651,0
9328,11.4667,0.116417,0.0269,13.5058,0.089517,0.139173,-0.990268,0
9329,11.4833,0.117367,0.0311,13.5921,0.086267,0.134851,-0.990866,0
9330,11.5,0.118617,0.0284,13.6823,0.090217,0.130526,-0.991445,0
9331,11.5167,0.120033,0.0299,13.7724,0.090133,0.126199,-0.992005,0
9332,11.5333,0.121433,0.0256,13.8682,0.095833,0.121869,-0.992546,0
9333,11.55,0.118483,0.0217,13.965,0.096783,0.117537,-0.993068,0
9334,11.5667,0.118267,0.0251,14.0582,0.093167,0.113203,-0.993572,0
9335,11.5833,0.116517,0.0241,14.1506,0.092417,0.108867,-0.994056,0
9336,11.6,0.121033,0.0268,14.2448,0.094233,0.104528,-0.994522,0
9337,11.6167,0.11855,0.0252,14.3382,0.09335,0.100188,-0.994969,0
9338,11.6333,0.118517,0.0296,14.4271,0.088917,0.095846,-0.995396,0
9339,11.65,0.1206,0.0249,14.5228,0.0957,0.091502,-0.995805,0
9340,11.6667,0.118867,0.0284,14.6133,0.090467,0.087156,-0.996195,0
9341,11.6833,0.120117,0.0293,14.7041,0.090817,0.082808,-0.996566,0
9342,11.7,0.11965,0.0258,14.798,0.09385,0.078459,-0.996917,0
9343,11.7167,0.120617,0.0266,14.892,0.094017,0.074108,-0.99725,0
9344,11.7333,0.121333,0.0267,14.9866,0.094633,0.069756,-0.997564,0
9345,11.75,0.116217,0.031,15.0,0.085217,0.065403,-0.997859,0
9346,11.7667,0.12075,0.0254,15.0,0.09535,0.061049,-0.998135,0
9347,11.7833,0.120667,0.0245,15.0,0.096167,0.056693,-0.998392,0
9348,11.8,0.12085,0.0275,15.0,0.09335,0.052336,-0.99863,0
9349,11.8167,0.115933,0.0296,15.0,0.086333,0.047978,-0.998848,0
9350,11.8333,0.120533,0.0265,15.0,0.094033,0.043619,-0.999048,0
9351,11.85,0.124533,0.0267,15.0,0.097833,0.03926,-0.999229,0
9352,11.8667,0.120083,0.0694,15.0,0.050683,0.034899,-0.999391,0
9353,11.8833,0.120967,0.0713,15.0,0.049667,0.030539,-0.999534,0
9354,11.9,0.1224,0.0742,15.0,0.0482,0.026177,-0.999657,0
9355,11.9167,0.116317,0.0706,15.0,0.045717,0.021815,-0.999762,0
9356,11.9333,0.1234,0.0692,15.0,0.0542,0.017452,-0.999848,0
9357,11.95,0.12135,0.0682,15.0,0.05315,0.01309,-0.999914,0
9358,11.9667,0.117067,0.0678,15.0,0.049267,0.008727,-0.999962,0
9359,11.9833,0.121367,0.0704,15.0,0.050967,0.004363,-0.99999,0
9360,12.0,0.11815,0.0713,15.0,0.04685,0.0,-1.0,0
9361,12.0167,0.123283,0.0665,15.0,0.056783,-0.004363,-0.99999,0
9362,12.0333,0.1188,0.0653,15.0,0.0535,-0.008727,-0.999962,0
9363,12.05,0.120567,0.0708,15.0,0.049767,-0.01309,-0.999914,0
9364,12.0667,0.116117,0.0721,15.0,0.044017,-0.017452,-0.999848,0
9365,12.0833,0.1191,0.0678,15.0,0.0513,-0.021815,-0.999762,0
9366,12.1,0.11815,0.0681,15.0,0.05005,-0.026177,-0.999657,0
9367,12.1167,0.116183,0.0689,15.0,0.047283,-0.030539,-0.999534,0
9368,12.1333,0.11655,0.0678,15.0,0.04875,-0.034899,-0.999391,0
9369,12.15,0.12365,0.0724,15.0,0.05125,-0.03926,-0.999229,0
9370,12.1667,0.1208,0.0688,15.0,0.052,-0.043619,-0.999048,0
9371,12.1833,0.118217,0.0741,15.0,0.044117,-0.047978,-0.998848,0
9372,12.2,0.119583,0.0709,15.0,0.048683,-0.052336,-0.99863,0
9373,12.2167,0.119483,0.0707,15.0,0.048783,-0.056693,-0.998392,0
9374,12.2333,0.117833,0.0703,15.0,0.047533,-0.061049,-0.998135,0
9375,12.25,0.119617,0.0714,15.0,0.048217,-0.065403,-0.997859,0
9376,12.2667,0.124567,0.069,15.0,0.055567,-0.069756,-0.997564,0
9377,12.2833,0.1175,0.0292,15.0,0.0883,-0.074108,-0.99725,0
9378,12.3,0.121933,0.0291,15.0,0.092833,-0.078459,-0.996917,0
9379,12.3167,0.1224,0.027,15.0,0.0954,-0.082808,-0.996566,0
9380,12.3333,0.119617,0.0255,15.0,0.094117,-0.087156,-0.996195,0
9381,12.35,0.120767,0.028,15.0,0.092767,-0.091502,-0.995805,0
9382,12.3667,0.119083,0.0259,15.0,0.093183,-0.095846,-0.995396,0
9383,12.3833,0.1126,0.0286,15.0,0.084,-0.100188,-0.994969,0
9384,12.4,0.116,0.0249,15.0,0.0911,-0.104528,-0.994522,0
9385,12.4167,0.120633,0.0263,15.0,0.094333,-0.108867,-0.994056,0
9386,12.4333,0.11995,0.028,15.0,0.09195,-0.113203,-0.993572,0
9387,12.45,0.120733,0.0287,15.0,0.092033,-0.117537,-0.993068,0
9388,12.4667,0.115017,0.0294,15.0,0.085617,-0.121869,-0.992546,0
9389,12.4833,0.123283,0.0255,15.0,0.097783,-0.126199,-0.992005,0
9390,12.5,0.117233,0.0279,15.0,0.089333,-0.130526,-0.991445,0
9391,12.5167,0.119267,0.0238,15.0,0.095467,-0.134851,-0.990866,0
9392,12.5333,0.117567,0.0254,15.0,0.092167,-0.139173,-0.990268,0
9393,12.55,0.12005,0.0271,15.0,0.09295,-0.143493,-0.989651,0
9394,12.5667,0.116917,0.0257,15.0,0.091217,-0.147809,-0.989016,0
9395,12.5833,0.120467,0.0266,15.0,0.093867,-0.152123,-0.988362,0
9396,12.6,0.120867,0.0278,15.0,0.093067,-0.156434,-0.987688,0
9397,12.6167,0.120233,0.0264,15.0,0.093833,-0.160743,-0.986996,0
9398,12.6333,0.116583,0.0295,15.0,0.087083,-0.165048,-0.986286,0
9399,12.65,0.120283,0.0269,15.0,0.093383,-0.16935,-0.985556,0
9400,12.6667,0.115433,0.0268,15.0,0.088633,-0.173648,-0.984808,0
9401,12.6833,0.11495,0.0275,15.0,0.08745,-0.177944,-0.984041,0
9402,12.7,0.118667,0.0283,15.0,0.090367,-0.182236,-0.983255,0
9403,12.7167,0.1165,0.0283,15.0,0.0882,-0.186524,-0.98245,0
9404,12.7333,0.118733,0.0278,15.0,0.090933,-0.190809,-0.981627,0
9405,12.75,0.11885,0.0301,15.0,0.08875,-0.19509,-0.980785,0
9406,12.7667,0.1161,0.0255,15.0,0.0906,-0.199368,-0.979925,0
9407,12.7833,0.1193,0.0242,15.0,0.0951,-0.203642,-0.979045,0
9408,12.8,0.11695,0.0266,15.0,0.09035,-0.207912,-0.978148,0
9409,12.8167,0.119733,0.0296,15.0,0.090133,-0.212178,-0.977231,0
9410,12.8333,0.1165,0.027,15.0,0.0895,-0.21644,-0.976296,0
9411,12.85,0.1141,0.0276,15.0,0.0865,-0.220697,-0.975342,0
9412,12.8667,0.119333,0.0251,15.0,0.094233,-0.224951,-0.97437,0
9413,12.8833,0.118467,0.026,15.0,0.092467,-0.2292,-0.973379,0
9414,12.9,0.1207,0.0226,15.0,0.0981,-0.233445,-0.97237,0
9415,12.9167,0.116367,0.0258,15.0,0.090567,-0.237686,-0.971342,0
9416,12.9333,0.1186,0.0253,15.0,0.0933,-0.241922,-0.970296,0
9417,12.95,0.111067,0.0233,15.0,0.087767,-0.246153,-0.969231,0
9418,12.9667,0.119967,0.0276,15.0,0.092367,-0.25038,-0.968148,0
9419,12.9833,0.1175,0.0267,15.0,0.0908,-0.254602,-0.967046,0
9420,13.0,0.12065,0.0249,15.0,0.09575,-0.258819,-0.965926,0
9421,13.0167,0.115433,0.0272,15.0,0.088233,-0.263031,-0.964787,0
9422,13.0333,0.114967,0.0268,15.0,0.088167,-0.267238,-0.96363,0
9423,13.05,0.1192,0.0252,15.0,0.094,-0.27144,-0.962455,0
9424,13.0667,0.117433,0.0291,15.0,0.088333,-0.275637,-0.961262,0
9425,13.0833,0.116583,0.0253,15.0,0.091283,-0.279829,-0.96005,0
9426,13.1,0.11835,0.031,15.0,0.08735,-0.284015,-0.95882,0
9427,13.1167,0.113867,0.0273,15.0,0.086567,-0.288196,-0.957571,0
9428,13.1333,0.116217,0.0242,15.0,0.092017,-0.292372,-0.956305,0
9429,13.15,0.117083,0.0268,15.0,0.090283,-0.296542,-0.95502,0
9430,13.1667,0.111067,0.0283,15.0,0.082767,-0.300706,-0.953717,0
9431,13.1833,0.11245,0.0243,15.0,0.08815,-0.304864,-0.952396,0
9432,13.2,0.11485,0.025,15.0,0.08985,-0.309017,-0.951057,0
9433,13.2167,0.110533,0.0299,15.0,0.080633,-0.313164,-0.949699,0
9434,13.2333,0.111583,0.0257,15.0,0.085883,-0.317305,-0.948324,0
9435,13.25,0.111383,0.0269,15.0,0.084483,-0.321439,-0.94693,0
9436,13.2667,0.116067,0.0233,15.0,0.092767,-0.325568,-0.945519,0
9437,13.2833,0.1165,0.0262,15.0,0.0903,-0.329691,-0.944089,0
9438,13.3,0.116133,0.0269,15.0,0.089233,-0.333807,-0.942641,0
9439,13.3167,0.112817,0.0281,15.0,0.084717,-0.337917,-0.941176,0
9440,13.3333,0.11365,0.0257,15.0,0.08795,-0.34202,-0.939693,0
9441,13.35,0.1071,0.0255,15.0,0.0816,-0.346117,-0.938191,0
9442,13.3667,0.112917,0.0256,15.0,0.087317,-0.350207,-0.936672,0
9443,13.3833,0.1105,0.0275,15.0,0.083,-0.354291,-0.935135,0
9444,13.4,0.111583,0.025,15.0,0.086583,-0.358368,-0.93358,0
9445,13.4167,0.1084,0.0229,15.0,0.0855,-0.362438,-0.932008,0
9446,13.4333,0.113217,0.0274,15.0,0.085817,-0.366501,-0.930418,0
9447,13.45,0.109867,0.0272,15.0,0.082667,-0.370557,-0.92881,0
9448,13.4667,0.106433,0.0282,15.0,0.078233,-0.374607,-0.927184,0
9449,13.4833,0.104783,0.0211,15.0,0.083683,-0.378649,-0.925541,0
9450,13.5,0.110017,0.0244,15.0,0.085617,-0.382683,-0.92388,0
9451,13.5167,0.115083,0.0257,15.0,0.089383,-0.386711,-0.922201,0
9452,13.5333,0.110667,0.0241,15.0,0.086567,-0.390731,-0.920505,0
9453,13.55,0.1068,0.0265,15.0,0.0803,-0.394744,-0.918791,0
9454,13.5667,0.1087,0.0267,15.0,0.082,-0.398749,-0.91706,0
9455,13.5833,0.10855,0.0236,15.0,0.08495,-0.402747,-0.915311,0
9456,13.6,0.106667,0.0305,15.0,0.076167,-0.406737,-0.913545,0
9457,13.6167,0.10845,0.0298,15.0,0.07865,-0.410719,-0.911762,0
9458,13.6333,0.1119,0.0261,15.0,0.0858,-0.414693,-0.909961,0
9459,13.65,0.106117,0.0268,15.0,0.079317,-0.41866,-0.908143,0
9460,13.6667,0.107583,0.0227,15.0,0.084883,-0.422618,-0.906308,0
9461,13.6833,0.10845,0.0241,15.0,0.08435,-0.426569,-0.904455,0
9462,13.7,0.112283,0.0287,15.0,0.083583,-0.430511,-0.902585,0
9463,13.7167,0.11055,0.0258,15.0,0.08475,-0.434445,-0.900698,0
9464,13.7333,0.110417,0.0272,15.0,0.083217,-0.438371,-0.898794,0
9465,13.75,0.1067,0.0284,15.0,0.0783,-0.442289,-0.896873,0
9466,13.7667,0.1063,0.0249,15.0,0.0814,-0.446198,-0.894934,0
9467,13.7833,0.105317,0.0238,15.0,0.081517,-0.450098,-0.892979,0
9468,13.8,0.104567,0.0264,15.0,0.078167,-0.45399,-0.891007,0
9469,13.8167,0.101083,0.0218,15.0,0.079283,-0.457874,-0.889017,0
9470,13.8333,0.10535,0.0238,15.0,0.08155,-0.461749,-0.887011,0
9471,13.85,0.106517,0.0255,15.0,0.081017,-0.465615,-0.884988,0
9472,13.8667,0.103517,0.0238,15.0,0.079717,-0.469472,-0.882948,0
9473,13.8833,0.107033,0.0229,15.0,0.084133,-0.47332,-0.880891,0
9474,13.9,0.102133,0.0278,15.0,0.074333,-0.477159,-0.878817,0
9475,13.9167,0.10595,0.0266,15.0,0.07935,-0.480989,-0.876727,0
9476,13.9333,0.103733,0.0251,15.0,0.078633,-0.48481,-0.87462,0
9477,13.95,0.106317,0.0251,15.0,0.081217,-0.488621,-0.872496,0
9478,13.9667,0.105833,0.0276,15.0,0.078233,-0.492424,-0.870356,0
9479,13.9833,0.1069,0.0272,15.0,0.0797,-0.496217,-0.868199,0
9480,14.0,0.1011,0.0292,15.0,0.0719,-0.5,-0.866025,0
9481,14.0167,0.1023,0.0276,15.0,0.0747,-0.503774,-0.863836,0
9482,14.0333,0.103817,0.0262,15.0,0.077617,-0.507538,-0.861629,0
9483,14.05,0.102633,0.0283,15.0,0.074333,-0.511293,-0.859406,0
9484,14.0667,0.10395,0.0263,15.0,0.07765,-0.515038,-0.857167,0
9485,14.0833,0.100117,0.0296,15.0,0.070517,-0.518773,-0.854912,0
9486,14.1,0.1092,0.0255,15.0,0.0837,-0.522499,-0.85264,0
9487,14.1167,0.099583,0.0249,15.0,0.074683,-0.526214,-0.850352,0
9488,14.1333,0.1012,0.0263,15.0,0.0749,-0.529919,-0.848048,0
9489,14.15,0.100183,0.0272,15.0,0.072983,-0.533615,-0.845728,0
9490,14.1667,0.102167,0.0251,15.0,0.077067,-0.5373,-0.843391,0
9491,14.1833,0.097467,0.027,15.0,0.070467,-0.540974,-0.841039,0
9492,14.2,0.101183,0.0269,15.0,0.074283,-0.544639,-0.838671,0
9493,14.2167,0.097317,0.0279,15.0,0.069417,-0.548293,-0.836286,0
9494,14.2333,0.099733,0.0285,15.0,0.071233,-0.551937,-0.833886,0
9495,14.25,0.098633,0.0244,15.0,0.074233,-0.55557,-0.83147,0
9496,14.2667,0.099983,0.0281,15.0,0.071883,-0.559193,-0.829038,0
9497,14.2833,0.100267,0.0295,15.0,0.070767,-0.562805,-0.82659,0
9498,14.3,0.103067,0.0255,15.0,0.077567,-0.566406,-0.824126,0
9499,14.3167,0.104833,0.0278,15.0,0.077033,-0.569997,-0.821647,0
9500,14.3333,0.0973,0.0264,15.0,0.0709,-0.573576,-0.819152,0
9501,14.35,0.099,0.0273,15.0,0.0717,-0.577145,-0.816642,0
9502,14.3667,0.0951,0.0235,15.0,0.0716,-0.580703,-0.814116,0
9503,14.3833,0.09875,0.0272,15.0,0.07155,-0.58425,-0.811574,0
9504,14.4,0.100517,0.0285,15.0,0.072017,-0.587785,-0.809017,0
9505,14.4167,0.09865,0.0243,15.0,0.07435,-0.59131,-0.806445,0
9506,14.4333,0.09605,0.0248,15.0,0.07125,-0.594823,-0.803857,0
9507,14.45,0.096083,0.0297,15.0,0.066383,-0.598325,-0.801254,0
9508,14.4667,0.09365,0.0223,15.0,0.07135,-0.601815,-0.798636,0
9509,14.4833,0.096033,0.027,15.0,0.069033,-0.605294,-0.796002,0
9510,14.5,0.092683,0.0235,15.0,0.069183,-0.608761,-0.793353,0
9511,14.5167,0.09535,0.0259,15.0,0.06945,-0.612217,-0.79069,0
9512,14.5333,0.095817,0.0286,15.0,0.067217,-0.615661,-0.788011,0
9513,14.55,0.095517,0.0289,15.0,0.066617,-0.619094,-0.785317,0
9514,14.5667,0.095683,0.0267,15.0,0.068983,-0.622515,-0.782608,0
9515,14.5833,0.092267,0.0289,15.0,0.063367,-0.625923,-0.779884,0
9516,14.6,0.092383,0.0256,15.0,0.066783,-0.62932,-0.777146,0
9517,14.6167,0.093383,0.0272,15.0,0.066183,-0.632705,-0.774393,0
9518,14.6333,0.092317,0.0272,15.0,0.065117,-0.636078,-0.771625,0
9519,14.65,0.09435,0.0247,15.0,0.06965,-0.639439,-0.768842,0
9520,14.6667,0.092983,0.0263,15.0,0.066683,-0.642788,-0.766044,0
9521,14.6833,0.094867,0.0323,15.0,0.062567,-0.646124,-0.763232,0
9522,14.7,0.093567,0.027,15.0,0.066567,-0.649448,-0.760406,0
9523,14.7167,0.092,0.0275,15.0,0.0645,-0.65276,-0.757565,0
9524,14.7333,0.0901,0.0277,15.0,0.0624,-0.656059,-0.75471,0
9525,14.75,0.095783,0.0268,15.0,0.068983,-0.659346,-0.75184,0
9526,14.7667,0.090217,0.0265,15.0,0.063717,-0.66262,-0.748956,0
9527,14.7833,0.086917,0.0283,15.0,0.058617,-0.665882,-0.746057,0
9528,14.8,0.0885,0.0266,15.0,0.0619,-0.669131,-0.743145,0
9529,14.8167,0.085667,0.0286,15.0,0.057067,-0.672367,-0.740218,0
9530,14.8333,0.0871,0.0292,15.0,0.0579,-0.67559,-0.737277,0
9531,14.85,0.089533,0.024,15.0,0.065533,-0.678801,-0.734323,0
9532,14.8667,0.090517,0.0238,15.0,0.066717,-0.681998,-0.731354,0
9533,14.8833,0.095883,0.0297,15.0,0.066183,-0.685183,-0.728371,0
9534,14.9,0.0888,0.0233,15.0,0.0655,-0.688355,-0.725374,0
9535,14.9167,0.084517,0.0247,15.0,0.059817,-0.691513,-0.722364,0
9536,14.9333,0.083933,0.0242,15.0,0.059733,-0.694658,-0.71934,0
9537,14.95,0.082967,0.0263,15.0,0.056667,-0.69779,-0.716302,0
9538,14.9667,0.087917,0.0249,15.0,0.063017,-0.700909,-0.71325,0
9539,14.9833,0.086883,0.0245,15.0,0.062383,-0.704015,-0.710185,0
9540,15.0,0.078567,0.025,15.0,0.053567,-0.707107,-0.707107,0
9541,15.0167,0.084833,0.0283,15.0,0.056533,-0.710185,-0.704015,0
9542,15.0333,0.085533,0.0268,15.0,0.058733,-0.71325,-0.700909,0
9543,15.05,0.0856,0.0263,15.0,0.0593,-0.716302,-0.69779,0
9544,15.0667,0.081533,0.026,15.0,0.055533,-0.71934,-0.694658,0
9545,15.0833,0.0843,0.0247,15.0,0.0596,-0.722364,-0.691513,0
9546,15.1,0.084,0.0257,15.0,0.0583,-0.725374,-0.688355,0
9547,15.1167,0.085117,0.0256,15.0,0.059517,-0.728371,-0.685183,0
9548,15.1333,0.080867,0.0314,15.0,0.049467,-0.731354,-0.681998,0
9549,15.15,0.08275,0.0284,15.0,0.05435,-0.734323,-0.678801,0
9550,15.1667,0.08245,0.0287,15.0,0.05375,-0.737277,-0.67559,0
9551,15.1833,0.07955,0.0243,15.0,0.05525,-0.740218,-0.672367,0
9552,15.2,0.07855,0.029,15.0,0.04955,-0.743145,-0.669131,0
9553,15.2167,0.082533,0.0285,15.0,0.054033,-0.746057,-0.665882,0
9554,15.2333,0.082267,0.0248,15.0,0.057467,-0.748956,-0.66262,0
9555,15.25,0.078517,0.0249,15.0,0.053617,-0.75184,-0.659346,0
9556,15.2667,0.076533,0.0242,15.0,0.052333,-0.75471,-0.656059,0
9557,15.2833,0.08015,0.0307,15.0,0.04945,-0.757565,-0.65276,0
9558,15.3,0.0777,0.0271,15.0,0.0506,-0.760406,-0.649448,0
9559,15.3167,0.078683,0.0253,15.0,0.053383,-0.763232,-0.646124,0
9560,15.3333,0.071067,0.0293,15.0,0.041767,-0.766044,-0.642788,0
9561,15.35,0.076383,0.0278,15.0,0.048583,-0.768842,-0.639439,0
9562,15.3667,0.074667,0.0256,15.0,0.049067,-0.771625,-0.636078,0
9563,15.3833,0.074083,0.0313,15.0,0.042783,-0.774393,-0.632705,0
9564,15.4,0.076383,0.0297,15.0,0.046683,-0.777146,-0.62932,0
9565,15.4167,0.070467,0.0249,15.0,0.045567,-0.779884,-0.625923,0
9566,15.4333,0.072933,0.0289,15.0,0.044033,-0.782608,-0.622515,0
9567,15.45,0.075933,0.0245,15.0,0.051433,-0.785317,-0.619094,0
9568,15.4667,0.0737,0.0247,15.0,0.049,-0.788011,-0.615661,0
9569,15.4833,0.0736,0.0258,15.0,0.0478,-0.79069,-0.612217,0
9570,15.5,0.0743,0.026,15.0,0.0483,-0.793353,-0.608761,0
9571,15.5167,0.0767,0.0267,15.0,0.05,-0.796002,-0.605294,0
9572,15.5333,0.071183,0.0304,15.0,0.040783,-0.798636,-0.601815,0
9573,15.55,0.069883,0.0289,15.0,0.040983,-0.801254,-0.598325,0
9574,15.5667,0.0705,0.0241,15.0,0.0464,-0.803857,-0.594823,0
9575,15.5833,0.0665,0.0254,15.0,0.0411,-0.806445,-0.59131,0
9576,15.6,0.0679,0.0265,15.0,0.0414,-0.809017,-0.587785,0
9577,15.6167,0.069233,0.0255,15.0,0.043733,-0.811574,-0.58425,0
9578,15.6333,0.072533,0.0287,15.0,0.043833,-0.814116,-0.580703,0
9579,15.65,0.0686,0.0223,15.0,0.0463,-0.816642,-0.577145,0
9580,15.6667,0.071183,0.0236,15.0,0.047583,-0.819152,-0.573576,0
9581,15.6833,0.06625,0.03,15.0,0.03625,-0.821647,-0.569997,0
9582,15.7,0.069033,0.0288,15.0,0.040233,-0.824126,-0.566406,0
9583,15.7167,0.068267,0.0259,15.0,0.042367,-0.82659,-0.562805,0
9584,15.7333,0.066333,0.0279,15.0,0.038433,-0.829038,-0.559193,0
9585,15.75,0.067017,0.0274,15.0,0.039617,-0.83147,-0.55557,0
9586,15.7667,0.063967,0.0267,15.0,0.037267,-0.833886,-0.551937,0
9587,15.7833,0.0631,0.024,15.0,0.0391,-0.836286,-0.548293,0
9588,15.8,0.069683,0.0254,15.0,0.044283,-0.838671,-0.544639,0
9589,15.8167,0.066117,0.0271,15.0,0.039017,-0.841039,-0.540974,0
9590,15.8333,0.062617,0.0252,15.0,0.037417,-0.843391,-0.5373,0
9591,15.85,0.059417,0.0257,15.0,0.033717,-0.845728,-0.533615,0
9592,15.8667,0.062317,0.0226,15.0,0.039717,-0.848048,-0.529919,0
9593,15.8833,0.06345,0.0263,15.0,0.03715,-0.850352,-0.526214,0
9594,15.9,0.060933,0.024,15.0,0.036933,-0.85264,-0.522499,0
9595,15.9167,0.058733,0.0231,15.0,0.035633,-0.854912,-0.518773,0
9596,15.9333,0.0628,0.0249,15.0,0.0379,-0.857167,-0.515038,0
9597,15.95,0.064217,0.03,15.0,0.034217,-0.859406,-0.511293,0
9598,15.9667,0.06025,0.0235,15.0,0.03675,-0.861629,-0.507538,0
9599,15.9833,0.063283,0.0245,15.0,0.038783,-0.863836,-0.503774,0
9600,16.0,0.060333,0.0278,15.0,0.032533,-0.866025,-0.5,0
9601,16.0167,0.056217,0.0241,15.0,0.032117,-0.868199,-0.496217,0
9602,16.0333,0.058967,0.0267,15.0,0.032267,-0.870356,-0.492424,0
9603,16.05,0.061067,0.026,15.0,0.035067,-0.872496,-0.488621,0
9604,16.0667,0.066833,0.0263,15.0,0.040533,-0.87462,-0.48481,0
9605,16.0833,0.061667,0.0254,15.0,0.036267,-0.876727,-0.480989,0
9606,16.1,0.054433,0.0249,15.0,0.029533,-0.878817,-0.477159,0
9607,16.1167,0.0564,0.0261,15.0,0.0303,-0.880891,-0.47332,0
9608,16.1333,0.055033,0.026,15.0,0.029033,-0.882948,-0.469472,0
9609,16.15,0.054133,0.0256,15.0,0.028533,-0.884988,-0.465615,0
9610,16.1667,0.055267,0.0265,15.0,0.028767,-0.887011,-0.461749,0
9611,16.1833,0.052233,0.0256,15.0,0.026633,-0.889017,-0.457874,0
9612,16.2,0.051067,0.0251,15.0,0.025967,-0.891007,-0.45399,0
9613,16.2167,0.054317,0.0216,15.0,0.032717,-0.892979,-0.450098,0
9614,16.2333,0.056667,0.025,15.0,0.031667,-0.894934,-0.446198,0
9615,16.25,0.052333,0.0285,15.0,0.023833,-0.896873,-0.442289,0
9616,16.2667,0.05045,0.029,15.0,0.02145,-0.898794,-0.438371,0
9617,16.2833,0.046017,0.0275,15.0,0.018517,-0.900698,-0.434445,0
9618,16.3,0.050367,0.0262,15.0,0.024167,-0.902585,-0.430511,0
9619,16.3167,0.053517,0.029,15.0,0.024517,-0.904455,-0.426569,0
9620,16.3333,0.048067,0.0261,15.0,0.021967,-0.906308,-0.422618,0
9621,16.35,0.0489,0.0275,15.0,0.0214,-0.908143,-0.41866,0
9622,16.3667,0.05115,0.0256,15.0,0.02555,-0.909961,-0.414693,0
9623,16.3833,0.047967,0.0268,15.0,0.021167,-0.911762,-0.410719,0
9624,16.4,0.046467,0.0278,15.0,0.018667,-0.913545,-0.406737,0
9625,16.4167,0.045717,0.0262,15.0,0.019517,-0.915311,-0.402747,0
9626,16.4333,0.044833,0.0259,15.0,0.018933,-0.91706,-0.398749,0
9627,16.45,0.050217,0.0249,15.0,0.025317,-0.918791,-0.394744,0
9628,16.4667,0.048083,0.0264,15.0,0.021683,-0.920505,-0.390731,0
9629,16.4833,0.0466,0.0276,15.0,0.019,-0.922201,-0.386711,0
9630,16.5,0.043283,0.0264,15.0,0.016883,-0.92388,-0.382683,0
9631,16.5167,0.047683,0.0263,15.0,0.021383,-0.925541,-0.378649,0
9632,16.5333,0.041483,0.0256,15.0,0.015883,-0.927184,-0.374607,0
9633,16.55,0.043683,0.0266,15.0,0.017083,-0.92881,-0.370557,0
9634,16.5667,0.046317,0.0276,15.0,0.018717,-0.930418,-0.366501,0
9635,16.5833,0.037717,0.0288,15.0,0.008917,-0.932008,-0.362438,0
9636,16.6,0.04255,0.0283,15.0,0.01425,-0.93358,-0.358368,0
9637,16.6167,0.0392,0.0273,15.0,0.0119,-0.935135,-0.354291,0
9638,16.6333,0.0414,0.0259,15.0,0.0155,-0.936672,-0.350207,0
9639,16.65,0.043483,0.0221,15.0,0.021383,-0.938191,-0.346117,0
9640,16.6667,0.040633,0.0293,15.0,0.011333,-0.939693,-0.34202,0
9641,16.6833,0.042733,0.0252,15.0,0.017533,-0.941176,-0.337917,0
9642,16.7,0.038617,0.0281,15.0,0.010517,-0.942641,-0.333807,0
9643,16.7167,0.0419,0.0283,15.0,0.0136,-0.944089,-0.329691,0
9644,16.7333,0.042317,0.0243,15.0,0.018017,-0.945519,-0.325568,0
9645,16.75,0.0463,0.0302,15.0,0.0161,-0.94693,-0.321439,0
9646,16.7667,0.03675,0.0242,15.0,0.01255,-0.948324,-0.317305,0
9647,16.7833,0.034467,0.0286,15.0,0.005867,-0.949699,-0.313164,0
9648,16.8,0.037717,0.0282,15.0,0.009517,-0.951057,-0.309017,0
9649,16.8167,0.0356,0.0228,15.0,0.0128,-0.952396,-0.304864,0
9650,16.8333,0.035967,0.0297,15.0,0.006267,-0.953717,-0.300706,0
9651,16.85,0.035817,0.0288,15.0,0.007017,-0.95502,-0.296542,0
9652,16.8667,0.03305,0.0242,15.0,0.00885,-0.956305,-0.292372,0
9653,16.8833,0.036,0.0249,15.0,0.0111,-0.957571,-0.288196,0
9654,16.9,0.035167,0.0252,15.0,0.009967,-0.95882,-0.284015,0
9655,16.9167,0.038167,0.0272,15.0,0.010967,-0.96005,-0.279829,0
9656,16.9333,0.034467,0.031,15.0,0.003467,-0.961262,-0.275637,0
9657,16.95,0.034917,0.0255,15.0,0.009417,-0.962455,-0.27144,0
9658,16.9667,0.030067,0.026,15.0,0.004067,-0.96363,-0.267238,0
9659,16.9833,0.028567,0.0262,15.0,0.002367,-0.964787,-0.263031,0
9660,17.0,0.036,0.0249,15.0,0.0111,-0.965926,-0.258819,0
9661,17.0167,0.030383,0.0239,15.0,0.006483,-0.967046,-0.254602,0
9662,17.0333,0.02675,0.025,15.0,0.00175,-0.968148,-0.25038,0
9663,17.05,0.029083,0.0252,15.0,0.003883,-0.969231,-0.246153,0
9664,17.0667,0.033483,0.0261,15.0,0.007383,-0.970296,-0.241922,0
9665,17.0833,0.0303,0.0278,15.0,0.0025,-0.971342,-0.237686,0
9666,17.1,0.027667,0.0288,14.9989,-0.001133,-0.97237,-0.233445,0
9667,17.1167,0.025117,0.0235,15.0,0.001617,-0.973379,-0.2292,0
9668,17.1333,0.025167,0.0305,14.9947,-0.005333,-0.97437,-0.224951,0
9669,17.15,0.022183,0.0299,14.987,-0.007717,-0.975342,-0.220697,0
9670,17.1667,0.0243,0.0283,14.983,-0.004,-0.976296,-0.21644,0
9671,17.1833,0.023367,0.0261,14.9803,-0.002733,-0.977231,-0.212178,0
9672,17.2,0.022433,0.0287,14.974,-0.006267,-0.978148,-0.207912,0
9673,17.2167,0.024633,0.0257,14.9729,-0.001067,-0.979045,-0.203642,0
9674,17.2333,0.020667,0.0291,14.9645,-0.008433,-0.979925,-0.199368,0
9675,17.25,0.024683,0.0269,14.9623,-0.002217,-0.980785,-0.19509,0
9676,17.2667,0.022483,0.0244,14.9604,-0.001917,-0.981627,-0.190809,0
9677,17.2833,0.022117,0.0256,14.9569,-0.003483,-0.98245,-0.186524,0
9678,17.3,0.023583,0.0264,14.9541,-0.002817,-0.983255,-0.182236,0
9679,17.3167,0.019,0.0278,14.9453,-0.0088,-0.984041,-0.177944,0
9680,17.3333,0.014133,0.0265,14.9329,-0.012367,-0.984808,-0.173648,0
9681,17.35,0.022,0.0261,14.9288,-0.0041,-0.985556,-0.16935,0
9682,17.3667,0.022933,0.028,14.9237,-0.005067,-0.986286,-0.165048,0
9683,17.3833,0.0209,0.0275,14.9171,-0.0066,-0.986996,-0.160743,0
9684,17.4,0.01785,0.0273,14.9076,-0.00945,-0.987688,-0.156434,0
9685,17.4167,0.021283,0.0245,14.9044,-0.003217,-0.988362,-0.152123,0
9686,17.4333,0.016483,0.0267,14.8942,-0.010217,-0.989016,-0.147809,0
9687,17.45,0.01535,0.0278,14.8818,-0.01245,-0.989651,-0.143493,0
9688,17.4667,0.011717,0.0278,14.8657,-0.016083,-0.990268,-0.139173,0
9689,17.4833,0.020533,0.022,14.8642,-0.001467,-0.990866,-0.134851,0
9690,17.5,0.01125,0.0253,14.8502,-0.01405,-0.991445,-0.130526,0
9691,17.5167,0.012167,0.0295,14.8329,-0.017333,-0.992005,-0.126199,0
9692,17.5333,0.015317,0.0217,14.8265,-0.006383,-0.992546,-0.121869,0
9693,17.55,0.011967,0.0266,14.8119,-0.014633,-0.993068,-0.117537,0
9694,17.5667,0.011333,0.0266,14.7966,-0.015267,-0.993572,-0.113203,0
9695,17.5833,0.015183,0.0256,14.7862,-0.010417,-0.994056,-0.108867,0
9696,17.6,0.013133,0.0269,14.7724,-0.013767,-0.994522,-0.104528,0
9697,17.6167,0.009333,0.0271,14.7546,-0.017767,-0.994969,-0.100188,0
9698,17.6333,0.007367,0.0288,14.7332,-0.021433,-0.995396,-0.095846,0
9699,17.65,0.006883,0.0269,14.7132,-0.020017,-0.995805,-0.091502,0
9700,17.6667,0.00815,0.0269,14.6945,-0.01875,-0.996195,-0.087156,0
9701,17.6833,0.012167,0.0307,14.676,-0.018533,-0.996566,-0.082808,0
9702,17.7,0.009717,0.0279,14.6578,-0.018183,-0.996917,-0.078459,0
9703,17.7167,0.005983,0.0247,14.6391,-0.018717,-0.99725,-0.074108,0
9704,17.7333,0.0063,0.0237,14.6217,-0.0174,-0.997564,-0.069756,0
9705,17.75,0.00905,0.0267,14.6041,-0.01765,-0.997859,-0.065403,0
9706,17.7667,0.005767,0.0229,14.587,-0.017133,-0.998135,-0.061049,0
9707,17.7833,0.003533,0.0244,14.5661,-0.020867,-0.998392,-0.056693,0
9708,17.8,0.007817,0.0277,14.5462,-0.019883,-0.99863,-0.052336,0
9709,17.8167,0.007283,0.0271,14.5264,-0.019817,-0.998848,-0.047978,0
9710,17.8333,0.005967,0.0292,14.5032,-0.023233,-0.999048,-0.043619,0
9711,17.85,0.010217,0.0279,14.4855,-0.017683,-0.999229,-0.03926,0
9712,17.8667,0.002733,0.0233,14.4649,-0.020567,-0.999391,-0.034899,0
9713,17.8833,0.002433,0.0282,14.4391,-0.025767,-0.999534,-0.030539,0
9714,17.9,0.001017,0.0249,14.4152,-0.023883,-0.999657,-0.026177,0
9715,17.9167,0.0017,0.0277,14.3892,-0.026,-0.999762,-0.021815,0
9716,17.9333,0.0021,0.0274,14.3639,-0.0253,-0.999848,-0.017452,0
9717,17.95,0.0,0.0289,14.335,-0.0289,-0.999914,-0.01309,0
9718,17.9667,0.00115,0.0243,14.3119,-0.02315,-0.999962,-0.008727,0
9719,17.9833,0.007767,0.0241,14.2956,-0.016333,-0.99999,-0.004363,0
9720,18.0,0.0,0.0579,14.2377,-0.0579,-1.0,-0.0,0
9721,18.0167,0.0,0.0608,14.1769,-0.0608,-0.99999,0.004363,0
9722,18.0333,0.0,0.0588,14.1181,-0.0588,-0.999962,0.008727,0
9723,18.05,0.0,0.06,14.0581,-0.06,-0.999914,0.01309,0
9724,18.0667,0.0,0.0583,13.9998,-0.0583,-0.999848,0.017452,0
9725,18.0833,0.0,0.0638,13.936,-0.0638,-0.999762,0.021815,0
9726,18.1,0.0,0.0633,13.8727,-0.0633,-0.999657,0.026177,0
9727,18.1167,0.0,0.059,13.8137,-0.059,-0.999534,0.030539,0
9728,18.1333,0.0,0.0574,13.7563,-0.0574,-0.999391,0.034899,0
9729,18.15,0.0,0.0582,13.6981,-0.0582,-0.999229,0.03926,0
9730,18.1667,0.0,0.0634,13.6347,-0.0634,-0.999048,0.043619,0
9731,18.1833,0.0,0.06,13.5747,-0.06,-0.998848,0.047978,0
9732,18.2,0.0,0.059,13.5157,-0.059,-0.99863,0.052336,0
9733,18.2167,0.0,0.0614,13.4543,-0.0614,-0.998392,0.056693,0
9734,18.2333,0.0,0.0595,13.3948,-0.0595,-0.998135,0.061049,0
9735,18.25,0.0,0.0599,13.3349,-0.0599,-0.997859,0.065403,0
9736,18.2667,0.0,0.0593,13.2756,-0.0593,-0.997564,0.069756,0
9737,18.2833,0.0,0.0561,13.2195,-0.0561,-0.99725,0.074108,0
9738,18.3,0.0,0.0621,13.1574,-0.0621,-0.996917,0.078459,0
9739,18.3167,0.0,0.0581,13.0993,-0.0581,-0.996566,0.082808,0
9740,18.3333,0.0,0.0589,13.0404,-0.0589,-0.996195,0.087156,0
9741,18.35,0.0,0.0568,12.9836,-0.0568,-0.995805,0.091502,0
9742,18.3667,0.0,0.059,12.9246,-0.059,-0.995396,0.095846,0
9743,18.3833,0.0,0.056,12.8686,-0.056,-0.994969,0.100188,0
9744,18.4,0.0,0.0622,12.8064,-0.0622,-0.994522,0.104528,0
9745,18.4167,0.0,0.0625,12.7439,-0.0625,-0.994056,0.108867,0
9746,18.4333,0.0,0.0621,12.6818,-0.0621,-0.993572,0.113203,0
9747,18.45,0.0,0.0594,12.6224,-0.0594,-0.993068,0.117537,0
9748,18.4667,0.0,0.0571,12.5653,-0.0571,-0.992546,0.121869,0
9749,18.4833,0.0,0.0585,12.5068,-0.0585,-0.992005,0.126199,0
9750,18.5,0.0,0.0613,12.4455,-0.0613,-0.991445,0.130526,0
9751,18.5167,0.0,0.0578,12.3877,-0.0578,-0.990866,0.134851,0
9752,18.5333,0.0,0.0587,12.329,-0.0587,-0.990268,0.139173,0
9753,18.55,0.0,0.0593,12.2697,-0.0593,-0.989651,0.143493,0
9754,18.5667,0.0,0.0585,12.2112,-0.0585,-0.989016,0.147809,0
9755,18.5833,0.0,0.0586,12.1526,-0.0586,-0.988362,0.152123,0
9756,18.6,0.0,0.0611,12.0915,-0.0611,-0.987688,0.156434,0
9757,18.6167,0.0,0.0593,12.0322,-0.0593,-0.986996,0.160743,0
9758,18.6333,0.0,0.0603,11.9719,-0.0603,-0.986286,0.165048,0
9759,18.65,0.0,0.0634,11.9085,-0.0634,-0.985556,0.16935,0
9760,18.6667,0.0,0.0575,11.851,-0.0575,-0.984808,0.173648,0
9761,18.6833,0.0,0.0591,11.7919,-0.0591,-0.984041,0.177944,0
9762,18.7,0.0,0.0605,11.7314,-0.0605,-0.983255,0.182236,0
9763,18.7167,0.0,0.0604,11.671,-0.0604,-0.98245,0.186524,0
9764,18.7333,0.0,0.0638,11.6072,-0.0638,-0.981627,0.190809,0
9765,18.75,0.0,0.0621,11.5451,-0.0621,-0.980785,0.19509,0
9766,18.7667,0.0,0.0605,11.4846,-0.0605,-0.979925,0.199368,0
9767,18.7833,0.0,0.0608,11.4238,-0.0608,-0.979045,0.203642,0
9768,18.8,0.0,0.0592,11.3646,-0.0592,-0.978148,0.207912,0
9769,18.8167,0.0,0.0606,11.304,-0.0606,-0.977231,0.212178,0
9770,18.8333,0.0,0.0645,11.2395,-0.0645,-0.976296,0.21644,0
9771,18.85,0.0,0.0612,11.1783,-0.0612,-0.975342,0.220697,0
9772,18.8667,0.0,0.0634,11.1149,-0.0634,-0.97437,0.224951,0
9773,18.8833,0.0,0.0588,11.0561,-0.0588,-0.973379,0.2292,0
9774,18.9,0.0,0.0632,10.9929,-0.0632,-0.97237,0.233445,0
9775,18.9167,0.0,0.058,10.9349,-0.058,-0.971342,0.237686,0
9776,18.9333,0.0,0.0629,10.872,-0.0629,-0.970296,0.241922,0
9777,18.95,0.0,0.0609,10.8111,-0.0609,-0.969231,0.246153,0
9778,18.9667,0.0,0.0601,10.751,-0.0601,-0.968148,0.25038,0
9779,18.9833,0.0,0.0604,10.6906,-0.0604,-0.967046,0.254602,0
9780,19.0,0.0,0.0592,10.6314,-0.0592,-0.965926,0.258819,0
9781,19.0167,0.0,0.0613,10.5701,-0.0613,-0.964787,0.263031,0
9782,19.0333,0.0,0.0632,10.5069,-0.0632,-0.96363,0.267238,0
9783,19.05,0.0,0.0599,10.447,-0.0599,-0.962455,0.27144,0
9784,19.0667,0.0,0.0632,10.3838,-0.0632,-0.961262,0.275637,0
9785,19.0833,0.0,0.0591,10.3247,-0.0591,-0.96005,0.279829,0
9786,19.1,0.0,0.064,10.2607,-0.064,-0.95882,0.284015,0
9787,19.1167,0.0,0.062,10.1987,-0.062,-0.957571,0.288196,0
9788,19.1333,0.0,0.0587,10.14,-0.0587,-0.956305,0.292372,0
9789,19.15,0.0,0.0627,10.0773,-0.0627,-0.95502,0.296542,0
9790,19.1667,0.0,0.0573,10.02,-0.0573,-0.953717,0.300706,0
9791,19.1833,0.0,0.0599,9.9601,-0.0599,-0.952396,0.304864,0
9792,19.2,0.0,0.0599,9.9002,-0.0599,-0.951057,0.309017,0
9793,19.2167,0.0,0.0612,9.839,-0.0612,-0.949699,0.313164,0
9794,19.2333,0.0,0.0589,9.7801,-0.0589,-0.948324,0.317305,0
9795,19.25,0.0,0.0562,9.7239,-0.0562,-0.94693,0.321439,0
9796,19.2667,0.0,0.0576,9.6663,-0.0576,-0.945519,0.325568,0
9797,19.2833,0.0,0.0595,9.6068,-0.0595,-0.944089,0.329691,0
9798,19.3,0.0,0.0592,9.5476,-0.0592,-0.942641,0.333807,0
9799,19.3167,0.0,0.0613,9.4863,-0.0613,-0.941176,0.337917,0
9800,19.3333,0.0,0.0603,9.426,-0.0603,-0.939693,0.34202,0
9801,19.35,0.0,0.0609,9.3651,-0.0609,-0.938191,0.346117,0
9802,19.3667,0.0,0.0607,9.3044,-0.0607,-0.936672,0.350207,0
9803,19.3833,0.0,0.0588,9.2456,-0.0588,-0.935135,0.354291,0
9804,19.4,0.0,0.063,9.1826,-0.063,-0.93358,0.358368,0
9805,19.4167,0.0,0.0625,9.1201,-0.0625,-0.932008,0.362438,0
9806,19.4333,0.0,0.0577,9.0624,-0.0577,-0.930418,0.366501,0
9807,19.45,0.0,0.0615,9.0009,-0.0615,-0.92881,0.370557,0
9808,19.4667,0.0,0.0594,8.9415,-0.0594,-0.927184,0.374607,0
9809,19.4833,0.0,0.0592,8.8823,-0.0592,-0.925541,0.378649,0
9810,19.5,0.0,0.0615,8.8208,-0.0615,-0.92388,0.382683,0
9811,19.5167,0.0,0.0603,8.7605,-0.0603,-0.922201,0.386711,0
9812,19.5333,0.0,0.0594,8.7011,-0.0594,-0.920505,0.390731,0
9813,19.55,0.0,0.0579,8.6432,-0.0579,-0.918791,0.394744,0
9814,19.5667,0.0,0.0578,8.5854,-0.0578,-0.91706,0.398749,0
9815,19.5833,0.0,0.0622,8.5232,-0.0622,-0.915311,0.402747,0
9816,19.6,0.0,0.0616,8.4616,-0.0616,-0.913545,0.406737,0
9817,19.6167,0.0,0.0622,8.3994,-0.0622,-0.911762,0.410719,0
9818,19.6333,0.0,0.0626,8.3368,-0.0626,-0.909961,0.414693,0
9819,19.65,0.0,0.0617,8.2751,-0.0617,-0.908143,0.41866,0
9820,19.6667,0.0,0.0598,8.2153,-0.0598,-0.906308,0.422618,0
9821,19.6833,0.0,0.0611,8.1542,-0.0611,-0.904455,0.426569,0
9822,19.7,0.0,0.0611,8.0931,-0.0611,-0.902585,0.430511,0
9823,19.7167,0.0,0.0623,8.0308,-0.0623,-0.900698,0.434445,0
9824,19.7333,0.0,0.0579,7.9729,-0.0579,-0.898794,0.438371,0
9825,19.75,0.0,0.0601,7.9128,-0.0601,-0.896873,0.442289,0
9826,19.7667,0.0,0.06,7.8528,-0.06,-0.894934,0.446198,0
9827,19.7833,0.0,0.0592,7.7936,-0.0592,-0.892979,0.450098,0
9828,19.8,0.0,0.0602,7.7334,-0.0602,-0.891007,0.45399,0
9829,19.8167,0.0,0.0618,7.6716,-0.0618,-0.889017,0.457874,0
9830,19.8333,0.0,0.0607,7.6109,-0.0607,-0.887011,0.461749,0
9831,19.85,0.0,0.0596,7.5513,-0.0596,-0.884988,0.465615,0
9832,19.8667,0.0,0.0633,7.488,-0.0633,-0.882948,0.469472,0
9833,19.8833,0.0,0.062,7.426,-0.062,-0.880891,0.47332,0
9834,19.9,0.0,0.0626,7.3634,-0.0626,-0.878817,0.477159,0
9835,19.9167,0.0,0.0603,7.3031,-0.0603,-0.876727,0.480989,0
9836,19.9333,0.0,0.0616,7.2415,-0.0616,-0.87462,0.48481,0
9837,19.95,0.0,0.0573,7.1842,-0.0573,-0.872496,0.488621,0
9838,19.9667,0.0,0.0565,7.1277,-0.0565,-0.870356,0.492424,0
9839,19.9833,0.0,0.0579,7.0698,-0.0579,-0.868199,0.496217,0
9840,20.0,0.0,0.0632,7.0066,-0.0632,-0.866025,0.5,0
9841,20.0167,0.0,0.0629,6.9437,-0.0629,-0.863836,0.503774,0
9842,20.0333,0.0,0.0587,6.885,-0.0587,-0.861629,0.507538,0
9843,20.05,0.0,0.0609,6.8241,-0.0609,-0.859406,0.511293,0
9844,20.0667,0.0,0.0577,6.7664,-0.0577,-0.857167,0.515038,0
9845,20.0833,0.0,0.0604,6.706,-0.0604,-0.854912,0.518773,0
9846,20.1,0.0,0.1073,6.5987,-0.1073,-0.85264,0.522499,0
9847,20.1167,0.0,0.1132,6.4855,-0.1132,-0.850352,0.526214,0
9848,20.1333,0.0,0.1081,6.3774,-0.1081,-0.848048,0.529919,0
9849,20.15,0.0,0.1095,6.2679,-0.1095,-0.845728,0.533615,0
9850,20.1667,0.0,0.1131,6.1548,-0.1131,-0.843391,0.5373,0
9851,20.1833,0.0,0.1081,6.0467,-0.1081,-0.841039,0.540974,0
9852,20.2,0.0,0.1115,5.9352,-0.1115,-0.838671,0.544639,0
9853,20.2167,0.0,0.1043,5.8309,-0.1043,-0.836286,0.548293,0
9854,20.2333,0.0,0.1055,5.7254,-0.1055,-0.833886,0.551937,0
9855,20.25,0.0,0.106,5.6194,-0.106,-0.83147,0.55557,0
9856,20.2667,0.0,0.1092,5.5102,-0.1092,-0.829038,0.559193,0
9857,20.2833,0.0,0.1068,5.4034,-0.1068,-0.82659,0.562805,0
9858,20.3,0.0,0.1067,5.2967,-0.1067,-0.824126,0.566406,0
9859,20.3167,0.0,0.109,5.1877,-0.109,-0.821647,0.569997,0
9860,20.3333,0.0,0.1079,5.0798,-0.1079,-0.819152,0.573576,0
9861,20.35,0.0,0.1078,4.972,-0.1078,-0.816642,0.577145,0
9862,20.3667,0.0,0.1084,4.8636,-0.1084,-0.814116,0.580703,0
9863,20.3833,0.0,0.1138,4.7498,-0.1138,-0.811574,0.58425,0
9864,20.4,0.0,0.1106,4.6392,-0.1106,-0.809017,0.587785,0
9865,20.4167,0.0,0.1111,4.5281,-0.1111,-0.806445,0.59131,0
9866,20.4333,0.0,0.111,4.4171,-0.111,-0.803857,0.594823,0
9867,20.45,0.0,0.1111,4.306,-0.1111,-0.801254,0.598325,0
9868,20.4667,0.0,0.1098,4.1962,-0.1098,-0.798636,0.601815,0
9869,20.4833,0.0,0.1097,4.0865,-0.1097,-0.796002,0.605294,0
9870,20.5,0.0,0.1077,3.9788,-0.1077,-0.793353,0.608761,0
9871,20.5167,0.0,0.1067,3.8721,-0.1067,-0.79069,0.612217,0
9872,20.5333,0.0,0.1041,3.768,-0.1041,-0.788011,0.615661,0
9873,20.55,0.0,0.1119,3.6561,-0.1119,-0.785317,0.619094,0
9874,20.5667,0.0,0.1108,3.5453,-0.1108,-0.782608,0.622515,0
9875,20.5833,0.0,0.1065,3.4388,-0.1065,-0.779884,0.625923,0
9876,20.6,0.0,0.1103,3.3285,-0.1103,-0.777146,0.62932,0
9877,20.6167,0.0,0.109,3.2195,-0.109,-0.774393,0.632705,0
9878,20.6333,0.0,0.1142,3.1053,-0.1142,-0.771625,0.636078,0
9879,20.65,0.0,0.1073,2.998,-0.1073,-0.768842,0.639439,0
9880,20.6667,0.0,0.1081,2.8899,-0.1081,-0.766044,0.642788,0
9881,20.6833,0.0,0.1117,2.7782,-0.1117,-0.763232,0.646124,0
9882,20.7,0.0,0.1116,2.6666,-0.1116,-0.760406,0.649448,0
9883,20.7167,0.0,0.1101,2.5565,-0.1101,-0.757565,0.65276,0
9884,20.7333,0.0,0.107,2.4495,-0.107,-0.75471,0.656059,0
9885,20.75,0.0,0.1072,2.3423,-0.1072,-0.75184,0.659346,0
9886,20.7667,0.0,0.1061,2.2362,-0.1061,-0.748956,0.66262,0
9887,20.7833,0.0,0.1075,2.1287,-0.1075,-0.746057,0.665882,0
9888,20.8,0.0,0.1075,2.0212,-0.1075,-0.743145,0.669131,0
9889,20.8167,0.0,0.1091,1.9121,-0.1091,-0.740218,0.672367,0
9890,20.8333,0.0,0.1095,1.8026,-0.1095,-0.737277,0.67559,0
9891,20.85,0.0,0.1096,1.693,-0.1096,-0.734323,0.678801,0
9892,20.8667,0.0,0.1112,1.5818,-0.1112,-0.731354,0.681998,0
9893,20.8833,0.0,0.1085,1.4733,-0.1085,-0.728371,0.685183,0
9894,20.9,0.0,0.1071,1.3662,-0.1071,-0.725374,0.688355,0
9895,20.9167,0.0,0.1117,1.2545,-0.1117,-0.722364,0.691513,0
9896,20.9333,0.0,0.1069,1.1476,-0.1069,-0.71934,0.694658,0
9897,20.95,0.0,0.1089,1.0387,-0.1089,-0.716302,0.69779,0
9898,20.9667,0.0,0.1075,0.9312,-0.1075,-0.71325,0.700909,0
9899,20.9833,0.0,0.1083,0.8229,-0.1083,-0.710185,0.704015,0
9900,21.0,0.0,0.1065,0.7164,-0.1065,-0.707107,0.707107,0
9901,21.0167,0.0,0.1091,0.6073,-0.1091,-0.704015,0.710185,0
9902,21.0333,0.0,0.1112,0.4961,-0.1112,-0.700909,0.71325,0
9903,21.05,0.0,0.1102,0.3859,-0.1102,-0.69779,0.716302,0
9904,21.0667,0.0,0.1096,0.2763,-0.1096,-0.694658,0.71934,0
9905,21.0833,0.0,0.1047,0.1716,-0.1047,-0.691513,0.722364,0
9906,21.1,0.0,0.1081,0.0635,-0.1081,-0.688355,0.725374,0
9907,21.1167,0.0,0.1064,0.0,-0.1064,-0.685183,0.728371,1
9908,21.1333,0.0,0.1087,0.0,-0.1087,-0.681998,0.731354,1
9909,21.15,0.0,0.1125,0.0,-0.1125,-0.678801,0.734323,1
9910,21.1667,0.0,0.1058,0.0,-0.1058,-0.67559,0.737277,1
9911,21.1833,0.0,0.1092,0.0,-0.1092,-0.672367,0.740218,1
9912,21.2,0.0,0.1086,0.0,-0.1086,-0.669131,0.743145,1
9913,21.2167,0.0,0.1076,0.0,-0.1076,-0.665882,0.746057,1
9914,21.2333,0.0,0.1051,0.0,-0.1051,-0.66262,0.748956,1
9915,21.25,0.0,0.1053,0.0,-0.1053,-0.659346,0.75184,1
9916,21.2667,0.0,0.1087,0.0,-0.1087,-0.656059,0.75471,1
9917,21.2833,0.0,0.1113,0.0,-0.1113,-0.65276,0.757565,1
9918,21.3,0.0,0.1097,0.0,-0.1097,-0.649448,0.760406,1
9919,21.3167,0.0,0.1068,0.0,-0.1068,-0.646124,0.763232,1
9920,21.3333,0.0,0.106,0.0,-0.106,-0.642788,0.766044,1
9921,21.35,0.0,0.1115,0.0,-0.1115,-0.639439,0.768842,1
9922,21.3667,0.0,0.1083,0.0,-0.1083,-0.636078,0.771625,1
9923,21.3833,0.0,0.1074,0.0,-0.1074,-0.632705,0.774393,1
9924,21.4,0.0,0.1113,0.0,-0.1113,-0.62932,0.777146,1
9925,21.4167,0.0,0.1071,0.0,-0.1071,-0.625923,0.779884,1
9926,21.4333,0.0,0.1113,0.0,-0.1113,-0.622515,0.782608,1
9927,21.45,0.0,0.1062,0.0,-0.1062,-0.619094,0.785317,1
9928,21.4667,0.0,0.1089,0.0,-0.1089,-0.615661,0.788011,1
9929,21.4833,0.0,0.1092,0.0,-0.1092,-0.612217,0.79069,1
9930,21.5,0.0,0.0612,0.0,-0.0612,-0.608761,0.793353,1
9931,21.5167,0.0,0.059,0.0,-0.059,-0.605294,0.796002,1
9932,21.5333,0.0,0.0591,0.0,-0.0591,-0.601815,0.798636,1
9933,21.55,0.0,0.0623,0.0,-0.0623,-0.598325,0.801254,1
9934,21.5667,0.0,0.059,0.0,-0.059,-0.594823,0.803857,1
9935,21.5833,0.0,0.0616,0.0,-0.0616,-0.59131,0.806445,1
9936,21.6,0.0,0.0567,0.0,-0.0567,-0.587785,0.809017,1
9937,21.6167,0.0,0.0586,0.0,-0.0586,-0.58425,0.811574,1
9938,21.6333,0.0,0.0633,0.0,-0.0633,-0.580703,0.814116,1
9939,21.65,0.0,0.0637,0.0,-0.0637,-0.577145,0.816642,1
9940,21.6667,0.0,0.0618,0.0,-0.0618,-0.573576,0.819152,1
9941,21.6833,0.0,0.06,0.0,-0.06,-0.569997,0.821647,1
9942,21.7,0.0,0.0576,0.0,-0.0576,-0.566406,0.824126,1
9943,21.7167,0.0,0.062,0.0,-0.062,-0.562805,0.82659,1
9944,21.7333,0.0,0.055,0.0,-0.055,-0.559193,0.829038,1
9945,21.75,0.0,0.0619,0.0,-0.0619,-0.55557,0.83147,1
9946,21.7667,0.0,0.0577,0.0,-0.0577,-0.551937,0.833886,1
9947,21.7833,0.0,0.06,0.0,-0.06,-0.548293,0.836286,1
9948,21.8,0.0,0.0602,0.0,-0.0602,-0.544639,0.838671,1
9949,21.8167,0.0,0.0589,0.0,-0.0589,-0.540974,0.841039,1
9950,21.8333,0.0,0.0619,0.0,-0.0619,-0.5373,0.843391,1
9951,21.85,0.0,0.0577,0.0,-0.0577,-0.533615,0.845728,1
9952,21.8667,0.0,0.0616,0.0,-0.0616,-0.529919,0.848048,1
9953,21.8833,0.0,0.0623,0.0,-0.0623,-0.526214,0.850352,1
9954,21.9,0.0,0.0614,0.0,-0.0614,-0.522499,0.85264,1
9955,21.9167,0.0,0.0589,0.0,-0.0589,-0.518773,0.854912,1
9956,21.9333,0.0,0.0602,0.0,-0.0602,-0.515038,0.857167,1
9957,21.95,0.0,0.0608,0.0,-0.0608,-0.511293,0.859406,1
9958,21.9667,0.0,0.0593,0.0,-0.0593,-0.507538,0.861629,1
9959,21.9833,0.0,0.0588,0.0,-0.0588,-0.503774,0.863836,1
9960,22.0,0.0,0.0149,0.0,-0.0149,-0.5,0.866025,1
9961,22.0167,0.0,0.0157,0.0,-0.0157,-0.496217,0.868199,1
9962,22.0333,0.0,0.0194,0.0,-0.0194,-0.492424,0.870356,1
9963,22.05,0.0,0.0149,0.0,-0.0149,-0.488621,0.872496,1
9964,22.0667,0.0,0.0145,0.0,-0.0145,-0.48481,0.87462,1
9965,22.0833,0.0,0.0124,0.0,-0.0124,-0.480989,0.876727,1
9966,22.1,0.0,0.0164,0.0,-0.0164,-0.477159,0.878817,1
9967,22.1167,0.0,0.0126,0.0,-0.0126,-0.47332,0.880891,1
9968,22.1333,0.0,0.0131,0.0,-0.0131,-0.469472,0.882948,1
9969,22.15,0.0,0.0105,0.0,-0.0105,-0.465615,0.884988,1
9970,22.1667,0.0,0.0169,0.0,-0.0169,-0.461749,0.887011,1
9971,22.1833,0.0,0.0165,0.0,-0.0165,-0.457874,0.889017,1
9972,22.2,0.0,0.0158,0.0,-0.0158,-0.45399,0.891007,1
9973,22.2167,0.0,0.0113,0.0,-0.0113,-0.450098,0.892979,1
9974,22.2333,0.0,0.0184,0.0,-0.0184,-0.446198,0.894934,1
9975,22.25,0.0,0.0148,0.0,-0.0148,-0.442289,0.896873,1
9976,22.2667,0.0,0.0137,0.0,-0.0137,-0.438371,0.898794,1
9977,22.2833,0.0,0.0142,0.0,-0.0142,-0.434445,0.900698,1
9978,22.3,0.0,0.0141,0.0,-0.0141,-0.430511,0.902585,1
9979,22.3167,0.0,0.0141,0.0,-0.0141,-0.426569,0.904455,1
9980,22.3333,0.0,0.0144,0.0,-0.0144,-0.422618,0.906308,1
9981,22.35,0.0,0.0152,0.0,-0.0152,-0.41866,0.908143,1
9982,22.3667,0.0,0.0149,0.0,-0.0149,-0.414693,0.909961,1
9983,22.3833,0.0,0.015,0.0,-0.015,-0.410719,0.911762,1
9984,22.4,0.0,0.0134,0.0,-0.0134,-0.406737,0.913545,1
9985,22.4167,0.0,0.0147,0.0,-0.0147,-0.402747,0.915311,1
9986,22.4333,0.0,0.0122,0.0,-0.0122,-0.398749,0.91706,1
9987,22.45,0.0,0.012,0.0,-0.012,-0.394744,0.918791,1
9988,22.4667,0.0,0.0158,0.0,-0.0158,-0.390731,0.920505,1
9989,22.4833,0.0,0.0136,0.0,-0.0136,-0.386711,0.922201,1
9990,22.5,0.0,0.014,0.0,-0.014,-0.382683,0.92388,1
9991,22.5167,0.0,0.0136,0.0,-0.0136,-0.378649,0.925541,1
9992,22.5333,0.0,0.0146,0.0,-0.0146,-0.374607,0.927184,1
9993,22.55,0.0,0.0135,0.0,-0.0135,-0.370557,0.92881,1
9994,22.5667,0.0,0.0149,0.0,-0.0149,-0.366501,0.930418,1
9995,22.5833,0.0,0.0128,0.0,-0.0128,-0.362438,0.932008,1
9996,22.6,0.0,0.017,0.0,-0.017,-0.358368,0.93358,1
9997,22.6167,0.0,0.0173,0.0,-0.0173,-0.354291,0.935135,1
9998,22.6333,0.0,0.0144,0.0,-0.0144,-0.350207,0.936672,1
9999,22.65,0.0,0.0137,0.0,-0.0137,-0.346117,0.938191,1
10000,22.6667,0.0,0.0145,0.0,-0.0145,-0.34202,0.939693,1
10001,22.6833,0.0,0.0149,0.0,-0.0149,-0.337917,0.941176,1
10002,22.7,0.0,0.0159,0.0,-0.0159,-0.333807,0.942641,1
10003,22.7167,0.0,0.0156,0.0,-0.0156,-0.329691,0.944089,1
10004,22.7333,0.0,0.0154,0.0,-0.0154,-0.325568,0.945519,1
10005,22.75,0.0,0.0166,0.0,-0.0166,-0.321439,0.94693,1
10006,22.7667,0.0,0.0153,0.0,-0.0153,-0.317305,0.948324,1
10007,22.7833,0.0,0.0134,0.0,-0.0134,-0.313164,0.949699,1
10008,22.8,0.0,0.0141,0.0,-0.0141,-0.309017,0.951057,1
10009,22.8167,0.0,0.0161,0.0,-0.0161,-0.304864,0.952396,1
10010,22.8333,0.0,0.0148,0.0,-0.0148,-0.300706,0.953717,1
10011,22.85,0.0,0.0107,0.0,-0.0107,-0.296542,0.95502,1
10012,22.8667,0.0,0.0129,0.0,-0.0129,-0.292372,0.956305,1
10013,22.8833,0.0,0.0125,0.0,-0.0125,-0.288196,0.957571,1
10014,22.9,0.0,0.0169,0.0,-0.0169,-0.284015,0.95882,1
10015,22.9167,0.0,0.0156,0.0,-0.0156,-0.279829,0.96005,1
10016,22.9333,0.0,0.0139,0.0,-0.0139,-0.275637,0.961262,1
10017,22.95,0.0,0.017,0.0,-0.017,-0.27144,0.962455,1
10018,22.9667,0.0,0.0101,0.0,-0.0101,-0.267238,0.96363,1
10019,22.9833,0.0,0.012,0.0,-0.012,-0.263031,0.964787,1
10020,23.0,0.0,0.0184,0.0,-0.0184,-0.258819,0.965926,1
10021,23.0167,0.0,0.0138,0.0,-0.0138,-0.254602,0.967046,1
10022,23.0333,0.0,0.0125,0.0,-0.0125,-0.25038,0.968148,1
10023,23.05,0.0,0.0155,0.0,-0.0155,-0.246153,0.969231,1
10024,23.0667,0.0,0.0136,0.0,-0.0136,-0.241922,0.970296,1
10025,23.0833,0.0,0.0139,0.0,-0.0139,-0.237686,0.971342,1
10026,23.1,0.0,0.0148,0.0,-0.0148,-0.233445,0.97237,1
10027,23.1167,0.0,0.0157,0.0,-0.0157,-0.2292,0.973379,1
10028,23.1333,0.0,0.0143,0.0,-0.0143,-0.224951,0.97437,1
10029,23.15,0.0,0.0135,0.0,-0.0135,-0.220697,0.975342,1
10030,23.1667,0.0,0.0158,0.0,-0.0158,-0.21644,0.976296,1
10031,23.1833,0.0,0.0191,0.0,-0.0191,-0.212178,0.977231,1
10032,23.2,0.0,0.015,0.0,-0.015,-0.207912,0.978148,1
10033,23.2167,0.0,0.0143,0.0,-0.0143,-0.203642,0.979045,1
10034,23.2333,0.0,0.0146,0.0,-0.0146,-0.199368,0.979925,1
10035,23.25,0.0,0.0112,0.0,-0.0112,-0.19509,0.980785,1
10036,23.2667,0.0,0.0139,0.0,-0.0139,-0.190809,0.981627,1
10037,23.2833,0.0,0.0136,0.0,-0.0136,-0.186524,0.98245,1
10038,23.3,0.0,0.0163,0.0,-0.0163,-0.182236,0.983255,1
10039,23.3167,0.0,0.0163,0.0,-0.0163,-0.177944,0.984041,1
10040,23.3333,0.0,0.0131,0.0,-0.0131,-0.173648,0.984808,1
10041,23.35,0.0,0.0152,0.0,-0.0152,-0.16935,0.985556,1
10042,23.3667,0.0,0.017,0.0,-0.017,-0.165048,0.986286,1
10043,23.3833,0.0,0.0124,0.0,-0.0124,-0.160743,0.986996,1
10044,23.4,0.0,0.0155,0.0,-0.0155,-0.156434,0.987688,1
10045,23.4167,0.0,0.0182,0.0,-0.0182,-0.152123,0.988362,1
10046,23.4333,0.0,0.0153,0.0,-0.0153,-0.147809,0.989016,1
10047,23.45,0.0,0.0148,0.0,-0.0148,-0.143493,0.989651,1
10048,23.4667,0.0,0.0146,0.0,-0.0146,-0.139173,0.990268,1
10049,23.4833,0.0,0.0127,0.0,-0.0127,-0.134851,0.990866,1
10050,23.5,0.0,0.0131,0.0,-0.0131,-0.130526,0.991445,1
10051,23.5167,0.0,0.017,0.0,-0.017,-0.126199,0.992005,1
10052,23.5333,0.0,0.0144,0.0,-0.0144,-0.121869,0.992546,1
10053,23.55,0.0,0.0173,0.0,-0.0173,-0.117537,0.993068,1
10054,23.5667,0.0,0.0133,0.0,-0.0133,-0.113203,0.993572,1
10055,23.5833,0.0,0.0149,0.0,-0.0149,-0.108867,0.994056,1
10056,23.6,0.0,0.0164,0.0,-0.0164,-0.104528,0.994522,1
10057,23.6167,0.0,0.0108,0.0,-0.0108,-0.100188,0.994969,1
10058,23.6333,0.0,0.013,0.0,-0.013,-0.095846,0.995396,1
10059,23.65,0.0,0.0127,0.0,-0.0127,-0.091502,0.995805,1
10060,23.6667,0.0,0.0152,0.0,-0.0152,-0.087156,0.996195,1
10061,23.6833,0.0,0.014,0.0,-0.014,-0.082808,0.996566,1
10062,23.7,0.0,0.0135,0.0,-0.0135,-0.078459,0.996917,1
10063,23.7167,0.0,0.0134,0.0,-0.0134,-0.074108,0.99725,1
10064,23.7333,0.0,0.014,0.0,-0.014,-0.069756,0.997564,1
10065,23.75,0.0,0.0135,0.0,-0.0135,-0.065403,0.997859,1
10066,23.7667,0.0,0.0163,0.0,-0.0163,-0.061049,0.998135,1
10067,23.7833,0.0,0.0141,0.0,-0.0141,-0.056693,0.998392,1
10068,23.8,0.0,0.0151,0.0,-0.0151,-0.052336,0.99863,1
10069,23.8167,0.0,0.0128,0.0,-0.0128,-0.047978,0.998848,1
10070,23.8333,0.0,0.0156,0.0,-0.0156,-0.043619,0.999048,1
10071,23.85,0.0,0.0146,0.0,-0.0146,-0.03926,0.999229,1
10072,23.8667,0.0,0.0139,0.0,-0.0139,-0.034899,0.999391,1
10073,23.8833,0.0,0.0142,0.0,-0.0142,-0.030539,0.999534,1
10074,23.9,0.0,0.0147,0.0,-0.0147,-0.026177,0.999657,1
10075,23.9167,0.0,0.0141,0.0,-0.0141,-0.021815,0.999762,1
10076,23.9333,0.0,0.013,0.0,-0.013,-0.017452,0.999848,1
10077,23.95,0.0,0.0134,0.0,-0.0134,-0.01309,0.999914,1
10078,23.9667,0.0,0.0141,0.0,-0.0141,-0.008727,0.999962,1
10079,23.9833,0.0,0.0144,0.0,-0.0144,-0.004363,0.99999,1
10080,0.0,0.0,0.0123,0.0,-0.0123,0.0,1.0,1
10081,0.0167,0.0,0.0126,0.0,-0.0126,0.004363,0.99999,1
10082,0.0333,0.0,0.017,0.0,-0.017,0.008727,0.999962,1
10083,0.05,0.0,0.0201,0.0,-0.0201,0.01309,0.999914,1
10084,0.0667,0.0,0.014,0.0,-0.014,0.017452,0.999848,1
10085,0.0833,0.0,0.0108,0.0,-0.0108,0.021815,0.999762,1
10086,0.1,0.0,0.0147,0.0,-0.0147,0.026177,0.999657,1
10087,0.1167,0.0,0.0155,0.0,-0.0155,0.030539,0.999534,1
10088,0.1333,0.0,0.0159,0.0,-0.0159,0.034899,0.999391,1
10089,0.15,0.0,0.0151,0.0,-0.0151,0.03926,0.999229,1
10090,0.1667,0.0,0.0124,0.0,-0.0124,0.043619,0.999048,1
10091,0.1833,0.0,0.0167,0.0,-0.0167,0.047978,0.998848,1
10092,0.2,0.0,0.0126,0.0,-0.0126,0.052336,0.99863,1
10093,0.2167,0.0,0.014,0.0,-0.014,0.056693,0.998392,1
10094,0.2333,0.0,0.0145,0.0,-0.0145,0.061049,0.998135,1
10095,0.25,0.0,0.0125,0.0,-0.0125,0.065403,0.997859,1
10096,0.2667,0.0,0.0143,0.0,-0.0143,0.069756,0.997564,1
10097,0.2833,0.0,0.012,0.0,-0.012,0.074108,0.99725,1
10098,0.3,0.0,0.0169,0.0,-0.0169,0.078459,0.996917,1
10099,0.3167,0.0,0.0155,0.0,-0.0155,0.082808,0.996566,1
10100,0.3333,0.0,0.016,0.0,-0.016,0.087156,0.996195,1
10101,0.35,0.0,0.0165,0.0,-0.0165,0.091502,0.995805,1
10102,0.3667,0.0,0.014,0.0,-0.014,0.095846,0.995396,1
10103,0.3833,0.0,0.0156,0.0,-0.0156,0.100188,0.994969,1
10104,0.4,0.0,0.0146,0.0,-0.0146,0.104528,0.994522,1
10105,0.4167,0.0,0.0143,0.0,-0.0143,0.108867,0.994056,1
10106,0.4333,0.0,0.0138,0.0,-0.0138,0.113203,0.993572,1
10107,0.45,0.0,0.0157,0.0,-0.0157,0.117537,0.993068,1
10108,0.4667,0.0,0.0142,0.0,-0.0142,0.121869,0.992546,1
10109,0.4833,0.0,0.0125,0.0,-0.0125,0.126199,0.992005,1
10110,0.5,0.0,0.0154,0.0,-0.0154,0.130526,0.991445,1
10111,0.5167,0.0,0.0129,0.0,-0.0129,0.134851,0.990866,1
10112,0.5333,0.0,0.0135,0.0,-0.0135,0.139173,0.990268,1
10113,0.55,0.0,0.0149,0.0,-0.0149,0.143493,0.989651,1
10114,0.5667,0.0,0.0144,0.0,-0.0144,0.147809,0.989016,1
10115,0.5833,0.0,0.0143,0.0,-0.0143,0.152123,0.988362,1
10116,0.6,0.0,0.0132,0.0,-0.0132,0.156434,0.987688,1
10117,0.6167,0.0,0.0137,0.0,-0.0137,0.160743,0.986996,1
10118,0.6333,0.0,0.0174,0.0,-0.0174,0.165048,0.986286,1
10119,0.65,0.0,0.016,0.0,-0.016,0.16935,0.985556,1
10120,0.6667,0.0,0.0147,0.0,-0.0147,0.173648,0.984808,1
10121,0.6833,0.0,0.0111,0.0,-0.0111,0.177944,0.984041,1
10122,0.7,0.0,0.0123,0.0,-0.0123,0.182236,0.983255,1
10123,0.7167,0.0,0.0124,0.0,-0.0124,0.186524,0.98245,1
10124,0.7333,0.0,0.0136,0.0,-0.0136,0.190809,0.981627,1
10125,0.75,0.0,0.0163,0.0,-0.0163,0.19509,0.980785,1
10126,0.7667,0.0,0.0154,0.0,-0.0154,0.199368,0.979925,1
10127,0.7833,0.0,0.015,0.0,-0.015,0.203642,0.979045,1
10128,0.8,0.0,0.0147,0.0,-0.0147,0.207912,0.978148,1
10129,0.8167,0.0,0.0152,0.0,-0.0152,0.212178,0.977231,1
10130,0.8333,0.0,0.0161,0.0,-0.0161,0.21644,0.976296,1
10131,0.85,0.0,0.0132,0.0,-0.0132,0.220697,0.975342,1
10132,0.8667,0.0,0.0174,0.0,-0.0174,0.224951,0.97437,1
10133,0.8833,0.0,0.0155,0.0,-0.0155,0.2292,0.973379,1
10134,0.9,0.0,0.009,0.0,-0.009,0.233445,0.97237,1
10135,0.9167,0.0,0.0148,0.0,-0.0148,0.237686,0.971342,1
10136,0.9333,0.0,0.0146,0.0,-0.0146,0.241922,0.970296,1
10137,0.95,0.0,0.012,0.0,-0.012,0.246153,0.969231,1
10138,0.9667,0.0,0.0131,0.0,-0.0131,0.25038,0.968148,1
10139,0.9833,0.0,0.0153,0.0,-0.0153,0.254602,0.967046,1
10140,1.0,0.0,0.015,0.0,-0.015,0.258819,0.965926,1
10141,1.0167,0.0,0.0129,0.0,-0.0129,0.263031,0.964787,1
10142,1.0333,0.0,0.0187,0.0,-0.0187,0.267238,0.96363,1
10143,1.05,0.0,0.0127,0.0,-0.0127,0.27144,0.962455,1
10144,1.0667,0.0,0.0181,0.0,-0.0181,0.275637,0.961262,1
10145,1.0833,0.0,0.0154,0.0,-0.0154,0.279829,0.96005,1
10146,1.1,0.0,0.0166,0.0,-0.0166,0.284015,0.95882,1
10147,1.1167,0.0,0.0155,0.0,-0.0155,0.288196,0.957571,1
10148,1.1333,0.0,0.0167,0.0,-0.0167,0.292372,0.956305,1
10149,1.15,0.0,0.0152,0.0,-0.0152,0.296542,0.95502,1
10150,1.1667,0.0,0.015,0.0,-0.015,0.300706,0.953717,1
10151,1.1833,0.0,0.0132,0.0,-0.0132,0.304864,0.952396,1
10152,1.2,0.0,0.0143,0.0,-0.0143,0.309017,0.951057,1
10153,1.2167,0.0,0.0152,0.0,-0.0152,0.313164,0.949699,1
10154,1.2333,0.0,0.012,0.0,-0.012,0.317305,0.948324,1
10155,1.25,0.0,0.017,0.0,-0.017,0.321439,0.94693,1
10156,1.2667,0.0,0.0121,0.0,-0.0121,0.325568,0.945519,1
10157,1.2833,0.0,0.0135,0.0,-0.0135,0.329691,0.944089,1
10158,1.3,0.0,0.0167,0.0,-0.0167,0.333807,0.942641,1
10159,1.3167,0.0,0.0131,0.0,-0.0131,0.337917,0.941176,1
10160,1.3333,0.0,0.0149,0.0,-0.0149,0.34202,0.939693,1
10161,1.35,0.0,0.0152,0.0,-0.0152,0.346117,0.938191,1
10162,1.3667,0.0,0.0144,0.0,-0.0144,0.350207,0.936672,1
10163,1.3833,0.0,0.0152,0.0,-0.0152,0.354291,0.935135,1
10164,1.4,0.0,0.0143,0.0,-0.0143,0.358368,0.93358,1
10165,1.4167,0.0,0.0147,0.0,-0.0147,0.362438,0.932008,1
10166,1.4333,0.0,0.0148,0.0,-0.0148,0.366501,0.930418,1
10167,1.45,0.0,0.0148,0.0,-0.0148,0.370557,0.92881,1
10168,1.4667,0.0,0.0117,0.0,-0.0117,0.374607,0.927184,1
10169,1.4833,0.0,0.0123,0.0,-0.0123,0.378649,0.925541,1
10170,1.5,0.0,0.0179,0.0,-0.0179,0.382683,0.92388,1
10171,1.5167,0.0,0.0152,0.0,-0.0152,0.386711,0.922201,1
10172,1.5333,0.0,0.014,0.0,-0.014,0.390731,0.920505,1
10173,1.55,0.0,0.0136,0.0,-0.0136,0.394744,0.918791,1
10174,1.5667,0.0,0.0161,0.0,-0.0161,0.398749,0.91706,1
10175,1.5833,0.0,0.0138,0.0,-0.0138,0.402747,0.915311,1
10176,1.6,0.0,0.0151,0.0,-0.0151,0.406737,0.913545,1
10177,1.6167,0.0,0.0138,0.0,-0.0138,0.410719,0.911762,1
10178,1.6333,0.0,0.0135,0.0,-0.0135,0.414693,0.909961,1
10179,1.65,0.0,0.0135,0.0,-0.0135,0.41866,0.908143,1
10180,1.6667,0.0,0.0138,0.0,-0.0138,0.422618,0.906308,1
10181,1.6833,0.0,0.0153,0.0,-0.0153,0.426569,0.904455,1
10182,1.7,0.0,0.0124,0.0,-0.0124,0.430511,0.902585,1
10183,1.7167,0.0,0.0148,0.0,-0.0148,0.434445,0.900698,1
10184,1.7333,0.0,0.0145,0.0,-0.0145,0.438371,0.898794,1
10185,1.75,0.0,0.0139,0.0,-0.0139,0.442289,0.896873,1
10186,1.7667,0.0,0.0146,0.0,-0.0146,0.446198,0.894934,1
10187,1.7833,0.0,0.0122,0.0,-0.0122,0.450098,0.892979,1
10188,1.8,0.0,0.0152,0.0,-0.0152,0.45399,0.891007,1
10189,1.8167,0.0,0.0103,0.0,-0.0103,0.457874,0.889017,1
10190,1.8333,0.0,0.0145,0.0,-0.0145,0.461749,0.887011,1
10191,1.85,0.0,0.0156,0.0,-0.0156,0.465615,0.884988,1
10192,1.8667,0.0,0.0156,0.0,-0.0156,0.469472,0.882948,1
10193,1.8833,0.0,0.0146,0.0,-0.0146,0.47332,0.880891,1
10194,1.9,0.0,0.0154,0.0,-0.0154,0.477159,0.878817,1
10195,1.9167,0.0,0.015,0.0,-0.015,0.480989,0.876727,1
10196,1.9333,0.0,0.0142,0.0,-0.0142,0.48481,0.87462,1
10197,1.95,0.0,0.0145,0.0,-0.0145,0.488621,0.872496,1
10198,1.9667,0.0,0.0141,0.0,-0.0141,0.492424,0.870356,1
10199,1.9833,0.0,0.0134,0.0,-0.0134,0.496217,0.868199,1
10200,2.0,0.0,0.0143,0.0,-0.0143,0.5,0.866025,1
10201,2.0167,0.0,0.0149,0.0,-0.0149,0.503774,0.863836,1
10202,2.0333,0.0,0.0163,0.0,-0.0163,0.507538,0.861629,1
10203,2.05,0.0,0.0165,0.0,-0.0165,0.511293,0.859406,1
10204,2.0667,0.0,0.0122,0.0,-0.0122,0.515038,0.857167,1
10205,2.0833,0.0,0.0119,0.0,-0.0119,0.518773,0.854912,1
10206,2.1,0.0,0.0147,0.0,-0.0147,0.522499,0.85264,1
10207,2.1167,0.0,0.013,0.0,-0.013,0.526214,0.850352,1
10208,2.1333,0.0,0.0114,0.0,-0.0114,0.529919,0.848048,1
10209,2.15,0.0,0.0153,0.0,-0.0153,0.533615,0.845728,1
10210,2.1667,0.0,0.0106,0.0,-0.0106,0.5373,0.843391,1
10211,2.1833,0.0,0.0151,0.0,-0.0151,0.540974,0.841039,1
10212,2.2,0.0,0.0155,0.0,-0.0155,0.544639,0.838671,1
10213,2.2167,0.0,0.0133,0.0,-0.0133,0.548293,0.836286,1
10214,2.2333,0.0,0.0111,0.0,-0.0111,0.551937,0.833886,1
10215,2.25,0.0,0.0154,0.0,-0.0154,0.55557,0.83147,1
10216,2.2667,0.0,0.0156,0.0,-0.0156,0.559193,0.829038,1
10217,2.2833,0.0,0.0137,0.0,-0.0137,0.562805,0.82659,1
10218,2.3,0.0,0.0137,0.0,-0.0137,0.566406,0.824126,1
10219,2.3167,0.0,0.0139,0.0,-0.0139,0.569997,0.821647,1
10220,2.3333,0.0,0.0102,0.0,-0.0102,0.573576,0.819152,1
10221,2.35,0.0,0.0126,0.0,-0.0126,0.577145,0.816642,1
10222,2.3667,0.0,0.0131,0.0,-0.0131,0.580703,0.814116,1
10223,2.3833,0.0,0.0159,0.0,-0.0159,0.58425,0.811574,1
10224,2.4,0.0,0.016,0.0,-0.016,0.587785,0.809017,1
10225,2.4167,0.0,0.015,0.0,-0.015,0.59131,0.806445,1
10226,2.4333,0.0,0.0141,0.0,-0.0141,0.594823,0.803857,1
10227,2.45,0.0,0.0156,0.0,-0.0156,0.598325,0.801254,1
10228,2.4667,0.0,0.0154,0.0,-0.0154,0.601815,0.798636,1
10229,2.4833,0.0,0.0132,0.0,-0.0132,0.605294,0.796002,1
10230,2.5,0.0,0.0133,0.0,-0.0133,0.608761,0.793353,1
10231,2.5167,0.0,0.0149,0.0,-0.0149,0.612217,0.79069,1
10232,2.5333,0.0,0.0116,0.0,-0.0116,0.615661,0.788011,1
10233,2.55,0.0,0.0154,0.0,-0.0154,0.619094,0.785317,1
10234,2.5667,0.0,0.0165,0.0,-0.0165,0.622515,0.782608,1
10235,2.5833,0.0,0.0117,0.0,-0.0117,0.625923,0.779884,1
10236,2.6,0.0,0.0116,0.0,-0.0116,0.62932,0.777146,1
10237,2.6167,0.0,0.0122,0.0,-0.0122,0.632705,0.774393,1
10238,2.6333,0.0,0.0134,0.0,-0.0134,0.636078,0.771625,1
10239,2.65,0.0,0.0145,0.0,-0.0145,0.639439,0.768842,1
10240,2.6667,0.0,0.0121,0.0,-0.0121,0.642788,0.766044,1
10241,2.6833,0.0,0.0156,0.0,-0.0156,0.646124,0.763232,1
10242,2.7,0.0,0.0132,0.0,-0.0132,0.649448,0.760406,1
10243,2.7167,0.0,0.0133,0.0,-0.0133,0.65276,0.757565,1
10244,2.7333,0.0,0.0161,0.0,-0.0161,0.656059,0.75471,1
10245,2.75,0.0,0.0138,0.0,-0.0138,0.659346,0.75184,1
10246,2.7667,0.0,0.0133,0.0,-0.0133,0.66262,0.748956,1
10247,2.7833,0.0,0.0169,0.0,-0.0169,0.665882,0.746057,1
10248,2.8,0.0,0.0174,0.0,-0.0174,0.669131,0.743145,1
10249,2.8167,0.0,0.0121,0.0,-0.0121,0.672367,0.740218,1
10250,2.8333,0.0,0.0167,0.0,-0.0167,0.67559,0.737277,1
10251,2.85,0.0,0.0134,0.0,-0.0134,0.678801,0.734323,1
10252,2.8667,0.0,0.0153,0.0,-0.0153,0.681998,0.731354,1
10253,2.8833,0.0,0.0139,0.0,-0.0139,0.685183,0.728371,1
10254,2.9,0.0,0.0124,0.0,-0.0124,0.688355,0.725374,1
10255,2.9167,0.0,0.015,0.0,-0.015,0.691513,0.722364,1
10256,2.9333,0.0,0.0121,0.0,-0.0121,0.694658,0.71934,1
10257,2.95,0.0,0.0141,0.0,-0.0141,0.69779,0.716302,1
10258,2.9667,0.0,0.014,0.0,-0.014,0.700909,0.71325,1
10259,2.9833,0.0,0.0148,0.0,-0.0148,0.704015,0.710185,1
10260,3.0,0.0,0.0147,0.0,-0.0147,0.707107,0.707107,1
10261,3.0167,0.0,0.014,0.0,-0.014,0.710185,0.704015,1
10262,3.0333,0.0,0.0165,0.0,-0.0165,0.71325,0.700909,1
10263,3.05,0.0,0.0116,0.0,-0.0116,0.716302,0.69779,1
10264,3.0667,0.0,0.0168,0.0,-0.0168,0.71934,0.694658,1
10265,3.0833,0.0,0.0136,0.0,-0.0136,0.722364,0.691513,1
10266,3.1,0.0,0.0153,0.0,-0.0153,0.725374,0.688355,1
10267,3.1167,0.0,0.0176,0.0,-0.0176,0.728371,0.685183,1
10268,3.1333,0.0,0.0145,0.0,-0.0145,0.731354,0.681998,1
10269,3.15,0.0,0.0151,0.0,-0.0151,0.734323,0.678801,1
10270,3.1667,0.0,0.0159,0.0,-0.0159,0.737277,0.67559,1
10271,3.1833,0.0,0.0164,0.0,-0.0164,0.740218,0.672367,1
10272,3.2,0.0,0.0127,0.0,-0.0127,0.743145,0.669131,1
10273,3.2167,0.0,0.0162,0.0,-0.0162,0.746057,0.665882,1
10274,3.2333,0.0,0.0169,0.0,-0.0169,0.748956,0.66262,1
10275,3.25,0.0,0.0163,0.0,-0.0163,0.75184,0.659346,1
10276,3.2667,0.0,0.0167,0.0,-0.0167,0.75471,0.656059,1
10277,3.2833,0.0,0.0124,0.0,-0.0124,0.757565,0.65276,1
10278,3.3,0.0,0.0135,0.0,-0.0135,0.760406,0.649448,1
10279,3.3167,0.0,0.0144,0.0,-0.0144,0.763232,0.646124,1
10280,3.3333,0.0,0.0151,0.0,-0.0151,0.766044,0.642788,1
10281,3.35,0.0,0.0119,0.0,-0.0119,0.768842,0.639439,1
10282,3.3667,0.0,0.0142,0.0,-0.0142,0.771625,0.636078,1
10283,3.3833,0.0,0.0126,0.0,-0.0126,0.774393,0.632705,1
10284,3.4,0.0,0.0122,0.0,-0.0122,0.777146,0.62932,1
10285,3.4167,0.0,0.0138,0.0,-0.0138,0.779884,0.625923,1
10286,3.4333,0.0,0.0154,0.0,-0.0154,0.782608,0.622515,1
10287,3.45,0.0,0.0172,0.0,-0.0172,0.785317,0.619094,1
10288,3.4667,0.0,0.0134,0.0,-0.0134,0.788011,0.615661,1
10289,3.4833,0.0,0.0145,0.0,-0.0145,0.79069,0.612217,1
10290,3.5,0.0,0.0124,0.0,-0.0124,0.793353,0.608761,1
10291,3.5167,0.0,0.015,0.0,-0.015,0.796002,0.605294,1
10292,3.5333,0.0,0.015,0.0,-0.015,0.798636,0.601815,1
10293,3.55,0.0,0.0131,0.0,-0.0131,0.801254,0.598325,1
10294,3.5667,0.0,0.0118,0.0,-0.0118,0.803857,0.594823,1
10295,3.5833,0.0,0.0135,0.0,-0.0135,0.806445,0.59131,1
10296,3.6,0.0,0.0143,0.0,-0.0143,0.809017,0.587785,1
10297,3.6167,0.0,0.0161,0.0,-0.0161,0.811574,0.58425,1
10298,3.6333,0.0,0.0149,0.0,-0.0149,0.814116,0.580703,1
10299,3.65,0.0,0.0123,0.0,-0.0123,0.816642,0.577145,1
10300,3.6667,0.0,0.0142,0.0,-0.0142,0.819152,0.573576,1
10301,3.6833,0.0,0.0176,0.0,-0.0176,0.821647,0.569997,1
10302,3.7,0.0,0.0135,0.0,-0.0135,0.824126,0.566406,1
10303,3.7167,0.0,0.0133,0.0,-0.0133,0.82659,0.562805,1
10304,3.7333,0.0,0.0158,0.0,-0.0158,0.829038,0.559193,1
10305,3.75,0.0,0.0154,0.0,-0.0154,0.83147,0.55557,1
10306,3.7667,0.0,0.0164,0.0,-0.0164,0.833886,0.551937,1
10307,3.7833,0.0,0.0156,0.0,-0.0156,0.836286,0.548293,1
10308,3.8,0.0,0.0169,0.0,-0.0169,0.838671,0.544639,1
10309,3.8167,0.0,0.0142,0.0,-0.0142,0.841039,0.540974,1
10310,3.8333,0.0,0.0111,0.0,-0.0111,0.843391,0.5373,1
10311,3.85,0.0,0.0186,0.0,-0.0186,0.845728,0.533615,1
10312,3.8667,0.0,0.0157,0.0,-0.0157,0.848048,0.529919,1
10313,3.8833,0.0,0.0176,0.0,-0.0176,0.850352,0.526214,1
10314,3.9,0.0,0.0131,0.0,-0.0131,0.85264,0.522499,1
10315,3.9167,0.0,0.0137,0.0,-0.0137,0.854912,0.518773,1
10316,3.9333,0.0,0.015,0.0,-0.015,0.857167,0.515038,1
10317,3.95,0.0,0.0159,0.0,-0.0159,0.859406,0.511293,1
10318,3.9667,0.0,0.0201,0.0,-0.0201,0.861629,0.507538,1
10319,3.9833,0.0,0.013,0.0,-0.013,0.863836,0.503774,1
10320,4.0,0.0,0.0127,0.0,-0.0127,0.866025,0.5,1
10321,4.0167,0.0,0.0144,0.0,-0.0144,0.868199,0.496217,1
10322,4.0333,0.0,0.013,0.0,-0.013,0.870356,0.492424,1
10323,4.05,0.0,0.014,0.0,-0.014,0.872496,0.488621,1
10324,4.0667,0.0,0.0136,0.0,-0.0136,0.87462,0.48481,1
10325,4.0833,0.0,0.0183,0.0,-0.0183,0.876727,0.480989,1
10326,4.1,0.0,0.0172,0.0,-0.0172,0.878817,0.477159,1
10327,4.1167,0.0,0.0125,0.0,-0.0125,0.880891,0.47332,1
10328,4.1333,0.0,0.0126,0.0,-0.0126,0.882948,0.469472,1
10329,4.15,0.0,0.0173,0.0,-0.0173,0.884988,0.465615,1
10330,4.1667,0.0,0.0108,0.0,-0.0108,0.887011,0.461749,1
10331,4.1833,0.0,0.0151,0.0,-0.0151,0.889017,0.457874,1
10332,4.2,0.0,0.0125,0.0,-0.0125,0.891007,0.45399,1
10333,4.2167,0.0,0.0178,0.0,-0.0178,0.892979,0.450098,1
10334,4.2333,0.0,0.0168,0.0,-0.0168,0.894934,0.446198,1
10335,4.25,0.0,0.0171,0.0,-0.0171,0.896873,0.442289,1
10336,4.2667,0.0,0.0147,0.0,-0.0147,0.898794,0.438371,1
10337,4.2833,0.0,0.0153,0.0,-0.0153,0.900698,0.434445,1
10338,4.3,0.0,0.018,0.0,-0.018,0.902585,0.430511,1
10339,4.3167,0.0,0.0129,0.0,-0.0129,0.904455,0.426569,1
10340,4.3333,0.0,0.0132,0.0,-0.0132,0.906308,0.422618,1
10341,4.35,0.0,0.0128,0.0,-0.0128,0.908143,0.41866,1
10342,4.3667,0.0,0.0128,0.0,-0.0128,0.909961,0.414693,1
10343,4.3833,0.0,0.0147,0.0,-0.0147,0.911762,0.410719,1
10344,4.4,0.0,0.0141,0.0,-0.0141,0.913545,0.406737,1
10345,4.4167,0.0,0.0151,0.0,-0.0151,0.915311,0.402747,1
10346,4.4333,0.0,0.0135,0.0,-0.0135,0.91706,0.398749,1
10347,4.45,0.0,0.0152,0.0,-0.0152,0.918791,0.394744,1
10348,4.4667,0.0,0.0173,0.0,-0.0173,0.920505,0.390731,1
10349,4.4833,0.0,0.0132,0.0,-0.0132,0.922201,0.386711,1
10350,4.5,0.0,0.0138,0.0,-0.0138,0.92388,0.382683,1
10351,4.5167,0.0,0.0142,0.0,-0.0142,0.925541,0.378649,1
10352,4.5333,0.0,0.0126,0.0,-0.0126,0.927184,0.374607,1
10353,4.55,0.0,0.0156,0.0,-0.0156,0.92881,0.370557,1
10354,4.5667,0.0,0.0192,0.0,-0.0192,0.930418,0.366501,1
10355,4.5833,0.0,0.0148,0.0,-0.0148,0.932008,0.362438,1
10356,4.6,0.0,0.017,0.0,-0.017,0.93358,0.358368,1
10357,4.6167,0.0,0.0158,0.0,-0.0158,0.935135,0.354291,1
10358,4.6333,0.0,0.0184,0.0,-0.0184,0.936672,0.350207,1
10359,4.65,0.0,0.0143,0.0,-0.0143,0.938191,0.346117,1
10360,4.6667,0.0,0.0158,0.0,-0.0158,0.939693,0.34202,1
10361,4.6833,0.0,0.0139,0.0,-0.0139,0.941176,0.337917,1
10362,4.7,0.0,0.0185,0.0,-0.0185,0.942641,0.333807,1
10363,4.7167,0.0,0.0127,0.0,-0.0127,0.944089,0.329691,1
10364,4.7333,0.0,0.0166,0.0,-0.0166,0.945519,0.325568,1
10365,4.75,0.0,0.0157,0.0,-0.0157,0.94693,0.321439,1
10366,4.7667,0.0,0.0145,0.0,-0.0145,0.948324,0.317305,1
10367,4.7833,0.0,0.0176,0.0,-0.0176,0.949699,0.313164,1
10368,4.8,0.0,0.0101,0.0,-0.0101,0.951057,0.309017,1
10369,4.8167,0.0,0.0139,0.0,-0.0139,0.952396,0.304864,1
10370,4.8333,0.0,0.0159,0.0,-0.0159,0.953717,0.300706,1
10371,4.85,0.0,0.0168,0.0,-0.0168,0.95502,0.296542,1
10372,4.8667,0.0,0.017,0.0,-0.017,0.956305,0.292372,1
10373,4.8833,0.0,0.0143,0.0,-0.0143,0.957571,0.288196,1
10374,4.9,0.0,0.013,0.0,-0.013,0.95882,0.284015,1
10375,4.9167,0.0,0.0161,0.0,-0.0161,0.96005,0.279829,1
10376,4.9333,0.0,0.0129,0.0,-0.0129,0.961262,0.275637,1
10377,4.95,0.0,0.0129,0.0,-0.0129,0.962455,0.27144,1
10378,4.9667,0.0,0.014,0.0,-0.014,0.96363,0.267238,1
10379,4.9833,0.0,0.0127,0.0,-0.0127,0.964787,0.263031,1
10380,5.0,0.0,0.0142,0.0,-0.0142,0.965926,0.258819,1
10381,5.0167,0.0,0.0173,0.0,-0.0173,0.967046,0.254602,1
10382,5.0333,0.0,0.0133,0.0,-0.0133,0.968148,0.25038,1
10383,5.05,0.0,0.0162,0.0,-0.0162,0.969231,0.246153,1
10384,5.0667,0.0,0.015,0.0,-0.015,0.970296,0.241922,1
10385,5.0833,0.0,0.0152,0.0,-0.0152,0.971342,0.237686,1
10386,5.1,0.0,0.0171,0.0,-0.0171,0.97237,0.233445,1
10387,5.1167,0.0,0.0169,0.0,-0.0169,0.973379,0.2292,1
10388,5.1333,0.0,0.0167,0.0,-0.0167,0.97437,0.224951,1
10389,5.15,0.0,0.0101,0.0,-0.0101,0.975342,0.220697,1
10390,5.1667,0.0,0.0118,0.0,-0.0118,0.976296,0.21644,1
10391,5.1833,0.0,0.0143,0.0,-0.0143,0.977231,0.212178,1
10392,5.2,0.0,0.0129,0.0,-0.0129,0.978148,0.207912,1
10393,5.2167,0.0,0.0152,0.0,-0.0152,0.979045,0.203642,1
10394,5.2333,0.0,0.015,0.0,-0.015,0.979925,0.199368,1
10395,5.25,0.0,0.0143,0.0,-0.0143,0.980785,0.19509,1
10396,5.2667,0.0,0.017,0.0,-0.017,0.981627,0.190809,1
10397,5.2833,0.0,0.0156,0.0,-0.0156,0.98245,0.186524,1
10398,5.3,0.0,0.0156,0.0,-0.0156,0.983255,0.182236,1
10399,5.3167,0.0,0.0166,0.0,-0.0166,0.984041,0.177944,1
10400,5.3333,0.0,0.0144,0.0,-0.0144,0.984808,0.173648,1
10401,5.35,0.0,0.0119,0.0,-0.0119,0.985556,0.16935,1
10402,5.3667,0.0,0.0131,0.0,-0.0131,0.986286,0.165048,1
10403,5.3833,0.0,0.0082,0.0,-0.0082,0.986996,0.160743,1
10404,5.4,0.0,0.016,0.0,-0.016,0.987688,0.156434,1
10405,5.4167,0.0,0.012,0.0,-0.012,0.988362,0.152123,1
10406,5.4333,0.0,0.0194,0.0,-0.0194,0.989016,0.147809,1
10407,5.45,0.0,0.0153,0.0,-0.0153,0.989651,0.143493,1
10408,5.4667,0.0,0.0118,0.0,-0.0118,0.990268,0.139173,1
10409,5.4833,0.0,0.0155,0.0,-0.0155,0.990866,0.134851,1
10410,5.5,0.0,0.0124,0.0,-0.0124,0.991445,0.130526,1
10411,5.5167,0.0,0.0161,0.0,-0.0161,0.992005,0.126199,1
10412,5.5333,0.0,0.015,0.0,-0.015,0.992546,0.121869,1
10413,5.55,0.0,0.0133,0.0,-0.0133,0.993068,0.117537,1
10414,5.5667,0.0,0.0124,0.0,-0.0124,0.993572,0.113203,1
10415,5.5833,0.0,0.0139,0.0,-0.0139,0.994056,0.108867,1
10416,5.6,0.0,0.0141,0.0,-0.0141,0.994522,0.104528,1
10417,5.6167,0.0,0.0152,0.0,-0.0152,0.994969,0.100188,1
10418,5.6333,0.0,0.0102,0.0,-0.0102,0.995396,0.095846,1
10419,5.65,0.0,0.0149,0.0,-0.0149,0.995805,0.091502,1
10420,5.6667,0.0,0.0128,0.0,-0.0128,0.996195,0.087156,1
10421,5.6833,0.0,0.0125,0.0,-0.0125,0.996566,0.082808,1
10422,5.7,0.0,0.0135,0.0,-0.0135,0.996917,0.078459,1
10423,5.7167,0.0,0.0139,0.0,-0.0139,0.99725,0.074108,1
10424,5.7333,0.0,0.0145,0.0,-0.0145,0.997564,0.069756,1
10425,5.75,0.0,0.0141,0.0,-0.0141,0.997859,0.065403,1
10426,5.7667,0.0,0.0126,0.0,-0.0126,0.998135,0.061049,1
10427,5.7833,0.0,0.0153,0.0,-0.0153,0.998392,0.056693,1
10428,5.8,0.0,0.0137,0.0,-0.0137,0.99863,0.052336,1
10429,5.8167,0.0,0.0135,0.0,-0.0135,0.998848,0.047978,1
10430,5.8333,0.0,0.0123,0.0,-0.0123,0.999048,0.043619,1
10431,5.85,0.0,0.014,0.0,-0.014,0.999229,0.03926,1
10432,5.8667,0.0,0.0136,0.0,-0.0136,0.999391,0.034899,1
10433,5.8833,0.0,0.0128,0.0,-0.0128,0.999534,0.030539,1
10434,5.9,0.0,0.0123,0.0,-0.0123,0.999657,0.026177,1
10435,5.9167,0.0,0.0176,0.0,-0.0176,0.999762,0.021815,1
10436,5.9333,0.0,0.0158,0.0,-0.0158,0.999848,0.017452,1
10437,5.95,0.0,0.0162,0.0,-0.0162,0.999914,0.01309,1
10438,5.9667,0.0,0.0158,0.0,-0.0158,0.999962,0.008727,1
10439,5.9833,0.0,0.016,0.0,-0.016,0.99999,0.004363,1
10440,6.0,0.0,0.0256,0.0,-0.0256,1.0,0.0,1
10441,6.0167,0.002467,0.0252,0.0,-0.022733,0.99999,-0.004363,1
10442,6.0333,0.0,0.0264,0.0,-0.0264,0.999962,-0.008727,1
10443,6.05,0.000633,0.0282,0.0,-0.027567,0.999914,-0.01309,1
10444,6.0667,0.003933,0.0254,0.0,-0.021467,0.999848,-0.017452,1
10445,6.0833,0.006017,0.0256,0.0,-0.019583,0.999762,-0.021815,1
10446,6.1,0.00505,0.0264,0.0,-0.02135,0.999657,-0.026177,1
10447,6.1167,0.0006,0.0293,0.0,-0.0287,0.999534,-0.030539,1
10448,6.1333,0.010883,0.0234,0.0,-0.012517,0.999391,-0.034899,1
10449,6.15,0.005683,0.0276,0.0,-0.021917,0.999229,-0.03926,1
10450,6.1667,0.00365,0.0292,0.0,-0.02555,0.999048,-0.043619,1
10451,6.1833,0.006333,0.0283,0.0,-0.021967,0.998848,-0.047978,1
10452,6.2,0.005767,0.0272,0.0,-0.021433,0.99863,-0.052336,1
10453,6.2167,0.0053,0.028,0.0,-0.0227,0.998392,-0.056693,1
10454,6.2333,0.00185,0.0281,0.0,-0.02625,0.998135,-0.061049,1
10455,6.25,0.00855,0.0225,0.0,-0.01395,0.997859,-0.065403,1
10456,6.2667,0.00735,0.0262,0.0,-0.01885,0.997564,-0.069756,1
10457,6.2833,0.006467,0.0255,0.0,-0.019033,0.99725,-0.074108,1
10458,6.3,0.006633,0.0261,0.0,-0.019467,0.996917,-0.078459,1
10459,6.3167,0.01005,0.0267,0.0,-0.01665,0.996566,-0.082808,1
10460,6.3333,0.007883,0.0252,0.0,-0.017317,0.996195,-0.087156,1
10461,6.35,0.00815,0.028,0.0,-0.01985,0.995805,-0.091502,1
10462,6.3667,0.010467,0.0267,0.0,-0.016233,0.995396,-0.095846,1
10463,6.3833,0.013767,0.0277,0.0,-0.013933,0.994969,-0.100188,1
10464,6.4,0.006733,0.0262,0.0,-0.019467,0.994522,-0.104528,1
10465,6.4167,0.01425,0.0263,0.0,-0.01205,0.994056,-0.108867,1
10466,6.4333,0.0099,0.0268,0.0,-0.0169,0.993572,-0.113203,1
10467,6.45,0.01515,0.0286,0.0,-0.01345,0.993068,-0.117537,1
10468,6.4667,0.008567,0.0262,0.0,-0.017633,0.992546,-0.121869,1
10469,6.4833,0.016067,0.024,0.0,-0.007933,0.992005,-0.126199,1
10470,6.5,0.01725,0.0242,0.0,-0.00695,0.991445,-0.130526,1
10471,6.5167,0.019633,0.0261,0.0,-0.006467,0.990866,-0.134851,1
10472,6.5333,0.014533,0.025,0.0,-0.010467,0.990268,-0.139173,1
10473,6.55,0.014533,0.0262,0.0,-0.011667,0.989651,-0.143493,1
10474,6.5667,0.01715,0.0266,0.0,-0.00945,0.989016,-0.147809,1
10475,6.5833,0.017817,0.0246,0.0,-0.006783,0.988362,-0.152123,1
10476,6.6,0.01815,0.0246,0.0,-0.00645,0.987688,-0.156434,1
10477,6.6167,0.018017,0.0254,0.0,-0.007383,0.986996,-0.160743,1
10478,6.6333,0.016733,0.0312,0.0,-0.014467,0.986286,-0.165048,1
10479,6.65,0.017017,0.0273,0.0,-0.010283,0.985556,-0.16935,1
10480,6.6667,0.021233,0.0257,0.0,-0.004467,0.984808,-0.173648,1
10481,6.6833,0.020517,0.0251,0.0,-0.004583,0.984041,-0.177944,1
10482,6.7,0.01545,0.0252,0.0,-0.00975,0.983255,-0.182236,1
10483,6.7167,0.022567,0.0234,0.0,-0.000833,0.98245,-0.186524,1
10484,6.7333,0.020383,0.0235,0.0,-0.003117,0.981627,-0.190809,1
10485,6.75,0.02285,0.0233,0.0,-0.00045,0.980785,-0.19509,1
10486,6.7667,0.020817,0.0245,0.0,-0.003683,0.979925,-0.199368,1
10487,6.7833,0.023117,0.0265,0.0,-0.003383,0.979045,-0.203642,1
10488,6.8,0.02035,0.0287,0.0,-0.00835,0.978148,-0.207912,1
10489,6.8167,0.02665,0.0289,0.0,-0.00225,0.977231,-0.212178,1
10490,6.8333,0.030467,0.0258,0.0047,0.004667,0.976296,-0.21644,0
10491,6.85,0.02445,0.0255,0.0037,-0.00105,0.975342,-0.220697,0
10492,6.8667,0.0271,0.0253,0.0055,0.0018,0.97437,-0.224951,0
10493,6.8833,0.0272,0.0272,0.0055,0.0,0.973379,-0.2292,0
10494,6.9,0.031717,0.0229,0.0143,0.008817,0.97237,-0.233445,0
10495,6.9167,0.025717,0.0243,0.0157,0.001417,0.971342,-0.237686,0
10496,6.9333,0.027017,0.0232,0.0195,0.003817,0.970296,-0.241922,0
10497,6.95,0.0309,0.0265,0.0239,0.0044,0.969231,-0.246153,0
10498,6.9667,0.026133,0.0264,0.0236,-0.000267,0.968148,-0.25038,0
10499,6.9833,0.0311,0.0229,0.0318,0.0082,0.967046,-0.254602,0
10500,7.0,0.033833,0.0485,0.0171,-0.014667,0.965926,-0.258819,0
10501,7.0167,0.03145,0.0488,0.0,-0.01735,0.964787,-0.263031,1
10502,7.0333,0.030117,0.0469,0.0,-0.016783,0.96363,-0.267238,1
10503,7.05,0.03615,0.0499,0.0,-0.01375,0.962455,-0.27144,1
10504,7.0667,0.031167,0.0474,0.0,-0.016233,0.961262,-0.275637,1
10505,7.0833,0.033433,0.0479,0.0,-0.014467,0.96005,-0.279829,1
10506,7.1,0.03615,0.0509,0.0,-0.01475,0.95882,-0.284015,1
10507,7.1167,0.034667,0.0474,0.0,-0.012733,0.957571,-0.288196,1
10508,7.1333,0.03695,0.0467,0.0,-0.00975,0.956305,-0.292372,1
10509,7.15,0.03295,0.0501,0.0,-0.01715,0.95502,-0.296542,1
10510,7.1667,0.041,0.0479,0.0,-0.0069,0.953717,-0.300706,1
10511,7.1833,0.0392,0.0522,0.0,-0.013,0.952396,-0.304864,1
10512,7.2,0.040233,0.0468,0.0,-0.006567,0.951057,-0.309017,1
10513,7.2167,0.03775,0.0492,0.0,-0.01145,0.949699,-0.313164,1
10514,7.2333,0.03865,0.0478,0.0,-0.00915,0.948324,-0.317305,1
10515,7.25,0.038583,0.0489,0.0,-0.010317,0.94693,-0.321439,1
10516,7.2667,0.039033,0.05,0.0,-0.010967,0.945519,-0.325568,1
10517,7.2833,0.04035,0.0447,0.0,-0.00435,0.944089,-0.329691,1
10518,7.3,0.034017,0.0434,0.0,-0.009383,0.942641,-0.333807,1
10519,7.3167,0.039167,0.0489,0.0,-0.009733,0.941176,-0.337917,1
10520,7.3333,0.044633,0.0457,0.0,-0.001067,0.939693,-0.34202,1
10521,7.35,0.04165,0.0466,0.0,-0.00495,0.938191,-0.346117,1
10522,7.3667,0.043033,0.0519,0.0,-0.008867,0.936672,-0.350207,1
10523,7.3833,0.0445,0.049,0.0,-0.0045,0.935135,-0.354291,1
10524,7.4,0.042717,0.0508,0.0,-0.008083,0.93358,-0.358368,1
10525,7.4167,0.043533,0.0478,0.0,-0.004267,0.932008,-0.362438,1
10526,7.4333,0.041133,0.0457,0.0,-0.004567,0.930418,-0.366501,1
10527,7.45,0.041583,0.0462,0.0,-0.004617,0.92881,-0.370557,1
10528,7.4667,0.047167,0.0475,0.0,-0.000333,0.927184,-0.374607,1
10529,7.4833,0.0432,0.0492,0.0,-0.006,0.925541,-0.378649,1
10530,7.5,0.043567,0.0499,0.0,-0.006333,0.92388,-0.382683,1
10531,7.5167,0.047817,0.0475,0.0003,0.000317,0.922201,-0.386711,0
10532,7.5333,0.04755,0.0483,0.0,-0.00075,0.920505,-0.390731,1
10533,7.55,0.043217,0.0483,0.0,-0.005083,0.918791,-0.394744,1
10534,7.5667,0.05085,0.0505,0.0003,0.00035,0.91706,-0.398749,0
10535,7.5833,0.047867,0.0472,0.001,0.000667,0.915311,-0.402747,0
10536,7.6,0.047117,0.045,0.0031,0.002117,0.913545,-0.406737,0
10537,7.6167,0.04875,0.0464,0.0055,0.00235,0.911762,-0.410719,0
10538,7.6333,0.049433,0.0477,0.0072,0.001733,0.909961,-0.414693,0
10539,7.65,0.052833,0.044,0.016,0.008833,0.908143,-0.41866,0
10540,7.6667,0.046683,0.0463,0.0164,0.000383,0.906308,-0.422618,0
10541,7.6833,0.052383,0.0496,0.0192,0.002783,0.904455,-0.426569,0
10542,7.7,0.049683,0.0491,0.0198,0.000583,0.902585,-0.430511,0
10543,7.7167,0.0527,0.0451,0.0274,0.0076,0.900698,-0.434445,0
10544,7.7333,0.052433,0.051,0.0288,0.001433,0.898794,-0.438371,0
10545,7.75,0.05685,0.0497,0.036,0.00715,0.896873,-0.442289,0
10546,7.7667,0.0554,0.0454,0.046,0.01,0.894934,-0.446198,0
10547,7.7833,0.053633,0.0448,0.0548,0.008833,0.892979,-0.450098,0
10548,7.8,0.0579,0.0482,0.0645,0.0097,0.891007,-0.45399,0
10549,7.8167,0.05665,0.0452,0.076,0.01145,0.889017,-0.457874,0
10550,7.8333,0.050833,0.0478,0.079,0.003033,0.887011,-0.461749,0
10551,7.85,0.051833,0.0491,0.0817,0.002733,0.884988,-0.465615,0
10552,7.8667,0.056233,0.0499,0.088,0.006333,0.882948,-0.469472,0
10553,7.8833,0.05615,0.0491,0.095,0.00705,0.880891,-0.47332,0
10554,7.9,0.058183,0.0479,0.1053,0.010283,0.878817,-0.477159,0
10555,7.9167,0.05535,0.0505,0.1102,0.00485,0.876727,-0.480989,0
10556,7.9333,0.056617,0.0487,0.1181,0.007917,0.87462,-0.48481,0
10557,7.95,0.059883,0.0498,0.1282,0.010083,0.872496,-0.488621,0
10558,7.9667,0.060817,0.0457,0.1433,0.015117,0.870356,-0.492424,0
10559,7.9833,0.06185,0.049,0.1562,0.01285,0.868199,-0.496217,0
10560,8.0,0.063417,0.0468,0.1728,0.016617,0.866025,-0.5,0
10561,8.0167,0.0622,0.0483,0.1867,0.0139,0.863836,-0.503774,0
10562,8.0333,0.062283,0.0507,0.1983,0.011583,0.861629,-0.507538,0
10563,8.05,0.06235,0.0464,0.2142,0.01595,0.859406,-0.511293,0
10564,8.0667,0.063967,0.044,0.2342,0.019967,0.857167,-0.515038,0
10565,8.0833,0.062767,0.0481,0.2489,0.014667,0.854912,-0.518773,0
10566,8.1,0.05915,0.0489,0.2591,0.01025,0.85264,-0.522499,0
10567,8.1167,0.06655,0.0469,0.2787,0.01965,0.850352,-0.526214,0
10568,8.1333,0.068083,0.0488,0.298,0.019283,0.848048,-0.529919,0
10569,8.15,0.064967,0.0461,0.3169,0.018867,0.845728,-0.533615,0
10570,8.1667,0.066317,0.0511,0.3321,0.015217,0.843391,-0.5373,0
10571,8.1833,0.065317,0.0458,0.3516,0.019517,0.841039,-0.540974,0
10572,8.2,0.065667,0.0544,0.3629,0.011267,0.838671,-0.544639,0
10573,8.2167,0.065767,0.0472,0.3815,0.018567,0.836286,-0.548293,0
10574,8.2333,0.065233,0.0477,0.399,0.017533,0.833886,-0.551937,0
10575,8.25,0.06835,0.047,0.4204,0.02135,0.83147,-0.55557,0
10576,8.2667,0.06965,0.0494,0.4406,0.02025,0.829038,-0.559193,0
10577,8.2833,0.06825,0.0464,0.4625,0.02185,0.82659,-0.562805,0
10578,8.3,0.071433,0.0489,0.485,0.022533,0.824126,-0.566406,0
10579,8.3167,0.0683,0.0458,0.5075,0.0225,0.821647,-0.569997,0
10580,8.3333,0.07205,0.0481,0.5314,0.02395,0.819152,-0.573576,0
10581,8.35,0.067433,0.0494,0.5494,0.018033,0.816642,-0.577145,0
10582,8.3667,0.07165,0.0472,0.5738,0.02445,0.814116,-0.580703,0
10583,8.3833,0.067067,0.0472,0.5937,0.019867,0.811574,-0.58425,0
10584,8.4,0.071683,0.1009,0.5645,-0.029217,0.809017,-0.587785,0
10585,8.4167,0.072967,0.0964,0.5411,-0.023433,0.806445,-0.59131,0
10586,8.4333,0.073433,0.1002,0.5143,-0.026767,0.803857,-0.594823,0
10587,8.45,0.0716,0.0991,0.4868,-0.0275,0.801254,-0.598325,0
10588,8.4667,0.071467,0.1015,0.4568,-0.030033,0.798636,-0.601815,0
10589,8.4833,0.071317,0.0976,0.4305,-0.026283,0.796002,-0.605294,0
10590,8.5,0.07195,0.1002,0.4022,-0.02825,0.793353,-0.608761,0
10591,8.5167,0.075383,0.0997,0.3779,-0.024317,0.79069,-0.612217,0
10592,8.5333,0.0701,0.0969,0.3511,-0.0268,0.788011,-0.615661,0
10593,8.55,0.074317,0.0993,0.3261,-0.024983,0.785317,-0.619094,0
10594,8.5667,0.072767,0.1015,0.2974,-0.028733,0.782608,-0.622515,0
10595,8.5833,0.077767,0.0969,0.2783,-0.019133,0.779884,-0.625923,0
10596,8.6,0.076067,0.0992,0.2552,-0.023133,0.777146,-0.62932,0
10597,8.6167,0.0779,0.0983,0.2348,-0.0204,0.774393,-0.632705,0
10598,8.6333,0.07885,0.1019,0.2117,-0.02305,0.771625,-0.636078,0
10599,8.65,0.076433,0.0997,0.1884,-0.023267,0.768842,-0.639439,0
10600,8.6667,0.081483,0.1005,0.1694,-0.019017,0.766044,-0.642788,0
10601,8.6833,0.072217,0.0999,0.1417,-0.027683,0.763232,-0.646124,0
10602,8.7,0.079183,0.0982,0.1227,-0.019017,0.760406,-0.649448,0
10603,8.7167,0.078333,0.1001,0.1009,-0.021767,0.757565,-0.65276,0
10604,8.7333,0.078133,0.1012,0.0778,-0.023067,0.75471,-0.656059,0
10605,8.75,0.077167,0.1011,0.0539,-0.023933,0.75184,-0.659346,0
10606,8.7667,0.082983,0.0998,0.0371,-0.016817,0.748956,-0.66262,0
10607,8.7833,0.081967,0.1005,0.0186,-0.018533,0.746057,-0.665882,0
10608,8.8,0.084283,0.1,0.0029,-0.015717,0.743145,-0.669131,0
10609,8.8167,0.083533,0.0999,0.0,-0.016367,0.740218,-0.672367,1
10610,8.8333,0.082033,0.0513,0.0307,0.030733,0.737277,-0.67559,0
10611,8.85,0.0844,0.0467,0.0684,0.0377,0.734323,-0.678801,0
10612,8.8667,0.07865,0.0491,0.098,0.02955,0.731354,-0.681998,0
10613,8.8833,0.083283,0.0474,0.1339,0.035883,0.728371,-0.685183,0
10614,8.9,0.083267,0.0488,0.1684,0.034467,0.725374,-0.688355,0
10615,8.9167,0.08075,0.0495,0.1996,0.03125,0.722364,-0.691513,0
10616,8.9333,0.08455,0.0458,0.2384,0.03875,0.71934,-0.694658,0
10617,8.95,0.0818,0.0529,0.2673,0.0289,0.716302,-0.69779,0
10618,8.9667,0.082383,0.0473,0.3024,0.035083,0.71325,-0.700909,0
10619,8.9833,0.0847,0.0442,0.3429,0.0405,0.710185,-0.704015,0
10620,9.0,0.08145,0.024,0.4003,0.05745,0.707107,-0.707107,0
10621,9.0167,0.085433,0.026,0.4597,0.059433,0.704015,-0.710185,0
10622,9.0333,0.087083,0.0256,0.5212,0.061483,0.700909,-0.71325,0
10623,9.05,0.085417,0.0289,0.5777,0.056517,0.69779,-0.716302,0
10624,9.0667,0.08755,0.0242,0.6411,0.06335,0.694658,-0.71934,0
10625,9.0833,0.085883,0.0275,0.6995,0.058383,0.691513,-0.722364,0
10626,9.1,0.089967,0.0255,0.764,0.064467,0.688355,-0.725374,0
10627,9.1167,0.089183,0.0296,0.8236,0.059583,0.685183,-0.728371,0
10628,9.1333,0.092883,0.0255,0.891,0.067383,0.681998,-0.731354,0
10629,9.15,0.086367,0.0295,0.9479,0.056867,0.678801,-0.734323,0
10630,9.1667,0.090883,0.0254,1.0134,0.065483,0.67559,-0.737277,0
10631,9.1833,0.08855,0.0253,1.0766,0.06325,0.672367,-0.740218,0
10632,9.2,0.087933,0.0264,1.1381,0.061533,0.669131,-0.743145,0
10633,9.2167,0.087817,0.0287,1.1972,0.059117,0.665882,-0.746057,0
10634,9.2333,0.087283,0.0264,1.2581,0.060883,0.66262,-0.748956,0
10635,9.25,0.088733,0.0266,1.3202,0.062133,0.659346,-0.75184,0
10636,9.2667,0.086833,0.0275,1.3795,0.059333,0.656059,-0.75471,0
10637,9.2833,0.092417,0.0269,1.445,0.065517,0.65276,-0.757565,0
10638,9.3,0.091,0.0267,1.5093,0.0643,0.649448,-0.760406,0
10639,9.3167,0.090417,0.0255,1.5742,0.064917,0.646124,-0.763232,0
10640,9.3333,0.092,0.0262,1.64,0.0658,0.642788,-0.766044,0
10641,9.35,0.094417,0.0265,1.7079,0.067917,0.639439,-0.768842,0
10642,9.3667,0.092533,0.0277,1.7727,0.064833,0.636078,-0.771625,0
10643,9.3833,0.092433,0.027,1.8381,0.065433,0.632705,-0.774393,0
10644,9.4,0.092833,0.0284,1.9025,0.064433,0.62932,-0.777146,0
10645,9.4167,0.094183,0.0289,1.9678,0.065283,0.625923,-0.779884,0
10646,9.4333,0.093383,0.0231,2.0381,0.070283,0.622515,-0.782608,0
10647,9.45,0.094817,0.0276,2.1053,0.067217,0.619094,-0.785317,0
10648,9.4667,0.095667,0.0271,2.1739,0.068567,0.615661,-0.788011,0
10649,9.4833,0.091733,0.025,2.2406,0.066733,0.612217,-0.79069,0
10650,9.5,0.091783,0.0248,2.3076,0.066983,0.608761,-0.793353,0
10651,9.5167,0.0979,0.0259,2.3796,0.072,0.605294,-0.796002,0
10652,9.5333,0.089617,0.0264,2.4428,0.063217,0.601815,-0.798636,0
10653,9.55,0.0959,0.0257,2.513,0.0702,0.598325,-0.801254,0
10654,9.5667,0.097867,0.028,2.5829,0.069867,0.594823,-0.803857,0
10655,9.5833,0.095083,0.0266,2.6514,0.068483,0.59131,-0.806445,0
10656,9.6,0.096033,0.0293,2.7181,0.066733,0.587785,-0.809017,0
10657,9.6167,0.0985,0.0236,2.793,0.0749,0.58425,-0.811574,0
10658,9.6333,0.101667,0.0221,2.8726,0.079567,0.580703,-0.814116,0
10659,9.65,0.1022,0.028,2.9468,0.0742,0.577145,-0.816642,0
10660,9.6667,0.098133,0.0227,3.0222,0.075433,0.573576,-0.819152,0
10661,9.6833,0.096633,0.0291,3.0897,0.067533,0.569997,-0.821647,0
10662,9.7,0.095283,0.0279,3.1571,0.067383,0.566406,-0.824126,0
10663,9.7167,0.093117,0.0264,3.2238,0.066717,0.562805,-0.82659,0
10664,9.7333,0.10065,0.0256,3.2989,0.07505,0.559193,-0.829038,0
10665,9.75,0.100733,0.0266,3.373,0.074133,0.55557,-0.83147,0
10666,9.7667,0.101217,0.026,3.4482,0.075217,0.551937,-0.833886,0
10667,9.7833,0.100917,0.0272,3.5219,0.073717,0.548293,-0.836286,0
10668,9.8,0.100067,0.0264,3.5956,0.073667,0.544639,-0.838671,0
10669,9.8167,0.100417,0.0244,3.6716,0.076017,0.540974,-0.841039,0
10670,9.8333,0.10275,0.0252,3.7492,0.07755,0.5373,-0.843391,0
10671,9.85,0.099667,0.0266,3.8223,0.073067,0.533615,-0.845728,0
10672,9.8667,0.10135,0.0239,3.8998,0.07745,0.529919,-0.848048,0
10673,9.8833,0.100033,0.0306,3.9692,0.069433,0.526214,-0.850352,0
10674,9.9,0.1007,0.0267,4.0432,0.074,0.522499,-0.85264,0
10675,9.9167,0.09915,0.0276,4.1147,0.07155,0.518773,-0.854912,0
10676,9.9333,0.102217,0.0296,4.1873,0.072617,0.515038,-0.857167,0
10677,9.95,0.1024,0.0243,4.2654,0.0781,0.511293,-0.859406,0
10678,9.9667,0.1006,0.0277,4.3383,0.0729,0.507538,-0.861629,0
10679,9.9833,0.104183,0.0245,4.418,0.079683,0.503774,-0.863836,0
10680,10.0,0.0986,0.0223,4.4943,0.0763,0.5,-0.866025,0
10681,10.0167,0.106033,0.0278,4.5725,0.078233,0.496217,-0.868199,0
10682,10.0333,0.109067,0.0286,4.653,0.080467,0.492424,-0.870356,0
10683,10.05,0.104733,0.0246,4.7331,0.080133,0.488621,-0.872496,0
10684,10.0667,0.106283,0.027,4.8124,0.079283,0.48481,-0.87462,0
10685,10.0833,0.106133,0.0288,4.8897,0.077333,0.480989,-0.876727,0
10686,10.1,0.1075,0.0275,4.9697,0.08,0.477159,-0.878817,0
10687,10.1167,0.1097,0.0234,5.056,0.0863,0.47332,-0.880891,0
10688,10.1333,0.1027,0.0247,5.134,0.078,0.469472,-0.882948,0
10689,10.15,0.111683,0.0272,5.2185,0.084483,0.465615,-0.884988,0
10690,10.1667,0.106333,0.0279,5.2969,0.078433,0.461749,-0.887011,0
10691,10.1833,0.104833,0.0208,5.3809,0.084033,0.457874,-0.889017,0
10692,10.2,0.109233,0.0225,5.4676,0.086733,0.45399,-0.891007,0
10693,10.2167,0.1072,0.0307,5.5441,0.0765,0.450098,-0.892979,0
10694,10.2333,0.108467,0.0277,5.6249,0.080767,0.446198,-0.894934,0
10695,10.25,0.107,0.0268,5.7051,0.0802,0.442289,-0.896873,0
10696,10.2667,0.106917,0.0269,5.7851,0.080017,0.438371,-0.898794,0
10697,10.2833,0.109883,0.0258,5.8692,0.084083,0.434445,-0.900698,0
10698,10.3,0.110567,0.0272,5.9526,0.083367,0.430511,-0.902585,0
10699,10.3167,0.107517,0.0219,6.0382,0.085617,0.426569,-0.904455,0
10700,10.3333,0.111,0.024,6.1252,0.087,0.422618,-0.906308,0
10701,10.35,0.111517,0.0258,6.2109,0.085717,0.41866,-0.908143,0
10702,10.3667,0.109117,0.0236,6.2964,0.085517,0.414693,-0.909961,0
10703,10.3833,0.112467,0.0262,6.3827,0.086267,0.410719,-0.911762,0
10704,10.4,0.111867,0.0235,6.4711,0.088367,0.406737,-0.913545,0
10705,10.4167,0.110783,0.0258,6.5561,0.084983,0.402747,-0.915311,0
10706,10.4333,0.1114,0.0286,6.6389,0.0828,0.398749,-0.91706,0
10707,10.45,0.112317,0.0245,6.7267,0.087817,0.394744,-0.918791,0
10708,10.4667,0.106917,0.0263,6.8073,0.080617,0.390731,-0.920505,0
10709,10.4833,0.112183,0.0244,6.8951,0.087783,0.386711,-0.922201,0
10710,10.5,0.10875,0.0265,6.9773,0.08225,0.382683,-0.92388,0
10711,10.5167,0.10905,0.028,7.0583,0.08105,0.378649,-0.925541,0
10712,10.5333,0.114317,0.0265,7.1461,0.087817,0.374607,-0.927184,0
10713,10.55,0.110867,0.0284,7.2286,0.082467,0.370557,-0.92881,0
10714,10.5667,0.11185,0.0278,7.3127,0.08405,0.366501,-0.930418,0
10715,10.5833,0.112867,0.0267,7.3989,0.086167,0.362438,-0.932008,0
10716,10.6,0.10795,0.0288,7.478,0.07915,0.358368,-0.93358,0
10717,10.6167,0.10925,0.0267,7.5606,0.08255,0.354291,-0.935135,0
10718,10.6333,0.110683,0.0259,7.6454,0.084783,0.350207,-0.936672,0
10719,10.65,0.108717,0.0263,7.7278,0.082417,0.346117,-0.938191,0
10720,10.6667,0.11395,0.0251,7.8167,0.08885,0.34202,-0.939693,0
10721,10.6833,0.113933,0.0269,7.9037,0.087033,0.337917,-0.941176,0
10722,10.7,0.114567,0.0212,7.9971,0.093367,0.333807,-0.942641,0
10723,10.7167,0.115917,0.0286,8.0844,0.087317,0.329691,-0.944089,0
10724,10.7333,0.111367,0.0267,8.1691,0.084667,0.325568,-0.945519,0
10725,10.75,0.111867,0.0297,8.2513,0.082167,0.321439,-0.94693,0
10726,10.7667,0.113917,0.0257,8.3395,0.088217,0.317305,-0.948324,0
10727,10.7833,0.115833,0.0277,8.4276,0.088133,0.313164,-0.949699,0
10728,10.8,0.114567,0.0266,8.5156,0.087967,0.309017,-0.951057,0
10729,10.8167,0.116183,0.0254,8.6064,0.090783,0.304864,-0.952396,0
10730,10.8333,0.1104,0.0266,8.6902,0.0838,0.300706,-0.953717,0
10731,10.85,0.112,0.0267,8.7755,0.0853,0.296542,-0.95502,0
10732,10.8667,0.117717,0.0281,8.8651,0.089617,0.292372,-0.956305,0
10733,10.8833,0.116667,0.0272,8.9546,0.089467,0.288196,-0.957571,0
10734,10.9,0.112133,0.0229,9.0438,0.089233,0.284015,-0.95882,0
10735,10.9167,0.115733,0.0283,9.1312,0.087433,0.279829,-0.96005,0
10736,10.9333,0.11505,0.028,9.2182,0.08705,0.275637,-0.961262,0
10737,10.95,0.113917,0.0286,9.3035,0.085317,0.27144,-0.962455,0
10738,10.9667,0.116783,0.0296,9.3907,0.087183,0.267238,-0.96363,0
10739,10.9833,0.114983,0.0233,9.4824,0.091683,0.263031,-0.964787,0
10740,11.0,0.1145,0.0264,9.5705,0.0881,0.258819,-0.965926,0
10741,11.0167,0.1157,0.0254,9.6608,0.0903,0.254602,-0.967046,0
10742,11.0333,0.116683,0.0274,9.7501,0.089283,0.25038,-0.968148,0
10743,11.05,0.118933,0.026,9.843,0.092933,0.246153,-0.969231,0
10744,11.0667,0.116183,0.0294,9.9298,0.086783,0.241922,-0.970296,0
10745,11.0833,0.1142,0.0245,10.0195,0.0897,0.237686,-0.971342,0
10746,11.1,0.118617,0.0267,10.1114,0.091917,0.233445,-0.97237,0
10747,11.1167,0.11805,0.0282,10.2012,0.08985,0.2292,-0.973379,0
10748,11.1333,0.113517,0.0271,10.2876,0.086417,0.224951,-0.97437,0
10749,11.15,0.120783,0.0286,10.3798,0.092183,0.220697,-0.975342,0
10750,11.1667,0.115433,0.0268,10.4684,0.088633,0.21644,-0.976296,0
10751,11.1833,0.11885,0.025,10.5623,0.09385,0.212178,-0.977231,0
10752,11.2,0.120433,0.0314,10.6513,0.089033,0.207912,-0.978148,0
10753,11.2167,0.1236,0.0251,10.7498,0.0985,0.203642,-0.979045,0
10754,11.2333,0.116217,0.0275,10.8385,0.088717,0.199368,-0.979925,0
10755,11.25,0.119267,0.0278,10.93,0.091467,0.19509,-0.980785,0
10756,11.2667,0.1191,0.0263,11.0228,0.0928,0.190809,-0.981627,0
10757,11.2833,0.115667,0.0235,11.115,0.092167,0.186524,-0.98245,0
10758,11.3,0.1145,0.0279,11.2016,0.0866,0.182236,-0.983255,0
10759,11.3167,0.116817,0.0258,11.2926,0.091017,0.177944,-0.984041,0
10760,11.3333,0.120183,0.0254,11.3874,0.094783,0.173648,-0.984808,0
10761,11.35,0.118467,0.0286,11.4773,0.089867,0.16935,-0.985556,0
10762,11.3667,0.118583,0.0276,11.5683,0.090983,0.165048,-0.986286,0
10763,11.3833,0.117417,0.0264,11.6593,0.091017,0.160743,-0.986996,0
10764,11.4,0.120267,0.028,11.7516,0.092267,0.156434,-0.987688,0
10765,11.4167,0.122333,0.0281,11.8458,0.094233,0.152123,-0.988362,0
10766,11.4333,0.119167,0.0292,11.9358,0.089967,0.147809,-0.989016,0
10767,11.45,0.120367,0.0259,12.0303,0.094467,0.143493,-0.989651,0
10768,11.4667,0.1187,0.0272,12.1218,0.0915,0.139173,-0.990268,0
10769,11.4833,0.114617,0.0241,12.2123,0.090517,0.134851,-0.990866,0
10770,11.5,0.122183,0.0266,12.3079,0.095583,0.130526,-0.991445,0
10771,11.5167,0.117583,0.0244,12.4011,0.093183,0.126199,-0.992005,0
10772,11.5333,0.117617,0.0211,12.4976,0.096517,0.121869,-0.992546,0
10773,11.55,0.120717,0.0258,12.5925,0.094917,0.117537,-0.993068,0
10774,11.5667,0.120667,0.0287,12.6845,0.091967,0.113203,-0.993572,0
10775,11.5833,0.112533,0.0249,12.7721,0.087633,0.108867,-0.994056,0
10776,11.6,0.119783,0.0279,12.864,0.091883,0.104528,-0.994522,0
10777,11.6167,0.116017,0.0283,12.9517,0.087717,0.100188,-0.994969,0
10778,11.6333,0.116617,0.027,13.0413,0.089617,0.095846,-0.995396,0
10779,11.65,0.1194,0.0266,13.1341,0.0928,0.091502,-0.995805,0
10780,11.6667,0.120083,0.0271,13.2271,0.092983,0.087156,-0.996195,0
10781,11.6833,0.121633,0.0245,13.3242,0.097133,0.082808,-0.996566,0
10782,11.7,0.118183,0.0255,13.4169,0.092683,0.078459,-0.996917,0
10783,11.7167,0.119867,0.0251,13.5117,0.094767,0.074108,-0.99725,0
10784,11.7333,0.126317,0.0265,13.6115,0.099817,0.069756,-0.997564,0
10785,11.75,0.117733,0.0266,13.7026,0.091133,0.065403,-0.997859,0
10786,11.7667,0.116367,0.0253,13.7937,0.091067,0.061049,-0.998135,0
10787,11.7833,0.1182,0.0258,13.8861,0.0924,0.056693,-0.998392,0
10788,11.8,0.116433,0.0262,13.9763,0.090233,0.052336,-0.99863,0
10789,11.8167,0.116517,0.0277,14.0651,0.088817,0.047978,-0.998848,0
10790,11.8333,0.119683,0.0255,14.1593,0.094183,0.043619,-0.999048,0
10791,11.85,0.118883,0.0293,14.2489,0.089583,0.03926,-0.999229,0
10792,11.8667,0.122783,0.0266,14.3451,0.096183,0.034899,-0.999391,0
10793,11.8833,0.124333,0.0275,14.4419,0.096833,0.030539,-0.999534,0
10794,11.9,0.118167,0.0295,14.5306,0.088667,0.026177,-0.999657,0
10795,11.9167,0.121717,0.0264,14.6259,0.095317,0.021815,-0.999762,0
10796,11.9333,0.117067,0.0263,14.7167,0.090767,0.017452,-0.999848,0
10797,11.95,0.12365,0.0299,14.8104,0.09375,0.01309,-0.999914,0
10798,11.9667,0.117133,0.0235,14.904,0.093633,0.008727,-0.999962,0
10799,11.9833,0.122117,0.0286,14.9975,0.093517,0.004363,-0.99999,0
10800,12.0,0.116467,0.0284,15.0,0.088067,0.0,-1.0,0
10801,12.0167,0.125817,0.0252,15.0,0.100617,-0.004363,-0.99999,0
10802,12.0333,0.123517,0.0242,15.0,0.099317,-0.008727,-0.999962,0
10803,12.05,0.12405,0.0277,15.0,0.09635,-0.01309,-0.999914,0
10804,12.0667,0.118083,0.0226,15.0,0.095483,-0.017452,-0.999848,0
10805,12.0833,0.118067,0.029,15.0,0.089067,-0.021815,-0.999762,0
10806,12.1,0.118483,0.0269,15.0,0.091583,-0.026177,-0.999657,0
10807,12.1167,0.123833,0.0236,15.0,0.100233,-0.030539,-0.999534,0
10808,12.1333,0.116567,0.0296,15.0,0.086967,-0.034899,-0.999391,0
10809,12.15,0.11915,0.0272,15.0,0.09195,-0.03926,-0.999229,0
10810,12.1667,0.12105,0.0279,15.0,0.09315,-0.043619,-0.999048,0
10811,12.1833,0.120033,0.0282,15.0,0.091833,-0.047978,-0.998848,0
10812,12.2,0.124017,0.0247,15.0,0.099317,-0.052336,-0.99863,0
10813,12.2167,0.118767,0.0203,15.0,0.098467,-0.056693,-0.998392,0
10814,12.2333,0.121517,0.0271,15.0,0.094417,-0.061049,-0.998135,0
10815,12.25,0.118683,0.0263,15.0,0.092383,-0.065403,-0.997859,0
10816,12.2667,0.120133,0.0231,15.0,0.097033,-0.069756,-0.997564,0
10817,12.2833,0.122567,0.0274,15.0,0.095167,-0.074108,-0.99725,0
10818,12.3,0.120783,0.0283,15.0,0.092483,-0.078459,-0.996917,0
10819,12.3167,0.11745,0.0281,15.0,0.08935,-0.082808,-0.996566,0
10820,12.3333,0.122017,0.0282,15.0,0.093817,-0.087156,-0.996195,0
10821,12.35,0.123017,0.028,15.0,0.095017,-0.091502,-0.995805,0
10822,12.3667,0.118967,0.024,15.0,0.094967,-0.095846,-0.995396,0
10823,12.3833,0.121817,0.0267,15.0,0.095117,-0.100188,-0.994969,0
10824,12.4,0.1221,0.0265,15.0,0.0956,-0.104528,-0.994522,0
10825,12.4167,0.117233,0.0269,15.0,0.090333,-0.108867,-0.994056,0
10826,12.4333,0.120017,0.0276,15.0,0.092417,-0.113203,-0.993572,0
10827,12.45,0.120817,0.0249,15.0,0.095917,-0.117537,-0.993068,0
10828,12.4667,0.1212,0.0253,15.0,0.0959,-0.121869,-0.992546,0
10829,12.4833,0.1216,0.0264,15.0,0.0952,-0.126199,-0.992005,0
10830,12.5,0.121283,0.0261,15.0,0.095183,-0.130526,-0.991445,0
10831,12.5167,0.118433,0.0242,15.0,0.094233,-0.134851,-0.990866,0
10832,12.5333,0.117967,0.0268,15.0,0.091167,-0.139173,-0.990268,0
10833,12.55,0.11845,0.0264,15.0,0.09205,-0.143493,-0.989651,0
10834,12.5667,0.117667,0.0283,15.0,0.089367,-0.147809,-0.989016,0
10835,12.5833,0.122583,0.0284,15.0,0.094183,-0.152123,-0.988362,0
10836,12.6,0.122017,0.029,15.0,0.093017,-0.156434,-0.987688,0
10837,12.6167,0.121533,0.0261,15.0,0.095433,-0.160743,-0.986996,0
10838,12.6333,0.11845,0.0252,15.0,0.09325,-0.165048,-0.986286,0
10839,12.65,0.118533,0.0267,15.0,0.091833,-0.16935,-0.985556,0
10840,12.6667,0.121633,0.03,15.0,0.091633,-0.173648,-0.984808,0
10841,12.6833,0.11995,0.0283,15.0,0.09165,-0.177944,-0.984041,0
10842,12.7,0.122317,0.0245,15.0,0.097817,-0.182236,-0.983255,0
10843,12.7167,0.119017,0.0253,15.0,0.093717,-0.186524,-0.98245,0
10844,12.7333,0.11695,0.0291,15.0,0.08785,-0.190809,-0.981627,0
10845,12.75,0.11565,0.0259,15.0,0.08975,-0.19509,-0.980785,0
10846,12.7667,0.116167,0.0224,15.0,0.093767,-0.199368,-0.979925,0
10847,12.7833,0.114117,0.0312,15.0,0.082917,-0.203642,-0.979045,0
10848,12.8,0.116617,0.0303,15.0,0.086317,-0.207912,-0.978148,0
10849,12.8167,0.114117,0.0284,15.0,0.085717,-0.212178,-0.977231,0
10850,12.8333,0.11995,0.0243,15.0,0.09565,-0.21644,-0.976296,0
10851,12.85,0.119,0.0294,15.0,0.0896,-0.220697,-0.975342,0
10852,12.8667,0.1124,0.0264,15.0,0.086,-0.224951,-0.97437,0
10853,12.8833,0.111267,0.0274,15.0,0.083867,-0.2292,-0.973379,0
10854,12.9,0.11675,0.0273,15.0,0.08945,-0.233445,-0.97237,0
10855,12.9167,0.115417,0.0254,15.0,0.090017,-0.237686,-0.971342,0
10856,12.9333,0.117283,0.0308,15.0,0.086483,-0.241922,-0.970296,0
10857,12.95,0.1213,0.0245,15.0,0.0968,-0.246153,-0.969231,0
10858,12.9667,0.1132,0.0252,15.0,0.088,-0.25038,-0.968148,0
10859,12.9833,0.115133,0.027,15.0,0.088133,-0.254602,-0.967046,0
10860,13.0,0.117317,0.0242,15.0,0.093117,-0.258819,-0.965926,0
10861,13.0167,0.111933,0.0243,15.0,0.087633,-0.263031,-0.964787,0
10862,13.0333,0.118033,0.0291,15.0,0.088933,-0.267238,-0.96363,0
10863,13.05,0.1197,0.0253,15.0,0.0944,-0.27144,-0.962455,0
10864,13.0667,0.121,0.0281,15.0,0.0929,-0.275637,-0.961262,0
10865,13.0833,0.11555,0.0234,15.0,0.09215,-0.279829,-0.96005,0
10866,13.1,0.113283,0.0232,15.0,0.090083,-0.284015,-0.95882,0
10867,13.1167,0.114533,0.0275,15.0,0.087033,-0.288196,-0.957571,0
10868,13.1333,0.119733,0.028,15.0,0.091733,-0.292372,-0.956305,0
10869,13.15,0.11615,0.0288,15.0,0.08735,-0.296542,-0.95502,0
10870,13.1667,0.111967,0.0273,15.0,0.084667,-0.300706,-0.953717,0
10871,13.1833,0.113067,0.0243,15.0,0.088767,-0.304864,-0.952396,0
10872,13.2,0.111,0.0274,15.0,0.0836,-0.309017,-0.951057,0
10873,13.2167,0.116283,0.0285,15.0,0.087783,-0.313164,-0.949699,0
10874,13.2333,0.113,0.0228,15.0,0.0902,-0.317305,-0.948324,0
10875,13.25,0.113667,0.0308,15.0,0.082867,-0.321439,-0.94693,0
10876,13.2667,0.111817,0.0283,15.0,0.083517,-0.325568,-0.945519,0
10877,13.2833,0.113767,0.0257,15.0,0.088067,-0.329691,-0.944089,0
10878,13.3,0.1183,0.0274,15.0,0.0909,-0.333807,-0.942641,0
10879,13.3167,0.108767,0.0258,15.0,0.082967,-0.337917,-0.941176,0
10880,13.3333,0.112417,0.0286,15.0,0.083817,-0.34202,-0.939693,0
10881,13.35,0.109267,0.029,15.0,0.080267,-0.346117,-0.938191,0
10882,13.3667,0.117717,0.0279,15.0,0.089817,-0.350207,-0.936672,0
10883,13.3833,0.113233,0.026,15.0,0.087233,-0.354291,-0.935135,0
10884,13.4,0.111417,0.0267,15.0,0.084717,-0.358368,-0.93358,0
10885,13.4167,0.111833,0.0277,15.0,0.084133,-0.362438,-0.932008,0
10886,13.4333,0.111267,0.025,15.0,0.086267,-0.366501,-0.930418,0
10887,13.45,0.108533,0.0248,15.0,0.083733,-0.370557,-0.92881,0
10888,13.4667,0.112467,0.0257,15.0,0.086767,-0.374607,-0.927184,0
10889,13.4833,0.111633,0.0261,15.0,0.085533,-0.378649,-0.925541,0
10890,13.5,0.113833,0.0276,15.0,0.086233,-0.382683,-0.92388,0
10891,13.5167,0.1108,0.0295,15.0,0.0813,-0.386711,-0.922201,0
10892,13.5333,0.1135,0.0279,15.0,0.0856,-0.390731,-0.920505,0
10893,13.55,0.113367,0.0257,15.0,0.087667,-0.394744,-0.918791,0
10894,13.5667,0.109883,0.0277,15.0,0.082183,-0.398749,-0.91706,0
10895,13.5833,0.116083,0.0247,15.0,0.091383,-0.402747,-0.915311,0
10896,13.6,0.11405,0.0256,15.0,0.08845,-0.406737,-0.913545,0
10897,13.6167,0.108767,0.0234,15.0,0.085367,-0.410719,-0.911762,0
10898,13.6333,0.109483,0.0267,15.0,0.082783,-0.414693,-0.909961,0
10899,13.65,0.107783,0.0292,15.0,0.078583,-0.41866,-0.908143,0
10900,13.6667,0.107067,0.0246,15.0,0.082467,-0.422618,-0.906308,0
10901,13.6833,0.1091,0.0252,15.0,0.0839,-0.426569,-0.904455,0
10902,13.7,0.108467,0.0247,15.0,0.083767,-0.430511,-0.902585,0
10903,13.7167,0.107917,0.0269,15.0,0.081017,-0.434445,-0.900698,0
10904,13.7333,0.1042,0.0286,15.0,0.0756,-0.438371,-0.898794,0
10905,13.75,0.1081,0.0248,15.0,0.0833,-0.442289,-0.896873,0
10906,13.7667,0.10785,0.0274,15.0,0.08045,-0.446198,-0.894934,0
10907,13.7833,0.104217,0.0258,15.0,0.078417,-0.450098,-0.892979,0
10908,13.8,0.104667,0.0296,15.0,0.075067,-0.45399,-0.891007,0
10909,13.8167,0.11115,0.0263,15.0,0.08485,-0.457874,-0.889017,0
10910,13.8333,0.1064,0.0253,15.0,0.0811,-0.461749,-0.887011,0
10911,13.85,0.108983,0.0279,15.0,0.081083,-0.465615,-0.884988,0
10912,13.8667,0.10445,0.0277,15.0,0.07675,-0.469472,-0.882948,0
10913,13.8833,0.10285,0.0266,15.0,0.07625,-0.47332,-0.880891,0
10914,13.9,0.10435,0.0297,15.0,0.07465,-0.477159,-0.878817,0
10915,13.9167,0.1066,0.0284,15.0,0.0782,-0.480989,-0.876727,0
10916,13.9333,0.107167,0.0279,15.0,0.079267,-0.48481,-0.87462,0
10917,13.95,0.10285,0.0253,15.0,0.07755,-0.488621,-0.872496,0
10918,13.9667,0.105417,0.0256,15.0,0.079817,-0.492424,-0.870356,0
10919,13.9833,0.105317,0.0284,15.0,0.076917,-0.496217,-0.868199,0
10920,14.0,0.10025,0.026,15.0,0.07425,-0.5,-0.866025,0
10921,14.0167,0.101583,0.0275,15.0,0.074083,-0.503774,-0.863836,0
10922,14.0333,0.1056,0.0259,15.0,0.0797,-0.507538,-0.861629,0
10923,14.05,0.10155,0.0256,15.0,0.07595,-0.511293,-0.859406,0
10924,14.0667,0.101883,0.0268,15.0,0.075083,-0.515038,-0.857167,0
10925,14.0833,0.099267,0.0267,15.0,0.072567,-0.518773,-0.854912,0
10926,14.1,0.10455,0.0239,15.0,0.08065,-0.522499,-0.85264,0
10927,14.1167,0.099417,0.0289,15.0,0.070517,-0.526214,-0.850352,0
10928,14.1333,0.099067,0.024,15.0,0.075067,-0.529919,-0.848048,0
10929,14.15,0.0994,0.0245,15.0,0.0749,-0.533615,-0.845728,0
10930,14.1667,0.102483,0.0261,15.0,0.076383,-0.5373,-0.843391,0
10931,14.1833,0.104483,0.0254,15.0,0.079083,-0.540974,-0.841039,0
10932,14.2,0.1026,0.0219,15.0,0.0807,-0.544639,-0.838671,0
10933,14.2167,0.09995,0.0274,15.0,0.07255,-0.548293,-0.836286,0
10934,14.2333,0.09535,0.0249,15.0,0.07045,-0.551937,-0.833886,0
10935,14.25,0.100633,0.026,15.0,0.074633,-0.55557,-0.83147,0
10936,14.2667,0.096783,0.026,15.0,0.070783,-0.559193,-0.829038,0
10937,14.2833,0.0969,0.0262,15.0,0.0707,-0.562805,-0.82659,0
10938,14.3,0.0935,0.0291,15.0,0.0644,-0.566406,-0.824126,0
10939,14.3167,0.097817,0.0259,15.0,0.071917,-0.569997,-0.821647,0
10940,14.3333,0.098367,0.0248,15.0,0.073567,-0.573576,-0.819152,0
10941,14.35,0.0978,0.0248,15.0,0.073,-0.577145,-0.816642,0
10942,14.3667,0.1004,0.0264,15.0,0.074,-0.580703,-0.814116,0
10943,14.3833,0.095917,0.0288,15.0,0.067117,-0.58425,-0.811574,0
10944,14.4,0.09935,0.0237,15.0,0.07565,-0.587785,-0.809017,0
10945,14.4167,0.09675,0.0265,15.0,0.07025,-0.59131,-0.806445,0
10946,14.4333,0.099217,0.026,15.0,0.073217,-0.594823,-0.803857,0
10947,14.45,0.098117,0.0268,15.0,0.071317,-0.598325,-0.801254,0
10948,14.4667,0.0979,0.0271,15.0,0.0708,-0.601815,-0.798636,0
10949,14.4833,0.0918,0.0253,15.0,0.0665,-0.605294,-0.796002,0
10950,14.5,0.09495,0.0277,15.0,0.06725,-0.608761,-0.793353,0
10951,14.5167,0.092867,0.0263,15.0,0.066567,-0.612217,-0.79069,0
10952,14.5333,0.1011,0.027,15.0,0.0741,-0.615661,-0.788011,0
10953,14.55,0.09475,0.028,15.0,0.06675,-0.619094,-0.785317,0
10954,14.5667,0.08865,0.0275,15.0,0.06115,-0.622515,-0.782608,0
10955,14.5833,0.097067,0.0255,15.0,0.071567,-0.625923,-0.779884,0
10956,14.6,0.089717,0.0283,15.0,0.061417,-0.62932,-0.777146,0
10957,14.6167,0.0964,0.0298,15.0,0.0666,-0.632705,-0.774393,0
10958,14.6333,0.090333,0.025,15.0,0.065333,-0.636078,-0.771625,0
10959,14.65,0.093883,0.0253,15.0,0.068583,-0.639439,-0.768842,0
10960,14.6667,0.09115,0.0276,15.0,0.06355,-0.642788,-0.766044,0
10961,14.6833,0.094217,0.0265,15.0,0.067717,-0.646124,-0.763232,0
10962,14.7,0.095583,0.0257,15.0,0.069883,-0.649448,-0.760406,0
10963,14.7167,0.089233,0.0262,15.0,0.063033,-0.65276,-0.757565,0
10964,14.7333,0.0917,0.0271,15.0,0.0646,-0.656059,-0.75471,0
10965,14.75,0.087283,0.0285,15.0,0.058783,-0.659346,-0.75184,0
10966,14.7667,0.087717,0.0258,15.0,0.061917,-0.66262,-0.748956,0
10967,14.7833,0.088533,0.0247,15.0,0.063833,-0.665882,-0.746057,0
10968,14.8,0.091567,0.0272,15.0,0.064367,-0.669131,-0.743145,0
10969,14.8167,0.090717,0.0263,15.0,0.064417,-0.672367,-0.740218,0
10970,14.8333,0.091733,0.0266,15.0,0.065133,-0.67559,-0.737277,0
10971,14.85,0.083217,0.0271,15.0,0.056117,-0.678801,-0.734323,0
10972,14.8667,0.0932,0.0278,15.0,0.0654,-0.681998,-0.731354,0
10973,14.8833,0.085383,0.0253,15.0,0.060083,-0.685183,-0.728371,0
10974,14.9,0.090833,0.0278,15.0,0.063033,-0.688355,-0.725374,0
10975,14.9167,0.0867,0.0239,15.0,0.0628,-0.691513,-0.722364,0
10976,14.9333,0.087167,0.0259,15.0,0.061267,-0.694658,-0.71934,0
10977,14.95,0.0874,0.0284,15.0,0.059,-0.69779,-0.716302,0
10978,14.9667,0.082317,0.0274,15.0,0.054917,-0.700909,-0.71325,0
10979,14.9833,0.0814,0.0279,15.0,0.0535,-0.704015,-0.710185,0
10980,15.0,0.085,0.0266,15.0,0.0584,-0.707107,-0.707107,0
10981,15.0167,0.0875,0.0236,15.0,0.0639,-0.710185,-0.704015,0
10982,15.0333,0.085483,0.0268,15.0,0.058683,-0.71325,-0.700909,0
10983,15.05,0.080867,0.0267,15.0,0.054167,-0.716302,-0.69779,0
10984,15.0667,0.087717,0.0834,15.0,0.004317,-0.71934,-0.694658,0
10985,15.0833,0.08455,0.0826,15.0,0.00195,-0.722364,-0.691513,0
10986,15.1,0.079967,0.0839,14.9961,-0.003933,-0.725374,-0.688355,0
10987,15.1167,0.082833,0.0842,14.9947,-0.001367,-0.728371,-0.685183,0
10988,15.1333,0.080017,0.0881,14.9866,-0.008083,-0.731354,-0.681998,0
10989,15.15,0.082633,0.0869,14.9823,-0.004267,-0.734323,-0.678801,0
10990,15.1667,0.080117,0.0854,14.977,-0.005283,-0.737277,-0.67559,0
10991,15.1833,0.079117,0.0828,14.9733,-0.003683,-0.740218,-0.672367,0
10992,15.2,0.078833,0.0839,14.9682,-0.005067,-0.743145,-0.669131,0
10993,15.2167,0.082667,0.0842,14.9667,-0.001533,-0.746057,-0.665882,0
10994,15.2333,0.080217,0.0884,14.9585,-0.008183,-0.748956,-0.66262,0
10995,15.25,0.080833,0.083,14.9563,-0.002167,-0.75184,-0.659346,0
10996,15.2667,0.075633,0.0867,14.9452,-0.011067,-0.75471,-0.656059,0
10997,15.2833,0.080967,0.0887,14.9375,-0.007733,-0.757565,-0.65276,0
10998,15.3,0.076383,0.0848,14.9291,-0.008417,-0.760406,-0.649448,0
10999,15.3167,0.081367,0.0864,14.9241,-0.005033,-0.763232,-0.646124,0
11000,15.3333,0.076633,0.0859,14.9148,-0.009267,-0.766044,-0.642788,0
11001,15.35,0.081767,0.0864,14.9102,-0.004633,-0.768842,-0.639439,0
11002,15.3667,0.080583,0.0876,14.9032,-0.007017,-0.771625,-0.636078,0
11003,15.3833,0.074767,0.0845,14.8935,-0.009733,-0.774393,-0.632705,0
11004,15.4,0.075183,0.0842,14.8845,-0.009017,-0.777146,-0.62932,0
11005,15.4167,0.07355,0.0858,14.8723,-0.01225,-0.779884,-0.625923,0
11006,15.4333,0.0749,0.0869,14.8603,-0.012,-0.782608,-0.622515,0
11007,15.45,0.0748,0.0868,14.8483,-0.012,-0.785317,-0.619094,0
11008,15.4667,0.073783,0.0857,14.8364,-0.011917,-0.788011,-0.615661,0
11009,15.4833,0.07275,0.0855,14.8236,-0.01275,-0.79069,-0.612217,0
11010,15.5,0.076617,0.0885,14.8117,-0.011883,-0.793353,-0.608761,0
11011,15.5167,0.069617,0.0849,14.7964,-0.015283,-0.796002,-0.605294,0
11012,15.5333,0.073433,0.086,14.7838,-0.012567,-0.798636,-0.601815,0
11013,15.55,0.071867,0.0875,14.7682,-0.015633,-0.801254,-0.598325,0
11014,15.5667,0.0746,0.0878,14.755,-0.0132,-0.803857,-0.594823,0
11015,15.5833,0.075683,0.0857,14.745,-0.010017,-0.806445,-0.59131,0
11016,15.6,0.067317,0.0848,14.7275,-0.017483,-0.809017,-0.587785,0
11017,15.6167,0.069267,0.0887,14.7081,-0.019433,-0.811574,-0.58425,0
11018,15.6333,0.067733,0.0857,14.6901,-0.017967,-0.814116,-0.580703,0
11019,15.65,0.070533,0.0852,14.6754,-0.014667,-0.816642,-0.577145,0
11020,15.6667,0.068883,0.0837,14.6606,-0.014817,-0.819152,-0.573576,0
11021,15.6833,0.070067,0.0872,14.6435,-0.017133,-0.821647,-0.569997,0
11022,15.7,0.0719,0.086,14.6294,-0.0141,-0.824126,-0.566406,0
11023,15.7167,0.0683,0.0874,14.6103,-0.0191,-0.82659,-0.562805,0
11024,15.7333,0.0677,0.0887,14.5893,-0.021,-0.829038,-0.559193,0
11025,15.75,0.063467,0.0832,14.5696,-0.019733,-0.83147,-0.55557,0
11026,15.7667,0.067967,0.0864,14.5512,-0.018433,-0.833886,-0.551937,0
11027,15.7833,0.0672,0.0868,14.5316,-0.0196,-0.836286,-0.548293,0
11028,15.8,0.063617,0.0828,14.5124,-0.019183,-0.838671,-0.544639,0
11029,15.8167,0.06205,0.0848,14.4896,-0.02275,-0.841039,-0.540974,0
11030,15.8333,0.065133,0.0827,14.472,-0.017567,-0.843391,-0.5373,0
11031,15.85,0.06535,0.0818,14.4556,-0.01645,-0.845728,-0.533615,0
11032,15.8667,0.063167,0.0819,14.4369,-0.018733,-0.848048,-0.529919,0
11033,15.8833,0.05715,0.0894,14.4047,-0.03225,-0.850352,-0.526214,0
11034,15.9,0.062817,0.0861,14.3814,-0.023283,-0.85264,-0.522499,0
11035,15.9167,0.0632,0.0852,14.3594,-0.022,-0.854912,-0.518773,0
11036,15.9333,0.063183,0.084,14.3386,-0.020817,-0.857167,-0.515038,0
11037,15.95,0.0626,0.0838,14.3174,-0.0212,-0.859406,-0.511293,0
11038,15.9667,0.059067,0.0876,14.2889,-0.028533,-0.861629,-0.507538,0
11039,15.9833,0.054533,0.085,14.2584,-0.030467,-0.863836,-0.503774,0
11040,16.0,0.057,0.0845,14.2309,-0.0275,-0.866025,-0.5,0
11041,16.0167,0.0567,0.0872,14.2004,-0.0305,-0.868199,-0.496217,0
11042,16.0333,0.0578,0.0859,14.1723,-0.0281,-0.870356,-0.492424,0
11043,16.05,0.059733,0.0857,14.1463,-0.025967,-0.872496,-0.488621,0
11044,16.0667,0.058717,0.0844,14.1206,-0.025683,-0.87462,-0.48481,0
11045,16.0833,0.05715,0.0827,14.0951,-0.02555,-0.876727,-0.480989,0
11046,16.1,0.056933,0.0877,14.0643,-0.030767,-0.878817,-0.477159,0
11047,16.1167,0.054983,0.0839,14.0354,-0.028917,-0.880891,-0.47332,0
11048,16.1333,0.05545,0.0888,14.0021,-0.03335,-0.882948,-0.469472,0
11049,16.15,0.0551,0.0809,13.9763,-0.0258,-0.884988,-0.465615,0
11050,16.1667,0.053967,0.084,13.9463,-0.030033,-0.887011,-0.461749,0
11051,16.1833,0.059133,0.0284,13.977,0.030733,-0.889017,-0.457874,0
11052,16.2,0.056767,0.0275,14.0063,0.029267,-0.891007,-0.45399,0
11053,16.2167,0.051567,0.0262,14.0317,0.025367,-0.892979,-0.450098,0
11054,16.2333,0.060067,0.026,14.0658,0.034067,-0.894934,-0.446198,0
11055,16.25,0.050117,0.0274,14.0885,0.022717,-0.896873,-0.442289,0
11056,16.2667,0.056833,0.0308,14.1145,0.026033,-0.898794,-0.438371,0
11057,16.2833,0.056283,0.0254,14.1454,0.030883,-0.900698,-0.434445,0
11058,16.3,0.05385,0.0286,14.1707,0.02525,-0.902585,-0.430511,0
11059,16.3167,0.04815,0.0243,14.1945,0.02385,-0.904455,-0.426569,0
11060,16.3333,0.051217,0.0263,14.2194,0.024917,-0.906308,-0.422618,0
11061,16.35,0.049833,0.024,14.2452,0.025833,-0.908143,-0.41866,0
11062,16.3667,0.0515,0.028,14.2687,0.0235,-0.909961,-0.414693,0
11063,16.3833,0.053783,0.0287,14.2938,0.025083,-0.911762,-0.410719,0
11064,16.4,0.045033,0.0294,14.3094,0.015633,-0.913545,-0.406737,0
11065,16.4167,0.048883,0.0272,14.3311,0.021683,-0.915311,-0.402747,0
11066,16.4333,0.047767,0.0236,14.3553,0.024167,-0.91706,-0.398749,0
11067,16.45,0.049433,0.0246,14.3801,0.024833,-0.918791,-0.394744,0
11068,16.4667,0.0438,0.0291,14.3948,0.0147,-0.920505,-0.390731,0
11069,16.4833,0.0436,0.0256,14.4128,0.018,-0.922201,-0.386711,0
11070,16.5,0.04945,0.0293,14.433,0.02015,-0.92388,-0.382683,0
11071,16.5167,0.044833,0.0269,14.4509,0.017933,-0.925541,-0.378649,0
11072,16.5333,0.050083,0.0232,14.4778,0.026883,-0.927184,-0.374607,0
11073,16.55,0.044317,0.0265,14.4956,0.017817,-0.92881,-0.370557,0
11074,16.5667,0.043517,0.0249,14.5142,0.018617,-0.930418,-0.366501,0
11075,16.5833,0.044217,0.0223,14.5361,0.021917,-0.932008,-0.362438,0
11076,16.6,0.038633,0.0298,14.5449,0.008833,-0.93358,-0.358368,0
11077,16.6167,0.044233,0.0225,14.5666,0.021733,-0.935135,-0.354291,0
11078,16.6333,0.04295,0.0252,14.5843,0.01775,-0.936672,-0.350207,0
11079,16.65,0.038783,0.0243,14.5988,0.014483,-0.938191,-0.346117,0
11080,16.6667,0.043117,0.0275,14.6144,0.015617,-0.939693,-0.34202,0
11081,16.6833,0.035467,0.0259,14.624,0.009567,-0.941176,-0.337917,0
11082,16.7,0.04745,0.0244,14.6471,0.02305,-0.942641,-0.333807,0
11083,16.7167,0.040917,0.0304,14.6576,0.010517,-0.944089,-0.329691,0
11084,16.7333,0.040067,0.0274,14.6703,0.012667,-0.945519,-0.325568,0
11085,16.75,0.038833,0.0269,14.6822,0.011933,-0.94693,-0.321439,0
11086,16.7667,0.036283,0.0252,14.6933,0.011083,-0.948324,-0.317305,0
11087,16.7833,0.037733,0.0235,14.7075,0.014233,-0.949699,-0.313164,0
11088,16.8,0.040617,0.0257,14.7224,0.014917,-0.951057,-0.309017,0
11089,16.8167,0.0384,0.0282,14.7326,0.0102,-0.952396,-0.304864,0
11090,16.8333,0.03605,0.0302,14.7384,0.00585,-0.953717,-0.300706,0
11091,16.85,0.037733,0.0241,14.752,0.013633,-0.95502,-0.296542,0
11092,16.8667,0.03465,0.0283,14.7584,0.00635,-0.956305,-0.292372,0
11093,16.8833,0.033033,0.029,14.7624,0.004033,-0.957571,-0.288196,0
11094,16.9,0.032033,0.0231,14.7713,0.008933,-0.95882,-0.284015,0
11095,16.9167,0.030533,0.0265,14.7753,0.004033,-0.96005,-0.279829,0
11096,16.9333,0.038033,0.0248,14.7885,0.013233,-0.961262,-0.275637,0
11097,16.95,0.032117,0.0227,14.7979,0.009417,-0.962455,-0.27144,0
11098,16.9667,0.03,0.024,14.8039,0.006,-0.96363,-0.267238,0
11099,16.9833,0.0335,0.0278,14.8096,0.0057,-0.964787,-0.263031,0
11100,17.0,0.029867,0.0243,14.8152,0.005567,-0.965926,-0.258819,0
11101,17.0167,0.029,0.0336,14.8106,-0.0046,-0.967046,-0.254602,0
11102,17.0333,0.028733,0.0233,14.816,0.005433,-0.968148,-0.25038,0
11103,17.05,0.031683,0.0287,14.819,0.002983,-0.969231,-0.246153,0
11104,17.0667,0.025083,0.0259,14.8182,-0.000817,-0.970296,-0.241922,0
11105,17.0833,0.0277,0.0293,14.8166,-0.0016,-0.971342,-0.237686,0
11106,17.1,0.02535,0.0276,14.8143,-0.00225,-0.97237,-0.233445,0
11107,17.1167,0.029967,0.0242,14.8201,0.005767,-0.973379,-0.2292,0
11108,17.1333,0.024767,0.025,14.8199,-0.000233,-0.97437,-0.224951,0
11109,17.15,0.02245,0.0253,14.8171,-0.00285,-0.975342,-0.220697,0
11110,17.1667,0.029467,0.0269,14.8197,0.002567,-0.976296,-0.21644,0
11111,17.1833,0.0284,0.0289,14.8192,-0.0005,-0.977231,-0.212178,0
11112,17.2,0.0277,0.0279,14.819,-0.0002,-0.978148,-0.207912,0
11113,17.2167,0.02335,0.027,14.8154,-0.00365,-0.979045,-0.203642,0
11114,17.2333,0.021783,0.0253,14.8119,-0.003517,-0.979925,-0.199368,0
11115,17.25,0.026367,0.0272,14.8111,-0.000833,-0.980785,-0.19509,0
11116,17.2667,0.020317,0.0278,14.8036,-0.007483,-0.981627,-0.190809,0
11117,17.2833,0.025217,0.0251,14.8037,0.000117,-0.98245,-0.186524,0
11118,17.3,0.017833,0.0253,14.7962,-0.007467,-0.983255,-0.182236,0
11119,17.3167,0.018817,0.029,14.786,-0.010183,-0.984041,-0.177944,0
11120,17.3333,0.015633,0.0238,14.7778,-0.008167,-0.984808,-0.173648,0
11121,17.35,0.017867,0.0276,14.7681,-0.009733,-0.985556,-0.16935,0
11122,17.3667,0.018817,0.0299,14.757,-0.011083,-0.986286,-0.165048,0
11123,17.3833,0.020417,0.0314,14.746,-0.010983,-0.986996,-0.160743,0
11124,17.4,0.02055,0.0268,14.7398,-0.00625,-0.987688,-0.156434,0
11125,17.4167,0.0226,0.0263,14.7361,-0.0037,-0.988362,-0.152123,0
11126,17.4333,0.020867,0.024,14.733,-0.003133,-0.989016,-0.147809,0
11127,17.45,0.014217,0.0231,14.7241,-0.008883,-0.989651,-0.143493,0
11128,17.4667,0.01665,0.0247,14.7161,-0.00805,-0.990268,-0.139173,0
11129,17.4833,0.0145,0.0262,14.7044,-0.0117,-0.990866,-0.134851,0
11130,17.5,0.01495,0.0215,14.6979,-0.00655,-0.991445,-0.130526,0
11131,17.5167,0.018367,0.0265,14.6898,-0.008133,-0.992005,-0.126199,0
11132,17.5333,0.016317,0.0225,14.6836,-0.006183,-0.992546,-0.121869,0
11133,17.55,0.01495,0.0291,14.6695,-0.01415,-0.993068,-0.117537,0
11134,17.5667,0.014717,0.0265,14.6577,-0.011783,-0.993572,-0.113203,0
11135,17.5833,0.014767,0.025,14.6475,-0.010233,-0.994056,-0.108867,0
11136,17.6,0.012583,0.0262,14.6339,-0.013617,-0.994522,-0.104528,0
11137,17.6167,0.012717,0.0223,14.6243,-0.009583,-0.994969,-0.100188,0
11138,17.6333,0.01255,0.0192,14.6176,-0.00665,-0.995396,-0.095846,0
11139,17.65,0.009067,0.0265,14.6002,-0.017433,-0.995805,-0.091502,0
11140,17.6667,0.014683,0.0288,14.5861,-0.014117,-0.996195,-0.087156,0
11141,17.6833,0.00925,0.0249,14.5704,-0.01565,-0.996566,-0.082808,0
11142,17.7,0.007917,0.0275,14.5508,-0.019583,-0.996917,-0.078459,0
11143,17.7167,0.0092,0.0301,14.5299,-0.0209,-0.99725,-0.074108,0
11144,17.7333,0.007383,0.0274,14.5099,-0.020017,-0.997564,-0.069756,0
11145,17.75,0.007417,0.0303,14.487,-0.022883,-0.997859,-0.065403,0
11146,17.7667,0.008667,0.0269,14.4688,-0.018233,-0.998135,-0.061049,0
11147,17.7833,0.007967,0.0247,14.4521,-0.016733,-0.998392,-0.056693,0
11148,17.8,0.005883,0.0271,14.4309,-0.021217,-0.99863,-0.052336,0
11149,17.8167,0.004,0.0249,14.41,-0.0209,-0.998848,-0.047978,0
11150,17.8333,0.005333,0.0219,14.3934,-0.016567,-0.999048,-0.043619,0
11151,17.85,0.002267,0.0252,14.3705,-0.022933,-0.999229,-0.03926,0
11152,17.8667,0.00375,0.0271,14.3471,-0.02335,-0.999391,-0.034899,0
11153,17.8833,0.0008,0.0261,14.3218,-0.0253,-0.999534,-0.030539,0
11154,17.9,0.005683,0.0244,14.3031,-0.018717,-0.999657,-0.026177,0
11155,17.9167,0.0,0.0278,14.2753,-0.0278,-0.999762,-0.021815,0
11156,17.9333,0.0,0.0268,14.2485,-0.0268,-0.999848,-0.017452,0
11157,17.95,0.0,0.0292,14.2193,-0.0292,-0.999914,-0.01309,0
11158,17.9667,0.0,0.028,14.1913,-0.028,-0.999962,-0.008727,0
11159,17.9833,0.0,0.0289,14.1624,-0.0289,-0.99999,-0.004363,0
11160,18.0,0.00185,0.0583,14.1059,-0.05645,-1.0,-0.0,0
11161,18.0167,0.0,0.0629,14.043,-0.0629,-0.99999,0.004363,0
11162,18.0333,0.0,0.0609,13.9821,-0.0609,-0.999962,0.008727,0
11163,18.05,0.0,0.0626,13.9195,-0.0626,-0.999914,0.01309,0
11164,18.0667,0.0,0.0599,13.8596,-0.0599,-0.999848,0.017452,0
11165,18.0833,0.0,0.0614,13.7982,-0.0614,-0.999762,0.021815,0
11166,18.1,0.0,0.0601,13.7381,-0.0601,-0.999657,0.026177,0
11167,18.1167,0.0,0.0549,13.6832,-0.0549,-0.999534,0.030539,0
11168,18.1333,0.0,0.0628,13.6204,-0.0628,-0.999391,0.034899,0
11169,18.15,0.0,0.0589,13.5615,-0.0589,-0.999229,0.03926,0
11170,18.1667,0.0,0.0616,13.4999,-0.0616,-0.999048,0.043619,0
11171,18.1833,0.0,0.0602,13.4397,-0.0602,-0.998848,0.047978,0
11172,18.2,0.0,0.0629,13.3768,-0.0629,-0.99863,0.052336,0
11173,18.2167,0.0,0.0601,13.3167,-0.0601,-0.998392,0.056693,0
11174,18.2333,0.0,0.0604,13.2563,-0.0604,-0.998135,0.061049,0
11175,18.25,0.0,0.0577,13.1986,-0.0577,-0.997859,0.065403,0
11176,18.2667,0.0,0.0606,13.138,-0.0606,-0.997564,0.069756,0
11177,18.2833,0.0,0.059,13.079,-0.059,-0.99725,0.074108,0
11178,18.3,0.0,0.0612,13.0178,-0.0612,-0.996917,0.078459,0
11179,18.3167,0.0,0.0601,12.9577,-0.0601,-0.996566,0.082808,0
11180,18.3333,0.0,0.0578,12.8999,-0.0578,-0.996195,0.087156,0
11181,18.35,0.0,0.0573,12.8426,-0.0573,-0.995805,0.091502,0
11182,18.3667,0.0,0.0584,12.7842,-0.0584,-0.995396,0.095846,0
11183,18.3833,0.0,0.0598,12.7244,-0.0598,-0.994969,0.100188,0
11184,18.4,0.0,0.0597,12.6647,-0.0597,-0.994522,0.104528,0
11185,18.4167,0.0,0.0599,12.6048,-0.0599,-0.994056,0.108867,0
11186,18.4333,0.0,0.0591,12.5457,-0.0591,-0.993572,0.113203,0
11187,18.45,0.0,0.0601,12.4856,-0.0601,-0.993068,0.117537,0
11188,18.4667,0.0,0.0619,12.4237,-0.0619,-0.992546,0.121869,0
11189,18.4833,0.0,0.0564,12.3673,-0.0564,-0.992005,0.126199,0
11190,18.5,0.0,0.0586,12.3087,-0.0586,-0.991445,0.130526,0
11191,18.5167,0.0,0.058,12.2507,-0.058,-0.990866,0.134851,0
11192,18.5333,0.0,0.0601,12.1906,-0.0601,-0.990268,0.139173,0
11193,18.55,0.0,0.0611,12.1295,-0.0611,-0.989651,0.143493,0
11194,18.5667,0.0,0.059,12.0705,-0.059,-0.989016,0.147809,0
11195,18.5833,0.0,0.0586,12.0119,-0.0586,-0.988362,0.152123,0
11196,18.6,0.0,0.0555,11.9564,-0.0555,-0.987688,0.156434,0
11197,18.6167,0.0,0.0585,11.8979,-0.0585,-0.986996,0.160743,0
11198,18.6333,0.0,0.0631,11.8348,-0.0631,-0.986286,0.165048,0
11199,18.65,0.0,0.0588,11.776,-0.0588,-0.985556,0.16935,0
11200,18.6667,0.0,0.0609,11.7151,-0.0609,-0.984808,0.173648,0
11201,18.6833,0.0,0.0599,11.6552,-0.0599,-0.984041,0.177944,0
11202,18.7,0.0,0.0601,11.5951,-0.0601,-0.983255,0.182236,0
11203,18.7167,0.0,0.0631,11.532,-0.0631,-0.98245,0.186524,0
11204,18.7333,0.0,0.0577,11.4743,-0.0577,-0.981627,0.190809,0
11205,18.75,0.0,0.0613,11.413,-0.0613,-0.980785,0.19509,0
11206,18.7667,0.0,0.0601,11.3529,-0.0601,-0.979925,0.199368,0
11207,18.7833,0.0,0.0602,11.2927,-0.0602,-0.979045,0.203642,0
11208,18.8,0.0,0.0613,11.2314,-0.0613,-0.978148,0.207912,0
11209,18.8167,0.0,0.0614,11.17,-0.0614,-0.977231,0.212178,0
11210,18.8333,0.0,0.0607,11.1093,-0.0607,-0.976296,0.21644,0
11211,18.85,0.0,0.0611,11.0482,-0.0611,-0.975342,0.220697,0
11212,18.8667,0.0,0.0606,10.9876,-0.0606,-0.97437,0.224951,0
11213,18.8833,0.0,0.0612,10.9264,-0.0612,-0.973379,0.2292,0
11214,18.9,0.0,0.0608,10.8656,-0.0608,-0.97237,0.233445,0
11215,18.9167,0.0,0.0616,10.804,-0.0616,-0.971342,0.237686,0
11216,18.9333,0.0,0.0593,10.7447,-0.0593,-0.970296,0.241922,0
11217,18.95,0.0,0.0614,10.6833,-0.0614,-0.969231,0.246153,0
11218,18.9667,0.0,0.0623,10.621,-0.0623,-0.968148,0.25038,0
11219,18.9833,0.0,0.0584,10.5626,-0.0584,-0.967046,0.254602,0
11220,19.0,0.0,0.0565,10.5061,-0.0565,-0.965926,0.258819,0
11221,19.0167,0.0,0.0605,10.4456,-0.0605,-0.964787,0.263031,0
11222,19.0333,0.0,0.0549,10.3907,-0.0549,-0.96363,0.267238,0
11223,19.05,0.0,0.0573,10.3334,-0.0573,-0.962455,0.27144,0
11224,19.0667,0.0,0.0605,10.2729,-0.0605,-0.961262,0.275637,0
11225,19.0833,0.0,0.0586,10.2143,-0.0586,-0.96005,0.279829,0
11226,19.1,0.0,0.0622,10.1521,-0.0622,-0.95882,0.284015,0
11227,19.1167,0.0,0.0586,10.0935,-0.0586,-0.957571,0.288196,0
11228,19.1333,0.0,0.0599,10.0336,-0.0599,-0.956305,0.292372,0
11229,19.15,0.0,0.0602,9.9734,-0.0602,-0.95502,0.296542,0
11230,19.1667,0.0,0.0611,9.9123,-0.0611,-0.953717,0.300706,0
11231,19.1833,0.0,0.0582,9.8541,-0.0582,-0.952396,0.304864,0
11232,19.2,0.0,0.0591,9.795,-0.0591,-0.951057,0.309017,0
11233,19.2167,0.0,0.0597,9.7353,-0.0597,-0.949699,0.313164,0
11234,19.2333,0.0,0.0601,9.6752,-0.0601,-0.948324,0.317305,0
11235,19.25,0.0,0.0592,9.616,-0.0592,-0.94693,0.321439,0
11236,19.2667,0.0,0.0601,9.5559,-0.0601,-0.945519,0.325568,0
11237,19.2833,0.0,0.0598,9.4961,-0.0598,-0.944089,0.329691,0
11238,19.3,0.0,0.061,9.4351,-0.061,-0.942641,0.333807,0
11239,19.3167,0.0,0.0627,9.3724,-0.0627,-0.941176,0.337917,0
11240,19.3333,0.0,0.0575,9.3149,-0.0575,-0.939693,0.34202,0
11241,19.35,0.0,0.0623,9.2526,-0.0623,-0.938191,0.346117,0
11242,19.3667,0.0,0.0586,9.194,-0.0586,-0.936672,0.350207,0
11243,19.3833,0.0,0.0595,9.1345,-0.0595,-0.935135,0.354291,0
11244,19.4,0.0,0.0589,9.0756,-0.0589,-0.93358,0.358368,0
11245,19.4167,0.0,0.0619,9.0137,-0.0619,-0.932008,0.362438,0
11246,19.4333,0.0,0.0605,8.9532,-0.0605,-0.930418,0.366501,0
11247,19.45,0.0,0.0628,8.8904,-0.0628,-0.92881,0.370557,0
11248,19.4667,0.0,0.0632,8.8272,-0.0632,-0.927184,0.374607,0
11249,19.4833,0.0,0.0593,8.7679,-0.0593,-0.925541,0.378649,0
11250,19.5,0.0,0.0605,8.7074,-0.0605,-0.92388,0.382683,0
11251,19.5167,0.0,0.0635,8.6439,-0.0635,-0.922201,0.386711,0
11252,19.5333,0.0,0.0584,8.5855,-0.0584,-0.920505,0.390731,0
11253,19.55,0.0,0.0617,8.5238,-0.0617,-0.918791,0.394744,0
11254,19.5667,0.0,0.0556,8.4682,-0.0556,-0.91706,0.398749,0
11255,19.5833,0.0,0.0582,8.41,-0.0582,-0.915311,0.402747,0
11256,19.6,0.0,0.0591,8.3509,-0.0591,-0.913545,0.406737,0
11257,19.6167,0.0,0.0598,8.2911,-0.0598,-0.911762,0.410719,0
11258,19.6333,0.0,0.0607,8.2304,-0.0607,-0.909961,0.414693,0
11259,19.65,0.0,0.0598,8.1706,-0.0598,-0.908143,0.41866,0
11260,19.6667,0.0,0.0578,8.1128,-0.0578,-0.906308,0.422618,0
11261,19.6833,0.0,0.0587,8.0541,-0.0587,-0.904455,0.426569,0
11262,19.7,0.0,0.058,7.9961,-0.058,-0.902585,0.430511,0
11263,19.7167,0.0,0.0586,7.9375,-0.0586,-0.900698,0.434445,0
11264,19.7333,0.0,0.0588,7.8787,-0.0588,-0.898794,0.438371,0
11265,19.75,0.0,0.0603,7.8184,-0.0603,-0.896873,0.442289,0
11266,19.7667,0.0,0.0598,7.7586,-0.0598,-0.894934,0.446198,0
11267,19.7833,0.0,0.0567,7.7019,-0.0567,-0.892979,0.450098,0
11268,19.8,0.0,0.0576,7.6443,-0.0576,-0.891007,0.45399,0
11269,19.8167,0.0,0.061,7.5833,-0.061,-0.889017,0.457874,0
11270,19.8333,0.0,0.0609,7.5224,-0.0609,-0.887011,0.461749,0
11271,19.85,0.0,0.0604,7.462,-0.0604,-0.884988,0.465615,0
11272,19.8667,0.0,0.0594,7.4026,-0.0594,-0.882948,0.469472,0
11273,19.8833,0.0,0.0639,7.3387,-0.0639,-0.880891,0.47332,0
11274,19.9,0.0,0.0959,7.2428,-0.0959,-0.878817,0.477159,0
11275,19.9167,0.0,0.0936,7.1492,-0.0936,-0.876727,0.480989,0
11276,19.9333,0.0,0.0954,7.0538,-0.0954,-0.87462,0.48481,0
11277,19.95,0.0,0.0954,6.9584,-0.0954,-0.872496,0.488621,0
11278,19.9667,0.0,0.0954,6.863,-0.0954,-0.870356,0.492424,0
11279,19.9833,0.0,0.0916,6.7714,-0.0916,-0.868199,0.496217,0
11280,20.0,0.0,0.0936,6.6778,-0.0936,-0.866025,0.5,0
11281,20.0167,0.0,0.0954,6.5824,-0.0954,-0.863836,0.503774,0
11282,20.0333,0.0,0.0947,6.4877,-0.0947,-0.861629,0.507538,0
11283,20.05,0.0,0.096,6.3917,-0.096,-0.859406,0.511293,0
11284,20.0667,0.0,0.0963,6.2954,-0.0963,-0.857167,0.515038,0
11285,20.0833,0.0,0.0955,6.1999,-0.0955,-0.854912,0.518773,0
11286,20.1,0.0,0.0957,6.1042,-0.0957,-0.85264,0.522499,0
11287,20.1167,0.0,0.0955,6.0087,-0.0955,-0.850352,0.526214,0
11288,20.1333,0.0,0.0921,5.9166,-0.0921,-0.848048,0.529919,0
11289,20.15,0.0,0.0935,5.8231,-0.0935,-0.845728,0.533615,0
11290,20.1667,0.0,0.0957,5.7274,-0.0957,-0.843391,0.5373,0
11291,20.1833,0.0,0.0986,5.6288,-0.0986,-0.841039,0.540974,0
11292,20.2,0.0,0.0946,5.5342,-0.0946,-0.838671,0.544639,0
11293,20.2167,0.0,0.0983,5.4359,-0.0983,-0.836286,0.548293,0
11294,20.2333,0.0,0.0951,5.3408,-0.0951,-0.833886,0.551937,0
11295,20.25,0.0,0.0949,5.2459,-0.0949,-0.83147,0.55557,0
11296,20.2667,0.0,0.0952,5.1507,-0.0952,-0.829038,0.559193,0
11297,20.2833,0.0,0.0939,5.0568,-0.0939,-0.82659,0.562805,0
11298,20.3,0.0,0.0954,4.9614,-0.0954,-0.824126,0.566406,0
11299,20.3167,0.0,0.092,4.8694,-0.092,-0.821647,0.569997,0
11300,20.3333,0.0,0.0989,4.7705,-0.0989,-0.819152,0.573576,0
11301,20.35,0.0,0.0962,4.6743,-0.0962,-0.816642,0.577145,0
11302,20.3667,0.0,0.0931,4.5812,-0.0931,-0.814116,0.580703,0
11303,20.3833,0.0,0.0978,4.4834,-0.0978,-0.811574,0.58425,0
11304,20.4,0.0,0.0933,4.3901,-0.0933,-0.809017,0.587785,0
11305,20.4167,0.0,0.0955,4.2946,-0.0955,-0.806445,0.59131,0
11306,20.4333,0.0,0.0949,4.1997,-0.0949,-0.803857,0.594823,0
11307,20.45,0.0,0.0922,4.1075,-0.0922,-0.801254,0.598325,0
11308,20.4667,0.0,0.0933,4.0142,-0.0933,-0.798636,0.601815,0
11309,20.4833,0.0,0.0955,3.9187,-0.0955,-0.796002,0.605294,0
11310,20.5,0.0,0.0951,3.8236,-0.0951,-0.793353,0.608761,0
11311,20.5167,0.0,0.0911,3.7325,-0.0911,-0.79069,0.612217,0
11312,20.5333,0.0,0.0972,3.6353,-0.0972,-0.788011,0.615661,0
11313,20.55,0.0,0.0957,3.5396,-0.0957,-0.785317,0.619094,0
11314,20.5667,0.0,0.091,3.4486,-0.091,-0.782608,0.622515,0
11315,20.5833,0.0,0.0935,3.3551,-0.0935,-0.779884,0.625923,0
11316,20.6,0.0,0.0931,3.262,-0.0931,-0.777146,0.62932,0
11317,20.6167,0.0,0.0957,3.1663,-0.0957,-0.774393,0.632705,0
11318,20.6333,0.0,0.0937,3.0726,-0.0937,-0.771625,0.636078,0
11319,20.65,0.0,0.096,2.9766,-0.096,-0.768842,0.639439,0
11320,20.6667,0.0,0.0928,2.8838,-0.0928,-0.766044,0.642788,0
11321,20.6833,0.0,0.0971,2.7867,-0.0971,-0.763232,0.646124,0
11322,20.7,0.0,0.095,2.6917,-0.095,-0.760406,0.649448,0
11323,20.7167,0.0,0.0948,2.5969,-0.0948,-0.757565,0.65276,0
11324,20.7333,0.0,0.0931,2.5038,-0.0931,-0.75471,0.656059,0
11325,20.75,0.0,0.0942,2.4096,-0.0942,-0.75184,0.659346,0
11326,20.7667,0.0,0.0959,2.3137,-0.0959,-0.748956,0.66262,0
11327,20.7833,0.0,0.0941,2.2196,-0.0941,-0.746057,0.665882,0
11328,20.8,0.0,0.0951,2.1245,-0.0951,-0.743145,0.669131,0
11329,20.8167,0.0,0.0977,2.0268,-0.0977,-0.740218,0.672367,0
11330,20.8333,0.0,0.0975,1.9293,-0.0975,-0.737277,0.67559,0
11331,20.85,0.0,0.095,1.8343,-0.095,-0.734323,0.678801,0
11332,20.8667,0.0,0.096,1.7383,-0.096,-0.731354,0.681998,0
11333,20.8833,0.0,0.0918,1.6465,-0.0918,-0.728371,0.685183,0
11334,20.9,0.0,0.0925,1.554,-0.0925,-0.725374,0.688355,0
11335,20.9167,0.0,0.092,1.462,-0.092,-0.722364,0.691513,0
11336,20.9333,0.0,0.0922,1.3698,-0.0922,-0.71934,0.694658,0
11337,20.95,0.0,0.0881,1.2817,-0.0881,-0.716302,0.69779,0
11338,20.9667,0.0,0.0927,1.189,-0.0927,-0.71325,0.700909,0
11339,20.9833,0.0,0.0924,1.0966,-0.0924,-0.710185,0.704015,0
11340,21.0,0.0,0.0937,1.0029,-0.0937,-0.707107,0.707107,0
11341,21.0167,0.0,0.097,0.9059,-0.097,-0.704015,0.710185,0
11342,21.0333,0.0,0.0949,0.811,-0.0949,-0.700909,0.71325,0
11343,21.05,0.0,0.0925,0.7185,-0.0925,-0.69779,0.716302,0
11344,21.0667,0.0,0.0966,0.6219,-0.0966,-0.694658,0.71934,0
11345,21.0833,0.0,0.0588,0.5631,-0.0588,-0.691513,0.722364,0
11346,21.1,0.0,0.0614,0.5017,-0.0614,-0.688355,0.725374,0
11347,21.1167,0.0,0.0621,0.4396,-0.0621,-0.685183,0.728371,0
11348,21.1333,0.0,0.057,0.3826,-0.057,-0.681998,0.731354,0
11349,21.15,0.0,0.0595,0.3231,-0.0595,-0.678801,0.734323,0
11350,21.1667,0.0,0.0575,0.2656,-0.0575,-0.67559,0.737277,0
11351,21.1833,0.0,0.059,0.2066,-0.059,-0.672367,0.740218,0
11352,21.2,0.0,0.058,0.1486,-0.058,-0.669131,0.743145,0
11353,21.2167,0.0,0.0592,0.0894,-0.0592,-0.665882,0.746057,0
11354,21.2333,0.0,0.0568,0.0326,-0.0568,-0.66262,0.748956,0
11355,21.25,0.0,0.0619,0.0,-0.0619,-0.659346,0.75184,1
11356,21.2667,0.0,0.06,0.0,-0.06,-0.656059,0.75471,1
11357,21.2833,0.0,0.0603,0.0,-0.0603,-0.65276,0.757565,1
11358,21.3,0.0,0.0624,0.0,-0.0624,-0.649448,0.760406,1
11359,21.3167,0.0,0.0575,0.0,-0.0575,-0.646124,0.763232,1
11360,21.3333,0.0,0.0594,0.0,-0.0594,-0.642788,0.766044,1
11361,21.35,0.0,0.0609,0.0,-0.0609,-0.639439,0.768842,1
11362,21.3667,0.0,0.0591,0.0,-0.0591,-0.636078,0.771625,1
11363,21.3833,0.0,0.0563,0.0,-0.0563,-0.632705,0.774393,1
11364,21.4,0.0,0.0626,0.0,-0.0626,-0.62932,0.777146,1
11365,21.4167,0.0,0.0615,0.0,-0.0615,-0.625923,0.779884,1
11366,21.4333,0.0,0.0625,0.0,-0.0625,-0.622515,0.782608,1
11367,21.45,0.0,0.0585,0.0,-0.0585,-0.619094,0.785317,1
11368,21.4667,0.0,0.0614,0.0,-0.0614,-0.615661,0.788011,1
11369,21.4833,0.0,0.06,0.0,-0.06,-0.612217,0.79069,1
11370,21.5,0.0,0.0612,0.0,-0.0612,-0.608761,0.793353,1
11371,21.5167,0.0,0.1329,0.0,-0.1329,-0.605294,0.796002,1
11372,21.5333,0.0,0.1326,0.0,-0.1326,-0.601815,0.798636,1
11373,21.55,0.0,0.1332,0.0,-0.1332,-0.598325,0.801254,1
11374,21.5667,0.0,0.1308,0.0,-0.1308,-0.594823,0.803857,1
11375,21.5833,0.0,0.1314,0.0,-0.1314,-0.59131,0.806445,1
11376,21.6,0.0,0.1319,0.0,-0.1319,-0.587785,0.809017,1
11377,21.6167,0.0,0.1351,0.0,-0.1351,-0.58425,0.811574,1
11378,21.6333,0.0,0.1321,0.0,-0.1321,-0.580703,0.814116,1
11379,21.65,0.0,0.1315,0.0,-0.1315,-0.577145,0.816642,1
11380,21.6667,0.0,0.1303,0.0,-0.1303,-0.573576,0.819152,1
11381,21.6833,0.0,0.1285,0.0,-0.1285,-0.569997,0.821647,1
11382,21.7,0.0,0.1311,0.0,-0.1311,-0.566406,0.824126,1
11383,21.7167,0.0,0.1335,0.0,-0.1335,-0.562805,0.82659,1
11384,21.7333,0.0,0.1283,0.0,-0.1283,-0.559193,0.829038,1
11385,21.75,0.0,0.1331,0.0,-0.1331,-0.55557,0.83147,1
11386,21.7667,0.0,0.1325,0.0,-0.1325,-0.551937,0.833886,1
11387,21.7833,0.0,0.1294,0.0,-0.1294,-0.548293,0.836286,1
11388,21.8,0.0,0.1332,0.0,-0.1332,-0.544639,0.838671,1
11389,21.8167,0.0,0.1321,0.0,-0.1321,-0.540974,0.841039,1
11390,21.8333,0.0,0.1329,0.0,-0.1329,-0.5373,0.843391,1
11391,21.85,0.0,0.1329,0.0,-0.1329,-0.533615,0.845728,1
11392,21.8667,0.0,0.1354,0.0,-0.1354,-0.529919,0.848048,1
11393,21.8833,0.0,0.1298,0.0,-0.1298,-0.526214,0.850352,1
11394,21.9,0.0,0.1339,0.0,-0.1339,-0.522499,0.85264,1
11395,21.9167,0.0,0.1329,0.0,-0.1329,-0.518773,0.854912,1
11396,21.9333,0.0,0.1343,0.0,-0.1343,-0.515038,0.857167,1
11397,21.95,0.0,0.1317,0.0,-0.1317,-0.511293,0.859406,1
11398,21.9667,0.0,0.1317,0.0,-0.1317,-0.507538,0.861629,1
11399,21.9833,0.0,0.13,0.0,-0.13,-0.503774,0.863836,1
11400,22.0,0.0,0.0873,0.0,-0.0873,-0.5,0.866025,1
11401,22.0167,0.0,0.0844,0.0,-0.0844,-0.496217,0.868199,1
11402,22.0333,0.0,0.0874,0.0,-0.0874,-0.492424,0.870356,1
11403,22.05,0.0,0.0876,0.0,-0.0876,-0.488621,0.872496,1
11404,22.0667,0.0,0.085,0.0,-0.085,-0.48481,0.87462,1
11405,22.0833,0.0,0.0869,0.0,-0.0869,-0.480989,0.876727,1
11406,22.1,0.0,0.0831,0.0,-0.0831,-0.477159,0.878817,1
11407,22.1167,0.0,0.0843,0.0,-0.0843,-0.47332,0.880891,1
11408,22.1333,0.0,0.0866,0.0,-0.0866,-0.469472,0.882948,1
11409,22.15,0.0,0.0907,0.0,-0.0907,-0.465615,0.884988,1
11410,22.1667,0.0,0.0858,0.0,-0.0858,-0.461749,0.887011,1
11411,22.1833,0.0,0.0838,0.0,-0.0838,-0.457874,0.889017,1
11412,22.2,0.0,0.0855,0.0,-0.0855,-0.45399,0.891007,1
11413,22.2167,0.0,0.0858,0.0,-0.0858,-0.450098,0.892979,1
11414,22.2333,0.0,0.0149,0.0,-0.0149,-0.446198,0.894934,1
11415,22.25,0.0,0.0102,0.0,-0.0102,-0.442289,0.896873,1
11416,22.2667,0.0,0.0135,0.0,-0.0135,-0.438371,0.898794,1
11417,22.2833,0.0,0.0135,0.0,-0.0135,-0.434445,0.900698,1
11418,22.3,0.0,0.0132,0.0,-0.0132,-0.430511,0.902585,1
11419,22.3167,0.0,0.0128,0.0,-0.0128,-0.426569,0.904455,1
11420,22.3333,0.0,0.0165,0.0,-0.0165,-0.422618,0.906308,1
11421,22.35,0.0,0.015,0.0,-0.015,-0.41866,0.908143,1
11422,22.3667,0.0,0.0121,0.0,-0.0121,-0.414693,0.909961,1
11423,22.3833,0.0,0.0121,0.0,-0.0121,-0.410719,0.911762,1
11424,22.4,0.0,0.0135,0.0,-0.0135,-0.406737,0.913545,1
11425,22.4167,0.0,0.014,0.0,-0.014,-0.402747,0.915311,1
11426,22.4333,0.0,0.0156,0.0,-0.0156,-0.398749,0.91706,1
11427,22.45,0.0,0.0131,0.0,-0.0131,-0.394744,0.918791,1
11428,22.4667,0.0,0.017,0.0,-0.017,-0.390731,0.920505,1
11429,22.4833,0.0,0.0139,0.0,-0.0139,-0.386711,0.922201,1
11430,22.5,0.0,0.0162,0.0,-0.0162,-0.382683,0.92388,1
11431,22.5167,0.0,0.012,0.0,-0.012,-0.378649,0.925541,1
11432,22.5333,0.0,0.0111,0.0,-0.0111,-0.374607,0.927184,1
11433,22.55,0.0,0.0159,0.0,-0.0159,-0.370557,0.92881,1
11434,22.5667,0.0,0.0167,0.0,-0.0167,-0.366501,0.930418,1
11435,22.5833,0.0,0.0151,0.0,-0.0151,-0.362438,0.932008,1
11436,22.6,0.0,0.0173,0.0,-0.0173,-0.358368,0.93358,1
11437,22.6167,0.0,0.0136,0.0,-0.0136,-0.354291,0.935135,1
11438,22.6333,0.0,0.0138,0.0,-0.0138,-0.350207,0.936672,1
11439,22.65,0.0,0.0183,0.0,-0.0183,-0.346117,0.938191,1
11440,22.6667,0.0,0.0122,0.0,-0.0122,-0.34202,0.939693,1
11441,22.6833,0.0,0.0148,0.0,-0.0148,-0.337917,0.941176,1
11442,22.7,0.0,0.0127,0.0,-0.0127,-0.333807,0.942641,1
11443,22.7167,0.0,0.0163,0.0,-0.0163,-0.329691,0.944089,1
11444,22.7333,0.0,0.0156,0.0,-0.0156,-0.325568,0.945519,1
11445,22.75,0.0,0.017,0.0,-0.017,-0.321439,0.94693,1
11446,22.7667,0.0,0.0119,0.0,-0.0119,-0.317305,0.948324,1
11447,22.7833,0.0,0.0162,0.0,-0.0162,-0.313164,0.949699,1
11448,22.8,0.0,0.0152,0.0,-0.0152,-0.309017,0.951057,1
11449,22.8167,0.0,0.0154,0.0,-0.0154,-0.304864,0.952396,1
11450,22.8333,0.0,0.0158,0.0,-0.0158,-0.300706,0.953717,1
11451,22.85,0.0,0.0125,0.0,-0.0125,-0.296542,0.95502,1
11452,22.8667,0.0,0.0142,0.0,-0.0142,-0.292372,0.956305,1
11453,22.8833,0.0,0.0127,0.0,-0.0127,-0.288196,0.957571,1
11454,22.9,0.0,0.0149,0.0,-0.0149,-0.284015,0.95882,1
11455,22.9167,0.0,0.0136,0.0,-0.0136,-0.279829,0.96005,1
11456,22.9333,0.0,0.0125,0.0,-0.0125,-0.275637,0.961262,1
11457,22.95,0.0,0.0112,0.0,-0.0112,-0.27144,0.962455,1
11458,22.9667,0.0,0.0147,0.0,-0.0147,-0.267238,0.96363,1
11459,22.9833,0.0,0.0161,0.0,-0.0161,-0.263031,0.964787,1
11460,23.0,0.0,0.0166,0.0,-0.0166,-0.258819,0.965926,1
11461,23.0167,0.0,0.0104,0.0,-0.0104,-0.254602,0.967046,1
11462,23.0333,0.0,0.0125,0.0,-0.0125,-0.25038,0.968148,1
11463,23.05,0.0,0.0151,0.0,-0.0151,-0.246153,0.969231,1
11464,23.0667,0.0,0.0138,0.0,-0.0138,-0.241922,0.970296,1
11465,23.0833,0.0,0.0152,0.0,-0.0152,-0.237686,0.971342,1
11466,23.1,0.0,0.0203,0.0,-0.0203,-0.233445,0.97237,1
11467,23.1167,0.0,0.0143,0.0,-0.0143,-0.2292,0.973379,1
11468,23.1333,0.0,0.0174,0.0,-0.0174,-0.224951,0.97437,1
11469,23.15,0.0,0.0138,0.0,-0.0138,-0.220697,0.975342,1
11470,23.1667,0.0,0.0157,0.0,-0.0157,-0.21644,0.976296,1
11471,23.1833,0.0,0.0573,0.0,-0.0573,-0.212178,0.977231,1
11472,23.2,0.0,0.0512,0.0,-0.0512,-0.207912,0.978148,1
11473,23.2167,0.0,0.055,0.0,-0.055,-0.203642,0.979045,1
11474,23.2333,0.0,0.0557,0.0,-0.0557,-0.199368,0.979925,1
11475,23.25,0.0,0.0566,0.0,-0.0566,-0.19509,0.980785,1
11476,23.2667,0.0,0.0579,0.0,-0.0579,-0.190809,0.981627,1
11477,23.2833,0.0,0.0562,0.0,-0.0562,-0.186524,0.98245,1
11478,23.3,0.0,0.0553,0.0,-0.0553,-0.182236,0.983255,1
11479,23.3167,0.0,0.0566,0.0,-0.0566,-0.177944,0.984041,1
11480,23.3333,0.0,0.0574,0.0,-0.0574,-0.173648,0.984808,1
11481,23.35,0.0,0.0549,0.0,-0.0549,-0.16935,0.985556,1
11482,23.3667,0.0,0.0564,0.0,-0.0564,-0.165048,0.986286,1
11483,23.3833,0.0,0.0537,0.0,-0.0537,-0.160743,0.986996,1
11484,23.4,0.0,0.0558,0.0,-0.0558,-0.156434,0.987688,1
11485,23.4167,0.0,0.0548,0.0,-0.0548,-0.152123,0.988362,1
11486,23.4333,0.0,0.0561,0.0,-0.0561,-0.147809,0.989016,1
11487,23.45,0.0,0.0552,0.0,-0.0552,-0.143493,0.989651,1
11488,23.4667,0.0,0.0549,0.0,-0.0549,-0.139173,0.990268,1
11489,23.4833,0.0,0.0537,0.0,-0.0537,-0.134851,0.990866,1
11490,23.5,0.0,0.0546,0.0,-0.0546,-0.130526,0.991445,1
11491,23.5167,0.0,0.0536,0.0,-0.0536,-0.126199,0.992005,1
11492,23.5333,0.0,0.0518,0.0,-0.0518,-0.121869,0.992546,1
11493,23.55,0.0,0.0554,0.0,-0.0554,-0.117537,0.993068,1
11494,23.5667,0.0,0.0555,0.0,-0.0555,-0.113203,0.993572,1
11495,23.5833,0.0,0.0532,0.0,-0.0532,-0.108867,0.994056,1
11496,23.6,0.0,0.0565,0.0,-0.0565,-0.104528,0.994522,1
11497,23.6167,0.0,0.0572,0.0,-0.0572,-0.100188,0.994969,1
11498,23.6333,0.0,0.0537,0.0,-0.0537,-0.095846,0.995396,1
11499,23.65,0.0,0.0535,0.0,-0.0535,-0.091502,0.995805,1
11500,23.6667,0.0,0.0532,0.0,-0.0532,-0.087156,0.996195,1
11501,23.6833,0.0,0.0523,0.0,-0.0523,-0.082808,0.996566,1
11502,23.7,0.0,0.0512,0.0,-0.0512,-0.078459,0.996917,1
11503,23.7167,0.0,0.0527,0.0,-0.0527,-0.074108,0.99725,1
11504,23.7333,0.0,0.0562,0.0,-0.0562,-0.069756,0.997564,1
11505,23.75,0.0,0.0513,0.0,-0.0513,-0.065403,0.997859,1
11506,23.7667,0.0,0.0563,0.0,-0.0563,-0.061049,0.998135,1
11507,23.7833,0.0,0.0544,0.0,-0.0544,-0.056693,0.998392,1
11508,23.8,0.0,0.0575,0.0,-0.0575,-0.052336,0.99863,1
11509,23.8167,0.0,0.0546,0.0,-0.0546,-0.047978,0.998848,1
11510,23.8333,0.0,0.0558,0.0,-0.0558,-0.043619,0.999048,1
11511,23.85,0.0,0.0577,0.0,-0.0577,-0.03926,0.999229,1
11512,23.8667,0.0,0.0534,0.0,-0.0534,-0.034899,0.999391,1
11513,23.8833,0.0,0.0537,0.0,-0.0537,-0.030539,0.999534,1
11514,23.9,0.0,0.0549,0.0,-0.0549,-0.026177,0.999657,1
11515,23.9167,0.0,0.0524,0.0,-0.0524,-0.021815,0.999762,1
11516,23.9333,0.0,0.0554,0.0,-0.0554,-0.017452,0.999848,1
11517,23.95,0.0,0.053,0.0,-0.053,-0.01309,0.999914,1
11518,23.9667,0.0,0.0558,0.0,-0.0558,-0.008727,0.999962,1
11519,23.9833,0.0,0.0129,0.0,-0.0129,-0.004363,0.99999,1
11520,0.0,0.0,0.0172,0.0,-0.0172,0.0,1.0,1
11521,0.0167,0.0,0.0167,0.0,-0.0167,0.004363,0.99999,1
11522,0.0333,0.0,0.0144,0.0,-0.0144,0.008727,0.999962,1
11523,0.05,0.0,0.0118,0.0,-0.0118,0.01309,0.999914,1
11524,0.0667,0.0,0.0116,0.0,-0.0116,0.017452,0.999848,1
11525,0.0833,0.0,0.012,0.0,-0.012,0.021815,0.999762,1
11526,0.1,0.0,0.0147,0.0,-0.0147,0.026177,0.999657,1
11527,0.1167,0.0,0.0142,0.0,-0.0142,0.030539,0.999534,1
11528,0.1333,0.0,0.0153,0.0,-0.0153,0.034899,0.999391,1
11529,0.15,0.0,0.0145,0.0,-0.0145,0.03926,0.999229,1
11530,0.1667,0.0,0.01,0.0,-0.01,0.043619,0.999048,1
11531,0.1833,0.0,0.0122,0.0,-0.0122,0.047978,0.998848,1
11532,0.2,0.0,0.0153,0.0,-0.0153,0.052336,0.99863,1
11533,0.2167,0.0,0.0133,0.0,-0.0133,0.056693,0.998392,1
11534,0.2333,0.0,0.0118,0.0,-0.0118,0.061049,0.998135,1
11535,0.25,0.0,0.0125,0.0,-0.0125,0.065403,0.997859,1
11536,0.2667,0.0,0.0127,0.0,-0.0127,0.069756,0.997564,1
11537,0.2833,0.0,0.0186,0.0,-0.0186,0.074108,0.99725,1
11538,0.3,0.0,0.0145,0.0,-0.0145,0.078459,0.996917,1
11539,0.3167,0.0,0.0148,0.0,-0.0148,0.082808,0.996566,1
11540,0.3333,0.0,0.0128,0.0,-0.0128,0.087156,0.996195,1
11541,0.35,0.0,0.0156,0.0,-0.0156,0.091502,0.995805,1
11542,0.3667,0.0,0.0154,0.0,-0.0154,0.095846,0.995396,1
11543,0.3833,0.0,0.0165,0.0,-0.0165,0.100188,0.994969,1
11544,0.4,0.0,0.0142,0.0,-0.0142,0.104528,0.994522,1
11545,0.4167,0.0,0.0131,0.0,-0.0131,0.108867,0.994056,1
11546,0.4333,0.0,0.012,0.0,-0.012,0.113203,0.993572,1
11547,0.45,0.0,0.0099,0.0,-0.0099,0.117537,0.993068,1
11548,0.4667,0.0,0.0157,0.0,-0.0157,0.121869,0.992546,1
11549,0.4833,0.0,0.0121,0.0,-0.0121,0.126199,0.992005,1
11550,0.5,0.0,0.0144,0.0,-0.0144,0.130526,0.991445,1
11551,0.5167,0.0,0.0163,0.0,-0.0163,0.134851,0.990866,1
11552,0.5333,0.0,0.0107,0.0,-0.0107,0.139173,0.990268,1
11553,0.55,0.0,0.0126,0.0,-0.0126,0.143493,0.989651,1
11554,0.5667,0.0,0.0151,0.0,-0.0151,0.147809,0.989016,1
11555,0.5833,0.0,0.0121,0.0,-0.0121,0.152123,0.988362,1
11556,0.6,0.0,0.0157,0.0,-0.0157,0.156434,0.987688,1
11557,0.6167,0.0,0.0137,0.0,-0.0137,0.160743,0.986996,1
11558,0.6333,0.0,0.0152,0.0,-0.0152,0.165048,0.986286,1
11559,0.65,0.0,0.0125,0.0,-0.0125,0.16935,0.985556,1
11560,0.6667,0.0,0.0108,0.0,-0.0108,0.173648,0.984808,1
11561,0.6833,0.0,0.0165,0.0,-0.0165,0.177944,0.984041,1
11562,0.7,0.0,0.0152,0.0,-0.0152,0.182236,0.983255,1
11563,0.7167,0.0,0.0168,0.0,-0.0168,0.186524,0.98245,1
11564,0.7333,0.0,0.0134,0.0,-0.0134,0.190809,0.981627,1
11565,0.75,0.0,0.0157,0.0,-0.0157,0.19509,0.980785,1
11566,0.7667,0.0,0.0133,0.0,-0.0133,0.199368,0.979925,1
11567,0.7833,0.0,0.0133,0.0,-0.0133,0.203642,0.979045,1
11568,0.8,0.0,0.0157,0.0,-0.0157,0.207912,0.978148,1
11569,0.8167,0.0,0.0165,0.0,-0.0165,0.212178,0.977231,1
11570,0.8333,0.0,0.0175,0.0,-0.0175,0.21644,0.976296,1
11571,0.85,0.0,0.0151,0.0,-0.0151,0.220697,0.975342,1
11572,0.8667,0.0,0.0157,0.0,-0.0157,0.224951,0.97437,1
11573,0.8833,0.0,0.0154,0.0,-0.0154,0.2292,0.973379,1
11574,0.9,0.0,0.0149,0.0,-0.0149,0.233445,0.97237,1
11575,0.9167,0.0,0.0136,0.0,-0.0136,0.237686,0.971342,1
11576,0.9333,0.0,0.0114,0.0,-0.0114,0.241922,0.970296,1
11577,0.95,0.0,0.0139,0.0,-0.0139,0.246153,0.969231,1
11578,0.9667,0.0,0.0171,0.0,-0.0171,0.25038,0.968148,1
11579,0.9833,0.0,0.0118,0.0,-0.0118,0.254602,0.967046,1
11580,1.0,0.0,0.014,0.0,-0.014,0.258819,0.965926,1
11581,1.0167,0.0,0.0127,0.0,-0.0127,0.263031,0.964787,1
11582,1.0333,0.0,0.0117,0.0,-0.0117,0.267238,0.96363,1
11583,1.05,0.0,0.0135,0.0,-0.0135,0.27144,0.962455,1
11584,1.0667,0.0,0.0136,0.0,-0.0136,0.275637,0.961262,1
11585,1.0833,0.0,0.0147,0.0,-0.0147,0.279829,0.96005,1
11586,1.1,0.0,0.0102,0.0,-0.0102,0.284015,0.95882,1
11587,1.1167,0.0,0.0138,0.0,-0.0138,0.288196,0.957571,1
11588,1.1333,0.0,0.0127,0.0,-0.0127,0.292372,0.956305,1
11589,1.15,0.0,0.0138,0.0,-0.0138,0.296542,0.95502,1
11590,1.1667,0.0,0.0158,0.0,-0.0158,0.300706,0.953717,1
11591,1.1833,0.0,0.0107,0.0,-0.0107,0.304864,0.952396,1
11592,1.2,0.0,0.0134,0.0,-0.0134,0.309017,0.951057,1
11593,1.2167,0.0,0.0116,0.0,-0.0116,0.313164,0.949699,1
11594,1.2333,0.0,0.0143,0.0,-0.0143,0.317305,0.948324,1
11595,1.25,0.0,0.0127,0.0,-0.0127,0.321439,0.94693,1
11596,1.2667,0.0,0.0142,0.0,-0.0142,0.325568,0.945519,1
11597,1.2833,0.0,0.016,0.0,-0.016,0.329691,0.944089,1
11598,1.3,0.0,0.0105,0.0,-0.0105,0.333807,0.942641,1
11599,1.3167,0.0,0.0182,0.0,-0.0182,0.337917,0.941176,1
11600,1.3333,0.0,0.0116,0.0,-0.0116,0.34202,0.939693,1
11601,1.35,0.0,0.0142,0.0,-0.0142,0.346117,0.938191,1
11602,1.3667,0.0,0.0158,0.0,-0.0158,0.350207,0.936672,1
11603,1.3833,0.0,0.0153,0.0,-0.0153,0.354291,0.935135,1
11604,1.4,0.0,0.0155,0.0,-0.0155,0.358368,0.93358,1
11605,1.4167,0.0,0.0157,0.0,-0.0157,0.362438,0.932008,1
11606,1.4333,0.0,0.0124,0.0,-0.0124,0.366501,0.930418,1
11607,1.45,0.0,0.0172,0.0,-0.0172,0.370557,0.92881,1
11608,1.4667,0.0,0.0141,0.0,-0.0141,0.374607,0.927184,1
11609,1.4833,0.0,0.0154,0.0,-0.0154,0.378649,0.925541,1
11610,1.5,0.0,0.0149,0.0,-0.0149,0.382683,0.92388,1
11611,1.5167,0.0,0.0123,0.0,-0.0123,0.386711,0.922201,1
11612,1.5333,0.0,0.016,0.0,-0.016,0.390731,0.920505,1
11613,1.55,0.0,0.0142,0.0,-0.0142,0.394744,0.918791,1
11614,1.5667,0.0,0.0151,0.0,-0.0151,0.398749,0.91706,1
11615,1.5833,0.0,0.0189,0.0,-0.0189,0.402747,0.915311,1
11616,1.6,0.0,0.0117,0.0,-0.0117,0.406737,0.913545,1
11617,1.6167,0.0,0.015,0.0,-0.015,0.410719,0.911762,1
11618,1.6333,0.0,0.0139,0.0,-0.0139,0.414693,0.909961,1
11619,1.65,0.0,0.0105,0.0,-0.0105,0.41866,0.908143,1
11620,1.6667,0.0,0.0142,0.0,-0.0142,0.422618,0.906308,1
11621,1.6833,0.0,0.0131,0.0,-0.0131,0.426569,0.904455,1
11622,1.7,0.0,0.0128,0.0,-0.0128,0.430511,0.902585,1
11623,1.7167,0.0,0.0159,0.0,-0.0159,0.434445,0.900698,1
11624,1.7333,0.0,0.0161,0.0,-0.0161,0.438371,0.898794,1
11625,1.75,0.0,0.0149,0.0,-0.0149,0.442289,0.896873,1
11626,1.7667,0.0,0.0141,0.0,-0.0141,0.446198,0.894934,1
11627,1.7833,0.0,0.0135,0.0,-0.0135,0.450098,0.892979,1
11628,1.8,0.0,0.0144,0.0,-0.0144,0.45399,0.891007,1
11629,1.8167,0.0,0.0153,0.0,-0.0153,0.457874,0.889017,1
11630,1.8333,0.0,0.0123,0.0,-0.0123,0.461749,0.887011,1
11631,1.85,0.0,0.0149,0.0,-0.0149,0.465615,0.884988,1
11632,1.8667,0.0,0.0122,0.0,-0.0122,0.469472,0.882948,1
11633,1.8833,0.0,0.0151,0.0,-0.0151,0.47332,0.880891,1
11634,1.9,0.0,0.0173,0.0,-0.0173,0.477159,0.878817,1
11635,1.9167,0.0,0.0154,0.0,-0.0154,0.480989,0.876727,1
11636,1.9333,0.0,0.0183,0.0,-0.0183,0.48481,0.87462,1
11637,1.95,0.0,0.0106,0.0,-0.0106,0.488621,0.872496,1
11638,1.9667,0.0,0.0143,0.0,-0.0143,0.492424,0.870356,1
11639,1.9833,0.0,0.0141,0.0,-0.0141,0.496217,0.868199,1
11640,2.0,0.0,0.0124,0.0,-0.0124,0.5,0.866025,1
11641,2.0167,0.0,0.0115,0.0,-0.0115,0.503774,0.863836,1
11642,2.0333,0.0,0.0165,0.0,-0.0165,0.507538,0.861629,1
11643,2.05,0.0,0.011,0.0,-0.011,0.511293,0.859406,1
11644,2.0667,0.0,0.0152,0.0,-0.0152,0.515038,0.857167,1
11645,2.0833,0.0,0.0102,0.0,-0.0102,0.518773,0.854912,1
11646,2.1,0.0,0.0173,0.0,-0.0173,0.522499,0.85264,1
11647,2.1167,0.0,0.0135,0.0,-0.0135,0.526214,0.850352,1
11648,2.1333,0.0,0.0106,0.0,-0.0106,0.529919,0.848048,1
11649,2.15,0.0,0.0153,0.0,-0.0153,0.533615,0.845728,1
11650,2.1667,0.0,0.0129,0.0,-0.0129,0.5373,0.843391,1
11651,2.1833,0.0,0.0157,0.0,-0.0157,0.540974,0.841039,1
11652,2.2,0.0,0.0171,0.0,-0.0171,0.544639,0.838671,1
11653,2.2167,0.0,0.012,0.0,-0.012,0.548293,0.836286,1
11654,2.2333,0.0,0.0145,0.0,-0.0145,0.551937,0.833886,1
11655,2.25,0.0,0.0133,0.0,-0.0133,0.55557,0.83147,1
11656,2.2667,0.0,0.0149,0.0,-0.0149,0.559193,0.829038,1
11657,2.2833,0.0,0.015,0.0,-0.015,0.562805,0.82659,1
11658,2.3,0.0,0.0141,0.0,-0.0141,0.566406,0.824126,1
11659,2.3167,0.0,0.0088,0.0,-0.0088,0.569997,0.821647,1
11660,2.3333,0.0,0.0154,0.0,-0.0154,0.573576,0.819152,1
11661,2.35,0.0,0.0144,0.0,-0.0144,0.577145,0.816642,1
11662,2.3667,0.0,0.016,0.0,-0.016,0.580703,0.814116,1
11663,2.3833,0.0,0.018,0.0,-0.018,0.58425,0.811574,1
11664,2.4,0.0,0.0154,0.0,-0.0154,0.587785,0.809017,1
11665,2.4167,0.0,0.0132,0.0,-0.0132,0.59131,0.806445,1
11666,2.4333,0.0,0.015,0.0,-0.015,0.594823,0.803857,1
11667,2.45,0.0,0.0145,0.0,-0.0145,0.598325,0.801254,1
11668,2.4667,0.0,0.0143,0.0,-0.0143,0.601815,0.798636,1
11669,2.4833,0.0,0.0147,0.0,-0.0147,0.605294,0.796002,1
11670,2.5,0.0,0.0163,0.0,-0.0163,0.608761,0.793353,1
11671,2.5167,0.0,0.0137,0.0,-0.0137,0.612217,0.79069,1
11672,2.5333,0.0,0.0127,0.0,-0.0127,0.615661,0.788011,1
11673,2.55,0.0,0.0147,0.0,-0.0147,0.619094,0.785317,1
11674,2.5667,0.0,0.0114,0.0,-0.0114,0.622515,0.782608,1
11675,2.5833,0.0,0.0193,0.0,-0.0193,0.625923,0.779884,1
11676,2.6,0.0,0.017,0.0,-0.017,0.62932,0.777146,1
11677,2.6167,0.0,0.0186,0.0,-0.0186,0.632705,0.774393,1
11678,2.6333,0.0,0.0134,0.0,-0.0134,0.636078,0.771625,1
11679,2.65,0.0,0.0154,0.0,-0.0154,0.639439,0.768842,1
11680,2.6667,0.0,0.0131,0.0,-0.0131,0.642788,0.766044,1
11681,2.6833,0.0,0.0105,0.0,-0.0105,0.646124,0.763232,1
11682,2.7,0.0,0.0148,0.0,-0.0148,0.649448,0.760406,1
11683,2.7167,0.0,0.0129,0.0,-0.0129,0.65276,0.757565,1
11684,2.7333,0.0,0.0183,0.0,-0.0183,0.656059,0.75471,1
11685,2.75,0.0,0.0133,0.0,-0.0133,0.659346,0.75184,1
11686,2.7667,0.0,0.0155,0.0,-0.0155,0.66262,0.748956,1
11687,2.7833,0.0,0.0116,0.0,-0.0116,0.665882,0.746057,1
11688,2.8,0.0,0.018,0.0,-0.018,0.669131,0.743145,1
11689,2.8167,0.0,0.015,0.0,-0.015,0.672367,0.740218,1
11690,2.8333,0.0,0.0128,0.0,-0.0128,0.67559,0.737277,1
11691,2.85,0.0,0.0113,0.0,-0.0113,0.678801,0.734323,1
11692,2.8667,0.0,0.0147,0.0,-0.0147,0.681998,0.731354,1
11693,2.8833,0.0,0.0152,0.0,-0.0152,0.685183,0.728371,1
11694,2.9,0.0,0.0131,0.0,-0.0131,0.688355,0.725374,1
11695,2.9167,0.0,0.0152,0.0,-0.0152,0.691513,0.722364,1
11696,2.9333,0.0,0.0137,0.0,-0.0137,0.694658,0.71934,1
11697,2.95,0.0,0.0164,0.0,-0.0164,0.69779,0.716302,1
11698,2.9667,0.0,0.0187,0.0,-0.0187,0.700909,0.71325,1
11699,2.9833,0.0,0.014,0.0,-0.014,0.704015,0.710185,1
11700,3.0,0.0,0.0133,0.0,-0.0133,0.707107,0.707107,1
11701,3.0167,0.0,0.0146,0.0,-0.0146,0.710185,0.704015,1
11702,3.0333,0.0,0.0139,0.0,-0.0139,0.71325,0.700909,1
11703,3.05,0.0,0.0146,0.0,-0.0146,0.716302,0.69779,1
11704,3.0667,0.0,0.0121,0.0,-0.0121,0.71934,0.694658,1
11705,3.0833,0.0,0.0149,0.0,-0.0149,0.722364,0.691513,1
11706,3.1,0.0,0.0174,0.0,-0.0174,0.725374,0.688355,1
11707,3.1167,0.0,0.0113,0.0,-0.0113,0.728371,0.685183,1
11708,3.1333,0.0,0.0136,0.0,-0.0136,0.731354,0.681998,1
11709,3.15,0.0,0.0197,0.0,-0.0197,0.734323,0.678801,1
11710,3.1667,0.0,0.0128,0.0,-0.0128,0.737277,0.67559,1
11711,3.1833,0.0,0.0136,0.0,-0.0136,0.740218,0.672367,1
11712,3.2,0.0,0.0135,0.0,-0.0135,0.743145,0.669131,1
11713,3.2167,0.0,0.0137,0.0,-0.0137,0.746057,0.665882,1
11714,3.2333,0.0,0.0127,0.0,-0.0127,0.748956,0.66262,1
11715,3.25,0.0,0.0152,0.0,-0.0152,0.75184,0.659346,1
11716,3.2667,0.0,0.0162,0.0,-0.0162,0.75471,0.656059,1
11717,3.2833,0.0,0.0151,0.0,-0.0151,0.757565,0.65276,1
11718,3.3,0.0,0.0178,0.0,-0.0178,0.760406,0.649448,1
11719,3.3167,0.0,0.0136,0.0,-0.0136,0.763232,0.646124,1
11720,3.3333,0.0,0.0139,0.0,-0.0139,0.766044,0.642788,1
11721,3.35,0.0,0.0125,0.0,-0.0125,0.768842,0.639439,1
11722,3.3667,0.0,0.0142,0.0,-0.0142,0.771625,0.636078,1
11723,3.3833,0.0,0.0099,0.0,-0.0099,0.774393,0.632705,1
11724,3.4,0.0,0.0131,0.0,-0.0131,0.777146,0.62932,1
11725,3.4167,0.0,0.0149,0.0,-0.0149,0.779884,0.625923,1
11726,3.4333,0.0,0.0177,0.0,-0.0177,0.782608,0.622515,1
11727,3.45,0.0,0.0135,0.0,-0.0135,0.785317,0.619094,1
11728,3.4667,0.0,0.0139,0.0,-0.0139,0.788011,0.615661,1
11729,3.4833,0.0,0.0162,0.0,-0.0162,0.79069,0.612217,1
11730,3.5,0.0,0.0143,0.0,-0.0143,0.793353,0.608761,1
11731,3.5167,0.0,0.015,0.0,-0.015,0.796002,0.605294,1
11732,3.5333,0.0,0.0167,0.0,-0.0167,0.798636,0.601815,1
11733,3.55,0.0,0.0157,0.0,-0.0157,0.801254,0.598325,1
11734,3.5667,0.0,0.0154,0.0,-0.0154,0.803857,0.594823,1
11735,3.5833,0.0,0.0107,0.0,-0.0107,0.806445,0.59131,1
11736,3.6,0.0,0.0131,0.0,-0.0131,0.809017,0.587785,1
11737,3.6167,0.0,0.0155,0.0,-0.0155,0.811574,0.58425,1
11738,3.6333,0.0,0.016,0.0,-0.016,0.814116,0.580703,1
11739,3.65,0.0,0.0155,0.0,-0.0155,0.816642,0.577145,1
11740,3.6667,0.0,0.0159,0.0,-0.0159,0.819152,0.573576,1
11741,3.6833,0.0,0.0122,0.0,-0.0122,0.821647,0.569997,1
11742,3.7,0.0,0.0156,0.0,-0.0156,0.824126,0.566406,1
11743,3.7167,0.0,0.014,0.0,-0.014,0.82659,0.562805,1
11744,3.7333,0.0,0.0112,0.0,-0.0112,0.829038,0.559193,1
11745,3.75,0.0,0.0142,0.0,-0.0142,0.83147,0.55557,1
11746,3.7667,0.0,0.0143,0.0,-0.0143,0.833886,0.551937,1
11747,3.7833,0.0,0.0105,0.0,-0.0105,0.836286,0.548293,1
11748,3.8,0.0,0.0192,0.0,-0.0192,0.838671,0.544639,1
11749,3.8167,0.0,0.0136,0.0,-0.0136,0.841039,0.540974,1
11750,3.8333,0.0,0.0136,0.0,-0.0136,0.843391,0.5373,1
11751,3.85,0.0,0.0156,0.0,-0.0156,0.845728,0.533615,1
11752,3.8667,0.0,0.0125,0.0,-0.0125,0.848048,0.529919,1
11753,3.8833,0.0,0.0116,0.0,-0.0116,0.850352,0.526214,1
11754,3.9,0.0,0.0169,0.0,-0.0169,0.85264,0.522499,1
11755,3.9167,0.0,0.0145,0.0,-0.0145,0.854912,0.518773,1
11756,3.9333,0.0,0.0131,0.0,-0.0131,0.857167,0.515038,1
11757,3.95,0.0,0.0122,0.0,-0.0122,0.859406,0.511293,1
11758,3.9667,0.0,0.0133,0.0,-0.0133,0.861629,0.507538,1
11759,3.9833,0.0,0.0129,0.0,-0.0129,0.863836,0.503774,1
11760,4.0,0.0,0.0151,0.0,-0.0151,0.866025,0.5,1
11761,4.0167,0.0,0.0175,0.0,-0.0175,0.868199,0.496217,1
11762,4.0333,0.0,0.0139,0.0,-0.0139,0.870356,0.492424,1
11763,4.05,0.0,0.0133,0.0,-0.0133,0.872496,0.488621,1
11764,4.0667,0.0,0.0119,0.0,-0.0119,0.87462,0.48481,1
11765,4.0833,0.0,0.0124,0.0,-0.0124,0.876727,0.480989,1
11766,4.1,0.0,0.0139,0.0,-0.0139,0.878817,0.477159,1
11767,4.1167,0.0,0.0129,0.0,-0.0129,0.880891,0.47332,1
11768,4.1333,0.0,0.0128,0.0,-0.0128,0.882948,0.469472,1
11769,4.15,0.0,0.0158,0.0,-0.0158,0.884988,0.465615,1
11770,4.1667,0.0,0.0136,0.0,-0.0136,0.887011,0.461749,1
11771,4.1833,0.0,0.0185,0.0,-0.0185,0.889017,0.457874,1
11772,4.2,0.0,0.0163,0.0,-0.0163,0.891007,0.45399,1
11773,4.2167,0.0,0.0149,0.0,-0.0149,0.892979,0.450098,1
11774,4.2333,0.0,0.0149,0.0,-0.0149,0.894934,0.446198,1
11775,4.25,0.0,0.0156,0.0,-0.0156,0.896873,0.442289,1
11776,4.2667,0.0,0.015,0.0,-0.015,0.898794,0.438371,1
11777,4.2833,0.0,0.0149,0.0,-0.0149,0.900698,0.434445,1
11778,4.3,0.0,0.0144,0.0,-0.0144,0.902585,0.430511,1
11779,4.3167,0.0,0.0133,0.0,-0.0133,0.904455,0.426569,1
11780,4.3333,0.0,0.0154,0.0,-0.0154,0.906308,0.422618,1
11781,4.35,0.0,0.0142,0.0,-0.0142,0.908143,0.41866,1
11782,4.3667,0.0,0.0132,0.0,-0.0132,0.909961,0.414693,1
11783,4.3833,0.0,0.0148,0.0,-0.0148,0.911762,0.410719,1
11784,4.4,0.0,0.0148,0.0,-0.0148,0.913545,0.406737,1
11785,4.4167,0.0,0.0117,0.0,-0.0117,0.915311,0.402747,1
11786,4.4333,0.0,0.014,0.0,-0.014,0.91706,0.398749,1
11787,4.45,0.0,0.0155,0.0,-0.0155,0.918791,0.394744,1
11788,4.4667,0.0,0.0112,0.0,-0.0112,0.920505,0.390731,1
11789,4.4833,0.0,0.015,0.0,-0.015,0.922201,0.386711,1
11790,4.5,0.0,0.0131,0.0,-0.0131,0.92388,0.382683,1
11791,4.5167,0.0,0.0135,0.0,-0.0135,0.925541,0.378649,1
11792,4.5333,0.0,0.0137,0.0,-0.0137,0.927184,0.374607,1
11793,4.55,0.0,0.017,0.0,-0.017,0.92881,0.370557,1
11794,4.5667,0.0,0.0146,0.0,-0.0146,0.930418,0.366501,1
11795,4.5833,0.0,0.0149,0.0,-0.0149,0.932008,0.362438,1
11796,4.6,0.0,0.0148,0.0,-0.0148,0.93358,0.358368,1
11797,4.6167,0.0,0.0137,0.0,-0.0137,0.935135,0.354291,1
11798,4.6333,0.0,0.0173,0.0,-0.0173,0.936672,0.350207,1
11799,4.65,0.0,0.0151,0.0,-0.0151,0.938191,0.346117,1
11800,4.6667,0.0,0.0109,0.0,-0.0109,0.939693,0.34202,1
11801,4.6833,0.0,0.0113,0.0,-0.0113,0.941176,0.337917,1
11802,4.7,0.0,0.0138,0.0,-0.0138,0.942641,0.333807,1
11803,4.7167,0.0,0.0127,0.0,-0.0127,0.944089,0.329691,1
11804,4.7333,0.0,0.0152,0.0,-0.0152,0.945519,0.325568,1
11805,4.75,0.0,0.0145,0.0,-0.0145,0.94693,0.321439,1
11806,4.7667,0.0,0.0119,0.0,-0.0119,0.948324,0.317305,1
11807,4.7833,0.0,0.0146,0.0,-0.0146,0.949699,0.313164,1
11808,4.8,0.0,0.012,0.0,-0.012,0.951057,0.309017,1
11809,4.8167,0.0,0.011,0.0,-0.011,0.952396,0.304864,1
11810,4.8333,0.0,0.0125,0.0,-0.0125,0.953717,0.300706,1
11811,4.85,0.0,0.0138,0.0,-0.0138,0.95502,0.296542,1
11812,4.8667,0.0,0.0135,0.0,-0.0135,0.956305,0.292372,1
11813,4.8833,0.0,0.0169,0.0,-0.0169,0.957571,0.288196,1
11814,4.9,0.0,0.0125,0.0,-0.0125,0.95882,0.284015,1
11815,4.9167,0.0,0.0146,0.0,-0.0146,0.96005,0.279829,1
11816,4.9333,0.0,0.0147,0.0,-0.0147,0.961262,0.275637,1
11817,4.95,0.0,0.0175,0.0,-0.0175,0.962455,0.27144,1
11818,4.9667,0.0,0.0122,0.0,-0.0122,0.96363,0.267238,1
11819,4.9833,0.0,0.011,0.0,-0.011,0.964787,0.263031,1
11820,5.0,0.0,0.0139,0.0,-0.0139,0.965926,0.258819,1
11821,5.0167,0.0,0.0137,0.0,-0.0137,0.967046,0.254602,1
11822,5.0333,0.0,0.0172,0.0,-0.0172,0.968148,0.25038,1
11823,5.05,0.0,0.0166,0.0,-0.0166,0.969231,0.246153,1
11824,5.0667,0.0,0.0147,0.0,-0.0147,0.970296,0.241922,1
11825,5.0833,0.0,0.0149,0.0,-0.0149,0.971342,0.237686,1
11826,5.1,0.0,0.0147,0.0,-0.0147,0.97237,0.233445,1
11827,5.1167,0.0,0.0148,0.0,-0.0148,0.973379,0.2292,1
11828,5.1333,0.0,0.0136,0.0,-0.0136,0.97437,0.224951,1
11829,5.15,0.0,0.016,0.0,-0.016,0.975342,0.220697,1
11830,5.1667,0.0,0.0129,0.0,-0.0129,0.976296,0.21644,1
11831,5.1833,0.0,0.0109,0.0,-0.0109,0.977231,0.212178,1
11832,5.2,0.0,0.0142,0.0,-0.0142,0.978148,0.207912,1
11833,5.2167,0.0,0.0119,0.0,-0.0119,0.979045,0.203642,1
11834,5.2333,0.0,0.0123,0.0,-0.0123,0.979925,0.199368,1
11835,5.25,0.0,0.0141,0.0,-0.0141,0.980785,0.19509,1
11836,5.2667,0.0,0.0145,0.0,-0.0145,0.981627,0.190809,1
11837,5.2833,0.0,0.0154,0.0,-0.0154,0.98245,0.186524,1
11838,5.3,0.0,0.012,0.0,-0.012,0.983255,0.182236,1
11839,5.3167,0.0,0.016,0.0,-0.016,0.984041,0.177944,1
11840,5.3333,0.0,0.0152,0.0,-0.0152,0.984808,0.173648,1
11841,5.35,0.0,0.0131,0.0,-0.0131,0.985556,0.16935,1
11842,5.3667,0.0,0.0154,0.0,-0.0154,0.986286,0.165048,1
11843,5.3833,0.0,0.0128,0.0,-0.0128,0.986996,0.160743,1
11844,5.4,0.0,0.0169,0.0,-0.0169,0.987688,0.156434,1
11845,5.4167,0.0,0.0152,0.0,-0.0152,0.988362,0.152123,1
11846,5.4333,0.0,0.0134,0.0,-0.0134,0.989016,0.147809,1
11847,5.45,0.0,0.012,0.0,-0.012,0.989651,0.143493,1
11848,5.4667,0.0,0.0135,0.0,-0.0135,0.990268,0.139173,1
11849,5.4833,0.0,0.0174,0.0,-0.0174,0.990866,0.134851,1
11850,5.5,0.0,0.0149,0.0,-0.0149,0.991445,0.130526,1
11851,5.5167,0.0,0.0134,0.0,-0.0134,0.992005,0.126199,1
11852,5.5333,0.0,0.0121,0.0,-0.0121,0.992546,0.121869,1
11853,5.55,0.0,0.0163,0.0,-0.0163,0.993068,0.117537,1
11854,5.5667,0.0,0.0141,0.0,-0.0141,0.993572,0.113203,1
11855,5.5833,0.0,0.0154,0.0,-0.0154,0.994056,0.108867,1
11856,5.6,0.0,0.0127,0.0,-0.0127,0.994522,0.104528,1
11857,5.6167,0.0,0.0112,0.0,-0.0112,0.994969,0.100188,1
11858,5.6333,0.0,0.0164,0.0,-0.0164,0.995396,0.095846,1
11859,5.65,0.0,0.0114,0.0,-0.0114,0.995805,0.091502,1
11860,5.6667,0.0,0.0111,0.0,-0.0111,0.996195,0.087156,1
11861,5.6833,0.0,0.0176,0.0,-0.0176,0.996566,0.082808,1
11862,5.7,0.0,0.0105,0.0,-0.0105,0.996917,0.078459,1
11863,5.7167,0.0,0.014,0.0,-0.014,0.99725,0.074108,1
11864,5.7333,0.0,0.0167,0.0,-0.0167,0.997564,0.069756,1
11865,5.75,0.0,0.0161,0.0,-0.0161,0.997859,0.065403,1
11866,5.7667,0.0,0.0171,0.0,-0.0171,0.998135,0.061049,1
11867,5.7833,0.0,0.0151,0.0,-0.0151,0.998392,0.056693,1
11868,5.8,0.0,0.0153,0.0,-0.0153,0.99863,0.052336,1
11869,5.8167,0.0,0.0158,0.0,-0.0158,0.998848,0.047978,1
11870,5.8333,0.0,0.0164,0.0,-0.0164,0.999048,0.043619,1
11871,5.85,0.0,0.0163,0.0,-0.0163,0.999229,0.03926,1
11872,5.8667,0.0,0.0161,0.0,-0.0161,0.999391,0.034899,1
11873,5.8833,0.0,0.0144,0.0,-0.0144,0.999534,0.030539,1
11874,5.9,0.0,0.0186,0.0,-0.0186,0.999657,0.026177,1
11875,5.9167,0.0,0.0152,0.0,-0.0152,0.999762,0.021815,1
11876,5.9333,0.0,0.0132,0.0,-0.0132,0.999848,0.017452,1
11877,5.95,0.0,0.0129,0.0,-0.0129,0.999914,0.01309,1
11878,5.9667,0.0,0.0156,0.0,-0.0156,0.999962,0.008727,1
11879,5.9833,0.0,0.0173,0.0,-0.0173,0.99999,0.004363,1
11880,6.0,0.00025,0.0275,0.0,-0.02725,1.0,0.0,1
11881,6.0167,0.0,0.0245,0.0,-0.0245,0.99999,-0.004363,1
11882,6.0333,0.002317,0.0279,0.0,-0.025583,0.999962,-0.008727,1
11883,6.05,0.005467,0.0261,0.0,-0.020633,0.999914,-0.01309,1
11884,6.0667,0.001433,0.0231,0.0,-0.021667,0.999848,-0.017452,1
11885,6.0833,0.0033,0.0271,0.0,-0.0238,0.999762,-0.021815,1
11886,6.1,0.0,0.0284,0.0,-0.0284,0.999657,-0.026177,1
11887,6.1167,0.004733,0.0277,0.0,-0.022967,0.999534,-0.030539,1
11888,6.1333,0.006517,0.0288,0.0,-0.022283,0.999391,-0.034899,1
11889,6.15,0.004233,0.0281,0.0,-0.023867,0.999229,-0.03926,1
11890,6.1667,0.002767,0.0267,0.0,-0.023933,0.999048,-0.043619,1
11891,6.1833,0.005,0.0273,0.0,-0.0223,0.998848,-0.047978,1
11892,6.2,0.004617,0.0237,0.0,-0.019083,0.99863,-0.052336,1
11893,6.2167,0.005483,0.0257,0.0,-0.020217,0.998392,-0.056693,1
11894,6.2333,0.00585,0.0263,0.0,-0.02045,0.998135,-0.061049,1
11895,6.25,0.004183,0.0279,0.0,-0.023717,0.997859,-0.065403,1
11896,6.2667,0.008383,0.0284,0.0,-0.020017,0.997564,-0.069756,1
11897,6.2833,0.007633,0.0272,0.0,-0.019567,0.99725,-0.074108,1
11898,6.3,0.0116,0.0289,0.0,-0.0173,0.996917,-0.078459,1
11899,6.3167,0.00745,0.0284,0.0,-0.02095,0.996566,-0.082808,1
11900,6.3333,0.0151,0.0299,0.0,-0.0148,0.996195,-0.087156,1
11901,6.35,0.011483,0.0266,0.0,-0.015117,0.995805,-0.091502,1
11902,6.3667,0.014117,0.0277,0.0,-0.013583,0.995396,-0.095846,1
11903,6.3833,0.011833,0.0261,0.0,-0.014267,0.994969,-0.100188,1
11904,6.4,0.013933,0.027,0.0,-0.013067,0.994522,-0.104528,1
11905,6.4167,0.011117,0.0265,0.0,-0.015383,0.994056,-0.108867,1
11906,6.4333,0.016983,0.0276,0.0,-0.010617,0.993572,-0.113203,1
11907,6.45,0.0125,0.0266,0.0,-0.0141,0.993068,-0.117537,1
11908,6.4667,0.011583,0.0257,0.0,-0.014117,0.992546,-0.121869,1
11909,6.4833,0.012717,0.0261,0.0,-0.013383,0.992005,-0.126199,1
11910,6.5,0.013683,0.0284,0.0,-0.014717,0.991445,-0.130526,1
11911,6.5167,0.018317,0.0252,0.0,-0.006883,0.990866,-0.134851,1
11912,6.5333,0.013367,0.0227,0.0,-0.009333,0.990268,-0.139173,1
11913,6.55,0.0198,0.0257,0.0,-0.0059,0.989651,-0.143493,1
11914,6.5667,0.0175,0.0259,0.0,-0.0084,0.989016,-0.147809,1
11915,6.5833,0.018033,0.0298,0.0,-0.011767,0.988362,-0.152123,1
11916,6.6,0.02005,0.0315,0.0,-0.01145,0.987688,-0.156434,1
11917,6.6167,0.019933,0.0261,0.0,-0.006167,0.986996,-0.160743,1
11918,6.6333,0.016467,0.0273,0.0,-0.010833,0.986286,-0.165048,1
11919,6.65,0.0184,0.0261,0.0,-0.0077,0.985556,-0.16935,1
11920,6.6667,0.020167,0.0257,0.0,-0.005533,0.984808,-0.173648,1
11921,6.6833,0.015867,0.0243,0.0,-0.008433,0.984041,-0.177944,1
11922,6.7,0.022,0.029,0.0,-0.007,0.983255,-0.182236,1
11923,6.7167,0.022383,0.0275,0.0,-0.005117,0.98245,-0.186524,1
11924,6.7333,0.0268,0.0284,0.0,-0.0016,0.981627,-0.190809,1
11925,6.75,0.027267,0.0262,0.0011,0.001067,0.980785,-0.19509,0
11926,6.7667,0.027167,0.0236,0.0047,0.003567,0.979925,-0.199368,0
11927,6.7833,0.029033,0.0261,0.0076,0.002933,0.979045,-0.203642,0
11928,6.8,0.020567,0.0265,0.0017,-0.005933,0.978148,-0.207912,0
11929,6.8167,0.025783,0.022,0.0055,0.003783,0.977231,-0.212178,0
11930,6.8333,0.0283,0.0281,0.0057,0.0002,0.976296,-0.21644,0
11931,6.85,0.027417,0.028,0.0051,-0.000583,0.975342,-0.220697,0
11932,6.8667,0.03,0.0259,0.0092,0.0041,0.97437,-0.224951,0
11933,6.8833,0.0282,0.027,0.0104,0.0012,0.973379,-0.2292,0
11934,6.9,0.026483,0.0267,0.0102,-0.000217,0.97237,-0.233445,0
11935,6.9167,0.030567,0.0284,0.0124,0.002167,0.971342,-0.237686,0
11936,6.9333,0.03195,0.0277,0.0167,0.00425,0.970296,-0.241922,0
11937,6.95,0.026333,0.0247,0.0183,0.001633,0.969231,-0.246153,0
11938,6.9667,0.030583,0.0253,0.0236,0.005283,0.968148,-0.25038,0
11939,6.9833,0.036367,0.026,0.034,0.010367,0.967046,-0.254602,0
11940,7.0,0.028883,0.0463,0.0166,-0.017417,0.965926,-0.258819,0
11941,7.0167,0.03185,0.047,0.0015,-0.01515,0.964787,-0.263031,0
11942,7.0333,0.032167,0.049,0.0,-0.016833,0.96363,-0.267238,1
11943,7.05,0.0347,0.0498,0.0,-0.0151,0.962455,-0.27144,1
11944,7.0667,0.027817,0.045,0.0,-0.017183,0.961262,-0.275637,1
11945,7.0833,0.0322,0.0472,0.0,-0.015,0.96005,-0.279829,1
11946,7.1,0.03865,0.047,0.0,-0.00835,0.95882,-0.284015,1
11947,7.1167,0.03265,0.0499,0.0,-0.01725,0.957571,-0.288196,1
11948,7.1333,0.035367,0.048,0.0,-0.012633,0.956305,-0.292372,1
11949,7.15,0.03355,0.0483,0.0,-0.01475,0.95502,-0.296542,1
11950,7.1667,0.032117,0.0517,0.0,-0.019583,0.953717,-0.300706,1
11951,7.1833,0.038383,0.0465,0.0,-0.008117,0.952396,-0.304864,1
11952,7.2,0.040617,0.0488,0.0,-0.008183,0.951057,-0.309017,1
11953,7.2167,0.0389,0.0494,0.0,-0.0105,0.949699,-0.313164,1
11954,7.2333,0.03665,0.0473,0.0,-0.01065,0.948324,-0.317305,1
11955,7.25,0.037283,0.05,0.0,-0.012717,0.94693,-0.321439,1
11956,7.2667,0.038533,0.0484,0.0,-0.009867,0.945519,-0.325568,1
11957,7.2833,0.038317,0.0458,0.0,-0.007483,0.944089,-0.329691,1
11958,7.3,0.037717,0.0519,0.0,-0.014183,0.942641,-0.333807,1
11959,7.3167,0.040167,0.0455,0.0,-0.005333,0.941176,-0.337917,1
11960,7.3333,0.043383,0.044,0.0,-0.000617,0.939693,-0.34202,1
11961,7.35,0.0421,0.0465,0.0,-0.0044,0.938191,-0.346117,1
11962,7.3667,0.043267,0.0504,0.0,-0.007133,0.936672,-0.350207,1
11963,7.3833,0.043083,0.0438,0.0,-0.000717,0.935135,-0.354291,1
11964,7.4,0.045283,0.0468,0.0,-0.001517,0.93358,-0.358368,1
11965,7.4167,0.045033,0.0503,0.0,-0.005267,0.932008,-0.362438,1
11966,7.4333,0.0479,0.0508,0.0,-0.0029,0.930418,-0.366501,1
11967,7.45,0.042667,0.0463,0.0,-0.003633,0.92881,-0.370557,1
11968,7.4667,0.04015,0.0467,0.0,-0.00655,0.927184,-0.374607,1
11969,7.4833,0.041817,0.0466,0.0,-0.004783,0.925541,-0.378649,1
11970,7.5,0.045267,0.0487,0.0,-0.003433,0.92388,-0.382683,1
11971,7.5167,0.046783,0.0463,0.0005,0.000483,0.922201,-0.386711,0
11972,7.5333,0.048867,0.0484,0.001,0.000467,0.920505,-0.390731,0
11973,7.55,0.050217,0.0489,0.0023,0.001317,0.918791,-0.394744,0
11974,7.5667,0.046283,0.0469,0.0017,-0.000617,0.91706,-0.398749,0
11975,7.5833,0.054683,0.0465,0.0099,0.008183,0.915311,-0.402747,0
11976,7.6,0.046267,0.0512,0.005,-0.004933,0.913545,-0.406737,0
11977,7.6167,0.044933,0.0478,0.0021,-0.002867,0.911762,-0.410719,0
11978,7.6333,0.050617,0.0509,0.0018,-0.000283,0.909961,-0.414693,0
11979,7.65,0.052267,0.0464,0.0077,0.005867,0.908143,-0.41866,0
11980,7.6667,0.05095,0.0476,0.011,0.00335,0.906308,-0.422618,0
11981,7.6833,0.055683,0.0485,0.0182,0.007183,0.904455,-0.426569,0
11982,7.7,0.0511,0.05,0.0193,0.0011,0.902585,-0.430511,0
11983,7.7167,0.05425,0.0478,0.0258,0.00645,0.900698,-0.434445,0
11984,7.7333,0.0532,0.0497,0.0293,0.0035,0.898794,-0.438371,0
11985,7.75,0.051517,0.0519,0.0289,-0.000383,0.896873,-0.442289,0
11986,7.7667,0.0535,0.0449,0.0375,0.0086,0.894934,-0.446198,0
11987,7.7833,0.057633,0.0526,0.0425,0.005033,0.892979,-0.450098,0
11988,7.8,0.05775,0.0472,0.0531,0.01055,0.891007,-0.45399,0
11989,7.8167,0.054817,0.0482,0.0597,0.006617,0.889017,-0.457874,0
11990,7.8333,0.051667,0.0502,0.0612,0.001467,0.887011,-0.461749,0
11991,7.85,0.050967,0.0476,0.0646,0.003367,0.884988,-0.465615,0
11992,7.8667,0.052183,0.0458,0.071,0.006383,0.882948,-0.469472,0
11993,7.8833,0.05805,0.0471,0.0819,0.01095,0.880891,-0.47332,0
11994,7.9,0.049883,0.0476,0.0842,0.002283,0.878817,-0.477159,0
11995,7.9167,0.0558,0.0485,0.0915,0.0073,0.876727,-0.480989,0
11996,7.9333,0.058233,0.0453,0.1044,0.012933,0.87462,-0.48481,0
11997,7.95,0.05645,0.0457,0.1152,0.01075,0.872496,-0.488621,0
11998,7.9667,0.059583,0.0466,0.1282,0.012983,0.870356,-0.492424,0
11999,7.9833,0.055317,0.0483,0.1352,0.007017,0.868199,-0.496217,0
12000,8.0,0.059467,0.0498,0.1449,0.009667,0.866025,-0.5,0
12001,8.0167,0.058933,0.0482,0.1556,0.010733,0.863836,-0.503774,0
12002,8.0333,0.05515,0.0493,0.1614,0.00585,0.861629,-0.507538,0
12003,8.05,0.05925,0.0472,0.1734,0.01205,0.859406,-0.511293,0
12004,8.0667,0.061517,0.0487,0.1862,0.012817,0.857167,-0.515038,0
12005,8.0833,0.05945,0.0518,0.1939,0.00765,0.854912,-0.518773,0
12006,8.1,0.066017,0.0466,0.2133,0.019417,0.85264,-0.522499,0
12007,8.1167,0.06125,0.051,0.2235,0.01025,0.850352,-0.526214,0
12008,8.1333,0.062267,0.0476,0.2382,0.014667,0.848048,-0.529919,0
12009,8.15,0.068067,0.0448,0.2615,0.023267,0.845728,-0.533615,0
12010,8.1667,0.066,0.0471,0.2804,0.0189,0.843391,-0.5373,0
12011,8.1833,0.065917,0.0496,0.2967,0.016317,0.841039,-0.540974,0
12012,8.2,0.065683,0.0492,0.3132,0.016483,0.838671,-0.544639,0
12013,8.2167,0.063583,0.0471,0.3297,0.016483,0.836286,-0.548293,0
12014,8.2333,0.067683,0.0469,0.3505,0.020783,0.833886,-0.551937,0
12015,8.25,0.06775,0.0468,0.3715,0.02095,0.83147,-0.55557,0
12016,8.2667,0.063283,0.0526,0.3822,0.010683,0.829038,-0.559193,0
12017,8.2833,0.06685,0.0474,0.4017,0.01945,0.82659,-0.562805,0
12018,8.3,0.063217,0.048,0.4169,0.015217,0.824126,-0.566406,0
12019,8.3167,0.070167,0.0469,0.4402,0.023267,0.821647,-0.569997,0
12020,8.3333,0.0661,0.0459,0.4604,0.0202,0.819152,-0.573576,0
12021,8.35,0.071667,0.0493,0.4828,0.022367,0.816642,-0.577145,0
12022,8.3667,0.072567,0.049,0.5064,0.023567,0.814116,-0.580703,0
12023,8.3833,0.07165,0.0478,0.5302,0.02385,0.811574,-0.58425,0
12024,8.4,0.067583,0.0519,0.5459,0.015683,0.809017,-0.587785,0
12025,8.4167,0.067583,0.0511,0.5624,0.016483,0.806445,-0.59131,0
12026,8.4333,0.0705,0.0475,0.5854,0.023,0.803857,-0.594823,0
12027,8.45,0.072633,0.0502,0.6078,0.022433,0.801254,-0.598325,0
12028,8.4667,0.0777,0.047,0.6385,0.0307,0.798636,-0.601815,0
12029,8.4833,0.069317,0.0499,0.6579,0.019417,0.796002,-0.605294,0
12030,8.5,0.07405,0.0477,0.6843,0.02635,0.793353,-0.608761,0
12031,8.5167,0.07465,0.0522,0.7067,0.02245,0.79069,-0.612217,0
12032,8.5333,0.0721,0.0492,0.7296,0.0229,0.788011,-0.615661,0
12033,8.55,0.07185,0.0503,0.7511,0.02155,0.785317,-0.619094,0
12034,8.5667,0.074633,0.0455,0.7802,0.029133,0.782608,-0.622515,0
12035,8.5833,0.07305,0.0446,0.8087,0.02845,0.779884,-0.625923,0
12036,8.6,0.076833,0.0477,0.8378,0.029133,0.777146,-0.62932,0
12037,8.6167,0.077667,0.0465,0.869,0.031167,0.774393,-0.632705,0
12038,8.6333,0.076033,0.048,0.897,0.028033,0.771625,-0.636078,0
12039,8.65,0.073767,0.0469,0.9239,0.026867,0.768842,-0.639439,0
12040,8.6667,0.07515,0.0477,0.9514,0.02745,0.766044,-0.642788,0
12041,8.6833,0.0769,0.0467,0.9816,0.0302,0.763232,-0.646124,0
12042,8.7,0.077833,0.0452,1.0142,0.032633,0.760406,-0.649448,0
12043,8.7167,0.07695,0.0466,1.0446,0.03035,0.757565,-0.65276,0
12044,8.7333,0.0783,0.0506,1.0723,0.0277,0.75471,-0.656059,0
12045,8.75,0.077617,0.0449,1.105,0.032717,0.75184,-0.659346,0
12046,8.7667,0.08055,0.0496,1.1359,0.03095,0.748956,-0.66262,0
12047,8.7833,0.0797,0.0453,1.1703,0.0344,0.746057,-0.665882,0
12048,8.8,0.079783,0.0457,1.2044,0.034083,0.743145,-0.669131,0
12049,8.8167,0.085317,0.0492,1.2405,0.036117,0.740218,-0.672367,0
12050,8.8333,0.081233,0.0482,1.2735,0.033033,0.737277,-0.67559,0
12051,8.85,0.081217,0.0489,1.3058,0.032317,0.734323,-0.678801,0
12052,8.8667,0.088083,0.045,1.3489,0.043083,0.731354,-0.681998,0
12053,8.8833,0.0794,0.0488,1.3795,0.0306,0.728371,-0.685183,0
12054,8.9,0.077117,0.0463,1.4103,0.030817,0.725374,-0.688355,0
12055,8.9167,0.082783,0.0485,1.4446,0.034283,0.722364,-0.691513,0
12056,8.9333,0.083733,0.0476,1.4807,0.036133,0.71934,-0.694658,0
12057,8.95,0.084683,0.0502,1.5152,0.034483,0.716302,-0.69779,0
12058,8.9667,0.083033,0.0493,1.5489,0.033733,0.71325,-0.700909,0
12059,8.9833,0.081283,0.0486,1.5816,0.032683,0.710185,-0.704015,0
12060,9.0,0.08515,0.0251,1.6417,0.06005,0.707107,-0.707107,0
12061,9.0167,0.089417,0.0286,1.7025,0.060817,0.704015,-0.710185,0
12062,9.0333,0.090567,0.0265,1.7666,0.064067,0.700909,-0.71325,0
12063,9.05,0.083933,0.0269,1.8236,0.057033,0.69779,-0.716302,0
12064,9.0667,0.089667,0.0256,1.8877,0.064067,0.694658,-0.71934,0
12065,9.0833,0.0887,0.026,1.9504,0.0627,0.691513,-0.722364,0
12066,9.1,0.0857,0.0269,2.0092,0.0588,0.688355,-0.725374,0
12067,9.1167,0.088983,0.0224,2.0758,0.066583,0.685183,-0.728371,0
12068,9.1333,0.090483,0.0283,2.138,0.062183,0.681998,-0.731354,0
12069,9.15,0.086867,0.0284,2.1965,0.058467,0.678801,-0.734323,0
12070,9.1667,0.088417,0.0295,2.2554,0.058917,0.67559,-0.737277,0
12071,9.1833,0.0906,0.0277,2.3183,0.0629,0.672367,-0.740218,0
12072,9.2,0.089,0.0269,2.3804,0.0621,0.669131,-0.743145,0
12073,9.2167,0.092383,0.0264,2.4464,0.065983,0.665882,-0.746057,0
12074,9.2333,0.088517,0.0238,2.5111,0.064717,0.66262,-0.748956,0
12075,9.25,0.089833,0.0293,2.5716,0.060533,0.659346,-0.75184,0
12076,9.2667,0.091717,0.0264,2.6369,0.065317,0.656059,-0.75471,0
12077,9.2833,0.09,0.0299,2.697,0.0601,0.65276,-0.757565,0
12078,9.3,0.090967,0.0278,2.7602,0.063167,0.649448,-0.760406,0
12079,9.3167,0.0893,0.0242,2.8253,0.0651,0.646124,-0.763232,0
12080,9.3333,0.092717,0.0256,2.8924,0.067117,0.642788,-0.766044,0
12081,9.35,0.094017,0.0243,2.9621,0.069717,0.639439,-0.768842,0
12082,9.3667,0.09485,0.0828,2.9741,0.01205,0.636078,-0.771625,0
12083,9.3833,0.09345,0.0828,2.9847,0.01065,0.632705,-0.774393,0
12084,9.4,0.093933,0.0771,3.0015,0.016833,0.62932,-0.777146,0
12085,9.4167,0.092483,0.0814,3.0126,0.011083,0.625923,-0.779884,0
12086,9.4333,0.09735,0.0857,3.0242,0.01165,0.622515,-0.782608,0
12087,9.45,0.097567,0.0798,3.042,0.017767,0.619094,-0.785317,0
12088,9.4667,0.09315,0.0815,3.0536,0.01165,0.615661,-0.788011,0
12089,9.4833,0.0951,0.0864,3.0623,0.0087,0.612217,-0.79069,0
12090,9.5,0.099117,0.083,3.0784,0.016117,0.608761,-0.793353,0
12091,9.5167,0.098533,0.0792,3.0977,0.019333,0.605294,-0.796002,0
12092,9.5333,0.095333,0.0777,3.1153,0.017633,0.601815,-0.798636,0
12093,9.55,0.0982,0.0775,3.136,0.0207,0.598325,-0.801254,0
12094,9.5667,0.097233,0.0788,3.1544,0.018433,0.594823,-0.803857,0
12095,9.5833,0.09565,0.0789,3.1711,0.01675,0.59131,-0.806445,0
12096,9.6,0.100067,0.079,3.1922,0.021067,0.587785,-0.809017,0
12097,9.6167,0.100067,0.0838,3.2085,0.016267,0.58425,-0.811574,0
12098,9.6333,0.096817,0.0799,3.2254,0.016917,0.580703,-0.814116,0
12099,9.65,0.095067,0.0857,3.2348,0.009367,0.577145,-0.816642,0
12100,9.6667,0.102383,0.0826,3.2546,0.019783,0.573576,-0.819152,0
12101,9.6833,0.10425,0.0777,3.2811,0.02655,0.569997,-0.821647,0
12102,9.7,0.093617,0.083,3.2917,0.010617,0.566406,-0.824126,0
12103,9.7167,0.096217,0.0816,3.3063,0.014617,0.562805,-0.82659,0
12104,9.7333,0.100217,0.0816,3.3249,0.018617,0.559193,-0.829038,0
12105,9.75,0.097317,0.0785,3.3437,0.018817,0.55557,-0.83147,0
12106,9.7667,0.10025,0.0805,3.3634,0.01975,0.551937,-0.833886,0
12107,9.7833,0.104333,0.0246,3.4431,0.079733,0.548293,-0.836286,0
12108,9.8,0.101183,0.0249,3.5194,0.076283,0.544639,-0.838671,0
12109,9.8167,0.103233,0.0265,3.5961,0.076733,0.540974,-0.841039,0
12110,9.8333,0.1026,0.0246,3.6741,0.078,0.5373,-0.843391,0
12111,9.85,0.099533,0.0264,3.7472,0.073133,0.533615,-0.845728,0
12112,9.8667,0.104933,0.0261,3.826,0.078833,0.529919,-0.848048,0
12113,9.8833,0.09955,0.0302,3.8954,0.06935,0.526214,-0.850352,0
12114,9.9,0.101233,0.0303,3.9663,0.070933,0.522499,-0.85264,0
12115,9.9167,0.1047,0.0301,4.0409,0.0746,0.518773,-0.854912,0
12116,9.9333,0.106483,0.0234,4.124,0.083083,0.515038,-0.857167,0
12117,9.95,0.105967,0.0304,4.1996,0.075567,0.511293,-0.859406,0
12118,9.9667,0.105133,0.0255,4.2792,0.079633,0.507538,-0.861629,0
12119,9.9833,0.105233,0.0255,4.3589,0.079733,0.503774,-0.863836,0
12120,10.0,0.103667,0.025,4.4376,0.078667,0.5,-0.866025,0
12121,10.0167,0.103833,0.0278,4.5136,0.076033,0.496217,-0.868199,0
12122,10.0333,0.107433,0.0284,4.5926,0.079033,0.492424,-0.870356,0
12123,10.05,0.106717,0.0248,4.6745,0.081917,0.488621,-0.872496,0
12124,10.0667,0.106483,0.0284,4.7526,0.078083,0.48481,-0.87462,0
12125,10.0833,0.10035,0.0247,4.8282,0.07565,0.480989,-0.876727,0
12126,10.1,0.105,0.0291,4.9041,0.0759,0.477159,-0.878817,0
12127,10.1167,0.1067,0.0259,4.9849,0.0808,0.47332,-0.880891,0
12128,10.1333,0.107233,0.0259,5.0662,0.081333,0.469472,-0.882948,0
12129,10.15,0.1035,0.0257,5.144,0.0778,0.465615,-0.884988,0
12130,10.1667,0.104767,0.0276,5.2212,0.077167,0.461749,-0.887011,0
12131,10.1833,0.112317,0.028,5.3055,0.084317,0.457874,-0.889017,0
12132,10.2,0.10355,0.0284,5.3807,0.07515,0.45399,-0.891007,0
12133,10.2167,0.106,0.026,5.4607,0.08,0.450098,-0.892979,0
12134,10.2333,0.1115,0.03,5.5422,0.0815,0.446198,-0.894934,0
12135,10.25,0.104717,0.0242,5.6227,0.080517,0.442289,-0.896873,0
12136,10.2667,0.106833,0.0244,5.7051,0.082433,0.438371,-0.898794,0
12137,10.2833,0.11,0.0311,5.784,0.0789,0.434445,-0.900698,0
12138,10.3,0.108767,0.0277,5.8651,0.081067,0.430511,-0.902585,0
12139,10.3167,0.103783,0.0233,5.9456,0.080483,0.426569,-0.904455,0
12140,10.3333,0.10555,0.0272,6.024,0.07835,0.422618,-0.906308,0
12141,10.35,0.1094,0.0232,6.1102,0.0862,0.41866,-0.908143,0
12142,10.3667,0.10345,0.0245,6.1891,0.07895,0.414693,-0.909961,0
12143,10.3833,0.106417,0.0259,6.2696,0.080517,0.410719,-0.911762,0
12144,10.4,0.108583,0.0252,6.353,0.083383,0.406737,-0.913545,0
12145,10.4167,0.113467,0.0227,6.4438,0.090767,0.402747,-0.915311,0
12146,10.4333,0.112067,0.0267,6.5292,0.085367,0.398749,-0.91706,0
12147,10.45,0.109333,0.027,6.6115,0.082333,0.394744,-0.918791,0
12148,10.4667,0.10875,0.026,6.6943,0.08275,0.390731,-0.920505,0
12149,10.4833,0.107217,0.0244,6.7771,0.082817,0.386711,-0.922201,0
12150,10.5,0.108617,0.0246,6.8611,0.084017,0.382683,-0.92388,0
12151,10.5167,0.109833,0.0279,6.943,0.081933,0.378649,-0.925541,0
12152,10.5333,0.1135,0.0242,7.0323,0.0893,0.374607,-0.927184,0
12153,10.55,0.110933,0.0247,7.1185,0.086233,0.370557,-0.92881,0
12154,10.5667,0.113667,0.0281,7.2041,0.085567,0.366501,-0.930418,0
12155,10.5833,0.111183,0.0236,7.2917,0.087583,0.362438,-0.932008,0
12156,10.6,0.1109,0.0287,7.3739,0.0822,0.358368,-0.93358,0
12157,10.6167,0.110233,0.0294,7.4547,0.080833,0.354291,-0.935135,0
12158,10.6333,0.11285,0.0268,7.5408,0.08605,0.350207,-0.936672,0
12159,10.65,0.113817,0.0215,7.6331,0.092317,0.346117,-0.938191,0
12160,10.6667,0.112533,0.0287,7.7169,0.083833,0.34202,-0.939693,0
12161,10.6833,0.1152,0.0263,7.8058,0.0889,0.337917,-0.941176,0
12162,10.7,0.113517,0.0271,7.8922,0.086417,0.333807,-0.942641,0
12163,10.7167,0.1121,0.0251,7.9792,0.087,0.329691,-0.944089,0
12164,10.7333,0.1124,0.0266,8.065,0.0858,0.325568,-0.945519,0
12165,10.75,0.116567,0.026,8.1556,0.090567,0.321439,-0.94693,0
12166,10.7667,0.1128,0.029,8.2394,0.0838,0.317305,-0.948324,0
12167,10.7833,0.11275,0.0259,8.3262,0.08685,0.313164,-0.949699,0
12168,10.8,0.114917,0.0285,8.4126,0.086417,0.309017,-0.951057,0
12169,10.8167,0.11015,0.0305,8.4923,0.07965,0.304864,-0.952396,0
12170,10.8333,0.114933,0.0298,8.5774,0.085133,0.300706,-0.953717,0
12171,10.85,0.1116,0.0234,8.6656,0.0882,0.296542,-0.95502,0
12172,10.8667,0.114683,0.0244,8.7559,0.090283,0.292372,-0.956305,0
12173,10.8833,0.117567,0.028,8.8455,0.089567,0.288196,-0.957571,0
12174,10.9,0.117667,0.023,8.9402,0.094667,0.284015,-0.95882,0
12175,10.9167,0.111917,0.0301,9.022,0.081817,0.279829,-0.96005,0
12176,10.9333,0.1138,0.0266,9.1092,0.0872,0.275637,-0.961262,0
12177,10.95,0.115083,0.0258,9.1985,0.089283,0.27144,-0.962455,0
12178,10.9667,0.11445,0.0232,9.2897,0.09125,0.267238,-0.96363,0
12179,10.9833,0.118167,0.0228,9.3851,0.095367,0.263031,-0.964787,0
12180,11.0,0.116983,0.0231,9.479,0.093883,0.258819,-0.965926,0
12181,11.0167,0.11665,0.0265,9.5691,0.09015,0.254602,-0.967046,0
12182,11.0333,0.11745,0.0262,9.6604,0.09125,0.25038,-0.968148,0
12183,11.05,0.116583,0.024,9.753,0.092583,0.246153,-0.969231,0
12184,11.0667,0.1173,0.0303,9.84,0.087,0.241922,-0.970296,0
12185,11.0833,0.121017,0.0247,9.9363,0.096317,0.237686,-0.971342,0
12186,11.1,0.115617,0.0252,10.0267,0.090417,0.233445,-0.97237,0
12187,11.1167,0.114717,0.0236,10.1178,0.091117,0.2292,-0.973379,0
12188,11.1333,0.116683,0.0272,10.2073,0.089483,0.224951,-0.97437,0
12189,11.15,0.118983,0.0262,10.3001,0.092783,0.220697,-0.975342,0
12190,11.1667,0.115083,0.0271,10.3881,0.087983,0.21644,-0.976296,0
12191,11.1833,0.1213,0.0234,10.486,0.0979,0.212178,-0.977231,0
12192,11.2,0.119783,0.0202,10.5856,0.099583,0.207912,-0.978148,0
12193,11.2167,0.116933,0.0254,10.6771,0.091533,0.203642,-0.979045,0
12194,11.2333,0.117083,0.0253,10.7689,0.091783,0.199368,-0.979925,0
12195,11.25,0.113417,0.0237,10.8586,0.089717,0.19509,-0.980785,0
12196,11.2667,0.11835,0.0276,10.9493,0.09075,0.190809,-0.981627,0
12197,11.2833,0.117017,0.0274,11.0389,0.089617,0.186524,-0.98245,0
12198,11.3,0.113733,0.0274,11.1252,0.086333,0.182236,-0.983255,0
12199,11.3167,0.1161,0.0254,11.2159,0.0907,0.177944,-0.984041,0
12200,11.3333,0.12135,0.0281,11.3091,0.09325,0.173648,-0.984808,0
12201,11.35,0.1177,0.0284,11.3984,0.0893,0.16935,-0.985556,0
12202,11.3667,0.120367,0.0251,11.4937,0.095267,0.165048,-0.986286,0
12203,11.3833,0.120367,0.0275,11.5866,0.092867,0.160743,-0.986996,0
12204,11.4,0.117183,0.0279,11.6759,0.089283,0.156434,-0.987688,0
12205,11.4167,0.121417,0.0252,11.7721,0.096217,0.152123,-0.988362,0
12206,11.4333,0.117783,0.0275,11.8624,0.090283,0.147809,-0.989016,0
12207,11.45,0.116083,0.0259,11.9526,0.090183,0.143493,-0.989651,0
12208,11.4667,0.120783,0.0291,12.0443,0.091683,0.139173,-0.990268,0
12209,11.4833,0.115367,0.0281,12.1316,0.087267,0.134851,-0.990866,0
12210,11.5,0.117917,0.0235,12.226,0.094417,0.130526,-0.991445,0
12211,11.5167,0.119017,0.0265,12.3185,0.092517,0.126199,-0.992005,0
12212,11.5333,0.118067,0.0253,12.4113,0.092767,0.121869,-0.992546,0
12213,11.55,0.120567,0.0236,12.5083,0.096967,0.117537,-0.993068,0
12214,11.5667,0.118183,0.0281,12.5984,0.090083,0.113203,-0.993572,0
12215,11.5833,0.120117,0.0242,12.6943,0.095917,0.108867,-0.994056,0
12216,11.6,0.119133,0.025,12.7884,0.094133,0.104528,-0.994522,0
12217,11.6167,0.11985,0.0276,12.8806,0.09225,0.100188,-0.994969,0
12218,11.6333,0.123167,0.0287,12.9751,0.094467,0.095846,-0.995396,0
12219,11.65,0.121867,0.028,13.069,0.093867,0.091502,-0.995805,0
12220,11.6667,0.1148,0.0279,13.1559,0.0869,0.087156,-0.996195,0
12221,11.6833,0.120917,0.0268,13.25,0.094117,0.082808,-0.996566,0
12222,11.7,0.123067,0.0295,13.3436,0.093567,0.078459,-0.996917,0
12223,11.7167,0.12245,0.0242,13.4419,0.09825,0.074108,-0.99725,0
12224,11.7333,0.125017,0.0272,13.5397,0.097817,0.069756,-0.997564,0
12225,11.75,0.11715,0.0267,13.6302,0.09045,0.065403,-0.997859,0
12226,11.7667,0.1176,0.0264,13.7214,0.0912,0.061049,-0.998135,0
12227,11.7833,0.122217,0.0298,13.8138,0.092417,0.056693,-0.998392,0
12228,11.8,0.117567,0.0289,13.9025,0.088667,0.052336,-0.99863,0
12229,11.8167,0.123883,0.0277,13.9987,0.096183,0.047978,-0.998848,0
12230,11.8333,0.124083,0.0269,14.0959,0.097183,0.043619,-0.999048,0
12231,11.85,0.123367,0.0274,14.1919,0.095967,0.03926,-0.999229,0
12232,11.8667,0.120833,0.0252,14.2875,0.095633,0.034899,-0.999391,0
12233,11.8833,0.119167,0.0266,14.3801,0.092567,0.030539,-0.999534,0
12234,11.9,0.12715,0.0238,14.4835,0.10335,0.026177,-0.999657,0
12235,11.9167,0.12215,0.03,14.5756,0.09215,0.021815,-0.999762,0
12236,11.9333,0.12035,0.0245,14.6715,0.09585,0.017452,-0.999848,0
12237,11.95,0.118333,0.0274,14.7624,0.090933,0.01309,-0.999914,0
12238,11.9667,0.119983,0.0281,14.8543,0.091883,0.008727,-0.999962,0
12239,11.9833,0.1182,0.0243,14.9482,0.0939,0.004363,-0.99999,0
12240,12.0,0.116083,0.0269,15.0,0.089183,0.0,-1.0,0
12241,12.0167,0.1151,0.0272,15.0,0.0879,-0.004363,-0.99999,0
12242,12.0333,0.117283,0.027,15.0,0.090283,-0.008727,-0.999962,0
12243,12.05,0.117567,0.0252,15.0,0.092367,-0.01309,-0.999914,0
12244,12.0667,0.116633,0.0249,15.0,0.091733,-0.017452,-0.999848,0
12245,12.0833,0.120533,0.0286,15.0,0.091933,-0.021815,-0.999762,0
12246,12.1,0.118617,0.0308,15.0,0.087817,-0.026177,-0.999657,0
12247,12.1167,0.118233,0.0245,15.0,0.093733,-0.030539,-0.999534,0
12248,12.1333,0.121817,0.0256,15.0,0.096217,-0.034899,-0.999391,0
12249,12.15,0.118967,0.0223,15.0,0.096667,-0.03926,-0.999229,0
12250,12.1667,0.11885,0.0267,15.0,0.09215,-0.043619,-0.999048,0
12251,12.1833,0.119933,0.0263,15.0,0.093633,-0.047978,-0.998848,0
12252,12.2,0.117283,0.0273,15.0,0.089983,-0.052336,-0.99863,0
12253,12.2167,0.12525,0.0253,15.0,0.09995,-0.056693,-0.998392,0
12254,12.2333,0.1228,0.031,15.0,0.0918,-0.061049,-0.998135,0
12255,12.25,0.12005,0.0272,15.0,0.09285,-0.065403,-0.997859,0
12256,12.2667,0.118283,0.0254,15.0,0.092883,-0.069756,-0.997564,0
12257,12.2833,0.1173,0.0279,15.0,0.0894,-0.074108,-0.99725,0
12258,12.3,0.119317,0.0235,15.0,0.095817,-0.078459,-0.996917,0
12259,12.3167,0.123167,0.0248,15.0,0.098367,-0.082808,-0.996566,0
12260,12.3333,0.124267,0.0256,15.0,0.098667,-0.087156,-0.996195,0
12261,12.35,0.117383,0.0219,15.0,0.095483,-0.091502,-0.995805,0
12262,12.3667,0.115533,0.0281,15.0,0.087433,-0.095846,-0.995396,0
12263,12.3833,0.11755,0.0267,15.0,0.09085,-0.100188,-0.994969,0
12264,12.4,0.117933,0.0268,15.0,0.091133,-0.104528,-0.994522,0
12265,12.4167,0.1215,0.0268,15.0,0.0947,-0.108867,-0.994056,0
12266,12.4333,0.116067,0.0297,15.0,0.086367,-0.113203,-0.993572,0
12267,12.45,0.12185,0.0267,15.0,0.09515,-0.117537,-0.993068,0
12268,12.4667,0.11875,0.0298,15.0,0.08895,-0.121869,-0.992546,0
12269,12.4833,0.121817,0.0281,15.0,0.093717,-0.126199,-0.992005,0
12270,12.5,0.1208,0.0251,15.0,0.0957,-0.130526,-0.991445,0
12271,12.5167,0.117783,0.0251,15.0,0.092683,-0.134851,-0.990866,0
12272,12.5333,0.118217,0.0273,15.0,0.090917,-0.139173,-0.990268,0
12273,12.55,0.121033,0.0259,15.0,0.095133,-0.143493,-0.989651,0
12274,12.5667,0.121183,0.028,15.0,0.093183,-0.147809,-0.989016,0
12275,12.5833,0.117367,0.0272,15.0,0.090167,-0.152123,-0.988362,0
12276,12.6,0.115683,0.0294,15.0,0.086283,-0.156434,-0.987688,0
12277,12.6167,0.1194,0.029,15.0,0.0904,-0.160743,-0.986996,0
12278,12.6333,0.116667,0.0253,15.0,0.091367,-0.165048,-0.986286,0
12279,12.65,0.117533,0.0255,15.0,0.092033,-0.16935,-0.985556,0
12280,12.6667,0.121067,0.0276,15.0,0.093467,-0.173648,-0.984808,0
12281,12.6833,0.11865,0.0281,15.0,0.09055,-0.177944,-0.984041,0
12282,12.7,0.113983,0.0236,15.0,0.090383,-0.182236,-0.983255,0
12283,12.7167,0.116983,0.0303,15.0,0.086683,-0.186524,-0.98245,0
12284,12.7333,0.11615,0.0274,15.0,0.08875,-0.190809,-0.981627,0
12285,12.75,0.117133,0.0258,15.0,0.091333,-0.19509,-0.980785,0
12286,12.7667,0.1153,0.0287,15.0,0.0866,-0.199368,-0.979925,0
12287,12.7833,0.119,0.0254,15.0,0.0936,-0.203642,-0.979045,0
12288,12.8,0.113417,0.0274,15.0,0.086017,-0.207912,-0.978148,0
12289,12.8167,0.1171,0.029,15.0,0.0881,-0.212178,-0.977231,0
12290,12.8333,0.111283,0.0253,15.0,0.085983,-0.21644,-0.976296,0
12291,12.85,0.117367,0.0233,15.0,0.094067,-0.220697,-0.975342,0
12292,12.8667,0.116017,0.0264,15.0,0.089617,-0.224951,-0.97437,0
12293,12.8833,0.1144,0.0242,15.0,0.0902,-0.2292,-0.973379,0
12294,12.9,0.11785,0.0266,15.0,0.09125,-0.233445,-0.97237,0
12295,12.9167,0.1161,0.0271,15.0,0.089,-0.237686,-0.971342,0
12296,12.9333,0.119867,0.0254,15.0,0.094467,-0.241922,-0.970296,0
12297,12.95,0.11785,0.0234,15.0,0.09445,-0.246153,-0.969231,0
12298,12.9667,0.116183,0.0276,15.0,0.088583,-0.25038,-0.968148,0
12299,12.9833,0.119767,0.0235,15.0,0.096267,-0.254602,-0.967046,0
12300,13.0,0.119583,0.027,15.0,0.092583,-0.258819,-0.965926,0
12301,13.0167,0.113233,0.0243,15.0,0.088933,-0.263031,-0.964787,0
12302,13.0333,0.1175,0.0282,15.0,0.0893,-0.267238,-0.96363,0
12303,13.05,0.118167,0.0255,15.0,0.092667,-0.27144,-0.962455,0
12304,13.0667,0.115033,0.0264,15.0,0.088633,-0.275637,-0.961262,0
12305,13.0833,0.111767,0.0261,15.0,0.085667,-0.279829,-0.96005,0
12306,13.1,0.113233,0.0292,15.0,0.084033,-0.284015,-0.95882,0
12307,13.1167,0.114133,0.024,15.0,0.090133,-0.288196,-0.957571,0
12308,13.1333,0.109717,0.0283,15.0,0.081417,-0.292372,-0.956305,0
12309,13.15,0.115767,0.026,15.0,0.089767,-0.296542,-0.95502,0
12310,13.1667,0.11605,0.026,15.0,0.09005,-0.300706,-0.953717,0
12311,13.1833,0.114883,0.0256,15.0,0.089283,-0.304864,-0.952396,0
12312,13.2,0.112433,0.0232,15.0,0.089233,-0.309017,-0.951057,0
12313,13.2167,0.1146,0.0239,15.0,0.0907,-0.313164,-0.949699,0
12314,13.2333,0.10965,0.0241,15.0,0.08555,-0.317305,-0.948324,0
12315,13.25,0.112617,0.029,15.0,0.083617,-0.321439,-0.94693,0
12316,13.2667,0.111233,0.0248,15.0,0.086433,-0.325568,-0.945519,0
12317,13.2833,0.11195,0.028,15.0,0.08395,-0.329691,-0.944089,0
12318,13.3,0.112217,0.0234,15.0,0.088817,-0.333807,-0.942641,0
12319,13.3167,0.114883,0.0243,15.0,0.090583,-0.337917,-0.941176,0
12320,13.3333,0.110217,0.0265,15.0,0.083717,-0.34202,-0.939693,0
12321,13.35,0.1144,0.0265,15.0,0.0879,-0.346117,-0.938191,0
12322,13.3667,0.114533,0.0254,15.0,0.089133,-0.350207,-0.936672,0
12323,13.3833,0.110267,0.0274,15.0,0.082867,-0.354291,-0.935135,0
12324,13.4,0.114567,0.0258,15.0,0.088767,-0.358368,-0.93358,0
12325,13.4167,0.11825,0.0253,15.0,0.09295,-0.362438,-0.932008,0
12326,13.4333,0.109267,0.025,15.0,0.084267,-0.366501,-0.930418,0
12327,13.45,0.1073,0.0252,15.0,0.0821,-0.370557,-0.92881,0
12328,13.4667,0.109767,0.0228,15.0,0.086967,-0.374607,-0.927184,0
12329,13.4833,0.110067,0.0296,15.0,0.080467,-0.378649,-0.925541,0
12330,13.5,0.11155,0.0236,15.0,0.08795,-0.382683,-0.92388,0
12331,13.5167,0.11045,0.0262,15.0,0.08425,-0.386711,-0.922201,0
12332,13.5333,0.1128,0.0259,15.0,0.0869,-0.390731,-0.920505,0
12333,13.55,0.110633,0.0265,15.0,0.084133,-0.394744,-0.918791,0
12334,13.5667,0.1103,0.0279,15.0,0.0824,-0.398749,-0.91706,0
12335,13.5833,0.109883,0.0261,15.0,0.083783,-0.402747,-0.915311,0
12336,13.6,0.108067,0.0286,15.0,0.079467,-0.406737,-0.913545,0
12337,13.6167,0.107283,0.0244,15.0,0.082883,-0.410719,-0.911762,0
12338,13.6333,0.1081,0.0295,15.0,0.0786,-0.414693,-0.909961,0
12339,13.65,0.11135,0.0288,15.0,0.08255,-0.41866,-0.908143,0
12340,13.6667,0.112467,0.0301,15.0,0.082367,-0.422618,-0.906308,0
12341,13.6833,0.11105,0.0294,15.0,0.08165,-0.426569,-0.904455,0
12342,13.7,0.111683,0.028,15.0,0.083683,-0.430511,-0.902585,0
12343,13.7167,0.110733,0.0286,15.0,0.082133,-0.434445,-0.900698,0
12344,13.7333,0.1042,0.0288,15.0,0.0754,-0.438371,-0.898794,0
12345,13.75,0.104617,0.028,15.0,0.076617,-0.442289,-0.896873,0
12346,13.7667,0.107333,0.0263,15.0,0.081033,-0.446198,-0.894934,0
12347,13.7833,0.108567,0.0257,15.0,0.082867,-0.450098,-0.892979,0
12348,13.8,0.106933,0.0267,15.0,0.080233,-0.45399,-0.891007,0
12349,13.8167,0.10655,0.0268,15.0,0.07975,-0.457874,-0.889017,0
12350,13.8333,0.1078,0.0249,15.0,0.0829,-0.461749,-0.887011,0
12351,13.85,0.1066,0.0292,15.0,0.0774,-0.465615,-0.884988,0
12352,13.8667,0.107,0.0276,15.0,0.0794,-0.469472,-0.882948,0
12353,13.8833,0.107433,0.0269,15.0,0.080533,-0.47332,-0.880891,0
12354,13.9,0.104267,0.0243,15.0,0.079967,-0.477159,-0.878817,0
12355,13.9167,0.106467,0.0622,15.0,0.044267,-0.480989,-0.876727,0
12356,13.9333,0.10695,0.0622,15.0,0.04475,-0.48481,-0.87462,0
12357,13.95,0.103167,0.0636,15.0,0.039567,-0.488621,-0.872496,0
12358,13.9667,0.102917,0.0622,15.0,0.040717,-0.492424,-0.870356,0
12359,13.9833,0.10675,0.0629,15.0,0.04385,-0.496217,-0.868199,0
12360,14.0,0.1076,0.0655,15.0,0.0421,-0.5,-0.866025,0
12361,14.0167,0.1003,0.0628,15.0,0.0375,-0.503774,-0.863836,0
12362,14.0333,0.10025,0.0649,15.0,0.03535,-0.507538,-0.861629,0
12363,14.05,0.104233,0.0608,15.0,0.043433,-0.511293,-0.859406,0
12364,14.0667,0.104383,0.0649,15.0,0.039483,-0.515038,-0.857167,0
12365,14.0833,0.104917,0.063,15.0,0.041917,-0.518773,-0.854912,0
12366,14.1,0.103317,0.0629,15.0,0.040417,-0.522499,-0.85264,0
12367,14.1167,0.1025,0.0627,15.0,0.0398,-0.526214,-0.850352,0
12368,14.1333,0.102217,0.0629,15.0,0.039317,-0.529919,-0.848048,0
12369,14.15,0.101583,0.0657,15.0,0.035883,-0.533615,-0.845728,0
12370,14.1667,0.10175,0.0625,15.0,0.03925,-0.5373,-0.843391,0
12371,14.1833,0.0992,0.0648,15.0,0.0344,-0.540974,-0.841039,0
12372,14.2,0.102167,0.0669,15.0,0.035267,-0.544639,-0.838671,0
12373,14.2167,0.0985,0.0627,15.0,0.0358,-0.548293,-0.836286,0
12374,14.2333,0.104117,0.0628,15.0,0.041317,-0.551937,-0.833886,0
12375,14.25,0.099367,0.0629,15.0,0.036467,-0.55557,-0.83147,0
12376,14.2667,0.097367,0.0651,15.0,0.032267,-0.559193,-0.829038,0
12377,14.2833,0.09875,0.0681,15.0,0.03065,-0.562805,-0.82659,0
12378,14.3,0.103417,0.0615,15.0,0.041917,-0.566406,-0.824126,0
12379,14.3167,0.100833,0.0603,15.0,0.040533,-0.569997,-0.821647,0
12380,14.3333,0.09605,0.0647,15.0,0.03135,-0.573576,-0.819152,0
12381,14.35,0.100867,0.0622,15.0,0.038667,-0.577145,-0.816642,0
12382,14.3667,0.100917,0.0616,15.0,0.039317,-0.580703,-0.814116,0
12383,14.3833,0.0935,0.0657,15.0,0.0278,-0.58425,-0.811574,0
12384,14.4,0.097833,0.0641,15.0,0.033733,-0.587785,-0.809017,0
12385,14.4167,0.102883,0.063,15.0,0.039883,-0.59131,-0.806445,0
12386,14.4333,0.096133,0.0633,15.0,0.032833,-0.594823,-0.803857,0
12387,14.45,0.096483,0.0618,15.0,0.034683,-0.598325,-0.801254,0
12388,14.4667,0.09385,0.0643,15.0,0.02955,-0.601815,-0.798636,0
12389,14.4833,0.0951,0.0613,15.0,0.0338,-0.605294,-0.796002,0
12390,14.5,0.0925,0.065,15.0,0.0275,-0.608761,-0.793353,0
12391,14.5167,0.1008,0.0609,15.0,0.0399,-0.612217,-0.79069,0
12392,14.5333,0.095717,0.0625,15.0,0.033217,-0.615661,-0.788011,0
12393,14.55,0.098533,0.0602,15.0,0.038333,-0.619094,-0.785317,0
12394,14.5667,0.093417,0.0626,15.0,0.030817,-0.622515,-0.782608,0
12395,14.5833,0.0977,0.0656,15.0,0.0321,-0.625923,-0.779884,0
12396,14.6,0.091117,0.0666,15.0,0.024517,-0.62932,-0.777146,0
12397,14.6167,0.09485,0.067,15.0,0.02785,-0.632705,-0.774393,0
12398,14.6333,0.089733,0.064,15.0,0.025733,-0.636078,-0.771625,0
12399,14.65,0.096983,0.0632,15.0,0.033783,-0.639439,-0.768842,0
12400,14.6667,0.09425,0.0644,15.0,0.02985,-0.642788,-0.766044,0
12401,14.6833,0.09135,0.0651,15.0,0.02625,-0.646124,-0.763232,0
12402,14.7,0.096283,0.0607,15.0,0.035583,-0.649448,-0.760406,0
12403,14.7167,0.083767,0.0636,15.0,0.020167,-0.65276,-0.757565,0
12404,14.7333,0.088433,0.0657,15.0,0.022733,-0.656059,-0.75471,0
12405,14.75,0.093017,0.0651,15.0,0.027917,-0.659346,-0.75184,0
12406,14.7667,0.0936,0.0597,15.0,0.0339,-0.66262,-0.748956,0
12407,14.7833,0.0867,0.062,15.0,0.0247,-0.665882,-0.746057,0
12408,14.8,0.092783,0.0606,15.0,0.032183,-0.669131,-0.743145,0
12409,14.8167,0.084533,0.063,15.0,0.021533,-0.672367,-0.740218,0
12410,14.8333,0.091683,0.0621,15.0,0.029583,-0.67559,-0.737277,0
12411,14.85,0.086917,0.0623,15.0,0.024617,-0.678801,-0.734323,0
12412,14.8667,0.089583,0.0614,15.0,0.028183,-0.681998,-0.731354,0
12413,14.8833,0.085333,0.0669,15.0,0.018433,-0.685183,-0.728371,0
12414,14.9,0.08605,0.0606,15.0,0.02545,-0.688355,-0.725374,0
12415,14.9167,0.0876,0.0638,15.0,0.0238,-0.691513,-0.722364,0
12416,14.9333,0.08395,0.0634,15.0,0.02055,-0.694658,-0.71934,0
12417,14.95,0.082883,0.0668,15.0,0.016083,-0.69779,-0.716302,0
12418,14.9667,0.087017,0.0615,15.0,0.025517,-0.700909,-0.71325,0
12419,14.9833,0.084233,0.0585,15.0,0.025733,-0.704015,-0.710185,0
12420,15.0,0.0839,0.0635,15.0,0.0204,-0.707107,-0.707107,0
12421,15.0167,0.088433,0.062,15.0,0.026433,-0.710185,-0.704015,0
12422,15.0333,0.07915,0.0637,15.0,0.01545,-0.71325,-0.700909,0
12423,15.05,0.0835,0.065,15.0,0.0185,-0.716302,-0.69779,0
12424,15.0667,0.080633,0.0597,15.0,0.020933,-0.71934,-0.694658,0
12425,15.0833,0.081,0.0615,15.0,0.0195,-0.722364,-0.691513,0
12426,15.1,0.08355,0.0643,15.0,0.01925,-0.725374,-0.688355,0
12427,15.1167,0.079467,0.0579,15.0,0.021567,-0.728371,-0.685183,0
12428,15.1333,0.0857,0.0624,15.0,0.0233,-0.731354,-0.681998,0
12429,15.15,0.08175,0.0623,15.0,0.01945,-0.734323,-0.678801,0
12430,15.1667,0.08365,0.065,15.0,0.01865,-0.737277,-0.67559,0
12431,15.1833,0.083317,0.0654,15.0,0.017917,-0.740218,-0.672367,0
12432,15.2,0.080417,0.0581,15.0,0.022317,-0.743145,-0.669131,0
12433,15.2167,0.076717,0.0653,15.0,0.011417,-0.746057,-0.665882,0
12434,15.2333,0.077717,0.0644,15.0,0.013317,-0.748956,-0.66262,0
12435,15.25,0.079133,0.0661,15.0,0.013033,-0.75184,-0.659346,0
12436,15.2667,0.07885,0.0642,15.0,0.01465,-0.75471,-0.656059,0
12437,15.2833,0.083583,0.0623,15.0,0.021283,-0.757565,-0.65276,0
12438,15.3,0.077517,0.0677,15.0,0.009817,-0.760406,-0.649448,0
12439,15.3167,0.079883,0.0612,15.0,0.018683,-0.763232,-0.646124,0
12440,15.3333,0.0755,0.0595,15.0,0.016,-0.766044,-0.642788,0
12441,15.35,0.076067,0.0613,15.0,0.014767,-0.768842,-0.639439,0
12442,15.3667,0.078617,0.061,15.0,0.017617,-0.771625,-0.636078,0
12443,15.3833,0.076883,0.0281,15.0,0.048783,-0.774393,-0.632705,0
12444,15.4,0.076317,0.0278,15.0,0.048517,-0.777146,-0.62932,0
12445,15.4167,0.07475,0.0252,15.0,0.04955,-0.779884,-0.625923,0
12446,15.4333,0.079033,0.0274,15.0,0.051633,-0.782608,-0.622515,0
12447,15.45,0.072033,0.0241,15.0,0.047933,-0.785317,-0.619094,0
12448,15.4667,0.070217,0.0247,15.0,0.045517,-0.788011,-0.615661,0
12449,15.4833,0.073417,0.026,15.0,0.047417,-0.79069,-0.612217,0
12450,15.5,0.07485,0.0265,15.0,0.04835,-0.793353,-0.608761,0
12451,15.5167,0.074783,0.0267,15.0,0.048083,-0.796002,-0.605294,0
12452,15.5333,0.068817,0.0214,15.0,0.047417,-0.798636,-0.601815,0
12453,15.55,0.074917,0.0268,15.0,0.048117,-0.801254,-0.598325,0
12454,15.5667,0.070617,0.0211,15.0,0.049517,-0.803857,-0.594823,0
12455,15.5833,0.067533,0.0262,15.0,0.041333,-0.806445,-0.59131,0
12456,15.6,0.069317,0.0277,15.0,0.041617,-0.809017,-0.587785,0
12457,15.6167,0.070217,0.0271,15.0,0.043117,-0.811574,-0.58425,0
12458,15.6333,0.067967,0.0262,15.0,0.041767,-0.814116,-0.580703,0
12459,15.65,0.072283,0.0293,15.0,0.042983,-0.816642,-0.577145,0
12460,15.6667,0.070133,0.026,15.0,0.044133,-0.819152,-0.573576,0
12461,15.6833,0.063267,0.0309,15.0,0.032367,-0.821647,-0.569997,0
12462,15.7,0.069817,0.0277,15.0,0.042117,-0.824126,-0.566406,0
12463,15.7167,0.06875,0.0267,15.0,0.04205,-0.82659,-0.562805,0
12464,15.7333,0.0658,0.0255,15.0,0.0403,-0.829038,-0.559193,0
12465,15.75,0.070033,0.0297,15.0,0.040333,-0.83147,-0.55557,0
12466,15.7667,0.0679,0.0271,15.0,0.0408,-0.833886,-0.551937,0
12467,15.7833,0.06405,0.0278,15.0,0.03625,-0.836286,-0.548293,0
12468,15.8,0.0655,0.0288,15.0,0.0367,-0.838671,-0.544639,0
12469,15.8167,0.066283,0.0247,15.0,0.041583,-0.841039,-0.540974,0
12470,15.8333,0.064467,0.0256,15.0,0.038867,-0.843391,-0.5373,0
12471,15.85,0.0698,0.0274,15.0,0.0424,-0.845728,-0.533615,0
12472,15.8667,0.06405,0.0256,15.0,0.03845,-0.848048,-0.529919,0
12473,15.8833,0.064233,0.0292,15.0,0.035033,-0.850352,-0.526214,0
12474,15.9,0.066267,0.0286,15.0,0.037667,-0.85264,-0.522499,0
12475,15.9167,0.059333,0.0243,15.0,0.035033,-0.854912,-0.518773,0
12476,15.9333,0.0639,0.0257,15.0,0.0382,-0.857167,-0.515038,0
12477,15.95,0.0597,0.028,15.0,0.0317,-0.859406,-0.511293,0
12478,15.9667,0.062383,0.0245,15.0,0.037883,-0.861629,-0.507538,0
12479,15.9833,0.063533,0.0254,15.0,0.038133,-0.863836,-0.503774,0
12480,16.0,0.057767,0.032,15.0,0.025767,-0.866025,-0.5,0
12481,16.0167,0.059667,0.0253,15.0,0.034367,-0.868199,-0.496217,0
12482,16.0333,0.061283,0.0226,15.0,0.038683,-0.870356,-0.492424,0
12483,16.05,0.055033,0.0298,15.0,0.025233,-0.872496,-0.488621,0
12484,16.0667,0.056533,0.0277,15.0,0.028833,-0.87462,-0.48481,0
12485,16.0833,0.056933,0.0257,15.0,0.031233,-0.876727,-0.480989,0
12486,16.1,0.05775,0.027,15.0,0.03075,-0.878817,-0.477159,0
12487,16.1167,0.05705,0.026,15.0,0.03105,-0.880891,-0.47332,0
12488,16.1333,0.058317,0.0259,15.0,0.032417,-0.882948,-0.469472,0
12489,16.15,0.05675,0.0271,15.0,0.02965,-0.884988,-0.465615,0
12490,16.1667,0.060933,0.0287,15.0,0.032233,-0.887011,-0.461749,0
12491,16.1833,0.052517,0.0292,15.0,0.023317,-0.889017,-0.457874,0
12492,16.2,0.054067,0.0248,15.0,0.029267,-0.891007,-0.45399,0
12493,16.2167,0.05765,0.0306,15.0,0.02705,-0.892979,-0.450098,0
12494,16.2333,0.0567,0.0256,15.0,0.0311,-0.894934,-0.446198,0
12495,16.25,0.0531,0.0271,15.0,0.026,-0.896873,-0.442289,0
12496,16.2667,0.053,0.027,15.0,0.026,-0.898794,-0.438371,0
12497,16.2833,0.05235,0.0254,15.0,0.02695,-0.900698,-0.434445,0
12498,16.3,0.052133,0.0292,15.0,0.022933,-0.902585,-0.430511,0
12499,16.3167,0.056783,0.0274,15.0,0.029383,-0.904455,-0.426569,0
12500,16.3333,0.05205,0.0245,15.0,0.02755,-0.906308,-0.422618,0
12501,16.35,0.046333,0.0298,15.0,0.016533,-0.908143,-0.41866,0
12502,16.3667,0.052967,0.0251,15.0,0.027867,-0.909961,-0.414693,0
12503,16.3833,0.0463,0.025,15.0,0.0213,-0.911762,-0.410719,0
12504,16.4,0.049283,0.0263,15.0,0.022983,-0.913545,-0.406737,0
12505,16.4167,0.049567,0.0263,15.0,0.023267,-0.915311,-0.402747,0
12506,16.4333,0.0473,0.0281,15.0,0.0192,-0.91706,-0.398749,0
12507,16.45,0.045417,0.0281,15.0,0.017317,-0.918791,-0.394744,0
12508,16.4667,0.049033,0.0244,15.0,0.024633,-0.920505,-0.390731,0
12509,16.4833,0.0472,0.026,15.0,0.0212,-0.922201,-0.386711,0
12510,16.5,0.045967,0.0293,15.0,0.016667,-0.92388,-0.382683,0
12511,16.5167,0.0454,0.0241,15.0,0.0213,-0.925541,-0.378649,0
12512,16.5333,0.040783,0.0273,15.0,0.013483,-0.927184,-0.374607,0
12513,16.55,0.045983,0.0258,15.0,0.020183,-0.92881,-0.370557,0
12514,16.5667,0.047783,0.0279,15.0,0.019883,-0.930418,-0.366501,0
12515,16.5833,0.044883,0.0269,15.0,0.017983,-0.932008,-0.362438,0
12516,16.6,0.045733,0.0249,15.0,0.020833,-0.93358,-0.358368,0
12517,16.6167,0.043467,0.0269,15.0,0.016567,-0.935135,-0.354291,0
12518,16.6333,0.0439,0.0258,15.0,0.0181,-0.936672,-0.350207,0
12519,16.65,0.037967,0.028,15.0,0.009967,-0.938191,-0.346117,0
12520,16.6667,0.04055,0.0281,15.0,0.01245,-0.939693,-0.34202,0
12521,16.6833,0.03505,0.0281,15.0,0.00695,-0.941176,-0.337917,0
12522,16.7,0.042883,0.0241,15.0,0.018783,-0.942641,-0.333807,0
12523,16.7167,0.041483,0.0241,15.0,0.017383,-0.944089,-0.329691,0
12524,16.7333,0.043,0.0288,15.0,0.0142,-0.945519,-0.325568,0
12525,16.75,0.03965,0.03,15.0,0.00965,-0.94693,-0.321439,0
12526,16.7667,0.044433,0.0253,15.0,0.019133,-0.948324,-0.317305,0
12527,16.7833,0.035517,0.0243,15.0,0.011217,-0.949699,-0.313164,0
12528,16.8,0.037217,0.0263,15.0,0.010917,-0.951057,-0.309017,0
12529,16.8167,0.033133,0.0253,15.0,0.007833,-0.952396,-0.304864,0
12530,16.8333,0.032817,0.0253,15.0,0.007517,-0.953717,-0.300706,0
12531,16.85,0.035183,0.0269,15.0,0.008283,-0.95502,-0.296542,0
12532,16.8667,0.035083,0.0255,15.0,0.009583,-0.956305,-0.292372,0
12533,16.8833,0.031583,0.0273,15.0,0.004283,-0.957571,-0.288196,0
12534,16.9,0.03065,0.0278,15.0,0.00285,-0.95882,-0.284015,0
12535,16.9167,0.03595,0.0259,15.0,0.01005,-0.96005,-0.279829,0
12536,16.9333,0.034683,0.0253,15.0,0.009383,-0.961262,-0.275637,0
12537,16.95,0.033417,0.0255,15.0,0.007917,-0.962455,-0.27144,0
12538,16.9667,0.03185,0.029,15.0,0.00285,-0.96363,-0.267238,0
12539,16.9833,0.03605,0.0304,15.0,0.00565,-0.964787,-0.263031,0
12540,17.0,0.029033,0.0263,15.0,0.002733,-0.965926,-0.258819,0
12541,17.0167,0.033367,0.0239,15.0,0.009467,-0.967046,-0.254602,0
12542,17.0333,0.0349,0.0227,15.0,0.0122,-0.968148,-0.25038,0
12543,17.05,0.02255,0.0259,14.9967,-0.00335,-0.969231,-0.246153,0
12544,17.0667,0.029667,0.0284,14.998,0.001267,-0.970296,-0.241922,0
12545,17.0833,0.0262,0.027,14.9972,-0.0008,-0.971342,-0.237686,0
12546,17.1,0.03255,0.0235,15.0,0.00905,-0.97237,-0.233445,0
12547,17.1167,0.029567,0.0263,15.0,0.003267,-0.973379,-0.2292,0
12548,17.1333,0.027,0.0226,15.0,0.0044,-0.97437,-0.224951,0
12549,17.15,0.022733,0.0273,14.9954,-0.004567,-0.975342,-0.220697,0
12550,17.1667,0.0286,0.0262,14.9978,0.0024,-0.976296,-0.21644,0
12551,17.1833,0.02395,0.0233,14.9984,0.00065,-0.977231,-0.212178,0
12552,17.2,0.029283,0.0279,14.9998,0.001383,-0.978148,-0.207912,0
12553,17.2167,0.02385,0.029,14.9947,-0.00515,-0.979045,-0.203642,0
12554,17.2333,0.02645,0.0249,14.9962,0.00155,-0.979925,-0.199368,0
12555,17.25,0.021183,0.0273,14.9901,-0.006117,-0.980785,-0.19509,0
12556,17.2667,0.02345,0.0258,14.9878,-0.00235,-0.981627,-0.190809,0
12557,17.2833,0.02375,0.0262,14.9854,-0.00245,-0.98245,-0.186524,0
12558,17.3,0.0217,0.0249,14.9822,-0.0032,-0.983255,-0.182236,0
12559,17.3167,0.025967,0.0255,14.9827,0.000467,-0.984041,-0.177944,0
12560,17.3333,0.021333,0.0236,14.9804,-0.002267,-0.984808,-0.173648,0
12561,17.35,0.018417,0.0271,14.9717,-0.008683,-0.985556,-0.16935,0
12562,17.3667,0.020333,0.0313,14.9607,-0.010967,-0.986286,-0.165048,0
12563,17.3833,0.015267,0.0275,14.9485,-0.012233,-0.986996,-0.160743,0
12564,17.4,0.016183,0.0253,14.9394,-0.009117,-0.987688,-0.156434,0
12565,17.4167,0.016133,0.0289,14.9266,-0.012767,-0.988362,-0.152123,0
12566,17.4333,0.016433,0.0259,14.9171,-0.009467,-0.989016,-0.147809,0
12567,17.45,0.0209,0.0265,14.9115,-0.0056,-0.989651,-0.143493,0
12568,17.4667,0.016667,0.0275,14.9007,-0.010833,-0.990268,-0.139173,0
12569,17.4833,0.015533,0.0266,14.8896,-0.011067,-0.990866,-0.134851,0
12570,17.5,0.017667,0.0295,14.8778,-0.011833,-0.991445,-0.130526,0
12571,17.5167,0.014067,0.0285,14.8634,-0.014433,-0.992005,-0.126199,0
12572,17.5333,0.014067,0.0272,14.8503,-0.013133,-0.992546,-0.121869,0
12573,17.55,0.01445,0.0307,14.8341,-0.01625,-0.993068,-0.117537,0
12574,17.5667,0.009017,0.0251,14.818,-0.016083,-0.993572,-0.113203,0
12575,17.5833,0.010067,0.0295,14.7986,-0.019433,-0.994056,-0.108867,0
12576,17.6,0.010517,0.0282,14.7809,-0.017683,-0.994522,-0.104528,0
12577,17.6167,0.018,0.0296,14.7693,-0.0116,-0.994969,-0.100188,0
12578,17.6333,0.008217,0.028,14.7495,-0.019783,-0.995396,-0.095846,0
12579,17.65,0.0076,0.0288,14.7283,-0.0212,-0.995805,-0.091502,0
12580,17.6667,0.006883,0.027,14.7082,-0.020117,-0.996195,-0.087156,0
12581,17.6833,0.014167,0.0248,14.6976,-0.010633,-0.996566,-0.082808,0
12582,17.7,0.009717,0.0282,14.6791,-0.018483,-0.996917,-0.078459,0
12583,17.7167,0.006233,0.0257,14.6596,-0.019467,-0.99725,-0.074108,0
12584,17.7333,0.00955,0.0249,14.6442,-0.01535,-0.997564,-0.069756,0
12585,17.75,0.00695,0.029,14.6221,-0.02205,-0.997859,-0.065403,0
12586,17.7667,0.006617,0.0275,14.6012,-0.020883,-0.998135,-0.061049,0
12587,17.7833,0.00615,0.0279,14.5794,-0.02175,-0.998392,-0.056693,0
12588,17.8,0.006417,0.0305,14.5553,-0.024083,-0.99863,-0.052336,0
12589,17.8167,0.0062,0.0248,14.5367,-0.0186,-0.998848,-0.047978,0
12590,17.8333,0.006267,0.0276,14.5154,-0.021333,-0.999048,-0.043619,0
12591,17.85,0.003033,0.0252,14.4932,-0.022167,-0.999229,-0.03926,0
12592,17.8667,0.003267,0.0226,14.4739,-0.019333,-0.999391,-0.034899,0
12593,17.8833,0.003883,0.0236,14.4542,-0.019717,-0.999534,-0.030539,0
12594,17.9,0.001083,0.0277,14.4276,-0.026617,-0.999657,-0.026177,0
12595,17.9167,0.002283,0.0281,14.4018,-0.025817,-0.999762,-0.021815,0
12596,17.9333,0.004583,0.0228,14.3836,-0.018217,-0.999848,-0.017452,0
12597,17.95,0.0,0.0246,14.359,-0.0246,-0.999914,-0.01309,0
12598,17.9667,0.003667,0.0252,14.3375,-0.021533,-0.999962,-0.008727,0
12599,17.9833,0.000817,0.0268,14.3115,-0.025983,-0.99999,-0.004363,0
12600,18.0,0.0,0.0605,14.251,-0.0605,-1.0,-0.0,0
12601,18.0167,0.0,0.0577,14.1933,-0.0577,-0.99999,0.004363,0
12602,18.0333,0.0,0.0575,14.1358,-0.0575,-0.999962,0.008727,0
12603,18.05,0.0,0.0584,14.0774,-0.0584,-0.999914,0.01309,0
12604,18.0667,0.0,0.0619,14.0155,-0.0619,-0.999848,0.017452,0
12605,18.0833,0.0,0.0605,13.955,-0.0605,-0.999762,0.021815,0
12606,18.1,0.0,0.0606,13.8944,-0.0606,-0.999657,0.026177,0
12607,18.1167,0.0,0.0632,13.8312,-0.0632,-0.999534,0.030539,0
12608,18.1333,0.0,0.0605,13.7707,-0.0605,-0.999391,0.034899,0
12609,18.15,0.0,0.057,13.7137,-0.057,-0.999229,0.03926,0
12610,18.1667,0.0,0.06,13.6537,-0.06,-0.999048,0.043619,0
12611,18.1833,0.0,0.0606,13.5931,-0.0606,-0.998848,0.047978,0
12612,18.2,0.0,0.0556,13.5375,-0.0556,-0.99863,0.052336,0
12613,18.2167,0.0,0.0593,13.4782,-0.0593,-0.998392,0.056693,0
12614,18.2333,0.0,0.0587,13.4195,-0.0587,-0.998135,0.061049,0
12615,18.25,0.0,0.0599,13.3596,-0.0599,-0.997859,0.065403,0
12616,18.2667,0.0,0.0623,13.2973,-0.0623,-0.997564,0.069756,0
12617,18.2833,0.0,0.0606,13.2367,-0.0606,-0.99725,0.074108,0
12618,18.3,0.0,0.0577,13.179,-0.0577,-0.996917,0.078459,0
12619,18.3167,0.0,0.0608,13.1182,-0.0608,-0.996566,0.082808,0
12620,18.3333,0.0,0.059,13.0592,-0.059,-0.996195,0.087156,0
12621,18.35,0.0,0.0582,13.001,-0.0582,-0.995805,0.091502,0
12622,18.3667,0.0,0.055,12.946,-0.055,-0.995396,0.095846,0
12623,18.3833,0.0,0.0612,12.8848,-0.0612,-0.994969,0.100188,0
12624,18.4,0.0,0.0597,12.8251,-0.0597,-0.994522,0.104528,0
12625,18.4167,0.0,0.0573,12.7678,-0.0573,-0.994056,0.108867,0
12626,18.4333,0.0,0.0587,12.7091,-0.0587,-0.993572,0.113203,0
12627,18.45,0.0,0.0577,12.6514,-0.0577,-0.993068,0.117537,0
12628,18.4667,0.0,0.0556,12.5958,-0.0556,-0.992546,0.121869,0
12629,18.4833,0.0,0.0614,12.5344,-0.0614,-0.992005,0.126199,0
12630,18.5,0.0,0.0618,12.4726,-0.0618,-0.991445,0.130526,0
12631,18.5167,0.0,0.06,12.4126,-0.06,-0.990866,0.134851,0
12632,18.5333,0.0,0.058,12.3546,-0.058,-0.990268,0.139173,0
12633,18.55,0.0,0.0615,12.2931,-0.0615,-0.989651,0.143493,0
12634,18.5667,0.0,0.0607,12.2324,-0.0607,-0.989016,0.147809,0
12635,18.5833,0.0,0.0613,12.1711,-0.0613,-0.988362,0.152123,0
12636,18.6,0.0,0.0619,12.1092,-0.0619,-0.987688,0.156434,0
12637,18.6167,0.0,0.0576,12.0516,-0.0576,-0.986996,0.160743,0
12638,18.6333,0.0,0.0596,11.992,-0.0596,-0.986286,0.165048,0
12639,18.65,0.0,0.0612,11.9308,-0.0612,-0.985556,0.16935,0
12640,18.6667,0.0,0.0572,11.8736,-0.0572,-0.984808,0.173648,0
12641,18.6833,0.0,0.0641,11.8095,-0.0641,-0.984041,0.177944,0
12642,18.7,0.0,0.0641,11.7454,-0.0641,-0.983255,0.182236,0
12643,18.7167,0.0,0.0597,11.6857,-0.0597,-0.98245,0.186524,0
12644,18.7333,0.0,0.0606,11.6251,-0.0606,-0.981627,0.190809,0
12645,18.75,0.0,0.0629,11.5622,-0.0629,-0.980785,0.19509,0
12646,18.7667,0.0,0.0587,11.5035,-0.0587,-0.979925,0.199368,0
12647,18.7833,0.0,0.0616,11.4419,-0.0616,-0.979045,0.203642,0
12648,18.8,0.0,0.0598,11.3821,-0.0598,-0.978148,0.207912,0
12649,18.8167,0.0,0.0589,11.3232,-0.0589,-0.977231,0.212178,0
12650,18.8333,0.0,0.0616,11.2616,-0.0616,-0.976296,0.21644,0
12651,18.85,0.0,0.0602,11.2014,-0.0602,-0.975342,0.220697,0
12652,18.8667,0.0,0.0626,11.1388,-0.0626,-0.97437,0.224951,0
12653,18.8833,0.0,0.0571,11.0817,-0.0571,-0.973379,0.2292,0
12654,18.9,0.0,0.0563,11.0254,-0.0563,-0.97237,0.233445,0
12655,18.9167,0.0,0.0591,10.9663,-0.0591,-0.971342,0.237686,0
12656,18.9333,0.0,0.0614,10.9049,-0.0614,-0.970296,0.241922,0
12657,18.95,0.0,0.0597,10.8452,-0.0597,-0.969231,0.246153,0
12658,18.9667,0.0,0.0557,10.7895,-0.0557,-0.968148,0.25038,0
12659,18.9833,0.0,0.0571,10.7324,-0.0571,-0.967046,0.254602,0
12660,19.0,0.0,0.0591,10.6733,-0.0591,-0.965926,0.258819,0
12661,19.0167,0.0,0.0604,10.6129,-0.0604,-0.964787,0.263031,0
12662,19.0333,0.0,0.0587,10.5542,-0.0587,-0.96363,0.267238,0
12663,19.05,0.0,0.0601,10.4941,-0.0601,-0.962455,0.27144,0
12664,19.0667,0.0,0.0564,10.4377,-0.0564,-0.961262,0.275637,0
12665,19.0833,0.0,0.0587,10.379,-0.0587,-0.96005,0.279829,0
12666,19.1,0.0,0.059,10.32,-0.059,-0.95882,0.284015,0
12667,19.1167,0.0,0.0606,10.2594,-0.0606,-0.957571,0.288196,0
12668,19.1333,0.0,0.0602,10.1992,-0.0602,-0.956305,0.292372,0
12669,19.15,0.0,0.0579,10.1413,-0.0579,-0.95502,0.296542,0
12670,19.1667,0.0,0.0607,10.0806,-0.0607,-0.953717,0.300706,0
12671,19.1833,0.0,0.0591,10.0215,-0.0591,-0.952396,0.304864,0
12672,19.2,0.0,0.0575,9.964,-0.0575,-0.951057,0.309017,0
12673,19.2167,0.0,0.0586,9.9054,-0.0586,-0.949699,0.313164,0
12674,19.2333,0.0,0.0589,9.8465,-0.0589,-0.948324,0.317305,0
12675,19.25,0.0,0.0592,9.7873,-0.0592,-0.94693,0.321439,0
12676,19.2667,0.0,0.06,9.7273,-0.06,-0.945519,0.325568,0
12677,19.2833,0.0,0.0603,9.667,-0.0603,-0.944089,0.329691,0
12678,19.3,0.0,0.0602,9.6068,-0.0602,-0.942641,0.333807,0
12679,19.3167,0.0,0.0604,9.5464,-0.0604,-0.941176,0.337917,0
12680,19.3333,0.0,0.061,9.4854,-0.061,-0.939693,0.34202,0
12681,19.35,0.0,0.0579,9.4275,-0.0579,-0.938191,0.346117,0
12682,19.3667,0.0,0.0586,9.3689,-0.0586,-0.936672,0.350207,0
12683,19.3833,0.0,0.0632,9.3057,-0.0632,-0.935135,0.354291,0
12684,19.4,0.0,0.0584,9.2473,-0.0584,-0.93358,0.358368,0
12685,19.4167,0.0,0.0547,9.1926,-0.0547,-0.932008,0.362438,0
12686,19.4333,0.0,0.0617,9.1309,-0.0617,-0.930418,0.366501,0
12687,19.45,0.0,0.0572,9.0737,-0.0572,-0.92881,0.370557,0
12688,19.4667,0.0,0.0592,9.0145,-0.0592,-0.927184,0.374607,0
12689,19.4833,0.0,0.0582,8.9563,-0.0582,-0.925541,0.378649,0
12690,19.5,0.0,0.0631,8.8932,-0.0631,-0.92388,0.382683,0
12691,19.5167,0.0,0.0629,8.8303,-0.0629,-0.922201,0.386711,0
12692,19.5333,0.0,0.0567,8.7736,-0.0567,-0.920505,0.390731,0
12693,19.55,0.0,0.0598,8.7138,-0.0598,-0.918791,0.394744,0
12694,19.5667,0.0,0.06,8.6538,-0.06,-0.91706,0.398749,0
12695,19.5833,0.0,0.0565,8.5973,-0.0565,-0.915311,0.402747,0
12696,19.6,0.0,0.0559,8.5414,-0.0559,-0.913545,0.406737,0
12697,19.6167,0.0,0.0591,8.4823,-0.0591,-0.911762,0.410719,0
12698,19.6333,0.0,0.0596,8.4227,-0.0596,-0.909961,0.414693,0
12699,19.65,0.0,0.0612,8.3615,-0.0612,-0.908143,0.41866,0
12700,19.6667,0.0,0.0614,8.3001,-0.0614,-0.906308,0.422618,0
12701,19.6833,0.0,0.0584,8.2417,-0.0584,-0.904455,0.426569,0
12702,19.7,0.0,0.0601,8.1816,-0.0601,-0.902585,0.430511,0
12703,19.7167,0.0,0.0579,8.1237,-0.0579,-0.900698,0.434445,0
12704,19.7333,0.0,0.0603,8.0634,-0.0603,-0.898794,0.438371,0
12705,19.75,0.0,0.0611,8.0023,-0.0611,-0.896873,0.442289,0
12706,19.7667,0.0,0.0591,7.9432,-0.0591,-0.894934,0.446198,0
12707,19.7833,0.0,0.0616,7.8816,-0.0616,-0.892979,0.450098,0
12708,19.8,0.0,0.0627,7.8189,-0.0627,-0.891007,0.45399,0
12709,19.8167,0.0,0.0595,7.7594,-0.0595,-0.889017,0.457874,0
12710,19.8333,0.0,0.0572,7.7022,-0.0572,-0.887011,0.461749,0
12711,19.85,0.0,0.0564,7.6458,-0.0564,-0.884988,0.465615,0
12712,19.8667,0.0,0.0568,7.589,-0.0568,-0.882948,0.469472,0
12713,19.8833,0.0,0.0582,7.5308,-0.0582,-0.880891,0.47332,0
12714,19.9,0.0,0.0593,7.4715,-0.0593,-0.878817,0.477159,0
12715,19.9167,0.0,0.0569,7.4146,-0.0569,-0.876727,0.480989,0
12716,19.9333,0.0,0.0607,7.3539,-0.0607,-0.87462,0.48481,0
12717,19.95,0.0,0.0609,7.293,-0.0609,-0.872496,0.488621,0
12718,19.9667,0.0,0.0576,7.2354,-0.0576,-0.870356,0.492424,0
12719,19.9833,0.0,0.062,7.1734,-0.062,-0.868199,0.496217,0
12720,20.0,0.0,0.0592,7.1142,-0.0592,-0.866025,0.5,0
12721,20.0167,0.0,0.0565,7.0577,-0.0565,-0.863836,0.503774,0
12722,20.0333,0.0,0.0591,6.9986,-0.0591,-0.861629,0.507538,0
12723,20.05,0.0,0.0551,6.9435,-0.0551,-0.859406,0.511293,0
12724,20.0667,0.0,0.0631,6.8804,-0.0631,-0.857167,0.515038,0
12725,20.0833,0.0,0.056,6.8244,-0.056,-0.854912,0.518773,0
12726,20.1,0.0,0.0588,6.7656,-0.0588,-0.85264,0.522499,0
12727,20.1167,0.0,0.0636,6.702,-0.0636,-0.850352,0.526214,0
12728,20.1333,0.0,0.0614,6.6406,-0.0614,-0.848048,0.529919,0
12729,20.15,0.0,0.0602,6.5804,-0.0602,-0.845728,0.533615,0
12730,20.1667,0.0,0.0619,6.5185,-0.0619,-0.843391,0.5373,0
12731,20.1833,0.0,0.062,6.4565,-0.062,-0.841039,0.540974,0
12732,20.2,0.0,0.0602,6.3963,-0.0602,-0.838671,0.544639,0
12733,20.2167,0.0,0.0603,6.336,-0.0603,-0.836286,0.548293,0
12734,20.2333,0.0,0.0577,6.2783,-0.0577,-0.833886,0.551937,0
12735,20.25,0.0,0.0631,6.2152,-0.0631,-0.83147,0.55557,0
12736,20.2667,0.0,0.0594,6.1558,-0.0594,-0.829038,0.559193,0
12737,20.2833,0.0,0.0606,6.0952,-0.0606,-0.82659,0.562805,0
12738,20.3,0.0,0.0635,6.0317,-0.0635,-0.824126,0.566406,0
12739,20.3167,0.0,0.0603,5.9714,-0.0603,-0.821647,0.569997,0
12740,20.3333,0.0,0.0584,5.913,-0.0584,-0.819152,0.573576,0
12741,20.35,0.0,0.0626,5.8504,-0.0626,-0.816642,0.577145,0
12742,20.3667,0.0,0.0599,5.7905,-0.0599,-0.814116,0.580703,0
12743,20.3833,0.0,0.0583,5.7322,-0.0583,-0.811574,0.58425,0
12744,20.4,0.0,0.0623,5.6699,-0.0623,-0.809017,0.587785,0
12745,20.4167,0.0,0.0599,5.61,-0.0599,-0.806445,0.59131,0
12746,20.4333,0.0,0.0587,5.5513,-0.0587,-0.803857,0.594823,0
12747,20.45,0.0,0.057,5.4943,-0.057,-0.801254,0.598325,0
12748,20.4667,0.0,0.0576,5.4367,-0.0576,-0.798636,0.601815,0
12749,20.4833,0.0,0.0614,5.3753,-0.0614,-0.796002,0.605294,0
12750,20.5,0.0,0.0644,5.3109,-0.0644,-0.793353,0.608761,0
12751,20.5167,0.0,0.0616,5.2493,-0.0616,-0.79069,0.612217,0
12752,20.5333,0.0,0.0569,5.1924,-0.0569,-0.788011,0.615661,0
12753,20.55,0.0,0.0616,5.1308,-0.0616,-0.785317,0.619094,0
12754,20.5667,0.0,0.0645,5.0663,-0.0645,-0.782608,0.622515,0
12755,20.5833,0.0,0.0602,5.0061,-0.0602,-0.779884,0.625923,0
12756,20.6,0.0,0.0604,4.9457,-0.0604,-0.777146,0.62932,0
12757,20.6167,0.0,0.061,4.8847,-0.061,-0.774393,0.632705,0
12758,20.6333,0.0,0.0606,4.8241,-0.0606,-0.771625,0.636078,0
12759,20.65,0.0,0.0593,4.7648,-0.0593,-0.768842,0.639439,0
12760,20.6667,0.0,0.0606,4.7042,-0.0606,-0.766044,0.642788,0
12761,20.6833,0.0,0.0601,4.6441,-0.0601,-0.763232,0.646124,0
12762,20.7,0.0,0.0604,4.5837,-0.0604,-0.760406,0.649448,0
12763,20.7167,0.0,0.0608,4.5229,-0.0608,-0.757565,0.65276,0
12764,20.7333,0.0,0.0596,4.4633,-0.0596,-0.75471,0.656059,0
12765,20.75,0.0,0.0601,4.4032,-0.0601,-0.75184,0.659346,0
12766,20.7667,0.0,0.0581,4.3451,-0.0581,-0.748956,0.66262,0
12767,20.7833,0.0,0.1084,4.2367,-0.1084,-0.746057,0.665882,0
12768,20.8,0.0,0.112,4.1247,-0.112,-0.743145,0.669131,0
12769,20.8167,0.0,0.107,4.0177,-0.107,-0.740218,0.672367,0
12770,20.8333,0.0,0.1046,3.9131,-0.1046,-0.737277,0.67559,0
12771,20.85,0.0,0.1086,3.8045,-0.1086,-0.734323,0.678801,0
12772,20.8667,0.0,0.106,3.6985,-0.106,-0.731354,0.681998,0
12773,20.8833,0.0,0.1066,3.5919,-0.1066,-0.728371,0.685183,0
12774,20.9,0.0,0.1067,3.4852,-0.1067,-0.725374,0.688355,0
12775,20.9167,0.0,0.1079,3.3773,-0.1079,-0.722364,0.691513,0
12776,20.9333,0.0,0.1088,3.2685,-0.1088,-0.71934,0.694658,0
12777,20.95,0.0,0.1065,3.162,-0.1065,-0.716302,0.69779,0
12778,20.9667,0.0,0.107,3.055,-0.107,-0.71325,0.700909,0
12779,20.9833,0.0,0.1082,2.9468,-0.1082,-0.710185,0.704015,0
12780,21.0,0.0,0.1109,2.8359,-0.1109,-0.707107,0.707107,0
12781,21.0167,0.0,0.1143,2.7216,-0.1143,-0.704015,0.710185,0
12782,21.0333,0.0,0.106,2.6156,-0.106,-0.700909,0.71325,0
12783,21.05,0.0,0.1072,2.5084,-0.1072,-0.69779,0.716302,0
12784,21.0667,0.0,0.1105,2.3979,-0.1105,-0.694658,0.71934,0
12785,21.0833,0.0,0.1063,2.2916,-0.1063,-0.691513,0.722364,0
12786,21.1,0.0,0.1094,2.1822,-0.1094,-0.688355,0.725374,0
12787,21.1167,0.0,0.1064,2.0758,-0.1064,-0.685183,0.728371,0
12788,21.1333,0.0,0.1061,1.9697,-0.1061,-0.681998,0.731354,0
12789,21.15,0.0,0.1085,1.8612,-0.1085,-0.678801,0.734323,0
12790,21.1667,0.0,0.1064,1.7548,-0.1064,-0.67559,0.737277,0
12791,21.1833,0.0,0.1072,1.6476,-0.1072,-0.672367,0.740218,0
12792,21.2,0.0,0.1088,1.5388,-0.1088,-0.669131,0.743145,0
12793,21.2167,0.0,0.1077,1.4311,-0.1077,-0.665882,0.746057,0
12794,21.2333,0.0,0.1109,1.3202,-0.1109,-0.66262,0.748956,0
12795,21.25,0.0,0.108,1.2122,-0.108,-0.659346,0.75184,0
12796,21.2667,0.0,0.1101,1.1021,-0.1101,-0.656059,0.75471,0
12797,21.2833,0.0,0.1066,0.9955,-0.1066,-0.65276,0.757565,0
12798,21.3,0.0,0.1121,0.8834,-0.1121,-0.649448,0.760406,0
12799,21.3167,0.0,0.1084,0.775,-0.1084,-0.646124,0.763232,0
12800,21.3333,0.0,0.1114,0.6636,-0.1114,-0.642788,0.766044,0
12801,21.35,0.0,0.1092,0.5544,-0.1092,-0.639439,0.768842,0
12802,21.3667,0.0,0.1067,0.4477,-0.1067,-0.636078,0.771625,0
12803,21.3833,0.0,0.1076,0.3401,-0.1076,-0.632705,0.774393,0
12804,21.4,0.0,0.1095,0.2306,-0.1095,-0.62932,0.777146,0
12805,21.4167,0.0,0.107,0.1236,-0.107,-0.625923,0.779884,0
12806,21.4333,0.0,0.107,0.0166,-0.107,-0.622515,0.782608,0
12807,21.45,0.0,0.1113,0.0,-0.1113,-0.619094,0.785317,1
12808,21.4667,0.0,0.1118,0.0,-0.1118,-0.615661,0.788011,1
12809,21.4833,0.0,0.1106,0.0,-0.1106,-0.612217,0.79069,1
12810,21.5,0.0,0.1071,0.0,-0.1071,-0.608761,0.793353,1
12811,21.5167,0.0,0.1078,0.0,-0.1078,-0.605294,0.796002,1
12812,21.5333,0.0,0.1078,0.0,-0.1078,-0.601815,0.798636,1
12813,21.55,0.0,0.1072,0.0,-0.1072,-0.598325,0.801254,1
12814,21.5667,0.0,0.1077,0.0,-0.1077,-0.594823,0.803857,1
12815,21.5833,0.0,0.1071,0.0,-0.1071,-0.59131,0.806445,1
12816,21.6,0.0,0.1112,0.0,-0.1112,-0.587785,0.809017,1
12817,21.6167,0.0,0.109,0.0,-0.109,-0.58425,0.811574,1
12818,21.6333,0.0,0.109,0.0,-0.109,-0.580703,0.814116,1
12819,21.65,0.0,0.1049,0.0,-0.1049,-0.577145,0.816642,1
12820,21.6667,0.0,0.1076,0.0,-0.1076,-0.573576,0.819152,1
12821,21.6833,0.0,0.1069,0.0,-0.1069,-0.569997,0.821647,1
12822,21.7,0.0,0.109,0.0,-0.109,-0.566406,0.824126,1
12823,21.7167,0.0,0.1077,0.0,-0.1077,-0.562805,0.82659,1
12824,21.7333,0.0,0.0579,0.0,-0.0579,-0.559193,0.829038,1
12825,21.75,0.0,0.0623,0.0,-0.0623,-0.55557,0.83147,1
12826,21.7667,0.0,0.0606,0.0,-0.0606,-0.551937,0.833886,1
12827,21.7833,0.0,0.0594,0.0,-0.0594,-0.548293,0.836286,1
12828,21.8,0.0,0.0603,0.0,-0.0603,-0.544639,0.838671,1
12829,21.8167,0.0,0.0614,0.0,-0.0614,-0.540974,0.841039,1
12830,21.8333,0.0,0.0583,0.0,-0.0583,-0.5373,0.843391,1
12831,21.85,0.0,0.0639,0.0,-0.0639,-0.533615,0.845728,1
12832,21.8667,0.0,0.06,0.0,-0.06,-0.529919,0.848048,1
12833,21.8833,0.0,0.0555,0.0,-0.0555,-0.526214,0.850352,1
12834,21.9,0.0,0.0594,0.0,-0.0594,-0.522499,0.85264,1
12835,21.9167,0.0,0.0604,0.0,-0.0604,-0.518773,0.854912,1
12836,21.9333,0.0,0.058,0.0,-0.058,-0.515038,0.857167,1
12837,21.95,0.0,0.0609,0.0,-0.0609,-0.511293,0.859406,1
12838,21.9667,0.0,0.0607,0.0,-0.0607,-0.507538,0.861629,1
12839,21.9833,0.0,0.0593,0.0,-0.0593,-0.503774,0.863836,1
12840,22.0,0.0,0.0103,0.0,-0.0103,-0.5,0.866025,1
12841,22.0167,0.0,0.0123,0.0,-0.0123,-0.496217,0.868199,1
12842,22.0333,0.0,0.0125,0.0,-0.0125,-0.492424,0.870356,1
12843,22.05,0.0,0.017,0.0,-0.017,-0.488621,0.872496,1
12844,22.0667,0.0,0.0187,0.0,-0.0187,-0.48481,0.87462,1
12845,22.0833,0.0,0.0113,0.0,-0.0113,-0.480989,0.876727,1
12846,22.1,0.0,0.0173,0.0,-0.0173,-0.477159,0.878817,1
12847,22.1167,0.0,0.0113,0.0,-0.0113,-0.47332,0.880891,1
12848,22.1333,0.0,0.0141,0.0,-0.0141,-0.469472,0.882948,1
12849,22.15,0.0,0.0145,0.0,-0.0145,-0.465615,0.884988,1
12850,22.1667,0.0,0.0131,0.0,-0.0131,-0.461749,0.887011,1
12851,22.1833,0.0,0.0131,0.0,-0.0131,-0.457874,0.889017,1
12852,22.2,0.0,0.0111,0.0,-0.0111,-0.45399,0.891007,1
12853,22.2167,0.0,0.0176,0.0,-0.0176,-0.450098,0.892979,1
12854,22.2333,0.0,0.0179,0.0,-0.0179,-0.446198,0.894934,1
12855,22.25,0.0,0.0127,0.0,-0.0127,-0.442289,0.896873,1
12856,22.2667,0.0,0.0159,0.0,-0.0159,-0.438371,0.898794,1
12857,22.2833,0.0,0.0138,0.0,-0.0138,-0.434445,0.900698,1
12858,22.3,0.0,0.0168,0.0,-0.0168,-0.430511,0.902585,1
12859,22.3167,0.0,0.0135,0.0,-0.0135,-0.426569,0.904455,1
12860,22.3333,0.0,0.0133,0.0,-0.0133,-0.422618,0.906308,1
12861,22.35,0.0,0.0149,0.0,-0.0149,-0.41866,0.908143,1
12862,22.3667,0.0,0.016,0.0,-0.016,-0.414693,0.909961,1
12863,22.3833,0.0,0.0127,0.0,-0.0127,-0.410719,0.911762,1
12864,22.4,0.0,0.0127,0.0,-0.0127,-0.406737,0.913545,1
12865,22.4167,0.0,0.0148,0.0,-0.0148,-0.402747,0.915311,1
12866,22.4333,0.0,0.0152,0.0,-0.0152,-0.398749,0.91706,1
12867,22.45,0.0,0.0142,0.0,-0.0142,-0.394744,0.918791,1
12868,22.4667,0.0,0.0147,0.0,-0.0147,-0.390731,0.920505,1
12869,22.4833,0.0,0.0142,0.0,-0.0142,-0.386711,0.922201,1
12870,22.5,0.0,0.0095,0.0,-0.0095,-0.382683,0.92388,1
12871,22.5167,0.0,0.0147,0.0,-0.0147,-0.378649,0.925541,1
12872,22.5333,0.0,0.0117,0.0,-0.0117,-0.374607,0.927184,1
12873,22.55,0.0,0.0158,0.0,-0.0158,-0.370557,0.92881,1
12874,22.5667,0.0,0.0147,0.0,-0.0147,-0.366501,0.930418,1
12875,22.5833,0.0,0.0146,0.0,-0.0146,-0.362438,0.932008,1
12876,22.6,0.0,0.0151,0.0,-0.0151,-0.358368,0.93358,1
12877,22.6167,0.0,0.0175,0.0,-0.0175,-0.354291,0.935135,1
12878,22.6333,0.0,0.0124,0.0,-0.0124,-0.350207,0.936672,1
12879,22.65,0.0,0.012,0.0,-0.012,-0.346117,0.938191,1
12880,22.6667,0.0,0.0135,0.0,-0.0135,-0.34202,0.939693,1
12881,22.6833,0.0,0.0173,0.0,-0.0173,-0.337917,0.941176,1
12882,22.7,0.0,0.0156,0.0,-0.0156,-0.333807,0.942641,1
12883,22.7167,0.0,0.0138,0.0,-0.0138,-0.329691,0.944089,1
12884,22.7333,0.0,0.0188,0.0,-0.0188,-0.325568,0.945519,1
12885,22.75,0.0,0.0152,0.0,-0.0152,-0.321439,0.94693,1
12886,22.7667,0.0,0.0159,0.0,-0.0159,-0.317305,0.948324,1
12887,22.7833,0.0,0.0156,0.0,-0.0156,-0.313164,0.949699,1
12888,22.8,0.0,0.0145,0.0,-0.0145,-0.309017,0.951057,1
12889,22.8167,0.0,0.009,0.0,-0.009,-0.304864,0.952396,1
12890,22.8333,0.0,0.0105,0.0,-0.0105,-0.300706,0.953717,1
12891,22.85,0.0,0.0151,0.0,-0.0151,-0.296542,0.95502,1
12892,22.8667,0.0,0.015,0.0,-0.015,-0.292372,0.956305,1
12893,22.8833,0.0,0.0136,0.0,-0.0136,-0.288196,0.957571,1
12894,22.9,0.0,0.0121,0.0,-0.0121,-0.284015,0.95882,1
12895,22.9167,0.0,0.0141,0.0,-0.0141,-0.279829,0.96005,1
12896,22.9333,0.0,0.013,0.0,-0.013,-0.275637,0.961262,1
12897,22.95,0.0,0.0139,0.0,-0.0139,-0.27144,0.962455,1
12898,22.9667,0.0,0.0153,0.0,-0.0153,-0.267238,0.96363,1
12899,22.9833,0.0,0.0117,0.0,-0.0117,-0.263031,0.964787,1
12900,23.0,0.0,0.0128,0.0,-0.0128,-0.258819,0.965926,1
12901,23.0167,0.0,0.0145,0.0,-0.0145,-0.254602,0.967046,1
12902,23.0333,0.0,0.0136,0.0,-0.0136,-0.25038,0.968148,1
12903,23.05,0.0,0.0116,0.0,-0.0116,-0.246153,0.969231,1
12904,23.0667,0.0,0.0162,0.0,-0.0162,-0.241922,0.970296,1
12905,23.0833,0.0,0.0096,0.0,-0.0096,-0.237686,0.971342,1
12906,23.1,0.0,0.0134,0.0,-0.0134,-0.233445,0.97237,1
12907,23.1167,0.0,0.0127,0.0,-0.0127,-0.2292,0.973379,1
12908,23.1333,0.0,0.013,0.0,-0.013,-0.224951,0.97437,1
12909,23.15,0.0,0.012,0.0,-0.012,-0.220697,0.975342,1
12910,23.1667,0.0,0.0162,0.0,-0.0162,-0.21644,0.976296,1
12911,23.1833,0.0,0.0122,0.0,-0.0122,-0.212178,0.977231,1
12912,23.2,0.0,0.0142,0.0,-0.0142,-0.207912,0.978148,1
12913,23.2167,0.0,0.0103,0.0,-0.0103,-0.203642,0.979045,1
12914,23.2333,0.0,0.016,0.0,-0.016,-0.199368,0.979925,1
12915,23.25,0.0,0.0152,0.0,-0.0152,-0.19509,0.980785,1
12916,23.2667,0.0,0.0105,0.0,-0.0105,-0.190809,0.981627,1
12917,23.2833,0.0,0.0186,0.0,-0.0186,-0.186524,0.98245,1
12918,23.3,0.0,0.015,0.0,-0.015,-0.182236,0.983255,1
12919,23.3167,0.0,0.0139,0.0,-0.0139,-0.177944,0.984041,1
12920,23.3333,0.0,0.0161,0.0,-0.0161,-0.173648,0.984808,1
12921,23.35,0.0,0.0141,0.0,-0.0141,-0.16935,0.985556,1
12922,23.3667,0.0,0.0169,0.0,-0.0169,-0.165048,0.986286,1
12923,23.3833,0.0,0.0198,0.0,-0.0198,-0.160743,0.986996,1
12924,23.4,0.0,0.0111,0.0,-0.0111,-0.156434,0.987688,1
12925,23.4167,0.0,0.0163,0.0,-0.0163,-0.152123,0.988362,1
12926,23.4333,0.0,0.0099,0.0,-0.0099,-0.147809,0.989016,1
12927,23.45,0.0,0.0153,0.0,-0.0153,-0.143493,0.989651,1
12928,23.4667,0.0,0.0154,0.0,-0.0154,-0.139173,0.990268,1
12929,23.4833,0.0,0.017,0.0,-0.017,-0.134851,0.990866,1
12930,23.5,0.0,0.0153,0.0,-0.0153,-0.130526,0.991445,1
12931,23.5167,0.0,0.0126,0.0,-0.0126,-0.126199,0.992005,1
12932,23.5333,0.0,0.0117,0.0,-0.0117,-0.121869,0.992546,1
12933,23.55,0.0,0.0145,0.0,-0.0145,-0.117537,0.993068,1
12934,23.5667,0.0,0.0128,0.0,-0.0128,-0.113203,0.993572,1
12935,23.5833,0.0,0.0139,0.0,-0.0139,-0.108867,0.994056,1
12936,23.6,0.0,0.0134,0.0,-0.0134,-0.104528,0.994522,1
12937,23.6167,0.0,0.0146,0.0,-0.0146,-0.100188,0.994969,1
12938,23.6333,0.0,0.0123,0.0,-0.0123,-0.095846,0.995396,1
12939,23.65,0.0,0.0165,0.0,-0.0165,-0.091502,0.995805,1
12940,23.6667,0.0,0.0107,0.0,-0.0107,-0.087156,0.996195,1
12941,23.6833,0.0,0.0127,0.0,-0.0127,-0.082808,0.996566,1
12942,23.7,0.0,0.0144,0.0,-0.0144,-0.078459,0.996917,1
12943,23.7167,0.0,0.0134,0.0,-0.0134,-0.074108,0.99725,1
12944,23.7333,0.0,0.0139,0.0,-0.0139,-0.069756,0.997564,1
12945,23.75,0.0,0.0142,0.0,-0.0142,-0.065403,0.997859,1
12946,23.7667,0.0,0.0168,0.0,-0.0168,-0.061049,0.998135,1
12947,23.7833,0.0,0.0172,0.0,-0.0172,-0.056693,0.998392,1
12948,23.8,0.0,0.0126,0.0,-0.0126,-0.052336,0.99863,1
12949,23.8167,0.0,0.0142,0.0,-0.0142,-0.047978,0.998848,1
12950,23.8333,0.0,0.0117,0.0,-0.0117,-0.043619,0.999048,1
12951,23.85,0.0,0.0163,0.0,-0.0163,-0.03926,0.999229,1
12952,23.8667,0.0,0.011,0.0,-0.011,-0.034899,0.999391,1
12953,23.8833,0.0,0.0163,0.0,-0.0163,-0.030539,0.999534,1
12954,23.9,0.0,0.0111,0.0,-0.0111,-0.026177,0.999657,1
12955,23.9167,0.0,0.0151,0.0,-0.0151,-0.021815,0.999762,1
12956,23.9333,0.0,0.0152,0.0,-0.0152,-0.017452,0.999848,1
12957,23.95,0.0,0.0158,0.0,-0.0158,-0.01309,0.999914,1
12958,23.9667,0.0,0.0129,0.0,-0.0129,-0.008727,0.999962,1
12959,23.9833,0.0,0.016,0.0,-0.016,-0.004363,0.99999,1
12960,0.0,0.0,0.0142,0.0,-0.0142,0.0,1.0,1
12961,0.0167,0.0,0.0124,0.0,-0.0124,0.004363,0.99999,1
12962,0.0333,0.0,0.0133,0.0,-0.0133,0.008727,0.999962,1
12963,0.05,0.0,0.0189,0.0,-0.0189,0.01309,0.999914,1
12964,0.0667,0.0,0.0133,0.0,-0.0133,0.017452,0.999848,1
12965,0.0833,0.0,0.013,0.0,-0.013,0.021815,0.999762,1
12966,0.1,0.0,0.0132,0.0,-0.0132,0.026177,0.999657,1
12967,0.1167,0.0,0.012,0.0,-0.012,0.030539,0.999534,1
12968,0.1333,0.0,0.0119,0.0,-0.0119,0.034899,0.999391,1
12969,0.15,0.0,0.0138,0.0,-0.0138,0.03926,0.999229,1
12970,0.1667,0.0,0.0174,0.0,-0.0174,0.043619,0.999048,1
12971,0.1833,0.0,0.0157,0.0,-0.0157,0.047978,0.998848,1
12972,0.2,0.0,0.0124,0.0,-0.0124,0.052336,0.99863,1
12973,0.2167,0.0,0.0137,0.0,-0.0137,0.056693,0.998392,1
12974,0.2333,0.0,0.0103,0.0,-0.0103,0.061049,0.998135,1
12975,0.25,0.0,0.0147,0.0,-0.0147,0.065403,0.997859,1
12976,0.2667,0.0,0.0146,0.0,-0.0146,0.069756,0.997564,1
12977,0.2833,0.0,0.0104,0.0,-0.0104,0.074108,0.99725,1
12978,0.3,0.0,0.0106,0.0,-0.0106,0.078459,0.996917,1
12979,0.3167,0.0,0.0147,0.0,-0.0147,0.082808,0.996566,1
12980,0.3333,0.0,0.016,0.0,-0.016,0.087156,0.996195,1
12981,0.35,0.0,0.0736,0.0,-0.0736,0.091502,0.995805,1
12982,0.3667,0.0,0.073,0.0,-0.073,0.095846,0.995396,1
12983,0.3833,0.0,0.0688,0.0,-0.0688,0.100188,0.994969,1
12984,0.4,0.0,0.0679,0.0,-0.0679,0.104528,0.994522,1
12985,0.4167,0.0,0.0738,0.0,-0.0738,0.108867,0.994056,1
12986,0.4333,0.0,0.0759,0.0,-0.0759,0.113203,0.993572,1
12987,0.45,0.0,0.0765,0.0,-0.0765,0.117537,0.993068,1
12988,0.4667,0.0,0.0715,0.0,-0.0715,0.121869,0.992546,1
12989,0.4833,0.0,0.0728,0.0,-0.0728,0.126199,0.992005,1
12990,0.5,0.0,0.0705,0.0,-0.0705,0.130526,0.991445,1
12991,0.5167,0.0,0.0736,0.0,-0.0736,0.134851,0.990866,1
12992,0.5333,0.0,0.0763,0.0,-0.0763,0.139173,0.990268,1
12993,0.55,0.0,0.0737,0.0,-0.0737,0.143493,0.989651,1
12994,0.5667,0.0,0.0737,0.0,-0.0737,0.147809,0.989016,1
12995,0.5833,0.0,0.071,0.0,-0.071,0.152123,0.988362,1
12996,0.6,0.0,0.0667,0.0,-0.0667,0.156434,0.987688,1
12997,0.6167,0.0,0.0736,0.0,-0.0736,0.160743,0.986996,1
12998,0.6333,0.0,0.0765,0.0,-0.0765,0.165048,0.986286,1
12999,0.65,0.0,0.072,0.0,-0.072,0.16935,0.985556,1
13000,0.6667,0.0,0.0735,0.0,-0.0735,0.173648,0.984808,1
13001,0.6833,0.0,0.0722,0.0,-0.0722,0.177944,0.984041,1
13002,0.7,0.0,0.0723,0.0,-0.0723,0.182236,0.983255,1
13003,0.7167,0.0,0.074,0.0,-0.074,0.186524,0.98245,1
13004,0.7333,0.0,0.0783,0.0,-0.0783,0.190809,0.981627,1
13005,0.75,0.0,0.0731,0.0,-0.0731,0.19509,0.980785,1
13006,0.7667,0.0,0.0725,0.0,-0.0725,0.199368,0.979925,1
13007,0.7833,0.0,0.076,0.0,-0.076,0.203642,0.979045,1
13008,0.8,0.0,0.0722,0.0,-0.0722,0.207912,0.978148,1
13009,0.8167,0.0,0.0707,0.0,-0.0707,0.212178,0.977231,1
13010,0.8333,0.0,0.0743,0.0,-0.0743,0.21644,0.976296,1
13011,0.85,0.0,0.073,0.0,-0.073,0.220697,0.975342,1
13012,0.8667,0.0,0.0708,0.0,-0.0708,0.224951,0.97437,1
13013,0.8833,0.0,0.0712,0.0,-0.0712,0.2292,0.973379,1
13014,0.9,0.0,0.0729,0.0,-0.0729,0.233445,0.97237,1
13015,0.9167,0.0,0.0748,0.0,-0.0748,0.237686,0.971342,1
13016,0.9333,0.0,0.0767,0.0,-0.0767,0.241922,0.970296,1
13017,0.95,0.0,0.0751,0.0,-0.0751,0.246153,0.969231,1
13018,0.9667,0.0,0.0756,0.0,-0.0756,0.25038,0.968148,1
13019,0.9833,0.0,0.0724,0.0,-0.0724,0.254602,0.967046,1
13020,1.0,0.0,0.0718,0.0,-0.0718,0.258819,0.965926,1
13021,1.0167,0.0,0.0766,0.0,-0.0766,0.263031,0.964787,1
13022,1.0333,0.0,0.0733,0.0,-0.0733,0.267238,0.96363,1
13023,1.05,0.0,0.073,0.0,-0.073,0.27144,0.962455,1
13024,1.0667,0.0,0.0737,0.0,-0.0737,0.275637,0.961262,1
13025,1.0833,0.0,0.0706,0.0,-0.0706,0.279829,0.96005,1
13026,1.1,0.0,0.0727,0.0,-0.0727,0.284015,0.95882,1
13027,1.1167,0.0,0.0693,0.0,-0.0693,0.288196,0.957571,1
13028,1.1333,0.0,0.0684,0.0,-0.0684,0.292372,0.956305,1
13029,1.15,0.0,0.0721,0.0,-0.0721,0.296542,0.95502,1
13030,1.1667,0.0,0.073,0.0,-0.073,0.300706,0.953717,1
13031,1.1833,0.0,0.0759,0.0,-0.0759,0.304864,0.952396,1
13032,1.2,0.0,0.0702,0.0,-0.0702,0.309017,0.951057,1
13033,1.2167,0.0,0.0722,0.0,-0.0722,0.313164,0.949699,1
13034,1.2333,0.0,0.0733,0.0,-0.0733,0.317305,0.948324,1
13035,1.25,0.0,0.0735,0.0,-0.0735,0.321439,0.94693,1
13036,1.2667,0.0,0.0774,0.0,-0.0774,0.325568,0.945519,1
13037,1.2833,0.0,0.0737,0.0,-0.0737,0.329691,0.944089,1
13038,1.3,0.0,0.0726,0.0,-0.0726,0.333807,0.942641,1
13039,1.3167,0.0,0.0721,0.0,-0.0721,0.337917,0.941176,1
13040,1.3333,0.0,0.0696,0.0,-0.0696,0.34202,0.939693,1
13041,1.35,0.0,0.078,0.0,-0.078,0.346117,0.938191,1
13042,1.3667,0.0,0.0748,0.0,-0.0748,0.350207,0.936672,1
13043,1.3833,0.0,0.0742,0.0,-0.0742,0.354291,0.935135,1
13044,1.4,0.0,0.0713,0.0,-0.0713,0.358368,0.93358,1
13045,1.4167,0.0,0.075,0.0,-0.075,0.362438,0.932008,1
13046,1.4333,0.0,0.0724,0.0,-0.0724,0.366501,0.930418,1
13047,1.45,0.0,0.0762,0.0,-0.0762,0.370557,0.92881,1
13048,1.4667,0.0,0.0714,0.0,-0.0714,0.374607,0.927184,1
13049,1.4833,0.0,0.0711,0.0,-0.0711,0.378649,0.925541,1
13050,1.5,0.0,0.0731,0.0,-0.0731,0.382683,0.92388,1
13051,1.5167,0.0,0.0168,0.0,-0.0168,0.386711,0.922201,1
13052,1.5333,0.0,0.0156,0.0,-0.0156,0.390731,0.920505,1
13053,1.55,0.0,0.0139,0.0,-0.0139,0.394744,0.918791,1
13054,1.5667,0.0,0.0164,0.0,-0.0164,0.398749,0.91706,1
13055,1.5833,0.0,0.014,0.0,-0.014,0.402747,0.915311,1
13056,1.6,0.0,0.0108,0.0,-0.0108,0.406737,0.913545,1
13057,1.6167,0.0,0.0167,0.0,-0.0167,0.410719,0.911762,1
13058,1.6333,0.0,0.0153,0.0,-0.0153,0.414693,0.909961,1
13059,1.65,0.0,0.0135,0.0,-0.0135,0.41866,0.908143,1
13060,1.6667,0.0,0.012,0.0,-0.012,0.422618,0.906308,1
13061,1.6833,0.0,0.0167,0.0,-0.0167,0.426569,0.904455,1
13062,1.7,0.0,0.0154,0.0,-0.0154,0.430511,0.902585,1
13063,1.7167,0.0,0.0118,0.0,-0.0118,0.434445,0.900698,1
13064,1.7333,0.0,0.0152,0.0,-0.0152,0.438371,0.898794,1
13065,1.75,0.0,0.0137,0.0,-0.0137,0.442289,0.896873,1
13066,1.7667,0.0,0.0126,0.0,-0.0126,0.446198,0.894934,1
13067,1.7833,0.0,0.0127,0.0,-0.0127,0.450098,0.892979,1
13068,1.8,0.0,0.0103,0.0,-0.0103,0.45399,0.891007,1
13069,1.8167,0.0,0.0179,0.0,-0.0179,0.457874,0.889017,1
13070,1.8333,0.0,0.0151,0.0,-0.0151,0.461749,0.887011,1
13071,1.85,0.0,0.0137,0.0,-0.0137,0.465615,0.884988,1
13072,1.8667,0.0,0.0156,0.0,-0.0156,0.469472,0.882948,1
13073,1.8833,0.0,0.0152,0.0,-0.0152,0.47332,0.880891,1
13074,1.9,0.0,0.0157,0.0,-0.0157,0.477159,0.878817,1
13075,1.9167,0.0,0.0127,0.0,-0.0127,0.480989,0.876727,1
13076,1.9333,0.0,0.0151,0.0,-0.0151,0.48481,0.87462,1
13077,1.95,0.0,0.0158,0.0,-0.0158,0.488621,0.872496,1
13078,1.9667,0.0,0.0165,0.0,-0.0165,0.492424,0.870356,1
13079,1.9833,0.0,0.0154,0.0,-0.0154,0.496217,0.868199,1
13080,2.0,0.0,0.0172,0.0,-0.0172,0.5,0.866025,1
13081,2.0167,0.0,0.0146,0.0,-0.0146,0.503774,0.863836,1
13082,2.0333,0.0,0.0169,0.0,-0.0169,0.507538,0.861629,1
13083,2.05,0.0,0.0148,0.0,-0.0148,0.511293,0.859406,1
13084,2.0667,0.0,0.0151,0.0,-0.0151,0.515038,0.857167,1
13085,2.0833,0.0,0.017,0.0,-0.017,0.518773,0.854912,1
13086,2.1,0.0,0.0134,0.0,-0.0134,0.522499,0.85264,1
13087,2.1167,0.0,0.0134,0.0,-0.0134,0.526214,0.850352,1
13088,2.1333,0.0,0.0134,0.0,-0.0134,0.529919,0.848048,1
13089,2.15,0.0,0.0166,0.0,-0.0166,0.533615,0.845728,1
13090,2.1667,0.0,0.0132,0.0,-0.0132,0.5373,0.843391,1
13091,2.1833,0.0,0.0108,0.0,-0.0108,0.540974,0.841039,1
13092,2.2,0.0,0.0149,0.0,-0.0149,0.544639,0.838671,1
13093,2.2167,0.0,0.015,0.0,-0.015,0.548293,0.836286,1
13094,2.2333,0.0,0.0148,0.0,-0.0148,0.551937,0.833886,1
13095,2.25,0.0,0.0143,0.0,-0.0143,0.55557,0.83147,1
13096,2.2667,0.0,0.022,0.0,-0.022,0.559193,0.829038,1
13097,2.2833,0.0,0.0145,0.0,-0.0145,0.562805,0.82659,1
13098,2.3,0.0,0.0146,0.0,-0.0146,0.566406,0.824126,1
13099,2.3167,0.0,0.0154,0.0,-0.0154,0.569997,0.821647,1
13100,2.3333,0.0,0.0128,0.0,-0.0128,0.573576,0.819152,1
13101,2.35,0.0,0.0166,0.0,-0.0166,0.577145,0.816642,1
13102,2.3667,0.0,0.0155,0.0,-0.0155,0.580703,0.814116,1
13103,2.3833,0.0,0.0147,0.0,-0.0147,0.58425,0.811574,1
13104,2.4,0.0,0.0159,0.0,-0.0159,0.587785,0.809017,1
13105,2.4167,0.0,0.015,0.0,-0.015,0.59131,0.806445,1
13106,2.4333,0.0,0.012,0.0,-0.012,0.594823,0.803857,1
13107,2.45,0.0,0.0175,0.0,-0.0175,0.598325,0.801254,1
13108,2.4667,0.0,0.0125,0.0,-0.0125,0.601815,0.798636,1
13109,2.4833,0.0,0.015,0.0,-0.015,0.605294,0.796002,1
13110,2.5,0.0,0.0161,0.0,-0.0161,0.608761,0.793353,1
13111,2.5167,0.0,0.0135,0.0,-0.0135,0.612217,0.79069,1
13112,2.5333,0.0,0.0146,0.0,-0.0146,0.615661,0.788011,1
13113,2.55,0.0,0.0132,0.0,-0.0132,0.619094,0.785317,1
13114,2.5667,0.0,0.0143,0.0,-0.0143,0.622515,0.782608,1
13115,2.5833,0.0,0.0146,0.0,-0.0146,0.625923,0.779884,1
13116,2.6,0.0,0.0144,0.0,-0.0144,0.62932,0.777146,1
13117,2.6167,0.0,0.0147,0.0,-0.0147,0.632705,0.774393,1
13118,2.6333,0.0,0.0166,0.0,-0.0166,0.636078,0.771625,1
13119,2.65,0.0,0.0162,0.0,-0.0162,0.639439,0.768842,1
13120,2.6667,0.0,0.016,0.0,-0.016,0.642788,0.766044,1
13121,2.6833,0.0,0.0151,0.0,-0.0151,0.646124,0.763232,1
13122,2.7,0.0,0.0167,0.0,-0.0167,0.649448,0.760406,1
13123,2.7167,0.0,0.0162,0.0,-0.0162,0.65276,0.757565,1
13124,2.7333,0.0,0.0161,0.0,-0.0161,0.656059,0.75471,1
13125,2.75,0.0,0.0166,0.0,-0.0166,0.659346,0.75184,1
13126,2.7667,0.0,0.0123,0.0,-0.0123,0.66262,0.748956,1
13127,2.7833,0.0,0.0163,0.0,-0.0163,0.665882,0.746057,1
13128,2.8,0.0,0.0132,0.0,-0.0132,0.669131,0.743145,1
13129,2.8167,0.0,0.0191,0.0,-0.0191,0.672367,0.740218,1
13130,2.8333,0.0,0.0158,0.0,-0.0158,0.67559,0.737277,1
13131,2.85,0.0,0.0134,0.0,-0.0134,0.678801,0.734323,1
13132,2.8667,0.0,0.0144,0.0,-0.0144,0.681998,0.731354,1
13133,2.8833,0.0,0.014,0.0,-0.014,0.685183,0.728371,1
13134,2.9,0.0,0.013,0.0,-0.013,0.688355,0.725374,1
13135,2.9167,0.0,0.0187,0.0,-0.0187,0.691513,0.722364,1
13136,2.9333,0.0,0.0152,0.0,-0.0152,0.694658,0.71934,1
13137,2.95,0.0,0.0152,0.0,-0.0152,0.69779,0.716302,1
13138,2.9667,0.0,0.0148,0.0,-0.0148,0.700909,0.71325,1
13139,2.9833,0.0,0.013,0.0,-0.013,0.704015,0.710185,1
13140,3.0,0.0,0.0164,0.0,-0.0164,0.707107,0.707107,1
13141,3.0167,0.0,0.0161,0.0,-0.0161,0.710185,0.704015,1
13142,3.0333,0.0,0.016,0.0,-0.016,0.71325,0.700909,1
13143,3.05,0.0,0.0162,0.0,-0.0162,0.716302,0.69779,1
13144,3.0667,0.0,0.0119,0.0,-0.0119,0.71934,0.694658,1
13145,3.0833,0.0,0.0113,0.0,-0.0113,0.722364,0.691513,1
13146,3.1,0.0,0.0121,0.0,-0.0121,0.725374,0.688355,1
13147,3.1167,0.0,0.0125,0.0,-0.0125,0.728371,0.685183,1
13148,3.1333,0.0,0.0106,0.0,-0.0106,0.731354,0.681998,1
13149,3.15,0.0,0.0146,0.0,-0.0146,0.734323,0.678801,1
13150,3.1667,0.0,0.0133,0.0,-0.0133,0.737277,0.67559,1
13151,3.1833,0.0,0.0148,0.0,-0.0148,0.740218,0.672367,1
13152,3.2,0.0,0.0155,0.0,-0.0155,0.743145,0.669131,1
13153,3.2167,0.0,0.0145,0.0,-0.0145,0.746057,0.665882,1
13154,3.2333,0.0,0.015,0.0,-0.015,0.748956,0.66262,1
13155,3.25,0.0,0.0112,0.0,-0.0112,0.75184,0.659346,1
13156,3.2667,0.0,0.0186,0.0,-0.0186,0.75471,0.656059,1
13157,3.2833,0.0,0.0133,0.0,-0.0133,0.757565,0.65276,1
13158,3.3,0.0,0.0138,0.0,-0.0138,0.760406,0.649448,1
13159,3.3167,0.0,0.0182,0.0,-0.0182,0.763232,0.646124,1
13160,3.3333,0.0,0.0184,0.0,-0.0184,0.766044,0.642788,1
13161,3.35,0.0,0.0155,0.0,-0.0155,0.768842,0.639439,1
13162,3.3667,0.0,0.0162,0.0,-0.0162,0.771625,0.636078,1
13163,3.3833,0.0,0.0115,0.0,-0.0115,0.774393,0.632705,1
13164,3.4,0.0,0.0123,0.0,-0.0123,0.777146,0.62932,1
13165,3.4167,0.0,0.0132,0.0,-0.0132,0.779884,0.625923,1
13166,3.4333,0.0,0.0163,0.0,-0.0163,0.782608,0.622515,1
13167,3.45,0.0,0.0129,0.0,-0.0129,0.785317,0.619094,1
13168,3.4667,0.0,0.0144,0.0,-0.0144,0.788011,0.615661,1
13169,3.4833,0.0,0.0119,0.0,-0.0119,0.79069,0.612217,1
13170,3.5,0.0,0.0149,0.0,-0.0149,0.793353,0.608761,1
13171,3.5167,0.0,0.0135,0.0,-0.0135,0.796002,0.605294,1
13172,3.5333,0.0,0.0173,0.0,-0.0173,0.798636,0.601815,1
13173,3.55,0.0,0.0132,0.0,-0.0132,0.801254,0.598325,1
13174,3.5667,0.0,0.0153,0.0,-0.0153,0.803857,0.594823,1
13175,3.5833,0.0,0.0169,0.0,-0.0169,0.806445,0.59131,1
13176,3.6,0.0,0.0165,0.0,-0.0165,0.809017,0.587785,1
13177,3.6167,0.0,0.012,0.0,-0.012,0.811574,0.58425,1
13178,3.6333,0.0,0.0123,0.0,-0.0123,0.814116,0.580703,1
13179,3.65,0.0,0.0151,0.0,-0.0151,0.816642,0.577145,1
13180,3.6667,0.0,0.0156,0.0,-0.0156,0.819152,0.573576,1
13181,3.6833,0.0,0.0132,0.0,-0.0132,0.821647,0.569997,1
13182,3.7,0.0,0.0153,0.0,-0.0153,0.824126,0.566406,1
13183,3.7167,0.0,0.0175,0.0,-0.0175,0.82659,0.562805,1
13184,3.7333,0.0,0.0172,0.0,-0.0172,0.829038,0.559193,1
13185,3.75,0.0,0.0181,0.0,-0.0181,0.83147,0.55557,1
13186,3.7667,0.0,0.012,0.0,-0.012,0.833886,0.551937,1
13187,3.7833,0.0,0.0151,0.0,-0.0151,0.836286,0.548293,1
13188,3.8,0.0,0.0151,0.0,-0.0151,0.838671,0.544639,1
13189,3.8167,0.0,0.0122,0.0,-0.0122,0.841039,0.540974,1
13190,3.8333,0.0,0.0175,0.0,-0.0175,0.843391,0.5373,1
13191,3.85,0.0,0.0134,0.0,-0.0134,0.845728,0.533615,1
13192,3.8667,0.0,0.0137,0.0,-0.0137,0.848048,0.529919,1
13193,3.8833,0.0,0.0194,0.0,-0.0194,0.850352,0.526214,1
13194,3.9,0.0,0.0138,0.0,-0.0138,0.85264,0.522499,1
13195,3.9167,0.0,0.0175,0.0,-0.0175,0.854912,0.518773,1
13196,3.9333,0.0,0.0116,0.0,-0.0116,0.857167,0.515038,1
13197,3.95,0.0,0.0173,0.0,-0.0173,0.859406,0.511293,1
13198,3.9667,0.0,0.0205,0.0,-0.0205,0.861629,0.507538,1
13199,3.9833,0.0,0.0134,0.0,-0.0134,0.863836,0.503774,1
13200,4.0,0.0,0.0163,0.0,-0.0163,0.866025,0.5,1
13201,4.0167,0.0,0.018,0.0,-0.018,0.868199,0.496217,1
13202,4.0333,0.0,0.0162,0.0,-0.0162,0.870356,0.492424,1
13203,4.05,0.0,0.0095,0.0,-0.0095,0.872496,0.488621,1
13204,4.0667,0.0,0.0123,0.0,-0.0123,0.87462,0.48481,1
13205,4.0833,0.0,0.0107,0.0,-0.0107,0.876727,0.480989,1
13206,4.1,0.0,0.0166,0.0,-0.0166,0.878817,0.477159,1
13207,4.1167,0.0,0.0165,0.0,-0.0165,0.880891,0.47332,1
13208,4.1333,0.0,0.0156,0.0,-0.0156,0.882948,0.469472,1
13209,4.15,0.0,0.0172,0.0,-0.0172,0.884988,0.465615,1
13210,4.1667,0.0,0.0107,0.0,-0.0107,0.887011,0.461749,1
13211,4.1833,0.0,0.0149,0.0,-0.0149,0.889017,0.457874,1
13212,4.2,0.0,0.015,0.0,-0.015,0.891007,0.45399,1
13213,4.2167,0.0,0.0152,0.0,-0.0152,0.892979,0.450098,1
13214,4.2333,0.0,0.0149,0.0,-0.0149,0.894934,0.446198,1
13215,4.25,0.0,0.017,0.0,-0.017,0.896873,0.442289,1
13216,4.2667,0.0,0.0124,0.0,-0.0124,0.898794,0.438371,1
13217,4.2833,0.0,0.0124,0.0,-0.0124,0.900698,0.434445,1
13218,4.3,0.0,0.0157,0.0,-0.0157,0.902585,0.430511,1
13219,4.3167,0.0,0.0146,0.0,-0.0146,0.904455,0.426569,1
13220,4.3333,0.0,0.0145,0.0,-0.0145,0.906308,0.422618,1
13221,4.35,0.0,0.0152,0.0,-0.0152,0.908143,0.41866,1
13222,4.3667,0.0,0.0104,0.0,-0.0104,0.909961,0.414693,1
13223,4.3833,0.0,0.0162,0.0,-0.0162,0.911762,0.410719,1
13224,4.4,0.0,0.0167,0.0,-0.0167,0.913545,0.406737,1
13225,4.4167,0.0,0.0127,0.0,-0.0127,0.915311,0.402747,1
13226,4.4333,0.0,0.0172,0.0,-0.0172,0.91706,0.398749,1
13227,4.45,0.0,0.0147,0.0,-0.0147,0.918791,0.394744,1
13228,4.4667,0.0,0.0156,0.0,-0.0156,0.920505,0.390731,1
13229,4.4833,0.0,0.0155,0.0,-0.0155,0.922201,0.386711,1
13230,4.5,0.0,0.0189,0.0,-0.0189,0.92388,0.382683,1
13231,4.5167,0.0,0.0143,0.0,-0.0143,0.925541,0.378649,1
13232,4.5333,0.0,0.0114,0.0,-0.0114,0.927184,0.374607,1
13233,4.55,0.0,0.0141,0.0,-0.0141,0.92881,0.370557,1
13234,4.5667,0.0,0.012,0.0,-0.012,0.930418,0.366501,1
13235,4.5833,0.0,0.014,0.0,-0.014,0.932008,0.362438,1
13236,4.6,0.0,0.0174,0.0,-0.0174,0.93358,0.358368,1
13237,4.6167,0.0,0.0183,0.0,-0.0183,0.935135,0.354291,1
13238,4.6333,0.0,0.0138,0.0,-0.0138,0.936672,0.350207,1
13239,4.65,0.0,0.0156,0.0,-0.0156,0.938191,0.346117,1
13240,4.6667,0.0,0.0162,0.0,-0.0162,0.939693,0.34202,1
13241,4.6833,0.0,0.0154,0.0,-0.0154,0.941176,0.337917,1
13242,4.7,0.0,0.0108,0.0,-0.0108,0.942641,0.333807,1
13243,4.7167,0.0,0.0168,0.0,-0.0168,0.944089,0.329691,1
13244,4.7333,0.0,0.0128,0.0,-0.0128,0.945519,0.325568,1
13245,4.75,0.0,0.017,0.0,-0.017,0.94693,0.321439,1
13246,4.7667,0.0,0.0153,0.0,-0.0153,0.948324,0.317305,1
13247,4.7833,0.0,0.0184,0.0,-0.0184,0.949699,0.313164,1
13248,4.8,0.0,0.0124,0.0,-0.0124,0.951057,0.309017,1
13249,4.8167,0.0,0.0125,0.0,-0.0125,0.952396,0.304864,1
13250,4.8333,0.0,0.0147,0.0,-0.0147,0.953717,0.300706,1
