sim_minute,hour_of_day,solar_output_kw,consumption_kw,battery_level_kwh,net_flow_kw,time_sin,time_cos,is_deficit
0,0.0,0.0,0.0234,4.9766,-0.0234,0.0,1.0,0
1,0.0167,0.0,0.0209,4.9557,-0.0209,0.004363,0.99999,0
2,0.0333,0.0,0.0221,4.9336,-0.0221,0.008727,0.999962,0
3,0.05,0.0,0.0201,4.9135,-0.0201,0.01309,0.999914,0
4,0.0667,0.0,0.0197,4.8938,-0.0197,0.017452,0.999848,0
5,0.0833,0.0,0.0245,4.8693,-0.0245,0.021815,0.999762,0
6,0.1,0.0,0.0232,4.8461,-0.0232,0.026177,0.999657,0
7,0.1167,0.0,0.0239,4.8222,-0.0239,0.030539,0.999534,0
8,0.1333,0.0,0.0192,4.803,-0.0192,0.034899,0.999391,0
9,0.15,0.0,0.0258,4.7772,-0.0258,0.03926,0.999229,0
10,0.1667,0.0,0.0216,4.7556,-0.0216,0.043619,0.999048,0
11,0.1833,0.0,0.0187,4.7369,-0.0187,0.047978,0.998848,0
12,0.2,0.0,0.0214,4.7155,-0.0214,0.052336,0.99863,0
13,0.2167,0.0,0.0191,4.6964,-0.0191,0.056693,0.998392,0
14,0.2333,0.0,0.0205,4.6759,-0.0205,0.061049,0.998135,0
15,0.25,0.0,0.021,4.6549,-0.021,0.065403,0.997859,0
16,0.2667,0.0,0.0254,4.6295,-0.0254,0.069756,0.997564,0
17,0.2833,0.0,0.0205,4.609,-0.0205,0.074108,0.99725,0
18,0.3,0.0,0.0205,4.5885,-0.0205,0.078459,0.996917,0
19,0.3167,0.0,0.0231,4.5654,-0.0231,0.082808,0.996566,0
20,0.3333,0.0,0.0224,4.543,-0.0224,0.087156,0.996195,0
21,0.35,0.0,0.0219,4.5211,-0.0219,0.091502,0.995805,0
22,0.3667,0.0,0.0215,4.4996,-0.0215,0.095846,0.995396,0
23,0.3833,0.0,0.0192,4.4804,-0.0192,0.100188,0.994969,0
24,0.4,0.0,0.0201,4.4603,-0.0201,0.104528,0.994522,0
25,0.4167,0.0,0.0199,4.4404,-0.0199,0.108867,0.994056,0
26,0.4333,0.0,0.0205,4.4199,-0.0205,0.113203,0.993572,0
27,0.45,0.0,0.0208,4.3991,-0.0208,0.117537,0.993068,0
28,0.4667,0.0,0.0208,4.3783,-0.0208,0.121869,0.992546,0
29,0.4833,0.0,0.0224,4.3559,-0.0224,0.126199,0.992005,0
30,0.5,0.0,0.0196,4.3363,-0.0196,0.130526,0.991445,0
31,0.5167,0.0,0.0221,4.3142,-0.0221,0.134851,0.990866,0
32,0.5333,0.0,0.022,4.2922,-0.022,0.139173,0.990268,0
33,0.55,0.0,0.0212,4.271,-0.0212,0.143493,0.989651,0
34,0.5667,0.0,0.0224,4.2486,-0.0224,0.147809,0.989016,0
35,0.5833,0.0,0.0191,4.2295,-0.0191,0.152123,0.988362,0
36,0.6,0.0,0.0226,4.2069,-0.0226,0.156434,0.987688,0
37,0.6167,0.0,0.0241,4.1828,-0.0241,0.160743,0.986996,0
38,0.6333,0.0,0.0215,4.1613,-0.0215,0.165048,0.986286,0
39,0.65,0.0,0.0221,4.1392,-0.0221,0.16935,0.985556,0
40,0.6667,0.0,0.0256,4.1136,-0.0256,0.173648,0.984808,0
41,0.6833,0.0,0.0204,4.0932,-0.0204,0.177944,0.984041,0
42,0.7,0.0,0.0263,4.0669,-0.0263,0.182236,0.983255,0
43,0.7167,0.0,0.0224,4.0445,-0.0224,0.186524,0.98245,0
44,0.7333,0.0,0.0226,4.0219,-0.0226,0.190809,0.981627,0
45,0.75,0.0,0.0204,4.0015,-0.0204,0.19509,0.980785,0
46,0.7667,0.0,0.0223,3.9792,-0.0223,0.199368,0.979925,0
47,0.7833,0.0,0.0214,3.9578,-0.0214,0.203642,0.979045,0
48,0.8,0.0,0.0202,3.9376,-0.0202,0.207912,0.978148,0
49,0.8167,0.0,0.0246,3.913,-0.0246,0.212178,0.977231,0
50,0.8333,0.0,0.0209,3.8921,-0.0209,0.21644,0.976296,0
51,0.85,0.0,0.0223,3.8698,-0.0223,0.220697,0.975342,0
52,0.8667,0.0,0.0255,3.8443,-0.0255,0.224951,0.97437,0
53,0.8833,0.0,0.02,3.8243,-0.02,0.2292,0.973379,0
54,0.9,0.0,0.0214,3.8029,-0.0214,0.233445,0.97237,0
55,0.9167,0.0,0.0197,3.7832,-0.0197,0.237686,0.971342,0
56,0.9333,0.0,0.0216,3.7616,-0.0216,0.241922,0.970296,0
57,0.95,0.0,0.0214,3.7402,-0.0214,0.246153,0.969231,0
58,0.9667,0.0,0.0224,3.7178,-0.0224,0.25038,0.968148,0
59,0.9833,0.0,0.0219,3.6959,-0.0219,0.254602,0.967046,0
60,1.0,0.0,0.0237,3.6722,-0.0237,0.258819,0.965926,0
61,1.0167,0.0,0.0188,3.6534,-0.0188,0.263031,0.964787,0
62,1.0333,0.0,0.0211,3.6323,-0.0211,0.267238,0.96363,0
63,1.05,0.0,0.0197,3.6126,-0.0197,0.27144,0.962455,0
64,1.0667,0.0,0.021,3.5916,-0.021,0.275637,0.961262,0
65,1.0833,0.0,0.016,3.5756,-0.016,0.279829,0.96005,0
66,1.1,0.0,0.0219,3.5537,-0.0219,0.284015,0.95882,0
67,1.1167,0.0,0.0215,3.5322,-0.0215,0.288196,0.957571,0
68,1.1333,0.0,0.0238,3.5084,-0.0238,0.292372,0.956305,0
69,1.15,0.0,0.0234,3.485,-0.0234,0.296542,0.95502,0
70,1.1667,0.0,0.0167,3.4683,-0.0167,0.300706,0.953717,0
71,1.1833,0.0,0.0202,3.4481,-0.0202,0.304864,0.952396,0
72,1.2,0.0,0.0227,3.4254,-0.0227,0.309017,0.951057,0
73,1.2167,0.0,0.0154,3.41,-0.0154,0.313164,0.949699,0
74,1.2333,0.0,0.0242,3.3858,-0.0242,0.317305,0.948324,0
75,1.25,0.0,0.0249,3.3609,-0.0249,0.321439,0.94693,0
76,1.2667,0.0,0.0231,3.3378,-0.0231,0.325568,0.945519,0
77,1.2833,0.0,0.0258,3.312,-0.0258,0.329691,0.944089,0
78,1.3,0.0,0.0199,3.2921,-0.0199,0.333807,0.942641,0
79,1.3167,0.0,0.0239,3.2682,-0.0239,0.337917,0.941176,0
80,1.3333,0.0,0.019,3.2492,-0.019,0.34202,0.939693,0
81,1.35,0.0,0.0225,3.2267,-0.0225,0.346117,0.938191,0
82,1.3667,0.0,0.0188,3.2079,-0.0188,0.350207,0.936672,0
83,1.3833,0.0,0.0233,3.1846,-0.0233,0.354291,0.935135,0
84,1.4,0.0,0.0181,3.1665,-0.0181,0.358368,0.93358,0
85,1.4167,0.0,0.0233,3.1432,-0.0233,0.362438,0.932008,0
86,1.4333,0.0,0.0232,3.12,-0.0232,0.366501,0.930418,0
87,1.45,0.0,0.0181,3.1019,-0.0181,0.370557,0.92881,0
88,1.4667,0.0,0.0197,3.0822,-0.0197,0.374607,0.927184,0
89,1.4833,0.0,0.0222,3.06,-0.0222,0.378649,0.925541,0
90,1.5,0.0,0.0216,3.0384,-0.0216,0.382683,0.92388,0
91,1.5167,0.0,0.0229,3.0155,-0.0229,0.386711,0.922201,0
92,1.5333,0.0,0.0224,2.9931,-0.0224,0.390731,0.920505,0
93,1.55,0.0,0.0217,2.9714,-0.0217,0.394744,0.918791,0
94,1.5667,0.0,0.0199,2.9515,-0.0199,0.398749,0.91706,0
95,1.5833,0.0,0.0211,2.9304,-0.0211,0.402747,0.915311,0
96,1.6,0.0,0.0221,2.9083,-0.0221,0.406737,0.913545,0
97,1.6167,0.0,0.0188,2.8895,-0.0188,0.410719,0.911762,0
98,1.6333,0.0,0.0234,2.8661,-0.0234,0.414693,0.909961,0
99,1.65,0.0,0.0225,2.8436,-0.0225,0.41866,0.908143,0
100,1.6667,0.0,0.0207,2.8229,-0.0207,0.422618,0.906308,0
101,1.6833,0.0,0.02,2.8029,-0.02,0.426569,0.904455,0
102,1.7,0.0,0.0235,2.7794,-0.0235,0.430511,0.902585,0
103,1.7167,0.0,0.0219,2.7575,-0.0219,0.434445,0.900698,0
104,1.7333,0.0,0.0201,2.7374,-0.0201,0.438371,0.898794,0
105,1.75,0.0,0.0187,2.7187,-0.0187,0.442289,0.896873,0
106,1.7667,0.0,0.0204,2.6983,-0.0204,0.446198,0.894934,0
107,1.7833,0.0,0.0227,2.6756,-0.0227,0.450098,0.892979,0
108,1.8,0.0,0.0211,2.6545,-0.0211,0.45399,0.891007,0
109,1.8167,0.0,0.0235,2.631,-0.0235,0.457874,0.889017,0
110,1.8333,0.0,0.0237,2.6073,-0.0237,0.461749,0.887011,0
111,1.85,0.0,0.0193,2.588,-0.0193,0.465615,0.884988,0
112,1.8667,0.0,0.0243,2.5637,-0.0243,0.469472,0.882948,0
113,1.8833,0.0,0.0249,2.5388,-0.0249,0.47332,0.880891,0
114,1.9,0.0,0.0226,2.5162,-0.0226,0.477159,0.878817,0
115,1.9167,0.0,0.0204,2.4958,-0.0204,0.480989,0.876727,0
116,1.9333,0.0,0.0217,2.4741,-0.0217,0.48481,0.87462,0
117,1.95,0.0,0.0222,2.4519,-0.0222,0.488621,0.872496,0
118,1.9667,0.0,0.0246,2.4273,-0.0246,0.492424,0.870356,0
119,1.9833,0.0,0.0217,2.4056,-0.0217,0.496217,0.868199,0
120,2.0,0.0,0.0223,2.3833,-0.0223,0.5,0.866025,0
121,2.0167,0.0,0.0224,2.3609,-0.0224,0.503774,0.863836,0
122,2.0333,0.0,0.0221,2.3388,-0.0221,0.507538,0.861629,0
123,2.05,0.0,0.0185,2.3203,-0.0185,0.511293,0.859406,0
124,2.0667,0.0,0.0216,2.2987,-0.0216,0.515038,0.857167,0
125,2.0833,0.0,0.0194,2.2793,-0.0194,0.518773,0.854912,0
126,2.1,0.0,0.0225,2.2568,-0.0225,0.522499,0.85264,0
127,2.1167,0.0,0.0221,2.2347,-0.0221,0.526214,0.850352,0
128,2.1333,0.0,0.0229,2.2118,-0.0229,0.529919,0.848048,0
129,2.15,0.0,0.0244,2.1874,-0.0244,0.533615,0.845728,0
130,2.1667,0.0,0.0204,2.167,-0.0204,0.5373,0.843391,0
131,2.1833,0.0,0.0218,2.1452,-0.0218,0.540974,0.841039,0
132,2.2,0.0,0.0204,2.1248,-0.0204,0.544639,0.838671,0
133,2.2167,0.0,0.0233,2.1015,-0.0233,0.548293,0.836286,0
134,2.2333,0.0,0.0208,2.0807,-0.0208,0.551937,0.833886,0
135,2.25,0.0,0.02,2.0607,-0.02,0.55557,0.83147,0
136,2.2667,0.0,0.0199,2.0408,-0.0199,0.559193,0.829038,0
137,2.2833,0.0,0.0195,2.0213,-0.0195,0.562805,0.82659,0
138,2.3,0.0,0.0216,1.9997,-0.0216,0.566406,0.824126,0
139,2.3167,0.0,0.0233,1.9764,-0.0233,0.569997,0.821647,0
140,2.3333,0.0,0.0163,1.9601,-0.0163,0.573576,0.819152,0
141,2.35,0.0,0.025,1.9351,-0.025,0.577145,0.816642,0
142,2.3667,0.0,0.0199,1.9152,-0.0199,0.580703,0.814116,0
143,2.3833,0.0,0.0191,1.8961,-0.0191,0.58425,0.811574,0
144,2.4,0.0,0.0202,1.8759,-0.0202,0.587785,0.809017,0
145,2.4167,0.0,0.0186,1.8573,-0.0186,0.59131,0.806445,0
146,2.4333,0.0,0.0232,1.8341,-0.0232,0.594823,0.803857,0
147,2.45,0.0,0.0212,1.8129,-0.0212,0.598325,0.801254,0
148,2.4667,0.0,0.0188,1.7941,-0.0188,0.601815,0.798636,0
149,2.4833,0.0,0.0206,1.7735,-0.0206,0.605294,0.796002,0
150,2.5,0.0,0.0245,1.749,-0.0245,0.608761,0.793353,0
151,2.5167,0.0,0.0234,1.7256,-0.0234,0.612217,0.79069,0
152,2.5333,0.0,0.0218,1.7038,-0.0218,0.615661,0.788011,0
153,2.55,0.0,0.0236,1.6802,-0.0236,0.619094,0.785317,0
154,2.5667,0.0,0.0228,1.6574,-0.0228,0.622515,0.782608,0
155,2.5833,0.0,0.0234,1.634,-0.0234,0.625923,0.779884,0
156,2.6,0.0,0.0223,1.6117,-0.0223,0.62932,0.777146,0
157,2.6167,0.0,0.0196,1.5921,-0.0196,0.632705,0.774393,0
158,2.6333,0.0,0.0197,1.5724,-0.0197,0.636078,0.771625,0
159,2.65,0.0,0.0219,1.5505,-0.0219,0.639439,0.768842,0
160,2.6667,0.0,0.0204,1.5301,-0.0204,0.642788,0.766044,0
161,2.6833,0.0,0.0207,1.5094,-0.0207,0.646124,0.763232,0
162,2.7,0.0,0.0245,1.4849,-0.0245,0.649448,0.760406,0
163,2.7167,0.0,0.0196,1.4653,-0.0196,0.65276,0.757565,0
164,2.7333,0.0,0.0199,1.4454,-0.0199,0.656059,0.75471,0
165,2.75,0.0,0.0236,1.4218,-0.0236,0.659346,0.75184,0
166,2.7667,0.0,0.0203,1.4015,-0.0203,0.66262,0.748956,0
167,2.7833,0.0,0.0229,1.3786,-0.0229,0.665882,0.746057,0
168,2.8,0.0,0.0221,1.3565,-0.0221,0.669131,0.743145,0
169,2.8167,0.0,0.0214,1.3351,-0.0214,0.672367,0.740218,0
170,2.8333,0.0,0.0233,1.3118,-0.0233,0.67559,0.737277,0
171,2.85,0.0,0.0238,1.288,-0.0238,0.678801,0.734323,0
172,2.8667,0.0,0.0253,1.2627,-0.0253,0.681998,0.731354,0
173,2.8833,0.0,0.0197,1.243,-0.0197,0.685183,0.728371,0
174,2.9,0.0,0.0203,1.2227,-0.0203,0.688355,0.725374,0
175,2.9167,0.0,0.024,1.1987,-0.024,0.691513,0.722364,0
176,2.9333,0.0,0.0194,1.1793,-0.0194,0.694658,0.71934,0
177,2.95,0.0,0.0201,1.1592,-0.0201,0.69779,0.716302,0
178,2.9667,0.0,0.0252,1.134,-0.0252,0.700909,0.71325,0
179,2.9833,0.0,0.0203,1.1137,-0.0203,0.704015,0.710185,0
180,3.0,0.0,0.021,1.0927,-0.021,0.707107,0.707107,0
181,3.0167,0.0,0.0214,1.0713,-0.0214,0.710185,0.704015,0
182,3.0333,0.0,0.0229,1.0484,-0.0229,0.71325,0.700909,0
183,3.05,0.0,0.0241,1.0243,-0.0241,0.716302,0.69779,0
184,3.0667,0.0,0.0232,1.0011,-0.0232,0.71934,0.694658,0
185,3.0833,0.0,0.0234,0.9777,-0.0234,0.722364,0.691513,0
186,3.1,0.0,0.0239,0.9538,-0.0239,0.725374,0.688355,0
187,3.1167,0.0,0.0209,0.9329,-0.0209,0.728371,0.685183,0
188,3.1333,0.0,0.0246,0.9083,-0.0246,0.731354,0.681998,0
189,3.15,0.0,0.0238,0.8845,-0.0238,0.734323,0.678801,0
190,3.1667,0.0,0.0214,0.8631,-0.0214,0.737277,0.67559,0
191,3.1833,0.0,0.0207,0.8424,-0.0207,0.740218,0.672367,0
192,3.2,0.0,0.0219,0.8205,-0.0219,0.743145,0.669131,0
193,3.2167,0.0,0.0216,0.7989,-0.0216,0.746057,0.665882,0
194,3.2333,0.0,0.0189,0.78,-0.0189,0.748956,0.66262,0
195,3.25,0.0,0.0237,0.7563,-0.0237,0.75184,0.659346,0
196,3.2667,0.0,0.0206,0.7357,-0.0206,0.75471,0.656059,0
197,3.2833,0.0,0.0215,0.7142,-0.0215,0.757565,0.65276,0
198,3.3,0.0,0.022,0.6922,-0.022,0.760406,0.649448,0
199,3.3167,0.0,0.0207,0.6715,-0.0207,0.763232,0.646124,0
200,3.3333,0.0,0.023,0.6485,-0.023,0.766044,0.642788,0
201,3.35,0.0,0.0228,0.6257,-0.0228,0.768842,0.639439,0
202,3.3667,0.0,0.0186,0.6071,-0.0186,0.771625,0.636078,0
203,3.3833,0.0,0.0206,0.5865,-0.0206,0.774393,0.632705,0
204,3.4,0.0,0.0231,0.5634,-0.0231,0.777146,0.62932,0
205,3.4167,0.0,0.0244,0.539,-0.0244,0.779884,0.625923,0
206,3.4333,0.0,0.0219,0.5171,-0.0219,0.782608,0.622515,0
207,3.45,0.0,0.0227,0.4944,-0.0227,0.785317,0.619094,0
208,3.4667,0.0,0.0177,0.4767,-0.0177,0.788011,0.615661,0
209,3.4833,0.0,0.0204,0.4563,-0.0204,0.79069,0.612217,0
210,3.5,0.0,0.0179,0.4384,-0.0179,0.793353,0.608761,0
211,3.5167,0.0,0.0266,0.4118,-0.0266,0.796002,0.605294,0
212,3.5333,0.0,0.021,0.3908,-0.021,0.798636,0.601815,0
213,3.55,0.0,0.0178,0.373,-0.0178,0.801254,0.598325,0
214,3.5667,0.0,0.0234,0.3496,-0.0234,0.803857,0.594823,0
215,3.5833,0.0,0.0174,0.3322,-0.0174,0.806445,0.59131,0
216,3.6,0.0,0.0241,0.3081,-0.0241,0.809017,0.587785,0
217,3.6167,0.0,0.0224,0.2857,-0.0224,0.811574,0.58425,0
218,3.6333,0.0,0.017,0.2687,-0.017,0.814116,0.580703,0
219,3.65,0.0,0.0216,0.2471,-0.0216,0.816642,0.577145,0
220,3.6667,0.0,0.0221,0.225,-0.0221,0.819152,0.573576,0
221,3.6833,0.0,0.0203,0.2047,-0.0203,0.821647,0.569997,0
222,3.7,0.0,0.0264,0.1783,-0.0264,0.824126,0.566406,0
223,3.7167,0.0,0.0206,0.1577,-0.0206,0.82659,0.562805,0
224,3.7333,0.0,0.0208,0.1369,-0.0208,0.829038,0.559193,0
225,3.75,0.0,0.0202,0.1167,-0.0202,0.83147,0.55557,0
226,3.7667,0.0,0.0182,0.0985,-0.0182,0.833886,0.551937,0
227,3.7833,0.0,0.0215,0.077,-0.0215,0.836286,0.548293,0
228,3.8,0.0,0.02,0.057,-0.02,0.838671,0.544639,0
229,3.8167,0.0,0.0236,0.0334,-0.0236,0.841039,0.540974,0
230,3.8333,0.0,0.0224,0.011,-0.0224,0.843391,0.5373,0
231,3.85,0.0,0.0211,0.0,-0.0211,0.845728,0.533615,1
232,3.8667,0.0,0.0239,0.0,-0.0239,0.848048,0.529919,1
233,3.8833,0.0,0.0213,0.0,-0.0213,0.850352,0.526214,1
234,3.9,0.0,0.023,0.0,-0.023,0.85264,0.522499,1
235,3.9167,0.0,0.0229,0.0,-0.0229,0.854912,0.518773,1
236,3.9333,0.0,0.0213,0.0,-0.0213,0.857167,0.515038,1
237,3.95,0.0,0.0217,0.0,-0.0217,0.859406,0.511293,1
238,3.9667,0.0,0.02,0.0,-0.02,0.861629,0.507538,1
239,3.9833,0.0,0.025,0.0,-0.025,0.863836,0.503774,1
240,4.0,0.0,0.0193,0.0,-0.0193,0.866025,0.5,1
241,4.0167,0.0,0.0227,0.0,-0.0227,0.868199,0.496217,1
242,4.0333,0.0,0.0214,0.0,-0.0214,0.870356,0.492424,1
243,4.05,0.0,0.0224,0.0,-0.0224,0.872496,0.488621,1
244,4.0667,0.0,0.021,0.0,-0.021,0.87462,0.48481,1
245,4.0833,0.0,0.0231,0.0,-0.0231,0.876727,0.480989,1
246,4.1,0.0,0.0229,0.0,-0.0229,0.878817,0.477159,1
247,4.1167,0.0,0.0216,0.0,-0.0216,0.880891,0.47332,1
248,4.1333,0.0,0.0179,0.0,-0.0179,0.882948,0.469472,1
249,4.15,0.0,0.0206,0.0,-0.0206,0.884988,0.465615,1
250,4.1667,0.0,0.0207,0.0,-0.0207,0.887011,0.461749,1
251,4.1833,0.0,0.0236,0.0,-0.0236,0.889017,0.457874,1
252,4.2,0.0,0.0244,0.0,-0.0244,0.891007,0.45399,1
253,4.2167,0.0,0.0227,0.0,-0.0227,0.892979,0.450098,1
254,4.2333,0.0,0.0206,0.0,-0.0206,0.894934,0.446198,1
255,4.25,0.0,0.0196,0.0,-0.0196,0.896873,0.442289,1
256,4.2667,0.0,0.0183,0.0,-0.0183,0.898794,0.438371,1
257,4.2833,0.0,0.0197,0.0,-0.0197,0.900698,0.434445,1
258,4.3,0.0,0.0198,0.0,-0.0198,0.902585,0.430511,1
259,4.3167,0.0,0.0228,0.0,-0.0228,0.904455,0.426569,1
260,4.3333,0.0,0.0205,0.0,-0.0205,0.906308,0.422618,1
261,4.35,0.0,0.0216,0.0,-0.0216,0.908143,0.41866,1
262,4.3667,0.0,0.0207,0.0,-0.0207,0.909961,0.414693,1
263,4.3833,0.0,0.023,0.0,-0.023,0.911762,0.410719,1
264,4.4,0.0,0.0223,0.0,-0.0223,0.913545,0.406737,1
265,4.4167,0.0,0.0223,0.0,-0.0223,0.915311,0.402747,1
266,4.4333,0.0,0.0204,0.0,-0.0204,0.91706,0.398749,1
267,4.45,0.0,0.0217,0.0,-0.0217,0.918791,0.394744,1
268,4.4667,0.0,0.0226,0.0,-0.0226,0.920505,0.390731,1
269,4.4833,0.0,0.021,0.0,-0.021,0.922201,0.386711,1
270,4.5,0.0,0.0248,0.0,-0.0248,0.92388,0.382683,1
271,4.5167,0.0,0.022,0.0,-0.022,0.925541,0.378649,1
272,4.5333,0.0,0.0201,0.0,-0.0201,0.927184,0.374607,1
273,4.55,0.0,0.0217,0.0,-0.0217,0.92881,0.370557,1
274,4.5667,0.0,0.0224,0.0,-0.0224,0.930418,0.366501,1
275,4.5833,0.0,0.0205,0.0,-0.0205,0.932008,0.362438,1
276,4.6,0.0,0.0209,0.0,-0.0209,0.93358,0.358368,1
277,4.6167,0.0,0.0183,0.0,-0.0183,0.935135,0.354291,1
278,4.6333,0.0,0.023,0.0,-0.023,0.936672,0.350207,1
279,4.65,0.0,0.023,0.0,-0.023,0.938191,0.346117,1
280,4.6667,0.0,0.0206,0.0,-0.0206,0.939693,0.34202,1
281,4.6833,0.0,0.022,0.0,-0.022,0.941176,0.337917,1
282,4.7,0.0,0.0241,0.0,-0.0241,0.942641,0.333807,1
283,4.7167,0.0,0.0226,0.0,-0.0226,0.944089,0.329691,1
284,4.7333,0.0,0.0182,0.0,-0.0182,0.945519,0.325568,1
285,4.75,0.0,0.0209,0.0,-0.0209,0.94693,0.321439,1
286,4.7667,0.0,0.0246,0.0,-0.0246,0.948324,0.317305,1
287,4.7833,0.0,0.0221,0.0,-0.0221,0.949699,0.313164,1
288,4.8,0.0,0.0191,0.0,-0.0191,0.951057,0.309017,1
289,4.8167,0.0,0.0218,0.0,-0.0218,0.952396,0.304864,1
290,4.8333,0.0,0.0184,0.0,-0.0184,0.953717,0.300706,1
291,4.85,0.0,0.0211,0.0,-0.0211,0.95502,0.296542,1
292,4.8667,0.0,0.0212,0.0,-0.0212,0.956305,0.292372,1
293,4.8833,0.0,0.0233,0.0,-0.0233,0.957571,0.288196,1
294,4.9,0.0,0.0222,0.0,-0.0222,0.95882,0.284015,1
295,4.9167,0.0,0.022,0.0,-0.022,0.96005,0.279829,1
296,4.9333,0.0,0.0154,0.0,-0.0154,0.961262,0.275637,1
297,4.95,0.0,0.0228,0.0,-0.0228,0.962455,0.27144,1
298,4.9667,0.0,0.0194,0.0,-0.0194,0.96363,0.267238,1
299,4.9833,0.0,0.0222,0.0,-0.0222,0.964787,0.263031,1
300,5.0,0.0,0.0236,0.0,-0.0236,0.965926,0.258819,1
301,5.0167,0.0,0.0202,0.0,-0.0202,0.967046,0.254602,1
302,5.0333,0.0,0.0212,0.0,-0.0212,0.968148,0.25038,1
303,5.05,0.0,0.0193,0.0,-0.0193,0.969231,0.246153,1
304,5.0667,0.0,0.0229,0.0,-0.0229,0.970296,0.241922,1
305,5.0833,0.0,0.0195,0.0,-0.0195,0.971342,0.237686,1
306,5.1,0.0,0.0238,0.0,-0.0238,0.97237,0.233445,1
307,5.1167,0.0,0.0219,0.0,-0.0219,0.973379,0.2292,1
308,5.1333,0.0,0.0218,0.0,-0.0218,0.97437,0.224951,1
309,5.15,0.0,0.0199,0.0,-0.0199,0.975342,0.220697,1
310,5.1667,0.0,0.0206,0.0,-0.0206,0.976296,0.21644,1
311,5.1833,0.0,0.0188,0.0,-0.0188,0.977231,0.212178,1
312,5.2,0.0,0.022,0.0,-0.022,0.978148,0.207912,1
313,5.2167,0.0,0.023,0.0,-0.023,0.979045,0.203642,1
314,5.2333,0.0,0.0201,0.0,-0.0201,0.979925,0.199368,1
315,5.25,0.0,0.0227,0.0,-0.0227,0.980785,0.19509,1
316,5.2667,0.0,0.025,0.0,-0.025,0.981627,0.190809,1
317,5.2833,0.0,0.0234,0.0,-0.0234,0.98245,0.186524,1
318,5.3,0.0,0.023,0.0,-0.023,0.983255,0.182236,1
319,5.3167,0.0,0.0206,0.0,-0.0206,0.984041,0.177944,1
320,5.3333,0.0,0.0237,0.0,-0.0237,0.984808,0.173648,1
321,5.35,0.0,0.0226,0.0,-0.0226,0.985556,0.16935,1
322,5.3667,0.0,0.0223,0.0,-0.0223,0.986286,0.165048,1
323,5.3833,0.0,0.0242,0.0,-0.0242,0.986996,0.160743,1
324,5.4,0.0,0.0172,0.0,-0.0172,0.987688,0.156434,1
325,5.4167,0.0,0.026,0.0,-0.026,0.988362,0.152123,1
326,5.4333,0.0,0.0199,0.0,-0.0199,0.989016,0.147809,1
327,5.45,0.0,0.0236,0.0,-0.0236,0.989651,0.143493,1
328,5.4667,0.0,0.02,0.0,-0.02,0.990268,0.139173,1
329,5.4833,0.0,0.0213,0.0,-0.0213,0.990866,0.134851,1
330,5.5,0.0,0.0194,0.0,-0.0194,0.991445,0.130526,1
331,5.5167,0.0,0.0225,0.0,-0.0225,0.992005,0.126199,1
332,5.5333,0.0,0.0203,0.0,-0.0203,0.992546,0.121869,1
333,5.55,0.0,0.0213,0.0,-0.0213,0.993068,0.117537,1
334,5.5667,0.0,0.0199,0.0,-0.0199,0.993572,0.113203,1
335,5.5833,0.0,0.0203,0.0,-0.0203,0.994056,0.108867,1
336,5.6,0.0,0.0203,0.0,-0.0203,0.994522,0.104528,1
337,5.6167,0.0,0.0204,0.0,-0.0204,0.994969,0.100188,1
338,5.6333,0.0,0.0212,0.0,-0.0212,0.995396,0.095846,1
339,5.65,0.0,0.0246,0.0,-0.0246,0.995805,0.091502,1
340,5.6667,0.0,0.0221,0.0,-0.0221,0.996195,0.087156,1
341,5.6833,0.0,0.023,0.0,-0.023,0.996566,0.082808,1
342,5.7,0.0,0.024,0.0,-0.024,0.996917,0.078459,1
343,5.7167,0.0,0.0206,0.0,-0.0206,0.99725,0.074108,1
344,5.7333,0.0,0.0236,0.0,-0.0236,0.997564,0.069756,1
345,5.75,0.0,0.0214,0.0,-0.0214,0.997859,0.065403,1
346,5.7667,0.0,0.0222,0.0,-0.0222,0.998135,0.061049,1
347,5.7833,0.0,0.0214,0.0,-0.0214,0.998392,0.056693,1
348,5.8,0.0,0.0227,0.0,-0.0227,0.99863,0.052336,1
349,5.8167,0.0,0.0198,0.0,-0.0198,0.998848,0.047978,1
350,5.8333,0.0,0.0233,0.0,-0.0233,0.999048,0.043619,1
351,5.85,0.0,0.0237,0.0,-0.0237,0.999229,0.03926,1
352,5.8667,0.0,0.0228,0.0,-0.0228,0.999391,0.034899,1
353,5.8833,0.0,0.0218,0.0,-0.0218,0.999534,0.030539,1
354,5.9,0.0,0.0213,0.0,-0.0213,0.999657,0.026177,1
355,5.9167,0.0,0.0207,0.0,-0.0207,0.999762,0.021815,1
356,5.9333,0.0,0.0205,0.0,-0.0205,0.999848,0.017452,1
357,5.95,0.0,0.0204,0.0,-0.0204,0.999914,0.01309,1
358,5.9667,0.0,0.02,0.0,-0.02,0.999962,0.008727,1
359,5.9833,0.0,0.0226,0.0,-0.0226,0.99999,0.004363,1
360,6.0,0.0048,0.0422,0.0,-0.0374,1.0,0.0,1
361,6.0167,0.0,0.0392,0.0,-0.0392,0.99999,-0.004363,1
362,6.0333,0.00115,0.0395,0.0,-0.03835,0.999962,-0.008727,1
363,6.05,0.0022,0.0382,0.0,-0.036,0.999914,-0.01309,1
364,6.0667,0.0,0.0422,0.0,-0.0422,0.999848,-0.017452,1
365,6.0833,0.00185,0.0402,0.0,-0.03835,0.999762,-0.021815,1
366,6.1,0.004483,0.04,0.0,-0.035517,0.999657,-0.026177,1
367,6.1167,0.002467,0.039,0.0,-0.036533,0.999534,-0.030539,1
368,6.1333,0.003283,0.0382,0.0,-0.034917,0.999391,-0.034899,1
369,6.15,0.001533,0.0407,0.0,-0.039167,0.999229,-0.03926,1
370,6.1667,0.002217,0.0383,0.0,-0.036083,0.999048,-0.043619,1
371,6.1833,0.0033,0.0385,0.0,-0.0352,0.998848,-0.047978,1
372,6.2,0.0013,0.0378,0.0,-0.0365,0.99863,-0.052336,1
373,6.2167,0.004833,0.0375,0.0,-0.032667,0.998392,-0.056693,1
374,6.2333,0.003217,0.0387,0.0,-0.035483,0.998135,-0.061049,1
375,6.25,0.00405,0.0393,0.0,-0.03525,0.997859,-0.065403,1
376,6.2667,0.010017,0.0399,0.0,-0.029883,0.997564,-0.069756,1
377,6.2833,0.00365,0.0377,0.0,-0.03405,0.99725,-0.074108,1
378,6.3,0.005967,0.0423,0.0,-0.036333,0.996917,-0.078459,1
379,6.3167,0.0103,0.0384,0.0,-0.0281,0.996566,-0.082808,1
380,6.3333,0.0044,0.039,0.0,-0.0346,0.996195,-0.087156,1
381,6.35,0.013,0.0415,0.0,-0.0285,0.995805,-0.091502,1
382,6.3667,0.012117,0.0404,0.0,-0.028283,0.995396,-0.095846,1
383,6.3833,0.010767,0.0438,0.0,-0.033033,0.994969,-0.100188,1
384,6.4,0.01065,0.042,0.0,-0.03135,0.994522,-0.104528,1
385,6.4167,0.00395,0.0381,0.0,-0.03415,0.994056,-0.108867,1
386,6.4333,0.007967,0.0408,0.0,-0.032833,0.993572,-0.113203,1
387,6.45,0.006267,0.0392,0.0,-0.032933,0.993068,-0.117537,1
388,6.4667,0.00815,0.0375,0.0,-0.02935,0.992546,-0.121869,1
389,6.4833,0.010733,0.0387,0.0,-0.027967,0.992005,-0.126199,1
390,6.5,0.006033,0.0398,0.0,-0.033767,0.991445,-0.130526,1
391,6.5167,0.01565,0.0403,0.0,-0.02465,0.990866,-0.134851,1
392,6.5333,0.0115,0.0386,0.0,-0.0271,0.990268,-0.139173,1
393,6.55,0.008567,0.039,0.0,-0.030433,0.989651,-0.143493,1
394,6.5667,0.011717,0.0401,0.0,-0.028383,0.989016,-0.147809,1
395,6.5833,0.007983,0.0384,0.0,-0.030417,0.988362,-0.152123,1
396,6.6,0.0116,0.0412,0.0,-0.0296,0.987688,-0.156434,1
397,6.6167,0.011517,0.0402,0.0,-0.028683,0.986996,-0.160743,1
398,6.6333,0.009983,0.0403,0.0,-0.030317,0.986286,-0.165048,1
399,6.65,0.016183,0.0423,0.0,-0.026117,0.985556,-0.16935,1
400,6.6667,0.010683,0.0411,0.0,-0.030417,0.984808,-0.173648,1
401,6.6833,0.01235,0.0381,0.0,-0.02575,0.984041,-0.177944,1
402,6.7,0.01655,0.0396,0.0,-0.02305,0.983255,-0.182236,1
403,6.7167,0.017867,0.0367,0.0,-0.018833,0.98245,-0.186524,1
404,6.7333,0.017167,0.0391,0.0,-0.021933,0.981627,-0.190809,1
405,6.75,0.016633,0.0399,0.0,-0.023267,0.980785,-0.19509,1
406,6.7667,0.015267,0.0383,0.0,-0.023033,0.979925,-0.199368,1
407,6.7833,0.01525,0.04,0.0,-0.02475,0.979045,-0.203642,1
408,6.8,0.016167,0.0388,0.0,-0.022633,0.978148,-0.207912,1
409,6.8167,0.015683,0.0387,0.0,-0.023017,0.977231,-0.212178,1
410,6.8333,0.017083,0.0421,0.0,-0.025017,0.976296,-0.21644,1
411,6.85,0.019167,0.0409,0.0,-0.021733,0.975342,-0.220697,1
412,6.8667,0.018483,0.0424,0.0,-0.023917,0.97437,-0.224951,1
413,6.8833,0.018367,0.0412,0.0,-0.022833,0.973379,-0.2292,1
414,6.9,0.020167,0.0394,0.0,-0.019233,0.97237,-0.233445,1
415,6.9167,0.01545,0.0393,0.0,-0.02385,0.971342,-0.237686,1
416,6.9333,0.018817,0.0417,0.0,-0.022883,0.970296,-0.241922,1
417,6.95,0.0166,0.0417,0.0,-0.0251,0.969231,-0.246153,1
418,6.9667,0.023,0.0399,0.0,-0.0169,0.968148,-0.25038,1
419,6.9833,0.020417,0.0375,0.0,-0.017083,0.967046,-0.254602,1
420,7.0,0.01865,0.0725,0.0,-0.05385,0.965926,-0.258819,1
421,7.0167,0.020233,0.072,0.0,-0.051767,0.964787,-0.263031,1
422,7.0333,0.019667,0.0723,0.0,-0.052633,0.96363,-0.267238,1
423,7.05,0.02425,0.073,0.0,-0.04875,0.962455,-0.27144,1
424,7.0667,0.016417,0.074,0.0,-0.057583,0.961262,-0.275637,1
425,7.0833,0.020617,0.0718,0.0,-0.051183,0.96005,-0.279829,1
426,7.1,0.024017,0.0742,0.0,-0.050183,0.95882,-0.284015,1
427,7.1167,0.023633,0.074,0.0,-0.050367,0.957571,-0.288196,1
428,7.1333,0.024667,0.0724,0.0,-0.047733,0.956305,-0.292372,1
429,7.15,0.028217,0.0699,0.0,-0.041683,0.95502,-0.296542,1
430,7.1667,0.0285,0.0745,0.0,-0.046,0.953717,-0.300706,1
431,7.1833,0.0235,0.0708,0.0,-0.0473,0.952396,-0.304864,1
432,7.2,0.022383,0.0703,0.0,-0.047917,0.951057,-0.309017,1
433,7.2167,0.029333,0.0729,0.0,-0.043567,0.949699,-0.313164,1
434,7.2333,0.026267,0.0741,0.0,-0.047833,0.948324,-0.317305,1
435,7.25,0.0282,0.0712,0.0,-0.043,0.94693,-0.321439,1
436,7.2667,0.0269,0.0707,0.0,-0.0438,0.945519,-0.325568,1
437,7.2833,0.023933,0.0747,0.0,-0.050767,0.944089,-0.329691,1
438,7.3,0.025283,0.0724,0.0,-0.047117,0.942641,-0.333807,1
439,7.3167,0.026267,0.0709,0.0,-0.044633,0.941176,-0.337917,1
440,7.3333,0.024783,0.0708,0.0,-0.046017,0.939693,-0.34202,1
441,7.35,0.031617,0.0721,0.0,-0.040483,0.938191,-0.346117,1
442,7.3667,0.0266,0.0694,0.0,-0.0428,0.936672,-0.350207,1
443,7.3833,0.02695,0.071,0.0,-0.04405,0.935135,-0.354291,1
444,7.4,0.027233,0.0735,0.0,-0.046267,0.93358,-0.358368,1
445,7.4167,0.02885,0.0722,0.0,-0.04335,0.932008,-0.362438,1
446,7.4333,0.0338,0.0736,0.0,-0.0398,0.930418,-0.366501,1
447,7.45,0.027117,0.0723,0.0,-0.045183,0.92881,-0.370557,1
448,7.4667,0.0283,0.0711,0.0,-0.0428,0.927184,-0.374607,1
449,7.4833,0.031817,0.0702,0.0,-0.038383,0.925541,-0.378649,1
450,7.5,0.034183,0.0737,0.0,-0.039517,0.92388,-0.382683,1
451,7.5167,0.028367,0.0726,0.0,-0.044233,0.922201,-0.386711,1
452,7.5333,0.03445,0.0747,0.0,-0.04025,0.920505,-0.390731,1
453,7.55,0.0343,0.0702,0.0,-0.0359,0.918791,-0.394744,1
454,7.5667,0.032017,0.072,0.0,-0.039983,0.91706,-0.398749,1
455,7.5833,0.029933,0.0734,0.0,-0.043467,0.915311,-0.402747,1
456,7.6,0.028533,0.0735,0.0,-0.044967,0.913545,-0.406737,1
457,7.6167,0.030017,0.0709,0.0,-0.040883,0.911762,-0.410719,1
458,7.6333,0.03075,0.0704,0.0,-0.03965,0.909961,-0.414693,1
459,7.65,0.03725,0.073,0.0,-0.03575,0.908143,-0.41866,1
460,7.6667,0.03135,0.0742,0.0,-0.04285,0.906308,-0.422618,1
461,7.6833,0.037667,0.0722,0.0,-0.034533,0.904455,-0.426569,1
462,7.7,0.034017,0.0684,0.0,-0.034383,0.902585,-0.430511,1
463,7.7167,0.036567,0.0705,0.0,-0.033933,0.900698,-0.434445,1
464,7.7333,0.03545,0.0703,0.0,-0.03485,0.898794,-0.438371,1
465,7.75,0.034583,0.0739,0.0,-0.039317,0.896873,-0.442289,1
466,7.7667,0.035933,0.0679,0.0,-0.031967,0.894934,-0.446198,1
467,7.7833,0.037267,0.0703,0.0,-0.033033,0.892979,-0.450098,1
468,7.8,0.029967,0.073,0.0,-0.043033,0.891007,-0.45399,1
469,7.8167,0.034167,0.0734,0.0,-0.039233,0.889017,-0.457874,1
470,7.8333,0.038983,0.0702,0.0,-0.031217,0.887011,-0.461749,1
471,7.85,0.0381,0.0727,0.0,-0.0346,0.884988,-0.465615,1
472,7.8667,0.038617,0.074,0.0,-0.035383,0.882948,-0.469472,1
473,7.8833,0.035283,0.0702,0.0,-0.034917,0.880891,-0.47332,1
474,7.9,0.043067,0.0701,0.0,-0.027033,0.878817,-0.477159,1
475,7.9167,0.04265,0.0715,0.0,-0.02885,0.876727,-0.480989,1
476,7.9333,0.033583,0.0729,0.0,-0.039317,0.87462,-0.48481,1
477,7.95,0.040183,0.0739,0.0,-0.033717,0.872496,-0.488621,1
478,7.9667,0.03815,0.0688,0.0,-0.03065,0.870356,-0.492424,1
479,7.9833,0.042967,0.0719,0.0,-0.028933,0.868199,-0.496217,1
480,8.0,0.037683,0.0687,0.0,-0.031017,0.866025,-0.5,1
481,8.0167,0.0393,0.069,0.0,-0.0297,0.863836,-0.503774,1
482,8.0333,0.0442,0.0729,0.0,-0.0287,0.861629,-0.507538,1
483,8.05,0.04025,0.0737,0.0,-0.03345,0.859406,-0.511293,1
484,8.0667,0.039833,0.0714,0.0,-0.031567,0.857167,-0.515038,1
485,8.0833,0.04185,0.068,0.0,-0.02615,0.854912,-0.518773,1
486,8.1,0.0425,0.076,0.0,-0.0335,0.85264,-0.522499,1
487,8.1167,0.041317,0.0755,0.0,-0.034183,0.850352,-0.526214,1
488,8.1333,0.04125,0.0773,0.0,-0.03605,0.848048,-0.529919,1
489,8.15,0.046283,0.0733,0.0,-0.027017,0.845728,-0.533615,1
490,8.1667,0.041933,0.0732,0.0,-0.031267,0.843391,-0.5373,1
491,8.1833,0.0372,0.0707,0.0,-0.0335,0.841039,-0.540974,1
492,8.2,0.044117,0.0746,0.0,-0.030483,0.838671,-0.544639,1
493,8.2167,0.04415,0.071,0.0,-0.02685,0.836286,-0.548293,1
494,8.2333,0.042683,0.0718,0.0,-0.029117,0.833886,-0.551937,1
495,8.25,0.0403,0.0725,0.0,-0.0322,0.83147,-0.55557,1
496,8.2667,0.040583,0.0719,0.0,-0.031317,0.829038,-0.559193,1
497,8.2833,0.043967,0.0735,0.0,-0.029533,0.82659,-0.562805,1
498,8.3,0.042717,0.0725,0.0,-0.029783,0.824126,-0.566406,1
499,8.3167,0.047233,0.0753,0.0,-0.028067,0.821647,-0.569997,1
500,8.3333,0.045767,0.0707,0.0,-0.024933,0.819152,-0.573576,1
501,8.35,0.0474,0.073,0.0,-0.0256,0.816642,-0.577145,1
502,8.3667,0.04575,0.0766,0.0,-0.03085,0.814116,-0.580703,1
503,8.3833,0.047467,0.0739,0.0,-0.026433,0.811574,-0.58425,1
504,8.4,0.049217,0.0704,0.0,-0.021183,0.809017,-0.587785,1
505,8.4167,0.047517,0.0696,0.0,-0.022083,0.806445,-0.59131,1
506,8.4333,0.04915,0.0691,0.0,-0.01995,0.803857,-0.594823,1
507,8.45,0.049383,0.0692,0.0,-0.019817,0.801254,-0.598325,1
508,8.4667,0.047,0.0725,0.0,-0.0255,0.798636,-0.601815,1
509,8.4833,0.046183,0.0724,0.0,-0.026217,0.796002,-0.605294,1
510,8.5,0.047433,0.0719,0.0,-0.024467,0.793353,-0.608761,1
511,8.5167,0.046333,0.0693,0.0,-0.022967,0.79069,-0.612217,1
512,8.5333,0.048417,0.072,0.0,-0.023583,0.788011,-0.615661,1
513,8.55,0.0469,0.072,0.0,-0.0251,0.785317,-0.619094,1
514,8.5667,0.048983,0.0717,0.0,-0.022717,0.782608,-0.622515,1
515,8.5833,0.054333,0.072,0.0,-0.017667,0.779884,-0.625923,1
516,8.6,0.047367,0.0706,0.0,-0.023233,0.777146,-0.62932,1
517,8.6167,0.050667,0.0727,0.0,-0.022033,0.774393,-0.632705,1
518,8.6333,0.0528,0.0691,0.0,-0.0163,0.771625,-0.636078,1
519,8.65,0.0525,0.0679,0.0,-0.0154,0.768842,-0.639439,1
520,8.6667,0.052133,0.0745,0.0,-0.022367,0.766044,-0.642788,1
521,8.6833,0.051367,0.0711,0.0,-0.019733,0.763232,-0.646124,1
522,8.7,0.052167,0.0734,0.0,-0.021233,0.760406,-0.649448,1
523,8.7167,0.046167,0.0714,0.0,-0.025233,0.757565,-0.65276,1
524,8.7333,0.049067,0.0725,0.0,-0.023433,0.75471,-0.656059,1
525,8.75,0.0535,0.071,0.0,-0.0175,0.75184,-0.659346,1
526,8.7667,0.0475,0.0726,0.0,-0.0251,0.748956,-0.66262,1
527,8.7833,0.051667,0.0702,0.0,-0.018533,0.746057,-0.665882,1
528,8.8,0.053117,0.0722,0.0,-0.019083,0.743145,-0.669131,1
529,8.8167,0.053817,0.0716,0.0,-0.017783,0.740218,-0.672367,1
530,8.8333,0.05835,0.0729,0.0,-0.01455,0.737277,-0.67559,1
531,8.85,0.054017,0.0737,0.0,-0.019683,0.734323,-0.678801,1
532,8.8667,0.052617,0.0724,0.0,-0.019783,0.731354,-0.681998,1
533,8.8833,0.0547,0.0693,0.0,-0.0146,0.728371,-0.685183,1
534,8.9,0.05665,0.0705,0.0,-0.01385,0.725374,-0.688355,1
535,8.9167,0.052567,0.0718,0.0,-0.019233,0.722364,-0.691513,1
536,8.9333,0.056333,0.0713,0.0,-0.014967,0.71934,-0.694658,1
537,8.95,0.057417,0.0743,0.0,-0.016883,0.716302,-0.69779,1
538,8.9667,0.056233,0.0726,0.0,-0.016367,0.71325,-0.700909,1
539,8.9833,0.055067,0.07,0.0,-0.014933,0.710185,-0.704015,1
540,9.0,0.053883,0.0386,0.0153,0.015283,0.707107,-0.707107,0
541,9.0167,0.058383,0.0386,0.0351,0.019783,0.704015,-0.710185,0
542,9.0333,0.0568,0.0374,0.0545,0.0194,0.700909,-0.71325,0
543,9.05,0.062217,0.0415,0.0752,0.020717,0.69779,-0.716302,0
544,9.0667,0.057117,0.0392,0.0931,0.017917,0.694658,-0.71934,0
545,9.0833,0.0569,0.0413,0.1087,0.0156,0.691513,-0.722364,0
546,9.1,0.057283,0.0402,0.1258,0.017083,0.688355,-0.725374,0
547,9.1167,0.065317,0.0386,0.1525,0.026717,0.685183,-0.728371,0
548,9.1333,0.05675,0.0399,0.1694,0.01685,0.681998,-0.731354,0
549,9.15,0.061,0.0401,0.1903,0.0209,0.678801,-0.734323,0
550,9.1667,0.058317,0.0403,0.2083,0.018017,0.67559,-0.737277,0
551,9.1833,0.0565,0.0383,0.2265,0.0182,0.672367,-0.740218,0
552,9.2,0.0666,0.0409,0.2522,0.0257,0.669131,-0.743145,0
553,9.2167,0.05915,0.0399,0.2714,0.01925,0.665882,-0.746057,0
554,9.2333,0.05805,0.0394,0.29,0.01865,0.66262,-0.748956,0
555,9.25,0.064483,0.0398,0.3147,0.024683,0.659346,-0.75184,0
556,9.2667,0.057933,0.0358,0.3368,0.022133,0.656059,-0.75471,0
557,9.2833,0.0636,0.0388,0.3616,0.0248,0.65276,-0.757565,0
558,9.3,0.06255,0.0364,0.3877,0.02615,0.649448,-0.760406,0
559,9.3167,0.056367,0.04,0.4041,0.016367,0.646124,-0.763232,0
560,9.3333,0.063,0.0383,0.4288,0.0247,0.642788,-0.766044,0
561,9.35,0.061883,0.0385,0.4522,0.023383,0.639439,-0.768842,0
562,9.3667,0.0597,0.0386,0.4733,0.0211,0.636078,-0.771625,0
563,9.3833,0.057783,0.0406,0.4905,0.017183,0.632705,-0.774393,0
564,9.4,0.059283,0.0399,0.5099,0.019383,0.62932,-0.777146,0
565,9.4167,0.062483,0.0364,0.536,0.026083,0.625923,-0.779884,0
566,9.4333,0.060317,0.0392,0.5571,0.021117,0.622515,-0.782608,0
567,9.45,0.0632,0.0398,0.5805,0.0234,0.619094,-0.785317,0
568,9.4667,0.0679,0.038,0.6104,0.0299,0.615661,-0.788011,0
569,9.4833,0.059617,0.0387,0.6313,0.020917,0.612217,-0.79069,0
570,9.5,0.0622,0.0412,0.6523,0.021,0.608761,-0.793353,0
571,9.5167,0.064033,0.0374,0.6789,0.026633,0.605294,-0.796002,0
572,9.5333,0.06335,0.0395,0.7027,0.02385,0.601815,-0.798636,0
573,9.55,0.067267,0.0401,0.7299,0.027167,0.598325,-0.801254,0
574,9.5667,0.066467,0.0436,0.7528,0.022867,0.594823,-0.803857,0
575,9.5833,0.064733,0.0399,0.7776,0.024833,0.59131,-0.806445,0
576,9.6,0.06275,0.0385,0.8018,0.02425,0.587785,-0.809017,0
577,9.6167,0.065233,0.0409,0.8261,0.024333,0.58425,-0.811574,0
578,9.6333,0.05935,0.0396,0.8458,0.01975,0.580703,-0.814116,0
579,9.65,0.062067,0.0395,0.8684,0.022567,0.577145,-0.816642,0
580,9.6667,0.064517,0.0405,0.8924,0.024017,0.573576,-0.819152,0
581,9.6833,0.064767,0.0393,0.9179,0.025467,0.569997,-0.821647,0
582,9.7,0.067083,0.0415,0.9435,0.025583,0.566406,-0.824126,0
583,9.7167,0.06275,0.0388,0.9675,0.02395,0.562805,-0.82659,0
584,9.7333,0.062583,0.0407,0.9894,0.021883,0.559193,-0.829038,0
585,9.75,0.065133,0.04,1.0145,0.025133,0.55557,-0.83147,0
586,9.7667,0.065667,0.0387,1.0415,0.026967,0.551937,-0.833886,0
587,9.7833,0.0673,0.0367,1.0721,0.0306,0.548293,-0.836286,0
588,9.8,0.070917,0.0373,1.1057,0.033617,0.544639,-0.838671,0
589,9.8167,0.06585,0.0386,1.1329,0.02725,0.540974,-0.841039,0
590,9.8333,0.06805,0.0407,1.1603,0.02735,0.5373,-0.843391,0
591,9.85,0.069467,0.0417,1.1881,0.027767,0.533615,-0.845728,0
592,9.8667,0.0613,0.0399,1.2095,0.0214,0.529919,-0.848048,0
593,9.8833,0.069183,0.0402,1.2385,0.028983,0.526214,-0.850352,0
594,9.9,0.0678,0.0358,1.2705,0.032,0.522499,-0.85264,0
595,9.9167,0.0696,0.0439,1.2962,0.0257,0.518773,-0.854912,0
596,9.9333,0.0688,0.0388,1.3262,0.03,0.515038,-0.857167,0
597,9.95,0.06865,0.0404,1.3545,0.02825,0.511293,-0.859406,0
598,9.9667,0.07235,0.0397,1.3871,0.03265,0.507538,-0.861629,0
599,9.9833,0.0702,0.0409,1.4164,0.0293,0.503774,-0.863836,0
600,10.0,0.069233,0.0426,1.443,0.026633,0.5,-0.866025,0
601,10.0167,0.064533,0.0375,1.47,0.027033,0.496217,-0.868199,0
602,10.0333,0.07015,0.0415,1.4986,0.02865,0.492424,-0.870356,0
603,10.05,0.066933,0.0383,1.5272,0.028633,0.488621,-0.872496,0
604,10.0667,0.065367,0.0353,1.5573,0.030067,0.48481,-0.87462,0
605,10.0833,0.06885,0.0412,1.585,0.02765,0.480989,-0.876727,0
606,10.1,0.072517,0.0398,1.6177,0.032717,0.477159,-0.878817,0
607,10.1167,0.073333,0.037,1.654,0.036333,0.47332,-0.880891,0
608,10.1333,0.071183,0.0383,1.6869,0.032883,0.469472,-0.882948,0
609,10.15,0.071733,0.0411,1.7175,0.030633,0.465615,-0.884988,0
610,10.1667,0.075617,0.0397,1.7534,0.035917,0.461749,-0.887011,0
611,10.1833,0.067917,0.0408,1.7805,0.027117,0.457874,-0.889017,0
612,10.2,0.071183,0.0399,1.8118,0.031283,0.45399,-0.891007,0
613,10.2167,0.07525,0.0388,1.8483,0.03645,0.450098,-0.892979,0
614,10.2333,0.0739,0.038,1.8842,0.0359,0.446198,-0.894934,0
615,10.25,0.07405,0.0382,1.9201,0.03585,0.442289,-0.896873,0
616,10.2667,0.072233,0.0374,1.9549,0.034833,0.438371,-0.898794,0
617,10.2833,0.074833,0.0429,1.9868,0.031933,0.434445,-0.900698,0
618,10.3,0.076517,0.0391,2.0242,0.037417,0.430511,-0.902585,0
619,10.3167,0.06835,0.0387,2.0539,0.02965,0.426569,-0.904455,0
620,10.3333,0.070183,0.0348,2.0893,0.035383,0.422618,-0.906308,0
621,10.35,0.076583,0.0404,2.1255,0.036183,0.41866,-0.908143,0
622,10.3667,0.075817,0.0395,2.1618,0.036317,0.414693,-0.909961,0
623,10.3833,0.073217,0.0425,2.1925,0.030717,0.410719,-0.911762,0
624,10.4,0.07565,0.0402,2.2279,0.03545,0.406737,-0.913545,0
625,10.4167,0.072733,0.0387,2.2619,0.034033,0.402747,-0.915311,0
626,10.4333,0.073367,0.0399,2.2954,0.033467,0.398749,-0.91706,0
627,10.45,0.075083,0.0411,2.3294,0.033983,0.394744,-0.918791,0
628,10.4667,0.06935,0.0383,2.3605,0.03105,0.390731,-0.920505,0
629,10.4833,0.06825,0.0408,2.388,0.02745,0.386711,-0.922201,0
630,10.5,0.07465,0.0432,2.4194,0.03145,0.382683,-0.92388,0
631,10.5167,0.076817,0.0422,2.454,0.034617,0.378649,-0.925541,0
632,10.5333,0.075833,0.0439,2.4859,0.031933,0.374607,-0.927184,0
633,10.55,0.074433,0.0418,2.5185,0.032633,0.370557,-0.92881,0
634,10.5667,0.077517,0.0405,2.5555,0.037017,0.366501,-0.930418,0
635,10.5833,0.073133,0.0418,2.5868,0.031333,0.362438,-0.932008,0
636,10.6,0.082767,0.039,2.6306,0.043767,0.358368,-0.93358,0
637,10.6167,0.072667,0.0349,2.6684,0.037767,0.354291,-0.935135,0
638,10.6333,0.0761,0.0412,2.7033,0.0349,0.350207,-0.936672,0
639,10.65,0.069467,0.0359,2.7369,0.033567,0.346117,-0.938191,0
640,10.6667,0.07575,0.0431,2.7696,0.03265,0.34202,-0.939693,0
641,10.6833,0.075867,0.0446,2.8009,0.031267,0.337917,-0.941176,0
642,10.7,0.074033,0.0366,2.8383,0.037433,0.333807,-0.942641,0
643,10.7167,0.0741,0.038,2.8744,0.0361,0.329691,-0.944089,0
644,10.7333,0.079967,0.0401,2.9143,0.039867,0.325568,-0.945519,0
645,10.75,0.07115,0.0373,2.9481,0.03385,0.321439,-0.94693,0
646,10.7667,0.07585,0.0419,2.9821,0.03395,0.317305,-0.948324,0
647,10.7833,0.073033,0.038,3.0171,0.035033,0.313164,-0.949699,0
648,10.8,0.078983,0.0405,3.0556,0.038483,0.309017,-0.951057,0
649,10.8167,0.075483,0.0391,3.092,0.036383,0.304864,-0.952396,0
650,10.8333,0.0781,0.0369,3.1332,0.0412,0.300706,-0.953717,0
651,10.85,0.080867,0.0385,3.1756,0.042367,0.296542,-0.95502,0
652,10.8667,0.07685,0.0396,3.2128,0.03725,0.292372,-0.956305,0
653,10.8833,0.077933,0.038,3.2527,0.039933,0.288196,-0.957571,0
654,10.9,0.075617,0.0375,3.2908,0.038117,0.284015,-0.95882,0
655,10.9167,0.07245,0.0411,3.3221,0.03135,0.279829,-0.96005,0
656,10.9333,0.078433,0.0391,3.3614,0.039333,0.275637,-0.961262,0
657,10.95,0.0759,0.0395,3.3978,0.0364,0.27144,-0.962455,0
658,10.9667,0.077733,0.0373,3.4382,0.040433,0.267238,-0.96363,0
659,10.9833,0.07775,0.0395,3.4765,0.03825,0.263031,-0.964787,0
660,11.0,0.078367,0.0416,3.5133,0.036767,0.258819,-0.965926,0
661,11.0167,0.076283,0.0419,3.5477,0.034383,0.254602,-0.967046,0
662,11.0333,0.077367,0.0415,3.5836,0.035867,0.25038,-0.968148,0
663,11.05,0.078267,0.0422,3.6197,0.036067,0.246153,-0.969231,0
664,11.0667,0.076517,0.0382,3.658,0.038317,0.241922,-0.970296,0
665,11.0833,0.076567,0.041,3.6936,0.035567,0.237686,-0.971342,0
666,11.1,0.073983,0.0388,3.7288,0.035183,0.233445,-0.97237,0
667,11.1167,0.076333,0.0425,3.7626,0.033833,0.2292,-0.973379,0
668,11.1333,0.070633,0.0408,3.7924,0.029833,0.224951,-0.97437,0
669,11.15,0.07715,0.0398,3.8298,0.03735,0.220697,-0.975342,0
670,11.1667,0.0787,0.0369,3.8716,0.0418,0.21644,-0.976296,0
671,11.1833,0.080933,0.0388,3.9137,0.042133,0.212178,-0.977231,0
672,11.2,0.077633,0.0373,3.954,0.040333,0.207912,-0.978148,0
673,11.2167,0.07655,0.0407,3.9898,0.03585,0.203642,-0.979045,0
674,11.2333,0.07805,0.0365,4.0313,0.04155,0.199368,-0.979925,0
675,11.25,0.080683,0.0407,4.0713,0.039983,0.19509,-0.980785,0
676,11.2667,0.077983,0.041,4.1083,0.036983,0.190809,-0.981627,0
677,11.2833,0.08035,0.0432,4.1455,0.03715,0.186524,-0.98245,0
678,11.3,0.08155,0.0393,4.1878,0.04225,0.182236,-0.983255,0
679,11.3167,0.079617,0.0397,4.2277,0.039917,0.177944,-0.984041,0
680,11.3333,0.081633,0.0383,4.271,0.043333,0.173648,-0.984808,0
681,11.35,0.07615,0.0394,4.3078,0.03675,0.16935,-0.985556,0
682,11.3667,0.078433,0.0409,4.3453,0.037533,0.165048,-0.986286,0
683,11.3833,0.0811,0.0369,4.3895,0.0442,0.160743,-0.986996,0
684,11.4,0.075933,0.0418,4.4236,0.034133,0.156434,-0.987688,0
685,11.4167,0.080883,0.0389,4.4656,0.041983,0.152123,-0.988362,0
686,11.4333,0.076417,0.0398,4.5022,0.036617,0.147809,-0.989016,0
687,11.45,0.081033,0.0411,4.5421,0.039933,0.143493,-0.989651,0
688,11.4667,0.081067,0.0362,4.587,0.044867,0.139173,-0.990268,0
689,11.4833,0.080483,0.0402,4.6273,0.040283,0.134851,-0.990866,0
690,11.5,0.080717,0.0413,4.6667,0.039417,0.130526,-0.991445,0
691,11.5167,0.080417,0.0373,4.7098,0.043117,0.126199,-0.992005,0
692,11.5333,0.078783,0.0398,4.7488,0.038983,0.121869,-0.992546,0
693,11.55,0.08175,0.038,4.7926,0.04375,0.117537,-0.993068,0
694,11.5667,0.077583,0.0391,4.8311,0.038483,0.113203,-0.993572,0
695,11.5833,0.079583,0.0383,4.8724,0.041283,0.108867,-0.994056,0
696,11.6,0.080017,0.0376,4.9148,0.042417,0.104528,-0.994522,0
697,11.6167,0.08205,0.0424,4.9544,0.03965,0.100188,-0.994969,0
698,11.6333,0.081483,0.0395,4.9964,0.041983,0.095846,-0.995396,0
699,11.65,0.078367,0.0396,5.0352,0.038767,0.091502,-0.995805,0
700,11.6667,0.083917,0.0385,5.0806,0.045417,0.087156,-0.996195,0
701,11.6833,0.084267,0.0411,5.1238,0.043167,0.082808,-0.996566,0
702,11.7,0.078783,0.0393,5.1633,0.039483,0.078459,-0.996917,0
703,11.7167,0.077867,0.0377,5.2035,0.040167,0.074108,-0.99725,0
704,11.7333,0.0817,0.0391,5.2461,0.0426,0.069756,-0.997564,0
705,11.75,0.076,0.043,5.2791,0.033,0.065403,-0.997859,0
706,11.7667,0.083083,0.0357,5.3265,0.047383,0.061049,-0.998135,0
707,11.7833,0.079783,0.0357,5.3706,0.044083,0.056693,-0.998392,0
708,11.8,0.077283,0.0418,5.4061,0.035483,0.052336,-0.99863,0
709,11.8167,0.08245,0.0424,5.4462,0.04005,0.047978,-0.998848,0
710,11.8333,0.082317,0.043,5.4855,0.039317,0.043619,-0.999048,0
711,11.85,0.0795,0.0431,5.5219,0.0364,0.03926,-0.999229,0
712,11.8667,0.08015,0.0412,5.5608,0.03895,0.034899,-0.999391,0
713,11.8833,0.082517,0.0421,5.6012,0.040417,0.030539,-0.999534,0
714,11.9,0.080417,0.0392,5.6424,0.041217,0.026177,-0.999657,0
715,11.9167,0.078667,0.0415,5.6796,0.037167,0.021815,-0.999762,0
716,11.9333,0.081383,0.0403,5.7207,0.041083,0.017452,-0.999848,0
717,11.95,0.080233,0.0397,5.7612,0.040533,0.01309,-0.999914,0
718,11.9667,0.085117,0.037,5.8093,0.048117,0.008727,-0.999962,0
719,11.9833,0.079467,0.0375,5.8513,0.041967,0.004363,-0.99999,0
720,12.0,0.077583,0.0402,5.8887,0.037383,0.0,-1.0,0
721,12.0167,0.078917,0.042,5.9256,0.036917,-0.004363,-0.99999,0
722,12.0333,0.077933,0.0369,5.9666,0.041033,-0.008727,-0.999962,0
723,12.05,0.07645,0.0398,6.0033,0.03665,-0.01309,-0.999914,0
724,12.0667,0.077967,0.0415,6.0398,0.036467,-0.017452,-0.999848,0
725,12.0833,0.078933,0.0382,6.0805,0.040733,-0.021815,-0.999762,0
726,12.1,0.082667,0.0428,6.1204,0.039867,-0.026177,-0.999657,0
727,12.1167,0.080883,0.0431,6.1582,0.037783,-0.030539,-0.999534,0
728,12.1333,0.079833,0.0367,6.2013,0.043133,-0.034899,-0.999391,0
729,12.15,0.082933,0.0399,6.2443,0.043033,-0.03926,-0.999229,0
730,12.1667,0.074917,0.0402,6.279,0.034717,-0.043619,-0.999048,0
731,12.1833,0.082367,0.0417,6.3197,0.040667,-0.047978,-0.998848,0
732,12.2,0.084,0.038,6.3657,0.046,-0.052336,-0.99863,0
733,12.2167,0.074083,0.0352,6.4046,0.038883,-0.056693,-0.998392,0
734,12.2333,0.0815,0.038,6.4481,0.0435,-0.061049,-0.998135,0
735,12.25,0.077867,0.0422,6.4838,0.035667,-0.065403,-0.997859,0
736,12.2667,0.082083,0.0893,6.4766,-0.007217,-0.069756,-0.997564,0
737,12.2833,0.0751,0.0911,6.4606,-0.016,-0.074108,-0.99725,0
738,12.3,0.078833,0.0899,6.4495,-0.011067,-0.078459,-0.996917,0
739,12.3167,0.07865,0.0869,6.4412,-0.00825,-0.082808,-0.996566,0
740,12.3333,0.083183,0.0866,6.4378,-0.003417,-0.087156,-0.996195,0
741,12.35,0.077133,0.0902,6.4247,-0.013067,-0.091502,-0.995805,0
742,12.3667,0.0802,0.0922,6.4127,-0.012,-0.095846,-0.995396,0
743,12.3833,0.078367,0.0869,6.4042,-0.008533,-0.100188,-0.994969,0
744,12.4,0.08135,0.0877,6.3979,-0.00635,-0.104528,-0.994522,0
745,12.4167,0.080667,0.0889,6.3897,-0.008233,-0.108867,-0.994056,0
746,12.4333,0.077567,0.0869,6.3804,-0.009333,-0.113203,-0.993572,0
747,12.45,0.082983,0.0866,6.3768,-0.003617,-0.117537,-0.993068,0
748,12.4667,0.080567,0.0856,6.3718,-0.005033,-0.121869,-0.992546,0
749,12.4833,0.079217,0.0887,6.3623,-0.009483,-0.126199,-0.992005,0
750,12.5,0.084583,0.0833,6.3636,0.001283,-0.130526,-0.991445,0
751,12.5167,0.08115,0.0879,6.3568,-0.00675,-0.134851,-0.990866,0
752,12.5333,0.081267,0.0867,6.3514,-0.005433,-0.139173,-0.990268,0
753,12.55,0.079867,0.0892,6.3421,-0.009333,-0.143493,-0.989651,0
754,12.5667,0.081683,0.0916,6.3322,-0.009917,-0.147809,-0.989016,0
755,12.5833,0.075283,0.0865,6.321,-0.011217,-0.152123,-0.988362,0
756,12.6,0.083633,0.0866,6.318,-0.002967,-0.156434,-0.987688,0
757,12.6167,0.079483,0.0887,6.3088,-0.009217,-0.160743,-0.986996,0
758,12.6333,0.07975,0.086,6.3025,-0.00625,-0.165048,-0.986286,0
759,12.65,0.076783,0.0917,6.2876,-0.014917,-0.16935,-0.985556,0
760,12.6667,0.07845,0.0899,6.2762,-0.01145,-0.173648,-0.984808,0
761,12.6833,0.077717,0.0888,6.2651,-0.011083,-0.177944,-0.984041,0
762,12.7,0.074283,0.0903,6.2491,-0.016017,-0.182236,-0.983255,0
763,12.7167,0.080367,0.0881,6.2414,-0.007733,-0.186524,-0.98245,0
764,12.7333,0.078683,0.0904,6.2297,-0.011717,-0.190809,-0.981627,0
765,12.75,0.076,0.0898,6.2159,-0.0138,-0.19509,-0.980785,0
766,12.7667,0.080967,0.0883,6.2086,-0.007333,-0.199368,-0.979925,0
767,12.7833,0.07915,0.0881,6.1997,-0.00895,-0.203642,-0.979045,0
768,12.8,0.078267,0.0903,6.1877,-0.012033,-0.207912,-0.978148,0
769,12.8167,0.073467,0.0877,6.1735,-0.014233,-0.212178,-0.977231,0
770,12.8333,0.0745,0.0882,6.1598,-0.0137,-0.21644,-0.976296,0
771,12.85,0.076767,0.0886,6.148,-0.011833,-0.220697,-0.975342,0
772,12.8667,0.07775,0.0896,6.1361,-0.01185,-0.224951,-0.97437,0
773,12.8833,0.078367,0.0878,6.1267,-0.009433,-0.2292,-0.973379,0
774,12.9,0.0793,0.0853,6.1207,-0.006,-0.233445,-0.97237,0
775,12.9167,0.078083,0.0905,6.1083,-0.012417,-0.237686,-0.971342,0
776,12.9333,0.079417,0.0882,6.0995,-0.008783,-0.241922,-0.970296,0
777,12.95,0.076817,0.092,6.0843,-0.015183,-0.246153,-0.969231,0
778,12.9667,0.076217,0.0884,6.0721,-0.012183,-0.25038,-0.968148,0
779,12.9833,0.076517,0.0905,6.0581,-0.013983,-0.254602,-0.967046,0
780,13.0,0.076883,0.0883,6.0467,-0.011417,-0.258819,-0.965926,0
781,13.0167,0.076983,0.0875,6.0362,-0.010517,-0.263031,-0.964787,0
782,13.0333,0.080433,0.092,6.0246,-0.011567,-0.267238,-0.96363,0
783,13.05,0.080067,0.0885,6.0162,-0.008433,-0.27144,-0.962455,0
784,13.0667,0.071433,0.0897,5.9979,-0.018267,-0.275637,-0.961262,0
785,13.0833,0.0752,0.0858,5.9873,-0.0106,-0.279829,-0.96005,0
786,13.1,0.078783,0.0875,5.9786,-0.008717,-0.284015,-0.95882,0
787,13.1167,0.076117,0.0909,5.9638,-0.014783,-0.288196,-0.957571,0
788,13.1333,0.077767,0.0874,5.9542,-0.009633,-0.292372,-0.956305,0
789,13.15,0.073083,0.0861,5.9412,-0.013017,-0.296542,-0.95502,0
790,13.1667,0.074083,0.0907,5.9246,-0.016617,-0.300706,-0.953717,0
791,13.1833,0.079583,0.0889,5.9153,-0.009317,-0.304864,-0.952396,0
792,13.2,0.0795,0.0907,5.9041,-0.0112,-0.309017,-0.951057,0
793,13.2167,0.07415,0.0926,5.8857,-0.01845,-0.313164,-0.949699,0
794,13.2333,0.078383,0.0899,5.8742,-0.011517,-0.317305,-0.948324,0
795,13.25,0.0753,0.089,5.8605,-0.0137,-0.321439,-0.94693,0
796,13.2667,0.073317,0.0906,5.8432,-0.017283,-0.325568,-0.945519,0
797,13.2833,0.073683,0.0905,5.8264,-0.016817,-0.329691,-0.944089,0
798,13.3,0.072567,0.0862,5.8128,-0.013633,-0.333807,-0.942641,0
799,13.3167,0.07745,0.089,5.8012,-0.01155,-0.337917,-0.941176,0
800,13.3333,0.07495,0.0887,5.7874,-0.01375,-0.34202,-0.939693,0
801,13.35,0.075267,0.0893,5.7734,-0.014033,-0.346117,-0.938191,0
802,13.3667,0.06955,0.0401,5.8029,0.02945,-0.350207,-0.936672,0
803,13.3833,0.0724,0.0395,5.8358,0.0329,-0.354291,-0.935135,0
804,13.4,0.0753,0.0373,5.8738,0.038,-0.358368,-0.93358,0
805,13.4167,0.076383,0.0427,5.9075,0.033683,-0.362438,-0.932008,0
806,13.4333,0.078333,0.0391,5.9467,0.039233,-0.366501,-0.930418,0
807,13.45,0.070867,0.0403,5.9773,0.030567,-0.370557,-0.92881,0
808,13.4667,0.074933,0.0389,6.0133,0.036033,-0.374607,-0.927184,0
809,13.4833,0.074633,0.0384,6.0495,0.036233,-0.378649,-0.925541,0
810,13.5,0.075033,0.0384,6.0861,0.036633,-0.382683,-0.92388,0
811,13.5167,0.08015,0.0394,6.1269,0.04075,-0.386711,-0.922201,0
812,13.5333,0.074517,0.0424,6.159,0.032117,-0.390731,-0.920505,0
813,13.55,0.076583,0.0401,6.1955,0.036483,-0.394744,-0.918791,0
814,13.5667,0.076667,0.0391,6.2331,0.037567,-0.398749,-0.91706,0
815,13.5833,0.071517,0.0398,6.2648,0.031717,-0.402747,-0.915311,0
816,13.6,0.070417,0.0386,6.2966,0.031817,-0.406737,-0.913545,0
817,13.6167,0.072733,0.0416,6.3277,0.031133,-0.410719,-0.911762,0
818,13.6333,0.06865,0.0374,6.359,0.03125,-0.414693,-0.909961,0
819,13.65,0.076883,0.0388,6.3971,0.038083,-0.41866,-0.908143,0
820,13.6667,0.071183,0.0427,6.4256,0.028483,-0.422618,-0.906308,0
821,13.6833,0.072783,0.0368,6.4616,0.035983,-0.426569,-0.904455,0
822,13.7,0.07035,0.0394,6.4926,0.03095,-0.430511,-0.902585,0
823,13.7167,0.072733,0.0402,6.5251,0.032533,-0.434445,-0.900698,0
824,13.7333,0.071567,0.0392,6.5575,0.032367,-0.438371,-0.898794,0
825,13.75,0.06885,0.0462,6.5802,0.02265,-0.442289,-0.896873,0
826,13.7667,0.0715,0.0372,6.6145,0.0343,-0.446198,-0.894934,0
827,13.7833,0.070167,0.0364,6.6483,0.033767,-0.450098,-0.892979,0
828,13.8,0.07075,0.0423,6.6768,0.02845,-0.45399,-0.891007,0
829,13.8167,0.074,0.0408,6.71,0.0332,-0.457874,-0.889017,0
830,13.8333,0.073433,0.0393,6.7441,0.034133,-0.461749,-0.887011,0
831,13.85,0.066783,0.0421,6.7688,0.024683,-0.465615,-0.884988,0
832,13.8667,0.070967,0.0414,6.7984,0.029567,-0.469472,-0.882948,0
833,13.8833,0.070167,0.0395,6.8291,0.030667,-0.47332,-0.880891,0
834,13.9,0.070317,0.0396,6.8598,0.030717,-0.477159,-0.878817,0
835,13.9167,0.066383,0.0365,6.8897,0.029883,-0.480989,-0.876727,0
836,13.9333,0.068617,0.0386,6.9197,0.030017,-0.48481,-0.87462,0
837,13.95,0.069967,0.0411,6.9486,0.028867,-0.488621,-0.872496,0
838,13.9667,0.06755,0.0379,6.9783,0.02965,-0.492424,-0.870356,0
839,13.9833,0.069467,0.0433,7.0045,0.026167,-0.496217,-0.868199,0
840,14.0,0.065367,0.0423,7.0276,0.023067,-0.5,-0.866025,0
841,14.0167,0.0678,0.0389,7.0565,0.0289,-0.503774,-0.863836,0
842,14.0333,0.068767,0.0438,7.0815,0.024967,-0.507538,-0.861629,0
843,14.05,0.070967,0.0391,7.1134,0.031867,-0.511293,-0.859406,0
844,14.0667,0.0675,0.0417,7.1392,0.0258,-0.515038,-0.857167,0
845,14.0833,0.066867,0.0377,7.1684,0.029167,-0.518773,-0.854912,0
846,14.1,0.0712,0.0381,7.2015,0.0331,-0.522499,-0.85264,0
847,14.1167,0.070833,0.0397,7.2326,0.031133,-0.526214,-0.850352,0
848,14.1333,0.0691,0.0349,7.2668,0.0342,-0.529919,-0.848048,0
849,14.15,0.066733,0.0419,7.2916,0.024833,-0.533615,-0.845728,0
850,14.1667,0.067183,0.0391,7.3197,0.028083,-0.5373,-0.843391,0
851,14.1833,0.067667,0.0395,7.3479,0.028167,-0.540974,-0.841039,0
852,14.2,0.064667,0.041,7.3716,0.023667,-0.544639,-0.838671,0
853,14.2167,0.06885,0.0399,7.4005,0.02895,-0.548293,-0.836286,0
854,14.2333,0.06605,0.0388,7.4277,0.02725,-0.551937,-0.833886,0
855,14.25,0.063267,0.0392,7.4518,0.024067,-0.55557,-0.83147,0
856,14.2667,0.066117,0.0422,7.4757,0.023917,-0.559193,-0.829038,0
857,14.2833,0.069433,0.0388,7.5063,0.030633,-0.562805,-0.82659,0
858,14.3,0.063967,0.0434,7.5269,0.020567,-0.566406,-0.824126,0
859,14.3167,0.063817,0.0405,7.5502,0.023317,-0.569997,-0.821647,0
860,14.3333,0.0638,0.0377,7.5763,0.0261,-0.573576,-0.819152,0
861,14.35,0.06815,0.0415,7.6029,0.02665,-0.577145,-0.816642,0
862,14.3667,0.063733,0.038,7.6286,0.025733,-0.580703,-0.814116,0
863,14.3833,0.064383,0.0392,7.6538,0.025183,-0.58425,-0.811574,0
864,14.4,0.066133,0.0392,7.6807,0.026933,-0.587785,-0.809017,0
865,14.4167,0.061283,0.0418,7.7002,0.019483,-0.59131,-0.806445,0
866,14.4333,0.06345,0.0371,7.7266,0.02635,-0.594823,-0.803857,0
867,14.45,0.062933,0.0428,7.7467,0.020133,-0.598325,-0.801254,0
868,14.4667,0.063833,0.0414,7.7691,0.022433,-0.601815,-0.798636,0
869,14.4833,0.062983,0.0416,7.7905,0.021383,-0.605294,-0.796002,0
870,14.5,0.0639,0.0406,7.8138,0.0233,-0.608761,-0.793353,0
871,14.5167,0.06195,0.0396,7.8361,0.02235,-0.612217,-0.79069,0
872,14.5333,0.0634,0.0403,7.8592,0.0231,-0.615661,-0.788011,0
873,14.55,0.068083,0.0386,7.8887,0.029483,-0.619094,-0.785317,0
874,14.5667,0.060033,0.039,7.9097,0.021033,-0.622515,-0.782608,0
875,14.5833,0.06065,0.0392,7.9311,0.02145,-0.625923,-0.779884,0
876,14.6,0.0618,0.0387,7.9542,0.0231,-0.62932,-0.777146,0
877,14.6167,0.060833,0.0396,7.9754,0.021233,-0.632705,-0.774393,0
878,14.6333,0.065867,0.0406,8.0007,0.025267,-0.636078,-0.771625,0
879,14.65,0.059517,0.0412,8.019,0.018317,-0.639439,-0.768842,0
880,14.6667,0.059183,0.0401,8.0381,0.019083,-0.642788,-0.766044,0
881,14.6833,0.059433,0.0419,8.0556,0.017533,-0.646124,-0.763232,0
882,14.7,0.064433,0.0389,8.0811,0.025533,-0.649448,-0.760406,0
883,14.7167,0.06145,0.0988,8.0437,-0.03735,-0.65276,-0.757565,0
884,14.7333,0.057867,0.1005,8.0011,-0.042633,-0.656059,-0.75471,0
885,14.75,0.0586,0.0991,7.9606,-0.0405,-0.659346,-0.75184,0
886,14.7667,0.059917,0.1,7.9205,-0.040083,-0.66262,-0.748956,0
887,14.7833,0.059883,0.1026,7.8778,-0.042717,-0.665882,-0.746057,0
888,14.8,0.060167,0.1041,7.8339,-0.043933,-0.669131,-0.743145,0
889,14.8167,0.058367,0.1019,7.7904,-0.043533,-0.672367,-0.740218,0
890,14.8333,0.05735,0.0975,7.7502,-0.04015,-0.67559,-0.737277,0
891,14.85,0.062733,0.1032,7.7097,-0.040467,-0.678801,-0.734323,0
892,14.8667,0.058283,0.0986,7.6694,-0.040317,-0.681998,-0.731354,0
893,14.8833,0.057333,0.097,7.6297,-0.039667,-0.685183,-0.728371,0
894,14.9,0.060983,0.1001,7.5906,-0.039117,-0.688355,-0.725374,0
895,14.9167,0.05415,0.0976,7.5472,-0.04345,-0.691513,-0.722364,0
896,14.9333,0.061417,0.1014,7.5072,-0.039983,-0.694658,-0.71934,0
897,14.95,0.059,0.1045,7.4617,-0.0455,-0.69779,-0.716302,0
898,14.9667,0.054033,0.0981,7.4176,-0.044067,-0.700909,-0.71325,0
899,14.9833,0.0566,0.1004,7.3738,-0.0438,-0.704015,-0.710185,0
900,15.0,0.058733,0.1007,7.3318,-0.041967,-0.707107,-0.707107,0
901,15.0167,0.0574,0.1023,7.2869,-0.0449,-0.710185,-0.704015,0
902,15.0333,0.052517,0.1011,7.2383,-0.048583,-0.71325,-0.700909,0
903,15.05,0.056683,0.0983,7.1967,-0.041617,-0.716302,-0.69779,0
904,15.0667,0.0541,0.1004,7.1504,-0.0463,-0.71934,-0.694658,0
905,15.0833,0.0527,0.0995,7.1036,-0.0468,-0.722364,-0.691513,0
906,15.1,0.055267,0.0986,7.0603,-0.043333,-0.725374,-0.688355,0
907,15.1167,0.05525,0.099,7.0165,-0.04375,-0.728371,-0.685183,0
908,15.1333,0.0541,0.1017,6.9689,-0.0476,-0.731354,-0.681998,0
909,15.15,0.049817,0.0994,6.9193,-0.049583,-0.734323,-0.678801,0
910,15.1667,0.056583,0.1002,6.8757,-0.043617,-0.737277,-0.67559,0
911,15.1833,0.056517,0.1,6.8322,-0.043483,-0.740218,-0.672367,0
912,15.2,0.056533,0.0423,6.8464,0.014233,-0.743145,-0.669131,0
913,15.2167,0.054767,0.0415,6.8597,0.013267,-0.746057,-0.665882,0
914,15.2333,0.054433,0.0397,6.8744,0.014733,-0.748956,-0.66262,0
915,15.25,0.05185,0.0371,6.8891,0.01475,-0.75184,-0.659346,0
916,15.2667,0.0525,0.0381,6.9035,0.0144,-0.75471,-0.656059,0
917,15.2833,0.052133,0.0387,6.9169,0.013433,-0.757565,-0.65276,0
918,15.3,0.05055,0.0384,6.9291,0.01215,-0.760406,-0.649448,0
919,15.3167,0.048433,0.0365,6.941,0.011933,-0.763232,-0.646124,0
920,15.3333,0.043883,0.0412,6.9437,0.002683,-0.766044,-0.642788,0
921,15.35,0.0506,0.0395,6.9548,0.0111,-0.768842,-0.639439,0
922,15.3667,0.0476,0.0401,6.9623,0.0075,-0.771625,-0.636078,0
923,15.3833,0.049483,0.0361,6.9757,0.013383,-0.774393,-0.632705,0
924,15.4,0.050083,0.0365,6.9893,0.013583,-0.777146,-0.62932,0
925,15.4167,0.05215,0.0411,7.0004,0.01105,-0.779884,-0.625923,0
926,15.4333,0.048967,0.0382,7.0112,0.010767,-0.782608,-0.622515,0
927,15.45,0.047817,0.0393,7.0197,0.008517,-0.785317,-0.619094,0
928,15.4667,0.0469,0.0392,7.0274,0.0077,-0.788011,-0.615661,0
929,15.4833,0.0514,0.0418,7.037,0.0096,-0.79069,-0.612217,0
930,15.5,0.053367,0.0379,7.0525,0.015467,-0.793353,-0.608761,0
931,15.5167,0.049233,0.0434,7.0583,0.005833,-0.796002,-0.605294,0
932,15.5333,0.050817,0.0433,7.0658,0.007517,-0.798636,-0.601815,0
933,15.55,0.047367,0.0393,7.0739,0.008067,-0.801254,-0.598325,0
934,15.5667,0.042783,0.0393,7.0774,0.003483,-0.803857,-0.594823,0
935,15.5833,0.045933,0.04,7.0833,0.005933,-0.806445,-0.59131,0
936,15.6,0.048433,0.0406,7.0911,0.007833,-0.809017,-0.587785,0
937,15.6167,0.050433,0.0391,7.1024,0.011333,-0.811574,-0.58425,0
938,15.6333,0.047117,0.0393,7.1102,0.007817,-0.814116,-0.580703,0
939,15.65,0.04255,0.0375,7.1153,0.00505,-0.816642,-0.577145,0
940,15.6667,0.04835,0.0388,7.1249,0.00955,-0.819152,-0.573576,0
941,15.6833,0.0427,0.039,7.1286,0.0037,-0.821647,-0.569997,0
942,15.7,0.0499,0.0413,7.1372,0.0086,-0.824126,-0.566406,0
943,15.7167,0.044383,0.0392,7.1424,0.005183,-0.82659,-0.562805,0
944,15.7333,0.045517,0.0445,7.1434,0.001017,-0.829038,-0.559193,0
945,15.75,0.04195,0.0425,7.1428,-0.00055,-0.83147,-0.55557,0
946,15.7667,0.0466,0.0401,7.1493,0.0065,-0.833886,-0.551937,0
947,15.7833,0.042883,0.0375,7.1547,0.005383,-0.836286,-0.548293,0
948,15.8,0.039617,0.0401,7.1542,-0.000483,-0.838671,-0.544639,0
949,15.8167,0.042667,0.0397,7.1572,0.002967,-0.841039,-0.540974,0
950,15.8333,0.0421,0.0405,7.1588,0.0016,-0.843391,-0.5373,0
951,15.85,0.040233,0.0403,7.1587,-6.7e-05,-0.845728,-0.533615,0
952,15.8667,0.037117,0.0367,7.1591,0.000417,-0.848048,-0.529919,0
953,15.8833,0.040717,0.0412,7.1586,-0.000483,-0.850352,-0.526214,0
954,15.9,0.044917,0.0388,7.1647,0.006117,-0.85264,-0.522499,0
955,15.9167,0.039717,0.0412,7.1632,-0.001483,-0.854912,-0.518773,0
956,15.9333,0.03755,0.0404,7.1604,-0.00285,-0.857167,-0.515038,0
957,15.95,0.042017,0.0375,7.1649,0.004517,-0.859406,-0.511293,0
958,15.9667,0.047183,0.0386,7.1735,0.008583,-0.861629,-0.507538,0
959,15.9833,0.036433,0.0387,7.1712,-0.002267,-0.863836,-0.503774,0
960,16.0,0.038867,0.0399,7.1702,-0.001033,-0.866025,-0.5,0
961,16.0167,0.045567,0.0395,7.1763,0.006067,-0.868199,-0.496217,0
962,16.0333,0.039017,0.0414,7.1739,-0.002383,-0.870356,-0.492424,0
963,16.05,0.038217,0.0433,7.1688,-0.005083,-0.872496,-0.488621,0
964,16.0667,0.039267,0.0395,7.1686,-0.000233,-0.87462,-0.48481,0
965,16.0833,0.043383,0.0375,7.1745,0.005883,-0.876727,-0.480989,0
966,16.1,0.039267,0.0386,7.1752,0.000667,-0.878817,-0.477159,0
967,16.1167,0.031033,0.0416,7.1646,-0.010567,-0.880891,-0.47332,0
968,16.1333,0.035267,0.0377,7.1622,-0.002433,-0.882948,-0.469472,0
969,16.15,0.035683,0.0398,7.1581,-0.004117,-0.884988,-0.465615,0
970,16.1667,0.036683,0.0371,7.1577,-0.000417,-0.887011,-0.461749,0
971,16.1833,0.035267,0.0373,7.1557,-0.002033,-0.889017,-0.457874,0
972,16.2,0.033183,0.0407,7.1482,-0.007517,-0.891007,-0.45399,0
973,16.2167,0.032383,0.041,7.1396,-0.008617,-0.892979,-0.450098,0
974,16.2333,0.037733,0.0392,7.1381,-0.001467,-0.894934,-0.446198,0
975,16.25,0.0339,0.0431,7.1289,-0.0092,-0.896873,-0.442289,0
976,16.2667,0.035983,0.0436,7.1213,-0.007617,-0.898794,-0.438371,0
977,16.2833,0.037133,0.041,7.1174,-0.003867,-0.900698,-0.434445,0
978,16.3,0.0304,0.0398,7.108,-0.0094,-0.902585,-0.430511,0
979,16.3167,0.0347,0.0397,7.103,-0.005,-0.904455,-0.426569,0
980,16.3333,0.031383,0.0424,7.092,-0.011017,-0.906308,-0.422618,0
981,16.35,0.028417,0.0384,7.082,-0.009983,-0.908143,-0.41866,0
982,16.3667,0.030717,0.0441,7.0686,-0.013383,-0.909961,-0.414693,0
983,16.3833,0.035617,0.0408,7.0634,-0.005183,-0.911762,-0.410719,0
984,16.4,0.031117,0.0377,7.0568,-0.006583,-0.913545,-0.406737,0
985,16.4167,0.03665,0.0355,7.0579,0.00115,-0.915311,-0.402747,0
986,16.4333,0.032333,0.0393,7.0509,-0.006967,-0.91706,-0.398749,0
987,16.45,0.0332,0.0438,7.0403,-0.0106,-0.918791,-0.394744,0
988,16.4667,0.0303,0.0356,7.035,-0.0053,-0.920505,-0.390731,0
989,16.4833,0.0315,0.0393,7.0272,-0.0078,-0.922201,-0.386711,0
990,16.5,0.032183,0.0387,7.0207,-0.006517,-0.92388,-0.382683,0
991,16.5167,0.029367,0.0434,7.0067,-0.014033,-0.925541,-0.378649,0
992,16.5333,0.029983,0.0391,6.9976,-0.009117,-0.927184,-0.374607,0
993,16.55,0.03495,0.0383,6.9943,-0.00335,-0.92881,-0.370557,0
994,16.5667,0.0318,0.0408,6.9853,-0.009,-0.930418,-0.366501,0
995,16.5833,0.028083,0.0404,6.973,-0.012317,-0.932008,-0.362438,0
996,16.6,0.032033,0.0412,6.9638,-0.009167,-0.93358,-0.358368,0
997,16.6167,0.029017,0.0408,6.952,-0.011783,-0.935135,-0.354291,0
998,16.6333,0.030367,0.0344,6.948,-0.004033,-0.936672,-0.350207,0
999,16.65,0.025783,0.0399,6.9339,-0.014117,-0.938191,-0.346117,0
1000,16.6667,0.03075,0.0374,6.9273,-0.00665,-0.939693,-0.34202,0
1001,16.6833,0.02855,0.0382,6.9177,-0.00965,-0.941176,-0.337917,0
1002,16.7,0.0213,0.0366,6.9024,-0.0153,-0.942641,-0.333807,0
1003,16.7167,0.025083,0.0371,6.8904,-0.012017,-0.944089,-0.329691,0
1004,16.7333,0.032133,0.0394,6.8831,-0.007267,-0.945519,-0.325568,0
1005,16.75,0.03,0.0428,6.8703,-0.0128,-0.94693,-0.321439,0
1006,16.7667,0.022683,0.0383,6.8547,-0.015617,-0.948324,-0.317305,0
1007,16.7833,0.027083,0.0387,6.8431,-0.011617,-0.949699,-0.313164,0
1008,16.8,0.024117,0.0384,6.8288,-0.014283,-0.951057,-0.309017,0
1009,16.8167,0.021417,0.038,6.8122,-0.016583,-0.952396,-0.304864,0
1010,16.8333,0.02265,0.0348,6.8,-0.01215,-0.953717,-0.300706,0
1011,16.85,0.022717,0.04,6.7827,-0.017283,-0.95502,-0.296542,0
1012,16.8667,0.023333,0.0401,6.7659,-0.016767,-0.956305,-0.292372,0
1013,16.8833,0.021283,0.0434,6.7438,-0.022117,-0.957571,-0.288196,0
1014,16.9,0.021583,0.0385,6.7269,-0.016917,-0.95882,-0.284015,0
1015,16.9167,0.020517,0.0379,6.7095,-0.017383,-0.96005,-0.279829,0
1016,16.9333,0.018333,0.0417,6.6861,-0.023367,-0.961262,-0.275637,0
1017,16.95,0.017683,0.0399,6.6639,-0.022217,-0.962455,-0.27144,0
1018,16.9667,0.020083,0.0377,6.6463,-0.017617,-0.96363,-0.267238,0
1019,16.9833,0.021617,0.0397,6.6282,-0.018083,-0.964787,-0.263031,0
1020,17.0,0.025467,0.0381,6.6156,-0.012633,-0.965926,-0.258819,0
1021,17.0167,0.014433,0.0403,6.5897,-0.025867,-0.967046,-0.254602,0
1022,17.0333,0.020183,0.041,6.5689,-0.020817,-0.968148,-0.25038,0
1023,17.05,0.020383,0.0422,6.5471,-0.021817,-0.969231,-0.246153,0
1024,17.0667,0.0183,0.0395,6.5259,-0.0212,-0.970296,-0.241922,0
1025,17.0833,0.0165,0.0376,6.5048,-0.0211,-0.971342,-0.237686,0
1026,17.1,0.01835,0.0385,6.4847,-0.02015,-0.97237,-0.233445,0
1027,17.1167,0.01915,0.0398,6.4641,-0.02065,-0.973379,-0.2292,0
1028,17.1333,0.020933,0.0424,6.4426,-0.021467,-0.97437,-0.224951,0
1029,17.15,0.018733,0.0379,6.4234,-0.019167,-0.975342,-0.220697,0
1030,17.1667,0.01945,0.0382,6.4047,-0.01875,-0.976296,-0.21644,0
1031,17.1833,0.018233,0.0435,6.3794,-0.025267,-0.977231,-0.212178,0
1032,17.2,0.020033,0.0343,6.3651,-0.014267,-0.978148,-0.207912,0
1033,17.2167,0.014933,0.0391,6.3409,-0.024167,-0.979045,-0.203642,0
1034,17.2333,0.017517,0.0382,6.3202,-0.020683,-0.979925,-0.199368,0
1035,17.25,0.01715,0.0345,6.3028,-0.01735,-0.980785,-0.19509,0
1036,17.2667,0.015867,0.0396,6.2791,-0.023733,-0.981627,-0.190809,0
1037,17.2833,0.0148,0.0371,6.2568,-0.0223,-0.98245,-0.186524,0
1038,17.3,0.008517,0.0374,6.2279,-0.028883,-0.983255,-0.182236,0
1039,17.3167,0.013083,0.0406,6.2004,-0.027517,-0.984041,-0.177944,0
1040,17.3333,0.013417,0.0406,6.1732,-0.027183,-0.984808,-0.173648,0
1041,17.35,0.013383,0.0432,6.1434,-0.029817,-0.985556,-0.16935,0
1042,17.3667,0.015133,0.0404,6.1181,-0.025267,-0.986286,-0.165048,0
1043,17.3833,0.010783,0.0429,6.086,-0.032117,-0.986996,-0.160743,0
1044,17.4,0.01425,0.0409,6.0594,-0.02665,-0.987688,-0.156434,0
1045,17.4167,0.016083,0.0413,6.0342,-0.025217,-0.988362,-0.152123,0
1046,17.4333,0.014133,0.0362,6.0121,-0.022067,-0.989016,-0.147809,0
1047,17.45,0.0112,0.0413,5.982,-0.0301,-0.989651,-0.143493,0
1048,17.4667,0.011517,0.0426,5.9509,-0.031083,-0.990268,-0.139173,0
1049,17.4833,0.014617,0.0393,5.9262,-0.024683,-0.990866,-0.134851,0
1050,17.5,0.010317,0.037,5.8995,-0.026683,-0.991445,-0.130526,0
1051,17.5167,0.010433,0.0352,5.8747,-0.024767,-0.992005,-0.126199,0
1052,17.5333,0.0085,0.0407,5.8425,-0.0322,-0.992546,-0.121869,0
1053,17.55,0.00775,0.0384,5.8118,-0.03065,-0.993068,-0.117537,0
1054,17.5667,0.0057,0.0398,5.7777,-0.0341,-0.993572,-0.113203,0
1055,17.5833,0.009533,0.0376,5.7496,-0.028067,-0.994056,-0.108867,0
1056,17.6,0.0109,0.0403,5.7202,-0.0294,-0.994522,-0.104528,0
1057,17.6167,0.00905,0.038,5.6913,-0.02895,-0.994969,-0.100188,0
1058,17.6333,0.008367,0.0428,5.6569,-0.034433,-0.995396,-0.095846,0
1059,17.65,0.009183,0.0378,5.6283,-0.028617,-0.995805,-0.091502,0
1060,17.6667,0.009033,0.0393,5.598,-0.030267,-0.996195,-0.087156,0
1061,17.6833,0.011717,0.0401,5.5696,-0.028383,-0.996566,-0.082808,0
1062,17.7,0.0029,0.0394,5.5331,-0.0365,-0.996917,-0.078459,0
1063,17.7167,0.0073,0.0379,5.5025,-0.0306,-0.99725,-0.074108,0
1064,17.7333,0.0004,0.0362,5.4667,-0.0358,-0.997564,-0.069756,0
1065,17.75,0.008467,0.0387,5.4365,-0.030233,-0.997859,-0.065403,0
1066,17.7667,0.005683,0.043,5.3992,-0.037317,-0.998135,-0.061049,0
1067,17.7833,0.0087,0.0406,5.3673,-0.0319,-0.998392,-0.056693,0
1068,17.8,0.003633,0.0392,5.3317,-0.035567,-0.99863,-0.052336,0
1069,17.8167,0.002433,0.0367,5.2974,-0.034267,-0.998848,-0.047978,0
1070,17.8333,0.002867,0.0376,5.2627,-0.034733,-0.999048,-0.043619,0
1071,17.85,0.0042,0.0384,5.2285,-0.0342,-0.999229,-0.03926,0
1072,17.8667,0.0,0.0356,5.1929,-0.0356,-0.999391,-0.034899,0
1073,17.8833,0.000517,0.0404,5.153,-0.039883,-0.999534,-0.030539,0
1074,17.9,0.000567,0.0362,5.1174,-0.035633,-0.999657,-0.026177,0
1075,17.9167,0.0005,0.0406,5.0773,-0.0401,-0.999762,-0.021815,0
1076,17.9333,0.002283,0.0381,5.0415,-0.035817,-0.999848,-0.017452,0
1077,17.95,0.002517,0.0386,5.0054,-0.036083,-0.999914,-0.01309,0
1078,17.9667,0.0006,0.0379,4.9681,-0.0373,-0.999962,-0.008727,0
1079,17.9833,0.002033,0.0368,4.9333,-0.034767,-0.99999,-0.004363,0
1080,18.0,0.002317,0.0907,4.8449,-0.088383,-1.0,-0.0,0
1081,18.0167,0.0,0.0917,4.7532,-0.0917,-0.99999,0.004363,0
1082,18.0333,0.0,0.0876,4.6656,-0.0876,-0.999962,0.008727,0
1083,18.05,0.0,0.0892,4.5764,-0.0892,-0.999914,0.01309,0
1084,18.0667,0.0,0.0891,4.4873,-0.0891,-0.999848,0.017452,0
1085,18.0833,0.0,0.0902,4.3971,-0.0902,-0.999762,0.021815,0
1086,18.1,0.0,0.0852,4.3119,-0.0852,-0.999657,0.026177,0
1087,18.1167,0.0,0.0902,4.2217,-0.0902,-0.999534,0.030539,0
1088,18.1333,0.0,0.0944,4.1273,-0.0944,-0.999391,0.034899,0
1089,18.15,0.0,0.0909,4.0364,-0.0909,-0.999229,0.03926,0
1090,18.1667,0.0,0.0929,3.9435,-0.0929,-0.999048,0.043619,0
1091,18.1833,0.0,0.092,3.8515,-0.092,-0.998848,0.047978,0
1092,18.2,0.0,0.0935,3.758,-0.0935,-0.99863,0.052336,0
1093,18.2167,0.0,0.0863,3.6717,-0.0863,-0.998392,0.056693,0
1094,18.2333,0.0,0.0885,3.5832,-0.0885,-0.998135,0.061049,0
1095,18.25,0.0,0.0903,3.4929,-0.0903,-0.997859,0.065403,0
1096,18.2667,0.0,0.0933,3.3996,-0.0933,-0.997564,0.069756,0
1097,18.2833,0.0,0.0879,3.3117,-0.0879,-0.99725,0.074108,0
1098,18.3,0.0,0.0892,3.2225,-0.0892,-0.996917,0.078459,0
1099,18.3167,0.0,0.0882,3.1343,-0.0882,-0.996566,0.082808,0
1100,18.3333,0.0,0.092,3.0423,-0.092,-0.996195,0.087156,0
1101,18.35,0.0,0.0865,2.9558,-0.0865,-0.995805,0.091502,0
1102,18.3667,0.0,0.089,2.8668,-0.089,-0.995396,0.095846,0
1103,18.3833,0.0,0.0907,2.7761,-0.0907,-0.994969,0.100188,0
1104,18.4,0.0,0.0873,2.6888,-0.0873,-0.994522,0.104528,0
1105,18.4167,0.0,0.0919,2.5969,-0.0919,-0.994056,0.108867,0
1106,18.4333,0.0,0.0879,2.509,-0.0879,-0.993572,0.113203,0
1107,18.45,0.0,0.0842,2.4248,-0.0842,-0.993068,0.117537,0
1108,18.4667,0.0,0.089,2.3358,-0.089,-0.992546,0.121869,0
1109,18.4833,0.0,0.092,2.2438,-0.092,-0.992005,0.126199,0
1110,18.5,0.0,0.0866,2.1572,-0.0866,-0.991445,0.130526,0
1111,18.5167,0.0,0.0906,2.0666,-0.0906,-0.990866,0.134851,0
1112,18.5333,0.0,0.086,1.9806,-0.086,-0.990268,0.139173,0
1113,18.55,0.0,0.0862,1.8944,-0.0862,-0.989651,0.143493,0
1114,18.5667,0.0,0.0907,1.8037,-0.0907,-0.989016,0.147809,0
1115,18.5833,0.0,0.0919,1.7118,-0.0919,-0.988362,0.152123,0
1116,18.6,0.0,0.0904,1.6214,-0.0904,-0.987688,0.156434,0
1117,18.6167,0.0,0.0892,1.5322,-0.0892,-0.986996,0.160743,0
1118,18.6333,0.0,0.0925,1.4397,-0.0925,-0.986286,0.165048,0
1119,18.65,0.0,0.0914,1.3483,-0.0914,-0.985556,0.16935,0
1120,18.6667,0.0,0.0912,1.2571,-0.0912,-0.984808,0.173648,0
1121,18.6833,0.0,0.0877,1.1694,-0.0877,-0.984041,0.177944,0
1122,18.7,0.0,0.0895,1.0799,-0.0895,-0.983255,0.182236,0
1123,18.7167,0.0,0.0918,0.9881,-0.0918,-0.98245,0.186524,0
1124,18.7333,0.0,0.0866,0.9015,-0.0866,-0.981627,0.190809,0
1125,18.75,0.0,0.0859,0.8156,-0.0859,-0.980785,0.19509,0
1126,18.7667,0.0,0.0869,0.7287,-0.0869,-0.979925,0.199368,0
1127,18.7833,0.0,0.0898,0.6389,-0.0898,-0.979045,0.203642,0
1128,18.8,0.0,0.0884,0.5505,-0.0884,-0.978148,0.207912,0
1129,18.8167,0.0,0.0904,0.4601,-0.0904,-0.977231,0.212178,0
1130,18.8333,0.0,0.0918,0.3683,-0.0918,-0.976296,0.21644,0
1131,18.85,0.0,0.0921,0.2762,-0.0921,-0.975342,0.220697,0
1132,18.8667,0.0,0.0904,0.1858,-0.0904,-0.97437,0.224951,0
1133,18.8833,0.0,0.0895,0.0963,-0.0895,-0.973379,0.2292,0
1134,18.9,0.0,0.0901,0.0062,-0.0901,-0.97237,0.233445,0
1135,18.9167,0.0,0.0888,0.0,-0.0888,-0.971342,0.237686,1
1136,18.9333,0.0,0.0878,0.0,-0.0878,-0.970296,0.241922,1
1137,18.95,0.0,0.0889,0.0,-0.0889,-0.969231,0.246153,1
1138,18.9667,0.0,0.0865,0.0,-0.0865,-0.968148,0.25038,1
1139,18.9833,0.0,0.09,0.0,-0.09,-0.967046,0.254602,1
1140,19.0,0.0,0.092,0.0,-0.092,-0.965926,0.258819,1
1141,19.0167,0.0,0.09,0.0,-0.09,-0.964787,0.263031,1
1142,19.0333,0.0,0.0944,0.0,-0.0944,-0.96363,0.267238,1
1143,19.05,0.0,0.0948,0.0,-0.0948,-0.962455,0.27144,1
1144,19.0667,0.0,0.0892,0.0,-0.0892,-0.961262,0.275637,1
1145,19.0833,0.0,0.093,0.0,-0.093,-0.96005,0.279829,1
1146,19.1,0.0,0.0902,0.0,-0.0902,-0.95882,0.284015,1
1147,19.1167,0.0,0.0915,0.0,-0.0915,-0.957571,0.288196,1
1148,19.1333,0.0,0.0904,0.0,-0.0904,-0.956305,0.292372,1
1149,19.15,0.0,0.0886,0.0,-0.0886,-0.95502,0.296542,1
1150,19.1667,0.0,0.092,0.0,-0.092,-0.953717,0.300706,1
1151,19.1833,0.0,0.0845,0.0,-0.0845,-0.952396,0.304864,1
1152,19.2,0.0,0.0938,0.0,-0.0938,-0.951057,0.309017,1
1153,19.2167,0.0,0.0876,0.0,-0.0876,-0.949699,0.313164,1
1154,19.2333,0.0,0.0901,0.0,-0.0901,-0.948324,0.317305,1
1155,19.25,0.0,0.0923,0.0,-0.0923,-0.94693,0.321439,1
1156,19.2667,0.0,0.0905,0.0,-0.0905,-0.945519,0.325568,1
1157,19.2833,0.0,0.0932,0.0,-0.0932,-0.944089,0.329691,1
1158,19.3,0.0,0.0891,0.0,-0.0891,-0.942641,0.333807,1
1159,19.3167,0.0,0.0893,0.0,-0.0893,-0.941176,0.337917,1
1160,19.3333,0.0,0.0907,0.0,-0.0907,-0.939693,0.34202,1
1161,19.35,0.0,0.0916,0.0,-0.0916,-0.938191,0.346117,1
1162,19.3667,0.0,0.0908,0.0,-0.0908,-0.936672,0.350207,1
1163,19.3833,0.0,0.0877,0.0,-0.0877,-0.935135,0.354291,1
1164,19.4,0.0,0.0905,0.0,-0.0905,-0.93358,0.358368,1
1165,19.4167,0.0,0.0917,0.0,-0.0917,-0.932008,0.362438,1
1166,19.4333,0.0,0.09,0.0,-0.09,-0.930418,0.366501,1
1167,19.45,0.0,0.0914,0.0,-0.0914,-0.92881,0.370557,1
1168,19.4667,0.0,0.0886,0.0,-0.0886,-0.927184,0.374607,1
1169,19.4833,0.0,0.0942,0.0,-0.0942,-0.925541,0.378649,1
1170,19.5,0.0,0.0875,0.0,-0.0875,-0.92388,0.382683,1
1171,19.5167,0.0,0.0904,0.0,-0.0904,-0.922201,0.386711,1
1172,19.5333,0.0,0.0922,0.0,-0.0922,-0.920505,0.390731,1
1173,19.55,0.0,0.0904,0.0,-0.0904,-0.918791,0.394744,1
1174,19.5667,0.0,0.0917,0.0,-0.0917,-0.91706,0.398749,1
1175,19.5833,0.0,0.0924,0.0,-0.0924,-0.915311,0.402747,1
1176,19.6,0.0,0.0923,0.0,-0.0923,-0.913545,0.406737,1
1177,19.6167,0.0,0.0904,0.0,-0.0904,-0.911762,0.410719,1
1178,19.6333,0.0,0.0915,0.0,-0.0915,-0.909961,0.414693,1
1179,19.65,0.0,0.0889,0.0,-0.0889,-0.908143,0.41866,1
1180,19.6667,0.0,0.0912,0.0,-0.0912,-0.906308,0.422618,1
1181,19.6833,0.0,0.0872,0.0,-0.0872,-0.904455,0.426569,1
1182,19.7,0.0,0.092,0.0,-0.092,-0.902585,0.430511,1
1183,19.7167,0.0,0.0928,0.0,-0.0928,-0.900698,0.434445,1
1184,19.7333,0.0,0.0891,0.0,-0.0891,-0.898794,0.438371,1
1185,19.75,0.0,0.0908,0.0,-0.0908,-0.896873,0.442289,1
1186,19.7667,0.0,0.0894,0.0,-0.0894,-0.894934,0.446198,1
1187,19.7833,0.0,0.0876,0.0,-0.0876,-0.892979,0.450098,1
1188,19.8,0.0,0.0845,0.0,-0.0845,-0.891007,0.45399,1
1189,19.8167,0.0,0.0912,0.0,-0.0912,-0.889017,0.457874,1
1190,19.8333,0.0,0.0888,0.0,-0.0888,-0.887011,0.461749,1
1191,19.85,0.0,0.0905,0.0,-0.0905,-0.884988,0.465615,1
1192,19.8667,0.0,0.0876,0.0,-0.0876,-0.882948,0.469472,1
1193,19.8833,0.0,0.0911,0.0,-0.0911,-0.880891,0.47332,1
1194,19.9,0.0,0.0933,0.0,-0.0933,-0.878817,0.477159,1
1195,19.9167,0.0,0.0869,0.0,-0.0869,-0.876727,0.480989,1
1196,19.9333,0.0,0.09,0.0,-0.09,-0.87462,0.48481,1
1197,19.95,0.0,0.0941,0.0,-0.0941,-0.872496,0.488621,1
1198,19.9667,0.0,0.0908,0.0,-0.0908,-0.870356,0.492424,1
1199,19.9833,0.0,0.0953,0.0,-0.0953,-0.868199,0.496217,1
1200,20.0,0.0,0.0923,0.0,-0.0923,-0.866025,0.5,1
1201,20.0167,0.0,0.0907,0.0,-0.0907,-0.863836,0.503774,1
1202,20.0333,0.0,0.0906,0.0,-0.0906,-0.861629,0.507538,1
1203,20.05,0.0,0.0905,0.0,-0.0905,-0.859406,0.511293,1
1204,20.0667,0.0,0.0862,0.0,-0.0862,-0.857167,0.515038,1
1205,20.0833,0.0,0.0896,0.0,-0.0896,-0.854912,0.518773,1
1206,20.1,0.0,0.0899,0.0,-0.0899,-0.85264,0.522499,1
1207,20.1167,0.0,0.0922,0.0,-0.0922,-0.850352,0.526214,1
1208,20.1333,0.0,0.0932,0.0,-0.0932,-0.848048,0.529919,1
1209,20.15,0.0,0.0883,0.0,-0.0883,-0.845728,0.533615,1
1210,20.1667,0.0,0.0899,0.0,-0.0899,-0.843391,0.5373,1
1211,20.1833,0.0,0.0891,0.0,-0.0891,-0.841039,0.540974,1
1212,20.2,0.0,0.0934,0.0,-0.0934,-0.838671,0.544639,1
1213,20.2167,0.0,0.093,0.0,-0.093,-0.836286,0.548293,1
1214,20.2333,0.0,0.0887,0.0,-0.0887,-0.833886,0.551937,1
1215,20.25,0.0,0.091,0.0,-0.091,-0.83147,0.55557,1
1216,20.2667,0.0,0.0911,0.0,-0.0911,-0.829038,0.559193,1
1217,20.2833,0.0,0.0883,0.0,-0.0883,-0.82659,0.562805,1
1218,20.3,0.0,0.089,0.0,-0.089,-0.824126,0.566406,1
1219,20.3167,0.0,0.0908,0.0,-0.0908,-0.821647,0.569997,1
1220,20.3333,0.0,0.0942,0.0,-0.0942,-0.819152,0.573576,1
1221,20.35,0.0,0.0904,0.0,-0.0904,-0.816642,0.577145,1
1222,20.3667,0.0,0.0866,0.0,-0.0866,-0.814116,0.580703,1
1223,20.3833,0.0,0.0904,0.0,-0.0904,-0.811574,0.58425,1
1224,20.4,0.0,0.0897,0.0,-0.0897,-0.809017,0.587785,1
1225,20.4167,0.0,0.0893,0.0,-0.0893,-0.806445,0.59131,1
1226,20.4333,0.0,0.0923,0.0,-0.0923,-0.803857,0.594823,1
1227,20.45,0.0,0.0912,0.0,-0.0912,-0.801254,0.598325,1
1228,20.4667,0.0,0.0919,0.0,-0.0919,-0.798636,0.601815,1
1229,20.4833,0.0,0.0895,0.0,-0.0895,-0.796002,0.605294,1
1230,20.5,0.0,0.0889,0.0,-0.0889,-0.793353,0.608761,1
1231,20.5167,0.0,0.0929,0.0,-0.0929,-0.79069,0.612217,1
1232,20.5333,0.0,0.0882,0.0,-0.0882,-0.788011,0.615661,1
1233,20.55,0.0,0.0884,0.0,-0.0884,-0.785317,0.619094,1
1234,20.5667,0.0,0.0892,0.0,-0.0892,-0.782608,0.622515,1
1235,20.5833,0.0,0.0893,0.0,-0.0893,-0.779884,0.625923,1
1236,20.6,0.0,0.0859,0.0,-0.0859,-0.777146,0.62932,1
1237,20.6167,0.0,0.0859,0.0,-0.0859,-0.774393,0.632705,1
1238,20.6333,0.0,0.0881,0.0,-0.0881,-0.771625,0.636078,1
1239,20.65,0.0,0.0882,0.0,-0.0882,-0.768842,0.639439,1
1240,20.6667,0.0,0.0899,0.0,-0.0899,-0.766044,0.642788,1
1241,20.6833,0.0,0.089,0.0,-0.089,-0.763232,0.646124,1
1242,20.7,0.0,0.0896,0.0,-0.0896,-0.760406,0.649448,1
1243,20.7167,0.0,0.0887,0.0,-0.0887,-0.757565,0.65276,1
1244,20.7333,0.0,0.0919,0.0,-0.0919,-0.75471,0.656059,1
1245,20.75,0.0,0.0939,0.0,-0.0939,-0.75184,0.659346,1
1246,20.7667,0.0,0.09,0.0,-0.09,-0.748956,0.66262,1
1247,20.7833,0.0,0.0886,0.0,-0.0886,-0.746057,0.665882,1
1248,20.8,0.0,0.0946,0.0,-0.0946,-0.743145,0.669131,1
1249,20.8167,0.0,0.0929,0.0,-0.0929,-0.740218,0.672367,1
1250,20.8333,0.0,0.0899,0.0,-0.0899,-0.737277,0.67559,1
1251,20.85,0.0,0.0912,0.0,-0.0912,-0.734323,0.678801,1
1252,20.8667,0.0,0.0881,0.0,-0.0881,-0.731354,0.681998,1
1253,20.8833,0.0,0.0928,0.0,-0.0928,-0.728371,0.685183,1
1254,20.9,0.0,0.0893,0.0,-0.0893,-0.725374,0.688355,1
1255,20.9167,0.0,0.089,0.0,-0.089,-0.722364,0.691513,1
1256,20.9333,0.0,0.0896,0.0,-0.0896,-0.71934,0.694658,1
1257,20.95,0.0,0.0893,0.0,-0.0893,-0.716302,0.69779,1
1258,20.9667,0.0,0.0916,0.0,-0.0916,-0.71325,0.700909,1
1259,20.9833,0.0,0.086,0.0,-0.086,-0.710185,0.704015,1
1260,21.0,0.0,0.0914,0.0,-0.0914,-0.707107,0.707107,1
1261,21.0167,0.0,0.0867,0.0,-0.0867,-0.704015,0.710185,1
1262,21.0333,0.0,0.089,0.0,-0.089,-0.700909,0.71325,1
1263,21.05,0.0,0.0913,0.0,-0.0913,-0.69779,0.716302,1
1264,21.0667,0.0,0.0941,0.0,-0.0941,-0.694658,0.71934,1
1265,21.0833,0.0,0.0884,0.0,-0.0884,-0.691513,0.722364,1
1266,21.1,0.0,0.0883,0.0,-0.0883,-0.688355,0.725374,1
1267,21.1167,0.0,0.0873,0.0,-0.0873,-0.685183,0.728371,1
1268,21.1333,0.0,0.0887,0.0,-0.0887,-0.681998,0.731354,1
1269,21.15,0.0,0.091,0.0,-0.091,-0.678801,0.734323,1
1270,21.1667,0.0,0.0907,0.0,-0.0907,-0.67559,0.737277,1
1271,21.1833,0.0,0.09,0.0,-0.09,-0.672367,0.740218,1
1272,21.2,0.0,0.09,0.0,-0.09,-0.669131,0.743145,1
1273,21.2167,0.0,0.0901,0.0,-0.0901,-0.665882,0.746057,1
1274,21.2333,0.0,0.0899,0.0,-0.0899,-0.66262,0.748956,1
1275,21.25,0.0,0.0906,0.0,-0.0906,-0.659346,0.75184,1
1276,21.2667,0.0,0.0869,0.0,-0.0869,-0.656059,0.75471,1
1277,21.2833,0.0,0.0902,0.0,-0.0902,-0.65276,0.757565,1
1278,21.3,0.0,0.0924,0.0,-0.0924,-0.649448,0.760406,1
1279,21.3167,0.0,0.0925,0.0,-0.0925,-0.646124,0.763232,1
1280,21.3333,0.0,0.0895,0.0,-0.0895,-0.642788,0.766044,1
1281,21.35,0.0,0.0922,0.0,-0.0922,-0.639439,0.768842,1
1282,21.3667,0.0,0.089,0.0,-0.089,-0.636078,0.771625,1
1283,21.3833,0.0,0.0936,0.0,-0.0936,-0.632705,0.774393,1
1284,21.4,0.0,0.0897,0.0,-0.0897,-0.62932,0.777146,1
1285,21.4167,0.0,0.0877,0.0,-0.0877,-0.625923,0.779884,1
1286,21.4333,0.0,0.0889,0.0,-0.0889,-0.622515,0.782608,1
1287,21.45,0.0,0.0887,0.0,-0.0887,-0.619094,0.785317,1
1288,21.4667,0.0,0.092,0.0,-0.092,-0.615661,0.788011,1
1289,21.4833,0.0,0.0896,0.0,-0.0896,-0.612217,0.79069,1
1290,21.5,0.0,0.0872,0.0,-0.0872,-0.608761,0.793353,1
1291,21.5167,0.0,0.0917,0.0,-0.0917,-0.605294,0.796002,1
1292,21.5333,0.0,0.0913,0.0,-0.0913,-0.601815,0.798636,1
1293,21.55,0.0,0.0895,0.0,-0.0895,-0.598325,0.801254,1
1294,21.5667,0.0,0.0901,0.0,-0.0901,-0.594823,0.803857,1
1295,21.5833,0.0,0.0916,0.0,-0.0916,-0.59131,0.806445,1
1296,21.6,0.0,0.0914,0.0,-0.0914,-0.587785,0.809017,1
1297,21.6167,0.0,0.0896,0.0,-0.0896,-0.58425,0.811574,1
1298,21.6333,0.0,0.0915,0.0,-0.0915,-0.580703,0.814116,1
1299,21.65,0.0,0.0941,0.0,-0.0941,-0.577145,0.816642,1
1300,21.6667,0.0,0.0905,0.0,-0.0905,-0.573576,0.819152,1
1301,21.6833,0.0,0.0922,0.0,-0.0922,-0.569997,0.821647,1
1302,21.7,0.0,0.0902,0.0,-0.0902,-0.566406,0.824126,1
1303,21.7167,0.0,0.0928,0.0,-0.0928,-0.562805,0.82659,1
1304,21.7333,0.0,0.089,0.0,-0.089,-0.559193,0.829038,1
1305,21.75,0.0,0.092,0.0,-0.092,-0.55557,0.83147,1
1306,21.7667,0.0,0.0921,0.0,-0.0921,-0.551937,0.833886,1
1307,21.7833,0.0,0.0905,0.0,-0.0905,-0.548293,0.836286,1
1308,21.8,0.0,0.086,0.0,-0.086,-0.544639,0.838671,1
1309,21.8167,0.0,0.0866,0.0,-0.0866,-0.540974,0.841039,1
1310,21.8333,0.0,0.0881,0.0,-0.0881,-0.5373,0.843391,1
1311,21.85,0.0,0.093,0.0,-0.093,-0.533615,0.845728,1
1312,21.8667,0.0,0.0892,0.0,-0.0892,-0.529919,0.848048,1
1313,21.8833,0.0,0.0888,0.0,-0.0888,-0.526214,0.850352,1
1314,21.9,0.0,0.0895,0.0,-0.0895,-0.522499,0.85264,1
1315,21.9167,0.0,0.0879,0.0,-0.0879,-0.518773,0.854912,1
1316,21.9333,0.0,0.0886,0.0,-0.0886,-0.515038,0.857167,1
1317,21.95,0.0,0.092,0.0,-0.092,-0.511293,0.859406,1
1318,21.9667,0.0,0.0888,0.0,-0.0888,-0.507538,0.861629,1
1319,21.9833,0.0,0.0884,0.0,-0.0884,-0.503774,0.863836,1
1320,22.0,0.0,0.0201,0.0,-0.0201,-0.5,0.866025,1
1321,22.0167,0.0,0.0203,0.0,-0.0203,-0.496217,0.868199,1
1322,22.0333,0.0,0.0221,0.0,-0.0221,-0.492424,0.870356,1
1323,22.05,0.0,0.0232,0.0,-0.0232,-0.488621,0.872496,1
1324,22.0667,0.0,0.0245,0.0,-0.0245,-0.48481,0.87462,1
1325,22.0833,0.0,0.0217,0.0,-0.0217,-0.480989,0.876727,1
1326,22.1,0.0,0.0229,0.0,-0.0229,-0.477159,0.878817,1
1327,22.1167,0.0,0.0229,0.0,-0.0229,-0.47332,0.880891,1
1328,22.1333,0.0,0.0203,0.0,-0.0203,-0.469472,0.882948,1
1329,22.15,0.0,0.0235,0.0,-0.0235,-0.465615,0.884988,1
1330,22.1667,0.0,0.0224,0.0,-0.0224,-0.461749,0.887011,1
1331,22.1833,0.0,0.0222,0.0,-0.0222,-0.457874,0.889017,1
1332,22.2,0.0,0.023,0.0,-0.023,-0.45399,0.891007,1
1333,22.2167,0.0,0.0165,0.0,-0.0165,-0.450098,0.892979,1
1334,22.2333,0.0,0.0202,0.0,-0.0202,-0.446198,0.894934,1
1335,22.25,0.0,0.0236,0.0,-0.0236,-0.442289,0.896873,1
1336,22.2667,0.0,0.0215,0.0,-0.0215,-0.438371,0.898794,1
1337,22.2833,0.0,0.0237,0.0,-0.0237,-0.434445,0.900698,1
1338,22.3,0.0,0.0211,0.0,-0.0211,-0.430511,0.902585,1
1339,22.3167,0.0,0.0192,0.0,-0.0192,-0.426569,0.904455,1
1340,22.3333,0.0,0.0231,0.0,-0.0231,-0.422618,0.906308,1
1341,22.35,0.0,0.0215,0.0,-0.0215,-0.41866,0.908143,1
1342,22.3667,0.0,0.0228,0.0,-0.0228,-0.414693,0.909961,1
1343,22.3833,0.0,0.0232,0.0,-0.0232,-0.410719,0.911762,1
1344,22.4,0.0,0.0206,0.0,-0.0206,-0.406737,0.913545,1
1345,22.4167,0.0,0.0215,0.0,-0.0215,-0.402747,0.915311,1
1346,22.4333,0.0,0.0239,0.0,-0.0239,-0.398749,0.91706,1
1347,22.45,0.0,0.0189,0.0,-0.0189,-0.394744,0.918791,1
1348,22.4667,0.0,0.0215,0.0,-0.0215,-0.390731,0.920505,1
1349,22.4833,0.0,0.0236,0.0,-0.0236,-0.386711,0.922201,1
1350,22.5,0.0,0.0217,0.0,-0.0217,-0.382683,0.92388,1
1351,22.5167,0.0,0.0212,0.0,-0.0212,-0.378649,0.925541,1
1352,22.5333,0.0,0.0241,0.0,-0.0241,-0.374607,0.927184,1
1353,22.55,0.0,0.021,0.0,-0.021,-0.370557,0.92881,1
1354,22.5667,0.0,0.0229,0.0,-0.0229,-0.366501,0.930418,1
1355,22.5833,0.0,0.0222,0.0,-0.0222,-0.362438,0.932008,1
1356,22.6,0.0,0.02,0.0,-0.02,-0.358368,0.93358,1
1357,22.6167,0.0,0.0201,0.0,-0.0201,-0.354291,0.935135,1
1358,22.6333,0.0,0.0252,0.0,-0.0252,-0.350207,0.936672,1
1359,22.65,0.0,0.0231,0.0,-0.0231,-0.346117,0.938191,1
1360,22.6667,0.0,0.0207,0.0,-0.0207,-0.34202,0.939693,1
1361,22.6833,0.0,0.023,0.0,-0.023,-0.337917,0.941176,1
1362,22.7,0.0,0.0192,0.0,-0.0192,-0.333807,0.942641,1
1363,22.7167,0.0,0.0232,0.0,-0.0232,-0.329691,0.944089,1
1364,22.7333,0.0,0.0243,0.0,-0.0243,-0.325568,0.945519,1
1365,22.75,0.0,0.0225,0.0,-0.0225,-0.321439,0.94693,1
1366,22.7667,0.0,0.021,0.0,-0.021,-0.317305,0.948324,1
1367,22.7833,0.0,0.0203,0.0,-0.0203,-0.313164,0.949699,1
1368,22.8,0.0,0.0224,0.0,-0.0224,-0.309017,0.951057,1
1369,22.8167,0.0,0.0214,0.0,-0.0214,-0.304864,0.952396,1
1370,22.8333,0.0,0.0253,0.0,-0.0253,-0.300706,0.953717,1
1371,22.85,0.0,0.0217,0.0,-0.0217,-0.296542,0.95502,1
1372,22.8667,0.0,0.0214,0.0,-0.0214,-0.292372,0.956305,1
1373,22.8833,0.0,0.0226,0.0,-0.0226,-0.288196,0.957571,1
1374,22.9,0.0,0.0197,0.0,-0.0197,-0.284015,0.95882,1
1375,22.9167,0.0,0.0205,0.0,-0.0205,-0.279829,0.96005,1
1376,22.9333,0.0,0.0269,0.0,-0.0269,-0.275637,0.961262,1
1377,22.95,0.0,0.0223,0.0,-0.0223,-0.27144,0.962455,1
1378,22.9667,0.0,0.0237,0.0,-0.0237,-0.267238,0.96363,1
1379,22.9833,0.0,0.0232,0.0,-0.0232,-0.263031,0.964787,1
1380,23.0,0.0,0.0216,0.0,-0.0216,-0.258819,0.965926,1
1381,23.0167,0.0,0.0213,0.0,-0.0213,-0.254602,0.967046,1
1382,23.0333,0.0,0.0223,0.0,-0.0223,-0.25038,0.968148,1
1383,23.05,0.0,0.0196,0.0,-0.0196,-0.246153,0.969231,1
1384,23.0667,0.0,0.0245,0.0,-0.0245,-0.241922,0.970296,1
1385,23.0833,0.0,0.0223,0.0,-0.0223,-0.237686,0.971342,1
1386,23.1,0.0,0.0193,0.0,-0.0193,-0.233445,0.97237,1
1387,23.1167,0.0,0.0239,0.0,-0.0239,-0.2292,0.973379,1
1388,23.1333,0.0,0.0199,0.0,-0.0199,-0.224951,0.97437,1
1389,23.15,0.0,0.0204,0.0,-0.0204,-0.220697,0.975342,1
1390,23.1667,0.0,0.0215,0.0,-0.0215,-0.21644,0.976296,1
1391,23.1833,0.0,0.0229,0.0,-0.0229,-0.212178,0.977231,1
1392,23.2,0.0,0.0218,0.0,-0.0218,-0.207912,0.978148,1
1393,23.2167,0.0,0.0234,0.0,-0.0234,-0.203642,0.979045,1
1394,23.2333,0.0,0.0259,0.0,-0.0259,-0.199368,0.979925,1
1395,23.25,0.0,0.0229,0.0,-0.0229,-0.19509,0.980785,1
1396,23.2667,0.0,0.0207,0.0,-0.0207,-0.190809,0.981627,1
1397,23.2833,0.0,0.0213,0.0,-0.0213,-0.186524,0.98245,1
1398,23.3,0.0,0.0227,0.0,-0.0227,-0.182236,0.983255,1
1399,23.3167,0.0,0.0258,0.0,-0.0258,-0.177944,0.984041,1
1400,23.3333,0.0,0.0205,0.0,-0.0205,-0.173648,0.984808,1
1401,23.35,0.0,0.0263,0.0,-0.0263,-0.16935,0.985556,1
1402,23.3667,0.0,0.0196,0.0,-0.0196,-0.165048,0.986286,1
1403,23.3833,0.0,0.0231,0.0,-0.0231,-0.160743,0.986996,1
1404,23.4,0.0,0.0202,0.0,-0.0202,-0.156434,0.987688,1
1405,23.4167,0.0,0.0235,0.0,-0.0235,-0.152123,0.988362,1
1406,23.4333,0.0,0.0202,0.0,-0.0202,-0.147809,0.989016,1
1407,23.45,0.0,0.0228,0.0,-0.0228,-0.143493,0.989651,1
1408,23.4667,0.0,0.0217,0.0,-0.0217,-0.139173,0.990268,1
1409,23.4833,0.0,0.0205,0.0,-0.0205,-0.134851,0.990866,1
1410,23.5,0.0,0.0182,0.0,-0.0182,-0.130526,0.991445,1
1411,23.5167,0.0,0.0227,0.0,-0.0227,-0.126199,0.992005,1
1412,23.5333,0.0,0.0218,0.0,-0.0218,-0.121869,0.992546,1
1413,23.55,0.0,0.0205,0.0,-0.0205,-0.117537,0.993068,1
1414,23.5667,0.0,0.0199,0.0,-0.0199,-0.113203,0.993572,1
1415,23.5833,0.0,0.0192,0.0,-0.0192,-0.108867,0.994056,1
1416,23.6,0.0,0.0238,0.0,-0.0238,-0.104528,0.994522,1
1417,23.6167,0.0,0.0202,0.0,-0.0202,-0.100188,0.994969,1
1418,23.6333,0.0,0.0215,0.0,-0.0215,-0.095846,0.995396,1
1419,23.65,0.0,0.0215,0.0,-0.0215,-0.091502,0.995805,1
1420,23.6667,0.0,0.0208,0.0,-0.0208,-0.087156,0.996195,1
1421,23.6833,0.0,0.021,0.0,-0.021,-0.082808,0.996566,1
1422,23.7,0.0,0.0186,0.0,-0.0186,-0.078459,0.996917,1
1423,23.7167,0.0,0.0212,0.0,-0.0212,-0.074108,0.99725,1
1424,23.7333,0.0,0.0234,0.0,-0.0234,-0.069756,0.997564,1
1425,23.75,0.0,0.0224,0.0,-0.0224,-0.065403,0.997859,1
1426,23.7667,0.0,0.0228,0.0,-0.0228,-0.061049,0.998135,1
1427,23.7833,0.0,0.0224,0.0,-0.0224,-0.056693,0.998392,1
1428,23.8,0.0,0.0227,0.0,-0.0227,-0.052336,0.99863,1
1429,23.8167,0.0,0.0257,0.0,-0.0257,-0.047978,0.998848,1
1430,23.8333,0.0,0.018,0.0,-0.018,-0.043619,0.999048,1
1431,23.85,0.0,0.0211,0.0,-0.0211,-0.03926,0.999229,1
1432,23.8667,0.0,0.0212,0.0,-0.0212,-0.034899,0.999391,1
1433,23.8833,0.0,0.0219,0.0,-0.0219,-0.030539,0.999534,1
1434,23.9,0.0,0.0207,0.0,-0.0207,-0.026177,0.999657,1
1435,23.9167,0.0,0.0173,0.0,-0.0173,-0.021815,0.999762,1
1436,23.9333,0.0,0.0229,0.0,-0.0229,-0.017452,0.999848,1
1437,23.95,0.0,0.0213,0.0,-0.0213,-0.01309,0.999914,1
1438,23.9667,0.0,0.0235,0.0,-0.0235,-0.008727,0.999962,1
1439,23.9833,0.0,0.0175,0.0,-0.0175,-0.004363,0.99999,1
1440,0.0,0.0,0.0217,0.0,-0.0217,0.0,1.0,1
1441,0.0167,0.0,0.0208,0.0,-0.0208,0.004363,0.99999,1
1442,0.0333,0.0,0.0205,0.0,-0.0205,0.008727,0.999962,1
1443,0.05,0.0,0.0194,0.0,-0.0194,0.01309,0.999914,1
1444,0.0667,0.0,0.0228,0.0,-0.0228,0.017452,0.999848,1
1445,0.0833,0.0,0.0206,0.0,-0.0206,0.021815,0.999762,1
1446,0.1,0.0,0.0197,0.0,-0.0197,0.026177,0.999657,1
1447,0.1167,0.0,0.0176,0.0,-0.0176,0.030539,0.999534,1
1448,0.1333,0.0,0.0235,0.0,-0.0235,0.034899,0.999391,1
1449,0.15,0.0,0.0232,0.0,-0.0232,0.03926,0.999229,1
1450,0.1667,0.0,0.0199,0.0,-0.0199,0.043619,0.999048,1
1451,0.1833,0.0,0.0225,0.0,-0.0225,0.047978,0.998848,1
1452,0.2,0.0,0.022,0.0,-0.022,0.052336,0.99863,1
1453,0.2167,0.0,0.021,0.0,-0.021,0.056693,0.998392,1
1454,0.2333,0.0,0.0206,0.0,-0.0206,0.061049,0.998135,1
1455,0.25,0.0,0.0211,0.0,-0.0211,0.065403,0.997859,1
1456,0.2667,0.0,0.0193,0.0,-0.0193,0.069756,0.997564,1
1457,0.2833,0.0,0.0187,0.0,-0.0187,0.074108,0.99725,1
1458,0.3,0.0,0.0238,0.0,-0.0238,0.078459,0.996917,1
1459,0.3167,0.0,0.0185,0.0,-0.0185,0.082808,0.996566,1
1460,0.3333,0.0,0.023,0.0,-0.023,0.087156,0.996195,1
1461,0.35,0.0,0.0205,0.0,-0.0205,0.091502,0.995805,1
1462,0.3667,0.0,0.024,0.0,-0.024,0.095846,0.995396,1
1463,0.3833,0.0,0.0241,0.0,-0.0241,0.100188,0.994969,1
1464,0.4,0.0,0.0209,0.0,-0.0209,0.104528,0.994522,1
1465,0.4167,0.0,0.0202,0.0,-0.0202,0.108867,0.994056,1
1466,0.4333,0.0,0.022,0.0,-0.022,0.113203,0.993572,1
1467,0.45,0.0,0.0232,0.0,-0.0232,0.117537,0.993068,1
1468,0.4667,0.0,0.0201,0.0,-0.0201,0.121869,0.992546,1
1469,0.4833,0.0,0.0214,0.0,-0.0214,0.126199,0.992005,1
1470,0.5,0.0,0.0225,0.0,-0.0225,0.130526,0.991445,1
1471,0.5167,0.0,0.0217,0.0,-0.0217,0.134851,0.990866,1
1472,0.5333,0.0,0.0187,0.0,-0.0187,0.139173,0.990268,1
1473,0.55,0.0,0.0235,0.0,-0.0235,0.143493,0.989651,1
1474,0.5667,0.0,0.0194,0.0,-0.0194,0.147809,0.989016,1
1475,0.5833,0.0,0.0205,0.0,-0.0205,0.152123,0.988362,1
1476,0.6,0.0,0.0228,0.0,-0.0228,0.156434,0.987688,1
1477,0.6167,0.0,0.0202,0.0,-0.0202,0.160743,0.986996,1
1478,0.6333,0.0,0.0233,0.0,-0.0233,0.165048,0.986286,1
1479,0.65,0.0,0.0201,0.0,-0.0201,0.16935,0.985556,1
1480,0.6667,0.0,0.02,0.0,-0.02,0.173648,0.984808,1
1481,0.6833,0.0,0.0187,0.0,-0.0187,0.177944,0.984041,1
1482,0.7,0.0,0.0242,0.0,-0.0242,0.182236,0.983255,1
1483,0.7167,0.0,0.0176,0.0,-0.0176,0.186524,0.98245,1
1484,0.7333,0.0,0.0233,0.0,-0.0233,0.190809,0.981627,1
1485,0.75,0.0,0.0219,0.0,-0.0219,0.19509,0.980785,1
1486,0.7667,0.0,0.0246,0.0,-0.0246,0.199368,0.979925,1
1487,0.7833,0.0,0.0212,0.0,-0.0212,0.203642,0.979045,1
1488,0.8,0.0,0.0223,0.0,-0.0223,0.207912,0.978148,1
1489,0.8167,0.0,0.0237,0.0,-0.0237,0.212178,0.977231,1
1490,0.8333,0.0,0.0213,0.0,-0.0213,0.21644,0.976296,1
1491,0.85,0.0,0.0232,0.0,-0.0232,0.220697,0.975342,1
1492,0.8667,0.0,0.0237,0.0,-0.0237,0.224951,0.97437,1
1493,0.8833,0.0,0.0208,0.0,-0.0208,0.2292,0.973379,1
1494,0.9,0.0,0.0235,0.0,-0.0235,0.233445,0.97237,1
1495,0.9167,0.0,0.0204,0.0,-0.0204,0.237686,0.971342,1
1496,0.9333,0.0,0.0214,0.0,-0.0214,0.241922,0.970296,1
1497,0.95,0.0,0.0255,0.0,-0.0255,0.246153,0.969231,1
1498,0.9667,0.0,0.0241,0.0,-0.0241,0.25038,0.968148,1
1499,0.9833,0.0,0.0234,0.0,-0.0234,0.254602,0.967046,1
1500,1.0,0.0,0.0211,0.0,-0.0211,0.258819,0.965926,1
1501,1.0167,0.0,0.0231,0.0,-0.0231,0.263031,0.964787,1
1502,1.0333,0.0,0.0246,0.0,-0.0246,0.267238,0.96363,1
1503,1.05,0.0,0.0202,0.0,-0.0202,0.27144,0.962455,1
1504,1.0667,0.0,0.0251,0.0,-0.0251,0.275637,0.961262,1
1505,1.0833,0.0,0.0237,0.0,-0.0237,0.279829,0.96005,1
1506,1.1,0.0,0.022,0.0,-0.022,0.284015,0.95882,1
1507,1.1167,0.0,0.0198,0.0,-0.0198,0.288196,0.957571,1
1508,1.1333,0.0,0.0193,0.0,-0.0193,0.292372,0.956305,1
1509,1.15,0.0,0.0223,0.0,-0.0223,0.296542,0.95502,1
1510,1.1667,0.0,0.0196,0.0,-0.0196,0.300706,0.953717,1
1511,1.1833,0.0,0.0241,0.0,-0.0241,0.304864,0.952396,1
1512,1.2,0.0,0.0193,0.0,-0.0193,0.309017,0.951057,1
1513,1.2167,0.0,0.0222,0.0,-0.0222,0.313164,0.949699,1
1514,1.2333,0.0,0.0238,0.0,-0.0238,0.317305,0.948324,1
1515,1.25,0.0,0.0208,0.0,-0.0208,0.321439,0.94693,1
1516,1.2667,0.0,0.0224,0.0,-0.0224,0.325568,0.945519,1
1517,1.2833,0.0,0.0217,0.0,-0.0217,0.329691,0.944089,1
1518,1.3,0.0,0.0201,0.0,-0.0201,0.333807,0.942641,1
1519,1.3167,0.0,0.0208,0.0,-0.0208,0.337917,0.941176,1
1520,1.3333,0.0,0.0205,0.0,-0.0205,0.34202,0.939693,1
1521,1.35,0.0,0.0228,0.0,-0.0228,0.346117,0.938191,1
1522,1.3667,0.0,0.0224,0.0,-0.0224,0.350207,0.936672,1
1523,1.3833,0.0,0.0245,0.0,-0.0245,0.354291,0.935135,1
1524,1.4,0.0,0.0201,0.0,-0.0201,0.358368,0.93358,1
1525,1.4167,0.0,0.0203,0.0,-0.0203,0.362438,0.932008,1
1526,1.4333,0.0,0.0209,0.0,-0.0209,0.366501,0.930418,1
1527,1.45,0.0,0.0202,0.0,-0.0202,0.370557,0.92881,1
1528,1.4667,0.0,0.0235,0.0,-0.0235,0.374607,0.927184,1
1529,1.4833,0.0,0.0241,0.0,-0.0241,0.378649,0.925541,1
1530,1.5,0.0,0.0231,0.0,-0.0231,0.382683,0.92388,1
1531,1.5167,0.0,0.0221,0.0,-0.0221,0.386711,0.922201,1
1532,1.5333,0.0,0.0205,0.0,-0.0205,0.390731,0.920505,1
1533,1.55,0.0,0.0188,0.0,-0.0188,0.394744,0.918791,1
1534,1.5667,0.0,0.0197,0.0,-0.0197,0.398749,0.91706,1
1535,1.5833,0.0,0.021,0.0,-0.021,0.402747,0.915311,1
1536,1.6,0.0,0.0221,0.0,-0.0221,0.406737,0.913545,1
1537,1.6167,0.0,0.0208,0.0,-0.0208,0.410719,0.911762,1
1538,1.6333,0.0,0.0239,0.0,-0.0239,0.414693,0.909961,1
1539,1.65,0.0,0.0214,0.0,-0.0214,0.41866,0.908143,1
1540,1.6667,0.0,0.0203,0.0,-0.0203,0.422618,0.906308,1
1541,1.6833,0.0,0.0199,0.0,-0.0199,0.426569,0.904455,1
1542,1.7,0.0,0.0204,0.0,-0.0204,0.430511,0.902585,1
1543,1.7167,0.0,0.0186,0.0,-0.0186,0.434445,0.900698,1
1544,1.7333,0.0,0.0168,0.0,-0.0168,0.438371,0.898794,1
1545,1.75,0.0,0.0189,0.0,-0.0189,0.442289,0.896873,1
1546,1.7667,0.0,0.024,0.0,-0.024,0.446198,0.894934,1
1547,1.7833,0.0,0.0227,0.0,-0.0227,0.450098,0.892979,1
1548,1.8,0.0,0.0208,0.0,-0.0208,0.45399,0.891007,1
1549,1.8167,0.0,0.0249,0.0,-0.0249,0.457874,0.889017,1
1550,1.8333,0.0,0.0232,0.0,-0.0232,0.461749,0.887011,1
1551,1.85,0.0,0.0211,0.0,-0.0211,0.465615,0.884988,1
1552,1.8667,0.0,0.0246,0.0,-0.0246,0.469472,0.882948,1
1553,1.8833,0.0,0.0199,0.0,-0.0199,0.47332,0.880891,1
1554,1.9,0.0,0.0203,0.0,-0.0203,0.477159,0.878817,1
1555,1.9167,0.0,0.0244,0.0,-0.0244,0.480989,0.876727,1
1556,1.9333,0.0,0.0242,0.0,-0.0242,0.48481,0.87462,1
1557,1.95,0.0,0.0222,0.0,-0.0222,0.488621,0.872496,1
1558,1.9667,0.0,0.0219,0.0,-0.0219,0.492424,0.870356,1
1559,1.9833,0.0,0.0184,0.0,-0.0184,0.496217,0.868199,1
1560,2.0,0.0,0.0197,0.0,-0.0197,0.5,0.866025,1
1561,2.0167,0.0,0.0238,0.0,-0.0238,0.503774,0.863836,1
1562,2.0333,0.0,0.0234,0.0,-0.0234,0.507538,0.861629,1
1563,2.05,0.0,0.023,0.0,-0.023,0.511293,0.859406,1
1564,2.0667,0.0,0.0251,0.0,-0.0251,0.515038,0.857167,1
1565,2.0833,0.0,0.0208,0.0,-0.0208,0.518773,0.854912,1
1566,2.1,0.0,0.0184,0.0,-0.0184,0.522499,0.85264,1
1567,2.1167,0.0,0.0182,0.0,-0.0182,0.526214,0.850352,1
1568,2.1333,0.0,0.0206,0.0,-0.0206,0.529919,0.848048,1
1569,2.15,0.0,0.0242,0.0,-0.0242,0.533615,0.845728,1
1570,2.1667,0.0,0.0237,0.0,-0.0237,0.5373,0.843391,1
1571,2.1833,0.0,0.0206,0.0,-0.0206,0.540974,0.841039,1
1572,2.2,0.0,0.0193,0.0,-0.0193,0.544639,0.838671,1
1573,2.2167,0.0,0.0209,0.0,-0.0209,0.548293,0.836286,1
1574,2.2333,0.0,0.0245,0.0,-0.0245,0.551937,0.833886,1
1575,2.25,0.0,0.0219,0.0,-0.0219,0.55557,0.83147,1
1576,2.2667,0.0,0.0238,0.0,-0.0238,0.559193,0.829038,1
1577,2.2833,0.0,0.0229,0.0,-0.0229,0.562805,0.82659,1
1578,2.3,0.0,0.0229,0.0,-0.0229,0.566406,0.824126,1
1579,2.3167,0.0,0.0238,0.0,-0.0238,0.569997,0.821647,1
1580,2.3333,0.0,0.026,0.0,-0.026,0.573576,0.819152,1
1581,2.35,0.0,0.0248,0.0,-0.0248,0.577145,0.816642,1
1582,2.3667,0.0,0.0216,0.0,-0.0216,0.580703,0.814116,1
1583,2.3833,0.0,0.0206,0.0,-0.0206,0.58425,0.811574,1
1584,2.4,0.0,0.0208,0.0,-0.0208,0.587785,0.809017,1
1585,2.4167,0.0,0.0216,0.0,-0.0216,0.59131,0.806445,1
1586,2.4333,0.0,0.0215,0.0,-0.0215,0.594823,0.803857,1
1587,2.45,0.0,0.0226,0.0,-0.0226,0.598325,0.801254,1
1588,2.4667,0.0,0.0226,0.0,-0.0226,0.601815,0.798636,1
1589,2.4833,0.0,0.0209,0.0,-0.0209,0.605294,0.796002,1
1590,2.5,0.0,0.0199,0.0,-0.0199,0.608761,0.793353,1
1591,2.5167,0.0,0.0211,0.0,-0.0211,0.612217,0.79069,1
1592,2.5333,0.0,0.0199,0.0,-0.0199,0.615661,0.788011,1
1593,2.55,0.0,0.0209,0.0,-0.0209,0.619094,0.785317,1
1594,2.5667,0.0,0.0232,0.0,-0.0232,0.622515,0.782608,1
1595,2.5833,0.0,0.0202,0.0,-0.0202,0.625923,0.779884,1
1596,2.6,0.0,0.0214,0.0,-0.0214,0.62932,0.777146,1
1597,2.6167,0.0,0.0205,0.0,-0.0205,0.632705,0.774393,1
1598,2.6333,0.0,0.0219,0.0,-0.0219,0.636078,0.771625,1
1599,2.65,0.0,0.0257,0.0,-0.0257,0.639439,0.768842,1
1600,2.6667,0.0,0.0222,0.0,-0.0222,0.642788,0.766044,1
1601,2.6833,0.0,0.0225,0.0,-0.0225,0.646124,0.763232,1
1602,2.7,0.0,0.0237,0.0,-0.0237,0.649448,0.760406,1
1603,2.7167,0.0,0.0217,0.0,-0.0217,0.65276,0.757565,1
1604,2.7333,0.0,0.0219,0.0,-0.0219,0.656059,0.75471,1
1605,2.75,0.0,0.0231,0.0,-0.0231,0.659346,0.75184,1
1606,2.7667,0.0,0.0217,0.0,-0.0217,0.66262,0.748956,1
1607,2.7833,0.0,0.02,0.0,-0.02,0.665882,0.746057,1
1608,2.8,0.0,0.0252,0.0,-0.0252,0.669131,0.743145,1
1609,2.8167,0.0,0.0236,0.0,-0.0236,0.672367,0.740218,1
1610,2.8333,0.0,0.0212,0.0,-0.0212,0.67559,0.737277,1
1611,2.85,0.0,0.0241,0.0,-0.0241,0.678801,0.734323,1
1612,2.8667,0.0,0.0203,0.0,-0.0203,0.681998,0.731354,1
1613,2.8833,0.0,0.0217,0.0,-0.0217,0.685183,0.728371,1
1614,2.9,0.0,0.0181,0.0,-0.0181,0.688355,0.725374,1
1615,2.9167,0.0,0.0177,0.0,-0.0177,0.691513,0.722364,1
1616,2.9333,0.0,0.0201,0.0,-0.0201,0.694658,0.71934,1
1617,2.95,0.0,0.0241,0.0,-0.0241,0.69779,0.716302,1
1618,2.9667,0.0,0.0238,0.0,-0.0238,0.700909,0.71325,1
1619,2.9833,0.0,0.0222,0.0,-0.0222,0.704015,0.710185,1
1620,3.0,0.0,0.0235,0.0,-0.0235,0.707107,0.707107,1
1621,3.0167,0.0,0.0205,0.0,-0.0205,0.710185,0.704015,1
1622,3.0333,0.0,0.0206,0.0,-0.0206,0.71325,0.700909,1
1623,3.05,0.0,0.0199,0.0,-0.0199,0.716302,0.69779,1
1624,3.0667,0.0,0.0204,0.0,-0.0204,0.71934,0.694658,1
1625,3.0833,0.0,0.0196,0.0,-0.0196,0.722364,0.691513,1
1626,3.1,0.0,0.0199,0.0,-0.0199,0.725374,0.688355,1
1627,3.1167,0.0,0.0221,0.0,-0.0221,0.728371,0.685183,1
1628,3.1333,0.0,0.0218,0.0,-0.0218,0.731354,0.681998,1
1629,3.15,0.0,0.0228,0.0,-0.0228,0.734323,0.678801,1
1630,3.1667,0.0,0.0222,0.0,-0.0222,0.737277,0.67559,1
1631,3.1833,0.0,0.019,0.0,-0.019,0.740218,0.672367,1
1632,3.2,0.0,0.0234,0.0,-0.0234,0.743145,0.669131,1
1633,3.2167,0.0,0.0199,0.0,-0.0199,0.746057,0.665882,1
1634,3.2333,0.0,0.0229,0.0,-0.0229,0.748956,0.66262,1
1635,3.25,0.0,0.0216,0.0,-0.0216,0.75184,0.659346,1
1636,3.2667,0.0,0.0214,0.0,-0.0214,0.75471,0.656059,1
1637,3.2833,0.0,0.0209,0.0,-0.0209,0.757565,0.65276,1
1638,3.3,0.0,0.0233,0.0,-0.0233,0.760406,0.649448,1
1639,3.3167,0.0,0.0239,0.0,-0.0239,0.763232,0.646124,1
1640,3.3333,0.0,0.0207,0.0,-0.0207,0.766044,0.642788,1
1641,3.35,0.0,0.0229,0.0,-0.0229,0.768842,0.639439,1
1642,3.3667,0.0,0.0217,0.0,-0.0217,0.771625,0.636078,1
1643,3.3833,0.0,0.0213,0.0,-0.0213,0.774393,0.632705,1
1644,3.4,0.0,0.0215,0.0,-0.0215,0.777146,0.62932,1
1645,3.4167,0.0,0.0223,0.0,-0.0223,0.779884,0.625923,1
1646,3.4333,0.0,0.0221,0.0,-0.0221,0.782608,0.622515,1
1647,3.45,0.0,0.02,0.0,-0.02,0.785317,0.619094,1
1648,3.4667,0.0,0.0224,0.0,-0.0224,0.788011,0.615661,1
1649,3.4833,0.0,0.0205,0.0,-0.0205,0.79069,0.612217,1
1650,3.5,0.0,0.0217,0.0,-0.0217,0.793353,0.608761,1
1651,3.5167,0.0,0.02,0.0,-0.02,0.796002,0.605294,1
1652,3.5333,0.0,0.0231,0.0,-0.0231,0.798636,0.601815,1
1653,3.55,0.0,0.0245,0.0,-0.0245,0.801254,0.598325,1
1654,3.5667,0.0,0.0224,0.0,-0.0224,0.803857,0.594823,1
1655,3.5833,0.0,0.0238,0.0,-0.0238,0.806445,0.59131,1
1656,3.6,0.0,0.0196,0.0,-0.0196,0.809017,0.587785,1
1657,3.6167,0.0,0.0195,0.0,-0.0195,0.811574,0.58425,1
1658,3.6333,0.0,0.0199,0.0,-0.0199,0.814116,0.580703,1
1659,3.65,0.0,0.0221,0.0,-0.0221,0.816642,0.577145,1
1660,3.6667,0.0,0.0198,0.0,-0.0198,0.819152,0.573576,1
1661,3.6833,0.0,0.0207,0.0,-0.0207,0.821647,0.569997,1
1662,3.7,0.0,0.0188,0.0,-0.0188,0.824126,0.566406,1
1663,3.7167,0.0,0.0196,0.0,-0.0196,0.82659,0.562805,1
1664,3.7333,0.0,0.0239,0.0,-0.0239,0.829038,0.559193,1
1665,3.75,0.0,0.0255,0.0,-0.0255,0.83147,0.55557,1
1666,3.7667,0.0,0.019,0.0,-0.019,0.833886,0.551937,1
1667,3.7833,0.0,0.0243,0.0,-0.0243,0.836286,0.548293,1
1668,3.8,0.0,0.0236,0.0,-0.0236,0.838671,0.544639,1
1669,3.8167,0.0,0.0204,0.0,-0.0204,0.841039,0.540974,1
1670,3.8333,0.0,0.0204,0.0,-0.0204,0.843391,0.5373,1
1671,3.85,0.0,0.0261,0.0,-0.0261,0.845728,0.533615,1
1672,3.8667,0.0,0.0246,0.0,-0.0246,0.848048,0.529919,1
1673,3.8833,0.0,0.0224,0.0,-0.0224,0.850352,0.526214,1
1674,3.9,0.0,0.0233,0.0,-0.0233,0.85264,0.522499,1
1675,3.9167,0.0,0.0189,0.0,-0.0189,0.854912,0.518773,1
1676,3.9333,0.0,0.0203,0.0,-0.0203,0.857167,0.515038,1
1677,3.95,0.0,0.0209,0.0,-0.0209,0.859406,0.511293,1
1678,3.9667,0.0,0.0222,0.0,-0.0222,0.861629,0.507538,1
1679,3.9833,0.0,0.0206,0.0,-0.0206,0.863836,0.503774,1
1680,4.0,0.0,0.0205,0.0,-0.0205,0.866025,0.5,1
1681,4.0167,0.0,0.0222,0.0,-0.0222,0.868199,0.496217,1
1682,4.0333,0.0,0.0196,0.0,-0.0196,0.870356,0.492424,1
1683,4.05,0.0,0.0248,0.0,-0.0248,0.872496,0.488621,1
1684,4.0667,0.0,0.0244,0.0,-0.0244,0.87462,0.48481,1
1685,4.0833,0.0,0.0235,0.0,-0.0235,0.876727,0.480989,1
1686,4.1,0.0,0.0201,0.0,-0.0201,0.878817,0.477159,1
1687,4.1167,0.0,0.02,0.0,-0.02,0.880891,0.47332,1
1688,4.1333,0.0,0.0205,0.0,-0.0205,0.882948,0.469472,1
1689,4.15,0.0,0.0216,0.0,-0.0216,0.884988,0.465615,1
1690,4.1667,0.0,0.0184,0.0,-0.0184,0.887011,0.461749,1
1691,4.1833,0.0,0.0228,0.0,-0.0228,0.889017,0.457874,1
1692,4.2,0.0,0.0209,0.0,-0.0209,0.891007,0.45399,1
1693,4.2167,0.0,0.0209,0.0,-0.0209,0.892979,0.450098,1
1694,4.2333,0.0,0.0219,0.0,-0.0219,0.894934,0.446198,1
1695,4.25,0.0,0.0175,0.0,-0.0175,0.896873,0.442289,1
1696,4.2667,0.0,0.0243,0.0,-0.0243,0.898794,0.438371,1
1697,4.2833,0.0,0.0208,0.0,-0.0208,0.900698,0.434445,1
1698,4.3,0.0,0.0235,0.0,-0.0235,0.902585,0.430511,1
1699,4.3167,0.0,0.0174,0.0,-0.0174,0.904455,0.426569,1
1700,4.3333,0.0,0.0225,0.0,-0.0225,0.906308,0.422618,1
1701,4.35,0.0,0.0239,0.0,-0.0239,0.908143,0.41866,1
1702,4.3667,0.0,0.0267,0.0,-0.0267,0.909961,0.414693,1
1703,4.3833,0.0,0.0263,0.0,-0.0263,0.911762,0.410719,1
1704,4.4,0.0,0.0222,0.0,-0.0222,0.913545,0.406737,1
1705,4.4167,0.0,0.0228,0.0,-0.0228,0.915311,0.402747,1
1706,4.4333,0.0,0.021,0.0,-0.021,0.91706,0.398749,1
1707,4.45,0.0,0.0227,0.0,-0.0227,0.918791,0.394744,1
1708,4.4667,0.0,0.0227,0.0,-0.0227,0.920505,0.390731,1
1709,4.4833,0.0,0.0211,0.0,-0.0211,0.922201,0.386711,1
1710,4.5,0.0,0.0224,0.0,-0.0224,0.92388,0.382683,1
1711,4.5167,0.0,0.0221,0.0,-0.0221,0.925541,0.378649,1
1712,4.5333,0.0,0.0221,0.0,-0.0221,0.927184,0.374607,1
1713,4.55,0.0,0.0232,0.0,-0.0232,0.92881,0.370557,1
1714,4.5667,0.0,0.0191,0.0,-0.0191,0.930418,0.366501,1
1715,4.5833,0.0,0.0233,0.0,-0.0233,0.932008,0.362438,1
1716,4.6,0.0,0.0193,0.0,-0.0193,0.93358,0.358368,1
1717,4.6167,0.0,0.0252,0.0,-0.0252,0.935135,0.354291,1
1718,4.6333,0.0,0.0198,0.0,-0.0198,0.936672,0.350207,1
1719,4.65,0.0,0.0242,0.0,-0.0242,0.938191,0.346117,1
1720,4.6667,0.0,0.018,0.0,-0.018,0.939693,0.34202,1
1721,4.6833,0.0,0.0192,0.0,-0.0192,0.941176,0.337917,1
1722,4.7,0.0,0.019,0.0,-0.019,0.942641,0.333807,1
1723,4.7167,0.0,0.0195,0.0,-0.0195,0.944089,0.329691,1
1724,4.7333,0.0,0.0192,0.0,-0.0192,0.945519,0.325568,1
1725,4.75,0.0,0.0248,0.0,-0.0248,0.94693,0.321439,1
1726,4.7667,0.0,0.0223,0.0,-0.0223,0.948324,0.317305,1
1727,4.7833,0.0,0.0241,0.0,-0.0241,0.949699,0.313164,1
1728,4.8,0.0,0.0221,0.0,-0.0221,0.951057,0.309017,1
1729,4.8167,0.0,0.0196,0.0,-0.0196,0.952396,0.304864,1
1730,4.8333,0.0,0.0235,0.0,-0.0235,0.953717,0.300706,1
1731,4.85,0.0,0.026,0.0,-0.026,0.95502,0.296542,1
1732,4.8667,0.0,0.0208,0.0,-0.0208,0.956305,0.292372,1
1733,4.8833,0.0,0.0209,0.0,-0.0209,0.957571,0.288196,1
1734,4.9,0.0,0.0184,0.0,-0.0184,0.95882,0.284015,1
1735,4.9167,0.0,0.0242,0.0,-0.0242,0.96005,0.279829,1
1736,4.9333,0.0,0.0182,0.0,-0.0182,0.961262,0.275637,1
1737,4.95,0.0,0.0233,0.0,-0.0233,0.962455,0.27144,1
1738,4.9667,0.0,0.023,0.0,-0.023,0.96363,0.267238,1
1739,4.9833,0.0,0.0222,0.0,-0.0222,0.964787,0.263031,1
1740,5.0,0.0,0.0236,0.0,-0.0236,0.965926,0.258819,1
1741,5.0167,0.0,0.024,0.0,-0.024,0.967046,0.254602,1
1742,5.0333,0.0,0.0188,0.0,-0.0188,0.968148,0.25038,1
1743,5.05,0.0,0.0217,0.0,-0.0217,0.969231,0.246153,1
1744,5.0667,0.0,0.018,0.0,-0.018,0.970296,0.241922,1
1745,5.0833,0.0,0.0206,0.0,-0.0206,0.971342,0.237686,1
1746,5.1,0.0,0.0209,0.0,-0.0209,0.97237,0.233445,1
1747,5.1167,0.0,0.0228,0.0,-0.0228,0.973379,0.2292,1
1748,5.1333,0.0,0.0215,0.0,-0.0215,0.97437,0.224951,1
1749,5.15,0.0,0.0194,0.0,-0.0194,0.975342,0.220697,1
1750,5.1667,0.0,0.0201,0.0,-0.0201,0.976296,0.21644,1
1751,5.1833,0.0,0.0184,0.0,-0.0184,0.977231,0.212178,1
1752,5.2,0.0,0.0205,0.0,-0.0205,0.978148,0.207912,1
1753,5.2167,0.0,0.0211,0.0,-0.0211,0.979045,0.203642,1
1754,5.2333,0.0,0.0214,0.0,-0.0214,0.979925,0.199368,1
1755,5.25,0.0,0.0228,0.0,-0.0228,0.980785,0.19509,1
1756,5.2667,0.0,0.0253,0.0,-0.0253,0.981627,0.190809,1
1757,5.2833,0.0,0.022,0.0,-0.022,0.98245,0.186524,1
1758,5.3,0.0,0.0206,0.0,-0.0206,0.983255,0.182236,1
1759,5.3167,0.0,0.0193,0.0,-0.0193,0.984041,0.177944,1
1760,5.3333,0.0,0.0186,0.0,-0.0186,0.984808,0.173648,1
1761,5.35,0.0,0.0246,0.0,-0.0246,0.985556,0.16935,1
1762,5.3667,0.0,0.0198,0.0,-0.0198,0.986286,0.165048,1
1763,5.3833,0.0,0.0237,0.0,-0.0237,0.986996,0.160743,1
1764,5.4,0.0,0.0237,0.0,-0.0237,0.987688,0.156434,1
1765,5.4167,0.0,0.0233,0.0,-0.0233,0.988362,0.152123,1
1766,5.4333,0.0,0.0212,0.0,-0.0212,0.989016,0.147809,1
1767,5.45,0.0,0.0218,0.0,-0.0218,0.989651,0.143493,1
1768,5.4667,0.0,0.0213,0.0,-0.0213,0.990268,0.139173,1
1769,5.4833,0.0,0.019,0.0,-0.019,0.990866,0.134851,1
1770,5.5,0.0,0.0222,0.0,-0.0222,0.991445,0.130526,1
1771,5.5167,0.0,0.021,0.0,-0.021,0.992005,0.126199,1
1772,5.5333,0.0,0.0195,0.0,-0.0195,0.992546,0.121869,1
1773,5.55,0.0,0.0239,0.0,-0.0239,0.993068,0.117537,1
1774,5.5667,0.0,0.0241,0.0,-0.0241,0.993572,0.113203,1
1775,5.5833,0.0,0.0241,0.0,-0.0241,0.994056,0.108867,1
1776,5.6,0.0,0.0223,0.0,-0.0223,0.994522,0.104528,1
1777,5.6167,0.0,0.026,0.0,-0.026,0.994969,0.100188,1
1778,5.6333,0.0,0.0212,0.0,-0.0212,0.995396,0.095846,1
1779,5.65,0.0,0.0188,0.0,-0.0188,0.995805,0.091502,1
1780,5.6667,0.0,0.0226,0.0,-0.0226,0.996195,0.087156,1
1781,5.6833,0.0,0.0203,0.0,-0.0203,0.996566,0.082808,1
1782,5.7,0.0,0.0253,0.0,-0.0253,0.996917,0.078459,1
1783,5.7167,0.0,0.0256,0.0,-0.0256,0.99725,0.074108,1
1784,5.7333,0.0,0.0216,0.0,-0.0216,0.997564,0.069756,1
1785,5.75,0.0,0.0194,0.0,-0.0194,0.997859,0.065403,1
1786,5.7667,0.0,0.0222,0.0,-0.0222,0.998135,0.061049,1
1787,5.7833,0.0,0.0207,0.0,-0.0207,0.998392,0.056693,1
1788,5.8,0.0,0.0199,0.0,-0.0199,0.99863,0.052336,1
1789,5.8167,0.0,0.0202,0.0,-0.0202,0.998848,0.047978,1
1790,5.8333,0.0,0.0231,0.0,-0.0231,0.999048,0.043619,1
1791,5.85,0.0,0.0196,0.0,-0.0196,0.999229,0.03926,1
1792,5.8667,0.0,0.0233,0.0,-0.0233,0.999391,0.034899,1
1793,5.8833,0.0,0.0252,0.0,-0.0252,0.999534,0.030539,1
1794,5.9,0.0,0.0209,0.0,-0.0209,0.999657,0.026177,1
1795,5.9167,0.0,0.0209,0.0,-0.0209,0.999762,0.021815,1
1796,5.9333,0.0,0.0196,0.0,-0.0196,0.999848,0.017452,1
1797,5.95,0.0,0.019,0.0,-0.019,0.999914,0.01309,1
1798,5.9667,0.0,0.0209,0.0,-0.0209,0.999962,0.008727,1
1799,5.9833,0.0,0.0212,0.0,-0.0212,0.99999,0.004363,1
1800,6.0,0.001467,0.0424,0.0,-0.040933,1.0,0.0,1
1801,6.0167,0.0,0.0408,0.0,-0.0408,0.99999,-0.004363,1
1802,6.0333,0.000567,0.0413,0.0,-0.040733,0.999962,-0.008727,1
1803,6.05,0.002083,0.039,0.0,-0.036917,0.999914,-0.01309,1
1804,6.0667,0.0,0.0425,0.0,-0.0425,0.999848,-0.017452,1
1805,6.0833,0.005217,0.0387,0.0,-0.033483,0.999762,-0.021815,1
1806,6.1,0.0019,0.0419,0.0,-0.04,0.999657,-0.026177,1
1807,6.1167,0.0,0.0395,0.0,-0.0395,0.999534,-0.030539,1
1808,6.1333,0.003067,0.0412,0.0,-0.038133,0.999391,-0.034899,1
1809,6.15,0.003133,0.039,0.0,-0.035867,0.999229,-0.03926,1
1810,6.1667,0.004933,0.0386,0.0,-0.033667,0.999048,-0.043619,1
1811,6.1833,0.00135,0.0395,0.0,-0.03815,0.998848,-0.047978,1
1812,6.2,0.0045,0.0383,0.0,-0.0338,0.99863,-0.052336,1
1813,6.2167,0.00585,0.0374,0.0,-0.03155,0.998392,-0.056693,1
1814,6.2333,0.003567,0.0389,0.0,-0.035333,0.998135,-0.061049,1
1815,6.25,0.004917,0.042,0.0,-0.037083,0.997859,-0.065403,1
1816,6.2667,0.004283,0.0385,0.0,-0.034217,0.997564,-0.069756,1
1817,6.2833,0.0026,0.041,0.0,-0.0384,0.99725,-0.074108,1
1818,6.3,0.00545,0.0417,0.0,-0.03625,0.996917,-0.078459,1
1819,6.3167,0.007467,0.0376,0.0,-0.030133,0.996566,-0.082808,1
1820,6.3333,0.01035,0.0452,0.0,-0.03485,0.996195,-0.087156,1
1821,6.35,0.005233,0.0404,0.0,-0.035167,0.995805,-0.091502,1
1822,6.3667,0.007233,0.0388,0.0,-0.031567,0.995396,-0.095846,1
1823,6.3833,0.006383,0.0408,0.0,-0.034417,0.994969,-0.100188,1
1824,6.4,0.008783,0.0416,0.0,-0.032817,0.994522,-0.104528,1
1825,6.4167,0.010517,0.0379,0.0,-0.027383,0.994056,-0.108867,1
1826,6.4333,0.0065,0.0403,0.0,-0.0338,0.993572,-0.113203,1
1827,6.45,0.008483,0.0417,0.0,-0.033217,0.993068,-0.117537,1
1828,6.4667,0.008783,0.0402,0.0,-0.031417,0.992546,-0.121869,1
1829,6.4833,0.007017,0.0378,0.0,-0.030783,0.992005,-0.126199,1
1830,6.5,0.011517,0.0386,0.0,-0.027083,0.991445,-0.130526,1
1831,6.5167,0.008017,0.0384,0.0,-0.030383,0.990866,-0.134851,1
1832,6.5333,0.0108,0.041,0.0,-0.0302,0.990268,-0.139173,1
1833,6.55,0.0151,0.0414,0.0,-0.0263,0.989651,-0.143493,1
1834,6.5667,0.01245,0.0388,0.0,-0.02635,0.989016,-0.147809,1
1835,6.5833,0.011217,0.0385,0.0,-0.027283,0.988362,-0.152123,1
1836,6.6,0.014183,0.0377,0.0,-0.023517,0.987688,-0.156434,1
1837,6.6167,0.009567,0.043,0.0,-0.033433,0.986996,-0.160743,1
1838,6.6333,0.0129,0.0373,0.0,-0.0244,0.986286,-0.165048,1
1839,6.65,0.014433,0.0414,0.0,-0.026967,0.985556,-0.16935,1
1840,6.6667,0.014883,0.0401,0.0,-0.025217,0.984808,-0.173648,1
1841,6.6833,0.01665,0.0396,0.0,-0.02295,0.984041,-0.177944,1
1842,6.7,0.012683,0.0415,0.0,-0.028817,0.983255,-0.182236,1
1843,6.7167,0.017433,0.0402,0.0,-0.022767,0.98245,-0.186524,1
1844,6.7333,0.01805,0.0381,0.0,-0.02005,0.981627,-0.190809,1
1845,6.75,0.01225,0.0398,0.0,-0.02755,0.980785,-0.19509,1
1846,6.7667,0.012717,0.0395,0.0,-0.026783,0.979925,-0.199368,1
1847,6.7833,0.016767,0.0411,0.0,-0.024333,0.979045,-0.203642,1
1848,6.8,0.018367,0.0425,0.0,-0.024133,0.978148,-0.207912,1
1849,6.8167,0.018383,0.0364,0.0,-0.018017,0.977231,-0.212178,1
1850,6.8333,0.020367,0.0356,0.0,-0.015233,0.976296,-0.21644,1
1851,6.85,0.01525,0.0409,0.0,-0.02565,0.975342,-0.220697,1
1852,6.8667,0.013983,0.0393,0.0,-0.025317,0.97437,-0.224951,1
1853,6.8833,0.017617,0.0384,0.0,-0.020783,0.973379,-0.2292,1
1854,6.9,0.02095,0.0412,0.0,-0.02025,0.97237,-0.233445,1
1855,6.9167,0.0206,0.0395,0.0,-0.0189,0.971342,-0.237686,1
1856,6.9333,0.017767,0.0386,0.0,-0.020833,0.970296,-0.241922,1
1857,6.95,0.024667,0.0389,0.0,-0.014233,0.969231,-0.246153,1
1858,6.9667,0.019067,0.0394,0.0,-0.020333,0.968148,-0.25038,1
1859,6.9833,0.0196,0.0402,0.0,-0.0206,0.967046,-0.254602,1
1860,7.0,0.01785,0.0701,0.0,-0.05225,0.965926,-0.258819,1
1861,7.0167,0.018817,0.0755,0.0,-0.056683,0.964787,-0.263031,1
1862,7.0333,0.0259,0.0712,0.0,-0.0453,0.96363,-0.267238,1
1863,7.05,0.022217,0.0739,0.0,-0.051683,0.962455,-0.27144,1
1864,7.0667,0.024683,0.068,0.0,-0.043317,0.961262,-0.275637,1
1865,7.0833,0.025067,0.0731,0.0,-0.048033,0.96005,-0.279829,1
1866,7.1,0.024967,0.0699,0.0,-0.044933,0.95882,-0.284015,1
1867,7.1167,0.0226,0.0738,0.0,-0.0512,0.957571,-0.288196,1
1868,7.1333,0.023217,0.0703,0.0,-0.047083,0.956305,-0.292372,1
1869,7.15,0.021583,0.0752,0.0,-0.053617,0.95502,-0.296542,1
1870,7.1667,0.0268,0.0721,0.0,-0.0453,0.953717,-0.300706,1
1871,7.1833,0.02295,0.0727,0.0,-0.04975,0.952396,-0.304864,1
1872,7.2,0.026433,0.0719,0.0,-0.045467,0.951057,-0.309017,1
1873,7.2167,0.022433,0.067,0.0,-0.044567,0.949699,-0.313164,1
1874,7.2333,0.02355,0.0709,0.0,-0.04735,0.948324,-0.317305,1
1875,7.25,0.020867,0.0687,0.0,-0.047833,0.94693,-0.321439,1
1876,7.2667,0.027467,0.0725,0.0,-0.045033,0.945519,-0.325568,1
1877,7.2833,0.026483,0.0738,0.0,-0.047317,0.944089,-0.329691,1
1878,7.3,0.028683,0.0718,0.0,-0.043117,0.942641,-0.333807,1
1879,7.3167,0.0282,0.0726,0.0,-0.0444,0.941176,-0.337917,1
1880,7.3333,0.027783,0.0724,0.0,-0.044617,0.939693,-0.34202,1
1881,7.35,0.029233,0.0718,0.0,-0.042567,0.938191,-0.346117,1
1882,7.3667,0.025667,0.0725,0.0,-0.046833,0.936672,-0.350207,1
1883,7.3833,0.031,0.0686,0.0,-0.0376,0.935135,-0.354291,1
1884,7.4,0.027083,0.0752,0.0,-0.048117,0.93358,-0.358368,1
1885,7.4167,0.02655,0.0712,0.0,-0.04465,0.932008,-0.362438,1
1886,7.4333,0.028733,0.0729,0.0,-0.044167,0.930418,-0.366501,1
1887,7.45,0.02555,0.0741,0.0,-0.04855,0.92881,-0.370557,1
1888,7.4667,0.0375,0.0702,0.0,-0.0327,0.927184,-0.374607,1
1889,7.4833,0.032317,0.0714,0.0,-0.039083,0.925541,-0.378649,1
1890,7.5,0.03175,0.0738,0.0,-0.04205,0.92388,-0.382683,1
1891,7.5167,0.035383,0.0704,0.0,-0.035017,0.922201,-0.386711,1
1892,7.5333,0.026583,0.0741,0.0,-0.047517,0.920505,-0.390731,1
1893,7.55,0.028217,0.0675,0.0,-0.039283,0.918791,-0.394744,1
1894,7.5667,0.029067,0.0711,0.0,-0.042033,0.91706,-0.398749,1
1895,7.5833,0.02805,0.0735,0.0,-0.04545,0.915311,-0.402747,1
1896,7.6,0.031667,0.0726,0.0,-0.040933,0.913545,-0.406737,1
1897,7.6167,0.033083,0.0705,0.0,-0.037417,0.911762,-0.410719,1
1898,7.6333,0.029633,0.0735,0.0,-0.043867,0.909961,-0.414693,1
1899,7.65,0.03445,0.0754,0.0,-0.04095,0.908143,-0.41866,1
1900,7.6667,0.034633,0.0699,0.0,-0.035267,0.906308,-0.422618,1
1901,7.6833,0.034217,0.0734,0.0,-0.039183,0.904455,-0.426569,1
1902,7.7,0.03935,0.0722,0.0,-0.03285,0.902585,-0.430511,1
1903,7.7167,0.0306,0.0722,0.0,-0.0416,0.900698,-0.434445,1
1904,7.7333,0.0366,0.069,0.0,-0.0324,0.898794,-0.438371,1
1905,7.75,0.034717,0.0735,0.0,-0.038783,0.896873,-0.442289,1
1906,7.7667,0.03125,0.0725,0.0,-0.04125,0.894934,-0.446198,1
1907,7.7833,0.039,0.0731,0.0,-0.0341,0.892979,-0.450098,1
1908,7.8,0.03585,0.0735,0.0,-0.03765,0.891007,-0.45399,1
1909,7.8167,0.038233,0.0704,0.0,-0.032167,0.889017,-0.457874,1
1910,7.8333,0.0381,0.0698,0.0,-0.0317,0.887011,-0.461749,1
1911,7.85,0.034633,0.0752,0.0,-0.040567,0.884988,-0.465615,1
1912,7.8667,0.039217,0.0776,0.0,-0.038383,0.882948,-0.469472,1
1913,7.8833,0.039183,0.0724,0.0,-0.033217,0.880891,-0.47332,1
1914,7.9,0.040833,0.0709,0.0,-0.030067,0.878817,-0.477159,1
1915,7.9167,0.037833,0.0711,0.0,-0.033267,0.876727,-0.480989,1
1916,7.9333,0.034167,0.0723,0.0,-0.038133,0.87462,-0.48481,1
1917,7.95,0.03865,0.0702,0.0,-0.03155,0.872496,-0.488621,1
1918,7.9667,0.042733,0.072,0.0,-0.029267,0.870356,-0.492424,1
1919,7.9833,0.03935,0.0726,0.0,-0.03325,0.868199,-0.496217,1
1920,8.0,0.04375,0.0715,0.0,-0.02775,0.866025,-0.5,1
1921,8.0167,0.037117,0.0732,0.0,-0.036083,0.863836,-0.503774,1
1922,8.0333,0.040633,0.073,0.0,-0.032367,0.861629,-0.507538,1
1923,8.05,0.042067,0.0708,0.0,-0.028733,0.859406,-0.511293,1
1924,8.0667,0.043983,0.0708,0.0,-0.026817,0.857167,-0.515038,1
1925,8.0833,0.0372,0.0696,0.0,-0.0324,0.854912,-0.518773,1
1926,8.1,0.044917,0.0723,0.0,-0.027383,0.85264,-0.522499,1
1927,8.1167,0.040833,0.0687,0.0,-0.027867,0.850352,-0.526214,1
1928,8.1333,0.03955,0.0703,0.0,-0.03075,0.848048,-0.529919,1
1929,8.15,0.041117,0.0724,0.0,-0.031283,0.845728,-0.533615,1
1930,8.1667,0.04305,0.0754,0.0,-0.03235,0.843391,-0.5373,1
1931,8.1833,0.0431,0.0757,0.0,-0.0326,0.841039,-0.540974,1
1932,8.2,0.04495,0.0725,0.0,-0.02755,0.838671,-0.544639,1
1933,8.2167,0.038233,0.0742,0.0,-0.035967,0.836286,-0.548293,1
1934,8.2333,0.046717,0.0723,0.0,-0.025583,0.833886,-0.551937,1
1935,8.25,0.0467,0.0726,0.0,-0.0259,0.83147,-0.55557,1
1936,8.2667,0.04375,0.0737,0.0,-0.02995,0.829038,-0.559193,1
1937,8.2833,0.048817,0.0704,0.0,-0.021583,0.82659,-0.562805,1
1938,8.3,0.0475,0.0763,0.0,-0.0288,0.824126,-0.566406,1
1939,8.3167,0.043267,0.0737,0.0,-0.030433,0.821647,-0.569997,1
1940,8.3333,0.044033,0.0724,0.0,-0.028367,0.819152,-0.573576,1
1941,8.35,0.043717,0.0709,0.0,-0.027183,0.816642,-0.577145,1
1942,8.3667,0.0453,0.074,0.0,-0.0287,0.814116,-0.580703,1
1943,8.3833,0.0485,0.0732,0.0,-0.0247,0.811574,-0.58425,1
1944,8.4,0.0446,0.0689,0.0,-0.0243,0.809017,-0.587785,1
1945,8.4167,0.049467,0.071,0.0,-0.021533,0.806445,-0.59131,1
1946,8.4333,0.053283,0.0694,0.0,-0.016117,0.803857,-0.594823,1
1947,8.45,0.049017,0.07,0.0,-0.020983,0.801254,-0.598325,1
1948,8.4667,0.053217,0.0752,0.0,-0.021983,0.798636,-0.601815,1
1949,8.4833,0.0502,0.0706,0.0,-0.0204,0.796002,-0.605294,1
1950,8.5,0.048483,0.071,0.0,-0.022517,0.793353,-0.608761,1
1951,8.5167,0.046817,0.0733,0.0,-0.026483,0.79069,-0.612217,1
1952,8.5333,0.04565,0.0713,0.0,-0.02565,0.788011,-0.615661,1
1953,8.55,0.048983,0.0723,0.0,-0.023317,0.785317,-0.619094,1
1954,8.5667,0.048917,0.0713,0.0,-0.022383,0.782608,-0.622515,1
1955,8.5833,0.044733,0.0767,0.0,-0.031967,0.779884,-0.625923,1
1956,8.6,0.05465,0.0731,0.0,-0.01845,0.777146,-0.62932,1
1957,8.6167,0.0497,0.0747,0.0,-0.025,0.774393,-0.632705,1
1958,8.6333,0.0507,0.069,0.0,-0.0183,0.771625,-0.636078,1
1959,8.65,0.04885,0.0759,0.0,-0.02705,0.768842,-0.639439,1
1960,8.6667,0.053633,0.0705,0.0,-0.016867,0.766044,-0.642788,1
1961,8.6833,0.048367,0.0701,0.0,-0.021733,0.763232,-0.646124,1
1962,8.7,0.054883,0.0681,0.0,-0.013217,0.760406,-0.649448,1
1963,8.7167,0.056,0.0725,0.0,-0.0165,0.757565,-0.65276,1
1964,8.7333,0.054917,0.0691,0.0,-0.014183,0.75471,-0.656059,1
1965,8.75,0.048783,0.0751,0.0,-0.026317,0.75184,-0.659346,1
1966,8.7667,0.0508,0.0695,0.0,-0.0187,0.748956,-0.66262,1
1967,8.7833,0.050517,0.0709,0.0,-0.020383,0.746057,-0.665882,1
1968,8.8,0.054633,0.0707,0.0,-0.016067,0.743145,-0.669131,1
1969,8.8167,0.049233,0.0702,0.0,-0.020967,0.740218,-0.672367,1
1970,8.8333,0.057467,0.0737,0.0,-0.016233,0.737277,-0.67559,1
1971,8.85,0.053283,0.0744,0.0,-0.021117,0.734323,-0.678801,1
1972,8.8667,0.055367,0.0738,0.0,-0.018433,0.731354,-0.681998,1
1973,8.8833,0.054233,0.0719,0.0,-0.017667,0.728371,-0.685183,1
1974,8.9,0.0544,0.0745,0.0,-0.0201,0.725374,-0.688355,1
1975,8.9167,0.055633,0.0731,0.0,-0.017467,0.722364,-0.691513,1
1976,8.9333,0.05205,0.0701,0.0,-0.01805,0.71934,-0.694658,1
1977,8.95,0.055333,0.0739,0.0,-0.018567,0.716302,-0.69779,1
1978,8.9667,0.05795,0.0739,0.0,-0.01595,0.71325,-0.700909,1
1979,8.9833,0.05665,0.071,0.0,-0.01435,0.710185,-0.704015,1
1980,9.0,0.0574,0.0368,0.0206,0.0206,0.707107,-0.707107,0
1981,9.0167,0.058967,0.0419,0.0377,0.017067,0.704015,-0.710185,0
1982,9.0333,0.059417,0.0383,0.0588,0.021117,0.700909,-0.71325,0
1983,9.05,0.057183,0.042,0.074,0.015183,0.69779,-0.716302,0
1984,9.0667,0.063433,0.0383,0.0991,0.025133,0.694658,-0.71934,0
1985,9.0833,0.0593,0.0399,0.1185,0.0194,0.691513,-0.722364,0
1986,9.1,0.0602,0.0419,0.1368,0.0183,0.688355,-0.725374,0
1987,9.1167,0.061267,0.0401,0.158,0.021167,0.685183,-0.728371,0
1988,9.1333,0.056183,0.0387,0.1755,0.017483,0.681998,-0.731354,0
1989,9.15,0.052667,0.0399,0.1883,0.012767,0.678801,-0.734323,0
1990,9.1667,0.055183,0.041,0.2025,0.014183,0.67559,-0.737277,0
1991,9.1833,0.061367,0.0422,0.2217,0.019167,0.672367,-0.740218,0
1992,9.2,0.060433,0.0452,0.2369,0.015233,0.669131,-0.743145,0
1993,9.2167,0.061517,0.0376,0.2608,0.023917,0.665882,-0.746057,0
1994,9.2333,0.059533,0.0444,0.2759,0.015133,0.66262,-0.748956,0
1995,9.25,0.060683,0.0415,0.2951,0.019183,0.659346,-0.75184,0
1996,9.2667,0.062467,0.0406,0.317,0.021867,0.656059,-0.75471,0
1997,9.2833,0.061033,0.0403,0.3377,0.020733,0.65276,-0.757565,0
1998,9.3,0.0644,0.0391,0.363,0.0253,0.649448,-0.760406,0
1999,9.3167,0.0589,0.0419,0.38,0.017,0.646124,-0.763232,0
2000,9.3333,0.062017,0.0367,0.4053,0.025317,0.642788,-0.766044,0
2001,9.35,0.061417,0.0418,0.4249,0.019617,0.639439,-0.768842,0
2002,9.3667,0.060767,0.0408,0.4449,0.019967,0.636078,-0.771625,0
2003,9.3833,0.0641,0.0379,0.4711,0.0262,0.632705,-0.774393,0
2004,9.4,0.062917,0.0422,0.4918,0.020717,0.62932,-0.777146,0
2005,9.4167,0.06125,0.0397,0.5134,0.02155,0.625923,-0.779884,0
2006,9.4333,0.060717,0.0393,0.5348,0.021417,0.622515,-0.782608,0
2007,9.45,0.0635,0.0423,0.556,0.0212,0.619094,-0.785317,0
2008,9.4667,0.060283,0.0407,0.5756,0.019583,0.615661,-0.788011,0
2009,9.4833,0.06545,0.0412,0.5998,0.02425,0.612217,-0.79069,0
2010,9.5,0.06635,0.0399,0.6262,0.02645,0.608761,-0.793353,0
2011,9.5167,0.067167,0.0382,0.6552,0.028967,0.605294,-0.796002,0
2012,9.5333,0.065017,0.0413,0.6789,0.023717,0.601815,-0.798636,0
2013,9.55,0.0601,0.0396,0.6994,0.0205,0.598325,-0.801254,0
2014,9.5667,0.064217,0.037,0.7266,0.027217,0.594823,-0.803857,0
2015,9.5833,0.06805,0.0421,0.7526,0.02595,0.59131,-0.806445,0
2016,9.6,0.06465,0.0388,0.7785,0.02585,0.587785,-0.809017,0
2017,9.6167,0.06785,0.0406,0.8057,0.02725,0.58425,-0.811574,0
2018,9.6333,0.065467,0.0379,0.8333,0.027567,0.580703,-0.814116,0
2019,9.65,0.063483,0.0393,0.8575,0.024183,0.577145,-0.816642,0
2020,9.6667,0.066117,0.04,0.8836,0.026117,0.573576,-0.819152,0
2021,9.6833,0.063983,0.0407,0.9069,0.023283,0.569997,-0.821647,0
2022,9.7,0.0654,0.0374,0.9349,0.028,0.566406,-0.824126,0
2023,9.7167,0.064517,0.0445,0.9549,0.020017,0.562805,-0.82659,0
2024,9.7333,0.064483,0.0398,0.9796,0.024683,0.559193,-0.829038,0
2025,9.75,0.071017,0.04,1.0106,0.031017,0.55557,-0.83147,0
2026,9.7667,0.068033,0.0391,1.0395,0.028933,0.551937,-0.833886,0
2027,9.7833,0.06115,0.0434,1.0573,0.01775,0.548293,-0.836286,0
2028,9.8,0.06685,0.0392,1.085,0.02765,0.544639,-0.838671,0
2029,9.8167,0.065667,0.038,1.1127,0.027667,0.540974,-0.841039,0
2030,9.8333,0.067383,0.0403,1.1398,0.027083,0.5373,-0.843391,0
2031,9.85,0.066917,0.0388,1.1679,0.028117,0.533615,-0.845728,0
2032,9.8667,0.06745,0.0412,1.1942,0.02625,0.529919,-0.848048,0
2033,9.8833,0.069383,0.0405,1.2231,0.028883,0.526214,-0.850352,0
2034,9.9,0.06825,0.0415,1.2498,0.02675,0.522499,-0.85264,0
2035,9.9167,0.0675,0.0398,1.2775,0.0277,0.518773,-0.854912,0
2036,9.9333,0.069417,0.0389,1.308,0.030517,0.515038,-0.857167,0
2037,9.95,0.069567,0.0376,1.34,0.031967,0.511293,-0.859406,0
2038,9.9667,0.067533,0.0413,1.3662,0.026233,0.507538,-0.861629,0
2039,9.9833,0.069983,0.0398,1.3964,0.030183,0.503774,-0.863836,0
2040,10.0,0.070083,0.0408,1.4257,0.029283,0.5,-0.866025,0
2041,10.0167,0.069433,0.041,1.4541,0.028433,0.496217,-0.868199,0
2042,10.0333,0.06945,0.0404,1.4831,0.02905,0.492424,-0.870356,0
2043,10.05,0.072483,0.0425,1.5131,0.029983,0.488621,-0.872496,0
2044,10.0667,0.0726,0.0382,1.5475,0.0344,0.48481,-0.87462,0
2045,10.0833,0.0691,0.0397,1.5769,0.0294,0.480989,-0.876727,0
2046,10.1,0.072083,0.0405,1.6085,0.031583,0.477159,-0.878817,0
2047,10.1167,0.073133,0.0399,1.6417,0.033233,0.47332,-0.880891,0
2048,10.1333,0.0727,0.0409,1.6735,0.0318,0.469472,-0.882948,0
2049,10.15,0.071667,0.04,1.7052,0.031667,0.465615,-0.884988,0
2050,10.1667,0.067217,0.0442,1.7282,0.023017,0.461749,-0.887011,0
2051,10.1833,0.0713,0.0405,1.759,0.0308,0.457874,-0.889017,0
2052,10.2,0.069933,0.0347,1.7942,0.035233,0.45399,-0.891007,0
2053,10.2167,0.07115,0.0403,1.8251,0.03085,0.450098,-0.892979,0
2054,10.2333,0.0698,0.0398,1.8551,0.03,0.446198,-0.894934,0
2055,10.25,0.0711,0.0395,1.8867,0.0316,0.442289,-0.896873,0
2056,10.2667,0.073067,0.0448,1.915,0.028267,0.438371,-0.898794,0
2057,10.2833,0.066283,0.04,1.9413,0.026283,0.434445,-0.900698,0
2058,10.3,0.070817,0.0379,1.9742,0.032917,0.430511,-0.902585,0
2059,10.3167,0.0663,0.0357,2.0048,0.0306,0.426569,-0.904455,0
2060,10.3333,0.072533,0.0412,2.0361,0.031333,0.422618,-0.906308,0
2061,10.35,0.07255,0.0382,2.0705,0.03435,0.41866,-0.908143,0
2062,10.3667,0.066783,0.038,2.0993,0.028783,0.414693,-0.909961,0
2063,10.3833,0.0731,0.0413,2.1311,0.0318,0.410719,-0.911762,0
2064,10.4,0.076217,0.0379,2.1694,0.038317,0.406737,-0.913545,0
2065,10.4167,0.0727,0.0379,2.2042,0.0348,0.402747,-0.915311,0
2066,10.4333,0.0756,0.038,2.2418,0.0376,0.398749,-0.91706,0
2067,10.45,0.069183,0.0372,2.2738,0.031983,0.394744,-0.918791,0
2068,10.4667,0.071083,0.0435,2.3014,0.027583,0.390731,-0.920505,0
2069,10.4833,0.075483,0.0409,2.336,0.034583,0.386711,-0.922201,0
2070,10.5,0.073283,0.0393,2.37,0.033983,0.382683,-0.92388,0
2071,10.5167,0.075567,0.0423,2.4033,0.033267,0.378649,-0.925541,0
2072,10.5333,0.0761,0.0389,2.4405,0.0372,0.374607,-0.927184,0
2073,10.55,0.072567,0.0413,2.4718,0.031267,0.370557,-0.92881,0
2074,10.5667,0.07435,0.0362,2.5099,0.03815,0.366501,-0.930418,0
2075,10.5833,0.07765,0.0398,2.5478,0.03785,0.362438,-0.932008,0
2076,10.6,0.072917,0.0424,2.5783,0.030517,0.358368,-0.93358,0
2077,10.6167,0.07325,0.0385,2.613,0.03475,0.354291,-0.935135,0
2078,10.6333,0.072133,0.0404,2.6447,0.031733,0.350207,-0.936672,0
2079,10.65,0.072667,0.0412,2.6762,0.031467,0.346117,-0.938191,0
2080,10.6667,0.071617,0.0389,2.7089,0.032717,0.34202,-0.939693,0
2081,10.6833,0.076333,0.0392,2.746,0.037133,0.337917,-0.941176,0
2082,10.7,0.080067,0.0412,2.7849,0.038867,0.333807,-0.942641,0
2083,10.7167,0.072433,0.0385,2.8188,0.033933,0.329691,-0.944089,0
2084,10.7333,0.0785,0.0381,2.8592,0.0404,0.325568,-0.945519,0
2085,10.75,0.0754,0.0391,2.8955,0.0363,0.321439,-0.94693,0
2086,10.7667,0.077883,0.0418,2.9316,0.036083,0.317305,-0.948324,0
2087,10.7833,0.0772,0.0421,2.9667,0.0351,0.313164,-0.949699,0
2088,10.8,0.074467,0.0435,2.9977,0.030967,0.309017,-0.951057,0
2089,10.8167,0.076433,0.0386,3.0355,0.037833,0.304864,-0.952396,0
2090,10.8333,0.072617,0.0384,3.0697,0.034217,0.300706,-0.953717,0
2091,10.85,0.073283,0.0419,3.1011,0.031383,0.296542,-0.95502,0
2092,10.8667,0.076817,0.0378,3.1401,0.039017,0.292372,-0.956305,0
2093,10.8833,0.08015,0.038,3.1823,0.04215,0.288196,-0.957571,0
2094,10.9,0.076483,0.0384,3.2204,0.038083,0.284015,-0.95882,0
2095,10.9167,0.076867,0.0391,3.2582,0.037767,0.279829,-0.96005,0
2096,10.9333,0.0763,0.0379,3.2966,0.0384,0.275637,-0.961262,0
2097,10.95,0.078183,0.0362,3.3386,0.041983,0.27144,-0.962455,0
2098,10.9667,0.080517,0.0409,3.3782,0.039617,0.267238,-0.96363,0
2099,10.9833,0.080233,0.0385,3.4199,0.041733,0.263031,-0.964787,0
2100,11.0,0.076817,0.0394,3.4573,0.037417,0.258819,-0.965926,0
2101,11.0167,0.077383,0.0417,3.493,0.035683,0.254602,-0.967046,0
2102,11.0333,0.081667,0.0385,3.5362,0.043167,0.25038,-0.968148,0
2103,11.05,0.076933,0.0384,3.5747,0.038533,0.246153,-0.969231,0
2104,11.0667,0.078533,0.0374,3.6158,0.041133,0.241922,-0.970296,0
2105,11.0833,0.078817,0.0376,3.657,0.041217,0.237686,-0.971342,0
2106,11.1,0.07945,0.039,3.6974,0.04045,0.233445,-0.97237,0
2107,11.1167,0.079883,0.038,3.7393,0.041883,0.2292,-0.973379,0
2108,11.1333,0.074133,0.0379,3.7755,0.036233,0.224951,-0.97437,0
2109,11.15,0.076967,0.0405,3.812,0.036467,0.220697,-0.975342,0
2110,11.1667,0.076833,0.0428,3.846,0.034033,0.21644,-0.976296,0
2111,11.1833,0.0801,0.0408,3.8853,0.0393,0.212178,-0.977231,0
2112,11.2,0.076367,0.0361,3.9256,0.040267,0.207912,-0.978148,0
2113,11.2167,0.078667,0.0366,3.9677,0.042067,0.203642,-0.979045,0
2114,11.2333,0.078767,0.0386,4.0079,0.040167,0.199368,-0.979925,0
2115,11.25,0.071533,0.0417,4.0377,0.029833,0.19509,-0.980785,0
2116,11.2667,0.0769,0.0398,4.0748,0.0371,0.190809,-0.981627,0
2117,11.2833,0.079,0.0388,4.115,0.0402,0.186524,-0.98245,0
2118,11.3,0.07685,0.0375,4.1544,0.03935,0.182236,-0.983255,0
2119,11.3167,0.080783,0.0415,4.1937,0.039283,0.177944,-0.984041,0
2120,11.3333,0.076083,0.035,4.2348,0.041083,0.173648,-0.984808,0
2121,11.35,0.076117,0.041,4.2699,0.035117,0.16935,-0.985556,0
2122,11.3667,0.082383,0.0427,4.3096,0.039683,0.165048,-0.986286,0
2123,11.3833,0.078,0.0392,4.3484,0.0388,0.160743,-0.986996,0
2124,11.4,0.0794,0.0374,4.3904,0.042,0.156434,-0.987688,0
2125,11.4167,0.078633,0.0381,4.4309,0.040533,0.152123,-0.988362,0
2126,11.4333,0.071533,0.0409,4.4615,0.030633,0.147809,-0.989016,0
2127,11.45,0.076567,0.0405,4.4976,0.036067,0.143493,-0.989651,0
2128,11.4667,0.08035,0.0391,4.5389,0.04125,0.139173,-0.990268,0
2129,11.4833,0.081817,0.0393,4.5814,0.042517,0.134851,-0.990866,0
2130,11.5,0.0818,0.0426,4.6206,0.0392,0.130526,-0.991445,0
2131,11.5167,0.081483,0.0372,4.6649,0.044283,0.126199,-0.992005,0
2132,11.5333,0.078967,0.039,4.7049,0.039967,0.121869,-0.992546,0
2133,11.55,0.077483,0.0403,4.7421,0.037183,0.117537,-0.993068,0
2134,11.5667,0.080867,0.0422,4.7808,0.038667,0.113203,-0.993572,0
2135,11.5833,0.077033,0.0411,4.8167,0.035933,0.108867,-0.994056,0
2136,11.6,0.078633,0.0418,4.8535,0.036833,0.104528,-0.994522,0
2137,11.6167,0.077983,0.0419,4.8896,0.036083,0.100188,-0.994969,0
2138,11.6333,0.074417,0.04,4.924,0.034417,0.095846,-0.995396,0
2139,11.65,0.078533,0.0394,4.9631,0.039133,0.091502,-0.995805,0
2140,11.6667,0.081717,0.0395,5.0053,0.042217,0.087156,-0.996195,0
2141,11.6833,0.080517,0.0388,5.047,0.041717,0.082808,-0.996566,0
2142,11.7,0.080617,0.0389,5.0887,0.041717,0.078459,-0.996917,0
2143,11.7167,0.081067,0.0402,5.1296,0.040867,0.074108,-0.99725,0
2144,11.7333,0.0814,0.0368,5.1742,0.0446,0.069756,-0.997564,0
2145,11.75,0.07885,0.0389,5.2142,0.03995,0.065403,-0.997859,0
2146,11.7667,0.080383,0.0361,5.2585,0.044283,0.061049,-0.998135,0
2147,11.7833,0.077817,0.0404,5.2959,0.037417,0.056693,-0.998392,0
2148,11.8,0.08485,0.0429,5.3378,0.04195,0.052336,-0.99863,0
2149,11.8167,0.078717,0.0436,5.3729,0.035117,0.047978,-0.998848,0
2150,11.8333,0.0812,0.0393,5.4148,0.0419,0.043619,-0.999048,0
2151,11.85,0.079567,0.0426,5.4518,0.036967,0.03926,-0.999229,0
2152,11.8667,0.080283,0.0374,5.4947,0.042883,0.034899,-0.999391,0
2153,11.8833,0.080467,0.0409,5.5343,0.039567,0.030539,-0.999534,0
2154,11.9,0.081317,0.0401,5.5755,0.041217,0.026177,-0.999657,0
2155,11.9167,0.077983,0.0395,5.614,0.038483,0.021815,-0.999762,0
2156,11.9333,0.078833,0.0414,5.6514,0.037433,0.017452,-0.999848,0
2157,11.95,0.079067,0.039,5.6915,0.040067,0.01309,-0.999914,0
2158,11.9667,0.084583,0.0398,5.7363,0.044783,0.008727,-0.999962,0
2159,11.9833,0.076667,0.0418,5.7712,0.034867,0.004363,-0.99999,0
2160,12.0,0.0778,0.038,5.811,0.0398,0.0,-1.0,0
2161,12.0167,0.079817,0.0407,5.8501,0.039117,-0.004363,-0.99999,0
2162,12.0333,0.082,0.0447,5.8874,0.0373,-0.008727,-0.999962,0
2163,12.05,0.081983,0.0411,5.9283,0.040883,-0.01309,-0.999914,0
2164,12.0667,0.080367,0.0397,5.969,0.040667,-0.017452,-0.999848,0
2165,12.0833,0.0788,0.0429,6.0049,0.0359,-0.021815,-0.999762,0
2166,12.1,0.083333,0.0414,6.0468,0.041933,-0.026177,-0.999657,0
2167,12.1167,0.079617,0.0405,6.0859,0.039117,-0.030539,-0.999534,0
2168,12.1333,0.082683,0.0377,6.1309,0.044983,-0.034899,-0.999391,0
2169,12.15,0.07775,0.039,6.1696,0.03875,-0.03926,-0.999229,0
2170,12.1667,0.07815,0.0396,6.2081,0.03855,-0.043619,-0.999048,0
2171,12.1833,0.082083,0.0371,6.2531,0.044983,-0.047978,-0.998848,0
2172,12.2,0.079667,0.0396,6.2932,0.040067,-0.052336,-0.99863,0
2173,12.2167,0.080333,0.0435,6.33,0.036833,-0.056693,-0.998392,0
2174,12.2333,0.082033,0.0398,6.3722,0.042233,-0.061049,-0.998135,0
2175,12.25,0.0793,0.0393,6.4122,0.04,-0.065403,-0.997859,0
2176,12.2667,0.080517,0.0379,6.4548,0.042617,-0.069756,-0.997564,0
2177,12.2833,0.078367,0.0407,6.4925,0.037667,-0.074108,-0.99725,0
2178,12.3,0.0769,0.0395,6.5299,0.0374,-0.078459,-0.996917,0
2179,12.3167,0.07885,0.0397,6.569,0.03915,-0.082808,-0.996566,0
2180,12.3333,0.082867,0.0412,6.6107,0.041667,-0.087156,-0.996195,0
2181,12.35,0.0762,0.0393,6.6476,0.0369,-0.091502,-0.995805,0
2182,12.3667,0.081633,0.0391,6.6901,0.042533,-0.095846,-0.995396,0
2183,12.3833,0.080483,0.0378,6.7328,0.042683,-0.100188,-0.994969,0
2184,12.4,0.083933,0.037,6.7797,0.046933,-0.104528,-0.994522,0
2185,12.4167,0.075383,0.0394,6.8157,0.035983,-0.108867,-0.994056,0
2186,12.4333,0.079633,0.0382,6.8571,0.041433,-0.113203,-0.993572,0
2187,12.45,0.078617,0.0404,6.8953,0.038217,-0.117537,-0.993068,0
2188,12.4667,0.081183,0.0379,6.9386,0.043283,-0.121869,-0.992546,0
2189,12.4833,0.0833,0.0385,6.9834,0.0448,-0.126199,-0.992005,0
2190,12.5,0.078533,0.0397,7.0222,0.038833,-0.130526,-0.991445,0
2191,12.5167,0.079367,0.0372,7.0644,0.042167,-0.134851,-0.990866,0
2192,12.5333,0.077067,0.0427,7.0988,0.034367,-0.139173,-0.990268,0
2193,12.55,0.076383,0.0361,7.1391,0.040283,-0.143493,-0.989651,0
2194,12.5667,0.082167,0.0347,7.1866,0.047467,-0.147809,-0.989016,0
2195,12.5833,0.076667,0.0405,7.2228,0.036167,-0.152123,-0.988362,0
2196,12.6,0.079683,0.0386,7.2639,0.041083,-0.156434,-0.987688,0
2197,12.6167,0.079167,0.0409,7.3022,0.038267,-0.160743,-0.986996,0
2198,12.6333,0.080283,0.0421,7.3404,0.038183,-0.165048,-0.986286,0
2199,12.65,0.080183,0.0397,7.3809,0.040483,-0.16935,-0.985556,0
2200,12.6667,0.07465,0.0402,7.4154,0.03445,-0.173648,-0.984808,0
2201,12.6833,0.082633,0.042,7.456,0.040633,-0.177944,-0.984041,0
2202,12.7,0.080067,0.0417,7.4944,0.038367,-0.182236,-0.983255,0
2203,12.7167,0.0801,0.0416,7.5329,0.0385,-0.186524,-0.98245,0
2204,12.7333,0.075317,0.0401,7.5681,0.035217,-0.190809,-0.981627,0
2205,12.75,0.0773,0.0432,7.6022,0.0341,-0.19509,-0.980785,0
2206,12.7667,0.080217,0.0397,7.6427,0.040517,-0.199368,-0.979925,0
2207,12.7833,0.079917,0.0398,7.6828,0.040117,-0.203642,-0.979045,0
2208,12.8,0.079967,0.0375,7.7253,0.042467,-0.207912,-0.978148,0
2209,12.8167,0.073717,0.0393,7.7597,0.034417,-0.212178,-0.977231,0
2210,12.8333,0.076833,0.0408,7.7957,0.036033,-0.21644,-0.976296,0
2211,12.85,0.076133,0.0413,7.8305,0.034833,-0.220697,-0.975342,0
2212,12.8667,0.076917,0.0408,7.8666,0.036117,-0.224951,-0.97437,0
2213,12.8833,0.0778,0.0421,7.9023,0.0357,-0.2292,-0.973379,0
2214,12.9,0.07525,0.0405,7.9371,0.03475,-0.233445,-0.97237,0
2215,12.9167,0.079633,0.0407,7.976,0.038933,-0.237686,-0.971342,0
2216,12.9333,0.077783,0.038,8.0158,0.039783,-0.241922,-0.970296,0
2217,12.95,0.08345,0.0386,8.0606,0.04485,-0.246153,-0.969231,0
2218,12.9667,0.080083,0.0384,8.1023,0.041683,-0.25038,-0.968148,0
2219,12.9833,0.0781,0.0406,8.1398,0.0375,-0.254602,-0.967046,0
2220,13.0,0.072083,0.0396,8.1723,0.032483,-0.258819,-0.965926,0
2221,13.0167,0.077533,0.0415,8.2083,0.036033,-0.263031,-0.964787,0
2222,13.0333,0.078467,0.0409,8.2459,0.037567,-0.267238,-0.96363,0
2223,13.05,0.07525,0.0381,8.2831,0.03715,-0.27144,-0.962455,0
2224,13.0667,0.07565,0.0399,8.3188,0.03575,-0.275637,-0.961262,0
2225,13.0833,0.075833,0.0417,8.3529,0.034133,-0.279829,-0.96005,0
2226,13.1,0.079683,0.0398,8.3928,0.039883,-0.284015,-0.95882,0
2227,13.1167,0.074783,0.0396,8.428,0.035183,-0.288196,-0.957571,0
2228,13.1333,0.072183,0.0422,8.458,0.029983,-0.292372,-0.956305,0
2229,13.15,0.075183,0.0421,8.4911,0.033083,-0.296542,-0.95502,0
2230,13.1667,0.078017,0.0373,8.5318,0.040717,-0.300706,-0.953717,0
2231,13.1833,0.078433,0.043,8.5672,0.035433,-0.304864,-0.952396,0
2232,13.2,0.0746,0.0413,8.6005,0.0333,-0.309017,-0.951057,0
2233,13.2167,0.075367,0.0393,8.6366,0.036067,-0.313164,-0.949699,0
2234,13.2333,0.07645,0.0371,8.6759,0.03935,-0.317305,-0.948324,0
2235,13.25,0.078617,0.0381,8.7164,0.040517,-0.321439,-0.94693,0
2236,13.2667,0.073083,0.0359,8.7536,0.037183,-0.325568,-0.945519,0
2237,13.2833,0.07065,0.0413,8.783,0.02935,-0.329691,-0.944089,0
2238,13.3,0.075033,0.0402,8.8178,0.034833,-0.333807,-0.942641,0
2239,13.3167,0.073167,0.0401,8.8509,0.033067,-0.337917,-0.941176,0
2240,13.3333,0.074017,0.0382,8.8867,0.035817,-0.34202,-0.939693,0
2241,13.35,0.0723,0.0387,8.9203,0.0336,-0.346117,-0.938191,0
2242,13.3667,0.07825,0.0385,8.96,0.03975,-0.350207,-0.936672,0
2243,13.3833,0.074383,0.0416,8.9928,0.032783,-0.354291,-0.935135,0
2244,13.4,0.078683,0.0377,9.0338,0.040983,-0.358368,-0.93358,0
2245,13.4167,0.0725,0.0396,9.0667,0.0329,-0.362438,-0.932008,0
2246,13.4333,0.07045,0.0371,9.1,0.03335,-0.366501,-0.930418,0
2247,13.45,0.075683,0.0403,9.1354,0.035383,-0.370557,-0.92881,0
2248,13.4667,0.071033,0.0389,9.1675,0.032133,-0.374607,-0.927184,0
2249,13.4833,0.073467,0.0384,9.2026,0.035067,-0.378649,-0.925541,0
2250,13.5,0.0788,0.0409,9.2405,0.0379,-0.382683,-0.92388,0
2251,13.5167,0.07045,0.0394,9.2715,0.03105,-0.386711,-0.922201,0
2252,13.5333,0.07015,0.0437,9.298,0.02645,-0.390731,-0.920505,0
2253,13.55,0.073967,0.0365,9.3355,0.037467,-0.394744,-0.918791,0
2254,13.5667,0.07645,0.0379,9.374,0.03855,-0.398749,-0.91706,0
2255,13.5833,0.072983,0.0418,9.4052,0.031183,-0.402747,-0.915311,0
2256,13.6,0.0711,0.0375,9.4388,0.0336,-0.406737,-0.913545,0
2257,13.6167,0.071167,0.0392,9.4708,0.031967,-0.410719,-0.911762,0
2258,13.6333,0.07425,0.0363,9.5087,0.03795,-0.414693,-0.909961,0
2259,13.65,0.071417,0.0388,9.5413,0.032617,-0.41866,-0.908143,0
2260,13.6667,0.071917,0.0395,9.5737,0.032417,-0.422618,-0.906308,0
2261,13.6833,0.07595,0.0414,9.6083,0.03455,-0.426569,-0.904455,0
2262,13.7,0.073533,0.0432,9.6386,0.030333,-0.430511,-0.902585,0
2263,13.7167,0.0694,0.0418,9.6662,0.0276,-0.434445,-0.900698,0
2264,13.7333,0.071917,0.039,9.6991,0.032917,-0.438371,-0.898794,0
2265,13.75,0.069533,0.0391,9.7295,0.030433,-0.442289,-0.896873,0
2266,13.7667,0.072967,0.0401,9.7624,0.032867,-0.446198,-0.894934,0
2267,13.7833,0.0694,0.0429,9.7889,0.0265,-0.450098,-0.892979,0
2268,13.8,0.071867,0.0405,9.8203,0.031367,-0.45399,-0.891007,0
2269,13.8167,0.070783,0.0407,9.8504,0.030083,-0.457874,-0.889017,0
2270,13.8333,0.070883,0.0402,9.8811,0.030683,-0.461749,-0.887011,0
2271,13.85,0.0681,0.0447,9.9045,0.0234,-0.465615,-0.884988,0
2272,13.8667,0.07055,0.0369,9.9382,0.03365,-0.469472,-0.882948,0
2273,13.8833,0.07455,0.0424,9.9703,0.03215,-0.47332,-0.880891,0
2274,13.9,0.066467,0.0376,9.9992,0.028867,-0.477159,-0.878817,0
2275,13.9167,0.071717,0.0401,10.0308,0.031617,-0.480989,-0.876727,0
2276,13.9333,0.069517,0.0406,10.0597,0.028917,-0.48481,-0.87462,0
2277,13.95,0.07125,0.0406,10.0903,0.03065,-0.488621,-0.872496,0
2278,13.9667,0.068867,0.0431,10.1161,0.025767,-0.492424,-0.870356,0
2279,13.9833,0.068583,0.0395,10.1452,0.029083,-0.496217,-0.868199,0
2280,14.0,0.071933,0.0374,10.1797,0.034533,-0.5,-0.866025,0
2281,14.0167,0.06555,0.0388,10.2065,0.02675,-0.503774,-0.863836,0
2282,14.0333,0.065783,0.0376,10.2347,0.028183,-0.507538,-0.861629,0
2283,14.05,0.0706,0.0416,10.2637,0.029,-0.511293,-0.859406,0
2284,14.0667,0.067783,0.0403,10.2912,0.027483,-0.515038,-0.857167,0
2285,14.0833,0.067817,0.0375,10.3215,0.030317,-0.518773,-0.854912,0
2286,14.1,0.06505,0.0411,10.3454,0.02395,-0.522499,-0.85264,0
2287,14.1167,0.068233,0.0393,10.3743,0.028933,-0.526214,-0.850352,0
2288,14.1333,0.061283,0.0389,10.3967,0.022383,-0.529919,-0.848048,0
2289,14.15,0.071067,0.0382,10.4296,0.032867,-0.533615,-0.845728,0
2290,14.1667,0.069017,0.0404,10.4582,0.028617,-0.5373,-0.843391,0
2291,14.1833,0.065983,0.0388,10.4854,0.027183,-0.540974,-0.841039,0
2292,14.2,0.071067,0.0394,10.5171,0.031667,-0.544639,-0.838671,0
2293,14.2167,0.064117,0.0387,10.5425,0.025417,-0.548293,-0.836286,0
2294,14.2333,0.06625,0.0376,10.5712,0.02865,-0.551937,-0.833886,0
2295,14.25,0.069517,0.0365,10.6042,0.033017,-0.55557,-0.83147,0
2296,14.2667,0.06635,0.038,10.6326,0.02835,-0.559193,-0.829038,0
2297,14.2833,0.064183,0.0393,10.6575,0.024883,-0.562805,-0.82659,0
2298,14.3,0.064317,0.0411,10.6807,0.023217,-0.566406,-0.824126,0
2299,14.3167,0.066367,0.0414,10.7057,0.024967,-0.569997,-0.821647,0
2300,14.3333,0.06315,0.0405,10.7284,0.02265,-0.573576,-0.819152,0
2301,14.35,0.065567,0.0359,10.7581,0.029667,-0.577145,-0.816642,0
2302,14.3667,0.062867,0.0357,10.7853,0.027167,-0.580703,-0.814116,0
2303,14.3833,0.068817,0.0383,10.8158,0.030517,-0.58425,-0.811574,0
2304,14.4,0.063683,0.0388,10.8407,0.024883,-0.587785,-0.809017,0
2305,14.4167,0.06575,0.0385,10.8679,0.02725,-0.59131,-0.806445,0
2306,14.4333,0.066367,0.0405,10.8938,0.025867,-0.594823,-0.803857,0
2307,14.45,0.065617,0.0403,10.9191,0.025317,-0.598325,-0.801254,0
2308,14.4667,0.064017,0.0401,10.943,0.023917,-0.601815,-0.798636,0
2309,14.4833,0.06235,0.0387,10.9666,0.02365,-0.605294,-0.796002,0
2310,14.5,0.063883,0.0369,10.9936,0.026983,-0.608761,-0.793353,0
2311,14.5167,0.063567,0.0409,11.0163,0.022667,-0.612217,-0.79069,0
2312,14.5333,0.06365,0.0403,11.0396,0.02335,-0.615661,-0.788011,0
2313,14.55,0.061533,0.0395,11.0616,0.022033,-0.619094,-0.785317,0
2314,14.5667,0.056333,0.0392,11.0787,0.017133,-0.622515,-0.782608,0
2315,14.5833,0.0647,0.0371,11.1063,0.0276,-0.625923,-0.779884,0
2316,14.6,0.062583,0.0399,11.129,0.022683,-0.62932,-0.777146,0
2317,14.6167,0.057467,0.0396,11.1469,0.017867,-0.632705,-0.774393,0
2318,14.6333,0.0621,0.0409,11.1681,0.0212,-0.636078,-0.771625,0
2319,14.65,0.060983,0.041,11.1881,0.019983,-0.639439,-0.768842,0
2320,14.6667,0.058967,0.038,11.2091,0.020967,-0.642788,-0.766044,0
2321,14.6833,0.060417,0.0372,11.2323,0.023217,-0.646124,-0.763232,0
2322,14.7,0.065833,0.0398,11.2583,0.026033,-0.649448,-0.760406,0
2323,14.7167,0.059883,0.0432,11.275,0.016683,-0.65276,-0.757565,0
2324,14.7333,0.058267,0.0444,11.2889,0.013867,-0.656059,-0.75471,0
2325,14.75,0.061483,0.0387,11.3117,0.022783,-0.659346,-0.75184,0
2326,14.7667,0.05735,0.0402,11.3288,0.01715,-0.66262,-0.748956,0
2327,14.7833,0.060967,0.0388,11.351,0.022167,-0.665882,-0.746057,0
2328,14.8,0.061383,0.0359,11.3765,0.025483,-0.669131,-0.743145,0
2329,14.8167,0.05565,0.0394,11.3927,0.01625,-0.672367,-0.740218,0
2330,14.8333,0.057967,0.0421,11.4086,0.015867,-0.67559,-0.737277,0
2331,14.85,0.0624,0.0414,11.4296,0.021,-0.678801,-0.734323,0
2332,14.8667,0.056533,0.0373,11.4488,0.019233,-0.681998,-0.731354,0
2333,14.8833,0.056867,0.041,11.4647,0.015867,-0.685183,-0.728371,0
2334,14.9,0.06015,0.0371,11.4878,0.02305,-0.688355,-0.725374,0
2335,14.9167,0.05625,0.0423,11.5018,0.01395,-0.691513,-0.722364,0
2336,14.9333,0.053133,0.0395,11.5154,0.013633,-0.694658,-0.71934,0
2337,14.95,0.055483,0.0395,11.5314,0.015983,-0.69779,-0.716302,0
2338,14.9667,0.0567,0.041,11.5471,0.0157,-0.700909,-0.71325,0
2339,14.9833,0.054683,0.041,11.5608,0.013683,-0.704015,-0.710185,0
2340,15.0,0.057033,0.0383,11.5795,0.018733,-0.707107,-0.707107,0
2341,15.0167,0.05755,0.0392,11.5979,0.01835,-0.710185,-0.704015,0
2342,15.0333,0.050433,0.0403,11.608,0.010133,-0.71325,-0.700909,0
2343,15.05,0.056883,0.04,11.6249,0.016883,-0.716302,-0.69779,0
2344,15.0667,0.054883,0.0385,11.6413,0.016383,-0.71934,-0.694658,0
2345,15.0833,0.056917,0.0406,11.6576,0.016317,-0.722364,-0.691513,0
2346,15.1,0.04915,0.036,11.6707,0.01315,-0.725374,-0.688355,0
2347,15.1167,0.05385,0.0413,11.6833,0.01255,-0.728371,-0.685183,0
2348,15.1333,0.057817,0.0402,11.7009,0.017617,-0.731354,-0.681998,0
2349,15.15,0.054617,0.0396,11.7159,0.015017,-0.734323,-0.678801,0
2350,15.1667,0.054567,0.0375,11.733,0.017067,-0.737277,-0.67559,0
2351,15.1833,0.0559,0.0381,11.7508,0.0178,-0.740218,-0.672367,0
2352,15.2,0.05595,0.0379,11.7688,0.01805,-0.743145,-0.669131,0
2353,15.2167,0.054133,0.0405,11.7824,0.013633,-0.746057,-0.665882,0
2354,15.2333,0.052833,0.0401,11.7951,0.012733,-0.748956,-0.66262,0
2355,15.25,0.051667,0.0428,11.804,0.008867,-0.75184,-0.659346,0
2356,15.2667,0.051083,0.036,11.8191,0.015083,-0.75471,-0.656059,0
2357,15.2833,0.053767,0.0369,11.836,0.016867,-0.757565,-0.65276,0
2358,15.3,0.05355,0.044,11.8455,0.00955,-0.760406,-0.649448,0
2359,15.3167,0.0511,0.0423,11.8543,0.0088,-0.763232,-0.646124,0
2360,15.3333,0.053033,0.0387,11.8686,0.014333,-0.766044,-0.642788,0
2361,15.35,0.047733,0.0408,11.8755,0.006933,-0.768842,-0.639439,0
2362,15.3667,0.050917,0.0381,11.8883,0.012817,-0.771625,-0.636078,0
2363,15.3833,0.050033,0.0383,11.9,0.011733,-0.774393,-0.632705,0
2364,15.4,0.051333,0.0389,11.9124,0.012433,-0.777146,-0.62932,0
2365,15.4167,0.050367,0.0377,11.9251,0.012667,-0.779884,-0.625923,0
2366,15.4333,0.052217,0.0451,11.9322,0.007117,-0.782608,-0.622515,0
2367,15.45,0.047283,0.039,11.9405,0.008283,-0.785317,-0.619094,0
2368,15.4667,0.045317,0.037,11.9488,0.008317,-0.788011,-0.615661,0
2369,15.4833,0.050033,0.0429,11.9559,0.007133,-0.79069,-0.612217,0
2370,15.5,0.047967,0.037,11.9669,0.010967,-0.793353,-0.608761,0
2371,15.5167,0.0481,0.0431,11.9719,0.005,-0.796002,-0.605294,0
2372,15.5333,0.048533,0.0386,11.9818,0.009933,-0.798636,-0.601815,0
2373,15.55,0.046917,0.0378,11.9909,0.009117,-0.801254,-0.598325,0
2374,15.5667,0.049233,0.0416,11.9985,0.007633,-0.803857,-0.594823,0
2375,15.5833,0.052417,0.0383,12.0126,0.014117,-0.806445,-0.59131,0
2376,15.6,0.047583,0.0399,12.0203,0.007683,-0.809017,-0.587785,0
2377,15.6167,0.052267,0.0358,12.0368,0.016467,-0.811574,-0.58425,0
2378,15.6333,0.04495,0.0424,12.0393,0.00255,-0.814116,-0.580703,0
2379,15.65,0.048667,0.0365,12.0515,0.012167,-0.816642,-0.577145,0
2380,15.6667,0.0473,0.0363,12.0625,0.011,-0.819152,-0.573576,0
2381,15.6833,0.044567,0.0374,12.0697,0.007167,-0.821647,-0.569997,0
2382,15.7,0.048233,0.0399,12.078,0.008333,-0.824126,-0.566406,0
2383,15.7167,0.046783,0.0336,12.0912,0.013183,-0.82659,-0.562805,0
2384,15.7333,0.043817,0.0395,12.0955,0.004317,-0.829038,-0.559193,0
2385,15.75,0.041917,0.0409,12.0965,0.001017,-0.83147,-0.55557,0
2386,15.7667,0.047033,0.0395,12.104,0.007533,-0.833886,-0.551937,0
2387,15.7833,0.046583,0.0375,12.1131,0.009083,-0.836286,-0.548293,0
2388,15.8,0.045817,0.0414,12.1175,0.004417,-0.838671,-0.544639,0
2389,15.8167,0.041683,0.0378,12.1214,0.003883,-0.841039,-0.540974,0
2390,15.8333,0.042717,0.0414,12.1227,0.001317,-0.843391,-0.5373,0
2391,15.85,0.03945,0.0394,12.1227,5e-05,-0.845728,-0.533615,0
2392,15.8667,0.048267,0.0377,12.1333,0.010567,-0.848048,-0.529919,0
2393,15.8833,0.038817,0.0396,12.1325,-0.000783,-0.850352,-0.526214,0
2394,15.9,0.035783,0.0417,12.1266,-0.005917,-0.85264,-0.522499,0
2395,15.9167,0.043867,0.0387,12.1318,0.005167,-0.854912,-0.518773,0
2396,15.9333,0.0445,0.0428,12.1335,0.0017,-0.857167,-0.515038,0
2397,15.95,0.035933,0.0394,12.13,-0.003467,-0.859406,-0.511293,0
2398,15.9667,0.042383,0.0434,12.129,-0.001017,-0.861629,-0.507538,0
2399,15.9833,0.041883,0.044,12.1269,-0.002117,-0.863836,-0.503774,0
2400,16.0,0.0377,0.0386,12.126,-0.0009,-0.866025,-0.5,0
2401,16.0167,0.03755,0.0394,12.1241,-0.00185,-0.868199,-0.496217,0
2402,16.0333,0.036083,0.0402,12.12,-0.004117,-0.870356,-0.492424,0
2403,16.05,0.038483,0.0417,12.1168,-0.003217,-0.872496,-0.488621,0
2404,16.0667,0.04305,0.0407,12.1191,0.00235,-0.87462,-0.48481,0
2405,16.0833,0.036233,0.0401,12.1152,-0.003867,-0.876727,-0.480989,0
2406,16.1,0.0383,0.0404,12.1131,-0.0021,-0.878817,-0.477159,0
2407,16.1167,0.038117,0.0414,12.1098,-0.003283,-0.880891,-0.47332,0
2408,16.1333,0.037083,0.0379,12.109,-0.000817,-0.882948,-0.469472,0
2409,16.15,0.040267,0.0414,12.1079,-0.001133,-0.884988,-0.465615,0
2410,16.1667,0.035833,0.0409,12.1028,-0.005067,-0.887011,-0.461749,0
2411,16.1833,0.037467,0.0431,12.0972,-0.005633,-0.889017,-0.457874,0
2412,16.2,0.039983,0.0414,12.0958,-0.001417,-0.891007,-0.45399,0
2413,16.2167,0.034383,0.0386,12.0916,-0.004217,-0.892979,-0.450098,0
2414,16.2333,0.03545,0.041,12.0861,-0.00555,-0.894934,-0.446198,0
2415,16.25,0.035067,0.0427,12.0785,-0.007633,-0.896873,-0.442289,0
2416,16.2667,0.034433,0.037,12.0759,-0.002567,-0.898794,-0.438371,0
2417,16.2833,0.034683,0.0371,12.0735,-0.002417,-0.900698,-0.434445,0
2418,16.3,0.035867,0.0364,12.073,-0.000533,-0.902585,-0.430511,0
2419,16.3167,0.033833,0.0395,12.0673,-0.005667,-0.904455,-0.426569,0
2420,16.3333,0.033667,0.0399,12.0611,-0.006233,-0.906308,-0.422618,0
2421,16.35,0.0326,0.0374,12.0563,-0.0048,-0.908143,-0.41866,0
2422,16.3667,0.032367,0.0399,12.0488,-0.007533,-0.909961,-0.414693,0
2423,16.3833,0.0295,0.038,12.0403,-0.0085,-0.911762,-0.410719,0
2424,16.4,0.032633,0.0414,12.0315,-0.008767,-0.913545,-0.406737,0
2425,16.4167,0.033183,0.0438,12.0209,-0.010617,-0.915311,-0.402747,0
2426,16.4333,0.032383,0.0393,12.014,-0.006917,-0.91706,-0.398749,0
2427,16.45,0.029517,0.0377,12.0058,-0.008183,-0.918791,-0.394744,0
2428,16.4667,0.0283,0.0424,11.9917,-0.0141,-0.920505,-0.390731,0
2429,16.4833,0.0318,0.0404,11.9831,-0.0086,-0.922201,-0.386711,0
2430,16.5,0.0299,0.0378,11.9752,-0.0079,-0.92388,-0.382683,0
2431,16.5167,0.03525,0.0407,11.9697,-0.00545,-0.925541,-0.378649,0
2432,16.5333,0.030817,0.0379,11.9626,-0.007083,-0.927184,-0.374607,0
2433,16.55,0.032417,0.0407,11.9543,-0.008283,-0.92881,-0.370557,0
2434,16.5667,0.031483,0.037,11.9488,-0.005517,-0.930418,-0.366501,0
2435,16.5833,0.027083,0.0403,11.9356,-0.013217,-0.932008,-0.362438,0
2436,16.6,0.031033,0.0408,11.9258,-0.009767,-0.93358,-0.358368,0
2437,16.6167,0.02825,0.0364,11.9177,-0.00815,-0.935135,-0.354291,0
2438,16.6333,0.031633,0.0382,11.9111,-0.006567,-0.936672,-0.350207,0
2439,16.65,0.028483,0.0403,11.8993,-0.011817,-0.938191,-0.346117,0
2440,16.6667,0.02875,0.0393,11.8887,-0.01055,-0.939693,-0.34202,0
2441,16.6833,0.031067,0.0371,11.8827,-0.006033,-0.941176,-0.337917,0
2442,16.7,0.030117,0.0414,11.8714,-0.011283,-0.942641,-0.333807,0
2443,16.7167,0.023583,0.0422,11.8528,-0.018617,-0.944089,-0.329691,0
2444,16.7333,0.024383,0.0424,11.8348,-0.018017,-0.945519,-0.325568,0
2445,16.75,0.026817,0.0412,11.8204,-0.014383,-0.94693,-0.321439,0
2446,16.7667,0.0235,0.0435,11.8004,-0.02,-0.948324,-0.317305,0
2447,16.7833,0.024683,0.0421,11.783,-0.017417,-0.949699,-0.313164,0
2448,16.8,0.026417,0.039,11.7704,-0.012583,-0.951057,-0.309017,0
2449,16.8167,0.024367,0.0402,11.7546,-0.015833,-0.952396,-0.304864,0
2450,16.8333,0.02485,0.0422,11.7373,-0.01735,-0.953717,-0.300706,0
2451,16.85,0.026783,0.0417,11.7224,-0.014917,-0.95502,-0.296542,0
2452,16.8667,0.025383,0.0419,11.7059,-0.016517,-0.956305,-0.292372,0
2453,16.8833,0.024767,0.0367,11.694,-0.011933,-0.957571,-0.288196,0
2454,16.9,0.021233,0.0386,11.6766,-0.017367,-0.95882,-0.284015,0
2455,16.9167,0.026817,0.0402,11.6632,-0.013383,-0.96005,-0.279829,0
2456,16.9333,0.019633,0.0372,11.6456,-0.017567,-0.961262,-0.275637,0
2457,16.95,0.025967,0.0365,11.6351,-0.010533,-0.962455,-0.27144,0
2458,16.9667,0.020817,0.0415,11.6144,-0.020683,-0.96363,-0.267238,0
2459,16.9833,0.02125,0.0384,11.5973,-0.01715,-0.964787,-0.263031,0
2460,17.0,0.018883,0.0394,11.5768,-0.020517,-0.965926,-0.258819,0
2461,17.0167,0.017317,0.0373,11.5568,-0.019983,-0.967046,-0.254602,0
2462,17.0333,0.020133,0.0379,11.539,-0.017767,-0.968148,-0.25038,0
2463,17.05,0.024817,0.041,11.5228,-0.016183,-0.969231,-0.246153,0
2464,17.0667,0.02015,0.0432,11.4997,-0.02305,-0.970296,-0.241922,0
2465,17.0833,0.019383,0.038,11.4811,-0.018617,-0.971342,-0.237686,0
2466,17.1,0.018367,0.0358,11.4637,-0.017433,-0.97237,-0.233445,0
2467,17.1167,0.017683,0.0389,11.4425,-0.021217,-0.973379,-0.2292,0
2468,17.1333,0.012033,0.0363,11.4182,-0.024267,-0.97437,-0.224951,0
2469,17.15,0.0206,0.0393,11.3995,-0.0187,-0.975342,-0.220697,0
2470,17.1667,0.013517,0.0408,11.3722,-0.027283,-0.976296,-0.21644,0
2471,17.1833,0.014483,0.0401,11.3466,-0.025617,-0.977231,-0.212178,0
2472,17.2,0.0196,0.0391,11.3271,-0.0195,-0.978148,-0.207912,0
2473,17.2167,0.018,0.0381,11.307,-0.0201,-0.979045,-0.203642,0
2474,17.2333,0.018667,0.0383,11.2874,-0.019633,-0.979925,-0.199368,0
2475,17.25,0.017433,0.0375,11.2673,-0.020067,-0.980785,-0.19509,0
2476,17.2667,0.0116,0.0399,11.239,-0.0283,-0.981627,-0.190809,0
2477,17.2833,0.015717,0.0394,11.2153,-0.023683,-0.98245,-0.186524,0
2478,17.3,0.013233,0.044,11.1845,-0.030767,-0.983255,-0.182236,0
2479,17.3167,0.014817,0.0401,11.1592,-0.025283,-0.984041,-0.177944,0
2480,17.3333,0.015633,0.0382,11.1366,-0.022567,-0.984808,-0.173648,0
2481,17.35,0.01795,0.0399,11.1147,-0.02195,-0.985556,-0.16935,0
2482,17.3667,0.009983,0.0408,11.0839,-0.030817,-0.986286,-0.165048,0
2483,17.3833,0.018183,0.0395,11.0626,-0.021317,-0.986996,-0.160743,0
2484,17.4,0.0145,0.0385,11.0386,-0.024,-0.987688,-0.156434,0
2485,17.4167,0.01205,0.0365,11.0142,-0.02445,-0.988362,-0.152123,0
2486,17.4333,0.012383,0.0405,10.9861,-0.028117,-0.989016,-0.147809,0
2487,17.45,0.011467,0.04,10.9576,-0.028533,-0.989651,-0.143493,0
2488,17.4667,0.009283,0.0406,10.9263,-0.031317,-0.990268,-0.139173,0
2489,17.4833,0.0145,0.0394,10.9014,-0.0249,-0.990866,-0.134851,0
2490,17.5,0.009833,0.0427,10.8685,-0.032867,-0.991445,-0.130526,0
2491,17.5167,0.01265,0.0391,10.8421,-0.02645,-0.992005,-0.126199,0
2492,17.5333,0.011983,0.0379,10.8162,-0.025917,-0.992546,-0.121869,0
2493,17.55,0.007583,0.041,10.7828,-0.033417,-0.993068,-0.117537,0
2494,17.5667,0.0106,0.0414,10.752,-0.0308,-0.993572,-0.113203,0
2495,17.5833,0.007767,0.0399,10.7199,-0.032133,-0.994056,-0.108867,0
2496,17.6,0.010833,0.0413,10.6894,-0.030467,-0.994522,-0.104528,0
2497,17.6167,0.010983,0.0402,10.6602,-0.029217,-0.994969,-0.100188,0
2498,17.6333,0.0079,0.0381,10.63,-0.0302,-0.995396,-0.095846,0
2499,17.65,0.008367,0.0416,10.5968,-0.033233,-0.995805,-0.091502,0
2500,17.6667,0.0059,0.0391,10.5636,-0.0332,-0.996195,-0.087156,0
2501,17.6833,0.007217,0.0407,10.5301,-0.033483,-0.996566,-0.082808,0
2502,17.7,0.008533,0.0388,10.4998,-0.030267,-0.996917,-0.078459,0
2503,17.7167,0.00675,0.0384,10.4682,-0.03165,-0.99725,-0.074108,0
2504,17.7333,0.006867,0.041,10.4341,-0.034133,-0.997564,-0.069756,0
2505,17.75,0.009367,0.0367,10.4068,-0.027333,-0.997859,-0.065403,0
2506,17.7667,0.010267,0.0355,10.3816,-0.025233,-0.998135,-0.061049,0
2507,17.7833,0.002567,0.0406,10.3436,-0.038033,-0.998392,-0.056693,0
2508,17.8,0.0,0.0399,10.3037,-0.0399,-0.99863,-0.052336,0
2509,17.8167,0.00105,0.0419,10.2628,-0.04085,-0.998848,-0.047978,0
2510,17.8333,0.0,0.0399,10.2229,-0.0399,-0.999048,-0.043619,0
2511,17.85,0.006433,0.0415,10.1878,-0.035067,-0.999229,-0.03926,0
2512,17.8667,0.001033,0.0405,10.1483,-0.039467,-0.999391,-0.034899,0
2513,17.8833,0.0017,0.0375,10.1125,-0.0358,-0.999534,-0.030539,0
2514,17.9,0.003183,0.0425,10.0732,-0.039317,-0.999657,-0.026177,0
2515,17.9167,0.0038,0.0395,10.0375,-0.0357,-0.999762,-0.021815,0
2516,17.9333,0.0,0.041,9.9965,-0.041,-0.999848,-0.017452,0
2517,17.95,0.003533,0.0398,9.9602,-0.036267,-0.999914,-0.01309,0
2518,17.9667,0.000117,0.0397,9.9206,-0.039583,-0.999962,-0.008727,0
2519,17.9833,0.003583,0.0414,9.8828,-0.037817,-0.99999,-0.004363,0
2520,18.0,0.001083,0.0864,9.7975,-0.085317,-1.0,-0.0,0
2521,18.0167,0.0,0.091,9.7065,-0.091,-0.99999,0.004363,0
2522,18.0333,0.0,0.0874,9.6191,-0.0874,-0.999962,0.008727,0
2523,18.05,0.0,0.0901,9.529,-0.0901,-0.999914,0.01309,0
2524,18.0667,0.0,0.0912,9.4378,-0.0912,-0.999848,0.017452,0
2525,18.0833,0.0,0.0901,9.3477,-0.0901,-0.999762,0.021815,0
2526,18.1,0.0,0.0856,9.2621,-0.0856,-0.999657,0.026177,0
2527,18.1167,0.0,0.0954,9.1667,-0.0954,-0.999534,0.030539,0
2528,18.1333,0.0,0.0891,9.0776,-0.0891,-0.999391,0.034899,0
2529,18.15,0.0,0.0902,8.9874,-0.0902,-0.999229,0.03926,0
2530,18.1667,0.0,0.0868,8.9006,-0.0868,-0.999048,0.043619,0
2531,18.1833,0.0,0.0943,8.8063,-0.0943,-0.998848,0.047978,0
2532,18.2,0.0,0.0896,8.7167,-0.0896,-0.99863,0.052336,0
2533,18.2167,0.0,0.0931,8.6236,-0.0931,-0.998392,0.056693,0
2534,18.2333,0.0,0.0906,8.533,-0.0906,-0.998135,0.061049,0
2535,18.25,0.0,0.0879,8.4451,-0.0879,-0.997859,0.065403,0
2536,18.2667,0.0,0.0924,8.3527,-0.0924,-0.997564,0.069756,0
2537,18.2833,0.0,0.0874,8.2653,-0.0874,-0.99725,0.074108,0
2538,18.3,0.0,0.0888,8.1765,-0.0888,-0.996917,0.078459,0
2539,18.3167,0.0,0.0905,8.086,-0.0905,-0.996566,0.082808,0
2540,18.3333,0.0,0.0903,7.9957,-0.0903,-0.996195,0.087156,0
2541,18.35,0.0,0.0898,7.9059,-0.0898,-0.995805,0.091502,0
2542,18.3667,0.0,0.0914,7.8145,-0.0914,-0.995396,0.095846,0
2543,18.3833,0.0,0.0914,7.7231,-0.0914,-0.994969,0.100188,0
2544,18.4,0.0,0.0894,7.6337,-0.0894,-0.994522,0.104528,0
2545,18.4167,0.0,0.09,7.5437,-0.09,-0.994056,0.108867,0
2546,18.4333,0.0,0.0896,7.4541,-0.0896,-0.993572,0.113203,0
2547,18.45,0.0,0.0923,7.3618,-0.0923,-0.993068,0.117537,0
2548,18.4667,0.0,0.0917,7.2701,-0.0917,-0.992546,0.121869,0
2549,18.4833,0.0,0.0902,7.1799,-0.0902,-0.992005,0.126199,0
2550,18.5,0.0,0.0882,7.0917,-0.0882,-0.991445,0.130526,0
2551,18.5167,0.0,0.0898,7.0019,-0.0898,-0.990866,0.134851,0
2552,18.5333,0.0,0.0901,6.9118,-0.0901,-0.990268,0.139173,0
2553,18.55,0.0,0.089,6.8228,-0.089,-0.989651,0.143493,0
2554,18.5667,0.0,0.0868,6.736,-0.0868,-0.989016,0.147809,0
2555,18.5833,0.0,0.089,6.647,-0.089,-0.988362,0.152123,0
2556,18.6,0.0,0.0898,6.5572,-0.0898,-0.987688,0.156434,0
2557,18.6167,0.0,0.0904,6.4668,-0.0904,-0.986996,0.160743,0
2558,18.6333,0.0,0.0909,6.3759,-0.0909,-0.986286,0.165048,0
2559,18.65,0.0,0.0932,6.2827,-0.0932,-0.985556,0.16935,0
2560,18.6667,0.0,0.0884,6.1943,-0.0884,-0.984808,0.173648,0
2561,18.6833,0.0,0.0942,6.1001,-0.0942,-0.984041,0.177944,0
2562,18.7,0.0,0.0928,6.0073,-0.0928,-0.983255,0.182236,0
2563,18.7167,0.0,0.0906,5.9167,-0.0906,-0.98245,0.186524,0
2564,18.7333,0.0,0.0894,5.8273,-0.0894,-0.981627,0.190809,0
2565,18.75,0.0,0.09,5.7373,-0.09,-0.980785,0.19509,0
2566,18.7667,0.0,0.0903,5.647,-0.0903,-0.979925,0.199368,0
2567,18.7833,0.0,0.0913,5.5557,-0.0913,-0.979045,0.203642,0
2568,18.8,0.0,0.0886,5.4671,-0.0886,-0.978148,0.207912,0
2569,18.8167,0.0,0.0893,5.3778,-0.0893,-0.977231,0.212178,0
2570,18.8333,0.0,0.0896,5.2882,-0.0896,-0.976296,0.21644,0
2571,18.85,0.0,0.0903,5.1979,-0.0903,-0.975342,0.220697,0
2572,18.8667,0.0,0.0866,5.1113,-0.0866,-0.97437,0.224951,0
2573,18.8833,0.0,0.088,5.0233,-0.088,-0.973379,0.2292,0
2574,18.9,0.0,0.0911,4.9322,-0.0911,-0.97237,0.233445,0
2575,18.9167,0.0,0.0904,4.8418,-0.0904,-0.971342,0.237686,0
2576,18.9333,0.0,0.0873,4.7545,-0.0873,-0.970296,0.241922,0
2577,18.95,0.0,0.0867,4.6678,-0.0867,-0.969231,0.246153,0
2578,18.9667,0.0,0.0888,4.579,-0.0888,-0.968148,0.25038,0
2579,18.9833,0.0,0.0893,4.4897,-0.0893,-0.967046,0.254602,0
2580,19.0,0.0,0.0874,4.4023,-0.0874,-0.965926,0.258819,0
2581,19.0167,0.0,0.0916,4.3107,-0.0916,-0.964787,0.263031,0
2582,19.0333,0.0,0.0901,4.2206,-0.0901,-0.96363,0.267238,0
2583,19.05,0.0,0.0929,4.1277,-0.0929,-0.962455,0.27144,0
2584,19.0667,0.0,0.088,4.0397,-0.088,-0.961262,0.275637,0
2585,19.0833,0.0,0.0896,3.9501,-0.0896,-0.96005,0.279829,0
2586,19.1,0.0,0.0912,3.8589,-0.0912,-0.95882,0.284015,0
2587,19.1167,0.0,0.0919,3.767,-0.0919,-0.957571,0.288196,0
2588,19.1333,0.0,0.0935,3.6735,-0.0935,-0.956305,0.292372,0
2589,19.15,0.0,0.0906,3.5829,-0.0906,-0.95502,0.296542,0
2590,19.1667,0.0,0.0896,3.4933,-0.0896,-0.953717,0.300706,0
2591,19.1833,0.0,0.0904,3.4029,-0.0904,-0.952396,0.304864,0
2592,19.2,0.0,0.0907,3.3122,-0.0907,-0.951057,0.309017,0
2593,19.2167,0.0,0.0894,3.2228,-0.0894,-0.949699,0.313164,0
2594,19.2333,0.0,0.0928,3.13,-0.0928,-0.948324,0.317305,0
2595,19.25,0.0,0.0926,3.0374,-0.0926,-0.94693,0.321439,0
2596,19.2667,0.0,0.088,2.9494,-0.088,-0.945519,0.325568,0
2597,19.2833,0.0,0.0916,2.8578,-0.0916,-0.944089,0.329691,0
2598,19.3,0.0,0.0943,2.7635,-0.0943,-0.942641,0.333807,0
2599,19.3167,0.0,0.0912,2.6723,-0.0912,-0.941176,0.337917,0
2600,19.3333,0.0,0.0878,2.5845,-0.0878,-0.939693,0.34202,0
2601,19.35,0.0,0.0866,2.4979,-0.0866,-0.938191,0.346117,0
2602,19.3667,0.0,0.0905,2.4074,-0.0905,-0.936672,0.350207,0
2603,19.3833,0.0,0.0902,2.3172,-0.0902,-0.935135,0.354291,0
2604,19.4,0.0,0.0856,2.2316,-0.0856,-0.93358,0.358368,0
2605,19.4167,0.0,0.0913,2.1403,-0.0913,-0.932008,0.362438,0
2606,19.4333,0.0,0.0894,2.0509,-0.0894,-0.930418,0.366501,0
2607,19.45,0.0,0.0888,1.9621,-0.0888,-0.92881,0.370557,0
2608,19.4667,0.0,0.0928,1.8693,-0.0928,-0.927184,0.374607,0
2609,19.4833,0.0,0.0919,1.7774,-0.0919,-0.925541,0.378649,0
2610,19.5,0.0,0.0895,1.6879,-0.0895,-0.92388,0.382683,0
2611,19.5167,0.0,0.0927,1.5952,-0.0927,-0.922201,0.386711,0
2612,19.5333,0.0,0.0895,1.5057,-0.0895,-0.920505,0.390731,0
2613,19.55,0.0,0.0905,1.4152,-0.0905,-0.918791,0.394744,0
2614,19.5667,0.0,0.0909,1.3243,-0.0909,-0.91706,0.398749,0
2615,19.5833,0.0,0.0921,1.2322,-0.0921,-0.915311,0.402747,0
2616,19.6,0.0,0.0902,1.142,-0.0902,-0.913545,0.406737,0
2617,19.6167,0.0,0.0894,1.0526,-0.0894,-0.911762,0.410719,0
2618,19.6333,0.0,0.0888,0.9638,-0.0888,-0.909961,0.414693,0
2619,19.65,0.0,0.0904,0.8734,-0.0904,-0.908143,0.41866,0
2620,19.6667,0.0,0.0928,0.7806,-0.0928,-0.906308,0.422618,0
2621,19.6833,0.0,0.0911,0.6895,-0.0911,-0.904455,0.426569,0
2622,19.7,0.0,0.0918,0.5977,-0.0918,-0.902585,0.430511,0
2623,19.7167,0.0,0.0901,0.5076,-0.0901,-0.900698,0.434445,0
2624,19.7333,0.0,0.09,0.4176,-0.09,-0.898794,0.438371,0
2625,19.75,0.0,0.0868,0.3308,-0.0868,-0.896873,0.442289,0
2626,19.7667,0.0,0.0914,0.2394,-0.0914,-0.894934,0.446198,0
2627,19.7833,0.0,0.0886,0.1508,-0.0886,-0.892979,0.450098,0
2628,19.8,0.0,0.0893,0.0615,-0.0893,-0.891007,0.45399,0
2629,19.8167,0.0,0.0911,0.0,-0.0911,-0.889017,0.457874,1
2630,19.8333,0.0,0.0909,0.0,-0.0909,-0.887011,0.461749,1
2631,19.85,0.0,0.0887,0.0,-0.0887,-0.884988,0.465615,1
2632,19.8667,0.0,0.0928,0.0,-0.0928,-0.882948,0.469472,1
2633,19.8833,0.0,0.0905,0.0,-0.0905,-0.880891,0.47332,1
2634,19.9,0.0,0.0888,0.0,-0.0888,-0.878817,0.477159,1
2635,19.9167,0.0,0.0888,0.0,-0.0888,-0.876727,0.480989,1
2636,19.9333,0.0,0.0861,0.0,-0.0861,-0.87462,0.48481,1
2637,19.95,0.0,0.088,0.0,-0.088,-0.872496,0.488621,1
2638,19.9667,0.0,0.0892,0.0,-0.0892,-0.870356,0.492424,1
2639,19.9833,0.0,0.0905,0.0,-0.0905,-0.868199,0.496217,1
2640,20.0,0.0,0.0901,0.0,-0.0901,-0.866025,0.5,1
2641,20.0167,0.0,0.0936,0.0,-0.0936,-0.863836,0.503774,1
2642,20.0333,0.0,0.091,0.0,-0.091,-0.861629,0.507538,1
2643,20.05,0.0,0.0942,0.0,-0.0942,-0.859406,0.511293,1
2644,20.0667,0.0,0.0889,0.0,-0.0889,-0.857167,0.515038,1
2645,20.0833,0.0,0.0917,0.0,-0.0917,-0.854912,0.518773,1
2646,20.1,0.0,0.0859,0.0,-0.0859,-0.85264,0.522499,1
2647,20.1167,0.0,0.0924,0.0,-0.0924,-0.850352,0.526214,1
2648,20.1333,0.0,0.0896,0.0,-0.0896,-0.848048,0.529919,1
2649,20.15,0.0,0.0912,0.0,-0.0912,-0.845728,0.533615,1
2650,20.1667,0.0,0.0902,0.0,-0.0902,-0.843391,0.5373,1
2651,20.1833,0.0,0.0871,0.0,-0.0871,-0.841039,0.540974,1
2652,20.2,0.0,0.0903,0.0,-0.0903,-0.838671,0.544639,1
2653,20.2167,0.0,0.0897,0.0,-0.0897,-0.836286,0.548293,1
2654,20.2333,0.0,0.0895,0.0,-0.0895,-0.833886,0.551937,1
2655,20.25,0.0,0.0875,0.0,-0.0875,-0.83147,0.55557,1
2656,20.2667,0.0,0.0901,0.0,-0.0901,-0.829038,0.559193,1
2657,20.2833,0.0,0.0905,0.0,-0.0905,-0.82659,0.562805,1
2658,20.3,0.0,0.092,0.0,-0.092,-0.824126,0.566406,1
2659,20.3167,0.0,0.093,0.0,-0.093,-0.821647,0.569997,1
2660,20.3333,0.0,0.0879,0.0,-0.0879,-0.819152,0.573576,1
2661,20.35,0.0,0.0904,0.0,-0.0904,-0.816642,0.577145,1
2662,20.3667,0.0,0.0899,0.0,-0.0899,-0.814116,0.580703,1
2663,20.3833,0.0,0.0927,0.0,-0.0927,-0.811574,0.58425,1
2664,20.4,0.0,0.0872,0.0,-0.0872,-0.809017,0.587785,1
2665,20.4167,0.0,0.0901,0.0,-0.0901,-0.806445,0.59131,1
2666,20.4333,0.0,0.0926,0.0,-0.0926,-0.803857,0.594823,1
2667,20.45,0.0,0.0909,0.0,-0.0909,-0.801254,0.598325,1
2668,20.4667,0.0,0.0911,0.0,-0.0911,-0.798636,0.601815,1
2669,20.4833,0.0,0.0928,0.0,-0.0928,-0.796002,0.605294,1
2670,20.5,0.0,0.0865,0.0,-0.0865,-0.793353,0.608761,1
2671,20.5167,0.0,0.0886,0.0,-0.0886,-0.79069,0.612217,1
2672,20.5333,0.0,0.0915,0.0,-0.0915,-0.788011,0.615661,1
2673,20.55,0.0,0.0903,0.0,-0.0903,-0.785317,0.619094,1
2674,20.5667,0.0,0.0891,0.0,-0.0891,-0.782608,0.622515,1
2675,20.5833,0.0,0.092,0.0,-0.092,-0.779884,0.625923,1
2676,20.6,0.0,0.0938,0.0,-0.0938,-0.777146,0.62932,1
2677,20.6167,0.0,0.0874,0.0,-0.0874,-0.774393,0.632705,1
2678,20.6333,0.0,0.0874,0.0,-0.0874,-0.771625,0.636078,1
2679,20.65,0.0,0.0892,0.0,-0.0892,-0.768842,0.639439,1
2680,20.6667,0.0,0.09,0.0,-0.09,-0.766044,0.642788,1
2681,20.6833,0.0,0.0904,0.0,-0.0904,-0.763232,0.646124,1
2682,20.7,0.0,0.0889,0.0,-0.0889,-0.760406,0.649448,1
2683,20.7167,0.0,0.0881,0.0,-0.0881,-0.757565,0.65276,1
2684,20.7333,0.0,0.0936,0.0,-0.0936,-0.75471,0.656059,1
2685,20.75,0.0,0.0933,0.0,-0.0933,-0.75184,0.659346,1
2686,20.7667,0.0,0.0892,0.0,-0.0892,-0.748956,0.66262,1
2687,20.7833,0.0,0.0931,0.0,-0.0931,-0.746057,0.665882,1
2688,20.8,0.0,0.0893,0.0,-0.0893,-0.743145,0.669131,1
2689,20.8167,0.0,0.0897,0.0,-0.0897,-0.740218,0.672367,1
2690,20.8333,0.0,0.0946,0.0,-0.0946,-0.737277,0.67559,1
2691,20.85,0.0,0.0864,0.0,-0.0864,-0.734323,0.678801,1
2692,20.8667,0.0,0.0901,0.0,-0.0901,-0.731354,0.681998,1
2693,20.8833,0.0,0.088,0.0,-0.088,-0.728371,0.685183,1
2694,20.9,0.0,0.0907,0.0,-0.0907,-0.725374,0.688355,1
2695,20.9167,0.0,0.0879,0.0,-0.0879,-0.722364,0.691513,1
2696,20.9333,0.0,0.0897,0.0,-0.0897,-0.71934,0.694658,1
2697,20.95,0.0,0.0878,0.0,-0.0878,-0.716302,0.69779,1
2698,20.9667,0.0,0.0889,0.0,-0.0889,-0.71325,0.700909,1
2699,20.9833,0.0,0.088,0.0,-0.088,-0.710185,0.704015,1
2700,21.0,0.0,0.0887,0.0,-0.0887,-0.707107,0.707107,1
2701,21.0167,0.0,0.0899,0.0,-0.0899,-0.704015,0.710185,1
2702,21.0333,0.0,0.0913,0.0,-0.0913,-0.700909,0.71325,1
2703,21.05,0.0,0.0901,0.0,-0.0901,-0.69779,0.716302,1
2704,21.0667,0.0,0.0894,0.0,-0.0894,-0.694658,0.71934,1
2705,21.0833,0.0,0.0899,0.0,-0.0899,-0.691513,0.722364,1
2706,21.1,0.0,0.0881,0.0,-0.0881,-0.688355,0.725374,1
2707,21.1167,0.0,0.0894,0.0,-0.0894,-0.685183,0.728371,1
2708,21.1333,0.0,0.0912,0.0,-0.0912,-0.681998,0.731354,1
2709,21.15,0.0,0.0922,0.0,-0.0922,-0.678801,0.734323,1
2710,21.1667,0.0,0.0886,0.0,-0.0886,-0.67559,0.737277,1
2711,21.1833,0.0,0.0924,0.0,-0.0924,-0.672367,0.740218,1
2712,21.2,0.0,0.0932,0.0,-0.0932,-0.669131,0.743145,1
2713,21.2167,0.0,0.0917,0.0,-0.0917,-0.665882,0.746057,1
2714,21.2333,0.0,0.0922,0.0,-0.0922,-0.66262,0.748956,1
2715,21.25,0.0,0.0906,0.0,-0.0906,-0.659346,0.75184,1
2716,21.2667,0.0,0.0862,0.0,-0.0862,-0.656059,0.75471,1
2717,21.2833,0.0,0.0914,0.0,-0.0914,-0.65276,0.757565,1
2718,21.3,0.0,0.0908,0.0,-0.0908,-0.649448,0.760406,1
2719,21.3167,0.0,0.1337,0.0,-0.1337,-0.646124,0.763232,1
2720,21.3333,0.0,0.1315,0.0,-0.1315,-0.642788,0.766044,1
2721,21.35,0.0,0.1306,0.0,-0.1306,-0.639439,0.768842,1
2722,21.3667,0.0,0.1353,0.0,-0.1353,-0.636078,0.771625,1
2723,21.3833,0.0,0.1335,0.0,-0.1335,-0.632705,0.774393,1
2724,21.4,0.0,0.1307,0.0,-0.1307,-0.62932,0.777146,1
2725,21.4167,0.0,0.1362,0.0,-0.1362,-0.625923,0.779884,1
2726,21.4333,0.0,0.1314,0.0,-0.1314,-0.622515,0.782608,1
2727,21.45,0.0,0.1332,0.0,-0.1332,-0.619094,0.785317,1
2728,21.4667,0.0,0.1303,0.0,-0.1303,-0.615661,0.788011,1
2729,21.4833,0.0,0.1331,0.0,-0.1331,-0.612217,0.79069,1
2730,21.5,0.0,0.1343,0.0,-0.1343,-0.608761,0.793353,1
2731,21.5167,0.0,0.1329,0.0,-0.1329,-0.605294,0.796002,1
2732,21.5333,0.0,0.1299,0.0,-0.1299,-0.601815,0.798636,1
2733,21.55,0.0,0.1328,0.0,-0.1328,-0.598325,0.801254,1
2734,21.5667,0.0,0.1333,0.0,-0.1333,-0.594823,0.803857,1
2735,21.5833,0.0,0.1328,0.0,-0.1328,-0.59131,0.806445,1
2736,21.6,0.0,0.1304,0.0,-0.1304,-0.587785,0.809017,1
2737,21.6167,0.0,0.1292,0.0,-0.1292,-0.58425,0.811574,1
2738,21.6333,0.0,0.1323,0.0,-0.1323,-0.580703,0.814116,1
2739,21.65,0.0,0.1297,0.0,-0.1297,-0.577145,0.816642,1
2740,21.6667,0.0,0.1298,0.0,-0.1298,-0.573576,0.819152,1
2741,21.6833,0.0,0.135,0.0,-0.135,-0.569997,0.821647,1
2742,21.7,0.0,0.1327,0.0,-0.1327,-0.566406,0.824126,1
2743,21.7167,0.0,0.133,0.0,-0.133,-0.562805,0.82659,1
2744,21.7333,0.0,0.1313,0.0,-0.1313,-0.559193,0.829038,1
2745,21.75,0.0,0.1323,0.0,-0.1323,-0.55557,0.83147,1
2746,21.7667,0.0,0.1345,0.0,-0.1345,-0.551937,0.833886,1
2747,21.7833,0.0,0.1306,0.0,-0.1306,-0.548293,0.836286,1
2748,21.8,0.0,0.131,0.0,-0.131,-0.544639,0.838671,1
2749,21.8167,0.0,0.128,0.0,-0.128,-0.540974,0.841039,1
2750,21.8333,0.0,0.1293,0.0,-0.1293,-0.5373,0.843391,1
2751,21.85,0.0,0.1333,0.0,-0.1333,-0.533615,0.845728,1
2752,21.8667,0.0,0.0927,0.0,-0.0927,-0.529919,0.848048,1
2753,21.8833,0.0,0.0886,0.0,-0.0886,-0.526214,0.850352,1
2754,21.9,0.0,0.0925,0.0,-0.0925,-0.522499,0.85264,1
2755,21.9167,0.0,0.0902,0.0,-0.0902,-0.518773,0.854912,1
2756,21.9333,0.0,0.0872,0.0,-0.0872,-0.515038,0.857167,1
2757,21.95,0.0,0.0876,0.0,-0.0876,-0.511293,0.859406,1
2758,21.9667,0.0,0.0855,0.0,-0.0855,-0.507538,0.861629,1
2759,21.9833,0.0,0.0881,0.0,-0.0881,-0.503774,0.863836,1
2760,22.0,0.0,0.0245,0.0,-0.0245,-0.5,0.866025,1
2761,22.0167,0.0,0.0185,0.0,-0.0185,-0.496217,0.868199,1
2762,22.0333,0.0,0.0204,0.0,-0.0204,-0.492424,0.870356,1
2763,22.05,0.0,0.0236,0.0,-0.0236,-0.488621,0.872496,1
2764,22.0667,0.0,0.0171,0.0,-0.0171,-0.48481,0.87462,1
2765,22.0833,0.0,0.0226,0.0,-0.0226,-0.480989,0.876727,1
2766,22.1,0.0,0.0193,0.0,-0.0193,-0.477159,0.878817,1
2767,22.1167,0.0,0.0198,0.0,-0.0198,-0.47332,0.880891,1
2768,22.1333,0.0,0.0219,0.0,-0.0219,-0.469472,0.882948,1
2769,22.15,0.0,0.0219,0.0,-0.0219,-0.465615,0.884988,1
2770,22.1667,0.0,0.0209,0.0,-0.0209,-0.461749,0.887011,1
2771,22.1833,0.0,0.0196,0.0,-0.0196,-0.457874,0.889017,1
2772,22.2,0.0,0.0226,0.0,-0.0226,-0.45399,0.891007,1
2773,22.2167,0.0,0.0205,0.0,-0.0205,-0.450098,0.892979,1
2774,22.2333,0.0,0.0191,0.0,-0.0191,-0.446198,0.894934,1
2775,22.25,0.0,0.0207,0.0,-0.0207,-0.442289,0.896873,1
2776,22.2667,0.0,0.0233,0.0,-0.0233,-0.438371,0.898794,1
2777,22.2833,0.0,0.0203,0.0,-0.0203,-0.434445,0.900698,1
2778,22.3,0.0,0.0198,0.0,-0.0198,-0.430511,0.902585,1
2779,22.3167,0.0,0.0248,0.0,-0.0248,-0.426569,0.904455,1
2780,22.3333,0.0,0.0184,0.0,-0.0184,-0.422618,0.906308,1
2781,22.35,0.0,0.0216,0.0,-0.0216,-0.41866,0.908143,1
2782,22.3667,0.0,0.0198,0.0,-0.0198,-0.414693,0.909961,1
2783,22.3833,0.0,0.0225,0.0,-0.0225,-0.410719,0.911762,1
2784,22.4,0.0,0.0228,0.0,-0.0228,-0.406737,0.913545,1
2785,22.4167,0.0,0.0204,0.0,-0.0204,-0.402747,0.915311,1
2786,22.4333,0.0,0.025,0.0,-0.025,-0.398749,0.91706,1
2787,22.45,0.0,0.0232,0.0,-0.0232,-0.394744,0.918791,1
2788,22.4667,0.0,0.0221,0.0,-0.0221,-0.390731,0.920505,1
2789,22.4833,0.0,0.0228,0.0,-0.0228,-0.386711,0.922201,1
2790,22.5,0.0,0.0209,0.0,-0.0209,-0.382683,0.92388,1
2791,22.5167,0.0,0.0176,0.0,-0.0176,-0.378649,0.925541,1
2792,22.5333,0.0,0.02,0.0,-0.02,-0.374607,0.927184,1
2793,22.55,0.0,0.0214,0.0,-0.0214,-0.370557,0.92881,1
2794,22.5667,0.0,0.0221,0.0,-0.0221,-0.366501,0.930418,1
2795,22.5833,0.0,0.0206,0.0,-0.0206,-0.362438,0.932008,1
2796,22.6,0.0,0.0229,0.0,-0.0229,-0.358368,0.93358,1
2797,22.6167,0.0,0.0228,0.0,-0.0228,-0.354291,0.935135,1
2798,22.6333,0.0,0.0221,0.0,-0.0221,-0.350207,0.936672,1
2799,22.65,0.0,0.0202,0.0,-0.0202,-0.346117,0.938191,1
2800,22.6667,0.0,0.024,0.0,-0.024,-0.34202,0.939693,1
2801,22.6833,0.0,0.0238,0.0,-0.0238,-0.337917,0.941176,1
2802,22.7,0.0,0.0208,0.0,-0.0208,-0.333807,0.942641,1
2803,22.7167,0.0,0.0197,0.0,-0.0197,-0.329691,0.944089,1
2804,22.7333,0.0,0.0199,0.0,-0.0199,-0.325568,0.945519,1
2805,22.75,0.0,0.0201,0.0,-0.0201,-0.321439,0.94693,1
2806,22.7667,0.0,0.0235,0.0,-0.0235,-0.317305,0.948324,1
2807,22.7833,0.0,0.0252,0.0,-0.0252,-0.313164,0.949699,1
2808,22.8,0.0,0.0238,0.0,-0.0238,-0.309017,0.951057,1
2809,22.8167,0.0,0.0244,0.0,-0.0244,-0.304864,0.952396,1
2810,22.8333,0.0,0.0199,0.0,-0.0199,-0.300706,0.953717,1
2811,22.85,0.0,0.0205,0.0,-0.0205,-0.296542,0.95502,1
2812,22.8667,0.0,0.0216,0.0,-0.0216,-0.292372,0.956305,1
2813,22.8833,0.0,0.0222,0.0,-0.0222,-0.288196,0.957571,1
2814,22.9,0.0,0.0236,0.0,-0.0236,-0.284015,0.95882,1
2815,22.9167,0.0,0.0228,0.0,-0.0228,-0.279829,0.96005,1
2816,22.9333,0.0,0.0218,0.0,-0.0218,-0.275637,0.961262,1
2817,22.95,0.0,0.0221,0.0,-0.0221,-0.27144,0.962455,1
2818,22.9667,0.0,0.0201,0.0,-0.0201,-0.267238,0.96363,1
2819,22.9833,0.0,0.0202,0.0,-0.0202,-0.263031,0.964787,1
2820,23.0,0.0,0.0184,0.0,-0.0184,-0.258819,0.965926,1
2821,23.0167,0.0,0.02,0.0,-0.02,-0.254602,0.967046,1
2822,23.0333,0.0,0.0207,0.0,-0.0207,-0.25038,0.968148,1
2823,23.05,0.0,0.0219,0.0,-0.0219,-0.246153,0.969231,1
2824,23.0667,0.0,0.0237,0.0,-0.0237,-0.241922,0.970296,1
2825,23.0833,0.0,0.0227,0.0,-0.0227,-0.237686,0.971342,1
2826,23.1,0.0,0.0231,0.0,-0.0231,-0.233445,0.97237,1
2827,23.1167,0.0,0.0166,0.0,-0.0166,-0.2292,0.973379,1
2828,23.1333,0.0,0.0203,0.0,-0.0203,-0.224951,0.97437,1
2829,23.15,0.0,0.0202,0.0,-0.0202,-0.220697,0.975342,1
2830,23.1667,0.0,0.0225,0.0,-0.0225,-0.21644,0.976296,1
2831,23.1833,0.0,0.02,0.0,-0.02,-0.212178,0.977231,1
2832,23.2,0.0,0.0222,0.0,-0.0222,-0.207912,0.978148,1
2833,23.2167,0.0,0.0218,0.0,-0.0218,-0.203642,0.979045,1
2834,23.2333,0.0,0.0238,0.0,-0.0238,-0.199368,0.979925,1
2835,23.25,0.0,0.0244,0.0,-0.0244,-0.19509,0.980785,1
2836,23.2667,0.0,0.0209,0.0,-0.0209,-0.190809,0.981627,1
2837,23.2833,0.0,0.0205,0.0,-0.0205,-0.186524,0.98245,1
2838,23.3,0.0,0.0189,0.0,-0.0189,-0.182236,0.983255,1
2839,23.3167,0.0,0.0222,0.0,-0.0222,-0.177944,0.984041,1
2840,23.3333,0.0,0.018,0.0,-0.018,-0.173648,0.984808,1
2841,23.35,0.0,0.0223,0.0,-0.0223,-0.16935,0.985556,1
2842,23.3667,0.0,0.0173,0.0,-0.0173,-0.165048,0.986286,1
2843,23.3833,0.0,0.0214,0.0,-0.0214,-0.160743,0.986996,1
2844,23.4,0.0,0.0233,0.0,-0.0233,-0.156434,0.987688,1
2845,23.4167,0.0,0.0217,0.0,-0.0217,-0.152123,0.988362,1
2846,23.4333,0.0,0.021,0.0,-0.021,-0.147809,0.989016,1
2847,23.45,0.0,0.0232,0.0,-0.0232,-0.143493,0.989651,1
2848,23.4667,0.0,0.0224,0.0,-0.0224,-0.139173,0.990268,1
2849,23.4833,0.0,0.0194,0.0,-0.0194,-0.134851,0.990866,1
2850,23.5,0.0,0.022,0.0,-0.022,-0.130526,0.991445,1
2851,23.5167,0.0,0.022,0.0,-0.022,-0.126199,0.992005,1
2852,23.5333,0.0,0.0228,0.0,-0.0228,-0.121869,0.992546,1
2853,23.55,0.0,0.0213,0.0,-0.0213,-0.117537,0.993068,1
2854,23.5667,0.0,0.024,0.0,-0.024,-0.113203,0.993572,1
2855,23.5833,0.0,0.022,0.0,-0.022,-0.108867,0.994056,1
2856,23.6,0.0,0.0192,0.0,-0.0192,-0.104528,0.994522,1
2857,23.6167,0.0,0.0224,0.0,-0.0224,-0.100188,0.994969,1
2858,23.6333,0.0,0.0201,0.0,-0.0201,-0.095846,0.995396,1
2859,23.65,0.0,0.0255,0.0,-0.0255,-0.091502,0.995805,1
2860,23.6667,0.0,0.022,0.0,-0.022,-0.087156,0.996195,1
2861,23.6833,0.0,0.0238,0.0,-0.0238,-0.082808,0.996566,1
2862,23.7,0.0,0.0152,0.0,-0.0152,-0.078459,0.996917,1
2863,23.7167,0.0,0.0213,0.0,-0.0213,-0.074108,0.99725,1
2864,23.7333,0.0,0.0198,0.0,-0.0198,-0.069756,0.997564,1
2865,23.75,0.0,0.0203,0.0,-0.0203,-0.065403,0.997859,1
2866,23.7667,0.0,0.0198,0.0,-0.0198,-0.061049,0.998135,1
2867,23.7833,0.0,0.0237,0.0,-0.0237,-0.056693,0.998392,1
2868,23.8,0.0,0.0229,0.0,-0.0229,-0.052336,0.99863,1
2869,23.8167,0.0,0.0203,0.0,-0.0203,-0.047978,0.998848,1
2870,23.8333,0.0,0.0183,0.0,-0.0183,-0.043619,0.999048,1
2871,23.85,0.0,0.0233,0.0,-0.0233,-0.03926,0.999229,1
2872,23.8667,0.0,0.02,0.0,-0.02,-0.034899,0.999391,1
2873,23.8833,0.0,0.0199,0.0,-0.0199,-0.030539,0.999534,1
2874,23.9,0.0,0.0203,0.0,-0.0203,-0.026177,0.999657,1
2875,23.9167,0.0,0.0214,0.0,-0.0214,-0.021815,0.999762,1
2876,23.9333,0.0,0.0199,0.0,-0.0199,-0.017452,0.999848,1
2877,23.95,0.0,0.0227,0.0,-0.0227,-0.01309,0.999914,1
2878,23.9667,0.0,0.0201,0.0,-0.0201,-0.008727,0.999962,1
2879,23.9833,0.0,0.0238,0.0,-0.0238,-0.004363,0.99999,1
2880,0.0,0.0,0.0198,0.0,-0.0198,0.0,1.0,1
2881,0.0167,0.0,0.0204,0.0,-0.0204,0.004363,0.99999,1
2882,0.0333,0.0,0.0242,0.0,-0.0242,0.008727,0.999962,1
2883,0.05,0.0,0.0224,0.0,-0.0224,0.01309,0.999914,1
2884,0.0667,0.0,0.0214,0.0,-0.0214,0.017452,0.999848,1
2885,0.0833,0.0,0.0176,0.0,-0.0176,0.021815,0.999762,1
2886,0.1,0.0,0.0226,0.0,-0.0226,0.026177,0.999657,1
2887,0.1167,0.0,0.0228,0.0,-0.0228,0.030539,0.999534,1
2888,0.1333,0.0,0.0216,0.0,-0.0216,0.034899,0.999391,1
2889,0.15,0.0,0.0223,0.0,-0.0223,0.03926,0.999229,1
2890,0.1667,0.0,0.0226,0.0,-0.0226,0.043619,0.999048,1
2891,0.1833,0.0,0.0217,0.0,-0.0217,0.047978,0.998848,1
2892,0.2,0.0,0.0222,0.0,-0.0222,0.052336,0.99863,1
2893,0.2167,0.0,0.021,0.0,-0.021,0.056693,0.998392,1
2894,0.2333,0.0,0.0261,0.0,-0.0261,0.061049,0.998135,1
2895,0.25,0.0,0.0219,0.0,-0.0219,0.065403,0.997859,1
2896,0.2667,0.0,0.016,0.0,-0.016,0.069756,0.997564,1
2897,0.2833,0.0,0.0251,0.0,-0.0251,0.074108,0.99725,1
2898,0.3,0.0,0.0154,0.0,-0.0154,0.078459,0.996917,1
2899,0.3167,0.0,0.022,0.0,-0.022,0.082808,0.996566,1
2900,0.3333,0.0,0.0209,0.0,-0.0209,0.087156,0.996195,1
2901,0.35,0.0,0.0209,0.0,-0.0209,0.091502,0.995805,1
2902,0.3667,0.0,0.023,0.0,-0.023,0.095846,0.995396,1
2903,0.3833,0.0,0.0206,0.0,-0.0206,0.100188,0.994969,1
2904,0.4,0.0,0.0203,0.0,-0.0203,0.104528,0.994522,1
2905,0.4167,0.0,0.0217,0.0,-0.0217,0.108867,0.994056,1
2906,0.4333,0.0,0.0232,0.0,-0.0232,0.113203,0.993572,1
2907,0.45,0.0,0.0182,0.0,-0.0182,0.117537,0.993068,1
2908,0.4667,0.0,0.0204,0.0,-0.0204,0.121869,0.992546,1
2909,0.4833,0.0,0.0211,0.0,-0.0211,0.126199,0.992005,1
2910,0.5,0.0,0.0213,0.0,-0.0213,0.130526,0.991445,1
2911,0.5167,0.0,0.0228,0.0,-0.0228,0.134851,0.990866,1
2912,0.5333,0.0,0.0217,0.0,-0.0217,0.139173,0.990268,1
2913,0.55,0.0,0.0224,0.0,-0.0224,0.143493,0.989651,1
2914,0.5667,0.0,0.0206,0.0,-0.0206,0.147809,0.989016,1
2915,0.5833,0.0,0.0205,0.0,-0.0205,0.152123,0.988362,1
2916,0.6,0.0,0.0248,0.0,-0.0248,0.156434,0.987688,1
2917,0.6167,0.0,0.0223,0.0,-0.0223,0.160743,0.986996,1
2918,0.6333,0.0,0.022,0.0,-0.022,0.165048,0.986286,1
2919,0.65,0.0,0.0232,0.0,-0.0232,0.16935,0.985556,1
2920,0.6667,0.0,0.0235,0.0,-0.0235,0.173648,0.984808,1
2921,0.6833,0.0,0.0196,0.0,-0.0196,0.177944,0.984041,1
2922,0.7,0.0,0.0196,0.0,-0.0196,0.182236,0.983255,1
2923,0.7167,0.0,0.0193,0.0,-0.0193,0.186524,0.98245,1
2924,0.7333,0.0,0.0231,0.0,-0.0231,0.190809,0.981627,1
2925,0.75,0.0,0.0178,0.0,-0.0178,0.19509,0.980785,1
2926,0.7667,0.0,0.0241,0.0,-0.0241,0.199368,0.979925,1
2927,0.7833,0.0,0.0197,0.0,-0.0197,0.203642,0.979045,1
2928,0.8,0.0,0.0207,0.0,-0.0207,0.207912,0.978148,1
2929,0.8167,0.0,0.021,0.0,-0.021,0.212178,0.977231,1
2930,0.8333,0.0,0.0235,0.0,-0.0235,0.21644,0.976296,1
2931,0.85,0.0,0.0199,0.0,-0.0199,0.220697,0.975342,1
2932,0.8667,0.0,0.0204,0.0,-0.0204,0.224951,0.97437,1
2933,0.8833,0.0,0.0228,0.0,-0.0228,0.2292,0.973379,1
2934,0.9,0.0,0.0222,0.0,-0.0222,0.233445,0.97237,1
2935,0.9167,0.0,0.0241,0.0,-0.0241,0.237686,0.971342,1
2936,0.9333,0.0,0.0211,0.0,-0.0211,0.241922,0.970296,1
2937,0.95,0.0,0.0245,0.0,-0.0245,0.246153,0.969231,1
2938,0.9667,0.0,0.0214,0.0,-0.0214,0.25038,0.968148,1
2939,0.9833,0.0,0.0255,0.0,-0.0255,0.254602,0.967046,1
2940,1.0,0.0,0.0221,0.0,-0.0221,0.258819,0.965926,1
2941,1.0167,0.0,0.0214,0.0,-0.0214,0.263031,0.964787,1
2942,1.0333,0.0,0.0203,0.0,-0.0203,0.267238,0.96363,1
2943,1.05,0.0,0.0192,0.0,-0.0192,0.27144,0.962455,1
2944,1.0667,0.0,0.021,0.0,-0.021,0.275637,0.961262,1
2945,1.0833,0.0,0.0214,0.0,-0.0214,0.279829,0.96005,1
2946,1.1,0.0,0.0219,0.0,-0.0219,0.284015,0.95882,1
2947,1.1167,0.0,0.0225,0.0,-0.0225,0.288196,0.957571,1
2948,1.1333,0.0,0.0221,0.0,-0.0221,0.292372,0.956305,1
2949,1.15,0.0,0.018,0.0,-0.018,0.296542,0.95502,1
2950,1.1667,0.0,0.0233,0.0,-0.0233,0.300706,0.953717,1
2951,1.1833,0.0,0.0225,0.0,-0.0225,0.304864,0.952396,1
2952,1.2,0.0,0.0225,0.0,-0.0225,0.309017,0.951057,1
2953,1.2167,0.0,0.0237,0.0,-0.0237,0.313164,0.949699,1
2954,1.2333,0.0,0.0235,0.0,-0.0235,0.317305,0.948324,1
2955,1.25,0.0,0.0216,0.0,-0.0216,0.321439,0.94693,1
2956,1.2667,0.0,0.0254,0.0,-0.0254,0.325568,0.945519,1
2957,1.2833,0.0,0.0175,0.0,-0.0175,0.329691,0.944089,1
2958,1.3,0.0,0.0205,0.0,-0.0205,0.333807,0.942641,1
2959,1.3167,0.0,0.0215,0.0,-0.0215,0.337917,0.941176,1
2960,1.3333,0.0,0.0207,0.0,-0.0207,0.34202,0.939693,1
2961,1.35,0.0,0.0238,0.0,-0.0238,0.346117,0.938191,1
2962,1.3667,0.0,0.0221,0.0,-0.0221,0.350207,0.936672,1
2963,1.3833,0.0,0.0237,0.0,-0.0237,0.354291,0.935135,1
2964,1.4,0.0,0.0212,0.0,-0.0212,0.358368,0.93358,1
2965,1.4167,0.0,0.0238,0.0,-0.0238,0.362438,0.932008,1
2966,1.4333,0.0,0.0215,0.0,-0.0215,0.366501,0.930418,1
2967,1.45,0.0,0.0221,0.0,-0.0221,0.370557,0.92881,1
2968,1.4667,0.0,0.0211,0.0,-0.0211,0.374607,0.927184,1
2969,1.4833,0.0,0.021,0.0,-0.021,0.378649,0.925541,1
2970,1.5,0.0,0.0225,0.0,-0.0225,0.382683,0.92388,1
2971,1.5167,0.0,0.0228,0.0,-0.0228,0.386711,0.922201,1
2972,1.5333,0.0,0.0241,0.0,-0.0241,0.390731,0.920505,1
2973,1.55,0.0,0.022,0.0,-0.022,0.394744,0.918791,1
2974,1.5667,0.0,0.0239,0.0,-0.0239,0.398749,0.91706,1
2975,1.5833,0.0,0.0241,0.0,-0.0241,0.402747,0.915311,1
2976,1.6,0.0,0.0216,0.0,-0.0216,0.406737,0.913545,1
2977,1.6167,0.0,0.0199,0.0,-0.0199,0.410719,0.911762,1
2978,1.6333,0.0,0.0207,0.0,-0.0207,0.414693,0.909961,1
2979,1.65,0.0,0.02,0.0,-0.02,0.41866,0.908143,1
2980,1.6667,0.0,0.0234,0.0,-0.0234,0.422618,0.906308,1
2981,1.6833,0.0,0.0219,0.0,-0.0219,0.426569,0.904455,1
2982,1.7,0.0,0.0213,0.0,-0.0213,0.430511,0.902585,1
2983,1.7167,0.0,0.0166,0.0,-0.0166,0.434445,0.900698,1
2984,1.7333,0.0,0.0182,0.0,-0.0182,0.438371,0.898794,1
2985,1.75,0.0,0.0174,0.0,-0.0174,0.442289,0.896873,1
2986,1.7667,0.0,0.0219,0.0,-0.0219,0.446198,0.894934,1
2987,1.7833,0.0,0.0219,0.0,-0.0219,0.450098,0.892979,1
2988,1.8,0.0,0.0216,0.0,-0.0216,0.45399,0.891007,1
2989,1.8167,0.0,0.0242,0.0,-0.0242,0.457874,0.889017,1
2990,1.8333,0.0,0.0211,0.0,-0.0211,0.461749,0.887011,1
2991,1.85,0.0,0.0218,0.0,-0.0218,0.465615,0.884988,1
2992,1.8667,0.0,0.0206,0.0,-0.0206,0.469472,0.882948,1
2993,1.8833,0.0,0.0207,0.0,-0.0207,0.47332,0.880891,1
2994,1.9,0.0,0.0179,0.0,-0.0179,0.477159,0.878817,1
2995,1.9167,0.0,0.0239,0.0,-0.0239,0.480989,0.876727,1
2996,1.9333,0.0,0.0226,0.0,-0.0226,0.48481,0.87462,1
2997,1.95,0.0,0.0228,0.0,-0.0228,0.488621,0.872496,1
2998,1.9667,0.0,0.0221,0.0,-0.0221,0.492424,0.870356,1
2999,1.9833,0.0,0.023,0.0,-0.023,0.496217,0.868199,1
3000,2.0,0.0,0.0218,0.0,-0.0218,0.5,0.866025,1
3001,2.0167,0.0,0.0239,0.0,-0.0239,0.503774,0.863836,1
3002,2.0333,0.0,0.0174,0.0,-0.0174,0.507538,0.861629,1
3003,2.05,0.0,0.0208,0.0,-0.0208,0.511293,0.859406,1
3004,2.0667,0.0,0.0202,0.0,-0.0202,0.515038,0.857167,1
3005,2.0833,0.0,0.0249,0.0,-0.0249,0.518773,0.854912,1
3006,2.1,0.0,0.0208,0.0,-0.0208,0.522499,0.85264,1
3007,2.1167,0.0,0.0243,0.0,-0.0243,0.526214,0.850352,1
3008,2.1333,0.0,0.0225,0.0,-0.0225,0.529919,0.848048,1
3009,2.15,0.0,0.0194,0.0,-0.0194,0.533615,0.845728,1
3010,2.1667,0.0,0.0215,0.0,-0.0215,0.5373,0.843391,1
3011,2.1833,0.0,0.0217,0.0,-0.0217,0.540974,0.841039,1
3012,2.2,0.0,0.0215,0.0,-0.0215,0.544639,0.838671,1
3013,2.2167,0.0,0.0189,0.0,-0.0189,0.548293,0.836286,1
3014,2.2333,0.0,0.0203,0.0,-0.0203,0.551937,0.833886,1
3015,2.25,0.0,0.0208,0.0,-0.0208,0.55557,0.83147,1
3016,2.2667,0.0,0.0251,0.0,-0.0251,0.559193,0.829038,1
3017,2.2833,0.0,0.021,0.0,-0.021,0.562805,0.82659,1
3018,2.3,0.0,0.0229,0.0,-0.0229,0.566406,0.824126,1
3019,2.3167,0.0,0.0205,0.0,-0.0205,0.569997,0.821647,1
3020,2.3333,0.0,0.0192,0.0,-0.0192,0.573576,0.819152,1
3021,2.35,0.0,0.0222,0.0,-0.0222,0.577145,0.816642,1
3022,2.3667,0.0,0.0226,0.0,-0.0226,0.580703,0.814116,1
3023,2.3833,0.0,0.0209,0.0,-0.0209,0.58425,0.811574,1
3024,2.4,0.0,0.0199,0.0,-0.0199,0.587785,0.809017,1
3025,2.4167,0.0,0.0217,0.0,-0.0217,0.59131,0.806445,1
3026,2.4333,0.0,0.021,0.0,-0.021,0.594823,0.803857,1
3027,2.45,0.0,0.0227,0.0,-0.0227,0.598325,0.801254,1
3028,2.4667,0.0,0.0194,0.0,-0.0194,0.601815,0.798636,1
3029,2.4833,0.0,0.0217,0.0,-0.0217,0.605294,0.796002,1
3030,2.5,0.0,0.0203,0.0,-0.0203,0.608761,0.793353,1
3031,2.5167,0.0,0.0223,0.0,-0.0223,0.612217,0.79069,1
3032,2.5333,0.0,0.0231,0.0,-0.0231,0.615661,0.788011,1
3033,2.55,0.0,0.0196,0.0,-0.0196,0.619094,0.785317,1
3034,2.5667,0.0,0.0212,0.0,-0.0212,0.622515,0.782608,1
3035,2.5833,0.0,0.0205,0.0,-0.0205,0.625923,0.779884,1
3036,2.6,0.0,0.0222,0.0,-0.0222,0.62932,0.777146,1
3037,2.6167,0.0,0.0174,0.0,-0.0174,0.632705,0.774393,1
3038,2.6333,0.0,0.019,0.0,-0.019,0.636078,0.771625,1
3039,2.65,0.0,0.0198,0.0,-0.0198,0.639439,0.768842,1
3040,2.6667,0.0,0.0199,0.0,-0.0199,0.642788,0.766044,1
3041,2.6833,0.0,0.0219,0.0,-0.0219,0.646124,0.763232,1
3042,2.7,0.0,0.0233,0.0,-0.0233,0.649448,0.760406,1
3043,2.7167,0.0,0.0213,0.0,-0.0213,0.65276,0.757565,1
3044,2.7333,0.0,0.0235,0.0,-0.0235,0.656059,0.75471,1
3045,2.75,0.0,0.0217,0.0,-0.0217,0.659346,0.75184,1
3046,2.7667,0.0,0.0218,0.0,-0.0218,0.66262,0.748956,1
3047,2.7833,0.0,0.0217,0.0,-0.0217,0.665882,0.746057,1
3048,2.8,0.0,0.0191,0.0,-0.0191,0.669131,0.743145,1
3049,2.8167,0.0,0.0213,0.0,-0.0213,0.672367,0.740218,1
3050,2.8333,0.0,0.0206,0.0,-0.0206,0.67559,0.737277,1
3051,2.85,0.0,0.0186,0.0,-0.0186,0.678801,0.734323,1
3052,2.8667,0.0,0.0258,0.0,-0.0258,0.681998,0.731354,1
3053,2.8833,0.0,0.0217,0.0,-0.0217,0.685183,0.728371,1
3054,2.9,0.0,0.0207,0.0,-0.0207,0.688355,0.725374,1
3055,2.9167,0.0,0.0214,0.0,-0.0214,0.691513,0.722364,1
3056,2.9333,0.0,0.0225,0.0,-0.0225,0.694658,0.71934,1
3057,2.95,0.0,0.0191,0.0,-0.0191,0.69779,0.716302,1
3058,2.9667,0.0,0.0203,0.0,-0.0203,0.700909,0.71325,1
3059,2.9833,0.0,0.0259,0.0,-0.0259,0.704015,0.710185,1
3060,3.0,0.0,0.0212,0.0,-0.0212,0.707107,0.707107,1
3061,3.0167,0.0,0.0251,0.0,-0.0251,0.710185,0.704015,1
3062,3.0333,0.0,0.0218,0.0,-0.0218,0.71325,0.700909,1
3063,3.05,0.0,0.0229,0.0,-0.0229,0.716302,0.69779,1
3064,3.0667,0.0,0.0219,0.0,-0.0219,0.71934,0.694658,1
3065,3.0833,0.0,0.0228,0.0,-0.0228,0.722364,0.691513,1
3066,3.1,0.0,0.0183,0.0,-0.0183,0.725374,0.688355,1
3067,3.1167,0.0,0.0234,0.0,-0.0234,0.728371,0.685183,1
3068,3.1333,0.0,0.022,0.0,-0.022,0.731354,0.681998,1
3069,3.15,0.0,0.0221,0.0,-0.0221,0.734323,0.678801,1
3070,3.1667,0.0,0.0203,0.0,-0.0203,0.737277,0.67559,1
3071,3.1833,0.0,0.0234,0.0,-0.0234,0.740218,0.672367,1
3072,3.2,0.0,0.0239,0.0,-0.0239,0.743145,0.669131,1
3073,3.2167,0.0,0.0218,0.0,-0.0218,0.746057,0.665882,1
3074,3.2333,0.0,0.0206,0.0,-0.0206,0.748956,0.66262,1
3075,3.25,0.0,0.0186,0.0,-0.0186,0.75184,0.659346,1
3076,3.2667,0.0,0.0206,0.0,-0.0206,0.75471,0.656059,1
3077,3.2833,0.0,0.0218,0.0,-0.0218,0.757565,0.65276,1
3078,3.3,0.0,0.0206,0.0,-0.0206,0.760406,0.649448,1
3079,3.3167,0.0,0.0167,0.0,-0.0167,0.763232,0.646124,1
3080,3.3333,0.0,0.0189,0.0,-0.0189,0.766044,0.642788,1
3081,3.35,0.0,0.0273,0.0,-0.0273,0.768842,0.639439,1
3082,3.3667,0.0,0.0227,0.0,-0.0227,0.771625,0.636078,1
3083,3.3833,0.0,0.0225,0.0,-0.0225,0.774393,0.632705,1
3084,3.4,0.0,0.0258,0.0,-0.0258,0.777146,0.62932,1
3085,3.4167,0.0,0.0219,0.0,-0.0219,0.779884,0.625923,1
3086,3.4333,0.0,0.0198,0.0,-0.0198,0.782608,0.622515,1
3087,3.45,0.0,0.0241,0.0,-0.0241,0.785317,0.619094,1
3088,3.4667,0.0,0.0201,0.0,-0.0201,0.788011,0.615661,1
3089,3.4833,0.0,0.0244,0.0,-0.0244,0.79069,0.612217,1
3090,3.5,0.0,0.0209,0.0,-0.0209,0.793353,0.608761,1
3091,3.5167,0.0,0.0212,0.0,-0.0212,0.796002,0.605294,1
3092,3.5333,0.0,0.0236,0.0,-0.0236,0.798636,0.601815,1
3093,3.55,0.0,0.0215,0.0,-0.0215,0.801254,0.598325,1
3094,3.5667,0.0,0.0192,0.0,-0.0192,0.803857,0.594823,1
3095,3.5833,0.0,0.0219,0.0,-0.0219,0.806445,0.59131,1
3096,3.6,0.0,0.0186,0.0,-0.0186,0.809017,0.587785,1
3097,3.6167,0.0,0.0171,0.0,-0.0171,0.811574,0.58425,1
3098,3.6333,0.0,0.0216,0.0,-0.0216,0.814116,0.580703,1
3099,3.65,0.0,0.0266,0.0,-0.0266,0.816642,0.577145,1
3100,3.6667,0.0,0.022,0.0,-0.022,0.819152,0.573576,1
3101,3.6833,0.0,0.0218,0.0,-0.0218,0.821647,0.569997,1
3102,3.7,0.0,0.0221,0.0,-0.0221,0.824126,0.566406,1
3103,3.7167,0.0,0.0214,0.0,-0.0214,0.82659,0.562805,1
3104,3.7333,0.0,0.0198,0.0,-0.0198,0.829038,0.559193,1
3105,3.75,0.0,0.0212,0.0,-0.0212,0.83147,0.55557,1
3106,3.7667,0.0,0.02,0.0,-0.02,0.833886,0.551937,1
3107,3.7833,0.0,0.0225,0.0,-0.0225,0.836286,0.548293,1
3108,3.8,0.0,0.0196,0.0,-0.0196,0.838671,0.544639,1
3109,3.8167,0.0,0.0233,0.0,-0.0233,0.841039,0.540974,1
3110,3.8333,0.0,0.0204,0.0,-0.0204,0.843391,0.5373,1
3111,3.85,0.0,0.0218,0.0,-0.0218,0.845728,0.533615,1
3112,3.8667,0.0,0.0214,0.0,-0.0214,0.848048,0.529919,1
3113,3.8833,0.0,0.0218,0.0,-0.0218,0.850352,0.526214,1
3114,3.9,0.0,0.02,0.0,-0.02,0.85264,0.522499,1
3115,3.9167,0.0,0.0212,0.0,-0.0212,0.854912,0.518773,1
3116,3.9333,0.0,0.0205,0.0,-0.0205,0.857167,0.515038,1
3117,3.95,0.0,0.0205,0.0,-0.0205,0.859406,0.511293,1
3118,3.9667,0.0,0.024,0.0,-0.024,0.861629,0.507538,1
3119,3.9833,0.0,0.0209,0.0,-0.0209,0.863836,0.503774,1
3120,4.0,0.0,0.0236,0.0,-0.0236,0.866025,0.5,1
3121,4.0167,0.0,0.0228,0.0,-0.0228,0.868199,0.496217,1
3122,4.0333,0.0,0.022,0.0,-0.022,0.870356,0.492424,1
3123,4.05,0.0,0.022,0.0,-0.022,0.872496,0.488621,1
3124,4.0667,0.0,0.0142,0.0,-0.0142,0.87462,0.48481,1
3125,4.0833,0.0,0.0234,0.0,-0.0234,0.876727,0.480989,1
3126,4.1,0.0,0.0215,0.0,-0.0215,0.878817,0.477159,1
3127,4.1167,0.0,0.0198,0.0,-0.0198,0.880891,0.47332,1
3128,4.1333,0.0,0.0207,0.0,-0.0207,0.882948,0.469472,1
3129,4.15,0.0,0.0249,0.0,-0.0249,0.884988,0.465615,1
3130,4.1667,0.0,0.0223,0.0,-0.0223,0.887011,0.461749,1
3131,4.1833,0.0,0.0222,0.0,-0.0222,0.889017,0.457874,1
3132,4.2,0.0,0.0173,0.0,-0.0173,0.891007,0.45399,1
3133,4.2167,0.0,0.0223,0.0,-0.0223,0.892979,0.450098,1
3134,4.2333,0.0,0.0224,0.0,-0.0224,0.894934,0.446198,1
3135,4.25,0.0,0.0227,0.0,-0.0227,0.896873,0.442289,1
3136,4.2667,0.0,0.0221,0.0,-0.0221,0.898794,0.438371,1
3137,4.2833,0.0,0.0218,0.0,-0.0218,0.900698,0.434445,1
3138,4.3,0.0,0.0217,0.0,-0.0217,0.902585,0.430511,1
3139,4.3167,0.0,0.0254,0.0,-0.0254,0.904455,0.426569,1
3140,4.3333,0.0,0.0247,0.0,-0.0247,0.906308,0.422618,1
3141,4.35,0.0,0.0178,0.0,-0.0178,0.908143,0.41866,1
3142,4.3667,0.0,0.0221,0.0,-0.0221,0.909961,0.414693,1
3143,4.3833,0.0,0.0215,0.0,-0.0215,0.911762,0.410719,1
3144,4.4,0.0,0.0234,0.0,-0.0234,0.913545,0.406737,1
3145,4.4167,0.0,0.0237,0.0,-0.0237,0.915311,0.402747,1
3146,4.4333,0.0,0.0207,0.0,-0.0207,0.91706,0.398749,1
3147,4.45,0.0,0.0219,0.0,-0.0219,0.918791,0.394744,1
3148,4.4667,0.0,0.0216,0.0,-0.0216,0.920505,0.390731,1
3149,4.4833,0.0,0.0211,0.0,-0.0211,0.922201,0.386711,1
3150,4.5,0.0,0.0185,0.0,-0.0185,0.92388,0.382683,1
3151,4.5167,0.0,0.0231,0.0,-0.0231,0.925541,0.378649,1
3152,4.5333,0.0,0.0213,0.0,-0.0213,0.927184,0.374607,1
3153,4.55,0.0,0.0217,0.0,-0.0217,0.92881,0.370557,1
3154,4.5667,0.0,0.0195,0.0,-0.0195,0.930418,0.366501,1
3155,4.5833,0.0,0.0205,0.0,-0.0205,0.932008,0.362438,1
3156,4.6,0.0,0.0202,0.0,-0.0202,0.93358,0.358368,1
3157,4.6167,0.0,0.0238,0.0,-0.0238,0.935135,0.354291,1
3158,4.6333,0.0,0.02,0.0,-0.02,0.936672,0.350207,1
3159,4.65,0.0,0.0188,0.0,-0.0188,0.938191,0.346117,1
3160,4.6667,0.0,0.022,0.0,-0.022,0.939693,0.34202,1
3161,4.6833,0.0,0.0199,0.0,-0.0199,0.941176,0.337917,1
3162,4.7,0.0,0.0166,0.0,-0.0166,0.942641,0.333807,1
3163,4.7167,0.0,0.0176,0.0,-0.0176,0.944089,0.329691,1
3164,4.7333,0.0,0.0192,0.0,-0.0192,0.945519,0.325568,1
3165,4.75,0.0,0.0241,0.0,-0.0241,0.94693,0.321439,1
3166,4.7667,0.0,0.0216,0.0,-0.0216,0.948324,0.317305,1
3167,4.7833,0.0,0.0199,0.0,-0.0199,0.949699,0.313164,1
3168,4.8,0.0,0.0182,0.0,-0.0182,0.951057,0.309017,1
3169,4.8167,0.0,0.0206,0.0,-0.0206,0.952396,0.304864,1
3170,4.8333,0.0,0.0197,0.0,-0.0197,0.953717,0.300706,1
3171,4.85,0.0,0.0205,0.0,-0.0205,0.95502,0.296542,1
3172,4.8667,0.0,0.02,0.0,-0.02,0.956305,0.292372,1
3173,4.8833,0.0,0.0241,0.0,-0.0241,0.957571,0.288196,1
3174,4.9,0.0,0.0209,0.0,-0.0209,0.95882,0.284015,1
3175,4.9167,0.0,0.0199,0.0,-0.0199,0.96005,0.279829,1
3176,4.9333,0.0,0.0202,0.0,-0.0202,0.961262,0.275637,1
3177,4.95,0.0,0.0171,0.0,-0.0171,0.962455,0.27144,1
3178,4.9667,0.0,0.0179,0.0,-0.0179,0.96363,0.267238,1
3179,4.9833,0.0,0.0233,0.0,-0.0233,0.964787,0.263031,1
3180,5.0,0.0,0.0243,0.0,-0.0243,0.965926,0.258819,1
3181,5.0167,0.0,0.0206,0.0,-0.0206,0.967046,0.254602,1
3182,5.0333,0.0,0.0203,0.0,-0.0203,0.968148,0.25038,1
3183,5.05,0.0,0.0239,0.0,-0.0239,0.969231,0.246153,1
3184,5.0667,0.0,0.0205,0.0,-0.0205,0.970296,0.241922,1
3185,5.0833,0.0,0.0195,0.0,-0.0195,0.971342,0.237686,1
3186,5.1,0.0,0.0203,0.0,-0.0203,0.97237,0.233445,1
3187,5.1167,0.0,0.0216,0.0,-0.0216,0.973379,0.2292,1
3188,5.1333,0.0,0.0152,0.0,-0.0152,0.97437,0.224951,1
3189,5.15,0.0,0.0216,0.0,-0.0216,0.975342,0.220697,1
3190,5.1667,0.0,0.0218,0.0,-0.0218,0.976296,0.21644,1
3191,5.1833,0.0,0.0227,0.0,-0.0227,0.977231,0.212178,1
3192,5.2,0.0,0.0228,0.0,-0.0228,0.978148,0.207912,1
3193,5.2167,0.0,0.0215,0.0,-0.0215,0.979045,0.203642,1
3194,5.2333,0.0,0.0227,0.0,-0.0227,0.979925,0.199368,1
3195,5.25,0.0,0.0203,0.0,-0.0203,0.980785,0.19509,1
3196,5.2667,0.0,0.0228,0.0,-0.0228,0.981627,0.190809,1
3197,5.2833,0.0,0.0221,0.0,-0.0221,0.98245,0.186524,1
3198,5.3,0.0,0.0247,0.0,-0.0247,0.983255,0.182236,1
3199,5.3167,0.0,0.0227,0.0,-0.0227,0.984041,0.177944,1
3200,5.3333,0.0,0.0212,0.0,-0.0212,0.984808,0.173648,1
3201,5.35,0.0,0.0232,0.0,-0.0232,0.985556,0.16935,1
3202,5.3667,0.0,0.022,0.0,-0.022,0.986286,0.165048,1
3203,5.3833,0.0,0.0224,0.0,-0.0224,0.986996,0.160743,1
3204,5.4,0.0,0.0211,0.0,-0.0211,0.987688,0.156434,1
3205,5.4167,0.0,0.0224,0.0,-0.0224,0.988362,0.152123,1
3206,5.4333,0.0,0.0211,0.0,-0.0211,0.989016,0.147809,1
3207,5.45,0.0,0.0177,0.0,-0.0177,0.989651,0.143493,1
3208,5.4667,0.0,0.0173,0.0,-0.0173,0.990268,0.139173,1
3209,5.4833,0.0,0.0228,0.0,-0.0228,0.990866,0.134851,1
3210,5.5,0.0,0.0167,0.0,-0.0167,0.991445,0.130526,1
3211,5.5167,0.0,0.0227,0.0,-0.0227,0.992005,0.126199,1
3212,5.5333,0.0,0.0198,0.0,-0.0198,0.992546,0.121869,1
3213,5.55,0.0,0.0217,0.0,-0.0217,0.993068,0.117537,1
3214,5.5667,0.0,0.0226,0.0,-0.0226,0.993572,0.113203,1
3215,5.5833,0.0,0.021,0.0,-0.021,0.994056,0.108867,1
3216,5.6,0.0,0.0234,0.0,-0.0234,0.994522,0.104528,1
3217,5.6167,0.0,0.0232,0.0,-0.0232,0.994969,0.100188,1
3218,5.6333,0.0,0.0229,0.0,-0.0229,0.995396,0.095846,1
3219,5.65,0.0,0.0204,0.0,-0.0204,0.995805,0.091502,1
3220,5.6667,0.0,0.0195,0.0,-0.0195,0.996195,0.087156,1
3221,5.6833,0.0,0.0198,0.0,-0.0198,0.996566,0.082808,1
3222,5.7,0.0,0.0178,0.0,-0.0178,0.996917,0.078459,1
3223,5.7167,0.0,0.0224,0.0,-0.0224,0.99725,0.074108,1
3224,5.7333,0.0,0.0181,0.0,-0.0181,0.997564,0.069756,1
3225,5.75,0.0,0.0215,0.0,-0.0215,0.997859,0.065403,1
3226,5.7667,0.0,0.0214,0.0,-0.0214,0.998135,0.061049,1
3227,5.7833,0.0,0.0205,0.0,-0.0205,0.998392,0.056693,1
3228,5.8,0.0,0.0227,0.0,-0.0227,0.99863,0.052336,1
3229,5.8167,0.0,0.0225,0.0,-0.0225,0.998848,0.047978,1
3230,5.8333,0.0,0.0237,0.0,-0.0237,0.999048,0.043619,1
3231,5.85,0.0,0.0177,0.0,-0.0177,0.999229,0.03926,1
3232,5.8667,0.0,0.0238,0.0,-0.0238,0.999391,0.034899,1
3233,5.8833,0.0,0.0243,0.0,-0.0243,0.999534,0.030539,1
3234,5.9,0.0,0.0187,0.0,-0.0187,0.999657,0.026177,1
3235,5.9167,0.0,0.0226,0.0,-0.0226,0.999762,0.021815,1
3236,5.9333,0.0,0.0216,0.0,-0.0216,0.999848,0.017452,1
3237,5.95,0.0,0.0221,0.0,-0.0221,0.999914,0.01309,1
3238,5.9667,0.0,0.0229,0.0,-0.0229,0.999962,0.008727,1
3239,5.9833,0.0,0.0252,0.0,-0.0252,0.99999,0.004363,1
3240,6.0,0.003433,0.0403,0.0,-0.036867,1.0,0.0,1
3241,6.0167,0.0037,0.0369,0.0,-0.0332,0.99999,-0.004363,1
3242,6.0333,0.0,0.0383,0.0,-0.0383,0.999962,-0.008727,1
3243,6.05,0.0,0.0426,0.0,-0.0426,0.999914,-0.01309,1
3244,6.0667,0.0,0.0394,0.0,-0.0394,0.999848,-0.017452,1
3245,6.0833,0.004533,0.0372,0.0,-0.032667,0.999762,-0.021815,1
3246,6.1,0.004667,0.037,0.0,-0.032333,0.999657,-0.026177,1
3247,6.1167,0.002883,0.0383,0.0,-0.035417,0.999534,-0.030539,1
3248,6.1333,0.001117,0.0364,0.0,-0.035283,0.999391,-0.034899,1
3249,6.15,0.0038,0.0434,0.0,-0.0396,0.999229,-0.03926,1
3250,6.1667,0.001167,0.0411,0.0,-0.039933,0.999048,-0.043619,1
3251,6.1833,0.000567,0.0385,0.0,-0.037933,0.998848,-0.047978,1
3252,6.2,0.00055,0.0436,0.0,-0.04305,0.99863,-0.052336,1
3253,6.2167,0.002383,0.0433,0.0,-0.040917,0.998392,-0.056693,1
3254,6.2333,0.004217,0.0384,0.0,-0.034183,0.998135,-0.061049,1
3255,6.25,0.00415,0.0364,0.0,-0.03225,0.997859,-0.065403,1
3256,6.2667,0.002967,0.0396,0.0,-0.036633,0.997564,-0.069756,1
3257,6.2833,0.006483,0.0411,0.0,-0.034617,0.99725,-0.074108,1
3258,6.3,0.006383,0.0403,0.0,-0.033917,0.996917,-0.078459,1
3259,6.3167,0.005583,0.0386,0.0,-0.033017,0.996566,-0.082808,1
3260,6.3333,0.00545,0.0375,0.0,-0.03205,0.996195,-0.087156,1
3261,6.35,0.003683,0.0408,0.0,-0.037117,0.995805,-0.091502,1
3262,6.3667,0.010767,0.0379,0.0,-0.027133,0.995396,-0.095846,1
3263,6.3833,0.00785,0.0394,0.0,-0.03155,0.994969,-0.100188,1
3264,6.4,0.004083,0.042,0.0,-0.037917,0.994522,-0.104528,1
3265,6.4167,0.0108,0.0408,0.0,-0.03,0.994056,-0.108867,1
3266,6.4333,0.009517,0.0393,0.0,-0.029783,0.993572,-0.113203,1
3267,6.45,0.0078,0.0412,0.0,-0.0334,0.993068,-0.117537,1
3268,6.4667,0.007767,0.0433,0.0,-0.035533,0.992546,-0.121869,1
3269,6.4833,0.005183,0.0425,0.0,-0.037317,0.992005,-0.126199,1
3270,6.5,0.011517,0.0397,0.0,-0.028183,0.991445,-0.130526,1
3271,6.5167,0.017333,0.0398,0.0,-0.022467,0.990866,-0.134851,1
3272,6.5333,0.0078,0.0405,0.0,-0.0327,0.990268,-0.139173,1
3273,6.55,0.01705,0.0372,0.0,-0.02015,0.989651,-0.143493,1
3274,6.5667,0.0143,0.038,0.0,-0.0237,0.989016,-0.147809,1
3275,6.5833,0.010267,0.039,0.0,-0.028733,0.988362,-0.152123,1
3276,6.6,0.012467,0.0352,0.0,-0.022733,0.987688,-0.156434,1
3277,6.6167,0.0135,0.0402,0.0,-0.0267,0.986996,-0.160743,1
3278,6.6333,0.013067,0.0386,0.0,-0.025533,0.986286,-0.165048,1
3279,6.65,0.0104,0.0389,0.0,-0.0285,0.985556,-0.16935,1
3280,6.6667,0.012333,0.0417,0.0,-0.029367,0.984808,-0.173648,1
3281,6.6833,0.013917,0.0416,0.0,-0.027683,0.984041,-0.177944,1
3282,6.7,0.013167,0.0436,0.0,-0.030433,0.983255,-0.182236,1
3283,6.7167,0.011783,0.0415,0.0,-0.029717,0.98245,-0.186524,1
3284,6.7333,0.019933,0.0387,0.0,-0.018767,0.981627,-0.190809,1
3285,6.75,0.0169,0.0398,0.0,-0.0229,0.980785,-0.19509,1
3286,6.7667,0.020183,0.0386,0.0,-0.018417,0.979925,-0.199368,1
3287,6.7833,0.018783,0.0363,0.0,-0.017517,0.979045,-0.203642,1
3288,6.8,0.016583,0.0435,0.0,-0.026917,0.978148,-0.207912,1
3289,6.8167,0.017267,0.0389,0.0,-0.021633,0.977231,-0.212178,1
3290,6.8333,0.015767,0.0426,0.0,-0.026833,0.976296,-0.21644,1
3291,6.85,0.014567,0.041,0.0,-0.026433,0.975342,-0.220697,1
3292,6.8667,0.019267,0.0383,0.0,-0.019033,0.97437,-0.224951,1
3293,6.8833,0.016767,0.0374,0.0,-0.020633,0.973379,-0.2292,1
3294,6.9,0.014867,0.0362,0.0,-0.021333,0.97237,-0.233445,1
3295,6.9167,0.017633,0.0411,0.0,-0.023467,0.971342,-0.237686,1
3296,6.9333,0.0204,0.0387,0.0,-0.0183,0.970296,-0.241922,1
3297,6.95,0.019917,0.0406,0.0,-0.020683,0.969231,-0.246153,1
3298,6.9667,0.017983,0.0387,0.0,-0.020717,0.968148,-0.25038,1
3299,6.9833,0.019333,0.0416,0.0,-0.022267,0.967046,-0.254602,1
3300,7.0,0.024633,0.0714,0.0,-0.046767,0.965926,-0.258819,1
3301,7.0167,0.019617,0.0709,0.0,-0.051283,0.964787,-0.263031,1
3302,7.0333,0.022433,0.0718,0.0,-0.049367,0.96363,-0.267238,1
3303,7.05,0.01555,0.0724,0.0,-0.05685,0.962455,-0.27144,1
3304,7.0667,0.02495,0.0695,0.0,-0.04455,0.961262,-0.275637,1
3305,7.0833,0.025917,0.071,0.0,-0.045083,0.96005,-0.279829,1
3306,7.1,0.020767,0.0775,0.0,-0.056733,0.95882,-0.284015,1
3307,7.1167,0.0299,0.0725,0.0,-0.0426,0.957571,-0.288196,1
3308,7.1333,0.021733,0.0743,0.0,-0.052567,0.956305,-0.292372,1
3309,7.15,0.023233,0.0734,0.0,-0.050167,0.95502,-0.296542,1
3310,7.1667,0.025967,0.0692,0.0,-0.043233,0.953717,-0.300706,1
3311,7.1833,0.025283,0.0741,0.0,-0.048817,0.952396,-0.304864,1
3312,7.2,0.02715,0.0721,0.0,-0.04495,0.951057,-0.309017,1
3313,7.2167,0.019867,0.0733,0.0,-0.053433,0.949699,-0.313164,1
3314,7.2333,0.025717,0.0724,0.0,-0.046683,0.948324,-0.317305,1
3315,7.25,0.025583,0.0725,0.0,-0.046917,0.94693,-0.321439,1
3316,7.2667,0.026667,0.0708,0.0,-0.044133,0.945519,-0.325568,1
3317,7.2833,0.027833,0.0725,0.0,-0.044667,0.944089,-0.329691,1
3318,7.3,0.026133,0.0724,0.0,-0.046267,0.942641,-0.333807,1
3319,7.3167,0.026417,0.0709,0.0,-0.044483,0.941176,-0.337917,1
3320,7.3333,0.030317,0.0728,0.0,-0.042483,0.939693,-0.34202,1
3321,7.35,0.028033,0.0752,0.0,-0.047167,0.938191,-0.346117,1
3322,7.3667,0.0255,0.075,0.0,-0.0495,0.936672,-0.350207,1
3323,7.3833,0.029033,0.0713,0.0,-0.042267,0.935135,-0.354291,1
3324,7.4,0.02955,0.0714,0.0,-0.04185,0.93358,-0.358368,1
3325,7.4167,0.03335,0.0703,0.0,-0.03695,0.932008,-0.362438,1
3326,7.4333,0.029283,0.0748,0.0,-0.045517,0.930418,-0.366501,1
3327,7.45,0.030233,0.0757,0.0,-0.045467,0.92881,-0.370557,1
3328,7.4667,0.02915,0.0715,0.0,-0.04235,0.927184,-0.374607,1
3329,7.4833,0.036983,0.0693,0.0,-0.032317,0.925541,-0.378649,1
3330,7.5,0.03025,0.0751,0.0,-0.04485,0.92388,-0.382683,1
3331,7.5167,0.03105,0.0722,0.0,-0.04115,0.922201,-0.386711,1
3332,7.5333,0.035133,0.073,0.0,-0.037867,0.920505,-0.390731,1
3333,7.55,0.034883,0.0729,0.0,-0.038017,0.918791,-0.394744,1
3334,7.5667,0.0273,0.0696,0.0,-0.0423,0.91706,-0.398749,1
3335,7.5833,0.031583,0.0701,0.0,-0.038517,0.915311,-0.402747,1
3336,7.6,0.029683,0.0733,0.0,-0.043617,0.913545,-0.406737,1
3337,7.6167,0.032817,0.0698,0.0,-0.036983,0.911762,-0.410719,1
3338,7.6333,0.039283,0.0711,0.0,-0.031817,0.909961,-0.414693,1
3339,7.65,0.035367,0.0717,0.0,-0.036333,0.908143,-0.41866,1
3340,7.6667,0.033067,0.0719,0.0,-0.038833,0.906308,-0.422618,1
3341,7.6833,0.034933,0.0712,0.0,-0.036267,0.904455,-0.426569,1
3342,7.7,0.038867,0.0692,0.0,-0.030333,0.902585,-0.430511,1
3343,7.7167,0.03755,0.0729,0.0,-0.03535,0.900698,-0.434445,1
3344,7.7333,0.036717,0.0729,0.0,-0.036183,0.898794,-0.438371,1
3345,7.75,0.0331,0.0702,0.0,-0.0371,0.896873,-0.442289,1
3346,7.7667,0.036017,0.0722,0.0,-0.036183,0.894934,-0.446198,1
3347,7.7833,0.0331,0.0749,0.0,-0.0418,0.892979,-0.450098,1
3348,7.8,0.035433,0.0715,0.0,-0.036067,0.891007,-0.45399,1
3349,7.8167,0.035433,0.0718,0.0,-0.036367,0.889017,-0.457874,1
3350,7.8333,0.039517,0.0708,0.0,-0.031283,0.887011,-0.461749,1
3351,7.85,0.038467,0.0733,0.0,-0.034833,0.884988,-0.465615,1
3352,7.8667,0.039217,0.0663,0.0,-0.027083,0.882948,-0.469472,1
3353,7.8833,0.035667,0.0723,0.0,-0.036633,0.880891,-0.47332,1
3354,7.9,0.035533,0.0727,0.0,-0.037167,0.878817,-0.477159,1
3355,7.9167,0.039917,0.0692,0.0,-0.029283,0.876727,-0.480989,1
3356,7.9333,0.038083,0.074,0.0,-0.035917,0.87462,-0.48481,1
3357,7.95,0.04285,0.0715,0.0,-0.02865,0.872496,-0.488621,1
3358,7.9667,0.0345,0.0762,0.0,-0.0417,0.870356,-0.492424,1
3359,7.9833,0.043367,0.0734,0.0,-0.030033,0.868199,-0.496217,1
3360,8.0,0.038933,0.0704,0.0,-0.031467,0.866025,-0.5,1
3361,8.0167,0.038633,0.0703,0.0,-0.031667,0.863836,-0.503774,1
3362,8.0333,0.037233,0.0712,0.0,-0.033967,0.861629,-0.507538,1
3363,8.05,0.043967,0.072,0.0,-0.028033,0.859406,-0.511293,1
3364,8.0667,0.03985,0.0713,0.0,-0.03145,0.857167,-0.515038,1
3365,8.0833,0.042417,0.068,0.0,-0.025583,0.854912,-0.518773,1
3366,8.1,0.04095,0.0745,0.0,-0.03355,0.85264,-0.522499,1
3367,8.1167,0.041,0.0756,0.0,-0.0346,0.850352,-0.526214,1
3368,8.1333,0.042817,0.0711,0.0,-0.028283,0.848048,-0.529919,1
3369,8.15,0.043033,0.073,0.0,-0.029967,0.845728,-0.533615,1
3370,8.1667,0.041933,0.0726,0.0,-0.030667,0.843391,-0.5373,1
3371,8.1833,0.045067,0.0732,0.0,-0.028133,0.841039,-0.540974,1
3372,8.2,0.041333,0.0715,0.0,-0.030167,0.838671,-0.544639,1
3373,8.2167,0.048117,0.0734,0.0,-0.025283,0.836286,-0.548293,1
3374,8.2333,0.040383,0.0756,0.0,-0.035217,0.833886,-0.551937,1
3375,8.25,0.0397,0.0745,0.0,-0.0348,0.83147,-0.55557,1
3376,8.2667,0.04745,0.075,0.0,-0.02755,0.829038,-0.559193,1
3377,8.2833,0.043633,0.0692,0.0,-0.025567,0.82659,-0.562805,1
3378,8.3,0.0441,0.0738,0.0,-0.0297,0.824126,-0.566406,1
3379,8.3167,0.042167,0.0737,0.0,-0.031533,0.821647,-0.569997,1
3380,8.3333,0.0464,0.0726,0.0,-0.0262,0.819152,-0.573576,1
3381,8.35,0.0443,0.0715,0.0,-0.0272,0.816642,-0.577145,1
3382,8.3667,0.046,0.0734,0.0,-0.0274,0.814116,-0.580703,1
3383,8.3833,0.048217,0.0718,0.0,-0.023583,0.811574,-0.58425,1
3384,8.4,0.046933,0.0703,0.0,-0.023367,0.809017,-0.587785,1
3385,8.4167,0.046867,0.0732,0.0,-0.026333,0.806445,-0.59131,1
3386,8.4333,0.049583,0.0731,0.0,-0.023517,0.803857,-0.594823,1
3387,8.45,0.04985,0.072,0.0,-0.02215,0.801254,-0.598325,1
3388,8.4667,0.04985,0.0721,0.0,-0.02225,0.798636,-0.601815,1
3389,8.4833,0.045467,0.0706,0.0,-0.025133,0.796002,-0.605294,1
3390,8.5,0.0487,0.0689,0.0,-0.0202,0.793353,-0.608761,1
3391,8.5167,0.055383,0.0744,0.0,-0.019017,0.79069,-0.612217,1
3392,8.5333,0.04495,0.0733,0.0,-0.02835,0.788011,-0.615661,1
3393,8.55,0.047883,0.076,0.0,-0.028117,0.785317,-0.619094,1
3394,8.5667,0.047083,0.07,0.0,-0.022917,0.782608,-0.622515,1
3395,8.5833,0.051033,0.07,0.0,-0.018967,0.779884,-0.625923,1
3396,8.6,0.049183,0.071,0.0,-0.021817,0.777146,-0.62932,1
3397,8.6167,0.045467,0.0718,0.0,-0.026333,0.774393,-0.632705,1
3398,8.6333,0.05015,0.0705,0.0,-0.02035,0.771625,-0.636078,1
3399,8.65,0.047283,0.0694,0.0,-0.022117,0.768842,-0.639439,1
3400,8.6667,0.053367,0.0719,0.0,-0.018533,0.766044,-0.642788,1
3401,8.6833,0.05435,0.0711,0.0,-0.01675,0.763232,-0.646124,1
3402,8.7,0.05185,0.0744,0.0,-0.02255,0.760406,-0.649448,1
3403,8.7167,0.048933,0.073,0.0,-0.024067,0.757565,-0.65276,1
3404,8.7333,0.054033,0.0696,0.0,-0.015567,0.75471,-0.656059,1
3405,8.75,0.055933,0.0698,0.0,-0.013867,0.75184,-0.659346,1
3406,8.7667,0.055183,0.0711,0.0,-0.015917,0.748956,-0.66262,1
3407,8.7833,0.052217,0.1492,0.0,-0.096983,0.746057,-0.665882,1
3408,8.8,0.05295,0.1531,0.0,-0.10015,0.743145,-0.669131,1
3409,8.8167,0.0544,0.15,0.0,-0.0956,0.740218,-0.672367,1
3410,8.8333,0.054167,0.1566,0.0,-0.102433,0.737277,-0.67559,1
3411,8.85,0.05455,0.1532,0.0,-0.09865,0.734323,-0.678801,1
3412,8.8667,0.055617,0.1475,0.0,-0.091883,0.731354,-0.681998,1
3413,8.8833,0.0533,0.1528,0.0,-0.0995,0.728371,-0.685183,1
3414,8.9,0.053117,0.1474,0.0,-0.094283,0.725374,-0.688355,1
3415,8.9167,0.056367,0.1499,0.0,-0.093533,0.722364,-0.691513,1
3416,8.9333,0.05455,0.1473,0.0,-0.09275,0.71934,-0.694658,1
3417,8.95,0.05485,0.1527,0.0,-0.09785,0.716302,-0.69779,1
3418,8.9667,0.05675,0.1508,0.0,-0.09405,0.71325,-0.700909,1
3419,8.9833,0.05805,0.1493,0.0,-0.09125,0.710185,-0.704015,1
3420,9.0,0.057933,0.1185,0.0,-0.060567,0.707107,-0.707107,1
3421,9.0167,0.0585,0.1184,0.0,-0.0599,0.704015,-0.710185,1
3422,9.0333,0.05835,0.1212,0.0,-0.06285,0.700909,-0.71325,1
3423,9.05,0.0529,0.1201,0.0,-0.0672,0.69779,-0.716302,1
3424,9.0667,0.054617,0.1187,0.0,-0.064083,0.694658,-0.71934,1
3425,9.0833,0.054917,0.1153,0.0,-0.060383,0.691513,-0.722364,1
3426,9.1,0.058733,0.1174,0.0,-0.058667,0.688355,-0.725374,1
3427,9.1167,0.057067,0.1195,0.0,-0.062433,0.685183,-0.728371,1
3428,9.1333,0.0578,0.1192,0.0,-0.0614,0.681998,-0.731354,1
3429,9.15,0.060833,0.1194,0.0,-0.058567,0.678801,-0.734323,1
3430,9.1667,0.0567,0.1177,0.0,-0.061,0.67559,-0.737277,1
3431,9.1833,0.061533,0.0387,0.0228,0.022833,0.672367,-0.740218,0
3432,9.2,0.053267,0.0406,0.0355,0.012667,0.669131,-0.743145,0
3433,9.2167,0.06455,0.036,0.064,0.02855,0.665882,-0.746057,0
3434,9.2333,0.058667,0.0386,0.0841,0.020067,0.66262,-0.748956,0
3435,9.25,0.057833,0.04,0.1019,0.017833,0.659346,-0.75184,0
3436,9.2667,0.06005,0.0373,0.1247,0.02275,0.656059,-0.75471,0
3437,9.2833,0.06565,0.0432,0.1472,0.02245,0.65276,-0.757565,0
3438,9.3,0.0593,0.0416,0.1649,0.0177,0.649448,-0.760406,0
3439,9.3167,0.062983,0.0393,0.1886,0.023683,0.646124,-0.763232,0
3440,9.3333,0.060917,0.0399,0.2096,0.021017,0.642788,-0.766044,0
3441,9.35,0.0635,0.0431,0.23,0.0204,0.639439,-0.768842,0
3442,9.3667,0.05795,0.0407,0.2473,0.01725,0.636078,-0.771625,0
3443,9.3833,0.063017,0.0371,0.2732,0.025917,0.632705,-0.774393,0
3444,9.4,0.062967,0.0389,0.2973,0.024067,0.62932,-0.777146,0
3445,9.4167,0.061033,0.0409,0.3174,0.020133,0.625923,-0.779884,0
3446,9.4333,0.058933,0.0399,0.3364,0.019033,0.622515,-0.782608,0
3447,9.45,0.063367,0.0387,0.3611,0.024667,0.619094,-0.785317,0
3448,9.4667,0.058367,0.0398,0.3797,0.018567,0.615661,-0.788011,0
3449,9.4833,0.063517,0.0404,0.4028,0.023117,0.612217,-0.79069,0
3450,9.5,0.063467,0.0398,0.4265,0.023667,0.608761,-0.793353,0
3451,9.5167,0.063717,0.0371,0.4531,0.026617,0.605294,-0.796002,0
3452,9.5333,0.065017,0.0388,0.4793,0.026217,0.601815,-0.798636,0
3453,9.55,0.065133,0.0383,0.5061,0.026833,0.598325,-0.801254,0
3454,9.5667,0.063567,0.0402,0.5295,0.023367,0.594823,-0.803857,0
3455,9.5833,0.0626,0.0378,0.5543,0.0248,0.59131,-0.806445,0
3456,9.6,0.0642,0.04,0.5785,0.0242,0.587785,-0.809017,0
3457,9.6167,0.067783,0.0413,0.605,0.026483,0.58425,-0.811574,0
3458,9.6333,0.06195,0.0371,0.6298,0.02485,0.580703,-0.814116,0
3459,9.65,0.0693,0.0424,0.6567,0.0269,0.577145,-0.816642,0
3460,9.6667,0.0677,0.0406,0.6838,0.0271,0.573576,-0.819152,0
3461,9.6833,0.065983,0.0365,0.7133,0.029483,0.569997,-0.821647,0
3462,9.7,0.064367,0.0392,0.7385,0.025167,0.566406,-0.824126,0
3463,9.7167,0.06425,0.04,0.7628,0.02425,0.562805,-0.82659,0
3464,9.7333,0.065367,0.0401,0.7881,0.025267,0.559193,-0.829038,0
3465,9.75,0.069583,0.0373,0.8204,0.032283,0.55557,-0.83147,0
3466,9.7667,0.065883,0.0408,0.8455,0.025083,0.551937,-0.833886,0
3467,9.7833,0.067417,0.042,0.8709,0.025417,0.548293,-0.836286,0
3468,9.8,0.068817,0.042,0.8977,0.026817,0.544639,-0.838671,0
3469,9.8167,0.07065,0.0417,0.9267,0.02895,0.540974,-0.841039,0
3470,9.8333,0.069617,0.0392,0.9571,0.030417,0.5373,-0.843391,0
3471,9.85,0.0655,0.0419,0.9807,0.0236,0.533615,-0.845728,0
3472,9.8667,0.0702,0.0394,1.0115,0.0308,0.529919,-0.848048,0
3473,9.8833,0.066833,0.0371,1.0412,0.029733,0.526214,-0.850352,0
3474,9.9,0.075283,0.0403,1.0762,0.034983,0.522499,-0.85264,0
3475,9.9167,0.064983,0.0402,1.101,0.024783,0.518773,-0.854912,0
3476,9.9333,0.06905,0.0375,1.1325,0.03155,0.515038,-0.857167,0
3477,9.95,0.073767,0.0407,1.1656,0.033067,0.511293,-0.859406,0
3478,9.9667,0.069717,0.039,1.1963,0.030717,0.507538,-0.861629,0
3479,9.9833,0.0693,0.0422,1.2234,0.0271,0.503774,-0.863836,0
3480,10.0,0.071683,0.0402,1.2549,0.031483,0.5,-0.866025,0
3481,10.0167,0.06855,0.0387,1.2847,0.02985,0.496217,-0.868199,0
3482,10.0333,0.07045,0.0423,1.3128,0.02815,0.492424,-0.870356,0
3483,10.05,0.069817,0.0428,1.3398,0.027017,0.488621,-0.872496,0
3484,10.0667,0.068167,0.0393,1.3687,0.028867,0.48481,-0.87462,0
3485,10.0833,0.067633,0.0379,1.3984,0.029733,0.480989,-0.876727,0
3486,10.1,0.068767,0.038,1.4292,0.030767,0.477159,-0.878817,0
3487,10.1167,0.06975,0.0442,1.4547,0.02555,0.47332,-0.880891,0
3488,10.1333,0.0693,0.0378,1.4862,0.0315,0.469472,-0.882948,0
3489,10.15,0.075617,0.0417,1.5201,0.033917,0.465615,-0.884988,0
3490,10.1667,0.0702,0.0406,1.5497,0.0296,0.461749,-0.887011,0
3491,10.1833,0.073833,0.0373,1.5862,0.036533,0.457874,-0.889017,0
3492,10.2,0.071417,0.0387,1.6189,0.032717,0.45399,-0.891007,0
3493,10.2167,0.07425,0.0398,1.6533,0.03445,0.450098,-0.892979,0
3494,10.2333,0.07625,0.0414,1.6881,0.03485,0.446198,-0.894934,0
3495,10.25,0.072383,0.037,1.7235,0.035383,0.442289,-0.896873,0
3496,10.2667,0.0714,0.0395,1.7554,0.0319,0.438371,-0.898794,0
3497,10.2833,0.0785,0.041,1.7929,0.0375,0.434445,-0.900698,0
3498,10.3,0.070467,0.0367,1.8267,0.033767,0.430511,-0.902585,0
3499,10.3167,0.070283,0.0428,1.8542,0.027483,0.426569,-0.904455,0
3500,10.3333,0.072533,0.0355,1.8912,0.037033,0.422618,-0.906308,0
3501,10.35,0.074533,0.0408,1.9249,0.033733,0.41866,-0.908143,0
3502,10.3667,0.073067,0.0428,1.9552,0.030267,0.414693,-0.909961,0
3503,10.3833,0.077617,0.0426,1.9902,0.035017,0.410719,-0.911762,0
3504,10.4,0.072267,0.0358,2.0267,0.036467,0.406737,-0.913545,0
3505,10.4167,0.074033,0.0403,2.0604,0.033733,0.402747,-0.915311,0
3506,10.4333,0.07225,0.0396,2.093,0.03265,0.398749,-0.91706,0
3507,10.45,0.0733,0.0422,2.1241,0.0311,0.394744,-0.918791,0
3508,10.4667,0.073867,0.0391,2.1589,0.034767,0.390731,-0.920505,0
3509,10.4833,0.076217,0.04,2.1951,0.036217,0.386711,-0.922201,0
3510,10.5,0.075567,0.0403,2.2304,0.035267,0.382683,-0.92388,0
3511,10.5167,0.073467,0.0398,2.2641,0.033667,0.378649,-0.925541,0
3512,10.5333,0.074533,0.036,2.3026,0.038533,0.374607,-0.927184,0
3513,10.55,0.07515,0.0349,2.3428,0.04025,0.370557,-0.92881,0
3514,10.5667,0.069517,0.0377,2.3746,0.031817,0.366501,-0.930418,0
3515,10.5833,0.073467,0.0423,2.4058,0.031167,0.362438,-0.932008,0
3516,10.6,0.075883,0.0409,2.4408,0.034983,0.358368,-0.93358,0
3517,10.6167,0.080433,0.0424,2.4788,0.038033,0.354291,-0.935135,0
3518,10.6333,0.078933,0.0404,2.5173,0.038533,0.350207,-0.936672,0
3519,10.65,0.075517,0.0421,2.5507,0.033417,0.346117,-0.938191,0
3520,10.6667,0.074383,0.0383,2.5868,0.036083,0.34202,-0.939693,0
3521,10.6833,0.07705,0.0402,2.6237,0.03685,0.337917,-0.941176,0
3522,10.7,0.072217,0.0405,2.6554,0.031717,0.333807,-0.942641,0
3523,10.7167,0.073717,0.0377,2.6914,0.036017,0.329691,-0.944089,0
3524,10.7333,0.079917,0.0396,2.7317,0.040317,0.325568,-0.945519,0
3525,10.75,0.078733,0.0424,2.768,0.036333,0.321439,-0.94693,0
3526,10.7667,0.074683,0.0393,2.8034,0.035383,0.317305,-0.948324,0
3527,10.7833,0.07885,0.039,2.8432,0.03985,0.313164,-0.949699,0
3528,10.8,0.0759,0.0384,2.8807,0.0375,0.309017,-0.951057,0
3529,10.8167,0.074767,0.0435,2.912,0.031267,0.304864,-0.952396,0
3530,10.8333,0.078183,0.0408,2.9494,0.037383,0.300706,-0.953717,0
3531,10.85,0.0755,0.0402,2.9847,0.0353,0.296542,-0.95502,0
3532,10.8667,0.073817,0.0399,3.0186,0.033917,0.292372,-0.956305,0
3533,10.8833,0.08055,0.0419,3.0573,0.03865,0.288196,-0.957571,0
3534,10.9,0.079783,0.0396,3.0975,0.040183,0.284015,-0.95882,0
3535,10.9167,0.076933,0.0368,3.1376,0.040133,0.279829,-0.96005,0
3536,10.9333,0.077433,0.0378,3.1772,0.039633,0.275637,-0.961262,0
3537,10.95,0.07505,0.0411,3.2111,0.03395,0.27144,-0.962455,0
3538,10.9667,0.0821,0.0386,3.2546,0.0435,0.267238,-0.96363,0
3539,10.9833,0.076217,0.0435,3.2873,0.032717,0.263031,-0.964787,0
3540,11.0,0.072117,0.0393,3.3201,0.032817,0.258819,-0.965926,0
3541,11.0167,0.079267,0.0412,3.3582,0.038067,0.254602,-0.967046,0
3542,11.0333,0.077633,0.0398,3.396,0.037833,0.25038,-0.968148,0
3543,11.05,0.0768,0.0418,3.431,0.035,0.246153,-0.969231,0
3544,11.0667,0.073583,0.037,3.4676,0.036583,0.241922,-0.970296,0
3545,11.0833,0.0824,0.0367,3.5133,0.0457,0.237686,-0.971342,0
3546,11.1,0.076,0.0424,3.5469,0.0336,0.233445,-0.97237,0
3547,11.1167,0.07915,0.041,3.585,0.03815,0.2292,-0.973379,0
3548,11.1333,0.07635,0.0406,3.6208,0.03575,0.224951,-0.97437,0
3549,11.15,0.075633,0.0409,3.6555,0.034733,0.220697,-0.975342,0
3550,11.1667,0.0791,0.0431,3.6915,0.036,0.21644,-0.976296,0
3551,11.1833,0.07605,0.0391,3.7285,0.03695,0.212178,-0.977231,0
3552,11.2,0.076283,0.0384,3.7664,0.037883,0.207912,-0.978148,0
3553,11.2167,0.078567,0.0407,3.8043,0.037867,0.203642,-0.979045,0
3554,11.2333,0.0768,0.0408,3.8403,0.036,0.199368,-0.979925,0
3555,11.25,0.080933,0.0415,3.8797,0.039433,0.19509,-0.980785,0
3556,11.2667,0.076117,0.0399,3.9159,0.036217,0.190809,-0.981627,0
3557,11.2833,0.079317,0.0432,3.952,0.036117,0.186524,-0.98245,0
3558,11.3,0.074683,0.0366,3.9901,0.038083,0.182236,-0.983255,0
3559,11.3167,0.077217,0.04,4.0273,0.037217,0.177944,-0.984041,0
3560,11.3333,0.0777,0.0426,4.0624,0.0351,0.173648,-0.984808,0
3561,11.35,0.078433,0.0418,4.099,0.036633,0.16935,-0.985556,0
3562,11.3667,0.082333,0.0412,4.1401,0.041133,0.165048,-0.986286,0
3563,11.3833,0.079683,0.0445,4.1753,0.035183,0.160743,-0.986996,0
3564,11.4,0.081067,0.0389,4.2175,0.042167,0.156434,-0.987688,0
3565,11.4167,0.077717,0.0423,4.2529,0.035417,0.152123,-0.988362,0
3566,11.4333,0.0781,0.0397,4.2913,0.0384,0.147809,-0.989016,0
3567,11.45,0.074733,0.0399,4.3261,0.034833,0.143493,-0.989651,0
3568,11.4667,0.085933,0.0384,4.3736,0.047533,0.139173,-0.990268,0
3569,11.4833,0.0782,0.0427,4.4091,0.0355,0.134851,-0.990866,0
3570,11.5,0.082033,0.0406,4.4505,0.041433,0.130526,-0.991445,0
3571,11.5167,0.075217,0.0373,4.4884,0.037917,0.126199,-0.992005,0
3572,11.5333,0.079633,0.0386,4.5294,0.041033,0.121869,-0.992546,0
3573,11.55,0.0773,0.0413,4.5654,0.036,0.117537,-0.993068,0
3574,11.5667,0.0839,0.0397,4.6096,0.0442,0.113203,-0.993572,0
3575,11.5833,0.081833,0.0444,4.647,0.037433,0.108867,-0.994056,0
3576,11.6,0.081183,0.0415,4.6867,0.039683,0.104528,-0.994522,0
3577,11.6167,0.082617,0.0399,4.7294,0.042717,0.100188,-0.994969,0
3578,11.6333,0.076583,0.0402,4.7658,0.036383,0.095846,-0.995396,0
3579,11.65,0.081217,0.0407,4.8063,0.040517,0.091502,-0.995805,0
3580,11.6667,0.0813,0.0404,4.8472,0.0409,0.087156,-0.996195,0
3581,11.6833,0.0766,0.0398,4.884,0.0368,0.082808,-0.996566,0
3582,11.7,0.07985,0.0399,4.924,0.03995,0.078459,-0.996917,0
3583,11.7167,0.078867,0.039,4.9639,0.039867,0.074108,-0.99725,0
3584,11.7333,0.07765,0.0394,5.0022,0.03825,0.069756,-0.997564,0
3585,11.75,0.0802,0.0431,5.0393,0.0371,0.065403,-0.997859,0
3586,11.7667,0.07755,0.0392,5.0776,0.03835,0.061049,-0.998135,0
3587,11.7833,0.083617,0.0381,5.1231,0.045517,0.056693,-0.998392,0
3588,11.8,0.077867,0.0381,5.1629,0.039767,0.052336,-0.99863,0
3589,11.8167,0.08085,0.0404,5.2033,0.04045,0.047978,-0.998848,0
3590,11.8333,0.082983,0.0404,5.2459,0.042583,0.043619,-0.999048,0
3591,11.85,0.079283,0.0393,5.2859,0.039983,0.03926,-0.999229,0
3592,11.8667,0.07765,0.0422,5.3213,0.03545,0.034899,-0.999391,0
3593,11.8833,0.080467,0.0392,5.3626,0.041267,0.030539,-0.999534,0
3594,11.9,0.081067,0.0374,5.4063,0.043667,0.026177,-0.999657,0
3595,11.9167,0.076333,0.0381,5.4445,0.038233,0.021815,-0.999762,0
3596,11.9333,0.081983,0.0402,5.4863,0.041783,0.017452,-0.999848,0
3597,11.95,0.07825,0.0389,5.5256,0.03935,0.01309,-0.999914,0
3598,11.9667,0.082067,0.0392,5.5685,0.042867,0.008727,-0.999962,0
3599,11.9833,0.07775,0.0425,5.6037,0.03525,0.004363,-0.99999,0
3600,12.0,0.080517,0.0403,5.6439,0.040217,0.0,-1.0,0
3601,12.0167,0.0817,0.0394,5.6862,0.0423,-0.004363,-0.99999,0
3602,12.0333,0.076183,0.0386,5.7238,0.037583,-0.008727,-0.999962,0
3603,12.05,0.0807,0.0407,5.7638,0.04,-0.01309,-0.999914,0
3604,12.0667,0.081583,0.0418,5.8036,0.039783,-0.017452,-0.999848,0
3605,12.0833,0.077483,0.0386,5.8425,0.038883,-0.021815,-0.999762,0
3606,12.1,0.079033,0.0413,5.8802,0.037733,-0.026177,-0.999657,0
3607,12.1167,0.079883,0.0387,5.9214,0.041183,-0.030539,-0.999534,0
3608,12.1333,0.080417,0.0433,5.9585,0.037117,-0.034899,-0.999391,0
3609,12.15,0.081517,0.0409,5.9991,0.040617,-0.03926,-0.999229,0
3610,12.1667,0.0828,0.0429,6.039,0.0399,-0.043619,-0.999048,0
3611,12.1833,0.0818,0.0389,6.0819,0.0429,-0.047978,-0.998848,0
3612,12.2,0.0785,0.04,6.1204,0.0385,-0.052336,-0.99863,0
3613,12.2167,0.08135,0.039,6.1627,0.04235,-0.056693,-0.998392,0
3614,12.2333,0.078883,0.0365,6.2051,0.042383,-0.061049,-0.998135,0
3615,12.25,0.08405,0.0397,6.2495,0.04435,-0.065403,-0.997859,0
3616,12.2667,0.082133,0.0382,6.2934,0.043933,-0.069756,-0.997564,0
3617,12.2833,0.080617,0.0438,6.3302,0.036817,-0.074108,-0.99725,0
3618,12.3,0.0856,0.0422,6.3736,0.0434,-0.078459,-0.996917,0
3619,12.3167,0.08215,0.0402,6.4156,0.04195,-0.082808,-0.996566,0
3620,12.3333,0.079867,0.0388,6.4567,0.041067,-0.087156,-0.996195,0
3621,12.35,0.0782,0.038,6.4969,0.0402,-0.091502,-0.995805,0
3622,12.3667,0.079583,0.0409,6.5356,0.038683,-0.095846,-0.995396,0
3623,12.3833,0.075767,0.0377,6.5737,0.038067,-0.100188,-0.994969,0
3624,12.4,0.079867,0.0395,6.6141,0.040367,-0.104528,-0.994522,0
3625,12.4167,0.078417,0.0403,6.6522,0.038117,-0.108867,-0.994056,0
3626,12.4333,0.079367,0.0386,6.693,0.040767,-0.113203,-0.993572,0
3627,12.45,0.081417,0.0401,6.7343,0.041317,-0.117537,-0.993068,0
3628,12.4667,0.078483,0.0347,6.7781,0.043783,-0.121869,-0.992546,0
3629,12.4833,0.081117,0.0402,6.819,0.040917,-0.126199,-0.992005,0
3630,12.5,0.076117,0.0429,6.8522,0.033217,-0.130526,-0.991445,0
3631,12.5167,0.081867,0.0419,6.8922,0.039967,-0.134851,-0.990866,0
3632,12.5333,0.076917,0.0422,6.9269,0.034717,-0.139173,-0.990268,0
3633,12.55,0.079633,0.0387,6.9678,0.040933,-0.143493,-0.989651,0
3634,12.5667,0.080567,0.0381,7.0103,0.042467,-0.147809,-0.989016,0
3635,12.5833,0.0767,0.0386,7.0484,0.0381,-0.152123,-0.988362,0
3636,12.6,0.080333,0.0395,7.0892,0.040833,-0.156434,-0.987688,0
3637,12.6167,0.075767,0.0363,7.1287,0.039467,-0.160743,-0.986996,0
3638,12.6333,0.0797,0.0406,7.1678,0.0391,-0.165048,-0.986286,0
3639,12.65,0.077067,0.0395,7.2054,0.037567,-0.16935,-0.985556,0
3640,12.6667,0.0773,0.04,7.2427,0.0373,-0.173648,-0.984808,0
3641,12.6833,0.075233,0.0383,7.2796,0.036933,-0.177944,-0.984041,0
3642,12.7,0.077717,0.0422,7.3151,0.035517,-0.182236,-0.983255,0
3643,12.7167,0.076417,0.0407,7.3508,0.035717,-0.186524,-0.98245,0
3644,12.7333,0.081483,0.0415,7.3908,0.039983,-0.190809,-0.981627,0
3645,12.75,0.076167,0.0387,7.4283,0.037467,-0.19509,-0.980785,0
3646,12.7667,0.08075,0.038,7.471,0.04275,-0.199368,-0.979925,0
3647,12.7833,0.08235,0.0371,7.5163,0.04525,-0.203642,-0.979045,0
3648,12.8,0.079533,0.0369,7.5589,0.042633,-0.207912,-0.978148,0
3649,12.8167,0.078133,0.0414,7.5956,0.036733,-0.212178,-0.977231,0
3650,12.8333,0.0822,0.0408,7.637,0.0414,-0.21644,-0.976296,0
3651,12.85,0.081817,0.0385,7.6803,0.043317,-0.220697,-0.975342,0
3652,12.8667,0.080017,0.0381,7.7222,0.041917,-0.224951,-0.97437,0
3653,12.8833,0.0768,0.0412,7.7578,0.0356,-0.2292,-0.973379,0
3654,12.9,0.0771,0.0423,7.7926,0.0348,-0.233445,-0.97237,0
3655,12.9167,0.074067,0.0406,7.8261,0.033467,-0.237686,-0.971342,0
3656,12.9333,0.077217,0.0386,7.8647,0.038617,-0.241922,-0.970296,0
3657,12.95,0.079933,0.039,7.9056,0.040933,-0.246153,-0.969231,0
3658,12.9667,0.075683,0.0409,7.9404,0.034783,-0.25038,-0.968148,0
3659,12.9833,0.07985,0.039,7.9813,0.04085,-0.254602,-0.967046,0
3660,13.0,0.074667,0.0386,8.0174,0.036067,-0.258819,-0.965926,0
3661,13.0167,0.075767,0.0402,8.053,0.035567,-0.263031,-0.964787,0
3662,13.0333,0.07215,0.0385,8.0867,0.03365,-0.267238,-0.96363,0
3663,13.05,0.078,0.0397,8.125,0.0383,-0.27144,-0.962455,0
3664,13.0667,0.077483,0.037,8.1655,0.040483,-0.275637,-0.961262,0
3665,13.0833,0.07585,0.0402,8.2012,0.03565,-0.279829,-0.96005,0
3666,13.1,0.076367,0.0383,8.2393,0.038067,-0.284015,-0.95882,0
3667,13.1167,0.07905,0.0424,8.2759,0.03665,-0.288196,-0.957571,0
3668,13.1333,0.075083,0.0395,8.3115,0.035583,-0.292372,-0.956305,0
3669,13.15,0.074633,0.0403,8.3458,0.034333,-0.296542,-0.95502,0
3670,13.1667,0.0744,0.0412,8.379,0.0332,-0.300706,-0.953717,0
3671,13.1833,0.080517,0.0372,8.4223,0.043317,-0.304864,-0.952396,0
3672,13.2,0.0798,0.0384,8.4637,0.0414,-0.309017,-0.951057,0
3673,13.2167,0.075017,0.0411,8.4976,0.033917,-0.313164,-0.949699,0
3674,13.2333,0.075367,0.0398,8.5332,0.035567,-0.317305,-0.948324,0
3675,13.25,0.073367,0.043,8.5636,0.030367,-0.321439,-0.94693,0
3676,13.2667,0.077567,0.0386,8.6026,0.038967,-0.325568,-0.945519,0
3677,13.2833,0.0762,0.0393,8.6395,0.0369,-0.329691,-0.944089,0
3678,13.3,0.075917,0.0401,8.6753,0.035817,-0.333807,-0.942641,0
3679,13.3167,0.0762,0.0414,8.7101,0.0348,-0.337917,-0.941176,0
3680,13.3333,0.076517,0.0392,8.7474,0.037317,-0.34202,-0.939693,0
3681,13.35,0.076083,0.0412,8.7823,0.034883,-0.346117,-0.938191,0
3682,13.3667,0.07685,0.0395,8.8196,0.03735,-0.350207,-0.936672,0
3683,13.3833,0.078467,0.041,8.8571,0.037467,-0.354291,-0.935135,0
3684,13.4,0.081633,0.04,8.8987,0.041633,-0.358368,-0.93358,0
3685,13.4167,0.071033,0.0371,8.9326,0.033933,-0.362438,-0.932008,0
3686,13.4333,0.0776,0.0396,8.9706,0.038,-0.366501,-0.930418,0
3687,13.45,0.07465,0.0396,9.0056,0.03505,-0.370557,-0.92881,0
3688,13.4667,0.072983,0.0355,9.0431,0.037483,-0.374607,-0.927184,0
3689,13.4833,0.072833,0.0398,9.0761,0.033033,-0.378649,-0.925541,0
3690,13.5,0.075717,0.036,9.1158,0.039717,-0.382683,-0.92388,0
3691,13.5167,0.0711,0.0442,9.1427,0.0269,-0.386711,-0.922201,0
3692,13.5333,0.075317,0.0399,9.1781,0.035417,-0.390731,-0.920505,0
3693,13.55,0.078133,0.0398,9.2164,0.038333,-0.394744,-0.918791,0
3694,13.5667,0.074467,0.0398,9.2511,0.034667,-0.398749,-0.91706,0
3695,13.5833,0.075983,0.0418,9.2853,0.034183,-0.402747,-0.915311,0
3696,13.6,0.070967,0.0404,9.3159,0.030567,-0.406737,-0.913545,0
3697,13.6167,0.071567,0.0401,9.3474,0.031467,-0.410719,-0.911762,0
3698,13.6333,0.074633,0.0392,9.3828,0.035433,-0.414693,-0.909961,0
3699,13.65,0.072167,0.0412,9.4138,0.030967,-0.41866,-0.908143,0
3700,13.6667,0.072183,0.0372,9.4488,0.034983,-0.422618,-0.906308,0
3701,13.6833,0.07185,0.0399,9.4808,0.03195,-0.426569,-0.904455,0
3702,13.7,0.074667,0.0367,9.5188,0.037967,-0.430511,-0.902585,0
3703,13.7167,0.07175,0.0393,9.5512,0.03245,-0.434445,-0.900698,0
3704,13.7333,0.0758,0.0402,9.5868,0.0356,-0.438371,-0.898794,0
3705,13.75,0.0728,0.0383,9.6213,0.0345,-0.442289,-0.896873,0
3706,13.7667,0.075367,0.0368,9.6599,0.038567,-0.446198,-0.894934,0
3707,13.7833,0.07105,0.0385,9.6924,0.03255,-0.450098,-0.892979,0
3708,13.8,0.0764,0.0353,9.7335,0.0411,-0.45399,-0.891007,0
3709,13.8167,0.07305,0.0418,9.7647,0.03125,-0.457874,-0.889017,0
3710,13.8333,0.071467,0.0376,9.7986,0.033867,-0.461749,-0.887011,0
3711,13.85,0.067583,0.0383,9.8279,0.029283,-0.465615,-0.884988,0
3712,13.8667,0.069667,0.0429,9.8547,0.026767,-0.469472,-0.882948,0
3713,13.8833,0.072267,0.0404,9.8866,0.031867,-0.47332,-0.880891,0
3714,13.9,0.0711,0.0393,9.9184,0.0318,-0.477159,-0.878817,0
3715,13.9167,0.067583,0.0367,9.9493,0.030883,-0.480989,-0.876727,0
3716,13.9333,0.0689,0.0396,9.9786,0.0293,-0.48481,-0.87462,0
3717,13.95,0.0738,0.0399,10.0125,0.0339,-0.488621,-0.872496,0
3718,13.9667,0.069533,0.0376,10.0444,0.031933,-0.492424,-0.870356,0
3719,13.9833,0.07155,0.0383,10.0777,0.03325,-0.496217,-0.868199,0
3720,14.0,0.07125,0.0386,10.1103,0.03265,-0.5,-0.866025,0
3721,14.0167,0.067383,0.0382,10.1395,0.029183,-0.503774,-0.863836,0
3722,14.0333,0.068467,0.0337,10.1743,0.034767,-0.507538,-0.861629,0
3723,14.05,0.071167,0.0396,10.2059,0.031567,-0.511293,-0.859406,0
3724,14.0667,0.06965,0.0402,10.2353,0.02945,-0.515038,-0.857167,0
3725,14.0833,0.0615,0.038,10.2588,0.0235,-0.518773,-0.854912,0
3726,14.1,0.068833,0.0374,10.2902,0.031433,-0.522499,-0.85264,0
3727,14.1167,0.06865,0.0416,10.3172,0.02705,-0.526214,-0.850352,0
3728,14.1333,0.0673,0.039,10.3455,0.0283,-0.529919,-0.848048,0
3729,14.15,0.0692,0.0428,10.3719,0.0264,-0.533615,-0.845728,0
3730,14.1667,0.064617,0.0426,10.3939,0.022017,-0.5373,-0.843391,0
3731,14.1833,0.070333,0.0384,10.4258,0.031933,-0.540974,-0.841039,0
3732,14.2,0.067917,0.0433,10.4504,0.024617,-0.544639,-0.838671,0
3733,14.2167,0.067833,0.0357,10.4825,0.032133,-0.548293,-0.836286,0
3734,14.2333,0.0659,0.039,10.5094,0.0269,-0.551937,-0.833886,0
3735,14.25,0.063917,0.0364,10.5369,0.027517,-0.55557,-0.83147,0
3736,14.2667,0.062783,0.038,10.5617,0.024783,-0.559193,-0.829038,0
3737,14.2833,0.064917,0.0409,10.5857,0.024017,-0.562805,-0.82659,0
3738,14.3,0.064933,0.0398,10.6108,0.025133,-0.566406,-0.824126,0
3739,14.3167,0.065083,0.0397,10.6362,0.025383,-0.569997,-0.821647,0
3740,14.3333,0.0663,0.0404,10.6621,0.0259,-0.573576,-0.819152,0
3741,14.35,0.0678,0.0388,10.6911,0.029,-0.577145,-0.816642,0
3742,14.3667,0.06355,0.0396,10.715,0.02395,-0.580703,-0.814116,0
3743,14.3833,0.065317,0.0421,10.7382,0.023217,-0.58425,-0.811574,0
3744,14.4,0.062517,0.0398,10.7609,0.022717,-0.587785,-0.809017,0
3745,14.4167,0.0569,0.0425,10.7753,0.0144,-0.59131,-0.806445,0
3746,14.4333,0.0631,0.0402,10.7982,0.0229,-0.594823,-0.803857,0
3747,14.45,0.06315,0.0423,10.8191,0.02085,-0.598325,-0.801254,0
3748,14.4667,0.063267,0.0384,10.844,0.024867,-0.601815,-0.798636,0
3749,14.4833,0.066933,0.0365,10.8744,0.030433,-0.605294,-0.796002,0
3750,14.5,0.06575,0.0374,10.9027,0.02835,-0.608761,-0.793353,0
3751,14.5167,0.064417,0.0396,10.9275,0.024817,-0.612217,-0.79069,0
3752,14.5333,0.066633,0.0393,10.9548,0.027333,-0.615661,-0.788011,0
3753,14.55,0.060317,0.0384,10.9767,0.021917,-0.619094,-0.785317,0
3754,14.5667,0.0613,0.0388,10.9992,0.0225,-0.622515,-0.782608,0
3755,14.5833,0.06325,0.039,11.0235,0.02425,-0.625923,-0.779884,0
3756,14.6,0.059983,0.0417,11.0418,0.018283,-0.62932,-0.777146,0
3757,14.6167,0.0627,0.0414,11.0631,0.0213,-0.632705,-0.774393,0
3758,14.6333,0.060333,0.0386,11.0848,0.021733,-0.636078,-0.771625,0
3759,14.65,0.059033,0.0413,11.1025,0.017733,-0.639439,-0.768842,0
3760,14.6667,0.058033,0.0387,11.1218,0.019333,-0.642788,-0.766044,0
3761,14.6833,0.061067,0.0382,11.1447,0.022867,-0.646124,-0.763232,0
3762,14.7,0.057633,0.0386,11.1637,0.019033,-0.649448,-0.760406,0
3763,14.7167,0.061783,0.0381,11.1874,0.023683,-0.65276,-0.757565,0
3764,14.7333,0.060217,0.0405,11.2071,0.019717,-0.656059,-0.75471,0
3765,14.75,0.058867,0.0406,11.2254,0.018267,-0.659346,-0.75184,0
3766,14.7667,0.061217,0.0371,11.2495,0.024117,-0.66262,-0.748956,0
3767,14.7833,0.054117,0.0384,11.2652,0.015717,-0.665882,-0.746057,0
3768,14.8,0.057983,0.0391,11.2841,0.018883,-0.669131,-0.743145,0
3769,14.8167,0.06295,0.0391,11.308,0.02385,-0.672367,-0.740218,0
3770,14.8333,0.0605,0.0416,11.3269,0.0189,-0.67559,-0.737277,0
3771,14.85,0.055317,0.0364,11.3458,0.018917,-0.678801,-0.734323,0
3772,14.8667,0.061817,0.0393,11.3683,0.022517,-0.681998,-0.731354,0
3773,14.8833,0.055733,0.0356,11.3884,0.020133,-0.685183,-0.728371,0
3774,14.9,0.05925,0.043,11.4047,0.01625,-0.688355,-0.725374,0
3775,14.9167,0.05975,0.0406,11.4238,0.01915,-0.691513,-0.722364,0
3776,14.9333,0.054683,0.0429,11.4356,0.011783,-0.694658,-0.71934,0
3777,14.95,0.060067,0.0391,11.4566,0.020967,-0.69779,-0.716302,0
3778,14.9667,0.057917,0.0371,11.4774,0.020817,-0.700909,-0.71325,0
3779,14.9833,0.058633,0.0424,11.4936,0.016233,-0.704015,-0.710185,0
3780,15.0,0.057283,0.0387,11.5122,0.018583,-0.707107,-0.707107,0
3781,15.0167,0.058167,0.0412,11.5292,0.016967,-0.710185,-0.704015,0
3782,15.0333,0.051333,0.0404,11.5401,0.010933,-0.71325,-0.700909,0
3783,15.05,0.054283,0.0374,11.557,0.016883,-0.716302,-0.69779,0
3784,15.0667,0.056867,0.0384,11.5755,0.018467,-0.71934,-0.694658,0
3785,15.0833,0.056383,0.0426,11.5893,0.013783,-0.722364,-0.691513,0
3786,15.1,0.051617,0.0411,11.5998,0.010517,-0.725374,-0.688355,0
3787,15.1167,0.0532,0.0363,11.6167,0.0169,-0.728371,-0.685183,0
3788,15.1333,0.0529,0.0393,11.6303,0.0136,-0.731354,-0.681998,0
3789,15.15,0.052233,0.0398,11.6427,0.012433,-0.734323,-0.678801,0
3790,15.1667,0.052717,0.0374,11.658,0.015317,-0.737277,-0.67559,0
3791,15.1833,0.056017,0.036,11.678,0.020017,-0.740218,-0.672367,0
3792,15.2,0.057367,0.0409,11.6945,0.016467,-0.743145,-0.669131,0
3793,15.2167,0.053633,0.0409,11.7072,0.012733,-0.746057,-0.665882,0
3794,15.2333,0.0483,0.0384,11.7171,0.0099,-0.748956,-0.66262,0
3795,15.25,0.053683,0.0385,11.7323,0.015183,-0.75184,-0.659346,0
3796,15.2667,0.05515,0.0408,11.7466,0.01435,-0.75471,-0.656059,0
3797,15.2833,0.050267,0.0448,11.7521,0.005467,-0.757565,-0.65276,0
3798,15.3,0.054333,0.0387,11.7677,0.015633,-0.760406,-0.649448,0
3799,15.3167,0.05095,0.035,11.7836,0.01595,-0.763232,-0.646124,0
3800,15.3333,0.050667,0.0373,11.797,0.013367,-0.766044,-0.642788,0
3801,15.35,0.05105,0.0376,11.8105,0.01345,-0.768842,-0.639439,0
3802,15.3667,0.05055,0.0398,11.8212,0.01075,-0.771625,-0.636078,0
3803,15.3833,0.045467,0.0445,11.8222,0.000967,-0.774393,-0.632705,0
3804,15.4,0.048017,0.0403,11.8299,0.007717,-0.777146,-0.62932,0
3805,15.4167,0.0533,0.0394,11.8438,0.0139,-0.779884,-0.625923,0
3806,15.4333,0.050767,0.0405,11.8541,0.010267,-0.782608,-0.622515,0
3807,15.45,0.0464,0.0402,11.8603,0.0062,-0.785317,-0.619094,0
3808,15.4667,0.046433,0.0413,11.8654,0.005133,-0.788011,-0.615661,0
3809,15.4833,0.05025,0.0375,11.8781,0.01275,-0.79069,-0.612217,0
3810,15.5,0.047167,0.0381,11.8872,0.009067,-0.793353,-0.608761,0
3811,15.5167,0.047617,0.0373,11.8975,0.010317,-0.796002,-0.605294,0
3812,15.5333,0.049233,0.0376,11.9091,0.011633,-0.798636,-0.601815,0
3813,15.55,0.05035,0.0389,11.9206,0.01145,-0.801254,-0.598325,0
3814,15.5667,0.046983,0.0432,11.9244,0.003783,-0.803857,-0.594823,0
3815,15.5833,0.04315,0.0372,11.9304,0.00595,-0.806445,-0.59131,0
3816,15.6,0.05365,0.0429,11.9412,0.01075,-0.809017,-0.587785,0
3817,15.6167,0.0481,0.0407,11.9486,0.0074,-0.811574,-0.58425,0
3818,15.6333,0.0481,0.0404,11.9563,0.0077,-0.814116,-0.580703,0
3819,15.65,0.0443,0.0351,11.9655,0.0092,-0.816642,-0.577145,0
3820,15.6667,0.044183,0.0405,11.9692,0.003683,-0.819152,-0.573576,0
3821,15.6833,0.04795,0.0409,11.9763,0.00705,-0.821647,-0.569997,0
3822,15.7,0.04655,0.0414,11.9815,0.00515,-0.824126,-0.566406,0
3823,15.7167,0.046967,0.0398,11.9887,0.007167,-0.82659,-0.562805,0
3824,15.7333,0.046317,0.044,11.991,0.002317,-0.829038,-0.559193,0
3825,15.75,0.04305,0.0383,11.9957,0.00475,-0.83147,-0.55557,0
3826,15.7667,0.042167,0.0449,11.993,-0.002733,-0.833886,-0.551937,0
3827,15.7833,0.045033,0.0393,11.9987,0.005733,-0.836286,-0.548293,0
3828,15.8,0.04405,0.0421,12.0007,0.00195,-0.838671,-0.544639,0
3829,15.8167,0.042233,0.0406,12.0023,0.001633,-0.841039,-0.540974,0
3830,15.8333,0.038467,0.0401,12.0007,-0.001633,-0.843391,-0.5373,0
3831,15.85,0.039317,0.0416,11.9984,-0.002283,-0.845728,-0.533615,0
3832,15.8667,0.045833,0.0401,12.0041,0.005733,-0.848048,-0.529919,0
3833,15.8833,0.038717,0.0414,12.0014,-0.002683,-0.850352,-0.526214,0
3834,15.9,0.042067,0.0399,12.0036,0.002167,-0.85264,-0.522499,0
3835,15.9167,0.036767,0.0406,11.9998,-0.003833,-0.854912,-0.518773,0
3836,15.9333,0.041833,0.0407,12.0009,0.001133,-0.857167,-0.515038,0
3837,15.95,0.0389,0.0391,12.0007,-0.0002,-0.859406,-0.511293,0
3838,15.9667,0.041717,0.0411,12.0013,0.000617,-0.861629,-0.507538,0
3839,15.9833,0.037317,0.0411,11.9975,-0.003783,-0.863836,-0.503774,0
3840,16.0,0.041467,0.0397,11.9993,0.001767,-0.866025,-0.5,0
3841,16.0167,0.04285,0.0437,11.9985,-0.00085,-0.868199,-0.496217,0
3842,16.0333,0.043983,0.0395,12.003,0.004483,-0.870356,-0.492424,0
3843,16.05,0.0428,0.0435,12.0023,-0.0007,-0.872496,-0.488621,0
3844,16.0667,0.0389,0.0397,12.0015,-0.0008,-0.87462,-0.48481,0
3845,16.0833,0.039817,0.0361,12.0052,0.003717,-0.876727,-0.480989,0
3846,16.1,0.04115,0.0399,12.0065,0.00125,-0.878817,-0.477159,0
3847,16.1167,0.039367,0.0419,12.004,-0.002533,-0.880891,-0.47332,0
3848,16.1333,0.035667,0.0391,12.0006,-0.003433,-0.882948,-0.469472,0
3849,16.15,0.03845,0.0395,11.9995,-0.00105,-0.884988,-0.465615,0
3850,16.1667,0.036133,0.0379,11.9977,-0.001767,-0.887011,-0.461749,0
3851,16.1833,0.036367,0.0408,11.9933,-0.004433,-0.889017,-0.457874,0
3852,16.2,0.0371,0.0419,11.9885,-0.0048,-0.891007,-0.45399,0
3853,16.2167,0.033183,0.0413,11.9804,-0.008117,-0.892979,-0.450098,0
3854,16.2333,0.035367,0.0371,11.9787,-0.001733,-0.894934,-0.446198,0
3855,16.25,0.036583,0.0383,11.977,-0.001717,-0.896873,-0.442289,0
3856,16.2667,0.0362,0.0374,11.9758,-0.0012,-0.898794,-0.438371,0
3857,16.2833,0.038767,0.0393,11.9753,-0.000533,-0.900698,-0.434445,0
3858,16.3,0.037383,0.0433,11.9694,-0.005917,-0.902585,-0.430511,0
3859,16.3167,0.030433,0.0394,11.9604,-0.008967,-0.904455,-0.426569,0
3860,16.3333,0.03245,0.0396,11.9533,-0.00715,-0.906308,-0.422618,0
3861,16.35,0.033483,0.0415,11.9453,-0.008017,-0.908143,-0.41866,0
3862,16.3667,0.0351,0.0351,11.9453,0.0,-0.909961,-0.414693,0
3863,16.3833,0.03395,0.0393,11.9399,-0.00535,-0.911762,-0.410719,0
3864,16.4,0.03295,0.0423,11.9306,-0.00935,-0.913545,-0.406737,0
3865,16.4167,0.0306,0.0378,11.9234,-0.0072,-0.915311,-0.402747,0
3866,16.4333,0.0284,0.0405,11.9113,-0.0121,-0.91706,-0.398749,0
3867,16.45,0.036967,0.0405,11.9078,-0.003533,-0.918791,-0.394744,0
3868,16.4667,0.02705,0.039,11.8958,-0.01195,-0.920505,-0.390731,0
3869,16.4833,0.0355,0.0397,11.8916,-0.0042,-0.922201,-0.386711,0
3870,16.5,0.027067,0.0404,11.8783,-0.013333,-0.92388,-0.382683,0
3871,16.5167,0.029483,0.0375,11.8703,-0.008017,-0.925541,-0.378649,0
3872,16.5333,0.030733,0.0381,11.8629,-0.007367,-0.927184,-0.374607,0
3873,16.55,0.02625,0.042,11.8471,-0.01575,-0.92881,-0.370557,0
3874,16.5667,0.030367,0.0428,11.8347,-0.012433,-0.930418,-0.366501,0
3875,16.5833,0.030733,0.0396,11.8258,-0.008867,-0.932008,-0.362438,0
3876,16.6,0.029767,0.0379,11.8177,-0.008133,-0.93358,-0.358368,0
3877,16.6167,0.024967,0.0409,11.8018,-0.015933,-0.935135,-0.354291,0
3878,16.6333,0.03045,0.0393,11.7929,-0.00885,-0.936672,-0.350207,0
3879,16.65,0.029817,0.0386,11.7841,-0.008783,-0.938191,-0.346117,0
3880,16.6667,0.02565,0.0426,11.7672,-0.01695,-0.939693,-0.34202,0
3881,16.6833,0.0275,0.0417,11.753,-0.0142,-0.941176,-0.337917,0
3882,16.7,0.02735,0.0416,11.7387,-0.01425,-0.942641,-0.333807,0
3883,16.7167,0.023817,0.0399,11.7226,-0.016083,-0.944089,-0.329691,0
3884,16.7333,0.023417,0.0401,11.7059,-0.016683,-0.945519,-0.325568,0
3885,16.75,0.025967,0.0414,11.6905,-0.015433,-0.94693,-0.321439,0
3886,16.7667,0.029,0.0402,11.6793,-0.0112,-0.948324,-0.317305,0
3887,16.7833,0.023833,0.0415,11.6616,-0.017667,-0.949699,-0.313164,0
3888,16.8,0.025117,0.0406,11.6461,-0.015483,-0.951057,-0.309017,0
3889,16.8167,0.026717,0.0385,11.6343,-0.011783,-0.952396,-0.304864,0
3890,16.8333,0.0209,0.0367,11.6185,-0.0158,-0.953717,-0.300706,0
3891,16.85,0.0245,0.0401,11.6029,-0.0156,-0.95502,-0.296542,0
3892,16.8667,0.023667,0.0372,11.5894,-0.013533,-0.956305,-0.292372,0
3893,16.8833,0.0247,0.0406,11.5735,-0.0159,-0.957571,-0.288196,0
3894,16.9,0.016367,0.0377,11.5522,-0.021333,-0.95882,-0.284015,0
3895,16.9167,0.024333,0.0402,11.5363,-0.015867,-0.96005,-0.279829,0
3896,16.9333,0.021067,0.0451,11.5123,-0.024033,-0.961262,-0.275637,0
3897,16.95,0.022083,0.0404,11.494,-0.018317,-0.962455,-0.27144,0
3898,16.9667,0.016917,0.0421,11.4688,-0.025183,-0.96363,-0.267238,0
3899,16.9833,0.018117,0.0404,11.4465,-0.022283,-0.964787,-0.263031,0
3900,17.0,0.025017,0.0377,11.4338,-0.012683,-0.965926,-0.258819,0
3901,17.0167,0.019467,0.0386,11.4147,-0.019133,-0.967046,-0.254602,0
3902,17.0333,0.023617,0.0415,11.3968,-0.017883,-0.968148,-0.25038,0
3903,17.05,0.015983,0.0384,11.3744,-0.022417,-0.969231,-0.246153,0
3904,17.0667,0.016667,0.0406,11.3505,-0.023933,-0.970296,-0.241922,0
3905,17.0833,0.020683,0.0365,11.3347,-0.015817,-0.971342,-0.237686,0
3906,17.1,0.017467,0.0391,11.3131,-0.021633,-0.97237,-0.233445,0
3907,17.1167,0.017667,0.0405,11.2903,-0.022833,-0.973379,-0.2292,0
3908,17.1333,0.020533,0.04,11.2708,-0.019467,-0.97437,-0.224951,0
3909,17.15,0.016633,0.0412,11.2462,-0.024567,-0.975342,-0.220697,0
3910,17.1667,0.0185,0.0394,11.2253,-0.0209,-0.976296,-0.21644,0
3911,17.1833,0.01585,0.0408,11.2004,-0.02495,-0.977231,-0.212178,0
3912,17.2,0.01765,0.04,11.1781,-0.02235,-0.978148,-0.207912,0
3913,17.2167,0.0152,0.0398,11.1535,-0.0246,-0.979045,-0.203642,0
3914,17.2333,0.013567,0.0411,11.126,-0.027533,-0.979925,-0.199368,0
3915,17.25,0.018517,0.0378,11.1067,-0.019283,-0.980785,-0.19509,0
3916,17.2667,0.014883,0.0406,11.081,-0.025717,-0.981627,-0.190809,0
3917,17.2833,0.018117,0.0393,11.0598,-0.021183,-0.98245,-0.186524,0
3918,17.3,0.0135,0.0379,11.0354,-0.0244,-0.983255,-0.182236,0
3919,17.3167,0.010167,0.0357,11.0099,-0.025533,-0.984041,-0.177944,0
3920,17.3333,0.011067,0.0389,10.9821,-0.027833,-0.984808,-0.173648,0
3921,17.35,0.012467,0.0382,10.9564,-0.025733,-0.985556,-0.16935,0
3922,17.3667,0.015133,0.0387,10.9328,-0.023567,-0.986286,-0.165048,0
3923,17.3833,0.0122,0.0373,10.9077,-0.0251,-0.986996,-0.160743,0
3924,17.4,0.008933,0.0386,10.878,-0.029667,-0.987688,-0.156434,0
3925,17.4167,0.014467,0.0427,10.8498,-0.028233,-0.988362,-0.152123,0
3926,17.4333,0.010667,0.0376,10.8229,-0.026933,-0.989016,-0.147809,0
3927,17.45,0.009367,0.0424,10.7899,-0.033033,-0.989651,-0.143493,0
3928,17.4667,0.011,0.0391,10.7618,-0.0281,-0.990268,-0.139173,0
3929,17.4833,0.00965,0.0371,10.7343,-0.02745,-0.990866,-0.134851,0
3930,17.5,0.010517,0.0395,10.7053,-0.028983,-0.991445,-0.130526,0
3931,17.5167,0.009333,0.039,10.6756,-0.029667,-0.992005,-0.126199,0
3932,17.5333,0.011183,0.0381,10.6487,-0.026917,-0.992546,-0.121869,0
3933,17.55,0.009683,0.0441,10.6143,-0.034417,-0.993068,-0.117537,0
3934,17.5667,0.0165,0.0368,10.594,-0.0203,-0.993572,-0.113203,0
3935,17.5833,0.01045,0.0394,10.565,-0.02895,-0.994056,-0.108867,0
3936,17.6,0.009233,0.0422,10.532,-0.032967,-0.994522,-0.104528,0
3937,17.6167,0.007167,0.0408,10.4984,-0.033633,-0.994969,-0.100188,0
3938,17.6333,0.009067,0.0402,10.4673,-0.031133,-0.995396,-0.095846,0
3939,17.65,0.004183,0.0412,10.4303,-0.037017,-0.995805,-0.091502,0
3940,17.6667,0.00875,0.0397,10.3994,-0.03095,-0.996195,-0.087156,0
3941,17.6833,0.010117,0.0392,10.3703,-0.029083,-0.996566,-0.082808,0
3942,17.7,0.010933,0.0413,10.3399,-0.030367,-0.996917,-0.078459,0
3943,17.7167,0.007667,0.0422,10.3054,-0.034533,-0.99725,-0.074108,0
3944,17.7333,0.005633,0.0373,10.2737,-0.031667,-0.997564,-0.069756,0
3945,17.75,0.003617,0.0389,10.2384,-0.035283,-0.997859,-0.065403,0
3946,17.7667,0.005433,0.0372,10.2066,-0.031767,-0.998135,-0.061049,0
3947,17.7833,0.0082,0.0406,10.1742,-0.0324,-0.998392,-0.056693,0
3948,17.8,0.0008,0.0403,10.1347,-0.0395,-0.99863,-0.052336,0
3949,17.8167,0.006083,0.037,10.1038,-0.030917,-0.998848,-0.047978,0
3950,17.8333,0.00035,0.0406,10.0635,-0.04025,-0.999048,-0.043619,0
3951,17.85,0.001433,0.0391,10.0258,-0.037667,-0.999229,-0.03926,0
3952,17.8667,0.000533,0.0408,9.9855,-0.040267,-0.999391,-0.034899,0
3953,17.8833,0.006917,0.0393,9.9531,-0.032383,-0.999534,-0.030539,0
3954,17.9,0.0032,0.0329,9.9234,-0.0297,-0.999657,-0.026177,0
3955,17.9167,0.00475,0.0391,9.8891,-0.03435,-0.999762,-0.021815,0
3956,17.9333,0.0,0.0373,9.8518,-0.0373,-0.999848,-0.017452,0
3957,17.95,0.0,0.0374,9.8144,-0.0374,-0.999914,-0.01309,0
3958,17.9667,0.0,0.0377,9.7767,-0.0377,-0.999962,-0.008727,0
3959,17.9833,5e-05,0.0393,9.7374,-0.03925,-0.99999,-0.004363,0
3960,18.0,0.0,0.0922,9.6452,-0.0922,-1.0,-0.0,0
3961,18.0167,0.0,0.0889,9.5563,-0.0889,-0.99999,0.004363,0
3962,18.0333,0.0,0.0891,9.4672,-0.0891,-0.999962,0.008727,0
3963,18.05,0.0,0.0894,9.3778,-0.0894,-0.999914,0.01309,0
3964,18.0667,0.0,0.089,9.2888,-0.089,-0.999848,0.017452,0
3965,18.0833,0.0,0.093,9.1958,-0.093,-0.999762,0.021815,0
3966,18.1,0.0,0.0914,9.1044,-0.0914,-0.999657,0.026177,0
3967,18.1167,0.0,0.0895,9.0149,-0.0895,-0.999534,0.030539,0
3968,18.1333,0.0,0.0904,8.9245,-0.0904,-0.999391,0.034899,0
3969,18.15,0.0,0.0913,8.8332,-0.0913,-0.999229,0.03926,0
3970,18.1667,0.0,0.0897,8.7435,-0.0897,-0.999048,0.043619,0
3971,18.1833,0.0,0.0915,8.652,-0.0915,-0.998848,0.047978,0
3972,18.2,0.0,0.09,8.562,-0.09,-0.99863,0.052336,0
3973,18.2167,0.0,0.0921,8.4699,-0.0921,-0.998392,0.056693,0
3974,18.2333,0.0,0.0896,8.3803,-0.0896,-0.998135,0.061049,0
3975,18.25,0.0,0.0911,8.2892,-0.0911,-0.997859,0.065403,0
3976,18.2667,0.0,0.0872,8.202,-0.0872,-0.997564,0.069756,0
3977,18.2833,0.0,0.0867,8.1153,-0.0867,-0.99725,0.074108,0
3978,18.3,0.0,0.0888,8.0265,-0.0888,-0.996917,0.078459,0
3979,18.3167,0.0,0.0899,7.9366,-0.0899,-0.996566,0.082808,0
3980,18.3333,0.0,0.0881,7.8485,-0.0881,-0.996195,0.087156,0
3981,18.35,0.0,0.0903,7.7582,-0.0903,-0.995805,0.091502,0
3982,18.3667,0.0,0.0905,7.6677,-0.0905,-0.995396,0.095846,0
3983,18.3833,0.0,0.0906,7.5771,-0.0906,-0.994969,0.100188,0
3984,18.4,0.0,0.0869,7.4902,-0.0869,-0.994522,0.104528,0
3985,18.4167,0.0,0.0891,7.4011,-0.0891,-0.994056,0.108867,0
3986,18.4333,0.0,0.0909,7.3102,-0.0909,-0.993572,0.113203,0
3987,18.45,0.0,0.0947,7.2155,-0.0947,-0.993068,0.117537,0
3988,18.4667,0.0,0.0973,7.1182,-0.0973,-0.992546,0.121869,0
3989,18.4833,0.0,0.0926,7.0256,-0.0926,-0.992005,0.126199,0
3990,18.5,0.0,0.0875,6.9381,-0.0875,-0.991445,0.130526,0
3991,18.5167,0.0,0.0871,6.851,-0.0871,-0.990866,0.134851,0
3992,18.5333,0.0,0.0899,6.7611,-0.0899,-0.990268,0.139173,0
3993,18.55,0.0,0.0934,6.6677,-0.0934,-0.989651,0.143493,0
3994,18.5667,0.0,0.0913,6.5764,-0.0913,-0.989016,0.147809,0
3995,18.5833,0.0,0.0899,6.4865,-0.0899,-0.988362,0.152123,0
3996,18.6,0.0,0.0888,6.3977,-0.0888,-0.987688,0.156434,0
3997,18.6167,0.0,0.0907,6.307,-0.0907,-0.986996,0.160743,0
3998,18.6333,0.0,0.0873,6.2197,-0.0873,-0.986286,0.165048,0
3999,18.65,0.0,0.0923,6.1274,-0.0923,-0.985556,0.16935,0
4000,18.6667,0.0,0.0897,6.0377,-0.0897,-0.984808,0.173648,0
4001,18.6833,0.0,0.089,5.9487,-0.089,-0.984041,0.177944,0
4002,18.7,0.0,0.0893,5.8594,-0.0893,-0.983255,0.182236,0
4003,18.7167,0.0,0.0911,5.7683,-0.0911,-0.98245,0.186524,0
4004,18.7333,0.0,0.0886,5.6797,-0.0886,-0.981627,0.190809,0
4005,18.75,0.0,0.0884,5.5913,-0.0884,-0.980785,0.19509,0
4006,18.7667,0.0,0.0914,5.4999,-0.0914,-0.979925,0.199368,0
4007,18.7833,0.0,0.0899,5.41,-0.0899,-0.979045,0.203642,0
4008,18.8,0.0,0.0916,5.3184,-0.0916,-0.978148,0.207912,0
4009,18.8167,0.0,0.0886,5.2298,-0.0886,-0.977231,0.212178,0
4010,18.8333,0.0,0.0906,5.1392,-0.0906,-0.976296,0.21644,0
4011,18.85,0.0,0.0895,5.0497,-0.0895,-0.975342,0.220697,0
4012,18.8667,0.0,0.0856,4.9641,-0.0856,-0.97437,0.224951,0
4013,18.8833,0.0,0.0917,4.8724,-0.0917,-0.973379,0.2292,0
4014,18.9,0.0,0.0878,4.7846,-0.0878,-0.97237,0.233445,0
4015,18.9167,0.0,0.0908,4.6938,-0.0908,-0.971342,0.237686,0
4016,18.9333,0.0,0.0872,4.6066,-0.0872,-0.970296,0.241922,0
4017,18.95,0.0,0.0919,4.5147,-0.0919,-0.969231,0.246153,0
4018,18.9667,0.0,0.0931,4.4216,-0.0931,-0.968148,0.25038,0
4019,18.9833,0.0,0.0888,4.3328,-0.0888,-0.967046,0.254602,0
4020,19.0,0.0,0.0907,4.2421,-0.0907,-0.965926,0.258819,0
4021,19.0167,0.0,0.0899,4.1522,-0.0899,-0.964787,0.263031,0
4022,19.0333,0.0,0.0901,4.0621,-0.0901,-0.96363,0.267238,0
4023,19.05,0.0,0.0899,3.9722,-0.0899,-0.962455,0.27144,0
4024,19.0667,0.0,0.0882,3.884,-0.0882,-0.961262,0.275637,0
4025,19.0833,0.0,0.0906,3.7934,-0.0906,-0.96005,0.279829,0
4026,19.1,0.0,0.0908,3.7026,-0.0908,-0.95882,0.284015,0
4027,19.1167,0.0,0.0905,3.6121,-0.0905,-0.957571,0.288196,0
4028,19.1333,0.0,0.0902,3.5219,-0.0902,-0.956305,0.292372,0
4029,19.15,0.0,0.0946,3.4273,-0.0946,-0.95502,0.296542,0
4030,19.1667,0.0,0.0928,3.3345,-0.0928,-0.953717,0.300706,0
4031,19.1833,0.0,0.0929,3.2416,-0.0929,-0.952396,0.304864,0
4032,19.2,0.0,0.0899,3.1517,-0.0899,-0.951057,0.309017,0
4033,19.2167,0.0,0.089,3.0627,-0.089,-0.949699,0.313164,0
4034,19.2333,0.0,0.0881,2.9746,-0.0881,-0.948324,0.317305,0
4035,19.25,0.0,0.0907,2.8839,-0.0907,-0.94693,0.321439,0
4036,19.2667,0.0,0.0915,2.7924,-0.0915,-0.945519,0.325568,0
4037,19.2833,0.0,0.0892,2.7032,-0.0892,-0.944089,0.329691,0
4038,19.3,0.0,0.0891,2.6141,-0.0891,-0.942641,0.333807,0
4039,19.3167,0.0,0.0888,2.5253,-0.0888,-0.941176,0.337917,0
4040,19.3333,0.0,0.0908,2.4345,-0.0908,-0.939693,0.34202,0
4041,19.35,0.0,0.0904,2.3441,-0.0904,-0.938191,0.346117,0
4042,19.3667,0.0,0.0877,2.2564,-0.0877,-0.936672,0.350207,0
4043,19.3833,0.0,0.0893,2.1671,-0.0893,-0.935135,0.354291,0
4044,19.4,0.0,0.0922,2.0749,-0.0922,-0.93358,0.358368,0
4045,19.4167,0.0,0.0871,1.9878,-0.0871,-0.932008,0.362438,0
4046,19.4333,0.0,0.0894,1.8984,-0.0894,-0.930418,0.366501,0
4047,19.45,0.0,0.0895,1.8089,-0.0895,-0.92881,0.370557,0
4048,19.4667,0.0,0.0908,1.7181,-0.0908,-0.927184,0.374607,0
4049,19.4833,0.0,0.0892,1.6289,-0.0892,-0.925541,0.378649,0
4050,19.5,0.0,0.0919,1.537,-0.0919,-0.92388,0.382683,0
4051,19.5167,0.0,0.0893,1.4477,-0.0893,-0.922201,0.386711,0
4052,19.5333,0.0,0.0886,1.3591,-0.0886,-0.920505,0.390731,0
4053,19.55,0.0,0.0906,1.2685,-0.0906,-0.918791,0.394744,0
4054,19.5667,0.0,0.0898,1.1787,-0.0898,-0.91706,0.398749,0
4055,19.5833,0.0,0.0871,1.0916,-0.0871,-0.915311,0.402747,0
4056,19.6,0.0,0.0902,1.0014,-0.0902,-0.913545,0.406737,0
4057,19.6167,0.0,0.088,0.9134,-0.088,-0.911762,0.410719,0
4058,19.6333,0.0,0.0901,0.8233,-0.0901,-0.909961,0.414693,0
4059,19.65,0.0,0.0932,0.7301,-0.0932,-0.908143,0.41866,0
4060,19.6667,0.0,0.0906,0.6395,-0.0906,-0.906308,0.422618,0
4061,19.6833,0.0,0.0926,0.5469,-0.0926,-0.904455,0.426569,0
4062,19.7,0.0,0.0922,0.4547,-0.0922,-0.902585,0.430511,0
4063,19.7167,0.0,0.0892,0.3655,-0.0892,-0.900698,0.434445,0
4064,19.7333,0.0,0.0904,0.2751,-0.0904,-0.898794,0.438371,0
4065,19.75,0.0,0.0895,0.1856,-0.0895,-0.896873,0.442289,0
4066,19.7667,0.0,0.0906,0.095,-0.0906,-0.894934,0.446198,0
4067,19.7833,0.0,0.0919,0.0031,-0.0919,-0.892979,0.450098,0
4068,19.8,0.0,0.0939,0.0,-0.0939,-0.891007,0.45399,1
4069,19.8167,0.0,0.0912,0.0,-0.0912,-0.889017,0.457874,1
4070,19.8333,0.0,0.09,0.0,-0.09,-0.887011,0.461749,1
4071,19.85,0.0,0.0895,0.0,-0.0895,-0.884988,0.465615,1
4072,19.8667,0.0,0.0881,0.0,-0.0881,-0.882948,0.469472,1
4073,19.8833,0.0,0.092,0.0,-0.092,-0.880891,0.47332,1
4074,19.9,0.0,0.0898,0.0,-0.0898,-0.878817,0.477159,1
4075,19.9167,0.0,0.0885,0.0,-0.0885,-0.876727,0.480989,1
4076,19.9333,0.0,0.0903,0.0,-0.0903,-0.87462,0.48481,1
4077,19.95,0.0,0.0919,0.0,-0.0919,-0.872496,0.488621,1
4078,19.9667,0.0,0.0909,0.0,-0.0909,-0.870356,0.492424,1
4079,19.9833,0.0,0.0891,0.0,-0.0891,-0.868199,0.496217,1
4080,20.0,0.0,0.091,0.0,-0.091,-0.866025,0.5,1
4081,20.0167,0.0,0.0881,0.0,-0.0881,-0.863836,0.503774,1
4082,20.0333,0.0,0.0894,0.0,-0.0894,-0.861629,0.507538,1
4083,20.05,0.0,0.0904,0.0,-0.0904,-0.859406,0.511293,1
4084,20.0667,0.0,0.0898,0.0,-0.0898,-0.857167,0.515038,1
4085,20.0833,0.0,0.0883,0.0,-0.0883,-0.854912,0.518773,1
4086,20.1,0.0,0.0881,0.0,-0.0881,-0.85264,0.522499,1
4087,20.1167,0.0,0.0919,0.0,-0.0919,-0.850352,0.526214,1
4088,20.1333,0.0,0.0894,0.0,-0.0894,-0.848048,0.529919,1
4089,20.15,0.0,0.0886,0.0,-0.0886,-0.845728,0.533615,1
4090,20.1667,0.0,0.09,0.0,-0.09,-0.843391,0.5373,1
4091,20.1833,0.0,0.0925,0.0,-0.0925,-0.841039,0.540974,1
4092,20.2,0.0,0.0891,0.0,-0.0891,-0.838671,0.544639,1
4093,20.2167,0.0,0.0925,0.0,-0.0925,-0.836286,0.548293,1
4094,20.2333,0.0,0.0929,0.0,-0.0929,-0.833886,0.551937,1
4095,20.25,0.0,0.0907,0.0,-0.0907,-0.83147,0.55557,1
4096,20.2667,0.0,0.0916,0.0,-0.0916,-0.829038,0.559193,1
4097,20.2833,0.0,0.0911,0.0,-0.0911,-0.82659,0.562805,1
4098,20.3,0.0,0.0886,0.0,-0.0886,-0.824126,0.566406,1
4099,20.3167,0.0,0.0924,0.0,-0.0924,-0.821647,0.569997,1
4100,20.3333,0.0,0.0902,0.0,-0.0902,-0.819152,0.573576,1
4101,20.35,0.0,0.0904,0.0,-0.0904,-0.816642,0.577145,1
4102,20.3667,0.0,0.0873,0.0,-0.0873,-0.814116,0.580703,1
4103,20.3833,0.0,0.0899,0.0,-0.0899,-0.811574,0.58425,1
4104,20.4,0.0,0.09,0.0,-0.09,-0.809017,0.587785,1
4105,20.4167,0.0,0.0904,0.0,-0.0904,-0.806445,0.59131,1
4106,20.4333,0.0,0.09,0.0,-0.09,-0.803857,0.594823,1
4107,20.45,0.0,0.0893,0.0,-0.0893,-0.801254,0.598325,1
4108,20.4667,0.0,0.0912,0.0,-0.0912,-0.798636,0.601815,1
4109,20.4833,0.0,0.0917,0.0,-0.0917,-0.796002,0.605294,1
4110,20.5,0.0,0.0918,0.0,-0.0918,-0.793353,0.608761,1
4111,20.5167,0.0,0.0884,0.0,-0.0884,-0.79069,0.612217,1
4112,20.5333,0.0,0.0913,0.0,-0.0913,-0.788011,0.615661,1
4113,20.55,0.0,0.0893,0.0,-0.0893,-0.785317,0.619094,1
4114,20.5667,0.0,0.0877,0.0,-0.0877,-0.782608,0.622515,1
4115,20.5833,0.0,0.0907,0.0,-0.0907,-0.779884,0.625923,1
4116,20.6,0.0,0.0902,0.0,-0.0902,-0.777146,0.62932,1
4117,20.6167,0.0,0.0934,0.0,-0.0934,-0.774393,0.632705,1
4118,20.6333,0.0,0.0907,0.0,-0.0907,-0.771625,0.636078,1
4119,20.65,0.0,0.0913,0.0,-0.0913,-0.768842,0.639439,1
4120,20.6667,0.0,0.0842,0.0,-0.0842,-0.766044,0.642788,1
4121,20.6833,0.0,0.0917,0.0,-0.0917,-0.763232,0.646124,1
4122,20.7,0.0,0.0877,0.0,-0.0877,-0.760406,0.649448,1
4123,20.7167,0.0,0.15,0.0,-0.15,-0.757565,0.65276,1
4124,20.7333,0.0,0.1449,0.0,-0.1449,-0.75471,0.656059,1
4125,20.75,0.0,0.1464,0.0,-0.1464,-0.75184,0.659346,1
4126,20.7667,0.0,0.1506,0.0,-0.1506,-0.748956,0.66262,1
4127,20.7833,0.0,0.1483,0.0,-0.1483,-0.746057,0.665882,1
4128,20.8,0.0,0.1468,0.0,-0.1468,-0.743145,0.669131,1
4129,20.8167,0.0,0.1484,0.0,-0.1484,-0.740218,0.672367,1
4130,20.8333,0.0,0.148,0.0,-0.148,-0.737277,0.67559,1
4131,20.85,0.0,0.1464,0.0,-0.1464,-0.734323,0.678801,1
4132,20.8667,0.0,0.1491,0.0,-0.1491,-0.731354,0.681998,1
4133,20.8833,0.0,0.1488,0.0,-0.1488,-0.728371,0.685183,1
4134,20.9,0.0,0.1481,0.0,-0.1481,-0.725374,0.688355,1
4135,20.9167,0.0,0.1488,0.0,-0.1488,-0.722364,0.691513,1
4136,20.9333,0.0,0.1472,0.0,-0.1472,-0.71934,0.694658,1
4137,20.95,0.0,0.1472,0.0,-0.1472,-0.716302,0.69779,1
4138,20.9667,0.0,0.1499,0.0,-0.1499,-0.71325,0.700909,1
4139,20.9833,0.0,0.1542,0.0,-0.1542,-0.710185,0.704015,1
4140,21.0,0.0,0.1456,0.0,-0.1456,-0.707107,0.707107,1
4141,21.0167,0.0,0.1472,0.0,-0.1472,-0.704015,0.710185,1
4142,21.0333,0.0,0.1488,0.0,-0.1488,-0.700909,0.71325,1
4143,21.05,0.0,0.1492,0.0,-0.1492,-0.69779,0.716302,1
4144,21.0667,0.0,0.1469,0.0,-0.1469,-0.694658,0.71934,1
4145,21.0833,0.0,0.1479,0.0,-0.1479,-0.691513,0.722364,1
4146,21.1,0.0,0.1486,0.0,-0.1486,-0.688355,0.725374,1
4147,21.1167,0.0,0.1488,0.0,-0.1488,-0.685183,0.728371,1
4148,21.1333,0.0,0.1478,0.0,-0.1478,-0.681998,0.731354,1
4149,21.15,0.0,0.149,0.0,-0.149,-0.678801,0.734323,1
4150,21.1667,0.0,0.1451,0.0,-0.1451,-0.67559,0.737277,1
4151,21.1833,0.0,0.1511,0.0,-0.1511,-0.672367,0.740218,1
4152,21.2,0.0,0.1483,0.0,-0.1483,-0.669131,0.743145,1
4153,21.2167,0.0,0.1489,0.0,-0.1489,-0.665882,0.746057,1
4154,21.2333,0.0,0.1475,0.0,-0.1475,-0.66262,0.748956,1
4155,21.25,0.0,0.147,0.0,-0.147,-0.659346,0.75184,1
4156,21.2667,0.0,0.1467,0.0,-0.1467,-0.656059,0.75471,1
4157,21.2833,0.0,0.1493,0.0,-0.1493,-0.65276,0.757565,1
4158,21.3,0.0,0.1441,0.0,-0.1441,-0.649448,0.760406,1
4159,21.3167,0.0,0.1486,0.0,-0.1486,-0.646124,0.763232,1
4160,21.3333,0.0,0.15,0.0,-0.15,-0.642788,0.766044,1
4161,21.35,0.0,0.1483,0.0,-0.1483,-0.639439,0.768842,1
4162,21.3667,0.0,0.0926,0.0,-0.0926,-0.636078,0.771625,1
4163,21.3833,0.0,0.088,0.0,-0.088,-0.632705,0.774393,1
4164,21.4,0.0,0.0874,0.0,-0.0874,-0.62932,0.777146,1
4165,21.4167,0.0,0.0873,0.0,-0.0873,-0.625923,0.779884,1
4166,21.4333,0.0,0.0939,0.0,-0.0939,-0.622515,0.782608,1
4167,21.45,0.0,0.0896,0.0,-0.0896,-0.619094,0.785317,1
4168,21.4667,0.0,0.0873,0.0,-0.0873,-0.615661,0.788011,1
4169,21.4833,0.0,0.0902,0.0,-0.0902,-0.612217,0.79069,1
4170,21.5,0.0,0.0919,0.0,-0.0919,-0.608761,0.793353,1
4171,21.5167,0.0,0.0917,0.0,-0.0917,-0.605294,0.796002,1
4172,21.5333,0.0,0.0914,0.0,-0.0914,-0.601815,0.798636,1
4173,21.55,0.0,0.0937,0.0,-0.0937,-0.598325,0.801254,1
4174,21.5667,0.0,0.0879,0.0,-0.0879,-0.594823,0.803857,1
4175,21.5833,0.0,0.0873,0.0,-0.0873,-0.59131,0.806445,1
4176,21.6,0.0,0.0926,0.0,-0.0926,-0.587785,0.809017,1
4177,21.6167,0.0,0.0879,0.0,-0.0879,-0.58425,0.811574,1
4178,21.6333,0.0,0.0926,0.0,-0.0926,-0.580703,0.814116,1
4179,21.65,0.0,0.0891,0.0,-0.0891,-0.577145,0.816642,1
4180,21.6667,0.0,0.0902,0.0,-0.0902,-0.573576,0.819152,1
4181,21.6833,0.0,0.0899,0.0,-0.0899,-0.569997,0.821647,1
4182,21.7,0.0,0.0919,0.0,-0.0919,-0.566406,0.824126,1
4183,21.7167,0.0,0.0902,0.0,-0.0902,-0.562805,0.82659,1
4184,21.7333,0.0,0.0904,0.0,-0.0904,-0.559193,0.829038,1
4185,21.75,0.0,0.0876,0.0,-0.0876,-0.55557,0.83147,1
4186,21.7667,0.0,0.0897,0.0,-0.0897,-0.551937,0.833886,1
4187,21.7833,0.0,0.0905,0.0,-0.0905,-0.548293,0.836286,1
4188,21.8,0.0,0.0934,0.0,-0.0934,-0.544639,0.838671,1
4189,21.8167,0.0,0.0883,0.0,-0.0883,-0.540974,0.841039,1
4190,21.8333,0.0,0.0911,0.0,-0.0911,-0.5373,0.843391,1
4191,21.85,0.0,0.0916,0.0,-0.0916,-0.533615,0.845728,1
4192,21.8667,0.0,0.0921,0.0,-0.0921,-0.529919,0.848048,1
4193,21.8833,0.0,0.0893,0.0,-0.0893,-0.526214,0.850352,1
4194,21.9,0.0,0.0911,0.0,-0.0911,-0.522499,0.85264,1
4195,21.9167,0.0,0.0915,0.0,-0.0915,-0.518773,0.854912,1
4196,21.9333,0.0,0.089,0.0,-0.089,-0.515038,0.857167,1
4197,21.95,0.0,0.091,0.0,-0.091,-0.511293,0.859406,1
4198,21.9667,0.0,0.0913,0.0,-0.0913,-0.507538,0.861629,1
4199,21.9833,0.0,0.0884,0.0,-0.0884,-0.503774,0.863836,1
4200,22.0,0.0,0.0186,0.0,-0.0186,-0.5,0.866025,1
4201,22.0167,0.0,0.0244,0.0,-0.0244,-0.496217,0.868199,1
4202,22.0333,0.0,0.0224,0.0,-0.0224,-0.492424,0.870356,1
4203,22.05,0.0,0.0243,0.0,-0.0243,-0.488621,0.872496,1
4204,22.0667,0.0,0.0217,0.0,-0.0217,-0.48481,0.87462,1
4205,22.0833,0.0,0.0188,0.0,-0.0188,-0.480989,0.876727,1
4206,22.1,0.0,0.0212,0.0,-0.0212,-0.477159,0.878817,1
4207,22.1167,0.0,0.0196,0.0,-0.0196,-0.47332,0.880891,1
4208,22.1333,0.0,0.023,0.0,-0.023,-0.469472,0.882948,1
4209,22.15,0.0,0.0208,0.0,-0.0208,-0.465615,0.884988,1
4210,22.1667,0.0,0.0218,0.0,-0.0218,-0.461749,0.887011,1
4211,22.1833,0.0,0.019,0.0,-0.019,-0.457874,0.889017,1
4212,22.2,0.0,0.024,0.0,-0.024,-0.45399,0.891007,1
4213,22.2167,0.0,0.0201,0.0,-0.0201,-0.450098,0.892979,1
4214,22.2333,0.0,0.022,0.0,-0.022,-0.446198,0.894934,1
4215,22.25,0.0,0.0215,0.0,-0.0215,-0.442289,0.896873,1
4216,22.2667,0.0,0.0221,0.0,-0.0221,-0.438371,0.898794,1
4217,22.2833,0.0,0.0193,0.0,-0.0193,-0.434445,0.900698,1
4218,22.3,0.0,0.0222,0.0,-0.0222,-0.430511,0.902585,1
4219,22.3167,0.0,0.0191,0.0,-0.0191,-0.426569,0.904455,1
4220,22.3333,0.0,0.0234,0.0,-0.0234,-0.422618,0.906308,1
4221,22.35,0.0,0.0201,0.0,-0.0201,-0.41866,0.908143,1
4222,22.3667,0.0,0.0238,0.0,-0.0238,-0.414693,0.909961,1
4223,22.3833,0.0,0.0218,0.0,-0.0218,-0.410719,0.911762,1
4224,22.4,0.0,0.0213,0.0,-0.0213,-0.406737,0.913545,1
4225,22.4167,0.0,0.0222,0.0,-0.0222,-0.402747,0.915311,1
4226,22.4333,0.0,0.0181,0.0,-0.0181,-0.398749,0.91706,1
4227,22.45,0.0,0.0194,0.0,-0.0194,-0.394744,0.918791,1
4228,22.4667,0.0,0.0188,0.0,-0.0188,-0.390731,0.920505,1
4229,22.4833,0.0,0.0224,0.0,-0.0224,-0.386711,0.922201,1
4230,22.5,0.0,0.0188,0.0,-0.0188,-0.382683,0.92388,1
4231,22.5167,0.0,0.022,0.0,-0.022,-0.378649,0.925541,1
4232,22.5333,0.0,0.0276,0.0,-0.0276,-0.374607,0.927184,1
4233,22.55,0.0,0.0232,0.0,-0.0232,-0.370557,0.92881,1
4234,22.5667,0.0,0.0182,0.0,-0.0182,-0.366501,0.930418,1
4235,22.5833,0.0,0.0227,0.0,-0.0227,-0.362438,0.932008,1
4236,22.6,0.0,0.0204,0.0,-0.0204,-0.358368,0.93358,1
4237,22.6167,0.0,0.0176,0.0,-0.0176,-0.354291,0.935135,1
4238,22.6333,0.0,0.0233,0.0,-0.0233,-0.350207,0.936672,1
4239,22.65,0.0,0.0209,0.0,-0.0209,-0.346117,0.938191,1
4240,22.6667,0.0,0.0259,0.0,-0.0259,-0.34202,0.939693,1
4241,22.6833,0.0,0.0236,0.0,-0.0236,-0.337917,0.941176,1
4242,22.7,0.0,0.0203,0.0,-0.0203,-0.333807,0.942641,1
4243,22.7167,0.0,0.0228,0.0,-0.0228,-0.329691,0.944089,1
4244,22.7333,0.0,0.0218,0.0,-0.0218,-0.325568,0.945519,1
4245,22.75,0.0,0.0223,0.0,-0.0223,-0.321439,0.94693,1
4246,22.7667,0.0,0.0195,0.0,-0.0195,-0.317305,0.948324,1
4247,22.7833,0.0,0.0233,0.0,-0.0233,-0.313164,0.949699,1
4248,22.8,0.0,0.0221,0.0,-0.0221,-0.309017,0.951057,1
4249,22.8167,0.0,0.023,0.0,-0.023,-0.304864,0.952396,1
4250,22.8333,0.0,0.0187,0.0,-0.0187,-0.300706,0.953717,1
4251,22.85,0.0,0.0217,0.0,-0.0217,-0.296542,0.95502,1
4252,22.8667,0.0,0.0213,0.0,-0.0213,-0.292372,0.956305,1
4253,22.8833,0.0,0.0231,0.0,-0.0231,-0.288196,0.957571,1
4254,22.9,0.0,0.02,0.0,-0.02,-0.284015,0.95882,1
4255,22.9167,0.0,0.0197,0.0,-0.0197,-0.279829,0.96005,1
4256,22.9333,0.0,0.0215,0.0,-0.0215,-0.275637,0.961262,1
4257,22.95,0.0,0.0214,0.0,-0.0214,-0.27144,0.962455,1
4258,22.9667,0.0,0.0173,0.0,-0.0173,-0.267238,0.96363,1
4259,22.9833,0.0,0.0213,0.0,-0.0213,-0.263031,0.964787,1
4260,23.0,0.0,0.0258,0.0,-0.0258,-0.258819,0.965926,1
4261,23.0167,0.0,0.0214,0.0,-0.0214,-0.254602,0.967046,1
4262,23.0333,0.0,0.0218,0.0,-0.0218,-0.25038,0.968148,1
4263,23.05,0.0,0.022,0.0,-0.022,-0.246153,0.969231,1
4264,23.0667,0.0,0.0222,0.0,-0.0222,-0.241922,0.970296,1
4265,23.0833,0.0,0.0198,0.0,-0.0198,-0.237686,0.971342,1
4266,23.1,0.0,0.0227,0.0,-0.0227,-0.233445,0.97237,1
4267,23.1167,0.0,0.0228,0.0,-0.0228,-0.2292,0.973379,1
4268,23.1333,0.0,0.0208,0.0,-0.0208,-0.224951,0.97437,1
4269,23.15,0.0,0.0236,0.0,-0.0236,-0.220697,0.975342,1
4270,23.1667,0.0,0.0214,0.0,-0.0214,-0.21644,0.976296,1
4271,23.1833,0.0,0.0233,0.0,-0.0233,-0.212178,0.977231,1
4272,23.2,0.0,0.0228,0.0,-0.0228,-0.207912,0.978148,1
4273,23.2167,0.0,0.0229,0.0,-0.0229,-0.203642,0.979045,1
4274,23.2333,0.0,0.0222,0.0,-0.0222,-0.199368,0.979925,1
4275,23.25,0.0,0.0195,0.0,-0.0195,-0.19509,0.980785,1
4276,23.2667,0.0,0.0214,0.0,-0.0214,-0.190809,0.981627,1
4277,23.2833,0.0,0.0241,0.0,-0.0241,-0.186524,0.98245,1
4278,23.3,0.0,0.0241,0.0,-0.0241,-0.182236,0.983255,1
4279,23.3167,0.0,0.0197,0.0,-0.0197,-0.177944,0.984041,1
4280,23.3333,0.0,0.0236,0.0,-0.0236,-0.173648,0.984808,1
4281,23.35,0.0,0.024,0.0,-0.024,-0.16935,0.985556,1
4282,23.3667,0.0,0.022,0.0,-0.022,-0.165048,0.986286,1
4283,23.3833,0.0,0.0223,0.0,-0.0223,-0.160743,0.986996,1
4284,23.4,0.0,0.0208,0.0,-0.0208,-0.156434,0.987688,1
4285,23.4167,0.0,0.0179,0.0,-0.0179,-0.152123,0.988362,1
4286,23.4333,0.0,0.0224,0.0,-0.0224,-0.147809,0.989016,1
4287,23.45,0.0,0.0192,0.0,-0.0192,-0.143493,0.989651,1
4288,23.4667,0.0,0.0252,0.0,-0.0252,-0.139173,0.990268,1
4289,23.4833,0.0,0.022,0.0,-0.022,-0.134851,0.990866,1
4290,23.5,0.0,0.0231,0.0,-0.0231,-0.130526,0.991445,1
4291,23.5167,0.0,0.0215,0.0,-0.0215,-0.126199,0.992005,1
4292,23.5333,0.0,0.0204,0.0,-0.0204,-0.121869,0.992546,1
4293,23.55,0.0,0.023,0.0,-0.023,-0.117537,0.993068,1
4294,23.5667,0.0,0.0202,0.0,-0.0202,-0.113203,0.993572,1
4295,23.5833,0.0,0.0211,0.0,-0.0211,-0.108867,0.994056,1
4296,23.6,0.0,0.0224,0.0,-0.0224,-0.104528,0.994522,1
4297,23.6167,0.0,0.0222,0.0,-0.0222,-0.100188,0.994969,1
4298,23.6333,0.0,0.0174,0.0,-0.0174,-0.095846,0.995396,1
4299,23.65,0.0,0.0231,0.0,-0.0231,-0.091502,0.995805,1
4300,23.6667,0.0,0.0228,0.0,-0.0228,-0.087156,0.996195,1
4301,23.6833,0.0,0.0225,0.0,-0.0225,-0.082808,0.996566,1
4302,23.7,0.0,0.0178,0.0,-0.0178,-0.078459,0.996917,1
4303,23.7167,0.0,0.0248,0.0,-0.0248,-0.074108,0.99725,1
4304,23.7333,0.0,0.0217,0.0,-0.0217,-0.069756,0.997564,1
4305,23.75,0.0,0.025,0.0,-0.025,-0.065403,0.997859,1
4306,23.7667,0.0,0.022,0.0,-0.022,-0.061049,0.998135,1
4307,23.7833,0.0,0.0189,0.0,-0.0189,-0.056693,0.998392,1
4308,23.8,0.0,0.0216,0.0,-0.0216,-0.052336,0.99863,1
4309,23.8167,0.0,0.0245,0.0,-0.0245,-0.047978,0.998848,1
4310,23.8333,0.0,0.0228,0.0,-0.0228,-0.043619,0.999048,1
4311,23.85,0.0,0.023,0.0,-0.023,-0.03926,0.999229,1
4312,23.8667,0.0,0.0226,0.0,-0.0226,-0.034899,0.999391,1
4313,23.8833,0.0,0.0234,0.0,-0.0234,-0.030539,0.999534,1
4314,23.9,0.0,0.0228,0.0,-0.0228,-0.026177,0.999657,1
4315,23.9167,0.0,0.0216,0.0,-0.0216,-0.021815,0.999762,1
4316,23.9333,0.0,0.0235,0.0,-0.0235,-0.017452,0.999848,1
4317,23.95,0.0,0.0223,0.0,-0.0223,-0.01309,0.999914,1
4318,23.9667,0.0,0.0204,0.0,-0.0204,-0.008727,0.999962,1
4319,23.9833,0.0,0.0238,0.0,-0.0238,-0.004363,0.99999,1
4320,0.0,0.0,0.0197,0.0,-0.0197,0.0,1.0,1
4321,0.0167,0.0,0.0207,0.0,-0.0207,0.004363,0.99999,1
4322,0.0333,0.0,0.0209,0.0,-0.0209,0.008727,0.999962,1
4323,0.05,0.0,0.0199,0.0,-0.0199,0.01309,0.999914,1
4324,0.0667,0.0,0.0203,0.0,-0.0203,0.017452,0.999848,1
4325,0.0833,0.0,0.0198,0.0,-0.0198,0.021815,0.999762,1
4326,0.1,0.0,0.0241,0.0,-0.0241,0.026177,0.999657,1
4327,0.1167,0.0,0.0192,0.0,-0.0192,0.030539,0.999534,1
4328,0.1333,0.0,0.0202,0.0,-0.0202,0.034899,0.999391,1
4329,0.15,0.0,0.0244,0.0,-0.0244,0.03926,0.999229,1
4330,0.1667,0.0,0.0218,0.0,-0.0218,0.043619,0.999048,1
4331,0.1833,0.0,0.0216,0.0,-0.0216,0.047978,0.998848,1
4332,0.2,0.0,0.0225,0.0,-0.0225,0.052336,0.99863,1
4333,0.2167,0.0,0.0184,0.0,-0.0184,0.056693,0.998392,1
4334,0.2333,0.0,0.0208,0.0,-0.0208,0.061049,0.998135,1
4335,0.25,0.0,0.0193,0.0,-0.0193,0.065403,0.997859,1
4336,0.2667,0.0,0.0193,0.0,-0.0193,0.069756,0.997564,1
4337,0.2833,0.0,0.0209,0.0,-0.0209,0.074108,0.99725,1
4338,0.3,0.0,0.0266,0.0,-0.0266,0.078459,0.996917,1
4339,0.3167,0.0,0.0199,0.0,-0.0199,0.082808,0.996566,1
4340,0.3333,0.0,0.0212,0.0,-0.0212,0.087156,0.996195,1
4341,0.35,0.0,0.0215,0.0,-0.0215,0.091502,0.995805,1
4342,0.3667,0.0,0.0234,0.0,-0.0234,0.095846,0.995396,1
4343,0.3833,0.0,0.0188,0.0,-0.0188,0.100188,0.994969,1
4344,0.4,0.0,0.0246,0.0,-0.0246,0.104528,0.994522,1
4345,0.4167,0.0,0.0223,0.0,-0.0223,0.108867,0.994056,1
4346,0.4333,0.0,0.0227,0.0,-0.0227,0.113203,0.993572,1
4347,0.45,0.0,0.0205,0.0,-0.0205,0.117537,0.993068,1
4348,0.4667,0.0,0.0269,0.0,-0.0269,0.121869,0.992546,1
4349,0.4833,0.0,0.0221,0.0,-0.0221,0.126199,0.992005,1
4350,0.5,0.0,0.0174,0.0,-0.0174,0.130526,0.991445,1
4351,0.5167,0.0,0.0226,0.0,-0.0226,0.134851,0.990866,1
4352,0.5333,0.0,0.0206,0.0,-0.0206,0.139173,0.990268,1
4353,0.55,0.0,0.022,0.0,-0.022,0.143493,0.989651,1
4354,0.5667,0.0,0.0227,0.0,-0.0227,0.147809,0.989016,1
4355,0.5833,0.0,0.0204,0.0,-0.0204,0.152123,0.988362,1
4356,0.6,0.0,0.0244,0.0,-0.0244,0.156434,0.987688,1
4357,0.6167,0.0,0.0215,0.0,-0.0215,0.160743,0.986996,1
4358,0.6333,0.0,0.0252,0.0,-0.0252,0.165048,0.986286,1
4359,0.65,0.0,0.0189,0.0,-0.0189,0.16935,0.985556,1
4360,0.6667,0.0,0.02,0.0,-0.02,0.173648,0.984808,1
4361,0.6833,0.0,0.0233,0.0,-0.0233,0.177944,0.984041,1
4362,0.7,0.0,0.0221,0.0,-0.0221,0.182236,0.983255,1
4363,0.7167,0.0,0.024,0.0,-0.024,0.186524,0.98245,1
4364,0.7333,0.0,0.0243,0.0,-0.0243,0.190809,0.981627,1
4365,0.75,0.0,0.0228,0.0,-0.0228,0.19509,0.980785,1
4366,0.7667,0.0,0.0201,0.0,-0.0201,0.199368,0.979925,1
4367,0.7833,0.0,0.0191,0.0,-0.0191,0.203642,0.979045,1
4368,0.8,0.0,0.0225,0.0,-0.0225,0.207912,0.978148,1
4369,0.8167,0.0,0.0217,0.0,-0.0217,0.212178,0.977231,1
4370,0.8333,0.0,0.0199,0.0,-0.0199,0.21644,0.976296,1
4371,0.85,0.0,0.0202,0.0,-0.0202,0.220697,0.975342,1
4372,0.8667,0.0,0.0245,0.0,-0.0245,0.224951,0.97437,1
4373,0.8833,0.0,0.0221,0.0,-0.0221,0.2292,0.973379,1
4374,0.9,0.0,0.0222,0.0,-0.0222,0.233445,0.97237,1
4375,0.9167,0.0,0.0234,0.0,-0.0234,0.237686,0.971342,1
4376,0.9333,0.0,0.022,0.0,-0.022,0.241922,0.970296,1
4377,0.95,0.0,0.0203,0.0,-0.0203,0.246153,0.969231,1
4378,0.9667,0.0,0.0211,0.0,-0.0211,0.25038,0.968148,1
4379,0.9833,0.0,0.0224,0.0,-0.0224,0.254602,0.967046,1
4380,1.0,0.0,0.0234,0.0,-0.0234,0.258819,0.965926,1
4381,1.0167,0.0,0.0254,0.0,-0.0254,0.263031,0.964787,1
4382,1.0333,0.0,0.021,0.0,-0.021,0.267238,0.96363,1
4383,1.05,0.0,0.0238,0.0,-0.0238,0.27144,0.962455,1
4384,1.0667,0.0,0.0218,0.0,-0.0218,0.275637,0.961262,1
4385,1.0833,0.0,0.023,0.0,-0.023,0.279829,0.96005,1
4386,1.1,0.0,0.0221,0.0,-0.0221,0.284015,0.95882,1
4387,1.1167,0.0,0.0202,0.0,-0.0202,0.288196,0.957571,1
4388,1.1333,0.0,0.0202,0.0,-0.0202,0.292372,0.956305,1
4389,1.15,0.0,0.0218,0.0,-0.0218,0.296542,0.95502,1
4390,1.1667,0.0,0.0261,0.0,-0.0261,0.300706,0.953717,1
4391,1.1833,0.0,0.0227,0.0,-0.0227,0.304864,0.952396,1
4392,1.2,0.0,0.0184,0.0,-0.0184,0.309017,0.951057,1
4393,1.2167,0.0,0.0215,0.0,-0.0215,0.313164,0.949699,1
4394,1.2333,0.0,0.0234,0.0,-0.0234,0.317305,0.948324,1
4395,1.25,0.0,0.0226,0.0,-0.0226,0.321439,0.94693,1
4396,1.2667,0.0,0.0218,0.0,-0.0218,0.325568,0.945519,1
4397,1.2833,0.0,0.0217,0.0,-0.0217,0.329691,0.944089,1
4398,1.3,0.0,0.0222,0.0,-0.0222,0.333807,0.942641,1
4399,1.3167,0.0,0.0206,0.0,-0.0206,0.337917,0.941176,1
4400,1.3333,0.0,0.0252,0.0,-0.0252,0.34202,0.939693,1
4401,1.35,0.0,0.0232,0.0,-0.0232,0.346117,0.938191,1
4402,1.3667,0.0,0.0231,0.0,-0.0231,0.350207,0.936672,1
4403,1.3833,0.0,0.0248,0.0,-0.0248,0.354291,0.935135,1
4404,1.4,0.0,0.0209,0.0,-0.0209,0.358368,0.93358,1
4405,1.4167,0.0,0.0205,0.0,-0.0205,0.362438,0.932008,1
4406,1.4333,0.0,0.0197,0.0,-0.0197,0.366501,0.930418,1
4407,1.45,0.0,0.0221,0.0,-0.0221,0.370557,0.92881,1
4408,1.4667,0.0,0.0207,0.0,-0.0207,0.374607,0.927184,1
4409,1.4833,0.0,0.0182,0.0,-0.0182,0.378649,0.925541,1
4410,1.5,0.0,0.0183,0.0,-0.0183,0.382683,0.92388,1
4411,1.5167,0.0,0.0236,0.0,-0.0236,0.386711,0.922201,1
4412,1.5333,0.0,0.0232,0.0,-0.0232,0.390731,0.920505,1
4413,1.55,0.0,0.0194,0.0,-0.0194,0.394744,0.918791,1
4414,1.5667,0.0,0.0236,0.0,-0.0236,0.398749,0.91706,1
4415,1.5833,0.0,0.0214,0.0,-0.0214,0.402747,0.915311,1
4416,1.6,0.0,0.0226,0.0,-0.0226,0.406737,0.913545,1
4417,1.6167,0.0,0.0198,0.0,-0.0198,0.410719,0.911762,1
4418,1.6333,0.0,0.0215,0.0,-0.0215,0.414693,0.909961,1
4419,1.65,0.0,0.0211,0.0,-0.0211,0.41866,0.908143,1
4420,1.6667,0.0,0.0207,0.0,-0.0207,0.422618,0.906308,1
4421,1.6833,0.0,0.0253,0.0,-0.0253,0.426569,0.904455,1
4422,1.7,0.0,0.0229,0.0,-0.0229,0.430511,0.902585,1
4423,1.7167,0.0,0.02,0.0,-0.02,0.434445,0.900698,1
4424,1.7333,0.0,0.0188,0.0,-0.0188,0.438371,0.898794,1
4425,1.75,0.0,0.0185,0.0,-0.0185,0.442289,0.896873,1
4426,1.7667,0.0,0.023,0.0,-0.023,0.446198,0.894934,1
4427,1.7833,0.0,0.0216,0.0,-0.0216,0.450098,0.892979,1
4428,1.8,0.0,0.0223,0.0,-0.0223,0.45399,0.891007,1
4429,1.8167,0.0,0.0224,0.0,-0.0224,0.457874,0.889017,1
4430,1.8333,0.0,0.0236,0.0,-0.0236,0.461749,0.887011,1
4431,1.85,0.0,0.022,0.0,-0.022,0.465615,0.884988,1
4432,1.8667,0.0,0.0252,0.0,-0.0252,0.469472,0.882948,1
4433,1.8833,0.0,0.0225,0.0,-0.0225,0.47332,0.880891,1
4434,1.9,0.0,0.0211,0.0,-0.0211,0.477159,0.878817,1
4435,1.9167,0.0,0.0236,0.0,-0.0236,0.480989,0.876727,1
4436,1.9333,0.0,0.0176,0.0,-0.0176,0.48481,0.87462,1
4437,1.95,0.0,0.0209,0.0,-0.0209,0.488621,0.872496,1
4438,1.9667,0.0,0.021,0.0,-0.021,0.492424,0.870356,1
4439,1.9833,0.0,0.0235,0.0,-0.0235,0.496217,0.868199,1
4440,2.0,0.0,0.0211,0.0,-0.0211,0.5,0.866025,1
4441,2.0167,0.0,0.0217,0.0,-0.0217,0.503774,0.863836,1
4442,2.0333,0.0,0.0211,0.0,-0.0211,0.507538,0.861629,1
4443,2.05,0.0,0.0209,0.0,-0.0209,0.511293,0.859406,1
4444,2.0667,0.0,0.0235,0.0,-0.0235,0.515038,0.857167,1
4445,2.0833,0.0,0.0171,0.0,-0.0171,0.518773,0.854912,1
4446,2.1,0.0,0.0186,0.0,-0.0186,0.522499,0.85264,1
4447,2.1167,0.0,0.0201,0.0,-0.0201,0.526214,0.850352,1
4448,2.1333,0.0,0.0205,0.0,-0.0205,0.529919,0.848048,1
4449,2.15,0.0,0.0198,0.0,-0.0198,0.533615,0.845728,1
4450,2.1667,0.0,0.0189,0.0,-0.0189,0.5373,0.843391,1
4451,2.1833,0.0,0.0202,0.0,-0.0202,0.540974,0.841039,1
4452,2.2,0.0,0.0222,0.0,-0.0222,0.544639,0.838671,1
4453,2.2167,0.0,0.0195,0.0,-0.0195,0.548293,0.836286,1
4454,2.2333,0.0,0.0229,0.0,-0.0229,0.551937,0.833886,1
4455,2.25,0.0,0.0229,0.0,-0.0229,0.55557,0.83147,1
4456,2.2667,0.0,0.0195,0.0,-0.0195,0.559193,0.829038,1
4457,2.2833,0.0,0.0231,0.0,-0.0231,0.562805,0.82659,1
4458,2.3,0.0,0.0213,0.0,-0.0213,0.566406,0.824126,1
4459,2.3167,0.0,0.0221,0.0,-0.0221,0.569997,0.821647,1
4460,2.3333,0.0,0.0237,0.0,-0.0237,0.573576,0.819152,1
4461,2.35,0.0,0.0235,0.0,-0.0235,0.577145,0.816642,1
4462,2.3667,0.0,0.0227,0.0,-0.0227,0.580703,0.814116,1
4463,2.3833,0.0,0.0193,0.0,-0.0193,0.58425,0.811574,1
4464,2.4,0.0,0.0226,0.0,-0.0226,0.587785,0.809017,1
4465,2.4167,0.0,0.0186,0.0,-0.0186,0.59131,0.806445,1
4466,2.4333,0.0,0.0206,0.0,-0.0206,0.594823,0.803857,1
4467,2.45,0.0,0.0219,0.0,-0.0219,0.598325,0.801254,1
4468,2.4667,0.0,0.0561,0.0,-0.0561,0.601815,0.798636,1
4469,2.4833,0.0,0.0558,0.0,-0.0558,0.605294,0.796002,1
4470,2.5,0.0,0.0562,0.0,-0.0562,0.608761,0.793353,1
4471,2.5167,0.0,0.054,0.0,-0.054,0.612217,0.79069,1
4472,2.5333,0.0,0.0544,0.0,-0.0544,0.615661,0.788011,1
4473,2.55,0.0,0.0551,0.0,-0.0551,0.619094,0.785317,1
4474,2.5667,0.0,0.0549,0.0,-0.0549,0.622515,0.782608,1
4475,2.5833,0.0,0.0553,0.0,-0.0553,0.625923,0.779884,1
4476,2.6,0.0,0.0594,0.0,-0.0594,0.62932,0.777146,1
4477,2.6167,0.0,0.0563,0.0,-0.0563,0.632705,0.774393,1
4478,2.6333,0.0,0.055,0.0,-0.055,0.636078,0.771625,1
4479,2.65,0.0,0.0571,0.0,-0.0571,0.639439,0.768842,1
4480,2.6667,0.0,0.0548,0.0,-0.0548,0.642788,0.766044,1
4481,2.6833,0.0,0.0564,0.0,-0.0564,0.646124,0.763232,1
4482,2.7,0.0,0.0572,0.0,-0.0572,0.649448,0.760406,1
4483,2.7167,0.0,0.0555,0.0,-0.0555,0.65276,0.757565,1
4484,2.7333,0.0,0.0547,0.0,-0.0547,0.656059,0.75471,1
4485,2.75,0.0,0.0546,0.0,-0.0546,0.659346,0.75184,1
4486,2.7667,0.0,0.058,0.0,-0.058,0.66262,0.748956,1
4487,2.7833,0.0,0.0578,0.0,-0.0578,0.665882,0.746057,1
4488,2.8,0.0,0.0555,0.0,-0.0555,0.669131,0.743145,1
4489,2.8167,0.0,0.0566,0.0,-0.0566,0.672367,0.740218,1
4490,2.8333,0.0,0.0556,0.0,-0.0556,0.67559,0.737277,1
4491,2.85,0.0,0.0524,0.0,-0.0524,0.678801,0.734323,1
4492,2.8667,0.0,0.0564,0.0,-0.0564,0.681998,0.731354,1
4493,2.8833,0.0,0.0531,0.0,-0.0531,0.685183,0.728371,1
4494,2.9,0.0,0.0549,0.0,-0.0549,0.688355,0.725374,1
4495,2.9167,0.0,0.0587,0.0,-0.0587,0.691513,0.722364,1
4496,2.9333,0.0,0.059,0.0,-0.059,0.694658,0.71934,1
4497,2.95,0.0,0.0549,0.0,-0.0549,0.69779,0.716302,1
4498,2.9667,0.0,0.0548,0.0,-0.0548,0.700909,0.71325,1
4499,2.9833,0.0,0.0557,0.0,-0.0557,0.704015,0.710185,1
4500,3.0,0.0,0.0215,0.0,-0.0215,0.707107,0.707107,1
4501,3.0167,0.0,0.0175,0.0,-0.0175,0.710185,0.704015,1
4502,3.0333,0.0,0.0248,0.0,-0.0248,0.71325,0.700909,1
4503,3.05,0.0,0.0222,0.0,-0.0222,0.716302,0.69779,1
4504,3.0667,0.0,0.0226,0.0,-0.0226,0.71934,0.694658,1
4505,3.0833,0.0,0.0216,0.0,-0.0216,0.722364,0.691513,1
4506,3.1,0.0,0.022,0.0,-0.022,0.725374,0.688355,1
4507,3.1167,0.0,0.0212,0.0,-0.0212,0.728371,0.685183,1
4508,3.1333,0.0,0.0198,0.0,-0.0198,0.731354,0.681998,1
4509,3.15,0.0,0.0208,0.0,-0.0208,0.734323,0.678801,1
4510,3.1667,0.0,0.0201,0.0,-0.0201,0.737277,0.67559,1
4511,3.1833,0.0,0.0182,0.0,-0.0182,0.740218,0.672367,1
4512,3.2,0.0,0.022,0.0,-0.022,0.743145,0.669131,1
4513,3.2167,0.0,0.0214,0.0,-0.0214,0.746057,0.665882,1
4514,3.2333,0.0,0.018,0.0,-0.018,0.748956,0.66262,1
4515,3.25,0.0,0.0222,0.0,-0.0222,0.75184,0.659346,1
4516,3.2667,0.0,0.0194,0.0,-0.0194,0.75471,0.656059,1
4517,3.2833,0.0,0.0213,0.0,-0.0213,0.757565,0.65276,1
4518,3.3,0.0,0.0212,0.0,-0.0212,0.760406,0.649448,1
4519,3.3167,0.0,0.0207,0.0,-0.0207,0.763232,0.646124,1
4520,3.3333,0.0,0.0212,0.0,-0.0212,0.766044,0.642788,1
4521,3.35,0.0,0.021,0.0,-0.021,0.768842,0.639439,1
4522,3.3667,0.0,0.019,0.0,-0.019,0.771625,0.636078,1
4523,3.3833,0.0,0.0212,0.0,-0.0212,0.774393,0.632705,1
4524,3.4,0.0,0.0189,0.0,-0.0189,0.777146,0.62932,1
4525,3.4167,0.0,0.0239,0.0,-0.0239,0.779884,0.625923,1
4526,3.4333,0.0,0.0189,0.0,-0.0189,0.782608,0.622515,1
4527,3.45,0.0,0.0222,0.0,-0.0222,0.785317,0.619094,1
4528,3.4667,0.0,0.0212,0.0,-0.0212,0.788011,0.615661,1
4529,3.4833,0.0,0.0188,0.0,-0.0188,0.79069,0.612217,1
4530,3.5,0.0,0.0231,0.0,-0.0231,0.793353,0.608761,1
4531,3.5167,0.0,0.023,0.0,-0.023,0.796002,0.605294,1
4532,3.5333,0.0,0.0213,0.0,-0.0213,0.798636,0.601815,1
4533,3.55,0.0,0.0231,0.0,-0.0231,0.801254,0.598325,1
4534,3.5667,0.0,0.0248,0.0,-0.0248,0.803857,0.594823,1
4535,3.5833,0.0,0.0236,0.0,-0.0236,0.806445,0.59131,1
4536,3.6,0.0,0.0222,0.0,-0.0222,0.809017,0.587785,1
4537,3.6167,0.0,0.0204,0.0,-0.0204,0.811574,0.58425,1
4538,3.6333,0.0,0.0194,0.0,-0.0194,0.814116,0.580703,1
4539,3.65,0.0,0.0208,0.0,-0.0208,0.816642,0.577145,1
4540,3.6667,0.0,0.0186,0.0,-0.0186,0.819152,0.573576,1
4541,3.6833,0.0,0.021,0.0,-0.021,0.821647,0.569997,1
4542,3.7,0.0,0.0223,0.0,-0.0223,0.824126,0.566406,1
4543,3.7167,0.0,0.0199,0.0,-0.0199,0.82659,0.562805,1
4544,3.7333,0.0,0.0196,0.0,-0.0196,0.829038,0.559193,1
4545,3.75,0.0,0.0233,0.0,-0.0233,0.83147,0.55557,1
4546,3.7667,0.0,0.0194,0.0,-0.0194,0.833886,0.551937,1
4547,3.7833,0.0,0.0217,0.0,-0.0217,0.836286,0.548293,1
4548,3.8,0.0,0.0252,0.0,-0.0252,0.838671,0.544639,1
4549,3.8167,0.0,0.0212,0.0,-0.0212,0.841039,0.540974,1
4550,3.8333,0.0,0.0219,0.0,-0.0219,0.843391,0.5373,1
4551,3.85,0.0,0.0202,0.0,-0.0202,0.845728,0.533615,1
4552,3.8667,0.0,0.0189,0.0,-0.0189,0.848048,0.529919,1
4553,3.8833,0.0,0.0186,0.0,-0.0186,0.850352,0.526214,1
4554,3.9,0.0,0.0224,0.0,-0.0224,0.85264,0.522499,1
4555,3.9167,0.0,0.0213,0.0,-0.0213,0.854912,0.518773,1
4556,3.9333,0.0,0.0252,0.0,-0.0252,0.857167,0.515038,1
4557,3.95,0.0,0.0216,0.0,-0.0216,0.859406,0.511293,1
4558,3.9667,0.0,0.0202,0.0,-0.0202,0.861629,0.507538,1
4559,3.9833,0.0,0.0192,0.0,-0.0192,0.863836,0.503774,1
4560,4.0,0.0,0.02,0.0,-0.02,0.866025,0.5,1
4561,4.0167,0.0,0.0193,0.0,-0.0193,0.868199,0.496217,1
4562,4.0333,0.0,0.0231,0.0,-0.0231,0.870356,0.492424,1
4563,4.05,0.0,0.025,0.0,-0.025,0.872496,0.488621,1
4564,4.0667,0.0,0.0191,0.0,-0.0191,0.87462,0.48481,1
4565,4.0833,0.0,0.0215,0.0,-0.0215,0.876727,0.480989,1
4566,4.1,0.0,0.021,0.0,-0.021,0.878817,0.477159,1
4567,4.1167,0.0,0.0224,0.0,-0.0224,0.880891,0.47332,1
4568,4.1333,0.0,0.0241,0.0,-0.0241,0.882948,0.469472,1
4569,4.15,0.0,0.0206,0.0,-0.0206,0.884988,0.465615,1
4570,4.1667,0.0,0.0267,0.0,-0.0267,0.887011,0.461749,1
4571,4.1833,0.0,0.0178,0.0,-0.0178,0.889017,0.457874,1
4572,4.2,0.0,0.0227,0.0,-0.0227,0.891007,0.45399,1
4573,4.2167,0.0,0.021,0.0,-0.021,0.892979,0.450098,1
4574,4.2333,0.0,0.0231,0.0,-0.0231,0.894934,0.446198,1
4575,4.25,0.0,0.0193,0.0,-0.0193,0.896873,0.442289,1
4576,4.2667,0.0,0.024,0.0,-0.024,0.898794,0.438371,1
4577,4.2833,0.0,0.0242,0.0,-0.0242,0.900698,0.434445,1
4578,4.3,0.0,0.0232,0.0,-0.0232,0.902585,0.430511,1
4579,4.3167,0.0,0.0195,0.0,-0.0195,0.904455,0.426569,1
4580,4.3333,0.0,0.023,0.0,-0.023,0.906308,0.422618,1
4581,4.35,0.0,0.0188,0.0,-0.0188,0.908143,0.41866,1
4582,4.3667,0.0,0.0214,0.0,-0.0214,0.909961,0.414693,1
4583,4.3833,0.0,0.0223,0.0,-0.0223,0.911762,0.410719,1
4584,4.4,0.0,0.0257,0.0,-0.0257,0.913545,0.406737,1
4585,4.4167,0.0,0.0215,0.0,-0.0215,0.915311,0.402747,1
4586,4.4333,0.0,0.0234,0.0,-0.0234,0.91706,0.398749,1
4587,4.45,0.0,0.0213,0.0,-0.0213,0.918791,0.394744,1
4588,4.4667,0.0,0.0234,0.0,-0.0234,0.920505,0.390731,1
4589,4.4833,0.0,0.0225,0.0,-0.0225,0.922201,0.386711,1
4590,4.5,0.0,0.0237,0.0,-0.0237,0.92388,0.382683,1
4591,4.5167,0.0,0.0234,0.0,-0.0234,0.925541,0.378649,1
4592,4.5333,0.0,0.0269,0.0,-0.0269,0.927184,0.374607,1
4593,4.55,0.0,0.0189,0.0,-0.0189,0.92881,0.370557,1
4594,4.5667,0.0,0.0205,0.0,-0.0205,0.930418,0.366501,1
4595,4.5833,0.0,0.0206,0.0,-0.0206,0.932008,0.362438,1
4596,4.6,0.0,0.0198,0.0,-0.0198,0.93358,0.358368,1
4597,4.6167,0.0,0.0238,0.0,-0.0238,0.935135,0.354291,1
4598,4.6333,0.0,0.0195,0.0,-0.0195,0.936672,0.350207,1
4599,4.65,0.0,0.0229,0.0,-0.0229,0.938191,0.346117,1
4600,4.6667,0.0,0.0217,0.0,-0.0217,0.939693,0.34202,1
4601,4.6833,0.0,0.023,0.0,-0.023,0.941176,0.337917,1
4602,4.7,0.0,0.0261,0.0,-0.0261,0.942641,0.333807,1
4603,4.7167,0.0,0.0226,0.0,-0.0226,0.944089,0.329691,1
4604,4.7333,0.0,0.0189,0.0,-0.0189,0.945519,0.325568,1
4605,4.75,0.0,0.0247,0.0,-0.0247,0.94693,0.321439,1
4606,4.7667,0.0,0.0213,0.0,-0.0213,0.948324,0.317305,1
4607,4.7833,0.0,0.0207,0.0,-0.0207,0.949699,0.313164,1
4608,4.8,0.0,0.0248,0.0,-0.0248,0.951057,0.309017,1
4609,4.8167,0.0,0.022,0.0,-0.022,0.952396,0.304864,1
4610,4.8333,0.0,0.0231,0.0,-0.0231,0.953717,0.300706,1
4611,4.85,0.0,0.0235,0.0,-0.0235,0.95502,0.296542,1
4612,4.8667,0.0,0.0199,0.0,-0.0199,0.956305,0.292372,1
4613,4.8833,0.0,0.0226,0.0,-0.0226,0.957571,0.288196,1
4614,4.9,0.0,0.0191,0.0,-0.0191,0.95882,0.284015,1
4615,4.9167,0.0,0.0235,0.0,-0.0235,0.96005,0.279829,1
4616,4.9333,0.0,0.0185,0.0,-0.0185,0.961262,0.275637,1
4617,4.95,0.0,0.0186,0.0,-0.0186,0.962455,0.27144,1
4618,4.9667,0.0,0.0232,0.0,-0.0232,0.96363,0.267238,1
4619,4.9833,0.0,0.0212,0.0,-0.0212,0.964787,0.263031,1
4620,5.0,0.0,0.0243,0.0,-0.0243,0.965926,0.258819,1
4621,5.0167,0.0,0.0175,0.0,-0.0175,0.967046,0.254602,1
4622,5.0333,0.0,0.0226,0.0,-0.0226,0.968148,0.25038,1
4623,5.05,0.0,0.0214,0.0,-0.0214,0.969231,0.246153,1
4624,5.0667,0.0,0.0219,0.0,-0.0219,0.970296,0.241922,1
4625,5.0833,0.0,0.0235,0.0,-0.0235,0.971342,0.237686,1
4626,5.1,0.0,0.0242,0.0,-0.0242,0.97237,0.233445,1
4627,5.1167,0.0,0.0204,0.0,-0.0204,0.973379,0.2292,1
4628,5.1333,0.0,0.0199,0.0,-0.0199,0.97437,0.224951,1
4629,5.15,0.0,0.0243,0.0,-0.0243,0.975342,0.220697,1
4630,5.1667,0.0,0.0202,0.0,-0.0202,0.976296,0.21644,1
4631,5.1833,0.0,0.0202,0.0,-0.0202,0.977231,0.212178,1
4632,5.2,0.0,0.0198,0.0,-0.0198,0.978148,0.207912,1
4633,5.2167,0.0,0.022,0.0,-0.022,0.979045,0.203642,1
4634,5.2333,0.0,0.0209,0.0,-0.0209,0.979925,0.199368,1
4635,5.25,0.0,0.0241,0.0,-0.0241,0.980785,0.19509,1
4636,5.2667,0.0,0.0243,0.0,-0.0243,0.981627,0.190809,1
4637,5.2833,0.0,0.023,0.0,-0.023,0.98245,0.186524,1
4638,5.3,0.0,0.0243,0.0,-0.0243,0.983255,0.182236,1
4639,5.3167,0.0,0.0226,0.0,-0.0226,0.984041,0.177944,1
4640,5.3333,0.0,0.0254,0.0,-0.0254,0.984808,0.173648,1
4641,5.35,0.0,0.0229,0.0,-0.0229,0.985556,0.16935,1
4642,5.3667,0.0,0.0214,0.0,-0.0214,0.986286,0.165048,1
4643,5.3833,0.0,0.0274,0.0,-0.0274,0.986996,0.160743,1
4644,5.4,0.0,0.0216,0.0,-0.0216,0.987688,0.156434,1
4645,5.4167,0.0,0.0192,0.0,-0.0192,0.988362,0.152123,1
4646,5.4333,0.0,0.024,0.0,-0.024,0.989016,0.147809,1
4647,5.45,0.0,0.0222,0.0,-0.0222,0.989651,0.143493,1
4648,5.4667,0.0,0.0205,0.0,-0.0205,0.990268,0.139173,1
4649,5.4833,0.0,0.0238,0.0,-0.0238,0.990866,0.134851,1
4650,5.5,0.0,0.0212,0.0,-0.0212,0.991445,0.130526,1
4651,5.5167,0.0,0.0203,0.0,-0.0203,0.992005,0.126199,1
4652,5.5333,0.0,0.0246,0.0,-0.0246,0.992546,0.121869,1
4653,5.55,0.0,0.0242,0.0,-0.0242,0.993068,0.117537,1
4654,5.5667,0.0,0.0206,0.0,-0.0206,0.993572,0.113203,1
4655,5.5833,0.0,0.0202,0.0,-0.0202,0.994056,0.108867,1
4656,5.6,0.0,0.0196,0.0,-0.0196,0.994522,0.104528,1
4657,5.6167,0.0,0.0205,0.0,-0.0205,0.994969,0.100188,1
4658,5.6333,0.0,0.0193,0.0,-0.0193,0.995396,0.095846,1
4659,5.65,0.0,0.0237,0.0,-0.0237,0.995805,0.091502,1
4660,5.6667,0.0,0.0235,0.0,-0.0235,0.996195,0.087156,1
4661,5.6833,0.0,0.0219,0.0,-0.0219,0.996566,0.082808,1
4662,5.7,0.0,0.0237,0.0,-0.0237,0.996917,0.078459,1
4663,5.7167,0.0,0.0207,0.0,-0.0207,0.99725,0.074108,1
4664,5.7333,0.0,0.0231,0.0,-0.0231,0.997564,0.069756,1
4665,5.75,0.0,0.0235,0.0,-0.0235,0.997859,0.065403,1
4666,5.7667,0.0,0.0202,0.0,-0.0202,0.998135,0.061049,1
4667,5.7833,0.0,0.0218,0.0,-0.0218,0.998392,0.056693,1
4668,5.8,0.0,0.0203,0.0,-0.0203,0.99863,0.052336,1
4669,5.8167,0.0,0.0204,0.0,-0.0204,0.998848,0.047978,1
4670,5.8333,0.0,0.0205,0.0,-0.0205,0.999048,0.043619,1
4671,5.85,0.0,0.0221,0.0,-0.0221,0.999229,0.03926,1
4672,5.8667,0.0,0.0193,0.0,-0.0193,0.999391,0.034899,1
4673,5.8833,0.0,0.0202,0.0,-0.0202,0.999534,0.030539,1
4674,5.9,0.0,0.0241,0.0,-0.0241,0.999657,0.026177,1
4675,5.9167,0.0,0.0207,0.0,-0.0207,0.999762,0.021815,1
4676,5.9333,0.0,0.0179,0.0,-0.0179,0.999848,0.017452,1
4677,5.95,0.0,0.0198,0.0,-0.0198,0.999914,0.01309,1
4678,5.9667,0.0,0.0201,0.0,-0.0201,0.999962,0.008727,1
4679,5.9833,0.0,0.0199,0.0,-0.0199,0.99999,0.004363,1
4680,6.0,0.0,0.04,0.0,-0.04,1.0,0.0,1
4681,6.0167,0.0,0.04,0.0,-0.04,0.99999,-0.004363,1
4682,6.0333,1.7e-05,0.0393,0.0,-0.039283,0.999962,-0.008727,1
4683,6.05,0.001217,0.0404,0.0,-0.039183,0.999914,-0.01309,1
4684,6.0667,0.003333,0.0389,0.0,-0.035567,0.999848,-0.017452,1
4685,6.0833,0.005083,0.0387,0.0,-0.033617,0.999762,-0.021815,1
4686,6.1,0.003267,0.0379,0.0,-0.034633,0.999657,-0.026177,1
4687,6.1167,0.0034,0.039,0.0,-0.0356,0.999534,-0.030539,1
4688,6.1333,0.00085,0.0367,0.0,-0.03585,0.999391,-0.034899,1
4689,6.15,0.003517,0.0453,0.0,-0.041783,0.999229,-0.03926,1
4690,6.1667,0.00535,0.0387,0.0,-0.03335,0.999048,-0.043619,1
4691,6.1833,0.002483,0.0386,0.0,-0.036117,0.998848,-0.047978,1
4692,6.2,0.0046,0.0394,0.0,-0.0348,0.99863,-0.052336,1
4693,6.2167,0.002967,0.0367,0.0,-0.033733,0.998392,-0.056693,1
4694,6.2333,0.005167,0.0415,0.0,-0.036333,0.998135,-0.061049,1
4695,6.25,0.001733,0.0393,0.0,-0.037567,0.997859,-0.065403,1
4696,6.2667,0.006633,0.0348,0.0,-0.028167,0.997564,-0.069756,1
4697,6.2833,0.005667,0.04,0.0,-0.034333,0.99725,-0.074108,1
4698,6.3,0.009167,0.0403,0.0,-0.031133,0.996917,-0.078459,1
4699,6.3167,0.0045,0.0397,0.0,-0.0352,0.996566,-0.082808,1
4700,6.3333,0.009567,0.0386,0.0,-0.029033,0.996195,-0.087156,1
4701,6.35,0.005617,0.0363,0.0,-0.030683,0.995805,-0.091502,1
4702,6.3667,0.006483,0.0378,0.0,-0.031317,0.995396,-0.095846,1
4703,6.3833,0.013,0.0408,0.0,-0.0278,0.994969,-0.100188,1
4704,6.4,0.007417,0.0372,0.0,-0.029783,0.994522,-0.104528,1
4705,6.4167,0.011733,0.0404,0.0,-0.028667,0.994056,-0.108867,1
4706,6.4333,0.014283,0.0407,0.0,-0.026417,0.993572,-0.113203,1
4707,6.45,0.011167,0.0405,0.0,-0.029333,0.993068,-0.117537,1
4708,6.4667,0.011917,0.0372,0.0,-0.025283,0.992546,-0.121869,1
4709,6.4833,0.009583,0.0428,0.0,-0.033217,0.992005,-0.126199,1
4710,6.5,0.009333,0.0381,0.0,-0.028767,0.991445,-0.130526,1
4711,6.5167,0.01005,0.0385,0.0,-0.02845,0.990866,-0.134851,1
4712,6.5333,0.016083,0.0435,0.0,-0.027417,0.990268,-0.139173,1
4713,6.55,0.010583,0.0442,0.0,-0.033617,0.989651,-0.143493,1
4714,6.5667,0.010833,0.0395,0.0,-0.028667,0.989016,-0.147809,1
4715,6.5833,0.014567,0.0424,0.0,-0.027833,0.988362,-0.152123,1
4716,6.6,0.01195,0.0415,0.0,-0.02955,0.987688,-0.156434,1
4717,6.6167,0.010767,0.0411,0.0,-0.030333,0.986996,-0.160743,1
4718,6.6333,0.009717,0.0399,0.0,-0.030183,0.986286,-0.165048,1
4719,6.65,0.00805,0.0407,0.0,-0.03265,0.985556,-0.16935,1
4720,6.6667,0.012733,0.038,0.0,-0.025267,0.984808,-0.173648,1
4721,6.6833,0.012183,0.0393,0.0,-0.027117,0.984041,-0.177944,1
4722,6.7,0.01515,0.0406,0.0,-0.02545,0.983255,-0.182236,1
4723,6.7167,0.014667,0.0407,0.0,-0.026033,0.98245,-0.186524,1
4724,6.7333,0.012633,0.0393,0.0,-0.026667,0.981627,-0.190809,1
4725,6.75,0.011717,0.0387,0.0,-0.026983,0.980785,-0.19509,1
4726,6.7667,0.015183,0.0401,0.0,-0.024917,0.979925,-0.199368,1
4727,6.7833,0.015817,0.0404,0.0,-0.024583,0.979045,-0.203642,1
4728,6.8,0.017383,0.0376,0.0,-0.020217,0.978148,-0.207912,1
4729,6.8167,0.013483,0.0379,0.0,-0.024417,0.977231,-0.212178,1
4730,6.8333,0.017883,0.037,0.0,-0.019117,0.976296,-0.21644,1
4731,6.85,0.016617,0.0417,0.0,-0.025083,0.975342,-0.220697,1
4732,6.8667,0.016067,0.0416,0.0,-0.025533,0.97437,-0.224951,1
4733,6.8833,0.0143,0.038,0.0,-0.0237,0.973379,-0.2292,1
4734,6.9,0.016617,0.0427,0.0,-0.026083,0.97237,-0.233445,1
4735,6.9167,0.01845,0.0407,0.0,-0.02225,0.971342,-0.237686,1
4736,6.9333,0.01915,0.0373,0.0,-0.01815,0.970296,-0.241922,1
4737,6.95,0.018117,0.0425,0.0,-0.024383,0.969231,-0.246153,1
4738,6.9667,0.026667,0.0422,0.0,-0.015533,0.968148,-0.25038,1
4739,6.9833,0.02345,0.0383,0.0,-0.01485,0.967046,-0.254602,1
4740,7.0,0.0162,0.0734,0.0,-0.0572,0.965926,-0.258819,1
4741,7.0167,0.023867,0.0703,0.0,-0.046433,0.964787,-0.263031,1
4742,7.0333,0.021817,0.0718,0.0,-0.049983,0.96363,-0.267238,1
4743,7.05,0.021917,0.0686,0.0,-0.046683,0.962455,-0.27144,1
4744,7.0667,0.02105,0.0738,0.0,-0.05275,0.961262,-0.275637,1
4745,7.0833,0.020033,0.0753,0.0,-0.055267,0.96005,-0.279829,1
4746,7.1,0.023367,0.0716,0.0,-0.048233,0.95882,-0.284015,1
4747,7.1167,0.020217,0.0716,0.0,-0.051383,0.957571,-0.288196,1
4748,7.1333,0.021783,0.0721,0.0,-0.050317,0.956305,-0.292372,1
4749,7.15,0.023433,0.0723,0.0,-0.048867,0.95502,-0.296542,1
4750,7.1667,0.018717,0.0721,0.0,-0.053383,0.953717,-0.300706,1
4751,7.1833,0.02855,0.0687,0.0,-0.04015,0.952396,-0.304864,1
4752,7.2,0.024717,0.0714,0.0,-0.046683,0.951057,-0.309017,1
4753,7.2167,0.0273,0.0683,0.0,-0.041,0.949699,-0.313164,1
4754,7.2333,0.02665,0.0703,0.0,-0.04365,0.948324,-0.317305,1
4755,7.25,0.027183,0.0734,0.0,-0.046217,0.94693,-0.321439,1
4756,7.2667,0.0255,0.072,0.0,-0.0465,0.945519,-0.325568,1
4757,7.2833,0.0281,0.0696,0.0,-0.0415,0.944089,-0.329691,1
4758,7.3,0.026017,0.0707,0.0,-0.044683,0.942641,-0.333807,1
4759,7.3167,0.027217,0.0731,0.0,-0.045883,0.941176,-0.337917,1
4760,7.3333,0.023683,0.0714,0.0,-0.047717,0.939693,-0.34202,1
4761,7.35,0.028217,0.0728,0.0,-0.044583,0.938191,-0.346117,1
4762,7.3667,0.02635,0.0725,0.0,-0.04615,0.936672,-0.350207,1
4763,7.3833,0.033483,0.0722,0.0,-0.038717,0.935135,-0.354291,1
4764,7.4,0.025967,0.0697,0.0,-0.043733,0.93358,-0.358368,1
4765,7.4167,0.02525,0.0738,0.0,-0.04855,0.932008,-0.362438,1
4766,7.4333,0.027983,0.0747,0.0,-0.046717,0.930418,-0.366501,1
4767,7.45,0.032617,0.0699,0.0,-0.037283,0.92881,-0.370557,1
4768,7.4667,0.022633,0.0721,0.0,-0.049467,0.927184,-0.374607,1
4769,7.4833,0.037017,0.0748,0.0,-0.037783,0.925541,-0.378649,1
4770,7.5,0.029067,0.0725,0.0,-0.043433,0.92388,-0.382683,1
4771,7.5167,0.030533,0.0703,0.0,-0.039767,0.922201,-0.386711,1
4772,7.5333,0.033833,0.0717,0.0,-0.037867,0.920505,-0.390731,1
4773,7.55,0.031267,0.0731,0.0,-0.041833,0.918791,-0.394744,1
4774,7.5667,0.0306,0.0705,0.0,-0.0399,0.91706,-0.398749,1
4775,7.5833,0.026667,0.0717,0.0,-0.045033,0.915311,-0.402747,1
4776,7.6,0.033233,0.0692,0.0,-0.035967,0.913545,-0.406737,1
4777,7.6167,0.036567,0.0696,0.0,-0.033033,0.911762,-0.410719,1
4778,7.6333,0.0325,0.0733,0.0,-0.0408,0.909961,-0.414693,1
4779,7.65,0.033983,0.0731,0.0,-0.039117,0.908143,-0.41866,1
4780,7.6667,0.0372,0.0718,0.0,-0.0346,0.906308,-0.422618,1
4781,7.6833,0.037933,0.0734,0.0,-0.035467,0.904455,-0.426569,1
4782,7.7,0.038383,0.0699,0.0,-0.031517,0.902585,-0.430511,1
4783,7.7167,0.029917,0.0732,0.0,-0.043283,0.900698,-0.434445,1
4784,7.7333,0.0315,0.0719,0.0,-0.0404,0.898794,-0.438371,1
4785,7.75,0.036883,0.0724,0.0,-0.035517,0.896873,-0.442289,1
4786,7.7667,0.039333,0.0707,0.0,-0.031367,0.894934,-0.446198,1
4787,7.7833,0.038083,0.0739,0.0,-0.035817,0.892979,-0.450098,1
4788,7.8,0.033433,0.0699,0.0,-0.036467,0.891007,-0.45399,1
4789,7.8167,0.03945,0.0717,0.0,-0.03225,0.889017,-0.457874,1
4790,7.8333,0.03575,0.0717,0.0,-0.03595,0.887011,-0.461749,1
4791,7.85,0.03955,0.0727,0.0,-0.03315,0.884988,-0.465615,1
4792,7.8667,0.043367,0.0689,0.0,-0.025533,0.882948,-0.469472,1
4793,7.8833,0.042833,0.073,0.0,-0.030167,0.880891,-0.47332,1
4794,7.9,0.036533,0.0705,0.0,-0.033967,0.878817,-0.477159,1
4795,7.9167,0.040067,0.0703,0.0,-0.030233,0.876727,-0.480989,1
4796,7.9333,0.034917,0.0733,0.0,-0.038383,0.87462,-0.48481,1
4797,7.95,0.04115,0.0748,0.0,-0.03365,0.872496,-0.488621,1
4798,7.9667,0.0384,0.0737,0.0,-0.0353,0.870356,-0.492424,1
4799,7.9833,0.043767,0.0742,0.0,-0.030433,0.868199,-0.496217,1
4800,8.0,0.039983,0.0717,0.0,-0.031717,0.866025,-0.5,1
4801,8.0167,0.0428,0.0743,0.0,-0.0315,0.863836,-0.503774,1
4802,8.0333,0.039783,0.0721,0.0,-0.032317,0.861629,-0.507538,1
4803,8.05,0.041783,0.0747,0.0,-0.032917,0.859406,-0.511293,1
4804,8.0667,0.038317,0.0729,0.0,-0.034583,0.857167,-0.515038,1
4805,8.0833,0.039383,0.0755,0.0,-0.036117,0.854912,-0.518773,1
4806,8.1,0.04325,0.0751,0.0,-0.03185,0.85264,-0.522499,1
4807,8.1167,0.043933,0.0719,0.0,-0.027967,0.850352,-0.526214,1
4808,8.1333,0.0358,0.0728,0.0,-0.037,0.848048,-0.529919,1
4809,8.15,0.043583,0.069,0.0,-0.025417,0.845728,-0.533615,1
4810,8.1667,0.040517,0.0713,0.0,-0.030783,0.843391,-0.5373,1
4811,8.1833,0.04615,0.0736,0.0,-0.02745,0.841039,-0.540974,1
4812,8.2,0.043583,0.0704,0.0,-0.026817,0.838671,-0.544639,1
4813,8.2167,0.04455,0.0713,0.0,-0.02675,0.836286,-0.548293,1
4814,8.2333,0.0432,0.0699,0.0,-0.0267,0.833886,-0.551937,1
4815,8.25,0.0422,0.0688,0.0,-0.0266,0.83147,-0.55557,1
4816,8.2667,0.0437,0.0718,0.0,-0.0281,0.829038,-0.559193,1
4817,8.2833,0.04495,0.0729,0.0,-0.02795,0.82659,-0.562805,1
4818,8.3,0.04365,0.0694,0.0,-0.02575,0.824126,-0.566406,1
4819,8.3167,0.05065,0.0715,0.0,-0.02085,0.821647,-0.569997,1
4820,8.3333,0.045667,0.0705,0.0,-0.024833,0.819152,-0.573576,1
4821,8.35,0.0428,0.0742,0.0,-0.0314,0.816642,-0.577145,1
4822,8.3667,0.0443,0.0698,0.0,-0.0255,0.814116,-0.580703,1
4823,8.3833,0.0497,0.0706,0.0,-0.0209,0.811574,-0.58425,1
4824,8.4,0.044917,0.0704,0.0,-0.025483,0.809017,-0.587785,1
4825,8.4167,0.048517,0.0696,0.0,-0.021083,0.806445,-0.59131,1
4826,8.4333,0.049433,0.0731,0.0,-0.023667,0.803857,-0.594823,1
4827,8.45,0.046267,0.0742,0.0,-0.027933,0.801254,-0.598325,1
4828,8.4667,0.048417,0.0719,0.0,-0.023483,0.798636,-0.601815,1
4829,8.4833,0.0425,0.0699,0.0,-0.0274,0.796002,-0.605294,1
4830,8.5,0.046767,0.0764,0.0,-0.029633,0.793353,-0.608761,1
4831,8.5167,0.045517,0.0707,0.0,-0.025183,0.79069,-0.612217,1
4832,8.5333,0.05245,0.0717,0.0,-0.01925,0.788011,-0.615661,1
4833,8.55,0.043617,0.073,0.0,-0.029383,0.785317,-0.619094,1
4834,8.5667,0.0503,0.0684,0.0,-0.0181,0.782608,-0.622515,1
4835,8.5833,0.049983,0.0725,0.0,-0.022517,0.779884,-0.625923,1
4836,8.6,0.05475,0.0718,0.0,-0.01705,0.777146,-0.62932,1
4837,8.6167,0.049683,0.0685,0.0,-0.018817,0.774393,-0.632705,1
4838,8.6333,0.050833,0.0716,0.0,-0.020767,0.771625,-0.636078,1
4839,8.65,0.052783,0.0729,0.0,-0.020117,0.768842,-0.639439,1
4840,8.6667,0.04955,0.0708,0.0,-0.02125,0.766044,-0.642788,1
4841,8.6833,0.052417,0.0704,0.0,-0.017983,0.763232,-0.646124,1
4842,8.7,0.051217,0.0717,0.0,-0.020483,0.760406,-0.649448,1
4843,8.7167,0.048283,0.0723,0.0,-0.024017,0.757565,-0.65276,1
4844,8.7333,0.055683,0.0703,0.0,-0.014617,0.75471,-0.656059,1
4845,8.75,0.04755,0.0709,0.0,-0.02335,0.75184,-0.659346,1
4846,8.7667,0.05735,0.075,0.0,-0.01765,0.748956,-0.66262,1
4847,8.7833,0.053783,0.0709,0.0,-0.017117,0.746057,-0.665882,1
4848,8.8,0.058633,0.0722,0.0,-0.013567,0.743145,-0.669131,1
4849,8.8167,0.053483,0.0713,0.0,-0.017817,0.740218,-0.672367,1
4850,8.8333,0.056717,0.0739,0.0,-0.017183,0.737277,-0.67559,1
4851,8.85,0.05585,0.0685,0.0,-0.01265,0.734323,-0.678801,1
4852,8.8667,0.06015,0.0736,0.0,-0.01345,0.731354,-0.681998,1
4853,8.8833,0.054233,0.0719,0.0,-0.017667,0.728371,-0.685183,1
4854,8.9,0.056017,0.0726,0.0,-0.016583,0.725374,-0.688355,1
4855,8.9167,0.053783,0.073,0.0,-0.019217,0.722364,-0.691513,1
4856,8.9333,0.054983,0.0686,0.0,-0.013617,0.71934,-0.694658,1
4857,8.95,0.052133,0.0686,0.0,-0.016467,0.716302,-0.69779,1
4858,8.9667,0.057867,0.0745,0.0,-0.016633,0.71325,-0.700909,1
4859,8.9833,0.05505,0.0734,0.0,-0.01835,0.710185,-0.704015,1
4860,9.0,0.0595,0.0362,0.0233,0.0233,0.707107,-0.707107,0
4861,9.0167,0.05455,0.043,0.0349,0.01155,0.704015,-0.710185,0
4862,9.0333,0.053483,0.0401,0.0483,0.013383,0.700909,-0.71325,0
4863,9.05,0.05775,0.0407,0.0654,0.01705,0.69779,-0.716302,0
4864,9.0667,0.05685,0.0352,0.087,0.02165,0.694658,-0.71934,0
4865,9.0833,0.05595,0.0395,0.1034,0.01645,0.691513,-0.722364,0
4866,9.1,0.06155,0.0416,0.1234,0.01995,0.688355,-0.725374,0
4867,9.1167,0.061517,0.0382,0.1467,0.023317,0.685183,-0.728371,0
4868,9.1333,0.059033,0.0381,0.1676,0.020933,0.681998,-0.731354,0
4869,9.15,0.052767,0.0393,0.1811,0.013467,0.678801,-0.734323,0
4870,9.1667,0.059417,0.0393,0.2012,0.020117,0.67559,-0.737277,0
4871,9.1833,0.059933,0.0402,0.2209,0.019733,0.672367,-0.740218,0
4872,9.2,0.056417,0.0379,0.2394,0.018517,0.669131,-0.743145,0
4873,9.2167,0.0586,0.0412,0.2568,0.0174,0.665882,-0.746057,0
4874,9.2333,0.062717,0.039,0.2805,0.023717,0.66262,-0.748956,0
4875,9.25,0.05915,0.0398,0.2999,0.01935,0.659346,-0.75184,0
4876,9.2667,0.058083,0.0362,0.3218,0.021883,0.656059,-0.75471,0
4877,9.2833,0.057517,0.0375,0.3418,0.020017,0.65276,-0.757565,0
4878,9.3,0.058283,0.0381,0.362,0.020183,0.649448,-0.760406,0
4879,9.3167,0.0582,0.0391,0.3811,0.0191,0.646124,-0.763232,0
4880,9.3333,0.060283,0.0426,0.3988,0.017683,0.642788,-0.766044,0
4881,9.35,0.058333,0.0409,0.4162,0.017433,0.639439,-0.768842,0
4882,9.3667,0.0598,0.0393,0.4367,0.0205,0.636078,-0.771625,0
4883,9.3833,0.063117,0.0378,0.462,0.025317,0.632705,-0.774393,0
4884,9.4,0.062167,0.0394,0.4848,0.022767,0.62932,-0.777146,0
4885,9.4167,0.066067,0.0379,0.513,0.028167,0.625923,-0.779884,0
4886,9.4333,0.0647,0.0396,0.5381,0.0251,0.622515,-0.782608,0
4887,9.45,0.064233,0.0393,0.563,0.024933,0.619094,-0.785317,0
4888,9.4667,0.06265,0.0371,0.5885,0.02555,0.615661,-0.788011,0
4889,9.4833,0.060733,0.039,0.6102,0.021733,0.612217,-0.79069,0
4890,9.5,0.070867,0.0359,0.6452,0.034967,0.608761,-0.793353,0
4891,9.5167,0.0648,0.0421,0.6679,0.0227,0.605294,-0.796002,0
4892,9.5333,0.061633,0.0424,0.6871,0.019233,0.601815,-0.798636,0
4893,9.55,0.0652,0.0411,0.7112,0.0241,0.598325,-0.801254,0
4894,9.5667,0.0654,0.0392,0.7374,0.0262,0.594823,-0.803857,0
4895,9.5833,0.0655,0.0367,0.7662,0.0288,0.59131,-0.806445,0
4896,9.6,0.065117,0.0414,0.7899,0.023717,0.587785,-0.809017,0
4897,9.6167,0.062817,0.0393,0.8134,0.023517,0.58425,-0.811574,0
4898,9.6333,0.063317,0.0395,0.8372,0.023817,0.580703,-0.814116,0
4899,9.65,0.061033,0.0428,0.8554,0.018233,0.577145,-0.816642,0
4900,9.6667,0.067967,0.0445,0.8789,0.023467,0.573576,-0.819152,0
4901,9.6833,0.062917,0.041,0.9008,0.021917,0.569997,-0.821647,0
4902,9.7,0.06045,0.0386,0.9227,0.02185,0.566406,-0.824126,0
4903,9.7167,0.067267,0.0383,0.9517,0.028967,0.562805,-0.82659,0
4904,9.7333,0.061967,0.0405,0.9732,0.021467,0.559193,-0.829038,0
4905,9.75,0.067583,0.0409,0.9999,0.026683,0.55557,-0.83147,0
4906,9.7667,0.0708,0.0345,1.0362,0.0363,0.551937,-0.833886,0
4907,9.7833,0.064933,0.0387,1.0624,0.026233,0.548293,-0.836286,0
4908,9.8,0.06235,0.043,1.0817,0.01935,0.544639,-0.838671,0
4909,9.8167,0.07495,0.0431,1.1136,0.03185,0.540974,-0.841039,0
4910,9.8333,0.067267,0.0376,1.1433,0.029667,0.5373,-0.843391,0
4911,9.85,0.0664,0.0413,1.1684,0.0251,0.533615,-0.845728,0
4912,9.8667,0.063433,0.0385,1.1933,0.024933,0.529919,-0.848048,0
4913,9.8833,0.068783,0.0392,1.2229,0.029583,0.526214,-0.850352,0
4914,9.9,0.07335,0.0373,1.259,0.03605,0.522499,-0.85264,0
4915,9.9167,0.06705,0.0378,1.2882,0.02925,0.518773,-0.854912,0
4916,9.9333,0.067517,0.0369,1.3188,0.030617,0.515038,-0.857167,0
4917,9.95,0.066767,0.0388,1.3468,0.027967,0.511293,-0.859406,0
4918,9.9667,0.066817,0.0427,1.3709,0.024117,0.507538,-0.861629,0
4919,9.9833,0.07105,0.0411,1.4009,0.02995,0.503774,-0.863836,0
4920,10.0,0.0681,0.0412,1.4278,0.0269,0.5,-0.866025,0
4921,10.0167,0.069817,0.0412,1.4564,0.028617,0.496217,-0.868199,0
4922,10.0333,0.069483,0.0386,1.4873,0.030883,0.492424,-0.870356,0
4923,10.05,0.07335,0.0379,1.5228,0.03545,0.488621,-0.872496,0
4924,10.0667,0.066967,0.0418,1.548,0.025167,0.48481,-0.87462,0
4925,10.0833,0.071033,0.0381,1.5809,0.032933,0.480989,-0.876727,0
4926,10.1,0.070467,0.0416,1.6098,0.028867,0.477159,-0.878817,0
4927,10.1167,0.071917,0.0372,1.6445,0.034717,0.47332,-0.880891,0
4928,10.1333,0.06885,0.0398,1.6736,0.02905,0.469472,-0.882948,0
4929,10.15,0.071483,0.0389,1.7062,0.032583,0.465615,-0.884988,0
4930,10.1667,0.074283,0.0386,1.7419,0.035683,0.461749,-0.887011,0
4931,10.1833,0.070667,0.0404,1.7722,0.030267,0.457874,-0.889017,0
4932,10.2,0.071083,0.0403,1.803,0.030783,0.45399,-0.891007,0
4933,10.2167,0.074467,0.0428,1.8347,0.031667,0.450098,-0.892979,0
4934,10.2333,0.069717,0.0426,1.8618,0.027117,0.446198,-0.894934,0
4935,10.25,0.0712,0.0403,1.8927,0.0309,0.442289,-0.896873,0
4936,10.2667,0.075283,0.0387,1.9293,0.036583,0.438371,-0.898794,0
4937,10.2833,0.0724,0.037,1.9647,0.0354,0.434445,-0.900698,0
4938,10.3,0.0714,0.043,1.9931,0.0284,0.430511,-0.902585,0
4939,10.3167,0.073383,0.0412,2.0253,0.032183,0.426569,-0.904455,0
4940,10.3333,0.072483,0.0392,2.0586,0.033283,0.422618,-0.906308,0
4941,10.35,0.070867,0.037,2.0925,0.033867,0.41866,-0.908143,0
4942,10.3667,0.07085,0.0387,2.1246,0.03215,0.414693,-0.909961,0
4943,10.3833,0.073983,0.0371,2.1615,0.036883,0.410719,-0.911762,0
4944,10.4,0.075833,0.0418,2.1955,0.034033,0.406737,-0.913545,0
4945,10.4167,0.07655,0.0401,2.232,0.03645,0.402747,-0.915311,0
4946,10.4333,0.075233,0.0378,2.2694,0.037433,0.398749,-0.91706,0
4947,10.45,0.073233,0.0367,2.3059,0.036533,0.394744,-0.918791,0
4948,10.4667,0.0742,0.0383,2.3418,0.0359,0.390731,-0.920505,0
4949,10.4833,0.075883,0.0356,2.3821,0.040283,0.386711,-0.922201,0
4950,10.5,0.075783,0.0384,2.4195,0.037383,0.382683,-0.92388,0
4951,10.5167,0.074583,0.0401,2.454,0.034483,0.378649,-0.925541,0
4952,10.5333,0.06955,0.0399,2.4837,0.02965,0.374607,-0.927184,0
4953,10.55,0.073467,0.0382,2.519,0.035267,0.370557,-0.92881,0
4954,10.5667,0.0747,0.0414,2.5523,0.0333,0.366501,-0.930418,0
4955,10.5833,0.071367,0.0386,2.5851,0.032767,0.362438,-0.932008,0
4956,10.6,0.072967,0.0372,2.6209,0.035767,0.358368,-0.93358,0
4957,10.6167,0.076,0.0371,2.6598,0.0389,0.354291,-0.935135,0
4958,10.6333,0.0779,0.0404,2.6973,0.0375,0.350207,-0.936672,0
4959,10.65,0.070267,0.0385,2.7291,0.031767,0.346117,-0.938191,0
4960,10.6667,0.077317,0.0395,2.7669,0.037817,0.34202,-0.939693,0
4961,10.6833,0.073267,0.0385,2.8017,0.034767,0.337917,-0.941176,0
4962,10.7,0.07675,0.0408,2.8377,0.03595,0.333807,-0.942641,0
4963,10.7167,0.07825,0.0417,2.8742,0.03655,0.329691,-0.944089,0
4964,10.7333,0.07635,0.0406,2.91,0.03575,0.325568,-0.945519,0
4965,10.75,0.0719,0.0412,2.9407,0.0307,0.321439,-0.94693,0
4966,10.7667,0.07755,0.0375,2.9808,0.04005,0.317305,-0.948324,0
4967,10.7833,0.078683,0.0371,3.0224,0.041583,0.313164,-0.949699,0
4968,10.8,0.07485,0.0445,3.0528,0.03035,0.309017,-0.951057,0
4969,10.8167,0.074517,0.0379,3.0894,0.036617,0.304864,-0.952396,0
4970,10.8333,0.077717,0.0348,3.1323,0.042917,0.300706,-0.953717,0
4971,10.85,0.076133,0.0386,3.1698,0.037533,0.296542,-0.95502,0
4972,10.8667,0.075433,0.039,3.2062,0.036433,0.292372,-0.956305,0
4973,10.8833,0.076783,0.0421,3.2409,0.034683,0.288196,-0.957571,0
4974,10.9,0.079217,0.0399,3.2802,0.039317,0.284015,-0.95882,0
4975,10.9167,0.073533,0.0369,3.3168,0.036633,0.279829,-0.96005,0
4976,10.9333,0.075567,0.0409,3.3515,0.034667,0.275637,-0.961262,0
4977,10.95,0.076183,0.0406,3.3871,0.035583,0.27144,-0.962455,0
4978,10.9667,0.08465,0.0371,3.4346,0.04755,0.267238,-0.96363,0
4979,10.9833,0.08485,0.0404,3.479,0.04445,0.263031,-0.964787,0
4980,11.0,0.077517,0.0391,3.5174,0.038417,0.258819,-0.965926,0
4981,11.0167,0.078583,0.0412,3.5548,0.037383,0.254602,-0.967046,0
4982,11.0333,0.078367,0.0415,3.5917,0.036867,0.25038,-0.968148,0
4983,11.05,0.0755,0.0379,3.6293,0.0376,0.246153,-0.969231,0
4984,11.0667,0.081867,0.042,3.6692,0.039867,0.241922,-0.970296,0
4985,11.0833,0.074433,0.0401,3.7035,0.034333,0.237686,-0.971342,0
4986,11.1,0.077233,0.0385,3.7422,0.038733,0.233445,-0.97237,0
4987,11.1167,0.076833,0.0398,3.7792,0.037033,0.2292,-0.973379,0
4988,11.1333,0.079867,0.0415,3.8176,0.038367,0.224951,-0.97437,0
4989,11.15,0.072717,0.0397,3.8506,0.033017,0.220697,-0.975342,0
4990,11.1667,0.080683,0.0407,3.8906,0.039983,0.21644,-0.976296,0
4991,11.1833,0.0787,0.0411,3.9282,0.0376,0.212178,-0.977231,0
4992,11.2,0.074117,0.0372,3.9651,0.036917,0.207912,-0.978148,0
4993,11.2167,0.078133,0.0402,4.003,0.037933,0.203642,-0.979045,0
4994,11.2333,0.076883,0.0419,4.038,0.034983,0.199368,-0.979925,0
4995,11.25,0.0761,0.0388,4.0753,0.0373,0.19509,-0.980785,0
4996,11.2667,0.084617,0.035,4.1249,0.049617,0.190809,-0.981627,0
4997,11.2833,0.078033,0.042,4.1609,0.036033,0.186524,-0.98245,0
4998,11.3,0.07325,0.0396,4.1945,0.03365,0.182236,-0.983255,0
4999,11.3167,0.0824,0.0415,4.2354,0.0409,0.177944,-0.984041,0
5000,11.3333,0.078133,0.0419,4.2716,0.036233,0.173648,-0.984808,0
5001,11.35,0.0777,0.0413,4.308,0.0364,0.16935,-0.985556,0
5002,11.3667,0.082883,0.0386,4.3523,0.044283,0.165048,-0.986286,0
5003,11.3833,0.0756,0.0405,4.3874,0.0351,0.160743,-0.986996,0
5004,11.4,0.0843,0.0396,4.4321,0.0447,0.156434,-0.987688,0
5005,11.4167,0.079067,0.0405,4.4707,0.038567,0.152123,-0.988362,0
5006,11.4333,0.077317,0.0374,4.5106,0.039917,0.147809,-0.989016,0
5007,11.45,0.07775,0.0396,4.5488,0.03815,0.143493,-0.989651,0
5008,11.4667,0.080367,0.041,4.5882,0.039367,0.139173,-0.990268,0
5009,11.4833,0.082117,0.0389,4.6314,0.043217,0.134851,-0.990866,0
5010,11.5,0.08025,0.0359,4.6758,0.04435,0.130526,-0.991445,0
5011,11.5167,0.078867,0.0427,4.712,0.036167,0.126199,-0.992005,0
5012,11.5333,0.079967,0.0362,4.7558,0.043767,0.121869,-0.992546,0
5013,11.55,0.080983,0.0401,4.7967,0.040883,0.117537,-0.993068,0
5014,11.5667,0.0797,0.038,4.8384,0.0417,0.113203,-0.993572,0
5015,11.5833,0.083617,0.0436,4.8784,0.040017,0.108867,-0.994056,0
5016,11.6,0.078383,0.0365,4.9203,0.041883,0.104528,-0.994522,0
5017,11.6167,0.07745,0.041,4.9567,0.03645,0.100188,-0.994969,0
5018,11.6333,0.07505,0.0427,4.989,0.03235,0.095846,-0.995396,0
5019,11.65,0.080617,0.0377,5.0319,0.042917,0.091502,-0.995805,0
5020,11.6667,0.083217,0.039,5.0761,0.044217,0.087156,-0.996195,0
5021,11.6833,0.075583,0.0414,5.1103,0.034183,0.082808,-0.996566,0
5022,11.7,0.078983,0.0393,5.15,0.039683,0.078459,-0.996917,0
5023,11.7167,0.07945,0.0405,5.189,0.03895,0.074108,-0.99725,0
5024,11.7333,0.07935,0.0392,5.2291,0.04015,0.069756,-0.997564,0
5025,11.75,0.080333,0.041,5.2684,0.039333,0.065403,-0.997859,0
5026,11.7667,0.080467,0.0402,5.3087,0.040267,0.061049,-0.998135,0
5027,11.7833,0.082217,0.0376,5.3533,0.044617,0.056693,-0.998392,0
5028,11.8,0.081983,0.0368,5.3985,0.045183,0.052336,-0.99863,0
5029,11.8167,0.080717,0.04,5.4392,0.040717,0.047978,-0.998848,0
5030,11.8333,0.081717,0.0436,5.4773,0.038117,0.043619,-0.999048,0
5031,11.85,0.080617,0.0389,5.519,0.041717,0.03926,-0.999229,0
5032,11.8667,0.078967,0.0379,5.5601,0.041067,0.034899,-0.999391,0
5033,11.8833,0.076767,0.0391,5.5978,0.037667,0.030539,-0.999534,0
5034,11.9,0.080367,0.0401,5.6381,0.040267,0.026177,-0.999657,0
5035,11.9167,0.080367,0.0419,5.6766,0.038467,0.021815,-0.999762,0
5036,11.9333,0.080883,0.0383,5.7192,0.042583,0.017452,-0.999848,0
5037,11.95,0.082417,0.0409,5.7607,0.041517,0.01309,-0.999914,0
5038,11.9667,0.082217,0.0379,5.805,0.044317,0.008727,-0.999962,0
5039,11.9833,0.076583,0.0405,5.8411,0.036083,0.004363,-0.99999,0
5040,12.0,0.075317,0.0402,5.8762,0.035117,0.0,-1.0,0
5041,12.0167,0.080817,0.0391,5.9179,0.041717,-0.004363,-0.99999,0
5042,12.0333,0.085083,0.0408,5.9622,0.044283,-0.008727,-0.999962,0
5043,12.05,0.079567,0.0357,6.0061,0.043867,-0.01309,-0.999914,0
5044,12.0667,0.080383,0.0413,6.0452,0.039083,-0.017452,-0.999848,0
5045,12.0833,0.080733,0.0403,6.0856,0.040433,-0.021815,-0.999762,0
5046,12.1,0.081833,0.041,6.1264,0.040833,-0.026177,-0.999657,0
5047,12.1167,0.07875,0.0382,6.167,0.04055,-0.030539,-0.999534,0
5048,12.1333,0.0773,0.0387,6.2056,0.0386,-0.034899,-0.999391,0
5049,12.15,0.073483,0.0379,6.2412,0.035583,-0.03926,-0.999229,0
5050,12.1667,0.08115,0.0414,6.2809,0.03975,-0.043619,-0.999048,0
5051,12.1833,0.0756,0.0402,6.3163,0.0354,-0.047978,-0.998848,0
5052,12.2,0.079467,0.0383,6.3575,0.041167,-0.052336,-0.99863,0
5053,12.2167,0.083117,0.0362,6.4044,0.046917,-0.056693,-0.998392,0
5054,12.2333,0.0784,0.0392,6.4436,0.0392,-0.061049,-0.998135,0
5055,12.25,0.083083,0.0402,6.4865,0.042883,-0.065403,-0.997859,0
5056,12.2667,0.076517,0.0407,6.5223,0.035817,-0.069756,-0.997564,0
5057,12.2833,0.079633,0.0406,6.5613,0.039033,-0.074108,-0.99725,0
5058,12.3,0.080367,0.041,6.6007,0.039367,-0.078459,-0.996917,0
5059,12.3167,0.075917,0.0406,6.636,0.035317,-0.082808,-0.996566,0
5060,12.3333,0.08015,0.04,6.6761,0.04015,-0.087156,-0.996195,0
5061,12.35,0.076417,0.0417,6.7108,0.034717,-0.091502,-0.995805,0
5062,12.3667,0.082267,0.0377,6.7554,0.044567,-0.095846,-0.995396,0
5063,12.3833,0.083667,0.0365,6.8026,0.047167,-0.100188,-0.994969,0
5064,12.4,0.07845,0.0409,6.8402,0.03755,-0.104528,-0.994522,0
5065,12.4167,0.080767,0.0391,6.8819,0.041667,-0.108867,-0.994056,0
5066,12.4333,0.079967,0.0388,6.9231,0.041167,-0.113203,-0.993572,0
5067,12.45,0.079467,0.04,6.9626,0.039467,-0.117537,-0.993068,0
5068,12.4667,0.083417,0.0397,7.0063,0.043717,-0.121869,-0.992546,0
5069,12.4833,0.080017,0.0436,7.0427,0.036417,-0.126199,-0.992005,0
5070,12.5,0.079283,0.0415,7.0805,0.037783,-0.130526,-0.991445,0
5071,12.5167,0.079533,0.041,7.119,0.038533,-0.134851,-0.990866,0
5072,12.5333,0.075983,0.0405,7.1545,0.035483,-0.139173,-0.990268,0
5073,12.55,0.07805,0.0388,7.1937,0.03925,-0.143493,-0.989651,0
5074,12.5667,0.084083,0.0383,7.2395,0.045783,-0.147809,-0.989016,0
5075,12.5833,0.078683,0.0415,7.2767,0.037183,-0.152123,-0.988362,0
5076,12.6,0.078583,0.0395,7.3158,0.039083,-0.156434,-0.987688,0
5077,12.6167,0.0782,0.0368,7.3572,0.0414,-0.160743,-0.986996,0
5078,12.6333,0.081783,0.0444,7.3946,0.037383,-0.165048,-0.986286,0
5079,12.65,0.078417,0.0421,7.4309,0.036317,-0.16935,-0.985556,0
5080,12.6667,0.07695,0.0381,7.4698,0.03885,-0.173648,-0.984808,0
5081,12.6833,0.074933,0.0354,7.5093,0.039533,-0.177944,-0.984041,0
5082,12.7,0.081467,0.0413,7.5495,0.040167,-0.182236,-0.983255,0
5083,12.7167,0.077283,0.0437,7.5831,0.033583,-0.186524,-0.98245,0
5084,12.7333,0.07845,0.0389,7.6227,0.03955,-0.190809,-0.981627,0
5085,12.75,0.078783,0.0393,7.6622,0.039483,-0.19509,-0.980785,0
5086,12.7667,0.076033,0.0402,7.698,0.035833,-0.199368,-0.979925,0
5087,12.7833,0.0768,0.0393,7.7355,0.0375,-0.203642,-0.979045,0
5088,12.8,0.077667,0.0387,7.7745,0.038967,-0.207912,-0.978148,0
5089,12.8167,0.074233,0.043,7.8057,0.031233,-0.212178,-0.977231,0
5090,12.8333,0.075933,0.0389,7.8427,0.037033,-0.21644,-0.976296,0
5091,12.85,0.080433,0.0406,7.8825,0.039833,-0.220697,-0.975342,0
5092,12.8667,0.078733,0.0371,7.9241,0.041633,-0.224951,-0.97437,0
5093,12.8833,0.08005,0.0393,7.9649,0.04075,-0.2292,-0.973379,0
5094,12.9,0.079667,0.0412,8.0034,0.038467,-0.233445,-0.97237,0
5095,12.9167,0.0763,0.0396,8.0401,0.0367,-0.237686,-0.971342,0
5096,12.9333,0.077667,0.041,8.0768,0.036667,-0.241922,-0.970296,0
5097,12.95,0.082517,0.0385,8.1208,0.044017,-0.246153,-0.969231,0
5098,12.9667,0.075883,0.0388,8.1579,0.037083,-0.25038,-0.968148,0
5099,12.9833,0.081067,0.0411,8.1979,0.039967,-0.254602,-0.967046,0
5100,13.0,0.07465,0.0409,8.2317,0.03375,-0.258819,-0.965926,0
5101,13.0167,0.074517,0.0372,8.269,0.037317,-0.263031,-0.964787,0
5102,13.0333,0.075467,0.0411,8.3034,0.034367,-0.267238,-0.96363,0
5103,13.05,0.07265,0.0377,8.3384,0.03495,-0.27144,-0.962455,0
5104,13.0667,0.0789,0.0422,8.3751,0.0367,-0.275637,-0.961262,0
5105,13.0833,0.080967,0.0403,8.4158,0.040667,-0.279829,-0.96005,0
5106,13.1,0.076417,0.0398,8.4524,0.036617,-0.284015,-0.95882,0
5107,13.1167,0.07915,0.0393,8.4923,0.03985,-0.288196,-0.957571,0
5108,13.1333,0.074883,0.0397,8.5275,0.035183,-0.292372,-0.956305,0
5109,13.15,0.0746,0.0431,8.559,0.0315,-0.296542,-0.95502,0
5110,13.1667,0.07625,0.0371,8.5981,0.03915,-0.300706,-0.953717,0
5111,13.1833,0.06985,0.0383,8.6297,0.03155,-0.304864,-0.952396,0
5112,13.2,0.074517,0.0385,8.6657,0.036017,-0.309017,-0.951057,0
5113,13.2167,0.076633,0.0442,8.6981,0.032433,-0.313164,-0.949699,0
5114,13.2333,0.077917,0.0392,8.7368,0.038717,-0.317305,-0.948324,0
5115,13.25,0.076533,0.038,8.7753,0.038533,-0.321439,-0.94693,0
5116,13.2667,0.074167,0.0427,8.8068,0.031467,-0.325568,-0.945519,0
5117,13.2833,0.0796,0.0401,8.8463,0.0395,-0.329691,-0.944089,0
5118,13.3,0.072883,0.0406,8.8786,0.032283,-0.333807,-0.942641,0
5119,13.3167,0.072283,0.0399,8.911,0.032383,-0.337917,-0.941176,0
5120,13.3333,0.073067,0.0401,8.944,0.032967,-0.34202,-0.939693,0
5121,13.35,0.0738,0.0396,8.9782,0.0342,-0.346117,-0.938191,0
5122,13.3667,0.07345,0.0402,9.0114,0.03325,-0.350207,-0.936672,0
5123,13.3833,0.075383,0.039,9.0478,0.036383,-0.354291,-0.935135,0
5124,13.4,0.072567,0.0399,9.0805,0.032667,-0.358368,-0.93358,0
5125,13.4167,0.0754,0.0397,9.1162,0.0357,-0.362438,-0.932008,0
5126,13.4333,0.07425,0.0422,9.1482,0.03205,-0.366501,-0.930418,0
5127,13.45,0.07855,0.042,9.1847,0.03655,-0.370557,-0.92881,0
5128,13.4667,0.072867,0.04,9.2176,0.032867,-0.374607,-0.927184,0
5129,13.4833,0.0721,0.0392,9.2505,0.0329,-0.378649,-0.925541,0
5130,13.5,0.078567,0.0364,9.2927,0.042167,-0.382683,-0.92388,0
5131,13.5167,0.072233,0.0372,9.3277,0.035033,-0.386711,-0.922201,0
5132,13.5333,0.080283,0.0413,9.3667,0.038983,-0.390731,-0.920505,0
5133,13.55,0.068967,0.0391,9.3966,0.029867,-0.394744,-0.918791,0
5134,13.5667,0.071583,0.0375,9.4307,0.034083,-0.398749,-0.91706,0
5135,13.5833,0.076833,0.0391,9.4684,0.037733,-0.402747,-0.915311,0
5136,13.6,0.071733,0.0418,9.4983,0.029933,-0.406737,-0.913545,0
5137,13.6167,0.071217,0.0399,9.5296,0.031317,-0.410719,-0.911762,0
5138,13.6333,0.070233,0.0403,9.5595,0.029933,-0.414693,-0.909961,0
5139,13.65,0.074067,0.0391,9.5945,0.034967,-0.41866,-0.908143,0
5140,13.6667,0.075517,0.0398,9.6302,0.035717,-0.422618,-0.906308,0
5141,13.6833,0.070667,0.0398,9.6611,0.030867,-0.426569,-0.904455,0
5142,13.7,0.074533,0.0383,9.6973,0.036233,-0.430511,-0.902585,0
5143,13.7167,0.072883,0.0413,9.7289,0.031583,-0.434445,-0.900698,0
5144,13.7333,0.072683,0.0399,9.7617,0.032783,-0.438371,-0.898794,0
5145,13.75,0.072667,0.0401,9.7943,0.032567,-0.442289,-0.896873,0
5146,13.7667,0.06955,0.0385,9.8253,0.03105,-0.446198,-0.894934,0
5147,13.7833,0.074,0.0379,9.8614,0.0361,-0.450098,-0.892979,0
5148,13.8,0.0669,0.0361,9.8922,0.0308,-0.45399,-0.891007,0
5149,13.8167,0.066833,0.0413,9.9177,0.025533,-0.457874,-0.889017,0
5150,13.8333,0.07015,0.0369,9.951,0.03325,-0.461749,-0.887011,0
5151,13.85,0.0716,0.0407,9.9819,0.0309,-0.465615,-0.884988,0
5152,13.8667,0.0715,0.038,10.0154,0.0335,-0.469472,-0.882948,0
5153,13.8833,0.070583,0.0375,10.0485,0.033083,-0.47332,-0.880891,0
5154,13.9,0.0737,0.0409,10.0813,0.0328,-0.477159,-0.878817,0
5155,13.9167,0.064767,0.04,10.1061,0.024767,-0.480989,-0.876727,0
5156,13.9333,0.069133,0.0404,10.1348,0.028733,-0.48481,-0.87462,0
5157,13.95,0.07045,0.0395,10.1657,0.03095,-0.488621,-0.872496,0
5158,13.9667,0.067533,0.042,10.1912,0.025533,-0.492424,-0.870356,0
5159,13.9833,0.068617,0.0406,10.2192,0.028017,-0.496217,-0.868199,0
5160,14.0,0.06705,0.04,10.2463,0.02705,-0.5,-0.866025,0
5161,14.0167,0.068583,0.0382,10.2767,0.030383,-0.503774,-0.863836,0
5162,14.0333,0.060033,0.0431,10.2936,0.016933,-0.507538,-0.861629,0
5163,14.05,0.067233,0.039,10.3218,0.028233,-0.511293,-0.859406,0
5164,14.0667,0.0664,0.0372,10.351,0.0292,-0.515038,-0.857167,0
5165,14.0833,0.07055,0.0405,10.3811,0.03005,-0.518773,-0.854912,0
5166,14.1,0.070167,0.0388,10.4125,0.031367,-0.522499,-0.85264,0
5167,14.1167,0.06355,0.0393,10.4367,0.02425,-0.526214,-0.850352,0
5168,14.1333,0.068933,0.0438,10.4618,0.025133,-0.529919,-0.848048,0
5169,14.15,0.072383,0.0408,10.4934,0.031583,-0.533615,-0.845728,0
5170,14.1667,0.066333,0.038,10.5217,0.028333,-0.5373,-0.843391,0
5171,14.1833,0.06485,0.0389,10.5476,0.02595,-0.540974,-0.841039,0
5172,14.2,0.066367,0.0366,10.5774,0.029767,-0.544639,-0.838671,0
5173,14.2167,0.06615,0.0393,10.6043,0.02685,-0.548293,-0.836286,0
5174,14.2333,0.06445,0.0409,10.6279,0.02355,-0.551937,-0.833886,0
5175,14.25,0.063117,0.0415,10.6495,0.021617,-0.55557,-0.83147,0
5176,14.2667,0.0703,0.0382,10.6816,0.0321,-0.559193,-0.829038,0
5177,14.2833,0.066017,0.0406,10.707,0.025417,-0.562805,-0.82659,0
5178,14.3,0.059517,0.0382,10.7283,0.021317,-0.566406,-0.824126,0
5179,14.3167,0.061933,0.0372,10.753,0.024733,-0.569997,-0.821647,0
5180,14.3333,0.069083,0.0403,10.7818,0.028783,-0.573576,-0.819152,0
5181,14.35,0.063983,0.0384,10.8074,0.025583,-0.577145,-0.816642,0
5182,14.3667,0.069583,0.0393,10.8377,0.030283,-0.580703,-0.814116,0
5183,14.3833,0.0687,0.0408,10.8656,0.0279,-0.58425,-0.811574,0
5184,14.4,0.0619,0.0392,10.8883,0.0227,-0.587785,-0.809017,0
5185,14.4167,0.064633,0.0393,10.9136,0.025333,-0.59131,-0.806445,0
5186,14.4333,0.066667,0.0376,10.9427,0.029067,-0.594823,-0.803857,0
5187,14.45,0.064817,0.0389,10.9686,0.025917,-0.598325,-0.801254,0
5188,14.4667,0.06575,0.0385,10.9958,0.02725,-0.601815,-0.798636,0
5189,14.4833,0.065917,0.0427,11.019,0.023217,-0.605294,-0.796002,0
5190,14.5,0.060717,0.0377,11.042,0.023017,-0.608761,-0.793353,0
5191,14.5167,0.060883,0.0387,11.0642,0.022183,-0.612217,-0.79069,0
5192,14.5333,0.0665,0.0416,11.0891,0.0249,-0.615661,-0.788011,0
5193,14.55,0.06265,0.0392,11.1126,0.02345,-0.619094,-0.785317,0
5194,14.5667,0.063033,0.0402,11.1354,0.022833,-0.622515,-0.782608,0
5195,14.5833,0.057017,0.0379,11.1545,0.019117,-0.625923,-0.779884,0
5196,14.6,0.062533,0.0363,11.1807,0.026233,-0.62932,-0.777146,0
5197,14.6167,0.06305,0.043,11.2008,0.02005,-0.632705,-0.774393,0
5198,14.6333,0.06305,0.0413,11.2226,0.02175,-0.636078,-0.771625,0
5199,14.65,0.061,0.041,11.2426,0.02,-0.639439,-0.768842,0
5200,14.6667,0.06165,0.0411,11.2631,0.02055,-0.642788,-0.766044,0
5201,14.6833,0.059283,0.0408,11.2816,0.018483,-0.646124,-0.763232,0
5202,14.7,0.062733,0.0408,11.3035,0.021933,-0.649448,-0.760406,0
5203,14.7167,0.059733,0.0392,11.324,0.020533,-0.65276,-0.757565,0
5204,14.7333,0.061283,0.0414,11.3439,0.019883,-0.656059,-0.75471,0
5205,14.75,0.063417,0.04,11.3673,0.023417,-0.659346,-0.75184,0
5206,14.7667,0.061467,0.0428,11.386,0.018667,-0.66262,-0.748956,0
5207,14.7833,0.059033,0.0373,11.4077,0.021733,-0.665882,-0.746057,0
5208,14.8,0.0571,0.04,11.4248,0.0171,-0.669131,-0.743145,0
5209,14.8167,0.056067,0.0369,11.444,0.019167,-0.672367,-0.740218,0
5210,14.8333,0.05695,0.0421,11.4589,0.01485,-0.67559,-0.737277,0
5211,14.85,0.06235,0.0389,11.4824,0.02345,-0.678801,-0.734323,0
5212,14.8667,0.058667,0.0401,11.501,0.018567,-0.681998,-0.731354,0
5213,14.8833,0.05665,0.0387,11.5189,0.01795,-0.685183,-0.728371,0
5214,14.9,0.0579,0.0411,11.5357,0.0168,-0.688355,-0.725374,0
5215,14.9167,0.057017,0.0378,11.5549,0.019217,-0.691513,-0.722364,0
5216,14.9333,0.061667,0.0389,11.5777,0.022767,-0.694658,-0.71934,0
5217,14.95,0.063567,0.0385,11.6028,0.025067,-0.69779,-0.716302,0
5218,14.9667,0.057,0.0351,11.6247,0.0219,-0.700909,-0.71325,0
5219,14.9833,0.05245,0.0377,11.6395,0.01475,-0.704015,-0.710185,0
5220,15.0,0.057183,0.0406,11.6561,0.016583,-0.707107,-0.707107,0
5221,15.0167,0.056833,0.0384,11.6745,0.018433,-0.710185,-0.704015,0
5222,15.0333,0.058383,0.0385,11.6944,0.019883,-0.71325,-0.700909,0
5223,15.05,0.0547,0.042,11.7071,0.0127,-0.716302,-0.69779,0
5224,15.0667,0.056533,0.0407,11.7229,0.015833,-0.71934,-0.694658,0
5225,15.0833,0.053817,0.0387,11.738,0.015117,-0.722364,-0.691513,0
5226,15.1,0.055167,0.0398,11.7534,0.015367,-0.725374,-0.688355,0
5227,15.1167,0.051817,0.0376,11.7676,0.014217,-0.728371,-0.685183,0
5228,15.1333,0.055933,0.0429,11.7806,0.013033,-0.731354,-0.681998,0
5229,15.15,0.051133,0.0398,11.7919,0.011333,-0.734323,-0.678801,0
5230,15.1667,0.0548,0.0416,11.8051,0.0132,-0.737277,-0.67559,0
5231,15.1833,0.049017,0.0438,11.8103,0.005217,-0.740218,-0.672367,0
5232,15.2,0.0527,0.0366,11.8264,0.0161,-0.743145,-0.669131,0
5233,15.2167,0.0549,0.0411,11.8402,0.0138,-0.746057,-0.665882,0
5234,15.2333,0.0551,0.035,11.8603,0.0201,-0.748956,-0.66262,0
5235,15.25,0.051667,0.0421,11.8699,0.009567,-0.75184,-0.659346,0
5236,15.2667,0.056317,0.0387,11.8875,0.017617,-0.75471,-0.656059,0
5237,15.2833,0.051767,0.0373,11.902,0.014467,-0.757565,-0.65276,0
5238,15.3,0.052167,0.0442,11.91,0.007967,-0.760406,-0.649448,0
5239,15.3167,0.049883,0.0392,11.9207,0.010683,-0.763232,-0.646124,0
5240,15.3333,0.04695,0.0372,11.9305,0.00975,-0.766044,-0.642788,0
5241,15.35,0.054883,0.0422,11.9432,0.012683,-0.768842,-0.639439,0
5242,15.3667,0.052317,0.0418,11.9537,0.010517,-0.771625,-0.636078,0
5243,15.3833,0.051433,0.0397,11.9654,0.011733,-0.774393,-0.632705,0
5244,15.4,0.049183,0.0358,11.9788,0.013383,-0.777146,-0.62932,0
5245,15.4167,0.0516,0.0411,11.9893,0.0105,-0.779884,-0.625923,0
5246,15.4333,0.047567,0.0375,11.9994,0.010067,-0.782608,-0.622515,0
5247,15.45,0.0491,0.0419,12.0066,0.0072,-0.785317,-0.619094,0
5248,15.4667,0.047833,0.0395,12.0149,0.008333,-0.788011,-0.615661,0
5249,15.4833,0.048617,0.0394,12.0241,0.009217,-0.79069,-0.612217,0
5250,15.5,0.048917,0.0417,12.0313,0.007217,-0.793353,-0.608761,0
5251,15.5167,0.047283,0.0419,12.0367,0.005383,-0.796002,-0.605294,0
5252,15.5333,0.04645,0.0378,12.0453,0.00865,-0.798636,-0.601815,0
5253,15.55,0.049767,0.0383,12.0568,0.011467,-0.801254,-0.598325,0
5254,15.5667,0.049817,0.0411,12.0655,0.008717,-0.803857,-0.594823,0
5255,15.5833,0.04645,0.0408,12.0711,0.00565,-0.806445,-0.59131,0
5256,15.6,0.046267,0.041,12.0764,0.005267,-0.809017,-0.587785,0
5257,15.6167,0.04695,0.0397,12.0837,0.00725,-0.811574,-0.58425,0
5258,15.6333,0.042067,0.0381,12.0877,0.003967,-0.814116,-0.580703,0
5259,15.65,0.045167,0.0433,12.0896,0.001867,-0.816642,-0.577145,0
5260,15.6667,0.04505,0.0408,12.0938,0.00425,-0.819152,-0.573576,0
5261,15.6833,0.0413,0.0384,12.0967,0.0029,-0.821647,-0.569997,0
5262,15.7,0.04995,0.0373,12.1094,0.01265,-0.824126,-0.566406,0
5263,15.7167,0.0475,0.0409,12.116,0.0066,-0.82659,-0.562805,0
5264,15.7333,0.044117,0.038,12.1221,0.006117,-0.829038,-0.559193,0
5265,15.75,0.04315,0.0377,12.1276,0.00545,-0.83147,-0.55557,0
5266,15.7667,0.046367,0.0394,12.1346,0.006967,-0.833886,-0.551937,0
5267,15.7833,0.041,0.0381,12.1375,0.0029,-0.836286,-0.548293,0
5268,15.8,0.045983,0.0352,12.1483,0.010783,-0.838671,-0.544639,0
5269,15.8167,0.0471,0.0391,12.1563,0.008,-0.841039,-0.540974,0
5270,15.8333,0.039383,0.0374,12.1583,0.001983,-0.843391,-0.5373,0
5271,15.85,0.042433,0.0403,12.1604,0.002133,-0.845728,-0.533615,0
5272,15.8667,0.0393,0.0387,12.161,0.0006,-0.848048,-0.529919,0
5273,15.8833,0.040667,0.0399,12.1618,0.000767,-0.850352,-0.526214,0
5274,15.9,0.041417,0.0373,12.1659,0.004117,-0.85264,-0.522499,0
5275,15.9167,0.0425,0.0419,12.1665,0.0006,-0.854912,-0.518773,0
5276,15.9333,0.0422,0.0414,12.1673,0.0008,-0.857167,-0.515038,0
5277,15.95,0.040883,0.0408,12.1674,8.3e-05,-0.859406,-0.511293,0
5278,15.9667,0.042583,0.0434,12.1666,-0.000817,-0.861629,-0.507538,0
5279,15.9833,0.04065,0.0396,12.1677,0.00105,-0.863836,-0.503774,0
5280,16.0,0.037217,0.0408,12.1641,-0.003583,-0.866025,-0.5,0
5281,16.0167,0.037683,0.0399,12.1619,-0.002217,-0.868199,-0.496217,0
5282,16.0333,0.043983,0.0366,12.1693,0.007383,-0.870356,-0.492424,0
5283,16.05,0.03765,0.0381,12.1688,-0.00045,-0.872496,-0.488621,0
5284,16.0667,0.03905,0.037,12.1708,0.00205,-0.87462,-0.48481,0
5285,16.0833,0.031917,0.0398,12.1629,-0.007883,-0.876727,-0.480989,0
5286,16.1,0.03895,0.0368,12.1651,0.00215,-0.878817,-0.477159,0
5287,16.1167,0.039583,0.0404,12.1643,-0.000817,-0.880891,-0.47332,0
5288,16.1333,0.038217,0.0411,12.1614,-0.002883,-0.882948,-0.469472,0
5289,16.15,0.03835,0.0397,12.1601,-0.00135,-0.884988,-0.465615,0
5290,16.1667,0.035317,0.0398,12.1556,-0.004483,-0.887011,-0.461749,0
5291,16.1833,0.03535,0.0385,12.1524,-0.00315,-0.889017,-0.457874,0
5292,16.2,0.039883,0.039,12.1533,0.000883,-0.891007,-0.45399,0
5293,16.2167,0.03545,0.0412,12.1476,-0.00575,-0.892979,-0.450098,0
5294,16.2333,0.034217,0.0401,12.1417,-0.005883,-0.894934,-0.446198,0
5295,16.25,0.03945,0.0383,12.1429,0.00115,-0.896873,-0.442289,0
5296,16.2667,0.035167,0.0404,12.1377,-0.005233,-0.898794,-0.438371,0
5297,16.2833,0.036433,0.0375,12.1366,-0.001067,-0.900698,-0.434445,0
5298,16.3,0.036567,0.0384,12.1348,-0.001833,-0.902585,-0.430511,0
5299,16.3167,0.034133,0.0371,12.1318,-0.002967,-0.904455,-0.426569,0
5300,16.3333,0.0385,0.0396,12.1307,-0.0011,-0.906308,-0.422618,0
5301,16.35,0.03275,0.0404,12.123,-0.00765,-0.908143,-0.41866,0
5302,16.3667,0.029933,0.0382,12.1147,-0.008267,-0.909961,-0.414693,0
5303,16.3833,0.033283,0.0363,12.1117,-0.003017,-0.911762,-0.410719,0
5304,16.4,0.034067,0.039,12.1068,-0.004933,-0.913545,-0.406737,0
5305,16.4167,0.032433,0.0411,12.0981,-0.008667,-0.915311,-0.402747,0
5306,16.4333,0.031617,0.037,12.0927,-0.005383,-0.91706,-0.398749,0
5307,16.45,0.032733,0.0351,12.0903,-0.002367,-0.918791,-0.394744,0
5308,16.4667,0.027283,0.0397,12.0779,-0.012417,-0.920505,-0.390731,0
5309,16.4833,0.02935,0.0369,12.0704,-0.00755,-0.922201,-0.386711,0
5310,16.5,0.028233,0.0359,12.0627,-0.007667,-0.92388,-0.382683,0
5311,16.5167,0.027617,0.0411,12.0492,-0.013483,-0.925541,-0.378649,0
5312,16.5333,0.033367,0.04,12.0426,-0.006633,-0.927184,-0.374607,0
5313,16.55,0.031133,0.0414,12.0323,-0.010267,-0.92881,-0.370557,0
5314,16.5667,0.029033,0.0391,12.0222,-0.010067,-0.930418,-0.366501,0
5315,16.5833,0.0321,0.0418,12.0125,-0.0097,-0.932008,-0.362438,0
5316,16.6,0.026067,0.0392,11.9994,-0.013133,-0.93358,-0.358368,0
5317,16.6167,0.02565,0.0383,11.9868,-0.01265,-0.935135,-0.354291,0
5318,16.6333,0.028167,0.0379,11.9771,-0.009733,-0.936672,-0.350207,0
5319,16.65,0.026767,0.0394,11.9645,-0.012633,-0.938191,-0.346117,0
5320,16.6667,0.024833,0.0383,11.951,-0.013467,-0.939693,-0.34202,0
5321,16.6833,0.03035,0.0406,11.9408,-0.01025,-0.941176,-0.337917,0
5322,16.7,0.03055,0.0393,11.932,-0.00875,-0.942641,-0.333807,0
5323,16.7167,0.02625,0.0369,11.9214,-0.01065,-0.944089,-0.329691,0
5324,16.7333,0.027733,0.0387,11.9104,-0.010967,-0.945519,-0.325568,0
5325,16.75,0.025033,0.039,11.8964,-0.013967,-0.94693,-0.321439,0
5326,16.7667,0.0223,0.0415,11.8772,-0.0192,-0.948324,-0.317305,0
5327,16.7833,0.0263,0.0372,11.8663,-0.0109,-0.949699,-0.313164,0
5328,16.8,0.024217,0.0399,11.8506,-0.015683,-0.951057,-0.309017,0
5329,16.8167,0.018633,0.0394,11.8298,-0.020767,-0.952396,-0.304864,0
5330,16.8333,0.021283,0.0405,11.8106,-0.019217,-0.953717,-0.300706,0
5331,16.85,0.02525,0.0429,11.793,-0.01765,-0.95502,-0.296542,0
5332,16.8667,0.025083,0.039,11.7791,-0.013917,-0.956305,-0.292372,0
5333,16.8833,0.023917,0.0373,11.7657,-0.013383,-0.957571,-0.288196,0
5334,16.9,0.0228,0.0397,11.7488,-0.0169,-0.95882,-0.284015,0
5335,16.9167,0.0223,0.0379,11.7332,-0.0156,-0.96005,-0.279829,0
5336,16.9333,0.023317,0.0401,11.7164,-0.016783,-0.961262,-0.275637,0
5337,16.95,0.022217,0.0386,11.7,-0.016383,-0.962455,-0.27144,0
5338,16.9667,0.020617,0.0397,11.6809,-0.019083,-0.96363,-0.267238,0
5339,16.9833,0.021417,0.038,11.6643,-0.016583,-0.964787,-0.263031,0
5340,17.0,0.019,0.0398,11.6435,-0.0208,-0.965926,-0.258819,0
5341,17.0167,0.019283,0.0412,11.6216,-0.021917,-0.967046,-0.254602,0
5342,17.0333,0.021117,0.037,11.6057,-0.015883,-0.968148,-0.25038,0
5343,17.05,0.017333,0.0426,11.5804,-0.025267,-0.969231,-0.246153,0
5344,17.0667,0.016983,0.0392,11.5582,-0.022217,-0.970296,-0.241922,0
5345,17.0833,0.021367,0.0399,11.5397,-0.018533,-0.971342,-0.237686,0
5346,17.1,0.02105,0.0371,11.5236,-0.01605,-0.97237,-0.233445,0
5347,17.1167,0.018383,0.0422,11.4998,-0.023817,-0.973379,-0.2292,0
5348,17.1333,0.015767,0.0394,11.4762,-0.023633,-0.97437,-0.224951,0
5349,17.15,0.015467,0.0405,11.4512,-0.025033,-0.975342,-0.220697,0
5350,17.1667,0.0156,0.0406,11.4262,-0.025,-0.976296,-0.21644,0
5351,17.1833,0.016433,0.0392,11.4034,-0.022767,-0.977231,-0.212178,0
5352,17.2,0.017967,0.0395,11.3819,-0.021533,-0.978148,-0.207912,0
5353,17.2167,0.016567,0.0418,11.3567,-0.025233,-0.979045,-0.203642,0
5354,17.2333,0.013117,0.0381,11.3317,-0.024983,-0.979925,-0.199368,0
5355,17.25,0.016617,0.0447,11.3036,-0.028083,-0.980785,-0.19509,0
5356,17.2667,0.0123,0.039,11.2769,-0.0267,-0.981627,-0.190809,0
5357,17.2833,0.010917,0.0425,11.2453,-0.031583,-0.98245,-0.186524,0
5358,17.3,0.016333,0.039,11.2226,-0.022667,-0.983255,-0.182236,0
5359,17.3167,0.013333,0.0392,11.1967,-0.025867,-0.984041,-0.177944,0
5360,17.3333,0.016083,0.0351,11.1777,-0.019017,-0.984808,-0.173648,0
5361,17.35,0.010933,0.0432,11.1454,-0.032267,-0.985556,-0.16935,0
5362,17.3667,0.011967,0.0364,11.121,-0.024433,-0.986286,-0.165048,0
5363,17.3833,0.01175,0.0392,11.0936,-0.02745,-0.986996,-0.160743,0
5364,17.4,0.01475,0.0385,11.0698,-0.02375,-0.987688,-0.156434,0
5365,17.4167,0.012383,0.0411,11.0411,-0.028717,-0.988362,-0.152123,0
5366,17.4333,0.010133,0.0383,11.0129,-0.028167,-0.989016,-0.147809,0
5367,17.45,0.015183,0.039,10.9891,-0.023817,-0.989651,-0.143493,0
5368,17.4667,0.010417,0.0372,10.9623,-0.026783,-0.990268,-0.139173,0
5369,17.4833,0.006767,0.0392,10.9299,-0.032433,-0.990866,-0.134851,0
5370,17.5,0.011517,0.0406,10.9008,-0.029083,-0.991445,-0.130526,0
5371,17.5167,0.009183,0.0394,10.8706,-0.030217,-0.992005,-0.126199,0
5372,17.5333,0.010933,0.0392,10.8423,-0.028267,-0.992546,-0.121869,0
5373,17.55,0.01035,0.0412,10.8115,-0.03085,-0.993068,-0.117537,0
5374,17.5667,0.009417,0.0397,10.7812,-0.030283,-0.993572,-0.113203,0
5375,17.5833,0.00845,0.0394,10.7502,-0.03095,-0.994056,-0.108867,0
5376,17.6,0.007317,0.0426,10.7149,-0.035283,-0.994522,-0.104528,0
5377,17.6167,0.00775,0.0403,10.6823,-0.03255,-0.994969,-0.100188,0
5378,17.6333,0.0087,0.0377,10.6533,-0.029,-0.995396,-0.095846,0
5379,17.65,0.009683,0.0405,10.6225,-0.030817,-0.995805,-0.091502,0
5380,17.6667,0.004767,0.0392,10.5881,-0.034433,-0.996195,-0.087156,0
5381,17.6833,0.002783,0.038,10.5529,-0.035217,-0.996566,-0.082808,0
5382,17.7,0.008083,0.0433,10.5177,-0.035217,-0.996917,-0.078459,0
5383,17.7167,0.0078,0.0373,10.4882,-0.0295,-0.99725,-0.074108,0
5384,17.7333,0.00495,0.038,10.4551,-0.03305,-0.997564,-0.069756,0
5385,17.75,0.004633,0.0421,10.4176,-0.037467,-0.997859,-0.065403,0
5386,17.7667,0.007867,0.0438,10.3817,-0.035933,-0.998135,-0.061049,0
5387,17.7833,0.006483,0.0388,10.3494,-0.032317,-0.998392,-0.056693,0
5388,17.8,0.004017,0.0392,10.3142,-0.035183,-0.99863,-0.052336,0
5389,17.8167,0.004067,0.0365,10.2818,-0.032433,-0.998848,-0.047978,0
5390,17.8333,0.003883,0.0407,10.245,-0.036817,-0.999048,-0.043619,0
5391,17.85,0.004883,0.0412,10.2087,-0.036317,-0.999229,-0.03926,0
5392,17.8667,0.0,0.0417,10.167,-0.0417,-0.999391,-0.034899,0
5393,17.8833,0.004467,0.0396,10.1319,-0.035133,-0.999534,-0.030539,0
5394,17.9,0.00365,0.0396,10.096,-0.03595,-0.999657,-0.026177,0
5395,17.9167,0.0018,0.0389,10.0589,-0.0371,-0.999762,-0.021815,0
5396,17.9333,0.00045,0.0364,10.0229,-0.03595,-0.999848,-0.017452,0
5397,17.95,0.001317,0.0407,9.9835,-0.039383,-0.999914,-0.01309,0
5398,17.9667,0.000533,0.0393,9.9447,-0.038767,-0.999962,-0.008727,0
5399,17.9833,0.0,0.0368,9.9079,-0.0368,-0.99999,-0.004363,0
5400,18.0,0.0003,0.089,9.8192,-0.0887,-1.0,-0.0,0
5401,18.0167,0.0,0.0917,9.7275,-0.0917,-0.99999,0.004363,0
5402,18.0333,0.0,0.089,9.6385,-0.089,-0.999962,0.008727,0
5403,18.05,0.0,0.0897,9.5488,-0.0897,-0.999914,0.01309,0
5404,18.0667,0.0,0.0898,9.459,-0.0898,-0.999848,0.017452,0
5405,18.0833,0.0,0.0921,9.3669,-0.0921,-0.999762,0.021815,0
5406,18.1,0.0,0.0894,9.2775,-0.0894,-0.999657,0.026177,0
5407,18.1167,0.0,0.0913,9.1862,-0.0913,-0.999534,0.030539,0
5408,18.1333,0.0,0.0889,9.0973,-0.0889,-0.999391,0.034899,0
5409,18.15,0.0,0.0889,9.0084,-0.0889,-0.999229,0.03926,0
5410,18.1667,0.0,0.0888,8.9196,-0.0888,-0.999048,0.043619,0
5411,18.1833,0.0,0.092,8.8276,-0.092,-0.998848,0.047978,0
5412,18.2,0.0,0.0917,8.7359,-0.0917,-0.99863,0.052336,0
5413,18.2167,0.0,0.0863,8.6496,-0.0863,-0.998392,0.056693,0
5414,18.2333,0.0,0.0907,8.5589,-0.0907,-0.998135,0.061049,0
5415,18.25,0.0,0.0866,8.4723,-0.0866,-0.997859,0.065403,0
5416,18.2667,0.0,0.0904,8.3819,-0.0904,-0.997564,0.069756,0
5417,18.2833,0.0,0.0893,8.2926,-0.0893,-0.99725,0.074108,0
5418,18.3,0.0,0.0884,8.2042,-0.0884,-0.996917,0.078459,0
5419,18.3167,0.0,0.0886,8.1156,-0.0886,-0.996566,0.082808,0
5420,18.3333,0.0,0.0891,8.0265,-0.0891,-0.996195,0.087156,0
5421,18.35,0.0,0.089,7.9375,-0.089,-0.995805,0.091502,0
5422,18.3667,0.0,0.0907,7.8468,-0.0907,-0.995396,0.095846,0
5423,18.3833,0.0,0.0895,7.7573,-0.0895,-0.994969,0.100188,0
5424,18.4,0.0,0.0889,7.6684,-0.0889,-0.994522,0.104528,0
5425,18.4167,0.0,0.0908,7.5776,-0.0908,-0.994056,0.108867,0
5426,18.4333,0.0,0.0871,7.4905,-0.0871,-0.993572,0.113203,0
5427,18.45,0.0,0.0926,7.3979,-0.0926,-0.993068,0.117537,0
5428,18.4667,0.0,0.0883,7.3096,-0.0883,-0.992546,0.121869,0
5429,18.4833,0.0,0.0926,7.217,-0.0926,-0.992005,0.126199,0
5430,18.5,0.0,0.0914,7.1256,-0.0914,-0.991445,0.130526,0
5431,18.5167,0.0,0.0913,7.0343,-0.0913,-0.990866,0.134851,0
5432,18.5333,0.0,0.0898,6.9445,-0.0898,-0.990268,0.139173,0
5433,18.55,0.0,0.0867,6.8578,-0.0867,-0.989651,0.143493,0
5434,18.5667,0.0,0.0909,6.7669,-0.0909,-0.989016,0.147809,0
5435,18.5833,0.0,0.0908,6.6761,-0.0908,-0.988362,0.152123,0
5436,18.6,0.0,0.0913,6.5848,-0.0913,-0.987688,0.156434,0
5437,18.6167,0.0,0.0897,6.4951,-0.0897,-0.986996,0.160743,0
5438,18.6333,0.0,0.0896,6.4055,-0.0896,-0.986286,0.165048,0
5439,18.65,0.0,0.0895,6.316,-0.0895,-0.985556,0.16935,0
5440,18.6667,0.0,0.0885,6.2275,-0.0885,-0.984808,0.173648,0
5441,18.6833,0.0,0.0897,6.1378,-0.0897,-0.984041,0.177944,0
5442,18.7,0.0,0.0884,6.0494,-0.0884,-0.983255,0.182236,0
5443,18.7167,0.0,0.0939,5.9555,-0.0939,-0.98245,0.186524,0
5444,18.7333,0.0,0.0891,5.8664,-0.0891,-0.981627,0.190809,0
5445,18.75,0.0,0.0885,5.7779,-0.0885,-0.980785,0.19509,0
5446,18.7667,0.0,0.0919,5.686,-0.0919,-0.979925,0.199368,0
5447,18.7833,0.0,0.0867,5.5993,-0.0867,-0.979045,0.203642,0
5448,18.8,0.0,0.0902,5.5091,-0.0902,-0.978148,0.207912,0
5449,18.8167,0.0,0.0891,5.42,-0.0891,-0.977231,0.212178,0
5450,18.8333,0.0,0.0909,5.3291,-0.0909,-0.976296,0.21644,0
5451,18.85,0.0,0.0902,5.2389,-0.0902,-0.975342,0.220697,0
5452,18.8667,0.0,0.0911,5.1478,-0.0911,-0.97437,0.224951,0
5453,18.8833,0.0,0.0887,5.0591,-0.0887,-0.973379,0.2292,0
5454,18.9,0.0,0.091,4.9681,-0.091,-0.97237,0.233445,0
5455,18.9167,0.0,0.0866,4.8815,-0.0866,-0.971342,0.237686,0
5456,18.9333,0.0,0.0876,4.7939,-0.0876,-0.970296,0.241922,0
5457,18.95,0.0,0.0907,4.7032,-0.0907,-0.969231,0.246153,0
5458,18.9667,0.0,0.0901,4.6131,-0.0901,-0.968148,0.25038,0
5459,18.9833,0.0,0.092,4.5211,-0.092,-0.967046,0.254602,0
5460,19.0,0.0,0.0903,4.4308,-0.0903,-0.965926,0.258819,0
5461,19.0167,0.0,0.0901,4.3407,-0.0901,-0.964787,0.263031,0
5462,19.0333,0.0,0.0899,4.2508,-0.0899,-0.96363,0.267238,0
5463,19.05,0.0,0.0888,4.162,-0.0888,-0.962455,0.27144,0
5464,19.0667,0.0,0.0888,4.0732,-0.0888,-0.961262,0.275637,0
5465,19.0833,0.0,0.0918,3.9814,-0.0918,-0.96005,0.279829,0
5466,19.1,0.0,0.0919,3.8895,-0.0919,-0.95882,0.284015,0
5467,19.1167,0.0,0.0872,3.8023,-0.0872,-0.957571,0.288196,0
5468,19.1333,0.0,0.091,3.7113,-0.091,-0.956305,0.292372,0
5469,19.15,0.0,0.0926,3.6187,-0.0926,-0.95502,0.296542,0
5470,19.1667,0.0,0.0858,3.5329,-0.0858,-0.953717,0.300706,0
5471,19.1833,0.0,0.0904,3.4425,-0.0904,-0.952396,0.304864,0
5472,19.2,0.0,0.0919,3.3506,-0.0919,-0.951057,0.309017,0
5473,19.2167,0.0,0.0879,3.2627,-0.0879,-0.949699,0.313164,0
5474,19.2333,0.0,0.0898,3.1729,-0.0898,-0.948324,0.317305,0
5475,19.25,0.0,0.0882,3.0847,-0.0882,-0.94693,0.321439,0
5476,19.2667,0.0,0.0886,2.9961,-0.0886,-0.945519,0.325568,0
5477,19.2833,0.0,0.0877,2.9084,-0.0877,-0.944089,0.329691,0
5478,19.3,0.0,0.0885,2.8199,-0.0885,-0.942641,0.333807,0
5479,19.3167,0.0,0.091,2.7289,-0.091,-0.941176,0.337917,0
5480,19.3333,0.0,0.088,2.6409,-0.088,-0.939693,0.34202,0
5481,19.35,0.0,0.0892,2.5517,-0.0892,-0.938191,0.346117,0
5482,19.3667,0.0,0.0904,2.4613,-0.0904,-0.936672,0.350207,0
5483,19.3833,0.0,0.0862,2.3751,-0.0862,-0.935135,0.354291,0
5484,19.4,0.0,0.0891,2.286,-0.0891,-0.93358,0.358368,0
5485,19.4167,0.0,0.0901,2.1959,-0.0901,-0.932008,0.362438,0
5486,19.4333,0.0,0.09,2.1059,-0.09,-0.930418,0.366501,0
5487,19.45,0.0,0.0916,2.0143,-0.0916,-0.92881,0.370557,0
5488,19.4667,0.0,0.094,1.9203,-0.094,-0.927184,0.374607,0
5489,19.4833,0.0,0.0887,1.8316,-0.0887,-0.925541,0.378649,0
5490,19.5,0.0,0.0871,1.7445,-0.0871,-0.92388,0.382683,0
5491,19.5167,0.0,0.0902,1.6543,-0.0902,-0.922201,0.386711,0
5492,19.5333,0.0,0.094,1.5603,-0.094,-0.920505,0.390731,0
5493,19.55,0.0,0.0878,1.4725,-0.0878,-0.918791,0.394744,0
5494,19.5667,0.0,0.095,1.3775,-0.095,-0.91706,0.398749,0
5495,19.5833,0.0,0.0878,1.2897,-0.0878,-0.915311,0.402747,0
5496,19.6,0.0,0.0883,1.2014,-0.0883,-0.913545,0.406737,0
5497,19.6167,0.0,0.0891,1.1123,-0.0891,-0.911762,0.410719,0
5498,19.6333,0.0,0.089,1.0233,-0.089,-0.909961,0.414693,0
5499,19.65,0.0,0.089,0.9343,-0.089,-0.908143,0.41866,0
5500,19.6667,0.0,0.0924,0.8419,-0.0924,-0.906308,0.422618,0
5501,19.6833,0.0,0.0909,0.751,-0.0909,-0.904455,0.426569,0
5502,19.7,0.0,0.0907,0.6603,-0.0907,-0.902585,0.430511,0
5503,19.7167,0.0,0.0876,0.5727,-0.0876,-0.900698,0.434445,0
5504,19.7333,0.0,0.0904,0.4823,-0.0904,-0.898794,0.438371,0
5505,19.75,0.0,0.089,0.3933,-0.089,-0.896873,0.442289,0
5506,19.7667,0.0,0.0901,0.3032,-0.0901,-0.894934,0.446198,0
5507,19.7833,0.0,0.088,0.2152,-0.088,-0.892979,0.450098,0
5508,19.8,0.0,0.0873,0.1279,-0.0873,-0.891007,0.45399,0
5509,19.8167,0.0,0.0905,0.0374,-0.0905,-0.889017,0.457874,0
5510,19.8333,0.0,0.0886,0.0,-0.0886,-0.887011,0.461749,1
5511,19.85,0.0,0.0883,0.0,-0.0883,-0.884988,0.465615,1
5512,19.8667,0.0,0.0892,0.0,-0.0892,-0.882948,0.469472,1
5513,19.8833,0.0,0.0933,0.0,-0.0933,-0.880891,0.47332,1
5514,19.9,0.0,0.0904,0.0,-0.0904,-0.878817,0.477159,1
5515,19.9167,0.0,0.09,0.0,-0.09,-0.876727,0.480989,1
5516,19.9333,0.0,0.0942,0.0,-0.0942,-0.87462,0.48481,1
5517,19.95,0.0,0.0867,0.0,-0.0867,-0.872496,0.488621,1
5518,19.9667,0.0,0.0891,0.0,-0.0891,-0.870356,0.492424,1
5519,19.9833,0.0,0.0906,0.0,-0.0906,-0.868199,0.496217,1
5520,20.0,0.0,0.0906,0.0,-0.0906,-0.866025,0.5,1
5521,20.0167,0.0,0.0919,0.0,-0.0919,-0.863836,0.503774,1
5522,20.0333,0.0,0.0887,0.0,-0.0887,-0.861629,0.507538,1
5523,20.05,0.0,0.0937,0.0,-0.0937,-0.859406,0.511293,1
5524,20.0667,0.0,0.089,0.0,-0.089,-0.857167,0.515038,1
5525,20.0833,0.0,0.09,0.0,-0.09,-0.854912,0.518773,1
5526,20.1,0.0,0.0904,0.0,-0.0904,-0.85264,0.522499,1
5527,20.1167,0.0,0.0881,0.0,-0.0881,-0.850352,0.526214,1
5528,20.1333,0.0,0.0865,0.0,-0.0865,-0.848048,0.529919,1
5529,20.15,0.0,0.0946,0.0,-0.0946,-0.845728,0.533615,1
5530,20.1667,0.0,0.0896,0.0,-0.0896,-0.843391,0.5373,1
5531,20.1833,0.0,0.0904,0.0,-0.0904,-0.841039,0.540974,1
5532,20.2,0.0,0.09,0.0,-0.09,-0.838671,0.544639,1
5533,20.2167,0.0,0.0907,0.0,-0.0907,-0.836286,0.548293,1
5534,20.2333,0.0,0.0944,0.0,-0.0944,-0.833886,0.551937,1
5535,20.25,0.0,0.0888,0.0,-0.0888,-0.83147,0.55557,1
5536,20.2667,0.0,0.0881,0.0,-0.0881,-0.829038,0.559193,1
5537,20.2833,0.0,0.0875,0.0,-0.0875,-0.82659,0.562805,1
5538,20.3,0.0,0.0882,0.0,-0.0882,-0.824126,0.566406,1
5539,20.3167,0.0,0.088,0.0,-0.088,-0.821647,0.569997,1
5540,20.3333,0.0,0.0904,0.0,-0.0904,-0.819152,0.573576,1
5541,20.35,0.0,0.0904,0.0,-0.0904,-0.816642,0.577145,1
5542,20.3667,0.0,0.0854,0.0,-0.0854,-0.814116,0.580703,1
5543,20.3833,0.0,0.0929,0.0,-0.0929,-0.811574,0.58425,1
5544,20.4,0.0,0.0906,0.0,-0.0906,-0.809017,0.587785,1
5545,20.4167,0.0,0.09,0.0,-0.09,-0.806445,0.59131,1
5546,20.4333,0.0,0.0923,0.0,-0.0923,-0.803857,0.594823,1
5547,20.45,0.0,0.0911,0.0,-0.0911,-0.801254,0.598325,1
5548,20.4667,0.0,0.0865,0.0,-0.0865,-0.798636,0.601815,1
5549,20.4833,0.0,0.0878,0.0,-0.0878,-0.796002,0.605294,1
5550,20.5,0.0,0.0917,0.0,-0.0917,-0.793353,0.608761,1
5551,20.5167,0.0,0.0904,0.0,-0.0904,-0.79069,0.612217,1
5552,20.5333,0.0,0.0865,0.0,-0.0865,-0.788011,0.615661,1
5553,20.55,0.0,0.0869,0.0,-0.0869,-0.785317,0.619094,1
5554,20.5667,0.0,0.0918,0.0,-0.0918,-0.782608,0.622515,1
5555,20.5833,0.0,0.0916,0.0,-0.0916,-0.779884,0.625923,1
5556,20.6,0.0,0.0915,0.0,-0.0915,-0.777146,0.62932,1
5557,20.6167,0.0,0.0898,0.0,-0.0898,-0.774393,0.632705,1
5558,20.6333,0.0,0.0889,0.0,-0.0889,-0.771625,0.636078,1
5559,20.65,0.0,0.0921,0.0,-0.0921,-0.768842,0.639439,1
5560,20.6667,0.0,0.0894,0.0,-0.0894,-0.766044,0.642788,1
5561,20.6833,0.0,0.0882,0.0,-0.0882,-0.763232,0.646124,1
5562,20.7,0.0,0.0893,0.0,-0.0893,-0.760406,0.649448,1
5563,20.7167,0.0,0.0899,0.0,-0.0899,-0.757565,0.65276,1
5564,20.7333,0.0,0.0888,0.0,-0.0888,-0.75471,0.656059,1
5565,20.75,0.0,0.0908,0.0,-0.0908,-0.75184,0.659346,1
5566,20.7667,0.0,0.0886,0.0,-0.0886,-0.748956,0.66262,1
5567,20.7833,0.0,0.091,0.0,-0.091,-0.746057,0.665882,1
5568,20.8,0.0,0.087,0.0,-0.087,-0.743145,0.669131,1
5569,20.8167,0.0,0.0924,0.0,-0.0924,-0.740218,0.672367,1
5570,20.8333,0.0,0.0915,0.0,-0.0915,-0.737277,0.67559,1
5571,20.85,0.0,0.0875,0.0,-0.0875,-0.734323,0.678801,1
5572,20.8667,0.0,0.0891,0.0,-0.0891,-0.731354,0.681998,1
5573,20.8833,0.0,0.0899,0.0,-0.0899,-0.728371,0.685183,1
5574,20.9,0.0,0.0886,0.0,-0.0886,-0.725374,0.688355,1
5575,20.9167,0.0,0.091,0.0,-0.091,-0.722364,0.691513,1
5576,20.9333,0.0,0.092,0.0,-0.092,-0.71934,0.694658,1
5577,20.95,0.0,0.0896,0.0,-0.0896,-0.716302,0.69779,1
5578,20.9667,0.0,0.0878,0.0,-0.0878,-0.71325,0.700909,1
5579,20.9833,0.0,0.0907,0.0,-0.0907,-0.710185,0.704015,1
5580,21.0,0.0,0.0903,0.0,-0.0903,-0.707107,0.707107,1
5581,21.0167,0.0,0.0876,0.0,-0.0876,-0.704015,0.710185,1
5582,21.0333,0.0,0.0886,0.0,-0.0886,-0.700909,0.71325,1
5583,21.05,0.0,0.0889,0.0,-0.0889,-0.69779,0.716302,1
5584,21.0667,0.0,0.0922,0.0,-0.0922,-0.694658,0.71934,1
5585,21.0833,0.0,0.0913,0.0,-0.0913,-0.691513,0.722364,1
5586,21.1,0.0,0.091,0.0,-0.091,-0.688355,0.725374,1
5587,21.1167,0.0,0.0873,0.0,-0.0873,-0.685183,0.728371,1
5588,21.1333,0.0,0.088,0.0,-0.088,-0.681998,0.731354,1
5589,21.15,0.0,0.0902,0.0,-0.0902,-0.678801,0.734323,1
5590,21.1667,0.0,0.0887,0.0,-0.0887,-0.67559,0.737277,1
5591,21.1833,0.0,0.0877,0.0,-0.0877,-0.672367,0.740218,1
5592,21.2,0.0,0.0893,0.0,-0.0893,-0.669131,0.743145,1
5593,21.2167,0.0,0.1707,0.0,-0.1707,-0.665882,0.746057,1
5594,21.2333,0.0,0.1747,0.0,-0.1747,-0.66262,0.748956,1
5595,21.25,0.0,0.1693,0.0,-0.1693,-0.659346,0.75184,1
5596,21.2667,0.0,0.1717,0.0,-0.1717,-0.656059,0.75471,1
5597,21.2833,0.0,0.17,0.0,-0.17,-0.65276,0.757565,1
5598,21.3,0.0,0.1709,0.0,-0.1709,-0.649448,0.760406,1
5599,21.3167,0.0,0.166,0.0,-0.166,-0.646124,0.763232,1
5600,21.3333,0.0,0.1717,0.0,-0.1717,-0.642788,0.766044,1
5601,21.35,0.0,0.169,0.0,-0.169,-0.639439,0.768842,1
5602,21.3667,0.0,0.1722,0.0,-0.1722,-0.636078,0.771625,1
5603,21.3833,0.0,0.1698,0.0,-0.1698,-0.632705,0.774393,1
5604,21.4,0.0,0.1716,0.0,-0.1716,-0.62932,0.777146,1
5605,21.4167,0.0,0.1706,0.0,-0.1706,-0.625923,0.779884,1
5606,21.4333,0.0,0.1682,0.0,-0.1682,-0.622515,0.782608,1
5607,21.45,0.0,0.1706,0.0,-0.1706,-0.619094,0.785317,1
5608,21.4667,0.0,0.1651,0.0,-0.1651,-0.615661,0.788011,1
5609,21.4833,0.0,0.1712,0.0,-0.1712,-0.612217,0.79069,1
5610,21.5,0.0,0.1703,0.0,-0.1703,-0.608761,0.793353,1
5611,21.5167,0.0,0.1717,0.0,-0.1717,-0.605294,0.796002,1
5612,21.5333,0.0,0.1707,0.0,-0.1707,-0.601815,0.798636,1
5613,21.55,0.0,0.1685,0.0,-0.1685,-0.598325,0.801254,1
5614,21.5667,0.0,0.1659,0.0,-0.1659,-0.594823,0.803857,1
5615,21.5833,0.0,0.1723,0.0,-0.1723,-0.59131,0.806445,1
5616,21.6,0.0,0.1696,0.0,-0.1696,-0.587785,0.809017,1
5617,21.6167,0.0,0.1702,0.0,-0.1702,-0.58425,0.811574,1
5618,21.6333,0.0,0.1718,0.0,-0.1718,-0.580703,0.814116,1
5619,21.65,0.0,0.1678,0.0,-0.1678,-0.577145,0.816642,1
5620,21.6667,0.0,0.1673,0.0,-0.1673,-0.573576,0.819152,1
5621,21.6833,0.0,0.1719,0.0,-0.1719,-0.569997,0.821647,1
5622,21.7,0.0,0.1689,0.0,-0.1689,-0.566406,0.824126,1
5623,21.7167,0.0,0.1704,0.0,-0.1704,-0.562805,0.82659,1
5624,21.7333,0.0,0.1699,0.0,-0.1699,-0.559193,0.829038,1
5625,21.75,0.0,0.1678,0.0,-0.1678,-0.55557,0.83147,1
5626,21.7667,0.0,0.171,0.0,-0.171,-0.551937,0.833886,1
5627,21.7833,0.0,0.1704,0.0,-0.1704,-0.548293,0.836286,1
5628,21.8,0.0,0.1706,0.0,-0.1706,-0.544639,0.838671,1
5629,21.8167,0.0,0.1714,0.0,-0.1714,-0.540974,0.841039,1
5630,21.8333,0.0,0.173,0.0,-0.173,-0.5373,0.843391,1
5631,21.85,0.0,0.1697,0.0,-0.1697,-0.533615,0.845728,1
5632,21.8667,0.0,0.1693,0.0,-0.1693,-0.529919,0.848048,1
5633,21.8833,0.0,0.1675,0.0,-0.1675,-0.526214,0.850352,1
5634,21.9,0.0,0.171,0.0,-0.171,-0.522499,0.85264,1
5635,21.9167,0.0,0.1677,0.0,-0.1677,-0.518773,0.854912,1
5636,21.9333,0.0,0.1718,0.0,-0.1718,-0.515038,0.857167,1
5637,21.95,0.0,0.1683,0.0,-0.1683,-0.511293,0.859406,1
5638,21.9667,0.0,0.1738,0.0,-0.1738,-0.507538,0.861629,1
5639,21.9833,0.0,0.1718,0.0,-0.1718,-0.503774,0.863836,1
5640,22.0,0.0,0.1044,0.0,-0.1044,-0.5,0.866025,1
5641,22.0167,0.0,0.1016,0.0,-0.1016,-0.496217,0.868199,1
5642,22.0333,0.0,0.1041,0.0,-0.1041,-0.492424,0.870356,1
5643,22.05,0.0,0.1015,0.0,-0.1015,-0.488621,0.872496,1
5644,22.0667,0.0,0.1013,0.0,-0.1013,-0.48481,0.87462,1
5645,22.0833,0.0,0.1027,0.0,-0.1027,-0.480989,0.876727,1
5646,22.1,0.0,0.1019,0.0,-0.1019,-0.477159,0.878817,1
5647,22.1167,0.0,0.0993,0.0,-0.0993,-0.47332,0.880891,1
5648,22.1333,0.0,0.0998,0.0,-0.0998,-0.469472,0.882948,1
5649,22.15,0.0,0.0998,0.0,-0.0998,-0.465615,0.884988,1
5650,22.1667,0.0,0.0985,0.0,-0.0985,-0.461749,0.887011,1
5651,22.1833,0.0,0.1002,0.0,-0.1002,-0.457874,0.889017,1
5652,22.2,0.0,0.0993,0.0,-0.0993,-0.45399,0.891007,1
5653,22.2167,0.0,0.1014,0.0,-0.1014,-0.450098,0.892979,1
5654,22.2333,0.0,0.1005,0.0,-0.1005,-0.446198,0.894934,1
5655,22.25,0.0,0.022,0.0,-0.022,-0.442289,0.896873,1
5656,22.2667,0.0,0.0227,0.0,-0.0227,-0.438371,0.898794,1
5657,22.2833,0.0,0.0191,0.0,-0.0191,-0.434445,0.900698,1
5658,22.3,0.0,0.0228,0.0,-0.0228,-0.430511,0.902585,1
5659,22.3167,0.0,0.0231,0.0,-0.0231,-0.426569,0.904455,1
5660,22.3333,0.0,0.0214,0.0,-0.0214,-0.422618,0.906308,1
5661,22.35,0.0,0.0218,0.0,-0.0218,-0.41866,0.908143,1
5662,22.3667,0.0,0.0226,0.0,-0.0226,-0.414693,0.909961,1
5663,22.3833,0.0,0.0237,0.0,-0.0237,-0.410719,0.911762,1
5664,22.4,0.0,0.0195,0.0,-0.0195,-0.406737,0.913545,1
5665,22.4167,0.0,0.0236,0.0,-0.0236,-0.402747,0.915311,1
5666,22.4333,0.0,0.0239,0.0,-0.0239,-0.398749,0.91706,1
5667,22.45,0.0,0.0209,0.0,-0.0209,-0.394744,0.918791,1
5668,22.4667,0.0,0.0222,0.0,-0.0222,-0.390731,0.920505,1
5669,22.4833,0.0,0.0208,0.0,-0.0208,-0.386711,0.922201,1
5670,22.5,0.0,0.0196,0.0,-0.0196,-0.382683,0.92388,1
5671,22.5167,0.0,0.0207,0.0,-0.0207,-0.378649,0.925541,1
5672,22.5333,0.0,0.0242,0.0,-0.0242,-0.374607,0.927184,1
5673,22.55,0.0,0.0236,0.0,-0.0236,-0.370557,0.92881,1
5674,22.5667,0.0,0.0191,0.0,-0.0191,-0.366501,0.930418,1
5675,22.5833,0.0,0.022,0.0,-0.022,-0.362438,0.932008,1
5676,22.6,0.0,0.0229,0.0,-0.0229,-0.358368,0.93358,1
5677,22.6167,0.0,0.0238,0.0,-0.0238,-0.354291,0.935135,1
5678,22.6333,0.0,0.0227,0.0,-0.0227,-0.350207,0.936672,1
5679,22.65,0.0,0.0196,0.0,-0.0196,-0.346117,0.938191,1
5680,22.6667,0.0,0.0231,0.0,-0.0231,-0.34202,0.939693,1
5681,22.6833,0.0,0.0235,0.0,-0.0235,-0.337917,0.941176,1
5682,22.7,0.0,0.0228,0.0,-0.0228,-0.333807,0.942641,1
5683,22.7167,0.0,0.0211,0.0,-0.0211,-0.329691,0.944089,1
5684,22.7333,0.0,0.0188,0.0,-0.0188,-0.325568,0.945519,1
5685,22.75,0.0,0.024,0.0,-0.024,-0.321439,0.94693,1
5686,22.7667,0.0,0.0221,0.0,-0.0221,-0.317305,0.948324,1
5687,22.7833,0.0,0.0226,0.0,-0.0226,-0.313164,0.949699,1
5688,22.8,0.0,0.0215,0.0,-0.0215,-0.309017,0.951057,1
5689,22.8167,0.0,0.0197,0.0,-0.0197,-0.304864,0.952396,1
5690,22.8333,0.0,0.0205,0.0,-0.0205,-0.300706,0.953717,1
5691,22.85,0.0,0.0263,0.0,-0.0263,-0.296542,0.95502,1
5692,22.8667,0.0,0.0235,0.0,-0.0235,-0.292372,0.956305,1
5693,22.8833,0.0,0.0231,0.0,-0.0231,-0.288196,0.957571,1
5694,22.9,0.0,0.0174,0.0,-0.0174,-0.284015,0.95882,1
5695,22.9167,0.0,0.0233,0.0,-0.0233,-0.279829,0.96005,1
5696,22.9333,0.0,0.0213,0.0,-0.0213,-0.275637,0.961262,1
5697,22.95,0.0,0.0225,0.0,-0.0225,-0.27144,0.962455,1
5698,22.9667,0.0,0.0237,0.0,-0.0237,-0.267238,0.96363,1
5699,22.9833,0.0,0.0201,0.0,-0.0201,-0.263031,0.964787,1
5700,23.0,0.0,0.0184,0.0,-0.0184,-0.258819,0.965926,1
5701,23.0167,0.0,0.0202,0.0,-0.0202,-0.254602,0.967046,1
5702,23.0333,0.0,0.0216,0.0,-0.0216,-0.25038,0.968148,1
5703,23.05,0.0,0.0232,0.0,-0.0232,-0.246153,0.969231,1
5704,23.0667,0.0,0.0241,0.0,-0.0241,-0.241922,0.970296,1
5705,23.0833,0.0,0.02,0.0,-0.02,-0.237686,0.971342,1
5706,23.1,0.0,0.024,0.0,-0.024,-0.233445,0.97237,1
5707,23.1167,0.0,0.0186,0.0,-0.0186,-0.2292,0.973379,1
5708,23.1333,0.0,0.0217,0.0,-0.0217,-0.224951,0.97437,1
5709,23.15,0.0,0.0213,0.0,-0.0213,-0.220697,0.975342,1
5710,23.1667,0.0,0.0188,0.0,-0.0188,-0.21644,0.976296,1
5711,23.1833,0.0,0.0214,0.0,-0.0214,-0.212178,0.977231,1
5712,23.2,0.0,0.0208,0.0,-0.0208,-0.207912,0.978148,1
5713,23.2167,0.0,0.0206,0.0,-0.0206,-0.203642,0.979045,1
5714,23.2333,0.0,0.0218,0.0,-0.0218,-0.199368,0.979925,1
5715,23.25,0.0,0.0197,0.0,-0.0197,-0.19509,0.980785,1
5716,23.2667,0.0,0.0216,0.0,-0.0216,-0.190809,0.981627,1
5717,23.2833,0.0,0.0238,0.0,-0.0238,-0.186524,0.98245,1
5718,23.3,0.0,0.0242,0.0,-0.0242,-0.182236,0.983255,1
5719,23.3167,0.0,0.0231,0.0,-0.0231,-0.177944,0.984041,1
5720,23.3333,0.0,0.0201,0.0,-0.0201,-0.173648,0.984808,1
5721,23.35,0.0,0.0222,0.0,-0.0222,-0.16935,0.985556,1
5722,23.3667,0.0,0.0232,0.0,-0.0232,-0.165048,0.986286,1
5723,23.3833,0.0,0.0233,0.0,-0.0233,-0.160743,0.986996,1
5724,23.4,0.0,0.0213,0.0,-0.0213,-0.156434,0.987688,1
5725,23.4167,0.0,0.0259,0.0,-0.0259,-0.152123,0.988362,1
5726,23.4333,0.0,0.0187,0.0,-0.0187,-0.147809,0.989016,1
5727,23.45,0.0,0.0203,0.0,-0.0203,-0.143493,0.989651,1
5728,23.4667,0.0,0.02,0.0,-0.02,-0.139173,0.990268,1
5729,23.4833,0.0,0.0195,0.0,-0.0195,-0.134851,0.990866,1
5730,23.5,0.0,0.0178,0.0,-0.0178,-0.130526,0.991445,1
5731,23.5167,0.0,0.0204,0.0,-0.0204,-0.126199,0.992005,1
5732,23.5333,0.0,0.0234,0.0,-0.0234,-0.121869,0.992546,1
5733,23.55,0.0,0.0199,0.0,-0.0199,-0.117537,0.993068,1
5734,23.5667,0.0,0.0222,0.0,-0.0222,-0.113203,0.993572,1
5735,23.5833,0.0,0.0209,0.0,-0.0209,-0.108867,0.994056,1
5736,23.6,0.0,0.018,0.0,-0.018,-0.104528,0.994522,1
5737,23.6167,0.0,0.0195,0.0,-0.0195,-0.100188,0.994969,1
5738,23.6333,0.0,0.027,0.0,-0.027,-0.095846,0.995396,1
5739,23.65,0.0,0.0211,0.0,-0.0211,-0.091502,0.995805,1
5740,23.6667,0.0,0.0246,0.0,-0.0246,-0.087156,0.996195,1
5741,23.6833,0.0,0.0234,0.0,-0.0234,-0.082808,0.996566,1
5742,23.7,0.0,0.0183,0.0,-0.0183,-0.078459,0.996917,1
5743,23.7167,0.0,0.023,0.0,-0.023,-0.074108,0.99725,1
5744,23.7333,0.0,0.0203,0.0,-0.0203,-0.069756,0.997564,1
5745,23.75,0.0,0.0207,0.0,-0.0207,-0.065403,0.997859,1
5746,23.7667,0.0,0.0221,0.0,-0.0221,-0.061049,0.998135,1
5747,23.7833,0.0,0.0226,0.0,-0.0226,-0.056693,0.998392,1
5748,23.8,0.0,0.0234,0.0,-0.0234,-0.052336,0.99863,1
5749,23.8167,0.0,0.0219,0.0,-0.0219,-0.047978,0.998848,1
5750,23.8333,0.0,0.0211,0.0,-0.0211,-0.043619,0.999048,1
5751,23.85,0.0,0.0219,0.0,-0.0219,-0.03926,0.999229,1
5752,23.8667,0.0,0.0241,0.0,-0.0241,-0.034899,0.999391,1
5753,23.8833,0.0,0.0214,0.0,-0.0214,-0.030539,0.999534,1
5754,23.9,0.0,0.0228,0.0,-0.0228,-0.026177,0.999657,1
5755,23.9167,0.0,0.0228,0.0,-0.0228,-0.021815,0.999762,1
5756,23.9333,0.0,0.0219,0.0,-0.0219,-0.017452,0.999848,1
5757,23.95,0.0,0.0203,0.0,-0.0203,-0.01309,0.999914,1
5758,23.9667,0.0,0.0235,0.0,-0.0235,-0.008727,0.999962,1
5759,23.9833,0.0,0.0239,0.0,-0.0239,-0.004363,0.99999,1
5760,0.0,0.0,0.0221,0.0,-0.0221,0.0,1.0,1
5761,0.0167,0.0,0.0241,0.0,-0.0241,0.004363,0.99999,1
5762,0.0333,0.0,0.0227,0.0,-0.0227,0.008727,0.999962,1
5763,0.05,0.0,0.0176,0.0,-0.0176,0.01309,0.999914,1
5764,0.0667,0.0,0.0173,0.0,-0.0173,0.017452,0.999848,1
5765,0.0833,0.0,0.0214,0.0,-0.0214,0.021815,0.999762,1
5766,0.1,0.0,0.0215,0.0,-0.0215,0.026177,0.999657,1
5767,0.1167,0.0,0.0235,0.0,-0.0235,0.030539,0.999534,1
5768,0.1333,0.0,0.0194,0.0,-0.0194,0.034899,0.999391,1
5769,0.15,0.0,0.0215,0.0,-0.0215,0.03926,0.999229,1
5770,0.1667,0.0,0.0185,0.0,-0.0185,0.043619,0.999048,1
5771,0.1833,0.0,0.0212,0.0,-0.0212,0.047978,0.998848,1
5772,0.2,0.0,0.0237,0.0,-0.0237,0.052336,0.99863,1
5773,0.2167,0.0,0.0191,0.0,-0.0191,0.056693,0.998392,1
5774,0.2333,0.0,0.0232,0.0,-0.0232,0.061049,0.998135,1
5775,0.25,0.0,0.0193,0.0,-0.0193,0.065403,0.997859,1
5776,0.2667,0.0,0.0199,0.0,-0.0199,0.069756,0.997564,1
5777,0.2833,0.0,0.0216,0.0,-0.0216,0.074108,0.99725,1
5778,0.3,0.0,0.0203,0.0,-0.0203,0.078459,0.996917,1
5779,0.3167,0.0,0.0232,0.0,-0.0232,0.082808,0.996566,1
5780,0.3333,0.0,0.0223,0.0,-0.0223,0.087156,0.996195,1
5781,0.35,0.0,0.0214,0.0,-0.0214,0.091502,0.995805,1
5782,0.3667,0.0,0.0215,0.0,-0.0215,0.095846,0.995396,1
5783,0.3833,0.0,0.0228,0.0,-0.0228,0.100188,0.994969,1
5784,0.4,0.0,0.0197,0.0,-0.0197,0.104528,0.994522,1
5785,0.4167,0.0,0.017,0.0,-0.017,0.108867,0.994056,1
5786,0.4333,0.0,0.017,0.0,-0.017,0.113203,0.993572,1
5787,0.45,0.0,0.0186,0.0,-0.0186,0.117537,0.993068,1
5788,0.4667,0.0,0.0213,0.0,-0.0213,0.121869,0.992546,1
5789,0.4833,0.0,0.0213,0.0,-0.0213,0.126199,0.992005,1
5790,0.5,0.0,0.0187,0.0,-0.0187,0.130526,0.991445,1
5791,0.5167,0.0,0.0205,0.0,-0.0205,0.134851,0.990866,1
5792,0.5333,0.0,0.0198,0.0,-0.0198,0.139173,0.990268,1
5793,0.55,0.0,0.0197,0.0,-0.0197,0.143493,0.989651,1
5794,0.5667,0.0,0.0224,0.0,-0.0224,0.147809,0.989016,1
5795,0.5833,0.0,0.023,0.0,-0.023,0.152123,0.988362,1
5796,0.6,0.0,0.0244,0.0,-0.0244,0.156434,0.987688,1
5797,0.6167,0.0,0.0219,0.0,-0.0219,0.160743,0.986996,1
5798,0.6333,0.0,0.0219,0.0,-0.0219,0.165048,0.986286,1
5799,0.65,0.0,0.0263,0.0,-0.0263,0.16935,0.985556,1
5800,0.6667,0.0,0.0219,0.0,-0.0219,0.173648,0.984808,1
5801,0.6833,0.0,0.022,0.0,-0.022,0.177944,0.984041,1
5802,0.7,0.0,0.0193,0.0,-0.0193,0.182236,0.983255,1
5803,0.7167,0.0,0.019,0.0,-0.019,0.186524,0.98245,1
5804,0.7333,0.0,0.0178,0.0,-0.0178,0.190809,0.981627,1
5805,0.75,0.0,0.0242,0.0,-0.0242,0.19509,0.980785,1
5806,0.7667,0.0,0.0219,0.0,-0.0219,0.199368,0.979925,1
5807,0.7833,0.0,0.0201,0.0,-0.0201,0.203642,0.979045,1
5808,0.8,0.0,0.0221,0.0,-0.0221,0.207912,0.978148,1
5809,0.8167,0.0,0.0226,0.0,-0.0226,0.212178,0.977231,1
5810,0.8333,0.0,0.0172,0.0,-0.0172,0.21644,0.976296,1
5811,0.85,0.0,0.0243,0.0,-0.0243,0.220697,0.975342,1
5812,0.8667,0.0,0.024,0.0,-0.024,0.224951,0.97437,1
5813,0.8833,0.0,0.019,0.0,-0.019,0.2292,0.973379,1
5814,0.9,0.0,0.0201,0.0,-0.0201,0.233445,0.97237,1
5815,0.9167,0.0,0.0195,0.0,-0.0195,0.237686,0.971342,1
5816,0.9333,0.0,0.0228,0.0,-0.0228,0.241922,0.970296,1
5817,0.95,0.0,0.0199,0.0,-0.0199,0.246153,0.969231,1
5818,0.9667,0.0,0.0179,0.0,-0.0179,0.25038,0.968148,1
5819,0.9833,0.0,0.0179,0.0,-0.0179,0.254602,0.967046,1
5820,1.0,0.0,0.0184,0.0,-0.0184,0.258819,0.965926,1
5821,1.0167,0.0,0.0186,0.0,-0.0186,0.263031,0.964787,1
5822,1.0333,0.0,0.0242,0.0,-0.0242,0.267238,0.96363,1
5823,1.05,0.0,0.0171,0.0,-0.0171,0.27144,0.962455,1
5824,1.0667,0.0,0.0234,0.0,-0.0234,0.275637,0.961262,1
5825,1.0833,0.0,0.0182,0.0,-0.0182,0.279829,0.96005,1
5826,1.1,0.0,0.0218,0.0,-0.0218,0.284015,0.95882,1
5827,1.1167,0.0,0.0244,0.0,-0.0244,0.288196,0.957571,1
5828,1.1333,0.0,0.0206,0.0,-0.0206,0.292372,0.956305,1
5829,1.15,0.0,0.0199,0.0,-0.0199,0.296542,0.95502,1
5830,1.1667,0.0,0.0205,0.0,-0.0205,0.300706,0.953717,1
5831,1.1833,0.0,0.0218,0.0,-0.0218,0.304864,0.952396,1
5832,1.2,0.0,0.0222,0.0,-0.0222,0.309017,0.951057,1
5833,1.2167,0.0,0.0236,0.0,-0.0236,0.313164,0.949699,1
5834,1.2333,0.0,0.0198,0.0,-0.0198,0.317305,0.948324,1
5835,1.25,0.0,0.0168,0.0,-0.0168,0.321439,0.94693,1
5836,1.2667,0.0,0.0238,0.0,-0.0238,0.325568,0.945519,1
5837,1.2833,0.0,0.0253,0.0,-0.0253,0.329691,0.944089,1
5838,1.3,0.0,0.0241,0.0,-0.0241,0.333807,0.942641,1
5839,1.3167,0.0,0.0217,0.0,-0.0217,0.337917,0.941176,1
5840,1.3333,0.0,0.0199,0.0,-0.0199,0.34202,0.939693,1
5841,1.35,0.0,0.0207,0.0,-0.0207,0.346117,0.938191,1
5842,1.3667,0.0,0.0201,0.0,-0.0201,0.350207,0.936672,1
5843,1.3833,0.0,0.0235,0.0,-0.0235,0.354291,0.935135,1
5844,1.4,0.0,0.0253,0.0,-0.0253,0.358368,0.93358,1
5845,1.4167,0.0,0.0221,0.0,-0.0221,0.362438,0.932008,1
5846,1.4333,0.0,0.0203,0.0,-0.0203,0.366501,0.930418,1
5847,1.45,0.0,0.0215,0.0,-0.0215,0.370557,0.92881,1
5848,1.4667,0.0,0.0222,0.0,-0.0222,0.374607,0.927184,1
5849,1.4833,0.0,0.0183,0.0,-0.0183,0.378649,0.925541,1
5850,1.5,0.0,0.0209,0.0,-0.0209,0.382683,0.92388,1
5851,1.5167,0.0,0.0226,0.0,-0.0226,0.386711,0.922201,1
5852,1.5333,0.0,0.018,0.0,-0.018,0.390731,0.920505,1
5853,1.55,0.0,0.0187,0.0,-0.0187,0.394744,0.918791,1
5854,1.5667,0.0,0.0212,0.0,-0.0212,0.398749,0.91706,1
5855,1.5833,0.0,0.0189,0.0,-0.0189,0.402747,0.915311,1
5856,1.6,0.0,0.0202,0.0,-0.0202,0.406737,0.913545,1
5857,1.6167,0.0,0.0226,0.0,-0.0226,0.410719,0.911762,1
5858,1.6333,0.0,0.0223,0.0,-0.0223,0.414693,0.909961,1
5859,1.65,0.0,0.0251,0.0,-0.0251,0.41866,0.908143,1
5860,1.6667,0.0,0.0257,0.0,-0.0257,0.422618,0.906308,1
5861,1.6833,0.0,0.0219,0.0,-0.0219,0.426569,0.904455,1
5862,1.7,0.0,0.024,0.0,-0.024,0.430511,0.902585,1
5863,1.7167,0.0,0.0244,0.0,-0.0244,0.434445,0.900698,1
5864,1.7333,0.0,0.0218,0.0,-0.0218,0.438371,0.898794,1
5865,1.75,0.0,0.021,0.0,-0.021,0.442289,0.896873,1
5866,1.7667,0.0,0.0241,0.0,-0.0241,0.446198,0.894934,1
5867,1.7833,0.0,0.0228,0.0,-0.0228,0.450098,0.892979,1
5868,1.8,0.0,0.0231,0.0,-0.0231,0.45399,0.891007,1
5869,1.8167,0.0,0.0198,0.0,-0.0198,0.457874,0.889017,1
5870,1.8333,0.0,0.0184,0.0,-0.0184,0.461749,0.887011,1
5871,1.85,0.0,0.0218,0.0,-0.0218,0.465615,0.884988,1
5872,1.8667,0.0,0.0222,0.0,-0.0222,0.469472,0.882948,1
5873,1.8833,0.0,0.0216,0.0,-0.0216,0.47332,0.880891,1
5874,1.9,0.0,0.0223,0.0,-0.0223,0.477159,0.878817,1
5875,1.9167,0.0,0.0175,0.0,-0.0175,0.480989,0.876727,1
5876,1.9333,0.0,0.0218,0.0,-0.0218,0.48481,0.87462,1
5877,1.95,0.0,0.0216,0.0,-0.0216,0.488621,0.872496,1
5878,1.9667,0.0,0.0224,0.0,-0.0224,0.492424,0.870356,1
5879,1.9833,0.0,0.0206,0.0,-0.0206,0.496217,0.868199,1
5880,2.0,0.0,0.0207,0.0,-0.0207,0.5,0.866025,1
5881,2.0167,0.0,0.0206,0.0,-0.0206,0.503774,0.863836,1
5882,2.0333,0.0,0.0209,0.0,-0.0209,0.507538,0.861629,1
5883,2.05,0.0,0.0207,0.0,-0.0207,0.511293,0.859406,1
5884,2.0667,0.0,0.0207,0.0,-0.0207,0.515038,0.857167,1
5885,2.0833,0.0,0.0232,0.0,-0.0232,0.518773,0.854912,1
5886,2.1,0.0,0.0226,0.0,-0.0226,0.522499,0.85264,1
5887,2.1167,0.0,0.0204,0.0,-0.0204,0.526214,0.850352,1
5888,2.1333,0.0,0.0232,0.0,-0.0232,0.529919,0.848048,1
5889,2.15,0.0,0.0243,0.0,-0.0243,0.533615,0.845728,1
5890,2.1667,0.0,0.0195,0.0,-0.0195,0.5373,0.843391,1
5891,2.1833,0.0,0.0225,0.0,-0.0225,0.540974,0.841039,1
5892,2.2,0.0,0.0202,0.0,-0.0202,0.544639,0.838671,1
5893,2.2167,0.0,0.0217,0.0,-0.0217,0.548293,0.836286,1
5894,2.2333,0.0,0.0193,0.0,-0.0193,0.551937,0.833886,1
5895,2.25,0.0,0.0189,0.0,-0.0189,0.55557,0.83147,1
5896,2.2667,0.0,0.0217,0.0,-0.0217,0.559193,0.829038,1
5897,2.2833,0.0,0.0219,0.0,-0.0219,0.562805,0.82659,1
5898,2.3,0.0,0.0227,0.0,-0.0227,0.566406,0.824126,1
5899,2.3167,0.0,0.0221,0.0,-0.0221,0.569997,0.821647,1
5900,2.3333,0.0,0.0234,0.0,-0.0234,0.573576,0.819152,1
5901,2.35,0.0,0.0256,0.0,-0.0256,0.577145,0.816642,1
5902,2.3667,0.0,0.0218,0.0,-0.0218,0.580703,0.814116,1
5903,2.3833,0.0,0.0214,0.0,-0.0214,0.58425,0.811574,1
5904,2.4,0.0,0.0233,0.0,-0.0233,0.587785,0.809017,1
5905,2.4167,0.0,0.0203,0.0,-0.0203,0.59131,0.806445,1
5906,2.4333,0.0,0.019,0.0,-0.019,0.594823,0.803857,1
5907,2.45,0.0,0.0194,0.0,-0.0194,0.598325,0.801254,1
5908,2.4667,0.0,0.0208,0.0,-0.0208,0.601815,0.798636,1
5909,2.4833,0.0,0.0192,0.0,-0.0192,0.605294,0.796002,1
5910,2.5,0.0,0.0209,0.0,-0.0209,0.608761,0.793353,1
5911,2.5167,0.0,0.0229,0.0,-0.0229,0.612217,0.79069,1
5912,2.5333,0.0,0.0234,0.0,-0.0234,0.615661,0.788011,1
5913,2.55,0.0,0.0173,0.0,-0.0173,0.619094,0.785317,1
5914,2.5667,0.0,0.0208,0.0,-0.0208,0.622515,0.782608,1
5915,2.5833,0.0,0.02,0.0,-0.02,0.625923,0.779884,1
5916,2.6,0.0,0.0215,0.0,-0.0215,0.62932,0.777146,1
5917,2.6167,0.0,0.0204,0.0,-0.0204,0.632705,0.774393,1
5918,2.6333,0.0,0.0181,0.0,-0.0181,0.636078,0.771625,1
5919,2.65,0.0,0.0198,0.0,-0.0198,0.639439,0.768842,1
5920,2.6667,0.0,0.0238,0.0,-0.0238,0.642788,0.766044,1
5921,2.6833,0.0,0.0228,0.0,-0.0228,0.646124,0.763232,1
5922,2.7,0.0,0.0191,0.0,-0.0191,0.649448,0.760406,1
5923,2.7167,0.0,0.022,0.0,-0.022,0.65276,0.757565,1
5924,2.7333,0.0,0.0238,0.0,-0.0238,0.656059,0.75471,1
5925,2.75,0.0,0.0214,0.0,-0.0214,0.659346,0.75184,1
5926,2.7667,0.0,0.0237,0.0,-0.0237,0.66262,0.748956,1
5927,2.7833,0.0,0.0186,0.0,-0.0186,0.665882,0.746057,1
5928,2.8,0.0,0.0246,0.0,-0.0246,0.669131,0.743145,1
5929,2.8167,0.0,0.023,0.0,-0.023,0.672367,0.740218,1
5930,2.8333,0.0,0.0251,0.0,-0.0251,0.67559,0.737277,1
5931,2.85,0.0,0.0213,0.0,-0.0213,0.678801,0.734323,1
5932,2.8667,0.0,0.022,0.0,-0.022,0.681998,0.731354,1
5933,2.8833,0.0,0.0248,0.0,-0.0248,0.685183,0.728371,1
5934,2.9,0.0,0.0246,0.0,-0.0246,0.688355,0.725374,1
5935,2.9167,0.0,0.0239,0.0,-0.0239,0.691513,0.722364,1
5936,2.9333,0.0,0.0212,0.0,-0.0212,0.694658,0.71934,1
5937,2.95,0.0,0.0199,0.0,-0.0199,0.69779,0.716302,1
5938,2.9667,0.0,0.0205,0.0,-0.0205,0.700909,0.71325,1
5939,2.9833,0.0,0.0217,0.0,-0.0217,0.704015,0.710185,1
5940,3.0,0.0,0.0222,0.0,-0.0222,0.707107,0.707107,1
5941,3.0167,0.0,0.0186,0.0,-0.0186,0.710185,0.704015,1
5942,3.0333,0.0,0.0213,0.0,-0.0213,0.71325,0.700909,1
5943,3.05,0.0,0.0217,0.0,-0.0217,0.716302,0.69779,1
5944,3.0667,0.0,0.0233,0.0,-0.0233,0.71934,0.694658,1
5945,3.0833,0.0,0.0198,0.0,-0.0198,0.722364,0.691513,1
5946,3.1,0.0,0.0205,0.0,-0.0205,0.725374,0.688355,1
5947,3.1167,0.0,0.021,0.0,-0.021,0.728371,0.685183,1
5948,3.1333,0.0,0.02,0.0,-0.02,0.731354,0.681998,1
5949,3.15,0.0,0.0238,0.0,-0.0238,0.734323,0.678801,1
5950,3.1667,0.0,0.0181,0.0,-0.0181,0.737277,0.67559,1
5951,3.1833,0.0,0.0201,0.0,-0.0201,0.740218,0.672367,1
5952,3.2,0.0,0.0212,0.0,-0.0212,0.743145,0.669131,1
5953,3.2167,0.0,0.0255,0.0,-0.0255,0.746057,0.665882,1
5954,3.2333,0.0,0.0181,0.0,-0.0181,0.748956,0.66262,1
5955,3.25,0.0,0.0202,0.0,-0.0202,0.75184,0.659346,1
5956,3.2667,0.0,0.0244,0.0,-0.0244,0.75471,0.656059,1
5957,3.2833,0.0,0.0254,0.0,-0.0254,0.757565,0.65276,1
5958,3.3,0.0,0.0215,0.0,-0.0215,0.760406,0.649448,1
5959,3.3167,0.0,0.0239,0.0,-0.0239,0.763232,0.646124,1
5960,3.3333,0.0,0.0214,0.0,-0.0214,0.766044,0.642788,1
5961,3.35,0.0,0.0217,0.0,-0.0217,0.768842,0.639439,1
5962,3.3667,0.0,0.0233,0.0,-0.0233,0.771625,0.636078,1
5963,3.3833,0.0,0.0255,0.0,-0.0255,0.774393,0.632705,1
5964,3.4,0.0,0.0208,0.0,-0.0208,0.777146,0.62932,1
5965,3.4167,0.0,0.0169,0.0,-0.0169,0.779884,0.625923,1
5966,3.4333,0.0,0.0217,0.0,-0.0217,0.782608,0.622515,1
5967,3.45,0.0,0.0233,0.0,-0.0233,0.785317,0.619094,1
5968,3.4667,0.0,0.0202,0.0,-0.0202,0.788011,0.615661,1
5969,3.4833,0.0,0.0249,0.0,-0.0249,0.79069,0.612217,1
5970,3.5,0.0,0.0245,0.0,-0.0245,0.793353,0.608761,1
5971,3.5167,0.0,0.0232,0.0,-0.0232,0.796002,0.605294,1
5972,3.5333,0.0,0.0231,0.0,-0.0231,0.798636,0.601815,1
5973,3.55,0.0,0.0219,0.0,-0.0219,0.801254,0.598325,1
5974,3.5667,0.0,0.0212,0.0,-0.0212,0.803857,0.594823,1
5975,3.5833,0.0,0.0244,0.0,-0.0244,0.806445,0.59131,1
5976,3.6,0.0,0.0219,0.0,-0.0219,0.809017,0.587785,1
5977,3.6167,0.0,0.0207,0.0,-0.0207,0.811574,0.58425,1
5978,3.6333,0.0,0.0219,0.0,-0.0219,0.814116,0.580703,1
5979,3.65,0.0,0.0235,0.0,-0.0235,0.816642,0.577145,1
5980,3.6667,0.0,0.0218,0.0,-0.0218,0.819152,0.573576,1
5981,3.6833,0.0,0.0224,0.0,-0.0224,0.821647,0.569997,1
5982,3.7,0.0,0.0206,0.0,-0.0206,0.824126,0.566406,1
5983,3.7167,0.0,0.0204,0.0,-0.0204,0.82659,0.562805,1
5984,3.7333,0.0,0.0165,0.0,-0.0165,0.829038,0.559193,1
5985,3.75,0.0,0.0195,0.0,-0.0195,0.83147,0.55557,1
5986,3.7667,0.0,0.0238,0.0,-0.0238,0.833886,0.551937,1
5987,3.7833,0.0,0.0201,0.0,-0.0201,0.836286,0.548293,1
5988,3.8,0.0,0.0213,0.0,-0.0213,0.838671,0.544639,1
5989,3.8167,0.0,0.0211,0.0,-0.0211,0.841039,0.540974,1
5990,3.8333,0.0,0.0234,0.0,-0.0234,0.843391,0.5373,1
5991,3.85,0.0,0.0196,0.0,-0.0196,0.845728,0.533615,1
5992,3.8667,0.0,0.0227,0.0,-0.0227,0.848048,0.529919,1
5993,3.8833,0.0,0.0231,0.0,-0.0231,0.850352,0.526214,1
5994,3.9,0.0,0.0222,0.0,-0.0222,0.85264,0.522499,1
5995,3.9167,0.0,0.0218,0.0,-0.0218,0.854912,0.518773,1
5996,3.9333,0.0,0.022,0.0,-0.022,0.857167,0.515038,1
5997,3.95,0.0,0.0189,0.0,-0.0189,0.859406,0.511293,1
5998,3.9667,0.0,0.0187,0.0,-0.0187,0.861629,0.507538,1
5999,3.9833,0.0,0.025,0.0,-0.025,0.863836,0.503774,1
6000,4.0,0.0,0.0228,0.0,-0.0228,0.866025,0.5,1
6001,4.0167,0.0,0.0242,0.0,-0.0242,0.868199,0.496217,1
6002,4.0333,0.0,0.0198,0.0,-0.0198,0.870356,0.492424,1
6003,4.05,0.0,0.0217,0.0,-0.0217,0.872496,0.488621,1
6004,4.0667,0.0,0.0208,0.0,-0.0208,0.87462,0.48481,1
6005,4.0833,0.0,0.0209,0.0,-0.0209,0.876727,0.480989,1
6006,4.1,0.0,0.0236,0.0,-0.0236,0.878817,0.477159,1
6007,4.1167,0.0,0.018,0.0,-0.018,0.880891,0.47332,1
6008,4.1333,0.0,0.0207,0.0,-0.0207,0.882948,0.469472,1
6009,4.15,0.0,0.0211,0.0,-0.0211,0.884988,0.465615,1
6010,4.1667,0.0,0.024,0.0,-0.024,0.887011,0.461749,1
6011,4.1833,0.0,0.0214,0.0,-0.0214,0.889017,0.457874,1
6012,4.2,0.0,0.0207,0.0,-0.0207,0.891007,0.45399,1
6013,4.2167,0.0,0.0231,0.0,-0.0231,0.892979,0.450098,1
6014,4.2333,0.0,0.0204,0.0,-0.0204,0.894934,0.446198,1
6015,4.25,0.0,0.0244,0.0,-0.0244,0.896873,0.442289,1
6016,4.2667,0.0,0.0218,0.0,-0.0218,0.898794,0.438371,1
6017,4.2833,0.0,0.0226,0.0,-0.0226,0.900698,0.434445,1
6018,4.3,0.0,0.0217,0.0,-0.0217,0.902585,0.430511,1
6019,4.3167,0.0,0.0161,0.0,-0.0161,0.904455,0.426569,1
6020,4.3333,0.0,0.0222,0.0,-0.0222,0.906308,0.422618,1
6021,4.35,0.0,0.0235,0.0,-0.0235,0.908143,0.41866,1
6022,4.3667,0.0,0.0215,0.0,-0.0215,0.909961,0.414693,1
6023,4.3833,0.0,0.0223,0.0,-0.0223,0.911762,0.410719,1
6024,4.4,0.0,0.0193,0.0,-0.0193,0.913545,0.406737,1
6025,4.4167,0.0,0.0192,0.0,-0.0192,0.915311,0.402747,1
6026,4.4333,0.0,0.0221,0.0,-0.0221,0.91706,0.398749,1
6027,4.45,0.0,0.0214,0.0,-0.0214,0.918791,0.394744,1
6028,4.4667,0.0,0.0282,0.0,-0.0282,0.920505,0.390731,1
6029,4.4833,0.0,0.0209,0.0,-0.0209,0.922201,0.386711,1
6030,4.5,0.0,0.0214,0.0,-0.0214,0.92388,0.382683,1
6031,4.5167,0.0,0.0239,0.0,-0.0239,0.925541,0.378649,1
6032,4.5333,0.0,0.0231,0.0,-0.0231,0.927184,0.374607,1
6033,4.55,0.0,0.0188,0.0,-0.0188,0.92881,0.370557,1
6034,4.5667,0.0,0.0219,0.0,-0.0219,0.930418,0.366501,1
6035,4.5833,0.0,0.0224,0.0,-0.0224,0.932008,0.362438,1
6036,4.6,0.0,0.021,0.0,-0.021,0.93358,0.358368,1
6037,4.6167,0.0,0.0223,0.0,-0.0223,0.935135,0.354291,1
6038,4.6333,0.0,0.0205,0.0,-0.0205,0.936672,0.350207,1
6039,4.65,0.0,0.0209,0.0,-0.0209,0.938191,0.346117,1
6040,4.6667,0.0,0.0201,0.0,-0.0201,0.939693,0.34202,1
6041,4.6833,0.0,0.0184,0.0,-0.0184,0.941176,0.337917,1
6042,4.7,0.0,0.0201,0.0,-0.0201,0.942641,0.333807,1
6043,4.7167,0.0,0.023,0.0,-0.023,0.944089,0.329691,1
6044,4.7333,0.0,0.0238,0.0,-0.0238,0.945519,0.325568,1
6045,4.75,0.0,0.0234,0.0,-0.0234,0.94693,0.321439,1
6046,4.7667,0.0,0.0239,0.0,-0.0239,0.948324,0.317305,1
6047,4.7833,0.0,0.021,0.0,-0.021,0.949699,0.313164,1
6048,4.8,0.0,0.0218,0.0,-0.0218,0.951057,0.309017,1
6049,4.8167,0.0,0.0189,0.0,-0.0189,0.952396,0.304864,1
6050,4.8333,0.0,0.0214,0.0,-0.0214,0.953717,0.300706,1
6051,4.85,0.0,0.0246,0.0,-0.0246,0.95502,0.296542,1
6052,4.8667,0.0,0.0193,0.0,-0.0193,0.956305,0.292372,1
6053,4.8833,0.0,0.0223,0.0,-0.0223,0.957571,0.288196,1
6054,4.9,0.0,0.0221,0.0,-0.0221,0.95882,0.284015,1
6055,4.9167,0.0,0.0219,0.0,-0.0219,0.96005,0.279829,1
6056,4.9333,0.0,0.0229,0.0,-0.0229,0.961262,0.275637,1
6057,4.95,0.0,0.0223,0.0,-0.0223,0.962455,0.27144,1
6058,4.9667,0.0,0.021,0.0,-0.021,0.96363,0.267238,1
6059,4.9833,0.0,0.0232,0.0,-0.0232,0.964787,0.263031,1
6060,5.0,0.0,0.0253,0.0,-0.0253,0.965926,0.258819,1
6061,5.0167,0.0,0.0181,0.0,-0.0181,0.967046,0.254602,1
6062,5.0333,0.0,0.0241,0.0,-0.0241,0.968148,0.25038,1
6063,5.05,0.0,0.0229,0.0,-0.0229,0.969231,0.246153,1
6064,5.0667,0.0,0.0186,0.0,-0.0186,0.970296,0.241922,1
6065,5.0833,0.0,0.0207,0.0,-0.0207,0.971342,0.237686,1
6066,5.1,0.0,0.023,0.0,-0.023,0.97237,0.233445,1
6067,5.1167,0.0,0.0235,0.0,-0.0235,0.973379,0.2292,1
6068,5.1333,0.0,0.0232,0.0,-0.0232,0.97437,0.224951,1
6069,5.15,0.0,0.0222,0.0,-0.0222,0.975342,0.220697,1
6070,5.1667,0.0,0.0219,0.0,-0.0219,0.976296,0.21644,1
6071,5.1833,0.0,0.024,0.0,-0.024,0.977231,0.212178,1
6072,5.2,0.0,0.0241,0.0,-0.0241,0.978148,0.207912,1
6073,5.2167,0.0,0.0204,0.0,-0.0204,0.979045,0.203642,1
6074,5.2333,0.0,0.0187,0.0,-0.0187,0.979925,0.199368,1
6075,5.25,0.0,0.0223,0.0,-0.0223,0.980785,0.19509,1
6076,5.2667,0.0,0.0194,0.0,-0.0194,0.981627,0.190809,1
6077,5.2833,0.0,0.02,0.0,-0.02,0.98245,0.186524,1
6078,5.3,0.0,0.021,0.0,-0.021,0.983255,0.182236,1
6079,5.3167,0.0,0.0245,0.0,-0.0245,0.984041,0.177944,1
6080,5.3333,0.0,0.0218,0.0,-0.0218,0.984808,0.173648,1
6081,5.35,0.0,0.018,0.0,-0.018,0.985556,0.16935,1
6082,5.3667,0.0,0.02,0.0,-0.02,0.986286,0.165048,1
6083,5.3833,0.0,0.0226,0.0,-0.0226,0.986996,0.160743,1
6084,5.4,0.0,0.0216,0.0,-0.0216,0.987688,0.156434,1
6085,5.4167,0.0,0.0199,0.0,-0.0199,0.988362,0.152123,1
6086,5.4333,0.0,0.0194,0.0,-0.0194,0.989016,0.147809,1
6087,5.45,0.0,0.0227,0.0,-0.0227,0.989651,0.143493,1
6088,5.4667,0.0,0.0227,0.0,-0.0227,0.990268,0.139173,1
6089,5.4833,0.0,0.0205,0.0,-0.0205,0.990866,0.134851,1
6090,5.5,0.0,0.0192,0.0,-0.0192,0.991445,0.130526,1
6091,5.5167,0.0,0.0203,0.0,-0.0203,0.992005,0.126199,1
6092,5.5333,0.0,0.0226,0.0,-0.0226,0.992546,0.121869,1
6093,5.55,0.0,0.0201,0.0,-0.0201,0.993068,0.117537,1
6094,5.5667,0.0,0.0237,0.0,-0.0237,0.993572,0.113203,1
6095,5.5833,0.0,0.0213,0.0,-0.0213,0.994056,0.108867,1
6096,5.6,0.0,0.0195,0.0,-0.0195,0.994522,0.104528,1
6097,5.6167,0.0,0.0234,0.0,-0.0234,0.994969,0.100188,1
6098,5.6333,0.0,0.0201,0.0,-0.0201,0.995396,0.095846,1
6099,5.65,0.0,0.0217,0.0,-0.0217,0.995805,0.091502,1
6100,5.6667,0.0,0.0203,0.0,-0.0203,0.996195,0.087156,1
6101,5.6833,0.0,0.0212,0.0,-0.0212,0.996566,0.082808,1
6102,5.7,0.0,0.0215,0.0,-0.0215,0.996917,0.078459,1
6103,5.7167,0.0,0.0206,0.0,-0.0206,0.99725,0.074108,1
6104,5.7333,0.0,0.0231,0.0,-0.0231,0.997564,0.069756,1
6105,5.75,0.0,0.0246,0.0,-0.0246,0.997859,0.065403,1
6106,5.7667,0.0,0.022,0.0,-0.022,0.998135,0.061049,1
6107,5.7833,0.0,0.0221,0.0,-0.0221,0.998392,0.056693,1
6108,5.8,0.0,0.0232,0.0,-0.0232,0.99863,0.052336,1
6109,5.8167,0.0,0.0253,0.0,-0.0253,0.998848,0.047978,1
6110,5.8333,0.0,0.0221,0.0,-0.0221,0.999048,0.043619,1
6111,5.85,0.0,0.021,0.0,-0.021,0.999229,0.03926,1
6112,5.8667,0.0,0.018,0.0,-0.018,0.999391,0.034899,1
6113,5.8833,0.0,0.0222,0.0,-0.0222,0.999534,0.030539,1
6114,5.9,0.0,0.0175,0.0,-0.0175,0.999657,0.026177,1
6115,5.9167,0.0,0.0218,0.0,-0.0218,0.999762,0.021815,1
6116,5.9333,0.0,0.0228,0.0,-0.0228,0.999848,0.017452,1
6117,5.95,0.0,0.0223,0.0,-0.0223,0.999914,0.01309,1
6118,5.9667,0.0,0.0218,0.0,-0.0218,0.999962,0.008727,1
6119,5.9833,0.0,0.0209,0.0,-0.0209,0.99999,0.004363,1
6120,6.0,0.002083,0.0394,0.0,-0.037317,1.0,0.0,1
6121,6.0167,0.0,0.042,0.0,-0.042,0.99999,-0.004363,1
6122,6.0333,0.000767,0.042,0.0,-0.041233,0.999962,-0.008727,1
6123,6.05,0.0,0.0381,0.0,-0.0381,0.999914,-0.01309,1
6124,6.0667,0.00095,0.0408,0.0,-0.03985,0.999848,-0.017452,1
6125,6.0833,0.002567,0.0378,0.0,-0.035233,0.999762,-0.021815,1
6126,6.1,0.002067,0.04,0.0,-0.037933,0.999657,-0.026177,1
6127,6.1167,0.002083,0.0351,0.0,-0.033017,0.999534,-0.030539,1
6128,6.1333,0.004367,0.0395,0.0,-0.035133,0.999391,-0.034899,1
6129,6.15,0.000333,0.0396,0.0,-0.039267,0.999229,-0.03926,1
6130,6.1667,0.004833,0.0388,0.0,-0.033967,0.999048,-0.043619,1
6131,6.1833,0.004183,0.0401,0.0,-0.035917,0.998848,-0.047978,1
6132,6.2,0.00105,0.0428,0.0,-0.04175,0.99863,-0.052336,1
6133,6.2167,0.000683,0.0403,0.0,-0.039617,0.998392,-0.056693,1
6134,6.2333,0.00735,0.0401,0.0,-0.03275,0.998135,-0.061049,1
6135,6.25,0.00455,0.0347,0.0,-0.03015,0.997859,-0.065403,1
6136,6.2667,0.0059,0.0426,0.0,-0.0367,0.997564,-0.069756,1
6137,6.2833,0.00665,0.0386,0.0,-0.03195,0.99725,-0.074108,1
6138,6.3,0.00645,0.0418,0.0,-0.03535,0.996917,-0.078459,1
6139,6.3167,0.0092,0.0388,0.0,-0.0296,0.996566,-0.082808,1
6140,6.3333,0.005,0.0397,0.0,-0.0347,0.996195,-0.087156,1
6141,6.35,0.008917,0.0419,0.0,-0.032983,0.995805,-0.091502,1
6142,6.3667,0.01005,0.0372,0.0,-0.02715,0.995396,-0.095846,1
6143,6.3833,0.008167,0.0382,0.0,-0.030033,0.994969,-0.100188,1
6144,6.4,0.009217,0.0388,0.0,-0.029583,0.994522,-0.104528,1
6145,6.4167,0.010117,0.0389,0.0,-0.028783,0.994056,-0.108867,1
6146,6.4333,0.011017,0.0423,0.0,-0.031283,0.993572,-0.113203,1
6147,6.45,0.006383,0.038,0.0,-0.031617,0.993068,-0.117537,1
6148,6.4667,0.010617,0.0401,0.0,-0.029483,0.992546,-0.121869,1
6149,6.4833,0.011617,0.038,0.0,-0.026383,0.992005,-0.126199,1
6150,6.5,0.0087,0.0394,0.0,-0.0307,0.991445,-0.130526,1
6151,6.5167,0.007067,0.039,0.0,-0.031933,0.990866,-0.134851,1
6152,6.5333,0.0062,0.0388,0.0,-0.0326,0.990268,-0.139173,1
6153,6.55,0.0122,0.0388,0.0,-0.0266,0.989651,-0.143493,1
6154,6.5667,0.01305,0.0395,0.0,-0.02645,0.989016,-0.147809,1
6155,6.5833,0.013617,0.0411,0.0,-0.027483,0.988362,-0.152123,1
6156,6.6,0.012517,0.0409,0.0,-0.028383,0.987688,-0.156434,1
6157,6.6167,0.01255,0.0402,0.0,-0.02765,0.986996,-0.160743,1
6158,6.6333,0.015033,0.0384,0.0,-0.023367,0.986286,-0.165048,1
6159,6.65,0.016367,0.0419,0.0,-0.025533,0.985556,-0.16935,1
6160,6.6667,0.011933,0.0388,0.0,-0.026867,0.984808,-0.173648,1
6161,6.6833,0.018383,0.0389,0.0,-0.020517,0.984041,-0.177944,1
6162,6.7,0.015967,0.0363,0.0,-0.020333,0.983255,-0.182236,1
6163,6.7167,0.015567,0.039,0.0,-0.023433,0.98245,-0.186524,1
6164,6.7333,0.01365,0.0418,0.0,-0.02815,0.981627,-0.190809,1
6165,6.75,0.01555,0.0421,0.0,-0.02655,0.980785,-0.19509,1
6166,6.7667,0.015533,0.0372,0.0,-0.021667,0.979925,-0.199368,1
6167,6.7833,0.01785,0.0402,0.0,-0.02235,0.979045,-0.203642,1
6168,6.8,0.0115,0.0394,0.0,-0.0279,0.978148,-0.207912,1
6169,6.8167,0.021183,0.0414,0.0,-0.020217,0.977231,-0.212178,1
6170,6.8333,0.022167,0.0423,0.0,-0.020133,0.976296,-0.21644,1
6171,6.85,0.0208,0.0393,0.0,-0.0185,0.975342,-0.220697,1
6172,6.8667,0.015133,0.0394,0.0,-0.024267,0.97437,-0.224951,1
6173,6.8833,0.018617,0.0412,0.0,-0.022583,0.973379,-0.2292,1
6174,6.9,0.021367,0.0407,0.0,-0.019333,0.97237,-0.233445,1
6175,6.9167,0.020817,0.0407,0.0,-0.019883,0.971342,-0.237686,1
6176,6.9333,0.018967,0.0402,0.0,-0.021233,0.970296,-0.241922,1
6177,6.95,0.020433,0.0454,0.0,-0.024967,0.969231,-0.246153,1
6178,6.9667,0.0189,0.0367,0.0,-0.0178,0.968148,-0.25038,1
6179,6.9833,0.022017,0.0367,0.0,-0.014683,0.967046,-0.254602,1
6180,7.0,0.01995,0.072,0.0,-0.05205,0.965926,-0.258819,1
6181,7.0167,0.019583,0.0688,0.0,-0.049217,0.964787,-0.263031,1
6182,7.0333,0.02015,0.0704,0.0,-0.05025,0.96363,-0.267238,1
6183,7.05,0.018967,0.0715,0.0,-0.052533,0.962455,-0.27144,1
6184,7.0667,0.023083,0.0741,0.0,-0.051017,0.961262,-0.275637,1
6185,7.0833,0.02455,0.0706,0.0,-0.04605,0.96005,-0.279829,1
6186,7.1,0.023317,0.0707,0.0,-0.047383,0.95882,-0.284015,1
6187,7.1167,0.019183,0.0721,0.0,-0.052917,0.957571,-0.288196,1
6188,7.1333,0.023083,0.071,0.0,-0.047917,0.956305,-0.292372,1
6189,7.15,0.0248,0.0701,0.0,-0.0453,0.95502,-0.296542,1
6190,7.1667,0.024117,0.0743,0.0,-0.050183,0.953717,-0.300706,1
6191,7.1833,0.026883,0.0728,0.0,-0.045917,0.952396,-0.304864,1
6192,7.2,0.023817,0.073,0.0,-0.049183,0.951057,-0.309017,1
6193,7.2167,0.02635,0.0733,0.0,-0.04695,0.949699,-0.313164,1
6194,7.2333,0.025767,0.0747,0.0,-0.048933,0.948324,-0.317305,1
6195,7.25,0.0255,0.0724,0.0,-0.0469,0.94693,-0.321439,1
6196,7.2667,0.026567,0.072,0.0,-0.045433,0.945519,-0.325568,1
6197,7.2833,0.025217,0.0723,0.0,-0.047083,0.944089,-0.329691,1
6198,7.3,0.026483,0.0712,0.0,-0.044717,0.942641,-0.333807,1
6199,7.3167,0.025883,0.0728,0.0,-0.046917,0.941176,-0.337917,1
6200,7.3333,0.026867,0.0731,0.0,-0.046233,0.939693,-0.34202,1
6201,7.35,0.028683,0.0722,0.0,-0.043517,0.938191,-0.346117,1
6202,7.3667,0.0274,0.0733,0.0,-0.0459,0.936672,-0.350207,1
6203,7.3833,0.0335,0.0743,0.0,-0.0408,0.935135,-0.354291,1
6204,7.4,0.0319,0.0753,0.0,-0.0434,0.93358,-0.358368,1
6205,7.4167,0.027533,0.0727,0.0,-0.045167,0.932008,-0.362438,1
6206,7.4333,0.030817,0.072,0.0,-0.041183,0.930418,-0.366501,1
6207,7.45,0.032683,0.0734,0.0,-0.040717,0.92881,-0.370557,1
6208,7.4667,0.028617,0.0705,0.0,-0.041883,0.927184,-0.374607,1
6209,7.4833,0.0339,0.0726,0.0,-0.0387,0.925541,-0.378649,1
6210,7.5,0.028533,0.0701,0.0,-0.041567,0.92388,-0.382683,1
6211,7.5167,0.029733,0.0734,0.0,-0.043667,0.922201,-0.386711,1
6212,7.5333,0.032233,0.0696,0.0,-0.037367,0.920505,-0.390731,1
6213,7.55,0.032367,0.0705,0.0,-0.038133,0.918791,-0.394744,1
6214,7.5667,0.033667,0.0688,0.0,-0.035133,0.91706,-0.398749,1
6215,7.5833,0.030117,0.0738,0.0,-0.043683,0.915311,-0.402747,1
6216,7.6,0.034617,0.0745,0.0,-0.039883,0.913545,-0.406737,1
6217,7.6167,0.0301,0.0692,0.0,-0.0391,0.911762,-0.410719,1
6218,7.6333,0.02825,0.0716,0.0,-0.04335,0.909961,-0.414693,1
6219,7.65,0.032183,0.0714,0.0,-0.039217,0.908143,-0.41866,1
6220,7.6667,0.0294,0.0704,0.0,-0.041,0.906308,-0.422618,1
6221,7.6833,0.034333,0.0698,0.0,-0.035467,0.904455,-0.426569,1
6222,7.7,0.03615,0.0695,0.0,-0.03335,0.902585,-0.430511,1
6223,7.7167,0.035733,0.0747,0.0,-0.038967,0.900698,-0.434445,1
6224,7.7333,0.0357,0.0728,0.0,-0.0371,0.898794,-0.438371,1
6225,7.75,0.03385,0.0681,0.0,-0.03425,0.896873,-0.442289,1
6226,7.7667,0.0409,0.0699,0.0,-0.029,0.894934,-0.446198,1
6227,7.7833,0.0385,0.0725,0.0,-0.034,0.892979,-0.450098,1
6228,7.8,0.036717,0.0708,0.0,-0.034083,0.891007,-0.45399,1
6229,7.8167,0.040633,0.0712,0.0,-0.030567,0.889017,-0.457874,1
6230,7.8333,0.034617,0.0667,0.0,-0.032083,0.887011,-0.461749,1
6231,7.85,0.038983,0.0719,0.0,-0.032917,0.884988,-0.465615,1
6232,7.8667,0.033483,0.0716,0.0,-0.038117,0.882948,-0.469472,1
6233,7.8833,0.041867,0.0733,0.0,-0.031433,0.880891,-0.47332,1
6234,7.9,0.039633,0.0705,0.0,-0.030867,0.878817,-0.477159,1
6235,7.9167,0.03795,0.0725,0.0,-0.03455,0.876727,-0.480989,1
6236,7.9333,0.03565,0.0705,0.0,-0.03485,0.87462,-0.48481,1
6237,7.95,0.039317,0.0719,0.0,-0.032583,0.872496,-0.488621,1
6238,7.9667,0.040483,0.0729,0.0,-0.032417,0.870356,-0.492424,1
6239,7.9833,0.043933,0.0713,0.0,-0.027367,0.868199,-0.496217,1
6240,8.0,0.04115,0.0687,0.0,-0.02755,0.866025,-0.5,1
6241,8.0167,0.039817,0.0735,0.0,-0.033683,0.863836,-0.503774,1
6242,8.0333,0.0442,0.0741,0.0,-0.0299,0.861629,-0.507538,1
6243,8.05,0.0405,0.0696,0.0,-0.0291,0.859406,-0.511293,1
6244,8.0667,0.043133,0.0779,0.0,-0.034767,0.857167,-0.515038,1
6245,8.0833,0.03875,0.0743,0.0,-0.03555,0.854912,-0.518773,1
6246,8.1,0.04095,0.0699,0.0,-0.02895,0.85264,-0.522499,1
6247,8.1167,0.0408,0.0699,0.0,-0.0291,0.850352,-0.526214,1
6248,8.1333,0.0374,0.0691,0.0,-0.0317,0.848048,-0.529919,1
6249,8.15,0.043233,0.0734,0.0,-0.030167,0.845728,-0.533615,1
6250,8.1667,0.0445,0.0742,0.0,-0.0297,0.843391,-0.5373,1
6251,8.1833,0.040683,0.0717,0.0,-0.031017,0.841039,-0.540974,1
6252,8.2,0.045633,0.0719,0.0,-0.026267,0.838671,-0.544639,1
6253,8.2167,0.041733,0.0725,0.0,-0.030767,0.836286,-0.548293,1
6254,8.2333,0.043,0.0703,0.0,-0.0273,0.833886,-0.551937,1
6255,8.25,0.042767,0.073,0.0,-0.030233,0.83147,-0.55557,1
6256,8.2667,0.044117,0.0736,0.0,-0.029483,0.829038,-0.559193,1
6257,8.2833,0.04615,0.0721,0.0,-0.02595,0.82659,-0.562805,1
6258,8.3,0.0466,0.0727,0.0,-0.0261,0.824126,-0.566406,1
6259,8.3167,0.047583,0.0727,0.0,-0.025117,0.821647,-0.569997,1
6260,8.3333,0.049117,0.0712,0.0,-0.022083,0.819152,-0.573576,1
6261,8.35,0.0444,0.0701,0.0,-0.0257,0.816642,-0.577145,1
6262,8.3667,0.045467,0.0726,0.0,-0.027133,0.814116,-0.580703,1
6263,8.3833,0.049517,0.0762,0.0,-0.026683,0.811574,-0.58425,1
6264,8.4,0.047583,0.0695,0.0,-0.021917,0.809017,-0.587785,1
6265,8.4167,0.04835,0.1404,0.0,-0.09205,0.806445,-0.59131,1
6266,8.4333,0.0492,0.1393,0.0,-0.0901,0.803857,-0.594823,1
6267,8.45,0.051083,0.1439,0.0,-0.092817,0.801254,-0.598325,1
6268,8.4667,0.049767,0.1422,0.0,-0.092433,0.798636,-0.601815,1
6269,8.4833,0.04975,0.1379,0.0,-0.08815,0.796002,-0.605294,1
6270,8.5,0.04895,0.1403,0.0,-0.09135,0.793353,-0.608761,1
6271,8.5167,0.04575,0.1387,0.0,-0.09295,0.79069,-0.612217,1
6272,8.5333,0.05025,0.1421,0.0,-0.09185,0.788011,-0.615661,1
6273,8.55,0.051967,0.1391,0.0,-0.087133,0.785317,-0.619094,1
6274,8.5667,0.049483,0.1403,0.0,-0.090817,0.782608,-0.622515,1
6275,8.5833,0.05065,0.1392,0.0,-0.08855,0.779884,-0.625923,1
6276,8.6,0.046317,0.1359,0.0,-0.089583,0.777146,-0.62932,1
6277,8.6167,0.050583,0.1411,0.0,-0.090517,0.774393,-0.632705,1
6278,8.6333,0.050817,0.1392,0.0,-0.088383,0.771625,-0.636078,1
6279,8.65,0.0516,0.1403,0.0,-0.0887,0.768842,-0.639439,1
6280,8.6667,0.05485,0.1403,0.0,-0.08545,0.766044,-0.642788,1
6281,8.6833,0.050417,0.1425,0.0,-0.092083,0.763232,-0.646124,1
6282,8.7,0.05395,0.1411,0.0,-0.08715,0.760406,-0.649448,1
6283,8.7167,0.052167,0.139,0.0,-0.086833,0.757565,-0.65276,1
6284,8.7333,0.054667,0.1443,0.0,-0.089633,0.75471,-0.656059,1
6285,8.75,0.051917,0.1407,0.0,-0.088783,0.75184,-0.659346,1
6286,8.7667,0.054533,0.1412,0.0,-0.086667,0.748956,-0.66262,1
6287,8.7833,0.055117,0.1413,0.0,-0.086183,0.746057,-0.665882,1
6288,8.8,0.049167,0.1379,0.0,-0.088733,0.743145,-0.669131,1
6289,8.8167,0.05,0.1428,0.0,-0.0928,0.740218,-0.672367,1
6290,8.8333,0.051867,0.1374,0.0,-0.085533,0.737277,-0.67559,1
6291,8.85,0.053317,0.1405,0.0,-0.087183,0.734323,-0.678801,1
6292,8.8667,0.057217,0.1411,0.0,-0.083883,0.731354,-0.681998,1
6293,8.8833,0.054467,0.1435,0.0,-0.089033,0.728371,-0.685183,1
6294,8.9,0.051967,0.143,0.0,-0.091033,0.725374,-0.688355,1
6295,8.9167,0.05635,0.1391,0.0,-0.08275,0.722364,-0.691513,1
6296,8.9333,0.058917,0.1428,0.0,-0.083883,0.71934,-0.694658,1
6297,8.95,0.05655,0.1398,0.0,-0.08325,0.716302,-0.69779,1
6298,8.9667,0.055317,0.1429,0.0,-0.087583,0.71325,-0.700909,1
6299,8.9833,0.057833,0.1384,0.0,-0.080567,0.710185,-0.704015,1
6300,9.0,0.05115,0.1064,0.0,-0.05525,0.707107,-0.707107,1
6301,9.0167,0.054933,0.1094,0.0,-0.054467,0.704015,-0.710185,1
6302,9.0333,0.05505,0.1071,0.0,-0.05205,0.700909,-0.71325,1
6303,9.05,0.054383,0.1088,0.0,-0.054417,0.69779,-0.716302,1
6304,9.0667,0.059733,0.1107,0.0,-0.050967,0.694658,-0.71934,1
6305,9.0833,0.054417,0.1105,0.0,-0.056083,0.691513,-0.722364,1
6306,9.1,0.058983,0.1083,0.0,-0.049317,0.688355,-0.725374,1
6307,9.1167,0.053867,0.1099,0.0,-0.056033,0.685183,-0.728371,1
6308,9.1333,0.054667,0.1081,0.0,-0.053433,0.681998,-0.731354,1
6309,9.15,0.057767,0.1099,0.0,-0.052133,0.678801,-0.734323,1
6310,9.1667,0.056067,0.1122,0.0,-0.056133,0.67559,-0.737277,1
6311,9.1833,0.060267,0.1068,0.0,-0.046533,0.672367,-0.740218,1
6312,9.2,0.0545,0.0353,0.0192,0.0192,0.669131,-0.743145,0
6313,9.2167,0.05795,0.0403,0.0368,0.01765,0.665882,-0.746057,0
6314,9.2333,0.05975,0.0372,0.0593,0.02255,0.66262,-0.748956,0
6315,9.25,0.063367,0.038,0.0847,0.025367,0.659346,-0.75184,0
6316,9.2667,0.061683,0.0388,0.1076,0.022883,0.656059,-0.75471,0
6317,9.2833,0.0622,0.0395,0.1303,0.0227,0.65276,-0.757565,0
6318,9.3,0.059733,0.0412,0.1488,0.018533,0.649448,-0.760406,0
6319,9.3167,0.0643,0.038,0.1751,0.0263,0.646124,-0.763232,0
6320,9.3333,0.059733,0.042,0.1928,0.017733,0.642788,-0.766044,0
6321,9.35,0.0605,0.0428,0.2105,0.0177,0.639439,-0.768842,0
6322,9.3667,0.06505,0.039,0.2365,0.02605,0.636078,-0.771625,0
6323,9.3833,0.062367,0.0401,0.2588,0.022267,0.632705,-0.774393,0
6324,9.4,0.06275,0.0394,0.2822,0.02335,0.62932,-0.777146,0
6325,9.4167,0.061983,0.042,0.3022,0.019983,0.625923,-0.779884,0
6326,9.4333,0.05775,0.0396,0.3204,0.01815,0.622515,-0.782608,0
6327,9.45,0.061767,0.0377,0.3445,0.024067,0.619094,-0.785317,0
6328,9.4667,0.060033,0.0404,0.3641,0.019633,0.615661,-0.788011,0
6329,9.4833,0.06395,0.0398,0.3882,0.02415,0.612217,-0.79069,0
6330,9.5,0.06105,0.0387,0.4105,0.02235,0.608761,-0.793353,0
6331,9.5167,0.06295,0.0396,0.4338,0.02335,0.605294,-0.796002,0
6332,9.5333,0.06425,0.0365,0.4616,0.02775,0.601815,-0.798636,0
6333,9.55,0.061533,0.0414,0.4817,0.020133,0.598325,-0.801254,0
6334,9.5667,0.06245,0.0415,0.5027,0.02095,0.594823,-0.803857,0
6335,9.5833,0.064467,0.0398,0.5274,0.024667,0.59131,-0.806445,0
6336,9.6,0.06705,0.0391,0.5553,0.02795,0.587785,-0.809017,0
6337,9.6167,0.065983,0.0425,0.5788,0.023483,0.58425,-0.811574,0
6338,9.6333,0.0697,0.0424,0.6061,0.0273,0.580703,-0.814116,0
6339,9.65,0.066283,0.0377,0.6347,0.028583,0.577145,-0.816642,0
6340,9.6667,0.06285,0.0406,0.657,0.02225,0.573576,-0.819152,0
6341,9.6833,0.06615,0.0415,0.6817,0.02465,0.569997,-0.821647,0
6342,9.7,0.062967,0.0412,0.7035,0.021767,0.566406,-0.824126,0
6343,9.7167,0.065517,0.0385,0.7305,0.027017,0.562805,-0.82659,0
6344,9.7333,0.071567,0.0341,0.768,0.037467,0.559193,-0.829038,0
6345,9.75,0.064967,0.0411,0.7919,0.023867,0.55557,-0.83147,0
6346,9.7667,0.065383,0.0395,0.8178,0.025883,0.551937,-0.833886,0
6347,9.7833,0.063483,0.0374,0.8439,0.026083,0.548293,-0.836286,0
6348,9.8,0.065483,0.0425,0.8669,0.022983,0.544639,-0.838671,0
6349,9.8167,0.064417,0.0382,0.8931,0.026217,0.540974,-0.841039,0
6350,9.8333,0.065617,0.0394,0.9193,0.026217,0.5373,-0.843391,0
6351,9.85,0.0725,0.0359,0.9559,0.0366,0.533615,-0.845728,0
6352,9.8667,0.0659,0.0378,0.984,0.0281,0.529919,-0.848048,0
6353,9.8833,0.0699,0.0358,1.0181,0.0341,0.526214,-0.850352,0
6354,9.9,0.0661,0.0398,1.0444,0.0263,0.522499,-0.85264,0
6355,9.9167,0.0668,0.0395,1.0717,0.0273,0.518773,-0.854912,0
6356,9.9333,0.07095,0.0396,1.1031,0.03135,0.515038,-0.857167,0
6357,9.95,0.070833,0.0381,1.1358,0.032733,0.511293,-0.859406,0
6358,9.9667,0.06915,0.0357,1.1692,0.03345,0.507538,-0.861629,0
6359,9.9833,0.067533,0.041,1.1957,0.026533,0.503774,-0.863836,0
6360,10.0,0.068183,0.037,1.2269,0.031183,0.5,-0.866025,0
6361,10.0167,0.0708,0.0383,1.2594,0.0325,0.496217,-0.868199,0
6362,10.0333,0.069,0.0403,1.2881,0.0287,0.492424,-0.870356,0
6363,10.05,0.070383,0.0367,1.3218,0.033683,0.488621,-0.872496,0
6364,10.0667,0.065467,0.0382,1.3491,0.027267,0.48481,-0.87462,0
6365,10.0833,0.070383,0.0403,1.3792,0.030083,0.480989,-0.876727,0
6366,10.1,0.068967,0.0368,1.4114,0.032167,0.477159,-0.878817,0
6367,10.1167,0.07415,0.0415,1.444,0.03265,0.47332,-0.880891,0
6368,10.1333,0.073933,0.0419,1.476,0.032033,0.469472,-0.882948,0
6369,10.15,0.066167,0.0396,1.5026,0.026567,0.465615,-0.884988,0
6370,10.1667,0.0802,0.0409,1.5419,0.0393,0.461749,-0.887011,0
6371,10.1833,0.071133,0.0427,1.5703,0.028433,0.457874,-0.889017,0
6372,10.2,0.06985,0.0392,1.601,0.03065,0.45399,-0.891007,0
6373,10.2167,0.072367,0.0367,1.6367,0.035667,0.450098,-0.892979,0
6374,10.2333,0.069533,0.0412,1.665,0.028333,0.446198,-0.894934,0
6375,10.25,0.074433,0.04,1.6994,0.034433,0.442289,-0.896873,0
6376,10.2667,0.0724,0.0369,1.7349,0.0355,0.438371,-0.898794,0
6377,10.2833,0.071733,0.0384,1.7682,0.033333,0.434445,-0.900698,0
6378,10.3,0.077183,0.0408,1.8046,0.036383,0.430511,-0.902585,0
6379,10.3167,0.077317,0.0389,1.843,0.038417,0.426569,-0.904455,0
6380,10.3333,0.079333,0.0407,1.8816,0.038633,0.422618,-0.906308,0
6381,10.35,0.071083,0.0389,1.9138,0.032183,0.41866,-0.908143,0
6382,10.3667,0.0723,0.0392,1.9469,0.0331,0.414693,-0.909961,0
6383,10.3833,0.0751,0.0413,1.9807,0.0338,0.410719,-0.911762,0
6384,10.4,0.071367,0.0395,2.0126,0.031867,0.406737,-0.913545,0
6385,10.4167,0.073,0.039,2.0466,0.034,0.402747,-0.915311,0
6386,10.4333,0.074917,0.0394,2.0821,0.035517,0.398749,-0.91706,0
6387,10.45,0.068717,0.0395,2.1113,0.029217,0.394744,-0.918791,0
6388,10.4667,0.068517,0.0394,2.1404,0.029117,0.390731,-0.920505,0
6389,10.4833,0.07325,0.0393,2.1744,0.03395,0.386711,-0.922201,0
6390,10.5,0.0734,0.0349,2.2129,0.0385,0.382683,-0.92388,0
6391,10.5167,0.07585,0.0395,2.2492,0.03635,0.378649,-0.925541,0
6392,10.5333,0.07155,0.0418,2.279,0.02975,0.374607,-0.927184,0
6393,10.55,0.0765,0.0372,2.3183,0.0393,0.370557,-0.92881,0
6394,10.5667,0.070333,0.0422,2.3464,0.028133,0.366501,-0.930418,0
6395,10.5833,0.070833,0.0429,2.3743,0.027933,0.362438,-0.932008,0
6396,10.6,0.077717,0.0392,2.4128,0.038517,0.358368,-0.93358,0
6397,10.6167,0.07515,0.0432,2.4447,0.03195,0.354291,-0.935135,0
6398,10.6333,0.075533,0.0381,2.4821,0.037433,0.350207,-0.936672,0
6399,10.65,0.076783,0.0415,2.5174,0.035283,0.346117,-0.938191,0
6400,10.6667,0.07455,0.0407,2.5512,0.03385,0.34202,-0.939693,0
6401,10.6833,0.078033,0.0399,2.5893,0.038133,0.337917,-0.941176,0
6402,10.7,0.075383,0.0356,2.6291,0.039783,0.333807,-0.942641,0
6403,10.7167,0.077683,0.0422,2.6646,0.035483,0.329691,-0.944089,0
6404,10.7333,0.076117,0.0452,2.6955,0.030917,0.325568,-0.945519,0
6405,10.75,0.078083,0.0408,2.7328,0.037283,0.321439,-0.94693,0
6406,10.7667,0.07605,0.0381,2.7708,0.03795,0.317305,-0.948324,0
6407,10.7833,0.071883,0.0382,2.8045,0.033683,0.313164,-0.949699,0
6408,10.8,0.076783,0.0378,2.8435,0.038983,0.309017,-0.951057,0
6409,10.8167,0.07565,0.0417,2.8775,0.03395,0.304864,-0.952396,0
6410,10.8333,0.072733,0.0352,2.915,0.037533,0.300706,-0.953717,0
6411,10.85,0.070917,0.0372,2.9487,0.033717,0.296542,-0.95502,0
6412,10.8667,0.078983,0.0398,2.9879,0.039183,0.292372,-0.956305,0
6413,10.8833,0.075667,0.0411,3.0225,0.034567,0.288196,-0.957571,0
6414,10.9,0.0755,0.0377,3.0603,0.0378,0.284015,-0.95882,0
6415,10.9167,0.074617,0.0366,3.0983,0.038017,0.279829,-0.96005,0
6416,10.9333,0.07695,0.0384,3.1368,0.03855,0.275637,-0.961262,0
6417,10.95,0.0771,0.038,3.1759,0.0391,0.27144,-0.962455,0
6418,10.9667,0.0752,0.0387,3.2124,0.0365,0.267238,-0.96363,0
6419,10.9833,0.0778,0.0378,3.2524,0.04,0.263031,-0.964787,0
6420,11.0,0.076317,0.0407,3.288,0.035617,0.258819,-0.965926,0
6421,11.0167,0.07525,0.0403,3.3229,0.03495,0.254602,-0.967046,0
6422,11.0333,0.08085,0.0385,3.3653,0.04235,0.25038,-0.968148,0
6423,11.05,0.075483,0.0391,3.4017,0.036383,0.246153,-0.969231,0
6424,11.0667,0.077883,0.0385,3.4411,0.039383,0.241922,-0.970296,0
6425,11.0833,0.078017,0.0371,3.482,0.040917,0.237686,-0.971342,0
6426,11.1,0.078917,0.0421,3.5188,0.036817,0.233445,-0.97237,0
6427,11.1167,0.077167,0.039,3.557,0.038167,0.2292,-0.973379,0
6428,11.1333,0.079167,0.0427,3.5935,0.036467,0.224951,-0.97437,0
6429,11.15,0.081867,0.0441,3.6313,0.037767,0.220697,-0.975342,0
6430,11.1667,0.07885,0.0368,3.6734,0.04205,0.21644,-0.976296,0
6431,11.1833,0.077983,0.0346,3.7168,0.043383,0.212178,-0.977231,0
6432,11.2,0.07755,0.0418,3.7526,0.03575,0.207912,-0.978148,0
6433,11.2167,0.076983,0.0401,3.7895,0.036883,0.203642,-0.979045,0
6434,11.2333,0.077733,0.0424,3.8248,0.035333,0.199368,-0.979925,0
6435,11.25,0.074267,0.0409,3.8582,0.033367,0.19509,-0.980785,0
6436,11.2667,0.079617,0.0396,3.8982,0.040017,0.190809,-0.981627,0
6437,11.2833,0.075633,0.0384,3.9354,0.037233,0.186524,-0.98245,0
6438,11.3,0.0769,0.0389,3.9734,0.038,0.182236,-0.983255,0
6439,11.3167,0.074933,0.0403,4.008,0.034633,0.177944,-0.984041,0
6440,11.3333,0.077183,0.0371,4.0481,0.040083,0.173648,-0.984808,0
6441,11.35,0.078267,0.0406,4.0858,0.037667,0.16935,-0.985556,0
6442,11.3667,0.07905,0.0394,4.1254,0.03965,0.165048,-0.986286,0
6443,11.3833,0.07875,0.0411,4.1631,0.03765,0.160743,-0.986996,0
6444,11.4,0.08025,0.0411,4.2023,0.03915,0.156434,-0.987688,0
6445,11.4167,0.076683,0.0403,4.2387,0.036383,0.152123,-0.988362,0
6446,11.4333,0.077883,0.0392,4.2774,0.038683,0.147809,-0.989016,0
6447,11.45,0.0745,0.0429,4.309,0.0316,0.143493,-0.989651,0
6448,11.4667,0.08315,0.0389,4.3533,0.04425,0.139173,-0.990268,0
6449,11.4833,0.079967,0.0383,4.395,0.041667,0.134851,-0.990866,0
6450,11.5,0.07735,0.0387,4.4336,0.03865,0.130526,-0.991445,0
6451,11.5167,0.0808,0.0389,4.4755,0.0419,0.126199,-0.992005,0
6452,11.5333,0.0839,0.0415,4.5179,0.0424,0.121869,-0.992546,0
6453,11.55,0.0791,0.0395,4.5575,0.0396,0.117537,-0.993068,0
6454,11.5667,0.078783,0.039,4.5973,0.039783,0.113203,-0.993572,0
6455,11.5833,0.076917,0.039,4.6352,0.037917,0.108867,-0.994056,0
6456,11.6,0.082167,0.0366,4.6808,0.045567,0.104528,-0.994522,0
6457,11.6167,0.08025,0.0361,4.7249,0.04415,0.100188,-0.994969,0
6458,11.6333,0.081733,0.0397,4.7669,0.042033,0.095846,-0.995396,0
6459,11.65,0.078367,0.0387,4.8066,0.039667,0.091502,-0.995805,0
6460,11.6667,0.078733,0.0396,4.8457,0.039133,0.087156,-0.996195,0
6461,11.6833,0.077133,0.0395,4.8833,0.037633,0.082808,-0.996566,0
6462,11.7,0.081867,0.0401,4.9251,0.041767,0.078459,-0.996917,0
6463,11.7167,0.077367,0.0359,4.9666,0.041467,0.074108,-0.99725,0
6464,11.7333,0.08345,0.0418,5.0082,0.04165,0.069756,-0.997564,0
6465,11.75,0.08115,0.0441,5.0453,0.03705,0.065403,-0.997859,0
6466,11.7667,0.08075,0.0381,5.088,0.04265,0.061049,-0.998135,0
6467,11.7833,0.084067,0.0386,5.1335,0.045467,0.056693,-0.998392,0
6468,11.8,0.0826,0.0419,5.1742,0.0407,0.052336,-0.99863,0
6469,11.8167,0.081,0.0403,5.2149,0.0407,0.047978,-0.998848,0
6470,11.8333,0.0793,0.0385,5.2557,0.0408,0.043619,-0.999048,0
6471,11.85,0.0823,0.0395,5.2985,0.0428,0.03926,-0.999229,0
6472,11.8667,0.079217,0.0428,5.3349,0.036417,0.034899,-0.999391,0
6473,11.8833,0.079067,0.0388,5.3752,0.040267,0.030539,-0.999534,0
6474,11.9,0.081683,0.0384,5.4185,0.043283,0.026177,-0.999657,0
6475,11.9167,0.078817,0.0371,5.4602,0.041717,0.021815,-0.999762,0
6476,11.9333,0.083367,0.0395,5.5041,0.043867,0.017452,-0.999848,0
6477,11.95,0.0863,0.0383,5.5521,0.048,0.01309,-0.999914,0
6478,11.9667,0.076183,0.0363,5.592,0.039883,0.008727,-0.999962,0
6479,11.9833,0.080233,0.0418,5.6304,0.038433,0.004363,-0.99999,0
6480,12.0,0.075267,0.0392,5.6665,0.036067,0.0,-1.0,0
6481,12.0167,0.0816,0.0388,5.7093,0.0428,-0.004363,-0.99999,0
6482,12.0333,0.082583,0.0397,5.7522,0.042883,-0.008727,-0.999962,0
6483,12.05,0.07785,0.0392,5.7908,0.03865,-0.01309,-0.999914,0
6484,12.0667,0.0776,0.0403,5.8281,0.0373,-0.017452,-0.999848,0
6485,12.0833,0.081767,0.0388,5.8711,0.042967,-0.021815,-0.999762,0
6486,12.1,0.079917,0.0386,5.9124,0.041317,-0.026177,-0.999657,0
6487,12.1167,0.08175,0.0367,5.9575,0.04505,-0.030539,-0.999534,0
6488,12.1333,0.078133,0.0418,5.9938,0.036333,-0.034899,-0.999391,0
6489,12.15,0.075133,0.0406,6.0283,0.034533,-0.03926,-0.999229,0
6490,12.1667,0.080817,0.0389,6.0702,0.041917,-0.043619,-0.999048,0
6491,12.1833,0.08105,0.0394,6.1119,0.04165,-0.047978,-0.998848,0
6492,12.2,0.079833,0.037,6.1547,0.042833,-0.052336,-0.99863,0
6493,12.2167,0.07945,0.0389,6.1952,0.04055,-0.056693,-0.998392,0
6494,12.2333,0.0818,0.0379,6.2391,0.0439,-0.061049,-0.998135,0
6495,12.25,0.0809,0.04,6.28,0.0409,-0.065403,-0.997859,0
6496,12.2667,0.0792,0.0387,6.3205,0.0405,-0.069756,-0.997564,0
6497,12.2833,0.081567,0.0377,6.3644,0.043867,-0.074108,-0.99725,0
6498,12.3,0.080333,0.0407,6.404,0.039633,-0.078459,-0.996917,0
6499,12.3167,0.077317,0.0417,6.4396,0.035617,-0.082808,-0.996566,0
6500,12.3333,0.078467,0.0432,6.4749,0.035267,-0.087156,-0.996195,0
6501,12.35,0.08185,0.0357,6.521,0.04615,-0.091502,-0.995805,0
6502,12.3667,0.081483,0.0406,6.5619,0.040883,-0.095846,-0.995396,0
6503,12.3833,0.08115,0.0387,6.6043,0.04245,-0.100188,-0.994969,0
6504,12.4,0.0817,0.0435,6.6425,0.0382,-0.104528,-0.994522,0
6505,12.4167,0.077483,0.0393,6.6807,0.038183,-0.108867,-0.994056,0
6506,12.4333,0.08415,0.0358,6.729,0.04835,-0.113203,-0.993572,0
6507,12.45,0.0803,0.0391,6.7702,0.0412,-0.117537,-0.993068,0
6508,12.4667,0.083917,0.0402,6.8139,0.043717,-0.121869,-0.992546,0
6509,12.4833,0.0815,0.0392,6.8562,0.0423,-0.126199,-0.992005,0
6510,12.5,0.078,0.0425,6.8917,0.0355,-0.130526,-0.991445,0
6511,12.5167,0.077633,0.0399,6.9294,0.037733,-0.134851,-0.990866,0
6512,12.5333,0.080583,0.0375,6.9725,0.043083,-0.139173,-0.990268,0
6513,12.55,0.079683,0.0363,7.0159,0.043383,-0.143493,-0.989651,0
6514,12.5667,0.081317,0.0397,7.0575,0.041617,-0.147809,-0.989016,0
6515,12.5833,0.0815,0.0406,7.0984,0.0409,-0.152123,-0.988362,0
6516,12.6,0.082283,0.0399,7.1408,0.042383,-0.156434,-0.987688,0
6517,12.6167,0.0802,0.0368,7.1842,0.0434,-0.160743,-0.986996,0
6518,12.6333,0.081483,0.0407,7.225,0.040783,-0.165048,-0.986286,0
6519,12.65,0.075083,0.039,7.2611,0.036083,-0.16935,-0.985556,0
6520,12.6667,0.08105,0.0425,7.2996,0.03855,-0.173648,-0.984808,0
6521,12.6833,0.076483,0.0379,7.3382,0.038583,-0.177944,-0.984041,0
6522,12.7,0.079017,0.0386,7.3786,0.040417,-0.182236,-0.983255,0
6523,12.7167,0.0824,0.0401,7.4209,0.0423,-0.186524,-0.98245,0
6524,12.7333,0.080867,0.0411,7.4607,0.039767,-0.190809,-0.981627,0
6525,12.75,0.080983,0.0397,7.502,0.041283,-0.19509,-0.980785,0
6526,12.7667,0.0818,0.0416,7.5422,0.0402,-0.199368,-0.979925,0
6527,12.7833,0.0806,0.0401,7.5827,0.0405,-0.203642,-0.979045,0
6528,12.8,0.07785,0.0367,7.6239,0.04115,-0.207912,-0.978148,0
6529,12.8167,0.084333,0.0369,7.6713,0.047433,-0.212178,-0.977231,0
6530,12.8333,0.08355,0.0397,7.7151,0.04385,-0.21644,-0.976296,0
6531,12.85,0.07575,0.039,7.7519,0.03675,-0.220697,-0.975342,0
6532,12.8667,0.077667,0.0389,7.7907,0.038767,-0.224951,-0.97437,0
6533,12.8833,0.080533,0.0388,7.8324,0.041733,-0.2292,-0.973379,0
6534,12.9,0.0802,0.0442,7.8684,0.036,-0.233445,-0.97237,0
6535,12.9167,0.078267,0.0391,7.9076,0.039167,-0.237686,-0.971342,0
6536,12.9333,0.077483,0.0398,7.9453,0.037683,-0.241922,-0.970296,0
6537,12.95,0.076533,0.0409,7.9809,0.035633,-0.246153,-0.969231,0
6538,12.9667,0.070017,0.0381,8.0128,0.031917,-0.25038,-0.968148,0
6539,12.9833,0.0798,0.0378,8.0548,0.042,-0.254602,-0.967046,0
6540,13.0,0.07535,0.0435,8.0867,0.03185,-0.258819,-0.965926,0
6541,13.0167,0.077567,0.0426,8.1217,0.034967,-0.263031,-0.964787,0
6542,13.0333,0.074933,0.035,8.1616,0.039933,-0.267238,-0.96363,0
6543,13.05,0.077267,0.0386,8.2003,0.038667,-0.27144,-0.962455,0
6544,13.0667,0.074,0.0429,8.2314,0.0311,-0.275637,-0.961262,0
6545,13.0833,0.074467,0.0396,8.2663,0.034867,-0.279829,-0.96005,0
6546,13.1,0.075183,0.0437,8.2978,0.031483,-0.284015,-0.95882,0
6547,13.1167,0.07915,0.037,8.3399,0.04215,-0.288196,-0.957571,0
6548,13.1333,0.078067,0.0396,8.3784,0.038467,-0.292372,-0.956305,0
6549,13.15,0.07935,0.0415,8.4162,0.03785,-0.296542,-0.95502,0
6550,13.1667,0.075633,0.0416,8.4502,0.034033,-0.300706,-0.953717,0
6551,13.1833,0.07665,0.0347,8.4922,0.04195,-0.304864,-0.952396,0
6552,13.2,0.07225,0.0391,8.5254,0.03315,-0.309017,-0.951057,0
6553,13.2167,0.074117,0.0357,8.5638,0.038417,-0.313164,-0.949699,0
6554,13.2333,0.07525,0.0402,8.5989,0.03505,-0.317305,-0.948324,0
6555,13.25,0.0753,0.0397,8.6345,0.0356,-0.321439,-0.94693,0
6556,13.2667,0.074383,0.0424,8.6665,0.031983,-0.325568,-0.945519,0
6557,13.2833,0.08095,0.0396,8.7078,0.04135,-0.329691,-0.944089,0
6558,13.3,0.0775,0.0403,8.745,0.0372,-0.333807,-0.942641,0
6559,13.3167,0.0748,0.0428,8.777,0.032,-0.337917,-0.941176,0
6560,13.3333,0.07495,0.0388,8.8131,0.03615,-0.34202,-0.939693,0
6561,13.35,0.074867,0.0407,8.8473,0.034167,-0.346117,-0.938191,0
6562,13.3667,0.073617,0.0384,8.8825,0.035217,-0.350207,-0.936672,0
6563,13.3833,0.076183,0.0399,8.9188,0.036283,-0.354291,-0.935135,0
6564,13.4,0.07315,0.0379,8.954,0.03525,-0.358368,-0.93358,0
6565,13.4167,0.075767,0.0399,8.9899,0.035867,-0.362438,-0.932008,0
6566,13.4333,0.071833,0.0411,9.0206,0.030733,-0.366501,-0.930418,0
6567,13.45,0.073883,0.0381,9.0564,0.035783,-0.370557,-0.92881,0
6568,13.4667,0.070067,0.0394,9.0871,0.030667,-0.374607,-0.927184,0
6569,13.4833,0.07565,0.0411,9.1216,0.03455,-0.378649,-0.925541,0
6570,13.5,0.075067,0.0379,9.1588,0.037167,-0.382683,-0.92388,0
6571,13.5167,0.072417,0.0406,9.1906,0.031817,-0.386711,-0.922201,0
6572,13.5333,0.07665,0.0396,9.2277,0.03705,-0.390731,-0.920505,0
6573,13.55,0.0757,0.0375,9.2659,0.0382,-0.394744,-0.918791,0
6574,13.5667,0.072,0.0389,9.299,0.0331,-0.398749,-0.91706,0
6575,13.5833,0.076283,0.0395,9.3358,0.036783,-0.402747,-0.915311,0
6576,13.6,0.065017,0.0396,9.3612,0.025417,-0.406737,-0.913545,0
6577,13.6167,0.071067,0.0402,9.3921,0.030867,-0.410719,-0.911762,0
6578,13.6333,0.071733,0.043,9.4208,0.028733,-0.414693,-0.909961,0
6579,13.65,0.071883,0.0405,9.4522,0.031383,-0.41866,-0.908143,0
6580,13.6667,0.07245,0.0386,9.486,0.03385,-0.422618,-0.906308,0
6581,13.6833,0.07285,0.036,9.5229,0.03685,-0.426569,-0.904455,0
6582,13.7,0.071617,0.0423,9.5522,0.029317,-0.430511,-0.902585,0
6583,13.7167,0.0699,0.0388,9.5833,0.0311,-0.434445,-0.900698,0
6584,13.7333,0.0723,0.043,9.6126,0.0293,-0.438371,-0.898794,0
6585,13.75,0.07395,0.0416,9.6449,0.03235,-0.442289,-0.896873,0
6586,13.7667,0.07095,0.0435,9.6723,0.02745,-0.446198,-0.894934,0
6587,13.7833,0.073467,0.0399,9.7059,0.033567,-0.450098,-0.892979,0
6588,13.8,0.069983,0.0377,9.7382,0.032283,-0.45399,-0.891007,0
6589,13.8167,0.073433,0.0391,9.7725,0.034333,-0.457874,-0.889017,0
6590,13.8333,0.071733,0.0409,9.8033,0.030833,-0.461749,-0.887011,0
6591,13.85,0.075317,0.0391,9.8395,0.036217,-0.465615,-0.884988,0
6592,13.8667,0.069417,0.0408,9.8681,0.028617,-0.469472,-0.882948,0
6593,13.8833,0.07285,0.04,9.901,0.03285,-0.47332,-0.880891,0
6594,13.9,0.069217,0.0414,9.9288,0.027817,-0.477159,-0.878817,0
6595,13.9167,0.068667,0.0387,9.9588,0.029967,-0.480989,-0.876727,0
6596,13.9333,0.069483,0.0382,9.9901,0.031283,-0.48481,-0.87462,0
6597,13.95,0.066067,0.0373,10.0189,0.028767,-0.488621,-0.872496,0
6598,13.9667,0.069267,0.0419,10.0463,0.027367,-0.492424,-0.870356,0
6599,13.9833,0.070433,0.0392,10.0775,0.031233,-0.496217,-0.868199,0
6600,14.0,0.067383,0.0384,10.1065,0.028983,-0.5,-0.866025,0
6601,14.0167,0.072,0.0404,10.1381,0.0316,-0.503774,-0.863836,0
6602,14.0333,0.069733,0.036,10.1718,0.033733,-0.507538,-0.861629,0
6603,14.05,0.069317,0.0379,10.2032,0.031417,-0.511293,-0.859406,0
6604,14.0667,0.06975,0.0409,10.2321,0.02885,-0.515038,-0.857167,0
6605,14.0833,0.068,0.0401,10.26,0.0279,-0.518773,-0.854912,0
6606,14.1,0.069067,0.0381,10.291,0.030967,-0.522499,-0.85264,0
6607,14.1167,0.070617,0.0402,10.3214,0.030417,-0.526214,-0.850352,0
6608,14.1333,0.067517,0.0402,10.3487,0.027317,-0.529919,-0.848048,0
6609,14.15,0.06825,0.0378,10.3791,0.03045,-0.533615,-0.845728,0
6610,14.1667,0.071,0.0385,10.4116,0.0325,-0.5373,-0.843391,0
6611,14.1833,0.065633,0.0438,10.4334,0.021833,-0.540974,-0.841039,0
6612,14.2,0.065917,0.042,10.4573,0.023917,-0.544639,-0.838671,0
6613,14.2167,0.068383,0.0365,10.4892,0.031883,-0.548293,-0.836286,0
6614,14.2333,0.070283,0.0381,10.5214,0.032183,-0.551937,-0.833886,0
6615,14.25,0.071067,0.0388,10.5537,0.032267,-0.55557,-0.83147,0
6616,14.2667,0.07045,0.0407,10.5834,0.02975,-0.559193,-0.829038,0
6617,14.2833,0.068317,0.0401,10.6116,0.028217,-0.562805,-0.82659,0
6618,14.3,0.069,0.0404,10.6402,0.0286,-0.566406,-0.824126,0
6619,14.3167,0.061683,0.0417,10.6602,0.019983,-0.569997,-0.821647,0
6620,14.3333,0.06305,0.0357,10.6875,0.02735,-0.573576,-0.819152,0
6621,14.35,0.063367,0.041,10.7099,0.022367,-0.577145,-0.816642,0
6622,14.3667,0.0625,0.0387,10.7337,0.0238,-0.580703,-0.814116,0
6623,14.3833,0.070217,0.0381,10.7658,0.032117,-0.58425,-0.811574,0
6624,14.4,0.065617,0.042,10.7894,0.023617,-0.587785,-0.809017,0
6625,14.4167,0.065567,0.0375,10.8175,0.028067,-0.59131,-0.806445,0
6626,14.4333,0.065033,0.0417,10.8408,0.023333,-0.594823,-0.803857,0
6627,14.45,0.063467,0.0348,10.8695,0.028667,-0.598325,-0.801254,0
6628,14.4667,0.0711,0.042,10.8986,0.0291,-0.601815,-0.798636,0
6629,14.4833,0.06815,0.038,10.9287,0.03015,-0.605294,-0.796002,0
6630,14.5,0.064233,0.0395,10.9534,0.024733,-0.608761,-0.793353,0
6631,14.5167,0.065083,0.0394,10.9791,0.025683,-0.612217,-0.79069,0
6632,14.5333,0.0648,0.0388,11.0051,0.026,-0.615661,-0.788011,0
6633,14.55,0.065517,0.0374,11.0332,0.028117,-0.619094,-0.785317,0
6634,14.5667,0.0645,0.036,11.0617,0.0285,-0.622515,-0.782608,0
6635,14.5833,0.05875,0.0386,11.0818,0.02015,-0.625923,-0.779884,0
6636,14.6,0.063533,0.0387,11.1066,0.024833,-0.62932,-0.777146,0
6637,14.6167,0.062783,0.0395,11.1299,0.023283,-0.632705,-0.774393,0
6638,14.6333,0.063733,0.0409,11.1527,0.022833,-0.636078,-0.771625,0
6639,14.65,0.06665,0.039,11.1803,0.02765,-0.639439,-0.768842,0
6640,14.6667,0.062033,0.0374,11.2049,0.024633,-0.642788,-0.766044,0
6641,14.6833,0.06115,0.0404,11.2256,0.02075,-0.646124,-0.763232,0
6642,14.7,0.063217,0.0362,11.2526,0.027017,-0.649448,-0.760406,0
6643,14.7167,0.063933,0.0395,11.277,0.024433,-0.65276,-0.757565,0
6644,14.7333,0.05885,0.0396,11.2962,0.01925,-0.656059,-0.75471,0
6645,14.75,0.055533,0.0377,11.314,0.017833,-0.659346,-0.75184,0
6646,14.7667,0.057983,0.0406,11.3314,0.017383,-0.66262,-0.748956,0
6647,14.7833,0.058667,0.0386,11.3515,0.020067,-0.665882,-0.746057,0
6648,14.8,0.059233,0.0393,11.3714,0.019933,-0.669131,-0.743145,0
6649,14.8167,0.056083,0.0412,11.3863,0.014883,-0.672367,-0.740218,0
6650,14.8333,0.05685,0.0362,11.407,0.02065,-0.67559,-0.737277,0
6651,14.85,0.055367,0.0395,11.4229,0.015867,-0.678801,-0.734323,0
6652,14.8667,0.054317,0.041,11.4362,0.013317,-0.681998,-0.731354,0
6653,14.8833,0.058017,0.0374,11.4568,0.020617,-0.685183,-0.728371,0
6654,14.9,0.055567,0.0399,11.4725,0.015667,-0.688355,-0.725374,0
6655,14.9167,0.055617,0.0373,11.4908,0.018317,-0.691513,-0.722364,0
6656,14.9333,0.061317,0.0407,11.5114,0.020617,-0.694658,-0.71934,0
6657,14.95,0.059333,0.0431,11.5276,0.016233,-0.69779,-0.716302,0
6658,14.9667,0.0569,0.044,11.5405,0.0129,-0.700909,-0.71325,0
6659,14.9833,0.056167,0.0437,11.553,0.012467,-0.704015,-0.710185,0
6660,15.0,0.05535,0.04,11.5684,0.01535,-0.707107,-0.707107,0
6661,15.0167,0.05705,0.0402,11.5853,0.01685,-0.710185,-0.704015,0
6662,15.0333,0.053883,0.0368,11.6024,0.017083,-0.71325,-0.700909,0
6663,15.05,0.05445,0.041,11.6158,0.01345,-0.716302,-0.69779,0
6664,15.0667,0.056783,0.0424,11.6302,0.014383,-0.71934,-0.694658,0
6665,15.0833,0.054533,0.0416,11.6431,0.012933,-0.722364,-0.691513,0
6666,15.1,0.053867,0.0397,11.6573,0.014167,-0.725374,-0.688355,0
6667,15.1167,0.053783,0.0405,11.6706,0.013283,-0.728371,-0.685183,0
6668,15.1333,0.052133,0.0427,11.68,0.009433,-0.731354,-0.681998,0
6669,15.15,0.055667,0.04,11.6957,0.015667,-0.734323,-0.678801,0
6670,15.1667,0.052583,0.043,11.7053,0.009583,-0.737277,-0.67559,0
6671,15.1833,0.05235,0.0363,11.7213,0.01605,-0.740218,-0.672367,0
6672,15.2,0.050917,0.0373,11.7349,0.013617,-0.743145,-0.669131,0
6673,15.2167,0.053483,0.0403,11.7481,0.013183,-0.746057,-0.665882,0
6674,15.2333,0.051033,0.0377,11.7614,0.013333,-0.748956,-0.66262,0
6675,15.25,0.0537,0.0393,11.7758,0.0144,-0.75184,-0.659346,0
6676,15.2667,0.05275,0.039,11.7896,0.01375,-0.75471,-0.656059,0
6677,15.2833,0.052517,0.0413,11.8008,0.011217,-0.757565,-0.65276,0
6678,15.3,0.0547,0.0374,11.8181,0.0173,-0.760406,-0.649448,0
6679,15.3167,0.053733,0.0407,11.8311,0.013033,-0.763232,-0.646124,0
6680,15.3333,0.052967,0.0442,11.8399,0.008767,-0.766044,-0.642788,0
6681,15.35,0.045283,0.0396,11.8456,0.005683,-0.768842,-0.639439,0
6682,15.3667,0.0518,0.039,11.8584,0.0128,-0.771625,-0.636078,0
6683,15.3833,0.047417,0.0396,11.8662,0.007817,-0.774393,-0.632705,0
6684,15.4,0.054717,0.0405,11.8804,0.014217,-0.777146,-0.62932,0
6685,15.4167,0.04785,0.0389,11.8894,0.00895,-0.779884,-0.625923,0
6686,15.4333,0.050133,0.0402,11.8993,0.009933,-0.782608,-0.622515,0
6687,15.45,0.055967,0.0375,11.9178,0.018467,-0.785317,-0.619094,0
6688,15.4667,0.0489,0.0413,11.9254,0.0076,-0.788011,-0.615661,0
6689,15.4833,0.0467,0.041,11.9311,0.0057,-0.79069,-0.612217,0
6690,15.5,0.050717,0.0398,11.942,0.010917,-0.793353,-0.608761,0
6691,15.5167,0.04815,0.0378,11.9523,0.01035,-0.796002,-0.605294,0
6692,15.5333,0.049967,0.0399,11.9624,0.010067,-0.798636,-0.601815,0
6693,15.55,0.048467,0.0449,11.966,0.003567,-0.801254,-0.598325,0
6694,15.5667,0.0503,0.0417,11.9746,0.0086,-0.803857,-0.594823,0
6695,15.5833,0.0487,0.0383,11.985,0.0104,-0.806445,-0.59131,0
6696,15.6,0.046733,0.0382,11.9935,0.008533,-0.809017,-0.587785,0
6697,15.6167,0.05095,0.0415,12.003,0.00945,-0.811574,-0.58425,0
6698,15.6333,0.04445,0.0394,12.008,0.00505,-0.814116,-0.580703,0
6699,15.65,0.045433,0.0377,12.0157,0.007733,-0.816642,-0.577145,0
6700,15.6667,0.0447,0.0406,12.0198,0.0041,-0.819152,-0.573576,0
6701,15.6833,0.04725,0.039,12.0281,0.00825,-0.821647,-0.569997,0
6702,15.7,0.0434,0.0378,12.0337,0.0056,-0.824126,-0.566406,0
6703,15.7167,0.045383,0.0419,12.0372,0.003483,-0.82659,-0.562805,0
6704,15.7333,0.044217,0.0359,12.0455,0.008317,-0.829038,-0.559193,0
6705,15.75,0.04495,0.0411,12.0494,0.00385,-0.83147,-0.55557,0
6706,15.7667,0.044333,0.0373,12.0564,0.007033,-0.833886,-0.551937,0
6707,15.7833,0.044417,0.0403,12.0605,0.004117,-0.836286,-0.548293,0
6708,15.8,0.048083,0.0426,12.066,0.005483,-0.838671,-0.544639,0
6709,15.8167,0.041267,0.0403,12.067,0.000967,-0.841039,-0.540974,0
6710,15.8333,0.04075,0.0428,12.0649,-0.00205,-0.843391,-0.5373,0
6711,15.85,0.042867,0.0362,12.0716,0.006667,-0.845728,-0.533615,0
6712,15.8667,0.041767,0.0402,12.0732,0.001567,-0.848048,-0.529919,0
6713,15.8833,0.0399,0.0398,12.0733,0.0001,-0.850352,-0.526214,0
6714,15.9,0.039817,0.0425,12.0706,-0.002683,-0.85264,-0.522499,0
6715,15.9167,0.0429,0.0395,12.074,0.0034,-0.854912,-0.518773,0
6716,15.9333,0.036183,0.0439,12.0663,-0.007717,-0.857167,-0.515038,0
6717,15.95,0.038183,0.041,12.0635,-0.002817,-0.859406,-0.511293,0
6718,15.9667,0.037517,0.038,12.063,-0.000483,-0.861629,-0.507538,0
6719,15.9833,0.038517,0.0368,12.0647,0.001717,-0.863836,-0.503774,0
6720,16.0,0.041,0.0424,12.0633,-0.0014,-0.866025,-0.5,0
6721,16.0167,0.037433,0.0411,12.0596,-0.003667,-0.868199,-0.496217,0
6722,16.0333,0.0421,0.0405,12.0612,0.0016,-0.870356,-0.492424,0
6723,16.05,0.040267,0.0369,12.0646,0.003367,-0.872496,-0.488621,0
6724,16.0667,0.04075,0.0397,12.0656,0.00105,-0.87462,-0.48481,0
6725,16.0833,0.04075,0.0423,12.064,-0.00155,-0.876727,-0.480989,0
6726,16.1,0.0337,0.0438,12.0539,-0.0101,-0.878817,-0.477159,0
6727,16.1167,0.044917,0.0426,12.0562,0.002317,-0.880891,-0.47332,0
6728,16.1333,0.041317,0.0395,12.058,0.001817,-0.882948,-0.469472,0
6729,16.15,0.037517,0.0404,12.0551,-0.002883,-0.884988,-0.465615,0
6730,16.1667,0.0347,0.0423,12.0475,-0.0076,-0.887011,-0.461749,0
6731,16.1833,0.038383,0.0381,12.0478,0.000283,-0.889017,-0.457874,0
6732,16.2,0.034883,0.041,12.0417,-0.006117,-0.891007,-0.45399,0
6733,16.2167,0.033017,0.04,12.0347,-0.006983,-0.892979,-0.450098,0
6734,16.2333,0.036533,0.0351,12.0361,0.001433,-0.894934,-0.446198,0
6735,16.25,0.035983,0.0417,12.0304,-0.005717,-0.896873,-0.442289,0
6736,16.2667,0.031433,0.0384,12.0234,-0.006967,-0.898794,-0.438371,0
6737,16.2833,0.03065,0.0402,12.0138,-0.00955,-0.900698,-0.434445,0
6738,16.3,0.0355,0.0421,12.0072,-0.0066,-0.902585,-0.430511,0
6739,16.3167,0.031667,0.0377,12.0012,-0.006033,-0.904455,-0.426569,0
6740,16.3333,0.032783,0.0421,11.9919,-0.009317,-0.906308,-0.422618,0
6741,16.35,0.033467,0.0394,11.986,-0.005933,-0.908143,-0.41866,0
6742,16.3667,0.030783,0.0408,11.976,-0.010017,-0.909961,-0.414693,0
6743,16.3833,0.031033,0.0414,11.9656,-0.010367,-0.911762,-0.410719,0
6744,16.4,0.030817,0.0451,11.9513,-0.014283,-0.913545,-0.406737,0
6745,16.4167,0.029267,0.0374,11.9432,-0.008133,-0.915311,-0.402747,0
6746,16.4333,0.03425,0.0398,11.9376,-0.00555,-0.91706,-0.398749,0
6747,16.45,0.028133,0.0368,11.9289,-0.008667,-0.918791,-0.394744,0
6748,16.4667,0.032033,0.0402,11.9207,-0.008167,-0.920505,-0.390731,0
6749,16.4833,0.029717,0.0387,11.9117,-0.008983,-0.922201,-0.386711,0
6750,16.5,0.030967,0.0374,11.9053,-0.006433,-0.92388,-0.382683,0
6751,16.5167,0.0313,0.0367,11.8999,-0.0054,-0.925541,-0.378649,0
6752,16.5333,0.035183,0.039,11.8961,-0.003817,-0.927184,-0.374607,0
6753,16.55,0.029267,0.0452,11.8802,-0.015933,-0.92881,-0.370557,0
6754,16.5667,0.0269,0.0375,11.8696,-0.0106,-0.930418,-0.366501,0
6755,16.5833,0.02925,0.0391,11.8598,-0.00985,-0.932008,-0.362438,0
6756,16.6,0.028683,0.0373,11.8512,-0.008617,-0.93358,-0.358368,0
6757,16.6167,0.028383,0.042,11.8376,-0.013617,-0.935135,-0.354291,0
6758,16.6333,0.02845,0.0389,11.8271,-0.01045,-0.936672,-0.350207,0
6759,16.65,0.032017,0.0393,11.8198,-0.007283,-0.938191,-0.346117,0
6760,16.6667,0.025067,0.039,11.8059,-0.013933,-0.939693,-0.34202,0
6761,16.6833,0.0233,0.0407,11.7885,-0.0174,-0.941176,-0.337917,0
6762,16.7,0.029117,0.0414,11.7762,-0.012283,-0.942641,-0.333807,0
6763,16.7167,0.02635,0.0383,11.7643,-0.01195,-0.944089,-0.329691,0
6764,16.7333,0.02335,0.0374,11.7503,-0.01405,-0.945519,-0.325568,0
6765,16.75,0.024467,0.0414,11.7334,-0.016933,-0.94693,-0.321439,0
6766,16.7667,0.021217,0.0413,11.7133,-0.020083,-0.948324,-0.317305,0
6767,16.7833,0.023517,0.0402,11.6966,-0.016683,-0.949699,-0.313164,0
6768,16.8,0.028,0.0424,11.6822,-0.0144,-0.951057,-0.309017,0
6769,16.8167,0.0242,0.0403,11.6661,-0.0161,-0.952396,-0.304864,0
6770,16.8333,0.022817,0.038,11.6509,-0.015183,-0.953717,-0.300706,0
6771,16.85,0.025717,0.0404,11.6362,-0.014683,-0.95502,-0.296542,0
6772,16.8667,0.026833,0.044,11.619,-0.017167,-0.956305,-0.292372,0
6773,16.8833,0.01975,0.0432,11.5955,-0.02345,-0.957571,-0.288196,0
6774,16.9,0.023717,0.0408,11.5784,-0.017083,-0.95882,-0.284015,0
6775,16.9167,0.022333,0.0373,11.5634,-0.014967,-0.96005,-0.279829,0
6776,16.9333,0.018517,0.037,11.5449,-0.018483,-0.961262,-0.275637,0
6777,16.95,0.024283,0.0416,11.5276,-0.017317,-0.962455,-0.27144,0
6778,16.9667,0.019717,0.0404,11.5069,-0.020683,-0.96363,-0.267238,0
6779,16.9833,0.021,0.0393,11.4886,-0.0183,-0.964787,-0.263031,0
6780,17.0,0.017867,0.0398,11.4667,-0.021933,-0.965926,-0.258819,0
6781,17.0167,0.022617,0.0377,11.4516,-0.015083,-0.967046,-0.254602,0
6782,17.0333,0.01905,0.0374,11.4332,-0.01835,-0.968148,-0.25038,0
6783,17.05,0.022833,0.0372,11.4188,-0.014367,-0.969231,-0.246153,0
6784,17.0667,0.018633,0.0393,11.3981,-0.020667,-0.970296,-0.241922,0
6785,17.0833,0.019167,0.0424,11.3749,-0.023233,-0.971342,-0.237686,0
6786,17.1,0.018817,0.0384,11.3553,-0.019583,-0.97237,-0.233445,0
6787,17.1167,0.020767,0.0387,11.3374,-0.017933,-0.973379,-0.2292,0
6788,17.1333,0.02055,0.0391,11.3189,-0.01855,-0.97437,-0.224951,0
6789,17.15,0.022083,0.0413,11.2997,-0.019217,-0.975342,-0.220697,0
6790,17.1667,0.017567,0.0389,11.2784,-0.021333,-0.976296,-0.21644,0
6791,17.1833,0.01825,0.0368,11.2599,-0.01855,-0.977231,-0.212178,0
6792,17.2,0.019233,0.041,11.2381,-0.021767,-0.978148,-0.207912,0
6793,17.2167,0.012983,0.039,11.2121,-0.026017,-0.979045,-0.203642,0
6794,17.2333,0.010817,0.0415,11.1814,-0.030683,-0.979925,-0.199368,0
6795,17.25,0.017567,0.0406,11.1584,-0.023033,-0.980785,-0.19509,0
6796,17.2667,0.016517,0.0387,11.1362,-0.022183,-0.981627,-0.190809,0
6797,17.2833,0.011183,0.0395,11.1079,-0.028317,-0.98245,-0.186524,0
6798,17.3,0.014117,0.0408,11.0812,-0.026683,-0.983255,-0.182236,0
6799,17.3167,0.011817,0.043,11.05,-0.031183,-0.984041,-0.177944,0
6800,17.3333,0.01325,0.0416,11.0216,-0.02835,-0.984808,-0.173648,0
6801,17.35,0.0146,0.0429,10.9933,-0.0283,-0.985556,-0.16935,0
6802,17.3667,0.0178,0.0401,10.971,-0.0223,-0.986286,-0.165048,0
6803,17.3833,0.014433,0.0407,10.9447,-0.026267,-0.986996,-0.160743,0
6804,17.4,0.008917,0.0427,10.9109,-0.033783,-0.987688,-0.156434,0
6805,17.4167,0.012033,0.0367,10.8862,-0.024667,-0.988362,-0.152123,0
6806,17.4333,0.009817,0.0412,10.8548,-0.031383,-0.989016,-0.147809,0
6807,17.45,0.009917,0.0408,10.8239,-0.030883,-0.989651,-0.143493,0
6808,17.4667,0.01085,0.0374,10.7973,-0.02655,-0.990268,-0.139173,0
6809,17.4833,0.010117,0.0408,10.7666,-0.030683,-0.990866,-0.134851,0
6810,17.5,0.0099,0.0413,10.7352,-0.0314,-0.991445,-0.130526,0
6811,17.5167,0.00935,0.0362,10.7084,-0.02685,-0.992005,-0.126199,0
6812,17.5333,0.009817,0.0436,10.6746,-0.033783,-0.992546,-0.121869,0
6813,17.55,0.008633,0.1105,10.5727,-0.101867,-0.993068,-0.117537,0
6814,17.5667,0.007167,0.1096,10.4703,-0.102433,-0.993572,-0.113203,0
6815,17.5833,0.012733,0.1121,10.3709,-0.099367,-0.994056,-0.108867,0
6816,17.6,0.009167,0.1115,10.2686,-0.102333,-0.994522,-0.104528,0
6817,17.6167,0.007683,0.1099,10.1664,-0.102217,-0.994969,-0.100188,0
6818,17.6333,0.01095,0.1107,10.0666,-0.09975,-0.995396,-0.095846,0
6819,17.65,0.007967,0.1076,9.967,-0.099633,-0.995805,-0.091502,0
6820,17.6667,0.012667,0.1069,9.8728,-0.094233,-0.996195,-0.087156,0
6821,17.6833,0.008867,0.1077,9.774,-0.098833,-0.996566,-0.082808,0
6822,17.7,0.0086,0.1082,9.6744,-0.0996,-0.996917,-0.078459,0
6823,17.7167,0.008833,0.1101,9.5731,-0.101267,-0.99725,-0.074108,0
6824,17.7333,0.004017,0.1115,9.4656,-0.107483,-0.997564,-0.069756,0
6825,17.75,0.002533,0.1105,9.3576,-0.107967,-0.997859,-0.065403,0
6826,17.7667,0.008583,0.1132,9.253,-0.104617,-0.998135,-0.061049,0
6827,17.7833,0.004267,0.1124,9.1449,-0.108133,-0.998392,-0.056693,0
6828,17.8,0.006233,0.1076,9.0435,-0.101367,-0.99863,-0.052336,0
6829,17.8167,0.00055,0.1122,8.9319,-0.11165,-0.998848,-0.047978,0
6830,17.8333,0.0,0.1138,8.8181,-0.1138,-0.999048,-0.043619,0
6831,17.85,0.0007,0.112,8.7068,-0.1113,-0.999229,-0.03926,0
6832,17.8667,0.0,0.1107,8.5961,-0.1107,-0.999391,-0.034899,0
6833,17.8833,0.001633,0.1087,8.489,-0.107067,-0.999534,-0.030539,0
6834,17.9,0.003183,0.1104,8.3818,-0.107217,-0.999657,-0.026177,0
6835,17.9167,0.00195,0.1095,8.2743,-0.10755,-0.999762,-0.021815,0
6836,17.9333,0.001167,0.109,8.1665,-0.107833,-0.999848,-0.017452,0
6837,17.95,0.000883,0.1142,8.0532,-0.113317,-0.999914,-0.01309,0
6838,17.9667,0.0,0.1112,7.942,-0.1112,-0.999962,-0.008727,0
6839,17.9833,0.0,0.1111,7.8309,-0.1111,-0.99999,-0.004363,0
6840,18.0,6.7e-05,0.1572,7.6738,-0.157133,-1.0,-0.0,0
6841,18.0167,0.0,0.1572,7.5166,-0.1572,-0.99999,0.004363,0
6842,18.0333,0.0,0.1586,7.358,-0.1586,-0.999962,0.008727,0
6843,18.05,0.0,0.1584,7.1996,-0.1584,-0.999914,0.01309,0
6844,18.0667,0.0,0.1583,7.0413,-0.1583,-0.999848,0.017452,0
6845,18.0833,0.0,0.1608,6.8805,-0.1608,-0.999762,0.021815,0
6846,18.1,0.0,0.1612,6.7193,-0.1612,-0.999657,0.026177,0
6847,18.1167,0.0,0.1601,6.5592,-0.1601,-0.999534,0.030539,0
6848,18.1333,0.0,0.1627,6.3965,-0.1627,-0.999391,0.034899,0
6849,18.15,0.0,0.1596,6.2369,-0.1596,-0.999229,0.03926,0
6850,18.1667,0.0,0.1608,6.0761,-0.1608,-0.999048,0.043619,0
6851,18.1833,0.0,0.1569,5.9192,-0.1569,-0.998848,0.047978,0
6852,18.2,0.0,0.1601,5.7591,-0.1601,-0.99863,0.052336,0
6853,18.2167,0.0,0.1589,5.6002,-0.1589,-0.998392,0.056693,0
6854,18.2333,0.0,0.1621,5.4381,-0.1621,-0.998135,0.061049,0
6855,18.25,0.0,0.1599,5.2782,-0.1599,-0.997859,0.065403,0
6856,18.2667,0.0,0.1588,5.1194,-0.1588,-0.997564,0.069756,0
6857,18.2833,0.0,0.1571,4.9623,-0.1571,-0.99725,0.074108,0
6858,18.3,0.0,0.1579,4.8044,-0.1579,-0.996917,0.078459,0
6859,18.3167,0.0,0.1621,4.6423,-0.1621,-0.996566,0.082808,0
6860,18.3333,0.0,0.1631,4.4792,-0.1631,-0.996195,0.087156,0
6861,18.35,0.0,0.162,4.3172,-0.162,-0.995805,0.091502,0
6862,18.3667,0.0,0.1647,4.1525,-0.1647,-0.995396,0.095846,0
6863,18.3833,0.0,0.1616,3.9909,-0.1616,-0.994969,0.100188,0
6864,18.4,0.0,0.1585,3.8324,-0.1585,-0.994522,0.104528,0
6865,18.4167,0.0,0.1617,3.6707,-0.1617,-0.994056,0.108867,0
6866,18.4333,0.0,0.1544,3.5163,-0.1544,-0.993572,0.113203,0
6867,18.45,0.0,0.1623,3.354,-0.1623,-0.993068,0.117537,0
6868,18.4667,0.0,0.1614,3.1926,-0.1614,-0.992546,0.121869,0
6869,18.4833,0.0,0.1598,3.0328,-0.1598,-0.992005,0.126199,0
6870,18.5,0.0,0.1601,2.8727,-0.1601,-0.991445,0.130526,0
6871,18.5167,0.0,0.1604,2.7123,-0.1604,-0.990866,0.134851,0
6872,18.5333,0.0,0.1569,2.5554,-0.1569,-0.990268,0.139173,0
6873,18.55,0.0,0.1629,2.3925,-0.1629,-0.989651,0.143493,0
6874,18.5667,0.0,0.1616,2.2309,-0.1616,-0.989016,0.147809,0
6875,18.5833,0.0,0.1596,2.0713,-0.1596,-0.988362,0.152123,0
6876,18.6,0.0,0.1578,1.9135,-0.1578,-0.987688,0.156434,0
6877,18.6167,0.0,0.1625,1.751,-0.1625,-0.986996,0.160743,0
6878,18.6333,0.0,0.1637,1.5873,-0.1637,-0.986286,0.165048,0
6879,18.65,0.0,0.1583,1.429,-0.1583,-0.985556,0.16935,0
6880,18.6667,0.0,0.1632,1.2658,-0.1632,-0.984808,0.173648,0
6881,18.6833,0.0,0.1606,1.1052,-0.1606,-0.984041,0.177944,0
6882,18.7,0.0,0.1614,0.9438,-0.1614,-0.983255,0.182236,0
6883,18.7167,0.0,0.1634,0.7804,-0.1634,-0.98245,0.186524,0
6884,18.7333,0.0,0.158,0.6224,-0.158,-0.981627,0.190809,0
6885,18.75,0.0,0.1575,0.4649,-0.1575,-0.980785,0.19509,0
6886,18.7667,0.0,0.1576,0.3073,-0.1576,-0.979925,0.199368,0
6887,18.7833,0.0,0.1583,0.149,-0.1583,-0.979045,0.203642,0
6888,18.8,0.0,0.1595,0.0,-0.1595,-0.978148,0.207912,1
6889,18.8167,0.0,0.1589,0.0,-0.1589,-0.977231,0.212178,1
6890,18.8333,0.0,0.1609,0.0,-0.1609,-0.976296,0.21644,1
6891,18.85,0.0,0.1582,0.0,-0.1582,-0.975342,0.220697,1
6892,18.8667,0.0,0.1585,0.0,-0.1585,-0.97437,0.224951,1
6893,18.8833,0.0,0.158,0.0,-0.158,-0.973379,0.2292,1
6894,18.9,0.0,0.1617,0.0,-0.1617,-0.97237,0.233445,1
6895,18.9167,0.0,0.0898,0.0,-0.0898,-0.971342,0.237686,1
6896,18.9333,0.0,0.089,0.0,-0.089,-0.970296,0.241922,1
6897,18.95,0.0,0.0892,0.0,-0.0892,-0.969231,0.246153,1
6898,18.9667,0.0,0.0897,0.0,-0.0897,-0.968148,0.25038,1
6899,18.9833,0.0,0.0914,0.0,-0.0914,-0.967046,0.254602,1
6900,19.0,0.0,0.0907,0.0,-0.0907,-0.965926,0.258819,1
6901,19.0167,0.0,0.0882,0.0,-0.0882,-0.964787,0.263031,1
6902,19.0333,0.0,0.0936,0.0,-0.0936,-0.96363,0.267238,1
6903,19.05,0.0,0.09,0.0,-0.09,-0.962455,0.27144,1
6904,19.0667,0.0,0.0894,0.0,-0.0894,-0.961262,0.275637,1
6905,19.0833,0.0,0.0887,0.0,-0.0887,-0.96005,0.279829,1
6906,19.1,0.0,0.0896,0.0,-0.0896,-0.95882,0.284015,1
6907,19.1167,0.0,0.0888,0.0,-0.0888,-0.957571,0.288196,1
6908,19.1333,0.0,0.0894,0.0,-0.0894,-0.956305,0.292372,1
6909,19.15,0.0,0.0918,0.0,-0.0918,-0.95502,0.296542,1
6910,19.1667,0.0,0.0885,0.0,-0.0885,-0.953717,0.300706,1
6911,19.1833,0.0,0.0913,0.0,-0.0913,-0.952396,0.304864,1
6912,19.2,0.0,0.087,0.0,-0.087,-0.951057,0.309017,1
6913,19.2167,0.0,0.0887,0.0,-0.0887,-0.949699,0.313164,1
6914,19.2333,0.0,0.0933,0.0,-0.0933,-0.948324,0.317305,1
6915,19.25,0.0,0.0886,0.0,-0.0886,-0.94693,0.321439,1
6916,19.2667,0.0,0.0875,0.0,-0.0875,-0.945519,0.325568,1
6917,19.2833,0.0,0.0899,0.0,-0.0899,-0.944089,0.329691,1
6918,19.3,0.0,0.0911,0.0,-0.0911,-0.942641,0.333807,1
6919,19.3167,0.0,0.0887,0.0,-0.0887,-0.941176,0.337917,1
6920,19.3333,0.0,0.0922,0.0,-0.0922,-0.939693,0.34202,1
6921,19.35,0.0,0.0939,0.0,-0.0939,-0.938191,0.346117,1
6922,19.3667,0.0,0.0911,0.0,-0.0911,-0.936672,0.350207,1
6923,19.3833,0.0,0.0905,0.0,-0.0905,-0.935135,0.354291,1
6924,19.4,0.0,0.0893,0.0,-0.0893,-0.93358,0.358368,1
6925,19.4167,0.0,0.0918,0.0,-0.0918,-0.932008,0.362438,1
6926,19.4333,0.0,0.0902,0.0,-0.0902,-0.930418,0.366501,1
6927,19.45,0.0,0.0877,0.0,-0.0877,-0.92881,0.370557,1
6928,19.4667,0.0,0.0889,0.0,-0.0889,-0.927184,0.374607,1
6929,19.4833,0.0,0.0908,0.0,-0.0908,-0.925541,0.378649,1
6930,19.5,0.0,0.092,0.0,-0.092,-0.92388,0.382683,1
6931,19.5167,0.0,0.0857,0.0,-0.0857,-0.922201,0.386711,1
6932,19.5333,0.0,0.0913,0.0,-0.0913,-0.920505,0.390731,1
6933,19.55,0.0,0.0889,0.0,-0.0889,-0.918791,0.394744,1
6934,19.5667,0.0,0.0909,0.0,-0.0909,-0.91706,0.398749,1
6935,19.5833,0.0,0.094,0.0,-0.094,-0.915311,0.402747,1
6936,19.6,0.0,0.0884,0.0,-0.0884,-0.913545,0.406737,1
6937,19.6167,0.0,0.087,0.0,-0.087,-0.911762,0.410719,1
6938,19.6333,0.0,0.0882,0.0,-0.0882,-0.909961,0.414693,1
6939,19.65,0.0,0.0871,0.0,-0.0871,-0.908143,0.41866,1
6940,19.6667,0.0,0.0887,0.0,-0.0887,-0.906308,0.422618,1
6941,19.6833,0.0,0.0891,0.0,-0.0891,-0.904455,0.426569,1
6942,19.7,0.0,0.0909,0.0,-0.0909,-0.902585,0.430511,1
6943,19.7167,0.0,0.0909,0.0,-0.0909,-0.900698,0.434445,1
6944,19.7333,0.0,0.0905,0.0,-0.0905,-0.898794,0.438371,1
6945,19.75,0.0,0.0882,0.0,-0.0882,-0.896873,0.442289,1
6946,19.7667,0.0,0.0918,0.0,-0.0918,-0.894934,0.446198,1
6947,19.7833,0.0,0.088,0.0,-0.088,-0.892979,0.450098,1
6948,19.8,0.0,0.0888,0.0,-0.0888,-0.891007,0.45399,1
6949,19.8167,0.0,0.0907,0.0,-0.0907,-0.889017,0.457874,1
6950,19.8333,0.0,0.0877,0.0,-0.0877,-0.887011,0.461749,1
6951,19.85,0.0,0.0928,0.0,-0.0928,-0.884988,0.465615,1
6952,19.8667,0.0,0.0927,0.0,-0.0927,-0.882948,0.469472,1
6953,19.8833,0.0,0.0884,0.0,-0.0884,-0.880891,0.47332,1
6954,19.9,0.0,0.091,0.0,-0.091,-0.878817,0.477159,1
6955,19.9167,0.0,0.0897,0.0,-0.0897,-0.876727,0.480989,1
6956,19.9333,0.0,0.0896,0.0,-0.0896,-0.87462,0.48481,1
6957,19.95,0.0,0.089,0.0,-0.089,-0.872496,0.488621,1
6958,19.9667,0.0,0.0909,0.0,-0.0909,-0.870356,0.492424,1
6959,19.9833,0.0,0.0877,0.0,-0.0877,-0.868199,0.496217,1
6960,20.0,0.0,0.0909,0.0,-0.0909,-0.866025,0.5,1
6961,20.0167,0.0,0.0936,0.0,-0.0936,-0.863836,0.503774,1
6962,20.0333,0.0,0.0897,0.0,-0.0897,-0.861629,0.507538,1
6963,20.05,0.0,0.0894,0.0,-0.0894,-0.859406,0.511293,1
6964,20.0667,0.0,0.0924,0.0,-0.0924,-0.857167,0.515038,1
6965,20.0833,0.0,0.0874,0.0,-0.0874,-0.854912,0.518773,1
6966,20.1,0.0,0.0878,0.0,-0.0878,-0.85264,0.522499,1
6967,20.1167,0.0,0.0913,0.0,-0.0913,-0.850352,0.526214,1
6968,20.1333,0.0,0.088,0.0,-0.088,-0.848048,0.529919,1
6969,20.15,0.0,0.0903,0.0,-0.0903,-0.845728,0.533615,1
6970,20.1667,0.0,0.0882,0.0,-0.0882,-0.843391,0.5373,1
6971,20.1833,0.0,0.0904,0.0,-0.0904,-0.841039,0.540974,1
6972,20.2,0.0,0.0908,0.0,-0.0908,-0.838671,0.544639,1
6973,20.2167,0.0,0.0909,0.0,-0.0909,-0.836286,0.548293,1
6974,20.2333,0.0,0.0874,0.0,-0.0874,-0.833886,0.551937,1
6975,20.25,0.0,0.0897,0.0,-0.0897,-0.83147,0.55557,1
6976,20.2667,0.0,0.0944,0.0,-0.0944,-0.829038,0.559193,1
6977,20.2833,0.0,0.0923,0.0,-0.0923,-0.82659,0.562805,1
6978,20.3,0.0,0.0895,0.0,-0.0895,-0.824126,0.566406,1
6979,20.3167,0.0,0.0904,0.0,-0.0904,-0.821647,0.569997,1
6980,20.3333,0.0,0.0899,0.0,-0.0899,-0.819152,0.573576,1
6981,20.35,0.0,0.0902,0.0,-0.0902,-0.816642,0.577145,1
6982,20.3667,0.0,0.0871,0.0,-0.0871,-0.814116,0.580703,1
6983,20.3833,0.0,0.0911,0.0,-0.0911,-0.811574,0.58425,1
6984,20.4,0.0,0.0919,0.0,-0.0919,-0.809017,0.587785,1
6985,20.4167,0.0,0.0885,0.0,-0.0885,-0.806445,0.59131,1
6986,20.4333,0.0,0.0859,0.0,-0.0859,-0.803857,0.594823,1
6987,20.45,0.0,0.0882,0.0,-0.0882,-0.801254,0.598325,1
6988,20.4667,0.0,0.0889,0.0,-0.0889,-0.798636,0.601815,1
6989,20.4833,0.0,0.0882,0.0,-0.0882,-0.796002,0.605294,1
6990,20.5,0.0,0.0941,0.0,-0.0941,-0.793353,0.608761,1
6991,20.5167,0.0,0.0914,0.0,-0.0914,-0.79069,0.612217,1
6992,20.5333,0.0,0.0901,0.0,-0.0901,-0.788011,0.615661,1
6993,20.55,0.0,0.089,0.0,-0.089,-0.785317,0.619094,1
6994,20.5667,0.0,0.0883,0.0,-0.0883,-0.782608,0.622515,1
6995,20.5833,0.0,0.0908,0.0,-0.0908,-0.779884,0.625923,1
6996,20.6,0.0,0.0905,0.0,-0.0905,-0.777146,0.62932,1
6997,20.6167,0.0,0.0879,0.0,-0.0879,-0.774393,0.632705,1
6998,20.6333,0.0,0.0902,0.0,-0.0902,-0.771625,0.636078,1
6999,20.65,0.0,0.0901,0.0,-0.0901,-0.768842,0.639439,1
7000,20.6667,0.0,0.0908,0.0,-0.0908,-0.766044,0.642788,1
7001,20.6833,0.0,0.0898,0.0,-0.0898,-0.763232,0.646124,1
7002,20.7,0.0,0.091,0.0,-0.091,-0.760406,0.649448,1
7003,20.7167,0.0,0.0896,0.0,-0.0896,-0.757565,0.65276,1
7004,20.7333,0.0,0.0865,0.0,-0.0865,-0.75471,0.656059,1
7005,20.75,0.0,0.0891,0.0,-0.0891,-0.75184,0.659346,1
7006,20.7667,0.0,0.0885,0.0,-0.0885,-0.748956,0.66262,1
7007,20.7833,0.0,0.0913,0.0,-0.0913,-0.746057,0.665882,1
7008,20.8,0.0,0.091,0.0,-0.091,-0.743145,0.669131,1
7009,20.8167,0.0,0.0878,0.0,-0.0878,-0.740218,0.672367,1
7010,20.8333,0.0,0.0913,0.0,-0.0913,-0.737277,0.67559,1
7011,20.85,0.0,0.0893,0.0,-0.0893,-0.734323,0.678801,1
7012,20.8667,0.0,0.0911,0.0,-0.0911,-0.731354,0.681998,1
7013,20.8833,0.0,0.0876,0.0,-0.0876,-0.728371,0.685183,1
7014,20.9,0.0,0.0902,0.0,-0.0902,-0.725374,0.688355,1
7015,20.9167,0.0,0.0867,0.0,-0.0867,-0.722364,0.691513,1
7016,20.9333,0.0,0.0917,0.0,-0.0917,-0.71934,0.694658,1
7017,20.95,0.0,0.0897,0.0,-0.0897,-0.716302,0.69779,1
7018,20.9667,0.0,0.0902,0.0,-0.0902,-0.71325,0.700909,1
7019,20.9833,0.0,0.09,0.0,-0.09,-0.710185,0.704015,1
7020,21.0,0.0,0.087,0.0,-0.087,-0.707107,0.707107,1
7021,21.0167,0.0,0.0925,0.0,-0.0925,-0.704015,0.710185,1
7022,21.0333,0.0,0.0898,0.0,-0.0898,-0.700909,0.71325,1
7023,21.05,0.0,0.1721,0.0,-0.1721,-0.69779,0.716302,1
7024,21.0667,0.0,0.171,0.0,-0.171,-0.694658,0.71934,1
7025,21.0833,0.0,0.1704,0.0,-0.1704,-0.691513,0.722364,1
7026,21.1,0.0,0.1714,0.0,-0.1714,-0.688355,0.725374,1
7027,21.1167,0.0,0.1693,0.0,-0.1693,-0.685183,0.728371,1
7028,21.1333,0.0,0.1735,0.0,-0.1735,-0.681998,0.731354,1
7029,21.15,0.0,0.1722,0.0,-0.1722,-0.678801,0.734323,1
7030,21.1667,0.0,0.1691,0.0,-0.1691,-0.67559,0.737277,1
7031,21.1833,0.0,0.1703,0.0,-0.1703,-0.672367,0.740218,1
7032,21.2,0.0,0.1705,0.0,-0.1705,-0.669131,0.743145,1
7033,21.2167,0.0,0.1716,0.0,-0.1716,-0.665882,0.746057,1
7034,21.2333,0.0,0.1723,0.0,-0.1723,-0.66262,0.748956,1
7035,21.25,0.0,0.1705,0.0,-0.1705,-0.659346,0.75184,1
7036,21.2667,0.0,0.1739,0.0,-0.1739,-0.656059,0.75471,1
7037,21.2833,0.0,0.1712,0.0,-0.1712,-0.65276,0.757565,1
7038,21.3,0.0,0.1711,0.0,-0.1711,-0.649448,0.760406,1
7039,21.3167,0.0,0.1685,0.0,-0.1685,-0.646124,0.763232,1
7040,21.3333,0.0,0.1709,0.0,-0.1709,-0.642788,0.766044,1
7041,21.35,0.0,0.1703,0.0,-0.1703,-0.639439,0.768842,1
7042,21.3667,0.0,0.1697,0.0,-0.1697,-0.636078,0.771625,1
7043,21.3833,0.0,0.168,0.0,-0.168,-0.632705,0.774393,1
7044,21.4,0.0,0.1703,0.0,-0.1703,-0.62932,0.777146,1
7045,21.4167,0.0,0.1738,0.0,-0.1738,-0.625923,0.779884,1
7046,21.4333,0.0,0.1707,0.0,-0.1707,-0.622515,0.782608,1
7047,21.45,0.0,0.1709,0.0,-0.1709,-0.619094,0.785317,1
7048,21.4667,0.0,0.1759,0.0,-0.1759,-0.615661,0.788011,1
7049,21.4833,0.0,0.1717,0.0,-0.1717,-0.612217,0.79069,1
7050,21.5,0.0,0.1735,0.0,-0.1735,-0.608761,0.793353,1
7051,21.5167,0.0,0.1725,0.0,-0.1725,-0.605294,0.796002,1
7052,21.5333,0.0,0.1673,0.0,-0.1673,-0.601815,0.798636,1
7053,21.55,0.0,0.1718,0.0,-0.1718,-0.598325,0.801254,1
7054,21.5667,0.0,0.1736,0.0,-0.1736,-0.594823,0.803857,1
7055,21.5833,0.0,0.1695,0.0,-0.1695,-0.59131,0.806445,1
7056,21.6,0.0,0.1699,0.0,-0.1699,-0.587785,0.809017,1
7057,21.6167,0.0,0.1716,0.0,-0.1716,-0.58425,0.811574,1
7058,21.6333,0.0,0.1717,0.0,-0.1717,-0.580703,0.814116,1
7059,21.65,0.0,0.1714,0.0,-0.1714,-0.577145,0.816642,1
7060,21.6667,0.0,0.1687,0.0,-0.1687,-0.573576,0.819152,1
7061,21.6833,0.0,0.1735,0.0,-0.1735,-0.569997,0.821647,1
7062,21.7,0.0,0.1722,0.0,-0.1722,-0.566406,0.824126,1
7063,21.7167,0.0,0.1704,0.0,-0.1704,-0.562805,0.82659,1
7064,21.7333,0.0,0.175,0.0,-0.175,-0.559193,0.829038,1
7065,21.75,0.0,0.1739,0.0,-0.1739,-0.55557,0.83147,1
7066,21.7667,0.0,0.1718,0.0,-0.1718,-0.551937,0.833886,1
7067,21.7833,0.0,0.1718,0.0,-0.1718,-0.548293,0.836286,1
7068,21.8,0.0,0.1697,0.0,-0.1697,-0.544639,0.838671,1
7069,21.8167,0.0,0.1707,0.0,-0.1707,-0.540974,0.841039,1
7070,21.8333,0.0,0.1704,0.0,-0.1704,-0.5373,0.843391,1
7071,21.85,0.0,0.1742,0.0,-0.1742,-0.533615,0.845728,1
7072,21.8667,0.0,0.1727,0.0,-0.1727,-0.529919,0.848048,1
7073,21.8833,0.0,0.1715,0.0,-0.1715,-0.526214,0.850352,1
7074,21.9,0.0,0.173,0.0,-0.173,-0.522499,0.85264,1
7075,21.9167,0.0,0.1724,0.0,-0.1724,-0.518773,0.854912,1
7076,21.9333,0.0,0.1735,0.0,-0.1735,-0.515038,0.857167,1
7077,21.95,0.0,0.1712,0.0,-0.1712,-0.511293,0.859406,1
7078,21.9667,0.0,0.1718,0.0,-0.1718,-0.507538,0.861629,1
7079,21.9833,0.0,0.1744,0.0,-0.1744,-0.503774,0.863836,1
7080,22.0,0.0,0.1041,0.0,-0.1041,-0.5,0.866025,1
7081,22.0167,0.0,0.0996,0.0,-0.0996,-0.496217,0.868199,1
7082,22.0333,0.0,0.1053,0.0,-0.1053,-0.492424,0.870356,1
7083,22.05,0.0,0.104,0.0,-0.104,-0.488621,0.872496,1
7084,22.0667,0.0,0.1,0.0,-0.1,-0.48481,0.87462,1
7085,22.0833,0.0,0.1066,0.0,-0.1066,-0.480989,0.876727,1
7086,22.1,0.0,0.1016,0.0,-0.1016,-0.477159,0.878817,1
7087,22.1167,0.0,0.1055,0.0,-0.1055,-0.47332,0.880891,1
7088,22.1333,0.0,0.1001,0.0,-0.1001,-0.469472,0.882948,1
7089,22.15,0.0,0.1012,0.0,-0.1012,-0.465615,0.884988,1
7090,22.1667,0.0,0.1049,0.0,-0.1049,-0.461749,0.887011,1
7091,22.1833,0.0,0.1052,0.0,-0.1052,-0.457874,0.889017,1
7092,22.2,0.0,0.103,0.0,-0.103,-0.45399,0.891007,1
7093,22.2167,0.0,0.1052,0.0,-0.1052,-0.450098,0.892979,1
7094,22.2333,0.0,0.1062,0.0,-0.1062,-0.446198,0.894934,1
7095,22.25,0.0,0.1052,0.0,-0.1052,-0.442289,0.896873,1
7096,22.2667,0.0,0.1065,0.0,-0.1065,-0.438371,0.898794,1
7097,22.2833,0.0,0.1008,0.0,-0.1008,-0.434445,0.900698,1
7098,22.3,0.0,0.1028,0.0,-0.1028,-0.430511,0.902585,1
7099,22.3167,0.0,0.1023,0.0,-0.1023,-0.426569,0.904455,1
7100,22.3333,0.0,0.1024,0.0,-0.1024,-0.422618,0.906308,1
7101,22.35,0.0,0.1053,0.0,-0.1053,-0.41866,0.908143,1
7102,22.3667,0.0,0.1007,0.0,-0.1007,-0.414693,0.909961,1
7103,22.3833,0.0,0.1024,0.0,-0.1024,-0.410719,0.911762,1
7104,22.4,0.0,0.1034,0.0,-0.1034,-0.406737,0.913545,1
7105,22.4167,0.0,0.1021,0.0,-0.1021,-0.402747,0.915311,1
7106,22.4333,0.0,0.1016,0.0,-0.1016,-0.398749,0.91706,1
7107,22.45,0.0,0.1033,0.0,-0.1033,-0.394744,0.918791,1
7108,22.4667,0.0,0.0198,0.0,-0.0198,-0.390731,0.920505,1
7109,22.4833,0.0,0.0223,0.0,-0.0223,-0.386711,0.922201,1
7110,22.5,0.0,0.0214,0.0,-0.0214,-0.382683,0.92388,1
7111,22.5167,0.0,0.0202,0.0,-0.0202,-0.378649,0.925541,1
7112,22.5333,0.0,0.0236,0.0,-0.0236,-0.374607,0.927184,1
7113,22.55,0.0,0.0207,0.0,-0.0207,-0.370557,0.92881,1
7114,22.5667,0.0,0.0198,0.0,-0.0198,-0.366501,0.930418,1
7115,22.5833,0.0,0.0212,0.0,-0.0212,-0.362438,0.932008,1
7116,22.6,0.0,0.0245,0.0,-0.0245,-0.358368,0.93358,1
7117,22.6167,0.0,0.0225,0.0,-0.0225,-0.354291,0.935135,1
7118,22.6333,0.0,0.0186,0.0,-0.0186,-0.350207,0.936672,1
7119,22.65,0.0,0.0227,0.0,-0.0227,-0.346117,0.938191,1
7120,22.6667,0.0,0.023,0.0,-0.023,-0.34202,0.939693,1
7121,22.6833,0.0,0.0218,0.0,-0.0218,-0.337917,0.941176,1
7122,22.7,0.0,0.0197,0.0,-0.0197,-0.333807,0.942641,1
7123,22.7167,0.0,0.0182,0.0,-0.0182,-0.329691,0.944089,1
7124,22.7333,0.0,0.0237,0.0,-0.0237,-0.325568,0.945519,1
7125,22.75,0.0,0.0215,0.0,-0.0215,-0.321439,0.94693,1
7126,22.7667,0.0,0.0245,0.0,-0.0245,-0.317305,0.948324,1
7127,22.7833,0.0,0.0208,0.0,-0.0208,-0.313164,0.949699,1
7128,22.8,0.0,0.0227,0.0,-0.0227,-0.309017,0.951057,1
7129,22.8167,0.0,0.0206,0.0,-0.0206,-0.304864,0.952396,1
7130,22.8333,0.0,0.019,0.0,-0.019,-0.300706,0.953717,1
7131,22.85,0.0,0.0221,0.0,-0.0221,-0.296542,0.95502,1
7132,22.8667,0.0,0.0276,0.0,-0.0276,-0.292372,0.956305,1
7133,22.8833,0.0,0.0218,0.0,-0.0218,-0.288196,0.957571,1
7134,22.9,0.0,0.0217,0.0,-0.0217,-0.284015,0.95882,1
7135,22.9167,0.0,0.0212,0.0,-0.0212,-0.279829,0.96005,1
7136,22.9333,0.0,0.0218,0.0,-0.0218,-0.275637,0.961262,1
7137,22.95,0.0,0.0202,0.0,-0.0202,-0.27144,0.962455,1
7138,22.9667,0.0,0.0223,0.0,-0.0223,-0.267238,0.96363,1
7139,22.9833,0.0,0.0214,0.0,-0.0214,-0.263031,0.964787,1
7140,23.0,0.0,0.0231,0.0,-0.0231,-0.258819,0.965926,1
7141,23.0167,0.0,0.0198,0.0,-0.0198,-0.254602,0.967046,1
7142,23.0333,0.0,0.0166,0.0,-0.0166,-0.25038,0.968148,1
7143,23.05,0.0,0.0232,0.0,-0.0232,-0.246153,0.969231,1
7144,23.0667,0.0,0.0227,0.0,-0.0227,-0.241922,0.970296,1
7145,23.0833,0.0,0.0222,0.0,-0.0222,-0.237686,0.971342,1
7146,23.1,0.0,0.0232,0.0,-0.0232,-0.233445,0.97237,1
7147,23.1167,0.0,0.0179,0.0,-0.0179,-0.2292,0.973379,1
7148,23.1333,0.0,0.0213,0.0,-0.0213,-0.224951,0.97437,1
7149,23.15,0.0,0.0204,0.0,-0.0204,-0.220697,0.975342,1
7150,23.1667,0.0,0.0198,0.0,-0.0198,-0.21644,0.976296,1
7151,23.1833,0.0,0.0207,0.0,-0.0207,-0.212178,0.977231,1
7152,23.2,0.0,0.0175,0.0,-0.0175,-0.207912,0.978148,1
7153,23.2167,0.0,0.0207,0.0,-0.0207,-0.203642,0.979045,1
7154,23.2333,0.0,0.0243,0.0,-0.0243,-0.199368,0.979925,1
7155,23.25,0.0,0.022,0.0,-0.022,-0.19509,0.980785,1
7156,23.2667,0.0,0.021,0.0,-0.021,-0.190809,0.981627,1
7157,23.2833,0.0,0.0222,0.0,-0.0222,-0.186524,0.98245,1
7158,23.3,0.0,0.0217,0.0,-0.0217,-0.182236,0.983255,1
7159,23.3167,0.0,0.0153,0.0,-0.0153,-0.177944,0.984041,1
7160,23.3333,0.0,0.0234,0.0,-0.0234,-0.173648,0.984808,1
7161,23.35,0.0,0.0205,0.0,-0.0205,-0.16935,0.985556,1
7162,23.3667,0.0,0.0201,0.0,-0.0201,-0.165048,0.986286,1
7163,23.3833,0.0,0.0208,0.0,-0.0208,-0.160743,0.986996,1
7164,23.4,0.0,0.023,0.0,-0.023,-0.156434,0.987688,1
7165,23.4167,0.0,0.0204,0.0,-0.0204,-0.152123,0.988362,1
7166,23.4333,0.0,0.0204,0.0,-0.0204,-0.147809,0.989016,1
7167,23.45,0.0,0.0207,0.0,-0.0207,-0.143493,0.989651,1
7168,23.4667,0.0,0.021,0.0,-0.021,-0.139173,0.990268,1
7169,23.4833,0.0,0.0232,0.0,-0.0232,-0.134851,0.990866,1
7170,23.5,0.0,0.0242,0.0,-0.0242,-0.130526,0.991445,1
7171,23.5167,0.0,0.0184,0.0,-0.0184,-0.126199,0.992005,1
7172,23.5333,0.0,0.0222,0.0,-0.0222,-0.121869,0.992546,1
7173,23.55,0.0,0.023,0.0,-0.023,-0.117537,0.993068,1
7174,23.5667,0.0,0.0243,0.0,-0.0243,-0.113203,0.993572,1
7175,23.5833,0.0,0.0247,0.0,-0.0247,-0.108867,0.994056,1
7176,23.6,0.0,0.0202,0.0,-0.0202,-0.104528,0.994522,1
7177,23.6167,0.0,0.0256,0.0,-0.0256,-0.100188,0.994969,1
7178,23.6333,0.0,0.0237,0.0,-0.0237,-0.095846,0.995396,1
7179,23.65,0.0,0.0215,0.0,-0.0215,-0.091502,0.995805,1
7180,23.6667,0.0,0.0212,0.0,-0.0212,-0.087156,0.996195,1
7181,23.6833,0.0,0.0212,0.0,-0.0212,-0.082808,0.996566,1
7182,23.7,0.0,0.0212,0.0,-0.0212,-0.078459,0.996917,1
7183,23.7167,0.0,0.0214,0.0,-0.0214,-0.074108,0.99725,1
7184,23.7333,0.0,0.0192,0.0,-0.0192,-0.069756,0.997564,1
7185,23.75,0.0,0.025,0.0,-0.025,-0.065403,0.997859,1
7186,23.7667,0.0,0.0176,0.0,-0.0176,-0.061049,0.998135,1
7187,23.7833,0.0,0.022,0.0,-0.022,-0.056693,0.998392,1
7188,23.8,0.0,0.0253,0.0,-0.0253,-0.052336,0.99863,1
7189,23.8167,0.0,0.0247,0.0,-0.0247,-0.047978,0.998848,1
7190,23.8333,0.0,0.0216,0.0,-0.0216,-0.043619,0.999048,1
7191,23.85,0.0,0.0217,0.0,-0.0217,-0.03926,0.999229,1
7192,23.8667,0.0,0.0227,0.0,-0.0227,-0.034899,0.999391,1
7193,23.8833,0.0,0.0204,0.0,-0.0204,-0.030539,0.999534,1
7194,23.9,0.0,0.0197,0.0,-0.0197,-0.026177,0.999657,1
7195,23.9167,0.0,0.0216,0.0,-0.0216,-0.021815,0.999762,1
7196,23.9333,0.0,0.0213,0.0,-0.0213,-0.017452,0.999848,1
7197,23.95,0.0,0.0194,0.0,-0.0194,-0.01309,0.999914,1
7198,23.9667,0.0,0.0201,0.0,-0.0201,-0.008727,0.999962,1
7199,23.9833,0.0,0.0211,0.0,-0.0211,-0.004363,0.99999,1
7200,0.0,0.0,0.0181,0.0,-0.0181,0.0,1.0,1
7201,0.0167,0.0,0.0209,0.0,-0.0209,0.004363,0.99999,1
7202,0.0333,0.0,0.0217,0.0,-0.0217,0.008727,0.999962,1
7203,0.05,0.0,0.0228,0.0,-0.0228,0.01309,0.999914,1
7204,0.0667,0.0,0.0202,0.0,-0.0202,0.017452,0.999848,1
7205,0.0833,0.0,0.0218,0.0,-0.0218,0.021815,0.999762,1
7206,0.1,0.0,0.0227,0.0,-0.0227,0.026177,0.999657,1
7207,0.1167,0.0,0.0205,0.0,-0.0205,0.030539,0.999534,1
7208,0.1333,0.0,0.0207,0.0,-0.0207,0.034899,0.999391,1
7209,0.15,0.0,0.0223,0.0,-0.0223,0.03926,0.999229,1
7210,0.1667,0.0,0.0189,0.0,-0.0189,0.043619,0.999048,1
7211,0.1833,0.0,0.0214,0.0,-0.0214,0.047978,0.998848,1
7212,0.2,0.0,0.0226,0.0,-0.0226,0.052336,0.99863,1
7213,0.2167,0.0,0.018,0.0,-0.018,0.056693,0.998392,1
7214,0.2333,0.0,0.0234,0.0,-0.0234,0.061049,0.998135,1
7215,0.25,0.0,0.0226,0.0,-0.0226,0.065403,0.997859,1
7216,0.2667,0.0,0.0213,0.0,-0.0213,0.069756,0.997564,1
7217,0.2833,0.0,0.0227,0.0,-0.0227,0.074108,0.99725,1
7218,0.3,0.0,0.0209,0.0,-0.0209,0.078459,0.996917,1
7219,0.3167,0.0,0.0215,0.0,-0.0215,0.082808,0.996566,1
7220,0.3333,0.0,0.0254,0.0,-0.0254,0.087156,0.996195,1
7221,0.35,0.0,0.0249,0.0,-0.0249,0.091502,0.995805,1
7222,0.3667,0.0,0.0217,0.0,-0.0217,0.095846,0.995396,1
7223,0.3833,0.0,0.0179,0.0,-0.0179,0.100188,0.994969,1
7224,0.4,0.0,0.0166,0.0,-0.0166,0.104528,0.994522,1
7225,0.4167,0.0,0.0202,0.0,-0.0202,0.108867,0.994056,1
7226,0.4333,0.0,0.0226,0.0,-0.0226,0.113203,0.993572,1
7227,0.45,0.0,0.0179,0.0,-0.0179,0.117537,0.993068,1
7228,0.4667,0.0,0.0218,0.0,-0.0218,0.121869,0.992546,1
7229,0.4833,0.0,0.0223,0.0,-0.0223,0.126199,0.992005,1
7230,0.5,0.0,0.0194,0.0,-0.0194,0.130526,0.991445,1
7231,0.5167,0.0,0.0223,0.0,-0.0223,0.134851,0.990866,1
7232,0.5333,0.0,0.0191,0.0,-0.0191,0.139173,0.990268,1
7233,0.55,0.0,0.0219,0.0,-0.0219,0.143493,0.989651,1
7234,0.5667,0.0,0.0233,0.0,-0.0233,0.147809,0.989016,1
7235,0.5833,0.0,0.0225,0.0,-0.0225,0.152123,0.988362,1
7236,0.6,0.0,0.0218,0.0,-0.0218,0.156434,0.987688,1
7237,0.6167,0.0,0.0223,0.0,-0.0223,0.160743,0.986996,1
7238,0.6333,0.0,0.022,0.0,-0.022,0.165048,0.986286,1
7239,0.65,0.0,0.0238,0.0,-0.0238,0.16935,0.985556,1
7240,0.6667,0.0,0.0252,0.0,-0.0252,0.173648,0.984808,1
7241,0.6833,0.0,0.0221,0.0,-0.0221,0.177944,0.984041,1
7242,0.7,0.0,0.0217,0.0,-0.0217,0.182236,0.983255,1
7243,0.7167,0.0,0.0239,0.0,-0.0239,0.186524,0.98245,1
7244,0.7333,0.0,0.0223,0.0,-0.0223,0.190809,0.981627,1
7245,0.75,0.0,0.0206,0.0,-0.0206,0.19509,0.980785,1
7246,0.7667,0.0,0.0203,0.0,-0.0203,0.199368,0.979925,1
7247,0.7833,0.0,0.0221,0.0,-0.0221,0.203642,0.979045,1
7248,0.8,0.0,0.0167,0.0,-0.0167,0.207912,0.978148,1
7249,0.8167,0.0,0.0261,0.0,-0.0261,0.212178,0.977231,1
7250,0.8333,0.0,0.024,0.0,-0.024,0.21644,0.976296,1
7251,0.85,0.0,0.0221,0.0,-0.0221,0.220697,0.975342,1
7252,0.8667,0.0,0.0214,0.0,-0.0214,0.224951,0.97437,1
7253,0.8833,0.0,0.0196,0.0,-0.0196,0.2292,0.973379,1
7254,0.9,0.0,0.0218,0.0,-0.0218,0.233445,0.97237,1
7255,0.9167,0.0,0.0246,0.0,-0.0246,0.237686,0.971342,1
7256,0.9333,0.0,0.0222,0.0,-0.0222,0.241922,0.970296,1
7257,0.95,0.0,0.0241,0.0,-0.0241,0.246153,0.969231,1
7258,0.9667,0.0,0.0209,0.0,-0.0209,0.25038,0.968148,1
7259,0.9833,0.0,0.0203,0.0,-0.0203,0.254602,0.967046,1
7260,1.0,0.0,0.0206,0.0,-0.0206,0.258819,0.965926,1
7261,1.0167,0.0,0.0221,0.0,-0.0221,0.263031,0.964787,1
7262,1.0333,0.0,0.0198,0.0,-0.0198,0.267238,0.96363,1
7263,1.05,0.0,0.0209,0.0,-0.0209,0.27144,0.962455,1
7264,1.0667,0.0,0.0203,0.0,-0.0203,0.275637,0.961262,1
7265,1.0833,0.0,0.0246,0.0,-0.0246,0.279829,0.96005,1
7266,1.1,0.0,0.0225,0.0,-0.0225,0.284015,0.95882,1
7267,1.1167,0.0,0.0207,0.0,-0.0207,0.288196,0.957571,1
7268,1.1333,0.0,0.0215,0.0,-0.0215,0.292372,0.956305,1
7269,1.15,0.0,0.0209,0.0,-0.0209,0.296542,0.95502,1
7270,1.1667,0.0,0.0209,0.0,-0.0209,0.300706,0.953717,1
7271,1.1833,0.0,0.0178,0.0,-0.0178,0.304864,0.952396,1
7272,1.2,0.0,0.0208,0.0,-0.0208,0.309017,0.951057,1
7273,1.2167,0.0,0.0232,0.0,-0.0232,0.313164,0.949699,1
7274,1.2333,0.0,0.021,0.0,-0.021,0.317305,0.948324,1
7275,1.25,0.0,0.0198,0.0,-0.0198,0.321439,0.94693,1
7276,1.2667,0.0,0.0194,0.0,-0.0194,0.325568,0.945519,1
7277,1.2833,0.0,0.0197,0.0,-0.0197,0.329691,0.944089,1
7278,1.3,0.0,0.0217,0.0,-0.0217,0.333807,0.942641,1
7279,1.3167,0.0,0.0184,0.0,-0.0184,0.337917,0.941176,1
7280,1.3333,0.0,0.024,0.0,-0.024,0.34202,0.939693,1
7281,1.35,0.0,0.0209,0.0,-0.0209,0.346117,0.938191,1
7282,1.3667,0.0,0.0206,0.0,-0.0206,0.350207,0.936672,1
7283,1.3833,0.0,0.0217,0.0,-0.0217,0.354291,0.935135,1
7284,1.4,0.0,0.0219,0.0,-0.0219,0.358368,0.93358,1
7285,1.4167,0.0,0.0245,0.0,-0.0245,0.362438,0.932008,1
7286,1.4333,0.0,0.0228,0.0,-0.0228,0.366501,0.930418,1
7287,1.45,0.0,0.0234,0.0,-0.0234,0.370557,0.92881,1
7288,1.4667,0.0,0.0218,0.0,-0.0218,0.374607,0.927184,1
7289,1.4833,0.0,0.0214,0.0,-0.0214,0.378649,0.925541,1
7290,1.5,0.0,0.0197,0.0,-0.0197,0.382683,0.92388,1
7291,1.5167,0.0,0.0211,0.0,-0.0211,0.386711,0.922201,1
7292,1.5333,0.0,0.0173,0.0,-0.0173,0.390731,0.920505,1
7293,1.55,0.0,0.0207,0.0,-0.0207,0.394744,0.918791,1
7294,1.5667,0.0,0.0235,0.0,-0.0235,0.398749,0.91706,1
7295,1.5833,0.0,0.0273,0.0,-0.0273,0.402747,0.915311,1
7296,1.6,0.0,0.0226,0.0,-0.0226,0.406737,0.913545,1
7297,1.6167,0.0,0.0214,0.0,-0.0214,0.410719,0.911762,1
7298,1.6333,0.0,0.0238,0.0,-0.0238,0.414693,0.909961,1
7299,1.65,0.0,0.0232,0.0,-0.0232,0.41866,0.908143,1
7300,1.6667,0.0,0.0195,0.0,-0.0195,0.422618,0.906308,1
7301,1.6833,0.0,0.0241,0.0,-0.0241,0.426569,0.904455,1
7302,1.7,0.0,0.0237,0.0,-0.0237,0.430511,0.902585,1
7303,1.7167,0.0,0.0205,0.0,-0.0205,0.434445,0.900698,1
7304,1.7333,0.0,0.0244,0.0,-0.0244,0.438371,0.898794,1
7305,1.75,0.0,0.021,0.0,-0.021,0.442289,0.896873,1
7306,1.7667,0.0,0.0232,0.0,-0.0232,0.446198,0.894934,1
7307,1.7833,0.0,0.02,0.0,-0.02,0.450098,0.892979,1
7308,1.8,0.0,0.0221,0.0,-0.0221,0.45399,0.891007,1
7309,1.8167,0.0,0.0208,0.0,-0.0208,0.457874,0.889017,1
7310,1.8333,0.0,0.0217,0.0,-0.0217,0.461749,0.887011,1
7311,1.85,0.0,0.0205,0.0,-0.0205,0.465615,0.884988,1
7312,1.8667,0.0,0.0245,0.0,-0.0245,0.469472,0.882948,1
7313,1.8833,0.0,0.0214,0.0,-0.0214,0.47332,0.880891,1
7314,1.9,0.0,0.0229,0.0,-0.0229,0.477159,0.878817,1
7315,1.9167,0.0,0.0221,0.0,-0.0221,0.480989,0.876727,1
7316,1.9333,0.0,0.0203,0.0,-0.0203,0.48481,0.87462,1
7317,1.95,0.0,0.0252,0.0,-0.0252,0.488621,0.872496,1
7318,1.9667,0.0,0.0231,0.0,-0.0231,0.492424,0.870356,1
7319,1.9833,0.0,0.0186,0.0,-0.0186,0.496217,0.868199,1
7320,2.0,0.0,0.024,0.0,-0.024,0.5,0.866025,1
7321,2.0167,0.0,0.0188,0.0,-0.0188,0.503774,0.863836,1
7322,2.0333,0.0,0.023,0.0,-0.023,0.507538,0.861629,1
7323,2.05,0.0,0.0249,0.0,-0.0249,0.511293,0.859406,1
7324,2.0667,0.0,0.0215,0.0,-0.0215,0.515038,0.857167,1
7325,2.0833,0.0,0.0218,0.0,-0.0218,0.518773,0.854912,1
7326,2.1,0.0,0.0172,0.0,-0.0172,0.522499,0.85264,1
7327,2.1167,0.0,0.0219,0.0,-0.0219,0.526214,0.850352,1
7328,2.1333,0.0,0.0185,0.0,-0.0185,0.529919,0.848048,1
7329,2.15,0.0,0.0224,0.0,-0.0224,0.533615,0.845728,1
7330,2.1667,0.0,0.0219,0.0,-0.0219,0.5373,0.843391,1
7331,2.1833,0.0,0.0187,0.0,-0.0187,0.540974,0.841039,1
7332,2.2,0.0,0.0228,0.0,-0.0228,0.544639,0.838671,1
7333,2.2167,0.0,0.0197,0.0,-0.0197,0.548293,0.836286,1
7334,2.2333,0.0,0.021,0.0,-0.021,0.551937,0.833886,1
7335,2.25,0.0,0.0199,0.0,-0.0199,0.55557,0.83147,1
7336,2.2667,0.0,0.0236,0.0,-0.0236,0.559193,0.829038,1
7337,2.2833,0.0,0.0212,0.0,-0.0212,0.562805,0.82659,1
7338,2.3,0.0,0.0201,0.0,-0.0201,0.566406,0.824126,1
7339,2.3167,0.0,0.0216,0.0,-0.0216,0.569997,0.821647,1
7340,2.3333,0.0,0.021,0.0,-0.021,0.573576,0.819152,1
7341,2.35,0.0,0.0201,0.0,-0.0201,0.577145,0.816642,1
7342,2.3667,0.0,0.0221,0.0,-0.0221,0.580703,0.814116,1
7343,2.3833,0.0,0.0174,0.0,-0.0174,0.58425,0.811574,1
7344,2.4,0.0,0.016,0.0,-0.016,0.587785,0.809017,1
7345,2.4167,0.0,0.0219,0.0,-0.0219,0.59131,0.806445,1
7346,2.4333,0.0,0.0206,0.0,-0.0206,0.594823,0.803857,1
7347,2.45,0.0,0.0243,0.0,-0.0243,0.598325,0.801254,1
7348,2.4667,0.0,0.0211,0.0,-0.0211,0.601815,0.798636,1
7349,2.4833,0.0,0.0217,0.0,-0.0217,0.605294,0.796002,1
7350,2.5,0.0,0.0192,0.0,-0.0192,0.608761,0.793353,1
7351,2.5167,0.0,0.0215,0.0,-0.0215,0.612217,0.79069,1
7352,2.5333,0.0,0.0219,0.0,-0.0219,0.615661,0.788011,1
7353,2.55,0.0,0.0238,0.0,-0.0238,0.619094,0.785317,1
7354,2.5667,0.0,0.0209,0.0,-0.0209,0.622515,0.782608,1
7355,2.5833,0.0,0.0213,0.0,-0.0213,0.625923,0.779884,1
7356,2.6,0.0,0.0236,0.0,-0.0236,0.62932,0.777146,1
7357,2.6167,0.0,0.0241,0.0,-0.0241,0.632705,0.774393,1
7358,2.6333,0.0,0.0209,0.0,-0.0209,0.636078,0.771625,1
7359,2.65,0.0,0.0217,0.0,-0.0217,0.639439,0.768842,1
7360,2.6667,0.0,0.0204,0.0,-0.0204,0.642788,0.766044,1
7361,2.6833,0.0,0.021,0.0,-0.021,0.646124,0.763232,1
7362,2.7,0.0,0.0209,0.0,-0.0209,0.649448,0.760406,1
7363,2.7167,0.0,0.0199,0.0,-0.0199,0.65276,0.757565,1
7364,2.7333,0.0,0.0222,0.0,-0.0222,0.656059,0.75471,1
7365,2.75,0.0,0.0233,0.0,-0.0233,0.659346,0.75184,1
7366,2.7667,0.0,0.0171,0.0,-0.0171,0.66262,0.748956,1
7367,2.7833,0.0,0.026,0.0,-0.026,0.665882,0.746057,1
7368,2.8,0.0,0.026,0.0,-0.026,0.669131,0.743145,1
7369,2.8167,0.0,0.0175,0.0,-0.0175,0.672367,0.740218,1
7370,2.8333,0.0,0.0205,0.0,-0.0205,0.67559,0.737277,1
7371,2.85,0.0,0.0215,0.0,-0.0215,0.678801,0.734323,1
7372,2.8667,0.0,0.0217,0.0,-0.0217,0.681998,0.731354,1
7373,2.8833,0.0,0.0208,0.0,-0.0208,0.685183,0.728371,1
7374,2.9,0.0,0.0252,0.0,-0.0252,0.688355,0.725374,1
7375,2.9167,0.0,0.0205,0.0,-0.0205,0.691513,0.722364,1
7376,2.9333,0.0,0.0244,0.0,-0.0244,0.694658,0.71934,1
7377,2.95,0.0,0.0243,0.0,-0.0243,0.69779,0.716302,1
7378,2.9667,0.0,0.0232,0.0,-0.0232,0.700909,0.71325,1
7379,2.9833,0.0,0.026,0.0,-0.026,0.704015,0.710185,1
7380,3.0,0.0,0.0242,0.0,-0.0242,0.707107,0.707107,1
7381,3.0167,0.0,0.0198,0.0,-0.0198,0.710185,0.704015,1
7382,3.0333,0.0,0.0197,0.0,-0.0197,0.71325,0.700909,1
7383,3.05,0.0,0.023,0.0,-0.023,0.716302,0.69779,1
7384,3.0667,0.0,0.021,0.0,-0.021,0.71934,0.694658,1
7385,3.0833,0.0,0.0234,0.0,-0.0234,0.722364,0.691513,1
7386,3.1,0.0,0.0181,0.0,-0.0181,0.725374,0.688355,1
7387,3.1167,0.0,0.0216,0.0,-0.0216,0.728371,0.685183,1
7388,3.1333,0.0,0.0198,0.0,-0.0198,0.731354,0.681998,1
7389,3.15,0.0,0.0225,0.0,-0.0225,0.734323,0.678801,1
7390,3.1667,0.0,0.0222,0.0,-0.0222,0.737277,0.67559,1
7391,3.1833,0.0,0.0214,0.0,-0.0214,0.740218,0.672367,1
7392,3.2,0.0,0.0208,0.0,-0.0208,0.743145,0.669131,1
7393,3.2167,0.0,0.0173,0.0,-0.0173,0.746057,0.665882,1
7394,3.2333,0.0,0.0228,0.0,-0.0228,0.748956,0.66262,1
7395,3.25,0.0,0.0239,0.0,-0.0239,0.75184,0.659346,1
7396,3.2667,0.0,0.0244,0.0,-0.0244,0.75471,0.656059,1
7397,3.2833,0.0,0.0235,0.0,-0.0235,0.757565,0.65276,1
7398,3.3,0.0,0.0195,0.0,-0.0195,0.760406,0.649448,1
7399,3.3167,0.0,0.0213,0.0,-0.0213,0.763232,0.646124,1
7400,3.3333,0.0,0.0212,0.0,-0.0212,0.766044,0.642788,1
7401,3.35,0.0,0.0219,0.0,-0.0219,0.768842,0.639439,1
7402,3.3667,0.0,0.0205,0.0,-0.0205,0.771625,0.636078,1
7403,3.3833,0.0,0.0247,0.0,-0.0247,0.774393,0.632705,1
7404,3.4,0.0,0.0226,0.0,-0.0226,0.777146,0.62932,1
7405,3.4167,0.0,0.0186,0.0,-0.0186,0.779884,0.625923,1
7406,3.4333,0.0,0.0205,0.0,-0.0205,0.782608,0.622515,1
7407,3.45,0.0,0.0197,0.0,-0.0197,0.785317,0.619094,1
7408,3.4667,0.0,0.0211,0.0,-0.0211,0.788011,0.615661,1
7409,3.4833,0.0,0.0218,0.0,-0.0218,0.79069,0.612217,1
7410,3.5,0.0,0.0191,0.0,-0.0191,0.793353,0.608761,1
7411,3.5167,0.0,0.0237,0.0,-0.0237,0.796002,0.605294,1
7412,3.5333,0.0,0.0216,0.0,-0.0216,0.798636,0.601815,1
7413,3.55,0.0,0.0241,0.0,-0.0241,0.801254,0.598325,1
7414,3.5667,0.0,0.023,0.0,-0.023,0.803857,0.594823,1
7415,3.5833,0.0,0.0243,0.0,-0.0243,0.806445,0.59131,1
7416,3.6,0.0,0.0213,0.0,-0.0213,0.809017,0.587785,1
7417,3.6167,0.0,0.023,0.0,-0.023,0.811574,0.58425,1
7418,3.6333,0.0,0.0239,0.0,-0.0239,0.814116,0.580703,1
7419,3.65,0.0,0.0197,0.0,-0.0197,0.816642,0.577145,1
7420,3.6667,0.0,0.0193,0.0,-0.0193,0.819152,0.573576,1
7421,3.6833,0.0,0.0229,0.0,-0.0229,0.821647,0.569997,1
7422,3.7,0.0,0.0206,0.0,-0.0206,0.824126,0.566406,1
7423,3.7167,0.0,0.0206,0.0,-0.0206,0.82659,0.562805,1
7424,3.7333,0.0,0.0233,0.0,-0.0233,0.829038,0.559193,1
7425,3.75,0.0,0.0198,0.0,-0.0198,0.83147,0.55557,1
7426,3.7667,0.0,0.0204,0.0,-0.0204,0.833886,0.551937,1
7427,3.7833,0.0,0.0239,0.0,-0.0239,0.836286,0.548293,1
7428,3.8,0.0,0.019,0.0,-0.019,0.838671,0.544639,1
7429,3.8167,0.0,0.0186,0.0,-0.0186,0.841039,0.540974,1
7430,3.8333,0.0,0.0216,0.0,-0.0216,0.843391,0.5373,1
7431,3.85,0.0,0.0182,0.0,-0.0182,0.845728,0.533615,1
7432,3.8667,0.0,0.0197,0.0,-0.0197,0.848048,0.529919,1
7433,3.8833,0.0,0.0197,0.0,-0.0197,0.850352,0.526214,1
7434,3.9,0.0,0.0222,0.0,-0.0222,0.85264,0.522499,1
7435,3.9167,0.0,0.0198,0.0,-0.0198,0.854912,0.518773,1
7436,3.9333,0.0,0.0196,0.0,-0.0196,0.857167,0.515038,1
7437,3.95,0.0,0.0201,0.0,-0.0201,0.859406,0.511293,1
7438,3.9667,0.0,0.0261,0.0,-0.0261,0.861629,0.507538,1
7439,3.9833,0.0,0.0212,0.0,-0.0212,0.863836,0.503774,1
7440,4.0,0.0,0.022,0.0,-0.022,0.866025,0.5,1
7441,4.0167,0.0,0.023,0.0,-0.023,0.868199,0.496217,1
7442,4.0333,0.0,0.021,0.0,-0.021,0.870356,0.492424,1
7443,4.05,0.0,0.0238,0.0,-0.0238,0.872496,0.488621,1
7444,4.0667,0.0,0.0204,0.0,-0.0204,0.87462,0.48481,1
7445,4.0833,0.0,0.0212,0.0,-0.0212,0.876727,0.480989,1
7446,4.1,0.0,0.0224,0.0,-0.0224,0.878817,0.477159,1
7447,4.1167,0.0,0.0219,0.0,-0.0219,0.880891,0.47332,1
7448,4.1333,0.0,0.0213,0.0,-0.0213,0.882948,0.469472,1
7449,4.15,0.0,0.0225,0.0,-0.0225,0.884988,0.465615,1
7450,4.1667,0.0,0.0221,0.0,-0.0221,0.887011,0.461749,1
7451,4.1833,0.0,0.0216,0.0,-0.0216,0.889017,0.457874,1
7452,4.2,0.0,0.0207,0.0,-0.0207,0.891007,0.45399,1
7453,4.2167,0.0,0.0201,0.0,-0.0201,0.892979,0.450098,1
7454,4.2333,0.0,0.0221,0.0,-0.0221,0.894934,0.446198,1
7455,4.25,0.0,0.0249,0.0,-0.0249,0.896873,0.442289,1
7456,4.2667,0.0,0.0245,0.0,-0.0245,0.898794,0.438371,1
7457,4.2833,0.0,0.0229,0.0,-0.0229,0.900698,0.434445,1
7458,4.3,0.0,0.024,0.0,-0.024,0.902585,0.430511,1
7459,4.3167,0.0,0.0236,0.0,-0.0236,0.904455,0.426569,1
7460,4.3333,0.0,0.0204,0.0,-0.0204,0.906308,0.422618,1
7461,4.35,0.0,0.0208,0.0,-0.0208,0.908143,0.41866,1
7462,4.3667,0.0,0.0275,0.0,-0.0275,0.909961,0.414693,1
7463,4.3833,0.0,0.0225,0.0,-0.0225,0.911762,0.410719,1
7464,4.4,0.0,0.0209,0.0,-0.0209,0.913545,0.406737,1
7465,4.4167,0.0,0.0215,0.0,-0.0215,0.915311,0.402747,1
7466,4.4333,0.0,0.029,0.0,-0.029,0.91706,0.398749,1
7467,4.45,0.0,0.0243,0.0,-0.0243,0.918791,0.394744,1
7468,4.4667,0.0,0.0198,0.0,-0.0198,0.920505,0.390731,1
7469,4.4833,0.0,0.0218,0.0,-0.0218,0.922201,0.386711,1
7470,4.5,0.0,0.0251,0.0,-0.0251,0.92388,0.382683,1
7471,4.5167,0.0,0.023,0.0,-0.023,0.925541,0.378649,1
7472,4.5333,0.0,0.0209,0.0,-0.0209,0.927184,0.374607,1
7473,4.55,0.0,0.021,0.0,-0.021,0.92881,0.370557,1
7474,4.5667,0.0,0.0195,0.0,-0.0195,0.930418,0.366501,1
7475,4.5833,0.0,0.0168,0.0,-0.0168,0.932008,0.362438,1
7476,4.6,0.0,0.0211,0.0,-0.0211,0.93358,0.358368,1
7477,4.6167,0.0,0.0196,0.0,-0.0196,0.935135,0.354291,1
7478,4.6333,0.0,0.0188,0.0,-0.0188,0.936672,0.350207,1
7479,4.65,0.0,0.021,0.0,-0.021,0.938191,0.346117,1
7480,4.6667,0.0,0.0182,0.0,-0.0182,0.939693,0.34202,1
7481,4.6833,0.0,0.0245,0.0,-0.0245,0.941176,0.337917,1
7482,4.7,0.0,0.0226,0.0,-0.0226,0.942641,0.333807,1
7483,4.7167,0.0,0.0196,0.0,-0.0196,0.944089,0.329691,1
7484,4.7333,0.0,0.021,0.0,-0.021,0.945519,0.325568,1
7485,4.75,0.0,0.0221,0.0,-0.0221,0.94693,0.321439,1
7486,4.7667,0.0,0.0222,0.0,-0.0222,0.948324,0.317305,1
7487,4.7833,0.0,0.0182,0.0,-0.0182,0.949699,0.313164,1
7488,4.8,0.0,0.0236,0.0,-0.0236,0.951057,0.309017,1
7489,4.8167,0.0,0.0222,0.0,-0.0222,0.952396,0.304864,1
7490,4.8333,0.0,0.0201,0.0,-0.0201,0.953717,0.300706,1
7491,4.85,0.0,0.0239,0.0,-0.0239,0.95502,0.296542,1
7492,4.8667,0.0,0.0235,0.0,-0.0235,0.956305,0.292372,1
7493,4.8833,0.0,0.0231,0.0,-0.0231,0.957571,0.288196,1
7494,4.9,0.0,0.0243,0.0,-0.0243,0.95882,0.284015,1
7495,4.9167,0.0,0.0198,0.0,-0.0198,0.96005,0.279829,1
7496,4.9333,0.0,0.0237,0.0,-0.0237,0.961262,0.275637,1
7497,4.95,0.0,0.0211,0.0,-0.0211,0.962455,0.27144,1
7498,4.9667,0.0,0.0214,0.0,-0.0214,0.96363,0.267238,1
7499,4.9833,0.0,0.0235,0.0,-0.0235,0.964787,0.263031,1
7500,5.0,0.0,0.0201,0.0,-0.0201,0.965926,0.258819,1
7501,5.0167,0.0,0.0223,0.0,-0.0223,0.967046,0.254602,1
7502,5.0333,0.0,0.0278,0.0,-0.0278,0.968148,0.25038,1
7503,5.05,0.0,0.018,0.0,-0.018,0.969231,0.246153,1
7504,5.0667,0.0,0.0197,0.0,-0.0197,0.970296,0.241922,1
7505,5.0833,0.0,0.023,0.0,-0.023,0.971342,0.237686,1
7506,5.1,0.0,0.0184,0.0,-0.0184,0.97237,0.233445,1
7507,5.1167,0.0,0.0195,0.0,-0.0195,0.973379,0.2292,1
7508,5.1333,0.0,0.0233,0.0,-0.0233,0.97437,0.224951,1
7509,5.15,0.0,0.0179,0.0,-0.0179,0.975342,0.220697,1
7510,5.1667,0.0,0.0198,0.0,-0.0198,0.976296,0.21644,1
7511,5.1833,0.0,0.0212,0.0,-0.0212,0.977231,0.212178,1
7512,5.2,0.0,0.0192,0.0,-0.0192,0.978148,0.207912,1
7513,5.2167,0.0,0.0197,0.0,-0.0197,0.979045,0.203642,1
7514,5.2333,0.0,0.0189,0.0,-0.0189,0.979925,0.199368,1
7515,5.25,0.0,0.0224,0.0,-0.0224,0.980785,0.19509,1
7516,5.2667,0.0,0.0155,0.0,-0.0155,0.981627,0.190809,1
7517,5.2833,0.0,0.0201,0.0,-0.0201,0.98245,0.186524,1
7518,5.3,0.0,0.0232,0.0,-0.0232,0.983255,0.182236,1
7519,5.3167,0.0,0.0218,0.0,-0.0218,0.984041,0.177944,1
7520,5.3333,0.0,0.0202,0.0,-0.0202,0.984808,0.173648,1
7521,5.35,0.0,0.0241,0.0,-0.0241,0.985556,0.16935,1
7522,5.3667,0.0,0.0219,0.0,-0.0219,0.986286,0.165048,1
7523,5.3833,0.0,0.0215,0.0,-0.0215,0.986996,0.160743,1
7524,5.4,0.0,0.0231,0.0,-0.0231,0.987688,0.156434,1
7525,5.4167,0.0,0.0247,0.0,-0.0247,0.988362,0.152123,1
7526,5.4333,0.0,0.0227,0.0,-0.0227,0.989016,0.147809,1
7527,5.45,0.0,0.0208,0.0,-0.0208,0.989651,0.143493,1
7528,5.4667,0.0,0.0225,0.0,-0.0225,0.990268,0.139173,1
7529,5.4833,0.0,0.0262,0.0,-0.0262,0.990866,0.134851,1
7530,5.5,0.0,0.0216,0.0,-0.0216,0.991445,0.130526,1
7531,5.5167,0.0,0.0208,0.0,-0.0208,0.992005,0.126199,1
7532,5.5333,0.0,0.0196,0.0,-0.0196,0.992546,0.121869,1
7533,5.55,0.0,0.0212,0.0,-0.0212,0.993068,0.117537,1
7534,5.5667,0.0,0.0219,0.0,-0.0219,0.993572,0.113203,1
7535,5.5833,0.0,0.0215,0.0,-0.0215,0.994056,0.108867,1
7536,5.6,0.0,0.0205,0.0,-0.0205,0.994522,0.104528,1
7537,5.6167,0.0,0.0201,0.0,-0.0201,0.994969,0.100188,1
7538,5.6333,0.0,0.0209,0.0,-0.0209,0.995396,0.095846,1
7539,5.65,0.0,0.025,0.0,-0.025,0.995805,0.091502,1
7540,5.6667,0.0,0.026,0.0,-0.026,0.996195,0.087156,1
7541,5.6833,0.0,0.0201,0.0,-0.0201,0.996566,0.082808,1
7542,5.7,0.0,0.0262,0.0,-0.0262,0.996917,0.078459,1
7543,5.7167,0.0,0.0205,0.0,-0.0205,0.99725,0.074108,1
7544,5.7333,0.0,0.0224,0.0,-0.0224,0.997564,0.069756,1
7545,5.75,0.0,0.0222,0.0,-0.0222,0.997859,0.065403,1
7546,5.7667,0.0,0.0184,0.0,-0.0184,0.998135,0.061049,1
7547,5.7833,0.0,0.0206,0.0,-0.0206,0.998392,0.056693,1
7548,5.8,0.0,0.0243,0.0,-0.0243,0.99863,0.052336,1
7549,5.8167,0.0,0.0217,0.0,-0.0217,0.998848,0.047978,1
7550,5.8333,0.0,0.0218,0.0,-0.0218,0.999048,0.043619,1
7551,5.85,0.0,0.0208,0.0,-0.0208,0.999229,0.03926,1
7552,5.8667,0.0,0.0193,0.0,-0.0193,0.999391,0.034899,1
7553,5.8833,0.0,0.0208,0.0,-0.0208,0.999534,0.030539,1
7554,5.9,0.0,0.02,0.0,-0.02,0.999657,0.026177,1
7555,5.9167,0.0,0.0234,0.0,-0.0234,0.999762,0.021815,1
7556,5.9333,0.0,0.0176,0.0,-0.0176,0.999848,0.017452,1
7557,5.95,0.0,0.0219,0.0,-0.0219,0.999914,0.01309,1
7558,5.9667,0.0,0.0225,0.0,-0.0225,0.999962,0.008727,1
7559,5.9833,0.0,0.0225,0.0,-0.0225,0.99999,0.004363,1
7560,6.0,0.0022,0.0398,0.0,-0.0376,1.0,0.0,1
7561,6.0167,0.0,0.0412,0.0,-0.0412,0.99999,-0.004363,1
7562,6.0333,0.000917,0.0401,0.0,-0.039183,0.999962,-0.008727,1
7563,6.05,0.002333,0.0445,0.0,-0.042167,0.999914,-0.01309,1
7564,6.0667,0.0,0.0424,0.0,-0.0424,0.999848,-0.017452,1
7565,6.0833,0.0,0.0393,0.0,-0.0393,0.999762,-0.021815,1
7566,6.1,0.00035,0.0406,0.0,-0.04025,0.999657,-0.026177,1
7567,6.1167,6.7e-05,0.039,0.0,-0.038933,0.999534,-0.030539,1
7568,6.1333,0.004,0.0407,0.0,-0.0367,0.999391,-0.034899,1
7569,6.15,0.00595,0.0379,0.0,-0.03195,0.999229,-0.03926,1
7570,6.1667,0.004917,0.0406,0.0,-0.035683,0.999048,-0.043619,1
7571,6.1833,0.0019,0.0382,0.0,-0.0363,0.998848,-0.047978,1
7572,6.2,0.002067,0.0383,0.0,-0.036233,0.99863,-0.052336,1
7573,6.2167,0.006567,0.0386,0.0,-0.032033,0.998392,-0.056693,1
7574,6.2333,0.006933,0.0384,0.0,-0.031467,0.998135,-0.061049,1
7575,6.25,0.00235,0.0384,0.0,-0.03605,0.997859,-0.065403,1
7576,6.2667,0.003583,0.0409,0.0,-0.037317,0.997564,-0.069756,1
7577,6.2833,0.006033,0.0407,0.0,-0.034667,0.99725,-0.074108,1
7578,6.3,0.003833,0.0379,0.0,-0.034067,0.996917,-0.078459,1
7579,6.3167,0.011467,0.0434,0.0,-0.031933,0.996566,-0.082808,1
7580,6.3333,0.007117,0.0354,0.0,-0.028283,0.996195,-0.087156,1
7581,6.35,0.006883,0.0378,0.0,-0.030917,0.995805,-0.091502,1
7582,6.3667,0.004117,0.0392,0.0,-0.035083,0.995396,-0.095846,1
7583,6.3833,0.0079,0.0396,0.0,-0.0317,0.994969,-0.100188,1
7584,6.4,0.00945,0.0394,0.0,-0.02995,0.994522,-0.104528,1
7585,6.4167,0.008883,0.041,0.0,-0.032117,0.994056,-0.108867,1
7586,6.4333,0.005983,0.0399,0.0,-0.033917,0.993572,-0.113203,1
7587,6.45,0.013217,0.0401,0.0,-0.026883,0.993068,-0.117537,1
7588,6.4667,0.01295,0.0375,0.0,-0.02455,0.992546,-0.121869,1
7589,6.4833,0.014133,0.0433,0.0,-0.029167,0.992005,-0.126199,1
7590,6.5,0.009183,0.0406,0.0,-0.031417,0.991445,-0.130526,1
7591,6.5167,0.0111,0.0392,0.0,-0.0281,0.990866,-0.134851,1
7592,6.5333,0.013767,0.0382,0.0,-0.024433,0.990268,-0.139173,1
7593,6.55,0.012067,0.0378,0.0,-0.025733,0.989651,-0.143493,1
7594,6.5667,0.010133,0.0427,0.0,-0.032567,0.989016,-0.147809,1
7595,6.5833,0.011467,0.0382,0.0,-0.026733,0.988362,-0.152123,1
7596,6.6,0.010533,0.0385,0.0,-0.027967,0.987688,-0.156434,1
7597,6.6167,0.0138,0.0383,0.0,-0.0245,0.986996,-0.160743,1
7598,6.6333,0.016867,0.0416,0.0,-0.024733,0.986286,-0.165048,1
7599,6.65,0.014617,0.0411,0.0,-0.026483,0.985556,-0.16935,1
7600,6.6667,0.017433,0.0384,0.0,-0.020967,0.984808,-0.173648,1
7601,6.6833,0.011867,0.0373,0.0,-0.025433,0.984041,-0.177944,1
7602,6.7,0.016767,0.0395,0.0,-0.022733,0.983255,-0.182236,1
7603,6.7167,0.017117,0.0411,0.0,-0.023983,0.98245,-0.186524,1
7604,6.7333,0.015783,0.0398,0.0,-0.024017,0.981627,-0.190809,1
7605,6.75,0.013267,0.0374,0.0,-0.024133,0.980785,-0.19509,1
7606,6.7667,0.019667,0.0395,0.0,-0.019833,0.979925,-0.199368,1
7607,6.7833,0.0208,0.0388,0.0,-0.018,0.979045,-0.203642,1
7608,6.8,0.015133,0.0413,0.0,-0.026167,0.978148,-0.207912,1
7609,6.8167,0.016983,0.04,0.0,-0.023017,0.977231,-0.212178,1
7610,6.8333,0.010383,0.0391,0.0,-0.028717,0.976296,-0.21644,1
7611,6.85,0.013867,0.0421,0.0,-0.028233,0.975342,-0.220697,1
7612,6.8667,0.016033,0.0378,0.0,-0.021767,0.97437,-0.224951,1
7613,6.8833,0.0173,0.0394,0.0,-0.0221,0.973379,-0.2292,1
7614,6.9,0.019967,0.0394,0.0,-0.019433,0.97237,-0.233445,1
7615,6.9167,0.01865,0.0411,0.0,-0.02245,0.971342,-0.237686,1
7616,6.9333,0.024067,0.0378,0.0,-0.013733,0.970296,-0.241922,1
7617,6.95,0.020517,0.039,0.0,-0.018483,0.969231,-0.246153,1
7618,6.9667,0.018383,0.0391,0.0,-0.020717,0.968148,-0.25038,1
7619,6.9833,0.019633,0.0393,0.0,-0.019667,0.967046,-0.254602,1
7620,7.0,0.019783,0.0732,0.0,-0.053417,0.965926,-0.258819,1
7621,7.0167,0.024067,0.0729,0.0,-0.048833,0.964787,-0.263031,1
7622,7.0333,0.02665,0.0689,0.0,-0.04225,0.96363,-0.267238,1
7623,7.05,0.025333,0.0737,0.0,-0.048367,0.962455,-0.27144,1
7624,7.0667,0.0223,0.0726,0.0,-0.0503,0.961262,-0.275637,1
7625,7.0833,0.019467,0.0726,0.0,-0.053133,0.96005,-0.279829,1
7626,7.1,0.025733,0.0717,0.0,-0.045967,0.95882,-0.284015,1
7627,7.1167,0.020417,0.071,0.0,-0.050583,0.957571,-0.288196,1
7628,7.1333,0.029083,0.0753,0.0,-0.046217,0.956305,-0.292372,1
7629,7.15,0.0238,0.0678,0.0,-0.044,0.95502,-0.296542,1
7630,7.1667,0.021217,0.0723,0.0,-0.051083,0.953717,-0.300706,1
7631,7.1833,0.025617,0.072,0.0,-0.046383,0.952396,-0.304864,1
7632,7.2,0.0215,0.0718,0.0,-0.0503,0.951057,-0.309017,1
7633,7.2167,0.02705,0.0667,0.0,-0.03965,0.949699,-0.313164,1
7634,7.2333,0.0204,0.0757,0.0,-0.0553,0.948324,-0.317305,1
7635,7.25,0.021933,0.0752,0.0,-0.053267,0.94693,-0.321439,1
7636,7.2667,0.028517,0.0704,0.0,-0.041883,0.945519,-0.325568,1
7637,7.2833,0.028367,0.0717,0.0,-0.043333,0.944089,-0.329691,1
7638,7.3,0.024467,0.0707,0.0,-0.046233,0.942641,-0.333807,1
7639,7.3167,0.028883,0.0702,0.0,-0.041317,0.941176,-0.337917,1
7640,7.3333,0.032033,0.0706,0.0,-0.038567,0.939693,-0.34202,1
7641,7.35,0.028733,0.0719,0.0,-0.043167,0.938191,-0.346117,1
7642,7.3667,0.028217,0.0712,0.0,-0.042983,0.936672,-0.350207,1
7643,7.3833,0.0283,0.069,0.0,-0.0407,0.935135,-0.354291,1
7644,7.4,0.024867,0.0749,0.0,-0.050033,0.93358,-0.358368,1
7645,7.4167,0.028083,0.0713,0.0,-0.043217,0.932008,-0.362438,1
7646,7.4333,0.031217,0.0725,0.0,-0.041283,0.930418,-0.366501,1
7647,7.45,0.02425,0.0718,0.0,-0.04755,0.92881,-0.370557,1
7648,7.4667,0.0257,0.0708,0.0,-0.0451,0.927184,-0.374607,1
7649,7.4833,0.029617,0.0724,0.0,-0.042783,0.925541,-0.378649,1
7650,7.5,0.034333,0.0734,0.0,-0.039067,0.92388,-0.382683,1
7651,7.5167,0.03145,0.069,0.0,-0.03755,0.922201,-0.386711,1
7652,7.5333,0.031633,0.0727,0.0,-0.041067,0.920505,-0.390731,1
7653,7.55,0.029367,0.0728,0.0,-0.043433,0.918791,-0.394744,1
7654,7.5667,0.031333,0.0696,0.0,-0.038267,0.91706,-0.398749,1
7655,7.5833,0.0317,0.0708,0.0,-0.0391,0.915311,-0.402747,1
7656,7.6,0.0324,0.0658,0.0,-0.0334,0.913545,-0.406737,1
7657,7.6167,0.033467,0.0715,0.0,-0.038033,0.911762,-0.410719,1
7658,7.6333,0.034133,0.0724,0.0,-0.038267,0.909961,-0.414693,1
7659,7.65,0.0332,0.0691,0.0,-0.0359,0.908143,-0.41866,1
7660,7.6667,0.031567,0.0706,0.0,-0.039033,0.906308,-0.422618,1
7661,7.6833,0.0352,0.0712,0.0,-0.036,0.904455,-0.426569,1
7662,7.7,0.032167,0.0719,0.0,-0.039733,0.902585,-0.430511,1
7663,7.7167,0.03295,0.0746,0.0,-0.04165,0.900698,-0.434445,1
7664,7.7333,0.038267,0.0715,0.0,-0.033233,0.898794,-0.438371,1
7665,7.75,0.03435,0.0741,0.0,-0.03975,0.896873,-0.442289,1
7666,7.7667,0.041083,0.0738,0.0,-0.032717,0.894934,-0.446198,1
7667,7.7833,0.03375,0.0719,0.0,-0.03815,0.892979,-0.450098,1
7668,7.8,0.0355,0.0701,0.0,-0.0346,0.891007,-0.45399,1
7669,7.8167,0.038883,0.0735,0.0,-0.034617,0.889017,-0.457874,1
7670,7.8333,0.03515,0.0741,0.0,-0.03895,0.887011,-0.461749,1
7671,7.85,0.037267,0.0694,0.0,-0.032133,0.884988,-0.465615,1
7672,7.8667,0.038,0.071,0.0,-0.033,0.882948,-0.469472,1
7673,7.8833,0.038117,0.073,0.0,-0.034883,0.880891,-0.47332,1
7674,7.9,0.038533,0.0726,0.0,-0.034067,0.878817,-0.477159,1
7675,7.9167,0.0388,0.0708,0.0,-0.032,0.876727,-0.480989,1
7676,7.9333,0.041967,0.0713,0.0,-0.029333,0.87462,-0.48481,1
7677,7.95,0.039183,0.0741,0.0,-0.034917,0.872496,-0.488621,1
7678,7.9667,0.041667,0.072,0.0,-0.030333,0.870356,-0.492424,1
7679,7.9833,0.043633,0.0734,0.0,-0.029767,0.868199,-0.496217,1
7680,8.0,0.04065,0.0705,0.0,-0.02985,0.866025,-0.5,1
7681,8.0167,0.04075,0.0712,0.0,-0.03045,0.863836,-0.503774,1
7682,8.0333,0.0396,0.0723,0.0,-0.0327,0.861629,-0.507538,1
7683,8.05,0.04065,0.073,0.0,-0.03235,0.859406,-0.511293,1
7684,8.0667,0.038817,0.0705,0.0,-0.031683,0.857167,-0.515038,1
7685,8.0833,0.041167,0.0693,0.0,-0.028133,0.854912,-0.518773,1
7686,8.1,0.043283,0.0745,0.0,-0.031217,0.85264,-0.522499,1
7687,8.1167,0.0433,0.0739,0.0,-0.0306,0.850352,-0.526214,1
7688,8.1333,0.04315,0.0719,0.0,-0.02875,0.848048,-0.529919,1
7689,8.15,0.045617,0.0727,0.0,-0.027083,0.845728,-0.533615,1
7690,8.1667,0.0464,0.0703,0.0,-0.0239,0.843391,-0.5373,1
7691,8.1833,0.036133,0.0749,0.0,-0.038767,0.841039,-0.540974,1
7692,8.2,0.0433,0.0709,0.0,-0.0276,0.838671,-0.544639,1
7693,8.2167,0.040133,0.0771,0.0,-0.036967,0.836286,-0.548293,1
7694,8.2333,0.042867,0.0716,0.0,-0.028733,0.833886,-0.551937,1
7695,8.25,0.042733,0.0681,0.0,-0.025367,0.83147,-0.55557,1
7696,8.2667,0.045317,0.0721,0.0,-0.026783,0.829038,-0.559193,1
7697,8.2833,0.044417,0.0769,0.0,-0.032483,0.82659,-0.562805,1
7698,8.3,0.046533,0.0718,0.0,-0.025267,0.824126,-0.566406,1
7699,8.3167,0.048417,0.0749,0.0,-0.026483,0.821647,-0.569997,1
7700,8.3333,0.041483,0.0708,0.0,-0.029317,0.819152,-0.573576,1
7701,8.35,0.044133,0.0682,0.0,-0.024067,0.816642,-0.577145,1
7702,8.3667,0.045533,0.0689,0.0,-0.023367,0.814116,-0.580703,1
7703,8.3833,0.050267,0.0705,0.0,-0.020233,0.811574,-0.58425,1
7704,8.4,0.044717,0.0744,0.0,-0.029683,0.809017,-0.587785,1
7705,8.4167,0.045983,0.0728,0.0,-0.026817,0.806445,-0.59131,1
7706,8.4333,0.045367,0.0725,0.0,-0.027133,0.803857,-0.594823,1
7707,8.45,0.051917,0.0703,0.0,-0.018383,0.801254,-0.598325,1
7708,8.4667,0.048367,0.0707,0.0,-0.022333,0.798636,-0.601815,1
7709,8.4833,0.046467,0.0735,0.0,-0.027033,0.796002,-0.605294,1
7710,8.5,0.049983,0.0734,0.0,-0.023417,0.793353,-0.608761,1
7711,8.5167,0.052367,0.0747,0.0,-0.022333,0.79069,-0.612217,1
7712,8.5333,0.04965,0.0757,0.0,-0.02605,0.788011,-0.615661,1
7713,8.55,0.047283,0.0717,0.0,-0.024417,0.785317,-0.619094,1
7714,8.5667,0.05135,0.0726,0.0,-0.02125,0.782608,-0.622515,1
7715,8.5833,0.050133,0.0708,0.0,-0.020667,0.779884,-0.625923,1
7716,8.6,0.050133,0.0689,0.0,-0.018767,0.777146,-0.62932,1
7717,8.6167,0.05135,0.0698,0.0,-0.01845,0.774393,-0.632705,1
7718,8.6333,0.050383,0.0735,0.0,-0.023117,0.771625,-0.636078,1
7719,8.65,0.045717,0.0699,0.0,-0.024183,0.768842,-0.639439,1
7720,8.6667,0.0566,0.0697,0.0,-0.0131,0.766044,-0.642788,1
7721,8.6833,0.050317,0.0723,0.0,-0.021983,0.763232,-0.646124,1
7722,8.7,0.051117,0.0746,0.0,-0.023483,0.760406,-0.649448,1
7723,8.7167,0.051867,0.0725,0.0,-0.020633,0.757565,-0.65276,1
7724,8.7333,0.052867,0.0709,0.0,-0.018033,0.75471,-0.656059,1
7725,8.75,0.050617,0.0697,0.0,-0.019083,0.75184,-0.659346,1
7726,8.7667,0.050717,0.0728,0.0,-0.022083,0.748956,-0.66262,1
7727,8.7833,0.051017,0.0728,0.0,-0.021783,0.746057,-0.665882,1
7728,8.8,0.0539,0.0704,0.0,-0.0165,0.743145,-0.669131,1
7729,8.8167,0.053183,0.0684,0.0,-0.015217,0.740218,-0.672367,1
7730,8.8333,0.0555,0.0707,0.0,-0.0152,0.737277,-0.67559,1
7731,8.85,0.054933,0.0704,0.0,-0.015467,0.734323,-0.678801,1
7732,8.8667,0.05495,0.0717,0.0,-0.01675,0.731354,-0.681998,1
7733,8.8833,0.052533,0.0729,0.0,-0.020367,0.728371,-0.685183,1
7734,8.9,0.054283,0.0729,0.0,-0.018617,0.725374,-0.688355,1
7735,8.9167,0.0523,0.0734,0.0,-0.0211,0.722364,-0.691513,1
7736,8.9333,0.05225,0.069,0.0,-0.01675,0.71934,-0.694658,1
7737,8.95,0.05445,0.0697,0.0,-0.01525,0.716302,-0.69779,1
7738,8.9667,0.055333,0.0739,0.0,-0.018567,0.71325,-0.700909,1
7739,8.9833,0.060133,0.0708,0.0,-0.010667,0.710185,-0.704015,1
7740,9.0,0.053283,0.0405,0.0128,0.012783,0.707107,-0.707107,0
7741,9.0167,0.058617,0.0381,0.0333,0.020517,0.704015,-0.710185,0
7742,9.0333,0.058317,0.0408,0.0508,0.017517,0.700909,-0.71325,0
7743,9.05,0.059,0.0384,0.0714,0.0206,0.69779,-0.716302,0
7744,9.0667,0.0527,0.0386,0.0855,0.0141,0.694658,-0.71934,0
7745,9.0833,0.059633,0.042,0.1031,0.017633,0.691513,-0.722364,0
7746,9.1,0.058733,0.0414,0.1204,0.017333,0.688355,-0.725374,0
7747,9.1167,0.055417,0.0389,0.1369,0.016517,0.685183,-0.728371,0
7748,9.1333,0.064267,0.0382,0.163,0.026067,0.681998,-0.731354,0
7749,9.15,0.065017,0.0372,0.1908,0.027817,0.678801,-0.734323,0
7750,9.1667,0.058133,0.0378,0.2111,0.020333,0.67559,-0.737277,0
7751,9.1833,0.059283,0.0417,0.2287,0.017583,0.672367,-0.740218,0
7752,9.2,0.06225,0.0426,0.2483,0.01965,0.669131,-0.743145,0
7753,9.2167,0.059467,0.0403,0.2675,0.019167,0.665882,-0.746057,0
7754,9.2333,0.061283,0.0422,0.2866,0.019083,0.66262,-0.748956,0
7755,9.25,0.063717,0.0431,0.3072,0.020617,0.659346,-0.75184,0
7756,9.2667,0.060033,0.0381,0.3291,0.021933,0.656059,-0.75471,0
7757,9.2833,0.060667,0.0426,0.3472,0.018067,0.65276,-0.757565,0
7758,9.3,0.058933,0.0396,0.3665,0.019333,0.649448,-0.760406,0
7759,9.3167,0.062583,0.039,0.3901,0.023583,0.646124,-0.763232,0
7760,9.3333,0.05475,0.0397,0.4052,0.01505,0.642788,-0.766044,0
7761,9.35,0.057,0.038,0.4242,0.019,0.639439,-0.768842,0
7762,9.3667,0.061683,0.043,0.4429,0.018683,0.636078,-0.771625,0
7763,9.3833,0.060683,0.0392,0.4644,0.021483,0.632705,-0.774393,0
7764,9.4,0.064633,0.0406,0.4884,0.024033,0.62932,-0.777146,0
7765,9.4167,0.066133,0.0381,0.5164,0.028033,0.625923,-0.779884,0
7766,9.4333,0.0636,0.0384,0.5416,0.0252,0.622515,-0.782608,0
7767,9.45,0.06185,0.0404,0.563,0.02145,0.619094,-0.785317,0
7768,9.4667,0.061817,0.0355,0.5893,0.026317,0.615661,-0.788011,0
7769,9.4833,0.0649,0.0402,0.614,0.0247,0.612217,-0.79069,0
7770,9.5,0.067567,0.0395,0.6421,0.028067,0.608761,-0.793353,0
7771,9.5167,0.067133,0.0407,0.6685,0.026433,0.605294,-0.796002,0
7772,9.5333,0.06575,0.0395,0.6947,0.02625,0.601815,-0.798636,0
7773,9.55,0.066783,0.0372,0.7243,0.029583,0.598325,-0.801254,0
7774,9.5667,0.062117,0.038,0.7484,0.024117,0.594823,-0.803857,0
7775,9.5833,0.063083,0.0421,0.7694,0.020983,0.59131,-0.806445,0
7776,9.6,0.06815,0.0387,0.7989,0.02945,0.587785,-0.809017,0
7777,9.6167,0.064183,0.0379,0.8252,0.026283,0.58425,-0.811574,0
7778,9.6333,0.064367,0.037,0.8526,0.027367,0.580703,-0.814116,0
7779,9.65,0.063117,0.0351,0.8806,0.028017,0.577145,-0.816642,0
7780,9.6667,0.06345,0.0387,0.9054,0.02475,0.573576,-0.819152,0
7781,9.6833,0.066883,0.1008,0.8715,-0.033917,0.569997,-0.821647,0
7782,9.7,0.063517,0.1024,0.8326,-0.038883,0.566406,-0.824126,0
7783,9.7167,0.065883,0.1005,0.798,-0.034617,0.562805,-0.82659,0
7784,9.7333,0.06635,0.1005,0.7639,-0.03415,0.559193,-0.829038,0
7785,9.75,0.06545,0.1018,0.7276,-0.03635,0.55557,-0.83147,0
7786,9.7667,0.060967,0.0986,0.69,-0.037633,0.551937,-0.833886,0
7787,9.7833,0.068417,0.105,0.6534,-0.036583,0.548293,-0.836286,0
7788,9.8,0.0679,0.1032,0.6181,-0.0353,0.544639,-0.838671,0
7789,9.8167,0.068883,0.1034,0.5836,-0.034517,0.540974,-0.841039,0
7790,9.8333,0.066583,0.1034,0.5468,-0.036817,0.5373,-0.843391,0
7791,9.85,0.0658,0.1025,0.5101,-0.0367,0.533615,-0.845728,0
7792,9.8667,0.069283,0.0998,0.4796,-0.030517,0.529919,-0.848048,0
7793,9.8833,0.068433,0.1029,0.4451,-0.034467,0.526214,-0.850352,0
7794,9.9,0.070783,0.1006,0.4153,-0.029817,0.522499,-0.85264,0
7795,9.9167,0.069233,0.104,0.3805,-0.034767,0.518773,-0.854912,0
7796,9.9333,0.068283,0.0991,0.3497,-0.030817,0.515038,-0.857167,0
7797,9.95,0.067267,0.0987,0.3183,-0.031433,0.511293,-0.859406,0
7798,9.9667,0.0699,0.1027,0.2855,-0.0328,0.507538,-0.861629,0
7799,9.9833,0.071133,0.0998,0.2568,-0.028667,0.503774,-0.863836,0
7800,10.0,0.068683,0.1013,0.2242,-0.032617,0.5,-0.866025,0
7801,10.0167,0.071617,0.1023,0.1935,-0.030683,0.496217,-0.868199,0
7802,10.0333,0.0639,0.1005,0.1569,-0.0366,0.492424,-0.870356,0
7803,10.05,0.068967,0.1037,0.1222,-0.034733,0.488621,-0.872496,0
7804,10.0667,0.070033,0.1041,0.0881,-0.034067,0.48481,-0.87462,0
7805,10.0833,0.071533,0.1029,0.0567,-0.031367,0.480989,-0.876727,0
7806,10.1,0.06445,0.1018,0.0193,-0.03735,0.477159,-0.878817,0
7807,10.1167,0.069,0.1043,0.0,-0.0353,0.47332,-0.880891,1
7808,10.1333,0.070583,0.1051,0.0,-0.034517,0.469472,-0.882948,1
7809,10.15,0.071017,0.105,0.0,-0.033983,0.465615,-0.884988,1
7810,10.1667,0.063417,0.1029,0.0,-0.039483,0.461749,-0.887011,1
7811,10.1833,0.076417,0.0999,0.0,-0.023483,0.457874,-0.889017,1
7812,10.2,0.071783,0.1007,0.0,-0.028917,0.45399,-0.891007,1
7813,10.2167,0.07035,0.1034,0.0,-0.03305,0.450098,-0.892979,1
7814,10.2333,0.072717,0.102,0.0,-0.029283,0.446198,-0.894934,1
7815,10.25,0.074667,0.1022,0.0,-0.027533,0.442289,-0.896873,1
7816,10.2667,0.072167,0.1058,0.0,-0.033633,0.438371,-0.898794,1
7817,10.2833,0.067633,0.1022,0.0,-0.034567,0.434445,-0.900698,1
7818,10.3,0.07485,0.1057,0.0,-0.03085,0.430511,-0.902585,1
7819,10.3167,0.073083,0.1022,0.0,-0.029117,0.426569,-0.904455,1
7820,10.3333,0.0733,0.1033,0.0,-0.03,0.422618,-0.906308,1
7821,10.35,0.070767,0.1025,0.0,-0.031733,0.41866,-0.908143,1
7822,10.3667,0.0729,0.0977,0.0,-0.0248,0.414693,-0.909961,1
7823,10.3833,0.071183,0.1024,0.0,-0.031217,0.410719,-0.911762,1
7824,10.4,0.075833,0.1051,0.0,-0.029267,0.406737,-0.913545,1
7825,10.4167,0.074783,0.0994,0.0,-0.024617,0.402747,-0.915311,1
7826,10.4333,0.0728,0.1031,0.0,-0.0303,0.398749,-0.91706,1
7827,10.45,0.071983,0.0994,0.0,-0.027417,0.394744,-0.918791,1
7828,10.4667,0.07095,0.1025,0.0,-0.03155,0.390731,-0.920505,1
7829,10.4833,0.071,0.0996,0.0,-0.0286,0.386711,-0.922201,1
7830,10.5,0.0777,0.1012,0.0,-0.0235,0.382683,-0.92388,1
7831,10.5167,0.075283,0.1027,0.0,-0.027417,0.378649,-0.925541,1
7832,10.5333,0.07475,0.1025,0.0,-0.02775,0.374607,-0.927184,1
7833,10.55,0.075617,0.1025,0.0,-0.026883,0.370557,-0.92881,1
7834,10.5667,0.0758,0.1011,0.0,-0.0253,0.366501,-0.930418,1
7835,10.5833,0.07315,0.1027,0.0,-0.02955,0.362438,-0.932008,1
7836,10.6,0.069733,0.1017,0.0,-0.031967,0.358368,-0.93358,1
7837,10.6167,0.0764,0.1018,0.0,-0.0254,0.354291,-0.935135,1
7838,10.6333,0.074617,0.1036,0.0,-0.028983,0.350207,-0.936672,1
7839,10.65,0.07385,0.0988,0.0,-0.02495,0.346117,-0.938191,1
7840,10.6667,0.0713,0.0977,0.0,-0.0264,0.34202,-0.939693,1
7841,10.6833,0.0714,0.1007,0.0,-0.0293,0.337917,-0.941176,1
7842,10.7,0.075583,0.1079,0.0,-0.032317,0.333807,-0.942641,1
7843,10.7167,0.07445,0.1014,0.0,-0.02695,0.329691,-0.944089,1
7844,10.7333,0.074417,0.0416,0.0328,0.032817,0.325568,-0.945519,0
7845,10.75,0.070233,0.0402,0.0628,0.030033,0.321439,-0.94693,0
7846,10.7667,0.07315,0.0419,0.0941,0.03125,0.317305,-0.948324,0
7847,10.7833,0.073017,0.0367,0.1304,0.036317,0.313164,-0.949699,0
7848,10.8,0.07725,0.0365,0.1711,0.04075,0.309017,-0.951057,0
7849,10.8167,0.074717,0.041,0.2048,0.033717,0.304864,-0.952396,0
7850,10.8333,0.08005,0.0382,0.2466,0.04185,0.300706,-0.953717,0
7851,10.85,0.076317,0.0385,0.2844,0.037817,0.296542,-0.95502,0
7852,10.8667,0.0758,0.038,0.3222,0.0378,0.292372,-0.956305,0
7853,10.8833,0.079683,0.0384,0.3635,0.041283,0.288196,-0.957571,0
7854,10.9,0.074533,0.0392,0.3988,0.035333,0.284015,-0.95882,0
7855,10.9167,0.080317,0.0405,0.4386,0.039817,0.279829,-0.96005,0
7856,10.9333,0.076067,0.0387,0.476,0.037367,0.275637,-0.961262,0
7857,10.95,0.075483,0.0392,0.5123,0.036283,0.27144,-0.962455,0
7858,10.9667,0.078967,0.0391,0.5522,0.039867,0.267238,-0.96363,0
7859,10.9833,0.072883,0.0385,0.5866,0.034383,0.263031,-0.964787,0
7860,11.0,0.08205,0.0432,0.6254,0.03885,0.258819,-0.965926,0
7861,11.0167,0.077733,0.041,0.6621,0.036733,0.254602,-0.967046,0
7862,11.0333,0.077633,0.0377,0.702,0.039933,0.25038,-0.968148,0
7863,11.05,0.072617,0.0384,0.7362,0.034217,0.246153,-0.969231,0
7864,11.0667,0.0713,0.0407,0.7668,0.0306,0.241922,-0.970296,0
7865,11.0833,0.0727,0.0364,0.8031,0.0363,0.237686,-0.971342,0
7866,11.1,0.077183,0.0398,0.8405,0.037383,0.233445,-0.97237,0
7867,11.1167,0.0749,0.0391,0.8763,0.0358,0.2292,-0.973379,0
7868,11.1333,0.077533,0.0394,0.9144,0.038133,0.224951,-0.97437,0
7869,11.15,0.07785,0.0396,0.9526,0.03825,0.220697,-0.975342,0
7870,11.1667,0.079883,0.0418,0.9907,0.038083,0.21644,-0.976296,0
7871,11.1833,0.074583,0.0386,1.0267,0.035983,0.212178,-0.977231,0
7872,11.2,0.075867,0.039,1.0636,0.036867,0.207912,-0.978148,0
7873,11.2167,0.080133,0.0391,1.1046,0.041033,0.203642,-0.979045,0
7874,11.2333,0.078533,0.0378,1.1453,0.040733,0.199368,-0.979925,0
7875,11.25,0.07545,0.0417,1.179,0.03375,0.19509,-0.980785,0
7876,11.2667,0.08075,0.0401,1.2197,0.04065,0.190809,-0.981627,0
7877,11.2833,0.080067,0.0382,1.2616,0.041867,0.186524,-0.98245,0
7878,11.3,0.081667,0.041,1.3023,0.040667,0.182236,-0.983255,0
7879,11.3167,0.077383,0.0407,1.339,0.036683,0.177944,-0.984041,0
7880,11.3333,0.08085,0.0381,1.3818,0.04275,0.173648,-0.984808,0
7881,11.35,0.082017,0.0395,1.4243,0.042517,0.16935,-0.985556,0
7882,11.3667,0.08175,0.0438,1.4622,0.03795,0.165048,-0.986286,0
7883,11.3833,0.082033,0.0405,1.5037,0.041533,0.160743,-0.986996,0
7884,11.4,0.076283,0.0368,1.5432,0.039483,0.156434,-0.987688,0
7885,11.4167,0.077617,0.042,1.5788,0.035617,0.152123,-0.988362,0
7886,11.4333,0.07895,0.0434,1.6143,0.03555,0.147809,-0.989016,0
7887,11.45,0.08005,0.0399,1.6544,0.04015,0.143493,-0.989651,0
7888,11.4667,0.080733,0.038,1.6971,0.042733,0.139173,-0.990268,0
7889,11.4833,0.074917,0.0401,1.7319,0.034817,0.134851,-0.990866,0
7890,11.5,0.081567,0.038,1.7755,0.043567,0.130526,-0.991445,0
7891,11.5167,0.076967,0.0392,1.8133,0.037767,0.126199,-0.992005,0
7892,11.5333,0.078617,0.0362,1.8557,0.042417,0.121869,-0.992546,0
7893,11.55,0.0782,0.0403,1.8936,0.0379,0.117537,-0.993068,0
7894,11.5667,0.0801,0.0399,1.9338,0.0402,0.113203,-0.993572,0
7895,11.5833,0.07625,0.0372,1.9729,0.03905,0.108867,-0.994056,0
7896,11.6,0.077467,0.0425,2.0079,0.034967,0.104528,-0.994522,0
7897,11.6167,0.078083,0.0419,2.0441,0.036183,0.100188,-0.994969,0
7898,11.6333,0.0825,0.0369,2.0897,0.0456,0.095846,-0.995396,0
7899,11.65,0.075817,0.0413,2.1242,0.034517,0.091502,-0.995805,0
7900,11.6667,0.0799,0.0397,2.1644,0.0402,0.087156,-0.996195,0
7901,11.6833,0.0791,0.0386,2.2049,0.0405,0.082808,-0.996566,0
7902,11.7,0.079967,0.039,2.2459,0.040967,0.078459,-0.996917,0
7903,11.7167,0.079367,0.0363,2.289,0.043067,0.074108,-0.99725,0
7904,11.7333,0.0821,0.0368,2.3343,0.0453,0.069756,-0.997564,0
7905,11.75,0.076367,0.0382,2.3725,0.038167,0.065403,-0.997859,0
7906,11.7667,0.075,0.0404,2.4071,0.0346,0.061049,-0.998135,0
7907,11.7833,0.080767,0.0414,2.4465,0.039367,0.056693,-0.998392,0
7908,11.8,0.08335,0.0416,2.4882,0.04175,0.052336,-0.99863,0
7909,11.8167,0.079,0.0419,2.5253,0.0371,0.047978,-0.998848,0
7910,11.8333,0.08065,0.0422,2.5638,0.03845,0.043619,-0.999048,0
7911,11.85,0.081233,0.0396,2.6054,0.041633,0.03926,-0.999229,0
7912,11.8667,0.080617,0.0396,2.6464,0.041017,0.034899,-0.999391,0
7913,11.8833,0.078917,0.0388,2.6865,0.040117,0.030539,-0.999534,0
7914,11.9,0.07875,0.0406,2.7247,0.03815,0.026177,-0.999657,0
7915,11.9167,0.0804,0.0403,2.7648,0.0401,0.021815,-0.999762,0
7916,11.9333,0.082633,0.0415,2.8059,0.041133,0.017452,-0.999848,0
7917,11.95,0.078483,0.0417,2.8427,0.036783,0.01309,-0.999914,0
7918,11.9667,0.080183,0.0408,2.8821,0.039383,0.008727,-0.999962,0
7919,11.9833,0.08455,0.038,2.9287,0.04655,0.004363,-0.99999,0
7920,12.0,0.0849,0.0406,2.973,0.0443,0.0,-1.0,0
7921,12.0167,0.079433,0.0423,3.0101,0.037133,-0.004363,-0.99999,0
7922,12.0333,0.083567,0.0371,3.0566,0.046467,-0.008727,-0.999962,0
7923,12.05,0.081517,0.0377,3.1004,0.043817,-0.01309,-0.999914,0
7924,12.0667,0.077133,0.0378,3.1397,0.039333,-0.017452,-0.999848,0
7925,12.0833,0.080783,0.0383,3.1822,0.042483,-0.021815,-0.999762,0
7926,12.1,0.081117,0.0406,3.2227,0.040517,-0.026177,-0.999657,0
7927,12.1167,0.078667,0.0429,3.2585,0.035767,-0.030539,-0.999534,0
7928,12.1333,0.07795,0.037,3.2995,0.04095,-0.034899,-0.999391,0
7929,12.15,0.080583,0.0405,3.3396,0.040083,-0.03926,-0.999229,0
7930,12.1667,0.078433,0.0398,3.3782,0.038633,-0.043619,-0.999048,0
7931,12.1833,0.079217,0.0372,3.4202,0.042017,-0.047978,-0.998848,0
7932,12.2,0.07755,0.0405,3.4572,0.03705,-0.052336,-0.99863,0
7933,12.2167,0.080717,0.0369,3.501,0.043817,-0.056693,-0.998392,0
7934,12.2333,0.077983,0.0421,3.5369,0.035883,-0.061049,-0.998135,0
7935,12.25,0.077283,0.0339,3.5803,0.043383,-0.065403,-0.997859,0
7936,12.2667,0.082183,0.0418,3.6207,0.040383,-0.069756,-0.997564,0
7937,12.2833,0.07995,0.0358,3.6648,0.04415,-0.074108,-0.99725,0
7938,12.3,0.079883,0.0408,3.7039,0.039083,-0.078459,-0.996917,0
7939,12.3167,0.074983,0.0396,3.7393,0.035383,-0.082808,-0.996566,0
7940,12.3333,0.080183,0.0398,3.7797,0.040383,-0.087156,-0.996195,0
7941,12.35,0.075367,0.0373,3.8178,0.038067,-0.091502,-0.995805,0
7942,12.3667,0.08165,0.0367,3.8627,0.04495,-0.095846,-0.995396,0
7943,12.3833,0.077,0.0413,3.8984,0.0357,-0.100188,-0.994969,0
7944,12.4,0.082383,0.0346,3.9462,0.047783,-0.104528,-0.994522,0
7945,12.4167,0.07985,0.0393,3.9868,0.04055,-0.108867,-0.994056,0
7946,12.4333,0.08025,0.0418,4.0252,0.03845,-0.113203,-0.993572,0
7947,12.45,0.0829,0.0423,4.0658,0.0406,-0.117537,-0.993068,0
7948,12.4667,0.082117,0.0424,4.1055,0.039717,-0.121869,-0.992546,0
7949,12.4833,0.078167,0.0386,4.1451,0.039567,-0.126199,-0.992005,0
7950,12.5,0.08285,0.0415,4.1864,0.04135,-0.130526,-0.991445,0
7951,12.5167,0.08125,0.0402,4.2275,0.04105,-0.134851,-0.990866,0
7952,12.5333,0.078867,0.0431,4.2633,0.035767,-0.139173,-0.990268,0
7953,12.55,0.079,0.042,4.3003,0.037,-0.143493,-0.989651,0
7954,12.5667,0.080367,0.0446,4.3361,0.035767,-0.147809,-0.989016,0
7955,12.5833,0.08165,0.0373,4.3804,0.04435,-0.152123,-0.988362,0
7956,12.6,0.0795,0.0387,4.4212,0.0408,-0.156434,-0.987688,0
7957,12.6167,0.079833,0.0361,4.4649,0.043733,-0.160743,-0.986996,0
7958,12.6333,0.078267,0.0421,4.5011,0.036167,-0.165048,-0.986286,0
7959,12.65,0.0799,0.0383,4.5427,0.0416,-0.16935,-0.985556,0
7960,12.6667,0.077533,0.0371,4.5831,0.040433,-0.173648,-0.984808,0
7961,12.6833,0.0772,0.0409,4.6194,0.0363,-0.177944,-0.984041,0
7962,12.7,0.0808,0.0385,4.6617,0.0423,-0.182236,-0.983255,0
7963,12.7167,0.074317,0.0406,4.6954,0.033717,-0.186524,-0.98245,0
7964,12.7333,0.083183,0.0352,4.7434,0.047983,-0.190809,-0.981627,0
7965,12.75,0.081917,0.038,4.7873,0.043917,-0.19509,-0.980785,0
7966,12.7667,0.078283,0.0372,4.8284,0.041083,-0.199368,-0.979925,0
7967,12.7833,0.07785,0.041,4.8652,0.03685,-0.203642,-0.979045,0
7968,12.8,0.079267,0.044,4.9005,0.035267,-0.207912,-0.978148,0
7969,12.8167,0.080933,0.0377,4.9437,0.043233,-0.212178,-0.977231,0
7970,12.8333,0.0776,0.0369,4.9844,0.0407,-0.21644,-0.976296,0
7971,12.85,0.0818,0.0401,5.0261,0.0417,-0.220697,-0.975342,0
7972,12.8667,0.077433,0.0443,5.0592,0.033133,-0.224951,-0.97437,0
7973,12.8833,0.079783,0.0407,5.0983,0.039083,-0.2292,-0.973379,0
7974,12.9,0.076167,0.0415,5.133,0.034667,-0.233445,-0.97237,0
7975,12.9167,0.076683,0.041,5.1687,0.035683,-0.237686,-0.971342,0
7976,12.9333,0.077683,0.038,5.2084,0.039683,-0.241922,-0.970296,0
7977,12.95,0.07475,0.0351,5.2481,0.03965,-0.246153,-0.969231,0
7978,12.9667,0.074983,0.0399,5.2832,0.035083,-0.25038,-0.968148,0
7979,12.9833,0.084217,0.0399,5.3275,0.044317,-0.254602,-0.967046,0
7980,13.0,0.08035,0.0406,5.3672,0.03975,-0.258819,-0.965926,0
7981,13.0167,0.075917,0.0389,5.4042,0.037017,-0.263031,-0.964787,0
7982,13.0333,0.08,0.0407,5.4435,0.0393,-0.267238,-0.96363,0
7983,13.05,0.080383,0.0383,5.4856,0.042083,-0.27144,-0.962455,0
7984,13.0667,0.076917,0.0382,5.5243,0.038717,-0.275637,-0.961262,0
7985,13.0833,0.078583,0.0409,5.562,0.037683,-0.279829,-0.96005,0
7986,13.1,0.075733,0.0411,5.5966,0.034633,-0.284015,-0.95882,0
7987,13.1167,0.074883,0.0417,5.6298,0.033183,-0.288196,-0.957571,0
7988,13.1333,0.08075,0.0359,5.6747,0.04485,-0.292372,-0.956305,0
7989,13.15,0.0756,0.0388,5.7115,0.0368,-0.296542,-0.95502,0
7990,13.1667,0.074633,0.0372,5.7489,0.037433,-0.300706,-0.953717,0
7991,13.1833,0.07875,0.0397,5.788,0.03905,-0.304864,-0.952396,0
7992,13.2,0.075517,0.0435,5.82,0.032017,-0.309017,-0.951057,0
7993,13.2167,0.076867,0.0398,5.8571,0.037067,-0.313164,-0.949699,0
7994,13.2333,0.07015,0.0384,5.8888,0.03175,-0.317305,-0.948324,0
7995,13.25,0.074917,0.0404,5.9233,0.034517,-0.321439,-0.94693,0
7996,13.2667,0.0744,0.0401,5.9576,0.0343,-0.325568,-0.945519,0
7997,13.2833,0.073383,0.0402,5.9908,0.033183,-0.329691,-0.944089,0
7998,13.3,0.077767,0.0416,6.027,0.036167,-0.333807,-0.942641,0
7999,13.3167,0.08005,0.0429,6.0641,0.03715,-0.337917,-0.941176,0
8000,13.3333,0.075817,0.0344,6.1055,0.041417,-0.34202,-0.939693,0
8001,13.35,0.071833,0.0398,6.1375,0.032033,-0.346117,-0.938191,0
8002,13.3667,0.072433,0.04,6.1699,0.032433,-0.350207,-0.936672,0
8003,13.3833,0.071233,0.0367,6.2044,0.034533,-0.354291,-0.935135,0
8004,13.4,0.072333,0.0409,6.2358,0.031433,-0.358368,-0.93358,0
8005,13.4167,0.081683,0.0354,6.2821,0.046283,-0.362438,-0.932008,0
8006,13.4333,0.075867,0.0415,6.3165,0.034367,-0.366501,-0.930418,0
8007,13.45,0.070517,0.037,6.35,0.033517,-0.370557,-0.92881,0
8008,13.4667,0.069783,0.0421,6.3777,0.027683,-0.374607,-0.927184,0
8009,13.4833,0.076517,0.0404,6.4138,0.036117,-0.378649,-0.925541,0
8010,13.5,0.075983,0.0361,6.4537,0.039883,-0.382683,-0.92388,0
8011,13.5167,0.068417,0.0381,6.484,0.030317,-0.386711,-0.922201,0
8012,13.5333,0.070033,0.0406,6.5134,0.029433,-0.390731,-0.920505,0
8013,13.55,0.071567,0.0414,6.5436,0.030167,-0.394744,-0.918791,0
8014,13.5667,0.074283,0.0367,6.5812,0.037583,-0.398749,-0.91706,0
8015,13.5833,0.075617,0.0408,6.616,0.034817,-0.402747,-0.915311,0
8016,13.6,0.071633,0.0409,6.6467,0.030733,-0.406737,-0.913545,0
8017,13.6167,0.0706,0.046,6.6713,0.0246,-0.410719,-0.911762,0
8018,13.6333,0.073067,0.0365,6.7079,0.036567,-0.414693,-0.909961,0
8019,13.65,0.069867,0.0403,6.7375,0.029567,-0.41866,-0.908143,0
8020,13.6667,0.07295,0.0402,6.7702,0.03275,-0.422618,-0.906308,0
8021,13.6833,0.071783,0.0395,6.8025,0.032283,-0.426569,-0.904455,0
8022,13.7,0.072533,0.0382,6.8368,0.034333,-0.430511,-0.902585,0
8023,13.7167,0.069067,0.0399,6.866,0.029167,-0.434445,-0.900698,0
8024,13.7333,0.06825,0.0426,6.8916,0.02565,-0.438371,-0.898794,0
8025,13.75,0.0746,0.0346,6.9316,0.04,-0.442289,-0.896873,0
8026,13.7667,0.07175,0.0391,6.9642,0.03265,-0.446198,-0.894934,0
8027,13.7833,0.074367,0.0393,6.9993,0.035067,-0.450098,-0.892979,0
8028,13.8,0.06945,0.0386,7.0301,0.03085,-0.45399,-0.891007,0
8029,13.8167,0.07245,0.0372,7.0653,0.03525,-0.457874,-0.889017,0
8030,13.8333,0.075417,0.0418,7.0989,0.033617,-0.461749,-0.887011,0
8031,13.85,0.0732,0.038,7.1341,0.0352,-0.465615,-0.884988,0
8032,13.8667,0.071717,0.038,7.1678,0.033717,-0.469472,-0.882948,0
8033,13.8833,0.065383,0.0379,7.1953,0.027483,-0.47332,-0.880891,0
8034,13.9,0.068317,0.0406,7.223,0.027717,-0.477159,-0.878817,0
8035,13.9167,0.065583,0.0383,7.2503,0.027283,-0.480989,-0.876727,0
8036,13.9333,0.073283,0.0394,7.2842,0.033883,-0.48481,-0.87462,0
8037,13.95,0.07015,0.0397,7.3147,0.03045,-0.488621,-0.872496,0
8038,13.9667,0.07075,0.0408,7.3447,0.02995,-0.492424,-0.870356,0
8039,13.9833,0.070133,0.0386,7.3762,0.031533,-0.496217,-0.868199,0
8040,14.0,0.07235,0.0385,7.4101,0.03385,-0.5,-0.866025,0
8041,14.0167,0.068633,0.0367,7.442,0.031933,-0.503774,-0.863836,0
8042,14.0333,0.068933,0.0383,7.4726,0.030633,-0.507538,-0.861629,0
8043,14.05,0.073783,0.0391,7.5073,0.034683,-0.511293,-0.859406,0
8044,14.0667,0.06545,0.04,7.5328,0.02545,-0.515038,-0.857167,0
8045,14.0833,0.0641,0.0397,7.5572,0.0244,-0.518773,-0.854912,0
8046,14.1,0.068783,0.0395,7.5865,0.029283,-0.522499,-0.85264,0
8047,14.1167,0.068583,0.0409,7.6142,0.027683,-0.526214,-0.850352,0
8048,14.1333,0.070467,0.0379,7.6468,0.032567,-0.529919,-0.848048,0
8049,14.15,0.072567,0.0385,7.6809,0.034067,-0.533615,-0.845728,0
8050,14.1667,0.0674,0.0372,7.7111,0.0302,-0.5373,-0.843391,0
8051,14.1833,0.0669,0.0412,7.7368,0.0257,-0.540974,-0.841039,0
8052,14.2,0.066533,0.0363,7.767,0.030233,-0.544639,-0.838671,0
8053,14.2167,0.070033,0.04,7.797,0.030033,-0.548293,-0.836286,0
8054,14.2333,0.064367,0.0414,7.82,0.022967,-0.551937,-0.833886,0
8055,14.25,0.06535,0.039,7.8464,0.02635,-0.55557,-0.83147,0
8056,14.2667,0.065933,0.0374,7.8749,0.028533,-0.559193,-0.829038,0
8057,14.2833,0.067033,0.0388,7.9031,0.028233,-0.562805,-0.82659,0
8058,14.3,0.068767,0.0402,7.9317,0.028567,-0.566406,-0.824126,0
8059,14.3167,0.063167,0.0401,7.9548,0.023067,-0.569997,-0.821647,0
8060,14.3333,0.06525,0.0379,7.9821,0.02735,-0.573576,-0.819152,0
8061,14.35,0.061617,0.0397,8.004,0.021917,-0.577145,-0.816642,0
8062,14.3667,0.0664,0.0388,8.0316,0.0276,-0.580703,-0.814116,0
8063,14.3833,0.060417,0.0373,8.0547,0.023117,-0.58425,-0.811574,0
8064,14.4,0.0628,0.0381,8.0794,0.0247,-0.587785,-0.809017,0
8065,14.4167,0.065567,0.0401,8.1049,0.025467,-0.59131,-0.806445,0
8066,14.4333,0.063133,0.038,8.13,0.025133,-0.594823,-0.803857,0
8067,14.45,0.064067,0.0401,8.154,0.023967,-0.598325,-0.801254,0
8068,14.4667,0.06415,0.0391,8.1791,0.02505,-0.601815,-0.798636,0
8069,14.4833,0.06015,0.0433,8.1959,0.01685,-0.605294,-0.796002,0
8070,14.5,0.068583,0.0385,8.226,0.030083,-0.608761,-0.793353,0
8071,14.5167,0.061067,0.0398,8.2473,0.021267,-0.612217,-0.79069,0
8072,14.5333,0.064933,0.0386,8.2736,0.026333,-0.615661,-0.788011,0
8073,14.55,0.059317,0.0398,8.2931,0.019517,-0.619094,-0.785317,0
8074,14.5667,0.059233,0.0362,8.3161,0.023033,-0.622515,-0.782608,0
8075,14.5833,0.06125,0.0372,8.3401,0.02405,-0.625923,-0.779884,0
8076,14.6,0.063617,0.0359,8.3678,0.027717,-0.62932,-0.777146,0
8077,14.6167,0.064317,0.0375,8.3946,0.026817,-0.632705,-0.774393,0
8078,14.6333,0.061533,0.0382,8.4179,0.023333,-0.636078,-0.771625,0
8079,14.65,0.062583,0.0395,8.441,0.023083,-0.639439,-0.768842,0
8080,14.6667,0.063067,0.0378,8.4663,0.025267,-0.642788,-0.766044,0
8081,14.6833,0.060417,0.0428,8.4839,0.017617,-0.646124,-0.763232,0
8082,14.7,0.0581,0.0388,8.5032,0.0193,-0.649448,-0.760406,0
8083,14.7167,0.059233,0.0362,8.5262,0.023033,-0.65276,-0.757565,0
8084,14.7333,0.058333,0.0383,8.5462,0.020033,-0.656059,-0.75471,0
8085,14.75,0.059067,0.0387,8.5666,0.020367,-0.659346,-0.75184,0
8086,14.7667,0.059267,0.0408,8.5851,0.018467,-0.66262,-0.748956,0
8087,14.7833,0.06215,0.0422,8.6051,0.01995,-0.665882,-0.746057,0
8088,14.8,0.0603,0.0419,8.6235,0.0184,-0.669131,-0.743145,0
8089,14.8167,0.059883,0.0382,8.6452,0.021683,-0.672367,-0.740218,0
8090,14.8333,0.0572,0.038,8.6644,0.0192,-0.67559,-0.737277,0
8091,14.85,0.064383,0.0427,8.6861,0.021683,-0.678801,-0.734323,0
8092,14.8667,0.058833,0.0383,8.7066,0.020533,-0.681998,-0.731354,0
8093,14.8833,0.06125,0.0406,8.7272,0.02065,-0.685183,-0.728371,0
8094,14.9,0.056617,0.0437,8.7401,0.012917,-0.688355,-0.725374,0
8095,14.9167,0.056433,0.04,8.7565,0.016433,-0.691513,-0.722364,0
8096,14.9333,0.056867,0.0385,8.7749,0.018367,-0.694658,-0.71934,0
8097,14.95,0.05585,0.0408,8.7899,0.01505,-0.69779,-0.716302,0
8098,14.9667,0.05735,0.0373,8.8099,0.02005,-0.700909,-0.71325,0
8099,14.9833,0.058733,0.0399,8.8287,0.018833,-0.704015,-0.710185,0
8100,15.0,0.053117,0.0389,8.8429,0.014217,-0.707107,-0.707107,0
8101,15.0167,0.056717,0.0456,8.854,0.011117,-0.710185,-0.704015,0
8102,15.0333,0.060533,0.0375,8.877,0.023033,-0.71325,-0.700909,0
8103,15.05,0.053517,0.038,8.8925,0.015517,-0.716302,-0.69779,0
8104,15.0667,0.05485,0.0387,8.9086,0.01615,-0.71934,-0.694658,0
8105,15.0833,0.05805,0.0365,8.9301,0.02155,-0.722364,-0.691513,0
8106,15.1,0.055783,0.0337,8.9522,0.022083,-0.725374,-0.688355,0
8107,15.1167,0.052483,0.0392,8.9655,0.013283,-0.728371,-0.685183,0
8108,15.1333,0.051933,0.0404,8.977,0.011533,-0.731354,-0.681998,0
8109,15.15,0.051317,0.0402,8.9881,0.011117,-0.734323,-0.678801,0
8110,15.1667,0.049083,0.0434,8.9938,0.005683,-0.737277,-0.67559,0
8111,15.1833,0.052283,0.04,9.0061,0.012283,-0.740218,-0.672367,0
8112,15.2,0.05415,0.0415,9.0188,0.01265,-0.743145,-0.669131,0
8113,15.2167,0.058367,0.0442,9.033,0.014167,-0.746057,-0.665882,0
8114,15.2333,0.056933,0.0419,9.048,0.015033,-0.748956,-0.66262,0
8115,15.25,0.055433,0.0366,9.0668,0.018833,-0.75184,-0.659346,0
8116,15.2667,0.051483,0.0367,9.0816,0.014783,-0.75471,-0.656059,0
8117,15.2833,0.0498,0.0402,9.0912,0.0096,-0.757565,-0.65276,0
8118,15.3,0.052117,0.0375,9.1058,0.014617,-0.760406,-0.649448,0
8119,15.3167,0.055967,0.0415,9.1203,0.014467,-0.763232,-0.646124,0
8120,15.3333,0.050783,0.039,9.1321,0.011783,-0.766044,-0.642788,0
8121,15.35,0.050667,0.0415,9.1413,0.009167,-0.768842,-0.639439,0
8122,15.3667,0.04925,0.0418,9.1487,0.00745,-0.771625,-0.636078,0
8123,15.3833,0.048,0.04,9.1567,0.008,-0.774393,-0.632705,0
8124,15.4,0.047867,0.0398,9.1648,0.008067,-0.777146,-0.62932,0
8125,15.4167,0.0491,0.0397,9.1742,0.0094,-0.779884,-0.625923,0
8126,15.4333,0.047117,0.0416,9.1797,0.005517,-0.782608,-0.622515,0
8127,15.45,0.050467,0.0394,9.1908,0.011067,-0.785317,-0.619094,0
8128,15.4667,0.0506,0.0417,9.1997,0.0089,-0.788011,-0.615661,0
8129,15.4833,0.048017,0.0412,9.2065,0.006817,-0.79069,-0.612217,0
8130,15.5,0.05125,0.0404,9.2173,0.01085,-0.793353,-0.608761,0
8131,15.5167,0.048767,0.0401,9.226,0.008667,-0.796002,-0.605294,0
8132,15.5333,0.048633,0.0414,9.2332,0.007233,-0.798636,-0.601815,0
8133,15.55,0.052767,0.0414,9.2446,0.011367,-0.801254,-0.598325,0
8134,15.5667,0.04455,0.0384,9.2508,0.00615,-0.803857,-0.594823,0
8135,15.5833,0.046067,0.0405,9.2564,0.005567,-0.806445,-0.59131,0
8136,15.6,0.045033,0.0401,9.2613,0.004933,-0.809017,-0.587785,0
8137,15.6167,0.043617,0.0419,9.263,0.001717,-0.811574,-0.58425,0
8138,15.6333,0.046833,0.0394,9.2704,0.007433,-0.814116,-0.580703,0
8139,15.65,0.050017,0.0421,9.2783,0.007917,-0.816642,-0.577145,0
8140,15.6667,0.044217,0.0397,9.2828,0.004517,-0.819152,-0.573576,0
8141,15.6833,0.048567,0.0436,9.2878,0.004967,-0.821647,-0.569997,0
8142,15.7,0.0441,0.0417,9.2902,0.0024,-0.824126,-0.566406,0
8143,15.7167,0.043917,0.0408,9.2933,0.003117,-0.82659,-0.562805,0
8144,15.7333,0.04605,0.0401,9.2992,0.00595,-0.829038,-0.559193,0
8145,15.75,0.047983,0.0386,9.3086,0.009383,-0.83147,-0.55557,0
8146,15.7667,0.039467,0.0412,9.3069,-0.001733,-0.833886,-0.551937,0
8147,15.7833,0.043017,0.0402,9.3097,0.002817,-0.836286,-0.548293,0
8148,15.8,0.043517,0.037,9.3162,0.006517,-0.838671,-0.544639,0
8149,15.8167,0.04435,0.0387,9.3218,0.00565,-0.841039,-0.540974,0
8150,15.8333,0.0453,0.0419,9.3252,0.0034,-0.843391,-0.5373,0
8151,15.85,0.045333,0.0373,9.3332,0.008033,-0.845728,-0.533615,0
8152,15.8667,0.0447,0.0403,9.3376,0.0044,-0.848048,-0.529919,0
8153,15.8833,0.0462,0.0354,9.3484,0.0108,-0.850352,-0.526214,0
8154,15.9,0.040633,0.0402,9.3488,0.000433,-0.85264,-0.522499,0
8155,15.9167,0.0419,0.0354,9.3553,0.0065,-0.854912,-0.518773,0
8156,15.9333,0.045667,0.0396,9.3614,0.006067,-0.857167,-0.515038,0
8157,15.95,0.039267,0.0411,9.3596,-0.001833,-0.859406,-0.511293,0
8158,15.9667,0.043667,0.04,9.3633,0.003667,-0.861629,-0.507538,0
8159,15.9833,0.042233,0.0418,9.3637,0.000433,-0.863836,-0.503774,0
8160,16.0,0.041017,0.0406,9.3641,0.000417,-0.866025,-0.5,0
8161,16.0167,0.03785,0.0396,9.3624,-0.00175,-0.868199,-0.496217,0
8162,16.0333,0.03775,0.04,9.3602,-0.00225,-0.870356,-0.492424,0
8163,16.05,0.037733,0.0381,9.3598,-0.000367,-0.872496,-0.488621,0
8164,16.0667,0.035633,0.037,9.3584,-0.001367,-0.87462,-0.48481,0
8165,16.0833,0.03655,0.0413,9.3537,-0.00475,-0.876727,-0.480989,0
8166,16.1,0.0359,0.0386,9.351,-0.0027,-0.878817,-0.477159,0
8167,16.1167,0.0413,0.0382,9.3541,0.0031,-0.880891,-0.47332,0
8168,16.1333,0.037067,0.0424,9.3488,-0.005333,-0.882948,-0.469472,0
8169,16.15,0.035833,0.0397,9.3449,-0.003867,-0.884988,-0.465615,0
8170,16.1667,0.03635,0.0379,9.3434,-0.00155,-0.887011,-0.461749,0
8171,16.1833,0.0386,0.0413,9.3407,-0.0027,-0.889017,-0.457874,0
8172,16.2,0.032817,0.0377,9.3358,-0.004883,-0.891007,-0.45399,0
8173,16.2167,0.0345,0.0389,9.3314,-0.0044,-0.892979,-0.450098,0
8174,16.2333,0.03525,0.0413,9.3254,-0.00605,-0.894934,-0.446198,0
8175,16.25,0.033967,0.0399,9.3195,-0.005933,-0.896873,-0.442289,0
8176,16.2667,0.032033,0.0376,9.3139,-0.005567,-0.898794,-0.438371,0
8177,16.2833,0.033283,0.0411,9.3061,-0.007817,-0.900698,-0.434445,0
8178,16.3,0.0333,0.0382,9.3012,-0.0049,-0.902585,-0.430511,0
8179,16.3167,0.0351,0.0389,9.2974,-0.0038,-0.904455,-0.426569,0
8180,16.3333,0.0336,0.038,9.293,-0.0044,-0.906308,-0.422618,0
8181,16.35,0.035383,0.0406,9.2878,-0.005217,-0.908143,-0.41866,0
8182,16.3667,0.033233,0.0403,9.2807,-0.007067,-0.909961,-0.414693,0
8183,16.3833,0.033667,0.0393,9.2751,-0.005633,-0.911762,-0.410719,0
8184,16.4,0.033583,0.0362,9.2725,-0.002617,-0.913545,-0.406737,0
8185,16.4167,0.031583,0.038,9.2661,-0.006417,-0.915311,-0.402747,0
8186,16.4333,0.029717,0.0362,9.2596,-0.006483,-0.91706,-0.398749,0
8187,16.45,0.03435,0.0353,9.2587,-0.00095,-0.918791,-0.394744,0
8188,16.4667,0.029333,0.0395,9.2485,-0.010167,-0.920505,-0.390731,0
8189,16.4833,0.032117,0.039,9.2416,-0.006883,-0.922201,-0.386711,0
8190,16.5,0.02795,0.038,9.2316,-0.01005,-0.92388,-0.382683,0
8191,16.5167,0.030183,0.0389,9.2229,-0.008717,-0.925541,-0.378649,0
8192,16.5333,0.029183,0.0381,9.214,-0.008917,-0.927184,-0.374607,0
8193,16.55,0.024917,0.0356,9.2033,-0.010683,-0.92881,-0.370557,0
8194,16.5667,0.034267,0.0395,9.1981,-0.005233,-0.930418,-0.366501,0
8195,16.5833,0.030317,0.0374,9.191,-0.007083,-0.932008,-0.362438,0
8196,16.6,0.030183,0.0414,9.1798,-0.011217,-0.93358,-0.358368,0
8197,16.6167,0.028183,0.039,9.169,-0.010817,-0.935135,-0.354291,0
8198,16.6333,0.026233,0.0391,9.1561,-0.012867,-0.936672,-0.350207,0
8199,16.65,0.03155,0.0405,9.1471,-0.00895,-0.938191,-0.346117,0
8200,16.6667,0.022183,0.0408,9.1285,-0.018617,-0.939693,-0.34202,0
8201,16.6833,0.025517,0.041,9.113,-0.015483,-0.941176,-0.337917,0
8202,16.7,0.028283,0.0371,9.1042,-0.008817,-0.942641,-0.333807,0
8203,16.7167,0.028667,0.0384,9.0945,-0.009733,-0.944089,-0.329691,0
8204,16.7333,0.025083,0.0397,9.0799,-0.014617,-0.945519,-0.325568,0
8205,16.75,0.024817,0.0403,9.0644,-0.015483,-0.94693,-0.321439,0
8206,16.7667,0.025367,0.039,9.0508,-0.013633,-0.948324,-0.317305,0
8207,16.7833,0.0255,0.0412,9.0351,-0.0157,-0.949699,-0.313164,0
8208,16.8,0.02555,0.0375,9.0232,-0.01195,-0.951057,-0.309017,0
8209,16.8167,0.024767,0.0347,9.0133,-0.009933,-0.952396,-0.304864,0
8210,16.8333,0.02695,0.0358,9.0044,-0.00885,-0.953717,-0.300706,0
8211,16.85,0.0273,0.0382,8.9935,-0.0109,-0.95502,-0.296542,0
8212,16.8667,0.023133,0.0371,8.9795,-0.013967,-0.956305,-0.292372,0
8213,16.8833,0.0244,0.0396,8.9643,-0.0152,-0.957571,-0.288196,0
8214,16.9,0.02515,0.0389,8.9505,-0.01375,-0.95882,-0.284015,0
8215,16.9167,0.02355,0.0379,8.9361,-0.01435,-0.96005,-0.279829,0
8216,16.9333,0.019833,0.0347,8.9212,-0.014867,-0.961262,-0.275637,0
8217,16.95,0.020433,0.0388,8.9028,-0.018367,-0.962455,-0.27144,0
8218,16.9667,0.01455,0.0382,8.8791,-0.02365,-0.96363,-0.267238,0
8219,16.9833,0.0185,0.0398,8.8578,-0.0213,-0.964787,-0.263031,0
8220,17.0,0.02015,0.0421,8.8358,-0.02195,-0.965926,-0.258819,0
8221,17.0167,0.017117,0.0385,8.8144,-0.021383,-0.967046,-0.254602,0
8222,17.0333,0.0233,0.0406,8.7971,-0.0173,-0.968148,-0.25038,0
8223,17.05,0.023267,0.0406,8.7798,-0.017333,-0.969231,-0.246153,0
8224,17.0667,0.021017,0.0392,8.7616,-0.018183,-0.970296,-0.241922,0
8225,17.0833,0.019017,0.0397,8.7409,-0.020683,-0.971342,-0.237686,0
8226,17.1,0.024333,0.0385,8.7267,-0.014167,-0.97237,-0.233445,0
8227,17.1167,0.01755,0.0396,8.7046,-0.02205,-0.973379,-0.2292,0
8228,17.1333,0.023433,0.0405,8.6875,-0.017067,-0.97437,-0.224951,0
8229,17.15,0.017417,0.0389,8.666,-0.021483,-0.975342,-0.220697,0
8230,17.1667,0.017333,0.0423,8.641,-0.024967,-0.976296,-0.21644,0
8231,17.1833,0.0169,0.0362,8.6217,-0.0193,-0.977231,-0.212178,0
8232,17.2,0.017733,0.0434,8.596,-0.025667,-0.978148,-0.207912,0
8233,17.2167,0.011533,0.0406,8.5669,-0.029067,-0.979045,-0.203642,0
8234,17.2333,0.011767,0.0417,8.537,-0.029933,-0.979925,-0.199368,0
8235,17.25,0.014283,0.0391,8.5122,-0.024817,-0.980785,-0.19509,0
8236,17.2667,0.016567,0.035,8.4938,-0.018433,-0.981627,-0.190809,0
8237,17.2833,0.017267,0.0397,8.4714,-0.022433,-0.98245,-0.186524,0
8238,17.3,0.01685,0.0389,8.4493,-0.02205,-0.983255,-0.182236,0
8239,17.3167,0.018133,0.0425,8.4249,-0.024367,-0.984041,-0.177944,0
8240,17.3333,0.01335,0.038,8.4002,-0.02465,-0.984808,-0.173648,0
8241,17.35,0.0132,0.0408,8.3726,-0.0276,-0.985556,-0.16935,0
8242,17.3667,0.013383,0.0397,8.3463,-0.026317,-0.986286,-0.165048,0
8243,17.3833,0.015217,0.0408,8.3207,-0.025583,-0.986996,-0.160743,0
8244,17.4,0.013183,0.0398,8.2941,-0.026617,-0.987688,-0.156434,0
8245,17.4167,0.01375,0.0411,8.2668,-0.02735,-0.988362,-0.152123,0
8246,17.4333,0.015917,0.0408,8.2419,-0.024883,-0.989016,-0.147809,0
8247,17.45,0.013217,0.0402,8.2149,-0.026983,-0.989651,-0.143493,0
8248,17.4667,0.010333,0.0392,8.186,-0.028867,-0.990268,-0.139173,0
8249,17.4833,0.0105,0.0415,8.155,-0.031,-0.990866,-0.134851,0
8250,17.5,0.011,0.0417,8.1243,-0.0307,-0.991445,-0.130526,0
8251,17.5167,0.008967,0.0395,8.0938,-0.030533,-0.992005,-0.126199,0
8252,17.5333,0.014367,0.0387,8.0695,-0.024333,-0.992546,-0.121869,0
8253,17.55,0.011533,0.0421,8.0389,-0.030567,-0.993068,-0.117537,0
8254,17.5667,0.0118,0.0393,8.0114,-0.0275,-0.993572,-0.113203,0
8255,17.5833,0.008467,0.0385,7.9814,-0.030033,-0.994056,-0.108867,0
8256,17.6,0.010917,0.0366,7.9557,-0.025683,-0.994522,-0.104528,0
8257,17.6167,0.008933,0.0374,7.9272,-0.028467,-0.994969,-0.100188,0
8258,17.6333,0.011817,0.0414,7.8976,-0.029583,-0.995396,-0.095846,0
8259,17.65,0.007017,0.043,7.8616,-0.035983,-0.995805,-0.091502,0
8260,17.6667,0.006133,0.0351,7.8326,-0.028967,-0.996195,-0.087156,0
8261,17.6833,0.007717,0.0412,7.7991,-0.033483,-0.996566,-0.082808,0
8262,17.7,0.008767,0.0383,7.7696,-0.029533,-0.996917,-0.078459,0
8263,17.7167,0.006917,0.0429,7.7336,-0.035983,-0.99725,-0.074108,0
8264,17.7333,0.000967,0.0394,7.6952,-0.038433,-0.997564,-0.069756,0
8265,17.75,0.008483,0.036,7.6677,-0.027517,-0.997859,-0.065403,0
8266,17.7667,0.00745,0.0386,7.6366,-0.03115,-0.998135,-0.061049,0
8267,17.7833,0.00635,0.0392,7.6037,-0.03285,-0.998392,-0.056693,0
8268,17.8,0.001967,0.0362,7.5695,-0.034233,-0.99863,-0.052336,0
8269,17.8167,0.00505,0.0384,7.5361,-0.03335,-0.998848,-0.047978,0
8270,17.8333,0.000733,0.0423,7.4945,-0.041567,-0.999048,-0.043619,0
8271,17.85,0.001417,0.0365,7.4594,-0.035083,-0.999229,-0.03926,0
8272,17.8667,0.004583,0.0373,7.4267,-0.032717,-0.999391,-0.034899,0
8273,17.8833,0.003383,0.0397,7.3904,-0.036317,-0.999534,-0.030539,0
8274,17.9,0.004967,0.0393,7.3561,-0.034333,-0.999657,-0.026177,0
8275,17.9167,0.000483,0.0393,7.3173,-0.038817,-0.999762,-0.021815,0
8276,17.9333,0.002067,0.0421,7.2773,-0.040033,-0.999848,-0.017452,0
8277,17.95,0.0,0.0418,7.2355,-0.0418,-0.999914,-0.01309,0
8278,17.9667,0.000133,0.0401,7.1955,-0.039967,-0.999962,-0.008727,0
8279,17.9833,0.0,0.0397,7.1558,-0.0397,-0.99999,-0.004363,0
8280,18.0,0.00035,0.0919,7.0643,-0.09155,-1.0,-0.0,0
8281,18.0167,0.0,0.0873,6.977,-0.0873,-0.99999,0.004363,0
8282,18.0333,0.0,0.0873,6.8897,-0.0873,-0.999962,0.008727,0
8283,18.05,0.0,0.0878,6.8019,-0.0878,-0.999914,0.01309,0
8284,18.0667,0.0,0.0919,6.71,-0.0919,-0.999848,0.017452,0
8285,18.0833,0.0,0.0945,6.6155,-0.0945,-0.999762,0.021815,0
8286,18.1,0.0,0.0872,6.5283,-0.0872,-0.999657,0.026177,0
8287,18.1167,0.0,0.0928,6.4355,-0.0928,-0.999534,0.030539,0
8288,18.1333,0.0,0.0897,6.3458,-0.0897,-0.999391,0.034899,0
8289,18.15,0.0,0.0909,6.2549,-0.0909,-0.999229,0.03926,0
8290,18.1667,0.0,0.0884,6.1665,-0.0884,-0.999048,0.043619,0
8291,18.1833,0.0,0.0913,6.0752,-0.0913,-0.998848,0.047978,0
8292,18.2,0.0,0.0899,5.9853,-0.0899,-0.99863,0.052336,0
8293,18.2167,0.0,0.0874,5.8979,-0.0874,-0.998392,0.056693,0
8294,18.2333,0.0,0.0907,5.8072,-0.0907,-0.998135,0.061049,0
8295,18.25,0.0,0.0896,5.7176,-0.0896,-0.997859,0.065403,0
8296,18.2667,0.0,0.0889,5.6287,-0.0889,-0.997564,0.069756,0
8297,18.2833,0.0,0.0939,5.5348,-0.0939,-0.99725,0.074108,0
8298,18.3,0.0,0.0892,5.4456,-0.0892,-0.996917,0.078459,0
8299,18.3167,0.0,0.0916,5.354,-0.0916,-0.996566,0.082808,0
8300,18.3333,0.0,0.0888,5.2652,-0.0888,-0.996195,0.087156,0
8301,18.35,0.0,0.0923,5.1729,-0.0923,-0.995805,0.091502,0
8302,18.3667,0.0,0.0903,5.0826,-0.0903,-0.995396,0.095846,0
8303,18.3833,0.0,0.0918,4.9908,-0.0918,-0.994969,0.100188,0
8304,18.4,0.0,0.091,4.8998,-0.091,-0.994522,0.104528,0
8305,18.4167,0.0,0.09,4.8098,-0.09,-0.994056,0.108867,0
8306,18.4333,0.0,0.0914,4.7184,-0.0914,-0.993572,0.113203,0
8307,18.45,0.0,0.0879,4.6305,-0.0879,-0.993068,0.117537,0
8308,18.4667,0.0,0.0895,4.541,-0.0895,-0.992546,0.121869,0
8309,18.4833,0.0,0.0858,4.4552,-0.0858,-0.992005,0.126199,0
8310,18.5,0.0,0.0909,4.3643,-0.0909,-0.991445,0.130526,0
8311,18.5167,0.0,0.0922,4.2721,-0.0922,-0.990866,0.134851,0
8312,18.5333,0.0,0.0895,4.1826,-0.0895,-0.990268,0.139173,0
8313,18.55,0.0,0.0887,4.0939,-0.0887,-0.989651,0.143493,0
8314,18.5667,0.0,0.0912,4.0027,-0.0912,-0.989016,0.147809,0
8315,18.5833,0.0,0.088,3.9147,-0.088,-0.988362,0.152123,0
8316,18.6,0.0,0.0882,3.8265,-0.0882,-0.987688,0.156434,0
8317,18.6167,0.0,0.0884,3.7381,-0.0884,-0.986996,0.160743,0
8318,18.6333,0.0,0.0892,3.6489,-0.0892,-0.986286,0.165048,0
8319,18.65,0.0,0.0919,3.557,-0.0919,-0.985556,0.16935,0
8320,18.6667,0.0,0.0917,3.4653,-0.0917,-0.984808,0.173648,0
8321,18.6833,0.0,0.0891,3.3762,-0.0891,-0.984041,0.177944,0
8322,18.7,0.0,0.0916,3.2846,-0.0916,-0.983255,0.182236,0
8323,18.7167,0.0,0.0893,3.1953,-0.0893,-0.98245,0.186524,0
8324,18.7333,0.0,0.0904,3.1049,-0.0904,-0.981627,0.190809,0
8325,18.75,0.0,0.0929,3.012,-0.0929,-0.980785,0.19509,0
8326,18.7667,0.0,0.09,2.922,-0.09,-0.979925,0.199368,0
8327,18.7833,0.0,0.094,2.828,-0.094,-0.979045,0.203642,0
8328,18.8,0.0,0.0872,2.7408,-0.0872,-0.978148,0.207912,0
8329,18.8167,0.0,0.0925,2.6483,-0.0925,-0.977231,0.212178,0
8330,18.8333,0.0,0.0862,2.5621,-0.0862,-0.976296,0.21644,0
8331,18.85,0.0,0.0871,2.475,-0.0871,-0.975342,0.220697,0
8332,18.8667,0.0,0.0891,2.3859,-0.0891,-0.97437,0.224951,0
8333,18.8833,0.0,0.0919,2.294,-0.0919,-0.973379,0.2292,0
8334,18.9,0.0,0.091,2.203,-0.091,-0.97237,0.233445,0
8335,18.9167,0.0,0.0904,2.1126,-0.0904,-0.971342,0.237686,0
8336,18.9333,0.0,0.0898,2.0228,-0.0898,-0.970296,0.241922,0
8337,18.95,0.0,0.0908,1.932,-0.0908,-0.969231,0.246153,0
8338,18.9667,0.0,0.0891,1.8429,-0.0891,-0.968148,0.25038,0
8339,18.9833,0.0,0.0871,1.7558,-0.0871,-0.967046,0.254602,0
8340,19.0,0.0,0.0908,1.665,-0.0908,-0.965926,0.258819,0
8341,19.0167,0.0,0.0899,1.5751,-0.0899,-0.964787,0.263031,0
8342,19.0333,0.0,0.0904,1.4847,-0.0904,-0.96363,0.267238,0
8343,19.05,0.0,0.0911,1.3936,-0.0911,-0.962455,0.27144,0
8344,19.0667,0.0,0.0896,1.304,-0.0896,-0.961262,0.275637,0
8345,19.0833,0.0,0.0929,1.2111,-0.0929,-0.96005,0.279829,0
8346,19.1,0.0,0.0929,1.1182,-0.0929,-0.95882,0.284015,0
8347,19.1167,0.0,0.0937,1.0245,-0.0937,-0.957571,0.288196,0
8348,19.1333,0.0,0.0897,0.9348,-0.0897,-0.956305,0.292372,0
8349,19.15,0.0,0.0887,0.8461,-0.0887,-0.95502,0.296542,0
8350,19.1667,0.0,0.0893,0.7568,-0.0893,-0.953717,0.300706,0
8351,19.1833,0.0,0.0917,0.6651,-0.0917,-0.952396,0.304864,0
8352,19.2,0.0,0.091,0.5741,-0.091,-0.951057,0.309017,0
8353,19.2167,0.0,0.0877,0.4864,-0.0877,-0.949699,0.313164,0
8354,19.2333,0.0,0.0892,0.3972,-0.0892,-0.948324,0.317305,0
8355,19.25,0.0,0.0894,0.3078,-0.0894,-0.94693,0.321439,0
8356,19.2667,0.0,0.0912,0.2166,-0.0912,-0.945519,0.325568,0
8357,19.2833,0.0,0.0887,0.1279,-0.0887,-0.944089,0.329691,0
8358,19.3,0.0,0.0903,0.0376,-0.0903,-0.942641,0.333807,0
8359,19.3167,0.0,0.0868,0.0,-0.0868,-0.941176,0.337917,1
8360,19.3333,0.0,0.0882,0.0,-0.0882,-0.939693,0.34202,1
8361,19.35,0.0,0.0896,0.0,-0.0896,-0.938191,0.346117,1
8362,19.3667,0.0,0.0886,0.0,-0.0886,-0.936672,0.350207,1
8363,19.3833,0.0,0.086,0.0,-0.086,-0.935135,0.354291,1
8364,19.4,0.0,0.0906,0.0,-0.0906,-0.93358,0.358368,1
8365,19.4167,0.0,0.0869,0.0,-0.0869,-0.932008,0.362438,1
8366,19.4333,0.0,0.0908,0.0,-0.0908,-0.930418,0.366501,1
8367,19.45,0.0,0.09,0.0,-0.09,-0.92881,0.370557,1
8368,19.4667,0.0,0.0905,0.0,-0.0905,-0.927184,0.374607,1
8369,19.4833,0.0,0.0896,0.0,-0.0896,-0.925541,0.378649,1
8370,19.5,0.0,0.09,0.0,-0.09,-0.92388,0.382683,1
8371,19.5167,0.0,0.0906,0.0,-0.0906,-0.922201,0.386711,1
8372,19.5333,0.0,0.0899,0.0,-0.0899,-0.920505,0.390731,1
8373,19.55,0.0,0.0898,0.0,-0.0898,-0.918791,0.394744,1
8374,19.5667,0.0,0.0909,0.0,-0.0909,-0.91706,0.398749,1
8375,19.5833,0.0,0.0909,0.0,-0.0909,-0.915311,0.402747,1
8376,19.6,0.0,0.0895,0.0,-0.0895,-0.913545,0.406737,1
8377,19.6167,0.0,0.0898,0.0,-0.0898,-0.911762,0.410719,1
8378,19.6333,0.0,0.1303,0.0,-0.1303,-0.909961,0.414693,1
8379,19.65,0.0,0.1329,0.0,-0.1329,-0.908143,0.41866,1
8380,19.6667,0.0,0.1315,0.0,-0.1315,-0.906308,0.422618,1
8381,19.6833,0.0,0.1363,0.0,-0.1363,-0.904455,0.426569,1
8382,19.7,0.0,0.1365,0.0,-0.1365,-0.902585,0.430511,1
8383,19.7167,0.0,0.1368,0.0,-0.1368,-0.900698,0.434445,1
8384,19.7333,0.0,0.1336,0.0,-0.1336,-0.898794,0.438371,1
8385,19.75,0.0,0.1336,0.0,-0.1336,-0.896873,0.442289,1
8386,19.7667,0.0,0.1344,0.0,-0.1344,-0.894934,0.446198,1
8387,19.7833,0.0,0.1323,0.0,-0.1323,-0.892979,0.450098,1
8388,19.8,0.0,0.1326,0.0,-0.1326,-0.891007,0.45399,1
8389,19.8167,0.0,0.1347,0.0,-0.1347,-0.889017,0.457874,1
8390,19.8333,0.0,0.1387,0.0,-0.1387,-0.887011,0.461749,1
8391,19.85,0.0,0.1349,0.0,-0.1349,-0.884988,0.465615,1
8392,19.8667,0.0,0.1331,0.0,-0.1331,-0.882948,0.469472,1
8393,19.8833,0.0,0.1308,0.0,-0.1308,-0.880891,0.47332,1
8394,19.9,0.0,0.1305,0.0,-0.1305,-0.878817,0.477159,1
8395,19.9167,0.0,0.1322,0.0,-0.1322,-0.876727,0.480989,1
8396,19.9333,0.0,0.1332,0.0,-0.1332,-0.87462,0.48481,1
8397,19.95,0.0,0.1324,0.0,-0.1324,-0.872496,0.488621,1
8398,19.9667,0.0,0.1325,0.0,-0.1325,-0.870356,0.492424,1
8399,19.9833,0.0,0.1348,0.0,-0.1348,-0.868199,0.496217,1
8400,20.0,0.0,0.1331,0.0,-0.1331,-0.866025,0.5,1
8401,20.0167,0.0,0.1296,0.0,-0.1296,-0.863836,0.503774,1
8402,20.0333,0.0,0.1345,0.0,-0.1345,-0.861629,0.507538,1
8403,20.05,0.0,0.1334,0.0,-0.1334,-0.859406,0.511293,1
8404,20.0667,0.0,0.1333,0.0,-0.1333,-0.857167,0.515038,1
8405,20.0833,0.0,0.1329,0.0,-0.1329,-0.854912,0.518773,1
8406,20.1,0.0,0.1345,0.0,-0.1345,-0.85264,0.522499,1
8407,20.1167,0.0,0.1344,0.0,-0.1344,-0.850352,0.526214,1
8408,20.1333,0.0,0.1347,0.0,-0.1347,-0.848048,0.529919,1
8409,20.15,0.0,0.1311,0.0,-0.1311,-0.845728,0.533615,1
8410,20.1667,0.0,0.1323,0.0,-0.1323,-0.843391,0.5373,1
8411,20.1833,0.0,0.1325,0.0,-0.1325,-0.841039,0.540974,1
8412,20.2,0.0,0.1353,0.0,-0.1353,-0.838671,0.544639,1
8413,20.2167,0.0,0.1345,0.0,-0.1345,-0.836286,0.548293,1
8414,20.2333,0.0,0.1305,0.0,-0.1305,-0.833886,0.551937,1
8415,20.25,0.0,0.1326,0.0,-0.1326,-0.83147,0.55557,1
8416,20.2667,0.0,0.1308,0.0,-0.1308,-0.829038,0.559193,1
8417,20.2833,0.0,0.0875,0.0,-0.0875,-0.82659,0.562805,1
8418,20.3,0.0,0.0905,0.0,-0.0905,-0.824126,0.566406,1
8419,20.3167,0.0,0.0924,0.0,-0.0924,-0.821647,0.569997,1
8420,20.3333,0.0,0.0897,0.0,-0.0897,-0.819152,0.573576,1
8421,20.35,0.0,0.0908,0.0,-0.0908,-0.816642,0.577145,1
8422,20.3667,0.0,0.0907,0.0,-0.0907,-0.814116,0.580703,1
8423,20.3833,0.0,0.0915,0.0,-0.0915,-0.811574,0.58425,1
8424,20.4,0.0,0.0844,0.0,-0.0844,-0.809017,0.587785,1
8425,20.4167,0.0,0.0945,0.0,-0.0945,-0.806445,0.59131,1
8426,20.4333,0.0,0.0889,0.0,-0.0889,-0.803857,0.594823,1
8427,20.45,0.0,0.0887,0.0,-0.0887,-0.801254,0.598325,1
8428,20.4667,0.0,0.091,0.0,-0.091,-0.798636,0.601815,1
8429,20.4833,0.0,0.09,0.0,-0.09,-0.796002,0.605294,1
8430,20.5,0.0,0.0885,0.0,-0.0885,-0.793353,0.608761,1
8431,20.5167,0.0,0.0901,0.0,-0.0901,-0.79069,0.612217,1
8432,20.5333,0.0,0.0869,0.0,-0.0869,-0.788011,0.615661,1
8433,20.55,0.0,0.0877,0.0,-0.0877,-0.785317,0.619094,1
8434,20.5667,0.0,0.0906,0.0,-0.0906,-0.782608,0.622515,1
8435,20.5833,0.0,0.0891,0.0,-0.0891,-0.779884,0.625923,1
8436,20.6,0.0,0.0896,0.0,-0.0896,-0.777146,0.62932,1
8437,20.6167,0.0,0.0877,0.0,-0.0877,-0.774393,0.632705,1
8438,20.6333,0.0,0.0898,0.0,-0.0898,-0.771625,0.636078,1
8439,20.65,0.0,0.0923,0.0,-0.0923,-0.768842,0.639439,1
8440,20.6667,0.0,0.092,0.0,-0.092,-0.766044,0.642788,1
8441,20.6833,0.0,0.0878,0.0,-0.0878,-0.763232,0.646124,1
8442,20.7,0.0,0.09,0.0,-0.09,-0.760406,0.649448,1
8443,20.7167,0.0,0.0894,0.0,-0.0894,-0.757565,0.65276,1
8444,20.7333,0.0,0.0907,0.0,-0.0907,-0.75471,0.656059,1
8445,20.75,0.0,0.0893,0.0,-0.0893,-0.75184,0.659346,1
8446,20.7667,0.0,0.0907,0.0,-0.0907,-0.748956,0.66262,1
8447,20.7833,0.0,0.0955,0.0,-0.0955,-0.746057,0.665882,1
8448,20.8,0.0,0.0862,0.0,-0.0862,-0.743145,0.669131,1
8449,20.8167,0.0,0.0876,0.0,-0.0876,-0.740218,0.672367,1
8450,20.8333,0.0,0.0897,0.0,-0.0897,-0.737277,0.67559,1
8451,20.85,0.0,0.0897,0.0,-0.0897,-0.734323,0.678801,1
8452,20.8667,0.0,0.0893,0.0,-0.0893,-0.731354,0.681998,1
8453,20.8833,0.0,0.0897,0.0,-0.0897,-0.728371,0.685183,1
8454,20.9,0.0,0.0905,0.0,-0.0905,-0.725374,0.688355,1
8455,20.9167,0.0,0.0874,0.0,-0.0874,-0.722364,0.691513,1
8456,20.9333,0.0,0.0887,0.0,-0.0887,-0.71934,0.694658,1
8457,20.95,0.0,0.0899,0.0,-0.0899,-0.716302,0.69779,1
8458,20.9667,0.0,0.087,0.0,-0.087,-0.71325,0.700909,1
8459,20.9833,0.0,0.0915,0.0,-0.0915,-0.710185,0.704015,1
8460,21.0,0.0,0.0893,0.0,-0.0893,-0.707107,0.707107,1
8461,21.0167,0.0,0.0886,0.0,-0.0886,-0.704015,0.710185,1
8462,21.0333,0.0,0.0887,0.0,-0.0887,-0.700909,0.71325,1
8463,21.05,0.0,0.0897,0.0,-0.0897,-0.69779,0.716302,1
8464,21.0667,0.0,0.0884,0.0,-0.0884,-0.694658,0.71934,1
8465,21.0833,0.0,0.0914,0.0,-0.0914,-0.691513,0.722364,1
8466,21.1,0.0,0.0927,0.0,-0.0927,-0.688355,0.725374,1
8467,21.1167,0.0,0.091,0.0,-0.091,-0.685183,0.728371,1
8468,21.1333,0.0,0.0889,0.0,-0.0889,-0.681998,0.731354,1
8469,21.15,0.0,0.0909,0.0,-0.0909,-0.678801,0.734323,1
8470,21.1667,0.0,0.0897,0.0,-0.0897,-0.67559,0.737277,1
8471,21.1833,0.0,0.0917,0.0,-0.0917,-0.672367,0.740218,1
8472,21.2,0.0,0.0933,0.0,-0.0933,-0.669131,0.743145,1
8473,21.2167,0.0,0.0906,0.0,-0.0906,-0.665882,0.746057,1
8474,21.2333,0.0,0.0882,0.0,-0.0882,-0.66262,0.748956,1
8475,21.25,0.0,0.0933,0.0,-0.0933,-0.659346,0.75184,1
8476,21.2667,0.0,0.0892,0.0,-0.0892,-0.656059,0.75471,1
8477,21.2833,0.0,0.0905,0.0,-0.0905,-0.65276,0.757565,1
8478,21.3,0.0,0.0874,0.0,-0.0874,-0.649448,0.760406,1
8479,21.3167,0.0,0.0935,0.0,-0.0935,-0.646124,0.763232,1
8480,21.3333,0.0,0.0871,0.0,-0.0871,-0.642788,0.766044,1
8481,21.35,0.0,0.0913,0.0,-0.0913,-0.639439,0.768842,1
8482,21.3667,0.0,0.09,0.0,-0.09,-0.636078,0.771625,1
8483,21.3833,0.0,0.0893,0.0,-0.0893,-0.632705,0.774393,1
8484,21.4,0.0,0.0877,0.0,-0.0877,-0.62932,0.777146,1
8485,21.4167,0.0,0.0906,0.0,-0.0906,-0.625923,0.779884,1
8486,21.4333,0.0,0.09,0.0,-0.09,-0.622515,0.782608,1
8487,21.45,0.0,0.0882,0.0,-0.0882,-0.619094,0.785317,1
8488,21.4667,0.0,0.0908,0.0,-0.0908,-0.615661,0.788011,1
8489,21.4833,0.0,0.0896,0.0,-0.0896,-0.612217,0.79069,1
8490,21.5,0.0,0.0867,0.0,-0.0867,-0.608761,0.793353,1
8491,21.5167,0.0,0.0921,0.0,-0.0921,-0.605294,0.796002,1
8492,21.5333,0.0,0.0927,0.0,-0.0927,-0.601815,0.798636,1
8493,21.55,0.0,0.0874,0.0,-0.0874,-0.598325,0.801254,1
8494,21.5667,0.0,0.0913,0.0,-0.0913,-0.594823,0.803857,1
8495,21.5833,0.0,0.0886,0.0,-0.0886,-0.59131,0.806445,1
8496,21.6,0.0,0.0923,0.0,-0.0923,-0.587785,0.809017,1
8497,21.6167,0.0,0.0846,0.0,-0.0846,-0.58425,0.811574,1
8498,21.6333,0.0,0.09,0.0,-0.09,-0.580703,0.814116,1
8499,21.65,0.0,0.0909,0.0,-0.0909,-0.577145,0.816642,1
8500,21.6667,0.0,0.0881,0.0,-0.0881,-0.573576,0.819152,1
8501,21.6833,0.0,0.0923,0.0,-0.0923,-0.569997,0.821647,1
8502,21.7,0.0,0.0878,0.0,-0.0878,-0.566406,0.824126,1
8503,21.7167,0.0,0.093,0.0,-0.093,-0.562805,0.82659,1
8504,21.7333,0.0,0.0885,0.0,-0.0885,-0.559193,0.829038,1
8505,21.75,0.0,0.0922,0.0,-0.0922,-0.55557,0.83147,1
8506,21.7667,0.0,0.091,0.0,-0.091,-0.551937,0.833886,1
8507,21.7833,0.0,0.0881,0.0,-0.0881,-0.548293,0.836286,1
8508,21.8,0.0,0.0878,0.0,-0.0878,-0.544639,0.838671,1
8509,21.8167,0.0,0.0891,0.0,-0.0891,-0.540974,0.841039,1
8510,21.8333,0.0,0.0899,0.0,-0.0899,-0.5373,0.843391,1
8511,21.85,0.0,0.0884,0.0,-0.0884,-0.533615,0.845728,1
8512,21.8667,0.0,0.0881,0.0,-0.0881,-0.529919,0.848048,1
8513,21.8833,0.0,0.0901,0.0,-0.0901,-0.526214,0.850352,1
8514,21.9,0.0,0.0898,0.0,-0.0898,-0.522499,0.85264,1
8515,21.9167,0.0,0.092,0.0,-0.092,-0.518773,0.854912,1
8516,21.9333,0.0,0.0872,0.0,-0.0872,-0.515038,0.857167,1
8517,21.95,0.0,0.0917,0.0,-0.0917,-0.511293,0.859406,1
8518,21.9667,0.0,0.0898,0.0,-0.0898,-0.507538,0.861629,1
8519,21.9833,0.0,0.0906,0.0,-0.0906,-0.503774,0.863836,1
8520,22.0,0.0,0.0224,0.0,-0.0224,-0.5,0.866025,1
8521,22.0167,0.0,0.0205,0.0,-0.0205,-0.496217,0.868199,1
8522,22.0333,0.0,0.0233,0.0,-0.0233,-0.492424,0.870356,1
8523,22.05,0.0,0.0231,0.0,-0.0231,-0.488621,0.872496,1
8524,22.0667,0.0,0.0201,0.0,-0.0201,-0.48481,0.87462,1
8525,22.0833,0.0,0.0232,0.0,-0.0232,-0.480989,0.876727,1
8526,22.1,0.0,0.0207,0.0,-0.0207,-0.477159,0.878817,1
8527,22.1167,0.0,0.0231,0.0,-0.0231,-0.47332,0.880891,1
8528,22.1333,0.0,0.0208,0.0,-0.0208,-0.469472,0.882948,1
8529,22.15,0.0,0.021,0.0,-0.021,-0.465615,0.884988,1
8530,22.1667,0.0,0.0198,0.0,-0.0198,-0.461749,0.887011,1
8531,22.1833,0.0,0.0205,0.0,-0.0205,-0.457874,0.889017,1
8532,22.2,0.0,0.0214,0.0,-0.0214,-0.45399,0.891007,1
8533,22.2167,0.0,0.0227,0.0,-0.0227,-0.450098,0.892979,1
8534,22.2333,0.0,0.0222,0.0,-0.0222,-0.446198,0.894934,1
8535,22.25,0.0,0.0196,0.0,-0.0196,-0.442289,0.896873,1
8536,22.2667,0.0,0.0187,0.0,-0.0187,-0.438371,0.898794,1
8537,22.2833,0.0,0.0204,0.0,-0.0204,-0.434445,0.900698,1
8538,22.3,0.0,0.0204,0.0,-0.0204,-0.430511,0.902585,1
8539,22.3167,0.0,0.0234,0.0,-0.0234,-0.426569,0.904455,1
8540,22.3333,0.0,0.0233,0.0,-0.0233,-0.422618,0.906308,1
8541,22.35,0.0,0.024,0.0,-0.024,-0.41866,0.908143,1
8542,22.3667,0.0,0.0222,0.0,-0.0222,-0.414693,0.909961,1
8543,22.3833,0.0,0.0211,0.0,-0.0211,-0.410719,0.911762,1
8544,22.4,0.0,0.0204,0.0,-0.0204,-0.406737,0.913545,1
8545,22.4167,0.0,0.0214,0.0,-0.0214,-0.402747,0.915311,1
8546,22.4333,0.0,0.0207,0.0,-0.0207,-0.398749,0.91706,1
8547,22.45,0.0,0.0242,0.0,-0.0242,-0.394744,0.918791,1
8548,22.4667,0.0,0.0225,0.0,-0.0225,-0.390731,0.920505,1
8549,22.4833,0.0,0.0252,0.0,-0.0252,-0.386711,0.922201,1
8550,22.5,0.0,0.0212,0.0,-0.0212,-0.382683,0.92388,1
8551,22.5167,0.0,0.0217,0.0,-0.0217,-0.378649,0.925541,1
8552,22.5333,0.0,0.021,0.0,-0.021,-0.374607,0.927184,1
8553,22.55,0.0,0.0224,0.0,-0.0224,-0.370557,0.92881,1
8554,22.5667,0.0,0.0225,0.0,-0.0225,-0.366501,0.930418,1
8555,22.5833,0.0,0.0206,0.0,-0.0206,-0.362438,0.932008,1
8556,22.6,0.0,0.0236,0.0,-0.0236,-0.358368,0.93358,1
8557,22.6167,0.0,0.0217,0.0,-0.0217,-0.354291,0.935135,1
8558,22.6333,0.0,0.0192,0.0,-0.0192,-0.350207,0.936672,1
8559,22.65,0.0,0.0239,0.0,-0.0239,-0.346117,0.938191,1
8560,22.6667,0.0,0.0199,0.0,-0.0199,-0.34202,0.939693,1
8561,22.6833,0.0,0.02,0.0,-0.02,-0.337917,0.941176,1
8562,22.7,0.0,0.0235,0.0,-0.0235,-0.333807,0.942641,1
8563,22.7167,0.0,0.0224,0.0,-0.0224,-0.329691,0.944089,1
8564,22.7333,0.0,0.0157,0.0,-0.0157,-0.325568,0.945519,1
8565,22.75,0.0,0.0251,0.0,-0.0251,-0.321439,0.94693,1
8566,22.7667,0.0,0.0202,0.0,-0.0202,-0.317305,0.948324,1
8567,22.7833,0.0,0.0231,0.0,-0.0231,-0.313164,0.949699,1
8568,22.8,0.0,0.0197,0.0,-0.0197,-0.309017,0.951057,1
8569,22.8167,0.0,0.0213,0.0,-0.0213,-0.304864,0.952396,1
8570,22.8333,0.0,0.0195,0.0,-0.0195,-0.300706,0.953717,1
8571,22.85,0.0,0.0247,0.0,-0.0247,-0.296542,0.95502,1
8572,22.8667,0.0,0.0181,0.0,-0.0181,-0.292372,0.956305,1
8573,22.8833,0.0,0.0217,0.0,-0.0217,-0.288196,0.957571,1
8574,22.9,0.0,0.0235,0.0,-0.0235,-0.284015,0.95882,1
8575,22.9167,0.0,0.0232,0.0,-0.0232,-0.279829,0.96005,1
8576,22.9333,0.0,0.0193,0.0,-0.0193,-0.275637,0.961262,1
8577,22.95,0.0,0.0221,0.0,-0.0221,-0.27144,0.962455,1
8578,22.9667,0.0,0.0215,0.0,-0.0215,-0.267238,0.96363,1
8579,22.9833,0.0,0.0208,0.0,-0.0208,-0.263031,0.964787,1
8580,23.0,0.0,0.0241,0.0,-0.0241,-0.258819,0.965926,1
8581,23.0167,0.0,0.0225,0.0,-0.0225,-0.254602,0.967046,1
8582,23.0333,0.0,0.0187,0.0,-0.0187,-0.25038,0.968148,1
8583,23.05,0.0,0.0235,0.0,-0.0235,-0.246153,0.969231,1
8584,23.0667,0.0,0.0209,0.0,-0.0209,-0.241922,0.970296,1
8585,23.0833,0.0,0.0204,0.0,-0.0204,-0.237686,0.971342,1
8586,23.1,0.0,0.0189,0.0,-0.0189,-0.233445,0.97237,1
8587,23.1167,0.0,0.0211,0.0,-0.0211,-0.2292,0.973379,1
8588,23.1333,0.0,0.0214,0.0,-0.0214,-0.224951,0.97437,1
8589,23.15,0.0,0.0218,0.0,-0.0218,-0.220697,0.975342,1
8590,23.1667,0.0,0.0238,0.0,-0.0238,-0.21644,0.976296,1
8591,23.1833,0.0,0.0212,0.0,-0.0212,-0.212178,0.977231,1
8592,23.2,0.0,0.0205,0.0,-0.0205,-0.207912,0.978148,1
8593,23.2167,0.0,0.023,0.0,-0.023,-0.203642,0.979045,1
8594,23.2333,0.0,0.0158,0.0,-0.0158,-0.199368,0.979925,1
8595,23.25,0.0,0.0203,0.0,-0.0203,-0.19509,0.980785,1
8596,23.2667,0.0,0.0235,0.0,-0.0235,-0.190809,0.981627,1
8597,23.2833,0.0,0.0232,0.0,-0.0232,-0.186524,0.98245,1
8598,23.3,0.0,0.0195,0.0,-0.0195,-0.182236,0.983255,1
8599,23.3167,0.0,0.0213,0.0,-0.0213,-0.177944,0.984041,1
8600,23.3333,0.0,0.025,0.0,-0.025,-0.173648,0.984808,1
8601,23.35,0.0,0.0238,0.0,-0.0238,-0.16935,0.985556,1
8602,23.3667,0.0,0.0271,0.0,-0.0271,-0.165048,0.986286,1
8603,23.3833,0.0,0.0192,0.0,-0.0192,-0.160743,0.986996,1
8604,23.4,0.0,0.0251,0.0,-0.0251,-0.156434,0.987688,1
8605,23.4167,0.0,0.0222,0.0,-0.0222,-0.152123,0.988362,1
8606,23.4333,0.0,0.0203,0.0,-0.0203,-0.147809,0.989016,1
8607,23.45,0.0,0.0239,0.0,-0.0239,-0.143493,0.989651,1
8608,23.4667,0.0,0.0228,0.0,-0.0228,-0.139173,0.990268,1
8609,23.4833,0.0,0.0187,0.0,-0.0187,-0.134851,0.990866,1
8610,23.5,0.0,0.025,0.0,-0.025,-0.130526,0.991445,1
8611,23.5167,0.0,0.0174,0.0,-0.0174,-0.126199,0.992005,1
8612,23.5333,0.0,0.0214,0.0,-0.0214,-0.121869,0.992546,1
8613,23.55,0.0,0.0216,0.0,-0.0216,-0.117537,0.993068,1
8614,23.5667,0.0,0.0224,0.0,-0.0224,-0.113203,0.993572,1
8615,23.5833,0.0,0.0231,0.0,-0.0231,-0.108867,0.994056,1
8616,23.6,0.0,0.0193,0.0,-0.0193,-0.104528,0.994522,1
8617,23.6167,0.0,0.0232,0.0,-0.0232,-0.100188,0.994969,1
8618,23.6333,0.0,0.0206,0.0,-0.0206,-0.095846,0.995396,1
8619,23.65,0.0,0.021,0.0,-0.021,-0.091502,0.995805,1
8620,23.6667,0.0,0.0231,0.0,-0.0231,-0.087156,0.996195,1
8621,23.6833,0.0,0.0204,0.0,-0.0204,-0.082808,0.996566,1
8622,23.7,0.0,0.022,0.0,-0.022,-0.078459,0.996917,1
8623,23.7167,0.0,0.0222,0.0,-0.0222,-0.074108,0.99725,1
8624,23.7333,0.0,0.0239,0.0,-0.0239,-0.069756,0.997564,1
8625,23.75,0.0,0.0162,0.0,-0.0162,-0.065403,0.997859,1
8626,23.7667,0.0,0.0206,0.0,-0.0206,-0.061049,0.998135,1
8627,23.7833,0.0,0.0214,0.0,-0.0214,-0.056693,0.998392,1
8628,23.8,0.0,0.0192,0.0,-0.0192,-0.052336,0.99863,1
8629,23.8167,0.0,0.0239,0.0,-0.0239,-0.047978,0.998848,1
8630,23.8333,0.0,0.02,0.0,-0.02,-0.043619,0.999048,1
8631,23.85,0.0,0.0214,0.0,-0.0214,-0.03926,0.999229,1
8632,23.8667,0.0,0.0244,0.0,-0.0244,-0.034899,0.999391,1
8633,23.8833,0.0,0.0233,0.0,-0.0233,-0.030539,0.999534,1
8634,23.9,0.0,0.0213,0.0,-0.0213,-0.026177,0.999657,1
8635,23.9167,0.0,0.0221,0.0,-0.0221,-0.021815,0.999762,1
8636,23.9333,0.0,0.0203,0.0,-0.0203,-0.017452,0.999848,1
8637,23.95,0.0,0.0228,0.0,-0.0228,-0.01309,0.999914,1
8638,23.9667,0.0,0.0177,0.0,-0.0177,-0.008727,0.999962,1
8639,23.9833,0.0,0.0161,0.0,-0.0161,-0.004363,0.99999,1
8640,0.0,0.0,0.0204,0.0,-0.0204,0.0,1.0,1
8641,0.0167,0.0,0.0208,0.0,-0.0208,0.004363,0.99999,1
8642,0.0333,0.0,0.0218,0.0,-0.0218,0.008727,0.999962,1
8643,0.05,0.0,0.0224,0.0,-0.0224,0.01309,0.999914,1
8644,0.0667,0.0,0.0232,0.0,-0.0232,0.017452,0.999848,1
8645,0.0833,0.0,0.0208,0.0,-0.0208,0.021815,0.999762,1
8646,0.1,0.0,0.0208,0.0,-0.0208,0.026177,0.999657,1
8647,0.1167,0.0,0.0232,0.0,-0.0232,0.030539,0.999534,1
8648,0.1333,0.0,0.0232,0.0,-0.0232,0.034899,0.999391,1
8649,0.15,0.0,0.0204,0.0,-0.0204,0.03926,0.999229,1
8650,0.1667,0.0,0.0215,0.0,-0.0215,0.043619,0.999048,1
8651,0.1833,0.0,0.0208,0.0,-0.0208,0.047978,0.998848,1
8652,0.2,0.0,0.0223,0.0,-0.0223,0.052336,0.99863,1
8653,0.2167,0.0,0.0264,0.0,-0.0264,0.056693,0.998392,1
8654,0.2333,0.0,0.0178,0.0,-0.0178,0.061049,0.998135,1
8655,0.25,0.0,0.0215,0.0,-0.0215,0.065403,0.997859,1
8656,0.2667,0.0,0.0186,0.0,-0.0186,0.069756,0.997564,1
8657,0.2833,0.0,0.0225,0.0,-0.0225,0.074108,0.99725,1
8658,0.3,0.0,0.0224,0.0,-0.0224,0.078459,0.996917,1
8659,0.3167,0.0,0.0204,0.0,-0.0204,0.082808,0.996566,1
8660,0.3333,0.0,0.0235,0.0,-0.0235,0.087156,0.996195,1
8661,0.35,0.0,0.0214,0.0,-0.0214,0.091502,0.995805,1
8662,0.3667,0.0,0.0192,0.0,-0.0192,0.095846,0.995396,1
8663,0.3833,0.0,0.0245,0.0,-0.0245,0.100188,0.994969,1
8664,0.4,0.0,0.0239,0.0,-0.0239,0.104528,0.994522,1
8665,0.4167,0.0,0.0255,0.0,-0.0255,0.108867,0.994056,1
8666,0.4333,0.0,0.0203,0.0,-0.0203,0.113203,0.993572,1
8667,0.45,0.0,0.021,0.0,-0.021,0.117537,0.993068,1
8668,0.4667,0.0,0.0205,0.0,-0.0205,0.121869,0.992546,1
8669,0.4833,0.0,0.0242,0.0,-0.0242,0.126199,0.992005,1
8670,0.5,0.0,0.0217,0.0,-0.0217,0.130526,0.991445,1
8671,0.5167,0.0,0.0208,0.0,-0.0208,0.134851,0.990866,1
8672,0.5333,0.0,0.019,0.0,-0.019,0.139173,0.990268,1
8673,0.55,0.0,0.0237,0.0,-0.0237,0.143493,0.989651,1
8674,0.5667,0.0,0.0201,0.0,-0.0201,0.147809,0.989016,1
8675,0.5833,0.0,0.0228,0.0,-0.0228,0.152123,0.988362,1
8676,0.6,0.0,0.0224,0.0,-0.0224,0.156434,0.987688,1
8677,0.6167,0.0,0.0216,0.0,-0.0216,0.160743,0.986996,1
8678,0.6333,0.0,0.0179,0.0,-0.0179,0.165048,0.986286,1
8679,0.65,0.0,0.0192,0.0,-0.0192,0.16935,0.985556,1
8680,0.6667,0.0,0.0242,0.0,-0.0242,0.173648,0.984808,1
8681,0.6833,0.0,0.0213,0.0,-0.0213,0.177944,0.984041,1
8682,0.7,0.0,0.0196,0.0,-0.0196,0.182236,0.983255,1
8683,0.7167,0.0,0.0224,0.0,-0.0224,0.186524,0.98245,1
8684,0.7333,0.0,0.0238,0.0,-0.0238,0.190809,0.981627,1
8685,0.75,0.0,0.0217,0.0,-0.0217,0.19509,0.980785,1
8686,0.7667,0.0,0.0199,0.0,-0.0199,0.199368,0.979925,1
8687,0.7833,0.0,0.021,0.0,-0.021,0.203642,0.979045,1
8688,0.8,0.0,0.0216,0.0,-0.0216,0.207912,0.978148,1
8689,0.8167,0.0,0.0207,0.0,-0.0207,0.212178,0.977231,1
8690,0.8333,0.0,0.0233,0.0,-0.0233,0.21644,0.976296,1
8691,0.85,0.0,0.025,0.0,-0.025,0.220697,0.975342,1
8692,0.8667,0.0,0.0198,0.0,-0.0198,0.224951,0.97437,1
8693,0.8833,0.0,0.0234,0.0,-0.0234,0.2292,0.973379,1
8694,0.9,0.0,0.0215,0.0,-0.0215,0.233445,0.97237,1
8695,0.9167,0.0,0.0242,0.0,-0.0242,0.237686,0.971342,1
8696,0.9333,0.0,0.0207,0.0,-0.0207,0.241922,0.970296,1
8697,0.95,0.0,0.0212,0.0,-0.0212,0.246153,0.969231,1
8698,0.9667,0.0,0.0221,0.0,-0.0221,0.25038,0.968148,1
8699,0.9833,0.0,0.0217,0.0,-0.0217,0.254602,0.967046,1
8700,1.0,0.0,0.0233,0.0,-0.0233,0.258819,0.965926,1
8701,1.0167,0.0,0.0222,0.0,-0.0222,0.263031,0.964787,1
8702,1.0333,0.0,0.0217,0.0,-0.0217,0.267238,0.96363,1
8703,1.05,0.0,0.0248,0.0,-0.0248,0.27144,0.962455,1
8704,1.0667,0.0,0.0201,0.0,-0.0201,0.275637,0.961262,1
8705,1.0833,0.0,0.022,0.0,-0.022,0.279829,0.96005,1
8706,1.1,0.0,0.0211,0.0,-0.0211,0.284015,0.95882,1
8707,1.1167,0.0,0.0193,0.0,-0.0193,0.288196,0.957571,1
8708,1.1333,0.0,0.0258,0.0,-0.0258,0.292372,0.956305,1
8709,1.15,0.0,0.022,0.0,-0.022,0.296542,0.95502,1
8710,1.1667,0.0,0.0197,0.0,-0.0197,0.300706,0.953717,1
8711,1.1833,0.0,0.0211,0.0,-0.0211,0.304864,0.952396,1
8712,1.2,0.0,0.0197,0.0,-0.0197,0.309017,0.951057,1
8713,1.2167,0.0,0.0216,0.0,-0.0216,0.313164,0.949699,1
8714,1.2333,0.0,0.0224,0.0,-0.0224,0.317305,0.948324,1
8715,1.25,0.0,0.0252,0.0,-0.0252,0.321439,0.94693,1
8716,1.2667,0.0,0.0197,0.0,-0.0197,0.325568,0.945519,1
8717,1.2833,0.0,0.0212,0.0,-0.0212,0.329691,0.944089,1
8718,1.3,0.0,0.0205,0.0,-0.0205,0.333807,0.942641,1
8719,1.3167,0.0,0.0208,0.0,-0.0208,0.337917,0.941176,1
8720,1.3333,0.0,0.0182,0.0,-0.0182,0.34202,0.939693,1
8721,1.35,0.0,0.0224,0.0,-0.0224,0.346117,0.938191,1
8722,1.3667,0.0,0.0177,0.0,-0.0177,0.350207,0.936672,1
8723,1.3833,0.0,0.0231,0.0,-0.0231,0.354291,0.935135,1
8724,1.4,0.0,0.0212,0.0,-0.0212,0.358368,0.93358,1
8725,1.4167,0.0,0.0241,0.0,-0.0241,0.362438,0.932008,1
8726,1.4333,0.0,0.0199,0.0,-0.0199,0.366501,0.930418,1
8727,1.45,0.0,0.0264,0.0,-0.0264,0.370557,0.92881,1
8728,1.4667,0.0,0.0221,0.0,-0.0221,0.374607,0.927184,1
8729,1.4833,0.0,0.0195,0.0,-0.0195,0.378649,0.925541,1
8730,1.5,0.0,0.0213,0.0,-0.0213,0.382683,0.92388,1
8731,1.5167,0.0,0.0178,0.0,-0.0178,0.386711,0.922201,1
8732,1.5333,0.0,0.0209,0.0,-0.0209,0.390731,0.920505,1
8733,1.55,0.0,0.0236,0.0,-0.0236,0.394744,0.918791,1
8734,1.5667,0.0,0.0268,0.0,-0.0268,0.398749,0.91706,1
8735,1.5833,0.0,0.0181,0.0,-0.0181,0.402747,0.915311,1
8736,1.6,0.0,0.023,0.0,-0.023,0.406737,0.913545,1
8737,1.6167,0.0,0.0191,0.0,-0.0191,0.410719,0.911762,1
8738,1.6333,0.0,0.0218,0.0,-0.0218,0.414693,0.909961,1
8739,1.65,0.0,0.0217,0.0,-0.0217,0.41866,0.908143,1
8740,1.6667,0.0,0.0225,0.0,-0.0225,0.422618,0.906308,1
8741,1.6833,0.0,0.0247,0.0,-0.0247,0.426569,0.904455,1
8742,1.7,0.0,0.02,0.0,-0.02,0.430511,0.902585,1
8743,1.7167,0.0,0.0213,0.0,-0.0213,0.434445,0.900698,1
8744,1.7333,0.0,0.0232,0.0,-0.0232,0.438371,0.898794,1
8745,1.75,0.0,0.0216,0.0,-0.0216,0.442289,0.896873,1
8746,1.7667,0.0,0.0243,0.0,-0.0243,0.446198,0.894934,1
8747,1.7833,0.0,0.0214,0.0,-0.0214,0.450098,0.892979,1
8748,1.8,0.0,0.0216,0.0,-0.0216,0.45399,0.891007,1
8749,1.8167,0.0,0.0196,0.0,-0.0196,0.457874,0.889017,1
8750,1.8333,0.0,0.0224,0.0,-0.0224,0.461749,0.887011,1
8751,1.85,0.0,0.0225,0.0,-0.0225,0.465615,0.884988,1
8752,1.8667,0.0,0.0227,0.0,-0.0227,0.469472,0.882948,1
8753,1.8833,0.0,0.0224,0.0,-0.0224,0.47332,0.880891,1
8754,1.9,0.0,0.0237,0.0,-0.0237,0.477159,0.878817,1
8755,1.9167,0.0,0.0212,0.0,-0.0212,0.480989,0.876727,1
8756,1.9333,0.0,0.0158,0.0,-0.0158,0.48481,0.87462,1
8757,1.95,0.0,0.0195,0.0,-0.0195,0.488621,0.872496,1
8758,1.9667,0.0,0.0195,0.0,-0.0195,0.492424,0.870356,1
8759,1.9833,0.0,0.0249,0.0,-0.0249,0.496217,0.868199,1
8760,2.0,0.0,0.0236,0.0,-0.0236,0.5,0.866025,1
8761,2.0167,0.0,0.0208,0.0,-0.0208,0.503774,0.863836,1
8762,2.0333,0.0,0.0213,0.0,-0.0213,0.507538,0.861629,1
8763,2.05,0.0,0.0204,0.0,-0.0204,0.511293,0.859406,1
8764,2.0667,0.0,0.0232,0.0,-0.0232,0.515038,0.857167,1
8765,2.0833,0.0,0.021,0.0,-0.021,0.518773,0.854912,1
8766,2.1,0.0,0.02,0.0,-0.02,0.522499,0.85264,1
8767,2.1167,0.0,0.0246,0.0,-0.0246,0.526214,0.850352,1
8768,2.1333,0.0,0.0198,0.0,-0.0198,0.529919,0.848048,1
8769,2.15,0.0,0.0237,0.0,-0.0237,0.533615,0.845728,1
8770,2.1667,0.0,0.0247,0.0,-0.0247,0.5373,0.843391,1
8771,2.1833,0.0,0.0231,0.0,-0.0231,0.540974,0.841039,1
8772,2.2,0.0,0.0192,0.0,-0.0192,0.544639,0.838671,1
8773,2.2167,0.0,0.0181,0.0,-0.0181,0.548293,0.836286,1
8774,2.2333,0.0,0.0206,0.0,-0.0206,0.551937,0.833886,1
8775,2.25,0.0,0.0176,0.0,-0.0176,0.55557,0.83147,1
8776,2.2667,0.0,0.0205,0.0,-0.0205,0.559193,0.829038,1
8777,2.2833,0.0,0.0209,0.0,-0.0209,0.562805,0.82659,1
8778,2.3,0.0,0.0199,0.0,-0.0199,0.566406,0.824126,1
8779,2.3167,0.0,0.0225,0.0,-0.0225,0.569997,0.821647,1
8780,2.3333,0.0,0.0174,0.0,-0.0174,0.573576,0.819152,1
8781,2.35,0.0,0.0213,0.0,-0.0213,0.577145,0.816642,1
8782,2.3667,0.0,0.0217,0.0,-0.0217,0.580703,0.814116,1
8783,2.3833,0.0,0.0248,0.0,-0.0248,0.58425,0.811574,1
8784,2.4,0.0,0.0211,0.0,-0.0211,0.587785,0.809017,1
8785,2.4167,0.0,0.0176,0.0,-0.0176,0.59131,0.806445,1
8786,2.4333,0.0,0.024,0.0,-0.024,0.594823,0.803857,1
8787,2.45,0.0,0.0258,0.0,-0.0258,0.598325,0.801254,1
8788,2.4667,0.0,0.0222,0.0,-0.0222,0.601815,0.798636,1
8789,2.4833,0.0,0.0242,0.0,-0.0242,0.605294,0.796002,1
8790,2.5,0.0,0.0225,0.0,-0.0225,0.608761,0.793353,1
8791,2.5167,0.0,0.0183,0.0,-0.0183,0.612217,0.79069,1
8792,2.5333,0.0,0.0209,0.0,-0.0209,0.615661,0.788011,1
8793,2.55,0.0,0.0242,0.0,-0.0242,0.619094,0.785317,1
8794,2.5667,0.0,0.0221,0.0,-0.0221,0.622515,0.782608,1
8795,2.5833,0.0,0.0158,0.0,-0.0158,0.625923,0.779884,1
8796,2.6,0.0,0.0239,0.0,-0.0239,0.62932,0.777146,1
8797,2.6167,0.0,0.0203,0.0,-0.0203,0.632705,0.774393,1
8798,2.6333,0.0,0.0173,0.0,-0.0173,0.636078,0.771625,1
8799,2.65,0.0,0.025,0.0,-0.025,0.639439,0.768842,1
8800,2.6667,0.0,0.0225,0.0,-0.0225,0.642788,0.766044,1
8801,2.6833,0.0,0.0231,0.0,-0.0231,0.646124,0.763232,1
8802,2.7,0.0,0.0223,0.0,-0.0223,0.649448,0.760406,1
8803,2.7167,0.0,0.0198,0.0,-0.0198,0.65276,0.757565,1
8804,2.7333,0.0,0.0238,0.0,-0.0238,0.656059,0.75471,1
8805,2.75,0.0,0.0227,0.0,-0.0227,0.659346,0.75184,1
8806,2.7667,0.0,0.0244,0.0,-0.0244,0.66262,0.748956,1
8807,2.7833,0.0,0.02,0.0,-0.02,0.665882,0.746057,1
8808,2.8,0.0,0.0249,0.0,-0.0249,0.669131,0.743145,1
8809,2.8167,0.0,0.0215,0.0,-0.0215,0.672367,0.740218,1
8810,2.8333,0.0,0.0257,0.0,-0.0257,0.67559,0.737277,1
8811,2.85,0.0,0.0225,0.0,-0.0225,0.678801,0.734323,1
8812,2.8667,0.0,0.023,0.0,-0.023,0.681998,0.731354,1
8813,2.8833,0.0,0.0189,0.0,-0.0189,0.685183,0.728371,1
8814,2.9,0.0,0.0206,0.0,-0.0206,0.688355,0.725374,1
8815,2.9167,0.0,0.0189,0.0,-0.0189,0.691513,0.722364,1
8816,2.9333,0.0,0.0232,0.0,-0.0232,0.694658,0.71934,1
8817,2.95,0.0,0.0205,0.0,-0.0205,0.69779,0.716302,1
8818,2.9667,0.0,0.0231,0.0,-0.0231,0.700909,0.71325,1
8819,2.9833,0.0,0.0178,0.0,-0.0178,0.704015,0.710185,1
8820,3.0,0.0,0.0272,0.0,-0.0272,0.707107,0.707107,1
8821,3.0167,0.0,0.0198,0.0,-0.0198,0.710185,0.704015,1
8822,3.0333,0.0,0.0217,0.0,-0.0217,0.71325,0.700909,1
8823,3.05,0.0,0.0228,0.0,-0.0228,0.716302,0.69779,1
8824,3.0667,0.0,0.0204,0.0,-0.0204,0.71934,0.694658,1
8825,3.0833,0.0,0.0209,0.0,-0.0209,0.722364,0.691513,1
8826,3.1,0.0,0.0207,0.0,-0.0207,0.725374,0.688355,1
8827,3.1167,0.0,0.0255,0.0,-0.0255,0.728371,0.685183,1
8828,3.1333,0.0,0.0229,0.0,-0.0229,0.731354,0.681998,1
8829,3.15,0.0,0.0194,0.0,-0.0194,0.734323,0.678801,1
8830,3.1667,0.0,0.0209,0.0,-0.0209,0.737277,0.67559,1
8831,3.1833,0.0,0.0229,0.0,-0.0229,0.740218,0.672367,1
8832,3.2,0.0,0.0181,0.0,-0.0181,0.743145,0.669131,1
8833,3.2167,0.0,0.021,0.0,-0.021,0.746057,0.665882,1
8834,3.2333,0.0,0.0204,0.0,-0.0204,0.748956,0.66262,1
8835,3.25,0.0,0.0206,0.0,-0.0206,0.75184,0.659346,1
8836,3.2667,0.0,0.0254,0.0,-0.0254,0.75471,0.656059,1
8837,3.2833,0.0,0.0205,0.0,-0.0205,0.757565,0.65276,1
8838,3.3,0.0,0.0222,0.0,-0.0222,0.760406,0.649448,1
8839,3.3167,0.0,0.0197,0.0,-0.0197,0.763232,0.646124,1
8840,3.3333,0.0,0.0219,0.0,-0.0219,0.766044,0.642788,1
8841,3.35,0.0,0.0201,0.0,-0.0201,0.768842,0.639439,1
8842,3.3667,0.0,0.0187,0.0,-0.0187,0.771625,0.636078,1
8843,3.3833,0.0,0.0214,0.0,-0.0214,0.774393,0.632705,1
8844,3.4,0.0,0.0217,0.0,-0.0217,0.777146,0.62932,1
8845,3.4167,0.0,0.0235,0.0,-0.0235,0.779884,0.625923,1
8846,3.4333,0.0,0.0234,0.0,-0.0234,0.782608,0.622515,1
8847,3.45,0.0,0.0208,0.0,-0.0208,0.785317,0.619094,1
8848,3.4667,0.0,0.0181,0.0,-0.0181,0.788011,0.615661,1
8849,3.4833,0.0,0.0243,0.0,-0.0243,0.79069,0.612217,1
8850,3.5,0.0,0.0221,0.0,-0.0221,0.793353,0.608761,1
8851,3.5167,0.0,0.0171,0.0,-0.0171,0.796002,0.605294,1
8852,3.5333,0.0,0.0237,0.0,-0.0237,0.798636,0.601815,1
8853,3.55,0.0,0.0235,0.0,-0.0235,0.801254,0.598325,1
8854,3.5667,0.0,0.0215,0.0,-0.0215,0.803857,0.594823,1
8855,3.5833,0.0,0.0237,0.0,-0.0237,0.806445,0.59131,1
8856,3.6,0.0,0.0222,0.0,-0.0222,0.809017,0.587785,1
8857,3.6167,0.0,0.0204,0.0,-0.0204,0.811574,0.58425,1
8858,3.6333,0.0,0.0224,0.0,-0.0224,0.814116,0.580703,1
8859,3.65,0.0,0.0204,0.0,-0.0204,0.816642,0.577145,1
8860,3.6667,0.0,0.0217,0.0,-0.0217,0.819152,0.573576,1
8861,3.6833,0.0,0.0215,0.0,-0.0215,0.821647,0.569997,1
8862,3.7,0.0,0.0215,0.0,-0.0215,0.824126,0.566406,1
8863,3.7167,0.0,0.0233,0.0,-0.0233,0.82659,0.562805,1
8864,3.7333,0.0,0.0244,0.0,-0.0244,0.829038,0.559193,1
8865,3.75,0.0,0.0237,0.0,-0.0237,0.83147,0.55557,1
8866,3.7667,0.0,0.0188,0.0,-0.0188,0.833886,0.551937,1
8867,3.7833,0.0,0.0179,0.0,-0.0179,0.836286,0.548293,1
8868,3.8,0.0,0.0243,0.0,-0.0243,0.838671,0.544639,1
8869,3.8167,0.0,0.0217,0.0,-0.0217,0.841039,0.540974,1
8870,3.8333,0.0,0.0249,0.0,-0.0249,0.843391,0.5373,1
8871,3.85,0.0,0.0223,0.0,-0.0223,0.845728,0.533615,1
8872,3.8667,0.0,0.0247,0.0,-0.0247,0.848048,0.529919,1
8873,3.8833,0.0,0.0197,0.0,-0.0197,0.850352,0.526214,1
8874,3.9,0.0,0.0217,0.0,-0.0217,0.85264,0.522499,1
8875,3.9167,0.0,0.0213,0.0,-0.0213,0.854912,0.518773,1
8876,3.9333,0.0,0.0239,0.0,-0.0239,0.857167,0.515038,1
8877,3.95,0.0,0.0181,0.0,-0.0181,0.859406,0.511293,1
8878,3.9667,0.0,0.0157,0.0,-0.0157,0.861629,0.507538,1
8879,3.9833,0.0,0.0203,0.0,-0.0203,0.863836,0.503774,1
8880,4.0,0.0,0.0211,0.0,-0.0211,0.866025,0.5,1
8881,4.0167,0.0,0.0237,0.0,-0.0237,0.868199,0.496217,1
8882,4.0333,0.0,0.0225,0.0,-0.0225,0.870356,0.492424,1
8883,4.05,0.0,0.0254,0.0,-0.0254,0.872496,0.488621,1
8884,4.0667,0.0,0.0232,0.0,-0.0232,0.87462,0.48481,1
8885,4.0833,0.0,0.0223,0.0,-0.0223,0.876727,0.480989,1
8886,4.1,0.0,0.0206,0.0,-0.0206,0.878817,0.477159,1
8887,4.1167,0.0,0.022,0.0,-0.022,0.880891,0.47332,1
8888,4.1333,0.0,0.0218,0.0,-0.0218,0.882948,0.469472,1
8889,4.15,0.0,0.0226,0.0,-0.0226,0.884988,0.465615,1
8890,4.1667,0.0,0.0224,0.0,-0.0224,0.887011,0.461749,1
8891,4.1833,0.0,0.0194,0.0,-0.0194,0.889017,0.457874,1
8892,4.2,0.0,0.0197,0.0,-0.0197,0.891007,0.45399,1
8893,4.2167,0.0,0.0228,0.0,-0.0228,0.892979,0.450098,1
8894,4.2333,0.0,0.0204,0.0,-0.0204,0.894934,0.446198,1
8895,4.25,0.0,0.0194,0.0,-0.0194,0.896873,0.442289,1
8896,4.2667,0.0,0.0208,0.0,-0.0208,0.898794,0.438371,1
8897,4.2833,0.0,0.0211,0.0,-0.0211,0.900698,0.434445,1
8898,4.3,0.0,0.0216,0.0,-0.0216,0.902585,0.430511,1
8899,4.3167,0.0,0.0213,0.0,-0.0213,0.904455,0.426569,1
8900,4.3333,0.0,0.0199,0.0,-0.0199,0.906308,0.422618,1
8901,4.35,0.0,0.0228,0.0,-0.0228,0.908143,0.41866,1
8902,4.3667,0.0,0.0244,0.0,-0.0244,0.909961,0.414693,1
8903,4.3833,0.0,0.0204,0.0,-0.0204,0.911762,0.410719,1
8904,4.4,0.0,0.0201,0.0,-0.0201,0.913545,0.406737,1
8905,4.4167,0.0,0.0239,0.0,-0.0239,0.915311,0.402747,1
8906,4.4333,0.0,0.0215,0.0,-0.0215,0.91706,0.398749,1
8907,4.45,0.0,0.0237,0.0,-0.0237,0.918791,0.394744,1
8908,4.4667,0.0,0.0235,0.0,-0.0235,0.920505,0.390731,1
8909,4.4833,0.0,0.0182,0.0,-0.0182,0.922201,0.386711,1
8910,4.5,0.0,0.0181,0.0,-0.0181,0.92388,0.382683,1
8911,4.5167,0.0,0.0192,0.0,-0.0192,0.925541,0.378649,1
8912,4.5333,0.0,0.0178,0.0,-0.0178,0.927184,0.374607,1
8913,4.55,0.0,0.0221,0.0,-0.0221,0.92881,0.370557,1
8914,4.5667,0.0,0.022,0.0,-0.022,0.930418,0.366501,1
8915,4.5833,0.0,0.023,0.0,-0.023,0.932008,0.362438,1
8916,4.6,0.0,0.0192,0.0,-0.0192,0.93358,0.358368,1
8917,4.6167,0.0,0.0214,0.0,-0.0214,0.935135,0.354291,1
8918,4.6333,0.0,0.0222,0.0,-0.0222,0.936672,0.350207,1
8919,4.65,0.0,0.0198,0.0,-0.0198,0.938191,0.346117,1
8920,4.6667,0.0,0.0233,0.0,-0.0233,0.939693,0.34202,1
8921,4.6833,0.0,0.0216,0.0,-0.0216,0.941176,0.337917,1
8922,4.7,0.0,0.0227,0.0,-0.0227,0.942641,0.333807,1
8923,4.7167,0.0,0.0249,0.0,-0.0249,0.944089,0.329691,1
8924,4.7333,0.0,0.0215,0.0,-0.0215,0.945519,0.325568,1
8925,4.75,0.0,0.0189,0.0,-0.0189,0.94693,0.321439,1
8926,4.7667,0.0,0.0235,0.0,-0.0235,0.948324,0.317305,1
8927,4.7833,0.0,0.0185,0.0,-0.0185,0.949699,0.313164,1
8928,4.8,0.0,0.0202,0.0,-0.0202,0.951057,0.309017,1
8929,4.8167,0.0,0.0226,0.0,-0.0226,0.952396,0.304864,1
8930,4.8333,0.0,0.0257,0.0,-0.0257,0.953717,0.300706,1
8931,4.85,0.0,0.024,0.0,-0.024,0.95502,0.296542,1
8932,4.8667,0.0,0.0231,0.0,-0.0231,0.956305,0.292372,1
8933,4.8833,0.0,0.023,0.0,-0.023,0.957571,0.288196,1
8934,4.9,0.0,0.0207,0.0,-0.0207,0.95882,0.284015,1
8935,4.9167,0.0,0.0234,0.0,-0.0234,0.96005,0.279829,1
8936,4.9333,0.0,0.0224,0.0,-0.0224,0.961262,0.275637,1
8937,4.95,0.0,0.0212,0.0,-0.0212,0.962455,0.27144,1
8938,4.9667,0.0,0.0211,0.0,-0.0211,0.96363,0.267238,1
8939,4.9833,0.0,0.0177,0.0,-0.0177,0.964787,0.263031,1
8940,5.0,0.0,0.0251,0.0,-0.0251,0.965926,0.258819,1
8941,5.0167,0.0,0.0205,0.0,-0.0205,0.967046,0.254602,1
8942,5.0333,0.0,0.0224,0.0,-0.0224,0.968148,0.25038,1
8943,5.05,0.0,0.0213,0.0,-0.0213,0.969231,0.246153,1
8944,5.0667,0.0,0.0186,0.0,-0.0186,0.970296,0.241922,1
8945,5.0833,0.0,0.0221,0.0,-0.0221,0.971342,0.237686,1
8946,5.1,0.0,0.0216,0.0,-0.0216,0.97237,0.233445,1
8947,5.1167,0.0,0.0202,0.0,-0.0202,0.973379,0.2292,1
8948,5.1333,0.0,0.0229,0.0,-0.0229,0.97437,0.224951,1
8949,5.15,0.0,0.0228,0.0,-0.0228,0.975342,0.220697,1
8950,5.1667,0.0,0.0253,0.0,-0.0253,0.976296,0.21644,1
8951,5.1833,0.0,0.0216,0.0,-0.0216,0.977231,0.212178,1
8952,5.2,0.0,0.0233,0.0,-0.0233,0.978148,0.207912,1
8953,5.2167,0.0,0.0176,0.0,-0.0176,0.979045,0.203642,1
8954,5.2333,0.0,0.0236,0.0,-0.0236,0.979925,0.199368,1
8955,5.25,0.0,0.0212,0.0,-0.0212,0.980785,0.19509,1
8956,5.2667,0.0,0.022,0.0,-0.022,0.981627,0.190809,1
8957,5.2833,0.0,0.0204,0.0,-0.0204,0.98245,0.186524,1
8958,5.3,0.0,0.0222,0.0,-0.0222,0.983255,0.182236,1
8959,5.3167,0.0,0.0209,0.0,-0.0209,0.984041,0.177944,1
8960,5.3333,0.0,0.0194,0.0,-0.0194,0.984808,0.173648,1
8961,5.35,0.0,0.0224,0.0,-0.0224,0.985556,0.16935,1
8962,5.3667,0.0,0.0196,0.0,-0.0196,0.986286,0.165048,1
8963,5.3833,0.0,0.024,0.0,-0.024,0.986996,0.160743,1
8964,5.4,0.0,0.0206,0.0,-0.0206,0.987688,0.156434,1
8965,5.4167,0.0,0.0216,0.0,-0.0216,0.988362,0.152123,1
8966,5.4333,0.0,0.0209,0.0,-0.0209,0.989016,0.147809,1
8967,5.45,0.0,0.0255,0.0,-0.0255,0.989651,0.143493,1
8968,5.4667,0.0,0.0196,0.0,-0.0196,0.990268,0.139173,1
8969,5.4833,0.0,0.0232,0.0,-0.0232,0.990866,0.134851,1
8970,5.5,0.0,0.0252,0.0,-0.0252,0.991445,0.130526,1
8971,5.5167,0.0,0.0173,0.0,-0.0173,0.992005,0.126199,1
8972,5.5333,0.0,0.0267,0.0,-0.0267,0.992546,0.121869,1
8973,5.55,0.0,0.0188,0.0,-0.0188,0.993068,0.117537,1
8974,5.5667,0.0,0.0227,0.0,-0.0227,0.993572,0.113203,1
8975,5.5833,0.0,0.0214,0.0,-0.0214,0.994056,0.108867,1
8976,5.6,0.0,0.022,0.0,-0.022,0.994522,0.104528,1
8977,5.6167,0.0,0.0217,0.0,-0.0217,0.994969,0.100188,1
8978,5.6333,0.0,0.0222,0.0,-0.0222,0.995396,0.095846,1
8979,5.65,0.0,0.0189,0.0,-0.0189,0.995805,0.091502,1
8980,5.6667,0.0,0.0246,0.0,-0.0246,0.996195,0.087156,1
8981,5.6833,0.0,0.0206,0.0,-0.0206,0.996566,0.082808,1
8982,5.7,0.0,0.022,0.0,-0.022,0.996917,0.078459,1
8983,5.7167,0.0,0.0214,0.0,-0.0214,0.99725,0.074108,1
8984,5.7333,0.0,0.0211,0.0,-0.0211,0.997564,0.069756,1
8985,5.75,0.0,0.0193,0.0,-0.0193,0.997859,0.065403,1
8986,5.7667,0.0,0.0232,0.0,-0.0232,0.998135,0.061049,1
8987,5.7833,0.0,0.0207,0.0,-0.0207,0.998392,0.056693,1
8988,5.8,0.0,0.021,0.0,-0.021,0.99863,0.052336,1
8989,5.8167,0.0,0.021,0.0,-0.021,0.998848,0.047978,1
8990,5.8333,0.0,0.0222,0.0,-0.0222,0.999048,0.043619,1
8991,5.85,0.0,0.0211,0.0,-0.0211,0.999229,0.03926,1
8992,5.8667,0.0,0.0198,0.0,-0.0198,0.999391,0.034899,1
8993,5.8833,0.0,0.0226,0.0,-0.0226,0.999534,0.030539,1
8994,5.9,0.0,0.0223,0.0,-0.0223,0.999657,0.026177,1
8995,5.9167,0.0,0.0242,0.0,-0.0242,0.999762,0.021815,1
8996,5.9333,0.0,0.0235,0.0,-0.0235,0.999848,0.017452,1
8997,5.95,0.0,0.0205,0.0,-0.0205,0.999914,0.01309,1
8998,5.9667,0.0,0.0217,0.0,-0.0217,0.999962,0.008727,1
8999,5.9833,0.0,0.0196,0.0,-0.0196,0.99999,0.004363,1
9000,6.0,0.0,0.0353,0.0,-0.0353,1.0,0.0,1
9001,6.0167,0.0,0.0408,0.0,-0.0408,0.99999,-0.004363,1
9002,6.0333,0.0063,0.0413,0.0,-0.035,0.999962,-0.008727,1
9003,6.05,0.000167,0.0395,0.0,-0.039333,0.999914,-0.01309,1
9004,6.0667,0.00105,0.0395,0.0,-0.03845,0.999848,-0.017452,1
9005,6.0833,0.0,0.0398,0.0,-0.0398,0.999762,-0.021815,1
9006,6.1,0.0,0.0412,0.0,-0.0412,0.999657,-0.026177,1
9007,6.1167,0.0021,0.0451,0.0,-0.043,0.999534,-0.030539,1
9008,6.1333,0.003567,0.0405,0.0,-0.036933,0.999391,-0.034899,1
9009,6.15,0.007817,0.0413,0.0,-0.033483,0.999229,-0.03926,1
9010,6.1667,0.0018,0.0427,0.0,-0.0409,0.999048,-0.043619,1
9011,6.1833,0.006667,0.0408,0.0,-0.034133,0.998848,-0.047978,1
9012,6.2,0.004067,0.0389,0.0,-0.034833,0.99863,-0.052336,1
9013,6.2167,0.003,0.0416,0.0,-0.0386,0.998392,-0.056693,1
9014,6.2333,0.005717,0.0381,0.0,-0.032383,0.998135,-0.061049,1
9015,6.25,0.006917,0.0408,0.0,-0.033883,0.997859,-0.065403,1
9016,6.2667,0.00185,0.042,0.0,-0.04015,0.997564,-0.069756,1
9017,6.2833,0.005833,0.0376,0.0,-0.031767,0.99725,-0.074108,1
9018,6.3,0.005617,0.0379,0.0,-0.032283,0.996917,-0.078459,1
9019,6.3167,0.009483,0.0409,0.0,-0.031417,0.996566,-0.082808,1
9020,6.3333,0.0052,0.0381,0.0,-0.0329,0.996195,-0.087156,1
9021,6.35,0.0135,0.0384,0.0,-0.0249,0.995805,-0.091502,1
9022,6.3667,0.0107,0.0427,0.0,-0.032,0.995396,-0.095846,1
9023,6.3833,0.008983,0.0428,0.0,-0.033817,0.994969,-0.100188,1
9024,6.4,0.0092,0.0403,0.0,-0.0311,0.994522,-0.104528,1
9025,6.4167,0.0059,0.043,0.0,-0.0371,0.994056,-0.108867,1
9026,6.4333,0.00895,0.0395,0.0,-0.03055,0.993572,-0.113203,1
9027,6.45,0.007667,0.0405,0.0,-0.032833,0.993068,-0.117537,1
9028,6.4667,0.011167,0.0391,0.0,-0.027933,0.992546,-0.121869,1
9029,6.4833,0.01145,0.0404,0.0,-0.02895,0.992005,-0.126199,1
9030,6.5,0.010417,0.0412,0.0,-0.030783,0.991445,-0.130526,1
9031,6.5167,0.012783,0.0409,0.0,-0.028117,0.990866,-0.134851,1
9032,6.5333,0.010817,0.04,0.0,-0.029183,0.990268,-0.139173,1
9033,6.55,0.009067,0.0421,0.0,-0.033033,0.989651,-0.143493,1
9034,6.5667,0.009167,0.0379,0.0,-0.028733,0.989016,-0.147809,1
9035,6.5833,0.00735,0.0413,0.0,-0.03395,0.988362,-0.152123,1
9036,6.6,0.01385,0.0413,0.0,-0.02745,0.987688,-0.156434,1
9037,6.6167,0.013317,0.0434,0.0,-0.030083,0.986996,-0.160743,1
9038,6.6333,0.0103,0.0416,0.0,-0.0313,0.986286,-0.165048,1
9039,6.65,0.013683,0.0417,0.0,-0.028017,0.985556,-0.16935,1
9040,6.6667,0.014233,0.0391,0.0,-0.024867,0.984808,-0.173648,1
9041,6.6833,0.010433,0.0403,0.0,-0.029867,0.984041,-0.177944,1
9042,6.7,0.013883,0.0381,0.0,-0.024217,0.983255,-0.182236,1
9043,6.7167,0.016083,0.0418,0.0,-0.025717,0.98245,-0.186524,1
9044,6.7333,0.01845,0.0412,0.0,-0.02275,0.981627,-0.190809,1
9045,6.75,0.012733,0.039,0.0,-0.026267,0.980785,-0.19509,1
9046,6.7667,0.01285,0.0375,0.0,-0.02465,0.979925,-0.199368,1
9047,6.7833,0.017067,0.0395,0.0,-0.022433,0.979045,-0.203642,1
9048,6.8,0.017183,0.0362,0.0,-0.019017,0.978148,-0.207912,1
9049,6.8167,0.018933,0.0394,0.0,-0.020467,0.977231,-0.212178,1
9050,6.8333,0.016617,0.0414,0.0,-0.024783,0.976296,-0.21644,1
9051,6.85,0.022733,0.0391,0.0,-0.016367,0.975342,-0.220697,1
9052,6.8667,0.016217,0.0434,0.0,-0.027183,0.97437,-0.224951,1
9053,6.8833,0.01755,0.0401,0.0,-0.02255,0.973379,-0.2292,1
9054,6.9,0.018533,0.0401,0.0,-0.021567,0.97237,-0.233445,1
9055,6.9167,0.020417,0.0407,0.0,-0.020283,0.971342,-0.237686,1
9056,6.9333,0.015633,0.0418,0.0,-0.026167,0.970296,-0.241922,1
9057,6.95,0.021283,0.0396,0.0,-0.018317,0.969231,-0.246153,1
9058,6.9667,0.01815,0.0384,0.0,-0.02025,0.968148,-0.25038,1
9059,6.9833,0.018383,0.0428,0.0,-0.024417,0.967046,-0.254602,1
9060,7.0,0.021,0.0693,0.0,-0.0483,0.965926,-0.258819,1
9061,7.0167,0.017267,0.0735,0.0,-0.056233,0.964787,-0.263031,1
9062,7.0333,0.023733,0.0705,0.0,-0.046767,0.96363,-0.267238,1
9063,7.05,0.023367,0.0707,0.0,-0.047333,0.962455,-0.27144,1
9064,7.0667,0.024783,0.0746,0.0,-0.049817,0.961262,-0.275637,1
9065,7.0833,0.023317,0.0709,0.0,-0.047583,0.96005,-0.279829,1
9066,7.1,0.01945,0.0697,0.0,-0.05025,0.95882,-0.284015,1
9067,7.1167,0.015017,0.0734,0.0,-0.058383,0.957571,-0.288196,1
9068,7.1333,0.0216,0.0737,0.0,-0.0521,0.956305,-0.292372,1
9069,7.15,0.025483,0.0686,0.0,-0.043117,0.95502,-0.296542,1
9070,7.1667,0.0206,0.0701,0.0,-0.0495,0.953717,-0.300706,1
9071,7.1833,0.021733,0.0725,0.0,-0.050767,0.952396,-0.304864,1
9072,7.2,0.027183,0.0701,0.0,-0.042917,0.951057,-0.309017,1
9073,7.2167,0.023833,0.0726,0.0,-0.048767,0.949699,-0.313164,1
9074,7.2333,0.021033,0.0694,0.0,-0.048367,0.948324,-0.317305,1
9075,7.25,0.023683,0.0731,0.0,-0.049417,0.94693,-0.321439,1
9076,7.2667,0.023233,0.0724,0.0,-0.049167,0.945519,-0.325568,1
9077,7.2833,0.026917,0.0712,0.0,-0.044283,0.944089,-0.329691,1
9078,7.3,0.024117,0.0692,0.0,-0.045083,0.942641,-0.333807,1
9079,7.3167,0.028067,0.0706,0.0,-0.042533,0.941176,-0.337917,1
9080,7.3333,0.029067,0.0758,0.0,-0.046733,0.939693,-0.34202,1
9081,7.35,0.028917,0.071,0.0,-0.042083,0.938191,-0.346117,1
9082,7.3667,0.027483,0.0729,0.0,-0.045417,0.936672,-0.350207,1
9083,7.3833,0.030367,0.0709,0.0,-0.040533,0.935135,-0.354291,1
9084,7.4,0.0247,0.0747,0.0,-0.05,0.93358,-0.358368,1
9085,7.4167,0.024317,0.0713,0.0,-0.046983,0.932008,-0.362438,1
9086,7.4333,0.0309,0.0697,0.0,-0.0388,0.930418,-0.366501,1
9087,7.45,0.03265,0.071,0.0,-0.03835,0.92881,-0.370557,1
9088,7.4667,0.030417,0.0734,0.0,-0.042983,0.927184,-0.374607,1
9089,7.4833,0.0318,0.07,0.0,-0.0382,0.925541,-0.378649,1
9090,7.5,0.031217,0.0751,0.0,-0.043883,0.92388,-0.382683,1
9091,7.5167,0.029217,0.0711,0.0,-0.041883,0.922201,-0.386711,1
9092,7.5333,0.033467,0.07,0.0,-0.036533,0.920505,-0.390731,1
9093,7.55,0.029467,0.0743,0.0,-0.044833,0.918791,-0.394744,1
9094,7.5667,0.0354,0.0712,0.0,-0.0358,0.91706,-0.398749,1
9095,7.5833,0.034517,0.0708,0.0,-0.036283,0.915311,-0.402747,1
9096,7.6,0.036383,0.0754,0.0,-0.039017,0.913545,-0.406737,1
9097,7.6167,0.033283,0.0723,0.0,-0.039017,0.911762,-0.410719,1
9098,7.6333,0.035833,0.0756,0.0,-0.039767,0.909961,-0.414693,1
9099,7.65,0.0366,0.0728,0.0,-0.0362,0.908143,-0.41866,1
9100,7.6667,0.033883,0.0717,0.0,-0.037817,0.906308,-0.422618,1
9101,7.6833,0.032967,0.0727,0.0,-0.039733,0.904455,-0.426569,1
9102,7.7,0.0308,0.0705,0.0,-0.0397,0.902585,-0.430511,1
9103,7.7167,0.035233,0.072,0.0,-0.036767,0.900698,-0.434445,1
9104,7.7333,0.0378,0.0712,0.0,-0.0334,0.898794,-0.438371,1
9105,7.75,0.03575,0.0718,0.0,-0.03605,0.896873,-0.442289,1
9106,7.7667,0.036633,0.0738,0.0,-0.037167,0.894934,-0.446198,1
9107,7.7833,0.03975,0.073,0.0,-0.03325,0.892979,-0.450098,1
9108,7.8,0.037733,0.0712,0.0,-0.033467,0.891007,-0.45399,1
9109,7.8167,0.038667,0.0709,0.0,-0.032233,0.889017,-0.457874,1
9110,7.8333,0.037867,0.0715,0.0,-0.033633,0.887011,-0.461749,1
9111,7.85,0.037333,0.0739,0.0,-0.036567,0.884988,-0.465615,1
9112,7.8667,0.03845,0.0684,0.0,-0.02995,0.882948,-0.469472,1
9113,7.8833,0.038,0.0713,0.0,-0.0333,0.880891,-0.47332,1
9114,7.9,0.03465,0.0711,0.0,-0.03645,0.878817,-0.477159,1
9115,7.9167,0.0331,0.0735,0.0,-0.0404,0.876727,-0.480989,1
9116,7.9333,0.0387,0.0688,0.0,-0.0301,0.87462,-0.48481,1
9117,7.95,0.036667,0.0689,0.0,-0.032233,0.872496,-0.488621,1
9118,7.9667,0.034533,0.0725,0.0,-0.037967,0.870356,-0.492424,1
9119,7.9833,0.036317,0.0691,0.0,-0.032783,0.868199,-0.496217,1
9120,8.0,0.039367,0.0754,0.0,-0.036033,0.866025,-0.5,1
9121,8.0167,0.04075,0.0734,0.0,-0.03265,0.863836,-0.503774,1
9122,8.0333,0.04685,0.0732,0.0,-0.02635,0.861629,-0.507538,1
9123,8.05,0.038583,0.0727,0.0,-0.034117,0.859406,-0.511293,1
9124,8.0667,0.0434,0.0742,0.0,-0.0308,0.857167,-0.515038,1
9125,8.0833,0.042567,0.0769,0.0,-0.034333,0.854912,-0.518773,1
9126,8.1,0.0467,0.0745,0.0,-0.0278,0.85264,-0.522499,1
9127,8.1167,0.039983,0.0705,0.0,-0.030517,0.850352,-0.526214,1
9128,8.1333,0.038417,0.074,0.0,-0.035583,0.848048,-0.529919,1
9129,8.15,0.043533,0.073,0.0,-0.029467,0.845728,-0.533615,1
9130,8.1667,0.04405,0.068,0.0,-0.02395,0.843391,-0.5373,1
9131,8.1833,0.0463,0.0721,0.0,-0.0258,0.841039,-0.540974,1
9132,8.2,0.04785,0.0721,0.0,-0.02425,0.838671,-0.544639,1
9133,8.2167,0.0439,0.0715,0.0,-0.0276,0.836286,-0.548293,1
9134,8.2333,0.044567,0.0755,0.0,-0.030933,0.833886,-0.551937,1
9135,8.25,0.047017,0.0725,0.0,-0.025483,0.83147,-0.55557,1
9136,8.2667,0.04475,0.0701,0.0,-0.02535,0.829038,-0.559193,1
9137,8.2833,0.0443,0.0699,0.0,-0.0256,0.82659,-0.562805,1
9138,8.3,0.042583,0.0701,0.0,-0.027517,0.824126,-0.566406,1
9139,8.3167,0.043633,0.0739,0.0,-0.030267,0.821647,-0.569997,1
9140,8.3333,0.043533,0.0691,0.0,-0.025567,0.819152,-0.573576,1
9141,8.35,0.043417,0.0716,0.0,-0.028183,0.816642,-0.577145,1
9142,8.3667,0.049433,0.0723,0.0,-0.022867,0.814116,-0.580703,1
9143,8.3833,0.045367,0.0776,0.0,-0.032233,0.811574,-0.58425,1
9144,8.4,0.048717,0.072,0.0,-0.023283,0.809017,-0.587785,1
9145,8.4167,0.053383,0.072,0.0,-0.018617,0.806445,-0.59131,1
9146,8.4333,0.050717,0.0685,0.0,-0.017783,0.803857,-0.594823,1
9147,8.45,0.048867,0.0683,0.0,-0.019433,0.801254,-0.598325,1
9148,8.4667,0.047833,0.0734,0.0,-0.025567,0.798636,-0.601815,1
9149,8.4833,0.050317,0.0739,0.0,-0.023583,0.796002,-0.605294,1
9150,8.5,0.049983,0.07,0.0,-0.020017,0.793353,-0.608761,1
9151,8.5167,0.051617,0.0685,0.0,-0.016883,0.79069,-0.612217,1
9152,8.5333,0.046283,0.0703,0.0,-0.024017,0.788011,-0.615661,1
9153,8.55,0.049667,0.0715,0.0,-0.021833,0.785317,-0.619094,1
9154,8.5667,0.051817,0.0712,0.0,-0.019383,0.782608,-0.622515,1
9155,8.5833,0.051167,0.071,0.0,-0.019833,0.779884,-0.625923,1
9156,8.6,0.05245,0.0721,0.0,-0.01965,0.777146,-0.62932,1
9157,8.6167,0.051317,0.0724,0.0,-0.021083,0.774393,-0.632705,1
9158,8.6333,0.048233,0.0683,0.0,-0.020067,0.771625,-0.636078,1
9159,8.65,0.050733,0.0747,0.0,-0.023967,0.768842,-0.639439,1
9160,8.6667,0.056483,0.0752,0.0,-0.018717,0.766044,-0.642788,1
9161,8.6833,0.043733,0.0728,0.0,-0.029067,0.763232,-0.646124,1
9162,8.7,0.0513,0.0709,0.0,-0.0196,0.760406,-0.649448,1
9163,8.7167,0.056233,0.0731,0.0,-0.016867,0.757565,-0.65276,1
9164,8.7333,0.048933,0.0741,0.0,-0.025167,0.75471,-0.656059,1
9165,8.75,0.0466,0.073,0.0,-0.0264,0.75184,-0.659346,1
9166,8.7667,0.051867,0.0718,0.0,-0.019933,0.748956,-0.66262,1
9167,8.7833,0.055467,0.0712,0.0,-0.015733,0.746057,-0.665882,1
9168,8.8,0.055583,0.0703,0.0,-0.014717,0.743145,-0.669131,1
9169,8.8167,0.0561,0.0736,0.0,-0.0175,0.740218,-0.672367,1
9170,8.8333,0.051617,0.0751,0.0,-0.023483,0.737277,-0.67559,1
9171,8.85,0.054933,0.0717,0.0,-0.016767,0.734323,-0.678801,1
9172,8.8667,0.056233,0.0728,0.0,-0.016567,0.731354,-0.681998,1
9173,8.8833,0.055233,0.0708,0.0,-0.015567,0.728371,-0.685183,1
9174,8.9,0.054333,0.074,0.0,-0.019667,0.725374,-0.688355,1
9175,8.9167,0.058233,0.0707,0.0,-0.012467,0.722364,-0.691513,1
9176,8.9333,0.053733,0.0731,0.0,-0.019367,0.71934,-0.694658,1
9177,8.95,0.05905,0.07,0.0,-0.01095,0.716302,-0.69779,1
9178,8.9667,0.055317,0.0762,0.0,-0.020883,0.71325,-0.700909,1
9179,8.9833,0.053667,0.0706,0.0,-0.016933,0.710185,-0.704015,1
9180,9.0,0.054417,0.0431,0.0113,0.011317,0.707107,-0.707107,0
9181,9.0167,0.057233,0.0391,0.0294,0.018133,0.704015,-0.710185,0
9182,9.0333,0.058833,0.0389,0.0493,0.019933,0.700909,-0.71325,0
9183,9.05,0.0563,0.0372,0.0684,0.0191,0.69779,-0.716302,0
9184,9.0667,0.05755,0.0399,0.0861,0.01765,0.694658,-0.71934,0
9185,9.0833,0.062117,0.0425,0.1057,0.019617,0.691513,-0.722364,0
9186,9.1,0.0635,0.0423,0.1269,0.0212,0.688355,-0.725374,0
9187,9.1167,0.05825,0.0405,0.1447,0.01775,0.685183,-0.728371,0
9188,9.1333,0.0562,0.0398,0.1611,0.0164,0.681998,-0.731354,0
9189,9.15,0.06,0.04,0.1811,0.02,0.678801,-0.734323,0
9190,9.1667,0.0595,0.0428,0.1978,0.0167,0.67559,-0.737277,0
9191,9.1833,0.0612,0.04,0.219,0.0212,0.672367,-0.740218,0
9192,9.2,0.060667,0.0374,0.2423,0.023267,0.669131,-0.743145,0
9193,9.2167,0.056433,0.0422,0.2565,0.014233,0.665882,-0.746057,0
9194,9.2333,0.060383,0.0413,0.2756,0.019083,0.66262,-0.748956,0
9195,9.25,0.0647,0.0388,0.3015,0.0259,0.659346,-0.75184,0
9196,9.2667,0.058717,0.0437,0.3165,0.015017,0.656059,-0.75471,0
9197,9.2833,0.063017,0.0418,0.3377,0.021217,0.65276,-0.757565,0
9198,9.3,0.061333,0.0395,0.3595,0.021833,0.649448,-0.760406,0
9199,9.3167,0.06225,0.0418,0.3799,0.02045,0.646124,-0.763232,0
9200,9.3333,0.058883,0.0407,0.3981,0.018183,0.642788,-0.766044,0
9201,9.35,0.061917,0.0421,0.4179,0.019817,0.639439,-0.768842,0
9202,9.3667,0.061267,0.0388,0.4404,0.022467,0.636078,-0.771625,0
9203,9.3833,0.061217,0.0391,0.4625,0.022117,0.632705,-0.774393,0
9204,9.4,0.066717,0.0382,0.491,0.028517,0.62932,-0.777146,0
9205,9.4167,0.0633,0.0395,0.5148,0.0238,0.625923,-0.779884,0
9206,9.4333,0.0649,0.0412,0.5385,0.0237,0.622515,-0.782608,0
9207,9.45,0.0591,0.0383,0.5593,0.0208,0.619094,-0.785317,0
9208,9.4667,0.0627,0.0398,0.5822,0.0229,0.615661,-0.788011,0
9209,9.4833,0.058717,0.0378,0.6031,0.020917,0.612217,-0.79069,0
9210,9.5,0.062583,0.0388,0.6269,0.023783,0.608761,-0.793353,0
9211,9.5167,0.060933,0.0401,0.6477,0.020833,0.605294,-0.796002,0
9212,9.5333,0.068767,0.038,0.6785,0.030767,0.601815,-0.798636,0
9213,9.55,0.0684,0.042,0.7049,0.0264,0.598325,-0.801254,0
9214,9.5667,0.065367,0.0397,0.7306,0.025667,0.594823,-0.803857,0
9215,9.5833,0.06305,0.0414,0.7522,0.02165,0.59131,-0.806445,0
9216,9.6,0.062283,0.0413,0.7732,0.020983,0.587785,-0.809017,0
9217,9.6167,0.063617,0.0409,0.7959,0.022717,0.58425,-0.811574,0
9218,9.6333,0.064983,0.0402,0.8207,0.024783,0.580703,-0.814116,0
9219,9.65,0.066333,0.0359,0.8511,0.030433,0.577145,-0.816642,0
9220,9.6667,0.066,0.0398,0.8773,0.0262,0.573576,-0.819152,0
9221,9.6833,0.0682,0.0425,0.903,0.0257,0.569997,-0.821647,0
9222,9.7,0.065833,0.0349,0.9339,0.030933,0.566406,-0.824126,0
9223,9.7167,0.06505,0.0435,0.9555,0.02155,0.562805,-0.82659,0
9224,9.7333,0.064633,0.0394,0.9807,0.025233,0.559193,-0.829038,0
9225,9.75,0.064867,0.0336,1.012,0.031267,0.55557,-0.83147,0
9226,9.7667,0.0686,0.0384,1.0422,0.0302,0.551937,-0.833886,0
9227,9.7833,0.065717,0.0377,1.0702,0.028017,0.548293,-0.836286,0
9228,9.8,0.0684,0.0427,1.0959,0.0257,0.544639,-0.838671,0
9229,9.8167,0.064483,0.0389,1.1215,0.025583,0.540974,-0.841039,0
9230,9.8333,0.06955,0.0397,1.1513,0.02985,0.5373,-0.843391,0
9231,9.85,0.068567,0.0373,1.1826,0.031267,0.533615,-0.845728,0
9232,9.8667,0.067667,0.0376,1.2127,0.030067,0.529919,-0.848048,0
9233,9.8833,0.070067,0.0387,1.2441,0.031367,0.526214,-0.850352,0
9234,9.9,0.064967,0.0399,1.2692,0.025067,0.522499,-0.85264,0
9235,9.9167,0.068567,0.0367,1.3011,0.031867,0.518773,-0.854912,0
9236,9.9333,0.069417,0.0391,1.3314,0.030317,0.515038,-0.857167,0
9237,9.95,0.065967,0.0402,1.3572,0.025767,0.511293,-0.859406,0
9238,9.9667,0.072167,0.0377,1.3917,0.034467,0.507538,-0.861629,0
9239,9.9833,0.062333,0.0398,1.4142,0.022533,0.503774,-0.863836,0
9240,10.0,0.0704,0.039,1.4456,0.0314,0.5,-0.866025,0
9241,10.0167,0.065983,0.0423,1.4693,0.023683,0.496217,-0.868199,0
9242,10.0333,0.072917,0.0381,1.5041,0.034817,0.492424,-0.870356,0
9243,10.05,0.069417,0.0401,1.5334,0.029317,0.488621,-0.872496,0
9244,10.0667,0.0736,0.0407,1.5663,0.0329,0.48481,-0.87462,0
9245,10.0833,0.0681,0.0364,1.598,0.0317,0.480989,-0.876727,0
9246,10.1,0.067533,0.0392,1.6263,0.028333,0.477159,-0.878817,0
9247,10.1167,0.068217,0.0403,1.6542,0.027917,0.47332,-0.880891,0
9248,10.1333,0.071217,0.0392,1.6862,0.032017,0.469472,-0.882948,0
9249,10.15,0.07055,0.0342,1.7225,0.03635,0.465615,-0.884988,0
9250,10.1667,0.067733,0.0402,1.75,0.027533,0.461749,-0.887011,0
9251,10.1833,0.071467,0.0364,1.7851,0.035067,0.457874,-0.889017,0
9252,10.2,0.072567,0.0393,1.8184,0.033267,0.45399,-0.891007,0
9253,10.2167,0.070983,0.0395,1.8499,0.031483,0.450098,-0.892979,0
9254,10.2333,0.075017,0.0426,1.8823,0.032417,0.446198,-0.894934,0
9255,10.25,0.071,0.0398,1.9135,0.0312,0.442289,-0.896873,0
9256,10.2667,0.069567,0.0374,1.9457,0.032167,0.438371,-0.898794,0
9257,10.2833,0.074383,0.0418,1.9783,0.032583,0.434445,-0.900698,0
9258,10.3,0.071033,0.0402,2.0091,0.030833,0.430511,-0.902585,0
9259,10.3167,0.070933,0.0373,2.0427,0.033633,0.426569,-0.904455,0
9260,10.3333,0.072217,0.0433,2.0716,0.028917,0.422618,-0.906308,0
9261,10.35,0.07355,0.044,2.1012,0.02955,0.41866,-0.908143,0
9262,10.3667,0.0725,0.0386,2.1351,0.0339,0.414693,-0.909961,0
9263,10.3833,0.075633,0.0413,2.1694,0.034333,0.410719,-0.911762,0
9264,10.4,0.07475,0.0383,2.2058,0.03645,0.406737,-0.913545,0
9265,10.4167,0.070733,0.0416,2.2349,0.029133,0.402747,-0.915311,0
9266,10.4333,0.07245,0.0404,2.267,0.03205,0.398749,-0.91706,0
9267,10.45,0.06955,0.044,2.2925,0.02555,0.394744,-0.918791,0
9268,10.4667,0.0761,0.0383,2.3303,0.0378,0.390731,-0.920505,0
9269,10.4833,0.074983,0.0365,2.3688,0.038483,0.386711,-0.922201,0
9270,10.5,0.075783,0.0382,2.4064,0.037583,0.382683,-0.92388,0
9271,10.5167,0.0723,0.0397,2.439,0.0326,0.378649,-0.925541,0
9272,10.5333,0.074833,0.0428,2.471,0.032033,0.374607,-0.927184,0
9273,10.55,0.073883,0.0421,2.5028,0.031783,0.370557,-0.92881,0
9274,10.5667,0.0761,0.0426,2.5363,0.0335,0.366501,-0.930418,0
9275,10.5833,0.077,0.043,2.5703,0.034,0.362438,-0.932008,0
9276,10.6,0.073433,0.041,2.6027,0.032433,0.358368,-0.93358,0
9277,10.6167,0.0808,0.0395,2.644,0.0413,0.354291,-0.935135,0
9278,10.6333,0.078167,0.0395,2.6827,0.038667,0.350207,-0.936672,0
9279,10.65,0.0704,0.0355,2.7176,0.0349,0.346117,-0.938191,0
9280,10.6667,0.071583,0.0422,2.747,0.029383,0.34202,-0.939693,0
9281,10.6833,0.072917,0.0408,2.7791,0.032117,0.337917,-0.941176,0
9282,10.7,0.076117,0.0432,2.812,0.032917,0.333807,-0.942641,0
9283,10.7167,0.07595,0.0428,2.8451,0.03315,0.329691,-0.944089,0
9284,10.7333,0.074583,0.0356,2.8841,0.038983,0.325568,-0.945519,0
9285,10.75,0.075217,0.0386,2.9207,0.036617,0.321439,-0.94693,0
9286,10.7667,0.074633,0.0414,2.9539,0.033233,0.317305,-0.948324,0
9287,10.7833,0.073533,0.0382,2.9892,0.035333,0.313164,-0.949699,0
9288,10.8,0.07495,0.0385,3.0256,0.03645,0.309017,-0.951057,0
9289,10.8167,0.0775,0.0411,3.062,0.0364,0.304864,-0.952396,0
9290,10.8333,0.0805,0.0415,3.101,0.039,0.300706,-0.953717,0
9291,10.85,0.07815,0.0351,3.1441,0.04305,0.296542,-0.95502,0
9292,10.8667,0.0806,0.0401,3.1846,0.0405,0.292372,-0.956305,0
9293,10.8833,0.074833,0.0411,3.2183,0.033733,0.288196,-0.957571,0
9294,10.9,0.075717,0.0409,3.2531,0.034817,0.284015,-0.95882,0
9295,10.9167,0.075667,0.0385,3.2903,0.037167,0.279829,-0.96005,0
9296,10.9333,0.077717,0.0395,3.3285,0.038217,0.275637,-0.961262,0
9297,10.95,0.075033,0.0386,3.3649,0.036433,0.27144,-0.962455,0
9298,10.9667,0.07915,0.0408,3.4032,0.03835,0.267238,-0.96363,0
9299,10.9833,0.075433,0.0418,3.4368,0.033633,0.263031,-0.964787,0
9300,11.0,0.081117,0.0351,3.4828,0.046017,0.258819,-0.965926,0
9301,11.0167,0.0752,0.0382,3.5198,0.037,0.254602,-0.967046,0
9302,11.0333,0.07675,0.0397,3.5569,0.03705,0.25038,-0.968148,0
9303,11.05,0.078783,0.0394,3.5963,0.039383,0.246153,-0.969231,0
9304,11.0667,0.077317,0.0385,3.6351,0.038817,0.241922,-0.970296,0
9305,11.0833,0.076283,0.0423,3.6691,0.033983,0.237686,-0.971342,0
9306,11.1,0.0778,0.0413,3.7056,0.0365,0.233445,-0.97237,0
9307,11.1167,0.081967,0.038,3.7496,0.043967,0.2292,-0.973379,0
9308,11.1333,0.078433,0.0369,3.7911,0.041533,0.224951,-0.97437,0
9309,11.15,0.076783,0.0388,3.8291,0.037983,0.220697,-0.975342,0
9310,11.1667,0.083117,0.0392,3.873,0.043917,0.21644,-0.976296,0
9311,11.1833,0.081367,0.0406,3.9138,0.040767,0.212178,-0.977231,0
9312,11.2,0.078383,0.0392,3.953,0.039183,0.207912,-0.978148,0
9313,11.2167,0.0804,0.0366,3.9968,0.0438,0.203642,-0.979045,0
9314,11.2333,0.07655,0.0425,4.0308,0.03405,0.199368,-0.979925,0
9315,11.25,0.07905,0.0438,4.066,0.03525,0.19509,-0.980785,0
9316,11.2667,0.075617,0.0407,4.1009,0.034917,0.190809,-0.981627,0
9317,11.2833,0.075817,0.0383,4.1384,0.037517,0.186524,-0.98245,0
9318,11.3,0.080233,0.039,4.1796,0.041233,0.182236,-0.983255,0
9319,11.3167,0.082,0.0414,4.2202,0.0406,0.177944,-0.984041,0
9320,11.3333,0.0774,0.0428,4.2548,0.0346,0.173648,-0.984808,0
9321,11.35,0.07855,0.0389,4.2945,0.03965,0.16935,-0.985556,0
9322,11.3667,0.0829,0.0439,4.3335,0.039,0.165048,-0.986286,0
9323,11.3833,0.080883,0.0395,4.3749,0.041383,0.160743,-0.986996,0
9324,11.4,0.079217,0.0383,4.4158,0.040917,0.156434,-0.987688,0
9325,11.4167,0.07865,0.0394,4.455,0.03925,0.152123,-0.988362,0
9326,11.4333,0.07595,0.0395,4.4914,0.03645,0.147809,-0.989016,0
9327,11.45,0.07535,0.043,4.5237,0.03235,0.143493,-0.989651,0
9328,11.4667,0.076367,0.0361,4.564,0.040267,0.139173,-0.990268,0
9329,11.4833,0.077617,0.0382,4.6034,0.039417,0.134851,-0.990866,0
9330,11.5,0.081317,0.0391,4.6456,0.042217,0.130526,-0.991445,0
9331,11.5167,0.0821,0.0371,4.6906,0.045,0.126199,-0.992005,0
9332,11.5333,0.083933,0.0437,4.7308,0.040233,0.121869,-0.992546,0
9333,11.55,0.081583,0.038,4.7744,0.043583,0.117537,-0.993068,0
9334,11.5667,0.077117,0.0394,4.8121,0.037717,0.113203,-0.993572,0
9335,11.5833,0.08115,0.0382,4.8551,0.04295,0.108867,-0.994056,0
9336,11.6,0.081267,0.0379,4.8985,0.043367,0.104528,-0.994522,0
9337,11.6167,0.08045,0.0422,4.9367,0.03825,0.100188,-0.994969,0
9338,11.6333,0.083,0.0431,4.9766,0.0399,0.095846,-0.995396,0
9339,11.65,0.080733,0.0391,5.0182,0.041633,0.091502,-0.995805,0
9340,11.6667,0.077883,0.0428,5.0533,0.035083,0.087156,-0.996195,0
9341,11.6833,0.07995,0.0409,5.0924,0.03905,0.082808,-0.996566,0
9342,11.7,0.079367,0.0377,5.1341,0.041667,0.078459,-0.996917,0
9343,11.7167,0.079417,0.034,5.1795,0.045417,0.074108,-0.99725,0
9344,11.7333,0.074633,0.044,5.2101,0.030633,0.069756,-0.997564,0
9345,11.75,0.07685,0.04,5.247,0.03685,0.065403,-0.997859,0
9346,11.7667,0.079767,0.0395,5.2873,0.040267,0.061049,-0.998135,0
9347,11.7833,0.0817,0.0382,5.3308,0.0435,0.056693,-0.998392,0
9348,11.8,0.083317,0.0398,5.3743,0.043517,0.052336,-0.99863,0
9349,11.8167,0.082217,0.0405,5.416,0.041717,0.047978,-0.998848,0
9350,11.8333,0.0807,0.0377,5.459,0.043,0.043619,-0.999048,0
9351,11.85,0.077733,0.0397,5.497,0.038033,0.03926,-0.999229,0
9352,11.8667,0.080633,0.0407,5.5369,0.039933,0.034899,-0.999391,0
9353,11.8833,0.080267,0.0413,5.5759,0.038967,0.030539,-0.999534,0
9354,11.9,0.081167,0.0385,5.6186,0.042667,0.026177,-0.999657,0
9355,11.9167,0.080167,0.0409,5.6579,0.039267,0.021815,-0.999762,0
9356,11.9333,0.083633,0.0429,5.6986,0.040733,0.017452,-0.999848,0
9357,11.95,0.08065,0.0403,5.7389,0.04035,0.01309,-0.999914,0
9358,11.9667,0.080433,0.036,5.7833,0.044433,0.008727,-0.999962,0
9359,11.9833,0.078167,0.0383,5.8232,0.039867,0.004363,-0.99999,0
9360,12.0,0.0844,0.0412,5.8664,0.0432,0.0,-1.0,0
9361,12.0167,0.079433,0.0413,5.9045,0.038133,-0.004363,-0.99999,0
9362,12.0333,0.080317,0.0379,5.9469,0.042417,-0.008727,-0.999962,0
9363,12.05,0.076567,0.0401,5.9834,0.036467,-0.01309,-0.999914,0
9364,12.0667,0.080483,0.0391,6.0248,0.041383,-0.017452,-0.999848,0
9365,12.0833,0.081633,0.0398,6.0666,0.041833,-0.021815,-0.999762,0
9366,12.1,0.07805,0.0387,6.1059,0.03935,-0.026177,-0.999657,0
9367,12.1167,0.083933,0.0392,6.1506,0.044733,-0.030539,-0.999534,0
9368,12.1333,0.08275,0.0394,6.194,0.04335,-0.034899,-0.999391,0
9369,12.15,0.07785,0.0426,6.2292,0.03525,-0.03926,-0.999229,0
9370,12.1667,0.08095,0.0386,6.2715,0.04235,-0.043619,-0.999048,0
9371,12.1833,0.082483,0.0395,6.3145,0.042983,-0.047978,-0.998848,0
9372,12.2,0.079667,0.0391,6.3551,0.040567,-0.052336,-0.99863,0
9373,12.2167,0.0784,0.0428,6.3907,0.0356,-0.056693,-0.998392,0
9374,12.2333,0.080017,0.0392,6.4315,0.040817,-0.061049,-0.998135,0
9375,12.25,0.081417,0.0367,6.4762,0.044717,-0.065403,-0.997859,0
9376,12.2667,0.082783,0.0371,6.5219,0.045683,-0.069756,-0.997564,0
9377,12.2833,0.082583,0.0348,6.5697,0.047783,-0.074108,-0.99725,0
9378,12.3,0.07985,0.0376,6.612,0.04225,-0.078459,-0.996917,0
9379,12.3167,0.07975,0.0402,6.6516,0.03955,-0.082808,-0.996566,0
9380,12.3333,0.081267,0.0401,6.6928,0.041167,-0.087156,-0.996195,0
9381,12.35,0.080183,0.0428,6.7302,0.037383,-0.091502,-0.995805,0
9382,12.3667,0.076583,0.0378,6.769,0.038783,-0.095846,-0.995396,0
9383,12.3833,0.07645,0.0413,6.8042,0.03515,-0.100188,-0.994969,0
9384,12.4,0.079167,0.0419,6.8415,0.037267,-0.104528,-0.994522,0
9385,12.4167,0.0796,0.0403,6.8808,0.0393,-0.108867,-0.994056,0
9386,12.4333,0.084367,0.0407,6.9245,0.043667,-0.113203,-0.993572,0
9387,12.45,0.078567,0.0402,6.9629,0.038367,-0.117537,-0.993068,0
9388,12.4667,0.083517,0.0364,7.01,0.047117,-0.121869,-0.992546,0
9389,12.4833,0.07715,0.0392,7.0479,0.03795,-0.126199,-0.992005,0
9390,12.5,0.076683,0.0414,7.0832,0.035283,-0.130526,-0.991445,0
9391,12.5167,0.08185,0.0386,7.1265,0.04325,-0.134851,-0.990866,0
9392,12.5333,0.078967,0.0434,7.1621,0.035567,-0.139173,-0.990268,0
9393,12.55,0.083317,0.0372,7.2082,0.046117,-0.143493,-0.989651,0
9394,12.5667,0.078517,0.0402,7.2465,0.038317,-0.147809,-0.989016,0
9395,12.5833,0.0799,0.0415,7.2849,0.0384,-0.152123,-0.988362,0
9396,12.6,0.0819,0.038,7.3288,0.0439,-0.156434,-0.987688,0
9397,12.6167,0.0819,0.0416,7.3691,0.0403,-0.160743,-0.986996,0
9398,12.6333,0.0818,0.0384,7.4125,0.0434,-0.165048,-0.986286,0
9399,12.65,0.076467,0.0406,7.4484,0.035867,-0.16935,-0.985556,0
9400,12.6667,0.078517,0.04,7.4869,0.038517,-0.173648,-0.984808,0
9401,12.6833,0.0837,0.0394,7.5312,0.0443,-0.177944,-0.984041,0
9402,12.7,0.08065,0.0396,7.5723,0.04105,-0.182236,-0.983255,0
9403,12.7167,0.0794,0.04,7.6117,0.0394,-0.186524,-0.98245,0
9404,12.7333,0.0781,0.0402,7.6496,0.0379,-0.190809,-0.981627,0
9405,12.75,0.077283,0.0355,7.6914,0.041783,-0.19509,-0.980785,0
9406,12.7667,0.082333,0.0364,7.7373,0.045933,-0.199368,-0.979925,0
9407,12.7833,0.080567,0.0394,7.7785,0.041167,-0.203642,-0.979045,0
9408,12.8,0.079767,0.0366,7.8217,0.043167,-0.207912,-0.978148,0
9409,12.8167,0.072417,0.0381,7.856,0.034317,-0.212178,-0.977231,0
9410,12.8333,0.083183,0.04,7.8992,0.043183,-0.21644,-0.976296,0
9411,12.85,0.079017,0.0387,7.9395,0.040317,-0.220697,-0.975342,0
9412,12.8667,0.076783,0.0392,7.9771,0.037583,-0.224951,-0.97437,0
9413,12.8833,0.0771,0.0405,8.0137,0.0366,-0.2292,-0.973379,0
9414,12.9,0.07565,0.0431,8.0462,0.03255,-0.233445,-0.97237,0
9415,12.9167,0.076783,0.0438,8.0792,0.032983,-0.237686,-0.971342,0
9416,12.9333,0.077683,0.0387,8.1182,0.038983,-0.241922,-0.970296,0
9417,12.95,0.07705,0.04,8.1553,0.03705,-0.246153,-0.969231,0
9418,12.9667,0.078483,0.0399,8.1939,0.038583,-0.25038,-0.968148,0
9419,12.9833,0.073767,0.0411,8.2266,0.032667,-0.254602,-0.967046,0
9420,13.0,0.07375,0.0355,8.2648,0.03825,-0.258819,-0.965926,0
9421,13.0167,0.077167,0.0425,8.2995,0.034667,-0.263031,-0.964787,0
9422,13.0333,0.0746,0.0355,8.3386,0.0391,-0.267238,-0.96363,0
9423,13.05,0.077767,0.0381,8.3783,0.039667,-0.27144,-0.962455,0
9424,13.0667,0.076967,0.0438,8.4115,0.033167,-0.275637,-0.961262,0
9425,13.0833,0.0755,0.0387,8.4483,0.0368,-0.279829,-0.96005,0
9426,13.1,0.0775,0.0392,8.4866,0.0383,-0.284015,-0.95882,0
9427,13.1167,0.077383,0.0413,8.5227,0.036083,-0.288196,-0.957571,0
9428,13.1333,0.07775,0.0376,8.5629,0.04015,-0.292372,-0.956305,0
9429,13.15,0.07455,0.0365,8.601,0.03805,-0.296542,-0.95502,0
9430,13.1667,0.077433,0.0397,8.6387,0.037733,-0.300706,-0.953717,0
9431,13.1833,0.077417,0.0389,8.6772,0.038517,-0.304864,-0.952396,0
9432,13.2,0.076033,0.0378,8.7154,0.038233,-0.309017,-0.951057,0
9433,13.2167,0.07545,0.0403,8.7506,0.03515,-0.313164,-0.949699,0
9434,13.2333,0.072233,0.0399,8.7829,0.032333,-0.317305,-0.948324,0
9435,13.25,0.076433,0.0395,8.8198,0.036933,-0.321439,-0.94693,0
9436,13.2667,0.077567,0.0382,8.8592,0.039367,-0.325568,-0.945519,0
9437,13.2833,0.07985,0.0423,8.8968,0.03755,-0.329691,-0.944089,0
9438,13.3,0.0781,0.0395,8.9354,0.0386,-0.333807,-0.942641,0
9439,13.3167,0.074317,0.039,8.9707,0.035317,-0.337917,-0.941176,0
9440,13.3333,0.075317,0.039,9.007,0.036317,-0.34202,-0.939693,0
9441,13.35,0.06765,0.0388,9.0358,0.02885,-0.346117,-0.938191,0
9442,13.3667,0.077833,0.0413,9.0723,0.036533,-0.350207,-0.936672,0
9443,13.3833,0.075267,0.0401,9.1075,0.035167,-0.354291,-0.935135,0
9444,13.4,0.07405,0.0399,9.1417,0.03415,-0.358368,-0.93358,0
9445,13.4167,0.072933,0.0379,9.1767,0.035033,-0.362438,-0.932008,0
9446,13.4333,0.079267,0.0379,9.2181,0.041367,-0.366501,-0.930418,0
9447,13.45,0.074733,0.0382,9.2546,0.036533,-0.370557,-0.92881,0
9448,13.4667,0.07775,0.0383,9.2941,0.03945,-0.374607,-0.927184,0
9449,13.4833,0.072767,0.0419,9.325,0.030867,-0.378649,-0.925541,0
9450,13.5,0.075867,0.0397,9.3612,0.036167,-0.382683,-0.92388,0
9451,13.5167,0.07405,0.0398,9.3955,0.03425,-0.386711,-0.922201,0
9452,13.5333,0.075567,0.0399,9.4312,0.035667,-0.390731,-0.920505,0
9453,13.55,0.072083,0.037,9.4663,0.035083,-0.394744,-0.918791,0
9454,13.5667,0.071767,0.0401,9.498,0.031667,-0.398749,-0.91706,0
9455,13.5833,0.075383,0.0397,9.5337,0.035683,-0.402747,-0.915311,0
9456,13.6,0.0685,0.0457,9.5565,0.0228,-0.406737,-0.913545,0
9457,13.6167,0.07195,0.0413,9.5871,0.03065,-0.410719,-0.911762,0
9458,13.6333,0.074383,0.0395,9.622,0.034883,-0.414693,-0.909961,0
9459,13.65,0.072267,0.0385,9.6558,0.033767,-0.41866,-0.908143,0
9460,13.6667,0.07435,0.0385,9.6916,0.03585,-0.422618,-0.906308,0
9461,13.6833,0.071433,0.04,9.723,0.031433,-0.426569,-0.904455,0
9462,13.7,0.069017,0.0429,9.7491,0.026117,-0.430511,-0.902585,0
9463,13.7167,0.068967,0.0386,9.7795,0.030367,-0.434445,-0.900698,0
9464,13.7333,0.072717,0.0429,9.8093,0.029817,-0.438371,-0.898794,0
9465,13.75,0.0722,0.0394,9.8421,0.0328,-0.442289,-0.896873,0
9466,13.7667,0.067767,0.0407,9.8692,0.027067,-0.446198,-0.894934,0
9467,13.7833,0.069983,0.0384,9.9008,0.031583,-0.450098,-0.892979,0
9468,13.8,0.074,0.0405,9.9343,0.0335,-0.45399,-0.891007,0
9469,13.8167,0.073383,0.0362,9.9715,0.037183,-0.457874,-0.889017,0
9470,13.8333,0.071633,0.0401,10.003,0.031533,-0.461749,-0.887011,0
9471,13.85,0.070967,0.0356,10.0384,0.035367,-0.465615,-0.884988,0
9472,13.8667,0.073083,0.0374,10.0741,0.035683,-0.469472,-0.882948,0
9473,13.8833,0.07115,0.0411,10.1041,0.03005,-0.47332,-0.880891,0
9474,13.9,0.072233,0.0365,10.1398,0.035733,-0.477159,-0.878817,0
9475,13.9167,0.06355,0.0395,10.1638,0.02405,-0.480989,-0.876727,0
9476,13.9333,0.064917,0.0413,10.1874,0.023617,-0.48481,-0.87462,0
9477,13.95,0.071417,0.0406,10.2182,0.030817,-0.488621,-0.872496,0
9478,13.9667,0.070233,0.0355,10.2529,0.034733,-0.492424,-0.870356,0
9479,13.9833,0.0713,0.04,10.2842,0.0313,-0.496217,-0.868199,0
9480,14.0,0.064117,0.0409,10.3074,0.023217,-0.5,-0.866025,0
9481,14.0167,0.06485,0.0396,10.3326,0.02525,-0.503774,-0.863836,0
9482,14.0333,0.0727,0.0396,10.3657,0.0331,-0.507538,-0.861629,0
9483,14.05,0.071233,0.0361,10.4008,0.035133,-0.511293,-0.859406,0
9484,14.0667,0.063067,0.0354,10.4285,0.027667,-0.515038,-0.857167,0
9485,14.0833,0.067033,0.039,10.4565,0.028033,-0.518773,-0.854912,0
9486,14.1,0.070133,0.0394,10.4872,0.030733,-0.522499,-0.85264,0
9487,14.1167,0.072233,0.0419,10.5175,0.030333,-0.526214,-0.850352,0
9488,14.1333,0.063833,0.0384,10.5429,0.025433,-0.529919,-0.848048,0
9489,14.15,0.0698,0.0406,10.5721,0.0292,-0.533615,-0.845728,0
9490,14.1667,0.064483,0.0408,10.5958,0.023683,-0.5373,-0.843391,0
9491,14.1833,0.072033,0.0417,10.6261,0.030333,-0.540974,-0.841039,0
9492,14.2,0.069567,0.0397,10.656,0.029867,-0.544639,-0.838671,0
9493,14.2167,0.068317,0.0381,10.6862,0.030217,-0.548293,-0.836286,0
9494,14.2333,0.069417,0.0414,10.7142,0.028017,-0.551937,-0.833886,0
9495,14.25,0.067717,0.0395,10.7424,0.028217,-0.55557,-0.83147,0
9496,14.2667,0.069717,0.0422,10.7699,0.027517,-0.559193,-0.829038,0
9497,14.2833,0.066167,0.0392,10.7969,0.026967,-0.562805,-0.82659,0
9498,14.3,0.065717,0.0386,10.824,0.027117,-0.566406,-0.824126,0
9499,14.3167,0.067117,0.0403,10.8508,0.026817,-0.569997,-0.821647,0
9500,14.3333,0.06955,0.0391,10.8812,0.03045,-0.573576,-0.819152,0
9501,14.35,0.067433,0.0368,10.9118,0.030633,-0.577145,-0.816642,0
9502,14.3667,0.067433,0.0385,10.9407,0.028933,-0.580703,-0.814116,0
9503,14.3833,0.064283,0.0386,10.9664,0.025683,-0.58425,-0.811574,0
9504,14.4,0.063483,0.037,10.9929,0.026483,-0.587785,-0.809017,0
9505,14.4167,0.064333,0.0403,11.0169,0.024033,-0.59131,-0.806445,0
9506,14.4333,0.064283,0.04,11.0412,0.024283,-0.594823,-0.803857,0
9507,14.45,0.064783,0.0405,11.0655,0.024283,-0.598325,-0.801254,0
9508,14.4667,0.062517,0.0379,11.0901,0.024617,-0.601815,-0.798636,0
9509,14.4833,0.061833,0.0399,11.112,0.021933,-0.605294,-0.796002,0
9510,14.5,0.05975,0.0393,11.1324,0.02045,-0.608761,-0.793353,0
9511,14.5167,0.066883,0.0388,11.1605,0.028083,-0.612217,-0.79069,0
9512,14.5333,0.061833,0.0392,11.1831,0.022633,-0.615661,-0.788011,0
9513,14.55,0.058367,0.0408,11.2007,0.017567,-0.619094,-0.785317,0
9514,14.5667,0.0633,0.039,11.225,0.0243,-0.622515,-0.782608,0
9515,14.5833,0.065233,0.0406,11.2496,0.024633,-0.625923,-0.779884,0
9516,14.6,0.05655,0.044,11.2621,0.01255,-0.62932,-0.777146,0
9517,14.6167,0.065883,0.0411,11.2869,0.024783,-0.632705,-0.774393,0
9518,14.6333,0.061017,0.0433,11.3046,0.017717,-0.636078,-0.771625,0
9519,14.65,0.06255,0.0393,11.3278,0.02325,-0.639439,-0.768842,0
9520,14.6667,0.059083,0.0426,11.3443,0.016483,-0.642788,-0.766044,0
9521,14.6833,0.060817,0.0379,11.3672,0.022917,-0.646124,-0.763232,0
9522,14.7,0.05575,0.0378,11.3851,0.01795,-0.649448,-0.760406,0
9523,14.7167,0.057317,0.04,11.4024,0.017317,-0.65276,-0.757565,0
9524,14.7333,0.057683,0.0383,11.4218,0.019383,-0.656059,-0.75471,0
9525,14.75,0.056,0.0404,11.4374,0.0156,-0.659346,-0.75184,0
9526,14.7667,0.059733,0.0356,11.4615,0.024133,-0.66262,-0.748956,0
9527,14.7833,0.0617,0.0375,11.4857,0.0242,-0.665882,-0.746057,0
9528,14.8,0.05575,0.0393,11.5021,0.01645,-0.669131,-0.743145,0
9529,14.8167,0.061583,0.0382,11.5255,0.023383,-0.672367,-0.740218,0
9530,14.8333,0.0601,0.0386,11.547,0.0215,-0.67559,-0.737277,0
9531,14.85,0.057917,0.0413,11.5636,0.016617,-0.678801,-0.734323,0
9532,14.8667,0.06345,0.0396,11.5874,0.02385,-0.681998,-0.731354,0
9533,14.8833,0.059883,0.0382,11.6091,0.021683,-0.685183,-0.728371,0
9534,14.9,0.058067,0.0423,11.6249,0.015767,-0.688355,-0.725374,0
9535,14.9167,0.0556,0.0389,11.6416,0.0167,-0.691513,-0.722364,0
9536,14.9333,0.053667,0.036,11.6593,0.017667,-0.694658,-0.71934,0
9537,14.95,0.052633,0.0406,11.6713,0.012033,-0.69779,-0.716302,0
9538,14.9667,0.052517,0.0403,11.6835,0.012217,-0.700909,-0.71325,0
9539,14.9833,0.055517,0.0373,11.7017,0.018217,-0.704015,-0.710185,0
9540,15.0,0.057367,0.0402,11.7189,0.017167,-0.707107,-0.707107,0
9541,15.0167,0.057067,0.0427,11.7333,0.014367,-0.710185,-0.704015,0
9542,15.0333,0.05435,0.0365,11.7511,0.01785,-0.71325,-0.700909,0
9543,15.05,0.057817,0.0399,11.769,0.017917,-0.716302,-0.69779,0
9544,15.0667,0.0521,0.0397,11.7814,0.0124,-0.71934,-0.694658,0
9545,15.0833,0.0577,0.0401,11.799,0.0176,-0.722364,-0.691513,0
9546,15.1,0.054983,0.0359,11.8181,0.019083,-0.725374,-0.688355,0
9547,15.1167,0.052567,0.0414,11.8293,0.011167,-0.728371,-0.685183,0
9548,15.1333,0.05275,0.0382,11.8438,0.01455,-0.731354,-0.681998,0
9549,15.15,0.0541,0.0416,11.8563,0.0125,-0.734323,-0.678801,0
9550,15.1667,0.05415,0.0386,11.8718,0.01555,-0.737277,-0.67559,0
9551,15.1833,0.054417,0.0405,11.8857,0.013917,-0.740218,-0.672367,0
9552,15.2,0.058333,0.0404,11.9036,0.017933,-0.743145,-0.669131,0
9553,15.2167,0.049317,0.0418,11.9111,0.007517,-0.746057,-0.665882,0
9554,15.2333,0.050817,0.0423,11.9196,0.008517,-0.748956,-0.66262,0
9555,15.25,0.052767,0.0398,11.9326,0.012967,-0.75184,-0.659346,0
9556,15.2667,0.049583,0.0402,11.942,0.009383,-0.75471,-0.656059,0
9557,15.2833,0.053417,0.0416,11.9538,0.011817,-0.757565,-0.65276,0
9558,15.3,0.051383,0.0349,11.9703,0.016483,-0.760406,-0.649448,0
9559,15.3167,0.049733,0.0395,11.9805,0.010233,-0.763232,-0.646124,0
9560,15.3333,0.0542,0.04,11.9947,0.0142,-0.766044,-0.642788,0
9561,15.35,0.056,0.0396,12.0111,0.0164,-0.768842,-0.639439,0
9562,15.3667,0.054517,0.041,12.0246,0.013517,-0.771625,-0.636078,0
9563,15.3833,0.046517,0.0369,12.0342,0.009617,-0.774393,-0.632705,0
9564,15.4,0.0523,0.0416,12.0449,0.0107,-0.777146,-0.62932,0
9565,15.4167,0.053683,0.0402,12.0584,0.013483,-0.779884,-0.625923,0
9566,15.4333,0.054483,0.0396,12.0733,0.014883,-0.782608,-0.622515,0
9567,15.45,0.047617,0.0403,12.0806,0.007317,-0.785317,-0.619094,0
9568,15.4667,0.048,0.04,12.0886,0.008,-0.788011,-0.615661,0
9569,15.4833,0.048567,0.0431,12.0941,0.005467,-0.79069,-0.612217,0
9570,15.5,0.052033,0.0385,12.1076,0.013533,-0.793353,-0.608761,0
9571,15.5167,0.049433,0.0406,12.1164,0.008833,-0.796002,-0.605294,0
9572,15.5333,0.049983,0.04,12.1264,0.009983,-0.798636,-0.601815,0
9573,15.55,0.048567,0.037,12.138,0.011567,-0.801254,-0.598325,0
9574,15.5667,0.041067,0.0382,12.1409,0.002867,-0.803857,-0.594823,0
9575,15.5833,0.045167,0.0368,12.1493,0.008367,-0.806445,-0.59131,0
9576,15.6,0.0453,0.0377,12.1569,0.0076,-0.809017,-0.587785,0
9577,15.6167,0.045483,0.0389,12.1635,0.006583,-0.811574,-0.58425,0
9578,15.6333,0.04465,0.0408,12.1674,0.00385,-0.814116,-0.580703,0
9579,15.65,0.044917,0.0404,12.1719,0.004517,-0.816642,-0.577145,0
9580,15.6667,0.0479,0.0406,12.1792,0.0073,-0.819152,-0.573576,0
9581,15.6833,0.047183,0.0395,12.1869,0.007683,-0.821647,-0.569997,0
9582,15.7,0.043583,0.0393,12.1912,0.004283,-0.824126,-0.566406,0
9583,15.7167,0.044017,0.039,12.1962,0.005017,-0.82659,-0.562805,0
9584,15.7333,0.046617,0.0409,12.2019,0.005717,-0.829038,-0.559193,0
9585,15.75,0.044233,0.038,12.2081,0.006233,-0.83147,-0.55557,0
9586,15.7667,0.049933,0.0449,12.2131,0.005033,-0.833886,-0.551937,0
9587,15.7833,0.04095,0.0391,12.215,0.00185,-0.836286,-0.548293,0
9588,15.8,0.042233,0.0404,12.2168,0.001833,-0.838671,-0.544639,0
9589,15.8167,0.0465,0.0399,12.2234,0.0066,-0.841039,-0.540974,0
9590,15.8333,0.047217,0.0407,12.2299,0.006517,-0.843391,-0.5373,0
9591,15.85,0.043117,0.0403,12.2327,0.002817,-0.845728,-0.533615,0
9592,15.8667,0.0445,0.0397,12.2375,0.0048,-0.848048,-0.529919,0
9593,15.8833,0.0418,0.0375,12.2418,0.0043,-0.850352,-0.526214,0
9594,15.9,0.042933,0.0397,12.245,0.003233,-0.85264,-0.522499,0
9595,15.9167,0.03985,0.0384,12.2464,0.00145,-0.854912,-0.518773,0
9596,15.9333,0.0426,0.0423,12.2467,0.0003,-0.857167,-0.515038,0
9597,15.95,0.0424,0.0384,12.2507,0.004,-0.859406,-0.511293,0
9598,15.9667,0.040633,0.0375,12.2538,0.003133,-0.861629,-0.507538,0
9599,15.9833,0.038033,0.0383,12.2535,-0.000267,-0.863836,-0.503774,0
9600,16.0,0.034683,0.0386,12.2496,-0.003917,-0.866025,-0.5,0
9601,16.0167,0.0378,0.0369,12.2505,0.0009,-0.868199,-0.496217,0
9602,16.0333,0.038717,0.0421,12.2471,-0.003383,-0.870356,-0.492424,0
9603,16.05,0.0416,0.039,12.2497,0.0026,-0.872496,-0.488621,0
9604,16.0667,0.03485,0.0389,12.2457,-0.00405,-0.87462,-0.48481,0
9605,16.0833,0.0366,0.0353,12.247,0.0013,-0.876727,-0.480989,0
9606,16.1,0.037433,0.0383,12.2461,-0.000867,-0.878817,-0.477159,0
9607,16.1167,0.036583,0.0394,12.2433,-0.002817,-0.880891,-0.47332,0
9608,16.1333,0.0381,0.0422,12.2392,-0.0041,-0.882948,-0.469472,0
9609,16.15,0.03475,0.0407,12.2333,-0.00595,-0.884988,-0.465615,0
9610,16.1667,0.034583,0.0389,12.229,-0.004317,-0.887011,-0.461749,0
9611,16.1833,0.0374,0.038,12.2284,-0.0006,-0.889017,-0.457874,0
9612,16.2,0.038283,0.0418,12.2249,-0.003517,-0.891007,-0.45399,0
9613,16.2167,0.038833,0.0364,12.2273,0.002433,-0.892979,-0.450098,0
9614,16.2333,0.037817,0.0404,12.2247,-0.002583,-0.894934,-0.446198,0
9615,16.25,0.03665,0.0423,12.2191,-0.00565,-0.896873,-0.442289,0
9616,16.2667,0.032333,0.0382,12.2132,-0.005867,-0.898794,-0.438371,0
9617,16.2833,0.03925,0.0395,12.2129,-0.00025,-0.900698,-0.434445,0
9618,16.3,0.0356,0.0389,12.2096,-0.0033,-0.902585,-0.430511,0
9619,16.3167,0.038017,0.0391,12.2085,-0.001083,-0.904455,-0.426569,0
9620,16.3333,0.031917,0.0405,12.1999,-0.008583,-0.906308,-0.422618,0
9621,16.35,0.032633,0.0403,12.1922,-0.007667,-0.908143,-0.41866,0
9622,16.3667,0.03485,0.0377,12.1894,-0.00285,-0.909961,-0.414693,0
9623,16.3833,0.036067,0.0405,12.185,-0.004433,-0.911762,-0.410719,0
9624,16.4,0.031883,0.0402,12.1767,-0.008317,-0.913545,-0.406737,0
9625,16.4167,0.027033,0.0397,12.164,-0.012667,-0.915311,-0.402747,0
9626,16.4333,0.03225,0.0383,12.1579,-0.00605,-0.91706,-0.398749,0
9627,16.45,0.028083,0.0388,12.1472,-0.010717,-0.918791,-0.394744,0
9628,16.4667,0.0344,0.0418,12.1398,-0.0074,-0.920505,-0.390731,0
9629,16.4833,0.0288,0.0444,12.1242,-0.0156,-0.922201,-0.386711,0
9630,16.5,0.033183,0.0406,12.1168,-0.007417,-0.92388,-0.382683,0
9631,16.5167,0.029933,0.0372,12.1095,-0.007267,-0.925541,-0.378649,0
9632,16.5333,0.0277,0.0364,12.1008,-0.0087,-0.927184,-0.374607,0
9633,16.55,0.033583,0.0388,12.0956,-0.005217,-0.92881,-0.370557,0
9634,16.5667,0.031183,0.0375,12.0893,-0.006317,-0.930418,-0.366501,0
9635,16.5833,0.031833,0.0409,12.0802,-0.009067,-0.932008,-0.362438,0
9636,16.6,0.025417,0.041,12.0646,-0.015583,-0.93358,-0.358368,0
9637,16.6167,0.0283,0.0412,12.0517,-0.0129,-0.935135,-0.354291,0
9638,16.6333,0.029683,0.0395,12.0419,-0.009817,-0.936672,-0.350207,0
9639,16.65,0.031817,0.0394,12.0343,-0.007583,-0.938191,-0.346117,0
9640,16.6667,0.025683,0.0376,12.0224,-0.011917,-0.939693,-0.34202,0
9641,16.6833,0.0252,0.0389,12.0087,-0.0137,-0.941176,-0.337917,0
9642,16.7,0.028183,0.0395,11.9974,-0.011317,-0.942641,-0.333807,0
9643,16.7167,0.025833,0.0387,11.9845,-0.012867,-0.944089,-0.329691,0
9644,16.7333,0.0287,0.0393,11.9739,-0.0106,-0.945519,-0.325568,0
9645,16.75,0.031583,0.039,11.9665,-0.007417,-0.94693,-0.321439,0
9646,16.7667,0.02585,0.0417,11.9506,-0.01585,-0.948324,-0.317305,0
9647,16.7833,0.0253,0.0405,11.9354,-0.0152,-0.949699,-0.313164,0
9648,16.8,0.020467,0.0346,11.9213,-0.014133,-0.951057,-0.309017,0
9649,16.8167,0.025533,0.0373,11.9095,-0.011767,-0.952396,-0.304864,0
9650,16.8333,0.027233,0.0398,11.8969,-0.012567,-0.953717,-0.300706,0
9651,16.85,0.019833,0.0398,11.8769,-0.019967,-0.95502,-0.296542,0
9652,16.8667,0.024433,0.0402,11.8611,-0.015767,-0.956305,-0.292372,0
9653,16.8833,0.025117,0.0408,11.8454,-0.015683,-0.957571,-0.288196,0
9654,16.9,0.020933,0.0416,11.8247,-0.020667,-0.95882,-0.284015,0
9655,16.9167,0.022167,0.0403,11.8066,-0.018133,-0.96005,-0.279829,0
9656,16.9333,0.021767,0.0403,11.7881,-0.018533,-0.961262,-0.275637,0
9657,16.95,0.0203,0.0389,11.7695,-0.0186,-0.962455,-0.27144,0
9658,16.9667,0.018783,0.0431,11.7452,-0.024317,-0.96363,-0.267238,0
9659,16.9833,0.020883,0.0386,11.7275,-0.017717,-0.964787,-0.263031,0
9660,17.0,0.0206,0.0462,11.7019,-0.0256,-0.965926,-0.258819,0
9661,17.0167,0.01905,0.0402,11.6807,-0.02115,-0.967046,-0.254602,0
9662,17.0333,0.024967,0.0396,11.6661,-0.014633,-0.968148,-0.25038,0
9663,17.05,0.019633,0.0389,11.6468,-0.019267,-0.969231,-0.246153,0
9664,17.0667,0.01955,0.0373,11.6291,-0.01775,-0.970296,-0.241922,0
9665,17.0833,0.013583,0.0407,11.602,-0.027117,-0.971342,-0.237686,0
9666,17.1,0.0196,0.0396,11.582,-0.02,-0.97237,-0.233445,0
9667,17.1167,0.016633,0.0407,11.5579,-0.024067,-0.973379,-0.2292,0
9668,17.1333,0.021633,0.0428,11.5367,-0.021167,-0.97437,-0.224951,0
9669,17.15,0.0146,0.0392,11.5121,-0.0246,-0.975342,-0.220697,0
9670,17.1667,0.015667,0.043,11.4848,-0.027333,-0.976296,-0.21644,0
9671,17.1833,0.014517,0.0412,11.4581,-0.026683,-0.977231,-0.212178,0
9672,17.2,0.0153,0.0386,11.4348,-0.0233,-0.978148,-0.207912,0
9673,17.2167,0.017433,0.0372,11.415,-0.019767,-0.979045,-0.203642,0
9674,17.2333,0.017767,0.0373,11.3955,-0.019533,-0.979925,-0.199368,0
9675,17.25,0.011933,0.0393,11.3681,-0.027367,-0.980785,-0.19509,0
9676,17.2667,0.0136,0.0383,11.3434,-0.0247,-0.981627,-0.190809,0
9677,17.2833,0.017967,0.0392,11.3222,-0.021233,-0.98245,-0.186524,0
9678,17.3,0.018983,0.0401,11.3011,-0.021117,-0.983255,-0.182236,0
9679,17.3167,0.0177,0.0395,11.2793,-0.0218,-0.984041,-0.177944,0
9680,17.3333,0.014633,0.0386,11.2553,-0.023967,-0.984808,-0.173648,0
9681,17.35,0.010283,0.0393,11.2263,-0.029017,-0.985556,-0.16935,0
9682,17.3667,0.01225,0.0374,11.2012,-0.02515,-0.986286,-0.165048,0
9683,17.3833,0.008017,0.0399,11.1693,-0.031883,-0.986996,-0.160743,0
9684,17.4,0.009617,0.0421,11.1368,-0.032483,-0.987688,-0.156434,0
9685,17.4167,0.010767,0.0401,11.1075,-0.029333,-0.988362,-0.152123,0
9686,17.4333,0.011317,0.0421,11.0767,-0.030783,-0.989016,-0.147809,0
9687,17.45,0.010733,0.0414,11.046,-0.030667,-0.989651,-0.143493,0
9688,17.4667,0.012133,0.0403,11.0178,-0.028167,-0.990268,-0.139173,0
9689,17.4833,0.010383,0.0404,10.9878,-0.030017,-0.990866,-0.134851,0
9690,17.5,0.01385,0.0426,10.959,-0.02875,-0.991445,-0.130526,0
9691,17.5167,0.014183,0.0344,10.9388,-0.020217,-0.992005,-0.126199,0
9692,17.5333,0.009083,0.0378,10.9101,-0.028717,-0.992546,-0.121869,0
9693,17.55,0.009267,0.0374,10.882,-0.028133,-0.993068,-0.117537,0
9694,17.5667,0.012367,0.0419,10.8525,-0.029533,-0.993572,-0.113203,0
9695,17.5833,0.008617,0.0441,10.817,-0.035483,-0.994056,-0.108867,0
9696,17.6,0.006267,0.0427,10.7806,-0.036433,-0.994522,-0.104528,0
9697,17.6167,0.011783,0.0398,10.7526,-0.028017,-0.994969,-0.100188,0
9698,17.6333,0.006467,0.0399,10.7192,-0.033433,-0.995396,-0.095846,0
9699,17.65,0.009233,0.0366,10.6918,-0.027367,-0.995805,-0.091502,0
9700,17.6667,0.003283,0.0409,10.6542,-0.037617,-0.996195,-0.087156,0
9701,17.6833,0.00385,0.0392,10.6189,-0.03535,-0.996566,-0.082808,0
9702,17.7,0.005067,0.0387,10.5853,-0.033633,-0.996917,-0.078459,0
9703,17.7167,0.006817,0.0406,10.5515,-0.033783,-0.99725,-0.074108,0
9704,17.7333,0.007317,0.0379,10.5209,-0.030583,-0.997564,-0.069756,0
9705,17.75,0.0036,0.0395,10.485,-0.0359,-0.997859,-0.065403,0
9706,17.7667,0.008383,0.0404,10.453,-0.032017,-0.998135,-0.061049,0
9707,17.7833,0.00165,0.0404,10.4142,-0.03875,-0.998392,-0.056693,0
9708,17.8,0.003283,0.0397,10.3778,-0.036417,-0.99863,-0.052336,0
9709,17.8167,0.002967,0.0409,10.3399,-0.037933,-0.998848,-0.047978,0
9710,17.8333,0.003017,0.0394,10.3035,-0.036383,-0.999048,-0.043619,0
9711,17.85,0.0,0.0409,10.2626,-0.0409,-0.999229,-0.03926,0
9712,17.8667,0.003133,0.0405,10.2252,-0.037367,-0.999391,-0.034899,0
9713,17.8833,0.004433,0.0374,10.1922,-0.032967,-0.999534,-0.030539,0
9714,17.9,0.001333,0.0402,10.1533,-0.038867,-0.999657,-0.026177,0
9715,17.9167,0.0,0.0412,10.1121,-0.0412,-0.999762,-0.021815,0
9716,17.9333,0.0,0.0372,10.0749,-0.0372,-0.999848,-0.017452,0
9717,17.95,0.0,0.0391,10.0358,-0.0391,-0.999914,-0.01309,0
9718,17.9667,0.0,0.0414,9.9944,-0.0414,-0.999962,-0.008727,0
9719,17.9833,0.0,0.0372,9.9572,-0.0372,-0.99999,-0.004363,0
9720,18.0,0.0,0.0893,9.8679,-0.0893,-1.0,-0.0,0
9721,18.0167,0.0,0.087,9.7809,-0.087,-0.99999,0.004363,0
9722,18.0333,0.0,0.0903,9.6906,-0.0903,-0.999962,0.008727,0
9723,18.05,0.0,0.0915,9.5991,-0.0915,-0.999914,0.01309,0
9724,18.0667,0.0,0.0886,9.5105,-0.0886,-0.999848,0.017452,0
9725,18.0833,0.0,0.0917,9.4188,-0.0917,-0.999762,0.021815,0
9726,18.1,0.0,0.0913,9.3275,-0.0913,-0.999657,0.026177,0
9727,18.1167,0.0,0.0905,9.237,-0.0905,-0.999534,0.030539,0
9728,18.1333,0.0,0.0928,9.1442,-0.0928,-0.999391,0.034899,0
9729,18.15,0.0,0.0907,9.0535,-0.0907,-0.999229,0.03926,0
9730,18.1667,0.0,0.0896,8.9639,-0.0896,-0.999048,0.043619,0
9731,18.1833,0.0,0.092,8.8719,-0.092,-0.998848,0.047978,0
9732,18.2,0.0,0.09,8.7819,-0.09,-0.99863,0.052336,0
9733,18.2167,0.0,0.0896,8.6923,-0.0896,-0.998392,0.056693,0
9734,18.2333,0.0,0.088,8.6043,-0.088,-0.998135,0.061049,0
9735,18.25,0.0,0.0907,8.5136,-0.0907,-0.997859,0.065403,0
9736,18.2667,0.0,0.0908,8.4228,-0.0908,-0.997564,0.069756,0
9737,18.2833,0.0,0.0914,8.3314,-0.0914,-0.99725,0.074108,0
9738,18.3,0.0,0.0905,8.2409,-0.0905,-0.996917,0.078459,0
9739,18.3167,0.0,0.0935,8.1474,-0.0935,-0.996566,0.082808,0
9740,18.3333,0.0,0.0929,8.0545,-0.0929,-0.996195,0.087156,0
9741,18.35,0.0,0.0911,7.9634,-0.0911,-0.995805,0.091502,0
9742,18.3667,0.0,0.0901,7.8733,-0.0901,-0.995396,0.095846,0
9743,18.3833,0.0,0.0907,7.7826,-0.0907,-0.994969,0.100188,0
9744,18.4,0.0,0.0909,7.6917,-0.0909,-0.994522,0.104528,0
9745,18.4167,0.0,0.0928,7.5989,-0.0928,-0.994056,0.108867,0
9746,18.4333,0.0,0.0885,7.5104,-0.0885,-0.993572,0.113203,0
9747,18.45,0.0,0.0889,7.4215,-0.0889,-0.993068,0.117537,0
9748,18.4667,0.0,0.0924,7.3291,-0.0924,-0.992546,0.121869,0
9749,18.4833,0.0,0.0905,7.2386,-0.0905,-0.992005,0.126199,0
9750,18.5,0.0,0.0883,7.1503,-0.0883,-0.991445,0.130526,0
9751,18.5167,0.0,0.0869,7.0634,-0.0869,-0.990866,0.134851,0
9752,18.5333,0.0,0.0892,6.9742,-0.0892,-0.990268,0.139173,0
9753,18.55,0.0,0.0867,6.8875,-0.0867,-0.989651,0.143493,0
9754,18.5667,0.0,0.0879,6.7996,-0.0879,-0.989016,0.147809,0
9755,18.5833,0.0,0.1669,6.6327,-0.1669,-0.988362,0.152123,0
9756,18.6,0.0,0.1673,6.4654,-0.1673,-0.987688,0.156434,0
9757,18.6167,0.0,0.1702,6.2952,-0.1702,-0.986996,0.160743,0
9758,18.6333,0.0,0.1712,6.124,-0.1712,-0.986286,0.165048,0
9759,18.65,0.0,0.1755,5.9485,-0.1755,-0.985556,0.16935,0
9760,18.6667,0.0,0.174,5.7745,-0.174,-0.984808,0.173648,0
9761,18.6833,0.0,0.1648,5.6097,-0.1648,-0.984041,0.177944,0
9762,18.7,0.0,0.1725,5.4372,-0.1725,-0.983255,0.182236,0
9763,18.7167,0.0,0.1731,5.2641,-0.1731,-0.98245,0.186524,0
9764,18.7333,0.0,0.1716,5.0925,-0.1716,-0.981627,0.190809,0
9765,18.75,0.0,0.1702,4.9223,-0.1702,-0.980785,0.19509,0
9766,18.7667,0.0,0.1682,4.7541,-0.1682,-0.979925,0.199368,0
9767,18.7833,0.0,0.1749,4.5792,-0.1749,-0.979045,0.203642,0
9768,18.8,0.0,0.1695,4.4097,-0.1695,-0.978148,0.207912,0
9769,18.8167,0.0,0.1725,4.2372,-0.1725,-0.977231,0.212178,0
9770,18.8333,0.0,0.1689,4.0683,-0.1689,-0.976296,0.21644,0
9771,18.85,0.0,0.1725,3.8958,-0.1725,-0.975342,0.220697,0
9772,18.8667,0.0,0.1714,3.7244,-0.1714,-0.97437,0.224951,0
9773,18.8833,0.0,0.172,3.5524,-0.172,-0.973379,0.2292,0
9774,18.9,0.0,0.1691,3.3833,-0.1691,-0.97237,0.233445,0
9775,18.9167,0.0,0.1717,3.2116,-0.1717,-0.971342,0.237686,0
9776,18.9333,0.0,0.1714,3.0402,-0.1714,-0.970296,0.241922,0
9777,18.95,0.0,0.1703,2.8699,-0.1703,-0.969231,0.246153,0
9778,18.9667,0.0,0.1695,2.7004,-0.1695,-0.968148,0.25038,0
9779,18.9833,0.0,0.1671,2.5333,-0.1671,-0.967046,0.254602,0
9780,19.0,0.0,0.1711,2.3622,-0.1711,-0.965926,0.258819,0
9781,19.0167,0.0,0.1731,2.1891,-0.1731,-0.964787,0.263031,0
9782,19.0333,0.0,0.174,2.0151,-0.174,-0.96363,0.267238,0
9783,19.05,0.0,0.1669,1.8482,-0.1669,-0.962455,0.27144,0
9784,19.0667,0.0,0.17,1.6782,-0.17,-0.961262,0.275637,0
9785,19.0833,0.0,0.1711,1.5071,-0.1711,-0.96005,0.279829,0
9786,19.1,0.0,0.1682,1.3389,-0.1682,-0.95882,0.284015,0
9787,19.1167,0.0,0.1741,1.1648,-0.1741,-0.957571,0.288196,0
9788,19.1333,0.0,0.1711,0.9937,-0.1711,-0.956305,0.292372,0
9789,19.15,0.0,0.1701,0.8236,-0.1701,-0.95502,0.296542,0
9790,19.1667,0.0,0.1665,0.6571,-0.1665,-0.953717,0.300706,0
9791,19.1833,0.0,0.1691,0.488,-0.1691,-0.952396,0.304864,0
9792,19.2,0.0,0.1735,0.3145,-0.1735,-0.951057,0.309017,0
9793,19.2167,0.0,0.1693,0.1452,-0.1693,-0.949699,0.313164,0
9794,19.2333,0.0,0.1715,0.0,-0.1715,-0.948324,0.317305,1
9795,19.25,0.0,0.1734,0.0,-0.1734,-0.94693,0.321439,1
9796,19.2667,0.0,0.1729,0.0,-0.1729,-0.945519,0.325568,1
9797,19.2833,0.0,0.1689,0.0,-0.1689,-0.944089,0.329691,1
9798,19.3,0.0,0.1676,0.0,-0.1676,-0.942641,0.333807,1
9799,19.3167,0.0,0.1702,0.0,-0.1702,-0.941176,0.337917,1
9800,19.3333,0.0,0.1699,0.0,-0.1699,-0.939693,0.34202,1
9801,19.35,0.0,0.1706,0.0,-0.1706,-0.938191,0.346117,1
9802,19.3667,0.0,0.1719,0.0,-0.1719,-0.936672,0.350207,1
9803,19.3833,0.0,0.1767,0.0,-0.1767,-0.935135,0.354291,1
9804,19.4,0.0,0.1705,0.0,-0.1705,-0.93358,0.358368,1
9805,19.4167,0.0,0.1723,0.0,-0.1723,-0.932008,0.362438,1
9806,19.4333,0.0,0.1714,0.0,-0.1714,-0.930418,0.366501,1
9807,19.45,0.0,0.1731,0.0,-0.1731,-0.92881,0.370557,1
9808,19.4667,0.0,0.1703,0.0,-0.1703,-0.927184,0.374607,1
9809,19.4833,0.0,0.1742,0.0,-0.1742,-0.925541,0.378649,1
9810,19.5,0.0,0.1655,0.0,-0.1655,-0.92388,0.382683,1
9811,19.5167,0.0,0.1698,0.0,-0.1698,-0.922201,0.386711,1
9812,19.5333,0.0,0.0871,0.0,-0.0871,-0.920505,0.390731,1
9813,19.55,0.0,0.087,0.0,-0.087,-0.918791,0.394744,1
9814,19.5667,0.0,0.0879,0.0,-0.0879,-0.91706,0.398749,1
9815,19.5833,0.0,0.0897,0.0,-0.0897,-0.915311,0.402747,1
9816,19.6,0.0,0.0904,0.0,-0.0904,-0.913545,0.406737,1
9817,19.6167,0.0,0.0908,0.0,-0.0908,-0.911762,0.410719,1
9818,19.6333,0.0,0.0907,0.0,-0.0907,-0.909961,0.414693,1
9819,19.65,0.0,0.0875,0.0,-0.0875,-0.908143,0.41866,1
9820,19.6667,0.0,0.0861,0.0,-0.0861,-0.906308,0.422618,1
9821,19.6833,0.0,0.0901,0.0,-0.0901,-0.904455,0.426569,1
9822,19.7,0.0,0.1681,0.0,-0.1681,-0.902585,0.430511,1
9823,19.7167,0.0,0.1665,0.0,-0.1665,-0.900698,0.434445,1
9824,19.7333,0.0,0.1638,0.0,-0.1638,-0.898794,0.438371,1
9825,19.75,0.0,0.1692,0.0,-0.1692,-0.896873,0.442289,1
9826,19.7667,0.0,0.1649,0.0,-0.1649,-0.894934,0.446198,1
9827,19.7833,0.0,0.1675,0.0,-0.1675,-0.892979,0.450098,1
9828,19.8,0.0,0.1687,0.0,-0.1687,-0.891007,0.45399,1
9829,19.8167,0.0,0.1651,0.0,-0.1651,-0.889017,0.457874,1
9830,19.8333,0.0,0.1676,0.0,-0.1676,-0.887011,0.461749,1
9831,19.85,0.0,0.1623,0.0,-0.1623,-0.884988,0.465615,1
9832,19.8667,0.0,0.1662,0.0,-0.1662,-0.882948,0.469472,1
9833,19.8833,0.0,0.167,0.0,-0.167,-0.880891,0.47332,1
9834,19.9,0.0,0.1652,0.0,-0.1652,-0.878817,0.477159,1
9835,19.9167,0.0,0.1655,0.0,-0.1655,-0.876727,0.480989,1
9836,19.9333,0.0,0.166,0.0,-0.166,-0.87462,0.48481,1
9837,19.95,0.0,0.1655,0.0,-0.1655,-0.872496,0.488621,1
9838,19.9667,0.0,0.168,0.0,-0.168,-0.870356,0.492424,1
9839,19.9833,0.0,0.1704,0.0,-0.1704,-0.868199,0.496217,1
9840,20.0,0.0,0.1684,0.0,-0.1684,-0.866025,0.5,1
9841,20.0167,0.0,0.1647,0.0,-0.1647,-0.863836,0.503774,1
9842,20.0333,0.0,0.1693,0.0,-0.1693,-0.861629,0.507538,1
9843,20.05,0.0,0.1685,0.0,-0.1685,-0.859406,0.511293,1
9844,20.0667,0.0,0.1663,0.0,-0.1663,-0.857167,0.515038,1
9845,20.0833,0.0,0.1672,0.0,-0.1672,-0.854912,0.518773,1
9846,20.1,0.0,0.1682,0.0,-0.1682,-0.85264,0.522499,1
9847,20.1167,0.0,0.1686,0.0,-0.1686,-0.850352,0.526214,1
9848,20.1333,0.0,0.1672,0.0,-0.1672,-0.848048,0.529919,1
9849,20.15,0.0,0.1665,0.0,-0.1665,-0.845728,0.533615,1
9850,20.1667,0.0,0.1708,0.0,-0.1708,-0.843391,0.5373,1
9851,20.1833,0.0,0.1694,0.0,-0.1694,-0.841039,0.540974,1
9852,20.2,0.0,0.1671,0.0,-0.1671,-0.838671,0.544639,1
9853,20.2167,0.0,0.1683,0.0,-0.1683,-0.836286,0.548293,1
9854,20.2333,0.0,0.1676,0.0,-0.1676,-0.833886,0.551937,1
9855,20.25,0.0,0.1696,0.0,-0.1696,-0.83147,0.55557,1
9856,20.2667,0.0,0.1648,0.0,-0.1648,-0.829038,0.559193,1
9857,20.2833,0.0,0.1661,0.0,-0.1661,-0.82659,0.562805,1
9858,20.3,0.0,0.1623,0.0,-0.1623,-0.824126,0.566406,1
9859,20.3167,0.0,0.1653,0.0,-0.1653,-0.821647,0.569997,1
9860,20.3333,0.0,0.1622,0.0,-0.1622,-0.819152,0.573576,1
9861,20.35,0.0,0.1709,0.0,-0.1709,-0.816642,0.577145,1
9862,20.3667,0.0,0.1679,0.0,-0.1679,-0.814116,0.580703,1
9863,20.3833,0.0,0.1695,0.0,-0.1695,-0.811574,0.58425,1
9864,20.4,0.0,0.1667,0.0,-0.1667,-0.809017,0.587785,1
9865,20.4167,0.0,0.1633,0.0,-0.1633,-0.806445,0.59131,1
9866,20.4333,0.0,0.1687,0.0,-0.1687,-0.803857,0.594823,1
9867,20.45,0.0,0.1673,0.0,-0.1673,-0.801254,0.598325,1
9868,20.4667,0.0,0.1673,0.0,-0.1673,-0.798636,0.601815,1
9869,20.4833,0.0,0.1684,0.0,-0.1684,-0.796002,0.605294,1
9870,20.5,0.0,0.1656,0.0,-0.1656,-0.793353,0.608761,1
9871,20.5167,0.0,0.1703,0.0,-0.1703,-0.79069,0.612217,1
9872,20.5333,0.0,0.1633,0.0,-0.1633,-0.788011,0.615661,1
9873,20.55,0.0,0.1701,0.0,-0.1701,-0.785317,0.619094,1
9874,20.5667,0.0,0.165,0.0,-0.165,-0.782608,0.622515,1
9875,20.5833,0.0,0.1699,0.0,-0.1699,-0.779884,0.625923,1
9876,20.6,0.0,0.0933,0.0,-0.0933,-0.777146,0.62932,1
9877,20.6167,0.0,0.091,0.0,-0.091,-0.774393,0.632705,1
9878,20.6333,0.0,0.0919,0.0,-0.0919,-0.771625,0.636078,1
9879,20.65,0.0,0.086,0.0,-0.086,-0.768842,0.639439,1
9880,20.6667,0.0,0.0915,0.0,-0.0915,-0.766044,0.642788,1
9881,20.6833,0.0,0.0896,0.0,-0.0896,-0.763232,0.646124,1
9882,20.7,0.0,0.0911,0.0,-0.0911,-0.760406,0.649448,1
9883,20.7167,0.0,0.0893,0.0,-0.0893,-0.757565,0.65276,1
9884,20.7333,0.0,0.0885,0.0,-0.0885,-0.75471,0.656059,1
9885,20.75,0.0,0.0889,0.0,-0.0889,-0.75184,0.659346,1
9886,20.7667,0.0,0.0876,0.0,-0.0876,-0.748956,0.66262,1
9887,20.7833,0.0,0.0898,0.0,-0.0898,-0.746057,0.665882,1
9888,20.8,0.0,0.0877,0.0,-0.0877,-0.743145,0.669131,1
9889,20.8167,0.0,0.0922,0.0,-0.0922,-0.740218,0.672367,1
9890,20.8333,0.0,0.0911,0.0,-0.0911,-0.737277,0.67559,1
9891,20.85,0.0,0.0911,0.0,-0.0911,-0.734323,0.678801,1
9892,20.8667,0.0,0.089,0.0,-0.089,-0.731354,0.681998,1
9893,20.8833,0.0,0.0913,0.0,-0.0913,-0.728371,0.685183,1
9894,20.9,0.0,0.0895,0.0,-0.0895,-0.725374,0.688355,1
9895,20.9167,0.0,0.0908,0.0,-0.0908,-0.722364,0.691513,1
9896,20.9333,0.0,0.0897,0.0,-0.0897,-0.71934,0.694658,1
9897,20.95,0.0,0.0906,0.0,-0.0906,-0.716302,0.69779,1
9898,20.9667,0.0,0.0891,0.0,-0.0891,-0.71325,0.700909,1
9899,20.9833,0.0,0.091,0.0,-0.091,-0.710185,0.704015,1
9900,21.0,0.0,0.0885,0.0,-0.0885,-0.707107,0.707107,1
9901,21.0167,0.0,0.0898,0.0,-0.0898,-0.704015,0.710185,1
9902,21.0333,0.0,0.0898,0.0,-0.0898,-0.700909,0.71325,1
9903,21.05,0.0,0.0873,0.0,-0.0873,-0.69779,0.716302,1
9904,21.0667,0.0,0.0921,0.0,-0.0921,-0.694658,0.71934,1
9905,21.0833,0.0,0.0917,0.0,-0.0917,-0.691513,0.722364,1
9906,21.1,0.0,0.0891,0.0,-0.0891,-0.688355,0.725374,1
9907,21.1167,0.0,0.0924,0.0,-0.0924,-0.685183,0.728371,1
9908,21.1333,0.0,0.0851,0.0,-0.0851,-0.681998,0.731354,1
9909,21.15,0.0,0.092,0.0,-0.092,-0.678801,0.734323,1
9910,21.1667,0.0,0.0885,0.0,-0.0885,-0.67559,0.737277,1
9911,21.1833,0.0,0.088,0.0,-0.088,-0.672367,0.740218,1
9912,21.2,0.0,0.0937,0.0,-0.0937,-0.669131,0.743145,1
9913,21.2167,0.0,0.0906,0.0,-0.0906,-0.665882,0.746057,1
9914,21.2333,0.0,0.0914,0.0,-0.0914,-0.66262,0.748956,1
9915,21.25,0.0,0.0868,0.0,-0.0868,-0.659346,0.75184,1
9916,21.2667,0.0,0.0898,0.0,-0.0898,-0.656059,0.75471,1
9917,21.2833,0.0,0.0868,0.0,-0.0868,-0.65276,0.757565,1
9918,21.3,0.0,0.0877,0.0,-0.0877,-0.649448,0.760406,1
9919,21.3167,0.0,0.0907,0.0,-0.0907,-0.646124,0.763232,1
9920,21.3333,0.0,0.0916,0.0,-0.0916,-0.642788,0.766044,1
9921,21.35,0.0,0.0919,0.0,-0.0919,-0.639439,0.768842,1
9922,21.3667,0.0,0.0889,0.0,-0.0889,-0.636078,0.771625,1
9923,21.3833,0.0,0.0924,0.0,-0.0924,-0.632705,0.774393,1
9924,21.4,0.0,0.0887,0.0,-0.0887,-0.62932,0.777146,1
9925,21.4167,0.0,0.0902,0.0,-0.0902,-0.625923,0.779884,1
9926,21.4333,0.0,0.0873,0.0,-0.0873,-0.622515,0.782608,1
9927,21.45,0.0,0.0883,0.0,-0.0883,-0.619094,0.785317,1
9928,21.4667,0.0,0.0894,0.0,-0.0894,-0.615661,0.788011,1
9929,21.4833,0.0,0.0926,0.0,-0.0926,-0.612217,0.79069,1
9930,21.5,0.0,0.0915,0.0,-0.0915,-0.608761,0.793353,1
9931,21.5167,0.0,0.0909,0.0,-0.0909,-0.605294,0.796002,1
9932,21.5333,0.0,0.0906,0.0,-0.0906,-0.601815,0.798636,1
9933,21.55,0.0,0.0873,0.0,-0.0873,-0.598325,0.801254,1
9934,21.5667,0.0,0.0906,0.0,-0.0906,-0.594823,0.803857,1
9935,21.5833,0.0,0.0895,0.0,-0.0895,-0.59131,0.806445,1
9936,21.6,0.0,0.0899,0.0,-0.0899,-0.587785,0.809017,1
9937,21.6167,0.0,0.0916,0.0,-0.0916,-0.58425,0.811574,1
9938,21.6333,0.0,0.0885,0.0,-0.0885,-0.580703,0.814116,1
9939,21.65,0.0,0.0868,0.0,-0.0868,-0.577145,0.816642,1
9940,21.6667,0.0,0.0903,0.0,-0.0903,-0.573576,0.819152,1
9941,21.6833,0.0,0.0876,0.0,-0.0876,-0.569997,0.821647,1
9942,21.7,0.0,0.0908,0.0,-0.0908,-0.566406,0.824126,1
9943,21.7167,0.0,0.0932,0.0,-0.0932,-0.562805,0.82659,1
9944,21.7333,0.0,0.085,0.0,-0.085,-0.559193,0.829038,1
9945,21.75,0.0,0.0874,0.0,-0.0874,-0.55557,0.83147,1
9946,21.7667,0.0,0.089,0.0,-0.089,-0.551937,0.833886,1
9947,21.7833,0.0,0.0908,0.0,-0.0908,-0.548293,0.836286,1
9948,21.8,0.0,0.0956,0.0,-0.0956,-0.544639,0.838671,1
9949,21.8167,0.0,0.0875,0.0,-0.0875,-0.540974,0.841039,1
9950,21.8333,0.0,0.0888,0.0,-0.0888,-0.5373,0.843391,1
9951,21.85,0.0,0.0888,0.0,-0.0888,-0.533615,0.845728,1
9952,21.8667,0.0,0.0912,0.0,-0.0912,-0.529919,0.848048,1
9953,21.8833,0.0,0.0879,0.0,-0.0879,-0.526214,0.850352,1
9954,21.9,0.0,0.0894,0.0,-0.0894,-0.522499,0.85264,1
9955,21.9167,0.0,0.0895,0.0,-0.0895,-0.518773,0.854912,1
9956,21.9333,0.0,0.0902,0.0,-0.0902,-0.515038,0.857167,1
9957,21.95,0.0,0.093,0.0,-0.093,-0.511293,0.859406,1
9958,21.9667,0.0,0.088,0.0,-0.088,-0.507538,0.861629,1
9959,21.9833,0.0,0.0878,0.0,-0.0878,-0.503774,0.863836,1
9960,22.0,0.0,0.0211,0.0,-0.0211,-0.5,0.866025,1
9961,22.0167,0.0,0.0225,0.0,-0.0225,-0.496217,0.868199,1
9962,22.0333,0.0,0.02,0.0,-0.02,-0.492424,0.870356,1
9963,22.05,0.0,0.018,0.0,-0.018,-0.488621,0.872496,1
9964,22.0667,0.0,0.0185,0.0,-0.0185,-0.48481,0.87462,1
9965,22.0833,0.0,0.0218,0.0,-0.0218,-0.480989,0.876727,1
9966,22.1,0.0,0.0217,0.0,-0.0217,-0.477159,0.878817,1
9967,22.1167,0.0,0.0215,0.0,-0.0215,-0.47332,0.880891,1
9968,22.1333,0.0,0.0202,0.0,-0.0202,-0.469472,0.882948,1
9969,22.15,0.0,0.0232,0.0,-0.0232,-0.465615,0.884988,1
9970,22.1667,0.0,0.0217,0.0,-0.0217,-0.461749,0.887011,1
9971,22.1833,0.0,0.0204,0.0,-0.0204,-0.457874,0.889017,1
9972,22.2,0.0,0.0194,0.0,-0.0194,-0.45399,0.891007,1
9973,22.2167,0.0,0.0217,0.0,-0.0217,-0.450098,0.892979,1
9974,22.2333,0.0,0.0241,0.0,-0.0241,-0.446198,0.894934,1
9975,22.25,0.0,0.0202,0.0,-0.0202,-0.442289,0.896873,1
9976,22.2667,0.0,0.0238,0.0,-0.0238,-0.438371,0.898794,1
9977,22.2833,0.0,0.0167,0.0,-0.0167,-0.434445,0.900698,1
9978,22.3,0.0,0.0186,0.0,-0.0186,-0.430511,0.902585,1
9979,22.3167,0.0,0.0172,0.0,-0.0172,-0.426569,0.904455,1
9980,22.3333,0.0,0.02,0.0,-0.02,-0.422618,0.906308,1
9981,22.35,0.0,0.0197,0.0,-0.0197,-0.41866,0.908143,1
9982,22.3667,0.0,0.0206,0.0,-0.0206,-0.414693,0.909961,1
9983,22.3833,0.0,0.0201,0.0,-0.0201,-0.410719,0.911762,1
9984,22.4,0.0,0.0229,0.0,-0.0229,-0.406737,0.913545,1
9985,22.4167,0.0,0.0214,0.0,-0.0214,-0.402747,0.915311,1
9986,22.4333,0.0,0.0206,0.0,-0.0206,-0.398749,0.91706,1
9987,22.45,0.0,0.0193,0.0,-0.0193,-0.394744,0.918791,1
9988,22.4667,0.0,0.0223,0.0,-0.0223,-0.390731,0.920505,1
9989,22.4833,0.0,0.0219,0.0,-0.0219,-0.386711,0.922201,1
9990,22.5,0.0,0.0234,0.0,-0.0234,-0.382683,0.92388,1
9991,22.5167,0.0,0.022,0.0,-0.022,-0.378649,0.925541,1
9992,22.5333,0.0,0.0188,0.0,-0.0188,-0.374607,0.927184,1
9993,22.55,0.0,0.0187,0.0,-0.0187,-0.370557,0.92881,1
9994,22.5667,0.0,0.0199,0.0,-0.0199,-0.366501,0.930418,1
9995,22.5833,0.0,0.0229,0.0,-0.0229,-0.362438,0.932008,1
9996,22.6,0.0,0.0206,0.0,-0.0206,-0.358368,0.93358,1
9997,22.6167,0.0,0.0189,0.0,-0.0189,-0.354291,0.935135,1
9998,22.6333,0.0,0.0223,0.0,-0.0223,-0.350207,0.936672,1
9999,22.65,0.0,0.0216,0.0,-0.0216,-0.346117,0.938191,1
10000,22.6667,0.0,0.0211,0.0,-0.0211,-0.34202,0.939693,1
10001,22.6833,0.0,0.0195,0.0,-0.0195,-0.337917,0.941176,1
10002,22.7,0.0,0.0236,0.0,-0.0236,-0.333807,0.942641,1
10003,22.7167,0.0,0.0229,0.0,-0.0229,-0.329691,0.944089,1
10004,22.7333,0.0,0.0181,0.0,-0.0181,-0.325568,0.945519,1
10005,22.75,0.0,0.0239,0.0,-0.0239,-0.321439,0.94693,1
10006,22.7667,0.0,0.0217,0.0,-0.0217,-0.317305,0.948324,1
10007,22.7833,0.0,0.0194,0.0,-0.0194,-0.313164,0.949699,1
10008,22.8,0.0,0.02,0.0,-0.02,-0.309017,0.951057,1
10009,22.8167,0.0,0.0209,0.0,-0.0209,-0.304864,0.952396,1
10010,22.8333,0.0,0.0192,0.0,-0.0192,-0.300706,0.953717,1
10011,22.85,0.0,0.0208,0.0,-0.0208,-0.296542,0.95502,1
10012,22.8667,0.0,0.0209,0.0,-0.0209,-0.292372,0.956305,1
10013,22.8833,0.0,0.0267,0.0,-0.0267,-0.288196,0.957571,1
10014,22.9,0.0,0.0246,0.0,-0.0246,-0.284015,0.95882,1
10015,22.9167,0.0,0.0223,0.0,-0.0223,-0.279829,0.96005,1
10016,22.9333,0.0,0.0237,0.0,-0.0237,-0.275637,0.961262,1
10017,22.95,0.0,0.0213,0.0,-0.0213,-0.27144,0.962455,1
10018,22.9667,0.0,0.0211,0.0,-0.0211,-0.267238,0.96363,1
10019,22.9833,0.0,0.0196,0.0,-0.0196,-0.263031,0.964787,1
10020,23.0,0.0,0.0202,0.0,-0.0202,-0.258819,0.965926,1
10021,23.0167,0.0,0.0227,0.0,-0.0227,-0.254602,0.967046,1
10022,23.0333,0.0,0.0202,0.0,-0.0202,-0.25038,0.968148,1
10023,23.05,0.0,0.0203,0.0,-0.0203,-0.246153,0.969231,1
10024,23.0667,0.0,0.0188,0.0,-0.0188,-0.241922,0.970296,1
10025,23.0833,0.0,0.0202,0.0,-0.0202,-0.237686,0.971342,1
10026,23.1,0.0,0.023,0.0,-0.023,-0.233445,0.97237,1
10027,23.1167,0.0,0.0201,0.0,-0.0201,-0.2292,0.973379,1
10028,23.1333,0.0,0.024,0.0,-0.024,-0.224951,0.97437,1
10029,23.15,0.0,0.0221,0.0,-0.0221,-0.220697,0.975342,1
10030,23.1667,0.0,0.0194,0.0,-0.0194,-0.21644,0.976296,1
10031,23.1833,0.0,0.0197,0.0,-0.0197,-0.212178,0.977231,1
10032,23.2,0.0,0.0223,0.0,-0.0223,-0.207912,0.978148,1
10033,23.2167,0.0,0.0211,0.0,-0.0211,-0.203642,0.979045,1
10034,23.2333,0.0,0.0201,0.0,-0.0201,-0.199368,0.979925,1
10035,23.25,0.0,0.024,0.0,-0.024,-0.19509,0.980785,1
10036,23.2667,0.0,0.0207,0.0,-0.0207,-0.190809,0.981627,1
10037,23.2833,0.0,0.023,0.0,-0.023,-0.186524,0.98245,1
10038,23.3,0.0,0.0216,0.0,-0.0216,-0.182236,0.983255,1
10039,23.3167,0.0,0.0251,0.0,-0.0251,-0.177944,0.984041,1
10040,23.3333,0.0,0.0258,0.0,-0.0258,-0.173648,0.984808,1
10041,23.35,0.0,0.0203,0.0,-0.0203,-0.16935,0.985556,1
10042,23.3667,0.0,0.0203,0.0,-0.0203,-0.165048,0.986286,1
10043,23.3833,0.0,0.0214,0.0,-0.0214,-0.160743,0.986996,1
10044,23.4,0.0,0.0231,0.0,-0.0231,-0.156434,0.987688,1
10045,23.4167,0.0,0.0231,0.0,-0.0231,-0.152123,0.988362,1
10046,23.4333,0.0,0.0232,0.0,-0.0232,-0.147809,0.989016,1
10047,23.45,0.0,0.0217,0.0,-0.0217,-0.143493,0.989651,1
10048,23.4667,0.0,0.0212,0.0,-0.0212,-0.139173,0.990268,1
10049,23.4833,0.0,0.0223,0.0,-0.0223,-0.134851,0.990866,1
10050,23.5,0.0,0.026,0.0,-0.026,-0.130526,0.991445,1
10051,23.5167,0.0,0.0221,0.0,-0.0221,-0.126199,0.992005,1
10052,23.5333,0.0,0.0238,0.0,-0.0238,-0.121869,0.992546,1
10053,23.55,0.0,0.0207,0.0,-0.0207,-0.117537,0.993068,1
10054,23.5667,0.0,0.0252,0.0,-0.0252,-0.113203,0.993572,1
10055,23.5833,0.0,0.0207,0.0,-0.0207,-0.108867,0.994056,1
10056,23.6,0.0,0.0189,0.0,-0.0189,-0.104528,0.994522,1
10057,23.6167,0.0,0.0212,0.0,-0.0212,-0.100188,0.994969,1
10058,23.6333,0.0,0.0222,0.0,-0.0222,-0.095846,0.995396,1
10059,23.65,0.0,0.0185,0.0,-0.0185,-0.091502,0.995805,1
10060,23.6667,0.0,0.023,0.0,-0.023,-0.087156,0.996195,1
10061,23.6833,0.0,0.0227,0.0,-0.0227,-0.082808,0.996566,1
10062,23.7,0.0,0.023,0.0,-0.023,-0.078459,0.996917,1
10063,23.7167,0.0,0.0193,0.0,-0.0193,-0.074108,0.99725,1
10064,23.7333,0.0,0.0186,0.0,-0.0186,-0.069756,0.997564,1
10065,23.75,0.0,0.0228,0.0,-0.0228,-0.065403,0.997859,1
10066,23.7667,0.0,0.0226,0.0,-0.0226,-0.061049,0.998135,1
10067,23.7833,0.0,0.019,0.0,-0.019,-0.056693,0.998392,1
10068,23.8,0.0,0.02,0.0,-0.02,-0.052336,0.99863,1
10069,23.8167,0.0,0.0221,0.0,-0.0221,-0.047978,0.998848,1
10070,23.8333,0.0,0.0212,0.0,-0.0212,-0.043619,0.999048,1
10071,23.85,0.0,0.0203,0.0,-0.0203,-0.03926,0.999229,1
10072,23.8667,0.0,0.0205,0.0,-0.0205,-0.034899,0.999391,1
10073,23.8833,0.0,0.0188,0.0,-0.0188,-0.030539,0.999534,1
10074,23.9,0.0,0.0221,0.0,-0.0221,-0.026177,0.999657,1
10075,23.9167,0.0,0.0167,0.0,-0.0167,-0.021815,0.999762,1
10076,23.9333,0.0,0.0248,0.0,-0.0248,-0.017452,0.999848,1
10077,23.95,0.0,0.0196,0.0,-0.0196,-0.01309,0.999914,1
10078,23.9667,0.0,0.0219,0.0,-0.0219,-0.008727,0.999962,1
10079,23.9833,0.0,0.0191,0.0,-0.0191,-0.004363,0.99999,1
10080,0.0,0.0,0.0227,0.0,-0.0227,0.0,1.0,1
10081,0.0167,0.0,0.0175,0.0,-0.0175,0.004363,0.99999,1
10082,0.0333,0.0,0.0213,0.0,-0.0213,0.008727,0.999962,1
10083,0.05,0.0,0.0235,0.0,-0.0235,0.01309,0.999914,1
10084,0.0667,0.0,0.0243,0.0,-0.0243,0.017452,0.999848,1
10085,0.0833,0.0,0.0207,0.0,-0.0207,0.021815,0.999762,1
10086,0.1,0.0,0.0199,0.0,-0.0199,0.026177,0.999657,1
10087,0.1167,0.0,0.0231,0.0,-0.0231,0.030539,0.999534,1
10088,0.1333,0.0,0.0215,0.0,-0.0215,0.034899,0.999391,1
10089,0.15,0.0,0.0245,0.0,-0.0245,0.03926,0.999229,1
10090,0.1667,0.0,0.0218,0.0,-0.0218,0.043619,0.999048,1
10091,0.1833,0.0,0.0202,0.0,-0.0202,0.047978,0.998848,1
10092,0.2,0.0,0.0171,0.0,-0.0171,0.052336,0.99863,1
10093,0.2167,0.0,0.0218,0.0,-0.0218,0.056693,0.998392,1
10094,0.2333,0.0,0.025,0.0,-0.025,0.061049,0.998135,1
10095,0.25,0.0,0.0212,0.0,-0.0212,0.065403,0.997859,1
10096,0.2667,0.0,0.0212,0.0,-0.0212,0.069756,0.997564,1
10097,0.2833,0.0,0.0265,0.0,-0.0265,0.074108,0.99725,1
10098,0.3,0.0,0.0202,0.0,-0.0202,0.078459,0.996917,1
10099,0.3167,0.0,0.022,0.0,-0.022,0.082808,0.996566,1
10100,0.3333,0.0,0.0202,0.0,-0.0202,0.087156,0.996195,1
10101,0.35,0.0,0.0252,0.0,-0.0252,0.091502,0.995805,1
10102,0.3667,0.0,0.0217,0.0,-0.0217,0.095846,0.995396,1
10103,0.3833,0.0,0.0233,0.0,-0.0233,0.100188,0.994969,1
10104,0.4,0.0,0.0206,0.0,-0.0206,0.104528,0.994522,1
10105,0.4167,0.0,0.0198,0.0,-0.0198,0.108867,0.994056,1
10106,0.4333,0.0,0.0232,0.0,-0.0232,0.113203,0.993572,1
10107,0.45,0.0,0.0223,0.0,-0.0223,0.117537,0.993068,1
10108,0.4667,0.0,0.0226,0.0,-0.0226,0.121869,0.992546,1
10109,0.4833,0.0,0.0207,0.0,-0.0207,0.126199,0.992005,1
10110,0.5,0.0,0.0211,0.0,-0.0211,0.130526,0.991445,1
10111,0.5167,0.0,0.0185,0.0,-0.0185,0.134851,0.990866,1
10112,0.5333,0.0,0.0201,0.0,-0.0201,0.139173,0.990268,1
10113,0.55,0.0,0.0241,0.0,-0.0241,0.143493,0.989651,1
10114,0.5667,0.0,0.0221,0.0,-0.0221,0.147809,0.989016,1
10115,0.5833,0.0,0.0239,0.0,-0.0239,0.152123,0.988362,1
10116,0.6,0.0,0.0205,0.0,-0.0205,0.156434,0.987688,1
10117,0.6167,0.0,0.0172,0.0,-0.0172,0.160743,0.986996,1
10118,0.6333,0.0,0.0203,0.0,-0.0203,0.165048,0.986286,1
10119,0.65,0.0,0.0194,0.0,-0.0194,0.16935,0.985556,1
10120,0.6667,0.0,0.0254,0.0,-0.0254,0.173648,0.984808,1
10121,0.6833,0.0,0.0186,0.0,-0.0186,0.177944,0.984041,1
10122,0.7,0.0,0.0217,0.0,-0.0217,0.182236,0.983255,1
10123,0.7167,0.0,0.0232,0.0,-0.0232,0.186524,0.98245,1
10124,0.7333,0.0,0.0209,0.0,-0.0209,0.190809,0.981627,1
10125,0.75,0.0,0.0218,0.0,-0.0218,0.19509,0.980785,1
10126,0.7667,0.0,0.0239,0.0,-0.0239,0.199368,0.979925,1
10127,0.7833,0.0,0.0203,0.0,-0.0203,0.203642,0.979045,1
10128,0.8,0.0,0.0233,0.0,-0.0233,0.207912,0.978148,1
10129,0.8167,0.0,0.0197,0.0,-0.0197,0.212178,0.977231,1
10130,0.8333,0.0,0.0185,0.0,-0.0185,0.21644,0.976296,1
10131,0.85,0.0,0.0201,0.0,-0.0201,0.220697,0.975342,1
10132,0.8667,0.0,0.0212,0.0,-0.0212,0.224951,0.97437,1
10133,0.8833,0.0,0.0236,0.0,-0.0236,0.2292,0.973379,1
10134,0.9,0.0,0.0188,0.0,-0.0188,0.233445,0.97237,1
10135,0.9167,0.0,0.0246,0.0,-0.0246,0.237686,0.971342,1
10136,0.9333,0.0,0.0252,0.0,-0.0252,0.241922,0.970296,1
10137,0.95,0.0,0.0245,0.0,-0.0245,0.246153,0.969231,1
10138,0.9667,0.0,0.0243,0.0,-0.0243,0.25038,0.968148,1
10139,0.9833,0.0,0.0228,0.0,-0.0228,0.254602,0.967046,1
10140,1.0,0.0,0.0211,0.0,-0.0211,0.258819,0.965926,1
10141,1.0167,0.0,0.0215,0.0,-0.0215,0.263031,0.964787,1
10142,1.0333,0.0,0.0233,0.0,-0.0233,0.267238,0.96363,1
10143,1.05,0.0,0.0171,0.0,-0.0171,0.27144,0.962455,1
10144,1.0667,0.0,0.0186,0.0,-0.0186,0.275637,0.961262,1
10145,1.0833,0.0,0.0233,0.0,-0.0233,0.279829,0.96005,1
10146,1.1,0.0,0.0244,0.0,-0.0244,0.284015,0.95882,1
10147,1.1167,0.0,0.024,0.0,-0.024,0.288196,0.957571,1
10148,1.1333,0.0,0.0241,0.0,-0.0241,0.292372,0.956305,1
10149,1.15,0.0,0.0215,0.0,-0.0215,0.296542,0.95502,1
10150,1.1667,0.0,0.0233,0.0,-0.0233,0.300706,0.953717,1
10151,1.1833,0.0,0.0241,0.0,-0.0241,0.304864,0.952396,1
10152,1.2,0.0,0.0192,0.0,-0.0192,0.309017,0.951057,1
10153,1.2167,0.0,0.0214,0.0,-0.0214,0.313164,0.949699,1
10154,1.2333,0.0,0.0207,0.0,-0.0207,0.317305,0.948324,1
10155,1.25,0.0,0.0199,0.0,-0.0199,0.321439,0.94693,1
10156,1.2667,0.0,0.0227,0.0,-0.0227,0.325568,0.945519,1
10157,1.2833,0.0,0.0219,0.0,-0.0219,0.329691,0.944089,1
10158,1.3,0.0,0.0204,0.0,-0.0204,0.333807,0.942641,1
10159,1.3167,0.0,0.0225,0.0,-0.0225,0.337917,0.941176,1
10160,1.3333,0.0,0.0235,0.0,-0.0235,0.34202,0.939693,1
10161,1.35,0.0,0.0234,0.0,-0.0234,0.346117,0.938191,1
10162,1.3667,0.0,0.0214,0.0,-0.0214,0.350207,0.936672,1
10163,1.3833,0.0,0.0196,0.0,-0.0196,0.354291,0.935135,1
10164,1.4,0.0,0.0185,0.0,-0.0185,0.358368,0.93358,1
10165,1.4167,0.0,0.023,0.0,-0.023,0.362438,0.932008,1
10166,1.4333,0.0,0.021,0.0,-0.021,0.366501,0.930418,1
10167,1.45,0.0,0.0222,0.0,-0.0222,0.370557,0.92881,1
10168,1.4667,0.0,0.0229,0.0,-0.0229,0.374607,0.927184,1
10169,1.4833,0.0,0.0251,0.0,-0.0251,0.378649,0.925541,1
10170,1.5,0.0,0.0233,0.0,-0.0233,0.382683,0.92388,1
10171,1.5167,0.0,0.0214,0.0,-0.0214,0.386711,0.922201,1
10172,1.5333,0.0,0.0241,0.0,-0.0241,0.390731,0.920505,1
10173,1.55,0.0,0.0187,0.0,-0.0187,0.394744,0.918791,1
10174,1.5667,0.0,0.0242,0.0,-0.0242,0.398749,0.91706,1
10175,1.5833,0.0,0.0177,0.0,-0.0177,0.402747,0.915311,1
10176,1.6,0.0,0.0211,0.0,-0.0211,0.406737,0.913545,1
10177,1.6167,0.0,0.0206,0.0,-0.0206,0.410719,0.911762,1
10178,1.6333,0.0,0.0202,0.0,-0.0202,0.414693,0.909961,1
10179,1.65,0.0,0.0208,0.0,-0.0208,0.41866,0.908143,1
10180,1.6667,0.0,0.0195,0.0,-0.0195,0.422618,0.906308,1
10181,1.6833,0.0,0.0218,0.0,-0.0218,0.426569,0.904455,1
10182,1.7,0.0,0.0196,0.0,-0.0196,0.430511,0.902585,1
10183,1.7167,0.0,0.0221,0.0,-0.0221,0.434445,0.900698,1
10184,1.7333,0.0,0.022,0.0,-0.022,0.438371,0.898794,1
10185,1.75,0.0,0.0233,0.0,-0.0233,0.442289,0.896873,1
10186,1.7667,0.0,0.0211,0.0,-0.0211,0.446198,0.894934,1
10187,1.7833,0.0,0.0245,0.0,-0.0245,0.450098,0.892979,1
10188,1.8,0.0,0.0192,0.0,-0.0192,0.45399,0.891007,1
10189,1.8167,0.0,0.0222,0.0,-0.0222,0.457874,0.889017,1
10190,1.8333,0.0,0.0197,0.0,-0.0197,0.461749,0.887011,1
10191,1.85,0.0,0.0205,0.0,-0.0205,0.465615,0.884988,1
10192,1.8667,0.0,0.0186,0.0,-0.0186,0.469472,0.882948,1
10193,1.8833,0.0,0.0231,0.0,-0.0231,0.47332,0.880891,1
10194,1.9,0.0,0.0222,0.0,-0.0222,0.477159,0.878817,1
10195,1.9167,0.0,0.0169,0.0,-0.0169,0.480989,0.876727,1
10196,1.9333,0.0,0.0209,0.0,-0.0209,0.48481,0.87462,1
10197,1.95,0.0,0.0243,0.0,-0.0243,0.488621,0.872496,1
10198,1.9667,0.0,0.0221,0.0,-0.0221,0.492424,0.870356,1
10199,1.9833,0.0,0.0213,0.0,-0.0213,0.496217,0.868199,1
10200,2.0,0.0,0.0217,0.0,-0.0217,0.5,0.866025,1
10201,2.0167,0.0,0.0226,0.0,-0.0226,0.503774,0.863836,1
10202,2.0333,0.0,0.0188,0.0,-0.0188,0.507538,0.861629,1
10203,2.05,0.0,0.0199,0.0,-0.0199,0.511293,0.859406,1
10204,2.0667,0.0,0.0222,0.0,-0.0222,0.515038,0.857167,1
10205,2.0833,0.0,0.0185,0.0,-0.0185,0.518773,0.854912,1
10206,2.1,0.0,0.0216,0.0,-0.0216,0.522499,0.85264,1
10207,2.1167,0.0,0.0206,0.0,-0.0206,0.526214,0.850352,1
10208,2.1333,0.0,0.021,0.0,-0.021,0.529919,0.848048,1
10209,2.15,0.0,0.0259,0.0,-0.0259,0.533615,0.845728,1
10210,2.1667,0.0,0.0216,0.0,-0.0216,0.5373,0.843391,1
10211,2.1833,0.0,0.0221,0.0,-0.0221,0.540974,0.841039,1
10212,2.2,0.0,0.0231,0.0,-0.0231,0.544639,0.838671,1
10213,2.2167,0.0,0.0226,0.0,-0.0226,0.548293,0.836286,1
10214,2.2333,0.0,0.0209,0.0,-0.0209,0.551937,0.833886,1
10215,2.25,0.0,0.0188,0.0,-0.0188,0.55557,0.83147,1
10216,2.2667,0.0,0.0204,0.0,-0.0204,0.559193,0.829038,1
10217,2.2833,0.0,0.0202,0.0,-0.0202,0.562805,0.82659,1
10218,2.3,0.0,0.0195,0.0,-0.0195,0.566406,0.824126,1
10219,2.3167,0.0,0.0199,0.0,-0.0199,0.569997,0.821647,1
10220,2.3333,0.0,0.02,0.0,-0.02,0.573576,0.819152,1
10221,2.35,0.0,0.0196,0.0,-0.0196,0.577145,0.816642,1
10222,2.3667,0.0,0.0218,0.0,-0.0218,0.580703,0.814116,1
10223,2.3833,0.0,0.0186,0.0,-0.0186,0.58425,0.811574,1
10224,2.4,0.0,0.0181,0.0,-0.0181,0.587785,0.809017,1
10225,2.4167,0.0,0.0222,0.0,-0.0222,0.59131,0.806445,1
10226,2.4333,0.0,0.021,0.0,-0.021,0.594823,0.803857,1
10227,2.45,0.0,0.0226,0.0,-0.0226,0.598325,0.801254,1
10228,2.4667,0.0,0.0224,0.0,-0.0224,0.601815,0.798636,1
10229,2.4833,0.0,0.0217,0.0,-0.0217,0.605294,0.796002,1
10230,2.5,0.0,0.0204,0.0,-0.0204,0.608761,0.793353,1
10231,2.5167,0.0,0.0227,0.0,-0.0227,0.612217,0.79069,1
10232,2.5333,0.0,0.02,0.0,-0.02,0.615661,0.788011,1
10233,2.55,0.0,0.0183,0.0,-0.0183,0.619094,0.785317,1
10234,2.5667,0.0,0.0214,0.0,-0.0214,0.622515,0.782608,1
10235,2.5833,0.0,0.0206,0.0,-0.0206,0.625923,0.779884,1
10236,2.6,0.0,0.0187,0.0,-0.0187,0.62932,0.777146,1
10237,2.6167,0.0,0.0203,0.0,-0.0203,0.632705,0.774393,1
10238,2.6333,0.0,0.0237,0.0,-0.0237,0.636078,0.771625,1
10239,2.65,0.0,0.0214,0.0,-0.0214,0.639439,0.768842,1
10240,2.6667,0.0,0.1021,0.0,-0.1021,0.642788,0.766044,1
10241,2.6833,0.0,0.1019,0.0,-0.1019,0.646124,0.763232,1
10242,2.7,0.0,0.0956,0.0,-0.0956,0.649448,0.760406,1
10243,2.7167,0.0,0.0983,0.0,-0.0983,0.65276,0.757565,1
10244,2.7333,0.0,0.0996,0.0,-0.0996,0.656059,0.75471,1
10245,2.75,0.0,0.1014,0.0,-0.1014,0.659346,0.75184,1
10246,2.7667,0.0,0.1,0.0,-0.1,0.66262,0.748956,1
10247,2.7833,0.0,0.098,0.0,-0.098,0.665882,0.746057,1
10248,2.8,0.0,0.099,0.0,-0.099,0.669131,0.743145,1
10249,2.8167,0.0,0.0967,0.0,-0.0967,0.672367,0.740218,1
10250,2.8333,0.0,0.0967,0.0,-0.0967,0.67559,0.737277,1
10251,2.85,0.0,0.099,0.0,-0.099,0.678801,0.734323,1
10252,2.8667,0.0,0.0981,0.0,-0.0981,0.681998,0.731354,1
10253,2.8833,0.0,0.0969,0.0,-0.0969,0.685183,0.728371,1
10254,2.9,0.0,0.0982,0.0,-0.0982,0.688355,0.725374,1
10255,2.9167,0.0,0.0984,0.0,-0.0984,0.691513,0.722364,1
10256,2.9333,0.0,0.0961,0.0,-0.0961,0.694658,0.71934,1
10257,2.95,0.0,0.0995,0.0,-0.0995,0.69779,0.716302,1
10258,2.9667,0.0,0.1021,0.0,-0.1021,0.700909,0.71325,1
10259,2.9833,0.0,0.0932,0.0,-0.0932,0.704015,0.710185,1
10260,3.0,0.0,0.0954,0.0,-0.0954,0.707107,0.707107,1
10261,3.0167,0.0,0.097,0.0,-0.097,0.710185,0.704015,1
10262,3.0333,0.0,0.0974,0.0,-0.0974,0.71325,0.700909,1
10263,3.05,0.0,0.0984,0.0,-0.0984,0.716302,0.69779,1
10264,3.0667,0.0,0.0948,0.0,-0.0948,0.71934,0.694658,1
10265,3.0833,0.0,0.0986,0.0,-0.0986,0.722364,0.691513,1
10266,3.1,0.0,0.0948,0.0,-0.0948,0.725374,0.688355,1
10267,3.1167,0.0,0.097,0.0,-0.097,0.728371,0.685183,1
10268,3.1333,0.0,0.1004,0.0,-0.1004,0.731354,0.681998,1
10269,3.15,0.0,0.0965,0.0,-0.0965,0.734323,0.678801,1
10270,3.1667,0.0,0.0988,0.0,-0.0988,0.737277,0.67559,1
10271,3.1833,0.0,0.1015,0.0,-0.1015,0.740218,0.672367,1
10272,3.2,0.0,0.0987,0.0,-0.0987,0.743145,0.669131,1
10273,3.2167,0.0,0.1022,0.0,-0.1022,0.746057,0.665882,1
10274,3.2333,0.0,0.101,0.0,-0.101,0.748956,0.66262,1
10275,3.25,0.0,0.0978,0.0,-0.0978,0.75184,0.659346,1
10276,3.2667,0.0,0.0214,0.0,-0.0214,0.75471,0.656059,1
10277,3.2833,0.0,0.0217,0.0,-0.0217,0.757565,0.65276,1
10278,3.3,0.0,0.0242,0.0,-0.0242,0.760406,0.649448,1
10279,3.3167,0.0,0.0249,0.0,-0.0249,0.763232,0.646124,1
10280,3.3333,0.0,0.0211,0.0,-0.0211,0.766044,0.642788,1
10281,3.35,0.0,0.0221,0.0,-0.0221,0.768842,0.639439,1
10282,3.3667,0.0,0.0249,0.0,-0.0249,0.771625,0.636078,1
10283,3.3833,0.0,0.0201,0.0,-0.0201,0.774393,0.632705,1
10284,3.4,0.0,0.0226,0.0,-0.0226,0.777146,0.62932,1
10285,3.4167,0.0,0.0207,0.0,-0.0207,0.779884,0.625923,1
10286,3.4333,0.0,0.0229,0.0,-0.0229,0.782608,0.622515,1
10287,3.45,0.0,0.0192,0.0,-0.0192,0.785317,0.619094,1
10288,3.4667,0.0,0.0234,0.0,-0.0234,0.788011,0.615661,1
10289,3.4833,0.0,0.0248,0.0,-0.0248,0.79069,0.612217,1
10290,3.5,0.0,0.0203,0.0,-0.0203,0.793353,0.608761,1
10291,3.5167,0.0,0.0206,0.0,-0.0206,0.796002,0.605294,1
10292,3.5333,0.0,0.0216,0.0,-0.0216,0.798636,0.601815,1
10293,3.55,0.0,0.0261,0.0,-0.0261,0.801254,0.598325,1
10294,3.5667,0.0,0.0198,0.0,-0.0198,0.803857,0.594823,1
10295,3.5833,0.0,0.0175,0.0,-0.0175,0.806445,0.59131,1
10296,3.6,0.0,0.0241,0.0,-0.0241,0.809017,0.587785,1
10297,3.6167,0.0,0.0242,0.0,-0.0242,0.811574,0.58425,1
10298,3.6333,0.0,0.0215,0.0,-0.0215,0.814116,0.580703,1
10299,3.65,0.0,0.0223,0.0,-0.0223,0.816642,0.577145,1
10300,3.6667,0.0,0.0225,0.0,-0.0225,0.819152,0.573576,1
10301,3.6833,0.0,0.0197,0.0,-0.0197,0.821647,0.569997,1
10302,3.7,0.0,0.0209,0.0,-0.0209,0.824126,0.566406,1
10303,3.7167,0.0,0.0247,0.0,-0.0247,0.82659,0.562805,1
10304,3.7333,0.0,0.0213,0.0,-0.0213,0.829038,0.559193,1
10305,3.75,0.0,0.0241,0.0,-0.0241,0.83147,0.55557,1
10306,3.7667,0.0,0.0248,0.0,-0.0248,0.833886,0.551937,1
10307,3.7833,0.0,0.022,0.0,-0.022,0.836286,0.548293,1
10308,3.8,0.0,0.0239,0.0,-0.0239,0.838671,0.544639,1
10309,3.8167,0.0,0.0205,0.0,-0.0205,0.841039,0.540974,1
10310,3.8333,0.0,0.021,0.0,-0.021,0.843391,0.5373,1
10311,3.85,0.0,0.0219,0.0,-0.0219,0.845728,0.533615,1
10312,3.8667,0.0,0.0185,0.0,-0.0185,0.848048,0.529919,1
10313,3.8833,0.0,0.0246,0.0,-0.0246,0.850352,0.526214,1
10314,3.9,0.0,0.0244,0.0,-0.0244,0.85264,0.522499,1
10315,3.9167,0.0,0.0166,0.0,-0.0166,0.854912,0.518773,1
10316,3.9333,0.0,0.0205,0.0,-0.0205,0.857167,0.515038,1
10317,3.95,0.0,0.0192,0.0,-0.0192,0.859406,0.511293,1
10318,3.9667,0.0,0.0217,0.0,-0.0217,0.861629,0.507538,1
10319,3.9833,0.0,0.0194,0.0,-0.0194,0.863836,0.503774,1
10320,4.0,0.0,0.0205,0.0,-0.0205,0.866025,0.5,1
10321,4.0167,0.0,0.0215,0.0,-0.0215,0.868199,0.496217,1
10322,4.0333,0.0,0.0232,0.0,-0.0232,0.870356,0.492424,1
10323,4.05,0.0,0.0224,0.0,-0.0224,0.872496,0.488621,1
10324,4.0667,0.0,0.0208,0.0,-0.0208,0.87462,0.48481,1
10325,4.0833,0.0,0.0259,0.0,-0.0259,0.876727,0.480989,1
10326,4.1,0.0,0.0242,0.0,-0.0242,0.878817,0.477159,1
10327,4.1167,0.0,0.0192,0.0,-0.0192,0.880891,0.47332,1
10328,4.1333,0.0,0.021,0.0,-0.021,0.882948,0.469472,1
10329,4.15,0.0,0.0262,0.0,-0.0262,0.884988,0.465615,1
10330,4.1667,0.0,0.0188,0.0,-0.0188,0.887011,0.461749,1
10331,4.1833,0.0,0.0231,0.0,-0.0231,0.889017,0.457874,1
10332,4.2,0.0,0.018,0.0,-0.018,0.891007,0.45399,1
10333,4.2167,0.0,0.0215,0.0,-0.0215,0.892979,0.450098,1
10334,4.2333,0.0,0.0195,0.0,-0.0195,0.894934,0.446198,1
10335,4.25,0.0,0.0196,0.0,-0.0196,0.896873,0.442289,1
10336,4.2667,0.0,0.0222,0.0,-0.0222,0.898794,0.438371,1
10337,4.2833,0.0,0.0199,0.0,-0.0199,0.900698,0.434445,1
10338,4.3,0.0,0.0205,0.0,-0.0205,0.902585,0.430511,1
10339,4.3167,0.0,0.0212,0.0,-0.0212,0.904455,0.426569,1
10340,4.3333,0.0,0.0209,0.0,-0.0209,0.906308,0.422618,1
10341,4.35,0.0,0.0208,0.0,-0.0208,0.908143,0.41866,1
10342,4.3667,0.0,0.0265,0.0,-0.0265,0.909961,0.414693,1
10343,4.3833,0.0,0.0234,0.0,-0.0234,0.911762,0.410719,1
10344,4.4,0.0,0.0193,0.0,-0.0193,0.913545,0.406737,1
10345,4.4167,0.0,0.0209,0.0,-0.0209,0.915311,0.402747,1
10346,4.4333,0.0,0.0216,0.0,-0.0216,0.91706,0.398749,1
10347,4.45,0.0,0.0208,0.0,-0.0208,0.918791,0.394744,1
10348,4.4667,0.0,0.0212,0.0,-0.0212,0.920505,0.390731,1
10349,4.4833,0.0,0.0228,0.0,-0.0228,0.922201,0.386711,1
10350,4.5,0.0,0.0188,0.0,-0.0188,0.92388,0.382683,1
10351,4.5167,0.0,0.0203,0.0,-0.0203,0.925541,0.378649,1
10352,4.5333,0.0,0.0222,0.0,-0.0222,0.927184,0.374607,1
10353,4.55,0.0,0.0222,0.0,-0.0222,0.92881,0.370557,1
10354,4.5667,0.0,0.0232,0.0,-0.0232,0.930418,0.366501,1
10355,4.5833,0.0,0.0225,0.0,-0.0225,0.932008,0.362438,1
10356,4.6,0.0,0.0202,0.0,-0.0202,0.93358,0.358368,1
10357,4.6167,0.0,0.0198,0.0,-0.0198,0.935135,0.354291,1
10358,4.6333,0.0,0.0223,0.0,-0.0223,0.936672,0.350207,1
10359,4.65,0.0,0.0225,0.0,-0.0225,0.938191,0.346117,1
10360,4.6667,0.0,0.0234,0.0,-0.0234,0.939693,0.34202,1
10361,4.6833,0.0,0.0229,0.0,-0.0229,0.941176,0.337917,1
10362,4.7,0.0,0.0208,0.0,-0.0208,0.942641,0.333807,1
10363,4.7167,0.0,0.0197,0.0,-0.0197,0.944089,0.329691,1
10364,4.7333,0.0,0.0245,0.0,-0.0245,0.945519,0.325568,1
10365,4.75,0.0,0.0223,0.0,-0.0223,0.94693,0.321439,1
10366,4.7667,0.0,0.0206,0.0,-0.0206,0.948324,0.317305,1
10367,4.7833,0.0,0.0245,0.0,-0.0245,0.949699,0.313164,1
10368,4.8,0.0,0.0231,0.0,-0.0231,0.951057,0.309017,1
10369,4.8167,0.0,0.0246,0.0,-0.0246,0.952396,0.304864,1
10370,4.8333,0.0,0.0252,0.0,-0.0252,0.953717,0.300706,1
10371,4.85,0.0,0.025,0.0,-0.025,0.95502,0.296542,1
10372,4.8667,0.0,0.0242,0.0,-0.0242,0.956305,0.292372,1
10373,4.8833,0.0,0.0238,0.0,-0.0238,0.957571,0.288196,1
10374,4.9,0.0,0.0237,0.0,-0.0237,0.95882,0.284015,1
10375,4.9167,0.0,0.023,0.0,-0.023,0.96005,0.279829,1
10376,4.9333,0.0,0.0197,0.0,-0.0197,0.961262,0.275637,1
10377,4.95,0.0,0.0215,0.0,-0.0215,0.962455,0.27144,1
10378,4.9667,0.0,0.0201,0.0,-0.0201,0.96363,0.267238,1
10379,4.9833,0.0,0.0234,0.0,-0.0234,0.964787,0.263031,1
10380,5.0,0.0,0.0212,0.0,-0.0212,0.965926,0.258819,1
10381,5.0167,0.0,0.0232,0.0,-0.0232,0.967046,0.254602,1
10382,5.0333,0.0,0.0213,0.0,-0.0213,0.968148,0.25038,1
10383,5.05,0.0,0.0202,0.0,-0.0202,0.969231,0.246153,1
10384,5.0667,0.0,0.0228,0.0,-0.0228,0.970296,0.241922,1
10385,5.0833,0.0,0.0187,0.0,-0.0187,0.971342,0.237686,1
10386,5.1,0.0,0.0226,0.0,-0.0226,0.97237,0.233445,1
10387,5.1167,0.0,0.0236,0.0,-0.0236,0.973379,0.2292,1
10388,5.1333,0.0,0.021,0.0,-0.021,0.97437,0.224951,1
10389,5.15,0.0,0.0256,0.0,-0.0256,0.975342,0.220697,1
10390,5.1667,0.0,0.0202,0.0,-0.0202,0.976296,0.21644,1
10391,5.1833,0.0,0.0211,0.0,-0.0211,0.977231,0.212178,1
10392,5.2,0.0,0.0181,0.0,-0.0181,0.978148,0.207912,1
10393,5.2167,0.0,0.0197,0.0,-0.0197,0.979045,0.203642,1
10394,5.2333,0.0,0.0195,0.0,-0.0195,0.979925,0.199368,1
10395,5.25,0.0,0.0192,0.0,-0.0192,0.980785,0.19509,1
10396,5.2667,0.0,0.0218,0.0,-0.0218,0.981627,0.190809,1
10397,5.2833,0.0,0.0193,0.0,-0.0193,0.98245,0.186524,1
10398,5.3,0.0,0.0238,0.0,-0.0238,0.983255,0.182236,1
10399,5.3167,0.0,0.0224,0.0,-0.0224,0.984041,0.177944,1
10400,5.3333,0.0,0.021,0.0,-0.021,0.984808,0.173648,1
10401,5.35,0.0,0.0191,0.0,-0.0191,0.985556,0.16935,1
10402,5.3667,0.0,0.0226,0.0,-0.0226,0.986286,0.165048,1
10403,5.3833,0.0,0.0198,0.0,-0.0198,0.986996,0.160743,1
10404,5.4,0.0,0.02,0.0,-0.02,0.987688,0.156434,1
10405,5.4167,0.0,0.0215,0.0,-0.0215,0.988362,0.152123,1
10406,5.4333,0.0,0.02,0.0,-0.02,0.989016,0.147809,1
10407,5.45,0.0,0.0227,0.0,-0.0227,0.989651,0.143493,1
10408,5.4667,0.0,0.0178,0.0,-0.0178,0.990268,0.139173,1
10409,5.4833,0.0,0.0219,0.0,-0.0219,0.990866,0.134851,1
10410,5.5,0.0,0.022,0.0,-0.022,0.991445,0.130526,1
10411,5.5167,0.0,0.0226,0.0,-0.0226,0.992005,0.126199,1
10412,5.5333,0.0,0.0209,0.0,-0.0209,0.992546,0.121869,1
10413,5.55,0.0,0.0227,0.0,-0.0227,0.993068,0.117537,1
10414,5.5667,0.0,0.0211,0.0,-0.0211,0.993572,0.113203,1
10415,5.5833,0.0,0.0241,0.0,-0.0241,0.994056,0.108867,1
10416,5.6,0.0,0.0221,0.0,-0.0221,0.994522,0.104528,1
10417,5.6167,0.0,0.0214,0.0,-0.0214,0.994969,0.100188,1
10418,5.6333,0.0,0.0183,0.0,-0.0183,0.995396,0.095846,1
10419,5.65,0.0,0.0224,0.0,-0.0224,0.995805,0.091502,1
10420,5.6667,0.0,0.0231,0.0,-0.0231,0.996195,0.087156,1
10421,5.6833,0.0,0.023,0.0,-0.023,0.996566,0.082808,1
10422,5.7,0.0,0.0234,0.0,-0.0234,0.996917,0.078459,1
10423,5.7167,0.0,0.0201,0.0,-0.0201,0.99725,0.074108,1
10424,5.7333,0.0,0.0246,0.0,-0.0246,0.997564,0.069756,1
10425,5.75,0.0,0.0207,0.0,-0.0207,0.997859,0.065403,1
10426,5.7667,0.0,0.0225,0.0,-0.0225,0.998135,0.061049,1
10427,5.7833,0.0,0.0237,0.0,-0.0237,0.998392,0.056693,1
10428,5.8,0.0,0.0206,0.0,-0.0206,0.99863,0.052336,1
10429,5.8167,0.0,0.0234,0.0,-0.0234,0.998848,0.047978,1
10430,5.8333,0.0,0.0181,0.0,-0.0181,0.999048,0.043619,1
10431,5.85,0.0,0.0219,0.0,-0.0219,0.999229,0.03926,1
10432,5.8667,0.0,0.0209,0.0,-0.0209,0.999391,0.034899,1
10433,5.8833,0.0,0.0201,0.0,-0.0201,0.999534,0.030539,1
10434,5.9,0.0,0.0228,0.0,-0.0228,0.999657,0.026177,1
10435,5.9167,0.0,0.0233,0.0,-0.0233,0.999762,0.021815,1
10436,5.9333,0.0,0.0248,0.0,-0.0248,0.999848,0.017452,1
10437,5.95,0.0,0.0197,0.0,-0.0197,0.999914,0.01309,1
10438,5.9667,0.0,0.0226,0.0,-0.0226,0.999962,0.008727,1
10439,5.9833,0.0,0.0228,0.0,-0.0228,0.99999,0.004363,1
10440,6.0,0.0,0.0407,0.0,-0.0407,1.0,0.0,1
10441,6.0167,0.0,0.04,0.0,-0.04,0.99999,-0.004363,1
10442,6.0333,0.0029,0.0399,0.0,-0.037,0.999962,-0.008727,1
10443,6.05,0.0,0.0369,0.0,-0.0369,0.999914,-0.01309,1
10444,6.0667,0.0,0.0386,0.0,-0.0386,0.999848,-0.017452,1
10445,6.0833,0.0,0.0387,0.0,-0.0387,0.999762,-0.021815,1
10446,6.1,0.005233,0.0409,0.0,-0.035667,0.999657,-0.026177,1
10447,6.1167,0.000417,0.0387,0.0,-0.038283,0.999534,-0.030539,1
10448,6.1333,0.00515,0.0414,0.0,-0.03625,0.999391,-0.034899,1
10449,6.15,0.0043,0.0391,0.0,-0.0348,0.999229,-0.03926,1
10450,6.1667,0.004833,0.0359,0.0,-0.031067,0.999048,-0.043619,1
10451,6.1833,0.002,0.0365,0.0,-0.0345,0.998848,-0.047978,1
10452,6.2,0.00485,0.0384,0.0,-0.03355,0.99863,-0.052336,1
10453,6.2167,0.004217,0.0383,0.0,-0.034083,0.998392,-0.056693,1
10454,6.2333,0.002333,0.0403,0.0,-0.037967,0.998135,-0.061049,1
10455,6.25,0.001483,0.0438,0.0,-0.042317,0.997859,-0.065403,1
10456,6.2667,0.010717,0.0409,0.0,-0.030183,0.997564,-0.069756,1
10457,6.2833,0.0,0.0379,0.0,-0.0379,0.99725,-0.074108,1
10458,6.3,0.006133,0.0397,0.0,-0.033567,0.996917,-0.078459,1
10459,6.3167,0.00805,0.0409,0.0,-0.03285,0.996566,-0.082808,1
10460,6.3333,0.003417,0.0381,0.0,-0.034683,0.996195,-0.087156,1
10461,6.35,0.006617,0.0404,0.0,-0.033783,0.995805,-0.091502,1
10462,6.3667,0.008867,0.0385,0.0,-0.029633,0.995396,-0.095846,1
10463,6.3833,0.005317,0.0404,0.0,-0.035083,0.994969,-0.100188,1
10464,6.4,0.00275,0.0379,0.0,-0.03515,0.994522,-0.104528,1
10465,6.4167,0.00985,0.0395,0.0,-0.02965,0.994056,-0.108867,1
10466,6.4333,0.01085,0.0378,0.0,-0.02695,0.993572,-0.113203,1
10467,6.45,0.011867,0.0382,0.0,-0.026333,0.993068,-0.117537,1
10468,6.4667,0.015083,0.0386,0.0,-0.023517,0.992546,-0.121869,1
10469,6.4833,0.00815,0.0411,0.0,-0.03295,0.992005,-0.126199,1
10470,6.5,0.009883,0.0392,0.0,-0.029317,0.991445,-0.130526,1
10471,6.5167,0.010917,0.0415,0.0,-0.030583,0.990866,-0.134851,1
10472,6.5333,0.014583,0.0369,0.0,-0.022317,0.990268,-0.139173,1
10473,6.55,0.013517,0.0411,0.0,-0.027583,0.989651,-0.143493,1
10474,6.5667,0.012233,0.038,0.0,-0.025767,0.989016,-0.147809,1
10475,6.5833,0.013183,0.0397,0.0,-0.026517,0.988362,-0.152123,1
10476,6.6,0.013467,0.0391,0.0,-0.025633,0.987688,-0.156434,1
10477,6.6167,0.013483,0.0377,0.0,-0.024217,0.986996,-0.160743,1
10478,6.6333,0.009633,0.0412,0.0,-0.031567,0.986286,-0.165048,1
10479,6.65,0.00855,0.0413,0.0,-0.03275,0.985556,-0.16935,1
10480,6.6667,0.01415,0.0399,0.0,-0.02575,0.984808,-0.173648,1
10481,6.6833,0.013783,0.0404,0.0,-0.026617,0.984041,-0.177944,1
10482,6.7,0.012883,0.0403,0.0,-0.027417,0.983255,-0.182236,1
10483,6.7167,0.01815,0.0384,0.0,-0.02025,0.98245,-0.186524,1
10484,6.7333,0.0126,0.0409,0.0,-0.0283,0.981627,-0.190809,1
10485,6.75,0.014667,0.0413,0.0,-0.026633,0.980785,-0.19509,1
10486,6.7667,0.012217,0.04,0.0,-0.027783,0.979925,-0.199368,1
10487,6.7833,0.015033,0.0357,0.0,-0.020667,0.979045,-0.203642,1
10488,6.8,0.016183,0.0387,0.0,-0.022517,0.978148,-0.207912,1
10489,6.8167,0.017217,0.0395,0.0,-0.022283,0.977231,-0.212178,1
10490,6.8333,0.019983,0.0391,0.0,-0.019117,0.976296,-0.21644,1
10491,6.85,0.017933,0.0389,0.0,-0.020967,0.975342,-0.220697,1
10492,6.8667,0.01635,0.0367,0.0,-0.02035,0.97437,-0.224951,1
10493,6.8833,0.01675,0.0398,0.0,-0.02305,0.973379,-0.2292,1
10494,6.9,0.016367,0.0391,0.0,-0.022733,0.97237,-0.233445,1
10495,6.9167,0.019633,0.0369,0.0,-0.017267,0.971342,-0.237686,1
10496,6.9333,0.0195,0.0388,0.0,-0.0193,0.970296,-0.241922,1
10497,6.95,0.020367,0.0399,0.0,-0.019533,0.969231,-0.246153,1
10498,6.9667,0.013933,0.0365,0.0,-0.022567,0.968148,-0.25038,1
10499,6.9833,0.017717,0.041,0.0,-0.023283,0.967046,-0.254602,1
10500,7.0,0.020717,0.0718,0.0,-0.051083,0.965926,-0.258819,1
10501,7.0167,0.02255,0.0744,0.0,-0.05185,0.964787,-0.263031,1
10502,7.0333,0.017733,0.0722,0.0,-0.054467,0.96363,-0.267238,1
10503,7.05,0.02285,0.0699,0.0,-0.04705,0.962455,-0.27144,1
10504,7.0667,0.022583,0.0723,0.0,-0.049717,0.961262,-0.275637,1
10505,7.0833,0.02115,0.0714,0.0,-0.05025,0.96005,-0.279829,1
10506,7.1,0.019167,0.0727,0.0,-0.053533,0.95882,-0.284015,1
10507,7.1167,0.0268,0.0679,0.0,-0.0411,0.957571,-0.288196,1
10508,7.1333,0.024333,0.0719,0.0,-0.047567,0.956305,-0.292372,1
10509,7.15,0.024067,0.0701,0.0,-0.046033,0.95502,-0.296542,1
10510,7.1667,0.029683,0.0708,0.0,-0.041117,0.953717,-0.300706,1
10511,7.1833,0.019417,0.0751,0.0,-0.055683,0.952396,-0.304864,1
10512,7.2,0.021633,0.0762,0.0,-0.054567,0.951057,-0.309017,1
10513,7.2167,0.022367,0.0718,0.0,-0.049433,0.949699,-0.313164,1
10514,7.2333,0.020617,0.0726,0.0,-0.051983,0.948324,-0.317305,1
10515,7.25,0.02495,0.0722,0.0,-0.04725,0.94693,-0.321439,1
10516,7.2667,0.027083,0.0736,0.0,-0.046517,0.945519,-0.325568,1
10517,7.2833,0.025233,0.0748,0.0,-0.049567,0.944089,-0.329691,1
10518,7.3,0.026217,0.0732,0.0,-0.046983,0.942641,-0.333807,1
10519,7.3167,0.0257,0.0762,0.0,-0.0505,0.941176,-0.337917,1
10520,7.3333,0.028983,0.0706,0.0,-0.041617,0.939693,-0.34202,1
10521,7.35,0.02175,0.071,0.0,-0.04925,0.938191,-0.346117,1
10522,7.3667,0.0322,0.0702,0.0,-0.038,0.936672,-0.350207,1
10523,7.3833,0.024017,0.0745,0.0,-0.050483,0.935135,-0.354291,1
10524,7.4,0.02935,0.0691,0.0,-0.03975,0.93358,-0.358368,1
10525,7.4167,0.0234,0.0711,0.0,-0.0477,0.932008,-0.362438,1
10526,7.4333,0.028717,0.0732,0.0,-0.044483,0.930418,-0.366501,1
10527,7.45,0.028667,0.0748,0.0,-0.046133,0.92881,-0.370557,1
10528,7.4667,0.0282,0.0717,0.0,-0.0435,0.927184,-0.374607,1
10529,7.4833,0.0311,0.073,0.0,-0.0419,0.925541,-0.378649,1
10530,7.5,0.030767,0.0711,0.0,-0.040333,0.92388,-0.382683,1
10531,7.5167,0.031767,0.073,0.0,-0.041233,0.922201,-0.386711,1
10532,7.5333,0.031117,0.0712,0.0,-0.040083,0.920505,-0.390731,1
10533,7.55,0.027617,0.0751,0.0,-0.047483,0.918791,-0.394744,1
10534,7.5667,0.0301,0.0737,0.0,-0.0436,0.91706,-0.398749,1
10535,7.5833,0.030117,0.0715,0.0,-0.041383,0.915311,-0.402747,1
10536,7.6,0.0304,0.073,0.0,-0.0426,0.913545,-0.406737,1
10537,7.6167,0.035517,0.0717,0.0,-0.036183,0.911762,-0.410719,1
10538,7.6333,0.02845,0.0701,0.0,-0.04165,0.909961,-0.414693,1
10539,7.65,0.029367,0.0751,0.0,-0.045733,0.908143,-0.41866,1
10540,7.6667,0.03505,0.0724,0.0,-0.03735,0.906308,-0.422618,1
10541,7.6833,0.033283,0.0724,0.0,-0.039117,0.904455,-0.426569,1
10542,7.7,0.037967,0.0736,0.0,-0.035633,0.902585,-0.430511,1
10543,7.7167,0.038983,0.0721,0.0,-0.033117,0.900698,-0.434445,1
10544,7.7333,0.037667,0.0687,0.0,-0.031033,0.898794,-0.438371,1
10545,7.75,0.034017,0.0705,0.0,-0.036483,0.896873,-0.442289,1
10546,7.7667,0.038,0.0727,0.0,-0.0347,0.894934,-0.446198,1
10547,7.7833,0.037133,0.0717,0.0,-0.034567,0.892979,-0.450098,1
10548,7.8,0.040783,0.0743,0.0,-0.033517,0.891007,-0.45399,1
10549,7.8167,0.040967,0.0699,0.0,-0.028933,0.889017,-0.457874,1
10550,7.8333,0.035883,0.0692,0.0,-0.033317,0.887011,-0.461749,1
10551,7.85,0.039483,0.0718,0.0,-0.032317,0.884988,-0.465615,1
10552,7.8667,0.037867,0.0736,0.0,-0.035733,0.882948,-0.469472,1
10553,7.8833,0.037067,0.0723,0.0,-0.035233,0.880891,-0.47332,1
10554,7.9,0.038933,0.0731,0.0,-0.034167,0.878817,-0.477159,1
10555,7.9167,0.038983,0.0708,0.0,-0.031817,0.876727,-0.480989,1
10556,7.9333,0.037933,0.0684,0.0,-0.030467,0.87462,-0.48481,1
10557,7.95,0.04165,0.0754,0.0,-0.03375,0.872496,-0.488621,1
10558,7.9667,0.042233,0.0708,0.0,-0.028567,0.870356,-0.492424,1
10559,7.9833,0.041167,0.0761,0.0,-0.034933,0.868199,-0.496217,1
10560,8.0,0.0409,0.0725,0.0,-0.0316,0.866025,-0.5,1
10561,8.0167,0.0405,0.0696,0.0,-0.0291,0.863836,-0.503774,1
10562,8.0333,0.042233,0.0732,0.0,-0.030967,0.861629,-0.507538,1
10563,8.05,0.04305,0.0708,0.0,-0.02775,0.859406,-0.511293,1
10564,8.0667,0.046,0.0751,0.0,-0.0291,0.857167,-0.515038,1
10565,8.0833,0.04195,0.0715,0.0,-0.02955,0.854912,-0.518773,1
10566,8.1,0.036967,0.0728,0.0,-0.035833,0.85264,-0.522499,1
10567,8.1167,0.040417,0.0725,0.0,-0.032083,0.850352,-0.526214,1
10568,8.1333,0.04145,0.0726,0.0,-0.03115,0.848048,-0.529919,1
10569,8.15,0.043983,0.0735,0.0,-0.029517,0.845728,-0.533615,1
10570,8.1667,0.039017,0.0736,0.0,-0.034583,0.843391,-0.5373,1
10571,8.1833,0.0417,0.0715,0.0,-0.0298,0.841039,-0.540974,1
10572,8.2,0.0482,0.0716,0.0,-0.0234,0.838671,-0.544639,1
10573,8.2167,0.0405,0.0727,0.0,-0.0322,0.836286,-0.548293,1
10574,8.2333,0.045167,0.0698,0.0,-0.024633,0.833886,-0.551937,1
10575,8.25,0.046267,0.0733,0.0,-0.027033,0.83147,-0.55557,1
10576,8.2667,0.04845,0.0723,0.0,-0.02385,0.829038,-0.559193,1
10577,8.2833,0.043867,0.0709,0.0,-0.027033,0.82659,-0.562805,1
10578,8.3,0.04655,0.0763,0.0,-0.02975,0.824126,-0.566406,1
10579,8.3167,0.04025,0.0688,0.0,-0.02855,0.821647,-0.569997,1
10580,8.3333,0.04385,0.0706,0.0,-0.02675,0.819152,-0.573576,1
10581,8.35,0.04735,0.071,0.0,-0.02365,0.816642,-0.577145,1
10582,8.3667,0.047683,0.0729,0.0,-0.025217,0.814116,-0.580703,1
10583,8.3833,0.045133,0.0726,0.0,-0.027467,0.811574,-0.58425,1
10584,8.4,0.047983,0.0717,0.0,-0.023717,0.809017,-0.587785,1
10585,8.4167,0.046667,0.0709,0.0,-0.024233,0.806445,-0.59131,1
10586,8.4333,0.0494,0.0713,0.0,-0.0219,0.803857,-0.594823,1
10587,8.45,0.045567,0.0724,0.0,-0.026833,0.801254,-0.598325,1
10588,8.4667,0.045233,0.073,0.0,-0.027767,0.798636,-0.601815,1
10589,8.4833,0.045483,0.072,0.0,-0.026517,0.796002,-0.605294,1
10590,8.5,0.047983,0.0694,0.0,-0.021417,0.793353,-0.608761,1
10591,8.5167,0.050617,0.0756,0.0,-0.024983,0.79069,-0.612217,1
10592,8.5333,0.047167,0.0678,0.0,-0.020633,0.788011,-0.615661,1
10593,8.55,0.05095,0.0743,0.0,-0.02335,0.785317,-0.619094,1
10594,8.5667,0.048083,0.0723,0.0,-0.024217,0.782608,-0.622515,1
10595,8.5833,0.048967,0.0734,0.0,-0.024433,0.779884,-0.625923,1
10596,8.6,0.050183,0.0702,0.0,-0.020017,0.777146,-0.62932,1
10597,8.6167,0.0472,0.0732,0.0,-0.026,0.774393,-0.632705,1
10598,8.6333,0.050133,0.0698,0.0,-0.019667,0.771625,-0.636078,1
10599,8.65,0.047,0.0697,0.0,-0.0227,0.768842,-0.639439,1
10600,8.6667,0.04935,0.0747,0.0,-0.02535,0.766044,-0.642788,1
10601,8.6833,0.053233,0.0688,0.0,-0.015567,0.763232,-0.646124,1
10602,8.7,0.0493,0.0698,0.0,-0.0205,0.760406,-0.649448,1
10603,8.7167,0.054233,0.0736,0.0,-0.019367,0.757565,-0.65276,1
10604,8.7333,0.04995,0.0721,0.0,-0.02215,0.75471,-0.656059,1
10605,8.75,0.049233,0.0691,0.0,-0.019867,0.75184,-0.659346,1
10606,8.7667,0.052383,0.0661,0.0,-0.013717,0.748956,-0.66262,1
10607,8.7833,0.047483,0.0733,0.0,-0.025817,0.746057,-0.665882,1
10608,8.8,0.053783,0.0723,0.0,-0.018517,0.743145,-0.669131,1
10609,8.8167,0.057833,0.0737,0.0,-0.015867,0.740218,-0.672367,1
10610,8.8333,0.055233,0.0703,0.0,-0.015067,0.737277,-0.67559,1
10611,8.85,0.051617,0.075,0.0,-0.023383,0.734323,-0.678801,1
10612,8.8667,0.055733,0.0714,0.0,-0.015667,0.731354,-0.681998,1
10613,8.8833,0.05685,0.0687,0.0,-0.01185,0.728371,-0.685183,1
10614,8.9,0.058767,0.0681,0.0,-0.009333,0.725374,-0.688355,1
10615,8.9167,0.054383,0.0729,0.0,-0.018517,0.722364,-0.691513,1
10616,8.9333,0.056017,0.0726,0.0,-0.016583,0.71934,-0.694658,1
10617,8.95,0.059417,0.074,0.0,-0.014583,0.716302,-0.69779,1
10618,8.9667,0.053733,0.0689,0.0,-0.015167,0.71325,-0.700909,1
10619,8.9833,0.053033,0.0742,0.0,-0.021167,0.710185,-0.704015,1
10620,9.0,0.05405,0.0353,0.0188,0.01875,0.707107,-0.707107,0
10621,9.0167,0.05845,0.0371,0.0401,0.02135,0.704015,-0.710185,0
10622,9.0333,0.056767,0.0401,0.0568,0.016667,0.700909,-0.71325,0
10623,9.05,0.0596,0.0433,0.0731,0.0163,0.69779,-0.716302,0
10624,9.0667,0.058567,0.0408,0.0909,0.017767,0.694658,-0.71934,0
10625,9.0833,0.057533,0.0379,0.1105,0.019633,0.691513,-0.722364,0
10626,9.1,0.052567,0.0386,0.1245,0.013967,0.688355,-0.725374,0
10627,9.1167,0.056683,0.0384,0.1428,0.018283,0.685183,-0.728371,0
10628,9.1333,0.060383,0.04,0.1632,0.020383,0.681998,-0.731354,0
10629,9.15,0.0535,0.0358,0.1809,0.0177,0.678801,-0.734323,0
10630,9.1667,0.062817,0.0383,0.2054,0.024517,0.67559,-0.737277,0
10631,9.1833,0.056567,0.0408,0.2212,0.015767,0.672367,-0.740218,0
10632,9.2,0.0604,0.0415,0.2401,0.0189,0.669131,-0.743145,0
10633,9.2167,0.057567,0.0382,0.2595,0.019367,0.665882,-0.746057,0
10634,9.2333,0.062267,0.0402,0.2816,0.022067,0.66262,-0.748956,0
10635,9.25,0.062217,0.0401,0.3037,0.022117,0.659346,-0.75184,0
10636,9.2667,0.0626,0.0417,0.3246,0.0209,0.656059,-0.75471,0
10637,9.2833,0.06005,0.0396,0.345,0.02045,0.65276,-0.757565,0
10638,9.3,0.063233,0.0389,0.3693,0.024333,0.649448,-0.760406,0
10639,9.3167,0.06265,0.0427,0.3892,0.01995,0.646124,-0.763232,0
10640,9.3333,0.063,0.0399,0.4123,0.0231,0.642788,-0.766044,0
10641,9.35,0.061383,0.0371,0.4366,0.024283,0.639439,-0.768842,0
10642,9.3667,0.05795,0.0371,0.4574,0.02085,0.636078,-0.771625,0
10643,9.3833,0.058533,0.0381,0.4778,0.020433,0.632705,-0.774393,0
10644,9.4,0.058133,0.0404,0.4955,0.017733,0.62932,-0.777146,0
10645,9.4167,0.0655,0.0407,0.5203,0.0248,0.625923,-0.779884,0
10646,9.4333,0.068683,0.0389,0.5501,0.029783,0.622515,-0.782608,0
10647,9.45,0.062883,0.036,0.577,0.026883,0.619094,-0.785317,0
10648,9.4667,0.06325,0.0405,0.5998,0.02275,0.615661,-0.788011,0
10649,9.4833,0.062567,0.042,0.6204,0.020567,0.612217,-0.79069,0
10650,9.5,0.067083,0.0399,0.6476,0.027183,0.608761,-0.793353,0
10651,9.5167,0.065533,0.0413,0.6718,0.024233,0.605294,-0.796002,0
10652,9.5333,0.067183,0.0442,0.6948,0.022983,0.601815,-0.798636,0
10653,9.55,0.062367,0.0393,0.7179,0.023067,0.598325,-0.801254,0
10654,9.5667,0.061267,0.0429,0.7363,0.018367,0.594823,-0.803857,0
10655,9.5833,0.064367,0.0409,0.7598,0.023467,0.59131,-0.806445,0
10656,9.6,0.0636,0.0417,0.7817,0.0219,0.587785,-0.809017,0
10657,9.6167,0.062183,0.0383,0.8056,0.023883,0.58425,-0.811574,0
10658,9.6333,0.06655,0.0357,0.8365,0.03085,0.580703,-0.814116,0
10659,9.65,0.065733,0.0405,0.8617,0.025233,0.577145,-0.816642,0
10660,9.6667,0.0666,0.0425,0.8858,0.0241,0.573576,-0.819152,0
10661,9.6833,0.069483,0.0401,0.9152,0.029383,0.569997,-0.821647,0
10662,9.7,0.064333,0.0449,0.9346,0.019433,0.566406,-0.824126,0
10663,9.7167,0.066467,0.0391,0.962,0.027367,0.562805,-0.82659,0
10664,9.7333,0.0691,0.0388,0.9923,0.0303,0.559193,-0.829038,0
10665,9.75,0.065867,0.0404,1.0178,0.025467,0.55557,-0.83147,0
10666,9.7667,0.07165,0.0372,1.0523,0.03445,0.551937,-0.833886,0
10667,9.7833,0.0661,0.038,1.0804,0.0281,0.548293,-0.836286,0
10668,9.8,0.066833,0.0407,1.1065,0.026133,0.544639,-0.838671,0
10669,9.8167,0.065883,0.0399,1.1325,0.025983,0.540974,-0.841039,0
10670,9.8333,0.066983,0.0399,1.1596,0.027083,0.5373,-0.843391,0
10671,9.85,0.069183,0.0382,1.1906,0.030983,0.533615,-0.845728,0
10672,9.8667,0.06855,0.0415,1.2176,0.02705,0.529919,-0.848048,0
10673,9.8833,0.069117,0.0408,1.2459,0.028317,0.526214,-0.850352,0
10674,9.9,0.071917,0.039,1.2788,0.032917,0.522499,-0.85264,0
10675,9.9167,0.071717,0.0384,1.3121,0.033317,0.518773,-0.854912,0
10676,9.9333,0.074433,0.0384,1.3481,0.036033,0.515038,-0.857167,0
10677,9.95,0.066533,0.0392,1.3754,0.027333,0.511293,-0.859406,0
10678,9.9667,0.068483,0.0391,1.4048,0.029383,0.507538,-0.861629,0
10679,9.9833,0.070483,0.0359,1.4394,0.034583,0.503774,-0.863836,0
10680,10.0,0.067933,0.0428,1.4645,0.025133,0.5,-0.866025,0
10681,10.0167,0.064967,0.0412,1.4883,0.023767,0.496217,-0.868199,0
10682,10.0333,0.067633,0.0367,1.5192,0.030933,0.492424,-0.870356,0
10683,10.05,0.070817,0.0388,1.5512,0.032017,0.488621,-0.872496,0
10684,10.0667,0.071267,0.0404,1.5821,0.030867,0.48481,-0.87462,0
10685,10.0833,0.07145,0.0409,1.6127,0.03055,0.480989,-0.876727,0
10686,10.1,0.06705,0.0413,1.6385,0.02575,0.477159,-0.878817,0
10687,10.1167,0.069033,0.0382,1.6693,0.030833,0.47332,-0.880891,0
10688,10.1333,0.07215,0.0392,1.7023,0.03295,0.469472,-0.882948,0
10689,10.15,0.073017,0.0371,1.7382,0.035917,0.465615,-0.884988,0
10690,10.1667,0.0714,0.0411,1.7685,0.0303,0.461749,-0.887011,0
10691,10.1833,0.070533,0.0444,1.7946,0.026133,0.457874,-0.889017,0
10692,10.2,0.0714,0.0386,1.8274,0.0328,0.45399,-0.891007,0
10693,10.2167,0.071017,0.0395,1.8589,0.031517,0.450098,-0.892979,0
10694,10.2333,0.069067,0.0413,1.8867,0.027767,0.446198,-0.894934,0
10695,10.25,0.07285,0.0367,1.9229,0.03615,0.442289,-0.896873,0
10696,10.2667,0.070733,0.0385,1.9551,0.032233,0.438371,-0.898794,0
10697,10.2833,0.070617,0.0403,1.9854,0.030317,0.434445,-0.900698,0
10698,10.3,0.069833,0.0358,2.0194,0.034033,0.430511,-0.902585,0
10699,10.3167,0.075467,0.039,2.0559,0.036467,0.426569,-0.904455,0
10700,10.3333,0.074933,0.0408,2.09,0.034133,0.422618,-0.906308,0
10701,10.35,0.072517,0.0392,2.1233,0.033317,0.41866,-0.908143,0
10702,10.3667,0.073667,0.0404,2.1566,0.033267,0.414693,-0.909961,0
10703,10.3833,0.073733,0.0397,2.1906,0.034033,0.410719,-0.911762,0
10704,10.4,0.072017,0.0388,2.2238,0.033217,0.406737,-0.913545,0
10705,10.4167,0.074783,0.0413,2.2573,0.033483,0.402747,-0.915311,0
10706,10.4333,0.07,0.0448,2.2825,0.0252,0.398749,-0.91706,0
10707,10.45,0.069317,0.0412,2.3106,0.028117,0.394744,-0.918791,0
10708,10.4667,0.073367,0.0402,2.3438,0.033167,0.390731,-0.920505,0
10709,10.4833,0.07215,0.0404,2.3756,0.03175,0.386711,-0.922201,0
10710,10.5,0.075083,0.0397,2.411,0.035383,0.382683,-0.92388,0
10711,10.5167,0.0727,0.0447,2.439,0.028,0.378649,-0.925541,0
10712,10.5333,0.072683,0.0386,2.4731,0.034083,0.374607,-0.927184,0
10713,10.55,0.071383,0.0356,2.5089,0.035783,0.370557,-0.92881,0
10714,10.5667,0.0738,0.0452,2.5375,0.0286,0.366501,-0.930418,0
10715,10.5833,0.077917,0.0453,2.5701,0.032617,0.362438,-0.932008,0
10716,10.6,0.07145,0.0402,2.6014,0.03125,0.358368,-0.93358,0
10717,10.6167,0.075083,0.0427,2.6338,0.032383,0.354291,-0.935135,0
10718,10.6333,0.077567,0.0395,2.6719,0.038067,0.350207,-0.936672,0
10719,10.65,0.0724,0.0405,2.7038,0.0319,0.346117,-0.938191,0
10720,10.6667,0.074383,0.0394,2.7388,0.034983,0.34202,-0.939693,0
10721,10.6833,0.075983,0.0398,2.775,0.036183,0.337917,-0.941176,0
10722,10.7,0.071267,0.0385,2.8078,0.032767,0.333807,-0.942641,0
10723,10.7167,0.07395,0.0377,2.844,0.03625,0.329691,-0.944089,0
10724,10.7333,0.0785,0.0444,2.8781,0.0341,0.325568,-0.945519,0
10725,10.75,0.074517,0.0375,2.9151,0.037017,0.321439,-0.94693,0
10726,10.7667,0.074367,0.0389,2.9506,0.035467,0.317305,-0.948324,0
10727,10.7833,0.075183,0.0384,2.9874,0.036783,0.313164,-0.949699,0
10728,10.8,0.072483,0.0386,3.0213,0.033883,0.309017,-0.951057,0
10729,10.8167,0.078367,0.0421,3.0576,0.036267,0.304864,-0.952396,0
10730,10.8333,0.079283,0.037,3.0999,0.042283,0.300706,-0.953717,0
10731,10.85,0.075017,0.0373,3.1376,0.037717,0.296542,-0.95502,0
10732,10.8667,0.081817,0.0405,3.1789,0.041317,0.292372,-0.956305,0
10733,10.8833,0.078333,0.04,3.2172,0.038333,0.288196,-0.957571,0
10734,10.9,0.0752,0.0415,3.2509,0.0337,0.284015,-0.95882,0
10735,10.9167,0.075117,0.0403,3.2857,0.034817,0.279829,-0.96005,0
10736,10.9333,0.081833,0.0355,3.332,0.046333,0.275637,-0.961262,0
10737,10.95,0.077983,0.041,3.369,0.036983,0.27144,-0.962455,0
10738,10.9667,0.078933,0.0401,3.4078,0.038833,0.267238,-0.96363,0
10739,10.9833,0.082317,0.0425,3.4476,0.039817,0.263031,-0.964787,0
10740,11.0,0.07685,0.035,3.4894,0.04185,0.258819,-0.965926,0
10741,11.0167,0.0765,0.0364,3.5295,0.0401,0.254602,-0.967046,0
10742,11.0333,0.077933,0.0392,3.5682,0.038733,0.25038,-0.968148,0
10743,11.05,0.076667,0.0385,3.6064,0.038167,0.246153,-0.969231,0
10744,11.0667,0.077017,0.0413,3.6421,0.035717,0.241922,-0.970296,0
10745,11.0833,0.078983,0.0354,3.6857,0.043583,0.237686,-0.971342,0
10746,11.1,0.077667,0.0377,3.7257,0.039967,0.233445,-0.97237,0
10747,11.1167,0.072617,0.0423,3.756,0.030317,0.2292,-0.973379,0
10748,11.1333,0.075917,0.0412,3.7907,0.034717,0.224951,-0.97437,0
10749,11.15,0.076167,0.0408,3.8261,0.035367,0.220697,-0.975342,0
10750,11.1667,0.072117,0.0406,3.8576,0.031517,0.21644,-0.976296,0
10751,11.1833,0.0795,0.0413,3.8958,0.0382,0.212178,-0.977231,0
10752,11.2,0.078583,0.0416,3.9328,0.036983,0.207912,-0.978148,0
10753,11.2167,0.073267,0.0417,3.9644,0.031567,0.203642,-0.979045,0
10754,11.2333,0.079967,0.0382,4.0062,0.041767,0.199368,-0.979925,0
10755,11.25,0.07725,0.0429,4.0405,0.03435,0.19509,-0.980785,0
10756,11.2667,0.078883,0.0394,4.08,0.039483,0.190809,-0.981627,0
10757,11.2833,0.078233,0.0398,4.1184,0.038433,0.186524,-0.98245,0
10758,11.3,0.07625,0.0387,4.1559,0.03755,0.182236,-0.983255,0
10759,11.3167,0.07565,0.0405,4.1911,0.03515,0.177944,-0.984041,0
10760,11.3333,0.076733,0.0409,4.2269,0.035833,0.173648,-0.984808,0
10761,11.35,0.079033,0.0396,4.2663,0.039433,0.16935,-0.985556,0
10762,11.3667,0.078717,0.0395,4.3055,0.039217,0.165048,-0.986286,0
10763,11.3833,0.08065,0.0397,4.3465,0.04095,0.160743,-0.986996,0
10764,11.4,0.073717,0.0399,4.3803,0.033817,0.156434,-0.987688,0
10765,11.4167,0.078917,0.0425,4.4167,0.036417,0.152123,-0.988362,0
10766,11.4333,0.077233,0.036,4.4579,0.041233,0.147809,-0.989016,0
10767,11.45,0.08135,0.0378,4.5015,0.04355,0.143493,-0.989651,0
10768,11.4667,0.08435,0.0388,4.547,0.04555,0.139173,-0.990268,0
10769,11.4833,0.079183,0.0394,4.5868,0.039783,0.134851,-0.990866,0
10770,11.5,0.080667,0.0387,4.6288,0.041967,0.130526,-0.991445,0
10771,11.5167,0.082883,0.0391,4.6726,0.043783,0.126199,-0.992005,0
10772,11.5333,0.0795,0.0424,4.7097,0.0371,0.121869,-0.992546,0
10773,11.55,0.0775,0.0382,4.749,0.0393,0.117537,-0.993068,0
10774,11.5667,0.080767,0.04,4.7898,0.040767,0.113203,-0.993572,0
10775,11.5833,0.082817,0.0378,4.8348,0.045017,0.108867,-0.994056,0
10776,11.6,0.07725,0.0401,4.872,0.03715,0.104528,-0.994522,0
10777,11.6167,0.0785,0.0409,4.9096,0.0376,0.100188,-0.994969,0
10778,11.6333,0.0783,0.0417,4.9462,0.0366,0.095846,-0.995396,0
10779,11.65,0.083567,0.0401,4.9897,0.043467,0.091502,-0.995805,0
10780,11.6667,0.083083,0.0368,5.036,0.046283,0.087156,-0.996195,0
10781,11.6833,0.078567,0.0414,5.0732,0.037167,0.082808,-0.996566,0
10782,11.7,0.081183,0.0405,5.1139,0.040683,0.078459,-0.996917,0
10783,11.7167,0.077317,0.0414,5.1498,0.035917,0.074108,-0.99725,0
10784,11.7333,0.0817,0.0423,5.1892,0.0394,0.069756,-0.997564,0
10785,11.75,0.078667,0.0399,5.228,0.038767,0.065403,-0.997859,0
10786,11.7667,0.080833,0.0377,5.2711,0.043133,0.061049,-0.998135,0
10787,11.7833,0.07735,0.0379,5.3106,0.03945,0.056693,-0.998392,0
10788,11.8,0.08175,0.0378,5.3546,0.04395,0.052336,-0.99863,0
10789,11.8167,0.079983,0.0423,5.3923,0.037683,0.047978,-0.998848,0
10790,11.8333,0.077083,0.0418,5.4276,0.035283,0.043619,-0.999048,0
10791,11.85,0.079683,0.0389,5.4684,0.040783,0.03926,-0.999229,0
10792,11.8667,0.078417,0.0383,5.5085,0.040117,0.034899,-0.999391,0
10793,11.8833,0.0828,0.0408,5.5505,0.042,0.030539,-0.999534,0
10794,11.9,0.078683,0.0441,5.5851,0.034583,0.026177,-0.999657,0
10795,11.9167,0.082217,0.0388,5.6285,0.043417,0.021815,-0.999762,0
10796,11.9333,0.082133,0.0382,5.6724,0.043933,0.017452,-0.999848,0
10797,11.95,0.078417,0.0371,5.7137,0.041317,0.01309,-0.999914,0
10798,11.9667,0.078817,0.0385,5.754,0.040317,0.008727,-0.999962,0
10799,11.9833,0.083933,0.0424,5.7955,0.041533,0.004363,-0.99999,0
10800,12.0,0.076167,0.0387,5.833,0.037467,0.0,-1.0,0
10801,12.0167,0.0845,0.0436,5.8739,0.0409,-0.004363,-0.99999,0
10802,12.0333,0.07945,0.0398,5.9135,0.03965,-0.008727,-0.999962,0
10803,12.05,0.082417,0.0392,5.9567,0.043217,-0.01309,-0.999914,0
10804,12.0667,0.079917,0.0403,5.9963,0.039617,-0.017452,-0.999848,0
10805,12.0833,0.079133,0.0426,6.0328,0.036533,-0.021815,-0.999762,0
10806,12.1,0.083517,0.0397,6.0766,0.043817,-0.026177,-0.999657,0
10807,12.1167,0.082683,0.0368,6.1225,0.045883,-0.030539,-0.999534,0
10808,12.1333,0.080067,0.0412,6.1614,0.038867,-0.034899,-0.999391,0
10809,12.15,0.083833,0.0392,6.206,0.044633,-0.03926,-0.999229,0
10810,12.1667,0.076833,0.0391,6.2437,0.037733,-0.043619,-0.999048,0
10811,12.1833,0.07615,0.0375,6.2824,0.03865,-0.047978,-0.998848,0
10812,12.2,0.085767,0.0416,6.3266,0.044167,-0.052336,-0.99863,0
10813,12.2167,0.079667,0.0429,6.3634,0.036767,-0.056693,-0.998392,0
10814,12.2333,0.082,0.0407,6.4047,0.0413,-0.061049,-0.998135,0
10815,12.25,0.075783,0.0395,6.441,0.036283,-0.065403,-0.997859,0
10816,12.2667,0.074817,0.0385,6.4773,0.036317,-0.069756,-0.997564,0
10817,12.2833,0.08235,0.0402,6.5194,0.04215,-0.074108,-0.99725,0
10818,12.3,0.083933,0.0407,6.5626,0.043233,-0.078459,-0.996917,0
10819,12.3167,0.081483,0.0374,6.6067,0.044083,-0.082808,-0.996566,0
10820,12.3333,0.077533,0.0391,6.6451,0.038433,-0.087156,-0.996195,0
10821,12.35,0.08065,0.0391,6.6867,0.04155,-0.091502,-0.995805,0
10822,12.3667,0.082933,0.0409,6.7287,0.042033,-0.095846,-0.995396,0
10823,12.3833,0.085883,0.0405,6.7741,0.045383,-0.100188,-0.994969,0
10824,12.4,0.078367,0.0406,6.8119,0.037767,-0.104528,-0.994522,0
10825,12.4167,0.081717,0.0412,6.8524,0.040517,-0.108867,-0.994056,0
10826,12.4333,0.082167,0.0358,6.8988,0.046367,-0.113203,-0.993572,0
10827,12.45,0.0798,0.0384,6.9402,0.0414,-0.117537,-0.993068,0
10828,12.4667,0.080633,0.0378,6.983,0.042833,-0.121869,-0.992546,0
10829,12.4833,0.079533,0.0408,7.0217,0.038733,-0.126199,-0.992005,0
10830,12.5,0.08145,0.0409,7.0623,0.04055,-0.130526,-0.991445,0
10831,12.5167,0.076717,0.0398,7.0992,0.036917,-0.134851,-0.990866,0
10832,12.5333,0.0778,0.0399,7.1371,0.0379,-0.139173,-0.990268,0
10833,12.55,0.08115,0.0394,7.1789,0.04175,-0.143493,-0.989651,0
10834,12.5667,0.076767,0.038,7.2177,0.038767,-0.147809,-0.989016,0
10835,12.5833,0.075883,0.0415,7.2521,0.034383,-0.152123,-0.988362,0
10836,12.6,0.0765,0.0386,7.29,0.0379,-0.156434,-0.987688,0
10837,12.6167,0.08335,0.0377,7.3357,0.04565,-0.160743,-0.986996,0
10838,12.6333,0.079683,0.0391,7.3763,0.040583,-0.165048,-0.986286,0
10839,12.65,0.076633,0.0417,7.4112,0.034933,-0.16935,-0.985556,0
10840,12.6667,0.078117,0.0378,7.4515,0.040317,-0.173648,-0.984808,0
10841,12.6833,0.080667,0.0391,7.4931,0.041567,-0.177944,-0.984041,0
10842,12.7,0.077267,0.0399,7.5305,0.037367,-0.182236,-0.983255,0
10843,12.7167,0.0796,0.042,7.5681,0.0376,-0.186524,-0.98245,0
10844,12.7333,0.078833,0.0353,7.6116,0.043533,-0.190809,-0.981627,0
10845,12.75,0.07915,0.0362,7.6546,0.04295,-0.19509,-0.980785,0
10846,12.7667,0.08035,0.0403,7.6947,0.04005,-0.199368,-0.979925,0
10847,12.7833,0.075633,0.0415,7.7288,0.034133,-0.203642,-0.979045,0
10848,12.8,0.078133,0.0405,7.7664,0.037633,-0.207912,-0.978148,0
10849,12.8167,0.077617,0.0428,7.8012,0.034817,-0.212178,-0.977231,0
10850,12.8333,0.075783,0.0411,7.8359,0.034683,-0.21644,-0.976296,0
10851,12.85,0.079783,0.0397,7.876,0.040083,-0.220697,-0.975342,0
10852,12.8667,0.077783,0.0402,7.9136,0.037583,-0.224951,-0.97437,0
10853,12.8833,0.08075,0.0396,7.9547,0.04115,-0.2292,-0.973379,0
10854,12.9,0.079433,0.038,7.9961,0.041433,-0.233445,-0.97237,0
10855,12.9167,0.07845,0.041,8.0335,0.03745,-0.237686,-0.971342,0
10856,12.9333,0.076183,0.0424,8.0673,0.033783,-0.241922,-0.970296,0
10857,12.95,0.0792,0.0383,8.1082,0.0409,-0.246153,-0.969231,0
10858,12.9667,0.07225,0.0376,8.1429,0.03465,-0.25038,-0.968148,0
10859,12.9833,0.075667,0.0406,8.178,0.035067,-0.254602,-0.967046,0
10860,13.0,0.074683,0.0392,8.2135,0.035483,-0.258819,-0.965926,0
10861,13.0167,0.075633,0.0372,8.2519,0.038433,-0.263031,-0.964787,0
10862,13.0333,0.078467,0.0407,8.2897,0.037767,-0.267238,-0.96363,0
10863,13.05,0.080733,0.041,8.3294,0.039733,-0.27144,-0.962455,0
10864,13.0667,0.0784,0.0395,8.3683,0.0389,-0.275637,-0.961262,0
10865,13.0833,0.069883,0.0384,8.3998,0.031483,-0.279829,-0.96005,0
10866,13.1,0.074183,0.0406,8.4334,0.033583,-0.284015,-0.95882,0
10867,13.1167,0.073683,0.0393,8.4678,0.034383,-0.288196,-0.957571,0
10868,13.1333,0.074617,0.0396,8.5028,0.035017,-0.292372,-0.956305,0
10869,13.15,0.076933,0.0399,8.5398,0.037033,-0.296542,-0.95502,0
10870,13.1667,0.076667,0.0427,8.5738,0.033967,-0.300706,-0.953717,0
10871,13.1833,0.073967,0.04,8.6078,0.033967,-0.304864,-0.952396,0
10872,13.2,0.073783,0.0372,8.6444,0.036583,-0.309017,-0.951057,0
10873,13.2167,0.072567,0.0408,8.6762,0.031767,-0.313164,-0.949699,0
10874,13.2333,0.076967,0.0384,8.7148,0.038567,-0.317305,-0.948324,0
10875,13.25,0.073383,0.0369,8.7513,0.036483,-0.321439,-0.94693,0
10876,13.2667,0.07685,0.0402,8.788,0.03665,-0.325568,-0.945519,0
10877,13.2833,0.074933,0.0416,8.8213,0.033333,-0.329691,-0.944089,0
10878,13.3,0.073083,0.0382,8.8562,0.034883,-0.333807,-0.942641,0
10879,13.3167,0.0722,0.0398,8.8886,0.0324,-0.337917,-0.941176,0
10880,13.3333,0.071967,0.0365,8.9241,0.035467,-0.34202,-0.939693,0
10881,13.35,0.07385,0.0379,8.96,0.03595,-0.346117,-0.938191,0
10882,13.3667,0.072517,0.0397,8.9928,0.032817,-0.350207,-0.936672,0
10883,13.3833,0.0715,0.0402,9.0241,0.0313,-0.354291,-0.935135,0
10884,13.4,0.078117,0.0386,9.0636,0.039517,-0.358368,-0.93358,0
10885,13.4167,0.074667,0.0412,9.0971,0.033467,-0.362438,-0.932008,0
10886,13.4333,0.079417,0.0378,9.1387,0.041617,-0.366501,-0.930418,0
10887,13.45,0.07345,0.0426,9.1695,0.03085,-0.370557,-0.92881,0
10888,13.4667,0.074467,0.0419,9.2021,0.032567,-0.374607,-0.927184,0
10889,13.4833,0.0753,0.039,9.2384,0.0363,-0.378649,-0.925541,0
10890,13.5,0.075417,0.0386,9.2752,0.036817,-0.382683,-0.92388,0
10891,13.5167,0.077567,0.0414,9.3114,0.036167,-0.386711,-0.922201,0
10892,13.5333,0.0734,0.038,9.3468,0.0354,-0.390731,-0.920505,0
10893,13.55,0.070667,0.0388,9.3787,0.031867,-0.394744,-0.918791,0
10894,13.5667,0.076,0.0414,9.4133,0.0346,-0.398749,-0.91706,0
10895,13.5833,0.07775,0.0403,9.4507,0.03745,-0.402747,-0.915311,0
10896,13.6,0.072733,0.0389,9.4845,0.033833,-0.406737,-0.913545,0
10897,13.6167,0.073,0.0382,9.5193,0.0348,-0.410719,-0.911762,0
10898,13.6333,0.0722,0.0408,9.5507,0.0314,-0.414693,-0.909961,0
10899,13.65,0.073067,0.0417,9.5821,0.031367,-0.41866,-0.908143,0
10900,13.6667,0.068967,0.0384,9.6127,0.030567,-0.422618,-0.906308,0
10901,13.6833,0.071467,0.0378,9.6464,0.033667,-0.426569,-0.904455,0
10902,13.7,0.070033,0.0398,9.6766,0.030233,-0.430511,-0.902585,0
10903,13.7167,0.075683,0.0391,9.7132,0.036583,-0.434445,-0.900698,0
10904,13.7333,0.070117,0.0381,9.7452,0.032017,-0.438371,-0.898794,0
10905,13.75,0.0709,0.0389,9.7772,0.032,-0.442289,-0.896873,0
10906,13.7667,0.06855,0.0364,9.8094,0.03215,-0.446198,-0.894934,0
10907,13.7833,0.06885,0.0413,9.8369,0.02755,-0.450098,-0.892979,0
10908,13.8,0.0711,0.0389,9.8691,0.0322,-0.45399,-0.891007,0
10909,13.8167,0.0709,0.0421,9.8979,0.0288,-0.457874,-0.889017,0
10910,13.8333,0.073717,0.0411,9.9305,0.032617,-0.461749,-0.887011,0
10911,13.85,0.076083,0.0417,9.9649,0.034383,-0.465615,-0.884988,0
10912,13.8667,0.0763,0.0414,9.9998,0.0349,-0.469472,-0.882948,0
10913,13.8833,0.06615,0.0383,10.0277,0.02785,-0.47332,-0.880891,0
10914,13.9,0.072033,0.0398,10.0599,0.032233,-0.477159,-0.878817,0
10915,13.9167,0.06855,0.0383,10.0902,0.03025,-0.480989,-0.876727,0
10916,13.9333,0.070233,0.0395,10.1209,0.030733,-0.48481,-0.87462,0
10917,13.95,0.068667,0.0414,10.1482,0.027267,-0.488621,-0.872496,0
10918,13.9667,0.0697,0.039,10.1789,0.0307,-0.492424,-0.870356,0
10919,13.9833,0.068883,0.0422,10.2056,0.026683,-0.496217,-0.868199,0
10920,14.0,0.069767,0.0367,10.2387,0.033067,-0.5,-0.866025,0
10921,14.0167,0.069483,0.0396,10.2686,0.029883,-0.503774,-0.863836,0
10922,14.0333,0.07195,0.04,10.3005,0.03195,-0.507538,-0.861629,0
10923,14.05,0.0697,0.04,10.3302,0.0297,-0.511293,-0.859406,0
10924,14.0667,0.066933,0.041,10.3561,0.025933,-0.515038,-0.857167,0
10925,14.0833,0.0683,0.0439,10.3805,0.0244,-0.518773,-0.854912,0
10926,14.1,0.065817,0.0419,10.4044,0.023917,-0.522499,-0.85264,0
10927,14.1167,0.0669,0.0386,10.4327,0.0283,-0.526214,-0.850352,0
10928,14.1333,0.066517,0.041,10.4582,0.025517,-0.529919,-0.848048,0
10929,14.15,0.065083,0.0379,10.4854,0.027183,-0.533615,-0.845728,0
10930,14.1667,0.066017,0.0394,10.512,0.026617,-0.5373,-0.843391,0
10931,14.1833,0.067867,0.0364,10.5435,0.031467,-0.540974,-0.841039,0
10932,14.2,0.0669,0.0438,10.5666,0.0231,-0.544639,-0.838671,0
10933,14.2167,0.06485,0.0406,10.5908,0.02425,-0.548293,-0.836286,0
10934,14.2333,0.062333,0.0427,10.6104,0.019633,-0.551937,-0.833886,0
10935,14.25,0.0666,0.0402,10.6368,0.0264,-0.55557,-0.83147,0
10936,14.2667,0.06795,0.0389,10.6658,0.02905,-0.559193,-0.829038,0
10937,14.2833,0.067767,0.0361,10.6975,0.031667,-0.562805,-0.82659,0
10938,14.3,0.067233,0.037,10.7277,0.030233,-0.566406,-0.824126,0
10939,14.3167,0.066883,0.0423,10.7523,0.024583,-0.569997,-0.821647,0
10940,14.3333,0.0677,0.0391,10.7809,0.0286,-0.573576,-0.819152,0
10941,14.35,0.066783,0.0419,10.8058,0.024883,-0.577145,-0.816642,0
10942,14.3667,0.064767,0.0362,10.8344,0.028567,-0.580703,-0.814116,0
10943,14.3833,0.0601,0.0427,10.8518,0.0174,-0.58425,-0.811574,0
10944,14.4,0.061533,0.0408,10.8725,0.020733,-0.587785,-0.809017,0
10945,14.4167,0.065283,0.039,10.8988,0.026283,-0.59131,-0.806445,0
10946,14.4333,0.063333,0.0376,10.9245,0.025733,-0.594823,-0.803857,0
10947,14.45,0.06505,0.0395,10.95,0.02555,-0.598325,-0.801254,0
10948,14.4667,0.058733,0.0411,10.9676,0.017633,-0.601815,-0.798636,0
10949,14.4833,0.064233,0.0397,10.9921,0.024533,-0.605294,-0.796002,0
10950,14.5,0.06485,0.0431,11.0138,0.02175,-0.608761,-0.793353,0
10951,14.5167,0.0632,0.0363,11.0407,0.0269,-0.612217,-0.79069,0
10952,14.5333,0.068033,0.0409,11.0678,0.027133,-0.615661,-0.788011,0
10953,14.55,0.063917,0.0382,11.0935,0.025717,-0.619094,-0.785317,0
10954,14.5667,0.060617,0.0411,11.113,0.019517,-0.622515,-0.782608,0
10955,14.5833,0.060583,0.0384,11.1352,0.022183,-0.625923,-0.779884,0
10956,14.6,0.0691,0.045,11.1593,0.0241,-0.62932,-0.777146,0
10957,14.6167,0.062883,0.0416,11.1806,0.021283,-0.632705,-0.774393,0
10958,14.6333,0.063067,0.0388,11.2049,0.024267,-0.636078,-0.771625,0
10959,14.65,0.060033,0.042,11.2229,0.018033,-0.639439,-0.768842,0
10960,14.6667,0.05795,0.0411,11.2397,0.01685,-0.642788,-0.766044,0
10961,14.6833,0.05945,0.0382,11.2609,0.02125,-0.646124,-0.763232,0
10962,14.7,0.0601,0.0408,11.2802,0.0193,-0.649448,-0.760406,0
10963,14.7167,0.062083,0.0407,11.3016,0.021383,-0.65276,-0.757565,0
10964,14.7333,0.0609,0.0366,11.3259,0.0243,-0.656059,-0.75471,0
10965,14.75,0.061233,0.0389,11.3482,0.022333,-0.659346,-0.75184,0
10966,14.7667,0.056883,0.038,11.3671,0.018883,-0.66262,-0.748956,0
10967,14.7833,0.058517,0.0376,11.388,0.020917,-0.665882,-0.746057,0
10968,14.8,0.05985,0.0374,11.4105,0.02245,-0.669131,-0.743145,0
10969,14.8167,0.058983,0.0422,11.4273,0.016783,-0.672367,-0.740218,0
10970,14.8333,0.063167,0.0392,11.4513,0.023967,-0.67559,-0.737277,0
10971,14.85,0.056267,0.0405,11.4671,0.015767,-0.678801,-0.734323,0
10972,14.8667,0.0587,0.038,11.4878,0.0207,-0.681998,-0.731354,0
10973,14.8833,0.060133,0.0382,11.5097,0.021933,-0.685183,-0.728371,0
10974,14.9,0.05375,0.0424,11.5211,0.01135,-0.688355,-0.725374,0
10975,14.9167,0.058183,0.041,11.5383,0.017183,-0.691513,-0.722364,0
10976,14.9333,0.056967,0.0394,11.5559,0.017567,-0.694658,-0.71934,0
10977,14.95,0.05495,0.0366,11.5742,0.01835,-0.69779,-0.716302,0
10978,14.9667,0.06015,0.0418,11.5925,0.01835,-0.700909,-0.71325,0
10979,14.9833,0.05785,0.039,11.6113,0.01885,-0.704015,-0.710185,0
10980,15.0,0.0607,0.0364,11.6356,0.0243,-0.707107,-0.707107,0
10981,15.0167,0.05145,0.0385,11.6486,0.01295,-0.710185,-0.704015,0
10982,15.0333,0.056867,0.0412,11.6643,0.015667,-0.71325,-0.700909,0
10983,15.05,0.057167,0.0365,11.685,0.020667,-0.716302,-0.69779,0
10984,15.0667,0.053783,0.0391,11.6997,0.014683,-0.71934,-0.694658,0
10985,15.0833,0.05705,0.042,11.7148,0.01505,-0.722364,-0.691513,0
10986,15.1,0.05355,0.042,11.7264,0.01155,-0.725374,-0.688355,0
10987,15.1167,0.0556,0.0407,11.7413,0.0149,-0.728371,-0.685183,0
10988,15.1333,0.05995,0.0402,11.7611,0.01975,-0.731354,-0.681998,0
10989,15.15,0.05065,0.0391,11.7727,0.01155,-0.734323,-0.678801,0
10990,15.1667,0.049817,0.0405,11.782,0.009317,-0.737277,-0.67559,0
10991,15.1833,0.056867,0.0363,11.8026,0.020567,-0.740218,-0.672367,0
10992,15.2,0.055517,0.039,11.8191,0.016517,-0.743145,-0.669131,0
10993,15.2167,0.0513,0.0393,11.8311,0.012,-0.746057,-0.665882,0
10994,15.2333,0.05315,0.042,11.8422,0.01115,-0.748956,-0.66262,0
10995,15.25,0.049767,0.0423,11.8497,0.007467,-0.75184,-0.659346,0
10996,15.2667,0.056533,0.0388,11.8674,0.017733,-0.75471,-0.656059,0
10997,15.2833,0.050933,0.0405,11.8778,0.010433,-0.757565,-0.65276,0
10998,15.3,0.055683,0.0371,11.8964,0.018583,-0.760406,-0.649448,0
10999,15.3167,0.04775,0.0431,11.901,0.00465,-0.763232,-0.646124,0
11000,15.3333,0.04915,0.042,11.9081,0.00715,-0.766044,-0.642788,0
11001,15.35,0.051967,0.0374,11.9227,0.014567,-0.768842,-0.639439,0
11002,15.3667,0.04855,0.041,11.9303,0.00755,-0.771625,-0.636078,0
11003,15.3833,0.048083,0.04,11.9384,0.008083,-0.774393,-0.632705,0
11004,15.4,0.051633,0.0383,11.9517,0.013333,-0.777146,-0.62932,0
11005,15.4167,0.04885,0.0411,11.9595,0.00775,-0.779884,-0.625923,0
11006,15.4333,0.048167,0.0391,11.9686,0.009067,-0.782608,-0.622515,0
11007,15.45,0.048983,0.0361,11.9815,0.012883,-0.785317,-0.619094,0
11008,15.4667,0.048333,0.04,11.9898,0.008333,-0.788011,-0.615661,0
11009,15.4833,0.0456,0.0415,11.9939,0.0041,-0.79069,-0.612217,0
11010,15.5,0.047883,0.0411,12.0007,0.006783,-0.793353,-0.608761,0
11011,15.5167,0.049383,0.0382,12.0119,0.011183,-0.796002,-0.605294,0
11012,15.5333,0.047433,0.0389,12.0204,0.008533,-0.798636,-0.601815,0
11013,15.55,0.0539,0.0395,12.0348,0.0144,-0.801254,-0.598325,0
11014,15.5667,0.0475,0.0396,12.0427,0.0079,-0.803857,-0.594823,0
11015,15.5833,0.044767,0.0381,12.0494,0.006667,-0.806445,-0.59131,0
11016,15.6,0.047133,0.0397,12.0568,0.007433,-0.809017,-0.587785,0
11017,15.6167,0.047983,0.0407,12.0641,0.007283,-0.811574,-0.58425,0
11018,15.6333,0.048883,0.04,12.073,0.008883,-0.814116,-0.580703,0
11019,15.65,0.047483,0.0394,12.0811,0.008083,-0.816642,-0.577145,0
11020,15.6667,0.0439,0.0447,12.0803,-0.0008,-0.819152,-0.573576,0
11021,15.6833,0.045217,0.0417,12.0838,0.003517,-0.821647,-0.569997,0
11022,15.7,0.044567,0.0398,12.0886,0.004767,-0.824126,-0.566406,0
11023,15.7167,0.046267,0.0391,12.0958,0.007167,-0.82659,-0.562805,0
11024,15.7333,0.048133,0.0423,12.1016,0.005833,-0.829038,-0.559193,0
11025,15.75,0.046217,0.0401,12.1077,0.006117,-0.83147,-0.55557,0
11026,15.7667,0.043667,0.0412,12.1102,0.002467,-0.833886,-0.551937,0
11027,15.7833,0.040433,0.0398,12.1108,0.000633,-0.836286,-0.548293,0
11028,15.8,0.040717,0.0386,12.1129,0.002117,-0.838671,-0.544639,0
11029,15.8167,0.04155,0.0408,12.1136,0.00075,-0.841039,-0.540974,0
11030,15.8333,0.040383,0.0406,12.1134,-0.000217,-0.843391,-0.5373,0
11031,15.85,0.0411,0.0423,12.1122,-0.0012,-0.845728,-0.533615,0
11032,15.8667,0.038133,0.0363,12.114,0.001833,-0.848048,-0.529919,0
11033,15.8833,0.04105,0.0403,12.1148,0.00075,-0.850352,-0.526214,0
11034,15.9,0.041717,0.0404,12.1161,0.001317,-0.85264,-0.522499,0
11035,15.9167,0.041833,0.0375,12.1204,0.004333,-0.854912,-0.518773,0
11036,15.9333,0.0405,0.0394,12.1215,0.0011,-0.857167,-0.515038,0
11037,15.95,0.043517,0.0393,12.1257,0.004217,-0.859406,-0.511293,0
11038,15.9667,0.04455,0.0384,12.1319,0.00615,-0.861629,-0.507538,0
11039,15.9833,0.03975,0.0409,12.1307,-0.00115,-0.863836,-0.503774,0
11040,16.0,0.03815,0.0401,12.1287,-0.00195,-0.866025,-0.5,0
11041,16.0167,0.03855,0.0375,12.1298,0.00105,-0.868199,-0.496217,0
11042,16.0333,0.04,0.0418,12.128,-0.0018,-0.870356,-0.492424,0
11043,16.05,0.037367,0.0418,12.1236,-0.004433,-0.872496,-0.488621,0
11044,16.0667,0.042467,0.039,12.1271,0.003467,-0.87462,-0.48481,0
11045,16.0833,0.040433,0.0388,12.1287,0.001633,-0.876727,-0.480989,0
11046,16.1,0.031233,0.04,12.1199,-0.008767,-0.878817,-0.477159,0
11047,16.1167,0.038683,0.04,12.1186,-0.001317,-0.880891,-0.47332,0
11048,16.1333,0.036167,0.0397,12.1151,-0.003533,-0.882948,-0.469472,0
11049,16.15,0.034867,0.0405,12.1095,-0.005633,-0.884988,-0.465615,0
11050,16.1667,0.038633,0.0408,12.1073,-0.002167,-0.887011,-0.461749,0
11051,16.1833,0.03925,0.0398,12.1067,-0.00055,-0.889017,-0.457874,0
11052,16.2,0.035917,0.0425,12.1001,-0.006583,-0.891007,-0.45399,0
11053,16.2167,0.04055,0.0381,12.1025,0.00245,-0.892979,-0.450098,0
11054,16.2333,0.039117,0.044,12.0976,-0.004883,-0.894934,-0.446198,0
11055,16.25,0.0383,0.0425,12.0934,-0.0042,-0.896873,-0.442289,0
11056,16.2667,0.030217,0.042,12.0816,-0.011783,-0.898794,-0.438371,0
11057,16.2833,0.036717,0.0393,12.079,-0.002583,-0.900698,-0.434445,0
11058,16.3,0.03625,0.0394,12.0759,-0.00315,-0.902585,-0.430511,0
11059,16.3167,0.029833,0.0406,12.0651,-0.010767,-0.904455,-0.426569,0
11060,16.3333,0.029867,0.0382,12.0568,-0.008333,-0.906308,-0.422618,0
11061,16.35,0.035067,0.0404,12.0515,-0.005333,-0.908143,-0.41866,0
11062,16.3667,0.033917,0.0387,12.0467,-0.004783,-0.909961,-0.414693,0
11063,16.3833,0.03705,0.041,12.0427,-0.00395,-0.911762,-0.410719,0
11064,16.4,0.030667,0.0393,12.0341,-0.008633,-0.913545,-0.406737,0
11065,16.4167,0.03255,0.0381,12.0286,-0.00555,-0.915311,-0.402747,0
11066,16.4333,0.030933,0.0385,12.021,-0.007567,-0.91706,-0.398749,0
11067,16.45,0.0297,0.0405,12.0102,-0.0108,-0.918791,-0.394744,0
11068,16.4667,0.029783,0.0365,12.0035,-0.006717,-0.920505,-0.390731,0
11069,16.4833,0.029133,0.0395,11.9931,-0.010367,-0.922201,-0.386711,0
11070,16.5,0.032017,0.0392,11.9859,-0.007183,-0.92388,-0.382683,0
11071,16.5167,0.032367,0.0387,11.9796,-0.006333,-0.925541,-0.378649,0
11072,16.5333,0.034183,0.0381,11.9757,-0.003917,-0.927184,-0.374607,0
11073,16.55,0.03145,0.0356,11.9715,-0.00415,-0.92881,-0.370557,0
11074,16.5667,0.028817,0.0398,11.9605,-0.010983,-0.930418,-0.366501,0
11075,16.5833,0.029033,0.0382,11.9513,-0.009167,-0.932008,-0.362438,0
11076,16.6,0.031117,0.0411,11.9413,-0.009983,-0.93358,-0.358368,0
11077,16.6167,0.028433,0.0402,11.9295,-0.011767,-0.935135,-0.354291,0
11078,16.6333,0.026717,0.0405,11.9157,-0.013783,-0.936672,-0.350207,0
11079,16.65,0.027883,0.0412,11.9024,-0.013317,-0.938191,-0.346117,0
11080,16.6667,0.028767,0.0407,11.8905,-0.011933,-0.939693,-0.34202,0
11081,16.6833,0.029883,0.0391,11.8813,-0.009217,-0.941176,-0.337917,0
11082,16.7,0.031033,0.0388,11.8735,-0.007767,-0.942641,-0.333807,0
11083,16.7167,0.0322,0.0393,11.8664,-0.0071,-0.944089,-0.329691,0
11084,16.7333,0.028583,0.0392,11.8558,-0.010617,-0.945519,-0.325568,0
11085,16.75,0.0275,0.035,11.8483,-0.0075,-0.94693,-0.321439,0
11086,16.7667,0.02805,0.036,11.8404,-0.00795,-0.948324,-0.317305,0
11087,16.7833,0.027833,0.0407,11.8275,-0.012867,-0.949699,-0.313164,0
11088,16.8,0.02275,0.0398,11.8105,-0.01705,-0.951057,-0.309017,0
11089,16.8167,0.0215,0.0389,11.7931,-0.0174,-0.952396,-0.304864,0
11090,16.8333,0.027017,0.04,11.7801,-0.012983,-0.953717,-0.300706,0
11091,16.85,0.026267,0.0406,11.7658,-0.014333,-0.95502,-0.296542,0
11092,16.8667,0.021633,0.041,11.7464,-0.019367,-0.956305,-0.292372,0
11093,16.8833,0.023117,0.0398,11.7297,-0.016683,-0.957571,-0.288196,0
11094,16.9,0.02065,0.0425,11.7078,-0.02185,-0.95882,-0.284015,0
11095,16.9167,0.02345,0.0387,11.6926,-0.01525,-0.96005,-0.279829,0
11096,16.9333,0.02335,0.0381,11.6779,-0.01475,-0.961262,-0.275637,0
11097,16.95,0.019733,0.0403,11.6573,-0.020567,-0.962455,-0.27144,0
11098,16.9667,0.021183,0.0389,11.6396,-0.017717,-0.96363,-0.267238,0
11099,16.9833,0.026533,0.0385,11.6276,-0.011967,-0.964787,-0.263031,0
11100,17.0,0.021817,0.0392,11.6102,-0.017383,-0.965926,-0.258819,0
11101,17.0167,0.015833,0.038,11.588,-0.022167,-0.967046,-0.254602,0
11102,17.0333,0.015917,0.0412,11.5627,-0.025283,-0.968148,-0.25038,0
11103,17.05,0.01855,0.0416,11.5396,-0.02305,-0.969231,-0.246153,0
11104,17.0667,0.021267,0.0381,11.5228,-0.016833,-0.970296,-0.241922,0
11105,17.0833,0.023033,0.0414,11.5044,-0.018367,-0.971342,-0.237686,0
11106,17.1,0.02035,0.039,11.4858,-0.01865,-0.97237,-0.233445,0
11107,17.1167,0.020817,0.0398,11.4668,-0.018983,-0.973379,-0.2292,0
11108,17.1333,0.01975,0.0423,11.4443,-0.02255,-0.97437,-0.224951,0
11109,17.15,0.0166,0.0394,11.4215,-0.0228,-0.975342,-0.220697,0
11110,17.1667,0.0143,0.0351,11.4007,-0.0208,-0.976296,-0.21644,0
11111,17.1833,0.014533,0.0373,11.3779,-0.022767,-0.977231,-0.212178,0
11112,17.2,0.02085,0.0342,11.3645,-0.01335,-0.978148,-0.207912,0
11113,17.2167,0.0153,0.0399,11.3399,-0.0246,-0.979045,-0.203642,0
11114,17.2333,0.014383,0.0398,11.3145,-0.025417,-0.979925,-0.199368,0
11115,17.25,0.016633,0.0404,11.2907,-0.023767,-0.980785,-0.19509,0
11116,17.2667,0.018033,0.0386,11.2701,-0.020567,-0.981627,-0.190809,0
11117,17.2833,0.015867,0.0386,11.2474,-0.022733,-0.98245,-0.186524,0
11118,17.3,0.018233,0.0379,11.2277,-0.019667,-0.983255,-0.182236,0
11119,17.3167,0.01195,0.0418,11.1979,-0.02985,-0.984041,-0.177944,0
11120,17.3333,0.01375,0.0425,11.1692,-0.02875,-0.984808,-0.173648,0
11121,17.35,0.015767,0.0405,11.1445,-0.024733,-0.985556,-0.16935,0
11122,17.3667,0.011633,0.038,11.1181,-0.026367,-0.986286,-0.165048,0
11123,17.3833,0.013833,0.0393,11.0926,-0.025467,-0.986996,-0.160743,0
11124,17.4,0.014983,0.0389,11.0687,-0.023917,-0.987688,-0.156434,0
11125,17.4167,0.008933,0.0383,11.0393,-0.029367,-0.988362,-0.152123,0
11126,17.4333,0.014,0.0369,11.0164,-0.0229,-0.989016,-0.147809,0
11127,17.45,0.006867,0.0381,10.9852,-0.031233,-0.989651,-0.143493,0
11128,17.4667,0.008167,0.0417,10.9517,-0.033533,-0.990268,-0.139173,0
11129,17.4833,0.00955,0.0414,10.9199,-0.03185,-0.990866,-0.134851,0
11130,17.5,0.0154,0.041,10.8943,-0.0256,-0.991445,-0.130526,0
11131,17.5167,0.013083,0.0391,10.8683,-0.026017,-0.992005,-0.126199,0
11132,17.5333,0.008783,0.0371,10.84,-0.028317,-0.992546,-0.121869,0
11133,17.55,0.011783,0.0411,10.8107,-0.029317,-0.993068,-0.117537,0
11134,17.5667,0.010017,0.0411,10.7796,-0.031083,-0.993572,-0.113203,0
11135,17.5833,0.005267,0.0411,10.7438,-0.035833,-0.994056,-0.108867,0
11136,17.6,0.011567,0.039,10.7164,-0.027433,-0.994522,-0.104528,0
11137,17.6167,0.013983,0.0448,10.6856,-0.030817,-0.994969,-0.100188,0
11138,17.6333,0.008367,0.0375,10.6565,-0.029133,-0.995396,-0.095846,0
11139,17.65,0.005417,0.0421,10.6198,-0.036683,-0.995805,-0.091502,0
11140,17.6667,0.003167,0.0373,10.5857,-0.034133,-0.996195,-0.087156,0
11141,17.6833,0.0067,0.0409,10.5515,-0.0342,-0.996566,-0.082808,0
11142,17.7,0.0036,0.037,10.5181,-0.0334,-0.996917,-0.078459,0
11143,17.7167,0.006667,0.041,10.4838,-0.034333,-0.99725,-0.074108,0
11144,17.7333,0.00845,0.0408,10.4514,-0.03235,-0.997564,-0.069756,0
11145,17.75,0.0071,0.0407,10.4178,-0.0336,-0.997859,-0.065403,0
11146,17.7667,0.000433,0.0392,10.379,-0.038767,-0.998135,-0.061049,0
11147,17.7833,0.002767,0.0394,10.3424,-0.036633,-0.998392,-0.056693,0
11148,17.8,0.002433,0.0413,10.3035,-0.038867,-0.99863,-0.052336,0
11149,17.8167,0.001333,0.0404,10.2644,-0.039067,-0.998848,-0.047978,0
11150,17.8333,0.003733,0.035,10.2331,-0.031267,-0.999048,-0.043619,0
11151,17.85,0.004067,0.0389,10.1983,-0.034833,-0.999229,-0.03926,0
11152,17.8667,0.0,0.0383,10.16,-0.0383,-0.999391,-0.034899,0
11153,17.8833,0.0,0.0385,10.1215,-0.0385,-0.999534,-0.030539,0
11154,17.9,0.0,0.0408,10.0807,-0.0408,-0.999657,-0.026177,0
11155,17.9167,0.002967,0.0446,10.0391,-0.041633,-0.999762,-0.021815,0
11156,17.9333,0.0,0.039,10.0001,-0.039,-0.999848,-0.017452,0
11157,17.95,0.0,0.0397,9.9604,-0.0397,-0.999914,-0.01309,0
11158,17.9667,0.003133,0.0412,9.9223,-0.038067,-0.999962,-0.008727,0
11159,17.9833,0.0,0.0354,9.8869,-0.0354,-0.99999,-0.004363,0
11160,18.0,0.0,0.0893,9.7976,-0.0893,-1.0,-0.0,0
11161,18.0167,0.0,0.0904,9.7072,-0.0904,-0.99999,0.004363,0
11162,18.0333,0.0,0.0878,9.6194,-0.0878,-0.999962,0.008727,0
11163,18.05,0.0,0.0903,9.5291,-0.0903,-0.999914,0.01309,0
11164,18.0667,0.0,0.0894,9.4397,-0.0894,-0.999848,0.017452,0
11165,18.0833,0.0,0.0888,9.3509,-0.0888,-0.999762,0.021815,0
11166,18.1,0.0,0.0929,9.258,-0.0929,-0.999657,0.026177,0
11167,18.1167,0.0,0.091,9.167,-0.091,-0.999534,0.030539,0
11168,18.1333,0.0,0.0891,9.0779,-0.0891,-0.999391,0.034899,0
11169,18.15,0.0,0.0898,8.9881,-0.0898,-0.999229,0.03926,0
11170,18.1667,0.0,0.0875,8.9006,-0.0875,-0.999048,0.043619,0
11171,18.1833,0.0,0.0913,8.8093,-0.0913,-0.998848,0.047978,0
11172,18.2,0.0,0.0901,8.7192,-0.0901,-0.99863,0.052336,0
11173,18.2167,0.0,0.0872,8.632,-0.0872,-0.998392,0.056693,0
11174,18.2333,0.0,0.0918,8.5402,-0.0918,-0.998135,0.061049,0
11175,18.25,0.0,0.088,8.4522,-0.088,-0.997859,0.065403,0
11176,18.2667,0.0,0.086,8.3662,-0.086,-0.997564,0.069756,0
11177,18.2833,0.0,0.0905,8.2757,-0.0905,-0.99725,0.074108,0
11178,18.3,0.0,0.0901,8.1856,-0.0901,-0.996917,0.078459,0
11179,18.3167,0.0,0.0894,8.0962,-0.0894,-0.996566,0.082808,0
11180,18.3333,0.0,0.089,8.0072,-0.089,-0.996195,0.087156,0
11181,18.35,0.0,0.0882,7.919,-0.0882,-0.995805,0.091502,0
11182,18.3667,0.0,0.0909,7.8281,-0.0909,-0.995396,0.095846,0
11183,18.3833,0.0,0.0945,7.7336,-0.0945,-0.994969,0.100188,0
11184,18.4,0.0,0.0932,7.6404,-0.0932,-0.994522,0.104528,0
11185,18.4167,0.0,0.0895,7.5509,-0.0895,-0.994056,0.108867,0
11186,18.4333,0.0,0.0931,7.4578,-0.0931,-0.993572,0.113203,0
11187,18.45,0.0,0.0901,7.3677,-0.0901,-0.993068,0.117537,0
11188,18.4667,0.0,0.0917,7.276,-0.0917,-0.992546,0.121869,0
11189,18.4833,0.0,0.0912,7.1848,-0.0912,-0.992005,0.126199,0
11190,18.5,0.0,0.093,7.0918,-0.093,-0.991445,0.130526,0
11191,18.5167,0.0,0.0899,7.0019,-0.0899,-0.990866,0.134851,0
11192,18.5333,0.0,0.091,6.9109,-0.091,-0.990268,0.139173,0
11193,18.55,0.0,0.0902,6.8207,-0.0902,-0.989651,0.143493,0
11194,18.5667,0.0,0.0921,6.7286,-0.0921,-0.989016,0.147809,0
11195,18.5833,0.0,0.0913,6.6373,-0.0913,-0.988362,0.152123,0
11196,18.6,0.0,0.0916,6.5457,-0.0916,-0.987688,0.156434,0
11197,18.6167,0.0,0.0906,6.4551,-0.0906,-0.986996,0.160743,0
11198,18.6333,0.0,0.0898,6.3653,-0.0898,-0.986286,0.165048,0
11199,18.65,0.0,0.0928,6.2725,-0.0928,-0.985556,0.16935,0
11200,18.6667,0.0,0.0904,6.1821,-0.0904,-0.984808,0.173648,0
11201,18.6833,0.0,0.0861,6.096,-0.0861,-0.984041,0.177944,0
11202,18.7,0.0,0.0894,6.0066,-0.0894,-0.983255,0.182236,0
11203,18.7167,0.0,0.094,5.9126,-0.094,-0.98245,0.186524,0
11204,18.7333,0.0,0.0904,5.8222,-0.0904,-0.981627,0.190809,0
11205,18.75,0.0,0.094,5.7282,-0.094,-0.980785,0.19509,0
11206,18.7667,0.0,0.0893,5.6389,-0.0893,-0.979925,0.199368,0
11207,18.7833,0.0,0.0896,5.5493,-0.0896,-0.979045,0.203642,0
11208,18.8,0.0,0.0891,5.4602,-0.0891,-0.978148,0.207912,0
11209,18.8167,0.0,0.0872,5.373,-0.0872,-0.977231,0.212178,0
11210,18.8333,0.0,0.0884,5.2846,-0.0884,-0.976296,0.21644,0
11211,18.85,0.0,0.0883,5.1963,-0.0883,-0.975342,0.220697,0
11212,18.8667,0.0,0.0924,5.1039,-0.0924,-0.97437,0.224951,0
11213,18.8833,0.0,0.0867,5.0172,-0.0867,-0.973379,0.2292,0
11214,18.9,0.0,0.0913,4.9259,-0.0913,-0.97237,0.233445,0
11215,18.9167,0.0,0.0868,4.8391,-0.0868,-0.971342,0.237686,0
11216,18.9333,0.0,0.0934,4.7457,-0.0934,-0.970296,0.241922,0
11217,18.95,0.0,0.0924,4.6533,-0.0924,-0.969231,0.246153,0
11218,18.9667,0.0,0.0912,4.5621,-0.0912,-0.968148,0.25038,0
11219,18.9833,0.0,0.0895,4.4726,-0.0895,-0.967046,0.254602,0
11220,19.0,0.0,0.0918,4.3808,-0.0918,-0.965926,0.258819,0
11221,19.0167,0.0,0.0894,4.2914,-0.0894,-0.964787,0.263031,0
11222,19.0333,0.0,0.0916,4.1998,-0.0916,-0.96363,0.267238,0
11223,19.05,0.0,0.0865,4.1133,-0.0865,-0.962455,0.27144,0
11224,19.0667,0.0,0.0893,4.024,-0.0893,-0.961262,0.275637,0
11225,19.0833,0.0,0.0911,3.9329,-0.0911,-0.96005,0.279829,0
11226,19.1,0.0,0.0919,3.841,-0.0919,-0.95882,0.284015,0
11227,19.1167,0.0,0.0904,3.7506,-0.0904,-0.957571,0.288196,0
11228,19.1333,0.0,0.0892,3.6614,-0.0892,-0.956305,0.292372,0
11229,19.15,0.0,0.0935,3.5679,-0.0935,-0.95502,0.296542,0
11230,19.1667,0.0,0.0887,3.4792,-0.0887,-0.953717,0.300706,0
11231,19.1833,0.0,0.0909,3.3883,-0.0909,-0.952396,0.304864,0
11232,19.2,0.0,0.0893,3.299,-0.0893,-0.951057,0.309017,0
11233,19.2167,0.0,0.0912,3.2078,-0.0912,-0.949699,0.313164,0
11234,19.2333,0.0,0.0896,3.1182,-0.0896,-0.948324,0.317305,0
11235,19.25,0.0,0.0931,3.0251,-0.0931,-0.94693,0.321439,0
11236,19.2667,0.0,0.0915,2.9336,-0.0915,-0.945519,0.325568,0
11237,19.2833,0.0,0.0918,2.8418,-0.0918,-0.944089,0.329691,0
11238,19.3,0.0,0.0918,2.75,-0.0918,-0.942641,0.333807,0
11239,19.3167,0.0,0.0898,2.6602,-0.0898,-0.941176,0.337917,0
11240,19.3333,0.0,0.0893,2.5709,-0.0893,-0.939693,0.34202,0
11241,19.35,0.0,0.0894,2.4815,-0.0894,-0.938191,0.346117,0
11242,19.3667,0.0,0.0884,2.3931,-0.0884,-0.936672,0.350207,0
11243,19.3833,0.0,0.0931,2.3,-0.0931,-0.935135,0.354291,0
11244,19.4,0.0,0.0907,2.2093,-0.0907,-0.93358,0.358368,0
11245,19.4167,0.0,0.0905,2.1188,-0.0905,-0.932008,0.362438,0
11246,19.4333,0.0,0.0937,2.0251,-0.0937,-0.930418,0.366501,0
11247,19.45,0.0,0.0928,1.9323,-0.0928,-0.92881,0.370557,0
11248,19.4667,0.0,0.09,1.8423,-0.09,-0.927184,0.374607,0
11249,19.4833,0.0,0.0878,1.7545,-0.0878,-0.925541,0.378649,0
11250,19.5,0.0,0.0925,1.662,-0.0925,-0.92388,0.382683,0
11251,19.5167,0.0,0.092,1.57,-0.092,-0.922201,0.386711,0
11252,19.5333,0.0,0.0893,1.4807,-0.0893,-0.920505,0.390731,0
11253,19.55,0.0,0.0912,1.3895,-0.0912,-0.918791,0.394744,0
11254,19.5667,0.0,0.0918,1.2977,-0.0918,-0.91706,0.398749,0
11255,19.5833,0.0,0.0893,1.2084,-0.0893,-0.915311,0.402747,0
11256,19.6,0.0,0.0897,1.1187,-0.0897,-0.913545,0.406737,0
11257,19.6167,0.0,0.088,1.0307,-0.088,-0.911762,0.410719,0
11258,19.6333,0.0,0.0913,0.9394,-0.0913,-0.909961,0.414693,0
11259,19.65,0.0,0.0902,0.8492,-0.0902,-0.908143,0.41866,0
11260,19.6667,0.0,0.0912,0.758,-0.0912,-0.906308,0.422618,0
11261,19.6833,0.0,0.0936,0.6644,-0.0936,-0.904455,0.426569,0
11262,19.7,0.0,0.0888,0.5756,-0.0888,-0.902585,0.430511,0
11263,19.7167,0.0,0.0948,0.4808,-0.0948,-0.900698,0.434445,0
11264,19.7333,0.0,0.0909,0.3899,-0.0909,-0.898794,0.438371,0
11265,19.75,0.0,0.089,0.3009,-0.089,-0.896873,0.442289,0
11266,19.7667,0.0,0.1252,0.1757,-0.1252,-0.894934,0.446198,0
11267,19.7833,0.0,0.1287,0.047,-0.1287,-0.892979,0.450098,0
11268,19.8,0.0,0.1248,0.0,-0.1248,-0.891007,0.45399,1
11269,19.8167,0.0,0.1248,0.0,-0.1248,-0.889017,0.457874,1
11270,19.8333,0.0,0.1304,0.0,-0.1304,-0.887011,0.461749,1
11271,19.85,0.0,0.1278,0.0,-0.1278,-0.884988,0.465615,1
11272,19.8667,0.0,0.1288,0.0,-0.1288,-0.882948,0.469472,1
11273,19.8833,0.0,0.1291,0.0,-0.1291,-0.880891,0.47332,1
11274,19.9,0.0,0.124,0.0,-0.124,-0.878817,0.477159,1
11275,19.9167,0.0,0.123,0.0,-0.123,-0.876727,0.480989,1
11276,19.9333,0.0,0.125,0.0,-0.125,-0.87462,0.48481,1
11277,19.95,0.0,0.1247,0.0,-0.1247,-0.872496,0.488621,1
11278,19.9667,0.0,0.1273,0.0,-0.1273,-0.870356,0.492424,1
11279,19.9833,0.0,0.1267,0.0,-0.1267,-0.868199,0.496217,1
11280,20.0,0.0,0.1305,0.0,-0.1305,-0.866025,0.5,1
11281,20.0167,0.0,0.1259,0.0,-0.1259,-0.863836,0.503774,1
11282,20.0333,0.0,0.1238,0.0,-0.1238,-0.861629,0.507538,1
11283,20.05,0.0,0.1306,0.0,-0.1306,-0.859406,0.511293,1
11284,20.0667,0.0,0.1262,0.0,-0.1262,-0.857167,0.515038,1
11285,20.0833,0.0,0.1242,0.0,-0.1242,-0.854912,0.518773,1
11286,20.1,0.0,0.1268,0.0,-0.1268,-0.85264,0.522499,1
11287,20.1167,0.0,0.1221,0.0,-0.1221,-0.850352,0.526214,1
11288,20.1333,0.0,0.124,0.0,-0.124,-0.848048,0.529919,1
11289,20.15,0.0,0.1264,0.0,-0.1264,-0.845728,0.533615,1
11290,20.1667,0.0,0.1243,0.0,-0.1243,-0.843391,0.5373,1
11291,20.1833,0.0,0.1249,0.0,-0.1249,-0.841039,0.540974,1
11292,20.2,0.0,0.1283,0.0,-0.1283,-0.838671,0.544639,1
11293,20.2167,0.0,0.1273,0.0,-0.1273,-0.836286,0.548293,1
11294,20.2333,0.0,0.1256,0.0,-0.1256,-0.833886,0.551937,1
11295,20.25,0.0,0.1263,0.0,-0.1263,-0.83147,0.55557,1
11296,20.2667,0.0,0.1266,0.0,-0.1266,-0.829038,0.559193,1
11297,20.2833,0.0,0.1293,0.0,-0.1293,-0.82659,0.562805,1
11298,20.3,0.0,0.1254,0.0,-0.1254,-0.824126,0.566406,1
11299,20.3167,0.0,0.1236,0.0,-0.1236,-0.821647,0.569997,1
11300,20.3333,0.0,0.1247,0.0,-0.1247,-0.819152,0.573576,1
11301,20.35,0.0,0.1252,0.0,-0.1252,-0.816642,0.577145,1
11302,20.3667,0.0,0.1273,0.0,-0.1273,-0.814116,0.580703,1
11303,20.3833,0.0,0.1276,0.0,-0.1276,-0.811574,0.58425,1
11304,20.4,0.0,0.1295,0.0,-0.1295,-0.809017,0.587785,1
11305,20.4167,0.0,0.1272,0.0,-0.1272,-0.806445,0.59131,1
11306,20.4333,0.0,0.1238,0.0,-0.1238,-0.803857,0.594823,1
11307,20.45,0.0,0.124,0.0,-0.124,-0.801254,0.598325,1
11308,20.4667,0.0,0.1265,0.0,-0.1265,-0.798636,0.601815,1
11309,20.4833,0.0,0.1272,0.0,-0.1272,-0.796002,0.605294,1
11310,20.5,0.0,0.1236,0.0,-0.1236,-0.793353,0.608761,1
11311,20.5167,0.0,0.127,0.0,-0.127,-0.79069,0.612217,1
11312,20.5333,0.0,0.1272,0.0,-0.1272,-0.788011,0.615661,1
11313,20.55,0.0,0.1235,0.0,-0.1235,-0.785317,0.619094,1
11314,20.5667,0.0,0.1279,0.0,-0.1279,-0.782608,0.622515,1
11315,20.5833,0.0,0.124,0.0,-0.124,-0.779884,0.625923,1
11316,20.6,0.0,0.1272,0.0,-0.1272,-0.777146,0.62932,1
11317,20.6167,0.0,0.128,0.0,-0.128,-0.774393,0.632705,1
11318,20.6333,0.0,0.125,0.0,-0.125,-0.771625,0.636078,1
11319,20.65,0.0,0.1268,0.0,-0.1268,-0.768842,0.639439,1
11320,20.6667,0.0,0.1268,0.0,-0.1268,-0.766044,0.642788,1
11321,20.6833,0.0,0.1269,0.0,-0.1269,-0.763232,0.646124,1
11322,20.7,0.0,0.1285,0.0,-0.1285,-0.760406,0.649448,1
11323,20.7167,0.0,0.1246,0.0,-0.1246,-0.757565,0.65276,1
11324,20.7333,0.0,0.131,0.0,-0.131,-0.75471,0.656059,1
11325,20.75,0.0,0.1257,0.0,-0.1257,-0.75184,0.659346,1
11326,20.7667,0.0,0.126,0.0,-0.126,-0.748956,0.66262,1
11327,20.7833,0.0,0.1259,0.0,-0.1259,-0.746057,0.665882,1
11328,20.8,0.0,0.125,0.0,-0.125,-0.743145,0.669131,1
11329,20.8167,0.0,0.1233,0.0,-0.1233,-0.740218,0.672367,1
11330,20.8333,0.0,0.1263,0.0,-0.1263,-0.737277,0.67559,1
11331,20.85,0.0,0.128,0.0,-0.128,-0.734323,0.678801,1
11332,20.8667,0.0,0.1294,0.0,-0.1294,-0.731354,0.681998,1
11333,20.8833,0.0,0.1284,0.0,-0.1284,-0.728371,0.685183,1
11334,20.9,0.0,0.128,0.0,-0.128,-0.725374,0.688355,1
11335,20.9167,0.0,0.1238,0.0,-0.1238,-0.722364,0.691513,1
11336,20.9333,0.0,0.1256,0.0,-0.1256,-0.71934,0.694658,1
11337,20.95,0.0,0.1248,0.0,-0.1248,-0.716302,0.69779,1
11338,20.9667,0.0,0.124,0.0,-0.124,-0.71325,0.700909,1
11339,20.9833,0.0,0.1277,0.0,-0.1277,-0.710185,0.704015,1
11340,21.0,0.0,0.1243,0.0,-0.1243,-0.707107,0.707107,1
11341,21.0167,0.0,0.1274,0.0,-0.1274,-0.704015,0.710185,1
11342,21.0333,0.0,0.1249,0.0,-0.1249,-0.700909,0.71325,1
11343,21.05,0.0,0.1241,0.0,-0.1241,-0.69779,0.716302,1
11344,21.0667,0.0,0.1261,0.0,-0.1261,-0.694658,0.71934,1
11345,21.0833,0.0,0.1232,0.0,-0.1232,-0.691513,0.722364,1
11346,21.1,0.0,0.1248,0.0,-0.1248,-0.688355,0.725374,1
11347,21.1167,0.0,0.1241,0.0,-0.1241,-0.685183,0.728371,1
11348,21.1333,0.0,0.1241,0.0,-0.1241,-0.681998,0.731354,1
11349,21.15,0.0,0.128,0.0,-0.128,-0.678801,0.734323,1
11350,21.1667,0.0,0.1252,0.0,-0.1252,-0.67559,0.737277,1
11351,21.1833,0.0,0.0928,0.0,-0.0928,-0.672367,0.740218,1
11352,21.2,0.0,0.0907,0.0,-0.0907,-0.669131,0.743145,1
11353,21.2167,0.0,0.0909,0.0,-0.0909,-0.665882,0.746057,1
11354,21.2333,0.0,0.0936,0.0,-0.0936,-0.66262,0.748956,1
11355,21.25,0.0,0.087,0.0,-0.087,-0.659346,0.75184,1
11356,21.2667,0.0,0.0941,0.0,-0.0941,-0.656059,0.75471,1
11357,21.2833,0.0,0.0907,0.0,-0.0907,-0.65276,0.757565,1
11358,21.3,0.0,0.0886,0.0,-0.0886,-0.649448,0.760406,1
11359,21.3167,0.0,0.0912,0.0,-0.0912,-0.646124,0.763232,1
11360,21.3333,0.0,0.0887,0.0,-0.0887,-0.642788,0.766044,1
11361,21.35,0.0,0.0929,0.0,-0.0929,-0.639439,0.768842,1
11362,21.3667,0.0,0.089,0.0,-0.089,-0.636078,0.771625,1
11363,21.3833,0.0,0.091,0.0,-0.091,-0.632705,0.774393,1
11364,21.4,0.0,0.0898,0.0,-0.0898,-0.62932,0.777146,1
11365,21.4167,0.0,0.0875,0.0,-0.0875,-0.625923,0.779884,1
11366,21.4333,0.0,0.087,0.0,-0.087,-0.622515,0.782608,1
11367,21.45,0.0,0.0845,0.0,-0.0845,-0.619094,0.785317,1
11368,21.4667,0.0,0.09,0.0,-0.09,-0.615661,0.788011,1
11369,21.4833,0.0,0.0871,0.0,-0.0871,-0.612217,0.79069,1
11370,21.5,0.0,0.0878,0.0,-0.0878,-0.608761,0.793353,1
11371,21.5167,0.0,0.0927,0.0,-0.0927,-0.605294,0.796002,1
11372,21.5333,0.0,0.0933,0.0,-0.0933,-0.601815,0.798636,1
11373,21.55,0.0,0.0872,0.0,-0.0872,-0.598325,0.801254,1
11374,21.5667,0.0,0.0905,0.0,-0.0905,-0.594823,0.803857,1
11375,21.5833,0.0,0.0873,0.0,-0.0873,-0.59131,0.806445,1
11376,21.6,0.0,0.0943,0.0,-0.0943,-0.587785,0.809017,1
11377,21.6167,0.0,0.0882,0.0,-0.0882,-0.58425,0.811574,1
11378,21.6333,0.0,0.0883,0.0,-0.0883,-0.580703,0.814116,1
11379,21.65,0.0,0.0905,0.0,-0.0905,-0.577145,0.816642,1
11380,21.6667,0.0,0.0871,0.0,-0.0871,-0.573576,0.819152,1
11381,21.6833,0.0,0.0888,0.0,-0.0888,-0.569997,0.821647,1
11382,21.7,0.0,0.0886,0.0,-0.0886,-0.566406,0.824126,1
11383,21.7167,0.0,0.0922,0.0,-0.0922,-0.562805,0.82659,1
11384,21.7333,0.0,0.0887,0.0,-0.0887,-0.559193,0.829038,1
11385,21.75,0.0,0.0894,0.0,-0.0894,-0.55557,0.83147,1
11386,21.7667,0.0,0.0898,0.0,-0.0898,-0.551937,0.833886,1
11387,21.7833,0.0,0.0903,0.0,-0.0903,-0.548293,0.836286,1
11388,21.8,0.0,0.0864,0.0,-0.0864,-0.544639,0.838671,1
11389,21.8167,0.0,0.0886,0.0,-0.0886,-0.540974,0.841039,1
11390,21.8333,0.0,0.0897,0.0,-0.0897,-0.5373,0.843391,1
11391,21.85,0.0,0.0878,0.0,-0.0878,-0.533615,0.845728,1
11392,21.8667,0.0,0.0869,0.0,-0.0869,-0.529919,0.848048,1
11393,21.8833,0.0,0.0907,0.0,-0.0907,-0.526214,0.850352,1
11394,21.9,0.0,0.0925,0.0,-0.0925,-0.522499,0.85264,1
11395,21.9167,0.0,0.09,0.0,-0.09,-0.518773,0.854912,1
11396,21.9333,0.0,0.0879,0.0,-0.0879,-0.515038,0.857167,1
11397,21.95,0.0,0.0872,0.0,-0.0872,-0.511293,0.859406,1
11398,21.9667,0.0,0.0893,0.0,-0.0893,-0.507538,0.861629,1
11399,21.9833,0.0,0.0901,0.0,-0.0901,-0.503774,0.863836,1
11400,22.0,0.0,0.0205,0.0,-0.0205,-0.5,0.866025,1
11401,22.0167,0.0,0.0237,0.0,-0.0237,-0.496217,0.868199,1
11402,22.0333,0.0,0.0159,0.0,-0.0159,-0.492424,0.870356,1
11403,22.05,0.0,0.0211,0.0,-0.0211,-0.488621,0.872496,1
11404,22.0667,0.0,0.0253,0.0,-0.0253,-0.48481,0.87462,1
11405,22.0833,0.0,0.0194,0.0,-0.0194,-0.480989,0.876727,1
11406,22.1,0.0,0.0239,0.0,-0.0239,-0.477159,0.878817,1
11407,22.1167,0.0,0.0208,0.0,-0.0208,-0.47332,0.880891,1
11408,22.1333,0.0,0.0188,0.0,-0.0188,-0.469472,0.882948,1
11409,22.15,0.0,0.0249,0.0,-0.0249,-0.465615,0.884988,1
11410,22.1667,0.0,0.0197,0.0,-0.0197,-0.461749,0.887011,1
11411,22.1833,0.0,0.0207,0.0,-0.0207,-0.457874,0.889017,1
11412,22.2,0.0,0.0245,0.0,-0.0245,-0.45399,0.891007,1
11413,22.2167,0.0,0.0254,0.0,-0.0254,-0.450098,0.892979,1
11414,22.2333,0.0,0.0207,0.0,-0.0207,-0.446198,0.894934,1
11415,22.25,0.0,0.021,0.0,-0.021,-0.442289,0.896873,1
11416,22.2667,0.0,0.0229,0.0,-0.0229,-0.438371,0.898794,1
11417,22.2833,0.0,0.018,0.0,-0.018,-0.434445,0.900698,1
11418,22.3,0.0,0.0217,0.0,-0.0217,-0.430511,0.902585,1
11419,22.3167,0.0,0.0219,0.0,-0.0219,-0.426569,0.904455,1
11420,22.3333,0.0,0.0252,0.0,-0.0252,-0.422618,0.906308,1
11421,22.35,0.0,0.0197,0.0,-0.0197,-0.41866,0.908143,1
11422,22.3667,0.0,0.025,0.0,-0.025,-0.414693,0.909961,1
11423,22.3833,0.0,0.021,0.0,-0.021,-0.410719,0.911762,1
11424,22.4,0.0,0.0231,0.0,-0.0231,-0.406737,0.913545,1
11425,22.4167,0.0,0.023,0.0,-0.023,-0.402747,0.915311,1
11426,22.4333,0.0,0.0222,0.0,-0.0222,-0.398749,0.91706,1
11427,22.45,0.0,0.0251,0.0,-0.0251,-0.394744,0.918791,1
11428,22.4667,0.0,0.0226,0.0,-0.0226,-0.390731,0.920505,1
11429,22.4833,0.0,0.0199,0.0,-0.0199,-0.386711,0.922201,1
11430,22.5,0.0,0.0232,0.0,-0.0232,-0.382683,0.92388,1
11431,22.5167,0.0,0.0225,0.0,-0.0225,-0.378649,0.925541,1
11432,22.5333,0.0,0.0213,0.0,-0.0213,-0.374607,0.927184,1
11433,22.55,0.0,0.0208,0.0,-0.0208,-0.370557,0.92881,1
11434,22.5667,0.0,0.0203,0.0,-0.0203,-0.366501,0.930418,1
11435,22.5833,0.0,0.0281,0.0,-0.0281,-0.362438,0.932008,1
11436,22.6,0.0,0.0222,0.0,-0.0222,-0.358368,0.93358,1
11437,22.6167,0.0,0.0187,0.0,-0.0187,-0.354291,0.935135,1
11438,22.6333,0.0,0.0211,0.0,-0.0211,-0.350207,0.936672,1
11439,22.65,0.0,0.0207,0.0,-0.0207,-0.346117,0.938191,1
11440,22.6667,0.0,0.0179,0.0,-0.0179,-0.34202,0.939693,1
11441,22.6833,0.0,0.0251,0.0,-0.0251,-0.337917,0.941176,1
11442,22.7,0.0,0.0236,0.0,-0.0236,-0.333807,0.942641,1
11443,22.7167,0.0,0.0217,0.0,-0.0217,-0.329691,0.944089,1
11444,22.7333,0.0,0.0942,0.0,-0.0942,-0.325568,0.945519,1
11445,22.75,0.0,0.0944,0.0,-0.0944,-0.321439,0.94693,1
11446,22.7667,0.0,0.0955,0.0,-0.0955,-0.317305,0.948324,1
11447,22.7833,0.0,0.0899,0.0,-0.0899,-0.313164,0.949699,1
11448,22.8,0.0,0.0943,0.0,-0.0943,-0.309017,0.951057,1
11449,22.8167,0.0,0.0945,0.0,-0.0945,-0.304864,0.952396,1
11450,22.8333,0.0,0.0927,0.0,-0.0927,-0.300706,0.953717,1
11451,22.85,0.0,0.092,0.0,-0.092,-0.296542,0.95502,1
11452,22.8667,0.0,0.0944,0.0,-0.0944,-0.292372,0.956305,1
11453,22.8833,0.0,0.0925,0.0,-0.0925,-0.288196,0.957571,1
11454,22.9,0.0,0.0931,0.0,-0.0931,-0.284015,0.95882,1
11455,22.9167,0.0,0.0966,0.0,-0.0966,-0.279829,0.96005,1
11456,22.9333,0.0,0.0957,0.0,-0.0957,-0.275637,0.961262,1
11457,22.95,0.0,0.0933,0.0,-0.0933,-0.27144,0.962455,1
11458,22.9667,0.0,0.0949,0.0,-0.0949,-0.267238,0.96363,1
11459,22.9833,0.0,0.0903,0.0,-0.0903,-0.263031,0.964787,1
11460,23.0,0.0,0.0957,0.0,-0.0957,-0.258819,0.965926,1
11461,23.0167,0.0,0.0926,0.0,-0.0926,-0.254602,0.967046,1
11462,23.0333,0.0,0.0937,0.0,-0.0937,-0.25038,0.968148,1
11463,23.05,0.0,0.0945,0.0,-0.0945,-0.246153,0.969231,1
11464,23.0667,0.0,0.0962,0.0,-0.0962,-0.241922,0.970296,1
11465,23.0833,0.0,0.094,0.0,-0.094,-0.237686,0.971342,1
11466,23.1,0.0,0.0945,0.0,-0.0945,-0.233445,0.97237,1
11467,23.1167,0.0,0.0942,0.0,-0.0942,-0.2292,0.973379,1
11468,23.1333,0.0,0.0949,0.0,-0.0949,-0.224951,0.97437,1
11469,23.15,0.0,0.0938,0.0,-0.0938,-0.220697,0.975342,1
11470,23.1667,0.0,0.094,0.0,-0.094,-0.21644,0.976296,1
11471,23.1833,0.0,0.0934,0.0,-0.0934,-0.212178,0.977231,1
11472,23.2,0.0,0.0957,0.0,-0.0957,-0.207912,0.978148,1
11473,23.2167,0.0,0.0935,0.0,-0.0935,-0.203642,0.979045,1
11474,23.2333,0.0,0.0943,0.0,-0.0943,-0.199368,0.979925,1
11475,23.25,0.0,0.0938,0.0,-0.0938,-0.19509,0.980785,1
11476,23.2667,0.0,0.0957,0.0,-0.0957,-0.190809,0.981627,1
11477,23.2833,0.0,0.0934,0.0,-0.0934,-0.186524,0.98245,1
11478,23.3,0.0,0.0977,0.0,-0.0977,-0.182236,0.983255,1
11479,23.3167,0.0,0.0963,0.0,-0.0963,-0.177944,0.984041,1
11480,23.3333,0.0,0.0946,0.0,-0.0946,-0.173648,0.984808,1
11481,23.35,0.0,0.0986,0.0,-0.0986,-0.16935,0.985556,1
11482,23.3667,0.0,0.0944,0.0,-0.0944,-0.165048,0.986286,1
11483,23.3833,0.0,0.091,0.0,-0.091,-0.160743,0.986996,1
11484,23.4,0.0,0.0962,0.0,-0.0962,-0.156434,0.987688,1
11485,23.4167,0.0,0.0922,0.0,-0.0922,-0.152123,0.988362,1
11486,23.4333,0.0,0.0981,0.0,-0.0981,-0.147809,0.989016,1
11487,23.45,0.0,0.0924,0.0,-0.0924,-0.143493,0.989651,1
11488,23.4667,0.0,0.0926,0.0,-0.0926,-0.139173,0.990268,1
11489,23.4833,0.0,0.0954,0.0,-0.0954,-0.134851,0.990866,1
11490,23.5,0.0,0.0956,0.0,-0.0956,-0.130526,0.991445,1
11491,23.5167,0.0,0.0951,0.0,-0.0951,-0.126199,0.992005,1
11492,23.5333,0.0,0.096,0.0,-0.096,-0.121869,0.992546,1
11493,23.55,0.0,0.0983,0.0,-0.0983,-0.117537,0.993068,1
11494,23.5667,0.0,0.0952,0.0,-0.0952,-0.113203,0.993572,1
11495,23.5833,0.0,0.0925,0.0,-0.0925,-0.108867,0.994056,1
11496,23.6,0.0,0.0949,0.0,-0.0949,-0.104528,0.994522,1
11497,23.6167,0.0,0.0926,0.0,-0.0926,-0.100188,0.994969,1
11498,23.6333,0.0,0.0914,0.0,-0.0914,-0.095846,0.995396,1
11499,23.65,0.0,0.0979,0.0,-0.0979,-0.091502,0.995805,1
11500,23.6667,0.0,0.095,0.0,-0.095,-0.087156,0.996195,1
11501,23.6833,0.0,0.0938,0.0,-0.0938,-0.082808,0.996566,1
11502,23.7,0.0,0.0939,0.0,-0.0939,-0.078459,0.996917,1
11503,23.7167,0.0,0.0941,0.0,-0.0941,-0.074108,0.99725,1
11504,23.7333,0.0,0.0931,0.0,-0.0931,-0.069756,0.997564,1
11505,23.75,0.0,0.0959,0.0,-0.0959,-0.065403,0.997859,1
11506,23.7667,0.0,0.097,0.0,-0.097,-0.061049,0.998135,1
11507,23.7833,0.0,0.0943,0.0,-0.0943,-0.056693,0.998392,1
11508,23.8,0.0,0.0946,0.0,-0.0946,-0.052336,0.99863,1
11509,23.8167,0.0,0.0932,0.0,-0.0932,-0.047978,0.998848,1
11510,23.8333,0.0,0.0962,0.0,-0.0962,-0.043619,0.999048,1
11511,23.85,0.0,0.096,0.0,-0.096,-0.03926,0.999229,1
11512,23.8667,0.0,0.0922,0.0,-0.0922,-0.034899,0.999391,1
11513,23.8833,0.0,0.0974,0.0,-0.0974,-0.030539,0.999534,1
11514,23.9,0.0,0.0941,0.0,-0.0941,-0.026177,0.999657,1
11515,23.9167,0.0,0.0928,0.0,-0.0928,-0.021815,0.999762,1
11516,23.9333,0.0,0.0922,0.0,-0.0922,-0.017452,0.999848,1
11517,23.95,0.0,0.0963,0.0,-0.0963,-0.01309,0.999914,1
11518,23.9667,0.0,0.097,0.0,-0.097,-0.008727,0.999962,1
11519,23.9833,0.0,0.0963,0.0,-0.0963,-0.004363,0.99999,1
11520,0.0,0.0,0.0951,0.0,-0.0951,0.0,1.0,1
11521,0.0167,0.0,0.0937,0.0,-0.0937,0.004363,0.99999,1
11522,0.0333,0.0,0.0939,0.0,-0.0939,0.008727,0.999962,1
11523,0.05,0.0,0.0967,0.0,-0.0967,0.01309,0.999914,1
11524,0.0667,0.0,0.0928,0.0,-0.0928,0.017452,0.999848,1
11525,0.0833,0.0,0.094,0.0,-0.094,0.021815,0.999762,1
11526,0.1,0.0,0.0951,0.0,-0.0951,0.026177,0.999657,1
11527,0.1167,0.0,0.0941,0.0,-0.0941,0.030539,0.999534,1
11528,0.1333,0.0,0.0919,0.0,-0.0919,0.034899,0.999391,1
11529,0.15,0.0,0.0237,0.0,-0.0237,0.03926,0.999229,1
11530,0.1667,0.0,0.0201,0.0,-0.0201,0.043619,0.999048,1
11531,0.1833,0.0,0.0247,0.0,-0.0247,0.047978,0.998848,1
11532,0.2,0.0,0.0224,0.0,-0.0224,0.052336,0.99863,1
11533,0.2167,0.0,0.0239,0.0,-0.0239,0.056693,0.998392,1
11534,0.2333,0.0,0.0204,0.0,-0.0204,0.061049,0.998135,1
11535,0.25,0.0,0.0237,0.0,-0.0237,0.065403,0.997859,1
11536,0.2667,0.0,0.0215,0.0,-0.0215,0.069756,0.997564,1
11537,0.2833,0.0,0.0201,0.0,-0.0201,0.074108,0.99725,1
11538,0.3,0.0,0.0195,0.0,-0.0195,0.078459,0.996917,1
11539,0.3167,0.0,0.0206,0.0,-0.0206,0.082808,0.996566,1
11540,0.3333,0.0,0.025,0.0,-0.025,0.087156,0.996195,1
11541,0.35,0.0,0.0224,0.0,-0.0224,0.091502,0.995805,1
11542,0.3667,0.0,0.0241,0.0,-0.0241,0.095846,0.995396,1
11543,0.3833,0.0,0.0178,0.0,-0.0178,0.100188,0.994969,1
11544,0.4,0.0,0.0214,0.0,-0.0214,0.104528,0.994522,1
11545,0.4167,0.0,0.0195,0.0,-0.0195,0.108867,0.994056,1
11546,0.4333,0.0,0.023,0.0,-0.023,0.113203,0.993572,1
11547,0.45,0.0,0.0221,0.0,-0.0221,0.117537,0.993068,1
11548,0.4667,0.0,0.0261,0.0,-0.0261,0.121869,0.992546,1
11549,0.4833,0.0,0.0228,0.0,-0.0228,0.126199,0.992005,1
11550,0.5,0.0,0.0197,0.0,-0.0197,0.130526,0.991445,1
11551,0.5167,0.0,0.0222,0.0,-0.0222,0.134851,0.990866,1
11552,0.5333,0.0,0.0227,0.0,-0.0227,0.139173,0.990268,1
11553,0.55,0.0,0.0212,0.0,-0.0212,0.143493,0.989651,1
11554,0.5667,0.0,0.0205,0.0,-0.0205,0.147809,0.989016,1
11555,0.5833,0.0,0.0202,0.0,-0.0202,0.152123,0.988362,1
11556,0.6,0.0,0.0242,0.0,-0.0242,0.156434,0.987688,1
11557,0.6167,0.0,0.0262,0.0,-0.0262,0.160743,0.986996,1
11558,0.6333,0.0,0.0185,0.0,-0.0185,0.165048,0.986286,1
11559,0.65,0.0,0.0188,0.0,-0.0188,0.16935,0.985556,1
11560,0.6667,0.0,0.0172,0.0,-0.0172,0.173648,0.984808,1
11561,0.6833,0.0,0.0218,0.0,-0.0218,0.177944,0.984041,1
11562,0.7,0.0,0.0225,0.0,-0.0225,0.182236,0.983255,1
11563,0.7167,0.0,0.0243,0.0,-0.0243,0.186524,0.98245,1
11564,0.7333,0.0,0.0201,0.0,-0.0201,0.190809,0.981627,1
11565,0.75,0.0,0.0201,0.0,-0.0201,0.19509,0.980785,1
11566,0.7667,0.0,0.0194,0.0,-0.0194,0.199368,0.979925,1
11567,0.7833,0.0,0.0241,0.0,-0.0241,0.203642,0.979045,1
11568,0.8,0.0,0.0223,0.0,-0.0223,0.207912,0.978148,1
11569,0.8167,0.0,0.0234,0.0,-0.0234,0.212178,0.977231,1
11570,0.8333,0.0,0.0245,0.0,-0.0245,0.21644,0.976296,1
11571,0.85,0.0,0.0203,0.0,-0.0203,0.220697,0.975342,1
11572,0.8667,0.0,0.0254,0.0,-0.0254,0.224951,0.97437,1
11573,0.8833,0.0,0.0216,0.0,-0.0216,0.2292,0.973379,1
11574,0.9,0.0,0.0222,0.0,-0.0222,0.233445,0.97237,1
11575,0.9167,0.0,0.021,0.0,-0.021,0.237686,0.971342,1
11576,0.9333,0.0,0.0186,0.0,-0.0186,0.241922,0.970296,1
11577,0.95,0.0,0.0189,0.0,-0.0189,0.246153,0.969231,1
11578,0.9667,0.0,0.0204,0.0,-0.0204,0.25038,0.968148,1
11579,0.9833,0.0,0.02,0.0,-0.02,0.254602,0.967046,1
11580,1.0,0.0,0.0201,0.0,-0.0201,0.258819,0.965926,1
11581,1.0167,0.0,0.0235,0.0,-0.0235,0.263031,0.964787,1
11582,1.0333,0.0,0.0209,0.0,-0.0209,0.267238,0.96363,1
11583,1.05,0.0,0.0221,0.0,-0.0221,0.27144,0.962455,1
11584,1.0667,0.0,0.0223,0.0,-0.0223,0.275637,0.961262,1
11585,1.0833,0.0,0.023,0.0,-0.023,0.279829,0.96005,1
11586,1.1,0.0,0.0191,0.0,-0.0191,0.284015,0.95882,1
11587,1.1167,0.0,0.0213,0.0,-0.0213,0.288196,0.957571,1
11588,1.1333,0.0,0.0214,0.0,-0.0214,0.292372,0.956305,1
11589,1.15,0.0,0.0257,0.0,-0.0257,0.296542,0.95502,1
11590,1.1667,0.0,0.0206,0.0,-0.0206,0.300706,0.953717,1
11591,1.1833,0.0,0.0228,0.0,-0.0228,0.304864,0.952396,1
11592,1.2,0.0,0.0185,0.0,-0.0185,0.309017,0.951057,1
11593,1.2167,0.0,0.0245,0.0,-0.0245,0.313164,0.949699,1
11594,1.2333,0.0,0.0213,0.0,-0.0213,0.317305,0.948324,1
11595,1.25,0.0,0.0221,0.0,-0.0221,0.321439,0.94693,1
11596,1.2667,0.0,0.0221,0.0,-0.0221,0.325568,0.945519,1
11597,1.2833,0.0,0.0179,0.0,-0.0179,0.329691,0.944089,1
11598,1.3,0.0,0.0227,0.0,-0.0227,0.333807,0.942641,1
11599,1.3167,0.0,0.0214,0.0,-0.0214,0.337917,0.941176,1
11600,1.3333,0.0,0.0175,0.0,-0.0175,0.34202,0.939693,1
11601,1.35,0.0,0.0182,0.0,-0.0182,0.346117,0.938191,1
11602,1.3667,0.0,0.0239,0.0,-0.0239,0.350207,0.936672,1
11603,1.3833,0.0,0.0164,0.0,-0.0164,0.354291,0.935135,1
11604,1.4,0.0,0.0209,0.0,-0.0209,0.358368,0.93358,1
11605,1.4167,0.0,0.0221,0.0,-0.0221,0.362438,0.932008,1
11606,1.4333,0.0,0.0205,0.0,-0.0205,0.366501,0.930418,1
11607,1.45,0.0,0.0209,0.0,-0.0209,0.370557,0.92881,1
11608,1.4667,0.0,0.0207,0.0,-0.0207,0.374607,0.927184,1
11609,1.4833,0.0,0.0255,0.0,-0.0255,0.378649,0.925541,1
11610,1.5,0.0,0.0247,0.0,-0.0247,0.382683,0.92388,1
11611,1.5167,0.0,0.0261,0.0,-0.0261,0.386711,0.922201,1
11612,1.5333,0.0,0.0235,0.0,-0.0235,0.390731,0.920505,1
11613,1.55,0.0,0.0209,0.0,-0.0209,0.394744,0.918791,1
11614,1.5667,0.0,0.0205,0.0,-0.0205,0.398749,0.91706,1
11615,1.5833,0.0,0.0193,0.0,-0.0193,0.402747,0.915311,1
11616,1.6,0.0,0.0244,0.0,-0.0244,0.406737,0.913545,1
11617,1.6167,0.0,0.0238,0.0,-0.0238,0.410719,0.911762,1
11618,1.6333,0.0,0.0204,0.0,-0.0204,0.414693,0.909961,1
11619,1.65,0.0,0.0192,0.0,-0.0192,0.41866,0.908143,1
11620,1.6667,0.0,0.0232,0.0,-0.0232,0.422618,0.906308,1
11621,1.6833,0.0,0.0236,0.0,-0.0236,0.426569,0.904455,1
11622,1.7,0.0,0.0238,0.0,-0.0238,0.430511,0.902585,1
11623,1.7167,0.0,0.0187,0.0,-0.0187,0.434445,0.900698,1
11624,1.7333,0.0,0.0226,0.0,-0.0226,0.438371,0.898794,1
11625,1.75,0.0,0.0235,0.0,-0.0235,0.442289,0.896873,1
11626,1.7667,0.0,0.0186,0.0,-0.0186,0.446198,0.894934,1
11627,1.7833,0.0,0.0242,0.0,-0.0242,0.450098,0.892979,1
11628,1.8,0.0,0.0164,0.0,-0.0164,0.45399,0.891007,1
11629,1.8167,0.0,0.0227,0.0,-0.0227,0.457874,0.889017,1
11630,1.8333,0.0,0.0201,0.0,-0.0201,0.461749,0.887011,1
11631,1.85,0.0,0.0246,0.0,-0.0246,0.465615,0.884988,1
11632,1.8667,0.0,0.0236,0.0,-0.0236,0.469472,0.882948,1
11633,1.8833,0.0,0.0228,0.0,-0.0228,0.47332,0.880891,1
11634,1.9,0.0,0.0198,0.0,-0.0198,0.477159,0.878817,1
11635,1.9167,0.0,0.0213,0.0,-0.0213,0.480989,0.876727,1
11636,1.9333,0.0,0.0195,0.0,-0.0195,0.48481,0.87462,1
11637,1.95,0.0,0.018,0.0,-0.018,0.488621,0.872496,1
11638,1.9667,0.0,0.0201,0.0,-0.0201,0.492424,0.870356,1
11639,1.9833,0.0,0.0218,0.0,-0.0218,0.496217,0.868199,1
11640,2.0,0.0,0.0207,0.0,-0.0207,0.5,0.866025,1
11641,2.0167,0.0,0.0193,0.0,-0.0193,0.503774,0.863836,1
11642,2.0333,0.0,0.0216,0.0,-0.0216,0.507538,0.861629,1
11643,2.05,0.0,0.0214,0.0,-0.0214,0.511293,0.859406,1
11644,2.0667,0.0,0.0241,0.0,-0.0241,0.515038,0.857167,1
11645,2.0833,0.0,0.0216,0.0,-0.0216,0.518773,0.854912,1
11646,2.1,0.0,0.0215,0.0,-0.0215,0.522499,0.85264,1
11647,2.1167,0.0,0.024,0.0,-0.024,0.526214,0.850352,1
11648,2.1333,0.0,0.0182,0.0,-0.0182,0.529919,0.848048,1
11649,2.15,0.0,0.0225,0.0,-0.0225,0.533615,0.845728,1
11650,2.1667,0.0,0.0215,0.0,-0.0215,0.5373,0.843391,1
11651,2.1833,0.0,0.022,0.0,-0.022,0.540974,0.841039,1
11652,2.2,0.0,0.0197,0.0,-0.0197,0.544639,0.838671,1
11653,2.2167,0.0,0.0216,0.0,-0.0216,0.548293,0.836286,1
11654,2.2333,0.0,0.0228,0.0,-0.0228,0.551937,0.833886,1
11655,2.25,0.0,0.0241,0.0,-0.0241,0.55557,0.83147,1
11656,2.2667,0.0,0.0244,0.0,-0.0244,0.559193,0.829038,1
11657,2.2833,0.0,0.0193,0.0,-0.0193,0.562805,0.82659,1
11658,2.3,0.0,0.0213,0.0,-0.0213,0.566406,0.824126,1
11659,2.3167,0.0,0.0216,0.0,-0.0216,0.569997,0.821647,1
11660,2.3333,0.0,0.0219,0.0,-0.0219,0.573576,0.819152,1
11661,2.35,0.0,0.0216,0.0,-0.0216,0.577145,0.816642,1
11662,2.3667,0.0,0.0228,0.0,-0.0228,0.580703,0.814116,1
11663,2.3833,0.0,0.0208,0.0,-0.0208,0.58425,0.811574,1
11664,2.4,0.0,0.0203,0.0,-0.0203,0.587785,0.809017,1
11665,2.4167,0.0,0.0223,0.0,-0.0223,0.59131,0.806445,1
11666,2.4333,0.0,0.0224,0.0,-0.0224,0.594823,0.803857,1
11667,2.45,0.0,0.0193,0.0,-0.0193,0.598325,0.801254,1
11668,2.4667,0.0,0.0201,0.0,-0.0201,0.601815,0.798636,1
11669,2.4833,0.0,0.0254,0.0,-0.0254,0.605294,0.796002,1
11670,2.5,0.0,0.0233,0.0,-0.0233,0.608761,0.793353,1
11671,2.5167,0.0,0.0225,0.0,-0.0225,0.612217,0.79069,1
11672,2.5333,0.0,0.0199,0.0,-0.0199,0.615661,0.788011,1
11673,2.55,0.0,0.0231,0.0,-0.0231,0.619094,0.785317,1
11674,2.5667,0.0,0.022,0.0,-0.022,0.622515,0.782608,1
11675,2.5833,0.0,0.0232,0.0,-0.0232,0.625923,0.779884,1
11676,2.6,0.0,0.0187,0.0,-0.0187,0.62932,0.777146,1
11677,2.6167,0.0,0.0247,0.0,-0.0247,0.632705,0.774393,1
11678,2.6333,0.0,0.0223,0.0,-0.0223,0.636078,0.771625,1
11679,2.65,0.0,0.0223,0.0,-0.0223,0.639439,0.768842,1
11680,2.6667,0.0,0.0207,0.0,-0.0207,0.642788,0.766044,1
11681,2.6833,0.0,0.0221,0.0,-0.0221,0.646124,0.763232,1
11682,2.7,0.0,0.0237,0.0,-0.0237,0.649448,0.760406,1
11683,2.7167,0.0,0.0219,0.0,-0.0219,0.65276,0.757565,1
11684,2.7333,0.0,0.0228,0.0,-0.0228,0.656059,0.75471,1
11685,2.75,0.0,0.023,0.0,-0.023,0.659346,0.75184,1
11686,2.7667,0.0,0.0204,0.0,-0.0204,0.66262,0.748956,1
11687,2.7833,0.0,0.0203,0.0,-0.0203,0.665882,0.746057,1
11688,2.8,0.0,0.0184,0.0,-0.0184,0.669131,0.743145,1
11689,2.8167,0.0,0.0257,0.0,-0.0257,0.672367,0.740218,1
11690,2.8333,0.0,0.023,0.0,-0.023,0.67559,0.737277,1
11691,2.85,0.0,0.0192,0.0,-0.0192,0.678801,0.734323,1
11692,2.8667,0.0,0.0212,0.0,-0.0212,0.681998,0.731354,1
11693,2.8833,0.0,0.0248,0.0,-0.0248,0.685183,0.728371,1
11694,2.9,0.0,0.0213,0.0,-0.0213,0.688355,0.725374,1
11695,2.9167,0.0,0.0208,0.0,-0.0208,0.691513,0.722364,1
11696,2.9333,0.0,0.0235,0.0,-0.0235,0.694658,0.71934,1
11697,2.95,0.0,0.0236,0.0,-0.0236,0.69779,0.716302,1
11698,2.9667,0.0,0.0234,0.0,-0.0234,0.700909,0.71325,1
11699,2.9833,0.0,0.0192,0.0,-0.0192,0.704015,0.710185,1
11700,3.0,0.0,0.0243,0.0,-0.0243,0.707107,0.707107,1
11701,3.0167,0.0,0.0217,0.0,-0.0217,0.710185,0.704015,1
11702,3.0333,0.0,0.0219,0.0,-0.0219,0.71325,0.700909,1
11703,3.05,0.0,0.0222,0.0,-0.0222,0.716302,0.69779,1
11704,3.0667,0.0,0.0222,0.0,-0.0222,0.71934,0.694658,1
11705,3.0833,0.0,0.0186,0.0,-0.0186,0.722364,0.691513,1
11706,3.1,0.0,0.0209,0.0,-0.0209,0.725374,0.688355,1
11707,3.1167,0.0,0.0225,0.0,-0.0225,0.728371,0.685183,1
11708,3.1333,0.0,0.0204,0.0,-0.0204,0.731354,0.681998,1
11709,3.15,0.0,0.0191,0.0,-0.0191,0.734323,0.678801,1
11710,3.1667,0.0,0.019,0.0,-0.019,0.737277,0.67559,1
11711,3.1833,0.0,0.0197,0.0,-0.0197,0.740218,0.672367,1
11712,3.2,0.0,0.0188,0.0,-0.0188,0.743145,0.669131,1
11713,3.2167,0.0,0.0207,0.0,-0.0207,0.746057,0.665882,1
11714,3.2333,0.0,0.0238,0.0,-0.0238,0.748956,0.66262,1
11715,3.25,0.0,0.0184,0.0,-0.0184,0.75184,0.659346,1
11716,3.2667,0.0,0.0194,0.0,-0.0194,0.75471,0.656059,1
11717,3.2833,0.0,0.0188,0.0,-0.0188,0.757565,0.65276,1
11718,3.3,0.0,0.0176,0.0,-0.0176,0.760406,0.649448,1
11719,3.3167,0.0,0.0206,0.0,-0.0206,0.763232,0.646124,1
11720,3.3333,0.0,0.0192,0.0,-0.0192,0.766044,0.642788,1
11721,3.35,0.0,0.0227,0.0,-0.0227,0.768842,0.639439,1
11722,3.3667,0.0,0.0229,0.0,-0.0229,0.771625,0.636078,1
11723,3.3833,0.0,0.0238,0.0,-0.0238,0.774393,0.632705,1
11724,3.4,0.0,0.0198,0.0,-0.0198,0.777146,0.62932,1
11725,3.4167,0.0,0.0181,0.0,-0.0181,0.779884,0.625923,1
11726,3.4333,0.0,0.0212,0.0,-0.0212,0.782608,0.622515,1
11727,3.45,0.0,0.0223,0.0,-0.0223,0.785317,0.619094,1
11728,3.4667,0.0,0.0217,0.0,-0.0217,0.788011,0.615661,1
11729,3.4833,0.0,0.0199,0.0,-0.0199,0.79069,0.612217,1
11730,3.5,0.0,0.0201,0.0,-0.0201,0.793353,0.608761,1
11731,3.5167,0.0,0.0208,0.0,-0.0208,0.796002,0.605294,1
11732,3.5333,0.0,0.0194,0.0,-0.0194,0.798636,0.601815,1
11733,3.55,0.0,0.0184,0.0,-0.0184,0.801254,0.598325,1
11734,3.5667,0.0,0.023,0.0,-0.023,0.803857,0.594823,1
11735,3.5833,0.0,0.0231,0.0,-0.0231,0.806445,0.59131,1
11736,3.6,0.0,0.0184,0.0,-0.0184,0.809017,0.587785,1
11737,3.6167,0.0,0.0183,0.0,-0.0183,0.811574,0.58425,1
11738,3.6333,0.0,0.024,0.0,-0.024,0.814116,0.580703,1
11739,3.65,0.0,0.0216,0.0,-0.0216,0.816642,0.577145,1
11740,3.6667,0.0,0.0205,0.0,-0.0205,0.819152,0.573576,1
11741,3.6833,0.0,0.0199,0.0,-0.0199,0.821647,0.569997,1
11742,3.7,0.0,0.0208,0.0,-0.0208,0.824126,0.566406,1
11743,3.7167,0.0,0.0226,0.0,-0.0226,0.82659,0.562805,1
11744,3.7333,0.0,0.0202,0.0,-0.0202,0.829038,0.559193,1
11745,3.75,0.0,0.0225,0.0,-0.0225,0.83147,0.55557,1
11746,3.7667,0.0,0.0252,0.0,-0.0252,0.833886,0.551937,1
11747,3.7833,0.0,0.0242,0.0,-0.0242,0.836286,0.548293,1
11748,3.8,0.0,0.0229,0.0,-0.0229,0.838671,0.544639,1
11749,3.8167,0.0,0.0172,0.0,-0.0172,0.841039,0.540974,1
11750,3.8333,0.0,0.0212,0.0,-0.0212,0.843391,0.5373,1
11751,3.85,0.0,0.0208,0.0,-0.0208,0.845728,0.533615,1
11752,3.8667,0.0,0.0207,0.0,-0.0207,0.848048,0.529919,1
11753,3.8833,0.0,0.0244,0.0,-0.0244,0.850352,0.526214,1
11754,3.9,0.0,0.0196,0.0,-0.0196,0.85264,0.522499,1
11755,3.9167,0.0,0.0214,0.0,-0.0214,0.854912,0.518773,1
11756,3.9333,0.0,0.0207,0.0,-0.0207,0.857167,0.515038,1
11757,3.95,0.0,0.0196,0.0,-0.0196,0.859406,0.511293,1
11758,3.9667,0.0,0.0194,0.0,-0.0194,0.861629,0.507538,1
11759,3.9833,0.0,0.0214,0.0,-0.0214,0.863836,0.503774,1
11760,4.0,0.0,0.0198,0.0,-0.0198,0.866025,0.5,1
11761,4.0167,0.0,0.0193,0.0,-0.0193,0.868199,0.496217,1
11762,4.0333,0.0,0.0234,0.0,-0.0234,0.870356,0.492424,1
11763,4.05,0.0,0.02,0.0,-0.02,0.872496,0.488621,1
11764,4.0667,0.0,0.0224,0.0,-0.0224,0.87462,0.48481,1
11765,4.0833,0.0,0.0203,0.0,-0.0203,0.876727,0.480989,1
11766,4.1,0.0,0.0195,0.0,-0.0195,0.878817,0.477159,1
11767,4.1167,0.0,0.0191,0.0,-0.0191,0.880891,0.47332,1
11768,4.1333,0.0,0.0203,0.0,-0.0203,0.882948,0.469472,1
11769,4.15,0.0,0.0222,0.0,-0.0222,0.884988,0.465615,1
11770,4.1667,0.0,0.0195,0.0,-0.0195,0.887011,0.461749,1
11771,4.1833,0.0,0.0295,0.0,-0.0295,0.889017,0.457874,1
11772,4.2,0.0,0.0213,0.0,-0.0213,0.891007,0.45399,1
11773,4.2167,0.0,0.0197,0.0,-0.0197,0.892979,0.450098,1
11774,4.2333,0.0,0.0191,0.0,-0.0191,0.894934,0.446198,1
11775,4.25,0.0,0.0189,0.0,-0.0189,0.896873,0.442289,1
11776,4.2667,0.0,0.0257,0.0,-0.0257,0.898794,0.438371,1
11777,4.2833,0.0,0.0197,0.0,-0.0197,0.900698,0.434445,1
11778,4.3,0.0,0.0235,0.0,-0.0235,0.902585,0.430511,1
11779,4.3167,0.0,0.025,0.0,-0.025,0.904455,0.426569,1
11780,4.3333,0.0,0.022,0.0,-0.022,0.906308,0.422618,1
11781,4.35,0.0,0.0209,0.0,-0.0209,0.908143,0.41866,1
11782,4.3667,0.0,0.0217,0.0,-0.0217,0.909961,0.414693,1
11783,4.3833,0.0,0.0227,0.0,-0.0227,0.911762,0.410719,1
11784,4.4,0.0,0.0223,0.0,-0.0223,0.913545,0.406737,1
11785,4.4167,0.0,0.0227,0.0,-0.0227,0.915311,0.402747,1
11786,4.4333,0.0,0.0208,0.0,-0.0208,0.91706,0.398749,1
11787,4.45,0.0,0.0235,0.0,-0.0235,0.918791,0.394744,1
11788,4.4667,0.0,0.0206,0.0,-0.0206,0.920505,0.390731,1
11789,4.4833,0.0,0.0183,0.0,-0.0183,0.922201,0.386711,1
11790,4.5,0.0,0.0207,0.0,-0.0207,0.92388,0.382683,1
11791,4.5167,0.0,0.0221,0.0,-0.0221,0.925541,0.378649,1
11792,4.5333,0.0,0.0208,0.0,-0.0208,0.927184,0.374607,1
11793,4.55,0.0,0.0181,0.0,-0.0181,0.92881,0.370557,1
11794,4.5667,0.0,0.0214,0.0,-0.0214,0.930418,0.366501,1
11795,4.5833,0.0,0.023,0.0,-0.023,0.932008,0.362438,1
11796,4.6,0.0,0.0183,0.0,-0.0183,0.93358,0.358368,1
11797,4.6167,0.0,0.0253,0.0,-0.0253,0.935135,0.354291,1
11798,4.6333,0.0,0.019,0.0,-0.019,0.936672,0.350207,1
11799,4.65,0.0,0.0188,0.0,-0.0188,0.938191,0.346117,1
11800,4.6667,0.0,0.0222,0.0,-0.0222,0.939693,0.34202,1
11801,4.6833,0.0,0.0214,0.0,-0.0214,0.941176,0.337917,1
11802,4.7,0.0,0.0206,0.0,-0.0206,0.942641,0.333807,1
11803,4.7167,0.0,0.0245,0.0,-0.0245,0.944089,0.329691,1
11804,4.7333,0.0,0.0202,0.0,-0.0202,0.945519,0.325568,1
11805,4.75,0.0,0.0211,0.0,-0.0211,0.94693,0.321439,1
11806,4.7667,0.0,0.0236,0.0,-0.0236,0.948324,0.317305,1
11807,4.7833,0.0,0.0251,0.0,-0.0251,0.949699,0.313164,1
11808,4.8,0.0,0.0243,0.0,-0.0243,0.951057,0.309017,1
11809,4.8167,0.0,0.0224,0.0,-0.0224,0.952396,0.304864,1
11810,4.8333,0.0,0.0239,0.0,-0.0239,0.953717,0.300706,1
11811,4.85,0.0,0.0218,0.0,-0.0218,0.95502,0.296542,1
11812,4.8667,0.0,0.0218,0.0,-0.0218,0.956305,0.292372,1
11813,4.8833,0.0,0.0193,0.0,-0.0193,0.957571,0.288196,1
11814,4.9,0.0,0.0215,0.0,-0.0215,0.95882,0.284015,1
11815,4.9167,0.0,0.0216,0.0,-0.0216,0.96005,0.279829,1
11816,4.9333,0.0,0.0196,0.0,-0.0196,0.961262,0.275637,1
11817,4.95,0.0,0.0201,0.0,-0.0201,0.962455,0.27144,1
11818,4.9667,0.0,0.0198,0.0,-0.0198,0.96363,0.267238,1
11819,4.9833,0.0,0.0224,0.0,-0.0224,0.964787,0.263031,1
11820,5.0,0.0,0.0196,0.0,-0.0196,0.965926,0.258819,1
11821,5.0167,0.0,0.0189,0.0,-0.0189,0.967046,0.254602,1
11822,5.0333,0.0,0.0212,0.0,-0.0212,0.968148,0.25038,1
11823,5.05,0.0,0.023,0.0,-0.023,0.969231,0.246153,1
11824,5.0667,0.0,0.0209,0.0,-0.0209,0.970296,0.241922,1
11825,5.0833,0.0,0.0228,0.0,-0.0228,0.971342,0.237686,1
11826,5.1,0.0,0.0195,0.0,-0.0195,0.97237,0.233445,1
11827,5.1167,0.0,0.0219,0.0,-0.0219,0.973379,0.2292,1
11828,5.1333,0.0,0.0211,0.0,-0.0211,0.97437,0.224951,1
11829,5.15,0.0,0.0228,0.0,-0.0228,0.975342,0.220697,1
11830,5.1667,0.0,0.0185,0.0,-0.0185,0.976296,0.21644,1
11831,5.1833,0.0,0.0217,0.0,-0.0217,0.977231,0.212178,1
11832,5.2,0.0,0.0232,0.0,-0.0232,0.978148,0.207912,1
11833,5.2167,0.0,0.0204,0.0,-0.0204,0.979045,0.203642,1
11834,5.2333,0.0,0.0241,0.0,-0.0241,0.979925,0.199368,1
11835,5.25,0.0,0.0214,0.0,-0.0214,0.980785,0.19509,1
11836,5.2667,0.0,0.0233,0.0,-0.0233,0.981627,0.190809,1
11837,5.2833,0.0,0.0219,0.0,-0.0219,0.98245,0.186524,1
11838,5.3,0.0,0.0225,0.0,-0.0225,0.983255,0.182236,1
11839,5.3167,0.0,0.0206,0.0,-0.0206,0.984041,0.177944,1
11840,5.3333,0.0,0.0201,0.0,-0.0201,0.984808,0.173648,1
11841,5.35,0.0,0.0213,0.0,-0.0213,0.985556,0.16935,1
11842,5.3667,0.0,0.023,0.0,-0.023,0.986286,0.165048,1
11843,5.3833,0.0,0.019,0.0,-0.019,0.986996,0.160743,1
11844,5.4,0.0,0.0179,0.0,-0.0179,0.987688,0.156434,1
11845,5.4167,0.0,0.0224,0.0,-0.0224,0.988362,0.152123,1
11846,5.4333,0.0,0.0208,0.0,-0.0208,0.989016,0.147809,1
11847,5.45,0.0,0.021,0.0,-0.021,0.989651,0.143493,1
11848,5.4667,0.0,0.0214,0.0,-0.0214,0.990268,0.139173,1
11849,5.4833,0.0,0.0197,0.0,-0.0197,0.990866,0.134851,1
11850,5.5,0.0,0.0197,0.0,-0.0197,0.991445,0.130526,1
11851,5.5167,0.0,0.0212,0.0,-0.0212,0.992005,0.126199,1
11852,5.5333,0.0,0.0217,0.0,-0.0217,0.992546,0.121869,1
11853,5.55,0.0,0.0201,0.0,-0.0201,0.993068,0.117537,1
11854,5.5667,0.0,0.0232,0.0,-0.0232,0.993572,0.113203,1
11855,5.5833,0.0,0.0233,0.0,-0.0233,0.994056,0.108867,1
11856,5.6,0.0,0.023,0.0,-0.023,0.994522,0.104528,1
11857,5.6167,0.0,0.0226,0.0,-0.0226,0.994969,0.100188,1
11858,5.6333,0.0,0.0198,0.0,-0.0198,0.995396,0.095846,1
11859,5.65,0.0,0.0188,0.0,-0.0188,0.995805,0.091502,1
11860,5.6667,0.0,0.0196,0.0,-0.0196,0.996195,0.087156,1
11861,5.6833,0.0,0.0204,0.0,-0.0204,0.996566,0.082808,1
11862,5.7,0.0,0.0196,0.0,-0.0196,0.996917,0.078459,1
11863,5.7167,0.0,0.0228,0.0,-0.0228,0.99725,0.074108,1
11864,5.7333,0.0,0.0231,0.0,-0.0231,0.997564,0.069756,1
11865,5.75,0.0,0.0199,0.0,-0.0199,0.997859,0.065403,1
11866,5.7667,0.0,0.0208,0.0,-0.0208,0.998135,0.061049,1
11867,5.7833,0.0,0.0192,0.0,-0.0192,0.998392,0.056693,1
11868,5.8,0.0,0.0208,0.0,-0.0208,0.99863,0.052336,1
11869,5.8167,0.0,0.0199,0.0,-0.0199,0.998848,0.047978,1
11870,5.8333,0.0,0.0206,0.0,-0.0206,0.999048,0.043619,1
11871,5.85,0.0,0.0205,0.0,-0.0205,0.999229,0.03926,1
11872,5.8667,0.0,0.0239,0.0,-0.0239,0.999391,0.034899,1
11873,5.8833,0.0,0.0174,0.0,-0.0174,0.999534,0.030539,1
11874,5.9,0.0,0.0199,0.0,-0.0199,0.999657,0.026177,1
11875,5.9167,0.0,0.0214,0.0,-0.0214,0.999762,0.021815,1
11876,5.9333,0.0,0.0232,0.0,-0.0232,0.999848,0.017452,1
11877,5.95,0.0,0.0257,0.0,-0.0257,0.999914,0.01309,1
11878,5.9667,0.0,0.017,0.0,-0.017,0.999962,0.008727,1
11879,5.9833,0.0,0.0246,0.0,-0.0246,0.99999,0.004363,1
11880,6.0,0.0,0.0415,0.0,-0.0415,1.0,0.0,1
11881,6.0167,0.0,0.038,0.0,-0.038,0.99999,-0.004363,1
11882,6.0333,0.0,0.0419,0.0,-0.0419,0.999962,-0.008727,1
11883,6.05,0.003633,0.0396,0.0,-0.035967,0.999914,-0.01309,1
11884,6.0667,0.00365,0.0403,0.0,-0.03665,0.999848,-0.017452,1
11885,6.0833,0.0,0.0402,0.0,-0.0402,0.999762,-0.021815,1
11886,6.1,0.0,0.041,0.0,-0.041,0.999657,-0.026177,1
11887,6.1167,0.002283,0.036,0.0,-0.033717,0.999534,-0.030539,1
11888,6.1333,0.004917,0.0383,0.0,-0.033383,0.999391,-0.034899,1
11889,6.15,0.003917,0.0386,0.0,-0.034683,0.999229,-0.03926,1
11890,6.1667,0.000917,0.0398,0.0,-0.038883,0.999048,-0.043619,1
11891,6.1833,0.00595,0.041,0.0,-0.03505,0.998848,-0.047978,1
11892,6.2,0.004283,0.0403,0.0,-0.036017,0.99863,-0.052336,1
11893,6.2167,0.0038,0.0379,0.0,-0.0341,0.998392,-0.056693,1
11894,6.2333,0.009267,0.0382,0.0,-0.028933,0.998135,-0.061049,1
11895,6.25,0.006267,0.0401,0.0,-0.033833,0.997859,-0.065403,1
11896,6.2667,0.004133,0.0401,0.0,-0.035967,0.997564,-0.069756,1
11897,6.2833,0.006867,0.0397,0.0,-0.032833,0.99725,-0.074108,1
11898,6.3,0.009817,0.0403,0.0,-0.030483,0.996917,-0.078459,1
11899,6.3167,0.006483,0.0355,0.0,-0.029017,0.996566,-0.082808,1
11900,6.3333,0.004767,0.0379,0.0,-0.033133,0.996195,-0.087156,1
11901,6.35,0.005233,0.0428,0.0,-0.037567,0.995805,-0.091502,1
11902,6.3667,0.009533,0.0395,0.0,-0.029967,0.995396,-0.095846,1
11903,6.3833,0.006883,0.0435,0.0,-0.036617,0.994969,-0.100188,1
11904,6.4,0.0099,0.0404,0.0,-0.0305,0.994522,-0.104528,1
11905,6.4167,0.00595,0.0383,0.0,-0.03235,0.994056,-0.108867,1
11906,6.4333,0.00485,0.0362,0.0,-0.03135,0.993572,-0.113203,1
11907,6.45,0.009433,0.039,0.0,-0.029567,0.993068,-0.117537,1
11908,6.4667,0.009833,0.039,0.0,-0.029167,0.992546,-0.121869,1
11909,6.4833,0.0103,0.0385,0.0,-0.0282,0.992005,-0.126199,1
11910,6.5,0.00785,0.0404,0.0,-0.03255,0.991445,-0.130526,1
11911,6.5167,0.01025,0.04,0.0,-0.02975,0.990866,-0.134851,1
11912,6.5333,0.00845,0.0368,0.0,-0.02835,0.990268,-0.139173,1
11913,6.55,0.0089,0.0397,0.0,-0.0308,0.989651,-0.143493,1
11914,6.5667,0.0123,0.0387,0.0,-0.0264,0.989016,-0.147809,1
11915,6.5833,0.008783,0.0397,0.0,-0.030917,0.988362,-0.152123,1
11916,6.6,0.009883,0.0418,0.0,-0.031917,0.987688,-0.156434,1
11917,6.6167,0.012817,0.0372,0.0,-0.024383,0.986996,-0.160743,1
11918,6.6333,0.012433,0.0416,0.0,-0.029167,0.986286,-0.165048,1
11919,6.65,0.011183,0.0412,0.0,-0.030017,0.985556,-0.16935,1
11920,6.6667,0.010783,0.0413,0.0,-0.030517,0.984808,-0.173648,1
11921,6.6833,0.016867,0.0389,0.0,-0.022033,0.984041,-0.177944,1
11922,6.7,0.012717,0.0417,0.0,-0.028983,0.983255,-0.182236,1
11923,6.7167,0.017517,0.0416,0.0,-0.024083,0.98245,-0.186524,1
11924,6.7333,0.016033,0.0405,0.0,-0.024467,0.981627,-0.190809,1
11925,6.75,0.011067,0.0403,0.0,-0.029233,0.980785,-0.19509,1
11926,6.7667,0.013733,0.0383,0.0,-0.024567,0.979925,-0.199368,1
11927,6.7833,0.019017,0.0371,0.0,-0.018083,0.979045,-0.203642,1
11928,6.8,0.015683,0.0415,0.0,-0.025817,0.978148,-0.207912,1
11929,6.8167,0.019717,0.0396,0.0,-0.019883,0.977231,-0.212178,1
11930,6.8333,0.016,0.0401,0.0,-0.0241,0.976296,-0.21644,1
11931,6.85,0.0179,0.0366,0.0,-0.0187,0.975342,-0.220697,1
11932,6.8667,0.014733,0.0397,0.0,-0.024967,0.97437,-0.224951,1
11933,6.8833,0.01375,0.0377,0.0,-0.02395,0.973379,-0.2292,1
11934,6.9,0.0217,0.0353,0.0,-0.0136,0.97237,-0.233445,1
11935,6.9167,0.018217,0.041,0.0,-0.022783,0.971342,-0.237686,1
11936,6.9333,0.021017,0.0408,0.0,-0.019783,0.970296,-0.241922,1
11937,6.95,0.02385,0.0368,0.0,-0.01295,0.969231,-0.246153,1
11938,6.9667,0.01925,0.0418,0.0,-0.02255,0.968148,-0.25038,1
11939,6.9833,0.01535,0.0402,0.0,-0.02485,0.967046,-0.254602,1
11940,7.0,0.023483,0.0738,0.0,-0.050317,0.965926,-0.258819,1
11941,7.0167,0.022367,0.0717,0.0,-0.049333,0.964787,-0.263031,1
11942,7.0333,0.022467,0.0721,0.0,-0.049633,0.96363,-0.267238,1
11943,7.05,0.025567,0.0728,0.0,-0.047233,0.962455,-0.27144,1
11944,7.0667,0.023683,0.0746,0.0,-0.050917,0.961262,-0.275637,1
11945,7.0833,0.021367,0.0705,0.0,-0.049133,0.96005,-0.279829,1
11946,7.1,0.01965,0.0693,0.0,-0.04965,0.95882,-0.284015,1
11947,7.1167,0.024167,0.0701,0.0,-0.045933,0.957571,-0.288196,1
11948,7.1333,0.0255,0.073,0.0,-0.0475,0.956305,-0.292372,1
11949,7.15,0.024767,0.0725,0.0,-0.047733,0.95502,-0.296542,1
11950,7.1667,0.025883,0.075,0.0,-0.049117,0.953717,-0.300706,1
11951,7.1833,0.024917,0.0707,0.0,-0.045783,0.952396,-0.304864,1
11952,7.2,0.02075,0.0727,0.0,-0.05195,0.951057,-0.309017,1
11953,7.2167,0.027433,0.0716,0.0,-0.044167,0.949699,-0.313164,1
11954,7.2333,0.024633,0.0722,0.0,-0.047567,0.948324,-0.317305,1
11955,7.25,0.02425,0.0709,0.0,-0.04665,0.94693,-0.321439,1
11956,7.2667,0.032833,0.0727,0.0,-0.039867,0.945519,-0.325568,1
11957,7.2833,0.02165,0.072,0.0,-0.05035,0.944089,-0.329691,1
11958,7.3,0.03,0.0733,0.0,-0.0433,0.942641,-0.333807,1
11959,7.3167,0.026317,0.0741,0.0,-0.047783,0.941176,-0.337917,1
11960,7.3333,0.028333,0.0741,0.0,-0.045767,0.939693,-0.34202,1
11961,7.35,0.026517,0.0697,0.0,-0.043183,0.938191,-0.346117,1
11962,7.3667,0.027517,0.0716,0.0,-0.044083,0.936672,-0.350207,1
11963,7.3833,0.023567,0.0692,0.0,-0.045633,0.935135,-0.354291,1
11964,7.4,0.029283,0.0735,0.0,-0.044217,0.93358,-0.358368,1
11965,7.4167,0.033433,0.0719,0.0,-0.038467,0.932008,-0.362438,1
11966,7.4333,0.02475,0.0722,0.0,-0.04745,0.930418,-0.366501,1
11967,7.45,0.033483,0.0745,0.0,-0.041017,0.92881,-0.370557,1
11968,7.4667,0.026933,0.0686,0.0,-0.041667,0.927184,-0.374607,1
11969,7.4833,0.027633,0.0745,0.0,-0.046867,0.925541,-0.378649,1
11970,7.5,0.027983,0.0713,0.0,-0.043317,0.92388,-0.382683,1
11971,7.5167,0.03025,0.0712,0.0,-0.04095,0.922201,-0.386711,1
11972,7.5333,0.03235,0.0742,0.0,-0.04185,0.920505,-0.390731,1
11973,7.55,0.032617,0.074,0.0,-0.041383,0.918791,-0.394744,1
11974,7.5667,0.030117,0.0733,0.0,-0.043183,0.91706,-0.398749,1
11975,7.5833,0.0297,0.0685,0.0,-0.0388,0.915311,-0.402747,1
11976,7.6,0.032217,0.0727,0.0,-0.040483,0.913545,-0.406737,1
11977,7.6167,0.032767,0.0715,0.0,-0.038733,0.911762,-0.410719,1
11978,7.6333,0.03275,0.0701,0.0,-0.03735,0.909961,-0.414693,1
11979,7.65,0.03565,0.0732,0.0,-0.03755,0.908143,-0.41866,1
11980,7.6667,0.0352,0.074,0.0,-0.0388,0.906308,-0.422618,1
11981,7.6833,0.029767,0.0708,0.0,-0.041033,0.904455,-0.426569,1
11982,7.7,0.033067,0.0731,0.0,-0.040033,0.902585,-0.430511,1
11983,7.7167,0.038017,0.0715,0.0,-0.033483,0.900698,-0.434445,1
11984,7.7333,0.033917,0.0705,0.0,-0.036583,0.898794,-0.438371,1
11985,7.75,0.037533,0.0716,0.0,-0.034067,0.896873,-0.442289,1
11986,7.7667,0.036017,0.0743,0.0,-0.038283,0.894934,-0.446198,1
11987,7.7833,0.034767,0.0716,0.0,-0.036833,0.892979,-0.450098,1
11988,7.8,0.034717,0.0724,0.0,-0.037683,0.891007,-0.45399,1
11989,7.8167,0.035767,0.0729,0.0,-0.037133,0.889017,-0.457874,1
11990,7.8333,0.038167,0.0712,0.0,-0.033033,0.887011,-0.461749,1
11991,7.85,0.037283,0.073,0.0,-0.035717,0.884988,-0.465615,1
11992,7.8667,0.0354,0.0686,0.0,-0.0332,0.882948,-0.469472,1
11993,7.8833,0.034217,0.0719,0.0,-0.037683,0.880891,-0.47332,1
11994,7.9,0.038383,0.0713,0.0,-0.032917,0.878817,-0.477159,1
11995,7.9167,0.035483,0.0744,0.0,-0.038917,0.876727,-0.480989,1
11996,7.9333,0.0365,0.0732,0.0,-0.0367,0.87462,-0.48481,1
11997,7.95,0.04025,0.0703,0.0,-0.03005,0.872496,-0.488621,1
11998,7.9667,0.04025,0.0714,0.0,-0.03115,0.870356,-0.492424,1
11999,7.9833,0.043817,0.0706,0.0,-0.026783,0.868199,-0.496217,1
12000,8.0,0.041783,0.076,0.0,-0.034217,0.866025,-0.5,1
12001,8.0167,0.04175,0.0733,0.0,-0.03155,0.863836,-0.503774,1
12002,8.0333,0.03925,0.0736,0.0,-0.03435,0.861629,-0.507538,1
12003,8.05,0.041867,0.0723,0.0,-0.030433,0.859406,-0.511293,1
12004,8.0667,0.0389,0.0689,0.0,-0.03,0.857167,-0.515038,1
12005,8.0833,0.04205,0.0708,0.0,-0.02875,0.854912,-0.518773,1
12006,8.1,0.041383,0.0726,0.0,-0.031217,0.85264,-0.522499,1
12007,8.1167,0.043817,0.0717,0.0,-0.027883,0.850352,-0.526214,1
12008,8.1333,0.04405,0.0729,0.0,-0.02885,0.848048,-0.529919,1
12009,8.15,0.041917,0.0726,0.0,-0.030683,0.845728,-0.533615,1
12010,8.1667,0.04185,0.0742,0.0,-0.03235,0.843391,-0.5373,1
12011,8.1833,0.04415,0.0711,0.0,-0.02695,0.841039,-0.540974,1
12012,8.2,0.044583,0.0719,0.0,-0.027317,0.838671,-0.544639,1
12013,8.2167,0.042267,0.0701,0.0,-0.027833,0.836286,-0.548293,1
12014,8.2333,0.048067,0.0699,0.0,-0.021833,0.833886,-0.551937,1
12015,8.25,0.0407,0.0732,0.0,-0.0325,0.83147,-0.55557,1
12016,8.2667,0.04235,0.0742,0.0,-0.03185,0.829038,-0.559193,1
12017,8.2833,0.047,0.0737,0.0,-0.0267,0.82659,-0.562805,1
12018,8.3,0.043933,0.1068,0.0,-0.062867,0.824126,-0.566406,1
12019,8.3167,0.047717,0.106,0.0,-0.058283,0.821647,-0.569997,1
12020,8.3333,0.0465,0.1114,0.0,-0.0649,0.819152,-0.573576,1
12021,8.35,0.046617,0.1077,0.0,-0.061083,0.816642,-0.577145,1
12022,8.3667,0.048117,0.1083,0.0,-0.060183,0.814116,-0.580703,1
12023,8.3833,0.0442,0.1082,0.0,-0.064,0.811574,-0.58425,1
12024,8.4,0.049733,0.1073,0.0,-0.057567,0.809017,-0.587785,1
12025,8.4167,0.047917,0.1061,0.0,-0.058183,0.806445,-0.59131,1
12026,8.4333,0.0485,0.1096,0.0,-0.0611,0.803857,-0.594823,1
12027,8.45,0.047633,0.1048,0.0,-0.057167,0.801254,-0.598325,1
12028,8.4667,0.049533,0.1073,0.0,-0.057767,0.798636,-0.601815,1
12029,8.4833,0.04875,0.1078,0.0,-0.05905,0.796002,-0.605294,1
12030,8.5,0.04975,0.1095,0.0,-0.05975,0.793353,-0.608761,1
12031,8.5167,0.047017,0.1044,0.0,-0.057383,0.79069,-0.612217,1
12032,8.5333,0.050583,0.1142,0.0,-0.063617,0.788011,-0.615661,1
12033,8.55,0.052267,0.107,0.0,-0.054733,0.785317,-0.619094,1
12034,8.5667,0.050683,0.1112,0.0,-0.060517,0.782608,-0.622515,1
12035,8.5833,0.046967,0.1097,0.0,-0.062733,0.779884,-0.625923,1
12036,8.6,0.04795,0.1046,0.0,-0.05665,0.777146,-0.62932,1
12037,8.6167,0.05125,0.1073,0.0,-0.05605,0.774393,-0.632705,1
12038,8.6333,0.053083,0.1068,0.0,-0.053717,0.771625,-0.636078,1
12039,8.65,0.049383,0.1088,0.0,-0.059417,0.768842,-0.639439,1
12040,8.6667,0.052133,0.1058,0.0,-0.053667,0.766044,-0.642788,1
12041,8.6833,0.049217,0.1043,0.0,-0.055083,0.763232,-0.646124,1
12042,8.7,0.051233,0.1084,0.0,-0.057167,0.760406,-0.649448,1
12043,8.7167,0.05125,0.0695,0.0,-0.01825,0.757565,-0.65276,1
12044,8.7333,0.049533,0.0695,0.0,-0.019967,0.75471,-0.656059,1
12045,8.75,0.05035,0.0719,0.0,-0.02155,0.75184,-0.659346,1
12046,8.7667,0.056383,0.0707,0.0,-0.014317,0.748956,-0.66262,1
12047,8.7833,0.054617,0.074,0.0,-0.019383,0.746057,-0.665882,1
12048,8.8,0.0548,0.0717,0.0,-0.0169,0.743145,-0.669131,1
12049,8.8167,0.053317,0.0748,0.0,-0.021483,0.740218,-0.672367,1
12050,8.8333,0.05475,0.0716,0.0,-0.01685,0.737277,-0.67559,1
12051,8.85,0.054067,0.0703,0.0,-0.016233,0.734323,-0.678801,1
12052,8.8667,0.051583,0.0706,0.0,-0.019017,0.731354,-0.681998,1
12053,8.8833,0.0529,0.0711,0.0,-0.0182,0.728371,-0.685183,1
12054,8.9,0.057083,0.0723,0.0,-0.015217,0.725374,-0.688355,1
12055,8.9167,0.05175,0.0737,0.0,-0.02195,0.722364,-0.691513,1
12056,8.9333,0.05535,0.07,0.0,-0.01465,0.71934,-0.694658,1
12057,8.95,0.0566,0.0724,0.0,-0.0158,0.716302,-0.69779,1
12058,8.9667,0.05315,0.0743,0.0,-0.02115,0.71325,-0.700909,1
12059,8.9833,0.054183,0.0757,0.0,-0.021517,0.710185,-0.704015,1
12060,9.0,0.052333,0.0419,0.0104,0.010433,0.707107,-0.707107,0
12061,9.0167,0.05915,0.0389,0.0307,0.02025,0.704015,-0.710185,0
12062,9.0333,0.056617,0.038,0.0493,0.018617,0.700909,-0.71325,0
12063,9.05,0.05945,0.039,0.0698,0.02045,0.69779,-0.716302,0
12064,9.0667,0.056283,0.0406,0.0855,0.015683,0.694658,-0.71934,0
12065,9.0833,0.058633,0.0373,0.1068,0.021333,0.691513,-0.722364,0
12066,9.1,0.057617,0.0422,0.1222,0.015417,0.688355,-0.725374,0
12067,9.1167,0.058567,0.0414,0.1394,0.017167,0.685183,-0.728371,0
12068,9.1333,0.060483,0.0355,0.1644,0.024983,0.681998,-0.731354,0
12069,9.15,0.057433,0.0372,0.1846,0.020233,0.678801,-0.734323,0
12070,9.1667,0.053583,0.0393,0.1989,0.014283,0.67559,-0.737277,0
12071,9.1833,0.057717,0.0425,0.2141,0.015217,0.672367,-0.740218,0
12072,9.2,0.064317,0.0417,0.2367,0.022617,0.669131,-0.743145,0
12073,9.2167,0.062133,0.0373,0.2615,0.024833,0.665882,-0.746057,0
12074,9.2333,0.059883,0.0402,0.2812,0.019683,0.66262,-0.748956,0
12075,9.25,0.060417,0.0382,0.3034,0.022217,0.659346,-0.75184,0
12076,9.2667,0.059717,0.0392,0.3239,0.020517,0.656059,-0.75471,0
12077,9.2833,0.062117,0.0412,0.3448,0.020917,0.65276,-0.757565,0
12078,9.3,0.061933,0.0419,0.3648,0.020033,0.649448,-0.760406,0
12079,9.3167,0.060133,0.0373,0.3876,0.022833,0.646124,-0.763232,0
12080,9.3333,0.058317,0.0405,0.4054,0.017817,0.642788,-0.766044,0
12081,9.35,0.06405,0.0411,0.4284,0.02295,0.639439,-0.768842,0
12082,9.3667,0.062067,0.0391,0.4514,0.022967,0.636078,-0.771625,0
12083,9.3833,0.061217,0.0386,0.474,0.022617,0.632705,-0.774393,0
12084,9.4,0.065467,0.0399,0.4996,0.025567,0.62932,-0.777146,0
12085,9.4167,0.063917,0.0396,0.5239,0.024317,0.625923,-0.779884,0
12086,9.4333,0.065617,0.0407,0.5488,0.024917,0.622515,-0.782608,0
12087,9.45,0.0592,0.0386,0.5694,0.0206,0.619094,-0.785317,0
12088,9.4667,0.063117,0.0408,0.5917,0.022317,0.615661,-0.788011,0
12089,9.4833,0.0598,0.0388,0.6127,0.021,0.612217,-0.79069,0
12090,9.5,0.064617,0.0379,0.6394,0.026717,0.608761,-0.793353,0
12091,9.5167,0.059917,0.041,0.6583,0.018917,0.605294,-0.796002,0
12092,9.5333,0.062983,0.0386,0.6827,0.024383,0.601815,-0.798636,0
12093,9.55,0.067067,0.0398,0.71,0.027267,0.598325,-0.801254,0
12094,9.5667,0.065517,0.0432,0.7323,0.022317,0.594823,-0.803857,0
12095,9.5833,0.06225,0.0408,0.7537,0.02145,0.59131,-0.806445,0
12096,9.6,0.0655,0.0412,0.778,0.0243,0.587785,-0.809017,0
12097,9.6167,0.065683,0.0361,0.8076,0.029583,0.58425,-0.811574,0
12098,9.6333,0.066167,0.0371,0.8367,0.029067,0.580703,-0.814116,0
12099,9.65,0.0672,0.0368,0.8671,0.0304,0.577145,-0.816642,0
12100,9.6667,0.062017,0.038,0.8911,0.024017,0.573576,-0.819152,0
12101,9.6833,0.061033,0.0396,0.9125,0.021433,0.569997,-0.821647,0
12102,9.7,0.06775,0.0427,0.9375,0.02505,0.566406,-0.824126,0
12103,9.7167,0.064117,0.04,0.9616,0.024117,0.562805,-0.82659,0
12104,9.7333,0.067117,0.0385,0.9902,0.028617,0.559193,-0.829038,0
12105,9.75,0.06305,0.0406,1.0127,0.02245,0.55557,-0.83147,0
12106,9.7667,0.070933,0.0447,1.0389,0.026233,0.551937,-0.833886,0
12107,9.7833,0.0627,0.0385,1.0631,0.0242,0.548293,-0.836286,0
12108,9.8,0.064833,0.0417,1.0862,0.023133,0.544639,-0.838671,0
12109,9.8167,0.0661,0.0366,1.1157,0.0295,0.540974,-0.841039,0
12110,9.8333,0.0666,0.0398,1.1425,0.0268,0.5373,-0.843391,0
12111,9.85,0.06885,0.0372,1.1742,0.03165,0.533615,-0.845728,0
12112,9.8667,0.062517,0.0394,1.1973,0.023117,0.529919,-0.848048,0
12113,9.8833,0.071133,0.0398,1.2286,0.031333,0.526214,-0.850352,0
12114,9.9,0.069183,0.0372,1.2606,0.031983,0.522499,-0.85264,0
12115,9.9167,0.070967,0.0396,1.292,0.031367,0.518773,-0.854912,0
12116,9.9333,0.064133,0.0367,1.3194,0.027433,0.515038,-0.857167,0
12117,9.95,0.07025,0.0375,1.3521,0.03275,0.511293,-0.859406,0
12118,9.9667,0.070133,0.0417,1.3805,0.028433,0.507538,-0.861629,0
12119,9.9833,0.069433,0.0419,1.408,0.027533,0.503774,-0.863836,0
12120,10.0,0.069017,0.0403,1.4367,0.028717,0.5,-0.866025,0
12121,10.0167,0.065583,0.0385,1.4638,0.027083,0.496217,-0.868199,0
12122,10.0333,0.071883,0.038,1.4977,0.033883,0.492424,-0.870356,0
12123,10.05,0.070717,0.0432,1.5252,0.027517,0.488621,-0.872496,0
12124,10.0667,0.070217,0.0394,1.556,0.030817,0.48481,-0.87462,0
12125,10.0833,0.0713,0.0391,1.5882,0.0322,0.480989,-0.876727,0
12126,10.1,0.076583,0.0377,1.6271,0.038883,0.477159,-0.878817,0
12127,10.1167,0.069917,0.0364,1.6606,0.033517,0.47332,-0.880891,0
12128,10.1333,0.069417,0.0384,1.6916,0.031017,0.469472,-0.882948,0
12129,10.15,0.070317,0.039,1.7229,0.031317,0.465615,-0.884988,0
12130,10.1667,0.067383,0.0418,1.7485,0.025583,0.461749,-0.887011,0
12131,10.1833,0.075417,0.039,1.7849,0.036417,0.457874,-0.889017,0
12132,10.2,0.069133,0.0398,1.8142,0.029333,0.45399,-0.891007,0
12133,10.2167,0.067167,0.0414,1.84,0.025767,0.450098,-0.892979,0
12134,10.2333,0.068317,0.0396,1.8687,0.028717,0.446198,-0.894934,0
12135,10.25,0.076183,0.0418,1.9031,0.034383,0.442289,-0.896873,0
12136,10.2667,0.073833,0.0373,1.9396,0.036533,0.438371,-0.898794,0
12137,10.2833,0.072883,0.0403,1.9722,0.032583,0.434445,-0.900698,0
12138,10.3,0.073133,0.0376,2.0077,0.035533,0.430511,-0.902585,0
12139,10.3167,0.072017,0.038,2.0417,0.034017,0.426569,-0.904455,0
12140,10.3333,0.072433,0.0375,2.0766,0.034933,0.422618,-0.906308,0
12141,10.35,0.071983,0.0368,2.1118,0.035183,0.41866,-0.908143,0
12142,10.3667,0.077117,0.0407,2.1482,0.036417,0.414693,-0.909961,0
12143,10.3833,0.073767,0.0371,2.1849,0.036667,0.410719,-0.911762,0
12144,10.4,0.0712,0.0381,2.218,0.0331,0.406737,-0.913545,0
12145,10.4167,0.072433,0.0399,2.2505,0.032533,0.402747,-0.915311,0
12146,10.4333,0.0739,0.0391,2.2853,0.0348,0.398749,-0.91706,0
12147,10.45,0.078417,0.0466,2.3171,0.031817,0.394744,-0.918791,0
12148,10.4667,0.0706,0.0391,2.3486,0.0315,0.390731,-0.920505,0
12149,10.4833,0.069567,0.0401,2.3781,0.029467,0.386711,-0.922201,0
12150,10.5,0.069667,0.0389,2.4089,0.030767,0.382683,-0.92388,0
12151,10.5167,0.0743,0.0386,2.4446,0.0357,0.378649,-0.925541,0
12152,10.5333,0.076033,0.0375,2.4831,0.038533,0.374607,-0.927184,0
12153,10.55,0.0739,0.0382,2.5188,0.0357,0.370557,-0.92881,0
12154,10.5667,0.070833,0.0401,2.5495,0.030733,0.366501,-0.930418,0
12155,10.5833,0.072067,0.0373,2.5843,0.034767,0.362438,-0.932008,0
12156,10.6,0.0762,0.0374,2.6231,0.0388,0.358368,-0.93358,0
12157,10.6167,0.073933,0.0381,2.6589,0.035833,0.354291,-0.935135,0
12158,10.6333,0.072633,0.0405,2.691,0.032133,0.350207,-0.936672,0
12159,10.65,0.0736,0.0404,2.7242,0.0332,0.346117,-0.938191,0
12160,10.6667,0.07345,0.0361,2.7616,0.03735,0.34202,-0.939693,0
12161,10.6833,0.074367,0.0411,2.7949,0.033267,0.337917,-0.941176,0
12162,10.7,0.074867,0.0429,2.8269,0.031967,0.333807,-0.942641,0
12163,10.7167,0.078217,0.0405,2.8646,0.037717,0.329691,-0.944089,0
12164,10.7333,0.077783,0.041,2.9014,0.036783,0.325568,-0.945519,0
12165,10.75,0.076667,0.0429,2.9352,0.033767,0.321439,-0.94693,0
12166,10.7667,0.078083,0.0412,2.9721,0.036883,0.317305,-0.948324,0
12167,10.7833,0.073717,0.0399,3.0059,0.033817,0.313164,-0.949699,0
12168,10.8,0.078467,0.0403,3.0441,0.038167,0.309017,-0.951057,0
12169,10.8167,0.075933,0.0368,3.0832,0.039133,0.304864,-0.952396,0
12170,10.8333,0.0777,0.0359,3.125,0.0418,0.300706,-0.953717,0
12171,10.85,0.078067,0.0386,3.1645,0.039467,0.296542,-0.95502,0
12172,10.8667,0.08125,0.0386,3.2071,0.04265,0.292372,-0.956305,0
12173,10.8833,0.07685,0.0412,3.2428,0.03565,0.288196,-0.957571,0
12174,10.9,0.077967,0.0383,3.2825,0.039667,0.284015,-0.95882,0
12175,10.9167,0.080183,0.0396,3.3231,0.040583,0.279829,-0.96005,0
12176,10.9333,0.074617,0.0445,3.3532,0.030117,0.275637,-0.961262,0
12177,10.95,0.076133,0.0392,3.3901,0.036933,0.27144,-0.962455,0
12178,10.9667,0.0765,0.0405,3.4261,0.036,0.267238,-0.96363,0
12179,10.9833,0.078317,0.0438,3.4606,0.034517,0.263031,-0.964787,0
12180,11.0,0.080867,0.0373,3.5042,0.043567,0.258819,-0.965926,0
12181,11.0167,0.078867,0.0398,3.5433,0.039067,0.254602,-0.967046,0
12182,11.0333,0.079033,0.0416,3.5807,0.037433,0.25038,-0.968148,0
12183,11.05,0.0759,0.0372,3.6194,0.0387,0.246153,-0.969231,0
12184,11.0667,0.072733,0.0389,3.6532,0.033833,0.241922,-0.970296,0
12185,11.0833,0.07675,0.0392,3.6907,0.03755,0.237686,-0.971342,0
12186,11.1,0.076983,0.0384,3.7293,0.038583,0.233445,-0.97237,0
12187,11.1167,0.077083,0.0389,3.7675,0.038183,0.2292,-0.973379,0
12188,11.1333,0.07155,0.0386,3.8005,0.03295,0.224951,-0.97437,0
12189,11.15,0.076983,0.0399,3.8376,0.037083,0.220697,-0.975342,0
12190,11.1667,0.076317,0.0426,3.8713,0.033717,0.21644,-0.976296,0
12191,11.1833,0.07795,0.0371,3.9122,0.04085,0.212178,-0.977231,0
12192,11.2,0.078267,0.0391,3.9514,0.039167,0.207912,-0.978148,0
12193,11.2167,0.07895,0.0392,3.9912,0.03975,0.203642,-0.979045,0
12194,11.2333,0.077633,0.0394,4.0294,0.038233,0.199368,-0.979925,0
12195,11.25,0.071583,0.04,4.061,0.031583,0.19509,-0.980785,0
12196,11.2667,0.077633,0.0392,4.0994,0.038433,0.190809,-0.981627,0
12197,11.2833,0.078933,0.0361,4.1422,0.042833,0.186524,-0.98245,0
12198,11.3,0.084033,0.0401,4.1861,0.043933,0.182236,-0.983255,0
12199,11.3167,0.077417,0.0381,4.2254,0.039317,0.177944,-0.984041,0
12200,11.3333,0.079017,0.0382,4.2662,0.040817,0.173648,-0.984808,0
12201,11.35,0.07545,0.0368,4.3049,0.03865,0.16935,-0.985556,0
12202,11.3667,0.075,0.0406,4.3393,0.0344,0.165048,-0.986286,0
12203,11.3833,0.078117,0.0401,4.3773,0.038017,0.160743,-0.986996,0
12204,11.4,0.08125,0.0374,4.4211,0.04385,0.156434,-0.987688,0
12205,11.4167,0.075783,0.0393,4.4576,0.036483,0.152123,-0.988362,0
12206,11.4333,0.079433,0.0352,4.5018,0.044233,0.147809,-0.989016,0
12207,11.45,0.07985,0.0415,4.5402,0.03835,0.143493,-0.989651,0
12208,11.4667,0.0814,0.0384,4.5832,0.043,0.139173,-0.990268,0
12209,11.4833,0.076433,0.0379,4.6217,0.038533,0.134851,-0.990866,0
12210,11.5,0.08065,0.0401,4.6623,0.04055,0.130526,-0.991445,0
12211,11.5167,0.0787,0.0367,4.7043,0.042,0.126199,-0.992005,0
12212,11.5333,0.079667,0.038,4.746,0.041667,0.121869,-0.992546,0
12213,11.55,0.078517,0.0413,4.7832,0.037217,0.117537,-0.993068,0
12214,11.5667,0.078117,0.0376,4.8237,0.040517,0.113203,-0.993572,0
12215,11.5833,0.079933,0.037,4.8666,0.042933,0.108867,-0.994056,0
12216,11.6,0.0803,0.0359,4.911,0.0444,0.104528,-0.994522,0
12217,11.6167,0.0848,0.0395,4.9563,0.0453,0.100188,-0.994969,0
12218,11.6333,0.08065,0.0364,5.0005,0.04425,0.095846,-0.995396,0
12219,11.65,0.082867,0.0417,5.0417,0.041167,0.091502,-0.995805,0
12220,11.6667,0.082333,0.038,5.086,0.044333,0.087156,-0.996195,0
12221,11.6833,0.08065,0.0402,5.1265,0.04045,0.082808,-0.996566,0
12222,11.7,0.08115,0.0388,5.1688,0.04235,0.078459,-0.996917,0
12223,11.7167,0.0838,0.0384,5.2142,0.0454,0.074108,-0.99725,0
12224,11.7333,0.08005,0.0965,5.1978,-0.01645,0.069756,-0.997564,0
12225,11.75,0.078733,0.0991,5.1774,-0.020367,0.065403,-0.997859,0
12226,11.7667,0.0773,0.1015,5.1532,-0.0242,0.061049,-0.998135,0
12227,11.7833,0.08185,0.1,5.135,-0.01815,0.056693,-0.998392,0
12228,11.8,0.078783,0.1051,5.1087,-0.026317,0.052336,-0.99863,0
12229,11.8167,0.0785,0.1039,5.0833,-0.0254,0.047978,-0.998848,0
12230,11.8333,0.079067,0.0971,5.0653,-0.018033,0.043619,-0.999048,0
12231,11.85,0.076833,0.1005,5.0416,-0.023667,0.03926,-0.999229,0
12232,11.8667,0.079867,0.1006,5.0209,-0.020733,0.034899,-0.999391,0
12233,11.8833,0.0819,0.0959,5.0069,-0.014,0.030539,-0.999534,0
12234,11.9,0.081467,0.1019,4.9865,-0.020433,0.026177,-0.999657,0
12235,11.9167,0.077033,0.103,4.9605,-0.025967,0.021815,-0.999762,0
12236,11.9333,0.08185,0.0968,4.9455,-0.01495,0.017452,-0.999848,0
12237,11.95,0.078267,0.0997,4.9241,-0.021433,0.01309,-0.999914,0
12238,11.9667,0.083267,0.1017,4.9057,-0.018433,0.008727,-0.999962,0
12239,11.9833,0.0828,0.1014,4.8871,-0.0186,0.004363,-0.99999,0
12240,12.0,0.07435,0.1012,4.8602,-0.02685,0.0,-1.0,0
12241,12.0167,0.078567,0.1001,4.8387,-0.021533,-0.004363,-0.99999,0
12242,12.0333,0.078467,0.0997,4.8175,-0.021233,-0.008727,-0.999962,0
12243,12.05,0.080683,0.1022,4.796,-0.021517,-0.01309,-0.999914,0
12244,12.0667,0.078033,0.1019,4.7721,-0.023867,-0.017452,-0.999848,0
12245,12.0833,0.0804,0.1015,4.751,-0.0211,-0.021815,-0.999762,0
12246,12.1,0.08085,0.1007,4.7312,-0.01985,-0.026177,-0.999657,0
12247,12.1167,0.081733,0.1,4.7129,-0.018267,-0.030539,-0.999534,0
12248,12.1333,0.080867,0.1006,4.6932,-0.019733,-0.034899,-0.999391,0
12249,12.15,0.077583,0.0997,4.6711,-0.022117,-0.03926,-0.999229,0
12250,12.1667,0.081183,0.1004,4.6519,-0.019217,-0.043619,-0.999048,0
12251,12.1833,0.077067,0.0969,4.6321,-0.019833,-0.047978,-0.998848,0
12252,12.2,0.075933,0.098,4.61,-0.022067,-0.052336,-0.99863,0
12253,12.2167,0.083183,0.0997,4.5935,-0.016517,-0.056693,-0.998392,0
12254,12.2333,0.079367,0.0984,4.5745,-0.019033,-0.061049,-0.998135,0
12255,12.25,0.0817,0.1028,4.5534,-0.0211,-0.065403,-0.997859,0
12256,12.2667,0.083167,0.0998,4.5368,-0.016633,-0.069756,-0.997564,0
12257,12.2833,0.0805,0.1007,4.5166,-0.0202,-0.074108,-0.99725,0
12258,12.3,0.08175,0.101,4.4974,-0.01925,-0.078459,-0.996917,0
12259,12.3167,0.08,0.0994,4.478,-0.0194,-0.082808,-0.996566,0
12260,12.3333,0.0823,0.1023,4.458,-0.02,-0.087156,-0.996195,0
12261,12.35,0.07575,0.1021,4.4317,-0.02635,-0.091502,-0.995805,0
12262,12.3667,0.079817,0.0993,4.4122,-0.019483,-0.095846,-0.995396,0
12263,12.3833,0.07895,0.0988,4.3924,-0.01985,-0.100188,-0.994969,0
12264,12.4,0.083933,0.0979,4.3784,-0.013967,-0.104528,-0.994522,0
12265,12.4167,0.07965,0.1023,4.3557,-0.02265,-0.108867,-0.994056,0
12266,12.4333,0.083017,0.1048,4.3339,-0.021783,-0.113203,-0.993572,0
12267,12.45,0.080667,0.1001,4.3145,-0.019433,-0.117537,-0.993068,0
12268,12.4667,0.082383,0.1019,4.295,-0.019517,-0.121869,-0.992546,0
12269,12.4833,0.077183,0.0983,4.2739,-0.021117,-0.126199,-0.992005,0
12270,12.5,0.078767,0.1015,4.2512,-0.022733,-0.130526,-0.991445,0
12271,12.5167,0.080117,0.1026,4.2287,-0.022483,-0.134851,-0.990866,0
12272,12.5333,0.075967,0.1004,4.2043,-0.024433,-0.139173,-0.990268,0
12273,12.55,0.0783,0.0975,4.1851,-0.0192,-0.143493,-0.989651,0
12274,12.5667,0.07865,0.1026,4.1612,-0.02395,-0.147809,-0.989016,0
12275,12.5833,0.079667,0.1015,4.1394,-0.021833,-0.152123,-0.988362,0
12276,12.6,0.080783,0.1003,4.1199,-0.019517,-0.156434,-0.987688,0
12277,12.6167,0.0785,0.1015,4.0969,-0.023,-0.160743,-0.986996,0
12278,12.6333,0.0799,0.1006,4.0762,-0.0207,-0.165048,-0.986286,0
12279,12.65,0.0747,0.0987,4.0522,-0.024,-0.16935,-0.985556,0
12280,12.6667,0.0786,0.103,4.0278,-0.0244,-0.173648,-0.984808,0
12281,12.6833,0.079367,0.0983,4.0089,-0.018933,-0.177944,-0.984041,0
12282,12.7,0.079367,0.104,3.9843,-0.024633,-0.182236,-0.983255,0
12283,12.7167,0.079083,0.1039,3.9595,-0.024817,-0.186524,-0.98245,0
12284,12.7333,0.078117,0.0395,3.9981,0.038617,-0.190809,-0.981627,0
12285,12.75,0.077033,0.0423,4.0328,0.034733,-0.19509,-0.980785,0
12286,12.7667,0.074767,0.0386,4.069,0.036167,-0.199368,-0.979925,0
12287,12.7833,0.078733,0.0389,4.1088,0.039833,-0.203642,-0.979045,0
12288,12.8,0.079167,0.0437,4.1443,0.035467,-0.207912,-0.978148,0
12289,12.8167,0.076967,0.0411,4.1802,0.035867,-0.212178,-0.977231,0
12290,12.8333,0.083867,0.0403,4.2238,0.043567,-0.21644,-0.976296,0
12291,12.85,0.078867,0.0366,4.2661,0.042267,-0.220697,-0.975342,0
12292,12.8667,0.079067,0.0411,4.3041,0.037967,-0.224951,-0.97437,0
12293,12.8833,0.0755,0.0407,4.3389,0.0348,-0.2292,-0.973379,0
12294,12.9,0.078417,0.0381,4.3792,0.040317,-0.233445,-0.97237,0
12295,12.9167,0.076867,0.0395,4.4166,0.037367,-0.237686,-0.971342,0
12296,12.9333,0.078533,0.0409,4.4542,0.037633,-0.241922,-0.970296,0
12297,12.95,0.076533,0.039,4.4917,0.037533,-0.246153,-0.969231,0
12298,12.9667,0.077467,0.0374,4.5318,0.040067,-0.25038,-0.968148,0
12299,12.9833,0.078217,0.0408,4.5692,0.037417,-0.254602,-0.967046,0
12300,13.0,0.07765,0.0404,4.6065,0.03725,-0.258819,-0.965926,0
12301,13.0167,0.076933,0.0397,4.6437,0.037233,-0.263031,-0.964787,0
12302,13.0333,0.078233,0.0398,4.6821,0.038433,-0.267238,-0.96363,0
12303,13.05,0.078083,0.0385,4.7217,0.039583,-0.27144,-0.962455,0
12304,13.0667,0.078017,0.0365,4.7632,0.041517,-0.275637,-0.961262,0
12305,13.0833,0.079767,0.036,4.807,0.043767,-0.279829,-0.96005,0
12306,13.1,0.075133,0.0383,4.8438,0.036833,-0.284015,-0.95882,0
12307,13.1167,0.08015,0.0411,4.8828,0.03905,-0.288196,-0.957571,0
12308,13.1333,0.079117,0.0351,4.9268,0.044017,-0.292372,-0.956305,0
12309,13.15,0.081917,0.0385,4.9702,0.043417,-0.296542,-0.95502,0
12310,13.1667,0.076667,0.0402,5.0067,0.036467,-0.300706,-0.953717,0
12311,13.1833,0.081433,0.0405,5.0476,0.040933,-0.304864,-0.952396,0
12312,13.2,0.075217,0.0409,5.0819,0.034317,-0.309017,-0.951057,0
12313,13.2167,0.07155,0.0386,5.1149,0.03295,-0.313164,-0.949699,0
12314,13.2333,0.078567,0.0385,5.155,0.040067,-0.317305,-0.948324,0
12315,13.25,0.075217,0.0386,5.1916,0.036617,-0.321439,-0.94693,0
12316,13.2667,0.07695,0.0381,5.2305,0.03885,-0.325568,-0.945519,0
12317,13.2833,0.074017,0.0403,5.2642,0.033717,-0.329691,-0.944089,0
12318,13.3,0.07395,0.037,5.3011,0.03695,-0.333807,-0.942641,0
12319,13.3167,0.07635,0.0376,5.3398,0.03875,-0.337917,-0.941176,0
12320,13.3333,0.072633,0.0382,5.3742,0.034433,-0.34202,-0.939693,0
12321,13.35,0.07775,0.0387,5.4132,0.03905,-0.346117,-0.938191,0
12322,13.3667,0.074317,0.043,5.4445,0.031317,-0.350207,-0.936672,0
12323,13.3833,0.075917,0.041,5.4794,0.034917,-0.354291,-0.935135,0
12324,13.4,0.0728,0.0393,5.5129,0.0335,-0.358368,-0.93358,0
12325,13.4167,0.075933,0.0404,5.5484,0.035533,-0.362438,-0.932008,0
12326,13.4333,0.0735,0.0403,5.5816,0.0332,-0.366501,-0.930418,0
12327,13.45,0.074183,0.0354,5.6204,0.038783,-0.370557,-0.92881,0
12328,13.4667,0.073033,0.043,5.6504,0.030033,-0.374607,-0.927184,0
12329,13.4833,0.0716,0.0419,5.6801,0.0297,-0.378649,-0.925541,0
12330,13.5,0.076283,0.0397,5.7167,0.036583,-0.382683,-0.92388,0
12331,13.5167,0.07245,0.0865,5.7027,-0.01405,-0.386711,-0.922201,0
12332,13.5333,0.07355,0.0852,5.691,-0.01165,-0.390731,-0.920505,0
12333,13.55,0.073967,0.0849,5.6801,-0.010933,-0.394744,-0.918791,0
12334,13.5667,0.072567,0.0903,5.6624,-0.017733,-0.398749,-0.91706,0
12335,13.5833,0.07055,0.0835,5.6494,-0.01295,-0.402747,-0.915311,0
12336,13.6,0.070933,0.0835,5.6368,-0.012567,-0.406737,-0.913545,0
12337,13.6167,0.0715,0.0863,5.622,-0.0148,-0.410719,-0.911762,0
12338,13.6333,0.0739,0.0852,5.6107,-0.0113,-0.414693,-0.909961,0
12339,13.65,0.071767,0.0857,5.5968,-0.013933,-0.41866,-0.908143,0
12340,13.6667,0.070517,0.0865,5.5808,-0.015983,-0.422618,-0.906308,0
12341,13.6833,0.0734,0.0847,5.5695,-0.0113,-0.426569,-0.904455,0
12342,13.7,0.075217,0.0836,5.5611,-0.008383,-0.430511,-0.902585,0
12343,13.7167,0.07405,0.0845,5.5506,-0.01045,-0.434445,-0.900698,0
12344,13.7333,0.066383,0.0833,5.5337,-0.016917,-0.438371,-0.898794,0
12345,13.75,0.06955,0.0838,5.5194,-0.01425,-0.442289,-0.896873,0
12346,13.7667,0.074583,0.0874,5.5066,-0.012817,-0.446198,-0.894934,0
12347,13.7833,0.068283,0.0857,5.4892,-0.017417,-0.450098,-0.892979,0
12348,13.8,0.07235,0.0838,5.4778,-0.01145,-0.45399,-0.891007,0
12349,13.8167,0.07305,0.0858,5.4651,-0.01275,-0.457874,-0.889017,0
12350,13.8333,0.071917,0.0862,5.4508,-0.014283,-0.461749,-0.887011,0
12351,13.85,0.07335,0.0859,5.4382,-0.01255,-0.465615,-0.884988,0
12352,13.8667,0.073167,0.0829,5.4285,-0.009733,-0.469472,-0.882948,0
12353,13.8833,0.071167,0.0804,5.4193,-0.009233,-0.47332,-0.880891,0
12354,13.9,0.0741,0.0861,5.4073,-0.012,-0.477159,-0.878817,0
12355,13.9167,0.070633,0.0878,5.3901,-0.017167,-0.480989,-0.876727,0
12356,13.9333,0.0714,0.0864,5.3751,-0.015,-0.48481,-0.87462,0
12357,13.95,0.067283,0.0845,5.3579,-0.017217,-0.488621,-0.872496,0
12358,13.9667,0.068267,0.0842,5.342,-0.015933,-0.492424,-0.870356,0
12359,13.9833,0.06895,0.0875,5.3234,-0.01855,-0.496217,-0.868199,0
12360,14.0,0.066883,0.0851,5.3052,-0.018217,-0.5,-0.866025,0
12361,14.0167,0.067333,0.0822,5.2903,-0.014867,-0.503774,-0.863836,0
12362,14.0333,0.065983,0.0874,5.2689,-0.021417,-0.507538,-0.861629,0
12363,14.05,0.070033,0.0856,5.2533,-0.015567,-0.511293,-0.859406,0
12364,14.0667,0.0668,0.0859,5.2342,-0.0191,-0.515038,-0.857167,0
12365,14.0833,0.06675,0.0808,5.2202,-0.01405,-0.518773,-0.854912,0
12366,14.1,0.07225,0.0849,5.2076,-0.01265,-0.522499,-0.85264,0
12367,14.1167,0.070267,0.0868,5.1911,-0.016533,-0.526214,-0.850352,0
12368,14.1333,0.06695,0.0872,5.1708,-0.02025,-0.529919,-0.848048,0
12369,14.15,0.071,0.0853,5.1565,-0.0143,-0.533615,-0.845728,0
12370,14.1667,0.07175,0.0836,5.1446,-0.01185,-0.5373,-0.843391,0
12371,14.1833,0.06875,0.0844,5.1289,-0.01565,-0.540974,-0.841039,0
12372,14.2,0.06855,0.0813,5.1162,-0.01275,-0.544639,-0.838671,0
12373,14.2167,0.0665,0.0796,5.1031,-0.0131,-0.548293,-0.836286,0
12374,14.2333,0.06835,0.0836,5.0879,-0.01525,-0.551937,-0.833886,0
12375,14.25,0.064783,0.0855,5.0672,-0.020717,-0.55557,-0.83147,0
12376,14.2667,0.073167,0.0852,5.0552,-0.012033,-0.559193,-0.829038,0
12377,14.2833,0.067033,0.0846,5.0376,-0.017567,-0.562805,-0.82659,0
12378,14.3,0.066983,0.0858,5.0188,-0.018817,-0.566406,-0.824126,0
12379,14.3167,0.063833,0.0845,4.9981,-0.020667,-0.569997,-0.821647,0
12380,14.3333,0.06555,0.0865,4.9771,-0.02095,-0.573576,-0.819152,0
12381,14.35,0.068233,0.0859,4.9594,-0.017667,-0.577145,-0.816642,0
12382,14.3667,0.065133,0.0847,4.9398,-0.019567,-0.580703,-0.814116,0
12383,14.3833,0.065367,0.0838,4.9214,-0.018433,-0.58425,-0.811574,0
12384,14.4,0.06765,0.0906,4.8985,-0.02295,-0.587785,-0.809017,0
12385,14.4167,0.064683,0.0863,4.8769,-0.021617,-0.59131,-0.806445,0
12386,14.4333,0.063317,0.0841,4.8561,-0.020783,-0.594823,-0.803857,0
12387,14.45,0.061983,0.0844,4.8337,-0.022417,-0.598325,-0.801254,0
12388,14.4667,0.059883,0.039,4.8546,0.020883,-0.601815,-0.798636,0
12389,14.4833,0.062483,0.0389,4.8782,0.023583,-0.605294,-0.796002,0
12390,14.5,0.065217,0.0367,4.9067,0.028517,-0.608761,-0.793353,0
12391,14.5167,0.062233,0.0399,4.929,0.022333,-0.612217,-0.79069,0
12392,14.5333,0.064733,0.0398,4.9539,0.024933,-0.615661,-0.788011,0
12393,14.55,0.064567,0.041,4.9775,0.023567,-0.619094,-0.785317,0
12394,14.5667,0.061367,0.0394,4.9995,0.021967,-0.622515,-0.782608,0
12395,14.5833,0.061617,0.0403,5.0208,0.021317,-0.625923,-0.779884,0
12396,14.6,0.0576,0.0396,5.0388,0.018,-0.62932,-0.777146,0
12397,14.6167,0.062983,0.0338,5.068,0.029183,-0.632705,-0.774393,0
12398,14.6333,0.061483,0.0372,5.0923,0.024283,-0.636078,-0.771625,0
12399,14.65,0.065183,0.0391,5.1184,0.026083,-0.639439,-0.768842,0
12400,14.6667,0.058,0.0381,5.1383,0.0199,-0.642788,-0.766044,0
12401,14.6833,0.058433,0.0389,5.1578,0.019533,-0.646124,-0.763232,0
12402,14.7,0.06115,0.039,5.1799,0.02215,-0.649448,-0.760406,0
12403,14.7167,0.058017,0.0412,5.1967,0.016817,-0.65276,-0.757565,0
12404,14.7333,0.059183,0.0407,5.2152,0.018483,-0.656059,-0.75471,0
12405,14.75,0.058283,0.0438,5.2297,0.014483,-0.659346,-0.75184,0
12406,14.7667,0.060117,0.037,5.2528,0.023117,-0.66262,-0.748956,0
12407,14.7833,0.060117,0.0388,5.2741,0.021317,-0.665882,-0.746057,0
12408,14.8,0.0607,0.0378,5.297,0.0229,-0.669131,-0.743145,0
12409,14.8167,0.057017,0.0398,5.3142,0.017217,-0.672367,-0.740218,0
12410,14.8333,0.06155,0.0408,5.335,0.02075,-0.67559,-0.737277,0
12411,14.85,0.05935,0.0378,5.3566,0.02155,-0.678801,-0.734323,0
12412,14.8667,0.058267,0.039,5.3759,0.019267,-0.681998,-0.731354,0
12413,14.8833,0.05735,0.0418,5.3914,0.01555,-0.685183,-0.728371,0
12414,14.9,0.055533,0.0425,5.4044,0.013033,-0.688355,-0.725374,0
12415,14.9167,0.061067,0.0383,5.4272,0.022767,-0.691513,-0.722364,0
12416,14.9333,0.0562,0.0371,5.4463,0.0191,-0.694658,-0.71934,0
12417,14.95,0.05755,0.039,5.4649,0.01855,-0.69779,-0.716302,0
12418,14.9667,0.06295,0.0386,5.4893,0.02435,-0.700909,-0.71325,0
12419,14.9833,0.0578,0.0355,5.5116,0.0223,-0.704015,-0.710185,0
12420,15.0,0.061333,0.0396,5.5333,0.021733,-0.707107,-0.707107,0
12421,15.0167,0.057083,0.0386,5.5518,0.018483,-0.710185,-0.704015,0
12422,15.0333,0.053417,0.0424,5.5628,0.011017,-0.71325,-0.700909,0
12423,15.05,0.053017,0.0386,5.5772,0.014417,-0.716302,-0.69779,0
12424,15.0667,0.05265,0.0397,5.5902,0.01295,-0.71934,-0.694658,0
12425,15.0833,0.054617,0.0389,5.6059,0.015717,-0.722364,-0.691513,0
12426,15.1,0.054733,0.0389,5.6217,0.015833,-0.725374,-0.688355,0
12427,15.1167,0.05035,0.0399,5.6321,0.01045,-0.728371,-0.685183,0
12428,15.1333,0.055467,0.0398,5.6478,0.015667,-0.731354,-0.681998,0
12429,15.15,0.054733,0.0406,5.6619,0.014133,-0.734323,-0.678801,0
12430,15.1667,0.053833,0.0394,5.6763,0.014433,-0.737277,-0.67559,0
12431,15.1833,0.054883,0.0378,5.6934,0.017083,-0.740218,-0.672367,0
12432,15.2,0.055833,0.0417,5.7075,0.014133,-0.743145,-0.669131,0
12433,15.2167,0.05185,0.0392,5.7201,0.01265,-0.746057,-0.665882,0
12434,15.2333,0.053833,0.0414,5.7325,0.012433,-0.748956,-0.66262,0
12435,15.25,0.0489,0.0369,5.7445,0.012,-0.75184,-0.659346,0
12436,15.2667,0.050383,0.04,5.7549,0.010383,-0.75471,-0.656059,0
12437,15.2833,0.050933,0.0374,5.7684,0.013533,-0.757565,-0.65276,0
12438,15.3,0.058133,0.0365,5.79,0.021633,-0.760406,-0.649448,0
12439,15.3167,0.047533,0.0393,5.7982,0.008233,-0.763232,-0.646124,0
12440,15.3333,0.0478,0.0454,5.8006,0.0024,-0.766044,-0.642788,0
12441,15.35,0.056233,0.0403,5.8165,0.015933,-0.768842,-0.639439,0
12442,15.3667,0.05045,0.0428,5.8241,0.00765,-0.771625,-0.636078,0
12443,15.3833,0.046433,0.0413,5.8292,0.005133,-0.774393,-0.632705,0
12444,15.4,0.051217,0.0407,5.8397,0.010517,-0.777146,-0.62932,0
12445,15.4167,0.0508,0.0387,5.8518,0.0121,-0.779884,-0.625923,0
12446,15.4333,0.04705,0.0397,5.8591,0.00735,-0.782608,-0.622515,0
12447,15.45,0.046983,0.0409,5.8652,0.006083,-0.785317,-0.619094,0
12448,15.4667,0.045467,0.0408,5.8699,0.004667,-0.788011,-0.615661,0
12449,15.4833,0.048433,0.0402,5.8781,0.008233,-0.79069,-0.612217,0
12450,15.5,0.048633,0.039,5.8877,0.009633,-0.793353,-0.608761,0
12451,15.5167,0.047617,0.041,5.8943,0.006617,-0.796002,-0.605294,0
12452,15.5333,0.048717,0.0403,5.9027,0.008417,-0.798636,-0.601815,0
12453,15.55,0.0466,0.0378,5.9115,0.0088,-0.801254,-0.598325,0
12454,15.5667,0.047583,0.0372,5.9219,0.010383,-0.803857,-0.594823,0
12455,15.5833,0.047483,0.0391,5.9303,0.008383,-0.806445,-0.59131,0
12456,15.6,0.044017,0.039,5.9353,0.005017,-0.809017,-0.587785,0
12457,15.6167,0.048983,0.0387,5.9456,0.010283,-0.811574,-0.58425,0
12458,15.6333,0.046717,0.0404,5.9519,0.006317,-0.814116,-0.580703,0
12459,15.65,0.047867,0.0372,5.9626,0.010667,-0.816642,-0.577145,0
12460,15.6667,0.04705,0.0367,5.9729,0.01035,-0.819152,-0.573576,0
12461,15.6833,0.046983,0.0384,5.9815,0.008583,-0.821647,-0.569997,0
12462,15.7,0.048183,0.0397,5.99,0.008483,-0.824126,-0.566406,0
12463,15.7167,0.044767,0.0389,5.9959,0.005867,-0.82659,-0.562805,0
12464,15.7333,0.0437,0.0417,5.9979,0.002,-0.829038,-0.559193,0
12465,15.75,0.04485,0.0387,6.004,0.00615,-0.83147,-0.55557,0
12466,15.7667,0.046267,0.0347,6.0156,0.011567,-0.833886,-0.551937,0
12467,15.7833,0.037317,0.0423,6.0106,-0.004983,-0.836286,-0.548293,0
12468,15.8,0.043517,0.0373,6.0168,0.006217,-0.838671,-0.544639,0
12469,15.8167,0.043633,0.0367,6.0237,0.006933,-0.841039,-0.540974,0
12470,15.8333,0.041467,0.0393,6.0259,0.002167,-0.843391,-0.5373,0
12471,15.85,0.040067,0.038,6.028,0.002067,-0.845728,-0.533615,0
12472,15.8667,0.039133,0.0361,6.031,0.003033,-0.848048,-0.529919,0
12473,15.8833,0.041483,0.0403,6.0322,0.001183,-0.850352,-0.526214,0
12474,15.9,0.041067,0.0405,6.0328,0.000567,-0.85264,-0.522499,0
12475,15.9167,0.037817,0.0399,6.0307,-0.002083,-0.854912,-0.518773,0
12476,15.9333,0.042583,0.0427,6.0306,-0.000117,-0.857167,-0.515038,0
12477,15.95,0.042983,0.0384,6.0352,0.004583,-0.859406,-0.511293,0
12478,15.9667,0.03985,0.0388,6.0362,0.00105,-0.861629,-0.507538,0
12479,15.9833,0.037433,0.0401,6.0335,-0.002667,-0.863836,-0.503774,0
12480,16.0,0.044967,0.0383,6.0402,0.006667,-0.866025,-0.5,0
12481,16.0167,0.035967,0.0371,6.0391,-0.001133,-0.868199,-0.496217,0
12482,16.0333,0.038317,0.0392,6.0382,-0.000883,-0.870356,-0.492424,0
12483,16.05,0.036567,0.0414,6.0334,-0.004833,-0.872496,-0.488621,0
12484,16.0667,0.039833,0.0397,6.0335,0.000133,-0.87462,-0.48481,0
12485,16.0833,0.039317,0.0416,6.0312,-0.002283,-0.876727,-0.480989,0
12486,16.1,0.0381,0.0348,6.0345,0.0033,-0.878817,-0.477159,0
12487,16.1167,0.040667,0.0406,6.0346,6.7e-05,-0.880891,-0.47332,0
12488,16.1333,0.037533,0.0385,6.0336,-0.000967,-0.882948,-0.469472,0
12489,16.15,0.036183,0.0385,6.0313,-0.002317,-0.884988,-0.465615,0
12490,16.1667,0.040567,0.0374,6.0345,0.003167,-0.887011,-0.461749,0
12491,16.1833,0.035517,0.0359,6.0341,-0.000383,-0.889017,-0.457874,0
12492,16.2,0.036383,0.0413,6.0292,-0.004917,-0.891007,-0.45399,0
12493,16.2167,0.033583,0.0404,6.0224,-0.006817,-0.892979,-0.450098,0
12494,16.2333,0.033467,0.04,6.0159,-0.006533,-0.894934,-0.446198,0
12495,16.25,0.0339,0.0401,6.0097,-0.0062,-0.896873,-0.442289,0
12496,16.2667,0.034,0.0363,6.0074,-0.0023,-0.898794,-0.438371,0
12497,16.2833,0.037883,0.04,6.0053,-0.002117,-0.900698,-0.434445,0
12498,16.3,0.03465,0.0416,5.9984,-0.00695,-0.902585,-0.430511,0
12499,16.3167,0.03255,0.0378,5.9931,-0.00525,-0.904455,-0.426569,0
12500,16.3333,0.03285,0.039,5.987,-0.00615,-0.906308,-0.422618,0
12501,16.35,0.0321,0.039,5.9801,-0.0069,-0.908143,-0.41866,0
12502,16.3667,0.038117,0.0377,5.9805,0.000417,-0.909961,-0.414693,0
12503,16.3833,0.03125,0.0386,5.9732,-0.00735,-0.911762,-0.410719,0
12504,16.4,0.034483,0.0418,5.9659,-0.007317,-0.913545,-0.406737,0
12505,16.4167,0.030017,0.042,5.9539,-0.011983,-0.915311,-0.402747,0
12506,16.4333,0.032567,0.04,5.9465,-0.007433,-0.91706,-0.398749,0
12507,16.45,0.03715,0.0395,5.9441,-0.00235,-0.918791,-0.394744,0
12508,16.4667,0.03555,0.0402,5.9394,-0.00465,-0.920505,-0.390731,0
12509,16.4833,0.031433,0.0387,5.9321,-0.007267,-0.922201,-0.386711,0
12510,16.5,0.031967,0.04,5.9241,-0.008033,-0.92388,-0.382683,0
12511,16.5167,0.029367,0.0386,5.9149,-0.009233,-0.925541,-0.378649,0
12512,16.5333,0.029183,0.0403,5.9038,-0.011117,-0.927184,-0.374607,0
12513,16.55,0.029667,0.0433,5.8902,-0.013633,-0.92881,-0.370557,0
12514,16.5667,0.02655,0.0405,5.8763,-0.01395,-0.930418,-0.366501,0
12515,16.5833,0.031433,0.0409,5.8668,-0.009467,-0.932008,-0.362438,0
12516,16.6,0.027033,0.043,5.8508,-0.015967,-0.93358,-0.358368,0
12517,16.6167,0.029517,0.0412,5.8391,-0.011683,-0.935135,-0.354291,0
12518,16.6333,0.0238,0.0389,5.824,-0.0151,-0.936672,-0.350207,0
12519,16.65,0.030433,0.0404,5.814,-0.009967,-0.938191,-0.346117,0
12520,16.6667,0.029767,0.0399,5.8039,-0.010133,-0.939693,-0.34202,0
12521,16.6833,0.02495,0.0384,5.7904,-0.01345,-0.941176,-0.337917,0
12522,16.7,0.0285,0.0407,5.7782,-0.0122,-0.942641,-0.333807,0
12523,16.7167,0.028633,0.0398,5.767,-0.011167,-0.944089,-0.329691,0
12524,16.7333,0.024133,0.0361,5.755,-0.011967,-0.945519,-0.325568,0
12525,16.75,0.0241,0.0391,5.74,-0.015,-0.94693,-0.321439,0
12526,16.7667,0.022817,0.0388,5.724,-0.015983,-0.948324,-0.317305,0
12527,16.7833,0.0258,0.0393,5.7105,-0.0135,-0.949699,-0.313164,0
12528,16.8,0.025817,0.0367,5.6996,-0.010883,-0.951057,-0.309017,0
12529,16.8167,0.02355,0.0396,5.6836,-0.01605,-0.952396,-0.304864,0
12530,16.8333,0.0225,0.0405,5.6656,-0.018,-0.953717,-0.300706,0
12531,16.85,0.021583,0.0374,5.6498,-0.015817,-0.95502,-0.296542,0
12532,16.8667,0.021383,0.0387,5.6325,-0.017317,-0.956305,-0.292372,0
12533,16.8833,0.021967,0.0425,5.612,-0.020533,-0.957571,-0.288196,0
12534,16.9,0.021567,0.0394,5.5942,-0.017833,-0.95882,-0.284015,0
12535,16.9167,0.019117,0.041,5.5723,-0.021883,-0.96005,-0.279829,0
12536,16.9333,0.023583,0.04,5.5559,-0.016417,-0.961262,-0.275637,0
12537,16.95,0.0225,0.0379,5.5405,-0.0154,-0.962455,-0.27144,0
12538,16.9667,0.026883,0.0388,5.5286,-0.011917,-0.96363,-0.267238,0
12539,16.9833,0.02095,0.0401,5.5095,-0.01915,-0.964787,-0.263031,0
12540,17.0,0.017967,0.0395,5.488,-0.021533,-0.965926,-0.258819,0
12541,17.0167,0.01955,0.0385,5.4691,-0.01895,-0.967046,-0.254602,0
12542,17.0333,0.0236,0.0368,5.4559,-0.0132,-0.968148,-0.25038,0
12543,17.05,0.020967,0.0423,5.4346,-0.021333,-0.969231,-0.246153,0
12544,17.0667,0.014517,0.0405,5.4086,-0.025983,-0.970296,-0.241922,0
12545,17.0833,0.01395,0.0393,5.3833,-0.02535,-0.971342,-0.237686,0
12546,17.1,0.012933,0.0409,5.3553,-0.027967,-0.97237,-0.233445,0
12547,17.1167,0.0143,0.0388,5.3308,-0.0245,-0.973379,-0.2292,0
12548,17.1333,0.016933,0.0397,5.308,-0.022767,-0.97437,-0.224951,0
12549,17.15,0.022733,0.0408,5.2899,-0.018067,-0.975342,-0.220697,0
12550,17.1667,0.0197,0.0418,5.2678,-0.0221,-0.976296,-0.21644,0
12551,17.1833,0.018467,0.0408,5.2455,-0.022333,-0.977231,-0.212178,0
12552,17.2,0.014633,0.0398,5.2203,-0.025167,-0.978148,-0.207912,0
12553,17.2167,0.015167,0.0366,5.1989,-0.021433,-0.979045,-0.203642,0
12554,17.2333,0.016883,0.0384,5.1774,-0.021517,-0.979925,-0.199368,0
12555,17.25,0.018217,0.0428,5.1528,-0.024583,-0.980785,-0.19509,0
12556,17.2667,0.01315,0.0425,5.1235,-0.02935,-0.981627,-0.190809,0
12557,17.2833,0.018517,0.0408,5.1012,-0.022283,-0.98245,-0.186524,0
12558,17.3,0.0135,0.0393,5.0754,-0.0258,-0.983255,-0.182236,0
12559,17.3167,0.01005,0.0407,5.0447,-0.03065,-0.984041,-0.177944,0
12560,17.3333,0.013717,0.0396,5.0188,-0.025883,-0.984808,-0.173648,0
12561,17.35,0.013383,0.0407,4.9915,-0.027317,-0.985556,-0.16935,0
12562,17.3667,0.013933,0.0397,4.9657,-0.025767,-0.986286,-0.165048,0
12563,17.3833,0.018033,0.0377,4.946,-0.019667,-0.986996,-0.160743,0
12564,17.4,0.014367,0.0418,4.9186,-0.027433,-0.987688,-0.156434,0
12565,17.4167,0.014817,0.0381,4.8953,-0.023283,-0.988362,-0.152123,0
12566,17.4333,0.0112,0.0385,4.868,-0.0273,-0.989016,-0.147809,0
12567,17.45,0.008733,0.0429,4.8338,-0.034167,-0.989651,-0.143493,0
12568,17.4667,0.005767,0.0419,4.7977,-0.036133,-0.990268,-0.139173,0
12569,17.4833,0.013083,0.0409,4.7699,-0.027817,-0.990866,-0.134851,0
12570,17.5,0.009967,0.0429,4.737,-0.032933,-0.991445,-0.130526,0
12571,17.5167,0.00805,0.0417,4.7034,-0.03365,-0.992005,-0.126199,0
12572,17.5333,0.0089,0.0367,4.6756,-0.0278,-0.992546,-0.121869,0
12573,17.55,0.0077,0.0367,4.6466,-0.029,-0.993068,-0.117537,0
12574,17.5667,0.005217,0.0373,4.6145,-0.032083,-0.993572,-0.113203,0
12575,17.5833,0.008233,0.0375,4.5852,-0.029267,-0.994056,-0.108867,0
12576,17.6,0.008983,0.0414,4.5528,-0.032417,-0.994522,-0.104528,0
12577,17.6167,0.009267,0.0415,4.5206,-0.032233,-0.994969,-0.100188,0
12578,17.6333,0.006833,0.041,4.4864,-0.034167,-0.995396,-0.095846,0
12579,17.65,0.006767,0.041,4.4522,-0.034233,-0.995805,-0.091502,0
12580,17.6667,0.0037,0.0412,4.4147,-0.0375,-0.996195,-0.087156,0
12581,17.6833,0.005133,0.0396,4.3802,-0.034467,-0.996566,-0.082808,0
12582,17.7,0.004617,0.0392,4.3456,-0.034583,-0.996917,-0.078459,0
12583,17.7167,0.003633,0.0375,4.3117,-0.033867,-0.99725,-0.074108,0
12584,17.7333,0.007767,0.0411,4.2784,-0.033333,-0.997564,-0.069756,0
12585,17.75,0.004183,0.0421,4.2405,-0.037917,-0.997859,-0.065403,0
12586,17.7667,0.002917,0.0362,4.2072,-0.033283,-0.998135,-0.061049,0
12587,17.7833,0.0058,0.042,4.171,-0.0362,-0.998392,-0.056693,0
12588,17.8,0.005,0.0412,4.1348,-0.0362,-0.99863,-0.052336,0
12589,17.8167,0.0,0.0392,4.0956,-0.0392,-0.998848,-0.047978,0
12590,17.8333,0.0078,0.036,4.0674,-0.0282,-0.999048,-0.043619,0
12591,17.85,0.004433,0.04,4.0318,-0.035567,-0.999229,-0.03926,0
12592,17.8667,0.004033,0.0389,3.9969,-0.034867,-0.999391,-0.034899,0
12593,17.8833,0.008233,0.0398,3.9653,-0.031567,-0.999534,-0.030539,0
12594,17.9,0.004167,0.0397,3.9298,-0.035533,-0.999657,-0.026177,0
12595,17.9167,0.001717,0.035,3.8965,-0.033283,-0.999762,-0.021815,0
12596,17.9333,0.0,0.0429,3.8536,-0.0429,-0.999848,-0.017452,0
12597,17.95,0.001583,0.0386,3.8166,-0.037017,-0.999914,-0.01309,0
12598,17.9667,0.0,0.0388,3.7778,-0.0388,-0.999962,-0.008727,0
12599,17.9833,0.0014,0.0358,3.7434,-0.0344,-0.99999,-0.004363,0
12600,18.0,0.001717,0.0923,3.6528,-0.090583,-1.0,-0.0,0
12601,18.0167,0.0,0.0895,3.5633,-0.0895,-0.99999,0.004363,0
12602,18.0333,0.0,0.091,3.4723,-0.091,-0.999962,0.008727,0
12603,18.05,0.0,0.0871,3.3852,-0.0871,-0.999914,0.01309,0
12604,18.0667,0.0,0.0896,3.2956,-0.0896,-0.999848,0.017452,0
12605,18.0833,0.0,0.0915,3.2041,-0.0915,-0.999762,0.021815,0
12606,18.1,0.0,0.0864,3.1177,-0.0864,-0.999657,0.026177,0
12607,18.1167,0.0,0.0904,3.0273,-0.0904,-0.999534,0.030539,0
12608,18.1333,0.0,0.0905,2.9368,-0.0905,-0.999391,0.034899,0
12609,18.15,0.0,0.0944,2.8424,-0.0944,-0.999229,0.03926,0
12610,18.1667,0.0,0.0905,2.7519,-0.0905,-0.999048,0.043619,0
12611,18.1833,0.0,0.0898,2.6621,-0.0898,-0.998848,0.047978,0
12612,18.2,0.0,0.091,2.5711,-0.091,-0.99863,0.052336,0
12613,18.2167,0.0,0.0903,2.4808,-0.0903,-0.998392,0.056693,0
12614,18.2333,0.0,0.0902,2.3906,-0.0902,-0.998135,0.061049,0
12615,18.25,0.0,0.0866,2.304,-0.0866,-0.997859,0.065403,0
12616,18.2667,0.0,0.0881,2.2159,-0.0881,-0.997564,0.069756,0
12617,18.2833,0.0,0.0924,2.1235,-0.0924,-0.99725,0.074108,0
12618,18.3,0.0,0.0915,2.032,-0.0915,-0.996917,0.078459,0
12619,18.3167,0.0,0.0941,1.9379,-0.0941,-0.996566,0.082808,0
12620,18.3333,0.0,0.0928,1.8451,-0.0928,-0.996195,0.087156,0
12621,18.35,0.0,0.0904,1.7547,-0.0904,-0.995805,0.091502,0
12622,18.3667,0.0,0.0882,1.6665,-0.0882,-0.995396,0.095846,0
12623,18.3833,0.0,0.0875,1.579,-0.0875,-0.994969,0.100188,0
12624,18.4,0.0,0.0931,1.4859,-0.0931,-0.994522,0.104528,0
12625,18.4167,0.0,0.0882,1.3977,-0.0882,-0.994056,0.108867,0
12626,18.4333,0.0,0.0912,1.3065,-0.0912,-0.993572,0.113203,0
12627,18.45,0.0,0.0925,1.214,-0.0925,-0.993068,0.117537,0
12628,18.4667,0.0,0.0914,1.1226,-0.0914,-0.992546,0.121869,0
12629,18.4833,0.0,0.0926,1.03,-0.0926,-0.992005,0.126199,0
12630,18.5,0.0,0.091,0.939,-0.091,-0.991445,0.130526,0
12631,18.5167,0.0,0.089,0.85,-0.089,-0.990866,0.134851,0
12632,18.5333,0.0,0.0905,0.7595,-0.0905,-0.990268,0.139173,0
12633,18.55,0.0,0.0882,0.6713,-0.0882,-0.989651,0.143493,0
12634,18.5667,0.0,0.0886,0.5827,-0.0886,-0.989016,0.147809,0
12635,18.5833,0.0,0.0923,0.4904,-0.0923,-0.988362,0.152123,0
12636,18.6,0.0,0.0884,0.402,-0.0884,-0.987688,0.156434,0
12637,18.6167,0.0,0.0867,0.3153,-0.0867,-0.986996,0.160743,0
12638,18.6333,0.0,0.0913,0.224,-0.0913,-0.986286,0.165048,0
12639,18.65,0.0,0.0866,0.1374,-0.0866,-0.985556,0.16935,0
12640,18.6667,0.0,0.0874,0.05,-0.0874,-0.984808,0.173648,0
12641,18.6833,0.0,0.0917,0.0,-0.0917,-0.984041,0.177944,1
12642,18.7,0.0,0.0912,0.0,-0.0912,-0.983255,0.182236,1
12643,18.7167,0.0,0.0881,0.0,-0.0881,-0.98245,0.186524,1
12644,18.7333,0.0,0.0894,0.0,-0.0894,-0.981627,0.190809,1
12645,18.75,0.0,0.0921,0.0,-0.0921,-0.980785,0.19509,1
12646,18.7667,0.0,0.0886,0.0,-0.0886,-0.979925,0.199368,1
12647,18.7833,0.0,0.0929,0.0,-0.0929,-0.979045,0.203642,1
12648,18.8,0.0,0.0903,0.0,-0.0903,-0.978148,0.207912,1
12649,18.8167,0.0,0.0895,0.0,-0.0895,-0.977231,0.212178,1
12650,18.8333,0.0,0.0901,0.0,-0.0901,-0.976296,0.21644,1
12651,18.85,0.0,0.0874,0.0,-0.0874,-0.975342,0.220697,1
12652,18.8667,0.0,0.0904,0.0,-0.0904,-0.97437,0.224951,1
12653,18.8833,0.0,0.0871,0.0,-0.0871,-0.973379,0.2292,1
12654,18.9,0.0,0.0893,0.0,-0.0893,-0.97237,0.233445,1
12655,18.9167,0.0,0.0918,0.0,-0.0918,-0.971342,0.237686,1
12656,18.9333,0.0,0.0886,0.0,-0.0886,-0.970296,0.241922,1
12657,18.95,0.0,0.093,0.0,-0.093,-0.969231,0.246153,1
12658,18.9667,0.0,0.0887,0.0,-0.0887,-0.968148,0.25038,1
12659,18.9833,0.0,0.0904,0.0,-0.0904,-0.967046,0.254602,1
12660,19.0,0.0,0.0904,0.0,-0.0904,-0.965926,0.258819,1
12661,19.0167,0.0,0.0892,0.0,-0.0892,-0.964787,0.263031,1
12662,19.0333,0.0,0.0894,0.0,-0.0894,-0.96363,0.267238,1
12663,19.05,0.0,0.0905,0.0,-0.0905,-0.962455,0.27144,1
12664,19.0667,0.0,0.0904,0.0,-0.0904,-0.961262,0.275637,1
12665,19.0833,0.0,0.0891,0.0,-0.0891,-0.96005,0.279829,1
12666,19.1,0.0,0.0923,0.0,-0.0923,-0.95882,0.284015,1
12667,19.1167,0.0,0.0889,0.0,-0.0889,-0.957571,0.288196,1
12668,19.1333,0.0,0.0926,0.0,-0.0926,-0.956305,0.292372,1
12669,19.15,0.0,0.0902,0.0,-0.0902,-0.95502,0.296542,1
12670,19.1667,0.0,0.0901,0.0,-0.0901,-0.953717,0.300706,1
12671,19.1833,0.0,0.0929,0.0,-0.0929,-0.952396,0.304864,1
12672,19.2,0.0,0.0929,0.0,-0.0929,-0.951057,0.309017,1
12673,19.2167,0.0,0.0894,0.0,-0.0894,-0.949699,0.313164,1
12674,19.2333,0.0,0.0879,0.0,-0.0879,-0.948324,0.317305,1
12675,19.25,0.0,0.0902,0.0,-0.0902,-0.94693,0.321439,1
12676,19.2667,0.0,0.0898,0.0,-0.0898,-0.945519,0.325568,1
12677,19.2833,0.0,0.0876,0.0,-0.0876,-0.944089,0.329691,1
12678,19.3,0.0,0.089,0.0,-0.089,-0.942641,0.333807,1
12679,19.3167,0.0,0.0905,0.0,-0.0905,-0.941176,0.337917,1
12680,19.3333,0.0,0.0925,0.0,-0.0925,-0.939693,0.34202,1
12681,19.35,0.0,0.0909,0.0,-0.0909,-0.938191,0.346117,1
12682,19.3667,0.0,0.0948,0.0,-0.0948,-0.936672,0.350207,1
12683,19.3833,0.0,0.0904,0.0,-0.0904,-0.935135,0.354291,1
12684,19.4,0.0,0.0909,0.0,-0.0909,-0.93358,0.358368,1
12685,19.4167,0.0,0.0906,0.0,-0.0906,-0.932008,0.362438,1
12686,19.4333,0.0,0.0933,0.0,-0.0933,-0.930418,0.366501,1
12687,19.45,0.0,0.0908,0.0,-0.0908,-0.92881,0.370557,1
12688,19.4667,0.0,0.0913,0.0,-0.0913,-0.927184,0.374607,1
12689,19.4833,0.0,0.0891,0.0,-0.0891,-0.925541,0.378649,1
12690,19.5,0.0,0.0906,0.0,-0.0906,-0.92388,0.382683,1
12691,19.5167,0.0,0.088,0.0,-0.088,-0.922201,0.386711,1
12692,19.5333,0.0,0.0906,0.0,-0.0906,-0.920505,0.390731,1
12693,19.55,0.0,0.0895,0.0,-0.0895,-0.918791,0.394744,1
12694,19.5667,0.0,0.093,0.0,-0.093,-0.91706,0.398749,1
12695,19.5833,0.0,0.0902,0.0,-0.0902,-0.915311,0.402747,1
12696,19.6,0.0,0.0863,0.0,-0.0863,-0.913545,0.406737,1
12697,19.6167,0.0,0.0902,0.0,-0.0902,-0.911762,0.410719,1
12698,19.6333,0.0,0.0903,0.0,-0.0903,-0.909961,0.414693,1
12699,19.65,0.0,0.0895,0.0,-0.0895,-0.908143,0.41866,1
12700,19.6667,0.0,0.0896,0.0,-0.0896,-0.906308,0.422618,1
12701,19.6833,0.0,0.0905,0.0,-0.0905,-0.904455,0.426569,1
12702,19.7,0.0,0.0899,0.0,-0.0899,-0.902585,0.430511,1
12703,19.7167,0.0,0.0918,0.0,-0.0918,-0.900698,0.434445,1
12704,19.7333,0.0,0.0874,0.0,-0.0874,-0.898794,0.438371,1
12705,19.75,0.0,0.0902,0.0,-0.0902,-0.896873,0.442289,1
12706,19.7667,0.0,0.0875,0.0,-0.0875,-0.894934,0.446198,1
12707,19.7833,0.0,0.0904,0.0,-0.0904,-0.892979,0.450098,1
12708,19.8,0.0,0.0907,0.0,-0.0907,-0.891007,0.45399,1
12709,19.8167,0.0,0.0911,0.0,-0.0911,-0.889017,0.457874,1
12710,19.8333,0.0,0.0903,0.0,-0.0903,-0.887011,0.461749,1
12711,19.85,0.0,0.0871,0.0,-0.0871,-0.884988,0.465615,1
12712,19.8667,0.0,0.0885,0.0,-0.0885,-0.882948,0.469472,1
12713,19.8833,0.0,0.0915,0.0,-0.0915,-0.880891,0.47332,1
12714,19.9,0.0,0.0918,0.0,-0.0918,-0.878817,0.477159,1
12715,19.9167,0.0,0.0882,0.0,-0.0882,-0.876727,0.480989,1
12716,19.9333,0.0,0.0878,0.0,-0.0878,-0.87462,0.48481,1
12717,19.95,0.0,0.0944,0.0,-0.0944,-0.872496,0.488621,1
12718,19.9667,0.0,0.087,0.0,-0.087,-0.870356,0.492424,1
12719,19.9833,0.0,0.094,0.0,-0.094,-0.868199,0.496217,1
12720,20.0,0.0,0.089,0.0,-0.089,-0.866025,0.5,1
12721,20.0167,0.0,0.0905,0.0,-0.0905,-0.863836,0.503774,1
12722,20.0333,0.0,0.0927,0.0,-0.0927,-0.861629,0.507538,1
12723,20.05,0.0,0.0903,0.0,-0.0903,-0.859406,0.511293,1
12724,20.0667,0.0,0.0905,0.0,-0.0905,-0.857167,0.515038,1
12725,20.0833,0.0,0.0893,0.0,-0.0893,-0.854912,0.518773,1
12726,20.1,0.0,0.0911,0.0,-0.0911,-0.85264,0.522499,1
12727,20.1167,0.0,0.0886,0.0,-0.0886,-0.850352,0.526214,1
12728,20.1333,0.0,0.0909,0.0,-0.0909,-0.848048,0.529919,1
12729,20.15,0.0,0.0897,0.0,-0.0897,-0.845728,0.533615,1
12730,20.1667,0.0,0.0902,0.0,-0.0902,-0.843391,0.5373,1
12731,20.1833,0.0,0.0883,0.0,-0.0883,-0.841039,0.540974,1
12732,20.2,0.0,0.0893,0.0,-0.0893,-0.838671,0.544639,1
12733,20.2167,0.0,0.0934,0.0,-0.0934,-0.836286,0.548293,1
12734,20.2333,0.0,0.0889,0.0,-0.0889,-0.833886,0.551937,1
12735,20.25,0.0,0.0922,0.0,-0.0922,-0.83147,0.55557,1
12736,20.2667,0.0,0.0887,0.0,-0.0887,-0.829038,0.559193,1
12737,20.2833,0.0,0.0847,0.0,-0.0847,-0.82659,0.562805,1
12738,20.3,0.0,0.091,0.0,-0.091,-0.824126,0.566406,1
12739,20.3167,0.0,0.089,0.0,-0.089,-0.821647,0.569997,1
12740,20.3333,0.0,0.0901,0.0,-0.0901,-0.819152,0.573576,1
12741,20.35,0.0,0.0883,0.0,-0.0883,-0.816642,0.577145,1
12742,20.3667,0.0,0.0908,0.0,-0.0908,-0.814116,0.580703,1
12743,20.3833,0.0,0.0872,0.0,-0.0872,-0.811574,0.58425,1
12744,20.4,0.0,0.091,0.0,-0.091,-0.809017,0.587785,1
12745,20.4167,0.0,0.0905,0.0,-0.0905,-0.806445,0.59131,1
12746,20.4333,0.0,0.0926,0.0,-0.0926,-0.803857,0.594823,1
12747,20.45,0.0,0.0909,0.0,-0.0909,-0.801254,0.598325,1
12748,20.4667,0.0,0.0895,0.0,-0.0895,-0.798636,0.601815,1
12749,20.4833,0.0,0.0931,0.0,-0.0931,-0.796002,0.605294,1
12750,20.5,0.0,0.0879,0.0,-0.0879,-0.793353,0.608761,1
12751,20.5167,0.0,0.0957,0.0,-0.0957,-0.79069,0.612217,1
12752,20.5333,0.0,0.0942,0.0,-0.0942,-0.788011,0.615661,1
12753,20.55,0.0,0.0886,0.0,-0.0886,-0.785317,0.619094,1
12754,20.5667,0.0,0.0877,0.0,-0.0877,-0.782608,0.622515,1
12755,20.5833,0.0,0.0926,0.0,-0.0926,-0.779884,0.625923,1
12756,20.6,0.0,0.0912,0.0,-0.0912,-0.777146,0.62932,1
12757,20.6167,0.0,0.0906,0.0,-0.0906,-0.774393,0.632705,1
12758,20.6333,0.0,0.0865,0.0,-0.0865,-0.771625,0.636078,1
12759,20.65,0.0,0.0896,0.0,-0.0896,-0.768842,0.639439,1
12760,20.6667,0.0,0.0857,0.0,-0.0857,-0.766044,0.642788,1
12761,20.6833,0.0,0.0911,0.0,-0.0911,-0.763232,0.646124,1
12762,20.7,0.0,0.0889,0.0,-0.0889,-0.760406,0.649448,1
12763,20.7167,0.0,0.0895,0.0,-0.0895,-0.757565,0.65276,1
12764,20.7333,0.0,0.0887,0.0,-0.0887,-0.75471,0.656059,1
12765,20.75,0.0,0.0872,0.0,-0.0872,-0.75184,0.659346,1
12766,20.7667,0.0,0.0891,0.0,-0.0891,-0.748956,0.66262,1
12767,20.7833,0.0,0.0924,0.0,-0.0924,-0.746057,0.665882,1
12768,20.8,0.0,0.0888,0.0,-0.0888,-0.743145,0.669131,1
12769,20.8167,0.0,0.0913,0.0,-0.0913,-0.740218,0.672367,1
12770,20.8333,0.0,0.09,0.0,-0.09,-0.737277,0.67559,1
12771,20.85,0.0,0.0905,0.0,-0.0905,-0.734323,0.678801,1
12772,20.8667,0.0,0.0877,0.0,-0.0877,-0.731354,0.681998,1
12773,20.8833,0.0,0.0926,0.0,-0.0926,-0.728371,0.685183,1
12774,20.9,0.0,0.0929,0.0,-0.0929,-0.725374,0.688355,1
12775,20.9167,0.0,0.089,0.0,-0.089,-0.722364,0.691513,1
12776,20.9333,0.0,0.09,0.0,-0.09,-0.71934,0.694658,1
12777,20.95,0.0,0.0908,0.0,-0.0908,-0.716302,0.69779,1
12778,20.9667,0.0,0.0897,0.0,-0.0897,-0.71325,0.700909,1
12779,20.9833,0.0,0.0878,0.0,-0.0878,-0.710185,0.704015,1
12780,21.0,0.0,0.0868,0.0,-0.0868,-0.707107,0.707107,1
12781,21.0167,0.0,0.0905,0.0,-0.0905,-0.704015,0.710185,1
12782,21.0333,0.0,0.0903,0.0,-0.0903,-0.700909,0.71325,1
12783,21.05,0.0,0.0885,0.0,-0.0885,-0.69779,0.716302,1
12784,21.0667,0.0,0.0917,0.0,-0.0917,-0.694658,0.71934,1
12785,21.0833,0.0,0.0894,0.0,-0.0894,-0.691513,0.722364,1
12786,21.1,0.0,0.0872,0.0,-0.0872,-0.688355,0.725374,1
12787,21.1167,0.0,0.0904,0.0,-0.0904,-0.685183,0.728371,1
12788,21.1333,0.0,0.0896,0.0,-0.0896,-0.681998,0.731354,1
12789,21.15,0.0,0.1699,0.0,-0.1699,-0.678801,0.734323,1
12790,21.1667,0.0,0.1662,0.0,-0.1662,-0.67559,0.737277,1
12791,21.1833,0.0,0.1707,0.0,-0.1707,-0.672367,0.740218,1
12792,21.2,0.0,0.1717,0.0,-0.1717,-0.669131,0.743145,1
12793,21.2167,0.0,0.1705,0.0,-0.1705,-0.665882,0.746057,1
12794,21.2333,0.0,0.1727,0.0,-0.1727,-0.66262,0.748956,1
12795,21.25,0.0,0.17,0.0,-0.17,-0.659346,0.75184,1
12796,21.2667,0.0,0.1682,0.0,-0.1682,-0.656059,0.75471,1
12797,21.2833,0.0,0.1663,0.0,-0.1663,-0.65276,0.757565,1
12798,21.3,0.0,0.1688,0.0,-0.1688,-0.649448,0.760406,1
12799,21.3167,0.0,0.1684,0.0,-0.1684,-0.646124,0.763232,1
12800,21.3333,0.0,0.1679,0.0,-0.1679,-0.642788,0.766044,1
12801,21.35,0.0,0.1704,0.0,-0.1704,-0.639439,0.768842,1
12802,21.3667,0.0,0.172,0.0,-0.172,-0.636078,0.771625,1
12803,21.3833,0.0,0.1659,0.0,-0.1659,-0.632705,0.774393,1
12804,21.4,0.0,0.1689,0.0,-0.1689,-0.62932,0.777146,1
12805,21.4167,0.0,0.1677,0.0,-0.1677,-0.625923,0.779884,1
12806,21.4333,0.0,0.1719,0.0,-0.1719,-0.622515,0.782608,1
12807,21.45,0.0,0.1734,0.0,-0.1734,-0.619094,0.785317,1
12808,21.4667,0.0,0.1686,0.0,-0.1686,-0.615661,0.788011,1
12809,21.4833,0.0,0.1734,0.0,-0.1734,-0.612217,0.79069,1
12810,21.5,0.0,0.1723,0.0,-0.1723,-0.608761,0.793353,1
12811,21.5167,0.0,0.1702,0.0,-0.1702,-0.605294,0.796002,1
12812,21.5333,0.0,0.1646,0.0,-0.1646,-0.601815,0.798636,1
12813,21.55,0.0,0.1711,0.0,-0.1711,-0.598325,0.801254,1
12814,21.5667,0.0,0.1688,0.0,-0.1688,-0.594823,0.803857,1
12815,21.5833,0.0,0.1666,0.0,-0.1666,-0.59131,0.806445,1
12816,21.6,0.0,0.1716,0.0,-0.1716,-0.587785,0.809017,1
12817,21.6167,0.0,0.1691,0.0,-0.1691,-0.58425,0.811574,1
12818,21.6333,0.0,0.1691,0.0,-0.1691,-0.580703,0.814116,1
12819,21.65,0.0,0.1685,0.0,-0.1685,-0.577145,0.816642,1
12820,21.6667,0.0,0.1709,0.0,-0.1709,-0.573576,0.819152,1
12821,21.6833,0.0,0.165,0.0,-0.165,-0.569997,0.821647,1
12822,21.7,0.0,0.1711,0.0,-0.1711,-0.566406,0.824126,1
12823,21.7167,0.0,0.1722,0.0,-0.1722,-0.562805,0.82659,1
12824,21.7333,0.0,0.1699,0.0,-0.1699,-0.559193,0.829038,1
12825,21.75,0.0,0.1677,0.0,-0.1677,-0.55557,0.83147,1
12826,21.7667,0.0,0.1701,0.0,-0.1701,-0.551937,0.833886,1
12827,21.7833,0.0,0.1737,0.0,-0.1737,-0.548293,0.836286,1
12828,21.8,0.0,0.17,0.0,-0.17,-0.544639,0.838671,1
12829,21.8167,0.0,0.089,0.0,-0.089,-0.540974,0.841039,1
12830,21.8333,0.0,0.0895,0.0,-0.0895,-0.5373,0.843391,1
12831,21.85,0.0,0.0909,0.0,-0.0909,-0.533615,0.845728,1
12832,21.8667,0.0,0.0888,0.0,-0.0888,-0.529919,0.848048,1
12833,21.8833,0.0,0.0898,0.0,-0.0898,-0.526214,0.850352,1
12834,21.9,0.0,0.0886,0.0,-0.0886,-0.522499,0.85264,1
12835,21.9167,0.0,0.0907,0.0,-0.0907,-0.518773,0.854912,1
12836,21.9333,0.0,0.0883,0.0,-0.0883,-0.515038,0.857167,1
12837,21.95,0.0,0.0908,0.0,-0.0908,-0.511293,0.859406,1
12838,21.9667,0.0,0.0914,0.0,-0.0914,-0.507538,0.861629,1
12839,21.9833,0.0,0.0891,0.0,-0.0891,-0.503774,0.863836,1
12840,22.0,0.0,0.0223,0.0,-0.0223,-0.5,0.866025,1
12841,22.0167,0.0,0.0236,0.0,-0.0236,-0.496217,0.868199,1
12842,22.0333,0.0,0.0246,0.0,-0.0246,-0.492424,0.870356,1
12843,22.05,0.0,0.0214,0.0,-0.0214,-0.488621,0.872496,1
12844,22.0667,0.0,0.0194,0.0,-0.0194,-0.48481,0.87462,1
12845,22.0833,0.0,0.0233,0.0,-0.0233,-0.480989,0.876727,1
12846,22.1,0.0,0.0202,0.0,-0.0202,-0.477159,0.878817,1
12847,22.1167,0.0,0.0199,0.0,-0.0199,-0.47332,0.880891,1
12848,22.1333,0.0,0.0236,0.0,-0.0236,-0.469472,0.882948,1
12849,22.15,0.0,0.0222,0.0,-0.0222,-0.465615,0.884988,1
12850,22.1667,0.0,0.022,0.0,-0.022,-0.461749,0.887011,1
12851,22.1833,0.0,0.0209,0.0,-0.0209,-0.457874,0.889017,1
12852,22.2,0.0,0.02,0.0,-0.02,-0.45399,0.891007,1
12853,22.2167,0.0,0.0206,0.0,-0.0206,-0.450098,0.892979,1
12854,22.2333,0.0,0.0204,0.0,-0.0204,-0.446198,0.894934,1
12855,22.25,0.0,0.0227,0.0,-0.0227,-0.442289,0.896873,1
12856,22.2667,0.0,0.0228,0.0,-0.0228,-0.438371,0.898794,1
12857,22.2833,0.0,0.0221,0.0,-0.0221,-0.434445,0.900698,1
12858,22.3,0.0,0.02,0.0,-0.02,-0.430511,0.902585,1
12859,22.3167,0.0,0.0202,0.0,-0.0202,-0.426569,0.904455,1
12860,22.3333,0.0,0.0223,0.0,-0.0223,-0.422618,0.906308,1
12861,22.35,0.0,0.0224,0.0,-0.0224,-0.41866,0.908143,1
12862,22.3667,0.0,0.0226,0.0,-0.0226,-0.414693,0.909961,1
12863,22.3833,0.0,0.0211,0.0,-0.0211,-0.410719,0.911762,1
12864,22.4,0.0,0.0234,0.0,-0.0234,-0.406737,0.913545,1
12865,22.4167,0.0,0.0207,0.0,-0.0207,-0.402747,0.915311,1
12866,22.4333,0.0,0.0202,0.0,-0.0202,-0.398749,0.91706,1
12867,22.45,0.0,0.0246,0.0,-0.0246,-0.394744,0.918791,1
12868,22.4667,0.0,0.0213,0.0,-0.0213,-0.390731,0.920505,1
12869,22.4833,0.0,0.0194,0.0,-0.0194,-0.386711,0.922201,1
12870,22.5,0.0,0.0189,0.0,-0.0189,-0.382683,0.92388,1
12871,22.5167,0.0,0.0222,0.0,-0.0222,-0.378649,0.925541,1
12872,22.5333,0.0,0.0218,0.0,-0.0218,-0.374607,0.927184,1
12873,22.55,0.0,0.0224,0.0,-0.0224,-0.370557,0.92881,1
12874,22.5667,0.0,0.0202,0.0,-0.0202,-0.366501,0.930418,1
12875,22.5833,0.0,0.0233,0.0,-0.0233,-0.362438,0.932008,1
12876,22.6,0.0,0.0199,0.0,-0.0199,-0.358368,0.93358,1
12877,22.6167,0.0,0.0191,0.0,-0.0191,-0.354291,0.935135,1
12878,22.6333,0.0,0.0235,0.0,-0.0235,-0.350207,0.936672,1
12879,22.65,0.0,0.0209,0.0,-0.0209,-0.346117,0.938191,1
12880,22.6667,0.0,0.018,0.0,-0.018,-0.34202,0.939693,1
12881,22.6833,0.0,0.0185,0.0,-0.0185,-0.337917,0.941176,1
12882,22.7,0.0,0.0246,0.0,-0.0246,-0.333807,0.942641,1
12883,22.7167,0.0,0.0215,0.0,-0.0215,-0.329691,0.944089,1
12884,22.7333,0.0,0.0203,0.0,-0.0203,-0.325568,0.945519,1
12885,22.75,0.0,0.0204,0.0,-0.0204,-0.321439,0.94693,1
12886,22.7667,0.0,0.0207,0.0,-0.0207,-0.317305,0.948324,1
12887,22.7833,0.0,0.0219,0.0,-0.0219,-0.313164,0.949699,1
12888,22.8,0.0,0.0217,0.0,-0.0217,-0.309017,0.951057,1
12889,22.8167,0.0,0.0201,0.0,-0.0201,-0.304864,0.952396,1
12890,22.8333,0.0,0.0238,0.0,-0.0238,-0.300706,0.953717,1
12891,22.85,0.0,0.0223,0.0,-0.0223,-0.296542,0.95502,1
12892,22.8667,0.0,0.0218,0.0,-0.0218,-0.292372,0.956305,1
12893,22.8833,0.0,0.0193,0.0,-0.0193,-0.288196,0.957571,1
12894,22.9,0.0,0.0217,0.0,-0.0217,-0.284015,0.95882,1
12895,22.9167,0.0,0.0224,0.0,-0.0224,-0.279829,0.96005,1
12896,22.9333,0.0,0.0226,0.0,-0.0226,-0.275637,0.961262,1
12897,22.95,0.0,0.0227,0.0,-0.0227,-0.27144,0.962455,1
12898,22.9667,0.0,0.0253,0.0,-0.0253,-0.267238,0.96363,1
12899,22.9833,0.0,0.0227,0.0,-0.0227,-0.263031,0.964787,1
12900,23.0,0.0,0.0198,0.0,-0.0198,-0.258819,0.965926,1
12901,23.0167,0.0,0.023,0.0,-0.023,-0.254602,0.967046,1
12902,23.0333,0.0,0.0218,0.0,-0.0218,-0.25038,0.968148,1
12903,23.05,0.0,0.0258,0.0,-0.0258,-0.246153,0.969231,1
12904,23.0667,0.0,0.0204,0.0,-0.0204,-0.241922,0.970296,1
12905,23.0833,0.0,0.0209,0.0,-0.0209,-0.237686,0.971342,1
12906,23.1,0.0,0.0247,0.0,-0.0247,-0.233445,0.97237,1
12907,23.1167,0.0,0.0253,0.0,-0.0253,-0.2292,0.973379,1
12908,23.1333,0.0,0.0242,0.0,-0.0242,-0.224951,0.97437,1
12909,23.15,0.0,0.0197,0.0,-0.0197,-0.220697,0.975342,1
12910,23.1667,0.0,0.0233,0.0,-0.0233,-0.21644,0.976296,1
12911,23.1833,0.0,0.0212,0.0,-0.0212,-0.212178,0.977231,1
12912,23.2,0.0,0.024,0.0,-0.024,-0.207912,0.978148,1
12913,23.2167,0.0,0.0197,0.0,-0.0197,-0.203642,0.979045,1
12914,23.2333,0.0,0.0239,0.0,-0.0239,-0.199368,0.979925,1
12915,23.25,0.0,0.0235,0.0,-0.0235,-0.19509,0.980785,1
12916,23.2667,0.0,0.0181,0.0,-0.0181,-0.190809,0.981627,1
12917,23.2833,0.0,0.0244,0.0,-0.0244,-0.186524,0.98245,1
12918,23.3,0.0,0.0249,0.0,-0.0249,-0.182236,0.983255,1
12919,23.3167,0.0,0.0226,0.0,-0.0226,-0.177944,0.984041,1
12920,23.3333,0.0,0.021,0.0,-0.021,-0.173648,0.984808,1
12921,23.35,0.0,0.0218,0.0,-0.0218,-0.16935,0.985556,1
12922,23.3667,0.0,0.0214,0.0,-0.0214,-0.165048,0.986286,1
12923,23.3833,0.0,0.018,0.0,-0.018,-0.160743,0.986996,1
12924,23.4,0.0,0.0206,0.0,-0.0206,-0.156434,0.987688,1
12925,23.4167,0.0,0.0215,0.0,-0.0215,-0.152123,0.988362,1
12926,23.4333,0.0,0.0201,0.0,-0.0201,-0.147809,0.989016,1
12927,23.45,0.0,0.0201,0.0,-0.0201,-0.143493,0.989651,1
12928,23.4667,0.0,0.0242,0.0,-0.0242,-0.139173,0.990268,1
12929,23.4833,0.0,0.0207,0.0,-0.0207,-0.134851,0.990866,1
12930,23.5,0.0,0.0169,0.0,-0.0169,-0.130526,0.991445,1
12931,23.5167,0.0,0.0223,0.0,-0.0223,-0.126199,0.992005,1
12932,23.5333,0.0,0.0241,0.0,-0.0241,-0.121869,0.992546,1
12933,23.55,0.0,0.0207,0.0,-0.0207,-0.117537,0.993068,1
12934,23.5667,0.0,0.0208,0.0,-0.0208,-0.113203,0.993572,1
12935,23.5833,0.0,0.0205,0.0,-0.0205,-0.108867,0.994056,1
12936,23.6,0.0,0.0191,0.0,-0.0191,-0.104528,0.994522,1
12937,23.6167,0.0,0.0237,0.0,-0.0237,-0.100188,0.994969,1
12938,23.6333,0.0,0.0204,0.0,-0.0204,-0.095846,0.995396,1
12939,23.65,0.0,0.0192,0.0,-0.0192,-0.091502,0.995805,1
12940,23.6667,0.0,0.0188,0.0,-0.0188,-0.087156,0.996195,1
12941,23.6833,0.0,0.0197,0.0,-0.0197,-0.082808,0.996566,1
12942,23.7,0.0,0.0204,0.0,-0.0204,-0.078459,0.996917,1
12943,23.7167,0.0,0.0207,0.0,-0.0207,-0.074108,0.99725,1
12944,23.7333,0.0,0.022,0.0,-0.022,-0.069756,0.997564,1
12945,23.75,0.0,0.0209,0.0,-0.0209,-0.065403,0.997859,1
12946,23.7667,0.0,0.0222,0.0,-0.0222,-0.061049,0.998135,1
12947,23.7833,0.0,0.0217,0.0,-0.0217,-0.056693,0.998392,1
12948,23.8,0.0,0.0198,0.0,-0.0198,-0.052336,0.99863,1
12949,23.8167,0.0,0.022,0.0,-0.022,-0.047978,0.998848,1
12950,23.8333,0.0,0.0218,0.0,-0.0218,-0.043619,0.999048,1
12951,23.85,0.0,0.0226,0.0,-0.0226,-0.03926,0.999229,1
12952,23.8667,0.0,0.0184,0.0,-0.0184,-0.034899,0.999391,1
12953,23.8833,0.0,0.0227,0.0,-0.0227,-0.030539,0.999534,1
12954,23.9,0.0,0.0205,0.0,-0.0205,-0.026177,0.999657,1
12955,23.9167,0.0,0.0222,0.0,-0.0222,-0.021815,0.999762,1
12956,23.9333,0.0,0.0234,0.0,-0.0234,-0.017452,0.999848,1
12957,23.95,0.0,0.0231,0.0,-0.0231,-0.01309,0.999914,1
12958,23.9667,0.0,0.0221,0.0,-0.0221,-0.008727,0.999962,1
12959,23.9833,0.0,0.0217,0.0,-0.0217,-0.004363,0.99999,1
12960,0.0,0.0,0.0213,0.0,-0.0213,0.0,1.0,1
12961,0.0167,0.0,0.0241,0.0,-0.0241,0.004363,0.99999,1
12962,0.0333,0.0,0.0227,0.0,-0.0227,0.008727,0.999962,1
12963,0.05,0.0,0.0195,0.0,-0.0195,0.01309,0.999914,1
12964,0.0667,0.0,0.0227,0.0,-0.0227,0.017452,0.999848,1
12965,0.0833,0.0,0.0198,0.0,-0.0198,0.021815,0.999762,1
12966,0.1,0.0,0.0195,0.0,-0.0195,0.026177,0.999657,1
12967,0.1167,0.0,0.0216,0.0,-0.0216,0.030539,0.999534,1
12968,0.1333,0.0,0.0178,0.0,-0.0178,0.034899,0.999391,1
12969,0.15,0.0,0.0247,0.0,-0.0247,0.03926,0.999229,1
12970,0.1667,0.0,0.0245,0.0,-0.0245,0.043619,0.999048,1
12971,0.1833,0.0,0.0169,0.0,-0.0169,0.047978,0.998848,1
12972,0.2,0.0,0.0239,0.0,-0.0239,0.052336,0.99863,1
12973,0.2167,0.0,0.0226,0.0,-0.0226,0.056693,0.998392,1
12974,0.2333,0.0,0.0194,0.0,-0.0194,0.061049,0.998135,1
12975,0.25,0.0,0.0232,0.0,-0.0232,0.065403,0.997859,1
12976,0.2667,0.0,0.0229,0.0,-0.0229,0.069756,0.997564,1
12977,0.2833,0.0,0.0195,0.0,-0.0195,0.074108,0.99725,1
12978,0.3,0.0,0.0212,0.0,-0.0212,0.078459,0.996917,1
12979,0.3167,0.0,0.026,0.0,-0.026,0.082808,0.996566,1
12980,0.3333,0.0,0.0217,0.0,-0.0217,0.087156,0.996195,1
12981,0.35,0.0,0.0206,0.0,-0.0206,0.091502,0.995805,1
12982,0.3667,0.0,0.0241,0.0,-0.0241,0.095846,0.995396,1
12983,0.3833,0.0,0.0254,0.0,-0.0254,0.100188,0.994969,1
12984,0.4,0.0,0.0207,0.0,-0.0207,0.104528,0.994522,1
12985,0.4167,0.0,0.0221,0.0,-0.0221,0.108867,0.994056,1
12986,0.4333,0.0,0.0217,0.0,-0.0217,0.113203,0.993572,1
12987,0.45,0.0,0.0221,0.0,-0.0221,0.117537,0.993068,1
12988,0.4667,0.0,0.0259,0.0,-0.0259,0.121869,0.992546,1
12989,0.4833,0.0,0.0231,0.0,-0.0231,0.126199,0.992005,1
12990,0.5,0.0,0.0207,0.0,-0.0207,0.130526,0.991445,1
12991,0.5167,0.0,0.0236,0.0,-0.0236,0.134851,0.990866,1
12992,0.5333,0.0,0.0182,0.0,-0.0182,0.139173,0.990268,1
12993,0.55,0.0,0.0232,0.0,-0.0232,0.143493,0.989651,1
12994,0.5667,0.0,0.0224,0.0,-0.0224,0.147809,0.989016,1
12995,0.5833,0.0,0.0208,0.0,-0.0208,0.152123,0.988362,1
12996,0.6,0.0,0.0232,0.0,-0.0232,0.156434,0.987688,1
12997,0.6167,0.0,0.0165,0.0,-0.0165,0.160743,0.986996,1
12998,0.6333,0.0,0.0213,0.0,-0.0213,0.165048,0.986286,1
12999,0.65,0.0,0.0216,0.0,-0.0216,0.16935,0.985556,1
13000,0.6667,0.0,0.0212,0.0,-0.0212,0.173648,0.984808,1
13001,0.6833,0.0,0.0209,0.0,-0.0209,0.177944,0.984041,1
13002,0.7,0.0,0.0242,0.0,-0.0242,0.182236,0.983255,1
13003,0.7167,0.0,0.0208,0.0,-0.0208,0.186524,0.98245,1
13004,0.7333,0.0,0.0212,0.0,-0.0212,0.190809,0.981627,1
13005,0.75,0.0,0.0217,0.0,-0.0217,0.19509,0.980785,1
13006,0.7667,0.0,0.0215,0.0,-0.0215,0.199368,0.979925,1
13007,0.7833,0.0,0.0179,0.0,-0.0179,0.203642,0.979045,1
13008,0.8,0.0,0.0204,0.0,-0.0204,0.207912,0.978148,1
13009,0.8167,0.0,0.0228,0.0,-0.0228,0.212178,0.977231,1
13010,0.8333,0.0,0.0235,0.0,-0.0235,0.21644,0.976296,1
13011,0.85,0.0,0.0244,0.0,-0.0244,0.220697,0.975342,1
13012,0.8667,0.0,0.017,0.0,-0.017,0.224951,0.97437,1
13013,0.8833,0.0,0.02,0.0,-0.02,0.2292,0.973379,1
13014,0.9,0.0,0.0197,0.0,-0.0197,0.233445,0.97237,1
13015,0.9167,0.0,0.0228,0.0,-0.0228,0.237686,0.971342,1
13016,0.9333,0.0,0.0217,0.0,-0.0217,0.241922,0.970296,1
13017,0.95,0.0,0.0217,0.0,-0.0217,0.246153,0.969231,1
13018,0.9667,0.0,0.0203,0.0,-0.0203,0.25038,0.968148,1
13019,0.9833,0.0,0.0205,0.0,-0.0205,0.254602,0.967046,1
13020,1.0,0.0,0.0217,0.0,-0.0217,0.258819,0.965926,1
13021,1.0167,0.0,0.0188,0.0,-0.0188,0.263031,0.964787,1
13022,1.0333,0.0,0.0184,0.0,-0.0184,0.267238,0.96363,1
13023,1.05,0.0,0.0203,0.0,-0.0203,0.27144,0.962455,1
13024,1.0667,0.0,0.0235,0.0,-0.0235,0.275637,0.961262,1
13025,1.0833,0.0,0.0217,0.0,-0.0217,0.279829,0.96005,1
13026,1.1,0.0,0.0209,0.0,-0.0209,0.284015,0.95882,1
13027,1.1167,0.0,0.0252,0.0,-0.0252,0.288196,0.957571,1
13028,1.1333,0.0,0.0227,0.0,-0.0227,0.292372,0.956305,1
13029,1.15,0.0,0.0204,0.0,-0.0204,0.296542,0.95502,1
13030,1.1667,0.0,0.023,0.0,-0.023,0.300706,0.953717,1
13031,1.1833,0.0,0.0197,0.0,-0.0197,0.304864,0.952396,1
13032,1.2,0.0,0.0216,0.0,-0.0216,0.309017,0.951057,1
13033,1.2167,0.0,0.0232,0.0,-0.0232,0.313164,0.949699,1
13034,1.2333,0.0,0.0224,0.0,-0.0224,0.317305,0.948324,1
13035,1.25,0.0,0.0209,0.0,-0.0209,0.321439,0.94693,1
13036,1.2667,0.0,0.0231,0.0,-0.0231,0.325568,0.945519,1
13037,1.2833,0.0,0.0219,0.0,-0.0219,0.329691,0.944089,1
13038,1.3,0.0,0.02,0.0,-0.02,0.333807,0.942641,1
13039,1.3167,0.0,0.0247,0.0,-0.0247,0.337917,0.941176,1
13040,1.3333,0.0,0.0218,0.0,-0.0218,0.34202,0.939693,1
13041,1.35,0.0,0.0204,0.0,-0.0204,0.346117,0.938191,1
13042,1.3667,0.0,0.0246,0.0,-0.0246,0.350207,0.936672,1
13043,1.3833,0.0,0.0216,0.0,-0.0216,0.354291,0.935135,1
13044,1.4,0.0,0.0244,0.0,-0.0244,0.358368,0.93358,1
13045,1.4167,0.0,0.0181,0.0,-0.0181,0.362438,0.932008,1
13046,1.4333,0.0,0.0217,0.0,-0.0217,0.366501,0.930418,1
13047,1.45,0.0,0.0211,0.0,-0.0211,0.370557,0.92881,1
13048,1.4667,0.0,0.0243,0.0,-0.0243,0.374607,0.927184,1
13049,1.4833,0.0,0.0205,0.0,-0.0205,0.378649,0.925541,1
13050,1.5,0.0,0.0208,0.0,-0.0208,0.382683,0.92388,1
13051,1.5167,0.0,0.0213,0.0,-0.0213,0.386711,0.922201,1
13052,1.5333,0.0,0.0181,0.0,-0.0181,0.390731,0.920505,1
13053,1.55,0.0,0.0244,0.0,-0.0244,0.394744,0.918791,1
13054,1.5667,0.0,0.0194,0.0,-0.0194,0.398749,0.91706,1
13055,1.5833,0.0,0.0203,0.0,-0.0203,0.402747,0.915311,1
13056,1.6,0.0,0.0172,0.0,-0.0172,0.406737,0.913545,1
13057,1.6167,0.0,0.0221,0.0,-0.0221,0.410719,0.911762,1
13058,1.6333,0.0,0.019,0.0,-0.019,0.414693,0.909961,1
13059,1.65,0.0,0.0211,0.0,-0.0211,0.41866,0.908143,1
13060,1.6667,0.0,0.0189,0.0,-0.0189,0.422618,0.906308,1
13061,1.6833,0.0,0.0213,0.0,-0.0213,0.426569,0.904455,1
13062,1.7,0.0,0.0201,0.0,-0.0201,0.430511,0.902585,1
13063,1.7167,0.0,0.0177,0.0,-0.0177,0.434445,0.900698,1
13064,1.7333,0.0,0.0208,0.0,-0.0208,0.438371,0.898794,1
13065,1.75,0.0,0.0225,0.0,-0.0225,0.442289,0.896873,1
13066,1.7667,0.0,0.0199,0.0,-0.0199,0.446198,0.894934,1
13067,1.7833,0.0,0.0218,0.0,-0.0218,0.450098,0.892979,1
13068,1.8,0.0,0.0228,0.0,-0.0228,0.45399,0.891007,1
13069,1.8167,0.0,0.0229,0.0,-0.0229,0.457874,0.889017,1
13070,1.8333,0.0,0.0225,0.0,-0.0225,0.461749,0.887011,1
13071,1.85,0.0,0.0178,0.0,-0.0178,0.465615,0.884988,1
13072,1.8667,0.0,0.0216,0.0,-0.0216,0.469472,0.882948,1
13073,1.8833,0.0,0.0219,0.0,-0.0219,0.47332,0.880891,1
13074,1.9,0.0,0.0223,0.0,-0.0223,0.477159,0.878817,1
13075,1.9167,0.0,0.0196,0.0,-0.0196,0.480989,0.876727,1
13076,1.9333,0.0,0.0198,0.0,-0.0198,0.48481,0.87462,1
13077,1.95,0.0,0.0216,0.0,-0.0216,0.488621,0.872496,1
13078,1.9667,0.0,0.0237,0.0,-0.0237,0.492424,0.870356,1
13079,1.9833,0.0,0.0226,0.0,-0.0226,0.496217,0.868199,1
13080,2.0,0.0,0.0214,0.0,-0.0214,0.5,0.866025,1
13081,2.0167,0.0,0.0213,0.0,-0.0213,0.503774,0.863836,1
13082,2.0333,0.0,0.0221,0.0,-0.0221,0.507538,0.861629,1
13083,2.05,0.0,0.0241,0.0,-0.0241,0.511293,0.859406,1
13084,2.0667,0.0,0.021,0.0,-0.021,0.515038,0.857167,1
13085,2.0833,0.0,0.0199,0.0,-0.0199,0.518773,0.854912,1
13086,2.1,0.0,0.0185,0.0,-0.0185,0.522499,0.85264,1
13087,2.1167,0.0,0.0206,0.0,-0.0206,0.526214,0.850352,1
13088,2.1333,0.0,0.0245,0.0,-0.0245,0.529919,0.848048,1
13089,2.15,0.0,0.0218,0.0,-0.0218,0.533615,0.845728,1
13090,2.1667,0.0,0.0198,0.0,-0.0198,0.5373,0.843391,1
13091,2.1833,0.0,0.0205,0.0,-0.0205,0.540974,0.841039,1
13092,2.2,0.0,0.023,0.0,-0.023,0.544639,0.838671,1
13093,2.2167,0.0,0.0212,0.0,-0.0212,0.548293,0.836286,1
13094,2.2333,0.0,0.02,0.0,-0.02,0.551937,0.833886,1
13095,2.25,0.0,0.0237,0.0,-0.0237,0.55557,0.83147,1
13096,2.2667,0.0,0.0225,0.0,-0.0225,0.559193,0.829038,1
13097,2.2833,0.0,0.0204,0.0,-0.0204,0.562805,0.82659,1
13098,2.3,0.0,0.019,0.0,-0.019,0.566406,0.824126,1
13099,2.3167,0.0,0.0219,0.0,-0.0219,0.569997,0.821647,1
13100,2.3333,0.0,0.0221,0.0,-0.0221,0.573576,0.819152,1
13101,2.35,0.0,0.0183,0.0,-0.0183,0.577145,0.816642,1
13102,2.3667,0.0,0.0202,0.0,-0.0202,0.580703,0.814116,1
13103,2.3833,0.0,0.0231,0.0,-0.0231,0.58425,0.811574,1
13104,2.4,0.0,0.018,0.0,-0.018,0.587785,0.809017,1
13105,2.4167,0.0,0.0204,0.0,-0.0204,0.59131,0.806445,1
13106,2.4333,0.0,0.024,0.0,-0.024,0.594823,0.803857,1
13107,2.45,0.0,0.023,0.0,-0.023,0.598325,0.801254,1
13108,2.4667,0.0,0.0212,0.0,-0.0212,0.601815,0.798636,1
13109,2.4833,0.0,0.0193,0.0,-0.0193,0.605294,0.796002,1
13110,2.5,0.0,0.0226,0.0,-0.0226,0.608761,0.793353,1
13111,2.5167,0.0,0.0265,0.0,-0.0265,0.612217,0.79069,1
13112,2.5333,0.0,0.0182,0.0,-0.0182,0.615661,0.788011,1
13113,2.55,0.0,0.0181,0.0,-0.0181,0.619094,0.785317,1
13114,2.5667,0.0,0.0235,0.0,-0.0235,0.622515,0.782608,1
13115,2.5833,0.0,0.0242,0.0,-0.0242,0.625923,0.779884,1
13116,2.6,0.0,0.0215,0.0,-0.0215,0.62932,0.777146,1
13117,2.6167,0.0,0.019,0.0,-0.019,0.632705,0.774393,1
13118,2.6333,0.0,0.0231,0.0,-0.0231,0.636078,0.771625,1
13119,2.65,0.0,0.0172,0.0,-0.0172,0.639439,0.768842,1
13120,2.6667,0.0,0.0252,0.0,-0.0252,0.642788,0.766044,1
13121,2.6833,0.0,0.0243,0.0,-0.0243,0.646124,0.763232,1
13122,2.7,0.0,0.0237,0.0,-0.0237,0.649448,0.760406,1
13123,2.7167,0.0,0.0262,0.0,-0.0262,0.65276,0.757565,1
13124,2.7333,0.0,0.0234,0.0,-0.0234,0.656059,0.75471,1
13125,2.75,0.0,0.0233,0.0,-0.0233,0.659346,0.75184,1
13126,2.7667,0.0,0.0213,0.0,-0.0213,0.66262,0.748956,1
13127,2.7833,0.0,0.0242,0.0,-0.0242,0.665882,0.746057,1
13128,2.8,0.0,0.0191,0.0,-0.0191,0.669131,0.743145,1
13129,2.8167,0.0,0.0246,0.0,-0.0246,0.672367,0.740218,1
13130,2.8333,0.0,0.0218,0.0,-0.0218,0.67559,0.737277,1
13131,2.85,0.0,0.0205,0.0,-0.0205,0.678801,0.734323,1
13132,2.8667,0.0,0.022,0.0,-0.022,0.681998,0.731354,1
13133,2.8833,0.0,0.0189,0.0,-0.0189,0.685183,0.728371,1
13134,2.9,0.0,0.0216,0.0,-0.0216,0.688355,0.725374,1
13135,2.9167,0.0,0.0238,0.0,-0.0238,0.691513,0.722364,1
13136,2.9333,0.0,0.0192,0.0,-0.0192,0.694658,0.71934,1
13137,2.95,0.0,0.0205,0.0,-0.0205,0.69779,0.716302,1
13138,2.9667,0.0,0.0242,0.0,-0.0242,0.700909,0.71325,1
13139,2.9833,0.0,0.0256,0.0,-0.0256,0.704015,0.710185,1
13140,3.0,0.0,0.0203,0.0,-0.0203,0.707107,0.707107,1
13141,3.0167,0.0,0.0223,0.0,-0.0223,0.710185,0.704015,1
13142,3.0333,0.0,0.0199,0.0,-0.0199,0.71325,0.700909,1
13143,3.05,0.0,0.0192,0.0,-0.0192,0.716302,0.69779,1
13144,3.0667,0.0,0.02,0.0,-0.02,0.71934,0.694658,1
13145,3.0833,0.0,0.0224,0.0,-0.0224,0.722364,0.691513,1
13146,3.1,0.0,0.0225,0.0,-0.0225,0.725374,0.688355,1
13147,3.1167,0.0,0.0218,0.0,-0.0218,0.728371,0.685183,1
13148,3.1333,0.0,0.0218,0.0,-0.0218,0.731354,0.681998,1
13149,3.15,0.0,0.0207,0.0,-0.0207,0.734323,0.678801,1
13150,3.1667,0.0,0.0258,0.0,-0.0258,0.737277,0.67559,1
13151,3.1833,0.0,0.0225,0.0,-0.0225,0.740218,0.672367,1
13152,3.2,0.0,0.0231,0.0,-0.0231,0.743145,0.669131,1
13153,3.2167,0.0,0.026,0.0,-0.026,0.746057,0.665882,1
13154,3.2333,0.0,0.0249,0.0,-0.0249,0.748956,0.66262,1
13155,3.25,0.0,0.0205,0.0,-0.0205,0.75184,0.659346,1
13156,3.2667,0.0,0.0227,0.0,-0.0227,0.75471,0.656059,1
13157,3.2833,0.0,0.0208,0.0,-0.0208,0.757565,0.65276,1
13158,3.3,0.0,0.0224,0.0,-0.0224,0.760406,0.649448,1
13159,3.3167,0.0,0.0243,0.0,-0.0243,0.763232,0.646124,1
13160,3.3333,0.0,0.0234,0.0,-0.0234,0.766044,0.642788,1
13161,3.35,0.0,0.0223,0.0,-0.0223,0.768842,0.639439,1
13162,3.3667,0.0,0.0216,0.0,-0.0216,0.771625,0.636078,1
13163,3.3833,0.0,0.0177,0.0,-0.0177,0.774393,0.632705,1
13164,3.4,0.0,0.0217,0.0,-0.0217,0.777146,0.62932,1
13165,3.4167,0.0,0.0221,0.0,-0.0221,0.779884,0.625923,1
13166,3.4333,0.0,0.0223,0.0,-0.0223,0.782608,0.622515,1
13167,3.45,0.0,0.024,0.0,-0.024,0.785317,0.619094,1
13168,3.4667,0.0,0.024,0.0,-0.024,0.788011,0.615661,1
13169,3.4833,0.0,0.0247,0.0,-0.0247,0.79069,0.612217,1
13170,3.5,0.0,0.0227,0.0,-0.0227,0.793353,0.608761,1
13171,3.5167,0.0,0.0211,0.0,-0.0211,0.796002,0.605294,1
13172,3.5333,0.0,0.0216,0.0,-0.0216,0.798636,0.601815,1
13173,3.55,0.0,0.0223,0.0,-0.0223,0.801254,0.598325,1
13174,3.5667,0.0,0.0219,0.0,-0.0219,0.803857,0.594823,1
13175,3.5833,0.0,0.0189,0.0,-0.0189,0.806445,0.59131,1
13176,3.6,0.0,0.0146,0.0,-0.0146,0.809017,0.587785,1
13177,3.6167,0.0,0.0238,0.0,-0.0238,0.811574,0.58425,1
13178,3.6333,0.0,0.0161,0.0,-0.0161,0.814116,0.580703,1
13179,3.65,0.0,0.023,0.0,-0.023,0.816642,0.577145,1
13180,3.6667,0.0,0.0224,0.0,-0.0224,0.819152,0.573576,1
13181,3.6833,0.0,0.0226,0.0,-0.0226,0.821647,0.569997,1
13182,3.7,0.0,0.0189,0.0,-0.0189,0.824126,0.566406,1
13183,3.7167,0.0,0.0204,0.0,-0.0204,0.82659,0.562805,1
13184,3.7333,0.0,0.0181,0.0,-0.0181,0.829038,0.559193,1
13185,3.75,0.0,0.0188,0.0,-0.0188,0.83147,0.55557,1
13186,3.7667,0.0,0.0218,0.0,-0.0218,0.833886,0.551937,1
13187,3.7833,0.0,0.0221,0.0,-0.0221,0.836286,0.548293,1
13188,3.8,0.0,0.0208,0.0,-0.0208,0.838671,0.544639,1
13189,3.8167,0.0,0.0227,0.0,-0.0227,0.841039,0.540974,1
13190,3.8333,0.0,0.0196,0.0,-0.0196,0.843391,0.5373,1
13191,3.85,0.0,0.0213,0.0,-0.0213,0.845728,0.533615,1
13192,3.8667,0.0,0.024,0.0,-0.024,0.848048,0.529919,1
13193,3.8833,0.0,0.0264,0.0,-0.0264,0.850352,0.526214,1
13194,3.9,0.0,0.0212,0.0,-0.0212,0.85264,0.522499,1
13195,3.9167,0.0,0.0188,0.0,-0.0188,0.854912,0.518773,1
13196,3.9333,0.0,0.0226,0.0,-0.0226,0.857167,0.515038,1
13197,3.95,0.0,0.0195,0.0,-0.0195,0.859406,0.511293,1
13198,3.9667,0.0,0.027,0.0,-0.027,0.861629,0.507538,1
13199,3.9833,0.0,0.0249,0.0,-0.0249,0.863836,0.503774,1
13200,4.0,0.0,0.0206,0.0,-0.0206,0.866025,0.5,1
13201,4.0167,0.0,0.0229,0.0,-0.0229,0.868199,0.496217,1
13202,4.0333,0.0,0.0229,0.0,-0.0229,0.870356,0.492424,1
13203,4.05,0.0,0.0199,0.0,-0.0199,0.872496,0.488621,1
13204,4.0667,0.0,0.0256,0.0,-0.0256,0.87462,0.48481,1
13205,4.0833,0.0,0.0223,0.0,-0.0223,0.876727,0.480989,1
13206,4.1,0.0,0.0201,0.0,-0.0201,0.878817,0.477159,1
13207,4.1167,0.0,0.0218,0.0,-0.0218,0.880891,0.47332,1
13208,4.1333,0.0,0.0239,0.0,-0.0239,0.882948,0.469472,1
13209,4.15,0.0,0.0218,0.0,-0.0218,0.884988,0.465615,1
13210,4.1667,0.0,0.023,0.0,-0.023,0.887011,0.461749,1
13211,4.1833,0.0,0.0228,0.0,-0.0228,0.889017,0.457874,1
13212,4.2,0.0,0.0219,0.0,-0.0219,0.891007,0.45399,1
13213,4.2167,0.0,0.0238,0.0,-0.0238,0.892979,0.450098,1
13214,4.2333,0.0,0.0215,0.0,-0.0215,0.894934,0.446198,1
13215,4.25,0.0,0.0235,0.0,-0.0235,0.896873,0.442289,1
13216,4.2667,0.0,0.0193,0.0,-0.0193,0.898794,0.438371,1
13217,4.2833,0.0,0.0238,0.0,-0.0238,0.900698,0.434445,1
13218,4.3,0.0,0.0233,0.0,-0.0233,0.902585,0.430511,1
13219,4.3167,0.0,0.021,0.0,-0.021,0.904455,0.426569,1
13220,4.3333,0.0,0.0168,0.0,-0.0168,0.906308,0.422618,1
13221,4.35,0.0,0.018,0.0,-0.018,0.908143,0.41866,1
13222,4.3667,0.0,0.0202,0.0,-0.0202,0.909961,0.414693,1
13223,4.3833,0.0,0.0217,0.0,-0.0217,0.911762,0.410719,1
13224,4.4,0.0,0.0218,0.0,-0.0218,0.913545,0.406737,1
13225,4.4167,0.0,0.021,0.0,-0.021,0.915311,0.402747,1
13226,4.4333,0.0,0.0202,0.0,-0.0202,0.91706,0.398749,1
13227,4.45,0.0,0.0216,0.0,-0.0216,0.918791,0.394744,1
13228,4.4667,0.0,0.0202,0.0,-0.0202,0.920505,0.390731,1
13229,4.4833,0.0,0.0196,0.0,-0.0196,0.922201,0.386711,1
13230,4.5,0.0,0.0234,0.0,-0.0234,0.92388,0.382683,1
13231,4.5167,0.0,0.0243,0.0,-0.0243,0.925541,0.378649,1
13232,4.5333,0.0,0.0205,0.0,-0.0205,0.927184,0.374607,1
13233,4.55,0.0,0.0208,0.0,-0.0208,0.92881,0.370557,1
13234,4.5667,0.0,0.0219,0.0,-0.0219,0.930418,0.366501,1
13235,4.5833,0.0,0.0195,0.0,-0.0195,0.932008,0.362438,1
13236,4.6,0.0,0.0197,0.0,-0.0197,0.93358,0.358368,1
13237,4.6167,0.0,0.0246,0.0,-0.0246,0.935135,0.354291,1
13238,4.6333,0.0,0.0253,0.0,-0.0253,0.936672,0.350207,1
13239,4.65,0.0,0.0175,0.0,-0.0175,0.938191,0.346117,1
13240,4.6667,0.0,0.0213,0.0,-0.0213,0.939693,0.34202,1
