sim_minute,hour_of_day,solar_output_kw,consumption_kw,battery_level_kwh,net_flow_kw,time_sin,time_cos,is_deficit
0,0.0,0.0,0.0198,4.9802,-0.0198,0.0,1.0,0
1,0.0167,0.0,0.0199,4.9603,-0.0199,0.004363,0.99999,0
2,0.0333,0.0,0.0234,4.9369,-0.0234,0.008727,0.999962,0
3,0.05,0.0,0.0224,4.9145,-0.0224,0.01309,0.999914,0
4,0.0667,0.0,0.0237,4.8908,-0.0237,0.017452,0.999848,0
5,0.0833,0.0,0.0214,4.8694,-0.0214,0.021815,0.999762,0
6,0.1,0.0,0.0194,4.85,-0.0194,0.026177,0.999657,0
7,0.1167,0.0,0.0186,4.8314,-0.0186,0.030539,0.999534,0
8,0.1333,0.0,0.0181,4.8133,-0.0181,0.034899,0.999391,0
9,0.15,0.0,0.0216,4.7917,-0.0216,0.03926,0.999229,0
10,0.1667,0.0,0.0228,4.7689,-0.0228,0.043619,0.999048,0
11,0.1833,0.0,0.0203,4.7486,-0.0203,0.047978,0.998848,0
12,0.2,0.0,0.019,4.7296,-0.019,0.052336,0.99863,0
13,0.2167,0.0,0.0206,4.709,-0.0206,0.056693,0.998392,0
14,0.2333,0.0,0.0195,4.6895,-0.0195,0.061049,0.998135,0
15,0.25,0.0,0.0257,4.6638,-0.0257,0.065403,0.997859,0
16,0.2667,0.0,0.0162,4.6476,-0.0162,0.069756,0.997564,0
17,0.2833,0.0,0.0221,4.6255,-0.0221,0.074108,0.99725,0
18,0.3,0.0,0.0209,4.6046,-0.0209,0.078459,0.996917,0
19,0.3167,0.0,0.0217,4.5829,-0.0217,0.082808,0.996566,0
20,0.3333,0.0,0.0213,4.5616,-0.0213,0.087156,0.996195,0
21,0.35,0.0,0.0207,4.5409,-0.0207,0.091502,0.995805,0
22,0.3667,0.0,0.0208,4.5201,-0.0208,0.095846,0.995396,0
23,0.3833,0.0,0.0211,4.499,-0.0211,0.100188,0.994969,0
24,0.4,0.0,0.0214,4.4776,-0.0214,0.104528,0.994522,0
25,0.4167,0.0,0.0243,4.4533,-0.0243,0.108867,0.994056,0
26,0.4333,0.0,0.0206,4.4327,-0.0206,0.113203,0.993572,0
27,0.45,0.0,0.0159,4.4168,-0.0159,0.117537,0.993068,0
28,0.4667,0.0,0.0227,4.3941,-0.0227,0.121869,0.992546,0
29,0.4833,0.0,0.0208,4.3733,-0.0208,0.126199,0.992005,0
30,0.5,0.0,0.0217,4.3516,-0.0217,0.130526,0.991445,0
31,0.5167,0.0,0.0203,4.3313,-0.0203,0.134851,0.990866,0
32,0.5333,0.0,0.0233,4.308,-0.0233,0.139173,0.990268,0
33,0.55,0.0,0.0244,4.2836,-0.0244,0.143493,0.989651,0
34,0.5667,0.0,0.0235,4.2601,-0.0235,0.147809,0.989016,0
35,0.5833,0.0,0.0206,4.2395,-0.0206,0.152123,0.988362,0
36,0.6,0.0,0.0198,4.2197,-0.0198,0.156434,0.987688,0
37,0.6167,0.0,0.0259,4.1938,-0.0259,0.160743,0.986996,0
38,0.6333,0.0,0.0246,4.1692,-0.0246,0.165048,0.986286,0
39,0.65,0.0,0.0214,4.1478,-0.0214,0.16935,0.985556,0
40,0.6667,0.0,0.0168,4.131,-0.0168,0.173648,0.984808,0
41,0.6833,0.0,0.0179,4.1131,-0.0179,0.177944,0.984041,0
42,0.7,0.0,0.0226,4.0905,-0.0226,0.182236,0.983255,0
43,0.7167,0.0,0.0202,4.0703,-0.0202,0.186524,0.98245,0
44,0.7333,0.0,0.0211,4.0492,-0.0211,0.190809,0.981627,0
45,0.75,0.0,0.0205,4.0287,-0.0205,0.19509,0.980785,0
46,0.7667,0.0,0.0208,4.0079,-0.0208,0.199368,0.979925,0
47,0.7833,0.0,0.018,3.9899,-0.018,0.203642,0.979045,0
48,0.8,0.0,0.0188,3.9711,-0.0188,0.207912,0.978148,0
49,0.8167,0.0,0.0195,3.9516,-0.0195,0.212178,0.977231,0
50,0.8333,0.0,0.0202,3.9314,-0.0202,0.21644,0.976296,0
51,0.85,0.0,0.0228,3.9086,-0.0228,0.220697,0.975342,0
52,0.8667,0.0,0.0243,3.8843,-0.0243,0.224951,0.97437,0
53,0.8833,0.0,0.0227,3.8616,-0.0227,0.2292,0.973379,0
54,0.9,0.0,0.019,3.8426,-0.019,0.233445,0.97237,0
55,0.9167,0.0,0.016,3.8266,-0.016,0.237686,0.971342,0
56,0.9333,0.0,0.0216,3.805,-0.0216,0.241922,0.970296,0
57,0.95,0.0,0.0225,3.7825,-0.0225,0.246153,0.969231,0
58,0.9667,0.0,0.0188,3.7637,-0.0188,0.25038,0.968148,0
59,0.9833,0.0,0.0237,3.74,-0.0237,0.254602,0.967046,0
60,1.0,0.0,0.0234,3.7166,-0.0234,0.258819,0.965926,0
61,1.0167,0.0,0.019,3.6976,-0.019,0.263031,0.964787,0
62,1.0333,0.0,0.0207,3.6769,-0.0207,0.267238,0.96363,0
63,1.05,0.0,0.02,3.6569,-0.02,0.27144,0.962455,0
64,1.0667,0.0,0.0222,3.6347,-0.0222,0.275637,0.961262,0
65,1.0833,0.0,0.0199,3.6148,-0.0199,0.279829,0.96005,0
66,1.1,0.0,0.0176,3.5972,-0.0176,0.284015,0.95882,0
67,1.1167,0.0,0.0239,3.5733,-0.0239,0.288196,0.957571,0
68,1.1333,0.0,0.0227,3.5506,-0.0227,0.292372,0.956305,0
69,1.15,0.0,0.022,3.5286,-0.022,0.296542,0.95502,0
70,1.1667,0.0,0.0207,3.5079,-0.0207,0.300706,0.953717,0
71,1.1833,0.0,0.0196,3.4883,-0.0196,0.304864,0.952396,0
72,1.2,0.0,0.0206,3.4677,-0.0206,0.309017,0.951057,0
73,1.2167,0.0,0.023,3.4447,-0.023,0.313164,0.949699,0
74,1.2333,0.0,0.0205,3.4242,-0.0205,0.317305,0.948324,0
75,1.25,0.0,0.0202,3.404,-0.0202,0.321439,0.94693,0
76,1.2667,0.0,0.0216,3.3824,-0.0216,0.325568,0.945519,0
77,1.2833,0.0,0.0223,3.3601,-0.0223,0.329691,0.944089,0
78,1.3,0.0,0.0234,3.3367,-0.0234,0.333807,0.942641,0
79,1.3167,0.0,0.0212,3.3155,-0.0212,0.337917,0.941176,0
80,1.3333,0.0,0.0193,3.2962,-0.0193,0.34202,0.939693,0
81,1.35,0.0,0.0213,3.2749,-0.0213,0.346117,0.938191,0
82,1.3667,0.0,0.0199,3.255,-0.0199,0.350207,0.936672,0
83,1.3833,0.0,0.0221,3.2329,-0.0221,0.354291,0.935135,0
84,1.4,0.0,0.0226,3.2103,-0.0226,0.358368,0.93358,0
85,1.4167,0.0,0.0181,3.1922,-0.0181,0.362438,0.932008,0
86,1.4333,0.0,0.0186,3.1736,-0.0186,0.366501,0.930418,0
87,1.45,0.0,0.024,3.1496,-0.024,0.370557,0.92881,0
88,1.4667,0.0,0.0173,3.1323,-0.0173,0.374607,0.927184,0
89,1.4833,0.0,0.0186,3.1137,-0.0186,0.378649,0.925541,0
90,1.5,0.0,0.0182,3.0955,-0.0182,0.382683,0.92388,0
91,1.5167,0.0,0.0229,3.0726,-0.0229,0.386711,0.922201,0
92,1.5333,0.0,0.0187,3.0539,-0.0187,0.390731,0.920505,0
93,1.55,0.0,0.0192,3.0347,-0.0192,0.394744,0.918791,0
94,1.5667,0.0,0.0186,3.0161,-0.0186,0.398749,0.91706,0
95,1.5833,0.0,0.0233,2.9928,-0.0233,0.402747,0.915311,0
96,1.6,0.0,0.0213,2.9715,-0.0213,0.406737,0.913545,0
97,1.6167,0.0,0.0205,2.951,-0.0205,0.410719,0.911762,0
98,1.6333,0.0,0.0234,2.9276,-0.0234,0.414693,0.909961,0
99,1.65,0.0,0.0248,2.9028,-0.0248,0.41866,0.908143,0
100,1.6667,0.0,0.0198,2.883,-0.0198,0.422618,0.906308,0
101,1.6833,0.0,0.0218,2.8612,-0.0218,0.426569,0.904455,0
102,1.7,0.0,0.0207,2.8405,-0.0207,0.430511,0.902585,0
103,1.7167,0.0,0.0216,2.8189,-0.0216,0.434445,0.900698,0
104,1.7333,0.0,0.0225,2.7964,-0.0225,0.438371,0.898794,0
105,1.75,0.0,0.0194,2.777,-0.0194,0.442289,0.896873,0
106,1.7667,0.0,0.0252,2.7518,-0.0252,0.446198,0.894934,0
107,1.7833,0.0,0.0229,2.7289,-0.0229,0.450098,0.892979,0
108,1.8,0.0,0.0215,2.7074,-0.0215,0.45399,0.891007,0
109,1.8167,0.0,0.0217,2.6857,-0.0217,0.457874,0.889017,0
110,1.8333,0.0,0.0207,2.665,-0.0207,0.461749,0.887011,0
111,1.85,0.0,0.0235,2.6415,-0.0235,0.465615,0.884988,0
112,1.8667,0.0,0.0204,2.6211,-0.0204,0.469472,0.882948,0
113,1.8833,0.0,0.0196,2.6015,-0.0196,0.47332,0.880891,0
114,1.9,0.0,0.0192,2.5823,-0.0192,0.477159,0.878817,0
115,1.9167,0.0,0.0215,2.5608,-0.0215,0.480989,0.876727,0
116,1.9333,0.0,0.0172,2.5436,-0.0172,0.48481,0.87462,0
117,1.95,0.0,0.0221,2.5215,-0.0221,0.488621,0.872496,0
118,1.9667,0.0,0.02,2.5015,-0.02,0.492424,0.870356,0
119,1.9833,0.0,0.021,2.4805,-0.021,0.496217,0.868199,0
120,2.0,0.0,0.0209,2.4596,-0.0209,0.5,0.866025,0
121,2.0167,0.0,0.0187,2.4409,-0.0187,0.503774,0.863836,0
122,2.0333,0.0,0.0183,2.4226,-0.0183,0.507538,0.861629,0
123,2.05,0.0,0.0223,2.4003,-0.0223,0.511293,0.859406,0
124,2.0667,0.0,0.0181,2.3822,-0.0181,0.515038,0.857167,0
125,2.0833,0.0,0.0232,2.359,-0.0232,0.518773,0.854912,0
126,2.1,0.0,0.0238,2.3352,-0.0238,0.522499,0.85264,0
127,2.1167,0.0,0.0226,2.3126,-0.0226,0.526214,0.850352,0
128,2.1333,0.0,0.0193,2.2933,-0.0193,0.529919,0.848048,0
129,2.15,0.0,0.0221,2.2712,-0.0221,0.533615,0.845728,0
130,2.1667,0.0,0.0203,2.2509,-0.0203,0.5373,0.843391,0
131,2.1833,0.0,0.022,2.2289,-0.022,0.540974,0.841039,0
132,2.2,0.0,0.0217,2.2072,-0.0217,0.544639,0.838671,0
133,2.2167,0.0,0.0205,2.1867,-0.0205,0.548293,0.836286,0
134,2.2333,0.0,0.0195,2.1672,-0.0195,0.551937,0.833886,0
135,2.25,0.0,0.0199,2.1473,-0.0199,0.55557,0.83147,0
136,2.2667,0.0,0.0197,2.1276,-0.0197,0.559193,0.829038,0
137,2.2833,0.0,0.0209,2.1067,-0.0209,0.562805,0.82659,0
138,2.3,0.0,0.0202,2.0865,-0.0202,0.566406,0.824126,0
139,2.3167,0.0,0.0215,2.065,-0.0215,0.569997,0.821647,0
140,2.3333,0.0,0.0206,2.0444,-0.0206,0.573576,0.819152,0
141,2.35,0.0,0.0211,2.0233,-0.0211,0.577145,0.816642,0
142,2.3667,0.0,0.0206,2.0027,-0.0206,0.580703,0.814116,0
143,2.3833,0.0,0.0156,1.9871,-0.0156,0.58425,0.811574,0
144,2.4,0.0,0.021,1.9661,-0.021,0.587785,0.809017,0
145,2.4167,0.0,0.0234,1.9427,-0.0234,0.59131,0.806445,0
146,2.4333,0.0,0.0214,1.9213,-0.0214,0.594823,0.803857,0
147,2.45,0.0,0.0228,1.8985,-0.0228,0.598325,0.801254,0
148,2.4667,0.0,0.0213,1.8772,-0.0213,0.601815,0.798636,0
149,2.4833,0.0,0.0179,1.8593,-0.0179,0.605294,0.796002,0
150,2.5,0.0,0.0236,1.8357,-0.0236,0.608761,0.793353,0
151,2.5167,0.0,0.0185,1.8172,-0.0185,0.612217,0.79069,0
152,2.5333,0.0,0.0206,1.7966,-0.0206,0.615661,0.788011,0
153,2.55,0.0,0.0179,1.7787,-0.0179,0.619094,0.785317,0
154,2.5667,0.0,0.0218,1.7569,-0.0218,0.622515,0.782608,0
155,2.5833,0.0,0.0196,1.7373,-0.0196,0.625923,0.779884,0
156,2.6,0.0,0.0186,1.7187,-0.0186,0.62932,0.777146,0
157,2.6167,0.0,0.0184,1.7003,-0.0184,0.632705,0.774393,0
158,2.6333,0.0,0.02,1.6803,-0.02,0.636078,0.771625,0
159,2.65,0.0,0.022,1.6583,-0.022,0.639439,0.768842,0
160,2.6667,0.0,0.0196,1.6387,-0.0196,0.642788,0.766044,0
161,2.6833,0.0,0.0239,1.6148,-0.0239,0.646124,0.763232,0
162,2.7,0.0,0.018,1.5968,-0.018,0.649448,0.760406,0
163,2.7167,0.0,0.0155,1.5813,-0.0155,0.65276,0.757565,0
164,2.7333,0.0,0.0192,1.5621,-0.0192,0.656059,0.75471,0
165,2.75,0.0,0.0205,1.5416,-0.0205,0.659346,0.75184,0
166,2.7667,0.0,0.0212,1.5204,-0.0212,0.66262,0.748956,0
167,2.7833,0.0,0.02,1.5004,-0.02,0.665882,0.746057,0
168,2.8,0.0,0.0203,1.4801,-0.0203,0.669131,0.743145,0
169,2.8167,0.0,0.0207,1.4594,-0.0207,0.672367,0.740218,0
170,2.8333,0.0,0.0201,1.4393,-0.0201,0.67559,0.737277,0
171,2.85,0.0,0.0199,1.4194,-0.0199,0.678801,0.734323,0
172,2.8667,0.0,0.0164,1.403,-0.0164,0.681998,0.731354,0
173,2.8833,0.0,0.0192,1.3838,-0.0192,0.685183,0.728371,0
174,2.9,0.0,0.0192,1.3646,-0.0192,0.688355,0.725374,0
175,2.9167,0.0,0.0179,1.3467,-0.0179,0.691513,0.722364,0
176,2.9333,0.0,0.0221,1.3246,-0.0221,0.694658,0.71934,0
177,2.95,0.0,0.0145,1.3101,-0.0145,0.69779,0.716302,0
178,2.9667,0.0,0.0192,1.2909,-0.0192,0.700909,0.71325,0
179,2.9833,0.0,0.0229,1.268,-0.0229,0.704015,0.710185,0
180,3.0,0.0,0.0194,1.2486,-0.0194,0.707107,0.707107,0
181,3.0167,0.0,0.0223,1.2263,-0.0223,0.710185,0.704015,0
182,3.0333,0.0,0.0204,1.2059,-0.0204,0.71325,0.700909,0
183,3.05,0.0,0.0188,1.1871,-0.0188,0.716302,0.69779,0
184,3.0667,0.0,0.021,1.1661,-0.021,0.71934,0.694658,0
185,3.0833,0.0,0.0214,1.1447,-0.0214,0.722364,0.691513,0
186,3.1,0.0,0.0234,1.1213,-0.0234,0.725374,0.688355,0
187,3.1167,0.0,0.0206,1.1007,-0.0206,0.728371,0.685183,0
188,3.1333,0.0,0.0194,1.0813,-0.0194,0.731354,0.681998,0
189,3.15,0.0,0.0194,1.0619,-0.0194,0.734323,0.678801,0
190,3.1667,0.0,0.02,1.0419,-0.02,0.737277,0.67559,0
191,3.1833,0.0,0.0187,1.0232,-0.0187,0.740218,0.672367,0
192,3.2,0.0,0.0224,1.0008,-0.0224,0.743145,0.669131,0
193,3.2167,0.0,0.0228,0.978,-0.0228,0.746057,0.665882,0
194,3.2333,0.0,0.0206,0.9574,-0.0206,0.748956,0.66262,0
195,3.25,0.0,0.0167,0.9407,-0.0167,0.75184,0.659346,0
196,3.2667,0.0,0.0211,0.9196,-0.0211,0.75471,0.656059,0
197,3.2833,0.0,0.017,0.9026,-0.017,0.757565,0.65276,0
198,3.3,0.0,0.0163,0.8863,-0.0163,0.760406,0.649448,0
199,3.3167,0.0,0.0235,0.8628,-0.0235,0.763232,0.646124,0
200,3.3333,0.0,0.0244,0.8384,-0.0244,0.766044,0.642788,0
201,3.35,0.0,0.0223,0.8161,-0.0223,0.768842,0.639439,0
202,3.3667,0.0,0.0192,0.7969,-0.0192,0.771625,0.636078,0
203,3.3833,0.0,0.0243,0.7726,-0.0243,0.774393,0.632705,0
204,3.4,0.0,0.0202,0.7524,-0.0202,0.777146,0.62932,0
205,3.4167,0.0,0.021,0.7314,-0.021,0.779884,0.625923,0
206,3.4333,0.0,0.0205,0.7109,-0.0205,0.782608,0.622515,0
207,3.45,0.0,0.0194,0.6915,-0.0194,0.785317,0.619094,0
208,3.4667,0.0,0.021,0.6705,-0.021,0.788011,0.615661,0
209,3.4833,0.0,0.0222,0.6483,-0.0222,0.79069,0.612217,0
210,3.5,0.0,0.0192,0.6291,-0.0192,0.793353,0.608761,0
211,3.5167,0.0,0.0188,0.6103,-0.0188,0.796002,0.605294,0
212,3.5333,0.0,0.0236,0.5867,-0.0236,0.798636,0.601815,0
213,3.55,0.0,0.0236,0.5631,-0.0236,0.801254,0.598325,0
214,3.5667,0.0,0.0211,0.542,-0.0211,0.803857,0.594823,0
215,3.5833,0.0,0.0223,0.5197,-0.0223,0.806445,0.59131,0
216,3.6,0.0,0.0206,0.4991,-0.0206,0.809017,0.587785,0
217,3.6167,0.0,0.0236,0.4755,-0.0236,0.811574,0.58425,0
218,3.6333,0.0,0.0198,0.4557,-0.0198,0.814116,0.580703,0
219,3.65,0.0,0.0177,0.438,-0.0177,0.816642,0.577145,0
220,3.6667,0.0,0.0178,0.4202,-0.0178,0.819152,0.573576,0
221,3.6833,0.0,0.0206,0.3996,-0.0206,0.821647,0.569997,0
222,3.7,0.0,0.0202,0.3794,-0.0202,0.824126,0.566406,0
223,3.7167,0.0,0.0199,0.3595,-0.0199,0.82659,0.562805,0
224,3.7333,0.0,0.0175,0.342,-0.0175,0.829038,0.559193,0
225,3.75,0.0,0.0168,0.3252,-0.0168,0.83147,0.55557,0
226,3.7667,0.0,0.0183,0.3069,-0.0183,0.833886,0.551937,0
227,3.7833,0.0,0.0186,0.2883,-0.0186,0.836286,0.548293,0
228,3.8,0.0,0.0186,0.2697,-0.0186,0.838671,0.544639,0
229,3.8167,0.0,0.0208,0.2489,-0.0208,0.841039,0.540974,0
230,3.8333,0.0,0.0212,0.2277,-0.0212,0.843391,0.5373,0
231,3.85,0.0,0.0162,0.2115,-0.0162,0.845728,0.533615,0
232,3.8667,0.0,0.0223,0.1892,-0.0223,0.848048,0.529919,0
233,3.8833,0.0,0.0194,0.1698,-0.0194,0.850352,0.526214,0
234,3.9,0.0,0.0233,0.1465,-0.0233,0.85264,0.522499,0
235,3.9167,0.0,0.0213,0.1252,-0.0213,0.854912,0.518773,0
236,3.9333,0.0,0.0206,0.1046,-0.0206,0.857167,0.515038,0
237,3.95,0.0,0.0227,0.0819,-0.0227,0.859406,0.511293,0
238,3.9667,0.0,0.0214,0.0605,-0.0214,0.861629,0.507538,0
239,3.9833,0.0,0.0171,0.0434,-0.0171,0.863836,0.503774,0
240,4.0,0.0,0.0229,0.0205,-0.0229,0.866025,0.5,0
241,4.0167,0.0,0.0218,0.0,-0.0218,0.868199,0.496217,1
242,4.0333,0.0,0.02,0.0,-0.02,0.870356,0.492424,1
243,4.05,0.0,0.0206,0.0,-0.0206,0.872496,0.488621,1
244,4.0667,0.0,0.0216,0.0,-0.0216,0.87462,0.48481,1
245,4.0833,0.0,0.0187,0.0,-0.0187,0.876727,0.480989,1
246,4.1,0.0,0.022,0.0,-0.022,0.878817,0.477159,1
247,4.1167,0.0,0.0215,0.0,-0.0215,0.880891,0.47332,1
248,4.1333,0.0,0.018,0.0,-0.018,0.882948,0.469472,1
249,4.15,0.0,0.0178,0.0,-0.0178,0.884988,0.465615,1
250,4.1667,0.0,0.0217,0.0,-0.0217,0.887011,0.461749,1
251,4.1833,0.0,0.0221,0.0,-0.0221,0.889017,0.457874,1
252,4.2,0.0,0.0155,0.0,-0.0155,0.891007,0.45399,1
253,4.2167,0.0,0.021,0.0,-0.021,0.892979,0.450098,1
254,4.2333,0.0,0.0203,0.0,-0.0203,0.894934,0.446198,1
255,4.25,0.0,0.0219,0.0,-0.0219,0.896873,0.442289,1
256,4.2667,0.0,0.0221,0.0,-0.0221,0.898794,0.438371,1
257,4.2833,0.0,0.0213,0.0,-0.0213,0.900698,0.434445,1
258,4.3,0.0,0.023,0.0,-0.023,0.902585,0.430511,1
259,4.3167,0.0,0.0211,0.0,-0.0211,0.904455,0.426569,1
260,4.3333,0.0,0.0206,0.0,-0.0206,0.906308,0.422618,1
261,4.35,0.0,0.0197,0.0,-0.0197,0.908143,0.41866,1
262,4.3667,0.0,0.0207,0.0,-0.0207,0.909961,0.414693,1
263,4.3833,0.0,0.0205,0.0,-0.0205,0.911762,0.410719,1
264,4.4,0.0,0.018,0.0,-0.018,0.913545,0.406737,1
265,4.4167,0.0,0.0196,0.0,-0.0196,0.915311,0.402747,1
266,4.4333,0.0,0.019,0.0,-0.019,0.91706,0.398749,1
267,4.45,0.0,0.0212,0.0,-0.0212,0.918791,0.394744,1
268,4.4667,0.0,0.0184,0.0,-0.0184,0.920505,0.390731,1
269,4.4833,0.0,0.0205,0.0,-0.0205,0.922201,0.386711,1
270,4.5,0.0,0.0227,0.0,-0.0227,0.92388,0.382683,1
271,4.5167,0.0,0.0199,0.0,-0.0199,0.925541,0.378649,1
272,4.5333,0.0,0.021,0.0,-0.021,0.927184,0.374607,1
273,4.55,0.0,0.0172,0.0,-0.0172,0.92881,0.370557,1
274,4.5667,0.0,0.0188,0.0,-0.0188,0.930418,0.366501,1
275,4.5833,0.0,0.0188,0.0,-0.0188,0.932008,0.362438,1
276,4.6,0.0,0.019,0.0,-0.019,0.93358,0.358368,1
277,4.6167,0.0,0.0197,0.0,-0.0197,0.935135,0.354291,1
278,4.6333,0.0,0.0174,0.0,-0.0174,0.936672,0.350207,1
279,4.65,0.0,0.0178,0.0,-0.0178,0.938191,0.346117,1
280,4.6667,0.0,0.0213,0.0,-0.0213,0.939693,0.34202,1
281,4.6833,0.0,0.021,0.0,-0.021,0.941176,0.337917,1
282,4.7,0.0,0.0196,0.0,-0.0196,0.942641,0.333807,1
283,4.7167,0.0,0.0168,0.0,-0.0168,0.944089,0.329691,1
284,4.7333,0.0,0.0214,0.0,-0.0214,0.945519,0.325568,1
285,4.75,0.0,0.0227,0.0,-0.0227,0.94693,0.321439,1
286,4.7667,0.0,0.0212,0.0,-0.0212,0.948324,0.317305,1
287,4.7833,0.0,0.0209,0.0,-0.0209,0.949699,0.313164,1
288,4.8,0.0,0.022,0.0,-0.022,0.951057,0.309017,1
289,4.8167,0.0,0.0199,0.0,-0.0199,0.952396,0.304864,1
290,4.8333,0.0,0.0222,0.0,-0.0222,0.953717,0.300706,1
291,4.85,0.0,0.0207,0.0,-0.0207,0.95502,0.296542,1
292,4.8667,0.0,0.0187,0.0,-0.0187,0.956305,0.292372,1
293,4.8833,0.0,0.0184,0.0,-0.0184,0.957571,0.288196,1
294,4.9,0.0,0.0221,0.0,-0.0221,0.95882,0.284015,1
295,4.9167,0.0,0.0182,0.0,-0.0182,0.96005,0.279829,1
296,4.9333,0.0,0.0193,0.0,-0.0193,0.961262,0.275637,1
297,4.95,0.0,0.0176,0.0,-0.0176,0.962455,0.27144,1
298,4.9667,0.0,0.0182,0.0,-0.0182,0.96363,0.267238,1
299,4.9833,0.0,0.0182,0.0,-0.0182,0.964787,0.263031,1
300,5.0,0.0,0.0175,0.0,-0.0175,0.965926,0.258819,1
301,5.0167,0.0,0.0197,0.0,-0.0197,0.967046,0.254602,1
302,5.0333,0.0,0.018,0.0,-0.018,0.968148,0.25038,1
303,5.05,0.0,0.0223,0.0,-0.0223,0.969231,0.246153,1
304,5.0667,0.0,0.017,0.0,-0.017,0.970296,0.241922,1
305,5.0833,0.0,0.0209,0.0,-0.0209,0.971342,0.237686,1
306,5.1,0.0,0.0177,0.0,-0.0177,0.97237,0.233445,1
307,5.1167,0.0,0.0219,0.0,-0.0219,0.973379,0.2292,1
308,5.1333,0.0,0.0248,0.0,-0.0248,0.97437,0.224951,1
309,5.15,0.0,0.0166,0.0,-0.0166,0.975342,0.220697,1
310,5.1667,0.0,0.0224,0.0,-0.0224,0.976296,0.21644,1
311,5.1833,0.0,0.0179,0.0,-0.0179,0.977231,0.212178,1
312,5.2,0.0,0.0211,0.0,-0.0211,0.978148,0.207912,1
313,5.2167,0.0,0.0193,0.0,-0.0193,0.979045,0.203642,1
314,5.2333,0.0,0.0201,0.0,-0.0201,0.979925,0.199368,1
315,5.25,0.0,0.0195,0.0,-0.0195,0.980785,0.19509,1
316,5.2667,0.0,0.0216,0.0,-0.0216,0.981627,0.190809,1
317,5.2833,0.0,0.0178,0.0,-0.0178,0.98245,0.186524,1
318,5.3,0.0,0.021,0.0,-0.021,0.983255,0.182236,1
319,5.3167,0.0,0.0222,0.0,-0.0222,0.984041,0.177944,1
320,5.3333,0.0,0.0206,0.0,-0.0206,0.984808,0.173648,1
321,5.35,0.0,0.0186,0.0,-0.0186,0.985556,0.16935,1
322,5.3667,0.0,0.0222,0.0,-0.0222,0.986286,0.165048,1
323,5.3833,0.0,0.0175,0.0,-0.0175,0.986996,0.160743,1
324,5.4,0.0,0.0196,0.0,-0.0196,0.987688,0.156434,1
325,5.4167,0.0,0.0194,0.0,-0.0194,0.988362,0.152123,1
326,5.4333,0.0,0.0187,0.0,-0.0187,0.989016,0.147809,1
327,5.45,0.0,0.0212,0.0,-0.0212,0.989651,0.143493,1
328,5.4667,0.0,0.0229,0.0,-0.0229,0.990268,0.139173,1
329,5.4833,0.0,0.0227,0.0,-0.0227,0.990866,0.134851,1
330,5.5,0.0,0.0182,0.0,-0.0182,0.991445,0.130526,1
331,5.5167,0.0,0.0217,0.0,-0.0217,0.992005,0.126199,1
332,5.5333,0.0,0.0229,0.0,-0.0229,0.992546,0.121869,1
333,5.55,0.0,0.0198,0.0,-0.0198,0.993068,0.117537,1
334,5.5667,0.0,0.0192,0.0,-0.0192,0.993572,0.113203,1
335,5.5833,0.0,0.0208,0.0,-0.0208,0.994056,0.108867,1
336,5.6,0.0,0.02,0.0,-0.02,0.994522,0.104528,1
337,5.6167,0.0,0.0168,0.0,-0.0168,0.994969,0.100188,1
338,5.6333,0.0,0.0192,0.0,-0.0192,0.995396,0.095846,1
339,5.65,0.0,0.0194,0.0,-0.0194,0.995805,0.091502,1
340,5.6667,0.0,0.0168,0.0,-0.0168,0.996195,0.087156,1
341,5.6833,0.0,0.0184,0.0,-0.0184,0.996566,0.082808,1
342,5.7,0.0,0.0206,0.0,-0.0206,0.996917,0.078459,1
343,5.7167,0.0,0.0205,0.0,-0.0205,0.99725,0.074108,1
344,5.7333,0.0,0.0173,0.0,-0.0173,0.997564,0.069756,1
345,5.75,0.0,0.0208,0.0,-0.0208,0.997859,0.065403,1
346,5.7667,0.0,0.0179,0.0,-0.0179,0.998135,0.061049,1
347,5.7833,0.0,0.0154,0.0,-0.0154,0.998392,0.056693,1
348,5.8,0.0,0.0189,0.0,-0.0189,0.99863,0.052336,1
349,5.8167,0.0,0.0196,0.0,-0.0196,0.998848,0.047978,1
350,5.8333,0.0,0.0188,0.0,-0.0188,0.999048,0.043619,1
351,5.85,0.0,0.0195,0.0,-0.0195,0.999229,0.03926,1
352,5.8667,0.0,0.019,0.0,-0.019,0.999391,0.034899,1
353,5.8833,0.0,0.021,0.0,-0.021,0.999534,0.030539,1
354,5.9,0.0,0.0213,0.0,-0.0213,0.999657,0.026177,1
355,5.9167,0.0,0.0207,0.0,-0.0207,0.999762,0.021815,1
356,5.9333,0.0,0.0191,0.0,-0.0191,0.999848,0.017452,1
357,5.95,0.0,0.0207,0.0,-0.0207,0.999914,0.01309,1
358,5.9667,0.0,0.0222,0.0,-0.0222,0.999962,0.008727,1
359,5.9833,0.0,0.0215,0.0,-0.0215,0.99999,0.004363,1
360,6.0,0.0,0.0384,0.0,-0.0384,1.0,0.0,1
361,6.0167,0.002133,0.0349,0.0,-0.032767,0.99999,-0.004363,1
362,6.0333,0.001567,0.0386,0.0,-0.037033,0.999962,-0.008727,1
363,6.05,0.000267,0.0394,0.0,-0.039133,0.999914,-0.01309,1
364,6.0667,0.006933,0.0365,0.0,-0.029567,0.999848,-0.017452,1
365,6.0833,0.001667,0.04,0.0,-0.038333,0.999762,-0.021815,1
366,6.1,6.7e-05,0.0321,0.0,-0.032033,0.999657,-0.026177,1
367,6.1167,0.005683,0.0372,0.0,-0.031517,0.999534,-0.030539,1
368,6.1333,0.00905,0.0343,0.0,-0.02525,0.999391,-0.034899,1
369,6.15,0.006517,0.0369,0.0,-0.030383,0.999229,-0.03926,1
370,6.1667,0.0065,0.0378,0.0,-0.0313,0.999048,-0.043619,1
371,6.1833,0.014167,0.0373,0.0,-0.023133,0.998848,-0.047978,1
372,6.2,0.0113,0.0344,0.0,-0.0231,0.99863,-0.052336,1
373,6.2167,0.012367,0.0368,0.0,-0.024433,0.998392,-0.056693,1
374,6.2333,0.0154,0.035,0.0,-0.0196,0.998135,-0.061049,1
375,6.25,0.0138,0.0392,0.0,-0.0254,0.997859,-0.065403,1
376,6.2667,0.010933,0.0379,0.0,-0.026967,0.997564,-0.069756,1
377,6.2833,0.013533,0.0383,0.0,-0.024767,0.99725,-0.074108,1
378,6.3,0.011283,0.0393,0.0,-0.028017,0.996917,-0.078459,1
379,6.3167,0.016,0.0388,0.0,-0.0228,0.996566,-0.082808,1
380,6.3333,0.019133,0.034,0.0,-0.014867,0.996195,-0.087156,1
381,6.35,0.014033,0.0366,0.0,-0.022567,0.995805,-0.091502,1
382,6.3667,0.020583,0.0381,0.0,-0.017517,0.995396,-0.095846,1
383,6.3833,0.0193,0.0369,0.0,-0.0176,0.994969,-0.100188,1
384,6.4,0.020367,0.0409,0.0,-0.020533,0.994522,-0.104528,1
385,6.4167,0.020983,0.038,0.0,-0.017017,0.994056,-0.108867,1
386,6.4333,0.019067,0.0366,0.0,-0.017533,0.993572,-0.113203,1
387,6.45,0.0241,0.038,0.0,-0.0139,0.993068,-0.117537,1
388,6.4667,0.0211,0.0355,0.0,-0.0144,0.992546,-0.121869,1
389,6.4833,0.024533,0.0968,0.0,-0.072267,0.992005,-0.126199,1
390,6.5,0.028733,0.0955,0.0,-0.066767,0.991445,-0.130526,1
391,6.5167,0.027467,0.098,0.0,-0.070533,0.990866,-0.134851,1
392,6.5333,0.031583,0.0926,0.0,-0.061017,0.990268,-0.139173,1
393,6.55,0.02685,0.0949,0.0,-0.06805,0.989651,-0.143493,1
394,6.5667,0.0265,0.0915,0.0,-0.065,0.989016,-0.147809,1
395,6.5833,0.03205,0.0927,0.0,-0.06065,0.988362,-0.152123,1
396,6.6,0.028833,0.0923,0.0,-0.063467,0.987688,-0.156434,1
397,6.6167,0.034067,0.0929,0.0,-0.058833,0.986996,-0.160743,1
398,6.6333,0.030933,0.0901,0.0,-0.059167,0.986286,-0.165048,1
399,6.65,0.03585,0.096,0.0,-0.06015,0.985556,-0.16935,1
400,6.6667,0.0326,0.0951,0.0,-0.0625,0.984808,-0.173648,1
401,6.6833,0.037567,0.0939,0.0,-0.056333,0.984041,-0.177944,1
402,6.7,0.037533,0.0946,0.0,-0.057067,0.983255,-0.182236,1
403,6.7167,0.03215,0.095,0.0,-0.06285,0.98245,-0.186524,1
404,6.7333,0.03485,0.0941,0.0,-0.05925,0.981627,-0.190809,1
405,6.75,0.03845,0.0953,0.0,-0.05685,0.980785,-0.19509,1
406,6.7667,0.04055,0.0926,0.0,-0.05205,0.979925,-0.199368,1
407,6.7833,0.037783,0.0954,0.0,-0.057617,0.979045,-0.203642,1
408,6.8,0.044117,0.0909,0.0,-0.046783,0.978148,-0.207912,1
409,6.8167,0.041383,0.0933,0.0,-0.051917,0.977231,-0.212178,1
410,6.8333,0.047417,0.0922,0.0,-0.044783,0.976296,-0.21644,1
411,6.85,0.045817,0.0367,0.0091,0.009117,0.975342,-0.220697,0
412,6.8667,0.04495,0.0365,0.0176,0.00845,0.97437,-0.224951,0
413,6.8833,0.043983,0.0392,0.0224,0.004783,0.973379,-0.2292,0
414,6.9,0.0451,0.0385,0.029,0.0066,0.97237,-0.233445,0
415,6.9167,0.047867,0.041,0.0359,0.006867,0.971342,-0.237686,0
416,6.9333,0.0494,0.0341,0.0512,0.0153,0.970296,-0.241922,0
417,6.95,0.052717,0.0372,0.0667,0.015517,0.969231,-0.246153,0
418,6.9667,0.04955,0.04,0.0762,0.00955,0.968148,-0.25038,0
419,6.9833,0.054583,0.0383,0.0925,0.016283,0.967046,-0.254602,0
420,7.0,0.053633,0.0688,0.0773,-0.015167,0.965926,-0.258819,0
421,7.0167,0.049517,0.0659,0.0609,-0.016383,0.964787,-0.263031,0
422,7.0333,0.0559,0.0654,0.0514,-0.0095,0.96363,-0.267238,0
423,7.05,0.059117,0.0706,0.0399,-0.011483,0.962455,-0.27144,0
424,7.0667,0.052317,0.0673,0.0249,-0.014983,0.961262,-0.275637,0
425,7.0833,0.057017,0.0668,0.0151,-0.009783,0.96005,-0.279829,0
426,7.1,0.05885,0.0667,0.0073,-0.00785,0.95882,-0.284015,0
427,7.1167,0.058667,0.0694,0.0,-0.010733,0.957571,-0.288196,1
428,7.1333,0.055667,0.0689,0.0,-0.013233,0.956305,-0.292372,1
429,7.15,0.058933,0.0695,0.0,-0.010567,0.95502,-0.296542,1
430,7.1667,0.06185,0.069,0.0,-0.00715,0.953717,-0.300706,1
431,7.1833,0.061833,0.0678,0.0,-0.005967,0.952396,-0.304864,1
432,7.2,0.0623,0.0709,0.0,-0.0086,0.951057,-0.309017,1
433,7.2167,0.060567,0.069,0.0,-0.008433,0.949699,-0.313164,1
434,7.2333,0.0655,0.0687,0.0,-0.0032,0.948324,-0.317305,1
435,7.25,0.06665,0.0702,0.0,-0.00355,0.94693,-0.321439,1
436,7.2667,0.063567,0.0676,0.0,-0.004033,0.945519,-0.325568,1
437,7.2833,0.06365,0.0645,0.0,-0.00085,0.944089,-0.329691,1
438,7.3,0.0638,0.0718,0.0,-0.008,0.942641,-0.333807,1
439,7.3167,0.063667,0.0683,0.0,-0.004633,0.941176,-0.337917,1
440,7.3333,0.070767,0.0691,0.0017,0.001667,0.939693,-0.34202,0
441,7.35,0.0695,0.0675,0.0037,0.002,0.938191,-0.346117,0
442,7.3667,0.070267,0.0686,0.0054,0.001667,0.936672,-0.350207,0
443,7.3833,0.07015,0.0673,0.0083,0.00285,0.935135,-0.354291,0
444,7.4,0.069517,0.0628,0.015,0.006717,0.93358,-0.358368,0
445,7.4167,0.069767,0.0703,0.0145,-0.000533,0.932008,-0.362438,0
446,7.4333,0.069767,0.0654,0.0189,0.004367,0.930418,-0.366501,0
447,7.45,0.07045,0.0691,0.0203,0.00135,0.92881,-0.370557,0
448,7.4667,0.0735,0.0693,0.0245,0.0042,0.927184,-0.374607,0
449,7.4833,0.0751,0.0658,0.0338,0.0093,0.925541,-0.378649,0
450,7.5,0.07905,0.0667,0.0461,0.01235,0.92388,-0.382683,0
451,7.5167,0.077367,0.07,0.0535,0.007367,0.922201,-0.386711,0
452,7.5333,0.078567,0.0687,0.0634,0.009867,0.920505,-0.390731,0
453,7.55,0.07855,0.0676,0.0743,0.01095,0.918791,-0.394744,0
454,7.5667,0.08285,0.0655,0.0917,0.01735,0.91706,-0.398749,0
455,7.5833,0.077333,0.0669,0.1021,0.010433,0.915311,-0.402747,0
456,7.6,0.082967,0.0621,0.123,0.020867,0.913545,-0.406737,0
457,7.6167,0.075583,0.0657,0.1329,0.009883,0.911762,-0.410719,0
458,7.6333,0.083033,0.0711,0.1448,0.011933,0.909961,-0.414693,0
459,7.65,0.082067,0.0692,0.1577,0.012867,0.908143,-0.41866,0
460,7.6667,0.082183,0.0688,0.1711,0.013383,0.906308,-0.422618,0
461,7.6833,0.087317,0.0674,0.191,0.019917,0.904455,-0.426569,0
462,7.7,0.085767,0.0681,0.2087,0.017667,0.902585,-0.430511,0
463,7.7167,0.0855,0.0693,0.2249,0.0162,0.900698,-0.434445,0
464,7.7333,0.088017,0.0665,0.2464,0.021517,0.898794,-0.438371,0
465,7.75,0.09245,0.0702,0.2686,0.02225,0.896873,-0.442289,0
466,7.7667,0.088667,0.0666,0.2907,0.022067,0.894934,-0.446198,0
467,7.7833,0.090817,0.0686,0.3129,0.022217,0.892979,-0.450098,0
468,7.8,0.09075,0.0701,0.3336,0.02065,0.891007,-0.45399,0
469,7.8167,0.086933,0.0712,0.3493,0.015733,0.889017,-0.457874,0
470,7.8333,0.09495,0.0672,0.3771,0.02775,0.887011,-0.461749,0
471,7.85,0.089983,0.0669,0.4002,0.023083,0.884988,-0.465615,0
472,7.8667,0.095633,0.0728,0.423,0.022833,0.882948,-0.469472,0
473,7.8833,0.091233,0.0673,0.4469,0.023933,0.880891,-0.47332,0
474,7.9,0.0938,0.066,0.4747,0.0278,0.878817,-0.477159,0
475,7.9167,0.096133,0.0676,0.5032,0.028533,0.876727,-0.480989,0
476,7.9333,0.095283,0.0688,0.5297,0.026483,0.87462,-0.48481,0
477,7.95,0.098183,0.067,0.5609,0.031183,0.872496,-0.488621,0
478,7.9667,0.096017,0.0676,0.5893,0.028417,0.870356,-0.492424,0
479,7.9833,0.101133,0.0684,0.622,0.032733,0.868199,-0.496217,0
480,8.0,0.100717,0.0674,0.6553,0.033317,0.866025,-0.5,0
481,8.0167,0.1017,0.0677,0.6893,0.034,0.863836,-0.503774,0
482,8.0333,0.099717,0.0679,0.7211,0.031817,0.861629,-0.507538,0
483,8.05,0.09965,0.0633,0.7574,0.03635,0.859406,-0.511293,0
484,8.0667,0.104983,0.0636,0.7988,0.041383,0.857167,-0.515038,0
485,8.0833,0.103,0.0634,0.8384,0.0396,0.854912,-0.518773,0
486,8.1,0.1016,0.0698,0.8702,0.0318,0.85264,-0.522499,0
487,8.1167,0.10525,0.0662,0.9092,0.03905,0.850352,-0.526214,0
488,8.1333,0.103983,0.0706,0.9426,0.033383,0.848048,-0.529919,0
489,8.15,0.1076,0.0679,0.9823,0.0397,0.845728,-0.533615,0
490,8.1667,0.106267,0.0678,1.0208,0.038467,0.843391,-0.5373,0
491,8.1833,0.107933,0.068,1.0607,0.039933,0.841039,-0.540974,0
492,8.2,0.1052,0.0682,1.0977,0.037,0.838671,-0.544639,0
493,8.2167,0.1085,0.0693,1.1369,0.0392,0.836286,-0.548293,0
494,8.2333,0.113117,0.0665,1.1835,0.046617,0.833886,-0.551937,0
495,8.25,0.110983,0.0684,1.2261,0.042583,0.83147,-0.55557,0
496,8.2667,0.112917,0.0663,1.2727,0.046617,0.829038,-0.559193,0
497,8.2833,0.112867,0.0696,1.316,0.043267,0.82659,-0.562805,0
498,8.3,0.11245,0.0677,1.3607,0.04475,0.824126,-0.566406,0
499,8.3167,0.114533,0.0693,1.4059,0.045233,0.821647,-0.569997,0
500,8.3333,0.113683,0.0681,1.4515,0.045583,0.819152,-0.573576,0
501,8.35,0.1112,0.0652,1.4975,0.046,0.816642,-0.577145,0
502,8.3667,0.117517,0.0635,1.5515,0.054017,0.814116,-0.580703,0
503,8.3833,0.11335,0.067,1.5979,0.04635,0.811574,-0.58425,0
504,8.4,0.118633,0.0668,1.6497,0.051833,0.809017,-0.587785,0
505,8.4167,0.1191,0.064,1.7048,0.0551,0.806445,-0.59131,0
506,8.4333,0.12085,0.0671,1.7586,0.05375,0.803857,-0.594823,0
507,8.45,0.116333,0.0707,1.8042,0.045633,0.801254,-0.598325,0
508,8.4667,0.124717,0.0673,1.8616,0.057417,0.798636,-0.601815,0
509,8.4833,0.1219,0.0665,1.917,0.0554,0.796002,-0.605294,0
510,8.5,0.123067,0.0684,1.9717,0.054667,0.793353,-0.608761,0
511,8.5167,0.120617,0.0664,2.0259,0.054217,0.79069,-0.612217,0
512,8.5333,0.12025,0.0674,2.0787,0.05285,0.788011,-0.615661,0
513,8.55,0.1256,0.0678,2.1365,0.0578,0.785317,-0.619094,0
514,8.5667,0.122,0.0673,2.1912,0.0547,0.782608,-0.622515,0
515,8.5833,0.12795,0.0689,2.2502,0.05905,0.779884,-0.625923,0
516,8.6,0.1241,0.0668,2.3075,0.0573,0.777146,-0.62932,0
517,8.6167,0.12725,0.0706,2.3642,0.05665,0.774393,-0.632705,0
518,8.6333,0.129633,0.0656,2.4282,0.064033,0.771625,-0.636078,0
519,8.65,0.1257,0.07,2.4839,0.0557,0.768842,-0.639439,0
520,8.6667,0.125617,0.0646,2.5449,0.061017,0.766044,-0.642788,0
521,8.6833,0.130183,0.0681,2.607,0.062083,0.763232,-0.646124,0
522,8.7,0.128433,0.0689,2.6665,0.059533,0.760406,-0.649448,0
523,8.7167,0.131733,0.067,2.7312,0.064733,0.757565,-0.65276,0
524,8.7333,0.133967,0.0705,2.7947,0.063467,0.75471,-0.656059,0
525,8.75,0.132833,0.065,2.8625,0.067833,0.75184,-0.659346,0
526,8.7667,0.131233,0.0701,2.9236,0.061133,0.748956,-0.66262,0
527,8.7833,0.13355,0.0675,2.9897,0.06605,0.746057,-0.665882,0
528,8.8,0.137417,0.0678,3.0593,0.069617,0.743145,-0.669131,0
529,8.8167,0.135883,0.0693,3.1259,0.066583,0.740218,-0.672367,0
530,8.8333,0.133667,0.0649,3.1947,0.068767,0.737277,-0.67559,0
531,8.85,0.137383,0.0657,3.2664,0.071683,0.734323,-0.678801,0
532,8.8667,0.1413,0.0648,3.3429,0.0765,0.731354,-0.681998,0
533,8.8833,0.140133,0.0678,3.4152,0.072333,0.728371,-0.685183,0
534,8.9,0.138,0.0664,3.4868,0.0716,0.725374,-0.688355,0
535,8.9167,0.140067,0.0663,3.5606,0.073767,0.722364,-0.691513,0
536,8.9333,0.148333,0.0685,3.6404,0.079833,0.71934,-0.694658,0
537,8.95,0.141017,0.0701,3.7113,0.070917,0.716302,-0.69779,0
538,8.9667,0.140417,0.069,3.7827,0.071417,0.71325,-0.700909,0
539,8.9833,0.1402,0.0702,3.8527,0.07,0.710185,-0.704015,0
540,9.0,0.139617,0.042,3.9503,0.097617,0.707107,-0.707107,0
541,9.0167,0.144517,0.0394,4.0554,0.105117,0.704015,-0.710185,0
542,9.0333,0.140767,0.0373,4.1589,0.103467,0.700909,-0.71325,0
543,9.05,0.146167,0.0367,4.2684,0.109467,0.69779,-0.716302,0
544,9.0667,0.13865,0.0381,4.3689,0.10055,0.694658,-0.71934,0
545,9.0833,0.144233,0.0396,4.4735,0.104633,0.691513,-0.722364,0
546,9.1,0.146267,0.0388,4.581,0.107467,0.688355,-0.725374,0
547,9.1167,0.146383,0.0381,4.6893,0.108283,0.685183,-0.728371,0
548,9.1333,0.146517,0.0348,4.801,0.111717,0.681998,-0.731354,0
549,9.15,0.151833,0.0359,4.9169,0.115933,0.678801,-0.734323,0
550,9.1667,0.144433,0.0387,5.0226,0.105733,0.67559,-0.737277,0
551,9.1833,0.14825,0.0392,5.1316,0.10905,0.672367,-0.740218,0
552,9.2,0.147483,0.0373,5.2418,0.110183,0.669131,-0.743145,0
553,9.2167,0.14665,0.0373,5.3511,0.10935,0.665882,-0.746057,0
554,9.2333,0.148917,0.0417,5.4583,0.107217,0.66262,-0.748956,0
555,9.25,0.150117,0.0385,5.5699,0.111617,0.659346,-0.75184,0
556,9.2667,0.155317,0.0377,5.6875,0.117617,0.656059,-0.75471,0
557,9.2833,0.149667,0.0368,5.8004,0.112867,0.65276,-0.757565,0
558,9.3,0.149733,0.0434,5.9067,0.106333,0.649448,-0.760406,0
559,9.3167,0.151433,0.0347,6.0234,0.116733,0.646124,-0.763232,0
560,9.3333,0.155217,0.0355,6.1431,0.119717,0.642788,-0.766044,0
561,9.35,0.152033,0.0409,6.2542,0.111133,0.639439,-0.768842,0
562,9.3667,0.15345,0.0378,6.3699,0.11565,0.636078,-0.771625,0
563,9.3833,0.153483,0.036,6.4874,0.117483,0.632705,-0.774393,0
564,9.4,0.151117,0.0343,6.6042,0.116817,0.62932,-0.777146,0
565,9.4167,0.157767,0.0385,6.7235,0.119267,0.625923,-0.779884,0
566,9.4333,0.159717,0.0373,6.8459,0.122417,0.622515,-0.782608,0
567,9.45,0.159417,0.0371,6.9682,0.122317,0.619094,-0.785317,0
568,9.4667,0.152433,0.039,7.0816,0.113433,0.615661,-0.788011,0
569,9.4833,0.158017,0.0349,7.2047,0.123117,0.612217,-0.79069,0
570,9.5,0.160767,0.0388,7.3267,0.121967,0.608761,-0.793353,0
571,9.5167,0.160933,0.0383,7.4493,0.122633,0.605294,-0.796002,0
572,9.5333,0.1635,0.0381,7.5747,0.1254,0.601815,-0.798636,0
573,9.55,0.160083,0.0381,7.6967,0.121983,0.598325,-0.801254,0
574,9.5667,0.1647,0.0366,7.8248,0.1281,0.594823,-0.803857,0
575,9.5833,0.1589,0.0401,7.9436,0.1188,0.59131,-0.806445,0
576,9.6,0.159667,0.0403,8.063,0.119367,0.587785,-0.809017,0
577,9.6167,0.163717,0.0392,8.1875,0.124517,0.58425,-0.811574,0
578,9.6333,0.158183,0.038,8.3077,0.120183,0.580703,-0.814116,0
579,9.65,0.164917,0.0353,8.4373,0.129617,0.577145,-0.816642,0
580,9.6667,0.1632,0.0363,8.5642,0.1269,0.573576,-0.819152,0
581,9.6833,0.167167,0.0362,8.6952,0.130967,0.569997,-0.821647,0
582,9.7,0.1625,0.0372,8.8205,0.1253,0.566406,-0.824126,0
583,9.7167,0.1617,0.0382,8.944,0.1235,0.562805,-0.82659,0
584,9.7333,0.166533,0.0365,9.074,0.130033,0.559193,-0.829038,0
585,9.75,0.1678,0.0375,9.2043,0.1303,0.55557,-0.83147,0
586,9.7667,0.165117,0.0378,9.3316,0.127317,0.551937,-0.833886,0
587,9.7833,0.1659,0.0386,9.4589,0.1273,0.548293,-0.836286,0
588,9.8,0.16895,0.0393,9.5885,0.12965,0.544639,-0.838671,0
589,9.8167,0.16675,0.0384,9.7169,0.12835,0.540974,-0.841039,0
590,9.8333,0.168333,0.0359,9.8493,0.132433,0.5373,-0.843391,0
591,9.85,0.165833,0.0368,9.9783,0.129033,0.533615,-0.845728,0
592,9.8667,0.170783,0.0379,10.1112,0.132883,0.529919,-0.848048,0
593,9.8833,0.1669,0.04,10.2381,0.1269,0.526214,-0.850352,0
594,9.9,0.165683,0.037,10.3668,0.128683,0.522499,-0.85264,0
595,9.9167,0.165217,0.037,10.495,0.128217,0.518773,-0.854912,0
596,9.9333,0.17035,0.038,10.6273,0.13235,0.515038,-0.857167,0
597,9.95,0.168083,0.0377,10.7577,0.130383,0.511293,-0.859406,0
598,9.9667,0.174417,0.0377,10.8944,0.136717,0.507538,-0.861629,0
599,9.9833,0.17095,0.0399,11.0254,0.13105,0.503774,-0.863836,0
600,10.0,0.170233,0.0394,11.1562,0.130833,0.5,-0.866025,0
601,10.0167,0.174467,0.0357,11.295,0.138767,0.496217,-0.868199,0
602,10.0333,0.175033,0.0367,11.4333,0.138333,0.492424,-0.870356,0
603,10.05,0.176883,0.0377,11.5725,0.139183,0.488621,-0.872496,0
604,10.0667,0.174733,0.035,11.7122,0.139733,0.48481,-0.87462,0
605,10.0833,0.177533,0.0367,11.853,0.140833,0.480989,-0.876727,0
606,10.1,0.1737,0.0337,11.993,0.14,0.477159,-0.878817,0
607,10.1167,0.1757,0.0409,12.1278,0.1348,0.47332,-0.880891,0
608,10.1333,0.179583,0.0337,12.2737,0.145883,0.469472,-0.882948,0
609,10.15,0.173567,0.04,12.4073,0.133567,0.465615,-0.884988,0
610,10.1667,0.177817,0.0393,12.5458,0.138517,0.461749,-0.887011,0
611,10.1833,0.178683,0.0379,12.6866,0.140783,0.457874,-0.889017,0
612,10.2,0.179433,0.0374,12.8286,0.142033,0.45399,-0.891007,0
613,10.2167,0.177517,0.0377,12.9684,0.139817,0.450098,-0.892979,0
614,10.2333,0.178233,0.0361,13.1105,0.142133,0.446198,-0.894934,0
615,10.25,0.175583,0.037,13.2491,0.138583,0.442289,-0.896873,0
616,10.2667,0.1771,0.039,13.3872,0.1381,0.438371,-0.898794,0
617,10.2833,0.183367,0.0376,13.533,0.145767,0.434445,-0.900698,0
618,10.3,0.179217,0.0402,13.672,0.139017,0.430511,-0.902585,0
619,10.3167,0.17885,0.0354,13.8155,0.14345,0.426569,-0.904455,0
620,10.3333,0.17825,0.035,13.9588,0.14325,0.422618,-0.906308,0
621,10.35,0.1822,0.0392,14.1018,0.143,0.41866,-0.908143,0
622,10.3667,0.181983,0.0356,14.2482,0.146383,0.414693,-0.909961,0
623,10.3833,0.182317,0.0345,14.396,0.147817,0.410719,-0.911762,0
624,10.4,0.184117,0.0391,14.541,0.145017,0.406737,-0.913545,0
625,10.4167,0.186967,0.0379,14.6901,0.149067,0.402747,-0.915311,0
626,10.4333,0.182617,0.0403,14.8324,0.142317,0.398749,-0.91706,0
627,10.45,0.1818,0.036,14.9782,0.1458,0.394744,-0.918791,0
628,10.4667,0.181,0.0407,15.1185,0.1403,0.390731,-0.920505,0
629,10.4833,0.183617,0.0403,15.2618,0.143317,0.386711,-0.922201,0
630,10.5,0.185917,0.0409,15.4068,0.145017,0.382683,-0.92388,0
631,10.5167,0.186983,0.038,15.5558,0.148983,0.378649,-0.925541,0
632,10.5333,0.187967,0.0359,15.7079,0.152067,0.374607,-0.927184,0
633,10.55,0.1779,0.0371,15.8487,0.1408,0.370557,-0.92881,0
634,10.5667,0.187433,0.0364,15.9997,0.151033,0.366501,-0.930418,0
635,10.5833,0.184717,0.0358,16.1486,0.148917,0.362438,-0.932008,0
636,10.6,0.18795,0.0383,16.2982,0.14965,0.358368,-0.93358,0
637,10.6167,0.185333,0.0362,16.4473,0.149133,0.354291,-0.935135,0
638,10.6333,0.18775,0.0321,16.6029,0.15565,0.350207,-0.936672,0
639,10.65,0.18975,0.0381,16.7546,0.15165,0.346117,-0.938191,0
640,10.6667,0.183383,0.039,16.899,0.144383,0.34202,-0.939693,0
641,10.6833,0.187417,0.0372,17.0492,0.150217,0.337917,-0.941176,0
642,10.7,0.1881,0.0372,17.2001,0.1509,0.333807,-0.942641,0
643,10.7167,0.188667,0.0396,17.3492,0.149067,0.329691,-0.944089,0
644,10.7333,0.1846,0.0362,17.4976,0.1484,0.325568,-0.945519,0
645,10.75,0.18965,0.0334,17.6538,0.15625,0.321439,-0.94693,0
646,10.7667,0.1891,0.038,17.8049,0.1511,0.317305,-0.948324,0
647,10.7833,0.1898,0.0392,17.9555,0.1506,0.313164,-0.949699,0
648,10.8,0.189117,0.0366,18.0,0.152517,0.309017,-0.951057,0
649,10.8167,0.19,0.0375,18.0,0.1525,0.304864,-0.952396,0
650,10.8333,0.191967,0.0409,18.0,0.151067,0.300706,-0.953717,0
651,10.85,0.191117,0.0373,18.0,0.153817,0.296542,-0.95502,0
652,10.8667,0.191917,0.0353,18.0,0.156617,0.292372,-0.956305,0
653,10.8833,0.19735,0.0367,18.0,0.16065,0.288196,-0.957571,0
654,10.9,0.191117,0.0338,18.0,0.157317,0.284015,-0.95882,0
655,10.9167,0.18995,0.0401,18.0,0.14985,0.279829,-0.96005,0
656,10.9333,0.194233,0.0328,18.0,0.161433,0.275637,-0.961262,0
657,10.95,0.194433,0.0351,18.0,0.159333,0.27144,-0.962455,0
658,10.9667,0.188317,0.038,18.0,0.150317,0.267238,-0.96363,0
659,10.9833,0.195983,0.0384,18.0,0.157583,0.263031,-0.964787,0
660,11.0,0.19555,0.038,18.0,0.15755,0.258819,-0.965926,0
661,11.0167,0.19535,0.0364,18.0,0.15895,0.254602,-0.967046,0
662,11.0333,0.1885,0.0376,18.0,0.1509,0.25038,-0.968148,0
663,11.05,0.196583,0.0354,18.0,0.161183,0.246153,-0.969231,0
664,11.0667,0.19735,0.0372,18.0,0.16015,0.241922,-0.970296,0
665,11.0833,0.195933,0.037,18.0,0.158933,0.237686,-0.971342,0
666,11.1,0.194533,0.0357,18.0,0.158833,0.233445,-0.97237,0
667,11.1167,0.196417,0.0353,18.0,0.161117,0.2292,-0.973379,0
668,11.1333,0.194483,0.0344,18.0,0.160083,0.224951,-0.97437,0
669,11.15,0.1954,0.0388,18.0,0.1566,0.220697,-0.975342,0
670,11.1667,0.196583,0.039,18.0,0.157583,0.21644,-0.976296,0
671,11.1833,0.194533,0.0357,18.0,0.158833,0.212178,-0.977231,0
672,11.2,0.196967,0.0376,18.0,0.159367,0.207912,-0.978148,0
673,11.2167,0.194583,0.0389,18.0,0.155683,0.203642,-0.979045,0
674,11.2333,0.194633,0.0377,18.0,0.156933,0.199368,-0.979925,0
675,11.25,0.194733,0.0357,18.0,0.159033,0.19509,-0.980785,0
676,11.2667,0.1946,0.0354,18.0,0.1592,0.190809,-0.981627,0
677,11.2833,0.1975,0.0392,18.0,0.1583,0.186524,-0.98245,0
678,11.3,0.199883,0.0362,18.0,0.163683,0.182236,-0.983255,0
679,11.3167,0.198383,0.0357,18.0,0.162683,0.177944,-0.984041,0
680,11.3333,0.1935,0.0393,18.0,0.1542,0.173648,-0.984808,0
681,11.35,0.1958,0.0366,18.0,0.1592,0.16935,-0.985556,0
682,11.3667,0.1964,0.0359,18.0,0.1605,0.165048,-0.986286,0
683,11.3833,0.1922,0.04,18.0,0.1522,0.160743,-0.986996,0
684,11.4,0.1941,0.0381,18.0,0.156,0.156434,-0.987688,0
685,11.4167,0.198583,0.0406,18.0,0.157983,0.152123,-0.988362,0
686,11.4333,0.196433,0.0364,18.0,0.160033,0.147809,-0.989016,0
687,11.45,0.19615,0.0356,18.0,0.16055,0.143493,-0.989651,0
688,11.4667,0.198817,0.0362,18.0,0.162617,0.139173,-0.990268,0
689,11.4833,0.196217,0.0371,18.0,0.159117,0.134851,-0.990866,0
690,11.5,0.208283,0.0346,18.0,0.173683,0.130526,-0.991445,0
691,11.5167,0.2045,0.0373,18.0,0.1672,0.126199,-0.992005,0
692,11.5333,0.202367,0.0382,18.0,0.164167,0.121869,-0.992546,0
693,11.55,0.200783,0.0358,18.0,0.164983,0.117537,-0.993068,0
694,11.5667,0.203583,0.0366,18.0,0.166983,0.113203,-0.993572,0
695,11.5833,0.198633,0.0401,18.0,0.158533,0.108867,-0.994056,0
696,11.6,0.196483,0.0392,18.0,0.157283,0.104528,-0.994522,0
697,11.6167,0.19475,0.0338,18.0,0.16095,0.100188,-0.994969,0
698,11.6333,0.2008,0.0371,18.0,0.1637,0.095846,-0.995396,0
699,11.65,0.2003,0.0387,18.0,0.1616,0.091502,-0.995805,0
700,11.6667,0.20095,0.037,18.0,0.16395,0.087156,-0.996195,0
701,11.6833,0.20265,0.0335,18.0,0.16915,0.082808,-0.996566,0
702,11.7,0.202417,0.0411,18.0,0.161317,0.078459,-0.996917,0
703,11.7167,0.1995,0.0363,18.0,0.1632,0.074108,-0.99725,0
704,11.7333,0.2026,0.0411,18.0,0.1615,0.069756,-0.997564,0
705,11.75,0.198633,0.0381,18.0,0.160533,0.065403,-0.997859,0
706,11.7667,0.199917,0.0391,18.0,0.160817,0.061049,-0.998135,0
707,11.7833,0.199333,0.0341,18.0,0.165233,0.056693,-0.998392,0
708,11.8,0.202733,0.0352,18.0,0.167533,0.052336,-0.99863,0
709,11.8167,0.199767,0.0357,18.0,0.164067,0.047978,-0.998848,0
710,11.8333,0.199567,0.0366,18.0,0.162967,0.043619,-0.999048,0
711,11.85,0.19975,0.035,18.0,0.16475,0.03926,-0.999229,0
712,11.8667,0.2001,0.0386,18.0,0.1615,0.034899,-0.999391,0
713,11.8833,0.19945,0.0355,18.0,0.16395,0.030539,-0.999534,0
714,11.9,0.199933,0.0363,18.0,0.163633,0.026177,-0.999657,0
715,11.9167,0.202367,0.0358,18.0,0.166567,0.021815,-0.999762,0
716,11.9333,0.197267,0.0373,18.0,0.159967,0.017452,-0.999848,0
717,11.95,0.201633,0.0362,18.0,0.165433,0.01309,-0.999914,0
718,11.9667,0.199617,0.0341,18.0,0.165517,0.008727,-0.999962,0
719,11.9833,0.202283,0.0388,18.0,0.163483,0.004363,-0.99999,0
720,12.0,0.199983,0.0364,18.0,0.163583,0.0,-1.0,0
721,12.0167,0.20245,0.0371,18.0,0.16535,-0.004363,-0.99999,0
722,12.0333,0.200783,0.0387,18.0,0.162083,-0.008727,-0.999962,0
723,12.05,0.201817,0.0381,18.0,0.163717,-0.01309,-0.999914,0
724,12.0667,0.199067,0.039,18.0,0.160067,-0.017452,-0.999848,0
725,12.0833,0.195483,0.0386,18.0,0.156883,-0.021815,-0.999762,0
726,12.1,0.2036,0.0352,18.0,0.1684,-0.026177,-0.999657,0
727,12.1167,0.202817,0.0359,18.0,0.166917,-0.030539,-0.999534,0
728,12.1333,0.201983,0.0348,18.0,0.167183,-0.034899,-0.999391,0
729,12.15,0.204917,0.0389,18.0,0.166017,-0.03926,-0.999229,0
730,12.1667,0.202483,0.037,18.0,0.165483,-0.043619,-0.999048,0
731,12.1833,0.20125,0.0396,18.0,0.16165,-0.047978,-0.998848,0
732,12.2,0.201517,0.0372,18.0,0.164317,-0.052336,-0.99863,0
733,12.2167,0.199417,0.0353,18.0,0.164117,-0.056693,-0.998392,0
734,12.2333,0.202283,0.0342,18.0,0.168083,-0.061049,-0.998135,0
735,12.25,0.202867,0.0369,18.0,0.165967,-0.065403,-0.997859,0
736,12.2667,0.198667,0.0383,18.0,0.160367,-0.069756,-0.997564,0
737,12.2833,0.20105,0.0375,18.0,0.16355,-0.074108,-0.99725,0
738,12.3,0.195967,0.0371,18.0,0.158867,-0.078459,-0.996917,0
739,12.3167,0.200583,0.0354,18.0,0.165183,-0.082808,-0.996566,0
740,12.3333,0.198367,0.04,18.0,0.158367,-0.087156,-0.996195,0
741,12.35,0.198083,0.0374,18.0,0.160683,-0.091502,-0.995805,0
742,12.3667,0.199983,0.0359,18.0,0.164083,-0.095846,-0.995396,0
743,12.3833,0.196333,0.036,18.0,0.160333,-0.100188,-0.994969,0
744,12.4,0.19745,0.0365,18.0,0.16095,-0.104528,-0.994522,0
745,12.4167,0.198917,0.0404,18.0,0.158517,-0.108867,-0.994056,0
746,12.4333,0.19785,0.0345,18.0,0.16335,-0.113203,-0.993572,0
747,12.45,0.20095,0.0373,18.0,0.16365,-0.117537,-0.993068,0
748,12.4667,0.2031,0.0346,18.0,0.1685,-0.121869,-0.992546,0
749,12.4833,0.197017,0.0422,18.0,0.154817,-0.126199,-0.992005,0
750,12.5,0.1957,0.0379,18.0,0.1578,-0.130526,-0.991445,0
751,12.5167,0.195417,0.0366,18.0,0.158817,-0.134851,-0.990866,0
752,12.5333,0.199967,0.0386,18.0,0.161367,-0.139173,-0.990268,0
753,12.55,0.197167,0.0388,18.0,0.158367,-0.143493,-0.989651,0
754,12.5667,0.194733,0.0359,18.0,0.158833,-0.147809,-0.989016,0
755,12.5833,0.1976,0.036,18.0,0.1616,-0.152123,-0.988362,0
756,12.6,0.19455,0.0389,18.0,0.15565,-0.156434,-0.987688,0
757,12.6167,0.196767,0.0419,18.0,0.154867,-0.160743,-0.986996,0
758,12.6333,0.196567,0.0404,18.0,0.156167,-0.165048,-0.986286,0
759,12.65,0.197667,0.0354,18.0,0.162267,-0.16935,-0.985556,0
760,12.6667,0.194717,0.0348,18.0,0.159917,-0.173648,-0.984808,0
761,12.6833,0.199583,0.0388,18.0,0.160783,-0.177944,-0.984041,0
762,12.7,0.197083,0.0375,18.0,0.159583,-0.182236,-0.983255,0
763,12.7167,0.194717,0.0342,18.0,0.160517,-0.186524,-0.98245,0
764,12.7333,0.190083,0.0366,18.0,0.153483,-0.190809,-0.981627,0
765,12.75,0.194917,0.0375,18.0,0.157417,-0.19509,-0.980785,0
766,12.7667,0.194483,0.0366,18.0,0.157883,-0.199368,-0.979925,0
767,12.7833,0.195067,0.0348,18.0,0.160267,-0.203642,-0.979045,0
768,12.8,0.188367,0.0381,18.0,0.150267,-0.207912,-0.978148,0
769,12.8167,0.195,0.0374,18.0,0.1576,-0.212178,-0.977231,0
770,12.8333,0.196783,0.038,18.0,0.158783,-0.21644,-0.976296,0
771,12.85,0.1941,0.0392,18.0,0.1549,-0.220697,-0.975342,0
772,12.8667,0.19345,0.0385,18.0,0.15495,-0.224951,-0.97437,0
773,12.8833,0.19365,0.0317,18.0,0.16195,-0.2292,-0.973379,0
774,12.9,0.196167,0.037,18.0,0.159167,-0.233445,-0.97237,0
775,12.9167,0.190767,0.0374,18.0,0.153367,-0.237686,-0.971342,0
776,12.9333,0.197167,0.0362,18.0,0.160967,-0.241922,-0.970296,0
777,12.95,0.192533,0.0361,18.0,0.156433,-0.246153,-0.969231,0
778,12.9667,0.19175,0.0342,18.0,0.15755,-0.25038,-0.968148,0
779,12.9833,0.1957,0.0361,18.0,0.1596,-0.254602,-0.967046,0
780,13.0,0.1855,0.0393,18.0,0.1462,-0.258819,-0.965926,0
781,13.0167,0.191633,0.0385,18.0,0.153133,-0.263031,-0.964787,0
782,13.0333,0.195583,0.0371,18.0,0.158483,-0.267238,-0.96363,0
783,13.05,0.194317,0.0391,18.0,0.155217,-0.27144,-0.962455,0
784,13.0667,0.1902,0.0335,18.0,0.1567,-0.275637,-0.961262,0
785,13.0833,0.1969,0.04,18.0,0.1569,-0.279829,-0.96005,0
786,13.1,0.187633,0.0417,18.0,0.145933,-0.284015,-0.95882,0
787,13.1167,0.195767,0.0382,18.0,0.157567,-0.288196,-0.957571,0
788,13.1333,0.189783,0.0423,18.0,0.147483,-0.292372,-0.956305,0
789,13.15,0.190117,0.0396,18.0,0.150517,-0.296542,-0.95502,0
790,13.1667,0.19295,0.0362,18.0,0.15675,-0.300706,-0.953717,0
791,13.1833,0.191567,0.0367,18.0,0.154867,-0.304864,-0.952396,0
792,13.2,0.193283,0.0386,18.0,0.154683,-0.309017,-0.951057,0
793,13.2167,0.192883,0.0347,18.0,0.158183,-0.313164,-0.949699,0
794,13.2333,0.186417,0.0358,18.0,0.150617,-0.317305,-0.948324,0
795,13.25,0.187283,0.0379,18.0,0.149383,-0.321439,-0.94693,0
796,13.2667,0.186567,0.0379,18.0,0.148667,-0.325568,-0.945519,0
797,13.2833,0.19305,0.0377,18.0,0.15535,-0.329691,-0.944089,0
798,13.3,0.18565,0.0379,18.0,0.14775,-0.333807,-0.942641,0
799,13.3167,0.188983,0.0376,18.0,0.151383,-0.337917,-0.941176,0
800,13.3333,0.186233,0.0374,18.0,0.148833,-0.34202,-0.939693,0
801,13.35,0.183717,0.038,18.0,0.145717,-0.346117,-0.938191,0
802,13.3667,0.188833,0.0357,18.0,0.153133,-0.350207,-0.936672,0
803,13.3833,0.1908,0.0391,18.0,0.1517,-0.354291,-0.935135,0
804,13.4,0.184533,0.0399,18.0,0.144633,-0.358368,-0.93358,0
805,13.4167,0.187817,0.0376,18.0,0.150217,-0.362438,-0.932008,0
806,13.4333,0.183433,0.0353,18.0,0.148133,-0.366501,-0.930418,0
807,13.45,0.184133,0.0385,18.0,0.145633,-0.370557,-0.92881,0
808,13.4667,0.18095,0.0357,18.0,0.14525,-0.374607,-0.927184,0
809,13.4833,0.18705,0.0364,18.0,0.15065,-0.378649,-0.925541,0
810,13.5,0.186383,0.0367,18.0,0.149683,-0.382683,-0.92388,0
811,13.5167,0.1841,0.0387,18.0,0.1454,-0.386711,-0.922201,0
812,13.5333,0.19005,0.0402,18.0,0.14985,-0.390731,-0.920505,0
813,13.55,0.185283,0.0377,18.0,0.147583,-0.394744,-0.918791,0
814,13.5667,0.1844,0.037,18.0,0.1474,-0.398749,-0.91706,0
815,13.5833,0.18075,0.0382,18.0,0.14255,-0.402747,-0.915311,0
816,13.6,0.1886,0.0374,18.0,0.1512,-0.406737,-0.913545,0
817,13.6167,0.178583,0.0354,18.0,0.143183,-0.410719,-0.911762,0
818,13.6333,0.178167,0.039,18.0,0.139167,-0.414693,-0.909961,0
819,13.65,0.1782,0.0383,18.0,0.1399,-0.41866,-0.908143,0
820,13.6667,0.179983,0.0377,18.0,0.142283,-0.422618,-0.906308,0
821,13.6833,0.182983,0.0382,18.0,0.144783,-0.426569,-0.904455,0
822,13.7,0.180667,0.0412,18.0,0.139467,-0.430511,-0.902585,0
823,13.7167,0.18065,0.0375,18.0,0.14315,-0.434445,-0.900698,0
824,13.7333,0.18165,0.0408,18.0,0.14085,-0.438371,-0.898794,0
825,13.75,0.182667,0.0363,18.0,0.146367,-0.442289,-0.896873,0
826,13.7667,0.181167,0.0389,18.0,0.142267,-0.446198,-0.894934,0
827,13.7833,0.183267,0.0385,18.0,0.144767,-0.450098,-0.892979,0
828,13.8,0.177833,0.0389,18.0,0.138933,-0.45399,-0.891007,0
829,13.8167,0.178483,0.0398,18.0,0.138683,-0.457874,-0.889017,0
830,13.8333,0.174517,0.0374,18.0,0.137117,-0.461749,-0.887011,0
831,13.85,0.179933,0.0362,18.0,0.143733,-0.465615,-0.884988,0
832,13.8667,0.175317,0.0374,18.0,0.137917,-0.469472,-0.882948,0
833,13.8833,0.16925,0.0393,18.0,0.12995,-0.47332,-0.880891,0
834,13.9,0.181,0.041,18.0,0.14,-0.477159,-0.878817,0
835,13.9167,0.174833,0.0375,18.0,0.137333,-0.480989,-0.876727,0
836,13.9333,0.172817,0.0384,18.0,0.134417,-0.48481,-0.87462,0
837,13.95,0.176033,0.0378,18.0,0.138233,-0.488621,-0.872496,0
838,13.9667,0.175283,0.0399,18.0,0.135383,-0.492424,-0.870356,0
839,13.9833,0.177967,0.042,18.0,0.135967,-0.496217,-0.868199,0
840,14.0,0.177167,0.037,18.0,0.140167,-0.5,-0.866025,0
841,14.0167,0.178083,0.0354,18.0,0.142683,-0.503774,-0.863836,0
842,14.0333,0.17325,0.0396,18.0,0.13365,-0.507538,-0.861629,0
843,14.05,0.172083,0.0415,18.0,0.130583,-0.511293,-0.859406,0
844,14.0667,0.172867,0.0395,18.0,0.133367,-0.515038,-0.857167,0
845,14.0833,0.173783,0.0383,18.0,0.135483,-0.518773,-0.854912,0
846,14.1,0.16995,0.0366,18.0,0.13335,-0.522499,-0.85264,0
847,14.1167,0.16965,0.0365,18.0,0.13315,-0.526214,-0.850352,0
848,14.1333,0.164633,0.0381,18.0,0.126533,-0.529919,-0.848048,0
849,14.15,0.16565,0.0388,18.0,0.12685,-0.533615,-0.845728,0
850,14.1667,0.168583,0.0363,18.0,0.132283,-0.5373,-0.843391,0
851,14.1833,0.168117,0.0378,18.0,0.130317,-0.540974,-0.841039,0
852,14.2,0.166967,0.0374,18.0,0.129567,-0.544639,-0.838671,0
853,14.2167,0.165267,0.0378,18.0,0.127467,-0.548293,-0.836286,0
854,14.2333,0.172067,0.0349,18.0,0.137167,-0.551937,-0.833886,0
855,14.25,0.167917,0.0364,18.0,0.131517,-0.55557,-0.83147,0
856,14.2667,0.16655,0.0355,18.0,0.13105,-0.559193,-0.829038,0
857,14.2833,0.16625,0.0359,18.0,0.13035,-0.562805,-0.82659,0
858,14.3,0.15935,0.0409,18.0,0.11845,-0.566406,-0.824126,0
859,14.3167,0.164233,0.0363,18.0,0.127933,-0.569997,-0.821647,0
860,14.3333,0.16365,0.0381,18.0,0.12555,-0.573576,-0.819152,0
861,14.35,0.169,0.0364,18.0,0.1326,-0.577145,-0.816642,0
862,14.3667,0.161267,0.0374,18.0,0.123867,-0.580703,-0.814116,0
863,14.3833,0.15995,0.0421,18.0,0.11785,-0.58425,-0.811574,0
864,14.4,0.164233,0.0353,18.0,0.128933,-0.587785,-0.809017,0
865,14.4167,0.159317,0.034,18.0,0.125317,-0.59131,-0.806445,0
866,14.4333,0.16045,0.0387,18.0,0.12175,-0.594823,-0.803857,0
867,14.45,0.1597,0.0389,18.0,0.1208,-0.598325,-0.801254,0
868,14.4667,0.16,0.0366,18.0,0.1234,-0.601815,-0.798636,0
869,14.4833,0.1616,0.0411,18.0,0.1205,-0.605294,-0.796002,0
870,14.5,0.160083,0.0322,18.0,0.127883,-0.608761,-0.793353,0
871,14.5167,0.1618,0.0409,18.0,0.1209,-0.612217,-0.79069,0
872,14.5333,0.157683,0.0328,18.0,0.124883,-0.615661,-0.788011,0
873,14.55,0.15645,0.0383,18.0,0.11815,-0.619094,-0.785317,0
874,14.5667,0.158367,0.037,18.0,0.121367,-0.622515,-0.782608,0
875,14.5833,0.155817,0.0346,18.0,0.121217,-0.625923,-0.779884,0
876,14.6,0.153583,0.0334,18.0,0.120183,-0.62932,-0.777146,0
877,14.6167,0.15415,0.0373,18.0,0.11685,-0.632705,-0.774393,0
878,14.6333,0.153683,0.0386,18.0,0.115083,-0.636078,-0.771625,0
879,14.65,0.149433,0.0362,18.0,0.113233,-0.639439,-0.768842,0
880,14.6667,0.15235,0.0347,18.0,0.11765,-0.642788,-0.766044,0
881,14.6833,0.154333,0.038,18.0,0.116333,-0.646124,-0.763232,0
882,14.7,0.155117,0.0357,18.0,0.119417,-0.649448,-0.760406,0
883,14.7167,0.150433,0.0392,18.0,0.111233,-0.65276,-0.757565,0
884,14.7333,0.147217,0.0404,18.0,0.106817,-0.656059,-0.75471,0
885,14.75,0.146433,0.0354,18.0,0.111033,-0.659346,-0.75184,0
886,14.7667,0.1507,0.0389,18.0,0.1118,-0.66262,-0.748956,0
887,14.7833,0.150767,0.0335,18.0,0.117267,-0.665882,-0.746057,0
888,14.8,0.148233,0.0378,18.0,0.110433,-0.669131,-0.743145,0
889,14.8167,0.141517,0.0371,18.0,0.104417,-0.672367,-0.740218,0
890,14.8333,0.146217,0.0358,18.0,0.110417,-0.67559,-0.737277,0
891,14.85,0.1465,0.0381,18.0,0.1084,-0.678801,-0.734323,0
892,14.8667,0.149033,0.033,18.0,0.116033,-0.681998,-0.731354,0
893,14.8833,0.1496,0.0372,18.0,0.1124,-0.685183,-0.728371,0
894,14.9,0.138283,0.0384,18.0,0.099883,-0.688355,-0.725374,0
895,14.9167,0.1413,0.0379,18.0,0.1034,-0.691513,-0.722364,0
896,14.9333,0.1428,0.0397,18.0,0.1031,-0.694658,-0.71934,0
897,14.95,0.143633,0.0358,18.0,0.107833,-0.69779,-0.716302,0
898,14.9667,0.139117,0.0374,18.0,0.101717,-0.700909,-0.71325,0
899,14.9833,0.1423,0.0353,18.0,0.107,-0.704015,-0.710185,0
900,15.0,0.142833,0.0399,18.0,0.102933,-0.707107,-0.707107,0
901,15.0167,0.140667,0.0341,18.0,0.106567,-0.710185,-0.704015,0
902,15.0333,0.13975,0.0386,18.0,0.10115,-0.71325,-0.700909,0
903,15.05,0.1383,0.0321,18.0,0.1062,-0.716302,-0.69779,0
904,15.0667,0.135917,0.0368,18.0,0.099117,-0.71934,-0.694658,0
905,15.0833,0.134283,0.0383,18.0,0.095983,-0.722364,-0.691513,0
906,15.1,0.140383,0.0389,18.0,0.101483,-0.725374,-0.688355,0
907,15.1167,0.1406,0.0391,18.0,0.1015,-0.728371,-0.685183,0
908,15.1333,0.135733,0.0355,18.0,0.100233,-0.731354,-0.681998,0
909,15.15,0.1331,0.037,18.0,0.0961,-0.734323,-0.678801,0
910,15.1667,0.1306,0.0323,18.0,0.0983,-0.737277,-0.67559,0
911,15.1833,0.134983,0.039,18.0,0.095983,-0.740218,-0.672367,0
912,15.2,0.13505,0.0391,18.0,0.09595,-0.743145,-0.669131,0
913,15.2167,0.132967,0.0375,18.0,0.095467,-0.746057,-0.665882,0
914,15.2333,0.13185,0.0352,18.0,0.09665,-0.748956,-0.66262,0
915,15.25,0.12965,0.0392,18.0,0.09045,-0.75184,-0.659346,0
916,15.2667,0.130767,0.0388,18.0,0.091967,-0.75471,-0.656059,0
917,15.2833,0.133233,0.0345,18.0,0.098733,-0.757565,-0.65276,0
918,15.3,0.132,0.0415,18.0,0.0905,-0.760406,-0.649448,0
919,15.3167,0.1303,0.0387,18.0,0.0916,-0.763232,-0.646124,0
920,15.3333,0.131867,0.039,18.0,0.092867,-0.766044,-0.642788,0
921,15.35,0.1282,0.0348,18.0,0.0934,-0.768842,-0.639439,0
922,15.3667,0.1306,0.0336,18.0,0.097,-0.771625,-0.636078,0
923,15.3833,0.1263,0.0387,18.0,0.0876,-0.774393,-0.632705,0
924,15.4,0.124233,0.036,18.0,0.088233,-0.777146,-0.62932,0
925,15.4167,0.13,0.0388,18.0,0.0912,-0.779884,-0.625923,0
926,15.4333,0.124983,0.0373,18.0,0.087683,-0.782608,-0.622515,0
927,15.45,0.123117,0.035,18.0,0.088117,-0.785317,-0.619094,0
928,15.4667,0.122983,0.0384,18.0,0.084583,-0.788011,-0.615661,0
929,15.4833,0.122483,0.0373,18.0,0.085183,-0.79069,-0.612217,0
930,15.5,0.123383,0.0394,18.0,0.083983,-0.793353,-0.608761,0
931,15.5167,0.1215,0.0357,18.0,0.0858,-0.796002,-0.605294,0
932,15.5333,0.12595,0.0358,18.0,0.09015,-0.798636,-0.601815,0
933,15.55,0.120833,0.0354,18.0,0.085433,-0.801254,-0.598325,0
934,15.5667,0.120033,0.0368,18.0,0.083233,-0.803857,-0.594823,0
935,15.5833,0.12245,0.0355,18.0,0.08695,-0.806445,-0.59131,0
936,15.6,0.1176,0.0377,18.0,0.0799,-0.809017,-0.587785,0
937,15.6167,0.116183,0.0347,18.0,0.081483,-0.811574,-0.58425,0
938,15.6333,0.1131,0.0416,18.0,0.0715,-0.814116,-0.580703,0
939,15.65,0.111533,0.0358,18.0,0.075733,-0.816642,-0.577145,0
940,15.6667,0.116967,0.0377,18.0,0.079267,-0.819152,-0.573576,0
941,15.6833,0.114,0.038,18.0,0.076,-0.821647,-0.569997,0
942,15.7,0.1157,0.038,18.0,0.0777,-0.824126,-0.566406,0
943,15.7167,0.112983,0.0393,18.0,0.073683,-0.82659,-0.562805,0
944,15.7333,0.1135,0.0371,18.0,0.0764,-0.829038,-0.559193,0
945,15.75,0.113567,0.0393,18.0,0.074267,-0.83147,-0.55557,0
946,15.7667,0.110433,0.0395,18.0,0.070933,-0.833886,-0.551937,0
947,15.7833,0.1092,0.0398,18.0,0.0694,-0.836286,-0.548293,0
948,15.8,0.108733,0.0367,18.0,0.072033,-0.838671,-0.544639,0
949,15.8167,0.109483,0.0375,18.0,0.071983,-0.841039,-0.540974,0
950,15.8333,0.108233,0.0357,18.0,0.072533,-0.843391,-0.5373,0
951,15.85,0.111067,0.0383,18.0,0.072767,-0.845728,-0.533615,0
952,15.8667,0.107733,0.0367,18.0,0.071033,-0.848048,-0.529919,0
953,15.8833,0.105567,0.0388,18.0,0.066767,-0.850352,-0.526214,0
954,15.9,0.107983,0.0382,18.0,0.069783,-0.85264,-0.522499,0
955,15.9167,0.105,0.0398,18.0,0.0652,-0.854912,-0.518773,0
956,15.9333,0.103883,0.0363,18.0,0.067583,-0.857167,-0.515038,0
957,15.95,0.10165,0.0358,18.0,0.06585,-0.859406,-0.511293,0
958,15.9667,0.10115,0.0383,18.0,0.06285,-0.861629,-0.507538,0
959,15.9833,0.104233,0.0365,18.0,0.067733,-0.863836,-0.503774,0
960,16.0,0.10215,0.0342,18.0,0.06795,-0.866025,-0.5,0
961,16.0167,0.101867,0.038,18.0,0.063867,-0.868199,-0.496217,0
962,16.0333,0.103283,0.0388,18.0,0.064483,-0.870356,-0.492424,0
963,16.05,0.089833,0.0365,18.0,0.053333,-0.872496,-0.488621,0
964,16.0667,0.095583,0.0372,18.0,0.058383,-0.87462,-0.48481,0
965,16.0833,0.1001,0.0348,18.0,0.0653,-0.876727,-0.480989,0
966,16.1,0.097783,0.0344,18.0,0.063383,-0.878817,-0.477159,0
967,16.1167,0.0936,0.039,18.0,0.0546,-0.880891,-0.47332,0
968,16.1333,0.090617,0.0412,18.0,0.049417,-0.882948,-0.469472,0
969,16.15,0.095533,0.0381,18.0,0.057433,-0.884988,-0.465615,0
970,16.1667,0.091,0.0381,18.0,0.0529,-0.887011,-0.461749,0
971,16.1833,0.091717,0.0385,18.0,0.053217,-0.889017,-0.457874,0
972,16.2,0.089183,0.0371,18.0,0.052083,-0.891007,-0.45399,0
973,16.2167,0.093833,0.0349,18.0,0.058933,-0.892979,-0.450098,0
974,16.2333,0.0899,0.0371,18.0,0.0528,-0.894934,-0.446198,0
975,16.25,0.088767,0.0358,18.0,0.052967,-0.896873,-0.442289,0
976,16.2667,0.08735,0.0347,18.0,0.05265,-0.898794,-0.438371,0
977,16.2833,0.0891,0.0401,18.0,0.049,-0.900698,-0.434445,0
978,16.3,0.082567,0.0361,18.0,0.046467,-0.902585,-0.430511,0
979,16.3167,0.08405,0.0384,18.0,0.04565,-0.904455,-0.426569,0
980,16.3333,0.086717,0.0333,18.0,0.053417,-0.906308,-0.422618,0
981,16.35,0.078633,0.0329,18.0,0.045733,-0.908143,-0.41866,0
982,16.3667,0.083583,0.0385,18.0,0.045083,-0.909961,-0.414693,0
983,16.3833,0.081883,0.0328,18.0,0.049083,-0.911762,-0.410719,0
984,16.4,0.083717,0.0378,18.0,0.045917,-0.913545,-0.406737,0
985,16.4167,0.07895,0.0371,18.0,0.04185,-0.915311,-0.402747,0
986,16.4333,0.078867,0.0354,18.0,0.043467,-0.91706,-0.398749,0
987,16.45,0.080583,0.0359,18.0,0.044683,-0.918791,-0.394744,0
988,16.4667,0.076083,0.0381,18.0,0.037983,-0.920505,-0.390731,0
989,16.4833,0.076117,0.0369,18.0,0.039217,-0.922201,-0.386711,0
990,16.5,0.079533,0.0355,18.0,0.044033,-0.92388,-0.382683,0
991,16.5167,0.073233,0.0374,18.0,0.035833,-0.925541,-0.378649,0
992,16.5333,0.071333,0.0354,18.0,0.035933,-0.927184,-0.374607,0
993,16.55,0.076783,0.0382,18.0,0.038583,-0.92881,-0.370557,0
994,16.5667,0.0755,0.0388,18.0,0.0367,-0.930418,-0.366501,0
995,16.5833,0.06985,0.036,18.0,0.03385,-0.932008,-0.362438,0
996,16.6,0.075033,0.0379,18.0,0.037133,-0.93358,-0.358368,0
997,16.6167,0.0732,0.0347,18.0,0.0385,-0.935135,-0.354291,0
998,16.6333,0.0661,0.0389,18.0,0.0272,-0.936672,-0.350207,0
999,16.65,0.0685,0.0372,18.0,0.0313,-0.938191,-0.346117,0
1000,16.6667,0.068483,0.0381,18.0,0.030383,-0.939693,-0.34202,0
1001,16.6833,0.06925,0.04,18.0,0.02925,-0.941176,-0.337917,0
1002,16.7,0.0705,0.0369,18.0,0.0336,-0.942641,-0.333807,0
1003,16.7167,0.0673,0.0397,18.0,0.0276,-0.944089,-0.329691,0
1004,16.7333,0.072483,0.0363,18.0,0.036183,-0.945519,-0.325568,0
1005,16.75,0.064117,0.0348,18.0,0.029317,-0.94693,-0.321439,0
1006,16.7667,0.06395,0.0375,18.0,0.02645,-0.948324,-0.317305,0
1007,16.7833,0.0604,0.0382,18.0,0.0222,-0.949699,-0.313164,0
1008,16.8,0.06465,0.0358,18.0,0.02885,-0.951057,-0.309017,0
1009,16.8167,0.06215,0.0377,18.0,0.02445,-0.952396,-0.304864,0
1010,16.8333,0.056183,0.0385,18.0,0.017683,-0.953717,-0.300706,0
1011,16.85,0.060917,0.0369,18.0,0.024017,-0.95502,-0.296542,0
1012,16.8667,0.05795,0.0352,18.0,0.02275,-0.956305,-0.292372,0
1013,16.8833,0.060483,0.0356,18.0,0.024883,-0.957571,-0.288196,0
1014,16.9,0.057167,0.1195,17.9377,-0.062333,-0.95882,-0.284015,0
1015,16.9167,0.051233,0.1197,17.8692,-0.068467,-0.96005,-0.279829,0
1016,16.9333,0.053367,0.1211,17.8015,-0.067733,-0.961262,-0.275637,0
1017,16.95,0.052683,0.1152,17.739,-0.062517,-0.962455,-0.27144,0
1018,16.9667,0.052967,0.1188,17.6732,-0.065833,-0.96363,-0.267238,0
1019,16.9833,0.05695,0.1202,17.61,-0.06325,-0.964787,-0.263031,0
1020,17.0,0.055767,0.1208,17.545,-0.065033,-0.965926,-0.258819,0
1021,17.0167,0.0493,0.1217,17.4726,-0.0724,-0.967046,-0.254602,0
1022,17.0333,0.048967,0.1205,17.4011,-0.071533,-0.968148,-0.25038,0
1023,17.05,0.0529,0.1224,17.3316,-0.0695,-0.969231,-0.246153,0
1024,17.0667,0.0454,0.1202,17.2568,-0.0748,-0.970296,-0.241922,0
1025,17.0833,0.043183,0.1216,17.1784,-0.078417,-0.971342,-0.237686,0
1026,17.1,0.05025,0.1205,17.1081,-0.07025,-0.97237,-0.233445,0
1027,17.1167,0.047017,0.119,17.0361,-0.071983,-0.973379,-0.2292,0
1028,17.1333,0.0418,0.1149,16.963,-0.0731,-0.97437,-0.224951,0
1029,17.15,0.041733,0.1176,16.8871,-0.075867,-0.975342,-0.220697,0
1030,17.1667,0.041967,0.1209,16.8082,-0.078933,-0.976296,-0.21644,0
1031,17.1833,0.0401,0.1181,16.7302,-0.078,-0.977231,-0.212178,0
1032,17.2,0.040833,0.1185,16.6525,-0.077667,-0.978148,-0.207912,0
1033,17.2167,0.038817,0.1179,16.5734,-0.079083,-0.979045,-0.203642,0
1034,17.2333,0.041733,0.1204,16.4947,-0.078667,-0.979925,-0.199368,0
1035,17.25,0.0393,0.1191,16.4149,-0.0798,-0.980785,-0.19509,0
1036,17.2667,0.040183,0.1186,16.3365,-0.078417,-0.981627,-0.190809,0
1037,17.2833,0.03805,0.1185,16.256,-0.08045,-0.98245,-0.186524,0
1038,17.3,0.034883,0.1196,16.1713,-0.084717,-0.983255,-0.182236,0
1039,17.3167,0.033983,0.1209,16.0844,-0.086917,-0.984041,-0.177944,0
1040,17.3333,0.03495,0.1217,15.9976,-0.08675,-0.984808,-0.173648,0
1041,17.35,0.039,0.118,15.9186,-0.079,-0.985556,-0.16935,0
1042,17.3667,0.031767,0.1187,15.8317,-0.086933,-0.986286,-0.165048,0
1043,17.3833,0.032633,0.1175,15.7468,-0.084867,-0.986996,-0.160743,0
1044,17.4,0.0298,0.1194,15.6572,-0.0896,-0.987688,-0.156434,0
1045,17.4167,0.0349,0.12,15.5721,-0.0851,-0.988362,-0.152123,0
1046,17.4333,0.034467,0.1151,15.4915,-0.080633,-0.989016,-0.147809,0
1047,17.45,0.027517,0.117,15.402,-0.089483,-0.989651,-0.143493,0
1048,17.4667,0.02705,0.1196,15.3094,-0.09255,-0.990268,-0.139173,0
1049,17.4833,0.027683,0.1176,15.2195,-0.089917,-0.990866,-0.134851,0
1050,17.5,0.023317,0.1202,15.1226,-0.096883,-0.991445,-0.130526,0
1051,17.5167,0.027767,0.1196,15.0308,-0.091833,-0.992005,-0.126199,0
1052,17.5333,0.026617,0.1219,14.9355,-0.095283,-0.992546,-0.121869,0
1053,17.55,0.02095,0.117,14.8394,-0.09605,-0.993068,-0.117537,0
1054,17.5667,0.023967,0.1237,14.7397,-0.099733,-0.993572,-0.113203,0
1055,17.5833,0.016717,0.1198,14.6366,-0.103083,-0.994056,-0.108867,0
1056,17.6,0.01845,0.1188,14.5362,-0.10035,-0.994522,-0.104528,0
1057,17.6167,0.017733,0.038,14.5159,-0.020267,-0.994969,-0.100188,0
1058,17.6333,0.0156,0.0365,14.495,-0.0209,-0.995396,-0.095846,0
1059,17.65,0.016433,0.0405,14.4709,-0.024067,-0.995805,-0.091502,0
1060,17.6667,0.017583,0.0347,14.4538,-0.017117,-0.996195,-0.087156,0
1061,17.6833,0.011933,0.038,14.4277,-0.026067,-0.996566,-0.082808,0
1062,17.7,0.01475,0.0358,14.4066,-0.02105,-0.996917,-0.078459,0
1063,17.7167,0.019233,0.0376,14.3882,-0.018367,-0.99725,-0.074108,0
1064,17.7333,0.007733,0.0345,14.3614,-0.026767,-0.997564,-0.069756,0
1065,17.75,0.014183,0.0367,14.3389,-0.022517,-0.997859,-0.065403,0
1066,17.7667,0.018083,0.0379,14.3191,-0.019817,-0.998135,-0.061049,0
1067,17.7833,0.011533,0.0341,14.2965,-0.022567,-0.998392,-0.056693,0
1068,17.8,0.0088,0.0398,14.2655,-0.031,-0.99863,-0.052336,0
1069,17.8167,0.011433,0.0349,14.242,-0.023467,-0.998848,-0.047978,0
1070,17.8333,0.007617,0.0383,14.2113,-0.030683,-0.999048,-0.043619,0
1071,17.85,0.005717,0.0366,14.1804,-0.030883,-0.999229,-0.03926,0
1072,17.8667,0.012533,0.0374,14.1555,-0.024867,-0.999391,-0.034899,0
1073,17.8833,0.007167,0.0406,14.1221,-0.033433,-0.999534,-0.030539,0
1074,17.9,0.005283,0.0336,14.0938,-0.028317,-0.999657,-0.026177,0
1075,17.9167,0.001633,0.0345,14.0609,-0.032867,-0.999762,-0.021815,0
1076,17.9333,0.0,0.0384,14.0225,-0.0384,-0.999848,-0.017452,0
1077,17.95,0.0,0.0316,13.9909,-0.0316,-0.999914,-0.01309,0
1078,17.9667,0.0,0.0355,13.9554,-0.0355,-0.999962,-0.008727,0
1079,17.9833,0.000833,0.0333,13.9229,-0.032467,-0.99999,-0.004363,0
1080,18.0,0.0,0.0827,13.8402,-0.0827,-1.0,-0.0,0
1081,18.0167,0.0,0.0849,13.7553,-0.0849,-0.99999,0.004363,0
1082,18.0333,0.0,0.0839,13.6714,-0.0839,-0.999962,0.008727,0
1083,18.05,0.0,0.0838,13.5876,-0.0838,-0.999914,0.01309,0
1084,18.0667,0.0,0.0856,13.502,-0.0856,-0.999848,0.017452,0
1085,18.0833,0.0,0.0877,13.4143,-0.0877,-0.999762,0.021815,0
1086,18.1,0.0,0.0861,13.3282,-0.0861,-0.999657,0.026177,0
1087,18.1167,0.0,0.0828,13.2454,-0.0828,-0.999534,0.030539,0
1088,18.1333,0.0,0.0882,13.1572,-0.0882,-0.999391,0.034899,0
1089,18.15,0.0,0.0887,13.0685,-0.0887,-0.999229,0.03926,0
1090,18.1667,0.0,0.0864,12.9821,-0.0864,-0.999048,0.043619,0
1091,18.1833,0.0,0.0866,12.8955,-0.0866,-0.998848,0.047978,0
1092,18.2,0.0,0.0815,12.814,-0.0815,-0.99863,0.052336,0
1093,18.2167,0.0,0.0846,12.7294,-0.0846,-0.998392,0.056693,0
1094,18.2333,0.0,0.0831,12.6463,-0.0831,-0.998135,0.061049,0
1095,18.25,0.0,0.0873,12.559,-0.0873,-0.997859,0.065403,0
1096,18.2667,0.0,0.0848,12.4742,-0.0848,-0.997564,0.069756,0
1097,18.2833,0.0,0.0843,12.3899,-0.0843,-0.99725,0.074108,0
1098,18.3,0.0,0.0854,12.3045,-0.0854,-0.996917,0.078459,0
1099,18.3167,0.0,0.0833,12.2212,-0.0833,-0.996566,0.082808,0
1100,18.3333,0.0,0.09,12.1312,-0.09,-0.996195,0.087156,0
1101,18.35,0.0,0.0888,12.0424,-0.0888,-0.995805,0.091502,0
1102,18.3667,0.0,0.0805,11.9619,-0.0805,-0.995396,0.095846,0
1103,18.3833,0.0,0.0858,11.8761,-0.0858,-0.994969,0.100188,0
1104,18.4,0.0,0.0832,11.7929,-0.0832,-0.994522,0.104528,0
1105,18.4167,0.0,0.0864,11.7065,-0.0864,-0.994056,0.108867,0
1106,18.4333,0.0,0.0838,11.6227,-0.0838,-0.993572,0.113203,0
1107,18.45,0.0,0.0825,11.5402,-0.0825,-0.993068,0.117537,0
1108,18.4667,0.0,0.0815,11.4587,-0.0815,-0.992546,0.121869,0
1109,18.4833,0.0,0.0844,11.3743,-0.0844,-0.992005,0.126199,0
1110,18.5,0.0,0.0851,11.2892,-0.0851,-0.991445,0.130526,0
1111,18.5167,0.0,0.0822,11.207,-0.0822,-0.990866,0.134851,0
1112,18.5333,0.0,0.0841,11.1229,-0.0841,-0.990268,0.139173,0
1113,18.55,0.0,0.0836,11.0393,-0.0836,-0.989651,0.143493,0
1114,18.5667,0.0,0.0844,10.9549,-0.0844,-0.989016,0.147809,0
1115,18.5833,0.0,0.0843,10.8706,-0.0843,-0.988362,0.152123,0
1116,18.6,0.0,0.0853,10.7853,-0.0853,-0.987688,0.156434,0
1117,18.6167,0.0,0.0832,10.7021,-0.0832,-0.986996,0.160743,0
1118,18.6333,0.0,0.0806,10.6215,-0.0806,-0.986286,0.165048,0
1119,18.65,0.0,0.0848,10.5367,-0.0848,-0.985556,0.16935,0
1120,18.6667,0.0,0.0849,10.4518,-0.0849,-0.984808,0.173648,0
1121,18.6833,0.0,0.0824,10.3694,-0.0824,-0.984041,0.177944,0
1122,18.7,0.0,0.0866,10.2828,-0.0866,-0.983255,0.182236,0
1123,18.7167,0.0,0.0837,10.1991,-0.0837,-0.98245,0.186524,0
1124,18.7333,0.0,0.086,10.1131,-0.086,-0.981627,0.190809,0
1125,18.75,0.0,0.0858,10.0273,-0.0858,-0.980785,0.19509,0
1126,18.7667,0.0,0.0823,9.945,-0.0823,-0.979925,0.199368,0
1127,18.7833,0.0,0.086,9.859,-0.086,-0.979045,0.203642,0
1128,18.8,0.0,0.0842,9.7748,-0.0842,-0.978148,0.207912,0
1129,18.8167,0.0,0.0867,9.6881,-0.0867,-0.977231,0.212178,0
1130,18.8333,0.0,0.0816,9.6065,-0.0816,-0.976296,0.21644,0
1131,18.85,0.0,0.0868,9.5197,-0.0868,-0.975342,0.220697,0
1132,18.8667,0.0,0.0854,9.4343,-0.0854,-0.97437,0.224951,0
1133,18.8833,0.0,0.0841,9.3502,-0.0841,-0.973379,0.2292,0
1134,18.9,0.0,0.0861,9.2641,-0.0861,-0.97237,0.233445,0
1135,18.9167,0.0,0.0864,9.1777,-0.0864,-0.971342,0.237686,0
1136,18.9333,0.0,0.0848,9.0929,-0.0848,-0.970296,0.241922,0
1137,18.95,0.0,0.0849,9.008,-0.0849,-0.969231,0.246153,0
1138,18.9667,0.0,0.0851,8.9229,-0.0851,-0.968148,0.25038,0
1139,18.9833,0.0,0.0848,8.8381,-0.0848,-0.967046,0.254602,0
1140,19.0,0.0,0.0854,8.7527,-0.0854,-0.965926,0.258819,0
1141,19.0167,0.0,0.0859,8.6668,-0.0859,-0.964787,0.263031,0
1142,19.0333,0.0,0.0848,8.582,-0.0848,-0.96363,0.267238,0
1143,19.05,0.0,0.0855,8.4965,-0.0855,-0.962455,0.27144,0
1144,19.0667,0.0,0.0816,8.4149,-0.0816,-0.961262,0.275637,0
1145,19.0833,0.0,0.0821,8.3328,-0.0821,-0.96005,0.279829,0
1146,19.1,0.0,0.0858,8.247,-0.0858,-0.95882,0.284015,0
1147,19.1167,0.0,0.0839,8.1631,-0.0839,-0.957571,0.288196,0
1148,19.1333,0.0,0.0882,8.0749,-0.0882,-0.956305,0.292372,0
1149,19.15,0.0,0.0861,7.9888,-0.0861,-0.95502,0.296542,0
1150,19.1667,0.0,0.0883,7.9005,-0.0883,-0.953717,0.300706,0
1151,19.1833,0.0,0.1532,7.7473,-0.1532,-0.952396,0.304864,0
1152,19.2,0.0,0.1526,7.5947,-0.1526,-0.951057,0.309017,0
1153,19.2167,0.0,0.1523,7.4424,-0.1523,-0.949699,0.313164,0
1154,19.2333,0.0,0.1524,7.29,-0.1524,-0.948324,0.317305,0
1155,19.25,0.0,0.1546,7.1354,-0.1546,-0.94693,0.321439,0
1156,19.2667,0.0,0.1522,6.9832,-0.1522,-0.945519,0.325568,0
1157,19.2833,0.0,0.1548,6.8284,-0.1548,-0.944089,0.329691,0
1158,19.3,0.0,0.1501,6.6783,-0.1501,-0.942641,0.333807,0
1159,19.3167,0.0,0.1522,6.5261,-0.1522,-0.941176,0.337917,0
1160,19.3333,0.0,0.149,6.3771,-0.149,-0.939693,0.34202,0
1161,19.35,0.0,0.1517,6.2254,-0.1517,-0.938191,0.346117,0
1162,19.3667,0.0,0.1536,6.0718,-0.1536,-0.936672,0.350207,0
1163,19.3833,0.0,0.1518,5.92,-0.1518,-0.935135,0.354291,0
1164,19.4,0.0,0.1546,5.7654,-0.1546,-0.93358,0.358368,0
1165,19.4167,0.0,0.1511,5.6143,-0.1511,-0.932008,0.362438,0
1166,19.4333,0.0,0.1489,5.4654,-0.1489,-0.930418,0.366501,0
1167,19.45,0.0,0.1521,5.3133,-0.1521,-0.92881,0.370557,0
1168,19.4667,0.0,0.1539,5.1594,-0.1539,-0.927184,0.374607,0
1169,19.4833,0.0,0.1518,5.0076,-0.1518,-0.925541,0.378649,0
1170,19.5,0.0,0.1529,4.8547,-0.1529,-0.92388,0.382683,0
1171,19.5167,0.0,0.1528,4.7019,-0.1528,-0.922201,0.386711,0
1172,19.5333,0.0,0.1519,4.55,-0.1519,-0.920505,0.390731,0
1173,19.55,0.0,0.1515,4.3985,-0.1515,-0.918791,0.394744,0
1174,19.5667,0.0,0.1515,4.247,-0.1515,-0.91706,0.398749,0
1175,19.5833,0.0,0.1518,4.0952,-0.1518,-0.915311,0.402747,0
1176,19.6,0.0,0.1482,3.947,-0.1482,-0.913545,0.406737,0
1177,19.6167,0.0,0.1518,3.7952,-0.1518,-0.911762,0.410719,0
1178,19.6333,0.0,0.1535,3.6417,-0.1535,-0.909961,0.414693,0
1179,19.65,0.0,0.1534,3.4883,-0.1534,-0.908143,0.41866,0
1180,19.6667,0.0,0.1543,3.334,-0.1543,-0.906308,0.422618,0
1181,19.6833,0.0,0.1516,3.1824,-0.1516,-0.904455,0.426569,0
1182,19.7,0.0,0.1545,3.0279,-0.1545,-0.902585,0.430511,0
1183,19.7167,0.0,0.1523,2.8756,-0.1523,-0.900698,0.434445,0
1184,19.7333,0.0,0.1496,2.726,-0.1496,-0.898794,0.438371,0
1185,19.75,0.0,0.1524,2.5736,-0.1524,-0.896873,0.442289,0
1186,19.7667,0.0,0.1493,2.4243,-0.1493,-0.894934,0.446198,0
1187,19.7833,0.0,0.1547,2.2696,-0.1547,-0.892979,0.450098,0
1188,19.8,0.0,0.1554,2.1142,-0.1554,-0.891007,0.45399,0
1189,19.8167,0.0,0.1519,1.9623,-0.1519,-0.889017,0.457874,0
1190,19.8333,0.0,0.1554,1.8069,-0.1554,-0.887011,0.461749,0
1191,19.85,0.0,0.1491,1.6578,-0.1491,-0.884988,0.465615,0
1192,19.8667,0.0,0.1502,1.5076,-0.1502,-0.882948,0.469472,0
1193,19.8833,0.0,0.1527,1.3549,-0.1527,-0.880891,0.47332,0
1194,19.9,0.0,0.1522,1.2027,-0.1522,-0.878817,0.477159,0
1195,19.9167,0.0,0.1566,1.0461,-0.1566,-0.876727,0.480989,0
1196,19.9333,0.0,0.1524,0.8937,-0.1524,-0.87462,0.48481,0
1197,19.95,0.0,0.1542,0.7395,-0.1542,-0.872496,0.488621,0
1198,19.9667,0.0,0.1507,0.5888,-0.1507,-0.870356,0.492424,0
1199,19.9833,0.0,0.1505,0.4383,-0.1505,-0.868199,0.496217,0
1200,20.0,0.0,0.1533,0.285,-0.1533,-0.866025,0.5,0
1201,20.0167,0.0,0.1531,0.1319,-0.1531,-0.863836,0.503774,0
1202,20.0333,0.0,0.1529,0.0,-0.1529,-0.861629,0.507538,1
1203,20.05,0.0,0.1528,0.0,-0.1528,-0.859406,0.511293,1
1204,20.0667,0.0,0.154,0.0,-0.154,-0.857167,0.515038,1
1205,20.0833,0.0,0.1485,0.0,-0.1485,-0.854912,0.518773,1
1206,20.1,0.0,0.148,0.0,-0.148,-0.85264,0.522499,1
1207,20.1167,0.0,0.1499,0.0,-0.1499,-0.850352,0.526214,1
1208,20.1333,0.0,0.1525,0.0,-0.1525,-0.848048,0.529919,1
1209,20.15,0.0,0.1507,0.0,-0.1507,-0.845728,0.533615,1
1210,20.1667,0.0,0.1509,0.0,-0.1509,-0.843391,0.5373,1
1211,20.1833,0.0,0.1543,0.0,-0.1543,-0.841039,0.540974,1
1212,20.2,0.0,0.1468,0.0,-0.1468,-0.838671,0.544639,1
1213,20.2167,0.0,0.1516,0.0,-0.1516,-0.836286,0.548293,1
1214,20.2333,0.0,0.1539,0.0,-0.1539,-0.833886,0.551937,1
1215,20.25,0.0,0.0831,0.0,-0.0831,-0.83147,0.55557,1
1216,20.2667,0.0,0.085,0.0,-0.085,-0.829038,0.559193,1
1217,20.2833,0.0,0.0855,0.0,-0.0855,-0.82659,0.562805,1
1218,20.3,0.0,0.0826,0.0,-0.0826,-0.824126,0.566406,1
1219,20.3167,0.0,0.0843,0.0,-0.0843,-0.821647,0.569997,1
1220,20.3333,0.0,0.0847,0.0,-0.0847,-0.819152,0.573576,1
1221,20.35,0.0,0.0839,0.0,-0.0839,-0.816642,0.577145,1
1222,20.3667,0.0,0.0882,0.0,-0.0882,-0.814116,0.580703,1
1223,20.3833,0.0,0.0847,0.0,-0.0847,-0.811574,0.58425,1
1224,20.4,0.0,0.0868,0.0,-0.0868,-0.809017,0.587785,1
1225,20.4167,0.0,0.0833,0.0,-0.0833,-0.806445,0.59131,1
1226,20.4333,0.0,0.08,0.0,-0.08,-0.803857,0.594823,1
1227,20.45,0.0,0.0827,0.0,-0.0827,-0.801254,0.598325,1
1228,20.4667,0.0,0.0891,0.0,-0.0891,-0.798636,0.601815,1
1229,20.4833,0.0,0.0847,0.0,-0.0847,-0.796002,0.605294,1
1230,20.5,0.0,0.0856,0.0,-0.0856,-0.793353,0.608761,1
1231,20.5167,0.0,0.1477,0.0,-0.1477,-0.79069,0.612217,1
1232,20.5333,0.0,0.147,0.0,-0.147,-0.788011,0.615661,1
1233,20.55,0.0,0.1499,0.0,-0.1499,-0.785317,0.619094,1
1234,20.5667,0.0,0.1519,0.0,-0.1519,-0.782608,0.622515,1
1235,20.5833,0.0,0.1507,0.0,-0.1507,-0.779884,0.625923,1
1236,20.6,0.0,0.1484,0.0,-0.1484,-0.777146,0.62932,1
1237,20.6167,0.0,0.1478,0.0,-0.1478,-0.774393,0.632705,1
1238,20.6333,0.0,0.1524,0.0,-0.1524,-0.771625,0.636078,1
1239,20.65,0.0,0.1472,0.0,-0.1472,-0.768842,0.639439,1
1240,20.6667,0.0,0.1464,0.0,-0.1464,-0.766044,0.642788,1
1241,20.6833,0.0,0.1497,0.0,-0.1497,-0.763232,0.646124,1
1242,20.7,0.0,0.1505,0.0,-0.1505,-0.760406,0.649448,1
1243,20.7167,0.0,0.1503,0.0,-0.1503,-0.757565,0.65276,1
1244,20.7333,0.0,0.1488,0.0,-0.1488,-0.75471,0.656059,1
1245,20.75,0.0,0.1481,0.0,-0.1481,-0.75184,0.659346,1
1246,20.7667,0.0,0.1506,0.0,-0.1506,-0.748956,0.66262,1
1247,20.7833,0.0,0.1484,0.0,-0.1484,-0.746057,0.665882,1
1248,20.8,0.0,0.1525,0.0,-0.1525,-0.743145,0.669131,1
1249,20.8167,0.0,0.1434,0.0,-0.1434,-0.740218,0.672367,1
1250,20.8333,0.0,0.1453,0.0,-0.1453,-0.737277,0.67559,1
1251,20.85,0.0,0.1524,0.0,-0.1524,-0.734323,0.678801,1
1252,20.8667,0.0,0.1503,0.0,-0.1503,-0.731354,0.681998,1
1253,20.8833,0.0,0.1546,0.0,-0.1546,-0.728371,0.685183,1
1254,20.9,0.0,0.1476,0.0,-0.1476,-0.725374,0.688355,1
1255,20.9167,0.0,0.1518,0.0,-0.1518,-0.722364,0.691513,1
1256,20.9333,0.0,0.1478,0.0,-0.1478,-0.71934,0.694658,1
1257,20.95,0.0,0.1499,0.0,-0.1499,-0.716302,0.69779,1
1258,20.9667,0.0,0.1507,0.0,-0.1507,-0.71325,0.700909,1
1259,20.9833,0.0,0.0842,0.0,-0.0842,-0.710185,0.704015,1
1260,21.0,0.0,0.0858,0.0,-0.0858,-0.707107,0.707107,1
1261,21.0167,0.0,0.0829,0.0,-0.0829,-0.704015,0.710185,1
1262,21.0333,0.0,0.0851,0.0,-0.0851,-0.700909,0.71325,1
1263,21.05,0.0,0.0895,0.0,-0.0895,-0.69779,0.716302,1
1264,21.0667,0.0,0.0834,0.0,-0.0834,-0.694658,0.71934,1
1265,21.0833,0.0,0.0835,0.0,-0.0835,-0.691513,0.722364,1
1266,21.1,0.0,0.0838,0.0,-0.0838,-0.688355,0.725374,1
1267,21.1167,0.0,0.0847,0.0,-0.0847,-0.685183,0.728371,1
1268,21.1333,0.0,0.0868,0.0,-0.0868,-0.681998,0.731354,1
1269,21.15,0.0,0.0854,0.0,-0.0854,-0.678801,0.734323,1
1270,21.1667,0.0,0.087,0.0,-0.087,-0.67559,0.737277,1
1271,21.1833,0.0,0.0837,0.0,-0.0837,-0.672367,0.740218,1
1272,21.2,0.0,0.0854,0.0,-0.0854,-0.669131,0.743145,1
1273,21.2167,0.0,0.0843,0.0,-0.0843,-0.665882,0.746057,1
1274,21.2333,0.0,0.084,0.0,-0.084,-0.66262,0.748956,1
1275,21.25,0.0,0.0813,0.0,-0.0813,-0.659346,0.75184,1
1276,21.2667,0.0,0.088,0.0,-0.088,-0.656059,0.75471,1
1277,21.2833,0.0,0.0874,0.0,-0.0874,-0.65276,0.757565,1
1278,21.3,0.0,0.0845,0.0,-0.0845,-0.649448,0.760406,1
1279,21.3167,0.0,0.0816,0.0,-0.0816,-0.646124,0.763232,1
1280,21.3333,0.0,0.0825,0.0,-0.0825,-0.642788,0.766044,1
1281,21.35,0.0,0.0857,0.0,-0.0857,-0.639439,0.768842,1
1282,21.3667,0.0,0.0829,0.0,-0.0829,-0.636078,0.771625,1
1283,21.3833,0.0,0.0826,0.0,-0.0826,-0.632705,0.774393,1
1284,21.4,0.0,0.0855,0.0,-0.0855,-0.62932,0.777146,1
1285,21.4167,0.0,0.0847,0.0,-0.0847,-0.625923,0.779884,1
1286,21.4333,0.0,0.086,0.0,-0.086,-0.622515,0.782608,1
1287,21.45,0.0,0.0859,0.0,-0.0859,-0.619094,0.785317,1
1288,21.4667,0.0,0.0839,0.0,-0.0839,-0.615661,0.788011,1
1289,21.4833,0.0,0.0849,0.0,-0.0849,-0.612217,0.79069,1
1290,21.5,0.0,0.0872,0.0,-0.0872,-0.608761,0.793353,1
1291,21.5167,0.0,0.0857,0.0,-0.0857,-0.605294,0.796002,1
1292,21.5333,0.0,0.0929,0.0,-0.0929,-0.601815,0.798636,1
1293,21.55,0.0,0.0879,0.0,-0.0879,-0.598325,0.801254,1
1294,21.5667,0.0,0.0884,0.0,-0.0884,-0.594823,0.803857,1
1295,21.5833,0.0,0.0843,0.0,-0.0843,-0.59131,0.806445,1
1296,21.6,0.0,0.0866,0.0,-0.0866,-0.587785,0.809017,1
1297,21.6167,0.0,0.087,0.0,-0.087,-0.58425,0.811574,1
1298,21.6333,0.0,0.0884,0.0,-0.0884,-0.580703,0.814116,1
1299,21.65,0.0,0.086,0.0,-0.086,-0.577145,0.816642,1
1300,21.6667,0.0,0.0861,0.0,-0.0861,-0.573576,0.819152,1
1301,21.6833,0.0,0.0855,0.0,-0.0855,-0.569997,0.821647,1
1302,21.7,0.0,0.0887,0.0,-0.0887,-0.566406,0.824126,1
1303,21.7167,0.0,0.0866,0.0,-0.0866,-0.562805,0.82659,1
1304,21.7333,0.0,0.0829,0.0,-0.0829,-0.559193,0.829038,1
1305,21.75,0.0,0.0834,0.0,-0.0834,-0.55557,0.83147,1
1306,21.7667,0.0,0.0798,0.0,-0.0798,-0.551937,0.833886,1
1307,21.7833,0.0,0.083,0.0,-0.083,-0.548293,0.836286,1
1308,21.8,0.0,0.0856,0.0,-0.0856,-0.544639,0.838671,1
1309,21.8167,0.0,0.0885,0.0,-0.0885,-0.540974,0.841039,1
1310,21.8333,0.0,0.0834,0.0,-0.0834,-0.5373,0.843391,1
1311,21.85,0.0,0.0841,0.0,-0.0841,-0.533615,0.845728,1
1312,21.8667,0.0,0.0868,0.0,-0.0868,-0.529919,0.848048,1
1313,21.8833,0.0,0.0869,0.0,-0.0869,-0.526214,0.850352,1
1314,21.9,0.0,0.0849,0.0,-0.0849,-0.522499,0.85264,1
1315,21.9167,0.0,0.0854,0.0,-0.0854,-0.518773,0.854912,1
1316,21.9333,0.0,0.0814,0.0,-0.0814,-0.515038,0.857167,1
1317,21.95,0.0,0.0862,0.0,-0.0862,-0.511293,0.859406,1
1318,21.9667,0.0,0.0879,0.0,-0.0879,-0.507538,0.861629,1
1319,21.9833,0.0,0.0877,0.0,-0.0877,-0.503774,0.863836,1
1320,22.0,0.0,0.022,0.0,-0.022,-0.5,0.866025,1
1321,22.0167,0.0,0.0161,0.0,-0.0161,-0.496217,0.868199,1
1322,22.0333,0.0,0.0204,0.0,-0.0204,-0.492424,0.870356,1
1323,22.05,0.0,0.0212,0.0,-0.0212,-0.488621,0.872496,1
1324,22.0667,0.0,0.0177,0.0,-0.0177,-0.48481,0.87462,1
1325,22.0833,0.0,0.0239,0.0,-0.0239,-0.480989,0.876727,1
1326,22.1,0.0,0.021,0.0,-0.021,-0.477159,0.878817,1
1327,22.1167,0.0,0.023,0.0,-0.023,-0.47332,0.880891,1
1328,22.1333,0.0,0.0202,0.0,-0.0202,-0.469472,0.882948,1
1329,22.15,0.0,0.0236,0.0,-0.0236,-0.465615,0.884988,1
1330,22.1667,0.0,0.021,0.0,-0.021,-0.461749,0.887011,1
1331,22.1833,0.0,0.022,0.0,-0.022,-0.457874,0.889017,1
1332,22.2,0.0,0.0211,0.0,-0.0211,-0.45399,0.891007,1
1333,22.2167,0.0,0.0184,0.0,-0.0184,-0.450098,0.892979,1
1334,22.2333,0.0,0.0193,0.0,-0.0193,-0.446198,0.894934,1
1335,22.25,0.0,0.0217,0.0,-0.0217,-0.442289,0.896873,1
1336,22.2667,0.0,0.0181,0.0,-0.0181,-0.438371,0.898794,1
1337,22.2833,0.0,0.021,0.0,-0.021,-0.434445,0.900698,1
1338,22.3,0.0,0.0221,0.0,-0.0221,-0.430511,0.902585,1
1339,22.3167,0.0,0.0181,0.0,-0.0181,-0.426569,0.904455,1
1340,22.3333,0.0,0.0182,0.0,-0.0182,-0.422618,0.906308,1
1341,22.35,0.0,0.0255,0.0,-0.0255,-0.41866,0.908143,1
1342,22.3667,0.0,0.0216,0.0,-0.0216,-0.414693,0.909961,1
1343,22.3833,0.0,0.0176,0.0,-0.0176,-0.410719,0.911762,1
1344,22.4,0.0,0.0222,0.0,-0.0222,-0.406737,0.913545,1
1345,22.4167,0.0,0.0182,0.0,-0.0182,-0.402747,0.915311,1
1346,22.4333,0.0,0.0189,0.0,-0.0189,-0.398749,0.91706,1
1347,22.45,0.0,0.0233,0.0,-0.0233,-0.394744,0.918791,1
1348,22.4667,0.0,0.0192,0.0,-0.0192,-0.390731,0.920505,1
1349,22.4833,0.0,0.0212,0.0,-0.0212,-0.386711,0.922201,1
1350,22.5,0.0,0.021,0.0,-0.021,-0.382683,0.92388,1
1351,22.5167,0.0,0.0198,0.0,-0.0198,-0.378649,0.925541,1
1352,22.5333,0.0,0.0206,0.0,-0.0206,-0.374607,0.927184,1
1353,22.55,0.0,0.0207,0.0,-0.0207,-0.370557,0.92881,1
1354,22.5667,0.0,0.0222,0.0,-0.0222,-0.366501,0.930418,1
1355,22.5833,0.0,0.0205,0.0,-0.0205,-0.362438,0.932008,1
1356,22.6,0.0,0.0201,0.0,-0.0201,-0.358368,0.93358,1
1357,22.6167,0.0,0.0233,0.0,-0.0233,-0.354291,0.935135,1
1358,22.6333,0.0,0.0203,0.0,-0.0203,-0.350207,0.936672,1
1359,22.65,0.0,0.0194,0.0,-0.0194,-0.346117,0.938191,1
1360,22.6667,0.0,0.0183,0.0,-0.0183,-0.34202,0.939693,1
1361,22.6833,0.0,0.0229,0.0,-0.0229,-0.337917,0.941176,1
1362,22.7,0.0,0.0193,0.0,-0.0193,-0.333807,0.942641,1
1363,22.7167,0.0,0.0201,0.0,-0.0201,-0.329691,0.944089,1
1364,22.7333,0.0,0.0205,0.0,-0.0205,-0.325568,0.945519,1
1365,22.75,0.0,0.0181,0.0,-0.0181,-0.321439,0.94693,1
1366,22.7667,0.0,0.0243,0.0,-0.0243,-0.317305,0.948324,1
1367,22.7833,0.0,0.0217,0.0,-0.0217,-0.313164,0.949699,1
1368,22.8,0.0,0.0184,0.0,-0.0184,-0.309017,0.951057,1
1369,22.8167,0.0,0.0195,0.0,-0.0195,-0.304864,0.952396,1
1370,22.8333,0.0,0.0206,0.0,-0.0206,-0.300706,0.953717,1
1371,22.85,0.0,0.0233,0.0,-0.0233,-0.296542,0.95502,1
1372,22.8667,0.0,0.021,0.0,-0.021,-0.292372,0.956305,1
1373,22.8833,0.0,0.0221,0.0,-0.0221,-0.288196,0.957571,1
1374,22.9,0.0,0.0215,0.0,-0.0215,-0.284015,0.95882,1
1375,22.9167,0.0,0.0175,0.0,-0.0175,-0.279829,0.96005,1
1376,22.9333,0.0,0.0177,0.0,-0.0177,-0.275637,0.961262,1
1377,22.95,0.0,0.0205,0.0,-0.0205,-0.27144,0.962455,1
1378,22.9667,0.0,0.021,0.0,-0.021,-0.267238,0.96363,1
1379,22.9833,0.0,0.0211,0.0,-0.0211,-0.263031,0.964787,1
1380,23.0,0.0,0.0228,0.0,-0.0228,-0.258819,0.965926,1
1381,23.0167,0.0,0.0245,0.0,-0.0245,-0.254602,0.967046,1
1382,23.0333,0.0,0.0222,0.0,-0.0222,-0.25038,0.968148,1
1383,23.05,0.0,0.0188,0.0,-0.0188,-0.246153,0.969231,1
1384,23.0667,0.0,0.0228,0.0,-0.0228,-0.241922,0.970296,1
1385,23.0833,0.0,0.0222,0.0,-0.0222,-0.237686,0.971342,1
1386,23.1,0.0,0.0195,0.0,-0.0195,-0.233445,0.97237,1
1387,23.1167,0.0,0.0202,0.0,-0.0202,-0.2292,0.973379,1
1388,23.1333,0.0,0.0174,0.0,-0.0174,-0.224951,0.97437,1
1389,23.15,0.0,0.0214,0.0,-0.0214,-0.220697,0.975342,1
1390,23.1667,0.0,0.0199,0.0,-0.0199,-0.21644,0.976296,1
1391,23.1833,0.0,0.0213,0.0,-0.0213,-0.212178,0.977231,1
1392,23.2,0.0,0.02,0.0,-0.02,-0.207912,0.978148,1
1393,23.2167,0.0,0.0211,0.0,-0.0211,-0.203642,0.979045,1
1394,23.2333,0.0,0.0198,0.0,-0.0198,-0.199368,0.979925,1
1395,23.25,0.0,0.0205,0.0,-0.0205,-0.19509,0.980785,1
1396,23.2667,0.0,0.0196,0.0,-0.0196,-0.190809,0.981627,1
1397,23.2833,0.0,0.0215,0.0,-0.0215,-0.186524,0.98245,1
1398,23.3,0.0,0.0226,0.0,-0.0226,-0.182236,0.983255,1
1399,23.3167,0.0,0.0229,0.0,-0.0229,-0.177944,0.984041,1
1400,23.3333,0.0,0.0182,0.0,-0.0182,-0.173648,0.984808,1
1401,23.35,0.0,0.0227,0.0,-0.0227,-0.16935,0.985556,1
1402,23.3667,0.0,0.0229,0.0,-0.0229,-0.165048,0.986286,1
1403,23.3833,0.0,0.0174,0.0,-0.0174,-0.160743,0.986996,1
1404,23.4,0.0,0.0188,0.0,-0.0188,-0.156434,0.987688,1
1405,23.4167,0.0,0.0199,0.0,-0.0199,-0.152123,0.988362,1
1406,23.4333,0.0,0.0179,0.0,-0.0179,-0.147809,0.989016,1
1407,23.45,0.0,0.0201,0.0,-0.0201,-0.143493,0.989651,1
1408,23.4667,0.0,0.0211,0.0,-0.0211,-0.139173,0.990268,1
1409,23.4833,0.0,0.0209,0.0,-0.0209,-0.134851,0.990866,1
1410,23.5,0.0,0.0214,0.0,-0.0214,-0.130526,0.991445,1
1411,23.5167,0.0,0.0214,0.0,-0.0214,-0.126199,0.992005,1
1412,23.5333,0.0,0.023,0.0,-0.023,-0.121869,0.992546,1
1413,23.55,0.0,0.0209,0.0,-0.0209,-0.117537,0.993068,1
1414,23.5667,0.0,0.0231,0.0,-0.0231,-0.113203,0.993572,1
1415,23.5833,0.0,0.0226,0.0,-0.0226,-0.108867,0.994056,1
1416,23.6,0.0,0.0187,0.0,-0.0187,-0.104528,0.994522,1
1417,23.6167,0.0,0.0176,0.0,-0.0176,-0.100188,0.994969,1
1418,23.6333,0.0,0.0233,0.0,-0.0233,-0.095846,0.995396,1
1419,23.65,0.0,0.0199,0.0,-0.0199,-0.091502,0.995805,1
1420,23.6667,0.0,0.0215,0.0,-0.0215,-0.087156,0.996195,1
1421,23.6833,0.0,0.02,0.0,-0.02,-0.082808,0.996566,1
1422,23.7,0.0,0.0154,0.0,-0.0154,-0.078459,0.996917,1
1423,23.7167,0.0,0.0217,0.0,-0.0217,-0.074108,0.99725,1
1424,23.7333,0.0,0.0173,0.0,-0.0173,-0.069756,0.997564,1
1425,23.75,0.0,0.0206,0.0,-0.0206,-0.065403,0.997859,1
1426,23.7667,0.0,0.0219,0.0,-0.0219,-0.061049,0.998135,1
1427,23.7833,0.0,0.0239,0.0,-0.0239,-0.056693,0.998392,1
1428,23.8,0.0,0.0204,0.0,-0.0204,-0.052336,0.99863,1
1429,23.8167,0.0,0.0187,0.0,-0.0187,-0.047978,0.998848,1
1430,23.8333,0.0,0.0229,0.0,-0.0229,-0.043619,0.999048,1
1431,23.85,0.0,0.0188,0.0,-0.0188,-0.03926,0.999229,1
1432,23.8667,0.0,0.0181,0.0,-0.0181,-0.034899,0.999391,1
1433,23.8833,0.0,0.0208,0.0,-0.0208,-0.030539,0.999534,1
1434,23.9,0.0,0.0195,0.0,-0.0195,-0.026177,0.999657,1
1435,23.9167,0.0,0.0227,0.0,-0.0227,-0.021815,0.999762,1
1436,23.9333,0.0,0.0229,0.0,-0.0229,-0.017452,0.999848,1
1437,23.95,0.0,0.0171,0.0,-0.0171,-0.01309,0.999914,1
1438,23.9667,0.0,0.0218,0.0,-0.0218,-0.008727,0.999962,1
1439,23.9833,0.0,0.023,0.0,-0.023,-0.004363,0.99999,1
1440,0.0,0.0,0.0211,0.0,-0.0211,0.0,1.0,1
1441,0.0167,0.0,0.0235,0.0,-0.0235,0.004363,0.99999,1
1442,0.0333,0.0,0.0192,0.0,-0.0192,0.008727,0.999962,1
1443,0.05,0.0,0.0221,0.0,-0.0221,0.01309,0.999914,1
1444,0.0667,0.0,0.0203,0.0,-0.0203,0.017452,0.999848,1
1445,0.0833,0.0,0.0224,0.0,-0.0224,0.021815,0.999762,1
1446,0.1,0.0,0.0245,0.0,-0.0245,0.026177,0.999657,1
1447,0.1167,0.0,0.0208,0.0,-0.0208,0.030539,0.999534,1
1448,0.1333,0.0,0.0211,0.0,-0.0211,0.034899,0.999391,1
1449,0.15,0.0,0.0149,0.0,-0.0149,0.03926,0.999229,1
1450,0.1667,0.0,0.017,0.0,-0.017,0.043619,0.999048,1
1451,0.1833,0.0,0.0209,0.0,-0.0209,0.047978,0.998848,1
1452,0.2,0.0,0.0223,0.0,-0.0223,0.052336,0.99863,1
1453,0.2167,0.0,0.0221,0.0,-0.0221,0.056693,0.998392,1
1454,0.2333,0.0,0.0213,0.0,-0.0213,0.061049,0.998135,1
1455,0.25,0.0,0.0217,0.0,-0.0217,0.065403,0.997859,1
1456,0.2667,0.0,0.0177,0.0,-0.0177,0.069756,0.997564,1
1457,0.2833,0.0,0.021,0.0,-0.021,0.074108,0.99725,1
1458,0.3,0.0,0.0226,0.0,-0.0226,0.078459,0.996917,1
1459,0.3167,0.0,0.0218,0.0,-0.0218,0.082808,0.996566,1
1460,0.3333,0.0,0.0226,0.0,-0.0226,0.087156,0.996195,1
1461,0.35,0.0,0.0198,0.0,-0.0198,0.091502,0.995805,1
1462,0.3667,0.0,0.0198,0.0,-0.0198,0.095846,0.995396,1
1463,0.3833,0.0,0.017,0.0,-0.017,0.100188,0.994969,1
1464,0.4,0.0,0.0196,0.0,-0.0196,0.104528,0.994522,1
1465,0.4167,0.0,0.0221,0.0,-0.0221,0.108867,0.994056,1
1466,0.4333,0.0,0.0202,0.0,-0.0202,0.113203,0.993572,1
1467,0.45,0.0,0.0246,0.0,-0.0246,0.117537,0.993068,1
1468,0.4667,0.0,0.0185,0.0,-0.0185,0.121869,0.992546,1
1469,0.4833,0.0,0.0228,0.0,-0.0228,0.126199,0.992005,1
1470,0.5,0.0,0.0194,0.0,-0.0194,0.130526,0.991445,1
1471,0.5167,0.0,0.0205,0.0,-0.0205,0.134851,0.990866,1
1472,0.5333,0.0,0.0195,0.0,-0.0195,0.139173,0.990268,1
1473,0.55,0.0,0.0235,0.0,-0.0235,0.143493,0.989651,1
1474,0.5667,0.0,0.0242,0.0,-0.0242,0.147809,0.989016,1
1475,0.5833,0.0,0.0219,0.0,-0.0219,0.152123,0.988362,1
1476,0.6,0.0,0.019,0.0,-0.019,0.156434,0.987688,1
1477,0.6167,0.0,0.0185,0.0,-0.0185,0.160743,0.986996,1
1478,0.6333,0.0,0.0182,0.0,-0.0182,0.165048,0.986286,1
1479,0.65,0.0,0.0214,0.0,-0.0214,0.16935,0.985556,1
1480,0.6667,0.0,0.0192,0.0,-0.0192,0.173648,0.984808,1
1481,0.6833,0.0,0.0223,0.0,-0.0223,0.177944,0.984041,1
1482,0.7,0.0,0.0207,0.0,-0.0207,0.182236,0.983255,1
1483,0.7167,0.0,0.0195,0.0,-0.0195,0.186524,0.98245,1
1484,0.7333,0.0,0.0216,0.0,-0.0216,0.190809,0.981627,1
1485,0.75,0.0,0.0239,0.0,-0.0239,0.19509,0.980785,1
1486,0.7667,0.0,0.0201,0.0,-0.0201,0.199368,0.979925,1
1487,0.7833,0.0,0.0227,0.0,-0.0227,0.203642,0.979045,1
1488,0.8,0.0,0.022,0.0,-0.022,0.207912,0.978148,1
1489,0.8167,0.0,0.0188,0.0,-0.0188,0.212178,0.977231,1
1490,0.8333,0.0,0.0197,0.0,-0.0197,0.21644,0.976296,1
1491,0.85,0.0,0.024,0.0,-0.024,0.220697,0.975342,1
1492,0.8667,0.0,0.0201,0.0,-0.0201,0.224951,0.97437,1
1493,0.8833,0.0,0.0225,0.0,-0.0225,0.2292,0.973379,1
1494,0.9,0.0,0.0185,0.0,-0.0185,0.233445,0.97237,1
1495,0.9167,0.0,0.019,0.0,-0.019,0.237686,0.971342,1
1496,0.9333,0.0,0.0207,0.0,-0.0207,0.241922,0.970296,1
1497,0.95,0.0,0.0187,0.0,-0.0187,0.246153,0.969231,1
1498,0.9667,0.0,0.0221,0.0,-0.0221,0.25038,0.968148,1
1499,0.9833,0.0,0.0203,0.0,-0.0203,0.254602,0.967046,1
1500,1.0,0.0,0.0179,0.0,-0.0179,0.258819,0.965926,1
1501,1.0167,0.0,0.0176,0.0,-0.0176,0.263031,0.964787,1
1502,1.0333,0.0,0.0201,0.0,-0.0201,0.267238,0.96363,1
1503,1.05,0.0,0.0216,0.0,-0.0216,0.27144,0.962455,1
1504,1.0667,0.0,0.0225,0.0,-0.0225,0.275637,0.961262,1
1505,1.0833,0.0,0.0183,0.0,-0.0183,0.279829,0.96005,1
1506,1.1,0.0,0.0184,0.0,-0.0184,0.284015,0.95882,1
1507,1.1167,0.0,0.0212,0.0,-0.0212,0.288196,0.957571,1
1508,1.1333,0.0,0.0209,0.0,-0.0209,0.292372,0.956305,1
1509,1.15,0.0,0.0233,0.0,-0.0233,0.296542,0.95502,1
1510,1.1667,0.0,0.022,0.0,-0.022,0.300706,0.953717,1
1511,1.1833,0.0,0.0254,0.0,-0.0254,0.304864,0.952396,1
1512,1.2,0.0,0.0216,0.0,-0.0216,0.309017,0.951057,1
1513,1.2167,0.0,0.0241,0.0,-0.0241,0.313164,0.949699,1
1514,1.2333,0.0,0.0158,0.0,-0.0158,0.317305,0.948324,1
1515,1.25,0.0,0.0204,0.0,-0.0204,0.321439,0.94693,1
1516,1.2667,0.0,0.0187,0.0,-0.0187,0.325568,0.945519,1
1517,1.2833,0.0,0.0207,0.0,-0.0207,0.329691,0.944089,1
1518,1.3,0.0,0.0183,0.0,-0.0183,0.333807,0.942641,1
1519,1.3167,0.0,0.0213,0.0,-0.0213,0.337917,0.941176,1
1520,1.3333,0.0,0.021,0.0,-0.021,0.34202,0.939693,1
1521,1.35,0.0,0.0214,0.0,-0.0214,0.346117,0.938191,1
1522,1.3667,0.0,0.0187,0.0,-0.0187,0.350207,0.936672,1
1523,1.3833,0.0,0.0195,0.0,-0.0195,0.354291,0.935135,1
1524,1.4,0.0,0.0228,0.0,-0.0228,0.358368,0.93358,1
1525,1.4167,0.0,0.021,0.0,-0.021,0.362438,0.932008,1
1526,1.4333,0.0,0.0221,0.0,-0.0221,0.366501,0.930418,1
1527,1.45,0.0,0.0233,0.0,-0.0233,0.370557,0.92881,1
1528,1.4667,0.0,0.0201,0.0,-0.0201,0.374607,0.927184,1
1529,1.4833,0.0,0.0222,0.0,-0.0222,0.378649,0.925541,1
1530,1.5,0.0,0.0217,0.0,-0.0217,0.382683,0.92388,1
1531,1.5167,0.0,0.0186,0.0,-0.0186,0.386711,0.922201,1
1532,1.5333,0.0,0.0225,0.0,-0.0225,0.390731,0.920505,1
1533,1.55,0.0,0.0167,0.0,-0.0167,0.394744,0.918791,1
1534,1.5667,0.0,0.0203,0.0,-0.0203,0.398749,0.91706,1
1535,1.5833,0.0,0.0243,0.0,-0.0243,0.402747,0.915311,1
1536,1.6,0.0,0.0241,0.0,-0.0241,0.406737,0.913545,1
1537,1.6167,0.0,0.0189,0.0,-0.0189,0.410719,0.911762,1
1538,1.6333,0.0,0.0194,0.0,-0.0194,0.414693,0.909961,1
1539,1.65,0.0,0.021,0.0,-0.021,0.41866,0.908143,1
1540,1.6667,0.0,0.0207,0.0,-0.0207,0.422618,0.906308,1
1541,1.6833,0.0,0.0202,0.0,-0.0202,0.426569,0.904455,1
1542,1.7,0.0,0.0219,0.0,-0.0219,0.430511,0.902585,1
1543,1.7167,0.0,0.0196,0.0,-0.0196,0.434445,0.900698,1
1544,1.7333,0.0,0.0185,0.0,-0.0185,0.438371,0.898794,1
1545,1.75,0.0,0.0203,0.0,-0.0203,0.442289,0.896873,1
1546,1.7667,0.0,0.0254,0.0,-0.0254,0.446198,0.894934,1
1547,1.7833,0.0,0.0198,0.0,-0.0198,0.450098,0.892979,1
1548,1.8,0.0,0.0199,0.0,-0.0199,0.45399,0.891007,1
1549,1.8167,0.0,0.0188,0.0,-0.0188,0.457874,0.889017,1
1550,1.8333,0.0,0.0217,0.0,-0.0217,0.461749,0.887011,1
1551,1.85,0.0,0.0234,0.0,-0.0234,0.465615,0.884988,1
1552,1.8667,0.0,0.0211,0.0,-0.0211,0.469472,0.882948,1
1553,1.8833,0.0,0.0191,0.0,-0.0191,0.47332,0.880891,1
1554,1.9,0.0,0.0199,0.0,-0.0199,0.477159,0.878817,1
1555,1.9167,0.0,0.0201,0.0,-0.0201,0.480989,0.876727,1
1556,1.9333,0.0,0.0184,0.0,-0.0184,0.48481,0.87462,1
1557,1.95,0.0,0.0189,0.0,-0.0189,0.488621,0.872496,1
1558,1.9667,0.0,0.0205,0.0,-0.0205,0.492424,0.870356,1
1559,1.9833,0.0,0.022,0.0,-0.022,0.496217,0.868199,1
1560,2.0,0.0,0.0189,0.0,-0.0189,0.5,0.866025,1
1561,2.0167,0.0,0.0195,0.0,-0.0195,0.503774,0.863836,1
1562,2.0333,0.0,0.0173,0.0,-0.0173,0.507538,0.861629,1
1563,2.05,0.0,0.0188,0.0,-0.0188,0.511293,0.859406,1
1564,2.0667,0.0,0.0192,0.0,-0.0192,0.515038,0.857167,1
1565,2.0833,0.0,0.0188,0.0,-0.0188,0.518773,0.854912,1
1566,2.1,0.0,0.0198,0.0,-0.0198,0.522499,0.85264,1
1567,2.1167,0.0,0.0218,0.0,-0.0218,0.526214,0.850352,1
1568,2.1333,0.0,0.0213,0.0,-0.0213,0.529919,0.848048,1
1569,2.15,0.0,0.0182,0.0,-0.0182,0.533615,0.845728,1
1570,2.1667,0.0,0.0212,0.0,-0.0212,0.5373,0.843391,1
1571,2.1833,0.0,0.0198,0.0,-0.0198,0.540974,0.841039,1
1572,2.2,0.0,0.0204,0.0,-0.0204,0.544639,0.838671,1
1573,2.2167,0.0,0.0206,0.0,-0.0206,0.548293,0.836286,1
1574,2.2333,0.0,0.0225,0.0,-0.0225,0.551937,0.833886,1
1575,2.25,0.0,0.0222,0.0,-0.0222,0.55557,0.83147,1
1576,2.2667,0.0,0.0212,0.0,-0.0212,0.559193,0.829038,1
1577,2.2833,0.0,0.0195,0.0,-0.0195,0.562805,0.82659,1
1578,2.3,0.0,0.0199,0.0,-0.0199,0.566406,0.824126,1
1579,2.3167,0.0,0.0206,0.0,-0.0206,0.569997,0.821647,1
1580,2.3333,0.0,0.022,0.0,-0.022,0.573576,0.819152,1
1581,2.35,0.0,0.0236,0.0,-0.0236,0.577145,0.816642,1
1582,2.3667,0.0,0.0221,0.0,-0.0221,0.580703,0.814116,1
1583,2.3833,0.0,0.0167,0.0,-0.0167,0.58425,0.811574,1
1584,2.4,0.0,0.0178,0.0,-0.0178,0.587785,0.809017,1
1585,2.4167,0.0,0.02,0.0,-0.02,0.59131,0.806445,1
1586,2.4333,0.0,0.024,0.0,-0.024,0.594823,0.803857,1
1587,2.45,0.0,0.016,0.0,-0.016,0.598325,0.801254,1
1588,2.4667,0.0,0.0212,0.0,-0.0212,0.601815,0.798636,1
1589,2.4833,0.0,0.0224,0.0,-0.0224,0.605294,0.796002,1
1590,2.5,0.0,0.0161,0.0,-0.0161,0.608761,0.793353,1
1591,2.5167,0.0,0.0207,0.0,-0.0207,0.612217,0.79069,1
1592,2.5333,0.0,0.0214,0.0,-0.0214,0.615661,0.788011,1
1593,2.55,0.0,0.024,0.0,-0.024,0.619094,0.785317,1
1594,2.5667,0.0,0.0236,0.0,-0.0236,0.622515,0.782608,1
1595,2.5833,0.0,0.0159,0.0,-0.0159,0.625923,0.779884,1
1596,2.6,0.0,0.0208,0.0,-0.0208,0.62932,0.777146,1
1597,2.6167,0.0,0.0192,0.0,-0.0192,0.632705,0.774393,1
1598,2.6333,0.0,0.0183,0.0,-0.0183,0.636078,0.771625,1
1599,2.65,0.0,0.02,0.0,-0.02,0.639439,0.768842,1
1600,2.6667,0.0,0.0207,0.0,-0.0207,0.642788,0.766044,1
1601,2.6833,0.0,0.0187,0.0,-0.0187,0.646124,0.763232,1
1602,2.7,0.0,0.0211,0.0,-0.0211,0.649448,0.760406,1
1603,2.7167,0.0,0.0236,0.0,-0.0236,0.65276,0.757565,1
1604,2.7333,0.0,0.0187,0.0,-0.0187,0.656059,0.75471,1
1605,2.75,0.0,0.0185,0.0,-0.0185,0.659346,0.75184,1
1606,2.7667,0.0,0.0267,0.0,-0.0267,0.66262,0.748956,1
1607,2.7833,0.0,0.0193,0.0,-0.0193,0.665882,0.746057,1
1608,2.8,0.0,0.0198,0.0,-0.0198,0.669131,0.743145,1
1609,2.8167,0.0,0.0173,0.0,-0.0173,0.672367,0.740218,1
1610,2.8333,0.0,0.0245,0.0,-0.0245,0.67559,0.737277,1
1611,2.85,0.0,0.0213,0.0,-0.0213,0.678801,0.734323,1
1612,2.8667,0.0,0.0234,0.0,-0.0234,0.681998,0.731354,1
1613,2.8833,0.0,0.0197,0.0,-0.0197,0.685183,0.728371,1
1614,2.9,0.0,0.0211,0.0,-0.0211,0.688355,0.725374,1
1615,2.9167,0.0,0.019,0.0,-0.019,0.691513,0.722364,1
1616,2.9333,0.0,0.0208,0.0,-0.0208,0.694658,0.71934,1
1617,2.95,0.0,0.0178,0.0,-0.0178,0.69779,0.716302,1
1618,2.9667,0.0,0.0216,0.0,-0.0216,0.700909,0.71325,1
1619,2.9833,0.0,0.0204,0.0,-0.0204,0.704015,0.710185,1
1620,3.0,0.0,0.0208,0.0,-0.0208,0.707107,0.707107,1
1621,3.0167,0.0,0.0175,0.0,-0.0175,0.710185,0.704015,1
1622,3.0333,0.0,0.022,0.0,-0.022,0.71325,0.700909,1
1623,3.05,0.0,0.0221,0.0,-0.0221,0.716302,0.69779,1
1624,3.0667,0.0,0.0219,0.0,-0.0219,0.71934,0.694658,1
1625,3.0833,0.0,0.0247,0.0,-0.0247,0.722364,0.691513,1
1626,3.1,0.0,0.0244,0.0,-0.0244,0.725374,0.688355,1
1627,3.1167,0.0,0.0217,0.0,-0.0217,0.728371,0.685183,1
1628,3.1333,0.0,0.0188,0.0,-0.0188,0.731354,0.681998,1
1629,3.15,0.0,0.015,0.0,-0.015,0.734323,0.678801,1
1630,3.1667,0.0,0.0204,0.0,-0.0204,0.737277,0.67559,1
1631,3.1833,0.0,0.0241,0.0,-0.0241,0.740218,0.672367,1
1632,3.2,0.0,0.0174,0.0,-0.0174,0.743145,0.669131,1
1633,3.2167,0.0,0.0205,0.0,-0.0205,0.746057,0.665882,1
1634,3.2333,0.0,0.0214,0.0,-0.0214,0.748956,0.66262,1
1635,3.25,0.0,0.0211,0.0,-0.0211,0.75184,0.659346,1
1636,3.2667,0.0,0.0189,0.0,-0.0189,0.75471,0.656059,1
1637,3.2833,0.0,0.0207,0.0,-0.0207,0.757565,0.65276,1
1638,3.3,0.0,0.019,0.0,-0.019,0.760406,0.649448,1
1639,3.3167,0.0,0.0202,0.0,-0.0202,0.763232,0.646124,1
1640,3.3333,0.0,0.0182,0.0,-0.0182,0.766044,0.642788,1
1641,3.35,0.0,0.0248,0.0,-0.0248,0.768842,0.639439,1
1642,3.3667,0.0,0.018,0.0,-0.018,0.771625,0.636078,1
1643,3.3833,0.0,0.0178,0.0,-0.0178,0.774393,0.632705,1
1644,3.4,0.0,0.0184,0.0,-0.0184,0.777146,0.62932,1
1645,3.4167,0.0,0.0219,0.0,-0.0219,0.779884,0.625923,1
1646,3.4333,0.0,0.0201,0.0,-0.0201,0.782608,0.622515,1
1647,3.45,0.0,0.0192,0.0,-0.0192,0.785317,0.619094,1
1648,3.4667,0.0,0.0189,0.0,-0.0189,0.788011,0.615661,1
1649,3.4833,0.0,0.0215,0.0,-0.0215,0.79069,0.612217,1
1650,3.5,0.0,0.0232,0.0,-0.0232,0.793353,0.608761,1
1651,3.5167,0.0,0.0225,0.0,-0.0225,0.796002,0.605294,1
1652,3.5333,0.0,0.0206,0.0,-0.0206,0.798636,0.601815,1
1653,3.55,0.0,0.0209,0.0,-0.0209,0.801254,0.598325,1
1654,3.5667,0.0,0.0223,0.0,-0.0223,0.803857,0.594823,1
1655,3.5833,0.0,0.0224,0.0,-0.0224,0.806445,0.59131,1
1656,3.6,0.0,0.0204,0.0,-0.0204,0.809017,0.587785,1
1657,3.6167,0.0,0.0213,0.0,-0.0213,0.811574,0.58425,1
1658,3.6333,0.0,0.0205,0.0,-0.0205,0.814116,0.580703,1
1659,3.65,0.0,0.0219,0.0,-0.0219,0.816642,0.577145,1
1660,3.6667,0.0,0.0214,0.0,-0.0214,0.819152,0.573576,1
1661,3.6833,0.0,0.0234,0.0,-0.0234,0.821647,0.569997,1
1662,3.7,0.0,0.0195,0.0,-0.0195,0.824126,0.566406,1
1663,3.7167,0.0,0.0213,0.0,-0.0213,0.82659,0.562805,1
1664,3.7333,0.0,0.0227,0.0,-0.0227,0.829038,0.559193,1
1665,3.75,0.0,0.0183,0.0,-0.0183,0.83147,0.55557,1
1666,3.7667,0.0,0.0249,0.0,-0.0249,0.833886,0.551937,1
1667,3.7833,0.0,0.0214,0.0,-0.0214,0.836286,0.548293,1
1668,3.8,0.0,0.0214,0.0,-0.0214,0.838671,0.544639,1
1669,3.8167,0.0,0.0165,0.0,-0.0165,0.841039,0.540974,1
1670,3.8333,0.0,0.0207,0.0,-0.0207,0.843391,0.5373,1
1671,3.85,0.0,0.0159,0.0,-0.0159,0.845728,0.533615,1
1672,3.8667,0.0,0.0231,0.0,-0.0231,0.848048,0.529919,1
1673,3.8833,0.0,0.0185,0.0,-0.0185,0.850352,0.526214,1
1674,3.9,0.0,0.0213,0.0,-0.0213,0.85264,0.522499,1
1675,3.9167,0.0,0.0183,0.0,-0.0183,0.854912,0.518773,1
1676,3.9333,0.0,0.019,0.0,-0.019,0.857167,0.515038,1
1677,3.95,0.0,0.019,0.0,-0.019,0.859406,0.511293,1
1678,3.9667,0.0,0.0188,0.0,-0.0188,0.861629,0.507538,1
1679,3.9833,0.0,0.02,0.0,-0.02,0.863836,0.503774,1
1680,4.0,0.0,0.0218,0.0,-0.0218,0.866025,0.5,1
1681,4.0167,0.0,0.0214,0.0,-0.0214,0.868199,0.496217,1
1682,4.0333,0.0,0.0182,0.0,-0.0182,0.870356,0.492424,1
1683,4.05,0.0,0.0201,0.0,-0.0201,0.872496,0.488621,1
1684,4.0667,0.0,0.0217,0.0,-0.0217,0.87462,0.48481,1
1685,4.0833,0.0,0.0207,0.0,-0.0207,0.876727,0.480989,1
1686,4.1,0.0,0.0188,0.0,-0.0188,0.878817,0.477159,1
1687,4.1167,0.0,0.0211,0.0,-0.0211,0.880891,0.47332,1
1688,4.1333,0.0,0.019,0.0,-0.019,0.882948,0.469472,1
1689,4.15,0.0,0.0194,0.0,-0.0194,0.884988,0.465615,1
1690,4.1667,0.0,0.0206,0.0,-0.0206,0.887011,0.461749,1
1691,4.1833,0.0,0.0182,0.0,-0.0182,0.889017,0.457874,1
1692,4.2,0.0,0.0217,0.0,-0.0217,0.891007,0.45399,1
1693,4.2167,0.0,0.0202,0.0,-0.0202,0.892979,0.450098,1
1694,4.2333,0.0,0.0197,0.0,-0.0197,0.894934,0.446198,1
1695,4.25,0.0,0.0203,0.0,-0.0203,0.896873,0.442289,1
1696,4.2667,0.0,0.0171,0.0,-0.0171,0.898794,0.438371,1
1697,4.2833,0.0,0.0212,0.0,-0.0212,0.900698,0.434445,1
1698,4.3,0.0,0.0234,0.0,-0.0234,0.902585,0.430511,1
1699,4.3167,0.0,0.0256,0.0,-0.0256,0.904455,0.426569,1
1700,4.3333,0.0,0.0198,0.0,-0.0198,0.906308,0.422618,1
1701,4.35,0.0,0.0216,0.0,-0.0216,0.908143,0.41866,1
1702,4.3667,0.0,0.0216,0.0,-0.0216,0.909961,0.414693,1
1703,4.3833,0.0,0.0235,0.0,-0.0235,0.911762,0.410719,1
1704,4.4,0.0,0.0195,0.0,-0.0195,0.913545,0.406737,1
1705,4.4167,0.0,0.0189,0.0,-0.0189,0.915311,0.402747,1
1706,4.4333,0.0,0.0217,0.0,-0.0217,0.91706,0.398749,1
1707,4.45,0.0,0.0193,0.0,-0.0193,0.918791,0.394744,1
1708,4.4667,0.0,0.0193,0.0,-0.0193,0.920505,0.390731,1
1709,4.4833,0.0,0.0238,0.0,-0.0238,0.922201,0.386711,1
1710,4.5,0.0,0.0216,0.0,-0.0216,0.92388,0.382683,1
1711,4.5167,0.0,0.0197,0.0,-0.0197,0.925541,0.378649,1
1712,4.5333,0.0,0.021,0.0,-0.021,0.927184,0.374607,1
1713,4.55,0.0,0.0223,0.0,-0.0223,0.92881,0.370557,1
1714,4.5667,0.0,0.0177,0.0,-0.0177,0.930418,0.366501,1
1715,4.5833,0.0,0.0218,0.0,-0.0218,0.932008,0.362438,1
1716,4.6,0.0,0.0175,0.0,-0.0175,0.93358,0.358368,1
1717,4.6167,0.0,0.0175,0.0,-0.0175,0.935135,0.354291,1
1718,4.6333,0.0,0.0219,0.0,-0.0219,0.936672,0.350207,1
1719,4.65,0.0,0.0196,0.0,-0.0196,0.938191,0.346117,1
1720,4.6667,0.0,0.0216,0.0,-0.0216,0.939693,0.34202,1
1721,4.6833,0.0,0.0195,0.0,-0.0195,0.941176,0.337917,1
1722,4.7,0.0,0.0166,0.0,-0.0166,0.942641,0.333807,1
1723,4.7167,0.0,0.0208,0.0,-0.0208,0.944089,0.329691,1
1724,4.7333,0.0,0.0193,0.0,-0.0193,0.945519,0.325568,1
1725,4.75,0.0,0.0192,0.0,-0.0192,0.94693,0.321439,1
1726,4.7667,0.0,0.0213,0.0,-0.0213,0.948324,0.317305,1
1727,4.7833,0.0,0.0222,0.0,-0.0222,0.949699,0.313164,1
1728,4.8,0.0,0.0159,0.0,-0.0159,0.951057,0.309017,1
1729,4.8167,0.0,0.0227,0.0,-0.0227,0.952396,0.304864,1
1730,4.8333,0.0,0.0217,0.0,-0.0217,0.953717,0.300706,1
1731,4.85,0.0,0.0188,0.0,-0.0188,0.95502,0.296542,1
1732,4.8667,0.0,0.021,0.0,-0.021,0.956305,0.292372,1
1733,4.8833,0.0,0.0202,0.0,-0.0202,0.957571,0.288196,1
1734,4.9,0.0,0.0185,0.0,-0.0185,0.95882,0.284015,1
1735,4.9167,0.0,0.0203,0.0,-0.0203,0.96005,0.279829,1
1736,4.9333,0.0,0.0186,0.0,-0.0186,0.961262,0.275637,1
1737,4.95,0.0,0.0248,0.0,-0.0248,0.962455,0.27144,1
1738,4.9667,0.0,0.0203,0.0,-0.0203,0.96363,0.267238,1
1739,4.9833,0.0,0.0219,0.0,-0.0219,0.964787,0.263031,1
1740,5.0,0.0,0.0225,0.0,-0.0225,0.965926,0.258819,1
1741,5.0167,0.0,0.0194,0.0,-0.0194,0.967046,0.254602,1
1742,5.0333,0.0,0.0196,0.0,-0.0196,0.968148,0.25038,1
1743,5.05,0.0,0.0231,0.0,-0.0231,0.969231,0.246153,1
1744,5.0667,0.0,0.0192,0.0,-0.0192,0.970296,0.241922,1
1745,5.0833,0.0,0.0214,0.0,-0.0214,0.971342,0.237686,1
1746,5.1,0.0,0.024,0.0,-0.024,0.97237,0.233445,1
1747,5.1167,0.0,0.0209,0.0,-0.0209,0.973379,0.2292,1
1748,5.1333,0.0,0.0205,0.0,-0.0205,0.97437,0.224951,1
1749,5.15,0.0,0.0203,0.0,-0.0203,0.975342,0.220697,1
1750,5.1667,0.0,0.0206,0.0,-0.0206,0.976296,0.21644,1
1751,5.1833,0.0,0.023,0.0,-0.023,0.977231,0.212178,1
1752,5.2,0.0,0.0207,0.0,-0.0207,0.978148,0.207912,1
1753,5.2167,0.0,0.0214,0.0,-0.0214,0.979045,0.203642,1
1754,5.2333,0.0,0.0202,0.0,-0.0202,0.979925,0.199368,1
1755,5.25,0.0,0.0213,0.0,-0.0213,0.980785,0.19509,1
1756,5.2667,0.0,0.0209,0.0,-0.0209,0.981627,0.190809,1
1757,5.2833,0.0,0.0184,0.0,-0.0184,0.98245,0.186524,1
1758,5.3,0.0,0.0218,0.0,-0.0218,0.983255,0.182236,1
1759,5.3167,0.0,0.0194,0.0,-0.0194,0.984041,0.177944,1
1760,5.3333,0.0,0.0196,0.0,-0.0196,0.984808,0.173648,1
1761,5.35,0.0,0.0215,0.0,-0.0215,0.985556,0.16935,1
1762,5.3667,0.0,0.0182,0.0,-0.0182,0.986286,0.165048,1
1763,5.3833,0.0,0.0194,0.0,-0.0194,0.986996,0.160743,1
1764,5.4,0.0,0.0219,0.0,-0.0219,0.987688,0.156434,1
1765,5.4167,0.0,0.0227,0.0,-0.0227,0.988362,0.152123,1
1766,5.4333,0.0,0.0198,0.0,-0.0198,0.989016,0.147809,1
1767,5.45,0.0,0.0253,0.0,-0.0253,0.989651,0.143493,1
1768,5.4667,0.0,0.0206,0.0,-0.0206,0.990268,0.139173,1
1769,5.4833,0.0,0.0206,0.0,-0.0206,0.990866,0.134851,1
1770,5.5,0.0,0.021,0.0,-0.021,0.991445,0.130526,1
1771,5.5167,0.0,0.018,0.0,-0.018,0.992005,0.126199,1
1772,5.5333,0.0,0.0209,0.0,-0.0209,0.992546,0.121869,1
1773,5.55,0.0,0.019,0.0,-0.019,0.993068,0.117537,1
1774,5.5667,0.0,0.0231,0.0,-0.0231,0.993572,0.113203,1
1775,5.5833,0.0,0.0185,0.0,-0.0185,0.994056,0.108867,1
1776,5.6,0.0,0.0222,0.0,-0.0222,0.994522,0.104528,1
1777,5.6167,0.0,0.0196,0.0,-0.0196,0.994969,0.100188,1
1778,5.6333,0.0,0.021,0.0,-0.021,0.995396,0.095846,1
1779,5.65,0.0,0.0214,0.0,-0.0214,0.995805,0.091502,1
1780,5.6667,0.0,0.0235,0.0,-0.0235,0.996195,0.087156,1
1781,5.6833,0.0,0.0228,0.0,-0.0228,0.996566,0.082808,1
1782,5.7,0.0,0.0227,0.0,-0.0227,0.996917,0.078459,1
1783,5.7167,0.0,0.0149,0.0,-0.0149,0.99725,0.074108,1
1784,5.7333,0.0,0.0226,0.0,-0.0226,0.997564,0.069756,1
1785,5.75,0.0,0.0195,0.0,-0.0195,0.997859,0.065403,1
1786,5.7667,0.0,0.0205,0.0,-0.0205,0.998135,0.061049,1
1787,5.7833,0.0,0.0229,0.0,-0.0229,0.998392,0.056693,1
1788,5.8,0.0,0.0173,0.0,-0.0173,0.99863,0.052336,1
1789,5.8167,0.0,0.0205,0.0,-0.0205,0.998848,0.047978,1
1790,5.8333,0.0,0.0206,0.0,-0.0206,0.999048,0.043619,1
1791,5.85,0.0,0.0161,0.0,-0.0161,0.999229,0.03926,1
1792,5.8667,0.0,0.0184,0.0,-0.0184,0.999391,0.034899,1
1793,5.8833,0.0,0.0197,0.0,-0.0197,0.999534,0.030539,1
1794,5.9,0.0,0.0177,0.0,-0.0177,0.999657,0.026177,1
1795,5.9167,0.0,0.0198,0.0,-0.0198,0.999762,0.021815,1
1796,5.9333,0.0,0.0234,0.0,-0.0234,0.999848,0.017452,1
1797,5.95,0.0,0.0232,0.0,-0.0232,0.999914,0.01309,1
1798,5.9667,0.0,0.0208,0.0,-0.0208,0.999962,0.008727,1
1799,5.9833,0.0,0.021,0.0,-0.021,0.99999,0.004363,1
1800,6.0,0.0,0.0323,0.0,-0.0323,1.0,0.0,1
1801,6.0167,0.0,0.0383,0.0,-0.0383,0.99999,-0.004363,1
1802,6.0333,0.001667,0.0379,0.0,-0.036233,0.999962,-0.008727,1
1803,6.05,0.0,0.0346,0.0,-0.0346,0.999914,-0.01309,1
1804,6.0667,0.0025,0.0379,0.0,-0.0354,0.999848,-0.017452,1
1805,6.0833,0.00165,0.0367,0.0,-0.03505,0.999762,-0.021815,1
1806,6.1,0.007367,0.0381,0.0,-0.030733,0.999657,-0.026177,1
1807,6.1167,0.006,0.0349,0.0,-0.0289,0.999534,-0.030539,1
1808,6.1333,0.008117,0.036,0.0,-0.027883,0.999391,-0.034899,1
1809,6.15,0.007267,0.0346,0.0,-0.027333,0.999229,-0.03926,1
1810,6.1667,0.008283,0.0354,0.0,-0.027117,0.999048,-0.043619,1
1811,6.1833,0.011733,0.0367,0.0,-0.024967,0.998848,-0.047978,1
1812,6.2,0.013683,0.0398,0.0,-0.026117,0.99863,-0.052336,1
1813,6.2167,0.016,0.0371,0.0,-0.0211,0.998392,-0.056693,1
1814,6.2333,0.01215,0.0418,0.0,-0.02965,0.998135,-0.061049,1
1815,6.25,0.013767,0.0348,0.0,-0.021033,0.997859,-0.065403,1
1816,6.2667,0.0122,0.0385,0.0,-0.0263,0.997564,-0.069756,1
1817,6.2833,0.010967,0.0396,0.0,-0.028633,0.99725,-0.074108,1
1818,6.3,0.010683,0.0394,0.0,-0.028717,0.996917,-0.078459,1
1819,6.3167,0.015417,0.0398,0.0,-0.024383,0.996566,-0.082808,1
1820,6.3333,0.016033,0.0403,0.0,-0.024267,0.996195,-0.087156,1
1821,6.35,0.020217,0.0381,0.0,-0.017883,0.995805,-0.091502,1
1822,6.3667,0.019583,0.0395,0.0,-0.019917,0.995396,-0.095846,1
1823,6.3833,0.018833,0.0383,0.0,-0.019467,0.994969,-0.100188,1
1824,6.4,0.0213,0.0402,0.0,-0.0189,0.994522,-0.104528,1
1825,6.4167,0.01585,0.0386,0.0,-0.02275,0.994056,-0.108867,1
1826,6.4333,0.02455,0.0382,0.0,-0.01365,0.993572,-0.113203,1
1827,6.45,0.021683,0.0356,0.0,-0.013917,0.993068,-0.117537,1
1828,6.4667,0.020633,0.0328,0.0,-0.012167,0.992546,-0.121869,1
1829,6.4833,0.030533,0.0372,0.0,-0.006667,0.992005,-0.126199,1
1830,6.5,0.023217,0.0378,0.0,-0.014583,0.991445,-0.130526,1
1831,6.5167,0.027917,0.038,0.0,-0.010083,0.990866,-0.134851,1
1832,6.5333,0.031433,0.0387,0.0,-0.007267,0.990268,-0.139173,1
1833,6.55,0.030067,0.0395,0.0,-0.009433,0.989651,-0.143493,1
1834,6.5667,0.025967,0.0372,0.0,-0.011233,0.989016,-0.147809,1
1835,6.5833,0.028733,0.0391,0.0,-0.010367,0.988362,-0.152123,1
1836,6.6,0.034967,0.0356,0.0,-0.000633,0.987688,-0.156434,1
1837,6.6167,0.027633,0.0327,0.0,-0.005067,0.986996,-0.160743,1
1838,6.6333,0.0311,0.0376,0.0,-0.0065,0.986286,-0.165048,1
1839,6.65,0.034267,0.036,0.0,-0.001733,0.985556,-0.16935,1
1840,6.6667,0.033283,0.0349,0.0,-0.001617,0.984808,-0.173648,1
1841,6.6833,0.0354,0.0335,0.0019,0.0019,0.984041,-0.177944,0
1842,6.7,0.03625,0.0353,0.0028,0.00095,0.983255,-0.182236,0
1843,6.7167,0.039583,0.0366,0.0058,0.002983,0.98245,-0.186524,0
1844,6.7333,0.041383,0.0373,0.0099,0.004083,0.981627,-0.190809,0
1845,6.75,0.035483,0.0369,0.0085,-0.001417,0.980785,-0.19509,0
1846,6.7667,0.042283,0.0373,0.0135,0.004983,0.979925,-0.199368,0
1847,6.7833,0.04145,0.0363,0.0186,0.00515,0.979045,-0.203642,0
1848,6.8,0.04215,0.037,0.0238,0.00515,0.978148,-0.207912,0
1849,6.8167,0.046433,0.1153,0.0,-0.068867,0.977231,-0.212178,1
1850,6.8333,0.043983,0.1162,0.0,-0.072217,0.976296,-0.21644,1
1851,6.85,0.0452,0.1174,0.0,-0.0722,0.975342,-0.220697,1
1852,6.8667,0.045433,0.1193,0.0,-0.073867,0.97437,-0.224951,1
1853,6.8833,0.046033,0.1221,0.0,-0.076067,0.973379,-0.2292,1
1854,6.9,0.043483,0.1214,0.0,-0.077917,0.97237,-0.233445,1
1855,6.9167,0.052883,0.1207,0.0,-0.067817,0.971342,-0.237686,1
1856,6.9333,0.053717,0.1222,0.0,-0.068483,0.970296,-0.241922,1
1857,6.95,0.049383,0.116,0.0,-0.066617,0.969231,-0.246153,1
1858,6.9667,0.051633,0.1182,0.0,-0.066567,0.968148,-0.25038,1
1859,6.9833,0.05035,0.1173,0.0,-0.06695,0.967046,-0.254602,1
1860,7.0,0.049517,0.1519,0.0,-0.102383,0.965926,-0.258819,1
1861,7.0167,0.051717,0.151,0.0,-0.099283,0.964787,-0.263031,1
1862,7.0333,0.054433,0.1486,0.0,-0.094167,0.96363,-0.267238,1
1863,7.05,0.054317,0.1518,0.0,-0.097483,0.962455,-0.27144,1
1864,7.0667,0.056267,0.1513,0.0,-0.095033,0.961262,-0.275637,1
1865,7.0833,0.054933,0.1507,0.0,-0.095767,0.96005,-0.279829,1
1866,7.1,0.053683,0.1515,0.0,-0.097817,0.95882,-0.284015,1
1867,7.1167,0.055333,0.1482,0.0,-0.092867,0.957571,-0.288196,1
1868,7.1333,0.061317,0.1482,0.0,-0.086883,0.956305,-0.292372,1
1869,7.15,0.0578,0.1513,0.0,-0.0935,0.95502,-0.296542,1
1870,7.1667,0.0614,0.1527,0.0,-0.0913,0.953717,-0.300706,1
1871,7.1833,0.058433,0.1484,0.0,-0.089967,0.952396,-0.304864,1
1872,7.2,0.059367,0.1525,0.0,-0.093133,0.951057,-0.309017,1
1873,7.2167,0.062783,0.1503,0.0,-0.087517,0.949699,-0.313164,1
1874,7.2333,0.057283,0.1483,0.0,-0.091017,0.948324,-0.317305,1
1875,7.25,0.069583,0.151,0.0,-0.081417,0.94693,-0.321439,1
1876,7.2667,0.0656,0.1505,0.0,-0.0849,0.945519,-0.325568,1
1877,7.2833,0.06715,0.1516,0.0,-0.08445,0.944089,-0.329691,1
1878,7.3,0.065567,0.1517,0.0,-0.086133,0.942641,-0.333807,1
1879,7.3167,0.068367,0.1479,0.0,-0.079533,0.941176,-0.337917,1
1880,7.3333,0.068417,0.1482,0.0,-0.079783,0.939693,-0.34202,1
1881,7.35,0.06945,0.1499,0.0,-0.08045,0.938191,-0.346117,1
1882,7.3667,0.0705,0.1501,0.0,-0.0796,0.936672,-0.350207,1
1883,7.3833,0.0719,0.1493,0.0,-0.0774,0.935135,-0.354291,1
1884,7.4,0.071933,0.1508,0.0,-0.078867,0.93358,-0.358368,1
1885,7.4167,0.067283,0.1516,0.0,-0.084317,0.932008,-0.362438,1
1886,7.4333,0.073133,0.1485,0.0,-0.075367,0.930418,-0.366501,1
1887,7.45,0.0715,0.1505,0.0,-0.079,0.92881,-0.370557,1
1888,7.4667,0.074133,0.1508,0.0,-0.076667,0.927184,-0.374607,1
1889,7.4833,0.0783,0.1525,0.0,-0.0742,0.925541,-0.378649,1
1890,7.5,0.074233,0.1503,0.0,-0.076067,0.92388,-0.382683,1
1891,7.5167,0.0766,0.1492,0.0,-0.0726,0.922201,-0.386711,1
1892,7.5333,0.0768,0.1487,0.0,-0.0719,0.920505,-0.390731,1
1893,7.55,0.076533,0.1511,0.0,-0.074567,0.918791,-0.394744,1
1894,7.5667,0.074,0.1508,0.0,-0.0768,0.91706,-0.398749,1
1895,7.5833,0.084317,0.1481,0.0,-0.063783,0.915311,-0.402747,1
1896,7.6,0.08,0.1509,0.0,-0.0709,0.913545,-0.406737,1
1897,7.6167,0.082,0.1509,0.0,-0.0689,0.911762,-0.410719,1
1898,7.6333,0.08415,0.15,0.0,-0.06585,0.909961,-0.414693,1
1899,7.65,0.084717,0.1468,0.0,-0.062083,0.908143,-0.41866,1
1900,7.6667,0.07975,0.1489,0.0,-0.06915,0.906308,-0.422618,1
1901,7.6833,0.082083,0.1518,0.0,-0.069717,0.904455,-0.426569,1
1902,7.7,0.091267,0.1497,0.0,-0.058433,0.902585,-0.430511,1
1903,7.7167,0.089417,0.1479,0.0,-0.058483,0.900698,-0.434445,1
1904,7.7333,0.087867,0.1469,0.0,-0.059033,0.898794,-0.438371,1
1905,7.75,0.0899,0.1529,0.0,-0.063,0.896873,-0.442289,1
1906,7.7667,0.088267,0.1525,0.0,-0.064233,0.894934,-0.446198,1
1907,7.7833,0.087133,0.1489,0.0,-0.061767,0.892979,-0.450098,1
1908,7.8,0.089633,0.1476,0.0,-0.057967,0.891007,-0.45399,1
1909,7.8167,0.091717,0.1487,0.0,-0.056983,0.889017,-0.457874,1
1910,7.8333,0.0942,0.1497,0.0,-0.0555,0.887011,-0.461749,1
1911,7.85,0.090183,0.1477,0.0,-0.057517,0.884988,-0.465615,1
1912,7.8667,0.0933,0.1499,0.0,-0.0566,0.882948,-0.469472,1
1913,7.8833,0.097133,0.1497,0.0,-0.052567,0.880891,-0.47332,1
1914,7.9,0.094417,0.146,0.0,-0.051583,0.878817,-0.477159,1
1915,7.9167,0.095117,0.1515,0.0,-0.056383,0.876727,-0.480989,1
1916,7.9333,0.098133,0.1511,0.0,-0.052967,0.87462,-0.48481,1
1917,7.95,0.098967,0.1536,0.0,-0.054633,0.872496,-0.488621,1
1918,7.9667,0.09455,0.1502,0.0,-0.05565,0.870356,-0.492424,1
1919,7.9833,0.099533,0.0672,0.0323,0.032333,0.868199,-0.496217,0
1920,8.0,0.1004,0.0659,0.0668,0.0345,0.866025,-0.5,0
1921,8.0167,0.103233,0.0652,0.1048,0.038033,0.863836,-0.503774,0
1922,8.0333,0.100483,0.0688,0.1365,0.031683,0.861629,-0.507538,0
1923,8.05,0.103583,0.0693,0.1708,0.034283,0.859406,-0.511293,0
1924,8.0667,0.103833,0.0654,0.2092,0.038433,0.857167,-0.515038,0
1925,8.0833,0.100717,0.0686,0.2413,0.032117,0.854912,-0.518773,0
1926,8.1,0.104117,0.0688,0.2766,0.035317,0.85264,-0.522499,0
1927,8.1167,0.10605,0.0689,0.3138,0.03715,0.850352,-0.526214,0
1928,8.1333,0.106117,0.0698,0.3501,0.036317,0.848048,-0.529919,0
1929,8.15,0.104017,0.068,0.3861,0.036017,0.845728,-0.533615,0
1930,8.1667,0.106583,0.0694,0.4233,0.037183,0.843391,-0.5373,0
1931,8.1833,0.1055,0.07,0.4588,0.0355,0.841039,-0.540974,0
1932,8.2,0.107167,0.0709,0.4951,0.036267,0.838671,-0.544639,0
1933,8.2167,0.1098,0.0691,0.5358,0.0407,0.836286,-0.548293,0
1934,8.2333,0.1084,0.0683,0.5759,0.0401,0.833886,-0.551937,0
1935,8.25,0.111967,0.0654,0.6225,0.046567,0.83147,-0.55557,0
1936,8.2667,0.11165,0.068,0.6662,0.04365,0.829038,-0.559193,0
1937,8.2833,0.112833,0.0672,0.7118,0.045633,0.82659,-0.562805,0
1938,8.3,0.108783,0.0697,0.7509,0.039083,0.824126,-0.566406,0
1939,8.3167,0.1152,0.0682,0.7979,0.047,0.821647,-0.569997,0
1940,8.3333,0.117783,0.0708,0.8449,0.046983,0.819152,-0.573576,0
1941,8.35,0.118233,0.0683,0.8948,0.049933,0.816642,-0.577145,0
1942,8.3667,0.118883,0.0671,0.9466,0.051783,0.814116,-0.580703,0
1943,8.3833,0.115617,0.069,0.9932,0.046617,0.811574,-0.58425,0
1944,8.4,0.117,0.066,1.0442,0.051,0.809017,-0.587785,0
1945,8.4167,0.119183,0.0653,1.0981,0.053883,0.806445,-0.59131,0
1946,8.4333,0.120833,0.0683,1.1506,0.052533,0.803857,-0.594823,0
1947,8.45,0.1209,0.0704,1.2011,0.0505,0.801254,-0.598325,0
1948,8.4667,0.1207,0.0665,1.2553,0.0542,0.798636,-0.601815,0
1949,8.4833,0.12615,0.0658,1.3156,0.06035,0.796002,-0.605294,0
1950,8.5,0.1286,0.0676,1.3766,0.061,0.793353,-0.608761,0
1951,8.5167,0.120917,0.0678,1.4297,0.053117,0.79069,-0.612217,0
1952,8.5333,0.127317,0.0663,1.4907,0.061017,0.788011,-0.615661,0
1953,8.55,0.126767,0.066,1.5515,0.060767,0.785317,-0.619094,0
1954,8.5667,0.125333,0.0675,1.6093,0.057833,0.782608,-0.622515,0
1955,8.5833,0.1246,0.0699,1.664,0.0547,0.779884,-0.625923,0
1956,8.6,0.122233,0.0682,1.718,0.054033,0.777146,-0.62932,0
1957,8.6167,0.1252,0.0676,1.7756,0.0576,0.774393,-0.632705,0
1958,8.6333,0.125917,0.0682,1.8333,0.057717,0.771625,-0.636078,0
1959,8.65,0.125233,0.0664,1.8921,0.058833,0.768842,-0.639439,0
1960,8.6667,0.128917,0.0684,1.9526,0.060517,0.766044,-0.642788,0
1961,8.6833,0.128517,0.0647,2.0164,0.063817,0.763232,-0.646124,0
1962,8.7,0.134367,0.0678,2.083,0.066567,0.760406,-0.649448,0
1963,8.7167,0.131417,0.0638,2.1506,0.067617,0.757565,-0.65276,0
1964,8.7333,0.131617,0.0664,2.2158,0.065217,0.75471,-0.656059,0
1965,8.75,0.131117,0.066,2.2809,0.065117,0.75184,-0.659346,0
1966,8.7667,0.131983,0.0668,2.3461,0.065183,0.748956,-0.66262,0
1967,8.7833,0.138283,0.0677,2.4167,0.070583,0.746057,-0.665882,0
1968,8.8,0.131433,0.0674,2.4807,0.064033,0.743145,-0.669131,0
1969,8.8167,0.137,0.0713,2.5464,0.0657,0.740218,-0.672367,0
1970,8.8333,0.135433,0.069,2.6128,0.066433,0.737277,-0.67559,0
1971,8.85,0.131367,0.068,2.6762,0.063367,0.734323,-0.678801,0
1972,8.8667,0.1343,0.0688,2.7417,0.0655,0.731354,-0.681998,0
1973,8.8833,0.138267,0.0678,2.8122,0.070467,0.728371,-0.685183,0
1974,8.9,0.1387,0.0669,2.884,0.0718,0.725374,-0.688355,0
1975,8.9167,0.1386,0.066,2.9566,0.0726,0.722364,-0.691513,0
1976,8.9333,0.139633,0.0684,3.0278,0.071233,0.71934,-0.694658,0
1977,8.95,0.13895,0.0694,3.0974,0.06955,0.716302,-0.69779,0
1978,8.9667,0.1421,0.0666,3.1729,0.0755,0.71325,-0.700909,0
1979,8.9833,0.140767,0.0692,3.2445,0.071567,0.710185,-0.704015,0
1980,9.0,0.14155,0.0406,3.3455,0.10095,0.707107,-0.707107,0
1981,9.0167,0.144567,0.0389,3.4512,0.105667,0.704015,-0.710185,0
1982,9.0333,0.141867,0.0329,3.5602,0.108967,0.700909,-0.71325,0
1983,9.05,0.1408,0.0365,3.6645,0.1043,0.69779,-0.716302,0
1984,9.0667,0.147067,0.0377,3.7739,0.109367,0.694658,-0.71934,0
1985,9.0833,0.14295,0.0365,3.8803,0.10645,0.691513,-0.722364,0
1986,9.1,0.148967,0.0376,3.9917,0.111367,0.688355,-0.725374,0
1987,9.1167,0.148867,0.0393,4.1013,0.109567,0.685183,-0.728371,0
1988,9.1333,0.1463,0.0369,4.2107,0.1094,0.681998,-0.731354,0
1989,9.15,0.148717,0.0356,4.3238,0.113117,0.678801,-0.734323,0
1990,9.1667,0.147,0.0393,4.4315,0.1077,0.67559,-0.737277,0
1991,9.1833,0.150133,0.0371,4.5445,0.113033,0.672367,-0.740218,0
1992,9.2,0.154267,0.036,4.6628,0.118267,0.669131,-0.743145,0
1993,9.2167,0.1464,0.0358,4.7734,0.1106,0.665882,-0.746057,0
1994,9.2333,0.1563,0.0373,4.8924,0.119,0.66262,-0.748956,0
1995,9.25,0.154133,0.0373,5.0092,0.116833,0.659346,-0.75184,0
1996,9.2667,0.148767,0.0367,5.1213,0.112067,0.656059,-0.75471,0
1997,9.2833,0.1491,0.033,5.2374,0.1161,0.65276,-0.757565,0
1998,9.3,0.155267,0.0385,5.3542,0.116767,0.649448,-0.760406,0
1999,9.3167,0.148883,0.0344,5.4687,0.114483,0.646124,-0.763232,0
2000,9.3333,0.152417,0.0362,5.5849,0.116217,0.642788,-0.766044,0
2001,9.35,0.15915,0.0375,5.7066,0.12165,0.639439,-0.768842,0
2002,9.3667,0.151517,0.0382,5.8199,0.113317,0.636078,-0.771625,0
2003,9.3833,0.15475,0.0398,5.9348,0.11495,0.632705,-0.774393,0
2004,9.4,0.15415,0.04,6.049,0.11415,0.62932,-0.777146,0
2005,9.4167,0.156317,0.0391,6.1662,0.117217,0.625923,-0.779884,0
2006,9.4333,0.156883,0.0327,6.2904,0.124183,0.622515,-0.782608,0
2007,9.45,0.1536,0.0362,6.4078,0.1174,0.619094,-0.785317,0
2008,9.4667,0.161683,0.0354,6.5341,0.126283,0.615661,-0.788011,0
2009,9.4833,0.160583,0.0367,6.658,0.123883,0.612217,-0.79069,0
2010,9.5,0.15805,0.0368,6.7793,0.12125,0.608761,-0.793353,0
2011,9.5167,0.159267,0.0352,6.9034,0.124067,0.605294,-0.796002,0
2012,9.5333,0.160283,0.0357,7.028,0.124583,0.601815,-0.798636,0
2013,9.55,0.159083,0.0375,7.1496,0.121583,0.598325,-0.801254,0
2014,9.5667,0.1591,0.0376,7.2711,0.1215,0.594823,-0.803857,0
2015,9.5833,0.1632,0.0381,7.3962,0.1251,0.59131,-0.806445,0
2016,9.6,0.158933,0.0346,7.5205,0.124333,0.587785,-0.809017,0
2017,9.6167,0.159867,0.0387,7.6417,0.121167,0.58425,-0.811574,0
2018,9.6333,0.163267,0.0387,7.7663,0.124567,0.580703,-0.814116,0
2019,9.65,0.16165,0.0371,7.8909,0.12455,0.577145,-0.816642,0
2020,9.6667,0.16365,0.04,8.0146,0.12365,0.573576,-0.819152,0
2021,9.6833,0.164933,0.0361,8.1434,0.128833,0.569997,-0.821647,0
2022,9.7,0.165683,0.0329,8.2762,0.132783,0.566406,-0.824126,0
2023,9.7167,0.164533,0.0375,8.4032,0.127033,0.562805,-0.82659,0
2024,9.7333,0.166717,0.0385,8.5314,0.128217,0.559193,-0.829038,0
2025,9.75,0.165467,0.0417,8.6552,0.123767,0.55557,-0.83147,0
2026,9.7667,0.166483,0.0405,8.7812,0.125983,0.551937,-0.833886,0
2027,9.7833,0.164967,0.0374,8.9088,0.127567,0.548293,-0.836286,0
2028,9.8,0.166983,0.0436,9.0322,0.123383,0.544639,-0.838671,0
2029,9.8167,0.165817,0.0358,9.1622,0.130017,0.540974,-0.841039,0
2030,9.8333,0.1687,0.0378,9.2931,0.1309,0.5373,-0.843391,0
2031,9.85,0.170783,0.0371,9.4268,0.133683,0.533615,-0.845728,0
2032,9.8667,0.16965,0.0356,9.5609,0.13405,0.529919,-0.848048,0
2033,9.8833,0.168633,0.0412,9.6883,0.127433,0.526214,-0.850352,0
2034,9.9,0.167017,0.0386,9.8167,0.128417,0.522499,-0.85264,0
2035,9.9167,0.173433,0.0388,9.9513,0.134633,0.518773,-0.854912,0
2036,9.9333,0.16995,0.038,10.0832,0.13195,0.515038,-0.857167,0
2037,9.95,0.1725,0.0384,10.2173,0.1341,0.511293,-0.859406,0
2038,9.9667,0.168733,0.0364,10.3496,0.132333,0.507538,-0.861629,0
2039,9.9833,0.171733,0.0375,10.4838,0.134233,0.503774,-0.863836,0
2040,10.0,0.173017,0.0358,10.621,0.137217,0.5,-0.866025,0
2041,10.0167,0.17215,0.0382,10.755,0.13395,0.496217,-0.868199,0
2042,10.0333,0.176767,0.0366,10.8952,0.140167,0.492424,-0.870356,0
2043,10.05,0.176617,0.0383,11.0335,0.138317,0.488621,-0.872496,0
2044,10.0667,0.174783,0.0369,11.1714,0.137883,0.48481,-0.87462,0
2045,10.0833,0.174117,0.0355,11.31,0.138617,0.480989,-0.876727,0
2046,10.1,0.17595,0.036,11.45,0.13995,0.477159,-0.878817,0
2047,10.1167,0.17515,0.0788,11.5463,0.09635,0.47332,-0.880891,0
2048,10.1333,0.1772,0.0764,11.6471,0.1008,0.469472,-0.882948,0
2049,10.15,0.173983,0.0759,11.7452,0.098083,0.465615,-0.884988,0
2050,10.1667,0.177383,0.0817,11.8409,0.095683,0.461749,-0.887011,0
2051,10.1833,0.178767,0.0763,11.9434,0.102467,0.457874,-0.889017,0
2052,10.2,0.1786,0.0777,12.0443,0.1009,0.45399,-0.891007,0
2053,10.2167,0.180117,0.0757,12.1487,0.104417,0.450098,-0.892979,0
2054,10.2333,0.179967,0.078,12.2507,0.101967,0.446198,-0.894934,0
2055,10.25,0.178717,0.078,12.3514,0.100717,0.442289,-0.896873,0
2056,10.2667,0.180333,0.0777,12.454,0.102633,0.438371,-0.898794,0
2057,10.2833,0.182433,0.0789,12.5575,0.103533,0.434445,-0.900698,0
2058,10.3,0.1788,0.0755,12.6608,0.1033,0.430511,-0.902585,0
2059,10.3167,0.1832,0.0756,12.7684,0.1076,0.426569,-0.904455,0
2060,10.3333,0.180617,0.0761,12.8729,0.104517,0.422618,-0.906308,0
2061,10.35,0.182383,0.0763,12.979,0.106083,0.41866,-0.908143,0
2062,10.3667,0.189317,0.0797,13.0886,0.109617,0.414693,-0.909961,0
2063,10.3833,0.183017,0.0784,13.1932,0.104617,0.410719,-0.911762,0
2064,10.4,0.17985,0.0773,13.2957,0.10255,0.406737,-0.913545,0
2065,10.4167,0.182033,0.0809,13.3968,0.101133,0.402747,-0.915311,0
2066,10.4333,0.182883,0.0807,13.499,0.102183,0.398749,-0.91706,0
2067,10.45,0.18695,0.0788,13.6071,0.10815,0.394744,-0.918791,0
2068,10.4667,0.181033,0.0793,13.7088,0.101733,0.390731,-0.920505,0
2069,10.4833,0.183817,0.0764,13.8162,0.107417,0.386711,-0.922201,0
2070,10.5,0.187633,0.079,13.9248,0.108633,0.382683,-0.92388,0
2071,10.5167,0.185567,0.077,14.0334,0.108567,0.378649,-0.925541,0
2072,10.5333,0.1872,0.0773,14.1433,0.1099,0.374607,-0.927184,0
2073,10.55,0.187867,0.0784,14.2528,0.109467,0.370557,-0.92881,0
2074,10.5667,0.1849,0.0805,14.3572,0.1044,0.366501,-0.930418,0
2075,10.5833,0.184467,0.0772,14.4645,0.107267,0.362438,-0.932008,0
2076,10.6,0.18685,0.0817,14.5696,0.10515,0.358368,-0.93358,0
2077,10.6167,0.189683,0.0826,14.6767,0.107083,0.354291,-0.935135,0
2078,10.6333,0.188133,0.0788,14.786,0.109333,0.350207,-0.936672,0
2079,10.65,0.187683,0.0783,14.8954,0.109383,0.346117,-0.938191,0
2080,10.6667,0.1889,0.0786,15.0057,0.1103,0.34202,-0.939693,0
2081,10.6833,0.188533,0.0826,15.1116,0.105933,0.337917,-0.941176,0
2082,10.7,0.1915,0.0734,15.2297,0.1181,0.333807,-0.942641,0
2083,10.7167,0.193933,0.0778,15.3458,0.116133,0.329691,-0.944089,0
2084,10.7333,0.1879,0.0769,15.4568,0.111,0.325568,-0.945519,0
2085,10.75,0.19305,0.0772,15.5726,0.11585,0.321439,-0.94693,0
2086,10.7667,0.1873,0.0779,15.682,0.1094,0.317305,-0.948324,0
2087,10.7833,0.188833,0.0793,15.7915,0.109533,0.313164,-0.949699,0
2088,10.8,0.189,0.0777,15.9028,0.1113,0.309017,-0.951057,0
2089,10.8167,0.191517,0.0808,16.0135,0.110717,0.304864,-0.952396,0
2090,10.8333,0.1926,0.0745,16.1316,0.1181,0.300706,-0.953717,0
2091,10.85,0.188617,0.0767,16.2435,0.111917,0.296542,-0.95502,0
2092,10.8667,0.19095,0.0786,16.3559,0.11235,0.292372,-0.956305,0
2093,10.8833,0.1915,0.0769,16.4705,0.1146,0.288196,-0.957571,0
2094,10.9,0.190933,0.08,16.5814,0.110933,0.284015,-0.95882,0
2095,10.9167,0.19185,0.0787,16.6945,0.11315,0.279829,-0.96005,0
2096,10.9333,0.193,0.0763,16.8112,0.1167,0.275637,-0.961262,0
2097,10.95,0.189183,0.0756,16.9248,0.113583,0.27144,-0.962455,0
2098,10.9667,0.190233,0.0792,17.0358,0.111033,0.267238,-0.96363,0
2099,10.9833,0.1904,0.0772,17.149,0.1132,0.263031,-0.964787,0
2100,11.0,0.193167,0.0771,17.2651,0.116067,0.258819,-0.965926,0
2101,11.0167,0.193833,0.079,17.3799,0.114833,0.254602,-0.967046,0
2102,11.0333,0.193433,0.0815,17.4918,0.111933,0.25038,-0.968148,0
2103,11.05,0.195283,0.0784,17.6087,0.116883,0.246153,-0.969231,0
2104,11.0667,0.197133,0.077,17.7288,0.120133,0.241922,-0.970296,0
2105,11.0833,0.19675,0.0806,17.845,0.11615,0.237686,-0.971342,0
2106,11.1,0.195017,0.0781,17.9619,0.116917,0.233445,-0.97237,0
2107,11.1167,0.200167,0.0768,18.0,0.123367,0.2292,-0.973379,0
2108,11.1333,0.1988,0.0781,18.0,0.1207,0.224951,-0.97437,0
2109,11.15,0.193667,0.0776,18.0,0.116067,0.220697,-0.975342,0
2110,11.1667,0.196367,0.076,18.0,0.120367,0.21644,-0.976296,0
2111,11.1833,0.193917,0.08,18.0,0.113917,0.212178,-0.977231,0
2112,11.2,0.1942,0.0786,18.0,0.1156,0.207912,-0.978148,0
2113,11.2167,0.192133,0.0808,18.0,0.111333,0.203642,-0.979045,0
2114,11.2333,0.199583,0.0787,18.0,0.120883,0.199368,-0.979925,0
2115,11.25,0.198783,0.0779,18.0,0.120883,0.19509,-0.980785,0
2116,11.2667,0.193417,0.0794,18.0,0.114017,0.190809,-0.981627,0
2117,11.2833,0.196533,0.0792,18.0,0.117333,0.186524,-0.98245,0
2118,11.3,0.1938,0.0756,18.0,0.1182,0.182236,-0.983255,0
2119,11.3167,0.196617,0.0799,18.0,0.116717,0.177944,-0.984041,0
2120,11.3333,0.197517,0.0802,18.0,0.117317,0.173648,-0.984808,0
2121,11.35,0.19755,0.0749,18.0,0.12265,0.16935,-0.985556,0
2122,11.3667,0.197233,0.0798,18.0,0.117433,0.165048,-0.986286,0
2123,11.3833,0.195883,0.0777,18.0,0.118183,0.160743,-0.986996,0
2124,11.4,0.19495,0.0759,18.0,0.11905,0.156434,-0.987688,0
2125,11.4167,0.2009,0.0785,18.0,0.1224,0.152123,-0.988362,0
2126,11.4333,0.202383,0.0777,18.0,0.124683,0.147809,-0.989016,0
2127,11.45,0.19795,0.0809,18.0,0.11705,0.143493,-0.989651,0
2128,11.4667,0.1967,0.0788,18.0,0.1179,0.139173,-0.990268,0
2129,11.4833,0.201167,0.0758,18.0,0.125367,0.134851,-0.990866,0
2130,11.5,0.199167,0.0778,18.0,0.121367,0.130526,-0.991445,0
2131,11.5167,0.205783,0.0776,18.0,0.128183,0.126199,-0.992005,0
2132,11.5333,0.202133,0.078,18.0,0.124133,0.121869,-0.992546,0
2133,11.55,0.199017,0.0776,18.0,0.121417,0.117537,-0.993068,0
2134,11.5667,0.199933,0.0812,18.0,0.118733,0.113203,-0.993572,0
2135,11.5833,0.200583,0.0785,18.0,0.122083,0.108867,-0.994056,0
2136,11.6,0.199767,0.0789,18.0,0.120867,0.104528,-0.994522,0
2137,11.6167,0.203917,0.0352,18.0,0.168717,0.100188,-0.994969,0
2138,11.6333,0.1973,0.0371,18.0,0.1602,0.095846,-0.995396,0
2139,11.65,0.20055,0.035,18.0,0.16555,0.091502,-0.995805,0
2140,11.6667,0.200117,0.0368,18.0,0.163317,0.087156,-0.996195,0
2141,11.6833,0.197883,0.0349,18.0,0.162983,0.082808,-0.996566,0
2142,11.7,0.203033,0.0393,18.0,0.163733,0.078459,-0.996917,0
2143,11.7167,0.199717,0.0403,18.0,0.159417,0.074108,-0.99725,0
2144,11.7333,0.19525,0.0372,18.0,0.15805,0.069756,-0.997564,0
2145,11.75,0.19865,0.0386,18.0,0.16005,0.065403,-0.997859,0
2146,11.7667,0.1984,0.0362,18.0,0.1622,0.061049,-0.998135,0
2147,11.7833,0.19715,0.0349,18.0,0.16225,0.056693,-0.998392,0
2148,11.8,0.202617,0.0358,18.0,0.166817,0.052336,-0.99863,0
2149,11.8167,0.19985,0.0376,18.0,0.16225,0.047978,-0.998848,0
2150,11.8333,0.197533,0.0398,18.0,0.157733,0.043619,-0.999048,0
2151,11.85,0.199417,0.0395,18.0,0.159917,0.03926,-0.999229,0
2152,11.8667,0.198033,0.0351,18.0,0.162933,0.034899,-0.999391,0
2153,11.8833,0.196617,0.0378,18.0,0.158817,0.030539,-0.999534,0
2154,11.9,0.201483,0.0368,18.0,0.164683,0.026177,-0.999657,0
2155,11.9167,0.2021,0.0362,18.0,0.1659,0.021815,-0.999762,0
2156,11.9333,0.20335,0.0396,18.0,0.16375,0.017452,-0.999848,0
2157,11.95,0.202983,0.0389,18.0,0.164083,0.01309,-0.999914,0
2158,11.9667,0.20015,0.0385,18.0,0.16165,0.008727,-0.999962,0
2159,11.9833,0.19955,0.0385,18.0,0.16105,0.004363,-0.99999,0
2160,12.0,0.198817,0.0398,18.0,0.159017,0.0,-1.0,0
2161,12.0167,0.1994,0.034,18.0,0.1654,-0.004363,-0.99999,0
2162,12.0333,0.196067,0.0377,18.0,0.158367,-0.008727,-0.999962,0
2163,12.05,0.200833,0.0338,18.0,0.167033,-0.01309,-0.999914,0
2164,12.0667,0.201717,0.0383,18.0,0.163417,-0.017452,-0.999848,0
2165,12.0833,0.1998,0.0395,18.0,0.1603,-0.021815,-0.999762,0
2166,12.1,0.201533,0.0388,18.0,0.162733,-0.026177,-0.999657,0
2167,12.1167,0.2035,0.0367,18.0,0.1668,-0.030539,-0.999534,0
2168,12.1333,0.204017,0.0369,18.0,0.167117,-0.034899,-0.999391,0
2169,12.15,0.198117,0.0399,18.0,0.158217,-0.03926,-0.999229,0
2170,12.1667,0.199833,0.038,18.0,0.161833,-0.043619,-0.999048,0
2171,12.1833,0.203,0.0343,18.0,0.1687,-0.047978,-0.998848,0
2172,12.2,0.201217,0.0347,18.0,0.166517,-0.052336,-0.99863,0
2173,12.2167,0.197367,0.0359,18.0,0.161467,-0.056693,-0.998392,0
2174,12.2333,0.197967,0.0336,18.0,0.164367,-0.061049,-0.998135,0
2175,12.25,0.200583,0.036,18.0,0.164583,-0.065403,-0.997859,0
2176,12.2667,0.198333,0.042,18.0,0.156333,-0.069756,-0.997564,0
2177,12.2833,0.1988,0.0363,18.0,0.1625,-0.074108,-0.99725,0
2178,12.3,0.1987,0.0353,18.0,0.1634,-0.078459,-0.996917,0
2179,12.3167,0.205483,0.0365,18.0,0.168983,-0.082808,-0.996566,0
2180,12.3333,0.196867,0.0379,18.0,0.158967,-0.087156,-0.996195,0
2181,12.35,0.19715,0.0414,18.0,0.15575,-0.091502,-0.995805,0
2182,12.3667,0.1996,0.0388,18.0,0.1608,-0.095846,-0.995396,0
2183,12.3833,0.200283,0.0387,18.0,0.161583,-0.100188,-0.994969,0
2184,12.4,0.194383,0.0356,18.0,0.158783,-0.104528,-0.994522,0
2185,12.4167,0.20135,0.0352,18.0,0.16615,-0.108867,-0.994056,0
2186,12.4333,0.1977,0.0415,18.0,0.1562,-0.113203,-0.993572,0
2187,12.45,0.2021,0.039,18.0,0.1631,-0.117537,-0.993068,0
2188,12.4667,0.197833,0.0364,18.0,0.161433,-0.121869,-0.992546,0
2189,12.4833,0.19895,0.038,18.0,0.16095,-0.126199,-0.992005,0
2190,12.5,0.199917,0.04,18.0,0.159917,-0.130526,-0.991445,0
2191,12.5167,0.2018,0.0373,18.0,0.1645,-0.134851,-0.990866,0
2192,12.5333,0.195233,0.0403,18.0,0.154933,-0.139173,-0.990268,0
2193,12.55,0.199133,0.0402,18.0,0.158933,-0.143493,-0.989651,0
2194,12.5667,0.19675,0.0391,18.0,0.15765,-0.147809,-0.989016,0
2195,12.5833,0.19435,0.037,18.0,0.15735,-0.152123,-0.988362,0
2196,12.6,0.195033,0.0404,18.0,0.154633,-0.156434,-0.987688,0
2197,12.6167,0.197483,0.0395,18.0,0.157983,-0.160743,-0.986996,0
2198,12.6333,0.200467,0.0386,18.0,0.161867,-0.165048,-0.986286,0
2199,12.65,0.20015,0.0371,18.0,0.16305,-0.16935,-0.985556,0
2200,12.6667,0.197717,0.0355,18.0,0.162217,-0.173648,-0.984808,0
2201,12.6833,0.195783,0.0325,18.0,0.163283,-0.177944,-0.984041,0
2202,12.7,0.1953,0.0398,18.0,0.1555,-0.182236,-0.983255,0
2203,12.7167,0.200917,0.0385,18.0,0.162417,-0.186524,-0.98245,0
2204,12.7333,0.201783,0.0368,18.0,0.164983,-0.190809,-0.981627,0
2205,12.75,0.199717,0.0369,18.0,0.162817,-0.19509,-0.980785,0
2206,12.7667,0.1939,0.0368,18.0,0.1571,-0.199368,-0.979925,0
2207,12.7833,0.191383,0.0369,18.0,0.154483,-0.203642,-0.979045,0
2208,12.8,0.19695,0.04,18.0,0.15695,-0.207912,-0.978148,0
2209,12.8167,0.1967,0.0368,18.0,0.1599,-0.212178,-0.977231,0
2210,12.8333,0.192733,0.0379,18.0,0.154833,-0.21644,-0.976296,0
2211,12.85,0.1995,0.0375,18.0,0.162,-0.220697,-0.975342,0
2212,12.8667,0.192467,0.0366,18.0,0.155867,-0.224951,-0.97437,0
2213,12.8833,0.190983,0.0369,18.0,0.154083,-0.2292,-0.973379,0
2214,12.9,0.193617,0.0365,18.0,0.157117,-0.233445,-0.97237,0
2215,12.9167,0.199683,0.0354,18.0,0.164283,-0.237686,-0.971342,0
2216,12.9333,0.194533,0.0339,18.0,0.160633,-0.241922,-0.970296,0
2217,12.95,0.19635,0.0391,18.0,0.15725,-0.246153,-0.969231,0
2218,12.9667,0.192733,0.0406,18.0,0.152133,-0.25038,-0.968148,0
2219,12.9833,0.197717,0.0388,18.0,0.158917,-0.254602,-0.967046,0
2220,13.0,0.19545,0.0358,18.0,0.15965,-0.258819,-0.965926,0
2221,13.0167,0.195483,0.0381,18.0,0.157383,-0.263031,-0.964787,0
2222,13.0333,0.192767,0.0399,18.0,0.152867,-0.267238,-0.96363,0
2223,13.05,0.195133,0.0389,18.0,0.156233,-0.27144,-0.962455,0
2224,13.0667,0.190183,0.0366,18.0,0.153583,-0.275637,-0.961262,0
2225,13.0833,0.195233,0.0379,18.0,0.157333,-0.279829,-0.96005,0
2226,13.1,0.187983,0.0395,18.0,0.148483,-0.284015,-0.95882,0
2227,13.1167,0.189167,0.0397,18.0,0.149467,-0.288196,-0.957571,0
2228,13.1333,0.193033,0.0364,18.0,0.156633,-0.292372,-0.956305,0
2229,13.15,0.197067,0.0378,18.0,0.159267,-0.296542,-0.95502,0
2230,13.1667,0.193883,0.0358,18.0,0.158083,-0.300706,-0.953717,0
2231,13.1833,0.187583,0.0364,18.0,0.151183,-0.304864,-0.952396,0
2232,13.2,0.190133,0.0368,18.0,0.153333,-0.309017,-0.951057,0
2233,13.2167,0.18675,0.0379,18.0,0.14885,-0.313164,-0.949699,0
2234,13.2333,0.1884,0.035,18.0,0.1534,-0.317305,-0.948324,0
2235,13.25,0.1866,0.0367,18.0,0.1499,-0.321439,-0.94693,0
2236,13.2667,0.1902,0.0366,18.0,0.1536,-0.325568,-0.945519,0
2237,13.2833,0.19235,0.0369,18.0,0.15545,-0.329691,-0.944089,0
2238,13.3,0.187233,0.0398,18.0,0.147433,-0.333807,-0.942641,0
2239,13.3167,0.191667,0.0385,18.0,0.153167,-0.337917,-0.941176,0
2240,13.3333,0.18715,0.0331,18.0,0.15405,-0.34202,-0.939693,0
2241,13.35,0.188983,0.0374,18.0,0.151583,-0.346117,-0.938191,0
2242,13.3667,0.185283,0.0372,18.0,0.148083,-0.350207,-0.936672,0
2243,13.3833,0.185533,0.0396,18.0,0.145933,-0.354291,-0.935135,0
2244,13.4,0.1818,0.0382,18.0,0.1436,-0.358368,-0.93358,0
2245,13.4167,0.186217,0.0414,18.0,0.144817,-0.362438,-0.932008,0
2246,13.4333,0.188133,0.0434,18.0,0.144733,-0.366501,-0.930418,0
2247,13.45,0.18455,0.0323,18.0,0.15225,-0.370557,-0.92881,0
2248,13.4667,0.18385,0.0375,18.0,0.14635,-0.374607,-0.927184,0
2249,13.4833,0.18605,0.0385,18.0,0.14755,-0.378649,-0.925541,0
2250,13.5,0.180967,0.0328,18.0,0.148167,-0.382683,-0.92388,0
2251,13.5167,0.1836,0.0363,18.0,0.1473,-0.386711,-0.922201,0
2252,13.5333,0.181133,0.0378,18.0,0.143333,-0.390731,-0.920505,0
2253,13.55,0.18545,0.038,18.0,0.14745,-0.394744,-0.918791,0
2254,13.5667,0.184333,0.0368,18.0,0.147533,-0.398749,-0.91706,0
2255,13.5833,0.180817,0.0416,18.0,0.139217,-0.402747,-0.915311,0
2256,13.6,0.180933,0.0394,18.0,0.141533,-0.406737,-0.913545,0
2257,13.6167,0.188683,0.0364,18.0,0.152283,-0.410719,-0.911762,0
2258,13.6333,0.179733,0.0358,18.0,0.143933,-0.414693,-0.909961,0
2259,13.65,0.1858,0.0353,18.0,0.1505,-0.41866,-0.908143,0
2260,13.6667,0.1783,0.0372,18.0,0.1411,-0.422618,-0.906308,0
2261,13.6833,0.1815,0.0381,18.0,0.1434,-0.426569,-0.904455,0
2262,13.7,0.1809,0.0365,18.0,0.1444,-0.430511,-0.902585,0
2263,13.7167,0.180033,0.0354,18.0,0.144633,-0.434445,-0.900698,0
2264,13.7333,0.174567,0.0375,18.0,0.137067,-0.438371,-0.898794,0
2265,13.75,0.17675,0.041,18.0,0.13575,-0.442289,-0.896873,0
2266,13.7667,0.181883,0.0405,18.0,0.141383,-0.446198,-0.894934,0
2267,13.7833,0.176667,0.0367,18.0,0.139967,-0.450098,-0.892979,0
2268,13.8,0.17465,0.0346,18.0,0.14005,-0.45399,-0.891007,0
2269,13.8167,0.1808,0.0372,18.0,0.1436,-0.457874,-0.889017,0
2270,13.8333,0.175317,0.0388,18.0,0.136517,-0.461749,-0.887011,0
2271,13.85,0.176633,0.0386,18.0,0.138033,-0.465615,-0.884988,0
2272,13.8667,0.176433,0.036,18.0,0.140433,-0.469472,-0.882948,0
2273,13.8833,0.180783,0.0391,18.0,0.141683,-0.47332,-0.880891,0
2274,13.9,0.17345,0.034,18.0,0.13945,-0.477159,-0.878817,0
2275,13.9167,0.177083,0.0359,18.0,0.141183,-0.480989,-0.876727,0
2276,13.9333,0.17485,0.0367,18.0,0.13815,-0.48481,-0.87462,0
2277,13.95,0.171933,0.0348,18.0,0.137133,-0.488621,-0.872496,0
2278,13.9667,0.1726,0.041,18.0,0.1316,-0.492424,-0.870356,0
2279,13.9833,0.171867,0.0391,18.0,0.132767,-0.496217,-0.868199,0
2280,14.0,0.171767,0.0326,18.0,0.139167,-0.5,-0.866025,0
2281,14.0167,0.174083,0.0375,18.0,0.136583,-0.503774,-0.863836,0
2282,14.0333,0.1674,0.0384,18.0,0.129,-0.507538,-0.861629,0
2283,14.05,0.17415,0.0389,18.0,0.13525,-0.511293,-0.859406,0
2284,14.0667,0.1737,0.0378,18.0,0.1359,-0.515038,-0.857167,0
2285,14.0833,0.176667,0.0391,18.0,0.137567,-0.518773,-0.854912,0
2286,14.1,0.16745,0.0382,18.0,0.12925,-0.522499,-0.85264,0
2287,14.1167,0.171217,0.0376,18.0,0.133617,-0.526214,-0.850352,0
2288,14.1333,0.1648,0.0362,18.0,0.1286,-0.529919,-0.848048,0
2289,14.15,0.168883,0.0362,18.0,0.132683,-0.533615,-0.845728,0
2290,14.1667,0.169333,0.037,18.0,0.132333,-0.5373,-0.843391,0
2291,14.1833,0.165617,0.0358,18.0,0.129817,-0.540974,-0.841039,0
2292,14.2,0.167433,0.0347,18.0,0.132733,-0.544639,-0.838671,0
2293,14.2167,0.168117,0.0343,18.0,0.133817,-0.548293,-0.836286,0
2294,14.2333,0.165633,0.0405,18.0,0.125133,-0.551937,-0.833886,0
2295,14.25,0.16965,0.0367,18.0,0.13295,-0.55557,-0.83147,0
2296,14.2667,0.164733,0.0401,18.0,0.124633,-0.559193,-0.829038,0
2297,14.2833,0.167117,0.0372,18.0,0.129917,-0.562805,-0.82659,0
2298,14.3,0.160917,0.04,18.0,0.120917,-0.566406,-0.824126,0
2299,14.3167,0.161817,0.0361,18.0,0.125717,-0.569997,-0.821647,0
2300,14.3333,0.162533,0.0376,18.0,0.124933,-0.573576,-0.819152,0
2301,14.35,0.163283,0.039,18.0,0.124283,-0.577145,-0.816642,0
2302,14.3667,0.16325,0.0386,18.0,0.12465,-0.580703,-0.814116,0
2303,14.3833,0.161917,0.0399,18.0,0.122017,-0.58425,-0.811574,0
2304,14.4,0.160517,0.0378,18.0,0.122717,-0.587785,-0.809017,0
2305,14.4167,0.162567,0.0383,18.0,0.124267,-0.59131,-0.806445,0
2306,14.4333,0.16135,0.0363,18.0,0.12505,-0.594823,-0.803857,0
2307,14.45,0.162433,0.0353,18.0,0.127133,-0.598325,-0.801254,0
2308,14.4667,0.1547,0.0365,18.0,0.1182,-0.601815,-0.798636,0
2309,14.4833,0.161517,0.0338,18.0,0.127717,-0.605294,-0.796002,0
2310,14.5,0.163217,0.0368,18.0,0.126417,-0.608761,-0.793353,0
2311,14.5167,0.154617,0.037,18.0,0.117617,-0.612217,-0.79069,0
2312,14.5333,0.158283,0.0394,18.0,0.118883,-0.615661,-0.788011,0
2313,14.55,0.152233,0.0349,18.0,0.117333,-0.619094,-0.785317,0
2314,14.5667,0.15615,0.0368,18.0,0.11935,-0.622515,-0.782608,0
2315,14.5833,0.15575,0.038,18.0,0.11775,-0.625923,-0.779884,0
2316,14.6,0.153917,0.0382,18.0,0.115717,-0.62932,-0.777146,0
2317,14.6167,0.153117,0.038,18.0,0.115117,-0.632705,-0.774393,0
2318,14.6333,0.1524,0.0365,18.0,0.1159,-0.636078,-0.771625,0
2319,14.65,0.15365,0.0382,18.0,0.11545,-0.639439,-0.768842,0
2320,14.6667,0.1549,0.035,18.0,0.1199,-0.642788,-0.766044,0
2321,14.6833,0.151517,0.0391,18.0,0.112417,-0.646124,-0.763232,0
2322,14.7,0.153033,0.0355,18.0,0.117533,-0.649448,-0.760406,0
2323,14.7167,0.15175,0.0391,18.0,0.11265,-0.65276,-0.757565,0
2324,14.7333,0.1482,0.0377,18.0,0.1105,-0.656059,-0.75471,0
2325,14.75,0.1504,0.0387,18.0,0.1117,-0.659346,-0.75184,0
2326,14.7667,0.15285,0.04,18.0,0.11285,-0.66262,-0.748956,0
2327,14.7833,0.147083,0.0385,18.0,0.108583,-0.665882,-0.746057,0
2328,14.8,0.150933,0.0381,18.0,0.112833,-0.669131,-0.743145,0
2329,14.8167,0.151183,0.0377,18.0,0.113483,-0.672367,-0.740218,0
2330,14.8333,0.147483,0.039,18.0,0.108483,-0.67559,-0.737277,0
2331,14.85,0.14495,0.0361,18.0,0.10885,-0.678801,-0.734323,0
2332,14.8667,0.144033,0.0369,18.0,0.107133,-0.681998,-0.731354,0
2333,14.8833,0.143867,0.0368,18.0,0.107067,-0.685183,-0.728371,0
2334,14.9,0.146633,0.0367,18.0,0.109933,-0.688355,-0.725374,0
2335,14.9167,0.14665,0.0339,18.0,0.11275,-0.691513,-0.722364,0
2336,14.9333,0.1429,0.0335,18.0,0.1094,-0.694658,-0.71934,0
2337,14.95,0.14175,0.0366,18.0,0.10515,-0.69779,-0.716302,0
2338,14.9667,0.1421,0.0391,18.0,0.103,-0.700909,-0.71325,0
2339,14.9833,0.141867,0.041,18.0,0.100867,-0.704015,-0.710185,0
2340,15.0,0.139717,0.041,18.0,0.098717,-0.707107,-0.707107,0
2341,15.0167,0.143583,0.0399,18.0,0.103683,-0.710185,-0.704015,0
2342,15.0333,0.14135,0.034,18.0,0.10735,-0.71325,-0.700909,0
2343,15.05,0.141467,0.0355,18.0,0.105967,-0.716302,-0.69779,0
2344,15.0667,0.137033,0.0357,18.0,0.101333,-0.71934,-0.694658,0
2345,15.0833,0.135717,0.037,18.0,0.098717,-0.722364,-0.691513,0
2346,15.1,0.13745,0.0449,18.0,0.09255,-0.725374,-0.688355,0
2347,15.1167,0.137917,0.0356,18.0,0.102317,-0.728371,-0.685183,0
2348,15.1333,0.1401,0.0396,18.0,0.1005,-0.731354,-0.681998,0
2349,15.15,0.1336,0.038,18.0,0.0956,-0.734323,-0.678801,0
2350,15.1667,0.135383,0.0364,18.0,0.098983,-0.737277,-0.67559,0
2351,15.1833,0.132717,0.0377,18.0,0.095017,-0.740218,-0.672367,0
2352,15.2,0.13465,0.0395,18.0,0.09515,-0.743145,-0.669131,0
2353,15.2167,0.133483,0.0369,18.0,0.096583,-0.746057,-0.665882,0
2354,15.2333,0.132467,0.0363,18.0,0.096167,-0.748956,-0.66262,0
2355,15.25,0.12895,0.0365,18.0,0.09245,-0.75184,-0.659346,0
2356,15.2667,0.134467,0.0394,18.0,0.095067,-0.75471,-0.656059,0
2357,15.2833,0.13415,0.0366,18.0,0.09755,-0.757565,-0.65276,0
2358,15.3,0.130417,0.0377,18.0,0.092717,-0.760406,-0.649448,0
2359,15.3167,0.132067,0.038,18.0,0.094067,-0.763232,-0.646124,0
2360,15.3333,0.130617,0.0382,18.0,0.092417,-0.766044,-0.642788,0
2361,15.35,0.130617,0.0359,18.0,0.094717,-0.768842,-0.639439,0
2362,15.3667,0.130417,0.039,18.0,0.091417,-0.771625,-0.636078,0
2363,15.3833,0.125133,0.0388,18.0,0.086333,-0.774393,-0.632705,0
2364,15.4,0.12715,0.0368,18.0,0.09035,-0.777146,-0.62932,0
2365,15.4167,0.124317,0.0379,18.0,0.086417,-0.779884,-0.625923,0
2366,15.4333,0.127533,0.0393,18.0,0.088233,-0.782608,-0.622515,0
2367,15.45,0.128033,0.0356,18.0,0.092433,-0.785317,-0.619094,0
2368,15.4667,0.1268,0.0383,18.0,0.0885,-0.788011,-0.615661,0
2369,15.4833,0.12145,0.0371,18.0,0.08435,-0.79069,-0.612217,0
2370,15.5,0.121783,0.0386,18.0,0.083183,-0.793353,-0.608761,0
2371,15.5167,0.118583,0.0368,18.0,0.081783,-0.796002,-0.605294,0
2372,15.5333,0.125033,0.0383,18.0,0.086733,-0.798636,-0.601815,0
2373,15.55,0.116967,0.0371,18.0,0.079867,-0.801254,-0.598325,0
2374,15.5667,0.1174,0.0385,18.0,0.0789,-0.803857,-0.594823,0
2375,15.5833,0.120033,0.037,18.0,0.083033,-0.806445,-0.59131,0
2376,15.6,0.115167,0.0379,18.0,0.077267,-0.809017,-0.587785,0
2377,15.6167,0.115267,0.0362,18.0,0.079067,-0.811574,-0.58425,0
2378,15.6333,0.111717,0.0373,18.0,0.074417,-0.814116,-0.580703,0
2379,15.65,0.116533,0.0379,18.0,0.078633,-0.816642,-0.577145,0
2380,15.6667,0.120433,0.0379,18.0,0.082533,-0.819152,-0.573576,0
2381,15.6833,0.114967,0.038,18.0,0.076967,-0.821647,-0.569997,0
2382,15.7,0.1186,0.0396,18.0,0.079,-0.824126,-0.566406,0
2383,15.7167,0.1119,0.0396,18.0,0.0723,-0.82659,-0.562805,0
2384,15.7333,0.112767,0.0384,18.0,0.074367,-0.829038,-0.559193,0
2385,15.75,0.110383,0.0358,18.0,0.074583,-0.83147,-0.55557,0
2386,15.7667,0.109533,0.0366,18.0,0.072933,-0.833886,-0.551937,0
2387,15.7833,0.1074,0.0383,18.0,0.0691,-0.836286,-0.548293,0
2388,15.8,0.108767,0.0356,18.0,0.073167,-0.838671,-0.544639,0
2389,15.8167,0.104267,0.0371,18.0,0.067167,-0.841039,-0.540974,0
2390,15.8333,0.1073,0.0342,18.0,0.0731,-0.843391,-0.5373,0
2391,15.85,0.10925,0.0349,18.0,0.07435,-0.845728,-0.533615,0
2392,15.8667,0.10565,0.0366,18.0,0.06905,-0.848048,-0.529919,0
2393,15.8833,0.106083,0.0354,18.0,0.070683,-0.850352,-0.526214,0
2394,15.9,0.103267,0.0378,18.0,0.065467,-0.85264,-0.522499,0
2395,15.9167,0.09935,0.0359,18.0,0.06345,-0.854912,-0.518773,0
2396,15.9333,0.10415,0.0359,18.0,0.06825,-0.857167,-0.515038,0
2397,15.95,0.1023,0.0388,18.0,0.0635,-0.859406,-0.511293,0
2398,15.9667,0.102017,0.0351,18.0,0.066917,-0.861629,-0.507538,0
2399,15.9833,0.095617,0.0387,18.0,0.056917,-0.863836,-0.503774,0
2400,16.0,0.101583,0.0376,18.0,0.063983,-0.866025,-0.5,0
2401,16.0167,0.096817,0.0391,18.0,0.057717,-0.868199,-0.496217,0
2402,16.0333,0.098133,0.0349,18.0,0.063233,-0.870356,-0.492424,0
2403,16.05,0.101517,0.0361,18.0,0.065417,-0.872496,-0.488621,0
2404,16.0667,0.091467,0.0383,18.0,0.053167,-0.87462,-0.48481,0
2405,16.0833,0.101133,0.0365,18.0,0.064633,-0.876727,-0.480989,0
2406,16.1,0.094117,0.0376,18.0,0.056517,-0.878817,-0.477159,0
2407,16.1167,0.096717,0.0379,18.0,0.058817,-0.880891,-0.47332,0
2408,16.1333,0.090217,0.0376,18.0,0.052617,-0.882948,-0.469472,0
2409,16.15,0.095467,0.0405,18.0,0.054967,-0.884988,-0.465615,0
2410,16.1667,0.096217,0.0366,18.0,0.059617,-0.887011,-0.461749,0
2411,16.1833,0.09035,0.0348,18.0,0.05555,-0.889017,-0.457874,0
2412,16.2,0.092267,0.0331,18.0,0.059167,-0.891007,-0.45399,0
2413,16.2167,0.09345,0.0353,18.0,0.05815,-0.892979,-0.450098,0
2414,16.2333,0.087483,0.037,18.0,0.050483,-0.894934,-0.446198,0
2415,16.25,0.08355,0.0358,18.0,0.04775,-0.896873,-0.442289,0
2416,16.2667,0.088883,0.0359,18.0,0.052983,-0.898794,-0.438371,0
2417,16.2833,0.085533,0.0335,18.0,0.052033,-0.900698,-0.434445,0
2418,16.3,0.085283,0.0394,18.0,0.045883,-0.902585,-0.430511,0
2419,16.3167,0.086533,0.0363,18.0,0.050233,-0.904455,-0.426569,0
2420,16.3333,0.0844,0.0375,18.0,0.0469,-0.906308,-0.422618,0
2421,16.35,0.086017,0.0371,18.0,0.048917,-0.908143,-0.41866,0
2422,16.3667,0.083433,0.0328,18.0,0.050633,-0.909961,-0.414693,0
2423,16.3833,0.083983,0.0364,18.0,0.047583,-0.911762,-0.410719,0
2424,16.4,0.08285,0.0399,18.0,0.04295,-0.913545,-0.406737,0
2425,16.4167,0.082667,0.0368,18.0,0.045867,-0.915311,-0.402747,0
2426,16.4333,0.081833,0.0353,18.0,0.046533,-0.91706,-0.398749,0
2427,16.45,0.074783,0.0378,18.0,0.036983,-0.918791,-0.394744,0
2428,16.4667,0.0833,0.0337,18.0,0.0496,-0.920505,-0.390731,0
2429,16.4833,0.075717,0.0394,18.0,0.036317,-0.922201,-0.386711,0
2430,16.5,0.07725,0.0332,18.0,0.04405,-0.92388,-0.382683,0
2431,16.5167,0.07355,0.0386,18.0,0.03495,-0.925541,-0.378649,0
2432,16.5333,0.074567,0.0352,18.0,0.039367,-0.927184,-0.374607,0
2433,16.55,0.07305,0.0399,18.0,0.03315,-0.92881,-0.370557,0
2434,16.5667,0.073633,0.0382,18.0,0.035433,-0.930418,-0.366501,0
2435,16.5833,0.07185,0.0371,18.0,0.03475,-0.932008,-0.362438,0
2436,16.6,0.07255,0.0366,18.0,0.03595,-0.93358,-0.358368,0
2437,16.6167,0.072683,0.0383,18.0,0.034383,-0.935135,-0.354291,0
2438,16.6333,0.065283,0.0401,18.0,0.025183,-0.936672,-0.350207,0
2439,16.65,0.066167,0.0371,18.0,0.029067,-0.938191,-0.346117,0
2440,16.6667,0.068067,0.0349,18.0,0.033167,-0.939693,-0.34202,0
2441,16.6833,0.06775,0.037,18.0,0.03075,-0.941176,-0.337917,0
2442,16.7,0.064517,0.0392,18.0,0.025317,-0.942641,-0.333807,0
2443,16.7167,0.0666,0.0392,18.0,0.0274,-0.944089,-0.329691,0
2444,16.7333,0.0691,0.0363,18.0,0.0328,-0.945519,-0.325568,0
2445,16.75,0.06465,0.0377,18.0,0.02695,-0.94693,-0.321439,0
2446,16.7667,0.066933,0.0397,18.0,0.027233,-0.948324,-0.317305,0
2447,16.7833,0.057567,0.0351,18.0,0.022467,-0.949699,-0.313164,0
2448,16.8,0.06285,0.0334,18.0,0.02945,-0.951057,-0.309017,0
2449,16.8167,0.062783,0.0388,18.0,0.023983,-0.952396,-0.304864,0
2450,16.8333,0.060933,0.0373,18.0,0.023633,-0.953717,-0.300706,0
2451,16.85,0.056817,0.0355,18.0,0.021317,-0.95502,-0.296542,0
2452,16.8667,0.055133,0.0354,18.0,0.019733,-0.956305,-0.292372,0
2453,16.8833,0.05765,0.0364,18.0,0.02125,-0.957571,-0.288196,0
2454,16.9,0.0611,0.0355,18.0,0.0256,-0.95882,-0.284015,0
2455,16.9167,0.059033,0.0384,18.0,0.020633,-0.96005,-0.279829,0
2456,16.9333,0.0532,0.0353,18.0,0.0179,-0.961262,-0.275637,0
2457,16.95,0.056983,0.0422,18.0,0.014783,-0.962455,-0.27144,0
2458,16.9667,0.0523,0.0385,18.0,0.0138,-0.96363,-0.267238,0
2459,16.9833,0.0525,0.038,18.0,0.0145,-0.964787,-0.263031,0
2460,17.0,0.057767,0.0395,18.0,0.018267,-0.965926,-0.258819,0
2461,17.0167,0.05185,0.0357,18.0,0.01615,-0.967046,-0.254602,0
2462,17.0333,0.051583,0.0373,18.0,0.014283,-0.968148,-0.25038,0
2463,17.05,0.04565,0.0351,18.0,0.01055,-0.969231,-0.246153,0
2464,17.0667,0.044333,0.0393,18.0,0.005033,-0.970296,-0.241922,0
2465,17.0833,0.047567,0.0374,18.0,0.010167,-0.971342,-0.237686,0
2466,17.1,0.047233,0.0383,18.0,0.008933,-0.97237,-0.233445,0
2467,17.1167,0.04485,0.0363,18.0,0.00855,-0.973379,-0.2292,0
2468,17.1333,0.046517,0.0378,18.0,0.008717,-0.97437,-0.224951,0
2469,17.15,0.044467,0.0357,18.0,0.008767,-0.975342,-0.220697,0
2470,17.1667,0.0442,0.04,18.0,0.0042,-0.976296,-0.21644,0
2471,17.1833,0.044617,0.0356,18.0,0.009017,-0.977231,-0.212178,0
2472,17.2,0.044183,0.0358,18.0,0.008383,-0.978148,-0.207912,0
2473,17.2167,0.042933,0.0417,18.0,0.001233,-0.979045,-0.203642,0
2474,17.2333,0.038017,0.0378,18.0,0.000217,-0.979925,-0.199368,0
2475,17.25,0.040033,0.0399,18.0,0.000133,-0.980785,-0.19509,0
2476,17.2667,0.0351,0.0393,17.9958,-0.0042,-0.981627,-0.190809,0
2477,17.2833,0.039,0.0382,17.9966,0.0008,-0.98245,-0.186524,0
2478,17.3,0.034717,0.0386,17.9927,-0.003883,-0.983255,-0.182236,0
2479,17.3167,0.034033,0.0373,17.9894,-0.003267,-0.984041,-0.177944,0
2480,17.3333,0.032767,0.038,17.9842,-0.005233,-0.984808,-0.173648,0
2481,17.35,0.0334,0.0376,17.98,-0.0042,-0.985556,-0.16935,0
2482,17.3667,0.0327,0.0362,17.9765,-0.0035,-0.986286,-0.165048,0
2483,17.3833,0.037133,0.0368,17.9768,0.000333,-0.986996,-0.160743,0
2484,17.4,0.029567,0.0362,17.9702,-0.006633,-0.987688,-0.156434,0
2485,17.4167,0.034017,0.0365,17.9677,-0.002483,-0.988362,-0.152123,0
2486,17.4333,0.030767,0.0372,17.9613,-0.006433,-0.989016,-0.147809,0
2487,17.45,0.02425,0.0368,17.9488,-0.01255,-0.989651,-0.143493,0
2488,17.4667,0.0304,0.034,17.9452,-0.0036,-0.990268,-0.139173,0
2489,17.4833,0.022183,0.0368,17.9306,-0.014617,-0.990866,-0.134851,0
2490,17.5,0.025967,0.0383,17.9183,-0.012333,-0.991445,-0.130526,0
2491,17.5167,0.025033,0.0367,17.9066,-0.011667,-0.992005,-0.126199,0
2492,17.5333,0.03025,0.0391,17.8977,-0.00885,-0.992546,-0.121869,0
2493,17.55,0.026567,0.0386,17.8857,-0.012033,-0.993068,-0.117537,0
2494,17.5667,0.023567,0.0371,17.8722,-0.013533,-0.993572,-0.113203,0
2495,17.5833,0.023567,0.0368,17.859,-0.013233,-0.994056,-0.108867,0
2496,17.6,0.021767,0.0405,17.8403,-0.018733,-0.994522,-0.104528,0
2497,17.6167,0.023117,0.0395,17.8239,-0.016383,-0.994969,-0.100188,0
2498,17.6333,0.020933,0.0405,17.8043,-0.019567,-0.995396,-0.095846,0
2499,17.65,0.014967,0.037,17.7823,-0.022033,-0.995805,-0.091502,0
2500,17.6667,0.018,0.0385,17.7618,-0.0205,-0.996195,-0.087156,0
2501,17.6833,0.012,0.0357,17.7381,-0.0237,-0.996566,-0.082808,0
2502,17.7,0.01855,0.0387,17.718,-0.02015,-0.996917,-0.078459,0
2503,17.7167,0.01305,0.0368,17.6943,-0.02375,-0.99725,-0.074108,0
2504,17.7333,0.012767,0.0392,17.6679,-0.026433,-0.997564,-0.069756,0
2505,17.75,0.008867,0.0372,17.6396,-0.028333,-0.997859,-0.065403,0
2506,17.7667,0.00835,0.0353,17.6127,-0.02695,-0.998135,-0.061049,0
2507,17.7833,0.014583,0.0374,17.5899,-0.022817,-0.998392,-0.056693,0
2508,17.8,0.0115,0.0355,17.5659,-0.024,-0.99863,-0.052336,0
2509,17.8167,0.007417,0.0387,17.5346,-0.031283,-0.998848,-0.047978,0
2510,17.8333,0.005267,0.0372,17.5027,-0.031933,-0.999048,-0.043619,0
2511,17.85,0.006167,0.039,17.4699,-0.032833,-0.999229,-0.03926,0
2512,17.8667,0.006317,0.0369,17.4393,-0.030583,-0.999391,-0.034899,0
2513,17.8833,0.002467,0.0327,17.4091,-0.030233,-0.999534,-0.030539,0
2514,17.9,0.006567,0.0354,17.3803,-0.028833,-0.999657,-0.026177,0
2515,17.9167,0.007433,0.0384,17.3493,-0.030967,-0.999762,-0.021815,0
2516,17.9333,0.005,0.0392,17.3151,-0.0342,-0.999848,-0.017452,0
2517,17.95,0.002733,0.037,17.2808,-0.034267,-0.999914,-0.01309,0
2518,17.9667,0.00065,0.0344,17.247,-0.03375,-0.999962,-0.008727,0
2519,17.9833,0.0,0.0366,17.2104,-0.0366,-0.99999,-0.004363,0
2520,18.0,0.00565,0.0814,17.1347,-0.07575,-1.0,-0.0,0
2521,18.0167,0.0,0.086,17.0487,-0.086,-0.99999,0.004363,0
2522,18.0333,0.0,0.0892,16.9595,-0.0892,-0.999962,0.008727,0
2523,18.05,0.0,0.0881,16.8714,-0.0881,-0.999914,0.01309,0
2524,18.0667,0.0,0.0856,16.7858,-0.0856,-0.999848,0.017452,0
2525,18.0833,0.0,0.0819,16.7039,-0.0819,-0.999762,0.021815,0
2526,18.1,0.0,0.0854,16.6185,-0.0854,-0.999657,0.026177,0
2527,18.1167,0.0,0.0855,16.533,-0.0855,-0.999534,0.030539,0
2528,18.1333,0.0,0.0856,16.4474,-0.0856,-0.999391,0.034899,0
2529,18.15,0.0,0.0862,16.3612,-0.0862,-0.999229,0.03926,0
2530,18.1667,0.0,0.0839,16.2773,-0.0839,-0.999048,0.043619,0
2531,18.1833,0.0,0.0846,16.1927,-0.0846,-0.998848,0.047978,0
2532,18.2,0.0,0.0869,16.1058,-0.0869,-0.99863,0.052336,0
2533,18.2167,0.0,0.0838,16.022,-0.0838,-0.998392,0.056693,0
2534,18.2333,0.0,0.0871,15.9349,-0.0871,-0.998135,0.061049,0
2535,18.25,0.0,0.0812,15.8537,-0.0812,-0.997859,0.065403,0
2536,18.2667,0.0,0.0855,15.7682,-0.0855,-0.997564,0.069756,0
2537,18.2833,0.0,0.0854,15.6828,-0.0854,-0.99725,0.074108,0
2538,18.3,0.0,0.0865,15.5963,-0.0865,-0.996917,0.078459,0
2539,18.3167,0.0,0.0843,15.512,-0.0843,-0.996566,0.082808,0
2540,18.3333,0.0,0.089,15.423,-0.089,-0.996195,0.087156,0
2541,18.35,0.0,0.0837,15.3393,-0.0837,-0.995805,0.091502,0
2542,18.3667,0.0,0.0854,15.2539,-0.0854,-0.995396,0.095846,0
2543,18.3833,0.0,0.0863,15.1676,-0.0863,-0.994969,0.100188,0
2544,18.4,0.0,0.0862,15.0814,-0.0862,-0.994522,0.104528,0
2545,18.4167,0.0,0.0841,14.9973,-0.0841,-0.994056,0.108867,0
2546,18.4333,0.0,0.087,14.9103,-0.087,-0.993572,0.113203,0
2547,18.45,0.0,0.0834,14.8269,-0.0834,-0.993068,0.117537,0
2548,18.4667,0.0,0.0834,14.7435,-0.0834,-0.992546,0.121869,0
2549,18.4833,0.0,0.0869,14.6566,-0.0869,-0.992005,0.126199,0
2550,18.5,0.0,0.0878,14.5688,-0.0878,-0.991445,0.130526,0
2551,18.5167,0.0,0.0865,14.4823,-0.0865,-0.990866,0.134851,0
2552,18.5333,0.0,0.0862,14.3961,-0.0862,-0.990268,0.139173,0
2553,18.55,0.0,0.0849,14.3112,-0.0849,-0.989651,0.143493,0
2554,18.5667,0.0,0.0825,14.2287,-0.0825,-0.989016,0.147809,0
2555,18.5833,0.0,0.0843,14.1444,-0.0843,-0.988362,0.152123,0
2556,18.6,0.0,0.087,14.0574,-0.087,-0.987688,0.156434,0
2557,18.6167,0.0,0.0821,13.9753,-0.0821,-0.986996,0.160743,0
2558,18.6333,0.0,0.0839,13.8914,-0.0839,-0.986286,0.165048,0
2559,18.65,0.0,0.0824,13.809,-0.0824,-0.985556,0.16935,0
2560,18.6667,0.0,0.0864,13.7226,-0.0864,-0.984808,0.173648,0
2561,18.6833,0.0,0.0837,13.6389,-0.0837,-0.984041,0.177944,0
2562,18.7,0.0,0.0824,13.5565,-0.0824,-0.983255,0.182236,0
2563,18.7167,0.0,0.0842,13.4723,-0.0842,-0.98245,0.186524,0
2564,18.7333,0.0,0.0849,13.3874,-0.0849,-0.981627,0.190809,0
2565,18.75,0.0,0.0849,13.3025,-0.0849,-0.980785,0.19509,0
2566,18.7667,0.0,0.0869,13.2156,-0.0869,-0.979925,0.199368,0
2567,18.7833,0.0,0.0862,13.1294,-0.0862,-0.979045,0.203642,0
2568,18.8,0.0,0.084,13.0454,-0.084,-0.978148,0.207912,0
2569,18.8167,0.0,0.0828,12.9626,-0.0828,-0.977231,0.212178,0
2570,18.8333,0.0,0.0831,12.8795,-0.0831,-0.976296,0.21644,0
2571,18.85,0.0,0.0825,12.797,-0.0825,-0.975342,0.220697,0
2572,18.8667,0.0,0.0867,12.7103,-0.0867,-0.97437,0.224951,0
2573,18.8833,0.0,0.0827,12.6276,-0.0827,-0.973379,0.2292,0
2574,18.9,0.0,0.0875,12.5401,-0.0875,-0.97237,0.233445,0
2575,18.9167,0.0,0.0862,12.4539,-0.0862,-0.971342,0.237686,0
2576,18.9333,0.0,0.086,12.3679,-0.086,-0.970296,0.241922,0
2577,18.95,0.0,0.0852,12.2827,-0.0852,-0.969231,0.246153,0
2578,18.9667,0.0,0.0839,12.1988,-0.0839,-0.968148,0.25038,0
2579,18.9833,0.0,0.083,12.1158,-0.083,-0.967046,0.254602,0
2580,19.0,0.0,0.0781,12.0377,-0.0781,-0.965926,0.258819,0
2581,19.0167,0.0,0.0811,11.9566,-0.0811,-0.964787,0.263031,0
2582,19.0333,0.0,0.086,11.8706,-0.086,-0.96363,0.267238,0
2583,19.05,0.0,0.0858,11.7848,-0.0858,-0.962455,0.27144,0
2584,19.0667,0.0,0.1217,11.6631,-0.1217,-0.961262,0.275637,0
2585,19.0833,0.0,0.1212,11.5419,-0.1212,-0.96005,0.279829,0
2586,19.1,0.0,0.119,11.4229,-0.119,-0.95882,0.284015,0
2587,19.1167,0.0,0.1207,11.3022,-0.1207,-0.957571,0.288196,0
2588,19.1333,0.0,0.116,11.1862,-0.116,-0.956305,0.292372,0
2589,19.15,0.0,0.1183,11.0679,-0.1183,-0.95502,0.296542,0
2590,19.1667,0.0,0.1216,10.9463,-0.1216,-0.953717,0.300706,0
2591,19.1833,0.0,0.1194,10.8269,-0.1194,-0.952396,0.304864,0
2592,19.2,0.0,0.122,10.7049,-0.122,-0.951057,0.309017,0
2593,19.2167,0.0,0.1185,10.5864,-0.1185,-0.949699,0.313164,0
2594,19.2333,0.0,0.1265,10.4599,-0.1265,-0.948324,0.317305,0
2595,19.25,0.0,0.1228,10.3371,-0.1228,-0.94693,0.321439,0
2596,19.2667,0.0,0.1225,10.2146,-0.1225,-0.945519,0.325568,0
2597,19.2833,0.0,0.1184,10.0962,-0.1184,-0.944089,0.329691,0
2598,19.3,0.0,0.1204,9.9758,-0.1204,-0.942641,0.333807,0
2599,19.3167,0.0,0.1207,9.8551,-0.1207,-0.941176,0.337917,0
2600,19.3333,0.0,0.1193,9.7358,-0.1193,-0.939693,0.34202,0
2601,19.35,0.0,0.1241,9.6117,-0.1241,-0.938191,0.346117,0
2602,19.3667,0.0,0.12,9.4917,-0.12,-0.936672,0.350207,0
2603,19.3833,0.0,0.1232,9.3685,-0.1232,-0.935135,0.354291,0
2604,19.4,0.0,0.1214,9.2471,-0.1214,-0.93358,0.358368,0
2605,19.4167,0.0,0.1161,9.131,-0.1161,-0.932008,0.362438,0
2606,19.4333,0.0,0.1225,9.0085,-0.1225,-0.930418,0.366501,0
2607,19.45,0.0,0.1191,8.8894,-0.1191,-0.92881,0.370557,0
2608,19.4667,0.0,0.1202,8.7692,-0.1202,-0.927184,0.374607,0
2609,19.4833,0.0,0.1193,8.6499,-0.1193,-0.925541,0.378649,0
2610,19.5,0.0,0.1184,8.5315,-0.1184,-0.92388,0.382683,0
2611,19.5167,0.0,0.1169,8.4146,-0.1169,-0.922201,0.386711,0
2612,19.5333,0.0,0.1249,8.2897,-0.1249,-0.920505,0.390731,0
2613,19.55,0.0,0.1201,8.1696,-0.1201,-0.918791,0.394744,0
2614,19.5667,0.0,0.1192,8.0504,-0.1192,-0.91706,0.398749,0
2615,19.5833,0.0,0.1196,7.9308,-0.1196,-0.915311,0.402747,0
2616,19.6,0.0,0.1192,7.8116,-0.1192,-0.913545,0.406737,0
2617,19.6167,0.0,0.1178,7.6938,-0.1178,-0.911762,0.410719,0
2618,19.6333,0.0,0.1221,7.5717,-0.1221,-0.909961,0.414693,0
2619,19.65,0.0,0.1209,7.4508,-0.1209,-0.908143,0.41866,0
2620,19.6667,0.0,0.1209,7.3299,-0.1209,-0.906308,0.422618,0
2621,19.6833,0.0,0.1204,7.2095,-0.1204,-0.904455,0.426569,0
2622,19.7,0.0,0.1223,7.0872,-0.1223,-0.902585,0.430511,0
2623,19.7167,0.0,0.1187,6.9685,-0.1187,-0.900698,0.434445,0
2624,19.7333,0.0,0.1191,6.8494,-0.1191,-0.898794,0.438371,0
2625,19.75,0.0,0.1237,6.7257,-0.1237,-0.896873,0.442289,0
2626,19.7667,0.0,0.1225,6.6032,-0.1225,-0.894934,0.446198,0
2627,19.7833,0.0,0.1225,6.4807,-0.1225,-0.892979,0.450098,0
2628,19.8,0.0,0.1193,6.3614,-0.1193,-0.891007,0.45399,0
2629,19.8167,0.0,0.1182,6.2432,-0.1182,-0.889017,0.457874,0
2630,19.8333,0.0,0.1192,6.124,-0.1192,-0.887011,0.461749,0
2631,19.85,0.0,0.1187,6.0053,-0.1187,-0.884988,0.465615,0
2632,19.8667,0.0,0.1217,5.8836,-0.1217,-0.882948,0.469472,0
2633,19.8833,0.0,0.1205,5.7631,-0.1205,-0.880891,0.47332,0
2634,19.9,0.0,0.1205,5.6426,-0.1205,-0.878817,0.477159,0
2635,19.9167,0.0,0.1185,5.5241,-0.1185,-0.876727,0.480989,0
2636,19.9333,0.0,0.1225,5.4016,-0.1225,-0.87462,0.48481,0
2637,19.95,0.0,0.125,5.2766,-0.125,-0.872496,0.488621,0
2638,19.9667,0.0,0.1203,5.1563,-0.1203,-0.870356,0.492424,0
2639,19.9833,0.0,0.1246,5.0317,-0.1246,-0.868199,0.496217,0
2640,20.0,0.0,0.1169,4.9148,-0.1169,-0.866025,0.5,0
2641,20.0167,0.0,0.1195,4.7953,-0.1195,-0.863836,0.503774,0
2642,20.0333,0.0,0.1233,4.672,-0.1233,-0.861629,0.507538,0
2643,20.05,0.0,0.1193,4.5527,-0.1193,-0.859406,0.511293,0
2644,20.0667,0.0,0.1207,4.432,-0.1207,-0.857167,0.515038,0
2645,20.0833,0.0,0.1199,4.3121,-0.1199,-0.854912,0.518773,0
2646,20.1,0.0,0.1209,4.1912,-0.1209,-0.85264,0.522499,0
2647,20.1167,0.0,0.1227,4.0685,-0.1227,-0.850352,0.526214,0
2648,20.1333,0.0,0.1213,3.9472,-0.1213,-0.848048,0.529919,0
2649,20.15,0.0,0.1194,3.8278,-0.1194,-0.845728,0.533615,0
2650,20.1667,0.0,0.1189,3.7089,-0.1189,-0.843391,0.5373,0
2651,20.1833,0.0,0.1241,3.5848,-0.1241,-0.841039,0.540974,0
2652,20.2,0.0,0.1188,3.466,-0.1188,-0.838671,0.544639,0
2653,20.2167,0.0,0.0835,3.3825,-0.0835,-0.836286,0.548293,0
2654,20.2333,0.0,0.0841,3.2984,-0.0841,-0.833886,0.551937,0
2655,20.25,0.0,0.0825,3.2159,-0.0825,-0.83147,0.55557,0
2656,20.2667,0.0,0.0886,3.1273,-0.0886,-0.829038,0.559193,0
2657,20.2833,0.0,0.086,3.0413,-0.086,-0.82659,0.562805,0
2658,20.3,0.0,0.0838,2.9575,-0.0838,-0.824126,0.566406,0
2659,20.3167,0.0,0.0826,2.8749,-0.0826,-0.821647,0.569997,0
2660,20.3333,0.0,0.0838,2.7911,-0.0838,-0.819152,0.573576,0
2661,20.35,0.0,0.0837,2.7074,-0.0837,-0.816642,0.577145,0
2662,20.3667,0.0,0.0866,2.6208,-0.0866,-0.814116,0.580703,0
2663,20.3833,0.0,0.0839,2.5369,-0.0839,-0.811574,0.58425,0
2664,20.4,0.0,0.084,2.4529,-0.084,-0.809017,0.587785,0
2665,20.4167,0.0,0.0855,2.3674,-0.0855,-0.806445,0.59131,0
2666,20.4333,0.0,0.0816,2.2858,-0.0816,-0.803857,0.594823,0
2667,20.45,0.0,0.0859,2.1999,-0.0859,-0.801254,0.598325,0
2668,20.4667,0.0,0.0825,2.1174,-0.0825,-0.798636,0.601815,0
2669,20.4833,0.0,0.0854,2.032,-0.0854,-0.796002,0.605294,0
2670,20.5,0.0,0.0861,1.9459,-0.0861,-0.793353,0.608761,0
2671,20.5167,0.0,0.0835,1.8624,-0.0835,-0.79069,0.612217,0
2672,20.5333,0.0,0.0802,1.7822,-0.0802,-0.788011,0.615661,0
2673,20.55,0.0,0.0863,1.6959,-0.0863,-0.785317,0.619094,0
2674,20.5667,0.0,0.0857,1.6102,-0.0857,-0.782608,0.622515,0
2675,20.5833,0.0,0.0839,1.5263,-0.0839,-0.779884,0.625923,0
2676,20.6,0.0,0.0855,1.4408,-0.0855,-0.777146,0.62932,0
2677,20.6167,0.0,0.0803,1.3605,-0.0803,-0.774393,0.632705,0
2678,20.6333,0.0,0.0845,1.276,-0.0845,-0.771625,0.636078,0
2679,20.65,0.0,0.0849,1.1911,-0.0849,-0.768842,0.639439,0
2680,20.6667,0.0,0.0871,1.104,-0.0871,-0.766044,0.642788,0
2681,20.6833,0.0,0.0876,1.0164,-0.0876,-0.763232,0.646124,0
2682,20.7,0.0,0.0836,0.9328,-0.0836,-0.760406,0.649448,0
2683,20.7167,0.0,0.0832,0.8496,-0.0832,-0.757565,0.65276,0
2684,20.7333,0.0,0.0852,0.7644,-0.0852,-0.75471,0.656059,0
2685,20.75,0.0,0.0855,0.6789,-0.0855,-0.75184,0.659346,0
2686,20.7667,0.0,0.0856,0.5933,-0.0856,-0.748956,0.66262,0
2687,20.7833,0.0,0.084,0.5093,-0.084,-0.746057,0.665882,0
2688,20.8,0.0,0.0871,0.4222,-0.0871,-0.743145,0.669131,0
2689,20.8167,0.0,0.0825,0.3397,-0.0825,-0.740218,0.672367,0
2690,20.8333,0.0,0.0843,0.2554,-0.0843,-0.737277,0.67559,0
2691,20.85,0.0,0.0861,0.1693,-0.0861,-0.734323,0.678801,0
2692,20.8667,0.0,0.0857,0.0836,-0.0857,-0.731354,0.681998,0
2693,20.8833,0.0,0.0864,0.0,-0.0864,-0.728371,0.685183,1
2694,20.9,0.0,0.0854,0.0,-0.0854,-0.725374,0.688355,1
2695,20.9167,0.0,0.0855,0.0,-0.0855,-0.722364,0.691513,1
2696,20.9333,0.0,0.0824,0.0,-0.0824,-0.71934,0.694658,1
2697,20.95,0.0,0.0836,0.0,-0.0836,-0.716302,0.69779,1
2698,20.9667,0.0,0.0827,0.0,-0.0827,-0.71325,0.700909,1
2699,20.9833,0.0,0.0845,0.0,-0.0845,-0.710185,0.704015,1
2700,21.0,0.0,0.088,0.0,-0.088,-0.707107,0.707107,1
2701,21.0167,0.0,0.0826,0.0,-0.0826,-0.704015,0.710185,1
2702,21.0333,0.0,0.0866,0.0,-0.0866,-0.700909,0.71325,1
2703,21.05,0.0,0.0846,0.0,-0.0846,-0.69779,0.716302,1
2704,21.0667,0.0,0.0859,0.0,-0.0859,-0.694658,0.71934,1
2705,21.0833,0.0,0.0836,0.0,-0.0836,-0.691513,0.722364,1
2706,21.1,0.0,0.0844,0.0,-0.0844,-0.688355,0.725374,1
2707,21.1167,0.0,0.0858,0.0,-0.0858,-0.685183,0.728371,1
2708,21.1333,0.0,0.0838,0.0,-0.0838,-0.681998,0.731354,1
2709,21.15,0.0,0.0802,0.0,-0.0802,-0.678801,0.734323,1
2710,21.1667,0.0,0.0838,0.0,-0.0838,-0.67559,0.737277,1
2711,21.1833,0.0,0.0872,0.0,-0.0872,-0.672367,0.740218,1
2712,21.2,0.0,0.0854,0.0,-0.0854,-0.669131,0.743145,1
2713,21.2167,0.0,0.0825,0.0,-0.0825,-0.665882,0.746057,1
2714,21.2333,0.0,0.0867,0.0,-0.0867,-0.66262,0.748956,1
2715,21.25,0.0,0.0867,0.0,-0.0867,-0.659346,0.75184,1
2716,21.2667,0.0,0.0859,0.0,-0.0859,-0.656059,0.75471,1
2717,21.2833,0.0,0.0852,0.0,-0.0852,-0.65276,0.757565,1
2718,21.3,0.0,0.0864,0.0,-0.0864,-0.649448,0.760406,1
2719,21.3167,0.0,0.0859,0.0,-0.0859,-0.646124,0.763232,1
2720,21.3333,0.0,0.083,0.0,-0.083,-0.642788,0.766044,1
2721,21.35,0.0,0.0842,0.0,-0.0842,-0.639439,0.768842,1
2722,21.3667,0.0,0.0845,0.0,-0.0845,-0.636078,0.771625,1
2723,21.3833,0.0,0.0835,0.0,-0.0835,-0.632705,0.774393,1
2724,21.4,0.0,0.0894,0.0,-0.0894,-0.62932,0.777146,1
2725,21.4167,0.0,0.0859,0.0,-0.0859,-0.625923,0.779884,1
2726,21.4333,0.0,0.0867,0.0,-0.0867,-0.622515,0.782608,1
2727,21.45,0.0,0.0857,0.0,-0.0857,-0.619094,0.785317,1
2728,21.4667,0.0,0.087,0.0,-0.087,-0.615661,0.788011,1
2729,21.4833,0.0,0.0827,0.0,-0.0827,-0.612217,0.79069,1
2730,21.5,0.0,0.0865,0.0,-0.0865,-0.608761,0.793353,1
2731,21.5167,0.0,0.0858,0.0,-0.0858,-0.605294,0.796002,1
2732,21.5333,0.0,0.0851,0.0,-0.0851,-0.601815,0.798636,1
2733,21.55,0.0,0.0847,0.0,-0.0847,-0.598325,0.801254,1
2734,21.5667,0.0,0.0862,0.0,-0.0862,-0.594823,0.803857,1
2735,21.5833,0.0,0.0871,0.0,-0.0871,-0.59131,0.806445,1
2736,21.6,0.0,0.0846,0.0,-0.0846,-0.587785,0.809017,1
2737,21.6167,0.0,0.0853,0.0,-0.0853,-0.58425,0.811574,1
2738,21.6333,0.0,0.0844,0.0,-0.0844,-0.580703,0.814116,1
2739,21.65,0.0,0.0863,0.0,-0.0863,-0.577145,0.816642,1
2740,21.6667,0.0,0.0869,0.0,-0.0869,-0.573576,0.819152,1
2741,21.6833,0.0,0.082,0.0,-0.082,-0.569997,0.821647,1
2742,21.7,0.0,0.0831,0.0,-0.0831,-0.566406,0.824126,1
2743,21.7167,0.0,0.084,0.0,-0.084,-0.562805,0.82659,1
2744,21.7333,0.0,0.0849,0.0,-0.0849,-0.559193,0.829038,1
2745,21.75,0.0,0.0857,0.0,-0.0857,-0.55557,0.83147,1
2746,21.7667,0.0,0.0831,0.0,-0.0831,-0.551937,0.833886,1
2747,21.7833,0.0,0.0826,0.0,-0.0826,-0.548293,0.836286,1
2748,21.8,0.0,0.081,0.0,-0.081,-0.544639,0.838671,1
2749,21.8167,0.0,0.0807,0.0,-0.0807,-0.540974,0.841039,1
2750,21.8333,0.0,0.0891,0.0,-0.0891,-0.5373,0.843391,1
2751,21.85,0.0,0.0856,0.0,-0.0856,-0.533615,0.845728,1
2752,21.8667,0.0,0.0875,0.0,-0.0875,-0.529919,0.848048,1
2753,21.8833,0.0,0.0854,0.0,-0.0854,-0.526214,0.850352,1
2754,21.9,0.0,0.0816,0.0,-0.0816,-0.522499,0.85264,1
2755,21.9167,0.0,0.0825,0.0,-0.0825,-0.518773,0.854912,1
2756,21.9333,0.0,0.087,0.0,-0.087,-0.515038,0.857167,1
2757,21.95,0.0,0.0865,0.0,-0.0865,-0.511293,0.859406,1
2758,21.9667,0.0,0.0889,0.0,-0.0889,-0.507538,0.861629,1
2759,21.9833,0.0,0.0843,0.0,-0.0843,-0.503774,0.863836,1
2760,22.0,0.0,0.0197,0.0,-0.0197,-0.5,0.866025,1
2761,22.0167,0.0,0.0206,0.0,-0.0206,-0.496217,0.868199,1
2762,22.0333,0.0,0.02,0.0,-0.02,-0.492424,0.870356,1
2763,22.05,0.0,0.0229,0.0,-0.0229,-0.488621,0.872496,1
2764,22.0667,0.0,0.0228,0.0,-0.0228,-0.48481,0.87462,1
2765,22.0833,0.0,0.0175,0.0,-0.0175,-0.480989,0.876727,1
2766,22.1,0.0,0.0242,0.0,-0.0242,-0.477159,0.878817,1
2767,22.1167,0.0,0.0195,0.0,-0.0195,-0.47332,0.880891,1
2768,22.1333,0.0,0.0183,0.0,-0.0183,-0.469472,0.882948,1
2769,22.15,0.0,0.0218,0.0,-0.0218,-0.465615,0.884988,1
2770,22.1667,0.0,0.0171,0.0,-0.0171,-0.461749,0.887011,1
2771,22.1833,0.0,0.0229,0.0,-0.0229,-0.457874,0.889017,1
2772,22.2,0.0,0.0231,0.0,-0.0231,-0.45399,0.891007,1
2773,22.2167,0.0,0.0206,0.0,-0.0206,-0.450098,0.892979,1
2774,22.2333,0.0,0.0191,0.0,-0.0191,-0.446198,0.894934,1
2775,22.25,0.0,0.0197,0.0,-0.0197,-0.442289,0.896873,1
2776,22.2667,0.0,0.0204,0.0,-0.0204,-0.438371,0.898794,1
2777,22.2833,0.0,0.0198,0.0,-0.0198,-0.434445,0.900698,1
2778,22.3,0.0,0.0209,0.0,-0.0209,-0.430511,0.902585,1
2779,22.3167,0.0,0.0205,0.0,-0.0205,-0.426569,0.904455,1
2780,22.3333,0.0,0.021,0.0,-0.021,-0.422618,0.906308,1
2781,22.35,0.0,0.0226,0.0,-0.0226,-0.41866,0.908143,1
2782,22.3667,0.0,0.0194,0.0,-0.0194,-0.414693,0.909961,1
2783,22.3833,0.0,0.0215,0.0,-0.0215,-0.410719,0.911762,1
2784,22.4,0.0,0.0182,0.0,-0.0182,-0.406737,0.913545,1
2785,22.4167,0.0,0.0219,0.0,-0.0219,-0.402747,0.915311,1
2786,22.4333,0.0,0.0216,0.0,-0.0216,-0.398749,0.91706,1
2787,22.45,0.0,0.0208,0.0,-0.0208,-0.394744,0.918791,1
2788,22.4667,0.0,0.023,0.0,-0.023,-0.390731,0.920505,1
2789,22.4833,0.0,0.0197,0.0,-0.0197,-0.386711,0.922201,1
2790,22.5,0.0,0.019,0.0,-0.019,-0.382683,0.92388,1
2791,22.5167,0.0,0.0224,0.0,-0.0224,-0.378649,0.925541,1
2792,22.5333,0.0,0.0174,0.0,-0.0174,-0.374607,0.927184,1
2793,22.55,0.0,0.024,0.0,-0.024,-0.370557,0.92881,1
2794,22.5667,0.0,0.0228,0.0,-0.0228,-0.366501,0.930418,1
2795,22.5833,0.0,0.0178,0.0,-0.0178,-0.362438,0.932008,1
2796,22.6,0.0,0.0167,0.0,-0.0167,-0.358368,0.93358,1
2797,22.6167,0.0,0.0211,0.0,-0.0211,-0.354291,0.935135,1
2798,22.6333,0.0,0.018,0.0,-0.018,-0.350207,0.936672,1
2799,22.65,0.0,0.0196,0.0,-0.0196,-0.346117,0.938191,1
2800,22.6667,0.0,0.0178,0.0,-0.0178,-0.34202,0.939693,1
2801,22.6833,0.0,0.0212,0.0,-0.0212,-0.337917,0.941176,1
2802,22.7,0.0,0.0189,0.0,-0.0189,-0.333807,0.942641,1
2803,22.7167,0.0,0.0203,0.0,-0.0203,-0.329691,0.944089,1
2804,22.7333,0.0,0.0185,0.0,-0.0185,-0.325568,0.945519,1
2805,22.75,0.0,0.0207,0.0,-0.0207,-0.321439,0.94693,1
2806,22.7667,0.0,0.0206,0.0,-0.0206,-0.317305,0.948324,1
2807,22.7833,0.0,0.0202,0.0,-0.0202,-0.313164,0.949699,1
2808,22.8,0.0,0.0211,0.0,-0.0211,-0.309017,0.951057,1
2809,22.8167,0.0,0.0194,0.0,-0.0194,-0.304864,0.952396,1
2810,22.8333,0.0,0.0246,0.0,-0.0246,-0.300706,0.953717,1
2811,22.85,0.0,0.0181,0.0,-0.0181,-0.296542,0.95502,1
2812,22.8667,0.0,0.0217,0.0,-0.0217,-0.292372,0.956305,1
2813,22.8833,0.0,0.0185,0.0,-0.0185,-0.288196,0.957571,1
2814,22.9,0.0,0.0213,0.0,-0.0213,-0.284015,0.95882,1
2815,22.9167,0.0,0.0195,0.0,-0.0195,-0.279829,0.96005,1
2816,22.9333,0.0,0.0209,0.0,-0.0209,-0.275637,0.961262,1
2817,22.95,0.0,0.0207,0.0,-0.0207,-0.27144,0.962455,1
2818,22.9667,0.0,0.0166,0.0,-0.0166,-0.267238,0.96363,1
2819,22.9833,0.0,0.0192,0.0,-0.0192,-0.263031,0.964787,1
2820,23.0,0.0,0.0222,0.0,-0.0222,-0.258819,0.965926,1
2821,23.0167,0.0,0.0218,0.0,-0.0218,-0.254602,0.967046,1
2822,23.0333,0.0,0.0219,0.0,-0.0219,-0.25038,0.968148,1
2823,23.05,0.0,0.0207,0.0,-0.0207,-0.246153,0.969231,1
2824,23.0667,0.0,0.0213,0.0,-0.0213,-0.241922,0.970296,1
2825,23.0833,0.0,0.0208,0.0,-0.0208,-0.237686,0.971342,1
2826,23.1,0.0,0.0231,0.0,-0.0231,-0.233445,0.97237,1
2827,23.1167,0.0,0.0214,0.0,-0.0214,-0.2292,0.973379,1
2828,23.1333,0.0,0.0197,0.0,-0.0197,-0.224951,0.97437,1
2829,23.15,0.0,0.0194,0.0,-0.0194,-0.220697,0.975342,1
2830,23.1667,0.0,0.0186,0.0,-0.0186,-0.21644,0.976296,1
2831,23.1833,0.0,0.0184,0.0,-0.0184,-0.212178,0.977231,1
2832,23.2,0.0,0.0209,0.0,-0.0209,-0.207912,0.978148,1
2833,23.2167,0.0,0.0198,0.0,-0.0198,-0.203642,0.979045,1
2834,23.2333,0.0,0.0186,0.0,-0.0186,-0.199368,0.979925,1
2835,23.25,0.0,0.0187,0.0,-0.0187,-0.19509,0.980785,1
2836,23.2667,0.0,0.0214,0.0,-0.0214,-0.190809,0.981627,1
2837,23.2833,0.0,0.0231,0.0,-0.0231,-0.186524,0.98245,1
2838,23.3,0.0,0.0189,0.0,-0.0189,-0.182236,0.983255,1
2839,23.3167,0.0,0.0177,0.0,-0.0177,-0.177944,0.984041,1
2840,23.3333,0.0,0.0191,0.0,-0.0191,-0.173648,0.984808,1
2841,23.35,0.0,0.0172,0.0,-0.0172,-0.16935,0.985556,1
2842,23.3667,0.0,0.017,0.0,-0.017,-0.165048,0.986286,1
2843,23.3833,0.0,0.0205,0.0,-0.0205,-0.160743,0.986996,1
2844,23.4,0.0,0.021,0.0,-0.021,-0.156434,0.987688,1
2845,23.4167,0.0,0.0184,0.0,-0.0184,-0.152123,0.988362,1
2846,23.4333,0.0,0.0177,0.0,-0.0177,-0.147809,0.989016,1
2847,23.45,0.0,0.0229,0.0,-0.0229,-0.143493,0.989651,1
2848,23.4667,0.0,0.0216,0.0,-0.0216,-0.139173,0.990268,1
2849,23.4833,0.0,0.0211,0.0,-0.0211,-0.134851,0.990866,1
2850,23.5,0.0,0.021,0.0,-0.021,-0.130526,0.991445,1
2851,23.5167,0.0,0.019,0.0,-0.019,-0.126199,0.992005,1
2852,23.5333,0.0,0.024,0.0,-0.024,-0.121869,0.992546,1
2853,23.55,0.0,0.0205,0.0,-0.0205,-0.117537,0.993068,1
2854,23.5667,0.0,0.0202,0.0,-0.0202,-0.113203,0.993572,1
2855,23.5833,0.0,0.0195,0.0,-0.0195,-0.108867,0.994056,1
2856,23.6,0.0,0.0163,0.0,-0.0163,-0.104528,0.994522,1
2857,23.6167,0.0,0.0219,0.0,-0.0219,-0.100188,0.994969,1
2858,23.6333,0.0,0.018,0.0,-0.018,-0.095846,0.995396,1
2859,23.65,0.0,0.0227,0.0,-0.0227,-0.091502,0.995805,1
2860,23.6667,0.0,0.0167,0.0,-0.0167,-0.087156,0.996195,1
2861,23.6833,0.0,0.0204,0.0,-0.0204,-0.082808,0.996566,1
2862,23.7,0.0,0.0181,0.0,-0.0181,-0.078459,0.996917,1
2863,23.7167,0.0,0.021,0.0,-0.021,-0.074108,0.99725,1
2864,23.7333,0.0,0.018,0.0,-0.018,-0.069756,0.997564,1
2865,23.75,0.0,0.0251,0.0,-0.0251,-0.065403,0.997859,1
2866,23.7667,0.0,0.0169,0.0,-0.0169,-0.061049,0.998135,1
2867,23.7833,0.0,0.0185,0.0,-0.0185,-0.056693,0.998392,1
2868,23.8,0.0,0.0189,0.0,-0.0189,-0.052336,0.99863,1
2869,23.8167,0.0,0.0227,0.0,-0.0227,-0.047978,0.998848,1
2870,23.8333,0.0,0.0176,0.0,-0.0176,-0.043619,0.999048,1
2871,23.85,0.0,0.0184,0.0,-0.0184,-0.03926,0.999229,1
2872,23.8667,0.0,0.019,0.0,-0.019,-0.034899,0.999391,1
2873,23.8833,0.0,0.0171,0.0,-0.0171,-0.030539,0.999534,1
2874,23.9,0.0,0.0209,0.0,-0.0209,-0.026177,0.999657,1
2875,23.9167,0.0,0.021,0.0,-0.021,-0.021815,0.999762,1
2876,23.9333,0.0,0.0238,0.0,-0.0238,-0.017452,0.999848,1
2877,23.95,0.0,0.0227,0.0,-0.0227,-0.01309,0.999914,1
2878,23.9667,0.0,0.021,0.0,-0.021,-0.008727,0.999962,1
2879,23.9833,0.0,0.0207,0.0,-0.0207,-0.004363,0.99999,1
2880,0.0,0.0,0.0205,0.0,-0.0205,0.0,1.0,1
2881,0.0167,0.0,0.0133,0.0,-0.0133,0.004363,0.99999,1
2882,0.0333,0.0,0.0238,0.0,-0.0238,0.008727,0.999962,1
2883,0.05,0.0,0.022,0.0,-0.022,0.01309,0.999914,1
2884,0.0667,0.0,0.0182,0.0,-0.0182,0.017452,0.999848,1
2885,0.0833,0.0,0.0226,0.0,-0.0226,0.021815,0.999762,1
2886,0.1,0.0,0.0206,0.0,-0.0206,0.026177,0.999657,1
2887,0.1167,0.0,0.0166,0.0,-0.0166,0.030539,0.999534,1
2888,0.1333,0.0,0.022,0.0,-0.022,0.034899,0.999391,1
2889,0.15,0.0,0.0245,0.0,-0.0245,0.03926,0.999229,1
2890,0.1667,0.0,0.0199,0.0,-0.0199,0.043619,0.999048,1
2891,0.1833,0.0,0.0221,0.0,-0.0221,0.047978,0.998848,1
2892,0.2,0.0,0.0221,0.0,-0.0221,0.052336,0.99863,1
2893,0.2167,0.0,0.0177,0.0,-0.0177,0.056693,0.998392,1
2894,0.2333,0.0,0.0203,0.0,-0.0203,0.061049,0.998135,1
2895,0.25,0.0,0.0189,0.0,-0.0189,0.065403,0.997859,1
2896,0.2667,0.0,0.0238,0.0,-0.0238,0.069756,0.997564,1
2897,0.2833,0.0,0.0209,0.0,-0.0209,0.074108,0.99725,1
2898,0.3,0.0,0.0189,0.0,-0.0189,0.078459,0.996917,1
2899,0.3167,0.0,0.0193,0.0,-0.0193,0.082808,0.996566,1
2900,0.3333,0.0,0.0209,0.0,-0.0209,0.087156,0.996195,1
2901,0.35,0.0,0.0237,0.0,-0.0237,0.091502,0.995805,1
2902,0.3667,0.0,0.0181,0.0,-0.0181,0.095846,0.995396,1
2903,0.3833,0.0,0.0208,0.0,-0.0208,0.100188,0.994969,1
2904,0.4,0.0,0.0222,0.0,-0.0222,0.104528,0.994522,1
2905,0.4167,0.0,0.0201,0.0,-0.0201,0.108867,0.994056,1
2906,0.4333,0.0,0.0208,0.0,-0.0208,0.113203,0.993572,1
2907,0.45,0.0,0.0186,0.0,-0.0186,0.117537,0.993068,1
2908,0.4667,0.0,0.0179,0.0,-0.0179,0.121869,0.992546,1
2909,0.4833,0.0,0.0245,0.0,-0.0245,0.126199,0.992005,1
2910,0.5,0.0,0.0208,0.0,-0.0208,0.130526,0.991445,1
2911,0.5167,0.0,0.0256,0.0,-0.0256,0.134851,0.990866,1
2912,0.5333,0.0,0.0226,0.0,-0.0226,0.139173,0.990268,1
2913,0.55,0.0,0.0184,0.0,-0.0184,0.143493,0.989651,1
2914,0.5667,0.0,0.022,0.0,-0.022,0.147809,0.989016,1
2915,0.5833,0.0,0.0196,0.0,-0.0196,0.152123,0.988362,1
2916,0.6,0.0,0.0212,0.0,-0.0212,0.156434,0.987688,1
2917,0.6167,0.0,0.0223,0.0,-0.0223,0.160743,0.986996,1
2918,0.6333,0.0,0.0228,0.0,-0.0228,0.165048,0.986286,1
2919,0.65,0.0,0.018,0.0,-0.018,0.16935,0.985556,1
2920,0.6667,0.0,0.0215,0.0,-0.0215,0.173648,0.984808,1
2921,0.6833,0.0,0.0231,0.0,-0.0231,0.177944,0.984041,1
2922,0.7,0.0,0.0213,0.0,-0.0213,0.182236,0.983255,1
2923,0.7167,0.0,0.0179,0.0,-0.0179,0.186524,0.98245,1
2924,0.7333,0.0,0.0221,0.0,-0.0221,0.190809,0.981627,1
2925,0.75,0.0,0.0218,0.0,-0.0218,0.19509,0.980785,1
2926,0.7667,0.0,0.0228,0.0,-0.0228,0.199368,0.979925,1
2927,0.7833,0.0,0.0226,0.0,-0.0226,0.203642,0.979045,1
2928,0.8,0.0,0.0189,0.0,-0.0189,0.207912,0.978148,1
2929,0.8167,0.0,0.0196,0.0,-0.0196,0.212178,0.977231,1
2930,0.8333,0.0,0.0163,0.0,-0.0163,0.21644,0.976296,1
2931,0.85,0.0,0.0216,0.0,-0.0216,0.220697,0.975342,1
2932,0.8667,0.0,0.0188,0.0,-0.0188,0.224951,0.97437,1
2933,0.8833,0.0,0.0217,0.0,-0.0217,0.2292,0.973379,1
2934,0.9,0.0,0.0188,0.0,-0.0188,0.233445,0.97237,1
2935,0.9167,0.0,0.0182,0.0,-0.0182,0.237686,0.971342,1
2936,0.9333,0.0,0.0194,0.0,-0.0194,0.241922,0.970296,1
2937,0.95,0.0,0.0169,0.0,-0.0169,0.246153,0.969231,1
2938,0.9667,0.0,0.0219,0.0,-0.0219,0.25038,0.968148,1
2939,0.9833,0.0,0.0206,0.0,-0.0206,0.254602,0.967046,1
2940,1.0,0.0,0.02,0.0,-0.02,0.258819,0.965926,1
2941,1.0167,0.0,0.0187,0.0,-0.0187,0.263031,0.964787,1
2942,1.0333,0.0,0.0185,0.0,-0.0185,0.267238,0.96363,1
2943,1.05,0.0,0.0178,0.0,-0.0178,0.27144,0.962455,1
2944,1.0667,0.0,0.0187,0.0,-0.0187,0.275637,0.961262,1
2945,1.0833,0.0,0.0206,0.0,-0.0206,0.279829,0.96005,1
2946,1.1,0.0,0.0198,0.0,-0.0198,0.284015,0.95882,1
2947,1.1167,0.0,0.0206,0.0,-0.0206,0.288196,0.957571,1
2948,1.1333,0.0,0.0174,0.0,-0.0174,0.292372,0.956305,1
2949,1.15,0.0,0.0217,0.0,-0.0217,0.296542,0.95502,1
2950,1.1667,0.0,0.02,0.0,-0.02,0.300706,0.953717,1
2951,1.1833,0.0,0.0232,0.0,-0.0232,0.304864,0.952396,1
2952,1.2,0.0,0.0196,0.0,-0.0196,0.309017,0.951057,1
2953,1.2167,0.0,0.02,0.0,-0.02,0.313164,0.949699,1
2954,1.2333,0.0,0.0146,0.0,-0.0146,0.317305,0.948324,1
2955,1.25,0.0,0.0214,0.0,-0.0214,0.321439,0.94693,1
2956,1.2667,0.0,0.0202,0.0,-0.0202,0.325568,0.945519,1
2957,1.2833,0.0,0.0195,0.0,-0.0195,0.329691,0.944089,1
2958,1.3,0.0,0.0191,0.0,-0.0191,0.333807,0.942641,1
2959,1.3167,0.0,0.0197,0.0,-0.0197,0.337917,0.941176,1
2960,1.3333,0.0,0.0248,0.0,-0.0248,0.34202,0.939693,1
2961,1.35,0.0,0.0218,0.0,-0.0218,0.346117,0.938191,1
2962,1.3667,0.0,0.0207,0.0,-0.0207,0.350207,0.936672,1
2963,1.3833,0.0,0.0196,0.0,-0.0196,0.354291,0.935135,1
2964,1.4,0.0,0.0196,0.0,-0.0196,0.358368,0.93358,1
2965,1.4167,0.0,0.0191,0.0,-0.0191,0.362438,0.932008,1
2966,1.4333,0.0,0.0183,0.0,-0.0183,0.366501,0.930418,1
2967,1.45,0.0,0.0202,0.0,-0.0202,0.370557,0.92881,1
2968,1.4667,0.0,0.0205,0.0,-0.0205,0.374607,0.927184,1
2969,1.4833,0.0,0.0198,0.0,-0.0198,0.378649,0.925541,1
2970,1.5,0.0,0.0213,0.0,-0.0213,0.382683,0.92388,1
2971,1.5167,0.0,0.0226,0.0,-0.0226,0.386711,0.922201,1
2972,1.5333,0.0,0.0172,0.0,-0.0172,0.390731,0.920505,1
2973,1.55,0.0,0.0217,0.0,-0.0217,0.394744,0.918791,1
2974,1.5667,0.0,0.023,0.0,-0.023,0.398749,0.91706,1
2975,1.5833,0.0,0.0192,0.0,-0.0192,0.402747,0.915311,1
2976,1.6,0.0,0.0195,0.0,-0.0195,0.406737,0.913545,1
2977,1.6167,0.0,0.0195,0.0,-0.0195,0.410719,0.911762,1
2978,1.6333,0.0,0.0195,0.0,-0.0195,0.414693,0.909961,1
2979,1.65,0.0,0.0232,0.0,-0.0232,0.41866,0.908143,1
2980,1.6667,0.0,0.0189,0.0,-0.0189,0.422618,0.906308,1
2981,1.6833,0.0,0.0225,0.0,-0.0225,0.426569,0.904455,1
2982,1.7,0.0,0.0199,0.0,-0.0199,0.430511,0.902585,1
2983,1.7167,0.0,0.0203,0.0,-0.0203,0.434445,0.900698,1
2984,1.7333,0.0,0.0193,0.0,-0.0193,0.438371,0.898794,1
2985,1.75,0.0,0.0229,0.0,-0.0229,0.442289,0.896873,1
2986,1.7667,0.0,0.0187,0.0,-0.0187,0.446198,0.894934,1
2987,1.7833,0.0,0.0199,0.0,-0.0199,0.450098,0.892979,1
2988,1.8,0.0,0.0178,0.0,-0.0178,0.45399,0.891007,1
2989,1.8167,0.0,0.0226,0.0,-0.0226,0.457874,0.889017,1
2990,1.8333,0.0,0.0168,0.0,-0.0168,0.461749,0.887011,1
2991,1.85,0.0,0.0228,0.0,-0.0228,0.465615,0.884988,1
2992,1.8667,0.0,0.0201,0.0,-0.0201,0.469472,0.882948,1
2993,1.8833,0.0,0.0156,0.0,-0.0156,0.47332,0.880891,1
2994,1.9,0.0,0.0205,0.0,-0.0205,0.477159,0.878817,1
2995,1.9167,0.0,0.0242,0.0,-0.0242,0.480989,0.876727,1
2996,1.9333,0.0,0.0224,0.0,-0.0224,0.48481,0.87462,1
2997,1.95,0.0,0.0215,0.0,-0.0215,0.488621,0.872496,1
2998,1.9667,0.0,0.0204,0.0,-0.0204,0.492424,0.870356,1
2999,1.9833,0.0,0.0202,0.0,-0.0202,0.496217,0.868199,1
3000,2.0,0.0,0.0215,0.0,-0.0215,0.5,0.866025,1
3001,2.0167,0.0,0.0215,0.0,-0.0215,0.503774,0.863836,1
3002,2.0333,0.0,0.0214,0.0,-0.0214,0.507538,0.861629,1
3003,2.05,0.0,0.0186,0.0,-0.0186,0.511293,0.859406,1
3004,2.0667,0.0,0.0213,0.0,-0.0213,0.515038,0.857167,1
3005,2.0833,0.0,0.0202,0.0,-0.0202,0.518773,0.854912,1
3006,2.1,0.0,0.0218,0.0,-0.0218,0.522499,0.85264,1
3007,2.1167,0.0,0.0231,0.0,-0.0231,0.526214,0.850352,1
3008,2.1333,0.0,0.0189,0.0,-0.0189,0.529919,0.848048,1
3009,2.15,0.0,0.0184,0.0,-0.0184,0.533615,0.845728,1
3010,2.1667,0.0,0.0218,0.0,-0.0218,0.5373,0.843391,1
3011,2.1833,0.0,0.0216,0.0,-0.0216,0.540974,0.841039,1
3012,2.2,0.0,0.022,0.0,-0.022,0.544639,0.838671,1
3013,2.2167,0.0,0.0222,0.0,-0.0222,0.548293,0.836286,1
3014,2.2333,0.0,0.0246,0.0,-0.0246,0.551937,0.833886,1
3015,2.25,0.0,0.0213,0.0,-0.0213,0.55557,0.83147,1
3016,2.2667,0.0,0.0231,0.0,-0.0231,0.559193,0.829038,1
3017,2.2833,0.0,0.0202,0.0,-0.0202,0.562805,0.82659,1
3018,2.3,0.0,0.0159,0.0,-0.0159,0.566406,0.824126,1
3019,2.3167,0.0,0.0179,0.0,-0.0179,0.569997,0.821647,1
3020,2.3333,0.0,0.0208,0.0,-0.0208,0.573576,0.819152,1
3021,2.35,0.0,0.0216,0.0,-0.0216,0.577145,0.816642,1
3022,2.3667,0.0,0.0196,0.0,-0.0196,0.580703,0.814116,1
3023,2.3833,0.0,0.0217,0.0,-0.0217,0.58425,0.811574,1
3024,2.4,0.0,0.02,0.0,-0.02,0.587785,0.809017,1
3025,2.4167,0.0,0.0204,0.0,-0.0204,0.59131,0.806445,1
3026,2.4333,0.0,0.0207,0.0,-0.0207,0.594823,0.803857,1
3027,2.45,0.0,0.0178,0.0,-0.0178,0.598325,0.801254,1
3028,2.4667,0.0,0.0232,0.0,-0.0232,0.601815,0.798636,1
3029,2.4833,0.0,0.0177,0.0,-0.0177,0.605294,0.796002,1
3030,2.5,0.0,0.0215,0.0,-0.0215,0.608761,0.793353,1
3031,2.5167,0.0,0.0186,0.0,-0.0186,0.612217,0.79069,1
3032,2.5333,0.0,0.0258,0.0,-0.0258,0.615661,0.788011,1
3033,2.55,0.0,0.0213,0.0,-0.0213,0.619094,0.785317,1
3034,2.5667,0.0,0.0207,0.0,-0.0207,0.622515,0.782608,1
3035,2.5833,0.0,0.021,0.0,-0.021,0.625923,0.779884,1
3036,2.6,0.0,0.0194,0.0,-0.0194,0.62932,0.777146,1
3037,2.6167,0.0,0.023,0.0,-0.023,0.632705,0.774393,1
3038,2.6333,0.0,0.0213,0.0,-0.0213,0.636078,0.771625,1
3039,2.65,0.0,0.0175,0.0,-0.0175,0.639439,0.768842,1
3040,2.6667,0.0,0.0204,0.0,-0.0204,0.642788,0.766044,1
3041,2.6833,0.0,0.0177,0.0,-0.0177,0.646124,0.763232,1
3042,2.7,0.0,0.0197,0.0,-0.0197,0.649448,0.760406,1
3043,2.7167,0.0,0.0214,0.0,-0.0214,0.65276,0.757565,1
3044,2.7333,0.0,0.0209,0.0,-0.0209,0.656059,0.75471,1
3045,2.75,0.0,0.02,0.0,-0.02,0.659346,0.75184,1
3046,2.7667,0.0,0.016,0.0,-0.016,0.66262,0.748956,1
3047,2.7833,0.0,0.0232,0.0,-0.0232,0.665882,0.746057,1
3048,2.8,0.0,0.0228,0.0,-0.0228,0.669131,0.743145,1
3049,2.8167,0.0,0.0194,0.0,-0.0194,0.672367,0.740218,1
3050,2.8333,0.0,0.0215,0.0,-0.0215,0.67559,0.737277,1
3051,2.85,0.0,0.0217,0.0,-0.0217,0.678801,0.734323,1
3052,2.8667,0.0,0.0217,0.0,-0.0217,0.681998,0.731354,1
3053,2.8833,0.0,0.0209,0.0,-0.0209,0.685183,0.728371,1
3054,2.9,0.0,0.0209,0.0,-0.0209,0.688355,0.725374,1
3055,2.9167,0.0,0.0187,0.0,-0.0187,0.691513,0.722364,1
3056,2.9333,0.0,0.0215,0.0,-0.0215,0.694658,0.71934,1
3057,2.95,0.0,0.0189,0.0,-0.0189,0.69779,0.716302,1
3058,2.9667,0.0,0.0206,0.0,-0.0206,0.700909,0.71325,1
3059,2.9833,0.0,0.0236,0.0,-0.0236,0.704015,0.710185,1
3060,3.0,0.0,0.0175,0.0,-0.0175,0.707107,0.707107,1
3061,3.0167,0.0,0.0194,0.0,-0.0194,0.710185,0.704015,1
3062,3.0333,0.0,0.0204,0.0,-0.0204,0.71325,0.700909,1
3063,3.05,0.0,0.0223,0.0,-0.0223,0.716302,0.69779,1
3064,3.0667,0.0,0.0226,0.0,-0.0226,0.71934,0.694658,1
3065,3.0833,0.0,0.0197,0.0,-0.0197,0.722364,0.691513,1
3066,3.1,0.0,0.023,0.0,-0.023,0.725374,0.688355,1
3067,3.1167,0.0,0.0236,0.0,-0.0236,0.728371,0.685183,1
3068,3.1333,0.0,0.0232,0.0,-0.0232,0.731354,0.681998,1
3069,3.15,0.0,0.0201,0.0,-0.0201,0.734323,0.678801,1
3070,3.1667,0.0,0.0185,0.0,-0.0185,0.737277,0.67559,1
3071,3.1833,0.0,0.0183,0.0,-0.0183,0.740218,0.672367,1
3072,3.2,0.0,0.0213,0.0,-0.0213,0.743145,0.669131,1
3073,3.2167,0.0,0.0237,0.0,-0.0237,0.746057,0.665882,1
3074,3.2333,0.0,0.0233,0.0,-0.0233,0.748956,0.66262,1
3075,3.25,0.0,0.0203,0.0,-0.0203,0.75184,0.659346,1
3076,3.2667,0.0,0.0182,0.0,-0.0182,0.75471,0.656059,1
3077,3.2833,0.0,0.0197,0.0,-0.0197,0.757565,0.65276,1
3078,3.3,0.0,0.0208,0.0,-0.0208,0.760406,0.649448,1
3079,3.3167,0.0,0.0238,0.0,-0.0238,0.763232,0.646124,1
3080,3.3333,0.0,0.0186,0.0,-0.0186,0.766044,0.642788,1
3081,3.35,0.0,0.0186,0.0,-0.0186,0.768842,0.639439,1
3082,3.3667,0.0,0.0223,0.0,-0.0223,0.771625,0.636078,1
3083,3.3833,0.0,0.0213,0.0,-0.0213,0.774393,0.632705,1
3084,3.4,0.0,0.0203,0.0,-0.0203,0.777146,0.62932,1
3085,3.4167,0.0,0.0195,0.0,-0.0195,0.779884,0.625923,1
3086,3.4333,0.0,0.0227,0.0,-0.0227,0.782608,0.622515,1
3087,3.45,0.0,0.0202,0.0,-0.0202,0.785317,0.619094,1
3088,3.4667,0.0,0.0203,0.0,-0.0203,0.788011,0.615661,1
3089,3.4833,0.0,0.0191,0.0,-0.0191,0.79069,0.612217,1
3090,3.5,0.0,0.0216,0.0,-0.0216,0.793353,0.608761,1
3091,3.5167,0.0,0.0202,0.0,-0.0202,0.796002,0.605294,1
3092,3.5333,0.0,0.0203,0.0,-0.0203,0.798636,0.601815,1
3093,3.55,0.0,0.0201,0.0,-0.0201,0.801254,0.598325,1
3094,3.5667,0.0,0.0204,0.0,-0.0204,0.803857,0.594823,1
3095,3.5833,0.0,0.0202,0.0,-0.0202,0.806445,0.59131,1
3096,3.6,0.0,0.0177,0.0,-0.0177,0.809017,0.587785,1
3097,3.6167,0.0,0.0208,0.0,-0.0208,0.811574,0.58425,1
3098,3.6333,0.0,0.0194,0.0,-0.0194,0.814116,0.580703,1
3099,3.65,0.0,0.0185,0.0,-0.0185,0.816642,0.577145,1
3100,3.6667,0.0,0.0189,0.0,-0.0189,0.819152,0.573576,1
3101,3.6833,0.0,0.0209,0.0,-0.0209,0.821647,0.569997,1
3102,3.7,0.0,0.0198,0.0,-0.0198,0.824126,0.566406,1
3103,3.7167,0.0,0.0204,0.0,-0.0204,0.82659,0.562805,1
3104,3.7333,0.0,0.0165,0.0,-0.0165,0.829038,0.559193,1
3105,3.75,0.0,0.0209,0.0,-0.0209,0.83147,0.55557,1
3106,3.7667,0.0,0.0221,0.0,-0.0221,0.833886,0.551937,1
3107,3.7833,0.0,0.0225,0.0,-0.0225,0.836286,0.548293,1
3108,3.8,0.0,0.0198,0.0,-0.0198,0.838671,0.544639,1
3109,3.8167,0.0,0.02,0.0,-0.02,0.841039,0.540974,1
3110,3.8333,0.0,0.0213,0.0,-0.0213,0.843391,0.5373,1
3111,3.85,0.0,0.0205,0.0,-0.0205,0.845728,0.533615,1
3112,3.8667,0.0,0.0221,0.0,-0.0221,0.848048,0.529919,1
3113,3.8833,0.0,0.0216,0.0,-0.0216,0.850352,0.526214,1
3114,3.9,0.0,0.0202,0.0,-0.0202,0.85264,0.522499,1
3115,3.9167,0.0,0.0224,0.0,-0.0224,0.854912,0.518773,1
3116,3.9333,0.0,0.0164,0.0,-0.0164,0.857167,0.515038,1
3117,3.95,0.0,0.0217,0.0,-0.0217,0.859406,0.511293,1
3118,3.9667,0.0,0.0189,0.0,-0.0189,0.861629,0.507538,1
3119,3.9833,0.0,0.0191,0.0,-0.0191,0.863836,0.503774,1
3120,4.0,0.0,0.017,0.0,-0.017,0.866025,0.5,1
3121,4.0167,0.0,0.0174,0.0,-0.0174,0.868199,0.496217,1
3122,4.0333,0.0,0.0247,0.0,-0.0247,0.870356,0.492424,1
3123,4.05,0.0,0.0207,0.0,-0.0207,0.872496,0.488621,1
3124,4.0667,0.0,0.0199,0.0,-0.0199,0.87462,0.48481,1
3125,4.0833,0.0,0.0216,0.0,-0.0216,0.876727,0.480989,1
3126,4.1,0.0,0.0188,0.0,-0.0188,0.878817,0.477159,1
3127,4.1167,0.0,0.0155,0.0,-0.0155,0.880891,0.47332,1
3128,4.1333,0.0,0.0171,0.0,-0.0171,0.882948,0.469472,1
3129,4.15,0.0,0.0222,0.0,-0.0222,0.884988,0.465615,1
3130,4.1667,0.0,0.0187,0.0,-0.0187,0.887011,0.461749,1
3131,4.1833,0.0,0.0185,0.0,-0.0185,0.889017,0.457874,1
3132,4.2,0.0,0.0239,0.0,-0.0239,0.891007,0.45399,1
3133,4.2167,0.0,0.0221,0.0,-0.0221,0.892979,0.450098,1
3134,4.2333,0.0,0.0205,0.0,-0.0205,0.894934,0.446198,1
3135,4.25,0.0,0.0207,0.0,-0.0207,0.896873,0.442289,1
3136,4.2667,0.0,0.0203,0.0,-0.0203,0.898794,0.438371,1
3137,4.2833,0.0,0.0219,0.0,-0.0219,0.900698,0.434445,1
3138,4.3,0.0,0.0256,0.0,-0.0256,0.902585,0.430511,1
3139,4.3167,0.0,0.02,0.0,-0.02,0.904455,0.426569,1
3140,4.3333,0.0,0.022,0.0,-0.022,0.906308,0.422618,1
3141,4.35,0.0,0.0244,0.0,-0.0244,0.908143,0.41866,1
3142,4.3667,0.0,0.0194,0.0,-0.0194,0.909961,0.414693,1
3143,4.3833,0.0,0.02,0.0,-0.02,0.911762,0.410719,1
3144,4.4,0.0,0.0221,0.0,-0.0221,0.913545,0.406737,1
3145,4.4167,0.0,0.0238,0.0,-0.0238,0.915311,0.402747,1
3146,4.4333,0.0,0.0217,0.0,-0.0217,0.91706,0.398749,1
3147,4.45,0.0,0.0193,0.0,-0.0193,0.918791,0.394744,1
3148,4.4667,0.0,0.0175,0.0,-0.0175,0.920505,0.390731,1
3149,4.4833,0.0,0.0181,0.0,-0.0181,0.922201,0.386711,1
3150,4.5,0.0,0.0164,0.0,-0.0164,0.92388,0.382683,1
3151,4.5167,0.0,0.023,0.0,-0.023,0.925541,0.378649,1
3152,4.5333,0.0,0.0197,0.0,-0.0197,0.927184,0.374607,1
3153,4.55,0.0,0.0198,0.0,-0.0198,0.92881,0.370557,1
3154,4.5667,0.0,0.0211,0.0,-0.0211,0.930418,0.366501,1
3155,4.5833,0.0,0.0198,0.0,-0.0198,0.932008,0.362438,1
3156,4.6,0.0,0.0218,0.0,-0.0218,0.93358,0.358368,1
3157,4.6167,0.0,0.0213,0.0,-0.0213,0.935135,0.354291,1
3158,4.6333,0.0,0.0227,0.0,-0.0227,0.936672,0.350207,1
3159,4.65,0.0,0.0207,0.0,-0.0207,0.938191,0.346117,1
3160,4.6667,0.0,0.0242,0.0,-0.0242,0.939693,0.34202,1
3161,4.6833,0.0,0.0201,0.0,-0.0201,0.941176,0.337917,1
3162,4.7,0.0,0.0203,0.0,-0.0203,0.942641,0.333807,1
3163,4.7167,0.0,0.021,0.0,-0.021,0.944089,0.329691,1
3164,4.7333,0.0,0.0217,0.0,-0.0217,0.945519,0.325568,1
3165,4.75,0.0,0.023,0.0,-0.023,0.94693,0.321439,1
3166,4.7667,0.0,0.0218,0.0,-0.0218,0.948324,0.317305,1
3167,4.7833,0.0,0.0165,0.0,-0.0165,0.949699,0.313164,1
3168,4.8,0.0,0.0198,0.0,-0.0198,0.951057,0.309017,1
3169,4.8167,0.0,0.0214,0.0,-0.0214,0.952396,0.304864,1
3170,4.8333,0.0,0.0178,0.0,-0.0178,0.953717,0.300706,1
3171,4.85,0.0,0.0222,0.0,-0.0222,0.95502,0.296542,1
3172,4.8667,0.0,0.0193,0.0,-0.0193,0.956305,0.292372,1
3173,4.8833,0.0,0.022,0.0,-0.022,0.957571,0.288196,1
3174,4.9,0.0,0.0233,0.0,-0.0233,0.95882,0.284015,1
3175,4.9167,0.0,0.0228,0.0,-0.0228,0.96005,0.279829,1
3176,4.9333,0.0,0.0212,0.0,-0.0212,0.961262,0.275637,1
3177,4.95,0.0,0.0227,0.0,-0.0227,0.962455,0.27144,1
3178,4.9667,0.0,0.0209,0.0,-0.0209,0.96363,0.267238,1
3179,4.9833,0.0,0.0179,0.0,-0.0179,0.964787,0.263031,1
3180,5.0,0.0,0.0218,0.0,-0.0218,0.965926,0.258819,1
3181,5.0167,0.0,0.0214,0.0,-0.0214,0.967046,0.254602,1
3182,5.0333,0.0,0.022,0.0,-0.022,0.968148,0.25038,1
3183,5.05,0.0,0.0207,0.0,-0.0207,0.969231,0.246153,1
3184,5.0667,0.0,0.0172,0.0,-0.0172,0.970296,0.241922,1
3185,5.0833,0.0,0.0159,0.0,-0.0159,0.971342,0.237686,1
3186,5.1,0.0,0.0227,0.0,-0.0227,0.97237,0.233445,1
3187,5.1167,0.0,0.0195,0.0,-0.0195,0.973379,0.2292,1
3188,5.1333,0.0,0.0194,0.0,-0.0194,0.97437,0.224951,1
3189,5.15,0.0,0.0217,0.0,-0.0217,0.975342,0.220697,1
3190,5.1667,0.0,0.0188,0.0,-0.0188,0.976296,0.21644,1
3191,5.1833,0.0,0.0235,0.0,-0.0235,0.977231,0.212178,1
3192,5.2,0.0,0.0187,0.0,-0.0187,0.978148,0.207912,1
3193,5.2167,0.0,0.0223,0.0,-0.0223,0.979045,0.203642,1
3194,5.2333,0.0,0.0201,0.0,-0.0201,0.979925,0.199368,1
3195,5.25,0.0,0.0211,0.0,-0.0211,0.980785,0.19509,1
3196,5.2667,0.0,0.0198,0.0,-0.0198,0.981627,0.190809,1
3197,5.2833,0.0,0.0223,0.0,-0.0223,0.98245,0.186524,1
3198,5.3,0.0,0.0173,0.0,-0.0173,0.983255,0.182236,1
3199,5.3167,0.0,0.0206,0.0,-0.0206,0.984041,0.177944,1
3200,5.3333,0.0,0.0188,0.0,-0.0188,0.984808,0.173648,1
3201,5.35,0.0,0.0201,0.0,-0.0201,0.985556,0.16935,1
3202,5.3667,0.0,0.0168,0.0,-0.0168,0.986286,0.165048,1
3203,5.3833,0.0,0.0213,0.0,-0.0213,0.986996,0.160743,1
3204,5.4,0.0,0.0212,0.0,-0.0212,0.987688,0.156434,1
3205,5.4167,0.0,0.0226,0.0,-0.0226,0.988362,0.152123,1
3206,5.4333,0.0,0.0215,0.0,-0.0215,0.989016,0.147809,1
3207,5.45,0.0,0.0219,0.0,-0.0219,0.989651,0.143493,1
3208,5.4667,0.0,0.0225,0.0,-0.0225,0.990268,0.139173,1
3209,5.4833,0.0,0.0172,0.0,-0.0172,0.990866,0.134851,1
3210,5.5,0.0,0.0192,0.0,-0.0192,0.991445,0.130526,1
3211,5.5167,0.0,0.0217,0.0,-0.0217,0.992005,0.126199,1
3212,5.5333,0.0,0.0157,0.0,-0.0157,0.992546,0.121869,1
3213,5.55,0.0,0.0235,0.0,-0.0235,0.993068,0.117537,1
3214,5.5667,0.0,0.0181,0.0,-0.0181,0.993572,0.113203,1
3215,5.5833,0.0,0.0234,0.0,-0.0234,0.994056,0.108867,1
3216,5.6,0.0,0.0206,0.0,-0.0206,0.994522,0.104528,1
3217,5.6167,0.0,0.0183,0.0,-0.0183,0.994969,0.100188,1
3218,5.6333,0.0,0.0232,0.0,-0.0232,0.995396,0.095846,1
3219,5.65,0.0,0.0229,0.0,-0.0229,0.995805,0.091502,1
3220,5.6667,0.0,0.0252,0.0,-0.0252,0.996195,0.087156,1
3221,5.6833,0.0,0.0209,0.0,-0.0209,0.996566,0.082808,1
3222,5.7,0.0,0.0212,0.0,-0.0212,0.996917,0.078459,1
3223,5.7167,0.0,0.0189,0.0,-0.0189,0.99725,0.074108,1
3224,5.7333,0.0,0.0165,0.0,-0.0165,0.997564,0.069756,1
3225,5.75,0.0,0.021,0.0,-0.021,0.997859,0.065403,1
3226,5.7667,0.0,0.0186,0.0,-0.0186,0.998135,0.061049,1
3227,5.7833,0.0,0.0177,0.0,-0.0177,0.998392,0.056693,1
3228,5.8,0.0,0.0223,0.0,-0.0223,0.99863,0.052336,1
3229,5.8167,0.0,0.0201,0.0,-0.0201,0.998848,0.047978,1
3230,5.8333,0.0,0.0175,0.0,-0.0175,0.999048,0.043619,1
3231,5.85,0.0,0.0195,0.0,-0.0195,0.999229,0.03926,1
3232,5.8667,0.0,0.022,0.0,-0.022,0.999391,0.034899,1
3233,5.8833,0.0,0.0216,0.0,-0.0216,0.999534,0.030539,1
3234,5.9,0.0,0.0205,0.0,-0.0205,0.999657,0.026177,1
3235,5.9167,0.0,0.0206,0.0,-0.0206,0.999762,0.021815,1
3236,5.9333,0.0,0.0213,0.0,-0.0213,0.999848,0.017452,1
3237,5.95,0.0,0.0194,0.0,-0.0194,0.999914,0.01309,1
3238,5.9667,0.0,0.0202,0.0,-0.0202,0.999962,0.008727,1
3239,5.9833,0.0,0.0238,0.0,-0.0238,0.99999,0.004363,1
3240,6.0,0.002533,0.0321,0.0,-0.029567,1.0,0.0,1
3241,6.0167,0.006083,0.0384,0.0,-0.032317,0.99999,-0.004363,1
3242,6.0333,0.000333,0.0374,0.0,-0.037067,0.999962,-0.008727,1
3243,6.05,0.0,0.0367,0.0,-0.0367,0.999914,-0.01309,1
3244,6.0667,0.00995,0.0353,0.0,-0.02535,0.999848,-0.017452,1
3245,6.0833,0.00425,0.0382,0.0,-0.03395,0.999762,-0.021815,1
3246,6.1,0.002833,0.0395,0.0,-0.036667,0.999657,-0.026177,1
3247,6.1167,0.010667,0.0355,0.0,-0.024833,0.999534,-0.030539,1
3248,6.1333,0.008117,0.0395,0.0,-0.031383,0.999391,-0.034899,1
3249,6.15,0.006333,0.0348,0.0,-0.028467,0.999229,-0.03926,1
3250,6.1667,0.009117,0.0373,0.0,-0.028183,0.999048,-0.043619,1
3251,6.1833,0.013433,0.0337,0.0,-0.020267,0.998848,-0.047978,1
3252,6.2,0.0083,0.0409,0.0,-0.0326,0.99863,-0.052336,1
3253,6.2167,0.006667,0.038,0.0,-0.031333,0.998392,-0.056693,1
3254,6.2333,0.013933,0.0408,0.0,-0.026867,0.998135,-0.061049,1
3255,6.25,0.009883,0.0377,0.0,-0.027817,0.997859,-0.065403,1
3256,6.2667,0.01395,0.0334,0.0,-0.01945,0.997564,-0.069756,1
3257,6.2833,0.0137,0.034,0.0,-0.0203,0.99725,-0.074108,1
3258,6.3,0.017367,0.0352,0.0,-0.017833,0.996917,-0.078459,1
3259,6.3167,0.015183,0.0407,0.0,-0.025517,0.996566,-0.082808,1
3260,6.3333,0.0135,0.0384,0.0,-0.0249,0.996195,-0.087156,1
3261,6.35,0.014317,0.041,0.0,-0.026683,0.995805,-0.091502,1
3262,6.3667,0.01515,0.0389,0.0,-0.02375,0.995396,-0.095846,1
3263,6.3833,0.02315,0.0369,0.0,-0.01375,0.994969,-0.100188,1
3264,6.4,0.021,0.0396,0.0,-0.0186,0.994522,-0.104528,1
3265,6.4167,0.021883,0.0379,0.0,-0.016017,0.994056,-0.108867,1
3266,6.4333,0.02295,0.0353,0.0,-0.01235,0.993572,-0.113203,1
3267,6.45,0.0246,0.0368,0.0,-0.0122,0.993068,-0.117537,1
3268,6.4667,0.024817,0.0386,0.0,-0.013783,0.992546,-0.121869,1
3269,6.4833,0.023667,0.0365,0.0,-0.012833,0.992005,-0.126199,1
3270,6.5,0.0273,0.0366,0.0,-0.0093,0.991445,-0.130526,1
3271,6.5167,0.0221,0.039,0.0,-0.0169,0.990866,-0.134851,1
3272,6.5333,0.033333,0.0357,0.0,-0.002367,0.990268,-0.139173,1
3273,6.55,0.027867,0.0416,0.0,-0.013733,0.989651,-0.143493,1
3274,6.5667,0.027333,0.0381,0.0,-0.010767,0.989016,-0.147809,1
3275,6.5833,0.033133,0.0382,0.0,-0.005067,0.988362,-0.152123,1
3276,6.6,0.027717,0.0381,0.0,-0.010383,0.987688,-0.156434,1
3277,6.6167,0.032733,0.036,0.0,-0.003267,0.986996,-0.160743,1
3278,6.6333,0.029383,0.0378,0.0,-0.008417,0.986286,-0.165048,1
3279,6.65,0.0301,0.0365,0.0,-0.0064,0.985556,-0.16935,1
3280,6.6667,0.029283,0.0411,0.0,-0.011817,0.984808,-0.173648,1
3281,6.6833,0.0391,0.038,0.0011,0.0011,0.984041,-0.177944,0
3282,6.7,0.03645,0.0374,0.0001,-0.00095,0.983255,-0.182236,0
3283,6.7167,0.041267,0.0371,0.0043,0.004167,0.98245,-0.186524,0
3284,6.7333,0.039733,0.0365,0.0075,0.003233,0.981627,-0.190809,0
3285,6.75,0.03815,0.0369,0.0088,0.00125,0.980785,-0.19509,0
3286,6.7667,0.0452,0.0398,0.0142,0.0054,0.979925,-0.199368,0
3287,6.7833,0.040433,0.0388,0.0158,0.001633,0.979045,-0.203642,0
3288,6.8,0.039917,0.0376,0.0181,0.002317,0.978148,-0.207912,0
3289,6.8167,0.044883,0.0381,0.0249,0.006783,0.977231,-0.212178,0
3290,6.8333,0.04225,0.0386,0.0285,0.00365,0.976296,-0.21644,0
3291,6.85,0.043167,0.0374,0.0343,0.005767,0.975342,-0.220697,0
3292,6.8667,0.045333,0.0362,0.0434,0.009133,0.97437,-0.224951,0
3293,6.8833,0.049817,0.0358,0.0574,0.014017,0.973379,-0.2292,0
3294,6.9,0.045083,0.0378,0.0647,0.007283,0.97237,-0.233445,0
3295,6.9167,0.041017,0.0367,0.069,0.004317,0.971342,-0.237686,0
3296,6.9333,0.054083,0.0367,0.0864,0.017383,0.970296,-0.241922,0
3297,6.95,0.046633,0.04,0.093,0.006633,0.969231,-0.246153,0
3298,6.9667,0.0486,0.0392,0.1024,0.0094,0.968148,-0.25038,0
3299,6.9833,0.051167,0.0379,0.1157,0.013267,0.967046,-0.254602,0
3300,7.0,0.047833,0.0714,0.0921,-0.023567,0.965926,-0.258819,0
3301,7.0167,0.053467,0.0691,0.0765,-0.015633,0.964787,-0.263031,0
3302,7.0333,0.0528,0.0706,0.0587,-0.0178,0.96363,-0.267238,0
3303,7.05,0.0515,0.0693,0.0409,-0.0178,0.962455,-0.27144,0
3304,7.0667,0.05255,0.0691,0.0244,-0.01655,0.961262,-0.275637,0
3305,7.0833,0.054083,0.0666,0.0119,-0.012517,0.96005,-0.279829,0
3306,7.1,0.05765,0.0682,0.0014,-0.01055,0.95882,-0.284015,0
3307,7.1167,0.056717,0.0663,0.0,-0.009583,0.957571,-0.288196,1
3308,7.1333,0.060067,0.0669,0.0,-0.006833,0.956305,-0.292372,1
3309,7.15,0.05695,0.069,0.0,-0.01205,0.95502,-0.296542,1
3310,7.1667,0.057983,0.0679,0.0,-0.009917,0.953717,-0.300706,1
3311,7.1833,0.064983,0.0684,0.0,-0.003417,0.952396,-0.304864,1
3312,7.2,0.0589,0.0686,0.0,-0.0097,0.951057,-0.309017,1
3313,7.2167,0.06125,0.0687,0.0,-0.00745,0.949699,-0.313164,1
3314,7.2333,0.06575,0.0642,0.0016,0.00155,0.948324,-0.317305,0
3315,7.25,0.063883,0.0687,0.0,-0.004817,0.94693,-0.321439,1
3316,7.2667,0.064233,0.0675,0.0,-0.003267,0.945519,-0.325568,1
3317,7.2833,0.069283,0.0688,0.0005,0.000483,0.944089,-0.329691,0
3318,7.3,0.069983,0.0668,0.0037,0.003183,0.942641,-0.333807,0
3319,7.3167,0.061883,0.0733,0.0,-0.011417,0.941176,-0.337917,1
3320,7.3333,0.070783,0.0687,0.0021,0.002083,0.939693,-0.34202,0
3321,7.35,0.0696,0.067,0.0047,0.0026,0.938191,-0.346117,0
3322,7.3667,0.071233,0.0665,0.0094,0.004733,0.936672,-0.350207,0
3323,7.3833,0.072683,0.0652,0.0169,0.007483,0.935135,-0.354291,0
3324,7.4,0.069833,0.0662,0.0205,0.003633,0.93358,-0.358368,0
3325,7.4167,0.07455,0.069,0.0261,0.00555,0.932008,-0.362438,0
3326,7.4333,0.075,0.0638,0.0373,0.0112,0.930418,-0.366501,0
3327,7.45,0.075483,0.0677,0.0451,0.007783,0.92881,-0.370557,0
3328,7.4667,0.073817,0.0675,0.0514,0.006317,0.927184,-0.374607,0
3329,7.4833,0.081533,0.0686,0.0643,0.012933,0.925541,-0.378649,0
3330,7.5,0.075783,0.0702,0.0699,0.005583,0.92388,-0.382683,0
3331,7.5167,0.082267,0.0699,0.0823,0.012367,0.922201,-0.386711,0
3332,7.5333,0.077917,0.0713,0.0889,0.006617,0.920505,-0.390731,0
3333,7.55,0.072333,0.0689,0.0923,0.003433,0.918791,-0.394744,0
3334,7.5667,0.083167,0.069,0.1065,0.014167,0.91706,-0.398749,0
3335,7.5833,0.075567,0.0653,0.1168,0.010267,0.915311,-0.402747,0
3336,7.6,0.079267,0.0697,0.1264,0.009567,0.913545,-0.406737,0
3337,7.6167,0.081283,0.0678,0.1399,0.013483,0.911762,-0.410719,0
3338,7.6333,0.083133,0.0712,0.1518,0.011933,0.909961,-0.414693,0
3339,7.65,0.083933,0.0674,0.1683,0.016533,0.908143,-0.41866,0
3340,7.6667,0.0824,0.0698,0.1809,0.0126,0.906308,-0.422618,0
3341,7.6833,0.087133,0.0687,0.1993,0.018433,0.904455,-0.426569,0
3342,7.7,0.089683,0.0678,0.2212,0.021883,0.902585,-0.430511,0
3343,7.7167,0.082817,0.0698,0.2342,0.013017,0.900698,-0.434445,0
3344,7.7333,0.086183,0.0637,0.2567,0.022483,0.898794,-0.438371,0
3345,7.75,0.09275,0.0665,0.2829,0.02625,0.896873,-0.442289,0
3346,7.7667,0.091417,0.0674,0.3069,0.024017,0.894934,-0.446198,0
3347,7.7833,0.088217,0.0694,0.3257,0.018817,0.892979,-0.450098,0
3348,7.8,0.084333,0.0674,0.3426,0.016933,0.891007,-0.45399,0
3349,7.8167,0.09055,0.0708,0.3624,0.01975,0.889017,-0.457874,0
3350,7.8333,0.0895,0.0686,0.3833,0.0209,0.887011,-0.461749,0
3351,7.85,0.092217,0.0681,0.4074,0.024117,0.884988,-0.465615,0
3352,7.8667,0.08855,0.0665,0.4294,0.02205,0.882948,-0.469472,0
3353,7.8833,0.095233,0.066,0.4586,0.029233,0.880891,-0.47332,0
3354,7.9,0.0977,0.0669,0.4894,0.0308,0.878817,-0.477159,0
3355,7.9167,0.097233,0.0686,0.518,0.028633,0.876727,-0.480989,0
3356,7.9333,0.093017,0.0717,0.5393,0.021317,0.87462,-0.48481,0
3357,7.95,0.097567,0.0697,0.5672,0.027867,0.872496,-0.488621,0
3358,7.9667,0.100117,0.0682,0.5991,0.031917,0.870356,-0.492424,0
3359,7.9833,0.10195,0.0697,0.6313,0.03225,0.868199,-0.496217,0
3360,8.0,0.0951,0.0657,0.6607,0.0294,0.866025,-0.5,0
3361,8.0167,0.099917,0.0634,0.6972,0.036517,0.863836,-0.503774,0
3362,8.0333,0.102617,0.0686,0.7312,0.034017,0.861629,-0.507538,0
3363,8.05,0.102767,0.0662,0.7678,0.036567,0.859406,-0.511293,0
3364,8.0667,0.101,0.0694,0.7994,0.0316,0.857167,-0.515038,0
3365,8.0833,0.107283,0.0647,0.842,0.042583,0.854912,-0.518773,0
3366,8.1,0.10175,0.0681,0.8757,0.03365,0.85264,-0.522499,0
3367,8.1167,0.10695,0.0705,0.9122,0.03645,0.850352,-0.526214,0
3368,8.1333,0.105733,0.069,0.9489,0.036733,0.848048,-0.529919,0
3369,8.15,0.1012,0.0675,0.9826,0.0337,0.845728,-0.533615,0
3370,8.1667,0.112167,0.0683,1.0265,0.043867,0.843391,-0.5373,0
3371,8.1833,0.111633,0.0661,1.072,0.045533,0.841039,-0.540974,0
3372,8.2,0.107783,0.0674,1.1124,0.040383,0.838671,-0.544639,0
3373,8.2167,0.107667,0.0671,1.153,0.040567,0.836286,-0.548293,0
3374,8.2333,0.111467,0.0692,1.1953,0.042267,0.833886,-0.551937,0
3375,8.25,0.11065,0.0646,1.2413,0.04605,0.83147,-0.55557,0
3376,8.2667,0.110417,0.062,1.2897,0.048417,0.829038,-0.559193,0
3377,8.2833,0.114183,0.0644,1.3395,0.049783,0.82659,-0.562805,0
3378,8.3,0.110733,0.0682,1.382,0.042533,0.824126,-0.566406,0
3379,8.3167,0.116283,0.0674,1.4309,0.048883,0.821647,-0.569997,0
3380,8.3333,0.110617,0.0686,1.4729,0.042017,0.819152,-0.573576,0
3381,8.35,0.119517,0.0697,1.5227,0.049817,0.816642,-0.577145,0
3382,8.3667,0.1183,0.0712,1.5698,0.0471,0.814116,-0.580703,0
3383,8.3833,0.117,0.0698,1.617,0.0472,0.811574,-0.58425,0
3384,8.4,0.118433,0.065,1.6704,0.053433,0.809017,-0.587785,0
3385,8.4167,0.11405,0.0718,1.7127,0.04225,0.806445,-0.59131,0
3386,8.4333,0.119117,0.068,1.7638,0.051117,0.803857,-0.594823,0
3387,8.45,0.122017,0.0696,1.8162,0.052417,0.801254,-0.598325,0
3388,8.4667,0.119267,0.0681,1.8674,0.051167,0.798636,-0.601815,0
3389,8.4833,0.1221,0.0676,1.9219,0.0545,0.796002,-0.605294,0
3390,8.5,0.124533,0.0695,1.9769,0.055033,0.793353,-0.608761,0
3391,8.5167,0.1233,0.0657,2.0345,0.0576,0.79069,-0.612217,0
3392,8.5333,0.123467,0.0665,2.0915,0.056967,0.788011,-0.615661,0
3393,8.55,0.127917,0.0667,2.1527,0.061217,0.785317,-0.619094,0
3394,8.5667,0.124967,0.0684,2.2093,0.056567,0.782608,-0.622515,0
3395,8.5833,0.1229,0.0657,2.2665,0.0572,0.779884,-0.625923,0
3396,8.6,0.125733,0.0689,2.3233,0.056833,0.777146,-0.62932,0
3397,8.6167,0.123383,0.0684,2.3783,0.054983,0.774393,-0.632705,0
3398,8.6333,0.127967,0.0674,2.4389,0.060567,0.771625,-0.636078,0
3399,8.65,0.131033,0.0688,2.5011,0.062233,0.768842,-0.639439,0
3400,8.6667,0.12825,0.0662,2.5632,0.06205,0.766044,-0.642788,0
3401,8.6833,0.129933,0.0654,2.6277,0.064533,0.763232,-0.646124,0
3402,8.7,0.12635,0.068,2.686,0.05835,0.760406,-0.649448,0
3403,8.7167,0.130483,0.0665,2.75,0.063983,0.757565,-0.65276,0
3404,8.7333,0.131833,0.0686,2.8132,0.063233,0.75471,-0.656059,0
3405,8.75,0.129817,0.0692,2.8738,0.060617,0.75184,-0.659346,0
3406,8.7667,0.129583,0.0658,2.9376,0.063783,0.748956,-0.66262,0
3407,8.7833,0.132633,0.0696,3.0006,0.063033,0.746057,-0.665882,0
3408,8.8,0.129617,0.0669,3.0633,0.062717,0.743145,-0.669131,0
3409,8.8167,0.136533,0.068,3.1318,0.068533,0.740218,-0.672367,0
3410,8.8333,0.13485,0.0664,3.2003,0.06845,0.737277,-0.67559,0
3411,8.85,0.135383,0.0648,3.2709,0.070583,0.734323,-0.678801,0
3412,8.8667,0.1354,0.0661,3.3402,0.0693,0.731354,-0.681998,0
3413,8.8833,0.134783,0.0655,3.4095,0.069283,0.728371,-0.685183,0
3414,8.9,0.137833,0.0663,3.481,0.071533,0.725374,-0.688355,0
3415,8.9167,0.1417,0.0679,3.5548,0.0738,0.722364,-0.691513,0
3416,8.9333,0.139733,0.0717,3.6228,0.068033,0.71934,-0.694658,0
3417,8.95,0.14365,0.0654,3.701,0.07825,0.716302,-0.69779,0
3418,8.9667,0.136867,0.0695,3.7684,0.067367,0.71325,-0.700909,0
3419,8.9833,0.139183,0.071,3.8366,0.068183,0.710185,-0.704015,0
3420,9.0,0.143783,0.0362,3.9442,0.107583,0.707107,-0.707107,0
3421,9.0167,0.142467,0.0376,4.0491,0.104867,0.704015,-0.710185,0
3422,9.0333,0.1412,0.0384,4.1519,0.1028,0.700909,-0.71325,0
3423,9.05,0.1428,0.0359,4.2588,0.1069,0.69779,-0.716302,0
3424,9.0667,0.146883,0.0346,4.3711,0.112283,0.694658,-0.71934,0
3425,9.0833,0.145983,0.0393,4.4778,0.106683,0.691513,-0.722364,0
3426,9.1,0.146017,0.0385,4.5853,0.107517,0.688355,-0.725374,0
3427,9.1167,0.13745,0.0387,4.6841,0.09875,0.685183,-0.728371,0
3428,9.1333,0.1502,0.0383,4.796,0.1119,0.681998,-0.731354,0
3429,9.15,0.147483,0.0362,4.9073,0.111283,0.678801,-0.734323,0
3430,9.1667,0.147167,0.0369,5.0176,0.110267,0.67559,-0.737277,0
3431,9.1833,0.1483,0.0333,5.1326,0.115,0.672367,-0.740218,0
3432,9.2,0.1471,0.0338,5.2459,0.1133,0.669131,-0.743145,0
3433,9.2167,0.152183,0.037,5.3611,0.115183,0.665882,-0.746057,0
3434,9.2333,0.144917,0.0362,5.4698,0.108717,0.66262,-0.748956,0
3435,9.25,0.149483,0.0343,5.585,0.115183,0.659346,-0.75184,0
3436,9.2667,0.15785,0.0369,5.7059,0.12095,0.656059,-0.75471,0
3437,9.2833,0.147283,0.0346,5.8186,0.112683,0.65276,-0.757565,0
3438,9.3,0.151033,0.0383,5.9313,0.112733,0.649448,-0.760406,0
3439,9.3167,0.152,0.0359,6.0474,0.1161,0.646124,-0.763232,0
3440,9.3333,0.150783,0.036,6.1622,0.114783,0.642788,-0.766044,0
3441,9.35,0.1532,0.0355,6.2799,0.1177,0.639439,-0.768842,0
3442,9.3667,0.154133,0.0385,6.3955,0.115633,0.636078,-0.771625,0
3443,9.3833,0.15165,0.0381,6.5091,0.11355,0.632705,-0.774393,0
3444,9.4,0.157767,0.0357,6.6312,0.122067,0.62932,-0.777146,0
3445,9.4167,0.152033,0.0391,6.7441,0.112933,0.625923,-0.779884,0
3446,9.4333,0.15715,0.034,6.8673,0.12315,0.622515,-0.782608,0
3447,9.45,0.15935,0.0377,6.9889,0.12165,0.619094,-0.785317,0
3448,9.4667,0.15285,0.0349,7.1068,0.11795,0.615661,-0.788011,0
3449,9.4833,0.156583,0.0388,7.2246,0.117783,0.612217,-0.79069,0
3450,9.5,0.1583,0.0368,7.3461,0.1215,0.608761,-0.793353,0
3451,9.5167,0.15375,0.0373,7.4625,0.11645,0.605294,-0.796002,0
3452,9.5333,0.16165,0.0404,7.5838,0.12125,0.601815,-0.798636,0
3453,9.55,0.162167,0.0364,7.7096,0.125767,0.598325,-0.801254,0
3454,9.5667,0.161617,0.0366,7.8346,0.125017,0.594823,-0.803857,0
3455,9.5833,0.163517,0.0399,7.9582,0.123617,0.59131,-0.806445,0
3456,9.6,0.163817,0.0381,8.0839,0.125717,0.587785,-0.809017,0
3457,9.6167,0.166383,0.0367,8.2136,0.129683,0.58425,-0.811574,0
3458,9.6333,0.161517,0.0388,8.3363,0.122717,0.580703,-0.814116,0
3459,9.65,0.164017,0.0376,8.4627,0.126417,0.577145,-0.816642,0
3460,9.6667,0.163567,0.037,8.5893,0.126567,0.573576,-0.819152,0
3461,9.6833,0.16475,0.0349,8.7191,0.12985,0.569997,-0.821647,0
3462,9.7,0.169217,0.0405,8.8478,0.128717,0.566406,-0.824126,0
3463,9.7167,0.166517,0.0389,8.9754,0.127617,0.562805,-0.82659,0
3464,9.7333,0.170017,0.0374,9.108,0.132617,0.559193,-0.829038,0
3465,9.75,0.163283,0.0349,9.2364,0.128383,0.55557,-0.83147,0
3466,9.7667,0.166067,0.0348,9.3677,0.131267,0.551937,-0.833886,0
3467,9.7833,0.1688,0.0381,9.4984,0.1307,0.548293,-0.836286,0
3468,9.8,0.168417,0.0399,9.6269,0.128517,0.544639,-0.838671,0
3469,9.8167,0.167883,0.0332,9.7616,0.134683,0.540974,-0.841039,0
3470,9.8333,0.167333,0.0392,9.8897,0.128133,0.5373,-0.843391,0
3471,9.85,0.172317,0.038,10.024,0.134317,0.533615,-0.845728,0
3472,9.8667,0.17345,0.039,10.1585,0.13445,0.529919,-0.848048,0
3473,9.8833,0.173217,0.0392,10.2925,0.134017,0.526214,-0.850352,0
3474,9.9,0.1728,0.0329,10.4324,0.1399,0.522499,-0.85264,0
3475,9.9167,0.172233,0.0348,10.5698,0.137433,0.518773,-0.854912,0
3476,9.9333,0.171933,0.0387,10.703,0.133233,0.515038,-0.857167,0
3477,9.95,0.169817,0.0392,10.8336,0.130617,0.511293,-0.859406,0
3478,9.9667,0.171167,0.0377,10.9671,0.133467,0.507538,-0.861629,0
3479,9.9833,0.17225,0.0349,11.1044,0.13735,0.503774,-0.863836,0
3480,10.0,0.1795,0.0376,11.2463,0.1419,0.5,-0.866025,0
3481,10.0167,0.172333,0.0361,11.3825,0.136233,0.496217,-0.868199,0
3482,10.0333,0.1756,0.0367,11.5214,0.1389,0.492424,-0.870356,0
3483,10.05,0.173817,0.0362,11.659,0.137617,0.488621,-0.872496,0
3484,10.0667,0.1724,0.0367,11.7947,0.1357,0.48481,-0.87462,0
3485,10.0833,0.177317,0.0335,11.9385,0.143817,0.480989,-0.876727,0
3486,10.1,0.1756,0.0374,12.0767,0.1382,0.477159,-0.878817,0
3487,10.1167,0.175083,0.0363,12.2155,0.138783,0.47332,-0.880891,0
3488,10.1333,0.17795,0.0369,12.3566,0.14105,0.469472,-0.882948,0
3489,10.15,0.177633,0.0366,12.4976,0.141033,0.465615,-0.884988,0
3490,10.1667,0.1786,0.0369,12.6393,0.1417,0.461749,-0.887011,0
3491,10.1833,0.180367,0.0353,12.7844,0.145067,0.457874,-0.889017,0
3492,10.2,0.177583,0.0364,12.9256,0.141183,0.45399,-0.891007,0
3493,10.2167,0.17245,0.0375,13.0605,0.13495,0.450098,-0.892979,0
3494,10.2333,0.176983,0.0396,13.1979,0.137383,0.446198,-0.894934,0
3495,10.25,0.1796,0.04,13.3375,0.1396,0.442289,-0.896873,0
3496,10.2667,0.1789,0.0376,13.4788,0.1413,0.438371,-0.898794,0
3497,10.2833,0.17995,0.0388,13.6199,0.14115,0.434445,-0.900698,0
3498,10.3,0.18375,0.0377,13.766,0.14605,0.430511,-0.902585,0
3499,10.3167,0.18365,0.0355,13.9141,0.14815,0.426569,-0.904455,0
3500,10.3333,0.177633,0.0369,14.0548,0.140733,0.422618,-0.906308,0
3501,10.35,0.182933,0.0323,14.2054,0.150633,0.41866,-0.908143,0
3502,10.3667,0.18665,0.0379,14.3541,0.14875,0.414693,-0.909961,0
3503,10.3833,0.182683,0.0347,14.5021,0.147983,0.410719,-0.911762,0
3504,10.4,0.183,0.0382,14.6469,0.1448,0.406737,-0.913545,0
3505,10.4167,0.180433,0.0376,14.7897,0.142833,0.402747,-0.915311,0
3506,10.4333,0.185167,0.0394,14.9355,0.145767,0.398749,-0.91706,0
3507,10.45,0.1877,0.0385,15.0847,0.1492,0.394744,-0.918791,0
3508,10.4667,0.186217,0.0404,15.2305,0.145817,0.390731,-0.920505,0
3509,10.4833,0.19145,0.0349,15.387,0.15655,0.386711,-0.922201,0
3510,10.5,0.1816,0.0404,15.5282,0.1412,0.382683,-0.92388,0
3511,10.5167,0.178617,0.0354,15.6714,0.143217,0.378649,-0.925541,0
3512,10.5333,0.182433,0.0378,15.816,0.144633,0.374607,-0.927184,0
3513,10.55,0.181283,0.0384,15.9589,0.142883,0.370557,-0.92881,0
3514,10.5667,0.188117,0.0389,16.1081,0.149217,0.366501,-0.930418,0
3515,10.5833,0.183483,0.0398,16.2518,0.143683,0.362438,-0.932008,0
3516,10.6,0.189333,0.0406,16.4005,0.148733,0.358368,-0.93358,0
3517,10.6167,0.189317,0.0347,16.5551,0.154617,0.354291,-0.935135,0
3518,10.6333,0.184183,0.0355,16.7038,0.148683,0.350207,-0.936672,0
3519,10.65,0.187733,0.0376,16.8539,0.150133,0.346117,-0.938191,0
3520,10.6667,0.185167,0.0391,17.0,0.146067,0.34202,-0.939693,0
3521,10.6833,0.1874,0.0376,17.1498,0.1498,0.337917,-0.941176,0
3522,10.7,0.18835,0.0364,17.3017,0.15195,0.333807,-0.942641,0
3523,10.7167,0.189317,0.0396,17.4514,0.149717,0.329691,-0.944089,0
3524,10.7333,0.18765,0.0391,17.5999,0.14855,0.325568,-0.945519,0
3525,10.75,0.188033,0.0388,17.7491,0.149233,0.321439,-0.94693,0
3526,10.7667,0.191217,0.0351,17.9052,0.156117,0.317305,-0.948324,0
3527,10.7833,0.188683,0.0331,18.0,0.155583,0.313164,-0.949699,0
3528,10.8,0.187633,0.0369,18.0,0.150733,0.309017,-0.951057,0
3529,10.8167,0.185833,0.0385,18.0,0.147333,0.304864,-0.952396,0
3530,10.8333,0.190467,0.0372,18.0,0.153267,0.300706,-0.953717,0
3531,10.85,0.187233,0.0407,18.0,0.146533,0.296542,-0.95502,0
3532,10.8667,0.19245,0.0363,18.0,0.15615,0.292372,-0.956305,0
3533,10.8833,0.19455,0.0342,18.0,0.16035,0.288196,-0.957571,0
3534,10.9,0.190467,0.036,18.0,0.154467,0.284015,-0.95882,0
3535,10.9167,0.191017,0.0384,18.0,0.152617,0.279829,-0.96005,0
3536,10.9333,0.187533,0.0385,18.0,0.149033,0.275637,-0.961262,0
3537,10.95,0.190417,0.0358,18.0,0.154617,0.27144,-0.962455,0
3538,10.9667,0.19225,0.0378,18.0,0.15445,0.267238,-0.96363,0
3539,10.9833,0.1945,0.0414,18.0,0.1531,0.263031,-0.964787,0
3540,11.0,0.193817,0.0351,18.0,0.158717,0.258819,-0.965926,0
3541,11.0167,0.191533,0.0381,18.0,0.153433,0.254602,-0.967046,0
3542,11.0333,0.193767,0.0339,18.0,0.159867,0.25038,-0.968148,0
3543,11.05,0.195117,0.0381,18.0,0.157017,0.246153,-0.969231,0
3544,11.0667,0.19335,0.0363,18.0,0.15705,0.241922,-0.970296,0
3545,11.0833,0.19755,0.0357,18.0,0.16185,0.237686,-0.971342,0
3546,11.1,0.195583,0.0369,18.0,0.158683,0.233445,-0.97237,0
3547,11.1167,0.194133,0.0389,18.0,0.155233,0.2292,-0.973379,0
3548,11.1333,0.19435,0.0359,18.0,0.15845,0.224951,-0.97437,0
3549,11.15,0.194383,0.0377,18.0,0.156683,0.220697,-0.975342,0
3550,11.1667,0.193583,0.0376,18.0,0.155983,0.21644,-0.976296,0
3551,11.1833,0.191867,0.04,18.0,0.151867,0.212178,-0.977231,0
3552,11.2,0.195067,0.0364,18.0,0.158667,0.207912,-0.978148,0
3553,11.2167,0.194467,0.038,18.0,0.156467,0.203642,-0.979045,0
3554,11.2333,0.193917,0.0391,18.0,0.154817,0.199368,-0.979925,0
3555,11.25,0.1953,0.037,18.0,0.1583,0.19509,-0.980785,0
3556,11.2667,0.196567,0.0364,18.0,0.160167,0.190809,-0.981627,0
3557,11.2833,0.20175,0.0379,18.0,0.16385,0.186524,-0.98245,0
3558,11.3,0.1982,0.0456,18.0,0.1526,0.182236,-0.983255,0
3559,11.3167,0.19805,0.0342,18.0,0.16385,0.177944,-0.984041,0
3560,11.3333,0.1954,0.0393,18.0,0.1561,0.173648,-0.984808,0
3561,11.35,0.199617,0.0382,18.0,0.161417,0.16935,-0.985556,0
3562,11.3667,0.1998,0.0338,18.0,0.166,0.165048,-0.986286,0
3563,11.3833,0.20025,0.0402,18.0,0.16005,0.160743,-0.986996,0
3564,11.4,0.197817,0.0361,18.0,0.161717,0.156434,-0.987688,0
3565,11.4167,0.195383,0.036,18.0,0.159383,0.152123,-0.988362,0
3566,11.4333,0.194967,0.0375,18.0,0.157467,0.147809,-0.989016,0
3567,11.45,0.197683,0.0363,18.0,0.161383,0.143493,-0.989651,0
3568,11.4667,0.200133,0.0412,18.0,0.158933,0.139173,-0.990268,0
3569,11.4833,0.1983,0.0354,18.0,0.1629,0.134851,-0.990866,0
3570,11.5,0.197333,0.0373,18.0,0.160033,0.130526,-0.991445,0
3571,11.5167,0.198183,0.0394,18.0,0.158783,0.126199,-0.992005,0
3572,11.5333,0.198033,0.0365,18.0,0.161533,0.121869,-0.992546,0
3573,11.55,0.197283,0.0389,18.0,0.158383,0.117537,-0.993068,0
3574,11.5667,0.19945,0.0405,18.0,0.15895,0.113203,-0.993572,0
3575,11.5833,0.200667,0.0359,18.0,0.164767,0.108867,-0.994056,0
3576,11.6,0.199917,0.0363,18.0,0.163617,0.104528,-0.994522,0
3577,11.6167,0.201033,0.0353,18.0,0.165733,0.100188,-0.994969,0
3578,11.6333,0.202167,0.038,18.0,0.164167,0.095846,-0.995396,0
3579,11.65,0.20315,0.0393,18.0,0.16385,0.091502,-0.995805,0
3580,11.6667,0.1997,0.0366,18.0,0.1631,0.087156,-0.996195,0
3581,11.6833,0.198483,0.0353,18.0,0.163183,0.082808,-0.996566,0
3582,11.7,0.200517,0.0351,18.0,0.165417,0.078459,-0.996917,0
3583,11.7167,0.198967,0.0378,18.0,0.161167,0.074108,-0.99725,0
3584,11.7333,0.197617,0.0367,18.0,0.160917,0.069756,-0.997564,0
3585,11.75,0.197633,0.0382,18.0,0.159433,0.065403,-0.997859,0
3586,11.7667,0.20015,0.0374,18.0,0.16275,0.061049,-0.998135,0
3587,11.7833,0.199317,0.0358,18.0,0.163517,0.056693,-0.998392,0
3588,11.8,0.199517,0.0396,18.0,0.159917,0.052336,-0.99863,0
3589,11.8167,0.19665,0.0376,18.0,0.15905,0.047978,-0.998848,0
3590,11.8333,0.199333,0.0401,18.0,0.159233,0.043619,-0.999048,0
3591,11.85,0.202333,0.0368,18.0,0.165533,0.03926,-0.999229,0
3592,11.8667,0.198767,0.0363,18.0,0.162467,0.034899,-0.999391,0
3593,11.8833,0.198867,0.0394,18.0,0.159467,0.030539,-0.999534,0
3594,11.9,0.20235,0.0387,18.0,0.16365,0.026177,-0.999657,0
3595,11.9167,0.20005,0.0402,18.0,0.15985,0.021815,-0.999762,0
3596,11.9333,0.201933,0.0349,18.0,0.167033,0.017452,-0.999848,0
3597,11.95,0.200917,0.0373,18.0,0.163617,0.01309,-0.999914,0
3598,11.9667,0.2043,0.0371,18.0,0.1672,0.008727,-0.999962,0
3599,11.9833,0.20405,0.041,18.0,0.16305,0.004363,-0.99999,0
3600,12.0,0.199633,0.039,18.0,0.160633,0.0,-1.0,0
3601,12.0167,0.199217,0.0402,18.0,0.159017,-0.004363,-0.99999,0
3602,12.0333,0.206117,0.0361,18.0,0.170017,-0.008727,-0.999962,0
3603,12.05,0.20005,0.0362,18.0,0.16385,-0.01309,-0.999914,0
3604,12.0667,0.1977,0.0362,18.0,0.1615,-0.017452,-0.999848,0
3605,12.0833,0.200383,0.0373,18.0,0.163083,-0.021815,-0.999762,0
3606,12.1,0.20065,0.0375,18.0,0.16315,-0.026177,-0.999657,0
3607,12.1167,0.2006,0.0338,18.0,0.1668,-0.030539,-0.999534,0
3608,12.1333,0.20025,0.0385,18.0,0.16175,-0.034899,-0.999391,0
3609,12.15,0.198467,0.0396,18.0,0.158867,-0.03926,-0.999229,0
3610,12.1667,0.197817,0.039,18.0,0.158817,-0.043619,-0.999048,0
3611,12.1833,0.197533,0.0378,18.0,0.159733,-0.047978,-0.998848,0
3612,12.2,0.201167,0.0372,18.0,0.163967,-0.052336,-0.99863,0
3613,12.2167,0.204517,0.037,18.0,0.167517,-0.056693,-0.998392,0
3614,12.2333,0.1958,0.0385,18.0,0.1573,-0.061049,-0.998135,0
3615,12.25,0.2012,0.0382,18.0,0.163,-0.065403,-0.997859,0
3616,12.2667,0.201767,0.0386,18.0,0.163167,-0.069756,-0.997564,0
3617,12.2833,0.19655,0.0392,18.0,0.15735,-0.074108,-0.99725,0
3618,12.3,0.198117,0.0368,18.0,0.161317,-0.078459,-0.996917,0
3619,12.3167,0.196433,0.0399,18.0,0.156533,-0.082808,-0.996566,0
3620,12.3333,0.2011,0.0369,18.0,0.1642,-0.087156,-0.996195,0
3621,12.35,0.20345,0.0345,18.0,0.16895,-0.091502,-0.995805,0
3622,12.3667,0.19775,0.0365,18.0,0.16125,-0.095846,-0.995396,0
3623,12.3833,0.198933,0.038,18.0,0.160933,-0.100188,-0.994969,0
3624,12.4,0.202767,0.0373,18.0,0.165467,-0.104528,-0.994522,0
3625,12.4167,0.199617,0.0396,18.0,0.160017,-0.108867,-0.994056,0
3626,12.4333,0.195433,0.0937,18.0,0.101733,-0.113203,-0.993572,0
3627,12.45,0.199917,0.0916,18.0,0.108317,-0.117537,-0.993068,0
3628,12.4667,0.202783,0.0912,18.0,0.111583,-0.121869,-0.992546,0
3629,12.4833,0.199183,0.0953,18.0,0.103883,-0.126199,-0.992005,0
3630,12.5,0.200933,0.0956,18.0,0.105333,-0.130526,-0.991445,0
3631,12.5167,0.197133,0.0923,18.0,0.104833,-0.134851,-0.990866,0
3632,12.5333,0.1967,0.0953,18.0,0.1014,-0.139173,-0.990268,0
3633,12.55,0.19795,0.0886,18.0,0.10935,-0.143493,-0.989651,0
3634,12.5667,0.197267,0.094,18.0,0.103267,-0.147809,-0.989016,0
3635,12.5833,0.1957,0.0948,18.0,0.1009,-0.152123,-0.988362,0
3636,12.6,0.19635,0.0892,18.0,0.10715,-0.156434,-0.987688,0
3637,12.6167,0.20065,0.0927,18.0,0.10795,-0.160743,-0.986996,0
3638,12.6333,0.1995,0.092,18.0,0.1075,-0.165048,-0.986286,0
3639,12.65,0.194567,0.0936,18.0,0.100967,-0.16935,-0.985556,0
3640,12.6667,0.1968,0.0924,18.0,0.1044,-0.173648,-0.984808,0
3641,12.6833,0.190983,0.0929,18.0,0.098083,-0.177944,-0.984041,0
3642,12.7,0.19405,0.0954,18.0,0.09865,-0.182236,-0.983255,0
3643,12.7167,0.198317,0.0908,18.0,0.107517,-0.186524,-0.98245,0
3644,12.7333,0.197567,0.0933,18.0,0.104267,-0.190809,-0.981627,0
3645,12.75,0.193417,0.0924,18.0,0.101017,-0.19509,-0.980785,0
3646,12.7667,0.193117,0.0949,18.0,0.098217,-0.199368,-0.979925,0
3647,12.7833,0.200117,0.0937,18.0,0.106417,-0.203642,-0.979045,0
3648,12.8,0.200617,0.0931,18.0,0.107517,-0.207912,-0.978148,0
3649,12.8167,0.19525,0.0961,18.0,0.09915,-0.212178,-0.977231,0
3650,12.8333,0.1983,0.0942,18.0,0.1041,-0.21644,-0.976296,0
3651,12.85,0.193917,0.0933,18.0,0.100617,-0.220697,-0.975342,0
3652,12.8667,0.195617,0.0917,18.0,0.103917,-0.224951,-0.97437,0
3653,12.8833,0.194917,0.0902,18.0,0.104717,-0.2292,-0.973379,0
3654,12.9,0.199117,0.0912,18.0,0.107917,-0.233445,-0.97237,0
3655,12.9167,0.194533,0.0922,18.0,0.102333,-0.237686,-0.971342,0
3656,12.9333,0.19395,0.0925,18.0,0.10145,-0.241922,-0.970296,0
3657,12.95,0.1966,0.092,18.0,0.1046,-0.246153,-0.969231,0
3658,12.9667,0.18995,0.0908,18.0,0.09915,-0.25038,-0.968148,0
3659,12.9833,0.19615,0.0928,18.0,0.10335,-0.254602,-0.967046,0
3660,13.0,0.1956,0.0902,18.0,0.1054,-0.258819,-0.965926,0
3661,13.0167,0.194967,0.0933,18.0,0.101667,-0.263031,-0.964787,0
3662,13.0333,0.187983,0.0945,18.0,0.093483,-0.267238,-0.96363,0
3663,13.05,0.189667,0.0942,18.0,0.095467,-0.27144,-0.962455,0
3664,13.0667,0.194383,0.0946,18.0,0.099783,-0.275637,-0.961262,0
3665,13.0833,0.1876,0.0925,18.0,0.0951,-0.279829,-0.96005,0
3666,13.1,0.1915,0.0951,18.0,0.0964,-0.284015,-0.95882,0
3667,13.1167,0.191617,0.0926,18.0,0.099017,-0.288196,-0.957571,0
3668,13.1333,0.193533,0.0922,18.0,0.101333,-0.292372,-0.956305,0
3669,13.15,0.192167,0.091,18.0,0.101167,-0.296542,-0.95502,0
3670,13.1667,0.188917,0.0904,18.0,0.098517,-0.300706,-0.953717,0
3671,13.1833,0.191567,0.0914,18.0,0.100167,-0.304864,-0.952396,0
3672,13.2,0.190017,0.0953,18.0,0.094717,-0.309017,-0.951057,0
3673,13.2167,0.190033,0.094,18.0,0.096033,-0.313164,-0.949699,0
3674,13.2333,0.18765,0.0925,18.0,0.09515,-0.317305,-0.948324,0
3675,13.25,0.192817,0.0904,18.0,0.102417,-0.321439,-0.94693,0
3676,13.2667,0.19075,0.0913,18.0,0.09945,-0.325568,-0.945519,0
3677,13.2833,0.1904,0.093,18.0,0.0974,-0.329691,-0.944089,0
3678,13.3,0.186333,0.0899,18.0,0.096433,-0.333807,-0.942641,0
3679,13.3167,0.187217,0.0932,18.0,0.094017,-0.337917,-0.941176,0
3680,13.3333,0.1877,0.0954,18.0,0.0923,-0.34202,-0.939693,0
3681,13.35,0.186683,0.0931,18.0,0.093583,-0.346117,-0.938191,0
3682,13.3667,0.18135,0.0934,18.0,0.08795,-0.350207,-0.936672,0
3683,13.3833,0.183833,0.0952,18.0,0.088633,-0.354291,-0.935135,0
3684,13.4,0.184367,0.093,18.0,0.091367,-0.358368,-0.93358,0
3685,13.4167,0.1847,0.0904,18.0,0.0943,-0.362438,-0.932008,0
3686,13.4333,0.191017,0.0935,18.0,0.097517,-0.366501,-0.930418,0
3687,13.45,0.184783,0.093,18.0,0.091783,-0.370557,-0.92881,0
3688,13.4667,0.187117,0.0966,18.0,0.090517,-0.374607,-0.927184,0
3689,13.4833,0.186667,0.0964,18.0,0.090267,-0.378649,-0.925541,0
3690,13.5,0.1865,0.0925,18.0,0.094,-0.382683,-0.92388,0
3691,13.5167,0.1843,0.0905,18.0,0.0938,-0.386711,-0.922201,0
3692,13.5333,0.1868,0.0938,18.0,0.093,-0.390731,-0.920505,0
3693,13.55,0.18715,0.0947,18.0,0.09245,-0.394744,-0.918791,0
3694,13.5667,0.1884,0.0925,18.0,0.0959,-0.398749,-0.91706,0
3695,13.5833,0.18455,0.0917,18.0,0.09285,-0.402747,-0.915311,0
3696,13.6,0.181017,0.0931,18.0,0.087917,-0.406737,-0.913545,0
3697,13.6167,0.183133,0.0936,18.0,0.089533,-0.410719,-0.911762,0
3698,13.6333,0.1825,0.0933,18.0,0.0892,-0.414693,-0.909961,0
3699,13.65,0.181667,0.0943,18.0,0.087367,-0.41866,-0.908143,0
3700,13.6667,0.181733,0.0916,18.0,0.090133,-0.422618,-0.906308,0
3701,13.6833,0.17915,0.0381,18.0,0.14105,-0.426569,-0.904455,0
3702,13.7,0.180767,0.0373,18.0,0.143467,-0.430511,-0.902585,0
3703,13.7167,0.178783,0.0384,18.0,0.140383,-0.434445,-0.900698,0
3704,13.7333,0.178467,0.0334,18.0,0.145067,-0.438371,-0.898794,0
3705,13.75,0.180633,0.0396,18.0,0.141033,-0.442289,-0.896873,0
3706,13.7667,0.181517,0.0355,18.0,0.146017,-0.446198,-0.894934,0
3707,13.7833,0.176733,0.0346,18.0,0.142133,-0.450098,-0.892979,0
3708,13.8,0.179767,0.0387,18.0,0.141067,-0.45399,-0.891007,0
3709,13.8167,0.178,0.0384,18.0,0.1396,-0.457874,-0.889017,0
3710,13.8333,0.1737,0.0358,18.0,0.1379,-0.461749,-0.887011,0
3711,13.85,0.178417,0.0358,18.0,0.142617,-0.465615,-0.884988,0
3712,13.8667,0.176167,0.0375,18.0,0.138667,-0.469472,-0.882948,0
3713,13.8833,0.178283,0.0362,18.0,0.142083,-0.47332,-0.880891,0
3714,13.9,0.1728,0.0352,18.0,0.1376,-0.477159,-0.878817,0
3715,13.9167,0.173233,0.0422,18.0,0.131033,-0.480989,-0.876727,0
3716,13.9333,0.172817,0.0377,18.0,0.135117,-0.48481,-0.87462,0
3717,13.95,0.1702,0.0386,18.0,0.1316,-0.488621,-0.872496,0
3718,13.9667,0.172833,0.0417,18.0,0.131133,-0.492424,-0.870356,0
3719,13.9833,0.172133,0.0354,18.0,0.136733,-0.496217,-0.868199,0
3720,14.0,0.17515,0.0366,18.0,0.13855,-0.5,-0.866025,0
3721,14.0167,0.175217,0.0391,18.0,0.136117,-0.503774,-0.863836,0
3722,14.0333,0.174417,0.0405,18.0,0.133917,-0.507538,-0.861629,0
3723,14.05,0.1709,0.0409,18.0,0.13,-0.511293,-0.859406,0
3724,14.0667,0.171867,0.0374,18.0,0.134467,-0.515038,-0.857167,0
3725,14.0833,0.168483,0.0396,18.0,0.128883,-0.518773,-0.854912,0
3726,14.1,0.17485,0.0396,18.0,0.13525,-0.522499,-0.85264,0
3727,14.1167,0.16815,0.0377,18.0,0.13045,-0.526214,-0.850352,0
3728,14.1333,0.174217,0.0374,18.0,0.136817,-0.529919,-0.848048,0
3729,14.15,0.16765,0.0358,18.0,0.13185,-0.533615,-0.845728,0
3730,14.1667,0.167433,0.0358,18.0,0.131633,-0.5373,-0.843391,0
3731,14.1833,0.173183,0.0411,18.0,0.132083,-0.540974,-0.841039,0
3732,14.2,0.173617,0.0389,18.0,0.134717,-0.544639,-0.838671,0
3733,14.2167,0.1712,0.037,18.0,0.1342,-0.548293,-0.836286,0
3734,14.2333,0.165167,0.0361,18.0,0.129067,-0.551937,-0.833886,0
3735,14.25,0.168217,0.0411,18.0,0.127117,-0.55557,-0.83147,0
3736,14.2667,0.1696,0.0366,18.0,0.133,-0.559193,-0.829038,0
3737,14.2833,0.163117,0.0377,18.0,0.125417,-0.562805,-0.82659,0
3738,14.3,0.163133,0.0378,18.0,0.125333,-0.566406,-0.824126,0
3739,14.3167,0.168383,0.0395,18.0,0.128883,-0.569997,-0.821647,0
3740,14.3333,0.16425,0.0377,18.0,0.12655,-0.573576,-0.819152,0
3741,14.35,0.164917,0.0423,18.0,0.122617,-0.577145,-0.816642,0
3742,14.3667,0.163117,0.0395,18.0,0.123617,-0.580703,-0.814116,0
3743,14.3833,0.16065,0.0396,18.0,0.12105,-0.58425,-0.811574,0
3744,14.4,0.1643,0.0412,18.0,0.1231,-0.587785,-0.809017,0
3745,14.4167,0.163767,0.0375,18.0,0.126267,-0.59131,-0.806445,0
3746,14.4333,0.162317,0.0381,18.0,0.124217,-0.594823,-0.803857,0
3747,14.45,0.162133,0.0371,18.0,0.125033,-0.598325,-0.801254,0
3748,14.4667,0.160017,0.0372,18.0,0.122817,-0.601815,-0.798636,0
3749,14.4833,0.1593,0.0331,18.0,0.1262,-0.605294,-0.796002,0
3750,14.5,0.1619,0.0386,18.0,0.1233,-0.608761,-0.793353,0
3751,14.5167,0.157783,0.0394,18.0,0.118383,-0.612217,-0.79069,0
3752,14.5333,0.157717,0.0423,18.0,0.115417,-0.615661,-0.788011,0
3753,14.55,0.153767,0.0366,18.0,0.117167,-0.619094,-0.785317,0
3754,14.5667,0.158133,0.0383,18.0,0.119833,-0.622515,-0.782608,0
3755,14.5833,0.1508,0.0393,18.0,0.1115,-0.625923,-0.779884,0
3756,14.6,0.15705,0.036,18.0,0.12105,-0.62932,-0.777146,0
3757,14.6167,0.1494,0.0376,18.0,0.1118,-0.632705,-0.774393,0
3758,14.6333,0.154733,0.0369,18.0,0.117833,-0.636078,-0.771625,0
3759,14.65,0.153367,0.0352,18.0,0.118167,-0.639439,-0.768842,0
3760,14.6667,0.1559,0.0385,18.0,0.1174,-0.642788,-0.766044,0
3761,14.6833,0.1513,0.038,18.0,0.1133,-0.646124,-0.763232,0
3762,14.7,0.1545,0.0379,18.0,0.1166,-0.649448,-0.760406,0
3763,14.7167,0.149117,0.0354,18.0,0.113717,-0.65276,-0.757565,0
3764,14.7333,0.149833,0.039,18.0,0.110833,-0.656059,-0.75471,0
3765,14.75,0.153083,0.0393,18.0,0.113783,-0.659346,-0.75184,0
3766,14.7667,0.14985,0.0389,18.0,0.11095,-0.66262,-0.748956,0
3767,14.7833,0.150817,0.0367,18.0,0.114117,-0.665882,-0.746057,0
3768,14.8,0.14675,0.036,18.0,0.11075,-0.669131,-0.743145,0
3769,14.8167,0.1449,0.0376,18.0,0.1073,-0.672367,-0.740218,0
3770,14.8333,0.148417,0.0392,18.0,0.109217,-0.67559,-0.737277,0
3771,14.85,0.142033,0.0377,18.0,0.104333,-0.678801,-0.734323,0
3772,14.8667,0.144733,0.0368,18.0,0.107933,-0.681998,-0.731354,0
3773,14.8833,0.146083,0.0372,18.0,0.108883,-0.685183,-0.728371,0
3774,14.9,0.146883,0.0425,18.0,0.104383,-0.688355,-0.725374,0
3775,14.9167,0.1467,0.0434,18.0,0.1033,-0.691513,-0.722364,0
3776,14.9333,0.141117,0.0403,18.0,0.100817,-0.694658,-0.71934,0
3777,14.95,0.144733,0.0373,18.0,0.107433,-0.69779,-0.716302,0
3778,14.9667,0.145617,0.038,18.0,0.107617,-0.700909,-0.71325,0
3779,14.9833,0.138267,0.0358,18.0,0.102467,-0.704015,-0.710185,0
3780,15.0,0.144783,0.0382,18.0,0.106583,-0.707107,-0.707107,0
3781,15.0167,0.140883,0.0345,18.0,0.106383,-0.710185,-0.704015,0
3782,15.0333,0.13695,0.0348,18.0,0.10215,-0.71325,-0.700909,0
3783,15.05,0.13875,0.0412,18.0,0.09755,-0.716302,-0.69779,0
3784,15.0667,0.14105,0.0364,18.0,0.10465,-0.71934,-0.694658,0
3785,15.0833,0.1357,0.037,18.0,0.0987,-0.722364,-0.691513,0
3786,15.1,0.13575,0.0386,18.0,0.09715,-0.725374,-0.688355,0
3787,15.1167,0.142783,0.036,18.0,0.106783,-0.728371,-0.685183,0
3788,15.1333,0.136267,0.0382,18.0,0.098067,-0.731354,-0.681998,0
3789,15.15,0.138733,0.0398,18.0,0.098933,-0.734323,-0.678801,0
3790,15.1667,0.138617,0.0364,18.0,0.102217,-0.737277,-0.67559,0
3791,15.1833,0.132617,0.0353,18.0,0.097317,-0.740218,-0.672367,0
3792,15.2,0.131517,0.0378,18.0,0.093717,-0.743145,-0.669131,0
3793,15.2167,0.132367,0.0382,18.0,0.094167,-0.746057,-0.665882,0
3794,15.2333,0.130967,0.0353,18.0,0.095667,-0.748956,-0.66262,0
3795,15.25,0.130967,0.0356,18.0,0.095367,-0.75184,-0.659346,0
3796,15.2667,0.13055,0.0373,18.0,0.09325,-0.75471,-0.656059,0
3797,15.2833,0.130317,0.0379,18.0,0.092417,-0.757565,-0.65276,0
3798,15.3,0.132067,0.039,18.0,0.093067,-0.760406,-0.649448,0
3799,15.3167,0.131517,0.0403,18.0,0.091217,-0.763232,-0.646124,0
3800,15.3333,0.126233,0.0392,18.0,0.087033,-0.766044,-0.642788,0
3801,15.35,0.126033,0.0376,18.0,0.088433,-0.768842,-0.639439,0
3802,15.3667,0.12725,0.0348,18.0,0.09245,-0.771625,-0.636078,0
3803,15.3833,0.125783,0.0416,18.0,0.084183,-0.774393,-0.632705,0
3804,15.4,0.12655,0.0398,18.0,0.08675,-0.777146,-0.62932,0
3805,15.4167,0.12275,0.0407,18.0,0.08205,-0.779884,-0.625923,0
3806,15.4333,0.12405,0.0359,18.0,0.08815,-0.782608,-0.622515,0
3807,15.45,0.12425,0.0389,18.0,0.08535,-0.785317,-0.619094,0
3808,15.4667,0.121133,0.0389,18.0,0.082233,-0.788011,-0.615661,0
3809,15.4833,0.122633,0.0398,18.0,0.082833,-0.79069,-0.612217,0
3810,15.5,0.117933,0.0367,18.0,0.081233,-0.793353,-0.608761,0
3811,15.5167,0.115433,0.0386,18.0,0.076833,-0.796002,-0.605294,0
3812,15.5333,0.122917,0.0313,18.0,0.091617,-0.798636,-0.601815,0
3813,15.55,0.1185,0.0366,18.0,0.0819,-0.801254,-0.598325,0
3814,15.5667,0.11335,0.0391,18.0,0.07425,-0.803857,-0.594823,0
3815,15.5833,0.1153,0.0368,18.0,0.0785,-0.806445,-0.59131,0
3816,15.6,0.11815,0.0369,18.0,0.08125,-0.809017,-0.587785,0
3817,15.6167,0.113117,0.0358,18.0,0.077317,-0.811574,-0.58425,0
3818,15.6333,0.116333,0.0382,18.0,0.078133,-0.814116,-0.580703,0
3819,15.65,0.112083,0.0355,18.0,0.076583,-0.816642,-0.577145,0
3820,15.6667,0.11425,0.0369,18.0,0.07735,-0.819152,-0.573576,0
3821,15.6833,0.112883,0.0345,18.0,0.078383,-0.821647,-0.569997,0
3822,15.7,0.115567,0.0395,18.0,0.076067,-0.824126,-0.566406,0
3823,15.7167,0.113317,0.0363,18.0,0.077017,-0.82659,-0.562805,0
3824,15.7333,0.112583,0.0394,18.0,0.073183,-0.829038,-0.559193,0
3825,15.75,0.107333,0.0372,18.0,0.070133,-0.83147,-0.55557,0
3826,15.7667,0.113617,0.0365,18.0,0.077117,-0.833886,-0.551937,0
3827,15.7833,0.1097,0.0379,18.0,0.0718,-0.836286,-0.548293,0
3828,15.8,0.111483,0.0364,18.0,0.075083,-0.838671,-0.544639,0
3829,15.8167,0.1115,0.0384,18.0,0.0731,-0.841039,-0.540974,0
3830,15.8333,0.10865,0.0344,18.0,0.07425,-0.843391,-0.5373,0
3831,15.85,0.108033,0.0397,18.0,0.068333,-0.845728,-0.533615,0
3832,15.8667,0.107967,0.0351,18.0,0.072867,-0.848048,-0.529919,0
3833,15.8833,0.108517,0.0393,18.0,0.069217,-0.850352,-0.526214,0
3834,15.9,0.102167,0.0412,18.0,0.060967,-0.85264,-0.522499,0
3835,15.9167,0.102683,0.0375,18.0,0.065183,-0.854912,-0.518773,0
3836,15.9333,0.10035,0.0367,18.0,0.06365,-0.857167,-0.515038,0
3837,15.95,0.100817,0.0391,18.0,0.061717,-0.859406,-0.511293,0
3838,15.9667,0.099633,0.0371,18.0,0.062533,-0.861629,-0.507538,0
3839,15.9833,0.101967,0.0376,18.0,0.064367,-0.863836,-0.503774,0
3840,16.0,0.09715,0.0356,18.0,0.06155,-0.866025,-0.5,0
3841,16.0167,0.095733,0.0377,18.0,0.058033,-0.868199,-0.496217,0
3842,16.0333,0.0946,0.0405,18.0,0.0541,-0.870356,-0.492424,0
3843,16.05,0.09945,0.0373,18.0,0.06215,-0.872496,-0.488621,0
3844,16.0667,0.09215,0.0386,18.0,0.05355,-0.87462,-0.48481,0
3845,16.0833,0.0957,0.0348,18.0,0.0609,-0.876727,-0.480989,0
3846,16.1,0.0912,0.0388,18.0,0.0524,-0.878817,-0.477159,0
3847,16.1167,0.0956,0.0354,18.0,0.0602,-0.880891,-0.47332,0
3848,16.1333,0.093633,0.0349,18.0,0.058733,-0.882948,-0.469472,0
3849,16.15,0.0916,0.0368,18.0,0.0548,-0.884988,-0.465615,0
3850,16.1667,0.091817,0.0346,18.0,0.057217,-0.887011,-0.461749,0
3851,16.1833,0.09085,0.037,18.0,0.05385,-0.889017,-0.457874,0
3852,16.2,0.092633,0.0364,18.0,0.056233,-0.891007,-0.45399,0
3853,16.2167,0.090483,0.0399,18.0,0.050583,-0.892979,-0.450098,0
3854,16.2333,0.08985,0.0387,18.0,0.05115,-0.894934,-0.446198,0
3855,16.25,0.086017,0.034,18.0,0.052017,-0.896873,-0.442289,0
3856,16.2667,0.086967,0.0392,18.0,0.047767,-0.898794,-0.438371,0
3857,16.2833,0.08765,0.0371,18.0,0.05055,-0.900698,-0.434445,0
3858,16.3,0.08705,0.039,18.0,0.04805,-0.902585,-0.430511,0
3859,16.3167,0.084067,0.0365,18.0,0.047567,-0.904455,-0.426569,0
3860,16.3333,0.0855,0.039,18.0,0.0465,-0.906308,-0.422618,0
3861,16.35,0.086767,0.0417,18.0,0.045067,-0.908143,-0.41866,0
3862,16.3667,0.083217,0.0366,18.0,0.046617,-0.909961,-0.414693,0
3863,16.3833,0.086767,0.0367,18.0,0.050067,-0.911762,-0.410719,0
3864,16.4,0.084333,0.0393,18.0,0.045033,-0.913545,-0.406737,0
3865,16.4167,0.084067,0.0382,18.0,0.045867,-0.915311,-0.402747,0
3866,16.4333,0.0756,0.0366,18.0,0.039,-0.91706,-0.398749,0
3867,16.45,0.080933,0.0352,18.0,0.045733,-0.918791,-0.394744,0
3868,16.4667,0.074433,0.0342,18.0,0.040233,-0.920505,-0.390731,0
3869,16.4833,0.081317,0.0354,18.0,0.045917,-0.922201,-0.386711,0
3870,16.5,0.075217,0.0365,18.0,0.038717,-0.92388,-0.382683,0
3871,16.5167,0.076667,0.0373,18.0,0.039367,-0.925541,-0.378649,0
3872,16.5333,0.077633,0.0366,18.0,0.041033,-0.927184,-0.374607,0
3873,16.55,0.075883,0.0389,18.0,0.036983,-0.92881,-0.370557,0
3874,16.5667,0.074933,0.0377,18.0,0.037233,-0.930418,-0.366501,0
3875,16.5833,0.07025,0.0381,18.0,0.03215,-0.932008,-0.362438,0
3876,16.6,0.0699,0.0368,18.0,0.0331,-0.93358,-0.358368,0
3877,16.6167,0.07255,0.0379,18.0,0.03465,-0.935135,-0.354291,0
3878,16.6333,0.071733,0.0369,18.0,0.034833,-0.936672,-0.350207,0
3879,16.65,0.066383,0.0392,18.0,0.027183,-0.938191,-0.346117,0
3880,16.6667,0.073133,0.0356,18.0,0.037533,-0.939693,-0.34202,0
3881,16.6833,0.068433,0.0356,18.0,0.032833,-0.941176,-0.337917,0
3882,16.7,0.068483,0.0362,18.0,0.032283,-0.942641,-0.333807,0
3883,16.7167,0.060117,0.0392,18.0,0.020917,-0.944089,-0.329691,0
3884,16.7333,0.067283,0.039,18.0,0.028283,-0.945519,-0.325568,0
3885,16.75,0.067233,0.0365,18.0,0.030733,-0.94693,-0.321439,0
3886,16.7667,0.06545,0.0366,18.0,0.02885,-0.948324,-0.317305,0
3887,16.7833,0.063683,0.0374,18.0,0.026283,-0.949699,-0.313164,0
3888,16.8,0.0602,0.0407,18.0,0.0195,-0.951057,-0.309017,0
3889,16.8167,0.060883,0.0325,18.0,0.028383,-0.952396,-0.304864,0
3890,16.8333,0.063417,0.0348,18.0,0.028617,-0.953717,-0.300706,0
3891,16.85,0.06345,0.0364,18.0,0.02705,-0.95502,-0.296542,0
3892,16.8667,0.057483,0.0399,18.0,0.017583,-0.956305,-0.292372,0
3893,16.8833,0.056533,0.0352,18.0,0.021333,-0.957571,-0.288196,0
3894,16.9,0.058183,0.0423,18.0,0.015883,-0.95882,-0.284015,0
3895,16.9167,0.0593,0.0385,18.0,0.0208,-0.96005,-0.279829,0
3896,16.9333,0.054817,0.0371,18.0,0.017717,-0.961262,-0.275637,0
3897,16.95,0.052433,0.0347,18.0,0.017733,-0.962455,-0.27144,0
3898,16.9667,0.053383,0.0367,18.0,0.016683,-0.96363,-0.267238,0
3899,16.9833,0.0587,0.0375,18.0,0.0212,-0.964787,-0.263031,0
3900,17.0,0.0518,0.0356,18.0,0.0162,-0.965926,-0.258819,0
3901,17.0167,0.0559,0.0381,18.0,0.0178,-0.967046,-0.254602,0
3902,17.0333,0.049117,0.0357,18.0,0.013417,-0.968148,-0.25038,0
3903,17.05,0.0539,0.0354,18.0,0.0185,-0.969231,-0.246153,0
3904,17.0667,0.045033,0.0341,18.0,0.010933,-0.970296,-0.241922,0
3905,17.0833,0.04525,0.0367,18.0,0.00855,-0.971342,-0.237686,0
3906,17.1,0.045883,0.0423,18.0,0.003583,-0.97237,-0.233445,0
3907,17.1167,0.044783,0.0404,18.0,0.004383,-0.973379,-0.2292,0
3908,17.1333,0.041867,0.0385,18.0,0.003367,-0.97437,-0.224951,0
3909,17.15,0.042933,0.0406,18.0,0.002333,-0.975342,-0.220697,0
3910,17.1667,0.041383,0.039,18.0,0.002383,-0.976296,-0.21644,0
3911,17.1833,0.042883,0.035,18.0,0.007883,-0.977231,-0.212178,0
3912,17.2,0.040217,0.0379,18.0,0.002317,-0.978148,-0.207912,0
3913,17.2167,0.040283,0.0359,18.0,0.004383,-0.979045,-0.203642,0
3914,17.2333,0.041667,0.0372,18.0,0.004467,-0.979925,-0.199368,0
3915,17.25,0.039267,0.035,18.0,0.004267,-0.980785,-0.19509,0
3916,17.2667,0.042117,0.0379,18.0,0.004217,-0.981627,-0.190809,0
3917,17.2833,0.036967,0.039,17.998,-0.002033,-0.98245,-0.186524,0
3918,17.3,0.032417,0.0371,17.9933,-0.004683,-0.983255,-0.182236,0
3919,17.3167,0.0372,0.0352,17.9953,0.002,-0.984041,-0.177944,0
3920,17.3333,0.030733,0.0382,17.9878,-0.007467,-0.984808,-0.173648,0
3921,17.35,0.038167,0.0395,17.9865,-0.001333,-0.985556,-0.16935,0
3922,17.3667,0.032383,0.0395,17.9794,-0.007117,-0.986286,-0.165048,0
3923,17.3833,0.031317,0.0364,17.9743,-0.005083,-0.986996,-0.160743,0
3924,17.4,0.033317,0.0399,17.9677,-0.006583,-0.987688,-0.156434,0
3925,17.4167,0.029117,0.0363,17.9605,-0.007183,-0.988362,-0.152123,0
3926,17.4333,0.029783,0.0391,17.9512,-0.009317,-0.989016,-0.147809,0
3927,17.45,0.027583,0.0405,17.9383,-0.012917,-0.989651,-0.143493,0
3928,17.4667,0.03225,0.0353,17.9353,-0.00305,-0.990268,-0.139173,0
3929,17.4833,0.02985,0.0382,17.927,-0.00835,-0.990866,-0.134851,0
3930,17.5,0.028217,0.0392,17.916,-0.010983,-0.991445,-0.130526,0
3931,17.5167,0.0246,0.0362,17.9044,-0.0116,-0.992005,-0.126199,0
3932,17.5333,0.025367,0.0402,17.8896,-0.014833,-0.992546,-0.121869,0
3933,17.55,0.0258,0.0396,17.8758,-0.0138,-0.993068,-0.117537,0
3934,17.5667,0.0203,0.038,17.8581,-0.0177,-0.993572,-0.113203,0
3935,17.5833,0.018267,0.0335,17.8429,-0.015233,-0.994056,-0.108867,0
3936,17.6,0.019683,0.0409,17.8217,-0.021217,-0.994522,-0.104528,0
3937,17.6167,0.01535,0.0341,17.803,-0.01875,-0.994969,-0.100188,0
3938,17.6333,0.022017,0.0387,17.7863,-0.016683,-0.995396,-0.095846,0
3939,17.65,0.0172,0.0365,17.767,-0.0193,-0.995805,-0.091502,0
3940,17.6667,0.016017,0.0355,17.7475,-0.019483,-0.996195,-0.087156,0
3941,17.6833,0.01445,0.0419,17.7201,-0.02745,-0.996566,-0.082808,0
3942,17.7,0.01405,0.0388,17.6954,-0.02475,-0.996917,-0.078459,0
3943,17.7167,0.014583,0.0378,17.6722,-0.023217,-0.99725,-0.074108,0
3944,17.7333,0.01535,0.0379,17.6497,-0.02255,-0.997564,-0.069756,0
3945,17.75,0.016317,0.0373,17.6287,-0.020983,-0.997859,-0.065403,0
3946,17.7667,0.013817,0.035,17.6075,-0.021183,-0.998135,-0.061049,0
3947,17.7833,0.0115,0.0385,17.5805,-0.027,-0.998392,-0.056693,0
3948,17.8,0.010933,0.0407,17.5507,-0.029767,-0.99863,-0.052336,0
3949,17.8167,0.003383,0.0364,17.5177,-0.033017,-0.998848,-0.047978,0
3950,17.8333,0.008433,0.0397,17.4864,-0.031267,-0.999048,-0.043619,0
3951,17.85,0.013183,0.0372,17.4624,-0.024017,-0.999229,-0.03926,0
3952,17.8667,0.003,0.0371,17.4283,-0.0341,-0.999391,-0.034899,0
3953,17.8833,0.005733,0.0398,17.3942,-0.034067,-0.999534,-0.030539,0
3954,17.9,0.007717,0.0373,17.3646,-0.029583,-0.999657,-0.026177,0
3955,17.9167,0.007167,0.0388,17.333,-0.031633,-0.999762,-0.021815,0
3956,17.9333,0.007267,0.0392,17.3011,-0.031933,-0.999848,-0.017452,0
3957,17.95,0.00385,0.0356,17.2694,-0.03175,-0.999914,-0.01309,0
3958,17.9667,0.002433,0.0355,17.2363,-0.033067,-0.999962,-0.008727,0
3959,17.9833,0.002883,0.0368,17.2024,-0.033917,-0.99999,-0.004363,0
3960,18.0,0.002717,0.0816,17.1235,-0.078883,-1.0,-0.0,0
3961,18.0167,0.0,0.0864,17.0371,-0.0864,-0.99999,0.004363,0
3962,18.0333,0.0,0.0849,16.9522,-0.0849,-0.999962,0.008727,0
3963,18.05,0.0,0.0844,16.8678,-0.0844,-0.999914,0.01309,0
3964,18.0667,0.0,0.0826,16.7852,-0.0826,-0.999848,0.017452,0
3965,18.0833,0.0,0.0841,16.7011,-0.0841,-0.999762,0.021815,0
3966,18.1,0.0,0.0826,16.6185,-0.0826,-0.999657,0.026177,0
3967,18.1167,0.0,0.0824,16.5361,-0.0824,-0.999534,0.030539,0
3968,18.1333,0.0,0.0842,16.4519,-0.0842,-0.999391,0.034899,0
3969,18.15,0.0,0.0849,16.367,-0.0849,-0.999229,0.03926,0
3970,18.1667,0.0,0.0837,16.2833,-0.0837,-0.999048,0.043619,0
3971,18.1833,0.0,0.0852,16.1981,-0.0852,-0.998848,0.047978,0
3972,18.2,0.0,0.084,16.1141,-0.084,-0.99863,0.052336,0
3973,18.2167,0.0,0.0877,16.0264,-0.0877,-0.998392,0.056693,0
3974,18.2333,0.0,0.0839,15.9425,-0.0839,-0.998135,0.061049,0
3975,18.25,0.0,0.0817,15.8608,-0.0817,-0.997859,0.065403,0
3976,18.2667,0.0,0.0813,15.7795,-0.0813,-0.997564,0.069756,0
3977,18.2833,0.0,0.085,15.6945,-0.085,-0.99725,0.074108,0
3978,18.3,0.0,0.0868,15.6077,-0.0868,-0.996917,0.078459,0
3979,18.3167,0.0,0.0839,15.5238,-0.0839,-0.996566,0.082808,0
3980,18.3333,0.0,0.0838,15.44,-0.0838,-0.996195,0.087156,0
3981,18.35,0.0,0.0838,15.3562,-0.0838,-0.995805,0.091502,0
3982,18.3667,0.0,0.0843,15.2719,-0.0843,-0.995396,0.095846,0
3983,18.3833,0.0,0.0856,15.1863,-0.0856,-0.994969,0.100188,0
3984,18.4,0.0,0.0877,15.0986,-0.0877,-0.994522,0.104528,0
3985,18.4167,0.0,0.0843,15.0143,-0.0843,-0.994056,0.108867,0
3986,18.4333,0.0,0.0883,14.926,-0.0883,-0.993572,0.113203,0
3987,18.45,0.0,0.1269,14.7991,-0.1269,-0.993068,0.117537,0
3988,18.4667,0.0,0.1239,14.6752,-0.1239,-0.992546,0.121869,0
3989,18.4833,0.0,0.1253,14.5499,-0.1253,-0.992005,0.126199,0
3990,18.5,0.0,0.1233,14.4266,-0.1233,-0.991445,0.130526,0
3991,18.5167,0.0,0.124,14.3026,-0.124,-0.990866,0.134851,0
3992,18.5333,0.0,0.1229,14.1797,-0.1229,-0.990268,0.139173,0
3993,18.55,0.0,0.1219,14.0578,-0.1219,-0.989651,0.143493,0
3994,18.5667,0.0,0.1255,13.9323,-0.1255,-0.989016,0.147809,0
3995,18.5833,0.0,0.1198,13.8125,-0.1198,-0.988362,0.152123,0
3996,18.6,0.0,0.1243,13.6882,-0.1243,-0.987688,0.156434,0
3997,18.6167,0.0,0.1233,13.5649,-0.1233,-0.986996,0.160743,0
3998,18.6333,0.0,0.1223,13.4426,-0.1223,-0.986286,0.165048,0
3999,18.65,0.0,0.1217,13.3209,-0.1217,-0.985556,0.16935,0
4000,18.6667,0.0,0.1229,13.198,-0.1229,-0.984808,0.173648,0
4001,18.6833,0.0,0.1217,13.0763,-0.1217,-0.984041,0.177944,0
4002,18.7,0.0,0.1221,12.9542,-0.1221,-0.983255,0.182236,0
4003,18.7167,0.0,0.1256,12.8286,-0.1256,-0.98245,0.186524,0
4004,18.7333,0.0,0.124,12.7046,-0.124,-0.981627,0.190809,0
4005,18.75,0.0,0.1232,12.5814,-0.1232,-0.980785,0.19509,0
4006,18.7667,0.0,0.1256,12.4558,-0.1256,-0.979925,0.199368,0
4007,18.7833,0.0,0.123,12.3328,-0.123,-0.979045,0.203642,0
4008,18.8,0.0,0.1219,12.2109,-0.1219,-0.978148,0.207912,0
4009,18.8167,0.0,0.124,12.0869,-0.124,-0.977231,0.212178,0
4010,18.8333,0.0,0.1246,11.9623,-0.1246,-0.976296,0.21644,0
4011,18.85,0.0,0.124,11.8383,-0.124,-0.975342,0.220697,0
4012,18.8667,0.0,0.1245,11.7138,-0.1245,-0.97437,0.224951,0
4013,18.8833,0.0,0.1253,11.5885,-0.1253,-0.973379,0.2292,0
4014,18.9,0.0,0.124,11.4645,-0.124,-0.97237,0.233445,0
4015,18.9167,0.0,0.1242,11.3403,-0.1242,-0.971342,0.237686,0
4016,18.9333,0.0,0.1204,11.2199,-0.1204,-0.970296,0.241922,0
4017,18.95,0.0,0.1209,11.099,-0.1209,-0.969231,0.246153,0
4018,18.9667,0.0,0.1222,10.9768,-0.1222,-0.968148,0.25038,0
4019,18.9833,0.0,0.1223,10.8545,-0.1223,-0.967046,0.254602,0
4020,19.0,0.0,0.1216,10.7329,-0.1216,-0.965926,0.258819,0
4021,19.0167,0.0,0.1242,10.6087,-0.1242,-0.964787,0.263031,0
4022,19.0333,0.0,0.1241,10.4846,-0.1241,-0.96363,0.267238,0
4023,19.05,0.0,0.1223,10.3623,-0.1223,-0.962455,0.27144,0
4024,19.0667,0.0,0.1286,10.2337,-0.1286,-0.961262,0.275637,0
4025,19.0833,0.0,0.1234,10.1103,-0.1234,-0.96005,0.279829,0
4026,19.1,0.0,0.1218,9.9885,-0.1218,-0.95882,0.284015,0
4027,19.1167,0.0,0.1241,9.8644,-0.1241,-0.957571,0.288196,0
4028,19.1333,0.0,0.1228,9.7416,-0.1228,-0.956305,0.292372,0
4029,19.15,0.0,0.1231,9.6185,-0.1231,-0.95502,0.296542,0
4030,19.1667,0.0,0.1232,9.4953,-0.1232,-0.953717,0.300706,0
4031,19.1833,0.0,0.1244,9.3709,-0.1244,-0.952396,0.304864,0
4032,19.2,0.0,0.1246,9.2463,-0.1246,-0.951057,0.309017,0
4033,19.2167,0.0,0.1243,9.122,-0.1243,-0.949699,0.313164,0
4034,19.2333,0.0,0.1236,8.9984,-0.1236,-0.948324,0.317305,0
4035,19.25,0.0,0.1224,8.876,-0.1224,-0.94693,0.321439,0
4036,19.2667,0.0,0.125,8.751,-0.125,-0.945519,0.325568,0
4037,19.2833,0.0,0.1218,8.6292,-0.1218,-0.944089,0.329691,0
4038,19.3,0.0,0.1247,8.5045,-0.1247,-0.942641,0.333807,0
4039,19.3167,0.0,0.1209,8.3836,-0.1209,-0.941176,0.337917,0
4040,19.3333,0.0,0.1232,8.2604,-0.1232,-0.939693,0.34202,0
4041,19.35,0.0,0.1243,8.1361,-0.1243,-0.938191,0.346117,0
4042,19.3667,0.0,0.1223,8.0138,-0.1223,-0.936672,0.350207,0
4043,19.3833,0.0,0.128,7.8858,-0.128,-0.935135,0.354291,0
4044,19.4,0.0,0.1238,7.762,-0.1238,-0.93358,0.358368,0
4045,19.4167,0.0,0.1218,7.6402,-0.1218,-0.932008,0.362438,0
4046,19.4333,0.0,0.1241,7.5161,-0.1241,-0.930418,0.366501,0
4047,19.45,0.0,0.1207,7.3954,-0.1207,-0.92881,0.370557,0
4048,19.4667,0.0,0.1234,7.272,-0.1234,-0.927184,0.374607,0
4049,19.4833,0.0,0.1248,7.1472,-0.1248,-0.925541,0.378649,0
4050,19.5,0.0,0.123,7.0242,-0.123,-0.92388,0.382683,0
4051,19.5167,0.0,0.0866,6.9376,-0.0866,-0.922201,0.386711,0
4052,19.5333,0.0,0.0863,6.8513,-0.0863,-0.920505,0.390731,0
4053,19.55,0.0,0.0843,6.767,-0.0843,-0.918791,0.394744,0
4054,19.5667,0.0,0.0877,6.6793,-0.0877,-0.91706,0.398749,0
4055,19.5833,0.0,0.0843,6.595,-0.0843,-0.915311,0.402747,0
4056,19.6,0.0,0.0825,6.5125,-0.0825,-0.913545,0.406737,0
4057,19.6167,0.0,0.0856,6.4269,-0.0856,-0.911762,0.410719,0
4058,19.6333,0.0,0.0825,6.3444,-0.0825,-0.909961,0.414693,0
4059,19.65,0.0,0.0876,6.2568,-0.0876,-0.908143,0.41866,0
4060,19.6667,0.0,0.0857,6.1711,-0.0857,-0.906308,0.422618,0
4061,19.6833,0.0,0.0869,6.0842,-0.0869,-0.904455,0.426569,0
4062,19.7,0.0,0.086,5.9982,-0.086,-0.902585,0.430511,0
4063,19.7167,0.0,0.0847,5.9135,-0.0847,-0.900698,0.434445,0
4064,19.7333,0.0,0.0849,5.8286,-0.0849,-0.898794,0.438371,0
4065,19.75,0.0,0.0838,5.7448,-0.0838,-0.896873,0.442289,0
4066,19.7667,0.0,0.0857,5.6591,-0.0857,-0.894934,0.446198,0
4067,19.7833,0.0,0.0877,5.5714,-0.0877,-0.892979,0.450098,0
4068,19.8,0.0,0.0836,5.4878,-0.0836,-0.891007,0.45399,0
4069,19.8167,0.0,0.0875,5.4003,-0.0875,-0.889017,0.457874,0
4070,19.8333,0.0,0.0825,5.3178,-0.0825,-0.887011,0.461749,0
4071,19.85,0.0,0.0837,5.2341,-0.0837,-0.884988,0.465615,0
4072,19.8667,0.0,0.0865,5.1476,-0.0865,-0.882948,0.469472,0
4073,19.8833,0.0,0.0866,5.061,-0.0866,-0.880891,0.47332,0
4074,19.9,0.0,0.0876,4.9734,-0.0876,-0.878817,0.477159,0
4075,19.9167,0.0,0.0857,4.8877,-0.0857,-0.876727,0.480989,0
4076,19.9333,0.0,0.0844,4.8033,-0.0844,-0.87462,0.48481,0
4077,19.95,0.0,0.0863,4.717,-0.0863,-0.872496,0.488621,0
4078,19.9667,0.0,0.083,4.634,-0.083,-0.870356,0.492424,0
4079,19.9833,0.0,0.0837,4.5503,-0.0837,-0.868199,0.496217,0
4080,20.0,0.0,0.084,4.4663,-0.084,-0.866025,0.5,0
4081,20.0167,0.0,0.0817,4.3846,-0.0817,-0.863836,0.503774,0
4082,20.0333,0.0,0.0854,4.2992,-0.0854,-0.861629,0.507538,0
4083,20.05,0.0,0.0838,4.2154,-0.0838,-0.859406,0.511293,0
4084,20.0667,0.0,0.0838,4.1316,-0.0838,-0.857167,0.515038,0
4085,20.0833,0.0,0.0859,4.0457,-0.0859,-0.854912,0.518773,0
4086,20.1,0.0,0.0839,3.9618,-0.0839,-0.85264,0.522499,0
4087,20.1167,0.0,0.0865,3.8753,-0.0865,-0.850352,0.526214,0
4088,20.1333,0.0,0.0868,3.7885,-0.0868,-0.848048,0.529919,0
4089,20.15,0.0,0.0857,3.7028,-0.0857,-0.845728,0.533615,0
4090,20.1667,0.0,0.0855,3.6173,-0.0855,-0.843391,0.5373,0
4091,20.1833,0.0,0.0832,3.5341,-0.0832,-0.841039,0.540974,0
4092,20.2,0.0,0.0844,3.4497,-0.0844,-0.838671,0.544639,0
4093,20.2167,0.0,0.083,3.3667,-0.083,-0.836286,0.548293,0
4094,20.2333,0.0,0.0858,3.2809,-0.0858,-0.833886,0.551937,0
4095,20.25,0.0,0.1498,3.1311,-0.1498,-0.83147,0.55557,0
4096,20.2667,0.0,0.1513,2.9798,-0.1513,-0.829038,0.559193,0
4097,20.2833,0.0,0.1463,2.8335,-0.1463,-0.82659,0.562805,0
4098,20.3,0.0,0.1462,2.6873,-0.1462,-0.824126,0.566406,0
4099,20.3167,0.0,0.1491,2.5382,-0.1491,-0.821647,0.569997,0
4100,20.3333,0.0,0.1486,2.3896,-0.1486,-0.819152,0.573576,0
4101,20.35,0.0,0.1468,2.2428,-0.1468,-0.816642,0.577145,0
4102,20.3667,0.0,0.1481,2.0947,-0.1481,-0.814116,0.580703,0
4103,20.3833,0.0,0.1496,1.9451,-0.1496,-0.811574,0.58425,0
4104,20.4,0.0,0.1437,1.8014,-0.1437,-0.809017,0.587785,0
4105,20.4167,0.0,0.1483,1.6531,-0.1483,-0.806445,0.59131,0
4106,20.4333,0.0,0.1438,1.5093,-0.1438,-0.803857,0.594823,0
4107,20.45,0.0,0.1465,1.3628,-0.1465,-0.801254,0.598325,0
4108,20.4667,0.0,0.1471,1.2157,-0.1471,-0.798636,0.601815,0
4109,20.4833,0.0,0.1463,1.0694,-0.1463,-0.796002,0.605294,0
4110,20.5,0.0,0.1461,0.9233,-0.1461,-0.793353,0.608761,0
4111,20.5167,0.0,0.147,0.7763,-0.147,-0.79069,0.612217,0
4112,20.5333,0.0,0.1452,0.6311,-0.1452,-0.788011,0.615661,0
4113,20.55,0.0,0.1492,0.4819,-0.1492,-0.785317,0.619094,0
4114,20.5667,0.0,0.1488,0.3331,-0.1488,-0.782608,0.622515,0
4115,20.5833,0.0,0.1481,0.185,-0.1481,-0.779884,0.625923,0
4116,20.6,0.0,0.1475,0.0375,-0.1475,-0.777146,0.62932,0
4117,20.6167,0.0,0.1502,0.0,-0.1502,-0.774393,0.632705,1
4118,20.6333,0.0,0.1457,0.0,-0.1457,-0.771625,0.636078,1
4119,20.65,0.0,0.1433,0.0,-0.1433,-0.768842,0.639439,1
4120,20.6667,0.0,0.1494,0.0,-0.1494,-0.766044,0.642788,1
4121,20.6833,0.0,0.1451,0.0,-0.1451,-0.763232,0.646124,1
4122,20.7,0.0,0.1508,0.0,-0.1508,-0.760406,0.649448,1
4123,20.7167,0.0,0.146,0.0,-0.146,-0.757565,0.65276,1
4124,20.7333,0.0,0.1475,0.0,-0.1475,-0.75471,0.656059,1
4125,20.75,0.0,0.1501,0.0,-0.1501,-0.75184,0.659346,1
4126,20.7667,0.0,0.1481,0.0,-0.1481,-0.748956,0.66262,1
4127,20.7833,0.0,0.1463,0.0,-0.1463,-0.746057,0.665882,1
4128,20.8,0.0,0.1489,0.0,-0.1489,-0.743145,0.669131,1
4129,20.8167,0.0,0.148,0.0,-0.148,-0.740218,0.672367,1
4130,20.8333,0.0,0.1456,0.0,-0.1456,-0.737277,0.67559,1
4131,20.85,0.0,0.1486,0.0,-0.1486,-0.734323,0.678801,1
4132,20.8667,0.0,0.1504,0.0,-0.1504,-0.731354,0.681998,1
4133,20.8833,0.0,0.1485,0.0,-0.1485,-0.728371,0.685183,1
4134,20.9,0.0,0.1439,0.0,-0.1439,-0.725374,0.688355,1
4135,20.9167,0.0,0.1486,0.0,-0.1486,-0.722364,0.691513,1
4136,20.9333,0.0,0.1461,0.0,-0.1461,-0.71934,0.694658,1
4137,20.95,0.0,0.1496,0.0,-0.1496,-0.716302,0.69779,1
4138,20.9667,0.0,0.1479,0.0,-0.1479,-0.71325,0.700909,1
4139,20.9833,0.0,0.1469,0.0,-0.1469,-0.710185,0.704015,1
4140,21.0,0.0,0.1477,0.0,-0.1477,-0.707107,0.707107,1
4141,21.0167,0.0,0.1458,0.0,-0.1458,-0.704015,0.710185,1
4142,21.0333,0.0,0.1462,0.0,-0.1462,-0.700909,0.71325,1
4143,21.05,0.0,0.1435,0.0,-0.1435,-0.69779,0.716302,1
4144,21.0667,0.0,0.1448,0.0,-0.1448,-0.694658,0.71934,1
4145,21.0833,0.0,0.1456,0.0,-0.1456,-0.691513,0.722364,1
4146,21.1,0.0,0.1474,0.0,-0.1474,-0.688355,0.725374,1
4147,21.1167,0.0,0.1486,0.0,-0.1486,-0.685183,0.728371,1
4148,21.1333,0.0,0.1485,0.0,-0.1485,-0.681998,0.731354,1
4149,21.15,0.0,0.1482,0.0,-0.1482,-0.678801,0.734323,1
4150,21.1667,0.0,0.1497,0.0,-0.1497,-0.67559,0.737277,1
4151,21.1833,0.0,0.1507,0.0,-0.1507,-0.672367,0.740218,1
4152,21.2,0.0,0.1458,0.0,-0.1458,-0.669131,0.743145,1
4153,21.2167,0.0,0.1487,0.0,-0.1487,-0.665882,0.746057,1
4154,21.2333,0.0,0.0841,0.0,-0.0841,-0.66262,0.748956,1
4155,21.25,0.0,0.0878,0.0,-0.0878,-0.659346,0.75184,1
4156,21.2667,0.0,0.0877,0.0,-0.0877,-0.656059,0.75471,1
4157,21.2833,0.0,0.085,0.0,-0.085,-0.65276,0.757565,1
4158,21.3,0.0,0.0858,0.0,-0.0858,-0.649448,0.760406,1
4159,21.3167,0.0,0.0852,0.0,-0.0852,-0.646124,0.763232,1
4160,21.3333,0.0,0.0856,0.0,-0.0856,-0.642788,0.766044,1
4161,21.35,0.0,0.0847,0.0,-0.0847,-0.639439,0.768842,1
4162,21.3667,0.0,0.0866,0.0,-0.0866,-0.636078,0.771625,1
4163,21.3833,0.0,0.0846,0.0,-0.0846,-0.632705,0.774393,1
4164,21.4,0.0,0.084,0.0,-0.084,-0.62932,0.777146,1
4165,21.4167,0.0,0.0846,0.0,-0.0846,-0.625923,0.779884,1
4166,21.4333,0.0,0.0832,0.0,-0.0832,-0.622515,0.782608,1
4167,21.45,0.0,0.0865,0.0,-0.0865,-0.619094,0.785317,1
4168,21.4667,0.0,0.0828,0.0,-0.0828,-0.615661,0.788011,1
4169,21.4833,0.0,0.0834,0.0,-0.0834,-0.612217,0.79069,1
4170,21.5,0.0,0.0844,0.0,-0.0844,-0.608761,0.793353,1
4171,21.5167,0.0,0.0849,0.0,-0.0849,-0.605294,0.796002,1
4172,21.5333,0.0,0.086,0.0,-0.086,-0.601815,0.798636,1
4173,21.55,0.0,0.0864,0.0,-0.0864,-0.598325,0.801254,1
4174,21.5667,0.0,0.0827,0.0,-0.0827,-0.594823,0.803857,1
4175,21.5833,0.0,0.0856,0.0,-0.0856,-0.59131,0.806445,1
4176,21.6,0.0,0.0856,0.0,-0.0856,-0.587785,0.809017,1
4177,21.6167,0.0,0.0829,0.0,-0.0829,-0.58425,0.811574,1
4178,21.6333,0.0,0.0823,0.0,-0.0823,-0.580703,0.814116,1
4179,21.65,0.0,0.0854,0.0,-0.0854,-0.577145,0.816642,1
4180,21.6667,0.0,0.0811,0.0,-0.0811,-0.573576,0.819152,1
4181,21.6833,0.0,0.0845,0.0,-0.0845,-0.569997,0.821647,1
4182,21.7,0.0,0.0835,0.0,-0.0835,-0.566406,0.824126,1
4183,21.7167,0.0,0.0868,0.0,-0.0868,-0.562805,0.82659,1
4184,21.7333,0.0,0.0858,0.0,-0.0858,-0.559193,0.829038,1
4185,21.75,0.0,0.0887,0.0,-0.0887,-0.55557,0.83147,1
4186,21.7667,0.0,0.086,0.0,-0.086,-0.551937,0.833886,1
4187,21.7833,0.0,0.0855,0.0,-0.0855,-0.548293,0.836286,1
4188,21.8,0.0,0.0836,0.0,-0.0836,-0.544639,0.838671,1
4189,21.8167,0.0,0.0844,0.0,-0.0844,-0.540974,0.841039,1
4190,21.8333,0.0,0.0852,0.0,-0.0852,-0.5373,0.843391,1
4191,21.85,0.0,0.0854,0.0,-0.0854,-0.533615,0.845728,1
4192,21.8667,0.0,0.084,0.0,-0.084,-0.529919,0.848048,1
4193,21.8833,0.0,0.0832,0.0,-0.0832,-0.526214,0.850352,1
4194,21.9,0.0,0.0827,0.0,-0.0827,-0.522499,0.85264,1
4195,21.9167,0.0,0.0865,0.0,-0.0865,-0.518773,0.854912,1
4196,21.9333,0.0,0.0848,0.0,-0.0848,-0.515038,0.857167,1
4197,21.95,0.0,0.0832,0.0,-0.0832,-0.511293,0.859406,1
4198,21.9667,0.0,0.0837,0.0,-0.0837,-0.507538,0.861629,1
4199,21.9833,0.0,0.0826,0.0,-0.0826,-0.503774,0.863836,1
4200,22.0,0.0,0.0169,0.0,-0.0169,-0.5,0.866025,1
4201,22.0167,0.0,0.0196,0.0,-0.0196,-0.496217,0.868199,1
4202,22.0333,0.0,0.0222,0.0,-0.0222,-0.492424,0.870356,1
4203,22.05,0.0,0.0211,0.0,-0.0211,-0.488621,0.872496,1
4204,22.0667,0.0,0.0213,0.0,-0.0213,-0.48481,0.87462,1
4205,22.0833,0.0,0.0194,0.0,-0.0194,-0.480989,0.876727,1
4206,22.1,0.0,0.0176,0.0,-0.0176,-0.477159,0.878817,1
4207,22.1167,0.0,0.0214,0.0,-0.0214,-0.47332,0.880891,1
4208,22.1333,0.0,0.0213,0.0,-0.0213,-0.469472,0.882948,1
4209,22.15,0.0,0.0185,0.0,-0.0185,-0.465615,0.884988,1
4210,22.1667,0.0,0.022,0.0,-0.022,-0.461749,0.887011,1
4211,22.1833,0.0,0.021,0.0,-0.021,-0.457874,0.889017,1
4212,22.2,0.0,0.0195,0.0,-0.0195,-0.45399,0.891007,1
4213,22.2167,0.0,0.02,0.0,-0.02,-0.450098,0.892979,1
4214,22.2333,0.0,0.0215,0.0,-0.0215,-0.446198,0.894934,1
4215,22.25,0.0,0.0215,0.0,-0.0215,-0.442289,0.896873,1
4216,22.2667,0.0,0.0204,0.0,-0.0204,-0.438371,0.898794,1
4217,22.2833,0.0,0.0209,0.0,-0.0209,-0.434445,0.900698,1
4218,22.3,0.0,0.0213,0.0,-0.0213,-0.430511,0.902585,1
4219,22.3167,0.0,0.0209,0.0,-0.0209,-0.426569,0.904455,1
4220,22.3333,0.0,0.0244,0.0,-0.0244,-0.422618,0.906308,1
4221,22.35,0.0,0.0192,0.0,-0.0192,-0.41866,0.908143,1
4222,22.3667,0.0,0.0177,0.0,-0.0177,-0.414693,0.909961,1
4223,22.3833,0.0,0.0209,0.0,-0.0209,-0.410719,0.911762,1
4224,22.4,0.0,0.0195,0.0,-0.0195,-0.406737,0.913545,1
4225,22.4167,0.0,0.0198,0.0,-0.0198,-0.402747,0.915311,1
4226,22.4333,0.0,0.0215,0.0,-0.0215,-0.398749,0.91706,1
4227,22.45,0.0,0.0195,0.0,-0.0195,-0.394744,0.918791,1
4228,22.4667,0.0,0.0195,0.0,-0.0195,-0.390731,0.920505,1
4229,22.4833,0.0,0.0219,0.0,-0.0219,-0.386711,0.922201,1
4230,22.5,0.0,0.0214,0.0,-0.0214,-0.382683,0.92388,1
4231,22.5167,0.0,0.0184,0.0,-0.0184,-0.378649,0.925541,1
4232,22.5333,0.0,0.0225,0.0,-0.0225,-0.374607,0.927184,1
4233,22.55,0.0,0.0225,0.0,-0.0225,-0.370557,0.92881,1
4234,22.5667,0.0,0.022,0.0,-0.022,-0.366501,0.930418,1
4235,22.5833,0.0,0.02,0.0,-0.02,-0.362438,0.932008,1
4236,22.6,0.0,0.0235,0.0,-0.0235,-0.358368,0.93358,1
4237,22.6167,0.0,0.0199,0.0,-0.0199,-0.354291,0.935135,1
4238,22.6333,0.0,0.0231,0.0,-0.0231,-0.350207,0.936672,1
4239,22.65,0.0,0.0187,0.0,-0.0187,-0.346117,0.938191,1
4240,22.6667,0.0,0.0214,0.0,-0.0214,-0.34202,0.939693,1
4241,22.6833,0.0,0.0229,0.0,-0.0229,-0.337917,0.941176,1
4242,22.7,0.0,0.0197,0.0,-0.0197,-0.333807,0.942641,1
4243,22.7167,0.0,0.0227,0.0,-0.0227,-0.329691,0.944089,1
4244,22.7333,0.0,0.0156,0.0,-0.0156,-0.325568,0.945519,1
4245,22.75,0.0,0.0195,0.0,-0.0195,-0.321439,0.94693,1
4246,22.7667,0.0,0.02,0.0,-0.02,-0.317305,0.948324,1
4247,22.7833,0.0,0.0212,0.0,-0.0212,-0.313164,0.949699,1
4248,22.8,0.0,0.0168,0.0,-0.0168,-0.309017,0.951057,1
4249,22.8167,0.0,0.0173,0.0,-0.0173,-0.304864,0.952396,1
4250,22.8333,0.0,0.0227,0.0,-0.0227,-0.300706,0.953717,1
4251,22.85,0.0,0.0218,0.0,-0.0218,-0.296542,0.95502,1
4252,22.8667,0.0,0.0211,0.0,-0.0211,-0.292372,0.956305,1
4253,22.8833,0.0,0.0186,0.0,-0.0186,-0.288196,0.957571,1
4254,22.9,0.0,0.021,0.0,-0.021,-0.284015,0.95882,1
4255,22.9167,0.0,0.0184,0.0,-0.0184,-0.279829,0.96005,1
4256,22.9333,0.0,0.0203,0.0,-0.0203,-0.275637,0.961262,1
4257,22.95,0.0,0.0204,0.0,-0.0204,-0.27144,0.962455,1
4258,22.9667,0.0,0.02,0.0,-0.02,-0.267238,0.96363,1
4259,22.9833,0.0,0.0226,0.0,-0.0226,-0.263031,0.964787,1
4260,23.0,0.0,0.0219,0.0,-0.0219,-0.258819,0.965926,1
4261,23.0167,0.0,0.0208,0.0,-0.0208,-0.254602,0.967046,1
4262,23.0333,0.0,0.0214,0.0,-0.0214,-0.25038,0.968148,1
4263,23.05,0.0,0.0215,0.0,-0.0215,-0.246153,0.969231,1
4264,23.0667,0.0,0.0216,0.0,-0.0216,-0.241922,0.970296,1
4265,23.0833,0.0,0.0224,0.0,-0.0224,-0.237686,0.971342,1
4266,23.1,0.0,0.0224,0.0,-0.0224,-0.233445,0.97237,1
4267,23.1167,0.0,0.0177,0.0,-0.0177,-0.2292,0.973379,1
4268,23.1333,0.0,0.0204,0.0,-0.0204,-0.224951,0.97437,1
4269,23.15,0.0,0.0212,0.0,-0.0212,-0.220697,0.975342,1
4270,23.1667,0.0,0.0197,0.0,-0.0197,-0.21644,0.976296,1
4271,23.1833,0.0,0.0175,0.0,-0.0175,-0.212178,0.977231,1
4272,23.2,0.0,0.017,0.0,-0.017,-0.207912,0.978148,1
4273,23.2167,0.0,0.0194,0.0,-0.0194,-0.203642,0.979045,1
4274,23.2333,0.0,0.024,0.0,-0.024,-0.199368,0.979925,1
4275,23.25,0.0,0.0232,0.0,-0.0232,-0.19509,0.980785,1
4276,23.2667,0.0,0.0202,0.0,-0.0202,-0.190809,0.981627,1
4277,23.2833,0.0,0.0218,0.0,-0.0218,-0.186524,0.98245,1
4278,23.3,0.0,0.0223,0.0,-0.0223,-0.182236,0.983255,1
4279,23.3167,0.0,0.0211,0.0,-0.0211,-0.177944,0.984041,1
4280,23.3333,0.0,0.017,0.0,-0.017,-0.173648,0.984808,1
4281,23.35,0.0,0.0216,0.0,-0.0216,-0.16935,0.985556,1
4282,23.3667,0.0,0.018,0.0,-0.018,-0.165048,0.986286,1
4283,23.3833,0.0,0.021,0.0,-0.021,-0.160743,0.986996,1
4284,23.4,0.0,0.023,0.0,-0.023,-0.156434,0.987688,1
4285,23.4167,0.0,0.0201,0.0,-0.0201,-0.152123,0.988362,1
4286,23.4333,0.0,0.0196,0.0,-0.0196,-0.147809,0.989016,1
4287,23.45,0.0,0.0189,0.0,-0.0189,-0.143493,0.989651,1
4288,23.4667,0.0,0.0198,0.0,-0.0198,-0.139173,0.990268,1
4289,23.4833,0.0,0.0206,0.0,-0.0206,-0.134851,0.990866,1
4290,23.5,0.0,0.0223,0.0,-0.0223,-0.130526,0.991445,1
4291,23.5167,0.0,0.017,0.0,-0.017,-0.126199,0.992005,1
4292,23.5333,0.0,0.0186,0.0,-0.0186,-0.121869,0.992546,1
4293,23.55,0.0,0.0209,0.0,-0.0209,-0.117537,0.993068,1
4294,23.5667,0.0,0.0183,0.0,-0.0183,-0.113203,0.993572,1
4295,23.5833,0.0,0.0208,0.0,-0.0208,-0.108867,0.994056,1
4296,23.6,0.0,0.0195,0.0,-0.0195,-0.104528,0.994522,1
4297,23.6167,0.0,0.0212,0.0,-0.0212,-0.100188,0.994969,1
4298,23.6333,0.0,0.0204,0.0,-0.0204,-0.095846,0.995396,1
4299,23.65,0.0,0.021,0.0,-0.021,-0.091502,0.995805,1
4300,23.6667,0.0,0.0217,0.0,-0.0217,-0.087156,0.996195,1
4301,23.6833,0.0,0.0249,0.0,-0.0249,-0.082808,0.996566,1
4302,23.7,0.0,0.0177,0.0,-0.0177,-0.078459,0.996917,1
4303,23.7167,0.0,0.0186,0.0,-0.0186,-0.074108,0.99725,1
4304,23.7333,0.0,0.0211,0.0,-0.0211,-0.069756,0.997564,1
4305,23.75,0.0,0.0218,0.0,-0.0218,-0.065403,0.997859,1
4306,23.7667,0.0,0.0235,0.0,-0.0235,-0.061049,0.998135,1
4307,23.7833,0.0,0.0202,0.0,-0.0202,-0.056693,0.998392,1
4308,23.8,0.0,0.0208,0.0,-0.0208,-0.052336,0.99863,1
4309,23.8167,0.0,0.0206,0.0,-0.0206,-0.047978,0.998848,1
4310,23.8333,0.0,0.0219,0.0,-0.0219,-0.043619,0.999048,1
4311,23.85,0.0,0.0187,0.0,-0.0187,-0.03926,0.999229,1
4312,23.8667,0.0,0.0179,0.0,-0.0179,-0.034899,0.999391,1
4313,23.8833,0.0,0.0221,0.0,-0.0221,-0.030539,0.999534,1
4314,23.9,0.0,0.0213,0.0,-0.0213,-0.026177,0.999657,1
4315,23.9167,0.0,0.0168,0.0,-0.0168,-0.021815,0.999762,1
4316,23.9333,0.0,0.019,0.0,-0.019,-0.017452,0.999848,1
4317,23.95,0.0,0.0201,0.0,-0.0201,-0.01309,0.999914,1
4318,23.9667,0.0,0.0183,0.0,-0.0183,-0.008727,0.999962,1
4319,23.9833,0.0,0.0211,0.0,-0.0211,-0.004363,0.99999,1
4320,0.0,0.0,0.0184,0.0,-0.0184,0.0,1.0,1
4321,0.0167,0.0,0.0235,0.0,-0.0235,0.004363,0.99999,1
4322,0.0333,0.0,0.0211,0.0,-0.0211,0.008727,0.999962,1
4323,0.05,0.0,0.0221,0.0,-0.0221,0.01309,0.999914,1
4324,0.0667,0.0,0.0197,0.0,-0.0197,0.017452,0.999848,1
4325,0.0833,0.0,0.0217,0.0,-0.0217,0.021815,0.999762,1
4326,0.1,0.0,0.024,0.0,-0.024,0.026177,0.999657,1
4327,0.1167,0.0,0.0233,0.0,-0.0233,0.030539,0.999534,1
4328,0.1333,0.0,0.018,0.0,-0.018,0.034899,0.999391,1
4329,0.15,0.0,0.0203,0.0,-0.0203,0.03926,0.999229,1
4330,0.1667,0.0,0.0194,0.0,-0.0194,0.043619,0.999048,1
4331,0.1833,0.0,0.0195,0.0,-0.0195,0.047978,0.998848,1
4332,0.2,0.0,0.0224,0.0,-0.0224,0.052336,0.99863,1
4333,0.2167,0.0,0.0206,0.0,-0.0206,0.056693,0.998392,1
4334,0.2333,0.0,0.0229,0.0,-0.0229,0.061049,0.998135,1
4335,0.25,0.0,0.0226,0.0,-0.0226,0.065403,0.997859,1
4336,0.2667,0.0,0.0214,0.0,-0.0214,0.069756,0.997564,1
4337,0.2833,0.0,0.0212,0.0,-0.0212,0.074108,0.99725,1
4338,0.3,0.0,0.02,0.0,-0.02,0.078459,0.996917,1
4339,0.3167,0.0,0.0218,0.0,-0.0218,0.082808,0.996566,1
4340,0.3333,0.0,0.0213,0.0,-0.0213,0.087156,0.996195,1
4341,0.35,0.0,0.0216,0.0,-0.0216,0.091502,0.995805,1
4342,0.3667,0.0,0.0219,0.0,-0.0219,0.095846,0.995396,1
4343,0.3833,0.0,0.0183,0.0,-0.0183,0.100188,0.994969,1
4344,0.4,0.0,0.0175,0.0,-0.0175,0.104528,0.994522,1
4345,0.4167,0.0,0.0213,0.0,-0.0213,0.108867,0.994056,1
4346,0.4333,0.0,0.0208,0.0,-0.0208,0.113203,0.993572,1
4347,0.45,0.0,0.0211,0.0,-0.0211,0.117537,0.993068,1
4348,0.4667,0.0,0.022,0.0,-0.022,0.121869,0.992546,1
4349,0.4833,0.0,0.0195,0.0,-0.0195,0.126199,0.992005,1
4350,0.5,0.0,0.0199,0.0,-0.0199,0.130526,0.991445,1
4351,0.5167,0.0,0.0208,0.0,-0.0208,0.134851,0.990866,1
4352,0.5333,0.0,0.0199,0.0,-0.0199,0.139173,0.990268,1
4353,0.55,0.0,0.0217,0.0,-0.0217,0.143493,0.989651,1
4354,0.5667,0.0,0.0202,0.0,-0.0202,0.147809,0.989016,1
4355,0.5833,0.0,0.0211,0.0,-0.0211,0.152123,0.988362,1
4356,0.6,0.0,0.02,0.0,-0.02,0.156434,0.987688,1
4357,0.6167,0.0,0.0193,0.0,-0.0193,0.160743,0.986996,1
4358,0.6333,0.0,0.0197,0.0,-0.0197,0.165048,0.986286,1
4359,0.65,0.0,0.0211,0.0,-0.0211,0.16935,0.985556,1
4360,0.6667,0.0,0.0189,0.0,-0.0189,0.173648,0.984808,1
4361,0.6833,0.0,0.0211,0.0,-0.0211,0.177944,0.984041,1
4362,0.7,0.0,0.0212,0.0,-0.0212,0.182236,0.983255,1
4363,0.7167,0.0,0.0188,0.0,-0.0188,0.186524,0.98245,1
4364,0.7333,0.0,0.0182,0.0,-0.0182,0.190809,0.981627,1
4365,0.75,0.0,0.0167,0.0,-0.0167,0.19509,0.980785,1
4366,0.7667,0.0,0.0241,0.0,-0.0241,0.199368,0.979925,1
4367,0.7833,0.0,0.0212,0.0,-0.0212,0.203642,0.979045,1
4368,0.8,0.0,0.0203,0.0,-0.0203,0.207912,0.978148,1
4369,0.8167,0.0,0.0211,0.0,-0.0211,0.212178,0.977231,1
4370,0.8333,0.0,0.0196,0.0,-0.0196,0.21644,0.976296,1
4371,0.85,0.0,0.0221,0.0,-0.0221,0.220697,0.975342,1
4372,0.8667,0.0,0.0179,0.0,-0.0179,0.224951,0.97437,1
4373,0.8833,0.0,0.0229,0.0,-0.0229,0.2292,0.973379,1
4374,0.9,0.0,0.0214,0.0,-0.0214,0.233445,0.97237,1
4375,0.9167,0.0,0.0194,0.0,-0.0194,0.237686,0.971342,1
4376,0.9333,0.0,0.0208,0.0,-0.0208,0.241922,0.970296,1
4377,0.95,0.0,0.0225,0.0,-0.0225,0.246153,0.969231,1
4378,0.9667,0.0,0.0197,0.0,-0.0197,0.25038,0.968148,1
4379,0.9833,0.0,0.026,0.0,-0.026,0.254602,0.967046,1
4380,1.0,0.0,0.0184,0.0,-0.0184,0.258819,0.965926,1
4381,1.0167,0.0,0.0236,0.0,-0.0236,0.263031,0.964787,1
4382,1.0333,0.0,0.0221,0.0,-0.0221,0.267238,0.96363,1
4383,1.05,0.0,0.0221,0.0,-0.0221,0.27144,0.962455,1
4384,1.0667,0.0,0.0186,0.0,-0.0186,0.275637,0.961262,1
4385,1.0833,0.0,0.0185,0.0,-0.0185,0.279829,0.96005,1
4386,1.1,0.0,0.0201,0.0,-0.0201,0.284015,0.95882,1
4387,1.1167,0.0,0.0215,0.0,-0.0215,0.288196,0.957571,1
4388,1.1333,0.0,0.0238,0.0,-0.0238,0.292372,0.956305,1
4389,1.15,0.0,0.0213,0.0,-0.0213,0.296542,0.95502,1
4390,1.1667,0.0,0.016,0.0,-0.016,0.300706,0.953717,1
4391,1.1833,0.0,0.0216,0.0,-0.0216,0.304864,0.952396,1
4392,1.2,0.0,0.0222,0.0,-0.0222,0.309017,0.951057,1
4393,1.2167,0.0,0.0214,0.0,-0.0214,0.313164,0.949699,1
4394,1.2333,0.0,0.0196,0.0,-0.0196,0.317305,0.948324,1
4395,1.25,0.0,0.0235,0.0,-0.0235,0.321439,0.94693,1
4396,1.2667,0.0,0.0189,0.0,-0.0189,0.325568,0.945519,1
4397,1.2833,0.0,0.0219,0.0,-0.0219,0.329691,0.944089,1
4398,1.3,0.0,0.0223,0.0,-0.0223,0.333807,0.942641,1
4399,1.3167,0.0,0.0194,0.0,-0.0194,0.337917,0.941176,1
4400,1.3333,0.0,0.0235,0.0,-0.0235,0.34202,0.939693,1
4401,1.35,0.0,0.0193,0.0,-0.0193,0.346117,0.938191,1
4402,1.3667,0.0,0.0219,0.0,-0.0219,0.350207,0.936672,1
4403,1.3833,0.0,0.0205,0.0,-0.0205,0.354291,0.935135,1
4404,1.4,0.0,0.0201,0.0,-0.0201,0.358368,0.93358,1
4405,1.4167,0.0,0.022,0.0,-0.022,0.362438,0.932008,1
4406,1.4333,0.0,0.0215,0.0,-0.0215,0.366501,0.930418,1
4407,1.45,0.0,0.0195,0.0,-0.0195,0.370557,0.92881,1
4408,1.4667,0.0,0.0217,0.0,-0.0217,0.374607,0.927184,1
4409,1.4833,0.0,0.0204,0.0,-0.0204,0.378649,0.925541,1
4410,1.5,0.0,0.0188,0.0,-0.0188,0.382683,0.92388,1
4411,1.5167,0.0,0.0192,0.0,-0.0192,0.386711,0.922201,1
4412,1.5333,0.0,0.0177,0.0,-0.0177,0.390731,0.920505,1
4413,1.55,0.0,0.0199,0.0,-0.0199,0.394744,0.918791,1
4414,1.5667,0.0,0.0186,0.0,-0.0186,0.398749,0.91706,1
4415,1.5833,0.0,0.0186,0.0,-0.0186,0.402747,0.915311,1
4416,1.6,0.0,0.02,0.0,-0.02,0.406737,0.913545,1
4417,1.6167,0.0,0.0184,0.0,-0.0184,0.410719,0.911762,1
4418,1.6333,0.0,0.0212,0.0,-0.0212,0.414693,0.909961,1
4419,1.65,0.0,0.0196,0.0,-0.0196,0.41866,0.908143,1
4420,1.6667,0.0,0.0174,0.0,-0.0174,0.422618,0.906308,1
4421,1.6833,0.0,0.0203,0.0,-0.0203,0.426569,0.904455,1
4422,1.7,0.0,0.0189,0.0,-0.0189,0.430511,0.902585,1
4423,1.7167,0.0,0.0203,0.0,-0.0203,0.434445,0.900698,1
4424,1.7333,0.0,0.022,0.0,-0.022,0.438371,0.898794,1
4425,1.75,0.0,0.0199,0.0,-0.0199,0.442289,0.896873,1
4426,1.7667,0.0,0.0211,0.0,-0.0211,0.446198,0.894934,1
4427,1.7833,0.0,0.0172,0.0,-0.0172,0.450098,0.892979,1
4428,1.8,0.0,0.0175,0.0,-0.0175,0.45399,0.891007,1
4429,1.8167,0.0,0.021,0.0,-0.021,0.457874,0.889017,1
4430,1.8333,0.0,0.0182,0.0,-0.0182,0.461749,0.887011,1
4431,1.85,0.0,0.018,0.0,-0.018,0.465615,0.884988,1
4432,1.8667,0.0,0.02,0.0,-0.02,0.469472,0.882948,1
4433,1.8833,0.0,0.0195,0.0,-0.0195,0.47332,0.880891,1
4434,1.9,0.0,0.0195,0.0,-0.0195,0.477159,0.878817,1
4435,1.9167,0.0,0.019,0.0,-0.019,0.480989,0.876727,1
4436,1.9333,0.0,0.02,0.0,-0.02,0.48481,0.87462,1
4437,1.95,0.0,0.0196,0.0,-0.0196,0.488621,0.872496,1
4438,1.9667,0.0,0.0162,0.0,-0.0162,0.492424,0.870356,1
4439,1.9833,0.0,0.0218,0.0,-0.0218,0.496217,0.868199,1
4440,2.0,0.0,0.0248,0.0,-0.0248,0.5,0.866025,1
4441,2.0167,0.0,0.0203,0.0,-0.0203,0.503774,0.863836,1
4442,2.0333,0.0,0.0199,0.0,-0.0199,0.507538,0.861629,1
4443,2.05,0.0,0.0203,0.0,-0.0203,0.511293,0.859406,1
4444,2.0667,0.0,0.0207,0.0,-0.0207,0.515038,0.857167,1
4445,2.0833,0.0,0.0221,0.0,-0.0221,0.518773,0.854912,1
4446,2.1,0.0,0.0176,0.0,-0.0176,0.522499,0.85264,1
4447,2.1167,0.0,0.0191,0.0,-0.0191,0.526214,0.850352,1
4448,2.1333,0.0,0.018,0.0,-0.018,0.529919,0.848048,1
4449,2.15,0.0,0.0226,0.0,-0.0226,0.533615,0.845728,1
4450,2.1667,0.0,0.0218,0.0,-0.0218,0.5373,0.843391,1
4451,2.1833,0.0,0.0232,0.0,-0.0232,0.540974,0.841039,1
4452,2.2,0.0,0.0189,0.0,-0.0189,0.544639,0.838671,1
4453,2.2167,0.0,0.0194,0.0,-0.0194,0.548293,0.836286,1
4454,2.2333,0.0,0.0222,0.0,-0.0222,0.551937,0.833886,1
4455,2.25,0.0,0.0225,0.0,-0.0225,0.55557,0.83147,1
4456,2.2667,0.0,0.0194,0.0,-0.0194,0.559193,0.829038,1
4457,2.2833,0.0,0.0208,0.0,-0.0208,0.562805,0.82659,1
4458,2.3,0.0,0.022,0.0,-0.022,0.566406,0.824126,1
4459,2.3167,0.0,0.0211,0.0,-0.0211,0.569997,0.821647,1
4460,2.3333,0.0,0.0215,0.0,-0.0215,0.573576,0.819152,1
4461,2.35,0.0,0.0183,0.0,-0.0183,0.577145,0.816642,1
4462,2.3667,0.0,0.0143,0.0,-0.0143,0.580703,0.814116,1
4463,2.3833,0.0,0.0219,0.0,-0.0219,0.58425,0.811574,1
4464,2.4,0.0,0.0186,0.0,-0.0186,0.587785,0.809017,1
4465,2.4167,0.0,0.0171,0.0,-0.0171,0.59131,0.806445,1
4466,2.4333,0.0,0.0192,0.0,-0.0192,0.594823,0.803857,1
4467,2.45,0.0,0.0157,0.0,-0.0157,0.598325,0.801254,1
4468,2.4667,0.0,0.0205,0.0,-0.0205,0.601815,0.798636,1
4469,2.4833,0.0,0.0202,0.0,-0.0202,0.605294,0.796002,1
4470,2.5,0.0,0.0193,0.0,-0.0193,0.608761,0.793353,1
4471,2.5167,0.0,0.0209,0.0,-0.0209,0.612217,0.79069,1
4472,2.5333,0.0,0.0197,0.0,-0.0197,0.615661,0.788011,1
4473,2.55,0.0,0.0256,0.0,-0.0256,0.619094,0.785317,1
4474,2.5667,0.0,0.0235,0.0,-0.0235,0.622515,0.782608,1
4475,2.5833,0.0,0.0189,0.0,-0.0189,0.625923,0.779884,1
4476,2.6,0.0,0.0176,0.0,-0.0176,0.62932,0.777146,1
4477,2.6167,0.0,0.02,0.0,-0.02,0.632705,0.774393,1
4478,2.6333,0.0,0.0222,0.0,-0.0222,0.636078,0.771625,1
4479,2.65,0.0,0.0205,0.0,-0.0205,0.639439,0.768842,1
4480,2.6667,0.0,0.0187,0.0,-0.0187,0.642788,0.766044,1
4481,2.6833,0.0,0.017,0.0,-0.017,0.646124,0.763232,1
4482,2.7,0.0,0.0196,0.0,-0.0196,0.649448,0.760406,1
4483,2.7167,0.0,0.0215,0.0,-0.0215,0.65276,0.757565,1
4484,2.7333,0.0,0.02,0.0,-0.02,0.656059,0.75471,1
4485,2.75,0.0,0.0208,0.0,-0.0208,0.659346,0.75184,1
4486,2.7667,0.0,0.0219,0.0,-0.0219,0.66262,0.748956,1
4487,2.7833,0.0,0.0208,0.0,-0.0208,0.665882,0.746057,1
4488,2.8,0.0,0.0212,0.0,-0.0212,0.669131,0.743145,1
4489,2.8167,0.0,0.022,0.0,-0.022,0.672367,0.740218,1
4490,2.8333,0.0,0.0216,0.0,-0.0216,0.67559,0.737277,1
4491,2.85,0.0,0.0211,0.0,-0.0211,0.678801,0.734323,1
4492,2.8667,0.0,0.0199,0.0,-0.0199,0.681998,0.731354,1
4493,2.8833,0.0,0.02,0.0,-0.02,0.685183,0.728371,1
4494,2.9,0.0,0.0236,0.0,-0.0236,0.688355,0.725374,1
4495,2.9167,0.0,0.0175,0.0,-0.0175,0.691513,0.722364,1
4496,2.9333,0.0,0.0205,0.0,-0.0205,0.694658,0.71934,1
4497,2.95,0.0,0.0206,0.0,-0.0206,0.69779,0.716302,1
4498,2.9667,0.0,0.0223,0.0,-0.0223,0.700909,0.71325,1
4499,2.9833,0.0,0.0183,0.0,-0.0183,0.704015,0.710185,1
4500,3.0,0.0,0.0206,0.0,-0.0206,0.707107,0.707107,1
4501,3.0167,0.0,0.0212,0.0,-0.0212,0.710185,0.704015,1
4502,3.0333,0.0,0.0236,0.0,-0.0236,0.71325,0.700909,1
4503,3.05,0.0,0.0227,0.0,-0.0227,0.716302,0.69779,1
4504,3.0667,0.0,0.0191,0.0,-0.0191,0.71934,0.694658,1
4505,3.0833,0.0,0.0202,0.0,-0.0202,0.722364,0.691513,1
4506,3.1,0.0,0.0199,0.0,-0.0199,0.725374,0.688355,1
4507,3.1167,0.0,0.0183,0.0,-0.0183,0.728371,0.685183,1
4508,3.1333,0.0,0.0234,0.0,-0.0234,0.731354,0.681998,1
4509,3.15,0.0,0.0252,0.0,-0.0252,0.734323,0.678801,1
4510,3.1667,0.0,0.02,0.0,-0.02,0.737277,0.67559,1
4511,3.1833,0.0,0.0218,0.0,-0.0218,0.740218,0.672367,1
4512,3.2,0.0,0.024,0.0,-0.024,0.743145,0.669131,1
4513,3.2167,0.0,0.0185,0.0,-0.0185,0.746057,0.665882,1
4514,3.2333,0.0,0.022,0.0,-0.022,0.748956,0.66262,1
4515,3.25,0.0,0.0166,0.0,-0.0166,0.75184,0.659346,1
4516,3.2667,0.0,0.0213,0.0,-0.0213,0.75471,0.656059,1
4517,3.2833,0.0,0.0168,0.0,-0.0168,0.757565,0.65276,1
4518,3.3,0.0,0.0221,0.0,-0.0221,0.760406,0.649448,1
4519,3.3167,0.0,0.0204,0.0,-0.0204,0.763232,0.646124,1
4520,3.3333,0.0,0.0202,0.0,-0.0202,0.766044,0.642788,1
4521,3.35,0.0,0.0196,0.0,-0.0196,0.768842,0.639439,1
4522,3.3667,0.0,0.0184,0.0,-0.0184,0.771625,0.636078,1
4523,3.3833,0.0,0.0188,0.0,-0.0188,0.774393,0.632705,1
4524,3.4,0.0,0.0221,0.0,-0.0221,0.777146,0.62932,1
4525,3.4167,0.0,0.0178,0.0,-0.0178,0.779884,0.625923,1
4526,3.4333,0.0,0.022,0.0,-0.022,0.782608,0.622515,1
4527,3.45,0.0,0.022,0.0,-0.022,0.785317,0.619094,1
4528,3.4667,0.0,0.0201,0.0,-0.0201,0.788011,0.615661,1
4529,3.4833,0.0,0.0187,0.0,-0.0187,0.79069,0.612217,1
4530,3.5,0.0,0.0187,0.0,-0.0187,0.793353,0.608761,1
4531,3.5167,0.0,0.0205,0.0,-0.0205,0.796002,0.605294,1
4532,3.5333,0.0,0.0211,0.0,-0.0211,0.798636,0.601815,1
4533,3.55,0.0,0.0187,0.0,-0.0187,0.801254,0.598325,1
4534,3.5667,0.0,0.0193,0.0,-0.0193,0.803857,0.594823,1
4535,3.5833,0.0,0.0194,0.0,-0.0194,0.806445,0.59131,1
4536,3.6,0.0,0.0214,0.0,-0.0214,0.809017,0.587785,1
4537,3.6167,0.0,0.0208,0.0,-0.0208,0.811574,0.58425,1
4538,3.6333,0.0,0.0195,0.0,-0.0195,0.814116,0.580703,1
4539,3.65,0.0,0.0194,0.0,-0.0194,0.816642,0.577145,1
4540,3.6667,0.0,0.025,0.0,-0.025,0.819152,0.573576,1
4541,3.6833,0.0,0.021,0.0,-0.021,0.821647,0.569997,1
4542,3.7,0.0,0.0195,0.0,-0.0195,0.824126,0.566406,1
4543,3.7167,0.0,0.0229,0.0,-0.0229,0.82659,0.562805,1
4544,3.7333,0.0,0.0208,0.0,-0.0208,0.829038,0.559193,1
4545,3.75,0.0,0.021,0.0,-0.021,0.83147,0.55557,1
4546,3.7667,0.0,0.0211,0.0,-0.0211,0.833886,0.551937,1
4547,3.7833,0.0,0.0193,0.0,-0.0193,0.836286,0.548293,1
4548,3.8,0.0,0.0228,0.0,-0.0228,0.838671,0.544639,1
4549,3.8167,0.0,0.0209,0.0,-0.0209,0.841039,0.540974,1
4550,3.8333,0.0,0.0198,0.0,-0.0198,0.843391,0.5373,1
4551,3.85,0.0,0.0219,0.0,-0.0219,0.845728,0.533615,1
4552,3.8667,0.0,0.0217,0.0,-0.0217,0.848048,0.529919,1
4553,3.8833,0.0,0.0209,0.0,-0.0209,0.850352,0.526214,1
4554,3.9,0.0,0.0207,0.0,-0.0207,0.85264,0.522499,1
4555,3.9167,0.0,0.0188,0.0,-0.0188,0.854912,0.518773,1
4556,3.9333,0.0,0.0193,0.0,-0.0193,0.857167,0.515038,1
4557,3.95,0.0,0.0199,0.0,-0.0199,0.859406,0.511293,1
4558,3.9667,0.0,0.0221,0.0,-0.0221,0.861629,0.507538,1
4559,3.9833,0.0,0.0198,0.0,-0.0198,0.863836,0.503774,1
4560,4.0,0.0,0.0195,0.0,-0.0195,0.866025,0.5,1
4561,4.0167,0.0,0.0217,0.0,-0.0217,0.868199,0.496217,1
4562,4.0333,0.0,0.0233,0.0,-0.0233,0.870356,0.492424,1
4563,4.05,0.0,0.0206,0.0,-0.0206,0.872496,0.488621,1
4564,4.0667,0.0,0.0181,0.0,-0.0181,0.87462,0.48481,1
4565,4.0833,0.0,0.0184,0.0,-0.0184,0.876727,0.480989,1
4566,4.1,0.0,0.0155,0.0,-0.0155,0.878817,0.477159,1
4567,4.1167,0.0,0.0226,0.0,-0.0226,0.880891,0.47332,1
4568,4.1333,0.0,0.0173,0.0,-0.0173,0.882948,0.469472,1
4569,4.15,0.0,0.0209,0.0,-0.0209,0.884988,0.465615,1
4570,4.1667,0.0,0.0215,0.0,-0.0215,0.887011,0.461749,1
4571,4.1833,0.0,0.0229,0.0,-0.0229,0.889017,0.457874,1
4572,4.2,0.0,0.0222,0.0,-0.0222,0.891007,0.45399,1
4573,4.2167,0.0,0.0186,0.0,-0.0186,0.892979,0.450098,1
4574,4.2333,0.0,0.0214,0.0,-0.0214,0.894934,0.446198,1
4575,4.25,0.0,0.02,0.0,-0.02,0.896873,0.442289,1
4576,4.2667,0.0,0.0217,0.0,-0.0217,0.898794,0.438371,1
4577,4.2833,0.0,0.0204,0.0,-0.0204,0.900698,0.434445,1
4578,4.3,0.0,0.021,0.0,-0.021,0.902585,0.430511,1
4579,4.3167,0.0,0.0204,0.0,-0.0204,0.904455,0.426569,1
4580,4.3333,0.0,0.0209,0.0,-0.0209,0.906308,0.422618,1
4581,4.35,0.0,0.0208,0.0,-0.0208,0.908143,0.41866,1
4582,4.3667,0.0,0.0206,0.0,-0.0206,0.909961,0.414693,1
4583,4.3833,0.0,0.0228,0.0,-0.0228,0.911762,0.410719,1
4584,4.4,0.0,0.0213,0.0,-0.0213,0.913545,0.406737,1
4585,4.4167,0.0,0.0239,0.0,-0.0239,0.915311,0.402747,1
4586,4.4333,0.0,0.0191,0.0,-0.0191,0.91706,0.398749,1
4587,4.45,0.0,0.0216,0.0,-0.0216,0.918791,0.394744,1
4588,4.4667,0.0,0.0179,0.0,-0.0179,0.920505,0.390731,1
4589,4.4833,0.0,0.0208,0.0,-0.0208,0.922201,0.386711,1
4590,4.5,0.0,0.0206,0.0,-0.0206,0.92388,0.382683,1
4591,4.5167,0.0,0.0191,0.0,-0.0191,0.925541,0.378649,1
4592,4.5333,0.0,0.0175,0.0,-0.0175,0.927184,0.374607,1
4593,4.55,0.0,0.0164,0.0,-0.0164,0.92881,0.370557,1
4594,4.5667,0.0,0.0186,0.0,-0.0186,0.930418,0.366501,1
4595,4.5833,0.0,0.0228,0.0,-0.0228,0.932008,0.362438,1
4596,4.6,0.0,0.0217,0.0,-0.0217,0.93358,0.358368,1
4597,4.6167,0.0,0.0185,0.0,-0.0185,0.935135,0.354291,1
4598,4.6333,0.0,0.0235,0.0,-0.0235,0.936672,0.350207,1
4599,4.65,0.0,0.02,0.0,-0.02,0.938191,0.346117,1
4600,4.6667,0.0,0.0201,0.0,-0.0201,0.939693,0.34202,1
4601,4.6833,0.0,0.0213,0.0,-0.0213,0.941176,0.337917,1
4602,4.7,0.0,0.022,0.0,-0.022,0.942641,0.333807,1
4603,4.7167,0.0,0.021,0.0,-0.021,0.944089,0.329691,1
4604,4.7333,0.0,0.0233,0.0,-0.0233,0.945519,0.325568,1
4605,4.75,0.0,0.0216,0.0,-0.0216,0.94693,0.321439,1
4606,4.7667,0.0,0.0194,0.0,-0.0194,0.948324,0.317305,1
4607,4.7833,0.0,0.0214,0.0,-0.0214,0.949699,0.313164,1
4608,4.8,0.0,0.0225,0.0,-0.0225,0.951057,0.309017,1
4609,4.8167,0.0,0.0179,0.0,-0.0179,0.952396,0.304864,1
4610,4.8333,0.0,0.0191,0.0,-0.0191,0.953717,0.300706,1
4611,4.85,0.0,0.0189,0.0,-0.0189,0.95502,0.296542,1
4612,4.8667,0.0,0.0209,0.0,-0.0209,0.956305,0.292372,1
4613,4.8833,0.0,0.0192,0.0,-0.0192,0.957571,0.288196,1
4614,4.9,0.0,0.023,0.0,-0.023,0.95882,0.284015,1
4615,4.9167,0.0,0.0216,0.0,-0.0216,0.96005,0.279829,1
4616,4.9333,0.0,0.0189,0.0,-0.0189,0.961262,0.275637,1
4617,4.95,0.0,0.0167,0.0,-0.0167,0.962455,0.27144,1
4618,4.9667,0.0,0.0199,0.0,-0.0199,0.96363,0.267238,1
4619,4.9833,0.0,0.0203,0.0,-0.0203,0.964787,0.263031,1
4620,5.0,0.0,0.0204,0.0,-0.0204,0.965926,0.258819,1
4621,5.0167,0.0,0.0209,0.0,-0.0209,0.967046,0.254602,1
4622,5.0333,0.0,0.0222,0.0,-0.0222,0.968148,0.25038,1
4623,5.05,0.0,0.0216,0.0,-0.0216,0.969231,0.246153,1
4624,5.0667,0.0,0.0197,0.0,-0.0197,0.970296,0.241922,1
4625,5.0833,0.0,0.0176,0.0,-0.0176,0.971342,0.237686,1
4626,5.1,0.0,0.0192,0.0,-0.0192,0.97237,0.233445,1
4627,5.1167,0.0,0.0196,0.0,-0.0196,0.973379,0.2292,1
4628,5.1333,0.0,0.0211,0.0,-0.0211,0.97437,0.224951,1
4629,5.15,0.0,0.0235,0.0,-0.0235,0.975342,0.220697,1
4630,5.1667,0.0,0.0189,0.0,-0.0189,0.976296,0.21644,1
4631,5.1833,0.0,0.0241,0.0,-0.0241,0.977231,0.212178,1
4632,5.2,0.0,0.0206,0.0,-0.0206,0.978148,0.207912,1
4633,5.2167,0.0,0.0215,0.0,-0.0215,0.979045,0.203642,1
4634,5.2333,0.0,0.0228,0.0,-0.0228,0.979925,0.199368,1
4635,5.25,0.0,0.0212,0.0,-0.0212,0.980785,0.19509,1
4636,5.2667,0.0,0.0187,0.0,-0.0187,0.981627,0.190809,1
4637,5.2833,0.0,0.0205,0.0,-0.0205,0.98245,0.186524,1
4638,5.3,0.0,0.0212,0.0,-0.0212,0.983255,0.182236,1
4639,5.3167,0.0,0.0224,0.0,-0.0224,0.984041,0.177944,1
4640,5.3333,0.0,0.0192,0.0,-0.0192,0.984808,0.173648,1
4641,5.35,0.0,0.0209,0.0,-0.0209,0.985556,0.16935,1
4642,5.3667,0.0,0.0165,0.0,-0.0165,0.986286,0.165048,1
4643,5.3833,0.0,0.018,0.0,-0.018,0.986996,0.160743,1
4644,5.4,0.0,0.0189,0.0,-0.0189,0.987688,0.156434,1
4645,5.4167,0.0,0.0152,0.0,-0.0152,0.988362,0.152123,1
4646,5.4333,0.0,0.0184,0.0,-0.0184,0.989016,0.147809,1
4647,5.45,0.0,0.0225,0.0,-0.0225,0.989651,0.143493,1
4648,5.4667,0.0,0.0194,0.0,-0.0194,0.990268,0.139173,1
4649,5.4833,0.0,0.0216,0.0,-0.0216,0.990866,0.134851,1
4650,5.5,0.0,0.0186,0.0,-0.0186,0.991445,0.130526,1
4651,5.5167,0.0,0.0228,0.0,-0.0228,0.992005,0.126199,1
4652,5.5333,0.0,0.0216,0.0,-0.0216,0.992546,0.121869,1
4653,5.55,0.0,0.02,0.0,-0.02,0.993068,0.117537,1
4654,5.5667,0.0,0.0198,0.0,-0.0198,0.993572,0.113203,1
4655,5.5833,0.0,0.0205,0.0,-0.0205,0.994056,0.108867,1
4656,5.6,0.0,0.0213,0.0,-0.0213,0.994522,0.104528,1
4657,5.6167,0.0,0.0179,0.0,-0.0179,0.994969,0.100188,1
4658,5.6333,0.0,0.0235,0.0,-0.0235,0.995396,0.095846,1
4659,5.65,0.0,0.024,0.0,-0.024,0.995805,0.091502,1
4660,5.6667,0.0,0.0206,0.0,-0.0206,0.996195,0.087156,1
4661,5.6833,0.0,0.0233,0.0,-0.0233,0.996566,0.082808,1
4662,5.7,0.0,0.0205,0.0,-0.0205,0.996917,0.078459,1
4663,5.7167,0.0,0.0219,0.0,-0.0219,0.99725,0.074108,1
4664,5.7333,0.0,0.0196,0.0,-0.0196,0.997564,0.069756,1
4665,5.75,0.0,0.0209,0.0,-0.0209,0.997859,0.065403,1
4666,5.7667,0.0,0.0227,0.0,-0.0227,0.998135,0.061049,1
4667,5.7833,0.0,0.0193,0.0,-0.0193,0.998392,0.056693,1
4668,5.8,0.0,0.0181,0.0,-0.0181,0.99863,0.052336,1
4669,5.8167,0.0,0.0219,0.0,-0.0219,0.998848,0.047978,1
4670,5.8333,0.0,0.0252,0.0,-0.0252,0.999048,0.043619,1
4671,5.85,0.0,0.017,0.0,-0.017,0.999229,0.03926,1
4672,5.8667,0.0,0.0197,0.0,-0.0197,0.999391,0.034899,1
4673,5.8833,0.0,0.0186,0.0,-0.0186,0.999534,0.030539,1
4674,5.9,0.0,0.0171,0.0,-0.0171,0.999657,0.026177,1
4675,5.9167,0.0,0.0202,0.0,-0.0202,0.999762,0.021815,1
4676,5.9333,0.0,0.0224,0.0,-0.0224,0.999848,0.017452,1
4677,5.95,0.0,0.0209,0.0,-0.0209,0.999914,0.01309,1
4678,5.9667,0.0,0.0208,0.0,-0.0208,0.999962,0.008727,1
4679,5.9833,0.0,0.0185,0.0,-0.0185,0.99999,0.004363,1
4680,6.0,0.0,0.0399,0.0,-0.0399,1.0,0.0,1
4681,6.0167,0.003283,0.0343,0.0,-0.031017,0.99999,-0.004363,1
4682,6.0333,0.0,0.0364,0.0,-0.0364,0.999962,-0.008727,1
4683,6.05,0.004667,0.0359,0.0,-0.031233,0.999914,-0.01309,1
4684,6.0667,0.007067,0.0341,0.0,-0.027033,0.999848,-0.017452,1
4685,6.0833,0.0056,0.0372,0.0,-0.0316,0.999762,-0.021815,1
4686,6.1,0.004817,0.0353,0.0,-0.030483,0.999657,-0.026177,1
4687,6.1167,0.006867,0.0358,0.0,-0.028933,0.999534,-0.030539,1
4688,6.1333,0.009933,0.036,0.0,-0.026067,0.999391,-0.034899,1
4689,6.15,0.005433,0.0394,0.0,-0.033967,0.999229,-0.03926,1
4690,6.1667,0.006833,0.0416,0.0,-0.034767,0.999048,-0.043619,1
4691,6.1833,0.0089,0.0403,0.0,-0.0314,0.998848,-0.047978,1
4692,6.2,0.008183,0.0373,0.0,-0.029117,0.99863,-0.052336,1
4693,6.2167,0.010367,0.0366,0.0,-0.026233,0.998392,-0.056693,1
4694,6.2333,0.016217,0.0387,0.0,-0.022483,0.998135,-0.061049,1
4695,6.25,0.010783,0.0353,0.0,-0.024517,0.997859,-0.065403,1
4696,6.2667,0.013067,0.0346,0.0,-0.021533,0.997564,-0.069756,1
4697,6.2833,0.02025,0.038,0.0,-0.01775,0.99725,-0.074108,1
4698,6.3,0.017883,0.0364,0.0,-0.018517,0.996917,-0.078459,1
4699,6.3167,0.017883,0.0358,0.0,-0.017917,0.996566,-0.082808,1
4700,6.3333,0.017083,0.0357,0.0,-0.018617,0.996195,-0.087156,1
4701,6.35,0.021033,0.0359,0.0,-0.014867,0.995805,-0.091502,1
4702,6.3667,0.021467,0.0357,0.0,-0.014233,0.995396,-0.095846,1
4703,6.3833,0.02155,0.0374,0.0,-0.01585,0.994969,-0.100188,1
4704,6.4,0.0249,0.0364,0.0,-0.0115,0.994522,-0.104528,1
4705,6.4167,0.022967,0.0365,0.0,-0.013533,0.994056,-0.108867,1
4706,6.4333,0.021933,0.0401,0.0,-0.018167,0.993572,-0.113203,1
4707,6.45,0.0235,0.0366,0.0,-0.0131,0.993068,-0.117537,1
4708,6.4667,0.0208,0.0355,0.0,-0.0147,0.992546,-0.121869,1
4709,6.4833,0.019383,0.0412,0.0,-0.021817,0.992005,-0.126199,1
4710,6.5,0.029917,0.0371,0.0,-0.007183,0.991445,-0.130526,1
4711,6.5167,0.02975,0.0336,0.0,-0.00385,0.990866,-0.134851,1
4712,6.5333,0.021917,0.0352,0.0,-0.013283,0.990268,-0.139173,1
4713,6.55,0.027417,0.0398,0.0,-0.012383,0.989651,-0.143493,1
4714,6.5667,0.02975,0.0362,0.0,-0.00645,0.989016,-0.147809,1
4715,6.5833,0.029117,0.0387,0.0,-0.009583,0.988362,-0.152123,1
4716,6.6,0.031617,0.0346,0.0,-0.002983,0.987688,-0.156434,1
4717,6.6167,0.035683,0.0406,0.0,-0.004917,0.986996,-0.160743,1
4718,6.6333,0.033767,0.0365,0.0,-0.002733,0.986286,-0.165048,1
4719,6.65,0.035117,0.0398,0.0,-0.004683,0.985556,-0.16935,1
4720,6.6667,0.034933,0.0359,0.0,-0.000967,0.984808,-0.173648,1
4721,6.6833,0.03525,0.0381,0.0,-0.00285,0.984041,-0.177944,1
4722,6.7,0.037067,0.0403,0.0,-0.003233,0.983255,-0.182236,1
4723,6.7167,0.0365,0.0356,0.0009,0.0009,0.98245,-0.186524,0
4724,6.7333,0.04035,0.0367,0.0045,0.00365,0.981627,-0.190809,0
4725,6.75,0.0395,0.0363,0.0077,0.0032,0.980785,-0.19509,0
4726,6.7667,0.039017,0.0351,0.0116,0.003917,0.979925,-0.199368,0
4727,6.7833,0.037967,0.0376,0.012,0.000367,0.979045,-0.203642,0
4728,6.8,0.04425,0.037,0.0192,0.00725,0.978148,-0.207912,0
4729,6.8167,0.042067,0.0395,0.0218,0.002567,0.977231,-0.212178,0
4730,6.8333,0.0467,0.0367,0.0318,0.01,0.976296,-0.21644,0
4731,6.85,0.046917,0.039,0.0397,0.007917,0.975342,-0.220697,0
4732,6.8667,0.044383,0.0406,0.0435,0.003783,0.97437,-0.224951,0
4733,6.8833,0.048,0.0393,0.0522,0.0087,0.973379,-0.2292,0
4734,6.9,0.05,0.0367,0.0655,0.0133,0.97237,-0.233445,0
4735,6.9167,0.047133,0.0361,0.0765,0.011033,0.971342,-0.237686,0
4736,6.9333,0.046733,0.0402,0.083,0.006533,0.970296,-0.241922,0
4737,6.95,0.049267,0.0365,0.0958,0.012767,0.969231,-0.246153,0
4738,6.9667,0.049433,0.0376,0.1076,0.011833,0.968148,-0.25038,0
4739,6.9833,0.04765,0.0364,0.1188,0.01125,0.967046,-0.254602,0
4740,7.0,0.054417,0.0712,0.102,-0.016783,0.965926,-0.258819,0
4741,7.0167,0.056133,0.0703,0.0878,-0.014167,0.964787,-0.263031,0
4742,7.0333,0.052267,0.0665,0.0736,-0.014233,0.96363,-0.267238,0
4743,7.05,0.054883,0.0703,0.0582,-0.015417,0.962455,-0.27144,0
4744,7.0667,0.05685,0.0679,0.0471,-0.01105,0.961262,-0.275637,0
4745,7.0833,0.0563,0.0663,0.0371,-0.01,0.96005,-0.279829,0
4746,7.1,0.065433,0.0683,0.0342,-0.002867,0.95882,-0.284015,0
4747,7.1167,0.060083,0.0674,0.0269,-0.007317,0.957571,-0.288196,0
4748,7.1333,0.055283,0.0673,0.0149,-0.012017,0.956305,-0.292372,0
4749,7.15,0.064583,0.0663,0.0132,-0.001717,0.95502,-0.296542,0
4750,7.1667,0.061533,0.0667,0.008,-0.005167,0.953717,-0.300706,0
4751,7.1833,0.056817,0.0693,0.0,-0.012483,0.952396,-0.304864,1
4752,7.2,0.061933,0.0696,0.0,-0.007667,0.951057,-0.309017,1
4753,7.2167,0.063333,0.0668,0.0,-0.003467,0.949699,-0.313164,1
4754,7.2333,0.060583,0.0711,0.0,-0.010517,0.948324,-0.317305,1
4755,7.25,0.0667,0.0676,0.0,-0.0009,0.94693,-0.321439,1
4756,7.2667,0.063767,0.0683,0.0,-0.004533,0.945519,-0.325568,1
4757,7.2833,0.071883,0.0671,0.0048,0.004783,0.944089,-0.329691,0
4758,7.3,0.067467,0.0654,0.0069,0.002067,0.942641,-0.333807,0
4759,7.3167,0.0678,0.0648,0.0099,0.003,0.941176,-0.337917,0
4760,7.3333,0.06985,0.0681,0.0117,0.00175,0.939693,-0.34202,0
4761,7.35,0.068883,0.0711,0.0095,-0.002217,0.938191,-0.346117,0
4762,7.3667,0.068483,0.0674,0.0106,0.001083,0.936672,-0.350207,0
4763,7.3833,0.069283,0.0702,0.0097,-0.000917,0.935135,-0.354291,0
4764,7.4,0.07425,0.067,0.0169,0.00725,0.93358,-0.358368,0
4765,7.4167,0.069167,0.069,0.0171,0.000167,0.932008,-0.362438,0
4766,7.4333,0.0773,0.0709,0.0235,0.0064,0.930418,-0.366501,0
4767,7.45,0.077033,0.0689,0.0316,0.008133,0.92881,-0.370557,0
4768,7.4667,0.073717,0.067,0.0383,0.006717,0.927184,-0.374607,0
4769,7.4833,0.077117,0.0672,0.0482,0.009917,0.925541,-0.378649,0
4770,7.5,0.077283,0.0647,0.0608,0.012583,0.92388,-0.382683,0
4771,7.5167,0.079167,0.069,0.071,0.010167,0.922201,-0.386711,0
4772,7.5333,0.078517,0.0682,0.0813,0.010317,0.920505,-0.390731,0
4773,7.55,0.07925,0.0668,0.0938,0.01245,0.918791,-0.394744,0
4774,7.5667,0.081167,0.0695,0.1055,0.011667,0.91706,-0.398749,0
4775,7.5833,0.079067,0.0675,0.1171,0.011567,0.915311,-0.402747,0
4776,7.6,0.08045,0.0711,0.1265,0.00935,0.913545,-0.406737,0
4777,7.6167,0.082683,0.0721,0.1371,0.010583,0.911762,-0.410719,0
4778,7.6333,0.085933,0.0698,0.1532,0.016133,0.909961,-0.414693,0
4779,7.65,0.084183,0.0699,0.1675,0.014283,0.908143,-0.41866,0
4780,7.6667,0.084033,0.0717,0.1798,0.012333,0.906308,-0.422618,0
4781,7.6833,0.084583,0.0682,0.1962,0.016383,0.904455,-0.426569,0
4782,7.7,0.0869,0.0674,0.2157,0.0195,0.902585,-0.430511,0
4783,7.7167,0.088433,0.0678,0.2363,0.020633,0.900698,-0.434445,0
4784,7.7333,0.088967,0.0696,0.2557,0.019367,0.898794,-0.438371,0
4785,7.75,0.087583,0.0669,0.2764,0.020683,0.896873,-0.442289,0
4786,7.7667,0.085317,0.0681,0.2936,0.017217,0.894934,-0.446198,0
4787,7.7833,0.092767,0.0687,0.3177,0.024067,0.892979,-0.450098,0
4788,7.8,0.0888,0.0695,0.337,0.0193,0.891007,-0.45399,0
4789,7.8167,0.093283,0.0658,0.3645,0.027483,0.889017,-0.457874,0
4790,7.8333,0.091333,0.065,0.3908,0.026333,0.887011,-0.461749,0
4791,7.85,0.09145,0.0695,0.4127,0.02195,0.884988,-0.465615,0
4792,7.8667,0.0974,0.0685,0.4416,0.0289,0.882948,-0.469472,0
4793,7.8833,0.094217,0.0683,0.4675,0.025917,0.880891,-0.47332,0
4794,7.9,0.093433,0.0661,0.4948,0.027333,0.878817,-0.477159,0
4795,7.9167,0.095717,0.0685,0.522,0.027217,0.876727,-0.480989,0
4796,7.9333,0.099117,0.0672,0.5539,0.031917,0.87462,-0.48481,0
4797,7.95,0.0993,0.07,0.5832,0.0293,0.872496,-0.488621,0
4798,7.9667,0.098567,0.0647,0.6171,0.033867,0.870356,-0.492424,0
4799,7.9833,0.1002,0.0684,0.6489,0.0318,0.868199,-0.496217,0
4800,8.0,0.09835,0.0684,0.6789,0.02995,0.866025,-0.5,0
4801,8.0167,0.099083,0.0674,0.7106,0.031683,0.863836,-0.503774,0
4802,8.0333,0.103867,0.0683,0.7462,0.035567,0.861629,-0.507538,0
4803,8.05,0.101667,0.0646,0.7833,0.037067,0.859406,-0.511293,0
4804,8.0667,0.10585,0.0678,0.8214,0.03805,0.857167,-0.515038,0
4805,8.0833,0.10635,0.0643,0.8635,0.04205,0.854912,-0.518773,0
4806,8.1,0.10775,0.0682,0.9031,0.03955,0.85264,-0.522499,0
4807,8.1167,0.102417,0.069,0.9365,0.033417,0.850352,-0.526214,0
4808,8.1333,0.107017,0.0683,0.9752,0.038717,0.848048,-0.529919,0
4809,8.15,0.110467,0.0668,1.0189,0.043667,0.845728,-0.533615,0
4810,8.1667,0.108083,0.071,1.056,0.037083,0.843391,-0.5373,0
4811,8.1833,0.109833,0.0643,1.1015,0.045533,0.841039,-0.540974,0
4812,8.2,0.107083,0.0662,1.1424,0.040883,0.838671,-0.544639,0
4813,8.2167,0.107483,0.1131,1.1368,-0.005617,0.836286,-0.548293,0
4814,8.2333,0.116983,0.1106,1.1432,0.006383,0.833886,-0.551937,0
4815,8.25,0.11035,0.1137,1.1398,-0.00335,0.83147,-0.55557,0
4816,8.2667,0.1131,0.1145,1.1384,-0.0014,0.829038,-0.559193,0
4817,8.2833,0.112133,0.1126,1.1379,-0.000467,0.82659,-0.562805,0
4818,8.3,0.112033,0.112,1.1379,3.3e-05,0.824126,-0.566406,0
4819,8.3167,0.118433,0.1124,1.1439,0.006033,0.821647,-0.569997,0
4820,8.3333,0.1112,0.1155,1.1396,-0.0043,0.819152,-0.573576,0
4821,8.35,0.11705,0.1162,1.1404,0.00085,0.816642,-0.577145,0
4822,8.3667,0.114583,0.1139,1.1411,0.000683,0.814116,-0.580703,0
4823,8.3833,0.117917,0.1171,1.1419,0.000817,0.811574,-0.58425,0
4824,8.4,0.116033,0.1171,1.1408,-0.001067,0.809017,-0.587785,0
4825,8.4167,0.119533,0.1145,1.1458,0.005033,0.806445,-0.59131,0
4826,8.4333,0.12305,0.1126,1.1562,0.01045,0.803857,-0.594823,0
4827,8.45,0.121883,0.1175,1.1606,0.004383,0.801254,-0.598325,0
4828,8.4667,0.11915,0.1177,1.1621,0.00145,0.798636,-0.601815,0
4829,8.4833,0.116567,0.1119,1.1668,0.004667,0.796002,-0.605294,0
4830,8.5,0.1228,0.1156,1.174,0.0072,0.793353,-0.608761,0
4831,8.5167,0.123083,0.1099,1.1872,0.013183,0.79069,-0.612217,0
4832,8.5333,0.123817,0.1129,1.1981,0.010917,0.788011,-0.615661,0
4833,8.55,0.12685,0.1123,1.2126,0.01455,0.785317,-0.619094,0
4834,8.5667,0.123917,0.1128,1.2237,0.011117,0.782608,-0.622515,0
4835,8.5833,0.126533,0.1109,1.2393,0.015633,0.779884,-0.625923,0
4836,8.6,0.120167,0.1177,1.2418,0.002467,0.777146,-0.62932,0
4837,8.6167,0.1252,0.1148,1.2522,0.0104,0.774393,-0.632705,0
4838,8.6333,0.12785,0.1107,1.2693,0.01715,0.771625,-0.636078,0
4839,8.65,0.123883,0.1128,1.2804,0.011083,0.768842,-0.639439,0
4840,8.6667,0.13295,0.114,1.2993,0.01895,0.766044,-0.642788,0
4841,8.6833,0.128367,0.1131,1.3146,0.015267,0.763232,-0.646124,0
4842,8.7,0.128217,0.1155,1.3273,0.012717,0.760406,-0.649448,0
4843,8.7167,0.128367,0.116,1.3397,0.012367,0.757565,-0.65276,0
4844,8.7333,0.133283,0.1124,1.3606,0.020883,0.75471,-0.656059,0
4845,8.75,0.13045,0.1141,1.3769,0.01635,0.75184,-0.659346,0
4846,8.7667,0.136333,0.1116,1.4016,0.024733,0.748956,-0.66262,0
4847,8.7833,0.134017,0.1161,1.4195,0.017917,0.746057,-0.665882,0
4848,8.8,0.135167,0.1152,1.4395,0.019967,0.743145,-0.669131,0
4849,8.8167,0.131667,0.1125,1.4587,0.019167,0.740218,-0.672367,0
4850,8.8333,0.132,0.1165,1.4742,0.0155,0.737277,-0.67559,0
4851,8.85,0.13355,0.1089,1.4989,0.02465,0.734323,-0.678801,0
4852,8.8667,0.137433,0.1144,1.5219,0.023033,0.731354,-0.681998,0
4853,8.8833,0.13975,0.1153,1.5464,0.02445,0.728371,-0.685183,0
4854,8.9,0.135967,0.1145,1.5679,0.021467,0.725374,-0.688355,0
4855,8.9167,0.13515,0.1135,1.5896,0.02165,0.722364,-0.691513,0
4856,8.9333,0.1343,0.1142,1.6097,0.0201,0.71934,-0.694658,0
4857,8.95,0.14195,0.1087,1.6429,0.03325,0.716302,-0.69779,0
4858,8.9667,0.1398,0.1154,1.6673,0.0244,0.71325,-0.700909,0
4859,8.9833,0.135767,0.1162,1.6869,0.019567,0.710185,-0.704015,0
4860,9.0,0.139267,0.0855,1.7407,0.053767,0.707107,-0.707107,0
4861,9.0167,0.140533,0.0816,1.7996,0.058933,0.704015,-0.710185,0
4862,9.0333,0.147317,0.0849,1.862,0.062417,0.700909,-0.71325,0
4863,9.05,0.142067,0.085,1.9191,0.057067,0.69779,-0.716302,0
4864,9.0667,0.140917,0.0844,1.9756,0.056517,0.694658,-0.71934,0
4865,9.0833,0.142083,0.0851,2.0326,0.056983,0.691513,-0.722364,0
4866,9.1,0.146817,0.0836,2.0958,0.063217,0.688355,-0.725374,0
4867,9.1167,0.145767,0.0836,2.158,0.062167,0.685183,-0.728371,0
4868,9.1333,0.14835,0.0803,2.2261,0.06805,0.681998,-0.731354,0
4869,9.15,0.1466,0.0844,2.2883,0.0622,0.678801,-0.734323,0
4870,9.1667,0.146983,0.0818,2.3535,0.065183,0.67559,-0.737277,0
4871,9.1833,0.149533,0.0362,2.4668,0.113333,0.672367,-0.740218,0
4872,9.2,0.145783,0.0408,2.5718,0.104983,0.669131,-0.743145,0
4873,9.2167,0.1486,0.0352,2.6852,0.1134,0.665882,-0.746057,0
4874,9.2333,0.151717,0.0384,2.7985,0.113317,0.66262,-0.748956,0
4875,9.25,0.147467,0.0367,2.9093,0.110767,0.659346,-0.75184,0
4876,9.2667,0.151967,0.0365,3.0248,0.115467,0.656059,-0.75471,0
4877,9.2833,0.146917,0.0364,3.1353,0.110517,0.65276,-0.757565,0
4878,9.3,0.1586,0.0391,3.2548,0.1195,0.649448,-0.760406,0
4879,9.3167,0.152383,0.0378,3.3694,0.114583,0.646124,-0.763232,0
4880,9.3333,0.156583,0.0352,3.4908,0.121383,0.642788,-0.766044,0
4881,9.35,0.15485,0.0375,3.6082,0.11735,0.639439,-0.768842,0
4882,9.3667,0.1512,0.0362,3.7232,0.115,0.636078,-0.771625,0
4883,9.3833,0.158567,0.0388,3.843,0.119767,0.632705,-0.774393,0
4884,9.4,0.153817,0.0388,3.958,0.115017,0.62932,-0.777146,0
4885,9.4167,0.1593,0.038,4.0793,0.1213,0.625923,-0.779884,0
4886,9.4333,0.1572,0.0382,4.1983,0.119,0.622515,-0.782608,0
4887,9.45,0.159267,0.0391,4.3185,0.120167,0.619094,-0.785317,0
4888,9.4667,0.157133,0.0339,4.4417,0.123233,0.615661,-0.788011,0
4889,9.4833,0.155967,0.0383,4.5594,0.117667,0.612217,-0.79069,0
4890,9.5,0.160517,0.0414,4.6785,0.119117,0.608761,-0.793353,0
4891,9.5167,0.158733,0.0381,4.7991,0.120633,0.605294,-0.796002,0
4892,9.5333,0.159017,0.0385,4.9196,0.120517,0.601815,-0.798636,0
4893,9.55,0.158883,0.0377,5.0408,0.121183,0.598325,-0.801254,0
4894,9.5667,0.161633,0.0386,5.1638,0.123033,0.594823,-0.803857,0
4895,9.5833,0.1601,0.0374,5.2865,0.1227,0.59131,-0.806445,0
4896,9.6,0.160883,0.0391,5.4083,0.121783,0.587785,-0.809017,0
4897,9.6167,0.160917,0.0373,5.5319,0.123617,0.58425,-0.811574,0
4898,9.6333,0.162183,0.037,5.6571,0.125183,0.580703,-0.814116,0
4899,9.65,0.159833,0.0347,5.7822,0.125133,0.577145,-0.816642,0
4900,9.6667,0.167683,0.0361,5.9138,0.131583,0.573576,-0.819152,0
4901,9.6833,0.163517,0.0381,6.0392,0.125417,0.569997,-0.821647,0
4902,9.7,0.159333,0.0391,6.1594,0.120233,0.566406,-0.824126,0
4903,9.7167,0.167417,0.0381,6.2887,0.129317,0.562805,-0.82659,0
4904,9.7333,0.166483,0.0383,6.4169,0.128183,0.559193,-0.829038,0
4905,9.75,0.15955,0.0392,6.5373,0.12035,0.55557,-0.83147,0
4906,9.7667,0.166617,0.0369,6.667,0.129717,0.551937,-0.833886,0
4907,9.7833,0.16545,0.0376,6.7948,0.12785,0.548293,-0.836286,0
4908,9.8,0.167883,0.0362,6.9265,0.131683,0.544639,-0.838671,0
4909,9.8167,0.167017,0.0364,7.0571,0.130617,0.540974,-0.841039,0
4910,9.8333,0.171667,0.0356,7.1932,0.136067,0.5373,-0.843391,0
4911,9.85,0.169967,0.035,7.3282,0.134967,0.533615,-0.845728,0
4912,9.8667,0.17175,0.0413,7.4587,0.13045,0.529919,-0.848048,0
4913,9.8833,0.1716,0.0366,7.5937,0.135,0.526214,-0.850352,0
4914,9.9,0.169967,0.0373,7.7264,0.132667,0.522499,-0.85264,0
4915,9.9167,0.17635,0.0398,7.863,0.13655,0.518773,-0.854912,0
4916,9.9333,0.171933,0.0369,7.998,0.135033,0.515038,-0.857167,0
4917,9.95,0.176433,0.0338,8.1406,0.142633,0.511293,-0.859406,0
4918,9.9667,0.1713,0.0413,8.2706,0.13,0.507538,-0.861629,0
4919,9.9833,0.172833,0.0338,8.4096,0.139033,0.503774,-0.863836,0
4920,10.0,0.171617,0.0387,8.5425,0.132917,0.5,-0.866025,0
4921,10.0167,0.171533,0.0377,8.6763,0.133833,0.496217,-0.868199,0
4922,10.0333,0.1782,0.0341,8.8204,0.1441,0.492424,-0.870356,0
4923,10.05,0.174717,0.0346,8.9605,0.140117,0.488621,-0.872496,0
4924,10.0667,0.17495,0.0393,9.0961,0.13565,0.48481,-0.87462,0
4925,10.0833,0.1716,0.0359,9.2318,0.1357,0.480989,-0.876727,0
4926,10.1,0.177383,0.0387,9.3705,0.138683,0.477159,-0.878817,0
4927,10.1167,0.17645,0.0386,9.5083,0.13785,0.47332,-0.880891,0
4928,10.1333,0.178283,0.0374,9.6492,0.140883,0.469472,-0.882948,0
4929,10.15,0.178167,0.0403,9.7871,0.137867,0.465615,-0.884988,0
4930,10.1667,0.1786,0.0383,9.9274,0.1403,0.461749,-0.887011,0
4931,10.1833,0.17895,0.0406,10.0658,0.13835,0.457874,-0.889017,0
4932,10.2,0.181017,0.0326,10.2142,0.148417,0.45399,-0.891007,0
4933,10.2167,0.17865,0.0375,10.3553,0.14115,0.450098,-0.892979,0
4934,10.2333,0.176583,0.0376,10.4943,0.138983,0.446198,-0.894934,0
4935,10.25,0.179183,0.0385,10.635,0.140683,0.442289,-0.896873,0
4936,10.2667,0.185233,0.0346,10.7856,0.150633,0.438371,-0.898794,0
4937,10.2833,0.180317,0.0392,10.9267,0.141117,0.434445,-0.900698,0
4938,10.3,0.1801,0.0385,11.0683,0.1416,0.430511,-0.902585,0
4939,10.3167,0.18245,0.0397,11.2111,0.14275,0.426569,-0.904455,0
4940,10.3333,0.183833,0.0386,11.3563,0.145233,0.422618,-0.906308,0
4941,10.35,0.183317,0.0345,11.5051,0.148817,0.41866,-0.908143,0
4942,10.3667,0.181167,0.0377,11.6486,0.143467,0.414693,-0.909961,0
4943,10.3833,0.181967,0.0365,11.7941,0.145467,0.410719,-0.911762,0
4944,10.4,0.1821,0.0406,11.9356,0.1415,0.406737,-0.913545,0
4945,10.4167,0.188283,0.0385,12.0854,0.149783,0.402747,-0.915311,0
4946,10.4333,0.184183,0.0382,12.2314,0.145983,0.398749,-0.91706,0
4947,10.45,0.17925,0.0344,12.3763,0.14485,0.394744,-0.918791,0
4948,10.4667,0.179867,0.0391,12.5171,0.140767,0.390731,-0.920505,0
4949,10.4833,0.183833,0.0395,12.6614,0.144333,0.386711,-0.922201,0
4950,10.5,0.190517,0.0367,12.8152,0.153817,0.382683,-0.92388,0
4951,10.5167,0.182417,0.0377,12.9599,0.144717,0.378649,-0.925541,0
4952,10.5333,0.176217,0.0386,13.0975,0.137617,0.374607,-0.927184,0
4953,10.55,0.18695,0.0376,13.2469,0.14935,0.370557,-0.92881,0
4954,10.5667,0.187183,0.0381,13.396,0.149083,0.366501,-0.930418,0
4955,10.5833,0.189283,0.0329,13.5524,0.156383,0.362438,-0.932008,0
4956,10.6,0.18235,0.0349,13.6998,0.14745,0.358368,-0.93358,0
4957,10.6167,0.188817,0.039,13.8496,0.149817,0.354291,-0.935135,0
4958,10.6333,0.1888,0.0362,14.0022,0.1526,0.350207,-0.936672,0
4959,10.65,0.188767,0.0343,14.1567,0.154467,0.346117,-0.938191,0
4960,10.6667,0.186933,0.0402,14.3034,0.146733,0.34202,-0.939693,0
4961,10.6833,0.192633,0.0369,14.4591,0.155733,0.337917,-0.941176,0
4962,10.7,0.187667,0.038,14.6088,0.149667,0.333807,-0.942641,0
4963,10.7167,0.188717,0.0348,14.7627,0.153917,0.329691,-0.944089,0
4964,10.7333,0.193,0.0342,14.9215,0.1588,0.325568,-0.945519,0
4965,10.75,0.187133,0.0416,15.067,0.145533,0.321439,-0.94693,0
4966,10.7667,0.191483,0.0348,15.2237,0.156683,0.317305,-0.948324,0
4967,10.7833,0.192333,0.0383,15.3777,0.154033,0.313164,-0.949699,0
4968,10.8,0.1976,0.0365,15.5388,0.1611,0.309017,-0.951057,0
4969,10.8167,0.186533,0.0379,15.6874,0.148633,0.304864,-0.952396,0
4970,10.8333,0.189967,0.0357,15.8417,0.154267,0.300706,-0.953717,0
4971,10.85,0.1904,0.0374,15.9947,0.153,0.296542,-0.95502,0
4972,10.8667,0.191417,0.0375,16.1486,0.153917,0.292372,-0.956305,0
4973,10.8833,0.192583,0.0366,16.3046,0.155983,0.288196,-0.957571,0
4974,10.9,0.192217,0.034,16.4628,0.158217,0.284015,-0.95882,0
4975,10.9167,0.192283,0.034,16.6211,0.158283,0.279829,-0.96005,0
4976,10.9333,0.18985,0.0384,16.7725,0.15145,0.275637,-0.961262,0
4977,10.95,0.1915,0.0384,16.9256,0.1531,0.27144,-0.962455,0
4978,10.9667,0.193067,0.037,17.0817,0.156067,0.267238,-0.96363,0
4979,10.9833,0.192667,0.0351,17.2393,0.157567,0.263031,-0.964787,0
4980,11.0,0.195217,0.0393,17.3952,0.155917,0.258819,-0.965926,0
4981,11.0167,0.192167,0.0367,17.5507,0.155467,0.254602,-0.967046,0
4982,11.0333,0.194517,0.036,17.7092,0.158517,0.25038,-0.968148,0
4983,11.05,0.196533,0.0342,17.8715,0.162333,0.246153,-0.969231,0
4984,11.0667,0.191633,0.0365,18.0,0.155133,0.241922,-0.970296,0
4985,11.0833,0.19395,0.0383,18.0,0.15565,0.237686,-0.971342,0
4986,11.1,0.19255,0.0355,18.0,0.15705,0.233445,-0.97237,0
4987,11.1167,0.1934,0.0365,18.0,0.1569,0.2292,-0.973379,0
4988,11.1333,0.18745,0.0398,18.0,0.14765,0.224951,-0.97437,0
4989,11.15,0.196917,0.0372,18.0,0.159717,0.220697,-0.975342,0
4990,11.1667,0.1908,0.0384,18.0,0.1524,0.21644,-0.976296,0
4991,11.1833,0.1955,0.0429,18.0,0.1526,0.212178,-0.977231,0
4992,11.2,0.193167,0.0363,18.0,0.156867,0.207912,-0.978148,0
4993,11.2167,0.2011,0.0362,18.0,0.1649,0.203642,-0.979045,0
4994,11.2333,0.1932,0.039,18.0,0.1542,0.199368,-0.979925,0
4995,11.25,0.192383,0.0374,18.0,0.154983,0.19509,-0.980785,0
4996,11.2667,0.198483,0.0392,18.0,0.159283,0.190809,-0.981627,0
4997,11.2833,0.1948,0.0354,18.0,0.1594,0.186524,-0.98245,0
4998,11.3,0.197767,0.038,18.0,0.159767,0.182236,-0.983255,0
4999,11.3167,0.196683,0.0374,18.0,0.159283,0.177944,-0.984041,0
5000,11.3333,0.200083,0.0365,18.0,0.163583,0.173648,-0.984808,0
5001,11.35,0.1967,0.0378,18.0,0.1589,0.16935,-0.985556,0
5002,11.3667,0.194317,0.0371,18.0,0.157217,0.165048,-0.986286,0
5003,11.3833,0.196917,0.0365,18.0,0.160417,0.160743,-0.986996,0
5004,11.4,0.196083,0.036,18.0,0.160083,0.156434,-0.987688,0
5005,11.4167,0.198017,0.0398,18.0,0.158217,0.152123,-0.988362,0
5006,11.4333,0.2002,0.0366,18.0,0.1636,0.147809,-0.989016,0
5007,11.45,0.19825,0.0382,18.0,0.16005,0.143493,-0.989651,0
5008,11.4667,0.19785,0.0386,18.0,0.15925,0.139173,-0.990268,0
5009,11.4833,0.19265,0.0364,18.0,0.15625,0.134851,-0.990866,0
5010,11.5,0.1998,0.0401,18.0,0.1597,0.130526,-0.991445,0
5011,11.5167,0.19985,0.0375,18.0,0.16235,0.126199,-0.992005,0
5012,11.5333,0.198233,0.0378,18.0,0.160433,0.121869,-0.992546,0
5013,11.55,0.196467,0.0385,18.0,0.157967,0.117537,-0.993068,0
5014,11.5667,0.197183,0.0367,18.0,0.160483,0.113203,-0.993572,0
5015,11.5833,0.202517,0.0395,18.0,0.163017,0.108867,-0.994056,0
5016,11.6,0.200067,0.036,18.0,0.164067,0.104528,-0.994522,0
5017,11.6167,0.19545,0.0382,18.0,0.15725,0.100188,-0.994969,0
5018,11.6333,0.2023,0.0394,18.0,0.1629,0.095846,-0.995396,0
5019,11.65,0.203017,0.0366,18.0,0.166417,0.091502,-0.995805,0
5020,11.6667,0.196317,0.0408,18.0,0.155517,0.087156,-0.996195,0
5021,11.6833,0.199933,0.0382,18.0,0.161733,0.082808,-0.996566,0
5022,11.7,0.200117,0.0396,18.0,0.160517,0.078459,-0.996917,0
5023,11.7167,0.2001,0.0403,18.0,0.1598,0.074108,-0.99725,0
5024,11.7333,0.197383,0.0393,18.0,0.158083,0.069756,-0.997564,0
5025,11.75,0.200783,0.0378,18.0,0.162983,0.065403,-0.997859,0
5026,11.7667,0.201483,0.0345,18.0,0.166983,0.061049,-0.998135,0
5027,11.7833,0.200717,0.0392,18.0,0.161517,0.056693,-0.998392,0
5028,11.8,0.2073,0.0413,18.0,0.166,0.052336,-0.99863,0
5029,11.8167,0.199617,0.038,18.0,0.161617,0.047978,-0.998848,0
5030,11.8333,0.200283,0.036,18.0,0.164283,0.043619,-0.999048,0
5031,11.85,0.2006,0.0363,18.0,0.1643,0.03926,-0.999229,0
5032,11.8667,0.20285,0.0377,18.0,0.16515,0.034899,-0.999391,0
5033,11.8833,0.201233,0.0374,18.0,0.163833,0.030539,-0.999534,0
5034,11.9,0.195917,0.0396,18.0,0.156317,0.026177,-0.999657,0
5035,11.9167,0.199,0.0401,18.0,0.1589,0.021815,-0.999762,0
5036,11.9333,0.198017,0.0415,18.0,0.156517,0.017452,-0.999848,0
5037,11.95,0.202017,0.0377,18.0,0.164317,0.01309,-0.999914,0
5038,11.9667,0.199,0.0378,18.0,0.1612,0.008727,-0.999962,0
5039,11.9833,0.200283,0.035,18.0,0.165283,0.004363,-0.99999,0
5040,12.0,0.199083,0.035,18.0,0.164083,0.0,-1.0,0
5041,12.0167,0.199583,0.0368,18.0,0.162783,-0.004363,-0.99999,0
5042,12.0333,0.200933,0.0364,18.0,0.164533,-0.008727,-0.999962,0
5043,12.05,0.200733,0.0388,18.0,0.161933,-0.01309,-0.999914,0
5044,12.0667,0.196133,0.0402,18.0,0.155933,-0.017452,-0.999848,0
5045,12.0833,0.2004,0.0395,18.0,0.1609,-0.021815,-0.999762,0
5046,12.1,0.200983,0.0395,18.0,0.161483,-0.026177,-0.999657,0
5047,12.1167,0.20565,0.037,18.0,0.16865,-0.030539,-0.999534,0
5048,12.1333,0.196083,0.0363,18.0,0.159783,-0.034899,-0.999391,0
5049,12.15,0.198717,0.0377,18.0,0.161017,-0.03926,-0.999229,0
5050,12.1667,0.198967,0.0375,18.0,0.161467,-0.043619,-0.999048,0
5051,12.1833,0.199367,0.0366,18.0,0.162767,-0.047978,-0.998848,0
5052,12.2,0.198467,0.0371,18.0,0.161367,-0.052336,-0.99863,0
5053,12.2167,0.2021,0.0374,18.0,0.1647,-0.056693,-0.998392,0
5054,12.2333,0.196433,0.0381,18.0,0.158333,-0.061049,-0.998135,0
5055,12.25,0.20345,0.0355,18.0,0.16795,-0.065403,-0.997859,0
5056,12.2667,0.196917,0.0384,18.0,0.158517,-0.069756,-0.997564,0
5057,12.2833,0.19965,0.04,18.0,0.15965,-0.074108,-0.99725,0
5058,12.3,0.19785,0.0394,18.0,0.15845,-0.078459,-0.996917,0
5059,12.3167,0.1987,0.0386,18.0,0.1601,-0.082808,-0.996566,0
5060,12.3333,0.20015,0.0403,18.0,0.15985,-0.087156,-0.996195,0
5061,12.35,0.195267,0.0375,18.0,0.157767,-0.091502,-0.995805,0
5062,12.3667,0.199617,0.0362,18.0,0.163417,-0.095846,-0.995396,0
5063,12.3833,0.20075,0.0397,18.0,0.16105,-0.100188,-0.994969,0
5064,12.4,0.200883,0.0374,18.0,0.163483,-0.104528,-0.994522,0
5065,12.4167,0.19425,0.0397,18.0,0.15455,-0.108867,-0.994056,0
5066,12.4333,0.198333,0.0364,18.0,0.161933,-0.113203,-0.993572,0
5067,12.45,0.19815,0.0388,18.0,0.15935,-0.117537,-0.993068,0
5068,12.4667,0.195333,0.0404,18.0,0.154933,-0.121869,-0.992546,0
5069,12.4833,0.1966,0.0351,18.0,0.1615,-0.126199,-0.992005,0
5070,12.5,0.194533,0.0374,18.0,0.157133,-0.130526,-0.991445,0
5071,12.5167,0.199833,0.0384,18.0,0.161433,-0.134851,-0.990866,0
5072,12.5333,0.19865,0.0367,18.0,0.16195,-0.139173,-0.990268,0
5073,12.55,0.198233,0.0385,18.0,0.159733,-0.143493,-0.989651,0
5074,12.5667,0.19985,0.0368,18.0,0.16305,-0.147809,-0.989016,0
5075,12.5833,0.195733,0.0334,18.0,0.162333,-0.152123,-0.988362,0
5076,12.6,0.2,0.0393,18.0,0.1607,-0.156434,-0.987688,0
5077,12.6167,0.195617,0.0376,18.0,0.158017,-0.160743,-0.986996,0
5078,12.6333,0.1981,0.0373,18.0,0.1608,-0.165048,-0.986286,0
5079,12.65,0.19765,0.0391,18.0,0.15855,-0.16935,-0.985556,0
5080,12.6667,0.199533,0.0362,18.0,0.163333,-0.173648,-0.984808,0
5081,12.6833,0.1957,0.0352,18.0,0.1605,-0.177944,-0.984041,0
5082,12.7,0.198667,0.0349,18.0,0.163767,-0.182236,-0.983255,0
5083,12.7167,0.194817,0.0365,18.0,0.158317,-0.186524,-0.98245,0
5084,12.7333,0.194417,0.0333,18.0,0.161117,-0.190809,-0.981627,0
5085,12.75,0.195833,0.0368,18.0,0.159033,-0.19509,-0.980785,0
5086,12.7667,0.197567,0.0403,18.0,0.157267,-0.199368,-0.979925,0
5087,12.7833,0.19635,0.0346,18.0,0.16175,-0.203642,-0.979045,0
5088,12.8,0.197117,0.0364,18.0,0.160717,-0.207912,-0.978148,0
5089,12.8167,0.198483,0.0379,18.0,0.160583,-0.212178,-0.977231,0
5090,12.8333,0.19325,0.0344,18.0,0.15885,-0.21644,-0.976296,0
5091,12.85,0.190467,0.0365,18.0,0.153967,-0.220697,-0.975342,0
5092,12.8667,0.192783,0.0396,18.0,0.153183,-0.224951,-0.97437,0
5093,12.8833,0.19575,0.036,18.0,0.15975,-0.2292,-0.973379,0
5094,12.9,0.190233,0.0336,18.0,0.156633,-0.233445,-0.97237,0
5095,12.9167,0.190933,0.0369,18.0,0.154033,-0.237686,-0.971342,0
5096,12.9333,0.196483,0.0365,18.0,0.159983,-0.241922,-0.970296,0
5097,12.95,0.199167,0.0408,18.0,0.158367,-0.246153,-0.969231,0
5098,12.9667,0.195117,0.0358,18.0,0.159317,-0.25038,-0.968148,0
5099,12.9833,0.19315,0.0369,18.0,0.15625,-0.254602,-0.967046,0
5100,13.0,0.193967,0.0376,18.0,0.156367,-0.258819,-0.965926,0
5101,13.0167,0.193717,0.0389,18.0,0.154817,-0.263031,-0.964787,0
5102,13.0333,0.192,0.0366,18.0,0.1554,-0.267238,-0.96363,0
5103,13.05,0.193483,0.0376,18.0,0.155883,-0.27144,-0.962455,0
5104,13.0667,0.19205,0.037,18.0,0.15505,-0.275637,-0.961262,0
5105,13.0833,0.19235,0.0369,18.0,0.15545,-0.279829,-0.96005,0
5106,13.1,0.194933,0.04,18.0,0.154933,-0.284015,-0.95882,0
5107,13.1167,0.190217,0.0383,18.0,0.151917,-0.288196,-0.957571,0
5108,13.1333,0.192433,0.041,18.0,0.151433,-0.292372,-0.956305,0
5109,13.15,0.18695,0.0396,18.0,0.14735,-0.296542,-0.95502,0
5110,13.1667,0.19195,0.0323,18.0,0.15965,-0.300706,-0.953717,0
5111,13.1833,0.192117,0.0357,18.0,0.156417,-0.304864,-0.952396,0
5112,13.2,0.1872,0.0354,18.0,0.1518,-0.309017,-0.951057,0
5113,13.2167,0.189217,0.0395,18.0,0.149717,-0.313164,-0.949699,0
5114,13.2333,0.186667,0.0388,18.0,0.147867,-0.317305,-0.948324,0
5115,13.25,0.1904,0.0376,18.0,0.1528,-0.321439,-0.94693,0
5116,13.2667,0.191883,0.0367,18.0,0.155183,-0.325568,-0.945519,0
5117,13.2833,0.189467,0.0346,18.0,0.154867,-0.329691,-0.944089,0
5118,13.3,0.188733,0.0351,18.0,0.153633,-0.333807,-0.942641,0
5119,13.3167,0.193,0.0401,18.0,0.1529,-0.337917,-0.941176,0
5120,13.3333,0.192083,0.0393,18.0,0.152783,-0.34202,-0.939693,0
5121,13.35,0.185367,0.0359,18.0,0.149467,-0.346117,-0.938191,0
5122,13.3667,0.188233,0.0342,18.0,0.154033,-0.350207,-0.936672,0
5123,13.3833,0.186333,0.0365,18.0,0.149833,-0.354291,-0.935135,0
5124,13.4,0.187733,0.0374,18.0,0.150333,-0.358368,-0.93358,0
5125,13.4167,0.185533,0.0337,18.0,0.151833,-0.362438,-0.932008,0
5126,13.4333,0.186383,0.0358,18.0,0.150583,-0.366501,-0.930418,0
5127,13.45,0.184167,0.0357,18.0,0.148467,-0.370557,-0.92881,0
5128,13.4667,0.1819,0.0365,18.0,0.1454,-0.374607,-0.927184,0
5129,13.4833,0.187083,0.0344,18.0,0.152683,-0.378649,-0.925541,0
5130,13.5,0.1829,0.036,18.0,0.1469,-0.382683,-0.92388,0
5131,13.5167,0.186117,0.0384,18.0,0.147717,-0.386711,-0.922201,0
5132,13.5333,0.184367,0.0379,18.0,0.146467,-0.390731,-0.920505,0
5133,13.55,0.1823,0.0363,18.0,0.146,-0.394744,-0.918791,0
5134,13.5667,0.181867,0.0352,18.0,0.146667,-0.398749,-0.91706,0
5135,13.5833,0.184717,0.04,18.0,0.144717,-0.402747,-0.915311,0
5136,13.6,0.181683,0.0392,18.0,0.142483,-0.406737,-0.913545,0
5137,13.6167,0.183583,0.039,18.0,0.144583,-0.410719,-0.911762,0
5138,13.6333,0.181683,0.0398,18.0,0.141883,-0.414693,-0.909961,0
5139,13.65,0.1764,0.0337,18.0,0.1427,-0.41866,-0.908143,0
5140,13.6667,0.181717,0.0363,18.0,0.145417,-0.422618,-0.906308,0
5141,13.6833,0.183,0.0361,18.0,0.1469,-0.426569,-0.904455,0
5142,13.7,0.181517,0.0363,18.0,0.145217,-0.430511,-0.902585,0
5143,13.7167,0.17835,0.0384,18.0,0.13995,-0.434445,-0.900698,0
5144,13.7333,0.1775,0.0398,18.0,0.1377,-0.438371,-0.898794,0
5145,13.75,0.181567,0.037,18.0,0.144567,-0.442289,-0.896873,0
5146,13.7667,0.1768,0.0401,18.0,0.1367,-0.446198,-0.894934,0
5147,13.7833,0.172217,0.0411,18.0,0.131117,-0.450098,-0.892979,0
5148,13.8,0.1757,0.0365,18.0,0.1392,-0.45399,-0.891007,0
5149,13.8167,0.1761,0.0376,18.0,0.1385,-0.457874,-0.889017,0
5150,13.8333,0.178983,0.037,18.0,0.141983,-0.461749,-0.887011,0
5151,13.85,0.174683,0.0384,18.0,0.136283,-0.465615,-0.884988,0
5152,13.8667,0.175783,0.0371,18.0,0.138683,-0.469472,-0.882948,0
5153,13.8833,0.174433,0.0352,18.0,0.139233,-0.47332,-0.880891,0
5154,13.9,0.180017,0.0397,18.0,0.140317,-0.477159,-0.878817,0
5155,13.9167,0.17575,0.0356,18.0,0.14015,-0.480989,-0.876727,0
5156,13.9333,0.170383,0.0354,18.0,0.134983,-0.48481,-0.87462,0
5157,13.95,0.173067,0.0374,18.0,0.135667,-0.488621,-0.872496,0
5158,13.9667,0.172783,0.036,18.0,0.136783,-0.492424,-0.870356,0
5159,13.9833,0.1708,0.0386,18.0,0.1322,-0.496217,-0.868199,0
5160,14.0,0.17405,0.0403,18.0,0.13375,-0.5,-0.866025,0
5161,14.0167,0.175633,0.0352,18.0,0.140433,-0.503774,-0.863836,0
5162,14.0333,0.167817,0.0356,18.0,0.132217,-0.507538,-0.861629,0
5163,14.05,0.17325,0.0388,18.0,0.13445,-0.511293,-0.859406,0
5164,14.0667,0.175683,0.0382,18.0,0.137483,-0.515038,-0.857167,0
5165,14.0833,0.174267,0.0369,18.0,0.137367,-0.518773,-0.854912,0
5166,14.1,0.168767,0.0357,18.0,0.133067,-0.522499,-0.85264,0
5167,14.1167,0.174433,0.0386,18.0,0.135833,-0.526214,-0.850352,0
5168,14.1333,0.167967,0.0407,18.0,0.127267,-0.529919,-0.848048,0
5169,14.15,0.165117,0.0375,18.0,0.127617,-0.533615,-0.845728,0
5170,14.1667,0.170383,0.0387,18.0,0.131683,-0.5373,-0.843391,0
5171,14.1833,0.17,0.0328,18.0,0.1372,-0.540974,-0.841039,0
5172,14.2,0.1669,0.0399,18.0,0.127,-0.544639,-0.838671,0
5173,14.2167,0.16575,0.0344,18.0,0.13135,-0.548293,-0.836286,0
5174,14.2333,0.163183,0.0372,18.0,0.125983,-0.551937,-0.833886,0
5175,14.25,0.165267,0.0394,18.0,0.125867,-0.55557,-0.83147,0
5176,14.2667,0.165933,0.0396,18.0,0.126333,-0.559193,-0.829038,0
5177,14.2833,0.165233,0.0396,18.0,0.125633,-0.562805,-0.82659,0
5178,14.3,0.163017,0.035,18.0,0.128017,-0.566406,-0.824126,0
5179,14.3167,0.1641,0.0355,18.0,0.1286,-0.569997,-0.821647,0
5180,14.3333,0.1621,0.04,18.0,0.1221,-0.573576,-0.819152,0
5181,14.35,0.164883,0.0408,18.0,0.124083,-0.577145,-0.816642,0
5182,14.3667,0.161583,0.0363,18.0,0.125283,-0.580703,-0.814116,0
5183,14.3833,0.162033,0.04,18.0,0.122033,-0.58425,-0.811574,0
5184,14.4,0.16305,0.037,18.0,0.12605,-0.587785,-0.809017,0
5185,14.4167,0.16245,0.0371,18.0,0.12535,-0.59131,-0.806445,0
5186,14.4333,0.158333,0.0379,18.0,0.120433,-0.594823,-0.803857,0
5187,14.45,0.158917,0.0372,18.0,0.121717,-0.598325,-0.801254,0
5188,14.4667,0.155467,0.0326,18.0,0.122867,-0.601815,-0.798636,0
5189,14.4833,0.159983,0.0388,18.0,0.121183,-0.605294,-0.796002,0
5190,14.5,0.1596,0.0387,18.0,0.1209,-0.608761,-0.793353,0
5191,14.5167,0.1584,0.0389,18.0,0.1195,-0.612217,-0.79069,0
5192,14.5333,0.160867,0.0337,18.0,0.127167,-0.615661,-0.788011,0
5193,14.55,0.157733,0.0398,18.0,0.117933,-0.619094,-0.785317,0
5194,14.5667,0.155517,0.039,18.0,0.116517,-0.622515,-0.782608,0
5195,14.5833,0.15455,0.0371,18.0,0.11745,-0.625923,-0.779884,0
5196,14.6,0.157433,0.0385,18.0,0.118933,-0.62932,-0.777146,0
5197,14.6167,0.161833,0.0366,18.0,0.125233,-0.632705,-0.774393,0
5198,14.6333,0.154983,0.0387,18.0,0.116283,-0.636078,-0.771625,0
5199,14.65,0.14765,0.0363,18.0,0.11135,-0.639439,-0.768842,0
5200,14.6667,0.15315,0.0355,18.0,0.11765,-0.642788,-0.766044,0
5201,14.6833,0.1517,0.0339,18.0,0.1178,-0.646124,-0.763232,0
5202,14.7,0.14865,0.0381,18.0,0.11055,-0.649448,-0.760406,0
5203,14.7167,0.151733,0.0381,18.0,0.113633,-0.65276,-0.757565,0
5204,14.7333,0.145867,0.032,18.0,0.113867,-0.656059,-0.75471,0
5205,14.75,0.14975,0.0352,18.0,0.11455,-0.659346,-0.75184,0
5206,14.7667,0.14795,0.0385,18.0,0.10945,-0.66262,-0.748956,0
5207,14.7833,0.150217,0.0362,18.0,0.114017,-0.665882,-0.746057,0
5208,14.8,0.147633,0.0378,18.0,0.109833,-0.669131,-0.743145,0
5209,14.8167,0.144217,0.037,18.0,0.107217,-0.672367,-0.740218,0
5210,14.8333,0.147167,0.0367,18.0,0.110467,-0.67559,-0.737277,0
5211,14.85,0.148133,0.0356,18.0,0.112533,-0.678801,-0.734323,0
5212,14.8667,0.146033,0.0362,18.0,0.109833,-0.681998,-0.731354,0
5213,14.8833,0.142317,0.0398,18.0,0.102517,-0.685183,-0.728371,0
5214,14.9,0.1426,0.0363,18.0,0.1063,-0.688355,-0.725374,0
5215,14.9167,0.147067,0.0359,18.0,0.111167,-0.691513,-0.722364,0
5216,14.9333,0.1407,0.0354,18.0,0.1053,-0.694658,-0.71934,0
5217,14.95,0.142267,0.0353,18.0,0.106967,-0.69779,-0.716302,0
5218,14.9667,0.1424,0.038,18.0,0.1044,-0.700909,-0.71325,0
5219,14.9833,0.141233,0.0349,18.0,0.106333,-0.704015,-0.710185,0
5220,15.0,0.14365,0.0383,18.0,0.10535,-0.707107,-0.707107,0
5221,15.0167,0.142467,0.0355,18.0,0.106967,-0.710185,-0.704015,0
5222,15.0333,0.135183,0.0358,18.0,0.099383,-0.71325,-0.700909,0
5223,15.05,0.14235,0.0366,18.0,0.10575,-0.716302,-0.69779,0
5224,15.0667,0.1379,0.0385,18.0,0.0994,-0.71934,-0.694658,0
5225,15.0833,0.137617,0.0356,18.0,0.102017,-0.722364,-0.691513,0
5226,15.1,0.1425,0.0368,18.0,0.1057,-0.725374,-0.688355,0
5227,15.1167,0.141833,0.0392,18.0,0.102633,-0.728371,-0.685183,0
5228,15.1333,0.139717,0.0357,18.0,0.104017,-0.731354,-0.681998,0
5229,15.15,0.135517,0.037,18.0,0.098517,-0.734323,-0.678801,0
5230,15.1667,0.1342,0.0401,18.0,0.0941,-0.737277,-0.67559,0
5231,15.1833,0.131967,0.0372,18.0,0.094767,-0.740218,-0.672367,0
5232,15.2,0.131217,0.0398,18.0,0.091417,-0.743145,-0.669131,0
5233,15.2167,0.1379,0.0362,18.0,0.1017,-0.746057,-0.665882,0
5234,15.2333,0.126217,0.0375,18.0,0.088717,-0.748956,-0.66262,0
5235,15.25,0.133517,0.0331,18.0,0.100417,-0.75184,-0.659346,0
5236,15.2667,0.130983,0.0374,18.0,0.093583,-0.75471,-0.656059,0
5237,15.2833,0.13025,0.039,18.0,0.09125,-0.757565,-0.65276,0
5238,15.3,0.131233,0.0366,18.0,0.094633,-0.760406,-0.649448,0
5239,15.3167,0.131567,0.0368,18.0,0.094767,-0.763232,-0.646124,0
5240,15.3333,0.130033,0.0376,18.0,0.092433,-0.766044,-0.642788,0
5241,15.35,0.126417,0.0358,18.0,0.090617,-0.768842,-0.639439,0
5242,15.3667,0.130233,0.0396,18.0,0.090633,-0.771625,-0.636078,0
5243,15.3833,0.126483,0.0369,18.0,0.089583,-0.774393,-0.632705,0
5244,15.4,0.128133,0.035,18.0,0.093133,-0.777146,-0.62932,0
5245,15.4167,0.130467,0.0368,18.0,0.093667,-0.779884,-0.625923,0
5246,15.4333,0.127683,0.0425,18.0,0.085183,-0.782608,-0.622515,0
5247,15.45,0.123933,0.038,18.0,0.085933,-0.785317,-0.619094,0
5248,15.4667,0.12495,0.038,18.0,0.08695,-0.788011,-0.615661,0
5249,15.4833,0.12775,0.0374,18.0,0.09035,-0.79069,-0.612217,0
5250,15.5,0.123433,0.0408,18.0,0.082633,-0.793353,-0.608761,0
5251,15.5167,0.12215,0.0403,18.0,0.08185,-0.796002,-0.605294,0
5252,15.5333,0.1216,0.0398,18.0,0.0818,-0.798636,-0.601815,0
5253,15.55,0.1228,0.0368,18.0,0.086,-0.801254,-0.598325,0
5254,15.5667,0.118767,0.0374,18.0,0.081367,-0.803857,-0.594823,0
5255,15.5833,0.121683,0.0398,18.0,0.081883,-0.806445,-0.59131,0
5256,15.6,0.11965,0.0335,18.0,0.08615,-0.809017,-0.587785,0
5257,15.6167,0.1165,0.0383,18.0,0.0782,-0.811574,-0.58425,0
5258,15.6333,0.114167,0.0378,18.0,0.076367,-0.814116,-0.580703,0
5259,15.65,0.113833,0.0347,18.0,0.079133,-0.816642,-0.577145,0
5260,15.6667,0.118183,0.0354,18.0,0.082783,-0.819152,-0.573576,0
5261,15.6833,0.11215,0.0371,18.0,0.07505,-0.821647,-0.569997,0
5262,15.7,0.112,0.0371,18.0,0.0749,-0.824126,-0.566406,0
5263,15.7167,0.113533,0.0384,18.0,0.075133,-0.82659,-0.562805,0
5264,15.7333,0.10695,0.0364,18.0,0.07055,-0.829038,-0.559193,0
5265,15.75,0.114433,0.036,18.0,0.078433,-0.83147,-0.55557,0
5266,15.7667,0.108617,0.0376,18.0,0.071017,-0.833886,-0.551937,0
5267,15.7833,0.109733,0.0371,18.0,0.072633,-0.836286,-0.548293,0
5268,15.8,0.110517,0.0358,18.0,0.074717,-0.838671,-0.544639,0
5269,15.8167,0.10515,0.0368,18.0,0.06835,-0.841039,-0.540974,0
5270,15.8333,0.105133,0.033,18.0,0.072133,-0.843391,-0.5373,0
5271,15.85,0.105667,0.037,18.0,0.068667,-0.845728,-0.533615,0
5272,15.8667,0.106183,0.0356,18.0,0.070583,-0.848048,-0.529919,0
5273,15.8833,0.107783,0.0378,18.0,0.069983,-0.850352,-0.526214,0
5274,15.9,0.104,0.0396,18.0,0.0644,-0.85264,-0.522499,0
5275,15.9167,0.100383,0.041,18.0,0.059383,-0.854912,-0.518773,0
5276,15.9333,0.099817,0.0396,18.0,0.060217,-0.857167,-0.515038,0
5277,15.95,0.098817,0.0358,18.0,0.063017,-0.859406,-0.511293,0
5278,15.9667,0.10325,0.0358,18.0,0.06745,-0.861629,-0.507538,0
5279,15.9833,0.099283,0.0398,18.0,0.059483,-0.863836,-0.503774,0
5280,16.0,0.099917,0.0362,18.0,0.063717,-0.866025,-0.5,0
5281,16.0167,0.100433,0.0394,18.0,0.061033,-0.868199,-0.496217,0
5282,16.0333,0.0976,0.0358,18.0,0.0618,-0.870356,-0.492424,0
5283,16.05,0.098367,0.0352,18.0,0.063167,-0.872496,-0.488621,0
5284,16.0667,0.101983,0.0341,18.0,0.067883,-0.87462,-0.48481,0
5285,16.0833,0.098217,0.0392,18.0,0.059017,-0.876727,-0.480989,0
5286,16.1,0.098317,0.0406,18.0,0.057717,-0.878817,-0.477159,0
5287,16.1167,0.09955,0.0354,18.0,0.06415,-0.880891,-0.47332,0
5288,16.1333,0.0946,0.0354,18.0,0.0592,-0.882948,-0.469472,0
5289,16.15,0.0985,0.0361,18.0,0.0624,-0.884988,-0.465615,0
5290,16.1667,0.092883,0.0382,18.0,0.054683,-0.887011,-0.461749,0
5291,16.1833,0.09255,0.0384,18.0,0.05415,-0.889017,-0.457874,0
5292,16.2,0.090017,0.0384,18.0,0.051617,-0.891007,-0.45399,0
5293,16.2167,0.0877,0.0403,18.0,0.0474,-0.892979,-0.450098,0
5294,16.2333,0.092367,0.037,18.0,0.055367,-0.894934,-0.446198,0
5295,16.25,0.09065,0.0393,18.0,0.05135,-0.896873,-0.442289,0
5296,16.2667,0.085633,0.0366,18.0,0.049033,-0.898794,-0.438371,0
5297,16.2833,0.086217,0.039,18.0,0.047217,-0.900698,-0.434445,0
5298,16.3,0.085617,0.0389,18.0,0.046717,-0.902585,-0.430511,0
5299,16.3167,0.086733,0.0391,18.0,0.047633,-0.904455,-0.426569,0
5300,16.3333,0.081867,0.0364,18.0,0.045467,-0.906308,-0.422618,0
5301,16.35,0.0828,0.0367,18.0,0.0461,-0.908143,-0.41866,0
5302,16.3667,0.085233,0.0364,18.0,0.048833,-0.909961,-0.414693,0
5303,16.3833,0.083333,0.0395,18.0,0.043833,-0.911762,-0.410719,0
5304,16.4,0.082467,0.0337,18.0,0.048767,-0.913545,-0.406737,0
5305,16.4167,0.080583,0.0376,18.0,0.042983,-0.915311,-0.402747,0
5306,16.4333,0.078283,0.038,18.0,0.040283,-0.91706,-0.398749,0
5307,16.45,0.075967,0.0342,18.0,0.041767,-0.918791,-0.394744,0
5308,16.4667,0.078383,0.0341,18.0,0.044283,-0.920505,-0.390731,0
5309,16.4833,0.0785,0.0402,18.0,0.0383,-0.922201,-0.386711,0
5310,16.5,0.079067,0.0358,18.0,0.043267,-0.92388,-0.382683,0
5311,16.5167,0.0791,0.0393,18.0,0.0398,-0.925541,-0.378649,0
5312,16.5333,0.07715,0.036,18.0,0.04115,-0.927184,-0.374607,0
5313,16.55,0.077867,0.036,18.0,0.041867,-0.92881,-0.370557,0
5314,16.5667,0.0723,0.0324,18.0,0.0399,-0.930418,-0.366501,0
5315,16.5833,0.075467,0.0351,18.0,0.040367,-0.932008,-0.362438,0
5316,16.6,0.06785,0.0353,18.0,0.03255,-0.93358,-0.358368,0
5317,16.6167,0.071767,0.0386,18.0,0.033167,-0.935135,-0.354291,0
5318,16.6333,0.069183,0.0378,18.0,0.031383,-0.936672,-0.350207,0
5319,16.65,0.067233,0.0375,18.0,0.029733,-0.938191,-0.346117,0
5320,16.6667,0.0698,0.0366,18.0,0.0332,-0.939693,-0.34202,0
5321,16.6833,0.068617,0.0378,18.0,0.030817,-0.941176,-0.337917,0
5322,16.7,0.066133,0.0372,18.0,0.028933,-0.942641,-0.333807,0
5323,16.7167,0.067633,0.0367,18.0,0.030933,-0.944089,-0.329691,0
5324,16.7333,0.067333,0.0362,18.0,0.031133,-0.945519,-0.325568,0
5325,16.75,0.0616,0.0362,18.0,0.0254,-0.94693,-0.321439,0
5326,16.7667,0.064817,0.0369,18.0,0.027917,-0.948324,-0.317305,0
5327,16.7833,0.0646,0.0374,18.0,0.0272,-0.949699,-0.313164,0
5328,16.8,0.0646,0.0374,18.0,0.0272,-0.951057,-0.309017,0
5329,16.8167,0.063883,0.0393,18.0,0.024583,-0.952396,-0.304864,0
5330,16.8333,0.057167,0.0338,18.0,0.023367,-0.953717,-0.300706,0
5331,16.85,0.059,0.0351,18.0,0.0239,-0.95502,-0.296542,0
5332,16.8667,0.053683,0.0384,18.0,0.015283,-0.956305,-0.292372,0
5333,16.8833,0.056933,0.034,18.0,0.022933,-0.957571,-0.288196,0
5334,16.9,0.0576,0.0388,18.0,0.0188,-0.95882,-0.284015,0
5335,16.9167,0.057633,0.039,18.0,0.018633,-0.96005,-0.279829,0
5336,16.9333,0.058767,0.0384,18.0,0.020367,-0.961262,-0.275637,0
5337,16.95,0.056717,0.037,18.0,0.019717,-0.962455,-0.27144,0
5338,16.9667,0.058167,0.039,18.0,0.019167,-0.96363,-0.267238,0
5339,16.9833,0.050883,0.0336,18.0,0.017283,-0.964787,-0.263031,0
5340,17.0,0.05165,0.0367,18.0,0.01495,-0.965926,-0.258819,0
5341,17.0167,0.049217,0.0387,18.0,0.010517,-0.967046,-0.254602,0
5342,17.0333,0.049083,0.0392,18.0,0.009883,-0.968148,-0.25038,0
5343,17.05,0.051317,0.0389,18.0,0.012417,-0.969231,-0.246153,0
5344,17.0667,0.051483,0.0374,18.0,0.014083,-0.970296,-0.241922,0
5345,17.0833,0.04,0.0404,17.9996,-0.0004,-0.971342,-0.237686,0
5346,17.1,0.049,0.0346,18.0,0.0144,-0.97237,-0.233445,0
5347,17.1167,0.044883,0.0379,18.0,0.006983,-0.973379,-0.2292,0
5348,17.1333,0.043917,0.0401,18.0,0.003817,-0.97437,-0.224951,0
5349,17.15,0.047433,0.034,18.0,0.013433,-0.975342,-0.220697,0
5350,17.1667,0.03685,0.037,17.9999,-0.00015,-0.976296,-0.21644,0
5351,17.1833,0.043617,0.0365,18.0,0.007117,-0.977231,-0.212178,0
5352,17.2,0.039,0.0382,18.0,0.0008,-0.978148,-0.207912,0
5353,17.2167,0.040133,0.0405,17.9996,-0.000367,-0.979045,-0.203642,0
5354,17.2333,0.0461,0.0398,18.0,0.0063,-0.979925,-0.199368,0
5355,17.25,0.03785,0.0357,18.0,0.00215,-0.980785,-0.19509,0
5356,17.2667,0.040867,0.034,18.0,0.006867,-0.981627,-0.190809,0
5357,17.2833,0.03555,0.0353,18.0,0.00025,-0.98245,-0.186524,0
5358,17.3,0.0359,0.0345,18.0,0.0014,-0.983255,-0.182236,0
5359,17.3167,0.03535,0.0347,18.0,0.00065,-0.984041,-0.177944,0
5360,17.3333,0.039617,0.0393,18.0,0.000317,-0.984808,-0.173648,0
5361,17.35,0.033,0.0377,17.9953,-0.0047,-0.985556,-0.16935,0
5362,17.3667,0.03485,0.0421,17.988,-0.00725,-0.986286,-0.165048,0
5363,17.3833,0.03575,0.0361,17.9876,-0.00035,-0.986996,-0.160743,0
5364,17.4,0.031467,0.0388,17.9803,-0.007333,-0.987688,-0.156434,0
5365,17.4167,0.028683,0.0362,17.9728,-0.007517,-0.988362,-0.152123,0
5366,17.4333,0.03,0.0342,17.9686,-0.0042,-0.989016,-0.147809,0
5367,17.45,0.02995,0.0412,17.9573,-0.01125,-0.989651,-0.143493,0
5368,17.4667,0.02985,0.042,17.9451,-0.01215,-0.990268,-0.139173,0
5369,17.4833,0.02585,0.0367,17.9342,-0.01085,-0.990866,-0.134851,0
5370,17.5,0.026783,0.0374,17.9236,-0.010617,-0.991445,-0.130526,0
5371,17.5167,0.026333,0.036,17.9139,-0.009667,-0.992005,-0.126199,0
5372,17.5333,0.026117,0.0376,17.9024,-0.011483,-0.992546,-0.121869,0
5373,17.55,0.02635,0.0393,17.8895,-0.01295,-0.993068,-0.117537,0
5374,17.5667,0.024183,0.0365,17.8772,-0.012317,-0.993572,-0.113203,0
5375,17.5833,0.018917,0.0359,17.8602,-0.016983,-0.994056,-0.108867,0
5376,17.6,0.0199,0.0354,17.8447,-0.0155,-0.994522,-0.104528,0
5377,17.6167,0.019833,0.0386,17.8259,-0.018767,-0.994969,-0.100188,0
5378,17.6333,0.01865,0.0387,17.8059,-0.02005,-0.995396,-0.095846,0
5379,17.65,0.019867,0.0384,17.7874,-0.018533,-0.995805,-0.091502,0
5380,17.6667,0.017267,0.0388,17.7659,-0.021533,-0.996195,-0.087156,0
5381,17.6833,0.01915,0.0363,17.7487,-0.01715,-0.996566,-0.082808,0
5382,17.7,0.016783,0.0369,17.7286,-0.020117,-0.996917,-0.078459,0
5383,17.7167,0.0158,0.0396,17.7048,-0.0238,-0.99725,-0.074108,0
5384,17.7333,0.01595,0.0362,17.6845,-0.02025,-0.997564,-0.069756,0
5385,17.75,0.0117,0.0375,17.6587,-0.0258,-0.997859,-0.065403,0
5386,17.7667,0.012383,0.0378,17.6333,-0.025417,-0.998135,-0.061049,0
5387,17.7833,0.006367,0.0389,17.6008,-0.032533,-0.998392,-0.056693,0
5388,17.8,0.008167,0.0399,17.5691,-0.031733,-0.99863,-0.052336,0
5389,17.8167,0.009633,0.0338,17.5449,-0.024167,-0.998848,-0.047978,0
5390,17.8333,0.013317,0.0365,17.5217,-0.023183,-0.999048,-0.043619,0
5391,17.85,0.006867,0.0366,17.492,-0.029733,-0.999229,-0.03926,0
5392,17.8667,0.007,0.0371,17.4619,-0.0301,-0.999391,-0.034899,0
5393,17.8833,0.0057,0.0372,17.4304,-0.0315,-0.999534,-0.030539,0
5394,17.9,0.001567,0.0383,17.3937,-0.036733,-0.999657,-0.026177,0
5395,17.9167,0.000933,0.042,17.3526,-0.041067,-0.999762,-0.021815,0
5396,17.9333,0.000267,0.0356,17.3173,-0.035333,-0.999848,-0.017452,0
5397,17.95,0.00505,0.0365,17.2858,-0.03145,-0.999914,-0.01309,0
5398,17.9667,0.0,0.0361,17.2497,-0.0361,-0.999962,-0.008727,0
5399,17.9833,0.003917,0.0398,17.2138,-0.035883,-0.99999,-0.004363,0
5400,18.0,0.0,0.0821,17.1317,-0.0821,-1.0,-0.0,0
5401,18.0167,0.0,0.0844,17.0473,-0.0844,-0.99999,0.004363,0
5402,18.0333,0.0,0.0864,16.9609,-0.0864,-0.999962,0.008727,0
5403,18.05,0.0,0.0826,16.8783,-0.0826,-0.999914,0.01309,0
5404,18.0667,0.0,0.0878,16.7905,-0.0878,-0.999848,0.017452,0
5405,18.0833,0.0,0.084,16.7065,-0.084,-0.999762,0.021815,0
5406,18.1,0.0,0.0853,16.6212,-0.0853,-0.999657,0.026177,0
5407,18.1167,0.0,0.088,16.5332,-0.088,-0.999534,0.030539,0
5408,18.1333,0.0,0.0825,16.4507,-0.0825,-0.999391,0.034899,0
5409,18.15,0.0,0.0834,16.3673,-0.0834,-0.999229,0.03926,0
5410,18.1667,0.0,0.0876,16.2797,-0.0876,-0.999048,0.043619,0
5411,18.1833,0.0,0.0877,16.192,-0.0877,-0.998848,0.047978,0
5412,18.2,0.0,0.0833,16.1087,-0.0833,-0.99863,0.052336,0
5413,18.2167,0.0,0.0856,16.0231,-0.0856,-0.998392,0.056693,0
5414,18.2333,0.0,0.0833,15.9398,-0.0833,-0.998135,0.061049,0
5415,18.25,0.0,0.0864,15.8534,-0.0864,-0.997859,0.065403,0
5416,18.2667,0.0,0.0807,15.7727,-0.0807,-0.997564,0.069756,0
5417,18.2833,0.0,0.0875,15.6852,-0.0875,-0.99725,0.074108,0
5418,18.3,0.0,0.0869,15.5983,-0.0869,-0.996917,0.078459,0
5419,18.3167,0.0,0.0866,15.5117,-0.0866,-0.996566,0.082808,0
5420,18.3333,0.0,0.0849,15.4268,-0.0849,-0.996195,0.087156,0
5421,18.35,0.0,0.0868,15.34,-0.0868,-0.995805,0.091502,0
5422,18.3667,0.0,0.0838,15.2562,-0.0838,-0.995396,0.095846,0
5423,18.3833,0.0,0.0868,15.1694,-0.0868,-0.994969,0.100188,0
5424,18.4,0.0,0.0897,15.0797,-0.0897,-0.994522,0.104528,0
5425,18.4167,0.0,0.0839,14.9958,-0.0839,-0.994056,0.108867,0
5426,18.4333,0.0,0.0854,14.9104,-0.0854,-0.993572,0.113203,0
5427,18.45,0.0,0.0875,14.8229,-0.0875,-0.993068,0.117537,0
5428,18.4667,0.0,0.0861,14.7368,-0.0861,-0.992546,0.121869,0
5429,18.4833,0.0,0.0844,14.6524,-0.0844,-0.992005,0.126199,0
5430,18.5,0.0,0.086,14.5664,-0.086,-0.991445,0.130526,0
5431,18.5167,0.0,0.0873,14.4791,-0.0873,-0.990866,0.134851,0
5432,18.5333,0.0,0.0834,14.3957,-0.0834,-0.990268,0.139173,0
5433,18.55,0.0,0.0829,14.3128,-0.0829,-0.989651,0.143493,0
5434,18.5667,0.0,0.0834,14.2294,-0.0834,-0.989016,0.147809,0
5435,18.5833,0.0,0.0881,14.1413,-0.0881,-0.988362,0.152123,0
5436,18.6,0.0,0.0868,14.0545,-0.0868,-0.987688,0.156434,0
5437,18.6167,0.0,0.0853,13.9692,-0.0853,-0.986996,0.160743,0
5438,18.6333,0.0,0.0859,13.8833,-0.0859,-0.986286,0.165048,0
5439,18.65,0.0,0.0843,13.799,-0.0843,-0.985556,0.16935,0
5440,18.6667,0.0,0.0851,13.7139,-0.0851,-0.984808,0.173648,0
5441,18.6833,0.0,0.0815,13.6324,-0.0815,-0.984041,0.177944,0
5442,18.7,0.0,0.0873,13.5451,-0.0873,-0.983255,0.182236,0
5443,18.7167,0.0,0.0848,13.4603,-0.0848,-0.98245,0.186524,0
5444,18.7333,0.0,0.0862,13.3741,-0.0862,-0.981627,0.190809,0
5445,18.75,0.0,0.0842,13.2899,-0.0842,-0.980785,0.19509,0
5446,18.7667,0.0,0.0835,13.2064,-0.0835,-0.979925,0.199368,0
5447,18.7833,0.0,0.0834,13.123,-0.0834,-0.979045,0.203642,0
5448,18.8,0.0,0.0866,13.0364,-0.0866,-0.978148,0.207912,0
5449,18.8167,0.0,0.0818,12.9546,-0.0818,-0.977231,0.212178,0
5450,18.8333,0.0,0.0858,12.8688,-0.0858,-0.976296,0.21644,0
5451,18.85,0.0,0.0801,12.7887,-0.0801,-0.975342,0.220697,0
5452,18.8667,0.0,0.0813,12.7074,-0.0813,-0.97437,0.224951,0
5453,18.8833,0.0,0.0865,12.6209,-0.0865,-0.973379,0.2292,0
5454,18.9,0.0,0.0837,12.5372,-0.0837,-0.97237,0.233445,0
5455,18.9167,0.0,0.0876,12.4496,-0.0876,-0.971342,0.237686,0
5456,18.9333,0.0,0.0849,12.3647,-0.0849,-0.970296,0.241922,0
5457,18.95,0.0,0.0837,12.281,-0.0837,-0.969231,0.246153,0
5458,18.9667,0.0,0.0872,12.1938,-0.0872,-0.968148,0.25038,0
5459,18.9833,0.0,0.0834,12.1104,-0.0834,-0.967046,0.254602,0
5460,19.0,0.0,0.0862,12.0242,-0.0862,-0.965926,0.258819,0
5461,19.0167,0.0,0.0887,11.9355,-0.0887,-0.964787,0.263031,0
5462,19.0333,0.0,0.0871,11.8484,-0.0871,-0.96363,0.267238,0
5463,19.05,0.0,0.0819,11.7665,-0.0819,-0.962455,0.27144,0
5464,19.0667,0.0,0.0865,11.68,-0.0865,-0.961262,0.275637,0
5465,19.0833,0.0,0.0859,11.5941,-0.0859,-0.96005,0.279829,0
5466,19.1,0.0,0.0858,11.5083,-0.0858,-0.95882,0.284015,0
5467,19.1167,0.0,0.0841,11.4242,-0.0841,-0.957571,0.288196,0
5468,19.1333,0.0,0.0834,11.3408,-0.0834,-0.956305,0.292372,0
5469,19.15,0.0,0.0822,11.2586,-0.0822,-0.95502,0.296542,0
5470,19.1667,0.0,0.0867,11.1719,-0.0867,-0.953717,0.300706,0
5471,19.1833,0.0,0.0858,11.0861,-0.0858,-0.952396,0.304864,0
5472,19.2,0.0,0.0816,11.0045,-0.0816,-0.951057,0.309017,0
5473,19.2167,0.0,0.0811,10.9234,-0.0811,-0.949699,0.313164,0
5474,19.2333,0.0,0.0838,10.8396,-0.0838,-0.948324,0.317305,0
5475,19.25,0.0,0.0834,10.7562,-0.0834,-0.94693,0.321439,0
5476,19.2667,0.0,0.0856,10.6706,-0.0856,-0.945519,0.325568,0
5477,19.2833,0.0,0.0838,10.5868,-0.0838,-0.944089,0.329691,0
5478,19.3,0.0,0.0814,10.5054,-0.0814,-0.942641,0.333807,0
5479,19.3167,0.0,0.0865,10.4189,-0.0865,-0.941176,0.337917,0
5480,19.3333,0.0,0.0879,10.331,-0.0879,-0.939693,0.34202,0
5481,19.35,0.0,0.0855,10.2455,-0.0855,-0.938191,0.346117,0
5482,19.3667,0.0,0.087,10.1585,-0.087,-0.936672,0.350207,0
5483,19.3833,0.0,0.0856,10.0729,-0.0856,-0.935135,0.354291,0
5484,19.4,0.0,0.0837,9.9892,-0.0837,-0.93358,0.358368,0
5485,19.4167,0.0,0.0892,9.9,-0.0892,-0.932008,0.362438,0
5486,19.4333,0.0,0.087,9.813,-0.087,-0.930418,0.366501,0
5487,19.45,0.0,0.0853,9.7277,-0.0853,-0.92881,0.370557,0
5488,19.4667,0.0,0.0841,9.6436,-0.0841,-0.927184,0.374607,0
5489,19.4833,0.0,0.0857,9.5579,-0.0857,-0.925541,0.378649,0
5490,19.5,0.0,0.0856,9.4723,-0.0856,-0.92388,0.382683,0
5491,19.5167,0.0,0.0835,9.3888,-0.0835,-0.922201,0.386711,0
5492,19.5333,0.0,0.0846,9.3042,-0.0846,-0.920505,0.390731,0
5493,19.55,0.0,0.0834,9.2208,-0.0834,-0.918791,0.394744,0
5494,19.5667,0.0,0.0867,9.1341,-0.0867,-0.91706,0.398749,0
5495,19.5833,0.0,0.0855,9.0486,-0.0855,-0.915311,0.402747,0
5496,19.6,0.0,0.0853,8.9633,-0.0853,-0.913545,0.406737,0
5497,19.6167,0.0,0.0829,8.8804,-0.0829,-0.911762,0.410719,0
5498,19.6333,0.0,0.0847,8.7957,-0.0847,-0.909961,0.414693,0
5499,19.65,0.0,0.0845,8.7112,-0.0845,-0.908143,0.41866,0
5500,19.6667,0.0,0.0809,8.6303,-0.0809,-0.906308,0.422618,0
5501,19.6833,0.0,0.0839,8.5464,-0.0839,-0.904455,0.426569,0
5502,19.7,0.0,0.0802,8.4662,-0.0802,-0.902585,0.430511,0
5503,19.7167,0.0,0.0845,8.3817,-0.0845,-0.900698,0.434445,0
5504,19.7333,0.0,0.0849,8.2968,-0.0849,-0.898794,0.438371,0
5505,19.75,0.0,0.0869,8.2099,-0.0869,-0.896873,0.442289,0
5506,19.7667,0.0,0.0839,8.126,-0.0839,-0.894934,0.446198,0
5507,19.7833,0.0,0.0877,8.0383,-0.0877,-0.892979,0.450098,0
5508,19.8,0.0,0.0864,7.9519,-0.0864,-0.891007,0.45399,0
5509,19.8167,0.0,0.0883,7.8636,-0.0883,-0.889017,0.457874,0
5510,19.8333,0.0,0.0821,7.7815,-0.0821,-0.887011,0.461749,0
5511,19.85,0.0,0.0867,7.6948,-0.0867,-0.884988,0.465615,0
5512,19.8667,0.0,0.0823,7.6125,-0.0823,-0.882948,0.469472,0
5513,19.8833,0.0,0.0824,7.5301,-0.0824,-0.880891,0.47332,0
5514,19.9,0.0,0.0843,7.4458,-0.0843,-0.878817,0.477159,0
5515,19.9167,0.0,0.0868,7.359,-0.0868,-0.876727,0.480989,0
5516,19.9333,0.0,0.081,7.278,-0.081,-0.87462,0.48481,0
5517,19.95,0.0,0.0858,7.1922,-0.0858,-0.872496,0.488621,0
5518,19.9667,0.0,0.087,7.1052,-0.087,-0.870356,0.492424,0
5519,19.9833,0.0,0.0843,7.0209,-0.0843,-0.868199,0.496217,0
5520,20.0,0.0,0.0824,6.9385,-0.0824,-0.866025,0.5,0
5521,20.0167,0.0,0.0813,6.8572,-0.0813,-0.863836,0.503774,0
5522,20.0333,0.0,0.0854,6.7718,-0.0854,-0.861629,0.507538,0
5523,20.05,0.0,0.0829,6.6889,-0.0829,-0.859406,0.511293,0
5524,20.0667,0.0,0.0837,6.6052,-0.0837,-0.857167,0.515038,0
5525,20.0833,0.0,0.0886,6.5166,-0.0886,-0.854912,0.518773,0
5526,20.1,0.0,0.0842,6.4324,-0.0842,-0.85264,0.522499,0
5527,20.1167,0.0,0.0814,6.351,-0.0814,-0.850352,0.526214,0
5528,20.1333,0.0,0.085,6.266,-0.085,-0.848048,0.529919,0
5529,20.15,0.0,0.0882,6.1778,-0.0882,-0.845728,0.533615,0
5530,20.1667,0.0,0.0872,6.0906,-0.0872,-0.843391,0.5373,0
5531,20.1833,0.0,0.0837,6.0069,-0.0837,-0.841039,0.540974,0
5532,20.2,0.0,0.0841,5.9228,-0.0841,-0.838671,0.544639,0
5533,20.2167,0.0,0.0843,5.8385,-0.0843,-0.836286,0.548293,0
5534,20.2333,0.0,0.0875,5.751,-0.0875,-0.833886,0.551937,0
5535,20.25,0.0,0.0866,5.6644,-0.0866,-0.83147,0.55557,0
5536,20.2667,0.0,0.0875,5.5769,-0.0875,-0.829038,0.559193,0
5537,20.2833,0.0,0.0851,5.4918,-0.0851,-0.82659,0.562805,0
5538,20.3,0.0,0.0877,5.4041,-0.0877,-0.824126,0.566406,0
5539,20.3167,0.0,0.0839,5.3202,-0.0839,-0.821647,0.569997,0
5540,20.3333,0.0,0.0878,5.2324,-0.0878,-0.819152,0.573576,0
5541,20.35,0.0,0.0853,5.1471,-0.0853,-0.816642,0.577145,0
5542,20.3667,0.0,0.0822,5.0649,-0.0822,-0.814116,0.580703,0
5543,20.3833,0.0,0.0849,4.98,-0.0849,-0.811574,0.58425,0
5544,20.4,0.0,0.0802,4.8998,-0.0802,-0.809017,0.587785,0
5545,20.4167,0.0,0.0855,4.8143,-0.0855,-0.806445,0.59131,0
5546,20.4333,0.0,0.083,4.7313,-0.083,-0.803857,0.594823,0
5547,20.45,0.0,0.0856,4.6457,-0.0856,-0.801254,0.598325,0
5548,20.4667,0.0,0.0868,4.5589,-0.0868,-0.798636,0.601815,0
5549,20.4833,0.0,0.0851,4.4738,-0.0851,-0.796002,0.605294,0
5550,20.5,0.0,0.0833,4.3905,-0.0833,-0.793353,0.608761,0
5551,20.5167,0.0,0.0898,4.3007,-0.0898,-0.79069,0.612217,0
5552,20.5333,0.0,0.0834,4.2173,-0.0834,-0.788011,0.615661,0
5553,20.55,0.0,0.0846,4.1327,-0.0846,-0.785317,0.619094,0
5554,20.5667,0.0,0.0846,4.0481,-0.0846,-0.782608,0.622515,0
5555,20.5833,0.0,0.0861,3.962,-0.0861,-0.779884,0.625923,0
5556,20.6,0.0,0.0831,3.8789,-0.0831,-0.777146,0.62932,0
5557,20.6167,0.0,0.0852,3.7937,-0.0852,-0.774393,0.632705,0
5558,20.6333,0.0,0.0837,3.71,-0.0837,-0.771625,0.636078,0
5559,20.65,0.0,0.0846,3.6254,-0.0846,-0.768842,0.639439,0
5560,20.6667,0.0,0.0858,3.5396,-0.0858,-0.766044,0.642788,0
5561,20.6833,0.0,0.0846,3.455,-0.0846,-0.763232,0.646124,0
5562,20.7,0.0,0.0802,3.3748,-0.0802,-0.760406,0.649448,0
5563,20.7167,0.0,0.0848,3.29,-0.0848,-0.757565,0.65276,0
5564,20.7333,0.0,0.0856,3.2044,-0.0856,-0.75471,0.656059,0
5565,20.75,0.0,0.084,3.1204,-0.084,-0.75184,0.659346,0
5566,20.7667,0.0,0.0836,3.0368,-0.0836,-0.748956,0.66262,0
5567,20.7833,0.0,0.1399,2.8969,-0.1399,-0.746057,0.665882,0
5568,20.8,0.0,0.1373,2.7596,-0.1373,-0.743145,0.669131,0
5569,20.8167,0.0,0.136,2.6236,-0.136,-0.740218,0.672367,0
5570,20.8333,0.0,0.1362,2.4874,-0.1362,-0.737277,0.67559,0
5571,20.85,0.0,0.1394,2.348,-0.1394,-0.734323,0.678801,0
5572,20.8667,0.0,0.137,2.211,-0.137,-0.731354,0.681998,0
5573,20.8833,0.0,0.1368,2.0742,-0.1368,-0.728371,0.685183,0
5574,20.9,0.0,0.1401,1.9341,-0.1401,-0.725374,0.688355,0
5575,20.9167,0.0,0.1368,1.7973,-0.1368,-0.722364,0.691513,0
5576,20.9333,0.0,0.1402,1.6571,-0.1402,-0.71934,0.694658,0
5577,20.95,0.0,0.1374,1.5197,-0.1374,-0.716302,0.69779,0
5578,20.9667,0.0,0.136,1.3837,-0.136,-0.71325,0.700909,0
5579,20.9833,0.0,0.1364,1.2473,-0.1364,-0.710185,0.704015,0
5580,21.0,0.0,0.1372,1.1101,-0.1372,-0.707107,0.707107,0
5581,21.0167,0.0,0.1355,0.9746,-0.1355,-0.704015,0.710185,0
5582,21.0333,0.0,0.1395,0.8351,-0.1395,-0.700909,0.71325,0
5583,21.05,0.0,0.1344,0.7007,-0.1344,-0.69779,0.716302,0
5584,21.0667,0.0,0.1374,0.5633,-0.1374,-0.694658,0.71934,0
5585,21.0833,0.0,0.1375,0.4258,-0.1375,-0.691513,0.722364,0
5586,21.1,0.0,0.1374,0.2884,-0.1374,-0.688355,0.725374,0
5587,21.1167,0.0,0.143,0.1454,-0.143,-0.685183,0.728371,0
5588,21.1333,0.0,0.1378,0.0076,-0.1378,-0.681998,0.731354,0
5589,21.15,0.0,0.1359,0.0,-0.1359,-0.678801,0.734323,1
5590,21.1667,0.0,0.136,0.0,-0.136,-0.67559,0.737277,1
5591,21.1833,0.0,0.1354,0.0,-0.1354,-0.672367,0.740218,1
5592,21.2,0.0,0.1375,0.0,-0.1375,-0.669131,0.743145,1
5593,21.2167,0.0,0.1383,0.0,-0.1383,-0.665882,0.746057,1
5594,21.2333,0.0,0.1402,0.0,-0.1402,-0.66262,0.748956,1
5595,21.25,0.0,0.1389,0.0,-0.1389,-0.659346,0.75184,1
5596,21.2667,0.0,0.1413,0.0,-0.1413,-0.656059,0.75471,1
5597,21.2833,0.0,0.1367,0.0,-0.1367,-0.65276,0.757565,1
5598,21.3,0.0,0.1386,0.0,-0.1386,-0.649448,0.760406,1
5599,21.3167,0.0,0.1377,0.0,-0.1377,-0.646124,0.763232,1
5600,21.3333,0.0,0.1381,0.0,-0.1381,-0.642788,0.766044,1
5601,21.35,0.0,0.137,0.0,-0.137,-0.639439,0.768842,1
5602,21.3667,0.0,0.1368,0.0,-0.1368,-0.636078,0.771625,1
5603,21.3833,0.0,0.1376,0.0,-0.1376,-0.632705,0.774393,1
5604,21.4,0.0,0.137,0.0,-0.137,-0.62932,0.777146,1
5605,21.4167,0.0,0.1383,0.0,-0.1383,-0.625923,0.779884,1
5606,21.4333,0.0,0.1403,0.0,-0.1403,-0.622515,0.782608,1
5607,21.45,0.0,0.1413,0.0,-0.1413,-0.619094,0.785317,1
5608,21.4667,0.0,0.1374,0.0,-0.1374,-0.615661,0.788011,1
5609,21.4833,0.0,0.1337,0.0,-0.1337,-0.612217,0.79069,1
5610,21.5,0.0,0.1359,0.0,-0.1359,-0.608761,0.793353,1
5611,21.5167,0.0,0.1383,0.0,-0.1383,-0.605294,0.796002,1
5612,21.5333,0.0,0.1386,0.0,-0.1386,-0.601815,0.798636,1
5613,21.55,0.0,0.1349,0.0,-0.1349,-0.598325,0.801254,1
5614,21.5667,0.0,0.1398,0.0,-0.1398,-0.594823,0.803857,1
5615,21.5833,0.0,0.1377,0.0,-0.1377,-0.59131,0.806445,1
5616,21.6,0.0,0.1396,0.0,-0.1396,-0.587785,0.809017,1
5617,21.6167,0.0,0.1404,0.0,-0.1404,-0.58425,0.811574,1
5618,21.6333,0.0,0.1381,0.0,-0.1381,-0.580703,0.814116,1
5619,21.65,0.0,0.1369,0.0,-0.1369,-0.577145,0.816642,1
5620,21.6667,0.0,0.1412,0.0,-0.1412,-0.573576,0.819152,1
5621,21.6833,0.0,0.1331,0.0,-0.1331,-0.569997,0.821647,1
5622,21.7,0.0,0.1409,0.0,-0.1409,-0.566406,0.824126,1
5623,21.7167,0.0,0.138,0.0,-0.138,-0.562805,0.82659,1
5624,21.7333,0.0,0.1378,0.0,-0.1378,-0.559193,0.829038,1
5625,21.75,0.0,0.1386,0.0,-0.1386,-0.55557,0.83147,1
5626,21.7667,0.0,0.1347,0.0,-0.1347,-0.551937,0.833886,1
5627,21.7833,0.0,0.1369,0.0,-0.1369,-0.548293,0.836286,1
5628,21.8,0.0,0.1411,0.0,-0.1411,-0.544639,0.838671,1
5629,21.8167,0.0,0.1387,0.0,-0.1387,-0.540974,0.841039,1
5630,21.8333,0.0,0.1335,0.0,-0.1335,-0.5373,0.843391,1
5631,21.85,0.0,0.1361,0.0,-0.1361,-0.533615,0.845728,1
5632,21.8667,0.0,0.1386,0.0,-0.1386,-0.529919,0.848048,1
5633,21.8833,0.0,0.139,0.0,-0.139,-0.526214,0.850352,1
5634,21.9,0.0,0.1375,0.0,-0.1375,-0.522499,0.85264,1
5635,21.9167,0.0,0.1375,0.0,-0.1375,-0.518773,0.854912,1
5636,21.9333,0.0,0.1337,0.0,-0.1337,-0.515038,0.857167,1
5637,21.95,0.0,0.136,0.0,-0.136,-0.511293,0.859406,1
5638,21.9667,0.0,0.1382,0.0,-0.1382,-0.507538,0.861629,1
5639,21.9833,0.0,0.1378,0.0,-0.1378,-0.503774,0.863836,1
5640,22.0,0.0,0.0728,0.0,-0.0728,-0.5,0.866025,1
5641,22.0167,0.0,0.0715,0.0,-0.0715,-0.496217,0.868199,1
5642,22.0333,0.0,0.0762,0.0,-0.0762,-0.492424,0.870356,1
5643,22.05,0.0,0.0727,0.0,-0.0727,-0.488621,0.872496,1
5644,22.0667,0.0,0.0695,0.0,-0.0695,-0.48481,0.87462,1
5645,22.0833,0.0,0.0732,0.0,-0.0732,-0.480989,0.876727,1
5646,22.1,0.0,0.0732,0.0,-0.0732,-0.477159,0.878817,1
5647,22.1167,0.0,0.0735,0.0,-0.0735,-0.47332,0.880891,1
5648,22.1333,0.0,0.0739,0.0,-0.0739,-0.469472,0.882948,1
5649,22.15,0.0,0.0178,0.0,-0.0178,-0.465615,0.884988,1
5650,22.1667,0.0,0.0224,0.0,-0.0224,-0.461749,0.887011,1
5651,22.1833,0.0,0.0225,0.0,-0.0225,-0.457874,0.889017,1
5652,22.2,0.0,0.0209,0.0,-0.0209,-0.45399,0.891007,1
5653,22.2167,0.0,0.0193,0.0,-0.0193,-0.450098,0.892979,1
5654,22.2333,0.0,0.0193,0.0,-0.0193,-0.446198,0.894934,1
5655,22.25,0.0,0.023,0.0,-0.023,-0.442289,0.896873,1
5656,22.2667,0.0,0.0205,0.0,-0.0205,-0.438371,0.898794,1
5657,22.2833,0.0,0.016,0.0,-0.016,-0.434445,0.900698,1
5658,22.3,0.0,0.0189,0.0,-0.0189,-0.430511,0.902585,1
5659,22.3167,0.0,0.0189,0.0,-0.0189,-0.426569,0.904455,1
5660,22.3333,0.0,0.0211,0.0,-0.0211,-0.422618,0.906308,1
5661,22.35,0.0,0.0171,0.0,-0.0171,-0.41866,0.908143,1
5662,22.3667,0.0,0.0209,0.0,-0.0209,-0.414693,0.909961,1
5663,22.3833,0.0,0.0241,0.0,-0.0241,-0.410719,0.911762,1
5664,22.4,0.0,0.0191,0.0,-0.0191,-0.406737,0.913545,1
5665,22.4167,0.0,0.0195,0.0,-0.0195,-0.402747,0.915311,1
5666,22.4333,0.0,0.0205,0.0,-0.0205,-0.398749,0.91706,1
5667,22.45,0.0,0.0193,0.0,-0.0193,-0.394744,0.918791,1
5668,22.4667,0.0,0.0195,0.0,-0.0195,-0.390731,0.920505,1
5669,22.4833,0.0,0.0223,0.0,-0.0223,-0.386711,0.922201,1
5670,22.5,0.0,0.0208,0.0,-0.0208,-0.382683,0.92388,1
5671,22.5167,0.0,0.0194,0.0,-0.0194,-0.378649,0.925541,1
5672,22.5333,0.0,0.0196,0.0,-0.0196,-0.374607,0.927184,1
5673,22.55,0.0,0.019,0.0,-0.019,-0.370557,0.92881,1
5674,22.5667,0.0,0.0229,0.0,-0.0229,-0.366501,0.930418,1
5675,22.5833,0.0,0.0193,0.0,-0.0193,-0.362438,0.932008,1
5676,22.6,0.0,0.0205,0.0,-0.0205,-0.358368,0.93358,1
5677,22.6167,0.0,0.0242,0.0,-0.0242,-0.354291,0.935135,1
5678,22.6333,0.0,0.0191,0.0,-0.0191,-0.350207,0.936672,1
5679,22.65,0.0,0.0252,0.0,-0.0252,-0.346117,0.938191,1
5680,22.6667,0.0,0.0198,0.0,-0.0198,-0.34202,0.939693,1
5681,22.6833,0.0,0.0248,0.0,-0.0248,-0.337917,0.941176,1
5682,22.7,0.0,0.0183,0.0,-0.0183,-0.333807,0.942641,1
5683,22.7167,0.0,0.0213,0.0,-0.0213,-0.329691,0.944089,1
5684,22.7333,0.0,0.0206,0.0,-0.0206,-0.325568,0.945519,1
5685,22.75,0.0,0.0221,0.0,-0.0221,-0.321439,0.94693,1
5686,22.7667,0.0,0.0202,0.0,-0.0202,-0.317305,0.948324,1
5687,22.7833,0.0,0.0237,0.0,-0.0237,-0.313164,0.949699,1
5688,22.8,0.0,0.0162,0.0,-0.0162,-0.309017,0.951057,1
5689,22.8167,0.0,0.0199,0.0,-0.0199,-0.304864,0.952396,1
5690,22.8333,0.0,0.0203,0.0,-0.0203,-0.300706,0.953717,1
5691,22.85,0.0,0.0179,0.0,-0.0179,-0.296542,0.95502,1
5692,22.8667,0.0,0.021,0.0,-0.021,-0.292372,0.956305,1
5693,22.8833,0.0,0.0206,0.0,-0.0206,-0.288196,0.957571,1
5694,22.9,0.0,0.0192,0.0,-0.0192,-0.284015,0.95882,1
5695,22.9167,0.0,0.0248,0.0,-0.0248,-0.279829,0.96005,1
5696,22.9333,0.0,0.0251,0.0,-0.0251,-0.275637,0.961262,1
5697,22.95,0.0,0.0203,0.0,-0.0203,-0.27144,0.962455,1
5698,22.9667,0.0,0.0207,0.0,-0.0207,-0.267238,0.96363,1
5699,22.9833,0.0,0.0198,0.0,-0.0198,-0.263031,0.964787,1
5700,23.0,0.0,0.0182,0.0,-0.0182,-0.258819,0.965926,1
5701,23.0167,0.0,0.0177,0.0,-0.0177,-0.254602,0.967046,1
5702,23.0333,0.0,0.0184,0.0,-0.0184,-0.25038,0.968148,1
5703,23.05,0.0,0.0192,0.0,-0.0192,-0.246153,0.969231,1
5704,23.0667,0.0,0.0208,0.0,-0.0208,-0.241922,0.970296,1
5705,23.0833,0.0,0.0194,0.0,-0.0194,-0.237686,0.971342,1
5706,23.1,0.0,0.0174,0.0,-0.0174,-0.233445,0.97237,1
5707,23.1167,0.0,0.0203,0.0,-0.0203,-0.2292,0.973379,1
5708,23.1333,0.0,0.024,0.0,-0.024,-0.224951,0.97437,1
5709,23.15,0.0,0.0169,0.0,-0.0169,-0.220697,0.975342,1
5710,23.1667,0.0,0.0186,0.0,-0.0186,-0.21644,0.976296,1
5711,23.1833,0.0,0.019,0.0,-0.019,-0.212178,0.977231,1
5712,23.2,0.0,0.0159,0.0,-0.0159,-0.207912,0.978148,1
5713,23.2167,0.0,0.0198,0.0,-0.0198,-0.203642,0.979045,1
5714,23.2333,0.0,0.0176,0.0,-0.0176,-0.199368,0.979925,1
5715,23.25,0.0,0.0187,0.0,-0.0187,-0.19509,0.980785,1
5716,23.2667,0.0,0.0178,0.0,-0.0178,-0.190809,0.981627,1
5717,23.2833,0.0,0.0182,0.0,-0.0182,-0.186524,0.98245,1
5718,23.3,0.0,0.021,0.0,-0.021,-0.182236,0.983255,1
5719,23.3167,0.0,0.0223,0.0,-0.0223,-0.177944,0.984041,1
5720,23.3333,0.0,0.0182,0.0,-0.0182,-0.173648,0.984808,1
5721,23.35,0.0,0.0231,0.0,-0.0231,-0.16935,0.985556,1
5722,23.3667,0.0,0.0204,0.0,-0.0204,-0.165048,0.986286,1
5723,23.3833,0.0,0.0169,0.0,-0.0169,-0.160743,0.986996,1
5724,23.4,0.0,0.0228,0.0,-0.0228,-0.156434,0.987688,1
5725,23.4167,0.0,0.0234,0.0,-0.0234,-0.152123,0.988362,1
5726,23.4333,0.0,0.0219,0.0,-0.0219,-0.147809,0.989016,1
5727,23.45,0.0,0.0205,0.0,-0.0205,-0.143493,0.989651,1
5728,23.4667,0.0,0.0238,0.0,-0.0238,-0.139173,0.990268,1
5729,23.4833,0.0,0.0173,0.0,-0.0173,-0.134851,0.990866,1
5730,23.5,0.0,0.0216,0.0,-0.0216,-0.130526,0.991445,1
5731,23.5167,0.0,0.0209,0.0,-0.0209,-0.126199,0.992005,1
5732,23.5333,0.0,0.0184,0.0,-0.0184,-0.121869,0.992546,1
5733,23.55,0.0,0.0172,0.0,-0.0172,-0.117537,0.993068,1
5734,23.5667,0.0,0.021,0.0,-0.021,-0.113203,0.993572,1
5735,23.5833,0.0,0.018,0.0,-0.018,-0.108867,0.994056,1
5736,23.6,0.0,0.018,0.0,-0.018,-0.104528,0.994522,1
5737,23.6167,0.0,0.02,0.0,-0.02,-0.100188,0.994969,1
5738,23.6333,0.0,0.0196,0.0,-0.0196,-0.095846,0.995396,1
5739,23.65,0.0,0.0191,0.0,-0.0191,-0.091502,0.995805,1
5740,23.6667,0.0,0.024,0.0,-0.024,-0.087156,0.996195,1
5741,23.6833,0.0,0.0225,0.0,-0.0225,-0.082808,0.996566,1
5742,23.7,0.0,0.0242,0.0,-0.0242,-0.078459,0.996917,1
5743,23.7167,0.0,0.0212,0.0,-0.0212,-0.074108,0.99725,1
5744,23.7333,0.0,0.0216,0.0,-0.0216,-0.069756,0.997564,1
5745,23.75,0.0,0.0218,0.0,-0.0218,-0.065403,0.997859,1
5746,23.7667,0.0,0.0221,0.0,-0.0221,-0.061049,0.998135,1
5747,23.7833,0.0,0.014,0.0,-0.014,-0.056693,0.998392,1
5748,23.8,0.0,0.023,0.0,-0.023,-0.052336,0.99863,1
5749,23.8167,0.0,0.0212,0.0,-0.0212,-0.047978,0.998848,1
5750,23.8333,0.0,0.0182,0.0,-0.0182,-0.043619,0.999048,1
5751,23.85,0.0,0.0188,0.0,-0.0188,-0.03926,0.999229,1
5752,23.8667,0.0,0.0219,0.0,-0.0219,-0.034899,0.999391,1
5753,23.8833,0.0,0.0189,0.0,-0.0189,-0.030539,0.999534,1
5754,23.9,0.0,0.0167,0.0,-0.0167,-0.026177,0.999657,1
5755,23.9167,0.0,0.0213,0.0,-0.0213,-0.021815,0.999762,1
5756,23.9333,0.0,0.0203,0.0,-0.0203,-0.017452,0.999848,1
5757,23.95,0.0,0.0214,0.0,-0.0214,-0.01309,0.999914,1
5758,23.9667,0.0,0.0226,0.0,-0.0226,-0.008727,0.999962,1
5759,23.9833,0.0,0.0219,0.0,-0.0219,-0.004363,0.99999,1
5760,0.0,0.0,0.0203,0.0,-0.0203,0.0,1.0,1
5761,0.0167,0.0,0.0208,0.0,-0.0208,0.004363,0.99999,1
5762,0.0333,0.0,0.0213,0.0,-0.0213,0.008727,0.999962,1
5763,0.05,0.0,0.0223,0.0,-0.0223,0.01309,0.999914,1
5764,0.0667,0.0,0.0213,0.0,-0.0213,0.017452,0.999848,1
5765,0.0833,0.0,0.019,0.0,-0.019,0.021815,0.999762,1
5766,0.1,0.0,0.0203,0.0,-0.0203,0.026177,0.999657,1
5767,0.1167,0.0,0.0217,0.0,-0.0217,0.030539,0.999534,1
5768,0.1333,0.0,0.023,0.0,-0.023,0.034899,0.999391,1
5769,0.15,0.0,0.0198,0.0,-0.0198,0.03926,0.999229,1
5770,0.1667,0.0,0.0194,0.0,-0.0194,0.043619,0.999048,1
5771,0.1833,0.0,0.0227,0.0,-0.0227,0.047978,0.998848,1
5772,0.2,0.0,0.0205,0.0,-0.0205,0.052336,0.99863,1
5773,0.2167,0.0,0.0212,0.0,-0.0212,0.056693,0.998392,1
5774,0.2333,0.0,0.0205,0.0,-0.0205,0.061049,0.998135,1
5775,0.25,0.0,0.0167,0.0,-0.0167,0.065403,0.997859,1
5776,0.2667,0.0,0.0217,0.0,-0.0217,0.069756,0.997564,1
5777,0.2833,0.0,0.017,0.0,-0.017,0.074108,0.99725,1
5778,0.3,0.0,0.0171,0.0,-0.0171,0.078459,0.996917,1
5779,0.3167,0.0,0.0212,0.0,-0.0212,0.082808,0.996566,1
5780,0.3333,0.0,0.0222,0.0,-0.0222,0.087156,0.996195,1
5781,0.35,0.0,0.0236,0.0,-0.0236,0.091502,0.995805,1
5782,0.3667,0.0,0.0231,0.0,-0.0231,0.095846,0.995396,1
5783,0.3833,0.0,0.0225,0.0,-0.0225,0.100188,0.994969,1
5784,0.4,0.0,0.0177,0.0,-0.0177,0.104528,0.994522,1
5785,0.4167,0.0,0.0225,0.0,-0.0225,0.108867,0.994056,1
5786,0.4333,0.0,0.0237,0.0,-0.0237,0.113203,0.993572,1
5787,0.45,0.0,0.0225,0.0,-0.0225,0.117537,0.993068,1
5788,0.4667,0.0,0.0201,0.0,-0.0201,0.121869,0.992546,1
5789,0.4833,0.0,0.0202,0.0,-0.0202,0.126199,0.992005,1
5790,0.5,0.0,0.018,0.0,-0.018,0.130526,0.991445,1
5791,0.5167,0.0,0.0178,0.0,-0.0178,0.134851,0.990866,1
5792,0.5333,0.0,0.023,0.0,-0.023,0.139173,0.990268,1
5793,0.55,0.0,0.0226,0.0,-0.0226,0.143493,0.989651,1
5794,0.5667,0.0,0.0201,0.0,-0.0201,0.147809,0.989016,1
5795,0.5833,0.0,0.0185,0.0,-0.0185,0.152123,0.988362,1
5796,0.6,0.0,0.021,0.0,-0.021,0.156434,0.987688,1
5797,0.6167,0.0,0.0264,0.0,-0.0264,0.160743,0.986996,1
5798,0.6333,0.0,0.0177,0.0,-0.0177,0.165048,0.986286,1
5799,0.65,0.0,0.0176,0.0,-0.0176,0.16935,0.985556,1
5800,0.6667,0.0,0.0227,0.0,-0.0227,0.173648,0.984808,1
5801,0.6833,0.0,0.0219,0.0,-0.0219,0.177944,0.984041,1
5802,0.7,0.0,0.0222,0.0,-0.0222,0.182236,0.983255,1
5803,0.7167,0.0,0.0185,0.0,-0.0185,0.186524,0.98245,1
5804,0.7333,0.0,0.0214,0.0,-0.0214,0.190809,0.981627,1
5805,0.75,0.0,0.0202,0.0,-0.0202,0.19509,0.980785,1
5806,0.7667,0.0,0.0187,0.0,-0.0187,0.199368,0.979925,1
5807,0.7833,0.0,0.0205,0.0,-0.0205,0.203642,0.979045,1
5808,0.8,0.0,0.022,0.0,-0.022,0.207912,0.978148,1
5809,0.8167,0.0,0.0227,0.0,-0.0227,0.212178,0.977231,1
5810,0.8333,0.0,0.0201,0.0,-0.0201,0.21644,0.976296,1
5811,0.85,0.0,0.0188,0.0,-0.0188,0.220697,0.975342,1
5812,0.8667,0.0,0.0201,0.0,-0.0201,0.224951,0.97437,1
5813,0.8833,0.0,0.0175,0.0,-0.0175,0.2292,0.973379,1
5814,0.9,0.0,0.0188,0.0,-0.0188,0.233445,0.97237,1
5815,0.9167,0.0,0.02,0.0,-0.02,0.237686,0.971342,1
5816,0.9333,0.0,0.0182,0.0,-0.0182,0.241922,0.970296,1
5817,0.95,0.0,0.0178,0.0,-0.0178,0.246153,0.969231,1
5818,0.9667,0.0,0.0217,0.0,-0.0217,0.25038,0.968148,1
5819,0.9833,0.0,0.0214,0.0,-0.0214,0.254602,0.967046,1
5820,1.0,0.0,0.0241,0.0,-0.0241,0.258819,0.965926,1
5821,1.0167,0.0,0.0186,0.0,-0.0186,0.263031,0.964787,1
5822,1.0333,0.0,0.0197,0.0,-0.0197,0.267238,0.96363,1
5823,1.05,0.0,0.0183,0.0,-0.0183,0.27144,0.962455,1
5824,1.0667,0.0,0.0225,0.0,-0.0225,0.275637,0.961262,1
5825,1.0833,0.0,0.0155,0.0,-0.0155,0.279829,0.96005,1
5826,1.1,0.0,0.0189,0.0,-0.0189,0.284015,0.95882,1
5827,1.1167,0.0,0.0195,0.0,-0.0195,0.288196,0.957571,1
5828,1.1333,0.0,0.0203,0.0,-0.0203,0.292372,0.956305,1
5829,1.15,0.0,0.0209,0.0,-0.0209,0.296542,0.95502,1
5830,1.1667,0.0,0.0179,0.0,-0.0179,0.300706,0.953717,1
5831,1.1833,0.0,0.0211,0.0,-0.0211,0.304864,0.952396,1
5832,1.2,0.0,0.0194,0.0,-0.0194,0.309017,0.951057,1
5833,1.2167,0.0,0.0213,0.0,-0.0213,0.313164,0.949699,1
5834,1.2333,0.0,0.0188,0.0,-0.0188,0.317305,0.948324,1
5835,1.25,0.0,0.0209,0.0,-0.0209,0.321439,0.94693,1
5836,1.2667,0.0,0.0177,0.0,-0.0177,0.325568,0.945519,1
5837,1.2833,0.0,0.0162,0.0,-0.0162,0.329691,0.944089,1
5838,1.3,0.0,0.0199,0.0,-0.0199,0.333807,0.942641,1
5839,1.3167,0.0,0.0225,0.0,-0.0225,0.337917,0.941176,1
5840,1.3333,0.0,0.0216,0.0,-0.0216,0.34202,0.939693,1
5841,1.35,0.0,0.0205,0.0,-0.0205,0.346117,0.938191,1
5842,1.3667,0.0,0.0216,0.0,-0.0216,0.350207,0.936672,1
5843,1.3833,0.0,0.016,0.0,-0.016,0.354291,0.935135,1
5844,1.4,0.0,0.0201,0.0,-0.0201,0.358368,0.93358,1
5845,1.4167,0.0,0.0207,0.0,-0.0207,0.362438,0.932008,1
5846,1.4333,0.0,0.0189,0.0,-0.0189,0.366501,0.930418,1
5847,1.45,0.0,0.0188,0.0,-0.0188,0.370557,0.92881,1
5848,1.4667,0.0,0.0244,0.0,-0.0244,0.374607,0.927184,1
5849,1.4833,0.0,0.0193,0.0,-0.0193,0.378649,0.925541,1
5850,1.5,0.0,0.0223,0.0,-0.0223,0.382683,0.92388,1
5851,1.5167,0.0,0.0181,0.0,-0.0181,0.386711,0.922201,1
5852,1.5333,0.0,0.0223,0.0,-0.0223,0.390731,0.920505,1
5853,1.55,0.0,0.0216,0.0,-0.0216,0.394744,0.918791,1
5854,1.5667,0.0,0.0173,0.0,-0.0173,0.398749,0.91706,1
5855,1.5833,0.0,0.0169,0.0,-0.0169,0.402747,0.915311,1
5856,1.6,0.0,0.0233,0.0,-0.0233,0.406737,0.913545,1
5857,1.6167,0.0,0.0189,0.0,-0.0189,0.410719,0.911762,1
5858,1.6333,0.0,0.0184,0.0,-0.0184,0.414693,0.909961,1
5859,1.65,0.0,0.019,0.0,-0.019,0.41866,0.908143,1
5860,1.6667,0.0,0.0219,0.0,-0.0219,0.422618,0.906308,1
5861,1.6833,0.0,0.0172,0.0,-0.0172,0.426569,0.904455,1
5862,1.7,0.0,0.0222,0.0,-0.0222,0.430511,0.902585,1
5863,1.7167,0.0,0.0173,0.0,-0.0173,0.434445,0.900698,1
5864,1.7333,0.0,0.0198,0.0,-0.0198,0.438371,0.898794,1
5865,1.75,0.0,0.0224,0.0,-0.0224,0.442289,0.896873,1
5866,1.7667,0.0,0.0177,0.0,-0.0177,0.446198,0.894934,1
5867,1.7833,0.0,0.0184,0.0,-0.0184,0.450098,0.892979,1
5868,1.8,0.0,0.022,0.0,-0.022,0.45399,0.891007,1
5869,1.8167,0.0,0.0203,0.0,-0.0203,0.457874,0.889017,1
5870,1.8333,0.0,0.0191,0.0,-0.0191,0.461749,0.887011,1
5871,1.85,0.0,0.0212,0.0,-0.0212,0.465615,0.884988,1
5872,1.8667,0.0,0.0267,0.0,-0.0267,0.469472,0.882948,1
5873,1.8833,0.0,0.0225,0.0,-0.0225,0.47332,0.880891,1
5874,1.9,0.0,0.0202,0.0,-0.0202,0.477159,0.878817,1
5875,1.9167,0.0,0.0188,0.0,-0.0188,0.480989,0.876727,1
5876,1.9333,0.0,0.0207,0.0,-0.0207,0.48481,0.87462,1
5877,1.95,0.0,0.0179,0.0,-0.0179,0.488621,0.872496,1
5878,1.9667,0.0,0.0218,0.0,-0.0218,0.492424,0.870356,1
5879,1.9833,0.0,0.0196,0.0,-0.0196,0.496217,0.868199,1
5880,2.0,0.0,0.0227,0.0,-0.0227,0.5,0.866025,1
5881,2.0167,0.0,0.0179,0.0,-0.0179,0.503774,0.863836,1
5882,2.0333,0.0,0.0183,0.0,-0.0183,0.507538,0.861629,1
5883,2.05,0.0,0.0182,0.0,-0.0182,0.511293,0.859406,1
5884,2.0667,0.0,0.0209,0.0,-0.0209,0.515038,0.857167,1
5885,2.0833,0.0,0.0197,0.0,-0.0197,0.518773,0.854912,1
5886,2.1,0.0,0.0208,0.0,-0.0208,0.522499,0.85264,1
5887,2.1167,0.0,0.0207,0.0,-0.0207,0.526214,0.850352,1
5888,2.1333,0.0,0.0191,0.0,-0.0191,0.529919,0.848048,1
5889,2.15,0.0,0.0208,0.0,-0.0208,0.533615,0.845728,1
5890,2.1667,0.0,0.0223,0.0,-0.0223,0.5373,0.843391,1
5891,2.1833,0.0,0.0184,0.0,-0.0184,0.540974,0.841039,1
5892,2.2,0.0,0.0198,0.0,-0.0198,0.544639,0.838671,1
5893,2.2167,0.0,0.022,0.0,-0.022,0.548293,0.836286,1
5894,2.2333,0.0,0.0189,0.0,-0.0189,0.551937,0.833886,1
5895,2.25,0.0,0.0207,0.0,-0.0207,0.55557,0.83147,1
5896,2.2667,0.0,0.0164,0.0,-0.0164,0.559193,0.829038,1
5897,2.2833,0.0,0.0177,0.0,-0.0177,0.562805,0.82659,1
5898,2.3,0.0,0.0191,0.0,-0.0191,0.566406,0.824126,1
5899,2.3167,0.0,0.0195,0.0,-0.0195,0.569997,0.821647,1
5900,2.3333,0.0,0.0208,0.0,-0.0208,0.573576,0.819152,1
5901,2.35,0.0,0.0217,0.0,-0.0217,0.577145,0.816642,1
5902,2.3667,0.0,0.0199,0.0,-0.0199,0.580703,0.814116,1
5903,2.3833,0.0,0.0211,0.0,-0.0211,0.58425,0.811574,1
5904,2.4,0.0,0.018,0.0,-0.018,0.587785,0.809017,1
5905,2.4167,0.0,0.0212,0.0,-0.0212,0.59131,0.806445,1
5906,2.4333,0.0,0.0221,0.0,-0.0221,0.594823,0.803857,1
5907,2.45,0.0,0.0217,0.0,-0.0217,0.598325,0.801254,1
5908,2.4667,0.0,0.0204,0.0,-0.0204,0.601815,0.798636,1
5909,2.4833,0.0,0.0204,0.0,-0.0204,0.605294,0.796002,1
5910,2.5,0.0,0.0226,0.0,-0.0226,0.608761,0.793353,1
5911,2.5167,0.0,0.0229,0.0,-0.0229,0.612217,0.79069,1
5912,2.5333,0.0,0.0214,0.0,-0.0214,0.615661,0.788011,1
5913,2.55,0.0,0.0203,0.0,-0.0203,0.619094,0.785317,1
5914,2.5667,0.0,0.0236,0.0,-0.0236,0.622515,0.782608,1
5915,2.5833,0.0,0.0198,0.0,-0.0198,0.625923,0.779884,1
5916,2.6,0.0,0.0193,0.0,-0.0193,0.62932,0.777146,1
5917,2.6167,0.0,0.0169,0.0,-0.0169,0.632705,0.774393,1
5918,2.6333,0.0,0.0223,0.0,-0.0223,0.636078,0.771625,1
5919,2.65,0.0,0.0216,0.0,-0.0216,0.639439,0.768842,1
5920,2.6667,0.0,0.0212,0.0,-0.0212,0.642788,0.766044,1
5921,2.6833,0.0,0.0188,0.0,-0.0188,0.646124,0.763232,1
5922,2.7,0.0,0.0179,0.0,-0.0179,0.649448,0.760406,1
5923,2.7167,0.0,0.0233,0.0,-0.0233,0.65276,0.757565,1
5924,2.7333,0.0,0.0155,0.0,-0.0155,0.656059,0.75471,1
5925,2.75,0.0,0.0216,0.0,-0.0216,0.659346,0.75184,1
5926,2.7667,0.0,0.0183,0.0,-0.0183,0.66262,0.748956,1
5927,2.7833,0.0,0.0239,0.0,-0.0239,0.665882,0.746057,1
5928,2.8,0.0,0.0216,0.0,-0.0216,0.669131,0.743145,1
5929,2.8167,0.0,0.022,0.0,-0.022,0.672367,0.740218,1
5930,2.8333,0.0,0.0216,0.0,-0.0216,0.67559,0.737277,1
5931,2.85,0.0,0.0201,0.0,-0.0201,0.678801,0.734323,1
5932,2.8667,0.0,0.019,0.0,-0.019,0.681998,0.731354,1
5933,2.8833,0.0,0.0193,0.0,-0.0193,0.685183,0.728371,1
5934,2.9,0.0,0.0229,0.0,-0.0229,0.688355,0.725374,1
5935,2.9167,0.0,0.0205,0.0,-0.0205,0.691513,0.722364,1
5936,2.9333,0.0,0.0177,0.0,-0.0177,0.694658,0.71934,1
5937,2.95,0.0,0.019,0.0,-0.019,0.69779,0.716302,1
5938,2.9667,0.0,0.0193,0.0,-0.0193,0.700909,0.71325,1
5939,2.9833,0.0,0.0179,0.0,-0.0179,0.704015,0.710185,1
5940,3.0,0.0,0.0189,0.0,-0.0189,0.707107,0.707107,1
5941,3.0167,0.0,0.0204,0.0,-0.0204,0.710185,0.704015,1
5942,3.0333,0.0,0.0202,0.0,-0.0202,0.71325,0.700909,1
5943,3.05,0.0,0.0194,0.0,-0.0194,0.716302,0.69779,1
5944,3.0667,0.0,0.0172,0.0,-0.0172,0.71934,0.694658,1
5945,3.0833,0.0,0.022,0.0,-0.022,0.722364,0.691513,1
5946,3.1,0.0,0.0194,0.0,-0.0194,0.725374,0.688355,1
5947,3.1167,0.0,0.0186,0.0,-0.0186,0.728371,0.685183,1
5948,3.1333,0.0,0.018,0.0,-0.018,0.731354,0.681998,1
5949,3.15,0.0,0.0188,0.0,-0.0188,0.734323,0.678801,1
5950,3.1667,0.0,0.0223,0.0,-0.0223,0.737277,0.67559,1
5951,3.1833,0.0,0.0194,0.0,-0.0194,0.740218,0.672367,1
5952,3.2,0.0,0.0194,0.0,-0.0194,0.743145,0.669131,1
5953,3.2167,0.0,0.0215,0.0,-0.0215,0.746057,0.665882,1
5954,3.2333,0.0,0.0202,0.0,-0.0202,0.748956,0.66262,1
5955,3.25,0.0,0.0223,0.0,-0.0223,0.75184,0.659346,1
5956,3.2667,0.0,0.0199,0.0,-0.0199,0.75471,0.656059,1
5957,3.2833,0.0,0.0172,0.0,-0.0172,0.757565,0.65276,1
5958,3.3,0.0,0.0221,0.0,-0.0221,0.760406,0.649448,1
5959,3.3167,0.0,0.0202,0.0,-0.0202,0.763232,0.646124,1
5960,3.3333,0.0,0.0239,0.0,-0.0239,0.766044,0.642788,1
5961,3.35,0.0,0.0218,0.0,-0.0218,0.768842,0.639439,1
5962,3.3667,0.0,0.0221,0.0,-0.0221,0.771625,0.636078,1
5963,3.3833,0.0,0.0165,0.0,-0.0165,0.774393,0.632705,1
5964,3.4,0.0,0.0204,0.0,-0.0204,0.777146,0.62932,1
5965,3.4167,0.0,0.0201,0.0,-0.0201,0.779884,0.625923,1
5966,3.4333,0.0,0.0184,0.0,-0.0184,0.782608,0.622515,1
5967,3.45,0.0,0.0183,0.0,-0.0183,0.785317,0.619094,1
5968,3.4667,0.0,0.0216,0.0,-0.0216,0.788011,0.615661,1
5969,3.4833,0.0,0.0189,0.0,-0.0189,0.79069,0.612217,1
5970,3.5,0.0,0.0187,0.0,-0.0187,0.793353,0.608761,1
5971,3.5167,0.0,0.0216,0.0,-0.0216,0.796002,0.605294,1
5972,3.5333,0.0,0.0212,0.0,-0.0212,0.798636,0.601815,1
5973,3.55,0.0,0.0226,0.0,-0.0226,0.801254,0.598325,1
5974,3.5667,0.0,0.0181,0.0,-0.0181,0.803857,0.594823,1
5975,3.5833,0.0,0.0228,0.0,-0.0228,0.806445,0.59131,1
5976,3.6,0.0,0.0177,0.0,-0.0177,0.809017,0.587785,1
5977,3.6167,0.0,0.0206,0.0,-0.0206,0.811574,0.58425,1
5978,3.6333,0.0,0.016,0.0,-0.016,0.814116,0.580703,1
5979,3.65,0.0,0.0194,0.0,-0.0194,0.816642,0.577145,1
5980,3.6667,0.0,0.0203,0.0,-0.0203,0.819152,0.573576,1
5981,3.6833,0.0,0.0202,0.0,-0.0202,0.821647,0.569997,1
5982,3.7,0.0,0.0228,0.0,-0.0228,0.824126,0.566406,1
5983,3.7167,0.0,0.0219,0.0,-0.0219,0.82659,0.562805,1
5984,3.7333,0.0,0.02,0.0,-0.02,0.829038,0.559193,1
5985,3.75,0.0,0.0184,0.0,-0.0184,0.83147,0.55557,1
5986,3.7667,0.0,0.0218,0.0,-0.0218,0.833886,0.551937,1
5987,3.7833,0.0,0.0175,0.0,-0.0175,0.836286,0.548293,1
5988,3.8,0.0,0.0227,0.0,-0.0227,0.838671,0.544639,1
5989,3.8167,0.0,0.0222,0.0,-0.0222,0.841039,0.540974,1
5990,3.8333,0.0,0.0205,0.0,-0.0205,0.843391,0.5373,1
5991,3.85,0.0,0.0179,0.0,-0.0179,0.845728,0.533615,1
5992,3.8667,0.0,0.0167,0.0,-0.0167,0.848048,0.529919,1
5993,3.8833,0.0,0.0199,0.0,-0.0199,0.850352,0.526214,1
5994,3.9,0.0,0.0209,0.0,-0.0209,0.85264,0.522499,1
5995,3.9167,0.0,0.0219,0.0,-0.0219,0.854912,0.518773,1
5996,3.9333,0.0,0.0185,0.0,-0.0185,0.857167,0.515038,1
5997,3.95,0.0,0.0211,0.0,-0.0211,0.859406,0.511293,1
5998,3.9667,0.0,0.021,0.0,-0.021,0.861629,0.507538,1
5999,3.9833,0.0,0.0176,0.0,-0.0176,0.863836,0.503774,1
6000,4.0,0.0,0.0218,0.0,-0.0218,0.866025,0.5,1
6001,4.0167,0.0,0.0238,0.0,-0.0238,0.868199,0.496217,1
6002,4.0333,0.0,0.0206,0.0,-0.0206,0.870356,0.492424,1
6003,4.05,0.0,0.0225,0.0,-0.0225,0.872496,0.488621,1
6004,4.0667,0.0,0.0208,0.0,-0.0208,0.87462,0.48481,1
6005,4.0833,0.0,0.0202,0.0,-0.0202,0.876727,0.480989,1
6006,4.1,0.0,0.0244,0.0,-0.0244,0.878817,0.477159,1
6007,4.1167,0.0,0.0178,0.0,-0.0178,0.880891,0.47332,1
6008,4.1333,0.0,0.0171,0.0,-0.0171,0.882948,0.469472,1
6009,4.15,0.0,0.0209,0.0,-0.0209,0.884988,0.465615,1
6010,4.1667,0.0,0.0209,0.0,-0.0209,0.887011,0.461749,1
6011,4.1833,0.0,0.0232,0.0,-0.0232,0.889017,0.457874,1
6012,4.2,0.0,0.0176,0.0,-0.0176,0.891007,0.45399,1
6013,4.2167,0.0,0.018,0.0,-0.018,0.892979,0.450098,1
6014,4.2333,0.0,0.0173,0.0,-0.0173,0.894934,0.446198,1
6015,4.25,0.0,0.0199,0.0,-0.0199,0.896873,0.442289,1
6016,4.2667,0.0,0.022,0.0,-0.022,0.898794,0.438371,1
6017,4.2833,0.0,0.0185,0.0,-0.0185,0.900698,0.434445,1
6018,4.3,0.0,0.0218,0.0,-0.0218,0.902585,0.430511,1
6019,4.3167,0.0,0.0218,0.0,-0.0218,0.904455,0.426569,1
6020,4.3333,0.0,0.0202,0.0,-0.0202,0.906308,0.422618,1
6021,4.35,0.0,0.0183,0.0,-0.0183,0.908143,0.41866,1
6022,4.3667,0.0,0.0211,0.0,-0.0211,0.909961,0.414693,1
6023,4.3833,0.0,0.0194,0.0,-0.0194,0.911762,0.410719,1
6024,4.4,0.0,0.0166,0.0,-0.0166,0.913545,0.406737,1
6025,4.4167,0.0,0.0204,0.0,-0.0204,0.915311,0.402747,1
6026,4.4333,0.0,0.0196,0.0,-0.0196,0.91706,0.398749,1
6027,4.45,0.0,0.0228,0.0,-0.0228,0.918791,0.394744,1
6028,4.4667,0.0,0.017,0.0,-0.017,0.920505,0.390731,1
6029,4.4833,0.0,0.021,0.0,-0.021,0.922201,0.386711,1
6030,4.5,0.0,0.022,0.0,-0.022,0.92388,0.382683,1
6031,4.5167,0.0,0.0179,0.0,-0.0179,0.925541,0.378649,1
6032,4.5333,0.0,0.0184,0.0,-0.0184,0.927184,0.374607,1
6033,4.55,0.0,0.0207,0.0,-0.0207,0.92881,0.370557,1
6034,4.5667,0.0,0.0228,0.0,-0.0228,0.930418,0.366501,1
6035,4.5833,0.0,0.0207,0.0,-0.0207,0.932008,0.362438,1
6036,4.6,0.0,0.0186,0.0,-0.0186,0.93358,0.358368,1
6037,4.6167,0.0,0.0209,0.0,-0.0209,0.935135,0.354291,1
6038,4.6333,0.0,0.0212,0.0,-0.0212,0.936672,0.350207,1
6039,4.65,0.0,0.0232,0.0,-0.0232,0.938191,0.346117,1
6040,4.6667,0.0,0.0181,0.0,-0.0181,0.939693,0.34202,1
6041,4.6833,0.0,0.0251,0.0,-0.0251,0.941176,0.337917,1
6042,4.7,0.0,0.0223,0.0,-0.0223,0.942641,0.333807,1
6043,4.7167,0.0,0.0184,0.0,-0.0184,0.944089,0.329691,1
6044,4.7333,0.0,0.0211,0.0,-0.0211,0.945519,0.325568,1
6045,4.75,0.0,0.0195,0.0,-0.0195,0.94693,0.321439,1
6046,4.7667,0.0,0.0216,0.0,-0.0216,0.948324,0.317305,1
6047,4.7833,0.0,0.0212,0.0,-0.0212,0.949699,0.313164,1
6048,4.8,0.0,0.0198,0.0,-0.0198,0.951057,0.309017,1
6049,4.8167,0.0,0.0203,0.0,-0.0203,0.952396,0.304864,1
6050,4.8333,0.0,0.0218,0.0,-0.0218,0.953717,0.300706,1
6051,4.85,0.0,0.0176,0.0,-0.0176,0.95502,0.296542,1
6052,4.8667,0.0,0.0205,0.0,-0.0205,0.956305,0.292372,1
6053,4.8833,0.0,0.0245,0.0,-0.0245,0.957571,0.288196,1
6054,4.9,0.0,0.0235,0.0,-0.0235,0.95882,0.284015,1
6055,4.9167,0.0,0.018,0.0,-0.018,0.96005,0.279829,1
6056,4.9333,0.0,0.0178,0.0,-0.0178,0.961262,0.275637,1
6057,4.95,0.0,0.0206,0.0,-0.0206,0.962455,0.27144,1
6058,4.9667,0.0,0.0216,0.0,-0.0216,0.96363,0.267238,1
6059,4.9833,0.0,0.0211,0.0,-0.0211,0.964787,0.263031,1
6060,5.0,0.0,0.0182,0.0,-0.0182,0.965926,0.258819,1
6061,5.0167,0.0,0.0213,0.0,-0.0213,0.967046,0.254602,1
6062,5.0333,0.0,0.0225,0.0,-0.0225,0.968148,0.25038,1
6063,5.05,0.0,0.0179,0.0,-0.0179,0.969231,0.246153,1
6064,5.0667,0.0,0.0181,0.0,-0.0181,0.970296,0.241922,1
6065,5.0833,0.0,0.021,0.0,-0.021,0.971342,0.237686,1
6066,5.1,0.0,0.0182,0.0,-0.0182,0.97237,0.233445,1
6067,5.1167,0.0,0.0188,0.0,-0.0188,0.973379,0.2292,1
6068,5.1333,0.0,0.0203,0.0,-0.0203,0.97437,0.224951,1
6069,5.15,0.0,0.0203,0.0,-0.0203,0.975342,0.220697,1
6070,5.1667,0.0,0.023,0.0,-0.023,0.976296,0.21644,1
6071,5.1833,0.0,0.0175,0.0,-0.0175,0.977231,0.212178,1
6072,5.2,0.0,0.0207,0.0,-0.0207,0.978148,0.207912,1
6073,5.2167,0.0,0.0214,0.0,-0.0214,0.979045,0.203642,1
6074,5.2333,0.0,0.0214,0.0,-0.0214,0.979925,0.199368,1
6075,5.25,0.0,0.0183,0.0,-0.0183,0.980785,0.19509,1
6076,5.2667,0.0,0.0202,0.0,-0.0202,0.981627,0.190809,1
6077,5.2833,0.0,0.0215,0.0,-0.0215,0.98245,0.186524,1
6078,5.3,0.0,0.0221,0.0,-0.0221,0.983255,0.182236,1
6079,5.3167,0.0,0.021,0.0,-0.021,0.984041,0.177944,1
6080,5.3333,0.0,0.0164,0.0,-0.0164,0.984808,0.173648,1
6081,5.35,0.0,0.0184,0.0,-0.0184,0.985556,0.16935,1
6082,5.3667,0.0,0.0207,0.0,-0.0207,0.986286,0.165048,1
6083,5.3833,0.0,0.0199,0.0,-0.0199,0.986996,0.160743,1
6084,5.4,0.0,0.0163,0.0,-0.0163,0.987688,0.156434,1
6085,5.4167,0.0,0.0213,0.0,-0.0213,0.988362,0.152123,1
6086,5.4333,0.0,0.019,0.0,-0.019,0.989016,0.147809,1
6087,5.45,0.0,0.0199,0.0,-0.0199,0.989651,0.143493,1
6088,5.4667,0.0,0.0216,0.0,-0.0216,0.990268,0.139173,1
6089,5.4833,0.0,0.0208,0.0,-0.0208,0.990866,0.134851,1
6090,5.5,0.0,0.0175,0.0,-0.0175,0.991445,0.130526,1
6091,5.5167,0.0,0.0211,0.0,-0.0211,0.992005,0.126199,1
6092,5.5333,0.0,0.0173,0.0,-0.0173,0.992546,0.121869,1
6093,5.55,0.0,0.0214,0.0,-0.0214,0.993068,0.117537,1
6094,5.5667,0.0,0.0238,0.0,-0.0238,0.993572,0.113203,1
6095,5.5833,0.0,0.0198,0.0,-0.0198,0.994056,0.108867,1
6096,5.6,0.0,0.0241,0.0,-0.0241,0.994522,0.104528,1
6097,5.6167,0.0,0.018,0.0,-0.018,0.994969,0.100188,1
6098,5.6333,0.0,0.0227,0.0,-0.0227,0.995396,0.095846,1
6099,5.65,0.0,0.02,0.0,-0.02,0.995805,0.091502,1
6100,5.6667,0.0,0.0197,0.0,-0.0197,0.996195,0.087156,1
6101,5.6833,0.0,0.0206,0.0,-0.0206,0.996566,0.082808,1
6102,5.7,0.0,0.0239,0.0,-0.0239,0.996917,0.078459,1
6103,5.7167,0.0,0.0182,0.0,-0.0182,0.99725,0.074108,1
6104,5.7333,0.0,0.0169,0.0,-0.0169,0.997564,0.069756,1
6105,5.75,0.0,0.0213,0.0,-0.0213,0.997859,0.065403,1
6106,5.7667,0.0,0.0226,0.0,-0.0226,0.998135,0.061049,1
6107,5.7833,0.0,0.0198,0.0,-0.0198,0.998392,0.056693,1
6108,5.8,0.0,0.0184,0.0,-0.0184,0.99863,0.052336,1
6109,5.8167,0.0,0.0224,0.0,-0.0224,0.998848,0.047978,1
6110,5.8333,0.0,0.0226,0.0,-0.0226,0.999048,0.043619,1
6111,5.85,0.0,0.0214,0.0,-0.0214,0.999229,0.03926,1
6112,5.8667,0.0,0.0215,0.0,-0.0215,0.999391,0.034899,1
6113,5.8833,0.0,0.0187,0.0,-0.0187,0.999534,0.030539,1
6114,5.9,0.0,0.0231,0.0,-0.0231,0.999657,0.026177,1
6115,5.9167,0.0,0.0207,0.0,-0.0207,0.999762,0.021815,1
6116,5.9333,0.0,0.0172,0.0,-0.0172,0.999848,0.017452,1
6117,5.95,0.0,0.0205,0.0,-0.0205,0.999914,0.01309,1
6118,5.9667,0.0,0.024,0.0,-0.024,0.999962,0.008727,1
6119,5.9833,0.0,0.0195,0.0,-0.0195,0.99999,0.004363,1
6120,6.0,0.00225,0.0401,0.0,-0.03785,1.0,0.0,1
6121,6.0167,0.0,0.0374,0.0,-0.0374,0.99999,-0.004363,1
6122,6.0333,0.00055,0.0395,0.0,-0.03895,0.999962,-0.008727,1
6123,6.05,0.005517,0.039,0.0,-0.033483,0.999914,-0.01309,1
6124,6.0667,0.005783,0.0369,0.0,-0.031117,0.999848,-0.017452,1
6125,6.0833,0.0,0.0403,0.0,-0.0403,0.999762,-0.021815,1
6126,6.1,0.008467,0.0396,0.0,-0.031133,0.999657,-0.026177,1
6127,6.1167,0.004317,0.0369,0.0,-0.032583,0.999534,-0.030539,1
6128,6.1333,0.0105,0.0373,0.0,-0.0268,0.999391,-0.034899,1
6129,6.15,0.005833,0.0383,0.0,-0.032467,0.999229,-0.03926,1
6130,6.1667,0.009683,0.0343,0.0,-0.024617,0.999048,-0.043619,1
6131,6.1833,0.00735,0.0374,0.0,-0.03005,0.998848,-0.047978,1
6132,6.2,0.015683,0.0353,0.0,-0.019617,0.99863,-0.052336,1
6133,6.2167,0.014683,0.0364,0.0,-0.021717,0.998392,-0.056693,1
6134,6.2333,0.00955,0.0377,0.0,-0.02815,0.998135,-0.061049,1
6135,6.25,0.011833,0.0379,0.0,-0.026067,0.997859,-0.065403,1
6136,6.2667,0.014467,0.0359,0.0,-0.021433,0.997564,-0.069756,1
6137,6.2833,0.016583,0.0394,0.0,-0.022817,0.99725,-0.074108,1
6138,6.3,0.0162,0.0378,0.0,-0.0216,0.996917,-0.078459,1
6139,6.3167,0.014783,0.0375,0.0,-0.022717,0.996566,-0.082808,1
6140,6.3333,0.017017,0.0396,0.0,-0.022583,0.996195,-0.087156,1
6141,6.35,0.017583,0.0375,0.0,-0.019917,0.995805,-0.091502,1
6142,6.3667,0.019583,0.0421,0.0,-0.022517,0.995396,-0.095846,1
6143,6.3833,0.021783,0.0401,0.0,-0.018317,0.994969,-0.100188,1
6144,6.4,0.0173,0.0392,0.0,-0.0219,0.994522,-0.104528,1
6145,6.4167,0.02375,0.0404,0.0,-0.01665,0.994056,-0.108867,1
6146,6.4333,0.021083,0.0385,0.0,-0.017417,0.993572,-0.113203,1
6147,6.45,0.024833,0.0366,0.0,-0.011767,0.993068,-0.117537,1
6148,6.4667,0.022583,0.0361,0.0,-0.013517,0.992546,-0.121869,1
6149,6.4833,0.025867,0.0397,0.0,-0.013833,0.992005,-0.126199,1
6150,6.5,0.0267,0.0366,0.0,-0.0099,0.991445,-0.130526,1
6151,6.5167,0.028317,0.0374,0.0,-0.009083,0.990866,-0.134851,1
6152,6.5333,0.0232,0.037,0.0,-0.0138,0.990268,-0.139173,1
6153,6.55,0.025433,0.0371,0.0,-0.011667,0.989651,-0.143493,1
6154,6.5667,0.0286,0.0358,0.0,-0.0072,0.989016,-0.147809,1
6155,6.5833,0.03015,0.0411,0.0,-0.01095,0.988362,-0.152123,1
6156,6.6,0.033667,0.0364,0.0,-0.002733,0.987688,-0.156434,1
6157,6.6167,0.028883,0.0378,0.0,-0.008917,0.986996,-0.160743,1
6158,6.6333,0.03125,0.0374,0.0,-0.00615,0.986286,-0.165048,1
6159,6.65,0.038067,0.0395,0.0,-0.001433,0.985556,-0.16935,1
6160,6.6667,0.028233,0.0343,0.0,-0.006067,0.984808,-0.173648,1
6161,6.6833,0.031917,0.0352,0.0,-0.003283,0.984041,-0.177944,1
6162,6.7,0.0352,0.0352,0.0,0.0,0.983255,-0.182236,0
6163,6.7167,0.03435,0.0361,0.0,-0.00175,0.98245,-0.186524,1
6164,6.7333,0.037167,0.038,0.0,-0.000833,0.981627,-0.190809,1
6165,6.75,0.040983,0.0371,0.0039,0.003883,0.980785,-0.19509,0
6166,6.7667,0.039783,0.0338,0.0099,0.005983,0.979925,-0.199368,0
6167,6.7833,0.041267,0.0381,0.0131,0.003167,0.979045,-0.203642,0
6168,6.8,0.043,0.0374,0.0187,0.0056,0.978148,-0.207912,0
6169,6.8167,0.0407,0.0387,0.0207,0.002,0.977231,-0.212178,0
6170,6.8333,0.048017,0.0375,0.0312,0.010517,0.976296,-0.21644,0
6171,6.85,0.0462,0.036,0.0414,0.0102,0.975342,-0.220697,0
6172,6.8667,0.04155,0.0364,0.0465,0.00515,0.97437,-0.224951,0
6173,6.8833,0.047267,0.0404,0.0534,0.006867,0.973379,-0.2292,0
6174,6.9,0.047083,0.0364,0.0641,0.010683,0.97237,-0.233445,0
6175,6.9167,0.0498,0.0387,0.0752,0.0111,0.971342,-0.237686,0
6176,6.9333,0.0462,0.0376,0.0838,0.0086,0.970296,-0.241922,0
6177,6.95,0.046433,0.039,0.0912,0.007433,0.969231,-0.246153,0
6178,6.9667,0.053883,0.0381,0.107,0.015783,0.968148,-0.25038,0
6179,6.9833,0.051133,0.0369,0.1212,0.014233,0.967046,-0.254602,0
6180,7.0,0.049933,0.068,0.1031,-0.018067,0.965926,-0.258819,0
6181,7.0167,0.0549,0.0673,0.0907,-0.0124,0.964787,-0.263031,0
6182,7.0333,0.05275,0.0691,0.0743,-0.01635,0.96363,-0.267238,0
6183,7.05,0.05615,0.0692,0.0613,-0.01305,0.962455,-0.27144,0
6184,7.0667,0.058,0.0685,0.0508,-0.0105,0.961262,-0.275637,0
6185,7.0833,0.0561,0.0672,0.0397,-0.0111,0.96005,-0.279829,0
6186,7.1,0.0583,0.0658,0.0322,-0.0075,0.95882,-0.284015,0
6187,7.1167,0.05695,0.0668,0.0224,-0.00985,0.957571,-0.288196,0
6188,7.1333,0.059917,0.0675,0.0148,-0.007583,0.956305,-0.292372,0
6189,7.15,0.05785,0.0675,0.0051,-0.00965,0.95502,-0.296542,0
6190,7.1667,0.06135,0.0649,0.0016,-0.00355,0.953717,-0.300706,0
6191,7.1833,0.057133,0.0677,0.0,-0.010567,0.952396,-0.304864,1
6192,7.2,0.0657,0.0657,0.0,0.0,0.951057,-0.309017,0
6193,7.2167,0.063317,0.0708,0.0,-0.007483,0.949699,-0.313164,1
6194,7.2333,0.065367,0.0673,0.0,-0.001933,0.948324,-0.317305,1
6195,7.25,0.06315,0.0679,0.0,-0.00475,0.94693,-0.321439,1
6196,7.2667,0.06485,0.0666,0.0,-0.00175,0.945519,-0.325568,1
6197,7.2833,0.068633,0.0684,0.0002,0.000233,0.944089,-0.329691,0
6198,7.3,0.067183,0.0657,0.0017,0.001483,0.942641,-0.333807,0
6199,7.3167,0.067733,0.0677,0.0017,3.3e-05,0.941176,-0.337917,0
6200,7.3333,0.063467,0.0671,0.0,-0.003633,0.939693,-0.34202,1
6201,7.35,0.07055,0.0666,0.0039,0.00395,0.938191,-0.346117,0
6202,7.3667,0.0743,0.0658,0.0124,0.0085,0.936672,-0.350207,0
6203,7.3833,0.073933,0.0672,0.0191,0.006733,0.935135,-0.354291,0
6204,7.4,0.071117,0.0662,0.024,0.004917,0.93358,-0.358368,0
6205,7.4167,0.072433,0.0689,0.0275,0.003533,0.932008,-0.362438,0
6206,7.4333,0.074067,0.0718,0.0298,0.002267,0.930418,-0.366501,0
6207,7.45,0.073867,0.0711,0.0326,0.002767,0.92881,-0.370557,0
6208,7.4667,0.07685,0.0685,0.0409,0.00835,0.927184,-0.374607,0
6209,7.4833,0.07265,0.0689,0.0447,0.00375,0.925541,-0.378649,0
6210,7.5,0.07825,0.0703,0.0527,0.00795,0.92388,-0.382683,0
6211,7.5167,0.0757,0.0699,0.0585,0.0058,0.922201,-0.386711,0
6212,7.5333,0.080233,0.0676,0.0711,0.012633,0.920505,-0.390731,0
6213,7.55,0.081183,0.0669,0.0854,0.014283,0.918791,-0.394744,0
6214,7.5667,0.082767,0.0736,0.0946,0.009167,0.91706,-0.398749,0
6215,7.5833,0.078683,0.0719,0.1014,0.006783,0.915311,-0.402747,0
6216,7.6,0.082117,0.0675,0.116,0.014617,0.913545,-0.406737,0
6217,7.6167,0.07915,0.0678,0.1273,0.01135,0.911762,-0.410719,0
6218,7.6333,0.0868,0.0674,0.1467,0.0194,0.909961,-0.414693,0
6219,7.65,0.083283,0.0678,0.1622,0.015483,0.908143,-0.41866,0
6220,7.6667,0.082133,0.0673,0.177,0.014833,0.906308,-0.422618,0
6221,7.6833,0.084267,0.064,0.1973,0.020267,0.904455,-0.426569,0
6222,7.7,0.087583,0.068,0.2169,0.019583,0.902585,-0.430511,0
6223,7.7167,0.086517,0.0672,0.2362,0.019317,0.900698,-0.434445,0
6224,7.7333,0.087167,0.0687,0.2547,0.018467,0.898794,-0.438371,0
6225,7.75,0.090117,0.0671,0.2777,0.023017,0.896873,-0.442289,0
6226,7.7667,0.087267,0.068,0.297,0.019267,0.894934,-0.446198,0
6227,7.7833,0.088267,0.0693,0.316,0.018967,0.892979,-0.450098,0
6228,7.8,0.091867,0.0692,0.3387,0.022667,0.891007,-0.45399,0
6229,7.8167,0.088067,0.0673,0.3595,0.020767,0.889017,-0.457874,0
6230,7.8333,0.0975,0.0672,0.3898,0.0303,0.887011,-0.461749,0
6231,7.85,0.09105,0.0667,0.4142,0.02435,0.884988,-0.465615,0
6232,7.8667,0.09725,0.0691,0.4423,0.02815,0.882948,-0.469472,0
6233,7.8833,0.094867,0.0679,0.4693,0.026967,0.880891,-0.47332,0
6234,7.9,0.092467,0.0662,0.4956,0.026267,0.878817,-0.477159,0
6235,7.9167,0.099333,0.0711,0.5238,0.028233,0.876727,-0.480989,0
6236,7.9333,0.097583,0.0646,0.5568,0.032983,0.87462,-0.48481,0
6237,7.95,0.098133,0.0717,0.5832,0.026433,0.872496,-0.488621,0
6238,7.9667,0.09425,0.0654,0.6121,0.02885,0.870356,-0.492424,0
6239,7.9833,0.096067,0.07,0.6382,0.026067,0.868199,-0.496217,0
6240,8.0,0.102283,0.0679,0.6726,0.034383,0.866025,-0.5,0
6241,8.0167,0.09845,0.1268,0.6442,-0.02835,0.863836,-0.503774,0
6242,8.0333,0.102383,0.122,0.6246,-0.019617,0.861629,-0.507538,0
6243,8.05,0.108167,0.1235,0.6093,-0.015333,0.859406,-0.511293,0
6244,8.0667,0.103133,0.1247,0.5877,-0.021567,0.857167,-0.515038,0
6245,8.0833,0.1067,0.1256,0.5688,-0.0189,0.854912,-0.518773,0
6246,8.1,0.108133,0.1235,0.5534,-0.015367,0.85264,-0.522499,0
6247,8.1167,0.10865,0.1215,0.5406,-0.01285,0.850352,-0.526214,0
6248,8.1333,0.1066,0.1217,0.5255,-0.0151,0.848048,-0.529919,0
6249,8.15,0.1063,0.1214,0.5104,-0.0151,0.845728,-0.533615,0
6250,8.1667,0.1095,0.1248,0.4951,-0.0153,0.843391,-0.5373,0
6251,8.1833,0.10965,0.125,0.4798,-0.01535,0.841039,-0.540974,0
6252,8.2,0.104933,0.123,0.4617,-0.018067,0.838671,-0.544639,0
6253,8.2167,0.11025,0.1253,0.4466,-0.01505,0.836286,-0.548293,0
6254,8.2333,0.109183,0.1219,0.4339,-0.012717,0.833886,-0.551937,0
6255,8.25,0.1162,0.1211,0.429,-0.0049,0.83147,-0.55557,0
6256,8.2667,0.1116,0.1268,0.4138,-0.0152,0.829038,-0.559193,0
6257,8.2833,0.110617,0.1239,0.4005,-0.013283,0.82659,-0.562805,0
6258,8.3,0.11385,0.1254,0.389,-0.01155,0.824126,-0.566406,0
6259,8.3167,0.116617,0.1249,0.3807,-0.008283,0.821647,-0.569997,0
6260,8.3333,0.116333,0.124,0.373,-0.007667,0.819152,-0.573576,0
6261,8.35,0.1132,0.1222,0.364,-0.009,0.816642,-0.577145,0
6262,8.3667,0.117833,0.1221,0.3597,-0.004267,0.814116,-0.580703,0
6263,8.3833,0.119383,0.127,0.3521,-0.007617,0.811574,-0.58425,0
6264,8.4,0.119933,0.1244,0.3476,-0.004467,0.809017,-0.587785,0
6265,8.4167,0.11585,0.1204,0.3431,-0.00455,0.806445,-0.59131,0
6266,8.4333,0.11975,0.1282,0.3347,-0.00845,0.803857,-0.594823,0
6267,8.45,0.119617,0.1224,0.3319,-0.002783,0.801254,-0.598325,0
6268,8.4667,0.12065,0.1224,0.3301,-0.00175,0.798636,-0.601815,0
6269,8.4833,0.120283,0.1222,0.3282,-0.001917,0.796002,-0.605294,0
6270,8.5,0.1244,0.1223,0.3303,0.0021,0.793353,-0.608761,0
6271,8.5167,0.118017,0.1236,0.3247,-0.005583,0.79069,-0.612217,0
6272,8.5333,0.124367,0.1274,0.3217,-0.003033,0.788011,-0.615661,0
6273,8.55,0.12365,0.1224,0.3229,0.00125,0.785317,-0.619094,0
6274,8.5667,0.121633,0.1247,0.3198,-0.003067,0.782608,-0.622515,0
6275,8.5833,0.1219,0.1265,0.3152,-0.0046,0.779884,-0.625923,0
6276,8.6,0.121533,0.1215,0.3152,3.3e-05,0.777146,-0.62932,0
6277,8.6167,0.129433,0.1263,0.3183,0.003133,0.774393,-0.632705,0
6278,8.6333,0.134383,0.1241,0.3286,0.010283,0.771625,-0.636078,0
6279,8.65,0.126583,0.1252,0.33,0.001383,0.768842,-0.639439,0
6280,8.6667,0.125233,0.1277,0.3275,-0.002467,0.766044,-0.642788,0
6281,8.6833,0.128983,0.1238,0.3327,0.005183,0.763232,-0.646124,0
6282,8.7,0.129567,0.1256,0.3367,0.003967,0.760406,-0.649448,0
6283,8.7167,0.129017,0.1224,0.3433,0.006617,0.757565,-0.65276,0
6284,8.7333,0.133533,0.1279,0.3489,0.005633,0.75471,-0.656059,0
6285,8.75,0.131,0.1282,0.3517,0.0028,0.75184,-0.659346,0
6286,8.7667,0.133317,0.1238,0.3612,0.009517,0.748956,-0.66262,0
6287,8.7833,0.130417,0.1216,0.37,0.008817,0.746057,-0.665882,0
6288,8.8,0.135567,0.1242,0.3814,0.011367,0.743145,-0.669131,0
6289,8.8167,0.135917,0.1236,0.3937,0.012317,0.740218,-0.672367,0
6290,8.8333,0.1341,0.1217,0.4061,0.0124,0.737277,-0.67559,0
6291,8.85,0.1399,0.1207,0.4253,0.0192,0.734323,-0.678801,0
6292,8.8667,0.1345,0.1236,0.4362,0.0109,0.731354,-0.681998,0
6293,8.8833,0.132383,0.068,0.5006,0.064383,0.728371,-0.685183,0
6294,8.9,0.13835,0.0731,0.5658,0.06525,0.725374,-0.688355,0
6295,8.9167,0.13415,0.0687,0.6312,0.06545,0.722364,-0.691513,0
6296,8.9333,0.142183,0.0653,0.7081,0.076883,0.71934,-0.694658,0
6297,8.95,0.140317,0.068,0.7804,0.072317,0.716302,-0.69779,0
6298,8.9667,0.142683,0.068,0.8551,0.074683,0.71325,-0.700909,0
6299,8.9833,0.14055,0.0669,0.9287,0.07365,0.710185,-0.704015,0
6300,9.0,0.143483,0.0387,1.0335,0.104783,0.707107,-0.707107,0
6301,9.0167,0.14195,0.04,1.1355,0.10195,0.704015,-0.710185,0
6302,9.0333,0.138,0.036,1.2375,0.102,0.700909,-0.71325,0
6303,9.05,0.1455,0.0382,1.3448,0.1073,0.69779,-0.716302,0
6304,9.0667,0.143583,0.0376,1.4508,0.105983,0.694658,-0.71934,0
6305,9.0833,0.143783,0.0389,1.5557,0.104883,0.691513,-0.722364,0
6306,9.1,0.148017,0.0355,1.6682,0.112517,0.688355,-0.725374,0
6307,9.1167,0.1461,0.0397,1.7746,0.1064,0.685183,-0.728371,0
6308,9.1333,0.147817,0.0375,1.8849,0.110317,0.681998,-0.731354,0
6309,9.15,0.147717,0.0372,1.9954,0.110517,0.678801,-0.734323,0
6310,9.1667,0.144633,0.0368,2.1032,0.107833,0.67559,-0.737277,0
6311,9.1833,0.149333,0.0399,2.2126,0.109433,0.672367,-0.740218,0
6312,9.2,0.1492,0.0379,2.3239,0.1113,0.669131,-0.743145,0
6313,9.2167,0.1467,0.0404,2.4302,0.1063,0.665882,-0.746057,0
6314,9.2333,0.148767,0.0398,2.5392,0.108967,0.66262,-0.748956,0
6315,9.25,0.150617,0.0332,2.6566,0.117417,0.659346,-0.75184,0
6316,9.2667,0.152417,0.037,2.772,0.115417,0.656059,-0.75471,0
6317,9.2833,0.152233,0.038,2.8862,0.114233,0.65276,-0.757565,0
6318,9.3,0.150217,0.0348,3.0016,0.115417,0.649448,-0.760406,0
6319,9.3167,0.153933,0.041,3.1145,0.112933,0.646124,-0.763232,0
6320,9.3333,0.158783,0.0376,3.2357,0.121183,0.642788,-0.766044,0
6321,9.35,0.150383,0.0359,3.3502,0.114483,0.639439,-0.768842,0
6322,9.3667,0.157667,0.0362,3.4717,0.121467,0.636078,-0.771625,0
6323,9.3833,0.155333,0.0384,3.5886,0.116933,0.632705,-0.774393,0
6324,9.4,0.1557,0.0374,3.7069,0.1183,0.62932,-0.777146,0
6325,9.4167,0.15065,0.0355,3.8221,0.11515,0.625923,-0.779884,0
6326,9.4333,0.157017,0.0391,3.94,0.117917,0.622515,-0.782608,0
6327,9.45,0.15945,0.0375,4.062,0.12195,0.619094,-0.785317,0
6328,9.4667,0.159717,0.0399,4.1818,0.119817,0.615661,-0.788011,0
6329,9.4833,0.158583,0.0369,4.3035,0.121683,0.612217,-0.79069,0
6330,9.5,0.158483,0.0344,4.4276,0.124083,0.608761,-0.793353,0
6331,9.5167,0.161367,0.0376,4.5514,0.123767,0.605294,-0.796002,0
6332,9.5333,0.159967,0.0365,4.6749,0.123467,0.601815,-0.798636,0
6333,9.55,0.164267,0.0397,4.7995,0.124567,0.598325,-0.801254,0
6334,9.5667,0.156583,0.0359,4.9202,0.120683,0.594823,-0.803857,0
6335,9.5833,0.1567,0.0351,5.0418,0.1216,0.59131,-0.806445,0
6336,9.6,0.163867,0.0373,5.1684,0.126567,0.587785,-0.809017,0
6337,9.6167,0.16255,0.0385,5.2925,0.12405,0.58425,-0.811574,0
6338,9.6333,0.165233,0.0358,5.4219,0.129433,0.580703,-0.814116,0
6339,9.65,0.162083,0.038,5.546,0.124083,0.577145,-0.816642,0
6340,9.6667,0.16485,0.0376,5.6733,0.12725,0.573576,-0.819152,0
6341,9.6833,0.160867,0.0344,5.7998,0.126467,0.569997,-0.821647,0
6342,9.7,0.166717,0.0361,5.9304,0.130617,0.566406,-0.824126,0
6343,9.7167,0.162217,0.0371,6.0555,0.125117,0.562805,-0.82659,0
6344,9.7333,0.16575,0.035,6.1863,0.13075,0.559193,-0.829038,0
6345,9.75,0.1641,0.0392,6.3112,0.1249,0.55557,-0.83147,0
6346,9.7667,0.16595,0.04,6.4371,0.12595,0.551937,-0.833886,0
6347,9.7833,0.167783,0.0392,6.5657,0.128583,0.548293,-0.836286,0
6348,9.8,0.166733,0.0338,6.6986,0.132933,0.544639,-0.838671,0
6349,9.8167,0.1684,0.0385,6.8285,0.1299,0.540974,-0.841039,0
6350,9.8333,0.1672,0.0354,6.9603,0.1318,0.5373,-0.843391,0
6351,9.85,0.170433,0.0385,7.0922,0.131933,0.533615,-0.845728,0
6352,9.8667,0.169717,0.0349,7.227,0.134817,0.529919,-0.848048,0
6353,9.8833,0.1724,0.0349,7.3645,0.1375,0.526214,-0.850352,0
6354,9.9,0.171117,0.0371,7.4985,0.134017,0.522499,-0.85264,0
6355,9.9167,0.1717,0.0391,7.6311,0.1326,0.518773,-0.854912,0
6356,9.9333,0.169983,0.0384,7.7627,0.131583,0.515038,-0.857167,0
6357,9.95,0.170333,0.0359,7.8971,0.134433,0.511293,-0.859406,0
6358,9.9667,0.1785,0.0367,8.0389,0.1418,0.507538,-0.861629,0
6359,9.9833,0.176383,0.0369,8.1784,0.139483,0.503774,-0.863836,0
6360,10.0,0.174983,0.0396,8.3138,0.135383,0.5,-0.866025,0
6361,10.0167,0.177317,0.0356,8.4555,0.141717,0.496217,-0.868199,0
6362,10.0333,0.1753,0.0341,8.5967,0.1412,0.492424,-0.870356,0
6363,10.05,0.1751,0.0368,8.735,0.1383,0.488621,-0.872496,0
6364,10.0667,0.1796,0.0371,8.8775,0.1425,0.48481,-0.87462,0
6365,10.0833,0.173783,0.0403,9.011,0.133483,0.480989,-0.876727,0
6366,10.1,0.17905,0.0383,9.1517,0.14075,0.477159,-0.878817,0
6367,10.1167,0.179217,0.0386,9.2923,0.140617,0.47332,-0.880891,0
6368,10.1333,0.177483,0.0367,9.4331,0.140783,0.469472,-0.882948,0
6369,10.15,0.175017,0.0401,9.568,0.134917,0.465615,-0.884988,0
6370,10.1667,0.176567,0.0344,9.7102,0.142167,0.461749,-0.887011,0
6371,10.1833,0.18015,0.0375,9.8529,0.14265,0.457874,-0.889017,0
6372,10.2,0.175183,0.0365,9.9916,0.138683,0.45399,-0.891007,0
6373,10.2167,0.179783,0.0389,10.1325,0.140883,0.450098,-0.892979,0
6374,10.2333,0.173517,0.0398,10.2662,0.133717,0.446198,-0.894934,0
6375,10.25,0.179017,0.0396,10.4056,0.139417,0.442289,-0.896873,0
6376,10.2667,0.183833,0.0413,10.5481,0.142533,0.438371,-0.898794,0
6377,10.2833,0.177483,0.0375,10.6881,0.139983,0.434445,-0.900698,0
6378,10.3,0.1805,0.0373,10.8313,0.1432,0.430511,-0.902585,0
6379,10.3167,0.1833,0.0396,10.975,0.1437,0.426569,-0.904455,0
6380,10.3333,0.18345,0.0372,11.1212,0.14625,0.422618,-0.906308,0
6381,10.35,0.182283,0.0357,11.2678,0.146583,0.41866,-0.908143,0
6382,10.3667,0.18065,0.0396,11.4088,0.14105,0.414693,-0.909961,0
6383,10.3833,0.182567,0.0376,11.5538,0.144967,0.410719,-0.911762,0
6384,10.4,0.184317,0.0354,11.7027,0.148917,0.406737,-0.913545,0
6385,10.4167,0.182083,0.0392,11.8456,0.142883,0.402747,-0.915311,0
6386,10.4333,0.1845,0.038,11.9921,0.1465,0.398749,-0.91706,0
6387,10.45,0.18295,0.0355,12.1395,0.14745,0.394744,-0.918791,0
6388,10.4667,0.184883,0.0377,12.2867,0.147183,0.390731,-0.920505,0
6389,10.4833,0.184067,0.0383,12.4325,0.145767,0.386711,-0.922201,0
6390,10.5,0.187017,0.0387,12.5808,0.148317,0.382683,-0.92388,0
6391,10.5167,0.189533,0.0357,12.7346,0.153833,0.378649,-0.925541,0
6392,10.5333,0.1837,0.0378,12.8805,0.1459,0.374607,-0.927184,0
6393,10.55,0.186617,0.0378,13.0293,0.148817,0.370557,-0.92881,0
6394,10.5667,0.184317,0.0396,13.174,0.144717,0.366501,-0.930418,0
6395,10.5833,0.184333,0.0332,13.3251,0.151133,0.362438,-0.932008,0
6396,10.6,0.189317,0.0368,13.4776,0.152517,0.358368,-0.93358,0
6397,10.6167,0.18645,0.0347,13.6294,0.15175,0.354291,-0.935135,0
6398,10.6333,0.182983,0.0361,13.7763,0.146883,0.350207,-0.936672,0
6399,10.65,0.186883,0.0345,13.9287,0.152383,0.346117,-0.938191,0
6400,10.6667,0.1878,0.0382,14.0783,0.1496,0.34202,-0.939693,0
6401,10.6833,0.1886,0.0352,14.2317,0.1534,0.337917,-0.941176,0
6402,10.7,0.188133,0.0358,14.384,0.152333,0.333807,-0.942641,0
6403,10.7167,0.191583,0.0395,14.5361,0.152083,0.329691,-0.944089,0
6404,10.7333,0.1845,0.0385,14.6821,0.146,0.325568,-0.945519,0
6405,10.75,0.18875,0.0351,14.8358,0.15365,0.321439,-0.94693,0
6406,10.7667,0.19155,0.0383,14.9891,0.15325,0.317305,-0.948324,0
6407,10.7833,0.187817,0.0383,15.1386,0.149517,0.313164,-0.949699,0
6408,10.8,0.19045,0.0398,15.2893,0.15065,0.309017,-0.951057,0
6409,10.8167,0.186,0.0384,15.4369,0.1476,0.304864,-0.952396,0
6410,10.8333,0.191317,0.0343,15.5939,0.157017,0.300706,-0.953717,0
6411,10.85,0.19585,0.0388,15.7509,0.15705,0.296542,-0.95502,0
6412,10.8667,0.189667,0.0366,15.904,0.153067,0.292372,-0.956305,0
6413,10.8833,0.190317,0.0365,16.0578,0.153817,0.288196,-0.957571,0
6414,10.9,0.19275,0.0394,16.2111,0.15335,0.284015,-0.95882,0
6415,10.9167,0.192533,0.0382,16.3654,0.154333,0.279829,-0.96005,0
6416,10.9333,0.190017,0.0384,16.517,0.151617,0.275637,-0.961262,0
6417,10.95,0.20055,0.038,16.6795,0.16255,0.27144,-0.962455,0
6418,10.9667,0.19215,0.0409,16.8308,0.15125,0.267238,-0.96363,0
6419,10.9833,0.192633,0.0347,16.9887,0.157933,0.263031,-0.964787,0
6420,11.0,0.197567,0.0345,17.1518,0.163067,0.258819,-0.965926,0
6421,11.0167,0.1953,0.0353,17.3118,0.16,0.254602,-0.967046,0
6422,11.0333,0.191117,0.036,17.4669,0.155117,0.25038,-0.968148,0
6423,11.05,0.195317,0.036,17.6262,0.159317,0.246153,-0.969231,0
6424,11.0667,0.19835,0.0393,17.7853,0.15905,0.241922,-0.970296,0
6425,11.0833,0.196383,0.0349,17.9468,0.161483,0.237686,-0.971342,0
6426,11.1,0.19065,0.0406,18.0,0.15005,0.233445,-0.97237,0
6427,11.1167,0.1916,0.0351,18.0,0.1565,0.2292,-0.973379,0
6428,11.1333,0.1917,0.038,18.0,0.1537,0.224951,-0.97437,0
6429,11.15,0.1982,0.0345,18.0,0.1637,0.220697,-0.975342,0
6430,11.1667,0.197183,0.0346,18.0,0.162583,0.21644,-0.976296,0
6431,11.1833,0.194283,0.0377,18.0,0.156583,0.212178,-0.977231,0
6432,11.2,0.19175,0.0365,18.0,0.15525,0.207912,-0.978148,0
6433,11.2167,0.195683,0.0371,18.0,0.158583,0.203642,-0.979045,0
6434,11.2333,0.199533,0.0374,18.0,0.162133,0.199368,-0.979925,0
6435,11.25,0.20005,0.0355,18.0,0.16455,0.19509,-0.980785,0
6436,11.2667,0.196567,0.0369,18.0,0.159667,0.190809,-0.981627,0
6437,11.2833,0.199967,0.0405,18.0,0.159467,0.186524,-0.98245,0
6438,11.3,0.20185,0.0375,18.0,0.16435,0.182236,-0.983255,0
6439,11.3167,0.1977,0.038,18.0,0.1597,0.177944,-0.984041,0
6440,11.3333,0.201217,0.0378,18.0,0.163417,0.173648,-0.984808,0
6441,11.35,0.1983,0.0374,18.0,0.1609,0.16935,-0.985556,0
6442,11.3667,0.1985,0.0365,18.0,0.162,0.165048,-0.986286,0
6443,11.3833,0.196167,0.0379,18.0,0.158267,0.160743,-0.986996,0
6444,11.4,0.198567,0.0374,18.0,0.161167,0.156434,-0.987688,0
6445,11.4167,0.199417,0.0368,18.0,0.162617,0.152123,-0.988362,0
6446,11.4333,0.198817,0.041,18.0,0.157817,0.147809,-0.989016,0
6447,11.45,0.1985,0.0387,18.0,0.1598,0.143493,-0.989651,0
6448,11.4667,0.19545,0.0388,18.0,0.15665,0.139173,-0.990268,0
6449,11.4833,0.200667,0.0359,18.0,0.164767,0.134851,-0.990866,0
6450,11.5,0.197433,0.0371,18.0,0.160333,0.130526,-0.991445,0
6451,11.5167,0.197683,0.0364,18.0,0.161283,0.126199,-0.992005,0
6452,11.5333,0.194167,0.042,18.0,0.152167,0.121869,-0.992546,0
6453,11.55,0.19945,0.0373,18.0,0.16215,0.117537,-0.993068,0
6454,11.5667,0.198083,0.0367,18.0,0.161383,0.113203,-0.993572,0
6455,11.5833,0.1971,0.0389,18.0,0.1582,0.108867,-0.994056,0
6456,11.6,0.198717,0.0354,18.0,0.163317,0.104528,-0.994522,0
6457,11.6167,0.197133,0.0418,18.0,0.155333,0.100188,-0.994969,0
6458,11.6333,0.19785,0.037,18.0,0.16085,0.095846,-0.995396,0
6459,11.65,0.202717,0.0361,18.0,0.166617,0.091502,-0.995805,0
6460,11.6667,0.201483,0.0371,18.0,0.164383,0.087156,-0.996195,0
6461,11.6833,0.2022,0.0393,18.0,0.1629,0.082808,-0.996566,0
6462,11.7,0.2031,0.0351,18.0,0.168,0.078459,-0.996917,0
6463,11.7167,0.202767,0.0384,18.0,0.164367,0.074108,-0.99725,0
6464,11.7333,0.203783,0.0347,18.0,0.169083,0.069756,-0.997564,0
6465,11.75,0.1982,0.0393,18.0,0.1589,0.065403,-0.997859,0
6466,11.7667,0.196867,0.0382,18.0,0.158667,0.061049,-0.998135,0
6467,11.7833,0.198417,0.0387,18.0,0.159717,0.056693,-0.998392,0
6468,11.8,0.202183,0.0375,18.0,0.164683,0.052336,-0.99863,0
6469,11.8167,0.20035,0.0372,18.0,0.16315,0.047978,-0.998848,0
6470,11.8333,0.201983,0.0398,18.0,0.162183,0.043619,-0.999048,0
6471,11.85,0.19705,0.0401,18.0,0.15695,0.03926,-0.999229,0
6472,11.8667,0.199017,0.0379,18.0,0.161117,0.034899,-0.999391,0
6473,11.8833,0.201267,0.0403,18.0,0.160967,0.030539,-0.999534,0
6474,11.9,0.2046,0.0391,18.0,0.1655,0.026177,-0.999657,0
6475,11.9167,0.202667,0.0353,18.0,0.167367,0.021815,-0.999762,0
6476,11.9333,0.1944,0.0371,18.0,0.1573,0.017452,-0.999848,0
6477,11.95,0.20115,0.0387,18.0,0.16245,0.01309,-0.999914,0
6478,11.9667,0.198067,0.0404,18.0,0.157667,0.008727,-0.999962,0
6479,11.9833,0.199733,0.0343,18.0,0.165433,0.004363,-0.99999,0
6480,12.0,0.19985,0.0366,18.0,0.16325,0.0,-1.0,0
6481,12.0167,0.199183,0.0368,18.0,0.162383,-0.004363,-0.99999,0
6482,12.0333,0.200667,0.0356,18.0,0.165067,-0.008727,-0.999962,0
6483,12.05,0.198,0.0361,18.0,0.1619,-0.01309,-0.999914,0
6484,12.0667,0.1995,0.04,18.0,0.1595,-0.017452,-0.999848,0
6485,12.0833,0.195517,0.0376,18.0,0.157917,-0.021815,-0.999762,0
6486,12.1,0.198833,0.0386,18.0,0.160233,-0.026177,-0.999657,0
6487,12.1167,0.1994,0.0368,18.0,0.1626,-0.030539,-0.999534,0
6488,12.1333,0.201417,0.0366,18.0,0.164817,-0.034899,-0.999391,0
6489,12.15,0.205,0.0369,18.0,0.1681,-0.03926,-0.999229,0
6490,12.1667,0.1983,0.0408,18.0,0.1575,-0.043619,-0.999048,0
6491,12.1833,0.2032,0.0419,18.0,0.1613,-0.047978,-0.998848,0
6492,12.2,0.203,0.038,18.0,0.165,-0.052336,-0.99863,0
6493,12.2167,0.20135,0.0421,18.0,0.15925,-0.056693,-0.998392,0
6494,12.2333,0.201583,0.0354,18.0,0.166183,-0.061049,-0.998135,0
6495,12.25,0.200817,0.0373,18.0,0.163517,-0.065403,-0.997859,0
6496,12.2667,0.2002,0.0367,18.0,0.1635,-0.069756,-0.997564,0
6497,12.2833,0.197833,0.0378,18.0,0.160033,-0.074108,-0.99725,0
6498,12.3,0.196683,0.0347,18.0,0.161983,-0.078459,-0.996917,0
6499,12.3167,0.19965,0.0385,18.0,0.16115,-0.082808,-0.996566,0
6500,12.3333,0.19885,0.036,18.0,0.16285,-0.087156,-0.996195,0
6501,12.35,0.200617,0.0353,18.0,0.165317,-0.091502,-0.995805,0
6502,12.3667,0.200167,0.0378,18.0,0.162367,-0.095846,-0.995396,0
6503,12.3833,0.200567,0.0353,18.0,0.165267,-0.100188,-0.994969,0
6504,12.4,0.198767,0.0332,18.0,0.165567,-0.104528,-0.994522,0
6505,12.4167,0.201517,0.0387,18.0,0.162817,-0.108867,-0.994056,0
6506,12.4333,0.197733,0.0388,18.0,0.158933,-0.113203,-0.993572,0
6507,12.45,0.1997,0.0384,18.0,0.1613,-0.117537,-0.993068,0
6508,12.4667,0.2027,0.0395,18.0,0.1632,-0.121869,-0.992546,0
6509,12.4833,0.194317,0.0426,18.0,0.151717,-0.126199,-0.992005,0
6510,12.5,0.194383,0.0385,18.0,0.155883,-0.130526,-0.991445,0
6511,12.5167,0.196517,0.0402,18.0,0.156317,-0.134851,-0.990866,0
6512,12.5333,0.195617,0.0383,18.0,0.157317,-0.139173,-0.990268,0
6513,12.55,0.200983,0.0348,18.0,0.166183,-0.143493,-0.989651,0
6514,12.5667,0.19855,0.0395,18.0,0.15905,-0.147809,-0.989016,0
6515,12.5833,0.1963,0.0372,18.0,0.1591,-0.152123,-0.988362,0
6516,12.6,0.200583,0.0391,18.0,0.161483,-0.156434,-0.987688,0
6517,12.6167,0.2,0.0388,18.0,0.1612,-0.160743,-0.986996,0
6518,12.6333,0.19665,0.0362,18.0,0.16045,-0.165048,-0.986286,0
6519,12.65,0.19795,0.0361,18.0,0.16185,-0.16935,-0.985556,0
6520,12.6667,0.19725,0.0355,18.0,0.16175,-0.173648,-0.984808,0
6521,12.6833,0.193917,0.0372,18.0,0.156717,-0.177944,-0.984041,0
6522,12.7,0.193417,0.0368,18.0,0.156617,-0.182236,-0.983255,0
6523,12.7167,0.194033,0.0387,18.0,0.155333,-0.186524,-0.98245,0
6524,12.7333,0.191983,0.0391,18.0,0.152883,-0.190809,-0.981627,0
6525,12.75,0.199633,0.0394,18.0,0.160233,-0.19509,-0.980785,0
6526,12.7667,0.19315,0.0403,18.0,0.15285,-0.199368,-0.979925,0
6527,12.7833,0.198217,0.0357,18.0,0.162517,-0.203642,-0.979045,0
6528,12.8,0.192117,0.0367,18.0,0.155417,-0.207912,-0.978148,0
6529,12.8167,0.194333,0.0362,18.0,0.158133,-0.212178,-0.977231,0
6530,12.8333,0.1963,0.0386,18.0,0.1577,-0.21644,-0.976296,0
6531,12.85,0.1921,0.0404,18.0,0.1517,-0.220697,-0.975342,0
6532,12.8667,0.191767,0.0372,18.0,0.154567,-0.224951,-0.97437,0
6533,12.8833,0.193983,0.0352,18.0,0.158783,-0.2292,-0.973379,0
6534,12.9,0.199717,0.0357,18.0,0.164017,-0.233445,-0.97237,0
6535,12.9167,0.193517,0.0379,18.0,0.155617,-0.237686,-0.971342,0
6536,12.9333,0.192217,0.0356,18.0,0.156617,-0.241922,-0.970296,0
6537,12.95,0.191433,0.037,18.0,0.154433,-0.246153,-0.969231,0
6538,12.9667,0.192283,0.0352,18.0,0.157083,-0.25038,-0.968148,0
6539,12.9833,0.195517,0.038,18.0,0.157517,-0.254602,-0.967046,0
6540,13.0,0.191617,0.038,18.0,0.153617,-0.258819,-0.965926,0
6541,13.0167,0.197633,0.035,18.0,0.162633,-0.263031,-0.964787,0
6542,13.0333,0.1938,0.0388,18.0,0.155,-0.267238,-0.96363,0
6543,13.05,0.190117,0.0392,18.0,0.150917,-0.27144,-0.962455,0
6544,13.0667,0.19235,0.0375,18.0,0.15485,-0.275637,-0.961262,0
6545,13.0833,0.193433,0.0331,18.0,0.160333,-0.279829,-0.96005,0
6546,13.1,0.19025,0.038,18.0,0.15225,-0.284015,-0.95882,0
6547,13.1167,0.195017,0.0384,18.0,0.156617,-0.288196,-0.957571,0
6548,13.1333,0.191033,0.042,18.0,0.149033,-0.292372,-0.956305,0
6549,13.15,0.1895,0.0365,18.0,0.153,-0.296542,-0.95502,0
6550,13.1667,0.191183,0.0367,18.0,0.154483,-0.300706,-0.953717,0
6551,13.1833,0.190067,0.037,18.0,0.153067,-0.304864,-0.952396,0
6552,13.2,0.185883,0.0376,18.0,0.148283,-0.309017,-0.951057,0
6553,13.2167,0.191117,0.0411,18.0,0.150017,-0.313164,-0.949699,0
6554,13.2333,0.193583,0.0372,18.0,0.156383,-0.317305,-0.948324,0
6555,13.25,0.1887,0.0362,18.0,0.1525,-0.321439,-0.94693,0
6556,13.2667,0.18805,0.0373,18.0,0.15075,-0.325568,-0.945519,0
6557,13.2833,0.188817,0.0383,18.0,0.150517,-0.329691,-0.944089,0
6558,13.3,0.18605,0.0384,18.0,0.14765,-0.333807,-0.942641,0
6559,13.3167,0.18875,0.0376,18.0,0.15115,-0.337917,-0.941176,0
6560,13.3333,0.1864,0.0373,18.0,0.1491,-0.34202,-0.939693,0
6561,13.35,0.189033,0.0373,18.0,0.151733,-0.346117,-0.938191,0
6562,13.3667,0.185967,0.0382,18.0,0.147767,-0.350207,-0.936672,0
6563,13.3833,0.190217,0.0376,18.0,0.152617,-0.354291,-0.935135,0
6564,13.4,0.187283,0.0351,18.0,0.152183,-0.358368,-0.93358,0
6565,13.4167,0.187017,0.0342,18.0,0.152817,-0.362438,-0.932008,0
6566,13.4333,0.185983,0.0345,18.0,0.151483,-0.366501,-0.930418,0
6567,13.45,0.187367,0.0362,18.0,0.151167,-0.370557,-0.92881,0
6568,13.4667,0.188283,0.0372,18.0,0.151083,-0.374607,-0.927184,0
6569,13.4833,0.187633,0.035,18.0,0.152633,-0.378649,-0.925541,0
6570,13.5,0.182667,0.0395,18.0,0.143167,-0.382683,-0.92388,0
6571,13.5167,0.183467,0.039,18.0,0.144467,-0.386711,-0.922201,0
6572,13.5333,0.182,0.0387,18.0,0.1433,-0.390731,-0.920505,0
6573,13.55,0.185933,0.0347,18.0,0.151233,-0.394744,-0.918791,0
6574,13.5667,0.185933,0.0386,18.0,0.147333,-0.398749,-0.91706,0
6575,13.5833,0.181133,0.0378,18.0,0.143333,-0.402747,-0.915311,0
6576,13.6,0.18925,0.0366,18.0,0.15265,-0.406737,-0.913545,0
6577,13.6167,0.180217,0.0382,18.0,0.142017,-0.410719,-0.911762,0
6578,13.6333,0.184783,0.0378,18.0,0.146983,-0.414693,-0.909961,0
6579,13.65,0.180017,0.0367,18.0,0.143317,-0.41866,-0.908143,0
6580,13.6667,0.1785,0.0832,18.0,0.0953,-0.422618,-0.906308,0
6581,13.6833,0.183567,0.0815,18.0,0.102067,-0.426569,-0.904455,0
6582,13.7,0.183533,0.0791,18.0,0.104433,-0.430511,-0.902585,0
6583,13.7167,0.182033,0.0776,18.0,0.104433,-0.434445,-0.900698,0
6584,13.7333,0.1794,0.0816,18.0,0.0978,-0.438371,-0.898794,0
6585,13.75,0.17745,0.0768,18.0,0.10065,-0.442289,-0.896873,0
6586,13.7667,0.179667,0.0772,18.0,0.102467,-0.446198,-0.894934,0
6587,13.7833,0.182217,0.0824,18.0,0.099817,-0.450098,-0.892979,0
6588,13.8,0.1746,0.0783,18.0,0.0963,-0.45399,-0.891007,0
6589,13.8167,0.176133,0.0761,18.0,0.100033,-0.457874,-0.889017,0
6590,13.8333,0.17455,0.0805,18.0,0.09405,-0.461749,-0.887011,0
6591,13.85,0.175267,0.0785,18.0,0.096767,-0.465615,-0.884988,0
6592,13.8667,0.1783,0.0796,18.0,0.0987,-0.469472,-0.882948,0
6593,13.8833,0.173283,0.076,18.0,0.097283,-0.47332,-0.880891,0
6594,13.9,0.175417,0.0809,18.0,0.094517,-0.477159,-0.878817,0
6595,13.9167,0.176367,0.0828,18.0,0.093567,-0.480989,-0.876727,0
6596,13.9333,0.174717,0.0841,18.0,0.090617,-0.48481,-0.87462,0
6597,13.95,0.174933,0.0853,18.0,0.089633,-0.488621,-0.872496,0
6598,13.9667,0.1752,0.0787,18.0,0.0965,-0.492424,-0.870356,0
6599,13.9833,0.172017,0.0807,18.0,0.091317,-0.496217,-0.868199,0
6600,14.0,0.172833,0.0797,18.0,0.093133,-0.5,-0.866025,0
6601,14.0167,0.17465,0.0788,18.0,0.09585,-0.503774,-0.863836,0
6602,14.0333,0.16595,0.0797,18.0,0.08625,-0.507538,-0.861629,0
6603,14.05,0.169333,0.0807,18.0,0.088633,-0.511293,-0.859406,0
6604,14.0667,0.172267,0.0807,18.0,0.091567,-0.515038,-0.857167,0
6605,14.0833,0.170183,0.0799,18.0,0.090283,-0.518773,-0.854912,0
6606,14.1,0.171133,0.078,18.0,0.093133,-0.522499,-0.85264,0
6607,14.1167,0.16855,0.0824,18.0,0.08615,-0.526214,-0.850352,0
6608,14.1333,0.17175,0.0795,18.0,0.09225,-0.529919,-0.848048,0
6609,14.15,0.1683,0.0819,18.0,0.0864,-0.533615,-0.845728,0
6610,14.1667,0.169567,0.0788,18.0,0.090767,-0.5373,-0.843391,0
6611,14.1833,0.166667,0.078,18.0,0.088667,-0.540974,-0.841039,0
6612,14.2,0.167283,0.0796,18.0,0.087683,-0.544639,-0.838671,0
6613,14.2167,0.16615,0.0805,18.0,0.08565,-0.548293,-0.836286,0
6614,14.2333,0.172367,0.0785,18.0,0.093867,-0.551937,-0.833886,0
6615,14.25,0.1669,0.0787,18.0,0.0882,-0.55557,-0.83147,0
6616,14.2667,0.16715,0.0802,18.0,0.08695,-0.559193,-0.829038,0
6617,14.2833,0.1648,0.0801,18.0,0.0847,-0.562805,-0.82659,0
6618,14.3,0.1663,0.0786,18.0,0.0877,-0.566406,-0.824126,0
6619,14.3167,0.166083,0.078,18.0,0.088083,-0.569997,-0.821647,0
6620,14.3333,0.164433,0.0784,18.0,0.086033,-0.573576,-0.819152,0
6621,14.35,0.1655,0.082,18.0,0.0835,-0.577145,-0.816642,0
6622,14.3667,0.164417,0.0786,18.0,0.085817,-0.580703,-0.814116,0
6623,14.3833,0.166,0.0777,18.0,0.0883,-0.58425,-0.811574,0
6624,14.4,0.15905,0.0797,18.0,0.07935,-0.587785,-0.809017,0
6625,14.4167,0.160883,0.0845,18.0,0.076383,-0.59131,-0.806445,0
6626,14.4333,0.167183,0.082,18.0,0.085183,-0.594823,-0.803857,0
6627,14.45,0.152667,0.0832,18.0,0.069467,-0.598325,-0.801254,0
6628,14.4667,0.154967,0.0782,18.0,0.076767,-0.601815,-0.798636,0
6629,14.4833,0.157567,0.0772,18.0,0.080367,-0.605294,-0.796002,0
6630,14.5,0.1584,0.0765,18.0,0.0819,-0.608761,-0.793353,0
6631,14.5167,0.15695,0.0817,18.0,0.07525,-0.612217,-0.79069,0
6632,14.5333,0.154617,0.0772,18.0,0.077417,-0.615661,-0.788011,0
6633,14.55,0.158883,0.0824,18.0,0.076483,-0.619094,-0.785317,0
6634,14.5667,0.157767,0.0796,18.0,0.078167,-0.622515,-0.782608,0
6635,14.5833,0.155417,0.0831,18.0,0.072317,-0.625923,-0.779884,0
6636,14.6,0.152333,0.0784,18.0,0.073933,-0.62932,-0.777146,0
6637,14.6167,0.159083,0.079,18.0,0.080083,-0.632705,-0.774393,0
6638,14.6333,0.156267,0.0784,18.0,0.077867,-0.636078,-0.771625,0
6639,14.65,0.157217,0.0818,18.0,0.075417,-0.639439,-0.768842,0
6640,14.6667,0.152317,0.0795,18.0,0.072817,-0.642788,-0.766044,0
6641,14.6833,0.153283,0.0817,18.0,0.071583,-0.646124,-0.763232,0
6642,14.7,0.152583,0.0819,18.0,0.070683,-0.649448,-0.760406,0
6643,14.7167,0.150967,0.0818,18.0,0.069167,-0.65276,-0.757565,0
6644,14.7333,0.150783,0.0805,18.0,0.070283,-0.656059,-0.75471,0
6645,14.75,0.14915,0.0779,18.0,0.07125,-0.659346,-0.75184,0
6646,14.7667,0.150667,0.0795,18.0,0.071167,-0.66262,-0.748956,0
6647,14.7833,0.152467,0.0785,18.0,0.073967,-0.665882,-0.746057,0
6648,14.8,0.152933,0.0778,18.0,0.075133,-0.669131,-0.743145,0
6649,14.8167,0.145617,0.0827,18.0,0.062917,-0.672367,-0.740218,0
6650,14.8333,0.14455,0.0807,18.0,0.06385,-0.67559,-0.737277,0
6651,14.85,0.147017,0.0787,18.0,0.068317,-0.678801,-0.734323,0
6652,14.8667,0.143767,0.0804,18.0,0.063367,-0.681998,-0.731354,0
6653,14.8833,0.146567,0.08,18.0,0.066567,-0.685183,-0.728371,0
6654,14.9,0.142983,0.0806,18.0,0.062383,-0.688355,-0.725374,0
6655,14.9167,0.148467,0.0784,18.0,0.070067,-0.691513,-0.722364,0
6656,14.9333,0.146,0.0811,18.0,0.0649,-0.694658,-0.71934,0
6657,14.95,0.1463,0.0336,18.0,0.1127,-0.69779,-0.716302,0
6658,14.9667,0.139217,0.0364,18.0,0.102817,-0.700909,-0.71325,0
6659,14.9833,0.13985,0.0362,18.0,0.10365,-0.704015,-0.710185,0
6660,15.0,0.141383,0.039,18.0,0.102383,-0.707107,-0.707107,0
6661,15.0167,0.141917,0.0379,18.0,0.104017,-0.710185,-0.704015,0
6662,15.0333,0.139867,0.0378,18.0,0.102067,-0.71325,-0.700909,0
6663,15.05,0.140467,0.0386,18.0,0.101867,-0.716302,-0.69779,0
6664,15.0667,0.13985,0.0358,18.0,0.10405,-0.71934,-0.694658,0
6665,15.0833,0.140617,0.0393,18.0,0.101317,-0.722364,-0.691513,0
6666,15.1,0.1346,0.0367,18.0,0.0979,-0.725374,-0.688355,0
6667,15.1167,0.135183,0.038,18.0,0.097183,-0.728371,-0.685183,0
6668,15.1333,0.139217,0.0363,18.0,0.102917,-0.731354,-0.681998,0
6669,15.15,0.137567,0.039,18.0,0.098567,-0.734323,-0.678801,0
6670,15.1667,0.134683,0.0345,18.0,0.100183,-0.737277,-0.67559,0
6671,15.1833,0.137967,0.0356,18.0,0.102367,-0.740218,-0.672367,0
6672,15.2,0.13765,0.0382,18.0,0.09945,-0.743145,-0.669131,0
6673,15.2167,0.134367,0.0373,18.0,0.097067,-0.746057,-0.665882,0
6674,15.2333,0.134933,0.0376,18.0,0.097333,-0.748956,-0.66262,0
6675,15.25,0.132433,0.0389,18.0,0.093533,-0.75184,-0.659346,0
6676,15.2667,0.125967,0.0369,18.0,0.089067,-0.75471,-0.656059,0
6677,15.2833,0.129917,0.038,18.0,0.091917,-0.757565,-0.65276,0
6678,15.3,0.128167,0.0332,18.0,0.094967,-0.760406,-0.649448,0
6679,15.3167,0.126733,0.0368,18.0,0.089933,-0.763232,-0.646124,0
6680,15.3333,0.126883,0.0353,18.0,0.091583,-0.766044,-0.642788,0
6681,15.35,0.131117,0.0362,18.0,0.094917,-0.768842,-0.639439,0
6682,15.3667,0.1254,0.037,18.0,0.0884,-0.771625,-0.636078,0
6683,15.3833,0.126683,0.0369,18.0,0.089783,-0.774393,-0.632705,0
6684,15.4,0.125567,0.0412,18.0,0.084367,-0.777146,-0.62932,0
6685,15.4167,0.1273,0.036,18.0,0.0913,-0.779884,-0.625923,0
6686,15.4333,0.121567,0.0373,18.0,0.084267,-0.782608,-0.622515,0
6687,15.45,0.1239,0.0379,18.0,0.086,-0.785317,-0.619094,0
6688,15.4667,0.127717,0.0386,18.0,0.089117,-0.788011,-0.615661,0
6689,15.4833,0.123317,0.0396,18.0,0.083717,-0.79069,-0.612217,0
6690,15.5,0.121183,0.0369,18.0,0.084283,-0.793353,-0.608761,0
6691,15.5167,0.116967,0.0376,18.0,0.079367,-0.796002,-0.605294,0
6692,15.5333,0.123917,0.0389,18.0,0.085017,-0.798636,-0.601815,0
6693,15.55,0.11995,0.036,18.0,0.08395,-0.801254,-0.598325,0
6694,15.5667,0.119,0.0372,18.0,0.0818,-0.803857,-0.594823,0
6695,15.5833,0.121917,0.0359,18.0,0.086017,-0.806445,-0.59131,0
6696,15.6,0.1168,0.0378,18.0,0.079,-0.809017,-0.587785,0
6697,15.6167,0.1156,0.0347,18.0,0.0809,-0.811574,-0.58425,0
6698,15.6333,0.112367,0.0369,18.0,0.075467,-0.814116,-0.580703,0
6699,15.65,0.116517,0.0361,18.0,0.080417,-0.816642,-0.577145,0
6700,15.6667,0.113983,0.0401,18.0,0.073883,-0.819152,-0.573576,0
6701,15.6833,0.110983,0.0379,18.0,0.073083,-0.821647,-0.569997,0
6702,15.7,0.1156,0.0386,18.0,0.077,-0.824126,-0.566406,0
6703,15.7167,0.1125,0.0361,18.0,0.0764,-0.82659,-0.562805,0
6704,15.7333,0.10925,0.0361,18.0,0.07315,-0.829038,-0.559193,0
6705,15.75,0.113133,0.0367,18.0,0.076433,-0.83147,-0.55557,0
6706,15.7667,0.110433,0.0379,18.0,0.072533,-0.833886,-0.551937,0
6707,15.7833,0.10795,0.0383,18.0,0.06965,-0.836286,-0.548293,0
6708,15.8,0.1091,0.0368,18.0,0.0723,-0.838671,-0.544639,0
6709,15.8167,0.109083,0.0402,18.0,0.068883,-0.841039,-0.540974,0
6710,15.8333,0.11425,0.0412,18.0,0.07305,-0.843391,-0.5373,0
6711,15.85,0.10705,0.0361,18.0,0.07095,-0.845728,-0.533615,0
6712,15.8667,0.101333,0.0351,18.0,0.066233,-0.848048,-0.529919,0
6713,15.8833,0.1029,0.0407,18.0,0.0622,-0.850352,-0.526214,0
6714,15.9,0.108133,0.04,18.0,0.068133,-0.85264,-0.522499,0
6715,15.9167,0.103783,0.0377,18.0,0.066083,-0.854912,-0.518773,0
6716,15.9333,0.109567,0.0362,18.0,0.073367,-0.857167,-0.515038,0
6717,15.95,0.101867,0.0401,18.0,0.061767,-0.859406,-0.511293,0
6718,15.9667,0.101883,0.0384,18.0,0.063483,-0.861629,-0.507538,0
6719,15.9833,0.097783,0.0341,18.0,0.063683,-0.863836,-0.503774,0
6720,16.0,0.1006,0.0353,18.0,0.0653,-0.866025,-0.5,0
6721,16.0167,0.097067,0.0355,18.0,0.061567,-0.868199,-0.496217,0
6722,16.0333,0.09675,0.0375,18.0,0.05925,-0.870356,-0.492424,0
6723,16.05,0.094533,0.0373,18.0,0.057233,-0.872496,-0.488621,0
6724,16.0667,0.100467,0.0381,18.0,0.062367,-0.87462,-0.48481,0
6725,16.0833,0.092767,0.0373,18.0,0.055467,-0.876727,-0.480989,0
6726,16.1,0.095567,0.0361,18.0,0.059467,-0.878817,-0.477159,0
6727,16.1167,0.092417,0.0405,18.0,0.051917,-0.880891,-0.47332,0
6728,16.1333,0.098567,0.0347,18.0,0.063867,-0.882948,-0.469472,0
6729,16.15,0.094133,0.0358,18.0,0.058333,-0.884988,-0.465615,0
6730,16.1667,0.091483,0.0353,18.0,0.056183,-0.887011,-0.461749,0
6731,16.1833,0.08815,0.0389,18.0,0.04925,-0.889017,-0.457874,0
6732,16.2,0.090633,0.0375,18.0,0.053133,-0.891007,-0.45399,0
6733,16.2167,0.087667,0.0353,18.0,0.052367,-0.892979,-0.450098,0
6734,16.2333,0.090467,0.0395,18.0,0.050967,-0.894934,-0.446198,0
6735,16.25,0.090667,0.038,18.0,0.052667,-0.896873,-0.442289,0
6736,16.2667,0.089983,0.0394,18.0,0.050583,-0.898794,-0.438371,0
6737,16.2833,0.088183,0.0364,18.0,0.051783,-0.900698,-0.434445,0
6738,16.3,0.084467,0.0362,18.0,0.048267,-0.902585,-0.430511,0
6739,16.3167,0.085967,0.0406,18.0,0.045367,-0.904455,-0.426569,0
6740,16.3333,0.087767,0.038,18.0,0.049767,-0.906308,-0.422618,0
6741,16.35,0.088,0.0362,18.0,0.0518,-0.908143,-0.41866,0
6742,16.3667,0.081033,0.0411,18.0,0.039933,-0.909961,-0.414693,0
6743,16.3833,0.084633,0.0405,18.0,0.044133,-0.911762,-0.410719,0
6744,16.4,0.079683,0.0322,18.0,0.047483,-0.913545,-0.406737,0
6745,16.4167,0.0792,0.04,18.0,0.0392,-0.915311,-0.402747,0
6746,16.4333,0.078617,0.037,18.0,0.041617,-0.91706,-0.398749,0
6747,16.45,0.082,0.0335,18.0,0.0485,-0.918791,-0.394744,0
6748,16.4667,0.078733,0.0372,18.0,0.041533,-0.920505,-0.390731,0
6749,16.4833,0.07625,0.038,18.0,0.03825,-0.922201,-0.386711,0
6750,16.5,0.075567,0.0391,18.0,0.036467,-0.92388,-0.382683,0
6751,16.5167,0.0746,0.0364,18.0,0.0382,-0.925541,-0.378649,0
6752,16.5333,0.073067,0.0371,18.0,0.035967,-0.927184,-0.374607,0
6753,16.55,0.0707,0.0362,18.0,0.0345,-0.92881,-0.370557,0
6754,16.5667,0.07455,0.0381,18.0,0.03645,-0.930418,-0.366501,0
6755,16.5833,0.071833,0.0366,18.0,0.035233,-0.932008,-0.362438,0
6756,16.6,0.078317,0.0383,18.0,0.040017,-0.93358,-0.358368,0
6757,16.6167,0.071733,0.0377,18.0,0.034033,-0.935135,-0.354291,0
6758,16.6333,0.067917,0.038,18.0,0.029917,-0.936672,-0.350207,0
6759,16.65,0.0731,0.0401,18.0,0.033,-0.938191,-0.346117,0
6760,16.6667,0.065367,0.0386,18.0,0.026767,-0.939693,-0.34202,0
6761,16.6833,0.069367,0.0396,18.0,0.029767,-0.941176,-0.337917,0
6762,16.7,0.067183,0.037,18.0,0.030183,-0.942641,-0.333807,0
6763,16.7167,0.065583,0.0318,18.0,0.033783,-0.944089,-0.329691,0
6764,16.7333,0.061783,0.0371,18.0,0.024683,-0.945519,-0.325568,0
6765,16.75,0.06295,0.038,18.0,0.02495,-0.94693,-0.321439,0
6766,16.7667,0.060067,0.0366,18.0,0.023467,-0.948324,-0.317305,0
6767,16.7833,0.05945,0.0376,18.0,0.02185,-0.949699,-0.313164,0
6768,16.8,0.064433,0.0399,18.0,0.024533,-0.951057,-0.309017,0
6769,16.8167,0.060817,0.0348,18.0,0.026017,-0.952396,-0.304864,0
6770,16.8333,0.057417,0.0386,18.0,0.018817,-0.953717,-0.300706,0
6771,16.85,0.061883,0.0371,18.0,0.024783,-0.95502,-0.296542,0
6772,16.8667,0.057617,0.0397,18.0,0.017917,-0.956305,-0.292372,0
6773,16.8833,0.057067,0.0368,18.0,0.020267,-0.957571,-0.288196,0
6774,16.9,0.05435,0.038,18.0,0.01635,-0.95882,-0.284015,0
6775,16.9167,0.055817,0.0382,18.0,0.017617,-0.96005,-0.279829,0
6776,16.9333,0.05315,0.0341,18.0,0.01905,-0.961262,-0.275637,0
6777,16.95,0.051567,0.0356,18.0,0.015967,-0.962455,-0.27144,0
6778,16.9667,0.05065,0.0367,18.0,0.01395,-0.96363,-0.267238,0
6779,16.9833,0.049633,0.0394,18.0,0.010233,-0.964787,-0.263031,0
6780,17.0,0.04835,0.0378,18.0,0.01055,-0.965926,-0.258819,0
6781,17.0167,0.05115,0.0391,18.0,0.01205,-0.967046,-0.254602,0
6782,17.0333,0.0527,0.0408,18.0,0.0119,-0.968148,-0.25038,0
6783,17.05,0.045533,0.0375,18.0,0.008033,-0.969231,-0.246153,0
6784,17.0667,0.050383,0.0363,18.0,0.014083,-0.970296,-0.241922,0
6785,17.0833,0.045833,0.0378,18.0,0.008033,-0.971342,-0.237686,0
6786,17.1,0.047483,0.039,18.0,0.008483,-0.97237,-0.233445,0
6787,17.1167,0.04865,0.0361,18.0,0.01255,-0.973379,-0.2292,0
6788,17.1333,0.044683,0.0349,18.0,0.009783,-0.97437,-0.224951,0
6789,17.15,0.039617,0.0387,18.0,0.000917,-0.975342,-0.220697,0
6790,17.1667,0.038233,0.0381,18.0,0.000133,-0.976296,-0.21644,0
6791,17.1833,0.0418,0.0356,18.0,0.0062,-0.977231,-0.212178,0
6792,17.2,0.039933,0.0348,18.0,0.005133,-0.978148,-0.207912,0
6793,17.2167,0.04185,0.0377,18.0,0.00415,-0.979045,-0.203642,0
6794,17.2333,0.0414,0.0389,18.0,0.0025,-0.979925,-0.199368,0
6795,17.25,0.038667,0.0354,18.0,0.003267,-0.980785,-0.19509,0
6796,17.2667,0.03955,0.0388,18.0,0.00075,-0.981627,-0.190809,0
6797,17.2833,0.039633,0.0394,18.0,0.000233,-0.98245,-0.186524,0
6798,17.3,0.039483,0.0345,18.0,0.004983,-0.983255,-0.182236,0
6799,17.3167,0.0378,0.0422,17.9956,-0.0044,-0.984041,-0.177944,0
6800,17.3333,0.034067,0.039,17.9907,-0.004933,-0.984808,-0.173648,0
6801,17.35,0.033517,0.0398,17.9844,-0.006283,-0.985556,-0.16935,0
6802,17.3667,0.033333,0.0392,17.9785,-0.005867,-0.986286,-0.165048,0
6803,17.3833,0.033167,0.0392,17.9725,-0.006033,-0.986996,-0.160743,0
6804,17.4,0.033867,0.0334,17.973,0.000467,-0.987688,-0.156434,0
6805,17.4167,0.027433,0.0397,17.9607,-0.012267,-0.988362,-0.152123,0
6806,17.4333,0.025367,0.0376,17.9485,-0.012233,-0.989016,-0.147809,0
6807,17.45,0.02545,0.0372,17.9367,-0.01175,-0.989651,-0.143493,0
6808,17.4667,0.0235,0.033,17.9272,-0.0095,-0.990268,-0.139173,0
6809,17.4833,0.02735,0.0406,17.9139,-0.01325,-0.990866,-0.134851,0
6810,17.5,0.0193,0.0359,17.8973,-0.0166,-0.991445,-0.130526,0
6811,17.5167,0.022217,0.0384,17.8811,-0.016183,-0.992005,-0.126199,0
6812,17.5333,0.024333,0.0365,17.8689,-0.012167,-0.992546,-0.121869,0
6813,17.55,0.020183,0.04,17.8491,-0.019817,-0.993068,-0.117537,0
6814,17.5667,0.0235,0.0375,17.8351,-0.014,-0.993572,-0.113203,0
6815,17.5833,0.0232,0.038,17.8203,-0.0148,-0.994056,-0.108867,0
6816,17.6,0.026633,0.0427,17.8042,-0.016067,-0.994522,-0.104528,0
6817,17.6167,0.024033,0.0373,17.7909,-0.013267,-0.994969,-0.100188,0
6818,17.6333,0.019117,0.0378,17.7722,-0.018683,-0.995396,-0.095846,0
6819,17.65,0.0165,0.035,17.7537,-0.0185,-0.995805,-0.091502,0
6820,17.6667,0.0193,0.04,17.733,-0.0207,-0.996195,-0.087156,0
6821,17.6833,0.0159,0.0392,17.7097,-0.0233,-0.996566,-0.082808,0
6822,17.7,0.011283,0.0364,17.6846,-0.025117,-0.996917,-0.078459,0
6823,17.7167,0.018533,0.0381,17.665,-0.019567,-0.99725,-0.074108,0
6824,17.7333,0.011867,0.0369,17.64,-0.025033,-0.997564,-0.069756,0
6825,17.75,0.01385,0.037,17.6169,-0.02315,-0.997859,-0.065403,0
6826,17.7667,0.01225,0.0358,17.5934,-0.02355,-0.998135,-0.061049,0
6827,17.7833,0.012367,0.0373,17.5685,-0.024933,-0.998392,-0.056693,0
6828,17.8,0.009,0.0362,17.5413,-0.0272,-0.99863,-0.052336,0
6829,17.8167,0.013767,0.0382,17.5169,-0.024433,-0.998848,-0.047978,0
6830,17.8333,0.004317,0.0338,17.4874,-0.029483,-0.999048,-0.043619,0
6831,17.85,0.0126,0.0351,17.4649,-0.0225,-0.999229,-0.03926,0
6832,17.8667,0.007617,0.0314,17.4411,-0.023783,-0.999391,-0.034899,0
6833,17.8833,0.000333,0.0348,17.4066,-0.034467,-0.999534,-0.030539,0
6834,17.9,0.00795,0.0368,17.3778,-0.02885,-0.999657,-0.026177,0
6835,17.9167,0.003917,0.0364,17.3453,-0.032483,-0.999762,-0.021815,0
6836,17.9333,0.005483,0.0373,17.3135,-0.031817,-0.999848,-0.017452,0
6837,17.95,0.0,0.0381,17.2754,-0.0381,-0.999914,-0.01309,0
6838,17.9667,0.0,0.0388,17.2366,-0.0388,-0.999962,-0.008727,0
6839,17.9833,0.0,0.0402,17.1964,-0.0402,-0.99999,-0.004363,0
6840,18.0,0.0,0.0822,17.1142,-0.0822,-1.0,-0.0,0
6841,18.0167,0.0,0.0881,17.0261,-0.0881,-0.99999,0.004363,0
6842,18.0333,0.0,0.0844,16.9417,-0.0844,-0.999962,0.008727,0
6843,18.05,0.0,0.0864,16.8553,-0.0864,-0.999914,0.01309,0
6844,18.0667,0.0,0.0908,16.7645,-0.0908,-0.999848,0.017452,0
6845,18.0833,0.0,0.0825,16.682,-0.0825,-0.999762,0.021815,0
6846,18.1,0.0,0.0843,16.5977,-0.0843,-0.999657,0.026177,0
6847,18.1167,0.0,0.0825,16.5152,-0.0825,-0.999534,0.030539,0
6848,18.1333,0.0,0.0862,16.429,-0.0862,-0.999391,0.034899,0
6849,18.15,0.0,0.0867,16.3423,-0.0867,-0.999229,0.03926,0
6850,18.1667,0.0,0.0834,16.2589,-0.0834,-0.999048,0.043619,0
6851,18.1833,0.0,0.0861,16.1728,-0.0861,-0.998848,0.047978,0
6852,18.2,0.0,0.0838,16.089,-0.0838,-0.99863,0.052336,0
6853,18.2167,0.0,0.0825,16.0065,-0.0825,-0.998392,0.056693,0
6854,18.2333,0.0,0.0839,15.9226,-0.0839,-0.998135,0.061049,0
6855,18.25,0.0,0.0854,15.8372,-0.0854,-0.997859,0.065403,0
6856,18.2667,0.0,0.0844,15.7528,-0.0844,-0.997564,0.069756,0
6857,18.2833,0.0,0.0841,15.6687,-0.0841,-0.99725,0.074108,0
6858,18.3,0.0,0.0822,15.5865,-0.0822,-0.996917,0.078459,0
6859,18.3167,0.0,0.0867,15.4998,-0.0867,-0.996566,0.082808,0
6860,18.3333,0.0,0.0834,15.4164,-0.0834,-0.996195,0.087156,0
6861,18.35,0.0,0.0858,15.3306,-0.0858,-0.995805,0.091502,0
6862,18.3667,0.0,0.0829,15.2477,-0.0829,-0.995396,0.095846,0
6863,18.3833,0.0,0.0866,15.1611,-0.0866,-0.994969,0.100188,0
6864,18.4,0.0,0.0817,15.0794,-0.0817,-0.994522,0.104528,0
6865,18.4167,0.0,0.0833,14.9961,-0.0833,-0.994056,0.108867,0
6866,18.4333,0.0,0.0826,14.9135,-0.0826,-0.993572,0.113203,0
6867,18.45,0.0,0.0872,14.8263,-0.0872,-0.993068,0.117537,0
6868,18.4667,0.0,0.0825,14.7438,-0.0825,-0.992546,0.121869,0
6869,18.4833,0.0,0.0827,14.6611,-0.0827,-0.992005,0.126199,0
6870,18.5,0.0,0.0861,14.575,-0.0861,-0.991445,0.130526,0
6871,18.5167,0.0,0.0836,14.4914,-0.0836,-0.990866,0.134851,0
6872,18.5333,0.0,0.0851,14.4063,-0.0851,-0.990268,0.139173,0
6873,18.55,0.0,0.087,14.3193,-0.087,-0.989651,0.143493,0
6874,18.5667,0.0,0.0857,14.2336,-0.0857,-0.989016,0.147809,0
6875,18.5833,0.0,0.0853,14.1483,-0.0853,-0.988362,0.152123,0
6876,18.6,0.0,0.084,14.0643,-0.084,-0.987688,0.156434,0
6877,18.6167,0.0,0.0851,13.9792,-0.0851,-0.986996,0.160743,0
6878,18.6333,0.0,0.0836,13.8956,-0.0836,-0.986286,0.165048,0
6879,18.65,0.0,0.0846,13.811,-0.0846,-0.985556,0.16935,0
6880,18.6667,0.0,0.0892,13.7218,-0.0892,-0.984808,0.173648,0
6881,18.6833,0.0,0.0861,13.6357,-0.0861,-0.984041,0.177944,0
6882,18.7,0.0,0.0854,13.5503,-0.0854,-0.983255,0.182236,0
6883,18.7167,0.0,0.0846,13.4657,-0.0846,-0.98245,0.186524,0
6884,18.7333,0.0,0.085,13.3807,-0.085,-0.981627,0.190809,0
6885,18.75,0.0,0.0821,13.2986,-0.0821,-0.980785,0.19509,0
6886,18.7667,0.0,0.0863,13.2123,-0.0863,-0.979925,0.199368,0
6887,18.7833,0.0,0.0887,13.1236,-0.0887,-0.979045,0.203642,0
6888,18.8,0.0,0.0813,13.0423,-0.0813,-0.978148,0.207912,0
6889,18.8167,0.0,0.085,12.9573,-0.085,-0.977231,0.212178,0
6890,18.8333,0.0,0.0825,12.8748,-0.0825,-0.976296,0.21644,0
6891,18.85,0.0,0.0877,12.7871,-0.0877,-0.975342,0.220697,0
6892,18.8667,0.0,0.0836,12.7035,-0.0836,-0.97437,0.224951,0
6893,18.8833,0.0,0.0857,12.6178,-0.0857,-0.973379,0.2292,0
6894,18.9,0.0,0.0837,12.5341,-0.0837,-0.97237,0.233445,0
6895,18.9167,0.0,0.0865,12.4476,-0.0865,-0.971342,0.237686,0
6896,18.9333,0.0,0.081,12.3666,-0.081,-0.970296,0.241922,0
6897,18.95,0.0,0.0823,12.2843,-0.0823,-0.969231,0.246153,0
6898,18.9667,0.0,0.0877,12.1966,-0.0877,-0.968148,0.25038,0
6899,18.9833,0.0,0.0847,12.1119,-0.0847,-0.967046,0.254602,0
6900,19.0,0.0,0.0884,12.0235,-0.0884,-0.965926,0.258819,0
6901,19.0167,0.0,0.0858,11.9377,-0.0858,-0.964787,0.263031,0
6902,19.0333,0.0,0.087,11.8507,-0.087,-0.96363,0.267238,0
6903,19.05,0.0,0.0846,11.7661,-0.0846,-0.962455,0.27144,0
6904,19.0667,0.0,0.0886,11.6775,-0.0886,-0.961262,0.275637,0
6905,19.0833,0.0,0.0863,11.5912,-0.0863,-0.96005,0.279829,0
6906,19.1,0.0,0.0855,11.5057,-0.0855,-0.95882,0.284015,0
6907,19.1167,0.0,0.0879,11.4178,-0.0879,-0.957571,0.288196,0
6908,19.1333,0.0,0.0826,11.3352,-0.0826,-0.956305,0.292372,0
6909,19.15,0.0,0.0883,11.2469,-0.0883,-0.95502,0.296542,0
6910,19.1667,0.0,0.087,11.1599,-0.087,-0.953717,0.300706,0
6911,19.1833,0.0,0.0842,11.0757,-0.0842,-0.952396,0.304864,0
6912,19.2,0.0,0.0825,10.9932,-0.0825,-0.951057,0.309017,0
6913,19.2167,0.0,0.0823,10.9109,-0.0823,-0.949699,0.313164,0
6914,19.2333,0.0,0.0853,10.8256,-0.0853,-0.948324,0.317305,0
6915,19.25,0.0,0.084,10.7416,-0.084,-0.94693,0.321439,0
6916,19.2667,0.0,0.0845,10.6571,-0.0845,-0.945519,0.325568,0
6917,19.2833,0.0,0.0851,10.572,-0.0851,-0.944089,0.329691,0
6918,19.3,0.0,0.0837,10.4883,-0.0837,-0.942641,0.333807,0
6919,19.3167,0.0,0.0829,10.4054,-0.0829,-0.941176,0.337917,0
6920,19.3333,0.0,0.0862,10.3192,-0.0862,-0.939693,0.34202,0
6921,19.35,0.0,0.088,10.2312,-0.088,-0.938191,0.346117,0
6922,19.3667,0.0,0.0842,10.147,-0.0842,-0.936672,0.350207,0
6923,19.3833,0.0,0.0858,10.0612,-0.0858,-0.935135,0.354291,0
6924,19.4,0.0,0.0832,9.978,-0.0832,-0.93358,0.358368,0
6925,19.4167,0.0,0.0873,9.8907,-0.0873,-0.932008,0.362438,0
6926,19.4333,0.0,0.0832,9.8075,-0.0832,-0.930418,0.366501,0
6927,19.45,0.0,0.0871,9.7204,-0.0871,-0.92881,0.370557,0
6928,19.4667,0.0,0.0865,9.6339,-0.0865,-0.927184,0.374607,0
6929,19.4833,0.0,0.081,9.5529,-0.081,-0.925541,0.378649,0
6930,19.5,0.0,0.0859,9.467,-0.0859,-0.92388,0.382683,0
6931,19.5167,0.0,0.082,9.385,-0.082,-0.922201,0.386711,0
6932,19.5333,0.0,0.0853,9.2997,-0.0853,-0.920505,0.390731,0
6933,19.55,0.0,0.0855,9.2142,-0.0855,-0.918791,0.394744,0
6934,19.5667,0.0,0.0837,9.1305,-0.0837,-0.91706,0.398749,0
6935,19.5833,0.0,0.0876,9.0429,-0.0876,-0.915311,0.402747,0
6936,19.6,0.0,0.0827,8.9602,-0.0827,-0.913545,0.406737,0
6937,19.6167,0.0,0.0844,8.8758,-0.0844,-0.911762,0.410719,0
6938,19.6333,0.0,0.0869,8.7889,-0.0869,-0.909961,0.414693,0
6939,19.65,0.0,0.0859,8.703,-0.0859,-0.908143,0.41866,0
6940,19.6667,0.0,0.0883,8.6147,-0.0883,-0.906308,0.422618,0
6941,19.6833,0.0,0.0821,8.5326,-0.0821,-0.904455,0.426569,0
6942,19.7,0.0,0.0839,8.4487,-0.0839,-0.902585,0.430511,0
6943,19.7167,0.0,0.088,8.3607,-0.088,-0.900698,0.434445,0
6944,19.7333,0.0,0.0798,8.2809,-0.0798,-0.898794,0.438371,0
6945,19.75,0.0,0.0799,8.201,-0.0799,-0.896873,0.442289,0
6946,19.7667,0.0,0.0883,8.1127,-0.0883,-0.894934,0.446198,0
6947,19.7833,0.0,0.084,8.0287,-0.084,-0.892979,0.450098,0
6948,19.8,0.0,0.0842,7.9445,-0.0842,-0.891007,0.45399,0
6949,19.8167,0.0,0.0814,7.8631,-0.0814,-0.889017,0.457874,0
6950,19.8333,0.0,0.0853,7.7778,-0.0853,-0.887011,0.461749,0
6951,19.85,0.0,0.0846,7.6932,-0.0846,-0.884988,0.465615,0
6952,19.8667,0.0,0.0889,7.6043,-0.0889,-0.882948,0.469472,0
6953,19.8833,0.0,0.0866,7.5177,-0.0866,-0.880891,0.47332,0
6954,19.9,0.0,0.085,7.4327,-0.085,-0.878817,0.477159,0
6955,19.9167,0.0,0.0833,7.3494,-0.0833,-0.876727,0.480989,0
6956,19.9333,0.0,0.0908,7.2586,-0.0908,-0.87462,0.48481,0
6957,19.95,0.0,0.0822,7.1764,-0.0822,-0.872496,0.488621,0
6958,19.9667,0.0,0.0854,7.091,-0.0854,-0.870356,0.492424,0
6959,19.9833,0.0,0.0817,7.0093,-0.0817,-0.868199,0.496217,0
6960,20.0,0.0,0.0869,6.9224,-0.0869,-0.866025,0.5,0
6961,20.0167,0.0,0.0843,6.8381,-0.0843,-0.863836,0.503774,0
6962,20.0333,0.0,0.0865,6.7516,-0.0865,-0.861629,0.507538,0
6963,20.05,0.0,0.0852,6.6664,-0.0852,-0.859406,0.511293,0
6964,20.0667,0.0,0.0838,6.5826,-0.0838,-0.857167,0.515038,0
6965,20.0833,0.0,0.0855,6.4971,-0.0855,-0.854912,0.518773,0
6966,20.1,0.0,0.0853,6.4118,-0.0853,-0.85264,0.522499,0
6967,20.1167,0.0,0.0827,6.3291,-0.0827,-0.850352,0.526214,0
6968,20.1333,0.0,0.0844,6.2447,-0.0844,-0.848048,0.529919,0
6969,20.15,0.0,0.0834,6.1613,-0.0834,-0.845728,0.533615,0
6970,20.1667,0.0,0.0852,6.0761,-0.0852,-0.843391,0.5373,0
6971,20.1833,0.0,0.0843,5.9918,-0.0843,-0.841039,0.540974,0
6972,20.2,0.0,0.0839,5.9079,-0.0839,-0.838671,0.544639,0
6973,20.2167,0.0,0.0807,5.8272,-0.0807,-0.836286,0.548293,0
6974,20.2333,0.0,0.0857,5.7415,-0.0857,-0.833886,0.551937,0
6975,20.25,0.0,0.0855,5.656,-0.0855,-0.83147,0.55557,0
6976,20.2667,0.0,0.0881,5.5679,-0.0881,-0.829038,0.559193,0
6977,20.2833,0.0,0.087,5.4809,-0.087,-0.82659,0.562805,0
6978,20.3,0.0,0.0868,5.3941,-0.0868,-0.824126,0.566406,0
6979,20.3167,0.0,0.0841,5.31,-0.0841,-0.821647,0.569997,0
6980,20.3333,0.0,0.0859,5.2241,-0.0859,-0.819152,0.573576,0
6981,20.35,0.0,0.0811,5.143,-0.0811,-0.816642,0.577145,0
6982,20.3667,0.0,0.0856,5.0574,-0.0856,-0.814116,0.580703,0
6983,20.3833,0.0,0.0886,4.9688,-0.0886,-0.811574,0.58425,0
6984,20.4,0.0,0.0849,4.8839,-0.0849,-0.809017,0.587785,0
6985,20.4167,0.0,0.0845,4.7994,-0.0845,-0.806445,0.59131,0
6986,20.4333,0.0,0.085,4.7144,-0.085,-0.803857,0.594823,0
6987,20.45,0.0,0.0868,4.6276,-0.0868,-0.801254,0.598325,0
6988,20.4667,0.0,0.0813,4.5463,-0.0813,-0.798636,0.601815,0
6989,20.4833,0.0,0.0867,4.4596,-0.0867,-0.796002,0.605294,0
6990,20.5,0.0,0.083,4.3766,-0.083,-0.793353,0.608761,0
6991,20.5167,0.0,0.087,4.2896,-0.087,-0.79069,0.612217,0
6992,20.5333,0.0,0.0829,4.2067,-0.0829,-0.788011,0.615661,0
6993,20.55,0.0,0.0864,4.1203,-0.0864,-0.785317,0.619094,0
6994,20.5667,0.0,0.0826,4.0377,-0.0826,-0.782608,0.622515,0
6995,20.5833,0.0,0.0892,3.9485,-0.0892,-0.779884,0.625923,0
6996,20.6,0.0,0.0857,3.8628,-0.0857,-0.777146,0.62932,0
6997,20.6167,0.0,0.0864,3.7764,-0.0864,-0.774393,0.632705,0
6998,20.6333,0.0,0.0857,3.6907,-0.0857,-0.771625,0.636078,0
6999,20.65,0.0,0.0838,3.6069,-0.0838,-0.768842,0.639439,0
7000,20.6667,0.0,0.0842,3.5227,-0.0842,-0.766044,0.642788,0
7001,20.6833,0.0,0.0849,3.4378,-0.0849,-0.763232,0.646124,0
7002,20.7,0.0,0.0858,3.352,-0.0858,-0.760406,0.649448,0
7003,20.7167,0.0,0.0879,3.2641,-0.0879,-0.757565,0.65276,0
7004,20.7333,0.0,0.0855,3.1786,-0.0855,-0.75471,0.656059,0
7005,20.75,0.0,0.0841,3.0945,-0.0841,-0.75184,0.659346,0
7006,20.7667,0.0,0.0843,3.0102,-0.0843,-0.748956,0.66262,0
7007,20.7833,0.0,0.0805,2.9297,-0.0805,-0.746057,0.665882,0
7008,20.8,0.0,0.0865,2.8432,-0.0865,-0.743145,0.669131,0
7009,20.8167,0.0,0.0822,2.761,-0.0822,-0.740218,0.672367,0
7010,20.8333,0.0,0.0864,2.6746,-0.0864,-0.737277,0.67559,0
7011,20.85,0.0,0.0807,2.5939,-0.0807,-0.734323,0.678801,0
7012,20.8667,0.0,0.082,2.5119,-0.082,-0.731354,0.681998,0
7013,20.8833,0.0,0.084,2.4279,-0.084,-0.728371,0.685183,0
7014,20.9,0.0,0.0891,2.3388,-0.0891,-0.725374,0.688355,0
7015,20.9167,0.0,0.0833,2.2555,-0.0833,-0.722364,0.691513,0
7016,20.9333,0.0,0.0846,2.1709,-0.0846,-0.71934,0.694658,0
7017,20.95,0.0,0.0818,2.0891,-0.0818,-0.716302,0.69779,0
7018,20.9667,0.0,0.0816,2.0075,-0.0816,-0.71325,0.700909,0
7019,20.9833,0.0,0.0842,1.9233,-0.0842,-0.710185,0.704015,0
7020,21.0,0.0,0.0827,1.8406,-0.0827,-0.707107,0.707107,0
7021,21.0167,0.0,0.0889,1.7517,-0.0889,-0.704015,0.710185,0
7022,21.0333,0.0,0.0851,1.6666,-0.0851,-0.700909,0.71325,0
7023,21.05,0.0,0.0827,1.5839,-0.0827,-0.69779,0.716302,0
7024,21.0667,0.0,0.0834,1.5005,-0.0834,-0.694658,0.71934,0
7025,21.0833,0.0,0.0883,1.4122,-0.0883,-0.691513,0.722364,0
7026,21.1,0.0,0.083,1.3292,-0.083,-0.688355,0.725374,0
7027,21.1167,0.0,0.0852,1.244,-0.0852,-0.685183,0.728371,0
7028,21.1333,0.0,0.0849,1.1591,-0.0849,-0.681998,0.731354,0
7029,21.15,0.0,0.0803,1.0788,-0.0803,-0.678801,0.734323,0
7030,21.1667,0.0,0.0851,0.9937,-0.0851,-0.67559,0.737277,0
7031,21.1833,0.0,0.0847,0.909,-0.0847,-0.672367,0.740218,0
7032,21.2,0.0,0.0844,0.8246,-0.0844,-0.669131,0.743145,0
7033,21.2167,0.0,0.0884,0.7362,-0.0884,-0.665882,0.746057,0
7034,21.2333,0.0,0.0834,0.6528,-0.0834,-0.66262,0.748956,0
7035,21.25,0.0,0.0861,0.5667,-0.0861,-0.659346,0.75184,0
7036,21.2667,0.0,0.086,0.4807,-0.086,-0.656059,0.75471,0
7037,21.2833,0.0,0.0837,0.397,-0.0837,-0.65276,0.757565,0
7038,21.3,0.0,0.0876,0.3094,-0.0876,-0.649448,0.760406,0
7039,21.3167,0.0,0.0861,0.2233,-0.0861,-0.646124,0.763232,0
7040,21.3333,0.0,0.0868,0.1365,-0.0868,-0.642788,0.766044,0
7041,21.35,0.0,0.0876,0.0489,-0.0876,-0.639439,0.768842,0
7042,21.3667,0.0,0.0871,0.0,-0.0871,-0.636078,0.771625,1
7043,21.3833,0.0,0.0877,0.0,-0.0877,-0.632705,0.774393,1
7044,21.4,0.0,0.0868,0.0,-0.0868,-0.62932,0.777146,1
7045,21.4167,0.0,0.0848,0.0,-0.0848,-0.625923,0.779884,1
7046,21.4333,0.0,0.0828,0.0,-0.0828,-0.622515,0.782608,1
7047,21.45,0.0,0.0852,0.0,-0.0852,-0.619094,0.785317,1
7048,21.4667,0.0,0.0837,0.0,-0.0837,-0.615661,0.788011,1
7049,21.4833,0.0,0.0856,0.0,-0.0856,-0.612217,0.79069,1
7050,21.5,0.0,0.0853,0.0,-0.0853,-0.608761,0.793353,1
7051,21.5167,0.0,0.0848,0.0,-0.0848,-0.605294,0.796002,1
7052,21.5333,0.0,0.0835,0.0,-0.0835,-0.601815,0.798636,1
7053,21.55,0.0,0.0852,0.0,-0.0852,-0.598325,0.801254,1
7054,21.5667,0.0,0.0862,0.0,-0.0862,-0.594823,0.803857,1
7055,21.5833,0.0,0.084,0.0,-0.084,-0.59131,0.806445,1
7056,21.6,0.0,0.0866,0.0,-0.0866,-0.587785,0.809017,1
7057,21.6167,0.0,0.1234,0.0,-0.1234,-0.58425,0.811574,1
7058,21.6333,0.0,0.126,0.0,-0.126,-0.580703,0.814116,1
7059,21.65,0.0,0.1261,0.0,-0.1261,-0.577145,0.816642,1
7060,21.6667,0.0,0.122,0.0,-0.122,-0.573576,0.819152,1
7061,21.6833,0.0,0.1198,0.0,-0.1198,-0.569997,0.821647,1
7062,21.7,0.0,0.1222,0.0,-0.1222,-0.566406,0.824126,1
7063,21.7167,0.0,0.12,0.0,-0.12,-0.562805,0.82659,1
7064,21.7333,0.0,0.1221,0.0,-0.1221,-0.559193,0.829038,1
7065,21.75,0.0,0.125,0.0,-0.125,-0.55557,0.83147,1
7066,21.7667,0.0,0.1178,0.0,-0.1178,-0.551937,0.833886,1
7067,21.7833,0.0,0.1229,0.0,-0.1229,-0.548293,0.836286,1
7068,21.8,0.0,0.1224,0.0,-0.1224,-0.544639,0.838671,1
7069,21.8167,0.0,0.1216,0.0,-0.1216,-0.540974,0.841039,1
7070,21.8333,0.0,0.1226,0.0,-0.1226,-0.5373,0.843391,1
7071,21.85,0.0,0.1251,0.0,-0.1251,-0.533615,0.845728,1
7072,21.8667,0.0,0.1199,0.0,-0.1199,-0.529919,0.848048,1
7073,21.8833,0.0,0.1237,0.0,-0.1237,-0.526214,0.850352,1
7074,21.9,0.0,0.1213,0.0,-0.1213,-0.522499,0.85264,1
7075,21.9167,0.0,0.1222,0.0,-0.1222,-0.518773,0.854912,1
7076,21.9333,0.0,0.1251,0.0,-0.1251,-0.515038,0.857167,1
7077,21.95,0.0,0.1234,0.0,-0.1234,-0.511293,0.859406,1
7078,21.9667,0.0,0.1232,0.0,-0.1232,-0.507538,0.861629,1
7079,21.9833,0.0,0.1219,0.0,-0.1219,-0.503774,0.863836,1
7080,22.0,0.0,0.0602,0.0,-0.0602,-0.5,0.866025,1
7081,22.0167,0.0,0.0569,0.0,-0.0569,-0.496217,0.868199,1
7082,22.0333,0.0,0.0609,0.0,-0.0609,-0.492424,0.870356,1
7083,22.05,0.0,0.0579,0.0,-0.0579,-0.488621,0.872496,1
7084,22.0667,0.0,0.0604,0.0,-0.0604,-0.48481,0.87462,1
7085,22.0833,0.0,0.0562,0.0,-0.0562,-0.480989,0.876727,1
7086,22.1,0.0,0.0562,0.0,-0.0562,-0.477159,0.878817,1
7087,22.1167,0.0,0.0573,0.0,-0.0573,-0.47332,0.880891,1
7088,22.1333,0.0,0.0584,0.0,-0.0584,-0.469472,0.882948,1
7089,22.15,0.0,0.0553,0.0,-0.0553,-0.465615,0.884988,1
7090,22.1667,0.0,0.0617,0.0,-0.0617,-0.461749,0.887011,1
7091,22.1833,0.0,0.0554,0.0,-0.0554,-0.457874,0.889017,1
7092,22.2,0.0,0.0565,0.0,-0.0565,-0.45399,0.891007,1
7093,22.2167,0.0,0.057,0.0,-0.057,-0.450098,0.892979,1
7094,22.2333,0.0,0.0576,0.0,-0.0576,-0.446198,0.894934,1
7095,22.25,0.0,0.0608,0.0,-0.0608,-0.442289,0.896873,1
7096,22.2667,0.0,0.0582,0.0,-0.0582,-0.438371,0.898794,1
7097,22.2833,0.0,0.0561,0.0,-0.0561,-0.434445,0.900698,1
7098,22.3,0.0,0.0578,0.0,-0.0578,-0.430511,0.902585,1
7099,22.3167,0.0,0.0588,0.0,-0.0588,-0.426569,0.904455,1
7100,22.3333,0.0,0.0606,0.0,-0.0606,-0.422618,0.906308,1
7101,22.35,0.0,0.0584,0.0,-0.0584,-0.41866,0.908143,1
7102,22.3667,0.0,0.0614,0.0,-0.0614,-0.414693,0.909961,1
7103,22.3833,0.0,0.0598,0.0,-0.0598,-0.410719,0.911762,1
7104,22.4,0.0,0.0569,0.0,-0.0569,-0.406737,0.913545,1
7105,22.4167,0.0,0.0592,0.0,-0.0592,-0.402747,0.915311,1
7106,22.4333,0.0,0.0577,0.0,-0.0577,-0.398749,0.91706,1
7107,22.45,0.0,0.0582,0.0,-0.0582,-0.394744,0.918791,1
7108,22.4667,0.0,0.0584,0.0,-0.0584,-0.390731,0.920505,1
7109,22.4833,0.0,0.0574,0.0,-0.0574,-0.386711,0.922201,1
7110,22.5,0.0,0.0569,0.0,-0.0569,-0.382683,0.92388,1
7111,22.5167,0.0,0.0581,0.0,-0.0581,-0.378649,0.925541,1
7112,22.5333,0.0,0.0581,0.0,-0.0581,-0.374607,0.927184,1
7113,22.55,0.0,0.06,0.0,-0.06,-0.370557,0.92881,1
7114,22.5667,0.0,0.0585,0.0,-0.0585,-0.366501,0.930418,1
7115,22.5833,0.0,0.0611,0.0,-0.0611,-0.362438,0.932008,1
7116,22.6,0.0,0.0593,0.0,-0.0593,-0.358368,0.93358,1
7117,22.6167,0.0,0.0585,0.0,-0.0585,-0.354291,0.935135,1
7118,22.6333,0.0,0.056,0.0,-0.056,-0.350207,0.936672,1
7119,22.65,0.0,0.0583,0.0,-0.0583,-0.346117,0.938191,1
7120,22.6667,0.0,0.0572,0.0,-0.0572,-0.34202,0.939693,1
7121,22.6833,0.0,0.0544,0.0,-0.0544,-0.337917,0.941176,1
7122,22.7,0.0,0.0617,0.0,-0.0617,-0.333807,0.942641,1
7123,22.7167,0.0,0.0589,0.0,-0.0589,-0.329691,0.944089,1
7124,22.7333,0.0,0.0549,0.0,-0.0549,-0.325568,0.945519,1
7125,22.75,0.0,0.0575,0.0,-0.0575,-0.321439,0.94693,1
7126,22.7667,0.0,0.0604,0.0,-0.0604,-0.317305,0.948324,1
7127,22.7833,0.0,0.0582,0.0,-0.0582,-0.313164,0.949699,1
7128,22.8,0.0,0.0575,0.0,-0.0575,-0.309017,0.951057,1
7129,22.8167,0.0,0.0559,0.0,-0.0559,-0.304864,0.952396,1
7130,22.8333,0.0,0.0211,0.0,-0.0211,-0.300706,0.953717,1
7131,22.85,0.0,0.0202,0.0,-0.0202,-0.296542,0.95502,1
7132,22.8667,0.0,0.0194,0.0,-0.0194,-0.292372,0.956305,1
7133,22.8833,0.0,0.0197,0.0,-0.0197,-0.288196,0.957571,1
7134,22.9,0.0,0.0202,0.0,-0.0202,-0.284015,0.95882,1
7135,22.9167,0.0,0.0204,0.0,-0.0204,-0.279829,0.96005,1
7136,22.9333,0.0,0.0211,0.0,-0.0211,-0.275637,0.961262,1
7137,22.95,0.0,0.0183,0.0,-0.0183,-0.27144,0.962455,1
7138,22.9667,0.0,0.0234,0.0,-0.0234,-0.267238,0.96363,1
7139,22.9833,0.0,0.02,0.0,-0.02,-0.263031,0.964787,1
7140,23.0,0.0,0.0199,0.0,-0.0199,-0.258819,0.965926,1
7141,23.0167,0.0,0.0206,0.0,-0.0206,-0.254602,0.967046,1
7142,23.0333,0.0,0.0191,0.0,-0.0191,-0.25038,0.968148,1
7143,23.05,0.0,0.0211,0.0,-0.0211,-0.246153,0.969231,1
7144,23.0667,0.0,0.0212,0.0,-0.0212,-0.241922,0.970296,1
7145,23.0833,0.0,0.0212,0.0,-0.0212,-0.237686,0.971342,1
7146,23.1,0.0,0.0211,0.0,-0.0211,-0.233445,0.97237,1
7147,23.1167,0.0,0.0216,0.0,-0.0216,-0.2292,0.973379,1
7148,23.1333,0.0,0.0182,0.0,-0.0182,-0.224951,0.97437,1
7149,23.15,0.0,0.0216,0.0,-0.0216,-0.220697,0.975342,1
7150,23.1667,0.0,0.019,0.0,-0.019,-0.21644,0.976296,1
7151,23.1833,0.0,0.0191,0.0,-0.0191,-0.212178,0.977231,1
7152,23.2,0.0,0.0188,0.0,-0.0188,-0.207912,0.978148,1
7153,23.2167,0.0,0.0158,0.0,-0.0158,-0.203642,0.979045,1
7154,23.2333,0.0,0.0217,0.0,-0.0217,-0.199368,0.979925,1
7155,23.25,0.0,0.0178,0.0,-0.0178,-0.19509,0.980785,1
7156,23.2667,0.0,0.0222,0.0,-0.0222,-0.190809,0.981627,1
7157,23.2833,0.0,0.0214,0.0,-0.0214,-0.186524,0.98245,1
7158,23.3,0.0,0.0177,0.0,-0.0177,-0.182236,0.983255,1
7159,23.3167,0.0,0.0214,0.0,-0.0214,-0.177944,0.984041,1
7160,23.3333,0.0,0.022,0.0,-0.022,-0.173648,0.984808,1
7161,23.35,0.0,0.0178,0.0,-0.0178,-0.16935,0.985556,1
7162,23.3667,0.0,0.0199,0.0,-0.0199,-0.165048,0.986286,1
7163,23.3833,0.0,0.02,0.0,-0.02,-0.160743,0.986996,1
7164,23.4,0.0,0.0187,0.0,-0.0187,-0.156434,0.987688,1
7165,23.4167,0.0,0.0247,0.0,-0.0247,-0.152123,0.988362,1
7166,23.4333,0.0,0.0174,0.0,-0.0174,-0.147809,0.989016,1
7167,23.45,0.0,0.0165,0.0,-0.0165,-0.143493,0.989651,1
7168,23.4667,0.0,0.023,0.0,-0.023,-0.139173,0.990268,1
7169,23.4833,0.0,0.0218,0.0,-0.0218,-0.134851,0.990866,1
7170,23.5,0.0,0.025,0.0,-0.025,-0.130526,0.991445,1
7171,23.5167,0.0,0.0183,0.0,-0.0183,-0.126199,0.992005,1
7172,23.5333,0.0,0.0164,0.0,-0.0164,-0.121869,0.992546,1
7173,23.55,0.0,0.0201,0.0,-0.0201,-0.117537,0.993068,1
7174,23.5667,0.0,0.019,0.0,-0.019,-0.113203,0.993572,1
7175,23.5833,0.0,0.0173,0.0,-0.0173,-0.108867,0.994056,1
7176,23.6,0.0,0.0198,0.0,-0.0198,-0.104528,0.994522,1
7177,23.6167,0.0,0.0223,0.0,-0.0223,-0.100188,0.994969,1
7178,23.6333,0.0,0.0229,0.0,-0.0229,-0.095846,0.995396,1
7179,23.65,0.0,0.0209,0.0,-0.0209,-0.091502,0.995805,1
7180,23.6667,0.0,0.0199,0.0,-0.0199,-0.087156,0.996195,1
7181,23.6833,0.0,0.0198,0.0,-0.0198,-0.082808,0.996566,1
7182,23.7,0.0,0.0186,0.0,-0.0186,-0.078459,0.996917,1
7183,23.7167,0.0,0.0237,0.0,-0.0237,-0.074108,0.99725,1
7184,23.7333,0.0,0.0205,0.0,-0.0205,-0.069756,0.997564,1
7185,23.75,0.0,0.019,0.0,-0.019,-0.065403,0.997859,1
7186,23.7667,0.0,0.0206,0.0,-0.0206,-0.061049,0.998135,1
7187,23.7833,0.0,0.0183,0.0,-0.0183,-0.056693,0.998392,1
7188,23.8,0.0,0.0223,0.0,-0.0223,-0.052336,0.99863,1
7189,23.8167,0.0,0.0202,0.0,-0.0202,-0.047978,0.998848,1
7190,23.8333,0.0,0.0224,0.0,-0.0224,-0.043619,0.999048,1
7191,23.85,0.0,0.0168,0.0,-0.0168,-0.03926,0.999229,1
7192,23.8667,0.0,0.0181,0.0,-0.0181,-0.034899,0.999391,1
7193,23.8833,0.0,0.0238,0.0,-0.0238,-0.030539,0.999534,1
7194,23.9,0.0,0.0177,0.0,-0.0177,-0.026177,0.999657,1
7195,23.9167,0.0,0.0218,0.0,-0.0218,-0.021815,0.999762,1
7196,23.9333,0.0,0.0196,0.0,-0.0196,-0.017452,0.999848,1
7197,23.95,0.0,0.0202,0.0,-0.0202,-0.01309,0.999914,1
7198,23.9667,0.0,0.0179,0.0,-0.0179,-0.008727,0.999962,1
7199,23.9833,0.0,0.0176,0.0,-0.0176,-0.004363,0.99999,1
7200,0.0,0.0,0.0167,0.0,-0.0167,0.0,1.0,1
7201,0.0167,0.0,0.0202,0.0,-0.0202,0.004363,0.99999,1
7202,0.0333,0.0,0.0199,0.0,-0.0199,0.008727,0.999962,1
7203,0.05,0.0,0.0199,0.0,-0.0199,0.01309,0.999914,1
7204,0.0667,0.0,0.0188,0.0,-0.0188,0.017452,0.999848,1
7205,0.0833,0.0,0.0217,0.0,-0.0217,0.021815,0.999762,1
7206,0.1,0.0,0.0189,0.0,-0.0189,0.026177,0.999657,1
7207,0.1167,0.0,0.0249,0.0,-0.0249,0.030539,0.999534,1
7208,0.1333,0.0,0.0222,0.0,-0.0222,0.034899,0.999391,1
7209,0.15,0.0,0.0201,0.0,-0.0201,0.03926,0.999229,1
7210,0.1667,0.0,0.0212,0.0,-0.0212,0.043619,0.999048,1
7211,0.1833,0.0,0.0216,0.0,-0.0216,0.047978,0.998848,1
7212,0.2,0.0,0.0232,0.0,-0.0232,0.052336,0.99863,1
7213,0.2167,0.0,0.0192,0.0,-0.0192,0.056693,0.998392,1
7214,0.2333,0.0,0.0239,0.0,-0.0239,0.061049,0.998135,1
7215,0.25,0.0,0.019,0.0,-0.019,0.065403,0.997859,1
7216,0.2667,0.0,0.0199,0.0,-0.0199,0.069756,0.997564,1
7217,0.2833,0.0,0.0203,0.0,-0.0203,0.074108,0.99725,1
7218,0.3,0.0,0.0187,0.0,-0.0187,0.078459,0.996917,1
7219,0.3167,0.0,0.0221,0.0,-0.0221,0.082808,0.996566,1
7220,0.3333,0.0,0.0205,0.0,-0.0205,0.087156,0.996195,1
7221,0.35,0.0,0.0184,0.0,-0.0184,0.091502,0.995805,1
7222,0.3667,0.0,0.0184,0.0,-0.0184,0.095846,0.995396,1
7223,0.3833,0.0,0.0221,0.0,-0.0221,0.100188,0.994969,1
7224,0.4,0.0,0.018,0.0,-0.018,0.104528,0.994522,1
7225,0.4167,0.0,0.0227,0.0,-0.0227,0.108867,0.994056,1
7226,0.4333,0.0,0.0199,0.0,-0.0199,0.113203,0.993572,1
7227,0.45,0.0,0.0201,0.0,-0.0201,0.117537,0.993068,1
7228,0.4667,0.0,0.0238,0.0,-0.0238,0.121869,0.992546,1
7229,0.4833,0.0,0.0184,0.0,-0.0184,0.126199,0.992005,1
7230,0.5,0.0,0.0189,0.0,-0.0189,0.130526,0.991445,1
7231,0.5167,0.0,0.0191,0.0,-0.0191,0.134851,0.990866,1
7232,0.5333,0.0,0.0207,0.0,-0.0207,0.139173,0.990268,1
7233,0.55,0.0,0.0206,0.0,-0.0206,0.143493,0.989651,1
7234,0.5667,0.0,0.019,0.0,-0.019,0.147809,0.989016,1
7235,0.5833,0.0,0.0233,0.0,-0.0233,0.152123,0.988362,1
7236,0.6,0.0,0.0178,0.0,-0.0178,0.156434,0.987688,1
7237,0.6167,0.0,0.021,0.0,-0.021,0.160743,0.986996,1
7238,0.6333,0.0,0.02,0.0,-0.02,0.165048,0.986286,1
7239,0.65,0.0,0.0204,0.0,-0.0204,0.16935,0.985556,1
7240,0.6667,0.0,0.0184,0.0,-0.0184,0.173648,0.984808,1
7241,0.6833,0.0,0.0217,0.0,-0.0217,0.177944,0.984041,1
7242,0.7,0.0,0.0201,0.0,-0.0201,0.182236,0.983255,1
7243,0.7167,0.0,0.0197,0.0,-0.0197,0.186524,0.98245,1
7244,0.7333,0.0,0.0215,0.0,-0.0215,0.190809,0.981627,1
7245,0.75,0.0,0.0204,0.0,-0.0204,0.19509,0.980785,1
7246,0.7667,0.0,0.0183,0.0,-0.0183,0.199368,0.979925,1
7247,0.7833,0.0,0.0182,0.0,-0.0182,0.203642,0.979045,1
7248,0.8,0.0,0.0192,0.0,-0.0192,0.207912,0.978148,1
7249,0.8167,0.0,0.019,0.0,-0.019,0.212178,0.977231,1
7250,0.8333,0.0,0.0208,0.0,-0.0208,0.21644,0.976296,1
7251,0.85,0.0,0.0236,0.0,-0.0236,0.220697,0.975342,1
7252,0.8667,0.0,0.0201,0.0,-0.0201,0.224951,0.97437,1
7253,0.8833,0.0,0.0237,0.0,-0.0237,0.2292,0.973379,1
7254,0.9,0.0,0.0208,0.0,-0.0208,0.233445,0.97237,1
7255,0.9167,0.0,0.0198,0.0,-0.0198,0.237686,0.971342,1
7256,0.9333,0.0,0.0212,0.0,-0.0212,0.241922,0.970296,1
7257,0.95,0.0,0.0198,0.0,-0.0198,0.246153,0.969231,1
7258,0.9667,0.0,0.0192,0.0,-0.0192,0.25038,0.968148,1
7259,0.9833,0.0,0.0192,0.0,-0.0192,0.254602,0.967046,1
7260,1.0,0.0,0.0191,0.0,-0.0191,0.258819,0.965926,1
7261,1.0167,0.0,0.0194,0.0,-0.0194,0.263031,0.964787,1
7262,1.0333,0.0,0.0201,0.0,-0.0201,0.267238,0.96363,1
7263,1.05,0.0,0.0241,0.0,-0.0241,0.27144,0.962455,1
7264,1.0667,0.0,0.0202,0.0,-0.0202,0.275637,0.961262,1
7265,1.0833,0.0,0.0223,0.0,-0.0223,0.279829,0.96005,1
7266,1.1,0.0,0.0176,0.0,-0.0176,0.284015,0.95882,1
7267,1.1167,0.0,0.0209,0.0,-0.0209,0.288196,0.957571,1
7268,1.1333,0.0,0.0192,0.0,-0.0192,0.292372,0.956305,1
7269,1.15,0.0,0.0193,0.0,-0.0193,0.296542,0.95502,1
7270,1.1667,0.0,0.0201,0.0,-0.0201,0.300706,0.953717,1
7271,1.1833,0.0,0.0181,0.0,-0.0181,0.304864,0.952396,1
7272,1.2,0.0,0.0227,0.0,-0.0227,0.309017,0.951057,1
7273,1.2167,0.0,0.021,0.0,-0.021,0.313164,0.949699,1
7274,1.2333,0.0,0.0215,0.0,-0.0215,0.317305,0.948324,1
7275,1.25,0.0,0.0182,0.0,-0.0182,0.321439,0.94693,1
7276,1.2667,0.0,0.0238,0.0,-0.0238,0.325568,0.945519,1
7277,1.2833,0.0,0.0197,0.0,-0.0197,0.329691,0.944089,1
7278,1.3,0.0,0.0248,0.0,-0.0248,0.333807,0.942641,1
7279,1.3167,0.0,0.0204,0.0,-0.0204,0.337917,0.941176,1
7280,1.3333,0.0,0.024,0.0,-0.024,0.34202,0.939693,1
7281,1.35,0.0,0.0181,0.0,-0.0181,0.346117,0.938191,1
7282,1.3667,0.0,0.0184,0.0,-0.0184,0.350207,0.936672,1
7283,1.3833,0.0,0.0226,0.0,-0.0226,0.354291,0.935135,1
7284,1.4,0.0,0.0239,0.0,-0.0239,0.358368,0.93358,1
7285,1.4167,0.0,0.0214,0.0,-0.0214,0.362438,0.932008,1
7286,1.4333,0.0,0.0214,0.0,-0.0214,0.366501,0.930418,1
7287,1.45,0.0,0.022,0.0,-0.022,0.370557,0.92881,1
7288,1.4667,0.0,0.0195,0.0,-0.0195,0.374607,0.927184,1
7289,1.4833,0.0,0.0231,0.0,-0.0231,0.378649,0.925541,1
7290,1.5,0.0,0.0202,0.0,-0.0202,0.382683,0.92388,1
7291,1.5167,0.0,0.0176,0.0,-0.0176,0.386711,0.922201,1
7292,1.5333,0.0,0.0226,0.0,-0.0226,0.390731,0.920505,1
7293,1.55,0.0,0.0188,0.0,-0.0188,0.394744,0.918791,1
7294,1.5667,0.0,0.0167,0.0,-0.0167,0.398749,0.91706,1
7295,1.5833,0.0,0.0182,0.0,-0.0182,0.402747,0.915311,1
7296,1.6,0.0,0.0204,0.0,-0.0204,0.406737,0.913545,1
7297,1.6167,0.0,0.0185,0.0,-0.0185,0.410719,0.911762,1
7298,1.6333,0.0,0.0215,0.0,-0.0215,0.414693,0.909961,1
7299,1.65,0.0,0.0226,0.0,-0.0226,0.41866,0.908143,1
7300,1.6667,0.0,0.0189,0.0,-0.0189,0.422618,0.906308,1
7301,1.6833,0.0,0.0185,0.0,-0.0185,0.426569,0.904455,1
7302,1.7,0.0,0.0201,0.0,-0.0201,0.430511,0.902585,1
7303,1.7167,0.0,0.0205,0.0,-0.0205,0.434445,0.900698,1
7304,1.7333,0.0,0.0217,0.0,-0.0217,0.438371,0.898794,1
7305,1.75,0.0,0.0226,0.0,-0.0226,0.442289,0.896873,1
7306,1.7667,0.0,0.0209,0.0,-0.0209,0.446198,0.894934,1
7307,1.7833,0.0,0.0204,0.0,-0.0204,0.450098,0.892979,1
7308,1.8,0.0,0.0234,0.0,-0.0234,0.45399,0.891007,1
7309,1.8167,0.0,0.0214,0.0,-0.0214,0.457874,0.889017,1
7310,1.8333,0.0,0.0168,0.0,-0.0168,0.461749,0.887011,1
7311,1.85,0.0,0.0224,0.0,-0.0224,0.465615,0.884988,1
7312,1.8667,0.0,0.0245,0.0,-0.0245,0.469472,0.882948,1
7313,1.8833,0.0,0.0224,0.0,-0.0224,0.47332,0.880891,1
7314,1.9,0.0,0.0221,0.0,-0.0221,0.477159,0.878817,1
7315,1.9167,0.0,0.0224,0.0,-0.0224,0.480989,0.876727,1
7316,1.9333,0.0,0.0194,0.0,-0.0194,0.48481,0.87462,1
7317,1.95,0.0,0.0215,0.0,-0.0215,0.488621,0.872496,1
7318,1.9667,0.0,0.0176,0.0,-0.0176,0.492424,0.870356,1
7319,1.9833,0.0,0.0228,0.0,-0.0228,0.496217,0.868199,1
7320,2.0,0.0,0.019,0.0,-0.019,0.5,0.866025,1
7321,2.0167,0.0,0.0186,0.0,-0.0186,0.503774,0.863836,1
7322,2.0333,0.0,0.017,0.0,-0.017,0.507538,0.861629,1
7323,2.05,0.0,0.0214,0.0,-0.0214,0.511293,0.859406,1
7324,2.0667,0.0,0.0212,0.0,-0.0212,0.515038,0.857167,1
7325,2.0833,0.0,0.0249,0.0,-0.0249,0.518773,0.854912,1
7326,2.1,0.0,0.0209,0.0,-0.0209,0.522499,0.85264,1
7327,2.1167,0.0,0.0207,0.0,-0.0207,0.526214,0.850352,1
7328,2.1333,0.0,0.0239,0.0,-0.0239,0.529919,0.848048,1
7329,2.15,0.0,0.0221,0.0,-0.0221,0.533615,0.845728,1
7330,2.1667,0.0,0.0256,0.0,-0.0256,0.5373,0.843391,1
7331,2.1833,0.0,0.0201,0.0,-0.0201,0.540974,0.841039,1
7332,2.2,0.0,0.0201,0.0,-0.0201,0.544639,0.838671,1
7333,2.2167,0.0,0.0227,0.0,-0.0227,0.548293,0.836286,1
7334,2.2333,0.0,0.0221,0.0,-0.0221,0.551937,0.833886,1
7335,2.25,0.0,0.0195,0.0,-0.0195,0.55557,0.83147,1
7336,2.2667,0.0,0.0179,0.0,-0.0179,0.559193,0.829038,1
7337,2.2833,0.0,0.0182,0.0,-0.0182,0.562805,0.82659,1
7338,2.3,0.0,0.0194,0.0,-0.0194,0.566406,0.824126,1
7339,2.3167,0.0,0.0213,0.0,-0.0213,0.569997,0.821647,1
7340,2.3333,0.0,0.02,0.0,-0.02,0.573576,0.819152,1
7341,2.35,0.0,0.0167,0.0,-0.0167,0.577145,0.816642,1
7342,2.3667,0.0,0.0193,0.0,-0.0193,0.580703,0.814116,1
7343,2.3833,0.0,0.0201,0.0,-0.0201,0.58425,0.811574,1
7344,2.4,0.0,0.0196,0.0,-0.0196,0.587785,0.809017,1
7345,2.4167,0.0,0.0192,0.0,-0.0192,0.59131,0.806445,1
7346,2.4333,0.0,0.0196,0.0,-0.0196,0.594823,0.803857,1
7347,2.45,0.0,0.0202,0.0,-0.0202,0.598325,0.801254,1
7348,2.4667,0.0,0.0217,0.0,-0.0217,0.601815,0.798636,1
7349,2.4833,0.0,0.0226,0.0,-0.0226,0.605294,0.796002,1
7350,2.5,0.0,0.0206,0.0,-0.0206,0.608761,0.793353,1
7351,2.5167,0.0,0.0211,0.0,-0.0211,0.612217,0.79069,1
7352,2.5333,0.0,0.0228,0.0,-0.0228,0.615661,0.788011,1
7353,2.55,0.0,0.0194,0.0,-0.0194,0.619094,0.785317,1
7354,2.5667,0.0,0.0183,0.0,-0.0183,0.622515,0.782608,1
7355,2.5833,0.0,0.0233,0.0,-0.0233,0.625923,0.779884,1
7356,2.6,0.0,0.0231,0.0,-0.0231,0.62932,0.777146,1
7357,2.6167,0.0,0.0212,0.0,-0.0212,0.632705,0.774393,1
7358,2.6333,0.0,0.0231,0.0,-0.0231,0.636078,0.771625,1
7359,2.65,0.0,0.0226,0.0,-0.0226,0.639439,0.768842,1
7360,2.6667,0.0,0.0189,0.0,-0.0189,0.642788,0.766044,1
7361,2.6833,0.0,0.0179,0.0,-0.0179,0.646124,0.763232,1
7362,2.7,0.0,0.0236,0.0,-0.0236,0.649448,0.760406,1
7363,2.7167,0.0,0.0214,0.0,-0.0214,0.65276,0.757565,1
7364,2.7333,0.0,0.021,0.0,-0.021,0.656059,0.75471,1
7365,2.75,0.0,0.0213,0.0,-0.0213,0.659346,0.75184,1
7366,2.7667,0.0,0.0205,0.0,-0.0205,0.66262,0.748956,1
7367,2.7833,0.0,0.02,0.0,-0.02,0.665882,0.746057,1
7368,2.8,0.0,0.0252,0.0,-0.0252,0.669131,0.743145,1
7369,2.8167,0.0,0.0244,0.0,-0.0244,0.672367,0.740218,1
7370,2.8333,0.0,0.0202,0.0,-0.0202,0.67559,0.737277,1
7371,2.85,0.0,0.0187,0.0,-0.0187,0.678801,0.734323,1
7372,2.8667,0.0,0.0189,0.0,-0.0189,0.681998,0.731354,1
7373,2.8833,0.0,0.0228,0.0,-0.0228,0.685183,0.728371,1
7374,2.9,0.0,0.0188,0.0,-0.0188,0.688355,0.725374,1
7375,2.9167,0.0,0.0187,0.0,-0.0187,0.691513,0.722364,1
7376,2.9333,0.0,0.0233,0.0,-0.0233,0.694658,0.71934,1
7377,2.95,0.0,0.017,0.0,-0.017,0.69779,0.716302,1
7378,2.9667,0.0,0.0197,0.0,-0.0197,0.700909,0.71325,1
7379,2.9833,0.0,0.0186,0.0,-0.0186,0.704015,0.710185,1
7380,3.0,0.0,0.0212,0.0,-0.0212,0.707107,0.707107,1
7381,3.0167,0.0,0.0171,0.0,-0.0171,0.710185,0.704015,1
7382,3.0333,0.0,0.0197,0.0,-0.0197,0.71325,0.700909,1
7383,3.05,0.0,0.0218,0.0,-0.0218,0.716302,0.69779,1
7384,3.0667,0.0,0.0231,0.0,-0.0231,0.71934,0.694658,1
7385,3.0833,0.0,0.0207,0.0,-0.0207,0.722364,0.691513,1
7386,3.1,0.0,0.0179,0.0,-0.0179,0.725374,0.688355,1
7387,3.1167,0.0,0.0205,0.0,-0.0205,0.728371,0.685183,1
7388,3.1333,0.0,0.0215,0.0,-0.0215,0.731354,0.681998,1
7389,3.15,0.0,0.0178,0.0,-0.0178,0.734323,0.678801,1
7390,3.1667,0.0,0.0188,0.0,-0.0188,0.737277,0.67559,1
7391,3.1833,0.0,0.0206,0.0,-0.0206,0.740218,0.672367,1
7392,3.2,0.0,0.0206,0.0,-0.0206,0.743145,0.669131,1
7393,3.2167,0.0,0.0205,0.0,-0.0205,0.746057,0.665882,1
7394,3.2333,0.0,0.0181,0.0,-0.0181,0.748956,0.66262,1
7395,3.25,0.0,0.0202,0.0,-0.0202,0.75184,0.659346,1
7396,3.2667,0.0,0.0204,0.0,-0.0204,0.75471,0.656059,1
7397,3.2833,0.0,0.0192,0.0,-0.0192,0.757565,0.65276,1
7398,3.3,0.0,0.0211,0.0,-0.0211,0.760406,0.649448,1
7399,3.3167,0.0,0.0204,0.0,-0.0204,0.763232,0.646124,1
7400,3.3333,0.0,0.0215,0.0,-0.0215,0.766044,0.642788,1
7401,3.35,0.0,0.019,0.0,-0.019,0.768842,0.639439,1
7402,3.3667,0.0,0.0161,0.0,-0.0161,0.771625,0.636078,1
7403,3.3833,0.0,0.0172,0.0,-0.0172,0.774393,0.632705,1
7404,3.4,0.0,0.0177,0.0,-0.0177,0.777146,0.62932,1
7405,3.4167,0.0,0.0207,0.0,-0.0207,0.779884,0.625923,1
7406,3.4333,0.0,0.0177,0.0,-0.0177,0.782608,0.622515,1
7407,3.45,0.0,0.0203,0.0,-0.0203,0.785317,0.619094,1
7408,3.4667,0.0,0.0193,0.0,-0.0193,0.788011,0.615661,1
7409,3.4833,0.0,0.0213,0.0,-0.0213,0.79069,0.612217,1
7410,3.5,0.0,0.0187,0.0,-0.0187,0.793353,0.608761,1
7411,3.5167,0.0,0.0191,0.0,-0.0191,0.796002,0.605294,1
7412,3.5333,0.0,0.0224,0.0,-0.0224,0.798636,0.601815,1
7413,3.55,0.0,0.0183,0.0,-0.0183,0.801254,0.598325,1
7414,3.5667,0.0,0.0179,0.0,-0.0179,0.803857,0.594823,1
7415,3.5833,0.0,0.0166,0.0,-0.0166,0.806445,0.59131,1
7416,3.6,0.0,0.0218,0.0,-0.0218,0.809017,0.587785,1
7417,3.6167,0.0,0.0211,0.0,-0.0211,0.811574,0.58425,1
7418,3.6333,0.0,0.0191,0.0,-0.0191,0.814116,0.580703,1
7419,3.65,0.0,0.0195,0.0,-0.0195,0.816642,0.577145,1
7420,3.6667,0.0,0.0198,0.0,-0.0198,0.819152,0.573576,1
7421,3.6833,0.0,0.0206,0.0,-0.0206,0.821647,0.569997,1
7422,3.7,0.0,0.0175,0.0,-0.0175,0.824126,0.566406,1
7423,3.7167,0.0,0.0159,0.0,-0.0159,0.82659,0.562805,1
7424,3.7333,0.0,0.0203,0.0,-0.0203,0.829038,0.559193,1
7425,3.75,0.0,0.0187,0.0,-0.0187,0.83147,0.55557,1
7426,3.7667,0.0,0.0206,0.0,-0.0206,0.833886,0.551937,1
7427,3.7833,0.0,0.0243,0.0,-0.0243,0.836286,0.548293,1
7428,3.8,0.0,0.0238,0.0,-0.0238,0.838671,0.544639,1
7429,3.8167,0.0,0.019,0.0,-0.019,0.841039,0.540974,1
7430,3.8333,0.0,0.0192,0.0,-0.0192,0.843391,0.5373,1
7431,3.85,0.0,0.0202,0.0,-0.0202,0.845728,0.533615,1
7432,3.8667,0.0,0.0208,0.0,-0.0208,0.848048,0.529919,1
7433,3.8833,0.0,0.0233,0.0,-0.0233,0.850352,0.526214,1
7434,3.9,0.0,0.0188,0.0,-0.0188,0.85264,0.522499,1
7435,3.9167,0.0,0.023,0.0,-0.023,0.854912,0.518773,1
7436,3.9333,0.0,0.0192,0.0,-0.0192,0.857167,0.515038,1
7437,3.95,0.0,0.0212,0.0,-0.0212,0.859406,0.511293,1
7438,3.9667,0.0,0.023,0.0,-0.023,0.861629,0.507538,1
7439,3.9833,0.0,0.0176,0.0,-0.0176,0.863836,0.503774,1
7440,4.0,0.0,0.0195,0.0,-0.0195,0.866025,0.5,1
7441,4.0167,0.0,0.0164,0.0,-0.0164,0.868199,0.496217,1
7442,4.0333,0.0,0.0189,0.0,-0.0189,0.870356,0.492424,1
7443,4.05,0.0,0.019,0.0,-0.019,0.872496,0.488621,1
7444,4.0667,0.0,0.0205,0.0,-0.0205,0.87462,0.48481,1
7445,4.0833,0.0,0.0179,0.0,-0.0179,0.876727,0.480989,1
7446,4.1,0.0,0.0159,0.0,-0.0159,0.878817,0.477159,1
7447,4.1167,0.0,0.0239,0.0,-0.0239,0.880891,0.47332,1
7448,4.1333,0.0,0.0216,0.0,-0.0216,0.882948,0.469472,1
7449,4.15,0.0,0.02,0.0,-0.02,0.884988,0.465615,1
7450,4.1667,0.0,0.0164,0.0,-0.0164,0.887011,0.461749,1
7451,4.1833,0.0,0.0227,0.0,-0.0227,0.889017,0.457874,1
7452,4.2,0.0,0.0237,0.0,-0.0237,0.891007,0.45399,1
7453,4.2167,0.0,0.0209,0.0,-0.0209,0.892979,0.450098,1
7454,4.2333,0.0,0.0209,0.0,-0.0209,0.894934,0.446198,1
7455,4.25,0.0,0.0194,0.0,-0.0194,0.896873,0.442289,1
7456,4.2667,0.0,0.0211,0.0,-0.0211,0.898794,0.438371,1
7457,4.2833,0.0,0.0202,0.0,-0.0202,0.900698,0.434445,1
7458,4.3,0.0,0.0194,0.0,-0.0194,0.902585,0.430511,1
7459,4.3167,0.0,0.0192,0.0,-0.0192,0.904455,0.426569,1
7460,4.3333,0.0,0.0235,0.0,-0.0235,0.906308,0.422618,1
7461,4.35,0.0,0.0214,0.0,-0.0214,0.908143,0.41866,1
7462,4.3667,0.0,0.0206,0.0,-0.0206,0.909961,0.414693,1
7463,4.3833,0.0,0.0211,0.0,-0.0211,0.911762,0.410719,1
7464,4.4,0.0,0.0203,0.0,-0.0203,0.913545,0.406737,1
7465,4.4167,0.0,0.0191,0.0,-0.0191,0.915311,0.402747,1
7466,4.4333,0.0,0.0191,0.0,-0.0191,0.91706,0.398749,1
7467,4.45,0.0,0.0187,0.0,-0.0187,0.918791,0.394744,1
7468,4.4667,0.0,0.0209,0.0,-0.0209,0.920505,0.390731,1
7469,4.4833,0.0,0.0187,0.0,-0.0187,0.922201,0.386711,1
7470,4.5,0.0,0.0196,0.0,-0.0196,0.92388,0.382683,1
7471,4.5167,0.0,0.0209,0.0,-0.0209,0.925541,0.378649,1
7472,4.5333,0.0,0.0177,0.0,-0.0177,0.927184,0.374607,1
7473,4.55,0.0,0.0227,0.0,-0.0227,0.92881,0.370557,1
7474,4.5667,0.0,0.0214,0.0,-0.0214,0.930418,0.366501,1
7475,4.5833,0.0,0.0223,0.0,-0.0223,0.932008,0.362438,1
7476,4.6,0.0,0.0231,0.0,-0.0231,0.93358,0.358368,1
7477,4.6167,0.0,0.0217,0.0,-0.0217,0.935135,0.354291,1
7478,4.6333,0.0,0.0207,0.0,-0.0207,0.936672,0.350207,1
7479,4.65,0.0,0.022,0.0,-0.022,0.938191,0.346117,1
7480,4.6667,0.0,0.0215,0.0,-0.0215,0.939693,0.34202,1
7481,4.6833,0.0,0.021,0.0,-0.021,0.941176,0.337917,1
7482,4.7,0.0,0.02,0.0,-0.02,0.942641,0.333807,1
7483,4.7167,0.0,0.0213,0.0,-0.0213,0.944089,0.329691,1
7484,4.7333,0.0,0.0191,0.0,-0.0191,0.945519,0.325568,1
7485,4.75,0.0,0.0188,0.0,-0.0188,0.94693,0.321439,1
7486,4.7667,0.0,0.0195,0.0,-0.0195,0.948324,0.317305,1
7487,4.7833,0.0,0.0183,0.0,-0.0183,0.949699,0.313164,1
7488,4.8,0.0,0.0207,0.0,-0.0207,0.951057,0.309017,1
7489,4.8167,0.0,0.0237,0.0,-0.0237,0.952396,0.304864,1
7490,4.8333,0.0,0.0206,0.0,-0.0206,0.953717,0.300706,1
7491,4.85,0.0,0.0211,0.0,-0.0211,0.95502,0.296542,1
7492,4.8667,0.0,0.0213,0.0,-0.0213,0.956305,0.292372,1
7493,4.8833,0.0,0.0212,0.0,-0.0212,0.957571,0.288196,1
7494,4.9,0.0,0.0243,0.0,-0.0243,0.95882,0.284015,1
7495,4.9167,0.0,0.0158,0.0,-0.0158,0.96005,0.279829,1
7496,4.9333,0.0,0.0251,0.0,-0.0251,0.961262,0.275637,1
7497,4.95,0.0,0.0186,0.0,-0.0186,0.962455,0.27144,1
7498,4.9667,0.0,0.0244,0.0,-0.0244,0.96363,0.267238,1
7499,4.9833,0.0,0.0185,0.0,-0.0185,0.964787,0.263031,1
7500,5.0,0.0,0.0215,0.0,-0.0215,0.965926,0.258819,1
7501,5.0167,0.0,0.0179,0.0,-0.0179,0.967046,0.254602,1
7502,5.0333,0.0,0.0226,0.0,-0.0226,0.968148,0.25038,1
7503,5.05,0.0,0.0215,0.0,-0.0215,0.969231,0.246153,1
7504,5.0667,0.0,0.0217,0.0,-0.0217,0.970296,0.241922,1
7505,5.0833,0.0,0.0234,0.0,-0.0234,0.971342,0.237686,1
7506,5.1,0.0,0.0222,0.0,-0.0222,0.97237,0.233445,1
7507,5.1167,0.0,0.0185,0.0,-0.0185,0.973379,0.2292,1
7508,5.1333,0.0,0.0202,0.0,-0.0202,0.97437,0.224951,1
7509,5.15,0.0,0.0235,0.0,-0.0235,0.975342,0.220697,1
7510,5.1667,0.0,0.019,0.0,-0.019,0.976296,0.21644,1
7511,5.1833,0.0,0.0226,0.0,-0.0226,0.977231,0.212178,1
7512,5.2,0.0,0.0234,0.0,-0.0234,0.978148,0.207912,1
7513,5.2167,0.0,0.0225,0.0,-0.0225,0.979045,0.203642,1
7514,5.2333,0.0,0.0216,0.0,-0.0216,0.979925,0.199368,1
7515,5.25,0.0,0.0186,0.0,-0.0186,0.980785,0.19509,1
7516,5.2667,0.0,0.0195,0.0,-0.0195,0.981627,0.190809,1
7517,5.2833,0.0,0.023,0.0,-0.023,0.98245,0.186524,1
7518,5.3,0.0,0.0219,0.0,-0.0219,0.983255,0.182236,1
7519,5.3167,0.0,0.022,0.0,-0.022,0.984041,0.177944,1
7520,5.3333,0.0,0.0208,0.0,-0.0208,0.984808,0.173648,1
7521,5.35,0.0,0.0185,0.0,-0.0185,0.985556,0.16935,1
7522,5.3667,0.0,0.0217,0.0,-0.0217,0.986286,0.165048,1
7523,5.3833,0.0,0.0169,0.0,-0.0169,0.986996,0.160743,1
7524,5.4,0.0,0.0206,0.0,-0.0206,0.987688,0.156434,1
7525,5.4167,0.0,0.0211,0.0,-0.0211,0.988362,0.152123,1
7526,5.4333,0.0,0.0214,0.0,-0.0214,0.989016,0.147809,1
7527,5.45,0.0,0.0216,0.0,-0.0216,0.989651,0.143493,1
7528,5.4667,0.0,0.0186,0.0,-0.0186,0.990268,0.139173,1
7529,5.4833,0.0,0.0187,0.0,-0.0187,0.990866,0.134851,1
7530,5.5,0.0,0.0238,0.0,-0.0238,0.991445,0.130526,1
7531,5.5167,0.0,0.0222,0.0,-0.0222,0.992005,0.126199,1
7532,5.5333,0.0,0.023,0.0,-0.023,0.992546,0.121869,1
7533,5.55,0.0,0.022,0.0,-0.022,0.993068,0.117537,1
7534,5.5667,0.0,0.0227,0.0,-0.0227,0.993572,0.113203,1
7535,5.5833,0.0,0.0182,0.0,-0.0182,0.994056,0.108867,1
7536,5.6,0.0,0.0174,0.0,-0.0174,0.994522,0.104528,1
7537,5.6167,0.0,0.0197,0.0,-0.0197,0.994969,0.100188,1
7538,5.6333,0.0,0.0202,0.0,-0.0202,0.995396,0.095846,1
7539,5.65,0.0,0.0161,0.0,-0.0161,0.995805,0.091502,1
7540,5.6667,0.0,0.0192,0.0,-0.0192,0.996195,0.087156,1
7541,5.6833,0.0,0.0223,0.0,-0.0223,0.996566,0.082808,1
7542,5.7,0.0,0.022,0.0,-0.022,0.996917,0.078459,1
7543,5.7167,0.0,0.0238,0.0,-0.0238,0.99725,0.074108,1
7544,5.7333,0.0,0.0196,0.0,-0.0196,0.997564,0.069756,1
7545,5.75,0.0,0.0189,0.0,-0.0189,0.997859,0.065403,1
7546,5.7667,0.0,0.0235,0.0,-0.0235,0.998135,0.061049,1
7547,5.7833,0.0,0.0195,0.0,-0.0195,0.998392,0.056693,1
7548,5.8,0.0,0.0193,0.0,-0.0193,0.99863,0.052336,1
7549,5.8167,0.0,0.0227,0.0,-0.0227,0.998848,0.047978,1
7550,5.8333,0.0,0.0206,0.0,-0.0206,0.999048,0.043619,1
7551,5.85,0.0,0.0173,0.0,-0.0173,0.999229,0.03926,1
7552,5.8667,0.0,0.0208,0.0,-0.0208,0.999391,0.034899,1
7553,5.8833,0.0,0.0198,0.0,-0.0198,0.999534,0.030539,1
7554,5.9,0.0,0.0165,0.0,-0.0165,0.999657,0.026177,1
7555,5.9167,0.0,0.0238,0.0,-0.0238,0.999762,0.021815,1
7556,5.9333,0.0,0.0235,0.0,-0.0235,0.999848,0.017452,1
7557,5.95,0.0,0.0223,0.0,-0.0223,0.999914,0.01309,1
7558,5.9667,0.0,0.018,0.0,-0.018,0.999962,0.008727,1
7559,5.9833,0.0,0.0174,0.0,-0.0174,0.99999,0.004363,1
7560,6.0,0.00085,0.0395,0.0,-0.03865,1.0,0.0,1
7561,6.0167,0.001817,0.0347,0.0,-0.032883,0.99999,-0.004363,1
7562,6.0333,0.00535,0.0374,0.0,-0.03205,0.999962,-0.008727,1
7563,6.05,0.0,0.0395,0.0,-0.0395,0.999914,-0.01309,1
7564,6.0667,0.00565,0.041,0.0,-0.03535,0.999848,-0.017452,1
7565,6.0833,0.003133,0.0344,0.0,-0.031267,0.999762,-0.021815,1
7566,6.1,0.001483,0.0339,0.0,-0.032417,0.999657,-0.026177,1
7567,6.1167,0.007983,0.0362,0.0,-0.028217,0.999534,-0.030539,1
7568,6.1333,0.01015,0.0373,0.0,-0.02715,0.999391,-0.034899,1
7569,6.15,0.006,0.0357,0.0,-0.0297,0.999229,-0.03926,1
7570,6.1667,0.0059,0.036,0.0,-0.0301,0.999048,-0.043619,1
7571,6.1833,0.009867,0.0375,0.0,-0.027633,0.998848,-0.047978,1
7572,6.2,0.014333,0.0373,0.0,-0.022967,0.99863,-0.052336,1
7573,6.2167,0.00945,0.0371,0.0,-0.02765,0.998392,-0.056693,1
7574,6.2333,0.0144,0.0334,0.0,-0.019,0.998135,-0.061049,1
7575,6.25,0.015867,0.0361,0.0,-0.020233,0.997859,-0.065403,1
7576,6.2667,0.014967,0.0354,0.0,-0.020433,0.997564,-0.069756,1
7577,6.2833,0.0135,0.0352,0.0,-0.0217,0.99725,-0.074108,1
7578,6.3,0.0104,0.0417,0.0,-0.0313,0.996917,-0.078459,1
7579,6.3167,0.016767,0.0363,0.0,-0.019533,0.996566,-0.082808,1
7580,6.3333,0.015833,0.0368,0.0,-0.020967,0.996195,-0.087156,1
7581,6.35,0.01955,0.0392,0.0,-0.01965,0.995805,-0.091502,1
7582,6.3667,0.017733,0.0354,0.0,-0.017667,0.995396,-0.095846,1
7583,6.3833,0.017467,0.0393,0.0,-0.021833,0.994969,-0.100188,1
7584,6.4,0.024067,0.038,0.0,-0.013933,0.994522,-0.104528,1
7585,6.4167,0.02185,0.0386,0.0,-0.01675,0.994056,-0.108867,1
7586,6.4333,0.025817,0.0357,0.0,-0.009883,0.993572,-0.113203,1
7587,6.45,0.0303,0.0364,0.0,-0.0061,0.993068,-0.117537,1
7588,6.4667,0.02315,0.0371,0.0,-0.01395,0.992546,-0.121869,1
7589,6.4833,0.0235,0.0343,0.0,-0.0108,0.992005,-0.126199,1
7590,6.5,0.030817,0.035,0.0,-0.004183,0.991445,-0.130526,1
7591,6.5167,0.0271,0.0382,0.0,-0.0111,0.990866,-0.134851,1
7592,6.5333,0.02785,0.0363,0.0,-0.00845,0.990268,-0.139173,1
7593,6.55,0.026917,0.0365,0.0,-0.009583,0.989651,-0.143493,1
7594,6.5667,0.031133,0.038,0.0,-0.006867,0.989016,-0.147809,1
7595,6.5833,0.027733,0.0382,0.0,-0.010467,0.988362,-0.152123,1
7596,6.6,0.032967,0.0359,0.0,-0.002933,0.987688,-0.156434,1
7597,6.6167,0.038967,0.038,0.001,0.000967,0.986996,-0.160743,0
7598,6.6333,0.030733,0.0384,0.0,-0.007667,0.986286,-0.165048,1
7599,6.65,0.035683,0.0397,0.0,-0.004017,0.985556,-0.16935,1
7600,6.6667,0.040067,0.0378,0.0023,0.002267,0.984808,-0.173648,0
7601,6.6833,0.031167,0.0384,0.0,-0.007233,0.984041,-0.177944,1
7602,6.7,0.031383,0.0388,0.0,-0.007417,0.983255,-0.182236,1
7603,6.7167,0.037717,0.0348,0.0029,0.002917,0.98245,-0.186524,0
7604,6.7333,0.0391,0.0366,0.0054,0.0025,0.981627,-0.190809,0
7605,6.75,0.0392,0.0364,0.0082,0.0028,0.980785,-0.19509,0
7606,6.7667,0.040333,0.0394,0.0091,0.000933,0.979925,-0.199368,0
7607,6.7833,0.0413,0.0367,0.0137,0.0046,0.979045,-0.203642,0
7608,6.8,0.03845,0.0395,0.0127,-0.00105,0.978148,-0.207912,0
7609,6.8167,0.043317,0.0385,0.0175,0.004817,0.977231,-0.212178,0
7610,6.8333,0.044417,0.0395,0.0224,0.004917,0.976296,-0.21644,0
7611,6.85,0.03925,0.0379,0.0237,0.00135,0.975342,-0.220697,0
7612,6.8667,0.042967,0.0383,0.0284,0.004667,0.97437,-0.224951,0
7613,6.8833,0.047767,0.0366,0.0396,0.011167,0.973379,-0.2292,0
7614,6.9,0.04495,0.0371,0.0474,0.00785,0.97237,-0.233445,0
7615,6.9167,0.047817,0.0349,0.0603,0.012917,0.971342,-0.237686,0
7616,6.9333,0.041883,0.0372,0.065,0.004683,0.970296,-0.241922,0
7617,6.95,0.040533,0.0368,0.0687,0.003733,0.969231,-0.246153,0
7618,6.9667,0.0508,0.0386,0.0809,0.0122,0.968148,-0.25038,0
7619,6.9833,0.053083,0.0354,0.0986,0.017683,0.967046,-0.254602,0
7620,7.0,0.052567,0.0682,0.083,-0.015633,0.965926,-0.258819,0
7621,7.0167,0.055267,0.0701,0.0682,-0.014833,0.964787,-0.263031,0
7622,7.0333,0.052933,0.0718,0.0493,-0.018867,0.96363,-0.267238,0
7623,7.05,0.054417,0.0716,0.0321,-0.017183,0.962455,-0.27144,0
7624,7.0667,0.058267,0.0663,0.0241,-0.008033,0.961262,-0.275637,0
7625,7.0833,0.0557,0.0673,0.0125,-0.0116,0.96005,-0.279829,0
7626,7.1,0.062733,0.0701,0.0051,-0.007367,0.95882,-0.284015,0
7627,7.1167,0.056383,0.0661,0.0,-0.009717,0.957571,-0.288196,1
7628,7.1333,0.056417,0.0646,0.0,-0.008183,0.956305,-0.292372,1
7629,7.15,0.057483,0.0711,0.0,-0.013617,0.95502,-0.296542,1
7630,7.1667,0.0632,0.0645,0.0,-0.0013,0.953717,-0.300706,1
7631,7.1833,0.062167,0.0699,0.0,-0.007733,0.952396,-0.304864,1
7632,7.2,0.063083,0.0662,0.0,-0.003117,0.951057,-0.309017,1
7633,7.2167,0.06275,0.0674,0.0,-0.00465,0.949699,-0.313164,1
7634,7.2333,0.063783,0.0671,0.0,-0.003317,0.948324,-0.317305,1
7635,7.25,0.0666,0.0669,0.0,-0.0003,0.94693,-0.321439,1
7636,7.2667,0.063433,0.0701,0.0,-0.006667,0.945519,-0.325568,1
7637,7.2833,0.064533,0.0672,0.0,-0.002667,0.944089,-0.329691,1
7638,7.3,0.07105,0.0708,0.0003,0.00025,0.942641,-0.333807,0
7639,7.3167,0.070133,0.0667,0.0037,0.003433,0.941176,-0.337917,0
7640,7.3333,0.075467,0.0675,0.0117,0.007967,0.939693,-0.34202,0
7641,7.35,0.07015,0.0684,0.0135,0.00175,0.938191,-0.346117,0
7642,7.3667,0.0711,0.0687,0.0159,0.0024,0.936672,-0.350207,0
7643,7.3833,0.06935,0.0701,0.0151,-0.00075,0.935135,-0.354291,0
7644,7.4,0.075767,0.0652,0.0257,0.010567,0.93358,-0.358368,0
7645,7.4167,0.07015,0.0699,0.026,0.00025,0.932008,-0.362438,0
7646,7.4333,0.077667,0.0677,0.036,0.009967,0.930418,-0.366501,0
7647,7.45,0.0755,0.0694,0.0421,0.0061,0.92881,-0.370557,0
7648,7.4667,0.071733,0.068,0.0458,0.003733,0.927184,-0.374607,0
7649,7.4833,0.074617,0.0676,0.0528,0.007017,0.925541,-0.378649,0
7650,7.5,0.074567,0.0653,0.0621,0.009267,0.92388,-0.382683,0
7651,7.5167,0.079767,0.0661,0.0758,0.013667,0.922201,-0.386711,0
7652,7.5333,0.07705,0.0678,0.085,0.00925,0.920505,-0.390731,0
7653,7.55,0.0802,0.0663,0.0989,0.0139,0.918791,-0.394744,0
7654,7.5667,0.079633,0.067,0.1115,0.012633,0.91706,-0.398749,0
7655,7.5833,0.08365,0.0669,0.1282,0.01675,0.915311,-0.402747,0
7656,7.6,0.084917,0.0657,0.1474,0.019217,0.913545,-0.406737,0
7657,7.6167,0.08315,0.0669,0.1637,0.01625,0.911762,-0.410719,0
7658,7.6333,0.078583,0.0706,0.1717,0.007983,0.909961,-0.414693,0
7659,7.65,0.083117,0.0695,0.1853,0.013617,0.908143,-0.41866,0
7660,7.6667,0.082167,0.0695,0.198,0.012667,0.906308,-0.422618,0
7661,7.6833,0.081633,0.0685,0.2111,0.013133,0.904455,-0.426569,0
7662,7.7,0.087767,0.0696,0.2293,0.018167,0.902585,-0.430511,0
7663,7.7167,0.08675,0.0672,0.2489,0.01955,0.900698,-0.434445,0
7664,7.7333,0.088783,0.0718,0.2659,0.016983,0.898794,-0.438371,0
7665,7.75,0.08935,0.0671,0.2882,0.02225,0.896873,-0.442289,0
7666,7.7667,0.09125,0.0687,0.3108,0.02255,0.894934,-0.446198,0
7667,7.7833,0.0888,0.068,0.3316,0.0208,0.892979,-0.450098,0
7668,7.8,0.088867,0.0659,0.3546,0.022967,0.891007,-0.45399,0
7669,7.8167,0.095833,0.0677,0.3827,0.028133,0.889017,-0.457874,0
7670,7.8333,0.094217,0.0672,0.4097,0.027017,0.887011,-0.461749,0
7671,7.85,0.0984,0.0687,0.4394,0.0297,0.884988,-0.465615,0
7672,7.8667,0.090683,0.0703,0.4598,0.020383,0.882948,-0.469472,0
7673,7.8833,0.09245,0.0651,0.4872,0.02735,0.880891,-0.47332,0
7674,7.9,0.093317,0.0695,0.511,0.023817,0.878817,-0.477159,0
7675,7.9167,0.094367,0.0697,0.5357,0.024667,0.876727,-0.480989,0
7676,7.9333,0.0957,0.0678,0.5636,0.0279,0.87462,-0.48481,0
7677,7.95,0.09695,0.0692,0.5913,0.02775,0.872496,-0.488621,0
7678,7.9667,0.0988,0.0639,0.6262,0.0349,0.870356,-0.492424,0
7679,7.9833,0.100433,0.0696,0.657,0.030833,0.868199,-0.496217,0
7680,8.0,0.0987,0.0678,0.6879,0.0309,0.866025,-0.5,0
7681,8.0167,0.098267,0.0685,0.7177,0.029767,0.863836,-0.503774,0
7682,8.0333,0.107567,0.0707,0.7546,0.036867,0.861629,-0.507538,0
7683,8.05,0.102917,0.07,0.7875,0.032917,0.859406,-0.511293,0
7684,8.0667,0.10305,0.134,0.7565,-0.03095,0.857167,-0.515038,0
7685,8.0833,0.101967,0.1303,0.7282,-0.028333,0.854912,-0.518773,0
7686,8.1,0.1035,0.1334,0.6983,-0.0299,0.85264,-0.522499,0
7687,8.1167,0.104783,0.1324,0.6707,-0.027617,0.850352,-0.526214,0
7688,8.1333,0.10375,0.1333,0.6411,-0.02955,0.848048,-0.529919,0
7689,8.15,0.105817,0.136,0.6109,-0.030183,0.845728,-0.533615,0
7690,8.1667,0.1081,0.1322,0.5868,-0.0241,0.843391,-0.5373,0
7691,8.1833,0.107917,0.1307,0.564,-0.022783,0.841039,-0.540974,0
7692,8.2,0.11,0.1311,0.5429,-0.0211,0.838671,-0.544639,0
7693,8.2167,0.110167,0.1314,0.5217,-0.021233,0.836286,-0.548293,0
7694,8.2333,0.110933,0.1345,0.4981,-0.023567,0.833886,-0.551937,0
7695,8.25,0.1071,0.1335,0.4717,-0.0264,0.83147,-0.55557,0
7696,8.2667,0.113033,0.1345,0.4502,-0.021467,0.829038,-0.559193,0
7697,8.2833,0.112783,0.1347,0.4283,-0.021917,0.82659,-0.562805,0
7698,8.3,0.113233,0.135,0.4065,-0.021767,0.824126,-0.566406,0
7699,8.3167,0.1134,0.1328,0.3871,-0.0194,0.821647,-0.569997,0
7700,8.3333,0.120217,0.138,0.3693,-0.017783,0.819152,-0.573576,0
7701,8.35,0.11465,0.131,0.353,-0.01635,0.816642,-0.577145,0
7702,8.3667,0.1188,0.131,0.3408,-0.0122,0.814116,-0.580703,0
7703,8.3833,0.11505,0.1329,0.323,-0.01785,0.811574,-0.58425,0
7704,8.4,0.1164,0.1343,0.3051,-0.0179,0.809017,-0.587785,0
7705,8.4167,0.120083,0.1304,0.2948,-0.010317,0.806445,-0.59131,0
7706,8.4333,0.116283,0.1393,0.2718,-0.023017,0.803857,-0.594823,0
7707,8.45,0.117183,0.1328,0.2562,-0.015617,0.801254,-0.598325,0
7708,8.4667,0.122083,0.1343,0.244,-0.012217,0.798636,-0.601815,0
7709,8.4833,0.121133,0.1353,0.2298,-0.014167,0.796002,-0.605294,0
7710,8.5,0.124067,0.1351,0.2188,-0.011033,0.793353,-0.608761,0
7711,8.5167,0.12005,0.1337,0.2051,-0.01365,0.79069,-0.612217,0
7712,8.5333,0.12025,0.1326,0.1928,-0.01235,0.788011,-0.615661,0
7713,8.55,0.127717,0.1359,0.1846,-0.008183,0.785317,-0.619094,0
7714,8.5667,0.12665,0.1365,0.1748,-0.00985,0.782608,-0.622515,0
7715,8.5833,0.12105,0.1305,0.1653,-0.00945,0.779884,-0.625923,0
7716,8.6,0.12995,0.1316,0.1637,-0.00165,0.777146,-0.62932,0
7717,8.6167,0.123283,0.1372,0.1498,-0.013917,0.774393,-0.632705,0
7718,8.6333,0.12665,0.1353,0.1411,-0.00865,0.771625,-0.636078,0
7719,8.65,0.132483,0.1349,0.1387,-0.002417,0.768842,-0.639439,0
7720,8.6667,0.129083,0.135,0.1328,-0.005917,0.766044,-0.642788,0
7721,8.6833,0.12585,0.1329,0.1258,-0.00705,0.763232,-0.646124,0
7722,8.7,0.128133,0.1334,0.1205,-0.005267,0.760406,-0.649448,0
7723,8.7167,0.1295,0.1317,0.1183,-0.0022,0.757565,-0.65276,0
7724,8.7333,0.132067,0.136,0.1144,-0.003933,0.75471,-0.656059,0
7725,8.75,0.13115,0.1332,0.1123,-0.00205,0.75184,-0.659346,0
7726,8.7667,0.135317,0.1325,0.1151,0.002817,0.748956,-0.66262,0
7727,8.7833,0.134233,0.1306,0.1187,0.003633,0.746057,-0.665882,0
7728,8.8,0.134883,0.1355,0.1181,-0.000617,0.743145,-0.669131,0
7729,8.8167,0.13325,0.135,0.1164,-0.00175,0.740218,-0.672367,0
7730,8.8333,0.132533,0.1353,0.1136,-0.002767,0.737277,-0.67559,0
7731,8.85,0.136517,0.1336,0.1165,0.002917,0.734323,-0.678801,0
7732,8.8667,0.1406,0.1319,0.1252,0.0087,0.731354,-0.681998,0
7733,8.8833,0.140567,0.1321,0.1337,0.008467,0.728371,-0.685183,0
7734,8.9,0.138367,0.1351,0.137,0.003267,0.725374,-0.688355,0
7735,8.9167,0.139117,0.1309,0.1452,0.008217,0.722364,-0.691513,0
7736,8.9333,0.137183,0.1341,0.1483,0.003083,0.71934,-0.694658,0
7737,8.95,0.138983,0.1309,0.1564,0.008083,0.716302,-0.69779,0
7738,8.9667,0.1429,0.1352,0.1641,0.0077,0.71325,-0.700909,0
7739,8.9833,0.143067,0.1337,0.1735,0.009367,0.710185,-0.704015,0
7740,9.0,0.139067,0.0995,0.2131,0.039567,0.707107,-0.707107,0
7741,9.0167,0.144067,0.1015,0.2557,0.042567,0.704015,-0.710185,0
7742,9.0333,0.149167,0.1067,0.2982,0.042467,0.700909,-0.71325,0
7743,9.05,0.146033,0.1018,0.3424,0.044233,0.69779,-0.716302,0
7744,9.0667,0.142733,0.102,0.3831,0.040733,0.694658,-0.71934,0
7745,9.0833,0.148583,0.0356,0.4961,0.112983,0.691513,-0.722364,0
7746,9.1,0.146533,0.0334,0.6092,0.113133,0.688355,-0.725374,0
7747,9.1167,0.148083,0.035,0.7223,0.113083,0.685183,-0.728371,0
7748,9.1333,0.145783,0.0418,0.8263,0.103983,0.681998,-0.731354,0
7749,9.15,0.1449,0.0395,0.9317,0.1054,0.678801,-0.734323,0
7750,9.1667,0.153033,0.0371,1.0476,0.115933,0.67559,-0.737277,0
7751,9.1833,0.1474,0.0369,1.1581,0.1105,0.672367,-0.740218,0
7752,9.2,0.1507,0.0351,1.2737,0.1156,0.669131,-0.743145,0
7753,9.2167,0.1476,0.0351,1.3862,0.1125,0.665882,-0.746057,0
7754,9.2333,0.148017,0.0363,1.4979,0.111717,0.66262,-0.748956,0
7755,9.25,0.148233,0.036,1.6101,0.112233,0.659346,-0.75184,0
7756,9.2667,0.150817,0.0375,1.7234,0.113317,0.656059,-0.75471,0
7757,9.2833,0.153683,0.0368,1.8403,0.116883,0.65276,-0.757565,0
7758,9.3,0.1549,0.0374,1.9578,0.1175,0.649448,-0.760406,0
7759,9.3167,0.154533,0.04,2.0723,0.114533,0.646124,-0.763232,0
7760,9.3333,0.150683,0.0398,2.1832,0.110883,0.642788,-0.766044,0
7761,9.35,0.152383,0.0402,2.2954,0.112183,0.639439,-0.768842,0
7762,9.3667,0.153583,0.039,2.41,0.114583,0.636078,-0.771625,0
7763,9.3833,0.1553,0.0414,2.5239,0.1139,0.632705,-0.774393,0
7764,9.4,0.153967,0.0391,2.6388,0.114867,0.62932,-0.777146,0
7765,9.4167,0.157767,0.0365,2.7601,0.121267,0.625923,-0.779884,0
7766,9.4333,0.15665,0.0403,2.8765,0.11635,0.622515,-0.782608,0
7767,9.45,0.160417,0.0394,2.9975,0.121017,0.619094,-0.785317,0
7768,9.4667,0.1583,0.0381,3.1177,0.1202,0.615661,-0.788011,0
7769,9.4833,0.158633,0.0352,3.2411,0.123433,0.612217,-0.79069,0
7770,9.5,0.159933,0.035,3.366,0.124933,0.608761,-0.793353,0
7771,9.5167,0.15625,0.0415,3.4808,0.11475,0.605294,-0.796002,0
7772,9.5333,0.15925,0.0375,3.6025,0.12175,0.601815,-0.798636,0
7773,9.55,0.1607,0.0383,3.7249,0.1224,0.598325,-0.801254,0
7774,9.5667,0.163233,0.0344,3.8537,0.128833,0.594823,-0.803857,0
7775,9.5833,0.1612,0.0366,3.9783,0.1246,0.59131,-0.806445,0
7776,9.6,0.162583,0.0379,4.103,0.124683,0.587785,-0.809017,0
7777,9.6167,0.1655,0.0391,4.2294,0.1264,0.58425,-0.811574,0
7778,9.6333,0.1617,0.0394,4.3517,0.1223,0.580703,-0.814116,0
7779,9.65,0.167933,0.0394,4.4802,0.128533,0.577145,-0.816642,0
7780,9.6667,0.163983,0.0419,4.6023,0.122083,0.573576,-0.819152,0
7781,9.6833,0.165567,0.0366,4.7313,0.128967,0.569997,-0.821647,0
7782,9.7,0.168383,0.0401,4.8596,0.128283,0.566406,-0.824126,0
7783,9.7167,0.1621,0.0373,4.9844,0.1248,0.562805,-0.82659,0
7784,9.7333,0.1719,0.0345,5.1218,0.1374,0.559193,-0.829038,0
7785,9.75,0.168483,0.0388,5.2515,0.129683,0.55557,-0.83147,0
7786,9.7667,0.16795,0.0422,5.3773,0.12575,0.551937,-0.833886,0
7787,9.7833,0.16745,0.0402,5.5046,0.12725,0.548293,-0.836286,0
7788,9.8,0.1693,0.0349,5.639,0.1344,0.544639,-0.838671,0
7789,9.8167,0.167633,0.0363,5.7703,0.131333,0.540974,-0.841039,0
7790,9.8333,0.167517,0.0406,5.8972,0.126917,0.5373,-0.843391,0
7791,9.85,0.166367,0.0367,6.0269,0.129667,0.533615,-0.845728,0
7792,9.8667,0.16925,0.0373,6.1589,0.13195,0.529919,-0.848048,0
7793,9.8833,0.171583,0.0378,6.2927,0.133783,0.526214,-0.850352,0
7794,9.9,0.16915,0.0394,6.4225,0.12975,0.522499,-0.85264,0
7795,9.9167,0.176533,0.0391,6.5599,0.137433,0.518773,-0.854912,0
7796,9.9333,0.173833,0.0385,6.6952,0.135333,0.515038,-0.857167,0
7797,9.95,0.167933,0.035,6.8281,0.132933,0.511293,-0.859406,0
7798,9.9667,0.17175,0.0358,6.9641,0.13595,0.507538,-0.861629,0
7799,9.9833,0.1721,0.0357,7.1005,0.1364,0.503774,-0.863836,0
7800,10.0,0.173917,0.0399,7.2345,0.134017,0.5,-0.866025,0
7801,10.0167,0.176267,0.0374,7.3734,0.138867,0.496217,-0.868199,0
7802,10.0333,0.172767,0.0378,7.5084,0.134967,0.492424,-0.870356,0
7803,10.05,0.1725,0.0369,7.644,0.1356,0.488621,-0.872496,0
7804,10.0667,0.174783,0.0363,7.7825,0.138483,0.48481,-0.87462,0
7805,10.0833,0.177167,0.0401,7.9196,0.137067,0.480989,-0.876727,0
7806,10.1,0.17255,0.038,8.0541,0.13455,0.477159,-0.878817,0
7807,10.1167,0.1787,0.0406,8.1922,0.1381,0.47332,-0.880891,0
7808,10.1333,0.17085,0.0379,8.3251,0.13295,0.469472,-0.882948,0
7809,10.15,0.16885,0.0375,8.4565,0.13135,0.465615,-0.884988,0
7810,10.1667,0.177017,0.0379,8.5956,0.139117,0.461749,-0.887011,0
7811,10.1833,0.179983,0.0363,8.7393,0.143683,0.457874,-0.889017,0
7812,10.2,0.1779,0.042,8.8752,0.1359,0.45399,-0.891007,0
7813,10.2167,0.177817,0.0387,9.0143,0.139117,0.450098,-0.892979,0
7814,10.2333,0.179383,0.0374,9.1563,0.141983,0.446198,-0.894934,0
7815,10.25,0.183617,0.0359,9.304,0.147717,0.442289,-0.896873,0
7816,10.2667,0.181933,0.0383,9.4476,0.143633,0.438371,-0.898794,0
7817,10.2833,0.184383,0.0377,9.5943,0.146683,0.434445,-0.900698,0
7818,10.3,0.1821,0.0373,9.7391,0.1448,0.430511,-0.902585,0
7819,10.3167,0.180533,0.039,9.8806,0.141533,0.426569,-0.904455,0
7820,10.3333,0.180633,0.0377,10.0235,0.142933,0.422618,-0.906308,0
7821,10.35,0.1803,0.0369,10.1669,0.1434,0.41866,-0.908143,0
7822,10.3667,0.1841,0.04,10.311,0.1441,0.414693,-0.909961,0
7823,10.3833,0.17805,0.0372,10.4519,0.14085,0.410719,-0.911762,0
7824,10.4,0.18405,0.0368,10.5991,0.14725,0.406737,-0.913545,0
7825,10.4167,0.18125,0.0356,10.7447,0.14565,0.402747,-0.915311,0
7826,10.4333,0.182467,0.0332,10.894,0.149267,0.398749,-0.91706,0
7827,10.45,0.181967,0.0361,11.0399,0.145867,0.394744,-0.918791,0
7828,10.4667,0.18785,0.0369,11.1908,0.15095,0.390731,-0.920505,0
7829,10.4833,0.181833,0.0401,11.3325,0.141733,0.386711,-0.922201,0
7830,10.5,0.183617,0.0375,11.4786,0.146117,0.382683,-0.92388,0
7831,10.5167,0.183533,0.0334,11.6287,0.150133,0.378649,-0.925541,0
7832,10.5333,0.189667,0.0364,11.782,0.153267,0.374607,-0.927184,0
7833,10.55,0.18805,0.0397,11.9304,0.14835,0.370557,-0.92881,0
7834,10.5667,0.184767,0.0368,12.0784,0.147967,0.366501,-0.930418,0
7835,10.5833,0.1859,0.0343,12.23,0.1516,0.362438,-0.932008,0
7836,10.6,0.1908,0.0384,12.3824,0.1524,0.358368,-0.93358,0
7837,10.6167,0.185733,0.0379,12.5302,0.147833,0.354291,-0.935135,0
7838,10.6333,0.188,0.0342,12.684,0.1538,0.350207,-0.936672,0
7839,10.65,0.18675,0.0381,12.8326,0.14865,0.346117,-0.938191,0
7840,10.6667,0.18735,0.0388,12.9811,0.14855,0.34202,-0.939693,0
7841,10.6833,0.185983,0.0356,13.1315,0.150383,0.337917,-0.941176,0
7842,10.7,0.19015,0.0365,13.2851,0.15365,0.333807,-0.942641,0
7843,10.7167,0.185433,0.0359,13.4346,0.149533,0.329691,-0.944089,0
7844,10.7333,0.185017,0.0395,13.5801,0.145517,0.325568,-0.945519,0
7845,10.75,0.187917,0.0356,13.7324,0.152317,0.321439,-0.94693,0
7846,10.7667,0.186517,0.0402,13.8787,0.146317,0.317305,-0.948324,0
7847,10.7833,0.193133,0.0347,14.0371,0.158433,0.313164,-0.949699,0
7848,10.8,0.188567,0.0397,14.186,0.148867,0.309017,-0.951057,0
7849,10.8167,0.19115,0.0396,14.3376,0.15155,0.304864,-0.952396,0
7850,10.8333,0.1914,0.039,14.49,0.1524,0.300706,-0.953717,0
7851,10.85,0.191967,0.0396,14.6424,0.152367,0.296542,-0.95502,0
7852,10.8667,0.19515,0.0344,14.8032,0.16075,0.292372,-0.956305,0
7853,10.8833,0.194967,0.0336,14.9646,0.161367,0.288196,-0.957571,0
7854,10.9,0.190317,0.0395,15.1154,0.150817,0.284015,-0.95882,0
7855,10.9167,0.18835,0.0364,15.2673,0.15195,0.279829,-0.96005,0
7856,10.9333,0.193083,0.0386,15.4218,0.154483,0.275637,-0.961262,0
7857,10.95,0.189283,0.0397,15.5714,0.149583,0.27144,-0.962455,0
7858,10.9667,0.1945,0.0402,15.7257,0.1543,0.267238,-0.96363,0
7859,10.9833,0.19175,0.0394,15.878,0.15235,0.263031,-0.964787,0
7860,11.0,0.192717,0.034,16.0367,0.158717,0.258819,-0.965926,0
7861,11.0167,0.196467,0.0353,16.1979,0.161167,0.254602,-0.967046,0
7862,11.0333,0.1949,0.035,16.3578,0.1599,0.25038,-0.968148,0
7863,11.05,0.193417,0.0345,16.5167,0.158917,0.246153,-0.969231,0
7864,11.0667,0.193433,0.0378,16.6723,0.155633,0.241922,-0.970296,0
7865,11.0833,0.1981,0.0386,16.8318,0.1595,0.237686,-0.971342,0
7866,11.1,0.1993,0.0377,16.9934,0.1616,0.233445,-0.97237,0
7867,11.1167,0.198,0.0366,17.1548,0.1614,0.2292,-0.973379,0
7868,11.1333,0.197333,0.0372,17.3149,0.160133,0.224951,-0.97437,0
7869,11.15,0.196583,0.0399,17.4716,0.156683,0.220697,-0.975342,0
7870,11.1667,0.192483,0.0374,17.6267,0.155083,0.21644,-0.976296,0
7871,11.1833,0.194567,0.0373,17.784,0.157267,0.212178,-0.977231,0
7872,11.2,0.196383,0.0376,17.9428,0.158783,0.207912,-0.978148,0
7873,11.2167,0.196267,0.0406,18.0,0.155667,0.203642,-0.979045,0
7874,11.2333,0.19515,0.038,18.0,0.15715,0.199368,-0.979925,0
7875,11.25,0.197667,0.0354,18.0,0.162267,0.19509,-0.980785,0
7876,11.2667,0.197133,0.0379,18.0,0.159233,0.190809,-0.981627,0
7877,11.2833,0.197333,0.0395,18.0,0.157833,0.186524,-0.98245,0
7878,11.3,0.195733,0.0385,18.0,0.157233,0.182236,-0.983255,0
7879,11.3167,0.200883,0.0367,18.0,0.164183,0.177944,-0.984041,0
7880,11.3333,0.194533,0.0337,18.0,0.160833,0.173648,-0.984808,0
7881,11.35,0.194667,0.0406,18.0,0.154067,0.16935,-0.985556,0
7882,11.3667,0.195483,0.0355,18.0,0.159983,0.165048,-0.986286,0
7883,11.3833,0.19865,0.0375,18.0,0.16115,0.160743,-0.986996,0
7884,11.4,0.19695,0.0375,18.0,0.15945,0.156434,-0.987688,0
7885,11.4167,0.1961,0.0359,18.0,0.1602,0.152123,-0.988362,0
7886,11.4333,0.193067,0.0369,18.0,0.156167,0.147809,-0.989016,0
7887,11.45,0.196617,0.0384,18.0,0.158217,0.143493,-0.989651,0
7888,11.4667,0.1958,0.0368,18.0,0.159,0.139173,-0.990268,0
7889,11.4833,0.199667,0.0356,18.0,0.164067,0.134851,-0.990866,0
7890,11.5,0.19895,0.038,18.0,0.16095,0.130526,-0.991445,0
7891,11.5167,0.19915,0.0359,18.0,0.16325,0.126199,-0.992005,0
7892,11.5333,0.1944,0.0382,18.0,0.1562,0.121869,-0.992546,0
7893,11.55,0.1982,0.0351,18.0,0.1631,0.117537,-0.993068,0
7894,11.5667,0.201367,0.0367,18.0,0.164667,0.113203,-0.993572,0
7895,11.5833,0.192317,0.0377,18.0,0.154617,0.108867,-0.994056,0
7896,11.6,0.19565,0.0357,18.0,0.15995,0.104528,-0.994522,0
7897,11.6167,0.200533,0.0408,18.0,0.159733,0.100188,-0.994969,0
7898,11.6333,0.1997,0.0377,18.0,0.162,0.095846,-0.995396,0
7899,11.65,0.19815,0.0366,18.0,0.16155,0.091502,-0.995805,0
7900,11.6667,0.199483,0.0372,18.0,0.162283,0.087156,-0.996195,0
7901,11.6833,0.199167,0.0372,18.0,0.161967,0.082808,-0.996566,0
7902,11.7,0.199917,0.0388,18.0,0.161117,0.078459,-0.996917,0
7903,11.7167,0.19975,0.0375,18.0,0.16225,0.074108,-0.99725,0
7904,11.7333,0.199233,0.0388,18.0,0.160433,0.069756,-0.997564,0
7905,11.75,0.19555,0.0374,18.0,0.15815,0.065403,-0.997859,0
7906,11.7667,0.201517,0.0389,18.0,0.162617,0.061049,-0.998135,0
7907,11.7833,0.197167,0.0352,18.0,0.161967,0.056693,-0.998392,0
7908,11.8,0.20515,0.0403,18.0,0.16485,0.052336,-0.99863,0
7909,11.8167,0.202217,0.0393,18.0,0.162917,0.047978,-0.998848,0
7910,11.8333,0.199183,0.035,18.0,0.164183,0.043619,-0.999048,0
7911,11.85,0.205517,0.0374,18.0,0.168117,0.03926,-0.999229,0
7912,11.8667,0.194967,0.0384,18.0,0.156567,0.034899,-0.999391,0
7913,11.8833,0.201667,0.039,18.0,0.162667,0.030539,-0.999534,0
7914,11.9,0.202717,0.0382,18.0,0.164517,0.026177,-0.999657,0
7915,11.9167,0.198383,0.0397,18.0,0.158683,0.021815,-0.999762,0
7916,11.9333,0.201467,0.0341,18.0,0.167367,0.017452,-0.999848,0
7917,11.95,0.19705,0.0365,18.0,0.16055,0.01309,-0.999914,0
7918,11.9667,0.200317,0.0388,18.0,0.161517,0.008727,-0.999962,0
7919,11.9833,0.199867,0.0387,18.0,0.161167,0.004363,-0.99999,0
7920,12.0,0.198083,0.0373,18.0,0.160783,0.0,-1.0,0
7921,12.0167,0.202417,0.0348,18.0,0.167617,-0.004363,-0.99999,0
7922,12.0333,0.200367,0.0356,18.0,0.164767,-0.008727,-0.999962,0
7923,12.05,0.201217,0.0396,18.0,0.161617,-0.01309,-0.999914,0
7924,12.0667,0.1993,0.0353,18.0,0.164,-0.017452,-0.999848,0
7925,12.0833,0.200333,0.0365,18.0,0.163833,-0.021815,-0.999762,0
7926,12.1,0.204117,0.0402,18.0,0.163917,-0.026177,-0.999657,0
7927,12.1167,0.196567,0.0396,18.0,0.156967,-0.030539,-0.999534,0
7928,12.1333,0.199817,0.0357,18.0,0.164117,-0.034899,-0.999391,0
7929,12.15,0.1999,0.0388,18.0,0.1611,-0.03926,-0.999229,0
7930,12.1667,0.2021,0.0364,18.0,0.1657,-0.043619,-0.999048,0
7931,12.1833,0.20175,0.0394,18.0,0.16235,-0.047978,-0.998848,0
7932,12.2,0.199383,0.0388,18.0,0.160583,-0.052336,-0.99863,0
7933,12.2167,0.202267,0.0337,18.0,0.168567,-0.056693,-0.998392,0
7934,12.2333,0.202583,0.0346,18.0,0.167983,-0.061049,-0.998135,0
7935,12.25,0.201733,0.038,18.0,0.163733,-0.065403,-0.997859,0
7936,12.2667,0.193017,0.0388,18.0,0.154217,-0.069756,-0.997564,0
7937,12.2833,0.198183,0.0369,18.0,0.161283,-0.074108,-0.99725,0
7938,12.3,0.19635,0.0363,18.0,0.16005,-0.078459,-0.996917,0
7939,12.3167,0.2016,0.0373,18.0,0.1643,-0.082808,-0.996566,0
7940,12.3333,0.194467,0.0361,18.0,0.158367,-0.087156,-0.996195,0
7941,12.35,0.1975,0.0389,18.0,0.1586,-0.091502,-0.995805,0
7942,12.3667,0.19975,0.0383,18.0,0.16145,-0.095846,-0.995396,0
7943,12.3833,0.197733,0.0357,18.0,0.162033,-0.100188,-0.994969,0
7944,12.4,0.203833,0.0393,18.0,0.164533,-0.104528,-0.994522,0
7945,12.4167,0.1967,0.0348,18.0,0.1619,-0.108867,-0.994056,0
7946,12.4333,0.19805,0.0361,18.0,0.16195,-0.113203,-0.993572,0
7947,12.45,0.196283,0.0354,18.0,0.160883,-0.117537,-0.993068,0
7948,12.4667,0.2006,0.038,18.0,0.1626,-0.121869,-0.992546,0
7949,12.4833,0.1925,0.0371,18.0,0.1554,-0.126199,-0.992005,0
7950,12.5,0.198167,0.0332,18.0,0.164967,-0.130526,-0.991445,0
7951,12.5167,0.2024,0.0392,18.0,0.1632,-0.134851,-0.990866,0
7952,12.5333,0.201183,0.0359,18.0,0.165283,-0.139173,-0.990268,0
7953,12.55,0.197117,0.0364,18.0,0.160717,-0.143493,-0.989651,0
7954,12.5667,0.195617,0.0357,18.0,0.159917,-0.147809,-0.989016,0
7955,12.5833,0.19745,0.0377,18.0,0.15975,-0.152123,-0.988362,0
7956,12.6,0.195367,0.0365,18.0,0.158867,-0.156434,-0.987688,0
7957,12.6167,0.19445,0.036,18.0,0.15845,-0.160743,-0.986996,0
7958,12.6333,0.1977,0.0386,18.0,0.1591,-0.165048,-0.986286,0
7959,12.65,0.195067,0.0384,18.0,0.156667,-0.16935,-0.985556,0
7960,12.6667,0.19725,0.037,18.0,0.16025,-0.173648,-0.984808,0
7961,12.6833,0.197367,0.0355,18.0,0.161867,-0.177944,-0.984041,0
7962,12.7,0.1974,0.0402,18.0,0.1572,-0.182236,-0.983255,0
7963,12.7167,0.193583,0.0368,18.0,0.156783,-0.186524,-0.98245,0
7964,12.7333,0.201217,0.0357,18.0,0.165517,-0.190809,-0.981627,0
7965,12.75,0.1963,0.0403,18.0,0.156,-0.19509,-0.980785,0
7966,12.7667,0.193983,0.0372,18.0,0.156783,-0.199368,-0.979925,0
7967,12.7833,0.197683,0.0339,18.0,0.163783,-0.203642,-0.979045,0
7968,12.8,0.19945,0.0365,18.0,0.16295,-0.207912,-0.978148,0
7969,12.8167,0.198367,0.036,18.0,0.162367,-0.212178,-0.977231,0
7970,12.8333,0.194317,0.0378,18.0,0.156517,-0.21644,-0.976296,0
7971,12.85,0.1923,0.0358,18.0,0.1565,-0.220697,-0.975342,0
7972,12.8667,0.199717,0.0394,18.0,0.160317,-0.224951,-0.97437,0
7973,12.8833,0.196117,0.0365,18.0,0.159617,-0.2292,-0.973379,0
7974,12.9,0.1918,0.0366,18.0,0.1552,-0.233445,-0.97237,0
7975,12.9167,0.1973,0.0395,18.0,0.1578,-0.237686,-0.971342,0
7976,12.9333,0.189233,0.0342,18.0,0.155033,-0.241922,-0.970296,0
7977,12.95,0.193283,0.0392,18.0,0.154083,-0.246153,-0.969231,0
7978,12.9667,0.1961,0.0378,18.0,0.1583,-0.25038,-0.968148,0
7979,12.9833,0.194783,0.0379,18.0,0.156883,-0.254602,-0.967046,0
7980,13.0,0.197817,0.0361,18.0,0.161717,-0.258819,-0.965926,0
7981,13.0167,0.1934,0.0358,18.0,0.1576,-0.263031,-0.964787,0
7982,13.0333,0.190233,0.0409,18.0,0.149333,-0.267238,-0.96363,0
7983,13.05,0.190733,0.0384,18.0,0.152333,-0.27144,-0.962455,0
7984,13.0667,0.191767,0.0331,18.0,0.158667,-0.275637,-0.961262,0
7985,13.0833,0.190317,0.0401,18.0,0.150217,-0.279829,-0.96005,0
7986,13.1,0.19355,0.0354,18.0,0.15815,-0.284015,-0.95882,0
7987,13.1167,0.190667,0.0356,18.0,0.155067,-0.288196,-0.957571,0
7988,13.1333,0.192,0.0361,18.0,0.1559,-0.292372,-0.956305,0
7989,13.15,0.190117,0.0371,18.0,0.153017,-0.296542,-0.95502,0
7990,13.1667,0.191517,0.0363,18.0,0.155217,-0.300706,-0.953717,0
7991,13.1833,0.189267,0.04,18.0,0.149267,-0.304864,-0.952396,0
7992,13.2,0.186017,0.0394,18.0,0.146617,-0.309017,-0.951057,0
7993,13.2167,0.18865,0.0382,18.0,0.15045,-0.313164,-0.949699,0
7994,13.2333,0.190183,0.0369,18.0,0.153283,-0.317305,-0.948324,0
7995,13.25,0.18655,0.0386,18.0,0.14795,-0.321439,-0.94693,0
7996,13.2667,0.189767,0.0387,18.0,0.151067,-0.325568,-0.945519,0
7997,13.2833,0.191467,0.0394,18.0,0.152067,-0.329691,-0.944089,0
7998,13.3,0.1866,0.0328,18.0,0.1538,-0.333807,-0.942641,0
7999,13.3167,0.187167,0.0377,18.0,0.149467,-0.337917,-0.941176,0
8000,13.3333,0.1905,0.0382,18.0,0.1523,-0.34202,-0.939693,0
8001,13.35,0.191667,0.0387,18.0,0.152967,-0.346117,-0.938191,0
8002,13.3667,0.191417,0.0368,18.0,0.154617,-0.350207,-0.936672,0
8003,13.3833,0.186517,0.0359,18.0,0.150617,-0.354291,-0.935135,0
8004,13.4,0.186433,0.0377,18.0,0.148733,-0.358368,-0.93358,0
8005,13.4167,0.1858,0.0406,18.0,0.1452,-0.362438,-0.932008,0
8006,13.4333,0.187467,0.0351,18.0,0.152367,-0.366501,-0.930418,0
8007,13.45,0.184167,0.0381,18.0,0.146067,-0.370557,-0.92881,0
8008,13.4667,0.182333,0.0408,18.0,0.141533,-0.374607,-0.927184,0
8009,13.4833,0.185083,0.0369,18.0,0.148183,-0.378649,-0.925541,0
8010,13.5,0.186683,0.0392,18.0,0.147483,-0.382683,-0.92388,0
8011,13.5167,0.185767,0.0424,18.0,0.143367,-0.386711,-0.922201,0
8012,13.5333,0.182733,0.0372,18.0,0.145533,-0.390731,-0.920505,0
8013,13.55,0.181717,0.0386,18.0,0.143117,-0.394744,-0.918791,0
8014,13.5667,0.18275,0.0363,18.0,0.14645,-0.398749,-0.91706,0
8015,13.5833,0.18415,0.0322,18.0,0.15195,-0.402747,-0.915311,0
8016,13.6,0.187267,0.0394,18.0,0.147867,-0.406737,-0.913545,0
8017,13.6167,0.178933,0.0406,18.0,0.138333,-0.410719,-0.911762,0
8018,13.6333,0.181267,0.0351,18.0,0.146167,-0.414693,-0.909961,0
8019,13.65,0.183983,0.0366,18.0,0.147383,-0.41866,-0.908143,0
8020,13.6667,0.182617,0.0386,18.0,0.144017,-0.422618,-0.906308,0
8021,13.6833,0.18085,0.0351,18.0,0.14575,-0.426569,-0.904455,0
8022,13.7,0.180517,0.0356,18.0,0.144917,-0.430511,-0.902585,0
8023,13.7167,0.180167,0.0373,18.0,0.142867,-0.434445,-0.900698,0
8024,13.7333,0.176383,0.0364,18.0,0.139983,-0.438371,-0.898794,0
8025,13.75,0.1754,0.0388,18.0,0.1366,-0.442289,-0.896873,0
8026,13.7667,0.179433,0.0396,18.0,0.139833,-0.446198,-0.894934,0
8027,13.7833,0.174383,0.0402,18.0,0.134183,-0.450098,-0.892979,0
8028,13.8,0.177367,0.0372,18.0,0.140167,-0.45399,-0.891007,0
8029,13.8167,0.182583,0.0386,18.0,0.143983,-0.457874,-0.889017,0
8030,13.8333,0.180283,0.0363,18.0,0.143983,-0.461749,-0.887011,0
8031,13.85,0.1735,0.0403,18.0,0.1332,-0.465615,-0.884988,0
8032,13.8667,0.176833,0.0335,18.0,0.143333,-0.469472,-0.882948,0
8033,13.8833,0.175583,0.0385,18.0,0.137083,-0.47332,-0.880891,0
8034,13.9,0.175067,0.0355,18.0,0.139567,-0.477159,-0.878817,0
8035,13.9167,0.172117,0.035,18.0,0.137117,-0.480989,-0.876727,0
8036,13.9333,0.173267,0.0383,18.0,0.134967,-0.48481,-0.87462,0
8037,13.95,0.1744,0.0377,18.0,0.1367,-0.488621,-0.872496,0
8038,13.9667,0.17855,0.039,18.0,0.13955,-0.492424,-0.870356,0
8039,13.9833,0.173917,0.0384,18.0,0.135517,-0.496217,-0.868199,0
8040,14.0,0.176283,0.0417,18.0,0.134583,-0.5,-0.866025,0
8041,14.0167,0.171317,0.037,18.0,0.134317,-0.503774,-0.863836,0
8042,14.0333,0.170183,0.0384,18.0,0.131783,-0.507538,-0.861629,0
8043,14.05,0.171883,0.0402,18.0,0.131683,-0.511293,-0.859406,0
8044,14.0667,0.17345,0.0399,18.0,0.13355,-0.515038,-0.857167,0
8045,14.0833,0.168317,0.0375,18.0,0.130817,-0.518773,-0.854912,0
8046,14.1,0.167517,0.0381,18.0,0.129417,-0.522499,-0.85264,0
8047,14.1167,0.1739,0.0386,18.0,0.1353,-0.526214,-0.850352,0
8048,14.1333,0.171,0.036,18.0,0.135,-0.529919,-0.848048,0
8049,14.15,0.166933,0.0396,18.0,0.127333,-0.533615,-0.845728,0
8050,14.1667,0.16825,0.0391,18.0,0.12915,-0.5373,-0.843391,0
8051,14.1833,0.165283,0.0391,18.0,0.126183,-0.540974,-0.841039,0
8052,14.2,0.1654,0.0358,18.0,0.1296,-0.544639,-0.838671,0
8053,14.2167,0.17055,0.0429,18.0,0.12765,-0.548293,-0.836286,0
8054,14.2333,0.167433,0.0368,18.0,0.130633,-0.551937,-0.833886,0
8055,14.25,0.161033,0.0361,18.0,0.124933,-0.55557,-0.83147,0
8056,14.2667,0.169333,0.0369,18.0,0.132433,-0.559193,-0.829038,0
8057,14.2833,0.167367,0.0391,18.0,0.128267,-0.562805,-0.82659,0
8058,14.3,0.167367,0.0374,18.0,0.129967,-0.566406,-0.824126,0
8059,14.3167,0.163117,0.0364,18.0,0.126717,-0.569997,-0.821647,0
8060,14.3333,0.16735,0.0336,18.0,0.13375,-0.573576,-0.819152,0
8061,14.35,0.160867,0.0359,18.0,0.124967,-0.577145,-0.816642,0
8062,14.3667,0.168633,0.0353,18.0,0.133333,-0.580703,-0.814116,0
8063,14.3833,0.1569,0.035,18.0,0.1219,-0.58425,-0.811574,0
8064,14.4,0.162417,0.0371,18.0,0.125317,-0.587785,-0.809017,0
8065,14.4167,0.160033,0.039,18.0,0.121033,-0.59131,-0.806445,0
8066,14.4333,0.158917,0.0414,18.0,0.117517,-0.594823,-0.803857,0
8067,14.45,0.162417,0.0377,18.0,0.124717,-0.598325,-0.801254,0
8068,14.4667,0.161633,0.0395,18.0,0.122133,-0.601815,-0.798636,0
8069,14.4833,0.15855,0.0417,18.0,0.11685,-0.605294,-0.796002,0
8070,14.5,0.15845,0.038,18.0,0.12045,-0.608761,-0.793353,0
8071,14.5167,0.157467,0.0391,18.0,0.118367,-0.612217,-0.79069,0
8072,14.5333,0.155583,0.0363,18.0,0.119283,-0.615661,-0.788011,0
8073,14.55,0.1605,0.0364,18.0,0.1241,-0.619094,-0.785317,0
8074,14.5667,0.152783,0.0335,18.0,0.119283,-0.622515,-0.782608,0
8075,14.5833,0.158917,0.0362,18.0,0.122717,-0.625923,-0.779884,0
8076,14.6,0.1543,0.0363,18.0,0.118,-0.62932,-0.777146,0
8077,14.6167,0.152833,0.0358,18.0,0.117033,-0.632705,-0.774393,0
8078,14.6333,0.15705,0.0386,18.0,0.11845,-0.636078,-0.771625,0
8079,14.65,0.152267,0.0391,18.0,0.113167,-0.639439,-0.768842,0
8080,14.6667,0.150617,0.0389,18.0,0.111717,-0.642788,-0.766044,0
8081,14.6833,0.153267,0.0367,18.0,0.116567,-0.646124,-0.763232,0
8082,14.7,0.14955,0.0384,18.0,0.11115,-0.649448,-0.760406,0
8083,14.7167,0.145583,0.0391,18.0,0.106483,-0.65276,-0.757565,0
8084,14.7333,0.152117,0.0384,18.0,0.113717,-0.656059,-0.75471,0
8085,14.75,0.153633,0.0405,18.0,0.113133,-0.659346,-0.75184,0
8086,14.7667,0.148517,0.0336,18.0,0.114917,-0.66262,-0.748956,0
8087,14.7833,0.149233,0.0357,18.0,0.113533,-0.665882,-0.746057,0
8088,14.8,0.14985,0.0395,18.0,0.11035,-0.669131,-0.743145,0
8089,14.8167,0.149383,0.038,18.0,0.111383,-0.672367,-0.740218,0
8090,14.8333,0.147617,0.0365,18.0,0.111117,-0.67559,-0.737277,0
8091,14.85,0.145083,0.0354,18.0,0.109683,-0.678801,-0.734323,0
8092,14.8667,0.148083,0.0416,18.0,0.106483,-0.681998,-0.731354,0
8093,14.8833,0.14315,0.039,18.0,0.10415,-0.685183,-0.728371,0
8094,14.9,0.146817,0.0373,18.0,0.109517,-0.688355,-0.725374,0
8095,14.9167,0.14695,0.0407,18.0,0.10625,-0.691513,-0.722364,0
8096,14.9333,0.146117,0.0388,18.0,0.107317,-0.694658,-0.71934,0
8097,14.95,0.142617,0.0421,18.0,0.100517,-0.69779,-0.716302,0
8098,14.9667,0.145033,0.0383,18.0,0.106733,-0.700909,-0.71325,0
8099,14.9833,0.143383,0.042,18.0,0.101383,-0.704015,-0.710185,0
8100,15.0,0.143567,0.0409,18.0,0.102667,-0.707107,-0.707107,0
8101,15.0167,0.14265,0.0366,18.0,0.10605,-0.710185,-0.704015,0
8102,15.0333,0.14485,0.0365,18.0,0.10835,-0.71325,-0.700909,0
8103,15.05,0.139483,0.0379,18.0,0.101583,-0.716302,-0.69779,0
8104,15.0667,0.13755,0.0383,18.0,0.09925,-0.71934,-0.694658,0
8105,15.0833,0.134433,0.0377,18.0,0.096733,-0.722364,-0.691513,0
8106,15.1,0.13985,0.038,18.0,0.10185,-0.725374,-0.688355,0
8107,15.1167,0.132167,0.0373,18.0,0.094867,-0.728371,-0.685183,0
8108,15.1333,0.135783,0.0379,18.0,0.097883,-0.731354,-0.681998,0
8109,15.15,0.137583,0.0387,18.0,0.098883,-0.734323,-0.678801,0
8110,15.1667,0.134517,0.0352,18.0,0.099317,-0.737277,-0.67559,0
8111,15.1833,0.136817,0.0413,18.0,0.095517,-0.740218,-0.672367,0
8112,15.2,0.1292,0.0363,18.0,0.0929,-0.743145,-0.669131,0
8113,15.2167,0.133133,0.0377,18.0,0.095433,-0.746057,-0.665882,0
8114,15.2333,0.132633,0.0361,18.0,0.096533,-0.748956,-0.66262,0
8115,15.25,0.132833,0.0392,18.0,0.093633,-0.75184,-0.659346,0
8116,15.2667,0.13075,0.0376,18.0,0.09315,-0.75471,-0.656059,0
8117,15.2833,0.129283,0.0407,18.0,0.088583,-0.757565,-0.65276,0
8118,15.3,0.130717,0.038,18.0,0.092717,-0.760406,-0.649448,0
8119,15.3167,0.133233,0.0366,18.0,0.096633,-0.763232,-0.646124,0
8120,15.3333,0.126417,0.0364,18.0,0.090017,-0.766044,-0.642788,0
8121,15.35,0.127883,0.0398,18.0,0.088083,-0.768842,-0.639439,0
8122,15.3667,0.12345,0.0408,18.0,0.08265,-0.771625,-0.636078,0
8123,15.3833,0.125017,0.0413,18.0,0.083717,-0.774393,-0.632705,0
8124,15.4,0.1262,0.0342,18.0,0.092,-0.777146,-0.62932,0
8125,15.4167,0.12205,0.0396,18.0,0.08245,-0.779884,-0.625923,0
8126,15.4333,0.120567,0.0387,18.0,0.081867,-0.782608,-0.622515,0
8127,15.45,0.127467,0.036,18.0,0.091467,-0.785317,-0.619094,0
8128,15.4667,0.125183,0.0358,18.0,0.089383,-0.788011,-0.615661,0
8129,15.4833,0.12125,0.0349,18.0,0.08635,-0.79069,-0.612217,0
8130,15.5,0.120467,0.0369,18.0,0.083567,-0.793353,-0.608761,0
8131,15.5167,0.11975,0.0401,18.0,0.07965,-0.796002,-0.605294,0
8132,15.5333,0.117883,0.0401,18.0,0.077783,-0.798636,-0.601815,0
8133,15.55,0.1204,0.0374,18.0,0.083,-0.801254,-0.598325,0
8134,15.5667,0.114917,0.0399,18.0,0.075017,-0.803857,-0.594823,0
8135,15.5833,0.11515,0.0373,18.0,0.07785,-0.806445,-0.59131,0
8136,15.6,0.114517,0.0394,18.0,0.075117,-0.809017,-0.587785,0
8137,15.6167,0.1194,0.0339,18.0,0.0855,-0.811574,-0.58425,0
8138,15.6333,0.113133,0.0379,18.0,0.075233,-0.814116,-0.580703,0
8139,15.65,0.117083,0.0359,18.0,0.081183,-0.816642,-0.577145,0
8140,15.6667,0.115167,0.0371,18.0,0.078067,-0.819152,-0.573576,0
8141,15.6833,0.11605,0.04,18.0,0.07605,-0.821647,-0.569997,0
8142,15.7,0.11475,0.0361,18.0,0.07865,-0.824126,-0.566406,0
8143,15.7167,0.112917,0.0378,18.0,0.075117,-0.82659,-0.562805,0
8144,15.7333,0.109683,0.0345,18.0,0.075183,-0.829038,-0.559193,0
8145,15.75,0.108333,0.0384,18.0,0.069933,-0.83147,-0.55557,0
8146,15.7667,0.111967,0.0386,18.0,0.073367,-0.833886,-0.551937,0
8147,15.7833,0.10815,0.0353,18.0,0.07285,-0.836286,-0.548293,0
8148,15.8,0.112367,0.0372,18.0,0.075167,-0.838671,-0.544639,0
8149,15.8167,0.107333,0.0373,18.0,0.070033,-0.841039,-0.540974,0
8150,15.8333,0.099133,0.0374,18.0,0.061733,-0.843391,-0.5373,0
8151,15.85,0.103567,0.036,18.0,0.067567,-0.845728,-0.533615,0
8152,15.8667,0.10165,0.0378,18.0,0.06385,-0.848048,-0.529919,0
8153,15.8833,0.1075,0.039,18.0,0.0685,-0.850352,-0.526214,0
8154,15.9,0.107267,0.0345,18.0,0.072767,-0.85264,-0.522499,0
8155,15.9167,0.10555,0.0344,18.0,0.07115,-0.854912,-0.518773,0
8156,15.9333,0.104867,0.0393,18.0,0.065567,-0.857167,-0.515038,0
8157,15.95,0.1,0.0351,18.0,0.0649,-0.859406,-0.511293,0
8158,15.9667,0.09895,0.0422,18.0,0.05675,-0.861629,-0.507538,0
8159,15.9833,0.0993,0.035,18.0,0.0643,-0.863836,-0.503774,0
8160,16.0,0.09965,0.0384,18.0,0.06125,-0.866025,-0.5,0
8161,16.0167,0.098933,0.0378,18.0,0.061133,-0.868199,-0.496217,0
8162,16.0333,0.10185,0.0344,18.0,0.06745,-0.870356,-0.492424,0
8163,16.05,0.09915,0.0374,18.0,0.06175,-0.872496,-0.488621,0
8164,16.0667,0.095983,0.0377,18.0,0.058283,-0.87462,-0.48481,0
8165,16.0833,0.092033,0.0312,18.0,0.060833,-0.876727,-0.480989,0
8166,16.1,0.099217,0.039,18.0,0.060217,-0.878817,-0.477159,0
8167,16.1167,0.092083,0.04,18.0,0.052083,-0.880891,-0.47332,0
8168,16.1333,0.0972,0.0365,18.0,0.0607,-0.882948,-0.469472,0
8169,16.15,0.094583,0.038,18.0,0.056583,-0.884988,-0.465615,0
8170,16.1667,0.090667,0.0365,18.0,0.054167,-0.887011,-0.461749,0
8171,16.1833,0.09375,0.0355,18.0,0.05825,-0.889017,-0.457874,0
8172,16.2,0.090117,0.0393,18.0,0.050817,-0.891007,-0.45399,0
8173,16.2167,0.093933,0.0354,18.0,0.058533,-0.892979,-0.450098,0
8174,16.2333,0.086417,0.0374,18.0,0.049017,-0.894934,-0.446198,0
8175,16.25,0.08675,0.0349,18.0,0.05185,-0.896873,-0.442289,0
8176,16.2667,0.090517,0.0394,18.0,0.051117,-0.898794,-0.438371,0
8177,16.2833,0.08675,0.0371,18.0,0.04965,-0.900698,-0.434445,0
8178,16.3,0.08685,0.0361,18.0,0.05075,-0.902585,-0.430511,0
8179,16.3167,0.083233,0.0367,18.0,0.046533,-0.904455,-0.426569,0
8180,16.3333,0.087017,0.0369,18.0,0.050117,-0.906308,-0.422618,0
8181,16.35,0.081633,0.0362,18.0,0.045433,-0.908143,-0.41866,0
8182,16.3667,0.083917,0.0385,18.0,0.045417,-0.909961,-0.414693,0
8183,16.3833,0.084033,0.0351,18.0,0.048933,-0.911762,-0.410719,0
8184,16.4,0.083133,0.035,18.0,0.048133,-0.913545,-0.406737,0
8185,16.4167,0.0824,0.0398,18.0,0.0426,-0.915311,-0.402747,0
8186,16.4333,0.080433,0.0383,18.0,0.042133,-0.91706,-0.398749,0
8187,16.45,0.077833,0.0382,18.0,0.039633,-0.918791,-0.394744,0
8188,16.4667,0.0792,0.0382,18.0,0.041,-0.920505,-0.390731,0
8189,16.4833,0.073717,0.0406,18.0,0.033117,-0.922201,-0.386711,0
8190,16.5,0.074183,0.0307,18.0,0.043483,-0.92388,-0.382683,0
8191,16.5167,0.071517,0.0381,18.0,0.033417,-0.925541,-0.378649,0
8192,16.5333,0.075267,0.0367,18.0,0.038567,-0.927184,-0.374607,0
8193,16.55,0.078033,0.0352,18.0,0.042833,-0.92881,-0.370557,0
8194,16.5667,0.068717,0.0375,18.0,0.031217,-0.930418,-0.366501,0
8195,16.5833,0.07235,0.0395,18.0,0.03285,-0.932008,-0.362438,0
8196,16.6,0.072683,0.0359,18.0,0.036783,-0.93358,-0.358368,0
8197,16.6167,0.069517,0.0369,18.0,0.032617,-0.935135,-0.354291,0
8198,16.6333,0.072417,0.0399,18.0,0.032517,-0.936672,-0.350207,0
8199,16.65,0.068583,0.0353,18.0,0.033283,-0.938191,-0.346117,0
8200,16.6667,0.0649,0.0361,18.0,0.0288,-0.939693,-0.34202,0
8201,16.6833,0.06465,0.0337,18.0,0.03095,-0.941176,-0.337917,0
8202,16.7,0.070933,0.0367,18.0,0.034233,-0.942641,-0.333807,0
8203,16.7167,0.0666,0.0351,18.0,0.0315,-0.944089,-0.329691,0
8204,16.7333,0.06385,0.0363,18.0,0.02755,-0.945519,-0.325568,0
8205,16.75,0.065633,0.0345,18.0,0.031133,-0.94693,-0.321439,0
8206,16.7667,0.069,0.0425,18.0,0.0265,-0.948324,-0.317305,0
8207,16.7833,0.0614,0.0374,18.0,0.024,-0.949699,-0.313164,0
8208,16.8,0.063217,0.0349,18.0,0.028317,-0.951057,-0.309017,0
8209,16.8167,0.0553,0.0371,18.0,0.0182,-0.952396,-0.304864,0
8210,16.8333,0.058583,0.0402,18.0,0.018383,-0.953717,-0.300706,0
8211,16.85,0.05725,0.0344,18.0,0.02285,-0.95502,-0.296542,0
8212,16.8667,0.058717,0.0387,18.0,0.020017,-0.956305,-0.292372,0
8213,16.8833,0.06,0.0399,18.0,0.0201,-0.957571,-0.288196,0
8214,16.9,0.053467,0.0386,18.0,0.014867,-0.95882,-0.284015,0
8215,16.9167,0.053117,0.0383,18.0,0.014817,-0.96005,-0.279829,0
8216,16.9333,0.05585,0.0356,18.0,0.02025,-0.961262,-0.275637,0
8217,16.95,0.049883,0.035,18.0,0.014883,-0.962455,-0.27144,0
8218,16.9667,0.05815,0.0388,18.0,0.01935,-0.96363,-0.267238,0
8219,16.9833,0.050283,0.039,18.0,0.011283,-0.964787,-0.263031,0
8220,17.0,0.05105,0.0324,18.0,0.01865,-0.965926,-0.258819,0
8221,17.0167,0.0518,0.0346,18.0,0.0172,-0.967046,-0.254602,0
8222,17.0333,0.05225,0.0352,18.0,0.01705,-0.968148,-0.25038,0
8223,17.05,0.045033,0.0347,18.0,0.010333,-0.969231,-0.246153,0
8224,17.0667,0.048467,0.0388,18.0,0.009667,-0.970296,-0.241922,0
8225,17.0833,0.0447,0.0375,18.0,0.0072,-0.971342,-0.237686,0
8226,17.1,0.049533,0.0374,18.0,0.012133,-0.97237,-0.233445,0
8227,17.1167,0.0431,0.0376,18.0,0.0055,-0.973379,-0.2292,0
8228,17.1333,0.0417,0.0341,18.0,0.0076,-0.97437,-0.224951,0
8229,17.15,0.04785,0.0393,18.0,0.00855,-0.975342,-0.220697,0
8230,17.1667,0.042067,0.0374,18.0,0.004667,-0.976296,-0.21644,0
8231,17.1833,0.041283,0.0346,18.0,0.006683,-0.977231,-0.212178,0
8232,17.2,0.043533,0.0378,18.0,0.005733,-0.978148,-0.207912,0
8233,17.2167,0.040567,0.0361,18.0,0.004467,-0.979045,-0.203642,0
8234,17.2333,0.0416,0.0376,18.0,0.004,-0.979925,-0.199368,0
8235,17.25,0.040267,0.0354,18.0,0.004867,-0.980785,-0.19509,0
8236,17.2667,0.040283,0.0371,18.0,0.003183,-0.981627,-0.190809,0
8237,17.2833,0.037967,0.0398,17.9982,-0.001833,-0.98245,-0.186524,0
8238,17.3,0.038067,0.0372,17.9991,0.000867,-0.983255,-0.182236,0
8239,17.3167,0.036383,0.0401,17.9954,-0.003717,-0.984041,-0.177944,0
8240,17.3333,0.037333,0.0332,17.9995,0.004133,-0.984808,-0.173648,0
8241,17.35,0.035833,0.0377,17.9976,-0.001867,-0.985556,-0.16935,0
8242,17.3667,0.0316,0.0349,17.9943,-0.0033,-0.986286,-0.165048,0
8243,17.3833,0.030567,0.0369,17.988,-0.006333,-0.986996,-0.160743,0
8244,17.4,0.0292,0.0378,17.9794,-0.0086,-0.987688,-0.156434,0
8245,17.4167,0.027717,0.0387,17.9684,-0.010983,-0.988362,-0.152123,0
8246,17.4333,0.027683,0.0394,17.9567,-0.011717,-0.989016,-0.147809,0
8247,17.45,0.028567,0.0384,17.9469,-0.009833,-0.989651,-0.143493,0
8248,17.4667,0.026733,0.0392,17.9344,-0.012467,-0.990268,-0.139173,0
8249,17.4833,0.025917,0.0394,17.9209,-0.013483,-0.990866,-0.134851,0
8250,17.5,0.02985,0.0374,17.9133,-0.00755,-0.991445,-0.130526,0
8251,17.5167,0.029067,0.0385,17.9039,-0.009433,-0.992005,-0.126199,0
8252,17.5333,0.026517,0.0385,17.8919,-0.011983,-0.992546,-0.121869,0
8253,17.55,0.024733,0.0361,17.8805,-0.011367,-0.993068,-0.117537,0
8254,17.5667,0.02655,0.0369,17.8702,-0.01035,-0.993572,-0.113203,0
8255,17.5833,0.023667,0.0386,17.8553,-0.014933,-0.994056,-0.108867,0
8256,17.6,0.0217,0.0386,17.8384,-0.0169,-0.994522,-0.104528,0
8257,17.6167,0.017283,0.0345,17.8212,-0.017217,-0.994969,-0.100188,0
8258,17.6333,0.0221,0.0353,17.808,-0.0132,-0.995396,-0.095846,0
8259,17.65,0.018033,0.038,17.788,-0.019967,-0.995805,-0.091502,0
8260,17.6667,0.0148,0.0372,17.7656,-0.0224,-0.996195,-0.087156,0
8261,17.6833,0.0164,0.0342,17.7478,-0.0178,-0.996566,-0.082808,0
8262,17.7,0.014883,0.0346,17.7281,-0.019717,-0.996917,-0.078459,0
8263,17.7167,0.010817,0.038,17.7009,-0.027183,-0.99725,-0.074108,0
8264,17.7333,0.016433,0.0388,17.6785,-0.022367,-0.997564,-0.069756,0
8265,17.75,0.013817,0.0364,17.6559,-0.022583,-0.997859,-0.065403,0
8266,17.7667,0.01055,0.0426,17.6238,-0.03205,-0.998135,-0.061049,0
8267,17.7833,0.00805,0.0375,17.5943,-0.02945,-0.998392,-0.056693,0
8268,17.8,0.01175,0.0384,17.5677,-0.02665,-0.99863,-0.052336,0
8269,17.8167,0.00665,0.0347,17.5396,-0.02805,-0.998848,-0.047978,0
8270,17.8333,0.009017,0.0389,17.5097,-0.029883,-0.999048,-0.043619,0
8271,17.85,0.01235,0.0404,17.4816,-0.02805,-0.999229,-0.03926,0
8272,17.8667,0.006233,0.0368,17.451,-0.030567,-0.999391,-0.034899,0
8273,17.8833,0.006217,0.0419,17.4153,-0.035683,-0.999534,-0.030539,0
8274,17.9,0.010517,0.0396,17.3862,-0.029083,-0.999657,-0.026177,0
8275,17.9167,0.0074,0.0372,17.3564,-0.0298,-0.999762,-0.021815,0
8276,17.9333,0.00305,0.0353,17.3242,-0.03225,-0.999848,-0.017452,0
8277,17.95,0.002083,0.036,17.2903,-0.033917,-0.999914,-0.01309,0
8278,17.9667,0.000383,0.0384,17.2523,-0.038017,-0.999962,-0.008727,0
8279,17.9833,0.005983,0.0389,17.2194,-0.032917,-0.99999,-0.004363,0
8280,18.0,0.0,0.0832,17.1362,-0.0832,-1.0,-0.0,0
8281,18.0167,0.0,0.0869,17.0493,-0.0869,-0.99999,0.004363,0
8282,18.0333,0.0,0.0848,16.9645,-0.0848,-0.999962,0.008727,0
8283,18.05,0.0,0.0815,16.883,-0.0815,-0.999914,0.01309,0
8284,18.0667,0.0,0.0823,16.8007,-0.0823,-0.999848,0.017452,0
8285,18.0833,0.0,0.0848,16.7159,-0.0848,-0.999762,0.021815,0
8286,18.1,0.0,0.0847,16.6312,-0.0847,-0.999657,0.026177,0
8287,18.1167,0.0,0.0861,16.5451,-0.0861,-0.999534,0.030539,0
8288,18.1333,0.0,0.0855,16.4596,-0.0855,-0.999391,0.034899,0
8289,18.15,0.0,0.0855,16.3741,-0.0855,-0.999229,0.03926,0
8290,18.1667,0.0,0.0862,16.2879,-0.0862,-0.999048,0.043619,0
8291,18.1833,0.0,0.0856,16.2023,-0.0856,-0.998848,0.047978,0
8292,18.2,0.0,0.0837,16.1186,-0.0837,-0.99863,0.052336,0
8293,18.2167,0.0,0.1393,15.9793,-0.1393,-0.998392,0.056693,0
8294,18.2333,0.0,0.1365,15.8428,-0.1365,-0.998135,0.061049,0
8295,18.25,0.0,0.1413,15.7015,-0.1413,-0.997859,0.065403,0
8296,18.2667,0.0,0.1416,15.5599,-0.1416,-0.997564,0.069756,0
8297,18.2833,0.0,0.1442,15.4157,-0.1442,-0.99725,0.074108,0
8298,18.3,0.0,0.1418,15.2739,-0.1418,-0.996917,0.078459,0
8299,18.3167,0.0,0.1435,15.1304,-0.1435,-0.996566,0.082808,0
8300,18.3333,0.0,0.1446,14.9858,-0.1446,-0.996195,0.087156,0
8301,18.35,0.0,0.1428,14.843,-0.1428,-0.995805,0.091502,0
8302,18.3667,0.0,0.1428,14.7002,-0.1428,-0.995396,0.095846,0
8303,18.3833,0.0,0.147,14.5532,-0.147,-0.994969,0.100188,0
8304,18.4,0.0,0.1425,14.4107,-0.1425,-0.994522,0.104528,0
8305,18.4167,0.0,0.1428,14.2679,-0.1428,-0.994056,0.108867,0
8306,18.4333,0.0,0.1389,14.129,-0.1389,-0.993572,0.113203,0
8307,18.45,0.0,0.1408,13.9882,-0.1408,-0.993068,0.117537,0
8308,18.4667,0.0,0.145,13.8432,-0.145,-0.992546,0.121869,0
8309,18.4833,0.0,0.1466,13.6966,-0.1466,-0.992005,0.126199,0
8310,18.5,0.0,0.1428,13.5538,-0.1428,-0.991445,0.130526,0
8311,18.5167,0.0,0.1424,13.4114,-0.1424,-0.990866,0.134851,0
8312,18.5333,0.0,0.1404,13.271,-0.1404,-0.990268,0.139173,0
8313,18.55,0.0,0.1434,13.1276,-0.1434,-0.989651,0.143493,0
8314,18.5667,0.0,0.1398,12.9878,-0.1398,-0.989016,0.147809,0
8315,18.5833,0.0,0.1448,12.843,-0.1448,-0.988362,0.152123,0
8316,18.6,0.0,0.1447,12.6983,-0.1447,-0.987688,0.156434,0
8317,18.6167,0.0,0.1437,12.5546,-0.1437,-0.986996,0.160743,0
8318,18.6333,0.0,0.1414,12.4132,-0.1414,-0.986286,0.165048,0
8319,18.65,0.0,0.1423,12.2709,-0.1423,-0.985556,0.16935,0
8320,18.6667,0.0,0.1386,12.1323,-0.1386,-0.984808,0.173648,0
8321,18.6833,0.0,0.1428,11.9895,-0.1428,-0.984041,0.177944,0
8322,18.7,0.0,0.1436,11.8459,-0.1436,-0.983255,0.182236,0
8323,18.7167,0.0,0.1399,11.706,-0.1399,-0.98245,0.186524,0
8324,18.7333,0.0,0.1434,11.5626,-0.1434,-0.981627,0.190809,0
8325,18.75,0.0,0.145,11.4176,-0.145,-0.980785,0.19509,0
8326,18.7667,0.0,0.145,11.2726,-0.145,-0.979925,0.199368,0
8327,18.7833,0.0,0.1447,11.1279,-0.1447,-0.979045,0.203642,0
8328,18.8,0.0,0.1455,10.9824,-0.1455,-0.978148,0.207912,0
8329,18.8167,0.0,0.141,10.8414,-0.141,-0.977231,0.212178,0
8330,18.8333,0.0,0.1402,10.7012,-0.1402,-0.976296,0.21644,0
8331,18.85,0.0,0.1419,10.5593,-0.1419,-0.975342,0.220697,0
8332,18.8667,0.0,0.142,10.4173,-0.142,-0.97437,0.224951,0
8333,18.8833,0.0,0.1411,10.2762,-0.1411,-0.973379,0.2292,0
8334,18.9,0.0,0.1428,10.1334,-0.1428,-0.97237,0.233445,0
8335,18.9167,0.0,0.142,9.9914,-0.142,-0.971342,0.237686,0
8336,18.9333,0.0,0.1437,9.8477,-0.1437,-0.970296,0.241922,0
8337,18.95,0.0,0.1414,9.7063,-0.1414,-0.969231,0.246153,0
8338,18.9667,0.0,0.1445,9.5618,-0.1445,-0.968148,0.25038,0
8339,18.9833,0.0,0.0847,9.4771,-0.0847,-0.967046,0.254602,0
8340,19.0,0.0,0.0811,9.396,-0.0811,-0.965926,0.258819,0
8341,19.0167,0.0,0.0851,9.3109,-0.0851,-0.964787,0.263031,0
8342,19.0333,0.0,0.0865,9.2244,-0.0865,-0.96363,0.267238,0
8343,19.05,0.0,0.0847,9.1397,-0.0847,-0.962455,0.27144,0
8344,19.0667,0.0,0.0853,9.0544,-0.0853,-0.961262,0.275637,0
8345,19.0833,0.0,0.0867,8.9677,-0.0867,-0.96005,0.279829,0
8346,19.1,0.0,0.0849,8.8828,-0.0849,-0.95882,0.284015,0
8347,19.1167,0.0,0.0822,8.8006,-0.0822,-0.957571,0.288196,0
8348,19.1333,0.0,0.0837,8.7169,-0.0837,-0.956305,0.292372,0
8349,19.15,0.0,0.0882,8.6287,-0.0882,-0.95502,0.296542,0
8350,19.1667,0.0,0.0848,8.5439,-0.0848,-0.953717,0.300706,0
8351,19.1833,0.0,0.0859,8.458,-0.0859,-0.952396,0.304864,0
8352,19.2,0.0,0.086,8.372,-0.086,-0.951057,0.309017,0
8353,19.2167,0.0,0.0833,8.2887,-0.0833,-0.949699,0.313164,0
8354,19.2333,0.0,0.0855,8.2032,-0.0855,-0.948324,0.317305,0
8355,19.25,0.0,0.0867,8.1165,-0.0867,-0.94693,0.321439,0
8356,19.2667,0.0,0.0863,8.0302,-0.0863,-0.945519,0.325568,0
8357,19.2833,0.0,0.0812,7.949,-0.0812,-0.944089,0.329691,0
8358,19.3,0.0,0.083,7.866,-0.083,-0.942641,0.333807,0
8359,19.3167,0.0,0.0837,7.7823,-0.0837,-0.941176,0.337917,0
8360,19.3333,0.0,0.0819,7.7004,-0.0819,-0.939693,0.34202,0
8361,19.35,0.0,0.0823,7.6181,-0.0823,-0.938191,0.346117,0
8362,19.3667,0.0,0.0872,7.5309,-0.0872,-0.936672,0.350207,0
8363,19.3833,0.0,0.0872,7.4437,-0.0872,-0.935135,0.354291,0
8364,19.4,0.0,0.086,7.3577,-0.086,-0.93358,0.358368,0
8365,19.4167,0.0,0.0845,7.2732,-0.0845,-0.932008,0.362438,0
8366,19.4333,0.0,0.0844,7.1888,-0.0844,-0.930418,0.366501,0
8367,19.45,0.0,0.0883,7.1005,-0.0883,-0.92881,0.370557,0
8368,19.4667,0.0,0.0863,7.0142,-0.0863,-0.927184,0.374607,0
8369,19.4833,0.0,0.0849,6.9293,-0.0849,-0.925541,0.378649,0
8370,19.5,0.0,0.0855,6.8438,-0.0855,-0.92388,0.382683,0
8371,19.5167,0.0,0.0833,6.7605,-0.0833,-0.922201,0.386711,0
8372,19.5333,0.0,0.0861,6.6744,-0.0861,-0.920505,0.390731,0
8373,19.55,0.0,0.0862,6.5882,-0.0862,-0.918791,0.394744,0
8374,19.5667,0.0,0.0855,6.5027,-0.0855,-0.91706,0.398749,0
8375,19.5833,0.0,0.0852,6.4175,-0.0852,-0.915311,0.402747,0
8376,19.6,0.0,0.0837,6.3338,-0.0837,-0.913545,0.406737,0
8377,19.6167,0.0,0.086,6.2478,-0.086,-0.911762,0.410719,0
8378,19.6333,0.0,0.0814,6.1664,-0.0814,-0.909961,0.414693,0
8379,19.65,0.0,0.0854,6.081,-0.0854,-0.908143,0.41866,0
8380,19.6667,0.0,0.086,5.995,-0.086,-0.906308,0.422618,0
8381,19.6833,0.0,0.0865,5.9085,-0.0865,-0.904455,0.426569,0
8382,19.7,0.0,0.0817,5.8268,-0.0817,-0.902585,0.430511,0
8383,19.7167,0.0,0.087,5.7398,-0.087,-0.900698,0.434445,0
8384,19.7333,0.0,0.0832,5.6566,-0.0832,-0.898794,0.438371,0
8385,19.75,0.0,0.0894,5.5672,-0.0894,-0.896873,0.442289,0
8386,19.7667,0.0,0.0849,5.4823,-0.0849,-0.894934,0.446198,0
8387,19.7833,0.0,0.0831,5.3992,-0.0831,-0.892979,0.450098,0
8388,19.8,0.0,0.0837,5.3155,-0.0837,-0.891007,0.45399,0
8389,19.8167,0.0,0.0839,5.2316,-0.0839,-0.889017,0.457874,0
8390,19.8333,0.0,0.0873,5.1443,-0.0873,-0.887011,0.461749,0
8391,19.85,0.0,0.086,5.0583,-0.086,-0.884988,0.465615,0
8392,19.8667,0.0,0.0867,4.9716,-0.0867,-0.882948,0.469472,0
8393,19.8833,0.0,0.0847,4.8869,-0.0847,-0.880891,0.47332,0
8394,19.9,0.0,0.0865,4.8004,-0.0865,-0.878817,0.477159,0
8395,19.9167,0.0,0.0842,4.7162,-0.0842,-0.876727,0.480989,0
8396,19.9333,0.0,0.0883,4.6279,-0.0883,-0.87462,0.48481,0
8397,19.95,0.0,0.0843,4.5436,-0.0843,-0.872496,0.488621,0
8398,19.9667,0.0,0.0846,4.459,-0.0846,-0.870356,0.492424,0
8399,19.9833,0.0,0.0833,4.3757,-0.0833,-0.868199,0.496217,0
8400,20.0,0.0,0.0844,4.2913,-0.0844,-0.866025,0.5,0
8401,20.0167,0.0,0.0851,4.2062,-0.0851,-0.863836,0.503774,0
8402,20.0333,0.0,0.0863,4.1199,-0.0863,-0.861629,0.507538,0
8403,20.05,0.0,0.0857,4.0342,-0.0857,-0.859406,0.511293,0
8404,20.0667,0.0,0.0854,3.9488,-0.0854,-0.857167,0.515038,0
8405,20.0833,0.0,0.0859,3.8629,-0.0859,-0.854912,0.518773,0
8406,20.1,0.0,0.0832,3.7797,-0.0832,-0.85264,0.522499,0
8407,20.1167,0.0,0.0845,3.6952,-0.0845,-0.850352,0.526214,0
8408,20.1333,0.0,0.0878,3.6074,-0.0878,-0.848048,0.529919,0
8409,20.15,0.0,0.0874,3.52,-0.0874,-0.845728,0.533615,0
8410,20.1667,0.0,0.0822,3.4378,-0.0822,-0.843391,0.5373,0
8411,20.1833,0.0,0.0892,3.3486,-0.0892,-0.841039,0.540974,0
8412,20.2,0.0,0.0834,3.2652,-0.0834,-0.838671,0.544639,0
8413,20.2167,0.0,0.0848,3.1804,-0.0848,-0.836286,0.548293,0
8414,20.2333,0.0,0.0822,3.0982,-0.0822,-0.833886,0.551937,0
8415,20.25,0.0,0.0845,3.0137,-0.0845,-0.83147,0.55557,0
8416,20.2667,0.0,0.0837,2.93,-0.0837,-0.829038,0.559193,0
8417,20.2833,0.0,0.0874,2.8426,-0.0874,-0.82659,0.562805,0
8418,20.3,0.0,0.0831,2.7595,-0.0831,-0.824126,0.566406,0
8419,20.3167,0.0,0.0825,2.677,-0.0825,-0.821647,0.569997,0
8420,20.3333,0.0,0.0869,2.5901,-0.0869,-0.819152,0.573576,0
8421,20.35,0.0,0.0877,2.5024,-0.0877,-0.816642,0.577145,0
8422,20.3667,0.0,0.0881,2.4143,-0.0881,-0.814116,0.580703,0
8423,20.3833,0.0,0.084,2.3303,-0.084,-0.811574,0.58425,0
8424,20.4,0.0,0.0841,2.2462,-0.0841,-0.809017,0.587785,0
8425,20.4167,0.0,0.0829,2.1633,-0.0829,-0.806445,0.59131,0
8426,20.4333,0.0,0.0831,2.0802,-0.0831,-0.803857,0.594823,0
8427,20.45,0.0,0.0864,1.9938,-0.0864,-0.801254,0.598325,0
8428,20.4667,0.0,0.1559,1.8379,-0.1559,-0.798636,0.601815,0
8429,20.4833,0.0,0.1557,1.6822,-0.1557,-0.796002,0.605294,0
8430,20.5,0.0,0.1523,1.5299,-0.1523,-0.793353,0.608761,0
8431,20.5167,0.0,0.1532,1.3767,-0.1532,-0.79069,0.612217,0
8432,20.5333,0.0,0.1529,1.2238,-0.1529,-0.788011,0.615661,0
8433,20.55,0.0,0.1548,1.069,-0.1548,-0.785317,0.619094,0
8434,20.5667,0.0,0.1503,0.9187,-0.1503,-0.782608,0.622515,0
8435,20.5833,0.0,0.1493,0.7694,-0.1493,-0.779884,0.625923,0
8436,20.6,0.0,0.1529,0.6165,-0.1529,-0.777146,0.62932,0
8437,20.6167,0.0,0.1539,0.4626,-0.1539,-0.774393,0.632705,0
8438,20.6333,0.0,0.1527,0.3099,-0.1527,-0.771625,0.636078,0
8439,20.65,0.0,0.1553,0.1546,-0.1553,-0.768842,0.639439,0
8440,20.6667,0.0,0.1522,0.0024,-0.1522,-0.766044,0.642788,0
8441,20.6833,0.0,0.153,0.0,-0.153,-0.763232,0.646124,1
8442,20.7,0.0,0.1511,0.0,-0.1511,-0.760406,0.649448,1
8443,20.7167,0.0,0.1561,0.0,-0.1561,-0.757565,0.65276,1
8444,20.7333,0.0,0.1501,0.0,-0.1501,-0.75471,0.656059,1
8445,20.75,0.0,0.1573,0.0,-0.1573,-0.75184,0.659346,1
8446,20.7667,0.0,0.1526,0.0,-0.1526,-0.748956,0.66262,1
8447,20.7833,0.0,0.1507,0.0,-0.1507,-0.746057,0.665882,1
8448,20.8,0.0,0.1538,0.0,-0.1538,-0.743145,0.669131,1
8449,20.8167,0.0,0.1545,0.0,-0.1545,-0.740218,0.672367,1
8450,20.8333,0.0,0.1553,0.0,-0.1553,-0.737277,0.67559,1
8451,20.85,0.0,0.1546,0.0,-0.1546,-0.734323,0.678801,1
8452,20.8667,0.0,0.1526,0.0,-0.1526,-0.731354,0.681998,1
8453,20.8833,0.0,0.1505,0.0,-0.1505,-0.728371,0.685183,1
8454,20.9,0.0,0.1504,0.0,-0.1504,-0.725374,0.688355,1
8455,20.9167,0.0,0.1539,0.0,-0.1539,-0.722364,0.691513,1
8456,20.9333,0.0,0.1542,0.0,-0.1542,-0.71934,0.694658,1
8457,20.95,0.0,0.152,0.0,-0.152,-0.716302,0.69779,1
8458,20.9667,0.0,0.1542,0.0,-0.1542,-0.71325,0.700909,1
8459,20.9833,0.0,0.1506,0.0,-0.1506,-0.710185,0.704015,1
8460,21.0,0.0,0.1525,0.0,-0.1525,-0.707107,0.707107,1
8461,21.0167,0.0,0.1522,0.0,-0.1522,-0.704015,0.710185,1
8462,21.0333,0.0,0.1499,0.0,-0.1499,-0.700909,0.71325,1
8463,21.05,0.0,0.1548,0.0,-0.1548,-0.69779,0.716302,1
8464,21.0667,0.0,0.1565,0.0,-0.1565,-0.694658,0.71934,1
8465,21.0833,0.0,0.081,0.0,-0.081,-0.691513,0.722364,1
8466,21.1,0.0,0.0861,0.0,-0.0861,-0.688355,0.725374,1
8467,21.1167,0.0,0.087,0.0,-0.087,-0.685183,0.728371,1
8468,21.1333,0.0,0.082,0.0,-0.082,-0.681998,0.731354,1
8469,21.15,0.0,0.0909,0.0,-0.0909,-0.678801,0.734323,1
8470,21.1667,0.0,0.0873,0.0,-0.0873,-0.67559,0.737277,1
8471,21.1833,0.0,0.0868,0.0,-0.0868,-0.672367,0.740218,1
8472,21.2,0.0,0.0835,0.0,-0.0835,-0.669131,0.743145,1
8473,21.2167,0.0,0.0851,0.0,-0.0851,-0.665882,0.746057,1
8474,21.2333,0.0,0.0873,0.0,-0.0873,-0.66262,0.748956,1
8475,21.25,0.0,0.0836,0.0,-0.0836,-0.659346,0.75184,1
8476,21.2667,0.0,0.0837,0.0,-0.0837,-0.656059,0.75471,1
8477,21.2833,0.0,0.0864,0.0,-0.0864,-0.65276,0.757565,1
8478,21.3,0.0,0.0857,0.0,-0.0857,-0.649448,0.760406,1
8479,21.3167,0.0,0.081,0.0,-0.081,-0.646124,0.763232,1
8480,21.3333,0.0,0.0866,0.0,-0.0866,-0.642788,0.766044,1
8481,21.35,0.0,0.0862,0.0,-0.0862,-0.639439,0.768842,1
8482,21.3667,0.0,0.0858,0.0,-0.0858,-0.636078,0.771625,1
8483,21.3833,0.0,0.0872,0.0,-0.0872,-0.632705,0.774393,1
8484,21.4,0.0,0.0852,0.0,-0.0852,-0.62932,0.777146,1
8485,21.4167,0.0,0.0878,0.0,-0.0878,-0.625923,0.779884,1
8486,21.4333,0.0,0.0827,0.0,-0.0827,-0.622515,0.782608,1
8487,21.45,0.0,0.0845,0.0,-0.0845,-0.619094,0.785317,1
8488,21.4667,0.0,0.0855,0.0,-0.0855,-0.615661,0.788011,1
8489,21.4833,0.0,0.0847,0.0,-0.0847,-0.612217,0.79069,1
8490,21.5,0.0,0.0837,0.0,-0.0837,-0.608761,0.793353,1
8491,21.5167,0.0,0.0875,0.0,-0.0875,-0.605294,0.796002,1
8492,21.5333,0.0,0.0873,0.0,-0.0873,-0.601815,0.798636,1
8493,21.55,0.0,0.0843,0.0,-0.0843,-0.598325,0.801254,1
8494,21.5667,0.0,0.084,0.0,-0.084,-0.594823,0.803857,1
8495,21.5833,0.0,0.0847,0.0,-0.0847,-0.59131,0.806445,1
8496,21.6,0.0,0.087,0.0,-0.087,-0.587785,0.809017,1
8497,21.6167,0.0,0.1334,0.0,-0.1334,-0.58425,0.811574,1
8498,21.6333,0.0,0.1372,0.0,-0.1372,-0.580703,0.814116,1
8499,21.65,0.0,0.1345,0.0,-0.1345,-0.577145,0.816642,1
8500,21.6667,0.0,0.1341,0.0,-0.1341,-0.573576,0.819152,1
8501,21.6833,0.0,0.1366,0.0,-0.1366,-0.569997,0.821647,1
8502,21.7,0.0,0.1361,0.0,-0.1361,-0.566406,0.824126,1
8503,21.7167,0.0,0.1349,0.0,-0.1349,-0.562805,0.82659,1
8504,21.7333,0.0,0.1372,0.0,-0.1372,-0.559193,0.829038,1
8505,21.75,0.0,0.1385,0.0,-0.1385,-0.55557,0.83147,1
8506,21.7667,0.0,0.1351,0.0,-0.1351,-0.551937,0.833886,1
8507,21.7833,0.0,0.1378,0.0,-0.1378,-0.548293,0.836286,1
8508,21.8,0.0,0.1345,0.0,-0.1345,-0.544639,0.838671,1
8509,21.8167,0.0,0.1378,0.0,-0.1378,-0.540974,0.841039,1
8510,21.8333,0.0,0.1321,0.0,-0.1321,-0.5373,0.843391,1
8511,21.85,0.0,0.1327,0.0,-0.1327,-0.533615,0.845728,1
8512,21.8667,0.0,0.137,0.0,-0.137,-0.529919,0.848048,1
8513,21.8833,0.0,0.1379,0.0,-0.1379,-0.526214,0.850352,1
8514,21.9,0.0,0.1354,0.0,-0.1354,-0.522499,0.85264,1
8515,21.9167,0.0,0.1357,0.0,-0.1357,-0.518773,0.854912,1
8516,21.9333,0.0,0.1329,0.0,-0.1329,-0.515038,0.857167,1
8517,21.95,0.0,0.1324,0.0,-0.1324,-0.511293,0.859406,1
8518,21.9667,0.0,0.1357,0.0,-0.1357,-0.507538,0.861629,1
8519,21.9833,0.0,0.1352,0.0,-0.1352,-0.503774,0.863836,1
8520,22.0,0.0,0.0713,0.0,-0.0713,-0.5,0.866025,1
8521,22.0167,0.0,0.0681,0.0,-0.0681,-0.496217,0.868199,1
8522,22.0333,0.0,0.0722,0.0,-0.0722,-0.492424,0.870356,1
8523,22.05,0.0,0.072,0.0,-0.072,-0.488621,0.872496,1
8524,22.0667,0.0,0.0724,0.0,-0.0724,-0.48481,0.87462,1
8525,22.0833,0.0,0.0733,0.0,-0.0733,-0.480989,0.876727,1
8526,22.1,0.0,0.0705,0.0,-0.0705,-0.477159,0.878817,1
8527,22.1167,0.0,0.0718,0.0,-0.0718,-0.47332,0.880891,1
8528,22.1333,0.0,0.0729,0.0,-0.0729,-0.469472,0.882948,1
8529,22.15,0.0,0.0699,0.0,-0.0699,-0.465615,0.884988,1
8530,22.1667,0.0,0.0677,0.0,-0.0677,-0.461749,0.887011,1
8531,22.1833,0.0,0.0719,0.0,-0.0719,-0.457874,0.889017,1
8532,22.2,0.0,0.069,0.0,-0.069,-0.45399,0.891007,1
8533,22.2167,0.0,0.0678,0.0,-0.0678,-0.450098,0.892979,1
8534,22.2333,0.0,0.0661,0.0,-0.0661,-0.446198,0.894934,1
8535,22.25,0.0,0.0719,0.0,-0.0719,-0.442289,0.896873,1
8536,22.2667,0.0,0.0705,0.0,-0.0705,-0.438371,0.898794,1
8537,22.2833,0.0,0.0694,0.0,-0.0694,-0.434445,0.900698,1
8538,22.3,0.0,0.0689,0.0,-0.0689,-0.430511,0.902585,1
8539,22.3167,0.0,0.066,0.0,-0.066,-0.426569,0.904455,1
8540,22.3333,0.0,0.0701,0.0,-0.0701,-0.422618,0.906308,1
8541,22.35,0.0,0.0731,0.0,-0.0731,-0.41866,0.908143,1
8542,22.3667,0.0,0.0703,0.0,-0.0703,-0.414693,0.909961,1
8543,22.3833,0.0,0.0723,0.0,-0.0723,-0.410719,0.911762,1
8544,22.4,0.0,0.0655,0.0,-0.0655,-0.406737,0.913545,1
8545,22.4167,0.0,0.0713,0.0,-0.0713,-0.402747,0.915311,1
8546,22.4333,0.0,0.0715,0.0,-0.0715,-0.398749,0.91706,1
8547,22.45,0.0,0.0706,0.0,-0.0706,-0.394744,0.918791,1
8548,22.4667,0.0,0.0724,0.0,-0.0724,-0.390731,0.920505,1
8549,22.4833,0.0,0.0196,0.0,-0.0196,-0.386711,0.922201,1
8550,22.5,0.0,0.0162,0.0,-0.0162,-0.382683,0.92388,1
8551,22.5167,0.0,0.0202,0.0,-0.0202,-0.378649,0.925541,1
8552,22.5333,0.0,0.0198,0.0,-0.0198,-0.374607,0.927184,1
8553,22.55,0.0,0.0191,0.0,-0.0191,-0.370557,0.92881,1
8554,22.5667,0.0,0.0924,0.0,-0.0924,-0.366501,0.930418,1
8555,22.5833,0.0,0.094,0.0,-0.094,-0.362438,0.932008,1
8556,22.6,0.0,0.091,0.0,-0.091,-0.358368,0.93358,1
8557,22.6167,0.0,0.0949,0.0,-0.0949,-0.354291,0.935135,1
8558,22.6333,0.0,0.0932,0.0,-0.0932,-0.350207,0.936672,1
8559,22.65,0.0,0.0917,0.0,-0.0917,-0.346117,0.938191,1
8560,22.6667,0.0,0.0934,0.0,-0.0934,-0.34202,0.939693,1
8561,22.6833,0.0,0.0878,0.0,-0.0878,-0.337917,0.941176,1
8562,22.7,0.0,0.0886,0.0,-0.0886,-0.333807,0.942641,1
8563,22.7167,0.0,0.0963,0.0,-0.0963,-0.329691,0.944089,1
8564,22.7333,0.0,0.0935,0.0,-0.0935,-0.325568,0.945519,1
8565,22.75,0.0,0.0905,0.0,-0.0905,-0.321439,0.94693,1
8566,22.7667,0.0,0.0918,0.0,-0.0918,-0.317305,0.948324,1
8567,22.7833,0.0,0.0911,0.0,-0.0911,-0.313164,0.949699,1
8568,22.8,0.0,0.095,0.0,-0.095,-0.309017,0.951057,1
8569,22.8167,0.0,0.0924,0.0,-0.0924,-0.304864,0.952396,1
8570,22.8333,0.0,0.0911,0.0,-0.0911,-0.300706,0.953717,1
8571,22.85,0.0,0.0966,0.0,-0.0966,-0.296542,0.95502,1
8572,22.8667,0.0,0.0908,0.0,-0.0908,-0.292372,0.956305,1
8573,22.8833,0.0,0.0894,0.0,-0.0894,-0.288196,0.957571,1
8574,22.9,0.0,0.0915,0.0,-0.0915,-0.284015,0.95882,1
8575,22.9167,0.0,0.093,0.0,-0.093,-0.279829,0.96005,1
8576,22.9333,0.0,0.0893,0.0,-0.0893,-0.275637,0.961262,1
8577,22.95,0.0,0.0938,0.0,-0.0938,-0.27144,0.962455,1
8578,22.9667,0.0,0.094,0.0,-0.094,-0.267238,0.96363,1
8579,22.9833,0.0,0.0933,0.0,-0.0933,-0.263031,0.964787,1
8580,23.0,0.0,0.0916,0.0,-0.0916,-0.258819,0.965926,1
8581,23.0167,0.0,0.0945,0.0,-0.0945,-0.254602,0.967046,1
8582,23.0333,0.0,0.0929,0.0,-0.0929,-0.25038,0.968148,1
8583,23.05,0.0,0.0956,0.0,-0.0956,-0.246153,0.969231,1
8584,23.0667,0.0,0.0954,0.0,-0.0954,-0.241922,0.970296,1
8585,23.0833,0.0,0.0195,0.0,-0.0195,-0.237686,0.971342,1
8586,23.1,0.0,0.0206,0.0,-0.0206,-0.233445,0.97237,1
8587,23.1167,0.0,0.0186,0.0,-0.0186,-0.2292,0.973379,1
8588,23.1333,0.0,0.0182,0.0,-0.0182,-0.224951,0.97437,1
8589,23.15,0.0,0.0187,0.0,-0.0187,-0.220697,0.975342,1
8590,23.1667,0.0,0.0204,0.0,-0.0204,-0.21644,0.976296,1
8591,23.1833,0.0,0.0219,0.0,-0.0219,-0.212178,0.977231,1
8592,23.2,0.0,0.0206,0.0,-0.0206,-0.207912,0.978148,1
8593,23.2167,0.0,0.0184,0.0,-0.0184,-0.203642,0.979045,1
8594,23.2333,0.0,0.0204,0.0,-0.0204,-0.199368,0.979925,1
8595,23.25,0.0,0.0195,0.0,-0.0195,-0.19509,0.980785,1
8596,23.2667,0.0,0.0216,0.0,-0.0216,-0.190809,0.981627,1
8597,23.2833,0.0,0.0225,0.0,-0.0225,-0.186524,0.98245,1
8598,23.3,0.0,0.0214,0.0,-0.0214,-0.182236,0.983255,1
8599,23.3167,0.0,0.0243,0.0,-0.0243,-0.177944,0.984041,1
8600,23.3333,0.0,0.0206,0.0,-0.0206,-0.173648,0.984808,1
8601,23.35,0.0,0.0184,0.0,-0.0184,-0.16935,0.985556,1
8602,23.3667,0.0,0.0204,0.0,-0.0204,-0.165048,0.986286,1
8603,23.3833,0.0,0.0218,0.0,-0.0218,-0.160743,0.986996,1
8604,23.4,0.0,0.0221,0.0,-0.0221,-0.156434,0.987688,1
8605,23.4167,0.0,0.0199,0.0,-0.0199,-0.152123,0.988362,1
8606,23.4333,0.0,0.0192,0.0,-0.0192,-0.147809,0.989016,1
8607,23.45,0.0,0.0191,0.0,-0.0191,-0.143493,0.989651,1
8608,23.4667,0.0,0.0246,0.0,-0.0246,-0.139173,0.990268,1
8609,23.4833,0.0,0.0195,0.0,-0.0195,-0.134851,0.990866,1
8610,23.5,0.0,0.0231,0.0,-0.0231,-0.130526,0.991445,1
8611,23.5167,0.0,0.0214,0.0,-0.0214,-0.126199,0.992005,1
8612,23.5333,0.0,0.0218,0.0,-0.0218,-0.121869,0.992546,1
8613,23.55,0.0,0.0187,0.0,-0.0187,-0.117537,0.993068,1
8614,23.5667,0.0,0.0178,0.0,-0.0178,-0.113203,0.993572,1
8615,23.5833,0.0,0.0214,0.0,-0.0214,-0.108867,0.994056,1
8616,23.6,0.0,0.0219,0.0,-0.0219,-0.104528,0.994522,1
8617,23.6167,0.0,0.024,0.0,-0.024,-0.100188,0.994969,1
8618,23.6333,0.0,0.0204,0.0,-0.0204,-0.095846,0.995396,1
8619,23.65,0.0,0.0208,0.0,-0.0208,-0.091502,0.995805,1
8620,23.6667,0.0,0.0184,0.0,-0.0184,-0.087156,0.996195,1
8621,23.6833,0.0,0.0201,0.0,-0.0201,-0.082808,0.996566,1
8622,23.7,0.0,0.0212,0.0,-0.0212,-0.078459,0.996917,1
8623,23.7167,0.0,0.0181,0.0,-0.0181,-0.074108,0.99725,1
8624,23.7333,0.0,0.0222,0.0,-0.0222,-0.069756,0.997564,1
8625,23.75,0.0,0.0172,0.0,-0.0172,-0.065403,0.997859,1
8626,23.7667,0.0,0.0218,0.0,-0.0218,-0.061049,0.998135,1
8627,23.7833,0.0,0.0225,0.0,-0.0225,-0.056693,0.998392,1
8628,23.8,0.0,0.0166,0.0,-0.0166,-0.052336,0.99863,1
8629,23.8167,0.0,0.0226,0.0,-0.0226,-0.047978,0.998848,1
8630,23.8333,0.0,0.0217,0.0,-0.0217,-0.043619,0.999048,1
8631,23.85,0.0,0.0185,0.0,-0.0185,-0.03926,0.999229,1
8632,23.8667,0.0,0.0177,0.0,-0.0177,-0.034899,0.999391,1
8633,23.8833,0.0,0.0212,0.0,-0.0212,-0.030539,0.999534,1
8634,23.9,0.0,0.016,0.0,-0.016,-0.026177,0.999657,1
8635,23.9167,0.0,0.0218,0.0,-0.0218,-0.021815,0.999762,1
8636,23.9333,0.0,0.0197,0.0,-0.0197,-0.017452,0.999848,1
8637,23.95,0.0,0.0199,0.0,-0.0199,-0.01309,0.999914,1
8638,23.9667,0.0,0.0202,0.0,-0.0202,-0.008727,0.999962,1
8639,23.9833,0.0,0.0224,0.0,-0.0224,-0.004363,0.99999,1
8640,0.0,0.0,0.0237,0.0,-0.0237,0.0,1.0,1
8641,0.0167,0.0,0.0215,0.0,-0.0215,0.004363,0.99999,1
8642,0.0333,0.0,0.0237,0.0,-0.0237,0.008727,0.999962,1
8643,0.05,0.0,0.0209,0.0,-0.0209,0.01309,0.999914,1
8644,0.0667,0.0,0.0205,0.0,-0.0205,0.017452,0.999848,1
8645,0.0833,0.0,0.0205,0.0,-0.0205,0.021815,0.999762,1
8646,0.1,0.0,0.0166,0.0,-0.0166,0.026177,0.999657,1
8647,0.1167,0.0,0.0214,0.0,-0.0214,0.030539,0.999534,1
8648,0.1333,0.0,0.0199,0.0,-0.0199,0.034899,0.999391,1
8649,0.15,0.0,0.0179,0.0,-0.0179,0.03926,0.999229,1
8650,0.1667,0.0,0.0206,0.0,-0.0206,0.043619,0.999048,1
8651,0.1833,0.0,0.0184,0.0,-0.0184,0.047978,0.998848,1
8652,0.2,0.0,0.0193,0.0,-0.0193,0.052336,0.99863,1
8653,0.2167,0.0,0.021,0.0,-0.021,0.056693,0.998392,1
8654,0.2333,0.0,0.0222,0.0,-0.0222,0.061049,0.998135,1
8655,0.25,0.0,0.0202,0.0,-0.0202,0.065403,0.997859,1
8656,0.2667,0.0,0.0213,0.0,-0.0213,0.069756,0.997564,1
8657,0.2833,0.0,0.0202,0.0,-0.0202,0.074108,0.99725,1
8658,0.3,0.0,0.0169,0.0,-0.0169,0.078459,0.996917,1
8659,0.3167,0.0,0.0164,0.0,-0.0164,0.082808,0.996566,1
8660,0.3333,0.0,0.0206,0.0,-0.0206,0.087156,0.996195,1
8661,0.35,0.0,0.0203,0.0,-0.0203,0.091502,0.995805,1
8662,0.3667,0.0,0.0224,0.0,-0.0224,0.095846,0.995396,1
8663,0.3833,0.0,0.0235,0.0,-0.0235,0.100188,0.994969,1
8664,0.4,0.0,0.0209,0.0,-0.0209,0.104528,0.994522,1
8665,0.4167,0.0,0.02,0.0,-0.02,0.108867,0.994056,1
8666,0.4333,0.0,0.0214,0.0,-0.0214,0.113203,0.993572,1
8667,0.45,0.0,0.0207,0.0,-0.0207,0.117537,0.993068,1
8668,0.4667,0.0,0.021,0.0,-0.021,0.121869,0.992546,1
8669,0.4833,0.0,0.0199,0.0,-0.0199,0.126199,0.992005,1
8670,0.5,0.0,0.0173,0.0,-0.0173,0.130526,0.991445,1
8671,0.5167,0.0,0.0216,0.0,-0.0216,0.134851,0.990866,1
8672,0.5333,0.0,0.0179,0.0,-0.0179,0.139173,0.990268,1
8673,0.55,0.0,0.0169,0.0,-0.0169,0.143493,0.989651,1
8674,0.5667,0.0,0.0215,0.0,-0.0215,0.147809,0.989016,1
8675,0.5833,0.0,0.0175,0.0,-0.0175,0.152123,0.988362,1
8676,0.6,0.0,0.0218,0.0,-0.0218,0.156434,0.987688,1
8677,0.6167,0.0,0.0175,0.0,-0.0175,0.160743,0.986996,1
8678,0.6333,0.0,0.0212,0.0,-0.0212,0.165048,0.986286,1
8679,0.65,0.0,0.0197,0.0,-0.0197,0.16935,0.985556,1
8680,0.6667,0.0,0.0227,0.0,-0.0227,0.173648,0.984808,1
8681,0.6833,0.0,0.0198,0.0,-0.0198,0.177944,0.984041,1
8682,0.7,0.0,0.0233,0.0,-0.0233,0.182236,0.983255,1
8683,0.7167,0.0,0.0174,0.0,-0.0174,0.186524,0.98245,1
8684,0.7333,0.0,0.0188,0.0,-0.0188,0.190809,0.981627,1
8685,0.75,0.0,0.0213,0.0,-0.0213,0.19509,0.980785,1
8686,0.7667,0.0,0.0158,0.0,-0.0158,0.199368,0.979925,1
8687,0.7833,0.0,0.0223,0.0,-0.0223,0.203642,0.979045,1
8688,0.8,0.0,0.0182,0.0,-0.0182,0.207912,0.978148,1
8689,0.8167,0.0,0.0213,0.0,-0.0213,0.212178,0.977231,1
8690,0.8333,0.0,0.0185,0.0,-0.0185,0.21644,0.976296,1
8691,0.85,0.0,0.0188,0.0,-0.0188,0.220697,0.975342,1
8692,0.8667,0.0,0.0195,0.0,-0.0195,0.224951,0.97437,1
8693,0.8833,0.0,0.0243,0.0,-0.0243,0.2292,0.973379,1
8694,0.9,0.0,0.016,0.0,-0.016,0.233445,0.97237,1
8695,0.9167,0.0,0.018,0.0,-0.018,0.237686,0.971342,1
8696,0.9333,0.0,0.0169,0.0,-0.0169,0.241922,0.970296,1
8697,0.95,0.0,0.0214,0.0,-0.0214,0.246153,0.969231,1
8698,0.9667,0.0,0.0208,0.0,-0.0208,0.25038,0.968148,1
8699,0.9833,0.0,0.0227,0.0,-0.0227,0.254602,0.967046,1
8700,1.0,0.0,0.0187,0.0,-0.0187,0.258819,0.965926,1
8701,1.0167,0.0,0.0191,0.0,-0.0191,0.263031,0.964787,1
8702,1.0333,0.0,0.0209,0.0,-0.0209,0.267238,0.96363,1
8703,1.05,0.0,0.0213,0.0,-0.0213,0.27144,0.962455,1
8704,1.0667,0.0,0.0217,0.0,-0.0217,0.275637,0.961262,1
8705,1.0833,0.0,0.0195,0.0,-0.0195,0.279829,0.96005,1
8706,1.1,0.0,0.0173,0.0,-0.0173,0.284015,0.95882,1
8707,1.1167,0.0,0.02,0.0,-0.02,0.288196,0.957571,1
8708,1.1333,0.0,0.0198,0.0,-0.0198,0.292372,0.956305,1
8709,1.15,0.0,0.0214,0.0,-0.0214,0.296542,0.95502,1
8710,1.1667,0.0,0.0225,0.0,-0.0225,0.300706,0.953717,1
8711,1.1833,0.0,0.0154,0.0,-0.0154,0.304864,0.952396,1
8712,1.2,0.0,0.0177,0.0,-0.0177,0.309017,0.951057,1
8713,1.2167,0.0,0.0215,0.0,-0.0215,0.313164,0.949699,1
8714,1.2333,0.0,0.0193,0.0,-0.0193,0.317305,0.948324,1
8715,1.25,0.0,0.0208,0.0,-0.0208,0.321439,0.94693,1
8716,1.2667,0.0,0.0195,0.0,-0.0195,0.325568,0.945519,1
8717,1.2833,0.0,0.0171,0.0,-0.0171,0.329691,0.944089,1
8718,1.3,0.0,0.0199,0.0,-0.0199,0.333807,0.942641,1
8719,1.3167,0.0,0.0217,0.0,-0.0217,0.337917,0.941176,1
8720,1.3333,0.0,0.0225,0.0,-0.0225,0.34202,0.939693,1
8721,1.35,0.0,0.0199,0.0,-0.0199,0.346117,0.938191,1
8722,1.3667,0.0,0.0209,0.0,-0.0209,0.350207,0.936672,1
8723,1.3833,0.0,0.0219,0.0,-0.0219,0.354291,0.935135,1
8724,1.4,0.0,0.0207,0.0,-0.0207,0.358368,0.93358,1
8725,1.4167,0.0,0.0246,0.0,-0.0246,0.362438,0.932008,1
8726,1.4333,0.0,0.0214,0.0,-0.0214,0.366501,0.930418,1
8727,1.45,0.0,0.0214,0.0,-0.0214,0.370557,0.92881,1
8728,1.4667,0.0,0.0209,0.0,-0.0209,0.374607,0.927184,1
8729,1.4833,0.0,0.0205,0.0,-0.0205,0.378649,0.925541,1
8730,1.5,0.0,0.0196,0.0,-0.0196,0.382683,0.92388,1
8731,1.5167,0.0,0.0215,0.0,-0.0215,0.386711,0.922201,1
8732,1.5333,0.0,0.019,0.0,-0.019,0.390731,0.920505,1
8733,1.55,0.0,0.0226,0.0,-0.0226,0.394744,0.918791,1
8734,1.5667,0.0,0.0197,0.0,-0.0197,0.398749,0.91706,1
8735,1.5833,0.0,0.0206,0.0,-0.0206,0.402747,0.915311,1
8736,1.6,0.0,0.0201,0.0,-0.0201,0.406737,0.913545,1
8737,1.6167,0.0,0.0197,0.0,-0.0197,0.410719,0.911762,1
8738,1.6333,0.0,0.0231,0.0,-0.0231,0.414693,0.909961,1
8739,1.65,0.0,0.0239,0.0,-0.0239,0.41866,0.908143,1
8740,1.6667,0.0,0.0177,0.0,-0.0177,0.422618,0.906308,1
8741,1.6833,0.0,0.0207,0.0,-0.0207,0.426569,0.904455,1
8742,1.7,0.0,0.0209,0.0,-0.0209,0.430511,0.902585,1
8743,1.7167,0.0,0.0184,0.0,-0.0184,0.434445,0.900698,1
8744,1.7333,0.0,0.0192,0.0,-0.0192,0.438371,0.898794,1
8745,1.75,0.0,0.0202,0.0,-0.0202,0.442289,0.896873,1
8746,1.7667,0.0,0.0222,0.0,-0.0222,0.446198,0.894934,1
8747,1.7833,0.0,0.0211,0.0,-0.0211,0.450098,0.892979,1
8748,1.8,0.0,0.0239,0.0,-0.0239,0.45399,0.891007,1
8749,1.8167,0.0,0.0212,0.0,-0.0212,0.457874,0.889017,1
8750,1.8333,0.0,0.0194,0.0,-0.0194,0.461749,0.887011,1
8751,1.85,0.0,0.0256,0.0,-0.0256,0.465615,0.884988,1
8752,1.8667,0.0,0.0205,0.0,-0.0205,0.469472,0.882948,1
8753,1.8833,0.0,0.0184,0.0,-0.0184,0.47332,0.880891,1
8754,1.9,0.0,0.0158,0.0,-0.0158,0.477159,0.878817,1
8755,1.9167,0.0,0.0254,0.0,-0.0254,0.480989,0.876727,1
8756,1.9333,0.0,0.0211,0.0,-0.0211,0.48481,0.87462,1
8757,1.95,0.0,0.0207,0.0,-0.0207,0.488621,0.872496,1
8758,1.9667,0.0,0.0213,0.0,-0.0213,0.492424,0.870356,1
8759,1.9833,0.0,0.02,0.0,-0.02,0.496217,0.868199,1
8760,2.0,0.0,0.0205,0.0,-0.0205,0.5,0.866025,1
8761,2.0167,0.0,0.02,0.0,-0.02,0.503774,0.863836,1
8762,2.0333,0.0,0.0186,0.0,-0.0186,0.507538,0.861629,1
8763,2.05,0.0,0.0169,0.0,-0.0169,0.511293,0.859406,1
8764,2.0667,0.0,0.0177,0.0,-0.0177,0.515038,0.857167,1
8765,2.0833,0.0,0.0211,0.0,-0.0211,0.518773,0.854912,1
8766,2.1,0.0,0.0174,0.0,-0.0174,0.522499,0.85264,1
8767,2.1167,0.0,0.0208,0.0,-0.0208,0.526214,0.850352,1
8768,2.1333,0.0,0.0245,0.0,-0.0245,0.529919,0.848048,1
8769,2.15,0.0,0.0224,0.0,-0.0224,0.533615,0.845728,1
8770,2.1667,0.0,0.0171,0.0,-0.0171,0.5373,0.843391,1
8771,2.1833,0.0,0.0172,0.0,-0.0172,0.540974,0.841039,1
8772,2.2,0.0,0.0231,0.0,-0.0231,0.544639,0.838671,1
8773,2.2167,0.0,0.0219,0.0,-0.0219,0.548293,0.836286,1
8774,2.2333,0.0,0.0187,0.0,-0.0187,0.551937,0.833886,1
8775,2.25,0.0,0.0168,0.0,-0.0168,0.55557,0.83147,1
8776,2.2667,0.0,0.0206,0.0,-0.0206,0.559193,0.829038,1
8777,2.2833,0.0,0.0243,0.0,-0.0243,0.562805,0.82659,1
8778,2.3,0.0,0.0199,0.0,-0.0199,0.566406,0.824126,1
8779,2.3167,0.0,0.0213,0.0,-0.0213,0.569997,0.821647,1
8780,2.3333,0.0,0.023,0.0,-0.023,0.573576,0.819152,1
8781,2.35,0.0,0.0196,0.0,-0.0196,0.577145,0.816642,1
8782,2.3667,0.0,0.0203,0.0,-0.0203,0.580703,0.814116,1
8783,2.3833,0.0,0.0186,0.0,-0.0186,0.58425,0.811574,1
8784,2.4,0.0,0.0201,0.0,-0.0201,0.587785,0.809017,1
8785,2.4167,0.0,0.0183,0.0,-0.0183,0.59131,0.806445,1
8786,2.4333,0.0,0.0167,0.0,-0.0167,0.594823,0.803857,1
8787,2.45,0.0,0.0187,0.0,-0.0187,0.598325,0.801254,1
8788,2.4667,0.0,0.0211,0.0,-0.0211,0.601815,0.798636,1
8789,2.4833,0.0,0.0193,0.0,-0.0193,0.605294,0.796002,1
8790,2.5,0.0,0.0218,0.0,-0.0218,0.608761,0.793353,1
8791,2.5167,0.0,0.0189,0.0,-0.0189,0.612217,0.79069,1
8792,2.5333,0.0,0.0186,0.0,-0.0186,0.615661,0.788011,1
8793,2.55,0.0,0.0186,0.0,-0.0186,0.619094,0.785317,1
8794,2.5667,0.0,0.0191,0.0,-0.0191,0.622515,0.782608,1
8795,2.5833,0.0,0.0186,0.0,-0.0186,0.625923,0.779884,1
8796,2.6,0.0,0.0219,0.0,-0.0219,0.62932,0.777146,1
8797,2.6167,0.0,0.0198,0.0,-0.0198,0.632705,0.774393,1
8798,2.6333,0.0,0.0207,0.0,-0.0207,0.636078,0.771625,1
8799,2.65,0.0,0.0203,0.0,-0.0203,0.639439,0.768842,1
8800,2.6667,0.0,0.0175,0.0,-0.0175,0.642788,0.766044,1
8801,2.6833,0.0,0.0165,0.0,-0.0165,0.646124,0.763232,1
8802,2.7,0.0,0.0217,0.0,-0.0217,0.649448,0.760406,1
8803,2.7167,0.0,0.0227,0.0,-0.0227,0.65276,0.757565,1
8804,2.7333,0.0,0.0199,0.0,-0.0199,0.656059,0.75471,1
8805,2.75,0.0,0.0214,0.0,-0.0214,0.659346,0.75184,1
8806,2.7667,0.0,0.0195,0.0,-0.0195,0.66262,0.748956,1
8807,2.7833,0.0,0.021,0.0,-0.021,0.665882,0.746057,1
8808,2.8,0.0,0.017,0.0,-0.017,0.669131,0.743145,1
8809,2.8167,0.0,0.0211,0.0,-0.0211,0.672367,0.740218,1
8810,2.8333,0.0,0.0219,0.0,-0.0219,0.67559,0.737277,1
8811,2.85,0.0,0.0176,0.0,-0.0176,0.678801,0.734323,1
8812,2.8667,0.0,0.0191,0.0,-0.0191,0.681998,0.731354,1
8813,2.8833,0.0,0.0236,0.0,-0.0236,0.685183,0.728371,1
8814,2.9,0.0,0.0193,0.0,-0.0193,0.688355,0.725374,1
8815,2.9167,0.0,0.0205,0.0,-0.0205,0.691513,0.722364,1
8816,2.9333,0.0,0.0223,0.0,-0.0223,0.694658,0.71934,1
8817,2.95,0.0,0.0177,0.0,-0.0177,0.69779,0.716302,1
8818,2.9667,0.0,0.0188,0.0,-0.0188,0.700909,0.71325,1
8819,2.9833,0.0,0.0176,0.0,-0.0176,0.704015,0.710185,1
8820,3.0,0.0,0.0218,0.0,-0.0218,0.707107,0.707107,1
8821,3.0167,0.0,0.0212,0.0,-0.0212,0.710185,0.704015,1
8822,3.0333,0.0,0.0194,0.0,-0.0194,0.71325,0.700909,1
8823,3.05,0.0,0.0205,0.0,-0.0205,0.716302,0.69779,1
8824,3.0667,0.0,0.0211,0.0,-0.0211,0.71934,0.694658,1
8825,3.0833,0.0,0.0189,0.0,-0.0189,0.722364,0.691513,1
8826,3.1,0.0,0.0223,0.0,-0.0223,0.725374,0.688355,1
8827,3.1167,0.0,0.0206,0.0,-0.0206,0.728371,0.685183,1
8828,3.1333,0.0,0.0187,0.0,-0.0187,0.731354,0.681998,1
8829,3.15,0.0,0.0206,0.0,-0.0206,0.734323,0.678801,1
8830,3.1667,0.0,0.0219,0.0,-0.0219,0.737277,0.67559,1
8831,3.1833,0.0,0.0208,0.0,-0.0208,0.740218,0.672367,1
8832,3.2,0.0,0.0216,0.0,-0.0216,0.743145,0.669131,1
8833,3.2167,0.0,0.0209,0.0,-0.0209,0.746057,0.665882,1
8834,3.2333,0.0,0.022,0.0,-0.022,0.748956,0.66262,1
8835,3.25,0.0,0.0173,0.0,-0.0173,0.75184,0.659346,1
8836,3.2667,0.0,0.0199,0.0,-0.0199,0.75471,0.656059,1
8837,3.2833,0.0,0.0213,0.0,-0.0213,0.757565,0.65276,1
8838,3.3,0.0,0.0239,0.0,-0.0239,0.760406,0.649448,1
8839,3.3167,0.0,0.0227,0.0,-0.0227,0.763232,0.646124,1
8840,3.3333,0.0,0.0204,0.0,-0.0204,0.766044,0.642788,1
8841,3.35,0.0,0.0244,0.0,-0.0244,0.768842,0.639439,1
8842,3.3667,0.0,0.0214,0.0,-0.0214,0.771625,0.636078,1
8843,3.3833,0.0,0.0206,0.0,-0.0206,0.774393,0.632705,1
8844,3.4,0.0,0.0151,0.0,-0.0151,0.777146,0.62932,1
8845,3.4167,0.0,0.0212,0.0,-0.0212,0.779884,0.625923,1
8846,3.4333,0.0,0.0194,0.0,-0.0194,0.782608,0.622515,1
8847,3.45,0.0,0.0198,0.0,-0.0198,0.785317,0.619094,1
8848,3.4667,0.0,0.0198,0.0,-0.0198,0.788011,0.615661,1
8849,3.4833,0.0,0.0231,0.0,-0.0231,0.79069,0.612217,1
8850,3.5,0.0,0.0218,0.0,-0.0218,0.793353,0.608761,1
8851,3.5167,0.0,0.0163,0.0,-0.0163,0.796002,0.605294,1
8852,3.5333,0.0,0.0189,0.0,-0.0189,0.798636,0.601815,1
8853,3.55,0.0,0.0192,0.0,-0.0192,0.801254,0.598325,1
8854,3.5667,0.0,0.0184,0.0,-0.0184,0.803857,0.594823,1
8855,3.5833,0.0,0.0226,0.0,-0.0226,0.806445,0.59131,1
8856,3.6,0.0,0.0227,0.0,-0.0227,0.809017,0.587785,1
8857,3.6167,0.0,0.0196,0.0,-0.0196,0.811574,0.58425,1
8858,3.6333,0.0,0.0197,0.0,-0.0197,0.814116,0.580703,1
8859,3.65,0.0,0.021,0.0,-0.021,0.816642,0.577145,1
8860,3.6667,0.0,0.0218,0.0,-0.0218,0.819152,0.573576,1
8861,3.6833,0.0,0.0162,0.0,-0.0162,0.821647,0.569997,1
8862,3.7,0.0,0.0172,0.0,-0.0172,0.824126,0.566406,1
8863,3.7167,0.0,0.0191,0.0,-0.0191,0.82659,0.562805,1
8864,3.7333,0.0,0.0178,0.0,-0.0178,0.829038,0.559193,1
8865,3.75,0.0,0.0209,0.0,-0.0209,0.83147,0.55557,1
8866,3.7667,0.0,0.0173,0.0,-0.0173,0.833886,0.551937,1
8867,3.7833,0.0,0.0218,0.0,-0.0218,0.836286,0.548293,1
8868,3.8,0.0,0.0251,0.0,-0.0251,0.838671,0.544639,1
8869,3.8167,0.0,0.0198,0.0,-0.0198,0.841039,0.540974,1
8870,3.8333,0.0,0.0214,0.0,-0.0214,0.843391,0.5373,1
8871,3.85,0.0,0.0187,0.0,-0.0187,0.845728,0.533615,1
8872,3.8667,0.0,0.0222,0.0,-0.0222,0.848048,0.529919,1
8873,3.8833,0.0,0.0188,0.0,-0.0188,0.850352,0.526214,1
8874,3.9,0.0,0.0181,0.0,-0.0181,0.85264,0.522499,1
8875,3.9167,0.0,0.0174,0.0,-0.0174,0.854912,0.518773,1
8876,3.9333,0.0,0.0216,0.0,-0.0216,0.857167,0.515038,1
8877,3.95,0.0,0.0206,0.0,-0.0206,0.859406,0.511293,1
8878,3.9667,0.0,0.0243,0.0,-0.0243,0.861629,0.507538,1
8879,3.9833,0.0,0.0217,0.0,-0.0217,0.863836,0.503774,1
8880,4.0,0.0,0.0205,0.0,-0.0205,0.866025,0.5,1
8881,4.0167,0.0,0.0203,0.0,-0.0203,0.868199,0.496217,1
8882,4.0333,0.0,0.0218,0.0,-0.0218,0.870356,0.492424,1
8883,4.05,0.0,0.0221,0.0,-0.0221,0.872496,0.488621,1
8884,4.0667,0.0,0.0197,0.0,-0.0197,0.87462,0.48481,1
8885,4.0833,0.0,0.0237,0.0,-0.0237,0.876727,0.480989,1
8886,4.1,0.0,0.0185,0.0,-0.0185,0.878817,0.477159,1
8887,4.1167,0.0,0.0195,0.0,-0.0195,0.880891,0.47332,1
8888,4.1333,0.0,0.0181,0.0,-0.0181,0.882948,0.469472,1
8889,4.15,0.0,0.0218,0.0,-0.0218,0.884988,0.465615,1
8890,4.1667,0.0,0.0216,0.0,-0.0216,0.887011,0.461749,1
8891,4.1833,0.0,0.0239,0.0,-0.0239,0.889017,0.457874,1
8892,4.2,0.0,0.0208,0.0,-0.0208,0.891007,0.45399,1
8893,4.2167,0.0,0.0186,0.0,-0.0186,0.892979,0.450098,1
8894,4.2333,0.0,0.0201,0.0,-0.0201,0.894934,0.446198,1
8895,4.25,0.0,0.017,0.0,-0.017,0.896873,0.442289,1
8896,4.2667,0.0,0.018,0.0,-0.018,0.898794,0.438371,1
8897,4.2833,0.0,0.02,0.0,-0.02,0.900698,0.434445,1
8898,4.3,0.0,0.0189,0.0,-0.0189,0.902585,0.430511,1
8899,4.3167,0.0,0.0209,0.0,-0.0209,0.904455,0.426569,1
8900,4.3333,0.0,0.0199,0.0,-0.0199,0.906308,0.422618,1
8901,4.35,0.0,0.0203,0.0,-0.0203,0.908143,0.41866,1
8902,4.3667,0.0,0.0182,0.0,-0.0182,0.909961,0.414693,1
8903,4.3833,0.0,0.0206,0.0,-0.0206,0.911762,0.410719,1
8904,4.4,0.0,0.019,0.0,-0.019,0.913545,0.406737,1
8905,4.4167,0.0,0.0231,0.0,-0.0231,0.915311,0.402747,1
8906,4.4333,0.0,0.0194,0.0,-0.0194,0.91706,0.398749,1
8907,4.45,0.0,0.0195,0.0,-0.0195,0.918791,0.394744,1
8908,4.4667,0.0,0.0223,0.0,-0.0223,0.920505,0.390731,1
8909,4.4833,0.0,0.0212,0.0,-0.0212,0.922201,0.386711,1
8910,4.5,0.0,0.02,0.0,-0.02,0.92388,0.382683,1
8911,4.5167,0.0,0.0196,0.0,-0.0196,0.925541,0.378649,1
8912,4.5333,0.0,0.0193,0.0,-0.0193,0.927184,0.374607,1
8913,4.55,0.0,0.02,0.0,-0.02,0.92881,0.370557,1
8914,4.5667,0.0,0.0206,0.0,-0.0206,0.930418,0.366501,1
8915,4.5833,0.0,0.0193,0.0,-0.0193,0.932008,0.362438,1
8916,4.6,0.0,0.0164,0.0,-0.0164,0.93358,0.358368,1
8917,4.6167,0.0,0.022,0.0,-0.022,0.935135,0.354291,1
8918,4.6333,0.0,0.0205,0.0,-0.0205,0.936672,0.350207,1
8919,4.65,0.0,0.0191,0.0,-0.0191,0.938191,0.346117,1
8920,4.6667,0.0,0.0176,0.0,-0.0176,0.939693,0.34202,1
8921,4.6833,0.0,0.0208,0.0,-0.0208,0.941176,0.337917,1
8922,4.7,0.0,0.0189,0.0,-0.0189,0.942641,0.333807,1
8923,4.7167,0.0,0.0204,0.0,-0.0204,0.944089,0.329691,1
8924,4.7333,0.0,0.0197,0.0,-0.0197,0.945519,0.325568,1
8925,4.75,0.0,0.0244,0.0,-0.0244,0.94693,0.321439,1
8926,4.7667,0.0,0.0191,0.0,-0.0191,0.948324,0.317305,1
8927,4.7833,0.0,0.0204,0.0,-0.0204,0.949699,0.313164,1
8928,4.8,0.0,0.0227,0.0,-0.0227,0.951057,0.309017,1
8929,4.8167,0.0,0.0212,0.0,-0.0212,0.952396,0.304864,1
8930,4.8333,0.0,0.0197,0.0,-0.0197,0.953717,0.300706,1
8931,4.85,0.0,0.0215,0.0,-0.0215,0.95502,0.296542,1
8932,4.8667,0.0,0.0219,0.0,-0.0219,0.956305,0.292372,1
8933,4.8833,0.0,0.0229,0.0,-0.0229,0.957571,0.288196,1
8934,4.9,0.0,0.02,0.0,-0.02,0.95882,0.284015,1
8935,4.9167,0.0,0.0225,0.0,-0.0225,0.96005,0.279829,1
8936,4.9333,0.0,0.0216,0.0,-0.0216,0.961262,0.275637,1
8937,4.95,0.0,0.0189,0.0,-0.0189,0.962455,0.27144,1
8938,4.9667,0.0,0.0204,0.0,-0.0204,0.96363,0.267238,1
8939,4.9833,0.0,0.022,0.0,-0.022,0.964787,0.263031,1
8940,5.0,0.0,0.0199,0.0,-0.0199,0.965926,0.258819,1
8941,5.0167,0.0,0.0193,0.0,-0.0193,0.967046,0.254602,1
8942,5.0333,0.0,0.0225,0.0,-0.0225,0.968148,0.25038,1
8943,5.05,0.0,0.0207,0.0,-0.0207,0.969231,0.246153,1
8944,5.0667,0.0,0.0239,0.0,-0.0239,0.970296,0.241922,1
8945,5.0833,0.0,0.0205,0.0,-0.0205,0.971342,0.237686,1
8946,5.1,0.0,0.0196,0.0,-0.0196,0.97237,0.233445,1
8947,5.1167,0.0,0.0187,0.0,-0.0187,0.973379,0.2292,1
8948,5.1333,0.0,0.0193,0.0,-0.0193,0.97437,0.224951,1
8949,5.15,0.0,0.0195,0.0,-0.0195,0.975342,0.220697,1
8950,5.1667,0.0,0.02,0.0,-0.02,0.976296,0.21644,1
8951,5.1833,0.0,0.0206,0.0,-0.0206,0.977231,0.212178,1
8952,5.2,0.0,0.0214,0.0,-0.0214,0.978148,0.207912,1
8953,5.2167,0.0,0.0177,0.0,-0.0177,0.979045,0.203642,1
8954,5.2333,0.0,0.0209,0.0,-0.0209,0.979925,0.199368,1
8955,5.25,0.0,0.0211,0.0,-0.0211,0.980785,0.19509,1
8956,5.2667,0.0,0.0204,0.0,-0.0204,0.981627,0.190809,1
8957,5.2833,0.0,0.021,0.0,-0.021,0.98245,0.186524,1
8958,5.3,0.0,0.0222,0.0,-0.0222,0.983255,0.182236,1
8959,5.3167,0.0,0.0206,0.0,-0.0206,0.984041,0.177944,1
8960,5.3333,0.0,0.02,0.0,-0.02,0.984808,0.173648,1
8961,5.35,0.0,0.0215,0.0,-0.0215,0.985556,0.16935,1
8962,5.3667,0.0,0.0223,0.0,-0.0223,0.986286,0.165048,1
8963,5.3833,0.0,0.0221,0.0,-0.0221,0.986996,0.160743,1
8964,5.4,0.0,0.0211,0.0,-0.0211,0.987688,0.156434,1
8965,5.4167,0.0,0.0232,0.0,-0.0232,0.988362,0.152123,1
8966,5.4333,0.0,0.0221,0.0,-0.0221,0.989016,0.147809,1
8967,5.45,0.0,0.0226,0.0,-0.0226,0.989651,0.143493,1
8968,5.4667,0.0,0.0208,0.0,-0.0208,0.990268,0.139173,1
8969,5.4833,0.0,0.0202,0.0,-0.0202,0.990866,0.134851,1
8970,5.5,0.0,0.0238,0.0,-0.0238,0.991445,0.130526,1
8971,5.5167,0.0,0.0209,0.0,-0.0209,0.992005,0.126199,1
8972,5.5333,0.0,0.0192,0.0,-0.0192,0.992546,0.121869,1
8973,5.55,0.0,0.0211,0.0,-0.0211,0.993068,0.117537,1
8974,5.5667,0.0,0.0219,0.0,-0.0219,0.993572,0.113203,1
8975,5.5833,0.0,0.0211,0.0,-0.0211,0.994056,0.108867,1
8976,5.6,0.0,0.0229,0.0,-0.0229,0.994522,0.104528,1
8977,5.6167,0.0,0.02,0.0,-0.02,0.994969,0.100188,1
8978,5.6333,0.0,0.0217,0.0,-0.0217,0.995396,0.095846,1
8979,5.65,0.0,0.0165,0.0,-0.0165,0.995805,0.091502,1
8980,5.6667,0.0,0.0172,0.0,-0.0172,0.996195,0.087156,1
8981,5.6833,0.0,0.0187,0.0,-0.0187,0.996566,0.082808,1
8982,5.7,0.0,0.0218,0.0,-0.0218,0.996917,0.078459,1
8983,5.7167,0.0,0.0191,0.0,-0.0191,0.99725,0.074108,1
8984,5.7333,0.0,0.0223,0.0,-0.0223,0.997564,0.069756,1
8985,5.75,0.0,0.0199,0.0,-0.0199,0.997859,0.065403,1
8986,5.7667,0.0,0.0205,0.0,-0.0205,0.998135,0.061049,1
8987,5.7833,0.0,0.0176,0.0,-0.0176,0.998392,0.056693,1
8988,5.8,0.0,0.0217,0.0,-0.0217,0.99863,0.052336,1
8989,5.8167,0.0,0.019,0.0,-0.019,0.998848,0.047978,1
8990,5.8333,0.0,0.0171,0.0,-0.0171,0.999048,0.043619,1
8991,5.85,0.0,0.0233,0.0,-0.0233,0.999229,0.03926,1
8992,5.8667,0.0,0.0215,0.0,-0.0215,0.999391,0.034899,1
8993,5.8833,0.0,0.0236,0.0,-0.0236,0.999534,0.030539,1
8994,5.9,0.0,0.0198,0.0,-0.0198,0.999657,0.026177,1
8995,5.9167,0.0,0.0207,0.0,-0.0207,0.999762,0.021815,1
8996,5.9333,0.0,0.0179,0.0,-0.0179,0.999848,0.017452,1
8997,5.95,0.0,0.0224,0.0,-0.0224,0.999914,0.01309,1
8998,5.9667,0.0,0.0172,0.0,-0.0172,0.999962,0.008727,1
8999,5.9833,0.0,0.0208,0.0,-0.0208,0.99999,0.004363,1
9000,6.0,0.0,0.0408,0.0,-0.0408,1.0,0.0,1
9001,6.0167,0.0,0.0407,0.0,-0.0407,0.99999,-0.004363,1
9002,6.0333,0.002517,0.0413,0.0,-0.038783,0.999962,-0.008727,1
9003,6.05,0.008333,0.0354,0.0,-0.027067,0.999914,-0.01309,1
9004,6.0667,0.006383,0.0337,0.0,-0.027317,0.999848,-0.017452,1
9005,6.0833,0.004717,0.0361,0.0,-0.031383,0.999762,-0.021815,1
9006,6.1,0.005417,0.039,0.0,-0.033583,0.999657,-0.026177,1
9007,6.1167,0.004067,0.0367,0.0,-0.032633,0.999534,-0.030539,1
9008,6.1333,0.004667,0.0327,0.0,-0.028033,0.999391,-0.034899,1
9009,6.15,0.0122,0.0358,0.0,-0.0236,0.999229,-0.03926,1
9010,6.1667,0.010017,0.0392,0.0,-0.029183,0.999048,-0.043619,1
9011,6.1833,0.010233,0.0363,0.0,-0.026067,0.998848,-0.047978,1
9012,6.2,0.005533,0.0345,0.0,-0.028967,0.99863,-0.052336,1
9013,6.2167,0.0154,0.0412,0.0,-0.0258,0.998392,-0.056693,1
9014,6.2333,0.01155,0.0375,0.0,-0.02595,0.998135,-0.061049,1
9015,6.25,0.01705,0.0388,0.0,-0.02175,0.997859,-0.065403,1
9016,6.2667,0.017683,0.0389,0.0,-0.021217,0.997564,-0.069756,1
9017,6.2833,0.0143,0.041,0.0,-0.0267,0.99725,-0.074108,1
9018,6.3,0.0119,0.0372,0.0,-0.0253,0.996917,-0.078459,1
9019,6.3167,0.020283,0.0357,0.0,-0.015417,0.996566,-0.082808,1
9020,6.3333,0.019867,0.042,0.0,-0.022133,0.996195,-0.087156,1
9021,6.35,0.019517,0.0354,0.0,-0.015883,0.995805,-0.091502,1
9022,6.3667,0.020417,0.0406,0.0,-0.020183,0.995396,-0.095846,1
9023,6.3833,0.019783,0.0342,0.0,-0.014417,0.994969,-0.100188,1
9024,6.4,0.0197,0.0375,0.0,-0.0178,0.994522,-0.104528,1
9025,6.4167,0.024033,0.0395,0.0,-0.015467,0.994056,-0.108867,1
9026,6.4333,0.022,0.0351,0.0,-0.0131,0.993572,-0.113203,1
9027,6.45,0.0281,0.0404,0.0,-0.0123,0.993068,-0.117537,1
9028,6.4667,0.026233,0.0335,0.0,-0.007267,0.992546,-0.121869,1
9029,6.4833,0.02505,0.0392,0.0,-0.01415,0.992005,-0.126199,1
9030,6.5,0.025683,0.0393,0.0,-0.013617,0.991445,-0.130526,1
9031,6.5167,0.024683,0.0397,0.0,-0.015017,0.990866,-0.134851,1
9032,6.5333,0.0355,0.0401,0.0,-0.0046,0.990268,-0.139173,1
9033,6.55,0.0266,0.037,0.0,-0.0104,0.989651,-0.143493,1
9034,6.5667,0.029483,0.0391,0.0,-0.009617,0.989016,-0.147809,1
9035,6.5833,0.0325,0.0355,0.0,-0.003,0.988362,-0.152123,1
9036,6.6,0.029883,0.0389,0.0,-0.009017,0.987688,-0.156434,1
9037,6.6167,0.032867,0.0381,0.0,-0.005233,0.986996,-0.160743,1
9038,6.6333,0.036633,0.0378,0.0,-0.001167,0.986286,-0.165048,1
9039,6.65,0.035683,0.0377,0.0,-0.002017,0.985556,-0.16935,1
9040,6.6667,0.03905,0.038,0.0011,0.00105,0.984808,-0.173648,0
9041,6.6833,0.034733,0.0367,0.0,-0.001967,0.984041,-0.177944,1
9042,6.7,0.03355,0.0368,0.0,-0.00325,0.983255,-0.182236,1
9043,6.7167,0.03735,0.0394,0.0,-0.00205,0.98245,-0.186524,1
9044,6.7333,0.035767,0.0359,0.0,-0.000133,0.981627,-0.190809,1
9045,6.75,0.035567,0.0372,0.0,-0.001633,0.980785,-0.19509,1
9046,6.7667,0.038117,0.0365,0.0016,0.001617,0.979925,-0.199368,0
9047,6.7833,0.040783,0.0364,0.006,0.004383,0.979045,-0.203642,0
9048,6.8,0.04095,0.0333,0.0136,0.00765,0.978148,-0.207912,0
9049,6.8167,0.04195,0.0346,0.021,0.00735,0.977231,-0.212178,0
9050,6.8333,0.0423,0.0328,0.0305,0.0095,0.976296,-0.21644,0
9051,6.85,0.0451,0.0373,0.0383,0.0078,0.975342,-0.220697,0
9052,6.8667,0.046033,0.0358,0.0485,0.010233,0.97437,-0.224951,0
9053,6.8833,0.044767,0.0343,0.059,0.010467,0.973379,-0.2292,0
9054,6.9,0.048533,0.039,0.0685,0.009533,0.97237,-0.233445,0
9055,6.9167,0.04325,0.0399,0.0718,0.00335,0.971342,-0.237686,0
9056,6.9333,0.0472,0.039,0.08,0.0082,0.970296,-0.241922,0
9057,6.95,0.049317,0.0389,0.0904,0.010417,0.969231,-0.246153,0
9058,6.9667,0.056183,0.0363,0.1103,0.019883,0.968148,-0.25038,0
9059,6.9833,0.050067,0.037,0.1234,0.013067,0.967046,-0.254602,0
9060,7.0,0.05345,0.0695,0.1074,-0.01605,0.965926,-0.258819,0
9061,7.0167,0.051567,0.0677,0.0913,-0.016133,0.964787,-0.263031,0
9062,7.0333,0.050633,0.0645,0.0774,-0.013867,0.96363,-0.267238,0
9063,7.05,0.053583,0.0679,0.0631,-0.014317,0.962455,-0.27144,0
9064,7.0667,0.049967,0.0667,0.0464,-0.016733,0.961262,-0.275637,0
9065,7.0833,0.053617,0.0672,0.0328,-0.013583,0.96005,-0.279829,0
9066,7.1,0.058733,0.0688,0.0227,-0.010067,0.95882,-0.284015,0
9067,7.1167,0.058433,0.0662,0.0149,-0.007767,0.957571,-0.288196,0
9068,7.1333,0.0576,0.0708,0.0017,-0.0132,0.956305,-0.292372,0
9069,7.15,0.064567,0.0666,0.0,-0.002033,0.95502,-0.296542,1
9070,7.1667,0.05985,0.0664,0.0,-0.00655,0.953717,-0.300706,1
9071,7.1833,0.061483,0.0674,0.0,-0.005917,0.952396,-0.304864,1
9072,7.2,0.059833,0.0699,0.0,-0.010067,0.951057,-0.309017,1
9073,7.2167,0.069233,0.0712,0.0,-0.001967,0.949699,-0.313164,1
9074,7.2333,0.063617,0.0706,0.0,-0.006983,0.948324,-0.317305,1
9075,7.25,0.062533,0.0658,0.0,-0.003267,0.94693,-0.321439,1
9076,7.2667,0.0659,0.0663,0.0,-0.0004,0.945519,-0.325568,1
9077,7.2833,0.066683,0.0679,0.0,-0.001217,0.944089,-0.329691,1
9078,7.3,0.06525,0.0667,0.0,-0.00145,0.942641,-0.333807,1
9079,7.3167,0.068017,0.0662,0.0018,0.001817,0.941176,-0.337917,0
9080,7.3333,0.071033,0.067,0.0058,0.004033,0.939693,-0.34202,0
9081,7.35,0.065517,0.0701,0.0012,-0.004583,0.938191,-0.346117,0
9082,7.3667,0.070167,0.0693,0.0021,0.000867,0.936672,-0.350207,0
9083,7.3833,0.071083,0.0672,0.006,0.003883,0.935135,-0.354291,0
9084,7.4,0.071883,0.0684,0.0095,0.003483,0.93358,-0.358368,0
9085,7.4167,0.069667,0.0643,0.0149,0.005367,0.932008,-0.362438,0
9086,7.4333,0.07485,0.0679,0.0218,0.00695,0.930418,-0.366501,0
9087,7.45,0.074917,0.0723,0.0244,0.002617,0.92881,-0.370557,0
9088,7.4667,0.08025,0.0675,0.0372,0.01275,0.927184,-0.374607,0
9089,7.4833,0.070067,0.0702,0.0371,-0.000133,0.925541,-0.378649,0
9090,7.5,0.078517,0.066,0.0496,0.012517,0.92388,-0.382683,0
9091,7.5167,0.083933,0.0661,0.0674,0.017833,0.922201,-0.386711,0
9092,7.5333,0.0798,0.0656,0.0816,0.0142,0.920505,-0.390731,0
9093,7.55,0.081067,0.0656,0.0971,0.015467,0.918791,-0.394744,0
9094,7.5667,0.074283,0.0665,0.1049,0.007783,0.91706,-0.398749,0
9095,7.5833,0.0817,0.0679,0.1187,0.0138,0.915311,-0.402747,0
9096,7.6,0.078917,0.0705,0.1271,0.008417,0.913545,-0.406737,0
9097,7.6167,0.082033,0.0662,0.1429,0.015833,0.911762,-0.410719,0
9098,7.6333,0.0855,0.0675,0.1609,0.018,0.909961,-0.414693,0
9099,7.65,0.081617,0.0681,0.1744,0.013517,0.908143,-0.41866,0
9100,7.6667,0.08545,0.0702,0.1897,0.01525,0.906308,-0.422618,0
9101,7.6833,0.081917,0.0661,0.2055,0.015817,0.904455,-0.426569,0
9102,7.7,0.082533,0.0706,0.2174,0.011933,0.902585,-0.430511,0
9103,7.7167,0.084167,0.0661,0.2355,0.018067,0.900698,-0.434445,0
9104,7.7333,0.086417,0.0705,0.2514,0.015917,0.898794,-0.438371,0
9105,7.75,0.088133,0.067,0.2725,0.021133,0.896873,-0.442289,0
9106,7.7667,0.092233,0.068,0.2967,0.024233,0.894934,-0.446198,0
9107,7.7833,0.088667,0.0698,0.3156,0.018867,0.892979,-0.450098,0
9108,7.8,0.092217,0.0684,0.3394,0.023817,0.891007,-0.45399,0
9109,7.8167,0.087,0.0693,0.3571,0.0177,0.889017,-0.457874,0
9110,7.8333,0.093167,0.0636,0.3867,0.029567,0.887011,-0.461749,0
9111,7.85,0.093917,0.0697,0.4109,0.024217,0.884988,-0.465615,0
9112,7.8667,0.09225,0.0686,0.4345,0.02365,0.882948,-0.469472,0
9113,7.8833,0.09605,0.0681,0.4624,0.02795,0.880891,-0.47332,0
9114,7.9,0.09675,0.0679,0.4913,0.02885,0.878817,-0.477159,0
9115,7.9167,0.09885,0.0646,0.5255,0.03425,0.876727,-0.480989,0
9116,7.9333,0.09795,0.0712,0.5522,0.02675,0.87462,-0.48481,0
9117,7.95,0.097967,0.0656,0.5846,0.032367,0.872496,-0.488621,0
9118,7.9667,0.09525,0.0669,0.613,0.02835,0.870356,-0.492424,0
9119,7.9833,0.099333,0.0668,0.6455,0.032533,0.868199,-0.496217,0
9120,8.0,0.1004,0.071,0.6749,0.0294,0.866025,-0.5,0
9121,8.0167,0.101567,0.0669,0.7096,0.034667,0.863836,-0.503774,0
9122,8.0333,0.102467,0.0669,0.7452,0.035567,0.861629,-0.507538,0
9123,8.05,0.10055,0.0654,0.7803,0.03515,0.859406,-0.511293,0
9124,8.0667,0.097333,0.068,0.8096,0.029333,0.857167,-0.515038,0
9125,8.0833,0.103983,0.0644,0.8492,0.039583,0.854912,-0.518773,0
9126,8.1,0.10395,0.0669,0.8862,0.03705,0.85264,-0.522499,0
9127,8.1167,0.1068,0.0681,0.9249,0.0387,0.850352,-0.526214,0
9128,8.1333,0.104267,0.065,0.9642,0.039267,0.848048,-0.529919,0
9129,8.15,0.111767,0.0727,1.0033,0.039067,0.845728,-0.533615,0
9130,8.1667,0.1097,0.0679,1.0451,0.0418,0.843391,-0.5373,0
9131,8.1833,0.10645,0.0712,1.0803,0.03525,0.841039,-0.540974,0
9132,8.2,0.10905,0.0693,1.1201,0.03975,0.838671,-0.544639,0
9133,8.2167,0.114333,0.0681,1.1663,0.046233,0.836286,-0.548293,0
9134,8.2333,0.11015,0.0703,1.2061,0.03985,0.833886,-0.551937,0
9135,8.25,0.112033,0.0691,1.249,0.042933,0.83147,-0.55557,0
9136,8.2667,0.11195,0.0665,1.2945,0.04545,0.829038,-0.559193,0
9137,8.2833,0.115183,0.0699,1.3398,0.045283,0.82659,-0.562805,0
9138,8.3,0.110417,0.0671,1.3831,0.043317,0.824126,-0.566406,0
9139,8.3167,0.11715,0.0642,1.4361,0.05295,0.821647,-0.569997,0
9140,8.3333,0.1134,0.0689,1.4806,0.0445,0.819152,-0.573576,0
9141,8.35,0.11895,0.0641,1.5354,0.05485,0.816642,-0.577145,0
9142,8.3667,0.1117,0.0669,1.5802,0.0448,0.814116,-0.580703,0
9143,8.3833,0.117,0.0638,1.6334,0.0532,0.811574,-0.58425,0
9144,8.4,0.12115,0.0676,1.6869,0.05355,0.809017,-0.587785,0
9145,8.4167,0.1193,0.0646,1.7416,0.0547,0.806445,-0.59131,0
9146,8.4333,0.121133,0.0694,1.7933,0.051733,0.803857,-0.594823,0
9147,8.45,0.121967,0.0696,1.8457,0.052367,0.801254,-0.598325,0
9148,8.4667,0.1217,0.0661,1.9013,0.0556,0.798636,-0.601815,0
9149,8.4833,0.119167,0.0664,1.9541,0.052767,0.796002,-0.605294,0
9150,8.5,0.120317,0.068,2.0064,0.052317,0.793353,-0.608761,0
9151,8.5167,0.12465,0.0643,2.0668,0.06035,0.79069,-0.612217,0
9152,8.5333,0.122617,0.0697,2.1197,0.052917,0.788011,-0.615661,0
9153,8.55,0.123383,0.065,2.1781,0.058383,0.785317,-0.619094,0
9154,8.5667,0.12525,0.0679,2.2355,0.05735,0.782608,-0.622515,0
9155,8.5833,0.125033,0.0665,2.294,0.058533,0.779884,-0.625923,0
9156,8.6,0.122517,0.0665,2.35,0.056017,0.777146,-0.62932,0
9157,8.6167,0.12705,0.0653,2.4118,0.06175,0.774393,-0.632705,0
9158,8.6333,0.129717,0.0718,2.4697,0.057917,0.771625,-0.636078,0
9159,8.65,0.12745,0.0681,2.5291,0.05935,0.768842,-0.639439,0
9160,8.6667,0.12835,0.0712,2.5863,0.05715,0.766044,-0.642788,0
9161,8.6833,0.12715,0.0683,2.6452,0.05885,0.763232,-0.646124,0
9162,8.7,0.127383,0.0635,2.7091,0.063883,0.760406,-0.649448,0
9163,8.7167,0.134533,0.0695,2.7741,0.065033,0.757565,-0.65276,0
9164,8.7333,0.129267,0.0676,2.8358,0.061667,0.75471,-0.656059,0
9165,8.75,0.136317,0.067,2.9051,0.069317,0.75184,-0.659346,0
9166,8.7667,0.131233,0.0696,2.9667,0.061633,0.748956,-0.66262,0
9167,8.7833,0.132517,0.0673,3.0319,0.065217,0.746057,-0.665882,0
9168,8.8,0.133483,0.0676,3.0978,0.065883,0.743145,-0.669131,0
9169,8.8167,0.13335,0.0717,3.1595,0.06165,0.740218,-0.672367,0
9170,8.8333,0.1354,0.0653,3.2296,0.0701,0.737277,-0.67559,0
9171,8.85,0.138883,0.0671,3.3014,0.071783,0.734323,-0.678801,0
9172,8.8667,0.1387,0.0656,3.3745,0.0731,0.731354,-0.681998,0
9173,8.8833,0.136317,0.0712,3.4396,0.065117,0.728371,-0.685183,0
9174,8.9,0.14255,0.0686,3.5135,0.07395,0.725374,-0.688355,0
9175,8.9167,0.137817,0.0713,3.58,0.066517,0.722364,-0.691513,0
9176,8.9333,0.140533,0.0668,3.6537,0.073733,0.71934,-0.694658,0
9177,8.95,0.140217,0.0677,3.7262,0.072517,0.716302,-0.69779,0
9178,8.9667,0.139667,0.0719,3.794,0.067767,0.71325,-0.700909,0
9179,8.9833,0.143383,0.0703,3.8671,0.073083,0.710185,-0.704015,0
9180,9.0,0.142733,0.0388,3.971,0.103933,0.707107,-0.707107,0
9181,9.0167,0.14635,0.0387,4.0786,0.10765,0.704015,-0.710185,0
9182,9.0333,0.144983,0.0369,4.1867,0.108083,0.700909,-0.71325,0
9183,9.05,0.14145,0.0393,4.2889,0.10215,0.69779,-0.716302,0
9184,9.0667,0.144983,0.0415,4.3924,0.103483,0.694658,-0.71934,0
9185,9.0833,0.148083,0.0372,4.5033,0.110883,0.691513,-0.722364,0
9186,9.1,0.142117,0.0375,4.6079,0.104617,0.688355,-0.725374,0
9187,9.1167,0.146667,0.037,4.7176,0.109667,0.685183,-0.728371,0
9188,9.1333,0.142517,0.0386,4.8215,0.103917,0.681998,-0.731354,0
9189,9.15,0.151767,0.038,4.9353,0.113767,0.678801,-0.734323,0
9190,9.1667,0.147017,0.0406,5.0417,0.106417,0.67559,-0.737277,0
9191,9.1833,0.147017,0.0374,5.1513,0.109617,0.672367,-0.740218,0
9192,9.2,0.146083,0.0341,5.2633,0.111983,0.669131,-0.743145,0
9193,9.2167,0.152817,0.038,5.3781,0.114817,0.665882,-0.746057,0
9194,9.2333,0.1449,0.0384,5.4846,0.1065,0.66262,-0.748956,0
9195,9.25,0.15105,0.0366,5.5991,0.11445,0.659346,-0.75184,0
9196,9.2667,0.1496,0.0438,5.7049,0.1058,0.656059,-0.75471,0
9197,9.2833,0.150617,0.0367,5.8188,0.113917,0.65276,-0.757565,0
9198,9.3,0.153933,0.0396,5.9331,0.114333,0.649448,-0.760406,0
9199,9.3167,0.152217,0.0359,6.0494,0.116317,0.646124,-0.763232,0
9200,9.3333,0.154917,0.0372,6.1671,0.117717,0.642788,-0.766044,0
9201,9.35,0.153017,0.0337,6.2864,0.119317,0.639439,-0.768842,0
9202,9.3667,0.157183,0.0394,6.4042,0.117783,0.636078,-0.771625,0
9203,9.3833,0.1604,0.0353,6.5293,0.1251,0.632705,-0.774393,0
9204,9.4,0.154833,0.0388,6.6453,0.116033,0.62932,-0.777146,0
9205,9.4167,0.155183,0.0358,6.7647,0.119383,0.625923,-0.779884,0
9206,9.4333,0.158733,0.0383,6.8851,0.120433,0.622515,-0.782608,0
9207,9.45,0.154833,0.0363,7.0036,0.118533,0.619094,-0.785317,0
9208,9.4667,0.156683,0.0385,7.1218,0.118183,0.615661,-0.788011,0
9209,9.4833,0.157233,0.0375,7.2415,0.119733,0.612217,-0.79069,0
9210,9.5,0.163917,0.0371,7.3683,0.126817,0.608761,-0.793353,0
9211,9.5167,0.154317,0.0372,7.4854,0.117117,0.605294,-0.796002,0
9212,9.5333,0.160117,0.0379,7.6076,0.122217,0.601815,-0.798636,0
9213,9.55,0.163867,0.0351,7.7364,0.128767,0.598325,-0.801254,0
9214,9.5667,0.160067,0.0418,7.8547,0.118267,0.594823,-0.803857,0
9215,9.5833,0.16505,0.0397,7.9801,0.12535,0.59131,-0.806445,0
9216,9.6,0.161983,0.0371,8.105,0.124883,0.587785,-0.809017,0
9217,9.6167,0.16275,0.0383,8.2295,0.12445,0.58425,-0.811574,0
9218,9.6333,0.166167,0.039,8.3567,0.127167,0.580703,-0.814116,0
9219,9.65,0.16585,0.0358,8.4868,0.13005,0.577145,-0.816642,0
9220,9.6667,0.1654,0.0362,8.616,0.1292,0.573576,-0.819152,0
9221,9.6833,0.162833,0.0355,8.7433,0.127333,0.569997,-0.821647,0
9222,9.7,0.1659,0.0389,8.8703,0.127,0.566406,-0.824126,0
9223,9.7167,0.1693,0.0354,9.0042,0.1339,0.562805,-0.82659,0
9224,9.7333,0.163333,0.0372,9.1303,0.126133,0.559193,-0.829038,0
9225,9.75,0.162833,0.0366,9.2565,0.126233,0.55557,-0.83147,0
9226,9.7667,0.167467,0.0409,9.3831,0.126567,0.551937,-0.833886,0
9227,9.7833,0.170067,0.0361,9.5171,0.133967,0.548293,-0.836286,0
9228,9.8,0.168,0.0335,9.6516,0.1345,0.544639,-0.838671,0
9229,9.8167,0.169233,0.0358,9.785,0.133433,0.540974,-0.841039,0
9230,9.8333,0.170917,0.0414,9.9145,0.129517,0.5373,-0.843391,0
9231,9.85,0.168383,0.0344,10.0485,0.133983,0.533615,-0.845728,0
9232,9.8667,0.172967,0.0388,10.1827,0.134167,0.529919,-0.848048,0
9233,9.8833,0.17325,0.0392,10.3168,0.13405,0.526214,-0.850352,0
9234,9.9,0.172383,0.0368,10.4524,0.135583,0.522499,-0.85264,0
9235,9.9167,0.171433,0.0376,10.5862,0.133833,0.518773,-0.854912,0
9236,9.9333,0.175383,0.0355,10.7261,0.139883,0.515038,-0.857167,0
9237,9.95,0.176417,0.0376,10.8649,0.138817,0.511293,-0.859406,0
9238,9.9667,0.174333,0.0417,10.9975,0.132633,0.507538,-0.861629,0
9239,9.9833,0.17505,0.0401,11.1325,0.13495,0.503774,-0.863836,0
9240,10.0,0.17425,0.0349,11.2719,0.13935,0.5,-0.866025,0
9241,10.0167,0.1738,0.0401,11.4056,0.1337,0.496217,-0.868199,0
9242,10.0333,0.171283,0.0363,11.5406,0.134983,0.492424,-0.870356,0
9243,10.05,0.175033,0.04,11.6756,0.135033,0.488621,-0.872496,0
9244,10.0667,0.175767,0.0372,11.8142,0.138567,0.48481,-0.87462,0
9245,10.0833,0.17185,0.0353,11.9507,0.13655,0.480989,-0.876727,0
9246,10.1,0.17355,0.0386,12.0856,0.13495,0.477159,-0.878817,0
9247,10.1167,0.176383,0.039,12.223,0.137383,0.47332,-0.880891,0
9248,10.1333,0.1776,0.0367,12.3639,0.1409,0.469472,-0.882948,0
9249,10.15,0.176233,0.0391,12.501,0.137133,0.465615,-0.884988,0
9250,10.1667,0.179717,0.036,12.6447,0.143717,0.461749,-0.887011,0
9251,10.1833,0.17695,0.0396,12.782,0.13735,0.457874,-0.889017,0
9252,10.2,0.18055,0.0356,12.9269,0.14495,0.45399,-0.891007,0
9253,10.2167,0.1822,0.0404,13.0687,0.1418,0.450098,-0.892979,0
9254,10.2333,0.182533,0.0354,13.2158,0.147133,0.446198,-0.894934,0
9255,10.25,0.181233,0.0356,13.3614,0.145633,0.442289,-0.896873,0
9256,10.2667,0.177267,0.0404,13.4983,0.136867,0.438371,-0.898794,0
9257,10.2833,0.178033,0.0361,13.6402,0.141933,0.434445,-0.900698,0
9258,10.3,0.180067,0.0364,13.7839,0.143667,0.430511,-0.902585,0
9259,10.3167,0.181383,0.0378,13.9275,0.143583,0.426569,-0.904455,0
9260,10.3333,0.180917,0.0369,14.0715,0.144017,0.422618,-0.906308,0
9261,10.35,0.183333,0.0376,14.2172,0.145733,0.41866,-0.908143,0
9262,10.3667,0.180117,0.0367,14.3606,0.143417,0.414693,-0.909961,0
9263,10.3833,0.179933,0.0348,14.5057,0.145133,0.410719,-0.911762,0
9264,10.4,0.18435,0.0372,14.6528,0.14715,0.406737,-0.913545,0
9265,10.4167,0.18255,0.0357,14.7996,0.14685,0.402747,-0.915311,0
9266,10.4333,0.17865,0.0394,14.9388,0.13925,0.398749,-0.91706,0
9267,10.45,0.18385,0.0343,15.0884,0.14955,0.394744,-0.918791,0
9268,10.4667,0.182417,0.0346,15.2362,0.147817,0.390731,-0.920505,0
9269,10.4833,0.18445,0.0361,15.3846,0.14835,0.386711,-0.922201,0
9270,10.5,0.184367,0.0383,15.5307,0.146067,0.382683,-0.92388,0
9271,10.5167,0.182733,0.0385,15.6749,0.144233,0.378649,-0.925541,0
9272,10.5333,0.185533,0.0375,15.8229,0.148033,0.374607,-0.927184,0
9273,10.55,0.183717,0.0384,15.9682,0.145317,0.370557,-0.92881,0
9274,10.5667,0.185317,0.0342,16.1193,0.151117,0.366501,-0.930418,0
9275,10.5833,0.1883,0.0392,16.2684,0.1491,0.362438,-0.932008,0
9276,10.6,0.185267,0.0398,16.4139,0.145467,0.358368,-0.93358,0
9277,10.6167,0.181867,0.037,16.5588,0.144867,0.354291,-0.935135,0
9278,10.6333,0.1866,0.037,16.7084,0.1496,0.350207,-0.936672,0
9279,10.65,0.183967,0.0371,16.8553,0.146867,0.346117,-0.938191,0
9280,10.6667,0.187433,0.0391,17.0036,0.148333,0.34202,-0.939693,0
9281,10.6833,0.18955,0.0389,17.1542,0.15065,0.337917,-0.941176,0
9282,10.7,0.187717,0.0387,17.3032,0.149017,0.333807,-0.942641,0
9283,10.7167,0.188967,0.039,17.4532,0.149967,0.329691,-0.944089,0
9284,10.7333,0.194483,0.0362,17.6115,0.158283,0.325568,-0.945519,0
9285,10.75,0.187183,0.0385,17.7602,0.148683,0.321439,-0.94693,0
9286,10.7667,0.1886,0.0373,17.9115,0.1513,0.317305,-0.948324,0
9287,10.7833,0.186733,0.0406,18.0,0.146133,0.313164,-0.949699,0
9288,10.8,0.19015,0.0381,18.0,0.15205,0.309017,-0.951057,0
9289,10.8167,0.19025,0.0367,18.0,0.15355,0.304864,-0.952396,0
9290,10.8333,0.19,0.0381,18.0,0.1519,0.300706,-0.953717,0
9291,10.85,0.193417,0.0382,18.0,0.155217,0.296542,-0.95502,0
9292,10.8667,0.189267,0.0345,18.0,0.154767,0.292372,-0.956305,0
9293,10.8833,0.19235,0.0404,18.0,0.15195,0.288196,-0.957571,0
9294,10.9,0.188317,0.0378,18.0,0.150517,0.284015,-0.95882,0
9295,10.9167,0.19115,0.0378,18.0,0.15335,0.279829,-0.96005,0
9296,10.9333,0.191883,0.0342,18.0,0.157683,0.275637,-0.961262,0
9297,10.95,0.1922,0.0355,18.0,0.1567,0.27144,-0.962455,0
9298,10.9667,0.19335,0.0356,18.0,0.15775,0.267238,-0.96363,0
9299,10.9833,0.190783,0.0367,18.0,0.154083,0.263031,-0.964787,0
9300,11.0,0.194967,0.0391,18.0,0.155867,0.258819,-0.965926,0
9301,11.0167,0.1916,0.0367,18.0,0.1549,0.254602,-0.967046,0
9302,11.0333,0.19805,0.0363,18.0,0.16175,0.25038,-0.968148,0
9303,11.05,0.194317,0.0409,18.0,0.153417,0.246153,-0.969231,0
9304,11.0667,0.191733,0.0382,18.0,0.153533,0.241922,-0.970296,0
9305,11.0833,0.19355,0.0389,18.0,0.15465,0.237686,-0.971342,0
9306,11.1,0.192367,0.0364,18.0,0.155967,0.233445,-0.97237,0
9307,11.1167,0.199717,0.0393,18.0,0.160417,0.2292,-0.973379,0
9308,11.1333,0.1966,0.0373,18.0,0.1593,0.224951,-0.97437,0
9309,11.15,0.190683,0.0402,18.0,0.150483,0.220697,-0.975342,0
9310,11.1667,0.191283,0.0378,18.0,0.153483,0.21644,-0.976296,0
9311,11.1833,0.19565,0.0383,18.0,0.15735,0.212178,-0.977231,0
9312,11.2,0.196617,0.0388,18.0,0.157817,0.207912,-0.978148,0
9313,11.2167,0.195033,0.0382,18.0,0.156833,0.203642,-0.979045,0
9314,11.2333,0.1947,0.0394,18.0,0.1553,0.199368,-0.979925,0
9315,11.25,0.1964,0.0382,18.0,0.1582,0.19509,-0.980785,0
9316,11.2667,0.197667,0.0402,18.0,0.157467,0.190809,-0.981627,0
9317,11.2833,0.194233,0.0383,18.0,0.155933,0.186524,-0.98245,0
9318,11.3,0.199233,0.0375,18.0,0.161733,0.182236,-0.983255,0
9319,11.3167,0.193083,0.0374,18.0,0.155683,0.177944,-0.984041,0
9320,11.3333,0.19395,0.0377,18.0,0.15625,0.173648,-0.984808,0
9321,11.35,0.19835,0.0392,18.0,0.15915,0.16935,-0.985556,0
9322,11.3667,0.193183,0.0357,18.0,0.157483,0.165048,-0.986286,0
9323,11.3833,0.194283,0.0377,18.0,0.156583,0.160743,-0.986996,0
9324,11.4,0.20195,0.0374,18.0,0.16455,0.156434,-0.987688,0
9325,11.4167,0.196317,0.038,18.0,0.158317,0.152123,-0.988362,0
9326,11.4333,0.194883,0.0376,18.0,0.157283,0.147809,-0.989016,0
9327,11.45,0.194367,0.0337,18.0,0.160667,0.143493,-0.989651,0
9328,11.4667,0.200633,0.0349,18.0,0.165733,0.139173,-0.990268,0
9329,11.4833,0.201917,0.0341,18.0,0.167817,0.134851,-0.990866,0
9330,11.5,0.2004,0.0387,18.0,0.1617,0.130526,-0.991445,0
9331,11.5167,0.197267,0.0362,18.0,0.161067,0.126199,-0.992005,0
9332,11.5333,0.197067,0.0362,18.0,0.160867,0.121869,-0.992546,0
9333,11.55,0.19815,0.039,18.0,0.15915,0.117537,-0.993068,0
9334,11.5667,0.1962,0.0339,18.0,0.1623,0.113203,-0.993572,0
9335,11.5833,0.202267,0.037,18.0,0.165267,0.108867,-0.994056,0
9336,11.6,0.20525,0.036,18.0,0.16925,0.104528,-0.994522,0
9337,11.6167,0.195417,0.0374,18.0,0.158017,0.100188,-0.994969,0
9338,11.6333,0.19995,0.0364,18.0,0.16355,0.095846,-0.995396,0
9339,11.65,0.198683,0.0355,18.0,0.163183,0.091502,-0.995805,0
9340,11.6667,0.198633,0.0375,18.0,0.161133,0.087156,-0.996195,0
9341,11.6833,0.201517,0.0408,18.0,0.160717,0.082808,-0.996566,0
9342,11.7,0.202933,0.0374,18.0,0.165533,0.078459,-0.996917,0
9343,11.7167,0.197883,0.0374,18.0,0.160483,0.074108,-0.99725,0
9344,11.7333,0.199517,0.0361,18.0,0.163417,0.069756,-0.997564,0
9345,11.75,0.20205,0.0408,18.0,0.16125,0.065403,-0.997859,0
9346,11.7667,0.206533,0.0361,18.0,0.170433,0.061049,-0.998135,0
9347,11.7833,0.199933,0.0375,18.0,0.162433,0.056693,-0.998392,0
9348,11.8,0.195983,0.0375,18.0,0.158483,0.052336,-0.99863,0
9349,11.8167,0.199217,0.0368,18.0,0.162417,0.047978,-0.998848,0
9350,11.8333,0.199,0.0384,18.0,0.1606,0.043619,-0.999048,0
9351,11.85,0.198017,0.0394,18.0,0.158617,0.03926,-0.999229,0
9352,11.8667,0.198767,0.0393,18.0,0.159467,0.034899,-0.999391,0
9353,11.8833,0.197717,0.0375,18.0,0.160217,0.030539,-0.999534,0
9354,11.9,0.19795,0.0428,18.0,0.15515,0.026177,-0.999657,0
9355,11.9167,0.197567,0.0343,18.0,0.163267,0.021815,-0.999762,0
9356,11.9333,0.203117,0.0355,18.0,0.167617,0.017452,-0.999848,0
9357,11.95,0.197467,0.0359,18.0,0.161567,0.01309,-0.999914,0
9358,11.9667,0.202267,0.0398,18.0,0.162467,0.008727,-0.999962,0
9359,11.9833,0.199317,0.0422,18.0,0.157117,0.004363,-0.99999,0
9360,12.0,0.206117,0.036,18.0,0.170117,0.0,-1.0,0
9361,12.0167,0.199233,0.0397,18.0,0.159533,-0.004363,-0.99999,0
9362,12.0333,0.200033,0.0382,18.0,0.161833,-0.008727,-0.999962,0
9363,12.05,0.2008,0.0375,18.0,0.1633,-0.01309,-0.999914,0
9364,12.0667,0.194967,0.0401,18.0,0.154867,-0.017452,-0.999848,0
9365,12.0833,0.199133,0.0412,18.0,0.157933,-0.021815,-0.999762,0
9366,12.1,0.198367,0.0402,18.0,0.158167,-0.026177,-0.999657,0
9367,12.1167,0.19865,0.0394,18.0,0.15925,-0.030539,-0.999534,0
9368,12.1333,0.200083,0.038,18.0,0.162083,-0.034899,-0.999391,0
9369,12.15,0.194183,0.0372,18.0,0.156983,-0.03926,-0.999229,0
9370,12.1667,0.20075,0.0409,18.0,0.15985,-0.043619,-0.999048,0
9371,12.1833,0.200167,0.0387,18.0,0.161467,-0.047978,-0.998848,0
9372,12.2,0.2032,0.0314,18.0,0.1718,-0.052336,-0.99863,0
9373,12.2167,0.194967,0.0365,18.0,0.158467,-0.056693,-0.998392,0
9374,12.2333,0.1991,0.0361,18.0,0.163,-0.061049,-0.998135,0
9375,12.25,0.199783,0.0388,18.0,0.160983,-0.065403,-0.997859,0
9376,12.2667,0.198217,0.0356,18.0,0.162617,-0.069756,-0.997564,0
9377,12.2833,0.199117,0.0384,18.0,0.160717,-0.074108,-0.99725,0
9378,12.3,0.200917,0.0403,18.0,0.160617,-0.078459,-0.996917,0
9379,12.3167,0.200133,0.0391,18.0,0.161033,-0.082808,-0.996566,0
9380,12.3333,0.199933,0.0335,18.0,0.166433,-0.087156,-0.996195,0
9381,12.35,0.196917,0.0382,18.0,0.158717,-0.091502,-0.995805,0
9382,12.3667,0.194817,0.0363,18.0,0.158517,-0.095846,-0.995396,0
9383,12.3833,0.201033,0.04,18.0,0.161033,-0.100188,-0.994969,0
9384,12.4,0.1941,0.0393,18.0,0.1548,-0.104528,-0.994522,0
9385,12.4167,0.197667,0.0345,18.0,0.163167,-0.108867,-0.994056,0
9386,12.4333,0.2003,0.0362,18.0,0.1641,-0.113203,-0.993572,0
9387,12.45,0.200433,0.0367,18.0,0.163733,-0.117537,-0.993068,0
9388,12.4667,0.20415,0.0344,18.0,0.16975,-0.121869,-0.992546,0
9389,12.4833,0.194817,0.0345,18.0,0.160317,-0.126199,-0.992005,0
9390,12.5,0.197417,0.0402,18.0,0.157217,-0.130526,-0.991445,0
9391,12.5167,0.200317,0.0377,18.0,0.162617,-0.134851,-0.990866,0
9392,12.5333,0.199533,0.0364,18.0,0.163133,-0.139173,-0.990268,0
9393,12.55,0.19535,0.0384,18.0,0.15695,-0.143493,-0.989651,0
9394,12.5667,0.198167,0.0387,18.0,0.159467,-0.147809,-0.989016,0
9395,12.5833,0.200483,0.0361,18.0,0.164383,-0.152123,-0.988362,0
9396,12.6,0.195067,0.0369,18.0,0.158167,-0.156434,-0.987688,0
9397,12.6167,0.194467,0.0321,18.0,0.162367,-0.160743,-0.986996,0
9398,12.6333,0.19715,0.0359,18.0,0.16125,-0.165048,-0.986286,0
9399,12.65,0.196783,0.0348,18.0,0.161983,-0.16935,-0.985556,0
9400,12.6667,0.194717,0.037,18.0,0.157717,-0.173648,-0.984808,0
9401,12.6833,0.193233,0.0384,18.0,0.154833,-0.177944,-0.984041,0
9402,12.7,0.196817,0.0374,18.0,0.159417,-0.182236,-0.983255,0
9403,12.7167,0.199183,0.034,18.0,0.165183,-0.186524,-0.98245,0
9404,12.7333,0.1973,0.0387,18.0,0.1586,-0.190809,-0.981627,0
9405,12.75,0.19885,0.036,18.0,0.16285,-0.19509,-0.980785,0
9406,12.7667,0.192383,0.0365,18.0,0.155883,-0.199368,-0.979925,0
9407,12.7833,0.19885,0.0393,18.0,0.15955,-0.203642,-0.979045,0
9408,12.8,0.194367,0.0376,18.0,0.156767,-0.207912,-0.978148,0
9409,12.8167,0.19685,0.0367,18.0,0.16015,-0.212178,-0.977231,0
9410,12.8333,0.196183,0.0339,18.0,0.162283,-0.21644,-0.976296,0
9411,12.85,0.1942,0.0349,18.0,0.1593,-0.220697,-0.975342,0
9412,12.8667,0.1942,0.0384,18.0,0.1558,-0.224951,-0.97437,0
9413,12.8833,0.196117,0.0365,18.0,0.159617,-0.2292,-0.973379,0
9414,12.9,0.197033,0.0371,18.0,0.159933,-0.233445,-0.97237,0
9415,12.9167,0.19365,0.0362,18.0,0.15745,-0.237686,-0.971342,0
9416,12.9333,0.1886,0.0397,18.0,0.1489,-0.241922,-0.970296,0
9417,12.95,0.1892,0.0373,18.0,0.1519,-0.246153,-0.969231,0
9418,12.9667,0.1922,0.0374,18.0,0.1548,-0.25038,-0.968148,0
9419,12.9833,0.192333,0.0372,18.0,0.155133,-0.254602,-0.967046,0
9420,13.0,0.192133,0.0396,18.0,0.152533,-0.258819,-0.965926,0
9421,13.0167,0.189233,0.0356,18.0,0.153633,-0.263031,-0.964787,0
9422,13.0333,0.186317,0.0369,18.0,0.149417,-0.267238,-0.96363,0
9423,13.05,0.189117,0.0363,18.0,0.152817,-0.27144,-0.962455,0
9424,13.0667,0.192367,0.0384,18.0,0.153967,-0.275637,-0.961262,0
9425,13.0833,0.188067,0.035,18.0,0.153067,-0.279829,-0.96005,0
9426,13.1,0.191733,0.0371,18.0,0.154633,-0.284015,-0.95882,0
9427,13.1167,0.194033,0.0383,18.0,0.155733,-0.288196,-0.957571,0
9428,13.1333,0.194067,0.0382,18.0,0.155867,-0.292372,-0.956305,0
9429,13.15,0.19065,0.037,18.0,0.15365,-0.296542,-0.95502,0
9430,13.1667,0.1908,0.0391,18.0,0.1517,-0.300706,-0.953717,0
9431,13.1833,0.190833,0.0378,18.0,0.153033,-0.304864,-0.952396,0
9432,13.2,0.1883,0.0391,18.0,0.1492,-0.309017,-0.951057,0
9433,13.2167,0.190183,0.0408,18.0,0.149383,-0.313164,-0.949699,0
9434,13.2333,0.191683,0.0396,18.0,0.152083,-0.317305,-0.948324,0
9435,13.25,0.193767,0.0342,18.0,0.159567,-0.321439,-0.94693,0
9436,13.2667,0.189717,0.0374,18.0,0.152317,-0.325568,-0.945519,0
9437,13.2833,0.18915,0.0352,18.0,0.15395,-0.329691,-0.944089,0
9438,13.3,0.190283,0.035,18.0,0.155283,-0.333807,-0.942641,0
9439,13.3167,0.19395,0.034,18.0,0.15995,-0.337917,-0.941176,0
9440,13.3333,0.18795,0.0384,18.0,0.14955,-0.34202,-0.939693,0
9441,13.35,0.188667,0.0376,18.0,0.151067,-0.346117,-0.938191,0
9442,13.3667,0.191333,0.0386,18.0,0.152733,-0.350207,-0.936672,0
9443,13.3833,0.18715,0.0381,18.0,0.14905,-0.354291,-0.935135,0
9444,13.4,0.18475,0.0363,18.0,0.14845,-0.358368,-0.93358,0
9445,13.4167,0.1878,0.0344,18.0,0.1534,-0.362438,-0.932008,0
9446,13.4333,0.190167,0.0384,18.0,0.151767,-0.366501,-0.930418,0
9447,13.45,0.1877,0.0371,18.0,0.1506,-0.370557,-0.92881,0
9448,13.4667,0.1885,0.0372,18.0,0.1513,-0.374607,-0.927184,0
9449,13.4833,0.179467,0.04,18.0,0.139467,-0.378649,-0.925541,0
9450,13.5,0.18385,0.0427,18.0,0.14115,-0.382683,-0.92388,0
9451,13.5167,0.1842,0.0385,18.0,0.1457,-0.386711,-0.922201,0
9452,13.5333,0.182883,0.0385,18.0,0.144383,-0.390731,-0.920505,0
9453,13.55,0.184733,0.0375,18.0,0.147233,-0.394744,-0.918791,0
9454,13.5667,0.183367,0.0368,18.0,0.146567,-0.398749,-0.91706,0
9455,13.5833,0.183317,0.0339,18.0,0.149417,-0.402747,-0.915311,0
9456,13.6,0.1854,0.0382,18.0,0.1472,-0.406737,-0.913545,0
9457,13.6167,0.181483,0.0375,18.0,0.143983,-0.410719,-0.911762,0
9458,13.6333,0.179717,0.037,18.0,0.142717,-0.414693,-0.909961,0
9459,13.65,0.181633,0.0373,18.0,0.144333,-0.41866,-0.908143,0
9460,13.6667,0.183683,0.0357,18.0,0.147983,-0.422618,-0.906308,0
9461,13.6833,0.179933,0.0364,18.0,0.143533,-0.426569,-0.904455,0
9462,13.7,0.187,0.0373,18.0,0.1497,-0.430511,-0.902585,0
9463,13.7167,0.18165,0.0399,18.0,0.14175,-0.434445,-0.900698,0
9464,13.7333,0.17755,0.0359,18.0,0.14165,-0.438371,-0.898794,0
9465,13.75,0.174133,0.0359,18.0,0.138233,-0.442289,-0.896873,0
9466,13.7667,0.173317,0.0349,18.0,0.138417,-0.446198,-0.894934,0
9467,13.7833,0.1812,0.0382,18.0,0.143,-0.450098,-0.892979,0
9468,13.8,0.184917,0.0396,18.0,0.145317,-0.45399,-0.891007,0
9469,13.8167,0.17635,0.0411,18.0,0.13525,-0.457874,-0.889017,0
9470,13.8333,0.176933,0.038,18.0,0.138933,-0.461749,-0.887011,0
9471,13.85,0.175083,0.0362,18.0,0.138883,-0.465615,-0.884988,0
9472,13.8667,0.179767,0.037,18.0,0.142767,-0.469472,-0.882948,0
9473,13.8833,0.177017,0.0359,18.0,0.141117,-0.47332,-0.880891,0
9474,13.9,0.172333,0.0353,18.0,0.137033,-0.477159,-0.878817,0
9475,13.9167,0.181067,0.0374,18.0,0.143667,-0.480989,-0.876727,0
9476,13.9333,0.177933,0.0347,18.0,0.143233,-0.48481,-0.87462,0
9477,13.95,0.171617,0.0378,18.0,0.133817,-0.488621,-0.872496,0
9478,13.9667,0.175233,0.0403,18.0,0.134933,-0.492424,-0.870356,0
9479,13.9833,0.176233,0.037,18.0,0.139233,-0.496217,-0.868199,0
9480,14.0,0.173367,0.0409,18.0,0.132467,-0.5,-0.866025,0
9481,14.0167,0.17545,0.0408,18.0,0.13465,-0.503774,-0.863836,0
9482,14.0333,0.177533,0.0385,18.0,0.139033,-0.507538,-0.861629,0
9483,14.05,0.1733,0.0345,18.0,0.1388,-0.511293,-0.859406,0
9484,14.0667,0.1732,0.0341,18.0,0.1391,-0.515038,-0.857167,0
9485,14.0833,0.168217,0.0382,18.0,0.130017,-0.518773,-0.854912,0
9486,14.1,0.1718,0.0378,18.0,0.134,-0.522499,-0.85264,0
9487,14.1167,0.170717,0.0364,18.0,0.134317,-0.526214,-0.850352,0
9488,14.1333,0.167367,0.0397,18.0,0.127667,-0.529919,-0.848048,0
9489,14.15,0.168783,0.0343,18.0,0.134483,-0.533615,-0.845728,0
9490,14.1667,0.16965,0.0386,18.0,0.13105,-0.5373,-0.843391,0
9491,14.1833,0.168467,0.0394,18.0,0.129067,-0.540974,-0.841039,0
9492,14.2,0.1683,0.0343,18.0,0.134,-0.544639,-0.838671,0
9493,14.2167,0.167933,0.0387,18.0,0.129233,-0.548293,-0.836286,0
9494,14.2333,0.164733,0.0383,18.0,0.126433,-0.551937,-0.833886,0
9495,14.25,0.16315,0.0388,18.0,0.12435,-0.55557,-0.83147,0
9496,14.2667,0.163667,0.0347,18.0,0.128967,-0.559193,-0.829038,0
9497,14.2833,0.167517,0.038,18.0,0.129517,-0.562805,-0.82659,0
9498,14.3,0.163333,0.0409,18.0,0.122433,-0.566406,-0.824126,0
9499,14.3167,0.1653,0.038,18.0,0.1273,-0.569997,-0.821647,0
9500,14.3333,0.162317,0.0409,18.0,0.121417,-0.573576,-0.819152,0
9501,14.35,0.162667,0.0393,18.0,0.123367,-0.577145,-0.816642,0
9502,14.3667,0.164917,0.0383,18.0,0.126617,-0.580703,-0.814116,0
9503,14.3833,0.163667,0.0366,18.0,0.127067,-0.58425,-0.811574,0
9504,14.4,0.1625,0.0353,18.0,0.1272,-0.587785,-0.809017,0
9505,14.4167,0.1641,0.0378,18.0,0.1263,-0.59131,-0.806445,0
9506,14.4333,0.161067,0.0379,18.0,0.123167,-0.594823,-0.803857,0
9507,14.45,0.16155,0.0342,18.0,0.12735,-0.598325,-0.801254,0
9508,14.4667,0.158567,0.0432,18.0,0.115367,-0.601815,-0.798636,0
9509,14.4833,0.158367,0.0353,18.0,0.123067,-0.605294,-0.796002,0
9510,14.5,0.15635,0.0376,18.0,0.11875,-0.608761,-0.793353,0
9511,14.5167,0.157733,0.0358,18.0,0.121933,-0.612217,-0.79069,0
9512,14.5333,0.1568,0.038,18.0,0.1188,-0.615661,-0.788011,0
9513,14.55,0.164467,0.037,18.0,0.127467,-0.619094,-0.785317,0
9514,14.5667,0.1567,0.0343,18.0,0.1224,-0.622515,-0.782608,0
9515,14.5833,0.157167,0.0374,18.0,0.119767,-0.625923,-0.779884,0
9516,14.6,0.154567,0.0353,18.0,0.119267,-0.62932,-0.777146,0
9517,14.6167,0.1584,0.0378,18.0,0.1206,-0.632705,-0.774393,0
9518,14.6333,0.1554,0.0357,18.0,0.1197,-0.636078,-0.771625,0
9519,14.65,0.15365,0.037,18.0,0.11665,-0.639439,-0.768842,0
9520,14.6667,0.15155,0.0392,18.0,0.11235,-0.642788,-0.766044,0
9521,14.6833,0.150633,0.0354,18.0,0.115233,-0.646124,-0.763232,0
9522,14.7,0.1523,0.0384,18.0,0.1139,-0.649448,-0.760406,0
9523,14.7167,0.149067,0.0387,18.0,0.110367,-0.65276,-0.757565,0
9524,14.7333,0.150033,0.0374,18.0,0.112633,-0.656059,-0.75471,0
9525,14.75,0.148133,0.0367,18.0,0.111433,-0.659346,-0.75184,0
9526,14.7667,0.1525,0.0427,18.0,0.1098,-0.66262,-0.748956,0
9527,14.7833,0.14715,0.0357,18.0,0.11145,-0.665882,-0.746057,0
9528,14.8,0.15165,0.0395,18.0,0.11215,-0.669131,-0.743145,0
9529,14.8167,0.147867,0.0387,18.0,0.109167,-0.672367,-0.740218,0
9530,14.8333,0.143967,0.0385,18.0,0.105467,-0.67559,-0.737277,0
9531,14.85,0.152833,0.0374,18.0,0.115433,-0.678801,-0.734323,0
9532,14.8667,0.148167,0.036,18.0,0.112167,-0.681998,-0.731354,0
9533,14.8833,0.145167,0.0397,18.0,0.105467,-0.685183,-0.728371,0
9534,14.9,0.143533,0.0366,18.0,0.106933,-0.688355,-0.725374,0
9535,14.9167,0.145683,0.0372,18.0,0.108483,-0.691513,-0.722364,0
9536,14.9333,0.143283,0.0387,18.0,0.104583,-0.694658,-0.71934,0
9537,14.95,0.1405,0.0392,18.0,0.1013,-0.69779,-0.716302,0
9538,14.9667,0.146383,0.0372,18.0,0.109183,-0.700909,-0.71325,0
9539,14.9833,0.142783,0.0381,18.0,0.104683,-0.704015,-0.710185,0
9540,15.0,0.144583,0.0371,18.0,0.107483,-0.707107,-0.707107,0
9541,15.0167,0.1411,0.0356,18.0,0.1055,-0.710185,-0.704015,0
9542,15.0333,0.1407,0.0398,18.0,0.1009,-0.71325,-0.700909,0
9543,15.05,0.1421,0.0373,18.0,0.1048,-0.716302,-0.69779,0
9544,15.0667,0.1378,0.0367,18.0,0.1011,-0.71934,-0.694658,0
9545,15.0833,0.135,0.0357,18.0,0.0993,-0.722364,-0.691513,0
9546,15.1,0.138767,0.0379,18.0,0.100867,-0.725374,-0.688355,0
9547,15.1167,0.137533,0.0375,18.0,0.100033,-0.728371,-0.685183,0
9548,15.1333,0.137517,0.0382,18.0,0.099317,-0.731354,-0.681998,0
9549,15.15,0.139167,0.0371,18.0,0.102067,-0.734323,-0.678801,0
9550,15.1667,0.135467,0.0423,18.0,0.093167,-0.737277,-0.67559,0
9551,15.1833,0.13765,0.0428,18.0,0.09485,-0.740218,-0.672367,0
9552,15.2,0.131817,0.0355,18.0,0.096317,-0.743145,-0.669131,0
9553,15.2167,0.129833,0.0333,18.0,0.096533,-0.746057,-0.665882,0
9554,15.2333,0.134533,0.0357,18.0,0.098833,-0.748956,-0.66262,0
9555,15.25,0.136667,0.0334,18.0,0.103267,-0.75184,-0.659346,0
9556,15.2667,0.135083,0.0406,18.0,0.094483,-0.75471,-0.656059,0
9557,15.2833,0.132433,0.037,18.0,0.095433,-0.757565,-0.65276,0
9558,15.3,0.129133,0.0391,18.0,0.090033,-0.760406,-0.649448,0
9559,15.3167,0.127083,0.0387,18.0,0.088383,-0.763232,-0.646124,0
9560,15.3333,0.130317,0.0383,18.0,0.092017,-0.766044,-0.642788,0
9561,15.35,0.126967,0.0366,18.0,0.090367,-0.768842,-0.639439,0
9562,15.3667,0.131067,0.0399,18.0,0.091167,-0.771625,-0.636078,0
9563,15.3833,0.12275,0.0391,18.0,0.08365,-0.774393,-0.632705,0
9564,15.4,0.125167,0.035,18.0,0.090167,-0.777146,-0.62932,0
9565,15.4167,0.124633,0.0368,18.0,0.087833,-0.779884,-0.625923,0
9566,15.4333,0.120133,0.0344,18.0,0.085733,-0.782608,-0.622515,0
9567,15.45,0.12415,0.0388,18.0,0.08535,-0.785317,-0.619094,0
9568,15.4667,0.12585,0.0372,18.0,0.08865,-0.788011,-0.615661,0
9569,15.4833,0.117633,0.0412,18.0,0.076433,-0.79069,-0.612217,0
9570,15.5,0.12115,0.0405,18.0,0.08065,-0.793353,-0.608761,0
9571,15.5167,0.1237,0.0367,18.0,0.087,-0.796002,-0.605294,0
9572,15.5333,0.12375,0.0368,18.0,0.08695,-0.798636,-0.601815,0
9573,15.55,0.124967,0.0991,18.0,0.025867,-0.801254,-0.598325,0
9574,15.5667,0.1187,0.0996,18.0,0.0191,-0.803857,-0.594823,0
9575,15.5833,0.1178,0.0986,18.0,0.0192,-0.806445,-0.59131,0
9576,15.6,0.119583,0.0974,18.0,0.022183,-0.809017,-0.587785,0
9577,15.6167,0.113633,0.0959,18.0,0.017733,-0.811574,-0.58425,0
9578,15.6333,0.112633,0.0965,18.0,0.016133,-0.814116,-0.580703,0
9579,15.65,0.1208,0.0989,18.0,0.0219,-0.816642,-0.577145,0
9580,15.6667,0.11385,0.1004,18.0,0.01345,-0.819152,-0.573576,0
9581,15.6833,0.114917,0.0976,18.0,0.017317,-0.821647,-0.569997,0
9582,15.7,0.1143,0.0969,18.0,0.0174,-0.824126,-0.566406,0
9583,15.7167,0.110567,0.0945,18.0,0.016067,-0.82659,-0.562805,0
9584,15.7333,0.1152,0.0998,18.0,0.0154,-0.829038,-0.559193,0
9585,15.75,0.11385,0.1016,18.0,0.01225,-0.83147,-0.55557,0
9586,15.7667,0.110033,0.0999,18.0,0.010133,-0.833886,-0.551937,0
9587,15.7833,0.10665,0.1012,18.0,0.00545,-0.836286,-0.548293,0
9588,15.8,0.102733,0.0962,18.0,0.006533,-0.838671,-0.544639,0
9589,15.8167,0.101117,0.0985,18.0,0.002617,-0.841039,-0.540974,0
9590,15.8333,0.104483,0.0975,18.0,0.006983,-0.843391,-0.5373,0
9591,15.85,0.105167,0.0992,18.0,0.005967,-0.845728,-0.533615,0
9592,15.8667,0.102,0.0958,18.0,0.0062,-0.848048,-0.529919,0
9593,15.8833,0.10695,0.0972,18.0,0.00975,-0.850352,-0.526214,0
9594,15.9,0.10305,0.0976,18.0,0.00545,-0.85264,-0.522499,0
9595,15.9167,0.1058,0.0986,18.0,0.0072,-0.854912,-0.518773,0
9596,15.9333,0.102833,0.0985,18.0,0.004333,-0.857167,-0.515038,0
9597,15.95,0.101817,0.1007,18.0,0.001117,-0.859406,-0.511293,0
9598,15.9667,0.10065,0.0977,18.0,0.00295,-0.861629,-0.507538,0
9599,15.9833,0.101017,0.1021,17.9989,-0.001083,-0.863836,-0.503774,0
9600,16.0,0.098567,0.094,18.0,0.004567,-0.866025,-0.5,0
9601,16.0167,0.097517,0.0971,18.0,0.000417,-0.868199,-0.496217,0
9602,16.0333,0.093683,0.0967,17.997,-0.003017,-0.870356,-0.492424,0
9603,16.05,0.09605,0.1004,17.9927,-0.00435,-0.872496,-0.488621,0
9604,16.0667,0.09785,0.0961,17.9945,0.00175,-0.87462,-0.48481,0
9605,16.0833,0.092517,0.0993,17.9877,-0.006783,-0.876727,-0.480989,0
9606,16.1,0.096967,0.098,17.9867,-0.001033,-0.878817,-0.477159,0
9607,16.1167,0.092433,0.0986,17.9805,-0.006167,-0.880891,-0.47332,0
9608,16.1333,0.09575,0.1032,17.973,-0.00745,-0.882948,-0.469472,0
9609,16.15,0.091767,0.0962,17.9686,-0.004433,-0.884988,-0.465615,0
9610,16.1667,0.0951,0.0992,17.9645,-0.0041,-0.887011,-0.461749,0
9611,16.1833,0.09575,0.0956,17.9646,0.00015,-0.889017,-0.457874,0
9612,16.2,0.09245,0.0946,17.9625,-0.00215,-0.891007,-0.45399,0
9613,16.2167,0.08715,0.0947,17.955,-0.00755,-0.892979,-0.450098,0
9614,16.2333,0.0856,0.0987,17.9419,-0.0131,-0.894934,-0.446198,0
9615,16.25,0.091283,0.0985,17.9347,-0.007217,-0.896873,-0.442289,0
9616,16.2667,0.089333,0.1014,17.9226,-0.012067,-0.898794,-0.438371,0
9617,16.2833,0.083983,0.1013,17.9053,-0.017317,-0.900698,-0.434445,0
9618,16.3,0.085717,0.099,17.892,-0.013283,-0.902585,-0.430511,0
9619,16.3167,0.082333,0.0977,17.8766,-0.015367,-0.904455,-0.426569,0
9620,16.3333,0.081967,0.099,17.8596,-0.017033,-0.906308,-0.422618,0
9621,16.35,0.084683,0.0968,17.8475,-0.012117,-0.908143,-0.41866,0
9622,16.3667,0.0867,0.0948,17.8394,-0.0081,-0.909961,-0.414693,0
9623,16.3833,0.07845,0.0989,17.819,-0.02045,-0.911762,-0.410719,0
9624,16.4,0.0842,0.0976,17.8056,-0.0134,-0.913545,-0.406737,0
9625,16.4167,0.079267,0.1041,17.7808,-0.024833,-0.915311,-0.402747,0
9626,16.4333,0.075917,0.1003,17.7564,-0.024383,-0.91706,-0.398749,0
9627,16.45,0.080333,0.095,17.7417,-0.014667,-0.918791,-0.394744,0
9628,16.4667,0.0782,0.098,17.7219,-0.0198,-0.920505,-0.390731,0
9629,16.4833,0.080933,0.0983,17.7045,-0.017367,-0.922201,-0.386711,0
9630,16.5,0.079417,0.0957,17.6882,-0.016283,-0.92388,-0.382683,0
9631,16.5167,0.07435,0.0977,17.6648,-0.02335,-0.925541,-0.378649,0
9632,16.5333,0.071083,0.0962,17.6397,-0.025117,-0.927184,-0.374607,0
9633,16.55,0.075917,0.1014,17.6142,-0.025483,-0.92881,-0.370557,0
9634,16.5667,0.071167,0.0984,17.587,-0.027233,-0.930418,-0.366501,0
9635,16.5833,0.067983,0.0996,17.5554,-0.031617,-0.932008,-0.362438,0
9636,16.6,0.0693,0.0975,17.5272,-0.0282,-0.93358,-0.358368,0
9637,16.6167,0.0673,0.1004,17.4941,-0.0331,-0.935135,-0.354291,0
9638,16.6333,0.074167,0.0989,17.4694,-0.024733,-0.936672,-0.350207,0
9639,16.65,0.0716,0.0972,17.4438,-0.0256,-0.938191,-0.346117,0
9640,16.6667,0.0674,0.1009,17.4103,-0.0335,-0.939693,-0.34202,0
9641,16.6833,0.063,0.0986,17.3747,-0.0356,-0.941176,-0.337917,0
9642,16.7,0.07305,0.1049,17.3428,-0.03185,-0.942641,-0.333807,0
9643,16.7167,0.06645,0.0949,17.3144,-0.02845,-0.944089,-0.329691,0
9644,16.7333,0.062233,0.0971,17.2795,-0.034867,-0.945519,-0.325568,0
9645,16.75,0.060867,0.0986,17.2418,-0.037733,-0.94693,-0.321439,0
9646,16.7667,0.063,0.0981,17.2067,-0.0351,-0.948324,-0.317305,0
9647,16.7833,0.0614,0.0996,17.1685,-0.0382,-0.949699,-0.313164,0
9648,16.8,0.062617,0.1007,17.1304,-0.038083,-0.951057,-0.309017,0
9649,16.8167,0.063733,0.0964,17.0977,-0.032667,-0.952396,-0.304864,0
9650,16.8333,0.0601,0.0971,17.0607,-0.037,-0.953717,-0.300706,0
9651,16.85,0.0628,0.096,17.0275,-0.0332,-0.95502,-0.296542,0
9652,16.8667,0.060067,0.098,16.9896,-0.037933,-0.956305,-0.292372,0
9653,16.8833,0.055733,0.0976,16.9477,-0.041867,-0.957571,-0.288196,0
9654,16.9,0.05415,0.0988,16.9031,-0.04465,-0.95882,-0.284015,0
9655,16.9167,0.055767,0.0373,16.9216,0.018467,-0.96005,-0.279829,0
9656,16.9333,0.054867,0.0396,16.9369,0.015267,-0.961262,-0.275637,0
9657,16.95,0.05465,0.0342,16.9574,0.02045,-0.962455,-0.27144,0
9658,16.9667,0.055183,0.0376,16.975,0.017583,-0.96363,-0.267238,0
9659,16.9833,0.054,0.0379,16.9911,0.0161,-0.964787,-0.263031,0
9660,17.0,0.048633,0.0356,17.0041,0.013033,-0.965926,-0.258819,0
9661,17.0167,0.05285,0.0368,17.0202,0.01605,-0.967046,-0.254602,0
9662,17.0333,0.04905,0.0313,17.0379,0.01775,-0.968148,-0.25038,0
9663,17.05,0.046633,0.0374,17.0471,0.009233,-0.969231,-0.246153,0
9664,17.0667,0.049317,0.0354,17.061,0.013917,-0.970296,-0.241922,0
9665,17.0833,0.04445,0.0376,17.0678,0.00685,-0.971342,-0.237686,0
9666,17.1,0.04505,0.0382,17.0746,0.00685,-0.97237,-0.233445,0
9667,17.1167,0.046483,0.0367,17.0844,0.009783,-0.973379,-0.2292,0
9668,17.1333,0.047183,0.0359,17.0957,0.011283,-0.97437,-0.224951,0
9669,17.15,0.044933,0.0375,17.1031,0.007433,-0.975342,-0.220697,0
9670,17.1667,0.040233,0.0356,17.1077,0.004633,-0.976296,-0.21644,0
9671,17.1833,0.041467,0.0363,17.1129,0.005167,-0.977231,-0.212178,0
9672,17.2,0.04085,0.0375,17.1162,0.00335,-0.978148,-0.207912,0
9673,17.2167,0.042033,0.0368,17.1214,0.005233,-0.979045,-0.203642,0
9674,17.2333,0.0361,0.0377,17.1198,-0.0016,-0.979925,-0.199368,0
9675,17.25,0.037767,0.0379,17.1197,-0.000133,-0.980785,-0.19509,0
9676,17.2667,0.038567,0.0365,17.1218,0.002067,-0.981627,-0.190809,0
9677,17.2833,0.042,0.0365,17.1273,0.0055,-0.98245,-0.186524,0
9678,17.3,0.035617,0.0364,17.1265,-0.000783,-0.983255,-0.182236,0
9679,17.3167,0.03665,0.0352,17.128,0.00145,-0.984041,-0.177944,0
9680,17.3333,0.0352,0.0412,17.122,-0.006,-0.984808,-0.173648,0
9681,17.35,0.0356,0.0355,17.1221,0.0001,-0.985556,-0.16935,0
9682,17.3667,0.0317,0.0345,17.1193,-0.0028,-0.986286,-0.165048,0
9683,17.3833,0.033683,0.038,17.115,-0.004317,-0.986996,-0.160743,0
9684,17.4,0.032867,0.0359,17.112,-0.003033,-0.987688,-0.156434,0
9685,17.4167,0.033183,0.0401,17.1051,-0.006917,-0.988362,-0.152123,0
9686,17.4333,0.025917,0.0366,17.0944,-0.010683,-0.989016,-0.147809,0
9687,17.45,0.030867,0.0365,17.0888,-0.005633,-0.989651,-0.143493,0
9688,17.4667,0.0295,0.037,17.0813,-0.0075,-0.990268,-0.139173,0
9689,17.4833,0.023083,0.0397,17.0647,-0.016617,-0.990866,-0.134851,0
9690,17.5,0.0235,0.0366,17.0516,-0.0131,-0.991445,-0.130526,0
9691,17.5167,0.026883,0.0392,17.0393,-0.012317,-0.992005,-0.126199,0
9692,17.5333,0.026183,0.0362,17.0293,-0.010017,-0.992546,-0.121869,0
9693,17.55,0.021417,0.0364,17.0143,-0.014983,-0.993068,-0.117537,0
9694,17.5667,0.018883,0.0367,16.9965,-0.017817,-0.993572,-0.113203,0
9695,17.5833,0.020717,0.0369,16.9803,-0.016183,-0.994056,-0.108867,0
9696,17.6,0.018017,0.0368,16.9615,-0.018783,-0.994522,-0.104528,0
9697,17.6167,0.02075,0.037,16.9453,-0.01625,-0.994969,-0.100188,0
9698,17.6333,0.02145,0.0398,16.927,-0.01835,-0.995396,-0.095846,0
9699,17.65,0.017917,0.0365,16.9084,-0.018583,-0.995805,-0.091502,0
9700,17.6667,0.022633,0.0382,16.8928,-0.015567,-0.996195,-0.087156,0
9701,17.6833,0.01585,0.0387,16.87,-0.02285,-0.996566,-0.082808,0
9702,17.7,0.0141,0.0421,16.842,-0.028,-0.996917,-0.078459,0
9703,17.7167,0.017233,0.0381,16.8211,-0.020867,-0.99725,-0.074108,0
9704,17.7333,0.01785,0.0381,16.8009,-0.02025,-0.997564,-0.069756,0
9705,17.75,0.0146,0.0377,16.7778,-0.0231,-0.997859,-0.065403,0
9706,17.7667,0.013633,0.0352,16.7562,-0.021567,-0.998135,-0.061049,0
9707,17.7833,0.012567,0.0356,16.7332,-0.023033,-0.998392,-0.056693,0
9708,17.8,0.009783,0.037,16.706,-0.027217,-0.99863,-0.052336,0
9709,17.8167,0.005283,0.038,16.6733,-0.032717,-0.998848,-0.047978,0
9710,17.8333,0.010267,0.0377,16.6459,-0.027433,-0.999048,-0.043619,0
9711,17.85,0.008283,0.0384,16.6158,-0.030117,-0.999229,-0.03926,0
9712,17.8667,0.0096,0.0381,16.5873,-0.0285,-0.999391,-0.034899,0
9713,17.8833,0.010483,0.0342,16.5636,-0.023717,-0.999534,-0.030539,0
9714,17.9,0.003267,0.036,16.5309,-0.032733,-0.999657,-0.026177,0
9715,17.9167,0.004267,0.039,16.4962,-0.034733,-0.999762,-0.021815,0
9716,17.9333,0.002383,0.041,16.4576,-0.038617,-0.999848,-0.017452,0
9717,17.95,0.0,0.0368,16.4208,-0.0368,-0.999914,-0.01309,0
9718,17.9667,0.0032,0.0407,16.3833,-0.0375,-0.999962,-0.008727,0
9719,17.9833,0.004983,0.0422,16.3461,-0.037217,-0.99999,-0.004363,0
9720,18.0,0.000367,0.0859,16.2606,-0.085533,-1.0,-0.0,0
9721,18.0167,0.0,0.0852,16.1754,-0.0852,-0.99999,0.004363,0
9722,18.0333,0.0,0.0844,16.091,-0.0844,-0.999962,0.008727,0
9723,18.05,0.0,0.0872,16.0038,-0.0872,-0.999914,0.01309,0
9724,18.0667,0.0,0.0831,15.9207,-0.0831,-0.999848,0.017452,0
9725,18.0833,0.0,0.0849,15.8358,-0.0849,-0.999762,0.021815,0
9726,18.1,0.0,0.0855,15.7503,-0.0855,-0.999657,0.026177,0
9727,18.1167,0.0,0.0846,15.6657,-0.0846,-0.999534,0.030539,0
9728,18.1333,0.0,0.0832,15.5825,-0.0832,-0.999391,0.034899,0
9729,18.15,0.0,0.0856,15.4969,-0.0856,-0.999229,0.03926,0
9730,18.1667,0.0,0.0861,15.4108,-0.0861,-0.999048,0.043619,0
9731,18.1833,0.0,0.0858,15.325,-0.0858,-0.998848,0.047978,0
9732,18.2,0.0,0.0885,15.2365,-0.0885,-0.99863,0.052336,0
9733,18.2167,0.0,0.0862,15.1503,-0.0862,-0.998392,0.056693,0
9734,18.2333,0.0,0.0852,15.0651,-0.0852,-0.998135,0.061049,0
9735,18.25,0.0,0.1622,14.9029,-0.1622,-0.997859,0.065403,0
9736,18.2667,0.0,0.1651,14.7378,-0.1651,-0.997564,0.069756,0
9737,18.2833,0.0,0.168,14.5698,-0.168,-0.99725,0.074108,0
9738,18.3,0.0,0.1665,14.4033,-0.1665,-0.996917,0.078459,0
9739,18.3167,0.0,0.1662,14.2371,-0.1662,-0.996566,0.082808,0
9740,18.3333,0.0,0.1645,14.0726,-0.1645,-0.996195,0.087156,0
9741,18.35,0.0,0.1626,13.91,-0.1626,-0.995805,0.091502,0
9742,18.3667,0.0,0.1671,13.7429,-0.1671,-0.995396,0.095846,0
9743,18.3833,0.0,0.1643,13.5786,-0.1643,-0.994969,0.100188,0
9744,18.4,0.0,0.1636,13.415,-0.1636,-0.994522,0.104528,0
9745,18.4167,0.0,0.1654,13.2496,-0.1654,-0.994056,0.108867,0
9746,18.4333,0.0,0.1651,13.0845,-0.1651,-0.993572,0.113203,0
9747,18.45,0.0,0.1658,12.9187,-0.1658,-0.993068,0.117537,0
9748,18.4667,0.0,0.1695,12.7492,-0.1695,-0.992546,0.121869,0
9749,18.4833,0.0,0.1632,12.586,-0.1632,-0.992005,0.126199,0
9750,18.5,0.0,0.1652,12.4208,-0.1652,-0.991445,0.130526,0
9751,18.5167,0.0,0.1618,12.259,-0.1618,-0.990866,0.134851,0
9752,18.5333,0.0,0.1647,12.0943,-0.1647,-0.990268,0.139173,0
9753,18.55,0.0,0.1647,11.9296,-0.1647,-0.989651,0.143493,0
9754,18.5667,0.0,0.1639,11.7657,-0.1639,-0.989016,0.147809,0
9755,18.5833,0.0,0.1665,11.5992,-0.1665,-0.988362,0.152123,0
9756,18.6,0.0,0.164,11.4352,-0.164,-0.987688,0.156434,0
9757,18.6167,0.0,0.1638,11.2714,-0.1638,-0.986996,0.160743,0
9758,18.6333,0.0,0.1666,11.1048,-0.1666,-0.986286,0.165048,0
9759,18.65,0.0,0.1606,10.9442,-0.1606,-0.985556,0.16935,0
9760,18.6667,0.0,0.0827,10.8615,-0.0827,-0.984808,0.173648,0
9761,18.6833,0.0,0.0878,10.7737,-0.0878,-0.984041,0.177944,0
9762,18.7,0.0,0.0866,10.6871,-0.0866,-0.983255,0.182236,0
9763,18.7167,0.0,0.0839,10.6032,-0.0839,-0.98245,0.186524,0
9764,18.7333,0.0,0.0837,10.5195,-0.0837,-0.981627,0.190809,0
9765,18.75,0.0,0.086,10.4335,-0.086,-0.980785,0.19509,0
9766,18.7667,0.0,0.0888,10.3447,-0.0888,-0.979925,0.199368,0
9767,18.7833,0.0,0.0849,10.2598,-0.0849,-0.979045,0.203642,0
9768,18.8,0.0,0.0869,10.1729,-0.0869,-0.978148,0.207912,0
9769,18.8167,0.0,0.0837,10.0892,-0.0837,-0.977231,0.212178,0
9770,18.8333,0.0,0.0846,10.0046,-0.0846,-0.976296,0.21644,0
9771,18.85,0.0,0.0856,9.919,-0.0856,-0.975342,0.220697,0
9772,18.8667,0.0,0.0835,9.8355,-0.0835,-0.97437,0.224951,0
9773,18.8833,0.0,0.0828,9.7527,-0.0828,-0.973379,0.2292,0
9774,18.9,0.0,0.0856,9.6671,-0.0856,-0.97237,0.233445,0
9775,18.9167,0.0,0.0861,9.581,-0.0861,-0.971342,0.237686,0
9776,18.9333,0.0,0.0854,9.4956,-0.0854,-0.970296,0.241922,0
9777,18.95,0.0,0.0829,9.4127,-0.0829,-0.969231,0.246153,0
9778,18.9667,0.0,0.0821,9.3306,-0.0821,-0.968148,0.25038,0
9779,18.9833,0.0,0.0839,9.2467,-0.0839,-0.967046,0.254602,0
9780,19.0,0.0,0.0859,9.1608,-0.0859,-0.965926,0.258819,0
9781,19.0167,0.0,0.0863,9.0745,-0.0863,-0.964787,0.263031,0
9782,19.0333,0.0,0.0865,8.988,-0.0865,-0.96363,0.267238,0
9783,19.05,0.0,0.0866,8.9014,-0.0866,-0.962455,0.27144,0
9784,19.0667,0.0,0.0819,8.8195,-0.0819,-0.961262,0.275637,0
9785,19.0833,0.0,0.0862,8.7333,-0.0862,-0.96005,0.279829,0
9786,19.1,0.0,0.0829,8.6504,-0.0829,-0.95882,0.284015,0
9787,19.1167,0.0,0.0843,8.5661,-0.0843,-0.957571,0.288196,0
9788,19.1333,0.0,0.087,8.4791,-0.087,-0.956305,0.292372,0
9789,19.15,0.0,0.0851,8.394,-0.0851,-0.95502,0.296542,0
9790,19.1667,0.0,0.0856,8.3084,-0.0856,-0.953717,0.300706,0
9791,19.1833,0.0,0.0836,8.2248,-0.0836,-0.952396,0.304864,0
9792,19.2,0.0,0.0844,8.1404,-0.0844,-0.951057,0.309017,0
9793,19.2167,0.0,0.0832,8.0572,-0.0832,-0.949699,0.313164,0
9794,19.2333,0.0,0.0857,7.9715,-0.0857,-0.948324,0.317305,0
9795,19.25,0.0,0.0852,7.8863,-0.0852,-0.94693,0.321439,0
9796,19.2667,0.0,0.0841,7.8022,-0.0841,-0.945519,0.325568,0
9797,19.2833,0.0,0.0824,7.7198,-0.0824,-0.944089,0.329691,0
9798,19.3,0.0,0.0805,7.6393,-0.0805,-0.942641,0.333807,0
9799,19.3167,0.0,0.0853,7.554,-0.0853,-0.941176,0.337917,0
9800,19.3333,0.0,0.0832,7.4708,-0.0832,-0.939693,0.34202,0
9801,19.35,0.0,0.0843,7.3865,-0.0843,-0.938191,0.346117,0
9802,19.3667,0.0,0.0836,7.3029,-0.0836,-0.936672,0.350207,0
9803,19.3833,0.0,0.0855,7.2174,-0.0855,-0.935135,0.354291,0
9804,19.4,0.0,0.081,7.1364,-0.081,-0.93358,0.358368,0
9805,19.4167,0.0,0.0866,7.0498,-0.0866,-0.932008,0.362438,0
9806,19.4333,0.0,0.0797,6.9701,-0.0797,-0.930418,0.366501,0
9807,19.45,0.0,0.084,6.8861,-0.084,-0.92881,0.370557,0
9808,19.4667,0.0,0.0813,6.8048,-0.0813,-0.927184,0.374607,0
9809,19.4833,0.0,0.0879,6.7169,-0.0879,-0.925541,0.378649,0
9810,19.5,0.0,0.0862,6.6307,-0.0862,-0.92388,0.382683,0
9811,19.5167,0.0,0.0848,6.5459,-0.0848,-0.922201,0.386711,0
9812,19.5333,0.0,0.0876,6.4583,-0.0876,-0.920505,0.390731,0
9813,19.55,0.0,0.0861,6.3722,-0.0861,-0.918791,0.394744,0
9814,19.5667,0.0,0.0823,6.2899,-0.0823,-0.91706,0.398749,0
9815,19.5833,0.0,0.1269,6.163,-0.1269,-0.915311,0.402747,0
9816,19.6,0.0,0.1259,6.0371,-0.1259,-0.913545,0.406737,0
9817,19.6167,0.0,0.128,5.9091,-0.128,-0.911762,0.410719,0
9818,19.6333,0.0,0.127,5.7821,-0.127,-0.909961,0.414693,0
9819,19.65,0.0,0.1272,5.6549,-0.1272,-0.908143,0.41866,0
9820,19.6667,0.0,0.1288,5.5261,-0.1288,-0.906308,0.422618,0
9821,19.6833,0.0,0.1262,5.3999,-0.1262,-0.904455,0.426569,0
9822,19.7,0.0,0.1279,5.272,-0.1279,-0.902585,0.430511,0
9823,19.7167,0.0,0.1307,5.1413,-0.1307,-0.900698,0.434445,0
9824,19.7333,0.0,0.1317,5.0096,-0.1317,-0.898794,0.438371,0
9825,19.75,0.0,0.1282,4.8814,-0.1282,-0.896873,0.442289,0
9826,19.7667,0.0,0.13,4.7514,-0.13,-0.894934,0.446198,0
9827,19.7833,0.0,0.1252,4.6262,-0.1252,-0.892979,0.450098,0
9828,19.8,0.0,0.1274,4.4988,-0.1274,-0.891007,0.45399,0
9829,19.8167,0.0,0.1278,4.371,-0.1278,-0.889017,0.457874,0
9830,19.8333,0.0,0.1277,4.2433,-0.1277,-0.887011,0.461749,0
9831,19.85,0.0,0.1287,4.1146,-0.1287,-0.884988,0.465615,0
9832,19.8667,0.0,0.1293,3.9853,-0.1293,-0.882948,0.469472,0
9833,19.8833,0.0,0.1283,3.857,-0.1283,-0.880891,0.47332,0
9834,19.9,0.0,0.1294,3.7276,-0.1294,-0.878817,0.477159,0
9835,19.9167,0.0,0.1235,3.6041,-0.1235,-0.876727,0.480989,0
9836,19.9333,0.0,0.1275,3.4766,-0.1275,-0.87462,0.48481,0
9837,19.95,0.0,0.1262,3.3504,-0.1262,-0.872496,0.488621,0
9838,19.9667,0.0,0.1288,3.2216,-0.1288,-0.870356,0.492424,0
9839,19.9833,0.0,0.1277,3.0939,-0.1277,-0.868199,0.496217,0
9840,20.0,0.0,0.1264,2.9675,-0.1264,-0.866025,0.5,0
9841,20.0167,0.0,0.1293,2.8382,-0.1293,-0.863836,0.503774,0
9842,20.0333,0.0,0.1285,2.7097,-0.1285,-0.861629,0.507538,0
9843,20.05,0.0,0.1252,2.5845,-0.1252,-0.859406,0.511293,0
9844,20.0667,0.0,0.1321,2.4524,-0.1321,-0.857167,0.515038,0
9845,20.0833,0.0,0.1285,2.3239,-0.1285,-0.854912,0.518773,0
9846,20.1,0.0,0.1303,2.1936,-0.1303,-0.85264,0.522499,0
9847,20.1167,0.0,0.1234,2.0702,-0.1234,-0.850352,0.526214,0
9848,20.1333,0.0,0.1309,1.9393,-0.1309,-0.848048,0.529919,0
9849,20.15,0.0,0.1297,1.8096,-0.1297,-0.845728,0.533615,0
9850,20.1667,0.0,0.1308,1.6788,-0.1308,-0.843391,0.5373,0
9851,20.1833,0.0,0.1296,1.5492,-0.1296,-0.841039,0.540974,0
9852,20.2,0.0,0.1264,1.4228,-0.1264,-0.838671,0.544639,0
9853,20.2167,0.0,0.0848,1.338,-0.0848,-0.836286,0.548293,0
9854,20.2333,0.0,0.0886,1.2494,-0.0886,-0.833886,0.551937,0
9855,20.25,0.0,0.0856,1.1638,-0.0856,-0.83147,0.55557,0
9856,20.2667,0.0,0.0843,1.0795,-0.0843,-0.829038,0.559193,0
9857,20.2833,0.0,0.0865,0.993,-0.0865,-0.82659,0.562805,0
9858,20.3,0.0,0.084,0.909,-0.084,-0.824126,0.566406,0
9859,20.3167,0.0,0.0854,0.8236,-0.0854,-0.821647,0.569997,0
9860,20.3333,0.0,0.0845,0.7391,-0.0845,-0.819152,0.573576,0
9861,20.35,0.0,0.0871,0.652,-0.0871,-0.816642,0.577145,0
9862,20.3667,0.0,0.0858,0.5662,-0.0858,-0.814116,0.580703,0
9863,20.3833,0.0,0.0852,0.481,-0.0852,-0.811574,0.58425,0
9864,20.4,0.0,0.0861,0.3949,-0.0861,-0.809017,0.587785,0
9865,20.4167,0.0,0.0847,0.3102,-0.0847,-0.806445,0.59131,0
9866,20.4333,0.0,0.081,0.2292,-0.081,-0.803857,0.594823,0
9867,20.45,0.0,0.082,0.1472,-0.082,-0.801254,0.598325,0
9868,20.4667,0.0,0.0871,0.0601,-0.0871,-0.798636,0.601815,0
9869,20.4833,0.0,0.0853,0.0,-0.0853,-0.796002,0.605294,1
9870,20.5,0.0,0.084,0.0,-0.084,-0.793353,0.608761,1
9871,20.5167,0.0,0.0844,0.0,-0.0844,-0.79069,0.612217,1
9872,20.5333,0.0,0.0875,0.0,-0.0875,-0.788011,0.615661,1
9873,20.55,0.0,0.086,0.0,-0.086,-0.785317,0.619094,1
9874,20.5667,0.0,0.0858,0.0,-0.0858,-0.782608,0.622515,1
9875,20.5833,0.0,0.0887,0.0,-0.0887,-0.779884,0.625923,1
9876,20.6,0.0,0.0848,0.0,-0.0848,-0.777146,0.62932,1
9877,20.6167,0.0,0.0842,0.0,-0.0842,-0.774393,0.632705,1
9878,20.6333,0.0,0.0876,0.0,-0.0876,-0.771625,0.636078,1
9879,20.65,0.0,0.0862,0.0,-0.0862,-0.768842,0.639439,1
9880,20.6667,0.0,0.0843,0.0,-0.0843,-0.766044,0.642788,1
9881,20.6833,0.0,0.0863,0.0,-0.0863,-0.763232,0.646124,1
9882,20.7,0.0,0.0878,0.0,-0.0878,-0.760406,0.649448,1
9883,20.7167,0.0,0.0886,0.0,-0.0886,-0.757565,0.65276,1
9884,20.7333,0.0,0.0842,0.0,-0.0842,-0.75471,0.656059,1
9885,20.75,0.0,0.0855,0.0,-0.0855,-0.75184,0.659346,1
9886,20.7667,0.0,0.0855,0.0,-0.0855,-0.748956,0.66262,1
9887,20.7833,0.0,0.0895,0.0,-0.0895,-0.746057,0.665882,1
9888,20.8,0.0,0.0865,0.0,-0.0865,-0.743145,0.669131,1
9889,20.8167,0.0,0.0856,0.0,-0.0856,-0.740218,0.672367,1
9890,20.8333,0.0,0.0821,0.0,-0.0821,-0.737277,0.67559,1
9891,20.85,0.0,0.0875,0.0,-0.0875,-0.734323,0.678801,1
9892,20.8667,0.0,0.0843,0.0,-0.0843,-0.731354,0.681998,1
9893,20.8833,0.0,0.0864,0.0,-0.0864,-0.728371,0.685183,1
9894,20.9,0.0,0.0847,0.0,-0.0847,-0.725374,0.688355,1
9895,20.9167,0.0,0.0869,0.0,-0.0869,-0.722364,0.691513,1
9896,20.9333,0.0,0.0839,0.0,-0.0839,-0.71934,0.694658,1
9897,20.95,0.0,0.0878,0.0,-0.0878,-0.716302,0.69779,1
9898,20.9667,0.0,0.084,0.0,-0.084,-0.71325,0.700909,1
9899,20.9833,0.0,0.0866,0.0,-0.0866,-0.710185,0.704015,1
9900,21.0,0.0,0.0852,0.0,-0.0852,-0.707107,0.707107,1
9901,21.0167,0.0,0.0837,0.0,-0.0837,-0.704015,0.710185,1
9902,21.0333,0.0,0.0834,0.0,-0.0834,-0.700909,0.71325,1
9903,21.05,0.0,0.0835,0.0,-0.0835,-0.69779,0.716302,1
9904,21.0667,0.0,0.0863,0.0,-0.0863,-0.694658,0.71934,1
9905,21.0833,0.0,0.0845,0.0,-0.0845,-0.691513,0.722364,1
9906,21.1,0.0,0.0825,0.0,-0.0825,-0.688355,0.725374,1
9907,21.1167,0.0,0.0832,0.0,-0.0832,-0.685183,0.728371,1
9908,21.1333,0.0,0.0839,0.0,-0.0839,-0.681998,0.731354,1
9909,21.15,0.0,0.0864,0.0,-0.0864,-0.678801,0.734323,1
9910,21.1667,0.0,0.088,0.0,-0.088,-0.67559,0.737277,1
9911,21.1833,0.0,0.0874,0.0,-0.0874,-0.672367,0.740218,1
9912,21.2,0.0,0.1502,0.0,-0.1502,-0.669131,0.743145,1
9913,21.2167,0.0,0.148,0.0,-0.148,-0.665882,0.746057,1
9914,21.2333,0.0,0.1491,0.0,-0.1491,-0.66262,0.748956,1
9915,21.25,0.0,0.1462,0.0,-0.1462,-0.659346,0.75184,1
9916,21.2667,0.0,0.1458,0.0,-0.1458,-0.656059,0.75471,1
9917,21.2833,0.0,0.1468,0.0,-0.1468,-0.65276,0.757565,1
9918,21.3,0.0,0.148,0.0,-0.148,-0.649448,0.760406,1
9919,21.3167,0.0,0.1444,0.0,-0.1444,-0.646124,0.763232,1
9920,21.3333,0.0,0.1442,0.0,-0.1442,-0.642788,0.766044,1
9921,21.35,0.0,0.1458,0.0,-0.1458,-0.639439,0.768842,1
9922,21.3667,0.0,0.1475,0.0,-0.1475,-0.636078,0.771625,1
9923,21.3833,0.0,0.144,0.0,-0.144,-0.632705,0.774393,1
9924,21.4,0.0,0.1445,0.0,-0.1445,-0.62932,0.777146,1
9925,21.4167,0.0,0.1457,0.0,-0.1457,-0.625923,0.779884,1
9926,21.4333,0.0,0.1438,0.0,-0.1438,-0.622515,0.782608,1
9927,21.45,0.0,0.1442,0.0,-0.1442,-0.619094,0.785317,1
9928,21.4667,0.0,0.1445,0.0,-0.1445,-0.615661,0.788011,1
9929,21.4833,0.0,0.144,0.0,-0.144,-0.612217,0.79069,1
9930,21.5,0.0,0.145,0.0,-0.145,-0.608761,0.793353,1
9931,21.5167,0.0,0.1466,0.0,-0.1466,-0.605294,0.796002,1
9932,21.5333,0.0,0.1425,0.0,-0.1425,-0.601815,0.798636,1
9933,21.55,0.0,0.1465,0.0,-0.1465,-0.598325,0.801254,1
9934,21.5667,0.0,0.1478,0.0,-0.1478,-0.594823,0.803857,1
9935,21.5833,0.0,0.1469,0.0,-0.1469,-0.59131,0.806445,1
9936,21.6,0.0,0.143,0.0,-0.143,-0.587785,0.809017,1
9937,21.6167,0.0,0.1472,0.0,-0.1472,-0.58425,0.811574,1
9938,21.6333,0.0,0.1393,0.0,-0.1393,-0.580703,0.814116,1
9939,21.65,0.0,0.1431,0.0,-0.1431,-0.577145,0.816642,1
9940,21.6667,0.0,0.1424,0.0,-0.1424,-0.573576,0.819152,1
9941,21.6833,0.0,0.1448,0.0,-0.1448,-0.569997,0.821647,1
9942,21.7,0.0,0.0828,0.0,-0.0828,-0.566406,0.824126,1
9943,21.7167,0.0,0.0874,0.0,-0.0874,-0.562805,0.82659,1
9944,21.7333,0.0,0.0843,0.0,-0.0843,-0.559193,0.829038,1
9945,21.75,0.0,0.086,0.0,-0.086,-0.55557,0.83147,1
9946,21.7667,0.0,0.0812,0.0,-0.0812,-0.551937,0.833886,1
9947,21.7833,0.0,0.0872,0.0,-0.0872,-0.548293,0.836286,1
9948,21.8,0.0,0.0803,0.0,-0.0803,-0.544639,0.838671,1
9949,21.8167,0.0,0.0871,0.0,-0.0871,-0.540974,0.841039,1
9950,21.8333,0.0,0.0822,0.0,-0.0822,-0.5373,0.843391,1
9951,21.85,0.0,0.0826,0.0,-0.0826,-0.533615,0.845728,1
9952,21.8667,0.0,0.0842,0.0,-0.0842,-0.529919,0.848048,1
9953,21.8833,0.0,0.0787,0.0,-0.0787,-0.526214,0.850352,1
9954,21.9,0.0,0.0832,0.0,-0.0832,-0.522499,0.85264,1
9955,21.9167,0.0,0.0849,0.0,-0.0849,-0.518773,0.854912,1
9956,21.9333,0.0,0.0841,0.0,-0.0841,-0.515038,0.857167,1
9957,21.95,0.0,0.0864,0.0,-0.0864,-0.511293,0.859406,1
9958,21.9667,0.0,0.0837,0.0,-0.0837,-0.507538,0.861629,1
9959,21.9833,0.0,0.0826,0.0,-0.0826,-0.503774,0.863836,1
9960,22.0,0.0,0.0195,0.0,-0.0195,-0.5,0.866025,1
9961,22.0167,0.0,0.0204,0.0,-0.0204,-0.496217,0.868199,1
9962,22.0333,0.0,0.0207,0.0,-0.0207,-0.492424,0.870356,1
9963,22.05,0.0,0.0245,0.0,-0.0245,-0.488621,0.872496,1
9964,22.0667,0.0,0.0188,0.0,-0.0188,-0.48481,0.87462,1
9965,22.0833,0.0,0.0188,0.0,-0.0188,-0.480989,0.876727,1
9966,22.1,0.0,0.0212,0.0,-0.0212,-0.477159,0.878817,1
9967,22.1167,0.0,0.0192,0.0,-0.0192,-0.47332,0.880891,1
9968,22.1333,0.0,0.0186,0.0,-0.0186,-0.469472,0.882948,1
9969,22.15,0.0,0.0229,0.0,-0.0229,-0.465615,0.884988,1
9970,22.1667,0.0,0.0211,0.0,-0.0211,-0.461749,0.887011,1
9971,22.1833,0.0,0.0237,0.0,-0.0237,-0.457874,0.889017,1
9972,22.2,0.0,0.0221,0.0,-0.0221,-0.45399,0.891007,1
9973,22.2167,0.0,0.0212,0.0,-0.0212,-0.450098,0.892979,1
9974,22.2333,0.0,0.0259,0.0,-0.0259,-0.446198,0.894934,1
9975,22.25,0.0,0.0224,0.0,-0.0224,-0.442289,0.896873,1
9976,22.2667,0.0,0.0189,0.0,-0.0189,-0.438371,0.898794,1
9977,22.2833,0.0,0.0219,0.0,-0.0219,-0.434445,0.900698,1
9978,22.3,0.0,0.0194,0.0,-0.0194,-0.430511,0.902585,1
9979,22.3167,0.0,0.0193,0.0,-0.0193,-0.426569,0.904455,1
9980,22.3333,0.0,0.0192,0.0,-0.0192,-0.422618,0.906308,1
9981,22.35,0.0,0.0198,0.0,-0.0198,-0.41866,0.908143,1
9982,22.3667,0.0,0.0197,0.0,-0.0197,-0.414693,0.909961,1
9983,22.3833,0.0,0.02,0.0,-0.02,-0.410719,0.911762,1
9984,22.4,0.0,0.0177,0.0,-0.0177,-0.406737,0.913545,1
9985,22.4167,0.0,0.022,0.0,-0.022,-0.402747,0.915311,1
9986,22.4333,0.0,0.0208,0.0,-0.0208,-0.398749,0.91706,1
9987,22.45,0.0,0.0222,0.0,-0.0222,-0.394744,0.918791,1
9988,22.4667,0.0,0.0178,0.0,-0.0178,-0.390731,0.920505,1
9989,22.4833,0.0,0.0185,0.0,-0.0185,-0.386711,0.922201,1
9990,22.5,0.0,0.0184,0.0,-0.0184,-0.382683,0.92388,1
9991,22.5167,0.0,0.0188,0.0,-0.0188,-0.378649,0.925541,1
9992,22.5333,0.0,0.0226,0.0,-0.0226,-0.374607,0.927184,1
9993,22.55,0.0,0.0201,0.0,-0.0201,-0.370557,0.92881,1
9994,22.5667,0.0,0.0237,0.0,-0.0237,-0.366501,0.930418,1
9995,22.5833,0.0,0.0201,0.0,-0.0201,-0.362438,0.932008,1
9996,22.6,0.0,0.0195,0.0,-0.0195,-0.358368,0.93358,1
9997,22.6167,0.0,0.0199,0.0,-0.0199,-0.354291,0.935135,1
9998,22.6333,0.0,0.0205,0.0,-0.0205,-0.350207,0.936672,1
9999,22.65,0.0,0.0204,0.0,-0.0204,-0.346117,0.938191,1
10000,22.6667,0.0,0.0222,0.0,-0.0222,-0.34202,0.939693,1
10001,22.6833,0.0,0.0231,0.0,-0.0231,-0.337917,0.941176,1
10002,22.7,0.0,0.0181,0.0,-0.0181,-0.333807,0.942641,1
10003,22.7167,0.0,0.0169,0.0,-0.0169,-0.329691,0.944089,1
10004,22.7333,0.0,0.0187,0.0,-0.0187,-0.325568,0.945519,1
10005,22.75,0.0,0.0173,0.0,-0.0173,-0.321439,0.94693,1
10006,22.7667,0.0,0.0211,0.0,-0.0211,-0.317305,0.948324,1
10007,22.7833,0.0,0.0203,0.0,-0.0203,-0.313164,0.949699,1
10008,22.8,0.0,0.0216,0.0,-0.0216,-0.309017,0.951057,1
10009,22.8167,0.0,0.0192,0.0,-0.0192,-0.304864,0.952396,1
10010,22.8333,0.0,0.0226,0.0,-0.0226,-0.300706,0.953717,1
10011,22.85,0.0,0.0229,0.0,-0.0229,-0.296542,0.95502,1
10012,22.8667,0.0,0.021,0.0,-0.021,-0.292372,0.956305,1
10013,22.8833,0.0,0.0188,0.0,-0.0188,-0.288196,0.957571,1
10014,22.9,0.0,0.024,0.0,-0.024,-0.284015,0.95882,1
10015,22.9167,0.0,0.0208,0.0,-0.0208,-0.279829,0.96005,1
10016,22.9333,0.0,0.0178,0.0,-0.0178,-0.275637,0.961262,1
10017,22.95,0.0,0.0206,0.0,-0.0206,-0.27144,0.962455,1
10018,22.9667,0.0,0.019,0.0,-0.019,-0.267238,0.96363,1
10019,22.9833,0.0,0.0182,0.0,-0.0182,-0.263031,0.964787,1
10020,23.0,0.0,0.02,0.0,-0.02,-0.258819,0.965926,1
10021,23.0167,0.0,0.0174,0.0,-0.0174,-0.254602,0.967046,1
10022,23.0333,0.0,0.0187,0.0,-0.0187,-0.25038,0.968148,1
10023,23.05,0.0,0.0186,0.0,-0.0186,-0.246153,0.969231,1
10024,23.0667,0.0,0.0212,0.0,-0.0212,-0.241922,0.970296,1
10025,23.0833,0.0,0.0182,0.0,-0.0182,-0.237686,0.971342,1
10026,23.1,0.0,0.0226,0.0,-0.0226,-0.233445,0.97237,1
10027,23.1167,0.0,0.0236,0.0,-0.0236,-0.2292,0.973379,1
10028,23.1333,0.0,0.0218,0.0,-0.0218,-0.224951,0.97437,1
10029,23.15,0.0,0.0179,0.0,-0.0179,-0.220697,0.975342,1
10030,23.1667,0.0,0.0184,0.0,-0.0184,-0.21644,0.976296,1
10031,23.1833,0.0,0.0185,0.0,-0.0185,-0.212178,0.977231,1
10032,23.2,0.0,0.021,0.0,-0.021,-0.207912,0.978148,1
10033,23.2167,0.0,0.0181,0.0,-0.0181,-0.203642,0.979045,1
10034,23.2333,0.0,0.0207,0.0,-0.0207,-0.199368,0.979925,1
10035,23.25,0.0,0.02,0.0,-0.02,-0.19509,0.980785,1
10036,23.2667,0.0,0.0194,0.0,-0.0194,-0.190809,0.981627,1
10037,23.2833,0.0,0.0204,0.0,-0.0204,-0.186524,0.98245,1
10038,23.3,0.0,0.0207,0.0,-0.0207,-0.182236,0.983255,1
10039,23.3167,0.0,0.02,0.0,-0.02,-0.177944,0.984041,1
10040,23.3333,0.0,0.0204,0.0,-0.0204,-0.173648,0.984808,1
10041,23.35,0.0,0.0195,0.0,-0.0195,-0.16935,0.985556,1
10042,23.3667,0.0,0.0202,0.0,-0.0202,-0.165048,0.986286,1
10043,23.3833,0.0,0.0207,0.0,-0.0207,-0.160743,0.986996,1
10044,23.4,0.0,0.0223,0.0,-0.0223,-0.156434,0.987688,1
10045,23.4167,0.0,0.0226,0.0,-0.0226,-0.152123,0.988362,1
10046,23.4333,0.0,0.0172,0.0,-0.0172,-0.147809,0.989016,1
10047,23.45,0.0,0.021,0.0,-0.021,-0.143493,0.989651,1
10048,23.4667,0.0,0.0224,0.0,-0.0224,-0.139173,0.990268,1
10049,23.4833,0.0,0.0192,0.0,-0.0192,-0.134851,0.990866,1
10050,23.5,0.0,0.0236,0.0,-0.0236,-0.130526,0.991445,1
10051,23.5167,0.0,0.0174,0.0,-0.0174,-0.126199,0.992005,1
10052,23.5333,0.0,0.0241,0.0,-0.0241,-0.121869,0.992546,1
10053,23.55,0.0,0.0204,0.0,-0.0204,-0.117537,0.993068,1
10054,23.5667,0.0,0.0205,0.0,-0.0205,-0.113203,0.993572,1
10055,23.5833,0.0,0.0248,0.0,-0.0248,-0.108867,0.994056,1
10056,23.6,0.0,0.0253,0.0,-0.0253,-0.104528,0.994522,1
10057,23.6167,0.0,0.0202,0.0,-0.0202,-0.100188,0.994969,1
10058,23.6333,0.0,0.0193,0.0,-0.0193,-0.095846,0.995396,1
10059,23.65,0.0,0.0197,0.0,-0.0197,-0.091502,0.995805,1
10060,23.6667,0.0,0.0177,0.0,-0.0177,-0.087156,0.996195,1
10061,23.6833,0.0,0.0207,0.0,-0.0207,-0.082808,0.996566,1
10062,23.7,0.0,0.0241,0.0,-0.0241,-0.078459,0.996917,1
10063,23.7167,0.0,0.0164,0.0,-0.0164,-0.074108,0.99725,1
10064,23.7333,0.0,0.0212,0.0,-0.0212,-0.069756,0.997564,1
10065,23.75,0.0,0.0193,0.0,-0.0193,-0.065403,0.997859,1
10066,23.7667,0.0,0.021,0.0,-0.021,-0.061049,0.998135,1
10067,23.7833,0.0,0.0192,0.0,-0.0192,-0.056693,0.998392,1
10068,23.8,0.0,0.0209,0.0,-0.0209,-0.052336,0.99863,1
10069,23.8167,0.0,0.019,0.0,-0.019,-0.047978,0.998848,1
10070,23.8333,0.0,0.0197,0.0,-0.0197,-0.043619,0.999048,1
10071,23.85,0.0,0.023,0.0,-0.023,-0.03926,0.999229,1
10072,23.8667,0.0,0.0182,0.0,-0.0182,-0.034899,0.999391,1
10073,23.8833,0.0,0.0223,0.0,-0.0223,-0.030539,0.999534,1
10074,23.9,0.0,0.0236,0.0,-0.0236,-0.026177,0.999657,1
10075,23.9167,0.0,0.0197,0.0,-0.0197,-0.021815,0.999762,1
10076,23.9333,0.0,0.0209,0.0,-0.0209,-0.017452,0.999848,1
10077,23.95,0.0,0.0232,0.0,-0.0232,-0.01309,0.999914,1
10078,23.9667,0.0,0.0235,0.0,-0.0235,-0.008727,0.999962,1
10079,23.9833,0.0,0.0211,0.0,-0.0211,-0.004363,0.99999,1
10080,0.0,0.0,0.0232,0.0,-0.0232,0.0,1.0,1
10081,0.0167,0.0,0.0219,0.0,-0.0219,0.004363,0.99999,1
10082,0.0333,0.0,0.0198,0.0,-0.0198,0.008727,0.999962,1
10083,0.05,0.0,0.0169,0.0,-0.0169,0.01309,0.999914,1
10084,0.0667,0.0,0.0187,0.0,-0.0187,0.017452,0.999848,1
10085,0.0833,0.0,0.0248,0.0,-0.0248,0.021815,0.999762,1
10086,0.1,0.0,0.0173,0.0,-0.0173,0.026177,0.999657,1
10087,0.1167,0.0,0.021,0.0,-0.021,0.030539,0.999534,1
10088,0.1333,0.0,0.0157,0.0,-0.0157,0.034899,0.999391,1
10089,0.15,0.0,0.02,0.0,-0.02,0.03926,0.999229,1
10090,0.1667,0.0,0.0187,0.0,-0.0187,0.043619,0.999048,1
10091,0.1833,0.0,0.0199,0.0,-0.0199,0.047978,0.998848,1
10092,0.2,0.0,0.0186,0.0,-0.0186,0.052336,0.99863,1
10093,0.2167,0.0,0.0196,0.0,-0.0196,0.056693,0.998392,1
10094,0.2333,0.0,0.0224,0.0,-0.0224,0.061049,0.998135,1
10095,0.25,0.0,0.0214,0.0,-0.0214,0.065403,0.997859,1
10096,0.2667,0.0,0.019,0.0,-0.019,0.069756,0.997564,1
10097,0.2833,0.0,0.0214,0.0,-0.0214,0.074108,0.99725,1
10098,0.3,0.0,0.0168,0.0,-0.0168,0.078459,0.996917,1
10099,0.3167,0.0,0.0208,0.0,-0.0208,0.082808,0.996566,1
10100,0.3333,0.0,0.0225,0.0,-0.0225,0.087156,0.996195,1
10101,0.35,0.0,0.0185,0.0,-0.0185,0.091502,0.995805,1
10102,0.3667,0.0,0.019,0.0,-0.019,0.095846,0.995396,1
10103,0.3833,0.0,0.0191,0.0,-0.0191,0.100188,0.994969,1
10104,0.4,0.0,0.021,0.0,-0.021,0.104528,0.994522,1
10105,0.4167,0.0,0.0193,0.0,-0.0193,0.108867,0.994056,1
10106,0.4333,0.0,0.02,0.0,-0.02,0.113203,0.993572,1
10107,0.45,0.0,0.0235,0.0,-0.0235,0.117537,0.993068,1
10108,0.4667,0.0,0.0184,0.0,-0.0184,0.121869,0.992546,1
10109,0.4833,0.0,0.0176,0.0,-0.0176,0.126199,0.992005,1
10110,0.5,0.0,0.0208,0.0,-0.0208,0.130526,0.991445,1
10111,0.5167,0.0,0.0212,0.0,-0.0212,0.134851,0.990866,1
10112,0.5333,0.0,0.0228,0.0,-0.0228,0.139173,0.990268,1
10113,0.55,0.0,0.0179,0.0,-0.0179,0.143493,0.989651,1
10114,0.5667,0.0,0.0218,0.0,-0.0218,0.147809,0.989016,1
10115,0.5833,0.0,0.0201,0.0,-0.0201,0.152123,0.988362,1
10116,0.6,0.0,0.0241,0.0,-0.0241,0.156434,0.987688,1
10117,0.6167,0.0,0.021,0.0,-0.021,0.160743,0.986996,1
10118,0.6333,0.0,0.0202,0.0,-0.0202,0.165048,0.986286,1
10119,0.65,0.0,0.0196,0.0,-0.0196,0.16935,0.985556,1
10120,0.6667,0.0,0.0191,0.0,-0.0191,0.173648,0.984808,1
10121,0.6833,0.0,0.0191,0.0,-0.0191,0.177944,0.984041,1
10122,0.7,0.0,0.0264,0.0,-0.0264,0.182236,0.983255,1
10123,0.7167,0.0,0.023,0.0,-0.023,0.186524,0.98245,1
10124,0.7333,0.0,0.0225,0.0,-0.0225,0.190809,0.981627,1
10125,0.75,0.0,0.0218,0.0,-0.0218,0.19509,0.980785,1
10126,0.7667,0.0,0.0223,0.0,-0.0223,0.199368,0.979925,1
10127,0.7833,0.0,0.0235,0.0,-0.0235,0.203642,0.979045,1
10128,0.8,0.0,0.022,0.0,-0.022,0.207912,0.978148,1
10129,0.8167,0.0,0.0199,0.0,-0.0199,0.212178,0.977231,1
10130,0.8333,0.0,0.0241,0.0,-0.0241,0.21644,0.976296,1
10131,0.85,0.0,0.0217,0.0,-0.0217,0.220697,0.975342,1
10132,0.8667,0.0,0.0192,0.0,-0.0192,0.224951,0.97437,1
10133,0.8833,0.0,0.0206,0.0,-0.0206,0.2292,0.973379,1
10134,0.9,0.0,0.0179,0.0,-0.0179,0.233445,0.97237,1
10135,0.9167,0.0,0.0197,0.0,-0.0197,0.237686,0.971342,1
10136,0.9333,0.0,0.0167,0.0,-0.0167,0.241922,0.970296,1
10137,0.95,0.0,0.0189,0.0,-0.0189,0.246153,0.969231,1
10138,0.9667,0.0,0.0193,0.0,-0.0193,0.25038,0.968148,1
10139,0.9833,0.0,0.0212,0.0,-0.0212,0.254602,0.967046,1
10140,1.0,0.0,0.022,0.0,-0.022,0.258819,0.965926,1
10141,1.0167,0.0,0.0199,0.0,-0.0199,0.263031,0.964787,1
10142,1.0333,0.0,0.0217,0.0,-0.0217,0.267238,0.96363,1
10143,1.05,0.0,0.0212,0.0,-0.0212,0.27144,0.962455,1
10144,1.0667,0.0,0.0205,0.0,-0.0205,0.275637,0.961262,1
10145,1.0833,0.0,0.02,0.0,-0.02,0.279829,0.96005,1
10146,1.1,0.0,0.0207,0.0,-0.0207,0.284015,0.95882,1
10147,1.1167,0.0,0.0189,0.0,-0.0189,0.288196,0.957571,1
10148,1.1333,0.0,0.0227,0.0,-0.0227,0.292372,0.956305,1
10149,1.15,0.0,0.0188,0.0,-0.0188,0.296542,0.95502,1
10150,1.1667,0.0,0.0209,0.0,-0.0209,0.300706,0.953717,1
10151,1.1833,0.0,0.0222,0.0,-0.0222,0.304864,0.952396,1
10152,1.2,0.0,0.021,0.0,-0.021,0.309017,0.951057,1
10153,1.2167,0.0,0.0196,0.0,-0.0196,0.313164,0.949699,1
10154,1.2333,0.0,0.0243,0.0,-0.0243,0.317305,0.948324,1
10155,1.25,0.0,0.0194,0.0,-0.0194,0.321439,0.94693,1
10156,1.2667,0.0,0.0183,0.0,-0.0183,0.325568,0.945519,1
10157,1.2833,0.0,0.0217,0.0,-0.0217,0.329691,0.944089,1
10158,1.3,0.0,0.0213,0.0,-0.0213,0.333807,0.942641,1
10159,1.3167,0.0,0.0225,0.0,-0.0225,0.337917,0.941176,1
10160,1.3333,0.0,0.0228,0.0,-0.0228,0.34202,0.939693,1
10161,1.35,0.0,0.02,0.0,-0.02,0.346117,0.938191,1
10162,1.3667,0.0,0.0242,0.0,-0.0242,0.350207,0.936672,1
10163,1.3833,0.0,0.0206,0.0,-0.0206,0.354291,0.935135,1
10164,1.4,0.0,0.0235,0.0,-0.0235,0.358368,0.93358,1
10165,1.4167,0.0,0.0207,0.0,-0.0207,0.362438,0.932008,1
10166,1.4333,0.0,0.0168,0.0,-0.0168,0.366501,0.930418,1
10167,1.45,0.0,0.0189,0.0,-0.0189,0.370557,0.92881,1
10168,1.4667,0.0,0.0187,0.0,-0.0187,0.374607,0.927184,1
10169,1.4833,0.0,0.019,0.0,-0.019,0.378649,0.925541,1
10170,1.5,0.0,0.0218,0.0,-0.0218,0.382683,0.92388,1
10171,1.5167,0.0,0.0232,0.0,-0.0232,0.386711,0.922201,1
10172,1.5333,0.0,0.0205,0.0,-0.0205,0.390731,0.920505,1
10173,1.55,0.0,0.0203,0.0,-0.0203,0.394744,0.918791,1
10174,1.5667,0.0,0.0183,0.0,-0.0183,0.398749,0.91706,1
10175,1.5833,0.0,0.0177,0.0,-0.0177,0.402747,0.915311,1
10176,1.6,0.0,0.0203,0.0,-0.0203,0.406737,0.913545,1
10177,1.6167,0.0,0.0168,0.0,-0.0168,0.410719,0.911762,1
10178,1.6333,0.0,0.0199,0.0,-0.0199,0.414693,0.909961,1
10179,1.65,0.0,0.0206,0.0,-0.0206,0.41866,0.908143,1
10180,1.6667,0.0,0.0221,0.0,-0.0221,0.422618,0.906308,1
10181,1.6833,0.0,0.0212,0.0,-0.0212,0.426569,0.904455,1
10182,1.7,0.0,0.0212,0.0,-0.0212,0.430511,0.902585,1
10183,1.7167,0.0,0.0182,0.0,-0.0182,0.434445,0.900698,1
10184,1.7333,0.0,0.0241,0.0,-0.0241,0.438371,0.898794,1
10185,1.75,0.0,0.0203,0.0,-0.0203,0.442289,0.896873,1
10186,1.7667,0.0,0.0229,0.0,-0.0229,0.446198,0.894934,1
10187,1.7833,0.0,0.0196,0.0,-0.0196,0.450098,0.892979,1
10188,1.8,0.0,0.0212,0.0,-0.0212,0.45399,0.891007,1
10189,1.8167,0.0,0.0191,0.0,-0.0191,0.457874,0.889017,1
10190,1.8333,0.0,0.021,0.0,-0.021,0.461749,0.887011,1
10191,1.85,0.0,0.0231,0.0,-0.0231,0.465615,0.884988,1
10192,1.8667,0.0,0.0184,0.0,-0.0184,0.469472,0.882948,1
10193,1.8833,0.0,0.0226,0.0,-0.0226,0.47332,0.880891,1
10194,1.9,0.0,0.0201,0.0,-0.0201,0.477159,0.878817,1
10195,1.9167,0.0,0.0195,0.0,-0.0195,0.480989,0.876727,1
10196,1.9333,0.0,0.0226,0.0,-0.0226,0.48481,0.87462,1
10197,1.95,0.0,0.0233,0.0,-0.0233,0.488621,0.872496,1
10198,1.9667,0.0,0.0215,0.0,-0.0215,0.492424,0.870356,1
10199,1.9833,0.0,0.0185,0.0,-0.0185,0.496217,0.868199,1
10200,2.0,0.0,0.0231,0.0,-0.0231,0.5,0.866025,1
10201,2.0167,0.0,0.0196,0.0,-0.0196,0.503774,0.863836,1
10202,2.0333,0.0,0.022,0.0,-0.022,0.507538,0.861629,1
10203,2.05,0.0,0.0203,0.0,-0.0203,0.511293,0.859406,1
10204,2.0667,0.0,0.0229,0.0,-0.0229,0.515038,0.857167,1
10205,2.0833,0.0,0.0176,0.0,-0.0176,0.518773,0.854912,1
10206,2.1,0.0,0.0197,0.0,-0.0197,0.522499,0.85264,1
10207,2.1167,0.0,0.0172,0.0,-0.0172,0.526214,0.850352,1
10208,2.1333,0.0,0.0222,0.0,-0.0222,0.529919,0.848048,1
10209,2.15,0.0,0.0195,0.0,-0.0195,0.533615,0.845728,1
10210,2.1667,0.0,0.0216,0.0,-0.0216,0.5373,0.843391,1
10211,2.1833,0.0,0.0186,0.0,-0.0186,0.540974,0.841039,1
10212,2.2,0.0,0.0178,0.0,-0.0178,0.544639,0.838671,1
10213,2.2167,0.0,0.0193,0.0,-0.0193,0.548293,0.836286,1
10214,2.2333,0.0,0.0202,0.0,-0.0202,0.551937,0.833886,1
10215,2.25,0.0,0.0196,0.0,-0.0196,0.55557,0.83147,1
10216,2.2667,0.0,0.0208,0.0,-0.0208,0.559193,0.829038,1
10217,2.2833,0.0,0.0185,0.0,-0.0185,0.562805,0.82659,1
10218,2.3,0.0,0.0189,0.0,-0.0189,0.566406,0.824126,1
10219,2.3167,0.0,0.02,0.0,-0.02,0.569997,0.821647,1
10220,2.3333,0.0,0.0192,0.0,-0.0192,0.573576,0.819152,1
10221,2.35,0.0,0.0199,0.0,-0.0199,0.577145,0.816642,1
10222,2.3667,0.0,0.0225,0.0,-0.0225,0.580703,0.814116,1
10223,2.3833,0.0,0.0182,0.0,-0.0182,0.58425,0.811574,1
10224,2.4,0.0,0.0188,0.0,-0.0188,0.587785,0.809017,1
10225,2.4167,0.0,0.0228,0.0,-0.0228,0.59131,0.806445,1
10226,2.4333,0.0,0.0205,0.0,-0.0205,0.594823,0.803857,1
10227,2.45,0.0,0.0216,0.0,-0.0216,0.598325,0.801254,1
10228,2.4667,0.0,0.0222,0.0,-0.0222,0.601815,0.798636,1
10229,2.4833,0.0,0.0223,0.0,-0.0223,0.605294,0.796002,1
10230,2.5,0.0,0.021,0.0,-0.021,0.608761,0.793353,1
10231,2.5167,0.0,0.0207,0.0,-0.0207,0.612217,0.79069,1
10232,2.5333,0.0,0.0204,0.0,-0.0204,0.615661,0.788011,1
10233,2.55,0.0,0.0194,0.0,-0.0194,0.619094,0.785317,1
10234,2.5667,0.0,0.0204,0.0,-0.0204,0.622515,0.782608,1
10235,2.5833,0.0,0.0219,0.0,-0.0219,0.625923,0.779884,1
10236,2.6,0.0,0.0236,0.0,-0.0236,0.62932,0.777146,1
10237,2.6167,0.0,0.0217,0.0,-0.0217,0.632705,0.774393,1
10238,2.6333,0.0,0.021,0.0,-0.021,0.636078,0.771625,1
10239,2.65,0.0,0.0206,0.0,-0.0206,0.639439,0.768842,1
10240,2.6667,0.0,0.0192,0.0,-0.0192,0.642788,0.766044,1
10241,2.6833,0.0,0.0215,0.0,-0.0215,0.646124,0.763232,1
10242,2.7,0.0,0.0207,0.0,-0.0207,0.649448,0.760406,1
10243,2.7167,0.0,0.0206,0.0,-0.0206,0.65276,0.757565,1
10244,2.7333,0.0,0.0201,0.0,-0.0201,0.656059,0.75471,1
10245,2.75,0.0,0.0184,0.0,-0.0184,0.659346,0.75184,1
10246,2.7667,0.0,0.0186,0.0,-0.0186,0.66262,0.748956,1
10247,2.7833,0.0,0.017,0.0,-0.017,0.665882,0.746057,1
10248,2.8,0.0,0.0221,0.0,-0.0221,0.669131,0.743145,1
10249,2.8167,0.0,0.0224,0.0,-0.0224,0.672367,0.740218,1
10250,2.8333,0.0,0.0226,0.0,-0.0226,0.67559,0.737277,1
10251,2.85,0.0,0.0189,0.0,-0.0189,0.678801,0.734323,1
10252,2.8667,0.0,0.0205,0.0,-0.0205,0.681998,0.731354,1
10253,2.8833,0.0,0.0199,0.0,-0.0199,0.685183,0.728371,1
10254,2.9,0.0,0.0196,0.0,-0.0196,0.688355,0.725374,1
10255,2.9167,0.0,0.0195,0.0,-0.0195,0.691513,0.722364,1
10256,2.9333,0.0,0.0218,0.0,-0.0218,0.694658,0.71934,1
10257,2.95,0.0,0.0174,0.0,-0.0174,0.69779,0.716302,1
10258,2.9667,0.0,0.0195,0.0,-0.0195,0.700909,0.71325,1
10259,2.9833,0.0,0.018,0.0,-0.018,0.704015,0.710185,1
10260,3.0,0.0,0.0224,0.0,-0.0224,0.707107,0.707107,1
10261,3.0167,0.0,0.0223,0.0,-0.0223,0.710185,0.704015,1
10262,3.0333,0.0,0.0175,0.0,-0.0175,0.71325,0.700909,1
10263,3.05,0.0,0.0193,0.0,-0.0193,0.716302,0.69779,1
10264,3.0667,0.0,0.0194,0.0,-0.0194,0.71934,0.694658,1
10265,3.0833,0.0,0.0196,0.0,-0.0196,0.722364,0.691513,1
10266,3.1,0.0,0.0196,0.0,-0.0196,0.725374,0.688355,1
10267,3.1167,0.0,0.0209,0.0,-0.0209,0.728371,0.685183,1
10268,3.1333,0.0,0.0191,0.0,-0.0191,0.731354,0.681998,1
10269,3.15,0.0,0.0214,0.0,-0.0214,0.734323,0.678801,1
10270,3.1667,0.0,0.019,0.0,-0.019,0.737277,0.67559,1
10271,3.1833,0.0,0.0212,0.0,-0.0212,0.740218,0.672367,1
10272,3.2,0.0,0.0191,0.0,-0.0191,0.743145,0.669131,1
10273,3.2167,0.0,0.0185,0.0,-0.0185,0.746057,0.665882,1
10274,3.2333,0.0,0.0198,0.0,-0.0198,0.748956,0.66262,1
10275,3.25,0.0,0.0213,0.0,-0.0213,0.75184,0.659346,1
10276,3.2667,0.0,0.0165,0.0,-0.0165,0.75471,0.656059,1
10277,3.2833,0.0,0.0235,0.0,-0.0235,0.757565,0.65276,1
10278,3.3,0.0,0.0223,0.0,-0.0223,0.760406,0.649448,1
10279,3.3167,0.0,0.0174,0.0,-0.0174,0.763232,0.646124,1
10280,3.3333,0.0,0.0216,0.0,-0.0216,0.766044,0.642788,1
10281,3.35,0.0,0.0198,0.0,-0.0198,0.768842,0.639439,1
10282,3.3667,0.0,0.0194,0.0,-0.0194,0.771625,0.636078,1
10283,3.3833,0.0,0.0183,0.0,-0.0183,0.774393,0.632705,1
10284,3.4,0.0,0.0183,0.0,-0.0183,0.777146,0.62932,1
10285,3.4167,0.0,0.0184,0.0,-0.0184,0.779884,0.625923,1
10286,3.4333,0.0,0.0237,0.0,-0.0237,0.782608,0.622515,1
10287,3.45,0.0,0.0214,0.0,-0.0214,0.785317,0.619094,1
10288,3.4667,0.0,0.0183,0.0,-0.0183,0.788011,0.615661,1
10289,3.4833,0.0,0.0182,0.0,-0.0182,0.79069,0.612217,1
10290,3.5,0.0,0.0225,0.0,-0.0225,0.793353,0.608761,1
10291,3.5167,0.0,0.0206,0.0,-0.0206,0.796002,0.605294,1
10292,3.5333,0.0,0.0213,0.0,-0.0213,0.798636,0.601815,1
10293,3.55,0.0,0.0195,0.0,-0.0195,0.801254,0.598325,1
10294,3.5667,0.0,0.0235,0.0,-0.0235,0.803857,0.594823,1
10295,3.5833,0.0,0.0146,0.0,-0.0146,0.806445,0.59131,1
10296,3.6,0.0,0.0185,0.0,-0.0185,0.809017,0.587785,1
10297,3.6167,0.0,0.0223,0.0,-0.0223,0.811574,0.58425,1
10298,3.6333,0.0,0.0235,0.0,-0.0235,0.814116,0.580703,1
10299,3.65,0.0,0.0186,0.0,-0.0186,0.816642,0.577145,1
10300,3.6667,0.0,0.0223,0.0,-0.0223,0.819152,0.573576,1
10301,3.6833,0.0,0.0175,0.0,-0.0175,0.821647,0.569997,1
10302,3.7,0.0,0.022,0.0,-0.022,0.824126,0.566406,1
10303,3.7167,0.0,0.0231,0.0,-0.0231,0.82659,0.562805,1
10304,3.7333,0.0,0.0225,0.0,-0.0225,0.829038,0.559193,1
10305,3.75,0.0,0.0198,0.0,-0.0198,0.83147,0.55557,1
10306,3.7667,0.0,0.0195,0.0,-0.0195,0.833886,0.551937,1
10307,3.7833,0.0,0.0202,0.0,-0.0202,0.836286,0.548293,1
10308,3.8,0.0,0.0225,0.0,-0.0225,0.838671,0.544639,1
10309,3.8167,0.0,0.0214,0.0,-0.0214,0.841039,0.540974,1
10310,3.8333,0.0,0.0203,0.0,-0.0203,0.843391,0.5373,1
10311,3.85,0.0,0.0206,0.0,-0.0206,0.845728,0.533615,1
10312,3.8667,0.0,0.021,0.0,-0.021,0.848048,0.529919,1
10313,3.8833,0.0,0.0235,0.0,-0.0235,0.850352,0.526214,1
10314,3.9,0.0,0.0232,0.0,-0.0232,0.85264,0.522499,1
10315,3.9167,0.0,0.0195,0.0,-0.0195,0.854912,0.518773,1
10316,3.9333,0.0,0.0173,0.0,-0.0173,0.857167,0.515038,1
10317,3.95,0.0,0.0203,0.0,-0.0203,0.859406,0.511293,1
10318,3.9667,0.0,0.0229,0.0,-0.0229,0.861629,0.507538,1
10319,3.9833,0.0,0.0183,0.0,-0.0183,0.863836,0.503774,1
10320,4.0,0.0,0.0191,0.0,-0.0191,0.866025,0.5,1
10321,4.0167,0.0,0.0206,0.0,-0.0206,0.868199,0.496217,1
10322,4.0333,0.0,0.0185,0.0,-0.0185,0.870356,0.492424,1
10323,4.05,0.0,0.0195,0.0,-0.0195,0.872496,0.488621,1
10324,4.0667,0.0,0.0191,0.0,-0.0191,0.87462,0.48481,1
10325,4.0833,0.0,0.0213,0.0,-0.0213,0.876727,0.480989,1
10326,4.1,0.0,0.0189,0.0,-0.0189,0.878817,0.477159,1
10327,4.1167,0.0,0.0197,0.0,-0.0197,0.880891,0.47332,1
10328,4.1333,0.0,0.0214,0.0,-0.0214,0.882948,0.469472,1
10329,4.15,0.0,0.019,0.0,-0.019,0.884988,0.465615,1
10330,4.1667,0.0,0.0224,0.0,-0.0224,0.887011,0.461749,1
10331,4.1833,0.0,0.023,0.0,-0.023,0.889017,0.457874,1
10332,4.2,0.0,0.0231,0.0,-0.0231,0.891007,0.45399,1
10333,4.2167,0.0,0.0212,0.0,-0.0212,0.892979,0.450098,1
10334,4.2333,0.0,0.0206,0.0,-0.0206,0.894934,0.446198,1
10335,4.25,0.0,0.0204,0.0,-0.0204,0.896873,0.442289,1
10336,4.2667,0.0,0.0197,0.0,-0.0197,0.898794,0.438371,1
10337,4.2833,0.0,0.0201,0.0,-0.0201,0.900698,0.434445,1
10338,4.3,0.0,0.0219,0.0,-0.0219,0.902585,0.430511,1
10339,4.3167,0.0,0.0182,0.0,-0.0182,0.904455,0.426569,1
10340,4.3333,0.0,0.0192,0.0,-0.0192,0.906308,0.422618,1
10341,4.35,0.0,0.0173,0.0,-0.0173,0.908143,0.41866,1
10342,4.3667,0.0,0.0254,0.0,-0.0254,0.909961,0.414693,1
10343,4.3833,0.0,0.0214,0.0,-0.0214,0.911762,0.410719,1
10344,4.4,0.0,0.0208,0.0,-0.0208,0.913545,0.406737,1
10345,4.4167,0.0,0.0179,0.0,-0.0179,0.915311,0.402747,1
10346,4.4333,0.0,0.0254,0.0,-0.0254,0.91706,0.398749,1
10347,4.45,0.0,0.021,0.0,-0.021,0.918791,0.394744,1
10348,4.4667,0.0,0.0227,0.0,-0.0227,0.920505,0.390731,1
10349,4.4833,0.0,0.0206,0.0,-0.0206,0.922201,0.386711,1
10350,4.5,0.0,0.0219,0.0,-0.0219,0.92388,0.382683,1
10351,4.5167,0.0,0.0229,0.0,-0.0229,0.925541,0.378649,1
10352,4.5333,0.0,0.0187,0.0,-0.0187,0.927184,0.374607,1
10353,4.55,0.0,0.0192,0.0,-0.0192,0.92881,0.370557,1
10354,4.5667,0.0,0.0185,0.0,-0.0185,0.930418,0.366501,1
10355,4.5833,0.0,0.0194,0.0,-0.0194,0.932008,0.362438,1
10356,4.6,0.0,0.0203,0.0,-0.0203,0.93358,0.358368,1
10357,4.6167,0.0,0.0215,0.0,-0.0215,0.935135,0.354291,1
10358,4.6333,0.0,0.0204,0.0,-0.0204,0.936672,0.350207,1
10359,4.65,0.0,0.0233,0.0,-0.0233,0.938191,0.346117,1
10360,4.6667,0.0,0.0181,0.0,-0.0181,0.939693,0.34202,1
10361,4.6833,0.0,0.0214,0.0,-0.0214,0.941176,0.337917,1
10362,4.7,0.0,0.0196,0.0,-0.0196,0.942641,0.333807,1
10363,4.7167,0.0,0.0224,0.0,-0.0224,0.944089,0.329691,1
10364,4.7333,0.0,0.0205,0.0,-0.0205,0.945519,0.325568,1
10365,4.75,0.0,0.0185,0.0,-0.0185,0.94693,0.321439,1
10366,4.7667,0.0,0.021,0.0,-0.021,0.948324,0.317305,1
10367,4.7833,0.0,0.0152,0.0,-0.0152,0.949699,0.313164,1
10368,4.8,0.0,0.02,0.0,-0.02,0.951057,0.309017,1
10369,4.8167,0.0,0.02,0.0,-0.02,0.952396,0.304864,1
10370,4.8333,0.0,0.0192,0.0,-0.0192,0.953717,0.300706,1
10371,4.85,0.0,0.0212,0.0,-0.0212,0.95502,0.296542,1
10372,4.8667,0.0,0.0181,0.0,-0.0181,0.956305,0.292372,1
10373,4.8833,0.0,0.0206,0.0,-0.0206,0.957571,0.288196,1
10374,4.9,0.0,0.0203,0.0,-0.0203,0.95882,0.284015,1
10375,4.9167,0.0,0.0186,0.0,-0.0186,0.96005,0.279829,1
10376,4.9333,0.0,0.023,0.0,-0.023,0.961262,0.275637,1
10377,4.95,0.0,0.0204,0.0,-0.0204,0.962455,0.27144,1
10378,4.9667,0.0,0.0216,0.0,-0.0216,0.96363,0.267238,1
10379,4.9833,0.0,0.0195,0.0,-0.0195,0.964787,0.263031,1
10380,5.0,0.0,0.0191,0.0,-0.0191,0.965926,0.258819,1
10381,5.0167,0.0,0.0216,0.0,-0.0216,0.967046,0.254602,1
10382,5.0333,0.0,0.019,0.0,-0.019,0.968148,0.25038,1
10383,5.05,0.0,0.0221,0.0,-0.0221,0.969231,0.246153,1
10384,5.0667,0.0,0.02,0.0,-0.02,0.970296,0.241922,1
10385,5.0833,0.0,0.0232,0.0,-0.0232,0.971342,0.237686,1
10386,5.1,0.0,0.0172,0.0,-0.0172,0.97237,0.233445,1
10387,5.1167,0.0,0.0181,0.0,-0.0181,0.973379,0.2292,1
10388,5.1333,0.0,0.0203,0.0,-0.0203,0.97437,0.224951,1
10389,5.15,0.0,0.0226,0.0,-0.0226,0.975342,0.220697,1
10390,5.1667,0.0,0.0241,0.0,-0.0241,0.976296,0.21644,1
10391,5.1833,0.0,0.0176,0.0,-0.0176,0.977231,0.212178,1
10392,5.2,0.0,0.0203,0.0,-0.0203,0.978148,0.207912,1
10393,5.2167,0.0,0.0236,0.0,-0.0236,0.979045,0.203642,1
10394,5.2333,0.0,0.0223,0.0,-0.0223,0.979925,0.199368,1
10395,5.25,0.0,0.0201,0.0,-0.0201,0.980785,0.19509,1
10396,5.2667,0.0,0.0217,0.0,-0.0217,0.981627,0.190809,1
10397,5.2833,0.0,0.0225,0.0,-0.0225,0.98245,0.186524,1
10398,5.3,0.0,0.0219,0.0,-0.0219,0.983255,0.182236,1
10399,5.3167,0.0,0.0235,0.0,-0.0235,0.984041,0.177944,1
10400,5.3333,0.0,0.0202,0.0,-0.0202,0.984808,0.173648,1
10401,5.35,0.0,0.0243,0.0,-0.0243,0.985556,0.16935,1
10402,5.3667,0.0,0.0205,0.0,-0.0205,0.986286,0.165048,1
10403,5.3833,0.0,0.02,0.0,-0.02,0.986996,0.160743,1
10404,5.4,0.0,0.0197,0.0,-0.0197,0.987688,0.156434,1
10405,5.4167,0.0,0.0186,0.0,-0.0186,0.988362,0.152123,1
10406,5.4333,0.0,0.0167,0.0,-0.0167,0.989016,0.147809,1
10407,5.45,0.0,0.0206,0.0,-0.0206,0.989651,0.143493,1
10408,5.4667,0.0,0.0193,0.0,-0.0193,0.990268,0.139173,1
10409,5.4833,0.0,0.0198,0.0,-0.0198,0.990866,0.134851,1
10410,5.5,0.0,0.0195,0.0,-0.0195,0.991445,0.130526,1
10411,5.5167,0.0,0.0192,0.0,-0.0192,0.992005,0.126199,1
10412,5.5333,0.0,0.0199,0.0,-0.0199,0.992546,0.121869,1
10413,5.55,0.0,0.0184,0.0,-0.0184,0.993068,0.117537,1
10414,5.5667,0.0,0.0242,0.0,-0.0242,0.993572,0.113203,1
10415,5.5833,0.0,0.021,0.0,-0.021,0.994056,0.108867,1
10416,5.6,0.0,0.0196,0.0,-0.0196,0.994522,0.104528,1
10417,5.6167,0.0,0.0205,0.0,-0.0205,0.994969,0.100188,1
10418,5.6333,0.0,0.0224,0.0,-0.0224,0.995396,0.095846,1
10419,5.65,0.0,0.02,0.0,-0.02,0.995805,0.091502,1
10420,5.6667,0.0,0.0205,0.0,-0.0205,0.996195,0.087156,1
10421,5.6833,0.0,0.0202,0.0,-0.0202,0.996566,0.082808,1
10422,5.7,0.0,0.0163,0.0,-0.0163,0.996917,0.078459,1
10423,5.7167,0.0,0.0225,0.0,-0.0225,0.99725,0.074108,1
10424,5.7333,0.0,0.0194,0.0,-0.0194,0.997564,0.069756,1
10425,5.75,0.0,0.0187,0.0,-0.0187,0.997859,0.065403,1
10426,5.7667,0.0,0.0223,0.0,-0.0223,0.998135,0.061049,1
10427,5.7833,0.0,0.0177,0.0,-0.0177,0.998392,0.056693,1
10428,5.8,0.0,0.0228,0.0,-0.0228,0.99863,0.052336,1
10429,5.8167,0.0,0.0195,0.0,-0.0195,0.998848,0.047978,1
10430,5.8333,0.0,0.0227,0.0,-0.0227,0.999048,0.043619,1
10431,5.85,0.0,0.0145,0.0,-0.0145,0.999229,0.03926,1
10432,5.8667,0.0,0.0215,0.0,-0.0215,0.999391,0.034899,1
10433,5.8833,0.0,0.019,0.0,-0.019,0.999534,0.030539,1
10434,5.9,0.0,0.0193,0.0,-0.0193,0.999657,0.026177,1
10435,5.9167,0.0,0.0174,0.0,-0.0174,0.999762,0.021815,1
10436,5.9333,0.0,0.0172,0.0,-0.0172,0.999848,0.017452,1
10437,5.95,0.0,0.0211,0.0,-0.0211,0.999914,0.01309,1
10438,5.9667,0.0,0.0191,0.0,-0.0191,0.999962,0.008727,1
10439,5.9833,0.0,0.0201,0.0,-0.0201,0.99999,0.004363,1
10440,6.0,0.0005,0.0366,0.0,-0.0361,1.0,0.0,1
10441,6.0167,0.0024,0.0355,0.0,-0.0331,0.99999,-0.004363,1
10442,6.0333,0.004167,0.038,0.0,-0.033833,0.999962,-0.008727,1
10443,6.05,0.00315,0.0371,0.0,-0.03395,0.999914,-0.01309,1
10444,6.0667,0.003133,0.0377,0.0,-0.034567,0.999848,-0.017452,1
10445,6.0833,0.005617,0.0393,0.0,-0.033683,0.999762,-0.021815,1
10446,6.1,0.008167,0.039,0.0,-0.030833,0.999657,-0.026177,1
10447,6.1167,0.004883,0.0324,0.0,-0.027517,0.999534,-0.030539,1
10448,6.1333,0.008217,0.0401,0.0,-0.031883,0.999391,-0.034899,1
10449,6.15,0.00755,0.0341,0.0,-0.02655,0.999229,-0.03926,1
10450,6.1667,0.009417,0.038,0.0,-0.028583,0.999048,-0.043619,1
10451,6.1833,0.011867,0.033,0.0,-0.021133,0.998848,-0.047978,1
10452,6.2,0.00905,0.0376,0.0,-0.02855,0.99863,-0.052336,1
10453,6.2167,0.011083,0.0365,0.0,-0.025417,0.998392,-0.056693,1
10454,6.2333,0.010783,0.0366,0.0,-0.025817,0.998135,-0.061049,1
10455,6.25,0.014717,0.0381,0.0,-0.023383,0.997859,-0.065403,1
10456,6.2667,0.018383,0.0343,0.0,-0.015917,0.997564,-0.069756,1
10457,6.2833,0.01545,0.0372,0.0,-0.02175,0.99725,-0.074108,1
10458,6.3,0.017117,0.0404,0.0,-0.023283,0.996917,-0.078459,1
10459,6.3167,0.016917,0.0399,0.0,-0.022983,0.996566,-0.082808,1
10460,6.3333,0.01805,0.0396,0.0,-0.02155,0.996195,-0.087156,1
10461,6.35,0.015783,0.0383,0.0,-0.022517,0.995805,-0.091502,1
10462,6.3667,0.019467,0.0389,0.0,-0.019433,0.995396,-0.095846,1
10463,6.3833,0.022817,0.0406,0.0,-0.017783,0.994969,-0.100188,1
10464,6.4,0.022967,0.0396,0.0,-0.016633,0.994522,-0.104528,1
10465,6.4167,0.019383,0.0399,0.0,-0.020517,0.994056,-0.108867,1
10466,6.4333,0.02215,0.0372,0.0,-0.01505,0.993572,-0.113203,1
10467,6.45,0.021183,0.039,0.0,-0.017817,0.993068,-0.117537,1
10468,6.4667,0.024017,0.0382,0.0,-0.014183,0.992546,-0.121869,1
10469,6.4833,0.025767,0.0355,0.0,-0.009733,0.992005,-0.126199,1
10470,6.5,0.0261,0.0359,0.0,-0.0098,0.991445,-0.130526,1
10471,6.5167,0.02645,0.0401,0.0,-0.01365,0.990866,-0.134851,1
10472,6.5333,0.028733,0.0376,0.0,-0.008867,0.990268,-0.139173,1
10473,6.55,0.028383,0.0381,0.0,-0.009717,0.989651,-0.143493,1
10474,6.5667,0.028017,0.0374,0.0,-0.009383,0.989016,-0.147809,1
10475,6.5833,0.031433,0.0389,0.0,-0.007467,0.988362,-0.152123,1
10476,6.6,0.030017,0.0356,0.0,-0.005583,0.987688,-0.156434,1
10477,6.6167,0.028333,0.0389,0.0,-0.010567,0.986996,-0.160743,1
10478,6.6333,0.035367,0.0384,0.0,-0.003033,0.986286,-0.165048,1
10479,6.65,0.033517,0.037,0.0,-0.003483,0.985556,-0.16935,1
10480,6.6667,0.037867,0.0366,0.0013,0.001267,0.984808,-0.173648,0
10481,6.6833,0.035017,0.038,0.0,-0.002983,0.984041,-0.177944,1
10482,6.7,0.033583,0.0399,0.0,-0.006317,0.983255,-0.182236,1
10483,6.7167,0.0406,0.0389,0.0017,0.0017,0.98245,-0.186524,0
10484,6.7333,0.03655,0.0346,0.0037,0.00195,0.981627,-0.190809,0
10485,6.75,0.040117,0.0399,0.0039,0.000217,0.980785,-0.19509,0
10486,6.7667,0.040317,0.0367,0.0075,0.003617,0.979925,-0.199368,0
10487,6.7833,0.040167,0.0369,0.0108,0.003267,0.979045,-0.203642,0
10488,6.8,0.042517,0.0364,0.0169,0.006117,0.978148,-0.207912,0
10489,6.8167,0.040083,0.0359,0.0211,0.004183,0.977231,-0.212178,0
10490,6.8333,0.039383,0.0397,0.0208,-0.000317,0.976296,-0.21644,0
10491,6.85,0.040533,0.0356,0.0257,0.004933,0.975342,-0.220697,0
10492,6.8667,0.045783,0.0373,0.0342,0.008483,0.97437,-0.224951,0
10493,6.8833,0.046983,0.0359,0.0453,0.011083,0.973379,-0.2292,0
10494,6.9,0.04745,0.0413,0.0514,0.00615,0.97237,-0.233445,0
10495,6.9167,0.042133,0.0347,0.0588,0.007433,0.971342,-0.237686,0
10496,6.9333,0.046583,0.0331,0.0723,0.013483,0.970296,-0.241922,0
10497,6.95,0.0533,0.0356,0.09,0.0177,0.969231,-0.246153,0
10498,6.9667,0.04815,0.0394,0.0988,0.00875,0.968148,-0.25038,0
10499,6.9833,0.047417,0.0383,0.1079,0.009117,0.967046,-0.254602,0
10500,7.0,0.051917,0.0654,0.0944,-0.013483,0.965926,-0.258819,0
10501,7.0167,0.047283,0.066,0.0757,-0.018717,0.964787,-0.263031,0
10502,7.0333,0.052017,0.0667,0.061,-0.014683,0.96363,-0.267238,0
10503,7.05,0.053617,0.0688,0.0458,-0.015183,0.962455,-0.27144,0
10504,7.0667,0.056633,0.066,0.0364,-0.009367,0.961262,-0.275637,0
10505,7.0833,0.056917,0.066,0.0273,-0.009083,0.96005,-0.279829,0
10506,7.1,0.058033,0.0629,0.0224,-0.004867,0.95882,-0.284015,0
10507,7.1167,0.058917,0.0701,0.0112,-0.011183,0.957571,-0.288196,0
10508,7.1333,0.059783,0.0691,0.0019,-0.009317,0.956305,-0.292372,0
10509,7.15,0.06445,0.0661,0.0002,-0.00165,0.95502,-0.296542,0
10510,7.1667,0.059667,0.0698,0.0,-0.010133,0.953717,-0.300706,1
10511,7.1833,0.06055,0.0697,0.0,-0.00915,0.952396,-0.304864,1
10512,7.2,0.06,0.0694,0.0,-0.0094,0.951057,-0.309017,1
10513,7.2167,0.066583,0.0698,0.0,-0.003217,0.949699,-0.313164,1
10514,7.2333,0.065767,0.0706,0.0,-0.004833,0.948324,-0.317305,1
10515,7.25,0.062317,0.0709,0.0,-0.008583,0.94693,-0.321439,1
10516,7.2667,0.065167,0.0692,0.0,-0.004033,0.945519,-0.325568,1
10517,7.2833,0.070333,0.0702,0.0001,0.000133,0.944089,-0.329691,0
10518,7.3,0.0654,0.0661,0.0,-0.0007,0.942641,-0.333807,1
10519,7.3167,0.068183,0.069,0.0,-0.000817,0.941176,-0.337917,1
10520,7.3333,0.066533,0.0672,0.0,-0.000667,0.939693,-0.34202,1
10521,7.35,0.071167,0.0694,0.0018,0.001767,0.938191,-0.346117,0
10522,7.3667,0.0688,0.0714,0.0,-0.0026,0.936672,-0.350207,1
10523,7.3833,0.07585,0.0662,0.0097,0.00965,0.935135,-0.354291,0
10524,7.4,0.072033,0.0664,0.0153,0.005633,0.93358,-0.358368,0
10525,7.4167,0.07325,0.0665,0.022,0.00675,0.932008,-0.362438,0
10526,7.4333,0.074617,0.0682,0.0284,0.006417,0.930418,-0.366501,0
10527,7.45,0.072933,0.0655,0.0358,0.007433,0.92881,-0.370557,0
10528,7.4667,0.075917,0.0696,0.0421,0.006317,0.927184,-0.374607,0
10529,7.4833,0.0775,0.0725,0.0471,0.005,0.925541,-0.378649,0
10530,7.5,0.0743,0.0686,0.0528,0.0057,0.92388,-0.382683,0
10531,7.5167,0.077483,0.0672,0.0631,0.010283,0.922201,-0.386711,0
10532,7.5333,0.073483,0.0703,0.0663,0.003183,0.920505,-0.390731,0
10533,7.55,0.080217,0.0684,0.0781,0.011817,0.918791,-0.394744,0
10534,7.5667,0.082467,0.0669,0.0937,0.015567,0.91706,-0.398749,0
10535,7.5833,0.078617,0.0703,0.102,0.008317,0.915311,-0.402747,0
10536,7.6,0.080717,0.072,0.1107,0.008717,0.913545,-0.406737,0
10537,7.6167,0.08165,0.0706,0.1218,0.01105,0.911762,-0.410719,0
10538,7.6333,0.085483,0.0673,0.14,0.018183,0.909961,-0.414693,0
10539,7.65,0.083717,0.065,0.1587,0.018717,0.908143,-0.41866,0
10540,7.6667,0.084533,0.0661,0.1771,0.018433,0.906308,-0.422618,0
10541,7.6833,0.085783,0.0694,0.1935,0.016383,0.904455,-0.426569,0
10542,7.7,0.088317,0.0678,0.214,0.020517,0.902585,-0.430511,0
10543,7.7167,0.0831,0.0643,0.2328,0.0188,0.900698,-0.434445,0
10544,7.7333,0.089383,0.0706,0.2516,0.018783,0.898794,-0.438371,0
10545,7.75,0.087867,0.0723,0.2672,0.015567,0.896873,-0.442289,0
10546,7.7667,0.084783,0.0672,0.2848,0.017583,0.894934,-0.446198,0
10547,7.7833,0.088133,0.0695,0.3034,0.018633,0.892979,-0.450098,0
10548,7.8,0.096567,0.0671,0.3329,0.029467,0.891007,-0.45399,0
10549,7.8167,0.087633,0.0689,0.3516,0.018733,0.889017,-0.457874,0
10550,7.8333,0.094333,0.0706,0.3753,0.023733,0.887011,-0.461749,0
10551,7.85,0.091817,0.0683,0.3988,0.023517,0.884988,-0.465615,0
10552,7.8667,0.093767,0.0668,0.4258,0.026967,0.882948,-0.469472,0
10553,7.8833,0.092367,0.0696,0.4486,0.022767,0.880891,-0.47332,0
10554,7.9,0.098917,0.0667,0.4808,0.032217,0.878817,-0.477159,0
10555,7.9167,0.097767,0.0727,0.5059,0.025067,0.876727,-0.480989,0
10556,7.9333,0.09285,0.0653,0.5334,0.02755,0.87462,-0.48481,0
10557,7.95,0.098017,0.0682,0.5632,0.029817,0.872496,-0.488621,0
10558,7.9667,0.098183,0.0681,0.5933,0.030083,0.870356,-0.492424,0
10559,7.9833,0.100033,0.065,0.6283,0.035033,0.868199,-0.496217,0
10560,8.0,0.103367,0.0683,0.6634,0.035067,0.866025,-0.5,0
10561,8.0167,0.098717,0.0686,0.6935,0.030117,0.863836,-0.503774,0
10562,8.0333,0.103267,0.0665,0.7303,0.036767,0.861629,-0.507538,0
10563,8.05,0.101033,0.0677,0.7636,0.033333,0.859406,-0.511293,0
10564,8.0667,0.1065,0.0686,0.8015,0.0379,0.857167,-0.515038,0
10565,8.0833,0.10405,0.0689,0.8367,0.03515,0.854912,-0.518773,0
10566,8.1,0.103517,0.0658,0.8744,0.037717,0.85264,-0.522499,0
10567,8.1167,0.1093,0.0677,0.916,0.0416,0.850352,-0.526214,0
10568,8.1333,0.10485,0.0665,0.9544,0.03835,0.848048,-0.529919,0
10569,8.15,0.10375,0.0702,0.9879,0.03355,0.845728,-0.533615,0
10570,8.1667,0.1092,0.0688,1.0283,0.0404,0.843391,-0.5373,0
10571,8.1833,0.106933,0.069,1.0662,0.037933,0.841039,-0.540974,0
10572,8.2,0.102667,0.0652,1.1037,0.037467,0.838671,-0.544639,0
10573,8.2167,0.108183,0.0693,1.1426,0.038883,0.836286,-0.548293,0
10574,8.2333,0.11515,0.0672,1.1906,0.04795,0.833886,-0.551937,0
10575,8.25,0.10845,0.0717,1.2273,0.03675,0.83147,-0.55557,0
10576,8.2667,0.11275,0.0666,1.2734,0.04615,0.829038,-0.559193,0
10577,8.2833,0.1076,0.0665,1.3145,0.0411,0.82659,-0.562805,0
10578,8.3,0.108583,0.0642,1.3589,0.044383,0.824126,-0.566406,0
10579,8.3167,0.112583,0.0668,1.4047,0.045783,0.821647,-0.569997,0
10580,8.3333,0.117217,0.0649,1.457,0.052317,0.819152,-0.573576,0
10581,8.35,0.11645,0.0677,1.5057,0.04875,0.816642,-0.577145,0
10582,8.3667,0.118883,0.0658,1.5588,0.053083,0.814116,-0.580703,0
10583,8.3833,0.113,0.0684,1.6034,0.0446,0.811574,-0.58425,0
10584,8.4,0.117933,0.0662,1.6551,0.051733,0.809017,-0.587785,0
10585,8.4167,0.116883,0.1142,1.6578,0.002683,0.806445,-0.59131,0
10586,8.4333,0.1171,0.1143,1.6606,0.0028,0.803857,-0.594823,0
10587,8.45,0.1237,0.1124,1.6719,0.0113,0.801254,-0.598325,0
10588,8.4667,0.1173,0.1145,1.6747,0.0028,0.798636,-0.601815,0
10589,8.4833,0.121917,0.1154,1.6812,0.006517,0.796002,-0.605294,0
10590,8.5,0.118133,0.1114,1.6879,0.006733,0.793353,-0.608761,0
10591,8.5167,0.122633,0.1144,1.6961,0.008233,0.79069,-0.612217,0
10592,8.5333,0.123317,0.1174,1.702,0.005917,0.788011,-0.615661,0
10593,8.55,0.123017,0.1153,1.7097,0.007717,0.785317,-0.619094,0
10594,8.5667,0.126183,0.1156,1.7203,0.010583,0.782608,-0.622515,0
10595,8.5833,0.1259,0.1151,1.7311,0.0108,0.779884,-0.625923,0
10596,8.6,0.129317,0.1124,1.748,0.016917,0.777146,-0.62932,0
10597,8.6167,0.127867,0.1132,1.7627,0.014667,0.774393,-0.632705,0
10598,8.6333,0.130833,0.1158,1.7777,0.015033,0.771625,-0.636078,0
10599,8.65,0.126333,0.1146,1.7894,0.011733,0.768842,-0.639439,0
10600,8.6667,0.124117,0.116,1.7975,0.008117,0.766044,-0.642788,0
10601,8.6833,0.1319,0.1182,1.8112,0.0137,0.763232,-0.646124,0
10602,8.7,0.128117,0.1101,1.8292,0.018017,0.760406,-0.649448,0
10603,8.7167,0.129833,0.1147,1.8443,0.015133,0.757565,-0.65276,0
10604,8.7333,0.1295,0.118,1.8558,0.0115,0.75471,-0.656059,0
10605,8.75,0.1347,0.1157,1.8748,0.019,0.75184,-0.659346,0
10606,8.7667,0.131333,0.1167,1.8894,0.014633,0.748956,-0.66262,0
10607,8.7833,0.135083,0.1174,1.9071,0.017683,0.746057,-0.665882,0
10608,8.8,0.135767,0.1153,1.9276,0.020467,0.743145,-0.669131,0
10609,8.8167,0.13335,0.0625,1.9985,0.07085,0.740218,-0.672367,0
10610,8.8333,0.139767,0.0668,2.0715,0.072967,0.737277,-0.67559,0
10611,8.85,0.130817,0.0681,2.1342,0.062717,0.734323,-0.678801,0
10612,8.8667,0.1384,0.0645,2.2081,0.0739,0.731354,-0.681998,0
10613,8.8833,0.136967,0.0703,2.2748,0.066667,0.728371,-0.685183,0
10614,8.9,0.134717,0.068,2.3415,0.066717,0.725374,-0.688355,0
10615,8.9167,0.13645,0.0696,2.4083,0.06685,0.722364,-0.691513,0
10616,8.9333,0.1388,0.0694,2.4777,0.0694,0.71934,-0.694658,0
10617,8.95,0.140767,0.0651,2.5534,0.075667,0.716302,-0.69779,0
10618,8.9667,0.139,0.068,2.6244,0.071,0.71325,-0.700909,0
10619,8.9833,0.142017,0.0673,2.6991,0.074717,0.710185,-0.704015,0
10620,9.0,0.138833,0.0343,2.8036,0.104533,0.707107,-0.707107,0
10621,9.0167,0.143483,0.0349,2.9122,0.108583,0.704015,-0.710185,0
10622,9.0333,0.139367,0.0369,3.0147,0.102467,0.700909,-0.71325,0
10623,9.05,0.138983,0.0352,3.1185,0.103783,0.69779,-0.716302,0
10624,9.0667,0.143367,0.0355,3.2264,0.107867,0.694658,-0.71934,0
10625,9.0833,0.143267,0.0424,3.3273,0.100867,0.691513,-0.722364,0
10626,9.1,0.147367,0.0368,3.4379,0.110567,0.688355,-0.725374,0
10627,9.1167,0.145783,0.035,3.5487,0.110783,0.685183,-0.728371,0
10628,9.1333,0.146017,0.0358,3.6589,0.110217,0.681998,-0.731354,0
10629,9.15,0.1478,0.0374,3.7693,0.1104,0.678801,-0.734323,0
10630,9.1667,0.146833,0.0363,3.8798,0.110533,0.67559,-0.737277,0
10631,9.1833,0.14485,0.0393,3.9854,0.10555,0.672367,-0.740218,0
10632,9.2,0.1484,0.0368,4.097,0.1116,0.669131,-0.743145,0
10633,9.2167,0.14905,0.0358,4.2103,0.11325,0.665882,-0.746057,0
10634,9.2333,0.152017,0.0375,4.3248,0.114517,0.66262,-0.748956,0
10635,9.25,0.146833,0.0377,4.4339,0.109133,0.659346,-0.75184,0
10636,9.2667,0.146467,0.0385,4.5419,0.107967,0.656059,-0.75471,0
10637,9.2833,0.1533,0.0411,4.6541,0.1122,0.65276,-0.757565,0
10638,9.3,0.1505,0.0384,4.7662,0.1121,0.649448,-0.760406,0
10639,9.3167,0.150417,0.0363,4.8803,0.114117,0.646124,-0.763232,0
10640,9.3333,0.152967,0.0356,4.9977,0.117367,0.642788,-0.766044,0
10641,9.35,0.151683,0.0358,5.1136,0.115883,0.639439,-0.768842,0
10642,9.3667,0.151333,0.0374,5.2275,0.113933,0.636078,-0.771625,0
10643,9.3833,0.153717,0.0353,5.3459,0.118417,0.632705,-0.774393,0
10644,9.4,0.157733,0.0398,5.4638,0.117933,0.62932,-0.777146,0
10645,9.4167,0.157833,0.0399,5.5817,0.117933,0.625923,-0.779884,0
10646,9.4333,0.157533,0.0336,5.7056,0.123933,0.622515,-0.782608,0
10647,9.45,0.154183,0.0347,5.8251,0.119483,0.619094,-0.785317,0
10648,9.4667,0.156683,0.0373,5.9445,0.119383,0.615661,-0.788011,0
10649,9.4833,0.1564,0.0384,6.0625,0.118,0.612217,-0.79069,0
10650,9.5,0.158033,0.0369,6.1836,0.121133,0.608761,-0.793353,0
10651,9.5167,0.158233,0.0371,6.3047,0.121133,0.605294,-0.796002,0
10652,9.5333,0.15945,0.039,6.4252,0.12045,0.601815,-0.798636,0
10653,9.55,0.158133,0.0369,6.5464,0.121233,0.598325,-0.801254,0
10654,9.5667,0.163567,0.038,6.672,0.125567,0.594823,-0.803857,0
10655,9.5833,0.160867,0.0352,6.7977,0.125667,0.59131,-0.806445,0
10656,9.6,0.167033,0.0388,6.9259,0.128233,0.587785,-0.809017,0
10657,9.6167,0.162467,0.0386,7.0498,0.123867,0.58425,-0.811574,0
10658,9.6333,0.163117,0.0419,7.171,0.121217,0.580703,-0.814116,0
10659,9.65,0.1587,0.041,7.2887,0.1177,0.577145,-0.816642,0
10660,9.6667,0.16345,0.0348,7.4174,0.12865,0.573576,-0.819152,0
10661,9.6833,0.1638,0.0341,7.5471,0.1297,0.569997,-0.821647,0
10662,9.7,0.163817,0.0399,7.671,0.123917,0.566406,-0.824126,0
10663,9.7167,0.166617,0.0353,7.8023,0.131317,0.562805,-0.82659,0
10664,9.7333,0.16285,0.0881,7.877,0.07475,0.559193,-0.829038,0
10665,9.75,0.16255,0.0868,7.9527,0.07575,0.55557,-0.83147,0
10666,9.7667,0.1656,0.0881,8.0302,0.0775,0.551937,-0.833886,0
10667,9.7833,0.1631,0.0903,8.103,0.0728,0.548293,-0.836286,0
10668,9.8,0.169883,0.0909,8.182,0.078983,0.544639,-0.838671,0
10669,9.8167,0.162817,0.0907,8.2541,0.072117,0.540974,-0.841039,0
10670,9.8333,0.169783,0.089,8.3349,0.080783,0.5373,-0.843391,0
10671,9.85,0.165917,0.0892,8.4116,0.076717,0.533615,-0.845728,0
10672,9.8667,0.170617,0.0869,8.4953,0.083717,0.529919,-0.848048,0
10673,9.8833,0.169383,0.0859,8.5788,0.083483,0.526214,-0.850352,0
10674,9.9,0.166583,0.0894,8.656,0.077183,0.522499,-0.85264,0
10675,9.9167,0.169617,0.0897,8.7359,0.079917,0.518773,-0.854912,0
10676,9.9333,0.171367,0.086,8.8213,0.085367,0.515038,-0.857167,0
10677,9.95,0.172833,0.0911,8.903,0.081733,0.511293,-0.859406,0
10678,9.9667,0.17745,0.09,8.9905,0.08745,0.507538,-0.861629,0
10679,9.9833,0.175,0.0868,9.0787,0.0882,0.503774,-0.863836,0
10680,10.0,0.170417,0.0863,9.1628,0.084117,0.5,-0.866025,0
10681,10.0167,0.172517,0.0864,9.2489,0.086117,0.496217,-0.868199,0
10682,10.0333,0.17245,0.0902,9.3312,0.08225,0.492424,-0.870356,0
10683,10.05,0.177317,0.0851,9.4234,0.092217,0.488621,-0.872496,0
10684,10.0667,0.174933,0.0898,9.5085,0.085133,0.48481,-0.87462,0
10685,10.0833,0.176267,0.0891,9.5957,0.087167,0.480989,-0.876727,0
10686,10.1,0.169633,0.0812,9.6841,0.088433,0.477159,-0.878817,0
10687,10.1167,0.177033,0.0888,9.7723,0.088233,0.47332,-0.880891,0
10688,10.1333,0.181883,0.0889,9.8653,0.092983,0.469472,-0.882948,0
10689,10.15,0.175867,0.0868,9.9544,0.089067,0.465615,-0.884988,0
10690,10.1667,0.17485,0.0887,10.0405,0.08615,0.461749,-0.887011,0
10691,10.1833,0.177383,0.0887,10.1292,0.088683,0.457874,-0.889017,0
10692,10.2,0.1745,0.088,10.2157,0.0865,0.45399,-0.891007,0
10693,10.2167,0.175833,0.0888,10.3027,0.087033,0.450098,-0.892979,0
10694,10.2333,0.17995,0.0897,10.3929,0.09025,0.446198,-0.894934,0
10695,10.25,0.180383,0.0881,10.4852,0.092283,0.442289,-0.896873,0
10696,10.2667,0.181967,0.0876,10.5796,0.094367,0.438371,-0.898794,0
10697,10.2833,0.184367,0.0865,10.6775,0.097867,0.434445,-0.900698,0
10698,10.3,0.1826,0.0873,10.7728,0.0953,0.430511,-0.902585,0
10699,10.3167,0.181467,0.0388,10.9155,0.142667,0.426569,-0.904455,0
10700,10.3333,0.1833,0.0332,11.0656,0.1501,0.422618,-0.906308,0
10701,10.35,0.181317,0.0381,11.2088,0.143217,0.41866,-0.908143,0
10702,10.3667,0.184133,0.0401,11.3528,0.144033,0.414693,-0.909961,0
10703,10.3833,0.184383,0.0373,11.4999,0.147083,0.410719,-0.911762,0
10704,10.4,0.179783,0.0373,11.6424,0.142483,0.406737,-0.913545,0
10705,10.4167,0.181283,0.0353,11.7884,0.145983,0.402747,-0.915311,0
10706,10.4333,0.18365,0.0359,11.9361,0.14775,0.398749,-0.91706,0
10707,10.45,0.186033,0.0337,12.0884,0.152333,0.394744,-0.918791,0
10708,10.4667,0.1799,0.0387,12.2296,0.1412,0.390731,-0.920505,0
10709,10.4833,0.1812,0.0385,12.3723,0.1427,0.386711,-0.922201,0
10710,10.5,0.183933,0.0397,12.5165,0.144233,0.382683,-0.92388,0
10711,10.5167,0.184683,0.0358,12.6654,0.148883,0.378649,-0.925541,0
10712,10.5333,0.1853,0.0324,12.8183,0.1529,0.374607,-0.927184,0
10713,10.55,0.183067,0.0378,12.9636,0.145267,0.370557,-0.92881,0
10714,10.5667,0.18285,0.0369,13.1096,0.14595,0.366501,-0.930418,0
10715,10.5833,0.189,0.0367,13.2619,0.1523,0.362438,-0.932008,0
10716,10.6,0.189083,0.0376,13.4134,0.151483,0.358368,-0.93358,0
10717,10.6167,0.186367,0.0388,13.561,0.147567,0.354291,-0.935135,0
10718,10.6333,0.188217,0.0343,13.7149,0.153917,0.350207,-0.936672,0
10719,10.65,0.18795,0.0412,13.8617,0.14675,0.346117,-0.938191,0
10720,10.6667,0.191967,0.0364,14.0173,0.155567,0.34202,-0.939693,0
10721,10.6833,0.18775,0.035,14.17,0.15275,0.337917,-0.941176,0
10722,10.7,0.184633,0.0402,14.3144,0.144433,0.333807,-0.942641,0
10723,10.7167,0.188833,0.0377,14.4655,0.151133,0.329691,-0.944089,0
10724,10.7333,0.187917,0.0383,14.6151,0.149617,0.325568,-0.945519,0
10725,10.75,0.187617,0.0376,14.7651,0.150017,0.321439,-0.94693,0
10726,10.7667,0.18875,0.0394,14.9145,0.14935,0.317305,-0.948324,0
10727,10.7833,0.192483,0.0405,15.0665,0.151983,0.313164,-0.949699,0
10728,10.8,0.193867,0.0376,15.2228,0.156267,0.309017,-0.951057,0
10729,10.8167,0.188217,0.0392,15.3718,0.149017,0.304864,-0.952396,0
10730,10.8333,0.192,0.0379,15.5259,0.1541,0.300706,-0.953717,0
10731,10.85,0.190633,0.0384,15.6781,0.152233,0.296542,-0.95502,0
10732,10.8667,0.195,0.0352,15.8379,0.1598,0.292372,-0.956305,0
10733,10.8833,0.190817,0.0378,15.9909,0.153017,0.288196,-0.957571,0
10734,10.9,0.19435,0.0373,16.148,0.15705,0.284015,-0.95882,0
10735,10.9167,0.19335,0.0392,16.3021,0.15415,0.279829,-0.96005,0
10736,10.9333,0.193217,0.0367,16.4586,0.156517,0.275637,-0.961262,0
10737,10.95,0.195333,0.0386,16.6153,0.156733,0.27144,-0.962455,0
10738,10.9667,0.189833,0.0356,16.7695,0.154233,0.267238,-0.96363,0
10739,10.9833,0.191767,0.0389,16.9224,0.152867,0.263031,-0.964787,0
10740,11.0,0.195017,0.0375,17.0799,0.157517,0.258819,-0.965926,0
10741,11.0167,0.194233,0.0363,17.2378,0.157933,0.254602,-0.967046,0
10742,11.0333,0.192467,0.0374,17.3929,0.155067,0.25038,-0.968148,0
10743,11.05,0.197283,0.0338,17.5564,0.163483,0.246153,-0.969231,0
10744,11.0667,0.194567,0.0366,17.7144,0.157967,0.241922,-0.970296,0
10745,11.0833,0.192467,0.0399,17.867,0.152567,0.237686,-0.971342,0
10746,11.1,0.1977,0.0368,18.0,0.1609,0.233445,-0.97237,0
10747,11.1167,0.1957,0.0383,18.0,0.1574,0.2292,-0.973379,0
10748,11.1333,0.1962,0.038,18.0,0.1582,0.224951,-0.97437,0
10749,11.15,0.194833,0.037,18.0,0.157833,0.220697,-0.975342,0
10750,11.1667,0.193333,0.0356,18.0,0.157733,0.21644,-0.976296,0
10751,11.1833,0.19405,0.0373,18.0,0.15675,0.212178,-0.977231,0
10752,11.2,0.196417,0.0354,18.0,0.161017,0.207912,-0.978148,0
10753,11.2167,0.194283,0.0357,18.0,0.158583,0.203642,-0.979045,0
10754,11.2333,0.192083,0.0388,18.0,0.153283,0.199368,-0.979925,0
10755,11.25,0.19615,0.04,18.0,0.15615,0.19509,-0.980785,0
10756,11.2667,0.19325,0.0389,18.0,0.15435,0.190809,-0.981627,0
10757,11.2833,0.198883,0.0332,18.0,0.165683,0.186524,-0.98245,0
10758,11.3,0.192083,0.0345,18.0,0.157583,0.182236,-0.983255,0
10759,11.3167,0.196733,0.032,18.0,0.164733,0.177944,-0.984041,0
10760,11.3333,0.1983,0.0386,18.0,0.1597,0.173648,-0.984808,0
10761,11.35,0.19295,0.0381,18.0,0.15485,0.16935,-0.985556,0
10762,11.3667,0.1957,0.0353,18.0,0.1604,0.165048,-0.986286,0
10763,11.3833,0.200833,0.0364,18.0,0.164433,0.160743,-0.986996,0
10764,11.4,0.195083,0.0359,18.0,0.159183,0.156434,-0.987688,0
10765,11.4167,0.201167,0.0373,18.0,0.163867,0.152123,-0.988362,0
10766,11.4333,0.197367,0.0371,18.0,0.160267,0.147809,-0.989016,0
10767,11.45,0.199517,0.0379,18.0,0.161617,0.143493,-0.989651,0
10768,11.4667,0.19805,0.0383,18.0,0.15975,0.139173,-0.990268,0
10769,11.4833,0.199733,0.0372,18.0,0.162533,0.134851,-0.990866,0
10770,11.5,0.1984,0.0385,18.0,0.1599,0.130526,-0.991445,0
10771,11.5167,0.202033,0.0367,18.0,0.165333,0.126199,-0.992005,0
10772,11.5333,0.199733,0.0371,18.0,0.162633,0.121869,-0.992546,0
10773,11.55,0.197483,0.0391,18.0,0.158383,0.117537,-0.993068,0
10774,11.5667,0.197583,0.0391,18.0,0.158483,0.113203,-0.993572,0
10775,11.5833,0.199883,0.0387,18.0,0.161183,0.108867,-0.994056,0
10776,11.6,0.200333,0.0369,18.0,0.163433,0.104528,-0.994522,0
10777,11.6167,0.197583,0.0417,18.0,0.155883,0.100188,-0.994969,0
10778,11.6333,0.197783,0.0389,18.0,0.158883,0.095846,-0.995396,0
10779,11.65,0.197417,0.0346,18.0,0.162817,0.091502,-0.995805,0
10780,11.6667,0.199533,0.0383,18.0,0.161233,0.087156,-0.996195,0
10781,11.6833,0.198583,0.034,18.0,0.164583,0.082808,-0.996566,0
10782,11.7,0.202667,0.0362,18.0,0.166467,0.078459,-0.996917,0
10783,11.7167,0.199733,0.0389,18.0,0.160833,0.074108,-0.99725,0
10784,11.7333,0.202,0.0396,18.0,0.1624,0.069756,-0.997564,0
10785,11.75,0.19905,0.0381,18.0,0.16095,0.065403,-0.997859,0
10786,11.7667,0.19755,0.0382,18.0,0.15935,0.061049,-0.998135,0
10787,11.7833,0.196333,0.0348,18.0,0.161533,0.056693,-0.998392,0
10788,11.8,0.197617,0.0397,18.0,0.157917,0.052336,-0.99863,0
10789,11.8167,0.202517,0.0356,18.0,0.166917,0.047978,-0.998848,0
10790,11.8333,0.198667,0.039,18.0,0.159667,0.043619,-0.999048,0
10791,11.85,0.20185,0.0394,18.0,0.16245,0.03926,-0.999229,0
10792,11.8667,0.201617,0.0401,18.0,0.161517,0.034899,-0.999391,0
10793,11.8833,0.1996,0.0363,18.0,0.1633,0.030539,-0.999534,0
10794,11.9,0.19975,0.0382,18.0,0.16155,0.026177,-0.999657,0
10795,11.9167,0.200283,0.0412,18.0,0.159083,0.021815,-0.999762,0
10796,11.9333,0.202533,0.0335,18.0,0.169033,0.017452,-0.999848,0
10797,11.95,0.195383,0.037,18.0,0.158383,0.01309,-0.999914,0
10798,11.9667,0.201317,0.0382,18.0,0.163117,0.008727,-0.999962,0
10799,11.9833,0.201717,0.036,18.0,0.165717,0.004363,-0.99999,0
10800,12.0,0.200667,0.0374,18.0,0.163267,0.0,-1.0,0
10801,12.0167,0.201517,0.0363,18.0,0.165217,-0.004363,-0.99999,0
10802,12.0333,0.194117,0.0379,18.0,0.156217,-0.008727,-0.999962,0
10803,12.05,0.199317,0.0404,18.0,0.158917,-0.01309,-0.999914,0
10804,12.0667,0.200433,0.0423,18.0,0.158133,-0.017452,-0.999848,0
10805,12.0833,0.201783,0.0371,18.0,0.164683,-0.021815,-0.999762,0
10806,12.1,0.20055,0.0388,18.0,0.16175,-0.026177,-0.999657,0
10807,12.1167,0.20125,0.0377,18.0,0.16355,-0.030539,-0.999534,0
10808,12.1333,0.202917,0.039,18.0,0.163917,-0.034899,-0.999391,0
10809,12.15,0.198767,0.0377,18.0,0.161067,-0.03926,-0.999229,0
10810,12.1667,0.2034,0.0368,18.0,0.1666,-0.043619,-0.999048,0
10811,12.1833,0.2023,0.0371,18.0,0.1652,-0.047978,-0.998848,0
10812,12.2,0.202317,0.0368,18.0,0.165517,-0.052336,-0.99863,0
10813,12.2167,0.199083,0.0391,18.0,0.159983,-0.056693,-0.998392,0
10814,12.2333,0.19965,0.0383,18.0,0.16135,-0.061049,-0.998135,0
10815,12.25,0.2004,0.0401,18.0,0.1603,-0.065403,-0.997859,0
10816,12.2667,0.198017,0.0405,18.0,0.157517,-0.069756,-0.997564,0
10817,12.2833,0.19695,0.0357,18.0,0.16125,-0.074108,-0.99725,0
10818,12.3,0.198667,0.0384,18.0,0.160267,-0.078459,-0.996917,0
10819,12.3167,0.195967,0.0371,18.0,0.158867,-0.082808,-0.996566,0
10820,12.3333,0.194767,0.0387,18.0,0.156067,-0.087156,-0.996195,0
10821,12.35,0.197717,0.0377,18.0,0.160017,-0.091502,-0.995805,0
10822,12.3667,0.200333,0.0363,18.0,0.164033,-0.095846,-0.995396,0
10823,12.3833,0.198333,0.0381,18.0,0.160233,-0.100188,-0.994969,0
10824,12.4,0.1992,0.0364,18.0,0.1628,-0.104528,-0.994522,0
10825,12.4167,0.196767,0.0337,18.0,0.163067,-0.108867,-0.994056,0
10826,12.4333,0.19685,0.0386,18.0,0.15825,-0.113203,-0.993572,0
10827,12.45,0.20105,0.0353,18.0,0.16575,-0.117537,-0.993068,0
10828,12.4667,0.202367,0.0404,18.0,0.161967,-0.121869,-0.992546,0
10829,12.4833,0.195633,0.0363,18.0,0.159333,-0.126199,-0.992005,0
10830,12.5,0.201833,0.0365,18.0,0.165333,-0.130526,-0.991445,0
10831,12.5167,0.19235,0.0405,18.0,0.15185,-0.134851,-0.990866,0
10832,12.5333,0.19405,0.0406,18.0,0.15345,-0.139173,-0.990268,0
10833,12.55,0.201833,0.0375,18.0,0.164333,-0.143493,-0.989651,0
10834,12.5667,0.2027,0.0404,18.0,0.1623,-0.147809,-0.989016,0
10835,12.5833,0.196767,0.0373,18.0,0.159467,-0.152123,-0.988362,0
10836,12.6,0.201083,0.035,18.0,0.166083,-0.156434,-0.987688,0
10837,12.6167,0.197683,0.0351,18.0,0.162583,-0.160743,-0.986996,0
10838,12.6333,0.195717,0.0401,18.0,0.155617,-0.165048,-0.986286,0
10839,12.65,0.195917,0.0348,18.0,0.161117,-0.16935,-0.985556,0
10840,12.6667,0.198817,0.035,18.0,0.163817,-0.173648,-0.984808,0
10841,12.6833,0.200783,0.0364,18.0,0.164383,-0.177944,-0.984041,0
10842,12.7,0.195667,0.0381,18.0,0.157567,-0.182236,-0.983255,0
10843,12.7167,0.200367,0.0379,18.0,0.162467,-0.186524,-0.98245,0
10844,12.7333,0.1919,0.0372,18.0,0.1547,-0.190809,-0.981627,0
10845,12.75,0.19635,0.0333,18.0,0.16305,-0.19509,-0.980785,0
10846,12.7667,0.194717,0.0384,18.0,0.156317,-0.199368,-0.979925,0
10847,12.7833,0.197717,0.0372,18.0,0.160517,-0.203642,-0.979045,0
10848,12.8,0.195333,0.0405,18.0,0.154833,-0.207912,-0.978148,0
10849,12.8167,0.19255,0.0321,18.0,0.16045,-0.212178,-0.977231,0
10850,12.8333,0.194733,0.0377,18.0,0.157033,-0.21644,-0.976296,0
10851,12.85,0.198067,0.0401,18.0,0.157967,-0.220697,-0.975342,0
10852,12.8667,0.19385,0.0358,18.0,0.15805,-0.224951,-0.97437,0
10853,12.8833,0.194767,0.0379,18.0,0.156867,-0.2292,-0.973379,0
10854,12.9,0.195683,0.0369,18.0,0.158783,-0.233445,-0.97237,0
10855,12.9167,0.19035,0.0337,18.0,0.15665,-0.237686,-0.971342,0
10856,12.9333,0.194367,0.0386,18.0,0.155767,-0.241922,-0.970296,0
10857,12.95,0.195733,0.0367,18.0,0.159033,-0.246153,-0.969231,0
10858,12.9667,0.193883,0.0344,18.0,0.159483,-0.25038,-0.968148,0
10859,12.9833,0.191517,0.0375,18.0,0.154017,-0.254602,-0.967046,0
10860,13.0,0.193067,0.0376,18.0,0.155467,-0.258819,-0.965926,0
10861,13.0167,0.193983,0.0371,18.0,0.156883,-0.263031,-0.964787,0
10862,13.0333,0.188267,0.0358,18.0,0.152467,-0.267238,-0.96363,0
10863,13.05,0.19005,0.0359,18.0,0.15415,-0.27144,-0.962455,0
10864,13.0667,0.189083,0.0383,18.0,0.150783,-0.275637,-0.961262,0
10865,13.0833,0.188867,0.0334,18.0,0.155467,-0.279829,-0.96005,0
10866,13.1,0.19385,0.0387,18.0,0.15515,-0.284015,-0.95882,0
10867,13.1167,0.194517,0.0375,18.0,0.157017,-0.288196,-0.957571,0
10868,13.1333,0.19115,0.0402,18.0,0.15095,-0.292372,-0.956305,0
10869,13.15,0.195083,0.0403,18.0,0.154783,-0.296542,-0.95502,0
10870,13.1667,0.1913,0.0331,18.0,0.1582,-0.300706,-0.953717,0
10871,13.1833,0.193333,0.0362,18.0,0.157133,-0.304864,-0.952396,0
10872,13.2,0.188367,0.037,18.0,0.151367,-0.309017,-0.951057,0
10873,13.2167,0.1877,0.0383,18.0,0.1494,-0.313164,-0.949699,0
10874,13.2333,0.1945,0.039,18.0,0.1555,-0.317305,-0.948324,0
10875,13.25,0.18945,0.0377,18.0,0.15175,-0.321439,-0.94693,0
10876,13.2667,0.185767,0.0367,18.0,0.149067,-0.325568,-0.945519,0
10877,13.2833,0.1911,0.0364,18.0,0.1547,-0.329691,-0.944089,0
10878,13.3,0.18895,0.0341,18.0,0.15485,-0.333807,-0.942641,0
10879,13.3167,0.185867,0.038,18.0,0.147867,-0.337917,-0.941176,0
10880,13.3333,0.187633,0.039,18.0,0.148633,-0.34202,-0.939693,0
10881,13.35,0.186567,0.0391,18.0,0.147467,-0.346117,-0.938191,0
10882,13.3667,0.192117,0.0408,18.0,0.151317,-0.350207,-0.936672,0
10883,13.3833,0.18765,0.0369,18.0,0.15075,-0.354291,-0.935135,0
10884,13.4,0.185417,0.038,18.0,0.147417,-0.358368,-0.93358,0
10885,13.4167,0.184033,0.0332,18.0,0.150833,-0.362438,-0.932008,0
10886,13.4333,0.186783,0.0378,18.0,0.148983,-0.366501,-0.930418,0
10887,13.45,0.190117,0.0395,18.0,0.150617,-0.370557,-0.92881,0
10888,13.4667,0.183067,0.0329,18.0,0.150167,-0.374607,-0.927184,0
10889,13.4833,0.186867,0.04,18.0,0.146867,-0.378649,-0.925541,0
10890,13.5,0.185217,0.033,18.0,0.152217,-0.382683,-0.92388,0
10891,13.5167,0.184033,0.0353,18.0,0.148733,-0.386711,-0.922201,0
10892,13.5333,0.185417,0.0361,18.0,0.149317,-0.390731,-0.920505,0
10893,13.55,0.186233,0.0363,18.0,0.149933,-0.394744,-0.918791,0
10894,13.5667,0.18655,0.0393,18.0,0.14725,-0.398749,-0.91706,0
10895,13.5833,0.185883,0.0376,18.0,0.148283,-0.402747,-0.915311,0
10896,13.6,0.181983,0.0361,18.0,0.145883,-0.406737,-0.913545,0
10897,13.6167,0.180217,0.0391,18.0,0.141117,-0.410719,-0.911762,0
10898,13.6333,0.1823,0.0365,18.0,0.1458,-0.414693,-0.909961,0
10899,13.65,0.178567,0.0379,18.0,0.140667,-0.41866,-0.908143,0
10900,13.6667,0.17925,0.0352,18.0,0.14405,-0.422618,-0.906308,0
10901,13.6833,0.181517,0.0355,18.0,0.146017,-0.426569,-0.904455,0
10902,13.7,0.180617,0.0381,18.0,0.142517,-0.430511,-0.902585,0
10903,13.7167,0.176867,0.0383,18.0,0.138567,-0.434445,-0.900698,0
10904,13.7333,0.179233,0.0389,18.0,0.140333,-0.438371,-0.898794,0
10905,13.75,0.179533,0.0329,18.0,0.146633,-0.442289,-0.896873,0
10906,13.7667,0.179767,0.0365,18.0,0.143267,-0.446198,-0.894934,0
10907,13.7833,0.177267,0.0363,18.0,0.140967,-0.450098,-0.892979,0
10908,13.8,0.171867,0.0363,18.0,0.135567,-0.45399,-0.891007,0
10909,13.8167,0.180767,0.0372,18.0,0.143567,-0.457874,-0.889017,0
10910,13.8333,0.175233,0.0371,18.0,0.138133,-0.461749,-0.887011,0
10911,13.85,0.176133,0.036,18.0,0.140133,-0.465615,-0.884988,0
10912,13.8667,0.182667,0.0396,18.0,0.143067,-0.469472,-0.882948,0
10913,13.8833,0.179767,0.0412,18.0,0.138567,-0.47332,-0.880891,0
10914,13.9,0.173133,0.039,18.0,0.134133,-0.477159,-0.878817,0
10915,13.9167,0.17285,0.0353,18.0,0.13755,-0.480989,-0.876727,0
10916,13.9333,0.17245,0.0367,18.0,0.13575,-0.48481,-0.87462,0
10917,13.95,0.182083,0.037,18.0,0.145083,-0.488621,-0.872496,0
10918,13.9667,0.175217,0.0345,18.0,0.140717,-0.492424,-0.870356,0
10919,13.9833,0.176133,0.0358,18.0,0.140333,-0.496217,-0.868199,0
10920,14.0,0.1723,0.0364,18.0,0.1359,-0.5,-0.866025,0
10921,14.0167,0.174017,0.039,18.0,0.135017,-0.503774,-0.863836,0
10922,14.0333,0.1717,0.0353,18.0,0.1364,-0.507538,-0.861629,0
10923,14.05,0.17345,0.043,18.0,0.13045,-0.511293,-0.859406,0
10924,14.0667,0.169067,0.0414,18.0,0.127667,-0.515038,-0.857167,0
10925,14.0833,0.169833,0.0378,18.0,0.132033,-0.518773,-0.854912,0
10926,14.1,0.170883,0.037,18.0,0.133883,-0.522499,-0.85264,0
10927,14.1167,0.1759,0.0371,18.0,0.1388,-0.526214,-0.850352,0
10928,14.1333,0.169117,0.038,18.0,0.131117,-0.529919,-0.848048,0
10929,14.15,0.166483,0.0383,18.0,0.128183,-0.533615,-0.845728,0
10930,14.1667,0.167367,0.032,18.0,0.135367,-0.5373,-0.843391,0
10931,14.1833,0.166983,0.0368,18.0,0.130183,-0.540974,-0.841039,0
10932,14.2,0.1677,0.0373,18.0,0.1304,-0.544639,-0.838671,0
10933,14.2167,0.164983,0.0395,18.0,0.125483,-0.548293,-0.836286,0
10934,14.2333,0.1728,0.0397,18.0,0.1331,-0.551937,-0.833886,0
10935,14.25,0.1659,0.0366,18.0,0.1293,-0.55557,-0.83147,0
10936,14.2667,0.165083,0.0376,18.0,0.127483,-0.559193,-0.829038,0
10937,14.2833,0.162567,0.0366,18.0,0.125967,-0.562805,-0.82659,0
10938,14.3,0.164783,0.036,18.0,0.128783,-0.566406,-0.824126,0
10939,14.3167,0.161367,0.0395,18.0,0.121867,-0.569997,-0.821647,0
10940,14.3333,0.163733,0.0361,18.0,0.127633,-0.573576,-0.819152,0
10941,14.35,0.162817,0.0379,18.0,0.124917,-0.577145,-0.816642,0
10942,14.3667,0.161717,0.0373,18.0,0.124417,-0.580703,-0.814116,0
10943,14.3833,0.159133,0.0391,18.0,0.120033,-0.58425,-0.811574,0
10944,14.4,0.162283,0.041,18.0,0.121283,-0.587785,-0.809017,0
10945,14.4167,0.16185,0.039,18.0,0.12285,-0.59131,-0.806445,0
10946,14.4333,0.15815,0.0345,18.0,0.12365,-0.594823,-0.803857,0
10947,14.45,0.16085,0.0357,18.0,0.12515,-0.598325,-0.801254,0
10948,14.4667,0.15405,0.0352,18.0,0.11885,-0.601815,-0.798636,0
10949,14.4833,0.15845,0.0391,18.0,0.11935,-0.605294,-0.796002,0
10950,14.5,0.158167,0.0392,18.0,0.118967,-0.608761,-0.793353,0
10951,14.5167,0.158033,0.039,18.0,0.119033,-0.612217,-0.79069,0
10952,14.5333,0.159133,0.036,18.0,0.123133,-0.615661,-0.788011,0
10953,14.55,0.15625,0.0385,18.0,0.11775,-0.619094,-0.785317,0
10954,14.5667,0.154017,0.0394,18.0,0.114617,-0.622515,-0.782608,0
10955,14.5833,0.156133,0.037,18.0,0.119133,-0.625923,-0.779884,0
10956,14.6,0.156033,0.0356,18.0,0.120433,-0.62932,-0.777146,0
10957,14.6167,0.155917,0.0377,18.0,0.118217,-0.632705,-0.774393,0
10958,14.6333,0.1561,0.0403,18.0,0.1158,-0.636078,-0.771625,0
10959,14.65,0.1529,0.0355,18.0,0.1174,-0.639439,-0.768842,0
10960,14.6667,0.155933,0.0403,18.0,0.115633,-0.642788,-0.766044,0
10961,14.6833,0.14765,0.0396,18.0,0.10805,-0.646124,-0.763232,0
10962,14.7,0.152217,0.0376,18.0,0.114617,-0.649448,-0.760406,0
10963,14.7167,0.152083,0.0347,18.0,0.117383,-0.65276,-0.757565,0
10964,14.7333,0.150283,0.0346,18.0,0.115683,-0.656059,-0.75471,0
10965,14.75,0.154133,0.0323,18.0,0.121833,-0.659346,-0.75184,0
10966,14.7667,0.153083,0.0348,18.0,0.118283,-0.66262,-0.748956,0
10967,14.7833,0.147583,0.0368,18.0,0.110783,-0.665882,-0.746057,0
10968,14.8,0.149633,0.0385,18.0,0.111133,-0.669131,-0.743145,0
10969,14.8167,0.147983,0.0359,18.0,0.112083,-0.672367,-0.740218,0
10970,14.8333,0.150933,0.034,18.0,0.116933,-0.67559,-0.737277,0
10971,14.85,0.150583,0.0364,18.0,0.114183,-0.678801,-0.734323,0
10972,14.8667,0.14575,0.0396,18.0,0.10615,-0.681998,-0.731354,0
10973,14.8833,0.1463,0.0361,18.0,0.1102,-0.685183,-0.728371,0
10974,14.9,0.142333,0.0359,18.0,0.106433,-0.688355,-0.725374,0
10975,14.9167,0.147883,0.0397,18.0,0.108183,-0.691513,-0.722364,0
10976,14.9333,0.14325,0.0333,18.0,0.10995,-0.694658,-0.71934,0
10977,14.95,0.142533,0.0345,18.0,0.108033,-0.69779,-0.716302,0
10978,14.9667,0.141433,0.0363,18.0,0.105133,-0.700909,-0.71325,0
10979,14.9833,0.1408,0.0362,18.0,0.1046,-0.704015,-0.710185,0
10980,15.0,0.141433,0.0399,18.0,0.101533,-0.707107,-0.707107,0
10981,15.0167,0.143533,0.037,18.0,0.106533,-0.710185,-0.704015,0
10982,15.0333,0.13855,0.0386,18.0,0.09995,-0.71325,-0.700909,0
10983,15.05,0.136,0.0348,18.0,0.1012,-0.716302,-0.69779,0
10984,15.0667,0.139983,0.037,18.0,0.102983,-0.71934,-0.694658,0
10985,15.0833,0.1379,0.0405,18.0,0.0974,-0.722364,-0.691513,0
10986,15.1,0.13585,0.0341,18.0,0.10175,-0.725374,-0.688355,0
10987,15.1167,0.136267,0.0393,18.0,0.096967,-0.728371,-0.685183,0
10988,15.1333,0.139917,0.0344,18.0,0.105517,-0.731354,-0.681998,0
10989,15.15,0.1426,0.0365,18.0,0.1061,-0.734323,-0.678801,0
10990,15.1667,0.134167,0.0372,18.0,0.096967,-0.737277,-0.67559,0
10991,15.1833,0.134683,0.0367,18.0,0.097983,-0.740218,-0.672367,0
10992,15.2,0.1331,0.0377,18.0,0.0954,-0.743145,-0.669131,0
10993,15.2167,0.131717,0.0374,18.0,0.094317,-0.746057,-0.665882,0
10994,15.2333,0.137267,0.04,18.0,0.097267,-0.748956,-0.66262,0
10995,15.25,0.1279,0.0374,18.0,0.0905,-0.75184,-0.659346,0
10996,15.2667,0.12745,0.0376,18.0,0.08985,-0.75471,-0.656059,0
10997,15.2833,0.132617,0.0355,18.0,0.097117,-0.757565,-0.65276,0
10998,15.3,0.131283,0.0382,18.0,0.093083,-0.760406,-0.649448,0
10999,15.3167,0.128067,0.0398,18.0,0.088267,-0.763232,-0.646124,0
11000,15.3333,0.132583,0.034,18.0,0.098583,-0.766044,-0.642788,0
11001,15.35,0.12705,0.0362,18.0,0.09085,-0.768842,-0.639439,0
11002,15.3667,0.127483,0.0363,18.0,0.091183,-0.771625,-0.636078,0
11003,15.3833,0.12525,0.0358,18.0,0.08945,-0.774393,-0.632705,0
11004,15.4,0.125917,0.1004,18.0,0.025517,-0.777146,-0.62932,0
11005,15.4167,0.1235,0.0988,18.0,0.0247,-0.779884,-0.625923,0
11006,15.4333,0.125817,0.1001,18.0,0.025717,-0.782608,-0.622515,0
11007,15.45,0.1242,0.0995,18.0,0.0247,-0.785317,-0.619094,0
11008,15.4667,0.1209,0.0959,18.0,0.025,-0.788011,-0.615661,0
11009,15.4833,0.118233,0.0999,18.0,0.018333,-0.79069,-0.612217,0
11010,15.5,0.124967,0.1006,18.0,0.024367,-0.793353,-0.608761,0
11011,15.5167,0.122367,0.0986,18.0,0.023767,-0.796002,-0.605294,0
11012,15.5333,0.1212,0.0948,18.0,0.0264,-0.798636,-0.601815,0
11013,15.55,0.120583,0.0981,18.0,0.022483,-0.801254,-0.598325,0
11014,15.5667,0.11765,0.0964,18.0,0.02125,-0.803857,-0.594823,0
11015,15.5833,0.11745,0.1008,18.0,0.01665,-0.806445,-0.59131,0
11016,15.6,0.118833,0.099,18.0,0.019833,-0.809017,-0.587785,0
11017,15.6167,0.1163,0.1006,18.0,0.0157,-0.811574,-0.58425,0
11018,15.6333,0.113533,0.0987,18.0,0.014833,-0.814116,-0.580703,0
11019,15.65,0.112783,0.0987,18.0,0.014083,-0.816642,-0.577145,0
11020,15.6667,0.116733,0.1023,18.0,0.014433,-0.819152,-0.573576,0
11021,15.6833,0.113133,0.1006,18.0,0.012533,-0.821647,-0.569997,0
11022,15.7,0.112517,0.0982,18.0,0.014317,-0.824126,-0.566406,0
11023,15.7167,0.11245,0.0985,18.0,0.01395,-0.82659,-0.562805,0
11024,15.7333,0.106917,0.0958,18.0,0.011117,-0.829038,-0.559193,0
11025,15.75,0.108917,0.1003,18.0,0.008617,-0.83147,-0.55557,0
11026,15.7667,0.1115,0.0979,18.0,0.0136,-0.833886,-0.551937,0
11027,15.7833,0.109767,0.1002,18.0,0.009567,-0.836286,-0.548293,0
11028,15.8,0.112217,0.0984,18.0,0.013817,-0.838671,-0.544639,0
11029,15.8167,0.109133,0.0969,18.0,0.012233,-0.841039,-0.540974,0
11030,15.8333,0.107483,0.0998,18.0,0.007683,-0.843391,-0.5373,0
11031,15.85,0.110717,0.0957,18.0,0.015017,-0.845728,-0.533615,0
11032,15.8667,0.108483,0.0424,18.0,0.066083,-0.848048,-0.529919,0
11033,15.8833,0.104967,0.036,18.0,0.068967,-0.850352,-0.526214,0
11034,15.9,0.101633,0.0382,18.0,0.063433,-0.85264,-0.522499,0
11035,15.9167,0.108567,0.0353,18.0,0.073267,-0.854912,-0.518773,0
11036,15.9333,0.104267,0.0396,18.0,0.064667,-0.857167,-0.515038,0
11037,15.95,0.100283,0.0375,18.0,0.062783,-0.859406,-0.511293,0
11038,15.9667,0.099717,0.0366,18.0,0.063117,-0.861629,-0.507538,0
11039,15.9833,0.101267,0.036,18.0,0.065267,-0.863836,-0.503774,0
11040,16.0,0.1001,0.0397,18.0,0.0604,-0.866025,-0.5,0
11041,16.0167,0.099617,0.0392,18.0,0.060417,-0.868199,-0.496217,0
11042,16.0333,0.10055,0.0392,18.0,0.06135,-0.870356,-0.492424,0
11043,16.05,0.10085,0.0362,18.0,0.06465,-0.872496,-0.488621,0
11044,16.0667,0.097417,0.0419,18.0,0.055517,-0.87462,-0.48481,0
11045,16.0833,0.0917,0.0313,18.0,0.0604,-0.876727,-0.480989,0
11046,16.1,0.0934,0.039,18.0,0.0544,-0.878817,-0.477159,0
11047,16.1167,0.093567,0.0367,18.0,0.056867,-0.880891,-0.47332,0
11048,16.1333,0.0924,0.0359,18.0,0.0565,-0.882948,-0.469472,0
11049,16.15,0.094933,0.0387,18.0,0.056233,-0.884988,-0.465615,0
11050,16.1667,0.090533,0.0346,18.0,0.055933,-0.887011,-0.461749,0
11051,16.1833,0.096067,0.0403,18.0,0.055767,-0.889017,-0.457874,0
11052,16.2,0.093867,0.0339,18.0,0.059967,-0.891007,-0.45399,0
11053,16.2167,0.090283,0.0394,18.0,0.050883,-0.892979,-0.450098,0
11054,16.2333,0.0874,0.0362,18.0,0.0512,-0.894934,-0.446198,0
11055,16.25,0.09255,0.038,18.0,0.05455,-0.896873,-0.442289,0
11056,16.2667,0.087517,0.0344,18.0,0.053117,-0.898794,-0.438371,0
11057,16.2833,0.084933,0.0393,18.0,0.045633,-0.900698,-0.434445,0
11058,16.3,0.0851,0.0392,18.0,0.0459,-0.902585,-0.430511,0
11059,16.3167,0.085617,0.037,18.0,0.048617,-0.904455,-0.426569,0
11060,16.3333,0.084783,0.0339,18.0,0.050883,-0.906308,-0.422618,0
11061,16.35,0.081433,0.04,18.0,0.041433,-0.908143,-0.41866,0
11062,16.3667,0.080017,0.034,18.0,0.046017,-0.909961,-0.414693,0
11063,16.3833,0.082367,0.0401,18.0,0.042267,-0.911762,-0.410719,0
11064,16.4,0.087217,0.034,18.0,0.053217,-0.913545,-0.406737,0
11065,16.4167,0.081717,0.0378,18.0,0.043917,-0.915311,-0.402747,0
11066,16.4333,0.082033,0.0382,18.0,0.043833,-0.91706,-0.398749,0
11067,16.45,0.082517,0.0375,18.0,0.045017,-0.918791,-0.394744,0
11068,16.4667,0.076517,0.0387,18.0,0.037817,-0.920505,-0.390731,0
11069,16.4833,0.0779,0.0383,18.0,0.0396,-0.922201,-0.386711,0
11070,16.5,0.076983,0.0379,18.0,0.039083,-0.92388,-0.382683,0
11071,16.5167,0.07605,0.0341,18.0,0.04195,-0.925541,-0.378649,0
11072,16.5333,0.072167,0.0374,18.0,0.034767,-0.927184,-0.374607,0
11073,16.55,0.071183,0.0382,18.0,0.032983,-0.92881,-0.370557,0
11074,16.5667,0.07055,0.0362,18.0,0.03435,-0.930418,-0.366501,0
11075,16.5833,0.070233,0.0402,18.0,0.030033,-0.932008,-0.362438,0
11076,16.6,0.07065,0.0362,18.0,0.03445,-0.93358,-0.358368,0
11077,16.6167,0.0752,0.0372,18.0,0.038,-0.935135,-0.354291,0
11078,16.6333,0.071033,0.0348,18.0,0.036233,-0.936672,-0.350207,0
11079,16.65,0.070067,0.0352,18.0,0.034867,-0.938191,-0.346117,0
11080,16.6667,0.07055,0.0414,18.0,0.02915,-0.939693,-0.34202,0
11081,16.6833,0.067033,0.0388,18.0,0.028233,-0.941176,-0.337917,0
11082,16.7,0.06455,0.0388,18.0,0.02575,-0.942641,-0.333807,0
11083,16.7167,0.071267,0.0396,18.0,0.031667,-0.944089,-0.329691,0
11084,16.7333,0.065717,0.0365,18.0,0.029217,-0.945519,-0.325568,0
11085,16.75,0.064867,0.0376,18.0,0.027267,-0.94693,-0.321439,0
11086,16.7667,0.068633,0.0389,18.0,0.029733,-0.948324,-0.317305,0
11087,16.7833,0.064433,0.0377,18.0,0.026733,-0.949699,-0.313164,0
11088,16.8,0.061983,0.0363,18.0,0.025683,-0.951057,-0.309017,0
11089,16.8167,0.0642,0.0397,18.0,0.0245,-0.952396,-0.304864,0
11090,16.8333,0.057933,0.0374,18.0,0.020533,-0.953717,-0.300706,0
11091,16.85,0.061183,0.0364,18.0,0.024783,-0.95502,-0.296542,0
11092,16.8667,0.060833,0.0364,18.0,0.024433,-0.956305,-0.292372,0
11093,16.8833,0.055317,0.0341,18.0,0.021217,-0.957571,-0.288196,0
11094,16.9,0.057883,0.0419,18.0,0.015983,-0.95882,-0.284015,0
11095,16.9167,0.057683,0.0368,18.0,0.020883,-0.96005,-0.279829,0
11096,16.9333,0.051567,0.04,18.0,0.011567,-0.961262,-0.275637,0
11097,16.95,0.054383,0.0395,18.0,0.014883,-0.962455,-0.27144,0
11098,16.9667,0.05065,0.0383,18.0,0.01235,-0.96363,-0.267238,0
11099,16.9833,0.055617,0.0365,18.0,0.019117,-0.964787,-0.263031,0
11100,17.0,0.05065,0.038,18.0,0.01265,-0.965926,-0.258819,0
11101,17.0167,0.05135,0.0405,18.0,0.01085,-0.967046,-0.254602,0
11102,17.0333,0.046867,0.0373,18.0,0.009567,-0.968148,-0.25038,0
11103,17.05,0.05455,0.0389,18.0,0.01565,-0.969231,-0.246153,0
11104,17.0667,0.047333,0.0416,18.0,0.005733,-0.970296,-0.241922,0
11105,17.0833,0.044717,0.0391,18.0,0.005617,-0.971342,-0.237686,0
11106,17.1,0.044633,0.04,18.0,0.004633,-0.97237,-0.233445,0
11107,17.1167,0.049883,0.0409,18.0,0.008983,-0.973379,-0.2292,0
11108,17.1333,0.045967,0.0383,18.0,0.007667,-0.97437,-0.224951,0
11109,17.15,0.0462,0.0407,18.0,0.0055,-0.975342,-0.220697,0
11110,17.1667,0.043033,0.0366,18.0,0.006433,-0.976296,-0.21644,0
11111,17.1833,0.044067,0.0356,18.0,0.008467,-0.977231,-0.212178,0
11112,17.2,0.037867,0.0361,18.0,0.001767,-0.978148,-0.207912,0
11113,17.2167,0.037683,0.0381,17.9996,-0.000417,-0.979045,-0.203642,0
11114,17.2333,0.04205,0.0394,18.0,0.00265,-0.979925,-0.199368,0
11115,17.25,0.038517,0.0385,18.0,1.7e-05,-0.980785,-0.19509,0
11116,17.2667,0.038467,0.0396,17.9989,-0.001133,-0.981627,-0.190809,0
11117,17.2833,0.040617,0.0377,18.0,0.002917,-0.98245,-0.186524,0
11118,17.3,0.034233,0.034,18.0,0.000233,-0.983255,-0.182236,0
11119,17.3167,0.036917,0.0383,17.9986,-0.001383,-0.984041,-0.177944,0
11120,17.3333,0.037867,0.0381,17.9984,-0.000233,-0.984808,-0.173648,0
11121,17.35,0.037483,0.0371,17.9988,0.000383,-0.985556,-0.16935,0
11122,17.3667,0.037567,0.0375,17.9989,6.7e-05,-0.986286,-0.165048,0
11123,17.3833,0.0295,0.0368,17.9916,-0.0073,-0.986996,-0.160743,0
11124,17.4,0.032617,0.0395,17.9847,-0.006883,-0.987688,-0.156434,0
11125,17.4167,0.03645,0.0367,17.9844,-0.00025,-0.988362,-0.152123,0
11126,17.4333,0.034367,0.0367,17.9821,-0.002333,-0.989016,-0.147809,0
11127,17.45,0.02735,0.038,17.9714,-0.01065,-0.989651,-0.143493,0
11128,17.4667,0.031067,0.0345,17.968,-0.003433,-0.990268,-0.139173,0
11129,17.4833,0.026817,0.0378,17.957,-0.010983,-0.990866,-0.134851,0
11130,17.5,0.0279,0.0351,17.9498,-0.0072,-0.991445,-0.130526,0
11131,17.5167,0.02825,0.0433,17.9348,-0.01505,-0.992005,-0.126199,0
11132,17.5333,0.021633,0.0357,17.9207,-0.014067,-0.992546,-0.121869,0
11133,17.55,0.02275,0.0385,17.9049,-0.01575,-0.993068,-0.117537,0
11134,17.5667,0.020983,0.0367,17.8892,-0.015717,-0.993572,-0.113203,0
11135,17.5833,0.0233,0.0357,17.8768,-0.0124,-0.994056,-0.108867,0
11136,17.6,0.019,0.0345,17.8613,-0.0155,-0.994522,-0.104528,0
11137,17.6167,0.01945,0.0384,17.8423,-0.01895,-0.994969,-0.100188,0
11138,17.6333,0.01775,0.0346,17.8255,-0.01685,-0.995396,-0.095846,0
11139,17.65,0.015833,0.034,17.8073,-0.018167,-0.995805,-0.091502,0
11140,17.6667,0.017583,0.0386,17.7863,-0.021017,-0.996195,-0.087156,0
11141,17.6833,0.017883,0.0341,17.7701,-0.016217,-0.996566,-0.082808,0
11142,17.7,0.0138,0.0374,17.7465,-0.0236,-0.996917,-0.078459,0
11143,17.7167,0.018383,0.0387,17.7262,-0.020317,-0.99725,-0.074108,0
11144,17.7333,0.0115,0.0383,17.6994,-0.0268,-0.997564,-0.069756,0
11145,17.75,0.01215,0.0343,17.6773,-0.02215,-0.997859,-0.065403,0
11146,17.7667,0.01365,0.0364,17.6545,-0.02275,-0.998135,-0.061049,0
11147,17.7833,0.012983,0.0384,17.6291,-0.025417,-0.998392,-0.056693,0
11148,17.8,0.008417,0.0384,17.5991,-0.029983,-0.99863,-0.052336,0
11149,17.8167,0.013133,0.0373,17.5749,-0.024167,-0.998848,-0.047978,0
11150,17.8333,0.010717,0.0351,17.5505,-0.024383,-0.999048,-0.043619,0
11151,17.85,0.00715,0.0407,17.5169,-0.03355,-0.999229,-0.03926,0
11152,17.8667,0.00455,0.0387,17.4827,-0.03415,-0.999391,-0.034899,0
11153,17.8833,0.004083,0.0368,17.45,-0.032717,-0.999534,-0.030539,0
11154,17.9,0.003717,0.0364,17.4173,-0.032683,-0.999657,-0.026177,0
11155,17.9167,0.000567,0.0388,17.3791,-0.038233,-0.999762,-0.021815,0
11156,17.9333,0.005017,0.0393,17.3448,-0.034283,-0.999848,-0.017452,0
11157,17.95,0.0,0.0333,17.3115,-0.0333,-0.999914,-0.01309,0
11158,17.9667,0.0,0.0377,17.2738,-0.0377,-0.999962,-0.008727,0
11159,17.9833,0.0024,0.0379,17.2383,-0.0355,-0.99999,-0.004363,0
11160,18.0,5e-05,0.0834,17.1549,-0.08335,-1.0,-0.0,0
11161,18.0167,0.0,0.0861,17.0688,-0.0861,-0.99999,0.004363,0
11162,18.0333,0.0,0.0836,16.9852,-0.0836,-0.999962,0.008727,0
11163,18.05,0.0,0.0863,16.8989,-0.0863,-0.999914,0.01309,0
11164,18.0667,0.0,0.0825,16.8164,-0.0825,-0.999848,0.017452,0
11165,18.0833,0.0,0.0839,16.7325,-0.0839,-0.999762,0.021815,0
11166,18.1,0.0,0.0837,16.6488,-0.0837,-0.999657,0.026177,0
11167,18.1167,0.0,0.0844,16.5644,-0.0844,-0.999534,0.030539,0
11168,18.1333,0.0,0.0848,16.4796,-0.0848,-0.999391,0.034899,0
11169,18.15,0.0,0.0835,16.3961,-0.0835,-0.999229,0.03926,0
11170,18.1667,0.0,0.083,16.3131,-0.083,-0.999048,0.043619,0
11171,18.1833,0.0,0.0854,16.2277,-0.0854,-0.998848,0.047978,0
11172,18.2,0.0,0.0829,16.1448,-0.0829,-0.99863,0.052336,0
11173,18.2167,0.0,0.0854,16.0594,-0.0854,-0.998392,0.056693,0
11174,18.2333,0.0,0.0877,15.9717,-0.0877,-0.998135,0.061049,0
11175,18.25,0.0,0.0846,15.8871,-0.0846,-0.997859,0.065403,0
11176,18.2667,0.0,0.082,15.8051,-0.082,-0.997564,0.069756,0
11177,18.2833,0.0,0.0831,15.722,-0.0831,-0.99725,0.074108,0
11178,18.3,0.0,0.0872,15.6348,-0.0872,-0.996917,0.078459,0
11179,18.3167,0.0,0.0786,15.5562,-0.0786,-0.996566,0.082808,0
11180,18.3333,0.0,0.0852,15.471,-0.0852,-0.996195,0.087156,0
11181,18.35,0.0,0.0806,15.3904,-0.0806,-0.995805,0.091502,0
11182,18.3667,0.0,0.0876,15.3028,-0.0876,-0.995396,0.095846,0
11183,18.3833,0.0,0.0866,15.2162,-0.0866,-0.994969,0.100188,0
11184,18.4,0.0,0.0864,15.1298,-0.0864,-0.994522,0.104528,0
11185,18.4167,0.0,0.0873,15.0425,-0.0873,-0.994056,0.108867,0
11186,18.4333,0.0,0.0867,14.9558,-0.0867,-0.993572,0.113203,0
11187,18.45,0.0,0.0869,14.8689,-0.0869,-0.993068,0.117537,0
11188,18.4667,0.0,0.0869,14.782,-0.0869,-0.992546,0.121869,0
11189,18.4833,0.0,0.0837,14.6983,-0.0837,-0.992005,0.126199,0
11190,18.5,0.0,0.0871,14.6112,-0.0871,-0.991445,0.130526,0
11191,18.5167,0.0,0.0841,14.5271,-0.0841,-0.990866,0.134851,0
11192,18.5333,0.0,0.0857,14.4414,-0.0857,-0.990268,0.139173,0
11193,18.55,0.0,0.083,14.3584,-0.083,-0.989651,0.143493,0
11194,18.5667,0.0,0.0824,14.276,-0.0824,-0.989016,0.147809,0
11195,18.5833,0.0,0.0848,14.1912,-0.0848,-0.988362,0.152123,0
11196,18.6,0.0,0.0852,14.106,-0.0852,-0.987688,0.156434,0
11197,18.6167,0.0,0.0873,14.0187,-0.0873,-0.986996,0.160743,0
11198,18.6333,0.0,0.0856,13.9331,-0.0856,-0.986286,0.165048,0
11199,18.65,0.0,0.0841,13.849,-0.0841,-0.985556,0.16935,0
11200,18.6667,0.0,0.0873,13.7617,-0.0873,-0.984808,0.173648,0
11201,18.6833,0.0,0.083,13.6787,-0.083,-0.984041,0.177944,0
11202,18.7,0.0,0.0845,13.5942,-0.0845,-0.983255,0.182236,0
11203,18.7167,0.0,0.0841,13.5101,-0.0841,-0.98245,0.186524,0
11204,18.7333,0.0,0.0829,13.4272,-0.0829,-0.981627,0.190809,0
11205,18.75,0.0,0.0818,13.3454,-0.0818,-0.980785,0.19509,0
11206,18.7667,0.0,0.0856,13.2598,-0.0856,-0.979925,0.199368,0
11207,18.7833,0.0,0.0857,13.1741,-0.0857,-0.979045,0.203642,0
11208,18.8,0.0,0.0829,13.0912,-0.0829,-0.978148,0.207912,0
11209,18.8167,0.0,0.0862,13.005,-0.0862,-0.977231,0.212178,0
11210,18.8333,0.0,0.0843,12.9207,-0.0843,-0.976296,0.21644,0
11211,18.85,0.0,0.0847,12.836,-0.0847,-0.975342,0.220697,0
11212,18.8667,0.0,0.0838,12.7522,-0.0838,-0.97437,0.224951,0
11213,18.8833,0.0,0.0833,12.6689,-0.0833,-0.973379,0.2292,0
11214,18.9,0.0,0.0869,12.582,-0.0869,-0.97237,0.233445,0
11215,18.9167,0.0,0.0897,12.4923,-0.0897,-0.971342,0.237686,0
11216,18.9333,0.0,0.0832,12.4091,-0.0832,-0.970296,0.241922,0
11217,18.95,0.0,0.0836,12.3255,-0.0836,-0.969231,0.246153,0
11218,18.9667,0.0,0.0829,12.2426,-0.0829,-0.968148,0.25038,0
11219,18.9833,0.0,0.0851,12.1575,-0.0851,-0.967046,0.254602,0
11220,19.0,0.0,0.0852,12.0723,-0.0852,-0.965926,0.258819,0
11221,19.0167,0.0,0.086,11.9863,-0.086,-0.964787,0.263031,0
11222,19.0333,0.0,0.0854,11.9009,-0.0854,-0.96363,0.267238,0
11223,19.05,0.0,0.0889,11.812,-0.0889,-0.962455,0.27144,0
11224,19.0667,0.0,0.0852,11.7268,-0.0852,-0.961262,0.275637,0
11225,19.0833,0.0,0.0825,11.6443,-0.0825,-0.96005,0.279829,0
11226,19.1,0.0,0.0873,11.557,-0.0873,-0.95882,0.284015,0
11227,19.1167,0.0,0.0896,11.4674,-0.0896,-0.957571,0.288196,0
11228,19.1333,0.0,0.0863,11.3811,-0.0863,-0.956305,0.292372,0
11229,19.15,0.0,0.0826,11.2985,-0.0826,-0.95502,0.296542,0
11230,19.1667,0.0,0.0831,11.2154,-0.0831,-0.953717,0.300706,0
11231,19.1833,0.0,0.0853,11.1301,-0.0853,-0.952396,0.304864,0
11232,19.2,0.0,0.0849,11.0452,-0.0849,-0.951057,0.309017,0
11233,19.2167,0.0,0.0828,10.9624,-0.0828,-0.949699,0.313164,0
11234,19.2333,0.0,0.0828,10.8796,-0.0828,-0.948324,0.317305,0
11235,19.25,0.0,0.0844,10.7952,-0.0844,-0.94693,0.321439,0
11236,19.2667,0.0,0.0851,10.7101,-0.0851,-0.945519,0.325568,0
11237,19.2833,0.0,0.087,10.6231,-0.087,-0.944089,0.329691,0
11238,19.3,0.0,0.0863,10.5368,-0.0863,-0.942641,0.333807,0
11239,19.3167,0.0,0.0853,10.4515,-0.0853,-0.941176,0.337917,0
11240,19.3333,0.0,0.0863,10.3652,-0.0863,-0.939693,0.34202,0
11241,19.35,0.0,0.0843,10.2809,-0.0843,-0.938191,0.346117,0
11242,19.3667,0.0,0.0828,10.1981,-0.0828,-0.936672,0.350207,0
11243,19.3833,0.0,0.0876,10.1105,-0.0876,-0.935135,0.354291,0
11244,19.4,0.0,0.0846,10.0259,-0.0846,-0.93358,0.358368,0
11245,19.4167,0.0,0.0873,9.9386,-0.0873,-0.932008,0.362438,0
11246,19.4333,0.0,0.0861,9.8525,-0.0861,-0.930418,0.366501,0
11247,19.45,0.0,0.0859,9.7666,-0.0859,-0.92881,0.370557,0
11248,19.4667,0.0,0.0842,9.6824,-0.0842,-0.927184,0.374607,0
11249,19.4833,0.0,0.0845,9.5979,-0.0845,-0.925541,0.378649,0
11250,19.5,0.0,0.0834,9.5145,-0.0834,-0.92388,0.382683,0
11251,19.5167,0.0,0.0867,9.4278,-0.0867,-0.922201,0.386711,0
11252,19.5333,0.0,0.0856,9.3422,-0.0856,-0.920505,0.390731,0
11253,19.55,0.0,0.086,9.2562,-0.086,-0.918791,0.394744,0
11254,19.5667,0.0,0.0877,9.1685,-0.0877,-0.91706,0.398749,0
11255,19.5833,0.0,0.0883,9.0802,-0.0883,-0.915311,0.402747,0
11256,19.6,0.0,0.0856,8.9946,-0.0856,-0.913545,0.406737,0
11257,19.6167,0.0,0.0848,8.9098,-0.0848,-0.911762,0.410719,0
11258,19.6333,0.0,0.0877,8.8221,-0.0877,-0.909961,0.414693,0
11259,19.65,0.0,0.0857,8.7364,-0.0857,-0.908143,0.41866,0
11260,19.6667,0.0,0.0842,8.6522,-0.0842,-0.906308,0.422618,0
11261,19.6833,0.0,0.0823,8.5699,-0.0823,-0.904455,0.426569,0
11262,19.7,0.0,0.0906,8.4793,-0.0906,-0.902585,0.430511,0
11263,19.7167,0.0,0.0837,8.3956,-0.0837,-0.900698,0.434445,0
11264,19.7333,0.0,0.0842,8.3114,-0.0842,-0.898794,0.438371,0
11265,19.75,0.0,0.0825,8.2289,-0.0825,-0.896873,0.442289,0
11266,19.7667,0.0,0.0845,8.1444,-0.0845,-0.894934,0.446198,0
11267,19.7833,0.0,0.0856,8.0588,-0.0856,-0.892979,0.450098,0
11268,19.8,0.0,0.0852,7.9736,-0.0852,-0.891007,0.45399,0
11269,19.8167,0.0,0.0867,7.8869,-0.0867,-0.889017,0.457874,0
11270,19.8333,0.0,0.0873,7.7996,-0.0873,-0.887011,0.461749,0
11271,19.85,0.0,0.0859,7.7137,-0.0859,-0.884988,0.465615,0
11272,19.8667,0.0,0.0838,7.6299,-0.0838,-0.882948,0.469472,0
11273,19.8833,0.0,0.0832,7.5467,-0.0832,-0.880891,0.47332,0
11274,19.9,0.0,0.0871,7.4596,-0.0871,-0.878817,0.477159,0
11275,19.9167,0.0,0.0868,7.3728,-0.0868,-0.876727,0.480989,0
11276,19.9333,0.0,0.0854,7.2874,-0.0854,-0.87462,0.48481,0
11277,19.95,0.0,0.084,7.2034,-0.084,-0.872496,0.488621,0
11278,19.9667,0.0,0.0848,7.1186,-0.0848,-0.870356,0.492424,0
11279,19.9833,0.0,0.0823,7.0363,-0.0823,-0.868199,0.496217,0
11280,20.0,0.0,0.0877,6.9486,-0.0877,-0.866025,0.5,0
11281,20.0167,0.0,0.0875,6.8611,-0.0875,-0.863836,0.503774,0
11282,20.0333,0.0,0.0857,6.7754,-0.0857,-0.861629,0.507538,0
11283,20.05,0.0,0.0843,6.6911,-0.0843,-0.859406,0.511293,0
11284,20.0667,0.0,0.089,6.6021,-0.089,-0.857167,0.515038,0
11285,20.0833,0.0,0.0832,6.5189,-0.0832,-0.854912,0.518773,0
11286,20.1,0.0,0.0871,6.4318,-0.0871,-0.85264,0.522499,0
11287,20.1167,0.0,0.0889,6.3429,-0.0889,-0.850352,0.526214,0
11288,20.1333,0.0,0.0857,6.2572,-0.0857,-0.848048,0.529919,0
11289,20.15,0.0,0.084,6.1732,-0.084,-0.845728,0.533615,0
11290,20.1667,0.0,0.0868,6.0864,-0.0868,-0.843391,0.5373,0
11291,20.1833,0.0,0.0837,6.0027,-0.0837,-0.841039,0.540974,0
11292,20.2,0.0,0.0838,5.9189,-0.0838,-0.838671,0.544639,0
11293,20.2167,0.0,0.0858,5.8331,-0.0858,-0.836286,0.548293,0
11294,20.2333,0.0,0.0835,5.7496,-0.0835,-0.833886,0.551937,0
11295,20.25,0.0,0.0863,5.6633,-0.0863,-0.83147,0.55557,0
11296,20.2667,0.0,0.0877,5.5756,-0.0877,-0.829038,0.559193,0
11297,20.2833,0.0,0.0834,5.4922,-0.0834,-0.82659,0.562805,0
11298,20.3,0.0,0.0864,5.4058,-0.0864,-0.824126,0.566406,0
11299,20.3167,0.0,0.084,5.3218,-0.084,-0.821647,0.569997,0
11300,20.3333,0.0,0.0886,5.2332,-0.0886,-0.819152,0.573576,0
11301,20.35,0.0,0.0848,5.1484,-0.0848,-0.816642,0.577145,0
11302,20.3667,0.0,0.0902,5.0582,-0.0902,-0.814116,0.580703,0
11303,20.3833,0.0,0.0839,4.9743,-0.0839,-0.811574,0.58425,0
11304,20.4,0.0,0.0855,4.8888,-0.0855,-0.809017,0.587785,0
11305,20.4167,0.0,0.0839,4.8049,-0.0839,-0.806445,0.59131,0
11306,20.4333,0.0,0.0858,4.7191,-0.0858,-0.803857,0.594823,0
11307,20.45,0.0,0.0862,4.6329,-0.0862,-0.801254,0.598325,0
11308,20.4667,0.0,0.0856,4.5473,-0.0856,-0.798636,0.601815,0
11309,20.4833,0.0,0.0852,4.4621,-0.0852,-0.796002,0.605294,0
11310,20.5,0.0,0.0856,4.3765,-0.0856,-0.793353,0.608761,0
11311,20.5167,0.0,0.0832,4.2933,-0.0832,-0.79069,0.612217,0
11312,20.5333,0.0,0.0869,4.2064,-0.0869,-0.788011,0.615661,0
11313,20.55,0.0,0.0873,4.1191,-0.0873,-0.785317,0.619094,0
11314,20.5667,0.0,0.0849,4.0342,-0.0849,-0.782608,0.622515,0
11315,20.5833,0.0,0.084,3.9502,-0.084,-0.779884,0.625923,0
11316,20.6,0.0,0.0851,3.8651,-0.0851,-0.777146,0.62932,0
11317,20.6167,0.0,0.0855,3.7796,-0.0855,-0.774393,0.632705,0
11318,20.6333,0.0,0.086,3.6936,-0.086,-0.771625,0.636078,0
11319,20.65,0.0,0.0828,3.6108,-0.0828,-0.768842,0.639439,0
11320,20.6667,0.0,0.087,3.5238,-0.087,-0.766044,0.642788,0
11321,20.6833,0.0,0.0857,3.4381,-0.0857,-0.763232,0.646124,0
11322,20.7,0.0,0.0883,3.3498,-0.0883,-0.760406,0.649448,0
11323,20.7167,0.0,0.0857,3.2641,-0.0857,-0.757565,0.65276,0
11324,20.7333,0.0,0.0871,3.177,-0.0871,-0.75471,0.656059,0
11325,20.75,0.0,0.0859,3.0911,-0.0859,-0.75184,0.659346,0
11326,20.7667,0.0,0.0856,3.0055,-0.0856,-0.748956,0.66262,0
11327,20.7833,0.0,0.0869,2.9186,-0.0869,-0.746057,0.665882,0
11328,20.8,0.0,0.0835,2.8351,-0.0835,-0.743145,0.669131,0
11329,20.8167,0.0,0.085,2.7501,-0.085,-0.740218,0.672367,0
11330,20.8333,0.0,0.0853,2.6648,-0.0853,-0.737277,0.67559,0
11331,20.85,0.0,0.0847,2.5801,-0.0847,-0.734323,0.678801,0
11332,20.8667,0.0,0.082,2.4981,-0.082,-0.731354,0.681998,0
11333,20.8833,0.0,0.0839,2.4142,-0.0839,-0.728371,0.685183,0
11334,20.9,0.0,0.0847,2.3295,-0.0847,-0.725374,0.688355,0
11335,20.9167,0.0,0.0884,2.2411,-0.0884,-0.722364,0.691513,0
11336,20.9333,0.0,0.0851,2.156,-0.0851,-0.71934,0.694658,0
11337,20.95,0.0,0.0847,2.0713,-0.0847,-0.716302,0.69779,0
11338,20.9667,0.0,0.0838,1.9875,-0.0838,-0.71325,0.700909,0
11339,20.9833,0.0,0.0882,1.8993,-0.0882,-0.710185,0.704015,0
11340,21.0,0.0,0.0861,1.8132,-0.0861,-0.707107,0.707107,0
11341,21.0167,0.0,0.0849,1.7283,-0.0849,-0.704015,0.710185,0
11342,21.0333,0.0,0.084,1.6443,-0.084,-0.700909,0.71325,0
11343,21.05,0.0,0.0864,1.5579,-0.0864,-0.69779,0.716302,0
11344,21.0667,0.0,0.085,1.4729,-0.085,-0.694658,0.71934,0
11345,21.0833,0.0,0.0855,1.3874,-0.0855,-0.691513,0.722364,0
11346,21.1,0.0,0.0869,1.3005,-0.0869,-0.688355,0.725374,0
11347,21.1167,0.0,0.0861,1.2144,-0.0861,-0.685183,0.728371,0
11348,21.1333,0.0,0.0833,1.1311,-0.0833,-0.681998,0.731354,0
11349,21.15,0.0,0.0862,1.0449,-0.0862,-0.678801,0.734323,0
11350,21.1667,0.0,0.087,0.9579,-0.087,-0.67559,0.737277,0
11351,21.1833,0.0,0.0848,0.8731,-0.0848,-0.672367,0.740218,0
11352,21.2,0.0,0.1432,0.7299,-0.1432,-0.669131,0.743145,0
11353,21.2167,0.0,0.1414,0.5885,-0.1414,-0.665882,0.746057,0
11354,21.2333,0.0,0.1407,0.4478,-0.1407,-0.66262,0.748956,0
11355,21.25,0.0,0.1389,0.3089,-0.1389,-0.659346,0.75184,0
11356,21.2667,0.0,0.1427,0.1662,-0.1427,-0.656059,0.75471,0
11357,21.2833,0.0,0.1429,0.0233,-0.1429,-0.65276,0.757565,0
11358,21.3,0.0,0.142,0.0,-0.142,-0.649448,0.760406,1
11359,21.3167,0.0,0.1412,0.0,-0.1412,-0.646124,0.763232,1
11360,21.3333,0.0,0.1425,0.0,-0.1425,-0.642788,0.766044,1
11361,21.35,0.0,0.1386,0.0,-0.1386,-0.639439,0.768842,1
11362,21.3667,0.0,0.1412,0.0,-0.1412,-0.636078,0.771625,1
11363,21.3833,0.0,0.1456,0.0,-0.1456,-0.632705,0.774393,1
11364,21.4,0.0,0.143,0.0,-0.143,-0.62932,0.777146,1
11365,21.4167,0.0,0.141,0.0,-0.141,-0.625923,0.779884,1
11366,21.4333,0.0,0.1436,0.0,-0.1436,-0.622515,0.782608,1
11367,21.45,0.0,0.1416,0.0,-0.1416,-0.619094,0.785317,1
11368,21.4667,0.0,0.143,0.0,-0.143,-0.615661,0.788011,1
11369,21.4833,0.0,0.1396,0.0,-0.1396,-0.612217,0.79069,1
11370,21.5,0.0,0.1384,0.0,-0.1384,-0.608761,0.793353,1
11371,21.5167,0.0,0.1438,0.0,-0.1438,-0.605294,0.796002,1
11372,21.5333,0.0,0.1443,0.0,-0.1443,-0.601815,0.798636,1
11373,21.55,0.0,0.1413,0.0,-0.1413,-0.598325,0.801254,1
11374,21.5667,0.0,0.1421,0.0,-0.1421,-0.594823,0.803857,1
11375,21.5833,0.0,0.1435,0.0,-0.1435,-0.59131,0.806445,1
11376,21.6,0.0,0.1415,0.0,-0.1415,-0.587785,0.809017,1
11377,21.6167,0.0,0.1397,0.0,-0.1397,-0.58425,0.811574,1
11378,21.6333,0.0,0.144,0.0,-0.144,-0.580703,0.814116,1
11379,21.65,0.0,0.087,0.0,-0.087,-0.577145,0.816642,1
11380,21.6667,0.0,0.0834,0.0,-0.0834,-0.573576,0.819152,1
11381,21.6833,0.0,0.0862,0.0,-0.0862,-0.569997,0.821647,1
11382,21.7,0.0,0.0843,0.0,-0.0843,-0.566406,0.824126,1
11383,21.7167,0.0,0.0866,0.0,-0.0866,-0.562805,0.82659,1
11384,21.7333,0.0,0.0819,0.0,-0.0819,-0.559193,0.829038,1
11385,21.75,0.0,0.0845,0.0,-0.0845,-0.55557,0.83147,1
11386,21.7667,0.0,0.0827,0.0,-0.0827,-0.551937,0.833886,1
11387,21.7833,0.0,0.0863,0.0,-0.0863,-0.548293,0.836286,1
11388,21.8,0.0,0.086,0.0,-0.086,-0.544639,0.838671,1
11389,21.8167,0.0,0.0876,0.0,-0.0876,-0.540974,0.841039,1
11390,21.8333,0.0,0.0852,0.0,-0.0852,-0.5373,0.843391,1
11391,21.85,0.0,0.0819,0.0,-0.0819,-0.533615,0.845728,1
11392,21.8667,0.0,0.0852,0.0,-0.0852,-0.529919,0.848048,1
11393,21.8833,0.0,0.0842,0.0,-0.0842,-0.526214,0.850352,1
11394,21.9,0.0,0.0839,0.0,-0.0839,-0.522499,0.85264,1
11395,21.9167,0.0,0.0836,0.0,-0.0836,-0.518773,0.854912,1
11396,21.9333,0.0,0.0832,0.0,-0.0832,-0.515038,0.857167,1
11397,21.95,0.0,0.0848,0.0,-0.0848,-0.511293,0.859406,1
11398,21.9667,0.0,0.0825,0.0,-0.0825,-0.507538,0.861629,1
11399,21.9833,0.0,0.0813,0.0,-0.0813,-0.503774,0.863836,1
11400,22.0,0.0,0.0181,0.0,-0.0181,-0.5,0.866025,1
11401,22.0167,0.0,0.0222,0.0,-0.0222,-0.496217,0.868199,1
11402,22.0333,0.0,0.0229,0.0,-0.0229,-0.492424,0.870356,1
11403,22.05,0.0,0.0225,0.0,-0.0225,-0.488621,0.872496,1
11404,22.0667,0.0,0.0201,0.0,-0.0201,-0.48481,0.87462,1
11405,22.0833,0.0,0.0214,0.0,-0.0214,-0.480989,0.876727,1
11406,22.1,0.0,0.0248,0.0,-0.0248,-0.477159,0.878817,1
11407,22.1167,0.0,0.0208,0.0,-0.0208,-0.47332,0.880891,1
11408,22.1333,0.0,0.0196,0.0,-0.0196,-0.469472,0.882948,1
11409,22.15,0.0,0.0166,0.0,-0.0166,-0.465615,0.884988,1
11410,22.1667,0.0,0.0204,0.0,-0.0204,-0.461749,0.887011,1
11411,22.1833,0.0,0.0214,0.0,-0.0214,-0.457874,0.889017,1
11412,22.2,0.0,0.0175,0.0,-0.0175,-0.45399,0.891007,1
11413,22.2167,0.0,0.0217,0.0,-0.0217,-0.450098,0.892979,1
11414,22.2333,0.0,0.0227,0.0,-0.0227,-0.446198,0.894934,1
11415,22.25,0.0,0.0228,0.0,-0.0228,-0.442289,0.896873,1
11416,22.2667,0.0,0.0213,0.0,-0.0213,-0.438371,0.898794,1
11417,22.2833,0.0,0.0159,0.0,-0.0159,-0.434445,0.900698,1
11418,22.3,0.0,0.0198,0.0,-0.0198,-0.430511,0.902585,1
11419,22.3167,0.0,0.019,0.0,-0.019,-0.426569,0.904455,1
11420,22.3333,0.0,0.0182,0.0,-0.0182,-0.422618,0.906308,1
11421,22.35,0.0,0.0159,0.0,-0.0159,-0.41866,0.908143,1
11422,22.3667,0.0,0.0186,0.0,-0.0186,-0.414693,0.909961,1
11423,22.3833,0.0,0.0213,0.0,-0.0213,-0.410719,0.911762,1
11424,22.4,0.0,0.0195,0.0,-0.0195,-0.406737,0.913545,1
11425,22.4167,0.0,0.0193,0.0,-0.0193,-0.402747,0.915311,1
11426,22.4333,0.0,0.0228,0.0,-0.0228,-0.398749,0.91706,1
11427,22.45,0.0,0.0208,0.0,-0.0208,-0.394744,0.918791,1
11428,22.4667,0.0,0.0201,0.0,-0.0201,-0.390731,0.920505,1
11429,22.4833,0.0,0.0216,0.0,-0.0216,-0.386711,0.922201,1
11430,22.5,0.0,0.0219,0.0,-0.0219,-0.382683,0.92388,1
11431,22.5167,0.0,0.02,0.0,-0.02,-0.378649,0.925541,1
11432,22.5333,0.0,0.0206,0.0,-0.0206,-0.374607,0.927184,1
11433,22.55,0.0,0.0192,0.0,-0.0192,-0.370557,0.92881,1
11434,22.5667,0.0,0.0188,0.0,-0.0188,-0.366501,0.930418,1
11435,22.5833,0.0,0.0194,0.0,-0.0194,-0.362438,0.932008,1
11436,22.6,0.0,0.0244,0.0,-0.0244,-0.358368,0.93358,1
11437,22.6167,0.0,0.0205,0.0,-0.0205,-0.354291,0.935135,1
11438,22.6333,0.0,0.0203,0.0,-0.0203,-0.350207,0.936672,1
11439,22.65,0.0,0.0211,0.0,-0.0211,-0.346117,0.938191,1
11440,22.6667,0.0,0.0182,0.0,-0.0182,-0.34202,0.939693,1
11441,22.6833,0.0,0.0213,0.0,-0.0213,-0.337917,0.941176,1
11442,22.7,0.0,0.023,0.0,-0.023,-0.333807,0.942641,1
11443,22.7167,0.0,0.021,0.0,-0.021,-0.329691,0.944089,1
11444,22.7333,0.0,0.0211,0.0,-0.0211,-0.325568,0.945519,1
11445,22.75,0.0,0.0209,0.0,-0.0209,-0.321439,0.94693,1
11446,22.7667,0.0,0.0205,0.0,-0.0205,-0.317305,0.948324,1
11447,22.7833,0.0,0.0219,0.0,-0.0219,-0.313164,0.949699,1
11448,22.8,0.0,0.0181,0.0,-0.0181,-0.309017,0.951057,1
11449,22.8167,0.0,0.0217,0.0,-0.0217,-0.304864,0.952396,1
11450,22.8333,0.0,0.0191,0.0,-0.0191,-0.300706,0.953717,1
11451,22.85,0.0,0.0177,0.0,-0.0177,-0.296542,0.95502,1
11452,22.8667,0.0,0.0203,0.0,-0.0203,-0.292372,0.956305,1
11453,22.8833,0.0,0.0214,0.0,-0.0214,-0.288196,0.957571,1
11454,22.9,0.0,0.0215,0.0,-0.0215,-0.284015,0.95882,1
11455,22.9167,0.0,0.0218,0.0,-0.0218,-0.279829,0.96005,1
11456,22.9333,0.0,0.0166,0.0,-0.0166,-0.275637,0.961262,1
11457,22.95,0.0,0.0198,0.0,-0.0198,-0.27144,0.962455,1
11458,22.9667,0.0,0.0184,0.0,-0.0184,-0.267238,0.96363,1
11459,22.9833,0.0,0.0217,0.0,-0.0217,-0.263031,0.964787,1
11460,23.0,0.0,0.0193,0.0,-0.0193,-0.258819,0.965926,1
11461,23.0167,0.0,0.0204,0.0,-0.0204,-0.254602,0.967046,1
11462,23.0333,0.0,0.0199,0.0,-0.0199,-0.25038,0.968148,1
11463,23.05,0.0,0.0195,0.0,-0.0195,-0.246153,0.969231,1
11464,23.0667,0.0,0.022,0.0,-0.022,-0.241922,0.970296,1
11465,23.0833,0.0,0.02,0.0,-0.02,-0.237686,0.971342,1
11466,23.1,0.0,0.0212,0.0,-0.0212,-0.233445,0.97237,1
11467,23.1167,0.0,0.0219,0.0,-0.0219,-0.2292,0.973379,1
11468,23.1333,0.0,0.0206,0.0,-0.0206,-0.224951,0.97437,1
11469,23.15,0.0,0.0225,0.0,-0.0225,-0.220697,0.975342,1
11470,23.1667,0.0,0.0158,0.0,-0.0158,-0.21644,0.976296,1
11471,23.1833,0.0,0.0246,0.0,-0.0246,-0.212178,0.977231,1
11472,23.2,0.0,0.0208,0.0,-0.0208,-0.207912,0.978148,1
11473,23.2167,0.0,0.0205,0.0,-0.0205,-0.203642,0.979045,1
11474,23.2333,0.0,0.0173,0.0,-0.0173,-0.199368,0.979925,1
11475,23.25,0.0,0.023,0.0,-0.023,-0.19509,0.980785,1
11476,23.2667,0.0,0.0196,0.0,-0.0196,-0.190809,0.981627,1
11477,23.2833,0.0,0.0231,0.0,-0.0231,-0.186524,0.98245,1
11478,23.3,0.0,0.0179,0.0,-0.0179,-0.182236,0.983255,1
11479,23.3167,0.0,0.0223,0.0,-0.0223,-0.177944,0.984041,1
11480,23.3333,0.0,0.0212,0.0,-0.0212,-0.173648,0.984808,1
11481,23.35,0.0,0.0212,0.0,-0.0212,-0.16935,0.985556,1
11482,23.3667,0.0,0.023,0.0,-0.023,-0.165048,0.986286,1
11483,23.3833,0.0,0.0192,0.0,-0.0192,-0.160743,0.986996,1
11484,23.4,0.0,0.0179,0.0,-0.0179,-0.156434,0.987688,1
11485,23.4167,0.0,0.0201,0.0,-0.0201,-0.152123,0.988362,1
11486,23.4333,0.0,0.0155,0.0,-0.0155,-0.147809,0.989016,1
11487,23.45,0.0,0.0217,0.0,-0.0217,-0.143493,0.989651,1
11488,23.4667,0.0,0.0186,0.0,-0.0186,-0.139173,0.990268,1
11489,23.4833,0.0,0.0181,0.0,-0.0181,-0.134851,0.990866,1
11490,23.5,0.0,0.0174,0.0,-0.0174,-0.130526,0.991445,1
11491,23.5167,0.0,0.0212,0.0,-0.0212,-0.126199,0.992005,1
11492,23.5333,0.0,0.0177,0.0,-0.0177,-0.121869,0.992546,1
11493,23.55,0.0,0.0201,0.0,-0.0201,-0.117537,0.993068,1
11494,23.5667,0.0,0.0216,0.0,-0.0216,-0.113203,0.993572,1
11495,23.5833,0.0,0.0233,0.0,-0.0233,-0.108867,0.994056,1
11496,23.6,0.0,0.022,0.0,-0.022,-0.104528,0.994522,1
11497,23.6167,0.0,0.0188,0.0,-0.0188,-0.100188,0.994969,1
11498,23.6333,0.0,0.0191,0.0,-0.0191,-0.095846,0.995396,1
11499,23.65,0.0,0.0233,0.0,-0.0233,-0.091502,0.995805,1
11500,23.6667,0.0,0.0188,0.0,-0.0188,-0.087156,0.996195,1
11501,23.6833,0.0,0.0216,0.0,-0.0216,-0.082808,0.996566,1
11502,23.7,0.0,0.021,0.0,-0.021,-0.078459,0.996917,1
11503,23.7167,0.0,0.0189,0.0,-0.0189,-0.074108,0.99725,1
11504,23.7333,0.0,0.0223,0.0,-0.0223,-0.069756,0.997564,1
11505,23.75,0.0,0.0181,0.0,-0.0181,-0.065403,0.997859,1
11506,23.7667,0.0,0.0191,0.0,-0.0191,-0.061049,0.998135,1
11507,23.7833,0.0,0.0181,0.0,-0.0181,-0.056693,0.998392,1
11508,23.8,0.0,0.0219,0.0,-0.0219,-0.052336,0.99863,1
11509,23.8167,0.0,0.0171,0.0,-0.0171,-0.047978,0.998848,1
11510,23.8333,0.0,0.0188,0.0,-0.0188,-0.043619,0.999048,1
11511,23.85,0.0,0.0203,0.0,-0.0203,-0.03926,0.999229,1
11512,23.8667,0.0,0.02,0.0,-0.02,-0.034899,0.999391,1
11513,23.8833,0.0,0.0204,0.0,-0.0204,-0.030539,0.999534,1
11514,23.9,0.0,0.0232,0.0,-0.0232,-0.026177,0.999657,1
11515,23.9167,0.0,0.0228,0.0,-0.0228,-0.021815,0.999762,1
11516,23.9333,0.0,0.0214,0.0,-0.0214,-0.017452,0.999848,1
11517,23.95,0.0,0.0207,0.0,-0.0207,-0.01309,0.999914,1
11518,23.9667,0.0,0.0217,0.0,-0.0217,-0.008727,0.999962,1
11519,23.9833,0.0,0.0196,0.0,-0.0196,-0.004363,0.99999,1
11520,0.0,0.0,0.0225,0.0,-0.0225,0.0,1.0,1
11521,0.0167,0.0,0.0227,0.0,-0.0227,0.004363,0.99999,1
11522,0.0333,0.0,0.0142,0.0,-0.0142,0.008727,0.999962,1
11523,0.05,0.0,0.0209,0.0,-0.0209,0.01309,0.999914,1
11524,0.0667,0.0,0.0207,0.0,-0.0207,0.017452,0.999848,1
11525,0.0833,0.0,0.0201,0.0,-0.0201,0.021815,0.999762,1
11526,0.1,0.0,0.0198,0.0,-0.0198,0.026177,0.999657,1
11527,0.1167,0.0,0.0237,0.0,-0.0237,0.030539,0.999534,1
11528,0.1333,0.0,0.0222,0.0,-0.0222,0.034899,0.999391,1
11529,0.15,0.0,0.0248,0.0,-0.0248,0.03926,0.999229,1
11530,0.1667,0.0,0.02,0.0,-0.02,0.043619,0.999048,1
11531,0.1833,0.0,0.0189,0.0,-0.0189,0.047978,0.998848,1
11532,0.2,0.0,0.0204,0.0,-0.0204,0.052336,0.99863,1
11533,0.2167,0.0,0.0226,0.0,-0.0226,0.056693,0.998392,1
11534,0.2333,0.0,0.0212,0.0,-0.0212,0.061049,0.998135,1
11535,0.25,0.0,0.0192,0.0,-0.0192,0.065403,0.997859,1
11536,0.2667,0.0,0.0199,0.0,-0.0199,0.069756,0.997564,1
11537,0.2833,0.0,0.0222,0.0,-0.0222,0.074108,0.99725,1
11538,0.3,0.0,0.019,0.0,-0.019,0.078459,0.996917,1
11539,0.3167,0.0,0.0201,0.0,-0.0201,0.082808,0.996566,1
11540,0.3333,0.0,0.0214,0.0,-0.0214,0.087156,0.996195,1
11541,0.35,0.0,0.0248,0.0,-0.0248,0.091502,0.995805,1
11542,0.3667,0.0,0.0216,0.0,-0.0216,0.095846,0.995396,1
11543,0.3833,0.0,0.0184,0.0,-0.0184,0.100188,0.994969,1
11544,0.4,0.0,0.0198,0.0,-0.0198,0.104528,0.994522,1
11545,0.4167,0.0,0.0221,0.0,-0.0221,0.108867,0.994056,1
11546,0.4333,0.0,0.023,0.0,-0.023,0.113203,0.993572,1
11547,0.45,0.0,0.0195,0.0,-0.0195,0.117537,0.993068,1
11548,0.4667,0.0,0.0184,0.0,-0.0184,0.121869,0.992546,1
11549,0.4833,0.0,0.0212,0.0,-0.0212,0.126199,0.992005,1
11550,0.5,0.0,0.024,0.0,-0.024,0.130526,0.991445,1
11551,0.5167,0.0,0.0215,0.0,-0.0215,0.134851,0.990866,1
11552,0.5333,0.0,0.0177,0.0,-0.0177,0.139173,0.990268,1
11553,0.55,0.0,0.0228,0.0,-0.0228,0.143493,0.989651,1
11554,0.5667,0.0,0.0221,0.0,-0.0221,0.147809,0.989016,1
11555,0.5833,0.0,0.0234,0.0,-0.0234,0.152123,0.988362,1
11556,0.6,0.0,0.0186,0.0,-0.0186,0.156434,0.987688,1
11557,0.6167,0.0,0.0224,0.0,-0.0224,0.160743,0.986996,1
11558,0.6333,0.0,0.023,0.0,-0.023,0.165048,0.986286,1
11559,0.65,0.0,0.0192,0.0,-0.0192,0.16935,0.985556,1
11560,0.6667,0.0,0.0204,0.0,-0.0204,0.173648,0.984808,1
11561,0.6833,0.0,0.0196,0.0,-0.0196,0.177944,0.984041,1
11562,0.7,0.0,0.0206,0.0,-0.0206,0.182236,0.983255,1
11563,0.7167,0.0,0.023,0.0,-0.023,0.186524,0.98245,1
11564,0.7333,0.0,0.0217,0.0,-0.0217,0.190809,0.981627,1
11565,0.75,0.0,0.0221,0.0,-0.0221,0.19509,0.980785,1
11566,0.7667,0.0,0.0221,0.0,-0.0221,0.199368,0.979925,1
11567,0.7833,0.0,0.0171,0.0,-0.0171,0.203642,0.979045,1
11568,0.8,0.0,0.0213,0.0,-0.0213,0.207912,0.978148,1
11569,0.8167,0.0,0.0217,0.0,-0.0217,0.212178,0.977231,1
11570,0.8333,0.0,0.0237,0.0,-0.0237,0.21644,0.976296,1
11571,0.85,0.0,0.0197,0.0,-0.0197,0.220697,0.975342,1
11572,0.8667,0.0,0.0195,0.0,-0.0195,0.224951,0.97437,1
11573,0.8833,0.0,0.0191,0.0,-0.0191,0.2292,0.973379,1
11574,0.9,0.0,0.0205,0.0,-0.0205,0.233445,0.97237,1
11575,0.9167,0.0,0.0205,0.0,-0.0205,0.237686,0.971342,1
11576,0.9333,0.0,0.0213,0.0,-0.0213,0.241922,0.970296,1
11577,0.95,0.0,0.0211,0.0,-0.0211,0.246153,0.969231,1
11578,0.9667,0.0,0.0214,0.0,-0.0214,0.25038,0.968148,1
11579,0.9833,0.0,0.0221,0.0,-0.0221,0.254602,0.967046,1
11580,1.0,0.0,0.0211,0.0,-0.0211,0.258819,0.965926,1
11581,1.0167,0.0,0.0207,0.0,-0.0207,0.263031,0.964787,1
11582,1.0333,0.0,0.0224,0.0,-0.0224,0.267238,0.96363,1
11583,1.05,0.0,0.025,0.0,-0.025,0.27144,0.962455,1
11584,1.0667,0.0,0.022,0.0,-0.022,0.275637,0.961262,1
11585,1.0833,0.0,0.0196,0.0,-0.0196,0.279829,0.96005,1
11586,1.1,0.0,0.0177,0.0,-0.0177,0.284015,0.95882,1
11587,1.1167,0.0,0.0216,0.0,-0.0216,0.288196,0.957571,1
11588,1.1333,0.0,0.0195,0.0,-0.0195,0.292372,0.956305,1
11589,1.15,0.0,0.0174,0.0,-0.0174,0.296542,0.95502,1
11590,1.1667,0.0,0.0172,0.0,-0.0172,0.300706,0.953717,1
11591,1.1833,0.0,0.0213,0.0,-0.0213,0.304864,0.952396,1
11592,1.2,0.0,0.0195,0.0,-0.0195,0.309017,0.951057,1
11593,1.2167,0.0,0.0183,0.0,-0.0183,0.313164,0.949699,1
11594,1.2333,0.0,0.0233,0.0,-0.0233,0.317305,0.948324,1
11595,1.25,0.0,0.0229,0.0,-0.0229,0.321439,0.94693,1
11596,1.2667,0.0,0.0216,0.0,-0.0216,0.325568,0.945519,1
11597,1.2833,0.0,0.0181,0.0,-0.0181,0.329691,0.944089,1
11598,1.3,0.0,0.0174,0.0,-0.0174,0.333807,0.942641,1
11599,1.3167,0.0,0.0176,0.0,-0.0176,0.337917,0.941176,1
11600,1.3333,0.0,0.0235,0.0,-0.0235,0.34202,0.939693,1
11601,1.35,0.0,0.0205,0.0,-0.0205,0.346117,0.938191,1
11602,1.3667,0.0,0.0197,0.0,-0.0197,0.350207,0.936672,1
11603,1.3833,0.0,0.0228,0.0,-0.0228,0.354291,0.935135,1
11604,1.4,0.0,0.0184,0.0,-0.0184,0.358368,0.93358,1
11605,1.4167,0.0,0.0181,0.0,-0.0181,0.362438,0.932008,1
11606,1.4333,0.0,0.0218,0.0,-0.0218,0.366501,0.930418,1
11607,1.45,0.0,0.0187,0.0,-0.0187,0.370557,0.92881,1
11608,1.4667,0.0,0.0184,0.0,-0.0184,0.374607,0.927184,1
11609,1.4833,0.0,0.0188,0.0,-0.0188,0.378649,0.925541,1
11610,1.5,0.0,0.0206,0.0,-0.0206,0.382683,0.92388,1
11611,1.5167,0.0,0.0209,0.0,-0.0209,0.386711,0.922201,1
11612,1.5333,0.0,0.0202,0.0,-0.0202,0.390731,0.920505,1
11613,1.55,0.0,0.0204,0.0,-0.0204,0.394744,0.918791,1
11614,1.5667,0.0,0.0198,0.0,-0.0198,0.398749,0.91706,1
11615,1.5833,0.0,0.017,0.0,-0.017,0.402747,0.915311,1
11616,1.6,0.0,0.0195,0.0,-0.0195,0.406737,0.913545,1
11617,1.6167,0.0,0.019,0.0,-0.019,0.410719,0.911762,1
11618,1.6333,0.0,0.0196,0.0,-0.0196,0.414693,0.909961,1
11619,1.65,0.0,0.0197,0.0,-0.0197,0.41866,0.908143,1
11620,1.6667,0.0,0.0214,0.0,-0.0214,0.422618,0.906308,1
11621,1.6833,0.0,0.0206,0.0,-0.0206,0.426569,0.904455,1
11622,1.7,0.0,0.0213,0.0,-0.0213,0.430511,0.902585,1
11623,1.7167,0.0,0.0196,0.0,-0.0196,0.434445,0.900698,1
11624,1.7333,0.0,0.0203,0.0,-0.0203,0.438371,0.898794,1
11625,1.75,0.0,0.0169,0.0,-0.0169,0.442289,0.896873,1
11626,1.7667,0.0,0.0181,0.0,-0.0181,0.446198,0.894934,1
11627,1.7833,0.0,0.0196,0.0,-0.0196,0.450098,0.892979,1
11628,1.8,0.0,0.0211,0.0,-0.0211,0.45399,0.891007,1
11629,1.8167,0.0,0.0205,0.0,-0.0205,0.457874,0.889017,1
11630,1.8333,0.0,0.0188,0.0,-0.0188,0.461749,0.887011,1
11631,1.85,0.0,0.0202,0.0,-0.0202,0.465615,0.884988,1
11632,1.8667,0.0,0.0193,0.0,-0.0193,0.469472,0.882948,1
11633,1.8833,0.0,0.0207,0.0,-0.0207,0.47332,0.880891,1
11634,1.9,0.0,0.0227,0.0,-0.0227,0.477159,0.878817,1
11635,1.9167,0.0,0.0185,0.0,-0.0185,0.480989,0.876727,1
11636,1.9333,0.0,0.0202,0.0,-0.0202,0.48481,0.87462,1
11637,1.95,0.0,0.0237,0.0,-0.0237,0.488621,0.872496,1
11638,1.9667,0.0,0.017,0.0,-0.017,0.492424,0.870356,1
11639,1.9833,0.0,0.0206,0.0,-0.0206,0.496217,0.868199,1
11640,2.0,0.0,0.0207,0.0,-0.0207,0.5,0.866025,1
11641,2.0167,0.0,0.0198,0.0,-0.0198,0.503774,0.863836,1
11642,2.0333,0.0,0.0171,0.0,-0.0171,0.507538,0.861629,1
11643,2.05,0.0,0.022,0.0,-0.022,0.511293,0.859406,1
11644,2.0667,0.0,0.0218,0.0,-0.0218,0.515038,0.857167,1
11645,2.0833,0.0,0.0197,0.0,-0.0197,0.518773,0.854912,1
11646,2.1,0.0,0.0245,0.0,-0.0245,0.522499,0.85264,1
11647,2.1167,0.0,0.0215,0.0,-0.0215,0.526214,0.850352,1
11648,2.1333,0.0,0.021,0.0,-0.021,0.529919,0.848048,1
11649,2.15,0.0,0.0198,0.0,-0.0198,0.533615,0.845728,1
11650,2.1667,0.0,0.0204,0.0,-0.0204,0.5373,0.843391,1
11651,2.1833,0.0,0.0203,0.0,-0.0203,0.540974,0.841039,1
11652,2.2,0.0,0.0221,0.0,-0.0221,0.544639,0.838671,1
11653,2.2167,0.0,0.0192,0.0,-0.0192,0.548293,0.836286,1
11654,2.2333,0.0,0.0231,0.0,-0.0231,0.551937,0.833886,1
11655,2.25,0.0,0.0225,0.0,-0.0225,0.55557,0.83147,1
11656,2.2667,0.0,0.0189,0.0,-0.0189,0.559193,0.829038,1
11657,2.2833,0.0,0.0192,0.0,-0.0192,0.562805,0.82659,1
11658,2.3,0.0,0.0198,0.0,-0.0198,0.566406,0.824126,1
11659,2.3167,0.0,0.0175,0.0,-0.0175,0.569997,0.821647,1
11660,2.3333,0.0,0.0211,0.0,-0.0211,0.573576,0.819152,1
11661,2.35,0.0,0.0207,0.0,-0.0207,0.577145,0.816642,1
11662,2.3667,0.0,0.023,0.0,-0.023,0.580703,0.814116,1
11663,2.3833,0.0,0.0191,0.0,-0.0191,0.58425,0.811574,1
11664,2.4,0.0,0.0177,0.0,-0.0177,0.587785,0.809017,1
11665,2.4167,0.0,0.0196,0.0,-0.0196,0.59131,0.806445,1
11666,2.4333,0.0,0.0217,0.0,-0.0217,0.594823,0.803857,1
11667,2.45,0.0,0.0194,0.0,-0.0194,0.598325,0.801254,1
11668,2.4667,0.0,0.0183,0.0,-0.0183,0.601815,0.798636,1
11669,2.4833,0.0,0.0194,0.0,-0.0194,0.605294,0.796002,1
11670,2.5,0.0,0.0243,0.0,-0.0243,0.608761,0.793353,1
11671,2.5167,0.0,0.0196,0.0,-0.0196,0.612217,0.79069,1
11672,2.5333,0.0,0.0171,0.0,-0.0171,0.615661,0.788011,1
11673,2.55,0.0,0.0198,0.0,-0.0198,0.619094,0.785317,1
11674,2.5667,0.0,0.0233,0.0,-0.0233,0.622515,0.782608,1
11675,2.5833,0.0,0.0217,0.0,-0.0217,0.625923,0.779884,1
11676,2.6,0.0,0.0239,0.0,-0.0239,0.62932,0.777146,1
11677,2.6167,0.0,0.0213,0.0,-0.0213,0.632705,0.774393,1
11678,2.6333,0.0,0.0175,0.0,-0.0175,0.636078,0.771625,1
11679,2.65,0.0,0.0215,0.0,-0.0215,0.639439,0.768842,1
11680,2.6667,0.0,0.0201,0.0,-0.0201,0.642788,0.766044,1
11681,2.6833,0.0,0.0152,0.0,-0.0152,0.646124,0.763232,1
11682,2.7,0.0,0.0206,0.0,-0.0206,0.649448,0.760406,1
11683,2.7167,0.0,0.0224,0.0,-0.0224,0.65276,0.757565,1
11684,2.7333,0.0,0.0216,0.0,-0.0216,0.656059,0.75471,1
11685,2.75,0.0,0.0227,0.0,-0.0227,0.659346,0.75184,1
11686,2.7667,0.0,0.0229,0.0,-0.0229,0.66262,0.748956,1
11687,2.7833,0.0,0.0201,0.0,-0.0201,0.665882,0.746057,1
11688,2.8,0.0,0.0217,0.0,-0.0217,0.669131,0.743145,1
11689,2.8167,0.0,0.0181,0.0,-0.0181,0.672367,0.740218,1
11690,2.8333,0.0,0.0221,0.0,-0.0221,0.67559,0.737277,1
11691,2.85,0.0,0.0213,0.0,-0.0213,0.678801,0.734323,1
11692,2.8667,0.0,0.0177,0.0,-0.0177,0.681998,0.731354,1
11693,2.8833,0.0,0.0176,0.0,-0.0176,0.685183,0.728371,1
11694,2.9,0.0,0.0196,0.0,-0.0196,0.688355,0.725374,1
11695,2.9167,0.0,0.0205,0.0,-0.0205,0.691513,0.722364,1
11696,2.9333,0.0,0.0174,0.0,-0.0174,0.694658,0.71934,1
11697,2.95,0.0,0.0201,0.0,-0.0201,0.69779,0.716302,1
11698,2.9667,0.0,0.0214,0.0,-0.0214,0.700909,0.71325,1
11699,2.9833,0.0,0.0205,0.0,-0.0205,0.704015,0.710185,1
11700,3.0,0.0,0.018,0.0,-0.018,0.707107,0.707107,1
11701,3.0167,0.0,0.0133,0.0,-0.0133,0.710185,0.704015,1
11702,3.0333,0.0,0.0227,0.0,-0.0227,0.71325,0.700909,1
11703,3.05,0.0,0.0192,0.0,-0.0192,0.716302,0.69779,1
11704,3.0667,0.0,0.0231,0.0,-0.0231,0.71934,0.694658,1
11705,3.0833,0.0,0.0187,0.0,-0.0187,0.722364,0.691513,1
11706,3.1,0.0,0.0201,0.0,-0.0201,0.725374,0.688355,1
11707,3.1167,0.0,0.0189,0.0,-0.0189,0.728371,0.685183,1
11708,3.1333,0.0,0.021,0.0,-0.021,0.731354,0.681998,1
11709,3.15,0.0,0.0231,0.0,-0.0231,0.734323,0.678801,1
11710,3.1667,0.0,0.0201,0.0,-0.0201,0.737277,0.67559,1
11711,3.1833,0.0,0.0192,0.0,-0.0192,0.740218,0.672367,1
11712,3.2,0.0,0.0235,0.0,-0.0235,0.743145,0.669131,1
11713,3.2167,0.0,0.0203,0.0,-0.0203,0.746057,0.665882,1
11714,3.2333,0.0,0.0182,0.0,-0.0182,0.748956,0.66262,1
11715,3.25,0.0,0.0165,0.0,-0.0165,0.75184,0.659346,1
11716,3.2667,0.0,0.0203,0.0,-0.0203,0.75471,0.656059,1
11717,3.2833,0.0,0.0188,0.0,-0.0188,0.757565,0.65276,1
11718,3.3,0.0,0.0195,0.0,-0.0195,0.760406,0.649448,1
11719,3.3167,0.0,0.0213,0.0,-0.0213,0.763232,0.646124,1
11720,3.3333,0.0,0.0199,0.0,-0.0199,0.766044,0.642788,1
11721,3.35,0.0,0.0213,0.0,-0.0213,0.768842,0.639439,1
11722,3.3667,0.0,0.021,0.0,-0.021,0.771625,0.636078,1
11723,3.3833,0.0,0.0212,0.0,-0.0212,0.774393,0.632705,1
11724,3.4,0.0,0.0265,0.0,-0.0265,0.777146,0.62932,1
11725,3.4167,0.0,0.0213,0.0,-0.0213,0.779884,0.625923,1
11726,3.4333,0.0,0.0219,0.0,-0.0219,0.782608,0.622515,1
11727,3.45,0.0,0.0179,0.0,-0.0179,0.785317,0.619094,1
11728,3.4667,0.0,0.0187,0.0,-0.0187,0.788011,0.615661,1
11729,3.4833,0.0,0.0215,0.0,-0.0215,0.79069,0.612217,1
11730,3.5,0.0,0.0198,0.0,-0.0198,0.793353,0.608761,1
11731,3.5167,0.0,0.0178,0.0,-0.0178,0.796002,0.605294,1
11732,3.5333,0.0,0.0208,0.0,-0.0208,0.798636,0.601815,1
11733,3.55,0.0,0.022,0.0,-0.022,0.801254,0.598325,1
11734,3.5667,0.0,0.0221,0.0,-0.0221,0.803857,0.594823,1
11735,3.5833,0.0,0.0225,0.0,-0.0225,0.806445,0.59131,1
11736,3.6,0.0,0.0168,0.0,-0.0168,0.809017,0.587785,1
11737,3.6167,0.0,0.0226,0.0,-0.0226,0.811574,0.58425,1
11738,3.6333,0.0,0.0168,0.0,-0.0168,0.814116,0.580703,1
11739,3.65,0.0,0.0237,0.0,-0.0237,0.816642,0.577145,1
11740,3.6667,0.0,0.0208,0.0,-0.0208,0.819152,0.573576,1
11741,3.6833,0.0,0.0214,0.0,-0.0214,0.821647,0.569997,1
11742,3.7,0.0,0.0234,0.0,-0.0234,0.824126,0.566406,1
11743,3.7167,0.0,0.0202,0.0,-0.0202,0.82659,0.562805,1
11744,3.7333,0.0,0.0201,0.0,-0.0201,0.829038,0.559193,1
11745,3.75,0.0,0.0217,0.0,-0.0217,0.83147,0.55557,1
11746,3.7667,0.0,0.0208,0.0,-0.0208,0.833886,0.551937,1
11747,3.7833,0.0,0.0166,0.0,-0.0166,0.836286,0.548293,1
11748,3.8,0.0,0.0213,0.0,-0.0213,0.838671,0.544639,1
11749,3.8167,0.0,0.0196,0.0,-0.0196,0.841039,0.540974,1
11750,3.8333,0.0,0.0169,0.0,-0.0169,0.843391,0.5373,1
11751,3.85,0.0,0.0192,0.0,-0.0192,0.845728,0.533615,1
11752,3.8667,0.0,0.0201,0.0,-0.0201,0.848048,0.529919,1
11753,3.8833,0.0,0.0214,0.0,-0.0214,0.850352,0.526214,1
11754,3.9,0.0,0.0235,0.0,-0.0235,0.85264,0.522499,1
11755,3.9167,0.0,0.0204,0.0,-0.0204,0.854912,0.518773,1
11756,3.9333,0.0,0.0187,0.0,-0.0187,0.857167,0.515038,1
11757,3.95,0.0,0.0211,0.0,-0.0211,0.859406,0.511293,1
11758,3.9667,0.0,0.0201,0.0,-0.0201,0.861629,0.507538,1
11759,3.9833,0.0,0.0153,0.0,-0.0153,0.863836,0.503774,1
11760,4.0,0.0,0.0202,0.0,-0.0202,0.866025,0.5,1
11761,4.0167,0.0,0.0193,0.0,-0.0193,0.868199,0.496217,1
11762,4.0333,0.0,0.0206,0.0,-0.0206,0.870356,0.492424,1
11763,4.05,0.0,0.0222,0.0,-0.0222,0.872496,0.488621,1
11764,4.0667,0.0,0.0221,0.0,-0.0221,0.87462,0.48481,1
11765,4.0833,0.0,0.0172,0.0,-0.0172,0.876727,0.480989,1
11766,4.1,0.0,0.0223,0.0,-0.0223,0.878817,0.477159,1
11767,4.1167,0.0,0.0197,0.0,-0.0197,0.880891,0.47332,1
11768,4.1333,0.0,0.0221,0.0,-0.0221,0.882948,0.469472,1
11769,4.15,0.0,0.0208,0.0,-0.0208,0.884988,0.465615,1
11770,4.1667,0.0,0.0234,0.0,-0.0234,0.887011,0.461749,1
11771,4.1833,0.0,0.0207,0.0,-0.0207,0.889017,0.457874,1
11772,4.2,0.0,0.0239,0.0,-0.0239,0.891007,0.45399,1
11773,4.2167,0.0,0.0206,0.0,-0.0206,0.892979,0.450098,1
11774,4.2333,0.0,0.0196,0.0,-0.0196,0.894934,0.446198,1
11775,4.25,0.0,0.0204,0.0,-0.0204,0.896873,0.442289,1
11776,4.2667,0.0,0.0219,0.0,-0.0219,0.898794,0.438371,1
11777,4.2833,0.0,0.0193,0.0,-0.0193,0.900698,0.434445,1
11778,4.3,0.0,0.0235,0.0,-0.0235,0.902585,0.430511,1
11779,4.3167,0.0,0.0233,0.0,-0.0233,0.904455,0.426569,1
11780,4.3333,0.0,0.0182,0.0,-0.0182,0.906308,0.422618,1
11781,4.35,0.0,0.0197,0.0,-0.0197,0.908143,0.41866,1
11782,4.3667,0.0,0.0221,0.0,-0.0221,0.909961,0.414693,1
11783,4.3833,0.0,0.0204,0.0,-0.0204,0.911762,0.410719,1
11784,4.4,0.0,0.0201,0.0,-0.0201,0.913545,0.406737,1
11785,4.4167,0.0,0.0149,0.0,-0.0149,0.915311,0.402747,1
11786,4.4333,0.0,0.0222,0.0,-0.0222,0.91706,0.398749,1
11787,4.45,0.0,0.0184,0.0,-0.0184,0.918791,0.394744,1
11788,4.4667,0.0,0.0208,0.0,-0.0208,0.920505,0.390731,1
11789,4.4833,0.0,0.0201,0.0,-0.0201,0.922201,0.386711,1
11790,4.5,0.0,0.0147,0.0,-0.0147,0.92388,0.382683,1
11791,4.5167,0.0,0.0199,0.0,-0.0199,0.925541,0.378649,1
11792,4.5333,0.0,0.0221,0.0,-0.0221,0.927184,0.374607,1
11793,4.55,0.0,0.0196,0.0,-0.0196,0.92881,0.370557,1
11794,4.5667,0.0,0.0186,0.0,-0.0186,0.930418,0.366501,1
11795,4.5833,0.0,0.0255,0.0,-0.0255,0.932008,0.362438,1
11796,4.6,0.0,0.0189,0.0,-0.0189,0.93358,0.358368,1
11797,4.6167,0.0,0.0234,0.0,-0.0234,0.935135,0.354291,1
11798,4.6333,0.0,0.0167,0.0,-0.0167,0.936672,0.350207,1
11799,4.65,0.0,0.0205,0.0,-0.0205,0.938191,0.346117,1
11800,4.6667,0.0,0.0195,0.0,-0.0195,0.939693,0.34202,1
11801,4.6833,0.0,0.0188,0.0,-0.0188,0.941176,0.337917,1
11802,4.7,0.0,0.0198,0.0,-0.0198,0.942641,0.333807,1
11803,4.7167,0.0,0.0201,0.0,-0.0201,0.944089,0.329691,1
11804,4.7333,0.0,0.0198,0.0,-0.0198,0.945519,0.325568,1
11805,4.75,0.0,0.0207,0.0,-0.0207,0.94693,0.321439,1
11806,4.7667,0.0,0.0184,0.0,-0.0184,0.948324,0.317305,1
11807,4.7833,0.0,0.0249,0.0,-0.0249,0.949699,0.313164,1
11808,4.8,0.0,0.021,0.0,-0.021,0.951057,0.309017,1
11809,4.8167,0.0,0.0208,0.0,-0.0208,0.952396,0.304864,1
11810,4.8333,0.0,0.022,0.0,-0.022,0.953717,0.300706,1
11811,4.85,0.0,0.0203,0.0,-0.0203,0.95502,0.296542,1
11812,4.8667,0.0,0.0231,0.0,-0.0231,0.956305,0.292372,1
11813,4.8833,0.0,0.0225,0.0,-0.0225,0.957571,0.288196,1
11814,4.9,0.0,0.0194,0.0,-0.0194,0.95882,0.284015,1
11815,4.9167,0.0,0.0231,0.0,-0.0231,0.96005,0.279829,1
11816,4.9333,0.0,0.0219,0.0,-0.0219,0.961262,0.275637,1
11817,4.95,0.0,0.0225,0.0,-0.0225,0.962455,0.27144,1
11818,4.9667,0.0,0.0177,0.0,-0.0177,0.96363,0.267238,1
11819,4.9833,0.0,0.0237,0.0,-0.0237,0.964787,0.263031,1
11820,5.0,0.0,0.0209,0.0,-0.0209,0.965926,0.258819,1
11821,5.0167,0.0,0.0195,0.0,-0.0195,0.967046,0.254602,1
11822,5.0333,0.0,0.0203,0.0,-0.0203,0.968148,0.25038,1
11823,5.05,0.0,0.0188,0.0,-0.0188,0.969231,0.246153,1
11824,5.0667,0.0,0.0217,0.0,-0.0217,0.970296,0.241922,1
11825,5.0833,0.0,0.022,0.0,-0.022,0.971342,0.237686,1
11826,5.1,0.0,0.0211,0.0,-0.0211,0.97237,0.233445,1
11827,5.1167,0.0,0.0203,0.0,-0.0203,0.973379,0.2292,1
11828,5.1333,0.0,0.0205,0.0,-0.0205,0.97437,0.224951,1
11829,5.15,0.0,0.0196,0.0,-0.0196,0.975342,0.220697,1
11830,5.1667,0.0,0.0226,0.0,-0.0226,0.976296,0.21644,1
11831,5.1833,0.0,0.0211,0.0,-0.0211,0.977231,0.212178,1
11832,5.2,0.0,0.0195,0.0,-0.0195,0.978148,0.207912,1
11833,5.2167,0.0,0.0193,0.0,-0.0193,0.979045,0.203642,1
11834,5.2333,0.0,0.0209,0.0,-0.0209,0.979925,0.199368,1
11835,5.25,0.0,0.0201,0.0,-0.0201,0.980785,0.19509,1
11836,5.2667,0.0,0.0178,0.0,-0.0178,0.981627,0.190809,1
11837,5.2833,0.0,0.0215,0.0,-0.0215,0.98245,0.186524,1
11838,5.3,0.0,0.0199,0.0,-0.0199,0.983255,0.182236,1
11839,5.3167,0.0,0.0207,0.0,-0.0207,0.984041,0.177944,1
11840,5.3333,0.0,0.0177,0.0,-0.0177,0.984808,0.173648,1
11841,5.35,0.0,0.0219,0.0,-0.0219,0.985556,0.16935,1
11842,5.3667,0.0,0.0178,0.0,-0.0178,0.986286,0.165048,1
11843,5.3833,0.0,0.0204,0.0,-0.0204,0.986996,0.160743,1
11844,5.4,0.0,0.0188,0.0,-0.0188,0.987688,0.156434,1
11845,5.4167,0.0,0.0211,0.0,-0.0211,0.988362,0.152123,1
11846,5.4333,0.0,0.0226,0.0,-0.0226,0.989016,0.147809,1
11847,5.45,0.0,0.0237,0.0,-0.0237,0.989651,0.143493,1
11848,5.4667,0.0,0.0226,0.0,-0.0226,0.990268,0.139173,1
11849,5.4833,0.0,0.0215,0.0,-0.0215,0.990866,0.134851,1
11850,5.5,0.0,0.0228,0.0,-0.0228,0.991445,0.130526,1
11851,5.5167,0.0,0.0203,0.0,-0.0203,0.992005,0.126199,1
11852,5.5333,0.0,0.0217,0.0,-0.0217,0.992546,0.121869,1
11853,5.55,0.0,0.0206,0.0,-0.0206,0.993068,0.117537,1
11854,5.5667,0.0,0.0207,0.0,-0.0207,0.993572,0.113203,1
11855,5.5833,0.0,0.0195,0.0,-0.0195,0.994056,0.108867,1
11856,5.6,0.0,0.0181,0.0,-0.0181,0.994522,0.104528,1
11857,5.6167,0.0,0.0226,0.0,-0.0226,0.994969,0.100188,1
11858,5.6333,0.0,0.0172,0.0,-0.0172,0.995396,0.095846,1
11859,5.65,0.0,0.0191,0.0,-0.0191,0.995805,0.091502,1
11860,5.6667,0.0,0.0183,0.0,-0.0183,0.996195,0.087156,1
11861,5.6833,0.0,0.0209,0.0,-0.0209,0.996566,0.082808,1
11862,5.7,0.0,0.0191,0.0,-0.0191,0.996917,0.078459,1
11863,5.7167,0.0,0.022,0.0,-0.022,0.99725,0.074108,1
11864,5.7333,0.0,0.0206,0.0,-0.0206,0.997564,0.069756,1
11865,5.75,0.0,0.0223,0.0,-0.0223,0.997859,0.065403,1
11866,5.7667,0.0,0.0233,0.0,-0.0233,0.998135,0.061049,1
11867,5.7833,0.0,0.0168,0.0,-0.0168,0.998392,0.056693,1
11868,5.8,0.0,0.0176,0.0,-0.0176,0.99863,0.052336,1
11869,5.8167,0.0,0.0227,0.0,-0.0227,0.998848,0.047978,1
11870,5.8333,0.0,0.0208,0.0,-0.0208,0.999048,0.043619,1
11871,5.85,0.0,0.0171,0.0,-0.0171,0.999229,0.03926,1
11872,5.8667,0.0,0.0235,0.0,-0.0235,0.999391,0.034899,1
11873,5.8833,0.0,0.0202,0.0,-0.0202,0.999534,0.030539,1
11874,5.9,0.0,0.0215,0.0,-0.0215,0.999657,0.026177,1
11875,5.9167,0.0,0.019,0.0,-0.019,0.999762,0.021815,1
11876,5.9333,0.0,0.022,0.0,-0.022,0.999848,0.017452,1
11877,5.95,0.0,0.0179,0.0,-0.0179,0.999914,0.01309,1
11878,5.9667,0.0,0.0207,0.0,-0.0207,0.999962,0.008727,1
11879,5.9833,0.0,0.0186,0.0,-0.0186,0.99999,0.004363,1
11880,6.0,0.001533,0.0398,0.0,-0.038267,1.0,0.0,1
11881,6.0167,0.0,0.0377,0.0,-0.0377,0.99999,-0.004363,1
11882,6.0333,0.0034,0.0356,0.0,-0.0322,0.999962,-0.008727,1
11883,6.05,0.004033,0.042,0.0,-0.037967,0.999914,-0.01309,1
11884,6.0667,0.005017,0.0399,0.0,-0.034883,0.999848,-0.017452,1
11885,6.0833,0.0034,0.0329,0.0,-0.0295,0.999762,-0.021815,1
11886,6.1,0.005917,0.0368,0.0,-0.030883,0.999657,-0.026177,1
11887,6.1167,0.009583,0.0386,0.0,-0.029017,0.999534,-0.030539,1
11888,6.1333,0.005267,0.0362,0.0,-0.030933,0.999391,-0.034899,1
11889,6.15,0.005433,0.0379,0.0,-0.032467,0.999229,-0.03926,1
11890,6.1667,0.00545,0.0357,0.0,-0.03025,0.999048,-0.043619,1
11891,6.1833,0.00945,0.0325,0.0,-0.02305,0.998848,-0.047978,1
11892,6.2,0.010717,0.0394,0.0,-0.028683,0.99863,-0.052336,1
11893,6.2167,0.016117,0.0349,0.0,-0.018783,0.998392,-0.056693,1
11894,6.2333,0.011733,0.0366,0.0,-0.024867,0.998135,-0.061049,1
11895,6.25,0.0074,0.0414,0.0,-0.034,0.997859,-0.065403,1
11896,6.2667,0.011233,0.0339,0.0,-0.022667,0.997564,-0.069756,1
11897,6.2833,0.0119,0.0358,0.0,-0.0239,0.99725,-0.074108,1
11898,6.3,0.015217,0.0395,0.0,-0.024283,0.996917,-0.078459,1
11899,6.3167,0.01465,0.0384,0.0,-0.02375,0.996566,-0.082808,1
11900,6.3333,0.0169,0.0331,0.0,-0.0162,0.996195,-0.087156,1
11901,6.35,0.01595,0.0345,0.0,-0.01855,0.995805,-0.091502,1
11902,6.3667,0.020567,0.0355,0.0,-0.014933,0.995396,-0.095846,1
11903,6.3833,0.018867,0.0392,0.0,-0.020333,0.994969,-0.100188,1
11904,6.4,0.0237,0.0354,0.0,-0.0117,0.994522,-0.104528,1
11905,6.4167,0.020683,0.0398,0.0,-0.019117,0.994056,-0.108867,1
11906,6.4333,0.0255,0.0415,0.0,-0.016,0.993572,-0.113203,1
11907,6.45,0.02225,0.0381,0.0,-0.01585,0.993068,-0.117537,1
11908,6.4667,0.022883,0.0343,0.0,-0.011417,0.992546,-0.121869,1
11909,6.4833,0.029167,0.0358,0.0,-0.006633,0.992005,-0.126199,1
11910,6.5,0.027467,0.0365,0.0,-0.009033,0.991445,-0.130526,1
11911,6.5167,0.023717,0.0383,0.0,-0.014583,0.990866,-0.134851,1
11912,6.5333,0.0249,0.0365,0.0,-0.0116,0.990268,-0.139173,1
11913,6.55,0.027233,0.0343,0.0,-0.007067,0.989651,-0.143493,1
11914,6.5667,0.032183,0.039,0.0,-0.006817,0.989016,-0.147809,1
11915,6.5833,0.030083,0.0363,0.0,-0.006217,0.988362,-0.152123,1
11916,6.6,0.02645,0.0367,0.0,-0.01025,0.987688,-0.156434,1
11917,6.6167,0.0339,0.0393,0.0,-0.0054,0.986996,-0.160743,1
11918,6.6333,0.028133,0.0384,0.0,-0.010267,0.986286,-0.165048,1
11919,6.65,0.034617,0.0337,0.0009,0.000917,0.985556,-0.16935,0
11920,6.6667,0.036517,0.0383,0.0,-0.001783,0.984808,-0.173648,1
11921,6.6833,0.035883,0.0371,0.0,-0.001217,0.984041,-0.177944,1
11922,6.7,0.038683,0.0335,0.0052,0.005183,0.983255,-0.182236,0
11923,6.7167,0.03495,0.0374,0.0028,-0.00245,0.98245,-0.186524,0
11924,6.7333,0.0343,0.0336,0.0035,0.0007,0.981627,-0.190809,0
11925,6.75,0.037783,0.0378,0.0035,-1.7e-05,0.980785,-0.19509,0
11926,6.7667,0.0453,0.0397,0.0091,0.0056,0.979925,-0.199368,0
11927,6.7833,0.041033,0.0377,0.0124,0.003333,0.979045,-0.203642,0
11928,6.8,0.041567,0.034,0.02,0.007567,0.978148,-0.207912,0
11929,6.8167,0.043617,0.0386,0.025,0.005017,0.977231,-0.212178,0
11930,6.8333,0.0401,0.0361,0.029,0.004,0.976296,-0.21644,0
11931,6.85,0.048033,0.0364,0.0406,0.011633,0.975342,-0.220697,0
11932,6.8667,0.044167,0.0368,0.048,0.007367,0.97437,-0.224951,0
11933,6.8833,0.0453,0.033,0.0603,0.0123,0.973379,-0.2292,0
11934,6.9,0.048033,0.0363,0.072,0.011733,0.97237,-0.233445,0
11935,6.9167,0.047267,0.0366,0.0827,0.010667,0.971342,-0.237686,0
11936,6.9333,0.04205,0.0373,0.0874,0.00475,0.970296,-0.241922,0
11937,6.95,0.045783,0.0355,0.0977,0.010283,0.969231,-0.246153,0
11938,6.9667,0.050167,0.0386,0.1093,0.011567,0.968148,-0.25038,0
11939,6.9833,0.048383,0.0405,0.1172,0.007883,0.967046,-0.254602,0
11940,7.0,0.05585,0.0685,0.1045,-0.01265,0.965926,-0.258819,0
11941,7.0167,0.0548,0.0679,0.0914,-0.0131,0.964787,-0.263031,0
11942,7.0333,0.0534,0.0705,0.0743,-0.0171,0.96363,-0.267238,0
11943,7.05,0.057683,0.067,0.065,-0.009317,0.962455,-0.27144,0
11944,7.0667,0.060067,0.0643,0.0608,-0.004233,0.961262,-0.275637,0
11945,7.0833,0.05535,0.0703,0.0459,-0.01495,0.96005,-0.279829,0
11946,7.1,0.058867,0.0695,0.0353,-0.010633,0.95882,-0.284015,0
11947,7.1167,0.058,0.0703,0.023,-0.0123,0.957571,-0.288196,0
11948,7.1333,0.058917,0.0693,0.0126,-0.010383,0.956305,-0.292372,0
11949,7.15,0.059017,0.0691,0.0025,-0.010083,0.95502,-0.296542,0
11950,7.1667,0.062033,0.0704,0.0,-0.008367,0.953717,-0.300706,1
11951,7.1833,0.0596,0.0709,0.0,-0.0113,0.952396,-0.304864,1
11952,7.2,0.0656,0.0678,0.0,-0.0022,0.951057,-0.309017,1
11953,7.2167,0.064483,0.0708,0.0,-0.006317,0.949699,-0.313164,1
11954,7.2333,0.063,0.0646,0.0,-0.0016,0.948324,-0.317305,1
11955,7.25,0.062433,0.0697,0.0,-0.007267,0.94693,-0.321439,1
11956,7.2667,0.06395,0.0699,0.0,-0.00595,0.945519,-0.325568,1
11957,7.2833,0.06305,0.0694,0.0,-0.00635,0.944089,-0.329691,1
11958,7.3,0.06535,0.0652,0.0002,0.00015,0.942641,-0.333807,0
11959,7.3167,0.069483,0.0691,0.0006,0.000383,0.941176,-0.337917,0
11960,7.3333,0.07035,0.0661,0.0048,0.00425,0.939693,-0.34202,0
11961,7.35,0.0678,0.0702,0.0024,-0.0024,0.938191,-0.346117,0
11962,7.3667,0.070933,0.0683,0.005,0.002633,0.936672,-0.350207,0
11963,7.3833,0.0697,0.0686,0.0061,0.0011,0.935135,-0.354291,0
11964,7.4,0.0733,0.0643,0.0151,0.009,0.93358,-0.358368,0
11965,7.4167,0.0735,0.0685,0.0201,0.005,0.932008,-0.362438,0
11966,7.4333,0.074617,0.071,0.0237,0.003617,0.930418,-0.366501,0
11967,7.45,0.077117,0.0655,0.0353,0.011617,0.92881,-0.370557,0
11968,7.4667,0.075433,0.0692,0.0415,0.006233,0.927184,-0.374607,0
11969,7.4833,0.075017,0.0679,0.0486,0.007117,0.925541,-0.378649,0
11970,7.5,0.077967,0.0668,0.0598,0.011167,0.92388,-0.382683,0
11971,7.5167,0.07595,0.0678,0.068,0.00815,0.922201,-0.386711,0
11972,7.5333,0.0763,0.0676,0.0767,0.0087,0.920505,-0.390731,0
11973,7.55,0.079683,0.0672,0.0892,0.012483,0.918791,-0.394744,0
11974,7.5667,0.077433,0.0682,0.0984,0.009233,0.91706,-0.398749,0
11975,7.5833,0.078517,0.0703,0.1066,0.008217,0.915311,-0.402747,0
11976,7.6,0.084033,0.069,0.1216,0.015033,0.913545,-0.406737,0
11977,7.6167,0.082267,0.0676,0.1363,0.014667,0.911762,-0.410719,0
11978,7.6333,0.08715,0.0674,0.1561,0.01975,0.909961,-0.414693,0
11979,7.65,0.081733,0.0683,0.1695,0.013433,0.908143,-0.41866,0
11980,7.6667,0.085267,0.07,0.1848,0.015267,0.906308,-0.422618,0
11981,7.6833,0.0876,0.068,0.2044,0.0196,0.904455,-0.426569,0
11982,7.7,0.084133,0.0703,0.2182,0.013833,0.902585,-0.430511,0
11983,7.7167,0.0884,0.0642,0.2424,0.0242,0.900698,-0.434445,0
11984,7.7333,0.09125,0.072,0.2616,0.01925,0.898794,-0.438371,0
11985,7.75,0.08795,0.0654,0.2842,0.02255,0.896873,-0.442289,0
11986,7.7667,0.0914,0.0682,0.3074,0.0232,0.894934,-0.446198,0
11987,7.7833,0.093317,0.0652,0.3355,0.028117,0.892979,-0.450098,0
11988,7.8,0.0909,0.0666,0.3598,0.0243,0.891007,-0.45399,0
11989,7.8167,0.093917,0.0702,0.3835,0.023717,0.889017,-0.457874,0
11990,7.8333,0.0905,0.0692,0.4048,0.0213,0.887011,-0.461749,0
11991,7.85,0.093683,0.0663,0.4322,0.027383,0.884988,-0.465615,0
11992,7.8667,0.0938,0.0652,0.4608,0.0286,0.882948,-0.469472,0
11993,7.8833,0.094133,0.0681,0.4868,0.026033,0.880891,-0.47332,0
11994,7.9,0.0969,0.0694,0.5143,0.0275,0.878817,-0.477159,0
11995,7.9167,0.09835,0.0674,0.5453,0.03095,0.876727,-0.480989,0
11996,7.9333,0.094067,0.0719,0.5675,0.022167,0.87462,-0.48481,0
11997,7.95,0.095767,0.0711,0.5922,0.024667,0.872496,-0.488621,0
11998,7.9667,0.097067,0.0655,0.6238,0.031567,0.870356,-0.492424,0
11999,7.9833,0.098783,0.0675,0.6551,0.031283,0.868199,-0.496217,0
12000,8.0,0.100267,0.0683,0.6871,0.031967,0.866025,-0.5,0
12001,8.0167,0.100233,0.0677,0.7196,0.032533,0.863836,-0.503774,0
12002,8.0333,0.099717,0.0683,0.751,0.031417,0.861629,-0.507538,0
12003,8.05,0.105467,0.0716,0.7849,0.033867,0.859406,-0.511293,0
12004,8.0667,0.10245,0.0689,0.8185,0.03355,0.857167,-0.515038,0
12005,8.0833,0.10015,0.0693,0.8493,0.03085,0.854912,-0.518773,0
12006,8.1,0.100267,0.0663,0.8833,0.033967,0.85264,-0.522499,0
12007,8.1167,0.104983,0.0685,0.9198,0.036483,0.850352,-0.526214,0
12008,8.1333,0.10455,0.0667,0.9576,0.03785,0.848048,-0.529919,0
12009,8.15,0.105267,0.0692,0.9937,0.036067,0.845728,-0.533615,0
12010,8.1667,0.103467,0.0658,1.0314,0.037667,0.843391,-0.5373,0
12011,8.1833,0.108433,0.0683,1.0715,0.040133,0.841039,-0.540974,0
12012,8.2,0.1077,0.0672,1.112,0.0405,0.838671,-0.544639,0
12013,8.2167,0.113617,0.0709,1.1547,0.042717,0.836286,-0.548293,0
12014,8.2333,0.10985,0.0663,1.1983,0.04355,0.833886,-0.551937,0
12015,8.25,0.111033,0.0699,1.2394,0.041133,0.83147,-0.55557,0
12016,8.2667,0.10935,0.0658,1.283,0.04355,0.829038,-0.559193,0
12017,8.2833,0.116183,0.0672,1.332,0.048983,0.82659,-0.562805,0
12018,8.3,0.110083,0.0691,1.373,0.040983,0.824126,-0.566406,0
12019,8.3167,0.1135,0.0682,1.4183,0.0453,0.821647,-0.569997,0
12020,8.3333,0.114083,0.0688,1.4636,0.045283,0.819152,-0.573576,0
12021,8.35,0.11215,0.0686,1.5071,0.04355,0.816642,-0.577145,0
12022,8.3667,0.1143,0.0674,1.554,0.0469,0.814116,-0.580703,0
12023,8.3833,0.120617,0.068,1.6066,0.052617,0.811574,-0.58425,0
12024,8.4,0.115817,0.0706,1.6518,0.045217,0.809017,-0.587785,0
12025,8.4167,0.1182,0.066,1.704,0.0522,0.806445,-0.59131,0
12026,8.4333,0.1207,0.0678,1.7569,0.0529,0.803857,-0.594823,0
12027,8.45,0.120483,0.0659,1.8115,0.054583,0.801254,-0.598325,0
12028,8.4667,0.121933,0.0699,1.8635,0.052033,0.798636,-0.601815,0
12029,8.4833,0.119117,0.0682,1.9144,0.050917,0.796002,-0.605294,0
12030,8.5,0.121667,0.0677,1.9684,0.053967,0.793353,-0.608761,0
12031,8.5167,0.12175,0.0668,2.0233,0.05495,0.79069,-0.612217,0
12032,8.5333,0.125817,0.0713,2.0778,0.054517,0.788011,-0.615661,0
12033,8.55,0.121917,0.0695,2.1302,0.052417,0.785317,-0.619094,0
12034,8.5667,0.126883,0.0681,2.189,0.058783,0.782608,-0.622515,0
12035,8.5833,0.126617,0.0671,2.2485,0.059517,0.779884,-0.625923,0
12036,8.6,0.127617,0.068,2.3081,0.059617,0.777146,-0.62932,0
12037,8.6167,0.1278,0.0701,2.3658,0.0577,0.774393,-0.632705,0
12038,8.6333,0.13165,0.0687,2.4287,0.06295,0.771625,-0.636078,0
12039,8.65,0.128133,0.0685,2.4883,0.059633,0.768842,-0.639439,0
12040,8.6667,0.120867,0.067,2.5422,0.053867,0.766044,-0.642788,0
12041,8.6833,0.131267,0.0687,2.6048,0.062567,0.763232,-0.646124,0
12042,8.7,0.12905,0.0689,2.6649,0.06015,0.760406,-0.649448,0
12043,8.7167,0.130317,0.0654,2.7298,0.064917,0.757565,-0.65276,0
12044,8.7333,0.132117,0.068,2.7939,0.064117,0.75471,-0.656059,0
12045,8.75,0.129467,0.0652,2.8582,0.064267,0.75184,-0.659346,0
12046,8.7667,0.134417,0.0686,2.924,0.065817,0.748956,-0.66262,0
12047,8.7833,0.133567,0.0683,2.9893,0.065267,0.746057,-0.665882,0
12048,8.8,0.13285,0.0715,3.0507,0.06135,0.743145,-0.669131,0
12049,8.8167,0.1304,0.0677,3.1134,0.0627,0.740218,-0.672367,0
12050,8.8333,0.13785,0.0663,3.1849,0.07155,0.737277,-0.67559,0
12051,8.85,0.13365,0.0721,3.2464,0.06155,0.734323,-0.678801,0
12052,8.8667,0.139433,0.0679,3.3179,0.071533,0.731354,-0.681998,0
12053,8.8833,0.13855,0.0689,3.3875,0.06965,0.728371,-0.685183,0
12054,8.9,0.141167,0.0652,3.4635,0.075967,0.725374,-0.688355,0
12055,8.9167,0.137883,0.07,3.5314,0.067883,0.722364,-0.691513,0
12056,8.9333,0.136283,0.0688,3.5989,0.067483,0.71934,-0.694658,0
12057,8.95,0.140717,0.0679,3.6717,0.072817,0.716302,-0.69779,0
12058,8.9667,0.1435,0.0668,3.7484,0.0767,0.71325,-0.700909,0
12059,8.9833,0.142733,0.0681,3.823,0.074633,0.710185,-0.704015,0
12060,9.0,0.1437,0.0357,3.931,0.108,0.707107,-0.707107,0
12061,9.0167,0.146567,0.0348,4.0428,0.111767,0.704015,-0.710185,0
12062,9.0333,0.139617,0.037,4.1454,0.102617,0.700909,-0.71325,0
12063,9.05,0.13925,0.0349,4.2497,0.10435,0.69779,-0.716302,0
12064,9.0667,0.1418,0.0402,4.3513,0.1016,0.694658,-0.71934,0
12065,9.0833,0.138667,0.038,4.452,0.100667,0.691513,-0.722364,0
12066,9.1,0.147667,0.038,4.5617,0.109667,0.688355,-0.725374,0
12067,9.1167,0.148217,0.041,4.6689,0.107217,0.685183,-0.728371,0
12068,9.1333,0.145383,0.0393,4.775,0.106083,0.681998,-0.731354,0
12069,9.15,0.14935,0.04,4.8844,0.10935,0.678801,-0.734323,0
12070,9.1667,0.144867,0.0382,4.9911,0.106667,0.67559,-0.737277,0
12071,9.1833,0.147683,0.0387,5.1001,0.108983,0.672367,-0.740218,0
12072,9.2,0.146033,0.0392,5.2069,0.106833,0.669131,-0.743145,0
12073,9.2167,0.155017,0.036,5.3259,0.119017,0.665882,-0.746057,0
12074,9.2333,0.1539,0.0346,5.4452,0.1193,0.66262,-0.748956,0
12075,9.25,0.1489,0.037,5.5571,0.1119,0.659346,-0.75184,0
12076,9.2667,0.14745,0.0368,5.6677,0.11065,0.656059,-0.75471,0
12077,9.2833,0.153567,0.0337,5.7876,0.119867,0.65276,-0.757565,0
12078,9.3,0.148533,0.0375,5.8986,0.111033,0.649448,-0.760406,0
12079,9.3167,0.150433,0.0381,6.0109,0.112333,0.646124,-0.763232,0
12080,9.3333,0.1523,0.0397,6.1235,0.1126,0.642788,-0.766044,0
12081,9.35,0.153267,0.0386,6.2382,0.114667,0.639439,-0.768842,0
12082,9.3667,0.154,0.04,6.3522,0.114,0.636078,-0.771625,0
12083,9.3833,0.153883,0.0399,6.4662,0.113983,0.632705,-0.774393,0
12084,9.4,0.153617,0.0347,6.5851,0.118917,0.62932,-0.777146,0
12085,9.4167,0.15375,0.0375,6.7013,0.11625,0.625923,-0.779884,0
12086,9.4333,0.156667,0.0347,6.8233,0.121967,0.622515,-0.782608,0
12087,9.45,0.15465,0.0371,6.9409,0.11755,0.619094,-0.785317,0
12088,9.4667,0.156317,0.0417,7.0555,0.114617,0.615661,-0.788011,0
12089,9.4833,0.159967,0.0347,7.1808,0.125267,0.612217,-0.79069,0
12090,9.5,0.161333,0.0368,7.3053,0.124533,0.608761,-0.793353,0
12091,9.5167,0.16155,0.038,7.4288,0.12355,0.605294,-0.796002,0
12092,9.5333,0.158433,0.0376,7.5496,0.120833,0.601815,-0.798636,0
12093,9.55,0.160667,0.039,7.6713,0.121667,0.598325,-0.801254,0
12094,9.5667,0.1593,0.0393,7.7913,0.12,0.594823,-0.803857,0
12095,9.5833,0.161483,0.0384,7.9144,0.123083,0.59131,-0.806445,0
12096,9.6,0.1647,0.0381,8.041,0.1266,0.587785,-0.809017,0
12097,9.6167,0.16025,0.0405,8.1608,0.11975,0.58425,-0.811574,0
12098,9.6333,0.1608,0.0343,8.2873,0.1265,0.580703,-0.814116,0
12099,9.65,0.165183,0.0374,8.4151,0.127783,0.577145,-0.816642,0
12100,9.6667,0.1585,0.0356,8.538,0.1229,0.573576,-0.819152,0
12101,9.6833,0.164367,0.0366,8.6658,0.127767,0.569997,-0.821647,0
12102,9.7,0.164017,0.0402,8.7896,0.123817,0.566406,-0.824126,0
12103,9.7167,0.1656,0.0393,8.9159,0.1263,0.562805,-0.82659,0
12104,9.7333,0.165083,0.0342,9.0468,0.130883,0.559193,-0.829038,0
12105,9.75,0.170317,0.0344,9.1827,0.135917,0.55557,-0.83147,0
12106,9.7667,0.163633,0.0377,9.3086,0.125933,0.551937,-0.833886,0
12107,9.7833,0.166867,0.0376,9.4379,0.129267,0.548293,-0.836286,0
12108,9.8,0.16805,0.032,9.5739,0.13605,0.544639,-0.838671,0
12109,9.8167,0.170117,0.0337,9.7103,0.136417,0.540974,-0.841039,0
12110,9.8333,0.167717,0.0366,9.8414,0.131117,0.5373,-0.843391,0
12111,9.85,0.164767,0.0434,9.9628,0.121367,0.533615,-0.845728,0
12112,9.8667,0.1674,0.0351,10.0951,0.1323,0.529919,-0.848048,0
12113,9.8833,0.1664,0.039,10.2225,0.1274,0.526214,-0.850352,0
12114,9.9,0.173517,0.0396,10.3564,0.133917,0.522499,-0.85264,0
12115,9.9167,0.1749,0.0368,10.4945,0.1381,0.518773,-0.854912,0
12116,9.9333,0.170067,0.0355,10.6291,0.134567,0.515038,-0.857167,0
12117,9.95,0.1767,0.0411,10.7647,0.1356,0.511293,-0.859406,0
12118,9.9667,0.169383,0.0356,10.8985,0.133783,0.507538,-0.861629,0
12119,9.9833,0.173967,0.038,11.0345,0.135967,0.503774,-0.863836,0
12120,10.0,0.173583,0.0377,11.1704,0.135883,0.5,-0.866025,0
12121,10.0167,0.167733,0.0382,11.2999,0.129533,0.496217,-0.868199,0
12122,10.0333,0.172283,0.0403,11.4319,0.131983,0.492424,-0.870356,0
12123,10.05,0.1742,0.0363,11.5698,0.1379,0.488621,-0.872496,0
12124,10.0667,0.1743,0.0413,11.7028,0.133,0.48481,-0.87462,0
12125,10.0833,0.1769,0.0372,11.8425,0.1397,0.480989,-0.876727,0
12126,10.1,0.173517,0.0375,11.9785,0.136017,0.477159,-0.878817,0
12127,10.1167,0.177183,0.034,12.1217,0.143183,0.47332,-0.880891,0
12128,10.1333,0.178233,0.0376,12.2623,0.140633,0.469472,-0.882948,0
12129,10.15,0.176733,0.0388,12.4002,0.137933,0.465615,-0.884988,0
12130,10.1667,0.179283,0.037,12.5425,0.142283,0.461749,-0.887011,0
12131,10.1833,0.173433,0.0369,12.679,0.136533,0.457874,-0.889017,0
12132,10.2,0.176283,0.036,12.8193,0.140283,0.45399,-0.891007,0
12133,10.2167,0.178733,0.0394,12.9586,0.139333,0.450098,-0.892979,0
12134,10.2333,0.178567,0.035,13.1022,0.143567,0.446198,-0.894934,0
12135,10.25,0.183017,0.04,13.2452,0.143017,0.442289,-0.896873,0
12136,10.2667,0.177583,0.037,13.3858,0.140583,0.438371,-0.898794,0
12137,10.2833,0.184133,0.0365,13.5334,0.147633,0.434445,-0.900698,0
12138,10.3,0.17835,0.0394,13.6723,0.13895,0.430511,-0.902585,0
12139,10.3167,0.182433,0.0365,13.8182,0.145933,0.426569,-0.904455,0
12140,10.3333,0.185783,0.035,13.969,0.150783,0.422618,-0.906308,0
12141,10.35,0.183767,0.0354,14.1174,0.148367,0.41866,-0.908143,0
12142,10.3667,0.184917,0.0407,14.2616,0.144217,0.414693,-0.909961,0
12143,10.3833,0.177783,0.0373,14.4021,0.140483,0.410719,-0.911762,0
12144,10.4,0.179967,0.038,14.5441,0.141967,0.406737,-0.913545,0
12145,10.4167,0.182817,0.0339,14.693,0.148917,0.402747,-0.915311,0
12146,10.4333,0.185383,0.0353,14.8431,0.150083,0.398749,-0.91706,0
12147,10.45,0.18755,0.0377,14.993,0.14985,0.394744,-0.918791,0
12148,10.4667,0.18375,0.0351,15.1417,0.14865,0.390731,-0.920505,0
12149,10.4833,0.184117,0.0352,15.2906,0.148917,0.386711,-0.922201,0
12150,10.5,0.18695,0.0366,15.4409,0.15035,0.382683,-0.92388,0
12151,10.5167,0.18585,0.0408,15.5859,0.14505,0.378649,-0.925541,0
12152,10.5333,0.18655,0.0378,15.7347,0.14875,0.374607,-0.927184,0
12153,10.55,0.187933,0.0394,15.8832,0.148533,0.370557,-0.92881,0
12154,10.5667,0.183717,0.0369,16.03,0.146817,0.366501,-0.930418,0
12155,10.5833,0.1867,0.0367,16.18,0.15,0.362438,-0.932008,0
12156,10.6,0.187883,0.0379,16.33,0.149983,0.358368,-0.93358,0
12157,10.6167,0.1872,0.0354,16.4818,0.1518,0.354291,-0.935135,0
12158,10.6333,0.186717,0.036,16.6325,0.150717,0.350207,-0.936672,0
12159,10.65,0.1875,0.0407,16.7793,0.1468,0.346117,-0.938191,0
12160,10.6667,0.1875,0.0372,16.9296,0.1503,0.34202,-0.939693,0
12161,10.6833,0.19045,0.0379,17.0821,0.15255,0.337917,-0.941176,0
12162,10.7,0.186883,0.0378,17.2312,0.149083,0.333807,-0.942641,0
12163,10.7167,0.1867,0.0372,17.3807,0.1495,0.329691,-0.944089,0
12164,10.7333,0.188333,0.0338,17.5352,0.154533,0.325568,-0.945519,0
12165,10.75,0.1906,0.0387,17.6871,0.1519,0.321439,-0.94693,0
12166,10.7667,0.189917,0.0385,17.8385,0.151417,0.317305,-0.948324,0
12167,10.7833,0.185883,0.0389,17.9855,0.146983,0.313164,-0.949699,0
12168,10.8,0.194667,0.0401,18.0,0.154567,0.309017,-0.951057,0
12169,10.8167,0.189483,0.0362,18.0,0.153283,0.304864,-0.952396,0
12170,10.8333,0.1915,0.0424,18.0,0.1491,0.300706,-0.953717,0
12171,10.85,0.18805,0.038,18.0,0.15005,0.296542,-0.95502,0
12172,10.8667,0.1924,0.0385,18.0,0.1539,0.292372,-0.956305,0
12173,10.8833,0.192133,0.0342,18.0,0.157933,0.288196,-0.957571,0
12174,10.9,0.1929,0.0395,18.0,0.1534,0.284015,-0.95882,0
12175,10.9167,0.1943,0.0346,18.0,0.1597,0.279829,-0.96005,0
12176,10.9333,0.19265,0.0399,18.0,0.15275,0.275637,-0.961262,0
12177,10.95,0.194617,0.0378,18.0,0.156817,0.27144,-0.962455,0
12178,10.9667,0.190483,0.0377,18.0,0.152783,0.267238,-0.96363,0
12179,10.9833,0.195317,0.0361,18.0,0.159217,0.263031,-0.964787,0
12180,11.0,0.193233,0.0364,18.0,0.156833,0.258819,-0.965926,0
12181,11.0167,0.193433,0.0368,18.0,0.156633,0.254602,-0.967046,0
12182,11.0333,0.195467,0.0392,18.0,0.156267,0.25038,-0.968148,0
12183,11.05,0.195333,0.0353,18.0,0.160033,0.246153,-0.969231,0
12184,11.0667,0.195067,0.0366,18.0,0.158467,0.241922,-0.970296,0
12185,11.0833,0.1911,0.0329,18.0,0.1582,0.237686,-0.971342,0
12186,11.1,0.18735,0.0367,18.0,0.15065,0.233445,-0.97237,0
12187,11.1167,0.19255,0.0381,18.0,0.15445,0.2292,-0.973379,0
12188,11.1333,0.1956,0.0341,18.0,0.1615,0.224951,-0.97437,0
12189,11.15,0.1966,0.0384,18.0,0.1582,0.220697,-0.975342,0
12190,11.1667,0.197217,0.0395,18.0,0.157717,0.21644,-0.976296,0
12191,11.1833,0.193683,0.0334,18.0,0.160283,0.212178,-0.977231,0
12192,11.2,0.1948,0.0367,18.0,0.1581,0.207912,-0.978148,0
12193,11.2167,0.196083,0.0379,18.0,0.158183,0.203642,-0.979045,0
12194,11.2333,0.195967,0.0372,18.0,0.158767,0.199368,-0.979925,0
12195,11.25,0.1955,0.0392,18.0,0.1563,0.19509,-0.980785,0
12196,11.2667,0.199517,0.0371,18.0,0.162417,0.190809,-0.981627,0
12197,11.2833,0.193883,0.0383,18.0,0.155583,0.186524,-0.98245,0
12198,11.3,0.1972,0.0374,18.0,0.1598,0.182236,-0.983255,0
12199,11.3167,0.198317,0.0377,18.0,0.160617,0.177944,-0.984041,0
12200,11.3333,0.196467,0.0369,18.0,0.159567,0.173648,-0.984808,0
12201,11.35,0.197517,0.0356,18.0,0.161917,0.16935,-0.985556,0
12202,11.3667,0.197317,0.0385,18.0,0.158817,0.165048,-0.986286,0
12203,11.3833,0.200817,0.0387,18.0,0.162117,0.160743,-0.986996,0
12204,11.4,0.1976,0.0391,18.0,0.1585,0.156434,-0.987688,0
12205,11.4167,0.1957,0.0409,18.0,0.1548,0.152123,-0.988362,0
12206,11.4333,0.196717,0.0357,18.0,0.161017,0.147809,-0.989016,0
12207,11.45,0.200417,0.039,18.0,0.161417,0.143493,-0.989651,0
12208,11.4667,0.194733,0.0351,18.0,0.159633,0.139173,-0.990268,0
12209,11.4833,0.200667,0.0365,18.0,0.164167,0.134851,-0.990866,0
12210,11.5,0.19955,0.0373,18.0,0.16225,0.130526,-0.991445,0
12211,11.5167,0.198,0.0352,18.0,0.1628,0.126199,-0.992005,0
12212,11.5333,0.195933,0.0374,18.0,0.158533,0.121869,-0.992546,0
12213,11.55,0.198383,0.0389,18.0,0.159483,0.117537,-0.993068,0
12214,11.5667,0.201517,0.04,18.0,0.161517,0.113203,-0.993572,0
12215,11.5833,0.199767,0.0366,18.0,0.163167,0.108867,-0.994056,0
12216,11.6,0.199967,0.0326,18.0,0.167367,0.104528,-0.994522,0
12217,11.6167,0.194583,0.039,18.0,0.155583,0.100188,-0.994969,0
12218,11.6333,0.199867,0.0384,18.0,0.161467,0.095846,-0.995396,0
12219,11.65,0.197667,0.0352,18.0,0.162467,0.091502,-0.995805,0
12220,11.6667,0.199517,0.037,18.0,0.162517,0.087156,-0.996195,0
12221,11.6833,0.194933,0.0376,18.0,0.157333,0.082808,-0.996566,0
12222,11.7,0.198467,0.0391,18.0,0.159367,0.078459,-0.996917,0
12223,11.7167,0.20265,0.0375,18.0,0.16515,0.074108,-0.99725,0
12224,11.7333,0.20105,0.0389,18.0,0.16215,0.069756,-0.997564,0
12225,11.75,0.205067,0.0361,18.0,0.168967,0.065403,-0.997859,0
12226,11.7667,0.1976,0.0377,18.0,0.1599,0.061049,-0.998135,0
12227,11.7833,0.199183,0.0398,18.0,0.159383,0.056693,-0.998392,0
12228,11.8,0.195333,0.035,18.0,0.160333,0.052336,-0.99863,0
12229,11.8167,0.199867,0.0399,18.0,0.159967,0.047978,-0.998848,0
12230,11.8333,0.201267,0.0396,18.0,0.161667,0.043619,-0.999048,0
12231,11.85,0.199517,0.0412,18.0,0.158317,0.03926,-0.999229,0
12232,11.8667,0.198933,0.0387,18.0,0.160233,0.034899,-0.999391,0
12233,11.8833,0.202983,0.0383,18.0,0.164683,0.030539,-0.999534,0
12234,11.9,0.2015,0.0395,18.0,0.162,0.026177,-0.999657,0
12235,11.9167,0.202433,0.0431,18.0,0.159333,0.021815,-0.999762,0
12236,11.9333,0.199917,0.0342,18.0,0.165717,0.017452,-0.999848,0
12237,11.95,0.199217,0.0354,18.0,0.163817,0.01309,-0.999914,0
12238,11.9667,0.196667,0.0369,18.0,0.159767,0.008727,-0.999962,0
12239,11.9833,0.20225,0.036,18.0,0.16625,0.004363,-0.99999,0
12240,12.0,0.202383,0.0355,18.0,0.166883,0.0,-1.0,0
12241,12.0167,0.20445,0.0409,18.0,0.16355,-0.004363,-0.99999,0
12242,12.0333,0.197117,0.0366,18.0,0.160517,-0.008727,-0.999962,0
12243,12.05,0.197617,0.0364,18.0,0.161217,-0.01309,-0.999914,0
12244,12.0667,0.200533,0.0361,18.0,0.164433,-0.017452,-0.999848,0
12245,12.0833,0.197583,0.0391,18.0,0.158483,-0.021815,-0.999762,0
12246,12.1,0.200483,0.0393,18.0,0.161183,-0.026177,-0.999657,0
12247,12.1167,0.198783,0.0363,18.0,0.162483,-0.030539,-0.999534,0
12248,12.1333,0.19465,0.0408,18.0,0.15385,-0.034899,-0.999391,0
12249,12.15,0.198233,0.0377,18.0,0.160533,-0.03926,-0.999229,0
12250,12.1667,0.196783,0.0347,18.0,0.162083,-0.043619,-0.999048,0
12251,12.1833,0.196467,0.0341,18.0,0.162367,-0.047978,-0.998848,0
12252,12.2,0.2,0.042,18.0,0.158,-0.052336,-0.99863,0
12253,12.2167,0.19965,0.0364,18.0,0.16325,-0.056693,-0.998392,0
12254,12.2333,0.198183,0.0389,18.0,0.159283,-0.061049,-0.998135,0
12255,12.25,0.197033,0.0382,18.0,0.158833,-0.065403,-0.997859,0
12256,12.2667,0.200317,0.0389,18.0,0.161417,-0.069756,-0.997564,0
12257,12.2833,0.201117,0.036,18.0,0.165117,-0.074108,-0.99725,0
12258,12.3,0.2038,0.0372,18.0,0.1666,-0.078459,-0.996917,0
12259,12.3167,0.196833,0.0379,18.0,0.158933,-0.082808,-0.996566,0
12260,12.3333,0.203083,0.0385,18.0,0.164583,-0.087156,-0.996195,0
12261,12.35,0.196833,0.0376,18.0,0.159233,-0.091502,-0.995805,0
12262,12.3667,0.197267,0.0365,18.0,0.160767,-0.095846,-0.995396,0
12263,12.3833,0.193933,0.0375,18.0,0.156433,-0.100188,-0.994969,0
12264,12.4,0.199,0.0363,18.0,0.1627,-0.104528,-0.994522,0
12265,12.4167,0.194883,0.0364,18.0,0.158483,-0.108867,-0.994056,0
12266,12.4333,0.202633,0.0339,18.0,0.168733,-0.113203,-0.993572,0
12267,12.45,0.19875,0.036,18.0,0.16275,-0.117537,-0.993068,0
12268,12.4667,0.1967,0.0368,18.0,0.1599,-0.121869,-0.992546,0
12269,12.4833,0.198133,0.0398,18.0,0.158333,-0.126199,-0.992005,0
12270,12.5,0.197667,0.0394,18.0,0.158267,-0.130526,-0.991445,0
12271,12.5167,0.197483,0.0385,18.0,0.158983,-0.134851,-0.990866,0
12272,12.5333,0.201133,0.0339,18.0,0.167233,-0.139173,-0.990268,0
12273,12.55,0.200467,0.0394,18.0,0.161067,-0.143493,-0.989651,0
12274,12.5667,0.199383,0.0402,18.0,0.159183,-0.147809,-0.989016,0
12275,12.5833,0.20075,0.0353,18.0,0.16545,-0.152123,-0.988362,0
12276,12.6,0.19685,0.0362,18.0,0.16065,-0.156434,-0.987688,0
12277,12.6167,0.19375,0.0416,18.0,0.15215,-0.160743,-0.986996,0
12278,12.6333,0.1954,0.0373,18.0,0.1581,-0.165048,-0.986286,0
12279,12.65,0.197483,0.0345,18.0,0.162983,-0.16935,-0.985556,0
12280,12.6667,0.199533,0.0363,18.0,0.163233,-0.173648,-0.984808,0
12281,12.6833,0.200717,0.0355,18.0,0.165217,-0.177944,-0.984041,0
12282,12.7,0.19715,0.0346,18.0,0.16255,-0.182236,-0.983255,0
12283,12.7167,0.196867,0.0409,18.0,0.155967,-0.186524,-0.98245,0
12284,12.7333,0.1992,0.0386,18.0,0.1606,-0.190809,-0.981627,0
12285,12.75,0.1961,0.0359,18.0,0.1602,-0.19509,-0.980785,0
12286,12.7667,0.1972,0.0346,18.0,0.1626,-0.199368,-0.979925,0
12287,12.7833,0.19575,0.0358,18.0,0.15995,-0.203642,-0.979045,0
12288,12.8,0.194733,0.037,18.0,0.157733,-0.207912,-0.978148,0
12289,12.8167,0.195567,0.0416,18.0,0.153967,-0.212178,-0.977231,0
12290,12.8333,0.19755,0.0348,18.0,0.16275,-0.21644,-0.976296,0
12291,12.85,0.196667,0.0346,18.0,0.162067,-0.220697,-0.975342,0
12292,12.8667,0.195967,0.036,18.0,0.159967,-0.224951,-0.97437,0
12293,12.8833,0.195133,0.0421,18.0,0.153033,-0.2292,-0.973379,0
12294,12.9,0.196467,0.0395,18.0,0.156967,-0.233445,-0.97237,0
12295,12.9167,0.196767,0.035,18.0,0.161767,-0.237686,-0.971342,0
12296,12.9333,0.195767,0.038,18.0,0.157767,-0.241922,-0.970296,0
12297,12.95,0.195767,0.0358,18.0,0.159967,-0.246153,-0.969231,0
12298,12.9667,0.192317,0.0368,18.0,0.155517,-0.25038,-0.968148,0
12299,12.9833,0.186983,0.0343,18.0,0.152683,-0.254602,-0.967046,0
12300,13.0,0.194433,0.0411,18.0,0.153333,-0.258819,-0.965926,0
12301,13.0167,0.195717,0.037,18.0,0.158717,-0.263031,-0.964787,0
12302,13.0333,0.192833,0.0387,18.0,0.154133,-0.267238,-0.96363,0
12303,13.05,0.186983,0.0398,18.0,0.147183,-0.27144,-0.962455,0
12304,13.0667,0.196517,0.035,18.0,0.161517,-0.275637,-0.961262,0
12305,13.0833,0.194083,0.0379,18.0,0.156183,-0.279829,-0.96005,0
12306,13.1,0.190933,0.039,18.0,0.151933,-0.284015,-0.95882,0
12307,13.1167,0.1906,0.0365,18.0,0.1541,-0.288196,-0.957571,0
12308,13.1333,0.188017,0.0374,18.0,0.150617,-0.292372,-0.956305,0
12309,13.15,0.192233,0.0396,18.0,0.152633,-0.296542,-0.95502,0
12310,13.1667,0.190717,0.038,18.0,0.152717,-0.300706,-0.953717,0
12311,13.1833,0.193517,0.038,18.0,0.155517,-0.304864,-0.952396,0
12312,13.2,0.190983,0.0416,18.0,0.149383,-0.309017,-0.951057,0
12313,13.2167,0.190283,0.0381,18.0,0.152183,-0.313164,-0.949699,0
12314,13.2333,0.19265,0.0386,18.0,0.15405,-0.317305,-0.948324,0
12315,13.25,0.187133,0.0388,18.0,0.148333,-0.321439,-0.94693,0
12316,13.2667,0.1893,0.0384,18.0,0.1509,-0.325568,-0.945519,0
12317,13.2833,0.189083,0.0386,18.0,0.150483,-0.329691,-0.944089,0
12318,13.3,0.1894,0.0374,18.0,0.152,-0.333807,-0.942641,0
12319,13.3167,0.1903,0.0381,18.0,0.1522,-0.337917,-0.941176,0
12320,13.3333,0.186067,0.0396,18.0,0.146467,-0.34202,-0.939693,0
12321,13.35,0.190867,0.0372,18.0,0.153667,-0.346117,-0.938191,0
12322,13.3667,0.190283,0.0371,18.0,0.153183,-0.350207,-0.936672,0
12323,13.3833,0.182167,0.0397,18.0,0.142467,-0.354291,-0.935135,0
12324,13.4,0.186583,0.0352,18.0,0.151383,-0.358368,-0.93358,0
12325,13.4167,0.185117,0.0413,18.0,0.143817,-0.362438,-0.932008,0
12326,13.4333,0.184633,0.038,18.0,0.146633,-0.366501,-0.930418,0
12327,13.45,0.189283,0.0375,18.0,0.151783,-0.370557,-0.92881,0
12328,13.4667,0.189433,0.0373,18.0,0.152133,-0.374607,-0.927184,0
12329,13.4833,0.18345,0.0396,18.0,0.14385,-0.378649,-0.925541,0
12330,13.5,0.183783,0.043,18.0,0.140783,-0.382683,-0.92388,0
12331,13.5167,0.181217,0.0353,18.0,0.145917,-0.386711,-0.922201,0
12332,13.5333,0.1854,0.0355,18.0,0.1499,-0.390731,-0.920505,0
12333,13.55,0.186533,0.038,18.0,0.148533,-0.394744,-0.918791,0
12334,13.5667,0.183633,0.0381,18.0,0.145533,-0.398749,-0.91706,0
12335,13.5833,0.185683,0.0407,18.0,0.144983,-0.402747,-0.915311,0
12336,13.6,0.184467,0.0399,18.0,0.144567,-0.406737,-0.913545,0
12337,13.6167,0.183683,0.0381,18.0,0.145583,-0.410719,-0.911762,0
12338,13.6333,0.183833,0.0371,18.0,0.146733,-0.414693,-0.909961,0
12339,13.65,0.181433,0.0397,18.0,0.141733,-0.41866,-0.908143,0
12340,13.6667,0.178083,0.0391,18.0,0.138983,-0.422618,-0.906308,0
12341,13.6833,0.178183,0.0376,18.0,0.140583,-0.426569,-0.904455,0
12342,13.7,0.179317,0.0379,18.0,0.141417,-0.430511,-0.902585,0
12343,13.7167,0.178183,0.0389,18.0,0.139283,-0.434445,-0.900698,0
12344,13.7333,0.178033,0.0393,18.0,0.138733,-0.438371,-0.898794,0
12345,13.75,0.1851,0.0376,18.0,0.1475,-0.442289,-0.896873,0
12346,13.7667,0.178033,0.0369,18.0,0.141133,-0.446198,-0.894934,0
12347,13.7833,0.1745,0.0362,18.0,0.1383,-0.450098,-0.892979,0
12348,13.8,0.18135,0.0394,18.0,0.14195,-0.45399,-0.891007,0
12349,13.8167,0.17275,0.0366,18.0,0.13615,-0.457874,-0.889017,0
12350,13.8333,0.179967,0.0371,18.0,0.142867,-0.461749,-0.887011,0
12351,13.85,0.1752,0.0347,18.0,0.1405,-0.465615,-0.884988,0
12352,13.8667,0.180567,0.0352,18.0,0.145367,-0.469472,-0.882948,0
12353,13.8833,0.174883,0.0336,18.0,0.141283,-0.47332,-0.880891,0
12354,13.9,0.177017,0.0395,18.0,0.137517,-0.477159,-0.878817,0
12355,13.9167,0.1792,0.0382,18.0,0.141,-0.480989,-0.876727,0
12356,13.9333,0.173183,0.0358,18.0,0.137383,-0.48481,-0.87462,0
12357,13.95,0.171383,0.0394,18.0,0.131983,-0.488621,-0.872496,0
12358,13.9667,0.172617,0.0372,18.0,0.135417,-0.492424,-0.870356,0
12359,13.9833,0.171717,0.0382,18.0,0.133517,-0.496217,-0.868199,0
12360,14.0,0.174267,0.0349,18.0,0.139367,-0.5,-0.866025,0
12361,14.0167,0.17235,0.0333,18.0,0.13905,-0.503774,-0.863836,0
12362,14.0333,0.1709,0.0372,18.0,0.1337,-0.507538,-0.861629,0
12363,14.05,0.168467,0.0385,18.0,0.129967,-0.511293,-0.859406,0
12364,14.0667,0.17375,0.0422,18.0,0.13155,-0.515038,-0.857167,0
12365,14.0833,0.169917,0.0374,18.0,0.132517,-0.518773,-0.854912,0
12366,14.1,0.170433,0.0339,18.0,0.136533,-0.522499,-0.85264,0
12367,14.1167,0.168717,0.0326,18.0,0.136117,-0.526214,-0.850352,0
12368,14.1333,0.165883,0.0389,18.0,0.126983,-0.529919,-0.848048,0
12369,14.15,0.167233,0.0355,18.0,0.131733,-0.533615,-0.845728,0
12370,14.1667,0.168417,0.0338,18.0,0.134617,-0.5373,-0.843391,0
12371,14.1833,0.17025,0.0361,18.0,0.13415,-0.540974,-0.841039,0
12372,14.2,0.1655,0.036,18.0,0.1295,-0.544639,-0.838671,0
12373,14.2167,0.164767,0.0378,18.0,0.126967,-0.548293,-0.836286,0
12374,14.2333,0.164833,0.0383,18.0,0.126533,-0.551937,-0.833886,0
12375,14.25,0.166233,0.0384,18.0,0.127833,-0.55557,-0.83147,0
12376,14.2667,0.1685,0.0359,18.0,0.1326,-0.559193,-0.829038,0
12377,14.2833,0.167033,0.0348,18.0,0.132233,-0.562805,-0.82659,0
12378,14.3,0.161417,0.0378,18.0,0.123617,-0.566406,-0.824126,0
12379,14.3167,0.166683,0.0382,18.0,0.128483,-0.569997,-0.821647,0
12380,14.3333,0.159567,0.0371,18.0,0.122467,-0.573576,-0.819152,0
12381,14.35,0.161467,0.0346,18.0,0.126867,-0.577145,-0.816642,0
12382,14.3667,0.165,0.0341,18.0,0.1309,-0.580703,-0.814116,0
12383,14.3833,0.16185,0.0323,18.0,0.12955,-0.58425,-0.811574,0
12384,14.4,0.16195,0.0398,18.0,0.12215,-0.587785,-0.809017,0
12385,14.4167,0.162983,0.0363,18.0,0.126683,-0.59131,-0.806445,0
12386,14.4333,0.165817,0.0358,18.0,0.130017,-0.594823,-0.803857,0
12387,14.45,0.161583,0.0375,18.0,0.124083,-0.598325,-0.801254,0
12388,14.4667,0.159,0.0373,18.0,0.1217,-0.601815,-0.798636,0
12389,14.4833,0.165217,0.0364,18.0,0.128817,-0.605294,-0.796002,0
12390,14.5,0.158917,0.0385,18.0,0.120417,-0.608761,-0.793353,0
12391,14.5167,0.162833,0.0348,18.0,0.128033,-0.612217,-0.79069,0
12392,14.5333,0.155533,0.0347,18.0,0.120833,-0.615661,-0.788011,0
12393,14.55,0.154667,0.0379,18.0,0.116767,-0.619094,-0.785317,0
12394,14.5667,0.154667,0.0377,18.0,0.116967,-0.622515,-0.782608,0
12395,14.5833,0.153067,0.0366,18.0,0.116467,-0.625923,-0.779884,0
12396,14.6,0.15365,0.0367,18.0,0.11695,-0.62932,-0.777146,0
12397,14.6167,0.15485,0.0348,18.0,0.12005,-0.632705,-0.774393,0
12398,14.6333,0.150767,0.0407,18.0,0.110067,-0.636078,-0.771625,0
12399,14.65,0.153117,0.0361,18.0,0.117017,-0.639439,-0.768842,0
12400,14.6667,0.151083,0.039,18.0,0.112083,-0.642788,-0.766044,0
12401,14.6833,0.151,0.033,18.0,0.118,-0.646124,-0.763232,0
12402,14.7,0.152883,0.0375,18.0,0.115383,-0.649448,-0.760406,0
12403,14.7167,0.15525,0.0358,18.0,0.11945,-0.65276,-0.757565,0
12404,14.7333,0.152617,0.039,18.0,0.113617,-0.656059,-0.75471,0
12405,14.75,0.155267,0.0367,18.0,0.118567,-0.659346,-0.75184,0
12406,14.7667,0.15065,0.0368,18.0,0.11385,-0.66262,-0.748956,0
12407,14.7833,0.14585,0.0424,18.0,0.10345,-0.665882,-0.746057,0
12408,14.8,0.152767,0.0384,18.0,0.114367,-0.669131,-0.743145,0
12409,14.8167,0.149967,0.0364,18.0,0.113567,-0.672367,-0.740218,0
12410,14.8333,0.145917,0.0372,18.0,0.108717,-0.67559,-0.737277,0
12411,14.85,0.145667,0.0392,18.0,0.106467,-0.678801,-0.734323,0
12412,14.8667,0.145167,0.0398,18.0,0.105367,-0.681998,-0.731354,0
12413,14.8833,0.14795,0.0381,18.0,0.10985,-0.685183,-0.728371,0
12414,14.9,0.143533,0.0363,18.0,0.107233,-0.688355,-0.725374,0
12415,14.9167,0.141083,0.0347,18.0,0.106383,-0.691513,-0.722364,0
12416,14.9333,0.147533,0.0403,18.0,0.107233,-0.694658,-0.71934,0
12417,14.95,0.14445,0.0381,18.0,0.10635,-0.69779,-0.716302,0
12418,14.9667,0.145783,0.038,18.0,0.107783,-0.700909,-0.71325,0
12419,14.9833,0.137433,0.0358,18.0,0.101633,-0.704015,-0.710185,0
12420,15.0,0.142983,0.0383,18.0,0.104683,-0.707107,-0.707107,0
12421,15.0167,0.141083,0.039,18.0,0.102083,-0.710185,-0.704015,0
12422,15.0333,0.13915,0.0382,18.0,0.10095,-0.71325,-0.700909,0
12423,15.05,0.141733,0.0369,18.0,0.104833,-0.716302,-0.69779,0
12424,15.0667,0.135817,0.0346,18.0,0.101217,-0.71934,-0.694658,0
12425,15.0833,0.134667,0.0351,18.0,0.099567,-0.722364,-0.691513,0
12426,15.1,0.1383,0.0368,18.0,0.1015,-0.725374,-0.688355,0
12427,15.1167,0.136167,0.0357,18.0,0.100467,-0.728371,-0.685183,0
12428,15.1333,0.134217,0.0372,18.0,0.097017,-0.731354,-0.681998,0
12429,15.15,0.133917,0.0323,18.0,0.101617,-0.734323,-0.678801,0
12430,15.1667,0.138033,0.0372,18.0,0.100833,-0.737277,-0.67559,0
12431,15.1833,0.137,0.0322,18.0,0.1048,-0.740218,-0.672367,0
12432,15.2,0.133733,0.039,18.0,0.094733,-0.743145,-0.669131,0
12433,15.2167,0.129717,0.0375,18.0,0.092217,-0.746057,-0.665882,0
12434,15.2333,0.132167,0.0369,18.0,0.095267,-0.748956,-0.66262,0
12435,15.25,0.132883,0.036,18.0,0.096883,-0.75184,-0.659346,0
12436,15.2667,0.132083,0.0367,18.0,0.095383,-0.75471,-0.656059,0
12437,15.2833,0.131933,0.0371,18.0,0.094833,-0.757565,-0.65276,0
12438,15.3,0.131283,0.0358,18.0,0.095483,-0.760406,-0.649448,0
12439,15.3167,0.131283,0.0378,18.0,0.093483,-0.763232,-0.646124,0
12440,15.3333,0.13,0.0374,18.0,0.0926,-0.766044,-0.642788,0
12441,15.35,0.124667,0.0357,18.0,0.088967,-0.768842,-0.639439,0
12442,15.3667,0.129817,0.0403,18.0,0.089517,-0.771625,-0.636078,0
12443,15.3833,0.1298,0.0352,18.0,0.0946,-0.774393,-0.632705,0
12444,15.4,0.128033,0.0353,18.0,0.092733,-0.777146,-0.62932,0
12445,15.4167,0.1265,0.0371,18.0,0.0894,-0.779884,-0.625923,0
12446,15.4333,0.124133,0.0354,18.0,0.088733,-0.782608,-0.622515,0
12447,15.45,0.125483,0.0373,18.0,0.088183,-0.785317,-0.619094,0
12448,15.4667,0.1255,0.0378,18.0,0.0877,-0.788011,-0.615661,0
12449,15.4833,0.119383,0.0331,18.0,0.086283,-0.79069,-0.612217,0
12450,15.5,0.120517,0.0375,18.0,0.083017,-0.793353,-0.608761,0
12451,15.5167,0.124133,0.0371,18.0,0.087033,-0.796002,-0.605294,0
12452,15.5333,0.118683,0.034,18.0,0.084683,-0.798636,-0.601815,0
12453,15.55,0.120933,0.0377,18.0,0.083233,-0.801254,-0.598325,0
12454,15.5667,0.12225,0.0389,18.0,0.08335,-0.803857,-0.594823,0
12455,15.5833,0.11725,0.036,18.0,0.08125,-0.806445,-0.59131,0
12456,15.6,0.117317,0.0393,18.0,0.078017,-0.809017,-0.587785,0
12457,15.6167,0.1189,0.0369,18.0,0.082,-0.811574,-0.58425,0
12458,15.6333,0.1189,0.0378,18.0,0.0811,-0.814116,-0.580703,0
12459,15.65,0.116117,0.0381,18.0,0.078017,-0.816642,-0.577145,0
12460,15.6667,0.117617,0.0369,18.0,0.080717,-0.819152,-0.573576,0
12461,15.6833,0.11495,0.0381,18.0,0.07685,-0.821647,-0.569997,0
12462,15.7,0.115733,0.0358,18.0,0.079933,-0.824126,-0.566406,0
12463,15.7167,0.11535,0.0358,18.0,0.07955,-0.82659,-0.562805,0
12464,15.7333,0.110817,0.0346,18.0,0.076217,-0.829038,-0.559193,0
12465,15.75,0.113133,0.0362,18.0,0.076933,-0.83147,-0.55557,0
12466,15.7667,0.11515,0.0357,18.0,0.07945,-0.833886,-0.551937,0
12467,15.7833,0.111433,0.038,18.0,0.073433,-0.836286,-0.548293,0
12468,15.8,0.109433,0.0351,18.0,0.074333,-0.838671,-0.544639,0
12469,15.8167,0.100883,0.0414,18.0,0.059483,-0.841039,-0.540974,0
12470,15.8333,0.108717,0.0378,18.0,0.070917,-0.843391,-0.5373,0
12471,15.85,0.10585,0.0342,18.0,0.07165,-0.845728,-0.533615,0
12472,15.8667,0.104533,0.0352,18.0,0.069333,-0.848048,-0.529919,0
12473,15.8833,0.1044,0.0347,18.0,0.0697,-0.850352,-0.526214,0
12474,15.9,0.101017,0.0334,18.0,0.067617,-0.85264,-0.522499,0
12475,15.9167,0.102867,0.0398,18.0,0.063067,-0.854912,-0.518773,0
12476,15.9333,0.107217,0.0364,18.0,0.070817,-0.857167,-0.515038,0
12477,15.95,0.104317,0.036,18.0,0.068317,-0.859406,-0.511293,0
12478,15.9667,0.0954,0.037,18.0,0.0584,-0.861629,-0.507538,0
12479,15.9833,0.100167,0.0364,18.0,0.063767,-0.863836,-0.503774,0
12480,16.0,0.097933,0.0345,18.0,0.063433,-0.866025,-0.5,0
12481,16.0167,0.103983,0.041,18.0,0.062983,-0.868199,-0.496217,0
12482,16.0333,0.095883,0.0324,18.0,0.063483,-0.870356,-0.492424,0
12483,16.05,0.1028,0.0317,18.0,0.0711,-0.872496,-0.488621,0
12484,16.0667,0.093567,0.039,18.0,0.054567,-0.87462,-0.48481,0
12485,16.0833,0.0947,0.0352,18.0,0.0595,-0.876727,-0.480989,0
12486,16.1,0.096217,0.038,18.0,0.058217,-0.878817,-0.477159,0
12487,16.1167,0.0955,0.0415,18.0,0.054,-0.880891,-0.47332,0
12488,16.1333,0.0863,0.0371,18.0,0.0492,-0.882948,-0.469472,0
12489,16.15,0.095933,0.0392,18.0,0.056733,-0.884988,-0.465615,0
12490,16.1667,0.090533,0.0389,18.0,0.051633,-0.887011,-0.461749,0
12491,16.1833,0.0926,0.038,18.0,0.0546,-0.889017,-0.457874,0
12492,16.2,0.088533,0.0366,18.0,0.051933,-0.891007,-0.45399,0
12493,16.2167,0.0941,0.039,18.0,0.0551,-0.892979,-0.450098,0
12494,16.2333,0.088017,0.0341,18.0,0.053917,-0.894934,-0.446198,0
12495,16.25,0.093633,0.0382,18.0,0.055433,-0.896873,-0.442289,0
12496,16.2667,0.084183,0.0358,18.0,0.048383,-0.898794,-0.438371,0
12497,16.2833,0.083383,0.0354,18.0,0.047983,-0.900698,-0.434445,0
12498,16.3,0.084267,0.0382,18.0,0.046067,-0.902585,-0.430511,0
12499,16.3167,0.083617,0.0376,18.0,0.046017,-0.904455,-0.426569,0
12500,16.3333,0.0843,0.0407,18.0,0.0436,-0.906308,-0.422618,0
12501,16.35,0.0839,0.0375,18.0,0.0464,-0.908143,-0.41866,0
12502,16.3667,0.0845,0.0366,18.0,0.0479,-0.909961,-0.414693,0
12503,16.3833,0.083383,0.0389,18.0,0.044483,-0.911762,-0.410719,0
12504,16.4,0.079917,0.0373,18.0,0.042617,-0.913545,-0.406737,0
12505,16.4167,0.080767,0.0343,18.0,0.046467,-0.915311,-0.402747,0
12506,16.4333,0.082083,0.0381,18.0,0.043983,-0.91706,-0.398749,0
12507,16.45,0.08045,0.0368,18.0,0.04365,-0.918791,-0.394744,0
12508,16.4667,0.079833,0.0372,18.0,0.042633,-0.920505,-0.390731,0
12509,16.4833,0.076467,0.0349,18.0,0.041567,-0.922201,-0.386711,0
12510,16.5,0.081483,0.0373,18.0,0.044183,-0.92388,-0.382683,0
12511,16.5167,0.076217,0.0366,18.0,0.039617,-0.925541,-0.378649,0
12512,16.5333,0.076933,0.0377,18.0,0.039233,-0.927184,-0.374607,0
12513,16.55,0.07665,0.0397,18.0,0.03695,-0.92881,-0.370557,0
12514,16.5667,0.079833,0.0377,18.0,0.042133,-0.930418,-0.366501,0
12515,16.5833,0.073433,0.0412,18.0,0.032233,-0.932008,-0.362438,0
12516,16.6,0.073233,0.0372,18.0,0.036033,-0.93358,-0.358368,0
12517,16.6167,0.06825,0.0374,18.0,0.03085,-0.935135,-0.354291,0
12518,16.6333,0.073317,0.0343,18.0,0.039017,-0.936672,-0.350207,0
12519,16.65,0.0695,0.0378,18.0,0.0317,-0.938191,-0.346117,0
12520,16.6667,0.0694,0.037,18.0,0.0324,-0.939693,-0.34202,0
12521,16.6833,0.061717,0.0354,18.0,0.026317,-0.941176,-0.337917,0
12522,16.7,0.06755,0.0382,18.0,0.02935,-0.942641,-0.333807,0
12523,16.7167,0.064967,0.0379,18.0,0.027067,-0.944089,-0.329691,0
12524,16.7333,0.06515,0.0357,18.0,0.02945,-0.945519,-0.325568,0
12525,16.75,0.0642,0.0388,18.0,0.0254,-0.94693,-0.321439,0
12526,16.7667,0.065017,0.0365,18.0,0.028517,-0.948324,-0.317305,0
12527,16.7833,0.060117,0.0797,17.9804,-0.019583,-0.949699,-0.313164,0
12528,16.8,0.062317,0.0753,17.9674,-0.012983,-0.951057,-0.309017,0
12529,16.8167,0.061433,0.0806,17.9482,-0.019167,-0.952396,-0.304864,0
12530,16.8333,0.056333,0.0769,17.9276,-0.020567,-0.953717,-0.300706,0
12531,16.85,0.0597,0.08,17.9073,-0.0203,-0.95502,-0.296542,0
12532,16.8667,0.05915,0.0791,17.8873,-0.01995,-0.956305,-0.292372,0
12533,16.8833,0.059,0.0724,17.8739,-0.0134,-0.957571,-0.288196,0
12534,16.9,0.055283,0.0797,17.8495,-0.024417,-0.95882,-0.284015,0
12535,16.9167,0.056333,0.074,17.8318,-0.017667,-0.96005,-0.279829,0
12536,16.9333,0.054483,0.0784,17.8079,-0.023917,-0.961262,-0.275637,0
12537,16.95,0.0524,0.0751,17.7852,-0.0227,-0.962455,-0.27144,0
12538,16.9667,0.05165,0.0807,17.7561,-0.02905,-0.96363,-0.267238,0
12539,16.9833,0.05355,0.0752,17.7344,-0.02165,-0.964787,-0.263031,0
12540,17.0,0.048483,0.0795,17.7034,-0.031017,-0.965926,-0.258819,0
12541,17.0167,0.049783,0.0765,17.6767,-0.026717,-0.967046,-0.254602,0
12542,17.0333,0.05195,0.0766,17.652,-0.02465,-0.968148,-0.25038,0
12543,17.05,0.051383,0.0782,17.6252,-0.026817,-0.969231,-0.246153,0
12544,17.0667,0.04885,0.0788,17.5953,-0.02995,-0.970296,-0.241922,0
12545,17.0833,0.044833,0.078,17.5621,-0.033167,-0.971342,-0.237686,0
12546,17.1,0.046583,0.0782,17.5305,-0.031617,-0.97237,-0.233445,0
12547,17.1167,0.046233,0.0776,17.4991,-0.031367,-0.973379,-0.2292,0
12548,17.1333,0.041767,0.0774,17.4635,-0.035633,-0.97437,-0.224951,0
12549,17.15,0.04725,0.0763,17.4344,-0.02905,-0.975342,-0.220697,0
12550,17.1667,0.04555,0.0768,17.4031,-0.03125,-0.976296,-0.21644,0
12551,17.1833,0.040917,0.0779,17.3661,-0.036983,-0.977231,-0.212178,0
12552,17.2,0.043967,0.078,17.3321,-0.034033,-0.978148,-0.207912,0
12553,17.2167,0.041383,0.0767,17.2968,-0.035317,-0.979045,-0.203642,0
12554,17.2333,0.0416,0.0767,17.2617,-0.0351,-0.979925,-0.199368,0
12555,17.25,0.042033,0.0837,17.22,-0.041667,-0.980785,-0.19509,0
12556,17.2667,0.036017,0.0788,17.1772,-0.042783,-0.981627,-0.190809,0
12557,17.2833,0.034517,0.0824,17.1293,-0.047883,-0.98245,-0.186524,0
12558,17.3,0.0375,0.0767,17.0901,-0.0392,-0.983255,-0.182236,0
12559,17.3167,0.0336,0.0755,17.0482,-0.0419,-0.984041,-0.177944,0
12560,17.3333,0.034667,0.0739,17.009,-0.039233,-0.984808,-0.173648,0
12561,17.35,0.032683,0.0794,16.9623,-0.046717,-0.985556,-0.16935,0
12562,17.3667,0.036267,0.0791,16.9195,-0.042833,-0.986286,-0.165048,0
12563,17.3833,0.033617,0.0782,16.8749,-0.044583,-0.986996,-0.160743,0
12564,17.4,0.0308,0.0774,16.8283,-0.0466,-0.987688,-0.156434,0
12565,17.4167,0.030683,0.0794,16.7796,-0.048717,-0.988362,-0.152123,0
12566,17.4333,0.030233,0.079,16.7308,-0.048767,-0.989016,-0.147809,0
12567,17.45,0.033083,0.0778,16.6861,-0.044717,-0.989651,-0.143493,0
12568,17.4667,0.0273,0.0795,16.6339,-0.0522,-0.990268,-0.139173,0
12569,17.4833,0.023117,0.0796,16.5774,-0.056483,-0.990866,-0.134851,0
12570,17.5,0.030083,0.0773,16.5302,-0.047217,-0.991445,-0.130526,0
12571,17.5167,0.023983,0.0778,16.4764,-0.053817,-0.992005,-0.126199,0
12572,17.5333,0.029017,0.0786,16.4268,-0.049583,-0.992546,-0.121869,0
12573,17.55,0.026983,0.0796,16.3742,-0.052617,-0.993068,-0.117537,0
12574,17.5667,0.021467,0.077,16.3187,-0.055533,-0.993572,-0.113203,0
12575,17.5833,0.021483,0.0764,16.2638,-0.054917,-0.994056,-0.108867,0
12576,17.6,0.021333,0.0799,16.2052,-0.058567,-0.994522,-0.104528,0
12577,17.6167,0.023183,0.0803,16.1481,-0.057117,-0.994969,-0.100188,0
12578,17.6333,0.019133,0.0762,16.091,-0.057067,-0.995396,-0.095846,0
12579,17.65,0.022217,0.0789,16.0343,-0.056683,-0.995805,-0.091502,0
12580,17.6667,0.016967,0.0414,16.0099,-0.024433,-0.996195,-0.087156,0
12581,17.6833,0.016683,0.0359,15.9907,-0.019217,-0.996566,-0.082808,0
12582,17.7,0.014083,0.0383,15.9665,-0.024217,-0.996917,-0.078459,0
12583,17.7167,0.017467,0.0391,15.9449,-0.021633,-0.99725,-0.074108,0
12584,17.7333,0.014233,0.0425,15.9166,-0.028267,-0.997564,-0.069756,0
12585,17.75,0.010983,0.0384,15.8892,-0.027417,-0.997859,-0.065403,0
12586,17.7667,0.014133,0.0384,15.8649,-0.024267,-0.998135,-0.061049,0
12587,17.7833,0.0164,0.0404,15.8409,-0.024,-0.998392,-0.056693,0
12588,17.8,0.008933,0.0332,15.8166,-0.024267,-0.99863,-0.052336,0
12589,17.8167,0.013017,0.0396,15.79,-0.026583,-0.998848,-0.047978,0
12590,17.8333,0.00845,0.0365,15.7619,-0.02805,-0.999048,-0.043619,0
12591,17.85,0.010317,0.0387,15.7335,-0.028383,-0.999229,-0.03926,0
12592,17.8667,0.008483,0.0346,15.7074,-0.026117,-0.999391,-0.034899,0
12593,17.8833,0.0024,0.0347,15.6751,-0.0323,-0.999534,-0.030539,0
12594,17.9,0.00545,0.0373,15.6433,-0.03185,-0.999657,-0.026177,0
12595,17.9167,0.005767,0.0392,15.6099,-0.033433,-0.999762,-0.021815,0
12596,17.9333,0.004017,0.0351,15.5788,-0.031083,-0.999848,-0.017452,0
12597,17.95,0.0042,0.0376,15.5454,-0.0334,-0.999914,-0.01309,0
12598,17.9667,0.000733,0.0405,15.5056,-0.039767,-0.999962,-0.008727,0
12599,17.9833,0.0,0.0373,15.4683,-0.0373,-0.99999,-0.004363,0
12600,18.0,0.000283,0.0832,15.3854,-0.082917,-1.0,-0.0,0
12601,18.0167,0.0,0.0838,15.3016,-0.0838,-0.99999,0.004363,0
12602,18.0333,0.0,0.0851,15.2165,-0.0851,-0.999962,0.008727,0
12603,18.05,0.0,0.0849,15.1316,-0.0849,-0.999914,0.01309,0
12604,18.0667,0.0,0.0829,15.0487,-0.0829,-0.999848,0.017452,0
12605,18.0833,0.0,0.085,14.9637,-0.085,-0.999762,0.021815,0
12606,18.1,0.0,0.0842,14.8795,-0.0842,-0.999657,0.026177,0
12607,18.1167,0.0,0.0849,14.7946,-0.0849,-0.999534,0.030539,0
12608,18.1333,0.0,0.0886,14.706,-0.0886,-0.999391,0.034899,0
12609,18.15,0.0,0.0843,14.6217,-0.0843,-0.999229,0.03926,0
12610,18.1667,0.0,0.0845,14.5372,-0.0845,-0.999048,0.043619,0
12611,18.1833,0.0,0.0825,14.4547,-0.0825,-0.998848,0.047978,0
12612,18.2,0.0,0.0891,14.3656,-0.0891,-0.99863,0.052336,0
12613,18.2167,0.0,0.0832,14.2824,-0.0832,-0.998392,0.056693,0
12614,18.2333,0.0,0.0845,14.1979,-0.0845,-0.998135,0.061049,0
12615,18.25,0.0,0.0859,14.112,-0.0859,-0.997859,0.065403,0
12616,18.2667,0.0,0.0848,14.0272,-0.0848,-0.997564,0.069756,0
12617,18.2833,0.0,0.085,13.9422,-0.085,-0.99725,0.074108,0
12618,18.3,0.0,0.0823,13.8599,-0.0823,-0.996917,0.078459,0
12619,18.3167,0.0,0.1408,13.7191,-0.1408,-0.996566,0.082808,0
12620,18.3333,0.0,0.1383,13.5808,-0.1383,-0.996195,0.087156,0
12621,18.35,0.0,0.1402,13.4406,-0.1402,-0.995805,0.091502,0
12622,18.3667,0.0,0.135,13.3056,-0.135,-0.995396,0.095846,0
12623,18.3833,0.0,0.1335,13.1721,-0.1335,-0.994969,0.100188,0
12624,18.4,0.0,0.1404,13.0317,-0.1404,-0.994522,0.104528,0
12625,18.4167,0.0,0.1355,12.8962,-0.1355,-0.994056,0.108867,0
12626,18.4333,0.0,0.1347,12.7615,-0.1347,-0.993572,0.113203,0
12627,18.45,0.0,0.1349,12.6266,-0.1349,-0.993068,0.117537,0
12628,18.4667,0.0,0.138,12.4886,-0.138,-0.992546,0.121869,0
12629,18.4833,0.0,0.1378,12.3508,-0.1378,-0.992005,0.126199,0
12630,18.5,0.0,0.1375,12.2133,-0.1375,-0.991445,0.130526,0
12631,18.5167,0.0,0.1408,12.0725,-0.1408,-0.990866,0.134851,0
12632,18.5333,0.0,0.1391,11.9334,-0.1391,-0.990268,0.139173,0
12633,18.55,0.0,0.1387,11.7947,-0.1387,-0.989651,0.143493,0
12634,18.5667,0.0,0.1402,11.6545,-0.1402,-0.989016,0.147809,0
12635,18.5833,0.0,0.1355,11.519,-0.1355,-0.988362,0.152123,0
12636,18.6,0.0,0.141,11.378,-0.141,-0.987688,0.156434,0
12637,18.6167,0.0,0.1373,11.2407,-0.1373,-0.986996,0.160743,0
12638,18.6333,0.0,0.1375,11.1032,-0.1375,-0.986286,0.165048,0
12639,18.65,0.0,0.1343,10.9689,-0.1343,-0.985556,0.16935,0
12640,18.6667,0.0,0.1361,10.8328,-0.1361,-0.984808,0.173648,0
12641,18.6833,0.0,0.1368,10.696,-0.1368,-0.984041,0.177944,0
12642,18.7,0.0,0.1408,10.5552,-0.1408,-0.983255,0.182236,0
12643,18.7167,0.0,0.1388,10.4164,-0.1388,-0.98245,0.186524,0
12644,18.7333,0.0,0.1398,10.2766,-0.1398,-0.981627,0.190809,0
12645,18.75,0.0,0.1335,10.1431,-0.1335,-0.980785,0.19509,0
12646,18.7667,0.0,0.1368,10.0063,-0.1368,-0.979925,0.199368,0
12647,18.7833,0.0,0.1353,9.871,-0.1353,-0.979045,0.203642,0
12648,18.8,0.0,0.1362,9.7348,-0.1362,-0.978148,0.207912,0
12649,18.8167,0.0,0.1349,9.5999,-0.1349,-0.977231,0.212178,0
12650,18.8333,0.0,0.1409,9.459,-0.1409,-0.976296,0.21644,0
12651,18.85,0.0,0.1338,9.3252,-0.1338,-0.975342,0.220697,0
12652,18.8667,0.0,0.1386,9.1866,-0.1386,-0.97437,0.224951,0
12653,18.8833,0.0,0.1381,9.0485,-0.1381,-0.973379,0.2292,0
12654,18.9,0.0,0.1371,8.9114,-0.1371,-0.97237,0.233445,0
12655,18.9167,0.0,0.1391,8.7723,-0.1391,-0.971342,0.237686,0
12656,18.9333,0.0,0.1381,8.6342,-0.1381,-0.970296,0.241922,0
12657,18.95,0.0,0.1383,8.4959,-0.1383,-0.969231,0.246153,0
12658,18.9667,0.0,0.1368,8.3591,-0.1368,-0.968148,0.25038,0
12659,18.9833,0.0,0.1375,8.2216,-0.1375,-0.967046,0.254602,0
12660,19.0,0.0,0.1367,8.0849,-0.1367,-0.965926,0.258819,0
12661,19.0167,0.0,0.1397,7.9452,-0.1397,-0.964787,0.263031,0
12662,19.0333,0.0,0.1358,7.8094,-0.1358,-0.96363,0.267238,0
12663,19.05,0.0,0.1378,7.6716,-0.1378,-0.962455,0.27144,0
12664,19.0667,0.0,0.1326,7.539,-0.1326,-0.961262,0.275637,0
12665,19.0833,0.0,0.1349,7.4041,-0.1349,-0.96005,0.279829,0
12666,19.1,0.0,0.1379,7.2662,-0.1379,-0.95882,0.284015,0
12667,19.1167,0.0,0.1412,7.125,-0.1412,-0.957571,0.288196,0
12668,19.1333,0.0,0.1336,6.9914,-0.1336,-0.956305,0.292372,0
12669,19.15,0.0,0.1353,6.8561,-0.1353,-0.95502,0.296542,0
12670,19.1667,0.0,0.1381,6.718,-0.1381,-0.953717,0.300706,0
12671,19.1833,0.0,0.1402,6.5778,-0.1402,-0.952396,0.304864,0
12672,19.2,0.0,0.1386,6.4392,-0.1386,-0.951057,0.309017,0
12673,19.2167,0.0,0.1344,6.3048,-0.1344,-0.949699,0.313164,0
12674,19.2333,0.0,0.1386,6.1662,-0.1386,-0.948324,0.317305,0
12675,19.25,0.0,0.1395,6.0267,-0.1395,-0.94693,0.321439,0
12676,19.2667,0.0,0.1376,5.8891,-0.1376,-0.945519,0.325568,0
12677,19.2833,0.0,0.1379,5.7512,-0.1379,-0.944089,0.329691,0
12678,19.3,0.0,0.136,5.6152,-0.136,-0.942641,0.333807,0
12679,19.3167,0.0,0.1373,5.4779,-0.1373,-0.941176,0.337917,0
12680,19.3333,0.0,0.1366,5.3413,-0.1366,-0.939693,0.34202,0
12681,19.35,0.0,0.1345,5.2068,-0.1345,-0.938191,0.346117,0
12682,19.3667,0.0,0.1376,5.0692,-0.1376,-0.936672,0.350207,0
12683,19.3833,0.0,0.1338,4.9354,-0.1338,-0.935135,0.354291,0
12684,19.4,0.0,0.1358,4.7996,-0.1358,-0.93358,0.358368,0
12685,19.4167,0.0,0.1353,4.6643,-0.1353,-0.932008,0.362438,0
12686,19.4333,0.0,0.1436,4.5207,-0.1436,-0.930418,0.366501,0
12687,19.45,0.0,0.1372,4.3835,-0.1372,-0.92881,0.370557,0
12688,19.4667,0.0,0.0829,4.3006,-0.0829,-0.927184,0.374607,0
12689,19.4833,0.0,0.082,4.2186,-0.082,-0.925541,0.378649,0
12690,19.5,0.0,0.0848,4.1338,-0.0848,-0.92388,0.382683,0
12691,19.5167,0.0,0.0852,4.0486,-0.0852,-0.922201,0.386711,0
12692,19.5333,0.0,0.0843,3.9643,-0.0843,-0.920505,0.390731,0
12693,19.55,0.0,0.0854,3.8789,-0.0854,-0.918791,0.394744,0
12694,19.5667,0.0,0.0828,3.7961,-0.0828,-0.91706,0.398749,0
12695,19.5833,0.0,0.0861,3.71,-0.0861,-0.915311,0.402747,0
12696,19.6,0.0,0.0856,3.6244,-0.0856,-0.913545,0.406737,0
12697,19.6167,0.0,0.0868,3.5376,-0.0868,-0.911762,0.410719,0
12698,19.6333,0.0,0.0803,3.4573,-0.0803,-0.909961,0.414693,0
12699,19.65,0.0,0.0856,3.3717,-0.0856,-0.908143,0.41866,0
12700,19.6667,0.0,0.0875,3.2842,-0.0875,-0.906308,0.422618,0
12701,19.6833,0.0,0.0845,3.1997,-0.0845,-0.904455,0.426569,0
12702,19.7,0.0,0.0833,3.1164,-0.0833,-0.902585,0.430511,0
12703,19.7167,0.0,0.0842,3.0322,-0.0842,-0.900698,0.434445,0
12704,19.7333,0.0,0.0874,2.9448,-0.0874,-0.898794,0.438371,0
12705,19.75,0.0,0.086,2.8588,-0.086,-0.896873,0.442289,0
12706,19.7667,0.0,0.0852,2.7736,-0.0852,-0.894934,0.446198,0
12707,19.7833,0.0,0.0859,2.6877,-0.0859,-0.892979,0.450098,0
12708,19.8,0.0,0.087,2.6007,-0.087,-0.891007,0.45399,0
12709,19.8167,0.0,0.084,2.5167,-0.084,-0.889017,0.457874,0
12710,19.8333,0.0,0.0847,2.432,-0.0847,-0.887011,0.461749,0
12711,19.85,0.0,0.0841,2.3479,-0.0841,-0.884988,0.465615,0
12712,19.8667,0.0,0.0828,2.2651,-0.0828,-0.882948,0.469472,0
12713,19.8833,0.0,0.0828,2.1823,-0.0828,-0.880891,0.47332,0
12714,19.9,0.0,0.085,2.0973,-0.085,-0.878817,0.477159,0
12715,19.9167,0.0,0.0899,2.0074,-0.0899,-0.876727,0.480989,0
12716,19.9333,0.0,0.0864,1.921,-0.0864,-0.87462,0.48481,0
12717,19.95,0.0,0.0855,1.8355,-0.0855,-0.872496,0.488621,0
12718,19.9667,0.0,0.0854,1.7501,-0.0854,-0.870356,0.492424,0
12719,19.9833,0.0,0.0878,1.6623,-0.0878,-0.868199,0.496217,0
12720,20.0,0.0,0.0855,1.5768,-0.0855,-0.866025,0.5,0
12721,20.0167,0.0,0.0823,1.4945,-0.0823,-0.863836,0.503774,0
12722,20.0333,0.0,0.0842,1.4103,-0.0842,-0.861629,0.507538,0
12723,20.05,0.0,0.0889,1.3214,-0.0889,-0.859406,0.511293,0
12724,20.0667,0.0,0.0867,1.2347,-0.0867,-0.857167,0.515038,0
12725,20.0833,0.0,0.0835,1.1512,-0.0835,-0.854912,0.518773,0
12726,20.1,0.0,0.084,1.0672,-0.084,-0.85264,0.522499,0
12727,20.1167,0.0,0.0851,0.9821,-0.0851,-0.850352,0.526214,0
12728,20.1333,0.0,0.0862,0.8959,-0.0862,-0.848048,0.529919,0
12729,20.15,0.0,0.0869,0.809,-0.0869,-0.845728,0.533615,0
12730,20.1667,0.0,0.0841,0.7249,-0.0841,-0.843391,0.5373,0
12731,20.1833,0.0,0.0869,0.638,-0.0869,-0.841039,0.540974,0
12732,20.2,0.0,0.0884,0.5496,-0.0884,-0.838671,0.544639,0
12733,20.2167,0.0,0.0811,0.4685,-0.0811,-0.836286,0.548293,0
12734,20.2333,0.0,0.0837,0.3848,-0.0837,-0.833886,0.551937,0
12735,20.25,0.0,0.0852,0.2996,-0.0852,-0.83147,0.55557,0
12736,20.2667,0.0,0.0868,0.2128,-0.0868,-0.829038,0.559193,0
12737,20.2833,0.0,0.0835,0.1293,-0.0835,-0.82659,0.562805,0
12738,20.3,0.0,0.0832,0.0461,-0.0832,-0.824126,0.566406,0
12739,20.3167,0.0,0.0858,0.0,-0.0858,-0.821647,0.569997,1
12740,20.3333,0.0,0.0875,0.0,-0.0875,-0.819152,0.573576,1
12741,20.35,0.0,0.0863,0.0,-0.0863,-0.816642,0.577145,1
12742,20.3667,0.0,0.0858,0.0,-0.0858,-0.814116,0.580703,1
12743,20.3833,0.0,0.087,0.0,-0.087,-0.811574,0.58425,1
12744,20.4,0.0,0.0848,0.0,-0.0848,-0.809017,0.587785,1
12745,20.4167,0.0,0.0842,0.0,-0.0842,-0.806445,0.59131,1
12746,20.4333,0.0,0.0862,0.0,-0.0862,-0.803857,0.594823,1
12747,20.45,0.0,0.0852,0.0,-0.0852,-0.801254,0.598325,1
12748,20.4667,0.0,0.0863,0.0,-0.0863,-0.798636,0.601815,1
12749,20.4833,0.0,0.0835,0.0,-0.0835,-0.796002,0.605294,1
12750,20.5,0.0,0.0828,0.0,-0.0828,-0.793353,0.608761,1
12751,20.5167,0.0,0.0851,0.0,-0.0851,-0.79069,0.612217,1
12752,20.5333,0.0,0.0893,0.0,-0.0893,-0.788011,0.615661,1
12753,20.55,0.0,0.0853,0.0,-0.0853,-0.785317,0.619094,1
12754,20.5667,0.0,0.0848,0.0,-0.0848,-0.782608,0.622515,1
12755,20.5833,0.0,0.0874,0.0,-0.0874,-0.779884,0.625923,1
12756,20.6,0.0,0.0864,0.0,-0.0864,-0.777146,0.62932,1
12757,20.6167,0.0,0.0866,0.0,-0.0866,-0.774393,0.632705,1
12758,20.6333,0.0,0.088,0.0,-0.088,-0.771625,0.636078,1
12759,20.65,0.0,0.0853,0.0,-0.0853,-0.768842,0.639439,1
12760,20.6667,0.0,0.0869,0.0,-0.0869,-0.766044,0.642788,1
12761,20.6833,0.0,0.0828,0.0,-0.0828,-0.763232,0.646124,1
12762,20.7,0.0,0.0873,0.0,-0.0873,-0.760406,0.649448,1
12763,20.7167,0.0,0.084,0.0,-0.084,-0.757565,0.65276,1
12764,20.7333,0.0,0.0837,0.0,-0.0837,-0.75471,0.656059,1
12765,20.75,0.0,0.0865,0.0,-0.0865,-0.75184,0.659346,1
12766,20.7667,0.0,0.0826,0.0,-0.0826,-0.748956,0.66262,1
12767,20.7833,0.0,0.0847,0.0,-0.0847,-0.746057,0.665882,1
12768,20.8,0.0,0.0831,0.0,-0.0831,-0.743145,0.669131,1
12769,20.8167,0.0,0.0862,0.0,-0.0862,-0.740218,0.672367,1
12770,20.8333,0.0,0.0868,0.0,-0.0868,-0.737277,0.67559,1
12771,20.85,0.0,0.0857,0.0,-0.0857,-0.734323,0.678801,1
12772,20.8667,0.0,0.0853,0.0,-0.0853,-0.731354,0.681998,1
12773,20.8833,0.0,0.0814,0.0,-0.0814,-0.728371,0.685183,1
12774,20.9,0.0,0.0876,0.0,-0.0876,-0.725374,0.688355,1
12775,20.9167,0.0,0.084,0.0,-0.084,-0.722364,0.691513,1
12776,20.9333,0.0,0.0876,0.0,-0.0876,-0.71934,0.694658,1
12777,20.95,0.0,0.0831,0.0,-0.0831,-0.716302,0.69779,1
12778,20.9667,0.0,0.0836,0.0,-0.0836,-0.71325,0.700909,1
12779,20.9833,0.0,0.0853,0.0,-0.0853,-0.710185,0.704015,1
12780,21.0,0.0,0.0862,0.0,-0.0862,-0.707107,0.707107,1
12781,21.0167,0.0,0.0845,0.0,-0.0845,-0.704015,0.710185,1
12782,21.0333,0.0,0.0872,0.0,-0.0872,-0.700909,0.71325,1
12783,21.05,0.0,0.0849,0.0,-0.0849,-0.69779,0.716302,1
12784,21.0667,0.0,0.0843,0.0,-0.0843,-0.694658,0.71934,1
12785,21.0833,0.0,0.0857,0.0,-0.0857,-0.691513,0.722364,1
12786,21.1,0.0,0.0812,0.0,-0.0812,-0.688355,0.725374,1
12787,21.1167,0.0,0.0834,0.0,-0.0834,-0.685183,0.728371,1
12788,21.1333,0.0,0.085,0.0,-0.085,-0.681998,0.731354,1
12789,21.15,0.0,0.0897,0.0,-0.0897,-0.678801,0.734323,1
12790,21.1667,0.0,0.09,0.0,-0.09,-0.67559,0.737277,1
12791,21.1833,0.0,0.0854,0.0,-0.0854,-0.672367,0.740218,1
12792,21.2,0.0,0.0889,0.0,-0.0889,-0.669131,0.743145,1
12793,21.2167,0.0,0.0839,0.0,-0.0839,-0.665882,0.746057,1
12794,21.2333,0.0,0.0843,0.0,-0.0843,-0.66262,0.748956,1
12795,21.25,0.0,0.0893,0.0,-0.0893,-0.659346,0.75184,1
12796,21.2667,0.0,0.0832,0.0,-0.0832,-0.656059,0.75471,1
12797,21.2833,0.0,0.0847,0.0,-0.0847,-0.65276,0.757565,1
12798,21.3,0.0,0.0817,0.0,-0.0817,-0.649448,0.760406,1
12799,21.3167,0.0,0.0846,0.0,-0.0846,-0.646124,0.763232,1
12800,21.3333,0.0,0.0842,0.0,-0.0842,-0.642788,0.766044,1
12801,21.35,0.0,0.0823,0.0,-0.0823,-0.639439,0.768842,1
12802,21.3667,0.0,0.0816,0.0,-0.0816,-0.636078,0.771625,1
12803,21.3833,0.0,0.0872,0.0,-0.0872,-0.632705,0.774393,1
12804,21.4,0.0,0.0836,0.0,-0.0836,-0.62932,0.777146,1
12805,21.4167,0.0,0.083,0.0,-0.083,-0.625923,0.779884,1
12806,21.4333,0.0,0.0839,0.0,-0.0839,-0.622515,0.782608,1
12807,21.45,0.0,0.0869,0.0,-0.0869,-0.619094,0.785317,1
12808,21.4667,0.0,0.0833,0.0,-0.0833,-0.615661,0.788011,1
12809,21.4833,0.0,0.0855,0.0,-0.0855,-0.612217,0.79069,1
12810,21.5,0.0,0.0866,0.0,-0.0866,-0.608761,0.793353,1
12811,21.5167,0.0,0.0855,0.0,-0.0855,-0.605294,0.796002,1
12812,21.5333,0.0,0.0863,0.0,-0.0863,-0.601815,0.798636,1
12813,21.55,0.0,0.0863,0.0,-0.0863,-0.598325,0.801254,1
12814,21.5667,0.0,0.0856,0.0,-0.0856,-0.594823,0.803857,1
12815,21.5833,0.0,0.0858,0.0,-0.0858,-0.59131,0.806445,1
12816,21.6,0.0,0.0824,0.0,-0.0824,-0.587785,0.809017,1
12817,21.6167,0.0,0.0825,0.0,-0.0825,-0.58425,0.811574,1
12818,21.6333,0.0,0.0833,0.0,-0.0833,-0.580703,0.814116,1
12819,21.65,0.0,0.0843,0.0,-0.0843,-0.577145,0.816642,1
12820,21.6667,0.0,0.0828,0.0,-0.0828,-0.573576,0.819152,1
12821,21.6833,0.0,0.0836,0.0,-0.0836,-0.569997,0.821647,1
12822,21.7,0.0,0.0887,0.0,-0.0887,-0.566406,0.824126,1
12823,21.7167,0.0,0.0834,0.0,-0.0834,-0.562805,0.82659,1
12824,21.7333,0.0,0.0826,0.0,-0.0826,-0.559193,0.829038,1
12825,21.75,0.0,0.0848,0.0,-0.0848,-0.55557,0.83147,1
12826,21.7667,0.0,0.0818,0.0,-0.0818,-0.551937,0.833886,1
12827,21.7833,0.0,0.081,0.0,-0.081,-0.548293,0.836286,1
12828,21.8,0.0,0.085,0.0,-0.085,-0.544639,0.838671,1
12829,21.8167,0.0,0.0845,0.0,-0.0845,-0.540974,0.841039,1
12830,21.8333,0.0,0.0845,0.0,-0.0845,-0.5373,0.843391,1
12831,21.85,0.0,0.085,0.0,-0.085,-0.533615,0.845728,1
12832,21.8667,0.0,0.0871,0.0,-0.0871,-0.529919,0.848048,1
12833,21.8833,0.0,0.0804,0.0,-0.0804,-0.526214,0.850352,1
12834,21.9,0.0,0.0875,0.0,-0.0875,-0.522499,0.85264,1
12835,21.9167,0.0,0.0826,0.0,-0.0826,-0.518773,0.854912,1
12836,21.9333,0.0,0.0872,0.0,-0.0872,-0.515038,0.857167,1
12837,21.95,0.0,0.0871,0.0,-0.0871,-0.511293,0.859406,1
12838,21.9667,0.0,0.0832,0.0,-0.0832,-0.507538,0.861629,1
12839,21.9833,0.0,0.0876,0.0,-0.0876,-0.503774,0.863836,1
12840,22.0,0.0,0.0207,0.0,-0.0207,-0.5,0.866025,1
12841,22.0167,0.0,0.0207,0.0,-0.0207,-0.496217,0.868199,1
12842,22.0333,0.0,0.0199,0.0,-0.0199,-0.492424,0.870356,1
12843,22.05,0.0,0.0209,0.0,-0.0209,-0.488621,0.872496,1
12844,22.0667,0.0,0.0189,0.0,-0.0189,-0.48481,0.87462,1
12845,22.0833,0.0,0.0169,0.0,-0.0169,-0.480989,0.876727,1
12846,22.1,0.0,0.0237,0.0,-0.0237,-0.477159,0.878817,1
12847,22.1167,0.0,0.0192,0.0,-0.0192,-0.47332,0.880891,1
12848,22.1333,0.0,0.0214,0.0,-0.0214,-0.469472,0.882948,1
12849,22.15,0.0,0.0226,0.0,-0.0226,-0.465615,0.884988,1
12850,22.1667,0.0,0.0185,0.0,-0.0185,-0.461749,0.887011,1
12851,22.1833,0.0,0.0265,0.0,-0.0265,-0.457874,0.889017,1
12852,22.2,0.0,0.0227,0.0,-0.0227,-0.45399,0.891007,1
12853,22.2167,0.0,0.0192,0.0,-0.0192,-0.450098,0.892979,1
12854,22.2333,0.0,0.0182,0.0,-0.0182,-0.446198,0.894934,1
12855,22.25,0.0,0.0207,0.0,-0.0207,-0.442289,0.896873,1
12856,22.2667,0.0,0.0207,0.0,-0.0207,-0.438371,0.898794,1
12857,22.2833,0.0,0.0233,0.0,-0.0233,-0.434445,0.900698,1
12858,22.3,0.0,0.0233,0.0,-0.0233,-0.430511,0.902585,1
12859,22.3167,0.0,0.0257,0.0,-0.0257,-0.426569,0.904455,1
12860,22.3333,0.0,0.0196,0.0,-0.0196,-0.422618,0.906308,1
12861,22.35,0.0,0.0198,0.0,-0.0198,-0.41866,0.908143,1
12862,22.3667,0.0,0.021,0.0,-0.021,-0.414693,0.909961,1
12863,22.3833,0.0,0.0168,0.0,-0.0168,-0.410719,0.911762,1
12864,22.4,0.0,0.0207,0.0,-0.0207,-0.406737,0.913545,1
12865,22.4167,0.0,0.0182,0.0,-0.0182,-0.402747,0.915311,1
12866,22.4333,0.0,0.021,0.0,-0.021,-0.398749,0.91706,1
12867,22.45,0.0,0.023,0.0,-0.023,-0.394744,0.918791,1
12868,22.4667,0.0,0.018,0.0,-0.018,-0.390731,0.920505,1
12869,22.4833,0.0,0.0213,0.0,-0.0213,-0.386711,0.922201,1
12870,22.5,0.0,0.0183,0.0,-0.0183,-0.382683,0.92388,1
12871,22.5167,0.0,0.0221,0.0,-0.0221,-0.378649,0.925541,1
12872,22.5333,0.0,0.0235,0.0,-0.0235,-0.374607,0.927184,1
12873,22.55,0.0,0.024,0.0,-0.024,-0.370557,0.92881,1
12874,22.5667,0.0,0.02,0.0,-0.02,-0.366501,0.930418,1
12875,22.5833,0.0,0.0229,0.0,-0.0229,-0.362438,0.932008,1
12876,22.6,0.0,0.0195,0.0,-0.0195,-0.358368,0.93358,1
12877,22.6167,0.0,0.0219,0.0,-0.0219,-0.354291,0.935135,1
12878,22.6333,0.0,0.0211,0.0,-0.0211,-0.350207,0.936672,1
12879,22.65,0.0,0.0203,0.0,-0.0203,-0.346117,0.938191,1
12880,22.6667,0.0,0.0188,0.0,-0.0188,-0.34202,0.939693,1
12881,22.6833,0.0,0.0181,0.0,-0.0181,-0.337917,0.941176,1
12882,22.7,0.0,0.0215,0.0,-0.0215,-0.333807,0.942641,1
12883,22.7167,0.0,0.019,0.0,-0.019,-0.329691,0.944089,1
12884,22.7333,0.0,0.0195,0.0,-0.0195,-0.325568,0.945519,1
12885,22.75,0.0,0.0181,0.0,-0.0181,-0.321439,0.94693,1
12886,22.7667,0.0,0.0208,0.0,-0.0208,-0.317305,0.948324,1
12887,22.7833,0.0,0.021,0.0,-0.021,-0.313164,0.949699,1
12888,22.8,0.0,0.0188,0.0,-0.0188,-0.309017,0.951057,1
12889,22.8167,0.0,0.0197,0.0,-0.0197,-0.304864,0.952396,1
12890,22.8333,0.0,0.0205,0.0,-0.0205,-0.300706,0.953717,1
12891,22.85,0.0,0.0174,0.0,-0.0174,-0.296542,0.95502,1
12892,22.8667,0.0,0.0184,0.0,-0.0184,-0.292372,0.956305,1
12893,22.8833,0.0,0.0219,0.0,-0.0219,-0.288196,0.957571,1
12894,22.9,0.0,0.0201,0.0,-0.0201,-0.284015,0.95882,1
12895,22.9167,0.0,0.0219,0.0,-0.0219,-0.279829,0.96005,1
12896,22.9333,0.0,0.0225,0.0,-0.0225,-0.275637,0.961262,1
12897,22.95,0.0,0.0222,0.0,-0.0222,-0.27144,0.962455,1
12898,22.9667,0.0,0.0207,0.0,-0.0207,-0.267238,0.96363,1
12899,22.9833,0.0,0.0169,0.0,-0.0169,-0.263031,0.964787,1
12900,23.0,0.0,0.0222,0.0,-0.0222,-0.258819,0.965926,1
12901,23.0167,0.0,0.0214,0.0,-0.0214,-0.254602,0.967046,1
12902,23.0333,0.0,0.0205,0.0,-0.0205,-0.25038,0.968148,1
12903,23.05,0.0,0.0207,0.0,-0.0207,-0.246153,0.969231,1
12904,23.0667,0.0,0.0214,0.0,-0.0214,-0.241922,0.970296,1
12905,23.0833,0.0,0.02,0.0,-0.02,-0.237686,0.971342,1
12906,23.1,0.0,0.0204,0.0,-0.0204,-0.233445,0.97237,1
12907,23.1167,0.0,0.0229,0.0,-0.0229,-0.2292,0.973379,1
12908,23.1333,0.0,0.0162,0.0,-0.0162,-0.224951,0.97437,1
12909,23.15,0.0,0.0226,0.0,-0.0226,-0.220697,0.975342,1
12910,23.1667,0.0,0.0214,0.0,-0.0214,-0.21644,0.976296,1
12911,23.1833,0.0,0.0191,0.0,-0.0191,-0.212178,0.977231,1
12912,23.2,0.0,0.0185,0.0,-0.0185,-0.207912,0.978148,1
12913,23.2167,0.0,0.0196,0.0,-0.0196,-0.203642,0.979045,1
12914,23.2333,0.0,0.0215,0.0,-0.0215,-0.199368,0.979925,1
12915,23.25,0.0,0.0209,0.0,-0.0209,-0.19509,0.980785,1
12916,23.2667,0.0,0.0199,0.0,-0.0199,-0.190809,0.981627,1
12917,23.2833,0.0,0.0223,0.0,-0.0223,-0.186524,0.98245,1
12918,23.3,0.0,0.0205,0.0,-0.0205,-0.182236,0.983255,1
12919,23.3167,0.0,0.02,0.0,-0.02,-0.177944,0.984041,1
12920,23.3333,0.0,0.0238,0.0,-0.0238,-0.173648,0.984808,1
12921,23.35,0.0,0.0221,0.0,-0.0221,-0.16935,0.985556,1
12922,23.3667,0.0,0.0215,0.0,-0.0215,-0.165048,0.986286,1
12923,23.3833,0.0,0.0197,0.0,-0.0197,-0.160743,0.986996,1
12924,23.4,0.0,0.0232,0.0,-0.0232,-0.156434,0.987688,1
12925,23.4167,0.0,0.0234,0.0,-0.0234,-0.152123,0.988362,1
12926,23.4333,0.0,0.0207,0.0,-0.0207,-0.147809,0.989016,1
12927,23.45,0.0,0.0194,0.0,-0.0194,-0.143493,0.989651,1
12928,23.4667,0.0,0.0188,0.0,-0.0188,-0.139173,0.990268,1
12929,23.4833,0.0,0.0222,0.0,-0.0222,-0.134851,0.990866,1
12930,23.5,0.0,0.0209,0.0,-0.0209,-0.130526,0.991445,1
12931,23.5167,0.0,0.0201,0.0,-0.0201,-0.126199,0.992005,1
12932,23.5333,0.0,0.022,0.0,-0.022,-0.121869,0.992546,1
12933,23.55,0.0,0.0176,0.0,-0.0176,-0.117537,0.993068,1
12934,23.5667,0.0,0.0186,0.0,-0.0186,-0.113203,0.993572,1
12935,23.5833,0.0,0.0225,0.0,-0.0225,-0.108867,0.994056,1
12936,23.6,0.0,0.0228,0.0,-0.0228,-0.104528,0.994522,1
12937,23.6167,0.0,0.0198,0.0,-0.0198,-0.100188,0.994969,1
12938,23.6333,0.0,0.02,0.0,-0.02,-0.095846,0.995396,1
12939,23.65,0.0,0.0213,0.0,-0.0213,-0.091502,0.995805,1
12940,23.6667,0.0,0.0183,0.0,-0.0183,-0.087156,0.996195,1
12941,23.6833,0.0,0.0198,0.0,-0.0198,-0.082808,0.996566,1
12942,23.7,0.0,0.0201,0.0,-0.0201,-0.078459,0.996917,1
12943,23.7167,0.0,0.0172,0.0,-0.0172,-0.074108,0.99725,1
12944,23.7333,0.0,0.016,0.0,-0.016,-0.069756,0.997564,1
12945,23.75,0.0,0.0169,0.0,-0.0169,-0.065403,0.997859,1
12946,23.7667,0.0,0.018,0.0,-0.018,-0.061049,0.998135,1
12947,23.7833,0.0,0.0209,0.0,-0.0209,-0.056693,0.998392,1
12948,23.8,0.0,0.0186,0.0,-0.0186,-0.052336,0.99863,1
12949,23.8167,0.0,0.0209,0.0,-0.0209,-0.047978,0.998848,1
12950,23.8333,0.0,0.0187,0.0,-0.0187,-0.043619,0.999048,1
12951,23.85,0.0,0.0201,0.0,-0.0201,-0.03926,0.999229,1
12952,23.8667,0.0,0.0209,0.0,-0.0209,-0.034899,0.999391,1
12953,23.8833,0.0,0.0215,0.0,-0.0215,-0.030539,0.999534,1
12954,23.9,0.0,0.0205,0.0,-0.0205,-0.026177,0.999657,1
12955,23.9167,0.0,0.0214,0.0,-0.0214,-0.021815,0.999762,1
12956,23.9333,0.0,0.0176,0.0,-0.0176,-0.017452,0.999848,1
12957,23.95,0.0,0.0189,0.0,-0.0189,-0.01309,0.999914,1
12958,23.9667,0.0,0.0204,0.0,-0.0204,-0.008727,0.999962,1
12959,23.9833,0.0,0.0212,0.0,-0.0212,-0.004363,0.99999,1
12960,0.0,0.0,0.0188,0.0,-0.0188,0.0,1.0,1
12961,0.0167,0.0,0.0188,0.0,-0.0188,0.004363,0.99999,1
12962,0.0333,0.0,0.0217,0.0,-0.0217,0.008727,0.999962,1
12963,0.05,0.0,0.0192,0.0,-0.0192,0.01309,0.999914,1
12964,0.0667,0.0,0.0216,0.0,-0.0216,0.017452,0.999848,1
12965,0.0833,0.0,0.0207,0.0,-0.0207,0.021815,0.999762,1
12966,0.1,0.0,0.02,0.0,-0.02,0.026177,0.999657,1
12967,0.1167,0.0,0.0246,0.0,-0.0246,0.030539,0.999534,1
12968,0.1333,0.0,0.021,0.0,-0.021,0.034899,0.999391,1
12969,0.15,0.0,0.0211,0.0,-0.0211,0.03926,0.999229,1
12970,0.1667,0.0,0.0185,0.0,-0.0185,0.043619,0.999048,1
12971,0.1833,0.0,0.02,0.0,-0.02,0.047978,0.998848,1
12972,0.2,0.0,0.0184,0.0,-0.0184,0.052336,0.99863,1
12973,0.2167,0.0,0.0161,0.0,-0.0161,0.056693,0.998392,1
12974,0.2333,0.0,0.0263,0.0,-0.0263,0.061049,0.998135,1
12975,0.25,0.0,0.0192,0.0,-0.0192,0.065403,0.997859,1
12976,0.2667,0.0,0.0197,0.0,-0.0197,0.069756,0.997564,1
12977,0.2833,0.0,0.02,0.0,-0.02,0.074108,0.99725,1
12978,0.3,0.0,0.0216,0.0,-0.0216,0.078459,0.996917,1
12979,0.3167,0.0,0.0205,0.0,-0.0205,0.082808,0.996566,1
12980,0.3333,0.0,0.02,0.0,-0.02,0.087156,0.996195,1
12981,0.35,0.0,0.0203,0.0,-0.0203,0.091502,0.995805,1
12982,0.3667,0.0,0.0204,0.0,-0.0204,0.095846,0.995396,1
12983,0.3833,0.0,0.0191,0.0,-0.0191,0.100188,0.994969,1
12984,0.4,0.0,0.0215,0.0,-0.0215,0.104528,0.994522,1
12985,0.4167,0.0,0.0216,0.0,-0.0216,0.108867,0.994056,1
12986,0.4333,0.0,0.0212,0.0,-0.0212,0.113203,0.993572,1
12987,0.45,0.0,0.0193,0.0,-0.0193,0.117537,0.993068,1
12988,0.4667,0.0,0.0213,0.0,-0.0213,0.121869,0.992546,1
12989,0.4833,0.0,0.0217,0.0,-0.0217,0.126199,0.992005,1
12990,0.5,0.0,0.0219,0.0,-0.0219,0.130526,0.991445,1
12991,0.5167,0.0,0.0178,0.0,-0.0178,0.134851,0.990866,1
12992,0.5333,0.0,0.0216,0.0,-0.0216,0.139173,0.990268,1
12993,0.55,0.0,0.021,0.0,-0.021,0.143493,0.989651,1
12994,0.5667,0.0,0.0178,0.0,-0.0178,0.147809,0.989016,1
12995,0.5833,0.0,0.024,0.0,-0.024,0.152123,0.988362,1
12996,0.6,0.0,0.0198,0.0,-0.0198,0.156434,0.987688,1
12997,0.6167,0.0,0.0229,0.0,-0.0229,0.160743,0.986996,1
12998,0.6333,0.0,0.0208,0.0,-0.0208,0.165048,0.986286,1
12999,0.65,0.0,0.0197,0.0,-0.0197,0.16935,0.985556,1
13000,0.6667,0.0,0.0223,0.0,-0.0223,0.173648,0.984808,1
13001,0.6833,0.0,0.0241,0.0,-0.0241,0.177944,0.984041,1
13002,0.7,0.0,0.0202,0.0,-0.0202,0.182236,0.983255,1
13003,0.7167,0.0,0.0158,0.0,-0.0158,0.186524,0.98245,1
13004,0.7333,0.0,0.0224,0.0,-0.0224,0.190809,0.981627,1
13005,0.75,0.0,0.0216,0.0,-0.0216,0.19509,0.980785,1
13006,0.7667,0.0,0.0241,0.0,-0.0241,0.199368,0.979925,1
13007,0.7833,0.0,0.0212,0.0,-0.0212,0.203642,0.979045,1
13008,0.8,0.0,0.02,0.0,-0.02,0.207912,0.978148,1
13009,0.8167,0.0,0.0169,0.0,-0.0169,0.212178,0.977231,1
13010,0.8333,0.0,0.0219,0.0,-0.0219,0.21644,0.976296,1
13011,0.85,0.0,0.0234,0.0,-0.0234,0.220697,0.975342,1
13012,0.8667,0.0,0.0182,0.0,-0.0182,0.224951,0.97437,1
13013,0.8833,0.0,0.0202,0.0,-0.0202,0.2292,0.973379,1
13014,0.9,0.0,0.0181,0.0,-0.0181,0.233445,0.97237,1
13015,0.9167,0.0,0.0205,0.0,-0.0205,0.237686,0.971342,1
13016,0.9333,0.0,0.0216,0.0,-0.0216,0.241922,0.970296,1
13017,0.95,0.0,0.0178,0.0,-0.0178,0.246153,0.969231,1
13018,0.9667,0.0,0.0217,0.0,-0.0217,0.25038,0.968148,1
13019,0.9833,0.0,0.0242,0.0,-0.0242,0.254602,0.967046,1
13020,1.0,0.0,0.0227,0.0,-0.0227,0.258819,0.965926,1
13021,1.0167,0.0,0.0181,0.0,-0.0181,0.263031,0.964787,1
13022,1.0333,0.0,0.0226,0.0,-0.0226,0.267238,0.96363,1
13023,1.05,0.0,0.021,0.0,-0.021,0.27144,0.962455,1
13024,1.0667,0.0,0.0191,0.0,-0.0191,0.275637,0.961262,1
13025,1.0833,0.0,0.026,0.0,-0.026,0.279829,0.96005,1
13026,1.1,0.0,0.0189,0.0,-0.0189,0.284015,0.95882,1
13027,1.1167,0.0,0.0219,0.0,-0.0219,0.288196,0.957571,1
13028,1.1333,0.0,0.0232,0.0,-0.0232,0.292372,0.956305,1
13029,1.15,0.0,0.0197,0.0,-0.0197,0.296542,0.95502,1
13030,1.1667,0.0,0.0193,0.0,-0.0193,0.300706,0.953717,1
13031,1.1833,0.0,0.0221,0.0,-0.0221,0.304864,0.952396,1
13032,1.2,0.0,0.0194,0.0,-0.0194,0.309017,0.951057,1
13033,1.2167,0.0,0.0177,0.0,-0.0177,0.313164,0.949699,1
13034,1.2333,0.0,0.0193,0.0,-0.0193,0.317305,0.948324,1
13035,1.25,0.0,0.0192,0.0,-0.0192,0.321439,0.94693,1
13036,1.2667,0.0,0.022,0.0,-0.022,0.325568,0.945519,1
13037,1.2833,0.0,0.0205,0.0,-0.0205,0.329691,0.944089,1
13038,1.3,0.0,0.018,0.0,-0.018,0.333807,0.942641,1
13039,1.3167,0.0,0.0207,0.0,-0.0207,0.337917,0.941176,1
13040,1.3333,0.0,0.0195,0.0,-0.0195,0.34202,0.939693,1
13041,1.35,0.0,0.021,0.0,-0.021,0.346117,0.938191,1
13042,1.3667,0.0,0.0226,0.0,-0.0226,0.350207,0.936672,1
13043,1.3833,0.0,0.0209,0.0,-0.0209,0.354291,0.935135,1
13044,1.4,0.0,0.02,0.0,-0.02,0.358368,0.93358,1
13045,1.4167,0.0,0.0197,0.0,-0.0197,0.362438,0.932008,1
13046,1.4333,0.0,0.0222,0.0,-0.0222,0.366501,0.930418,1
13047,1.45,0.0,0.0203,0.0,-0.0203,0.370557,0.92881,1
13048,1.4667,0.0,0.0188,0.0,-0.0188,0.374607,0.927184,1
13049,1.4833,0.0,0.0179,0.0,-0.0179,0.378649,0.925541,1
13050,1.5,0.0,0.0184,0.0,-0.0184,0.382683,0.92388,1
13051,1.5167,0.0,0.0239,0.0,-0.0239,0.386711,0.922201,1
13052,1.5333,0.0,0.0263,0.0,-0.0263,0.390731,0.920505,1
13053,1.55,0.0,0.0218,0.0,-0.0218,0.394744,0.918791,1
13054,1.5667,0.0,0.0172,0.0,-0.0172,0.398749,0.91706,1
13055,1.5833,0.0,0.0191,0.0,-0.0191,0.402747,0.915311,1
13056,1.6,0.0,0.0197,0.0,-0.0197,0.406737,0.913545,1
13057,1.6167,0.0,0.0204,0.0,-0.0204,0.410719,0.911762,1
13058,1.6333,0.0,0.0194,0.0,-0.0194,0.414693,0.909961,1
13059,1.65,0.0,0.0199,0.0,-0.0199,0.41866,0.908143,1
13060,1.6667,0.0,0.0202,0.0,-0.0202,0.422618,0.906308,1
13061,1.6833,0.0,0.0199,0.0,-0.0199,0.426569,0.904455,1
13062,1.7,0.0,0.0198,0.0,-0.0198,0.430511,0.902585,1
13063,1.7167,0.0,0.0187,0.0,-0.0187,0.434445,0.900698,1
13064,1.7333,0.0,0.0228,0.0,-0.0228,0.438371,0.898794,1
13065,1.75,0.0,0.0226,0.0,-0.0226,0.442289,0.896873,1
13066,1.7667,0.0,0.018,0.0,-0.018,0.446198,0.894934,1
13067,1.7833,0.0,0.0216,0.0,-0.0216,0.450098,0.892979,1
13068,1.8,0.0,0.0217,0.0,-0.0217,0.45399,0.891007,1
13069,1.8167,0.0,0.0196,0.0,-0.0196,0.457874,0.889017,1
13070,1.8333,0.0,0.0184,0.0,-0.0184,0.461749,0.887011,1
13071,1.85,0.0,0.0183,0.0,-0.0183,0.465615,0.884988,1
13072,1.8667,0.0,0.0219,0.0,-0.0219,0.469472,0.882948,1
13073,1.8833,0.0,0.0212,0.0,-0.0212,0.47332,0.880891,1
13074,1.9,0.0,0.0205,0.0,-0.0205,0.477159,0.878817,1
13075,1.9167,0.0,0.0205,0.0,-0.0205,0.480989,0.876727,1
13076,1.9333,0.0,0.0217,0.0,-0.0217,0.48481,0.87462,1
13077,1.95,0.0,0.0237,0.0,-0.0237,0.488621,0.872496,1
13078,1.9667,0.0,0.0221,0.0,-0.0221,0.492424,0.870356,1
13079,1.9833,0.0,0.0223,0.0,-0.0223,0.496217,0.868199,1
13080,2.0,0.0,0.0255,0.0,-0.0255,0.5,0.866025,1
13081,2.0167,0.0,0.0209,0.0,-0.0209,0.503774,0.863836,1
13082,2.0333,0.0,0.0202,0.0,-0.0202,0.507538,0.861629,1
13083,2.05,0.0,0.0177,0.0,-0.0177,0.511293,0.859406,1
13084,2.0667,0.0,0.0206,0.0,-0.0206,0.515038,0.857167,1
13085,2.0833,0.0,0.0179,0.0,-0.0179,0.518773,0.854912,1
13086,2.1,0.0,0.02,0.0,-0.02,0.522499,0.85264,1
13087,2.1167,0.0,0.0206,0.0,-0.0206,0.526214,0.850352,1
13088,2.1333,0.0,0.023,0.0,-0.023,0.529919,0.848048,1
13089,2.15,0.0,0.0216,0.0,-0.0216,0.533615,0.845728,1
13090,2.1667,0.0,0.0174,0.0,-0.0174,0.5373,0.843391,1
13091,2.1833,0.0,0.0223,0.0,-0.0223,0.540974,0.841039,1
13092,2.2,0.0,0.0219,0.0,-0.0219,0.544639,0.838671,1
13093,2.2167,0.0,0.0197,0.0,-0.0197,0.548293,0.836286,1
13094,2.2333,0.0,0.018,0.0,-0.018,0.551937,0.833886,1
13095,2.25,0.0,0.0197,0.0,-0.0197,0.55557,0.83147,1
13096,2.2667,0.0,0.0225,0.0,-0.0225,0.559193,0.829038,1
13097,2.2833,0.0,0.0224,0.0,-0.0224,0.562805,0.82659,1
13098,2.3,0.0,0.0225,0.0,-0.0225,0.566406,0.824126,1
13099,2.3167,0.0,0.0181,0.0,-0.0181,0.569997,0.821647,1
13100,2.3333,0.0,0.0205,0.0,-0.0205,0.573576,0.819152,1
13101,2.35,0.0,0.0219,0.0,-0.0219,0.577145,0.816642,1
13102,2.3667,0.0,0.021,0.0,-0.021,0.580703,0.814116,1
13103,2.3833,0.0,0.0209,0.0,-0.0209,0.58425,0.811574,1
13104,2.4,0.0,0.022,0.0,-0.022,0.587785,0.809017,1
13105,2.4167,0.0,0.0219,0.0,-0.0219,0.59131,0.806445,1
13106,2.4333,0.0,0.0186,0.0,-0.0186,0.594823,0.803857,1
13107,2.45,0.0,0.0208,0.0,-0.0208,0.598325,0.801254,1
13108,2.4667,0.0,0.0188,0.0,-0.0188,0.601815,0.798636,1
13109,2.4833,0.0,0.0184,0.0,-0.0184,0.605294,0.796002,1
13110,2.5,0.0,0.0224,0.0,-0.0224,0.608761,0.793353,1
13111,2.5167,0.0,0.0201,0.0,-0.0201,0.612217,0.79069,1
13112,2.5333,0.0,0.0217,0.0,-0.0217,0.615661,0.788011,1
13113,2.55,0.0,0.0211,0.0,-0.0211,0.619094,0.785317,1
13114,2.5667,0.0,0.0194,0.0,-0.0194,0.622515,0.782608,1
13115,2.5833,0.0,0.02,0.0,-0.02,0.625923,0.779884,1
13116,2.6,0.0,0.0244,0.0,-0.0244,0.62932,0.777146,1
13117,2.6167,0.0,0.0192,0.0,-0.0192,0.632705,0.774393,1
13118,2.6333,0.0,0.0184,0.0,-0.0184,0.636078,0.771625,1
13119,2.65,0.0,0.0204,0.0,-0.0204,0.639439,0.768842,1
13120,2.6667,0.0,0.0226,0.0,-0.0226,0.642788,0.766044,1
13121,2.6833,0.0,0.0224,0.0,-0.0224,0.646124,0.763232,1
13122,2.7,0.0,0.0204,0.0,-0.0204,0.649448,0.760406,1
13123,2.7167,0.0,0.0207,0.0,-0.0207,0.65276,0.757565,1
13124,2.7333,0.0,0.0178,0.0,-0.0178,0.656059,0.75471,1
13125,2.75,0.0,0.0227,0.0,-0.0227,0.659346,0.75184,1
13126,2.7667,0.0,0.0227,0.0,-0.0227,0.66262,0.748956,1
13127,2.7833,0.0,0.022,0.0,-0.022,0.665882,0.746057,1
13128,2.8,0.0,0.0206,0.0,-0.0206,0.669131,0.743145,1
13129,2.8167,0.0,0.0217,0.0,-0.0217,0.672367,0.740218,1
13130,2.8333,0.0,0.0212,0.0,-0.0212,0.67559,0.737277,1
13131,2.85,0.0,0.0191,0.0,-0.0191,0.678801,0.734323,1
13132,2.8667,0.0,0.02,0.0,-0.02,0.681998,0.731354,1
13133,2.8833,0.0,0.0185,0.0,-0.0185,0.685183,0.728371,1
13134,2.9,0.0,0.021,0.0,-0.021,0.688355,0.725374,1
13135,2.9167,0.0,0.0187,0.0,-0.0187,0.691513,0.722364,1
13136,2.9333,0.0,0.0192,0.0,-0.0192,0.694658,0.71934,1
13137,2.95,0.0,0.0182,0.0,-0.0182,0.69779,0.716302,1
13138,2.9667,0.0,0.0206,0.0,-0.0206,0.700909,0.71325,1
13139,2.9833,0.0,0.0195,0.0,-0.0195,0.704015,0.710185,1
13140,3.0,0.0,0.0189,0.0,-0.0189,0.707107,0.707107,1
13141,3.0167,0.0,0.0228,0.0,-0.0228,0.710185,0.704015,1
13142,3.0333,0.0,0.0206,0.0,-0.0206,0.71325,0.700909,1
13143,3.05,0.0,0.0213,0.0,-0.0213,0.716302,0.69779,1
13144,3.0667,0.0,0.0176,0.0,-0.0176,0.71934,0.694658,1
13145,3.0833,0.0,0.0174,0.0,-0.0174,0.722364,0.691513,1
13146,3.1,0.0,0.0165,0.0,-0.0165,0.725374,0.688355,1
13147,3.1167,0.0,0.0199,0.0,-0.0199,0.728371,0.685183,1
13148,3.1333,0.0,0.0217,0.0,-0.0217,0.731354,0.681998,1
13149,3.15,0.0,0.023,0.0,-0.023,0.734323,0.678801,1
13150,3.1667,0.0,0.0233,0.0,-0.0233,0.737277,0.67559,1
13151,3.1833,0.0,0.0232,0.0,-0.0232,0.740218,0.672367,1
13152,3.2,0.0,0.0211,0.0,-0.0211,0.743145,0.669131,1
13153,3.2167,0.0,0.0204,0.0,-0.0204,0.746057,0.665882,1
13154,3.2333,0.0,0.0215,0.0,-0.0215,0.748956,0.66262,1
13155,3.25,0.0,0.0234,0.0,-0.0234,0.75184,0.659346,1
13156,3.2667,0.0,0.0191,0.0,-0.0191,0.75471,0.656059,1
13157,3.2833,0.0,0.0196,0.0,-0.0196,0.757565,0.65276,1
13158,3.3,0.0,0.0191,0.0,-0.0191,0.760406,0.649448,1
13159,3.3167,0.0,0.021,0.0,-0.021,0.763232,0.646124,1
13160,3.3333,0.0,0.0166,0.0,-0.0166,0.766044,0.642788,1
13161,3.35,0.0,0.0208,0.0,-0.0208,0.768842,0.639439,1
13162,3.3667,0.0,0.0219,0.0,-0.0219,0.771625,0.636078,1
13163,3.3833,0.0,0.0218,0.0,-0.0218,0.774393,0.632705,1
13164,3.4,0.0,0.0221,0.0,-0.0221,0.777146,0.62932,1
13165,3.4167,0.0,0.0214,0.0,-0.0214,0.779884,0.625923,1
13166,3.4333,0.0,0.0202,0.0,-0.0202,0.782608,0.622515,1
13167,3.45,0.0,0.0207,0.0,-0.0207,0.785317,0.619094,1
13168,3.4667,0.0,0.0202,0.0,-0.0202,0.788011,0.615661,1
13169,3.4833,0.0,0.0219,0.0,-0.0219,0.79069,0.612217,1
13170,3.5,0.0,0.022,0.0,-0.022,0.793353,0.608761,1
13171,3.5167,0.0,0.0242,0.0,-0.0242,0.796002,0.605294,1
13172,3.5333,0.0,0.0203,0.0,-0.0203,0.798636,0.601815,1
13173,3.55,0.0,0.0202,0.0,-0.0202,0.801254,0.598325,1
13174,3.5667,0.0,0.021,0.0,-0.021,0.803857,0.594823,1
13175,3.5833,0.0,0.0172,0.0,-0.0172,0.806445,0.59131,1
13176,3.6,0.0,0.0177,0.0,-0.0177,0.809017,0.587785,1
13177,3.6167,0.0,0.0205,0.0,-0.0205,0.811574,0.58425,1
13178,3.6333,0.0,0.0212,0.0,-0.0212,0.814116,0.580703,1
13179,3.65,0.0,0.0217,0.0,-0.0217,0.816642,0.577145,1
13180,3.6667,0.0,0.0195,0.0,-0.0195,0.819152,0.573576,1
13181,3.6833,0.0,0.02,0.0,-0.02,0.821647,0.569997,1
13182,3.7,0.0,0.0171,0.0,-0.0171,0.824126,0.566406,1
13183,3.7167,0.0,0.022,0.0,-0.022,0.82659,0.562805,1
13184,3.7333,0.0,0.019,0.0,-0.019,0.829038,0.559193,1
13185,3.75,0.0,0.0197,0.0,-0.0197,0.83147,0.55557,1
13186,3.7667,0.0,0.0257,0.0,-0.0257,0.833886,0.551937,1
13187,3.7833,0.0,0.0232,0.0,-0.0232,0.836286,0.548293,1
13188,3.8,0.0,0.0237,0.0,-0.0237,0.838671,0.544639,1
13189,3.8167,0.0,0.0248,0.0,-0.0248,0.841039,0.540974,1
13190,3.8333,0.0,0.022,0.0,-0.022,0.843391,0.5373,1
13191,3.85,0.0,0.0182,0.0,-0.0182,0.845728,0.533615,1
13192,3.8667,0.0,0.0177,0.0,-0.0177,0.848048,0.529919,1
13193,3.8833,0.0,0.0218,0.0,-0.0218,0.850352,0.526214,1
13194,3.9,0.0,0.0169,0.0,-0.0169,0.85264,0.522499,1
13195,3.9167,0.0,0.0169,0.0,-0.0169,0.854912,0.518773,1
13196,3.9333,0.0,0.022,0.0,-0.022,0.857167,0.515038,1
13197,3.95,0.0,0.0187,0.0,-0.0187,0.859406,0.511293,1
13198,3.9667,0.0,0.0191,0.0,-0.0191,0.861629,0.507538,1
13199,3.9833,0.0,0.0221,0.0,-0.0221,0.863836,0.503774,1
13200,4.0,0.0,0.0208,0.0,-0.0208,0.866025,0.5,1
13201,4.0167,0.0,0.0202,0.0,-0.0202,0.868199,0.496217,1
13202,4.0333,0.0,0.0241,0.0,-0.0241,0.870356,0.492424,1
13203,4.05,0.0,0.02,0.0,-0.02,0.872496,0.488621,1
13204,4.0667,0.0,0.0216,0.0,-0.0216,0.87462,0.48481,1
13205,4.0833,0.0,0.0185,0.0,-0.0185,0.876727,0.480989,1
13206,4.1,0.0,0.0169,0.0,-0.0169,0.878817,0.477159,1
13207,4.1167,0.0,0.0196,0.0,-0.0196,0.880891,0.47332,1
13208,4.1333,0.0,0.0216,0.0,-0.0216,0.882948,0.469472,1
13209,4.15,0.0,0.0222,0.0,-0.0222,0.884988,0.465615,1
13210,4.1667,0.0,0.0224,0.0,-0.0224,0.887011,0.461749,1
13211,4.1833,0.0,0.0175,0.0,-0.0175,0.889017,0.457874,1
13212,4.2,0.0,0.0247,0.0,-0.0247,0.891007,0.45399,1
13213,4.2167,0.0,0.0236,0.0,-0.0236,0.892979,0.450098,1
13214,4.2333,0.0,0.0213,0.0,-0.0213,0.894934,0.446198,1
13215,4.25,0.0,0.018,0.0,-0.018,0.896873,0.442289,1
13216,4.2667,0.0,0.0179,0.0,-0.0179,0.898794,0.438371,1
13217,4.2833,0.0,0.0232,0.0,-0.0232,0.900698,0.434445,1
13218,4.3,0.0,0.0196,0.0,-0.0196,0.902585,0.430511,1
13219,4.3167,0.0,0.0188,0.0,-0.0188,0.904455,0.426569,1
13220,4.3333,0.0,0.0164,0.0,-0.0164,0.906308,0.422618,1
13221,4.35,0.0,0.0183,0.0,-0.0183,0.908143,0.41866,1
13222,4.3667,0.0,0.0211,0.0,-0.0211,0.909961,0.414693,1
13223,4.3833,0.0,0.018,0.0,-0.018,0.911762,0.410719,1
13224,4.4,0.0,0.0195,0.0,-0.0195,0.913545,0.406737,1
13225,4.4167,0.0,0.0184,0.0,-0.0184,0.915311,0.402747,1
13226,4.4333,0.0,0.0214,0.0,-0.0214,0.91706,0.398749,1
13227,4.45,0.0,0.0195,0.0,-0.0195,0.918791,0.394744,1
13228,4.4667,0.0,0.0227,0.0,-0.0227,0.920505,0.390731,1
13229,4.4833,0.0,0.0242,0.0,-0.0242,0.922201,0.386711,1
13230,4.5,0.0,0.0202,0.0,-0.0202,0.92388,0.382683,1
13231,4.5167,0.0,0.0159,0.0,-0.0159,0.925541,0.378649,1
13232,4.5333,0.0,0.0231,0.0,-0.0231,0.927184,0.374607,1
13233,4.55,0.0,0.02,0.0,-0.02,0.92881,0.370557,1
13234,4.5667,0.0,0.0184,0.0,-0.0184,0.930418,0.366501,1
13235,4.5833,0.0,0.0209,0.0,-0.0209,0.932008,0.362438,1
13236,4.6,0.0,0.0209,0.0,-0.0209,0.93358,0.358368,1
13237,4.6167,0.0,0.0227,0.0,-0.0227,0.935135,0.354291,1
13238,4.6333,0.0,0.0234,0.0,-0.0234,0.936672,0.350207,1
13239,4.65,0.0,0.0186,0.0,-0.0186,0.938191,0.346117,1
