sim_minute,hour_of_day,solar_output_kw,consumption_kw,battery_level_kwh,net_flow_kw,time_sin,time_cos,is_deficit
0,0.0,0.0,0.0148,3.9852,-0.0148,0.0,1.0,0
1,0.0167,0.0,0.0161,3.9691,-0.0161,0.004363,0.99999,0
2,0.0333,0.0,0.0129,3.9562,-0.0129,0.008727,0.999962,0
3,0.05,0.0,0.0162,3.94,-0.0162,0.01309,0.999914,0
4,0.0667,0.0,0.0167,3.9233,-0.0167,0.017452,0.999848,0
5,0.0833,0.0,0.0183,3.905,-0.0183,0.021815,0.999762,0
6,0.1,0.0,0.0171,3.8879,-0.0171,0.026177,0.999657,0
7,0.1167,0.0,0.0159,3.872,-0.0159,0.030539,0.999534,0
8,0.1333,0.0,0.0152,3.8568,-0.0152,0.034899,0.999391,0
9,0.15,0.0,0.0135,3.8433,-0.0135,0.03926,0.999229,0
10,0.1667,0.0,0.0135,3.8298,-0.0135,0.043619,0.999048,0
11,0.1833,0.0,0.0115,3.8183,-0.0115,0.047978,0.998848,0
12,0.2,0.0,0.0126,3.8057,-0.0126,0.052336,0.99863,0
13,0.2167,0.0,0.0143,3.7914,-0.0143,0.056693,0.998392,0
14,0.2333,0.0,0.0151,3.7763,-0.0151,0.061049,0.998135,0
15,0.25,0.0,0.0132,3.7631,-0.0132,0.065403,0.997859,0
16,0.2667,0.0,0.0187,3.7444,-0.0187,0.069756,0.997564,0
17,0.2833,0.0,0.0153,3.7291,-0.0153,0.074108,0.99725,0
18,0.3,0.0,0.0151,3.714,-0.0151,0.078459,0.996917,0
19,0.3167,0.0,0.0121,3.7019,-0.0121,0.082808,0.996566,0
20,0.3333,0.0,0.0137,3.6882,-0.0137,0.087156,0.996195,0
21,0.35,0.0,0.0176,3.6706,-0.0176,0.091502,0.995805,0
22,0.3667,0.0,0.015,3.6556,-0.015,0.095846,0.995396,0
23,0.3833,0.0,0.0163,3.6393,-0.0163,0.100188,0.994969,0
24,0.4,0.0,0.0136,3.6257,-0.0136,0.104528,0.994522,0
25,0.4167,0.0,0.0154,3.6103,-0.0154,0.108867,0.994056,0
26,0.4333,0.0,0.0177,3.5926,-0.0177,0.113203,0.993572,0
27,0.45,0.0,0.0174,3.5752,-0.0174,0.117537,0.993068,0
28,0.4667,0.0,0.0165,3.5587,-0.0165,0.121869,0.992546,0
29,0.4833,0.0,0.0152,3.5435,-0.0152,0.126199,0.992005,0
30,0.5,0.0,0.0142,3.5293,-0.0142,0.130526,0.991445,0
31,0.5167,0.0,0.0156,3.5137,-0.0156,0.134851,0.990866,0
32,0.5333,0.0,0.0142,3.4995,-0.0142,0.139173,0.990268,0
33,0.55,0.0,0.0123,3.4872,-0.0123,0.143493,0.989651,0
34,0.5667,0.0,0.0168,3.4704,-0.0168,0.147809,0.989016,0
35,0.5833,0.0,0.0146,3.4558,-0.0146,0.152123,0.988362,0
36,0.6,0.0,0.0139,3.4419,-0.0139,0.156434,0.987688,0
37,0.6167,0.0,0.0149,3.427,-0.0149,0.160743,0.986996,0
38,0.6333,0.0,0.0158,3.4112,-0.0158,0.165048,0.986286,0
39,0.65,0.0,0.017,3.3942,-0.017,0.16935,0.985556,0
40,0.6667,0.0,0.015,3.3792,-0.015,0.173648,0.984808,0
41,0.6833,0.0,0.0143,3.3649,-0.0143,0.177944,0.984041,0
42,0.7,0.0,0.0143,3.3506,-0.0143,0.182236,0.983255,0
43,0.7167,0.0,0.0147,3.3359,-0.0147,0.186524,0.98245,0
44,0.7333,0.0,0.0145,3.3214,-0.0145,0.190809,0.981627,0
45,0.75,0.0,0.0148,3.3066,-0.0148,0.19509,0.980785,0
46,0.7667,0.0,0.014,3.2926,-0.014,0.199368,0.979925,0
47,0.7833,0.0,0.0172,3.2754,-0.0172,0.203642,0.979045,0
48,0.8,0.0,0.0126,3.2628,-0.0126,0.207912,0.978148,0
49,0.8167,0.0,0.0159,3.2469,-0.0159,0.212178,0.977231,0
50,0.8333,0.0,0.0163,3.2306,-0.0163,0.21644,0.976296,0
51,0.85,0.0,0.0177,3.2129,-0.0177,0.220697,0.975342,0
52,0.8667,0.0,0.0129,3.2,-0.0129,0.224951,0.97437,0
53,0.8833,0.0,0.0134,3.1866,-0.0134,0.2292,0.973379,0
54,0.9,0.0,0.0175,3.1691,-0.0175,0.233445,0.97237,0
55,0.9167,0.0,0.0195,3.1496,-0.0195,0.237686,0.971342,0
56,0.9333,0.0,0.0178,3.1318,-0.0178,0.241922,0.970296,0
57,0.95,0.0,0.0168,3.115,-0.0168,0.246153,0.969231,0
58,0.9667,0.0,0.0138,3.1012,-0.0138,0.25038,0.968148,0
59,0.9833,0.0,0.0144,3.0868,-0.0144,0.254602,0.967046,0
60,1.0,0.0,0.0188,3.068,-0.0188,0.258819,0.965926,0
61,1.0167,0.0,0.0153,3.0527,-0.0153,0.263031,0.964787,0
62,1.0333,0.0,0.014,3.0387,-0.014,0.267238,0.96363,0
63,1.05,0.0,0.0144,3.0243,-0.0144,0.27144,0.962455,0
64,1.0667,0.0,0.0194,3.0049,-0.0194,0.275637,0.961262,0
65,1.0833,0.0,0.0146,2.9903,-0.0146,0.279829,0.96005,0
66,1.1,0.0,0.015,2.9753,-0.015,0.284015,0.95882,0
67,1.1167,0.0,0.0147,2.9606,-0.0147,0.288196,0.957571,0
68,1.1333,0.0,0.0161,2.9445,-0.0161,0.292372,0.956305,0
69,1.15,0.0,0.0169,2.9276,-0.0169,0.296542,0.95502,0
70,1.1667,0.0,0.0155,2.9121,-0.0155,0.300706,0.953717,0
71,1.1833,0.0,0.0166,2.8955,-0.0166,0.304864,0.952396,0
72,1.2,0.0,0.0107,2.8848,-0.0107,0.309017,0.951057,0
73,1.2167,0.0,0.0149,2.8699,-0.0149,0.313164,0.949699,0
74,1.2333,0.0,0.0158,2.8541,-0.0158,0.317305,0.948324,0
75,1.25,0.0,0.0171,2.837,-0.0171,0.321439,0.94693,0
76,1.2667,0.0,0.0132,2.8238,-0.0132,0.325568,0.945519,0
77,1.2833,0.0,0.0169,2.8069,-0.0169,0.329691,0.944089,0
78,1.3,0.0,0.0155,2.7914,-0.0155,0.333807,0.942641,0
79,1.3167,0.0,0.0144,2.777,-0.0144,0.337917,0.941176,0
80,1.3333,0.0,0.0137,2.7633,-0.0137,0.34202,0.939693,0
81,1.35,0.0,0.0162,2.7471,-0.0162,0.346117,0.938191,0
82,1.3667,0.0,0.0192,2.7279,-0.0192,0.350207,0.936672,0
83,1.3833,0.0,0.0136,2.7143,-0.0136,0.354291,0.935135,0
84,1.4,0.0,0.0151,2.6992,-0.0151,0.358368,0.93358,0
85,1.4167,0.0,0.0151,2.6841,-0.0151,0.362438,0.932008,0
86,1.4333,0.0,0.0198,2.6643,-0.0198,0.366501,0.930418,0
87,1.45,0.0,0.0176,2.6467,-0.0176,0.370557,0.92881,0
88,1.4667,0.0,0.0123,2.6344,-0.0123,0.374607,0.927184,0
89,1.4833,0.0,0.0167,2.6177,-0.0167,0.378649,0.925541,0
90,1.5,0.0,0.0136,2.6041,-0.0136,0.382683,0.92388,0
91,1.5167,0.0,0.0142,2.5899,-0.0142,0.386711,0.922201,0
92,1.5333,0.0,0.0153,2.5746,-0.0153,0.390731,0.920505,0
93,1.55,0.0,0.0148,2.5598,-0.0148,0.394744,0.918791,0
94,1.5667,0.0,0.0191,2.5407,-0.0191,0.398749,0.91706,0
95,1.5833,0.0,0.015,2.5257,-0.015,0.402747,0.915311,0
96,1.6,0.0,0.0136,2.5121,-0.0136,0.406737,0.913545,0
97,1.6167,0.0,0.0158,2.4963,-0.0158,0.410719,0.911762,0
98,1.6333,0.0,0.017,2.4793,-0.017,0.414693,0.909961,0
99,1.65,0.0,0.0166,2.4627,-0.0166,0.41866,0.908143,0
100,1.6667,0.0,0.021,2.4417,-0.021,0.422618,0.906308,0
101,1.6833,0.0,0.0137,2.428,-0.0137,0.426569,0.904455,0
102,1.7,0.0,0.0139,2.4141,-0.0139,0.430511,0.902585,0
103,1.7167,0.0,0.0155,2.3986,-0.0155,0.434445,0.900698,0
104,1.7333,0.0,0.0149,2.3837,-0.0149,0.438371,0.898794,0
105,1.75,0.0,0.0137,2.37,-0.0137,0.442289,0.896873,0
106,1.7667,0.0,0.0105,2.3595,-0.0105,0.446198,0.894934,0
107,1.7833,0.0,0.0189,2.3406,-0.0189,0.450098,0.892979,0
108,1.8,0.0,0.019,2.3216,-0.019,0.45399,0.891007,0
109,1.8167,0.0,0.0157,2.3059,-0.0157,0.457874,0.889017,0
110,1.8333,0.0,0.016,2.2899,-0.016,0.461749,0.887011,0
111,1.85,0.0,0.014,2.2759,-0.014,0.465615,0.884988,0
112,1.8667,0.0,0.0146,2.2613,-0.0146,0.469472,0.882948,0
113,1.8833,0.0,0.0189,2.2424,-0.0189,0.47332,0.880891,0
114,1.9,0.0,0.0186,2.2238,-0.0186,0.477159,0.878817,0
115,1.9167,0.0,0.0156,2.2082,-0.0156,0.480989,0.876727,0
116,1.9333,0.0,0.0171,2.1911,-0.0171,0.48481,0.87462,0
117,1.95,0.0,0.0154,2.1757,-0.0154,0.488621,0.872496,0
118,1.9667,0.0,0.018,2.1577,-0.018,0.492424,0.870356,0
119,1.9833,0.0,0.0146,2.1431,-0.0146,0.496217,0.868199,0
120,2.0,0.0,0.0164,2.1267,-0.0164,0.5,0.866025,0
121,2.0167,0.0,0.0175,2.1092,-0.0175,0.503774,0.863836,0
122,2.0333,0.0,0.0154,2.0938,-0.0154,0.507538,0.861629,0
123,2.05,0.0,0.0191,2.0747,-0.0191,0.511293,0.859406,0
124,2.0667,0.0,0.0194,2.0553,-0.0194,0.515038,0.857167,0
125,2.0833,0.0,0.0157,2.0396,-0.0157,0.518773,0.854912,0
126,2.1,0.0,0.0141,2.0255,-0.0141,0.522499,0.85264,0
127,2.1167,0.0,0.0153,2.0102,-0.0153,0.526214,0.850352,0
128,2.1333,0.0,0.0134,1.9968,-0.0134,0.529919,0.848048,0
129,2.15,0.0,0.0171,1.9797,-0.0171,0.533615,0.845728,0
130,2.1667,0.0,0.0187,1.961,-0.0187,0.5373,0.843391,0
131,2.1833,0.0,0.0146,1.9464,-0.0146,0.540974,0.841039,0
132,2.2,0.0,0.0147,1.9317,-0.0147,0.544639,0.838671,0
133,2.2167,0.0,0.0165,1.9152,-0.0165,0.548293,0.836286,0
134,2.2333,0.0,0.0145,1.9007,-0.0145,0.551937,0.833886,0
135,2.25,0.0,0.0151,1.8856,-0.0151,0.55557,0.83147,0
136,2.2667,0.0,0.0123,1.8733,-0.0123,0.559193,0.829038,0
137,2.2833,0.0,0.0144,1.8589,-0.0144,0.562805,0.82659,0
138,2.3,0.0,0.0169,1.842,-0.0169,0.566406,0.824126,0
139,2.3167,0.0,0.014,1.828,-0.014,0.569997,0.821647,0
140,2.3333,0.0,0.0162,1.8118,-0.0162,0.573576,0.819152,0
141,2.35,0.0,0.016,1.7958,-0.016,0.577145,0.816642,0
142,2.3667,0.0,0.0161,1.7797,-0.0161,0.580703,0.814116,0
143,2.3833,0.0,0.0169,1.7628,-0.0169,0.58425,0.811574,0
144,2.4,0.0,0.0147,1.7481,-0.0147,0.587785,0.809017,0
145,2.4167,0.0,0.0158,1.7323,-0.0158,0.59131,0.806445,0
146,2.4333,0.0,0.0164,1.7159,-0.0164,0.594823,0.803857,0
147,2.45,0.0,0.0136,1.7023,-0.0136,0.598325,0.801254,0
148,2.4667,0.0,0.0166,1.6857,-0.0166,0.601815,0.798636,0
149,2.4833,0.0,0.0203,1.6654,-0.0203,0.605294,0.796002,0
150,2.5,0.0,0.0112,1.6542,-0.0112,0.608761,0.793353,0
151,2.5167,0.0,0.0152,1.639,-0.0152,0.612217,0.79069,0
152,2.5333,0.0,0.0179,1.6211,-0.0179,0.615661,0.788011,0
153,2.55,0.0,0.0147,1.6064,-0.0147,0.619094,0.785317,0
154,2.5667,0.0,0.0162,1.5902,-0.0162,0.622515,0.782608,0
155,2.5833,0.0,0.0154,1.5748,-0.0154,0.625923,0.779884,0
156,2.6,0.0,0.0171,1.5577,-0.0171,0.62932,0.777146,0
157,2.6167,0.0,0.0155,1.5422,-0.0155,0.632705,0.774393,0
158,2.6333,0.0,0.0119,1.5303,-0.0119,0.636078,0.771625,0
159,2.65,0.0,0.0164,1.5139,-0.0164,0.639439,0.768842,0
160,2.6667,0.0,0.0151,1.4988,-0.0151,0.642788,0.766044,0
161,2.6833,0.0,0.0145,1.4843,-0.0145,0.646124,0.763232,0
162,2.7,0.0,0.0153,1.469,-0.0153,0.649448,0.760406,0
163,2.7167,0.0,0.0155,1.4535,-0.0155,0.65276,0.757565,0
164,2.7333,0.0,0.0172,1.4363,-0.0172,0.656059,0.75471,0
165,2.75,0.0,0.0143,1.422,-0.0143,0.659346,0.75184,0
166,2.7667,0.0,0.0146,1.4074,-0.0146,0.66262,0.748956,0
167,2.7833,0.0,0.0183,1.3891,-0.0183,0.665882,0.746057,0
168,2.8,0.0,0.0129,1.3762,-0.0129,0.669131,0.743145,0
169,2.8167,0.0,0.0134,1.3628,-0.0134,0.672367,0.740218,0
170,2.8333,0.0,0.0153,1.3475,-0.0153,0.67559,0.737277,0
171,2.85,0.0,0.0197,1.3278,-0.0197,0.678801,0.734323,0
172,2.8667,0.0,0.0163,1.3115,-0.0163,0.681998,0.731354,0
173,2.8833,0.0,0.0169,1.2946,-0.0169,0.685183,0.728371,0
174,2.9,0.0,0.0154,1.2792,-0.0154,0.688355,0.725374,0
175,2.9167,0.0,0.0135,1.2657,-0.0135,0.691513,0.722364,0
176,2.9333,0.0,0.0143,1.2514,-0.0143,0.694658,0.71934,0
177,2.95,0.0,0.0186,1.2328,-0.0186,0.69779,0.716302,0
178,2.9667,0.0,0.0155,1.2173,-0.0155,0.700909,0.71325,0
179,2.9833,0.0,0.0834,1.1339,-0.0834,0.704015,0.710185,0
180,3.0,0.0,0.0856,1.0483,-0.0856,0.707107,0.707107,0
181,3.0167,0.0,0.0835,0.9648,-0.0835,0.710185,0.704015,0
182,3.0333,0.0,0.0833,0.8815,-0.0833,0.71325,0.700909,0
183,3.05,0.0,0.0826,0.7989,-0.0826,0.716302,0.69779,0
184,3.0667,0.0,0.0805,0.7184,-0.0805,0.71934,0.694658,0
185,3.0833,0.0,0.0839,0.6345,-0.0839,0.722364,0.691513,0
186,3.1,0.0,0.0834,0.5511,-0.0834,0.725374,0.688355,0
187,3.1167,0.0,0.086,0.4651,-0.086,0.728371,0.685183,0
188,3.1333,0.0,0.0818,0.3833,-0.0818,0.731354,0.681998,0
189,3.15,0.0,0.085,0.2983,-0.085,0.734323,0.678801,0
190,3.1667,0.0,0.0829,0.2154,-0.0829,0.737277,0.67559,0
191,3.1833,0.0,0.0843,0.1311,-0.0843,0.740218,0.672367,0
192,3.2,0.0,0.0867,0.0444,-0.0867,0.743145,0.669131,0
193,3.2167,0.0,0.0808,0.0,-0.0808,0.746057,0.665882,1
194,3.2333,0.0,0.0817,0.0,-0.0817,0.748956,0.66262,1
195,3.25,0.0,0.0807,0.0,-0.0807,0.75184,0.659346,1
196,3.2667,0.0,0.0824,0.0,-0.0824,0.75471,0.656059,1
197,3.2833,0.0,0.0853,0.0,-0.0853,0.757565,0.65276,1
198,3.3,0.0,0.0834,0.0,-0.0834,0.760406,0.649448,1
199,3.3167,0.0,0.0849,0.0,-0.0849,0.763232,0.646124,1
200,3.3333,0.0,0.0842,0.0,-0.0842,0.766044,0.642788,1
201,3.35,0.0,0.0839,0.0,-0.0839,0.768842,0.639439,1
202,3.3667,0.0,0.0795,0.0,-0.0795,0.771625,0.636078,1
203,3.3833,0.0,0.0816,0.0,-0.0816,0.774393,0.632705,1
204,3.4,0.0,0.0852,0.0,-0.0852,0.777146,0.62932,1
205,3.4167,0.0,0.0779,0.0,-0.0779,0.779884,0.625923,1
206,3.4333,0.0,0.086,0.0,-0.086,0.782608,0.622515,1
207,3.45,0.0,0.0858,0.0,-0.0858,0.785317,0.619094,1
208,3.4667,0.0,0.0816,0.0,-0.0816,0.788011,0.615661,1
209,3.4833,0.0,0.0799,0.0,-0.0799,0.79069,0.612217,1
210,3.5,0.0,0.0819,0.0,-0.0819,0.793353,0.608761,1
211,3.5167,0.0,0.0792,0.0,-0.0792,0.796002,0.605294,1
212,3.5333,0.0,0.0836,0.0,-0.0836,0.798636,0.601815,1
213,3.55,0.0,0.0846,0.0,-0.0846,0.801254,0.598325,1
214,3.5667,0.0,0.0841,0.0,-0.0841,0.803857,0.594823,1
215,3.5833,0.0,0.0781,0.0,-0.0781,0.806445,0.59131,1
216,3.6,0.0,0.0803,0.0,-0.0803,0.809017,0.587785,1
217,3.6167,0.0,0.0816,0.0,-0.0816,0.811574,0.58425,1
218,3.6333,0.0,0.0844,0.0,-0.0844,0.814116,0.580703,1
219,3.65,0.0,0.0816,0.0,-0.0816,0.816642,0.577145,1
220,3.6667,0.0,0.0792,0.0,-0.0792,0.819152,0.573576,1
221,3.6833,0.0,0.0798,0.0,-0.0798,0.821647,0.569997,1
222,3.7,0.0,0.0826,0.0,-0.0826,0.824126,0.566406,1
223,3.7167,0.0,0.08,0.0,-0.08,0.82659,0.562805,1
224,3.7333,0.0,0.081,0.0,-0.081,0.829038,0.559193,1
225,3.75,0.0,0.0835,0.0,-0.0835,0.83147,0.55557,1
226,3.7667,0.0,0.0825,0.0,-0.0825,0.833886,0.551937,1
227,3.7833,0.0,0.0821,0.0,-0.0821,0.836286,0.548293,1
228,3.8,0.0,0.0847,0.0,-0.0847,0.838671,0.544639,1
229,3.8167,0.0,0.08,0.0,-0.08,0.841039,0.540974,1
230,3.8333,0.0,0.0818,0.0,-0.0818,0.843391,0.5373,1
231,3.85,0.0,0.0845,0.0,-0.0845,0.845728,0.533615,1
232,3.8667,0.0,0.0805,0.0,-0.0805,0.848048,0.529919,1
233,3.8833,0.0,0.0859,0.0,-0.0859,0.850352,0.526214,1
234,3.9,0.0,0.0829,0.0,-0.0829,0.85264,0.522499,1
235,3.9167,0.0,0.0779,0.0,-0.0779,0.854912,0.518773,1
236,3.9333,0.0,0.0834,0.0,-0.0834,0.857167,0.515038,1
237,3.95,0.0,0.0807,0.0,-0.0807,0.859406,0.511293,1
238,3.9667,0.0,0.0818,0.0,-0.0818,0.861629,0.507538,1
239,3.9833,0.0,0.0812,0.0,-0.0812,0.863836,0.503774,1
240,4.0,0.0,0.079,0.0,-0.079,0.866025,0.5,1
241,4.0167,0.0,0.0807,0.0,-0.0807,0.868199,0.496217,1
242,4.0333,0.0,0.0858,0.0,-0.0858,0.870356,0.492424,1
243,4.05,0.0,0.0844,0.0,-0.0844,0.872496,0.488621,1
244,4.0667,0.0,0.0825,0.0,-0.0825,0.87462,0.48481,1
245,4.0833,0.0,0.0804,0.0,-0.0804,0.876727,0.480989,1
246,4.1,0.0,0.0853,0.0,-0.0853,0.878817,0.477159,1
247,4.1167,0.0,0.0848,0.0,-0.0848,0.880891,0.47332,1
248,4.1333,0.0,0.0821,0.0,-0.0821,0.882948,0.469472,1
249,4.15,0.0,0.0802,0.0,-0.0802,0.884988,0.465615,1
250,4.1667,0.0,0.0794,0.0,-0.0794,0.887011,0.461749,1
251,4.1833,0.0,0.0833,0.0,-0.0833,0.889017,0.457874,1
252,4.2,0.0,0.0824,0.0,-0.0824,0.891007,0.45399,1
253,4.2167,0.0,0.0845,0.0,-0.0845,0.892979,0.450098,1
254,4.2333,0.0,0.0856,0.0,-0.0856,0.894934,0.446198,1
255,4.25,0.0,0.0868,0.0,-0.0868,0.896873,0.442289,1
256,4.2667,0.0,0.0802,0.0,-0.0802,0.898794,0.438371,1
257,4.2833,0.0,0.0798,0.0,-0.0798,0.900698,0.434445,1
258,4.3,0.0,0.0783,0.0,-0.0783,0.902585,0.430511,1
259,4.3167,0.0,0.0833,0.0,-0.0833,0.904455,0.426569,1
260,4.3333,0.0,0.0852,0.0,-0.0852,0.906308,0.422618,1
261,4.35,0.0,0.0798,0.0,-0.0798,0.908143,0.41866,1
262,4.3667,0.0,0.0793,0.0,-0.0793,0.909961,0.414693,1
263,4.3833,0.0,0.0155,0.0,-0.0155,0.911762,0.410719,1
264,4.4,0.0,0.0185,0.0,-0.0185,0.913545,0.406737,1
265,4.4167,0.0,0.0151,0.0,-0.0151,0.915311,0.402747,1
266,4.4333,0.0,0.0149,0.0,-0.0149,0.91706,0.398749,1
267,4.45,0.0,0.0181,0.0,-0.0181,0.918791,0.394744,1
268,4.4667,0.0,0.012,0.0,-0.012,0.920505,0.390731,1
269,4.4833,0.0,0.0163,0.0,-0.0163,0.922201,0.386711,1
270,4.5,0.0,0.0182,0.0,-0.0182,0.92388,0.382683,1
271,4.5167,0.0,0.0199,0.0,-0.0199,0.925541,0.378649,1
272,4.5333,0.0,0.0186,0.0,-0.0186,0.927184,0.374607,1
273,4.55,0.0,0.0152,0.0,-0.0152,0.92881,0.370557,1
274,4.5667,0.0,0.0135,0.0,-0.0135,0.930418,0.366501,1
275,4.5833,0.0,0.0136,0.0,-0.0136,0.932008,0.362438,1
276,4.6,0.0,0.0138,0.0,-0.0138,0.93358,0.358368,1
277,4.6167,0.0,0.0152,0.0,-0.0152,0.935135,0.354291,1
278,4.6333,0.0,0.0188,0.0,-0.0188,0.936672,0.350207,1
279,4.65,0.0,0.0178,0.0,-0.0178,0.938191,0.346117,1
280,4.6667,0.0,0.0141,0.0,-0.0141,0.939693,0.34202,1
281,4.6833,0.0,0.0143,0.0,-0.0143,0.941176,0.337917,1
282,4.7,0.0,0.0164,0.0,-0.0164,0.942641,0.333807,1
283,4.7167,0.0,0.0152,0.0,-0.0152,0.944089,0.329691,1
284,4.7333,0.0,0.0167,0.0,-0.0167,0.945519,0.325568,1
285,4.75,0.0,0.0131,0.0,-0.0131,0.94693,0.321439,1
286,4.7667,0.0,0.0156,0.0,-0.0156,0.948324,0.317305,1
287,4.7833,0.0,0.0108,0.0,-0.0108,0.949699,0.313164,1
288,4.8,0.0,0.0146,0.0,-0.0146,0.951057,0.309017,1
289,4.8167,0.0,0.0146,0.0,-0.0146,0.952396,0.304864,1
290,4.8333,0.0,0.0141,0.0,-0.0141,0.953717,0.300706,1
291,4.85,0.0,0.015,0.0,-0.015,0.95502,0.296542,1
292,4.8667,0.0,0.0153,0.0,-0.0153,0.956305,0.292372,1
293,4.8833,0.0,0.0153,0.0,-0.0153,0.957571,0.288196,1
294,4.9,0.0,0.015,0.0,-0.015,0.95882,0.284015,1
295,4.9167,0.0,0.0148,0.0,-0.0148,0.96005,0.279829,1
296,4.9333,0.0,0.0158,0.0,-0.0158,0.961262,0.275637,1
297,4.95,0.0,0.0139,0.0,-0.0139,0.962455,0.27144,1
298,4.9667,0.0,0.0123,0.0,-0.0123,0.96363,0.267238,1
299,4.9833,0.0,0.0133,0.0,-0.0133,0.964787,0.263031,1
300,5.0,0.0,0.0159,0.0,-0.0159,0.965926,0.258819,1
301,5.0167,0.0,0.0209,0.0,-0.0209,0.967046,0.254602,1
302,5.0333,0.0,0.0169,0.0,-0.0169,0.968148,0.25038,1
303,5.05,0.0,0.0137,0.0,-0.0137,0.969231,0.246153,1
304,5.0667,0.0,0.0168,0.0,-0.0168,0.970296,0.241922,1
305,5.0833,0.0,0.017,0.0,-0.017,0.971342,0.237686,1
306,5.1,0.0,0.0168,0.0,-0.0168,0.97237,0.233445,1
307,5.1167,0.0,0.0163,0.0,-0.0163,0.973379,0.2292,1
308,5.1333,0.0,0.0151,0.0,-0.0151,0.97437,0.224951,1
309,5.15,0.0,0.017,0.0,-0.017,0.975342,0.220697,1
310,5.1667,0.0,0.0175,0.0,-0.0175,0.976296,0.21644,1
311,5.1833,0.0,0.0158,0.0,-0.0158,0.977231,0.212178,1
312,5.2,0.0,0.0131,0.0,-0.0131,0.978148,0.207912,1
313,5.2167,0.0,0.0169,0.0,-0.0169,0.979045,0.203642,1
314,5.2333,0.0,0.013,0.0,-0.013,0.979925,0.199368,1
315,5.25,0.0,0.0181,0.0,-0.0181,0.980785,0.19509,1
316,5.2667,0.0,0.0179,0.0,-0.0179,0.981627,0.190809,1
317,5.2833,0.0,0.0146,0.0,-0.0146,0.98245,0.186524,1
318,5.3,0.0,0.0138,0.0,-0.0138,0.983255,0.182236,1
319,5.3167,0.0,0.0168,0.0,-0.0168,0.984041,0.177944,1
320,5.3333,0.0,0.0139,0.0,-0.0139,0.984808,0.173648,1
321,5.35,0.0,0.0154,0.0,-0.0154,0.985556,0.16935,1
322,5.3667,0.0,0.019,0.0,-0.019,0.986286,0.165048,1
323,5.3833,0.0,0.0145,0.0,-0.0145,0.986996,0.160743,1
324,5.4,0.0,0.0153,0.0,-0.0153,0.987688,0.156434,1
325,5.4167,0.0,0.0119,0.0,-0.0119,0.988362,0.152123,1
326,5.4333,0.0,0.0149,0.0,-0.0149,0.989016,0.147809,1
327,5.45,0.0,0.0143,0.0,-0.0143,0.989651,0.143493,1
328,5.4667,0.0,0.0187,0.0,-0.0187,0.990268,0.139173,1
329,5.4833,0.0,0.0161,0.0,-0.0161,0.990866,0.134851,1
330,5.5,0.0,0.0147,0.0,-0.0147,0.991445,0.130526,1
331,5.5167,0.0,0.0158,0.0,-0.0158,0.992005,0.126199,1
332,5.5333,0.0,0.0151,0.0,-0.0151,0.992546,0.121869,1
333,5.55,0.0,0.0176,0.0,-0.0176,0.993068,0.117537,1
334,5.5667,0.0,0.0143,0.0,-0.0143,0.993572,0.113203,1
335,5.5833,0.0,0.0115,0.0,-0.0115,0.994056,0.108867,1
336,5.6,0.0,0.0155,0.0,-0.0155,0.994522,0.104528,1
337,5.6167,0.0,0.0155,0.0,-0.0155,0.994969,0.100188,1
338,5.6333,0.0,0.0173,0.0,-0.0173,0.995396,0.095846,1
339,5.65,0.0,0.0173,0.0,-0.0173,0.995805,0.091502,1
340,5.6667,0.0,0.0169,0.0,-0.0169,0.996195,0.087156,1
341,5.6833,0.0,0.0145,0.0,-0.0145,0.996566,0.082808,1
342,5.7,0.0,0.014,0.0,-0.014,0.996917,0.078459,1
343,5.7167,0.0,0.0172,0.0,-0.0172,0.99725,0.074108,1
344,5.7333,0.0,0.0172,0.0,-0.0172,0.997564,0.069756,1
345,5.75,0.0,0.0123,0.0,-0.0123,0.997859,0.065403,1
346,5.7667,0.0,0.0173,0.0,-0.0173,0.998135,0.061049,1
347,5.7833,0.0,0.0118,0.0,-0.0118,0.998392,0.056693,1
348,5.8,0.0,0.0149,0.0,-0.0149,0.99863,0.052336,1
349,5.8167,0.0,0.0179,0.0,-0.0179,0.998848,0.047978,1
350,5.8333,0.0,0.0152,0.0,-0.0152,0.999048,0.043619,1
351,5.85,0.0,0.0191,0.0,-0.0191,0.999229,0.03926,1
352,5.8667,0.0,0.0151,0.0,-0.0151,0.999391,0.034899,1
353,5.8833,0.0,0.0144,0.0,-0.0144,0.999534,0.030539,1
354,5.9,0.0,0.0143,0.0,-0.0143,0.999657,0.026177,1
355,5.9167,0.0,0.0174,0.0,-0.0174,0.999762,0.021815,1
356,5.9333,0.0,0.0133,0.0,-0.0133,0.999848,0.017452,1
357,5.95,0.0,0.0154,0.0,-0.0154,0.999914,0.01309,1
358,5.9667,0.0,0.0142,0.0,-0.0142,0.999962,0.008727,1
359,5.9833,0.0,0.0112,0.0,-0.0112,0.99999,0.004363,1
360,6.0,0.001883,0.0282,0.0,-0.026317,1.0,0.0,1
361,6.0167,0.0,0.0284,0.0,-0.0284,0.99999,-0.004363,1
362,6.0333,0.005267,0.0275,0.0,-0.022233,0.999962,-0.008727,1
363,6.05,0.0,0.0276,0.0,-0.0276,0.999914,-0.01309,1
364,6.0667,0.005267,0.0312,0.0,-0.025933,0.999848,-0.017452,1
365,6.0833,0.004883,0.0281,0.0,-0.023217,0.999762,-0.021815,1
366,6.1,0.0083,0.0297,0.0,-0.0214,0.999657,-0.026177,1
367,6.1167,0.003783,0.0305,0.0,-0.026717,0.999534,-0.030539,1
368,6.1333,0.002117,0.0305,0.0,-0.028383,0.999391,-0.034899,1
369,6.15,0.004067,0.0308,0.0,-0.026733,0.999229,-0.03926,1
370,6.1667,0.0054,0.0292,0.0,-0.0238,0.999048,-0.043619,1
371,6.1833,0.008283,0.0306,0.0,-0.022317,0.998848,-0.047978,1
372,6.2,0.006983,0.0278,0.0,-0.020817,0.99863,-0.052336,1
373,6.2167,0.009933,0.0285,0.0,-0.018567,0.998392,-0.056693,1
374,6.2333,0.010317,0.0284,0.0,-0.018083,0.998135,-0.061049,1
375,6.25,0.007433,0.0291,0.0,-0.021667,0.997859,-0.065403,1
376,6.2667,0.0101,0.027,0.0,-0.0169,0.997564,-0.069756,1
377,6.2833,0.010283,0.0276,0.0,-0.017317,0.99725,-0.074108,1
378,6.3,0.006967,0.0271,0.0,-0.020133,0.996917,-0.078459,1
379,6.3167,0.01235,0.0268,0.0,-0.01445,0.996566,-0.082808,1
380,6.3333,0.01345,0.0281,0.0,-0.01465,0.996195,-0.087156,1
381,6.35,0.009367,0.0297,0.0,-0.020333,0.995805,-0.091502,1
382,6.3667,0.013867,0.0283,0.0,-0.014433,0.995396,-0.095846,1
383,6.3833,0.020683,0.027,0.0,-0.006317,0.994969,-0.100188,1
384,6.4,0.0172,0.0273,0.0,-0.0101,0.994522,-0.104528,1
385,6.4167,0.0143,0.0316,0.0,-0.0173,0.994056,-0.108867,1
386,6.4333,0.0176,0.0246,0.0,-0.007,0.993572,-0.113203,1
387,6.45,0.016567,0.0293,0.0,-0.012733,0.993068,-0.117537,1
388,6.4667,0.0209,0.0283,0.0,-0.0074,0.992546,-0.121869,1
389,6.4833,0.02115,0.0312,0.0,-0.01005,0.992005,-0.126199,1
390,6.5,0.013733,0.0285,0.0,-0.014767,0.991445,-0.130526,1
391,6.5167,0.022433,0.0271,0.0,-0.004667,0.990866,-0.134851,1
392,6.5333,0.018767,0.0308,0.0,-0.012033,0.990268,-0.139173,1
393,6.55,0.025667,0.0261,0.0,-0.000433,0.989651,-0.143493,1
394,6.5667,0.022567,0.0279,0.0,-0.005333,0.989016,-0.147809,1
395,6.5833,0.021183,0.0303,0.0,-0.009117,0.988362,-0.152123,1
396,6.6,0.021967,0.0277,0.0,-0.005733,0.987688,-0.156434,1
397,6.6167,0.022967,0.0295,0.0,-0.006533,0.986996,-0.160743,1
398,6.6333,0.0231,0.026,0.0,-0.0029,0.986286,-0.165048,1
399,6.65,0.026117,0.0261,0.0,1.7e-05,0.985556,-0.16935,0
400,6.6667,0.024717,0.0292,0.0,-0.004483,0.984808,-0.173648,1
401,6.6833,0.021833,0.0283,0.0,-0.006467,0.984041,-0.177944,1
402,6.7,0.02895,0.0261,0.0028,0.00285,0.983255,-0.182236,0
403,6.7167,0.029383,0.0264,0.0058,0.002983,0.98245,-0.186524,0
404,6.7333,0.03075,0.0302,0.0063,0.00055,0.981627,-0.190809,0
405,6.75,0.03,0.0307,0.0056,-0.0007,0.980785,-0.19509,0
406,6.7667,0.024733,0.0286,0.0017,-0.003867,0.979925,-0.199368,0
407,6.7833,0.03215,0.0275,0.0063,0.00465,0.979045,-0.203642,0
408,6.8,0.028633,0.0287,0.0062,-6.7e-05,0.978148,-0.207912,0
409,6.8167,0.032733,0.0315,0.0074,0.001233,0.977231,-0.212178,0
410,6.8333,0.032967,0.0298,0.0106,0.003167,0.976296,-0.21644,0
411,6.85,0.032083,0.0325,0.0102,-0.000417,0.975342,-0.220697,0
412,6.8667,0.036383,0.0286,0.018,0.007783,0.97437,-0.224951,0
413,6.8833,0.037917,0.0292,0.0267,0.008717,0.973379,-0.2292,0
414,6.9,0.032717,0.0297,0.0297,0.003017,0.97237,-0.233445,0
415,6.9167,0.037317,0.0297,0.0373,0.007617,0.971342,-0.237686,0
416,6.9333,0.03295,0.0272,0.0431,0.00575,0.970296,-0.241922,0
417,6.95,0.036117,0.0275,0.0517,0.008617,0.969231,-0.246153,0
418,6.9667,0.04065,0.0299,0.0625,0.01075,0.968148,-0.25038,0
419,6.9833,0.039383,0.0261,0.0758,0.013283,0.967046,-0.254602,0
420,7.0,0.0375,0.049,0.0643,-0.0115,0.965926,-0.258819,0
421,7.0167,0.040983,0.0498,0.0555,-0.008817,0.964787,-0.263031,0
422,7.0333,0.041233,0.0538,0.0429,-0.012567,0.96363,-0.267238,0
423,7.05,0.0398,0.0534,0.0293,-0.0136,0.962455,-0.27144,0
424,7.0667,0.03945,0.0536,0.0152,-0.01415,0.961262,-0.275637,0
425,7.0833,0.041867,0.058,0.0,-0.016133,0.96005,-0.279829,1
426,7.1,0.0456,0.0506,0.0,-0.005,0.95882,-0.284015,1
427,7.1167,0.0419,0.0493,0.0,-0.0074,0.957571,-0.288196,1
428,7.1333,0.043083,0.0505,0.0,-0.007417,0.956305,-0.292372,1
429,7.15,0.043033,0.0545,0.0,-0.011467,0.95502,-0.296542,1
430,7.1667,0.038633,0.0534,0.0,-0.014767,0.953717,-0.300706,1
431,7.1833,0.05005,0.0502,0.0,-0.00015,0.952396,-0.304864,1
432,7.2,0.040983,0.0514,0.0,-0.010417,0.951057,-0.309017,1
433,7.2167,0.052583,0.0506,0.002,0.001983,0.949699,-0.313164,0
434,7.2333,0.052117,0.0513,0.0028,0.000817,0.948324,-0.317305,0
435,7.25,0.047133,0.0549,0.0,-0.007767,0.94693,-0.321439,1
436,7.2667,0.04865,0.0524,0.0,-0.00375,0.945519,-0.325568,1
437,7.2833,0.049367,0.0499,0.0,-0.000533,0.944089,-0.329691,1
438,7.3,0.052567,0.0516,0.001,0.000967,0.942641,-0.333807,0
439,7.3167,0.0484,0.052,0.0,-0.0036,0.941176,-0.337917,1
440,7.3333,0.051117,0.0533,0.0,-0.002183,0.939693,-0.34202,1
441,7.35,0.048367,0.051,0.0,-0.002633,0.938191,-0.346117,1
442,7.3667,0.049817,0.0546,0.0,-0.004783,0.936672,-0.350207,1
443,7.3833,0.055217,0.0516,0.0036,0.003617,0.935135,-0.354291,0
444,7.4,0.04865,0.049,0.0032,-0.00035,0.93358,-0.358368,0
445,7.4167,0.0573,0.0508,0.0097,0.0065,0.932008,-0.362438,0
446,7.4333,0.055417,0.0533,0.0118,0.002117,0.930418,-0.366501,0
447,7.45,0.054717,0.0529,0.0136,0.001817,0.92881,-0.370557,0
448,7.4667,0.0589,0.0537,0.0188,0.0052,0.927184,-0.374607,0
449,7.4833,0.05815,0.05,0.027,0.00815,0.925541,-0.378649,0
450,7.5,0.062517,0.0537,0.0358,0.008817,0.92388,-0.382683,0
451,7.5167,0.056483,0.0519,0.0404,0.004583,0.922201,-0.386711,0
452,7.5333,0.06235,0.0509,0.0519,0.01145,0.920505,-0.390731,0
453,7.55,0.061483,0.0484,0.065,0.013083,0.918791,-0.394744,0
454,7.5667,0.056733,0.0495,0.0722,0.007233,0.91706,-0.398749,0
455,7.5833,0.059067,0.0513,0.08,0.007767,0.915311,-0.402747,0
456,7.6,0.062433,0.0518,0.0906,0.010633,0.913545,-0.406737,0
457,7.6167,0.0599,0.0537,0.0968,0.0062,0.911762,-0.410719,0
458,7.6333,0.0649,0.0502,0.1115,0.0147,0.909961,-0.414693,0
459,7.65,0.065133,0.052,0.1246,0.013133,0.908143,-0.41866,0
460,7.6667,0.062867,0.052,0.1355,0.010867,0.906308,-0.422618,0
461,7.6833,0.06355,0.055,0.1441,0.00855,0.904455,-0.426569,0
462,7.7,0.06075,0.0518,0.1531,0.00895,0.902585,-0.430511,0
463,7.7167,0.063867,0.0528,0.1642,0.011067,0.900698,-0.434445,0
464,7.7333,0.064267,0.0511,0.1774,0.013167,0.898794,-0.438371,0
465,7.75,0.07255,0.0507,0.1993,0.02185,0.896873,-0.442289,0
466,7.7667,0.066917,0.0531,0.2131,0.013817,0.894934,-0.446198,0
467,7.7833,0.064267,0.0518,0.2256,0.012467,0.892979,-0.450098,0
468,7.8,0.06885,0.0547,0.2397,0.01415,0.891007,-0.45399,0
469,7.8167,0.06895,0.0544,0.2542,0.01455,0.889017,-0.457874,0
470,7.8333,0.071767,0.0493,0.2767,0.022467,0.887011,-0.461749,0
471,7.85,0.070867,0.0543,0.2933,0.016567,0.884988,-0.465615,0
472,7.8667,0.067333,0.0514,0.3092,0.015933,0.882948,-0.469472,0
473,7.8833,0.069917,0.0526,0.3265,0.017317,0.880891,-0.47332,0
474,7.9,0.075133,0.0539,0.3477,0.021233,0.878817,-0.477159,0
475,7.9167,0.072583,0.0561,0.3642,0.016483,0.876727,-0.480989,0
476,7.9333,0.07245,0.0544,0.3823,0.01805,0.87462,-0.48481,0
477,7.95,0.072617,0.054,0.4009,0.018617,0.872496,-0.488621,0
478,7.9667,0.075083,0.0515,0.4245,0.023583,0.870356,-0.492424,0
479,7.9833,0.0726,0.0516,0.4455,0.021,0.868199,-0.496217,0
480,8.0,0.070733,0.0545,0.4617,0.016233,0.866025,-0.5,0
481,8.0167,0.078017,0.052,0.4877,0.026017,0.863836,-0.503774,0
482,8.0333,0.075767,0.051,0.5125,0.024767,0.861629,-0.507538,0
483,8.05,0.074333,0.0509,0.5359,0.023433,0.859406,-0.511293,0
484,8.0667,0.077583,0.0524,0.5611,0.025183,0.857167,-0.515038,0
485,8.0833,0.07505,0.0481,0.588,0.02695,0.854912,-0.518773,0
486,8.1,0.078133,0.0511,0.615,0.027033,0.85264,-0.522499,0
487,8.1167,0.0803,0.0493,0.646,0.031,0.850352,-0.526214,0
488,8.1333,0.082117,0.0538,0.6743,0.028317,0.848048,-0.529919,0
489,8.15,0.077383,0.0492,0.7025,0.028183,0.845728,-0.533615,0
490,8.1667,0.07795,0.0534,0.727,0.02455,0.843391,-0.5373,0
491,8.1833,0.079317,0.0531,0.7532,0.026217,0.841039,-0.540974,0
492,8.2,0.0772,0.0488,0.7816,0.0284,0.838671,-0.544639,0
493,8.2167,0.082483,0.0529,0.8112,0.029583,0.836286,-0.548293,0
494,8.2333,0.082033,0.0518,0.8414,0.030233,0.833886,-0.551937,0
495,8.25,0.084417,0.053,0.8728,0.031417,0.83147,-0.55557,0
496,8.2667,0.078083,0.0545,0.8964,0.023583,0.829038,-0.559193,0
497,8.2833,0.0864,0.0507,0.9321,0.0357,0.82659,-0.562805,0
498,8.3,0.082733,0.0525,0.9623,0.030233,0.824126,-0.566406,0
499,8.3167,0.087967,0.0551,0.9952,0.032867,0.821647,-0.569997,0
500,8.3333,0.082983,0.054,1.0242,0.028983,0.819152,-0.573576,0
501,8.35,0.08585,0.0501,1.0599,0.03575,0.816642,-0.577145,0
502,8.3667,0.088617,0.0535,1.095,0.035117,0.814116,-0.580703,0
503,8.3833,0.084383,0.0509,1.1285,0.033483,0.811574,-0.58425,0
504,8.4,0.08645,0.0507,1.1643,0.03575,0.809017,-0.587785,0
505,8.4167,0.087367,0.0536,1.1981,0.033767,0.806445,-0.59131,0
506,8.4333,0.089917,0.0504,1.2376,0.039517,0.803857,-0.594823,0
507,8.45,0.08915,0.0503,1.2765,0.03885,0.801254,-0.598325,0
508,8.4667,0.0922,0.0538,1.3149,0.0384,0.798636,-0.601815,0
509,8.4833,0.0936,0.0524,1.3561,0.0412,0.796002,-0.605294,0
510,8.5,0.09445,0.1264,1.3241,-0.03195,0.793353,-0.608761,0
511,8.5167,0.090283,0.1257,1.2887,-0.035417,0.79069,-0.612217,0
512,8.5333,0.088333,0.1285,1.2485,-0.040167,0.788011,-0.615661,0
513,8.55,0.093917,0.1273,1.2151,-0.033383,0.785317,-0.619094,0
514,8.5667,0.089933,0.1307,1.1743,-0.040767,0.782608,-0.622515,0
515,8.5833,0.094667,0.1256,1.1434,-0.030933,0.779884,-0.625923,0
516,8.6,0.093817,0.1263,1.1109,-0.032483,0.777146,-0.62932,0
517,8.6167,0.096967,0.1276,1.0803,-0.030633,0.774393,-0.632705,0
518,8.6333,0.095917,0.1284,1.0478,-0.032483,0.771625,-0.636078,0
519,8.65,0.091833,0.127,1.0126,-0.035167,0.768842,-0.639439,0
520,8.6667,0.094533,0.1281,0.979,-0.033567,0.766044,-0.642788,0
521,8.6833,0.096617,0.1266,0.949,-0.029983,0.763232,-0.646124,0
522,8.7,0.0982,0.1277,0.9195,-0.0295,0.760406,-0.649448,0
523,8.7167,0.092567,0.1254,0.8867,-0.032833,0.757565,-0.65276,0
524,8.7333,0.099433,0.127,0.8591,-0.027567,0.75471,-0.656059,0
525,8.75,0.096517,0.1278,0.8278,-0.031283,0.75184,-0.659346,0
526,8.7667,0.095933,0.1304,0.7933,-0.034467,0.748956,-0.66262,0
527,8.7833,0.097117,0.1254,0.765,-0.028283,0.746057,-0.665882,0
528,8.8,0.098967,0.1293,0.7347,-0.030333,0.743145,-0.669131,0
529,8.8167,0.1018,0.1296,0.7069,-0.0278,0.740218,-0.672367,0
530,8.8333,0.10345,0.1297,0.6806,-0.02625,0.737277,-0.67559,0
531,8.85,0.09765,0.1306,0.6477,-0.03295,0.734323,-0.678801,0
532,8.8667,0.10835,0.1262,0.6299,-0.01785,0.731354,-0.681998,0
533,8.8833,0.09885,0.1241,0.6046,-0.02525,0.728371,-0.685183,0
534,8.9,0.103317,0.1292,0.5787,-0.025883,0.725374,-0.688355,0
535,8.9167,0.100017,0.1249,0.5538,-0.024883,0.722364,-0.691513,0
536,8.9333,0.108483,0.1257,0.5366,-0.017217,0.71934,-0.694658,0
537,8.95,0.1078,0.1279,0.5165,-0.0201,0.716302,-0.69779,0
538,8.9667,0.107767,0.1312,0.4931,-0.023433,0.71325,-0.700909,0
539,8.9833,0.106,0.1264,0.4727,-0.0204,0.710185,-0.704015,0
540,9.0,0.104083,0.1066,0.4702,-0.002517,0.707107,-0.707107,0
541,9.0167,0.103117,0.1044,0.4689,-0.001283,0.704015,-0.710185,0
542,9.0333,0.108617,0.1025,0.475,0.006117,0.700909,-0.71325,0
543,9.05,0.106,0.1043,0.4767,0.0017,0.69779,-0.716302,0
544,9.0667,0.106333,0.1053,0.4777,0.001033,0.694658,-0.71934,0
545,9.0833,0.112183,0.1032,0.4867,0.008983,0.691513,-0.722364,0
546,9.1,0.110917,0.1056,0.492,0.005317,0.688355,-0.725374,0
547,9.1167,0.10435,0.1049,0.4914,-0.00055,0.685183,-0.728371,0
548,9.1333,0.111233,0.1006,0.502,0.010633,0.681998,-0.731354,0
549,9.15,0.109717,0.1029,0.5088,0.006817,0.678801,-0.734323,0
550,9.1667,0.106683,0.1057,0.5098,0.000983,0.67559,-0.737277,0
551,9.1833,0.112617,0.1007,0.5217,0.011917,0.672367,-0.740218,0
552,9.2,0.11045,0.1044,0.5278,0.00605,0.669131,-0.743145,0
553,9.2167,0.1129,0.1044,0.5363,0.0085,0.665882,-0.746057,0
554,9.2333,0.11115,0.1047,0.5428,0.00645,0.66262,-0.748956,0
555,9.25,0.11135,0.1046,0.5495,0.00675,0.659346,-0.75184,0
556,9.2667,0.114583,0.1051,0.559,0.009483,0.656059,-0.75471,0
557,9.2833,0.1148,0.1063,0.5675,0.0085,0.65276,-0.757565,0
558,9.3,0.110983,0.104,0.5745,0.006983,0.649448,-0.760406,0
559,9.3167,0.114417,0.1046,0.5843,0.009817,0.646124,-0.763232,0
560,9.3333,0.114433,0.1047,0.594,0.009733,0.642788,-0.766044,0
561,9.35,0.11805,0.1035,0.6085,0.01455,0.639439,-0.768842,0
562,9.3667,0.114817,0.1033,0.62,0.011517,0.636078,-0.771625,0
563,9.3833,0.117683,0.1029,0.6348,0.014783,0.632705,-0.774393,0
564,9.4,0.117433,0.1039,0.6483,0.013533,0.62932,-0.777146,0
565,9.4167,0.1183,0.1043,0.6623,0.014,0.625923,-0.779884,0
566,9.4333,0.117417,0.1005,0.6792,0.016917,0.622515,-0.782608,0
567,9.45,0.119333,0.1036,0.6949,0.015733,0.619094,-0.785317,0
568,9.4667,0.120483,0.1036,0.7118,0.016883,0.615661,-0.788011,0
569,9.4833,0.122267,0.1073,0.7268,0.014967,0.612217,-0.79069,0
570,9.5,0.1179,0.1054,0.7393,0.0125,0.608761,-0.793353,0
571,9.5167,0.116183,0.1072,0.7483,0.008983,0.605294,-0.796002,0
572,9.5333,0.119933,0.1026,0.7656,0.017333,0.601815,-0.798636,0
573,9.55,0.120433,0.1047,0.7813,0.015733,0.598325,-0.801254,0
574,9.5667,0.122217,0.1073,0.7962,0.014917,0.594823,-0.803857,0
575,9.5833,0.122767,0.0318,0.8872,0.090967,0.59131,-0.806445,0
576,9.6,0.117767,0.0287,0.9763,0.089067,0.587785,-0.809017,0
577,9.6167,0.127383,0.0272,1.0765,0.100183,0.58425,-0.811574,0
578,9.6333,0.124333,0.0273,1.1735,0.097033,0.580703,-0.814116,0
579,9.65,0.124567,0.0309,1.2672,0.093667,0.577145,-0.816642,0
580,9.6667,0.120367,0.0292,1.3584,0.091167,0.573576,-0.819152,0
581,9.6833,0.121333,0.0273,1.4524,0.094033,0.569997,-0.821647,0
582,9.7,0.120967,0.0302,1.5432,0.090767,0.566406,-0.824126,0
583,9.7167,0.121683,0.0233,1.6416,0.098383,0.562805,-0.82659,0
584,9.7333,0.122633,0.0278,1.7364,0.094833,0.559193,-0.829038,0
585,9.75,0.128317,0.0269,1.8378,0.101417,0.55557,-0.83147,0
586,9.7667,0.12605,0.0262,1.9377,0.09985,0.551937,-0.833886,0
587,9.7833,0.129533,0.0268,2.0404,0.102733,0.548293,-0.836286,0
588,9.8,0.1259,0.0251,2.1412,0.1008,0.544639,-0.838671,0
589,9.8167,0.12505,0.0306,2.2356,0.09445,0.540974,-0.841039,0
590,9.8333,0.128017,0.0297,2.3339,0.098317,0.5373,-0.843391,0
591,9.85,0.126667,0.0256,2.435,0.101067,0.533615,-0.845728,0
592,9.8667,0.129283,0.0269,2.5374,0.102383,0.529919,-0.848048,0
593,9.8833,0.12775,0.0284,2.6367,0.09935,0.526214,-0.850352,0
594,9.9,0.12755,0.0243,2.7399,0.10325,0.522499,-0.85264,0
595,9.9167,0.123367,0.0298,2.8335,0.093567,0.518773,-0.854912,0
596,9.9333,0.127367,0.0281,2.9328,0.099267,0.515038,-0.857167,0
597,9.95,0.129367,0.0306,3.0316,0.098767,0.511293,-0.859406,0
598,9.9667,0.124817,0.0263,3.1301,0.098517,0.507538,-0.861629,0
599,9.9833,0.133083,0.0276,3.2356,0.105483,0.503774,-0.863836,0
600,10.0,0.132317,0.0263,3.3416,0.106017,0.5,-0.866025,0
601,10.0167,0.131117,0.028,3.4447,0.103117,0.496217,-0.868199,0
602,10.0333,0.130117,0.0269,3.5479,0.103217,0.492424,-0.870356,0
603,10.05,0.13095,0.0277,3.6511,0.10325,0.488621,-0.872496,0
604,10.0667,0.132967,0.0273,3.7568,0.105667,0.48481,-0.87462,0
605,10.0833,0.1304,0.0278,3.8594,0.1026,0.480989,-0.876727,0
606,10.1,0.13075,0.0268,3.9633,0.10395,0.477159,-0.878817,0
607,10.1167,0.127867,0.03,4.0612,0.097867,0.47332,-0.880891,0
608,10.1333,0.1333,0.0329,4.1616,0.1004,0.469472,-0.882948,0
609,10.15,0.131883,0.0282,4.2653,0.103683,0.465615,-0.884988,0
610,10.1667,0.133933,0.0261,4.3731,0.107833,0.461749,-0.887011,0
611,10.1833,0.13465,0.0277,4.48,0.10695,0.457874,-0.889017,0
612,10.2,0.133967,0.0248,4.5892,0.109167,0.45399,-0.891007,0
613,10.2167,0.132217,0.0266,4.6948,0.105617,0.450098,-0.892979,0
614,10.2333,0.128883,0.0264,4.7973,0.102483,0.446198,-0.894934,0
615,10.25,0.133767,0.0317,4.8994,0.102067,0.442289,-0.896873,0
616,10.2667,0.136883,0.029,5.0073,0.107883,0.438371,-0.898794,0
617,10.2833,0.136117,0.0291,5.1143,0.107017,0.434445,-0.900698,0
618,10.3,0.137783,0.028,5.2241,0.109783,0.430511,-0.902585,0
619,10.3167,0.1321,0.0274,5.3288,0.1047,0.426569,-0.904455,0
620,10.3333,0.134967,0.0301,5.4337,0.104867,0.422618,-0.906308,0
621,10.35,0.13895,0.0291,5.5436,0.10985,0.41866,-0.908143,0
622,10.3667,0.137183,0.0276,5.6532,0.109583,0.414693,-0.909961,0
623,10.3833,0.136,0.0296,5.7596,0.1064,0.410719,-0.911762,0
624,10.4,0.140383,0.0306,5.8694,0.109783,0.406737,-0.913545,0
625,10.4167,0.136783,0.0287,5.9775,0.108083,0.402747,-0.915311,0
626,10.4333,0.1377,0.0272,6.088,0.1105,0.398749,-0.91706,0
627,10.45,0.1345,0.0252,6.1973,0.1093,0.394744,-0.918791,0
628,10.4667,0.13975,0.0267,6.3104,0.11305,0.390731,-0.920505,0
629,10.4833,0.137767,0.0323,6.4159,0.105467,0.386711,-0.922201,0
630,10.5,0.137267,0.0294,6.5238,0.107867,0.382683,-0.92388,0
631,10.5167,0.136533,0.0285,6.6318,0.108033,0.378649,-0.925541,0
632,10.5333,0.137883,0.0298,6.7399,0.108083,0.374607,-0.927184,0
633,10.55,0.140633,0.0275,6.853,0.113133,0.370557,-0.92881,0
634,10.5667,0.139283,0.0243,6.968,0.114983,0.366501,-0.930418,0
635,10.5833,0.13705,0.0316,7.0735,0.10545,0.362438,-0.932008,0
636,10.6,0.138533,0.0274,7.1846,0.111133,0.358368,-0.93358,0
637,10.6167,0.140383,0.03,7.295,0.110383,0.354291,-0.935135,0
638,10.6333,0.1455,0.0299,7.4106,0.1156,0.350207,-0.936672,0
639,10.65,0.1386,0.0278,7.5214,0.1108,0.346117,-0.938191,0
640,10.6667,0.142467,0.0296,7.6343,0.112867,0.34202,-0.939693,0
641,10.6833,0.140233,0.0872,7.6873,0.053033,0.337917,-0.941176,0
642,10.7,0.144317,0.0864,7.7452,0.057917,0.333807,-0.942641,0
643,10.7167,0.13655,0.0869,7.7948,0.04965,0.329691,-0.944089,0
644,10.7333,0.138483,0.0898,7.8435,0.048683,0.325568,-0.945519,0
645,10.75,0.140933,0.086,7.8984,0.054933,0.321439,-0.94693,0
646,10.7667,0.146683,0.0889,7.9562,0.057783,0.317305,-0.948324,0
647,10.7833,0.1427,0.0832,8.0157,0.0595,0.313164,-0.949699,0
648,10.8,0.1427,0.0862,8.0722,0.0565,0.309017,-0.951057,0
649,10.8167,0.140217,0.0845,8.1279,0.055717,0.304864,-0.952396,0
650,10.8333,0.145933,0.0821,8.1917,0.063833,0.300706,-0.953717,0
651,10.85,0.145667,0.0899,8.2475,0.055767,0.296542,-0.95502,0
652,10.8667,0.142683,0.0854,8.3048,0.057283,0.292372,-0.956305,0
653,10.8833,0.1425,0.0894,8.3579,0.0531,0.288196,-0.957571,0
654,10.9,0.1416,0.0845,8.415,0.0571,0.284015,-0.95882,0
655,10.9167,0.144517,0.089,8.4705,0.055517,0.279829,-0.96005,0
656,10.9333,0.1469,0.0862,8.5312,0.0607,0.275637,-0.961262,0
657,10.95,0.14035,0.0878,8.5838,0.05255,0.27144,-0.962455,0
658,10.9667,0.146283,0.086,8.6441,0.060283,0.267238,-0.96363,0
659,10.9833,0.142317,0.0899,8.6965,0.052417,0.263031,-0.964787,0
660,11.0,0.140033,0.0889,8.7476,0.051133,0.258819,-0.965926,0
661,11.0167,0.146733,0.0883,8.806,0.058433,0.254602,-0.967046,0
662,11.0333,0.147067,0.0874,8.8657,0.059667,0.25038,-0.968148,0
663,11.05,0.141117,0.0853,8.9215,0.055817,0.246153,-0.969231,0
664,11.0667,0.14615,0.0905,8.9772,0.05565,0.241922,-0.970296,0
665,11.0833,0.14575,0.0833,9.0396,0.06245,0.237686,-0.971342,0
666,11.1,0.145917,0.0886,9.0969,0.057317,0.233445,-0.97237,0
667,11.1167,0.14675,0.0873,9.1564,0.05945,0.2292,-0.973379,0
668,11.1333,0.14985,0.0862,9.2201,0.06365,0.224951,-0.97437,0
669,11.15,0.147617,0.0884,9.2793,0.059217,0.220697,-0.975342,0
670,11.1667,0.1485,0.0842,9.3436,0.0643,0.21644,-0.976296,0
671,11.1833,0.147,0.0845,9.4061,0.0625,0.212178,-0.977231,0
672,11.2,0.14755,0.086,9.4677,0.06155,0.207912,-0.978148,0
673,11.2167,0.1449,0.0301,9.5825,0.1148,0.203642,-0.979045,0
674,11.2333,0.148317,0.0245,9.7063,0.123817,0.199368,-0.979925,0
675,11.25,0.145933,0.0288,9.8234,0.117133,0.19509,-0.980785,0
676,11.2667,0.150283,0.027,9.9467,0.123283,0.190809,-0.981627,0
677,11.2833,0.14605,0.0263,10.0664,0.11975,0.186524,-0.98245,0
678,11.3,0.1466,0.0273,10.1857,0.1193,0.182236,-0.983255,0
679,11.3167,0.148967,0.0283,10.3064,0.120667,0.177944,-0.984041,0
680,11.3333,0.1455,0.0282,10.4237,0.1173,0.173648,-0.984808,0
681,11.35,0.14365,0.0288,10.5385,0.11485,0.16935,-0.985556,0
682,11.3667,0.148067,0.0271,10.6595,0.120967,0.165048,-0.986286,0
683,11.3833,0.151367,0.0324,10.7785,0.118967,0.160743,-0.986996,0
684,11.4,0.1479,0.0286,10.8978,0.1193,0.156434,-0.987688,0
685,11.4167,0.147567,0.0304,11.015,0.117167,0.152123,-0.988362,0
686,11.4333,0.148667,0.028,11.1357,0.120667,0.147809,-0.989016,0
687,11.45,0.147683,0.0279,11.2555,0.119783,0.143493,-0.989651,0
688,11.4667,0.1487,0.0278,11.3764,0.1209,0.139173,-0.990268,0
689,11.4833,0.147733,0.0297,11.4944,0.118033,0.134851,-0.990866,0
690,11.5,0.14895,0.0239,11.6195,0.12505,0.130526,-0.991445,0
691,11.5167,0.154717,0.0268,11.7474,0.127917,0.126199,-0.992005,0
692,11.5333,0.150467,0.03,11.8679,0.120467,0.121869,-0.992546,0
693,11.55,0.152117,0.0313,11.9887,0.120817,0.117537,-0.993068,0
694,11.5667,0.152783,0.0285,12.113,0.124283,0.113203,-0.993572,0
695,11.5833,0.149217,0.0279,12.2343,0.121317,0.108867,-0.994056,0
696,11.6,0.1465,0.0273,12.3535,0.1192,0.104528,-0.994522,0
697,11.6167,0.14585,0.0294,12.4699,0.11645,0.100188,-0.994969,0
698,11.6333,0.1483,0.0259,12.5923,0.1224,0.095846,-0.995396,0
699,11.65,0.150167,0.0292,12.7133,0.120967,0.091502,-0.995805,0
700,11.6667,0.148783,0.0285,12.8336,0.120283,0.087156,-0.996195,0
701,11.6833,0.1479,0.0275,12.954,0.1204,0.082808,-0.996566,0
702,11.7,0.149317,0.0283,13.075,0.121017,0.078459,-0.996917,0
703,11.7167,0.1511,0.0294,13.1967,0.1217,0.074108,-0.99725,0
704,11.7333,0.1476,0.0276,13.3167,0.12,0.069756,-0.997564,0
705,11.75,0.149367,0.0307,13.4354,0.118667,0.065403,-0.997859,0
706,11.7667,0.1496,0.0258,13.5592,0.1238,0.061049,-0.998135,0
707,11.7833,0.150533,0.0265,13.6832,0.124033,0.056693,-0.998392,0
708,11.8,0.150517,0.0285,13.8052,0.122017,0.052336,-0.99863,0
709,11.8167,0.150333,0.0311,13.9244,0.119233,0.047978,-0.998848,0
710,11.8333,0.151133,0.0251,14.0504,0.126033,0.043619,-0.999048,0
711,11.85,0.154383,0.0252,14.1796,0.129183,0.03926,-0.999229,0
712,11.8667,0.151233,0.0267,14.3041,0.124533,0.034899,-0.999391,0
713,11.8833,0.1526,0.0265,14.4302,0.1261,0.030539,-0.999534,0
714,11.9,0.149917,0.0302,14.5499,0.119717,0.026177,-0.999657,0
715,11.9167,0.15075,0.0287,14.6719,0.12205,0.021815,-0.999762,0
716,11.9333,0.150183,0.0258,14.7963,0.124383,0.017452,-0.999848,0
717,11.95,0.1494,0.032,14.9137,0.1174,0.01309,-0.999914,0
718,11.9667,0.145183,0.028,15.0,0.117183,0.008727,-0.999962,0
719,11.9833,0.1544,0.029,15.0,0.1254,0.004363,-0.99999,0
720,12.0,0.151917,0.0259,15.0,0.126017,0.0,-1.0,0
721,12.0167,0.148117,0.0317,15.0,0.116417,-0.004363,-0.99999,0
722,12.0333,0.148917,0.0273,15.0,0.121617,-0.008727,-0.999962,0
723,12.05,0.154117,0.0278,15.0,0.126317,-0.01309,-0.999914,0
724,12.0667,0.15035,0.0307,15.0,0.11965,-0.017452,-0.999848,0
725,12.0833,0.1524,0.0235,15.0,0.1289,-0.021815,-0.999762,0
726,12.1,0.1507,0.0289,15.0,0.1218,-0.026177,-0.999657,0
727,12.1167,0.149583,0.0269,15.0,0.122683,-0.030539,-0.999534,0
728,12.1333,0.149883,0.0273,15.0,0.122583,-0.034899,-0.999391,0
729,12.15,0.149183,0.0274,15.0,0.121783,-0.03926,-0.999229,0
730,12.1667,0.15195,0.0297,15.0,0.12225,-0.043619,-0.999048,0
731,12.1833,0.1505,0.0304,15.0,0.1201,-0.047978,-0.998848,0
732,12.2,0.15455,0.0279,15.0,0.12665,-0.052336,-0.99863,0
733,12.2167,0.1512,0.0262,15.0,0.125,-0.056693,-0.998392,0
734,12.2333,0.15425,0.0309,15.0,0.12335,-0.061049,-0.998135,0
735,12.25,0.150233,0.0281,15.0,0.122133,-0.065403,-0.997859,0
736,12.2667,0.148867,0.0253,15.0,0.123567,-0.069756,-0.997564,0
737,12.2833,0.1514,0.0296,15.0,0.1218,-0.074108,-0.99725,0
738,12.3,0.148233,0.0242,15.0,0.124033,-0.078459,-0.996917,0
739,12.3167,0.150283,0.0282,15.0,0.122083,-0.082808,-0.996566,0
740,12.3333,0.151917,0.0284,15.0,0.123517,-0.087156,-0.996195,0
741,12.35,0.1435,0.0303,15.0,0.1132,-0.091502,-0.995805,0
742,12.3667,0.152583,0.0271,15.0,0.125483,-0.095846,-0.995396,0
743,12.3833,0.1523,0.03,15.0,0.1223,-0.100188,-0.994969,0
744,12.4,0.153433,0.028,15.0,0.125433,-0.104528,-0.994522,0
745,12.4167,0.152933,0.0274,15.0,0.125533,-0.108867,-0.994056,0
746,12.4333,0.146117,0.03,15.0,0.116117,-0.113203,-0.993572,0
747,12.45,0.146617,0.0281,15.0,0.118517,-0.117537,-0.993068,0
748,12.4667,0.149633,0.0306,15.0,0.119033,-0.121869,-0.992546,0
749,12.4833,0.147183,0.0329,15.0,0.114283,-0.126199,-0.992005,0
750,12.5,0.149283,0.0296,15.0,0.119683,-0.130526,-0.991445,0
751,12.5167,0.150917,0.0317,15.0,0.119217,-0.134851,-0.990866,0
752,12.5333,0.146017,0.0277,15.0,0.118317,-0.139173,-0.990268,0
753,12.55,0.149383,0.0251,15.0,0.124283,-0.143493,-0.989651,0
754,12.5667,0.141317,0.0277,15.0,0.113617,-0.147809,-0.989016,0
755,12.5833,0.14745,0.0309,15.0,0.11655,-0.152123,-0.988362,0
756,12.6,0.153967,0.0296,15.0,0.124367,-0.156434,-0.987688,0
757,12.6167,0.143117,0.0264,15.0,0.116717,-0.160743,-0.986996,0
758,12.6333,0.14915,0.0313,15.0,0.11785,-0.165048,-0.986286,0
759,12.65,0.150017,0.0259,15.0,0.124117,-0.16935,-0.985556,0
760,12.6667,0.149417,0.0269,15.0,0.122517,-0.173648,-0.984808,0
761,12.6833,0.146117,0.0276,15.0,0.118517,-0.177944,-0.984041,0
762,12.7,0.1475,0.0264,15.0,0.1211,-0.182236,-0.983255,0
763,12.7167,0.147283,0.0293,15.0,0.117983,-0.186524,-0.98245,0
764,12.7333,0.149167,0.0277,15.0,0.121467,-0.190809,-0.981627,0
765,12.75,0.14525,0.026,15.0,0.11925,-0.19509,-0.980785,0
766,12.7667,0.14965,0.0266,15.0,0.12305,-0.199368,-0.979925,0
767,12.7833,0.143967,0.0283,15.0,0.115667,-0.203642,-0.979045,0
768,12.8,0.150817,0.0316,15.0,0.119217,-0.207912,-0.978148,0
769,12.8167,0.145733,0.0281,15.0,0.117633,-0.212178,-0.977231,0
770,12.8333,0.150767,0.0293,15.0,0.121467,-0.21644,-0.976296,0
771,12.85,0.1462,0.0274,15.0,0.1188,-0.220697,-0.975342,0
772,12.8667,0.148217,0.031,15.0,0.117217,-0.224951,-0.97437,0
773,12.8833,0.1499,0.0296,15.0,0.1203,-0.2292,-0.973379,0
774,12.9,0.14305,0.026,15.0,0.11705,-0.233445,-0.97237,0
775,12.9167,0.1479,0.0319,15.0,0.116,-0.237686,-0.971342,0
776,12.9333,0.142767,0.0293,15.0,0.113467,-0.241922,-0.970296,0
777,12.95,0.143333,0.0293,15.0,0.114033,-0.246153,-0.969231,0
778,12.9667,0.142967,0.0293,15.0,0.113667,-0.25038,-0.968148,0
779,12.9833,0.146717,0.0306,15.0,0.116117,-0.254602,-0.967046,0
780,13.0,0.13955,0.0275,15.0,0.11205,-0.258819,-0.965926,0
781,13.0167,0.144917,0.0282,15.0,0.116717,-0.263031,-0.964787,0
782,13.0333,0.1447,0.0265,15.0,0.1182,-0.267238,-0.96363,0
783,13.05,0.1394,0.0326,15.0,0.1068,-0.27144,-0.962455,0
784,13.0667,0.139383,0.026,15.0,0.113383,-0.275637,-0.961262,0
785,13.0833,0.14285,0.0314,15.0,0.11145,-0.279829,-0.96005,0
786,13.1,0.140033,0.0254,15.0,0.114633,-0.284015,-0.95882,0
787,13.1167,0.1428,0.0301,15.0,0.1127,-0.288196,-0.957571,0
788,13.1333,0.145433,0.0313,15.0,0.114133,-0.292372,-0.956305,0
789,13.15,0.145167,0.0276,15.0,0.117567,-0.296542,-0.95502,0
790,13.1667,0.14145,0.0289,15.0,0.11255,-0.300706,-0.953717,0
791,13.1833,0.14205,0.0275,15.0,0.11455,-0.304864,-0.952396,0
792,13.2,0.1465,0.0307,15.0,0.1158,-0.309017,-0.951057,0
793,13.2167,0.139067,0.0275,15.0,0.111567,-0.313164,-0.949699,0
794,13.2333,0.14355,0.029,15.0,0.11455,-0.317305,-0.948324,0
795,13.25,0.14365,0.0331,15.0,0.11055,-0.321439,-0.94693,0
796,13.2667,0.143117,0.0306,15.0,0.112517,-0.325568,-0.945519,0
797,13.2833,0.139017,0.0276,15.0,0.111417,-0.329691,-0.944089,0
798,13.3,0.142417,0.0316,15.0,0.110817,-0.333807,-0.942641,0
799,13.3167,0.14265,0.0295,15.0,0.11315,-0.337917,-0.941176,0
800,13.3333,0.14355,0.026,15.0,0.11755,-0.34202,-0.939693,0
801,13.35,0.144317,0.028,15.0,0.116317,-0.346117,-0.938191,0
802,13.3667,0.1377,0.0294,15.0,0.1083,-0.350207,-0.936672,0
803,13.3833,0.14075,0.0282,15.0,0.11255,-0.354291,-0.935135,0
804,13.4,0.137367,0.0324,15.0,0.104967,-0.358368,-0.93358,0
805,13.4167,0.137233,0.0287,15.0,0.108533,-0.362438,-0.932008,0
806,13.4333,0.1352,0.027,15.0,0.1082,-0.366501,-0.930418,0
807,13.45,0.138967,0.0274,15.0,0.111567,-0.370557,-0.92881,0
808,13.4667,0.1349,0.0243,15.0,0.1106,-0.374607,-0.927184,0
809,13.4833,0.1388,0.031,15.0,0.1078,-0.378649,-0.925541,0
810,13.5,0.136617,0.0282,15.0,0.108417,-0.382683,-0.92388,0
811,13.5167,0.133183,0.0252,15.0,0.107983,-0.386711,-0.922201,0
812,13.5333,0.136933,0.0264,15.0,0.110533,-0.390731,-0.920505,0
813,13.55,0.136383,0.0257,15.0,0.110683,-0.394744,-0.918791,0
814,13.5667,0.135667,0.0281,15.0,0.107567,-0.398749,-0.91706,0
815,13.5833,0.137383,0.0291,15.0,0.108283,-0.402747,-0.915311,0
816,13.6,0.13915,0.0306,15.0,0.10855,-0.406737,-0.913545,0
817,13.6167,0.133533,0.0269,15.0,0.106633,-0.410719,-0.911762,0
818,13.6333,0.134233,0.0304,15.0,0.103833,-0.414693,-0.909961,0
819,13.65,0.131767,0.0278,15.0,0.103967,-0.41866,-0.908143,0
820,13.6667,0.13935,0.024,15.0,0.11535,-0.422618,-0.906308,0
821,13.6833,0.134583,0.0305,15.0,0.104083,-0.426569,-0.904455,0
822,13.7,0.132433,0.0281,15.0,0.104333,-0.430511,-0.902585,0
823,13.7167,0.137133,0.027,15.0,0.110133,-0.434445,-0.900698,0
824,13.7333,0.136183,0.03,15.0,0.106183,-0.438371,-0.898794,0
825,13.75,0.135517,0.0294,15.0,0.106117,-0.442289,-0.896873,0
826,13.7667,0.131217,0.0296,15.0,0.101617,-0.446198,-0.894934,0
827,13.7833,0.13745,0.0309,15.0,0.10655,-0.450098,-0.892979,0
828,13.8,0.13175,0.03,15.0,0.10175,-0.45399,-0.891007,0
829,13.8167,0.13665,0.0305,15.0,0.10615,-0.457874,-0.889017,0
830,13.8333,0.131867,0.0292,15.0,0.102667,-0.461749,-0.887011,0
831,13.85,0.138683,0.0315,15.0,0.107183,-0.465615,-0.884988,0
832,13.8667,0.129167,0.0265,15.0,0.102667,-0.469472,-0.882948,0
833,13.8833,0.1299,0.0266,15.0,0.1033,-0.47332,-0.880891,0
834,13.9,0.132767,0.0308,15.0,0.101967,-0.477159,-0.878817,0
835,13.9167,0.132533,0.0283,15.0,0.104233,-0.480989,-0.876727,0
836,13.9333,0.13185,0.029,15.0,0.10285,-0.48481,-0.87462,0
837,13.95,0.130017,0.0287,15.0,0.101317,-0.488621,-0.872496,0
838,13.9667,0.131017,0.0291,15.0,0.101917,-0.492424,-0.870356,0
839,13.9833,0.130817,0.0284,15.0,0.102417,-0.496217,-0.868199,0
840,14.0,0.129983,0.0295,15.0,0.100483,-0.5,-0.866025,0
841,14.0167,0.12945,0.0275,15.0,0.10195,-0.503774,-0.863836,0
842,14.0333,0.1316,0.0265,15.0,0.1051,-0.507538,-0.861629,0
843,14.05,0.13125,0.0266,15.0,0.10465,-0.511293,-0.859406,0
844,14.0667,0.1297,0.0269,15.0,0.1028,-0.515038,-0.857167,0
845,14.0833,0.125417,0.0274,15.0,0.098017,-0.518773,-0.854912,0
846,14.1,0.12725,0.0294,15.0,0.09785,-0.522499,-0.85264,0
847,14.1167,0.13,0.0302,15.0,0.0998,-0.526214,-0.850352,0
848,14.1333,0.128067,0.0279,15.0,0.100167,-0.529919,-0.848048,0
849,14.15,0.132667,0.0287,15.0,0.103967,-0.533615,-0.845728,0
850,14.1667,0.127567,0.0286,15.0,0.098967,-0.5373,-0.843391,0
851,14.1833,0.12875,0.0292,15.0,0.09955,-0.540974,-0.841039,0
852,14.2,0.121417,0.0267,15.0,0.094717,-0.544639,-0.838671,0
853,14.2167,0.125533,0.0288,15.0,0.096733,-0.548293,-0.836286,0
854,14.2333,0.122983,0.0292,15.0,0.093783,-0.551937,-0.833886,0
855,14.25,0.12345,0.0327,15.0,0.09075,-0.55557,-0.83147,0
856,14.2667,0.1222,0.0283,15.0,0.0939,-0.559193,-0.829038,0
857,14.2833,0.12425,0.0276,15.0,0.09665,-0.562805,-0.82659,0
858,14.3,0.12085,0.0307,15.0,0.09015,-0.566406,-0.824126,0
859,14.3167,0.125117,0.0303,15.0,0.094817,-0.569997,-0.821647,0
860,14.3333,0.125683,0.027,15.0,0.098683,-0.573576,-0.819152,0
861,14.35,0.121367,0.0306,15.0,0.090767,-0.577145,-0.816642,0
862,14.3667,0.12355,0.0292,15.0,0.09435,-0.580703,-0.814116,0
863,14.3833,0.118333,0.0286,15.0,0.089733,-0.58425,-0.811574,0
864,14.4,0.120883,0.0298,15.0,0.091083,-0.587785,-0.809017,0
865,14.4167,0.1234,0.026,15.0,0.0974,-0.59131,-0.806445,0
866,14.4333,0.121633,0.0279,15.0,0.093733,-0.594823,-0.803857,0
867,14.45,0.118117,0.0272,15.0,0.090917,-0.598325,-0.801254,0
868,14.4667,0.123033,0.027,15.0,0.096033,-0.601815,-0.798636,0
869,14.4833,0.117117,0.0318,15.0,0.085317,-0.605294,-0.796002,0
870,14.5,0.11045,0.0227,15.0,0.08775,-0.608761,-0.793353,0
871,14.5167,0.119067,0.0304,15.0,0.088667,-0.612217,-0.79069,0
872,14.5333,0.117883,0.029,15.0,0.088883,-0.615661,-0.788011,0
873,14.55,0.117017,0.0269,15.0,0.090117,-0.619094,-0.785317,0
874,14.5667,0.118117,0.0282,15.0,0.089917,-0.622515,-0.782608,0
875,14.5833,0.116017,0.0309,15.0,0.085117,-0.625923,-0.779884,0
876,14.6,0.11355,0.0301,15.0,0.08345,-0.62932,-0.777146,0
877,14.6167,0.113533,0.0269,15.0,0.086633,-0.632705,-0.774393,0
878,14.6333,0.120433,0.03,15.0,0.090433,-0.636078,-0.771625,0
879,14.65,0.118617,0.0236,15.0,0.095017,-0.639439,-0.768842,0
880,14.6667,0.113667,0.0293,15.0,0.084367,-0.642788,-0.766044,0
881,14.6833,0.114067,0.0268,15.0,0.087267,-0.646124,-0.763232,0
882,14.7,0.113617,0.0271,15.0,0.086517,-0.649448,-0.760406,0
883,14.7167,0.112,0.0275,15.0,0.0845,-0.65276,-0.757565,0
884,14.7333,0.115317,0.0304,15.0,0.084917,-0.656059,-0.75471,0
885,14.75,0.114883,0.028,15.0,0.086883,-0.659346,-0.75184,0
886,14.7667,0.11935,0.0299,15.0,0.08945,-0.66262,-0.748956,0
887,14.7833,0.1158,0.0315,15.0,0.0843,-0.665882,-0.746057,0
888,14.8,0.114783,0.0317,15.0,0.083083,-0.669131,-0.743145,0
889,14.8167,0.112133,0.0283,15.0,0.083833,-0.672367,-0.740218,0
890,14.8333,0.114433,0.0269,15.0,0.087533,-0.67559,-0.737277,0
891,14.85,0.105583,0.0295,15.0,0.076083,-0.678801,-0.734323,0
892,14.8667,0.107167,0.0301,15.0,0.077067,-0.681998,-0.731354,0
893,14.8833,0.10865,0.03,15.0,0.07865,-0.685183,-0.728371,0
894,14.9,0.10355,0.0273,15.0,0.07625,-0.688355,-0.725374,0
895,14.9167,0.107883,0.0309,15.0,0.076983,-0.691513,-0.722364,0
896,14.9333,0.110333,0.0299,15.0,0.080433,-0.694658,-0.71934,0
897,14.95,0.1093,0.0295,15.0,0.0798,-0.69779,-0.716302,0
898,14.9667,0.106767,0.0303,15.0,0.076467,-0.700909,-0.71325,0
899,14.9833,0.10695,0.0303,15.0,0.07665,-0.704015,-0.710185,0
900,15.0,0.10445,0.0289,15.0,0.07555,-0.707107,-0.707107,0
901,15.0167,0.100183,0.0266,15.0,0.073583,-0.710185,-0.704015,0
902,15.0333,0.106283,0.0318,15.0,0.074483,-0.71325,-0.700909,0
903,15.05,0.102917,0.0281,15.0,0.074817,-0.716302,-0.69779,0
904,15.0667,0.10705,0.0256,15.0,0.08145,-0.71934,-0.694658,0
905,15.0833,0.103867,0.029,15.0,0.074867,-0.722364,-0.691513,0
906,15.1,0.103183,0.0304,15.0,0.072783,-0.725374,-0.688355,0
907,15.1167,0.100267,0.0283,15.0,0.071967,-0.728371,-0.685183,0
908,15.1333,0.101067,0.0297,15.0,0.071367,-0.731354,-0.681998,0
909,15.15,0.0998,0.0298,15.0,0.07,-0.734323,-0.678801,0
910,15.1667,0.101417,0.0275,15.0,0.073917,-0.737277,-0.67559,0
911,15.1833,0.10025,0.0327,15.0,0.06755,-0.740218,-0.672367,0
912,15.2,0.098317,0.0308,15.0,0.067517,-0.743145,-0.669131,0
913,15.2167,0.100967,0.0305,15.0,0.070467,-0.746057,-0.665882,0
914,15.2333,0.100817,0.0283,15.0,0.072517,-0.748956,-0.66262,0
915,15.25,0.097317,0.0296,15.0,0.067717,-0.75184,-0.659346,0
916,15.2667,0.096333,0.03,15.0,0.066333,-0.75471,-0.656059,0
917,15.2833,0.099683,0.0291,15.0,0.070583,-0.757565,-0.65276,0
918,15.3,0.1012,0.0277,15.0,0.0735,-0.760406,-0.649448,0
919,15.3167,0.0938,0.0305,15.0,0.0633,-0.763232,-0.646124,0
920,15.3333,0.098633,0.0282,15.0,0.070433,-0.766044,-0.642788,0
921,15.35,0.0936,0.028,15.0,0.0656,-0.768842,-0.639439,0
922,15.3667,0.101267,0.0308,15.0,0.070467,-0.771625,-0.636078,0
923,15.3833,0.094033,0.0248,15.0,0.069233,-0.774393,-0.632705,0
924,15.4,0.096517,0.0307,15.0,0.065817,-0.777146,-0.62932,0
925,15.4167,0.098967,0.026,15.0,0.072967,-0.779884,-0.625923,0
926,15.4333,0.095467,0.0265,15.0,0.068967,-0.782608,-0.622515,0
927,15.45,0.086733,0.0294,15.0,0.057333,-0.785317,-0.619094,0
928,15.4667,0.090533,0.028,15.0,0.062533,-0.788011,-0.615661,0
929,15.4833,0.090283,0.0288,15.0,0.061483,-0.79069,-0.612217,0
930,15.5,0.09045,0.0266,15.0,0.06385,-0.793353,-0.608761,0
931,15.5167,0.093983,0.0297,15.0,0.064283,-0.796002,-0.605294,0
932,15.5333,0.089317,0.0293,15.0,0.060017,-0.798636,-0.601815,0
933,15.55,0.08995,0.0309,15.0,0.05905,-0.801254,-0.598325,0
934,15.5667,0.0903,0.029,15.0,0.0613,-0.803857,-0.594823,0
935,15.5833,0.0873,0.0305,15.0,0.0568,-0.806445,-0.59131,0
936,15.6,0.090933,0.027,15.0,0.063933,-0.809017,-0.587785,0
937,15.6167,0.085833,0.0311,15.0,0.054733,-0.811574,-0.58425,0
938,15.6333,0.08795,0.0297,15.0,0.05825,-0.814116,-0.580703,0
939,15.65,0.0882,0.0291,15.0,0.0591,-0.816642,-0.577145,0
940,15.6667,0.0876,0.0275,15.0,0.0601,-0.819152,-0.573576,0
941,15.6833,0.087183,0.0301,15.0,0.057083,-0.821647,-0.569997,0
942,15.7,0.086367,0.0292,15.0,0.057167,-0.824126,-0.566406,0
943,15.7167,0.083467,0.0266,15.0,0.056867,-0.82659,-0.562805,0
944,15.7333,0.08375,0.0317,15.0,0.05205,-0.829038,-0.559193,0
945,15.75,0.089117,0.0317,15.0,0.057417,-0.83147,-0.55557,0
946,15.7667,0.077633,0.0281,15.0,0.049533,-0.833886,-0.551937,0
947,15.7833,0.08025,0.0274,15.0,0.05285,-0.836286,-0.548293,0
948,15.8,0.084017,0.0289,15.0,0.055117,-0.838671,-0.544639,0
949,15.8167,0.08115,0.0296,15.0,0.05155,-0.841039,-0.540974,0
950,15.8333,0.083633,0.0264,15.0,0.057233,-0.843391,-0.5373,0
951,15.85,0.076733,0.0326,15.0,0.044133,-0.845728,-0.533615,0
952,15.8667,0.079483,0.0262,15.0,0.053283,-0.848048,-0.529919,0
953,15.8833,0.07495,0.0295,15.0,0.04545,-0.850352,-0.526214,0
954,15.9,0.07845,0.029,15.0,0.04945,-0.85264,-0.522499,0
955,15.9167,0.073067,0.027,15.0,0.046067,-0.854912,-0.518773,0
956,15.9333,0.074017,0.0314,15.0,0.042617,-0.857167,-0.515038,0
957,15.95,0.07905,0.0311,15.0,0.04795,-0.859406,-0.511293,0
958,15.9667,0.075517,0.028,15.0,0.047517,-0.861629,-0.507538,0
959,15.9833,0.076817,0.0274,15.0,0.049417,-0.863836,-0.503774,0
960,16.0,0.077,0.0277,15.0,0.0493,-0.866025,-0.5,0
961,16.0167,0.078483,0.0281,15.0,0.050383,-0.868199,-0.496217,0
962,16.0333,0.07105,0.0286,15.0,0.04245,-0.870356,-0.492424,0
963,16.05,0.07285,0.0284,15.0,0.04445,-0.872496,-0.488621,0
964,16.0667,0.075867,0.0308,15.0,0.045067,-0.87462,-0.48481,0
965,16.0833,0.0765,0.0294,15.0,0.0471,-0.876727,-0.480989,0
966,16.1,0.07035,0.0285,15.0,0.04185,-0.878817,-0.477159,0
967,16.1167,0.069783,0.029,15.0,0.040783,-0.880891,-0.47332,0
968,16.1333,0.0705,0.0353,15.0,0.0352,-0.882948,-0.469472,0
969,16.15,0.0716,0.0267,15.0,0.0449,-0.884988,-0.465615,0
970,16.1667,0.06965,0.0284,15.0,0.04125,-0.887011,-0.461749,0
971,16.1833,0.06705,0.0254,15.0,0.04165,-0.889017,-0.457874,0
972,16.2,0.066167,0.0339,15.0,0.032267,-0.891007,-0.45399,0
973,16.2167,0.066867,0.0285,15.0,0.038367,-0.892979,-0.450098,0
974,16.2333,0.068783,0.0301,15.0,0.038683,-0.894934,-0.446198,0
975,16.25,0.0674,0.0276,15.0,0.0398,-0.896873,-0.442289,0
976,16.2667,0.0642,0.0318,15.0,0.0324,-0.898794,-0.438371,0
977,16.2833,0.068533,0.0275,15.0,0.041033,-0.900698,-0.434445,0
978,16.3,0.06335,0.0287,15.0,0.03465,-0.902585,-0.430511,0
979,16.3167,0.05975,0.0283,15.0,0.03145,-0.904455,-0.426569,0
980,16.3333,0.0639,0.0277,15.0,0.0362,-0.906308,-0.422618,0
981,16.35,0.058533,0.0294,15.0,0.029133,-0.908143,-0.41866,0
982,16.3667,0.06305,0.0289,15.0,0.03415,-0.909961,-0.414693,0
983,16.3833,0.057817,0.0281,15.0,0.029717,-0.911762,-0.410719,0
984,16.4,0.0537,0.0262,15.0,0.0275,-0.913545,-0.406737,0
985,16.4167,0.056983,0.0293,15.0,0.027683,-0.915311,-0.402747,0
986,16.4333,0.062733,0.0306,15.0,0.032133,-0.91706,-0.398749,0
987,16.45,0.05795,0.029,15.0,0.02895,-0.918791,-0.394744,0
988,16.4667,0.057917,0.0293,15.0,0.028617,-0.920505,-0.390731,0
989,16.4833,0.060483,0.0307,15.0,0.029783,-0.922201,-0.386711,0
990,16.5,0.059867,0.0292,15.0,0.030667,-0.92388,-0.382683,0
991,16.5167,0.053783,0.029,15.0,0.024783,-0.925541,-0.378649,0
992,16.5333,0.05525,0.0298,15.0,0.02545,-0.927184,-0.374607,0
993,16.55,0.052467,0.0288,15.0,0.023667,-0.92881,-0.370557,0
994,16.5667,0.060317,0.0277,15.0,0.032617,-0.930418,-0.366501,0
995,16.5833,0.055733,0.0309,15.0,0.024833,-0.932008,-0.362438,0
996,16.6,0.05485,0.0293,15.0,0.02555,-0.93358,-0.358368,0
997,16.6167,0.054717,0.0294,15.0,0.025317,-0.935135,-0.354291,0
998,16.6333,0.046267,0.0265,15.0,0.019767,-0.936672,-0.350207,0
999,16.65,0.05535,0.0315,15.0,0.02385,-0.938191,-0.346117,0
1000,16.6667,0.047417,0.0295,15.0,0.017917,-0.939693,-0.34202,0
1001,16.6833,0.0499,0.0292,15.0,0.0207,-0.941176,-0.337917,0
1002,16.7,0.047583,0.0316,15.0,0.015983,-0.942641,-0.333807,0
1003,16.7167,0.052017,0.0306,15.0,0.021417,-0.944089,-0.329691,0
1004,16.7333,0.047533,0.0253,15.0,0.022233,-0.945519,-0.325568,0
1005,16.75,0.049,0.0318,15.0,0.0172,-0.94693,-0.321439,0
1006,16.7667,0.048,0.0305,15.0,0.0175,-0.948324,-0.317305,0
1007,16.7833,0.048617,0.0301,15.0,0.018517,-0.949699,-0.313164,0
1008,16.8,0.046417,0.0288,15.0,0.017617,-0.951057,-0.309017,0
1009,16.8167,0.048483,0.026,15.0,0.022483,-0.952396,-0.304864,0
1010,16.8333,0.048867,0.0319,15.0,0.016967,-0.953717,-0.300706,0
1011,16.85,0.043,0.0272,15.0,0.0158,-0.95502,-0.296542,0
1012,16.8667,0.043083,0.0269,15.0,0.016183,-0.956305,-0.292372,0
1013,16.8833,0.0437,0.0319,15.0,0.0118,-0.957571,-0.288196,0
1014,16.9,0.0432,0.0316,15.0,0.0116,-0.95882,-0.284015,0
1015,16.9167,0.043567,0.0278,15.0,0.015767,-0.96005,-0.279829,0
1016,16.9333,0.039683,0.0271,15.0,0.012583,-0.961262,-0.275637,0
1017,16.95,0.0407,0.031,15.0,0.0097,-0.962455,-0.27144,0
1018,16.9667,0.03725,0.029,15.0,0.00825,-0.96363,-0.267238,0
1019,16.9833,0.041917,0.0294,15.0,0.012517,-0.964787,-0.263031,0
1020,17.0,0.034433,0.0261,15.0,0.008333,-0.965926,-0.258819,0
1021,17.0167,0.0374,0.0294,15.0,0.008,-0.967046,-0.254602,0
1022,17.0333,0.041583,0.0253,15.0,0.016283,-0.968148,-0.25038,0
1023,17.05,0.03615,0.0317,15.0,0.00445,-0.969231,-0.246153,0
1024,17.0667,0.034733,0.0279,15.0,0.006833,-0.970296,-0.241922,0
1025,17.0833,0.036033,0.0228,15.0,0.013233,-0.971342,-0.237686,0
1026,17.1,0.03705,0.0288,15.0,0.00825,-0.97237,-0.233445,0
1027,17.1167,0.027433,0.0291,14.9983,-0.001667,-0.973379,-0.2292,0
1028,17.1333,0.033567,0.0268,15.0,0.006767,-0.97437,-0.224951,0
1029,17.15,0.03155,0.0303,15.0,0.00125,-0.975342,-0.220697,0
1030,17.1667,0.031833,0.0278,15.0,0.004033,-0.976296,-0.21644,0
1031,17.1833,0.029833,0.0349,14.9949,-0.005067,-0.977231,-0.212178,0
1032,17.2,0.032117,0.0283,14.9987,0.003817,-0.978148,-0.207912,0
1033,17.2167,0.0338,0.0311,15.0,0.0027,-0.979045,-0.203642,0
1034,17.2333,0.02745,0.03,14.9975,-0.00255,-0.979925,-0.199368,0
1035,17.25,0.02625,0.0261,14.9977,0.00015,-0.980785,-0.19509,0
1036,17.2667,0.031167,0.0281,15.0,0.003067,-0.981627,-0.190809,0
1037,17.2833,0.0327,0.0326,15.0,0.0001,-0.98245,-0.186524,0
1038,17.3,0.031567,0.0291,15.0,0.002467,-0.983255,-0.182236,0
1039,17.3167,0.029833,0.0281,15.0,0.001733,-0.984041,-0.177944,0
1040,17.3333,0.0228,0.0249,14.9979,-0.0021,-0.984808,-0.173648,0
1041,17.35,0.0237,0.0269,14.9947,-0.0032,-0.985556,-0.16935,0
1042,17.3667,0.024867,0.0252,14.9944,-0.000333,-0.986286,-0.165048,0
1043,17.3833,0.024117,0.0281,14.9904,-0.003983,-0.986996,-0.160743,0
1044,17.4,0.023717,0.0269,14.9872,-0.003183,-0.987688,-0.156434,0
1045,17.4167,0.02045,0.0298,14.9779,-0.00935,-0.988362,-0.152123,0
1046,17.4333,0.020317,0.0271,14.9711,-0.006783,-0.989016,-0.147809,0
1047,17.45,0.021633,0.0272,14.9655,-0.005567,-0.989651,-0.143493,0
1048,17.4667,0.01725,0.0309,14.9519,-0.01365,-0.990268,-0.139173,0
1049,17.4833,0.022683,0.0265,14.9481,-0.003817,-0.990866,-0.134851,0
1050,17.5,0.019867,0.0291,14.9389,-0.009233,-0.991445,-0.130526,0
1051,17.5167,0.02335,0.0268,14.9355,-0.00345,-0.992005,-0.126199,0
1052,17.5333,0.018683,0.029,14.9252,-0.010317,-0.992546,-0.121869,0
1053,17.55,0.013133,0.0282,14.9101,-0.015067,-0.993068,-0.117537,0
1054,17.5667,0.01895,0.0274,14.9017,-0.00845,-0.993572,-0.113203,0
1055,17.5833,0.014233,0.0318,14.8841,-0.017567,-0.994056,-0.108867,0
1056,17.6,0.0116,0.0269,14.8688,-0.0153,-0.994522,-0.104528,0
1057,17.6167,0.014133,0.0286,14.8543,-0.014467,-0.994969,-0.100188,0
1058,17.6333,0.0162,0.0293,14.8412,-0.0131,-0.995396,-0.095846,0
1059,17.65,0.012233,0.0285,14.8249,-0.016267,-0.995805,-0.091502,0
1060,17.6667,0.01645,0.0275,14.8139,-0.01105,-0.996195,-0.087156,0
1061,17.6833,0.01095,0.0272,14.7976,-0.01625,-0.996566,-0.082808,0
1062,17.7,0.01635,0.0282,14.7857,-0.01185,-0.996917,-0.078459,0
1063,17.7167,0.008983,0.0303,14.7644,-0.021317,-0.99725,-0.074108,0
1064,17.7333,0.013,0.0294,14.748,-0.0164,-0.997564,-0.069756,0
1065,17.75,0.009767,0.0306,14.7272,-0.020833,-0.997859,-0.065403,0
1066,17.7667,0.011583,0.0293,14.7095,-0.017717,-0.998135,-0.061049,0
1067,17.7833,0.010717,0.0285,14.6917,-0.017783,-0.998392,-0.056693,0
1068,17.8,0.0089,0.03,14.6706,-0.0211,-0.99863,-0.052336,0
1069,17.8167,0.006117,0.03,14.6467,-0.023883,-0.998848,-0.047978,0
1070,17.8333,0.007367,0.0328,14.6213,-0.025433,-0.999048,-0.043619,0
1071,17.85,0.0042,0.0281,14.5974,-0.0239,-0.999229,-0.03926,0
1072,17.8667,0.001167,0.0313,14.5673,-0.030133,-0.999391,-0.034899,0
1073,17.8833,0.006767,0.0257,14.5484,-0.018933,-0.999534,-0.030539,0
1074,17.9,0.0053,0.0286,14.5251,-0.0233,-0.999657,-0.026177,0
1075,17.9167,0.003833,0.0289,14.5,-0.025067,-0.999762,-0.021815,0
1076,17.9333,0.00035,0.0273,14.473,-0.02695,-0.999848,-0.017452,0
1077,17.95,0.0,0.0295,14.4435,-0.0295,-0.999914,-0.01309,0
1078,17.9667,0.00095,0.0317,14.4127,-0.03075,-0.999962,-0.008727,0
1079,17.9833,0.003767,0.0323,14.3842,-0.028533,-0.99999,-0.004363,0
1080,18.0,0.0,0.0615,14.3227,-0.0615,-1.0,-0.0,0
1081,18.0167,0.0,0.0646,14.2581,-0.0646,-0.99999,0.004363,0
1082,18.0333,0.0,0.0661,14.192,-0.0661,-0.999962,0.008727,0
1083,18.05,0.0,0.0636,14.1284,-0.0636,-0.999914,0.01309,0
1084,18.0667,0.0,0.0605,14.0679,-0.0605,-0.999848,0.017452,0
1085,18.0833,0.0,0.0688,13.9991,-0.0688,-0.999762,0.021815,0
1086,18.1,0.0,0.0636,13.9355,-0.0636,-0.999657,0.026177,0
1087,18.1167,0.0,0.0654,13.8701,-0.0654,-0.999534,0.030539,0
1088,18.1333,0.0,0.0637,13.8064,-0.0637,-0.999391,0.034899,0
1089,18.15,0.0,0.0617,13.7447,-0.0617,-0.999229,0.03926,0
1090,18.1667,0.0,0.0661,13.6786,-0.0661,-0.999048,0.043619,0
1091,18.1833,0.0,0.0635,13.6151,-0.0635,-0.998848,0.047978,0
1092,18.2,0.0,0.0645,13.5506,-0.0645,-0.99863,0.052336,0
1093,18.2167,0.0,0.0654,13.4852,-0.0654,-0.998392,0.056693,0
1094,18.2333,0.0,0.0671,13.4181,-0.0671,-0.998135,0.061049,0
1095,18.25,0.0,0.0637,13.3544,-0.0637,-0.997859,0.065403,0
1096,18.2667,0.0,0.0653,13.2891,-0.0653,-0.997564,0.069756,0
1097,18.2833,0.0,0.0646,13.2245,-0.0646,-0.99725,0.074108,0
1098,18.3,0.0,0.0614,13.1631,-0.0614,-0.996917,0.078459,0
1099,18.3167,0.0,0.0646,13.0985,-0.0646,-0.996566,0.082808,0
1100,18.3333,0.0,0.0679,13.0306,-0.0679,-0.996195,0.087156,0
1101,18.35,0.0,0.0647,12.9659,-0.0647,-0.995805,0.091502,0
1102,18.3667,0.0,0.0652,12.9007,-0.0652,-0.995396,0.095846,0
1103,18.3833,0.0,0.0667,12.834,-0.0667,-0.994969,0.100188,0
1104,18.4,0.0,0.0674,12.7666,-0.0674,-0.994522,0.104528,0
1105,18.4167,0.0,0.0624,12.7042,-0.0624,-0.994056,0.108867,0
1106,18.4333,0.0,0.0678,12.6364,-0.0678,-0.993572,0.113203,0
1107,18.45,0.0,0.0657,12.5707,-0.0657,-0.993068,0.117537,0
1108,18.4667,0.0,0.0649,12.5058,-0.0649,-0.992546,0.121869,0
1109,18.4833,0.0,0.0627,12.4431,-0.0627,-0.992005,0.126199,0
1110,18.5,0.0,0.0636,12.3795,-0.0636,-0.991445,0.130526,0
1111,18.5167,0.0,0.0634,12.3161,-0.0634,-0.990866,0.134851,0
1112,18.5333,0.0,0.0635,12.2526,-0.0635,-0.990268,0.139173,0
1113,18.55,0.0,0.0628,12.1898,-0.0628,-0.989651,0.143493,0
1114,18.5667,0.0,0.0676,12.1222,-0.0676,-0.989016,0.147809,0
1115,18.5833,0.0,0.0681,12.0541,-0.0681,-0.988362,0.152123,0
1116,18.6,0.0,0.0632,11.9909,-0.0632,-0.987688,0.156434,0
1117,18.6167,0.0,0.065,11.9259,-0.065,-0.986996,0.160743,0
1118,18.6333,0.0,0.0652,11.8607,-0.0652,-0.986286,0.165048,0
1119,18.65,0.0,0.0648,11.7959,-0.0648,-0.985556,0.16935,0
1120,18.6667,0.0,0.0635,11.7324,-0.0635,-0.984808,0.173648,0
1121,18.6833,0.0,0.0666,11.6658,-0.0666,-0.984041,0.177944,0
1122,18.7,0.0,0.0663,11.5995,-0.0663,-0.983255,0.182236,0
1123,18.7167,0.0,0.0587,11.5408,-0.0587,-0.98245,0.186524,0
1124,18.7333,0.0,0.0675,11.4733,-0.0675,-0.981627,0.190809,0
1125,18.75,0.0,0.063,11.4103,-0.063,-0.980785,0.19509,0
1126,18.7667,0.0,0.0647,11.3456,-0.0647,-0.979925,0.199368,0
1127,18.7833,0.0,0.0646,11.281,-0.0646,-0.979045,0.203642,0
1128,18.8,0.0,0.0656,11.2154,-0.0656,-0.978148,0.207912,0
1129,18.8167,0.0,0.063,11.1524,-0.063,-0.977231,0.212178,0
1130,18.8333,0.0,0.0665,11.0859,-0.0665,-0.976296,0.21644,0
1131,18.85,0.0,0.0627,11.0232,-0.0627,-0.975342,0.220697,0
1132,18.8667,0.0,0.0657,10.9575,-0.0657,-0.97437,0.224951,0
1133,18.8833,0.0,0.0671,10.8904,-0.0671,-0.973379,0.2292,0
1134,18.9,0.0,0.0635,10.8269,-0.0635,-0.97237,0.233445,0
1135,18.9167,0.0,0.0649,10.762,-0.0649,-0.971342,0.237686,0
1136,18.9333,0.0,0.0676,10.6944,-0.0676,-0.970296,0.241922,0
1137,18.95,0.0,0.0663,10.6281,-0.0663,-0.969231,0.246153,0
1138,18.9667,0.0,0.064,10.5641,-0.064,-0.968148,0.25038,0
1139,18.9833,0.0,0.069,10.4951,-0.069,-0.967046,0.254602,0
1140,19.0,0.0,0.0625,10.4326,-0.0625,-0.965926,0.258819,0
1141,19.0167,0.0,0.063,10.3696,-0.063,-0.964787,0.263031,0
1142,19.0333,0.0,0.0623,10.3073,-0.0623,-0.96363,0.267238,0
1143,19.05,0.0,0.0652,10.2421,-0.0652,-0.962455,0.27144,0
1144,19.0667,0.0,0.0654,10.1767,-0.0654,-0.961262,0.275637,0
1145,19.0833,0.0,0.0651,10.1116,-0.0651,-0.96005,0.279829,0
1146,19.1,0.0,0.0642,10.0474,-0.0642,-0.95882,0.284015,0
1147,19.1167,0.0,0.0652,9.9822,-0.0652,-0.957571,0.288196,0
1148,19.1333,0.0,0.0672,9.915,-0.0672,-0.956305,0.292372,0
1149,19.15,0.0,0.0668,9.8482,-0.0668,-0.95502,0.296542,0
1150,19.1667,0.0,0.0679,9.7803,-0.0679,-0.953717,0.300706,0
1151,19.1833,0.0,0.0629,9.7174,-0.0629,-0.952396,0.304864,0
1152,19.2,0.0,0.0624,9.655,-0.0624,-0.951057,0.309017,0
1153,19.2167,0.0,0.0661,9.5889,-0.0661,-0.949699,0.313164,0
1154,19.2333,0.0,0.0643,9.5246,-0.0643,-0.948324,0.317305,0
1155,19.25,0.0,0.0638,9.4608,-0.0638,-0.94693,0.321439,0
1156,19.2667,0.0,0.0659,9.3949,-0.0659,-0.945519,0.325568,0
1157,19.2833,0.0,0.0653,9.3296,-0.0653,-0.944089,0.329691,0
1158,19.3,0.0,0.0656,9.264,-0.0656,-0.942641,0.333807,0
1159,19.3167,0.0,0.0625,9.2015,-0.0625,-0.941176,0.337917,0
1160,19.3333,0.0,0.0676,9.1339,-0.0676,-0.939693,0.34202,0
1161,19.35,0.0,0.0683,9.0656,-0.0683,-0.938191,0.346117,0
1162,19.3667,0.0,0.0638,9.0018,-0.0638,-0.936672,0.350207,0
1163,19.3833,0.0,0.0697,8.9321,-0.0697,-0.935135,0.354291,0
1164,19.4,0.0,0.0659,8.8662,-0.0659,-0.93358,0.358368,0
1165,19.4167,0.0,0.068,8.7982,-0.068,-0.932008,0.362438,0
1166,19.4333,0.0,0.0654,8.7328,-0.0654,-0.930418,0.366501,0
1167,19.45,0.0,0.0667,8.6661,-0.0667,-0.92881,0.370557,0
1168,19.4667,0.0,0.0646,8.6015,-0.0646,-0.927184,0.374607,0
1169,19.4833,0.0,0.068,8.5335,-0.068,-0.925541,0.378649,0
1170,19.5,0.0,0.0647,8.4688,-0.0647,-0.92388,0.382683,0
1171,19.5167,0.0,0.0662,8.4026,-0.0662,-0.922201,0.386711,0
1172,19.5333,0.0,0.0613,8.3413,-0.0613,-0.920505,0.390731,0
1173,19.55,0.0,0.0631,8.2782,-0.0631,-0.918791,0.394744,0
1174,19.5667,0.0,0.0656,8.2126,-0.0656,-0.91706,0.398749,0
1175,19.5833,0.0,0.1034,8.1092,-0.1034,-0.915311,0.402747,0
1176,19.6,0.0,0.1009,8.0083,-0.1009,-0.913545,0.406737,0
1177,19.6167,0.0,0.1027,7.9056,-0.1027,-0.911762,0.410719,0
1178,19.6333,0.0,0.1019,7.8037,-0.1019,-0.909961,0.414693,0
1179,19.65,0.0,0.1004,7.7033,-0.1004,-0.908143,0.41866,0
1180,19.6667,0.0,0.1,7.6033,-0.1,-0.906308,0.422618,0
1181,19.6833,0.0,0.1045,7.4988,-0.1045,-0.904455,0.426569,0
1182,19.7,0.0,0.1014,7.3974,-0.1014,-0.902585,0.430511,0
1183,19.7167,0.0,0.1042,7.2932,-0.1042,-0.900698,0.434445,0
1184,19.7333,0.0,0.1011,7.1921,-0.1011,-0.898794,0.438371,0
1185,19.75,0.0,0.1003,7.0918,-0.1003,-0.896873,0.442289,0
1186,19.7667,0.0,0.1011,6.9907,-0.1011,-0.894934,0.446198,0
1187,19.7833,0.0,0.1029,6.8878,-0.1029,-0.892979,0.450098,0
1188,19.8,0.0,0.1043,6.7835,-0.1043,-0.891007,0.45399,0
1189,19.8167,0.0,0.1025,6.681,-0.1025,-0.889017,0.457874,0
1190,19.8333,0.0,0.1016,6.5794,-0.1016,-0.887011,0.461749,0
1191,19.85,0.0,0.1072,6.4722,-0.1072,-0.884988,0.465615,0
1192,19.8667,0.0,0.1046,6.3676,-0.1046,-0.882948,0.469472,0
1193,19.8833,0.0,0.1072,6.2604,-0.1072,-0.880891,0.47332,0
1194,19.9,0.0,0.1004,6.16,-0.1004,-0.878817,0.477159,0
1195,19.9167,0.0,0.1013,6.0587,-0.1013,-0.876727,0.480989,0
1196,19.9333,0.0,0.1026,5.9561,-0.1026,-0.87462,0.48481,0
1197,19.95,0.0,0.1057,5.8504,-0.1057,-0.872496,0.488621,0
1198,19.9667,0.0,0.1018,5.7486,-0.1018,-0.870356,0.492424,0
1199,19.9833,0.0,0.1021,5.6465,-0.1021,-0.868199,0.496217,0
1200,20.0,0.0,0.1011,5.5454,-0.1011,-0.866025,0.5,0
1201,20.0167,0.0,0.1036,5.4418,-0.1036,-0.863836,0.503774,0
1202,20.0333,0.0,0.1016,5.3402,-0.1016,-0.861629,0.507538,0
1203,20.05,0.0,0.1049,5.2353,-0.1049,-0.859406,0.511293,0
1204,20.0667,0.0,0.1024,5.1329,-0.1024,-0.857167,0.515038,0
1205,20.0833,0.0,0.1037,5.0292,-0.1037,-0.854912,0.518773,0
1206,20.1,0.0,0.1043,4.9249,-0.1043,-0.85264,0.522499,0
1207,20.1167,0.0,0.1009,4.824,-0.1009,-0.850352,0.526214,0
1208,20.1333,0.0,0.0993,4.7247,-0.0993,-0.848048,0.529919,0
1209,20.15,0.0,0.1056,4.6191,-0.1056,-0.845728,0.533615,0
1210,20.1667,0.0,0.1062,4.5129,-0.1062,-0.843391,0.5373,0
1211,20.1833,0.0,0.1024,4.4105,-0.1024,-0.841039,0.540974,0
1212,20.2,0.0,0.1023,4.3082,-0.1023,-0.838671,0.544639,0
1213,20.2167,0.0,0.1001,4.2081,-0.1001,-0.836286,0.548293,0
1214,20.2333,0.0,0.1024,4.1057,-0.1024,-0.833886,0.551937,0
1215,20.25,0.0,0.1046,4.0011,-0.1046,-0.83147,0.55557,0
1216,20.2667,0.0,0.106,3.8951,-0.106,-0.829038,0.559193,0
1217,20.2833,0.0,0.1013,3.7938,-0.1013,-0.82659,0.562805,0
1218,20.3,0.0,0.1027,3.6911,-0.1027,-0.824126,0.566406,0
1219,20.3167,0.0,0.1032,3.5879,-0.1032,-0.821647,0.569997,0
1220,20.3333,0.0,0.1005,3.4874,-0.1005,-0.819152,0.573576,0
1221,20.35,0.0,0.0997,3.3877,-0.0997,-0.816642,0.577145,0
1222,20.3667,0.0,0.1035,3.2842,-0.1035,-0.814116,0.580703,0
1223,20.3833,0.0,0.1046,3.1796,-0.1046,-0.811574,0.58425,0
1224,20.4,0.0,0.1023,3.0773,-0.1023,-0.809017,0.587785,0
1225,20.4167,0.0,0.1021,2.9752,-0.1021,-0.806445,0.59131,0
1226,20.4333,0.0,0.0992,2.876,-0.0992,-0.803857,0.594823,0
1227,20.45,0.0,0.1047,2.7713,-0.1047,-0.801254,0.598325,0
1228,20.4667,0.0,0.1052,2.6661,-0.1052,-0.798636,0.601815,0
1229,20.4833,0.0,0.103,2.5631,-0.103,-0.796002,0.605294,0
1230,20.5,0.0,0.1055,2.4576,-0.1055,-0.793353,0.608761,0
1231,20.5167,0.0,0.1052,2.3524,-0.1052,-0.79069,0.612217,0
1232,20.5333,0.0,0.0998,2.2526,-0.0998,-0.788011,0.615661,0
1233,20.55,0.0,0.106,2.1466,-0.106,-0.785317,0.619094,0
1234,20.5667,0.0,0.1025,2.0441,-0.1025,-0.782608,0.622515,0
1235,20.5833,0.0,0.1005,1.9436,-0.1005,-0.779884,0.625923,0
1236,20.6,0.0,0.1028,1.8408,-0.1028,-0.777146,0.62932,0
1237,20.6167,0.0,0.1023,1.7385,-0.1023,-0.774393,0.632705,0
1238,20.6333,0.0,0.1022,1.6363,-0.1022,-0.771625,0.636078,0
1239,20.65,0.0,0.1056,1.5307,-0.1056,-0.768842,0.639439,0
1240,20.6667,0.0,0.0978,1.4329,-0.0978,-0.766044,0.642788,0
1241,20.6833,0.0,0.1019,1.331,-0.1019,-0.763232,0.646124,0
1242,20.7,0.0,0.1062,1.2248,-0.1062,-0.760406,0.649448,0
1243,20.7167,0.0,0.1048,1.12,-0.1048,-0.757565,0.65276,0
1244,20.7333,0.0,0.1047,1.0153,-0.1047,-0.75471,0.656059,0
1245,20.75,0.0,0.1029,0.9124,-0.1029,-0.75184,0.659346,0
1246,20.7667,0.0,0.1042,0.8082,-0.1042,-0.748956,0.66262,0
1247,20.7833,0.0,0.1005,0.7077,-0.1005,-0.746057,0.665882,0
1248,20.8,0.0,0.1049,0.6028,-0.1049,-0.743145,0.669131,0
1249,20.8167,0.0,0.1038,0.499,-0.1038,-0.740218,0.672367,0
1250,20.8333,0.0,0.1014,0.3976,-0.1014,-0.737277,0.67559,0
1251,20.85,0.0,0.1017,0.2959,-0.1017,-0.734323,0.678801,0
1252,20.8667,0.0,0.1054,0.1905,-0.1054,-0.731354,0.681998,0
1253,20.8833,0.0,0.064,0.1265,-0.064,-0.728371,0.685183,0
1254,20.9,0.0,0.0679,0.0586,-0.0679,-0.725374,0.688355,0
1255,20.9167,0.0,0.0656,0.0,-0.0656,-0.722364,0.691513,1
1256,20.9333,0.0,0.0584,0.0,-0.0584,-0.71934,0.694658,1
1257,20.95,0.0,0.0638,0.0,-0.0638,-0.716302,0.69779,1
1258,20.9667,0.0,0.0661,0.0,-0.0661,-0.71325,0.700909,1
1259,20.9833,0.0,0.1274,0.0,-0.1274,-0.710185,0.704015,1
1260,21.0,0.0,0.1227,0.0,-0.1227,-0.707107,0.707107,1
1261,21.0167,0.0,0.1245,0.0,-0.1245,-0.704015,0.710185,1
1262,21.0333,0.0,0.1266,0.0,-0.1266,-0.700909,0.71325,1
1263,21.05,0.0,0.1258,0.0,-0.1258,-0.69779,0.716302,1
1264,21.0667,0.0,0.1255,0.0,-0.1255,-0.694658,0.71934,1
1265,21.0833,0.0,0.1297,0.0,-0.1297,-0.691513,0.722364,1
1266,21.1,0.0,0.125,0.0,-0.125,-0.688355,0.725374,1
1267,21.1167,0.0,0.1278,0.0,-0.1278,-0.685183,0.728371,1
1268,21.1333,0.0,0.1242,0.0,-0.1242,-0.681998,0.731354,1
1269,21.15,0.0,0.1267,0.0,-0.1267,-0.678801,0.734323,1
1270,21.1667,0.0,0.1218,0.0,-0.1218,-0.67559,0.737277,1
1271,21.1833,0.0,0.1232,0.0,-0.1232,-0.672367,0.740218,1
1272,21.2,0.0,0.1242,0.0,-0.1242,-0.669131,0.743145,1
1273,21.2167,0.0,0.125,0.0,-0.125,-0.665882,0.746057,1
1274,21.2333,0.0,0.1282,0.0,-0.1282,-0.66262,0.748956,1
1275,21.25,0.0,0.1265,0.0,-0.1265,-0.659346,0.75184,1
1276,21.2667,0.0,0.1194,0.0,-0.1194,-0.656059,0.75471,1
1277,21.2833,0.0,0.126,0.0,-0.126,-0.65276,0.757565,1
1278,21.3,0.0,0.1241,0.0,-0.1241,-0.649448,0.760406,1
1279,21.3167,0.0,0.1239,0.0,-0.1239,-0.646124,0.763232,1
1280,21.3333,0.0,0.1244,0.0,-0.1244,-0.642788,0.766044,1
1281,21.35,0.0,0.1262,0.0,-0.1262,-0.639439,0.768842,1
1282,21.3667,0.0,0.1233,0.0,-0.1233,-0.636078,0.771625,1
1283,21.3833,0.0,0.1266,0.0,-0.1266,-0.632705,0.774393,1
1284,21.4,0.0,0.1268,0.0,-0.1268,-0.62932,0.777146,1
1285,21.4167,0.0,0.1245,0.0,-0.1245,-0.625923,0.779884,1
1286,21.4333,0.0,0.1254,0.0,-0.1254,-0.622515,0.782608,1
1287,21.45,0.0,0.1244,0.0,-0.1244,-0.619094,0.785317,1
1288,21.4667,0.0,0.1244,0.0,-0.1244,-0.615661,0.788011,1
1289,21.4833,0.0,0.1231,0.0,-0.1231,-0.612217,0.79069,1
1290,21.5,0.0,0.1256,0.0,-0.1256,-0.608761,0.793353,1
1291,21.5167,0.0,0.1279,0.0,-0.1279,-0.605294,0.796002,1
1292,21.5333,0.0,0.1268,0.0,-0.1268,-0.601815,0.798636,1
1293,21.55,0.0,0.1273,0.0,-0.1273,-0.598325,0.801254,1
1294,21.5667,0.0,0.1271,0.0,-0.1271,-0.594823,0.803857,1
1295,21.5833,0.0,0.1239,0.0,-0.1239,-0.59131,0.806445,1
1296,21.6,0.0,0.1251,0.0,-0.1251,-0.587785,0.809017,1
1297,21.6167,0.0,0.126,0.0,-0.126,-0.58425,0.811574,1
1298,21.6333,0.0,0.1243,0.0,-0.1243,-0.580703,0.814116,1
1299,21.65,0.0,0.1288,0.0,-0.1288,-0.577145,0.816642,1
1300,21.6667,0.0,0.1252,0.0,-0.1252,-0.573576,0.819152,1
1301,21.6833,0.0,0.1243,0.0,-0.1243,-0.569997,0.821647,1
1302,21.7,0.0,0.1228,0.0,-0.1228,-0.566406,0.824126,1
1303,21.7167,0.0,0.1287,0.0,-0.1287,-0.562805,0.82659,1
1304,21.7333,0.0,0.1217,0.0,-0.1217,-0.559193,0.829038,1
1305,21.75,0.0,0.1269,0.0,-0.1269,-0.55557,0.83147,1
1306,21.7667,0.0,0.1256,0.0,-0.1256,-0.551937,0.833886,1
1307,21.7833,0.0,0.1258,0.0,-0.1258,-0.548293,0.836286,1
1308,21.8,0.0,0.1232,0.0,-0.1232,-0.544639,0.838671,1
1309,21.8167,0.0,0.1224,0.0,-0.1224,-0.540974,0.841039,1
1310,21.8333,0.0,0.1265,0.0,-0.1265,-0.5373,0.843391,1
1311,21.85,0.0,0.1255,0.0,-0.1255,-0.533615,0.845728,1
1312,21.8667,0.0,0.1274,0.0,-0.1274,-0.529919,0.848048,1
1313,21.8833,0.0,0.1259,0.0,-0.1259,-0.526214,0.850352,1
1314,21.9,0.0,0.125,0.0,-0.125,-0.522499,0.85264,1
1315,21.9167,0.0,0.1242,0.0,-0.1242,-0.518773,0.854912,1
1316,21.9333,0.0,0.1277,0.0,-0.1277,-0.515038,0.857167,1
1317,21.95,0.0,0.1235,0.0,-0.1235,-0.511293,0.859406,1
1318,21.9667,0.0,0.1248,0.0,-0.1248,-0.507538,0.861629,1
1319,21.9833,0.0,0.1245,0.0,-0.1245,-0.503774,0.863836,1
1320,22.0,0.0,0.0772,0.0,-0.0772,-0.5,0.866025,1
1321,22.0167,0.0,0.0739,0.0,-0.0739,-0.496217,0.868199,1
1322,22.0333,0.0,0.0781,0.0,-0.0781,-0.492424,0.870356,1
1323,22.05,0.0,0.0754,0.0,-0.0754,-0.488621,0.872496,1
1324,22.0667,0.0,0.0748,0.0,-0.0748,-0.48481,0.87462,1
1325,22.0833,0.0,0.0722,0.0,-0.0722,-0.480989,0.876727,1
1326,22.1,0.0,0.0764,0.0,-0.0764,-0.477159,0.878817,1
1327,22.1167,0.0,0.0753,0.0,-0.0753,-0.47332,0.880891,1
1328,22.1333,0.0,0.076,0.0,-0.076,-0.469472,0.882948,1
1329,22.15,0.0,0.0799,0.0,-0.0799,-0.465615,0.884988,1
1330,22.1667,0.0,0.0756,0.0,-0.0756,-0.461749,0.887011,1
1331,22.1833,0.0,0.0759,0.0,-0.0759,-0.457874,0.889017,1
1332,22.2,0.0,0.0144,0.0,-0.0144,-0.45399,0.891007,1
1333,22.2167,0.0,0.0157,0.0,-0.0157,-0.450098,0.892979,1
1334,22.2333,0.0,0.0187,0.0,-0.0187,-0.446198,0.894934,1
1335,22.25,0.0,0.0146,0.0,-0.0146,-0.442289,0.896873,1
1336,22.2667,0.0,0.0143,0.0,-0.0143,-0.438371,0.898794,1
1337,22.2833,0.0,0.0173,0.0,-0.0173,-0.434445,0.900698,1
1338,22.3,0.0,0.0157,0.0,-0.0157,-0.430511,0.902585,1
1339,22.3167,0.0,0.0129,0.0,-0.0129,-0.426569,0.904455,1
1340,22.3333,0.0,0.0189,0.0,-0.0189,-0.422618,0.906308,1
1341,22.35,0.0,0.0141,0.0,-0.0141,-0.41866,0.908143,1
1342,22.3667,0.0,0.017,0.0,-0.017,-0.414693,0.909961,1
1343,22.3833,0.0,0.0184,0.0,-0.0184,-0.410719,0.911762,1
1344,22.4,0.0,0.0173,0.0,-0.0173,-0.406737,0.913545,1
1345,22.4167,0.0,0.0182,0.0,-0.0182,-0.402747,0.915311,1
1346,22.4333,0.0,0.0165,0.0,-0.0165,-0.398749,0.91706,1
1347,22.45,0.0,0.0166,0.0,-0.0166,-0.394744,0.918791,1
1348,22.4667,0.0,0.0122,0.0,-0.0122,-0.390731,0.920505,1
1349,22.4833,0.0,0.0183,0.0,-0.0183,-0.386711,0.922201,1
1350,22.5,0.0,0.0158,0.0,-0.0158,-0.382683,0.92388,1
1351,22.5167,0.0,0.0148,0.0,-0.0148,-0.378649,0.925541,1
1352,22.5333,0.0,0.0179,0.0,-0.0179,-0.374607,0.927184,1
1353,22.55,0.0,0.0143,0.0,-0.0143,-0.370557,0.92881,1
1354,22.5667,0.0,0.0176,0.0,-0.0176,-0.366501,0.930418,1
1355,22.5833,0.0,0.0163,0.0,-0.0163,-0.362438,0.932008,1
1356,22.6,0.0,0.0182,0.0,-0.0182,-0.358368,0.93358,1
1357,22.6167,0.0,0.0133,0.0,-0.0133,-0.354291,0.935135,1
1358,22.6333,0.0,0.0174,0.0,-0.0174,-0.350207,0.936672,1
1359,22.65,0.0,0.0172,0.0,-0.0172,-0.346117,0.938191,1
1360,22.6667,0.0,0.013,0.0,-0.013,-0.34202,0.939693,1
1361,22.6833,0.0,0.0154,0.0,-0.0154,-0.337917,0.941176,1
1362,22.7,0.0,0.0172,0.0,-0.0172,-0.333807,0.942641,1
1363,22.7167,0.0,0.0181,0.0,-0.0181,-0.329691,0.944089,1
1364,22.7333,0.0,0.0129,0.0,-0.0129,-0.325568,0.945519,1
1365,22.75,0.0,0.0137,0.0,-0.0137,-0.321439,0.94693,1
1366,22.7667,0.0,0.0152,0.0,-0.0152,-0.317305,0.948324,1
1367,22.7833,0.0,0.0193,0.0,-0.0193,-0.313164,0.949699,1
1368,22.8,0.0,0.0148,0.0,-0.0148,-0.309017,0.951057,1
1369,22.8167,0.0,0.0169,0.0,-0.0169,-0.304864,0.952396,1
1370,22.8333,0.0,0.012,0.0,-0.012,-0.300706,0.953717,1
1371,22.85,0.0,0.0182,0.0,-0.0182,-0.296542,0.95502,1
1372,22.8667,0.0,0.016,0.0,-0.016,-0.292372,0.956305,1
1373,22.8833,0.0,0.0132,0.0,-0.0132,-0.288196,0.957571,1
1374,22.9,0.0,0.0134,0.0,-0.0134,-0.284015,0.95882,1
1375,22.9167,0.0,0.0128,0.0,-0.0128,-0.279829,0.96005,1
1376,22.9333,0.0,0.0157,0.0,-0.0157,-0.275637,0.961262,1
1377,22.95,0.0,0.013,0.0,-0.013,-0.27144,0.962455,1
1378,22.9667,0.0,0.0164,0.0,-0.0164,-0.267238,0.96363,1
1379,22.9833,0.0,0.0151,0.0,-0.0151,-0.263031,0.964787,1
1380,23.0,0.0,0.0181,0.0,-0.0181,-0.258819,0.965926,1
1381,23.0167,0.0,0.0149,0.0,-0.0149,-0.254602,0.967046,1
1382,23.0333,0.0,0.0169,0.0,-0.0169,-0.25038,0.968148,1
1383,23.05,0.0,0.02,0.0,-0.02,-0.246153,0.969231,1
1384,23.0667,0.0,0.0148,0.0,-0.0148,-0.241922,0.970296,1
1385,23.0833,0.0,0.0181,0.0,-0.0181,-0.237686,0.971342,1
1386,23.1,0.0,0.0152,0.0,-0.0152,-0.233445,0.97237,1
1387,23.1167,0.0,0.0145,0.0,-0.0145,-0.2292,0.973379,1
1388,23.1333,0.0,0.0163,0.0,-0.0163,-0.224951,0.97437,1
1389,23.15,0.0,0.0179,0.0,-0.0179,-0.220697,0.975342,1
1390,23.1667,0.0,0.021,0.0,-0.021,-0.21644,0.976296,1
1391,23.1833,0.0,0.0154,0.0,-0.0154,-0.212178,0.977231,1
1392,23.2,0.0,0.0153,0.0,-0.0153,-0.207912,0.978148,1
1393,23.2167,0.0,0.0156,0.0,-0.0156,-0.203642,0.979045,1
1394,23.2333,0.0,0.0158,0.0,-0.0158,-0.199368,0.979925,1
1395,23.25,0.0,0.017,0.0,-0.017,-0.19509,0.980785,1
1396,23.2667,0.0,0.0136,0.0,-0.0136,-0.190809,0.981627,1
1397,23.2833,0.0,0.0152,0.0,-0.0152,-0.186524,0.98245,1
1398,23.3,0.0,0.0157,0.0,-0.0157,-0.182236,0.983255,1
1399,23.3167,0.0,0.0141,0.0,-0.0141,-0.177944,0.984041,1
1400,23.3333,0.0,0.0178,0.0,-0.0178,-0.173648,0.984808,1
1401,23.35,0.0,0.0165,0.0,-0.0165,-0.16935,0.985556,1
1402,23.3667,0.0,0.0174,0.0,-0.0174,-0.165048,0.986286,1
1403,23.3833,0.0,0.0198,0.0,-0.0198,-0.160743,0.986996,1
1404,23.4,0.0,0.0157,0.0,-0.0157,-0.156434,0.987688,1
1405,23.4167,0.0,0.0116,0.0,-0.0116,-0.152123,0.988362,1
1406,23.4333,0.0,0.016,0.0,-0.016,-0.147809,0.989016,1
1407,23.45,0.0,0.016,0.0,-0.016,-0.143493,0.989651,1
1408,23.4667,0.0,0.0155,0.0,-0.0155,-0.139173,0.990268,1
1409,23.4833,0.0,0.0168,0.0,-0.0168,-0.134851,0.990866,1
1410,23.5,0.0,0.0145,0.0,-0.0145,-0.130526,0.991445,1
1411,23.5167,0.0,0.0138,0.0,-0.0138,-0.126199,0.992005,1
1412,23.5333,0.0,0.0164,0.0,-0.0164,-0.121869,0.992546,1
1413,23.55,0.0,0.0163,0.0,-0.0163,-0.117537,0.993068,1
1414,23.5667,0.0,0.016,0.0,-0.016,-0.113203,0.993572,1
1415,23.5833,0.0,0.0127,0.0,-0.0127,-0.108867,0.994056,1
1416,23.6,0.0,0.0154,0.0,-0.0154,-0.104528,0.994522,1
1417,23.6167,0.0,0.0164,0.0,-0.0164,-0.100188,0.994969,1
1418,23.6333,0.0,0.011,0.0,-0.011,-0.095846,0.995396,1
1419,23.65,0.0,0.0168,0.0,-0.0168,-0.091502,0.995805,1
1420,23.6667,0.0,0.0142,0.0,-0.0142,-0.087156,0.996195,1
1421,23.6833,0.0,0.0169,0.0,-0.0169,-0.082808,0.996566,1
1422,23.7,0.0,0.0171,0.0,-0.0171,-0.078459,0.996917,1
1423,23.7167,0.0,0.0151,0.0,-0.0151,-0.074108,0.99725,1
1424,23.7333,0.0,0.0174,0.0,-0.0174,-0.069756,0.997564,1
1425,23.75,0.0,0.0163,0.0,-0.0163,-0.065403,0.997859,1
1426,23.7667,0.0,0.0159,0.0,-0.0159,-0.061049,0.998135,1
1427,23.7833,0.0,0.0137,0.0,-0.0137,-0.056693,0.998392,1
1428,23.8,0.0,0.0157,0.0,-0.0157,-0.052336,0.99863,1
1429,23.8167,0.0,0.0169,0.0,-0.0169,-0.047978,0.998848,1
1430,23.8333,0.0,0.0117,0.0,-0.0117,-0.043619,0.999048,1
1431,23.85,0.0,0.016,0.0,-0.016,-0.03926,0.999229,1
1432,23.8667,0.0,0.015,0.0,-0.015,-0.034899,0.999391,1
1433,23.8833,0.0,0.0152,0.0,-0.0152,-0.030539,0.999534,1
1434,23.9,0.0,0.0169,0.0,-0.0169,-0.026177,0.999657,1
1435,23.9167,0.0,0.0168,0.0,-0.0168,-0.021815,0.999762,1
1436,23.9333,0.0,0.013,0.0,-0.013,-0.017452,0.999848,1
1437,23.95,0.0,0.0146,0.0,-0.0146,-0.01309,0.999914,1
1438,23.9667,0.0,0.0166,0.0,-0.0166,-0.008727,0.999962,1
1439,23.9833,0.0,0.0173,0.0,-0.0173,-0.004363,0.99999,1
1440,0.0,0.0,0.0134,0.0,-0.0134,0.0,1.0,1
1441,0.0167,0.0,0.0161,0.0,-0.0161,0.004363,0.99999,1
1442,0.0333,0.0,0.0152,0.0,-0.0152,0.008727,0.999962,1
1443,0.05,0.0,0.0161,0.0,-0.0161,0.01309,0.999914,1
1444,0.0667,0.0,0.0136,0.0,-0.0136,0.017452,0.999848,1
1445,0.0833,0.0,0.0161,0.0,-0.0161,0.021815,0.999762,1
1446,0.1,0.0,0.0149,0.0,-0.0149,0.026177,0.999657,1
1447,0.1167,0.0,0.0141,0.0,-0.0141,0.030539,0.999534,1
1448,0.1333,0.0,0.0175,0.0,-0.0175,0.034899,0.999391,1
1449,0.15,0.0,0.013,0.0,-0.013,0.03926,0.999229,1
1450,0.1667,0.0,0.0199,0.0,-0.0199,0.043619,0.999048,1
1451,0.1833,0.0,0.0145,0.0,-0.0145,0.047978,0.998848,1
1452,0.2,0.0,0.0178,0.0,-0.0178,0.052336,0.99863,1
1453,0.2167,0.0,0.0142,0.0,-0.0142,0.056693,0.998392,1
1454,0.2333,0.0,0.0113,0.0,-0.0113,0.061049,0.998135,1
1455,0.25,0.0,0.0127,0.0,-0.0127,0.065403,0.997859,1
1456,0.2667,0.0,0.0161,0.0,-0.0161,0.069756,0.997564,1
1457,0.2833,0.0,0.0141,0.0,-0.0141,0.074108,0.99725,1
1458,0.3,0.0,0.017,0.0,-0.017,0.078459,0.996917,1
1459,0.3167,0.0,0.0173,0.0,-0.0173,0.082808,0.996566,1
1460,0.3333,0.0,0.0174,0.0,-0.0174,0.087156,0.996195,1
1461,0.35,0.0,0.0133,0.0,-0.0133,0.091502,0.995805,1
1462,0.3667,0.0,0.0187,0.0,-0.0187,0.095846,0.995396,1
1463,0.3833,0.0,0.0141,0.0,-0.0141,0.100188,0.994969,1
1464,0.4,0.0,0.0162,0.0,-0.0162,0.104528,0.994522,1
1465,0.4167,0.0,0.016,0.0,-0.016,0.108867,0.994056,1
1466,0.4333,0.0,0.018,0.0,-0.018,0.113203,0.993572,1
1467,0.45,0.0,0.0143,0.0,-0.0143,0.117537,0.993068,1
1468,0.4667,0.0,0.0161,0.0,-0.0161,0.121869,0.992546,1
1469,0.4833,0.0,0.0101,0.0,-0.0101,0.126199,0.992005,1
1470,0.5,0.0,0.0148,0.0,-0.0148,0.130526,0.991445,1
1471,0.5167,0.0,0.0164,0.0,-0.0164,0.134851,0.990866,1
1472,0.5333,0.0,0.0145,0.0,-0.0145,0.139173,0.990268,1
1473,0.55,0.0,0.0153,0.0,-0.0153,0.143493,0.989651,1
1474,0.5667,0.0,0.0124,0.0,-0.0124,0.147809,0.989016,1
1475,0.5833,0.0,0.0181,0.0,-0.0181,0.152123,0.988362,1
1476,0.6,0.0,0.0158,0.0,-0.0158,0.156434,0.987688,1
1477,0.6167,0.0,0.0153,0.0,-0.0153,0.160743,0.986996,1
1478,0.6333,0.0,0.0185,0.0,-0.0185,0.165048,0.986286,1
1479,0.65,0.0,0.0142,0.0,-0.0142,0.16935,0.985556,1
1480,0.6667,0.0,0.013,0.0,-0.013,0.173648,0.984808,1
1481,0.6833,0.0,0.0115,0.0,-0.0115,0.177944,0.984041,1
1482,0.7,0.0,0.0168,0.0,-0.0168,0.182236,0.983255,1
1483,0.7167,0.0,0.0188,0.0,-0.0188,0.186524,0.98245,1
1484,0.7333,0.0,0.0171,0.0,-0.0171,0.190809,0.981627,1
1485,0.75,0.0,0.0142,0.0,-0.0142,0.19509,0.980785,1
1486,0.7667,0.0,0.0159,0.0,-0.0159,0.199368,0.979925,1
1487,0.7833,0.0,0.0155,0.0,-0.0155,0.203642,0.979045,1
1488,0.8,0.0,0.0148,0.0,-0.0148,0.207912,0.978148,1
1489,0.8167,0.0,0.0161,0.0,-0.0161,0.212178,0.977231,1
1490,0.8333,0.0,0.0141,0.0,-0.0141,0.21644,0.976296,1
1491,0.85,0.0,0.0156,0.0,-0.0156,0.220697,0.975342,1
1492,0.8667,0.0,0.0143,0.0,-0.0143,0.224951,0.97437,1
1493,0.8833,0.0,0.0136,0.0,-0.0136,0.2292,0.973379,1
1494,0.9,0.0,0.0129,0.0,-0.0129,0.233445,0.97237,1
1495,0.9167,0.0,0.0135,0.0,-0.0135,0.237686,0.971342,1
1496,0.9333,0.0,0.0142,0.0,-0.0142,0.241922,0.970296,1
1497,0.95,0.0,0.0155,0.0,-0.0155,0.246153,0.969231,1
1498,0.9667,0.0,0.0144,0.0,-0.0144,0.25038,0.968148,1
1499,0.9833,0.0,0.017,0.0,-0.017,0.254602,0.967046,1
1500,1.0,0.0,0.0136,0.0,-0.0136,0.258819,0.965926,1
1501,1.0167,0.0,0.0163,0.0,-0.0163,0.263031,0.964787,1
1502,1.0333,0.0,0.0165,0.0,-0.0165,0.267238,0.96363,1
1503,1.05,0.0,0.0156,0.0,-0.0156,0.27144,0.962455,1
1504,1.0667,0.0,0.0174,0.0,-0.0174,0.275637,0.961262,1
1505,1.0833,0.0,0.0146,0.0,-0.0146,0.279829,0.96005,1
1506,1.1,0.0,0.0103,0.0,-0.0103,0.284015,0.95882,1
1507,1.1167,0.0,0.0145,0.0,-0.0145,0.288196,0.957571,1
1508,1.1333,0.0,0.0141,0.0,-0.0141,0.292372,0.956305,1
1509,1.15,0.0,0.0165,0.0,-0.0165,0.296542,0.95502,1
1510,1.1667,0.0,0.0134,0.0,-0.0134,0.300706,0.953717,1
1511,1.1833,0.0,0.0138,0.0,-0.0138,0.304864,0.952396,1
1512,1.2,0.0,0.0122,0.0,-0.0122,0.309017,0.951057,1
1513,1.2167,0.0,0.0162,0.0,-0.0162,0.313164,0.949699,1
1514,1.2333,0.0,0.0174,0.0,-0.0174,0.317305,0.948324,1
1515,1.25,0.0,0.0138,0.0,-0.0138,0.321439,0.94693,1
1516,1.2667,0.0,0.0171,0.0,-0.0171,0.325568,0.945519,1
1517,1.2833,0.0,0.0158,0.0,-0.0158,0.329691,0.944089,1
1518,1.3,0.0,0.0153,0.0,-0.0153,0.333807,0.942641,1
1519,1.3167,0.0,0.0157,0.0,-0.0157,0.337917,0.941176,1
1520,1.3333,0.0,0.0142,0.0,-0.0142,0.34202,0.939693,1
1521,1.35,0.0,0.0162,0.0,-0.0162,0.346117,0.938191,1
1522,1.3667,0.0,0.0162,0.0,-0.0162,0.350207,0.936672,1
1523,1.3833,0.0,0.0171,0.0,-0.0171,0.354291,0.935135,1
1524,1.4,0.0,0.0153,0.0,-0.0153,0.358368,0.93358,1
1525,1.4167,0.0,0.0179,0.0,-0.0179,0.362438,0.932008,1
1526,1.4333,0.0,0.0143,0.0,-0.0143,0.366501,0.930418,1
1527,1.45,0.0,0.0127,0.0,-0.0127,0.370557,0.92881,1
1528,1.4667,0.0,0.0168,0.0,-0.0168,0.374607,0.927184,1
1529,1.4833,0.0,0.0153,0.0,-0.0153,0.378649,0.925541,1
1530,1.5,0.0,0.0149,0.0,-0.0149,0.382683,0.92388,1
1531,1.5167,0.0,0.0116,0.0,-0.0116,0.386711,0.922201,1
1532,1.5333,0.0,0.0163,0.0,-0.0163,0.390731,0.920505,1
1533,1.55,0.0,0.0124,0.0,-0.0124,0.394744,0.918791,1
1534,1.5667,0.0,0.0098,0.0,-0.0098,0.398749,0.91706,1
1535,1.5833,0.0,0.016,0.0,-0.016,0.402747,0.915311,1
1536,1.6,0.0,0.0134,0.0,-0.0134,0.406737,0.913545,1
1537,1.6167,0.0,0.0127,0.0,-0.0127,0.410719,0.911762,1
1538,1.6333,0.0,0.0174,0.0,-0.0174,0.414693,0.909961,1
1539,1.65,0.0,0.0173,0.0,-0.0173,0.41866,0.908143,1
1540,1.6667,0.0,0.0133,0.0,-0.0133,0.422618,0.906308,1
1541,1.6833,0.0,0.0174,0.0,-0.0174,0.426569,0.904455,1
1542,1.7,0.0,0.0189,0.0,-0.0189,0.430511,0.902585,1
1543,1.7167,0.0,0.0139,0.0,-0.0139,0.434445,0.900698,1
1544,1.7333,0.0,0.015,0.0,-0.015,0.438371,0.898794,1
1545,1.75,0.0,0.016,0.0,-0.016,0.442289,0.896873,1
1546,1.7667,0.0,0.0185,0.0,-0.0185,0.446198,0.894934,1
1547,1.7833,0.0,0.0157,0.0,-0.0157,0.450098,0.892979,1
1548,1.8,0.0,0.0199,0.0,-0.0199,0.45399,0.891007,1
1549,1.8167,0.0,0.017,0.0,-0.017,0.457874,0.889017,1
1550,1.8333,0.0,0.0202,0.0,-0.0202,0.461749,0.887011,1
1551,1.85,0.0,0.0139,0.0,-0.0139,0.465615,0.884988,1
1552,1.8667,0.0,0.014,0.0,-0.014,0.469472,0.882948,1
1553,1.8833,0.0,0.0141,0.0,-0.0141,0.47332,0.880891,1
1554,1.9,0.0,0.0185,0.0,-0.0185,0.477159,0.878817,1
1555,1.9167,0.0,0.0167,0.0,-0.0167,0.480989,0.876727,1
1556,1.9333,0.0,0.0143,0.0,-0.0143,0.48481,0.87462,1
1557,1.95,0.0,0.018,0.0,-0.018,0.488621,0.872496,1
1558,1.9667,0.0,0.0167,0.0,-0.0167,0.492424,0.870356,1
1559,1.9833,0.0,0.0156,0.0,-0.0156,0.496217,0.868199,1
1560,2.0,0.0,0.0177,0.0,-0.0177,0.5,0.866025,1
1561,2.0167,0.0,0.0123,0.0,-0.0123,0.503774,0.863836,1
1562,2.0333,0.0,0.0137,0.0,-0.0137,0.507538,0.861629,1
1563,2.05,0.0,0.0137,0.0,-0.0137,0.511293,0.859406,1
1564,2.0667,0.0,0.0167,0.0,-0.0167,0.515038,0.857167,1
1565,2.0833,0.0,0.011,0.0,-0.011,0.518773,0.854912,1
1566,2.1,0.0,0.015,0.0,-0.015,0.522499,0.85264,1
1567,2.1167,0.0,0.0161,0.0,-0.0161,0.526214,0.850352,1
1568,2.1333,0.0,0.0169,0.0,-0.0169,0.529919,0.848048,1
1569,2.15,0.0,0.0148,0.0,-0.0148,0.533615,0.845728,1
1570,2.1667,0.0,0.0172,0.0,-0.0172,0.5373,0.843391,1
1571,2.1833,0.0,0.0151,0.0,-0.0151,0.540974,0.841039,1
1572,2.2,0.0,0.016,0.0,-0.016,0.544639,0.838671,1
1573,2.2167,0.0,0.0116,0.0,-0.0116,0.548293,0.836286,1
1574,2.2333,0.0,0.0144,0.0,-0.0144,0.551937,0.833886,1
1575,2.25,0.0,0.0191,0.0,-0.0191,0.55557,0.83147,1
1576,2.2667,0.0,0.018,0.0,-0.018,0.559193,0.829038,1
1577,2.2833,0.0,0.0181,0.0,-0.0181,0.562805,0.82659,1
1578,2.3,0.0,0.0193,0.0,-0.0193,0.566406,0.824126,1
1579,2.3167,0.0,0.013,0.0,-0.013,0.569997,0.821647,1
1580,2.3333,0.0,0.0148,0.0,-0.0148,0.573576,0.819152,1
1581,2.35,0.0,0.0181,0.0,-0.0181,0.577145,0.816642,1
1582,2.3667,0.0,0.0124,0.0,-0.0124,0.580703,0.814116,1
1583,2.3833,0.0,0.0166,0.0,-0.0166,0.58425,0.811574,1
1584,2.4,0.0,0.0156,0.0,-0.0156,0.587785,0.809017,1
1585,2.4167,0.0,0.0166,0.0,-0.0166,0.59131,0.806445,1
1586,2.4333,0.0,0.0152,0.0,-0.0152,0.594823,0.803857,1
1587,2.45,0.0,0.0154,0.0,-0.0154,0.598325,0.801254,1
1588,2.4667,0.0,0.0143,0.0,-0.0143,0.601815,0.798636,1
1589,2.4833,0.0,0.0189,0.0,-0.0189,0.605294,0.796002,1
1590,2.5,0.0,0.0176,0.0,-0.0176,0.608761,0.793353,1
1591,2.5167,0.0,0.0145,0.0,-0.0145,0.612217,0.79069,1
1592,2.5333,0.0,0.0185,0.0,-0.0185,0.615661,0.788011,1
1593,2.55,0.0,0.0145,0.0,-0.0145,0.619094,0.785317,1
1594,2.5667,0.0,0.0152,0.0,-0.0152,0.622515,0.782608,1
1595,2.5833,0.0,0.0141,0.0,-0.0141,0.625923,0.779884,1
1596,2.6,0.0,0.0126,0.0,-0.0126,0.62932,0.777146,1
1597,2.6167,0.0,0.0165,0.0,-0.0165,0.632705,0.774393,1
1598,2.6333,0.0,0.018,0.0,-0.018,0.636078,0.771625,1
1599,2.65,0.0,0.0174,0.0,-0.0174,0.639439,0.768842,1
1600,2.6667,0.0,0.0175,0.0,-0.0175,0.642788,0.766044,1
1601,2.6833,0.0,0.0145,0.0,-0.0145,0.646124,0.763232,1
1602,2.7,0.0,0.0143,0.0,-0.0143,0.649448,0.760406,1
1603,2.7167,0.0,0.0209,0.0,-0.0209,0.65276,0.757565,1
1604,2.7333,0.0,0.0133,0.0,-0.0133,0.656059,0.75471,1
1605,2.75,0.0,0.0127,0.0,-0.0127,0.659346,0.75184,1
1606,2.7667,0.0,0.0178,0.0,-0.0178,0.66262,0.748956,1
1607,2.7833,0.0,0.0158,0.0,-0.0158,0.665882,0.746057,1
1608,2.8,0.0,0.0167,0.0,-0.0167,0.669131,0.743145,1
1609,2.8167,0.0,0.0179,0.0,-0.0179,0.672367,0.740218,1
1610,2.8333,0.0,0.0178,0.0,-0.0178,0.67559,0.737277,1
1611,2.85,0.0,0.0212,0.0,-0.0212,0.678801,0.734323,1
1612,2.8667,0.0,0.0156,0.0,-0.0156,0.681998,0.731354,1
1613,2.8833,0.0,0.0132,0.0,-0.0132,0.685183,0.728371,1
1614,2.9,0.0,0.0144,0.0,-0.0144,0.688355,0.725374,1
1615,2.9167,0.0,0.0174,0.0,-0.0174,0.691513,0.722364,1
1616,2.9333,0.0,0.0143,0.0,-0.0143,0.694658,0.71934,1
1617,2.95,0.0,0.0157,0.0,-0.0157,0.69779,0.716302,1
1618,2.9667,0.0,0.0161,0.0,-0.0161,0.700909,0.71325,1
1619,2.9833,0.0,0.0166,0.0,-0.0166,0.704015,0.710185,1
1620,3.0,0.0,0.0191,0.0,-0.0191,0.707107,0.707107,1
1621,3.0167,0.0,0.0158,0.0,-0.0158,0.710185,0.704015,1
1622,3.0333,0.0,0.014,0.0,-0.014,0.71325,0.700909,1
1623,3.05,0.0,0.0159,0.0,-0.0159,0.716302,0.69779,1
1624,3.0667,0.0,0.0165,0.0,-0.0165,0.71934,0.694658,1
1625,3.0833,0.0,0.0164,0.0,-0.0164,0.722364,0.691513,1
1626,3.1,0.0,0.0154,0.0,-0.0154,0.725374,0.688355,1
1627,3.1167,0.0,0.0209,0.0,-0.0209,0.728371,0.685183,1
1628,3.1333,0.0,0.0124,0.0,-0.0124,0.731354,0.681998,1
1629,3.15,0.0,0.017,0.0,-0.017,0.734323,0.678801,1
1630,3.1667,0.0,0.0197,0.0,-0.0197,0.737277,0.67559,1
1631,3.1833,0.0,0.0156,0.0,-0.0156,0.740218,0.672367,1
1632,3.2,0.0,0.0154,0.0,-0.0154,0.743145,0.669131,1
1633,3.2167,0.0,0.0113,0.0,-0.0113,0.746057,0.665882,1
1634,3.2333,0.0,0.0103,0.0,-0.0103,0.748956,0.66262,1
1635,3.25,0.0,0.0133,0.0,-0.0133,0.75184,0.659346,1
1636,3.2667,0.0,0.0163,0.0,-0.0163,0.75471,0.656059,1
1637,3.2833,0.0,0.0131,0.0,-0.0131,0.757565,0.65276,1
1638,3.3,0.0,0.0127,0.0,-0.0127,0.760406,0.649448,1
1639,3.3167,0.0,0.0178,0.0,-0.0178,0.763232,0.646124,1
1640,3.3333,0.0,0.0138,0.0,-0.0138,0.766044,0.642788,1
1641,3.35,0.0,0.0172,0.0,-0.0172,0.768842,0.639439,1
1642,3.3667,0.0,0.0134,0.0,-0.0134,0.771625,0.636078,1
1643,3.3833,0.0,0.0157,0.0,-0.0157,0.774393,0.632705,1
1644,3.4,0.0,0.0149,0.0,-0.0149,0.777146,0.62932,1
1645,3.4167,0.0,0.0142,0.0,-0.0142,0.779884,0.625923,1
1646,3.4333,0.0,0.0161,0.0,-0.0161,0.782608,0.622515,1
1647,3.45,0.0,0.0175,0.0,-0.0175,0.785317,0.619094,1
1648,3.4667,0.0,0.0166,0.0,-0.0166,0.788011,0.615661,1
1649,3.4833,0.0,0.0157,0.0,-0.0157,0.79069,0.612217,1
1650,3.5,0.0,0.0115,0.0,-0.0115,0.793353,0.608761,1
1651,3.5167,0.0,0.0179,0.0,-0.0179,0.796002,0.605294,1
1652,3.5333,0.0,0.0177,0.0,-0.0177,0.798636,0.601815,1
1653,3.55,0.0,0.0126,0.0,-0.0126,0.801254,0.598325,1
1654,3.5667,0.0,0.0133,0.0,-0.0133,0.803857,0.594823,1
1655,3.5833,0.0,0.018,0.0,-0.018,0.806445,0.59131,1
1656,3.6,0.0,0.0162,0.0,-0.0162,0.809017,0.587785,1
1657,3.6167,0.0,0.016,0.0,-0.016,0.811574,0.58425,1
1658,3.6333,0.0,0.0157,0.0,-0.0157,0.814116,0.580703,1
1659,3.65,0.0,0.012,0.0,-0.012,0.816642,0.577145,1
1660,3.6667,0.0,0.0188,0.0,-0.0188,0.819152,0.573576,1
1661,3.6833,0.0,0.0135,0.0,-0.0135,0.821647,0.569997,1
1662,3.7,0.0,0.0192,0.0,-0.0192,0.824126,0.566406,1
1663,3.7167,0.0,0.0165,0.0,-0.0165,0.82659,0.562805,1
1664,3.7333,0.0,0.0144,0.0,-0.0144,0.829038,0.559193,1
1665,3.75,0.0,0.0107,0.0,-0.0107,0.83147,0.55557,1
1666,3.7667,0.0,0.0151,0.0,-0.0151,0.833886,0.551937,1
1667,3.7833,0.0,0.0173,0.0,-0.0173,0.836286,0.548293,1
1668,3.8,0.0,0.0161,0.0,-0.0161,0.838671,0.544639,1
1669,3.8167,0.0,0.0153,0.0,-0.0153,0.841039,0.540974,1
1670,3.8333,0.0,0.0155,0.0,-0.0155,0.843391,0.5373,1
1671,3.85,0.0,0.0162,0.0,-0.0162,0.845728,0.533615,1
1672,3.8667,0.0,0.0131,0.0,-0.0131,0.848048,0.529919,1
1673,3.8833,0.0,0.0169,0.0,-0.0169,0.850352,0.526214,1
1674,3.9,0.0,0.0133,0.0,-0.0133,0.85264,0.522499,1
1675,3.9167,0.0,0.0138,0.0,-0.0138,0.854912,0.518773,1
1676,3.9333,0.0,0.0132,0.0,-0.0132,0.857167,0.515038,1
1677,3.95,0.0,0.0165,0.0,-0.0165,0.859406,0.511293,1
1678,3.9667,0.0,0.0151,0.0,-0.0151,0.861629,0.507538,1
1679,3.9833,0.0,0.0194,0.0,-0.0194,0.863836,0.503774,1
1680,4.0,0.0,0.0113,0.0,-0.0113,0.866025,0.5,1
1681,4.0167,0.0,0.0179,0.0,-0.0179,0.868199,0.496217,1
1682,4.0333,0.0,0.0159,0.0,-0.0159,0.870356,0.492424,1
1683,4.05,0.0,0.0151,0.0,-0.0151,0.872496,0.488621,1
1684,4.0667,0.0,0.0148,0.0,-0.0148,0.87462,0.48481,1
1685,4.0833,0.0,0.0123,0.0,-0.0123,0.876727,0.480989,1
1686,4.1,0.0,0.016,0.0,-0.016,0.878817,0.477159,1
1687,4.1167,0.0,0.0171,0.0,-0.0171,0.880891,0.47332,1
1688,4.1333,0.0,0.016,0.0,-0.016,0.882948,0.469472,1
1689,4.15,0.0,0.0152,0.0,-0.0152,0.884988,0.465615,1
1690,4.1667,0.0,0.0154,0.0,-0.0154,0.887011,0.461749,1
1691,4.1833,0.0,0.0216,0.0,-0.0216,0.889017,0.457874,1
1692,4.2,0.0,0.0147,0.0,-0.0147,0.891007,0.45399,1
1693,4.2167,0.0,0.0179,0.0,-0.0179,0.892979,0.450098,1
1694,4.2333,0.0,0.0193,0.0,-0.0193,0.894934,0.446198,1
1695,4.25,0.0,0.0169,0.0,-0.0169,0.896873,0.442289,1
1696,4.2667,0.0,0.0162,0.0,-0.0162,0.898794,0.438371,1
1697,4.2833,0.0,0.014,0.0,-0.014,0.900698,0.434445,1
1698,4.3,0.0,0.0148,0.0,-0.0148,0.902585,0.430511,1
1699,4.3167,0.0,0.0134,0.0,-0.0134,0.904455,0.426569,1
1700,4.3333,0.0,0.0174,0.0,-0.0174,0.906308,0.422618,1
1701,4.35,0.0,0.0164,0.0,-0.0164,0.908143,0.41866,1
1702,4.3667,0.0,0.0158,0.0,-0.0158,0.909961,0.414693,1
1703,4.3833,0.0,0.0186,0.0,-0.0186,0.911762,0.410719,1
1704,4.4,0.0,0.013,0.0,-0.013,0.913545,0.406737,1
1705,4.4167,0.0,0.0147,0.0,-0.0147,0.915311,0.402747,1
1706,4.4333,0.0,0.0154,0.0,-0.0154,0.91706,0.398749,1
1707,4.45,0.0,0.014,0.0,-0.014,0.918791,0.394744,1
1708,4.4667,0.0,0.0145,0.0,-0.0145,0.920505,0.390731,1
1709,4.4833,0.0,0.0141,0.0,-0.0141,0.922201,0.386711,1
1710,4.5,0.0,0.016,0.0,-0.016,0.92388,0.382683,1
1711,4.5167,0.0,0.0137,0.0,-0.0137,0.925541,0.378649,1
1712,4.5333,0.0,0.0146,0.0,-0.0146,0.927184,0.374607,1
1713,4.55,0.0,0.0168,0.0,-0.0168,0.92881,0.370557,1
1714,4.5667,0.0,0.0165,0.0,-0.0165,0.930418,0.366501,1
1715,4.5833,0.0,0.0168,0.0,-0.0168,0.932008,0.362438,1
1716,4.6,0.0,0.0158,0.0,-0.0158,0.93358,0.358368,1
1717,4.6167,0.0,0.0177,0.0,-0.0177,0.935135,0.354291,1
1718,4.6333,0.0,0.0135,0.0,-0.0135,0.936672,0.350207,1
1719,4.65,0.0,0.0171,0.0,-0.0171,0.938191,0.346117,1
1720,4.6667,0.0,0.0172,0.0,-0.0172,0.939693,0.34202,1
1721,4.6833,0.0,0.0133,0.0,-0.0133,0.941176,0.337917,1
1722,4.7,0.0,0.0139,0.0,-0.0139,0.942641,0.333807,1
1723,4.7167,0.0,0.0157,0.0,-0.0157,0.944089,0.329691,1
1724,4.7333,0.0,0.0165,0.0,-0.0165,0.945519,0.325568,1
1725,4.75,0.0,0.0131,0.0,-0.0131,0.94693,0.321439,1
1726,4.7667,0.0,0.0147,0.0,-0.0147,0.948324,0.317305,1
1727,4.7833,0.0,0.0152,0.0,-0.0152,0.949699,0.313164,1
1728,4.8,0.0,0.015,0.0,-0.015,0.951057,0.309017,1
1729,4.8167,0.0,0.015,0.0,-0.015,0.952396,0.304864,1
1730,4.8333,0.0,0.0156,0.0,-0.0156,0.953717,0.300706,1
1731,4.85,0.0,0.0182,0.0,-0.0182,0.95502,0.296542,1
1732,4.8667,0.0,0.0116,0.0,-0.0116,0.956305,0.292372,1
1733,4.8833,0.0,0.0182,0.0,-0.0182,0.957571,0.288196,1
1734,4.9,0.0,0.0148,0.0,-0.0148,0.95882,0.284015,1
1735,4.9167,0.0,0.0142,0.0,-0.0142,0.96005,0.279829,1
1736,4.9333,0.0,0.0151,0.0,-0.0151,0.961262,0.275637,1
1737,4.95,0.0,0.014,0.0,-0.014,0.962455,0.27144,1
1738,4.9667,0.0,0.016,0.0,-0.016,0.96363,0.267238,1
1739,4.9833,0.0,0.0185,0.0,-0.0185,0.964787,0.263031,1
1740,5.0,0.0,0.0171,0.0,-0.0171,0.965926,0.258819,1
1741,5.0167,0.0,0.0161,0.0,-0.0161,0.967046,0.254602,1
1742,5.0333,0.0,0.0156,0.0,-0.0156,0.968148,0.25038,1
1743,5.05,0.0,0.0144,0.0,-0.0144,0.969231,0.246153,1
1744,5.0667,0.0,0.0142,0.0,-0.0142,0.970296,0.241922,1
1745,5.0833,0.0,0.0179,0.0,-0.0179,0.971342,0.237686,1
1746,5.1,0.0,0.0172,0.0,-0.0172,0.97237,0.233445,1
1747,5.1167,0.0,0.0186,0.0,-0.0186,0.973379,0.2292,1
1748,5.1333,0.0,0.0178,0.0,-0.0178,0.97437,0.224951,1
1749,5.15,0.0,0.0153,0.0,-0.0153,0.975342,0.220697,1
1750,5.1667,0.0,0.0174,0.0,-0.0174,0.976296,0.21644,1
1751,5.1833,0.0,0.015,0.0,-0.015,0.977231,0.212178,1
1752,5.2,0.0,0.0167,0.0,-0.0167,0.978148,0.207912,1
1753,5.2167,0.0,0.0158,0.0,-0.0158,0.979045,0.203642,1
1754,5.2333,0.0,0.0142,0.0,-0.0142,0.979925,0.199368,1
1755,5.25,0.0,0.0184,0.0,-0.0184,0.980785,0.19509,1
1756,5.2667,0.0,0.0131,0.0,-0.0131,0.981627,0.190809,1
1757,5.2833,0.0,0.013,0.0,-0.013,0.98245,0.186524,1
1758,5.3,0.0,0.0145,0.0,-0.0145,0.983255,0.182236,1
1759,5.3167,0.0,0.0181,0.0,-0.0181,0.984041,0.177944,1
1760,5.3333,0.0,0.0158,0.0,-0.0158,0.984808,0.173648,1
1761,5.35,0.0,0.0125,0.0,-0.0125,0.985556,0.16935,1
1762,5.3667,0.0,0.0155,0.0,-0.0155,0.986286,0.165048,1
1763,5.3833,0.0,0.0145,0.0,-0.0145,0.986996,0.160743,1
1764,5.4,0.0,0.0149,0.0,-0.0149,0.987688,0.156434,1
1765,5.4167,0.0,0.0174,0.0,-0.0174,0.988362,0.152123,1
1766,5.4333,0.0,0.019,0.0,-0.019,0.989016,0.147809,1
1767,5.45,0.0,0.0119,0.0,-0.0119,0.989651,0.143493,1
1768,5.4667,0.0,0.0133,0.0,-0.0133,0.990268,0.139173,1
1769,5.4833,0.0,0.0141,0.0,-0.0141,0.990866,0.134851,1
1770,5.5,0.0,0.0176,0.0,-0.0176,0.991445,0.130526,1
1771,5.5167,0.0,0.0144,0.0,-0.0144,0.992005,0.126199,1
1772,5.5333,0.0,0.017,0.0,-0.017,0.992546,0.121869,1
1773,5.55,0.0,0.0156,0.0,-0.0156,0.993068,0.117537,1
1774,5.5667,0.0,0.015,0.0,-0.015,0.993572,0.113203,1
1775,5.5833,0.0,0.0166,0.0,-0.0166,0.994056,0.108867,1
1776,5.6,0.0,0.0148,0.0,-0.0148,0.994522,0.104528,1
1777,5.6167,0.0,0.0145,0.0,-0.0145,0.994969,0.100188,1
1778,5.6333,0.0,0.0179,0.0,-0.0179,0.995396,0.095846,1
1779,5.65,0.0,0.0131,0.0,-0.0131,0.995805,0.091502,1
1780,5.6667,0.0,0.0159,0.0,-0.0159,0.996195,0.087156,1
1781,5.6833,0.0,0.0153,0.0,-0.0153,0.996566,0.082808,1
1782,5.7,0.0,0.0181,0.0,-0.0181,0.996917,0.078459,1
1783,5.7167,0.0,0.0151,0.0,-0.0151,0.99725,0.074108,1
1784,5.7333,0.0,0.0194,0.0,-0.0194,0.997564,0.069756,1
1785,5.75,0.0,0.0171,0.0,-0.0171,0.997859,0.065403,1
1786,5.7667,0.0,0.0172,0.0,-0.0172,0.998135,0.061049,1
1787,5.7833,0.0,0.0164,0.0,-0.0164,0.998392,0.056693,1
1788,5.8,0.0,0.0188,0.0,-0.0188,0.99863,0.052336,1
1789,5.8167,0.0,0.0177,0.0,-0.0177,0.998848,0.047978,1
1790,5.8333,0.0,0.0156,0.0,-0.0156,0.999048,0.043619,1
1791,5.85,0.0,0.0138,0.0,-0.0138,0.999229,0.03926,1
1792,5.8667,0.0,0.0194,0.0,-0.0194,0.999391,0.034899,1
1793,5.8833,0.0,0.0133,0.0,-0.0133,0.999534,0.030539,1
1794,5.9,0.0,0.0146,0.0,-0.0146,0.999657,0.026177,1
1795,5.9167,0.0,0.0199,0.0,-0.0199,0.999762,0.021815,1
1796,5.9333,0.0,0.0132,0.0,-0.0132,0.999848,0.017452,1
1797,5.95,0.0,0.0136,0.0,-0.0136,0.999914,0.01309,1
1798,5.9667,0.0,0.0139,0.0,-0.0139,0.999962,0.008727,1
1799,5.9833,0.0,0.0156,0.0,-0.0156,0.99999,0.004363,1
1800,6.0,0.003233,0.0308,0.0,-0.027567,1.0,0.0,1
1801,6.0167,0.0,0.031,0.0,-0.031,0.99999,-0.004363,1
1802,6.0333,0.0026,0.0292,0.0,-0.0266,0.999962,-0.008727,1
1803,6.05,0.0013,0.0298,0.0,-0.0285,0.999914,-0.01309,1
1804,6.0667,0.001617,0.0263,0.0,-0.024683,0.999848,-0.017452,1
1805,6.0833,0.002633,0.0282,0.0,-0.025567,0.999762,-0.021815,1
1806,6.1,0.002467,0.0268,0.0,-0.024333,0.999657,-0.026177,1
1807,6.1167,0.008167,0.0308,0.0,-0.022633,0.999534,-0.030539,1
1808,6.1333,0.006483,0.0294,0.0,-0.022917,0.999391,-0.034899,1
1809,6.15,0.0045,0.0251,0.0,-0.0206,0.999229,-0.03926,1
1810,6.1667,0.007617,0.0294,0.0,-0.021783,0.999048,-0.043619,1
1811,6.1833,0.005117,0.0306,0.0,-0.025483,0.998848,-0.047978,1
1812,6.2,0.010633,0.0277,0.0,-0.017067,0.99863,-0.052336,1
1813,6.2167,0.0078,0.0305,0.0,-0.0227,0.998392,-0.056693,1
1814,6.2333,0.00745,0.0259,0.0,-0.01845,0.998135,-0.061049,1
1815,6.25,0.0113,0.0297,0.0,-0.0184,0.997859,-0.065403,1
1816,6.2667,0.01525,0.0289,0.0,-0.01365,0.997564,-0.069756,1
1817,6.2833,0.0082,0.0271,0.0,-0.0189,0.99725,-0.074108,1
1818,6.3,0.009017,0.0276,0.0,-0.018583,0.996917,-0.078459,1
1819,6.3167,0.013817,0.0302,0.0,-0.016383,0.996566,-0.082808,1
1820,6.3333,0.00685,0.0283,0.0,-0.02145,0.996195,-0.087156,1
1821,6.35,0.016167,0.0278,0.0,-0.011633,0.995805,-0.091502,1
1822,6.3667,0.012083,0.0293,0.0,-0.017217,0.995396,-0.095846,1
1823,6.3833,0.018383,0.0269,0.0,-0.008517,0.994969,-0.100188,1
1824,6.4,0.014283,0.029,0.0,-0.014717,0.994522,-0.104528,1
1825,6.4167,0.016117,0.0282,0.0,-0.012083,0.994056,-0.108867,1
1826,6.4333,0.013917,0.0278,0.0,-0.013883,0.993572,-0.113203,1
1827,6.45,0.023617,0.0289,0.0,-0.005283,0.993068,-0.117537,1
1828,6.4667,0.017183,0.0285,0.0,-0.011317,0.992546,-0.121869,1
1829,6.4833,0.018833,0.0281,0.0,-0.009267,0.992005,-0.126199,1
1830,6.5,0.019267,0.0321,0.0,-0.012833,0.991445,-0.130526,1
1831,6.5167,0.024633,0.0262,0.0,-0.001567,0.990866,-0.134851,1
1832,6.5333,0.020733,0.0277,0.0,-0.006967,0.990268,-0.139173,1
1833,6.55,0.020717,0.0278,0.0,-0.007083,0.989651,-0.143493,1
1834,6.5667,0.021333,0.0293,0.0,-0.007967,0.989016,-0.147809,1
1835,6.5833,0.02365,0.0279,0.0,-0.00425,0.988362,-0.152123,1
1836,6.6,0.0229,0.0281,0.0,-0.0052,0.987688,-0.156434,1
1837,6.6167,0.026983,0.0273,0.0,-0.000317,0.986996,-0.160743,1
1838,6.6333,0.0252,0.0298,0.0,-0.0046,0.986286,-0.165048,1
1839,6.65,0.0229,0.0283,0.0,-0.0054,0.985556,-0.16935,1
1840,6.6667,0.0321,0.026,0.0061,0.0061,0.984808,-0.173648,0
1841,6.6833,0.023633,0.0296,0.0001,-0.005967,0.984041,-0.177944,0
1842,6.7,0.03535,0.0256,0.0099,0.00975,0.983255,-0.182236,0
1843,6.7167,0.029417,0.0268,0.0125,0.002617,0.98245,-0.186524,0
1844,6.7333,0.02895,0.0301,0.0114,-0.00115,0.981627,-0.190809,0
1845,6.75,0.034683,0.0299,0.0162,0.004783,0.980785,-0.19509,0
1846,6.7667,0.030717,0.0303,0.0166,0.000417,0.979925,-0.199368,0
1847,6.7833,0.02885,0.0302,0.0153,-0.00135,0.979045,-0.203642,0
1848,6.8,0.030733,0.0297,0.0163,0.001033,0.978148,-0.207912,0
1849,6.8167,0.027367,0.0237,0.02,0.003667,0.977231,-0.212178,0
1850,6.8333,0.033017,0.0282,0.0248,0.004817,0.976296,-0.21644,0
1851,6.85,0.034333,0.0252,0.0339,0.009133,0.975342,-0.220697,0
1852,6.8667,0.034033,0.028,0.0399,0.006033,0.97437,-0.224951,0
1853,6.8833,0.033667,0.0253,0.0483,0.008367,0.973379,-0.2292,0
1854,6.9,0.038583,0.0293,0.0576,0.009283,0.97237,-0.233445,0
1855,6.9167,0.031583,0.0311,0.0581,0.000483,0.971342,-0.237686,0
1856,6.9333,0.035733,0.0304,0.0634,0.005333,0.970296,-0.241922,0
1857,6.95,0.034467,0.0263,0.0716,0.008167,0.969231,-0.246153,0
1858,6.9667,0.041317,0.0278,0.0851,0.013517,0.968148,-0.25038,0
1859,6.9833,0.035667,0.0302,0.0906,0.005467,0.967046,-0.254602,0
1860,7.0,0.04005,0.0586,0.072,-0.01855,0.965926,-0.258819,0
1861,7.0167,0.035783,0.0578,0.05,-0.022017,0.964787,-0.263031,0
1862,7.0333,0.035733,0.0506,0.0351,-0.014867,0.96363,-0.267238,0
1863,7.05,0.044483,0.0534,0.0262,-0.008917,0.962455,-0.27144,0
1864,7.0667,0.04495,0.0518,0.0193,-0.00685,0.961262,-0.275637,0
1865,7.0833,0.04585,0.0538,0.0113,-0.00795,0.96005,-0.279829,0
1866,7.1,0.036933,0.0507,0.0,-0.013767,0.95882,-0.284015,1
1867,7.1167,0.0422,0.0518,0.0,-0.0096,0.957571,-0.288196,1
1868,7.1333,0.040233,0.0498,0.0,-0.009567,0.956305,-0.292372,1
1869,7.15,0.04515,0.0502,0.0,-0.00505,0.95502,-0.296542,1
1870,7.1667,0.0431,0.0485,0.0,-0.0054,0.953717,-0.300706,1
1871,7.1833,0.047833,0.0495,0.0,-0.001667,0.952396,-0.304864,1
1872,7.2,0.0452,0.0537,0.0,-0.0085,0.951057,-0.309017,1
1873,7.2167,0.047633,0.0527,0.0,-0.005067,0.949699,-0.313164,1
1874,7.2333,0.049417,0.0517,0.0,-0.002283,0.948324,-0.317305,1
1875,7.25,0.048783,0.0529,0.0,-0.004117,0.94693,-0.321439,1
1876,7.2667,0.050567,0.053,0.0,-0.002433,0.945519,-0.325568,1
1877,7.2833,0.053117,0.0531,0.0,1.7e-05,0.944089,-0.329691,0
1878,7.3,0.048633,0.0515,0.0,-0.002867,0.942641,-0.333807,1
1879,7.3167,0.047867,0.0545,0.0,-0.006633,0.941176,-0.337917,1
1880,7.3333,0.0534,0.0515,0.0019,0.0019,0.939693,-0.34202,0
1881,7.35,0.046983,0.0517,0.0,-0.004717,0.938191,-0.346117,1
1882,7.3667,0.051483,0.0555,0.0,-0.004017,0.936672,-0.350207,1
1883,7.3833,0.05065,0.0491,0.0016,0.00155,0.935135,-0.354291,0
1884,7.4,0.049983,0.0512,0.0004,-0.001217,0.93358,-0.358368,0
1885,7.4167,0.052533,0.0543,0.0,-0.001767,0.932008,-0.362438,1
1886,7.4333,0.0576,0.0554,0.0022,0.0022,0.930418,-0.366501,0
1887,7.45,0.0569,0.0505,0.0086,0.0064,0.92881,-0.370557,0
1888,7.4667,0.057383,0.0518,0.0142,0.005583,0.927184,-0.374607,0
1889,7.4833,0.054933,0.0519,0.0172,0.003033,0.925541,-0.378649,0
1890,7.5,0.058867,0.0512,0.0249,0.007667,0.92388,-0.382683,0
1891,7.5167,0.059517,0.0535,0.0309,0.006017,0.922201,-0.386711,0
1892,7.5333,0.0626,0.0532,0.0403,0.0094,0.920505,-0.390731,0
1893,7.55,0.055583,0.0538,0.0421,0.001783,0.918791,-0.394744,0
1894,7.5667,0.061483,0.0526,0.051,0.008883,0.91706,-0.398749,0
1895,7.5833,0.0598,0.0527,0.0581,0.0071,0.915311,-0.402747,0
1896,7.6,0.062983,0.0488,0.0723,0.014183,0.913545,-0.406737,0
1897,7.6167,0.0629,0.1246,0.0106,-0.0617,0.911762,-0.410719,0
1898,7.6333,0.063867,0.1236,0.0,-0.059733,0.909961,-0.414693,1
1899,7.65,0.057083,0.1257,0.0,-0.068617,0.908143,-0.41866,1
1900,7.6667,0.061967,0.126,0.0,-0.064033,0.906308,-0.422618,1
1901,7.6833,0.065833,0.1278,0.0,-0.061967,0.904455,-0.426569,1
1902,7.7,0.064383,0.1219,0.0,-0.057517,0.902585,-0.430511,1
1903,7.7167,0.064333,0.1215,0.0,-0.057167,0.900698,-0.434445,1
1904,7.7333,0.066,0.1257,0.0,-0.0597,0.898794,-0.438371,1
1905,7.75,0.063967,0.1241,0.0,-0.060133,0.896873,-0.442289,1
1906,7.7667,0.073683,0.1268,0.0,-0.053117,0.894934,-0.446198,1
1907,7.7833,0.06995,0.1242,0.0,-0.05425,0.892979,-0.450098,1
1908,7.8,0.066717,0.1192,0.0,-0.052483,0.891007,-0.45399,1
1909,7.8167,0.074567,0.1244,0.0,-0.049833,0.889017,-0.457874,1
1910,7.8333,0.07065,0.1257,0.0,-0.05505,0.887011,-0.461749,1
1911,7.85,0.068567,0.1237,0.0,-0.055133,0.884988,-0.465615,1
1912,7.8667,0.072283,0.1247,0.0,-0.052417,0.882948,-0.469472,1
1913,7.8833,0.069,0.1238,0.0,-0.0548,0.880891,-0.47332,1
1914,7.9,0.06935,0.1234,0.0,-0.05405,0.878817,-0.477159,1
1915,7.9167,0.0711,0.1251,0.0,-0.054,0.876727,-0.480989,1
1916,7.9333,0.073567,0.127,0.0,-0.053433,0.87462,-0.48481,1
1917,7.95,0.074433,0.1207,0.0,-0.046267,0.872496,-0.488621,1
1918,7.9667,0.0725,0.1244,0.0,-0.0519,0.870356,-0.492424,1
1919,7.9833,0.073033,0.1225,0.0,-0.049467,0.868199,-0.496217,1
1920,8.0,0.0756,0.1222,0.0,-0.0466,0.866025,-0.5,1
1921,8.0167,0.076933,0.1247,0.0,-0.047767,0.863836,-0.503774,1
1922,8.0333,0.076233,0.1272,0.0,-0.050967,0.861629,-0.507538,1
1923,8.05,0.080667,0.1252,0.0,-0.044533,0.859406,-0.511293,1
1924,8.0667,0.078417,0.1218,0.0,-0.043383,0.857167,-0.515038,1
1925,8.0833,0.079467,0.1254,0.0,-0.045933,0.854912,-0.518773,1
1926,8.1,0.0738,0.126,0.0,-0.0522,0.85264,-0.522499,1
1927,8.1167,0.081017,0.1203,0.0,-0.039283,0.850352,-0.526214,1
1928,8.1333,0.081883,0.1225,0.0,-0.040617,0.848048,-0.529919,1
1929,8.15,0.084683,0.1227,0.0,-0.038017,0.845728,-0.533615,1
1930,8.1667,0.078683,0.124,0.0,-0.045317,0.843391,-0.5373,1
1931,8.1833,0.08195,0.1217,0.0,-0.03975,0.841039,-0.540974,1
1932,8.2,0.085617,0.1242,0.0,-0.038583,0.838671,-0.544639,1
1933,8.2167,0.078,0.1254,0.0,-0.0474,0.836286,-0.548293,1
1934,8.2333,0.083917,0.1229,0.0,-0.038983,0.833886,-0.551937,1
1935,8.25,0.081417,0.1219,0.0,-0.040483,0.83147,-0.55557,1
1936,8.2667,0.08585,0.1254,0.0,-0.03955,0.829038,-0.559193,1
1937,8.2833,0.082867,0.1238,0.0,-0.040933,0.82659,-0.562805,1
1938,8.3,0.084867,0.1211,0.0,-0.036233,0.824126,-0.566406,1
1939,8.3167,0.086333,0.1211,0.0,-0.034767,0.821647,-0.569997,1
1940,8.3333,0.087567,0.1251,0.0,-0.037533,0.819152,-0.573576,1
1941,8.35,0.082217,0.1228,0.0,-0.040583,0.816642,-0.577145,1
1942,8.3667,0.08785,0.1247,0.0,-0.03685,0.814116,-0.580703,1
1943,8.3833,0.087867,0.1227,0.0,-0.034833,0.811574,-0.58425,1
1944,8.4,0.087517,0.1274,0.0,-0.039883,0.809017,-0.587785,1
1945,8.4167,0.08635,0.1241,0.0,-0.03775,0.806445,-0.59131,1
1946,8.4333,0.09005,0.127,0.0,-0.03695,0.803857,-0.594823,1
1947,8.45,0.091883,0.1213,0.0,-0.029417,0.801254,-0.598325,1
1948,8.4667,0.09265,0.126,0.0,-0.03335,0.798636,-0.601815,1
1949,8.4833,0.09045,0.1241,0.0,-0.03365,0.796002,-0.605294,1
1950,8.5,0.0918,0.125,0.0,-0.0332,0.793353,-0.608761,1
1951,8.5167,0.097267,0.1212,0.0,-0.023933,0.79069,-0.612217,1
1952,8.5333,0.09405,0.1252,0.0,-0.03115,0.788011,-0.615661,1
1953,8.55,0.093783,0.1224,0.0,-0.028617,0.785317,-0.619094,1
1954,8.5667,0.093167,0.1243,0.0,-0.031133,0.782608,-0.622515,1
1955,8.5833,0.092533,0.051,0.0415,0.041533,0.779884,-0.625923,0
1956,8.6,0.098533,0.0525,0.0875,0.046033,0.777146,-0.62932,0
1957,8.6167,0.092383,0.0518,0.1281,0.040583,0.774393,-0.632705,0
1958,8.6333,0.093467,0.0516,0.17,0.041867,0.771625,-0.636078,0
1959,8.65,0.0927,0.0533,0.2094,0.0394,0.768842,-0.639439,0
1960,8.6667,0.096983,0.0543,0.2521,0.042683,0.766044,-0.642788,0
1961,8.6833,0.100267,0.0502,0.3022,0.050067,0.763232,-0.646124,0
1962,8.7,0.09905,0.0536,0.3477,0.04545,0.760406,-0.649448,0
1963,8.7167,0.095033,0.0481,0.3946,0.046933,0.757565,-0.65276,0
1964,8.7333,0.101317,0.0505,0.4454,0.050817,0.75471,-0.656059,0
1965,8.75,0.099583,0.0491,0.4959,0.050483,0.75184,-0.659346,0
1966,8.7667,0.101817,0.0517,0.546,0.050117,0.748956,-0.66262,0
1967,8.7833,0.102067,0.0496,0.5985,0.052467,0.746057,-0.665882,0
1968,8.8,0.095667,0.052,0.6422,0.043667,0.743145,-0.669131,0
1969,8.8167,0.100467,0.0535,0.6892,0.046967,0.740218,-0.672367,0
1970,8.8333,0.103867,0.0538,0.7393,0.050067,0.737277,-0.67559,0
1971,8.85,0.100183,0.0503,0.7892,0.049883,0.734323,-0.678801,0
1972,8.8667,0.103067,0.0511,0.8412,0.051967,0.731354,-0.681998,0
1973,8.8833,0.1002,0.0473,0.8941,0.0529,0.728371,-0.685183,0
1974,8.9,0.103383,0.0525,0.945,0.050883,0.725374,-0.688355,0
1975,8.9167,0.10445,0.0531,0.9963,0.05135,0.722364,-0.691513,0
1976,8.9333,0.11055,0.0532,1.0536,0.05735,0.71934,-0.694658,0
1977,8.95,0.109167,0.055,1.1078,0.054167,0.716302,-0.69779,0
1978,8.9667,0.10855,0.0529,1.1634,0.05565,0.71325,-0.700909,0
1979,8.9833,0.103033,0.0545,1.2119,0.048533,0.710185,-0.704015,0
1980,9.0,0.10535,0.0262,1.2911,0.07915,0.707107,-0.707107,0
1981,9.0167,0.101733,0.0299,1.3629,0.071833,0.704015,-0.710185,0
1982,9.0333,0.102767,0.0297,1.436,0.073067,0.700909,-0.71325,0
1983,9.05,0.109983,0.0265,1.5195,0.083483,0.69779,-0.716302,0
1984,9.0667,0.1045,0.0303,1.5937,0.0742,0.694658,-0.71934,0
1985,9.0833,0.107383,0.0264,1.6747,0.080983,0.691513,-0.722364,0
1986,9.1,0.103567,0.0317,1.7466,0.071867,0.688355,-0.725374,0
1987,9.1167,0.1117,0.0267,1.8316,0.085,0.685183,-0.728371,0
1988,9.1333,0.107967,0.0269,1.9127,0.081067,0.681998,-0.731354,0
1989,9.15,0.1103,0.0269,1.9961,0.0834,0.678801,-0.734323,0
1990,9.1667,0.114317,0.0303,2.0801,0.084017,0.67559,-0.737277,0
1991,9.1833,0.110467,0.0275,2.1631,0.082967,0.672367,-0.740218,0
1992,9.2,0.11055,0.0316,2.242,0.07895,0.669131,-0.743145,0
1993,9.2167,0.111483,0.0223,2.3312,0.089183,0.665882,-0.746057,0
1994,9.2333,0.112067,0.0318,2.4115,0.080267,0.66262,-0.748956,0
1995,9.25,0.110467,0.0293,2.4927,0.081167,0.659346,-0.75184,0
1996,9.2667,0.112017,0.0258,2.5789,0.086217,0.656059,-0.75471,0
1997,9.2833,0.112483,0.0279,2.6635,0.084583,0.65276,-0.757565,0
1998,9.3,0.112433,0.0288,2.7471,0.083633,0.649448,-0.760406,0
1999,9.3167,0.11395,0.026,2.8351,0.08795,0.646124,-0.763232,0
2000,9.3333,0.11555,0.0254,2.9253,0.09015,0.642788,-0.766044,0
2001,9.35,0.115167,0.0234,3.0171,0.091767,0.639439,-0.768842,0
2002,9.3667,0.1153,0.028,3.1044,0.0873,0.636078,-0.771625,0
2003,9.3833,0.113717,0.0285,3.1896,0.085217,0.632705,-0.774393,0
2004,9.4,0.118233,0.0288,3.279,0.089433,0.62932,-0.777146,0
2005,9.4167,0.115,0.0254,3.3686,0.0896,0.625923,-0.779884,0
2006,9.4333,0.118,0.0296,3.457,0.0884,0.622515,-0.782608,0
2007,9.45,0.118133,0.029,3.5461,0.089133,0.619094,-0.785317,0
2008,9.4667,0.1167,0.0259,3.6369,0.0908,0.615661,-0.788011,0
2009,9.4833,0.114867,0.0284,3.7234,0.086467,0.612217,-0.79069,0
2010,9.5,0.1184,0.0274,3.8144,0.091,0.608761,-0.793353,0
2011,9.5167,0.119767,0.0283,3.9059,0.091467,0.605294,-0.796002,0
2012,9.5333,0.1204,0.0277,3.9986,0.0927,0.601815,-0.798636,0
2013,9.55,0.117033,0.0271,4.0885,0.089933,0.598325,-0.801254,0
2014,9.5667,0.1208,0.0261,4.1832,0.0947,0.594823,-0.803857,0
2015,9.5833,0.1188,0.0279,4.2741,0.0909,0.59131,-0.806445,0
2016,9.6,0.121967,0.0245,4.3716,0.097467,0.587785,-0.809017,0
2017,9.6167,0.1257,0.0292,4.4681,0.0965,0.58425,-0.811574,0
2018,9.6333,0.122717,0.0283,4.5625,0.094417,0.580703,-0.814116,0
2019,9.65,0.122133,0.0293,4.6553,0.092833,0.577145,-0.816642,0
2020,9.6667,0.121483,0.0279,4.7489,0.093583,0.573576,-0.819152,0
2021,9.6833,0.127233,0.0272,4.8489,0.100033,0.569997,-0.821647,0
2022,9.7,0.123433,0.0295,4.9428,0.093933,0.566406,-0.824126,0
2023,9.7167,0.124517,0.0305,5.0368,0.094017,0.562805,-0.82659,0
2024,9.7333,0.127133,0.0292,5.1347,0.097933,0.559193,-0.829038,0
2025,9.75,0.124433,0.028,5.2311,0.096433,0.55557,-0.83147,0
2026,9.7667,0.12335,0.0303,5.3241,0.09305,0.551937,-0.833886,0
2027,9.7833,0.124017,0.0278,5.4203,0.096217,0.548293,-0.836286,0
2028,9.8,0.125383,0.028,5.5177,0.097383,0.544639,-0.838671,0
2029,9.8167,0.131283,0.0267,5.6223,0.104583,0.540974,-0.841039,0
2030,9.8333,0.128233,0.0298,5.7207,0.098433,0.5373,-0.843391,0
2031,9.85,0.128,0.0289,5.8198,0.0991,0.533615,-0.845728,0
2032,9.8667,0.12725,0.0298,5.9173,0.09745,0.529919,-0.848048,0
2033,9.8833,0.12395,0.0274,6.0138,0.09655,0.526214,-0.850352,0
2034,9.9,0.1292,0.0286,6.1144,0.1006,0.522499,-0.85264,0
2035,9.9167,0.132083,0.0277,6.2188,0.104383,0.518773,-0.854912,0
2036,9.9333,0.126217,0.024,6.321,0.102217,0.515038,-0.857167,0
2037,9.95,0.133617,0.03,6.4246,0.103617,0.511293,-0.859406,0
2038,9.9667,0.130517,0.0305,6.5246,0.100017,0.507538,-0.861629,0
2039,9.9833,0.132567,0.0273,6.6299,0.105267,0.503774,-0.863836,0
2040,10.0,0.130083,0.0304,6.7296,0.099683,0.5,-0.866025,0
2041,10.0167,0.13205,0.0292,6.8324,0.10285,0.496217,-0.868199,0
2042,10.0333,0.128667,0.0285,6.9326,0.100167,0.492424,-0.870356,0
2043,10.05,0.12775,0.0302,7.0301,0.09755,0.488621,-0.872496,0
2044,10.0667,0.1302,0.0282,7.1321,0.102,0.48481,-0.87462,0
2045,10.0833,0.133083,0.0293,7.2359,0.103783,0.480989,-0.876727,0
2046,10.1,0.13185,0.0286,7.3392,0.10325,0.477159,-0.878817,0
2047,10.1167,0.131633,0.0307,7.4401,0.100933,0.47332,-0.880891,0
2048,10.1333,0.132767,0.0297,7.5432,0.103067,0.469472,-0.882948,0
2049,10.15,0.131633,0.03,7.6448,0.101633,0.465615,-0.884988,0
2050,10.1667,0.137367,0.026,7.7562,0.111367,0.461749,-0.887011,0
2051,10.1833,0.132883,0.0266,7.8625,0.106283,0.457874,-0.889017,0
2052,10.2,0.135983,0.0316,7.9669,0.104383,0.45399,-0.891007,0
2053,10.2167,0.13765,0.03,8.0746,0.10765,0.450098,-0.892979,0
2054,10.2333,0.1306,0.0241,8.1811,0.1065,0.446198,-0.894934,0
2055,10.25,0.133733,0.0299,8.2849,0.103833,0.442289,-0.896873,0
2056,10.2667,0.132883,0.0299,8.3879,0.102983,0.438371,-0.898794,0
2057,10.2833,0.138117,0.0296,8.4964,0.108517,0.434445,-0.900698,0
2058,10.3,0.1348,0.028,8.6032,0.1068,0.430511,-0.902585,0
2059,10.3167,0.136817,0.0285,8.7115,0.108317,0.426569,-0.904455,0
2060,10.3333,0.13375,0.0278,8.8174,0.10595,0.422618,-0.906308,0
2061,10.35,0.133283,0.0271,8.9236,0.106183,0.41866,-0.908143,0
2062,10.3667,0.135367,0.0282,9.0308,0.107167,0.414693,-0.909961,0
2063,10.3833,0.135467,0.0268,9.1395,0.108667,0.410719,-0.911762,0
2064,10.4,0.1396,0.0283,9.2508,0.1113,0.406737,-0.913545,0
2065,10.4167,0.137567,0.027,9.3614,0.110567,0.402747,-0.915311,0
2066,10.4333,0.13535,0.0288,9.468,0.10655,0.398749,-0.91706,0
2067,10.45,0.13925,0.0302,9.577,0.10905,0.394744,-0.918791,0
2068,10.4667,0.141117,0.0306,9.6875,0.110517,0.390731,-0.920505,0
2069,10.4833,0.1397,0.0295,9.7977,0.1102,0.386711,-0.922201,0
2070,10.5,0.140367,0.0305,9.9076,0.109867,0.382683,-0.92388,0
2071,10.5167,0.13655,0.0268,10.0174,0.10975,0.378649,-0.925541,0
2072,10.5333,0.143283,0.0288,10.1319,0.114483,0.374607,-0.927184,0
2073,10.55,0.138467,0.0295,10.2409,0.108967,0.370557,-0.92881,0
2074,10.5667,0.139933,0.027,10.3538,0.112933,0.366501,-0.930418,0
2075,10.5833,0.143883,0.0287,10.469,0.115183,0.362438,-0.932008,0
2076,10.6,0.1385,0.0268,10.5807,0.1117,0.358368,-0.93358,0
2077,10.6167,0.139717,0.0277,10.6927,0.112017,0.354291,-0.935135,0
2078,10.6333,0.139883,0.0296,10.803,0.110283,0.350207,-0.936672,0
2079,10.65,0.138517,0.0291,10.9124,0.109417,0.346117,-0.938191,0
2080,10.6667,0.14015,0.031,11.0215,0.10915,0.34202,-0.939693,0
2081,10.6833,0.139017,0.0327,11.1278,0.106317,0.337917,-0.941176,0
2082,10.7,0.142767,0.0302,11.2404,0.112567,0.333807,-0.942641,0
2083,10.7167,0.137433,0.0299,11.3479,0.107533,0.329691,-0.944089,0
2084,10.7333,0.141633,0.0253,11.4642,0.116333,0.325568,-0.945519,0
2085,10.75,0.144667,0.0301,11.5788,0.114567,0.321439,-0.94693,0
2086,10.7667,0.144983,0.0294,11.6944,0.115583,0.317305,-0.948324,0
2087,10.7833,0.140967,0.0284,11.807,0.112567,0.313164,-0.949699,0
2088,10.8,0.143567,0.0284,11.9222,0.115167,0.309017,-0.951057,0
2089,10.8167,0.143383,0.0313,12.0343,0.112083,0.304864,-0.952396,0
2090,10.8333,0.143667,0.0308,12.1472,0.112867,0.300706,-0.953717,0
2091,10.85,0.14825,0.0287,12.2667,0.11955,0.296542,-0.95502,0
2092,10.8667,0.144033,0.0304,12.3803,0.113633,0.292372,-0.956305,0
2093,10.8833,0.1397,0.0257,12.4943,0.114,0.288196,-0.957571,0
2094,10.9,0.146883,0.0268,12.6144,0.120083,0.284015,-0.95882,0
2095,10.9167,0.143083,0.0247,12.7328,0.118383,0.279829,-0.96005,0
2096,10.9333,0.141267,0.0292,12.8449,0.112067,0.275637,-0.961262,0
2097,10.95,0.1475,0.0268,12.9656,0.1207,0.27144,-0.962455,0
2098,10.9667,0.14545,0.0302,13.0808,0.11525,0.267238,-0.96363,0
2099,10.9833,0.14495,0.0304,13.1953,0.11455,0.263031,-0.964787,0
2100,11.0,0.143533,0.0308,13.308,0.112733,0.258819,-0.965926,0
2101,11.0167,0.143633,0.0282,13.4234,0.115433,0.254602,-0.967046,0
2102,11.0333,0.151467,0.0252,13.5497,0.126267,0.25038,-0.968148,0
2103,11.05,0.146867,0.0278,13.6688,0.119067,0.246153,-0.969231,0
2104,11.0667,0.143817,0.0307,13.7819,0.113117,0.241922,-0.970296,0
2105,11.0833,0.146017,0.0321,13.8958,0.113917,0.237686,-0.971342,0
2106,11.1,0.144983,0.0286,14.0122,0.116383,0.233445,-0.97237,0
2107,11.1167,0.142167,0.0292,14.1252,0.112967,0.2292,-0.973379,0
2108,11.1333,0.14475,0.0281,14.2418,0.11665,0.224951,-0.97437,0
2109,11.15,0.150967,0.0295,14.3633,0.121467,0.220697,-0.975342,0
2110,11.1667,0.14575,0.0271,14.4819,0.11865,0.21644,-0.976296,0
2111,11.1833,0.146517,0.0273,14.6011,0.119217,0.212178,-0.977231,0
2112,11.2,0.143267,0.0285,14.7159,0.114767,0.207912,-0.978148,0
2113,11.2167,0.149367,0.0301,14.8352,0.119267,0.203642,-0.979045,0
2114,11.2333,0.148083,0.0279,14.9554,0.120183,0.199368,-0.979925,0
2115,11.25,0.149483,0.0265,15.0,0.122983,0.19509,-0.980785,0
2116,11.2667,0.1444,0.0256,15.0,0.1188,0.190809,-0.981627,0
2117,11.2833,0.149633,0.0281,15.0,0.121533,0.186524,-0.98245,0
2118,11.3,0.149,0.0325,15.0,0.1165,0.182236,-0.983255,0
2119,11.3167,0.147217,0.0283,15.0,0.118917,0.177944,-0.984041,0
2120,11.3333,0.147583,0.0258,15.0,0.121783,0.173648,-0.984808,0
2121,11.35,0.147783,0.0247,15.0,0.123083,0.16935,-0.985556,0
2122,11.3667,0.147917,0.0276,15.0,0.120317,0.165048,-0.986286,0
2123,11.3833,0.152483,0.0278,15.0,0.124683,0.160743,-0.986996,0
2124,11.4,0.1473,0.0278,15.0,0.1195,0.156434,-0.987688,0
2125,11.4167,0.147533,0.0279,15.0,0.119633,0.152123,-0.988362,0
2126,11.4333,0.1473,0.0284,15.0,0.1189,0.147809,-0.989016,0
2127,11.45,0.148233,0.0314,15.0,0.116833,0.143493,-0.989651,0
2128,11.4667,0.147233,0.0286,15.0,0.118633,0.139173,-0.990268,0
2129,11.4833,0.149683,0.0274,15.0,0.122283,0.134851,-0.990866,0
2130,11.5,0.151583,0.0312,15.0,0.120383,0.130526,-0.991445,0
2131,11.5167,0.146033,0.03,15.0,0.116033,0.126199,-0.992005,0
2132,11.5333,0.150683,0.0279,15.0,0.122783,0.121869,-0.992546,0
2133,11.55,0.143983,0.0224,15.0,0.121583,0.117537,-0.993068,0
2134,11.5667,0.144433,0.0236,15.0,0.120833,0.113203,-0.993572,0
2135,11.5833,0.150417,0.0268,15.0,0.123617,0.108867,-0.994056,0
2136,11.6,0.14825,0.0301,15.0,0.11815,0.104528,-0.994522,0
2137,11.6167,0.152983,0.0288,15.0,0.124183,0.100188,-0.994969,0
2138,11.6333,0.151033,0.0264,15.0,0.124633,0.095846,-0.995396,0
2139,11.65,0.15155,0.0263,15.0,0.12525,0.091502,-0.995805,0
2140,11.6667,0.146933,0.032,15.0,0.114933,0.087156,-0.996195,0
2141,11.6833,0.1531,0.028,15.0,0.1251,0.082808,-0.996566,0
2142,11.7,0.1543,0.0277,15.0,0.1266,0.078459,-0.996917,0
2143,11.7167,0.15,0.0289,15.0,0.1211,0.074108,-0.99725,0
2144,11.7333,0.150817,0.0272,15.0,0.123617,0.069756,-0.997564,0
2145,11.75,0.149183,0.0306,15.0,0.118583,0.065403,-0.997859,0
2146,11.7667,0.149633,0.0292,15.0,0.120433,0.061049,-0.998135,0
2147,11.7833,0.1463,0.0292,15.0,0.1171,0.056693,-0.998392,0
2148,11.8,0.1523,0.0277,15.0,0.1246,0.052336,-0.99863,0
2149,11.8167,0.149933,0.0261,15.0,0.123833,0.047978,-0.998848,0
2150,11.8333,0.1498,0.0299,15.0,0.1199,0.043619,-0.999048,0
2151,11.85,0.1537,0.0297,15.0,0.124,0.03926,-0.999229,0
2152,11.8667,0.15155,0.0306,15.0,0.12095,0.034899,-0.999391,0
2153,11.8833,0.1465,0.0304,15.0,0.1161,0.030539,-0.999534,0
2154,11.9,0.14965,0.0276,15.0,0.12205,0.026177,-0.999657,0
2155,11.9167,0.146733,0.0304,15.0,0.116333,0.021815,-0.999762,0
2156,11.9333,0.14865,0.0275,15.0,0.12115,0.017452,-0.999848,0
2157,11.95,0.150233,0.0331,15.0,0.117133,0.01309,-0.999914,0
2158,11.9667,0.147717,0.0296,15.0,0.118117,0.008727,-0.999962,0
2159,11.9833,0.151367,0.0303,15.0,0.121067,0.004363,-0.99999,0
2160,12.0,0.1502,0.0268,15.0,0.1234,0.0,-1.0,0
2161,12.0167,0.151417,0.0325,15.0,0.118917,-0.004363,-0.99999,0
2162,12.0333,0.152517,0.0245,15.0,0.128017,-0.008727,-0.999962,0
2163,12.05,0.14615,0.0314,15.0,0.11475,-0.01309,-0.999914,0
2164,12.0667,0.150383,0.032,15.0,0.118383,-0.017452,-0.999848,0
2165,12.0833,0.1465,0.0291,15.0,0.1174,-0.021815,-0.999762,0
2166,12.1,0.146167,0.0272,15.0,0.118967,-0.026177,-0.999657,0
2167,12.1167,0.151983,0.0245,15.0,0.127483,-0.030539,-0.999534,0
2168,12.1333,0.149667,0.0302,15.0,0.119467,-0.034899,-0.999391,0
2169,12.15,0.144933,0.0297,15.0,0.115233,-0.03926,-0.999229,0
2170,12.1667,0.149133,0.0284,15.0,0.120733,-0.043619,-0.999048,0
2171,12.1833,0.14625,0.0295,15.0,0.11675,-0.047978,-0.998848,0
2172,12.2,0.1504,0.03,15.0,0.1204,-0.052336,-0.99863,0
2173,12.2167,0.146683,0.0243,15.0,0.122383,-0.056693,-0.998392,0
2174,12.2333,0.146033,0.028,15.0,0.118033,-0.061049,-0.998135,0
2175,12.25,0.148483,0.0232,15.0,0.125283,-0.065403,-0.997859,0
2176,12.2667,0.146567,0.0268,15.0,0.119767,-0.069756,-0.997564,0
2177,12.2833,0.1475,0.0306,15.0,0.1169,-0.074108,-0.99725,0
2178,12.3,0.15175,0.0289,15.0,0.12285,-0.078459,-0.996917,0
2179,12.3167,0.14685,0.0281,15.0,0.11875,-0.082808,-0.996566,0
2180,12.3333,0.150833,0.0276,15.0,0.123233,-0.087156,-0.996195,0
2181,12.35,0.14895,0.0327,15.0,0.11625,-0.091502,-0.995805,0
2182,12.3667,0.150867,0.0295,15.0,0.121367,-0.095846,-0.995396,0
2183,12.3833,0.144933,0.0303,15.0,0.114633,-0.100188,-0.994969,0
2184,12.4,0.151,0.0275,15.0,0.1235,-0.104528,-0.994522,0
2185,12.4167,0.148333,0.0273,15.0,0.121033,-0.108867,-0.994056,0
2186,12.4333,0.150633,0.0302,15.0,0.120433,-0.113203,-0.993572,0
2187,12.45,0.14665,0.0301,15.0,0.11655,-0.117537,-0.993068,0
2188,12.4667,0.1514,0.0283,15.0,0.1231,-0.121869,-0.992546,0
2189,12.4833,0.145667,0.0249,15.0,0.120767,-0.126199,-0.992005,0
2190,12.5,0.151783,0.0272,15.0,0.124583,-0.130526,-0.991445,0
2191,12.5167,0.147183,0.0277,15.0,0.119483,-0.134851,-0.990866,0
2192,12.5333,0.146817,0.0287,15.0,0.118117,-0.139173,-0.990268,0
2193,12.55,0.147983,0.0274,15.0,0.120583,-0.143493,-0.989651,0
2194,12.5667,0.151267,0.026,15.0,0.125267,-0.147809,-0.989016,0
2195,12.5833,0.14695,0.027,15.0,0.11995,-0.152123,-0.988362,0
2196,12.6,0.149533,0.0301,15.0,0.119433,-0.156434,-0.987688,0
2197,12.6167,0.144783,0.0266,15.0,0.118183,-0.160743,-0.986996,0
2198,12.6333,0.151567,0.0268,15.0,0.124767,-0.165048,-0.986286,0
2199,12.65,0.14665,0.0319,15.0,0.11475,-0.16935,-0.985556,0
2200,12.6667,0.148983,0.03,15.0,0.118983,-0.173648,-0.984808,0
2201,12.6833,0.149417,0.0257,15.0,0.123717,-0.177944,-0.984041,0
2202,12.7,0.145817,0.0309,15.0,0.114917,-0.182236,-0.983255,0
2203,12.7167,0.144917,0.0273,15.0,0.117617,-0.186524,-0.98245,0
2204,12.7333,0.146583,0.0271,15.0,0.119483,-0.190809,-0.981627,0
2205,12.75,0.145783,0.0291,15.0,0.116683,-0.19509,-0.980785,0
2206,12.7667,0.147233,0.026,15.0,0.121233,-0.199368,-0.979925,0
2207,12.7833,0.145533,0.0281,15.0,0.117433,-0.203642,-0.979045,0
2208,12.8,0.149933,0.0265,15.0,0.123433,-0.207912,-0.978148,0
2209,12.8167,0.14115,0.0278,15.0,0.11335,-0.212178,-0.977231,0
2210,12.8333,0.149017,0.0329,15.0,0.116117,-0.21644,-0.976296,0
2211,12.85,0.1451,0.0273,15.0,0.1178,-0.220697,-0.975342,0
2212,12.8667,0.148517,0.0301,15.0,0.118417,-0.224951,-0.97437,0
2213,12.8833,0.148767,0.0281,15.0,0.120667,-0.2292,-0.973379,0
2214,12.9,0.148517,0.0279,15.0,0.120617,-0.233445,-0.97237,0
2215,12.9167,0.1488,0.0234,15.0,0.1254,-0.237686,-0.971342,0
2216,12.9333,0.144117,0.0293,15.0,0.114817,-0.241922,-0.970296,0
2217,12.95,0.14745,0.0327,15.0,0.11475,-0.246153,-0.969231,0
2218,12.9667,0.1443,0.0287,15.0,0.1156,-0.25038,-0.968148,0
2219,12.9833,0.141717,0.0254,15.0,0.116317,-0.254602,-0.967046,0
2220,13.0,0.14155,0.031,15.0,0.11055,-0.258819,-0.965926,0
2221,13.0167,0.145683,0.0268,15.0,0.118883,-0.263031,-0.964787,0
2222,13.0333,0.1461,0.0272,15.0,0.1189,-0.267238,-0.96363,0
2223,13.05,0.143233,0.0301,15.0,0.113133,-0.27144,-0.962455,0
2224,13.0667,0.14475,0.0287,15.0,0.11605,-0.275637,-0.961262,0
2225,13.0833,0.1452,0.0292,15.0,0.116,-0.279829,-0.96005,0
2226,13.1,0.142417,0.0266,15.0,0.115817,-0.284015,-0.95882,0
2227,13.1167,0.142583,0.0313,15.0,0.111283,-0.288196,-0.957571,0
2228,13.1333,0.142867,0.07,15.0,0.072867,-0.292372,-0.956305,0
2229,13.15,0.141233,0.0676,15.0,0.073633,-0.296542,-0.95502,0
2230,13.1667,0.14305,0.0678,15.0,0.07525,-0.300706,-0.953717,0
2231,13.1833,0.1404,0.066,15.0,0.0744,-0.304864,-0.952396,0
2232,13.2,0.137583,0.0689,15.0,0.068683,-0.309017,-0.951057,0
2233,13.2167,0.1441,0.0666,15.0,0.0775,-0.313164,-0.949699,0
2234,13.2333,0.142667,0.0682,15.0,0.074467,-0.317305,-0.948324,0
2235,13.25,0.142083,0.0652,15.0,0.076883,-0.321439,-0.94693,0
2236,13.2667,0.135867,0.0662,15.0,0.069667,-0.325568,-0.945519,0
2237,13.2833,0.142817,0.0673,15.0,0.075517,-0.329691,-0.944089,0
2238,13.3,0.14055,0.0664,15.0,0.07415,-0.333807,-0.942641,0
2239,13.3167,0.140617,0.0655,15.0,0.075117,-0.337917,-0.941176,0
2240,13.3333,0.144783,0.0655,15.0,0.079283,-0.34202,-0.939693,0
2241,13.35,0.13725,0.064,15.0,0.07325,-0.346117,-0.938191,0
2242,13.3667,0.14065,0.0632,15.0,0.07745,-0.350207,-0.936672,0
2243,13.3833,0.1396,0.0703,15.0,0.0693,-0.354291,-0.935135,0
2244,13.4,0.139083,0.0679,15.0,0.071183,-0.358368,-0.93358,0
2245,13.4167,0.136783,0.0678,15.0,0.068983,-0.362438,-0.932008,0
2246,13.4333,0.141433,0.0683,15.0,0.073133,-0.366501,-0.930418,0
2247,13.45,0.13815,0.0679,15.0,0.07025,-0.370557,-0.92881,0
2248,13.4667,0.13735,0.0641,15.0,0.07325,-0.374607,-0.927184,0
2249,13.4833,0.1449,0.0664,15.0,0.0785,-0.378649,-0.925541,0
2250,13.5,0.1355,0.0669,15.0,0.0686,-0.382683,-0.92388,0
2251,13.5167,0.138167,0.0676,15.0,0.070567,-0.386711,-0.922201,0
2252,13.5333,0.138467,0.0691,15.0,0.069367,-0.390731,-0.920505,0
2253,13.55,0.1372,0.0681,15.0,0.0691,-0.394744,-0.918791,0
2254,13.5667,0.136017,0.0688,15.0,0.067217,-0.398749,-0.91706,0
2255,13.5833,0.138083,0.0668,15.0,0.071283,-0.402747,-0.915311,0
2256,13.6,0.138483,0.0665,15.0,0.071983,-0.406737,-0.913545,0
2257,13.6167,0.135533,0.0682,15.0,0.067333,-0.410719,-0.911762,0
2258,13.6333,0.136867,0.0665,15.0,0.070367,-0.414693,-0.909961,0
2259,13.65,0.13585,0.0616,15.0,0.07425,-0.41866,-0.908143,0
2260,13.6667,0.13675,0.0679,15.0,0.06885,-0.422618,-0.906308,0
2261,13.6833,0.131967,0.0639,15.0,0.068067,-0.426569,-0.904455,0
2262,13.7,0.136083,0.0661,15.0,0.069983,-0.430511,-0.902585,0
2263,13.7167,0.129833,0.0667,15.0,0.063133,-0.434445,-0.900698,0
2264,13.7333,0.13325,0.0637,15.0,0.06955,-0.438371,-0.898794,0
2265,13.75,0.134367,0.0668,15.0,0.067567,-0.442289,-0.896873,0
2266,13.7667,0.132017,0.0684,15.0,0.063617,-0.446198,-0.894934,0
2267,13.7833,0.132983,0.0679,15.0,0.065083,-0.450098,-0.892979,0
2268,13.8,0.1343,0.068,15.0,0.0663,-0.45399,-0.891007,0
2269,13.8167,0.133933,0.0699,15.0,0.064033,-0.457874,-0.889017,0
2270,13.8333,0.12955,0.0684,15.0,0.06115,-0.461749,-0.887011,0
2271,13.85,0.13135,0.068,15.0,0.06335,-0.465615,-0.884988,0
2272,13.8667,0.134567,0.0714,15.0,0.063167,-0.469472,-0.882948,0
2273,13.8833,0.13255,0.0687,15.0,0.06385,-0.47332,-0.880891,0
2274,13.9,0.133817,0.0657,15.0,0.068117,-0.477159,-0.878817,0
2275,13.9167,0.133417,0.0668,15.0,0.066617,-0.480989,-0.876727,0
2276,13.9333,0.1282,0.0695,15.0,0.0587,-0.48481,-0.87462,0
2277,13.95,0.131317,0.0676,15.0,0.063717,-0.488621,-0.872496,0
2278,13.9667,0.1281,0.0654,15.0,0.0627,-0.492424,-0.870356,0
2279,13.9833,0.133333,0.0658,15.0,0.067533,-0.496217,-0.868199,0
2280,14.0,0.1333,0.0678,15.0,0.0655,-0.5,-0.866025,0
2281,14.0167,0.129167,0.0686,15.0,0.060567,-0.503774,-0.863836,0
2282,14.0333,0.126,0.0666,15.0,0.0594,-0.507538,-0.861629,0
2283,14.05,0.128317,0.0653,15.0,0.063017,-0.511293,-0.859406,0
2284,14.0667,0.129967,0.065,15.0,0.064967,-0.515038,-0.857167,0
2285,14.0833,0.130067,0.0648,15.0,0.065267,-0.518773,-0.854912,0
2286,14.1,0.13295,0.0632,15.0,0.06975,-0.522499,-0.85264,0
2287,14.1167,0.12575,0.0676,15.0,0.05815,-0.526214,-0.850352,0
2288,14.1333,0.127683,0.0654,15.0,0.062283,-0.529919,-0.848048,0
2289,14.15,0.125,0.0666,15.0,0.0584,-0.533615,-0.845728,0
2290,14.1667,0.128883,0.065,15.0,0.063883,-0.5373,-0.843391,0
2291,14.1833,0.126083,0.0641,15.0,0.061983,-0.540974,-0.841039,0
2292,14.2,0.124433,0.0677,15.0,0.056733,-0.544639,-0.838671,0
2293,14.2167,0.1223,0.069,15.0,0.0533,-0.548293,-0.836286,0
2294,14.2333,0.12325,0.0681,15.0,0.05515,-0.551937,-0.833886,0
2295,14.25,0.126,0.0724,15.0,0.0536,-0.55557,-0.83147,0
2296,14.2667,0.122,0.0689,15.0,0.0531,-0.559193,-0.829038,0
2297,14.2833,0.127767,0.0669,15.0,0.060867,-0.562805,-0.82659,0
2298,14.3,0.1228,0.0679,15.0,0.0549,-0.566406,-0.824126,0
2299,14.3167,0.124517,0.0673,15.0,0.057217,-0.569997,-0.821647,0
2300,14.3333,0.122483,0.0665,15.0,0.055983,-0.573576,-0.819152,0
2301,14.35,0.121667,0.0678,15.0,0.053867,-0.577145,-0.816642,0
2302,14.3667,0.121033,0.0671,15.0,0.053933,-0.580703,-0.814116,0
2303,14.3833,0.1243,0.0693,15.0,0.055,-0.58425,-0.811574,0
2304,14.4,0.1253,0.0669,15.0,0.0584,-0.587785,-0.809017,0
2305,14.4167,0.124433,0.0624,15.0,0.062033,-0.59131,-0.806445,0
2306,14.4333,0.119533,0.0695,15.0,0.050033,-0.594823,-0.803857,0
2307,14.45,0.11995,0.0649,15.0,0.05505,-0.598325,-0.801254,0
2308,14.4667,0.117617,0.066,15.0,0.051617,-0.601815,-0.798636,0
2309,14.4833,0.12275,0.0652,15.0,0.05755,-0.605294,-0.796002,0
2310,14.5,0.11785,0.0655,15.0,0.05235,-0.608761,-0.793353,0
2311,14.5167,0.122033,0.0681,15.0,0.053933,-0.612217,-0.79069,0
2312,14.5333,0.12115,0.0679,15.0,0.05325,-0.615661,-0.788011,0
2313,14.55,0.121967,0.0683,15.0,0.053667,-0.619094,-0.785317,0
2314,14.5667,0.118883,0.0695,15.0,0.049383,-0.622515,-0.782608,0
2315,14.5833,0.113617,0.034,15.0,0.079617,-0.625923,-0.779884,0
2316,14.6,0.118267,0.0321,15.0,0.086167,-0.62932,-0.777146,0
2317,14.6167,0.114167,0.028,15.0,0.086167,-0.632705,-0.774393,0
2318,14.6333,0.114467,0.0283,15.0,0.086167,-0.636078,-0.771625,0
2319,14.65,0.115367,0.0316,15.0,0.083767,-0.639439,-0.768842,0
2320,14.6667,0.114017,0.0257,15.0,0.088317,-0.642788,-0.766044,0
2321,14.6833,0.114083,0.0287,15.0,0.085383,-0.646124,-0.763232,0
2322,14.7,0.110783,0.0281,15.0,0.082683,-0.649448,-0.760406,0
2323,14.7167,0.11585,0.0332,15.0,0.08265,-0.65276,-0.757565,0
2324,14.7333,0.1161,0.0289,15.0,0.0872,-0.656059,-0.75471,0
2325,14.75,0.11485,0.0275,15.0,0.08735,-0.659346,-0.75184,0
2326,14.7667,0.107433,0.0291,15.0,0.078333,-0.66262,-0.748956,0
2327,14.7833,0.117017,0.0285,15.0,0.088517,-0.665882,-0.746057,0
2328,14.8,0.107617,0.028,15.0,0.079617,-0.669131,-0.743145,0
2329,14.8167,0.103867,0.0298,15.0,0.074067,-0.672367,-0.740218,0
2330,14.8333,0.111167,0.0312,15.0,0.079967,-0.67559,-0.737277,0
2331,14.85,0.109367,0.0315,15.0,0.077867,-0.678801,-0.734323,0
2332,14.8667,0.111417,0.0255,15.0,0.085917,-0.681998,-0.731354,0
2333,14.8833,0.10895,0.0286,15.0,0.08035,-0.685183,-0.728371,0
2334,14.9,0.110817,0.0327,15.0,0.078117,-0.688355,-0.725374,0
2335,14.9167,0.106367,0.025,15.0,0.081367,-0.691513,-0.722364,0
2336,14.9333,0.109333,0.0262,15.0,0.083133,-0.694658,-0.71934,0
2337,14.95,0.106983,0.0325,15.0,0.074483,-0.69779,-0.716302,0
2338,14.9667,0.108867,0.0297,15.0,0.079167,-0.700909,-0.71325,0
2339,14.9833,0.109133,0.0299,15.0,0.079233,-0.704015,-0.710185,0
2340,15.0,0.107483,0.0277,15.0,0.079783,-0.707107,-0.707107,0
2341,15.0167,0.105867,0.0258,15.0,0.080067,-0.710185,-0.704015,0
2342,15.0333,0.105817,0.0286,15.0,0.077217,-0.71325,-0.700909,0
2343,15.05,0.103433,0.0271,15.0,0.076333,-0.716302,-0.69779,0
2344,15.0667,0.101283,0.0314,15.0,0.069883,-0.71934,-0.694658,0
2345,15.0833,0.10385,0.0281,15.0,0.07575,-0.722364,-0.691513,0
2346,15.1,0.107933,0.0284,15.0,0.079533,-0.725374,-0.688355,0
2347,15.1167,0.101667,0.03,15.0,0.071667,-0.728371,-0.685183,0
2348,15.1333,0.10025,0.0281,15.0,0.07215,-0.731354,-0.681998,0
2349,15.15,0.099367,0.0323,15.0,0.067067,-0.734323,-0.678801,0
2350,15.1667,0.100117,0.0318,15.0,0.068317,-0.737277,-0.67559,0
2351,15.1833,0.102283,0.0313,15.0,0.070983,-0.740218,-0.672367,0
2352,15.2,0.1011,0.0273,15.0,0.0738,-0.743145,-0.669131,0
2353,15.2167,0.1031,0.0287,15.0,0.0744,-0.746057,-0.665882,0
2354,15.2333,0.09855,0.0259,15.0,0.07265,-0.748956,-0.66262,0
2355,15.25,0.094133,0.0287,15.0,0.065433,-0.75184,-0.659346,0
2356,15.2667,0.094933,0.0293,15.0,0.065633,-0.75471,-0.656059,0
2357,15.2833,0.098667,0.0281,15.0,0.070567,-0.757565,-0.65276,0
2358,15.3,0.10025,0.0287,15.0,0.07155,-0.760406,-0.649448,0
2359,15.3167,0.10025,0.0285,15.0,0.07175,-0.763232,-0.646124,0
2360,15.3333,0.095767,0.0286,15.0,0.067167,-0.766044,-0.642788,0
2361,15.35,0.098883,0.0298,15.0,0.069083,-0.768842,-0.639439,0
2362,15.3667,0.097633,0.0265,15.0,0.071133,-0.771625,-0.636078,0
2363,15.3833,0.0952,0.0308,15.0,0.0644,-0.774393,-0.632705,0
2364,15.4,0.095933,0.0296,15.0,0.066333,-0.777146,-0.62932,0
2365,15.4167,0.091933,0.0253,15.0,0.066633,-0.779884,-0.625923,0
2366,15.4333,0.098,0.0277,15.0,0.0703,-0.782608,-0.622515,0
2367,15.45,0.095567,0.0256,15.0,0.069967,-0.785317,-0.619094,0
2368,15.4667,0.09185,0.0312,15.0,0.06065,-0.788011,-0.615661,0
2369,15.4833,0.092217,0.0326,15.0,0.059617,-0.79069,-0.612217,0
2370,15.5,0.091233,0.0291,15.0,0.062133,-0.793353,-0.608761,0
2371,15.5167,0.087517,0.0279,15.0,0.059617,-0.796002,-0.605294,0
2372,15.5333,0.091167,0.0333,15.0,0.057867,-0.798636,-0.601815,0
2373,15.55,0.0904,0.0295,15.0,0.0609,-0.801254,-0.598325,0
2374,15.5667,0.088967,0.0284,15.0,0.060567,-0.803857,-0.594823,0
2375,15.5833,0.088267,0.0311,15.0,0.057167,-0.806445,-0.59131,0
2376,15.6,0.08685,0.0237,15.0,0.06315,-0.809017,-0.587785,0
2377,15.6167,0.091217,0.0275,15.0,0.063717,-0.811574,-0.58425,0
2378,15.6333,0.08495,0.0307,15.0,0.05425,-0.814116,-0.580703,0
2379,15.65,0.0903,0.0301,15.0,0.0602,-0.816642,-0.577145,0
2380,15.6667,0.088667,0.025,15.0,0.063667,-0.819152,-0.573576,0
2381,15.6833,0.08755,0.0277,15.0,0.05985,-0.821647,-0.569997,0
2382,15.7,0.08705,0.0313,15.0,0.05575,-0.824126,-0.566406,0
2383,15.7167,0.083167,0.0308,15.0,0.052367,-0.82659,-0.562805,0
2384,15.7333,0.085417,0.0288,15.0,0.056617,-0.829038,-0.559193,0
2385,15.75,0.079783,0.0283,15.0,0.051483,-0.83147,-0.55557,0
2386,15.7667,0.082317,0.0271,15.0,0.055217,-0.833886,-0.551937,0
2387,15.7833,0.082217,0.0288,15.0,0.053417,-0.836286,-0.548293,0
2388,15.8,0.082767,0.0282,15.0,0.054567,-0.838671,-0.544639,0
2389,15.8167,0.082833,0.0284,15.0,0.054433,-0.841039,-0.540974,0
2390,15.8333,0.081,0.0266,15.0,0.0544,-0.843391,-0.5373,0
2391,15.85,0.078533,0.0246,15.0,0.053933,-0.845728,-0.533615,0
2392,15.8667,0.080833,0.028,15.0,0.052833,-0.848048,-0.529919,0
2393,15.8833,0.078367,0.0274,15.0,0.050967,-0.850352,-0.526214,0
2394,15.9,0.0791,0.0305,15.0,0.0486,-0.85264,-0.522499,0
2395,15.9167,0.08135,0.0263,15.0,0.05505,-0.854912,-0.518773,0
2396,15.9333,0.077483,0.0276,15.0,0.049883,-0.857167,-0.515038,0
2397,15.95,0.080467,0.0267,15.0,0.053767,-0.859406,-0.511293,0
2398,15.9667,0.079867,0.0294,15.0,0.050467,-0.861629,-0.507538,0
2399,15.9833,0.079583,0.0319,15.0,0.047683,-0.863836,-0.503774,0
2400,16.0,0.074783,0.0262,15.0,0.048583,-0.866025,-0.5,0
2401,16.0167,0.07335,0.0304,15.0,0.04295,-0.868199,-0.496217,0
2402,16.0333,0.074067,0.0297,15.0,0.044367,-0.870356,-0.492424,0
2403,16.05,0.078717,0.0286,15.0,0.050117,-0.872496,-0.488621,0
2404,16.0667,0.0735,0.0286,15.0,0.0449,-0.87462,-0.48481,0
2405,16.0833,0.076483,0.0258,15.0,0.050683,-0.876727,-0.480989,0
2406,16.1,0.07095,0.0275,15.0,0.04345,-0.878817,-0.477159,0
2407,16.1167,0.070183,0.0297,15.0,0.040483,-0.880891,-0.47332,0
2408,16.1333,0.071867,0.027,15.0,0.044867,-0.882948,-0.469472,0
2409,16.15,0.071817,0.0289,15.0,0.042917,-0.884988,-0.465615,0
2410,16.1667,0.062483,0.0293,15.0,0.033183,-0.887011,-0.461749,0
2411,16.1833,0.07335,0.029,15.0,0.04435,-0.889017,-0.457874,0
2412,16.2,0.068783,0.0272,15.0,0.041583,-0.891007,-0.45399,0
2413,16.2167,0.067583,0.0263,15.0,0.041283,-0.892979,-0.450098,0
2414,16.2333,0.0677,0.0323,15.0,0.0354,-0.894934,-0.446198,0
2415,16.25,0.071217,0.0299,15.0,0.041317,-0.896873,-0.442289,0
2416,16.2667,0.0671,0.0273,15.0,0.0398,-0.898794,-0.438371,0
2417,16.2833,0.067017,0.0284,15.0,0.038617,-0.900698,-0.434445,0
2418,16.3,0.06625,0.0328,15.0,0.03345,-0.902585,-0.430511,0
2419,16.3167,0.056833,0.0318,15.0,0.025033,-0.904455,-0.426569,0
2420,16.3333,0.0631,0.0313,15.0,0.0318,-0.906308,-0.422618,0
2421,16.35,0.0656,0.0309,15.0,0.0347,-0.908143,-0.41866,0
2422,16.3667,0.064267,0.0307,15.0,0.033567,-0.909961,-0.414693,0
2423,16.3833,0.061633,0.0291,15.0,0.032533,-0.911762,-0.410719,0
2424,16.4,0.062383,0.0274,15.0,0.034983,-0.913545,-0.406737,0
2425,16.4167,0.054583,0.0295,15.0,0.025083,-0.915311,-0.402747,0
2426,16.4333,0.059033,0.0301,15.0,0.028933,-0.91706,-0.398749,0
2427,16.45,0.059483,0.0301,15.0,0.029383,-0.918791,-0.394744,0
2428,16.4667,0.056033,0.0278,15.0,0.028233,-0.920505,-0.390731,0
2429,16.4833,0.0587,0.0285,15.0,0.0302,-0.922201,-0.386711,0
2430,16.5,0.0559,0.0293,15.0,0.0266,-0.92388,-0.382683,0
2431,16.5167,0.057333,0.0279,15.0,0.029433,-0.925541,-0.378649,0
2432,16.5333,0.055333,0.0252,15.0,0.030133,-0.927184,-0.374607,0
2433,16.55,0.057483,0.0275,15.0,0.029983,-0.92881,-0.370557,0
2434,16.5667,0.061083,0.0261,15.0,0.034983,-0.930418,-0.366501,0
2435,16.5833,0.057483,0.0281,15.0,0.029383,-0.932008,-0.362438,0
2436,16.6,0.052217,0.0308,15.0,0.021417,-0.93358,-0.358368,0
2437,16.6167,0.048717,0.0273,15.0,0.021417,-0.935135,-0.354291,0
2438,16.6333,0.057433,0.0251,15.0,0.032333,-0.936672,-0.350207,0
2439,16.65,0.054717,0.0256,15.0,0.029117,-0.938191,-0.346117,0
2440,16.6667,0.05385,0.0287,15.0,0.02515,-0.939693,-0.34202,0
2441,16.6833,0.050567,0.0271,15.0,0.023467,-0.941176,-0.337917,0
2442,16.7,0.053017,0.0283,15.0,0.024717,-0.942641,-0.333807,0
2443,16.7167,0.04905,0.0306,15.0,0.01845,-0.944089,-0.329691,0
2444,16.7333,0.0491,0.0251,15.0,0.024,-0.945519,-0.325568,0
2445,16.75,0.049217,0.0287,15.0,0.020517,-0.94693,-0.321439,0
2446,16.7667,0.047533,0.0323,15.0,0.015233,-0.948324,-0.317305,0
2447,16.7833,0.04615,0.0285,15.0,0.01765,-0.949699,-0.313164,0
2448,16.8,0.046867,0.0259,15.0,0.020967,-0.951057,-0.309017,0
2449,16.8167,0.04845,0.0286,15.0,0.01985,-0.952396,-0.304864,0
2450,16.8333,0.0498,0.0268,15.0,0.023,-0.953717,-0.300706,0
2451,16.85,0.048317,0.0292,15.0,0.019117,-0.95502,-0.296542,0
2452,16.8667,0.04625,0.0291,15.0,0.01715,-0.956305,-0.292372,0
2453,16.8833,0.045817,0.0329,15.0,0.012917,-0.957571,-0.288196,0
2454,16.9,0.040517,0.0261,15.0,0.014417,-0.95882,-0.284015,0
2455,16.9167,0.047583,0.029,15.0,0.018583,-0.96005,-0.279829,0
2456,16.9333,0.047483,0.0287,15.0,0.018783,-0.961262,-0.275637,0
2457,16.95,0.039633,0.0271,15.0,0.012533,-0.962455,-0.27144,0
2458,16.9667,0.04385,0.0294,15.0,0.01445,-0.96363,-0.267238,0
2459,16.9833,0.038783,0.0292,15.0,0.009583,-0.964787,-0.263031,0
2460,17.0,0.035067,0.027,15.0,0.008067,-0.965926,-0.258819,0
2461,17.0167,0.037167,0.0278,15.0,0.009367,-0.967046,-0.254602,0
2462,17.0333,0.035833,0.0312,15.0,0.004633,-0.968148,-0.25038,0
2463,17.05,0.034883,0.0299,15.0,0.004983,-0.969231,-0.246153,0
2464,17.0667,0.04055,0.0321,15.0,0.00845,-0.970296,-0.241922,0
2465,17.0833,0.037083,0.0297,15.0,0.007383,-0.971342,-0.237686,0
2466,17.1,0.0352,0.0301,15.0,0.0051,-0.97237,-0.233445,0
2467,17.1167,0.0326,0.0268,15.0,0.0058,-0.973379,-0.2292,0
2468,17.1333,0.033783,0.0286,15.0,0.005183,-0.97437,-0.224951,0
2469,17.15,0.035717,0.0276,15.0,0.008117,-0.975342,-0.220697,0
2470,17.1667,0.032717,0.0294,15.0,0.003317,-0.976296,-0.21644,0
2471,17.1833,0.03455,0.0297,15.0,0.00485,-0.977231,-0.212178,0
2472,17.2,0.028767,0.0274,15.0,0.001367,-0.978148,-0.207912,0
2473,17.2167,0.028517,0.0278,15.0,0.000717,-0.979045,-0.203642,0
2474,17.2333,0.027417,0.0367,14.9907,-0.009283,-0.979925,-0.199368,0
2475,17.25,0.03015,0.0271,14.9938,0.00305,-0.980785,-0.19509,0
2476,17.2667,0.028967,0.0288,14.994,0.000167,-0.981627,-0.190809,0
2477,17.2833,0.024967,0.0268,14.9922,-0.001833,-0.98245,-0.186524,0
2478,17.3,0.027267,0.0275,14.992,-0.000233,-0.983255,-0.182236,0
2479,17.3167,0.028667,0.0297,14.991,-0.001033,-0.984041,-0.177944,0
2480,17.3333,0.025917,0.0303,14.9866,-0.004383,-0.984808,-0.173648,0
2481,17.35,0.0213,0.0278,14.9801,-0.0065,-0.985556,-0.16935,0
2482,17.3667,0.023583,0.0239,14.9798,-0.000317,-0.986286,-0.165048,0
2483,17.3833,0.028667,0.0307,14.9778,-0.002033,-0.986996,-0.160743,0
2484,17.4,0.01965,0.0279,14.9695,-0.00825,-0.987688,-0.156434,0
2485,17.4167,0.025533,0.0274,14.9676,-0.001867,-0.988362,-0.152123,0
2486,17.4333,0.02315,0.0327,14.958,-0.00955,-0.989016,-0.147809,0
2487,17.45,0.017383,0.0269,14.9485,-0.009517,-0.989651,-0.143493,0
2488,17.4667,0.020983,0.0337,14.9358,-0.012717,-0.990268,-0.139173,0
2489,17.4833,0.024717,0.0292,14.9313,-0.004483,-0.990866,-0.134851,0
2490,17.5,0.014633,0.0297,14.9162,-0.015067,-0.991445,-0.130526,0
2491,17.5167,0.023217,0.0316,14.9078,-0.008383,-0.992005,-0.126199,0
2492,17.5333,0.018683,0.0259,14.9006,-0.007217,-0.992546,-0.121869,0
2493,17.55,0.015983,0.0287,14.8879,-0.012717,-0.993068,-0.117537,0
2494,17.5667,0.014583,0.0282,14.8743,-0.013617,-0.993572,-0.113203,0
2495,17.5833,0.019233,0.0291,14.8644,-0.009867,-0.994056,-0.108867,0
2496,17.6,0.017333,0.032,14.8497,-0.014667,-0.994522,-0.104528,0
2497,17.6167,0.016917,0.0289,14.8377,-0.011983,-0.994969,-0.100188,0
2498,17.6333,0.017067,0.0262,14.8286,-0.009133,-0.995396,-0.095846,0
2499,17.65,0.01555,0.03,14.8141,-0.01445,-0.995805,-0.091502,0
2500,17.6667,0.012933,0.0273,14.7997,-0.014367,-0.996195,-0.087156,0
2501,17.6833,0.013967,0.0306,14.7831,-0.016633,-0.996566,-0.082808,0
2502,17.7,0.014733,0.0307,14.7671,-0.015967,-0.996917,-0.078459,0
2503,17.7167,0.007217,0.027,14.7473,-0.019783,-0.99725,-0.074108,0
2504,17.7333,0.01295,0.0306,14.7296,-0.01765,-0.997564,-0.069756,0
2505,17.75,0.008233,0.0278,14.71,-0.019567,-0.997859,-0.065403,0
2506,17.7667,0.006983,0.0299,14.6871,-0.022917,-0.998135,-0.061049,0
0,0.0,0.0,0.0141,3.9859,-0.0141,0.0,1.0,0
1,0.0167,0.0,0.0163,3.9696,-0.0163,0.004363,0.99999,0
2,0.0333,0.0,0.0173,3.9523,-0.0173,0.008727,0.999962,0
3,0.05,0.0,0.0155,3.9368,-0.0155,0.01309,0.999914,0
4,0.0667,0.0,0.0163,3.9205,-0.0163,0.017452,0.999848,0
5,0.0833,0.0,0.0147,3.9058,-0.0147,0.021815,0.999762,0
6,0.1,0.0,0.0177,3.8881,-0.0177,0.026177,0.999657,0
7,0.1167,0.0,0.0157,3.8724,-0.0157,0.030539,0.999534,0
8,0.1333,0.0,0.015,3.8574,-0.015,0.034899,0.999391,0
9,0.15,0.0,0.0151,3.8423,-0.0151,0.03926,0.999229,0
10,0.1667,0.0,0.0142,3.8281,-0.0142,0.043619,0.999048,0
11,0.1833,0.0,0.0151,3.813,-0.0151,0.047978,0.998848,0
12,0.2,0.0,0.0136,3.7994,-0.0136,0.052336,0.99863,0
13,0.2167,0.0,0.0138,3.7856,-0.0138,0.056693,0.998392,0
14,0.2333,0.0,0.0191,3.7665,-0.0191,0.061049,0.998135,0
15,0.25,0.0,0.0166,3.7499,-0.0166,0.065403,0.997859,0
16,0.2667,0.0,0.0146,3.7353,-0.0146,0.069756,0.997564,0
17,0.2833,0.0,0.0125,3.7228,-0.0125,0.074108,0.99725,0
18,0.3,0.0,0.0179,3.7049,-0.0179,0.078459,0.996917,0
19,0.3167,0.0,0.0153,3.6896,-0.0153,0.082808,0.996566,0
20,0.3333,0.0,0.0146,3.675,-0.0146,0.087156,0.996195,0
21,0.35,0.0,0.0167,3.6583,-0.0167,0.091502,0.995805,0
22,0.3667,0.0,0.0151,3.6432,-0.0151,0.095846,0.995396,0
23,0.3833,0.0,0.0145,3.6287,-0.0145,0.100188,0.994969,0
24,0.4,0.0,0.0135,3.6152,-0.0135,0.104528,0.994522,0
25,0.4167,0.0,0.018,3.5972,-0.018,0.108867,0.994056,0
26,0.4333,0.0,0.0188,3.5784,-0.0188,0.113203,0.993572,0
27,0.45,0.0,0.0138,3.5646,-0.0138,0.117537,0.993068,0
28,0.4667,0.0,0.0169,3.5477,-0.0169,0.121869,0.992546,0
29,0.4833,0.0,0.0151,3.5326,-0.0151,0.126199,0.992005,0
30,0.5,0.0,0.0159,3.5167,-0.0159,0.130526,0.991445,0
31,0.5167,0.0,0.0213,3.4954,-0.0213,0.134851,0.990866,0
32,0.5333,0.0,0.0151,3.4803,-0.0151,0.139173,0.990268,0
33,0.55,0.0,0.0155,3.4648,-0.0155,0.143493,0.989651,0
34,0.5667,0.0,0.0184,3.4464,-0.0184,0.147809,0.989016,0
35,0.5833,0.0,0.0115,3.4349,-0.0115,0.152123,0.988362,0
36,0.6,0.0,0.0163,3.4186,-0.0163,0.156434,0.987688,0
37,0.6167,0.0,0.0134,3.4052,-0.0134,0.160743,0.986996,0
38,0.6333,0.0,0.0172,3.388,-0.0172,0.165048,0.986286,0
39,0.65,0.0,0.0154,3.3726,-0.0154,0.16935,0.985556,0
40,0.6667,0.0,0.0168,3.3558,-0.0168,0.173648,0.984808,0
41,0.6833,0.0,0.0167,3.3391,-0.0167,0.177944,0.984041,0
42,0.7,0.0,0.015,3.3241,-0.015,0.182236,0.983255,0
43,0.7167,0.0,0.0167,3.3074,-0.0167,0.186524,0.98245,0
44,0.7333,0.0,0.0178,3.2896,-0.0178,0.190809,0.981627,0
45,0.75,0.0,0.0168,3.2728,-0.0168,0.19509,0.980785,0
46,0.7667,0.0,0.0175,3.2553,-0.0175,0.199368,0.979925,0
47,0.7833,0.0,0.0172,3.2381,-0.0172,0.203642,0.979045,0
48,0.8,0.0,0.0167,3.2214,-0.0167,0.207912,0.978148,0
49,0.8167,0.0,0.0146,3.2068,-0.0146,0.212178,0.977231,0
50,0.8333,0.0,0.0157,3.1911,-0.0157,0.21644,0.976296,0
51,0.85,0.0,0.0117,3.1794,-0.0117,0.220697,0.975342,0
52,0.8667,0.0,0.014,3.1654,-0.014,0.224951,0.97437,0
53,0.8833,0.0,0.0143,3.1511,-0.0143,0.2292,0.973379,0
54,0.9,0.0,0.0163,3.1348,-0.0163,0.233445,0.97237,0
55,0.9167,0.0,0.0174,3.1174,-0.0174,0.237686,0.971342,0
56,0.9333,0.0,0.0159,3.1015,-0.0159,0.241922,0.970296,0
57,0.95,0.0,0.0162,3.0853,-0.0162,0.246153,0.969231,0
58,0.9667,0.0,0.0144,3.0709,-0.0144,0.25038,0.968148,0
59,0.9833,0.0,0.0194,3.0515,-0.0194,0.254602,0.967046,0
60,1.0,0.0,0.0163,3.0352,-0.0163,0.258819,0.965926,0
61,1.0167,0.0,0.0167,3.0185,-0.0167,0.263031,0.964787,0
62,1.0333,0.0,0.0147,3.0038,-0.0147,0.267238,0.96363,0
63,1.05,0.0,0.0171,2.9867,-0.0171,0.27144,0.962455,0
64,1.0667,0.0,0.0186,2.9681,-0.0186,0.275637,0.961262,0
65,1.0833,0.0,0.0157,2.9524,-0.0157,0.279829,0.96005,0
66,1.1,0.0,0.0117,2.9407,-0.0117,0.284015,0.95882,0
67,1.1167,0.0,0.0181,2.9226,-0.0181,0.288196,0.957571,0
68,1.1333,0.0,0.0164,2.9062,-0.0164,0.292372,0.956305,0
69,1.15,0.0,0.0151,2.8911,-0.0151,0.296542,0.95502,0
70,1.1667,0.0,0.0152,2.8759,-0.0152,0.300706,0.953717,0
71,1.1833,0.0,0.0118,2.8641,-0.0118,0.304864,0.952396,0
72,1.2,0.0,0.019,2.8451,-0.019,0.309017,0.951057,0
73,1.2167,0.0,0.0179,2.8272,-0.0179,0.313164,0.949699,0
74,1.2333,0.0,0.0182,2.809,-0.0182,0.317305,0.948324,0
75,1.25,0.0,0.0186,2.7904,-0.0186,0.321439,0.94693,0
76,1.2667,0.0,0.0151,2.7753,-0.0151,0.325568,0.945519,0
77,1.2833,0.0,0.0154,2.7599,-0.0154,0.329691,0.944089,0
78,1.3,0.0,0.013,2.7469,-0.013,0.333807,0.942641,0
79,1.3167,0.0,0.0164,2.7305,-0.0164,0.337917,0.941176,0
80,1.3333,0.0,0.0135,2.717,-0.0135,0.34202,0.939693,0
81,1.35,0.0,0.0151,2.7019,-0.0151,0.346117,0.938191,0
82,1.3667,0.0,0.0156,2.6863,-0.0156,0.350207,0.936672,0
83,1.3833,0.0,0.015,2.6713,-0.015,0.354291,0.935135,0
84,1.4,0.0,0.0116,2.6597,-0.0116,0.358368,0.93358,0
85,1.4167,0.0,0.016,2.6437,-0.016,0.362438,0.932008,0
86,1.4333,0.0,0.0166,2.6271,-0.0166,0.366501,0.930418,0
87,1.45,0.0,0.0138,2.6133,-0.0138,0.370557,0.92881,0
88,1.4667,0.0,0.0195,2.5938,-0.0195,0.374607,0.927184,0
89,1.4833,0.0,0.0125,2.5813,-0.0125,0.378649,0.925541,0
90,1.5,0.0,0.0141,2.5672,-0.0141,0.382683,0.92388,0
91,1.5167,0.0,0.0146,2.5526,-0.0146,0.386711,0.922201,0
92,1.5333,0.0,0.016,2.5366,-0.016,0.390731,0.920505,0
93,1.55,0.0,0.0152,2.5214,-0.0152,0.394744,0.918791,0
94,1.5667,0.0,0.0179,2.5035,-0.0179,0.398749,0.91706,0
95,1.5833,0.0,0.0175,2.486,-0.0175,0.402747,0.915311,0
96,1.6,0.0,0.0194,2.4666,-0.0194,0.406737,0.913545,0
97,1.6167,0.0,0.0152,2.4514,-0.0152,0.410719,0.911762,0
98,1.6333,0.0,0.0175,2.4339,-0.0175,0.414693,0.909961,0
99,1.65,0.0,0.0145,2.4194,-0.0145,0.41866,0.908143,0
100,1.6667,0.0,0.0137,2.4057,-0.0137,0.422618,0.906308,0
101,1.6833,0.0,0.0178,2.3879,-0.0178,0.426569,0.904455,0
102,1.7,0.0,0.0166,2.3713,-0.0166,0.430511,0.902585,0
103,1.7167,0.0,0.0139,2.3574,-0.0139,0.434445,0.900698,0
104,1.7333,0.0,0.0174,2.34,-0.0174,0.438371,0.898794,0
105,1.75,0.0,0.0152,2.3248,-0.0152,0.442289,0.896873,0
106,1.7667,0.0,0.0175,2.3073,-0.0175,0.446198,0.894934,0
107,1.7833,0.0,0.0171,2.2902,-0.0171,0.450098,0.892979,0
108,1.8,0.0,0.0179,2.2723,-0.0179,0.45399,0.891007,0
109,1.8167,0.0,0.0162,2.2561,-0.0162,0.457874,0.889017,0
110,1.8333,0.0,0.0137,2.2424,-0.0137,0.461749,0.887011,0
111,1.85,0.0,0.0167,2.2257,-0.0167,0.465615,0.884988,0
112,1.8667,0.0,0.0144,2.2113,-0.0144,0.469472,0.882948,0
113,1.8833,0.0,0.0151,2.1962,-0.0151,0.47332,0.880891,0
114,1.9,0.0,0.0145,2.1817,-0.0145,0.477159,0.878817,0
115,1.9167,0.0,0.016,2.1657,-0.016,0.480989,0.876727,0
116,1.9333,0.0,0.0131,2.1526,-0.0131,0.48481,0.87462,0
117,1.95,0.0,0.0196,2.133,-0.0196,0.488621,0.872496,0
118,1.9667,0.0,0.016,2.117,-0.016,0.492424,0.870356,0
119,1.9833,0.0,0.0151,2.1019,-0.0151,0.496217,0.868199,0
120,2.0,0.0,0.0125,2.0894,-0.0125,0.5,0.866025,0
121,2.0167,0.0,0.0166,2.0728,-0.0166,0.503774,0.863836,0
122,2.0333,0.0,0.0148,2.058,-0.0148,0.507538,0.861629,0
123,2.05,0.0,0.0157,2.0423,-0.0157,0.511293,0.859406,0
124,2.0667,0.0,0.0151,2.0272,-0.0151,0.515038,0.857167,0
125,2.0833,0.0,0.0182,2.009,-0.0182,0.518773,0.854912,0
126,2.1,0.0,0.0153,1.9937,-0.0153,0.522499,0.85264,0
127,2.1167,0.0,0.0144,1.9793,-0.0144,0.526214,0.850352,0
128,2.1333,0.0,0.0155,1.9638,-0.0155,0.529919,0.848048,0
129,2.15,0.0,0.018,1.9458,-0.018,0.533615,0.845728,0
130,2.1667,0.0,0.0155,1.9303,-0.0155,0.5373,0.843391,0
131,2.1833,0.0,0.0168,1.9135,-0.0168,0.540974,0.841039,0
132,2.2,0.0,0.0164,1.8971,-0.0164,0.544639,0.838671,0
133,2.2167,0.0,0.0154,1.8817,-0.0154,0.548293,0.836286,0
134,2.2333,0.0,0.0154,1.8663,-0.0154,0.551937,0.833886,0
135,2.25,0.0,0.0159,1.8504,-0.0159,0.55557,0.83147,0
136,2.2667,0.0,0.0165,1.8339,-0.0165,0.559193,0.829038,0
137,2.2833,0.0,0.0159,1.818,-0.0159,0.562805,0.82659,0
138,2.3,0.0,0.0171,1.8009,-0.0171,0.566406,0.824126,0
139,2.3167,0.0,0.015,1.7859,-0.015,0.569997,0.821647,0
140,2.3333,0.0,0.017,1.7689,-0.017,0.573576,0.819152,0
141,2.35,0.0,0.0169,1.752,-0.0169,0.577145,0.816642,0
142,2.3667,0.0,0.0133,1.7387,-0.0133,0.580703,0.814116,0
143,2.3833,0.0,0.0162,1.7225,-0.0162,0.58425,0.811574,0
144,2.4,0.0,0.0134,1.7091,-0.0134,0.587785,0.809017,0
145,2.4167,0.0,0.0134,1.6957,-0.0134,0.59131,0.806445,0
146,2.4333,0.0,0.0138,1.6819,-0.0138,0.594823,0.803857,0
147,2.45,0.0,0.0121,1.6698,-0.0121,0.598325,0.801254,0
148,2.4667,0.0,0.0133,1.6565,-0.0133,0.601815,0.798636,0
149,2.4833,0.0,0.0155,1.641,-0.0155,0.605294,0.796002,0
150,2.5,0.0,0.0154,1.6256,-0.0154,0.608761,0.793353,0
151,2.5167,0.0,0.0162,1.6094,-0.0162,0.612217,0.79069,0
152,2.5333,0.0,0.0149,1.5945,-0.0149,0.615661,0.788011,0
153,2.55,0.0,0.0174,1.5771,-0.0174,0.619094,0.785317,0
154,2.5667,0.0,0.0141,1.563,-0.0141,0.622515,0.782608,0
155,2.5833,0.0,0.0205,1.5425,-0.0205,0.625923,0.779884,0
156,2.6,0.0,0.0149,1.5276,-0.0149,0.62932,0.777146,0
157,2.6167,0.0,0.0168,1.5108,-0.0168,0.632705,0.774393,0
158,2.6333,0.0,0.0184,1.4924,-0.0184,0.636078,0.771625,0
159,2.65,0.0,0.0115,1.4809,-0.0115,0.639439,0.768842,0
160,2.6667,0.0,0.0138,1.4671,-0.0138,0.642788,0.766044,0
161,2.6833,0.0,0.0171,1.45,-0.0171,0.646124,0.763232,0
162,2.7,0.0,0.0143,1.4357,-0.0143,0.649448,0.760406,0
163,2.7167,0.0,0.0149,1.4208,-0.0149,0.65276,0.757565,0
164,2.7333,0.0,0.0148,1.406,-0.0148,0.656059,0.75471,0
165,2.75,0.0,0.0154,1.3906,-0.0154,0.659346,0.75184,0
166,2.7667,0.0,0.0165,1.3741,-0.0165,0.66262,0.748956,0
167,2.7833,0.0,0.0185,1.3556,-0.0185,0.665882,0.746057,0
168,2.8,0.0,0.017,1.3386,-0.017,0.669131,0.743145,0
169,2.8167,0.0,0.0156,1.323,-0.0156,0.672367,0.740218,0
170,2.8333,0.0,0.0168,1.3062,-0.0168,0.67559,0.737277,0
171,2.85,0.0,0.0165,1.2897,-0.0165,0.678801,0.734323,0
172,2.8667,0.0,0.0189,1.2708,-0.0189,0.681998,0.731354,0
173,2.8833,0.0,0.0155,1.2553,-0.0155,0.685183,0.728371,0
174,2.9,0.0,0.0165,1.2388,-0.0165,0.688355,0.725374,0
175,2.9167,0.0,0.0169,1.2219,-0.0169,0.691513,0.722364,0
176,2.9333,0.0,0.013,1.2089,-0.013,0.694658,0.71934,0
177,2.95,0.0,0.0152,1.1937,-0.0152,0.69779,0.716302,0
178,2.9667,0.0,0.0167,1.177,-0.0167,0.700909,0.71325,0
179,2.9833,0.0,0.0159,1.1611,-0.0159,0.704015,0.710185,0
180,3.0,0.0,0.0155,1.1456,-0.0155,0.707107,0.707107,0
181,3.0167,0.0,0.0151,1.1305,-0.0151,0.710185,0.704015,0
182,3.0333,0.0,0.0175,1.113,-0.0175,0.71325,0.700909,0
183,3.05,0.0,0.0182,1.0948,-0.0182,0.716302,0.69779,0
184,3.0667,0.0,0.0141,1.0807,-0.0141,0.71934,0.694658,0
185,3.0833,0.0,0.0162,1.0645,-0.0162,0.722364,0.691513,0
186,3.1,0.0,0.0128,1.0517,-0.0128,0.725374,0.688355,0
187,3.1167,0.0,0.0155,1.0362,-0.0155,0.728371,0.685183,0
188,3.1333,0.0,0.0161,1.0201,-0.0161,0.731354,0.681998,0
189,3.15,0.0,0.0187,1.0014,-0.0187,0.734323,0.678801,0
190,3.1667,0.0,0.0159,0.9855,-0.0159,0.737277,0.67559,0
191,3.1833,0.0,0.0171,0.9684,-0.0171,0.740218,0.672367,0
192,3.2,0.0,0.0157,0.9527,-0.0157,0.743145,0.669131,0
193,3.2167,0.0,0.017,0.9357,-0.017,0.746057,0.665882,0
194,3.2333,0.0,0.0224,0.9133,-0.0224,0.748956,0.66262,0
195,3.25,0.0,0.0161,0.8972,-0.0161,0.75184,0.659346,0
196,3.2667,0.0,0.0146,0.8826,-0.0146,0.75471,0.656059,0
197,3.2833,0.0,0.0115,0.8711,-0.0115,0.757565,0.65276,0
198,3.3,0.0,0.02,0.8511,-0.02,0.760406,0.649448,0
199,3.3167,0.0,0.0147,0.8364,-0.0147,0.763232,0.646124,0
200,3.3333,0.0,0.0154,0.821,-0.0154,0.766044,0.642788,0
201,3.35,0.0,0.0147,0.8063,-0.0147,0.768842,0.639439,0
202,3.3667,0.0,0.0124,0.7939,-0.0124,0.771625,0.636078,0
203,3.3833,0.0,0.016,0.7779,-0.016,0.774393,0.632705,0
204,3.4,0.0,0.0185,0.7594,-0.0185,0.777146,0.62932,0
205,3.4167,0.0,0.0129,0.7465,-0.0129,0.779884,0.625923,0
206,3.4333,0.0,0.0131,0.7334,-0.0131,0.782608,0.622515,0
207,3.45,0.0,0.0175,0.7159,-0.0175,0.785317,0.619094,0
208,3.4667,0.0,0.0176,0.6983,-0.0176,0.788011,0.615661,0
209,3.4833,0.0,0.0159,0.6824,-0.0159,0.79069,0.612217,0
210,3.5,0.0,0.0188,0.6636,-0.0188,0.793353,0.608761,0
211,3.5167,0.0,0.0158,0.6478,-0.0158,0.796002,0.605294,0
212,3.5333,0.0,0.0161,0.6317,-0.0161,0.798636,0.601815,0
213,3.55,0.0,0.0174,0.6143,-0.0174,0.801254,0.598325,0
214,3.5667,0.0,0.0159,0.5984,-0.0159,0.803857,0.594823,0
215,3.5833,0.0,0.0153,0.5831,-0.0153,0.806445,0.59131,0
216,3.6,0.0,0.017,0.5661,-0.017,0.809017,0.587785,0
217,3.6167,0.0,0.0151,0.551,-0.0151,0.811574,0.58425,0
218,3.6333,0.0,0.0181,0.5329,-0.0181,0.814116,0.580703,0
219,3.65,0.0,0.0114,0.5215,-0.0114,0.816642,0.577145,0
220,3.6667,0.0,0.0149,0.5066,-0.0149,0.819152,0.573576,0
221,3.6833,0.0,0.0158,0.4908,-0.0158,0.821647,0.569997,0
222,3.7,0.0,0.0145,0.4763,-0.0145,0.824126,0.566406,0
223,3.7167,0.0,0.0134,0.4629,-0.0134,0.82659,0.562805,0
224,3.7333,0.0,0.0179,0.445,-0.0179,0.829038,0.559193,0
225,3.75,0.0,0.0175,0.4275,-0.0175,0.83147,0.55557,0
226,3.7667,0.0,0.0181,0.4094,-0.0181,0.833886,0.551937,0
227,3.7833,0.0,0.0149,0.3945,-0.0149,0.836286,0.548293,0
228,3.8,0.0,0.0158,0.3787,-0.0158,0.838671,0.544639,0
229,3.8167,0.0,0.0185,0.3602,-0.0185,0.841039,0.540974,0
230,3.8333,0.0,0.0143,0.3459,-0.0143,0.843391,0.5373,0
231,3.85,0.0,0.0148,0.3311,-0.0148,0.845728,0.533615,0
232,3.8667,0.0,0.0171,0.314,-0.0171,0.848048,0.529919,0
233,3.8833,0.0,0.0158,0.2982,-0.0158,0.850352,0.526214,0
234,3.9,0.0,0.0135,0.2847,-0.0135,0.85264,0.522499,0
235,3.9167,0.0,0.0157,0.269,-0.0157,0.854912,0.518773,0
236,3.9333,0.0,0.0138,0.2552,-0.0138,0.857167,0.515038,0
237,3.95,0.0,0.015,0.2402,-0.015,0.859406,0.511293,0
238,3.9667,0.0,0.0135,0.2267,-0.0135,0.861629,0.507538,0
239,3.9833,0.0,0.0148,0.2119,-0.0148,0.863836,0.503774,0
240,4.0,0.0,0.0095,0.2024,-0.0095,0.866025,0.5,0
241,4.0167,0.0,0.0138,0.1886,-0.0138,0.868199,0.496217,0
242,4.0333,0.0,0.014,0.1746,-0.014,0.870356,0.492424,0
243,4.05,0.0,0.0148,0.1598,-0.0148,0.872496,0.488621,0
244,4.0667,0.0,0.0173,0.1425,-0.0173,0.87462,0.48481,0
245,4.0833,0.0,0.0178,0.1247,-0.0178,0.876727,0.480989,0
246,4.1,0.0,0.0153,0.1094,-0.0153,0.878817,0.477159,0
247,4.1167,0.0,0.0172,0.0922,-0.0172,0.880891,0.47332,0
248,4.1333,0.0,0.0161,0.0761,-0.0161,0.882948,0.469472,0
249,4.15,0.0,0.0162,0.0599,-0.0162,0.884988,0.465615,0
250,4.1667,0.0,0.0132,0.0467,-0.0132,0.887011,0.461749,0
251,4.1833,0.0,0.0149,0.0318,-0.0149,0.889017,0.457874,0
252,4.2,0.0,0.0127,0.0191,-0.0127,0.891007,0.45399,0
253,4.2167,0.0,0.0178,0.0013,-0.0178,0.892979,0.450098,0
254,4.2333,0.0,0.0137,0.0,-0.0137,0.894934,0.446198,1
255,4.25,0.0,0.0144,0.0,-0.0144,0.896873,0.442289,1
256,4.2667,0.0,0.0123,0.0,-0.0123,0.898794,0.438371,1
257,4.2833,0.0,0.0177,0.0,-0.0177,0.900698,0.434445,1
258,4.3,0.0,0.0159,0.0,-0.0159,0.902585,0.430511,1
259,4.3167,0.0,0.0151,0.0,-0.0151,0.904455,0.426569,1
260,4.3333,0.0,0.0205,0.0,-0.0205,0.906308,0.422618,1
261,4.35,0.0,0.0123,0.0,-0.0123,0.908143,0.41866,1
262,4.3667,0.0,0.017,0.0,-0.017,0.909961,0.414693,1
263,4.3833,0.0,0.0155,0.0,-0.0155,0.911762,0.410719,1
264,4.4,0.0,0.0169,0.0,-0.0169,0.913545,0.406737,1
265,4.4167,0.0,0.014,0.0,-0.014,0.915311,0.402747,1
266,4.4333,0.0,0.0165,0.0,-0.0165,0.91706,0.398749,1
267,4.45,0.0,0.0166,0.0,-0.0166,0.918791,0.394744,1
268,4.4667,0.0,0.0158,0.0,-0.0158,0.920505,0.390731,1
269,4.4833,0.0,0.0157,0.0,-0.0157,0.922201,0.386711,1
270,4.5,0.0,0.0163,0.0,-0.0163,0.92388,0.382683,1
271,4.5167,0.0,0.0155,0.0,-0.0155,0.925541,0.378649,1
272,4.5333,0.0,0.0177,0.0,-0.0177,0.927184,0.374607,1
273,4.55,0.0,0.0134,0.0,-0.0134,0.92881,0.370557,1
274,4.5667,0.0,0.0134,0.0,-0.0134,0.930418,0.366501,1
275,4.5833,0.0,0.0164,0.0,-0.0164,0.932008,0.362438,1
276,4.6,0.0,0.016,0.0,-0.016,0.93358,0.358368,1
277,4.6167,0.0,0.0184,0.0,-0.0184,0.935135,0.354291,1
278,4.6333,0.0,0.0168,0.0,-0.0168,0.936672,0.350207,1
279,4.65,0.0,0.0155,0.0,-0.0155,0.938191,0.346117,1
280,4.6667,0.0,0.0131,0.0,-0.0131,0.939693,0.34202,1
281,4.6833,0.0,0.0162,0.0,-0.0162,0.941176,0.337917,1
282,4.7,0.0,0.0144,0.0,-0.0144,0.942641,0.333807,1
283,4.7167,0.0,0.0162,0.0,-0.0162,0.944089,0.329691,1
284,4.7333,0.0,0.0167,0.0,-0.0167,0.945519,0.325568,1
285,4.75,0.0,0.0129,0.0,-0.0129,0.94693,0.321439,1
286,4.7667,0.0,0.0161,0.0,-0.0161,0.948324,0.317305,1
287,4.7833,0.0,0.0119,0.0,-0.0119,0.949699,0.313164,1
288,4.8,0.0,0.0152,0.0,-0.0152,0.951057,0.309017,1
289,4.8167,0.0,0.0125,0.0,-0.0125,0.952396,0.304864,1
290,4.8333,0.0,0.0143,0.0,-0.0143,0.953717,0.300706,1
291,4.85,0.0,0.0145,0.0,-0.0145,0.95502,0.296542,1
292,4.8667,0.0,0.0166,0.0,-0.0166,0.956305,0.292372,1
293,4.8833,0.0,0.0193,0.0,-0.0193,0.957571,0.288196,1
294,4.9,0.0,0.0179,0.0,-0.0179,0.95882,0.284015,1
295,4.9167,0.0,0.0166,0.0,-0.0166,0.96005,0.279829,1
296,4.9333,0.0,0.0163,0.0,-0.0163,0.961262,0.275637,1
297,4.95,0.0,0.0146,0.0,-0.0146,0.962455,0.27144,1
298,4.9667,0.0,0.0156,0.0,-0.0156,0.96363,0.267238,1
299,4.9833,0.0,0.0137,0.0,-0.0137,0.964787,0.263031,1
300,5.0,0.0,0.0193,0.0,-0.0193,0.965926,0.258819,1
301,5.0167,0.0,0.0164,0.0,-0.0164,0.967046,0.254602,1
302,5.0333,0.0,0.0149,0.0,-0.0149,0.968148,0.25038,1
303,5.05,0.0,0.0136,0.0,-0.0136,0.969231,0.246153,1
304,5.0667,0.0,0.0139,0.0,-0.0139,0.970296,0.241922,1
305,5.0833,0.0,0.0162,0.0,-0.0162,0.971342,0.237686,1
306,5.1,0.0,0.0149,0.0,-0.0149,0.97237,0.233445,1
307,5.1167,0.0,0.013,0.0,-0.013,0.973379,0.2292,1
308,5.1333,0.0,0.014,0.0,-0.014,0.97437,0.224951,1
309,5.15,0.0,0.0153,0.0,-0.0153,0.975342,0.220697,1
310,5.1667,0.0,0.0154,0.0,-0.0154,0.976296,0.21644,1
311,5.1833,0.0,0.0155,0.0,-0.0155,0.977231,0.212178,1
312,5.2,0.0,0.013,0.0,-0.013,0.978148,0.207912,1
313,5.2167,0.0,0.0139,0.0,-0.0139,0.979045,0.203642,1
314,5.2333,0.0,0.0177,0.0,-0.0177,0.979925,0.199368,1
315,5.25,0.0,0.0168,0.0,-0.0168,0.980785,0.19509,1
316,5.2667,0.0,0.0157,0.0,-0.0157,0.981627,0.190809,1
317,5.2833,0.0,0.0123,0.0,-0.0123,0.98245,0.186524,1
318,5.3,0.0,0.0174,0.0,-0.0174,0.983255,0.182236,1
319,5.3167,0.0,0.0156,0.0,-0.0156,0.984041,0.177944,1
320,5.3333,0.0,0.0154,0.0,-0.0154,0.984808,0.173648,1
321,5.35,0.0,0.0142,0.0,-0.0142,0.985556,0.16935,1
322,5.3667,0.0,0.0134,0.0,-0.0134,0.986286,0.165048,1
323,5.3833,0.0,0.0178,0.0,-0.0178,0.986996,0.160743,1
324,5.4,0.0,0.0138,0.0,-0.0138,0.987688,0.156434,1
325,5.4167,0.0,0.0127,0.0,-0.0127,0.988362,0.152123,1
326,5.4333,0.0,0.01,0.0,-0.01,0.989016,0.147809,1
327,5.45,0.0,0.0132,0.0,-0.0132,0.989651,0.143493,1
328,5.4667,0.0,0.015,0.0,-0.015,0.990268,0.139173,1
329,5.4833,0.0,0.0156,0.0,-0.0156,0.990866,0.134851,1
330,5.5,0.0,0.018,0.0,-0.018,0.991445,0.130526,1
331,5.5167,0.0,0.0113,0.0,-0.0113,0.992005,0.126199,1
332,5.5333,0.0,0.0153,0.0,-0.0153,0.992546,0.121869,1
333,5.55,0.0,0.0179,0.0,-0.0179,0.993068,0.117537,1
334,5.5667,0.0,0.0109,0.0,-0.0109,0.993572,0.113203,1
335,5.5833,0.0,0.0152,0.0,-0.0152,0.994056,0.108867,1
336,5.6,0.0,0.0149,0.0,-0.0149,0.994522,0.104528,1
337,5.6167,0.0,0.0164,0.0,-0.0164,0.994969,0.100188,1
338,5.6333,0.0,0.0161,0.0,-0.0161,0.995396,0.095846,1
339,5.65,0.0,0.0147,0.0,-0.0147,0.995805,0.091502,1
340,5.6667,0.0,0.0159,0.0,-0.0159,0.996195,0.087156,1
341,5.6833,0.0,0.0143,0.0,-0.0143,0.996566,0.082808,1
342,5.7,0.0,0.017,0.0,-0.017,0.996917,0.078459,1
343,5.7167,0.0,0.0174,0.0,-0.0174,0.99725,0.074108,1
344,5.7333,0.0,0.0187,0.0,-0.0187,0.997564,0.069756,1
345,5.75,0.0,0.0117,0.0,-0.0117,0.997859,0.065403,1
346,5.7667,0.0,0.0153,0.0,-0.0153,0.998135,0.061049,1
347,5.7833,0.0,0.015,0.0,-0.015,0.998392,0.056693,1
348,5.8,0.0,0.0138,0.0,-0.0138,0.99863,0.052336,1
349,5.8167,0.0,0.0157,0.0,-0.0157,0.998848,0.047978,1
350,5.8333,0.0,0.0158,0.0,-0.0158,0.999048,0.043619,1
351,5.85,0.0,0.019,0.0,-0.019,0.999229,0.03926,1
352,5.8667,0.0,0.0152,0.0,-0.0152,0.999391,0.034899,1
353,5.8833,0.0,0.0182,0.0,-0.0182,0.999534,0.030539,1
354,5.9,0.0,0.0133,0.0,-0.0133,0.999657,0.026177,1
355,5.9167,0.0,0.0132,0.0,-0.0132,0.999762,0.021815,1
356,5.9333,0.0,0.013,0.0,-0.013,0.999848,0.017452,1
357,5.95,0.0,0.0166,0.0,-0.0166,0.999914,0.01309,1
358,5.9667,0.0,0.0181,0.0,-0.0181,0.999962,0.008727,1
359,5.9833,0.0,0.0148,0.0,-0.0148,0.99999,0.004363,1
360,6.0,0.00095,0.0282,0.0,-0.02725,1.0,0.0,1
361,6.0167,0.00085,0.0276,0.0,-0.02675,0.99999,-0.004363,1
362,6.0333,0.0,0.0243,0.0,-0.0243,0.999962,-0.008727,1
363,6.05,0.003533,0.0289,0.0,-0.025367,0.999914,-0.01309,1
364,6.0667,0.002317,0.0301,0.0,-0.027783,0.999848,-0.017452,1
365,6.0833,0.0006,0.0295,0.0,-0.0289,0.999762,-0.021815,1
366,6.1,0.0053,0.0309,0.0,-0.0256,0.999657,-0.026177,1
367,6.1167,0.005667,0.032,0.0,-0.026333,0.999534,-0.030539,1
368,6.1333,0.00255,0.0305,0.0,-0.02795,0.999391,-0.034899,1
369,6.15,0.007333,0.0286,0.0,-0.021267,0.999229,-0.03926,1
370,6.1667,0.0044,0.0279,0.0,-0.0235,0.999048,-0.043619,1
371,6.1833,0.009217,0.0289,0.0,-0.019683,0.998848,-0.047978,1
372,6.2,0.004083,0.0304,0.0,-0.026317,0.99863,-0.052336,1
373,6.2167,0.010467,0.0272,0.0,-0.016733,0.998392,-0.056693,1
374,6.2333,0.0034,0.0238,0.0,-0.0204,0.998135,-0.061049,1
375,6.25,0.013783,0.0283,0.0,-0.014517,0.997859,-0.065403,1
376,6.2667,0.0121,0.0289,0.0,-0.0168,0.997564,-0.069756,1
377,6.2833,0.0112,0.027,0.0,-0.0158,0.99725,-0.074108,1
378,6.3,0.00755,0.0285,0.0,-0.02095,0.996917,-0.078459,1
379,6.3167,0.011417,0.0238,0.0,-0.012383,0.996566,-0.082808,1
380,6.3333,0.0153,0.0293,0.0,-0.014,0.996195,-0.087156,1
381,6.35,0.012967,0.0283,0.0,-0.015333,0.995805,-0.091502,1
382,6.3667,0.016067,0.0289,0.0,-0.012833,0.995396,-0.095846,1
383,6.3833,0.01725,0.0302,0.0,-0.01295,0.994969,-0.100188,1
384,6.4,0.018683,0.0297,0.0,-0.011017,0.994522,-0.104528,1
385,6.4167,0.017083,0.0298,0.0,-0.012717,0.994056,-0.108867,1
386,6.4333,0.018267,0.0246,0.0,-0.006333,0.993572,-0.113203,1
387,6.45,0.013467,0.0288,0.0,-0.015333,0.993068,-0.117537,1
388,6.4667,0.014067,0.0263,0.0,-0.012233,0.992546,-0.121869,1
389,6.4833,0.02285,0.0282,0.0,-0.00535,0.992005,-0.126199,1
390,6.5,0.022167,0.0317,0.0,-0.009533,0.991445,-0.130526,1
391,6.5167,0.020033,0.026,0.0,-0.005967,0.990866,-0.134851,1
392,6.5333,0.020233,0.0321,0.0,-0.011867,0.990268,-0.139173,1
393,6.55,0.02055,0.031,0.0,-0.01045,0.989651,-0.143493,1
394,6.5667,0.020183,0.025,0.0,-0.004817,0.989016,-0.147809,1
395,6.5833,0.020617,0.029,0.0,-0.008383,0.988362,-0.152123,1
396,6.6,0.024267,0.0295,0.0,-0.005233,0.987688,-0.156434,1
397,6.6167,0.024683,0.0292,0.0,-0.004517,0.986996,-0.160743,1
398,6.6333,0.02695,0.0305,0.0,-0.00355,0.986286,-0.165048,1
399,6.65,0.02415,0.0277,0.0,-0.00355,0.985556,-0.16935,1
400,6.6667,0.027533,0.0288,0.0,-0.001267,0.984808,-0.173648,1
401,6.6833,0.02565,0.0299,0.0,-0.00425,0.984041,-0.177944,1
402,6.7,0.026583,0.0271,0.0,-0.000517,0.983255,-0.182236,1
403,6.7167,0.03,0.0277,0.0023,0.0023,0.98245,-0.186524,0
404,6.7333,0.023817,0.0255,0.0006,-0.001683,0.981627,-0.190809,0
405,6.75,0.02525,0.0303,0.0,-0.00505,0.980785,-0.19509,1
406,6.7667,0.029467,0.0249,0.0046,0.004567,0.979925,-0.199368,0
407,6.7833,0.031417,0.0264,0.0096,0.005017,0.979045,-0.203642,0
408,6.8,0.028083,0.0303,0.0074,-0.002217,0.978148,-0.207912,0
409,6.8167,0.034467,0.0305,0.0114,0.003967,0.977231,-0.212178,0
410,6.8333,0.034833,0.0291,0.0171,0.005733,0.976296,-0.21644,0
411,6.85,0.03195,0.0272,0.0218,0.00475,0.975342,-0.220697,0
412,6.8667,0.033767,0.0282,0.0274,0.005567,0.97437,-0.224951,0
413,6.8833,0.0348,0.0298,0.0324,0.005,0.973379,-0.2292,0
414,6.9,0.037183,0.0275,0.0421,0.009683,0.97237,-0.233445,0
415,6.9167,0.032983,0.0273,0.0478,0.005683,0.971342,-0.237686,0
416,6.9333,0.036983,0.0263,0.0585,0.010683,0.970296,-0.241922,0
417,6.95,0.03875,0.0287,0.0685,0.01005,0.969231,-0.246153,0
418,6.9667,0.032333,0.0287,0.0721,0.003633,0.968148,-0.25038,0
419,6.9833,0.03515,0.0273,0.0799,0.00785,0.967046,-0.254602,0
420,7.0,0.039133,0.0541,0.0649,-0.014967,0.965926,-0.258819,0
421,7.0167,0.03945,0.056,0.0483,-0.01655,0.964787,-0.263031,0
422,7.0333,0.040617,0.0501,0.0388,-0.009483,0.96363,-0.267238,0
423,7.05,0.0386,0.0531,0.0243,-0.0145,0.962455,-0.27144,0
424,7.0667,0.045867,0.0486,0.0216,-0.002733,0.961262,-0.275637,0
425,7.0833,0.043583,0.0497,0.0155,-0.006117,0.96005,-0.279829,0
426,7.1,0.04385,0.0506,0.0088,-0.00675,0.95882,-0.284015,0
427,7.1167,0.041317,0.0514,0.0,-0.010083,0.957571,-0.288196,1
428,7.1333,0.047833,0.0515,0.0,-0.003667,0.956305,-0.292372,1
429,7.15,0.041833,0.0558,0.0,-0.013967,0.95502,-0.296542,1
430,7.1667,0.045583,0.0529,0.0,-0.007317,0.953717,-0.300706,1
431,7.1833,0.0481,0.0535,0.0,-0.0054,0.952396,-0.304864,1
432,7.2,0.0462,0.0498,0.0,-0.0036,0.951057,-0.309017,1
433,7.2167,0.047133,0.0535,0.0,-0.006367,0.949699,-0.313164,1
434,7.2333,0.045717,0.0497,0.0,-0.003983,0.948324,-0.317305,1
435,7.25,0.045883,0.0505,0.0,-0.004617,0.94693,-0.321439,1
436,7.2667,0.0444,0.0527,0.0,-0.0083,0.945519,-0.325568,1
437,7.2833,0.051883,0.0497,0.0022,0.002183,0.944089,-0.329691,0
438,7.3,0.05205,0.053,0.0013,-0.00095,0.942641,-0.333807,0
439,7.3167,0.049233,0.0492,0.0013,3.3e-05,0.941176,-0.337917,0
440,7.3333,0.049183,0.054,0.0,-0.004817,0.939693,-0.34202,1
441,7.35,0.048617,0.0503,0.0,-0.001683,0.938191,-0.346117,1
442,7.3667,0.050067,0.0523,0.0,-0.002233,0.936672,-0.350207,1
443,7.3833,0.055067,0.0518,0.0033,0.003267,0.935135,-0.354291,0
444,7.4,0.05425,0.0509,0.0066,0.00335,0.93358,-0.358368,0
445,7.4167,0.056383,0.0497,0.0133,0.006683,0.932008,-0.362438,0
446,7.4333,0.05575,0.0544,0.0147,0.00135,0.930418,-0.366501,0
447,7.45,0.059733,0.0518,0.0226,0.007933,0.92881,-0.370557,0
448,7.4667,0.053983,0.0555,0.0211,-0.001517,0.927184,-0.374607,0
449,7.4833,0.0526,0.0532,0.0205,-0.0006,0.925541,-0.378649,0
450,7.5,0.062817,0.0539,0.0294,0.008917,0.92388,-0.382683,0
451,7.5167,0.059367,0.0503,0.0385,0.009067,0.922201,-0.386711,0
452,7.5333,0.055267,0.0539,0.0399,0.001367,0.920505,-0.390731,0
453,7.55,0.0547,0.0524,0.0422,0.0023,0.918791,-0.394744,0
454,7.5667,0.05745,0.0546,0.045,0.00285,0.91706,-0.398749,0
455,7.5833,0.06195,0.0495,0.0574,0.01245,0.915311,-0.402747,0
456,7.6,0.061533,0.0534,0.0655,0.008133,0.913545,-0.406737,0
457,7.6167,0.0626,0.0556,0.0725,0.007,0.911762,-0.410719,0
458,7.6333,0.059117,0.0525,0.0791,0.006617,0.909961,-0.414693,0
459,7.65,0.06335,0.0545,0.088,0.00885,0.908143,-0.41866,0
460,7.6667,0.0621,0.0481,0.102,0.014,0.906308,-0.422618,0
461,7.6833,0.0646,0.0549,0.1117,0.0097,0.904455,-0.426569,0
462,7.7,0.06555,0.0525,0.1247,0.01305,0.902585,-0.430511,0
463,7.7167,0.06735,0.0533,0.1387,0.01405,0.900698,-0.434445,0
464,7.7333,0.066083,0.0512,0.1536,0.014883,0.898794,-0.438371,0
465,7.75,0.06805,0.0529,0.1687,0.01515,0.896873,-0.442289,0
466,7.7667,0.062833,0.0519,0.1796,0.010933,0.894934,-0.446198,0
467,7.7833,0.059917,0.0549,0.1846,0.005017,0.892979,-0.450098,0
468,7.8,0.06835,0.0506,0.2024,0.01775,0.891007,-0.45399,0
469,7.8167,0.069633,0.052,0.22,0.017633,0.889017,-0.457874,0
470,7.8333,0.068683,0.0547,0.234,0.013983,0.887011,-0.461749,0
471,7.85,0.06745,0.0533,0.2481,0.01415,0.884988,-0.465615,0
472,7.8667,0.07085,0.051,0.2679,0.01985,0.882948,-0.469472,0
473,7.8833,0.072383,0.1097,0.2306,-0.037317,0.880891,-0.47332,0
474,7.9,0.07415,0.1146,0.1901,-0.04045,0.878817,-0.477159,0
475,7.9167,0.067283,0.1134,0.144,-0.046117,0.876727,-0.480989,0
476,7.9333,0.073167,0.1142,0.103,-0.041033,0.87462,-0.48481,0
477,7.95,0.074417,0.1133,0.0641,-0.038883,0.872496,-0.488621,0
478,7.9667,0.0697,0.1117,0.0221,-0.042,0.870356,-0.492424,0
479,7.9833,0.07375,0.1108,0.0,-0.03705,0.868199,-0.496217,1
480,8.0,0.074467,0.1112,0.0,-0.036733,0.866025,-0.5,1
481,8.0167,0.075417,0.1109,0.0,-0.035483,0.863836,-0.503774,1
482,8.0333,0.079667,0.108,0.0,-0.028333,0.861629,-0.507538,1
483,8.05,0.076517,0.1128,0.0,-0.036283,0.859406,-0.511293,1
484,8.0667,0.08175,0.1104,0.0,-0.02865,0.857167,-0.515038,1
485,8.0833,0.079733,0.1087,0.0,-0.028967,0.854912,-0.518773,1
486,8.1,0.077517,0.1133,0.0,-0.035783,0.85264,-0.522499,1
487,8.1167,0.079917,0.1092,0.0,-0.029283,0.850352,-0.526214,1
488,8.1333,0.07775,0.1124,0.0,-0.03465,0.848048,-0.529919,1
489,8.15,0.07875,0.1108,0.0,-0.03205,0.845728,-0.533615,1
490,8.1667,0.080717,0.1133,0.0,-0.032583,0.843391,-0.5373,1
491,8.1833,0.0827,0.1105,0.0,-0.0278,0.841039,-0.540974,1
492,8.2,0.080283,0.1139,0.0,-0.033617,0.838671,-0.544639,1
493,8.2167,0.0815,0.114,0.0,-0.0325,0.836286,-0.548293,1
494,8.2333,0.08175,0.1083,0.0,-0.02655,0.833886,-0.551937,1
495,8.25,0.08305,0.1115,0.0,-0.02845,0.83147,-0.55557,1
496,8.2667,0.083383,0.1108,0.0,-0.027417,0.829038,-0.559193,1
497,8.2833,0.0869,0.1124,0.0,-0.0255,0.82659,-0.562805,1
498,8.3,0.08515,0.1162,0.0,-0.03105,0.824126,-0.566406,1
499,8.3167,0.083017,0.1124,0.0,-0.029383,0.821647,-0.569997,1
500,8.3333,0.088017,0.1123,0.0,-0.024283,0.819152,-0.573576,1
501,8.35,0.08145,0.114,0.0,-0.03255,0.816642,-0.577145,1
502,8.3667,0.086467,0.115,0.0,-0.028533,0.814116,-0.580703,1
503,8.3833,0.0864,0.1142,0.0,-0.0278,0.811574,-0.58425,1
504,8.4,0.09195,0.1147,0.0,-0.02275,0.809017,-0.587785,1
505,8.4167,0.08835,0.1119,0.0,-0.02355,0.806445,-0.59131,1
506,8.4333,0.086217,0.1125,0.0,-0.026283,0.803857,-0.594823,1
507,8.45,0.088433,0.1111,0.0,-0.022667,0.801254,-0.598325,1
508,8.4667,0.090483,0.1108,0.0,-0.020317,0.798636,-0.601815,1
509,8.4833,0.094733,0.1129,0.0,-0.018167,0.796002,-0.605294,1
510,8.5,0.093517,0.1124,0.0,-0.018883,0.793353,-0.608761,1
511,8.5167,0.092383,0.1159,0.0,-0.023517,0.79069,-0.612217,1
512,8.5333,0.091067,0.1138,0.0,-0.022733,0.788011,-0.615661,1
513,8.55,0.088083,0.1111,0.0,-0.023017,0.785317,-0.619094,1
514,8.5667,0.09435,0.1119,0.0,-0.01755,0.782608,-0.622515,1
515,8.5833,0.092317,0.1136,0.0,-0.021283,0.779884,-0.625923,1
516,8.6,0.09505,0.1107,0.0,-0.01565,0.777146,-0.62932,1
517,8.6167,0.094883,0.0495,0.0454,0.045383,0.774393,-0.632705,0
518,8.6333,0.0959,0.0514,0.0899,0.0445,0.771625,-0.636078,0
519,8.65,0.092683,0.0548,0.1278,0.037883,0.768842,-0.639439,0
520,8.6667,0.096667,0.0514,0.1731,0.045267,0.766044,-0.642788,0
521,8.6833,0.097017,0.0514,0.2187,0.045617,0.763232,-0.646124,0
522,8.7,0.098367,0.0548,0.2623,0.043567,0.760406,-0.649448,0
523,8.7167,0.099567,0.0517,0.3102,0.047867,0.757565,-0.65276,0
524,8.7333,0.093433,0.0526,0.351,0.040833,0.75471,-0.656059,0
525,8.75,0.098617,0.0536,0.396,0.045017,0.75184,-0.659346,0
526,8.7667,0.09845,0.0534,0.441,0.04505,0.748956,-0.66262,0
527,8.7833,0.098183,0.0521,0.4871,0.046083,0.746057,-0.665882,0
528,8.8,0.10205,0.0525,0.5366,0.04955,0.743145,-0.669131,0
529,8.8167,0.099717,0.0491,0.5872,0.050617,0.740218,-0.672367,0
530,8.8333,0.101467,0.0506,0.6381,0.050867,0.737277,-0.67559,0
531,8.85,0.101083,0.0539,0.6853,0.047183,0.734323,-0.678801,0
532,8.8667,0.101867,0.0525,0.7347,0.049367,0.731354,-0.681998,0
533,8.8833,0.101667,0.0513,0.7851,0.050367,0.728371,-0.685183,0
534,8.9,0.10175,0.0512,0.8357,0.05055,0.725374,-0.688355,0
535,8.9167,0.1056,0.0515,0.8898,0.0541,0.722364,-0.691513,0
536,8.9333,0.104033,0.0484,0.9454,0.055633,0.71934,-0.694658,0
537,8.95,0.106333,0.0524,0.9993,0.053933,0.716302,-0.69779,0
538,8.9667,0.1056,0.0509,1.054,0.0547,0.71325,-0.700909,0
539,8.9833,0.101233,0.0527,1.1025,0.048533,0.710185,-0.704015,0
540,9.0,0.1067,0.029,1.1802,0.0777,0.707107,-0.707107,0
541,9.0167,0.1082,0.0293,1.2591,0.0789,0.704015,-0.710185,0
542,9.0333,0.107233,0.0256,1.3407,0.081633,0.700909,-0.71325,0
543,9.05,0.111383,0.0281,1.424,0.083283,0.69779,-0.716302,0
544,9.0667,0.1098,0.0306,1.5032,0.0792,0.694658,-0.71934,0
545,9.0833,0.105883,0.0288,1.5803,0.077083,0.691513,-0.722364,0
546,9.1,0.107683,0.0286,1.6594,0.079083,0.688355,-0.725374,0
547,9.1167,0.11185,0.0253,1.7459,0.08655,0.685183,-0.728371,0
548,9.1333,0.110817,0.0288,1.8279,0.082017,0.681998,-0.731354,0
549,9.15,0.10985,0.0328,1.905,0.07705,0.678801,-0.734323,0
550,9.1667,0.11165,0.0329,1.9837,0.07875,0.67559,-0.737277,0
551,9.1833,0.11025,0.0299,2.064,0.08035,0.672367,-0.740218,0
552,9.2,0.109867,0.028,2.1459,0.081867,0.669131,-0.743145,0
553,9.2167,0.110483,0.0297,2.2267,0.080783,0.665882,-0.746057,0
554,9.2333,0.115067,0.0267,2.3151,0.088367,0.66262,-0.748956,0
555,9.25,0.111533,0.0302,2.3964,0.081333,0.659346,-0.75184,0
556,9.2667,0.10975,0.0302,2.476,0.07955,0.656059,-0.75471,0
557,9.2833,0.113717,0.0285,2.5612,0.085217,0.65276,-0.757565,0
558,9.3,0.112533,0.0294,2.6443,0.083133,0.649448,-0.760406,0
559,9.3167,0.113017,0.0262,2.7311,0.086817,0.646124,-0.763232,0
560,9.3333,0.11315,0.0265,2.8178,0.08665,0.642788,-0.766044,0
561,9.35,0.1104,0.0265,2.9017,0.0839,0.639439,-0.768842,0
562,9.3667,0.11505,0.0262,2.9905,0.08885,0.636078,-0.771625,0
563,9.3833,0.120483,0.031,3.08,0.089483,0.632705,-0.774393,0
564,9.4,0.11395,0.0268,3.1671,0.08715,0.62932,-0.777146,0
565,9.4167,0.111733,0.0284,3.2504,0.083333,0.625923,-0.779884,0
566,9.4333,0.119983,0.0277,3.3427,0.092283,0.622515,-0.782608,0
567,9.45,0.119733,0.0271,3.4353,0.092633,0.619094,-0.785317,0
568,9.4667,0.12075,0.0291,3.5269,0.09165,0.615661,-0.788011,0
569,9.4833,0.118667,0.0303,3.6153,0.088367,0.612217,-0.79069,0
570,9.5,0.116617,0.0295,3.7024,0.087117,0.608761,-0.793353,0
571,9.5167,0.124833,0.0258,3.8014,0.099033,0.605294,-0.796002,0
572,9.5333,0.1222,0.0279,3.8957,0.0943,0.601815,-0.798636,0
573,9.55,0.121317,0.0271,3.9899,0.094217,0.598325,-0.801254,0
574,9.5667,0.11775,0.0303,4.0773,0.08745,0.594823,-0.803857,0
575,9.5833,0.122783,0.027,4.1731,0.095783,0.59131,-0.806445,0
576,9.6,0.122933,0.0316,4.2644,0.091333,0.587785,-0.809017,0
577,9.6167,0.125533,0.0259,4.364,0.099633,0.58425,-0.811574,0
578,9.6333,0.12085,0.0286,4.4562,0.09225,0.580703,-0.814116,0
579,9.65,0.124883,0.0292,4.5519,0.095683,0.577145,-0.816642,0
580,9.6667,0.127917,0.0296,4.6502,0.098317,0.573576,-0.819152,0
581,9.6833,0.123217,0.0287,4.7447,0.094517,0.569997,-0.821647,0
582,9.7,0.121933,0.0291,4.8375,0.092833,0.566406,-0.824126,0
583,9.7167,0.124883,0.0314,4.931,0.093483,0.562805,-0.82659,0
584,9.7333,0.119517,0.0242,5.0263,0.095317,0.559193,-0.829038,0
585,9.75,0.127967,0.0297,5.1246,0.098267,0.55557,-0.83147,0
586,9.7667,0.129433,0.0268,5.2272,0.102633,0.551937,-0.833886,0
587,9.7833,0.129733,0.0256,5.3313,0.104133,0.548293,-0.836286,0
588,9.8,0.127467,0.0285,5.4303,0.098967,0.544639,-0.838671,0
589,9.8167,0.128317,0.0271,5.5315,0.101217,0.540974,-0.841039,0
590,9.8333,0.127133,0.024,5.6346,0.103133,0.5373,-0.843391,0
591,9.85,0.127283,0.0309,5.731,0.096383,0.533615,-0.845728,0
592,9.8667,0.129583,0.0273,5.8333,0.102283,0.529919,-0.848048,0
593,9.8833,0.1283,0.0262,5.9354,0.1021,0.526214,-0.850352,0
594,9.9,0.127383,0.0307,6.0321,0.096683,0.522499,-0.85264,0
595,9.9167,0.126917,0.0285,6.1305,0.098417,0.518773,-0.854912,0
596,9.9333,0.126667,0.0289,6.2283,0.097767,0.515038,-0.857167,0
597,9.95,0.127,0.0265,6.3288,0.1005,0.511293,-0.859406,0
598,9.9667,0.127967,0.0331,6.4237,0.094867,0.507538,-0.861629,0
599,9.9833,0.132583,0.026,6.5303,0.106583,0.503774,-0.863836,0
600,10.0,0.1309,0.0261,6.6351,0.1048,0.5,-0.866025,0
601,10.0167,0.129033,0.0289,6.7352,0.100133,0.496217,-0.868199,0
602,10.0333,0.1311,0.0277,6.8386,0.1034,0.492424,-0.870356,0
603,10.05,0.131067,0.0309,6.9388,0.100167,0.488621,-0.872496,0
604,10.0667,0.1287,0.03,7.0375,0.0987,0.48481,-0.87462,0
605,10.0833,0.131483,0.0256,7.1434,0.105883,0.480989,-0.876727,0
606,10.1,0.132633,0.0294,7.2466,0.103233,0.477159,-0.878817,0
607,10.1167,0.130333,0.0312,7.3457,0.099133,0.47332,-0.880891,0
608,10.1333,0.13115,0.0302,7.4466,0.10095,0.469472,-0.882948,0
609,10.15,0.1296,0.0328,7.5434,0.0968,0.465615,-0.884988,0
610,10.1667,0.133783,0.0304,7.6468,0.103383,0.461749,-0.887011,0
611,10.1833,0.131583,0.0264,7.752,0.105183,0.457874,-0.889017,0
612,10.2,0.134783,0.028,7.8588,0.106783,0.45399,-0.891007,0
613,10.2167,0.129633,0.0299,7.9585,0.099733,0.450098,-0.892979,0
614,10.2333,0.13345,0.0288,8.0632,0.10465,0.446198,-0.894934,0
615,10.25,0.131767,0.0287,8.1663,0.103067,0.442289,-0.896873,0
616,10.2667,0.132483,0.0292,8.2696,0.103283,0.438371,-0.898794,0
617,10.2833,0.131483,0.0257,8.3754,0.105783,0.434445,-0.900698,0
618,10.3,0.132583,0.0265,8.4815,0.106083,0.430511,-0.902585,0
619,10.3167,0.133033,0.0299,8.5846,0.103133,0.426569,-0.904455,0
620,10.3333,0.136733,0.0313,8.69,0.105433,0.422618,-0.906308,0
621,10.35,0.136483,0.0264,8.8001,0.110083,0.41866,-0.908143,0
622,10.3667,0.134433,0.0281,8.9064,0.106333,0.414693,-0.909961,0
623,10.3833,0.134117,0.0297,9.0108,0.104417,0.410719,-0.911762,0
624,10.4,0.137233,0.0259,9.1221,0.111333,0.406737,-0.913545,0
625,10.4167,0.13295,0.0276,9.2274,0.10535,0.402747,-0.915311,0
626,10.4333,0.13205,0.0279,9.3315,0.10415,0.398749,-0.91706,0
627,10.45,0.134467,0.0301,9.4359,0.104367,0.394744,-0.918791,0
628,10.4667,0.134883,0.0274,9.5434,0.107483,0.390731,-0.920505,0
629,10.4833,0.138833,0.0272,9.655,0.111633,0.386711,-0.922201,0
630,10.5,0.143033,0.0289,9.7691,0.114133,0.382683,-0.92388,0
631,10.5167,0.142067,0.0289,9.8823,0.113167,0.378649,-0.925541,0
632,10.5333,0.138567,0.0281,9.9928,0.110467,0.374607,-0.927184,0
633,10.55,0.138567,0.0276,10.1038,0.110967,0.370557,-0.92881,0
634,10.5667,0.137333,0.0247,10.2164,0.112633,0.366501,-0.930418,0
635,10.5833,0.13895,0.025,10.3303,0.11395,0.362438,-0.932008,0
636,10.6,0.136083,0.0321,10.4343,0.103983,0.358368,-0.93358,0
637,10.6167,0.140883,0.0268,10.5484,0.114083,0.354291,-0.935135,0
638,10.6333,0.1401,0.026,10.6625,0.1141,0.350207,-0.936672,0
639,10.65,0.144433,0.0299,10.777,0.114533,0.346117,-0.938191,0
640,10.6667,0.140383,0.0305,10.8869,0.109883,0.34202,-0.939693,0
641,10.6833,0.1416,0.0281,11.0004,0.1135,0.337917,-0.941176,0
642,10.7,0.140983,0.0299,11.1115,0.111083,0.333807,-0.942641,0
643,10.7167,0.138217,0.0308,11.2189,0.107417,0.329691,-0.944089,0
644,10.7333,0.1401,0.0283,11.3307,0.1118,0.325568,-0.945519,0
645,10.75,0.141733,0.03,11.4424,0.111733,0.321439,-0.94693,0
646,10.7667,0.140433,0.031,11.5518,0.109433,0.317305,-0.948324,0
647,10.7833,0.142217,0.0301,11.6639,0.112117,0.313164,-0.949699,0
648,10.8,0.139483,0.0293,11.7741,0.110183,0.309017,-0.951057,0
649,10.8167,0.14095,0.0288,11.8863,0.11215,0.304864,-0.952396,0
650,10.8333,0.143483,0.0319,11.9979,0.111583,0.300706,-0.953717,0
651,10.85,0.144917,0.0303,12.1125,0.114617,0.296542,-0.95502,0
652,10.8667,0.144917,0.0315,12.2259,0.113417,0.292372,-0.956305,0
653,10.8833,0.142333,0.0284,12.3398,0.113933,0.288196,-0.957571,0
654,10.9,0.142517,0.0285,12.4538,0.114017,0.284015,-0.95882,0
655,10.9167,0.150467,0.0303,12.574,0.120167,0.279829,-0.96005,0
656,10.9333,0.141683,0.0273,12.6884,0.114383,0.275637,-0.961262,0
657,10.95,0.1464,0.0285,12.8063,0.1179,0.27144,-0.962455,0
658,10.9667,0.144083,0.0313,12.9191,0.112783,0.267238,-0.96363,0
659,10.9833,0.1467,0.0273,13.0385,0.1194,0.263031,-0.964787,0
660,11.0,0.140417,0.0263,13.1526,0.114117,0.258819,-0.965926,0
661,11.0167,0.149183,0.0272,13.2746,0.121983,0.254602,-0.967046,0
662,11.0333,0.149367,0.0292,13.3948,0.120167,0.25038,-0.968148,0
663,11.05,0.143933,0.0257,13.513,0.118233,0.246153,-0.969231,0
664,11.0667,0.147017,0.0279,13.6321,0.119117,0.241922,-0.970296,0
665,11.0833,0.147583,0.0277,13.752,0.119883,0.237686,-0.971342,0
666,11.1,0.147633,0.0274,13.8722,0.120233,0.233445,-0.97237,0
667,11.1167,0.14645,0.0269,13.9917,0.11955,0.2292,-0.973379,0
668,11.1333,0.144633,0.03,14.1063,0.114633,0.224951,-0.97437,0
669,11.15,0.143733,0.0287,14.2213,0.115033,0.220697,-0.975342,0
670,11.1667,0.143317,0.0251,14.3395,0.118217,0.21644,-0.976296,0
671,11.1833,0.146483,0.0269,14.4591,0.119583,0.212178,-0.977231,0
672,11.2,0.1451,0.0304,14.5738,0.1147,0.207912,-0.978148,0
673,11.2167,0.14325,0.0271,14.6899,0.11615,0.203642,-0.979045,0
674,11.2333,0.149017,0.0307,14.8082,0.118317,0.199368,-0.979925,0
675,11.25,0.14715,0.0283,14.927,0.11885,0.19509,-0.980785,0
676,11.2667,0.145967,0.0289,15.0,0.117067,0.190809,-0.981627,0
677,11.2833,0.1474,0.0287,15.0,0.1187,0.186524,-0.98245,0
678,11.3,0.147833,0.0305,15.0,0.117333,0.182236,-0.983255,0
679,11.3167,0.14875,0.0289,15.0,0.11985,0.177944,-0.984041,0
680,11.3333,0.142983,0.0294,15.0,0.113583,0.173648,-0.984808,0
681,11.35,0.145483,0.0267,15.0,0.118783,0.16935,-0.985556,0
682,11.3667,0.151817,0.0276,15.0,0.124217,0.165048,-0.986286,0
683,11.3833,0.151533,0.0251,15.0,0.126433,0.160743,-0.986996,0
684,11.4,0.149117,0.0282,15.0,0.120917,0.156434,-0.987688,0
685,11.4167,0.1467,0.0297,15.0,0.117,0.152123,-0.988362,0
686,11.4333,0.147533,0.0254,15.0,0.122133,0.147809,-0.989016,0
687,11.45,0.146917,0.0286,15.0,0.118317,0.143493,-0.989651,0
688,11.4667,0.146867,0.0285,15.0,0.118367,0.139173,-0.990268,0
689,11.4833,0.1453,0.0264,15.0,0.1189,0.134851,-0.990866,0
690,11.5,0.148033,0.0282,15.0,0.119833,0.130526,-0.991445,0
691,11.5167,0.1523,0.0262,15.0,0.1261,0.126199,-0.992005,0
692,11.5333,0.153083,0.032,15.0,0.121083,0.121869,-0.992546,0
693,11.55,0.142883,0.0304,15.0,0.112483,0.117537,-0.993068,0
694,11.5667,0.147883,0.0291,15.0,0.118783,0.113203,-0.993572,0
695,11.5833,0.151083,0.0259,15.0,0.125183,0.108867,-0.994056,0
696,11.6,0.1508,0.0268,15.0,0.124,0.104528,-0.994522,0
697,11.6167,0.146117,0.0303,15.0,0.115817,0.100188,-0.994969,0
698,11.6333,0.15235,0.0292,15.0,0.12315,0.095846,-0.995396,0
699,11.65,0.153367,0.0267,15.0,0.126667,0.091502,-0.995805,0
700,11.6667,0.1529,0.0303,15.0,0.1226,0.087156,-0.996195,0
701,11.6833,0.150033,0.0272,15.0,0.122833,0.082808,-0.996566,0
702,11.7,0.148667,0.0263,15.0,0.122367,0.078459,-0.996917,0
703,11.7167,0.148417,0.0275,15.0,0.120917,0.074108,-0.99725,0
704,11.7333,0.15045,0.0326,15.0,0.11785,0.069756,-0.997564,0
705,11.75,0.150767,0.028,15.0,0.122767,0.065403,-0.997859,0
706,11.7667,0.1509,0.029,15.0,0.1219,0.061049,-0.998135,0
707,11.7833,0.146817,0.0271,15.0,0.119717,0.056693,-0.998392,0
708,11.8,0.14845,0.0308,15.0,0.11765,0.052336,-0.99863,0
709,11.8167,0.147333,0.0294,15.0,0.117933,0.047978,-0.998848,0
710,11.8333,0.1523,0.0321,15.0,0.1202,0.043619,-0.999048,0
711,11.85,0.148533,0.029,15.0,0.119533,0.03926,-0.999229,0
712,11.8667,0.15255,0.0291,15.0,0.12345,0.034899,-0.999391,0
713,11.8833,0.151667,0.0315,15.0,0.120167,0.030539,-0.999534,0
714,11.9,0.1497,0.0278,15.0,0.1219,0.026177,-0.999657,0
715,11.9167,0.149633,0.0306,15.0,0.119033,0.021815,-0.999762,0
716,11.9333,0.152033,0.0313,15.0,0.120733,0.017452,-0.999848,0
717,11.95,0.149067,0.0279,15.0,0.121167,0.01309,-0.999914,0
718,11.9667,0.151333,0.0303,15.0,0.121033,0.008727,-0.999962,0
719,11.9833,0.1525,0.0276,15.0,0.1249,0.004363,-0.99999,0
720,12.0,0.152433,0.0267,15.0,0.125733,0.0,-1.0,0
721,12.0167,0.1451,0.0304,15.0,0.1147,-0.004363,-0.99999,0
722,12.0333,0.1543,0.0303,15.0,0.124,-0.008727,-0.999962,0
723,12.05,0.15235,0.0293,15.0,0.12305,-0.01309,-0.999914,0
724,12.0667,0.149783,0.0303,15.0,0.119483,-0.017452,-0.999848,0
725,12.0833,0.1515,0.0295,15.0,0.122,-0.021815,-0.999762,0
726,12.1,0.149933,0.0313,15.0,0.118633,-0.026177,-0.999657,0
727,12.1167,0.149983,0.0279,15.0,0.122083,-0.030539,-0.999534,0
728,12.1333,0.152783,0.0279,15.0,0.124883,-0.034899,-0.999391,0
729,12.15,0.146467,0.0301,15.0,0.116367,-0.03926,-0.999229,0
730,12.1667,0.148833,0.0266,15.0,0.122233,-0.043619,-0.999048,0
731,12.1833,0.148867,0.0292,15.0,0.119667,-0.047978,-0.998848,0
732,12.2,0.148367,0.0286,15.0,0.119767,-0.052336,-0.99863,0
733,12.2167,0.150333,0.0266,15.0,0.123733,-0.056693,-0.998392,0
734,12.2333,0.148117,0.0282,15.0,0.119917,-0.061049,-0.998135,0
735,12.25,0.152933,0.0282,15.0,0.124733,-0.065403,-0.997859,0
736,12.2667,0.146967,0.0263,15.0,0.120667,-0.069756,-0.997564,0
737,12.2833,0.150883,0.0272,15.0,0.123683,-0.074108,-0.99725,0
738,12.3,0.148733,0.0251,15.0,0.123633,-0.078459,-0.996917,0
739,12.3167,0.15165,0.0285,15.0,0.12315,-0.082808,-0.996566,0
740,12.3333,0.150017,0.0306,15.0,0.119417,-0.087156,-0.996195,0
741,12.35,0.145783,0.0295,15.0,0.116283,-0.091502,-0.995805,0
742,12.3667,0.15185,0.0302,15.0,0.12165,-0.095846,-0.995396,0
743,12.3833,0.15155,0.0311,15.0,0.12045,-0.100188,-0.994969,0
744,12.4,0.148333,0.0262,15.0,0.122133,-0.104528,-0.994522,0
745,12.4167,0.152433,0.0291,15.0,0.123333,-0.108867,-0.994056,0
746,12.4333,0.147983,0.0271,15.0,0.120883,-0.113203,-0.993572,0
747,12.45,0.149633,0.0298,15.0,0.119833,-0.117537,-0.993068,0
748,12.4667,0.1475,0.0318,15.0,0.1157,-0.121869,-0.992546,0
749,12.4833,0.14815,0.0268,15.0,0.12135,-0.126199,-0.992005,0
750,12.5,0.152367,0.0275,15.0,0.124867,-0.130526,-0.991445,0
751,12.5167,0.14675,0.0275,15.0,0.11925,-0.134851,-0.990866,0
752,12.5333,0.147883,0.0311,15.0,0.116783,-0.139173,-0.990268,0
753,12.55,0.151867,0.0302,15.0,0.121667,-0.143493,-0.989651,0
754,12.5667,0.145833,0.0293,15.0,0.116533,-0.147809,-0.989016,0
755,12.5833,0.145917,0.0315,15.0,0.114417,-0.152123,-0.988362,0
756,12.6,0.142467,0.0278,15.0,0.114667,-0.156434,-0.987688,0
757,12.6167,0.146867,0.027,15.0,0.119867,-0.160743,-0.986996,0
758,12.6333,0.14905,0.03,15.0,0.11905,-0.165048,-0.986286,0
759,12.65,0.1485,0.0272,15.0,0.1213,-0.16935,-0.985556,0
760,12.6667,0.146567,0.0301,15.0,0.116467,-0.173648,-0.984808,0
761,12.6833,0.150167,0.0333,15.0,0.116867,-0.177944,-0.984041,0
762,12.7,0.148533,0.0282,15.0,0.120333,-0.182236,-0.983255,0
763,12.7167,0.151633,0.0286,15.0,0.123033,-0.186524,-0.98245,0
764,12.7333,0.148433,0.0291,15.0,0.119333,-0.190809,-0.981627,0
765,12.75,0.1461,0.0266,15.0,0.1195,-0.19509,-0.980785,0
766,12.7667,0.146867,0.0289,15.0,0.117967,-0.199368,-0.979925,0
767,12.7833,0.1456,0.0284,15.0,0.1172,-0.203642,-0.979045,0
768,12.8,0.145467,0.0247,15.0,0.120767,-0.207912,-0.978148,0
769,12.8167,0.145983,0.026,15.0,0.119983,-0.212178,-0.977231,0
770,12.8333,0.14545,0.029,15.0,0.11645,-0.21644,-0.976296,0
771,12.85,0.144433,0.03,15.0,0.114433,-0.220697,-0.975342,0
772,12.8667,0.14585,0.0299,15.0,0.11595,-0.224951,-0.97437,0
773,12.8833,0.146167,0.0254,15.0,0.120767,-0.2292,-0.973379,0
774,12.9,0.14245,0.027,15.0,0.11545,-0.233445,-0.97237,0
775,12.9167,0.141783,0.0276,15.0,0.114183,-0.237686,-0.971342,0
776,12.9333,0.145317,0.0249,15.0,0.120417,-0.241922,-0.970296,0
777,12.95,0.14645,0.0299,15.0,0.11655,-0.246153,-0.969231,0
778,12.9667,0.145,0.0279,15.0,0.1171,-0.25038,-0.968148,0
779,12.9833,0.143933,0.029,15.0,0.114933,-0.254602,-0.967046,0
780,13.0,0.1401,0.0338,15.0,0.1063,-0.258819,-0.965926,0
781,13.0167,0.145667,0.0253,15.0,0.120367,-0.263031,-0.964787,0
782,13.0333,0.141483,0.0285,15.0,0.112983,-0.267238,-0.96363,0
783,13.05,0.144317,0.0292,15.0,0.115117,-0.27144,-0.962455,0
784,13.0667,0.145433,0.0313,15.0,0.114133,-0.275637,-0.961262,0
785,13.0833,0.148717,0.0278,15.0,0.120917,-0.279829,-0.96005,0
786,13.1,0.143217,0.0308,15.0,0.112417,-0.284015,-0.95882,0
787,13.1167,0.141867,0.0279,15.0,0.113967,-0.288196,-0.957571,0
788,13.1333,0.147983,0.0271,15.0,0.120883,-0.292372,-0.956305,0
789,13.15,0.145983,0.029,15.0,0.116983,-0.296542,-0.95502,0
790,13.1667,0.146317,0.0277,15.0,0.118617,-0.300706,-0.953717,0
791,13.1833,0.139983,0.0268,15.0,0.113183,-0.304864,-0.952396,0
792,13.2,0.140917,0.0279,15.0,0.113017,-0.309017,-0.951057,0
793,13.2167,0.142717,0.0294,15.0,0.113317,-0.313164,-0.949699,0
794,13.2333,0.137767,0.0253,15.0,0.112467,-0.317305,-0.948324,0
795,13.25,0.13675,0.0286,15.0,0.10815,-0.321439,-0.94693,0
796,13.2667,0.142417,0.029,15.0,0.113417,-0.325568,-0.945519,0
797,13.2833,0.139983,0.0283,15.0,0.111683,-0.329691,-0.944089,0
798,13.3,0.138867,0.0294,15.0,0.109467,-0.333807,-0.942641,0
799,13.3167,0.144867,0.03,15.0,0.114867,-0.337917,-0.941176,0
800,13.3333,0.13905,0.031,15.0,0.10805,-0.34202,-0.939693,0
801,13.35,0.137883,0.0281,15.0,0.109783,-0.346117,-0.938191,0
802,13.3667,0.143767,0.0261,15.0,0.117667,-0.350207,-0.936672,0
803,13.3833,0.139533,0.0294,15.0,0.110133,-0.354291,-0.935135,0
804,13.4,0.142167,0.0273,15.0,0.114867,-0.358368,-0.93358,0
805,13.4167,0.13945,0.0283,15.0,0.11115,-0.362438,-0.932008,0
806,13.4333,0.140233,0.0313,15.0,0.108933,-0.366501,-0.930418,0
807,13.45,0.142783,0.0305,15.0,0.112283,-0.370557,-0.92881,0
808,13.4667,0.13885,0.0288,15.0,0.11005,-0.374607,-0.927184,0
809,13.4833,0.139567,0.0298,15.0,0.109767,-0.378649,-0.925541,0
810,13.5,0.137517,0.0258,15.0,0.111717,-0.382683,-0.92388,0
811,13.5167,0.137267,0.0261,15.0,0.111167,-0.386711,-0.922201,0
812,13.5333,0.13755,0.0293,15.0,0.10825,-0.390731,-0.920505,0
813,13.55,0.14155,0.0285,15.0,0.11305,-0.394744,-0.918791,0
814,13.5667,0.137017,0.0278,15.0,0.109217,-0.398749,-0.91706,0
815,13.5833,0.139183,0.0289,15.0,0.110283,-0.402747,-0.915311,0
816,13.6,0.139433,0.0283,15.0,0.111133,-0.406737,-0.913545,0
817,13.6167,0.134683,0.029,15.0,0.105683,-0.410719,-0.911762,0
818,13.6333,0.134517,0.0279,15.0,0.106617,-0.414693,-0.909961,0
819,13.65,0.138283,0.0287,15.0,0.109583,-0.41866,-0.908143,0
820,13.6667,0.137983,0.0267,15.0,0.111283,-0.422618,-0.906308,0
821,13.6833,0.136133,0.0308,15.0,0.105333,-0.426569,-0.904455,0
822,13.7,0.1412,0.028,15.0,0.1132,-0.430511,-0.902585,0
823,13.7167,0.134017,0.03,15.0,0.104017,-0.434445,-0.900698,0
824,13.7333,0.14005,0.0298,15.0,0.11025,-0.438371,-0.898794,0
825,13.75,0.131567,0.0288,15.0,0.102767,-0.442289,-0.896873,0
826,13.7667,0.13025,0.0263,15.0,0.10395,-0.446198,-0.894934,0
827,13.7833,0.1332,0.0304,15.0,0.1028,-0.450098,-0.892979,0
828,13.8,0.13275,0.0275,15.0,0.10525,-0.45399,-0.891007,0
829,13.8167,0.129867,0.0237,15.0,0.106167,-0.457874,-0.889017,0
830,13.8333,0.134367,0.0306,15.0,0.103767,-0.461749,-0.887011,0
831,13.85,0.135117,0.0292,15.0,0.105917,-0.465615,-0.884988,0
832,13.8667,0.13195,0.0295,15.0,0.10245,-0.469472,-0.882948,0
833,13.8833,0.133683,0.0287,15.0,0.104983,-0.47332,-0.880891,0
834,13.9,0.130083,0.0283,15.0,0.101783,-0.477159,-0.878817,0
835,13.9167,0.128433,0.0263,15.0,0.102133,-0.480989,-0.876727,0
836,13.9333,0.131633,0.0306,15.0,0.101033,-0.48481,-0.87462,0
837,13.95,0.130033,0.0275,15.0,0.102533,-0.488621,-0.872496,0
838,13.9667,0.13295,0.0295,15.0,0.10345,-0.492424,-0.870356,0
839,13.9833,0.130983,0.0302,15.0,0.100783,-0.496217,-0.868199,0
840,14.0,0.1312,0.0319,15.0,0.0993,-0.5,-0.866025,0
841,14.0167,0.129067,0.0287,15.0,0.100367,-0.503774,-0.863836,0
842,14.0333,0.127017,0.0273,15.0,0.099717,-0.507538,-0.861629,0
843,14.05,0.127133,0.0315,15.0,0.095633,-0.511293,-0.859406,0
844,14.0667,0.13,0.0298,15.0,0.1002,-0.515038,-0.857167,0
845,14.0833,0.127567,0.0271,15.0,0.100467,-0.518773,-0.854912,0
846,14.1,0.128783,0.0271,15.0,0.101683,-0.522499,-0.85264,0
847,14.1167,0.12555,0.0327,15.0,0.09285,-0.526214,-0.850352,0
848,14.1333,0.128267,0.0287,15.0,0.099567,-0.529919,-0.848048,0
849,14.15,0.124067,0.0291,15.0,0.094967,-0.533615,-0.845728,0
850,14.1667,0.1268,0.0285,15.0,0.0983,-0.5373,-0.843391,0
851,14.1833,0.1296,0.0282,15.0,0.1014,-0.540974,-0.841039,0
852,14.2,0.1244,0.032,15.0,0.0924,-0.544639,-0.838671,0
853,14.2167,0.127367,0.0277,15.0,0.099667,-0.548293,-0.836286,0
854,14.2333,0.1244,0.0279,15.0,0.0965,-0.551937,-0.833886,0
855,14.25,0.120183,0.0245,15.0,0.095683,-0.55557,-0.83147,0
856,14.2667,0.1261,0.0303,15.0,0.0958,-0.559193,-0.829038,0
857,14.2833,0.124033,0.0286,15.0,0.095433,-0.562805,-0.82659,0
858,14.3,0.1261,0.0232,15.0,0.1029,-0.566406,-0.824126,0
859,14.3167,0.128217,0.0296,15.0,0.098617,-0.569997,-0.821647,0
860,14.3333,0.124467,0.0304,15.0,0.094067,-0.573576,-0.819152,0
861,14.35,0.121517,0.0287,15.0,0.092817,-0.577145,-0.816642,0
862,14.3667,0.11945,0.0302,15.0,0.08925,-0.580703,-0.814116,0
863,14.3833,0.117717,0.0314,15.0,0.086317,-0.58425,-0.811574,0
864,14.4,0.1226,0.0264,15.0,0.0962,-0.587785,-0.809017,0
865,14.4167,0.1236,0.0275,15.0,0.0961,-0.59131,-0.806445,0
866,14.4333,0.1229,0.0296,15.0,0.0933,-0.594823,-0.803857,0
867,14.45,0.12035,0.0275,15.0,0.09285,-0.598325,-0.801254,0
868,14.4667,0.118433,0.0296,15.0,0.088833,-0.601815,-0.798636,0
869,14.4833,0.118167,0.0301,15.0,0.088067,-0.605294,-0.796002,0
870,14.5,0.1195,0.027,15.0,0.0925,-0.608761,-0.793353,0
871,14.5167,0.121,0.0265,15.0,0.0945,-0.612217,-0.79069,0
872,14.5333,0.12245,0.0309,15.0,0.09155,-0.615661,-0.788011,0
873,14.55,0.116183,0.0295,15.0,0.086683,-0.619094,-0.785317,0
874,14.5667,0.11775,0.0259,15.0,0.09185,-0.622515,-0.782608,0
875,14.5833,0.1153,0.0282,15.0,0.0871,-0.625923,-0.779884,0
876,14.6,0.11995,0.0321,15.0,0.08785,-0.62932,-0.777146,0
877,14.6167,0.116417,0.0302,15.0,0.086217,-0.632705,-0.774393,0
878,14.6333,0.1184,0.025,15.0,0.0934,-0.636078,-0.771625,0
879,14.65,0.121367,0.0278,15.0,0.093567,-0.639439,-0.768842,0
880,14.6667,0.112433,0.0259,15.0,0.086533,-0.642788,-0.766044,0
881,14.6833,0.11315,0.0269,15.0,0.08625,-0.646124,-0.763232,0
882,14.7,0.110017,0.0308,15.0,0.079217,-0.649448,-0.760406,0
883,14.7167,0.1134,0.0279,15.0,0.0855,-0.65276,-0.757565,0
884,14.7333,0.11595,0.0281,15.0,0.08785,-0.656059,-0.75471,0
885,14.75,0.11425,0.0282,15.0,0.08605,-0.659346,-0.75184,0
886,14.7667,0.1156,0.0278,15.0,0.0878,-0.66262,-0.748956,0
887,14.7833,0.110517,0.0296,15.0,0.080917,-0.665882,-0.746057,0
888,14.8,0.115283,0.0295,15.0,0.085783,-0.669131,-0.743145,0
889,14.8167,0.109633,0.0275,15.0,0.082133,-0.672367,-0.740218,0
890,14.8333,0.1087,0.0275,15.0,0.0812,-0.67559,-0.737277,0
891,14.85,0.109667,0.0303,15.0,0.079367,-0.678801,-0.734323,0
892,14.8667,0.1099,0.0315,15.0,0.0784,-0.681998,-0.731354,0
893,14.8833,0.107883,0.026,15.0,0.081883,-0.685183,-0.728371,0
894,14.9,0.107017,0.0291,15.0,0.077917,-0.688355,-0.725374,0
895,14.9167,0.109817,0.0269,15.0,0.082917,-0.691513,-0.722364,0
896,14.9333,0.107717,0.0302,15.0,0.077517,-0.694658,-0.71934,0
897,14.95,0.109767,0.0281,15.0,0.081667,-0.69779,-0.716302,0
898,14.9667,0.111583,0.0284,15.0,0.083183,-0.700909,-0.71325,0
899,14.9833,0.107117,0.0326,15.0,0.074517,-0.704015,-0.710185,0
900,15.0,0.1079,0.0304,15.0,0.0775,-0.707107,-0.707107,0
901,15.0167,0.10735,0.0313,15.0,0.07605,-0.710185,-0.704015,0
902,15.0333,0.105817,0.0269,15.0,0.078917,-0.71325,-0.700909,0
903,15.05,0.104183,0.0278,15.0,0.076383,-0.716302,-0.69779,0
904,15.0667,0.109217,0.0293,15.0,0.079917,-0.71934,-0.694658,0
905,15.0833,0.103483,0.0296,15.0,0.073883,-0.722364,-0.691513,0
906,15.1,0.100317,0.0298,15.0,0.070517,-0.725374,-0.688355,0
907,15.1167,0.102667,0.0287,15.0,0.073967,-0.728371,-0.685183,0
908,15.1333,0.10715,0.0308,15.0,0.07635,-0.731354,-0.681998,0
909,15.15,0.10435,0.0296,15.0,0.07475,-0.734323,-0.678801,0
910,15.1667,0.107883,0.0257,15.0,0.082183,-0.737277,-0.67559,0
911,15.1833,0.099183,0.0267,15.0,0.072483,-0.740218,-0.672367,0
912,15.2,0.101583,0.0279,15.0,0.073683,-0.743145,-0.669131,0
913,15.2167,0.100833,0.0277,15.0,0.073133,-0.746057,-0.665882,0
914,15.2333,0.096667,0.0309,15.0,0.065767,-0.748956,-0.66262,0
915,15.25,0.101633,0.0274,15.0,0.074233,-0.75184,-0.659346,0
916,15.2667,0.0914,0.0262,15.0,0.0652,-0.75471,-0.656059,0
917,15.2833,0.100767,0.0291,15.0,0.071667,-0.757565,-0.65276,0
918,15.3,0.09685,0.0281,15.0,0.06875,-0.760406,-0.649448,0
919,15.3167,0.101483,0.0288,15.0,0.072683,-0.763232,-0.646124,0
920,15.3333,0.09455,0.0313,15.0,0.06325,-0.766044,-0.642788,0
921,15.35,0.0966,0.0264,15.0,0.0702,-0.768842,-0.639439,0
922,15.3667,0.0945,0.0315,15.0,0.063,-0.771625,-0.636078,0
923,15.3833,0.096917,0.031,15.0,0.065917,-0.774393,-0.632705,0
924,15.4,0.094467,0.0312,15.0,0.063267,-0.777146,-0.62932,0
925,15.4167,0.095217,0.0312,15.0,0.064017,-0.779884,-0.625923,0
926,15.4333,0.090567,0.0268,15.0,0.063767,-0.782608,-0.622515,0
927,15.45,0.091767,0.0248,15.0,0.066967,-0.785317,-0.619094,0
928,15.4667,0.090783,0.0302,15.0,0.060583,-0.788011,-0.615661,0
929,15.4833,0.0879,0.0276,15.0,0.0603,-0.79069,-0.612217,0
930,15.5,0.0922,0.028,15.0,0.0642,-0.793353,-0.608761,0
931,15.5167,0.088817,0.0291,15.0,0.059717,-0.796002,-0.605294,0
932,15.5333,0.0861,0.0258,15.0,0.0603,-0.798636,-0.601815,0
933,15.55,0.087233,0.0314,15.0,0.055833,-0.801254,-0.598325,0
934,15.5667,0.0883,0.0236,15.0,0.0647,-0.803857,-0.594823,0
935,15.5833,0.088733,0.0255,15.0,0.063233,-0.806445,-0.59131,0
936,15.6,0.089,0.028,15.0,0.061,-0.809017,-0.587785,0
937,15.6167,0.089833,0.03,15.0,0.059833,-0.811574,-0.58425,0
938,15.6333,0.0888,0.03,15.0,0.0588,-0.814116,-0.580703,0
939,15.65,0.0862,0.029,15.0,0.0572,-0.816642,-0.577145,0
940,15.6667,0.083133,0.0283,15.0,0.054833,-0.819152,-0.573576,0
941,15.6833,0.078533,0.0289,15.0,0.049633,-0.821647,-0.569997,0
942,15.7,0.083383,0.03,15.0,0.053383,-0.824126,-0.566406,0
943,15.7167,0.084333,0.0245,15.0,0.059833,-0.82659,-0.562805,0
944,15.7333,0.087633,0.0288,15.0,0.058833,-0.829038,-0.559193,0
945,15.75,0.083067,0.0266,15.0,0.056467,-0.83147,-0.55557,0
946,15.7667,0.083317,0.0284,15.0,0.054917,-0.833886,-0.551937,0
947,15.7833,0.079667,0.0336,15.0,0.046067,-0.836286,-0.548293,0
948,15.8,0.077183,0.0277,15.0,0.049483,-0.838671,-0.544639,0
949,15.8167,0.082567,0.0255,15.0,0.057067,-0.841039,-0.540974,0
950,15.8333,0.084083,0.0283,15.0,0.055783,-0.843391,-0.5373,0
951,15.85,0.082333,0.0282,15.0,0.054133,-0.845728,-0.533615,0
952,15.8667,0.07835,0.028,15.0,0.05035,-0.848048,-0.529919,0
953,15.8833,0.077183,0.0284,15.0,0.048783,-0.850352,-0.526214,0
954,15.9,0.078367,0.0294,15.0,0.048967,-0.85264,-0.522499,0
955,15.9167,0.078433,0.0292,15.0,0.049233,-0.854912,-0.518773,0
956,15.9333,0.076033,0.0287,15.0,0.047333,-0.857167,-0.515038,0
957,15.95,0.077483,0.0282,15.0,0.049283,-0.859406,-0.511293,0
958,15.9667,0.076033,0.0262,15.0,0.049833,-0.861629,-0.507538,0
959,15.9833,0.074167,0.0275,15.0,0.046667,-0.863836,-0.503774,0
960,16.0,0.073533,0.027,15.0,0.046533,-0.866025,-0.5,0
961,16.0167,0.078033,0.0295,15.0,0.048533,-0.868199,-0.496217,0
962,16.0333,0.073517,0.0274,15.0,0.046117,-0.870356,-0.492424,0
963,16.05,0.070067,0.0279,15.0,0.042167,-0.872496,-0.488621,0
964,16.0667,0.0716,0.0279,15.0,0.0437,-0.87462,-0.48481,0
965,16.0833,0.072033,0.0292,15.0,0.042833,-0.876727,-0.480989,0
966,16.1,0.0761,0.0296,15.0,0.0465,-0.878817,-0.477159,0
967,16.1167,0.070367,0.0286,15.0,0.041767,-0.880891,-0.47332,0
968,16.1333,0.0674,0.0293,15.0,0.0381,-0.882948,-0.469472,0
969,16.15,0.069683,0.0283,15.0,0.041383,-0.884988,-0.465615,0
970,16.1667,0.066717,0.0301,15.0,0.036617,-0.887011,-0.461749,0
971,16.1833,0.071167,0.0313,15.0,0.039867,-0.889017,-0.457874,0
972,16.2,0.067583,0.0298,15.0,0.037783,-0.891007,-0.45399,0
973,16.2167,0.069533,0.0276,15.0,0.041933,-0.892979,-0.450098,0
974,16.2333,0.06695,0.0321,15.0,0.03485,-0.894934,-0.446198,0
975,16.25,0.067333,0.0271,15.0,0.040233,-0.896873,-0.442289,0
976,16.2667,0.062383,0.0295,15.0,0.032883,-0.898794,-0.438371,0
977,16.2833,0.06135,0.0298,15.0,0.03155,-0.900698,-0.434445,0
978,16.3,0.062583,0.0284,15.0,0.034183,-0.902585,-0.430511,0
979,16.3167,0.069533,0.0265,15.0,0.043033,-0.904455,-0.426569,0
980,16.3333,0.062083,0.0275,15.0,0.034583,-0.906308,-0.422618,0
981,16.35,0.065567,0.0262,15.0,0.039367,-0.908143,-0.41866,0
982,16.3667,0.059567,0.0272,15.0,0.032367,-0.909961,-0.414693,0
983,16.3833,0.060617,0.0305,15.0,0.030117,-0.911762,-0.410719,0
984,16.4,0.05575,0.0299,15.0,0.02585,-0.913545,-0.406737,0
985,16.4167,0.063683,0.0251,15.0,0.038583,-0.915311,-0.402747,0
986,16.4333,0.061317,0.0285,15.0,0.032817,-0.91706,-0.398749,0
987,16.45,0.056767,0.0315,15.0,0.025267,-0.918791,-0.394744,0
988,16.4667,0.05935,0.0302,15.0,0.02915,-0.920505,-0.390731,0
989,16.4833,0.051333,0.0317,15.0,0.019633,-0.922201,-0.386711,0
990,16.5,0.059167,0.0276,15.0,0.031567,-0.92388,-0.382683,0
991,16.5167,0.056233,0.0244,15.0,0.031833,-0.925541,-0.378649,0
992,16.5333,0.05455,0.0249,15.0,0.02965,-0.927184,-0.374607,0
993,16.55,0.0542,0.0278,15.0,0.0264,-0.92881,-0.370557,0
994,16.5667,0.054783,0.0276,15.0,0.027183,-0.930418,-0.366501,0
995,16.5833,0.052767,0.0299,15.0,0.022867,-0.932008,-0.362438,0
996,16.6,0.049633,0.027,15.0,0.022633,-0.93358,-0.358368,0
997,16.6167,0.056533,0.0299,15.0,0.026633,-0.935135,-0.354291,0
998,16.6333,0.051683,0.0297,15.0,0.021983,-0.936672,-0.350207,0
999,16.65,0.053267,0.026,15.0,0.027267,-0.938191,-0.346117,0
1000,16.6667,0.04905,0.028,15.0,0.02105,-0.939693,-0.34202,0
1001,16.6833,0.048833,0.03,15.0,0.018833,-0.941176,-0.337917,0
1002,16.7,0.0467,0.0245,15.0,0.0222,-0.942641,-0.333807,0
1003,16.7167,0.047783,0.0268,15.0,0.020983,-0.944089,-0.329691,0
1004,16.7333,0.046933,0.0276,15.0,0.019333,-0.945519,-0.325568,0
1005,16.75,0.04615,0.0276,15.0,0.01855,-0.94693,-0.321439,0
1006,16.7667,0.047833,0.0284,15.0,0.019433,-0.948324,-0.317305,0
1007,16.7833,0.050217,0.0262,15.0,0.024017,-0.949699,-0.313164,0
1008,16.8,0.04635,0.0287,15.0,0.01765,-0.951057,-0.309017,0
1009,16.8167,0.0503,0.0266,15.0,0.0237,-0.952396,-0.304864,0
1010,16.8333,0.04295,0.0298,15.0,0.01315,-0.953717,-0.300706,0
1011,16.85,0.044117,0.0273,15.0,0.016817,-0.95502,-0.296542,0
1012,16.8667,0.040933,0.0322,15.0,0.008733,-0.956305,-0.292372,0
1013,16.8833,0.044533,0.0293,15.0,0.015233,-0.957571,-0.288196,0
1014,16.9,0.040483,0.0305,15.0,0.009983,-0.95882,-0.284015,0
1015,16.9167,0.044867,0.0292,15.0,0.015667,-0.96005,-0.279829,0
1016,16.9333,0.043583,0.0273,15.0,0.016283,-0.961262,-0.275637,0
1017,16.95,0.037467,0.0281,15.0,0.009367,-0.962455,-0.27144,0
1018,16.9667,0.041017,0.0312,15.0,0.009817,-0.96363,-0.267238,0
1019,16.9833,0.03645,0.0273,15.0,0.00915,-0.964787,-0.263031,0
1020,17.0,0.039467,0.0318,15.0,0.007667,-0.965926,-0.258819,0
1021,17.0167,0.037167,0.0286,15.0,0.008567,-0.967046,-0.254602,0
1022,17.0333,0.035817,0.0274,15.0,0.008417,-0.968148,-0.25038,0
1023,17.05,0.036933,0.0305,15.0,0.006433,-0.969231,-0.246153,0
1024,17.0667,0.037167,0.0274,15.0,0.009767,-0.970296,-0.241922,0
1025,17.0833,0.035883,0.0287,15.0,0.007183,-0.971342,-0.237686,0
1026,17.1,0.03535,0.0319,15.0,0.00345,-0.97237,-0.233445,0
1027,17.1167,0.0317,0.0309,15.0,0.0008,-0.973379,-0.2292,0
1028,17.1333,0.034917,0.0306,15.0,0.004317,-0.97437,-0.224951,0
1029,17.15,0.03365,0.0315,15.0,0.00215,-0.975342,-0.220697,0
1030,17.1667,0.031067,0.0335,14.9976,-0.002433,-0.976296,-0.21644,0
1031,17.1833,0.032567,0.0267,15.0,0.005867,-0.977231,-0.212178,0
1032,17.2,0.035767,0.0326,15.0,0.003167,-0.978148,-0.207912,0
1033,17.2167,0.031583,0.0293,15.0,0.002283,-0.979045,-0.203642,0
1034,17.2333,0.034783,0.0275,15.0,0.007283,-0.979925,-0.199368,0
1035,17.25,0.0288,0.0282,15.0,0.0006,-0.980785,-0.19509,0
1036,17.2667,0.026617,0.0276,14.999,-0.000983,-0.981627,-0.190809,0
1037,17.2833,0.030667,0.0264,15.0,0.004267,-0.98245,-0.186524,0
1038,17.3,0.029317,0.0281,15.0,0.001217,-0.983255,-0.182236,0
1039,17.3167,0.034217,0.0277,15.0,0.006517,-0.984041,-0.177944,0
1040,17.3333,0.023567,0.0295,14.9941,-0.005933,-0.984808,-0.173648,0
1041,17.35,0.0246,0.0269,14.9918,-0.0023,-0.985556,-0.16935,0
1042,17.3667,0.024683,0.0305,14.986,-0.005817,-0.986286,-0.165048,0
1043,17.3833,0.023117,0.0285,14.9806,-0.005383,-0.986996,-0.160743,0
1044,17.4,0.025333,0.0312,14.9747,-0.005867,-0.987688,-0.156434,0
1045,17.4167,0.024733,0.0302,14.9692,-0.005467,-0.988362,-0.152123,0
1046,17.4333,0.023517,0.032,14.9607,-0.008483,-0.989016,-0.147809,0
1047,17.45,0.019933,0.0296,14.951,-0.009667,-0.989651,-0.143493,0
1048,17.4667,0.02075,0.0284,14.9434,-0.00765,-0.990268,-0.139173,0
1049,17.4833,0.018567,0.0293,14.9327,-0.010733,-0.990866,-0.134851,0
1050,17.5,0.0172,0.027,14.9229,-0.0098,-0.991445,-0.130526,0
1051,17.5167,0.016167,0.028,14.9111,-0.011833,-0.992005,-0.126199,0
1052,17.5333,0.0167,0.0301,14.8977,-0.0134,-0.992546,-0.121869,0
1053,17.55,0.016517,0.0295,14.8847,-0.012983,-0.993068,-0.117537,0
1054,17.5667,0.015833,0.0264,14.8741,-0.010567,-0.993572,-0.113203,0
1055,17.5833,0.017683,0.0295,14.8623,-0.011817,-0.994056,-0.108867,0
1056,17.6,0.010833,0.0274,14.8457,-0.016567,-0.994522,-0.104528,0
1057,17.6167,0.011967,0.0291,14.8286,-0.017133,-0.994969,-0.100188,0
1058,17.6333,0.015867,0.0282,14.8163,-0.012333,-0.995396,-0.095846,0
1059,17.65,0.00885,0.0272,14.798,-0.01835,-0.995805,-0.091502,0
1060,17.6667,0.009483,0.0274,14.7801,-0.017917,-0.996195,-0.087156,0
1061,17.6833,0.0131,0.0328,14.7604,-0.0197,-0.996566,-0.082808,0
1062,17.7,0.012417,0.025,14.7478,-0.012583,-0.996917,-0.078459,0
1063,17.7167,0.0092,0.0297,14.7273,-0.0205,-0.99725,-0.074108,0
1064,17.7333,0.011,0.0287,14.7096,-0.0177,-0.997564,-0.069756,0
1065,17.75,0.01325,0.0286,14.6942,-0.01535,-0.997859,-0.065403,0
1066,17.7667,0.007483,0.0279,14.6738,-0.020417,-0.998135,-0.061049,0
1067,17.7833,0.007433,0.0287,14.6525,-0.021267,-0.998392,-0.056693,0
1068,17.8,0.005133,0.0289,14.6287,-0.023767,-0.99863,-0.052336,0
1069,17.8167,0.0079,0.0273,14.6093,-0.0194,-0.998848,-0.047978,0
1070,17.8333,0.007283,0.0282,14.5884,-0.020917,-0.999048,-0.043619,0
1071,17.85,0.003983,0.0292,14.5632,-0.025217,-0.999229,-0.03926,0
1072,17.8667,0.007333,0.0284,14.5421,-0.021067,-0.999391,-0.034899,0
1073,17.8833,0.007733,0.0325,14.5173,-0.024767,-0.999534,-0.030539,0
1074,17.9,0.003883,0.0344,14.4868,-0.030517,-0.999657,-0.026177,0
1075,17.9167,0.0,0.0284,14.4584,-0.0284,-0.999762,-0.021815,0
1076,17.9333,0.00335,0.029,14.4327,-0.02565,-0.999848,-0.017452,0
1077,17.95,0.0,0.0297,14.403,-0.0297,-0.999914,-0.01309,0
1078,17.9667,0.002067,0.0276,14.3775,-0.025533,-0.999962,-0.008727,0
1079,17.9833,0.0,0.028,14.3495,-0.028,-0.99999,-0.004363,0
1080,18.0,0.001117,0.0647,14.2859,-0.063583,-1.0,-0.0,0
1081,18.0167,0.0,0.0615,14.2244,-0.0615,-0.99999,0.004363,0
1082,18.0333,0.0,0.0669,14.1575,-0.0669,-0.999962,0.008727,0
1083,18.05,0.0,0.0645,14.093,-0.0645,-0.999914,0.01309,0
1084,18.0667,0.0,0.0633,14.0297,-0.0633,-0.999848,0.017452,0
1085,18.0833,0.0,0.0645,13.9652,-0.0645,-0.999762,0.021815,0
1086,18.1,0.0,0.0661,13.8991,-0.0661,-0.999657,0.026177,0
1087,18.1167,0.0,0.0667,13.8324,-0.0667,-0.999534,0.030539,0
1088,18.1333,0.0,0.0604,13.772,-0.0604,-0.999391,0.034899,0
1089,18.15,0.0,0.0646,13.7074,-0.0646,-0.999229,0.03926,0
1090,18.1667,0.0,0.0618,13.6456,-0.0618,-0.999048,0.043619,0
1091,18.1833,0.0,0.0651,13.5805,-0.0651,-0.998848,0.047978,0
1092,18.2,0.0,0.0648,13.5157,-0.0648,-0.99863,0.052336,0
1093,18.2167,0.0,0.0681,13.4476,-0.0681,-0.998392,0.056693,0
1094,18.2333,0.0,0.0652,13.3824,-0.0652,-0.998135,0.061049,0
1095,18.25,0.0,0.0685,13.3139,-0.0685,-0.997859,0.065403,0
1096,18.2667,0.0,0.0656,13.2483,-0.0656,-0.997564,0.069756,0
1097,18.2833,0.0,0.065,13.1833,-0.065,-0.99725,0.074108,0
1098,18.3,0.0,0.0675,13.1158,-0.0675,-0.996917,0.078459,0
1099,18.3167,0.0,0.0685,13.0473,-0.0685,-0.996566,0.082808,0
1100,18.3333,0.0,0.0686,12.9787,-0.0686,-0.996195,0.087156,0
1101,18.35,0.0,0.0642,12.9145,-0.0642,-0.995805,0.091502,0
1102,18.3667,0.0,0.0638,12.8507,-0.0638,-0.995396,0.095846,0
1103,18.3833,0.0,0.0656,12.7851,-0.0656,-0.994969,0.100188,0
1104,18.4,0.0,0.0634,12.7217,-0.0634,-0.994522,0.104528,0
1105,18.4167,0.0,0.0654,12.6563,-0.0654,-0.994056,0.108867,0
1106,18.4333,0.0,0.0663,12.59,-0.0663,-0.993572,0.113203,0
1107,18.45,0.0,0.0647,12.5253,-0.0647,-0.993068,0.117537,0
1108,18.4667,0.0,0.0657,12.4596,-0.0657,-0.992546,0.121869,0
1109,18.4833,0.0,0.0641,12.3955,-0.0641,-0.992005,0.126199,0
1110,18.5,0.0,0.0646,12.3309,-0.0646,-0.991445,0.130526,0
1111,18.5167,0.0,0.0645,12.2664,-0.0645,-0.990866,0.134851,0
1112,18.5333,0.0,0.0665,12.1999,-0.0665,-0.990268,0.139173,0
1113,18.55,0.0,0.0657,12.1342,-0.0657,-0.989651,0.143493,0
1114,18.5667,0.0,0.0661,12.0681,-0.0661,-0.989016,0.147809,0
1115,18.5833,0.0,0.0635,12.0046,-0.0635,-0.988362,0.152123,0
1116,18.6,0.0,0.0624,11.9422,-0.0624,-0.987688,0.156434,0
1117,18.6167,0.0,0.0648,11.8774,-0.0648,-0.986996,0.160743,0
1118,18.6333,0.0,0.0641,11.8133,-0.0641,-0.986286,0.165048,0
1119,18.65,0.0,0.0655,11.7478,-0.0655,-0.985556,0.16935,0
1120,18.6667,0.0,0.0655,11.6823,-0.0655,-0.984808,0.173648,0
1121,18.6833,0.0,0.0633,11.619,-0.0633,-0.984041,0.177944,0
1122,18.7,0.0,0.0643,11.5547,-0.0643,-0.983255,0.182236,0
1123,18.7167,0.0,0.0627,11.492,-0.0627,-0.98245,0.186524,0
1124,18.7333,0.0,0.0683,11.4237,-0.0683,-0.981627,0.190809,0
1125,18.75,0.0,0.0648,11.3589,-0.0648,-0.980785,0.19509,0
1126,18.7667,0.0,0.0641,11.2948,-0.0641,-0.979925,0.199368,0
1127,18.7833,0.0,0.0639,11.2309,-0.0639,-0.979045,0.203642,0
1128,18.8,0.0,0.063,11.1679,-0.063,-0.978148,0.207912,0
1129,18.8167,0.0,0.0686,11.0993,-0.0686,-0.977231,0.212178,0
1130,18.8333,0.0,0.0656,11.0337,-0.0656,-0.976296,0.21644,0
1131,18.85,0.0,0.0654,10.9683,-0.0654,-0.975342,0.220697,0
1132,18.8667,0.0,0.0687,10.8996,-0.0687,-0.97437,0.224951,0
1133,18.8833,0.0,0.0663,10.8333,-0.0663,-0.973379,0.2292,0
1134,18.9,0.0,0.0639,10.7694,-0.0639,-0.97237,0.233445,0
1135,18.9167,0.0,0.0636,10.7058,-0.0636,-0.971342,0.237686,0
1136,18.9333,0.0,0.0636,10.6422,-0.0636,-0.970296,0.241922,0
1137,18.95,0.0,0.0637,10.5785,-0.0637,-0.969231,0.246153,0
1138,18.9667,0.0,0.0642,10.5143,-0.0642,-0.968148,0.25038,0
1139,18.9833,0.0,0.0664,10.4479,-0.0664,-0.967046,0.254602,0
1140,19.0,0.0,0.066,10.3819,-0.066,-0.965926,0.258819,0
1141,19.0167,0.0,0.0657,10.3162,-0.0657,-0.964787,0.263031,0
1142,19.0333,0.0,0.0618,10.2544,-0.0618,-0.96363,0.267238,0
1143,19.05,0.0,0.0641,10.1903,-0.0641,-0.962455,0.27144,0
1144,19.0667,0.0,0.0641,10.1262,-0.0641,-0.961262,0.275637,0
1145,19.0833,0.0,0.0615,10.0647,-0.0615,-0.96005,0.279829,0
1146,19.1,0.0,0.0641,10.0006,-0.0641,-0.95882,0.284015,0
1147,19.1167,0.0,0.0652,9.9354,-0.0652,-0.957571,0.288196,0
1148,19.1333,0.0,0.0655,9.8699,-0.0655,-0.956305,0.292372,0
1149,19.15,0.0,0.0694,9.8005,-0.0694,-0.95502,0.296542,0
1150,19.1667,0.0,0.069,9.7315,-0.069,-0.953717,0.300706,0
1151,19.1833,0.0,0.0633,9.6682,-0.0633,-0.952396,0.304864,0
1152,19.2,0.0,0.0647,9.6035,-0.0647,-0.951057,0.309017,0
1153,19.2167,0.0,0.0687,9.5348,-0.0687,-0.949699,0.313164,0
1154,19.2333,0.0,0.0624,9.4724,-0.0624,-0.948324,0.317305,0
1155,19.25,0.0,0.0656,9.4068,-0.0656,-0.94693,0.321439,0
1156,19.2667,0.0,0.0665,9.3403,-0.0665,-0.945519,0.325568,0
1157,19.2833,0.0,0.0649,9.2754,-0.0649,-0.944089,0.329691,0
1158,19.3,0.0,0.0626,9.2128,-0.0626,-0.942641,0.333807,0
1159,19.3167,0.0,0.065,9.1478,-0.065,-0.941176,0.337917,0
1160,19.3333,0.0,0.0642,9.0836,-0.0642,-0.939693,0.34202,0
1161,19.35,0.0,0.07,9.0136,-0.07,-0.938191,0.346117,0
1162,19.3667,0.0,0.0687,8.9449,-0.0687,-0.936672,0.350207,0
1163,19.3833,0.0,0.0628,8.8821,-0.0628,-0.935135,0.354291,0
1164,19.4,0.0,0.0653,8.8168,-0.0653,-0.93358,0.358368,0
1165,19.4167,0.0,0.0642,8.7526,-0.0642,-0.932008,0.362438,0
1166,19.4333,0.0,0.0648,8.6878,-0.0648,-0.930418,0.366501,0
1167,19.45,0.0,0.0671,8.6207,-0.0671,-0.92881,0.370557,0
1168,19.4667,0.0,0.0635,8.5572,-0.0635,-0.927184,0.374607,0
1169,19.4833,0.0,0.0643,8.4929,-0.0643,-0.925541,0.378649,0
1170,19.5,0.0,0.0632,8.4297,-0.0632,-0.92388,0.382683,0
1171,19.5167,0.0,0.0641,8.3656,-0.0641,-0.922201,0.386711,0
1172,19.5333,0.0,0.0658,8.2998,-0.0658,-0.920505,0.390731,0
1173,19.55,0.0,0.0668,8.233,-0.0668,-0.918791,0.394744,0
1174,19.5667,0.0,0.0662,8.1668,-0.0662,-0.91706,0.398749,0
1175,19.5833,0.0,0.0615,8.1053,-0.0615,-0.915311,0.402747,0
1176,19.6,0.0,0.0668,8.0385,-0.0668,-0.913545,0.406737,0
1177,19.6167,0.0,0.0653,7.9732,-0.0653,-0.911762,0.410719,0
1178,19.6333,0.0,0.0664,7.9068,-0.0664,-0.909961,0.414693,0
1179,19.65,0.0,0.0658,7.841,-0.0658,-0.908143,0.41866,0
1180,19.6667,0.0,0.0632,7.7778,-0.0632,-0.906308,0.422618,0
1181,19.6833,0.0,0.0667,7.7111,-0.0667,-0.904455,0.426569,0
1182,19.7,0.0,0.0667,7.6444,-0.0667,-0.902585,0.430511,0
1183,19.7167,0.0,0.0656,7.5788,-0.0656,-0.900698,0.434445,0
1184,19.7333,0.0,0.0654,7.5134,-0.0654,-0.898794,0.438371,0
1185,19.75,0.0,0.0667,7.4467,-0.0667,-0.896873,0.442289,0
1186,19.7667,0.0,0.0656,7.3811,-0.0656,-0.894934,0.446198,0
1187,19.7833,0.0,0.0644,7.3167,-0.0644,-0.892979,0.450098,0
1188,19.8,0.0,0.0645,7.2522,-0.0645,-0.891007,0.45399,0
1189,19.8167,0.0,0.0705,7.1817,-0.0705,-0.889017,0.457874,0
1190,19.8333,0.0,0.0638,7.1179,-0.0638,-0.887011,0.461749,0
1191,19.85,0.0,0.0635,7.0544,-0.0635,-0.884988,0.465615,0
1192,19.8667,0.0,0.0661,6.9883,-0.0661,-0.882948,0.469472,0
1193,19.8833,0.0,0.0637,6.9246,-0.0637,-0.880891,0.47332,0
1194,19.9,0.0,0.0617,6.8629,-0.0617,-0.878817,0.477159,0
1195,19.9167,0.0,0.0667,6.7962,-0.0667,-0.876727,0.480989,0
1196,19.9333,0.0,0.062,6.7342,-0.062,-0.87462,0.48481,0
1197,19.95,0.0,0.0636,6.6706,-0.0636,-0.872496,0.488621,0
1198,19.9667,0.0,0.0626,6.608,-0.0626,-0.870356,0.492424,0
1199,19.9833,0.0,0.0692,6.5388,-0.0692,-0.868199,0.496217,0
1200,20.0,0.0,0.0663,6.4725,-0.0663,-0.866025,0.5,0
1201,20.0167,0.0,0.0644,6.4081,-0.0644,-0.863836,0.503774,0
1202,20.0333,0.0,0.0632,6.3449,-0.0632,-0.861629,0.507538,0
1203,20.05,0.0,0.066,6.2789,-0.066,-0.859406,0.511293,0
1204,20.0667,0.0,0.0669,6.212,-0.0669,-0.857167,0.515038,0
1205,20.0833,0.0,0.0645,6.1475,-0.0645,-0.854912,0.518773,0
1206,20.1,0.0,0.0652,6.0823,-0.0652,-0.85264,0.522499,0
1207,20.1167,0.0,0.0612,6.0211,-0.0612,-0.850352,0.526214,0
1208,20.1333,0.0,0.067,5.9541,-0.067,-0.848048,0.529919,0
1209,20.15,0.0,0.0643,5.8898,-0.0643,-0.845728,0.533615,0
1210,20.1667,0.0,0.0665,5.8233,-0.0665,-0.843391,0.5373,0
1211,20.1833,0.0,0.0675,5.7558,-0.0675,-0.841039,0.540974,0
1212,20.2,0.0,0.0704,5.6854,-0.0704,-0.838671,0.544639,0
1213,20.2167,0.0,0.0647,5.6207,-0.0647,-0.836286,0.548293,0
1214,20.2333,0.0,0.0663,5.5544,-0.0663,-0.833886,0.551937,0
1215,20.25,0.0,0.0651,5.4893,-0.0651,-0.83147,0.55557,0
1216,20.2667,0.0,0.0689,5.4204,-0.0689,-0.829038,0.559193,0
1217,20.2833,0.0,0.0688,5.3516,-0.0688,-0.82659,0.562805,0
1218,20.3,0.0,0.0617,5.2899,-0.0617,-0.824126,0.566406,0
1219,20.3167,0.0,0.0613,5.2286,-0.0613,-0.821647,0.569997,0
1220,20.3333,0.0,0.0654,5.1632,-0.0654,-0.819152,0.573576,0
1221,20.35,0.0,0.0634,5.0998,-0.0634,-0.816642,0.577145,0
1222,20.3667,0.0,0.0678,5.032,-0.0678,-0.814116,0.580703,0
1223,20.3833,0.0,0.0685,4.9635,-0.0685,-0.811574,0.58425,0
1224,20.4,0.0,0.0644,4.8991,-0.0644,-0.809017,0.587785,0
1225,20.4167,0.0,0.0661,4.833,-0.0661,-0.806445,0.59131,0
1226,20.4333,0.0,0.065,4.768,-0.065,-0.803857,0.594823,0
1227,20.45,0.0,0.0662,4.7018,-0.0662,-0.801254,0.598325,0
1228,20.4667,0.0,0.0645,4.6373,-0.0645,-0.798636,0.601815,0
1229,20.4833,0.0,0.0688,4.5685,-0.0688,-0.796002,0.605294,0
1230,20.5,0.0,0.0681,4.5004,-0.0681,-0.793353,0.608761,0
1231,20.5167,0.0,0.0632,4.4372,-0.0632,-0.79069,0.612217,0
1232,20.5333,0.0,0.0691,4.3681,-0.0691,-0.788011,0.615661,0
1233,20.55,0.0,0.0639,4.3042,-0.0639,-0.785317,0.619094,0
1234,20.5667,0.0,0.0656,4.2386,-0.0656,-0.782608,0.622515,0
1235,20.5833,0.0,0.0655,4.1731,-0.0655,-0.779884,0.625923,0
1236,20.6,0.0,0.0638,4.1093,-0.0638,-0.777146,0.62932,0
1237,20.6167,0.0,0.0654,4.0439,-0.0654,-0.774393,0.632705,0
1238,20.6333,0.0,0.0618,3.9821,-0.0618,-0.771625,0.636078,0
1239,20.65,0.0,0.0646,3.9175,-0.0646,-0.768842,0.639439,0
1240,20.6667,0.0,0.0662,3.8513,-0.0662,-0.766044,0.642788,0
1241,20.6833,0.0,0.0661,3.7852,-0.0661,-0.763232,0.646124,0
1242,20.7,0.0,0.0638,3.7214,-0.0638,-0.760406,0.649448,0
1243,20.7167,0.0,0.0643,3.6571,-0.0643,-0.757565,0.65276,0
1244,20.7333,0.0,0.0656,3.5915,-0.0656,-0.75471,0.656059,0
1245,20.75,0.0,0.0662,3.5253,-0.0662,-0.75184,0.659346,0
1246,20.7667,0.0,0.0656,3.4597,-0.0656,-0.748956,0.66262,0
1247,20.7833,0.0,0.0654,3.3943,-0.0654,-0.746057,0.665882,0
1248,20.8,0.0,0.0668,3.3275,-0.0668,-0.743145,0.669131,0
1249,20.8167,0.0,0.064,3.2635,-0.064,-0.740218,0.672367,0
1250,20.8333,0.0,0.066,3.1975,-0.066,-0.737277,0.67559,0
1251,20.85,0.0,0.0651,3.1324,-0.0651,-0.734323,0.678801,0
1252,20.8667,0.0,0.066,3.0664,-0.066,-0.731354,0.681998,0
1253,20.8833,0.0,0.066,3.0004,-0.066,-0.728371,0.685183,0
1254,20.9,0.0,0.0658,2.9346,-0.0658,-0.725374,0.688355,0
1255,20.9167,0.0,0.0654,2.8692,-0.0654,-0.722364,0.691513,0
1256,20.9333,0.0,0.0654,2.8038,-0.0654,-0.71934,0.694658,0
1257,20.95,0.0,0.0651,2.7387,-0.0651,-0.716302,0.69779,0
1258,20.9667,0.0,0.0647,2.674,-0.0647,-0.71325,0.700909,0
1259,20.9833,0.0,0.0653,2.6087,-0.0653,-0.710185,0.704015,0
1260,21.0,0.0,0.0683,2.5404,-0.0683,-0.707107,0.707107,0
1261,21.0167,0.0,0.064,2.4764,-0.064,-0.704015,0.710185,0
1262,21.0333,0.0,0.0639,2.4125,-0.0639,-0.700909,0.71325,0
1263,21.05,0.0,0.0625,2.35,-0.0625,-0.69779,0.716302,0
1264,21.0667,0.0,0.0655,2.2845,-0.0655,-0.694658,0.71934,0
1265,21.0833,0.0,0.0649,2.2196,-0.0649,-0.691513,0.722364,0
1266,21.1,0.0,0.0663,2.1533,-0.0663,-0.688355,0.725374,0
1267,21.1167,0.0,0.0636,2.0897,-0.0636,-0.685183,0.728371,0
1268,21.1333,0.0,0.0663,2.0234,-0.0663,-0.681998,0.731354,0
1269,21.15,0.0,0.0659,1.9575,-0.0659,-0.678801,0.734323,0
1270,21.1667,0.0,0.0649,1.8926,-0.0649,-0.67559,0.737277,0
1271,21.1833,0.0,0.0646,1.828,-0.0646,-0.672367,0.740218,0
1272,21.2,0.0,0.1051,1.7229,-0.1051,-0.669131,0.743145,0
1273,21.2167,0.0,0.1032,1.6197,-0.1032,-0.665882,0.746057,0
1274,21.2333,0.0,0.1085,1.5112,-0.1085,-0.66262,0.748956,0
1275,21.25,0.0,0.1065,1.4047,-0.1065,-0.659346,0.75184,0
1276,21.2667,0.0,0.1065,1.2982,-0.1065,-0.656059,0.75471,0
1277,21.2833,0.0,0.1072,1.191,-0.1072,-0.65276,0.757565,0
1278,21.3,0.0,0.1079,1.0831,-0.1079,-0.649448,0.760406,0
1279,21.3167,0.0,0.1052,0.9779,-0.1052,-0.646124,0.763232,0
1280,21.3333,0.0,0.1038,0.8741,-0.1038,-0.642788,0.766044,0
1281,21.35,0.0,0.1076,0.7665,-0.1076,-0.639439,0.768842,0
1282,21.3667,0.0,0.1038,0.6627,-0.1038,-0.636078,0.771625,0
1283,21.3833,0.0,0.108,0.5547,-0.108,-0.632705,0.774393,0
1284,21.4,0.0,0.1038,0.4509,-0.1038,-0.62932,0.777146,0
1285,21.4167,0.0,0.1104,0.3405,-0.1104,-0.625923,0.779884,0
1286,21.4333,0.0,0.1049,0.2356,-0.1049,-0.622515,0.782608,0
1287,21.45,0.0,0.1066,0.129,-0.1066,-0.619094,0.785317,0
1288,21.4667,0.0,0.1039,0.0251,-0.1039,-0.615661,0.788011,0
1289,21.4833,0.0,0.1043,0.0,-0.1043,-0.612217,0.79069,1
1290,21.5,0.0,0.1064,0.0,-0.1064,-0.608761,0.793353,1
1291,21.5167,0.0,0.1085,0.0,-0.1085,-0.605294,0.796002,1
1292,21.5333,0.0,0.106,0.0,-0.106,-0.601815,0.798636,1
1293,21.55,0.0,0.1081,0.0,-0.1081,-0.598325,0.801254,1
1294,21.5667,0.0,0.1035,0.0,-0.1035,-0.594823,0.803857,1
1295,21.5833,0.0,0.1054,0.0,-0.1054,-0.59131,0.806445,1
1296,21.6,0.0,0.1068,0.0,-0.1068,-0.587785,0.809017,1
1297,21.6167,0.0,0.1015,0.0,-0.1015,-0.58425,0.811574,1
1298,21.6333,0.0,0.1066,0.0,-0.1066,-0.580703,0.814116,1
1299,21.65,0.0,0.1035,0.0,-0.1035,-0.577145,0.816642,1
1300,21.6667,0.0,0.105,0.0,-0.105,-0.573576,0.819152,1
1301,21.6833,0.0,0.1071,0.0,-0.1071,-0.569997,0.821647,1
1302,21.7,0.0,0.1063,0.0,-0.1063,-0.566406,0.824126,1
1303,21.7167,0.0,0.1057,0.0,-0.1057,-0.562805,0.82659,1
1304,21.7333,0.0,0.1048,0.0,-0.1048,-0.559193,0.829038,1
1305,21.75,0.0,0.1061,0.0,-0.1061,-0.55557,0.83147,1
1306,21.7667,0.0,0.1059,0.0,-0.1059,-0.551937,0.833886,1
1307,21.7833,0.0,0.1066,0.0,-0.1066,-0.548293,0.836286,1
1308,21.8,0.0,0.1097,0.0,-0.1097,-0.544639,0.838671,1
1309,21.8167,0.0,0.1033,0.0,-0.1033,-0.540974,0.841039,1
1310,21.8333,0.0,0.1048,0.0,-0.1048,-0.5373,0.843391,1
1311,21.85,0.0,0.1088,0.0,-0.1088,-0.533615,0.845728,1
1312,21.8667,0.0,0.1041,0.0,-0.1041,-0.529919,0.848048,1
1313,21.8833,0.0,0.1069,0.0,-0.1069,-0.526214,0.850352,1
1314,21.9,0.0,0.1068,0.0,-0.1068,-0.522499,0.85264,1
1315,21.9167,0.0,0.1093,0.0,-0.1093,-0.518773,0.854912,1
1316,21.9333,0.0,0.1072,0.0,-0.1072,-0.515038,0.857167,1
1317,21.95,0.0,0.1029,0.0,-0.1029,-0.511293,0.859406,1
1318,21.9667,0.0,0.1054,0.0,-0.1054,-0.507538,0.861629,1
1319,21.9833,0.0,0.1033,0.0,-0.1033,-0.503774,0.863836,1
1320,22.0,0.0,0.0494,0.0,-0.0494,-0.5,0.866025,1
1321,22.0167,0.0,0.0533,0.0,-0.0533,-0.496217,0.868199,1
1322,22.0333,0.0,0.0564,0.0,-0.0564,-0.492424,0.870356,1
1323,22.05,0.0,0.0529,0.0,-0.0529,-0.488621,0.872496,1
1324,22.0667,0.0,0.0588,0.0,-0.0588,-0.48481,0.87462,1
1325,22.0833,0.0,0.057,0.0,-0.057,-0.480989,0.876727,1
1326,22.1,0.0,0.0521,0.0,-0.0521,-0.477159,0.878817,1
1327,22.1167,0.0,0.0532,0.0,-0.0532,-0.47332,0.880891,1
1328,22.1333,0.0,0.0548,0.0,-0.0548,-0.469472,0.882948,1
1329,22.15,0.0,0.0535,0.0,-0.0535,-0.465615,0.884988,1
1330,22.1667,0.0,0.0537,0.0,-0.0537,-0.461749,0.887011,1
1331,22.1833,0.0,0.059,0.0,-0.059,-0.457874,0.889017,1
1332,22.2,0.0,0.0568,0.0,-0.0568,-0.45399,0.891007,1
1333,22.2167,0.0,0.0533,0.0,-0.0533,-0.450098,0.892979,1
1334,22.2333,0.0,0.057,0.0,-0.057,-0.446198,0.894934,1
1335,22.25,0.0,0.0552,0.0,-0.0552,-0.442289,0.896873,1
1336,22.2667,0.0,0.0555,0.0,-0.0555,-0.438371,0.898794,1
1337,22.2833,0.0,0.0566,0.0,-0.0566,-0.434445,0.900698,1
1338,22.3,0.0,0.0574,0.0,-0.0574,-0.430511,0.902585,1
1339,22.3167,0.0,0.0578,0.0,-0.0578,-0.426569,0.904455,1
1340,22.3333,0.0,0.0569,0.0,-0.0569,-0.422618,0.906308,1
1341,22.35,0.0,0.0592,0.0,-0.0592,-0.41866,0.908143,1
1342,22.3667,0.0,0.0537,0.0,-0.0537,-0.414693,0.909961,1
1343,22.3833,0.0,0.0531,0.0,-0.0531,-0.410719,0.911762,1
1344,22.4,0.0,0.057,0.0,-0.057,-0.406737,0.913545,1
1345,22.4167,0.0,0.0538,0.0,-0.0538,-0.402747,0.915311,1
1346,22.4333,0.0,0.0583,0.0,-0.0583,-0.398749,0.91706,1
1347,22.45,0.0,0.0571,0.0,-0.0571,-0.394744,0.918791,1
1348,22.4667,0.0,0.0545,0.0,-0.0545,-0.390731,0.920505,1
1349,22.4833,0.0,0.0575,0.0,-0.0575,-0.386711,0.922201,1
1350,22.5,0.0,0.0584,0.0,-0.0584,-0.382683,0.92388,1
1351,22.5167,0.0,0.0558,0.0,-0.0558,-0.378649,0.925541,1
1352,22.5333,0.0,0.0562,0.0,-0.0562,-0.374607,0.927184,1
1353,22.55,0.0,0.0553,0.0,-0.0553,-0.370557,0.92881,1
1354,22.5667,0.0,0.0548,0.0,-0.0548,-0.366501,0.930418,1
1355,22.5833,0.0,0.0556,0.0,-0.0556,-0.362438,0.932008,1
1356,22.6,0.0,0.0589,0.0,-0.0589,-0.358368,0.93358,1
1357,22.6167,0.0,0.0531,0.0,-0.0531,-0.354291,0.935135,1
1358,22.6333,0.0,0.0554,0.0,-0.0554,-0.350207,0.936672,1
1359,22.65,0.0,0.0539,0.0,-0.0539,-0.346117,0.938191,1
1360,22.6667,0.0,0.0542,0.0,-0.0542,-0.34202,0.939693,1
1361,22.6833,0.0,0.0153,0.0,-0.0153,-0.337917,0.941176,1
1362,22.7,0.0,0.0141,0.0,-0.0141,-0.333807,0.942641,1
1363,22.7167,0.0,0.0123,0.0,-0.0123,-0.329691,0.944089,1
1364,22.7333,0.0,0.0137,0.0,-0.0137,-0.325568,0.945519,1
1365,22.75,0.0,0.015,0.0,-0.015,-0.321439,0.94693,1
1366,22.7667,0.0,0.0163,0.0,-0.0163,-0.317305,0.948324,1
1367,22.7833,0.0,0.0163,0.0,-0.0163,-0.313164,0.949699,1
1368,22.8,0.0,0.0161,0.0,-0.0161,-0.309017,0.951057,1
1369,22.8167,0.0,0.0124,0.0,-0.0124,-0.304864,0.952396,1
1370,22.8333,0.0,0.0146,0.0,-0.0146,-0.300706,0.953717,1
1371,22.85,0.0,0.0138,0.0,-0.0138,-0.296542,0.95502,1
1372,22.8667,0.0,0.0143,0.0,-0.0143,-0.292372,0.956305,1
1373,22.8833,0.0,0.0174,0.0,-0.0174,-0.288196,0.957571,1
1374,22.9,0.0,0.0136,0.0,-0.0136,-0.284015,0.95882,1
1375,22.9167,0.0,0.0147,0.0,-0.0147,-0.279829,0.96005,1
1376,22.9333,0.0,0.0186,0.0,-0.0186,-0.275637,0.961262,1
1377,22.95,0.0,0.0165,0.0,-0.0165,-0.27144,0.962455,1
1378,22.9667,0.0,0.0153,0.0,-0.0153,-0.267238,0.96363,1
1379,22.9833,0.0,0.0155,0.0,-0.0155,-0.263031,0.964787,1
1380,23.0,0.0,0.0189,0.0,-0.0189,-0.258819,0.965926,1
1381,23.0167,0.0,0.0216,0.0,-0.0216,-0.254602,0.967046,1
1382,23.0333,0.0,0.0183,0.0,-0.0183,-0.25038,0.968148,1
1383,23.05,0.0,0.0129,0.0,-0.0129,-0.246153,0.969231,1
1384,23.0667,0.0,0.0196,0.0,-0.0196,-0.241922,0.970296,1
1385,23.0833,0.0,0.0154,0.0,-0.0154,-0.237686,0.971342,1
1386,23.1,0.0,0.0156,0.0,-0.0156,-0.233445,0.97237,1
1387,23.1167,0.0,0.0172,0.0,-0.0172,-0.2292,0.973379,1
1388,23.1333,0.0,0.0127,0.0,-0.0127,-0.224951,0.97437,1
1389,23.15,0.0,0.0179,0.0,-0.0179,-0.220697,0.975342,1
1390,23.1667,0.0,0.0177,0.0,-0.0177,-0.21644,0.976296,1
1391,23.1833,0.0,0.016,0.0,-0.016,-0.212178,0.977231,1
1392,23.2,0.0,0.0163,0.0,-0.0163,-0.207912,0.978148,1
1393,23.2167,0.0,0.0184,0.0,-0.0184,-0.203642,0.979045,1
1394,23.2333,0.0,0.0139,0.0,-0.0139,-0.199368,0.979925,1
1395,23.25,0.0,0.0153,0.0,-0.0153,-0.19509,0.980785,1
1396,23.2667,0.0,0.0132,0.0,-0.0132,-0.190809,0.981627,1
1397,23.2833,0.0,0.0167,0.0,-0.0167,-0.186524,0.98245,1
1398,23.3,0.0,0.0167,0.0,-0.0167,-0.182236,0.983255,1
1399,23.3167,0.0,0.0093,0.0,-0.0093,-0.177944,0.984041,1
1400,23.3333,0.0,0.0163,0.0,-0.0163,-0.173648,0.984808,1
1401,23.35,0.0,0.0121,0.0,-0.0121,-0.16935,0.985556,1
1402,23.3667,0.0,0.0178,0.0,-0.0178,-0.165048,0.986286,1
1403,23.3833,0.0,0.0205,0.0,-0.0205,-0.160743,0.986996,1
1404,23.4,0.0,0.0139,0.0,-0.0139,-0.156434,0.987688,1
1405,23.4167,0.0,0.0157,0.0,-0.0157,-0.152123,0.988362,1
1406,23.4333,0.0,0.0144,0.0,-0.0144,-0.147809,0.989016,1
1407,23.45,0.0,0.0146,0.0,-0.0146,-0.143493,0.989651,1
1408,23.4667,0.0,0.0147,0.0,-0.0147,-0.139173,0.990268,1
1409,23.4833,0.0,0.0183,0.0,-0.0183,-0.134851,0.990866,1
1410,23.5,0.0,0.0149,0.0,-0.0149,-0.130526,0.991445,1
1411,23.5167,0.0,0.0155,0.0,-0.0155,-0.126199,0.992005,1
1412,23.5333,0.0,0.0138,0.0,-0.0138,-0.121869,0.992546,1
1413,23.55,0.0,0.0141,0.0,-0.0141,-0.117537,0.993068,1
1414,23.5667,0.0,0.0168,0.0,-0.0168,-0.113203,0.993572,1
1415,23.5833,0.0,0.0189,0.0,-0.0189,-0.108867,0.994056,1
1416,23.6,0.0,0.0188,0.0,-0.0188,-0.104528,0.994522,1
1417,23.6167,0.0,0.0179,0.0,-0.0179,-0.100188,0.994969,1
1418,23.6333,0.0,0.0153,0.0,-0.0153,-0.095846,0.995396,1
1419,23.65,0.0,0.0184,0.0,-0.0184,-0.091502,0.995805,1
1420,23.6667,0.0,0.0148,0.0,-0.0148,-0.087156,0.996195,1
1421,23.6833,0.0,0.0137,0.0,-0.0137,-0.082808,0.996566,1
1422,23.7,0.0,0.0197,0.0,-0.0197,-0.078459,0.996917,1
1423,23.7167,0.0,0.0167,0.0,-0.0167,-0.074108,0.99725,1
1424,23.7333,0.0,0.0181,0.0,-0.0181,-0.069756,0.997564,1
1425,23.75,0.0,0.0164,0.0,-0.0164,-0.065403,0.997859,1
1426,23.7667,0.0,0.013,0.0,-0.013,-0.061049,0.998135,1
1427,23.7833,0.0,0.0158,0.0,-0.0158,-0.056693,0.998392,1
1428,23.8,0.0,0.0145,0.0,-0.0145,-0.052336,0.99863,1
1429,23.8167,0.0,0.0144,0.0,-0.0144,-0.047978,0.998848,1
1430,23.8333,0.0,0.0168,0.0,-0.0168,-0.043619,0.999048,1
1431,23.85,0.0,0.0162,0.0,-0.0162,-0.03926,0.999229,1
1432,23.8667,0.0,0.0172,0.0,-0.0172,-0.034899,0.999391,1
1433,23.8833,0.0,0.0159,0.0,-0.0159,-0.030539,0.999534,1
1434,23.9,0.0,0.0177,0.0,-0.0177,-0.026177,0.999657,1
1435,23.9167,0.0,0.018,0.0,-0.018,-0.021815,0.999762,1
1436,23.9333,0.0,0.014,0.0,-0.014,-0.017452,0.999848,1
1437,23.95,0.0,0.016,0.0,-0.016,-0.01309,0.999914,1
1438,23.9667,0.0,0.0165,0.0,-0.0165,-0.008727,0.999962,1
1439,23.9833,0.0,0.0143,0.0,-0.0143,-0.004363,0.99999,1
1440,0.0,0.0,0.013,0.0,-0.013,0.0,1.0,1
1441,0.0167,0.0,0.0161,0.0,-0.0161,0.004363,0.99999,1
1442,0.0333,0.0,0.0164,0.0,-0.0164,0.008727,0.999962,1
1443,0.05,0.0,0.012,0.0,-0.012,0.01309,0.999914,1
1444,0.0667,0.0,0.0142,0.0,-0.0142,0.017452,0.999848,1
1445,0.0833,0.0,0.0127,0.0,-0.0127,0.021815,0.999762,1
1446,0.1,0.0,0.014,0.0,-0.014,0.026177,0.999657,1
1447,0.1167,0.0,0.0172,0.0,-0.0172,0.030539,0.999534,1
1448,0.1333,0.0,0.0168,0.0,-0.0168,0.034899,0.999391,1
1449,0.15,0.0,0.0163,0.0,-0.0163,0.03926,0.999229,1
1450,0.1667,0.0,0.0144,0.0,-0.0144,0.043619,0.999048,1
1451,0.1833,0.0,0.0152,0.0,-0.0152,0.047978,0.998848,1
1452,0.2,0.0,0.0183,0.0,-0.0183,0.052336,0.99863,1
1453,0.2167,0.0,0.0147,0.0,-0.0147,0.056693,0.998392,1
1454,0.2333,0.0,0.0153,0.0,-0.0153,0.061049,0.998135,1
1455,0.25,0.0,0.0138,0.0,-0.0138,0.065403,0.997859,1
1456,0.2667,0.0,0.0177,0.0,-0.0177,0.069756,0.997564,1
1457,0.2833,0.0,0.0203,0.0,-0.0203,0.074108,0.99725,1
1458,0.3,0.0,0.0184,0.0,-0.0184,0.078459,0.996917,1
1459,0.3167,0.0,0.0157,0.0,-0.0157,0.082808,0.996566,1
1460,0.3333,0.0,0.0194,0.0,-0.0194,0.087156,0.996195,1
1461,0.35,0.0,0.0184,0.0,-0.0184,0.091502,0.995805,1
1462,0.3667,0.0,0.0122,0.0,-0.0122,0.095846,0.995396,1
1463,0.3833,0.0,0.0152,0.0,-0.0152,0.100188,0.994969,1
1464,0.4,0.0,0.0149,0.0,-0.0149,0.104528,0.994522,1
1465,0.4167,0.0,0.0167,0.0,-0.0167,0.108867,0.994056,1
1466,0.4333,0.0,0.0121,0.0,-0.0121,0.113203,0.993572,1
1467,0.45,0.0,0.0185,0.0,-0.0185,0.117537,0.993068,1
1468,0.4667,0.0,0.0162,0.0,-0.0162,0.121869,0.992546,1
1469,0.4833,0.0,0.014,0.0,-0.014,0.126199,0.992005,1
1470,0.5,0.0,0.0193,0.0,-0.0193,0.130526,0.991445,1
1471,0.5167,0.0,0.0146,0.0,-0.0146,0.134851,0.990866,1
1472,0.5333,0.0,0.0161,0.0,-0.0161,0.139173,0.990268,1
1473,0.55,0.0,0.0111,0.0,-0.0111,0.143493,0.989651,1
1474,0.5667,0.0,0.016,0.0,-0.016,0.147809,0.989016,1
1475,0.5833,0.0,0.0169,0.0,-0.0169,0.152123,0.988362,1
1476,0.6,0.0,0.0182,0.0,-0.0182,0.156434,0.987688,1
1477,0.6167,0.0,0.0146,0.0,-0.0146,0.160743,0.986996,1
1478,0.6333,0.0,0.0145,0.0,-0.0145,0.165048,0.986286,1
1479,0.65,0.0,0.0126,0.0,-0.0126,0.16935,0.985556,1
1480,0.6667,0.0,0.0176,0.0,-0.0176,0.173648,0.984808,1
1481,0.6833,0.0,0.0194,0.0,-0.0194,0.177944,0.984041,1
1482,0.7,0.0,0.0162,0.0,-0.0162,0.182236,0.983255,1
1483,0.7167,0.0,0.0122,0.0,-0.0122,0.186524,0.98245,1
1484,0.7333,0.0,0.0152,0.0,-0.0152,0.190809,0.981627,1
1485,0.75,0.0,0.0165,0.0,-0.0165,0.19509,0.980785,1
1486,0.7667,0.0,0.0173,0.0,-0.0173,0.199368,0.979925,1
1487,0.7833,0.0,0.0133,0.0,-0.0133,0.203642,0.979045,1
1488,0.8,0.0,0.0161,0.0,-0.0161,0.207912,0.978148,1
1489,0.8167,0.0,0.0147,0.0,-0.0147,0.212178,0.977231,1
1490,0.8333,0.0,0.0156,0.0,-0.0156,0.21644,0.976296,1
1491,0.85,0.0,0.0135,0.0,-0.0135,0.220697,0.975342,1
1492,0.8667,0.0,0.0178,0.0,-0.0178,0.224951,0.97437,1
1493,0.8833,0.0,0.0131,0.0,-0.0131,0.2292,0.973379,1
1494,0.9,0.0,0.0178,0.0,-0.0178,0.233445,0.97237,1
1495,0.9167,0.0,0.0134,0.0,-0.0134,0.237686,0.971342,1
1496,0.9333,0.0,0.0151,0.0,-0.0151,0.241922,0.970296,1
1497,0.95,0.0,0.0126,0.0,-0.0126,0.246153,0.969231,1
1498,0.9667,0.0,0.0151,0.0,-0.0151,0.25038,0.968148,1
1499,0.9833,0.0,0.0155,0.0,-0.0155,0.254602,0.967046,1
1500,1.0,0.0,0.0173,0.0,-0.0173,0.258819,0.965926,1
1501,1.0167,0.0,0.0185,0.0,-0.0185,0.263031,0.964787,1
1502,1.0333,0.0,0.0176,0.0,-0.0176,0.267238,0.96363,1
1503,1.05,0.0,0.0181,0.0,-0.0181,0.27144,0.962455,1
1504,1.0667,0.0,0.0163,0.0,-0.0163,0.275637,0.961262,1
1505,1.0833,0.0,0.0127,0.0,-0.0127,0.279829,0.96005,1
1506,1.1,0.0,0.0191,0.0,-0.0191,0.284015,0.95882,1
1507,1.1167,0.0,0.0166,0.0,-0.0166,0.288196,0.957571,1
1508,1.1333,0.0,0.0113,0.0,-0.0113,0.292372,0.956305,1
1509,1.15,0.0,0.0134,0.0,-0.0134,0.296542,0.95502,1
1510,1.1667,0.0,0.017,0.0,-0.017,0.300706,0.953717,1
1511,1.1833,0.0,0.0144,0.0,-0.0144,0.304864,0.952396,1
1512,1.2,0.0,0.0127,0.0,-0.0127,0.309017,0.951057,1
1513,1.2167,0.0,0.0162,0.0,-0.0162,0.313164,0.949699,1
1514,1.2333,0.0,0.0169,0.0,-0.0169,0.317305,0.948324,1
1515,1.25,0.0,0.0165,0.0,-0.0165,0.321439,0.94693,1
1516,1.2667,0.0,0.0169,0.0,-0.0169,0.325568,0.945519,1
1517,1.2833,0.0,0.016,0.0,-0.016,0.329691,0.944089,1
1518,1.3,0.0,0.0149,0.0,-0.0149,0.333807,0.942641,1
1519,1.3167,0.0,0.0178,0.0,-0.0178,0.337917,0.941176,1
1520,1.3333,0.0,0.0207,0.0,-0.0207,0.34202,0.939693,1
1521,1.35,0.0,0.0138,0.0,-0.0138,0.346117,0.938191,1
1522,1.3667,0.0,0.0164,0.0,-0.0164,0.350207,0.936672,1
1523,1.3833,0.0,0.0142,0.0,-0.0142,0.354291,0.935135,1
1524,1.4,0.0,0.0165,0.0,-0.0165,0.358368,0.93358,1
1525,1.4167,0.0,0.0175,0.0,-0.0175,0.362438,0.932008,1
1526,1.4333,0.0,0.0124,0.0,-0.0124,0.366501,0.930418,1
1527,1.45,0.0,0.0179,0.0,-0.0179,0.370557,0.92881,1
1528,1.4667,0.0,0.0146,0.0,-0.0146,0.374607,0.927184,1
1529,1.4833,0.0,0.0146,0.0,-0.0146,0.378649,0.925541,1
1530,1.5,0.0,0.0147,0.0,-0.0147,0.382683,0.92388,1
1531,1.5167,0.0,0.016,0.0,-0.016,0.386711,0.922201,1
1532,1.5333,0.0,0.0147,0.0,-0.0147,0.390731,0.920505,1
1533,1.55,0.0,0.0154,0.0,-0.0154,0.394744,0.918791,1
1534,1.5667,0.0,0.0169,0.0,-0.0169,0.398749,0.91706,1
1535,1.5833,0.0,0.0176,0.0,-0.0176,0.402747,0.915311,1
1536,1.6,0.0,0.0136,0.0,-0.0136,0.406737,0.913545,1
1537,1.6167,0.0,0.016,0.0,-0.016,0.410719,0.911762,1
1538,1.6333,0.0,0.014,0.0,-0.014,0.414693,0.909961,1
1539,1.65,0.0,0.0183,0.0,-0.0183,0.41866,0.908143,1
1540,1.6667,0.0,0.0155,0.0,-0.0155,0.422618,0.906308,1
1541,1.6833,0.0,0.0169,0.0,-0.0169,0.426569,0.904455,1
1542,1.7,0.0,0.0171,0.0,-0.0171,0.430511,0.902585,1
1543,1.7167,0.0,0.0121,0.0,-0.0121,0.434445,0.900698,1
1544,1.7333,0.0,0.0147,0.0,-0.0147,0.438371,0.898794,1
1545,1.75,0.0,0.0162,0.0,-0.0162,0.442289,0.896873,1
1546,1.7667,0.0,0.015,0.0,-0.015,0.446198,0.894934,1
1547,1.7833,0.0,0.0128,0.0,-0.0128,0.450098,0.892979,1
1548,1.8,0.0,0.0143,0.0,-0.0143,0.45399,0.891007,1
1549,1.8167,0.0,0.0143,0.0,-0.0143,0.457874,0.889017,1
1550,1.8333,0.0,0.0138,0.0,-0.0138,0.461749,0.887011,1
1551,1.85,0.0,0.0132,0.0,-0.0132,0.465615,0.884988,1
1552,1.8667,0.0,0.0154,0.0,-0.0154,0.469472,0.882948,1
1553,1.8833,0.0,0.0157,0.0,-0.0157,0.47332,0.880891,1
1554,1.9,0.0,0.0157,0.0,-0.0157,0.477159,0.878817,1
1555,1.9167,0.0,0.013,0.0,-0.013,0.480989,0.876727,1
1556,1.9333,0.0,0.0158,0.0,-0.0158,0.48481,0.87462,1
1557,1.95,0.0,0.0145,0.0,-0.0145,0.488621,0.872496,1
1558,1.9667,0.0,0.0141,0.0,-0.0141,0.492424,0.870356,1
1559,1.9833,0.0,0.0146,0.0,-0.0146,0.496217,0.868199,1
1560,2.0,0.0,0.017,0.0,-0.017,0.5,0.866025,1
1561,2.0167,0.0,0.0167,0.0,-0.0167,0.503774,0.863836,1
1562,2.0333,0.0,0.0131,0.0,-0.0131,0.507538,0.861629,1
1563,2.05,0.0,0.0156,0.0,-0.0156,0.511293,0.859406,1
1564,2.0667,0.0,0.018,0.0,-0.018,0.515038,0.857167,1
1565,2.0833,0.0,0.0199,0.0,-0.0199,0.518773,0.854912,1
1566,2.1,0.0,0.0148,0.0,-0.0148,0.522499,0.85264,1
1567,2.1167,0.0,0.0176,0.0,-0.0176,0.526214,0.850352,1
1568,2.1333,0.0,0.0129,0.0,-0.0129,0.529919,0.848048,1
1569,2.15,0.0,0.0154,0.0,-0.0154,0.533615,0.845728,1
1570,2.1667,0.0,0.014,0.0,-0.014,0.5373,0.843391,1
1571,2.1833,0.0,0.0129,0.0,-0.0129,0.540974,0.841039,1
1572,2.2,0.0,0.0172,0.0,-0.0172,0.544639,0.838671,1
1573,2.2167,0.0,0.0148,0.0,-0.0148,0.548293,0.836286,1
1574,2.2333,0.0,0.0181,0.0,-0.0181,0.551937,0.833886,1
1575,2.25,0.0,0.0169,0.0,-0.0169,0.55557,0.83147,1
1576,2.2667,0.0,0.014,0.0,-0.014,0.559193,0.829038,1
1577,2.2833,0.0,0.0185,0.0,-0.0185,0.562805,0.82659,1
1578,2.3,0.0,0.0154,0.0,-0.0154,0.566406,0.824126,1
1579,2.3167,0.0,0.0164,0.0,-0.0164,0.569997,0.821647,1
1580,2.3333,0.0,0.0112,0.0,-0.0112,0.573576,0.819152,1
1581,2.35,0.0,0.0154,0.0,-0.0154,0.577145,0.816642,1
1582,2.3667,0.0,0.0159,0.0,-0.0159,0.580703,0.814116,1
1583,2.3833,0.0,0.0196,0.0,-0.0196,0.58425,0.811574,1
1584,2.4,0.0,0.0144,0.0,-0.0144,0.587785,0.809017,1
1585,2.4167,0.0,0.0147,0.0,-0.0147,0.59131,0.806445,1
1586,2.4333,0.0,0.0164,0.0,-0.0164,0.594823,0.803857,1
1587,2.45,0.0,0.0144,0.0,-0.0144,0.598325,0.801254,1
1588,2.4667,0.0,0.0187,0.0,-0.0187,0.601815,0.798636,1
1589,2.4833,0.0,0.0169,0.0,-0.0169,0.605294,0.796002,1
1590,2.5,0.0,0.019,0.0,-0.019,0.608761,0.793353,1
1591,2.5167,0.0,0.0108,0.0,-0.0108,0.612217,0.79069,1
1592,2.5333,0.0,0.0182,0.0,-0.0182,0.615661,0.788011,1
1593,2.55,0.0,0.0187,0.0,-0.0187,0.619094,0.785317,1
1594,2.5667,0.0,0.0169,0.0,-0.0169,0.622515,0.782608,1
1595,2.5833,0.0,0.0156,0.0,-0.0156,0.625923,0.779884,1
1596,2.6,0.0,0.015,0.0,-0.015,0.62932,0.777146,1
1597,2.6167,0.0,0.0139,0.0,-0.0139,0.632705,0.774393,1
1598,2.6333,0.0,0.0181,0.0,-0.0181,0.636078,0.771625,1
1599,2.65,0.0,0.0144,0.0,-0.0144,0.639439,0.768842,1
1600,2.6667,0.0,0.0136,0.0,-0.0136,0.642788,0.766044,1
1601,2.6833,0.0,0.0158,0.0,-0.0158,0.646124,0.763232,1
1602,2.7,0.0,0.0148,0.0,-0.0148,0.649448,0.760406,1
1603,2.7167,0.0,0.0126,0.0,-0.0126,0.65276,0.757565,1
1604,2.7333,0.0,0.0168,0.0,-0.0168,0.656059,0.75471,1
1605,2.75,0.0,0.0121,0.0,-0.0121,0.659346,0.75184,1
1606,2.7667,0.0,0.0151,0.0,-0.0151,0.66262,0.748956,1
1607,2.7833,0.0,0.015,0.0,-0.015,0.665882,0.746057,1
1608,2.8,0.0,0.0136,0.0,-0.0136,0.669131,0.743145,1
1609,2.8167,0.0,0.0163,0.0,-0.0163,0.672367,0.740218,1
1610,2.8333,0.0,0.0166,0.0,-0.0166,0.67559,0.737277,1
1611,2.85,0.0,0.0176,0.0,-0.0176,0.678801,0.734323,1
1612,2.8667,0.0,0.019,0.0,-0.019,0.681998,0.731354,1
1613,2.8833,0.0,0.0163,0.0,-0.0163,0.685183,0.728371,1
1614,2.9,0.0,0.0142,0.0,-0.0142,0.688355,0.725374,1
1615,2.9167,0.0,0.0154,0.0,-0.0154,0.691513,0.722364,1
1616,2.9333,0.0,0.0159,0.0,-0.0159,0.694658,0.71934,1
1617,2.95,0.0,0.0169,0.0,-0.0169,0.69779,0.716302,1
1618,2.9667,0.0,0.0138,0.0,-0.0138,0.700909,0.71325,1
1619,2.9833,0.0,0.0139,0.0,-0.0139,0.704015,0.710185,1
1620,3.0,0.0,0.0149,0.0,-0.0149,0.707107,0.707107,1
1621,3.0167,0.0,0.0171,0.0,-0.0171,0.710185,0.704015,1
1622,3.0333,0.0,0.0114,0.0,-0.0114,0.71325,0.700909,1
1623,3.05,0.0,0.0163,0.0,-0.0163,0.716302,0.69779,1
1624,3.0667,0.0,0.0156,0.0,-0.0156,0.71934,0.694658,1
1625,3.0833,0.0,0.0156,0.0,-0.0156,0.722364,0.691513,1
1626,3.1,0.0,0.0163,0.0,-0.0163,0.725374,0.688355,1
1627,3.1167,0.0,0.0173,0.0,-0.0173,0.728371,0.685183,1
1628,3.1333,0.0,0.0159,0.0,-0.0159,0.731354,0.681998,1
1629,3.15,0.0,0.0167,0.0,-0.0167,0.734323,0.678801,1
1630,3.1667,0.0,0.0151,0.0,-0.0151,0.737277,0.67559,1
1631,3.1833,0.0,0.0138,0.0,-0.0138,0.740218,0.672367,1
1632,3.2,0.0,0.0146,0.0,-0.0146,0.743145,0.669131,1
1633,3.2167,0.0,0.0155,0.0,-0.0155,0.746057,0.665882,1
1634,3.2333,0.0,0.0093,0.0,-0.0093,0.748956,0.66262,1
1635,3.25,0.0,0.0153,0.0,-0.0153,0.75184,0.659346,1
1636,3.2667,0.0,0.0188,0.0,-0.0188,0.75471,0.656059,1
1637,3.2833,0.0,0.0124,0.0,-0.0124,0.757565,0.65276,1
1638,3.3,0.0,0.0174,0.0,-0.0174,0.760406,0.649448,1
1639,3.3167,0.0,0.0117,0.0,-0.0117,0.763232,0.646124,1
1640,3.3333,0.0,0.0159,0.0,-0.0159,0.766044,0.642788,1
1641,3.35,0.0,0.0129,0.0,-0.0129,0.768842,0.639439,1
1642,3.3667,0.0,0.015,0.0,-0.015,0.771625,0.636078,1
1643,3.3833,0.0,0.0143,0.0,-0.0143,0.774393,0.632705,1
1644,3.4,0.0,0.0158,0.0,-0.0158,0.777146,0.62932,1
1645,3.4167,0.0,0.0148,0.0,-0.0148,0.779884,0.625923,1
1646,3.4333,0.0,0.0175,0.0,-0.0175,0.782608,0.622515,1
1647,3.45,0.0,0.0174,0.0,-0.0174,0.785317,0.619094,1
1648,3.4667,0.0,0.0127,0.0,-0.0127,0.788011,0.615661,1
1649,3.4833,0.0,0.0134,0.0,-0.0134,0.79069,0.612217,1
1650,3.5,0.0,0.0153,0.0,-0.0153,0.793353,0.608761,1
1651,3.5167,0.0,0.0147,0.0,-0.0147,0.796002,0.605294,1
1652,3.5333,0.0,0.017,0.0,-0.017,0.798636,0.601815,1
1653,3.55,0.0,0.0162,0.0,-0.0162,0.801254,0.598325,1
1654,3.5667,0.0,0.017,0.0,-0.017,0.803857,0.594823,1
1655,3.5833,0.0,0.013,0.0,-0.013,0.806445,0.59131,1
1656,3.6,0.0,0.0124,0.0,-0.0124,0.809017,0.587785,1
1657,3.6167,0.0,0.014,0.0,-0.014,0.811574,0.58425,1
1658,3.6333,0.0,0.018,0.0,-0.018,0.814116,0.580703,1
1659,3.65,0.0,0.0164,0.0,-0.0164,0.816642,0.577145,1
1660,3.6667,0.0,0.016,0.0,-0.016,0.819152,0.573576,1
1661,3.6833,0.0,0.0154,0.0,-0.0154,0.821647,0.569997,1
1662,3.7,0.0,0.0166,0.0,-0.0166,0.824126,0.566406,1
1663,3.7167,0.0,0.0146,0.0,-0.0146,0.82659,0.562805,1
1664,3.7333,0.0,0.0145,0.0,-0.0145,0.829038,0.559193,1
1665,3.75,0.0,0.0125,0.0,-0.0125,0.83147,0.55557,1
1666,3.7667,0.0,0.0133,0.0,-0.0133,0.833886,0.551937,1
1667,3.7833,0.0,0.0159,0.0,-0.0159,0.836286,0.548293,1
1668,3.8,0.0,0.0185,0.0,-0.0185,0.838671,0.544639,1
1669,3.8167,0.0,0.0113,0.0,-0.0113,0.841039,0.540974,1
1670,3.8333,0.0,0.017,0.0,-0.017,0.843391,0.5373,1
1671,3.85,0.0,0.0157,0.0,-0.0157,0.845728,0.533615,1
1672,3.8667,0.0,0.0158,0.0,-0.0158,0.848048,0.529919,1
1673,3.8833,0.0,0.0172,0.0,-0.0172,0.850352,0.526214,1
1674,3.9,0.0,0.0143,0.0,-0.0143,0.85264,0.522499,1
1675,3.9167,0.0,0.0132,0.0,-0.0132,0.854912,0.518773,1
1676,3.9333,0.0,0.0156,0.0,-0.0156,0.857167,0.515038,1
1677,3.95,0.0,0.0173,0.0,-0.0173,0.859406,0.511293,1
1678,3.9667,0.0,0.0153,0.0,-0.0153,0.861629,0.507538,1
1679,3.9833,0.0,0.0193,0.0,-0.0193,0.863836,0.503774,1
1680,4.0,0.0,0.0172,0.0,-0.0172,0.866025,0.5,1
1681,4.0167,0.0,0.0181,0.0,-0.0181,0.868199,0.496217,1
1682,4.0333,0.0,0.0158,0.0,-0.0158,0.870356,0.492424,1
1683,4.05,0.0,0.0143,0.0,-0.0143,0.872496,0.488621,1
1684,4.0667,0.0,0.0138,0.0,-0.0138,0.87462,0.48481,1
1685,4.0833,0.0,0.0151,0.0,-0.0151,0.876727,0.480989,1
1686,4.1,0.0,0.0172,0.0,-0.0172,0.878817,0.477159,1
1687,4.1167,0.0,0.0185,0.0,-0.0185,0.880891,0.47332,1
1688,4.1333,0.0,0.0147,0.0,-0.0147,0.882948,0.469472,1
1689,4.15,0.0,0.0143,0.0,-0.0143,0.884988,0.465615,1
1690,4.1667,0.0,0.012,0.0,-0.012,0.887011,0.461749,1
1691,4.1833,0.0,0.0127,0.0,-0.0127,0.889017,0.457874,1
1692,4.2,0.0,0.0101,0.0,-0.0101,0.891007,0.45399,1
1693,4.2167,0.0,0.0156,0.0,-0.0156,0.892979,0.450098,1
1694,4.2333,0.0,0.016,0.0,-0.016,0.894934,0.446198,1
1695,4.25,0.0,0.0151,0.0,-0.0151,0.896873,0.442289,1
1696,4.2667,0.0,0.016,0.0,-0.016,0.898794,0.438371,1
1697,4.2833,0.0,0.0192,0.0,-0.0192,0.900698,0.434445,1
1698,4.3,0.0,0.0144,0.0,-0.0144,0.902585,0.430511,1
1699,4.3167,0.0,0.0145,0.0,-0.0145,0.904455,0.426569,1
1700,4.3333,0.0,0.0165,0.0,-0.0165,0.906308,0.422618,1
1701,4.35,0.0,0.0179,0.0,-0.0179,0.908143,0.41866,1
1702,4.3667,0.0,0.0138,0.0,-0.0138,0.909961,0.414693,1
1703,4.3833,0.0,0.0156,0.0,-0.0156,0.911762,0.410719,1
1704,4.4,0.0,0.0098,0.0,-0.0098,0.913545,0.406737,1
1705,4.4167,0.0,0.0192,0.0,-0.0192,0.915311,0.402747,1
1706,4.4333,0.0,0.0148,0.0,-0.0148,0.91706,0.398749,1
1707,4.45,0.0,0.0147,0.0,-0.0147,0.918791,0.394744,1
1708,4.4667,0.0,0.0202,0.0,-0.0202,0.920505,0.390731,1
1709,4.4833,0.0,0.0131,0.0,-0.0131,0.922201,0.386711,1
1710,4.5,0.0,0.0203,0.0,-0.0203,0.92388,0.382683,1
1711,4.5167,0.0,0.015,0.0,-0.015,0.925541,0.378649,1
1712,4.5333,0.0,0.0181,0.0,-0.0181,0.927184,0.374607,1
1713,4.55,0.0,0.0169,0.0,-0.0169,0.92881,0.370557,1
1714,4.5667,0.0,0.0153,0.0,-0.0153,0.930418,0.366501,1
1715,4.5833,0.0,0.0143,0.0,-0.0143,0.932008,0.362438,1
1716,4.6,0.0,0.0136,0.0,-0.0136,0.93358,0.358368,1
1717,4.6167,0.0,0.0168,0.0,-0.0168,0.935135,0.354291,1
1718,4.6333,0.0,0.0143,0.0,-0.0143,0.936672,0.350207,1
1719,4.65,0.0,0.0151,0.0,-0.0151,0.938191,0.346117,1
1720,4.6667,0.0,0.018,0.0,-0.018,0.939693,0.34202,1
1721,4.6833,0.0,0.0146,0.0,-0.0146,0.941176,0.337917,1
1722,4.7,0.0,0.016,0.0,-0.016,0.942641,0.333807,1
1723,4.7167,0.0,0.0155,0.0,-0.0155,0.944089,0.329691,1
1724,4.7333,0.0,0.0159,0.0,-0.0159,0.945519,0.325568,1
1725,4.75,0.0,0.013,0.0,-0.013,0.94693,0.321439,1
1726,4.7667,0.0,0.0154,0.0,-0.0154,0.948324,0.317305,1
1727,4.7833,0.0,0.0158,0.0,-0.0158,0.949699,0.313164,1
1728,4.8,0.0,0.0166,0.0,-0.0166,0.951057,0.309017,1
1729,4.8167,0.0,0.0135,0.0,-0.0135,0.952396,0.304864,1
1730,4.8333,0.0,0.0165,0.0,-0.0165,0.953717,0.300706,1
1731,4.85,0.0,0.0154,0.0,-0.0154,0.95502,0.296542,1
1732,4.8667,0.0,0.0117,0.0,-0.0117,0.956305,0.292372,1
1733,4.8833,0.0,0.0143,0.0,-0.0143,0.957571,0.288196,1
1734,4.9,0.0,0.0146,0.0,-0.0146,0.95882,0.284015,1
1735,4.9167,0.0,0.0143,0.0,-0.0143,0.96005,0.279829,1
1736,4.9333,0.0,0.0156,0.0,-0.0156,0.961262,0.275637,1
1737,4.95,0.0,0.0179,0.0,-0.0179,0.962455,0.27144,1
1738,4.9667,0.0,0.015,0.0,-0.015,0.96363,0.267238,1
1739,4.9833,0.0,0.0131,0.0,-0.0131,0.964787,0.263031,1
1740,5.0,0.0,0.0147,0.0,-0.0147,0.965926,0.258819,1
1741,5.0167,0.0,0.0163,0.0,-0.0163,0.967046,0.254602,1
1742,5.0333,0.0,0.0148,0.0,-0.0148,0.968148,0.25038,1
1743,5.05,0.0,0.0169,0.0,-0.0169,0.969231,0.246153,1
1744,5.0667,0.0,0.0143,0.0,-0.0143,0.970296,0.241922,1
1745,5.0833,0.0,0.0153,0.0,-0.0153,0.971342,0.237686,1
1746,5.1,0.0,0.0156,0.0,-0.0156,0.97237,0.233445,1
1747,5.1167,0.0,0.0166,0.0,-0.0166,0.973379,0.2292,1
1748,5.1333,0.0,0.0148,0.0,-0.0148,0.97437,0.224951,1
1749,5.15,0.0,0.017,0.0,-0.017,0.975342,0.220697,1
1750,5.1667,0.0,0.0141,0.0,-0.0141,0.976296,0.21644,1
1751,5.1833,0.0,0.0158,0.0,-0.0158,0.977231,0.212178,1
1752,5.2,0.0,0.0144,0.0,-0.0144,0.978148,0.207912,1
1753,5.2167,0.0,0.0158,0.0,-0.0158,0.979045,0.203642,1
1754,5.2333,0.0,0.0146,0.0,-0.0146,0.979925,0.199368,1
1755,5.25,0.0,0.0169,0.0,-0.0169,0.980785,0.19509,1
1756,5.2667,0.0,0.0172,0.0,-0.0172,0.981627,0.190809,1
1757,5.2833,0.0,0.018,0.0,-0.018,0.98245,0.186524,1
1758,5.3,0.0,0.0174,0.0,-0.0174,0.983255,0.182236,1
1759,5.3167,0.0,0.0166,0.0,-0.0166,0.984041,0.177944,1
1760,5.3333,0.0,0.0117,0.0,-0.0117,0.984808,0.173648,1
1761,5.35,0.0,0.0142,0.0,-0.0142,0.985556,0.16935,1
1762,5.3667,0.0,0.0167,0.0,-0.0167,0.986286,0.165048,1
1763,5.3833,0.0,0.0159,0.0,-0.0159,0.986996,0.160743,1
1764,5.4,0.0,0.0152,0.0,-0.0152,0.987688,0.156434,1
1765,5.4167,0.0,0.0145,0.0,-0.0145,0.988362,0.152123,1
1766,5.4333,0.0,0.0153,0.0,-0.0153,0.989016,0.147809,1
1767,5.45,0.0,0.0157,0.0,-0.0157,0.989651,0.143493,1
1768,5.4667,0.0,0.0161,0.0,-0.0161,0.990268,0.139173,1
1769,5.4833,0.0,0.0118,0.0,-0.0118,0.990866,0.134851,1
1770,5.5,0.0,0.0169,0.0,-0.0169,0.991445,0.130526,1
1771,5.5167,0.0,0.0123,0.0,-0.0123,0.992005,0.126199,1
1772,5.5333,0.0,0.017,0.0,-0.017,0.992546,0.121869,1
1773,5.55,0.0,0.0138,0.0,-0.0138,0.993068,0.117537,1
1774,5.5667,0.0,0.0167,0.0,-0.0167,0.993572,0.113203,1
1775,5.5833,0.0,0.0188,0.0,-0.0188,0.994056,0.108867,1
1776,5.6,0.0,0.0124,0.0,-0.0124,0.994522,0.104528,1
1777,5.6167,0.0,0.0135,0.0,-0.0135,0.994969,0.100188,1
1778,5.6333,0.0,0.0131,0.0,-0.0131,0.995396,0.095846,1
1779,5.65,0.0,0.016,0.0,-0.016,0.995805,0.091502,1
1780,5.6667,0.0,0.0182,0.0,-0.0182,0.996195,0.087156,1
1781,5.6833,0.0,0.016,0.0,-0.016,0.996566,0.082808,1
1782,5.7,0.0,0.0182,0.0,-0.0182,0.996917,0.078459,1
1783,5.7167,0.0,0.0148,0.0,-0.0148,0.99725,0.074108,1
1784,5.7333,0.0,0.0142,0.0,-0.0142,0.997564,0.069756,1
1785,5.75,0.0,0.018,0.0,-0.018,0.997859,0.065403,1
1786,5.7667,0.0,0.0145,0.0,-0.0145,0.998135,0.061049,1
1787,5.7833,0.0,0.0188,0.0,-0.0188,0.998392,0.056693,1
1788,5.8,0.0,0.0153,0.0,-0.0153,0.99863,0.052336,1
1789,5.8167,0.0,0.0165,0.0,-0.0165,0.998848,0.047978,1
1790,5.8333,0.0,0.0125,0.0,-0.0125,0.999048,0.043619,1
1791,5.85,0.0,0.0157,0.0,-0.0157,0.999229,0.03926,1
1792,5.8667,0.0,0.0154,0.0,-0.0154,0.999391,0.034899,1
1793,5.8833,0.0,0.0147,0.0,-0.0147,0.999534,0.030539,1
1794,5.9,0.0,0.0179,0.0,-0.0179,0.999657,0.026177,1
1795,5.9167,0.0,0.0135,0.0,-0.0135,0.999762,0.021815,1
1796,5.9333,0.0,0.0158,0.0,-0.0158,0.999848,0.017452,1
1797,5.95,0.0,0.0133,0.0,-0.0133,0.999914,0.01309,1
1798,5.9667,0.0,0.0175,0.0,-0.0175,0.999962,0.008727,1
1799,5.9833,0.0,0.0157,0.0,-0.0157,0.99999,0.004363,1
1800,6.0,0.0,0.0307,0.0,-0.0307,1.0,0.0,1
1801,6.0167,0.0,0.03,0.0,-0.03,0.99999,-0.004363,1
1802,6.0333,0.0,0.0271,0.0,-0.0271,0.999962,-0.008727,1
1803,6.05,0.003667,0.0316,0.0,-0.027933,0.999914,-0.01309,1
1804,6.0667,0.00435,0.0285,0.0,-0.02415,0.999848,-0.017452,1
1805,6.0833,0.00535,0.0264,0.0,-0.02105,0.999762,-0.021815,1
