sim_minute,hour_of_day,solar_output_kw,consumption_kw,battery_level_kwh,net_flow_kw,time_sin,time_cos,is_deficit
0,0.0,0.0,0.0139,2.9861,-0.0139,0.0,1.0,0
1,0.0167,0.0,0.0118,2.9743,-0.0118,0.004363,0.99999,0
2,0.0333,0.0,0.0129,2.9614,-0.0129,0.008727,0.999962,0
3,0.05,0.0,0.0187,2.9427,-0.0187,0.01309,0.999914,0
4,0.0667,0.0,0.0129,2.9298,-0.0129,0.017452,0.999848,0
5,0.0833,0.0,0.0125,2.9173,-0.0125,0.021815,0.999762,0
6,0.1,0.0,0.015,2.9023,-0.015,0.026177,0.999657,0
7,0.1167,0.0,0.0119,2.8904,-0.0119,0.030539,0.999534,0
8,0.1333,0.0,0.0158,2.8746,-0.0158,0.034899,0.999391,0
9,0.15,0.0,0.011,2.8636,-0.011,0.03926,0.999229,0
10,0.1667,0.0,0.0142,2.8494,-0.0142,0.043619,0.999048,0
11,0.1833,0.0,0.0145,2.8349,-0.0145,0.047978,0.998848,0
12,0.2,0.0,0.0151,2.8198,-0.0151,0.052336,0.99863,0
13,0.2167,0.0,0.0174,2.8024,-0.0174,0.056693,0.998392,0
14,0.2333,0.0,0.016,2.7864,-0.016,0.061049,0.998135,0
15,0.25,0.0,0.0137,2.7727,-0.0137,0.065403,0.997859,0
16,0.2667,0.0,0.0118,2.7609,-0.0118,0.069756,0.997564,0
17,0.2833,0.0,0.0146,2.7463,-0.0146,0.074108,0.99725,0
18,0.3,0.0,0.0146,2.7317,-0.0146,0.078459,0.996917,0
19,0.3167,0.0,0.0143,2.7174,-0.0143,0.082808,0.996566,0
20,0.3333,0.0,0.0146,2.7028,-0.0146,0.087156,0.996195,0
21,0.35,0.0,0.0143,2.6885,-0.0143,0.091502,0.995805,0
22,0.3667,0.0,0.0123,2.6762,-0.0123,0.095846,0.995396,0
23,0.3833,0.0,0.0146,2.6616,-0.0146,0.100188,0.994969,0
24,0.4,0.0,0.0151,2.6465,-0.0151,0.104528,0.994522,0
25,0.4167,0.0,0.0164,2.6301,-0.0164,0.108867,0.994056,0
26,0.4333,0.0,0.017,2.6131,-0.017,0.113203,0.993572,0
27,0.45,0.0,0.0113,2.6018,-0.0113,0.117537,0.993068,0
28,0.4667,0.0,0.0153,2.5865,-0.0153,0.121869,0.992546,0
29,0.4833,0.0,0.0139,2.5726,-0.0139,0.126199,0.992005,0
30,0.5,0.0,0.0162,2.5564,-0.0162,0.130526,0.991445,0
31,0.5167,0.0,0.0162,2.5402,-0.0162,0.134851,0.990866,0
32,0.5333,0.0,0.0144,2.5258,-0.0144,0.139173,0.990268,0
33,0.55,0.0,0.0127,2.5131,-0.0127,0.143493,0.989651,0
34,0.5667,0.0,0.0152,2.4979,-0.0152,0.147809,0.989016,0
35,0.5833,0.0,0.0126,2.4853,-0.0126,0.152123,0.988362,0
36,0.6,0.0,0.0137,2.4716,-0.0137,0.156434,0.987688,0
37,0.6167,0.0,0.0121,2.4595,-0.0121,0.160743,0.986996,0
38,0.6333,0.0,0.0119,2.4476,-0.0119,0.165048,0.986286,0
39,0.65,0.0,0.0149,2.4327,-0.0149,0.16935,0.985556,0
40,0.6667,0.0,0.0146,2.4181,-0.0146,0.173648,0.984808,0
41,0.6833,0.0,0.0127,2.4054,-0.0127,0.177944,0.984041,0
42,0.7,0.0,0.0137,2.3917,-0.0137,0.182236,0.983255,0
43,0.7167,0.0,0.017,2.3747,-0.017,0.186524,0.98245,0
44,0.7333,0.0,0.0129,2.3618,-0.0129,0.190809,0.981627,0
45,0.75,0.0,0.0147,2.3471,-0.0147,0.19509,0.980785,0
46,0.7667,0.0,0.0147,2.3324,-0.0147,0.199368,0.979925,0
47,0.7833,0.0,0.0158,2.3166,-0.0158,0.203642,0.979045,0
48,0.8,0.0,0.0146,2.302,-0.0146,0.207912,0.978148,0
49,0.8167,0.0,0.0151,2.2869,-0.0151,0.212178,0.977231,0
50,0.8333,0.0,0.0173,2.2696,-0.0173,0.21644,0.976296,0
51,0.85,0.0,0.017,2.2526,-0.017,0.220697,0.975342,0
52,0.8667,0.0,0.014,2.2386,-0.014,0.224951,0.97437,0
53,0.8833,0.0,0.0164,2.2222,-0.0164,0.2292,0.973379,0
54,0.9,0.0,0.0151,2.2071,-0.0151,0.233445,0.97237,0
55,0.9167,0.0,0.0152,2.1919,-0.0152,0.237686,0.971342,0
56,0.9333,0.0,0.0149,2.177,-0.0149,0.241922,0.970296,0
57,0.95,0.0,0.0109,2.1661,-0.0109,0.246153,0.969231,0
58,0.9667,0.0,0.0165,2.1496,-0.0165,0.25038,0.968148,0
59,0.9833,0.0,0.0143,2.1353,-0.0143,0.254602,0.967046,0
60,1.0,0.0,0.0174,2.1179,-0.0174,0.258819,0.965926,0
61,1.0167,0.0,0.0158,2.1021,-0.0158,0.263031,0.964787,0
62,1.0333,0.0,0.0155,2.0866,-0.0155,0.267238,0.96363,0
63,1.05,0.0,0.0139,2.0727,-0.0139,0.27144,0.962455,0
64,1.0667,0.0,0.0114,2.0613,-0.0114,0.275637,0.961262,0
65,1.0833,0.0,0.0121,2.0492,-0.0121,0.279829,0.96005,0
66,1.1,0.0,0.0159,2.0333,-0.0159,0.284015,0.95882,0
67,1.1167,0.0,0.0141,2.0192,-0.0141,0.288196,0.957571,0
68,1.1333,0.0,0.0149,2.0043,-0.0149,0.292372,0.956305,0
69,1.15,0.0,0.0118,1.9925,-0.0118,0.296542,0.95502,0
70,1.1667,0.0,0.0156,1.9769,-0.0156,0.300706,0.953717,0
71,1.1833,0.0,0.0141,1.9628,-0.0141,0.304864,0.952396,0
72,1.2,0.0,0.014,1.9488,-0.014,0.309017,0.951057,0
73,1.2167,0.0,0.0155,1.9333,-0.0155,0.313164,0.949699,0
74,1.2333,0.0,0.0069,1.9264,-0.0069,0.317305,0.948324,0
75,1.25,0.0,0.0168,1.9096,-0.0168,0.321439,0.94693,0
76,1.2667,0.0,0.0131,1.8965,-0.0131,0.325568,0.945519,0
77,1.2833,0.0,0.0134,1.8831,-0.0134,0.329691,0.944089,0
78,1.3,0.0,0.0179,1.8652,-0.0179,0.333807,0.942641,0
79,1.3167,0.0,0.0169,1.8483,-0.0169,0.337917,0.941176,0
80,1.3333,0.0,0.0165,1.8318,-0.0165,0.34202,0.939693,0
81,1.35,0.0,0.0175,1.8143,-0.0175,0.346117,0.938191,0
82,1.3667,0.0,0.0145,1.7998,-0.0145,0.350207,0.936672,0
83,1.3833,0.0,0.0124,1.7874,-0.0124,0.354291,0.935135,0
84,1.4,0.0,0.0169,1.7705,-0.0169,0.358368,0.93358,0
85,1.4167,0.0,0.0127,1.7578,-0.0127,0.362438,0.932008,0
86,1.4333,0.0,0.0154,1.7424,-0.0154,0.366501,0.930418,0
87,1.45,0.0,0.0121,1.7303,-0.0121,0.370557,0.92881,0
88,1.4667,0.0,0.0108,1.7195,-0.0108,0.374607,0.927184,0
89,1.4833,0.0,0.0177,1.7018,-0.0177,0.378649,0.925541,0
90,1.5,0.0,0.0123,1.6895,-0.0123,0.382683,0.92388,0
91,1.5167,0.0,0.0154,1.6741,-0.0154,0.386711,0.922201,0
92,1.5333,0.0,0.0159,1.6582,-0.0159,0.390731,0.920505,0
93,1.55,0.0,0.0137,1.6445,-0.0137,0.394744,0.918791,0
94,1.5667,0.0,0.0168,1.6277,-0.0168,0.398749,0.91706,0
95,1.5833,0.0,0.0171,1.6106,-0.0171,0.402747,0.915311,0
96,1.6,0.0,0.0169,1.5937,-0.0169,0.406737,0.913545,0
97,1.6167,0.0,0.0153,1.5784,-0.0153,0.410719,0.911762,0
98,1.6333,0.0,0.0138,1.5646,-0.0138,0.414693,0.909961,0
99,1.65,0.0,0.0118,1.5528,-0.0118,0.41866,0.908143,0
100,1.6667,0.0,0.0162,1.5366,-0.0162,0.422618,0.906308,0
101,1.6833,0.0,0.0135,1.5231,-0.0135,0.426569,0.904455,0
102,1.7,0.0,0.0108,1.5123,-0.0108,0.430511,0.902585,0
103,1.7167,0.0,0.0155,1.4968,-0.0155,0.434445,0.900698,0
104,1.7333,0.0,0.0157,1.4811,-0.0157,0.438371,0.898794,0
105,1.75,0.0,0.0155,1.4656,-0.0155,0.442289,0.896873,0
106,1.7667,0.0,0.0146,1.451,-0.0146,0.446198,0.894934,0
107,1.7833,0.0,0.0141,1.4369,-0.0141,0.450098,0.892979,0
108,1.8,0.0,0.0174,1.4195,-0.0174,0.45399,0.891007,0
109,1.8167,0.0,0.0153,1.4042,-0.0153,0.457874,0.889017,0
110,1.8333,0.0,0.015,1.3892,-0.015,0.461749,0.887011,0
111,1.85,0.0,0.0138,1.3754,-0.0138,0.465615,0.884988,0
112,1.8667,0.0,0.0145,1.3609,-0.0145,0.469472,0.882948,0
113,1.8833,0.0,0.0135,1.3474,-0.0135,0.47332,0.880891,0
114,1.9,0.0,0.0171,1.3303,-0.0171,0.477159,0.878817,0
115,1.9167,0.0,0.0144,1.3159,-0.0144,0.480989,0.876727,0
116,1.9333,0.0,0.0164,1.2995,-0.0164,0.48481,0.87462,0
117,1.95,0.0,0.0121,1.2874,-0.0121,0.488621,0.872496,0
118,1.9667,0.0,0.0143,1.2731,-0.0143,0.492424,0.870356,0
119,1.9833,0.0,0.0121,1.261,-0.0121,0.496217,0.868199,0
120,2.0,0.0,0.0135,1.2475,-0.0135,0.5,0.866025,0
121,2.0167,0.0,0.0178,1.2297,-0.0178,0.503774,0.863836,0
122,2.0333,0.0,0.0155,1.2142,-0.0155,0.507538,0.861629,0
123,2.05,0.0,0.014,1.2002,-0.014,0.511293,0.859406,0
124,2.0667,0.0,0.013,1.1872,-0.013,0.515038,0.857167,0
125,2.0833,0.0,0.0152,1.172,-0.0152,0.518773,0.854912,0
126,2.1,0.0,0.0155,1.1565,-0.0155,0.522499,0.85264,0
127,2.1167,0.0,0.0144,1.1421,-0.0144,0.526214,0.850352,0
128,2.1333,0.0,0.0176,1.1245,-0.0176,0.529919,0.848048,0
129,2.15,0.0,0.0151,1.1094,-0.0151,0.533615,0.845728,0
130,2.1667,0.0,0.0181,1.0913,-0.0181,0.5373,0.843391,0
131,2.1833,0.0,0.0166,1.0747,-0.0166,0.540974,0.841039,0
132,2.2,0.0,0.0133,1.0614,-0.0133,0.544639,0.838671,0
133,2.2167,0.0,0.0166,1.0448,-0.0166,0.548293,0.836286,0
134,2.2333,0.0,0.0121,1.0327,-0.0121,0.551937,0.833886,0
135,2.25,0.0,0.013,1.0197,-0.013,0.55557,0.83147,0
136,2.2667,0.0,0.0141,1.0056,-0.0141,0.559193,0.829038,0
137,2.2833,0.0,0.0148,0.9908,-0.0148,0.562805,0.82659,0
138,2.3,0.0,0.0124,0.9784,-0.0124,0.566406,0.824126,0
139,2.3167,0.0,0.0141,0.9643,-0.0141,0.569997,0.821647,0
140,2.3333,0.0,0.0161,0.9482,-0.0161,0.573576,0.819152,0
141,2.35,0.0,0.0118,0.9364,-0.0118,0.577145,0.816642,0
142,2.3667,0.0,0.0143,0.9221,-0.0143,0.580703,0.814116,0
143,2.3833,0.0,0.0153,0.9068,-0.0153,0.58425,0.811574,0
144,2.4,0.0,0.0112,0.8956,-0.0112,0.587785,0.809017,0
145,2.4167,0.0,0.015,0.8806,-0.015,0.59131,0.806445,0
146,2.4333,0.0,0.0133,0.8673,-0.0133,0.594823,0.803857,0
147,2.45,0.0,0.0157,0.8516,-0.0157,0.598325,0.801254,0
148,2.4667,0.0,0.0143,0.8373,-0.0143,0.601815,0.798636,0
149,2.4833,0.0,0.0101,0.8272,-0.0101,0.605294,0.796002,0
150,2.5,0.0,0.0121,0.8151,-0.0121,0.608761,0.793353,0
151,2.5167,0.0,0.0128,0.8023,-0.0128,0.612217,0.79069,0
152,2.5333,0.0,0.0166,0.7857,-0.0166,0.615661,0.788011,0
153,2.55,0.0,0.0161,0.7696,-0.0161,0.619094,0.785317,0
154,2.5667,0.0,0.0139,0.7557,-0.0139,0.622515,0.782608,0
155,2.5833,0.0,0.0132,0.7425,-0.0132,0.625923,0.779884,0
156,2.6,0.0,0.0147,0.7278,-0.0147,0.62932,0.777146,0
157,2.6167,0.0,0.0148,0.713,-0.0148,0.632705,0.774393,0
158,2.6333,0.0,0.0135,0.6995,-0.0135,0.636078,0.771625,0
159,2.65,0.0,0.0169,0.6826,-0.0169,0.639439,0.768842,0
160,2.6667,0.0,0.0157,0.6669,-0.0157,0.642788,0.766044,0
161,2.6833,0.0,0.0197,0.6472,-0.0197,0.646124,0.763232,0
162,2.7,0.0,0.0168,0.6304,-0.0168,0.649448,0.760406,0
163,2.7167,0.0,0.0126,0.6178,-0.0126,0.65276,0.757565,0
164,2.7333,0.0,0.0163,0.6015,-0.0163,0.656059,0.75471,0
165,2.75,0.0,0.0139,0.5876,-0.0139,0.659346,0.75184,0
166,2.7667,0.0,0.0162,0.5714,-0.0162,0.66262,0.748956,0
167,2.7833,0.0,0.0173,0.5541,-0.0173,0.665882,0.746057,0
168,2.8,0.0,0.016,0.5381,-0.016,0.669131,0.743145,0
169,2.8167,0.0,0.0137,0.5244,-0.0137,0.672367,0.740218,0
170,2.8333,0.0,0.0173,0.5071,-0.0173,0.67559,0.737277,0
171,2.85,0.0,0.0147,0.4924,-0.0147,0.678801,0.734323,0
172,2.8667,0.0,0.0157,0.4767,-0.0157,0.681998,0.731354,0
173,2.8833,0.0,0.0131,0.4636,-0.0131,0.685183,0.728371,0
174,2.9,0.0,0.0157,0.4479,-0.0157,0.688355,0.725374,0
175,2.9167,0.0,0.0142,0.4337,-0.0142,0.691513,0.722364,0
176,2.9333,0.0,0.0146,0.4191,-0.0146,0.694658,0.71934,0
177,2.95,0.0,0.0149,0.4042,-0.0149,0.69779,0.716302,0
178,2.9667,0.0,0.0161,0.3881,-0.0161,0.700909,0.71325,0
179,2.9833,0.0,0.0128,0.3753,-0.0128,0.704015,0.710185,0
180,3.0,0.0,0.0114,0.3639,-0.0114,0.707107,0.707107,0
181,3.0167,0.0,0.0165,0.3474,-0.0165,0.710185,0.704015,0
182,3.0333,0.0,0.0136,0.3338,-0.0136,0.71325,0.700909,0
183,3.05,0.0,0.0158,0.318,-0.0158,0.716302,0.69779,0
184,3.0667,0.0,0.0109,0.3071,-0.0109,0.71934,0.694658,0
185,3.0833,0.0,0.0123,0.2948,-0.0123,0.722364,0.691513,0
186,3.1,0.0,0.014,0.2808,-0.014,0.725374,0.688355,0
187,3.1167,0.0,0.0161,0.2647,-0.0161,0.728371,0.685183,0
188,3.1333,0.0,0.0148,0.2499,-0.0148,0.731354,0.681998,0
189,3.15,0.0,0.0166,0.2333,-0.0166,0.734323,0.678801,0
190,3.1667,0.0,0.0178,0.2155,-0.0178,0.737277,0.67559,0
191,3.1833,0.0,0.0154,0.2001,-0.0154,0.740218,0.672367,0
192,3.2,0.0,0.0123,0.1878,-0.0123,0.743145,0.669131,0
193,3.2167,0.0,0.0157,0.1721,-0.0157,0.746057,0.665882,0
194,3.2333,0.0,0.0138,0.1583,-0.0138,0.748956,0.66262,0
195,3.25,0.0,0.0158,0.1425,-0.0158,0.75184,0.659346,0
196,3.2667,0.0,0.0153,0.1272,-0.0153,0.75471,0.656059,0
197,3.2833,0.0,0.0148,0.1124,-0.0148,0.757565,0.65276,0
198,3.3,0.0,0.0113,0.1011,-0.0113,0.760406,0.649448,0
199,3.3167,0.0,0.019,0.0821,-0.019,0.763232,0.646124,0
200,3.3333,0.0,0.0169,0.0652,-0.0169,0.766044,0.642788,0
201,3.35,0.0,0.0149,0.0503,-0.0149,0.768842,0.639439,0
202,3.3667,0.0,0.0144,0.0359,-0.0144,0.771625,0.636078,0
203,3.3833,0.0,0.0138,0.0221,-0.0138,0.774393,0.632705,0
204,3.4,0.0,0.0138,0.0083,-0.0138,0.777146,0.62932,0
205,3.4167,0.0,0.0143,0.0,-0.0143,0.779884,0.625923,1
206,3.4333,0.0,0.0135,0.0,-0.0135,0.782608,0.622515,1
207,3.45,0.0,0.0127,0.0,-0.0127,0.785317,0.619094,1
208,3.4667,0.0,0.0181,0.0,-0.0181,0.788011,0.615661,1
209,3.4833,0.0,0.0109,0.0,-0.0109,0.79069,0.612217,1
210,3.5,0.0,0.0105,0.0,-0.0105,0.793353,0.608761,1
211,3.5167,0.0,0.0138,0.0,-0.0138,0.796002,0.605294,1
212,3.5333,0.0,0.0122,0.0,-0.0122,0.798636,0.601815,1
213,3.55,0.0,0.0156,0.0,-0.0156,0.801254,0.598325,1
214,3.5667,0.0,0.0138,0.0,-0.0138,0.803857,0.594823,1
215,3.5833,0.0,0.0138,0.0,-0.0138,0.806445,0.59131,1
216,3.6,0.0,0.0128,0.0,-0.0128,0.809017,0.587785,1
217,3.6167,0.0,0.0135,0.0,-0.0135,0.811574,0.58425,1
218,3.6333,0.0,0.0143,0.0,-0.0143,0.814116,0.580703,1
219,3.65,0.0,0.0163,0.0,-0.0163,0.816642,0.577145,1
220,3.6667,0.0,0.0129,0.0,-0.0129,0.819152,0.573576,1
221,3.6833,0.0,0.0116,0.0,-0.0116,0.821647,0.569997,1
222,3.7,0.0,0.0151,0.0,-0.0151,0.824126,0.566406,1
223,3.7167,0.0,0.0169,0.0,-0.0169,0.82659,0.562805,1
224,3.7333,0.0,0.01,0.0,-0.01,0.829038,0.559193,1
225,3.75,0.0,0.0141,0.0,-0.0141,0.83147,0.55557,1
226,3.7667,0.0,0.0123,0.0,-0.0123,0.833886,0.551937,1
227,3.7833,0.0,0.0128,0.0,-0.0128,0.836286,0.548293,1
228,3.8,0.0,0.0158,0.0,-0.0158,0.838671,0.544639,1
229,3.8167,0.0,0.0134,0.0,-0.0134,0.841039,0.540974,1
230,3.8333,0.0,0.013,0.0,-0.013,0.843391,0.5373,1
231,3.85,0.0,0.0144,0.0,-0.0144,0.845728,0.533615,1
232,3.8667,0.0,0.014,0.0,-0.014,0.848048,0.529919,1
233,3.8833,0.0,0.0128,0.0,-0.0128,0.850352,0.526214,1
234,3.9,0.0,0.0117,0.0,-0.0117,0.85264,0.522499,1
235,3.9167,0.0,0.011,0.0,-0.011,0.854912,0.518773,1
236,3.9333,0.0,0.0107,0.0,-0.0107,0.857167,0.515038,1
237,3.95,0.0,0.0129,0.0,-0.0129,0.859406,0.511293,1
238,3.9667,0.0,0.0173,0.0,-0.0173,0.861629,0.507538,1
239,3.9833,0.0,0.0132,0.0,-0.0132,0.863836,0.503774,1
240,4.0,0.0,0.0171,0.0,-0.0171,0.866025,0.5,1
241,4.0167,0.0,0.0148,0.0,-0.0148,0.868199,0.496217,1
242,4.0333,0.0,0.0131,0.0,-0.0131,0.870356,0.492424,1
243,4.05,0.0,0.0171,0.0,-0.0171,0.872496,0.488621,1
244,4.0667,0.0,0.0164,0.0,-0.0164,0.87462,0.48481,1
245,4.0833,0.0,0.0126,0.0,-0.0126,0.876727,0.480989,1
246,4.1,0.0,0.0145,0.0,-0.0145,0.878817,0.477159,1
247,4.1167,0.0,0.0142,0.0,-0.0142,0.880891,0.47332,1
248,4.1333,0.0,0.0137,0.0,-0.0137,0.882948,0.469472,1
249,4.15,0.0,0.0166,0.0,-0.0166,0.884988,0.465615,1
250,4.1667,0.0,0.0078,0.0,-0.0078,0.887011,0.461749,1
251,4.1833,0.0,0.0123,0.0,-0.0123,0.889017,0.457874,1
252,4.2,0.0,0.0141,0.0,-0.0141,0.891007,0.45399,1
253,4.2167,0.0,0.0129,0.0,-0.0129,0.892979,0.450098,1
254,4.2333,0.0,0.0159,0.0,-0.0159,0.894934,0.446198,1
255,4.25,0.0,0.0181,0.0,-0.0181,0.896873,0.442289,1
256,4.2667,0.0,0.0143,0.0,-0.0143,0.898794,0.438371,1
257,4.2833,0.0,0.013,0.0,-0.013,0.900698,0.434445,1
258,4.3,0.0,0.0147,0.0,-0.0147,0.902585,0.430511,1
259,4.3167,0.0,0.0161,0.0,-0.0161,0.904455,0.426569,1
260,4.3333,0.0,0.0139,0.0,-0.0139,0.906308,0.422618,1
261,4.35,0.0,0.0143,0.0,-0.0143,0.908143,0.41866,1
262,4.3667,0.0,0.0125,0.0,-0.0125,0.909961,0.414693,1
263,4.3833,0.0,0.0134,0.0,-0.0134,0.911762,0.410719,1
264,4.4,0.0,0.0143,0.0,-0.0143,0.913545,0.406737,1
265,4.4167,0.0,0.012,0.0,-0.012,0.915311,0.402747,1
266,4.4333,0.0,0.0157,0.0,-0.0157,0.91706,0.398749,1
267,4.45,0.0,0.0136,0.0,-0.0136,0.918791,0.394744,1
268,4.4667,0.0,0.0126,0.0,-0.0126,0.920505,0.390731,1
269,4.4833,0.0,0.0134,0.0,-0.0134,0.922201,0.386711,1
270,4.5,0.0,0.0145,0.0,-0.0145,0.92388,0.382683,1
271,4.5167,0.0,0.0127,0.0,-0.0127,0.925541,0.378649,1
272,4.5333,0.0,0.0159,0.0,-0.0159,0.927184,0.374607,1
273,4.55,0.0,0.0106,0.0,-0.0106,0.92881,0.370557,1
274,4.5667,0.0,0.0169,0.0,-0.0169,0.930418,0.366501,1
275,4.5833,0.0,0.0144,0.0,-0.0144,0.932008,0.362438,1
276,4.6,0.0,0.0142,0.0,-0.0142,0.93358,0.358368,1
277,4.6167,0.0,0.0117,0.0,-0.0117,0.935135,0.354291,1
278,4.6333,0.0,0.0126,0.0,-0.0126,0.936672,0.350207,1
279,4.65,0.0,0.0184,0.0,-0.0184,0.938191,0.346117,1
280,4.6667,0.0,0.0149,0.0,-0.0149,0.939693,0.34202,1
281,4.6833,0.0,0.0125,0.0,-0.0125,0.941176,0.337917,1
282,4.7,0.0,0.0123,0.0,-0.0123,0.942641,0.333807,1
283,4.7167,0.0,0.0167,0.0,-0.0167,0.944089,0.329691,1
284,4.7333,0.0,0.0135,0.0,-0.0135,0.945519,0.325568,1
285,4.75,0.0,0.014,0.0,-0.014,0.94693,0.321439,1
286,4.7667,0.0,0.0129,0.0,-0.0129,0.948324,0.317305,1
287,4.7833,0.0,0.0156,0.0,-0.0156,0.949699,0.313164,1
288,4.8,0.0,0.0156,0.0,-0.0156,0.951057,0.309017,1
289,4.8167,0.0,0.0123,0.0,-0.0123,0.952396,0.304864,1
290,4.8333,0.0,0.016,0.0,-0.016,0.953717,0.300706,1
291,4.85,0.0,0.0169,0.0,-0.0169,0.95502,0.296542,1
292,4.8667,0.0,0.0194,0.0,-0.0194,0.956305,0.292372,1
293,4.8833,0.0,0.013,0.0,-0.013,0.957571,0.288196,1
294,4.9,0.0,0.0105,0.0,-0.0105,0.95882,0.284015,1
295,4.9167,0.0,0.0122,0.0,-0.0122,0.96005,0.279829,1
296,4.9333,0.0,0.0154,0.0,-0.0154,0.961262,0.275637,1
297,4.95,0.0,0.0139,0.0,-0.0139,0.962455,0.27144,1
298,4.9667,0.0,0.0142,0.0,-0.0142,0.96363,0.267238,1
299,4.9833,0.0,0.0177,0.0,-0.0177,0.964787,0.263031,1
300,5.0,0.0,0.0167,0.0,-0.0167,0.965926,0.258819,1
301,5.0167,0.0,0.0117,0.0,-0.0117,0.967046,0.254602,1
302,5.0333,0.0,0.0139,0.0,-0.0139,0.968148,0.25038,1
303,5.05,0.0,0.009,0.0,-0.009,0.969231,0.246153,1
304,5.0667,0.0,0.0152,0.0,-0.0152,0.970296,0.241922,1
305,5.0833,0.0,0.0179,0.0,-0.0179,0.971342,0.237686,1
306,5.1,0.0,0.0129,0.0,-0.0129,0.97237,0.233445,1
307,5.1167,0.0,0.011,0.0,-0.011,0.973379,0.2292,1
308,5.1333,0.0,0.0127,0.0,-0.0127,0.97437,0.224951,1
309,5.15,0.0,0.0164,0.0,-0.0164,0.975342,0.220697,1
310,5.1667,0.0,0.0148,0.0,-0.0148,0.976296,0.21644,1
311,5.1833,0.0,0.0128,0.0,-0.0128,0.977231,0.212178,1
312,5.2,0.0,0.0152,0.0,-0.0152,0.978148,0.207912,1
313,5.2167,0.0,0.013,0.0,-0.013,0.979045,0.203642,1
314,5.2333,0.0,0.0127,0.0,-0.0127,0.979925,0.199368,1
315,5.25,0.0,0.0149,0.0,-0.0149,0.980785,0.19509,1
316,5.2667,0.0,0.0155,0.0,-0.0155,0.981627,0.190809,1
317,5.2833,0.0,0.0151,0.0,-0.0151,0.98245,0.186524,1
318,5.3,0.0,0.0134,0.0,-0.0134,0.983255,0.182236,1
319,5.3167,0.0,0.0166,0.0,-0.0166,0.984041,0.177944,1
320,5.3333,0.0,0.0135,0.0,-0.0135,0.984808,0.173648,1
321,5.35,0.0,0.0133,0.0,-0.0133,0.985556,0.16935,1
322,5.3667,0.0,0.0151,0.0,-0.0151,0.986286,0.165048,1
323,5.3833,0.0,0.0138,0.0,-0.0138,0.986996,0.160743,1
324,5.4,0.0,0.013,0.0,-0.013,0.987688,0.156434,1
325,5.4167,0.0,0.0163,0.0,-0.0163,0.988362,0.152123,1
326,5.4333,0.0,0.0137,0.0,-0.0137,0.989016,0.147809,1
327,5.45,0.0,0.0152,0.0,-0.0152,0.989651,0.143493,1
328,5.4667,0.0,0.0148,0.0,-0.0148,0.990268,0.139173,1
329,5.4833,0.0,0.0143,0.0,-0.0143,0.990866,0.134851,1
330,5.5,0.0,0.0138,0.0,-0.0138,0.991445,0.130526,1
331,5.5167,0.0,0.0127,0.0,-0.0127,0.992005,0.126199,1
332,5.5333,0.0,0.0135,0.0,-0.0135,0.992546,0.121869,1
333,5.55,0.0,0.0147,0.0,-0.0147,0.993068,0.117537,1
334,5.5667,0.0,0.0176,0.0,-0.0176,0.993572,0.113203,1
335,5.5833,0.0,0.013,0.0,-0.013,0.994056,0.108867,1
336,5.6,0.0,0.0135,0.0,-0.0135,0.994522,0.104528,1
337,5.6167,0.0,0.015,0.0,-0.015,0.994969,0.100188,1
338,5.6333,0.0,0.0134,0.0,-0.0134,0.995396,0.095846,1
339,5.65,0.0,0.0167,0.0,-0.0167,0.995805,0.091502,1
340,5.6667,0.0,0.0145,0.0,-0.0145,0.996195,0.087156,1
341,5.6833,0.0,0.0151,0.0,-0.0151,0.996566,0.082808,1
342,5.7,0.0,0.0172,0.0,-0.0172,0.996917,0.078459,1
343,5.7167,0.0,0.0147,0.0,-0.0147,0.99725,0.074108,1
344,5.7333,0.0,0.0146,0.0,-0.0146,0.997564,0.069756,1
345,5.75,0.0,0.0104,0.0,-0.0104,0.997859,0.065403,1
346,5.7667,0.0,0.0166,0.0,-0.0166,0.998135,0.061049,1
347,5.7833,0.0,0.0126,0.0,-0.0126,0.998392,0.056693,1
348,5.8,0.0,0.017,0.0,-0.017,0.99863,0.052336,1
349,5.8167,0.0,0.0133,0.0,-0.0133,0.998848,0.047978,1
350,5.8333,0.0,0.0134,0.0,-0.0134,0.999048,0.043619,1
351,5.85,0.0,0.0133,0.0,-0.0133,0.999229,0.03926,1
352,5.8667,0.0,0.0149,0.0,-0.0149,0.999391,0.034899,1
353,5.8833,0.0,0.0162,0.0,-0.0162,0.999534,0.030539,1
354,5.9,0.0,0.0175,0.0,-0.0175,0.999657,0.026177,1
355,5.9167,0.0,0.0144,0.0,-0.0144,0.999762,0.021815,1
356,5.9333,0.0,0.0142,0.0,-0.0142,0.999848,0.017452,1
357,5.95,0.0,0.0152,0.0,-0.0152,0.999914,0.01309,1
358,5.9667,0.0,0.0145,0.0,-0.0145,0.999962,0.008727,1
359,5.9833,0.0,0.0152,0.0,-0.0152,0.99999,0.004363,1
360,6.0,0.0,0.0225,0.0,-0.0225,1.0,0.0,1
361,6.0167,0.0,0.0264,0.0,-0.0264,0.99999,-0.004363,1
362,6.0333,0.001633,0.0235,0.0,-0.021867,0.999962,-0.008727,1
363,6.05,0.000233,0.0253,0.0,-0.025067,0.999914,-0.01309,1
364,6.0667,0.00415,0.0281,0.0,-0.02395,0.999848,-0.017452,1
365,6.0833,0.002333,0.0267,0.0,-0.024367,0.999762,-0.021815,1
366,6.1,0.0,0.0256,0.0,-0.0256,0.999657,-0.026177,1
367,6.1167,0.006317,0.0284,0.0,-0.022083,0.999534,-0.030539,1
368,6.1333,0.001867,0.0283,0.0,-0.026433,0.999391,-0.034899,1
369,6.15,0.0023,0.0226,0.0,-0.0203,0.999229,-0.03926,1
370,6.1667,0.005333,0.0284,0.0,-0.023067,0.999048,-0.043619,1
371,6.1833,0.00275,0.0262,0.0,-0.02345,0.998848,-0.047978,1
372,6.2,0.006133,0.0283,0.0,-0.022167,0.99863,-0.052336,1
373,6.2167,0.006833,0.0263,0.0,-0.019467,0.998392,-0.056693,1
374,6.2333,0.007017,0.0281,0.0,-0.021083,0.998135,-0.061049,1
375,6.25,0.01105,0.0231,0.0,-0.01205,0.997859,-0.065403,1
376,6.2667,0.006667,0.0276,0.0,-0.020933,0.997564,-0.069756,1
377,6.2833,0.013133,0.0277,0.0,-0.014567,0.99725,-0.074108,1
378,6.3,0.014583,0.0263,0.0,-0.011717,0.996917,-0.078459,1
379,6.3167,0.012083,0.0276,0.0,-0.015517,0.996566,-0.082808,1
380,6.3333,0.009617,0.0283,0.0,-0.018683,0.996195,-0.087156,1
381,6.35,0.010283,0.0268,0.0,-0.016517,0.995805,-0.091502,1
382,6.3667,0.012783,0.0266,0.0,-0.013817,0.995396,-0.095846,1
383,6.3833,0.014133,0.0235,0.0,-0.009367,0.994969,-0.100188,1
384,6.4,0.0131,0.0263,0.0,-0.0132,0.994522,-0.104528,1
385,6.4167,0.008567,0.0258,0.0,-0.017233,0.994056,-0.108867,1
386,6.4333,0.013667,0.0273,0.0,-0.013633,0.993572,-0.113203,1
387,6.45,0.011383,0.0278,0.0,-0.016417,0.993068,-0.117537,1
388,6.4667,0.0202,0.0263,0.0,-0.0061,0.992546,-0.121869,1
389,6.4833,0.011917,0.027,0.0,-0.015083,0.992005,-0.126199,1
390,6.5,0.015867,0.0259,0.0,-0.010033,0.991445,-0.130526,1
391,6.5167,0.0164,0.024,0.0,-0.0076,0.990866,-0.134851,1
392,6.5333,0.016867,0.0258,0.0,-0.008933,0.990268,-0.139173,1
393,6.55,0.01825,0.0268,0.0,-0.00855,0.989651,-0.143493,1
394,6.5667,0.009017,0.0299,0.0,-0.020883,0.989016,-0.147809,1
395,6.5833,0.01825,0.0253,0.0,-0.00705,0.988362,-0.152123,1
396,6.6,0.0188,0.0266,0.0,-0.0078,0.987688,-0.156434,1
397,6.6167,0.022083,0.0248,0.0,-0.002717,0.986996,-0.160743,1
398,6.6333,0.0204,0.0276,0.0,-0.0072,0.986286,-0.165048,1
399,6.65,0.02095,0.0221,0.0,-0.00115,0.985556,-0.16935,1
400,6.6667,0.019333,0.0238,0.0,-0.004467,0.984808,-0.173648,1
401,6.6833,0.02345,0.03,0.0,-0.00655,0.984041,-0.177944,1
402,6.7,0.0245,0.0284,0.0,-0.0039,0.983255,-0.182236,1
403,6.7167,0.020733,0.0259,0.0,-0.005167,0.98245,-0.186524,1
404,6.7333,0.02065,0.0237,0.0,-0.00305,0.981627,-0.190809,1
405,6.75,0.019083,0.0275,0.0,-0.008417,0.980785,-0.19509,1
406,6.7667,0.025217,0.0278,0.0,-0.002583,0.979925,-0.199368,1
407,6.7833,0.027583,0.0246,0.003,0.002983,0.979045,-0.203642,0
408,6.8,0.01915,0.0251,0.0,-0.00595,0.978148,-0.207912,1
409,6.8167,0.025483,0.0265,0.0,-0.001017,0.977231,-0.212178,1
410,6.8333,0.0203,0.0295,0.0,-0.0092,0.976296,-0.21644,1
411,6.85,0.03005,0.0278,0.0023,0.00225,0.975342,-0.220697,0
412,6.8667,0.029867,0.0237,0.0085,0.006167,0.97437,-0.224951,0
413,6.8833,0.026967,0.0288,0.0067,-0.001833,0.973379,-0.2292,0
414,6.9,0.028867,0.0215,0.0141,0.007367,0.97237,-0.233445,0
415,6.9167,0.023317,0.0277,0.0097,-0.004383,0.971342,-0.237686,0
416,6.9333,0.025083,0.0272,0.0076,-0.002117,0.970296,-0.241922,0
417,6.95,0.030367,0.0263,0.0117,0.004067,0.969231,-0.246153,0
418,6.9667,0.029217,0.0302,0.0107,-0.000983,0.968148,-0.25038,0
419,6.9833,0.0341,0.0287,0.0161,0.0054,0.967046,-0.254602,0
420,7.0,0.03175,0.0478,0.0001,-0.01605,0.965926,-0.258819,0
421,7.0167,0.032,0.0447,0.0,-0.0127,0.964787,-0.263031,1
422,7.0333,0.038867,0.0485,0.0,-0.009633,0.96363,-0.267238,1
423,7.05,0.033133,0.0483,0.0,-0.015167,0.962455,-0.27144,1
424,7.0667,0.034417,0.0488,0.0,-0.014383,0.961262,-0.275637,1
425,7.0833,0.036233,0.0523,0.0,-0.016067,0.96005,-0.279829,1
426,7.1,0.035367,0.0484,0.0,-0.013033,0.95882,-0.284015,1
427,7.1167,0.032217,0.0522,0.0,-0.019983,0.957571,-0.288196,1
428,7.1333,0.035233,0.0471,0.0,-0.011867,0.956305,-0.292372,1
429,7.15,0.0354,0.0481,0.0,-0.0127,0.95502,-0.296542,1
430,7.1667,0.03595,0.0494,0.0,-0.01345,0.953717,-0.300706,1
431,7.1833,0.038633,0.0461,0.0,-0.007467,0.952396,-0.304864,1
432,7.2,0.0387,0.0485,0.0,-0.0098,0.951057,-0.309017,1
433,7.2167,0.036283,0.0458,0.0,-0.009517,0.949699,-0.313164,1
434,7.2333,0.03585,0.0491,0.0,-0.01325,0.948324,-0.317305,1
435,7.25,0.036933,0.0491,0.0,-0.012167,0.94693,-0.321439,1
436,7.2667,0.038183,0.0473,0.0,-0.009117,0.945519,-0.325568,1
437,7.2833,0.037367,0.0486,0.0,-0.011233,0.944089,-0.329691,1
438,7.3,0.037133,0.05,0.0,-0.012867,0.942641,-0.333807,1
439,7.3167,0.039,0.0465,0.0,-0.0075,0.941176,-0.337917,1
440,7.3333,0.0411,0.0498,0.0,-0.0087,0.939693,-0.34202,1
441,7.35,0.041383,0.0472,0.0,-0.005817,0.938191,-0.346117,1
442,7.3667,0.0415,0.046,0.0,-0.0045,0.936672,-0.350207,1
443,7.3833,0.038367,0.0509,0.0,-0.012533,0.935135,-0.354291,1
444,7.4,0.044733,0.0466,0.0,-0.001867,0.93358,-0.358368,1
445,7.4167,0.036083,0.052,0.0,-0.015917,0.932008,-0.362438,1
446,7.4333,0.04345,0.0498,0.0,-0.00635,0.930418,-0.366501,1
447,7.45,0.043183,0.0495,0.0,-0.006317,0.92881,-0.370557,1
448,7.4667,0.044483,0.0463,0.0,-0.001817,0.927184,-0.374607,1
449,7.4833,0.046417,0.0454,0.001,0.001017,0.925541,-0.378649,0
450,7.5,0.047117,0.0482,0.0,-0.001083,0.92388,-0.382683,1
451,7.5167,0.043383,0.0476,0.0,-0.004217,0.922201,-0.386711,1
452,7.5333,0.044017,0.0464,0.0,-0.002383,0.920505,-0.390731,1
453,7.55,0.048133,0.0466,0.0015,0.001533,0.918791,-0.394744,0
454,7.5667,0.047033,0.0509,0.0,-0.003867,0.91706,-0.398749,1
455,7.5833,0.050767,0.0497,0.0011,0.001067,0.915311,-0.402747,0
456,7.6,0.050967,0.0501,0.002,0.000867,0.913545,-0.406737,0
457,7.6167,0.048483,0.0503,0.0002,-0.001817,0.911762,-0.410719,0
458,7.6333,0.0525,0.0497,0.003,0.0028,0.909961,-0.414693,0
459,7.65,0.056883,0.0463,0.0136,0.010583,0.908143,-0.41866,0
460,7.6667,0.052067,0.0502,0.0155,0.001867,0.906308,-0.422618,0
461,7.6833,0.047667,0.0473,0.0159,0.000367,0.904455,-0.426569,0
462,7.7,0.04835,0.0454,0.0188,0.00295,0.902585,-0.430511,0
463,7.7167,0.051483,0.0446,0.0257,0.006883,0.900698,-0.434445,0
464,7.7333,0.0493,0.0467,0.0283,0.0026,0.898794,-0.438371,0
465,7.75,0.05585,0.0492,0.035,0.00665,0.896873,-0.442289,0
466,7.7667,0.050267,0.0485,0.0368,0.001767,0.894934,-0.446198,0
467,7.7833,0.057517,0.0499,0.0444,0.007617,0.892979,-0.450098,0
468,7.8,0.054917,0.0478,0.0515,0.007117,0.891007,-0.45399,0
469,7.8167,0.0549,0.0497,0.0567,0.0052,0.889017,-0.457874,0
470,7.8333,0.057017,0.0479,0.0658,0.009117,0.887011,-0.461749,0
471,7.85,0.0524,0.0498,0.0684,0.0026,0.884988,-0.465615,0
472,7.8667,0.056733,0.0463,0.0788,0.010433,0.882948,-0.469472,0
473,7.8833,0.055883,0.0474,0.0873,0.008483,0.880891,-0.47332,0
474,7.9,0.0569,0.0523,0.0919,0.0046,0.878817,-0.477159,0
475,7.9167,0.0592,0.0495,0.1016,0.0097,0.876727,-0.480989,0
476,7.9333,0.058817,0.0512,0.1092,0.007617,0.87462,-0.48481,0
477,7.95,0.05995,0.0477,0.1215,0.01225,0.872496,-0.488621,0
478,7.9667,0.058183,0.0482,0.1315,0.009983,0.870356,-0.492424,0
479,7.9833,0.056467,0.0483,0.1397,0.008167,0.868199,-0.496217,0
480,8.0,0.054633,0.0468,0.1475,0.007833,0.866025,-0.5,0
481,8.0167,0.056117,0.0516,0.152,0.004517,0.863836,-0.503774,0
482,8.0333,0.058017,0.0482,0.1618,0.009817,0.861629,-0.507538,0
483,8.05,0.058433,0.0502,0.17,0.008233,0.859406,-0.511293,0
484,8.0667,0.060517,0.047,0.1835,0.013517,0.857167,-0.515038,0
485,8.0833,0.064617,0.0443,0.2038,0.020317,0.854912,-0.518773,0
486,8.1,0.06115,0.0493,0.2157,0.01185,0.85264,-0.522499,0
487,8.1167,0.062367,0.0452,0.2329,0.017167,0.850352,-0.526214,0
488,8.1333,0.06705,0.049,0.251,0.01805,0.848048,-0.529919,0
489,8.15,0.065467,0.0485,0.268,0.016967,0.845728,-0.533615,0
490,8.1667,0.0617,0.0472,0.2825,0.0145,0.843391,-0.5373,0
491,8.1833,0.063433,0.0477,0.2982,0.015733,0.841039,-0.540974,0
492,8.2,0.06755,0.0456,0.3202,0.02195,0.838671,-0.544639,0
493,8.2167,0.066917,0.0441,0.343,0.022817,0.836286,-0.548293,0
494,8.2333,0.062917,0.0484,0.3575,0.014517,0.833886,-0.551937,0
495,8.25,0.067333,0.0462,0.3786,0.021133,0.83147,-0.55557,0
496,8.2667,0.065567,0.047,0.3972,0.018567,0.829038,-0.559193,0
497,8.2833,0.066783,0.0474,0.4166,0.019383,0.82659,-0.562805,0
498,8.3,0.06475,0.0496,0.4318,0.01515,0.824126,-0.566406,0
499,8.3167,0.065517,0.0508,0.4465,0.014717,0.821647,-0.569997,0
500,8.3333,0.069683,0.0516,0.4646,0.018083,0.819152,-0.573576,0
501,8.35,0.067033,0.048,0.4836,0.019033,0.816642,-0.577145,0
502,8.3667,0.069333,0.0475,0.5054,0.021833,0.814116,-0.580703,0
503,8.3833,0.07395,0.0463,0.533,0.02765,0.811574,-0.58425,0
504,8.4,0.06725,0.0468,0.5535,0.02045,0.809017,-0.587785,0
505,8.4167,0.069867,0.0509,0.5725,0.018967,0.806445,-0.59131,0
506,8.4333,0.071917,0.0473,0.5971,0.024617,0.803857,-0.594823,0
507,8.45,0.0689,0.0468,0.6192,0.0221,0.801254,-0.598325,0
508,8.4667,0.075983,0.0524,0.6428,0.023583,0.798636,-0.601815,0
509,8.4833,0.075167,0.0497,0.6683,0.025467,0.796002,-0.605294,0
510,8.5,0.073317,0.0472,0.6944,0.026117,0.793353,-0.608761,0
511,8.5167,0.074083,0.0497,0.7188,0.024383,0.79069,-0.612217,0
512,8.5333,0.069067,0.0489,0.739,0.020167,0.788011,-0.615661,0
513,8.55,0.0761,0.0488,0.7663,0.0273,0.785317,-0.619094,0
514,8.5667,0.074067,0.049,0.7914,0.025067,0.782608,-0.622515,0
515,8.5833,0.07265,0.0452,0.8188,0.02745,0.779884,-0.625923,0
516,8.6,0.0735,0.0501,0.8422,0.0234,0.777146,-0.62932,0
517,8.6167,0.07445,0.0468,0.8699,0.02765,0.774393,-0.632705,0
518,8.6333,0.07495,0.0479,0.8969,0.02705,0.771625,-0.636078,0
519,8.65,0.07125,0.0476,0.9206,0.02365,0.768842,-0.639439,0
520,8.6667,0.07565,0.0464,0.9498,0.02925,0.766044,-0.642788,0
521,8.6833,0.074267,0.0456,0.9785,0.028667,0.763232,-0.646124,0
522,8.7,0.079083,0.0501,1.0075,0.028983,0.760406,-0.649448,0
523,8.7167,0.082017,0.0482,1.0413,0.033817,0.757565,-0.65276,0
524,8.7333,0.08335,0.0416,1.083,0.04175,0.75471,-0.656059,0
525,8.75,0.077517,0.0492,1.1113,0.028317,0.75184,-0.659346,0
526,8.7667,0.08045,0.0492,1.1425,0.03125,0.748956,-0.66262,0
527,8.7833,0.080733,0.0468,1.1764,0.033933,0.746057,-0.665882,0
528,8.8,0.082217,0.0463,1.2123,0.035917,0.743145,-0.669131,0
529,8.8167,0.083633,0.0465,1.2494,0.037133,0.740218,-0.672367,0
530,8.8333,0.0828,0.0504,1.2818,0.0324,0.737277,-0.67559,0
531,8.85,0.08685,0.0493,1.3194,0.03755,0.734323,-0.678801,0
532,8.8667,0.083633,0.0457,1.3573,0.037933,0.731354,-0.681998,0
533,8.8833,0.085267,0.0459,1.3967,0.039367,0.728371,-0.685183,0
534,8.9,0.08425,0.0465,1.4345,0.03775,0.725374,-0.688355,0
535,8.9167,0.0837,0.0479,1.4703,0.0358,0.722364,-0.691513,0
536,8.9333,0.081483,0.0525,1.4993,0.028983,0.71934,-0.694658,0
537,8.95,0.082367,0.0497,1.532,0.032667,0.716302,-0.69779,0
538,8.9667,0.087183,0.0451,1.5741,0.042083,0.71325,-0.700909,0
539,8.9833,0.085417,0.0487,1.6108,0.036717,0.710185,-0.704015,0
540,9.0,0.085983,0.0279,1.6689,0.058083,0.707107,-0.707107,0
541,9.0167,0.0856,0.0258,1.7287,0.0598,0.704015,-0.710185,0
542,9.0333,0.085967,0.0281,1.7866,0.057867,0.700909,-0.71325,0
543,9.05,0.086083,0.0281,1.8446,0.057983,0.69779,-0.716302,0
544,9.0667,0.085333,0.0271,1.9028,0.058233,0.694658,-0.71934,0
545,9.0833,0.086833,0.027,1.9626,0.059833,0.691513,-0.722364,0
546,9.1,0.085833,0.0287,2.0197,0.057133,0.688355,-0.725374,0
547,9.1167,0.088017,0.0271,2.0806,0.060917,0.685183,-0.728371,0
548,9.1333,0.086633,0.0216,2.1456,0.065033,0.681998,-0.731354,0
549,9.15,0.086217,0.026,2.2058,0.060217,0.678801,-0.734323,0
550,9.1667,0.086683,0.0245,2.268,0.062183,0.67559,-0.737277,0
551,9.1833,0.09165,0.0294,2.3302,0.06225,0.672367,-0.740218,0
552,9.2,0.091267,0.0238,2.3977,0.067467,0.669131,-0.743145,0
553,9.2167,0.085817,0.0274,2.4561,0.058417,0.665882,-0.746057,0
554,9.2333,0.09005,0.0237,2.5225,0.06635,0.66262,-0.748956,0
555,9.25,0.0937,0.0266,2.5896,0.0671,0.659346,-0.75184,0
556,9.2667,0.090617,0.0272,2.653,0.063417,0.656059,-0.75471,0
557,9.2833,0.0908,0.0264,2.7174,0.0644,0.65276,-0.757565,0
558,9.3,0.096717,0.0255,2.7886,0.071217,0.649448,-0.760406,0
559,9.3167,0.097183,0.0259,2.8599,0.071283,0.646124,-0.763232,0
560,9.3333,0.0902,0.0278,2.9223,0.0624,0.642788,-0.766044,0
561,9.35,0.090333,0.0233,2.9893,0.067033,0.639439,-0.768842,0
562,9.3667,0.0929,0.0266,3.0556,0.0663,0.636078,-0.771625,0
563,9.3833,0.09165,0.0241,3.1232,0.06755,0.632705,-0.774393,0
564,9.4,0.092783,0.0213,3.1947,0.071483,0.62932,-0.777146,0
565,9.4167,0.095817,0.0198,3.2707,0.076017,0.625923,-0.779884,0
566,9.4333,0.09285,0.0263,3.3373,0.06655,0.622515,-0.782608,0
567,9.45,0.094533,0.0248,3.407,0.069733,0.619094,-0.785317,0
568,9.4667,0.089967,0.0258,3.4712,0.064167,0.615661,-0.788011,0
569,9.4833,0.094533,0.0249,3.5408,0.069633,0.612217,-0.79069,0
570,9.5,0.0928,0.0265,3.6071,0.0663,0.608761,-0.793353,0
571,9.5167,0.09575,0.0283,3.6745,0.06745,0.605294,-0.796002,0
572,9.5333,0.096783,0.0277,3.7436,0.069083,0.601815,-0.798636,0
573,9.55,0.096233,0.0242,3.8156,0.072033,0.598325,-0.801254,0
574,9.5667,0.096083,0.0262,3.8855,0.069883,0.594823,-0.803857,0
575,9.5833,0.096767,0.0295,3.9528,0.067267,0.59131,-0.806445,0
576,9.6,0.094767,0.0256,4.022,0.069167,0.587785,-0.809017,0
577,9.6167,0.095933,0.0255,4.0924,0.070433,0.58425,-0.811574,0
578,9.6333,0.102383,0.0265,4.1683,0.075883,0.580703,-0.814116,0
579,9.65,0.09495,0.0256,4.2377,0.06935,0.577145,-0.816642,0
580,9.6667,0.101083,0.0257,4.3131,0.075383,0.573576,-0.819152,0
581,9.6833,0.097333,0.0264,4.384,0.070933,0.569997,-0.821647,0
582,9.7,0.0999,0.0257,4.4582,0.0742,0.566406,-0.824126,0
583,9.7167,0.099783,0.0283,4.5297,0.071483,0.562805,-0.82659,0
584,9.7333,0.099733,0.0258,4.6036,0.073933,0.559193,-0.829038,0
585,9.75,0.1037,0.0249,4.6824,0.0788,0.55557,-0.83147,0
586,9.7667,0.099433,0.0274,4.7544,0.072033,0.551937,-0.833886,0
587,9.7833,0.103867,0.0274,4.8309,0.076467,0.548293,-0.836286,0
588,9.8,0.100433,0.0287,4.9026,0.071733,0.544639,-0.838671,0
589,9.8167,0.10115,0.029,4.9747,0.07215,0.540974,-0.841039,0
590,9.8333,0.101883,0.026,5.0506,0.075883,0.5373,-0.843391,0
591,9.85,0.104317,0.0263,5.1286,0.078017,0.533615,-0.845728,0
592,9.8667,0.1055,0.0266,5.2075,0.0789,0.529919,-0.848048,0
593,9.8833,0.102967,0.0243,5.2862,0.078667,0.526214,-0.850352,0
594,9.9,0.107167,0.0244,5.369,0.082767,0.522499,-0.85264,0
595,9.9167,0.102517,0.0254,5.4461,0.077117,0.518773,-0.854912,0
596,9.9333,0.103233,0.0261,5.5232,0.077133,0.515038,-0.857167,0
597,9.95,0.10405,0.0261,5.6012,0.07795,0.511293,-0.859406,0
598,9.9667,0.100383,0.0233,5.6783,0.077083,0.507538,-0.861629,0
599,9.9833,0.101867,0.0236,5.7566,0.078267,0.503774,-0.863836,0
600,10.0,0.104517,0.0276,5.8335,0.076917,0.5,-0.866025,0
601,10.0167,0.10025,0.0289,5.9048,0.07135,0.496217,-0.868199,0
602,10.0333,0.104183,0.0245,5.9845,0.079683,0.492424,-0.870356,0
603,10.05,0.101983,0.0288,6.0577,0.073183,0.488621,-0.872496,0
604,10.0667,0.103667,0.0264,6.135,0.077267,0.48481,-0.87462,0
605,10.0833,0.102533,0.0259,6.2116,0.076633,0.480989,-0.876727,0
606,10.1,0.104683,0.0247,6.2916,0.079983,0.477159,-0.878817,0
607,10.1167,0.105867,0.0261,6.3714,0.079767,0.47332,-0.880891,0
608,10.1333,0.103367,0.0261,6.4487,0.077267,0.469472,-0.882948,0
609,10.15,0.104367,0.0285,6.5246,0.075867,0.465615,-0.884988,0
610,10.1667,0.106817,0.0288,6.6026,0.078017,0.461749,-0.887011,0
611,10.1833,0.104433,0.0253,6.6817,0.079133,0.457874,-0.889017,0
612,10.2,0.105933,0.0293,6.7583,0.076633,0.45399,-0.891007,0
613,10.2167,0.1062,0.0263,6.8382,0.0799,0.450098,-0.892979,0
614,10.2333,0.108033,0.0267,6.9195,0.081333,0.446198,-0.894934,0
615,10.25,0.11145,0.0272,7.0038,0.08425,0.442289,-0.896873,0
616,10.2667,0.1073,0.0249,7.0862,0.0824,0.438371,-0.898794,0
617,10.2833,0.10895,0.0291,7.1661,0.07985,0.434445,-0.900698,0
618,10.3,0.10545,0.0262,7.2454,0.07925,0.430511,-0.902585,0
619,10.3167,0.10835,0.0251,7.3286,0.08325,0.426569,-0.904455,0
620,10.3333,0.1097,0.0276,7.4107,0.0821,0.422618,-0.906308,0
621,10.35,0.110817,0.0267,7.4948,0.084117,0.41866,-0.908143,0
622,10.3667,0.1103,0.0267,7.5784,0.0836,0.414693,-0.909961,0
623,10.3833,0.111533,0.0249,7.665,0.086633,0.410719,-0.911762,0
624,10.4,0.109617,0.0248,7.7498,0.084817,0.406737,-0.913545,0
625,10.4167,0.110783,0.0243,7.8363,0.086483,0.402747,-0.915311,0
626,10.4333,0.109467,0.0265,7.9193,0.082967,0.398749,-0.91706,0
627,10.45,0.109667,0.0303,7.9987,0.079367,0.394744,-0.918791,0
628,10.4667,0.10765,0.0253,8.0811,0.08235,0.390731,-0.920505,0
629,10.4833,0.107167,0.0263,8.162,0.080867,0.386711,-0.922201,0
630,10.5,0.108933,0.025,8.2459,0.083933,0.382683,-0.92388,0
631,10.5167,0.11785,0.0275,8.3363,0.09035,0.378649,-0.925541,0
632,10.5333,0.115933,0.027,8.4252,0.088933,0.374607,-0.927184,0
633,10.55,0.108667,0.0269,8.507,0.081767,0.370557,-0.92881,0
634,10.5667,0.11105,0.0216,8.5965,0.08945,0.366501,-0.930418,0
635,10.5833,0.11465,0.0285,8.6827,0.08615,0.362438,-0.932008,0
636,10.6,0.115217,0.0258,8.7721,0.089417,0.358368,-0.93358,0
637,10.6167,0.114683,0.0274,8.8594,0.087283,0.354291,-0.935135,0
638,10.6333,0.1123,0.0236,8.9481,0.0887,0.350207,-0.936672,0
639,10.65,0.114983,0.0286,9.0345,0.086383,0.346117,-0.938191,0
640,10.6667,0.113083,0.0267,9.1209,0.086383,0.34202,-0.939693,0
641,10.6833,0.113433,0.0251,9.2092,0.088333,0.337917,-0.941176,0
642,10.7,0.112783,0.0265,9.2955,0.086283,0.333807,-0.942641,0
643,10.7167,0.109467,0.0215,9.3835,0.087967,0.329691,-0.944089,0
644,10.7333,0.116217,0.0278,9.4719,0.088417,0.325568,-0.945519,0
645,10.75,0.1151,0.0246,9.5624,0.0905,0.321439,-0.94693,0
646,10.7667,0.11075,0.0266,9.6465,0.08415,0.317305,-0.948324,0
647,10.7833,0.112733,0.0293,9.7299,0.083433,0.313164,-0.949699,0
648,10.8,0.1078,0.0268,9.8109,0.081,0.309017,-0.951057,0
649,10.8167,0.114033,0.0258,9.8991,0.088233,0.304864,-0.952396,0
650,10.8333,0.112667,0.0285,9.9833,0.084167,0.300706,-0.953717,0
651,10.85,0.118167,0.0286,10.0729,0.089567,0.296542,-0.95502,0
652,10.8667,0.113533,0.0308,10.1556,0.082733,0.292372,-0.956305,0
653,10.8833,0.11415,0.0279,10.2418,0.08625,0.288196,-0.957571,0
654,10.9,0.116483,0.0278,10.3305,0.088683,0.284015,-0.95882,0
655,10.9167,0.115433,0.0256,10.4203,0.089833,0.279829,-0.96005,0
656,10.9333,0.113517,0.0262,10.5076,0.087317,0.275637,-0.961262,0
657,10.95,0.112317,0.0243,10.5956,0.088017,0.27144,-0.962455,0
658,10.9667,0.11815,0.0275,10.6862,0.09065,0.267238,-0.96363,0
659,10.9833,0.1176,0.0274,10.7764,0.0902,0.263031,-0.964787,0
660,11.0,0.111333,0.1031,10.7846,0.008233,0.258819,-0.965926,0
661,11.0167,0.1149,0.1049,10.7946,0.01,0.254602,-0.967046,0
662,11.0333,0.118317,0.1057,10.8072,0.012617,0.25038,-0.968148,0
663,11.05,0.1179,0.1033,10.8218,0.0146,0.246153,-0.969231,0
664,11.0667,0.111817,0.1043,10.8293,0.007517,0.241922,-0.970296,0
665,11.0833,0.1175,0.1031,10.8437,0.0144,0.237686,-0.971342,0
666,11.1,0.115783,0.1047,10.8548,0.011083,0.233445,-0.97237,0
667,11.1167,0.114417,0.1038,10.8654,0.010617,0.2292,-0.973379,0
668,11.1333,0.122167,0.1076,10.88,0.014567,0.224951,-0.97437,0
669,11.15,0.113967,0.1038,10.8902,0.010167,0.220697,-0.975342,0
670,11.1667,0.1203,0.1043,10.9062,0.016,0.21644,-0.976296,0
671,11.1833,0.118217,0.107,10.9174,0.011217,0.212178,-0.977231,0
672,11.2,0.1171,0.104,10.9305,0.0131,0.207912,-0.978148,0
673,11.2167,0.118483,0.1085,10.9405,0.009983,0.203642,-0.979045,0
674,11.2333,0.118283,0.1065,10.9523,0.011783,0.199368,-0.979925,0
675,11.25,0.118667,0.1043,10.9667,0.014367,0.19509,-0.980785,0
676,11.2667,0.116883,0.1068,10.9768,0.010083,0.190809,-0.981627,0
677,11.2833,0.117933,0.1047,10.99,0.013233,0.186524,-0.98245,0
678,11.3,0.116767,0.1004,11.0064,0.016367,0.182236,-0.983255,0
679,11.3167,0.116333,0.1043,11.0184,0.012033,0.177944,-0.984041,0
680,11.3333,0.117617,0.1076,11.0284,0.010017,0.173648,-0.984808,0
681,11.35,0.116467,0.1055,11.0394,0.010967,0.16935,-0.985556,0
682,11.3667,0.123933,0.105,11.0583,0.018933,0.165048,-0.986286,0
683,11.3833,0.120767,0.1061,11.073,0.014667,0.160743,-0.986996,0
684,11.4,0.122933,0.1066,11.0893,0.016333,0.156434,-0.987688,0
685,11.4167,0.119883,0.1037,11.1055,0.016183,0.152123,-0.988362,0
686,11.4333,0.12015,0.1026,11.123,0.01755,0.147809,-0.989016,0
687,11.45,0.117033,0.108,11.132,0.009033,0.143493,-0.989651,0
688,11.4667,0.116,0.1065,11.1415,0.0095,0.139173,-0.990268,0
689,11.4833,0.117567,0.1063,11.1528,0.011267,0.134851,-0.990866,0
690,11.5,0.1161,0.1035,11.1654,0.0126,0.130526,-0.991445,0
691,11.5167,0.118717,0.1033,11.1808,0.015417,0.126199,-0.992005,0
692,11.5333,0.119567,0.1035,11.1969,0.016067,0.121869,-0.992546,0
693,11.55,0.116617,0.1054,11.2081,0.011217,0.117537,-0.993068,0
694,11.5667,0.1215,0.1028,11.2268,0.0187,0.113203,-0.993572,0
695,11.5833,0.11885,0.1058,11.2399,0.01305,0.108867,-0.994056,0
696,11.6,0.120517,0.1055,11.2549,0.015017,0.104528,-0.994522,0
697,11.6167,0.116633,0.0999,11.2716,0.016733,0.100188,-0.994969,0
698,11.6333,0.116433,0.1087,11.2793,0.007733,0.095846,-0.995396,0
699,11.65,0.117667,0.1063,11.2907,0.011367,0.091502,-0.995805,0
700,11.6667,0.12175,0.1056,11.3068,0.01615,0.087156,-0.996195,0
701,11.6833,0.119417,0.1057,11.3205,0.013717,0.082808,-0.996566,0
702,11.7,0.123133,0.1048,11.3388,0.018333,0.078459,-0.996917,0
703,11.7167,0.122733,0.1072,11.3543,0.015533,0.074108,-0.99725,0
704,11.7333,0.120417,0.1058,11.3689,0.014617,0.069756,-0.997564,0
705,11.75,0.121767,0.1071,11.3836,0.014667,0.065403,-0.997859,0
706,11.7667,0.1148,0.1027,11.3957,0.0121,0.061049,-0.998135,0
707,11.7833,0.11985,0.104,11.4116,0.01585,0.056693,-0.998392,0
708,11.8,0.11615,0.1015,11.4262,0.01465,0.052336,-0.99863,0
709,11.8167,0.12085,0.1072,11.4398,0.01365,0.047978,-0.998848,0
710,11.8333,0.122917,0.1024,11.4603,0.020517,0.043619,-0.999048,0
711,11.85,0.11975,0.1057,11.4743,0.01405,0.03926,-0.999229,0
712,11.8667,0.1178,0.105,11.4871,0.0128,0.034899,-0.999391,0
713,11.8833,0.119267,0.1071,11.4993,0.012167,0.030539,-0.999534,0
714,11.9,0.118783,0.1081,11.51,0.010683,0.026177,-0.999657,0
715,11.9167,0.11925,0.0286,11.6006,0.09065,0.021815,-0.999762,0
716,11.9333,0.121133,0.0264,11.6953,0.094733,0.017452,-0.999848,0
717,11.95,0.126017,0.0253,11.796,0.100717,0.01309,-0.999914,0
718,11.9667,0.114467,0.0277,11.8828,0.086767,0.008727,-0.999962,0
719,11.9833,0.117183,0.0233,11.9767,0.093883,0.004363,-0.99999,0
720,12.0,0.118883,0.0258,12.0698,0.093083,0.0,-1.0,0
721,12.0167,0.122433,0.024,12.1682,0.098433,-0.004363,-0.99999,0
722,12.0333,0.1186,0.0266,12.2602,0.092,-0.008727,-0.999962,0
723,12.05,0.12165,0.0219,12.3599,0.09975,-0.01309,-0.999914,0
724,12.0667,0.120667,0.027,12.4536,0.093667,-0.017452,-0.999848,0
725,12.0833,0.120917,0.0264,12.5481,0.094517,-0.021815,-0.999762,0
726,12.1,0.118167,0.0261,12.6402,0.092067,-0.026177,-0.999657,0
727,12.1167,0.117767,0.0285,12.7295,0.089267,-0.030539,-0.999534,0
728,12.1333,0.117483,0.0266,12.8204,0.090883,-0.034899,-0.999391,0
729,12.15,0.121233,0.0281,12.9135,0.093133,-0.03926,-0.999229,0
730,12.1667,0.120267,0.0262,13.0076,0.094067,-0.043619,-0.999048,0
731,12.1833,0.118417,0.0249,13.1011,0.093517,-0.047978,-0.998848,0
732,12.2,0.1173,0.0257,13.1927,0.0916,-0.052336,-0.99863,0
733,12.2167,0.123583,0.0303,13.286,0.093283,-0.056693,-0.998392,0
734,12.2333,0.118833,0.0269,13.3779,0.091933,-0.061049,-0.998135,0
735,12.25,0.11985,0.0263,13.4714,0.09355,-0.065403,-0.997859,0
736,12.2667,0.122567,0.0257,13.5683,0.096867,-0.069756,-0.997564,0
737,12.2833,0.1183,0.0226,13.664,0.0957,-0.074108,-0.99725,0
738,12.3,0.120367,0.027,13.7574,0.093367,-0.078459,-0.996917,0
739,12.3167,0.121667,0.0271,13.852,0.094567,-0.082808,-0.996566,0
740,12.3333,0.118733,0.0249,13.9458,0.093833,-0.087156,-0.996195,0
741,12.35,0.11785,0.0268,14.0369,0.09105,-0.091502,-0.995805,0
742,12.3667,0.116133,0.0285,14.1245,0.087633,-0.095846,-0.995396,0
743,12.3833,0.1202,0.0289,14.2158,0.0913,-0.100188,-0.994969,0
744,12.4,0.122417,0.0237,14.3145,0.098717,-0.104528,-0.994522,0
745,12.4167,0.115717,0.0243,14.4059,0.091417,-0.108867,-0.994056,0
746,12.4333,0.114833,0.0232,14.4975,0.091633,-0.113203,-0.993572,0
747,12.45,0.1201,0.0257,14.5919,0.0944,-0.117537,-0.993068,0
748,12.4667,0.1175,0.024,14.6854,0.0935,-0.121869,-0.992546,0
749,12.4833,0.11645,0.0299,14.772,0.08655,-0.126199,-0.992005,0
750,12.5,0.11855,0.0243,14.8663,0.09425,-0.130526,-0.991445,0
751,12.5167,0.121583,0.0247,14.9632,0.096883,-0.134851,-0.990866,0
752,12.5333,0.121533,0.0274,15.0,0.094133,-0.139173,-0.990268,0
753,12.55,0.117967,0.0283,15.0,0.089667,-0.143493,-0.989651,0
754,12.5667,0.118833,0.0251,15.0,0.093733,-0.147809,-0.989016,0
755,12.5833,0.117017,0.0297,15.0,0.087317,-0.152123,-0.988362,0
756,12.6,0.115633,0.0256,15.0,0.090033,-0.156434,-0.987688,0
757,12.6167,0.122083,0.0288,15.0,0.093283,-0.160743,-0.986996,0
758,12.6333,0.117733,0.0293,15.0,0.088433,-0.165048,-0.986286,0
759,12.65,0.1146,0.0255,15.0,0.0891,-0.16935,-0.985556,0
760,12.6667,0.119067,0.0242,15.0,0.094867,-0.173648,-0.984808,0
761,12.6833,0.11655,0.0285,15.0,0.08805,-0.177944,-0.984041,0
762,12.7,0.121133,0.0233,15.0,0.097833,-0.182236,-0.983255,0
763,12.7167,0.119767,0.0283,15.0,0.091467,-0.186524,-0.98245,0
764,12.7333,0.119833,0.0264,15.0,0.093433,-0.190809,-0.981627,0
765,12.75,0.115617,0.0244,15.0,0.091217,-0.19509,-0.980785,0
766,12.7667,0.11795,0.0241,15.0,0.09385,-0.199368,-0.979925,0
767,12.7833,0.115667,0.0277,15.0,0.087967,-0.203642,-0.979045,0
768,12.8,0.11485,0.0276,15.0,0.08725,-0.207912,-0.978148,0
769,12.8167,0.11745,0.0301,15.0,0.08735,-0.212178,-0.977231,0
770,12.8333,0.11755,0.0263,15.0,0.09125,-0.21644,-0.976296,0
771,12.85,0.11475,0.0276,15.0,0.08715,-0.220697,-0.975342,0
772,12.8667,0.1174,0.0257,15.0,0.0917,-0.224951,-0.97437,0
773,12.8833,0.115667,0.0286,15.0,0.087067,-0.2292,-0.973379,0
774,12.9,0.115617,0.0266,15.0,0.089017,-0.233445,-0.97237,0
775,12.9167,0.112067,0.0272,15.0,0.084867,-0.237686,-0.971342,0
776,12.9333,0.117767,0.0231,15.0,0.094667,-0.241922,-0.970296,0
777,12.95,0.1118,0.0298,15.0,0.082,-0.246153,-0.969231,0
778,12.9667,0.115433,0.0248,15.0,0.090633,-0.25038,-0.968148,0
779,12.9833,0.1151,0.0277,15.0,0.0874,-0.254602,-0.967046,0
780,13.0,0.117117,0.0273,15.0,0.089817,-0.258819,-0.965926,0
781,13.0167,0.1151,0.0286,15.0,0.0865,-0.263031,-0.964787,0
782,13.0333,0.118817,0.0269,15.0,0.091917,-0.267238,-0.96363,0
783,13.05,0.12035,0.0281,15.0,0.09225,-0.27144,-0.962455,0
784,13.0667,0.11365,0.0263,15.0,0.08735,-0.275637,-0.961262,0
785,13.0833,0.115567,0.0285,15.0,0.087067,-0.279829,-0.96005,0
786,13.1,0.1117,0.0251,15.0,0.0866,-0.284015,-0.95882,0
787,13.1167,0.114933,0.0261,15.0,0.088833,-0.288196,-0.957571,0
788,13.1333,0.1161,0.0276,15.0,0.0885,-0.292372,-0.956305,0
789,13.15,0.115933,0.0318,15.0,0.084133,-0.296542,-0.95502,0
790,13.1667,0.114417,0.0254,15.0,0.089017,-0.300706,-0.953717,0
791,13.1833,0.11425,0.0255,15.0,0.08875,-0.304864,-0.952396,0
792,13.2,0.117917,0.026,15.0,0.091917,-0.309017,-0.951057,0
793,13.2167,0.112467,0.0265,15.0,0.085967,-0.313164,-0.949699,0
794,13.2333,0.117383,0.0267,15.0,0.090683,-0.317305,-0.948324,0
795,13.25,0.116733,0.0271,15.0,0.089633,-0.321439,-0.94693,0
796,13.2667,0.11055,0.0252,15.0,0.08535,-0.325568,-0.945519,0
797,13.2833,0.113617,0.028,15.0,0.085617,-0.329691,-0.944089,0
798,13.3,0.1129,0.0274,15.0,0.0855,-0.333807,-0.942641,0
799,13.3167,0.112667,0.0307,15.0,0.081967,-0.337917,-0.941176,0
800,13.3333,0.113833,0.0307,15.0,0.083133,-0.34202,-0.939693,0
801,13.35,0.111633,0.0273,15.0,0.084333,-0.346117,-0.938191,0
802,13.3667,0.110517,0.0266,15.0,0.083917,-0.350207,-0.936672,0
803,13.3833,0.112233,0.0233,15.0,0.088933,-0.354291,-0.935135,0
804,13.4,0.114167,0.0251,15.0,0.089067,-0.358368,-0.93358,0
805,13.4167,0.111417,0.0248,15.0,0.086617,-0.362438,-0.932008,0
806,13.4333,0.116533,0.0285,15.0,0.088033,-0.366501,-0.930418,0
807,13.45,0.110433,0.0246,15.0,0.085833,-0.370557,-0.92881,0
808,13.4667,0.11155,0.026,15.0,0.08555,-0.374607,-0.927184,0
809,13.4833,0.1126,0.0265,15.0,0.0861,-0.378649,-0.925541,0
810,13.5,0.110967,0.0282,15.0,0.082767,-0.382683,-0.92388,0
811,13.5167,0.109567,0.0284,15.0,0.081167,-0.386711,-0.922201,0
812,13.5333,0.1115,0.0242,15.0,0.0873,-0.390731,-0.920505,0
813,13.55,0.11035,0.0243,15.0,0.08605,-0.394744,-0.918791,0
814,13.5667,0.10685,0.0244,15.0,0.08245,-0.398749,-0.91706,0
815,13.5833,0.106683,0.0221,15.0,0.084583,-0.402747,-0.915311,0
816,13.6,0.113217,0.0287,15.0,0.084517,-0.406737,-0.913545,0
817,13.6167,0.110367,0.0233,15.0,0.087067,-0.410719,-0.911762,0
818,13.6333,0.109933,0.0225,15.0,0.087433,-0.414693,-0.909961,0
819,13.65,0.105917,0.0777,15.0,0.028217,-0.41866,-0.908143,0
820,13.6667,0.104433,0.0799,15.0,0.024533,-0.422618,-0.906308,0
821,13.6833,0.110883,0.0772,15.0,0.033683,-0.426569,-0.904455,0
822,13.7,0.109333,0.0785,15.0,0.030833,-0.430511,-0.902585,0
823,13.7167,0.104083,0.0777,15.0,0.026383,-0.434445,-0.900698,0
824,13.7333,0.111183,0.0774,15.0,0.033783,-0.438371,-0.898794,0
825,13.75,0.107283,0.0752,15.0,0.032083,-0.442289,-0.896873,0
826,13.7667,0.105733,0.0727,15.0,0.033033,-0.446198,-0.894934,0
827,13.7833,0.1102,0.0773,15.0,0.0329,-0.450098,-0.892979,0
828,13.8,0.106167,0.0754,15.0,0.030767,-0.45399,-0.891007,0
829,13.8167,0.108217,0.0732,15.0,0.035017,-0.457874,-0.889017,0
830,13.8333,0.10755,0.0781,15.0,0.02945,-0.461749,-0.887011,0
831,13.85,0.107317,0.0742,15.0,0.033117,-0.465615,-0.884988,0
832,13.8667,0.100517,0.0754,15.0,0.025117,-0.469472,-0.882948,0
833,13.8833,0.103567,0.0737,15.0,0.029867,-0.47332,-0.880891,0
834,13.9,0.1048,0.0747,15.0,0.0301,-0.477159,-0.878817,0
835,13.9167,0.1046,0.0764,15.0,0.0282,-0.480989,-0.876727,0
836,13.9333,0.10085,0.0774,15.0,0.02345,-0.48481,-0.87462,0
837,13.95,0.103117,0.0808,15.0,0.022317,-0.488621,-0.872496,0
838,13.9667,0.10725,0.0775,15.0,0.02975,-0.492424,-0.870356,0
839,13.9833,0.101917,0.073,15.0,0.028917,-0.496217,-0.868199,0
840,14.0,0.106783,0.0767,15.0,0.030083,-0.5,-0.866025,0
841,14.0167,0.103483,0.0737,15.0,0.029783,-0.503774,-0.863836,0
842,14.0333,0.10725,0.0742,15.0,0.03305,-0.507538,-0.861629,0
843,14.05,0.106683,0.0706,15.0,0.036083,-0.511293,-0.859406,0
844,14.0667,0.104233,0.075,15.0,0.029233,-0.515038,-0.857167,0
845,14.0833,0.09945,0.0751,15.0,0.02435,-0.518773,-0.854912,0
846,14.1,0.104333,0.077,15.0,0.027333,-0.522499,-0.85264,0
847,14.1167,0.101917,0.0728,15.0,0.029117,-0.526214,-0.850352,0
848,14.1333,0.103283,0.0761,15.0,0.027183,-0.529919,-0.848048,0
849,14.15,0.099933,0.074,15.0,0.025933,-0.533615,-0.845728,0
850,14.1667,0.100317,0.0767,15.0,0.023617,-0.5373,-0.843391,0
851,14.1833,0.097867,0.0831,15.0,0.014767,-0.540974,-0.841039,0
852,14.2,0.101417,0.0779,15.0,0.023517,-0.544639,-0.838671,0
853,14.2167,0.0999,0.0747,15.0,0.0252,-0.548293,-0.836286,0
854,14.2333,0.097983,0.0711,15.0,0.026883,-0.551937,-0.833886,0
855,14.25,0.097183,0.0764,15.0,0.020783,-0.55557,-0.83147,0
856,14.2667,0.102117,0.074,15.0,0.028117,-0.559193,-0.829038,0
857,14.2833,0.095983,0.0746,15.0,0.021383,-0.562805,-0.82659,0
858,14.3,0.101,0.0776,15.0,0.0234,-0.566406,-0.824126,0
859,14.3167,0.1008,0.08,15.0,0.0208,-0.569997,-0.821647,0
860,14.3333,0.097517,0.0767,15.0,0.020817,-0.573576,-0.819152,0
861,14.35,0.098783,0.0738,15.0,0.024983,-0.577145,-0.816642,0
862,14.3667,0.09765,0.0703,15.0,0.02735,-0.580703,-0.814116,0
863,14.3833,0.097967,0.076,15.0,0.021967,-0.58425,-0.811574,0
864,14.4,0.0962,0.0767,15.0,0.0195,-0.587785,-0.809017,0
865,14.4167,0.099117,0.0748,15.0,0.024317,-0.59131,-0.806445,0
866,14.4333,0.093233,0.0767,15.0,0.016533,-0.594823,-0.803857,0
867,14.45,0.09755,0.0758,15.0,0.02175,-0.598325,-0.801254,0
868,14.4667,0.09805,0.0763,15.0,0.02175,-0.601815,-0.798636,0
869,14.4833,0.093283,0.0759,15.0,0.017383,-0.605294,-0.796002,0
870,14.5,0.095017,0.0721,15.0,0.022917,-0.608761,-0.793353,0
871,14.5167,0.097917,0.076,15.0,0.021917,-0.612217,-0.79069,0
872,14.5333,0.10065,0.0723,15.0,0.02835,-0.615661,-0.788011,0
873,14.55,0.092133,0.0754,15.0,0.016733,-0.619094,-0.785317,0
874,14.5667,0.093283,0.0746,15.0,0.018683,-0.622515,-0.782608,0
875,14.5833,0.093333,0.0737,15.0,0.019633,-0.625923,-0.779884,0
876,14.6,0.088367,0.0743,15.0,0.014067,-0.62932,-0.777146,0
877,14.6167,0.08825,0.078,15.0,0.01025,-0.632705,-0.774393,0
878,14.6333,0.094217,0.0733,15.0,0.020917,-0.636078,-0.771625,0
879,14.65,0.091283,0.0752,15.0,0.016083,-0.639439,-0.768842,0
880,14.6667,0.0951,0.0749,15.0,0.0202,-0.642788,-0.766044,0
881,14.6833,0.092817,0.0285,15.0,0.064317,-0.646124,-0.763232,0
882,14.7,0.094083,0.0273,15.0,0.066783,-0.649448,-0.760406,0
883,14.7167,0.093067,0.0243,15.0,0.068767,-0.65276,-0.757565,0
884,14.7333,0.091467,0.0237,15.0,0.067767,-0.656059,-0.75471,0
885,14.75,0.0914,0.0285,15.0,0.0629,-0.659346,-0.75184,0
886,14.7667,0.091767,0.0257,15.0,0.066067,-0.66262,-0.748956,0
887,14.7833,0.090833,0.025,15.0,0.065833,-0.665882,-0.746057,0
888,14.8,0.086233,0.0274,15.0,0.058833,-0.669131,-0.743145,0
889,14.8167,0.084783,0.026,15.0,0.058783,-0.672367,-0.740218,0
890,14.8333,0.089217,0.0269,15.0,0.062317,-0.67559,-0.737277,0
891,14.85,0.087983,0.0316,15.0,0.056383,-0.678801,-0.734323,0
892,14.8667,0.092367,0.0269,15.0,0.065467,-0.681998,-0.731354,0
893,14.8833,0.081617,0.0308,15.0,0.050817,-0.685183,-0.728371,0
894,14.9,0.0893,0.0314,15.0,0.0579,-0.688355,-0.725374,0
895,14.9167,0.087317,0.0259,15.0,0.061417,-0.691513,-0.722364,0
896,14.9333,0.084983,0.0235,15.0,0.061483,-0.694658,-0.71934,0
897,14.95,0.085367,0.0269,15.0,0.058467,-0.69779,-0.716302,0
898,14.9667,0.086283,0.0247,15.0,0.061583,-0.700909,-0.71325,0
899,14.9833,0.083667,0.0271,15.0,0.056567,-0.704015,-0.710185,0
900,15.0,0.086533,0.025,15.0,0.061533,-0.707107,-0.707107,0
901,15.0167,0.082783,0.0252,15.0,0.057583,-0.710185,-0.704015,0
902,15.0333,0.0841,0.027,15.0,0.0571,-0.71325,-0.700909,0
903,15.05,0.0832,0.0287,15.0,0.0545,-0.716302,-0.69779,0
904,15.0667,0.07805,0.0255,15.0,0.05255,-0.71934,-0.694658,0
905,15.0833,0.08145,0.0263,15.0,0.05515,-0.722364,-0.691513,0
906,15.1,0.079483,0.0251,15.0,0.054383,-0.725374,-0.688355,0
907,15.1167,0.08355,0.0294,15.0,0.05415,-0.728371,-0.685183,0
908,15.1333,0.0778,0.0243,15.0,0.0535,-0.731354,-0.681998,0
909,15.15,0.0834,0.0263,15.0,0.0571,-0.734323,-0.678801,0
910,15.1667,0.0804,0.0318,15.0,0.0486,-0.737277,-0.67559,0
911,15.1833,0.079933,0.0292,15.0,0.050733,-0.740218,-0.672367,0
912,15.2,0.08045,0.0253,15.0,0.05515,-0.743145,-0.669131,0
913,15.2167,0.07985,0.0254,15.0,0.05445,-0.746057,-0.665882,0
914,15.2333,0.076083,0.0253,15.0,0.050783,-0.748956,-0.66262,0
915,15.25,0.08065,0.0245,15.0,0.05615,-0.75184,-0.659346,0
916,15.2667,0.084133,0.0256,15.0,0.058533,-0.75471,-0.656059,0
917,15.2833,0.079733,0.0227,15.0,0.057033,-0.757565,-0.65276,0
918,15.3,0.0803,0.0242,15.0,0.0561,-0.760406,-0.649448,0
919,15.3167,0.0798,0.0251,15.0,0.0547,-0.763232,-0.646124,0
920,15.3333,0.0814,0.0242,15.0,0.0572,-0.766044,-0.642788,0
921,15.35,0.0796,0.0275,15.0,0.0521,-0.768842,-0.639439,0
922,15.3667,0.074517,0.0284,15.0,0.046117,-0.771625,-0.636078,0
923,15.3833,0.077517,0.027,15.0,0.050517,-0.774393,-0.632705,0
924,15.4,0.080133,0.0244,15.0,0.055733,-0.777146,-0.62932,0
925,15.4167,0.07675,0.0291,15.0,0.04765,-0.779884,-0.625923,0
926,15.4333,0.077767,0.0279,15.0,0.049867,-0.782608,-0.622515,0
927,15.45,0.078883,0.0283,15.0,0.050583,-0.785317,-0.619094,0
928,15.4667,0.071467,0.0299,15.0,0.041567,-0.788011,-0.615661,0
929,15.4833,0.072233,0.0239,15.0,0.048333,-0.79069,-0.612217,0
930,15.5,0.071667,0.0259,15.0,0.045767,-0.793353,-0.608761,0
931,15.5167,0.073033,0.0261,15.0,0.046933,-0.796002,-0.605294,0
932,15.5333,0.0752,0.0272,15.0,0.048,-0.798636,-0.601815,0
933,15.55,0.075067,0.0271,15.0,0.047967,-0.801254,-0.598325,0
934,15.5667,0.0705,0.0221,15.0,0.0484,-0.803857,-0.594823,0
935,15.5833,0.075767,0.0298,15.0,0.045967,-0.806445,-0.59131,0
936,15.6,0.069467,0.0311,15.0,0.038367,-0.809017,-0.587785,0
937,15.6167,0.0698,0.0256,15.0,0.0442,-0.811574,-0.58425,0
938,15.6333,0.07515,0.0255,15.0,0.04965,-0.814116,-0.580703,0
939,15.65,0.066617,0.0255,15.0,0.041117,-0.816642,-0.577145,0
940,15.6667,0.069017,0.0284,15.0,0.040617,-0.819152,-0.573576,0
941,15.6833,0.069333,0.0237,15.0,0.045633,-0.821647,-0.569997,0
942,15.7,0.071333,0.0228,15.0,0.048533,-0.824126,-0.566406,0
943,15.7167,0.06945,0.0256,15.0,0.04385,-0.82659,-0.562805,0
944,15.7333,0.0645,0.0274,15.0,0.0371,-0.829038,-0.559193,0
945,15.75,0.06635,0.027,15.0,0.03935,-0.83147,-0.55557,0
946,15.7667,0.065717,0.0288,15.0,0.036917,-0.833886,-0.551937,0
947,15.7833,0.0671,0.0233,15.0,0.0438,-0.836286,-0.548293,0
948,15.8,0.0673,0.0252,15.0,0.0421,-0.838671,-0.544639,0
949,15.8167,0.0665,0.0258,15.0,0.0407,-0.841039,-0.540974,0
950,15.8333,0.063717,0.0256,15.0,0.038117,-0.843391,-0.5373,0
951,15.85,0.065117,0.0261,15.0,0.039017,-0.845728,-0.533615,0
952,15.8667,0.0673,0.0244,15.0,0.0429,-0.848048,-0.529919,0
953,15.8833,0.064933,0.0272,15.0,0.037733,-0.850352,-0.526214,0
954,15.9,0.061433,0.0253,15.0,0.036133,-0.85264,-0.522499,0
955,15.9167,0.0632,0.0281,15.0,0.0351,-0.854912,-0.518773,0
956,15.9333,0.062083,0.0252,15.0,0.036883,-0.857167,-0.515038,0
957,15.95,0.059267,0.0294,15.0,0.029867,-0.859406,-0.511293,0
958,15.9667,0.06355,0.0286,15.0,0.03495,-0.861629,-0.507538,0
959,15.9833,0.06085,0.028,15.0,0.03285,-0.863836,-0.503774,0
960,16.0,0.05805,0.0276,15.0,0.03045,-0.866025,-0.5,0
961,16.0167,0.06085,0.0256,15.0,0.03525,-0.868199,-0.496217,0
962,16.0333,0.061233,0.0281,15.0,0.033133,-0.870356,-0.492424,0
963,16.05,0.06015,0.027,15.0,0.03315,-0.872496,-0.488621,0
964,16.0667,0.055383,0.0258,15.0,0.029583,-0.87462,-0.48481,0
965,16.0833,0.054883,0.0262,15.0,0.028683,-0.876727,-0.480989,0
966,16.1,0.053683,0.0251,15.0,0.028583,-0.878817,-0.477159,0
967,16.1167,0.056833,0.0279,15.0,0.028933,-0.880891,-0.47332,0
968,16.1333,0.0556,0.0252,15.0,0.0304,-0.882948,-0.469472,0
969,16.15,0.052567,0.0255,15.0,0.027067,-0.884988,-0.465615,0
970,16.1667,0.054033,0.0274,15.0,0.026633,-0.887011,-0.461749,0
971,16.1833,0.053517,0.0254,15.0,0.028117,-0.889017,-0.457874,0
972,16.2,0.0556,0.0261,15.0,0.0295,-0.891007,-0.45399,0
973,16.2167,0.052383,0.0262,15.0,0.026183,-0.892979,-0.450098,0
974,16.2333,0.05205,0.0268,15.0,0.02525,-0.894934,-0.446198,0
975,16.25,0.051883,0.0287,15.0,0.023183,-0.896873,-0.442289,0
976,16.2667,0.055233,0.0253,15.0,0.029933,-0.898794,-0.438371,0
977,16.2833,0.05315,0.0271,15.0,0.02605,-0.900698,-0.434445,0
978,16.3,0.056633,0.0247,15.0,0.031933,-0.902585,-0.430511,0
979,16.3167,0.046333,0.0271,15.0,0.019233,-0.904455,-0.426569,0
980,16.3333,0.05105,0.0275,15.0,0.02355,-0.906308,-0.422618,0
981,16.35,0.0483,0.0286,15.0,0.0197,-0.908143,-0.41866,0
982,16.3667,0.044317,0.0322,15.0,0.012117,-0.909961,-0.414693,0
983,16.3833,0.04335,0.0267,15.0,0.01665,-0.911762,-0.410719,0
984,16.4,0.047217,0.0276,15.0,0.019617,-0.913545,-0.406737,0
985,16.4167,0.04855,0.0246,15.0,0.02395,-0.915311,-0.402747,0
986,16.4333,0.04485,0.0239,15.0,0.02095,-0.91706,-0.398749,0
987,16.45,0.050783,0.0228,15.0,0.027983,-0.918791,-0.394744,0
988,16.4667,0.045117,0.0264,15.0,0.018717,-0.920505,-0.390731,0
989,16.4833,0.044017,0.0279,15.0,0.016117,-0.922201,-0.386711,0
990,16.5,0.044933,0.0269,15.0,0.018033,-0.92388,-0.382683,0
991,16.5167,0.043,0.0263,15.0,0.0167,-0.925541,-0.378649,0
992,16.5333,0.044333,0.024,15.0,0.020333,-0.927184,-0.374607,0
993,16.55,0.0472,0.027,15.0,0.0202,-0.92881,-0.370557,0
994,16.5667,0.046817,0.0273,15.0,0.019517,-0.930418,-0.366501,0
995,16.5833,0.046717,0.0262,15.0,0.020517,-0.932008,-0.362438,0
996,16.6,0.044217,0.0255,15.0,0.018717,-0.93358,-0.358368,0
997,16.6167,0.0451,0.0274,15.0,0.0177,-0.935135,-0.354291,0
998,16.6333,0.042033,0.0238,15.0,0.018233,-0.936672,-0.350207,0
999,16.65,0.0414,0.0276,15.0,0.0138,-0.938191,-0.346117,0
1000,16.6667,0.038167,0.0229,15.0,0.015267,-0.939693,-0.34202,0
1001,16.6833,0.043017,0.0251,15.0,0.017917,-0.941176,-0.337917,0
1002,16.7,0.041967,0.0248,15.0,0.017167,-0.942641,-0.333807,0
1003,16.7167,0.037333,0.0221,15.0,0.015233,-0.944089,-0.329691,0
1004,16.7333,0.0408,0.0264,15.0,0.0144,-0.945519,-0.325568,0
1005,16.75,0.036633,0.0253,15.0,0.011333,-0.94693,-0.321439,0
1006,16.7667,0.036967,0.0258,15.0,0.011167,-0.948324,-0.317305,0
1007,16.7833,0.03555,0.0271,15.0,0.00845,-0.949699,-0.313164,0
1008,16.8,0.036267,0.0292,15.0,0.007067,-0.951057,-0.309017,0
1009,16.8167,0.036533,0.0282,15.0,0.008333,-0.952396,-0.304864,0
1010,16.8333,0.033633,0.0283,15.0,0.005333,-0.953717,-0.300706,0
1011,16.85,0.03645,0.0314,15.0,0.00505,-0.95502,-0.296542,0
1012,16.8667,0.03685,0.0242,15.0,0.01265,-0.956305,-0.292372,0
1013,16.8833,0.036417,0.0278,15.0,0.008617,-0.957571,-0.288196,0
1014,16.9,0.031033,0.0315,14.9995,-0.000467,-0.95882,-0.284015,0
1015,16.9167,0.032633,0.0222,15.0,0.010433,-0.96005,-0.279829,0
1016,16.9333,0.03355,0.0247,15.0,0.00885,-0.961262,-0.275637,0
1017,16.95,0.030033,0.0241,15.0,0.005933,-0.962455,-0.27144,0
1018,16.9667,0.030567,0.0283,15.0,0.002267,-0.96363,-0.267238,0
1019,16.9833,0.030917,0.0262,15.0,0.004717,-0.964787,-0.263031,0
1020,17.0,0.03225,0.0257,15.0,0.00655,-0.965926,-0.258819,0
1021,17.0167,0.02915,0.0242,15.0,0.00495,-0.967046,-0.254602,0
1022,17.0333,0.0247,0.0298,14.9949,-0.0051,-0.968148,-0.25038,0
1023,17.05,0.029367,0.0288,14.9955,0.000567,-0.969231,-0.246153,0
1024,17.0667,0.030733,0.0294,14.9968,0.001333,-0.970296,-0.241922,0
1025,17.0833,0.031017,0.0255,15.0,0.005517,-0.971342,-0.237686,0
1026,17.1,0.02685,0.0302,14.9966,-0.00335,-0.97237,-0.233445,0
1027,17.1167,0.029517,0.0287,14.9974,0.000817,-0.973379,-0.2292,0
1028,17.1333,0.026183,0.027,14.9966,-0.000817,-0.97437,-0.224951,0
1029,17.15,0.028967,0.0255,15.0,0.003467,-0.975342,-0.220697,0
1030,17.1667,0.02415,0.0248,14.9993,-0.00065,-0.976296,-0.21644,0
1031,17.1833,0.028533,0.0266,15.0,0.001933,-0.977231,-0.212178,0
1032,17.2,0.02385,0.0277,14.9962,-0.00385,-0.978148,-0.207912,0
1033,17.2167,0.02565,0.026,14.9959,-0.00035,-0.979045,-0.203642,0
1034,17.2333,0.017133,0.0261,14.9869,-0.008967,-0.979925,-0.199368,0
1035,17.25,0.025,0.0238,14.9881,0.0012,-0.980785,-0.19509,0
1036,17.2667,0.0215,0.0253,14.9843,-0.0038,-0.981627,-0.190809,0
1037,17.2833,0.017967,0.0288,14.9735,-0.010833,-0.98245,-0.186524,0
1038,17.3,0.0188,0.0263,14.966,-0.0075,-0.983255,-0.182236,0
1039,17.3167,0.02,0.0268,14.9592,-0.0068,-0.984041,-0.177944,0
1040,17.3333,0.017267,0.0255,14.951,-0.008233,-0.984808,-0.173648,0
1041,17.35,0.0161,0.0243,14.9428,-0.0082,-0.985556,-0.16935,0
1042,17.3667,0.0181,0.0296,14.9313,-0.0115,-0.986286,-0.165048,0
1043,17.3833,0.021,0.0237,14.9286,-0.0027,-0.986996,-0.160743,0
1044,17.4,0.0151,0.0242,14.9195,-0.0091,-0.987688,-0.156434,0
1045,17.4167,0.0177,0.0256,14.9116,-0.0079,-0.988362,-0.152123,0
1046,17.4333,0.0189,0.03,14.9005,-0.0111,-0.989016,-0.147809,0
1047,17.45,0.0174,0.0259,14.892,-0.0085,-0.989651,-0.143493,0
1048,17.4667,0.0103,0.0228,14.8795,-0.0125,-0.990268,-0.139173,0
1049,17.4833,0.01585,0.0267,14.8687,-0.01085,-0.990866,-0.134851,0
1050,17.5,0.015117,0.0239,14.8599,-0.008783,-0.991445,-0.130526,0
1051,17.5167,0.018683,0.0222,14.8564,-0.003517,-0.992005,-0.126199,0
1052,17.5333,0.015783,0.0256,14.8466,-0.009817,-0.992546,-0.121869,0
1053,17.55,0.013067,0.0235,14.8362,-0.010433,-0.993068,-0.117537,0
1054,17.5667,0.0184,0.0273,14.8273,-0.0089,-0.993572,-0.113203,0
1055,17.5833,0.010567,0.0263,14.8116,-0.015733,-0.994056,-0.108867,0
1056,17.6,0.00935,0.0285,14.7925,-0.01915,-0.994522,-0.104528,0
1057,17.6167,0.009733,0.0282,14.774,-0.018467,-0.994969,-0.100188,0
1058,17.6333,0.013917,0.0304,14.7575,-0.016483,-0.995396,-0.095846,0
1059,17.65,0.0097,0.0282,14.739,-0.0185,-0.995805,-0.091502,0
1060,17.6667,0.0072,0.0264,14.7198,-0.0192,-0.996195,-0.087156,0
1061,17.6833,0.008967,0.0248,14.704,-0.015833,-0.996566,-0.082808,0
1062,17.7,0.009083,0.0228,14.6903,-0.013717,-0.996917,-0.078459,0
1063,17.7167,0.0085,0.0245,14.6743,-0.016,-0.99725,-0.074108,0
1064,17.7333,0.0043,0.0282,14.6504,-0.0239,-0.997564,-0.069756,0
1065,17.75,0.0066,0.0288,14.6282,-0.0222,-0.997859,-0.065403,0
1066,17.7667,0.01,0.0261,14.6121,-0.0161,-0.998135,-0.061049,0
1067,17.7833,0.007717,0.021,14.5988,-0.013283,-0.998392,-0.056693,0
1068,17.8,0.00555,0.0265,14.5778,-0.02095,-0.99863,-0.052336,0
1069,17.8167,0.004117,0.0271,14.5548,-0.022983,-0.998848,-0.047978,0
1070,17.8333,0.004767,0.0278,14.5318,-0.023033,-0.999048,-0.043619,0
1071,17.85,0.00325,0.0253,14.5098,-0.02205,-0.999229,-0.03926,0
1072,17.8667,0.005567,0.0274,14.488,-0.021833,-0.999391,-0.034899,0
1073,17.8833,0.003933,0.0283,14.4636,-0.024367,-0.999534,-0.030539,0
1074,17.9,0.0028,0.0219,14.4445,-0.0191,-0.999657,-0.026177,0
1075,17.9167,0.003533,0.0245,14.4235,-0.020967,-0.999762,-0.021815,0
1076,17.9333,0.0,0.027,14.3965,-0.027,-0.999848,-0.017452,0
1077,17.95,0.004483,0.0268,14.3742,-0.022317,-0.999914,-0.01309,0
1078,17.9667,0.0036,0.0276,14.3502,-0.024,-0.999962,-0.008727,0
1079,17.9833,0.0,0.0251,14.3251,-0.0251,-0.99999,-0.004363,0
1080,18.0,0.0,0.0585,14.2666,-0.0585,-1.0,-0.0,0
1081,18.0167,0.0,0.06,14.2066,-0.06,-0.99999,0.004363,0
1082,18.0333,0.0,0.06,14.1466,-0.06,-0.999962,0.008727,0
1083,18.05,0.0,0.0614,14.0852,-0.0614,-0.999914,0.01309,0
1084,18.0667,0.0,0.0561,14.0291,-0.0561,-0.999848,0.017452,0
1085,18.0833,0.0,0.0569,13.9722,-0.0569,-0.999762,0.021815,0
1086,18.1,0.0,0.0607,13.9115,-0.0607,-0.999657,0.026177,0
1087,18.1167,0.0,0.0594,13.8521,-0.0594,-0.999534,0.030539,0
1088,18.1333,0.0,0.0597,13.7924,-0.0597,-0.999391,0.034899,0
1089,18.15,0.0,0.0609,13.7315,-0.0609,-0.999229,0.03926,0
1090,18.1667,0.0,0.0615,13.67,-0.0615,-0.999048,0.043619,0
1091,18.1833,0.0,0.0582,13.6118,-0.0582,-0.998848,0.047978,0
1092,18.2,0.0,0.0597,13.5521,-0.0597,-0.99863,0.052336,0
1093,18.2167,0.0,0.0582,13.4939,-0.0582,-0.998392,0.056693,0
1094,18.2333,0.0,0.0619,13.432,-0.0619,-0.998135,0.061049,0
1095,18.25,0.0,0.0602,13.3718,-0.0602,-0.997859,0.065403,0
1096,18.2667,0.0,0.0635,13.3083,-0.0635,-0.997564,0.069756,0
1097,18.2833,0.0,0.0606,13.2477,-0.0606,-0.99725,0.074108,0
1098,18.3,0.0,0.0622,13.1855,-0.0622,-0.996917,0.078459,0
1099,18.3167,0.0,0.0612,13.1243,-0.0612,-0.996566,0.082808,0
1100,18.3333,0.0,0.0643,13.06,-0.0643,-0.996195,0.087156,0
1101,18.35,0.0,0.0654,12.9946,-0.0654,-0.995805,0.091502,0
1102,18.3667,0.0,0.0596,12.935,-0.0596,-0.995396,0.095846,0
1103,18.3833,0.0,0.0593,12.8757,-0.0593,-0.994969,0.100188,0
1104,18.4,0.0,0.0638,12.8119,-0.0638,-0.994522,0.104528,0
1105,18.4167,0.0,0.0567,12.7552,-0.0567,-0.994056,0.108867,0
1106,18.4333,0.0,0.0602,12.695,-0.0602,-0.993572,0.113203,0
1107,18.45,0.0,0.0593,12.6357,-0.0593,-0.993068,0.117537,0
1108,18.4667,0.0,0.0639,12.5718,-0.0639,-0.992546,0.121869,0
1109,18.4833,0.0,0.0584,12.5134,-0.0584,-0.992005,0.126199,0
1110,18.5,0.0,0.0575,12.4559,-0.0575,-0.991445,0.130526,0
1111,18.5167,0.0,0.0609,12.395,-0.0609,-0.990866,0.134851,0
1112,18.5333,0.0,0.059,12.336,-0.059,-0.990268,0.139173,0
1113,18.55,0.0,0.0617,12.2743,-0.0617,-0.989651,0.143493,0
1114,18.5667,0.0,0.0641,12.2102,-0.0641,-0.989016,0.147809,0
1115,18.5833,0.0,0.06,12.1502,-0.06,-0.988362,0.152123,0
1116,18.6,0.0,0.0567,12.0935,-0.0567,-0.987688,0.156434,0
1117,18.6167,0.0,0.0658,12.0277,-0.0658,-0.986996,0.160743,0
1118,18.6333,0.0,0.0616,11.9661,-0.0616,-0.986286,0.165048,0
1119,18.65,0.0,0.0598,11.9063,-0.0598,-0.985556,0.16935,0
1120,18.6667,0.0,0.0583,11.848,-0.0583,-0.984808,0.173648,0
1121,18.6833,0.0,0.0606,11.7874,-0.0606,-0.984041,0.177944,0
1122,18.7,0.0,0.0614,11.726,-0.0614,-0.983255,0.182236,0
1123,18.7167,0.0,0.0601,11.6659,-0.0601,-0.98245,0.186524,0
1124,18.7333,0.0,0.0618,11.6041,-0.0618,-0.981627,0.190809,0
1125,18.75,0.0,0.0594,11.5447,-0.0594,-0.980785,0.19509,0
1126,18.7667,0.0,0.0625,11.4822,-0.0625,-0.979925,0.199368,0
1127,18.7833,0.0,0.0601,11.4221,-0.0601,-0.979045,0.203642,0
1128,18.8,0.0,0.0605,11.3616,-0.0605,-0.978148,0.207912,0
1129,18.8167,0.0,0.0632,11.2984,-0.0632,-0.977231,0.212178,0
1130,18.8333,0.0,0.0636,11.2348,-0.0636,-0.976296,0.21644,0
1131,18.85,0.0,0.0569,11.1779,-0.0569,-0.975342,0.220697,0
1132,18.8667,0.0,0.0629,11.115,-0.0629,-0.97437,0.224951,0
1133,18.8833,0.0,0.0574,11.0576,-0.0574,-0.973379,0.2292,0
1134,18.9,0.0,0.0578,10.9998,-0.0578,-0.97237,0.233445,0
1135,18.9167,0.0,0.0628,10.937,-0.0628,-0.971342,0.237686,0
1136,18.9333,0.0,0.0608,10.8762,-0.0608,-0.970296,0.241922,0
1137,18.95,0.0,0.0606,10.8156,-0.0606,-0.969231,0.246153,0
1138,18.9667,0.0,0.0592,10.7564,-0.0592,-0.968148,0.25038,0
1139,18.9833,0.0,0.0587,10.6977,-0.0587,-0.967046,0.254602,0
1140,19.0,0.0,0.0606,10.6371,-0.0606,-0.965926,0.258819,0
1141,19.0167,0.0,0.0585,10.5786,-0.0585,-0.964787,0.263031,0
1142,19.0333,0.0,0.0616,10.517,-0.0616,-0.96363,0.267238,0
1143,19.05,0.0,0.0597,10.4573,-0.0597,-0.962455,0.27144,0
1144,19.0667,0.0,0.0588,10.3985,-0.0588,-0.961262,0.275637,0
1145,19.0833,0.0,0.0603,10.3382,-0.0603,-0.96005,0.279829,0
1146,19.1,0.0,0.0617,10.2765,-0.0617,-0.95882,0.284015,0
1147,19.1167,0.0,0.0589,10.2176,-0.0589,-0.957571,0.288196,0
1148,19.1333,0.0,0.0602,10.1574,-0.0602,-0.956305,0.292372,0
1149,19.15,0.0,0.0612,10.0962,-0.0612,-0.95502,0.296542,0
1150,19.1667,0.0,0.0577,10.0385,-0.0577,-0.953717,0.300706,0
1151,19.1833,0.0,0.0609,9.9776,-0.0609,-0.952396,0.304864,0
1152,19.2,0.0,0.0618,9.9158,-0.0618,-0.951057,0.309017,0
1153,19.2167,0.0,0.0577,9.8581,-0.0577,-0.949699,0.313164,0
1154,19.2333,0.0,0.0593,9.7988,-0.0593,-0.948324,0.317305,0
1155,19.25,0.0,0.058,9.7408,-0.058,-0.94693,0.321439,0
1156,19.2667,0.0,0.0631,9.6777,-0.0631,-0.945519,0.325568,0
1157,19.2833,0.0,0.058,9.6197,-0.058,-0.944089,0.329691,0
1158,19.3,0.0,0.0633,9.5564,-0.0633,-0.942641,0.333807,0
1159,19.3167,0.0,0.0613,9.4951,-0.0613,-0.941176,0.337917,0
1160,19.3333,0.0,0.0613,9.4338,-0.0613,-0.939693,0.34202,0
1161,19.35,0.0,0.0592,9.3746,-0.0592,-0.938191,0.346117,0
1162,19.3667,0.0,0.0647,9.3099,-0.0647,-0.936672,0.350207,0
1163,19.3833,0.0,0.0629,9.247,-0.0629,-0.935135,0.354291,0
1164,19.4,0.0,0.0617,9.1853,-0.0617,-0.93358,0.358368,0
1165,19.4167,0.0,0.0616,9.1237,-0.0616,-0.932008,0.362438,0
1166,19.4333,0.0,0.0604,9.0633,-0.0604,-0.930418,0.366501,0
1167,19.45,0.0,0.0604,9.0029,-0.0604,-0.92881,0.370557,0
1168,19.4667,0.0,0.0618,8.9411,-0.0618,-0.927184,0.374607,0
1169,19.4833,0.0,0.0575,8.8836,-0.0575,-0.925541,0.378649,0
1170,19.5,0.0,0.0614,8.8222,-0.0614,-0.92388,0.382683,0
1171,19.5167,0.0,0.0627,8.7595,-0.0627,-0.922201,0.386711,0
1172,19.5333,0.0,0.0608,8.6987,-0.0608,-0.920505,0.390731,0
1173,19.55,0.0,0.0611,8.6376,-0.0611,-0.918791,0.394744,0
1174,19.5667,0.0,0.0586,8.579,-0.0586,-0.91706,0.398749,0
1175,19.5833,0.0,0.0605,8.5185,-0.0605,-0.915311,0.402747,0
1176,19.6,0.0,0.0592,8.4593,-0.0592,-0.913545,0.406737,0
1177,19.6167,0.0,0.0576,8.4017,-0.0576,-0.911762,0.410719,0
1178,19.6333,0.0,0.0591,8.3426,-0.0591,-0.909961,0.414693,0
1179,19.65,0.0,0.1036,8.239,-0.1036,-0.908143,0.41866,0
1180,19.6667,0.0,0.1041,8.1349,-0.1041,-0.906308,0.422618,0
1181,19.6833,0.0,0.1019,8.033,-0.1019,-0.904455,0.426569,0
1182,19.7,0.0,0.1116,7.9214,-0.1116,-0.902585,0.430511,0
1183,19.7167,0.0,0.1079,7.8135,-0.1079,-0.900698,0.434445,0
1184,19.7333,0.0,0.1041,7.7094,-0.1041,-0.898794,0.438371,0
1185,19.75,0.0,0.1056,7.6038,-0.1056,-0.896873,0.442289,0
1186,19.7667,0.0,0.1042,7.4996,-0.1042,-0.894934,0.446198,0
1187,19.7833,0.0,0.1057,7.3939,-0.1057,-0.892979,0.450098,0
1188,19.8,0.0,0.1034,7.2905,-0.1034,-0.891007,0.45399,0
1189,19.8167,0.0,0.1068,7.1837,-0.1068,-0.889017,0.457874,0
1190,19.8333,0.0,0.1055,7.0782,-0.1055,-0.887011,0.461749,0
1191,19.85,0.0,0.1073,6.9709,-0.1073,-0.884988,0.465615,0
1192,19.8667,0.0,0.1085,6.8624,-0.1085,-0.882948,0.469472,0
1193,19.8833,0.0,0.1048,6.7576,-0.1048,-0.880891,0.47332,0
1194,19.9,0.0,0.1053,6.6523,-0.1053,-0.878817,0.477159,0
1195,19.9167,0.0,0.1042,6.5481,-0.1042,-0.876727,0.480989,0
1196,19.9333,0.0,0.107,6.4411,-0.107,-0.87462,0.48481,0
1197,19.95,0.0,0.1057,6.3354,-0.1057,-0.872496,0.488621,0
1198,19.9667,0.0,0.1046,6.2308,-0.1046,-0.870356,0.492424,0
1199,19.9833,0.0,0.1076,6.1232,-0.1076,-0.868199,0.496217,0
1200,20.0,0.0,0.057,6.0662,-0.057,-0.866025,0.5,0
1201,20.0167,0.0,0.0646,6.0016,-0.0646,-0.863836,0.503774,0
1202,20.0333,0.0,0.0599,5.9417,-0.0599,-0.861629,0.507538,0
1203,20.05,0.0,0.0556,5.8861,-0.0556,-0.859406,0.511293,0
1204,20.0667,0.0,0.06,5.8261,-0.06,-0.857167,0.515038,0
1205,20.0833,0.0,0.061,5.7651,-0.061,-0.854912,0.518773,0
1206,20.1,0.0,0.0632,5.7019,-0.0632,-0.85264,0.522499,0
1207,20.1167,0.0,0.0581,5.6438,-0.0581,-0.850352,0.526214,0
1208,20.1333,0.0,0.0593,5.5845,-0.0593,-0.848048,0.529919,0
1209,20.15,0.0,0.0586,5.5259,-0.0586,-0.845728,0.533615,0
1210,20.1667,0.0,0.0621,5.4638,-0.0621,-0.843391,0.5373,0
1211,20.1833,0.0,0.0571,5.4067,-0.0571,-0.841039,0.540974,0
1212,20.2,0.0,0.0626,5.3441,-0.0626,-0.838671,0.544639,0
1213,20.2167,0.0,0.0589,5.2852,-0.0589,-0.836286,0.548293,0
1214,20.2333,0.0,0.0565,5.2287,-0.0565,-0.833886,0.551937,0
1215,20.25,0.0,0.0599,5.1688,-0.0599,-0.83147,0.55557,0
1216,20.2667,0.0,0.0606,5.1082,-0.0606,-0.829038,0.559193,0
1217,20.2833,0.0,0.0605,5.0477,-0.0605,-0.82659,0.562805,0
1218,20.3,0.0,0.0597,4.988,-0.0597,-0.824126,0.566406,0
1219,20.3167,0.0,0.0587,4.9293,-0.0587,-0.821647,0.569997,0
1220,20.3333,0.0,0.0596,4.8697,-0.0596,-0.819152,0.573576,0
1221,20.35,0.0,0.0597,4.81,-0.0597,-0.816642,0.577145,0
1222,20.3667,0.0,0.0592,4.7508,-0.0592,-0.814116,0.580703,0
1223,20.3833,0.0,0.06,4.6908,-0.06,-0.811574,0.58425,0
1224,20.4,0.0,0.0561,4.6347,-0.0561,-0.809017,0.587785,0
1225,20.4167,0.0,0.0612,4.5735,-0.0612,-0.806445,0.59131,0
1226,20.4333,0.0,0.0627,4.5108,-0.0627,-0.803857,0.594823,0
1227,20.45,0.0,0.0575,4.4533,-0.0575,-0.801254,0.598325,0
1228,20.4667,0.0,0.0599,4.3934,-0.0599,-0.798636,0.601815,0
1229,20.4833,0.0,0.0628,4.3306,-0.0628,-0.796002,0.605294,0
1230,20.5,0.0,0.058,4.2726,-0.058,-0.793353,0.608761,0
1231,20.5167,0.0,0.0601,4.2125,-0.0601,-0.79069,0.612217,0
1232,20.5333,0.0,0.0628,4.1497,-0.0628,-0.788011,0.615661,0
1233,20.55,0.0,0.0624,4.0873,-0.0624,-0.785317,0.619094,0
1234,20.5667,0.0,0.0619,4.0254,-0.0619,-0.782608,0.622515,0
1235,20.5833,0.0,0.0604,3.965,-0.0604,-0.779884,0.625923,0
1236,20.6,0.0,0.0606,3.9044,-0.0606,-0.777146,0.62932,0
1237,20.6167,0.0,0.06,3.8444,-0.06,-0.774393,0.632705,0
1238,20.6333,0.0,0.0609,3.7835,-0.0609,-0.771625,0.636078,0
1239,20.65,0.0,0.0609,3.7226,-0.0609,-0.768842,0.639439,0
1240,20.6667,0.0,0.1054,3.6172,-0.1054,-0.766044,0.642788,0
1241,20.6833,0.0,0.1069,3.5103,-0.1069,-0.763232,0.646124,0
1242,20.7,0.0,0.1073,3.403,-0.1073,-0.760406,0.649448,0
1243,20.7167,0.0,0.1085,3.2945,-0.1085,-0.757565,0.65276,0
1244,20.7333,0.0,0.1076,3.1869,-0.1076,-0.75471,0.656059,0
1245,20.75,0.0,0.1075,3.0794,-0.1075,-0.75184,0.659346,0
1246,20.7667,0.0,0.1076,2.9718,-0.1076,-0.748956,0.66262,0
1247,20.7833,0.0,0.1038,2.868,-0.1038,-0.746057,0.665882,0
1248,20.8,0.0,0.108,2.76,-0.108,-0.743145,0.669131,0
1249,20.8167,0.0,0.1057,2.6543,-0.1057,-0.740218,0.672367,0
1250,20.8333,0.0,0.1064,2.5479,-0.1064,-0.737277,0.67559,0
1251,20.85,0.0,0.1066,2.4413,-0.1066,-0.734323,0.678801,0
1252,20.8667,0.0,0.1072,2.3341,-0.1072,-0.731354,0.681998,0
1253,20.8833,0.0,0.1038,2.2303,-0.1038,-0.728371,0.685183,0
1254,20.9,0.0,0.1099,2.1204,-0.1099,-0.725374,0.688355,0
1255,20.9167,0.0,0.1072,2.0132,-0.1072,-0.722364,0.691513,0
1256,20.9333,0.0,0.1059,1.9073,-0.1059,-0.71934,0.694658,0
1257,20.95,0.0,0.1059,1.8014,-0.1059,-0.716302,0.69779,0
1258,20.9667,0.0,0.1071,1.6943,-0.1071,-0.71325,0.700909,0
1259,20.9833,0.0,0.1057,1.5886,-0.1057,-0.710185,0.704015,0
1260,21.0,0.0,0.1096,1.479,-0.1096,-0.707107,0.707107,0
1261,21.0167,0.0,0.1081,1.3709,-0.1081,-0.704015,0.710185,0
1262,21.0333,0.0,0.1102,1.2607,-0.1102,-0.700909,0.71325,0
1263,21.05,0.0,0.1046,1.1561,-0.1046,-0.69779,0.716302,0
1264,21.0667,0.0,0.1071,1.049,-0.1071,-0.694658,0.71934,0
1265,21.0833,0.0,0.1079,0.9411,-0.1079,-0.691513,0.722364,0
1266,21.1,0.0,0.11,0.8311,-0.11,-0.688355,0.725374,0
1267,21.1167,0.0,0.1102,0.7209,-0.1102,-0.685183,0.728371,0
1268,21.1333,0.0,0.106,0.6149,-0.106,-0.681998,0.731354,0
1269,21.15,0.0,0.1051,0.5098,-0.1051,-0.678801,0.734323,0
1270,21.1667,0.0,0.1053,0.4045,-0.1053,-0.67559,0.737277,0
1271,21.1833,0.0,0.1086,0.2959,-0.1086,-0.672367,0.740218,0
1272,21.2,0.0,0.1058,0.1901,-0.1058,-0.669131,0.743145,0
1273,21.2167,0.0,0.1073,0.0828,-0.1073,-0.665882,0.746057,0
1274,21.2333,0.0,0.1076,0.0,-0.1076,-0.66262,0.748956,1
1275,21.25,0.0,0.1091,0.0,-0.1091,-0.659346,0.75184,1
1276,21.2667,0.0,0.1054,0.0,-0.1054,-0.656059,0.75471,1
1277,21.2833,0.0,0.1079,0.0,-0.1079,-0.65276,0.757565,1
1278,21.3,0.0,0.111,0.0,-0.111,-0.649448,0.760406,1
1279,21.3167,0.0,0.1072,0.0,-0.1072,-0.646124,0.763232,1
1280,21.3333,0.0,0.1067,0.0,-0.1067,-0.642788,0.766044,1
1281,21.35,0.0,0.1072,0.0,-0.1072,-0.639439,0.768842,1
1282,21.3667,0.0,0.1072,0.0,-0.1072,-0.636078,0.771625,1
1283,21.3833,0.0,0.1066,0.0,-0.1066,-0.632705,0.774393,1
1284,21.4,0.0,0.1078,0.0,-0.1078,-0.62932,0.777146,1
1285,21.4167,0.0,0.1083,0.0,-0.1083,-0.625923,0.779884,1
1286,21.4333,0.0,0.1044,0.0,-0.1044,-0.622515,0.782608,1
1287,21.45,0.0,0.1091,0.0,-0.1091,-0.619094,0.785317,1
1288,21.4667,0.0,0.1061,0.0,-0.1061,-0.615661,0.788011,1
1289,21.4833,0.0,0.1065,0.0,-0.1065,-0.612217,0.79069,1
1290,21.5,0.0,0.1066,0.0,-0.1066,-0.608761,0.793353,1
1291,21.5167,0.0,0.1106,0.0,-0.1106,-0.605294,0.796002,1
1292,21.5333,0.0,0.1036,0.0,-0.1036,-0.601815,0.798636,1
1293,21.55,0.0,0.1045,0.0,-0.1045,-0.598325,0.801254,1
1294,21.5667,0.0,0.1099,0.0,-0.1099,-0.594823,0.803857,1
1295,21.5833,0.0,0.1074,0.0,-0.1074,-0.59131,0.806445,1
1296,21.6,0.0,0.1066,0.0,-0.1066,-0.587785,0.809017,1
1297,21.6167,0.0,0.1062,0.0,-0.1062,-0.58425,0.811574,1
1298,21.6333,0.0,0.1033,0.0,-0.1033,-0.580703,0.814116,1
1299,21.65,0.0,0.1079,0.0,-0.1079,-0.577145,0.816642,1
1300,21.6667,0.0,0.1082,0.0,-0.1082,-0.573576,0.819152,1
1301,21.6833,0.0,0.1083,0.0,-0.1083,-0.569997,0.821647,1
1302,21.7,0.0,0.1113,0.0,-0.1113,-0.566406,0.824126,1
1303,21.7167,0.0,0.1079,0.0,-0.1079,-0.562805,0.82659,1
1304,21.7333,0.0,0.1088,0.0,-0.1088,-0.559193,0.829038,1
1305,21.75,0.0,0.0606,0.0,-0.0606,-0.55557,0.83147,1
1306,21.7667,0.0,0.0594,0.0,-0.0594,-0.551937,0.833886,1
1307,21.7833,0.0,0.0587,0.0,-0.0587,-0.548293,0.836286,1
1308,21.8,0.0,0.0571,0.0,-0.0571,-0.544639,0.838671,1
1309,21.8167,0.0,0.0606,0.0,-0.0606,-0.540974,0.841039,1
1310,21.8333,0.0,0.0588,0.0,-0.0588,-0.5373,0.843391,1
1311,21.85,0.0,0.0618,0.0,-0.0618,-0.533615,0.845728,1
1312,21.8667,0.0,0.0626,0.0,-0.0626,-0.529919,0.848048,1
1313,21.8833,0.0,0.058,0.0,-0.058,-0.526214,0.850352,1
1314,21.9,0.0,0.0588,0.0,-0.0588,-0.522499,0.85264,1
1315,21.9167,0.0,0.0617,0.0,-0.0617,-0.518773,0.854912,1
1316,21.9333,0.0,0.0573,0.0,-0.0573,-0.515038,0.857167,1
1317,21.95,0.0,0.06,0.0,-0.06,-0.511293,0.859406,1
1318,21.9667,0.0,0.0593,0.0,-0.0593,-0.507538,0.861629,1
1319,21.9833,0.0,0.0585,0.0,-0.0585,-0.503774,0.863836,1
1320,22.0,0.0,0.0137,0.0,-0.0137,-0.5,0.866025,1
1321,22.0167,0.0,0.015,0.0,-0.015,-0.496217,0.868199,1
1322,22.0333,0.0,0.0134,0.0,-0.0134,-0.492424,0.870356,1
1323,22.05,0.0,0.015,0.0,-0.015,-0.488621,0.872496,1
1324,22.0667,0.0,0.0157,0.0,-0.0157,-0.48481,0.87462,1
1325,22.0833,0.0,0.0154,0.0,-0.0154,-0.480989,0.876727,1
1326,22.1,0.0,0.0132,0.0,-0.0132,-0.477159,0.878817,1
1327,22.1167,0.0,0.012,0.0,-0.012,-0.47332,0.880891,1
1328,22.1333,0.0,0.0137,0.0,-0.0137,-0.469472,0.882948,1
1329,22.15,0.0,0.0126,0.0,-0.0126,-0.465615,0.884988,1
1330,22.1667,0.0,0.0153,0.0,-0.0153,-0.461749,0.887011,1
1331,22.1833,0.0,0.0131,0.0,-0.0131,-0.457874,0.889017,1
1332,22.2,0.0,0.0144,0.0,-0.0144,-0.45399,0.891007,1
1333,22.2167,0.0,0.0155,0.0,-0.0155,-0.450098,0.892979,1
1334,22.2333,0.0,0.0169,0.0,-0.0169,-0.446198,0.894934,1
1335,22.25,0.0,0.0117,0.0,-0.0117,-0.442289,0.896873,1
1336,22.2667,0.0,0.0135,0.0,-0.0135,-0.438371,0.898794,1
1337,22.2833,0.0,0.0127,0.0,-0.0127,-0.434445,0.900698,1
1338,22.3,0.0,0.0136,0.0,-0.0136,-0.430511,0.902585,1
1339,22.3167,0.0,0.015,0.0,-0.015,-0.426569,0.904455,1
1340,22.3333,0.0,0.0174,0.0,-0.0174,-0.422618,0.906308,1
1341,22.35,0.0,0.013,0.0,-0.013,-0.41866,0.908143,1
1342,22.3667,0.0,0.0139,0.0,-0.0139,-0.414693,0.909961,1
1343,22.3833,0.0,0.0136,0.0,-0.0136,-0.410719,0.911762,1
1344,22.4,0.0,0.0156,0.0,-0.0156,-0.406737,0.913545,1
1345,22.4167,0.0,0.0171,0.0,-0.0171,-0.402747,0.915311,1
1346,22.4333,0.0,0.0172,0.0,-0.0172,-0.398749,0.91706,1
1347,22.45,0.0,0.014,0.0,-0.014,-0.394744,0.918791,1
1348,22.4667,0.0,0.0165,0.0,-0.0165,-0.390731,0.920505,1
1349,22.4833,0.0,0.0152,0.0,-0.0152,-0.386711,0.922201,1
1350,22.5,0.0,0.0144,0.0,-0.0144,-0.382683,0.92388,1
1351,22.5167,0.0,0.0157,0.0,-0.0157,-0.378649,0.925541,1
1352,22.5333,0.0,0.0166,0.0,-0.0166,-0.374607,0.927184,1
1353,22.55,0.0,0.0177,0.0,-0.0177,-0.370557,0.92881,1
1354,22.5667,0.0,0.0169,0.0,-0.0169,-0.366501,0.930418,1
1355,22.5833,0.0,0.0139,0.0,-0.0139,-0.362438,0.932008,1
1356,22.6,0.0,0.0131,0.0,-0.0131,-0.358368,0.93358,1
1357,22.6167,0.0,0.0157,0.0,-0.0157,-0.354291,0.935135,1
1358,22.6333,0.0,0.0143,0.0,-0.0143,-0.350207,0.936672,1
1359,22.65,0.0,0.013,0.0,-0.013,-0.346117,0.938191,1
1360,22.6667,0.0,0.0147,0.0,-0.0147,-0.34202,0.939693,1
1361,22.6833,0.0,0.0116,0.0,-0.0116,-0.337917,0.941176,1
1362,22.7,0.0,0.013,0.0,-0.013,-0.333807,0.942641,1
1363,22.7167,0.0,0.0141,0.0,-0.0141,-0.329691,0.944089,1
1364,22.7333,0.0,0.0116,0.0,-0.0116,-0.325568,0.945519,1
1365,22.75,0.0,0.0138,0.0,-0.0138,-0.321439,0.94693,1
1366,22.7667,0.0,0.0151,0.0,-0.0151,-0.317305,0.948324,1
1367,22.7833,0.0,0.0172,0.0,-0.0172,-0.313164,0.949699,1
1368,22.8,0.0,0.0138,0.0,-0.0138,-0.309017,0.951057,1
1369,22.8167,0.0,0.0119,0.0,-0.0119,-0.304864,0.952396,1
1370,22.8333,0.0,0.0157,0.0,-0.0157,-0.300706,0.953717,1
1371,22.85,0.0,0.0128,0.0,-0.0128,-0.296542,0.95502,1
1372,22.8667,0.0,0.0143,0.0,-0.0143,-0.292372,0.956305,1
1373,22.8833,0.0,0.0119,0.0,-0.0119,-0.288196,0.957571,1
1374,22.9,0.0,0.0172,0.0,-0.0172,-0.284015,0.95882,1
1375,22.9167,0.0,0.0145,0.0,-0.0145,-0.279829,0.96005,1
1376,22.9333,0.0,0.0144,0.0,-0.0144,-0.275637,0.961262,1
1377,22.95,0.0,0.0172,0.0,-0.0172,-0.27144,0.962455,1
1378,22.9667,0.0,0.0161,0.0,-0.0161,-0.267238,0.96363,1
1379,22.9833,0.0,0.013,0.0,-0.013,-0.263031,0.964787,1
1380,23.0,0.0,0.0161,0.0,-0.0161,-0.258819,0.965926,1
1381,23.0167,0.0,0.0142,0.0,-0.0142,-0.254602,0.967046,1
1382,23.0333,0.0,0.0167,0.0,-0.0167,-0.25038,0.968148,1
1383,23.05,0.0,0.0151,0.0,-0.0151,-0.246153,0.969231,1
1384,23.0667,0.0,0.0133,0.0,-0.0133,-0.241922,0.970296,1
1385,23.0833,0.0,0.0141,0.0,-0.0141,-0.237686,0.971342,1
1386,23.1,0.0,0.0159,0.0,-0.0159,-0.233445,0.97237,1
1387,23.1167,0.0,0.0127,0.0,-0.0127,-0.2292,0.973379,1
1388,23.1333,0.0,0.0122,0.0,-0.0122,-0.224951,0.97437,1
1389,23.15,0.0,0.0142,0.0,-0.0142,-0.220697,0.975342,1
1390,23.1667,0.0,0.0109,0.0,-0.0109,-0.21644,0.976296,1
1391,23.1833,0.0,0.0117,0.0,-0.0117,-0.212178,0.977231,1
1392,23.2,0.0,0.0138,0.0,-0.0138,-0.207912,0.978148,1
1393,23.2167,0.0,0.0136,0.0,-0.0136,-0.203642,0.979045,1
1394,23.2333,0.0,0.0125,0.0,-0.0125,-0.199368,0.979925,1
1395,23.25,0.0,0.0142,0.0,-0.0142,-0.19509,0.980785,1
1396,23.2667,0.0,0.0164,0.0,-0.0164,-0.190809,0.981627,1
1397,23.2833,0.0,0.0143,0.0,-0.0143,-0.186524,0.98245,1
1398,23.3,0.0,0.0151,0.0,-0.0151,-0.182236,0.983255,1
1399,23.3167,0.0,0.0174,0.0,-0.0174,-0.177944,0.984041,1
1400,23.3333,0.0,0.0205,0.0,-0.0205,-0.173648,0.984808,1
1401,23.35,0.0,0.0151,0.0,-0.0151,-0.16935,0.985556,1
1402,23.3667,0.0,0.0164,0.0,-0.0164,-0.165048,0.986286,1
1403,23.3833,0.0,0.0151,0.0,-0.0151,-0.160743,0.986996,1
1404,23.4,0.0,0.0157,0.0,-0.0157,-0.156434,0.987688,1
1405,23.4167,0.0,0.015,0.0,-0.015,-0.152123,0.988362,1
1406,23.4333,0.0,0.0156,0.0,-0.0156,-0.147809,0.989016,1
1407,23.45,0.0,0.0122,0.0,-0.0122,-0.143493,0.989651,1
1408,23.4667,0.0,0.013,0.0,-0.013,-0.139173,0.990268,1
1409,23.4833,0.0,0.015,0.0,-0.015,-0.134851,0.990866,1
1410,23.5,0.0,0.0153,0.0,-0.0153,-0.130526,0.991445,1
1411,23.5167,0.0,0.0144,0.0,-0.0144,-0.126199,0.992005,1
1412,23.5333,0.0,0.015,0.0,-0.015,-0.121869,0.992546,1
1413,23.55,0.0,0.014,0.0,-0.014,-0.117537,0.993068,1
1414,23.5667,0.0,0.0133,0.0,-0.0133,-0.113203,0.993572,1
1415,23.5833,0.0,0.0154,0.0,-0.0154,-0.108867,0.994056,1
1416,23.6,0.0,0.0137,0.0,-0.0137,-0.104528,0.994522,1
1417,23.6167,0.0,0.0153,0.0,-0.0153,-0.100188,0.994969,1
1418,23.6333,0.0,0.011,0.0,-0.011,-0.095846,0.995396,1
1419,23.65,0.0,0.0136,0.0,-0.0136,-0.091502,0.995805,1
1420,23.6667,0.0,0.0167,0.0,-0.0167,-0.087156,0.996195,1
1421,23.6833,0.0,0.0176,0.0,-0.0176,-0.082808,0.996566,1
1422,23.7,0.0,0.0169,0.0,-0.0169,-0.078459,0.996917,1
1423,23.7167,0.0,0.013,0.0,-0.013,-0.074108,0.99725,1
1424,23.7333,0.0,0.0128,0.0,-0.0128,-0.069756,0.997564,1
1425,23.75,0.0,0.0138,0.0,-0.0138,-0.065403,0.997859,1
1426,23.7667,0.0,0.0111,0.0,-0.0111,-0.061049,0.998135,1
1427,23.7833,0.0,0.0081,0.0,-0.0081,-0.056693,0.998392,1
1428,23.8,0.0,0.0159,0.0,-0.0159,-0.052336,0.99863,1
1429,23.8167,0.0,0.0152,0.0,-0.0152,-0.047978,0.998848,1
1430,23.8333,0.0,0.0159,0.0,-0.0159,-0.043619,0.999048,1
1431,23.85,0.0,0.0097,0.0,-0.0097,-0.03926,0.999229,1
1432,23.8667,0.0,0.0124,0.0,-0.0124,-0.034899,0.999391,1
1433,23.8833,0.0,0.0129,0.0,-0.0129,-0.030539,0.999534,1
1434,23.9,0.0,0.0147,0.0,-0.0147,-0.026177,0.999657,1
1435,23.9167,0.0,0.0171,0.0,-0.0171,-0.021815,0.999762,1
1436,23.9333,0.0,0.0158,0.0,-0.0158,-0.017452,0.999848,1
1437,23.95,0.0,0.0149,0.0,-0.0149,-0.01309,0.999914,1
1438,23.9667,0.0,0.0141,0.0,-0.0141,-0.008727,0.999962,1
1439,23.9833,0.0,0.0154,0.0,-0.0154,-0.004363,0.99999,1
1440,0.0,0.0,0.0145,0.0,-0.0145,0.0,1.0,1
1441,0.0167,0.0,0.0106,0.0,-0.0106,0.004363,0.99999,1
1442,0.0333,0.0,0.0164,0.0,-0.0164,0.008727,0.999962,1
1443,0.05,0.0,0.0133,0.0,-0.0133,0.01309,0.999914,1
1444,0.0667,0.0,0.0164,0.0,-0.0164,0.017452,0.999848,1
1445,0.0833,0.0,0.0124,0.0,-0.0124,0.021815,0.999762,1
1446,0.1,0.0,0.0139,0.0,-0.0139,0.026177,0.999657,1
1447,0.1167,0.0,0.018,0.0,-0.018,0.030539,0.999534,1
1448,0.1333,0.0,0.0196,0.0,-0.0196,0.034899,0.999391,1
1449,0.15,0.0,0.0124,0.0,-0.0124,0.03926,0.999229,1
1450,0.1667,0.0,0.0165,0.0,-0.0165,0.043619,0.999048,1
1451,0.1833,0.0,0.013,0.0,-0.013,0.047978,0.998848,1
1452,0.2,0.0,0.0165,0.0,-0.0165,0.052336,0.99863,1
1453,0.2167,0.0,0.0122,0.0,-0.0122,0.056693,0.998392,1
1454,0.2333,0.0,0.0169,0.0,-0.0169,0.061049,0.998135,1
1455,0.25,0.0,0.0154,0.0,-0.0154,0.065403,0.997859,1
1456,0.2667,0.0,0.0175,0.0,-0.0175,0.069756,0.997564,1
1457,0.2833,0.0,0.013,0.0,-0.013,0.074108,0.99725,1
1458,0.3,0.0,0.0189,0.0,-0.0189,0.078459,0.996917,1
1459,0.3167,0.0,0.0146,0.0,-0.0146,0.082808,0.996566,1
1460,0.3333,0.0,0.0156,0.0,-0.0156,0.087156,0.996195,1
1461,0.35,0.0,0.0153,0.0,-0.0153,0.091502,0.995805,1
1462,0.3667,0.0,0.0174,0.0,-0.0174,0.095846,0.995396,1
1463,0.3833,0.0,0.0116,0.0,-0.0116,0.100188,0.994969,1
1464,0.4,0.0,0.0112,0.0,-0.0112,0.104528,0.994522,1
1465,0.4167,0.0,0.016,0.0,-0.016,0.108867,0.994056,1
1466,0.4333,0.0,0.0124,0.0,-0.0124,0.113203,0.993572,1
1467,0.45,0.0,0.0126,0.0,-0.0126,0.117537,0.993068,1
1468,0.4667,0.0,0.0153,0.0,-0.0153,0.121869,0.992546,1
1469,0.4833,0.0,0.014,0.0,-0.014,0.126199,0.992005,1
1470,0.5,0.0,0.0134,0.0,-0.0134,0.130526,0.991445,1
1471,0.5167,0.0,0.012,0.0,-0.012,0.134851,0.990866,1
1472,0.5333,0.0,0.0146,0.0,-0.0146,0.139173,0.990268,1
1473,0.55,0.0,0.0139,0.0,-0.0139,0.143493,0.989651,1
1474,0.5667,0.0,0.0124,0.0,-0.0124,0.147809,0.989016,1
1475,0.5833,0.0,0.014,0.0,-0.014,0.152123,0.988362,1
1476,0.6,0.0,0.0129,0.0,-0.0129,0.156434,0.987688,1
1477,0.6167,0.0,0.013,0.0,-0.013,0.160743,0.986996,1
1478,0.6333,0.0,0.0132,0.0,-0.0132,0.165048,0.986286,1
1479,0.65,0.0,0.0153,0.0,-0.0153,0.16935,0.985556,1
1480,0.6667,0.0,0.0156,0.0,-0.0156,0.173648,0.984808,1
1481,0.6833,0.0,0.0141,0.0,-0.0141,0.177944,0.984041,1
1482,0.7,0.0,0.0148,0.0,-0.0148,0.182236,0.983255,1
1483,0.7167,0.0,0.0118,0.0,-0.0118,0.186524,0.98245,1
1484,0.7333,0.0,0.0157,0.0,-0.0157,0.190809,0.981627,1
1485,0.75,0.0,0.0139,0.0,-0.0139,0.19509,0.980785,1
1486,0.7667,0.0,0.0148,0.0,-0.0148,0.199368,0.979925,1
1487,0.7833,0.0,0.0126,0.0,-0.0126,0.203642,0.979045,1
1488,0.8,0.0,0.0165,0.0,-0.0165,0.207912,0.978148,1
1489,0.8167,0.0,0.0159,0.0,-0.0159,0.212178,0.977231,1
1490,0.8333,0.0,0.0171,0.0,-0.0171,0.21644,0.976296,1
1491,0.85,0.0,0.0104,0.0,-0.0104,0.220697,0.975342,1
1492,0.8667,0.0,0.014,0.0,-0.014,0.224951,0.97437,1
1493,0.8833,0.0,0.0163,0.0,-0.0163,0.2292,0.973379,1
1494,0.9,0.0,0.0152,0.0,-0.0152,0.233445,0.97237,1
1495,0.9167,0.0,0.014,0.0,-0.014,0.237686,0.971342,1
1496,0.9333,0.0,0.0144,0.0,-0.0144,0.241922,0.970296,1
1497,0.95,0.0,0.0148,0.0,-0.0148,0.246153,0.969231,1
1498,0.9667,0.0,0.0118,0.0,-0.0118,0.25038,0.968148,1
1499,0.9833,0.0,0.0159,0.0,-0.0159,0.254602,0.967046,1
1500,1.0,0.0,0.0126,0.0,-0.0126,0.258819,0.965926,1
1501,1.0167,0.0,0.0162,0.0,-0.0162,0.263031,0.964787,1
1502,1.0333,0.0,0.0137,0.0,-0.0137,0.267238,0.96363,1
1503,1.05,0.0,0.0151,0.0,-0.0151,0.27144,0.962455,1
1504,1.0667,0.0,0.0144,0.0,-0.0144,0.275637,0.961262,1
1505,1.0833,0.0,0.0125,0.0,-0.0125,0.279829,0.96005,1
1506,1.1,0.0,0.0154,0.0,-0.0154,0.284015,0.95882,1
1507,1.1167,0.0,0.0117,0.0,-0.0117,0.288196,0.957571,1
1508,1.1333,0.0,0.0145,0.0,-0.0145,0.292372,0.956305,1
1509,1.15,0.0,0.0152,0.0,-0.0152,0.296542,0.95502,1
1510,1.1667,0.0,0.0172,0.0,-0.0172,0.300706,0.953717,1
1511,1.1833,0.0,0.0149,0.0,-0.0149,0.304864,0.952396,1
1512,1.2,0.0,0.0163,0.0,-0.0163,0.309017,0.951057,1
1513,1.2167,0.0,0.0137,0.0,-0.0137,0.313164,0.949699,1
1514,1.2333,0.0,0.0178,0.0,-0.0178,0.317305,0.948324,1
1515,1.25,0.0,0.0144,0.0,-0.0144,0.321439,0.94693,1
1516,1.2667,0.0,0.0108,0.0,-0.0108,0.325568,0.945519,1
1517,1.2833,0.0,0.0161,0.0,-0.0161,0.329691,0.944089,1
1518,1.3,0.0,0.0075,0.0,-0.0075,0.333807,0.942641,1
1519,1.3167,0.0,0.0135,0.0,-0.0135,0.337917,0.941176,1
1520,1.3333,0.0,0.0135,0.0,-0.0135,0.34202,0.939693,1
1521,1.35,0.0,0.0159,0.0,-0.0159,0.346117,0.938191,1
1522,1.3667,0.0,0.0114,0.0,-0.0114,0.350207,0.936672,1
1523,1.3833,0.0,0.0167,0.0,-0.0167,0.354291,0.935135,1
1524,1.4,0.0,0.0146,0.0,-0.0146,0.358368,0.93358,1
1525,1.4167,0.0,0.0125,0.0,-0.0125,0.362438,0.932008,1
1526,1.4333,0.0,0.0151,0.0,-0.0151,0.366501,0.930418,1
1527,1.45,0.0,0.0155,0.0,-0.0155,0.370557,0.92881,1
1528,1.4667,0.0,0.0157,0.0,-0.0157,0.374607,0.927184,1
1529,1.4833,0.0,0.0157,0.0,-0.0157,0.378649,0.925541,1
1530,1.5,0.0,0.0132,0.0,-0.0132,0.382683,0.92388,1
1531,1.5167,0.0,0.0139,0.0,-0.0139,0.386711,0.922201,1
1532,1.5333,0.0,0.0129,0.0,-0.0129,0.390731,0.920505,1
1533,1.55,0.0,0.0149,0.0,-0.0149,0.394744,0.918791,1
1534,1.5667,0.0,0.012,0.0,-0.012,0.398749,0.91706,1
1535,1.5833,0.0,0.0167,0.0,-0.0167,0.402747,0.915311,1
1536,1.6,0.0,0.014,0.0,-0.014,0.406737,0.913545,1
1537,1.6167,0.0,0.0149,0.0,-0.0149,0.410719,0.911762,1
1538,1.6333,0.0,0.0188,0.0,-0.0188,0.414693,0.909961,1
1539,1.65,0.0,0.0116,0.0,-0.0116,0.41866,0.908143,1
1540,1.6667,0.0,0.0122,0.0,-0.0122,0.422618,0.906308,1
1541,1.6833,0.0,0.0157,0.0,-0.0157,0.426569,0.904455,1
1542,1.7,0.0,0.0141,0.0,-0.0141,0.430511,0.902585,1
1543,1.7167,0.0,0.016,0.0,-0.016,0.434445,0.900698,1
1544,1.7333,0.0,0.014,0.0,-0.014,0.438371,0.898794,1
1545,1.75,0.0,0.017,0.0,-0.017,0.442289,0.896873,1
1546,1.7667,0.0,0.0131,0.0,-0.0131,0.446198,0.894934,1
1547,1.7833,0.0,0.0127,0.0,-0.0127,0.450098,0.892979,1
1548,1.8,0.0,0.0177,0.0,-0.0177,0.45399,0.891007,1
1549,1.8167,0.0,0.0121,0.0,-0.0121,0.457874,0.889017,1
1550,1.8333,0.0,0.0111,0.0,-0.0111,0.461749,0.887011,1
1551,1.85,0.0,0.0145,0.0,-0.0145,0.465615,0.884988,1
1552,1.8667,0.0,0.0146,0.0,-0.0146,0.469472,0.882948,1
1553,1.8833,0.0,0.0129,0.0,-0.0129,0.47332,0.880891,1
1554,1.9,0.0,0.0133,0.0,-0.0133,0.477159,0.878817,1
1555,1.9167,0.0,0.0162,0.0,-0.0162,0.480989,0.876727,1
1556,1.9333,0.0,0.0114,0.0,-0.0114,0.48481,0.87462,1
1557,1.95,0.0,0.014,0.0,-0.014,0.488621,0.872496,1
1558,1.9667,0.0,0.0123,0.0,-0.0123,0.492424,0.870356,1
1559,1.9833,0.0,0.0163,0.0,-0.0163,0.496217,0.868199,1
1560,2.0,0.0,0.0121,0.0,-0.0121,0.5,0.866025,1
1561,2.0167,0.0,0.0134,0.0,-0.0134,0.503774,0.863836,1
1562,2.0333,0.0,0.0161,0.0,-0.0161,0.507538,0.861629,1
1563,2.05,0.0,0.0117,0.0,-0.0117,0.511293,0.859406,1
1564,2.0667,0.0,0.0138,0.0,-0.0138,0.515038,0.857167,1
1565,2.0833,0.0,0.0132,0.0,-0.0132,0.518773,0.854912,1
1566,2.1,0.0,0.0104,0.0,-0.0104,0.522499,0.85264,1
1567,2.1167,0.0,0.0164,0.0,-0.0164,0.526214,0.850352,1
1568,2.1333,0.0,0.0158,0.0,-0.0158,0.529919,0.848048,1
1569,2.15,0.0,0.0139,0.0,-0.0139,0.533615,0.845728,1
1570,2.1667,0.0,0.0147,0.0,-0.0147,0.5373,0.843391,1
1571,2.1833,0.0,0.0136,0.0,-0.0136,0.540974,0.841039,1
1572,2.2,0.0,0.0153,0.0,-0.0153,0.544639,0.838671,1
1573,2.2167,0.0,0.0163,0.0,-0.0163,0.548293,0.836286,1
1574,2.2333,0.0,0.0125,0.0,-0.0125,0.551937,0.833886,1
1575,2.25,0.0,0.0191,0.0,-0.0191,0.55557,0.83147,1
1576,2.2667,0.0,0.0141,0.0,-0.0141,0.559193,0.829038,1
1577,2.2833,0.0,0.0116,0.0,-0.0116,0.562805,0.82659,1
1578,2.3,0.0,0.0145,0.0,-0.0145,0.566406,0.824126,1
1579,2.3167,0.0,0.0133,0.0,-0.0133,0.569997,0.821647,1
1580,2.3333,0.0,0.0126,0.0,-0.0126,0.573576,0.819152,1
1581,2.35,0.0,0.0115,0.0,-0.0115,0.577145,0.816642,1
1582,2.3667,0.0,0.0163,0.0,-0.0163,0.580703,0.814116,1
1583,2.3833,0.0,0.0125,0.0,-0.0125,0.58425,0.811574,1
1584,2.4,0.0,0.0143,0.0,-0.0143,0.587785,0.809017,1
1585,2.4167,0.0,0.0147,0.0,-0.0147,0.59131,0.806445,1
1586,2.4333,0.0,0.0147,0.0,-0.0147,0.594823,0.803857,1
1587,2.45,0.0,0.0167,0.0,-0.0167,0.598325,0.801254,1
1588,2.4667,0.0,0.0114,0.0,-0.0114,0.601815,0.798636,1
1589,2.4833,0.0,0.0115,0.0,-0.0115,0.605294,0.796002,1
1590,2.5,0.0,0.0113,0.0,-0.0113,0.608761,0.793353,1
1591,2.5167,0.0,0.0135,0.0,-0.0135,0.612217,0.79069,1
1592,2.5333,0.0,0.0144,0.0,-0.0144,0.615661,0.788011,1
1593,2.55,0.0,0.0138,0.0,-0.0138,0.619094,0.785317,1
1594,2.5667,0.0,0.0143,0.0,-0.0143,0.622515,0.782608,1
1595,2.5833,0.0,0.0114,0.0,-0.0114,0.625923,0.779884,1
1596,2.6,0.0,0.0185,0.0,-0.0185,0.62932,0.777146,1
1597,2.6167,0.0,0.0133,0.0,-0.0133,0.632705,0.774393,1
1598,2.6333,0.0,0.0137,0.0,-0.0137,0.636078,0.771625,1
1599,2.65,0.0,0.0176,0.0,-0.0176,0.639439,0.768842,1
1600,2.6667,0.0,0.0148,0.0,-0.0148,0.642788,0.766044,1
1601,2.6833,0.0,0.0157,0.0,-0.0157,0.646124,0.763232,1
1602,2.7,0.0,0.0116,0.0,-0.0116,0.649448,0.760406,1
1603,2.7167,0.0,0.0159,0.0,-0.0159,0.65276,0.757565,1
1604,2.7333,0.0,0.0165,0.0,-0.0165,0.656059,0.75471,1
1605,2.75,0.0,0.0146,0.0,-0.0146,0.659346,0.75184,1
1606,2.7667,0.0,0.0143,0.0,-0.0143,0.66262,0.748956,1
1607,2.7833,0.0,0.0149,0.0,-0.0149,0.665882,0.746057,1
1608,2.8,0.0,0.0117,0.0,-0.0117,0.669131,0.743145,1
1609,2.8167,0.0,0.0172,0.0,-0.0172,0.672367,0.740218,1
1610,2.8333,0.0,0.0117,0.0,-0.0117,0.67559,0.737277,1
1611,2.85,0.0,0.0159,0.0,-0.0159,0.678801,0.734323,1
1612,2.8667,0.0,0.0148,0.0,-0.0148,0.681998,0.731354,1
1613,2.8833,0.0,0.0139,0.0,-0.0139,0.685183,0.728371,1
1614,2.9,0.0,0.0163,0.0,-0.0163,0.688355,0.725374,1
1615,2.9167,0.0,0.0135,0.0,-0.0135,0.691513,0.722364,1
1616,2.9333,0.0,0.0177,0.0,-0.0177,0.694658,0.71934,1
1617,2.95,0.0,0.0162,0.0,-0.0162,0.69779,0.716302,1
1618,2.9667,0.0,0.0143,0.0,-0.0143,0.700909,0.71325,1
1619,2.9833,0.0,0.0146,0.0,-0.0146,0.704015,0.710185,1
1620,3.0,0.0,0.0143,0.0,-0.0143,0.707107,0.707107,1
1621,3.0167,0.0,0.0145,0.0,-0.0145,0.710185,0.704015,1
1622,3.0333,0.0,0.0132,0.0,-0.0132,0.71325,0.700909,1
1623,3.05,0.0,0.0159,0.0,-0.0159,0.716302,0.69779,1
1624,3.0667,0.0,0.0127,0.0,-0.0127,0.71934,0.694658,1
1625,3.0833,0.0,0.0141,0.0,-0.0141,0.722364,0.691513,1
1626,3.1,0.0,0.0176,0.0,-0.0176,0.725374,0.688355,1
1627,3.1167,0.0,0.0122,0.0,-0.0122,0.728371,0.685183,1
1628,3.1333,0.0,0.0148,0.0,-0.0148,0.731354,0.681998,1
1629,3.15,0.0,0.0163,0.0,-0.0163,0.734323,0.678801,1
1630,3.1667,0.0,0.0154,0.0,-0.0154,0.737277,0.67559,1
1631,3.1833,0.0,0.0152,0.0,-0.0152,0.740218,0.672367,1
1632,3.2,0.0,0.0138,0.0,-0.0138,0.743145,0.669131,1
1633,3.2167,0.0,0.015,0.0,-0.015,0.746057,0.665882,1
1634,3.2333,0.0,0.0149,0.0,-0.0149,0.748956,0.66262,1
1635,3.25,0.0,0.0171,0.0,-0.0171,0.75184,0.659346,1
1636,3.2667,0.0,0.0154,0.0,-0.0154,0.75471,0.656059,1
1637,3.2833,0.0,0.0129,0.0,-0.0129,0.757565,0.65276,1
1638,3.3,0.0,0.015,0.0,-0.015,0.760406,0.649448,1
1639,3.3167,0.0,0.0159,0.0,-0.0159,0.763232,0.646124,1
1640,3.3333,0.0,0.0131,0.0,-0.0131,0.766044,0.642788,1
1641,3.35,0.0,0.0157,0.0,-0.0157,0.768842,0.639439,1
1642,3.3667,0.0,0.0133,0.0,-0.0133,0.771625,0.636078,1
1643,3.3833,0.0,0.0132,0.0,-0.0132,0.774393,0.632705,1
1644,3.4,0.0,0.014,0.0,-0.014,0.777146,0.62932,1
1645,3.4167,0.0,0.0138,0.0,-0.0138,0.779884,0.625923,1
1646,3.4333,0.0,0.0118,0.0,-0.0118,0.782608,0.622515,1
1647,3.45,0.0,0.0117,0.0,-0.0117,0.785317,0.619094,1
1648,3.4667,0.0,0.0151,0.0,-0.0151,0.788011,0.615661,1
1649,3.4833,0.0,0.014,0.0,-0.014,0.79069,0.612217,1
1650,3.5,0.0,0.0173,0.0,-0.0173,0.793353,0.608761,1
1651,3.5167,0.0,0.0151,0.0,-0.0151,0.796002,0.605294,1
1652,3.5333,0.0,0.0158,0.0,-0.0158,0.798636,0.601815,1
1653,3.55,0.0,0.0149,0.0,-0.0149,0.801254,0.598325,1
1654,3.5667,0.0,0.0089,0.0,-0.0089,0.803857,0.594823,1
1655,3.5833,0.0,0.0159,0.0,-0.0159,0.806445,0.59131,1
1656,3.6,0.0,0.0126,0.0,-0.0126,0.809017,0.587785,1
1657,3.6167,0.0,0.0155,0.0,-0.0155,0.811574,0.58425,1
1658,3.6333,0.0,0.0135,0.0,-0.0135,0.814116,0.580703,1
1659,3.65,0.0,0.0144,0.0,-0.0144,0.816642,0.577145,1
1660,3.6667,0.0,0.0136,0.0,-0.0136,0.819152,0.573576,1
1661,3.6833,0.0,0.0144,0.0,-0.0144,0.821647,0.569997,1
1662,3.7,0.0,0.0131,0.0,-0.0131,0.824126,0.566406,1
1663,3.7167,0.0,0.0125,0.0,-0.0125,0.82659,0.562805,1
1664,3.7333,0.0,0.0124,0.0,-0.0124,0.829038,0.559193,1
1665,3.75,0.0,0.0147,0.0,-0.0147,0.83147,0.55557,1
1666,3.7667,0.0,0.0188,0.0,-0.0188,0.833886,0.551937,1
1667,3.7833,0.0,0.0126,0.0,-0.0126,0.836286,0.548293,1
1668,3.8,0.0,0.0159,0.0,-0.0159,0.838671,0.544639,1
1669,3.8167,0.0,0.0173,0.0,-0.0173,0.841039,0.540974,1
1670,3.8333,0.0,0.0118,0.0,-0.0118,0.843391,0.5373,1
1671,3.85,0.0,0.0135,0.0,-0.0135,0.845728,0.533615,1
1672,3.8667,0.0,0.0178,0.0,-0.0178,0.848048,0.529919,1
1673,3.8833,0.0,0.012,0.0,-0.012,0.850352,0.526214,1
1674,3.9,0.0,0.0147,0.0,-0.0147,0.85264,0.522499,1
1675,3.9167,0.0,0.0135,0.0,-0.0135,0.854912,0.518773,1
1676,3.9333,0.0,0.0164,0.0,-0.0164,0.857167,0.515038,1
1677,3.95,0.0,0.0166,0.0,-0.0166,0.859406,0.511293,1
1678,3.9667,0.0,0.0178,0.0,-0.0178,0.861629,0.507538,1
1679,3.9833,0.0,0.012,0.0,-0.012,0.863836,0.503774,1
1680,4.0,0.0,0.0155,0.0,-0.0155,0.866025,0.5,1
1681,4.0167,0.0,0.014,0.0,-0.014,0.868199,0.496217,1
1682,4.0333,0.0,0.0146,0.0,-0.0146,0.870356,0.492424,1
1683,4.05,0.0,0.0186,0.0,-0.0186,0.872496,0.488621,1
1684,4.0667,0.0,0.0156,0.0,-0.0156,0.87462,0.48481,1
1685,4.0833,0.0,0.0136,0.0,-0.0136,0.876727,0.480989,1
1686,4.1,0.0,0.0124,0.0,-0.0124,0.878817,0.477159,1
1687,4.1167,0.0,0.0159,0.0,-0.0159,0.880891,0.47332,1
1688,4.1333,0.0,0.0106,0.0,-0.0106,0.882948,0.469472,1
1689,4.15,0.0,0.0142,0.0,-0.0142,0.884988,0.465615,1
1690,4.1667,0.0,0.0136,0.0,-0.0136,0.887011,0.461749,1
1691,4.1833,0.0,0.014,0.0,-0.014,0.889017,0.457874,1
1692,4.2,0.0,0.016,0.0,-0.016,0.891007,0.45399,1
1693,4.2167,0.0,0.0139,0.0,-0.0139,0.892979,0.450098,1
1694,4.2333,0.0,0.018,0.0,-0.018,0.894934,0.446198,1
1695,4.25,0.0,0.0113,0.0,-0.0113,0.896873,0.442289,1
1696,4.2667,0.0,0.0146,0.0,-0.0146,0.898794,0.438371,1
1697,4.2833,0.0,0.016,0.0,-0.016,0.900698,0.434445,1
1698,4.3,0.0,0.0159,0.0,-0.0159,0.902585,0.430511,1
1699,4.3167,0.0,0.0131,0.0,-0.0131,0.904455,0.426569,1
1700,4.3333,0.0,0.017,0.0,-0.017,0.906308,0.422618,1
1701,4.35,0.0,0.0173,0.0,-0.0173,0.908143,0.41866,1
1702,4.3667,0.0,0.015,0.0,-0.015,0.909961,0.414693,1
1703,4.3833,0.0,0.0115,0.0,-0.0115,0.911762,0.410719,1
1704,4.4,0.0,0.017,0.0,-0.017,0.913545,0.406737,1
1705,4.4167,0.0,0.013,0.0,-0.013,0.915311,0.402747,1
1706,4.4333,0.0,0.0124,0.0,-0.0124,0.91706,0.398749,1
1707,4.45,0.0,0.0176,0.0,-0.0176,0.918791,0.394744,1
1708,4.4667,0.0,0.0124,0.0,-0.0124,0.920505,0.390731,1
1709,4.4833,0.0,0.0151,0.0,-0.0151,0.922201,0.386711,1
1710,4.5,0.0,0.0117,0.0,-0.0117,0.92388,0.382683,1
1711,4.5167,0.0,0.0163,0.0,-0.0163,0.925541,0.378649,1
1712,4.5333,0.0,0.0171,0.0,-0.0171,0.927184,0.374607,1
1713,4.55,0.0,0.0153,0.0,-0.0153,0.92881,0.370557,1
1714,4.5667,0.0,0.0133,0.0,-0.0133,0.930418,0.366501,1
1715,4.5833,0.0,0.0173,0.0,-0.0173,0.932008,0.362438,1
1716,4.6,0.0,0.0124,0.0,-0.0124,0.93358,0.358368,1
1717,4.6167,0.0,0.0155,0.0,-0.0155,0.935135,0.354291,1
1718,4.6333,0.0,0.0145,0.0,-0.0145,0.936672,0.350207,1
1719,4.65,0.0,0.0165,0.0,-0.0165,0.938191,0.346117,1
1720,4.6667,0.0,0.0121,0.0,-0.0121,0.939693,0.34202,1
1721,4.6833,0.0,0.0104,0.0,-0.0104,0.941176,0.337917,1
1722,4.7,0.0,0.0136,0.0,-0.0136,0.942641,0.333807,1
1723,4.7167,0.0,0.0113,0.0,-0.0113,0.944089,0.329691,1
1724,4.7333,0.0,0.016,0.0,-0.016,0.945519,0.325568,1
1725,4.75,0.0,0.0158,0.0,-0.0158,0.94693,0.321439,1
1726,4.7667,0.0,0.0136,0.0,-0.0136,0.948324,0.317305,1
1727,4.7833,0.0,0.0083,0.0,-0.0083,0.949699,0.313164,1
1728,4.8,0.0,0.0128,0.0,-0.0128,0.951057,0.309017,1
1729,4.8167,0.0,0.0132,0.0,-0.0132,0.952396,0.304864,1
1730,4.8333,0.0,0.0132,0.0,-0.0132,0.953717,0.300706,1
1731,4.85,0.0,0.0135,0.0,-0.0135,0.95502,0.296542,1
1732,4.8667,0.0,0.0157,0.0,-0.0157,0.956305,0.292372,1
1733,4.8833,0.0,0.0165,0.0,-0.0165,0.957571,0.288196,1
1734,4.9,0.0,0.0132,0.0,-0.0132,0.95882,0.284015,1
1735,4.9167,0.0,0.0142,0.0,-0.0142,0.96005,0.279829,1
1736,4.9333,0.0,0.0131,0.0,-0.0131,0.961262,0.275637,1
1737,4.95,0.0,0.0134,0.0,-0.0134,0.962455,0.27144,1
1738,4.9667,0.0,0.0127,0.0,-0.0127,0.96363,0.267238,1
1739,4.9833,0.0,0.0115,0.0,-0.0115,0.964787,0.263031,1
1740,5.0,0.0,0.0169,0.0,-0.0169,0.965926,0.258819,1
1741,5.0167,0.0,0.0117,0.0,-0.0117,0.967046,0.254602,1
1742,5.0333,0.0,0.0162,0.0,-0.0162,0.968148,0.25038,1
1743,5.05,0.0,0.0182,0.0,-0.0182,0.969231,0.246153,1
1744,5.0667,0.0,0.0157,0.0,-0.0157,0.970296,0.241922,1
1745,5.0833,0.0,0.018,0.0,-0.018,0.971342,0.237686,1
1746,5.1,0.0,0.0168,0.0,-0.0168,0.97237,0.233445,1
1747,5.1167,0.0,0.0184,0.0,-0.0184,0.973379,0.2292,1
1748,5.1333,0.0,0.0161,0.0,-0.0161,0.97437,0.224951,1
1749,5.15,0.0,0.0177,0.0,-0.0177,0.975342,0.220697,1
1750,5.1667,0.0,0.0182,0.0,-0.0182,0.976296,0.21644,1
1751,5.1833,0.0,0.0158,0.0,-0.0158,0.977231,0.212178,1
1752,5.2,0.0,0.0123,0.0,-0.0123,0.978148,0.207912,1
1753,5.2167,0.0,0.0115,0.0,-0.0115,0.979045,0.203642,1
1754,5.2333,0.0,0.017,0.0,-0.017,0.979925,0.199368,1
1755,5.25,0.0,0.016,0.0,-0.016,0.980785,0.19509,1
1756,5.2667,0.0,0.0152,0.0,-0.0152,0.981627,0.190809,1
1757,5.2833,0.0,0.0135,0.0,-0.0135,0.98245,0.186524,1
1758,5.3,0.0,0.0154,0.0,-0.0154,0.983255,0.182236,1
1759,5.3167,0.0,0.0144,0.0,-0.0144,0.984041,0.177944,1
1760,5.3333,0.0,0.016,0.0,-0.016,0.984808,0.173648,1
1761,5.35,0.0,0.0144,0.0,-0.0144,0.985556,0.16935,1
1762,5.3667,0.0,0.0165,0.0,-0.0165,0.986286,0.165048,1
1763,5.3833,0.0,0.0126,0.0,-0.0126,0.986996,0.160743,1
1764,5.4,0.0,0.0128,0.0,-0.0128,0.987688,0.156434,1
1765,5.4167,0.0,0.0114,0.0,-0.0114,0.988362,0.152123,1
1766,5.4333,0.0,0.0133,0.0,-0.0133,0.989016,0.147809,1
1767,5.45,0.0,0.0122,0.0,-0.0122,0.989651,0.143493,1
1768,5.4667,0.0,0.0167,0.0,-0.0167,0.990268,0.139173,1
1769,5.4833,0.0,0.0166,0.0,-0.0166,0.990866,0.134851,1
1770,5.5,0.0,0.0152,0.0,-0.0152,0.991445,0.130526,1
1771,5.5167,0.0,0.0168,0.0,-0.0168,0.992005,0.126199,1
1772,5.5333,0.0,0.0115,0.0,-0.0115,0.992546,0.121869,1
1773,5.55,0.0,0.0145,0.0,-0.0145,0.993068,0.117537,1
1774,5.5667,0.0,0.0156,0.0,-0.0156,0.993572,0.113203,1
1775,5.5833,0.0,0.0143,0.0,-0.0143,0.994056,0.108867,1
1776,5.6,0.0,0.0175,0.0,-0.0175,0.994522,0.104528,1
1777,5.6167,0.0,0.0123,0.0,-0.0123,0.994969,0.100188,1
1778,5.6333,0.0,0.0146,0.0,-0.0146,0.995396,0.095846,1
1779,5.65,0.0,0.0113,0.0,-0.0113,0.995805,0.091502,1
1780,5.6667,0.0,0.0156,0.0,-0.0156,0.996195,0.087156,1
1781,5.6833,0.0,0.0138,0.0,-0.0138,0.996566,0.082808,1
1782,5.7,0.0,0.0164,0.0,-0.0164,0.996917,0.078459,1
1783,5.7167,0.0,0.0159,0.0,-0.0159,0.99725,0.074108,1
1784,5.7333,0.0,0.0106,0.0,-0.0106,0.997564,0.069756,1
1785,5.75,0.0,0.0187,0.0,-0.0187,0.997859,0.065403,1
1786,5.7667,0.0,0.0169,0.0,-0.0169,0.998135,0.061049,1
1787,5.7833,0.0,0.0147,0.0,-0.0147,0.998392,0.056693,1
1788,5.8,0.0,0.0152,0.0,-0.0152,0.99863,0.052336,1
1789,5.8167,0.0,0.0126,0.0,-0.0126,0.998848,0.047978,1
1790,5.8333,0.0,0.0124,0.0,-0.0124,0.999048,0.043619,1
1791,5.85,0.0,0.0122,0.0,-0.0122,0.999229,0.03926,1
1792,5.8667,0.0,0.0123,0.0,-0.0123,0.999391,0.034899,1
1793,5.8833,0.0,0.0134,0.0,-0.0134,0.999534,0.030539,1
1794,5.9,0.0,0.0166,0.0,-0.0166,0.999657,0.026177,1
1795,5.9167,0.0,0.0111,0.0,-0.0111,0.999762,0.021815,1
1796,5.9333,0.0,0.014,0.0,-0.014,0.999848,0.017452,1
1797,5.95,0.0,0.0102,0.0,-0.0102,0.999914,0.01309,1
1798,5.9667,0.0,0.018,0.0,-0.018,0.999962,0.008727,1
1799,5.9833,0.0,0.0132,0.0,-0.0132,0.99999,0.004363,1
1800,6.0,0.0,0.0224,0.0,-0.0224,1.0,0.0,1
1801,6.0167,0.000583,0.0276,0.0,-0.027017,0.99999,-0.004363,1
1802,6.0333,0.003267,0.026,0.0,-0.022733,0.999962,-0.008727,1
1803,6.05,0.001583,0.0263,0.0,-0.024717,0.999914,-0.01309,1
1804,6.0667,0.00225,0.0232,0.0,-0.02095,0.999848,-0.017452,1
1805,6.0833,0.000617,0.0279,0.0,-0.027283,0.999762,-0.021815,1
1806,6.1,0.00405,0.0242,0.0,-0.02015,0.999657,-0.026177,1
1807,6.1167,0.00025,0.0242,0.0,-0.02395,0.999534,-0.030539,1
1808,6.1333,0.007933,0.0252,0.0,-0.017267,0.999391,-0.034899,1
1809,6.15,0.002333,0.0245,0.0,-0.022167,0.999229,-0.03926,1
1810,6.1667,0.002483,0.0266,0.0,-0.024117,0.999048,-0.043619,1
1811,6.1833,0.00365,0.0263,0.0,-0.02265,0.998848,-0.047978,1
1812,6.2,0.003783,0.0284,0.0,-0.024617,0.99863,-0.052336,1
1813,6.2167,0.01135,0.0231,0.0,-0.01175,0.998392,-0.056693,1
1814,6.2333,0.006783,0.0256,0.0,-0.018817,0.998135,-0.061049,1
1815,6.25,0.0089,0.0263,0.0,-0.0174,0.997859,-0.065403,1
1816,6.2667,0.007083,0.0264,0.0,-0.019317,0.997564,-0.069756,1
1817,6.2833,0.004367,0.0241,0.0,-0.019733,0.99725,-0.074108,1
1818,6.3,0.00885,0.0268,0.0,-0.01795,0.996917,-0.078459,1
1819,6.3167,0.006167,0.0273,0.0,-0.021133,0.996566,-0.082808,1
1820,6.3333,0.0115,0.0275,0.0,-0.016,0.996195,-0.087156,1
1821,6.35,0.009517,0.0252,0.0,-0.015683,0.995805,-0.091502,1
1822,6.3667,0.015983,0.0293,0.0,-0.013317,0.995396,-0.095846,1
1823,6.3833,0.013767,0.0257,0.0,-0.011933,0.994969,-0.100188,1
1824,6.4,0.006917,0.0255,0.0,-0.018583,0.994522,-0.104528,1
1825,6.4167,0.0175,0.0259,0.0,-0.0084,0.994056,-0.108867,1
1826,6.4333,0.012783,0.0293,0.0,-0.016517,0.993572,-0.113203,1
1827,6.45,0.012017,0.0274,0.0,-0.015383,0.993068,-0.117537,1
1828,6.4667,0.0185,0.0271,0.0,-0.0086,0.992546,-0.121869,1
1829,6.4833,0.0156,0.0246,0.0,-0.009,0.992005,-0.126199,1
1830,6.5,0.02205,0.0274,0.0,-0.00535,0.991445,-0.130526,1
1831,6.5167,0.019267,0.0245,0.0,-0.005233,0.990866,-0.134851,1
1832,6.5333,0.015383,0.027,0.0,-0.011617,0.990268,-0.139173,1
1833,6.55,0.01545,0.0259,0.0,-0.01045,0.989651,-0.143493,1
1834,6.5667,0.01645,0.0245,0.0,-0.00805,0.989016,-0.147809,1
1835,6.5833,0.017133,0.0294,0.0,-0.012267,0.988362,-0.152123,1
1836,6.6,0.016033,0.0276,0.0,-0.011567,0.987688,-0.156434,1
1837,6.6167,0.013667,0.0262,0.0,-0.012533,0.986996,-0.160743,1
1838,6.6333,0.017433,0.0224,0.0,-0.004967,0.986286,-0.165048,1
1839,6.65,0.018983,0.0283,0.0,-0.009317,0.985556,-0.16935,1
1840,6.6667,0.022767,0.0254,0.0,-0.002633,0.984808,-0.173648,1
1841,6.6833,0.022033,0.028,0.0,-0.005967,0.984041,-0.177944,1
1842,6.7,0.019667,0.0279,0.0,-0.008233,0.983255,-0.182236,1
1843,6.7167,0.022167,0.0292,0.0,-0.007033,0.98245,-0.186524,1
1844,6.7333,0.022217,0.0297,0.0,-0.007483,0.981627,-0.190809,1
1845,6.75,0.026233,0.025,0.0012,0.001233,0.980785,-0.19509,0
1846,6.7667,0.020117,0.0254,0.0,-0.005283,0.979925,-0.199368,1
1847,6.7833,0.024067,0.0276,0.0,-0.003533,0.979045,-0.203642,1
1848,6.8,0.027233,0.0266,0.0006,0.000633,0.978148,-0.207912,0
1849,6.8167,0.023183,0.0252,0.0,-0.002017,0.977231,-0.212178,1
1850,6.8333,0.02695,0.027,0.0,-5e-05,0.976296,-0.21644,1
1851,6.85,0.025917,0.0268,0.0,-0.000883,0.975342,-0.220697,1
1852,6.8667,0.028867,0.0232,0.0057,0.005667,0.97437,-0.224951,0
1853,6.8833,0.028717,0.0263,0.0081,0.002417,0.973379,-0.2292,0
1854,6.9,0.026783,0.0289,0.006,-0.002117,0.97237,-0.233445,0
1855,6.9167,0.029383,0.0254,0.01,0.003983,0.971342,-0.237686,0
1856,6.9333,0.028283,0.0305,0.0078,-0.002217,0.970296,-0.241922,0
1857,6.95,0.03275,0.0247,0.0159,0.00805,0.969231,-0.246153,0
1858,6.9667,0.02315,0.0301,0.009,-0.00695,0.968148,-0.25038,0
1859,6.9833,0.028533,0.0263,0.0112,0.002233,0.967046,-0.254602,0
1860,7.0,0.027617,0.0467,0.0,-0.019083,0.965926,-0.258819,1
1861,7.0167,0.0333,0.0521,0.0,-0.0188,0.964787,-0.263031,1
1862,7.0333,0.0335,0.0468,0.0,-0.0133,0.96363,-0.267238,1
1863,7.05,0.031067,0.0501,0.0,-0.019033,0.962455,-0.27144,1
1864,7.0667,0.035,0.0494,0.0,-0.0144,0.961262,-0.275637,1
1865,7.0833,0.037133,0.0497,0.0,-0.012567,0.96005,-0.279829,1
1866,7.1,0.03585,0.0492,0.0,-0.01335,0.95882,-0.284015,1
1867,7.1167,0.031433,0.0514,0.0,-0.019967,0.957571,-0.288196,1
1868,7.1333,0.0365,0.0447,0.0,-0.0082,0.956305,-0.292372,1
1869,7.15,0.035717,0.0474,0.0,-0.011683,0.95502,-0.296542,1
1870,7.1667,0.035983,0.0478,0.0,-0.011817,0.953717,-0.300706,1
1871,7.1833,0.041217,0.0462,0.0,-0.004983,0.952396,-0.304864,1
1872,7.2,0.034783,0.0473,0.0,-0.012517,0.951057,-0.309017,1
1873,7.2167,0.03505,0.0472,0.0,-0.01215,0.949699,-0.313164,1
1874,7.2333,0.040767,0.0468,0.0,-0.006033,0.948324,-0.317305,1
1875,7.25,0.0381,0.05,0.0,-0.0119,0.94693,-0.321439,1
1876,7.2667,0.039433,0.0461,0.0,-0.006667,0.945519,-0.325568,1
1877,7.2833,0.038217,0.0492,0.0,-0.010983,0.944089,-0.329691,1
1878,7.3,0.041817,0.0496,0.0,-0.007783,0.942641,-0.333807,1
1879,7.3167,0.039583,0.0468,0.0,-0.007217,0.941176,-0.337917,1
1880,7.3333,0.038133,0.0512,0.0,-0.013067,0.939693,-0.34202,1
1881,7.35,0.043467,0.0482,0.0,-0.004733,0.938191,-0.346117,1
1882,7.3667,0.045383,0.0484,0.0,-0.003017,0.936672,-0.350207,1
1883,7.3833,0.03885,0.0482,0.0,-0.00935,0.935135,-0.354291,1
1884,7.4,0.045483,0.0476,0.0,-0.002117,0.93358,-0.358368,1
1885,7.4167,0.042167,0.048,0.0,-0.005833,0.932008,-0.362438,1
1886,7.4333,0.0427,0.0492,0.0,-0.0065,0.930418,-0.366501,1
1887,7.45,0.04625,0.0421,0.0042,0.00415,0.92881,-0.370557,0
1888,7.4667,0.041717,0.0454,0.0005,-0.003683,0.927184,-0.374607,0
1889,7.4833,0.04875,0.0488,0.0004,-5e-05,0.925541,-0.378649,0
1890,7.5,0.046583,0.047,0.0,-0.000417,0.92388,-0.382683,1
1891,7.5167,0.045567,0.0483,0.0,-0.002733,0.922201,-0.386711,1
1892,7.5333,0.0452,0.0483,0.0,-0.0031,0.920505,-0.390731,1
1893,7.55,0.04765,0.0519,0.0,-0.00425,0.918791,-0.394744,1
1894,7.5667,0.04705,0.0469,0.0002,0.00015,0.91706,-0.398749,0
1895,7.5833,0.046683,0.0477,0.0,-0.001017,0.915311,-0.402747,1
1896,7.6,0.048533,0.0469,0.0016,0.001633,0.913545,-0.406737,0
1897,7.6167,0.046367,0.0467,0.0013,-0.000333,0.911762,-0.410719,0
1898,7.6333,0.052983,0.0512,0.0031,0.001783,0.909961,-0.414693,0
1899,7.65,0.0482,0.0481,0.0032,0.0001,0.908143,-0.41866,0
1900,7.6667,0.052517,0.0471,0.0086,0.005417,0.906308,-0.422618,0
1901,7.6833,0.053233,0.0462,0.0156,0.007033,0.904455,-0.426569,0
1902,7.7,0.0514,0.0469,0.0201,0.0045,0.902585,-0.430511,0
1903,7.7167,0.055267,0.0478,0.0276,0.007467,0.900698,-0.434445,0
1904,7.7333,0.05345,0.0477,0.0333,0.00575,0.898794,-0.438371,0
1905,7.75,0.048033,0.0462,0.0351,0.001833,0.896873,-0.442289,0
1906,7.7667,0.052033,0.0519,0.0352,0.000133,0.894934,-0.446198,0
1907,7.7833,0.055267,0.0458,0.0447,0.009467,0.892979,-0.450098,0
1908,7.8,0.053267,0.0528,0.0452,0.000467,0.891007,-0.45399,0
1909,7.8167,0.054,0.0479,0.0513,0.0061,0.889017,-0.457874,0
1910,7.8333,0.0574,0.0467,0.062,0.0107,0.887011,-0.461749,0
1911,7.85,0.05575,0.0485,0.0692,0.00725,0.884988,-0.465615,0
1912,7.8667,0.052483,0.0462,0.0755,0.006283,0.882948,-0.469472,0
1913,7.8833,0.0494,0.0486,0.0763,0.0008,0.880891,-0.47332,0
1914,7.9,0.055967,0.049,0.0833,0.006967,0.878817,-0.477159,0
1915,7.9167,0.052767,0.0487,0.0874,0.004067,0.876727,-0.480989,0
1916,7.9333,0.059617,0.0486,0.0984,0.011017,0.87462,-0.48481,0
1917,7.95,0.061167,0.0505,0.1091,0.010667,0.872496,-0.488621,0
1918,7.9667,0.06055,0.0484,0.1212,0.01215,0.870356,-0.492424,0
1919,7.9833,0.060233,0.0477,0.1337,0.012533,0.868199,-0.496217,0
1920,8.0,0.061083,0.0469,0.1479,0.014183,0.866025,-0.5,0
1921,8.0167,0.068,0.05,0.1659,0.018,0.863836,-0.503774,0
1922,8.0333,0.061183,0.0441,0.183,0.017083,0.861629,-0.507538,0
1923,8.05,0.065017,0.0478,0.2002,0.017217,0.859406,-0.511293,0
1924,8.0667,0.061317,0.0486,0.2129,0.012717,0.857167,-0.515038,0
1925,8.0833,0.062367,0.0478,0.2275,0.014567,0.854912,-0.518773,0
1926,8.1,0.05785,0.046,0.2394,0.01185,0.85264,-0.522499,0
1927,8.1167,0.065317,0.0461,0.2586,0.019217,0.850352,-0.526214,0
1928,8.1333,0.063933,0.047,0.2755,0.016933,0.848048,-0.529919,0
1929,8.15,0.061617,0.0525,0.2846,0.009117,0.845728,-0.533615,0
1930,8.1667,0.061167,0.0491,0.2967,0.012067,0.843391,-0.5373,0
1931,8.1833,0.061267,0.0477,0.3103,0.013567,0.841039,-0.540974,0
1932,8.2,0.0674,0.0481,0.3296,0.0193,0.838671,-0.544639,0
1933,8.2167,0.065883,0.0492,0.3463,0.016683,0.836286,-0.548293,0
1934,8.2333,0.065217,0.0489,0.3626,0.016317,0.833886,-0.551937,0
1935,8.25,0.067417,0.0465,0.3835,0.020917,0.83147,-0.55557,0
1936,8.2667,0.069783,0.0521,0.4012,0.017683,0.829038,-0.559193,0
1937,8.2833,0.0667,0.0482,0.4197,0.0185,0.82659,-0.562805,0
1938,8.3,0.0704,0.047,0.4431,0.0234,0.824126,-0.566406,0
1939,8.3167,0.068567,0.0476,0.4641,0.020967,0.821647,-0.569997,0
1940,8.3333,0.06895,0.0458,0.4873,0.02315,0.819152,-0.573576,0
1941,8.35,0.067217,0.0461,0.5084,0.021117,0.816642,-0.577145,0
1942,8.3667,0.073483,0.0514,0.5305,0.022083,0.814116,-0.580703,0
1943,8.3833,0.068967,0.0503,0.5492,0.018667,0.811574,-0.58425,0
1944,8.4,0.070083,0.0452,0.5741,0.024883,0.809017,-0.587785,0
1945,8.4167,0.072967,0.0495,0.5976,0.023467,0.806445,-0.59131,0
1946,8.4333,0.072883,0.0474,0.6231,0.025483,0.803857,-0.594823,0
1947,8.45,0.07095,0.051,0.643,0.01995,0.801254,-0.598325,0
1948,8.4667,0.074133,0.0505,0.6666,0.023633,0.798636,-0.601815,0
1949,8.4833,0.072817,0.0471,0.6923,0.025717,0.796002,-0.605294,0
1950,8.5,0.071817,0.0481,0.716,0.023717,0.793353,-0.608761,0
1951,8.5167,0.072533,0.05,0.7385,0.022533,0.79069,-0.612217,0
1952,8.5333,0.07325,0.0509,0.7609,0.02235,0.788011,-0.615661,0
1953,8.55,0.075117,0.049,0.787,0.026117,0.785317,-0.619094,0
1954,8.5667,0.069533,0.0485,0.808,0.021033,0.782608,-0.622515,0
1955,8.5833,0.076267,0.05,0.8343,0.026267,0.779884,-0.625923,0
1956,8.6,0.074717,0.0482,0.8608,0.026517,0.777146,-0.62932,0
1957,8.6167,0.07705,0.049,0.8888,0.02805,0.774393,-0.632705,0
1958,8.6333,0.0747,0.0481,0.9154,0.0266,0.771625,-0.636078,0
1959,8.65,0.078333,0.1058,0.8879,-0.027467,0.768842,-0.639439,0
1960,8.6667,0.081267,0.1014,0.8678,-0.020133,0.766044,-0.642788,0
1961,8.6833,0.081583,0.106,0.8434,-0.024417,0.763232,-0.646124,0
1962,8.7,0.074733,0.1037,0.8144,-0.028967,0.760406,-0.649448,0
1963,8.7167,0.077167,0.1055,0.7861,-0.028333,0.757565,-0.65276,0
1964,8.7333,0.080867,0.1034,0.7636,-0.022533,0.75471,-0.656059,0
1965,8.75,0.07805,0.1054,0.7362,-0.02735,0.75184,-0.659346,0
1966,8.7667,0.081117,0.1044,0.7129,-0.023283,0.748956,-0.66262,0
1967,8.7833,0.080417,0.1045,0.6888,-0.024083,0.746057,-0.665882,0
1968,8.8,0.082933,0.1017,0.67,-0.018767,0.743145,-0.669131,0
1969,8.8167,0.083317,0.1022,0.6511,-0.018883,0.740218,-0.672367,0
1970,8.8333,0.077033,0.1047,0.6234,-0.027667,0.737277,-0.67559,0
1971,8.85,0.08225,0.1058,0.5998,-0.02355,0.734323,-0.678801,0
1972,8.8667,0.0824,0.1045,0.5777,-0.0221,0.731354,-0.681998,0
1973,8.8833,0.0815,0.1009,0.5583,-0.0194,0.728371,-0.685183,0
1974,8.9,0.081483,0.1038,0.536,-0.022317,0.725374,-0.688355,0
1975,8.9167,0.08075,0.1038,0.513,-0.02305,0.722364,-0.691513,0
1976,8.9333,0.082167,0.1022,0.493,-0.020033,0.71934,-0.694658,0
1977,8.95,0.087383,0.1047,0.4757,-0.017317,0.716302,-0.69779,0
1978,8.9667,0.085433,0.1003,0.4608,-0.014867,0.71325,-0.700909,0
1979,8.9833,0.0874,0.0995,0.4487,-0.0121,0.710185,-0.704015,0
1980,9.0,0.08115,0.0822,0.4476,-0.00105,0.707107,-0.707107,0
1981,9.0167,0.088467,0.083,0.4531,0.005467,0.704015,-0.710185,0
1982,9.0333,0.08775,0.0798,0.4611,0.00795,0.700909,-0.71325,0
1983,9.05,0.088917,0.0807,0.4693,0.008217,0.69779,-0.716302,0
1984,9.0667,0.090367,0.0839,0.4758,0.006467,0.694658,-0.71934,0
1985,9.0833,0.087267,0.0834,0.4797,0.003867,0.691513,-0.722364,0
1986,9.1,0.09,0.0848,0.4849,0.0052,0.688355,-0.725374,0
1987,9.1167,0.087267,0.0837,0.4885,0.003567,0.685183,-0.728371,0
1988,9.1333,0.090917,0.083,0.4964,0.007917,0.681998,-0.731354,0
1989,9.15,0.089067,0.0822,0.5033,0.006867,0.678801,-0.734323,0
1990,9.1667,0.091583,0.0828,0.5121,0.008783,0.67559,-0.737277,0
1991,9.1833,0.089783,0.0793,0.5226,0.010483,0.672367,-0.740218,0
1992,9.2,0.087367,0.0822,0.5278,0.005167,0.669131,-0.743145,0
1993,9.2167,0.08845,0.0825,0.5338,0.00595,0.665882,-0.746057,0
1994,9.2333,0.090217,0.083,0.541,0.007217,0.66262,-0.748956,0
1995,9.25,0.091183,0.0809,0.5513,0.010283,0.659346,-0.75184,0
1996,9.2667,0.08935,0.0849,0.5557,0.00445,0.656059,-0.75471,0
1997,9.2833,0.086233,0.0838,0.5581,0.002433,0.65276,-0.757565,0
1998,9.3,0.091933,0.0823,0.5677,0.009633,0.649448,-0.760406,0
1999,9.3167,0.092717,0.0792,0.5812,0.013517,0.646124,-0.763232,0
2000,9.3333,0.09385,0.0802,0.5948,0.01365,0.642788,-0.766044,0
2001,9.35,0.092583,0.082,0.6054,0.010583,0.639439,-0.768842,0
2002,9.3667,0.09225,0.0812,0.6165,0.01105,0.636078,-0.771625,0
2003,9.3833,0.093167,0.0835,0.6262,0.009667,0.632705,-0.774393,0
2004,9.4,0.0902,0.0793,0.6371,0.0109,0.62932,-0.777146,0
2005,9.4167,0.09435,0.0849,0.6465,0.00945,0.625923,-0.779884,0
2006,9.4333,0.091333,0.0816,0.6562,0.009733,0.622515,-0.782608,0
2007,9.45,0.092967,0.0795,0.6697,0.013467,0.619094,-0.785317,0
2008,9.4667,0.094617,0.0794,0.6849,0.015217,0.615661,-0.788011,0
2009,9.4833,0.097767,0.0827,0.7,0.015067,0.612217,-0.79069,0
2010,9.5,0.092333,0.0831,0.7092,0.009233,0.608761,-0.793353,0
2011,9.5167,0.09445,0.0805,0.7232,0.01395,0.605294,-0.796002,0
2012,9.5333,0.097583,0.0784,0.7424,0.019183,0.601815,-0.798636,0
2013,9.55,0.098767,0.0816,0.7596,0.017167,0.598325,-0.801254,0
2014,9.5667,0.092117,0.0809,0.7708,0.011217,0.594823,-0.803857,0
2015,9.5833,0.098383,0.0834,0.7858,0.014983,0.59131,-0.806445,0
2016,9.6,0.0962,0.0827,0.7993,0.0135,0.587785,-0.809017,0
2017,9.6167,0.09625,0.0805,0.8151,0.01575,0.58425,-0.811574,0
2018,9.6333,0.09885,0.0798,0.8341,0.01905,0.580703,-0.814116,0
2019,9.65,0.097033,0.0806,0.8505,0.016433,0.577145,-0.816642,0
2020,9.6667,0.0991,0.0823,0.8673,0.0168,0.573576,-0.819152,0
2021,9.6833,0.1008,0.0821,0.886,0.0187,0.569997,-0.821647,0
2022,9.7,0.103133,0.0827,0.9064,0.020433,0.566406,-0.824126,0
2023,9.7167,0.099867,0.0863,0.92,0.013567,0.562805,-0.82659,0
2024,9.7333,0.095133,0.0811,0.934,0.014033,0.559193,-0.829038,0
2025,9.75,0.095467,0.0859,0.9436,0.009567,0.55557,-0.83147,0
2026,9.7667,0.1027,0.0243,1.022,0.0784,0.551937,-0.833886,0
2027,9.7833,0.100417,0.0281,1.0943,0.072317,0.548293,-0.836286,0
2028,9.8,0.103617,0.0291,1.1688,0.074517,0.544639,-0.838671,0
2029,9.8167,0.0989,0.0255,1.2422,0.0734,0.540974,-0.841039,0
2030,9.8333,0.097783,0.0262,1.3138,0.071583,0.5373,-0.843391,0
2031,9.85,0.1017,0.0245,1.391,0.0772,0.533615,-0.845728,0
2032,9.8667,0.101317,0.0285,1.4638,0.072817,0.529919,-0.848048,0
2033,9.8833,0.102533,0.029,1.5373,0.073533,0.526214,-0.850352,0
2034,9.9,0.102967,0.0229,1.6174,0.080067,0.522499,-0.85264,0
2035,9.9167,0.102783,0.0292,1.691,0.073583,0.518773,-0.854912,0
2036,9.9333,0.103183,0.0251,1.7691,0.078083,0.515038,-0.857167,0
2037,9.95,0.097017,0.0232,1.8429,0.073817,0.511293,-0.859406,0
2038,9.9667,0.105533,0.0274,1.921,0.078133,0.507538,-0.861629,0
2039,9.9833,0.102,0.023,2.0,0.079,0.503774,-0.863836,0
2040,10.0,0.103767,0.0277,2.0761,0.076067,0.5,-0.866025,0
2041,10.0167,0.1046,0.0284,2.1523,0.0762,0.496217,-0.868199,0
2042,10.0333,0.101633,0.0232,2.2307,0.078433,0.492424,-0.870356,0
2043,10.05,0.1038,0.0231,2.3114,0.0807,0.488621,-0.872496,0
2044,10.0667,0.107383,0.0255,2.3933,0.081883,0.48481,-0.87462,0
2045,10.0833,0.10565,0.0272,2.4717,0.07845,0.480989,-0.876727,0
2046,10.1,0.106383,0.0249,2.5532,0.081483,0.477159,-0.878817,0
2047,10.1167,0.107583,0.0242,2.6366,0.083383,0.47332,-0.880891,0
2048,10.1333,0.11035,0.0274,2.7195,0.08295,0.469472,-0.882948,0
2049,10.15,0.1003,0.0259,2.7939,0.0744,0.465615,-0.884988,0
2050,10.1667,0.105567,0.0248,2.8747,0.080767,0.461749,-0.887011,0
2051,10.1833,0.110267,0.0273,2.9577,0.082967,0.457874,-0.889017,0
2052,10.2,0.105917,0.029,3.0346,0.076917,0.45399,-0.891007,0
2053,10.2167,0.106183,0.0281,3.1127,0.078083,0.450098,-0.892979,0
2054,10.2333,0.110233,0.0282,3.1947,0.082033,0.446198,-0.894934,0
2055,10.25,0.104917,0.0245,3.2751,0.080417,0.442289,-0.896873,0
2056,10.2667,0.10725,0.0253,3.3571,0.08195,0.438371,-0.898794,0
2057,10.2833,0.11295,0.0265,3.4436,0.08645,0.434445,-0.900698,0
2058,10.3,0.1054,0.0272,3.5218,0.0782,0.430511,-0.902585,0
2059,10.3167,0.10525,0.0276,3.5994,0.07765,0.426569,-0.904455,0
2060,10.3333,0.106733,0.0254,3.6807,0.081333,0.422618,-0.906308,0
2061,10.35,0.11105,0.0259,3.7658,0.08515,0.41866,-0.908143,0
2062,10.3667,0.11155,0.0253,3.852,0.08625,0.414693,-0.909961,0
2063,10.3833,0.107267,0.0242,3.9351,0.083067,0.410719,-0.911762,0
2064,10.4,0.108683,0.0238,4.02,0.084883,0.406737,-0.913545,0
2065,10.4167,0.10705,0.0274,4.0996,0.07965,0.402747,-0.915311,0
2066,10.4333,0.11225,0.03,4.1818,0.08225,0.398749,-0.91706,0
2067,10.45,0.107817,0.0266,4.263,0.081217,0.394744,-0.918791,0
2068,10.4667,0.110183,0.0233,4.3499,0.086883,0.390731,-0.920505,0
2069,10.4833,0.112583,0.0261,4.4364,0.086483,0.386711,-0.922201,0
2070,10.5,0.11295,0.0245,4.5248,0.08845,0.382683,-0.92388,0
2071,10.5167,0.113,0.0239,4.6139,0.0891,0.378649,-0.925541,0
2072,10.5333,0.111883,0.029,4.6968,0.082883,0.374607,-0.927184,0
2073,10.55,0.108667,0.027,4.7785,0.081667,0.370557,-0.92881,0
2074,10.5667,0.1122,0.026,4.8647,0.0862,0.366501,-0.930418,0
2075,10.5833,0.111933,0.0268,4.9498,0.085133,0.362438,-0.932008,0
2076,10.6,0.1128,0.0256,5.037,0.0872,0.358368,-0.93358,0
2077,10.6167,0.111733,0.0267,5.122,0.085033,0.354291,-0.935135,0
2078,10.6333,0.114983,0.0272,5.2098,0.087783,0.350207,-0.936672,0
2079,10.65,0.117233,0.0245,5.3025,0.092733,0.346117,-0.938191,0
2080,10.6667,0.112767,0.0268,5.3885,0.085967,0.34202,-0.939693,0
2081,10.6833,0.109817,0.0274,5.4709,0.082417,0.337917,-0.941176,0
2082,10.7,0.112867,0.0265,5.5573,0.086367,0.333807,-0.942641,0
2083,10.7167,0.111783,0.0245,5.6446,0.087283,0.329691,-0.944089,0
2084,10.7333,0.11645,0.029,5.7321,0.08745,0.325568,-0.945519,0
2085,10.75,0.11335,0.0251,5.8203,0.08825,0.321439,-0.94693,0
2086,10.7667,0.115167,0.0269,5.9086,0.088267,0.317305,-0.948324,0
2087,10.7833,0.1135,0.0295,5.9926,0.084,0.313164,-0.949699,0
2088,10.8,0.117167,0.024,6.0858,0.093167,0.309017,-0.951057,0
2089,10.8167,0.114367,0.0254,6.1748,0.088967,0.304864,-0.952396,0
2090,10.8333,0.1173,0.0261,6.266,0.0912,0.300706,-0.953717,0
2091,10.85,0.11595,0.0267,6.3552,0.08925,0.296542,-0.95502,0
2092,10.8667,0.114,0.0257,6.4435,0.0883,0.292372,-0.956305,0
2093,10.8833,0.1139,0.0268,6.5306,0.0871,0.288196,-0.957571,0
2094,10.9,0.11155,0.0269,6.6152,0.08465,0.284015,-0.95882,0
2095,10.9167,0.114733,0.0257,6.7042,0.089033,0.279829,-0.96005,0
2096,10.9333,0.11455,0.0257,6.7931,0.08885,0.275637,-0.961262,0
2097,10.95,0.116817,0.0272,6.8827,0.089617,0.27144,-0.962455,0
2098,10.9667,0.108933,0.0259,6.9657,0.083033,0.267238,-0.96363,0
2099,10.9833,0.1161,0.0259,7.0559,0.0902,0.263031,-0.964787,0
2100,11.0,0.118333,0.0217,7.1525,0.096633,0.258819,-0.965926,0
2101,11.0167,0.116867,0.0288,7.2406,0.088067,0.254602,-0.967046,0
2102,11.0333,0.1141,0.0269,7.3278,0.0872,0.25038,-0.968148,0
2103,11.05,0.113917,0.0234,7.4183,0.090517,0.246153,-0.969231,0
2104,11.0667,0.118917,0.0297,7.5075,0.089217,0.241922,-0.970296,0
2105,11.0833,0.11555,0.0281,7.5949,0.08745,0.237686,-0.971342,0
2106,11.1,0.114833,0.0254,7.6843,0.089433,0.233445,-0.97237,0
2107,11.1167,0.116833,0.0269,7.7742,0.089933,0.2292,-0.973379,0
2108,11.1333,0.115833,0.0292,7.8608,0.086633,0.224951,-0.97437,0
2109,11.15,0.116567,0.0286,7.9488,0.087967,0.220697,-0.975342,0
2110,11.1667,0.116283,0.0284,8.0367,0.087883,0.21644,-0.976296,0
2111,11.1833,0.113783,0.0235,8.127,0.090283,0.212178,-0.977231,0
2112,11.2,0.116917,0.0231,8.2208,0.093817,0.207912,-0.978148,0
2113,11.2167,0.11845,0.0246,8.3147,0.09385,0.203642,-0.979045,0
2114,11.2333,0.1165,0.0285,8.4027,0.088,0.199368,-0.979925,0
2115,11.25,0.12015,0.0244,8.4985,0.09575,0.19509,-0.980785,0
2116,11.2667,0.115217,0.0265,8.5872,0.088717,0.190809,-0.981627,0
2117,11.2833,0.115017,0.0249,8.6773,0.090117,0.186524,-0.98245,0
2118,11.3,0.11625,0.0266,8.767,0.08965,0.182236,-0.983255,0
2119,11.3167,0.115083,0.0251,8.857,0.089983,0.177944,-0.984041,0
2120,11.3333,0.116033,0.0295,8.9435,0.086533,0.173648,-0.984808,0
2121,11.35,0.116133,0.0318,9.0278,0.084333,0.16935,-0.985556,0
2122,11.3667,0.123167,0.0252,9.1258,0.097967,0.165048,-0.986286,0
2123,11.3833,0.1167,0.026,9.2165,0.0907,0.160743,-0.986996,0
2124,11.4,0.118817,0.0261,9.3092,0.092717,0.156434,-0.987688,0
2125,11.4167,0.118283,0.0269,9.4006,0.091383,0.152123,-0.988362,0
2126,11.4333,0.1186,0.0283,9.4909,0.0903,0.147809,-0.989016,0
2127,11.45,0.119583,0.0251,9.5854,0.094483,0.143493,-0.989651,0
2128,11.4667,0.118167,0.0254,9.6782,0.092767,0.139173,-0.990268,0
2129,11.4833,0.121483,0.027,9.7727,0.094483,0.134851,-0.990866,0
2130,11.5,0.1212,0.0251,9.8688,0.0961,0.130526,-0.991445,0
2131,11.5167,0.120433,0.0269,9.9623,0.093533,0.126199,-0.992005,0
2132,11.5333,0.120483,0.0261,10.0567,0.094383,0.121869,-0.992546,0
2133,11.55,0.114933,0.0225,10.1491,0.092433,0.117537,-0.993068,0
2134,11.5667,0.12215,0.0266,10.2447,0.09555,0.113203,-0.993572,0
2135,11.5833,0.12005,0.0242,10.3406,0.09585,0.108867,-0.994056,0
2136,11.6,0.121433,0.0258,10.4362,0.095633,0.104528,-0.994522,0
2137,11.6167,0.117867,0.0255,10.5286,0.092367,0.100188,-0.994969,0
2138,11.6333,0.120233,0.029,10.6198,0.091233,0.095846,-0.995396,0
2139,11.65,0.119383,0.0229,10.7163,0.096483,0.091502,-0.995805,0
2140,11.6667,0.120733,0.0282,10.8088,0.092533,0.087156,-0.996195,0
2141,11.6833,0.12125,0.0278,10.9023,0.09345,0.082808,-0.996566,0
2142,11.7,0.116867,0.0278,10.9914,0.089067,0.078459,-0.996917,0
2143,11.7167,0.117583,0.0267,11.0823,0.090883,0.074108,-0.99725,0
2144,11.7333,0.1201,0.0274,11.175,0.0927,0.069756,-0.997564,0
2145,11.75,0.119633,0.0241,11.2705,0.095533,0.065403,-0.997859,0
2146,11.7667,0.11955,0.0283,11.3618,0.09125,0.061049,-0.998135,0
2147,11.7833,0.119233,0.0256,11.4554,0.093633,0.056693,-0.998392,0
2148,11.8,0.119017,0.0272,11.5472,0.091817,0.052336,-0.99863,0
2149,11.8167,0.11765,0.0279,11.6369,0.08975,0.047978,-0.998848,0
2150,11.8333,0.118533,0.026,11.7294,0.092533,0.043619,-0.999048,0
2151,11.85,0.118783,0.0235,11.8247,0.095283,0.03926,-0.999229,0
2152,11.8667,0.116183,0.0268,11.9141,0.089383,0.034899,-0.999391,0
2153,11.8833,0.122267,0.0248,12.0116,0.097467,0.030539,-0.999534,0
2154,11.9,0.119667,0.025,12.1063,0.094667,0.026177,-0.999657,0
2155,11.9167,0.1206,0.0254,12.2015,0.0952,0.021815,-0.999762,0
2156,11.9333,0.11835,0.025,12.2948,0.09335,0.017452,-0.999848,0
2157,11.95,0.117917,0.0253,12.3874,0.092617,0.01309,-0.999914,0
2158,11.9667,0.125,0.0229,12.4895,0.1021,0.008727,-0.999962,0
2159,11.9833,0.119683,0.0298,12.5794,0.089883,0.004363,-0.99999,0
2160,12.0,0.115283,0.0234,12.6713,0.091883,0.0,-1.0,0
2161,12.0167,0.115383,0.0247,12.762,0.090683,-0.004363,-0.99999,0
2162,12.0333,0.119183,0.0239,12.8573,0.095283,-0.008727,-0.999962,0
2163,12.05,0.121067,0.0269,12.9515,0.094167,-0.01309,-0.999914,0
2164,12.0667,0.120217,0.0292,13.0425,0.091017,-0.017452,-0.999848,0
2165,12.0833,0.1202,0.0278,13.1349,0.0924,-0.021815,-0.999762,0
2166,12.1,0.119817,0.03,13.2247,0.089817,-0.026177,-0.999657,0
2167,12.1167,0.123767,0.0243,13.3242,0.099467,-0.030539,-0.999534,0
2168,12.1333,0.118267,0.0241,13.4184,0.094167,-0.034899,-0.999391,0
2169,12.15,0.118383,0.0238,13.513,0.094583,-0.03926,-0.999229,0
2170,12.1667,0.1165,0.0249,13.6046,0.0916,-0.043619,-0.999048,0
2171,12.1833,0.1159,0.0247,13.6958,0.0912,-0.047978,-0.998848,0
2172,12.2,0.12325,0.0223,13.7968,0.10095,-0.052336,-0.99863,0
2173,12.2167,0.121867,0.0229,13.8958,0.098967,-0.056693,-0.998392,0
2174,12.2333,0.121467,0.0266,13.9907,0.094867,-0.061049,-0.998135,0
2175,12.25,0.1197,0.028,14.0824,0.0917,-0.065403,-0.997859,0
2176,12.2667,0.117867,0.0288,14.1715,0.089067,-0.069756,-0.997564,0
2177,12.2833,0.117417,0.0313,14.2576,0.086117,-0.074108,-0.99725,0
2178,12.3,0.123133,0.0243,14.3564,0.098833,-0.078459,-0.996917,0
2179,12.3167,0.1198,0.0271,14.4491,0.0927,-0.082808,-0.996566,0
2180,12.3333,0.120533,0.0288,14.5408,0.091733,-0.087156,-0.996195,0
2181,12.35,0.115567,0.024,14.6324,0.091567,-0.091502,-0.995805,0
2182,12.3667,0.119517,0.0247,14.7272,0.094817,-0.095846,-0.995396,0
2183,12.3833,0.1173,0.0265,14.818,0.0908,-0.100188,-0.994969,0
2184,12.4,0.115933,0.0267,14.9072,0.089233,-0.104528,-0.994522,0
2185,12.4167,0.11785,0.0234,15.0,0.09445,-0.108867,-0.994056,0
2186,12.4333,0.120983,0.026,15.0,0.094983,-0.113203,-0.993572,0
2187,12.45,0.114,0.0314,15.0,0.0826,-0.117537,-0.993068,0
2188,12.4667,0.116583,0.0263,15.0,0.090283,-0.121869,-0.992546,0
2189,12.4833,0.118933,0.0284,15.0,0.090533,-0.126199,-0.992005,0
2190,12.5,0.121683,0.0258,15.0,0.095883,-0.130526,-0.991445,0
2191,12.5167,0.121217,0.029,15.0,0.092217,-0.134851,-0.990866,0
2192,12.5333,0.113117,0.026,15.0,0.087117,-0.139173,-0.990268,0
2193,12.55,0.120183,0.0243,15.0,0.095883,-0.143493,-0.989651,0
2194,12.5667,0.118017,0.0265,15.0,0.091517,-0.147809,-0.989016,0
2195,12.5833,0.1204,0.0284,15.0,0.092,-0.152123,-0.988362,0
2196,12.6,0.115683,0.026,15.0,0.089683,-0.156434,-0.987688,0
2197,12.6167,0.117317,0.0242,15.0,0.093117,-0.160743,-0.986996,0
2198,12.6333,0.1166,0.0268,15.0,0.0898,-0.165048,-0.986286,0
2199,12.65,0.119867,0.0273,15.0,0.092567,-0.16935,-0.985556,0
2200,12.6667,0.120883,0.024,15.0,0.096883,-0.173648,-0.984808,0
2201,12.6833,0.120883,0.0266,15.0,0.094283,-0.177944,-0.984041,0
2202,12.7,0.12195,0.0248,15.0,0.09715,-0.182236,-0.983255,0
2203,12.7167,0.1182,0.025,15.0,0.0932,-0.186524,-0.98245,0
2204,12.7333,0.120933,0.0261,15.0,0.094833,-0.190809,-0.981627,0
2205,12.75,0.11465,0.0275,15.0,0.08715,-0.19509,-0.980785,0
2206,12.7667,0.1194,0.0304,15.0,0.089,-0.199368,-0.979925,0
2207,12.7833,0.11425,0.0288,15.0,0.08545,-0.203642,-0.979045,0
2208,12.8,0.118617,0.0275,15.0,0.091117,-0.207912,-0.978148,0
2209,12.8167,0.115333,0.0212,15.0,0.094133,-0.212178,-0.977231,0
2210,12.8333,0.115233,0.0257,15.0,0.089533,-0.21644,-0.976296,0
2211,12.85,0.113533,0.0306,15.0,0.082933,-0.220697,-0.975342,0
2212,12.8667,0.115833,0.0246,15.0,0.091233,-0.224951,-0.97437,0
2213,12.8833,0.120433,0.0273,15.0,0.093133,-0.2292,-0.973379,0
2214,12.9,0.119017,0.0327,15.0,0.086317,-0.233445,-0.97237,0
2215,12.9167,0.117433,0.026,15.0,0.091433,-0.237686,-0.971342,0
2216,12.9333,0.118433,0.0269,15.0,0.091533,-0.241922,-0.970296,0
2217,12.95,0.115833,0.0248,15.0,0.091033,-0.246153,-0.969231,0
2218,12.9667,0.115583,0.0269,15.0,0.088683,-0.25038,-0.968148,0
2219,12.9833,0.119833,0.0241,15.0,0.095733,-0.254602,-0.967046,0
2220,13.0,0.115717,0.0275,15.0,0.088217,-0.258819,-0.965926,0
2221,13.0167,0.115567,0.0279,15.0,0.087667,-0.263031,-0.964787,0
2222,13.0333,0.113317,0.0273,15.0,0.086017,-0.267238,-0.96363,0
2223,13.05,0.117567,0.0292,15.0,0.088367,-0.27144,-0.962455,0
2224,13.0667,0.11775,0.0249,15.0,0.09285,-0.275637,-0.961262,0
2225,13.0833,0.119967,0.0264,15.0,0.093567,-0.279829,-0.96005,0
2226,13.1,0.1134,0.0245,15.0,0.0889,-0.284015,-0.95882,0
2227,13.1167,0.11465,0.027,15.0,0.08765,-0.288196,-0.957571,0
2228,13.1333,0.112617,0.0241,15.0,0.088517,-0.292372,-0.956305,0
2229,13.15,0.110883,0.0269,15.0,0.083983,-0.296542,-0.95502,0
2230,13.1667,0.1138,0.027,15.0,0.0868,-0.300706,-0.953717,0
2231,13.1833,0.11445,0.0247,15.0,0.08975,-0.304864,-0.952396,0
2232,13.2,0.113867,0.024,15.0,0.089867,-0.309017,-0.951057,0
2233,13.2167,0.117133,0.0279,15.0,0.089233,-0.313164,-0.949699,0
2234,13.2333,0.115933,0.0249,15.0,0.091033,-0.317305,-0.948324,0
2235,13.25,0.112067,0.0269,15.0,0.085167,-0.321439,-0.94693,0
2236,13.2667,0.1084,0.0245,15.0,0.0839,-0.325568,-0.945519,0
2237,13.2833,0.115017,0.0254,15.0,0.089617,-0.329691,-0.944089,0
2238,13.3,0.116983,0.0231,15.0,0.093883,-0.333807,-0.942641,0
2239,13.3167,0.1093,0.0268,15.0,0.0825,-0.337917,-0.941176,0
2240,13.3333,0.113667,0.0256,15.0,0.088067,-0.34202,-0.939693,0
2241,13.35,0.113733,0.0271,15.0,0.086633,-0.346117,-0.938191,0
2242,13.3667,0.11685,0.0253,15.0,0.09155,-0.350207,-0.936672,0
2243,13.3833,0.112167,0.0256,15.0,0.086567,-0.354291,-0.935135,0
2244,13.4,0.1119,0.0265,15.0,0.0854,-0.358368,-0.93358,0
2245,13.4167,0.1117,0.0275,15.0,0.0842,-0.362438,-0.932008,0
2246,13.4333,0.11105,0.026,15.0,0.08505,-0.366501,-0.930418,0
2247,13.45,0.108867,0.0268,15.0,0.082067,-0.370557,-0.92881,0
2248,13.4667,0.110617,0.0251,15.0,0.085517,-0.374607,-0.927184,0
2249,13.4833,0.105583,0.0284,15.0,0.077183,-0.378649,-0.925541,0
2250,13.5,0.108733,0.0268,15.0,0.081933,-0.382683,-0.92388,0
2251,13.5167,0.112033,0.0286,15.0,0.083433,-0.386711,-0.922201,0
2252,13.5333,0.114283,0.0232,15.0,0.091083,-0.390731,-0.920505,0
2253,13.55,0.109317,0.0263,15.0,0.083017,-0.394744,-0.918791,0
2254,13.5667,0.111017,0.0252,15.0,0.085817,-0.398749,-0.91706,0
2255,13.5833,0.112717,0.0282,15.0,0.084517,-0.402747,-0.915311,0
2256,13.6,0.1096,0.0285,15.0,0.0811,-0.406737,-0.913545,0
2257,13.6167,0.110067,0.0292,15.0,0.080867,-0.410719,-0.911762,0
2258,13.6333,0.10605,0.0268,15.0,0.07925,-0.414693,-0.909961,0
2259,13.65,0.108117,0.027,15.0,0.081117,-0.41866,-0.908143,0
2260,13.6667,0.1054,0.0283,15.0,0.0771,-0.422618,-0.906308,0
2261,13.6833,0.106933,0.0268,15.0,0.080133,-0.426569,-0.904455,0
2262,13.7,0.107617,0.0231,15.0,0.084517,-0.430511,-0.902585,0
2263,13.7167,0.10455,0.0254,15.0,0.07915,-0.434445,-0.900698,0
2264,13.7333,0.108233,0.0293,15.0,0.078933,-0.438371,-0.898794,0
2265,13.75,0.10645,0.0269,15.0,0.07955,-0.442289,-0.896873,0
2266,13.7667,0.10645,0.0257,15.0,0.08075,-0.446198,-0.894934,0
2267,13.7833,0.1081,0.029,15.0,0.0791,-0.450098,-0.892979,0
2268,13.8,0.108267,0.029,15.0,0.079267,-0.45399,-0.891007,0
2269,13.8167,0.109917,0.023,15.0,0.086917,-0.457874,-0.889017,0
2270,13.8333,0.108167,0.0209,15.0,0.087267,-0.461749,-0.887011,0
2271,13.85,0.106517,0.0281,15.0,0.078417,-0.465615,-0.884988,0
2272,13.8667,0.1065,0.0264,15.0,0.0801,-0.469472,-0.882948,0
2273,13.8833,0.107383,0.0274,15.0,0.079983,-0.47332,-0.880891,0
2274,13.9,0.10675,0.0256,15.0,0.08115,-0.477159,-0.878817,0
2275,13.9167,0.106483,0.0239,15.0,0.082583,-0.480989,-0.876727,0
2276,13.9333,0.111867,0.0255,15.0,0.086367,-0.48481,-0.87462,0
2277,13.95,0.10225,0.024,15.0,0.07825,-0.488621,-0.872496,0
2278,13.9667,0.103017,0.0266,15.0,0.076417,-0.492424,-0.870356,0
2279,13.9833,0.1064,0.0304,15.0,0.076,-0.496217,-0.868199,0
2280,14.0,0.105,0.0263,15.0,0.0787,-0.5,-0.866025,0
2281,14.0167,0.10655,0.0232,15.0,0.08335,-0.503774,-0.863836,0
2282,14.0333,0.10305,0.0272,15.0,0.07585,-0.507538,-0.861629,0
2283,14.05,0.104817,0.0222,15.0,0.082617,-0.511293,-0.859406,0
2284,14.0667,0.099283,0.0266,15.0,0.072683,-0.515038,-0.857167,0
2285,14.0833,0.103583,0.0305,15.0,0.073083,-0.518773,-0.854912,0
2286,14.1,0.1026,0.0263,15.0,0.0763,-0.522499,-0.85264,0
2287,14.1167,0.104983,0.0232,15.0,0.081783,-0.526214,-0.850352,0
2288,14.1333,0.103583,0.0268,15.0,0.076783,-0.529919,-0.848048,0
2289,14.15,0.099017,0.0256,15.0,0.073417,-0.533615,-0.845728,0
2290,14.1667,0.1042,0.0267,15.0,0.0775,-0.5373,-0.843391,0
2291,14.1833,0.10485,0.0248,15.0,0.08005,-0.540974,-0.841039,0
2292,14.2,0.100683,0.0226,15.0,0.078083,-0.544639,-0.838671,0
2293,14.2167,0.102883,0.0266,15.0,0.076283,-0.548293,-0.836286,0
2294,14.2333,0.0964,0.0267,15.0,0.0697,-0.551937,-0.833886,0
2295,14.25,0.097733,0.0258,15.0,0.071933,-0.55557,-0.83147,0
2296,14.2667,0.098917,0.0248,15.0,0.074117,-0.559193,-0.829038,0
2297,14.2833,0.094733,0.0258,15.0,0.068933,-0.562805,-0.82659,0
2298,14.3,0.09725,0.0263,15.0,0.07095,-0.566406,-0.824126,0
2299,14.3167,0.099833,0.0269,15.0,0.072933,-0.569997,-0.821647,0
2300,14.3333,0.09455,0.0233,15.0,0.07125,-0.573576,-0.819152,0
2301,14.35,0.1059,0.0277,15.0,0.0782,-0.577145,-0.816642,0
2302,14.3667,0.097417,0.0265,15.0,0.070917,-0.580703,-0.814116,0
2303,14.3833,0.100367,0.028,15.0,0.072367,-0.58425,-0.811574,0
2304,14.4,0.09275,0.0259,15.0,0.06685,-0.587785,-0.809017,0
2305,14.4167,0.095783,0.0267,15.0,0.069083,-0.59131,-0.806445,0
2306,14.4333,0.095817,0.0238,15.0,0.072017,-0.594823,-0.803857,0
2307,14.45,0.0982,0.0248,15.0,0.0734,-0.598325,-0.801254,0
2308,14.4667,0.098967,0.0236,15.0,0.075367,-0.601815,-0.798636,0
2309,14.4833,0.093767,0.0284,15.0,0.065367,-0.605294,-0.796002,0
2310,14.5,0.093067,0.0268,15.0,0.066267,-0.608761,-0.793353,0
2311,14.5167,0.097033,0.0248,15.0,0.072233,-0.612217,-0.79069,0
2312,14.5333,0.096117,0.028,15.0,0.068117,-0.615661,-0.788011,0
2313,14.55,0.094217,0.0284,15.0,0.065817,-0.619094,-0.785317,0
2314,14.5667,0.094067,0.0229,15.0,0.071167,-0.622515,-0.782608,0
2315,14.5833,0.094567,0.0235,15.0,0.071067,-0.625923,-0.779884,0
2316,14.6,0.093533,0.0286,15.0,0.064933,-0.62932,-0.777146,0
2317,14.6167,0.0912,0.0243,15.0,0.0669,-0.632705,-0.774393,0
2318,14.6333,0.09265,0.0319,15.0,0.06075,-0.636078,-0.771625,0
2319,14.65,0.090183,0.0258,15.0,0.064383,-0.639439,-0.768842,0
2320,14.6667,0.089717,0.0258,15.0,0.063917,-0.642788,-0.766044,0
2321,14.6833,0.0922,0.0252,15.0,0.067,-0.646124,-0.763232,0
2322,14.7,0.09065,0.0251,15.0,0.06555,-0.649448,-0.760406,0
2323,14.7167,0.0905,0.0284,15.0,0.0621,-0.65276,-0.757565,0
2324,14.7333,0.090133,0.0263,15.0,0.063833,-0.656059,-0.75471,0
2325,14.75,0.0908,0.0253,15.0,0.0655,-0.659346,-0.75184,0
2326,14.7667,0.090917,0.0275,15.0,0.063417,-0.66262,-0.748956,0
2327,14.7833,0.087283,0.027,15.0,0.060283,-0.665882,-0.746057,0
2328,14.8,0.090683,0.0256,15.0,0.065083,-0.669131,-0.743145,0
2329,14.8167,0.08615,0.0255,15.0,0.06065,-0.672367,-0.740218,0
2330,14.8333,0.08735,0.0236,15.0,0.06375,-0.67559,-0.737277,0
2331,14.85,0.087367,0.0279,15.0,0.059467,-0.678801,-0.734323,0
2332,14.8667,0.08785,0.0279,15.0,0.05995,-0.681998,-0.731354,0
2333,14.8833,0.087083,0.023,15.0,0.064083,-0.685183,-0.728371,0
2334,14.9,0.082867,0.0249,15.0,0.057967,-0.688355,-0.725374,0
2335,14.9167,0.08905,0.0251,15.0,0.06395,-0.691513,-0.722364,0
2336,14.9333,0.088,0.0269,15.0,0.0611,-0.694658,-0.71934,0
2337,14.95,0.08435,0.0277,15.0,0.05665,-0.69779,-0.716302,0
2338,14.9667,0.085017,0.0276,15.0,0.057417,-0.700909,-0.71325,0
2339,14.9833,0.0892,0.0254,15.0,0.0638,-0.704015,-0.710185,0
2340,15.0,0.082383,0.0271,15.0,0.055283,-0.707107,-0.707107,0
2341,15.0167,0.081883,0.0312,15.0,0.050683,-0.710185,-0.704015,0
2342,15.0333,0.084383,0.0263,15.0,0.058083,-0.71325,-0.700909,0
2343,15.05,0.085183,0.0324,15.0,0.052783,-0.716302,-0.69779,0
2344,15.0667,0.085617,0.028,15.0,0.057617,-0.71934,-0.694658,0
2345,15.0833,0.084983,0.0266,15.0,0.058383,-0.722364,-0.691513,0
2346,15.1,0.082333,0.0259,15.0,0.056433,-0.725374,-0.688355,0
2347,15.1167,0.08005,0.0286,15.0,0.05145,-0.728371,-0.685183,0
2348,15.1333,0.0816,0.0251,15.0,0.0565,-0.731354,-0.681998,0
2349,15.15,0.082217,0.025,15.0,0.057217,-0.734323,-0.678801,0
2350,15.1667,0.08115,0.0256,15.0,0.05555,-0.737277,-0.67559,0
2351,15.1833,0.079833,0.0264,15.0,0.053433,-0.740218,-0.672367,0
2352,15.2,0.081983,0.0294,15.0,0.052583,-0.743145,-0.669131,0
2353,15.2167,0.076467,0.0295,15.0,0.046967,-0.746057,-0.665882,0
2354,15.2333,0.0843,0.0257,15.0,0.0586,-0.748956,-0.66262,0
2355,15.25,0.083633,0.0255,15.0,0.058133,-0.75184,-0.659346,0
2356,15.2667,0.078667,0.0282,15.0,0.050467,-0.75471,-0.656059,0
2357,15.2833,0.0774,0.0298,15.0,0.0476,-0.757565,-0.65276,0
2358,15.3,0.0793,0.027,15.0,0.0523,-0.760406,-0.649448,0
2359,15.3167,0.074633,0.027,15.0,0.047633,-0.763232,-0.646124,0
2360,15.3333,0.0749,0.024,15.0,0.0509,-0.766044,-0.642788,0
2361,15.35,0.0701,0.0281,15.0,0.042,-0.768842,-0.639439,0
2362,15.3667,0.0757,0.0257,15.0,0.05,-0.771625,-0.636078,0
2363,15.3833,0.077033,0.0247,15.0,0.052333,-0.774393,-0.632705,0
2364,15.4,0.078733,0.0245,15.0,0.054233,-0.777146,-0.62932,0
2365,15.4167,0.071983,0.0255,15.0,0.046483,-0.779884,-0.625923,0
2366,15.4333,0.068867,0.0274,15.0,0.041467,-0.782608,-0.622515,0
2367,15.45,0.072183,0.0257,15.0,0.046483,-0.785317,-0.619094,0
2368,15.4667,0.070967,0.0262,15.0,0.044767,-0.788011,-0.615661,0
2369,15.4833,0.073433,0.0266,15.0,0.046833,-0.79069,-0.612217,0
2370,15.5,0.0675,0.0251,15.0,0.0424,-0.793353,-0.608761,0
2371,15.5167,0.075983,0.0267,15.0,0.049283,-0.796002,-0.605294,0
2372,15.5333,0.073517,0.0259,15.0,0.047617,-0.798636,-0.601815,0
2373,15.55,0.074983,0.0293,15.0,0.045683,-0.801254,-0.598325,0
2374,15.5667,0.073883,0.0277,15.0,0.046183,-0.803857,-0.594823,0
2375,15.5833,0.074233,0.0258,15.0,0.048433,-0.806445,-0.59131,0
2376,15.6,0.0756,0.0237,15.0,0.0519,-0.809017,-0.587785,0
2377,15.6167,0.072433,0.0336,15.0,0.038833,-0.811574,-0.58425,0
2378,15.6333,0.067217,0.0286,15.0,0.038617,-0.814116,-0.580703,0
2379,15.65,0.068767,0.0259,15.0,0.042867,-0.816642,-0.577145,0
2380,15.6667,0.0697,0.0271,15.0,0.0426,-0.819152,-0.573576,0
2381,15.6833,0.067417,0.0286,15.0,0.038817,-0.821647,-0.569997,0
2382,15.7,0.067733,0.0282,15.0,0.039533,-0.824126,-0.566406,0
2383,15.7167,0.069217,0.027,15.0,0.042217,-0.82659,-0.562805,0
2384,15.7333,0.06915,0.0254,15.0,0.04375,-0.829038,-0.559193,0
2385,15.75,0.068517,0.0254,15.0,0.043117,-0.83147,-0.55557,0
2386,15.7667,0.065283,0.027,15.0,0.038283,-0.833886,-0.551937,0
2387,15.7833,0.064233,0.0294,15.0,0.034833,-0.836286,-0.548293,0
2388,15.8,0.065617,0.0248,15.0,0.040817,-0.838671,-0.544639,0
2389,15.8167,0.063533,0.0292,15.0,0.034333,-0.841039,-0.540974,0
2390,15.8333,0.063383,0.0263,15.0,0.037083,-0.843391,-0.5373,0
2391,15.85,0.06345,0.0242,15.0,0.03925,-0.845728,-0.533615,0
2392,15.8667,0.067667,0.0282,15.0,0.039467,-0.848048,-0.529919,0
2393,15.8833,0.057783,0.0246,15.0,0.033183,-0.850352,-0.526214,0
2394,15.9,0.06215,0.0282,15.0,0.03395,-0.85264,-0.522499,0
2395,15.9167,0.0633,0.0259,15.0,0.0374,-0.854912,-0.518773,0
2396,15.9333,0.06155,0.0274,15.0,0.03415,-0.857167,-0.515038,0
2397,15.95,0.058967,0.0268,15.0,0.032167,-0.859406,-0.511293,0
2398,15.9667,0.063017,0.026,15.0,0.037017,-0.861629,-0.507538,0
2399,15.9833,0.06135,0.0298,15.0,0.03155,-0.863836,-0.503774,0
2400,16.0,0.05985,0.0259,15.0,0.03395,-0.866025,-0.5,0
2401,16.0167,0.061183,0.0316,15.0,0.029583,-0.868199,-0.496217,0
2402,16.0333,0.055583,0.0269,15.0,0.028683,-0.870356,-0.492424,0
2403,16.05,0.061533,0.0267,15.0,0.034833,-0.872496,-0.488621,0
2404,16.0667,0.0566,0.0262,15.0,0.0304,-0.87462,-0.48481,0
2405,16.0833,0.0616,0.0305,15.0,0.0311,-0.876727,-0.480989,0
2406,16.1,0.056683,0.0293,15.0,0.027383,-0.878817,-0.477159,0
2407,16.1167,0.0583,0.0307,15.0,0.0276,-0.880891,-0.47332,0
2408,16.1333,0.05655,0.0269,15.0,0.02965,-0.882948,-0.469472,0
2409,16.15,0.054383,0.0245,15.0,0.029883,-0.884988,-0.465615,0
2410,16.1667,0.051083,0.0247,15.0,0.026383,-0.887011,-0.461749,0
2411,16.1833,0.057483,0.0317,15.0,0.025783,-0.889017,-0.457874,0
2412,16.2,0.0544,0.0261,15.0,0.0283,-0.891007,-0.45399,0
2413,16.2167,0.0573,0.0255,15.0,0.0318,-0.892979,-0.450098,0
2414,16.2333,0.055183,0.0222,15.0,0.032983,-0.894934,-0.446198,0
2415,16.25,0.05445,0.0266,15.0,0.02785,-0.896873,-0.442289,0
2416,16.2667,0.052517,0.0239,15.0,0.028617,-0.898794,-0.438371,0
2417,16.2833,0.05495,0.0278,15.0,0.02715,-0.900698,-0.434445,0
2418,16.3,0.051517,0.0257,15.0,0.025817,-0.902585,-0.430511,0
2419,16.3167,0.054117,0.027,15.0,0.027117,-0.904455,-0.426569,0
2420,16.3333,0.050033,0.0224,15.0,0.027633,-0.906308,-0.422618,0
2421,16.35,0.049867,0.026,15.0,0.023867,-0.908143,-0.41866,0
2422,16.3667,0.050067,0.0253,15.0,0.024767,-0.909961,-0.414693,0
2423,16.3833,0.045733,0.0256,15.0,0.020133,-0.911762,-0.410719,0
2424,16.4,0.044417,0.0272,15.0,0.017217,-0.913545,-0.406737,0
2425,16.4167,0.048183,0.0265,15.0,0.021683,-0.915311,-0.402747,0
2426,16.4333,0.0486,0.0302,15.0,0.0184,-0.91706,-0.398749,0
2427,16.45,0.050117,0.0229,15.0,0.027217,-0.918791,-0.394744,0
2428,16.4667,0.042667,0.0281,15.0,0.014567,-0.920505,-0.390731,0
2429,16.4833,0.04595,0.0268,15.0,0.01915,-0.922201,-0.386711,0
2430,16.5,0.044767,0.0302,15.0,0.014567,-0.92388,-0.382683,0
2431,16.5167,0.040833,0.0247,15.0,0.016133,-0.925541,-0.378649,0
2432,16.5333,0.045667,0.0265,15.0,0.019167,-0.927184,-0.374607,0
2433,16.55,0.04755,0.0267,15.0,0.02085,-0.92881,-0.370557,0
2434,16.5667,0.0475,0.023,15.0,0.0245,-0.930418,-0.366501,0
2435,16.5833,0.043383,0.0253,15.0,0.018083,-0.932008,-0.362438,0
2436,16.6,0.04275,0.026,15.0,0.01675,-0.93358,-0.358368,0
2437,16.6167,0.0422,0.0287,15.0,0.0135,-0.935135,-0.354291,0
2438,16.6333,0.040617,0.0272,15.0,0.013417,-0.936672,-0.350207,0
2439,16.65,0.043183,0.0267,15.0,0.016483,-0.938191,-0.346117,0
2440,16.6667,0.045483,0.0273,15.0,0.018183,-0.939693,-0.34202,0
2441,16.6833,0.037117,0.0288,15.0,0.008317,-0.941176,-0.337917,0
2442,16.7,0.04215,0.0288,15.0,0.01335,-0.942641,-0.333807,0
2443,16.7167,0.043417,0.0242,15.0,0.019217,-0.944089,-0.329691,0
2444,16.7333,0.036917,0.0245,15.0,0.012417,-0.945519,-0.325568,0
2445,16.75,0.037317,0.0254,15.0,0.011917,-0.94693,-0.321439,0
2446,16.7667,0.035583,0.0264,15.0,0.009183,-0.948324,-0.317305,0
2447,16.7833,0.037783,0.0279,15.0,0.009883,-0.949699,-0.313164,0
2448,16.8,0.0362,0.0245,15.0,0.0117,-0.951057,-0.309017,0
2449,16.8167,0.04265,0.0244,15.0,0.01825,-0.952396,-0.304864,0
2450,16.8333,0.035617,0.027,15.0,0.008617,-0.953717,-0.300706,0
2451,16.85,0.034033,0.0255,15.0,0.008533,-0.95502,-0.296542,0
2452,16.8667,0.033,0.0281,15.0,0.0049,-0.956305,-0.292372,0
2453,16.8833,0.0364,0.0299,15.0,0.0065,-0.957571,-0.288196,0
2454,16.9,0.03315,0.0292,15.0,0.00395,-0.95882,-0.284015,0
2455,16.9167,0.035,0.0266,15.0,0.0084,-0.96005,-0.279829,0
2456,16.9333,0.032167,0.0282,15.0,0.003967,-0.961262,-0.275637,0
2457,16.95,0.033617,0.0276,15.0,0.006017,-0.962455,-0.27144,0
2458,16.9667,0.0295,0.0285,15.0,0.001,-0.96363,-0.267238,0
2459,16.9833,0.032967,0.0267,15.0,0.006267,-0.964787,-0.263031,0
2460,17.0,0.030717,0.0275,15.0,0.003217,-0.965926,-0.258819,0
2461,17.0167,0.032967,0.0298,15.0,0.003167,-0.967046,-0.254602,0
2462,17.0333,0.029667,0.0245,15.0,0.005167,-0.968148,-0.25038,0
2463,17.05,0.030283,0.0273,15.0,0.002983,-0.969231,-0.246153,0
2464,17.0667,0.0279,0.0244,15.0,0.0035,-0.970296,-0.241922,0
2465,17.0833,0.024083,0.024,15.0,8.3e-05,-0.971342,-0.237686,0
2466,17.1,0.023333,0.0262,14.9971,-0.002867,-0.97237,-0.233445,0
2467,17.1167,0.023183,0.0228,14.9975,0.000383,-0.973379,-0.2292,0
2468,17.1333,0.025167,0.0268,14.9959,-0.001633,-0.97437,-0.224951,0
2469,17.15,0.022617,0.0279,14.9906,-0.005283,-0.975342,-0.220697,0
2470,17.1667,0.028167,0.024,14.9948,0.004167,-0.976296,-0.21644,0
2471,17.1833,0.025317,0.0259,14.9942,-0.000583,-0.977231,-0.212178,0
2472,17.2,0.02765,0.0253,14.9965,0.00235,-0.978148,-0.207912,0
2473,17.2167,0.024967,0.024,14.9975,0.000967,-0.979045,-0.203642,0
2474,17.2333,0.020583,0.0304,14.9877,-0.009817,-0.979925,-0.199368,0
2475,17.25,0.023133,0.0238,14.987,-0.000667,-0.980785,-0.19509,0
2476,17.2667,0.02185,0.028,14.9809,-0.00615,-0.981627,-0.190809,0
2477,17.2833,0.020983,0.0246,14.9773,-0.003617,-0.98245,-0.186524,0
2478,17.3,0.021,0.0256,14.9727,-0.0046,-0.983255,-0.182236,0
2479,17.3167,0.021333,0.0241,14.9699,-0.002767,-0.984041,-0.177944,0
2480,17.3333,0.0217,0.0298,14.9618,-0.0081,-0.984808,-0.173648,0
2481,17.35,0.015317,0.0275,14.9496,-0.012183,-0.985556,-0.16935,0
2482,17.3667,0.019567,0.024,14.9452,-0.004433,-0.986286,-0.165048,0
2483,17.3833,0.017083,0.0232,14.9391,-0.006117,-0.986996,-0.160743,0
2484,17.4,0.012017,0.0239,14.9272,-0.011883,-0.987688,-0.156434,0
2485,17.4167,0.014467,0.0226,14.9191,-0.008133,-0.988362,-0.152123,0
2486,17.4333,0.014883,0.0242,14.9098,-0.009317,-0.989016,-0.147809,0
2487,17.45,0.014717,0.0278,14.8967,-0.013083,-0.989651,-0.143493,0
2488,17.4667,0.016367,0.0239,14.8892,-0.007533,-0.990268,-0.139173,0
2489,17.4833,0.0178,0.0244,14.8826,-0.0066,-0.990866,-0.134851,0
2490,17.5,0.013283,0.0304,14.8655,-0.017117,-0.991445,-0.130526,0
2491,17.5167,0.018617,0.0282,14.8559,-0.009583,-0.992005,-0.126199,0
2492,17.5333,0.012917,0.0271,14.8417,-0.014183,-0.992546,-0.121869,0
2493,17.55,0.01215,0.0272,14.8266,-0.01505,-0.993068,-0.117537,0
2494,17.5667,0.013133,0.0272,14.8125,-0.014067,-0.993572,-0.113203,0
2495,17.5833,0.013633,0.0268,14.7993,-0.013167,-0.994056,-0.108867,0
2496,17.6,0.013617,0.0269,14.786,-0.013283,-0.994522,-0.104528,0
2497,17.6167,0.015133,0.0249,14.7762,-0.009767,-0.994969,-0.100188,0
2498,17.6333,0.01105,0.0258,14.7614,-0.01475,-0.995396,-0.095846,0
2499,17.65,0.010533,0.0235,14.7484,-0.012967,-0.995805,-0.091502,0
2500,17.6667,0.01275,0.0273,14.7339,-0.01455,-0.996195,-0.087156,0
2501,17.6833,0.01205,0.0287,14.7172,-0.01665,-0.996566,-0.082808,0
2502,17.7,0.009733,0.0235,14.7034,-0.013767,-0.996917,-0.078459,0
2503,17.7167,0.008817,0.0263,14.6859,-0.017483,-0.99725,-0.074108,0
