sim_minute,hour_of_day,solar_output_kw,consumption_kw,battery_level_kwh,net_flow_kw,time_sin,time_cos,is_deficit
0,0.0,0.0,0.0243,4.9757,-0.0243,0.0,1.0,0
1,0.0167,0.0,0.0228,4.9529,-0.0228,0.004363,0.99999,0
2,0.0333,0.0,0.0183,4.9346,-0.0183,0.008727,0.999962,0
3,0.05,0.0,0.0195,4.9151,-0.0195,0.01309,0.999914,0
4,0.0667,0.0,0.0209,4.8942,-0.0209,0.017452,0.999848,0
5,0.0833,0.0,0.0216,4.8726,-0.0216,0.021815,0.999762,0
6,0.1,0.0,0.0216,4.851,-0.0216,0.026177,0.999657,0
7,0.1167,0.0,0.0219,4.8291,-0.0219,0.030539,0.999534,0
8,0.1333,0.0,0.0206,4.8085,-0.0206,0.034899,0.999391,0
9,0.15,0.0,0.0203,4.7882,-0.0203,0.03926,0.999229,0
10,0.1667,0.0,0.0224,4.7658,-0.0224,0.043619,0.999048,0
11,0.1833,0.0,0.0205,4.7453,-0.0205,0.047978,0.998848,0
12,0.2,0.0,0.0225,4.7228,-0.0225,0.052336,0.99863,0
13,0.2167,0.0,0.0211,4.7017,-0.0211,0.056693,0.998392,0
14,0.2333,0.0,0.0194,4.6823,-0.0194,0.061049,0.998135,0
15,0.25,0.0,0.0234,4.6589,-0.0234,0.065403,0.997859,0
16,0.2667,0.0,0.0209,4.638,-0.0209,0.069756,0.997564,0
17,0.2833,0.0,0.0205,4.6175,-0.0205,0.074108,0.99725,0
18,0.3,0.0,0.0227,4.5948,-0.0227,0.078459,0.996917,0
19,0.3167,0.0,0.0233,4.5715,-0.0233,0.082808,0.996566,0
20,0.3333,0.0,0.0213,4.5502,-0.0213,0.087156,0.996195,0
21,0.35,0.0,0.0198,4.5304,-0.0198,0.091502,0.995805,0
22,0.3667,0.0,0.0196,4.5108,-0.0196,0.095846,0.995396,0
23,0.3833,0.0,0.018,4.4928,-0.018,0.100188,0.994969,0
24,0.4,0.0,0.0208,4.472,-0.0208,0.104528,0.994522,0
25,0.4167,0.0,0.0214,4.4506,-0.0214,0.108867,0.994056,0
26,0.4333,0.0,0.0231,4.4275,-0.0231,0.113203,0.993572,0
27,0.45,0.0,0.0233,4.4042,-0.0233,0.117537,0.993068,0
28,0.4667,0.0,0.0219,4.3823,-0.0219,0.121869,0.992546,0
29,0.4833,0.0,0.0246,4.3577,-0.0246,0.126199,0.992005,0
30,0.5,0.0,0.0218,4.3359,-0.0218,0.130526,0.991445,0
31,0.5167,0.0,0.0198,4.3161,-0.0198,0.134851,0.990866,0
32,0.5333,0.0,0.0204,4.2957,-0.0204,0.139173,0.990268,0
33,0.55,0.0,0.0251,4.2706,-0.0251,0.143493,0.989651,0
34,0.5667,0.0,0.0184,4.2522,-0.0184,0.147809,0.989016,0
35,0.5833,0.0,0.0202,4.232,-0.0202,0.152123,0.988362,0
36,0.6,0.0,0.0206,4.2114,-0.0206,0.156434,0.987688,0
37,0.6167,0.0,0.0258,4.1856,-0.0258,0.160743,0.986996,0
38,0.6333,0.0,0.0236,4.162,-0.0236,0.165048,0.986286,0
39,0.65,0.0,0.0193,4.1427,-0.0193,0.16935,0.985556,0
40,0.6667,0.0,0.0212,4.1215,-0.0212,0.173648,0.984808,0
41,0.6833,0.0,0.0218,4.0997,-0.0218,0.177944,0.984041,0
42,0.7,0.0,0.024,4.0757,-0.024,0.182236,0.983255,0
43,0.7167,0.0,0.0214,4.0543,-0.0214,0.186524,0.98245,0
44,0.7333,0.0,0.0237,4.0306,-0.0237,0.190809,0.981627,0
45,0.75,0.0,0.0243,4.0063,-0.0243,0.19509,0.980785,0
46,0.7667,0.0,0.0213,3.985,-0.0213,0.199368,0.979925,0
47,0.7833,0.0,0.023,3.962,-0.023,0.203642,0.979045,0
48,0.8,0.0,0.0216,3.9404,-0.0216,0.207912,0.978148,0
49,0.8167,0.0,0.0216,3.9188,-0.0216,0.212178,0.977231,0
50,0.8333,0.0,0.0243,3.8945,-0.0243,0.21644,0.976296,0
51,0.85,0.0,0.0214,3.8731,-0.0214,0.220697,0.975342,0
52,0.8667,0.0,0.0202,3.8529,-0.0202,0.224951,0.97437,0
53,0.8833,0.0,0.026,3.8269,-0.026,0.2292,0.973379,0
54,0.9,0.0,0.0233,3.8036,-0.0233,0.233445,0.97237,0
55,0.9167,0.0,0.0233,3.7803,-0.0233,0.237686,0.971342,0
56,0.9333,0.0,0.0231,3.7572,-0.0231,0.241922,0.970296,0
57,0.95,0.0,0.0197,3.7375,-0.0197,0.246153,0.969231,0
58,0.9667,0.0,0.0253,3.7122,-0.0253,0.25038,0.968148,0
59,0.9833,0.0,0.0203,3.6919,-0.0203,0.254602,0.967046,0
60,1.0,0.0,0.0218,3.6701,-0.0218,0.258819,0.965926,0
61,1.0167,0.0,0.0232,3.6469,-0.0232,0.263031,0.964787,0
62,1.0333,0.0,0.021,3.6259,-0.021,0.267238,0.96363,0
63,1.05,0.0,0.0199,3.606,-0.0199,0.27144,0.962455,0
64,1.0667,0.0,0.0229,3.5831,-0.0229,0.275637,0.961262,0
65,1.0833,0.0,0.0232,3.5599,-0.0232,0.279829,0.96005,0
66,1.1,0.0,0.0212,3.5387,-0.0212,0.284015,0.95882,0
67,1.1167,0.0,0.0226,3.5161,-0.0226,0.288196,0.957571,0
68,1.1333,0.0,0.0219,3.4942,-0.0219,0.292372,0.956305,0
69,1.15,0.0,0.0237,3.4705,-0.0237,0.296542,0.95502,0
70,1.1667,0.0,0.0191,3.4514,-0.0191,0.300706,0.953717,0
71,1.1833,0.0,0.0197,3.4317,-0.0197,0.304864,0.952396,0
72,1.2,0.0,0.0219,3.4098,-0.0219,0.309017,0.951057,0
73,1.2167,0.0,0.0232,3.3866,-0.0232,0.313164,0.949699,0
74,1.2333,0.0,0.0213,3.3653,-0.0213,0.317305,0.948324,0
75,1.25,0.0,0.0226,3.3427,-0.0226,0.321439,0.94693,0
76,1.2667,0.0,0.022,3.3207,-0.022,0.325568,0.945519,0
77,1.2833,0.0,0.0206,3.3001,-0.0206,0.329691,0.944089,0
78,1.3,0.0,0.0228,3.2773,-0.0228,0.333807,0.942641,0
79,1.3167,0.0,0.0202,3.2571,-0.0202,0.337917,0.941176,0
80,1.3333,0.0,0.0243,3.2328,-0.0243,0.34202,0.939693,0
81,1.35,0.0,0.0194,3.2134,-0.0194,0.346117,0.938191,0
82,1.3667,0.0,0.0249,3.1885,-0.0249,0.350207,0.936672,0
83,1.3833,0.0,0.0173,3.1712,-0.0173,0.354291,0.935135,0
84,1.4,0.0,0.0212,3.15,-0.0212,0.358368,0.93358,0
85,1.4167,0.0,0.0221,3.1279,-0.0221,0.362438,0.932008,0
86,1.4333,0.0,0.0221,3.1058,-0.0221,0.366501,0.930418,0
87,1.45,0.0,0.0203,3.0855,-0.0203,0.370557,0.92881,0
88,1.4667,0.0,0.0221,3.0634,-0.0221,0.374607,0.927184,0
89,1.4833,0.0,0.0243,3.0391,-0.0243,0.378649,0.925541,0
90,1.5,0.0,0.0223,3.0168,-0.0223,0.382683,0.92388,0
91,1.5167,0.0,0.022,2.9948,-0.022,0.386711,0.922201,0
92,1.5333,0.0,0.0223,2.9725,-0.0223,0.390731,0.920505,0
93,1.55,0.0,0.0199,2.9526,-0.0199,0.394744,0.918791,0
94,1.5667,0.0,0.0252,2.9274,-0.0252,0.398749,0.91706,0
95,1.5833,0.0,0.0218,2.9056,-0.0218,0.402747,0.915311,0
96,1.6,0.0,0.023,2.8826,-0.023,0.406737,0.913545,0
97,1.6167,0.0,0.0229,2.8597,-0.0229,0.410719,0.911762,0
98,1.6333,0.0,0.0222,2.8375,-0.0222,0.414693,0.909961,0
99,1.65,0.0,0.0208,2.8167,-0.0208,0.41866,0.908143,0
100,1.6667,0.0,0.0217,2.795,-0.0217,0.422618,0.906308,0
101,1.6833,0.0,0.0251,2.7699,-0.0251,0.426569,0.904455,0
102,1.7,0.0,0.0221,2.7478,-0.0221,0.430511,0.902585,0
103,1.7167,0.0,0.0193,2.7285,-0.0193,0.434445,0.900698,0
104,1.7333,0.0,0.0227,2.7058,-0.0227,0.438371,0.898794,0
105,1.75,0.0,0.0216,2.6842,-0.0216,0.442289,0.896873,0
106,1.7667,0.0,0.023,2.6612,-0.023,0.446198,0.894934,0
107,1.7833,0.0,0.0179,2.6433,-0.0179,0.450098,0.892979,0
108,1.8,0.0,0.0199,2.6234,-0.0199,0.45399,0.891007,0
109,1.8167,0.0,0.0183,2.6051,-0.0183,0.457874,0.889017,0
110,1.8333,0.0,0.019,2.5861,-0.019,0.461749,0.887011,0
111,1.85,0.0,0.0223,2.5638,-0.0223,0.465615,0.884988,0
112,1.8667,0.0,0.0212,2.5426,-0.0212,0.469472,0.882948,0
113,1.8833,0.0,0.0206,2.522,-0.0206,0.47332,0.880891,0
114,1.9,0.0,0.0201,2.5019,-0.0201,0.477159,0.878817,0
115,1.9167,0.0,0.023,2.4789,-0.023,0.480989,0.876727,0
116,1.9333,0.0,0.0205,2.4584,-0.0205,0.48481,0.87462,0
117,1.95,0.0,0.0221,2.4363,-0.0221,0.488621,0.872496,0
118,1.9667,0.0,0.0215,2.4148,-0.0215,0.492424,0.870356,0
119,1.9833,0.0,0.0229,2.3919,-0.0229,0.496217,0.868199,0
120,2.0,0.0,0.0183,2.3736,-0.0183,0.5,0.866025,0
121,2.0167,0.0,0.0208,2.3528,-0.0208,0.503774,0.863836,0
122,2.0333,0.0,0.021,2.3318,-0.021,0.507538,0.861629,0
123,2.05,0.0,0.0221,2.3097,-0.0221,0.511293,0.859406,0
124,2.0667,0.0,0.0171,2.2926,-0.0171,0.515038,0.857167,0
125,2.0833,0.0,0.0161,2.2765,-0.0161,0.518773,0.854912,0
126,2.1,0.0,0.0222,2.2543,-0.0222,0.522499,0.85264,0
127,2.1167,0.0,0.0225,2.2318,-0.0225,0.526214,0.850352,0
128,2.1333,0.0,0.0225,2.2093,-0.0225,0.529919,0.848048,0
129,2.15,0.0,0.0192,2.1901,-0.0192,0.533615,0.845728,0
130,2.1667,0.0,0.0224,2.1677,-0.0224,0.5373,0.843391,0
131,2.1833,0.0,0.0216,2.1461,-0.0216,0.540974,0.841039,0
132,2.2,0.0,0.0227,2.1234,-0.0227,0.544639,0.838671,0
133,2.2167,0.0,0.0204,2.103,-0.0204,0.548293,0.836286,0
134,2.2333,0.0,0.0215,2.0815,-0.0215,0.551937,0.833886,0
135,2.25,0.0,0.0229,2.0586,-0.0229,0.55557,0.83147,0
136,2.2667,0.0,0.0204,2.0382,-0.0204,0.559193,0.829038,0
137,2.2833,0.0,0.0239,2.0143,-0.0239,0.562805,0.82659,0
138,2.3,0.0,0.0189,1.9954,-0.0189,0.566406,0.824126,0
139,2.3167,0.0,0.0216,1.9738,-0.0216,0.569997,0.821647,0
140,2.3333,0.0,0.0219,1.9519,-0.0219,0.573576,0.819152,0
141,2.35,0.0,0.0211,1.9308,-0.0211,0.577145,0.816642,0
142,2.3667,0.0,0.0259,1.9049,-0.0259,0.580703,0.814116,0
143,2.3833,0.0,0.025,1.8799,-0.025,0.58425,0.811574,0
144,2.4,0.0,0.0206,1.8593,-0.0206,0.587785,0.809017,0
145,2.4167,0.0,0.021,1.8383,-0.021,0.59131,0.806445,0
146,2.4333,0.0,0.0223,1.816,-0.0223,0.594823,0.803857,0
147,2.45,0.0,0.0206,1.7954,-0.0206,0.598325,0.801254,0
148,2.4667,0.0,0.0265,1.7689,-0.0265,0.601815,0.798636,0
149,2.4833,0.0,0.0176,1.7513,-0.0176,0.605294,0.796002,0
150,2.5,0.0,0.0205,1.7308,-0.0205,0.608761,0.793353,0
151,2.5167,0.0,0.0197,1.7111,-0.0197,0.612217,0.79069,0
152,2.5333,0.0,0.0212,1.6899,-0.0212,0.615661,0.788011,0
153,2.55,0.0,0.0229,1.667,-0.0229,0.619094,0.785317,0
154,2.5667,0.0,0.0213,1.6457,-0.0213,0.622515,0.782608,0
155,2.5833,0.0,0.0233,1.6224,-0.0233,0.625923,0.779884,0
156,2.6,0.0,0.02,1.6024,-0.02,0.62932,0.777146,0
157,2.6167,0.0,0.0219,1.5805,-0.0219,0.632705,0.774393,0
158,2.6333,0.0,0.0195,1.561,-0.0195,0.636078,0.771625,0
159,2.65,0.0,0.019,1.542,-0.019,0.639439,0.768842,0
160,2.6667,0.0,0.0226,1.5194,-0.0226,0.642788,0.766044,0
161,2.6833,0.0,0.0197,1.4997,-0.0197,0.646124,0.763232,0
162,2.7,0.0,0.0217,1.478,-0.0217,0.649448,0.760406,0
163,2.7167,0.0,0.021,1.457,-0.021,0.65276,0.757565,0
164,2.7333,0.0,0.0236,1.4334,-0.0236,0.656059,0.75471,0
165,2.75,0.0,0.023,1.4104,-0.023,0.659346,0.75184,0
166,2.7667,0.0,0.0185,1.3919,-0.0185,0.66262,0.748956,0
167,2.7833,0.0,0.0233,1.3686,-0.0233,0.665882,0.746057,0
168,2.8,0.0,0.0202,1.3484,-0.0202,0.669131,0.743145,0
169,2.8167,0.0,0.0203,1.3281,-0.0203,0.672367,0.740218,0
170,2.8333,0.0,0.0216,1.3065,-0.0216,0.67559,0.737277,0
171,2.85,0.0,0.0189,1.2876,-0.0189,0.678801,0.734323,0
172,2.8667,0.0,0.0194,1.2682,-0.0194,0.681998,0.731354,0
173,2.8833,0.0,0.0231,1.2451,-0.0231,0.685183,0.728371,0
174,2.9,0.0,0.022,1.2231,-0.022,0.688355,0.725374,0
175,2.9167,0.0,0.0217,1.2014,-0.0217,0.691513,0.722364,0
176,2.9333,0.0,0.0214,1.18,-0.0214,0.694658,0.71934,0
177,2.95,0.0,0.0219,1.1581,-0.0219,0.69779,0.716302,0
178,2.9667,0.0,0.0222,1.1359,-0.0222,0.700909,0.71325,0
179,2.9833,0.0,0.0237,1.1122,-0.0237,0.704015,0.710185,0
180,3.0,0.0,0.0197,1.0925,-0.0197,0.707107,0.707107,0
181,3.0167,0.0,0.0226,1.0699,-0.0226,0.710185,0.704015,0
182,3.0333,0.0,0.0245,1.0454,-0.0245,0.71325,0.700909,0
183,3.05,0.0,0.019,1.0264,-0.019,0.716302,0.69779,0
184,3.0667,0.0,0.024,1.0024,-0.024,0.71934,0.694658,0
185,3.0833,0.0,0.0176,0.9848,-0.0176,0.722364,0.691513,0
186,3.1,0.0,0.0229,0.9619,-0.0229,0.725374,0.688355,0
187,3.1167,0.0,0.0223,0.9396,-0.0223,0.728371,0.685183,0
188,3.1333,0.0,0.0224,0.9172,-0.0224,0.731354,0.681998,0
189,3.15,0.0,0.0211,0.8961,-0.0211,0.734323,0.678801,0
190,3.1667,0.0,0.0198,0.8763,-0.0198,0.737277,0.67559,0
191,3.1833,0.0,0.0181,0.8582,-0.0181,0.740218,0.672367,0
192,3.2,0.0,0.0202,0.838,-0.0202,0.743145,0.669131,0
193,3.2167,0.0,0.0225,0.8155,-0.0225,0.746057,0.665882,0
194,3.2333,0.0,0.0211,0.7944,-0.0211,0.748956,0.66262,0
195,3.25,0.0,0.0214,0.773,-0.0214,0.75184,0.659346,0
196,3.2667,0.0,0.0236,0.7494,-0.0236,0.75471,0.656059,0
197,3.2833,0.0,0.0196,0.7298,-0.0196,0.757565,0.65276,0
198,3.3,0.0,0.0188,0.711,-0.0188,0.760406,0.649448,0
199,3.3167,0.0,0.0205,0.6905,-0.0205,0.763232,0.646124,0
200,3.3333,0.0,0.0213,0.6692,-0.0213,0.766044,0.642788,0
201,3.35,0.0,0.0217,0.6475,-0.0217,0.768842,0.639439,0
202,3.3667,0.0,0.0206,0.6269,-0.0206,0.771625,0.636078,0
203,3.3833,0.0,0.0187,0.6082,-0.0187,0.774393,0.632705,0
204,3.4,0.0,0.0226,0.5856,-0.0226,0.777146,0.62932,0
205,3.4167,0.0,0.022,0.5636,-0.022,0.779884,0.625923,0
206,3.4333,0.0,0.0224,0.5412,-0.0224,0.782608,0.622515,0
207,3.45,0.0,0.0214,0.5198,-0.0214,0.785317,0.619094,0
208,3.4667,0.0,0.0218,0.498,-0.0218,0.788011,0.615661,0
209,3.4833,0.0,0.0207,0.4773,-0.0207,0.79069,0.612217,0
210,3.5,0.0,0.0184,0.4589,-0.0184,0.793353,0.608761,0
211,3.5167,0.0,0.0244,0.4345,-0.0244,0.796002,0.605294,0
212,3.5333,0.0,0.0225,0.412,-0.0225,0.798636,0.601815,0
213,3.55,0.0,0.0192,0.3928,-0.0192,0.801254,0.598325,0
214,3.5667,0.0,0.0226,0.3702,-0.0226,0.803857,0.594823,0
215,3.5833,0.0,0.0217,0.3485,-0.0217,0.806445,0.59131,0
216,3.6,0.0,0.0196,0.3289,-0.0196,0.809017,0.587785,0
217,3.6167,0.0,0.02,0.3089,-0.02,0.811574,0.58425,0
218,3.6333,0.0,0.0192,0.2897,-0.0192,0.814116,0.580703,0
219,3.65,0.0,0.0206,0.2691,-0.0206,0.816642,0.577145,0
220,3.6667,0.0,0.0256,0.2435,-0.0256,0.819152,0.573576,0
221,3.6833,0.0,0.0214,0.2221,-0.0214,0.821647,0.569997,0
222,3.7,0.0,0.0177,0.2044,-0.0177,0.824126,0.566406,0
223,3.7167,0.0,0.0209,0.1835,-0.0209,0.82659,0.562805,0
224,3.7333,0.0,0.0191,0.1644,-0.0191,0.829038,0.559193,0
225,3.75,0.0,0.0243,0.1401,-0.0243,0.83147,0.55557,0
226,3.7667,0.0,0.0219,0.1182,-0.0219,0.833886,0.551937,0
227,3.7833,0.0,0.0202,0.098,-0.0202,0.836286,0.548293,0
228,3.8,0.0,0.022,0.076,-0.022,0.838671,0.544639,0
229,3.8167,0.0,0.0222,0.0538,-0.0222,0.841039,0.540974,0
230,3.8333,0.0,0.0239,0.0299,-0.0239,0.843391,0.5373,0
231,3.85,0.0,0.0232,0.0067,-0.0232,0.845728,0.533615,0
232,3.8667,0.0,0.0242,0.0,-0.0242,0.848048,0.529919,1
233,3.8833,0.0,0.022,0.0,-0.022,0.850352,0.526214,1
234,3.9,0.0,0.0227,0.0,-0.0227,0.85264,0.522499,1
235,3.9167,0.0,0.0243,0.0,-0.0243,0.854912,0.518773,1
236,3.9333,0.0,0.019,0.0,-0.019,0.857167,0.515038,1
237,3.95,0.0,0.0177,0.0,-0.0177,0.859406,0.511293,1
238,3.9667,0.0,0.0189,0.0,-0.0189,0.861629,0.507538,1
239,3.9833,0.0,0.0178,0.0,-0.0178,0.863836,0.503774,1
240,4.0,0.0,0.0219,0.0,-0.0219,0.866025,0.5,1
241,4.0167,0.0,0.0278,0.0,-0.0278,0.868199,0.496217,1
242,4.0333,0.0,0.0235,0.0,-0.0235,0.870356,0.492424,1
243,4.05,0.0,0.0241,0.0,-0.0241,0.872496,0.488621,1
244,4.0667,0.0,0.0212,0.0,-0.0212,0.87462,0.48481,1
245,4.0833,0.0,0.023,0.0,-0.023,0.876727,0.480989,1
246,4.1,0.0,0.0228,0.0,-0.0228,0.878817,0.477159,1
247,4.1167,0.0,0.0219,0.0,-0.0219,0.880891,0.47332,1
248,4.1333,0.0,0.0242,0.0,-0.0242,0.882948,0.469472,1
249,4.15,0.0,0.0223,0.0,-0.0223,0.884988,0.465615,1
250,4.1667,0.0,0.0227,0.0,-0.0227,0.887011,0.461749,1
251,4.1833,0.0,0.02,0.0,-0.02,0.889017,0.457874,1
252,4.2,0.0,0.0203,0.0,-0.0203,0.891007,0.45399,1
253,4.2167,0.0,0.0221,0.0,-0.0221,0.892979,0.450098,1
254,4.2333,0.0,0.0181,0.0,-0.0181,0.894934,0.446198,1
255,4.25,0.0,0.0199,0.0,-0.0199,0.896873,0.442289,1
256,4.2667,0.0,0.0212,0.0,-0.0212,0.898794,0.438371,1
257,4.2833,0.0,0.0207,0.0,-0.0207,0.900698,0.434445,1
258,4.3,0.0,0.0229,0.0,-0.0229,0.902585,0.430511,1
259,4.3167,0.0,0.0199,0.0,-0.0199,0.904455,0.426569,1
260,4.3333,0.0,0.0197,0.0,-0.0197,0.906308,0.422618,1
261,4.35,0.0,0.0206,0.0,-0.0206,0.908143,0.41866,1
262,4.3667,0.0,0.0232,0.0,-0.0232,0.909961,0.414693,1
263,4.3833,0.0,0.0194,0.0,-0.0194,0.911762,0.410719,1
264,4.4,0.0,0.0179,0.0,-0.0179,0.913545,0.406737,1
265,4.4167,0.0,0.0188,0.0,-0.0188,0.915311,0.402747,1
266,4.4333,0.0,0.0203,0.0,-0.0203,0.91706,0.398749,1
267,4.45,0.0,0.0214,0.0,-0.0214,0.918791,0.394744,1
268,4.4667,0.0,0.022,0.0,-0.022,0.920505,0.390731,1
269,4.4833,0.0,0.0179,0.0,-0.0179,0.922201,0.386711,1
270,4.5,0.0,0.0193,0.0,-0.0193,0.92388,0.382683,1
271,4.5167,0.0,0.0232,0.0,-0.0232,0.925541,0.378649,1
272,4.5333,0.0,0.0227,0.0,-0.0227,0.927184,0.374607,1
273,4.55,0.0,0.0217,0.0,-0.0217,0.92881,0.370557,1
274,4.5667,0.0,0.022,0.0,-0.022,0.930418,0.366501,1
275,4.5833,0.0,0.0232,0.0,-0.0232,0.932008,0.362438,1
276,4.6,0.0,0.0205,0.0,-0.0205,0.93358,0.358368,1
277,4.6167,0.0,0.0241,0.0,-0.0241,0.935135,0.354291,1
278,4.6333,0.0,0.0232,0.0,-0.0232,0.936672,0.350207,1
279,4.65,0.0,0.0191,0.0,-0.0191,0.938191,0.346117,1
280,4.6667,0.0,0.0203,0.0,-0.0203,0.939693,0.34202,1
281,4.6833,0.0,0.021,0.0,-0.021,0.941176,0.337917,1
282,4.7,0.0,0.0195,0.0,-0.0195,0.942641,0.333807,1
283,4.7167,0.0,0.0229,0.0,-0.0229,0.944089,0.329691,1
284,4.7333,0.0,0.0235,0.0,-0.0235,0.945519,0.325568,1
285,4.75,0.0,0.0245,0.0,-0.0245,0.94693,0.321439,1
286,4.7667,0.0,0.0197,0.0,-0.0197,0.948324,0.317305,1
287,4.7833,0.0,0.021,0.0,-0.021,0.949699,0.313164,1
288,4.8,0.0,0.0227,0.0,-0.0227,0.951057,0.309017,1
289,4.8167,0.0,0.0199,0.0,-0.0199,0.952396,0.304864,1
290,4.8333,0.0,0.0217,0.0,-0.0217,0.953717,0.300706,1
291,4.85,0.0,0.0226,0.0,-0.0226,0.95502,0.296542,1
292,4.8667,0.0,0.0188,0.0,-0.0188,0.956305,0.292372,1
293,4.8833,0.0,0.024,0.0,-0.024,0.957571,0.288196,1
294,4.9,0.0,0.023,0.0,-0.023,0.95882,0.284015,1
295,4.9167,0.0,0.0204,0.0,-0.0204,0.96005,0.279829,1
296,4.9333,0.0,0.0199,0.0,-0.0199,0.961262,0.275637,1
297,4.95,0.0,0.0209,0.0,-0.0209,0.962455,0.27144,1
298,4.9667,0.0,0.0235,0.0,-0.0235,0.96363,0.267238,1
299,4.9833,0.0,0.0224,0.0,-0.0224,0.964787,0.263031,1
300,5.0,0.0,0.0201,0.0,-0.0201,0.965926,0.258819,1
301,5.0167,0.0,0.0226,0.0,-0.0226,0.967046,0.254602,1
302,5.0333,0.0,0.0209,0.0,-0.0209,0.968148,0.25038,1
303,5.05,0.0,0.0234,0.0,-0.0234,0.969231,0.246153,1
304,5.0667,0.0,0.024,0.0,-0.024,0.970296,0.241922,1
305,5.0833,0.0,0.022,0.0,-0.022,0.971342,0.237686,1
306,5.1,0.0,0.0183,0.0,-0.0183,0.97237,0.233445,1
307,5.1167,0.0,0.022,0.0,-0.022,0.973379,0.2292,1
308,5.1333,0.0,0.02,0.0,-0.02,0.97437,0.224951,1
309,5.15,0.0,0.0205,0.0,-0.0205,0.975342,0.220697,1
310,5.1667,0.0,0.0228,0.0,-0.0228,0.976296,0.21644,1
311,5.1833,0.0,0.0252,0.0,-0.0252,0.977231,0.212178,1
312,5.2,0.0,0.0256,0.0,-0.0256,0.978148,0.207912,1
313,5.2167,0.0,0.0194,0.0,-0.0194,0.979045,0.203642,1
314,5.2333,0.0,0.0216,0.0,-0.0216,0.979925,0.199368,1
315,5.25,0.0,0.0239,0.0,-0.0239,0.980785,0.19509,1
316,5.2667,0.0,0.0202,0.0,-0.0202,0.981627,0.190809,1
317,5.2833,0.0,0.0226,0.0,-0.0226,0.98245,0.186524,1
318,5.3,0.0,0.0213,0.0,-0.0213,0.983255,0.182236,1
319,5.3167,0.0,0.0238,0.0,-0.0238,0.984041,0.177944,1
320,5.3333,0.0,0.0213,0.0,-0.0213,0.984808,0.173648,1
321,5.35,0.0,0.0204,0.0,-0.0204,0.985556,0.16935,1
322,5.3667,0.0,0.0201,0.0,-0.0201,0.986286,0.165048,1
323,5.3833,0.0,0.0259,0.0,-0.0259,0.986996,0.160743,1
324,5.4,0.0,0.0202,0.0,-0.0202,0.987688,0.156434,1
325,5.4167,0.0,0.0221,0.0,-0.0221,0.988362,0.152123,1
326,5.4333,0.0,0.02,0.0,-0.02,0.989016,0.147809,1
327,5.45,0.0,0.0245,0.0,-0.0245,0.989651,0.143493,1
328,5.4667,0.0,0.0201,0.0,-0.0201,0.990268,0.139173,1
329,5.4833,0.0,0.0199,0.0,-0.0199,0.990866,0.134851,1
330,5.5,0.0,0.0229,0.0,-0.0229,0.991445,0.130526,1
331,5.5167,0.0,0.0206,0.0,-0.0206,0.992005,0.126199,1
332,5.5333,0.0,0.0256,0.0,-0.0256,0.992546,0.121869,1
333,5.55,0.0,0.0215,0.0,-0.0215,0.993068,0.117537,1
334,5.5667,0.0,0.0229,0.0,-0.0229,0.993572,0.113203,1
335,5.5833,0.0,0.0253,0.0,-0.0253,0.994056,0.108867,1
336,5.6,0.0,0.0231,0.0,-0.0231,0.994522,0.104528,1
337,5.6167,0.0,0.0211,0.0,-0.0211,0.994969,0.100188,1
338,5.6333,0.0,0.0209,0.0,-0.0209,0.995396,0.095846,1
339,5.65,0.0,0.0203,0.0,-0.0203,0.995805,0.091502,1
340,5.6667,0.0,0.0213,0.0,-0.0213,0.996195,0.087156,1
341,5.6833,0.0,0.0202,0.0,-0.0202,0.996566,0.082808,1
342,5.7,0.0,0.0225,0.0,-0.0225,0.996917,0.078459,1
343,5.7167,0.0,0.0216,0.0,-0.0216,0.99725,0.074108,1
344,5.7333,0.0,0.0213,0.0,-0.0213,0.997564,0.069756,1
345,5.75,0.0,0.0201,0.0,-0.0201,0.997859,0.065403,1
346,5.7667,0.0,0.0178,0.0,-0.0178,0.998135,0.061049,1
347,5.7833,0.0,0.0223,0.0,-0.0223,0.998392,0.056693,1
348,5.8,0.0,0.0234,0.0,-0.0234,0.99863,0.052336,1
349,5.8167,0.0,0.0203,0.0,-0.0203,0.998848,0.047978,1
350,5.8333,0.0,0.0208,0.0,-0.0208,0.999048,0.043619,1
351,5.85,0.0,0.0218,0.0,-0.0218,0.999229,0.03926,1
352,5.8667,0.0,0.0222,0.0,-0.0222,0.999391,0.034899,1
353,5.8833,0.0,0.0223,0.0,-0.0223,0.999534,0.030539,1
354,5.9,0.0,0.0218,0.0,-0.0218,0.999657,0.026177,1
355,5.9167,0.0,0.0208,0.0,-0.0208,0.999762,0.021815,1
356,5.9333,0.0,0.0242,0.0,-0.0242,0.999848,0.017452,1
357,5.95,0.0,0.0225,0.0,-0.0225,0.999914,0.01309,1
358,5.9667,0.0,0.0185,0.0,-0.0185,0.999962,0.008727,1
359,5.9833,0.0,0.023,0.0,-0.023,0.99999,0.004363,1
360,6.0,0.00245,0.0422,0.0,-0.03975,1.0,0.0,1
361,6.0167,0.00275,0.0393,0.0,-0.03655,0.99999,-0.004363,1
362,6.0333,0.003483,0.0375,0.0,-0.034017,0.999962,-0.008727,1
363,6.05,0.0,0.0381,0.0,-0.0381,0.999914,-0.01309,1
364,6.0667,0.00055,0.0358,0.0,-0.03525,0.999848,-0.017452,1
365,6.0833,0.002867,0.0383,0.0,-0.035433,0.999762,-0.021815,1
366,6.1,0.00265,0.0377,0.0,-0.03505,0.999657,-0.026177,1
367,6.1167,0.0038,0.0389,0.0,-0.0351,0.999534,-0.030539,1
368,6.1333,0.003083,0.0387,0.0,-0.035617,0.999391,-0.034899,1
369,6.15,0.00345,0.0408,0.0,-0.03735,0.999229,-0.03926,1
370,6.1667,0.002967,0.0415,0.0,-0.038533,0.999048,-0.043619,1
371,6.1833,0.0029,0.0397,0.0,-0.0368,0.998848,-0.047978,1
372,6.2,0.006333,0.0389,0.0,-0.032567,0.99863,-0.052336,1
373,6.2167,0.00535,0.0391,0.0,-0.03375,0.998392,-0.056693,1
374,6.2333,0.0048,0.0365,0.0,-0.0317,0.998135,-0.061049,1
375,6.25,0.008733,0.0426,0.0,-0.033867,0.997859,-0.065403,1
376,6.2667,0.00485,0.0376,0.0,-0.03275,0.997564,-0.069756,1
377,6.2833,0.007867,0.0379,0.0,-0.030033,0.99725,-0.074108,1
378,6.3,0.010533,0.0392,0.0,-0.028667,0.996917,-0.078459,1
379,6.3167,0.010667,0.0419,0.0,-0.031233,0.996566,-0.082808,1
380,6.3333,0.008617,0.0363,0.0,-0.027683,0.996195,-0.087156,1
381,6.35,0.012833,0.0372,0.0,-0.024367,0.995805,-0.091502,1
382,6.3667,0.00695,0.0382,0.0,-0.03125,0.995396,-0.095846,1
383,6.3833,0.0091,0.0383,0.0,-0.0292,0.994969,-0.100188,1
384,6.4,0.01085,0.0393,0.0,-0.02845,0.994522,-0.104528,1
385,6.4167,0.0066,0.0439,0.0,-0.0373,0.994056,-0.108867,1
386,6.4333,0.00725,0.0374,0.0,-0.03015,0.993572,-0.113203,1
387,6.45,0.0108,0.0393,0.0,-0.0285,0.993068,-0.117537,1
388,6.4667,0.013067,0.0394,0.0,-0.026333,0.992546,-0.121869,1
389,6.4833,0.012033,0.0421,0.0,-0.030067,0.992005,-0.126199,1
390,6.5,0.017367,0.0392,0.0,-0.021833,0.991445,-0.130526,1
391,6.5167,0.010567,0.0383,0.0,-0.027733,0.990866,-0.134851,1
392,6.5333,0.0065,0.0395,0.0,-0.033,0.990268,-0.139173,1
393,6.55,0.011283,0.0368,0.0,-0.025517,0.989651,-0.143493,1
394,6.5667,0.009567,0.039,0.0,-0.029433,0.989016,-0.147809,1
395,6.5833,0.014817,0.0382,0.0,-0.023383,0.988362,-0.152123,1
396,6.6,0.014517,0.0395,0.0,-0.024983,0.987688,-0.156434,1
397,6.6167,0.01115,0.0386,0.0,-0.02745,0.986996,-0.160743,1
398,6.6333,0.020983,0.0367,0.0,-0.015717,0.986286,-0.165048,1
399,6.65,0.009617,0.0375,0.0,-0.027883,0.985556,-0.16935,1
400,6.6667,0.0152,0.0371,0.0,-0.0219,0.984808,-0.173648,1
401,6.6833,0.01145,0.0383,0.0,-0.02685,0.984041,-0.177944,1
402,6.7,0.012633,0.042,0.0,-0.029367,0.983255,-0.182236,1
403,6.7167,0.01975,0.0374,0.0,-0.01765,0.98245,-0.186524,1
404,6.7333,0.012033,0.039,0.0,-0.026967,0.981627,-0.190809,1
405,6.75,0.020533,0.0361,0.0,-0.015567,0.980785,-0.19509,1
406,6.7667,0.01805,0.0374,0.0,-0.01935,0.979925,-0.199368,1
407,6.7833,0.01465,0.0412,0.0,-0.02655,0.979045,-0.203642,1
408,6.8,0.011667,0.0404,0.0,-0.028733,0.978148,-0.207912,1
409,6.8167,0.018,0.04,0.0,-0.022,0.977231,-0.212178,1
410,6.8333,0.01775,0.0372,0.0,-0.01945,0.976296,-0.21644,1
411,6.85,0.018417,0.0384,0.0,-0.019983,0.975342,-0.220697,1
412,6.8667,0.01695,0.0394,0.0,-0.02245,0.97437,-0.224951,1
413,6.8833,0.017117,0.0368,0.0,-0.019683,0.973379,-0.2292,1
414,6.9,0.0168,0.0369,0.0,-0.0201,0.97237,-0.233445,1
415,6.9167,0.019317,0.0425,0.0,-0.023183,0.971342,-0.237686,1
416,6.9333,0.019933,0.0366,0.0,-0.016667,0.970296,-0.241922,1
417,6.95,0.018367,0.0409,0.0,-0.022533,0.969231,-0.246153,1
418,6.9667,0.022717,0.0375,0.0,-0.014783,0.968148,-0.25038,1
419,6.9833,0.02615,0.0428,0.0,-0.01665,0.967046,-0.254602,1
420,7.0,0.018417,0.075,0.0,-0.056583,0.965926,-0.258819,1
421,7.0167,0.019017,0.0666,0.0,-0.047583,0.964787,-0.263031,1
422,7.0333,0.0215,0.075,0.0,-0.0535,0.96363,-0.267238,1
423,7.05,0.019117,0.0709,0.0,-0.051783,0.962455,-0.27144,1
424,7.0667,0.020533,0.0741,0.0,-0.053567,0.961262,-0.275637,1
425,7.0833,0.0186,0.0739,0.0,-0.0553,0.96005,-0.279829,1
426,7.1,0.028,0.0706,0.0,-0.0426,0.95882,-0.284015,1
427,7.1167,0.02555,0.0745,0.0,-0.04895,0.957571,-0.288196,1
428,7.1333,0.022167,0.0735,0.0,-0.051333,0.956305,-0.292372,1
429,7.15,0.020583,0.0725,0.0,-0.051917,0.95502,-0.296542,1
430,7.1667,0.022767,0.0715,0.0,-0.048733,0.953717,-0.300706,1
431,7.1833,0.026,0.0731,0.0,-0.0471,0.952396,-0.304864,1
432,7.2,0.025067,0.0736,0.0,-0.048533,0.951057,-0.309017,1
433,7.2167,0.022967,0.0695,0.0,-0.046533,0.949699,-0.313164,1
434,7.2333,0.026283,0.0717,0.0,-0.045417,0.948324,-0.317305,1
435,7.25,0.02665,0.0727,0.0,-0.04605,0.94693,-0.321439,1
436,7.2667,0.0273,0.0715,0.0,-0.0442,0.945519,-0.325568,1
437,7.2833,0.022967,0.0699,0.0,-0.046933,0.944089,-0.329691,1
438,7.3,0.023967,0.0771,0.0,-0.053133,0.942641,-0.333807,1
439,7.3167,0.024467,0.0724,0.0,-0.047933,0.941176,-0.337917,1
440,7.3333,0.023767,0.0702,0.0,-0.046433,0.939693,-0.34202,1
441,7.35,0.02795,0.0747,0.0,-0.04675,0.938191,-0.346117,1
442,7.3667,0.0289,0.0726,0.0,-0.0437,0.936672,-0.350207,1
443,7.3833,0.027267,0.0706,0.0,-0.043333,0.935135,-0.354291,1
444,7.4,0.029667,0.0741,0.0,-0.044433,0.93358,-0.358368,1
445,7.4167,0.0228,0.0707,0.0,-0.0479,0.932008,-0.362438,1
446,7.4333,0.030183,0.0717,0.0,-0.041517,0.930418,-0.366501,1
447,7.45,0.030017,0.067,0.0,-0.036983,0.92881,-0.370557,1
448,7.4667,0.026367,0.0714,0.0,-0.045033,0.927184,-0.374607,1
449,7.4833,0.0304,0.0726,0.0,-0.0422,0.925541,-0.378649,1
450,7.5,0.030117,0.0679,0.0,-0.037783,0.92388,-0.382683,1
451,7.5167,0.0343,0.0725,0.0,-0.0382,0.922201,-0.386711,1
452,7.5333,0.03045,0.0747,0.0,-0.04425,0.920505,-0.390731,1
453,7.55,0.034017,0.0732,0.0,-0.039183,0.918791,-0.394744,1
454,7.5667,0.033533,0.0718,0.0,-0.038267,0.91706,-0.398749,1
455,7.5833,0.033333,0.0743,0.0,-0.040967,0.915311,-0.402747,1
456,7.6,0.035467,0.0723,0.0,-0.036833,0.913545,-0.406737,1
457,7.6167,0.03665,0.0692,0.0,-0.03255,0.911762,-0.410719,1
458,7.6333,0.0298,0.0691,0.0,-0.0393,0.909961,-0.414693,1
459,7.65,0.0356,0.0745,0.0,-0.0389,0.908143,-0.41866,1
460,7.6667,0.035867,0.0761,0.0,-0.040233,0.906308,-0.422618,1
461,7.6833,0.033267,0.0724,0.0,-0.039133,0.904455,-0.426569,1
462,7.7,0.034933,0.073,0.0,-0.038067,0.902585,-0.430511,1
463,7.7167,0.03145,0.0713,0.0,-0.03985,0.900698,-0.434445,1
464,7.7333,0.036933,0.068,0.0,-0.031067,0.898794,-0.438371,1
465,7.75,0.036883,0.0762,0.0,-0.039317,0.896873,-0.442289,1
466,7.7667,0.0336,0.0753,0.0,-0.0417,0.894934,-0.446198,1
467,7.7833,0.03455,0.0715,0.0,-0.03695,0.892979,-0.450098,1
468,7.8,0.038133,0.0754,0.0,-0.037267,0.891007,-0.45399,1
469,7.8167,0.035717,0.0738,0.0,-0.038083,0.889017,-0.457874,1
470,7.8333,0.0389,0.0687,0.0,-0.0298,0.887011,-0.461749,1
471,7.85,0.038383,0.0758,0.0,-0.037417,0.884988,-0.465615,1
472,7.8667,0.041717,0.0718,0.0,-0.030083,0.882948,-0.469472,1
473,7.8833,0.0395,0.0707,0.0,-0.0312,0.880891,-0.47332,1
474,7.9,0.039483,0.0732,0.0,-0.033717,0.878817,-0.477159,1
475,7.9167,0.039233,0.075,0.0,-0.035767,0.876727,-0.480989,1
476,7.9333,0.035033,0.0709,0.0,-0.035867,0.87462,-0.48481,1
477,7.95,0.03915,0.0727,0.0,-0.03355,0.872496,-0.488621,1
478,7.9667,0.036717,0.0689,0.0,-0.032183,0.870356,-0.492424,1
479,7.9833,0.039133,0.0729,0.0,-0.033767,0.868199,-0.496217,1
480,8.0,0.03875,0.0723,0.0,-0.03355,0.866025,-0.5,1
481,8.0167,0.0399,0.0702,0.0,-0.0303,0.863836,-0.503774,1
482,8.0333,0.035483,0.0759,0.0,-0.040417,0.861629,-0.507538,1
483,8.05,0.039133,0.0739,0.0,-0.034767,0.859406,-0.511293,1
484,8.0667,0.037933,0.0745,0.0,-0.036567,0.857167,-0.515038,1
485,8.0833,0.038917,0.073,0.0,-0.034083,0.854912,-0.518773,1
486,8.1,0.043167,0.0694,0.0,-0.026233,0.85264,-0.522499,1
487,8.1167,0.042333,0.0707,0.0,-0.028367,0.850352,-0.526214,1
488,8.1333,0.043217,0.0719,0.0,-0.028683,0.848048,-0.529919,1
489,8.15,0.0449,0.0731,0.0,-0.0282,0.845728,-0.533615,1
490,8.1667,0.044083,0.0749,0.0,-0.030817,0.843391,-0.5373,1
491,8.1833,0.04035,0.0697,0.0,-0.02935,0.841039,-0.540974,1
492,8.2,0.047933,0.0722,0.0,-0.024267,0.838671,-0.544639,1
493,8.2167,0.0471,0.0715,0.0,-0.0244,0.836286,-0.548293,1
494,8.2333,0.043467,0.0732,0.0,-0.029733,0.833886,-0.551937,1
495,8.25,0.04665,0.0713,0.0,-0.02465,0.83147,-0.55557,1
496,8.2667,0.0491,0.07,0.0,-0.0209,0.829038,-0.559193,1
497,8.2833,0.041767,0.0708,0.0,-0.029033,0.82659,-0.562805,1
498,8.3,0.041283,0.0721,0.0,-0.030817,0.824126,-0.566406,1
499,8.3167,0.044667,0.0693,0.0,-0.024633,0.821647,-0.569997,1
500,8.3333,0.0439,0.0741,0.0,-0.0302,0.819152,-0.573576,1
501,8.35,0.047317,0.0729,0.0,-0.025583,0.816642,-0.577145,1
502,8.3667,0.04685,0.069,0.0,-0.02215,0.814116,-0.580703,1
503,8.3833,0.049067,0.0698,0.0,-0.020733,0.811574,-0.58425,1
504,8.4,0.049533,0.0724,0.0,-0.022867,0.809017,-0.587785,1
505,8.4167,0.045233,0.0744,0.0,-0.029167,0.806445,-0.59131,1
506,8.4333,0.051667,0.0725,0.0,-0.020833,0.803857,-0.594823,1
507,8.45,0.046317,0.0704,0.0,-0.024083,0.801254,-0.598325,1
508,8.4667,0.04555,0.0713,0.0,-0.02575,0.798636,-0.601815,1
509,8.4833,0.051167,0.0714,0.0,-0.020233,0.796002,-0.605294,1
510,8.5,0.045467,0.0743,0.0,-0.028833,0.793353,-0.608761,1
511,8.5167,0.050183,0.0747,0.0,-0.024517,0.79069,-0.612217,1
512,8.5333,0.048483,0.0716,0.0,-0.023117,0.788011,-0.615661,1
513,8.55,0.0461,0.075,0.0,-0.0289,0.785317,-0.619094,1
514,8.5667,0.051783,0.0732,0.0,-0.021417,0.782608,-0.622515,1
515,8.5833,0.0496,0.0717,0.0,-0.0221,0.779884,-0.625923,1
516,8.6,0.051533,0.0732,0.0,-0.021667,0.777146,-0.62932,1
517,8.6167,0.052567,0.0702,0.0,-0.017633,0.774393,-0.632705,1
518,8.6333,0.052667,0.0711,0.0,-0.018433,0.771625,-0.636078,1
519,8.65,0.051133,0.0723,0.0,-0.021167,0.768842,-0.639439,1
520,8.6667,0.049467,0.0699,0.0,-0.020433,0.766044,-0.642788,1
521,8.6833,0.051983,0.0751,0.0,-0.023117,0.763232,-0.646124,1
522,8.7,0.0529,0.07,0.0,-0.0171,0.760406,-0.649448,1
523,8.7167,0.05365,0.0699,0.0,-0.01625,0.757565,-0.65276,1
524,8.7333,0.051133,0.0739,0.0,-0.022767,0.75471,-0.656059,1
525,8.75,0.05595,0.0721,0.0,-0.01615,0.75184,-0.659346,1
526,8.7667,0.0464,0.0703,0.0,-0.0239,0.748956,-0.66262,1
527,8.7833,0.053383,0.073,0.0,-0.019617,0.746057,-0.665882,1
528,8.8,0.05025,0.0718,0.0,-0.02155,0.743145,-0.669131,1
529,8.8167,0.059217,0.072,0.0,-0.012783,0.740218,-0.672367,1
530,8.8333,0.055667,0.0712,0.0,-0.015533,0.737277,-0.67559,1
531,8.85,0.0554,0.0742,0.0,-0.0188,0.734323,-0.678801,1
532,8.8667,0.058083,0.0742,0.0,-0.016117,0.731354,-0.681998,1
533,8.8833,0.054667,0.0718,0.0,-0.017133,0.728371,-0.685183,1
534,8.9,0.054367,0.0756,0.0,-0.021233,0.725374,-0.688355,1
535,8.9167,0.056317,0.0721,0.0,-0.015783,0.722364,-0.691513,1
536,8.9333,0.054883,0.0718,0.0,-0.016917,0.71934,-0.694658,1
537,8.95,0.055283,0.0757,0.0,-0.020417,0.716302,-0.69779,1
538,8.9667,0.062233,0.0694,0.0,-0.007167,0.71325,-0.700909,1
539,8.9833,0.053017,0.0745,0.0,-0.021483,0.710185,-0.704015,1
540,9.0,0.055383,0.0391,0.0163,0.016283,0.707107,-0.707107,0
541,9.0167,0.053933,0.0409,0.0293,0.013033,0.704015,-0.710185,0
542,9.0333,0.058267,0.0423,0.0453,0.015967,0.700909,-0.71325,0
543,9.05,0.055817,0.042,0.0591,0.013817,0.69779,-0.716302,0
544,9.0667,0.058233,0.0357,0.0816,0.022533,0.694658,-0.71934,0
545,9.0833,0.0576,0.0429,0.0963,0.0147,0.691513,-0.722364,0
546,9.1,0.05715,0.0412,0.1123,0.01595,0.688355,-0.725374,0
547,9.1167,0.056117,0.0406,0.1278,0.015517,0.685183,-0.728371,0
548,9.1333,0.05545,0.0392,0.1441,0.01625,0.681998,-0.731354,0
549,9.15,0.05725,0.0423,0.159,0.01495,0.678801,-0.734323,0
550,9.1667,0.064283,0.0378,0.1855,0.026483,0.67559,-0.737277,0
551,9.1833,0.063417,0.0387,0.2102,0.024717,0.672367,-0.740218,0
552,9.2,0.0579,0.0406,0.2275,0.0173,0.669131,-0.743145,0
553,9.2167,0.056583,0.0388,0.2453,0.017783,0.665882,-0.746057,0
554,9.2333,0.061917,0.0387,0.2685,0.023217,0.66262,-0.748956,0
555,9.25,0.062317,0.0397,0.2911,0.022617,0.659346,-0.75184,0
556,9.2667,0.062567,0.0444,0.3093,0.018167,0.656059,-0.75471,0
557,9.2833,0.062283,0.0382,0.3334,0.024083,0.65276,-0.757565,0
558,9.3,0.0629,0.0397,0.3566,0.0232,0.649448,-0.760406,0
559,9.3167,0.062567,0.0369,0.3823,0.025667,0.646124,-0.763232,0
560,9.3333,0.063267,0.0433,0.4023,0.019967,0.642788,-0.766044,0
561,9.35,0.06205,0.0372,0.4271,0.02485,0.639439,-0.768842,0
562,9.3667,0.060817,0.0381,0.4498,0.022717,0.636078,-0.771625,0
563,9.3833,0.05915,0.0393,0.4697,0.01985,0.632705,-0.774393,0
564,9.4,0.060817,0.0417,0.4888,0.019117,0.62932,-0.777146,0
565,9.4167,0.063083,0.0398,0.5121,0.023283,0.625923,-0.779884,0
566,9.4333,0.066583,0.0454,0.5333,0.021183,0.622515,-0.782608,0
567,9.45,0.062217,0.0411,0.5544,0.021117,0.619094,-0.785317,0
568,9.4667,0.06235,0.0381,0.5786,0.02425,0.615661,-0.788011,0
569,9.4833,0.064517,0.0435,0.5996,0.021017,0.612217,-0.79069,0
570,9.5,0.06515,0.0389,0.6259,0.02625,0.608761,-0.793353,0
571,9.5167,0.060467,0.0416,0.6448,0.018867,0.605294,-0.796002,0
572,9.5333,0.063817,0.0397,0.6689,0.024117,0.601815,-0.798636,0
573,9.55,0.061417,0.0374,0.6929,0.024017,0.598325,-0.801254,0
574,9.5667,0.063367,0.0375,0.7188,0.025867,0.594823,-0.803857,0
575,9.5833,0.068383,0.0377,0.7495,0.030683,0.59131,-0.806445,0
576,9.6,0.063067,0.0399,0.7727,0.023167,0.587785,-0.809017,0
577,9.6167,0.061233,0.0401,0.7938,0.021133,0.58425,-0.811574,0
578,9.6333,0.063317,0.0371,0.82,0.026217,0.580703,-0.814116,0
579,9.65,0.064567,0.0376,0.847,0.026967,0.577145,-0.816642,0
580,9.6667,0.061,0.0419,0.8661,0.0191,0.573576,-0.819152,0
581,9.6833,0.063283,0.0413,0.8881,0.021983,0.569997,-0.821647,0
582,9.7,0.072733,0.0418,0.919,0.030933,0.566406,-0.824126,0
583,9.7167,0.067067,0.0405,0.9456,0.026567,0.562805,-0.82659,0
584,9.7333,0.066217,0.0391,0.9727,0.027117,0.559193,-0.829038,0
585,9.75,0.06755,0.0386,1.0016,0.02895,0.55557,-0.83147,0
586,9.7667,0.070833,0.0397,1.0327,0.031133,0.551937,-0.833886,0
587,9.7833,0.062833,0.0373,1.0582,0.025533,0.548293,-0.836286,0
588,9.8,0.067783,0.0422,1.0838,0.025583,0.544639,-0.838671,0
589,9.8167,0.066267,0.0429,1.1072,0.023367,0.540974,-0.841039,0
590,9.8333,0.066017,0.0413,1.1319,0.024717,0.5373,-0.843391,0
591,9.85,0.069233,0.0425,1.1586,0.026733,0.533615,-0.845728,0
592,9.8667,0.071533,0.0372,1.1929,0.034333,0.529919,-0.848048,0
593,9.8833,0.070067,0.04,1.223,0.030067,0.526214,-0.850352,0
594,9.9,0.07195,0.0417,1.2532,0.03025,0.522499,-0.85264,0
595,9.9167,0.071633,0.0408,1.284,0.030833,0.518773,-0.854912,0
596,9.9333,0.063367,0.039,1.3084,0.024367,0.515038,-0.857167,0
597,9.95,0.069217,0.0383,1.3393,0.030917,0.511293,-0.859406,0
598,9.9667,0.074017,0.0374,1.3759,0.036617,0.507538,-0.861629,0
599,9.9833,0.0726,0.0412,1.4073,0.0314,0.503774,-0.863836,0
600,10.0,0.06655,0.0415,1.4324,0.02505,0.5,-0.866025,0
601,10.0167,0.065483,0.0376,1.4603,0.027883,0.496217,-0.868199,0
602,10.0333,0.069133,0.0392,1.4902,0.029933,0.492424,-0.870356,0
603,10.05,0.071983,0.0387,1.5235,0.033283,0.488621,-0.872496,0
604,10.0667,0.068433,0.0378,1.5541,0.030633,0.48481,-0.87462,0
605,10.0833,0.071167,0.0393,1.586,0.031867,0.480989,-0.876727,0
606,10.1,0.0674,0.0404,1.613,0.027,0.477159,-0.878817,0
607,10.1167,0.07075,0.0365,1.6473,0.03425,0.47332,-0.880891,0
608,10.1333,0.07075,0.0396,1.6784,0.03115,0.469472,-0.882948,0
609,10.15,0.073883,0.0349,1.7174,0.038983,0.465615,-0.884988,0
610,10.1667,0.06985,0.0386,1.7487,0.03125,0.461749,-0.887011,0
611,10.1833,0.069233,0.0387,1.7792,0.030533,0.457874,-0.889017,0
612,10.2,0.068,0.0414,1.8058,0.0266,0.45399,-0.891007,0
613,10.2167,0.072333,0.0404,1.8377,0.031933,0.450098,-0.892979,0
614,10.2333,0.077433,0.0406,1.8745,0.036833,0.446198,-0.894934,0
615,10.25,0.068633,0.0339,1.9092,0.034733,0.442289,-0.896873,0
616,10.2667,0.0724,0.0426,1.939,0.0298,0.438371,-0.898794,0
617,10.2833,0.072367,0.0375,1.9739,0.034867,0.434445,-0.900698,0
618,10.3,0.068633,0.0395,2.003,0.029133,0.430511,-0.902585,0
619,10.3167,0.068717,0.0426,2.0291,0.026117,0.426569,-0.904455,0
620,10.3333,0.074783,0.0425,2.0614,0.032283,0.422618,-0.906308,0
621,10.35,0.0751,0.0395,2.097,0.0356,0.41866,-0.908143,0
622,10.3667,0.073583,0.0412,2.1294,0.032383,0.414693,-0.909961,0
623,10.3833,0.071383,0.0404,2.1604,0.030983,0.410719,-0.911762,0
624,10.4,0.070133,0.041,2.1895,0.029133,0.406737,-0.913545,0
625,10.4167,0.075617,0.0365,2.2286,0.039117,0.402747,-0.915311,0
626,10.4333,0.070883,0.0408,2.2587,0.030083,0.398749,-0.91706,0
627,10.45,0.071933,0.0415,2.2891,0.030433,0.394744,-0.918791,0
628,10.4667,0.071517,0.0391,2.3215,0.032417,0.390731,-0.920505,0
629,10.4833,0.07195,0.0405,2.3529,0.03145,0.386711,-0.922201,0
630,10.5,0.074783,0.0391,2.3886,0.035683,0.382683,-0.92388,0
631,10.5167,0.0667,0.0422,2.4131,0.0245,0.378649,-0.925541,0
632,10.5333,0.0739,0.0412,2.4458,0.0327,0.374607,-0.927184,0
633,10.55,0.073783,0.0423,2.4773,0.031483,0.370557,-0.92881,0
634,10.5667,0.0756,0.0413,2.5116,0.0343,0.366501,-0.930418,0
635,10.5833,0.07685,0.0413,2.5471,0.03555,0.362438,-0.932008,0
636,10.6,0.0763,0.0391,2.5843,0.0372,0.358368,-0.93358,0
637,10.6167,0.079883,0.0387,2.6255,0.041183,0.354291,-0.935135,0
638,10.6333,0.075217,0.0395,2.6612,0.035717,0.350207,-0.936672,0
639,10.65,0.074567,0.0407,2.6951,0.033867,0.346117,-0.938191,0
640,10.6667,0.075817,0.0396,2.7313,0.036217,0.34202,-0.939693,0
641,10.6833,0.07745,0.0388,2.7699,0.03865,0.337917,-0.941176,0
642,10.7,0.07755,0.0352,2.8122,0.04235,0.333807,-0.942641,0
643,10.7167,0.07585,0.0396,2.8484,0.03625,0.329691,-0.944089,0
644,10.7333,0.074117,0.0416,2.8809,0.032517,0.325568,-0.945519,0
645,10.75,0.0764,0.0387,2.9186,0.0377,0.321439,-0.94693,0
646,10.7667,0.0725,0.0383,2.9528,0.0342,0.317305,-0.948324,0
647,10.7833,0.076867,0.0382,2.9915,0.038667,0.313164,-0.949699,0
648,10.8,0.0747,0.0387,3.0275,0.036,0.309017,-0.951057,0
649,10.8167,0.07615,0.0394,3.0642,0.03675,0.304864,-0.952396,0
650,10.8333,0.076517,0.0404,3.1003,0.036117,0.300706,-0.953717,0
651,10.85,0.076633,0.0387,3.1382,0.037933,0.296542,-0.95502,0
652,10.8667,0.078033,0.0381,3.1781,0.039933,0.292372,-0.956305,0
653,10.8833,0.079417,0.0406,3.2169,0.038817,0.288196,-0.957571,0
654,10.9,0.076117,0.0382,3.2548,0.037917,0.284015,-0.95882,0
655,10.9167,0.07485,0.0406,3.2891,0.03425,0.279829,-0.96005,0
656,10.9333,0.079033,0.0419,3.3262,0.037133,0.275637,-0.961262,0
657,10.95,0.077733,0.0371,3.3668,0.040633,0.27144,-0.962455,0
658,10.9667,0.074783,0.042,3.3996,0.032783,0.267238,-0.96363,0
659,10.9833,0.075833,0.0384,3.437,0.037433,0.263031,-0.964787,0
660,11.0,0.07665,0.0392,3.4744,0.03745,0.258819,-0.965926,0
661,11.0167,0.078683,0.0403,3.5128,0.038383,0.254602,-0.967046,0
662,11.0333,0.07825,0.0398,3.5513,0.03845,0.25038,-0.968148,0
663,11.05,0.076467,0.0401,3.5877,0.036367,0.246153,-0.969231,0
664,11.0667,0.07825,0.0397,3.6263,0.03855,0.241922,-0.970296,0
665,11.0833,0.075733,0.0385,3.6635,0.037233,0.237686,-0.971342,0
666,11.1,0.081717,0.0406,3.7046,0.041117,0.233445,-0.97237,0
667,11.1167,0.077083,0.0384,3.7433,0.038683,0.2292,-0.973379,0
668,11.1333,0.076533,0.0376,3.7822,0.038933,0.224951,-0.97437,0
669,11.15,0.076183,0.0357,3.8227,0.040483,0.220697,-0.975342,0
670,11.1667,0.081067,0.037,3.8668,0.044067,0.21644,-0.976296,0
671,11.1833,0.080517,0.0379,3.9094,0.042617,0.212178,-0.977231,0
672,11.2,0.0801,0.0381,3.9514,0.042,0.207912,-0.978148,0
673,11.2167,0.084067,0.0395,3.996,0.044567,0.203642,-0.979045,0
674,11.2333,0.0775,0.0362,4.0373,0.0413,0.199368,-0.979925,0
675,11.25,0.07725,0.0419,4.0727,0.03535,0.19509,-0.980785,0
676,11.2667,0.0806,0.0368,4.1165,0.0438,0.190809,-0.981627,0
677,11.2833,0.078833,0.042,4.1533,0.036833,0.186524,-0.98245,0
678,11.3,0.079083,0.0389,4.1935,0.040183,0.182236,-0.983255,0
679,11.3167,0.075883,0.0426,4.2268,0.033283,0.177944,-0.984041,0
680,11.3333,0.079983,0.0374,4.2694,0.042583,0.173648,-0.984808,0
681,11.35,0.079067,0.04,4.3085,0.039067,0.16935,-0.985556,0
682,11.3667,0.07645,0.0388,4.3462,0.03765,0.165048,-0.986286,0
683,11.3833,0.075317,0.039,4.3825,0.036317,0.160743,-0.986996,0
684,11.4,0.083317,0.0389,4.4269,0.044417,0.156434,-0.987688,0
685,11.4167,0.080517,0.0361,4.4713,0.044417,0.152123,-0.988362,0
686,11.4333,0.0817,0.0367,4.5163,0.045,0.147809,-0.989016,0
687,11.45,0.076933,0.0368,4.5564,0.040133,0.143493,-0.989651,0
688,11.4667,0.0765,0.0404,4.5925,0.0361,0.139173,-0.990268,0
689,11.4833,0.079917,0.0378,4.6346,0.042117,0.134851,-0.990866,0
690,11.5,0.08295,0.0381,4.6795,0.04485,0.130526,-0.991445,0
691,11.5167,0.082017,0.0387,4.7228,0.043317,0.126199,-0.992005,0
692,11.5333,0.078967,0.0385,4.7633,0.040467,0.121869,-0.992546,0
693,11.55,0.08075,0.0383,4.8057,0.04245,0.117537,-0.993068,0
694,11.5667,0.082967,0.0366,4.8521,0.046367,0.113203,-0.993572,0
695,11.5833,0.081067,0.0402,4.893,0.040867,0.108867,-0.994056,0
696,11.6,0.080217,0.0414,4.9318,0.038817,0.104528,-0.994522,0
697,11.6167,0.08115,0.037,4.976,0.04415,0.100188,-0.994969,0
698,11.6333,0.073517,0.0392,5.0103,0.034317,0.095846,-0.995396,0
699,11.65,0.079967,0.0393,5.051,0.040667,0.091502,-0.995805,0
700,11.6667,0.0775,0.0374,5.0911,0.0401,0.087156,-0.996195,0
701,11.6833,0.0795,0.041,5.1296,0.0385,0.082808,-0.996566,0
702,11.7,0.081033,0.0375,5.1731,0.043533,0.078459,-0.996917,0
703,11.7167,0.081617,0.0406,5.2141,0.041017,0.074108,-0.99725,0
704,11.7333,0.082783,0.0357,5.2612,0.047083,0.069756,-0.997564,0
705,11.75,0.08435,0.0411,5.3044,0.04325,0.065403,-0.997859,0
706,11.7667,0.081617,0.0402,5.3458,0.041417,0.061049,-0.998135,0
707,11.7833,0.077883,0.0395,5.3842,0.038383,0.056693,-0.998392,0
708,11.8,0.082467,0.0371,5.4296,0.045367,0.052336,-0.99863,0
709,11.8167,0.0788,0.0383,5.4701,0.0405,0.047978,-0.998848,0
710,11.8333,0.0822,0.0395,5.5128,0.0427,0.043619,-0.999048,0
711,11.85,0.082283,0.0428,5.5523,0.039483,0.03926,-0.999229,0
712,11.8667,0.082767,0.0378,5.5973,0.044967,0.034899,-0.999391,0
713,11.8833,0.081817,0.0397,5.6394,0.042117,0.030539,-0.999534,0
714,11.9,0.079433,0.0376,5.6812,0.041833,0.026177,-0.999657,0
715,11.9167,0.077767,0.0371,5.7219,0.040667,0.021815,-0.999762,0
716,11.9333,0.083133,0.0403,5.7647,0.042833,0.017452,-0.999848,0
717,11.95,0.082017,0.0405,5.8062,0.041517,0.01309,-0.999914,0
718,11.9667,0.0841,0.0341,5.8562,0.05,0.008727,-0.999962,0
719,11.9833,0.079817,0.039,5.897,0.040817,0.004363,-0.99999,0
720,12.0,0.078433,0.0347,5.9407,0.043733,0.0,-1.0,0
721,12.0167,0.07585,0.0395,5.977,0.03635,-0.004363,-0.99999,0
722,12.0333,0.080067,0.0414,6.0157,0.038667,-0.008727,-0.999962,0
723,12.05,0.08055,0.0377,6.0585,0.04285,-0.01309,-0.999914,0
724,12.0667,0.0794,0.039,6.0989,0.0404,-0.017452,-0.999848,0
725,12.0833,0.08115,0.0424,6.1377,0.03875,-0.021815,-0.999762,0
726,12.1,0.08415,0.0396,6.1822,0.04455,-0.026177,-0.999657,0
727,12.1167,0.0801,0.0381,6.2242,0.042,-0.030539,-0.999534,0
728,12.1333,0.083667,0.041,6.2669,0.042667,-0.034899,-0.999391,0
729,12.15,0.082567,0.0378,6.3117,0.044767,-0.03926,-0.999229,0
730,12.1667,0.0819,0.0367,6.3569,0.0452,-0.043619,-0.999048,0
731,12.1833,0.077067,0.0419,6.3921,0.035167,-0.047978,-0.998848,0
732,12.2,0.077917,0.0395,6.4305,0.038417,-0.052336,-0.99863,0
733,12.2167,0.080233,0.0373,6.4734,0.042933,-0.056693,-0.998392,0
734,12.2333,0.0795,0.0407,6.5122,0.0388,-0.061049,-0.998135,0
735,12.25,0.0776,0.0405,6.5493,0.0371,-0.065403,-0.997859,0
736,12.2667,0.080017,0.0388,6.5905,0.041217,-0.069756,-0.997564,0
737,12.2833,0.077233,0.0388,6.6289,0.038433,-0.074108,-0.99725,0
738,12.3,0.077733,0.0389,6.6677,0.038833,-0.078459,-0.996917,0
739,12.3167,0.07915,0.0377,6.7092,0.04145,-0.082808,-0.996566,0
740,12.3333,0.0768,0.041,6.745,0.0358,-0.087156,-0.996195,0
741,12.35,0.074783,0.0417,6.7781,0.033083,-0.091502,-0.995805,0
742,12.3667,0.080617,0.04,6.8187,0.040617,-0.095846,-0.995396,0
743,12.3833,0.080217,0.0396,6.8593,0.040617,-0.100188,-0.994969,0
744,12.4,0.080117,0.0402,6.8992,0.039917,-0.104528,-0.994522,0
745,12.4167,0.080267,0.0388,6.9407,0.041467,-0.108867,-0.994056,0
746,12.4333,0.082217,0.042,6.9809,0.040217,-0.113203,-0.993572,0
747,12.45,0.078667,0.0381,7.0215,0.040567,-0.117537,-0.993068,0
748,12.4667,0.079683,0.0386,7.0626,0.041083,-0.121869,-0.992546,0
749,12.4833,0.0805,0.0417,7.1014,0.0388,-0.126199,-0.992005,0
750,12.5,0.07685,0.04,7.1383,0.03685,-0.130526,-0.991445,0
751,12.5167,0.079967,0.0363,7.182,0.043667,-0.134851,-0.990866,0
752,12.5333,0.083517,0.0397,7.2258,0.043817,-0.139173,-0.990268,0
753,12.55,0.0789,0.0384,7.2663,0.0405,-0.143493,-0.989651,0
754,12.5667,0.083067,0.043,7.3064,0.040067,-0.147809,-0.989016,0
755,12.5833,0.082117,0.0389,7.3496,0.043217,-0.152123,-0.988362,0
756,12.6,0.0789,0.0411,7.3874,0.0378,-0.156434,-0.987688,0
757,12.6167,0.081367,0.0445,7.4243,0.036867,-0.160743,-0.986996,0
758,12.6333,0.078383,0.0412,7.4615,0.037183,-0.165048,-0.986286,0
759,12.65,0.08125,0.0412,7.5015,0.04005,-0.16935,-0.985556,0
760,12.6667,0.077867,0.0365,7.5429,0.041367,-0.173648,-0.984808,0
761,12.6833,0.080717,0.0423,7.5813,0.038417,-0.177944,-0.984041,0
762,12.7,0.07285,0.0383,7.6159,0.03455,-0.182236,-0.983255,0
763,12.7167,0.075917,0.0373,7.6545,0.038617,-0.186524,-0.98245,0
764,12.7333,0.076583,0.0406,7.6905,0.035983,-0.190809,-0.981627,0
765,12.75,0.080217,0.0413,7.7294,0.038917,-0.19509,-0.980785,0
766,12.7667,0.076733,0.0379,7.7682,0.038833,-0.199368,-0.979925,0
767,12.7833,0.077733,0.0404,7.8055,0.037333,-0.203642,-0.979045,0
768,12.8,0.077733,0.0408,7.8424,0.036933,-0.207912,-0.978148,0
769,12.8167,0.07825,0.0399,7.8807,0.03835,-0.212178,-0.977231,0
770,12.8333,0.077317,0.0391,7.9189,0.038217,-0.21644,-0.976296,0
771,12.85,0.07645,0.0391,7.9562,0.03735,-0.220697,-0.975342,0
772,12.8667,0.0835,0.0416,7.9981,0.0419,-0.224951,-0.97437,0
773,12.8833,0.0787,0.0407,8.0361,0.038,-0.2292,-0.973379,0
774,12.9,0.0725,0.0379,8.0707,0.0346,-0.233445,-0.97237,0
775,12.9167,0.076933,0.039,8.1086,0.037933,-0.237686,-0.971342,0
776,12.9333,0.079433,0.04,8.148,0.039433,-0.241922,-0.970296,0
777,12.95,0.0766,0.0358,8.1888,0.0408,-0.246153,-0.969231,0
778,12.9667,0.07675,0.038,8.2276,0.03875,-0.25038,-0.968148,0
779,12.9833,0.0707,0.0397,8.2586,0.031,-0.254602,-0.967046,0
780,13.0,0.081567,0.0376,8.3026,0.043967,-0.258819,-0.965926,0
781,13.0167,0.077517,0.0403,8.3398,0.037217,-0.263031,-0.964787,0
782,13.0333,0.074883,0.0404,8.3743,0.034483,-0.267238,-0.96363,0
783,13.05,0.076867,0.0374,8.4138,0.039467,-0.27144,-0.962455,0
784,13.0667,0.07915,0.0425,8.4505,0.03665,-0.275637,-0.961262,0
785,13.0833,0.077033,0.0422,8.4853,0.034833,-0.279829,-0.96005,0
786,13.1,0.07615,0.0366,8.5249,0.03955,-0.284015,-0.95882,0
787,13.1167,0.069633,0.0404,8.5541,0.029233,-0.288196,-0.957571,0
788,13.1333,0.077533,0.0413,8.5903,0.036233,-0.292372,-0.956305,0
789,13.15,0.073333,0.0389,8.6247,0.034433,-0.296542,-0.95502,0
790,13.1667,0.0765,0.0421,8.6591,0.0344,-0.300706,-0.953717,0
791,13.1833,0.073367,0.0415,8.691,0.031867,-0.304864,-0.952396,0
792,13.2,0.0763,0.0362,8.7311,0.0401,-0.309017,-0.951057,0
793,13.2167,0.074867,0.0373,8.7687,0.037567,-0.313164,-0.949699,0
794,13.2333,0.078367,0.0414,8.8057,0.036967,-0.317305,-0.948324,0
795,13.25,0.075017,0.0388,8.8419,0.036217,-0.321439,-0.94693,0
796,13.2667,0.07595,0.0398,8.8781,0.03615,-0.325568,-0.945519,0
797,13.2833,0.075233,0.0358,8.9175,0.039433,-0.329691,-0.944089,0
798,13.3,0.076217,0.0402,8.9535,0.036017,-0.333807,-0.942641,0
799,13.3167,0.077533,0.0371,8.9939,0.040433,-0.337917,-0.941176,0
800,13.3333,0.074167,0.0375,9.0306,0.036667,-0.34202,-0.939693,0
801,13.35,0.072583,0.0361,9.0671,0.036483,-0.346117,-0.938191,0
802,13.3667,0.073533,0.0404,9.1002,0.033133,-0.350207,-0.936672,0
803,13.3833,0.073267,0.0393,9.1342,0.033967,-0.354291,-0.935135,0
804,13.4,0.07715,0.0411,9.1702,0.03605,-0.358368,-0.93358,0
805,13.4167,0.07595,0.0376,9.2086,0.03835,-0.362438,-0.932008,0
806,13.4333,0.069917,0.0396,9.2389,0.030317,-0.366501,-0.930418,0
807,13.45,0.074167,0.0374,9.2757,0.036767,-0.370557,-0.92881,0
808,13.4667,0.0761,0.0398,9.312,0.0363,-0.374607,-0.927184,0
809,13.4833,0.070667,0.0335,9.3492,0.037167,-0.378649,-0.925541,0
810,13.5,0.07495,0.0404,9.3837,0.03455,-0.382683,-0.92388,0
811,13.5167,0.071417,0.0379,9.4172,0.033517,-0.386711,-0.922201,0
812,13.5333,0.074583,0.0396,9.4522,0.034983,-0.390731,-0.920505,0
813,13.55,0.075383,0.0402,9.4874,0.035183,-0.394744,-0.918791,0
814,13.5667,0.072667,0.0367,9.5234,0.035967,-0.398749,-0.91706,0
815,13.5833,0.07145,0.0379,9.557,0.03355,-0.402747,-0.915311,0
816,13.6,0.075483,0.0363,9.5962,0.039183,-0.406737,-0.913545,0
817,13.6167,0.069933,0.0416,9.6245,0.028333,-0.410719,-0.911762,0
818,13.6333,0.074917,0.0425,9.6569,0.032417,-0.414693,-0.909961,0
819,13.65,0.07225,0.0389,9.6903,0.03335,-0.41866,-0.908143,0
820,13.6667,0.072517,0.0358,9.727,0.036717,-0.422618,-0.906308,0
821,13.6833,0.07125,0.0388,9.7594,0.03245,-0.426569,-0.904455,0
822,13.7,0.073683,0.0388,9.7943,0.034883,-0.430511,-0.902585,0
823,13.7167,0.06925,0.0395,9.824,0.02975,-0.434445,-0.900698,0
824,13.7333,0.068383,0.0387,9.8537,0.029683,-0.438371,-0.898794,0
825,13.75,0.075633,0.038,9.8913,0.037633,-0.442289,-0.896873,0
826,13.7667,0.06955,0.0408,9.92,0.02875,-0.446198,-0.894934,0
827,13.7833,0.070317,0.0383,9.952,0.032017,-0.450098,-0.892979,0
828,13.8,0.066583,0.0358,9.9828,0.030783,-0.45399,-0.891007,0
829,13.8167,0.07105,0.0421,10.0117,0.02895,-0.457874,-0.889017,0
830,13.8333,0.07025,0.0389,10.043,0.03135,-0.461749,-0.887011,0
831,13.85,0.067533,0.0405,10.07,0.027033,-0.465615,-0.884988,0
832,13.8667,0.07215,0.0396,10.1026,0.03255,-0.469472,-0.882948,0
833,13.8833,0.071133,0.0374,10.1363,0.033733,-0.47332,-0.880891,0
834,13.9,0.07225,0.0362,10.1724,0.03605,-0.477159,-0.878817,0
835,13.9167,0.070517,0.0388,10.2041,0.031717,-0.480989,-0.876727,0
836,13.9333,0.071283,0.0374,10.238,0.033883,-0.48481,-0.87462,0
837,13.95,0.06925,0.0408,10.2664,0.02845,-0.488621,-0.872496,0
838,13.9667,0.069167,0.0417,10.2939,0.027467,-0.492424,-0.870356,0
839,13.9833,0.071483,0.0408,10.3246,0.030683,-0.496217,-0.868199,0
840,14.0,0.0674,0.0405,10.3515,0.0269,-0.5,-0.866025,0
841,14.0167,0.068583,0.0433,10.3768,0.025283,-0.503774,-0.863836,0
842,14.0333,0.069033,0.0407,10.4051,0.028333,-0.507538,-0.861629,0
843,14.05,0.070933,0.0415,10.4345,0.029433,-0.511293,-0.859406,0
844,14.0667,0.07075,0.0422,10.4631,0.02855,-0.515038,-0.857167,0
845,14.0833,0.068283,0.0418,10.4896,0.026483,-0.518773,-0.854912,0
846,14.1,0.06805,0.0412,10.5164,0.02685,-0.522499,-0.85264,0
847,14.1167,0.066167,0.0368,10.5458,0.029367,-0.526214,-0.850352,0
848,14.1333,0.066717,0.0387,10.5738,0.028017,-0.529919,-0.848048,0
849,14.15,0.063833,0.0386,10.599,0.025233,-0.533615,-0.845728,0
850,14.1667,0.065067,0.0392,10.6249,0.025867,-0.5373,-0.843391,0
851,14.1833,0.06665,0.0376,10.654,0.02905,-0.540974,-0.841039,0
852,14.2,0.066083,0.0406,10.6795,0.025483,-0.544639,-0.838671,0
853,14.2167,0.06475,0.0392,10.7051,0.02555,-0.548293,-0.836286,0
854,14.2333,0.065817,0.0361,10.7348,0.029717,-0.551937,-0.833886,0
855,14.25,0.065433,0.0366,10.7636,0.028833,-0.55557,-0.83147,0
856,14.2667,0.065933,0.041,10.7885,0.024933,-0.559193,-0.829038,0
857,14.2833,0.066,0.0386,10.8159,0.0274,-0.562805,-0.82659,0
858,14.3,0.0672,0.0385,10.8446,0.0287,-0.566406,-0.824126,0
859,14.3167,0.0647,0.0379,10.8714,0.0268,-0.569997,-0.821647,0
860,14.3333,0.067233,0.0411,10.8975,0.026133,-0.573576,-0.819152,0
861,14.35,0.067983,0.0422,10.9233,0.025783,-0.577145,-0.816642,0
862,14.3667,0.0687,0.0403,10.9517,0.0284,-0.580703,-0.814116,0
863,14.3833,0.064433,0.0389,10.9772,0.025533,-0.58425,-0.811574,0
864,14.4,0.064233,0.0394,11.002,0.024833,-0.587785,-0.809017,0
865,14.4167,0.06785,0.0439,11.0259,0.02395,-0.59131,-0.806445,0
866,14.4333,0.064483,0.0409,11.0495,0.023583,-0.594823,-0.803857,0
867,14.45,0.061633,0.0406,11.0705,0.021033,-0.598325,-0.801254,0
868,14.4667,0.067383,0.0402,11.0977,0.027183,-0.601815,-0.798636,0
869,14.4833,0.0626,0.0352,11.1251,0.0274,-0.605294,-0.796002,0
870,14.5,0.06035,0.0408,11.1446,0.01955,-0.608761,-0.793353,0
871,14.5167,0.065067,0.0396,11.1701,0.025467,-0.612217,-0.79069,0
872,14.5333,0.063217,0.0448,11.1885,0.018417,-0.615661,-0.788011,0
873,14.55,0.0623,0.0381,11.2127,0.0242,-0.619094,-0.785317,0
874,14.5667,0.062,0.0382,11.2365,0.0238,-0.622515,-0.782608,0
875,14.5833,0.062917,0.0365,11.2629,0.026417,-0.625923,-0.779884,0
876,14.6,0.05965,0.039,11.2835,0.02065,-0.62932,-0.777146,0
877,14.6167,0.062117,0.0396,11.306,0.022517,-0.632705,-0.774393,0
878,14.6333,0.0595,0.04,11.3255,0.0195,-0.636078,-0.771625,0
879,14.65,0.060083,0.037,11.3486,0.023083,-0.639439,-0.768842,0
880,14.6667,0.055733,0.0388,11.3655,0.016933,-0.642788,-0.766044,0
881,14.6833,0.060767,0.0355,11.3908,0.025267,-0.646124,-0.763232,0
882,14.7,0.063067,0.0384,11.4155,0.024667,-0.649448,-0.760406,0
883,14.7167,0.0601,0.0356,11.44,0.0245,-0.65276,-0.757565,0
884,14.7333,0.0634,0.0394,11.464,0.024,-0.656059,-0.75471,0
885,14.75,0.061917,0.0406,11.4853,0.021317,-0.659346,-0.75184,0
886,14.7667,0.060883,0.0375,11.5087,0.023383,-0.66262,-0.748956,0
887,14.7833,0.0621,0.0369,11.5339,0.0252,-0.665882,-0.746057,0
888,14.8,0.056533,0.0432,11.5472,0.013333,-0.669131,-0.743145,0
889,14.8167,0.060433,0.0399,11.5677,0.020533,-0.672367,-0.740218,0
890,14.8333,0.0557,0.0414,11.582,0.0143,-0.67559,-0.737277,0
891,14.85,0.062167,0.0383,11.6059,0.023867,-0.678801,-0.734323,0
892,14.8667,0.058167,0.039,11.6251,0.019167,-0.681998,-0.731354,0
893,14.8833,0.0583,0.0366,11.6468,0.0217,-0.685183,-0.728371,0
894,14.9,0.057983,0.0374,11.6674,0.020583,-0.688355,-0.725374,0
895,14.9167,0.056233,0.0416,11.682,0.014633,-0.691513,-0.722364,0
896,14.9333,0.058767,0.0407,11.7001,0.018067,-0.694658,-0.71934,0
897,14.95,0.057,0.0386,11.7185,0.0184,-0.69779,-0.716302,0
898,14.9667,0.059933,0.0407,11.7377,0.019233,-0.700909,-0.71325,0
899,14.9833,0.057383,0.0396,11.7555,0.017783,-0.704015,-0.710185,0
900,15.0,0.0595,0.0398,11.7752,0.0197,-0.707107,-0.707107,0
901,15.0167,0.05875,0.0414,11.7926,0.01735,-0.710185,-0.704015,0
902,15.0333,0.059883,0.0415,11.811,0.018383,-0.71325,-0.700909,0
903,15.05,0.056467,0.0393,11.8282,0.017167,-0.716302,-0.69779,0
904,15.0667,0.05585,0.0401,11.8439,0.01575,-0.71934,-0.694658,0
905,15.0833,0.056917,0.0368,11.864,0.020117,-0.722364,-0.691513,0
906,15.1,0.054683,0.0373,11.8814,0.017383,-0.725374,-0.688355,0
907,15.1167,0.0563,0.0388,11.8989,0.0175,-0.728371,-0.685183,0
908,15.1333,0.055983,0.0407,11.9142,0.015283,-0.731354,-0.681998,0
909,15.15,0.052167,0.0394,11.927,0.012767,-0.734323,-0.678801,0
910,15.1667,0.053683,0.0379,11.9428,0.015783,-0.737277,-0.67559,0
911,15.1833,0.054417,0.0403,11.9569,0.014117,-0.740218,-0.672367,0
912,15.2,0.056117,0.0396,11.9734,0.016517,-0.743145,-0.669131,0
913,15.2167,0.051,0.0396,11.9848,0.0114,-0.746057,-0.665882,0
914,15.2333,0.050717,0.0418,11.9937,0.008917,-0.748956,-0.66262,0
915,15.25,0.048067,0.0394,12.0024,0.008667,-0.75184,-0.659346,0
916,15.2667,0.055067,0.0398,12.0177,0.015267,-0.75471,-0.656059,0
917,15.2833,0.050267,0.0383,12.0297,0.011967,-0.757565,-0.65276,0
918,15.3,0.054367,0.0368,12.0473,0.017567,-0.760406,-0.649448,0
919,15.3167,0.05045,0.04,12.0578,0.01045,-0.763232,-0.646124,0
920,15.3333,0.052333,0.0398,12.0703,0.012533,-0.766044,-0.642788,0
921,15.35,0.049933,0.0379,12.0823,0.012033,-0.768842,-0.639439,0
922,15.3667,0.05295,0.0373,12.0979,0.01565,-0.771625,-0.636078,0
923,15.3833,0.048633,0.0411,12.1054,0.007533,-0.774393,-0.632705,0
924,15.4,0.049567,0.038,12.117,0.011567,-0.777146,-0.62932,0
925,15.4167,0.0512,0.0398,12.1284,0.0114,-0.779884,-0.625923,0
926,15.4333,0.049717,0.0404,12.1377,0.009317,-0.782608,-0.622515,0
927,15.45,0.049967,0.0396,12.1481,0.010367,-0.785317,-0.619094,0
928,15.4667,0.047933,0.0374,12.1586,0.010533,-0.788011,-0.615661,0
929,15.4833,0.050067,0.0397,12.169,0.010367,-0.79069,-0.612217,0
930,15.5,0.051867,0.0382,12.1827,0.013667,-0.793353,-0.608761,0
931,15.5167,0.047317,0.0417,12.1883,0.005617,-0.796002,-0.605294,0
932,15.5333,0.049967,0.0386,12.1997,0.011367,-0.798636,-0.601815,0
933,15.55,0.051667,0.0401,12.2113,0.011567,-0.801254,-0.598325,0
934,15.5667,0.0432,0.0408,12.2137,0.0024,-0.803857,-0.594823,0
935,15.5833,0.051267,0.039,12.226,0.012267,-0.806445,-0.59131,0
936,15.6,0.047983,0.0399,12.2341,0.008083,-0.809017,-0.587785,0
937,15.6167,0.044767,0.0416,12.2373,0.003167,-0.811574,-0.58425,0
938,15.6333,0.046983,0.0405,12.2438,0.006483,-0.814116,-0.580703,0
939,15.65,0.043917,0.0396,12.2481,0.004317,-0.816642,-0.577145,0
940,15.6667,0.0446,0.0365,12.2562,0.0081,-0.819152,-0.573576,0
941,15.6833,0.047283,0.0402,12.2633,0.007083,-0.821647,-0.569997,0
942,15.7,0.04545,0.0381,12.2706,0.00735,-0.824126,-0.566406,0
943,15.7167,0.044717,0.0368,12.2785,0.007917,-0.82659,-0.562805,0
944,15.7333,0.046283,0.0447,12.2801,0.001583,-0.829038,-0.559193,0
945,15.75,0.045,0.0397,12.2854,0.0053,-0.83147,-0.55557,0
946,15.7667,0.04375,0.0374,12.2917,0.00635,-0.833886,-0.551937,0
947,15.7833,0.040883,0.04,12.2926,0.000883,-0.836286,-0.548293,0
948,15.8,0.046133,0.0389,12.2998,0.007233,-0.838671,-0.544639,0
949,15.8167,0.04115,0.0366,12.3043,0.00455,-0.841039,-0.540974,0
950,15.8333,0.043633,0.04,12.3079,0.003633,-0.843391,-0.5373,0
951,15.85,0.047167,0.0423,12.3128,0.004867,-0.845728,-0.533615,0
952,15.8667,0.043183,0.0423,12.3137,0.000883,-0.848048,-0.529919,0
953,15.8833,0.043983,0.039,12.3187,0.004983,-0.850352,-0.526214,0
954,15.9,0.0422,0.0372,12.3237,0.005,-0.85264,-0.522499,0
955,15.9167,0.040333,0.0396,12.3244,0.000733,-0.854912,-0.518773,0
956,15.9333,0.038167,0.0389,12.3237,-0.000733,-0.857167,-0.515038,0
957,15.95,0.046067,0.0398,12.33,0.006267,-0.859406,-0.511293,0
958,15.9667,0.036817,0.0395,12.3273,-0.002683,-0.861629,-0.507538,0
959,15.9833,0.036783,0.0399,12.3242,-0.003117,-0.863836,-0.503774,0
960,16.0,0.03665,0.0401,12.3207,-0.00345,-0.866025,-0.5,0
961,16.0167,0.03905,0.0397,12.3201,-0.00065,-0.868199,-0.496217,0
962,16.0333,0.041833,0.0403,12.3216,0.001533,-0.870356,-0.492424,0
963,16.05,0.0365,0.0395,12.3186,-0.003,-0.872496,-0.488621,0
964,16.0667,0.0353,0.0397,12.3142,-0.0044,-0.87462,-0.48481,0
965,16.0833,0.035517,0.0413,12.3084,-0.005783,-0.876727,-0.480989,0
966,16.1,0.043317,0.0398,12.3119,0.003517,-0.878817,-0.477159,0
967,16.1167,0.038267,0.041,12.3092,-0.002733,-0.880891,-0.47332,0
968,16.1333,0.031483,0.0365,12.3042,-0.005017,-0.882948,-0.469472,0
969,16.15,0.038567,0.0405,12.3023,-0.001933,-0.884988,-0.465615,0
970,16.1667,0.035767,0.0413,12.2968,-0.005533,-0.887011,-0.461749,0
971,16.1833,0.040617,0.0386,12.2988,0.002017,-0.889017,-0.457874,0
972,16.2,0.039883,0.0397,12.299,0.000183,-0.891007,-0.45399,0
973,16.2167,0.041467,0.04,12.3005,0.001467,-0.892979,-0.450098,0
974,16.2333,0.031383,0.0414,12.2905,-0.010017,-0.894934,-0.446198,0
975,16.25,0.03605,0.0369,12.2896,-0.00085,-0.896873,-0.442289,0
976,16.2667,0.037067,0.0435,12.2832,-0.006433,-0.898794,-0.438371,0
977,16.2833,0.034217,0.0401,12.2773,-0.005883,-0.900698,-0.434445,0
978,16.3,0.034467,0.0402,12.2716,-0.005733,-0.902585,-0.430511,0
979,16.3167,0.03165,0.0383,12.265,-0.00665,-0.904455,-0.426569,0
980,16.3333,0.026683,0.0371,12.2546,-0.010417,-0.906308,-0.422618,0
981,16.35,0.035167,0.0379,12.2519,-0.002733,-0.908143,-0.41866,0
982,16.3667,0.031733,0.0435,12.2401,-0.011767,-0.909961,-0.414693,0
983,16.3833,0.036533,0.0371,12.2395,-0.000567,-0.911762,-0.410719,0
984,16.4,0.034433,0.0369,12.237,-0.002467,-0.913545,-0.406737,0
985,16.4167,0.029783,0.0428,12.224,-0.013017,-0.915311,-0.402747,0
986,16.4333,0.02935,0.0407,12.2127,-0.01135,-0.91706,-0.398749,0
987,16.45,0.035433,0.0416,12.2065,-0.006167,-0.918791,-0.394744,0
988,16.4667,0.028433,0.0404,12.1945,-0.011967,-0.920505,-0.390731,0
989,16.4833,0.032367,0.0408,12.1861,-0.008433,-0.922201,-0.386711,0
990,16.5,0.03135,0.0387,12.1787,-0.00735,-0.92388,-0.382683,0
991,16.5167,0.0329,0.0393,12.1723,-0.0064,-0.925541,-0.378649,0
992,16.5333,0.034017,0.0377,12.1686,-0.003683,-0.927184,-0.374607,0
993,16.55,0.0291,0.0402,12.1575,-0.0111,-0.92881,-0.370557,0
994,16.5667,0.028083,0.0377,12.1479,-0.009617,-0.930418,-0.366501,0
995,16.5833,0.027083,0.0432,12.1318,-0.016117,-0.932008,-0.362438,0
996,16.6,0.028183,0.0402,12.1198,-0.012017,-0.93358,-0.358368,0
997,16.6167,0.022783,0.0372,12.1054,-0.014417,-0.935135,-0.354291,0
998,16.6333,0.029983,0.04,12.0954,-0.010017,-0.936672,-0.350207,0
999,16.65,0.029733,0.0358,12.0893,-0.006067,-0.938191,-0.346117,0
1000,16.6667,0.027633,0.0393,12.0776,-0.011667,-0.939693,-0.34202,0
1001,16.6833,0.027883,0.0394,12.0661,-0.011517,-0.941176,-0.337917,0
1002,16.7,0.028133,0.041,12.0532,-0.012867,-0.942641,-0.333807,0
1003,16.7167,0.022867,0.0387,12.0374,-0.015833,-0.944089,-0.329691,0
1004,16.7333,0.024333,0.0385,12.0232,-0.014167,-0.945519,-0.325568,0
1005,16.75,0.02605,0.036,12.0132,-0.00995,-0.94693,-0.321439,0
1006,16.7667,0.025983,0.0412,11.998,-0.015217,-0.948324,-0.317305,0
1007,16.7833,0.024083,0.0375,11.9846,-0.013417,-0.949699,-0.313164,0
1008,16.8,0.02745,0.0389,11.9732,-0.01145,-0.951057,-0.309017,0
1009,16.8167,0.026533,0.038,11.9617,-0.011467,-0.952396,-0.304864,0
1010,16.8333,0.025383,0.0383,11.9488,-0.012917,-0.953717,-0.300706,0
1011,16.85,0.024633,0.0389,11.9345,-0.014267,-0.95502,-0.296542,0
1012,16.8667,0.02575,0.0439,11.9163,-0.01815,-0.956305,-0.292372,0
1013,16.8833,0.022733,0.0377,11.9013,-0.014967,-0.957571,-0.288196,0
1014,16.9,0.02315,0.0398,11.8847,-0.01665,-0.95882,-0.284015,0
1015,16.9167,0.022933,0.0374,11.8702,-0.014467,-0.96005,-0.279829,0
1016,16.9333,0.019383,0.0442,11.8454,-0.024817,-0.961262,-0.275637,0
1017,16.95,0.02065,0.0393,11.8267,-0.01865,-0.962455,-0.27144,0
1018,16.9667,0.023,0.0372,11.8125,-0.0142,-0.96363,-0.267238,0
1019,16.9833,0.024567,0.0389,11.7982,-0.014333,-0.964787,-0.263031,0
1020,17.0,0.022967,0.0374,11.7838,-0.014433,-0.965926,-0.258819,0
1021,17.0167,0.020983,0.0428,11.762,-0.021817,-0.967046,-0.254602,0
1022,17.0333,0.01905,0.04,11.7411,-0.02095,-0.968148,-0.25038,0
1023,17.05,0.021733,0.0376,11.7252,-0.015867,-0.969231,-0.246153,0
1024,17.0667,0.021933,0.0399,11.7072,-0.017967,-0.970296,-0.241922,0
1025,17.0833,0.024433,0.0361,11.6955,-0.011667,-0.971342,-0.237686,0
1026,17.1,0.014117,0.0384,11.6712,-0.024283,-0.97237,-0.233445,0
1027,17.1167,0.016717,0.0405,11.6474,-0.023783,-0.973379,-0.2292,0
1028,17.1333,0.015317,0.0432,11.6195,-0.027883,-0.97437,-0.224951,0
1029,17.15,0.021317,0.0418,11.599,-0.020483,-0.975342,-0.220697,0
1030,17.1667,0.02065,0.041,11.5786,-0.02035,-0.976296,-0.21644,0
1031,17.1833,0.0133,0.0422,11.5497,-0.0289,-0.977231,-0.212178,0
1032,17.2,0.015583,0.0375,11.5278,-0.021917,-0.978148,-0.207912,0
1033,17.2167,0.017967,0.04,11.5058,-0.022033,-0.979045,-0.203642,0
1034,17.2333,0.011117,0.0386,11.4783,-0.027483,-0.979925,-0.199368,0
1035,17.25,0.016,0.0405,11.4538,-0.0245,-0.980785,-0.19509,0
1036,17.2667,0.013783,0.0386,11.429,-0.024817,-0.981627,-0.190809,0
1037,17.2833,0.01715,0.0375,11.4086,-0.02035,-0.98245,-0.186524,0
1038,17.3,0.0133,0.0407,11.3812,-0.0274,-0.983255,-0.182236,0
1039,17.3167,0.013033,0.0397,11.3545,-0.026667,-0.984041,-0.177944,0
1040,17.3333,0.011933,0.0421,11.3243,-0.030167,-0.984808,-0.173648,0
1041,17.35,0.018283,0.0408,11.3018,-0.022517,-0.985556,-0.16935,0
1042,17.3667,0.010117,0.0411,11.2708,-0.030983,-0.986286,-0.165048,0
1043,17.3833,0.011783,0.0408,11.2418,-0.029017,-0.986996,-0.160743,0
1044,17.4,0.00765,0.0409,11.2085,-0.03325,-0.987688,-0.156434,0
1045,17.4167,0.00965,0.0398,11.1784,-0.03015,-0.988362,-0.152123,0
1046,17.4333,0.006983,0.0395,11.1459,-0.032517,-0.989016,-0.147809,0
1047,17.45,0.01295,0.0374,11.1214,-0.02445,-0.989651,-0.143493,0
1048,17.4667,0.010733,0.04,11.0921,-0.029267,-0.990268,-0.139173,0
1049,17.4833,0.012633,0.041,11.0637,-0.028367,-0.990866,-0.134851,0
1050,17.5,0.014267,0.0411,11.0369,-0.026833,-0.991445,-0.130526,0
1051,17.5167,0.00965,0.0395,11.007,-0.02985,-0.992005,-0.126199,0
1052,17.5333,0.006333,0.0414,10.9719,-0.035067,-0.992546,-0.121869,0
1053,17.55,0.011867,0.0379,10.9459,-0.026033,-0.993068,-0.117537,0
1054,17.5667,0.007983,0.0353,10.9186,-0.027317,-0.993572,-0.113203,0
1055,17.5833,0.011933,0.0433,10.8872,-0.031367,-0.994056,-0.108867,0
1056,17.6,0.00985,0.0397,10.8574,-0.02985,-0.994522,-0.104528,0
1057,17.6167,0.009817,0.0379,10.8293,-0.028083,-0.994969,-0.100188,0
1058,17.6333,0.0092,0.0389,10.7996,-0.0297,-0.995396,-0.095846,0
1059,17.65,0.0093,0.0412,10.7677,-0.0319,-0.995805,-0.091502,0
1060,17.6667,0.00655,0.0396,10.7347,-0.03305,-0.996195,-0.087156,0
1061,17.6833,0.012733,0.0398,10.7076,-0.027067,-0.996566,-0.082808,0
1062,17.7,0.003967,0.0407,10.6709,-0.036733,-0.996917,-0.078459,0
1063,17.7167,0.00875,0.0408,10.6388,-0.03205,-0.99725,-0.074108,0
1064,17.7333,0.002933,0.0385,10.6032,-0.035567,-0.997564,-0.069756,0
1065,17.75,0.00545,0.0424,10.5662,-0.03695,-0.997859,-0.065403,0
1066,17.7667,0.0031,0.0393,10.53,-0.0362,-0.998135,-0.061049,0
1067,17.7833,0.0067,0.0399,10.4968,-0.0332,-0.998392,-0.056693,0
1068,17.8,0.005117,0.0385,10.4634,-0.033383,-0.99863,-0.052336,0
1069,17.8167,0.0088,0.0396,10.4326,-0.0308,-0.998848,-0.047978,0
1070,17.8333,0.00345,0.0402,10.3959,-0.03675,-0.999048,-0.043619,0
1071,17.85,0.00745,0.0381,10.3652,-0.03065,-0.999229,-0.03926,0
1072,17.8667,0.000733,0.0412,10.3247,-0.040467,-0.999391,-0.034899,0
1073,17.8833,0.000833,0.0369,10.2886,-0.036067,-0.999534,-0.030539,0
1074,17.9,0.004633,0.0424,10.2508,-0.037767,-0.999657,-0.026177,0
1075,17.9167,0.0,0.039,10.2118,-0.039,-0.999762,-0.021815,0
1076,17.9333,0.001433,0.0403,10.1729,-0.038867,-0.999848,-0.017452,0
1077,17.95,0.0,0.0382,10.1347,-0.0382,-0.999914,-0.01309,0
1078,17.9667,0.0,0.0393,10.0954,-0.0393,-0.999962,-0.008727,0
1079,17.9833,0.0045,0.0406,10.0593,-0.0361,-0.99999,-0.004363,0
1080,18.0,0.0,0.0916,9.9677,-0.0916,-1.0,-0.0,0
1081,18.0167,0.0,0.0913,9.8764,-0.0913,-0.99999,0.004363,0
1082,18.0333,0.0,0.0876,9.7888,-0.0876,-0.999962,0.008727,0
1083,18.05,0.0,0.0905,9.6983,-0.0905,-0.999914,0.01309,0
1084,18.0667,0.0,0.0884,9.6099,-0.0884,-0.999848,0.017452,0
1085,18.0833,0.0,0.0914,9.5185,-0.0914,-0.999762,0.021815,0
1086,18.1,0.0,0.0954,9.4231,-0.0954,-0.999657,0.026177,0
1087,18.1167,0.0,0.0891,9.334,-0.0891,-0.999534,0.030539,0
1088,18.1333,0.0,0.0898,9.2442,-0.0898,-0.999391,0.034899,0
1089,18.15,0.0,0.0937,9.1505,-0.0937,-0.999229,0.03926,0
1090,18.1667,0.0,0.0885,9.062,-0.0885,-0.999048,0.043619,0
1091,18.1833,0.0,0.0869,8.9751,-0.0869,-0.998848,0.047978,0
1092,18.2,0.0,0.0948,8.8803,-0.0948,-0.99863,0.052336,0
1093,18.2167,0.0,0.0923,8.788,-0.0923,-0.998392,0.056693,0
1094,18.2333,0.0,0.09,8.698,-0.09,-0.998135,0.061049,0
1095,18.25,0.0,0.0897,8.6083,-0.0897,-0.997859,0.065403,0
1096,18.2667,0.0,0.09,8.5183,-0.09,-0.997564,0.069756,0
1097,18.2833,0.0,0.0924,8.4259,-0.0924,-0.99725,0.074108,0
1098,18.3,0.0,0.0886,8.3373,-0.0886,-0.996917,0.078459,0
1099,18.3167,0.0,0.0901,8.2472,-0.0901,-0.996566,0.082808,0
1100,18.3333,0.0,0.0896,8.1576,-0.0896,-0.996195,0.087156,0
1101,18.35,0.0,0.094,8.0636,-0.094,-0.995805,0.091502,0
1102,18.3667,0.0,0.0936,7.97,-0.0936,-0.995396,0.095846,0
1103,18.3833,0.0,0.0904,7.8796,-0.0904,-0.994969,0.100188,0
1104,18.4,0.0,0.0926,7.787,-0.0926,-0.994522,0.104528,0
1105,18.4167,0.0,0.0895,7.6975,-0.0895,-0.994056,0.108867,0
1106,18.4333,0.0,0.0906,7.6069,-0.0906,-0.993572,0.113203,0
1107,18.45,0.0,0.0896,7.5173,-0.0896,-0.993068,0.117537,0
1108,18.4667,0.0,0.0922,7.4251,-0.0922,-0.992546,0.121869,0
1109,18.4833,0.0,0.0914,7.3337,-0.0914,-0.992005,0.126199,0
1110,18.5,0.0,0.0888,7.2449,-0.0888,-0.991445,0.130526,0
1111,18.5167,0.0,0.0926,7.1523,-0.0926,-0.990866,0.134851,0
1112,18.5333,0.0,0.0862,7.0661,-0.0862,-0.990268,0.139173,0
1113,18.55,0.0,0.0913,6.9748,-0.0913,-0.989651,0.143493,0
1114,18.5667,0.0,0.09,6.8848,-0.09,-0.989016,0.147809,0
1115,18.5833,0.0,0.0858,6.799,-0.0858,-0.988362,0.152123,0
1116,18.6,0.0,0.088,6.711,-0.088,-0.987688,0.156434,0
1117,18.6167,0.0,0.0899,6.6211,-0.0899,-0.986996,0.160743,0
1118,18.6333,0.0,0.0899,6.5312,-0.0899,-0.986286,0.165048,0
1119,18.65,0.0,0.0912,6.44,-0.0912,-0.985556,0.16935,0
1120,18.6667,0.0,0.0922,6.3478,-0.0922,-0.984808,0.173648,0
1121,18.6833,0.0,0.0896,6.2582,-0.0896,-0.984041,0.177944,0
1122,18.7,0.0,0.092,6.1662,-0.092,-0.983255,0.182236,0
1123,18.7167,0.0,0.0923,6.0739,-0.0923,-0.98245,0.186524,0
1124,18.7333,0.0,0.0887,5.9852,-0.0887,-0.981627,0.190809,0
1125,18.75,0.0,0.0883,5.8969,-0.0883,-0.980785,0.19509,0
1126,18.7667,0.0,0.0896,5.8073,-0.0896,-0.979925,0.199368,0
1127,18.7833,0.0,0.0913,5.716,-0.0913,-0.979045,0.203642,0
1128,18.8,0.0,0.0923,5.6237,-0.0923,-0.978148,0.207912,0
1129,18.8167,0.0,0.0896,5.5341,-0.0896,-0.977231,0.212178,0
1130,18.8333,0.0,0.0897,5.4444,-0.0897,-0.976296,0.21644,0
1131,18.85,0.0,0.0888,5.3556,-0.0888,-0.975342,0.220697,0
1132,18.8667,0.0,0.0885,5.2671,-0.0885,-0.97437,0.224951,0
1133,18.8833,0.0,0.0925,5.1746,-0.0925,-0.973379,0.2292,0
1134,18.9,0.0,0.0939,5.0807,-0.0939,-0.97237,0.233445,0
1135,18.9167,0.0,0.0893,4.9914,-0.0893,-0.971342,0.237686,0
1136,18.9333,0.0,0.0918,4.8996,-0.0918,-0.970296,0.241922,0
1137,18.95,0.0,0.0916,4.808,-0.0916,-0.969231,0.246153,0
1138,18.9667,0.0,0.086,4.722,-0.086,-0.968148,0.25038,0
1139,18.9833,0.0,0.0901,4.6319,-0.0901,-0.967046,0.254602,0
1140,19.0,0.0,0.0889,4.543,-0.0889,-0.965926,0.258819,0
1141,19.0167,0.0,0.0898,4.4532,-0.0898,-0.964787,0.263031,0
1142,19.0333,0.0,0.0916,4.3616,-0.0916,-0.96363,0.267238,0
1143,19.05,0.0,0.0926,4.269,-0.0926,-0.962455,0.27144,0
1144,19.0667,0.0,0.0867,4.1823,-0.0867,-0.961262,0.275637,0
1145,19.0833,0.0,0.0895,4.0928,-0.0895,-0.96005,0.279829,0
1146,19.1,0.0,0.092,4.0008,-0.092,-0.95882,0.284015,0
1147,19.1167,0.0,0.0881,3.9127,-0.0881,-0.957571,0.288196,0
1148,19.1333,0.0,0.0868,3.8259,-0.0868,-0.956305,0.292372,0
1149,19.15,0.0,0.0929,3.733,-0.0929,-0.95502,0.296542,0
1150,19.1667,0.0,0.0896,3.6434,-0.0896,-0.953717,0.300706,0
1151,19.1833,0.0,0.0915,3.5519,-0.0915,-0.952396,0.304864,0
1152,19.2,0.0,0.0924,3.4595,-0.0924,-0.951057,0.309017,0
1153,19.2167,0.0,0.088,3.3715,-0.088,-0.949699,0.313164,0
1154,19.2333,0.0,0.0895,3.282,-0.0895,-0.948324,0.317305,0
1155,19.25,0.0,0.0916,3.1904,-0.0916,-0.94693,0.321439,0
1156,19.2667,0.0,0.0886,3.1018,-0.0886,-0.945519,0.325568,0
1157,19.2833,0.0,0.0901,3.0117,-0.0901,-0.944089,0.329691,0
1158,19.3,0.0,0.0887,2.923,-0.0887,-0.942641,0.333807,0
1159,19.3167,0.0,0.0884,2.8346,-0.0884,-0.941176,0.337917,0
1160,19.3333,0.0,0.0885,2.7461,-0.0885,-0.939693,0.34202,0
1161,19.35,0.0,0.0903,2.6558,-0.0903,-0.938191,0.346117,0
1162,19.3667,0.0,0.0908,2.565,-0.0908,-0.936672,0.350207,0
1163,19.3833,0.0,0.0898,2.4752,-0.0898,-0.935135,0.354291,0
1164,19.4,0.0,0.0911,2.3841,-0.0911,-0.93358,0.358368,0
1165,19.4167,0.0,0.0891,2.295,-0.0891,-0.932008,0.362438,0
1166,19.4333,0.0,0.0951,2.1999,-0.0951,-0.930418,0.366501,0
1167,19.45,0.0,0.0897,2.1102,-0.0897,-0.92881,0.370557,0
1168,19.4667,0.0,0.0909,2.0193,-0.0909,-0.927184,0.374607,0
1169,19.4833,0.0,0.0893,1.93,-0.0893,-0.925541,0.378649,0
1170,19.5,0.0,0.0916,1.8384,-0.0916,-0.92388,0.382683,0
1171,19.5167,0.0,0.0886,1.7498,-0.0886,-0.922201,0.386711,0
1172,19.5333,0.0,0.0889,1.6609,-0.0889,-0.920505,0.390731,0
1173,19.55,0.0,0.0899,1.571,-0.0899,-0.918791,0.394744,0
1174,19.5667,0.0,0.0907,1.4803,-0.0907,-0.91706,0.398749,0
1175,19.5833,0.0,0.0876,1.3927,-0.0876,-0.915311,0.402747,0
1176,19.6,0.0,0.1583,1.2344,-0.1583,-0.913545,0.406737,0
1177,19.6167,0.0,0.1577,1.0767,-0.1577,-0.911762,0.410719,0
1178,19.6333,0.0,0.1617,0.915,-0.1617,-0.909961,0.414693,0
1179,19.65,0.0,0.1584,0.7566,-0.1584,-0.908143,0.41866,0
1180,19.6667,0.0,0.161,0.5956,-0.161,-0.906308,0.422618,0
1181,19.6833,0.0,0.1606,0.435,-0.1606,-0.904455,0.426569,0
1182,19.7,0.0,0.1618,0.2732,-0.1618,-0.902585,0.430511,0
1183,19.7167,0.0,0.1585,0.1147,-0.1585,-0.900698,0.434445,0
1184,19.7333,0.0,0.1597,0.0,-0.1597,-0.898794,0.438371,1
1185,19.75,0.0,0.1568,0.0,-0.1568,-0.896873,0.442289,1
1186,19.7667,0.0,0.1606,0.0,-0.1606,-0.894934,0.446198,1
1187,19.7833,0.0,0.156,0.0,-0.156,-0.892979,0.450098,1
1188,19.8,0.0,0.1581,0.0,-0.1581,-0.891007,0.45399,1
1189,19.8167,0.0,0.1583,0.0,-0.1583,-0.889017,0.457874,1
1190,19.8333,0.0,0.1579,0.0,-0.1579,-0.887011,0.461749,1
1191,19.85,0.0,0.1597,0.0,-0.1597,-0.884988,0.465615,1
1192,19.8667,0.0,0.1553,0.0,-0.1553,-0.882948,0.469472,1
1193,19.8833,0.0,0.159,0.0,-0.159,-0.880891,0.47332,1
1194,19.9,0.0,0.1589,0.0,-0.1589,-0.878817,0.477159,1
1195,19.9167,0.0,0.1598,0.0,-0.1598,-0.876727,0.480989,1
1196,19.9333,0.0,0.1617,0.0,-0.1617,-0.87462,0.48481,1
1197,19.95,0.0,0.1576,0.0,-0.1576,-0.872496,0.488621,1
1198,19.9667,0.0,0.1573,0.0,-0.1573,-0.870356,0.492424,1
1199,19.9833,0.0,0.1571,0.0,-0.1571,-0.868199,0.496217,1
1200,20.0,0.0,0.1563,0.0,-0.1563,-0.866025,0.5,1
1201,20.0167,0.0,0.1612,0.0,-0.1612,-0.863836,0.503774,1
1202,20.0333,0.0,0.1617,0.0,-0.1617,-0.861629,0.507538,1
1203,20.05,0.0,0.1602,0.0,-0.1602,-0.859406,0.511293,1
1204,20.0667,0.0,0.1578,0.0,-0.1578,-0.857167,0.515038,1
1205,20.0833,0.0,0.159,0.0,-0.159,-0.854912,0.518773,1
1206,20.1,0.0,0.1601,0.0,-0.1601,-0.85264,0.522499,1
1207,20.1167,0.0,0.158,0.0,-0.158,-0.850352,0.526214,1
1208,20.1333,0.0,0.159,0.0,-0.159,-0.848048,0.529919,1
1209,20.15,0.0,0.1596,0.0,-0.1596,-0.845728,0.533615,1
1210,20.1667,0.0,0.1575,0.0,-0.1575,-0.843391,0.5373,1
1211,20.1833,0.0,0.1571,0.0,-0.1571,-0.841039,0.540974,1
1212,20.2,0.0,0.1591,0.0,-0.1591,-0.838671,0.544639,1
1213,20.2167,0.0,0.1562,0.0,-0.1562,-0.836286,0.548293,1
1214,20.2333,0.0,0.1573,0.0,-0.1573,-0.833886,0.551937,1
1215,20.25,0.0,0.1596,0.0,-0.1596,-0.83147,0.55557,1
1216,20.2667,0.0,0.1596,0.0,-0.1596,-0.829038,0.559193,1
1217,20.2833,0.0,0.1554,0.0,-0.1554,-0.82659,0.562805,1
1218,20.3,0.0,0.1574,0.0,-0.1574,-0.824126,0.566406,1
1219,20.3167,0.0,0.1574,0.0,-0.1574,-0.821647,0.569997,1
1220,20.3333,0.0,0.1572,0.0,-0.1572,-0.819152,0.573576,1
1221,20.35,0.0,0.1577,0.0,-0.1577,-0.816642,0.577145,1
1222,20.3667,0.0,0.1567,0.0,-0.1567,-0.814116,0.580703,1
1223,20.3833,0.0,0.1583,0.0,-0.1583,-0.811574,0.58425,1
1224,20.4,0.0,0.1572,0.0,-0.1572,-0.809017,0.587785,1
1225,20.4167,0.0,0.1593,0.0,-0.1593,-0.806445,0.59131,1
1226,20.4333,0.0,0.1616,0.0,-0.1616,-0.803857,0.594823,1
1227,20.45,0.0,0.1568,0.0,-0.1568,-0.801254,0.598325,1
1228,20.4667,0.0,0.1568,0.0,-0.1568,-0.798636,0.601815,1
1229,20.4833,0.0,0.1612,0.0,-0.1612,-0.796002,0.605294,1
1230,20.5,0.0,0.1622,0.0,-0.1622,-0.793353,0.608761,1
1231,20.5167,0.0,0.154,0.0,-0.154,-0.79069,0.612217,1
1232,20.5333,0.0,0.159,0.0,-0.159,-0.788011,0.615661,1
1233,20.55,0.0,0.1598,0.0,-0.1598,-0.785317,0.619094,1
1234,20.5667,0.0,0.1606,0.0,-0.1606,-0.782608,0.622515,1
1235,20.5833,0.0,0.1583,0.0,-0.1583,-0.779884,0.625923,1
1236,20.6,0.0,0.1553,0.0,-0.1553,-0.777146,0.62932,1
1237,20.6167,0.0,0.1573,0.0,-0.1573,-0.774393,0.632705,1
1238,20.6333,0.0,0.1627,0.0,-0.1627,-0.771625,0.636078,1
1239,20.65,0.0,0.1581,0.0,-0.1581,-0.768842,0.639439,1
1240,20.6667,0.0,0.1581,0.0,-0.1581,-0.766044,0.642788,1
1241,20.6833,0.0,0.1611,0.0,-0.1611,-0.763232,0.646124,1
1242,20.7,0.0,0.1583,0.0,-0.1583,-0.760406,0.649448,1
1243,20.7167,0.0,0.1583,0.0,-0.1583,-0.757565,0.65276,1
1244,20.7333,0.0,0.1569,0.0,-0.1569,-0.75471,0.656059,1
1245,20.75,0.0,0.1571,0.0,-0.1571,-0.75184,0.659346,1
1246,20.7667,0.0,0.1577,0.0,-0.1577,-0.748956,0.66262,1
1247,20.7833,0.0,0.1599,0.0,-0.1599,-0.746057,0.665882,1
1248,20.8,0.0,0.161,0.0,-0.161,-0.743145,0.669131,1
1249,20.8167,0.0,0.1586,0.0,-0.1586,-0.740218,0.672367,1
1250,20.8333,0.0,0.1588,0.0,-0.1588,-0.737277,0.67559,1
1251,20.85,0.0,0.1593,0.0,-0.1593,-0.734323,0.678801,1
1252,20.8667,0.0,0.1592,0.0,-0.1592,-0.731354,0.681998,1
1253,20.8833,0.0,0.1597,0.0,-0.1597,-0.728371,0.685183,1
1254,20.9,0.0,0.1574,0.0,-0.1574,-0.725374,0.688355,1
1255,20.9167,0.0,0.1593,0.0,-0.1593,-0.722364,0.691513,1
1256,20.9333,0.0,0.1589,0.0,-0.1589,-0.71934,0.694658,1
1257,20.95,0.0,0.1541,0.0,-0.1541,-0.716302,0.69779,1
1258,20.9667,0.0,0.0892,0.0,-0.0892,-0.71325,0.700909,1
1259,20.9833,0.0,0.0879,0.0,-0.0879,-0.710185,0.704015,1
1260,21.0,0.0,0.0901,0.0,-0.0901,-0.707107,0.707107,1
1261,21.0167,0.0,0.0923,0.0,-0.0923,-0.704015,0.710185,1
1262,21.0333,0.0,0.0926,0.0,-0.0926,-0.700909,0.71325,1
1263,21.05,0.0,0.0896,0.0,-0.0896,-0.69779,0.716302,1
1264,21.0667,0.0,0.0907,0.0,-0.0907,-0.694658,0.71934,1
1265,21.0833,0.0,0.0887,0.0,-0.0887,-0.691513,0.722364,1
1266,21.1,0.0,0.0916,0.0,-0.0916,-0.688355,0.725374,1
1267,21.1167,0.0,0.0947,0.0,-0.0947,-0.685183,0.728371,1
1268,21.1333,0.0,0.0909,0.0,-0.0909,-0.681998,0.731354,1
1269,21.15,0.0,0.0886,0.0,-0.0886,-0.678801,0.734323,1
1270,21.1667,0.0,0.0856,0.0,-0.0856,-0.67559,0.737277,1
1271,21.1833,0.0,0.0877,0.0,-0.0877,-0.672367,0.740218,1
1272,21.2,0.0,0.0889,0.0,-0.0889,-0.669131,0.743145,1
1273,21.2167,0.0,0.0863,0.0,-0.0863,-0.665882,0.746057,1
1274,21.2333,0.0,0.0904,0.0,-0.0904,-0.66262,0.748956,1
1275,21.25,0.0,0.0874,0.0,-0.0874,-0.659346,0.75184,1
1276,21.2667,0.0,0.0914,0.0,-0.0914,-0.656059,0.75471,1
1277,21.2833,0.0,0.0932,0.0,-0.0932,-0.65276,0.757565,1
1278,21.3,0.0,0.0894,0.0,-0.0894,-0.649448,0.760406,1
1279,21.3167,0.0,0.0859,0.0,-0.0859,-0.646124,0.763232,1
1280,21.3333,0.0,0.0881,0.0,-0.0881,-0.642788,0.766044,1
1281,21.35,0.0,0.0878,0.0,-0.0878,-0.639439,0.768842,1
1282,21.3667,0.0,0.0873,0.0,-0.0873,-0.636078,0.771625,1
1283,21.3833,0.0,0.0915,0.0,-0.0915,-0.632705,0.774393,1
1284,21.4,0.0,0.0931,0.0,-0.0931,-0.62932,0.777146,1
1285,21.4167,0.0,0.0867,0.0,-0.0867,-0.625923,0.779884,1
1286,21.4333,0.0,0.091,0.0,-0.091,-0.622515,0.782608,1
1287,21.45,0.0,0.0868,0.0,-0.0868,-0.619094,0.785317,1
1288,21.4667,0.0,0.0909,0.0,-0.0909,-0.615661,0.788011,1
1289,21.4833,0.0,0.0916,0.0,-0.0916,-0.612217,0.79069,1
1290,21.5,0.0,0.0867,0.0,-0.0867,-0.608761,0.793353,1
1291,21.5167,0.0,0.0888,0.0,-0.0888,-0.605294,0.796002,1
1292,21.5333,0.0,0.0896,0.0,-0.0896,-0.601815,0.798636,1
1293,21.55,0.0,0.0873,0.0,-0.0873,-0.598325,0.801254,1
1294,21.5667,0.0,0.0874,0.0,-0.0874,-0.594823,0.803857,1
1295,21.5833,0.0,0.0864,0.0,-0.0864,-0.59131,0.806445,1
1296,21.6,0.0,0.0895,0.0,-0.0895,-0.587785,0.809017,1
1297,21.6167,0.0,0.0897,0.0,-0.0897,-0.58425,0.811574,1
1298,21.6333,0.0,0.0899,0.0,-0.0899,-0.580703,0.814116,1
1299,21.65,0.0,0.0902,0.0,-0.0902,-0.577145,0.816642,1
1300,21.6667,0.0,0.0891,0.0,-0.0891,-0.573576,0.819152,1
1301,21.6833,0.0,0.0885,0.0,-0.0885,-0.569997,0.821647,1
1302,21.7,0.0,0.0936,0.0,-0.0936,-0.566406,0.824126,1
1303,21.7167,0.0,0.0921,0.0,-0.0921,-0.562805,0.82659,1
1304,21.7333,0.0,0.0895,0.0,-0.0895,-0.559193,0.829038,1
1305,21.75,0.0,0.0916,0.0,-0.0916,-0.55557,0.83147,1
1306,21.7667,0.0,0.0886,0.0,-0.0886,-0.551937,0.833886,1
1307,21.7833,0.0,0.0905,0.0,-0.0905,-0.548293,0.836286,1
1308,21.8,0.0,0.0889,0.0,-0.0889,-0.544639,0.838671,1
1309,21.8167,0.0,0.0933,0.0,-0.0933,-0.540974,0.841039,1
1310,21.8333,0.0,0.0903,0.0,-0.0903,-0.5373,0.843391,1
1311,21.85,0.0,0.089,0.0,-0.089,-0.533615,0.845728,1
1312,21.8667,0.0,0.0906,0.0,-0.0906,-0.529919,0.848048,1
1313,21.8833,0.0,0.0891,0.0,-0.0891,-0.526214,0.850352,1
1314,21.9,0.0,0.0867,0.0,-0.0867,-0.522499,0.85264,1
1315,21.9167,0.0,0.0902,0.0,-0.0902,-0.518773,0.854912,1
1316,21.9333,0.0,0.0952,0.0,-0.0952,-0.515038,0.857167,1
1317,21.95,0.0,0.0915,0.0,-0.0915,-0.511293,0.859406,1
1318,21.9667,0.0,0.0926,0.0,-0.0926,-0.507538,0.861629,1
1319,21.9833,0.0,0.0916,0.0,-0.0916,-0.503774,0.863836,1
1320,22.0,0.0,0.0204,0.0,-0.0204,-0.5,0.866025,1
1321,22.0167,0.0,0.0238,0.0,-0.0238,-0.496217,0.868199,1
1322,22.0333,0.0,0.0236,0.0,-0.0236,-0.492424,0.870356,1
1323,22.05,0.0,0.0228,0.0,-0.0228,-0.488621,0.872496,1
1324,22.0667,0.0,0.0206,0.0,-0.0206,-0.48481,0.87462,1
1325,22.0833,0.0,0.0182,0.0,-0.0182,-0.480989,0.876727,1
1326,22.1,0.0,0.0217,0.0,-0.0217,-0.477159,0.878817,1
1327,22.1167,0.0,0.0239,0.0,-0.0239,-0.47332,0.880891,1
1328,22.1333,0.0,0.0205,0.0,-0.0205,-0.469472,0.882948,1
1329,22.15,0.0,0.0188,0.0,-0.0188,-0.465615,0.884988,1
1330,22.1667,0.0,0.0202,0.0,-0.0202,-0.461749,0.887011,1
1331,22.1833,0.0,0.0255,0.0,-0.0255,-0.457874,0.889017,1
1332,22.2,0.0,0.0239,0.0,-0.0239,-0.45399,0.891007,1
1333,22.2167,0.0,0.0201,0.0,-0.0201,-0.450098,0.892979,1
1334,22.2333,0.0,0.0229,0.0,-0.0229,-0.446198,0.894934,1
1335,22.25,0.0,0.019,0.0,-0.019,-0.442289,0.896873,1
1336,22.2667,0.0,0.0237,0.0,-0.0237,-0.438371,0.898794,1
1337,22.2833,0.0,0.0269,0.0,-0.0269,-0.434445,0.900698,1
1338,22.3,0.0,0.0215,0.0,-0.0215,-0.430511,0.902585,1
1339,22.3167,0.0,0.0212,0.0,-0.0212,-0.426569,0.904455,1
1340,22.3333,0.0,0.0199,0.0,-0.0199,-0.422618,0.906308,1
1341,22.35,0.0,0.0202,0.0,-0.0202,-0.41866,0.908143,1
1342,22.3667,0.0,0.018,0.0,-0.018,-0.414693,0.909961,1
1343,22.3833,0.0,0.0207,0.0,-0.0207,-0.410719,0.911762,1
1344,22.4,0.0,0.0203,0.0,-0.0203,-0.406737,0.913545,1
1345,22.4167,0.0,0.0201,0.0,-0.0201,-0.402747,0.915311,1
1346,22.4333,0.0,0.0196,0.0,-0.0196,-0.398749,0.91706,1
1347,22.45,0.0,0.0243,0.0,-0.0243,-0.394744,0.918791,1
1348,22.4667,0.0,0.0234,0.0,-0.0234,-0.390731,0.920505,1
1349,22.4833,0.0,0.0238,0.0,-0.0238,-0.386711,0.922201,1
1350,22.5,0.0,0.0201,0.0,-0.0201,-0.382683,0.92388,1
1351,22.5167,0.0,0.0195,0.0,-0.0195,-0.378649,0.925541,1
1352,22.5333,0.0,0.0195,0.0,-0.0195,-0.374607,0.927184,1
1353,22.55,0.0,0.0243,0.0,-0.0243,-0.370557,0.92881,1
1354,22.5667,0.0,0.024,0.0,-0.024,-0.366501,0.930418,1
1355,22.5833,0.0,0.0181,0.0,-0.0181,-0.362438,0.932008,1
1356,22.6,0.0,0.0242,0.0,-0.0242,-0.358368,0.93358,1
1357,22.6167,0.0,0.0236,0.0,-0.0236,-0.354291,0.935135,1
1358,22.6333,0.0,0.0181,0.0,-0.0181,-0.350207,0.936672,1
1359,22.65,0.0,0.0215,0.0,-0.0215,-0.346117,0.938191,1
1360,22.6667,0.0,0.0208,0.0,-0.0208,-0.34202,0.939693,1
1361,22.6833,0.0,0.0212,0.0,-0.0212,-0.337917,0.941176,1
1362,22.7,0.0,0.0215,0.0,-0.0215,-0.333807,0.942641,1
1363,22.7167,0.0,0.0253,0.0,-0.0253,-0.329691,0.944089,1
1364,22.7333,0.0,0.0217,0.0,-0.0217,-0.325568,0.945519,1
1365,22.75,0.0,0.0261,0.0,-0.0261,-0.321439,0.94693,1
1366,22.7667,0.0,0.0193,0.0,-0.0193,-0.317305,0.948324,1
1367,22.7833,0.0,0.0234,0.0,-0.0234,-0.313164,0.949699,1
1368,22.8,0.0,0.0223,0.0,-0.0223,-0.309017,0.951057,1
1369,22.8167,0.0,0.0193,0.0,-0.0193,-0.304864,0.952396,1
1370,22.8333,0.0,0.019,0.0,-0.019,-0.300706,0.953717,1
1371,22.85,0.0,0.023,0.0,-0.023,-0.296542,0.95502,1
1372,22.8667,0.0,0.023,0.0,-0.023,-0.292372,0.956305,1
1373,22.8833,0.0,0.0223,0.0,-0.0223,-0.288196,0.957571,1
1374,22.9,0.0,0.0198,0.0,-0.0198,-0.284015,0.95882,1
1375,22.9167,0.0,0.0192,0.0,-0.0192,-0.279829,0.96005,1
1376,22.9333,0.0,0.0187,0.0,-0.0187,-0.275637,0.961262,1
1377,22.95,0.0,0.0224,0.0,-0.0224,-0.27144,0.962455,1
1378,22.9667,0.0,0.0239,0.0,-0.0239,-0.267238,0.96363,1
1379,22.9833,0.0,0.0189,0.0,-0.0189,-0.263031,0.964787,1
1380,23.0,0.0,0.0219,0.0,-0.0219,-0.258819,0.965926,1
1381,23.0167,0.0,0.0225,0.0,-0.0225,-0.254602,0.967046,1
1382,23.0333,0.0,0.017,0.0,-0.017,-0.25038,0.968148,1
1383,23.05,0.0,0.0225,0.0,-0.0225,-0.246153,0.969231,1
1384,23.0667,0.0,0.0198,0.0,-0.0198,-0.241922,0.970296,1
1385,23.0833,0.0,0.0208,0.0,-0.0208,-0.237686,0.971342,1
1386,23.1,0.0,0.0209,0.0,-0.0209,-0.233445,0.97237,1
1387,23.1167,0.0,0.0233,0.0,-0.0233,-0.2292,0.973379,1
1388,23.1333,0.0,0.0198,0.0,-0.0198,-0.224951,0.97437,1
1389,23.15,0.0,0.0264,0.0,-0.0264,-0.220697,0.975342,1
1390,23.1667,0.0,0.0229,0.0,-0.0229,-0.21644,0.976296,1
1391,23.1833,0.0,0.0189,0.0,-0.0189,-0.212178,0.977231,1
1392,23.2,0.0,0.0222,0.0,-0.0222,-0.207912,0.978148,1
1393,23.2167,0.0,0.0215,0.0,-0.0215,-0.203642,0.979045,1
1394,23.2333,0.0,0.0223,0.0,-0.0223,-0.199368,0.979925,1
1395,23.25,0.0,0.0225,0.0,-0.0225,-0.19509,0.980785,1
1396,23.2667,0.0,0.0227,0.0,-0.0227,-0.190809,0.981627,1
1397,23.2833,0.0,0.0195,0.0,-0.0195,-0.186524,0.98245,1
1398,23.3,0.0,0.0236,0.0,-0.0236,-0.182236,0.983255,1
1399,23.3167,0.0,0.0203,0.0,-0.0203,-0.177944,0.984041,1
1400,23.3333,0.0,0.0239,0.0,-0.0239,-0.173648,0.984808,1
1401,23.35,0.0,0.0206,0.0,-0.0206,-0.16935,0.985556,1
1402,23.3667,0.0,0.0184,0.0,-0.0184,-0.165048,0.986286,1
1403,23.3833,0.0,0.0209,0.0,-0.0209,-0.160743,0.986996,1
1404,23.4,0.0,0.0208,0.0,-0.0208,-0.156434,0.987688,1
1405,23.4167,0.0,0.0235,0.0,-0.0235,-0.152123,0.988362,1
1406,23.4333,0.0,0.0222,0.0,-0.0222,-0.147809,0.989016,1
1407,23.45,0.0,0.0178,0.0,-0.0178,-0.143493,0.989651,1
1408,23.4667,0.0,0.0228,0.0,-0.0228,-0.139173,0.990268,1
1409,23.4833,0.0,0.026,0.0,-0.026,-0.134851,0.990866,1
1410,23.5,0.0,0.0208,0.0,-0.0208,-0.130526,0.991445,1
1411,23.5167,0.0,0.0246,0.0,-0.0246,-0.126199,0.992005,1
1412,23.5333,0.0,0.0178,0.0,-0.0178,-0.121869,0.992546,1
1413,23.55,0.0,0.0188,0.0,-0.0188,-0.117537,0.993068,1
1414,23.5667,0.0,0.0208,0.0,-0.0208,-0.113203,0.993572,1
1415,23.5833,0.0,0.0223,0.0,-0.0223,-0.108867,0.994056,1
1416,23.6,0.0,0.0195,0.0,-0.0195,-0.104528,0.994522,1
1417,23.6167,0.0,0.0228,0.0,-0.0228,-0.100188,0.994969,1
1418,23.6333,0.0,0.0198,0.0,-0.0198,-0.095846,0.995396,1
1419,23.65,0.0,0.0241,0.0,-0.0241,-0.091502,0.995805,1
1420,23.6667,0.0,0.0186,0.0,-0.0186,-0.087156,0.996195,1
1421,23.6833,0.0,0.0216,0.0,-0.0216,-0.082808,0.996566,1
1422,23.7,0.0,0.0208,0.0,-0.0208,-0.078459,0.996917,1
1423,23.7167,0.0,0.0223,0.0,-0.0223,-0.074108,0.99725,1
1424,23.7333,0.0,0.0196,0.0,-0.0196,-0.069756,0.997564,1
1425,23.75,0.0,0.0229,0.0,-0.0229,-0.065403,0.997859,1
1426,23.7667,0.0,0.0174,0.0,-0.0174,-0.061049,0.998135,1
1427,23.7833,0.0,0.0199,0.0,-0.0199,-0.056693,0.998392,1
1428,23.8,0.0,0.0209,0.0,-0.0209,-0.052336,0.99863,1
1429,23.8167,0.0,0.0229,0.0,-0.0229,-0.047978,0.998848,1
1430,23.8333,0.0,0.0199,0.0,-0.0199,-0.043619,0.999048,1
1431,23.85,0.0,0.0246,0.0,-0.0246,-0.03926,0.999229,1
1432,23.8667,0.0,0.0238,0.0,-0.0238,-0.034899,0.999391,1
1433,23.8833,0.0,0.0213,0.0,-0.0213,-0.030539,0.999534,1
1434,23.9,0.0,0.0238,0.0,-0.0238,-0.026177,0.999657,1
1435,23.9167,0.0,0.0251,0.0,-0.0251,-0.021815,0.999762,1
1436,23.9333,0.0,0.024,0.0,-0.024,-0.017452,0.999848,1
1437,23.95,0.0,0.018,0.0,-0.018,-0.01309,0.999914,1
1438,23.9667,0.0,0.0217,0.0,-0.0217,-0.008727,0.999962,1
1439,23.9833,0.0,0.0201,0.0,-0.0201,-0.004363,0.99999,1
1440,0.0,0.0,0.0203,0.0,-0.0203,0.0,1.0,1
1441,0.0167,0.0,0.023,0.0,-0.023,0.004363,0.99999,1
1442,0.0333,0.0,0.0224,0.0,-0.0224,0.008727,0.999962,1
1443,0.05,0.0,0.0221,0.0,-0.0221,0.01309,0.999914,1
1444,0.0667,0.0,0.0218,0.0,-0.0218,0.017452,0.999848,1
1445,0.0833,0.0,0.0235,0.0,-0.0235,0.021815,0.999762,1
1446,0.1,0.0,0.0191,0.0,-0.0191,0.026177,0.999657,1
1447,0.1167,0.0,0.0204,0.0,-0.0204,0.030539,0.999534,1
1448,0.1333,0.0,0.0248,0.0,-0.0248,0.034899,0.999391,1
1449,0.15,0.0,0.0228,0.0,-0.0228,0.03926,0.999229,1
1450,0.1667,0.0,0.0223,0.0,-0.0223,0.043619,0.999048,1
1451,0.1833,0.0,0.0255,0.0,-0.0255,0.047978,0.998848,1
1452,0.2,0.0,0.0196,0.0,-0.0196,0.052336,0.99863,1
1453,0.2167,0.0,0.0207,0.0,-0.0207,0.056693,0.998392,1
1454,0.2333,0.0,0.02,0.0,-0.02,0.061049,0.998135,1
1455,0.25,0.0,0.0245,0.0,-0.0245,0.065403,0.997859,1
1456,0.2667,0.0,0.0196,0.0,-0.0196,0.069756,0.997564,1
1457,0.2833,0.0,0.0202,0.0,-0.0202,0.074108,0.99725,1
1458,0.3,0.0,0.0188,0.0,-0.0188,0.078459,0.996917,1
1459,0.3167,0.0,0.0198,0.0,-0.0198,0.082808,0.996566,1
1460,0.3333,0.0,0.0218,0.0,-0.0218,0.087156,0.996195,1
1461,0.35,0.0,0.0223,0.0,-0.0223,0.091502,0.995805,1
1462,0.3667,0.0,0.024,0.0,-0.024,0.095846,0.995396,1
1463,0.3833,0.0,0.0248,0.0,-0.0248,0.100188,0.994969,1
1464,0.4,0.0,0.0211,0.0,-0.0211,0.104528,0.994522,1
1465,0.4167,0.0,0.0207,0.0,-0.0207,0.108867,0.994056,1
1466,0.4333,0.0,0.0227,0.0,-0.0227,0.113203,0.993572,1
1467,0.45,0.0,0.024,0.0,-0.024,0.117537,0.993068,1
1468,0.4667,0.0,0.0225,0.0,-0.0225,0.121869,0.992546,1
1469,0.4833,0.0,0.0206,0.0,-0.0206,0.126199,0.992005,1
1470,0.5,0.0,0.0185,0.0,-0.0185,0.130526,0.991445,1
1471,0.5167,0.0,0.0176,0.0,-0.0176,0.134851,0.990866,1
1472,0.5333,0.0,0.0213,0.0,-0.0213,0.139173,0.990268,1
1473,0.55,0.0,0.0251,0.0,-0.0251,0.143493,0.989651,1
1474,0.5667,0.0,0.023,0.0,-0.023,0.147809,0.989016,1
1475,0.5833,0.0,0.0227,0.0,-0.0227,0.152123,0.988362,1
1476,0.6,0.0,0.0223,0.0,-0.0223,0.156434,0.987688,1
1477,0.6167,0.0,0.0222,0.0,-0.0222,0.160743,0.986996,1
1478,0.6333,0.0,0.0197,0.0,-0.0197,0.165048,0.986286,1
1479,0.65,0.0,0.0198,0.0,-0.0198,0.16935,0.985556,1
1480,0.6667,0.0,0.0205,0.0,-0.0205,0.173648,0.984808,1
1481,0.6833,0.0,0.0221,0.0,-0.0221,0.177944,0.984041,1
1482,0.7,0.0,0.0234,0.0,-0.0234,0.182236,0.983255,1
1483,0.7167,0.0,0.0219,0.0,-0.0219,0.186524,0.98245,1
1484,0.7333,0.0,0.0222,0.0,-0.0222,0.190809,0.981627,1
1485,0.75,0.0,0.0238,0.0,-0.0238,0.19509,0.980785,1
1486,0.7667,0.0,0.0209,0.0,-0.0209,0.199368,0.979925,1
1487,0.7833,0.0,0.0209,0.0,-0.0209,0.203642,0.979045,1
1488,0.8,0.0,0.0204,0.0,-0.0204,0.207912,0.978148,1
1489,0.8167,0.0,0.0195,0.0,-0.0195,0.212178,0.977231,1
1490,0.8333,0.0,0.0223,0.0,-0.0223,0.21644,0.976296,1
1491,0.85,0.0,0.0255,0.0,-0.0255,0.220697,0.975342,1
1492,0.8667,0.0,0.0264,0.0,-0.0264,0.224951,0.97437,1
1493,0.8833,0.0,0.0204,0.0,-0.0204,0.2292,0.973379,1
1494,0.9,0.0,0.0252,0.0,-0.0252,0.233445,0.97237,1
1495,0.9167,0.0,0.0204,0.0,-0.0204,0.237686,0.971342,1
1496,0.9333,0.0,0.0239,0.0,-0.0239,0.241922,0.970296,1
1497,0.95,0.0,0.0198,0.0,-0.0198,0.246153,0.969231,1
1498,0.9667,0.0,0.02,0.0,-0.02,0.25038,0.968148,1
1499,0.9833,0.0,0.0203,0.0,-0.0203,0.254602,0.967046,1
1500,1.0,0.0,0.0221,0.0,-0.0221,0.258819,0.965926,1
1501,1.0167,0.0,0.0196,0.0,-0.0196,0.263031,0.964787,1
1502,1.0333,0.0,0.0213,0.0,-0.0213,0.267238,0.96363,1
1503,1.05,0.0,0.0187,0.0,-0.0187,0.27144,0.962455,1
1504,1.0667,0.0,0.0197,0.0,-0.0197,0.275637,0.961262,1
1505,1.0833,0.0,0.0215,0.0,-0.0215,0.279829,0.96005,1
1506,1.1,0.0,0.0196,0.0,-0.0196,0.284015,0.95882,1
1507,1.1167,0.0,0.0202,0.0,-0.0202,0.288196,0.957571,1
1508,1.1333,0.0,0.0228,0.0,-0.0228,0.292372,0.956305,1
1509,1.15,0.0,0.0192,0.0,-0.0192,0.296542,0.95502,1
1510,1.1667,0.0,0.0207,0.0,-0.0207,0.300706,0.953717,1
1511,1.1833,0.0,0.023,0.0,-0.023,0.304864,0.952396,1
1512,1.2,0.0,0.0267,0.0,-0.0267,0.309017,0.951057,1
1513,1.2167,0.0,0.0214,0.0,-0.0214,0.313164,0.949699,1
1514,1.2333,0.0,0.0223,0.0,-0.0223,0.317305,0.948324,1
1515,1.25,0.0,0.023,0.0,-0.023,0.321439,0.94693,1
1516,1.2667,0.0,0.0242,0.0,-0.0242,0.325568,0.945519,1
1517,1.2833,0.0,0.0275,0.0,-0.0275,0.329691,0.944089,1
1518,1.3,0.0,0.0209,0.0,-0.0209,0.333807,0.942641,1
1519,1.3167,0.0,0.0231,0.0,-0.0231,0.337917,0.941176,1
1520,1.3333,0.0,0.02,0.0,-0.02,0.34202,0.939693,1
1521,1.35,0.0,0.0199,0.0,-0.0199,0.346117,0.938191,1
1522,1.3667,0.0,0.0236,0.0,-0.0236,0.350207,0.936672,1
1523,1.3833,0.0,0.0178,0.0,-0.0178,0.354291,0.935135,1
1524,1.4,0.0,0.02,0.0,-0.02,0.358368,0.93358,1
1525,1.4167,0.0,0.0205,0.0,-0.0205,0.362438,0.932008,1
1526,1.4333,0.0,0.0227,0.0,-0.0227,0.366501,0.930418,1
1527,1.45,0.0,0.0229,0.0,-0.0229,0.370557,0.92881,1
1528,1.4667,0.0,0.0245,0.0,-0.0245,0.374607,0.927184,1
1529,1.4833,0.0,0.0239,0.0,-0.0239,0.378649,0.925541,1
1530,1.5,0.0,0.0214,0.0,-0.0214,0.382683,0.92388,1
1531,1.5167,0.0,0.0228,0.0,-0.0228,0.386711,0.922201,1
1532,1.5333,0.0,0.0238,0.0,-0.0238,0.390731,0.920505,1
1533,1.55,0.0,0.0206,0.0,-0.0206,0.394744,0.918791,1
1534,1.5667,0.0,0.0225,0.0,-0.0225,0.398749,0.91706,1
1535,1.5833,0.0,0.0265,0.0,-0.0265,0.402747,0.915311,1
1536,1.6,0.0,0.0219,0.0,-0.0219,0.406737,0.913545,1
1537,1.6167,0.0,0.0236,0.0,-0.0236,0.410719,0.911762,1
1538,1.6333,0.0,0.0217,0.0,-0.0217,0.414693,0.909961,1
1539,1.65,0.0,0.0245,0.0,-0.0245,0.41866,0.908143,1
1540,1.6667,0.0,0.021,0.0,-0.021,0.422618,0.906308,1
1541,1.6833,0.0,0.0217,0.0,-0.0217,0.426569,0.904455,1
1542,1.7,0.0,0.0225,0.0,-0.0225,0.430511,0.902585,1
1543,1.7167,0.0,0.0224,0.0,-0.0224,0.434445,0.900698,1
1544,1.7333,0.0,0.0221,0.0,-0.0221,0.438371,0.898794,1
1545,1.75,0.0,0.0206,0.0,-0.0206,0.442289,0.896873,1
1546,1.7667,0.0,0.0183,0.0,-0.0183,0.446198,0.894934,1
1547,1.7833,0.0,0.0227,0.0,-0.0227,0.450098,0.892979,1
1548,1.8,0.0,0.0215,0.0,-0.0215,0.45399,0.891007,1
1549,1.8167,0.0,0.0225,0.0,-0.0225,0.457874,0.889017,1
1550,1.8333,0.0,0.0219,0.0,-0.0219,0.461749,0.887011,1
1551,1.85,0.0,0.0212,0.0,-0.0212,0.465615,0.884988,1
1552,1.8667,0.0,0.0243,0.0,-0.0243,0.469472,0.882948,1
1553,1.8833,0.0,0.0226,0.0,-0.0226,0.47332,0.880891,1
1554,1.9,0.0,0.0213,0.0,-0.0213,0.477159,0.878817,1
1555,1.9167,0.0,0.0241,0.0,-0.0241,0.480989,0.876727,1
1556,1.9333,0.0,0.0198,0.0,-0.0198,0.48481,0.87462,1
1557,1.95,0.0,0.0229,0.0,-0.0229,0.488621,0.872496,1
1558,1.9667,0.0,0.0218,0.0,-0.0218,0.492424,0.870356,1
1559,1.9833,0.0,0.0217,0.0,-0.0217,0.496217,0.868199,1
1560,2.0,0.0,0.0194,0.0,-0.0194,0.5,0.866025,1
1561,2.0167,0.0,0.0228,0.0,-0.0228,0.503774,0.863836,1
1562,2.0333,0.0,0.0231,0.0,-0.0231,0.507538,0.861629,1
1563,2.05,0.0,0.0248,0.0,-0.0248,0.511293,0.859406,1
1564,2.0667,0.0,0.0237,0.0,-0.0237,0.515038,0.857167,1
1565,2.0833,0.0,0.0236,0.0,-0.0236,0.518773,0.854912,1
1566,2.1,0.0,0.0218,0.0,-0.0218,0.522499,0.85264,1
1567,2.1167,0.0,0.0209,0.0,-0.0209,0.526214,0.850352,1
1568,2.1333,0.0,0.0228,0.0,-0.0228,0.529919,0.848048,1
1569,2.15,0.0,0.0198,0.0,-0.0198,0.533615,0.845728,1
1570,2.1667,0.0,0.02,0.0,-0.02,0.5373,0.843391,1
1571,2.1833,0.0,0.0227,0.0,-0.0227,0.540974,0.841039,1
1572,2.2,0.0,0.0229,0.0,-0.0229,0.544639,0.838671,1
1573,2.2167,0.0,0.0216,0.0,-0.0216,0.548293,0.836286,1
1574,2.2333,0.0,0.0257,0.0,-0.0257,0.551937,0.833886,1
1575,2.25,0.0,0.0232,0.0,-0.0232,0.55557,0.83147,1
1576,2.2667,0.0,0.0212,0.0,-0.0212,0.559193,0.829038,1
1577,2.2833,0.0,0.0204,0.0,-0.0204,0.562805,0.82659,1
1578,2.3,0.0,0.0207,0.0,-0.0207,0.566406,0.824126,1
1579,2.3167,0.0,0.0235,0.0,-0.0235,0.569997,0.821647,1
1580,2.3333,0.0,0.0211,0.0,-0.0211,0.573576,0.819152,1
1581,2.35,0.0,0.0183,0.0,-0.0183,0.577145,0.816642,1
1582,2.3667,0.0,0.0209,0.0,-0.0209,0.580703,0.814116,1
1583,2.3833,0.0,0.0215,0.0,-0.0215,0.58425,0.811574,1
1584,2.4,0.0,0.0209,0.0,-0.0209,0.587785,0.809017,1
1585,2.4167,0.0,0.0247,0.0,-0.0247,0.59131,0.806445,1
1586,2.4333,0.0,0.0234,0.0,-0.0234,0.594823,0.803857,1
1587,2.45,0.0,0.0236,0.0,-0.0236,0.598325,0.801254,1
1588,2.4667,0.0,0.0204,0.0,-0.0204,0.601815,0.798636,1
1589,2.4833,0.0,0.0177,0.0,-0.0177,0.605294,0.796002,1
1590,2.5,0.0,0.0212,0.0,-0.0212,0.608761,0.793353,1
1591,2.5167,0.0,0.0252,0.0,-0.0252,0.612217,0.79069,1
1592,2.5333,0.0,0.0232,0.0,-0.0232,0.615661,0.788011,1
1593,2.55,0.0,0.0192,0.0,-0.0192,0.619094,0.785317,1
1594,2.5667,0.0,0.0228,0.0,-0.0228,0.622515,0.782608,1
1595,2.5833,0.0,0.0227,0.0,-0.0227,0.625923,0.779884,1
1596,2.6,0.0,0.0236,0.0,-0.0236,0.62932,0.777146,1
1597,2.6167,0.0,0.0225,0.0,-0.0225,0.632705,0.774393,1
1598,2.6333,0.0,0.0233,0.0,-0.0233,0.636078,0.771625,1
1599,2.65,0.0,0.0205,0.0,-0.0205,0.639439,0.768842,1
1600,2.6667,0.0,0.0212,0.0,-0.0212,0.642788,0.766044,1
1601,2.6833,0.0,0.023,0.0,-0.023,0.646124,0.763232,1
1602,2.7,0.0,0.0219,0.0,-0.0219,0.649448,0.760406,1
1603,2.7167,0.0,0.0242,0.0,-0.0242,0.65276,0.757565,1
1604,2.7333,0.0,0.0244,0.0,-0.0244,0.656059,0.75471,1
1605,2.75,0.0,0.0223,0.0,-0.0223,0.659346,0.75184,1
1606,2.7667,0.0,0.0203,0.0,-0.0203,0.66262,0.748956,1
1607,2.7833,0.0,0.0208,0.0,-0.0208,0.665882,0.746057,1
1608,2.8,0.0,0.0227,0.0,-0.0227,0.669131,0.743145,1
1609,2.8167,0.0,0.0207,0.0,-0.0207,0.672367,0.740218,1
1610,2.8333,0.0,0.0224,0.0,-0.0224,0.67559,0.737277,1
1611,2.85,0.0,0.0236,0.0,-0.0236,0.678801,0.734323,1
1612,2.8667,0.0,0.0209,0.0,-0.0209,0.681998,0.731354,1
1613,2.8833,0.0,0.0213,0.0,-0.0213,0.685183,0.728371,1
1614,2.9,0.0,0.0204,0.0,-0.0204,0.688355,0.725374,1
1615,2.9167,0.0,0.02,0.0,-0.02,0.691513,0.722364,1
1616,2.9333,0.0,0.0204,0.0,-0.0204,0.694658,0.71934,1
1617,2.95,0.0,0.0183,0.0,-0.0183,0.69779,0.716302,1
1618,2.9667,0.0,0.0217,0.0,-0.0217,0.700909,0.71325,1
1619,2.9833,0.0,0.0175,0.0,-0.0175,0.704015,0.710185,1
1620,3.0,0.0,0.0249,0.0,-0.0249,0.707107,0.707107,1
1621,3.0167,0.0,0.0251,0.0,-0.0251,0.710185,0.704015,1
1622,3.0333,0.0,0.0231,0.0,-0.0231,0.71325,0.700909,1
1623,3.05,0.0,0.0237,0.0,-0.0237,0.716302,0.69779,1
1624,3.0667,0.0,0.0217,0.0,-0.0217,0.71934,0.694658,1
1625,3.0833,0.0,0.0203,0.0,-0.0203,0.722364,0.691513,1
1626,3.1,0.0,0.0241,0.0,-0.0241,0.725374,0.688355,1
1627,3.1167,0.0,0.0208,0.0,-0.0208,0.728371,0.685183,1
1628,3.1333,0.0,0.0217,0.0,-0.0217,0.731354,0.681998,1
1629,3.15,0.0,0.0201,0.0,-0.0201,0.734323,0.678801,1
1630,3.1667,0.0,0.0188,0.0,-0.0188,0.737277,0.67559,1
1631,3.1833,0.0,0.0204,0.0,-0.0204,0.740218,0.672367,1
1632,3.2,0.0,0.0214,0.0,-0.0214,0.743145,0.669131,1
1633,3.2167,0.0,0.0175,0.0,-0.0175,0.746057,0.665882,1
1634,3.2333,0.0,0.0222,0.0,-0.0222,0.748956,0.66262,1
1635,3.25,0.0,0.0231,0.0,-0.0231,0.75184,0.659346,1
1636,3.2667,0.0,0.0225,0.0,-0.0225,0.75471,0.656059,1
1637,3.2833,0.0,0.0239,0.0,-0.0239,0.757565,0.65276,1
1638,3.3,0.0,0.0211,0.0,-0.0211,0.760406,0.649448,1
1639,3.3167,0.0,0.0208,0.0,-0.0208,0.763232,0.646124,1
1640,3.3333,0.0,0.0204,0.0,-0.0204,0.766044,0.642788,1
1641,3.35,0.0,0.022,0.0,-0.022,0.768842,0.639439,1
1642,3.3667,0.0,0.0223,0.0,-0.0223,0.771625,0.636078,1
1643,3.3833,0.0,0.0215,0.0,-0.0215,0.774393,0.632705,1
1644,3.4,0.0,0.0197,0.0,-0.0197,0.777146,0.62932,1
1645,3.4167,0.0,0.0247,0.0,-0.0247,0.779884,0.625923,1
1646,3.4333,0.0,0.0212,0.0,-0.0212,0.782608,0.622515,1
1647,3.45,0.0,0.023,0.0,-0.023,0.785317,0.619094,1
1648,3.4667,0.0,0.0202,0.0,-0.0202,0.788011,0.615661,1
1649,3.4833,0.0,0.0248,0.0,-0.0248,0.79069,0.612217,1
1650,3.5,0.0,0.0187,0.0,-0.0187,0.793353,0.608761,1
1651,3.5167,0.0,0.0228,0.0,-0.0228,0.796002,0.605294,1
1652,3.5333,0.0,0.0217,0.0,-0.0217,0.798636,0.601815,1
1653,3.55,0.0,0.0205,0.0,-0.0205,0.801254,0.598325,1
1654,3.5667,0.0,0.0235,0.0,-0.0235,0.803857,0.594823,1
1655,3.5833,0.0,0.02,0.0,-0.02,0.806445,0.59131,1
1656,3.6,0.0,0.023,0.0,-0.023,0.809017,0.587785,1
1657,3.6167,0.0,0.02,0.0,-0.02,0.811574,0.58425,1
1658,3.6333,0.0,0.0214,0.0,-0.0214,0.814116,0.580703,1
1659,3.65,0.0,0.0218,0.0,-0.0218,0.816642,0.577145,1
1660,3.6667,0.0,0.0207,0.0,-0.0207,0.819152,0.573576,1
1661,3.6833,0.0,0.0225,0.0,-0.0225,0.821647,0.569997,1
1662,3.7,0.0,0.0211,0.0,-0.0211,0.824126,0.566406,1
1663,3.7167,0.0,0.0212,0.0,-0.0212,0.82659,0.562805,1
1664,3.7333,0.0,0.0215,0.0,-0.0215,0.829038,0.559193,1
1665,3.75,0.0,0.0218,0.0,-0.0218,0.83147,0.55557,1
1666,3.7667,0.0,0.0215,0.0,-0.0215,0.833886,0.551937,1
1667,3.7833,0.0,0.0217,0.0,-0.0217,0.836286,0.548293,1
1668,3.8,0.0,0.0198,0.0,-0.0198,0.838671,0.544639,1
1669,3.8167,0.0,0.0205,0.0,-0.0205,0.841039,0.540974,1
1670,3.8333,0.0,0.0216,0.0,-0.0216,0.843391,0.5373,1
1671,3.85,0.0,0.0234,0.0,-0.0234,0.845728,0.533615,1
1672,3.8667,0.0,0.0221,0.0,-0.0221,0.848048,0.529919,1
1673,3.8833,0.0,0.0198,0.0,-0.0198,0.850352,0.526214,1
1674,3.9,0.0,0.0222,0.0,-0.0222,0.85264,0.522499,1
1675,3.9167,0.0,0.0189,0.0,-0.0189,0.854912,0.518773,1
1676,3.9333,0.0,0.025,0.0,-0.025,0.857167,0.515038,1
1677,3.95,0.0,0.0215,0.0,-0.0215,0.859406,0.511293,1
1678,3.9667,0.0,0.0172,0.0,-0.0172,0.861629,0.507538,1
1679,3.9833,0.0,0.0179,0.0,-0.0179,0.863836,0.503774,1
1680,4.0,0.0,0.022,0.0,-0.022,0.866025,0.5,1
1681,4.0167,0.0,0.0237,0.0,-0.0237,0.868199,0.496217,1
1682,4.0333,0.0,0.0186,0.0,-0.0186,0.870356,0.492424,1
1683,4.05,0.0,0.0233,0.0,-0.0233,0.872496,0.488621,1
1684,4.0667,0.0,0.0213,0.0,-0.0213,0.87462,0.48481,1
1685,4.0833,0.0,0.021,0.0,-0.021,0.876727,0.480989,1
1686,4.1,0.0,0.021,0.0,-0.021,0.878817,0.477159,1
1687,4.1167,0.0,0.0231,0.0,-0.0231,0.880891,0.47332,1
1688,4.1333,0.0,0.0172,0.0,-0.0172,0.882948,0.469472,1
1689,4.15,0.0,0.023,0.0,-0.023,0.884988,0.465615,1
1690,4.1667,0.0,0.0195,0.0,-0.0195,0.887011,0.461749,1
1691,4.1833,0.0,0.0221,0.0,-0.0221,0.889017,0.457874,1
1692,4.2,0.0,0.0182,0.0,-0.0182,0.891007,0.45399,1
1693,4.2167,0.0,0.0218,0.0,-0.0218,0.892979,0.450098,1
1694,4.2333,0.0,0.0252,0.0,-0.0252,0.894934,0.446198,1
1695,4.25,0.0,0.0205,0.0,-0.0205,0.896873,0.442289,1
1696,4.2667,0.0,0.0209,0.0,-0.0209,0.898794,0.438371,1
1697,4.2833,0.0,0.0258,0.0,-0.0258,0.900698,0.434445,1
1698,4.3,0.0,0.0208,0.0,-0.0208,0.902585,0.430511,1
1699,4.3167,0.0,0.0205,0.0,-0.0205,0.904455,0.426569,1
1700,4.3333,0.0,0.0212,0.0,-0.0212,0.906308,0.422618,1
1701,4.35,0.0,0.0197,0.0,-0.0197,0.908143,0.41866,1
1702,4.3667,0.0,0.0226,0.0,-0.0226,0.909961,0.414693,1
1703,4.3833,0.0,0.0222,0.0,-0.0222,0.911762,0.410719,1
1704,4.4,0.0,0.0193,0.0,-0.0193,0.913545,0.406737,1
1705,4.4167,0.0,0.0195,0.0,-0.0195,0.915311,0.402747,1
1706,4.4333,0.0,0.023,0.0,-0.023,0.91706,0.398749,1
1707,4.45,0.0,0.0228,0.0,-0.0228,0.918791,0.394744,1
1708,4.4667,0.0,0.0227,0.0,-0.0227,0.920505,0.390731,1
1709,4.4833,0.0,0.0226,0.0,-0.0226,0.922201,0.386711,1
1710,4.5,0.0,0.0249,0.0,-0.0249,0.92388,0.382683,1
1711,4.5167,0.0,0.0193,0.0,-0.0193,0.925541,0.378649,1
1712,4.5333,0.0,0.0236,0.0,-0.0236,0.927184,0.374607,1
1713,4.55,0.0,0.0202,0.0,-0.0202,0.92881,0.370557,1
1714,4.5667,0.0,0.0208,0.0,-0.0208,0.930418,0.366501,1
1715,4.5833,0.0,0.0218,0.0,-0.0218,0.932008,0.362438,1
1716,4.6,0.0,0.0216,0.0,-0.0216,0.93358,0.358368,1
1717,4.6167,0.0,0.0227,0.0,-0.0227,0.935135,0.354291,1
1718,4.6333,0.0,0.0185,0.0,-0.0185,0.936672,0.350207,1
1719,4.65,0.0,0.019,0.0,-0.019,0.938191,0.346117,1
1720,4.6667,0.0,0.0229,0.0,-0.0229,0.939693,0.34202,1
1721,4.6833,0.0,0.0203,0.0,-0.0203,0.941176,0.337917,1
1722,4.7,0.0,0.0214,0.0,-0.0214,0.942641,0.333807,1
1723,4.7167,0.0,0.0216,0.0,-0.0216,0.944089,0.329691,1
1724,4.7333,0.0,0.021,0.0,-0.021,0.945519,0.325568,1
1725,4.75,0.0,0.0235,0.0,-0.0235,0.94693,0.321439,1
1726,4.7667,0.0,0.0171,0.0,-0.0171,0.948324,0.317305,1
1727,4.7833,0.0,0.0211,0.0,-0.0211,0.949699,0.313164,1
1728,4.8,0.0,0.0215,0.0,-0.0215,0.951057,0.309017,1
1729,4.8167,0.0,0.0205,0.0,-0.0205,0.952396,0.304864,1
1730,4.8333,0.0,0.0209,0.0,-0.0209,0.953717,0.300706,1
1731,4.85,0.0,0.0206,0.0,-0.0206,0.95502,0.296542,1
1732,4.8667,0.0,0.0224,0.0,-0.0224,0.956305,0.292372,1
1733,4.8833,0.0,0.0181,0.0,-0.0181,0.957571,0.288196,1
1734,4.9,0.0,0.0201,0.0,-0.0201,0.95882,0.284015,1
1735,4.9167,0.0,0.0264,0.0,-0.0264,0.96005,0.279829,1
1736,4.9333,0.0,0.0188,0.0,-0.0188,0.961262,0.275637,1
1737,4.95,0.0,0.0228,0.0,-0.0228,0.962455,0.27144,1
1738,4.9667,0.0,0.0214,0.0,-0.0214,0.96363,0.267238,1
1739,4.9833,0.0,0.0204,0.0,-0.0204,0.964787,0.263031,1
1740,5.0,0.0,0.0208,0.0,-0.0208,0.965926,0.258819,1
1741,5.0167,0.0,0.0228,0.0,-0.0228,0.967046,0.254602,1
1742,5.0333,0.0,0.0199,0.0,-0.0199,0.968148,0.25038,1
1743,5.05,0.0,0.0229,0.0,-0.0229,0.969231,0.246153,1
1744,5.0667,0.0,0.0213,0.0,-0.0213,0.970296,0.241922,1
1745,5.0833,0.0,0.0218,0.0,-0.0218,0.971342,0.237686,1
1746,5.1,0.0,0.0216,0.0,-0.0216,0.97237,0.233445,1
1747,5.1167,0.0,0.018,0.0,-0.018,0.973379,0.2292,1
1748,5.1333,0.0,0.018,0.0,-0.018,0.97437,0.224951,1
1749,5.15,0.0,0.0224,0.0,-0.0224,0.975342,0.220697,1
1750,5.1667,0.0,0.019,0.0,-0.019,0.976296,0.21644,1
1751,5.1833,0.0,0.019,0.0,-0.019,0.977231,0.212178,1
1752,5.2,0.0,0.0186,0.0,-0.0186,0.978148,0.207912,1
1753,5.2167,0.0,0.0217,0.0,-0.0217,0.979045,0.203642,1
1754,5.2333,0.0,0.0187,0.0,-0.0187,0.979925,0.199368,1
1755,5.25,0.0,0.0234,0.0,-0.0234,0.980785,0.19509,1
1756,5.2667,0.0,0.023,0.0,-0.023,0.981627,0.190809,1
1757,5.2833,0.0,0.0224,0.0,-0.0224,0.98245,0.186524,1
1758,5.3,0.0,0.0232,0.0,-0.0232,0.983255,0.182236,1
1759,5.3167,0.0,0.0219,0.0,-0.0219,0.984041,0.177944,1
1760,5.3333,0.0,0.0205,0.0,-0.0205,0.984808,0.173648,1
1761,5.35,0.0,0.0199,0.0,-0.0199,0.985556,0.16935,1
1762,5.3667,0.0,0.0205,0.0,-0.0205,0.986286,0.165048,1
1763,5.3833,0.0,0.0233,0.0,-0.0233,0.986996,0.160743,1
1764,5.4,0.0,0.0197,0.0,-0.0197,0.987688,0.156434,1
1765,5.4167,0.0,0.0178,0.0,-0.0178,0.988362,0.152123,1
1766,5.4333,0.0,0.0232,0.0,-0.0232,0.989016,0.147809,1
1767,5.45,0.0,0.0222,0.0,-0.0222,0.989651,0.143493,1
1768,5.4667,0.0,0.0221,0.0,-0.0221,0.990268,0.139173,1
1769,5.4833,0.0,0.0255,0.0,-0.0255,0.990866,0.134851,1
1770,5.5,0.0,0.0235,0.0,-0.0235,0.991445,0.130526,1
1771,5.5167,0.0,0.0186,0.0,-0.0186,0.992005,0.126199,1
1772,5.5333,0.0,0.0165,0.0,-0.0165,0.992546,0.121869,1
1773,5.55,0.0,0.0236,0.0,-0.0236,0.993068,0.117537,1
1774,5.5667,0.0,0.0251,0.0,-0.0251,0.993572,0.113203,1
1775,5.5833,0.0,0.022,0.0,-0.022,0.994056,0.108867,1
1776,5.6,0.0,0.0207,0.0,-0.0207,0.994522,0.104528,1
1777,5.6167,0.0,0.02,0.0,-0.02,0.994969,0.100188,1
1778,5.6333,0.0,0.0232,0.0,-0.0232,0.995396,0.095846,1
1779,5.65,0.0,0.0207,0.0,-0.0207,0.995805,0.091502,1
1780,5.6667,0.0,0.0267,0.0,-0.0267,0.996195,0.087156,1
1781,5.6833,0.0,0.0239,0.0,-0.0239,0.996566,0.082808,1
1782,5.7,0.0,0.0228,0.0,-0.0228,0.996917,0.078459,1
1783,5.7167,0.0,0.0233,0.0,-0.0233,0.99725,0.074108,1
1784,5.7333,0.0,0.0222,0.0,-0.0222,0.997564,0.069756,1
1785,5.75,0.0,0.0206,0.0,-0.0206,0.997859,0.065403,1
1786,5.7667,0.0,0.0197,0.0,-0.0197,0.998135,0.061049,1
1787,5.7833,0.0,0.0251,0.0,-0.0251,0.998392,0.056693,1
1788,5.8,0.0,0.0234,0.0,-0.0234,0.99863,0.052336,1
1789,5.8167,0.0,0.0196,0.0,-0.0196,0.998848,0.047978,1
1790,5.8333,0.0,0.0246,0.0,-0.0246,0.999048,0.043619,1
1791,5.85,0.0,0.0227,0.0,-0.0227,0.999229,0.03926,1
1792,5.8667,0.0,0.022,0.0,-0.022,0.999391,0.034899,1
1793,5.8833,0.0,0.022,0.0,-0.022,0.999534,0.030539,1
1794,5.9,0.0,0.0208,0.0,-0.0208,0.999657,0.026177,1
1795,5.9167,0.0,0.0218,0.0,-0.0218,0.999762,0.021815,1
1796,5.9333,0.0,0.0233,0.0,-0.0233,0.999848,0.017452,1
1797,5.95,0.0,0.019,0.0,-0.019,0.999914,0.01309,1
1798,5.9667,0.0,0.0189,0.0,-0.0189,0.999962,0.008727,1
1799,5.9833,0.0,0.0199,0.0,-0.0199,0.99999,0.004363,1
1800,6.0,0.0,0.0408,0.0,-0.0408,1.0,0.0,1
1801,6.0167,0.000217,0.0391,0.0,-0.038883,0.99999,-0.004363,1
1802,6.0333,0.0,0.0421,0.0,-0.0421,0.999962,-0.008727,1
1803,6.05,0.0,0.0371,0.0,-0.0371,0.999914,-0.01309,1
1804,6.0667,0.001517,0.0427,0.0,-0.041183,0.999848,-0.017452,1
1805,6.0833,0.0028,0.0396,0.0,-0.0368,0.999762,-0.021815,1
1806,6.1,0.006217,0.0382,0.0,-0.031983,0.999657,-0.026177,1
1807,6.1167,0.00135,0.0357,0.0,-0.03435,0.999534,-0.030539,1
1808,6.1333,0.00595,0.0373,0.0,-0.03135,0.999391,-0.034899,1
1809,6.15,0.00445,0.0397,0.0,-0.03525,0.999229,-0.03926,1
1810,6.1667,0.0,0.0403,0.0,-0.0403,0.999048,-0.043619,1
1811,6.1833,0.000217,0.0425,0.0,-0.042283,0.998848,-0.047978,1
1812,6.2,0.006183,0.0417,0.0,-0.035517,0.99863,-0.052336,1
1813,6.2167,0.0002,0.0418,0.0,-0.0416,0.998392,-0.056693,1
1814,6.2333,0.00565,0.037,0.0,-0.03135,0.998135,-0.061049,1
1815,6.25,0.007,0.0408,0.0,-0.0338,0.997859,-0.065403,1
1816,6.2667,0.006433,0.0416,0.0,-0.035167,0.997564,-0.069756,1
1817,6.2833,0.006817,0.0436,0.0,-0.036783,0.99725,-0.074108,1
1818,6.3,0.008,0.0372,0.0,-0.0292,0.996917,-0.078459,1
1819,6.3167,0.007567,0.0425,0.0,-0.034933,0.996566,-0.082808,1
1820,6.3333,0.004933,0.0427,0.0,-0.037767,0.996195,-0.087156,1
1821,6.35,0.0075,0.0388,0.0,-0.0313,0.995805,-0.091502,1
1822,6.3667,0.0064,0.0422,0.0,-0.0358,0.995396,-0.095846,1
1823,6.3833,0.0052,0.0346,0.0,-0.0294,0.994969,-0.100188,1
1824,6.4,0.0074,0.0437,0.0,-0.0363,0.994522,-0.104528,1
1825,6.4167,0.009833,0.0348,0.0,-0.024967,0.994056,-0.108867,1
1826,6.4333,0.0038,0.109,0.0,-0.1052,0.993572,-0.113203,1
1827,6.45,0.010833,0.1088,0.0,-0.097967,0.993068,-0.117537,1
1828,6.4667,0.008383,0.1032,0.0,-0.094817,0.992546,-0.121869,1
1829,6.4833,0.011783,0.1045,0.0,-0.092717,0.992005,-0.126199,1
1830,6.5,0.008317,0.1068,0.0,-0.098483,0.991445,-0.130526,1
1831,6.5167,0.014483,0.1038,0.0,-0.089317,0.990866,-0.134851,1
1832,6.5333,0.0154,0.1073,0.0,-0.0919,0.990268,-0.139173,1
1833,6.55,0.012033,0.103,0.0,-0.090967,0.989651,-0.143493,1
1834,6.5667,0.015233,0.1067,0.0,-0.091467,0.989016,-0.147809,1
1835,6.5833,0.010567,0.1094,0.0,-0.098833,0.988362,-0.152123,1
1836,6.6,0.01395,0.109,0.0,-0.09505,0.987688,-0.156434,1
1837,6.6167,0.00875,0.108,0.0,-0.09925,0.986996,-0.160743,1
1838,6.6333,0.009883,0.1069,0.0,-0.097017,0.986286,-0.165048,1
1839,6.65,0.01425,0.1036,0.0,-0.08935,0.985556,-0.16935,1
1840,6.6667,0.016333,0.1049,0.0,-0.088567,0.984808,-0.173648,1
1841,6.6833,0.01295,0.1093,0.0,-0.09635,0.984041,-0.177944,1
1842,6.7,0.015033,0.1088,0.0,-0.093767,0.983255,-0.182236,1
1843,6.7167,0.0115,0.1099,0.0,-0.0984,0.98245,-0.186524,1
1844,6.7333,0.020367,0.1041,0.0,-0.083733,0.981627,-0.190809,1
1845,6.75,0.0148,0.1081,0.0,-0.0933,0.980785,-0.19509,1
1846,6.7667,0.015283,0.1055,0.0,-0.090217,0.979925,-0.199368,1
1847,6.7833,0.014983,0.1088,0.0,-0.093817,0.979045,-0.203642,1
1848,6.8,0.018183,0.1077,0.0,-0.089517,0.978148,-0.207912,1
1849,6.8167,0.018933,0.1073,0.0,-0.088367,0.977231,-0.212178,1
1850,6.8333,0.016067,0.11,0.0,-0.093933,0.976296,-0.21644,1
1851,6.85,0.024183,0.1005,0.0,-0.076317,0.975342,-0.220697,1
1852,6.8667,0.0218,0.1043,0.0,-0.0825,0.97437,-0.224951,1
1853,6.8833,0.018517,0.107,0.0,-0.088483,0.973379,-0.2292,1
1854,6.9,0.018833,0.1041,0.0,-0.085267,0.97237,-0.233445,1
1855,6.9167,0.015617,0.1056,0.0,-0.089983,0.971342,-0.237686,1
1856,6.9333,0.020283,0.1075,0.0,-0.087217,0.970296,-0.241922,1
1857,6.95,0.02125,0.1058,0.0,-0.08455,0.969231,-0.246153,1
1858,6.9667,0.02315,0.1098,0.0,-0.08665,0.968148,-0.25038,1
1859,6.9833,0.018933,0.1095,0.0,-0.090567,0.967046,-0.254602,1
1860,7.0,0.02225,0.1366,0.0,-0.11435,0.965926,-0.258819,1
1861,7.0167,0.022467,0.1352,0.0,-0.112733,0.964787,-0.263031,1
1862,7.0333,0.02305,0.1411,0.0,-0.11805,0.96363,-0.267238,1
1863,7.05,0.017767,0.1375,0.0,-0.119733,0.962455,-0.27144,1
1864,7.0667,0.023533,0.1365,0.0,-0.112967,0.961262,-0.275637,1
1865,7.0833,0.0244,0.1402,0.0,-0.1158,0.96005,-0.279829,1
1866,7.1,0.020033,0.136,0.0,-0.115967,0.95882,-0.284015,1
1867,7.1167,0.027983,0.1378,0.0,-0.109817,0.957571,-0.288196,1
1868,7.1333,0.0236,0.1341,0.0,-0.1105,0.956305,-0.292372,1
1869,7.15,0.025933,0.1394,0.0,-0.113467,0.95502,-0.296542,1
1870,7.1667,0.021083,0.1413,0.0,-0.120217,0.953717,-0.300706,1
1871,7.1833,0.027517,0.1387,0.0,-0.111183,0.952396,-0.304864,1
1872,7.2,0.022083,0.1411,0.0,-0.119017,0.951057,-0.309017,1
1873,7.2167,0.029417,0.1381,0.0,-0.108683,0.949699,-0.313164,1
1874,7.2333,0.02195,0.1375,0.0,-0.11555,0.948324,-0.317305,1
1875,7.25,0.024917,0.14,0.0,-0.115083,0.94693,-0.321439,1
1876,7.2667,0.02795,0.1387,0.0,-0.11075,0.945519,-0.325568,1
1877,7.2833,0.02485,0.1382,0.0,-0.11335,0.944089,-0.329691,1
1878,7.3,0.0297,0.1393,0.0,-0.1096,0.942641,-0.333807,1
1879,7.3167,0.024183,0.1409,0.0,-0.116717,0.941176,-0.337917,1
1880,7.3333,0.028033,0.1383,0.0,-0.110267,0.939693,-0.34202,1
1881,7.35,0.028733,0.1389,0.0,-0.110167,0.938191,-0.346117,1
1882,7.3667,0.026667,0.135,0.0,-0.108333,0.936672,-0.350207,1
1883,7.3833,0.029917,0.138,0.0,-0.108083,0.935135,-0.354291,1
1884,7.4,0.024867,0.1383,0.0,-0.113433,0.93358,-0.358368,1
1885,7.4167,0.029717,0.1381,0.0,-0.108383,0.932008,-0.362438,1
1886,7.4333,0.034883,0.1372,0.0,-0.102317,0.930418,-0.366501,1
1887,7.45,0.026933,0.1375,0.0,-0.110567,0.92881,-0.370557,1
1888,7.4667,0.03305,0.1374,0.0,-0.10435,0.927184,-0.374607,1
1889,7.4833,0.03265,0.0697,0.0,-0.03705,0.925541,-0.378649,1
1890,7.5,0.030367,0.0727,0.0,-0.042333,0.92388,-0.382683,1
1891,7.5167,0.029983,0.0726,0.0,-0.042617,0.922201,-0.386711,1
1892,7.5333,0.029967,0.0734,0.0,-0.043433,0.920505,-0.390731,1
1893,7.55,0.0325,0.0714,0.0,-0.0389,0.918791,-0.394744,1
1894,7.5667,0.0319,0.072,0.0,-0.0401,0.91706,-0.398749,1
1895,7.5833,0.029933,0.0738,0.0,-0.043867,0.915311,-0.402747,1
1896,7.6,0.03465,0.0692,0.0,-0.03455,0.913545,-0.406737,1
1897,7.6167,0.036217,0.0756,0.0,-0.039383,0.911762,-0.410719,1
1898,7.6333,0.033617,0.0678,0.0,-0.034183,0.909961,-0.414693,1
1899,7.65,0.030667,0.073,0.0,-0.042333,0.908143,-0.41866,1
1900,7.6667,0.02975,0.0691,0.0,-0.03935,0.906308,-0.422618,1
1901,7.6833,0.03485,0.0735,0.0,-0.03865,0.904455,-0.426569,1
1902,7.7,0.03565,0.0762,0.0,-0.04055,0.902585,-0.430511,1
1903,7.7167,0.033233,0.0731,0.0,-0.039867,0.900698,-0.434445,1
1904,7.7333,0.029967,0.073,0.0,-0.043033,0.898794,-0.438371,1
1905,7.75,0.034083,0.0741,0.0,-0.040017,0.896873,-0.442289,1
1906,7.7667,0.034767,0.0696,0.0,-0.034833,0.894934,-0.446198,1
1907,7.7833,0.034567,0.0717,0.0,-0.037133,0.892979,-0.450098,1
1908,7.8,0.037017,0.0677,0.0,-0.030683,0.891007,-0.45399,1
1909,7.8167,0.034467,0.0694,0.0,-0.034933,0.889017,-0.457874,1
1910,7.8333,0.042433,0.0735,0.0,-0.031067,0.887011,-0.461749,1
1911,7.85,0.040917,0.0711,0.0,-0.030183,0.884988,-0.465615,1
1912,7.8667,0.04055,0.0748,0.0,-0.03425,0.882948,-0.469472,1
1913,7.8833,0.034067,0.0723,0.0,-0.038233,0.880891,-0.47332,1
1914,7.9,0.041117,0.0706,0.0,-0.029483,0.878817,-0.477159,1
1915,7.9167,0.034283,0.0724,0.0,-0.038117,0.876727,-0.480989,1
1916,7.9333,0.038783,0.0683,0.0,-0.029517,0.87462,-0.48481,1
1917,7.95,0.043783,0.0751,0.0,-0.031317,0.872496,-0.488621,1
1918,7.9667,0.034717,0.0683,0.0,-0.033583,0.870356,-0.492424,1
1919,7.9833,0.037667,0.0721,0.0,-0.034433,0.868199,-0.496217,1
1920,8.0,0.040067,0.0736,0.0,-0.033533,0.866025,-0.5,1
1921,8.0167,0.0418,0.0711,0.0,-0.0293,0.863836,-0.503774,1
1922,8.0333,0.043367,0.0699,0.0,-0.026533,0.861629,-0.507538,1
1923,8.05,0.04165,0.0707,0.0,-0.02905,0.859406,-0.511293,1
1924,8.0667,0.044883,0.0696,0.0,-0.024717,0.857167,-0.515038,1
1925,8.0833,0.042067,0.0732,0.0,-0.031133,0.854912,-0.518773,1
1926,8.1,0.038133,0.0699,0.0,-0.031767,0.85264,-0.522499,1
1927,8.1167,0.04315,0.0741,0.0,-0.03095,0.850352,-0.526214,1
1928,8.1333,0.043767,0.0721,0.0,-0.028333,0.848048,-0.529919,1
1929,8.15,0.039567,0.0726,0.0,-0.033033,0.845728,-0.533615,1
1930,8.1667,0.043433,0.0685,0.0,-0.025067,0.843391,-0.5373,1
1931,8.1833,0.044683,0.0712,0.0,-0.026517,0.841039,-0.540974,1
1932,8.2,0.04015,0.069,0.0,-0.02885,0.838671,-0.544639,1
1933,8.2167,0.046733,0.0697,0.0,-0.022967,0.836286,-0.548293,1
1934,8.2333,0.045283,0.0692,0.0,-0.023917,0.833886,-0.551937,1
1935,8.25,0.045283,0.0741,0.0,-0.028817,0.83147,-0.55557,1
1936,8.2667,0.041117,0.0692,0.0,-0.028083,0.829038,-0.559193,1
1937,8.2833,0.043717,0.0744,0.0,-0.030683,0.82659,-0.562805,1
1938,8.3,0.047067,0.0732,0.0,-0.026133,0.824126,-0.566406,1
1939,8.3167,0.044783,0.0712,0.0,-0.026417,0.821647,-0.569997,1
1940,8.3333,0.043433,0.0695,0.0,-0.026067,0.819152,-0.573576,1
1941,8.35,0.0428,0.0693,0.0,-0.0265,0.816642,-0.577145,1
1942,8.3667,0.04725,0.0708,0.0,-0.02355,0.814116,-0.580703,1
1943,8.3833,0.043883,0.0704,0.0,-0.026517,0.811574,-0.58425,1
1944,8.4,0.049917,0.0729,0.0,-0.022983,0.809017,-0.587785,1
1945,8.4167,0.04925,0.0735,0.0,-0.02425,0.806445,-0.59131,1
1946,8.4333,0.048667,0.0675,0.0,-0.018833,0.803857,-0.594823,1
1947,8.45,0.04475,0.0746,0.0,-0.02985,0.801254,-0.598325,1
1948,8.4667,0.04715,0.0749,0.0,-0.02775,0.798636,-0.601815,1
1949,8.4833,0.048067,0.0736,0.0,-0.025533,0.796002,-0.605294,1
1950,8.5,0.048783,0.0702,0.0,-0.021417,0.793353,-0.608761,1
1951,8.5167,0.049767,0.0682,0.0,-0.018433,0.79069,-0.612217,1
1952,8.5333,0.044117,0.0685,0.0,-0.024383,0.788011,-0.615661,1
1953,8.55,0.046733,0.0718,0.0,-0.025067,0.785317,-0.619094,1
1954,8.5667,0.053783,0.0708,0.0,-0.017017,0.782608,-0.622515,1
1955,8.5833,0.051733,0.0712,0.0,-0.019467,0.779884,-0.625923,1
1956,8.6,0.0513,0.069,0.0,-0.0177,0.777146,-0.62932,1
1957,8.6167,0.05595,0.0717,0.0,-0.01575,0.774393,-0.632705,1
1958,8.6333,0.0532,0.066,0.0,-0.0128,0.771625,-0.636078,1
1959,8.65,0.054417,0.0737,0.0,-0.019283,0.768842,-0.639439,1
1960,8.6667,0.049817,0.0723,0.0,-0.022483,0.766044,-0.642788,1
1961,8.6833,0.047883,0.0754,0.0,-0.027517,0.763232,-0.646124,1
1962,8.7,0.050633,0.0702,0.0,-0.019567,0.760406,-0.649448,1
1963,8.7167,0.0514,0.0747,0.0,-0.0233,0.757565,-0.65276,1
1964,8.7333,0.054483,0.0761,0.0,-0.021617,0.75471,-0.656059,1
1965,8.75,0.057733,0.0722,0.0,-0.014467,0.75184,-0.659346,1
1966,8.7667,0.055867,0.0701,0.0,-0.014233,0.748956,-0.66262,1
1967,8.7833,0.053267,0.0729,0.0,-0.019633,0.746057,-0.665882,1
1968,8.8,0.052833,0.0716,0.0,-0.018767,0.743145,-0.669131,1
1969,8.8167,0.054633,0.0711,0.0,-0.016467,0.740218,-0.672367,1
1970,8.8333,0.0523,0.0686,0.0,-0.0163,0.737277,-0.67559,1
1971,8.85,0.0556,0.0726,0.0,-0.017,0.734323,-0.678801,1
1972,8.8667,0.0541,0.0712,0.0,-0.0171,0.731354,-0.681998,1
1973,8.8833,0.054867,0.0742,0.0,-0.019333,0.728371,-0.685183,1
1974,8.9,0.049217,0.0723,0.0,-0.023083,0.725374,-0.688355,1
1975,8.9167,0.056667,0.0725,0.0,-0.015833,0.722364,-0.691513,1
1976,8.9333,0.0532,0.0741,0.0,-0.0209,0.71934,-0.694658,1
1977,8.95,0.060933,0.0733,0.0,-0.012367,0.716302,-0.69779,1
1978,8.9667,0.0525,0.07,0.0,-0.0175,0.71325,-0.700909,1
1979,8.9833,0.05535,0.0741,0.0,-0.01875,0.710185,-0.704015,1
1980,9.0,0.0581,0.0382,0.0199,0.0199,0.707107,-0.707107,0
1981,9.0167,0.052133,0.0411,0.0309,0.011033,0.704015,-0.710185,0
1982,9.0333,0.058167,0.0402,0.0489,0.017967,0.700909,-0.71325,0
1983,9.05,0.057267,0.0404,0.0658,0.016867,0.69779,-0.716302,0
1984,9.0667,0.05395,0.0402,0.0795,0.01375,0.694658,-0.71934,0
1985,9.0833,0.056533,0.0404,0.0956,0.016133,0.691513,-0.722364,0
1986,9.1,0.058333,0.0402,0.1137,0.018133,0.688355,-0.725374,0
1987,9.1167,0.055917,0.0359,0.1337,0.020017,0.685183,-0.728371,0
1988,9.1333,0.059617,0.0413,0.152,0.018317,0.681998,-0.731354,0
1989,9.15,0.058817,0.0373,0.1735,0.021517,0.678801,-0.734323,0
1990,9.1667,0.0581,0.0398,0.1918,0.0183,0.67559,-0.737277,0
1991,9.1833,0.0629,0.0388,0.2159,0.0241,0.672367,-0.740218,0
1992,9.2,0.058433,0.0418,0.2325,0.016633,0.669131,-0.743145,0
1993,9.2167,0.057117,0.0394,0.2502,0.017717,0.665882,-0.746057,0
1994,9.2333,0.0601,0.0402,0.2701,0.0199,0.66262,-0.748956,0
1995,9.25,0.064433,0.0439,0.2906,0.020533,0.659346,-0.75184,0
1996,9.2667,0.063267,0.0392,0.3147,0.024067,0.656059,-0.75471,0
1997,9.2833,0.065067,0.0425,0.3373,0.022567,0.65276,-0.757565,0
1998,9.3,0.058217,0.0405,0.355,0.017717,0.649448,-0.760406,0
1999,9.3167,0.05825,0.0425,0.3708,0.01575,0.646124,-0.763232,0
2000,9.3333,0.060933,0.0383,0.3934,0.022633,0.642788,-0.766044,0
2001,9.35,0.058333,0.0402,0.4115,0.018133,0.639439,-0.768842,0
2002,9.3667,0.062983,0.0387,0.4358,0.024283,0.636078,-0.771625,0
2003,9.3833,0.063833,0.0408,0.4588,0.023033,0.632705,-0.774393,0
2004,9.4,0.059333,0.0377,0.4804,0.021633,0.62932,-0.777146,0
2005,9.4167,0.058283,0.0406,0.4981,0.017683,0.625923,-0.779884,0
2006,9.4333,0.06765,0.036,0.5297,0.03165,0.622515,-0.782608,0
2007,9.45,0.0638,0.0412,0.5523,0.0226,0.619094,-0.785317,0
2008,9.4667,0.05995,0.0426,0.5696,0.01735,0.615661,-0.788011,0
2009,9.4833,0.062283,0.0366,0.5953,0.025683,0.612217,-0.79069,0
2010,9.5,0.06235,0.037,0.6207,0.02535,0.608761,-0.793353,0
2011,9.5167,0.0615,0.04,0.6422,0.0215,0.605294,-0.796002,0
2012,9.5333,0.064383,0.0392,0.6674,0.025183,0.601815,-0.798636,0
2013,9.55,0.063333,0.0407,0.69,0.022633,0.598325,-0.801254,0
2014,9.5667,0.065817,0.04,0.7158,0.025817,0.594823,-0.803857,0
2015,9.5833,0.06315,0.0391,0.7399,0.02405,0.59131,-0.806445,0
2016,9.6,0.06395,0.0394,0.7644,0.02455,0.587785,-0.809017,0
2017,9.6167,0.064183,0.0397,0.7889,0.024483,0.58425,-0.811574,0
2018,9.6333,0.065117,0.0396,0.8144,0.025517,0.580703,-0.814116,0
2019,9.65,0.06365,0.0344,0.8437,0.02925,0.577145,-0.816642,0
2020,9.6667,0.066233,0.0393,0.8706,0.026933,0.573576,-0.819152,0
2021,9.6833,0.063417,0.0403,0.8937,0.023117,0.569997,-0.821647,0
2022,9.7,0.06495,0.0385,0.9202,0.02645,0.566406,-0.824126,0
2023,9.7167,0.065867,0.0361,0.95,0.029767,0.562805,-0.82659,0
2024,9.7333,0.066017,0.0402,0.9758,0.025817,0.559193,-0.829038,0
2025,9.75,0.0697,0.0402,1.0053,0.0295,0.55557,-0.83147,0
2026,9.7667,0.06335,0.0396,1.0291,0.02375,0.551937,-0.833886,0
2027,9.7833,0.065717,0.0396,1.0552,0.026117,0.548293,-0.836286,0
2028,9.8,0.068367,0.0377,1.0859,0.030667,0.544639,-0.838671,0
2029,9.8167,0.068367,0.0406,1.1137,0.027767,0.540974,-0.841039,0
2030,9.8333,0.0708,0.0385,1.146,0.0323,0.5373,-0.843391,0
2031,9.85,0.062417,0.0392,1.1692,0.023217,0.533615,-0.845728,0
2032,9.8667,0.068783,0.0428,1.1952,0.025983,0.529919,-0.848048,0
2033,9.8833,0.066583,0.04,1.2218,0.026583,0.526214,-0.850352,0
2034,9.9,0.06665,0.0409,1.2476,0.02575,0.522499,-0.85264,0
2035,9.9167,0.067433,0.0375,1.2775,0.029933,0.518773,-0.854912,0
2036,9.9333,0.06785,0.0391,1.3063,0.02875,0.515038,-0.857167,0
2037,9.95,0.068483,0.0381,1.3367,0.030383,0.511293,-0.859406,0
2038,9.9667,0.07155,0.0384,1.3699,0.03315,0.507538,-0.861629,0
2039,9.9833,0.071,0.0413,1.3996,0.0297,0.503774,-0.863836,0
2040,10.0,0.06615,0.0389,1.4268,0.02725,0.5,-0.866025,0
2041,10.0167,0.0655,0.0397,1.4526,0.0258,0.496217,-0.868199,0
2042,10.0333,0.067017,0.0406,1.479,0.026417,0.492424,-0.870356,0
2043,10.05,0.070933,0.0404,1.5095,0.030533,0.488621,-0.872496,0
2044,10.0667,0.070433,0.0408,1.5391,0.029633,0.48481,-0.87462,0
2045,10.0833,0.07095,0.0394,1.5706,0.03155,0.480989,-0.876727,0
2046,10.1,0.070117,0.0423,1.5984,0.027817,0.477159,-0.878817,0
2047,10.1167,0.073317,0.04,1.6317,0.033317,0.47332,-0.880891,0
2048,10.1333,0.070283,0.0384,1.6636,0.031883,0.469472,-0.882948,0
2049,10.15,0.070433,0.0388,1.6952,0.031633,0.465615,-0.884988,0
2050,10.1667,0.071217,0.0407,1.7257,0.030517,0.461749,-0.887011,0
2051,10.1833,0.0726,0.039,1.7593,0.0336,0.457874,-0.889017,0
2052,10.2,0.071783,0.0427,1.7884,0.029083,0.45399,-0.891007,0
2053,10.2167,0.0727,0.0407,1.8204,0.032,0.450098,-0.892979,0
2054,10.2333,0.074117,0.0359,1.8586,0.038217,0.446198,-0.894934,0
2055,10.25,0.073217,0.0422,1.8896,0.031017,0.442289,-0.896873,0
2056,10.2667,0.07055,0.0388,1.9214,0.03175,0.438371,-0.898794,0
2057,10.2833,0.069817,0.0374,1.9538,0.032417,0.434445,-0.900698,0
2058,10.3,0.0704,0.0405,1.9837,0.0299,0.430511,-0.902585,0
2059,10.3167,0.0698,0.0415,2.012,0.0283,0.426569,-0.904455,0
2060,10.3333,0.074433,0.043,2.0434,0.031433,0.422618,-0.906308,0
2061,10.35,0.073817,0.0373,2.0799,0.036517,0.41866,-0.908143,0
2062,10.3667,0.0706,0.0404,2.1101,0.0302,0.414693,-0.909961,0
2063,10.3833,0.075483,0.0397,2.1459,0.035783,0.410719,-0.911762,0
2064,10.4,0.075267,0.0413,2.1799,0.033967,0.406737,-0.913545,0
2065,10.4167,0.070983,0.0411,2.2098,0.029883,0.402747,-0.915311,0
2066,10.4333,0.0724,0.0385,2.2437,0.0339,0.398749,-0.91706,0
2067,10.45,0.0734,0.0438,2.2733,0.0296,0.394744,-0.918791,0
2068,10.4667,0.07635,0.0391,2.3106,0.03725,0.390731,-0.920505,0
2069,10.4833,0.074433,0.0427,2.3423,0.031733,0.386711,-0.922201,0
2070,10.5,0.071267,0.0361,2.3775,0.035167,0.382683,-0.92388,0
2071,10.5167,0.076767,0.0364,2.4179,0.040367,0.378649,-0.925541,0
2072,10.5333,0.075883,0.0353,2.4585,0.040583,0.374607,-0.927184,0
2073,10.55,0.07525,0.0378,2.496,0.03745,0.370557,-0.92881,0
2074,10.5667,0.0785,0.0371,2.5374,0.0414,0.366501,-0.930418,0
2075,10.5833,0.072283,0.0385,2.5712,0.033783,0.362438,-0.932008,0
2076,10.6,0.069783,0.0423,2.5987,0.027483,0.358368,-0.93358,0
2077,10.6167,0.0752,0.0435,2.6304,0.0317,0.354291,-0.935135,0
2078,10.6333,0.074417,0.0354,2.6694,0.039017,0.350207,-0.936672,0
2079,10.65,0.073133,0.0382,2.7043,0.034933,0.346117,-0.938191,0
2080,10.6667,0.075617,0.0386,2.7413,0.037017,0.34202,-0.939693,0
2081,10.6833,0.074083,0.0395,2.7759,0.034583,0.337917,-0.941176,0
2082,10.7,0.0779,0.0398,2.814,0.0381,0.333807,-0.942641,0
2083,10.7167,0.074617,0.0397,2.8489,0.034917,0.329691,-0.944089,0
2084,10.7333,0.074267,0.0383,2.8849,0.035967,0.325568,-0.945519,0
2085,10.75,0.075733,0.0384,2.9222,0.037333,0.321439,-0.94693,0
2086,10.7667,0.071967,0.0392,2.955,0.032767,0.317305,-0.948324,0
2087,10.7833,0.078417,0.0379,2.9955,0.040517,0.313164,-0.949699,0
2088,10.8,0.0759,0.0431,3.0283,0.0328,0.309017,-0.951057,0
2089,10.8167,0.076167,0.0412,3.0633,0.034967,0.304864,-0.952396,0
2090,10.8333,0.077083,0.0393,3.1011,0.037783,0.300706,-0.953717,0
2091,10.85,0.08065,0.0436,3.1381,0.03705,0.296542,-0.95502,0
2092,10.8667,0.0753,0.0393,3.1741,0.036,0.292372,-0.956305,0
2093,10.8833,0.08105,0.0421,3.213,0.03895,0.288196,-0.957571,0
2094,10.9,0.07705,0.038,3.2521,0.03905,0.284015,-0.95882,0
2095,10.9167,0.07935,0.0396,3.2918,0.03975,0.279829,-0.96005,0
2096,10.9333,0.079083,0.0381,3.3328,0.040983,0.275637,-0.961262,0
2097,10.95,0.078083,0.0387,3.3722,0.039383,0.27144,-0.962455,0
2098,10.9667,0.07565,0.042,3.4059,0.03365,0.267238,-0.96363,0
2099,10.9833,0.079,0.0362,3.4487,0.0428,0.263031,-0.964787,0
2100,11.0,0.07595,0.0378,3.4869,0.03815,0.258819,-0.965926,0
2101,11.0167,0.074817,0.0374,3.5243,0.037417,0.254602,-0.967046,0
2102,11.0333,0.0761,0.0393,3.5611,0.0368,0.25038,-0.968148,0
2103,11.05,0.078,0.038,3.6011,0.04,0.246153,-0.969231,0
2104,11.0667,0.07785,0.0377,3.6413,0.04015,0.241922,-0.970296,0
2105,11.0833,0.080783,0.0408,3.6813,0.039983,0.237686,-0.971342,0
2106,11.1,0.0786,0.0409,3.719,0.0377,0.233445,-0.97237,0
2107,11.1167,0.07845,0.0414,3.7561,0.03705,0.2292,-0.973379,0
2108,11.1333,0.079383,0.0413,3.7942,0.038083,0.224951,-0.97437,0
2109,11.15,0.078783,0.0425,3.8305,0.036283,0.220697,-0.975342,0
2110,11.1667,0.078317,0.0396,3.8692,0.038717,0.21644,-0.976296,0
2111,11.1833,0.078583,0.0428,3.905,0.035783,0.212178,-0.977231,0
2112,11.2,0.075083,0.0411,3.939,0.033983,0.207912,-0.978148,0
2113,11.2167,0.07905,0.0409,3.9771,0.03815,0.203642,-0.979045,0
2114,11.2333,0.079,0.039,4.0171,0.04,0.199368,-0.979925,0
2115,11.25,0.0815,0.0411,4.0575,0.0404,0.19509,-0.980785,0
2116,11.2667,0.071633,0.0373,4.0918,0.034333,0.190809,-0.981627,0
2117,11.2833,0.0731,0.038,4.1269,0.0351,0.186524,-0.98245,0
2118,11.3,0.08215,0.0419,4.1672,0.04025,0.182236,-0.983255,0
2119,11.3167,0.0795,0.0402,4.2065,0.0393,0.177944,-0.984041,0
2120,11.3333,0.0774,0.0408,4.2431,0.0366,0.173648,-0.984808,0
2121,11.35,0.078933,0.0408,4.2812,0.038133,0.16935,-0.985556,0
2122,11.3667,0.07705,0.0386,4.3197,0.03845,0.165048,-0.986286,0
2123,11.3833,0.07965,0.0396,4.3598,0.04005,0.160743,-0.986996,0
2124,11.4,0.080633,0.0417,4.3987,0.038933,0.156434,-0.987688,0
2125,11.4167,0.077983,0.0424,4.4343,0.035583,0.152123,-0.988362,0
2126,11.4333,0.080167,0.0379,4.4766,0.042267,0.147809,-0.989016,0
2127,11.45,0.0749,0.037,4.5145,0.0379,0.143493,-0.989651,0
2128,11.4667,0.082533,0.0385,4.5585,0.044033,0.139173,-0.990268,0
2129,11.4833,0.083933,0.0396,4.6028,0.044333,0.134851,-0.990866,0
2130,11.5,0.081133,0.0398,4.6441,0.041333,0.130526,-0.991445,0
2131,11.5167,0.080017,0.0384,4.6857,0.041617,0.126199,-0.992005,0
2132,11.5333,0.08065,0.038,4.7283,0.04265,0.121869,-0.992546,0
2133,11.55,0.076,0.0376,4.7667,0.0384,0.117537,-0.993068,0
2134,11.5667,0.07955,0.0398,4.8065,0.03975,0.113203,-0.993572,0
2135,11.5833,0.077483,0.0384,4.8456,0.039083,0.108867,-0.994056,0
2136,11.6,0.080067,0.0406,4.8851,0.039467,0.104528,-0.994522,0
2137,11.6167,0.0789,0.042,4.922,0.0369,0.100188,-0.994969,0
2138,11.6333,0.078733,0.0387,4.962,0.040033,0.095846,-0.995396,0
2139,11.65,0.07745,0.0417,4.9977,0.03575,0.091502,-0.995805,0
2140,11.6667,0.081783,0.0422,5.0373,0.039583,0.087156,-0.996195,0
2141,11.6833,0.079783,0.0391,5.078,0.040683,0.082808,-0.996566,0
2142,11.7,0.081733,0.0403,5.1194,0.041433,0.078459,-0.996917,0
2143,11.7167,0.080317,0.0425,5.1572,0.037817,0.074108,-0.99725,0
2144,11.7333,0.075883,0.0358,5.1973,0.040083,0.069756,-0.997564,0
2145,11.75,0.079083,0.0373,5.2391,0.041783,0.065403,-0.997859,0
2146,11.7667,0.080217,0.038,5.2813,0.042217,0.061049,-0.998135,0
2147,11.7833,0.082467,0.0347,5.3291,0.047767,0.056693,-0.998392,0
2148,11.8,0.0829,0.0405,5.3715,0.0424,0.052336,-0.99863,0
2149,11.8167,0.079367,0.0385,5.4124,0.040867,0.047978,-0.998848,0
2150,11.8333,0.076783,0.0397,5.4495,0.037083,0.043619,-0.999048,0
2151,11.85,0.0804,0.0418,5.4881,0.0386,0.03926,-0.999229,0
2152,11.8667,0.08195,0.0409,5.5292,0.04105,0.034899,-0.999391,0
2153,11.8833,0.076467,0.0421,5.5636,0.034367,0.030539,-0.999534,0
2154,11.9,0.079383,0.0376,5.6054,0.041783,0.026177,-0.999657,0
2155,11.9167,0.076733,0.0422,5.6399,0.034533,0.021815,-0.999762,0
2156,11.9333,0.080067,0.0404,5.6796,0.039667,0.017452,-0.999848,0
2157,11.95,0.0809,0.0362,5.7243,0.0447,0.01309,-0.999914,0
2158,11.9667,0.076183,0.0416,5.7589,0.034583,0.008727,-0.999962,0
2159,11.9833,0.08105,0.0395,5.8004,0.04155,0.004363,-0.99999,0
2160,12.0,0.0774,0.0385,5.8393,0.0389,0.0,-1.0,0
2161,12.0167,0.07385,0.0409,5.8723,0.03295,-0.004363,-0.99999,0
2162,12.0333,0.081183,0.0373,5.9162,0.043883,-0.008727,-0.999962,0
2163,12.05,0.077033,0.0379,5.9553,0.039133,-0.01309,-0.999914,0
2164,12.0667,0.079233,0.0417,5.9928,0.037533,-0.017452,-0.999848,0
2165,12.0833,0.083683,0.043,6.0335,0.040683,-0.021815,-0.999762,0
2166,12.1,0.080383,0.0389,6.075,0.041483,-0.026177,-0.999657,0
2167,12.1167,0.0818,0.0388,6.118,0.043,-0.030539,-0.999534,0
2168,12.1333,0.077467,0.0392,6.1563,0.038267,-0.034899,-0.999391,0
2169,12.15,0.082567,0.0413,6.1976,0.041267,-0.03926,-0.999229,0
2170,12.1667,0.0859,0.0359,6.2476,0.05,-0.043619,-0.999048,0
2171,12.1833,0.078167,0.0414,6.2844,0.036767,-0.047978,-0.998848,0
2172,12.2,0.081883,0.0398,6.3265,0.042083,-0.052336,-0.99863,0
2173,12.2167,0.078367,0.0393,6.3656,0.039067,-0.056693,-0.998392,0
2174,12.2333,0.08275,0.0417,6.4066,0.04105,-0.061049,-0.998135,0
2175,12.25,0.080567,0.0373,6.4499,0.043267,-0.065403,-0.997859,0
2176,12.2667,0.08075,0.0404,6.4903,0.04035,-0.069756,-0.997564,0
2177,12.2833,0.079283,0.0387,6.5309,0.040583,-0.074108,-0.99725,0
2178,12.3,0.078467,0.0403,6.5691,0.038167,-0.078459,-0.996917,0
2179,12.3167,0.076967,0.0421,6.604,0.034867,-0.082808,-0.996566,0
2180,12.3333,0.075517,0.0412,6.6383,0.034317,-0.087156,-0.996195,0
2181,12.35,0.077383,0.0336,6.6821,0.043783,-0.091502,-0.995805,0
2182,12.3667,0.080817,0.041,6.7219,0.039817,-0.095846,-0.995396,0
2183,12.3833,0.077817,0.0411,6.7586,0.036717,-0.100188,-0.994969,0
2184,12.4,0.082833,0.0415,6.7999,0.041333,-0.104528,-0.994522,0
2185,12.4167,0.076083,0.0391,6.8369,0.036983,-0.108867,-0.994056,0
2186,12.4333,0.077,0.0388,6.8751,0.0382,-0.113203,-0.993572,0
2187,12.45,0.07785,0.0386,6.9143,0.03925,-0.117537,-0.993068,0
2188,12.4667,0.074383,0.0381,6.9506,0.036283,-0.121869,-0.992546,0
2189,12.4833,0.078217,0.0384,6.9904,0.039817,-0.126199,-0.992005,0
2190,12.5,0.0802,0.0388,7.0318,0.0414,-0.130526,-0.991445,0
2191,12.5167,0.07695,0.0414,7.0673,0.03555,-0.134851,-0.990866,0
2192,12.5333,0.083667,0.0414,7.1096,0.042267,-0.139173,-0.990268,0
2193,12.55,0.079767,0.0375,7.1519,0.042267,-0.143493,-0.989651,0
2194,12.5667,0.075333,0.0391,7.1881,0.036233,-0.147809,-0.989016,0
2195,12.5833,0.08285,0.041,7.2299,0.04185,-0.152123,-0.988362,0
2196,12.6,0.0758,0.0415,7.2642,0.0343,-0.156434,-0.987688,0
2197,12.6167,0.079133,0.0406,7.3027,0.038533,-0.160743,-0.986996,0
2198,12.6333,0.082467,0.0396,7.3456,0.042867,-0.165048,-0.986286,0
2199,12.65,0.078417,0.0343,7.3897,0.044117,-0.16935,-0.985556,0
2200,12.6667,0.079167,0.0392,7.4297,0.039967,-0.173648,-0.984808,0
2201,12.6833,0.076133,0.039,7.4668,0.037133,-0.177944,-0.984041,0
2202,12.7,0.080517,0.0381,7.5092,0.042417,-0.182236,-0.983255,0
2203,12.7167,0.0727,0.0419,7.54,0.0308,-0.186524,-0.98245,0
2204,12.7333,0.078433,0.0391,7.5793,0.039333,-0.190809,-0.981627,0
2205,12.75,0.07975,0.0424,7.6166,0.03735,-0.19509,-0.980785,0
2206,12.7667,0.079917,0.0402,7.6563,0.039717,-0.199368,-0.979925,0
2207,12.7833,0.078983,0.0417,7.6936,0.037283,-0.203642,-0.979045,0
2208,12.8,0.079217,0.0421,7.7307,0.037117,-0.207912,-0.978148,0
2209,12.8167,0.082883,0.0373,7.7763,0.045583,-0.212178,-0.977231,0
2210,12.8333,0.07875,0.0429,7.8121,0.03585,-0.21644,-0.976296,0
2211,12.85,0.071383,0.0373,7.8462,0.034083,-0.220697,-0.975342,0
2212,12.8667,0.07785,0.0394,7.8846,0.03845,-0.224951,-0.97437,0
2213,12.8833,0.075633,0.0406,7.9196,0.035033,-0.2292,-0.973379,0
2214,12.9,0.079683,0.0401,7.9592,0.039583,-0.233445,-0.97237,0
2215,12.9167,0.07885,0.0406,7.9974,0.03825,-0.237686,-0.971342,0
2216,12.9333,0.078683,0.0422,8.0339,0.036483,-0.241922,-0.970296,0
2217,12.95,0.076233,0.0392,8.0709,0.037033,-0.246153,-0.969231,0
2218,12.9667,0.075883,0.0378,8.109,0.038083,-0.25038,-0.968148,0
2219,12.9833,0.076933,0.0381,8.1478,0.038833,-0.254602,-0.967046,0
2220,13.0,0.07335,0.0407,8.1805,0.03265,-0.258819,-0.965926,0
2221,13.0167,0.0785,0.0382,8.2208,0.0403,-0.263031,-0.964787,0
2222,13.0333,0.074283,0.0394,8.2557,0.034883,-0.267238,-0.96363,0
2223,13.05,0.077183,0.0394,8.2935,0.037783,-0.27144,-0.962455,0
2224,13.0667,0.076,0.0381,8.3314,0.0379,-0.275637,-0.961262,0
2225,13.0833,0.078367,0.0418,8.368,0.036567,-0.279829,-0.96005,0
2226,13.1,0.080883,0.0384,8.4105,0.042483,-0.284015,-0.95882,0
2227,13.1167,0.07645,0.0399,8.4471,0.03655,-0.288196,-0.957571,0
2228,13.1333,0.074,0.0396,8.4815,0.0344,-0.292372,-0.956305,0
2229,13.15,0.07625,0.04,8.5178,0.03625,-0.296542,-0.95502,0
2230,13.1667,0.077183,0.0433,8.5517,0.033883,-0.300706,-0.953717,0
2231,13.1833,0.076133,0.044,8.5838,0.032133,-0.304864,-0.952396,0
2232,13.2,0.075683,0.0398,8.6197,0.035883,-0.309017,-0.951057,0
2233,13.2167,0.078567,0.0376,8.6607,0.040967,-0.313164,-0.949699,0
2234,13.2333,0.07605,0.0409,8.6959,0.03515,-0.317305,-0.948324,0
2235,13.25,0.074717,0.0419,8.7287,0.032817,-0.321439,-0.94693,0
2236,13.2667,0.075383,0.0414,8.7627,0.033983,-0.325568,-0.945519,0
2237,13.2833,0.074667,0.0413,8.7961,0.033367,-0.329691,-0.944089,0
2238,13.3,0.076067,0.0389,8.8333,0.037167,-0.333807,-0.942641,0
2239,13.3167,0.0656,0.0367,8.8622,0.0289,-0.337917,-0.941176,0
2240,13.3333,0.075033,0.0409,8.8963,0.034133,-0.34202,-0.939693,0
2241,13.35,0.072933,0.0378,8.9314,0.035133,-0.346117,-0.938191,0
2242,13.3667,0.07795,0.0413,8.968,0.03665,-0.350207,-0.936672,0
2243,13.3833,0.074667,0.0422,9.0005,0.032467,-0.354291,-0.935135,0
2244,13.4,0.0734,0.0382,9.0357,0.0352,-0.358368,-0.93358,0
2245,13.4167,0.075283,0.0416,9.0694,0.033683,-0.362438,-0.932008,0
2246,13.4333,0.077833,0.0409,9.1063,0.036933,-0.366501,-0.930418,0
2247,13.45,0.076283,0.0409,9.1417,0.035383,-0.370557,-0.92881,0
2248,13.4667,0.07195,0.0404,9.1732,0.03155,-0.374607,-0.927184,0
2249,13.4833,0.0737,0.0412,9.2057,0.0325,-0.378649,-0.925541,0
2250,13.5,0.074567,0.0416,9.2387,0.032967,-0.382683,-0.92388,0
2251,13.5167,0.06955,0.0379,9.2703,0.03165,-0.386711,-0.922201,0
2252,13.5333,0.07755,0.0422,9.3057,0.03535,-0.390731,-0.920505,0
2253,13.55,0.075167,0.0358,9.3451,0.039367,-0.394744,-0.918791,0
2254,13.5667,0.074317,0.0366,9.3828,0.037717,-0.398749,-0.91706,0
2255,13.5833,0.0759,0.0423,9.4164,0.0336,-0.402747,-0.915311,0
2256,13.6,0.073033,0.0407,9.4487,0.032333,-0.406737,-0.913545,0
2257,13.6167,0.0694,0.0381,9.48,0.0313,-0.410719,-0.911762,0
2258,13.6333,0.074517,0.0397,9.5148,0.034817,-0.414693,-0.909961,0
2259,13.65,0.0711,0.0381,9.5478,0.033,-0.41866,-0.908143,0
2260,13.6667,0.067883,0.0391,9.5766,0.028783,-0.422618,-0.906308,0
2261,13.6833,0.065583,0.0442,9.598,0.021383,-0.426569,-0.904455,0
2262,13.7,0.072317,0.0417,9.6286,0.030617,-0.430511,-0.902585,0
2263,13.7167,0.07095,0.04,9.6596,0.03095,-0.434445,-0.900698,0
2264,13.7333,0.072667,0.0413,9.691,0.031367,-0.438371,-0.898794,0
2265,13.75,0.067267,0.0384,9.7199,0.028867,-0.442289,-0.896873,0
2266,13.7667,0.068233,0.0402,9.7479,0.028033,-0.446198,-0.894934,0
2267,13.7833,0.069383,0.0387,9.7786,0.030683,-0.450098,-0.892979,0
2268,13.8,0.0743,0.0396,9.8133,0.0347,-0.45399,-0.891007,0
2269,13.8167,0.070733,0.0393,9.8447,0.031433,-0.457874,-0.889017,0
2270,13.8333,0.074533,0.0396,9.8796,0.034933,-0.461749,-0.887011,0
2271,13.85,0.070383,0.038,9.912,0.032383,-0.465615,-0.884988,0
2272,13.8667,0.069583,0.0375,9.9441,0.032083,-0.469472,-0.882948,0
2273,13.8833,0.069067,0.0441,9.9691,0.024967,-0.47332,-0.880891,0
2274,13.9,0.066717,0.0411,9.9947,0.025617,-0.477159,-0.878817,0
2275,13.9167,0.066517,0.04,10.0212,0.026517,-0.480989,-0.876727,0
2276,13.9333,0.074317,0.0376,10.0579,0.036717,-0.48481,-0.87462,0
2277,13.95,0.066133,0.0372,10.0868,0.028933,-0.488621,-0.872496,0
2278,13.9667,0.0699,0.0417,10.115,0.0282,-0.492424,-0.870356,0
2279,13.9833,0.071017,0.0382,10.1478,0.032817,-0.496217,-0.868199,0
2280,14.0,0.07185,0.0391,10.1806,0.03275,-0.5,-0.866025,0
2281,14.0167,0.070167,0.0364,10.2144,0.033767,-0.503774,-0.863836,0
2282,14.0333,0.066417,0.0374,10.2434,0.029017,-0.507538,-0.861629,0
2283,14.05,0.070083,0.0375,10.276,0.032583,-0.511293,-0.859406,0
2284,14.0667,0.070467,0.042,10.3045,0.028467,-0.515038,-0.857167,0
2285,14.0833,0.0712,0.0393,10.3364,0.0319,-0.518773,-0.854912,0
2286,14.1,0.066033,0.0423,10.3601,0.023733,-0.522499,-0.85264,0
2287,14.1167,0.0711,0.0412,10.39,0.0299,-0.526214,-0.850352,0
2288,14.1333,0.0661,0.0382,10.4179,0.0279,-0.529919,-0.848048,0
2289,14.15,0.067517,0.037,10.4484,0.030517,-0.533615,-0.845728,0
2290,14.1667,0.066317,0.0403,10.4744,0.026017,-0.5373,-0.843391,0
2291,14.1833,0.064483,0.0412,10.4977,0.023283,-0.540974,-0.841039,0
2292,14.2,0.066967,0.0404,10.5243,0.026567,-0.544639,-0.838671,0
2293,14.2167,0.065433,0.0407,10.549,0.024733,-0.548293,-0.836286,0
2294,14.2333,0.066333,0.0397,10.5756,0.026633,-0.551937,-0.833886,0
2295,14.25,0.0662,0.0384,10.6034,0.0278,-0.55557,-0.83147,0
2296,14.2667,0.069517,0.0426,10.6303,0.026917,-0.559193,-0.829038,0
2297,14.2833,0.066783,0.0403,10.6568,0.026483,-0.562805,-0.82659,0
2298,14.3,0.06715,0.0399,10.6841,0.02725,-0.566406,-0.824126,0
2299,14.3167,0.062633,0.041,10.7057,0.021633,-0.569997,-0.821647,0
2300,14.3333,0.060467,0.0422,10.724,0.018267,-0.573576,-0.819152,0
2301,14.35,0.0646,0.0433,10.7453,0.0213,-0.577145,-0.816642,0
2302,14.3667,0.0689,0.0389,10.7753,0.03,-0.580703,-0.814116,0
2303,14.3833,0.063567,0.0377,10.8012,0.025867,-0.58425,-0.811574,0
2304,14.4,0.063183,0.0359,10.8285,0.027283,-0.587785,-0.809017,0
2305,14.4167,0.0696,0.0407,10.8574,0.0289,-0.59131,-0.806445,0
2306,14.4333,0.06585,0.0387,10.8845,0.02715,-0.594823,-0.803857,0
2307,14.45,0.0657,0.0407,10.9095,0.025,-0.598325,-0.801254,0
2308,14.4667,0.062317,0.0405,10.9313,0.021817,-0.601815,-0.798636,0
2309,14.4833,0.063167,0.0389,10.9556,0.024267,-0.605294,-0.796002,0
2310,14.5,0.067,0.0425,10.9801,0.0245,-0.608761,-0.793353,0
2311,14.5167,0.061717,0.0402,11.0016,0.021517,-0.612217,-0.79069,0
2312,14.5333,0.0603,0.0378,11.0241,0.0225,-0.615661,-0.788011,0
2313,14.55,0.062333,0.0382,11.0482,0.024133,-0.619094,-0.785317,0
2314,14.5667,0.064467,0.0406,11.0721,0.023867,-0.622515,-0.782608,0
2315,14.5833,0.064983,0.0386,11.0985,0.026383,-0.625923,-0.779884,0
2316,14.6,0.06045,0.0379,11.121,0.02255,-0.62932,-0.777146,0
2317,14.6167,0.065517,0.0366,11.1499,0.028917,-0.632705,-0.774393,0
2318,14.6333,0.060533,0.04,11.1704,0.020533,-0.636078,-0.771625,0
2319,14.65,0.062083,0.0376,11.1949,0.024483,-0.639439,-0.768842,0
2320,14.6667,0.059333,0.0392,11.215,0.020133,-0.642788,-0.766044,0
2321,14.6833,0.062083,0.0413,11.2358,0.020783,-0.646124,-0.763232,0
2322,14.7,0.062483,0.0383,11.26,0.024183,-0.649448,-0.760406,0
2323,14.7167,0.057083,0.0389,11.2782,0.018183,-0.65276,-0.757565,0
2324,14.7333,0.05825,0.0388,11.2976,0.01945,-0.656059,-0.75471,0
2325,14.75,0.059017,0.0396,11.317,0.019417,-0.659346,-0.75184,0
2326,14.7667,0.0631,0.0386,11.3415,0.0245,-0.66262,-0.748956,0
2327,14.7833,0.0604,0.0388,11.3631,0.0216,-0.665882,-0.746057,0
2328,14.8,0.060683,0.0407,11.3831,0.019983,-0.669131,-0.743145,0
2329,14.8167,0.060083,0.043,11.4002,0.017083,-0.672367,-0.740218,0
2330,14.8333,0.0583,0.0382,11.4203,0.0201,-0.67559,-0.737277,0
2331,14.85,0.057617,0.0401,11.4378,0.017517,-0.678801,-0.734323,0
2332,14.8667,0.0576,0.0387,11.4567,0.0189,-0.681998,-0.731354,0
2333,14.8833,0.0549,0.037,11.4746,0.0179,-0.685183,-0.728371,0
2334,14.9,0.065,0.0386,11.501,0.0264,-0.688355,-0.725374,0
2335,14.9167,0.0595,0.037,11.5235,0.0225,-0.691513,-0.722364,0
2336,14.9333,0.055433,0.0385,11.5404,0.016933,-0.694658,-0.71934,0
2337,14.95,0.053933,0.042,11.5523,0.011933,-0.69779,-0.716302,0
2338,14.9667,0.053967,0.0418,11.5645,0.012167,-0.700909,-0.71325,0
2339,14.9833,0.06005,0.0418,11.5828,0.01825,-0.704015,-0.710185,0
2340,15.0,0.05705,0.0362,11.6037,0.02085,-0.707107,-0.707107,0
2341,15.0167,0.055083,0.0397,11.6191,0.015383,-0.710185,-0.704015,0
2342,15.0333,0.056533,0.0404,11.6352,0.016133,-0.71325,-0.700909,0
2343,15.05,0.057467,0.0382,11.6545,0.019267,-0.716302,-0.69779,0
2344,15.0667,0.056233,0.0423,11.6684,0.013933,-0.71934,-0.694658,0
2345,15.0833,0.053617,0.0384,11.6836,0.015217,-0.722364,-0.691513,0
2346,15.1,0.054233,0.0399,11.6979,0.014333,-0.725374,-0.688355,0
2347,15.1167,0.05205,0.0403,11.7096,0.01175,-0.728371,-0.685183,0
2348,15.1333,0.053733,0.042,11.7213,0.011733,-0.731354,-0.681998,0
2349,15.15,0.054933,0.0387,11.7375,0.016233,-0.734323,-0.678801,0
2350,15.1667,0.054567,0.0378,11.7543,0.016767,-0.737277,-0.67559,0
2351,15.1833,0.050367,0.042,11.7627,0.008367,-0.740218,-0.672367,0
2352,15.2,0.054517,0.0402,11.777,0.014317,-0.743145,-0.669131,0
2353,15.2167,0.05325,0.0412,11.789,0.01205,-0.746057,-0.665882,0
2354,15.2333,0.054383,0.0375,11.8059,0.016883,-0.748956,-0.66262,0
2355,15.25,0.059,0.0406,11.8243,0.0184,-0.75184,-0.659346,0
2356,15.2667,0.052317,0.0426,11.834,0.009717,-0.75471,-0.656059,0
2357,15.2833,0.051383,0.0377,11.8477,0.013683,-0.757565,-0.65276,0
2358,15.3,0.048267,0.0964,11.7996,-0.048133,-0.760406,-0.649448,0
2359,15.3167,0.046817,0.0975,11.7489,-0.050683,-0.763232,-0.646124,0
2360,15.3333,0.052767,0.0938,11.7079,-0.041033,-0.766044,-0.642788,0
2361,15.35,0.0512,0.0992,11.6599,-0.048,-0.768842,-0.639439,0
2362,15.3667,0.0553,0.0986,11.6166,-0.0433,-0.771625,-0.636078,0
2363,15.3833,0.047417,0.097,11.567,-0.049583,-0.774393,-0.632705,0
2364,15.4,0.0495,0.0936,11.5229,-0.0441,-0.777146,-0.62932,0
2365,15.4167,0.0528,0.0998,11.4759,-0.047,-0.779884,-0.625923,0
2366,15.4333,0.04705,0.0967,11.4262,-0.04965,-0.782608,-0.622515,0
2367,15.45,0.0527,0.0991,11.3798,-0.0464,-0.785317,-0.619094,0
2368,15.4667,0.04465,0.0979,11.3265,-0.05325,-0.788011,-0.615661,0
2369,15.4833,0.049133,0.0958,11.2798,-0.046667,-0.79069,-0.612217,0
2370,15.5,0.04835,0.0988,11.2293,-0.05045,-0.793353,-0.608761,0
2371,15.5167,0.049033,0.0936,11.1847,-0.044567,-0.796002,-0.605294,0
2372,15.5333,0.045167,0.0943,11.1356,-0.049133,-0.798636,-0.601815,0
2373,15.55,0.045183,0.0965,11.0843,-0.051317,-0.801254,-0.598325,0
2374,15.5667,0.0435,0.0968,11.031,-0.0533,-0.803857,-0.594823,0
2375,15.5833,0.047417,0.0996,10.9788,-0.052183,-0.806445,-0.59131,0
2376,15.6,0.047683,0.0978,10.9287,-0.050117,-0.809017,-0.587785,0
2377,15.6167,0.043433,0.0961,10.876,-0.052667,-0.811574,-0.58425,0
2378,15.6333,0.049617,0.0976,10.828,-0.047983,-0.814116,-0.580703,0
2379,15.65,0.04845,0.0977,10.7788,-0.04925,-0.816642,-0.577145,0
2380,15.6667,0.044217,0.0999,10.7231,-0.055683,-0.819152,-0.573576,0
2381,15.6833,0.04795,0.097,10.674,-0.04905,-0.821647,-0.569997,0
2382,15.7,0.0428,0.0968,10.62,-0.054,-0.824126,-0.566406,0
2383,15.7167,0.045517,0.0958,10.5697,-0.050283,-0.82659,-0.562805,0
2384,15.7333,0.041967,0.0973,10.5144,-0.055333,-0.829038,-0.559193,0
2385,15.75,0.0449,0.0931,10.4662,-0.0482,-0.83147,-0.55557,0
2386,15.7667,0.04685,0.099,10.414,-0.05215,-0.833886,-0.551937,0
2387,15.7833,0.04155,0.0995,10.356,-0.05795,-0.836286,-0.548293,0
2388,15.8,0.042683,0.0963,10.3024,-0.053617,-0.838671,-0.544639,0
2389,15.8167,0.044217,0.0997,10.2469,-0.055483,-0.841039,-0.540974,0
2390,15.8333,0.042733,0.0987,10.1909,-0.055967,-0.843391,-0.5373,0
2391,15.85,0.043383,0.0964,10.1379,-0.053017,-0.845728,-0.533615,0
2392,15.8667,0.0449,0.0963,10.0865,-0.0514,-0.848048,-0.529919,0
2393,15.8833,0.039817,0.0982,10.0281,-0.058383,-0.850352,-0.526214,0
2394,15.9,0.0415,0.0964,9.9732,-0.0549,-0.85264,-0.522499,0
2395,15.9167,0.043133,0.0944,9.9219,-0.051267,-0.854912,-0.518773,0
2396,15.9333,0.04155,0.099,9.8645,-0.05745,-0.857167,-0.515038,0
2397,15.95,0.039033,0.0962,9.8073,-0.057167,-0.859406,-0.511293,0
2398,15.9667,0.043567,0.0972,9.7537,-0.053633,-0.861629,-0.507538,0
2399,15.9833,0.036017,0.0991,9.6906,-0.063083,-0.863836,-0.503774,0
2400,16.0,0.039917,0.0971,9.6334,-0.057183,-0.866025,-0.5,0
2401,16.0167,0.039617,0.0967,9.5763,-0.057083,-0.868199,-0.496217,0
2402,16.0333,0.037767,0.0999,9.5142,-0.062133,-0.870356,-0.492424,0
2403,16.05,0.037883,0.0971,9.455,-0.059217,-0.872496,-0.488621,0
2404,16.0667,0.043133,0.0977,9.4004,-0.054567,-0.87462,-0.48481,0
2405,16.0833,0.037217,0.101,9.3366,-0.063783,-0.876727,-0.480989,0
2406,16.1,0.035717,0.0994,9.2729,-0.063683,-0.878817,-0.477159,0
2407,16.1167,0.033,0.0974,9.2085,-0.0644,-0.880891,-0.47332,0
2408,16.1333,0.0365,0.0987,9.1463,-0.0622,-0.882948,-0.469472,0
2409,16.15,0.0367,0.0978,9.0852,-0.0611,-0.884988,-0.465615,0
2410,16.1667,0.0353,0.1006,9.0199,-0.0653,-0.887011,-0.461749,0
2411,16.1833,0.033217,0.0945,8.9586,-0.061283,-0.889017,-0.457874,0
2412,16.2,0.03255,0.0935,8.8977,-0.06095,-0.891007,-0.45399,0
2413,16.2167,0.0322,0.1001,8.8298,-0.0679,-0.892979,-0.450098,0
2414,16.2333,0.0341,0.0946,8.7693,-0.0605,-0.894934,-0.446198,0
2415,16.25,0.03665,0.0962,8.7097,-0.05955,-0.896873,-0.442289,0
2416,16.2667,0.037933,0.0986,8.649,-0.060667,-0.898794,-0.438371,0
2417,16.2833,0.038,0.0977,8.5893,-0.0597,-0.900698,-0.434445,0
2418,16.3,0.035217,0.0975,8.527,-0.062283,-0.902585,-0.430511,0
2419,16.3167,0.036233,0.0993,8.4639,-0.063067,-0.904455,-0.426569,0
2420,16.3333,0.032633,0.0956,8.4009,-0.062967,-0.906308,-0.422618,0
2421,16.35,0.033817,0.0971,8.3376,-0.063283,-0.908143,-0.41866,0
2422,16.3667,0.0298,0.0964,8.271,-0.0666,-0.909961,-0.414693,0
2423,16.3833,0.033583,0.0948,8.2098,-0.061217,-0.911762,-0.410719,0
2424,16.4,0.028633,0.0982,8.1402,-0.069567,-0.913545,-0.406737,0
2425,16.4167,0.032833,0.0977,8.0753,-0.064867,-0.915311,-0.402747,0
2426,16.4333,0.028783,0.0983,8.0058,-0.069517,-0.91706,-0.398749,0
2427,16.45,0.033767,0.0952,7.9444,-0.061433,-0.918791,-0.394744,0
2428,16.4667,0.035967,0.0984,7.882,-0.062433,-0.920505,-0.390731,0
2429,16.4833,0.032967,0.0997,7.8153,-0.066733,-0.922201,-0.386711,0
2430,16.5,0.029,0.0982,7.7461,-0.0692,-0.92388,-0.382683,0
2431,16.5167,0.028983,0.0968,7.6783,-0.067817,-0.925541,-0.378649,0
2432,16.5333,0.028117,0.096,7.6104,-0.067883,-0.927184,-0.374607,0
2433,16.55,0.030333,0.0971,7.5436,-0.066767,-0.92881,-0.370557,0
2434,16.5667,0.028683,0.0982,7.4741,-0.069517,-0.930418,-0.366501,0
2435,16.5833,0.032667,0.0988,7.408,-0.066133,-0.932008,-0.362438,0
2436,16.6,0.032967,0.0945,7.3465,-0.061533,-0.93358,-0.358368,0
2437,16.6167,0.02935,0.0961,7.2797,-0.06675,-0.935135,-0.354291,0
2438,16.6333,0.0284,0.095,7.2131,-0.0666,-0.936672,-0.350207,0
2439,16.65,0.033867,0.0972,7.1498,-0.063333,-0.938191,-0.346117,0
2440,16.6667,0.03045,0.0953,7.085,-0.06485,-0.939693,-0.34202,0
2441,16.6833,0.026033,0.04,7.071,-0.013967,-0.941176,-0.337917,0
2442,16.7,0.026183,0.0398,7.0574,-0.013617,-0.942641,-0.333807,0
2443,16.7167,0.027183,0.0393,7.0453,-0.012117,-0.944089,-0.329691,0
2444,16.7333,0.0288,0.0384,7.0357,-0.0096,-0.945519,-0.325568,0
2445,16.75,0.026917,0.038,7.0246,-0.011083,-0.94693,-0.321439,0
2446,16.7667,0.0238,0.039,7.0094,-0.0152,-0.948324,-0.317305,0
2447,16.7833,0.024417,0.0393,6.9945,-0.014883,-0.949699,-0.313164,0
2448,16.8,0.023733,0.0355,6.9827,-0.011767,-0.951057,-0.309017,0
2449,16.8167,0.023133,0.0417,6.9641,-0.018567,-0.952396,-0.304864,0
2450,16.8333,0.02485,0.039,6.95,-0.01415,-0.953717,-0.300706,0
2451,16.85,0.024633,0.0356,6.939,-0.010967,-0.95502,-0.296542,0
2452,16.8667,0.020367,0.0381,6.9213,-0.017733,-0.956305,-0.292372,0
2453,16.8833,0.023117,0.0421,6.9023,-0.018983,-0.957571,-0.288196,0
2454,16.9,0.023783,0.0391,6.887,-0.015317,-0.95882,-0.284015,0
2455,16.9167,0.02485,0.039,6.8728,-0.01415,-0.96005,-0.279829,0
2456,16.9333,0.022267,0.0355,6.8596,-0.013233,-0.961262,-0.275637,0
2457,16.95,0.02,0.0385,6.8411,-0.0185,-0.962455,-0.27144,0
2458,16.9667,0.02265,0.0393,6.8244,-0.01665,-0.96363,-0.267238,0
2459,16.9833,0.018867,0.0395,6.8038,-0.020633,-0.964787,-0.263031,0
2460,17.0,0.018783,0.0385,6.7841,-0.019717,-0.965926,-0.258819,0
2461,17.0167,0.023433,0.0393,6.7682,-0.015867,-0.967046,-0.254602,0
2462,17.0333,0.0141,0.042,6.7403,-0.0279,-0.968148,-0.25038,0
2463,17.05,0.017433,0.041,6.7167,-0.023567,-0.969231,-0.246153,0
2464,17.0667,0.016667,0.0349,6.6985,-0.018233,-0.970296,-0.241922,0
2465,17.0833,0.014633,0.0399,6.6732,-0.025267,-0.971342,-0.237686,0
2466,17.1,0.0169,0.0369,6.6532,-0.02,-0.97237,-0.233445,0
2467,17.1167,0.0221,0.0395,6.6358,-0.0174,-0.973379,-0.2292,0
2468,17.1333,0.020067,0.0399,6.616,-0.019833,-0.97437,-0.224951,0
2469,17.15,0.011983,0.0382,6.5898,-0.026217,-0.975342,-0.220697,0
2470,17.1667,0.0179,0.0367,6.571,-0.0188,-0.976296,-0.21644,0
2471,17.1833,0.018933,0.0386,6.5513,-0.019667,-0.977231,-0.212178,0
2472,17.2,0.014367,0.0416,6.5241,-0.027233,-0.978148,-0.207912,0
2473,17.2167,0.01655,0.0389,6.5017,-0.02235,-0.979045,-0.203642,0
2474,17.2333,0.01815,0.0389,6.4809,-0.02075,-0.979925,-0.199368,0
2475,17.25,0.019167,0.0372,6.4629,-0.018033,-0.980785,-0.19509,0
2476,17.2667,0.017767,0.0379,6.4428,-0.020133,-0.981627,-0.190809,0
2477,17.2833,0.01885,0.0417,6.42,-0.02285,-0.98245,-0.186524,0
2478,17.3,0.012483,0.0418,6.3907,-0.029317,-0.983255,-0.182236,0
2479,17.3167,0.014417,0.0397,6.3654,-0.025283,-0.984041,-0.177944,0
2480,17.3333,0.009467,0.0409,6.334,-0.031433,-0.984808,-0.173648,0
2481,17.35,0.011867,0.0395,6.3064,-0.027633,-0.985556,-0.16935,0
2482,17.3667,0.017383,0.0445,6.2793,-0.027117,-0.986286,-0.165048,0
2483,17.3833,0.010867,0.0384,6.2518,-0.027533,-0.986996,-0.160743,0
2484,17.4,0.014233,0.0394,6.2266,-0.025167,-0.987688,-0.156434,0
2485,17.4167,0.014983,0.04,6.2016,-0.025017,-0.988362,-0.152123,0
2486,17.4333,0.01015,0.0435,6.1683,-0.03335,-0.989016,-0.147809,0
2487,17.45,0.0097,0.0398,6.1382,-0.0301,-0.989651,-0.143493,0
2488,17.4667,0.009783,0.0365,6.1115,-0.026717,-0.990268,-0.139173,0
2489,17.4833,0.005733,0.0386,6.0786,-0.032867,-0.990866,-0.134851,0
2490,17.5,0.010667,0.0418,6.0475,-0.031133,-0.991445,-0.130526,0
2491,17.5167,0.004383,0.0375,6.0144,-0.033117,-0.992005,-0.126199,0
2492,17.5333,0.009833,0.0383,5.9859,-0.028467,-0.992546,-0.121869,0
2493,17.55,0.009617,0.0427,5.9528,-0.033083,-0.993068,-0.117537,0
2494,17.5667,0.008917,0.0385,5.9232,-0.029583,-0.993572,-0.113203,0
2495,17.5833,0.006383,0.0403,5.8893,-0.033917,-0.994056,-0.108867,0
2496,17.6,0.007733,0.0385,5.8585,-0.030767,-0.994522,-0.104528,0
2497,17.6167,0.007533,0.0368,5.8292,-0.029267,-0.994969,-0.100188,0
2498,17.6333,0.005467,0.0408,5.7939,-0.035333,-0.995396,-0.095846,0
2499,17.65,0.007583,0.0388,5.7627,-0.031217,-0.995805,-0.091502,0
