sim_minute,hour_of_day,solar_output_kw,consumption_kw,battery_level_kwh,net_flow_kw,time_sin,time_cos,is_deficit
0,0.0,0.0,0.0191,4.9809,-0.0191,0.0,1.0,0
1,0.0167,0.0,0.0204,4.9605,-0.0204,0.004363,0.99999,0
2,0.0333,0.0,0.0216,4.9389,-0.0216,0.008727,0.999962,0
3,0.05,0.0,0.0181,4.9208,-0.0181,0.01309,0.999914,0
4,0.0667,0.0,0.0193,4.9015,-0.0193,0.017452,0.999848,0
5,0.0833,0.0,0.0201,4.8814,-0.0201,0.021815,0.999762,0
6,0.1,0.0,0.0199,4.8615,-0.0199,0.026177,0.999657,0
7,0.1167,0.0,0.0205,4.841,-0.0205,0.030539,0.999534,0
8,0.1333,0.0,0.0244,4.8166,-0.0244,0.034899,0.999391,0
9,0.15,0.0,0.025,4.7916,-0.025,0.03926,0.999229,0
10,0.1667,0.0,0.017,4.7746,-0.017,0.043619,0.999048,0
11,0.1833,0.0,0.021,4.7536,-0.021,0.047978,0.998848,0
12,0.2,0.0,0.0214,4.7322,-0.0214,0.052336,0.99863,0
13,0.2167,0.0,0.018,4.7142,-0.018,0.056693,0.998392,0
14,0.2333,0.0,0.023,4.6912,-0.023,0.061049,0.998135,0
15,0.25,0.0,0.0221,4.6691,-0.0221,0.065403,0.997859,0
16,0.2667,0.0,0.0205,4.6486,-0.0205,0.069756,0.997564,0
17,0.2833,0.0,0.0233,4.6253,-0.0233,0.074108,0.99725,0
18,0.3,0.0,0.02,4.6053,-0.02,0.078459,0.996917,0
19,0.3167,0.0,0.0222,4.5831,-0.0222,0.082808,0.996566,0
20,0.3333,0.0,0.0233,4.5598,-0.0233,0.087156,0.996195,0
21,0.35,0.0,0.0174,4.5424,-0.0174,0.091502,0.995805,0
22,0.3667,0.0,0.0196,4.5228,-0.0196,0.095846,0.995396,0
23,0.3833,0.0,0.0194,4.5034,-0.0194,0.100188,0.994969,0
24,0.4,0.0,0.0222,4.4812,-0.0222,0.104528,0.994522,0
25,0.4167,0.0,0.021,4.4602,-0.021,0.108867,0.994056,0
26,0.4333,0.0,0.0226,4.4376,-0.0226,0.113203,0.993572,0
27,0.45,0.0,0.0189,4.4187,-0.0189,0.117537,0.993068,0
28,0.4667,0.0,0.0198,4.3989,-0.0198,0.121869,0.992546,0
29,0.4833,0.0,0.02,4.3789,-0.02,0.126199,0.992005,0
30,0.5,0.0,0.0179,4.361,-0.0179,0.130526,0.991445,0
31,0.5167,0.0,0.0176,4.3434,-0.0176,0.134851,0.990866,0
32,0.5333,0.0,0.0209,4.3225,-0.0209,0.139173,0.990268,0
33,0.55,0.0,0.0195,4.303,-0.0195,0.143493,0.989651,0
34,0.5667,0.0,0.0157,4.2873,-0.0157,0.147809,0.989016,0
35,0.5833,0.0,0.0209,4.2664,-0.0209,0.152123,0.988362,0
36,0.6,0.0,0.0244,4.242,-0.0244,0.156434,0.987688,0
37,0.6167,0.0,0.0197,4.2223,-0.0197,0.160743,0.986996,0
38,0.6333,0.0,0.0199,4.2024,-0.0199,0.165048,0.986286,0
39,0.65,0.0,0.0183,4.1841,-0.0183,0.16935,0.985556,0
40,0.6667,0.0,0.0217,4.1624,-0.0217,0.173648,0.984808,0
41,0.6833,0.0,0.0198,4.1426,-0.0198,0.177944,0.984041,0
42,0.7,0.0,0.0208,4.1218,-0.0208,0.182236,0.983255,0
43,0.7167,0.0,0.0221,4.0997,-0.0221,0.186524,0.98245,0
44,0.7333,0.0,0.0266,4.0731,-0.0266,0.190809,0.981627,0
45,0.75,0.0,0.021,4.0521,-0.021,0.19509,0.980785,0
46,0.7667,0.0,0.0224,4.0297,-0.0224,0.199368,0.979925,0
47,0.7833,0.0,0.0208,4.0089,-0.0208,0.203642,0.979045,0
48,0.8,0.0,0.0186,3.9903,-0.0186,0.207912,0.978148,0
49,0.8167,0.0,0.0229,3.9674,-0.0229,0.212178,0.977231,0
50,0.8333,0.0,0.0206,3.9468,-0.0206,0.21644,0.976296,0
51,0.85,0.0,0.0206,3.9262,-0.0206,0.220697,0.975342,0
52,0.8667,0.0,0.0223,3.9039,-0.0223,0.224951,0.97437,0
53,0.8833,0.0,0.0202,3.8837,-0.0202,0.2292,0.973379,0
54,0.9,0.0,0.0172,3.8665,-0.0172,0.233445,0.97237,0
55,0.9167,0.0,0.0207,3.8458,-0.0207,0.237686,0.971342,0
56,0.9333,0.0,0.0203,3.8255,-0.0203,0.241922,0.970296,0
57,0.95,0.0,0.022,3.8035,-0.022,0.246153,0.969231,0
58,0.9667,0.0,0.0207,3.7828,-0.0207,0.25038,0.968148,0
59,0.9833,0.0,0.0191,3.7637,-0.0191,0.254602,0.967046,0
60,1.0,0.0,0.0262,3.7375,-0.0262,0.258819,0.965926,0
61,1.0167,0.0,0.0198,3.7177,-0.0198,0.263031,0.964787,0
62,1.0333,0.0,0.0194,3.6983,-0.0194,0.267238,0.96363,0
63,1.05,0.0,0.0234,3.6749,-0.0234,0.27144,0.962455,0
64,1.0667,0.0,0.0214,3.6535,-0.0214,0.275637,0.961262,0
65,1.0833,0.0,0.0218,3.6317,-0.0218,0.279829,0.96005,0
66,1.1,0.0,0.0155,3.6162,-0.0155,0.284015,0.95882,0
67,1.1167,0.0,0.0166,3.5996,-0.0166,0.288196,0.957571,0
68,1.1333,0.0,0.0176,3.582,-0.0176,0.292372,0.956305,0
69,1.15,0.0,0.0207,3.5613,-0.0207,0.296542,0.95502,0
70,1.1667,0.0,0.0219,3.5394,-0.0219,0.300706,0.953717,0
71,1.1833,0.0,0.021,3.5184,-0.021,0.304864,0.952396,0
72,1.2,0.0,0.0238,3.4946,-0.0238,0.309017,0.951057,0
73,1.2167,0.0,0.0208,3.4738,-0.0208,0.313164,0.949699,0
74,1.2333,0.0,0.0206,3.4532,-0.0206,0.317305,0.948324,0
75,1.25,0.0,0.0209,3.4323,-0.0209,0.321439,0.94693,0
76,1.2667,0.0,0.0219,3.4104,-0.0219,0.325568,0.945519,0
77,1.2833,0.0,0.0221,3.3883,-0.0221,0.329691,0.944089,0
78,1.3,0.0,0.0194,3.3689,-0.0194,0.333807,0.942641,0
79,1.3167,0.0,0.0184,3.3505,-0.0184,0.337917,0.941176,0
80,1.3333,0.0,0.0212,3.3293,-0.0212,0.34202,0.939693,0
81,1.35,0.0,0.0237,3.3056,-0.0237,0.346117,0.938191,0
82,1.3667,0.0,0.02,3.2856,-0.02,0.350207,0.936672,0
83,1.3833,0.0,0.0213,3.2643,-0.0213,0.354291,0.935135,0
84,1.4,0.0,0.0201,3.2442,-0.0201,0.358368,0.93358,0
85,1.4167,0.0,0.0205,3.2237,-0.0205,0.362438,0.932008,0
86,1.4333,0.0,0.0192,3.2045,-0.0192,0.366501,0.930418,0
87,1.45,0.0,0.0224,3.1821,-0.0224,0.370557,0.92881,0
88,1.4667,0.0,0.0201,3.162,-0.0201,0.374607,0.927184,0
89,1.4833,0.0,0.0216,3.1404,-0.0216,0.378649,0.925541,0
90,1.5,0.0,0.0174,3.123,-0.0174,0.382683,0.92388,0
91,1.5167,0.0,0.0194,3.1036,-0.0194,0.386711,0.922201,0
92,1.5333,0.0,0.0217,3.0819,-0.0217,0.390731,0.920505,0
93,1.55,0.0,0.0241,3.0578,-0.0241,0.394744,0.918791,0
94,1.5667,0.0,0.0208,3.037,-0.0208,0.398749,0.91706,0
95,1.5833,0.0,0.0209,3.0161,-0.0209,0.402747,0.915311,0
96,1.6,0.0,0.0207,2.9954,-0.0207,0.406737,0.913545,0
97,1.6167,0.0,0.0204,2.975,-0.0204,0.410719,0.911762,0
98,1.6333,0.0,0.0167,2.9583,-0.0167,0.414693,0.909961,0
99,1.65,0.0,0.0212,2.9371,-0.0212,0.41866,0.908143,0
100,1.6667,0.0,0.0168,2.9203,-0.0168,0.422618,0.906308,0
101,1.6833,0.0,0.0214,2.8989,-0.0214,0.426569,0.904455,0
102,1.7,0.0,0.0209,2.878,-0.0209,0.430511,0.902585,0
103,1.7167,0.0,0.0216,2.8564,-0.0216,0.434445,0.900698,0
104,1.7333,0.0,0.0207,2.8357,-0.0207,0.438371,0.898794,0
105,1.75,0.0,0.0208,2.8149,-0.0208,0.442289,0.896873,0
106,1.7667,0.0,0.0192,2.7957,-0.0192,0.446198,0.894934,0
107,1.7833,0.0,0.021,2.7747,-0.021,0.450098,0.892979,0
108,1.8,0.0,0.0222,2.7525,-0.0222,0.45399,0.891007,0
109,1.8167,0.0,0.0234,2.7291,-0.0234,0.457874,0.889017,0
110,1.8333,0.0,0.0177,2.7114,-0.0177,0.461749,0.887011,0
111,1.85,0.0,0.0195,2.6919,-0.0195,0.465615,0.884988,0
112,1.8667,0.0,0.0163,2.6756,-0.0163,0.469472,0.882948,0
113,1.8833,0.0,0.0218,2.6538,-0.0218,0.47332,0.880891,0
114,1.9,0.0,0.0251,2.6287,-0.0251,0.477159,0.878817,0
115,1.9167,0.0,0.0237,2.605,-0.0237,0.480989,0.876727,0
116,1.9333,0.0,0.0215,2.5835,-0.0215,0.48481,0.87462,0
117,1.95,0.0,0.0197,2.5638,-0.0197,0.488621,0.872496,0
118,1.9667,0.0,0.0161,2.5477,-0.0161,0.492424,0.870356,0
119,1.9833,0.0,0.019,2.5287,-0.019,0.496217,0.868199,0
120,2.0,0.0,0.0191,2.5096,-0.0191,0.5,0.866025,0
121,2.0167,0.0,0.0253,2.4843,-0.0253,0.503774,0.863836,0
122,2.0333,0.0,0.0206,2.4637,-0.0206,0.507538,0.861629,0
123,2.05,0.0,0.0232,2.4405,-0.0232,0.511293,0.859406,0
124,2.0667,0.0,0.0211,2.4194,-0.0211,0.515038,0.857167,0
125,2.0833,0.0,0.0198,2.3996,-0.0198,0.518773,0.854912,0
126,2.1,0.0,0.0198,2.3798,-0.0198,0.522499,0.85264,0
127,2.1167,0.0,0.0164,2.3634,-0.0164,0.526214,0.850352,0
128,2.1333,0.0,0.0281,2.3353,-0.0281,0.529919,0.848048,0
129,2.15,0.0,0.0212,2.3141,-0.0212,0.533615,0.845728,0
130,2.1667,0.0,0.0197,2.2944,-0.0197,0.5373,0.843391,0
131,2.1833,0.0,0.0228,2.2716,-0.0228,0.540974,0.841039,0
132,2.2,0.0,0.0181,2.2535,-0.0181,0.544639,0.838671,0
133,2.2167,0.0,0.0192,2.2343,-0.0192,0.548293,0.836286,0
134,2.2333,0.0,0.0195,2.2148,-0.0195,0.551937,0.833886,0
135,2.25,0.0,0.0198,2.195,-0.0198,0.55557,0.83147,0
136,2.2667,0.0,0.0187,2.1763,-0.0187,0.559193,0.829038,0
137,2.2833,0.0,0.0221,2.1542,-0.0221,0.562805,0.82659,0
138,2.3,0.0,0.0201,2.1341,-0.0201,0.566406,0.824126,0
139,2.3167,0.0,0.0213,2.1128,-0.0213,0.569997,0.821647,0
140,2.3333,0.0,0.0177,2.0951,-0.0177,0.573576,0.819152,0
141,2.35,0.0,0.0212,2.0739,-0.0212,0.577145,0.816642,0
142,2.3667,0.0,0.0228,2.0511,-0.0228,0.580703,0.814116,0
143,2.3833,0.0,0.0177,2.0334,-0.0177,0.58425,0.811574,0
144,2.4,0.0,0.0212,2.0122,-0.0212,0.587785,0.809017,0
145,2.4167,0.0,0.0173,1.9949,-0.0173,0.59131,0.806445,0
146,2.4333,0.0,0.0187,1.9762,-0.0187,0.594823,0.803857,0
147,2.45,0.0,0.0191,1.9571,-0.0191,0.598325,0.801254,0
148,2.4667,0.0,0.0224,1.9347,-0.0224,0.601815,0.798636,0
149,2.4833,0.0,0.0219,1.9128,-0.0219,0.605294,0.796002,0
150,2.5,0.0,0.0202,1.8926,-0.0202,0.608761,0.793353,0
151,2.5167,0.0,0.018,1.8746,-0.018,0.612217,0.79069,0
152,2.5333,0.0,0.0206,1.854,-0.0206,0.615661,0.788011,0
153,2.55,0.0,0.018,1.836,-0.018,0.619094,0.785317,0
154,2.5667,0.0,0.0217,1.8143,-0.0217,0.622515,0.782608,0
155,2.5833,0.0,0.0224,1.7919,-0.0224,0.625923,0.779884,0
156,2.6,0.0,0.0206,1.7713,-0.0206,0.62932,0.777146,0
157,2.6167,0.0,0.0213,1.75,-0.0213,0.632705,0.774393,0
158,2.6333,0.0,0.0205,1.7295,-0.0205,0.636078,0.771625,0
159,2.65,0.0,0.023,1.7065,-0.023,0.639439,0.768842,0
160,2.6667,0.0,0.0178,1.6887,-0.0178,0.642788,0.766044,0
161,2.6833,0.0,0.0209,1.6678,-0.0209,0.646124,0.763232,0
162,2.7,0.0,0.0232,1.6446,-0.0232,0.649448,0.760406,0
163,2.7167,0.0,0.0213,1.6233,-0.0213,0.65276,0.757565,0
164,2.7333,0.0,0.0178,1.6055,-0.0178,0.656059,0.75471,0
165,2.75,0.0,0.0209,1.5846,-0.0209,0.659346,0.75184,0
166,2.7667,0.0,0.019,1.5656,-0.019,0.66262,0.748956,0
167,2.7833,0.0,0.0186,1.547,-0.0186,0.665882,0.746057,0
168,2.8,0.0,0.0219,1.5251,-0.0219,0.669131,0.743145,0
169,2.8167,0.0,0.0192,1.5059,-0.0192,0.672367,0.740218,0
170,2.8333,0.0,0.0227,1.4832,-0.0227,0.67559,0.737277,0
171,2.85,0.0,0.0236,1.4596,-0.0236,0.678801,0.734323,0
172,2.8667,0.0,0.0155,1.4441,-0.0155,0.681998,0.731354,0
173,2.8833,0.0,0.0224,1.4217,-0.0224,0.685183,0.728371,0
174,2.9,0.0,0.0197,1.402,-0.0197,0.688355,0.725374,0
175,2.9167,0.0,0.0186,1.3834,-0.0186,0.691513,0.722364,0
176,2.9333,0.0,0.0216,1.3618,-0.0216,0.694658,0.71934,0
177,2.95,0.0,0.0221,1.3397,-0.0221,0.69779,0.716302,0
178,2.9667,0.0,0.0198,1.3199,-0.0198,0.700909,0.71325,0
179,2.9833,0.0,0.0228,1.2971,-0.0228,0.704015,0.710185,0
180,3.0,0.0,0.0236,1.2735,-0.0236,0.707107,0.707107,0
181,3.0167,0.0,0.0205,1.253,-0.0205,0.710185,0.704015,0
182,3.0333,0.0,0.0255,1.2275,-0.0255,0.71325,0.700909,0
183,3.05,0.0,0.0216,1.2059,-0.0216,0.716302,0.69779,0
184,3.0667,0.0,0.0157,1.1902,-0.0157,0.71934,0.694658,0
185,3.0833,0.0,0.0174,1.1728,-0.0174,0.722364,0.691513,0
186,3.1,0.0,0.0205,1.1523,-0.0205,0.725374,0.688355,0
187,3.1167,0.0,0.0201,1.1322,-0.0201,0.728371,0.685183,0
188,3.1333,0.0,0.0231,1.1091,-0.0231,0.731354,0.681998,0
189,3.15,0.0,0.0202,1.0889,-0.0202,0.734323,0.678801,0
190,3.1667,0.0,0.0191,1.0698,-0.0191,0.737277,0.67559,0
191,3.1833,0.0,0.0212,1.0486,-0.0212,0.740218,0.672367,0
192,3.2,0.0,0.019,1.0296,-0.019,0.743145,0.669131,0
193,3.2167,0.0,0.0192,1.0104,-0.0192,0.746057,0.665882,0
194,3.2333,0.0,0.0199,0.9905,-0.0199,0.748956,0.66262,0
195,3.25,0.0,0.0181,0.9724,-0.0181,0.75184,0.659346,0
196,3.2667,0.0,0.0224,0.95,-0.0224,0.75471,0.656059,0
197,3.2833,0.0,0.0204,0.9296,-0.0204,0.757565,0.65276,0
198,3.3,0.0,0.019,0.9106,-0.019,0.760406,0.649448,0
199,3.3167,0.0,0.0202,0.8904,-0.0202,0.763232,0.646124,0
200,3.3333,0.0,0.0208,0.8696,-0.0208,0.766044,0.642788,0
201,3.35,0.0,0.0192,0.8504,-0.0192,0.768842,0.639439,0
202,3.3667,0.0,0.0235,0.8269,-0.0235,0.771625,0.636078,0
203,3.3833,0.0,0.0202,0.8067,-0.0202,0.774393,0.632705,0
204,3.4,0.0,0.0222,0.7845,-0.0222,0.777146,0.62932,0
205,3.4167,0.0,0.0203,0.7642,-0.0203,0.779884,0.625923,0
206,3.4333,0.0,0.0222,0.742,-0.0222,0.782608,0.622515,0
207,3.45,0.0,0.0202,0.7218,-0.0202,0.785317,0.619094,0
208,3.4667,0.0,0.0211,0.7007,-0.0211,0.788011,0.615661,0
209,3.4833,0.0,0.0218,0.6789,-0.0218,0.79069,0.612217,0
210,3.5,0.0,0.0205,0.6584,-0.0205,0.793353,0.608761,0
211,3.5167,0.0,0.0202,0.6382,-0.0202,0.796002,0.605294,0
212,3.5333,0.0,0.0194,0.6188,-0.0194,0.798636,0.601815,0
213,3.55,0.0,0.0204,0.5984,-0.0204,0.801254,0.598325,0
214,3.5667,0.0,0.0214,0.577,-0.0214,0.803857,0.594823,0
215,3.5833,0.0,0.0182,0.5588,-0.0182,0.806445,0.59131,0
216,3.6,0.0,0.023,0.5358,-0.023,0.809017,0.587785,0
217,3.6167,0.0,0.0203,0.5155,-0.0203,0.811574,0.58425,0
218,3.6333,0.0,0.0216,0.4939,-0.0216,0.814116,0.580703,0
219,3.65,0.0,0.0206,0.4733,-0.0206,0.816642,0.577145,0
220,3.6667,0.0,0.0238,0.4495,-0.0238,0.819152,0.573576,0
221,3.6833,0.0,0.0212,0.4283,-0.0212,0.821647,0.569997,0
222,3.7,0.0,0.0217,0.4066,-0.0217,0.824126,0.566406,0
223,3.7167,0.0,0.019,0.3876,-0.019,0.82659,0.562805,0
224,3.7333,0.0,0.0181,0.3695,-0.0181,0.829038,0.559193,0
225,3.75,0.0,0.0163,0.3532,-0.0163,0.83147,0.55557,0
226,3.7667,0.0,0.0206,0.3326,-0.0206,0.833886,0.551937,0
227,3.7833,0.0,0.0244,0.3082,-0.0244,0.836286,0.548293,0
228,3.8,0.0,0.018,0.2902,-0.018,0.838671,0.544639,0
229,3.8167,0.0,0.0225,0.2677,-0.0225,0.841039,0.540974,0
230,3.8333,0.0,0.02,0.2477,-0.02,0.843391,0.5373,0
231,3.85,0.0,0.0206,0.2271,-0.0206,0.845728,0.533615,0
232,3.8667,0.0,0.0174,0.2097,-0.0174,0.848048,0.529919,0
233,3.8833,0.0,0.021,0.1887,-0.021,0.850352,0.526214,0
234,3.9,0.0,0.0176,0.1711,-0.0176,0.85264,0.522499,0
235,3.9167,0.0,0.0179,0.1532,-0.0179,0.854912,0.518773,0
236,3.9333,0.0,0.0194,0.1338,-0.0194,0.857167,0.515038,0
237,3.95,0.0,0.0239,0.1099,-0.0239,0.859406,0.511293,0
238,3.9667,0.0,0.0208,0.0891,-0.0208,0.861629,0.507538,0
239,3.9833,0.0,0.0179,0.0712,-0.0179,0.863836,0.503774,0
240,4.0,0.0,0.0211,0.0501,-0.0211,0.866025,0.5,0
241,4.0167,0.0,0.0195,0.0306,-0.0195,0.868199,0.496217,0
242,4.0333,0.0,0.0228,0.0078,-0.0228,0.870356,0.492424,0
243,4.05,0.0,0.0199,0.0,-0.0199,0.872496,0.488621,1
244,4.0667,0.0,0.0188,0.0,-0.0188,0.87462,0.48481,1
245,4.0833,0.0,0.0186,0.0,-0.0186,0.876727,0.480989,1
246,4.1,0.0,0.0176,0.0,-0.0176,0.878817,0.477159,1
247,4.1167,0.0,0.0202,0.0,-0.0202,0.880891,0.47332,1
248,4.1333,0.0,0.0199,0.0,-0.0199,0.882948,0.469472,1
249,4.15,0.0,0.0201,0.0,-0.0201,0.884988,0.465615,1
250,4.1667,0.0,0.0221,0.0,-0.0221,0.887011,0.461749,1
251,4.1833,0.0,0.021,0.0,-0.021,0.889017,0.457874,1
252,4.2,0.0,0.0253,0.0,-0.0253,0.891007,0.45399,1
253,4.2167,0.0,0.02,0.0,-0.02,0.892979,0.450098,1
254,4.2333,0.0,0.0219,0.0,-0.0219,0.894934,0.446198,1
255,4.25,0.0,0.0209,0.0,-0.0209,0.896873,0.442289,1
256,4.2667,0.0,0.0237,0.0,-0.0237,0.898794,0.438371,1
257,4.2833,0.0,0.0206,0.0,-0.0206,0.900698,0.434445,1
258,4.3,0.0,0.022,0.0,-0.022,0.902585,0.430511,1
259,4.3167,0.0,0.0172,0.0,-0.0172,0.904455,0.426569,1
260,4.3333,0.0,0.0241,0.0,-0.0241,0.906308,0.422618,1
261,4.35,0.0,0.0206,0.0,-0.0206,0.908143,0.41866,1
262,4.3667,0.0,0.0189,0.0,-0.0189,0.909961,0.414693,1
263,4.3833,0.0,0.0205,0.0,-0.0205,0.911762,0.410719,1
264,4.4,0.0,0.021,0.0,-0.021,0.913545,0.406737,1
265,4.4167,0.0,0.0207,0.0,-0.0207,0.915311,0.402747,1
266,4.4333,0.0,0.0208,0.0,-0.0208,0.91706,0.398749,1
267,4.45,0.0,0.0204,0.0,-0.0204,0.918791,0.394744,1
268,4.4667,0.0,0.021,0.0,-0.021,0.920505,0.390731,1
269,4.4833,0.0,0.0184,0.0,-0.0184,0.922201,0.386711,1
270,4.5,0.0,0.0224,0.0,-0.0224,0.92388,0.382683,1
271,4.5167,0.0,0.0225,0.0,-0.0225,0.925541,0.378649,1
272,4.5333,0.0,0.0207,0.0,-0.0207,0.927184,0.374607,1
273,4.55,0.0,0.0185,0.0,-0.0185,0.92881,0.370557,1
274,4.5667,0.0,0.0223,0.0,-0.0223,0.930418,0.366501,1
275,4.5833,0.0,0.0216,0.0,-0.0216,0.932008,0.362438,1
276,4.6,0.0,0.0206,0.0,-0.0206,0.93358,0.358368,1
277,4.6167,0.0,0.0197,0.0,-0.0197,0.935135,0.354291,1
278,4.6333,0.0,0.0203,0.0,-0.0203,0.936672,0.350207,1
279,4.65,0.0,0.0202,0.0,-0.0202,0.938191,0.346117,1
280,4.6667,0.0,0.0191,0.0,-0.0191,0.939693,0.34202,1
281,4.6833,0.0,0.0181,0.0,-0.0181,0.941176,0.337917,1
282,4.7,0.0,0.0218,0.0,-0.0218,0.942641,0.333807,1
283,4.7167,0.0,0.0211,0.0,-0.0211,0.944089,0.329691,1
284,4.7333,0.0,0.0158,0.0,-0.0158,0.945519,0.325568,1
285,4.75,0.0,0.0175,0.0,-0.0175,0.94693,0.321439,1
286,4.7667,0.0,0.0211,0.0,-0.0211,0.948324,0.317305,1
287,4.7833,0.0,0.0172,0.0,-0.0172,0.949699,0.313164,1
288,4.8,0.0,0.0171,0.0,-0.0171,0.951057,0.309017,1
289,4.8167,0.0,0.0224,0.0,-0.0224,0.952396,0.304864,1
290,4.8333,0.0,0.0217,0.0,-0.0217,0.953717,0.300706,1
291,4.85,0.0,0.0215,0.0,-0.0215,0.95502,0.296542,1
292,4.8667,0.0,0.0213,0.0,-0.0213,0.956305,0.292372,1
293,4.8833,0.0,0.0253,0.0,-0.0253,0.957571,0.288196,1
294,4.9,0.0,0.0204,0.0,-0.0204,0.95882,0.284015,1
295,4.9167,0.0,0.0206,0.0,-0.0206,0.96005,0.279829,1
296,4.9333,0.0,0.0166,0.0,-0.0166,0.961262,0.275637,1
297,4.95,0.0,0.0194,0.0,-0.0194,0.962455,0.27144,1
298,4.9667,0.0,0.0181,0.0,-0.0181,0.96363,0.267238,1
299,4.9833,0.0,0.0165,0.0,-0.0165,0.964787,0.263031,1
300,5.0,0.0,0.0179,0.0,-0.0179,0.965926,0.258819,1
301,5.0167,0.0,0.016,0.0,-0.016,0.967046,0.254602,1
302,5.0333,0.0,0.0195,0.0,-0.0195,0.968148,0.25038,1
303,5.05,0.0,0.0195,0.0,-0.0195,0.969231,0.246153,1
304,5.0667,0.0,0.0246,0.0,-0.0246,0.970296,0.241922,1
305,5.0833,0.0,0.0183,0.0,-0.0183,0.971342,0.237686,1
306,5.1,0.0,0.0198,0.0,-0.0198,0.97237,0.233445,1
307,5.1167,0.0,0.0214,0.0,-0.0214,0.973379,0.2292,1
308,5.1333,0.0,0.0216,0.0,-0.0216,0.97437,0.224951,1
309,5.15,0.0,0.0184,0.0,-0.0184,0.975342,0.220697,1
310,5.1667,0.0,0.0249,0.0,-0.0249,0.976296,0.21644,1
311,5.1833,0.0,0.0214,0.0,-0.0214,0.977231,0.212178,1
312,5.2,0.0,0.0219,0.0,-0.0219,0.978148,0.207912,1
313,5.2167,0.0,0.0208,0.0,-0.0208,0.979045,0.203642,1
314,5.2333,0.0,0.0186,0.0,-0.0186,0.979925,0.199368,1
315,5.25,0.0,0.0182,0.0,-0.0182,0.980785,0.19509,1
316,5.2667,0.0,0.02,0.0,-0.02,0.981627,0.190809,1
317,5.2833,0.0,0.0181,0.0,-0.0181,0.98245,0.186524,1
318,5.3,0.0,0.0182,0.0,-0.0182,0.983255,0.182236,1
319,5.3167,0.0,0.0218,0.0,-0.0218,0.984041,0.177944,1
320,5.3333,0.0,0.0226,0.0,-0.0226,0.984808,0.173648,1
321,5.35,0.0,0.0205,0.0,-0.0205,0.985556,0.16935,1
322,5.3667,0.0,0.0198,0.0,-0.0198,0.986286,0.165048,1
323,5.3833,0.0,0.0223,0.0,-0.0223,0.986996,0.160743,1
324,5.4,0.0,0.0216,0.0,-0.0216,0.987688,0.156434,1
325,5.4167,0.0,0.0197,0.0,-0.0197,0.988362,0.152123,1
326,5.4333,0.0,0.0212,0.0,-0.0212,0.989016,0.147809,1
327,5.45,0.0,0.0188,0.0,-0.0188,0.989651,0.143493,1
328,5.4667,0.0,0.0219,0.0,-0.0219,0.990268,0.139173,1
329,5.4833,0.0,0.0222,0.0,-0.0222,0.990866,0.134851,1
330,5.5,0.0,0.0167,0.0,-0.0167,0.991445,0.130526,1
331,5.5167,0.0,0.0198,0.0,-0.0198,0.992005,0.126199,1
332,5.5333,0.0,0.0249,0.0,-0.0249,0.992546,0.121869,1
333,5.55,0.0,0.0205,0.0,-0.0205,0.993068,0.117537,1
334,5.5667,0.0,0.0219,0.0,-0.0219,0.993572,0.113203,1
335,5.5833,0.0,0.0244,0.0,-0.0244,0.994056,0.108867,1
336,5.6,0.0,0.0232,0.0,-0.0232,0.994522,0.104528,1
337,5.6167,0.0,0.0186,0.0,-0.0186,0.994969,0.100188,1
338,5.6333,0.0,0.0248,0.0,-0.0248,0.995396,0.095846,1
339,5.65,0.0,0.0216,0.0,-0.0216,0.995805,0.091502,1
340,5.6667,0.0,0.0217,0.0,-0.0217,0.996195,0.087156,1
341,5.6833,0.0,0.0173,0.0,-0.0173,0.996566,0.082808,1
342,5.7,0.0,0.0185,0.0,-0.0185,0.996917,0.078459,1
343,5.7167,0.0,0.0178,0.0,-0.0178,0.99725,0.074108,1
344,5.7333,0.0,0.0263,0.0,-0.0263,0.997564,0.069756,1
345,5.75,0.0,0.0191,0.0,-0.0191,0.997859,0.065403,1
346,5.7667,0.0,0.0196,0.0,-0.0196,0.998135,0.061049,1
347,5.7833,0.0,0.02,0.0,-0.02,0.998392,0.056693,1
348,5.8,0.0,0.019,0.0,-0.019,0.99863,0.052336,1
349,5.8167,0.0,0.0214,0.0,-0.0214,0.998848,0.047978,1
350,5.8333,0.0,0.0176,0.0,-0.0176,0.999048,0.043619,1
351,5.85,0.0,0.0209,0.0,-0.0209,0.999229,0.03926,1
352,5.8667,0.0,0.0185,0.0,-0.0185,0.999391,0.034899,1
353,5.8833,0.0,0.0212,0.0,-0.0212,0.999534,0.030539,1
354,5.9,0.0,0.0167,0.0,-0.0167,0.999657,0.026177,1
355,5.9167,0.0,0.0205,0.0,-0.0205,0.999762,0.021815,1
356,5.9333,0.0,0.0208,0.0,-0.0208,0.999848,0.017452,1
357,5.95,0.0,0.02,0.0,-0.02,0.999914,0.01309,1
358,5.9667,0.0,0.0228,0.0,-0.0228,0.999962,0.008727,1
359,5.9833,0.0,0.0234,0.0,-0.0234,0.99999,0.004363,1
360,6.0,0.0001,0.0345,0.0,-0.0344,1.0,0.0,1
361,6.0167,0.0,0.0344,0.0,-0.0344,0.99999,-0.004363,1
362,6.0333,0.000633,0.0354,0.0,-0.034767,0.999962,-0.008727,1
363,6.05,0.00095,0.0404,0.0,-0.03945,0.999914,-0.01309,1
364,6.0667,0.002283,0.0365,0.0,-0.034217,0.999848,-0.017452,1
365,6.0833,0.002167,0.0359,0.0,-0.033733,0.999762,-0.021815,1
366,6.1,0.00305,0.0405,0.0,-0.03745,0.999657,-0.026177,1
367,6.1167,0.003,0.0392,0.0,-0.0362,0.999534,-0.030539,1
368,6.1333,0.0084,0.0381,0.0,-0.0297,0.999391,-0.034899,1
369,6.15,0.00545,0.0352,0.0,-0.02975,0.999229,-0.03926,1
370,6.1667,0.00915,0.0396,0.0,-0.03045,0.999048,-0.043619,1
371,6.1833,0.012833,0.0386,0.0,-0.025767,0.998848,-0.047978,1
372,6.2,0.008617,0.0355,0.0,-0.026883,0.99863,-0.052336,1
373,6.2167,0.0086,0.0396,0.0,-0.031,0.998392,-0.056693,1
374,6.2333,0.014267,0.0357,0.0,-0.021433,0.998135,-0.061049,1
375,6.25,0.011717,0.0362,0.0,-0.024483,0.997859,-0.065403,1
376,6.2667,0.010933,0.0398,0.0,-0.028867,0.997564,-0.069756,1
377,6.2833,0.017517,0.0399,0.0,-0.022383,0.99725,-0.074108,1
378,6.3,0.018083,0.0399,0.0,-0.021817,0.996917,-0.078459,1
379,6.3167,0.0194,0.041,0.0,-0.0216,0.996566,-0.082808,1
380,6.3333,0.0201,0.0377,0.0,-0.0176,0.996195,-0.087156,1
381,6.35,0.02275,0.0383,0.0,-0.01555,0.995805,-0.091502,1
382,6.3667,0.021033,0.037,0.0,-0.015967,0.995396,-0.095846,1
383,6.3833,0.01945,0.0375,0.0,-0.01805,0.994969,-0.100188,1
384,6.4,0.021667,0.0391,0.0,-0.017433,0.994522,-0.104528,1
385,6.4167,0.0219,0.0371,0.0,-0.0152,0.994056,-0.108867,1
386,6.4333,0.02475,0.0402,0.0,-0.01545,0.993572,-0.113203,1
387,6.45,0.022333,0.0388,0.0,-0.016467,0.993068,-0.117537,1
388,6.4667,0.026683,0.0345,0.0,-0.007817,0.992546,-0.121869,1
389,6.4833,0.02655,0.0387,0.0,-0.01215,0.992005,-0.126199,1
390,6.5,0.0286,0.0354,0.0,-0.0068,0.991445,-0.130526,1
391,6.5167,0.028867,0.0406,0.0,-0.011733,0.990866,-0.134851,1
392,6.5333,0.02845,0.0351,0.0,-0.00665,0.990268,-0.139173,1
393,6.55,0.02995,0.0367,0.0,-0.00675,0.989651,-0.143493,1
394,6.5667,0.032267,0.0387,0.0,-0.006433,0.989016,-0.147809,1
395,6.5833,0.032017,0.0378,0.0,-0.005783,0.988362,-0.152123,1
396,6.6,0.036533,0.0347,0.0018,0.001833,0.987688,-0.156434,0
397,6.6167,0.029617,0.0366,0.0,-0.006983,0.986996,-0.160743,1
398,6.6333,0.033283,0.0348,0.0,-0.001517,0.986286,-0.165048,1
399,6.65,0.03685,0.0325,0.0043,0.00435,0.985556,-0.16935,0
400,6.6667,0.035033,0.038,0.0013,-0.002967,0.984808,-0.173648,0
401,6.6833,0.038167,0.0337,0.0058,0.004467,0.984041,-0.177944,0
402,6.7,0.035317,0.042,0.0,-0.006683,0.983255,-0.182236,1
403,6.7167,0.036867,0.0375,0.0,-0.000633,0.98245,-0.186524,1
404,6.7333,0.03945,0.0393,0.0001,0.00015,0.981627,-0.190809,0
405,6.75,0.035767,0.036,0.0,-0.000233,0.980785,-0.19509,1
406,6.7667,0.047,0.0381,0.0089,0.0089,0.979925,-0.199368,0
407,6.7833,0.040417,0.0378,0.0115,0.002617,0.979045,-0.203642,0
408,6.8,0.0434,0.0373,0.0176,0.0061,0.978148,-0.207912,0
409,6.8167,0.044867,0.0386,0.0239,0.006267,0.977231,-0.212178,0
410,6.8333,0.044317,0.0408,0.0274,0.003517,0.976296,-0.21644,0
411,6.85,0.04175,0.0374,0.0318,0.00435,0.975342,-0.220697,0
412,6.8667,0.044283,0.0372,0.0389,0.007083,0.97437,-0.224951,0
413,6.8833,0.04515,0.036,0.0481,0.00915,0.973379,-0.2292,0
414,6.9,0.046467,0.036,0.0586,0.010467,0.97237,-0.233445,0
415,6.9167,0.047383,0.0376,0.0684,0.009783,0.971342,-0.237686,0
416,6.9333,0.047717,0.0388,0.0773,0.008917,0.970296,-0.241922,0
417,6.95,0.04585,0.0394,0.0837,0.00645,0.969231,-0.246153,0
418,6.9667,0.048917,0.0368,0.0958,0.012117,0.968148,-0.25038,0
419,6.9833,0.05305,0.0381,0.1107,0.01495,0.967046,-0.254602,0
420,7.0,0.0504,0.0665,0.0946,-0.0161,0.965926,-0.258819,0
421,7.0167,0.05455,0.069,0.0801,-0.01445,0.964787,-0.263031,0
422,7.0333,0.053333,0.0681,0.0653,-0.014767,0.96363,-0.267238,0
423,7.05,0.0501,0.0677,0.0477,-0.0176,0.962455,-0.27144,0
424,7.0667,0.057567,0.0701,0.0352,-0.012533,0.961262,-0.275637,0
425,7.0833,0.055983,0.0663,0.0249,-0.010317,0.96005,-0.279829,0
426,7.1,0.062217,0.0676,0.0195,-0.005383,0.95882,-0.284015,0
427,7.1167,0.053017,0.0659,0.0066,-0.012883,0.957571,-0.288196,0
428,7.1333,0.05695,0.0651,0.0,-0.00815,0.956305,-0.292372,1
429,7.15,0.0592,0.0671,0.0,-0.0079,0.95502,-0.296542,1
430,7.1667,0.059767,0.0691,0.0,-0.009333,0.953717,-0.300706,1
431,7.1833,0.06235,0.0694,0.0,-0.00705,0.952396,-0.304864,1
432,7.2,0.062933,0.0693,0.0,-0.006367,0.951057,-0.309017,1
433,7.2167,0.061983,0.0701,0.0,-0.008117,0.949699,-0.313164,1
434,7.2333,0.06495,0.0683,0.0,-0.00335,0.948324,-0.317305,1
435,7.25,0.064033,0.0735,0.0,-0.009467,0.94693,-0.321439,1
436,7.2667,0.0659,0.0683,0.0,-0.0024,0.945519,-0.325568,1
437,7.2833,0.0645,0.0701,0.0,-0.0056,0.944089,-0.329691,1
438,7.3,0.071333,0.0703,0.001,0.001033,0.942641,-0.333807,0
439,7.3167,0.066217,0.0657,0.0015,0.000517,0.941176,-0.337917,0
440,7.3333,0.068067,0.0711,0.0,-0.003033,0.939693,-0.34202,1
441,7.35,0.068517,0.0665,0.002,0.002017,0.938191,-0.346117,0
442,7.3667,0.067667,0.07,0.0,-0.002333,0.936672,-0.350207,1
443,7.3833,0.069733,0.0682,0.0015,0.001533,0.935135,-0.354291,0
444,7.4,0.070883,0.0639,0.0085,0.006983,0.93358,-0.358368,0
445,7.4167,0.07245,0.0649,0.016,0.00755,0.932008,-0.362438,0
446,7.4333,0.07335,0.069,0.0203,0.00435,0.930418,-0.366501,0
447,7.45,0.07235,0.0695,0.0231,0.00285,0.92881,-0.370557,0
448,7.4667,0.081867,0.0674,0.0376,0.014467,0.927184,-0.374607,0
449,7.4833,0.07645,0.0659,0.0482,0.01055,0.925541,-0.378649,0
450,7.5,0.080517,0.0663,0.0624,0.014217,0.92388,-0.382683,0
451,7.5167,0.075717,0.0672,0.0709,0.008517,0.922201,-0.386711,0
452,7.5333,0.0788,0.0641,0.0856,0.0147,0.920505,-0.390731,0
453,7.55,0.076133,0.0704,0.0913,0.005733,0.918791,-0.394744,0
454,7.5667,0.07995,0.0697,0.1016,0.01025,0.91706,-0.398749,0
455,7.5833,0.079867,0.0674,0.1141,0.012467,0.915311,-0.402747,0
456,7.6,0.085283,0.0675,0.1319,0.017783,0.913545,-0.406737,0
457,7.6167,0.082483,0.0703,0.1441,0.012183,0.911762,-0.410719,0
458,7.6333,0.08245,0.0651,0.1614,0.01735,0.909961,-0.414693,0
459,7.65,0.0858,0.0686,0.1786,0.0172,0.908143,-0.41866,0
460,7.6667,0.086483,0.068,0.1971,0.018483,0.906308,-0.422618,0
461,7.6833,0.085483,0.0695,0.2131,0.015983,0.904455,-0.426569,0
462,7.7,0.085967,0.0667,0.2324,0.019267,0.902585,-0.430511,0
463,7.7167,0.0859,0.0692,0.2491,0.0167,0.900698,-0.434445,0
464,7.7333,0.08455,0.0715,0.2621,0.01305,0.898794,-0.438371,0
465,7.75,0.090867,0.0669,0.2861,0.023967,0.896873,-0.442289,0
466,7.7667,0.091733,0.0682,0.3096,0.023533,0.894934,-0.446198,0
467,7.7833,0.089483,0.0679,0.3312,0.021583,0.892979,-0.450098,0
468,7.8,0.0844,0.0649,0.3507,0.0195,0.891007,-0.45399,0
469,7.8167,0.0964,0.067,0.3801,0.0294,0.889017,-0.457874,0
470,7.8333,0.09675,0.0682,0.4087,0.02855,0.887011,-0.461749,0
471,7.85,0.095183,0.0689,0.435,0.026283,0.884988,-0.465615,0
472,7.8667,0.096483,0.0683,0.4632,0.028183,0.882948,-0.469472,0
473,7.8833,0.095967,0.0658,0.4934,0.030167,0.880891,-0.47332,0
474,7.9,0.093683,0.0685,0.5186,0.025183,0.878817,-0.477159,0
475,7.9167,0.100367,0.0686,0.5504,0.031767,0.876727,-0.480989,0
476,7.9333,0.099017,0.0649,0.5845,0.034117,0.87462,-0.48481,0
477,7.95,0.096,0.0657,0.6148,0.0303,0.872496,-0.488621,0
478,7.9667,0.1001,0.0677,0.6472,0.0324,0.870356,-0.492424,0
479,7.9833,0.0952,0.0695,0.6729,0.0257,0.868199,-0.496217,0
480,8.0,0.0983,0.0674,0.7038,0.0309,0.866025,-0.5,0
481,8.0167,0.098833,0.0682,0.7344,0.030633,0.863836,-0.503774,0
482,8.0333,0.102433,0.0697,0.7671,0.032733,0.861629,-0.507538,0
483,8.05,0.09925,0.0659,0.8004,0.03335,0.859406,-0.511293,0
484,8.0667,0.1078,0.0676,0.8406,0.0402,0.857167,-0.515038,0
485,8.0833,0.1067,0.0677,0.8796,0.039,0.854912,-0.518773,0
486,8.1,0.106,0.0694,0.9162,0.0366,0.85264,-0.522499,0
487,8.1167,0.103383,0.0678,0.9518,0.035583,0.850352,-0.526214,0
488,8.1333,0.105717,0.0678,0.9897,0.037917,0.848048,-0.529919,0
489,8.15,0.1099,0.0642,1.0354,0.0457,0.845728,-0.533615,0
490,8.1667,0.105717,0.0662,1.0749,0.039517,0.843391,-0.5373,0
491,8.1833,0.105833,0.0657,1.115,0.040133,0.841039,-0.540974,0
492,8.2,0.10495,0.0726,1.1474,0.03235,0.838671,-0.544639,0
493,8.2167,0.110383,0.0708,1.187,0.039583,0.836286,-0.548293,0
494,8.2333,0.107683,0.0686,1.2261,0.039083,0.833886,-0.551937,0
495,8.25,0.1124,0.0677,1.2708,0.0447,0.83147,-0.55557,0
496,8.2667,0.113533,0.0672,1.3171,0.046333,0.829038,-0.559193,0
497,8.2833,0.111,0.0679,1.3602,0.0431,0.82659,-0.562805,0
498,8.3,0.110283,0.0719,1.3986,0.038383,0.824126,-0.566406,0
499,8.3167,0.11315,0.0704,1.4414,0.04275,0.821647,-0.569997,0
500,8.3333,0.11525,0.069,1.4877,0.04625,0.819152,-0.573576,0
501,8.35,0.114267,0.064,1.538,0.050267,0.816642,-0.577145,0
502,8.3667,0.1123,0.0668,1.5835,0.0455,0.814116,-0.580703,0
503,8.3833,0.113883,0.0693,1.6281,0.044583,0.811574,-0.58425,0
504,8.4,0.118933,0.0673,1.6797,0.051633,0.809017,-0.587785,0
505,8.4167,0.120733,0.0701,1.7303,0.050633,0.806445,-0.59131,0
506,8.4333,0.1163,0.066,1.7806,0.0503,0.803857,-0.594823,0
507,8.45,0.119167,0.0682,1.8316,0.050967,0.801254,-0.598325,0
508,8.4667,0.119417,0.0704,1.8806,0.049017,0.798636,-0.601815,0
509,8.4833,0.12405,0.0673,1.9373,0.05675,0.796002,-0.605294,0
510,8.5,0.1246,0.0673,1.9946,0.0573,0.793353,-0.608761,0
511,8.5167,0.123317,0.0686,2.0493,0.054717,0.79069,-0.612217,0
512,8.5333,0.128283,0.0664,2.1112,0.061883,0.788011,-0.615661,0
513,8.55,0.126233,0.0688,2.1686,0.057433,0.785317,-0.619094,0
514,8.5667,0.126467,0.0692,2.2259,0.057267,0.782608,-0.622515,0
515,8.5833,0.121567,0.0681,2.2794,0.053467,0.779884,-0.625923,0
516,8.6,0.1272,0.0661,2.3405,0.0611,0.777146,-0.62932,0
517,8.6167,0.128783,0.0672,2.4021,0.061583,0.774393,-0.632705,0
518,8.6333,0.1266,0.0685,2.4602,0.0581,0.771625,-0.636078,0
519,8.65,0.124633,0.0676,2.5172,0.057033,0.768842,-0.639439,0
520,8.6667,0.125367,0.0682,2.5744,0.057167,0.766044,-0.642788,0
521,8.6833,0.1267,0.0691,2.632,0.0576,0.763232,-0.646124,0
522,8.7,0.125,0.0686,2.6884,0.0564,0.760406,-0.649448,0
523,8.7167,0.1335,0.0702,2.7517,0.0633,0.757565,-0.65276,0
524,8.7333,0.1324,0.0715,2.8126,0.0609,0.75471,-0.656059,0
525,8.75,0.1311,0.0699,2.8738,0.0612,0.75184,-0.659346,0
526,8.7667,0.128683,0.0678,2.9347,0.060883,0.748956,-0.66262,0
527,8.7833,0.137183,0.0681,3.0038,0.069083,0.746057,-0.665882,0
528,8.8,0.1337,0.0708,3.0667,0.0629,0.743145,-0.669131,0
529,8.8167,0.137817,0.0717,3.1328,0.066117,0.740218,-0.672367,0
530,8.8333,0.137417,0.0694,3.2008,0.068017,0.737277,-0.67559,0
531,8.85,0.14105,0.0692,3.2727,0.07185,0.734323,-0.678801,0
532,8.8667,0.138067,0.0662,3.3446,0.071867,0.731354,-0.681998,0
533,8.8833,0.137367,0.0686,3.4134,0.068767,0.728371,-0.685183,0
534,8.9,0.13895,0.0659,3.4865,0.07305,0.725374,-0.688355,0
535,8.9167,0.135383,0.0675,3.5544,0.067883,0.722364,-0.691513,0
536,8.9333,0.138683,0.0679,3.6252,0.070783,0.71934,-0.694658,0
537,8.95,0.142483,0.0636,3.7041,0.078883,0.716302,-0.69779,0
538,8.9667,0.138533,0.0674,3.7752,0.071133,0.71325,-0.700909,0
539,8.9833,0.14145,0.0695,3.8471,0.07195,0.710185,-0.704015,0
540,9.0,0.14495,0.0375,3.9546,0.10745,0.707107,-0.707107,0
541,9.0167,0.142617,0.0378,4.0594,0.104817,0.704015,-0.710185,0
542,9.0333,0.140333,0.0375,4.1622,0.102833,0.700909,-0.71325,0
543,9.05,0.147117,0.034,4.2753,0.113117,0.69779,-0.716302,0
544,9.0667,0.144317,0.0395,4.3801,0.104817,0.694658,-0.71934,0
545,9.0833,0.144867,0.0367,4.4883,0.108167,0.691513,-0.722364,0
546,9.1,0.14325,0.0374,4.5941,0.10585,0.688355,-0.725374,0
547,9.1167,0.1442,0.0355,4.7028,0.1087,0.685183,-0.728371,0
548,9.1333,0.139267,0.0385,4.8036,0.100767,0.681998,-0.731354,0
549,9.15,0.149583,0.0354,4.9178,0.114183,0.678801,-0.734323,0
550,9.1667,0.15055,0.0378,5.0305,0.11275,0.67559,-0.737277,0
551,9.1833,0.146883,0.0359,5.1415,0.110983,0.672367,-0.740218,0
552,9.2,0.14785,0.0358,5.2535,0.11205,0.669131,-0.743145,0
553,9.2167,0.153817,0.0409,5.3664,0.112917,0.665882,-0.746057,0
554,9.2333,0.15075,0.0372,5.4799,0.11355,0.66262,-0.748956,0
555,9.25,0.145017,0.0381,5.5868,0.106917,0.659346,-0.75184,0
556,9.2667,0.1525,0.0347,5.7046,0.1178,0.656059,-0.75471,0
557,9.2833,0.153667,0.0381,5.8202,0.115567,0.65276,-0.757565,0
558,9.3,0.155417,0.0377,5.9379,0.117717,0.649448,-0.760406,0
559,9.3167,0.15065,0.0366,6.0519,0.11405,0.646124,-0.763232,0
560,9.3333,0.15385,0.0342,6.1715,0.11965,0.642788,-0.766044,0
561,9.35,0.156767,0.0362,6.2921,0.120567,0.639439,-0.768842,0
562,9.3667,0.157717,0.0337,6.4161,0.124017,0.636078,-0.771625,0
563,9.3833,0.1553,0.0335,6.5379,0.1218,0.632705,-0.774393,0
564,9.4,0.155067,0.0359,6.6571,0.119167,0.62932,-0.777146,0
565,9.4167,0.154917,0.0396,6.7724,0.115317,0.625923,-0.779884,0
566,9.4333,0.157283,0.0405,6.8892,0.116783,0.622515,-0.782608,0
567,9.45,0.159633,0.0365,7.0123,0.123133,0.619094,-0.785317,0
568,9.4667,0.161917,0.0405,7.1337,0.121417,0.615661,-0.788011,0
569,9.4833,0.15905,0.0346,7.2581,0.12445,0.612217,-0.79069,0
570,9.5,0.157033,0.0366,7.3785,0.120433,0.608761,-0.793353,0
571,9.5167,0.158083,0.0396,7.497,0.118483,0.605294,-0.796002,0
572,9.5333,0.155767,0.0374,7.6154,0.118367,0.601815,-0.798636,0
573,9.55,0.1565,0.0404,7.7315,0.1161,0.598325,-0.801254,0
574,9.5667,0.158033,0.0343,7.8552,0.123733,0.594823,-0.803857,0
575,9.5833,0.161817,0.0364,7.9806,0.125417,0.59131,-0.806445,0
576,9.6,0.165383,0.0396,8.1064,0.125783,0.587785,-0.809017,0
577,9.6167,0.163583,0.0372,8.2328,0.126383,0.58425,-0.811574,0
578,9.6333,0.162817,0.0367,8.3589,0.126117,0.580703,-0.814116,0
579,9.65,0.1616,0.0382,8.4823,0.1234,0.577145,-0.816642,0
580,9.6667,0.163783,0.0388,8.6073,0.124983,0.573576,-0.819152,0
581,9.6833,0.166383,0.0378,8.7359,0.128583,0.569997,-0.821647,0
582,9.7,0.166217,0.0374,8.8647,0.128817,0.566406,-0.824126,0
583,9.7167,0.165383,0.0384,8.9917,0.126983,0.562805,-0.82659,0
584,9.7333,0.171067,0.0383,9.1245,0.132767,0.559193,-0.829038,0
585,9.75,0.166083,0.0394,9.2512,0.126683,0.55557,-0.83147,0
586,9.7667,0.1673,0.0382,9.3803,0.1291,0.551937,-0.833886,0
587,9.7833,0.16915,0.0333,9.5161,0.13585,0.548293,-0.836286,0
588,9.8,0.173933,0.0344,9.6556,0.139533,0.544639,-0.838671,0
589,9.8167,0.1646,0.0367,9.7835,0.1279,0.540974,-0.841039,0
590,9.8333,0.171617,0.0361,9.919,0.135517,0.5373,-0.843391,0
591,9.85,0.16985,0.0399,10.049,0.12995,0.533615,-0.845728,0
592,9.8667,0.168517,0.039,10.1785,0.129517,0.529919,-0.848048,0
593,9.8833,0.171033,0.0367,10.3128,0.134333,0.526214,-0.850352,0
594,9.9,0.168433,0.039,10.4422,0.129433,0.522499,-0.85264,0
595,9.9167,0.17115,0.0371,10.5762,0.13405,0.518773,-0.854912,0
596,9.9333,0.1759,0.0396,10.7125,0.1363,0.515038,-0.857167,0
597,9.95,0.171017,0.0389,10.8446,0.132117,0.511293,-0.859406,0
598,9.9667,0.170833,0.038,10.9774,0.132833,0.507538,-0.861629,0
599,9.9833,0.1705,0.0364,11.1115,0.1341,0.503774,-0.863836,0
600,10.0,0.172217,0.0394,11.2443,0.132817,0.5,-0.866025,0
601,10.0167,0.173367,0.0379,11.3798,0.135467,0.496217,-0.868199,0
602,10.0333,0.172967,0.039,11.5138,0.133967,0.492424,-0.870356,0
603,10.05,0.174,0.0422,11.6456,0.1318,0.488621,-0.872496,0
604,10.0667,0.176283,0.0391,11.7828,0.137183,0.48481,-0.87462,0
605,10.0833,0.175567,0.0397,11.9187,0.135867,0.480989,-0.876727,0
606,10.1,0.175483,0.0393,12.0549,0.136183,0.477159,-0.878817,0
607,10.1167,0.174133,0.0395,12.1895,0.134633,0.47332,-0.880891,0
608,10.1333,0.175517,0.0347,12.3303,0.140817,0.469472,-0.882948,0
609,10.15,0.177933,0.0394,12.4688,0.138533,0.465615,-0.884988,0
610,10.1667,0.177217,0.0356,12.6104,0.141617,0.461749,-0.887011,0
611,10.1833,0.175,0.0367,12.7487,0.1383,0.457874,-0.889017,0
612,10.2,0.1767,0.0371,12.8883,0.1396,0.45399,-0.891007,0
613,10.2167,0.179433,0.0372,13.0305,0.142233,0.450098,-0.892979,0
614,10.2333,0.181117,0.037,13.1746,0.144117,0.446198,-0.894934,0
615,10.25,0.1782,0.0372,13.3156,0.141,0.442289,-0.896873,0
616,10.2667,0.181167,0.0357,13.4611,0.145467,0.438371,-0.898794,0
617,10.2833,0.181933,0.0365,13.6065,0.145433,0.434445,-0.900698,0
618,10.3,0.182967,0.0362,13.7533,0.146767,0.430511,-0.902585,0
619,10.3167,0.180267,0.036,13.8976,0.144267,0.426569,-0.904455,0
620,10.3333,0.180467,0.0374,14.0407,0.143067,0.422618,-0.906308,0
621,10.35,0.183233,0.0327,14.1912,0.150533,0.41866,-0.908143,0
622,10.3667,0.18185,0.0395,14.3336,0.14235,0.414693,-0.909961,0
623,10.3833,0.1884,0.0375,14.4845,0.1509,0.410719,-0.911762,0
624,10.4,0.176917,0.0362,14.6252,0.140717,0.406737,-0.913545,0
625,10.4167,0.180767,0.0366,14.7694,0.144167,0.402747,-0.915311,0
626,10.4333,0.1825,0.0341,14.9178,0.1484,0.398749,-0.91706,0
627,10.45,0.17985,0.0386,15.059,0.14125,0.394744,-0.918791,0
628,10.4667,0.185133,0.035,15.2091,0.150133,0.390731,-0.920505,0
629,10.4833,0.183417,0.0369,15.3556,0.146517,0.386711,-0.922201,0
630,10.5,0.185867,0.0384,15.5031,0.147467,0.382683,-0.92388,0
631,10.5167,0.1876,0.0397,15.651,0.1479,0.378649,-0.925541,0
632,10.5333,0.184283,0.0381,15.7972,0.146183,0.374607,-0.927184,0
633,10.55,0.18925,0.0327,15.9537,0.15655,0.370557,-0.92881,0
634,10.5667,0.18765,0.0379,16.1034,0.14975,0.366501,-0.930418,0
635,10.5833,0.189367,0.0402,16.2526,0.149167,0.362438,-0.932008,0
636,10.6,0.188467,0.0381,16.403,0.150367,0.358368,-0.93358,0
637,10.6167,0.1871,0.0361,16.554,0.151,0.354291,-0.935135,0
638,10.6333,0.186367,0.039,16.7014,0.147367,0.350207,-0.936672,0
639,10.65,0.188167,0.0365,16.8531,0.151667,0.346117,-0.938191,0
640,10.6667,0.183583,0.0371,16.9996,0.146483,0.34202,-0.939693,0
641,10.6833,0.18785,0.0346,17.1529,0.15325,0.337917,-0.941176,0
642,10.7,0.1879,0.0387,17.3021,0.1492,0.333807,-0.942641,0
643,10.7167,0.1879,0.0415,17.4485,0.1464,0.329691,-0.944089,0
644,10.7333,0.187767,0.0376,17.5987,0.150167,0.325568,-0.945519,0
645,10.75,0.192083,0.0347,17.7561,0.157383,0.321439,-0.94693,0
646,10.7667,0.190117,0.035,17.9112,0.155117,0.317305,-0.948324,0
647,10.7833,0.187867,0.0393,18.0,0.148567,0.313164,-0.949699,0
648,10.8,0.191883,0.0378,18.0,0.154083,0.309017,-0.951057,0
649,10.8167,0.189183,0.0386,18.0,0.150583,0.304864,-0.952396,0
650,10.8333,0.18955,0.0347,18.0,0.15485,0.300706,-0.953717,0
651,10.85,0.190233,0.0382,18.0,0.152033,0.296542,-0.95502,0
652,10.8667,0.192883,0.0331,18.0,0.159783,0.292372,-0.956305,0
653,10.8833,0.18775,0.035,18.0,0.15275,0.288196,-0.957571,0
654,10.9,0.186733,0.038,18.0,0.148733,0.284015,-0.95882,0
655,10.9167,0.19075,0.0377,18.0,0.15305,0.279829,-0.96005,0
656,10.9333,0.19445,0.0361,18.0,0.15835,0.275637,-0.961262,0
657,10.95,0.1926,0.0385,18.0,0.1541,0.27144,-0.962455,0
658,10.9667,0.194867,0.0376,18.0,0.157267,0.267238,-0.96363,0
659,10.9833,0.192667,0.0373,18.0,0.155367,0.263031,-0.964787,0
660,11.0,0.192583,0.039,18.0,0.153583,0.258819,-0.965926,0
661,11.0167,0.1974,0.036,18.0,0.1614,0.254602,-0.967046,0
662,11.0333,0.194817,0.0374,18.0,0.157417,0.25038,-0.968148,0
663,11.05,0.187917,0.0368,18.0,0.151117,0.246153,-0.969231,0
664,11.0667,0.192167,0.0394,18.0,0.152767,0.241922,-0.970296,0
665,11.0833,0.192233,0.0397,18.0,0.152533,0.237686,-0.971342,0
666,11.1,0.194517,0.0392,18.0,0.155317,0.233445,-0.97237,0
667,11.1167,0.193633,0.0363,18.0,0.157333,0.2292,-0.973379,0
668,11.1333,0.1964,0.037,18.0,0.1594,0.224951,-0.97437,0
669,11.15,0.19495,0.0383,18.0,0.15665,0.220697,-0.975342,0
670,11.1667,0.19885,0.0376,18.0,0.16125,0.21644,-0.976296,0
671,11.1833,0.196233,0.037,18.0,0.159233,0.212178,-0.977231,0
672,11.2,0.1956,0.0377,18.0,0.1579,0.207912,-0.978148,0
673,11.2167,0.199967,0.0345,18.0,0.165467,0.203642,-0.979045,0
674,11.2333,0.198233,0.0363,18.0,0.161933,0.199368,-0.979925,0
675,11.25,0.196,0.0378,18.0,0.1582,0.19509,-0.980785,0
676,11.2667,0.196383,0.0387,18.0,0.157683,0.190809,-0.981627,0
677,11.2833,0.19325,0.0384,18.0,0.15485,0.186524,-0.98245,0
678,11.3,0.197817,0.0371,18.0,0.160717,0.182236,-0.983255,0
679,11.3167,0.199233,0.0388,18.0,0.160433,0.177944,-0.984041,0
680,11.3333,0.1904,0.0375,18.0,0.1529,0.173648,-0.984808,0
681,11.35,0.199133,0.036,18.0,0.163133,0.16935,-0.985556,0
682,11.3667,0.198583,0.0406,18.0,0.157983,0.165048,-0.986286,0
683,11.3833,0.191817,0.0334,18.0,0.158417,0.160743,-0.986996,0
684,11.4,0.201417,0.0393,18.0,0.162117,0.156434,-0.987688,0
685,11.4167,0.199883,0.0381,18.0,0.161783,0.152123,-0.988362,0
686,11.4333,0.193483,0.0317,18.0,0.161783,0.147809,-0.989016,0
687,11.45,0.197767,0.0405,18.0,0.157267,0.143493,-0.989651,0
688,11.4667,0.1983,0.0394,18.0,0.1589,0.139173,-0.990268,0
689,11.4833,0.19745,0.0387,18.0,0.15875,0.134851,-0.990866,0
690,11.5,0.196233,0.0356,18.0,0.160633,0.130526,-0.991445,0
691,11.5167,0.19715,0.0383,18.0,0.15885,0.126199,-0.992005,0
692,11.5333,0.197433,0.0337,18.0,0.163733,0.121869,-0.992546,0
693,11.55,0.197067,0.0346,18.0,0.162467,0.117537,-0.993068,0
694,11.5667,0.19845,0.0374,18.0,0.16105,0.113203,-0.993572,0
695,11.5833,0.196883,0.0403,18.0,0.156583,0.108867,-0.994056,0
696,11.6,0.1978,0.0368,18.0,0.161,0.104528,-0.994522,0
697,11.6167,0.199867,0.0363,18.0,0.163567,0.100188,-0.994969,0
698,11.6333,0.202133,0.0387,18.0,0.163433,0.095846,-0.995396,0
699,11.65,0.19935,0.0353,18.0,0.16405,0.091502,-0.995805,0
700,11.6667,0.197733,0.0355,18.0,0.162233,0.087156,-0.996195,0
701,11.6833,0.196417,0.0353,18.0,0.161117,0.082808,-0.996566,0
702,11.7,0.198483,0.0399,18.0,0.158583,0.078459,-0.996917,0
703,11.7167,0.200517,0.0354,18.0,0.165117,0.074108,-0.99725,0
704,11.7333,0.202383,0.0344,18.0,0.167983,0.069756,-0.997564,0
705,11.75,0.199,0.0368,18.0,0.1622,0.065403,-0.997859,0
706,11.7667,0.20115,0.0379,18.0,0.16325,0.061049,-0.998135,0
707,11.7833,0.197067,0.0379,18.0,0.159167,0.056693,-0.998392,0
708,11.8,0.1963,0.0388,18.0,0.1575,0.052336,-0.99863,0
709,11.8167,0.198217,0.0374,18.0,0.160817,0.047978,-0.998848,0
710,11.8333,0.2022,0.0376,18.0,0.1646,0.043619,-0.999048,0
711,11.85,0.200117,0.0364,18.0,0.163717,0.03926,-0.999229,0
712,11.8667,0.197083,0.0373,18.0,0.159783,0.034899,-0.999391,0
713,11.8833,0.20215,0.0399,18.0,0.16225,0.030539,-0.999534,0
714,11.9,0.201333,0.0394,18.0,0.161933,0.026177,-0.999657,0
715,11.9167,0.204817,0.038,18.0,0.166817,0.021815,-0.999762,0
716,11.9333,0.20055,0.0375,18.0,0.16305,0.017452,-0.999848,0
717,11.95,0.20185,0.043,18.0,0.15885,0.01309,-0.999914,0
718,11.9667,0.200283,0.0417,18.0,0.158583,0.008727,-0.999962,0
719,11.9833,0.2005,0.0365,18.0,0.164,0.004363,-0.99999,0
720,12.0,0.200117,0.0366,18.0,0.163517,0.0,-1.0,0
721,12.0167,0.196383,0.0381,18.0,0.158283,-0.004363,-0.99999,0
722,12.0333,0.1975,0.0387,18.0,0.1588,-0.008727,-0.999962,0
723,12.05,0.195983,0.0338,18.0,0.162183,-0.01309,-0.999914,0
724,12.0667,0.203133,0.038,18.0,0.165133,-0.017452,-0.999848,0
725,12.0833,0.198933,0.0376,18.0,0.161333,-0.021815,-0.999762,0
726,12.1,0.201117,0.0363,18.0,0.164817,-0.026177,-0.999657,0
727,12.1167,0.196483,0.0395,18.0,0.156983,-0.030539,-0.999534,0
728,12.1333,0.202867,0.0391,18.0,0.163767,-0.034899,-0.999391,0
729,12.15,0.20025,0.0383,18.0,0.16195,-0.03926,-0.999229,0
730,12.1667,0.193867,0.0379,18.0,0.155967,-0.043619,-0.999048,0
731,12.1833,0.199317,0.0368,18.0,0.162517,-0.047978,-0.998848,0
732,12.2,0.198667,0.0366,18.0,0.162067,-0.052336,-0.99863,0
733,12.2167,0.2025,0.0364,18.0,0.1661,-0.056693,-0.998392,0
734,12.2333,0.2014,0.0359,18.0,0.1655,-0.061049,-0.998135,0
735,12.25,0.198533,0.0373,18.0,0.161233,-0.065403,-0.997859,0
736,12.2667,0.197617,0.0374,18.0,0.160217,-0.069756,-0.997564,0
737,12.2833,0.203917,0.0389,18.0,0.165017,-0.074108,-0.99725,0
738,12.3,0.205283,0.0394,18.0,0.165883,-0.078459,-0.996917,0
739,12.3167,0.1977,0.0393,18.0,0.1584,-0.082808,-0.996566,0
740,12.3333,0.197817,0.0399,18.0,0.157917,-0.087156,-0.996195,0
741,12.35,0.198633,0.0355,18.0,0.163133,-0.091502,-0.995805,0
742,12.3667,0.197617,0.034,18.0,0.163617,-0.095846,-0.995396,0
743,12.3833,0.200567,0.037,18.0,0.163567,-0.100188,-0.994969,0
744,12.4,0.203967,0.039,18.0,0.164967,-0.104528,-0.994522,0
745,12.4167,0.194333,0.0371,18.0,0.157233,-0.108867,-0.994056,0
746,12.4333,0.19875,0.0386,18.0,0.16015,-0.113203,-0.993572,0
747,12.45,0.195383,0.0399,18.0,0.155483,-0.117537,-0.993068,0
748,12.4667,0.19825,0.039,18.0,0.15925,-0.121869,-0.992546,0
749,12.4833,0.1957,0.034,18.0,0.1617,-0.126199,-0.992005,0
750,12.5,0.197067,0.0346,18.0,0.162467,-0.130526,-0.991445,0
751,12.5167,0.200167,0.0343,18.0,0.165867,-0.134851,-0.990866,0
752,12.5333,0.200167,0.0329,18.0,0.167267,-0.139173,-0.990268,0
753,12.55,0.2017,0.0386,18.0,0.1631,-0.143493,-0.989651,0
754,12.5667,0.193617,0.0411,18.0,0.152517,-0.147809,-0.989016,0
755,12.5833,0.199583,0.0343,18.0,0.165283,-0.152123,-0.988362,0
756,12.6,0.2031,0.0387,18.0,0.1644,-0.156434,-0.987688,0
757,12.6167,0.198367,0.0409,18.0,0.157467,-0.160743,-0.986996,0
758,12.6333,0.2,0.039,18.0,0.161,-0.165048,-0.986286,0
759,12.65,0.197517,0.0331,18.0,0.164417,-0.16935,-0.985556,0
760,12.6667,0.194117,0.0371,18.0,0.157017,-0.173648,-0.984808,0
761,12.6833,0.1943,0.0362,18.0,0.1581,-0.177944,-0.984041,0
762,12.7,0.1957,0.0376,18.0,0.1581,-0.182236,-0.983255,0
763,12.7167,0.195983,0.0359,18.0,0.160083,-0.186524,-0.98245,0
764,12.7333,0.194933,0.0354,18.0,0.159533,-0.190809,-0.981627,0
765,12.75,0.19375,0.0358,18.0,0.15795,-0.19509,-0.980785,0
766,12.7667,0.197567,0.0361,18.0,0.161467,-0.199368,-0.979925,0
767,12.7833,0.1954,0.0377,18.0,0.1577,-0.203642,-0.979045,0
768,12.8,0.199983,0.0403,18.0,0.159683,-0.207912,-0.978148,0
769,12.8167,0.194817,0.0346,18.0,0.160217,-0.212178,-0.977231,0
770,12.8333,0.19585,0.035,18.0,0.16085,-0.21644,-0.976296,0
771,12.85,0.19435,0.0344,18.0,0.15995,-0.220697,-0.975342,0
772,12.8667,0.195483,0.0367,18.0,0.158783,-0.224951,-0.97437,0
773,12.8833,0.194333,0.04,18.0,0.154333,-0.2292,-0.973379,0
774,12.9,0.198367,0.037,18.0,0.161367,-0.233445,-0.97237,0
775,12.9167,0.1973,0.036,18.0,0.1613,-0.237686,-0.971342,0
776,12.9333,0.197367,0.0373,18.0,0.160067,-0.241922,-0.970296,0
777,12.95,0.194467,0.0373,18.0,0.157167,-0.246153,-0.969231,0
778,12.9667,0.193933,0.0368,18.0,0.157133,-0.25038,-0.968148,0
779,12.9833,0.191867,0.0391,18.0,0.152767,-0.254602,-0.967046,0
780,13.0,0.19345,0.039,18.0,0.15445,-0.258819,-0.965926,0
781,13.0167,0.190033,0.0334,18.0,0.156633,-0.263031,-0.964787,0
782,13.0333,0.187633,0.0363,18.0,0.151333,-0.267238,-0.96363,0
783,13.05,0.191433,0.0418,18.0,0.149633,-0.27144,-0.962455,0
784,13.0667,0.190467,0.038,18.0,0.152467,-0.275637,-0.961262,0
785,13.0833,0.189533,0.0365,18.0,0.153033,-0.279829,-0.96005,0
786,13.1,0.189217,0.0395,18.0,0.149717,-0.284015,-0.95882,0
787,13.1167,0.190733,0.0367,18.0,0.154033,-0.288196,-0.957571,0
788,13.1333,0.193117,0.038,18.0,0.155117,-0.292372,-0.956305,0
789,13.15,0.188267,0.0373,18.0,0.150967,-0.296542,-0.95502,0
790,13.1667,0.19085,0.0384,18.0,0.15245,-0.300706,-0.953717,0
791,13.1833,0.189283,0.0351,18.0,0.154183,-0.304864,-0.952396,0
792,13.2,0.191183,0.0393,18.0,0.151883,-0.309017,-0.951057,0
793,13.2167,0.1915,0.0374,18.0,0.1541,-0.313164,-0.949699,0
794,13.2333,0.189867,0.0377,18.0,0.152167,-0.317305,-0.948324,0
795,13.25,0.18945,0.0387,18.0,0.15075,-0.321439,-0.94693,0
796,13.2667,0.18405,0.0359,18.0,0.14815,-0.325568,-0.945519,0
797,13.2833,0.19035,0.0399,18.0,0.15045,-0.329691,-0.944089,0
798,13.3,0.190533,0.038,18.0,0.152533,-0.333807,-0.942641,0
799,13.3167,0.19265,0.036,18.0,0.15665,-0.337917,-0.941176,0
800,13.3333,0.187283,0.0358,18.0,0.151483,-0.34202,-0.939693,0
801,13.35,0.187117,0.0402,18.0,0.146917,-0.346117,-0.938191,0
802,13.3667,0.186233,0.0346,18.0,0.151633,-0.350207,-0.936672,0
803,13.3833,0.191317,0.0393,18.0,0.152017,-0.354291,-0.935135,0
804,13.4,0.184417,0.0375,18.0,0.146917,-0.358368,-0.93358,0
805,13.4167,0.1902,0.0339,18.0,0.1563,-0.362438,-0.932008,0
806,13.4333,0.186783,0.0335,18.0,0.153283,-0.366501,-0.930418,0
807,13.45,0.186133,0.0375,18.0,0.148633,-0.370557,-0.92881,0
808,13.4667,0.187683,0.0354,18.0,0.152283,-0.374607,-0.927184,0
809,13.4833,0.186633,0.0365,18.0,0.150133,-0.378649,-0.925541,0
810,13.5,0.1865,0.0377,18.0,0.1488,-0.382683,-0.92388,0
811,13.5167,0.1832,0.0396,18.0,0.1436,-0.386711,-0.922201,0
812,13.5333,0.18595,0.0384,18.0,0.14755,-0.390731,-0.920505,0
813,13.55,0.185767,0.0359,18.0,0.149867,-0.394744,-0.918791,0
814,13.5667,0.18035,0.0379,18.0,0.14245,-0.398749,-0.91706,0
815,13.5833,0.18355,0.0334,18.0,0.15015,-0.402747,-0.915311,0
816,13.6,0.1831,0.0402,18.0,0.1429,-0.406737,-0.913545,0
817,13.6167,0.177633,0.0353,18.0,0.142333,-0.410719,-0.911762,0
818,13.6333,0.18155,0.0353,18.0,0.14625,-0.414693,-0.909961,0
819,13.65,0.183817,0.0395,18.0,0.144317,-0.41866,-0.908143,0
820,13.6667,0.180283,0.0383,18.0,0.141983,-0.422618,-0.906308,0
821,13.6833,0.182233,0.0376,18.0,0.144633,-0.426569,-0.904455,0
822,13.7,0.182117,0.0399,18.0,0.142217,-0.430511,-0.902585,0
823,13.7167,0.182667,0.0372,18.0,0.145467,-0.434445,-0.900698,0
824,13.7333,0.179217,0.0359,18.0,0.143317,-0.438371,-0.898794,0
825,13.75,0.18275,0.0363,18.0,0.14645,-0.442289,-0.896873,0
826,13.7667,0.180117,0.0327,18.0,0.147417,-0.446198,-0.894934,0
827,13.7833,0.173867,0.039,18.0,0.134867,-0.450098,-0.892979,0
828,13.8,0.17905,0.0373,18.0,0.14175,-0.45399,-0.891007,0
829,13.8167,0.178133,0.0371,18.0,0.141033,-0.457874,-0.889017,0
830,13.8333,0.179333,0.0369,18.0,0.142433,-0.461749,-0.887011,0
831,13.85,0.176383,0.0383,18.0,0.138083,-0.465615,-0.884988,0
832,13.8667,0.17465,0.0346,18.0,0.14005,-0.469472,-0.882948,0
833,13.8833,0.173733,0.0315,18.0,0.142233,-0.47332,-0.880891,0
834,13.9,0.175867,0.0408,18.0,0.135067,-0.477159,-0.878817,0
835,13.9167,0.179833,0.0354,18.0,0.144433,-0.480989,-0.876727,0
836,13.9333,0.17225,0.0403,18.0,0.13195,-0.48481,-0.87462,0
837,13.95,0.174967,0.0336,18.0,0.141367,-0.488621,-0.872496,0
838,13.9667,0.173383,0.0362,18.0,0.137183,-0.492424,-0.870356,0
839,13.9833,0.172133,0.0376,18.0,0.134533,-0.496217,-0.868199,0
840,14.0,0.1753,0.0355,18.0,0.1398,-0.5,-0.866025,0
841,14.0167,0.171883,0.0348,18.0,0.137083,-0.503774,-0.863836,0
842,14.0333,0.168233,0.0354,18.0,0.132833,-0.507538,-0.861629,0
843,14.05,0.172283,0.04,18.0,0.132283,-0.511293,-0.859406,0
844,14.0667,0.173417,0.0336,18.0,0.139817,-0.515038,-0.857167,0
845,14.0833,0.172867,0.0371,18.0,0.135767,-0.518773,-0.854912,0
846,14.1,0.16805,0.0366,18.0,0.13145,-0.522499,-0.85264,0
847,14.1167,0.17205,0.0369,18.0,0.13515,-0.526214,-0.850352,0
848,14.1333,0.165467,0.0397,18.0,0.125767,-0.529919,-0.848048,0
849,14.15,0.17225,0.0376,18.0,0.13465,-0.533615,-0.845728,0
850,14.1667,0.17365,0.0393,18.0,0.13435,-0.5373,-0.843391,0
851,14.1833,0.167717,0.0347,18.0,0.133017,-0.540974,-0.841039,0
852,14.2,0.167033,0.0384,18.0,0.128633,-0.544639,-0.838671,0
853,14.2167,0.166233,0.036,18.0,0.130233,-0.548293,-0.836286,0
854,14.2333,0.164333,0.0352,18.0,0.129133,-0.551937,-0.833886,0
855,14.25,0.166883,0.0345,18.0,0.132383,-0.55557,-0.83147,0
856,14.2667,0.1627,0.0364,18.0,0.1263,-0.559193,-0.829038,0
857,14.2833,0.16355,0.0378,18.0,0.12575,-0.562805,-0.82659,0
858,14.3,0.16585,0.0382,18.0,0.12765,-0.566406,-0.824126,0
859,14.3167,0.163633,0.0768,18.0,0.086833,-0.569997,-0.821647,0
860,14.3333,0.164167,0.0772,18.0,0.086967,-0.573576,-0.819152,0
861,14.35,0.165283,0.0733,18.0,0.091983,-0.577145,-0.816642,0
862,14.3667,0.16475,0.0729,18.0,0.09185,-0.580703,-0.814116,0
863,14.3833,0.162967,0.0776,18.0,0.085367,-0.58425,-0.811574,0
864,14.4,0.160917,0.0741,18.0,0.086817,-0.587785,-0.809017,0
865,14.4167,0.162433,0.0753,18.0,0.087133,-0.59131,-0.806445,0
866,14.4333,0.158767,0.076,18.0,0.082767,-0.594823,-0.803857,0
867,14.45,0.1634,0.0754,18.0,0.088,-0.598325,-0.801254,0
868,14.4667,0.160233,0.0785,18.0,0.081733,-0.601815,-0.798636,0
869,14.4833,0.15975,0.0727,18.0,0.08705,-0.605294,-0.796002,0
870,14.5,0.161,0.0774,18.0,0.0836,-0.608761,-0.793353,0
871,14.5167,0.157667,0.0804,18.0,0.077267,-0.612217,-0.79069,0
872,14.5333,0.15485,0.0762,18.0,0.07865,-0.615661,-0.788011,0
873,14.55,0.1585,0.0793,18.0,0.0792,-0.619094,-0.785317,0
874,14.5667,0.156967,0.0756,18.0,0.081367,-0.622515,-0.782608,0
875,14.5833,0.153233,0.0747,18.0,0.078533,-0.625923,-0.779884,0
876,14.6,0.158467,0.076,18.0,0.082467,-0.62932,-0.777146,0
877,14.6167,0.153283,0.0763,18.0,0.076983,-0.632705,-0.774393,0
878,14.6333,0.159283,0.0775,18.0,0.081783,-0.636078,-0.771625,0
879,14.65,0.154983,0.0739,18.0,0.081083,-0.639439,-0.768842,0
880,14.6667,0.148267,0.0747,18.0,0.073567,-0.642788,-0.766044,0
881,14.6833,0.151517,0.0748,18.0,0.076717,-0.646124,-0.763232,0
882,14.7,0.150333,0.0717,18.0,0.078633,-0.649448,-0.760406,0
883,14.7167,0.151517,0.0748,18.0,0.076717,-0.65276,-0.757565,0
884,14.7333,0.150667,0.0733,18.0,0.077367,-0.656059,-0.75471,0
885,14.75,0.152133,0.0757,18.0,0.076433,-0.659346,-0.75184,0
886,14.7667,0.148117,0.0775,18.0,0.070617,-0.66262,-0.748956,0
887,14.7833,0.148433,0.0715,18.0,0.076933,-0.665882,-0.746057,0
888,14.8,0.150017,0.0725,18.0,0.077517,-0.669131,-0.743145,0
889,14.8167,0.148517,0.0754,18.0,0.073117,-0.672367,-0.740218,0
890,14.8333,0.148033,0.0759,18.0,0.072133,-0.67559,-0.737277,0
891,14.85,0.149667,0.0791,18.0,0.070567,-0.678801,-0.734323,0
892,14.8667,0.145483,0.0802,18.0,0.065283,-0.681998,-0.731354,0
893,14.8833,0.147383,0.0729,18.0,0.074483,-0.685183,-0.728371,0
894,14.9,0.144467,0.0738,18.0,0.070667,-0.688355,-0.725374,0
895,14.9167,0.1435,0.0756,18.0,0.0679,-0.691513,-0.722364,0
896,14.9333,0.141733,0.0745,18.0,0.067233,-0.694658,-0.71934,0
897,14.95,0.14395,0.0788,18.0,0.06515,-0.69779,-0.716302,0
898,14.9667,0.141133,0.0729,18.0,0.068233,-0.700909,-0.71325,0
899,14.9833,0.140033,0.0762,18.0,0.063833,-0.704015,-0.710185,0
900,15.0,0.1433,0.0778,18.0,0.0655,-0.707107,-0.707107,0
901,15.0167,0.138217,0.075,18.0,0.063217,-0.710185,-0.704015,0
902,15.0333,0.140767,0.0744,18.0,0.066367,-0.71325,-0.700909,0
903,15.05,0.140167,0.0758,18.0,0.064367,-0.716302,-0.69779,0
904,15.0667,0.13775,0.0746,18.0,0.06315,-0.71934,-0.694658,0
905,15.0833,0.143033,0.0761,18.0,0.066933,-0.722364,-0.691513,0
906,15.1,0.13505,0.072,18.0,0.06305,-0.725374,-0.688355,0
907,15.1167,0.137783,0.076,18.0,0.061783,-0.728371,-0.685183,0
908,15.1333,0.13905,0.0763,18.0,0.06275,-0.731354,-0.681998,0
909,15.15,0.1357,0.0748,18.0,0.0609,-0.734323,-0.678801,0
910,15.1667,0.133767,0.0765,18.0,0.057267,-0.737277,-0.67559,0
911,15.1833,0.134033,0.0745,18.0,0.059533,-0.740218,-0.672367,0
912,15.2,0.132667,0.0752,18.0,0.057467,-0.743145,-0.669131,0
913,15.2167,0.132733,0.0769,18.0,0.055833,-0.746057,-0.665882,0
914,15.2333,0.1335,0.072,18.0,0.0615,-0.748956,-0.66262,0
915,15.25,0.132383,0.0734,18.0,0.058983,-0.75184,-0.659346,0
916,15.2667,0.1315,0.0742,18.0,0.0573,-0.75471,-0.656059,0
917,15.2833,0.12575,0.0784,18.0,0.04735,-0.757565,-0.65276,0
918,15.3,0.130167,0.077,18.0,0.053167,-0.760406,-0.649448,0
919,15.3167,0.126583,0.0768,18.0,0.049783,-0.763232,-0.646124,0
920,15.3333,0.1323,0.0733,18.0,0.059,-0.766044,-0.642788,0
921,15.35,0.123583,0.0741,18.0,0.049483,-0.768842,-0.639439,0
922,15.3667,0.132283,0.0717,18.0,0.060583,-0.771625,-0.636078,0
923,15.3833,0.123633,0.0722,18.0,0.051433,-0.774393,-0.632705,0
924,15.4,0.12725,0.0796,18.0,0.04765,-0.777146,-0.62932,0
925,15.4167,0.130017,0.0795,18.0,0.050517,-0.779884,-0.625923,0
926,15.4333,0.125783,0.074,18.0,0.051783,-0.782608,-0.622515,0
927,15.45,0.127533,0.0738,18.0,0.053733,-0.785317,-0.619094,0
928,15.4667,0.11815,0.076,18.0,0.04215,-0.788011,-0.615661,0
929,15.4833,0.121183,0.0743,18.0,0.046883,-0.79069,-0.612217,0
930,15.5,0.120233,0.0741,18.0,0.046133,-0.793353,-0.608761,0
931,15.5167,0.117433,0.0757,18.0,0.041733,-0.796002,-0.605294,0
932,15.5333,0.118633,0.0731,18.0,0.045533,-0.798636,-0.601815,0
933,15.55,0.116183,0.0719,18.0,0.044283,-0.801254,-0.598325,0
934,15.5667,0.116783,0.0762,18.0,0.040583,-0.803857,-0.594823,0
935,15.5833,0.117033,0.0728,18.0,0.044233,-0.806445,-0.59131,0
936,15.6,0.117917,0.0763,18.0,0.041617,-0.809017,-0.587785,0
937,15.6167,0.117,0.0735,18.0,0.0435,-0.811574,-0.58425,0
938,15.6333,0.115133,0.0758,18.0,0.039333,-0.814116,-0.580703,0
939,15.65,0.117467,0.0376,18.0,0.079867,-0.816642,-0.577145,0
940,15.6667,0.114633,0.0375,18.0,0.077133,-0.819152,-0.573576,0
941,15.6833,0.115033,0.0379,18.0,0.077133,-0.821647,-0.569997,0
942,15.7,0.116983,0.0375,18.0,0.079483,-0.824126,-0.566406,0
943,15.7167,0.114383,0.0381,18.0,0.076283,-0.82659,-0.562805,0
944,15.7333,0.112283,0.0391,18.0,0.073183,-0.829038,-0.559193,0
945,15.75,0.110217,0.0373,18.0,0.072917,-0.83147,-0.55557,0
946,15.7667,0.110617,0.0382,18.0,0.072417,-0.833886,-0.551937,0
947,15.7833,0.112167,0.04,18.0,0.072167,-0.836286,-0.548293,0
948,15.8,0.108383,0.0346,18.0,0.073783,-0.838671,-0.544639,0
949,15.8167,0.1066,0.0345,18.0,0.0721,-0.841039,-0.540974,0
950,15.8333,0.106233,0.0363,18.0,0.069933,-0.843391,-0.5373,0
951,15.85,0.109217,0.0375,18.0,0.071717,-0.845728,-0.533615,0
952,15.8667,0.1036,0.0395,18.0,0.0641,-0.848048,-0.529919,0
953,15.8833,0.105233,0.035,18.0,0.070233,-0.850352,-0.526214,0
954,15.9,0.102133,0.0352,18.0,0.066933,-0.85264,-0.522499,0
955,15.9167,0.10295,0.0381,18.0,0.06485,-0.854912,-0.518773,0
956,15.9333,0.103433,0.0358,18.0,0.067633,-0.857167,-0.515038,0
957,15.95,0.10395,0.0381,18.0,0.06585,-0.859406,-0.511293,0
958,15.9667,0.103833,0.0403,18.0,0.063533,-0.861629,-0.507538,0
959,15.9833,0.097067,0.0365,18.0,0.060567,-0.863836,-0.503774,0
960,16.0,0.1004,0.0381,18.0,0.0623,-0.866025,-0.5,0
961,16.0167,0.098867,0.0411,18.0,0.057767,-0.868199,-0.496217,0
962,16.0333,0.098617,0.0369,18.0,0.061717,-0.870356,-0.492424,0
963,16.05,0.098733,0.0324,18.0,0.066333,-0.872496,-0.488621,0
964,16.0667,0.098283,0.0346,18.0,0.063683,-0.87462,-0.48481,0
965,16.0833,0.092133,0.0369,18.0,0.055233,-0.876727,-0.480989,0
966,16.1,0.0959,0.0376,18.0,0.0583,-0.878817,-0.477159,0
967,16.1167,0.0979,0.0351,18.0,0.0628,-0.880891,-0.47332,0
968,16.1333,0.094917,0.0376,18.0,0.057317,-0.882948,-0.469472,0
969,16.15,0.089783,0.0381,18.0,0.051683,-0.884988,-0.465615,0
970,16.1667,0.090617,0.0384,18.0,0.052217,-0.887011,-0.461749,0
971,16.1833,0.093817,0.038,18.0,0.055817,-0.889017,-0.457874,0
972,16.2,0.0892,0.0369,18.0,0.0523,-0.891007,-0.45399,0
973,16.2167,0.0867,0.0336,18.0,0.0531,-0.892979,-0.450098,0
974,16.2333,0.083367,0.0367,18.0,0.046667,-0.894934,-0.446198,0
975,16.25,0.0884,0.038,18.0,0.0504,-0.896873,-0.442289,0
976,16.2667,0.08725,0.0385,18.0,0.04875,-0.898794,-0.438371,0
977,16.2833,0.087517,0.0399,18.0,0.047617,-0.900698,-0.434445,0
978,16.3,0.0861,0.035,18.0,0.0511,-0.902585,-0.430511,0
979,16.3167,0.084567,0.0362,18.0,0.048367,-0.904455,-0.426569,0
980,16.3333,0.081783,0.0364,18.0,0.045383,-0.906308,-0.422618,0
981,16.35,0.087767,0.0375,18.0,0.050267,-0.908143,-0.41866,0
982,16.3667,0.08435,0.0348,18.0,0.04955,-0.909961,-0.414693,0
983,16.3833,0.082,0.0388,18.0,0.0432,-0.911762,-0.410719,0
984,16.4,0.0814,0.0356,18.0,0.0458,-0.913545,-0.406737,0
985,16.4167,0.080067,0.037,18.0,0.043067,-0.915311,-0.402747,0
986,16.4333,0.0818,0.0362,18.0,0.0456,-0.91706,-0.398749,0
987,16.45,0.080317,0.0323,18.0,0.048017,-0.918791,-0.394744,0
988,16.4667,0.07525,0.0367,18.0,0.03855,-0.920505,-0.390731,0
989,16.4833,0.07935,0.0386,18.0,0.04075,-0.922201,-0.386711,0
990,16.5,0.076067,0.0415,18.0,0.034567,-0.92388,-0.382683,0
991,16.5167,0.077233,0.0354,18.0,0.041833,-0.925541,-0.378649,0
992,16.5333,0.07825,0.0372,18.0,0.04105,-0.927184,-0.374607,0
993,16.55,0.07615,0.0375,18.0,0.03865,-0.92881,-0.370557,0
994,16.5667,0.078,0.0378,18.0,0.0402,-0.930418,-0.366501,0
995,16.5833,0.071167,0.0358,18.0,0.035367,-0.932008,-0.362438,0
996,16.6,0.066783,0.0361,18.0,0.030683,-0.93358,-0.358368,0
997,16.6167,0.066133,0.0372,18.0,0.028933,-0.935135,-0.354291,0
998,16.6333,0.071667,0.0364,18.0,0.035267,-0.936672,-0.350207,0
999,16.65,0.069233,0.0373,18.0,0.031933,-0.938191,-0.346117,0
1000,16.6667,0.066017,0.0375,18.0,0.028517,-0.939693,-0.34202,0
1001,16.6833,0.06675,0.0383,18.0,0.02845,-0.941176,-0.337917,0
1002,16.7,0.065467,0.0381,18.0,0.027367,-0.942641,-0.333807,0
1003,16.7167,0.068817,0.0395,18.0,0.029317,-0.944089,-0.329691,0
1004,16.7333,0.061233,0.0361,18.0,0.025133,-0.945519,-0.325568,0
1005,16.75,0.064417,0.0383,18.0,0.026117,-0.94693,-0.321439,0
1006,16.7667,0.0626,0.0379,18.0,0.0247,-0.948324,-0.317305,0
1007,16.7833,0.06345,0.0383,18.0,0.02515,-0.949699,-0.313164,0
1008,16.8,0.06175,0.0341,18.0,0.02765,-0.951057,-0.309017,0
1009,16.8167,0.063267,0.0395,18.0,0.023767,-0.952396,-0.304864,0
1010,16.8333,0.061567,0.0374,18.0,0.024167,-0.953717,-0.300706,0
1011,16.85,0.059433,0.0354,18.0,0.024033,-0.95502,-0.296542,0
1012,16.8667,0.0557,0.0372,18.0,0.0185,-0.956305,-0.292372,0
1013,16.8833,0.053383,0.0397,18.0,0.013683,-0.957571,-0.288196,0
1014,16.9,0.055317,0.0382,18.0,0.017117,-0.95882,-0.284015,0
1015,16.9167,0.057467,0.0365,18.0,0.020967,-0.96005,-0.279829,0
1016,16.9333,0.0551,0.0374,18.0,0.0177,-0.961262,-0.275637,0
1017,16.95,0.0555,0.0373,18.0,0.0182,-0.962455,-0.27144,0
1018,16.9667,0.052733,0.038,18.0,0.014733,-0.96363,-0.267238,0
1019,16.9833,0.0524,0.0383,18.0,0.0141,-0.964787,-0.263031,0
1020,17.0,0.050467,0.0377,18.0,0.012767,-0.965926,-0.258819,0
1021,17.0167,0.0525,0.0372,18.0,0.0153,-0.967046,-0.254602,0
1022,17.0333,0.049283,0.0364,18.0,0.012883,-0.968148,-0.25038,0
1023,17.05,0.05,0.0343,18.0,0.0157,-0.969231,-0.246153,0
1024,17.0667,0.043167,0.0371,18.0,0.006067,-0.970296,-0.241922,0
1025,17.0833,0.04655,0.0385,18.0,0.00805,-0.971342,-0.237686,0
1026,17.1,0.0459,0.0385,18.0,0.0074,-0.97237,-0.233445,0
1027,17.1167,0.044667,0.0349,18.0,0.009767,-0.973379,-0.2292,0
1028,17.1333,0.04785,0.0397,18.0,0.00815,-0.97437,-0.224951,0
1029,17.15,0.04145,0.0376,18.0,0.00385,-0.975342,-0.220697,0
1030,17.1667,0.041833,0.0369,18.0,0.004933,-0.976296,-0.21644,0
1031,17.1833,0.04235,0.0381,18.0,0.00425,-0.977231,-0.212178,0
1032,17.2,0.036283,0.0384,17.9979,-0.002117,-0.978148,-0.207912,0
1033,17.2167,0.038767,0.0367,18.0,0.002067,-0.979045,-0.203642,0
1034,17.2333,0.041367,0.0332,18.0,0.008167,-0.979925,-0.199368,0
1035,17.25,0.038383,0.0426,17.9958,-0.004217,-0.980785,-0.19509,0
1036,17.2667,0.038433,0.0359,17.9983,0.002533,-0.981627,-0.190809,0
1037,17.2833,0.032983,0.0384,17.9929,-0.005417,-0.98245,-0.186524,0
1038,17.3,0.037933,0.0313,17.9995,0.006633,-0.983255,-0.182236,0
1039,17.3167,0.0388,0.0404,17.9979,-0.0016,-0.984041,-0.177944,0
1040,17.3333,0.037033,0.0354,17.9995,0.001633,-0.984808,-0.173648,0
1041,17.35,0.037567,0.0347,18.0,0.002867,-0.985556,-0.16935,0
1042,17.3667,0.032483,0.0368,17.9957,-0.004317,-0.986286,-0.165048,0
1043,17.3833,0.031417,0.0349,17.9922,-0.003483,-0.986996,-0.160743,0
1044,17.4,0.0289,0.0355,17.9856,-0.0066,-0.987688,-0.156434,0
1045,17.4167,0.031833,0.0349,17.9825,-0.003067,-0.988362,-0.152123,0
1046,17.4333,0.031767,0.0372,17.9771,-0.005433,-0.989016,-0.147809,0
1047,17.45,0.028717,0.0385,17.9673,-0.009783,-0.989651,-0.143493,0
1048,17.4667,0.029283,0.0365,17.9601,-0.007217,-0.990268,-0.139173,0
1049,17.4833,0.02575,0.0342,17.9517,-0.00845,-0.990866,-0.134851,0
1050,17.5,0.0224,0.0396,17.9345,-0.0172,-0.991445,-0.130526,0
1051,17.5167,0.023117,0.0367,17.9209,-0.013583,-0.992005,-0.126199,0
1052,17.5333,0.02655,0.0397,17.9078,-0.01315,-0.992546,-0.121869,0
1053,17.55,0.021117,0.039,17.8899,-0.017883,-0.993068,-0.117537,0
1054,17.5667,0.025517,0.0392,17.8762,-0.013683,-0.993572,-0.113203,0
1055,17.5833,0.0214,0.0376,17.86,-0.0162,-0.994056,-0.108867,0
1056,17.6,0.0216,0.0369,17.8447,-0.0153,-0.994522,-0.104528,0
1057,17.6167,0.016,0.0389,17.8218,-0.0229,-0.994969,-0.100188,0
1058,17.6333,0.017983,0.0374,17.8024,-0.019417,-0.995396,-0.095846,0
1059,17.65,0.02,0.0427,17.7797,-0.0227,-0.995805,-0.091502,0
1060,17.6667,0.016583,0.0343,17.762,-0.017717,-0.996195,-0.087156,0
1061,17.6833,0.0148,0.0356,17.7412,-0.0208,-0.996566,-0.082808,0
1062,17.7,0.0171,0.0397,17.7186,-0.0226,-0.996917,-0.078459,0
1063,17.7167,0.011617,0.0397,17.6905,-0.028083,-0.99725,-0.074108,0
1064,17.7333,0.015417,0.0367,17.6692,-0.021283,-0.997564,-0.069756,0
1065,17.75,0.009917,0.0371,17.642,-0.027183,-0.997859,-0.065403,0
1066,17.7667,0.012817,0.037,17.6178,-0.024183,-0.998135,-0.061049,0
1067,17.7833,0.0133,0.0402,17.5909,-0.0269,-0.998392,-0.056693,0
1068,17.8,0.010267,0.0372,17.564,-0.026933,-0.99863,-0.052336,0
1069,17.8167,0.008067,0.0377,17.5344,-0.029633,-0.998848,-0.047978,0
1070,17.8333,0.007317,0.0392,17.5025,-0.031883,-0.999048,-0.043619,0
1071,17.85,0.007183,0.0367,17.473,-0.029517,-0.999229,-0.03926,0
1072,17.8667,0.009567,0.0378,17.4448,-0.028233,-0.999391,-0.034899,0
1073,17.8833,0.006333,0.0348,17.4163,-0.028467,-0.999534,-0.030539,0
1074,17.9,0.00605,0.0373,17.385,-0.03125,-0.999657,-0.026177,0
1075,17.9167,0.0098,0.0369,17.3579,-0.0271,-0.999762,-0.021815,0
1076,17.9333,0.006367,0.0399,17.3244,-0.033533,-0.999848,-0.017452,0
1077,17.95,0.003033,0.0386,17.2888,-0.035567,-0.999914,-0.01309,0
1078,17.9667,0.0,0.0412,17.2476,-0.0412,-0.999962,-0.008727,0
1079,17.9833,0.001433,0.0401,17.2089,-0.038667,-0.99999,-0.004363,0
1080,18.0,0.0,0.0867,17.1222,-0.0867,-1.0,-0.0,0
1081,18.0167,0.0,0.0855,17.0367,-0.0855,-0.99999,0.004363,0
1082,18.0333,0.0,0.0866,16.9501,-0.0866,-0.999962,0.008727,0
1083,18.05,0.0,0.0861,16.864,-0.0861,-0.999914,0.01309,0
1084,18.0667,0.0,0.0863,16.7777,-0.0863,-0.999848,0.017452,0
1085,18.0833,0.0,0.0834,16.6943,-0.0834,-0.999762,0.021815,0
1086,18.1,0.0,0.0824,16.6119,-0.0824,-0.999657,0.026177,0
1087,18.1167,0.0,0.084,16.5279,-0.084,-0.999534,0.030539,0
1088,18.1333,0.0,0.0851,16.4428,-0.0851,-0.999391,0.034899,0
1089,18.15,0.0,0.09,16.3528,-0.09,-0.999229,0.03926,0
1090,18.1667,0.0,0.0819,16.2709,-0.0819,-0.999048,0.043619,0
1091,18.1833,0.0,0.0861,16.1848,-0.0861,-0.998848,0.047978,0
1092,18.2,0.0,0.0832,16.1016,-0.0832,-0.99863,0.052336,0
1093,18.2167,0.0,0.0838,16.0178,-0.0838,-0.998392,0.056693,0
1094,18.2333,0.0,0.0841,15.9337,-0.0841,-0.998135,0.061049,0
1095,18.25,0.0,0.0834,15.8503,-0.0834,-0.997859,0.065403,0
1096,18.2667,0.0,0.085,15.7653,-0.085,-0.997564,0.069756,0
1097,18.2833,0.0,0.0878,15.6775,-0.0878,-0.99725,0.074108,0
1098,18.3,0.0,0.086,15.5915,-0.086,-0.996917,0.078459,0
1099,18.3167,0.0,0.0855,15.506,-0.0855,-0.996566,0.082808,0
1100,18.3333,0.0,0.082,15.424,-0.082,-0.996195,0.087156,0
1101,18.35,0.0,0.0843,15.3397,-0.0843,-0.995805,0.091502,0
1102,18.3667,0.0,0.0804,15.2593,-0.0804,-0.995396,0.095846,0
1103,18.3833,0.0,0.0873,15.172,-0.0873,-0.994969,0.100188,0
1104,18.4,0.0,0.0852,15.0868,-0.0852,-0.994522,0.104528,0
1105,18.4167,0.0,0.0848,15.002,-0.0848,-0.994056,0.108867,0
1106,18.4333,0.0,0.0857,14.9163,-0.0857,-0.993572,0.113203,0
1107,18.45,0.0,0.0821,14.8342,-0.0821,-0.993068,0.117537,0
1108,18.4667,0.0,0.0843,14.7499,-0.0843,-0.992546,0.121869,0
1109,18.4833,0.0,0.0838,14.6661,-0.0838,-0.992005,0.126199,0
1110,18.5,0.0,0.087,14.5791,-0.087,-0.991445,0.130526,0
1111,18.5167,0.0,0.085,14.4941,-0.085,-0.990866,0.134851,0
1112,18.5333,0.0,0.0837,14.4104,-0.0837,-0.990268,0.139173,0
1113,18.55,0.0,0.0853,14.3251,-0.0853,-0.989651,0.143493,0
1114,18.5667,0.0,0.0875,14.2376,-0.0875,-0.989016,0.147809,0
1115,18.5833,0.0,0.0853,14.1523,-0.0853,-0.988362,0.152123,0
1116,18.6,0.0,0.0886,14.0637,-0.0886,-0.987688,0.156434,0
1117,18.6167,0.0,0.083,13.9807,-0.083,-0.986996,0.160743,0
1118,18.6333,0.0,0.0853,13.8954,-0.0853,-0.986286,0.165048,0
1119,18.65,0.0,0.0847,13.8107,-0.0847,-0.985556,0.16935,0
1120,18.6667,0.0,0.0881,13.7226,-0.0881,-0.984808,0.173648,0
1121,18.6833,0.0,0.0864,13.6362,-0.0864,-0.984041,0.177944,0
1122,18.7,0.0,0.1219,13.5143,-0.1219,-0.983255,0.182236,0
1123,18.7167,0.0,0.1206,13.3937,-0.1206,-0.98245,0.186524,0
1124,18.7333,0.0,0.128,13.2657,-0.128,-0.981627,0.190809,0
1125,18.75,0.0,0.125,13.1407,-0.125,-0.980785,0.19509,0
1126,18.7667,0.0,0.1237,13.017,-0.1237,-0.979925,0.199368,0
1127,18.7833,0.0,0.1208,12.8962,-0.1208,-0.979045,0.203642,0
1128,18.8,0.0,0.1207,12.7755,-0.1207,-0.978148,0.207912,0
1129,18.8167,0.0,0.1223,12.6532,-0.1223,-0.977231,0.212178,0
1130,18.8333,0.0,0.1221,12.5311,-0.1221,-0.976296,0.21644,0
1131,18.85,0.0,0.1265,12.4046,-0.1265,-0.975342,0.220697,0
1132,18.8667,0.0,0.125,12.2796,-0.125,-0.97437,0.224951,0
1133,18.8833,0.0,0.121,12.1586,-0.121,-0.973379,0.2292,0
1134,18.9,0.0,0.1232,12.0354,-0.1232,-0.97237,0.233445,0
1135,18.9167,0.0,0.1196,11.9158,-0.1196,-0.971342,0.237686,0
1136,18.9333,0.0,0.1219,11.7939,-0.1219,-0.970296,0.241922,0
1137,18.95,0.0,0.1256,11.6683,-0.1256,-0.969231,0.246153,0
1138,18.9667,0.0,0.1214,11.5469,-0.1214,-0.968148,0.25038,0
1139,18.9833,0.0,0.1226,11.4243,-0.1226,-0.967046,0.254602,0
1140,19.0,0.0,0.1263,11.298,-0.1263,-0.965926,0.258819,0
1141,19.0167,0.0,0.1247,11.1733,-0.1247,-0.964787,0.263031,0
1142,19.0333,0.0,0.1226,11.0507,-0.1226,-0.96363,0.267238,0
1143,19.05,0.0,0.1219,10.9288,-0.1219,-0.962455,0.27144,0
1144,19.0667,0.0,0.1273,10.8015,-0.1273,-0.961262,0.275637,0
1145,19.0833,0.0,0.1247,10.6768,-0.1247,-0.96005,0.279829,0
1146,19.1,0.0,0.1262,10.5506,-0.1262,-0.95882,0.284015,0
1147,19.1167,0.0,0.1216,10.429,-0.1216,-0.957571,0.288196,0
1148,19.1333,0.0,0.1248,10.3042,-0.1248,-0.956305,0.292372,0
1149,19.15,0.0,0.1201,10.1841,-0.1201,-0.95502,0.296542,0
1150,19.1667,0.0,0.1229,10.0612,-0.1229,-0.953717,0.300706,0
1151,19.1833,0.0,0.1267,9.9345,-0.1267,-0.952396,0.304864,0
1152,19.2,0.0,0.1242,9.8103,-0.1242,-0.951057,0.309017,0
1153,19.2167,0.0,0.1248,9.6855,-0.1248,-0.949699,0.313164,0
1154,19.2333,0.0,0.1236,9.5619,-0.1236,-0.948324,0.317305,0
1155,19.25,0.0,0.1243,9.4376,-0.1243,-0.94693,0.321439,0
1156,19.2667,0.0,0.1248,9.3128,-0.1248,-0.945519,0.325568,0
1157,19.2833,0.0,0.1253,9.1875,-0.1253,-0.944089,0.329691,0
1158,19.3,0.0,0.1221,9.0654,-0.1221,-0.942641,0.333807,0
1159,19.3167,0.0,0.1248,8.9406,-0.1248,-0.941176,0.337917,0
1160,19.3333,0.0,0.1234,8.8172,-0.1234,-0.939693,0.34202,0
1161,19.35,0.0,0.1264,8.6908,-0.1264,-0.938191,0.346117,0
1162,19.3667,0.0,0.1199,8.5709,-0.1199,-0.936672,0.350207,0
1163,19.3833,0.0,0.1215,8.4494,-0.1215,-0.935135,0.354291,0
1164,19.4,0.0,0.122,8.3274,-0.122,-0.93358,0.358368,0
1165,19.4167,0.0,0.1218,8.2056,-0.1218,-0.932008,0.362438,0
1166,19.4333,0.0,0.1227,8.0829,-0.1227,-0.930418,0.366501,0
1167,19.45,0.0,0.1226,7.9603,-0.1226,-0.92881,0.370557,0
1168,19.4667,0.0,0.1248,7.8355,-0.1248,-0.927184,0.374607,0
1169,19.4833,0.0,0.1237,7.7118,-0.1237,-0.925541,0.378649,0
1170,19.5,0.0,0.1274,7.5844,-0.1274,-0.92388,0.382683,0
1171,19.5167,0.0,0.1226,7.4618,-0.1226,-0.922201,0.386711,0
1172,19.5333,0.0,0.1248,7.337,-0.1248,-0.920505,0.390731,0
1173,19.55,0.0,0.1209,7.2161,-0.1209,-0.918791,0.394744,0
1174,19.5667,0.0,0.1223,7.0938,-0.1223,-0.91706,0.398749,0
1175,19.5833,0.0,0.1236,6.9702,-0.1236,-0.915311,0.402747,0
1176,19.6,0.0,0.0826,6.8876,-0.0826,-0.913545,0.406737,0
1177,19.6167,0.0,0.0872,6.8004,-0.0872,-0.911762,0.410719,0
1178,19.6333,0.0,0.0851,6.7153,-0.0851,-0.909961,0.414693,0
1179,19.65,0.0,0.0826,6.6327,-0.0826,-0.908143,0.41866,0
1180,19.6667,0.0,0.0853,6.5474,-0.0853,-0.906308,0.422618,0
1181,19.6833,0.0,0.0884,6.459,-0.0884,-0.904455,0.426569,0
1182,19.7,0.0,0.088,6.371,-0.088,-0.902585,0.430511,0
1183,19.7167,0.0,0.0873,6.2837,-0.0873,-0.900698,0.434445,0
1184,19.7333,0.0,0.0835,6.2002,-0.0835,-0.898794,0.438371,0
1185,19.75,0.0,0.084,6.1162,-0.084,-0.896873,0.442289,0
1186,19.7667,0.0,0.083,6.0332,-0.083,-0.894934,0.446198,0
1187,19.7833,0.0,0.0849,5.9483,-0.0849,-0.892979,0.450098,0
1188,19.8,0.0,0.0898,5.8585,-0.0898,-0.891007,0.45399,0
1189,19.8167,0.0,0.0841,5.7744,-0.0841,-0.889017,0.457874,0
1190,19.8333,0.0,0.084,5.6904,-0.084,-0.887011,0.461749,0
1191,19.85,0.0,0.0875,5.6029,-0.0875,-0.884988,0.465615,0
1192,19.8667,0.0,0.0852,5.5177,-0.0852,-0.882948,0.469472,0
1193,19.8833,0.0,0.0838,5.4339,-0.0838,-0.880891,0.47332,0
1194,19.9,0.0,0.0856,5.3483,-0.0856,-0.878817,0.477159,0
1195,19.9167,0.0,0.0845,5.2638,-0.0845,-0.876727,0.480989,0
1196,19.9333,0.0,0.0845,5.1793,-0.0845,-0.87462,0.48481,0
1197,19.95,0.0,0.0854,5.0939,-0.0854,-0.872496,0.488621,0
1198,19.9667,0.0,0.0861,5.0078,-0.0861,-0.870356,0.492424,0
1199,19.9833,0.0,0.0874,4.9204,-0.0874,-0.868199,0.496217,0
1200,20.0,0.0,0.0839,4.8365,-0.0839,-0.866025,0.5,0
1201,20.0167,0.0,0.0837,4.7528,-0.0837,-0.863836,0.503774,0
1202,20.0333,0.0,0.0827,4.6701,-0.0827,-0.861629,0.507538,0
1203,20.05,0.0,0.0867,4.5834,-0.0867,-0.859406,0.511293,0
1204,20.0667,0.0,0.0876,4.4958,-0.0876,-0.857167,0.515038,0
1205,20.0833,0.0,0.0875,4.4083,-0.0875,-0.854912,0.518773,0
1206,20.1,0.0,0.0852,4.3231,-0.0852,-0.85264,0.522499,0
1207,20.1167,0.0,0.0832,4.2399,-0.0832,-0.850352,0.526214,0
1208,20.1333,0.0,0.0873,4.1526,-0.0873,-0.848048,0.529919,0
1209,20.15,0.0,0.0867,4.0659,-0.0867,-0.845728,0.533615,0
1210,20.1667,0.0,0.0855,3.9804,-0.0855,-0.843391,0.5373,0
1211,20.1833,0.0,0.0861,3.8943,-0.0861,-0.841039,0.540974,0
1212,20.2,0.0,0.0828,3.8115,-0.0828,-0.838671,0.544639,0
1213,20.2167,0.0,0.085,3.7265,-0.085,-0.836286,0.548293,0
1214,20.2333,0.0,0.0869,3.6396,-0.0869,-0.833886,0.551937,0
1215,20.25,0.0,0.0861,3.5535,-0.0861,-0.83147,0.55557,0
1216,20.2667,0.0,0.0839,3.4696,-0.0839,-0.829038,0.559193,0
1217,20.2833,0.0,0.0861,3.3835,-0.0861,-0.82659,0.562805,0
1218,20.3,0.0,0.0842,3.2993,-0.0842,-0.824126,0.566406,0
1219,20.3167,0.0,0.0849,3.2144,-0.0849,-0.821647,0.569997,0
1220,20.3333,0.0,0.0851,3.1293,-0.0851,-0.819152,0.573576,0
1221,20.35,0.0,0.0847,3.0446,-0.0847,-0.816642,0.577145,0
1222,20.3667,0.0,0.0826,2.962,-0.0826,-0.814116,0.580703,0
1223,20.3833,0.0,0.0861,2.8759,-0.0861,-0.811574,0.58425,0
1224,20.4,0.0,0.0858,2.7901,-0.0858,-0.809017,0.587785,0
1225,20.4167,0.0,0.0857,2.7044,-0.0857,-0.806445,0.59131,0
1226,20.4333,0.0,0.0844,2.62,-0.0844,-0.803857,0.594823,0
1227,20.45,0.0,0.0856,2.5344,-0.0856,-0.801254,0.598325,0
1228,20.4667,0.0,0.0826,2.4518,-0.0826,-0.798636,0.601815,0
1229,20.4833,0.0,0.083,2.3688,-0.083,-0.796002,0.605294,0
1230,20.5,0.0,0.0882,2.2806,-0.0882,-0.793353,0.608761,0
1231,20.5167,0.0,0.0877,2.1929,-0.0877,-0.79069,0.612217,0
1232,20.5333,0.0,0.0862,2.1067,-0.0862,-0.788011,0.615661,0
1233,20.55,0.0,0.0827,2.024,-0.0827,-0.785317,0.619094,0
1234,20.5667,0.0,0.0829,1.9411,-0.0829,-0.782608,0.622515,0
1235,20.5833,0.0,0.0855,1.8556,-0.0855,-0.779884,0.625923,0
1236,20.6,0.0,0.0891,1.7665,-0.0891,-0.777146,0.62932,0
1237,20.6167,0.0,0.0833,1.6832,-0.0833,-0.774393,0.632705,0
1238,20.6333,0.0,0.0836,1.5996,-0.0836,-0.771625,0.636078,0
1239,20.65,0.0,0.083,1.5166,-0.083,-0.768842,0.639439,0
1240,20.6667,0.0,0.0848,1.4318,-0.0848,-0.766044,0.642788,0
1241,20.6833,0.0,0.0858,1.346,-0.0858,-0.763232,0.646124,0
1242,20.7,0.0,0.0855,1.2605,-0.0855,-0.760406,0.649448,0
1243,20.7167,0.0,0.0854,1.1751,-0.0854,-0.757565,0.65276,0
1244,20.7333,0.0,0.0853,1.0898,-0.0853,-0.75471,0.656059,0
1245,20.75,0.0,0.0862,1.0036,-0.0862,-0.75184,0.659346,0
1246,20.7667,0.0,0.086,0.9176,-0.086,-0.748956,0.66262,0
1247,20.7833,0.0,0.0843,0.8333,-0.0843,-0.746057,0.665882,0
1248,20.8,0.0,0.0882,0.7451,-0.0882,-0.743145,0.669131,0
1249,20.8167,0.0,0.0831,0.662,-0.0831,-0.740218,0.672367,0
1250,20.8333,0.0,0.0869,0.5751,-0.0869,-0.737277,0.67559,0
1251,20.85,0.0,0.0855,0.4896,-0.0855,-0.734323,0.678801,0
1252,20.8667,0.0,0.0856,0.404,-0.0856,-0.731354,0.681998,0
1253,20.8833,0.0,0.0885,0.3155,-0.0885,-0.728371,0.685183,0
1254,20.9,0.0,0.0838,0.2317,-0.0838,-0.725374,0.688355,0
1255,20.9167,0.0,0.086,0.1457,-0.086,-0.722364,0.691513,0
1256,20.9333,0.0,0.084,0.0617,-0.084,-0.71934,0.694658,0
1257,20.95,0.0,0.0812,0.0,-0.0812,-0.716302,0.69779,1
1258,20.9667,0.0,0.0853,0.0,-0.0853,-0.71325,0.700909,1
1259,20.9833,0.0,0.0843,0.0,-0.0843,-0.710185,0.704015,1
1260,21.0,0.0,0.0842,0.0,-0.0842,-0.707107,0.707107,1
1261,21.0167,0.0,0.0822,0.0,-0.0822,-0.704015,0.710185,1
1262,21.0333,0.0,0.087,0.0,-0.087,-0.700909,0.71325,1
1263,21.05,0.0,0.0839,0.0,-0.0839,-0.69779,0.716302,1
1264,21.0667,0.0,0.088,0.0,-0.088,-0.694658,0.71934,1
1265,21.0833,0.0,0.081,0.0,-0.081,-0.691513,0.722364,1
1266,21.1,0.0,0.0834,0.0,-0.0834,-0.688355,0.725374,1
1267,21.1167,0.0,0.0845,0.0,-0.0845,-0.685183,0.728371,1
1268,21.1333,0.0,0.0847,0.0,-0.0847,-0.681998,0.731354,1
1269,21.15,0.0,0.0867,0.0,-0.0867,-0.678801,0.734323,1
1270,21.1667,0.0,0.0841,0.0,-0.0841,-0.67559,0.737277,1
1271,21.1833,0.0,0.0829,0.0,-0.0829,-0.672367,0.740218,1
1272,21.2,0.0,0.0846,0.0,-0.0846,-0.669131,0.743145,1
1273,21.2167,0.0,0.0856,0.0,-0.0856,-0.665882,0.746057,1
1274,21.2333,0.0,0.0849,0.0,-0.0849,-0.66262,0.748956,1
1275,21.25,0.0,0.0839,0.0,-0.0839,-0.659346,0.75184,1
1276,21.2667,0.0,0.0852,0.0,-0.0852,-0.656059,0.75471,1
1277,21.2833,0.0,0.0858,0.0,-0.0858,-0.65276,0.757565,1
1278,21.3,0.0,0.086,0.0,-0.086,-0.649448,0.760406,1
1279,21.3167,0.0,0.0855,0.0,-0.0855,-0.646124,0.763232,1
1280,21.3333,0.0,0.0837,0.0,-0.0837,-0.642788,0.766044,1
1281,21.35,0.0,0.0874,0.0,-0.0874,-0.639439,0.768842,1
1282,21.3667,0.0,0.0821,0.0,-0.0821,-0.636078,0.771625,1
1283,21.3833,0.0,0.0814,0.0,-0.0814,-0.632705,0.774393,1
1284,21.4,0.0,0.0826,0.0,-0.0826,-0.62932,0.777146,1
1285,21.4167,0.0,0.0864,0.0,-0.0864,-0.625923,0.779884,1
1286,21.4333,0.0,0.0838,0.0,-0.0838,-0.622515,0.782608,1
1287,21.45,0.0,0.0853,0.0,-0.0853,-0.619094,0.785317,1
1288,21.4667,0.0,0.0858,0.0,-0.0858,-0.615661,0.788011,1
1289,21.4833,0.0,0.0834,0.0,-0.0834,-0.612217,0.79069,1
1290,21.5,0.0,0.0871,0.0,-0.0871,-0.608761,0.793353,1
1291,21.5167,0.0,0.084,0.0,-0.084,-0.605294,0.796002,1
1292,21.5333,0.0,0.0836,0.0,-0.0836,-0.601815,0.798636,1
1293,21.55,0.0,0.0847,0.0,-0.0847,-0.598325,0.801254,1
1294,21.5667,0.0,0.0866,0.0,-0.0866,-0.594823,0.803857,1
1295,21.5833,0.0,0.0839,0.0,-0.0839,-0.59131,0.806445,1
1296,21.6,0.0,0.0832,0.0,-0.0832,-0.587785,0.809017,1
1297,21.6167,0.0,0.085,0.0,-0.085,-0.58425,0.811574,1
1298,21.6333,0.0,0.0841,0.0,-0.0841,-0.580703,0.814116,1
1299,21.65,0.0,0.0842,0.0,-0.0842,-0.577145,0.816642,1
1300,21.6667,0.0,0.0853,0.0,-0.0853,-0.573576,0.819152,1
1301,21.6833,0.0,0.0853,0.0,-0.0853,-0.569997,0.821647,1
1302,21.7,0.0,0.0844,0.0,-0.0844,-0.566406,0.824126,1
1303,21.7167,0.0,0.0849,0.0,-0.0849,-0.562805,0.82659,1
1304,21.7333,0.0,0.0865,0.0,-0.0865,-0.559193,0.829038,1
1305,21.75,0.0,0.0854,0.0,-0.0854,-0.55557,0.83147,1
1306,21.7667,0.0,0.0844,0.0,-0.0844,-0.551937,0.833886,1
1307,21.7833,0.0,0.0825,0.0,-0.0825,-0.548293,0.836286,1
1308,21.8,0.0,0.0818,0.0,-0.0818,-0.544639,0.838671,1
1309,21.8167,0.0,0.0869,0.0,-0.0869,-0.540974,0.841039,1
1310,21.8333,0.0,0.0834,0.0,-0.0834,-0.5373,0.843391,1
1311,21.85,0.0,0.0839,0.0,-0.0839,-0.533615,0.845728,1
1312,21.8667,0.0,0.0866,0.0,-0.0866,-0.529919,0.848048,1
1313,21.8833,0.0,0.0853,0.0,-0.0853,-0.526214,0.850352,1
1314,21.9,0.0,0.0849,0.0,-0.0849,-0.522499,0.85264,1
1315,21.9167,0.0,0.0835,0.0,-0.0835,-0.518773,0.854912,1
1316,21.9333,0.0,0.0836,0.0,-0.0836,-0.515038,0.857167,1
1317,21.95,0.0,0.0881,0.0,-0.0881,-0.511293,0.859406,1
1318,21.9667,0.0,0.0819,0.0,-0.0819,-0.507538,0.861629,1
1319,21.9833,0.0,0.0859,0.0,-0.0859,-0.503774,0.863836,1
1320,22.0,0.0,0.0202,0.0,-0.0202,-0.5,0.866025,1
1321,22.0167,0.0,0.0245,0.0,-0.0245,-0.496217,0.868199,1
1322,22.0333,0.0,0.0196,0.0,-0.0196,-0.492424,0.870356,1
1323,22.05,0.0,0.02,0.0,-0.02,-0.488621,0.872496,1
1324,22.0667,0.0,0.0208,0.0,-0.0208,-0.48481,0.87462,1
1325,22.0833,0.0,0.0223,0.0,-0.0223,-0.480989,0.876727,1
1326,22.1,0.0,0.0226,0.0,-0.0226,-0.477159,0.878817,1
1327,22.1167,0.0,0.022,0.0,-0.022,-0.47332,0.880891,1
1328,22.1333,0.0,0.0206,0.0,-0.0206,-0.469472,0.882948,1
1329,22.15,0.0,0.0226,0.0,-0.0226,-0.465615,0.884988,1
1330,22.1667,0.0,0.0188,0.0,-0.0188,-0.461749,0.887011,1
1331,22.1833,0.0,0.018,0.0,-0.018,-0.457874,0.889017,1
1332,22.2,0.0,0.0192,0.0,-0.0192,-0.45399,0.891007,1
1333,22.2167,0.0,0.0217,0.0,-0.0217,-0.450098,0.892979,1
1334,22.2333,0.0,0.0164,0.0,-0.0164,-0.446198,0.894934,1
1335,22.25,0.0,0.0181,0.0,-0.0181,-0.442289,0.896873,1
1336,22.2667,0.0,0.017,0.0,-0.017,-0.438371,0.898794,1
1337,22.2833,0.0,0.0202,0.0,-0.0202,-0.434445,0.900698,1
1338,22.3,0.0,0.0187,0.0,-0.0187,-0.430511,0.902585,1
1339,22.3167,0.0,0.0179,0.0,-0.0179,-0.426569,0.904455,1
1340,22.3333,0.0,0.0187,0.0,-0.0187,-0.422618,0.906308,1
1341,22.35,0.0,0.0195,0.0,-0.0195,-0.41866,0.908143,1
1342,22.3667,0.0,0.0202,0.0,-0.0202,-0.414693,0.909961,1
1343,22.3833,0.0,0.0221,0.0,-0.0221,-0.410719,0.911762,1
1344,22.4,0.0,0.021,0.0,-0.021,-0.406737,0.913545,1
1345,22.4167,0.0,0.0205,0.0,-0.0205,-0.402747,0.915311,1
1346,22.4333,0.0,0.0183,0.0,-0.0183,-0.398749,0.91706,1
1347,22.45,0.0,0.0165,0.0,-0.0165,-0.394744,0.918791,1
1348,22.4667,0.0,0.0205,0.0,-0.0205,-0.390731,0.920505,1
1349,22.4833,0.0,0.0232,0.0,-0.0232,-0.386711,0.922201,1
1350,22.5,0.0,0.0195,0.0,-0.0195,-0.382683,0.92388,1
1351,22.5167,0.0,0.0217,0.0,-0.0217,-0.378649,0.925541,1
1352,22.5333,0.0,0.0222,0.0,-0.0222,-0.374607,0.927184,1
1353,22.55,0.0,0.0165,0.0,-0.0165,-0.370557,0.92881,1
1354,22.5667,0.0,0.0197,0.0,-0.0197,-0.366501,0.930418,1
1355,22.5833,0.0,0.0186,0.0,-0.0186,-0.362438,0.932008,1
1356,22.6,0.0,0.0211,0.0,-0.0211,-0.358368,0.93358,1
1357,22.6167,0.0,0.017,0.0,-0.017,-0.354291,0.935135,1
1358,22.6333,0.0,0.0197,0.0,-0.0197,-0.350207,0.936672,1
1359,22.65,0.0,0.018,0.0,-0.018,-0.346117,0.938191,1
1360,22.6667,0.0,0.0197,0.0,-0.0197,-0.34202,0.939693,1
1361,22.6833,0.0,0.0226,0.0,-0.0226,-0.337917,0.941176,1
1362,22.7,0.0,0.0191,0.0,-0.0191,-0.333807,0.942641,1
1363,22.7167,0.0,0.0197,0.0,-0.0197,-0.329691,0.944089,1
1364,22.7333,0.0,0.0212,0.0,-0.0212,-0.325568,0.945519,1
1365,22.75,0.0,0.0186,0.0,-0.0186,-0.321439,0.94693,1
1366,22.7667,0.0,0.0184,0.0,-0.0184,-0.317305,0.948324,1
1367,22.7833,0.0,0.021,0.0,-0.021,-0.313164,0.949699,1
1368,22.8,0.0,0.0208,0.0,-0.0208,-0.309017,0.951057,1
1369,22.8167,0.0,0.0176,0.0,-0.0176,-0.304864,0.952396,1
1370,22.8333,0.0,0.0209,0.0,-0.0209,-0.300706,0.953717,1
1371,22.85,0.0,0.0217,0.0,-0.0217,-0.296542,0.95502,1
1372,22.8667,0.0,0.0173,0.0,-0.0173,-0.292372,0.956305,1
1373,22.8833,0.0,0.0212,0.0,-0.0212,-0.288196,0.957571,1
1374,22.9,0.0,0.0201,0.0,-0.0201,-0.284015,0.95882,1
1375,22.9167,0.0,0.022,0.0,-0.022,-0.279829,0.96005,1
1376,22.9333,0.0,0.0192,0.0,-0.0192,-0.275637,0.961262,1
1377,22.95,0.0,0.0192,0.0,-0.0192,-0.27144,0.962455,1
1378,22.9667,0.0,0.021,0.0,-0.021,-0.267238,0.96363,1
1379,22.9833,0.0,0.0227,0.0,-0.0227,-0.263031,0.964787,1
1380,23.0,0.0,0.0214,0.0,-0.0214,-0.258819,0.965926,1
1381,23.0167,0.0,0.0213,0.0,-0.0213,-0.254602,0.967046,1
1382,23.0333,0.0,0.0214,0.0,-0.0214,-0.25038,0.968148,1
1383,23.05,0.0,0.0197,0.0,-0.0197,-0.246153,0.969231,1
1384,23.0667,0.0,0.0177,0.0,-0.0177,-0.241922,0.970296,1
1385,23.0833,0.0,0.0229,0.0,-0.0229,-0.237686,0.971342,1
1386,23.1,0.0,0.0191,0.0,-0.0191,-0.233445,0.97237,1
1387,23.1167,0.0,0.0196,0.0,-0.0196,-0.2292,0.973379,1
1388,23.1333,0.0,0.0222,0.0,-0.0222,-0.224951,0.97437,1
1389,23.15,0.0,0.0231,0.0,-0.0231,-0.220697,0.975342,1
1390,23.1667,0.0,0.0213,0.0,-0.0213,-0.21644,0.976296,1
1391,23.1833,0.0,0.0198,0.0,-0.0198,-0.212178,0.977231,1
1392,23.2,0.0,0.0198,0.0,-0.0198,-0.207912,0.978148,1
1393,23.2167,0.0,0.0215,0.0,-0.0215,-0.203642,0.979045,1
1394,23.2333,0.0,0.0186,0.0,-0.0186,-0.199368,0.979925,1
1395,23.25,0.0,0.0219,0.0,-0.0219,-0.19509,0.980785,1
1396,23.2667,0.0,0.021,0.0,-0.021,-0.190809,0.981627,1
1397,23.2833,0.0,0.02,0.0,-0.02,-0.186524,0.98245,1
1398,23.3,0.0,0.0189,0.0,-0.0189,-0.182236,0.983255,1
1399,23.3167,0.0,0.0177,0.0,-0.0177,-0.177944,0.984041,1
1400,23.3333,0.0,0.0215,0.0,-0.0215,-0.173648,0.984808,1
1401,23.35,0.0,0.0214,0.0,-0.0214,-0.16935,0.985556,1
1402,23.3667,0.0,0.0193,0.0,-0.0193,-0.165048,0.986286,1
1403,23.3833,0.0,0.0223,0.0,-0.0223,-0.160743,0.986996,1
1404,23.4,0.0,0.0175,0.0,-0.0175,-0.156434,0.987688,1
1405,23.4167,0.0,0.0212,0.0,-0.0212,-0.152123,0.988362,1
1406,23.4333,0.0,0.0183,0.0,-0.0183,-0.147809,0.989016,1
1407,23.45,0.0,0.0206,0.0,-0.0206,-0.143493,0.989651,1
1408,23.4667,0.0,0.0223,0.0,-0.0223,-0.139173,0.990268,1
1409,23.4833,0.0,0.0217,0.0,-0.0217,-0.134851,0.990866,1
1410,23.5,0.0,0.0201,0.0,-0.0201,-0.130526,0.991445,1
1411,23.5167,0.0,0.0192,0.0,-0.0192,-0.126199,0.992005,1
1412,23.5333,0.0,0.0195,0.0,-0.0195,-0.121869,0.992546,1
1413,23.55,0.0,0.0219,0.0,-0.0219,-0.117537,0.993068,1
1414,23.5667,0.0,0.0179,0.0,-0.0179,-0.113203,0.993572,1
1415,23.5833,0.0,0.022,0.0,-0.022,-0.108867,0.994056,1
1416,23.6,0.0,0.0222,0.0,-0.0222,-0.104528,0.994522,1
1417,23.6167,0.0,0.0203,0.0,-0.0203,-0.100188,0.994969,1
1418,23.6333,0.0,0.0233,0.0,-0.0233,-0.095846,0.995396,1
1419,23.65,0.0,0.0223,0.0,-0.0223,-0.091502,0.995805,1
1420,23.6667,0.0,0.0212,0.0,-0.0212,-0.087156,0.996195,1
1421,23.6833,0.0,0.023,0.0,-0.023,-0.082808,0.996566,1
1422,23.7,0.0,0.0177,0.0,-0.0177,-0.078459,0.996917,1
1423,23.7167,0.0,0.0164,0.0,-0.0164,-0.074108,0.99725,1
1424,23.7333,0.0,0.0233,0.0,-0.0233,-0.069756,0.997564,1
1425,23.75,0.0,0.0221,0.0,-0.0221,-0.065403,0.997859,1
1426,23.7667,0.0,0.0214,0.0,-0.0214,-0.061049,0.998135,1
1427,23.7833,0.0,0.0204,0.0,-0.0204,-0.056693,0.998392,1
1428,23.8,0.0,0.0247,0.0,-0.0247,-0.052336,0.99863,1
1429,23.8167,0.0,0.0223,0.0,-0.0223,-0.047978,0.998848,1
1430,23.8333,0.0,0.0195,0.0,-0.0195,-0.043619,0.999048,1
1431,23.85,0.0,0.0211,0.0,-0.0211,-0.03926,0.999229,1
1432,23.8667,0.0,0.0192,0.0,-0.0192,-0.034899,0.999391,1
1433,23.8833,0.0,0.0213,0.0,-0.0213,-0.030539,0.999534,1
1434,23.9,0.0,0.022,0.0,-0.022,-0.026177,0.999657,1
1435,23.9167,0.0,0.0166,0.0,-0.0166,-0.021815,0.999762,1
1436,23.9333,0.0,0.0211,0.0,-0.0211,-0.017452,0.999848,1
1437,23.95,0.0,0.023,0.0,-0.023,-0.01309,0.999914,1
1438,23.9667,0.0,0.0217,0.0,-0.0217,-0.008727,0.999962,1
1439,23.9833,0.0,0.0159,0.0,-0.0159,-0.004363,0.99999,1
1440,0.0,0.0,0.0227,0.0,-0.0227,0.0,1.0,1
1441,0.0167,0.0,0.0235,0.0,-0.0235,0.004363,0.99999,1
1442,0.0333,0.0,0.0173,0.0,-0.0173,0.008727,0.999962,1
1443,0.05,0.0,0.0194,0.0,-0.0194,0.01309,0.999914,1
1444,0.0667,0.0,0.0218,0.0,-0.0218,0.017452,0.999848,1
1445,0.0833,0.0,0.0181,0.0,-0.0181,0.021815,0.999762,1
1446,0.1,0.0,0.0191,0.0,-0.0191,0.026177,0.999657,1
1447,0.1167,0.0,0.022,0.0,-0.022,0.030539,0.999534,1
1448,0.1333,0.0,0.0189,0.0,-0.0189,0.034899,0.999391,1
1449,0.15,0.0,0.0195,0.0,-0.0195,0.03926,0.999229,1
1450,0.1667,0.0,0.0177,0.0,-0.0177,0.043619,0.999048,1
1451,0.1833,0.0,0.0204,0.0,-0.0204,0.047978,0.998848,1
1452,0.2,0.0,0.021,0.0,-0.021,0.052336,0.99863,1
1453,0.2167,0.0,0.0191,0.0,-0.0191,0.056693,0.998392,1
1454,0.2333,0.0,0.0167,0.0,-0.0167,0.061049,0.998135,1
1455,0.25,0.0,0.0222,0.0,-0.0222,0.065403,0.997859,1
1456,0.2667,0.0,0.0218,0.0,-0.0218,0.069756,0.997564,1
1457,0.2833,0.0,0.0219,0.0,-0.0219,0.074108,0.99725,1
1458,0.3,0.0,0.0206,0.0,-0.0206,0.078459,0.996917,1
1459,0.3167,0.0,0.0193,0.0,-0.0193,0.082808,0.996566,1
1460,0.3333,0.0,0.0229,0.0,-0.0229,0.087156,0.996195,1
1461,0.35,0.0,0.0179,0.0,-0.0179,0.091502,0.995805,1
1462,0.3667,0.0,0.0241,0.0,-0.0241,0.095846,0.995396,1
1463,0.3833,0.0,0.022,0.0,-0.022,0.100188,0.994969,1
1464,0.4,0.0,0.0202,0.0,-0.0202,0.104528,0.994522,1
1465,0.4167,0.0,0.0176,0.0,-0.0176,0.108867,0.994056,1
1466,0.4333,0.0,0.0174,0.0,-0.0174,0.113203,0.993572,1
1467,0.45,0.0,0.023,0.0,-0.023,0.117537,0.993068,1
1468,0.4667,0.0,0.0172,0.0,-0.0172,0.121869,0.992546,1
1469,0.4833,0.0,0.0199,0.0,-0.0199,0.126199,0.992005,1
1470,0.5,0.0,0.0234,0.0,-0.0234,0.130526,0.991445,1
1471,0.5167,0.0,0.0213,0.0,-0.0213,0.134851,0.990866,1
1472,0.5333,0.0,0.0194,0.0,-0.0194,0.139173,0.990268,1
1473,0.55,0.0,0.0188,0.0,-0.0188,0.143493,0.989651,1
1474,0.5667,0.0,0.0215,0.0,-0.0215,0.147809,0.989016,1
1475,0.5833,0.0,0.0209,0.0,-0.0209,0.152123,0.988362,1
1476,0.6,0.0,0.0179,0.0,-0.0179,0.156434,0.987688,1
1477,0.6167,0.0,0.0185,0.0,-0.0185,0.160743,0.986996,1
1478,0.6333,0.0,0.0218,0.0,-0.0218,0.165048,0.986286,1
1479,0.65,0.0,0.0208,0.0,-0.0208,0.16935,0.985556,1
1480,0.6667,0.0,0.0225,0.0,-0.0225,0.173648,0.984808,1
1481,0.6833,0.0,0.0162,0.0,-0.0162,0.177944,0.984041,1
1482,0.7,0.0,0.0189,0.0,-0.0189,0.182236,0.983255,1
1483,0.7167,0.0,0.0198,0.0,-0.0198,0.186524,0.98245,1
1484,0.7333,0.0,0.0211,0.0,-0.0211,0.190809,0.981627,1
1485,0.75,0.0,0.0205,0.0,-0.0205,0.19509,0.980785,1
1486,0.7667,0.0,0.0215,0.0,-0.0215,0.199368,0.979925,1
1487,0.7833,0.0,0.0185,0.0,-0.0185,0.203642,0.979045,1
1488,0.8,0.0,0.0189,0.0,-0.0189,0.207912,0.978148,1
1489,0.8167,0.0,0.0183,0.0,-0.0183,0.212178,0.977231,1
1490,0.8333,0.0,0.0211,0.0,-0.0211,0.21644,0.976296,1
1491,0.85,0.0,0.0178,0.0,-0.0178,0.220697,0.975342,1
1492,0.8667,0.0,0.0221,0.0,-0.0221,0.224951,0.97437,1
1493,0.8833,0.0,0.022,0.0,-0.022,0.2292,0.973379,1
1494,0.9,0.0,0.021,0.0,-0.021,0.233445,0.97237,1
1495,0.9167,0.0,0.0202,0.0,-0.0202,0.237686,0.971342,1
1496,0.9333,0.0,0.0193,0.0,-0.0193,0.241922,0.970296,1
1497,0.95,0.0,0.0202,0.0,-0.0202,0.246153,0.969231,1
1498,0.9667,0.0,0.0207,0.0,-0.0207,0.25038,0.968148,1
1499,0.9833,0.0,0.0238,0.0,-0.0238,0.254602,0.967046,1
1500,1.0,0.0,0.0212,0.0,-0.0212,0.258819,0.965926,1
1501,1.0167,0.0,0.022,0.0,-0.022,0.263031,0.964787,1
1502,1.0333,0.0,0.0205,0.0,-0.0205,0.267238,0.96363,1
1503,1.05,0.0,0.0216,0.0,-0.0216,0.27144,0.962455,1
1504,1.0667,0.0,0.0184,0.0,-0.0184,0.275637,0.961262,1
1505,1.0833,0.0,0.0213,0.0,-0.0213,0.279829,0.96005,1
1506,1.1,0.0,0.0202,0.0,-0.0202,0.284015,0.95882,1
1507,1.1167,0.0,0.0232,0.0,-0.0232,0.288196,0.957571,1
1508,1.1333,0.0,0.019,0.0,-0.019,0.292372,0.956305,1
1509,1.15,0.0,0.0227,0.0,-0.0227,0.296542,0.95502,1
1510,1.1667,0.0,0.0239,0.0,-0.0239,0.300706,0.953717,1
1511,1.1833,0.0,0.0203,0.0,-0.0203,0.304864,0.952396,1
1512,1.2,0.0,0.0242,0.0,-0.0242,0.309017,0.951057,1
1513,1.2167,0.0,0.0206,0.0,-0.0206,0.313164,0.949699,1
1514,1.2333,0.0,0.0225,0.0,-0.0225,0.317305,0.948324,1
1515,1.25,0.0,0.021,0.0,-0.021,0.321439,0.94693,1
1516,1.2667,0.0,0.0194,0.0,-0.0194,0.325568,0.945519,1
1517,1.2833,0.0,0.0183,0.0,-0.0183,0.329691,0.944089,1
1518,1.3,0.0,0.02,0.0,-0.02,0.333807,0.942641,1
1519,1.3167,0.0,0.0234,0.0,-0.0234,0.337917,0.941176,1
1520,1.3333,0.0,0.0176,0.0,-0.0176,0.34202,0.939693,1
1521,1.35,0.0,0.0195,0.0,-0.0195,0.346117,0.938191,1
1522,1.3667,0.0,0.0224,0.0,-0.0224,0.350207,0.936672,1
1523,1.3833,0.0,0.0231,0.0,-0.0231,0.354291,0.935135,1
1524,1.4,0.0,0.0214,0.0,-0.0214,0.358368,0.93358,1
1525,1.4167,0.0,0.0233,0.0,-0.0233,0.362438,0.932008,1
1526,1.4333,0.0,0.023,0.0,-0.023,0.366501,0.930418,1
1527,1.45,0.0,0.0213,0.0,-0.0213,0.370557,0.92881,1
1528,1.4667,0.0,0.0231,0.0,-0.0231,0.374607,0.927184,1
1529,1.4833,0.0,0.0206,0.0,-0.0206,0.378649,0.925541,1
1530,1.5,0.0,0.0179,0.0,-0.0179,0.382683,0.92388,1
1531,1.5167,0.0,0.0151,0.0,-0.0151,0.386711,0.922201,1
1532,1.5333,0.0,0.0202,0.0,-0.0202,0.390731,0.920505,1
1533,1.55,0.0,0.0215,0.0,-0.0215,0.394744,0.918791,1
1534,1.5667,0.0,0.024,0.0,-0.024,0.398749,0.91706,1
1535,1.5833,0.0,0.0209,0.0,-0.0209,0.402747,0.915311,1
1536,1.6,0.0,0.0218,0.0,-0.0218,0.406737,0.913545,1
1537,1.6167,0.0,0.0231,0.0,-0.0231,0.410719,0.911762,1
1538,1.6333,0.0,0.0211,0.0,-0.0211,0.414693,0.909961,1
1539,1.65,0.0,0.0187,0.0,-0.0187,0.41866,0.908143,1
1540,1.6667,0.0,0.0226,0.0,-0.0226,0.422618,0.906308,1
1541,1.6833,0.0,0.0181,0.0,-0.0181,0.426569,0.904455,1
1542,1.7,0.0,0.0188,0.0,-0.0188,0.430511,0.902585,1
1543,1.7167,0.0,0.0202,0.0,-0.0202,0.434445,0.900698,1
1544,1.7333,0.0,0.0163,0.0,-0.0163,0.438371,0.898794,1
1545,1.75,0.0,0.0189,0.0,-0.0189,0.442289,0.896873,1
1546,1.7667,0.0,0.0209,0.0,-0.0209,0.446198,0.894934,1
1547,1.7833,0.0,0.0222,0.0,-0.0222,0.450098,0.892979,1
1548,1.8,0.0,0.0201,0.0,-0.0201,0.45399,0.891007,1
1549,1.8167,0.0,0.0166,0.0,-0.0166,0.457874,0.889017,1
1550,1.8333,0.0,0.0181,0.0,-0.0181,0.461749,0.887011,1
1551,1.85,0.0,0.0216,0.0,-0.0216,0.465615,0.884988,1
1552,1.8667,0.0,0.0199,0.0,-0.0199,0.469472,0.882948,1
1553,1.8833,0.0,0.021,0.0,-0.021,0.47332,0.880891,1
1554,1.9,0.0,0.0232,0.0,-0.0232,0.477159,0.878817,1
1555,1.9167,0.0,0.0201,0.0,-0.0201,0.480989,0.876727,1
1556,1.9333,0.0,0.022,0.0,-0.022,0.48481,0.87462,1
1557,1.95,0.0,0.02,0.0,-0.02,0.488621,0.872496,1
1558,1.9667,0.0,0.0224,0.0,-0.0224,0.492424,0.870356,1
1559,1.9833,0.0,0.0199,0.0,-0.0199,0.496217,0.868199,1
1560,2.0,0.0,0.0202,0.0,-0.0202,0.5,0.866025,1
1561,2.0167,0.0,0.0205,0.0,-0.0205,0.503774,0.863836,1
1562,2.0333,0.0,0.0217,0.0,-0.0217,0.507538,0.861629,1
1563,2.05,0.0,0.0196,0.0,-0.0196,0.511293,0.859406,1
1564,2.0667,0.0,0.0184,0.0,-0.0184,0.515038,0.857167,1
1565,2.0833,0.0,0.0202,0.0,-0.0202,0.518773,0.854912,1
1566,2.1,0.0,0.0212,0.0,-0.0212,0.522499,0.85264,1
1567,2.1167,0.0,0.015,0.0,-0.015,0.526214,0.850352,1
1568,2.1333,0.0,0.0182,0.0,-0.0182,0.529919,0.848048,1
1569,2.15,0.0,0.0184,0.0,-0.0184,0.533615,0.845728,1
1570,2.1667,0.0,0.0202,0.0,-0.0202,0.5373,0.843391,1
1571,2.1833,0.0,0.0185,0.0,-0.0185,0.540974,0.841039,1
1572,2.2,0.0,0.0185,0.0,-0.0185,0.544639,0.838671,1
1573,2.2167,0.0,0.0204,0.0,-0.0204,0.548293,0.836286,1
1574,2.2333,0.0,0.0223,0.0,-0.0223,0.551937,0.833886,1
1575,2.25,0.0,0.0196,0.0,-0.0196,0.55557,0.83147,1
1576,2.2667,0.0,0.0222,0.0,-0.0222,0.559193,0.829038,1
1577,2.2833,0.0,0.02,0.0,-0.02,0.562805,0.82659,1
1578,2.3,0.0,0.0219,0.0,-0.0219,0.566406,0.824126,1
1579,2.3167,0.0,0.0221,0.0,-0.0221,0.569997,0.821647,1
1580,2.3333,0.0,0.0229,0.0,-0.0229,0.573576,0.819152,1
1581,2.35,0.0,0.0188,0.0,-0.0188,0.577145,0.816642,1
1582,2.3667,0.0,0.018,0.0,-0.018,0.580703,0.814116,1
1583,2.3833,0.0,0.019,0.0,-0.019,0.58425,0.811574,1
1584,2.4,0.0,0.0201,0.0,-0.0201,0.587785,0.809017,1
1585,2.4167,0.0,0.0194,0.0,-0.0194,0.59131,0.806445,1
1586,2.4333,0.0,0.0195,0.0,-0.0195,0.594823,0.803857,1
1587,2.45,0.0,0.0201,0.0,-0.0201,0.598325,0.801254,1
1588,2.4667,0.0,0.0226,0.0,-0.0226,0.601815,0.798636,1
1589,2.4833,0.0,0.0206,0.0,-0.0206,0.605294,0.796002,1
1590,2.5,0.0,0.0211,0.0,-0.0211,0.608761,0.793353,1
1591,2.5167,0.0,0.0189,0.0,-0.0189,0.612217,0.79069,1
1592,2.5333,0.0,0.0165,0.0,-0.0165,0.615661,0.788011,1
1593,2.55,0.0,0.0196,0.0,-0.0196,0.619094,0.785317,1
1594,2.5667,0.0,0.0216,0.0,-0.0216,0.622515,0.782608,1
1595,2.5833,0.0,0.0187,0.0,-0.0187,0.625923,0.779884,1
1596,2.6,0.0,0.0229,0.0,-0.0229,0.62932,0.777146,1
1597,2.6167,0.0,0.0202,0.0,-0.0202,0.632705,0.774393,1
1598,2.6333,0.0,0.0197,0.0,-0.0197,0.636078,0.771625,1
1599,2.65,0.0,0.0215,0.0,-0.0215,0.639439,0.768842,1
1600,2.6667,0.0,0.0208,0.0,-0.0208,0.642788,0.766044,1
1601,2.6833,0.0,0.0192,0.0,-0.0192,0.646124,0.763232,1
1602,2.7,0.0,0.0178,0.0,-0.0178,0.649448,0.760406,1
1603,2.7167,0.0,0.0201,0.0,-0.0201,0.65276,0.757565,1
1604,2.7333,0.0,0.0189,0.0,-0.0189,0.656059,0.75471,1
1605,2.75,0.0,0.019,0.0,-0.019,0.659346,0.75184,1
1606,2.7667,0.0,0.0197,0.0,-0.0197,0.66262,0.748956,1
1607,2.7833,0.0,0.0191,0.0,-0.0191,0.665882,0.746057,1
1608,2.8,0.0,0.0209,0.0,-0.0209,0.669131,0.743145,1
1609,2.8167,0.0,0.0211,0.0,-0.0211,0.672367,0.740218,1
1610,2.8333,0.0,0.0168,0.0,-0.0168,0.67559,0.737277,1
1611,2.85,0.0,0.0222,0.0,-0.0222,0.678801,0.734323,1
1612,2.8667,0.0,0.0231,0.0,-0.0231,0.681998,0.731354,1
1613,2.8833,0.0,0.024,0.0,-0.024,0.685183,0.728371,1
1614,2.9,0.0,0.0211,0.0,-0.0211,0.688355,0.725374,1
1615,2.9167,0.0,0.0211,0.0,-0.0211,0.691513,0.722364,1
1616,2.9333,0.0,0.0218,0.0,-0.0218,0.694658,0.71934,1
1617,2.95,0.0,0.018,0.0,-0.018,0.69779,0.716302,1
1618,2.9667,0.0,0.0197,0.0,-0.0197,0.700909,0.71325,1
1619,2.9833,0.0,0.0244,0.0,-0.0244,0.704015,0.710185,1
1620,3.0,0.0,0.023,0.0,-0.023,0.707107,0.707107,1
1621,3.0167,0.0,0.024,0.0,-0.024,0.710185,0.704015,1
1622,3.0333,0.0,0.0208,0.0,-0.0208,0.71325,0.700909,1
1623,3.05,0.0,0.0209,0.0,-0.0209,0.716302,0.69779,1
1624,3.0667,0.0,0.02,0.0,-0.02,0.71934,0.694658,1
1625,3.0833,0.0,0.023,0.0,-0.023,0.722364,0.691513,1
1626,3.1,0.0,0.0215,0.0,-0.0215,0.725374,0.688355,1
1627,3.1167,0.0,0.0205,0.0,-0.0205,0.728371,0.685183,1
1628,3.1333,0.0,0.0218,0.0,-0.0218,0.731354,0.681998,1
1629,3.15,0.0,0.0202,0.0,-0.0202,0.734323,0.678801,1
1630,3.1667,0.0,0.0193,0.0,-0.0193,0.737277,0.67559,1
1631,3.1833,0.0,0.0191,0.0,-0.0191,0.740218,0.672367,1
1632,3.2,0.0,0.0201,0.0,-0.0201,0.743145,0.669131,1
1633,3.2167,0.0,0.0211,0.0,-0.0211,0.746057,0.665882,1
1634,3.2333,0.0,0.0205,0.0,-0.0205,0.748956,0.66262,1
1635,3.25,0.0,0.0175,0.0,-0.0175,0.75184,0.659346,1
1636,3.2667,0.0,0.0195,0.0,-0.0195,0.75471,0.656059,1
1637,3.2833,0.0,0.0194,0.0,-0.0194,0.757565,0.65276,1
1638,3.3,0.0,0.0183,0.0,-0.0183,0.760406,0.649448,1
1639,3.3167,0.0,0.0199,0.0,-0.0199,0.763232,0.646124,1
1640,3.3333,0.0,0.0217,0.0,-0.0217,0.766044,0.642788,1
1641,3.35,0.0,0.0214,0.0,-0.0214,0.768842,0.639439,1
1642,3.3667,0.0,0.0196,0.0,-0.0196,0.771625,0.636078,1
1643,3.3833,0.0,0.0197,0.0,-0.0197,0.774393,0.632705,1
1644,3.4,0.0,0.0179,0.0,-0.0179,0.777146,0.62932,1
1645,3.4167,0.0,0.0191,0.0,-0.0191,0.779884,0.625923,1
1646,3.4333,0.0,0.018,0.0,-0.018,0.782608,0.622515,1
1647,3.45,0.0,0.0234,0.0,-0.0234,0.785317,0.619094,1
1648,3.4667,0.0,0.0185,0.0,-0.0185,0.788011,0.615661,1
1649,3.4833,0.0,0.0201,0.0,-0.0201,0.79069,0.612217,1
1650,3.5,0.0,0.0214,0.0,-0.0214,0.793353,0.608761,1
1651,3.5167,0.0,0.0204,0.0,-0.0204,0.796002,0.605294,1
1652,3.5333,0.0,0.0217,0.0,-0.0217,0.798636,0.601815,1
1653,3.55,0.0,0.0164,0.0,-0.0164,0.801254,0.598325,1
1654,3.5667,0.0,0.0185,0.0,-0.0185,0.803857,0.594823,1
1655,3.5833,0.0,0.0234,0.0,-0.0234,0.806445,0.59131,1
1656,3.6,0.0,0.0191,0.0,-0.0191,0.809017,0.587785,1
1657,3.6167,0.0,0.0198,0.0,-0.0198,0.811574,0.58425,1
1658,3.6333,0.0,0.0188,0.0,-0.0188,0.814116,0.580703,1
1659,3.65,0.0,0.0238,0.0,-0.0238,0.816642,0.577145,1
1660,3.6667,0.0,0.0211,0.0,-0.0211,0.819152,0.573576,1
1661,3.6833,0.0,0.021,0.0,-0.021,0.821647,0.569997,1
1662,3.7,0.0,0.0198,0.0,-0.0198,0.824126,0.566406,1
1663,3.7167,0.0,0.0176,0.0,-0.0176,0.82659,0.562805,1
1664,3.7333,0.0,0.0207,0.0,-0.0207,0.829038,0.559193,1
1665,3.75,0.0,0.0212,0.0,-0.0212,0.83147,0.55557,1
1666,3.7667,0.0,0.0178,0.0,-0.0178,0.833886,0.551937,1
1667,3.7833,0.0,0.0214,0.0,-0.0214,0.836286,0.548293,1
1668,3.8,0.0,0.0196,0.0,-0.0196,0.838671,0.544639,1
1669,3.8167,0.0,0.0155,0.0,-0.0155,0.841039,0.540974,1
1670,3.8333,0.0,0.0221,0.0,-0.0221,0.843391,0.5373,1
1671,3.85,0.0,0.0214,0.0,-0.0214,0.845728,0.533615,1
1672,3.8667,0.0,0.0197,0.0,-0.0197,0.848048,0.529919,1
1673,3.8833,0.0,0.0202,0.0,-0.0202,0.850352,0.526214,1
1674,3.9,0.0,0.018,0.0,-0.018,0.85264,0.522499,1
1675,3.9167,0.0,0.0182,0.0,-0.0182,0.854912,0.518773,1
1676,3.9333,0.0,0.0209,0.0,-0.0209,0.857167,0.515038,1
1677,3.95,0.0,0.0224,0.0,-0.0224,0.859406,0.511293,1
1678,3.9667,0.0,0.0229,0.0,-0.0229,0.861629,0.507538,1
1679,3.9833,0.0,0.0201,0.0,-0.0201,0.863836,0.503774,1
1680,4.0,0.0,0.0196,0.0,-0.0196,0.866025,0.5,1
1681,4.0167,0.0,0.0183,0.0,-0.0183,0.868199,0.496217,1
1682,4.0333,0.0,0.0198,0.0,-0.0198,0.870356,0.492424,1
1683,4.05,0.0,0.02,0.0,-0.02,0.872496,0.488621,1
1684,4.0667,0.0,0.0222,0.0,-0.0222,0.87462,0.48481,1
1685,4.0833,0.0,0.0194,0.0,-0.0194,0.876727,0.480989,1
1686,4.1,0.0,0.0205,0.0,-0.0205,0.878817,0.477159,1
1687,4.1167,0.0,0.0211,0.0,-0.0211,0.880891,0.47332,1
1688,4.1333,0.0,0.0246,0.0,-0.0246,0.882948,0.469472,1
1689,4.15,0.0,0.0183,0.0,-0.0183,0.884988,0.465615,1
1690,4.1667,0.0,0.0246,0.0,-0.0246,0.887011,0.461749,1
1691,4.1833,0.0,0.0228,0.0,-0.0228,0.889017,0.457874,1
1692,4.2,0.0,0.0238,0.0,-0.0238,0.891007,0.45399,1
1693,4.2167,0.0,0.02,0.0,-0.02,0.892979,0.450098,1
1694,4.2333,0.0,0.0207,0.0,-0.0207,0.894934,0.446198,1
1695,4.25,0.0,0.022,0.0,-0.022,0.896873,0.442289,1
1696,4.2667,0.0,0.0203,0.0,-0.0203,0.898794,0.438371,1
1697,4.2833,0.0,0.0188,0.0,-0.0188,0.900698,0.434445,1
1698,4.3,0.0,0.0186,0.0,-0.0186,0.902585,0.430511,1
1699,4.3167,0.0,0.0215,0.0,-0.0215,0.904455,0.426569,1
1700,4.3333,0.0,0.0212,0.0,-0.0212,0.906308,0.422618,1
1701,4.35,0.0,0.0209,0.0,-0.0209,0.908143,0.41866,1
1702,4.3667,0.0,0.0193,0.0,-0.0193,0.909961,0.414693,1
1703,4.3833,0.0,0.0194,0.0,-0.0194,0.911762,0.410719,1
1704,4.4,0.0,0.0191,0.0,-0.0191,0.913545,0.406737,1
1705,4.4167,0.0,0.0217,0.0,-0.0217,0.915311,0.402747,1
1706,4.4333,0.0,0.0228,0.0,-0.0228,0.91706,0.398749,1
1707,4.45,0.0,0.018,0.0,-0.018,0.918791,0.394744,1
1708,4.4667,0.0,0.0214,0.0,-0.0214,0.920505,0.390731,1
1709,4.4833,0.0,0.0208,0.0,-0.0208,0.922201,0.386711,1
1710,4.5,0.0,0.022,0.0,-0.022,0.92388,0.382683,1
1711,4.5167,0.0,0.0146,0.0,-0.0146,0.925541,0.378649,1
1712,4.5333,0.0,0.0188,0.0,-0.0188,0.927184,0.374607,1
1713,4.55,0.0,0.0229,0.0,-0.0229,0.92881,0.370557,1
1714,4.5667,0.0,0.0194,0.0,-0.0194,0.930418,0.366501,1
1715,4.5833,0.0,0.0226,0.0,-0.0226,0.932008,0.362438,1
1716,4.6,0.0,0.0214,0.0,-0.0214,0.93358,0.358368,1
1717,4.6167,0.0,0.0213,0.0,-0.0213,0.935135,0.354291,1
1718,4.6333,0.0,0.022,0.0,-0.022,0.936672,0.350207,1
1719,4.65,0.0,0.0193,0.0,-0.0193,0.938191,0.346117,1
1720,4.6667,0.0,0.02,0.0,-0.02,0.939693,0.34202,1
1721,4.6833,0.0,0.0195,0.0,-0.0195,0.941176,0.337917,1
1722,4.7,0.0,0.0172,0.0,-0.0172,0.942641,0.333807,1
1723,4.7167,0.0,0.0219,0.0,-0.0219,0.944089,0.329691,1
1724,4.7333,0.0,0.0161,0.0,-0.0161,0.945519,0.325568,1
1725,4.75,0.0,0.0211,0.0,-0.0211,0.94693,0.321439,1
1726,4.7667,0.0,0.0196,0.0,-0.0196,0.948324,0.317305,1
1727,4.7833,0.0,0.0203,0.0,-0.0203,0.949699,0.313164,1
1728,4.8,0.0,0.0224,0.0,-0.0224,0.951057,0.309017,1
1729,4.8167,0.0,0.0214,0.0,-0.0214,0.952396,0.304864,1
1730,4.8333,0.0,0.0188,0.0,-0.0188,0.953717,0.300706,1
1731,4.85,0.0,0.02,0.0,-0.02,0.95502,0.296542,1
1732,4.8667,0.0,0.0189,0.0,-0.0189,0.956305,0.292372,1
1733,4.8833,0.0,0.0199,0.0,-0.0199,0.957571,0.288196,1
1734,4.9,0.0,0.0226,0.0,-0.0226,0.95882,0.284015,1
1735,4.9167,0.0,0.0214,0.0,-0.0214,0.96005,0.279829,1
1736,4.9333,0.0,0.0231,0.0,-0.0231,0.961262,0.275637,1
1737,4.95,0.0,0.0263,0.0,-0.0263,0.962455,0.27144,1
1738,4.9667,0.0,0.0208,0.0,-0.0208,0.96363,0.267238,1
1739,4.9833,0.0,0.0218,0.0,-0.0218,0.964787,0.263031,1
1740,5.0,0.0,0.0212,0.0,-0.0212,0.965926,0.258819,1
1741,5.0167,0.0,0.0199,0.0,-0.0199,0.967046,0.254602,1
1742,5.0333,0.0,0.0226,0.0,-0.0226,0.968148,0.25038,1
1743,5.05,0.0,0.0208,0.0,-0.0208,0.969231,0.246153,1
1744,5.0667,0.0,0.0195,0.0,-0.0195,0.970296,0.241922,1
1745,5.0833,0.0,0.0229,0.0,-0.0229,0.971342,0.237686,1
1746,5.1,0.0,0.0206,0.0,-0.0206,0.97237,0.233445,1
1747,5.1167,0.0,0.021,0.0,-0.021,0.973379,0.2292,1
1748,5.1333,0.0,0.0225,0.0,-0.0225,0.97437,0.224951,1
1749,5.15,0.0,0.0178,0.0,-0.0178,0.975342,0.220697,1
1750,5.1667,0.0,0.0162,0.0,-0.0162,0.976296,0.21644,1
1751,5.1833,0.0,0.0186,0.0,-0.0186,0.977231,0.212178,1
1752,5.2,0.0,0.0179,0.0,-0.0179,0.978148,0.207912,1
1753,5.2167,0.0,0.0186,0.0,-0.0186,0.979045,0.203642,1
1754,5.2333,0.0,0.0189,0.0,-0.0189,0.979925,0.199368,1
1755,5.25,0.0,0.0199,0.0,-0.0199,0.980785,0.19509,1
1756,5.2667,0.0,0.0226,0.0,-0.0226,0.981627,0.190809,1
1757,5.2833,0.0,0.0186,0.0,-0.0186,0.98245,0.186524,1
1758,5.3,0.0,0.0173,0.0,-0.0173,0.983255,0.182236,1
1759,5.3167,0.0,0.0223,0.0,-0.0223,0.984041,0.177944,1
1760,5.3333,0.0,0.0184,0.0,-0.0184,0.984808,0.173648,1
1761,5.35,0.0,0.0216,0.0,-0.0216,0.985556,0.16935,1
1762,5.3667,0.0,0.0203,0.0,-0.0203,0.986286,0.165048,1
1763,5.3833,0.0,0.0224,0.0,-0.0224,0.986996,0.160743,1
1764,5.4,0.0,0.0224,0.0,-0.0224,0.987688,0.156434,1
1765,5.4167,0.0,0.0206,0.0,-0.0206,0.988362,0.152123,1
1766,5.4333,0.0,0.0217,0.0,-0.0217,0.989016,0.147809,1
1767,5.45,0.0,0.0193,0.0,-0.0193,0.989651,0.143493,1
1768,5.4667,0.0,0.0212,0.0,-0.0212,0.990268,0.139173,1
1769,5.4833,0.0,0.0206,0.0,-0.0206,0.990866,0.134851,1
1770,5.5,0.0,0.021,0.0,-0.021,0.991445,0.130526,1
1771,5.5167,0.0,0.0207,0.0,-0.0207,0.992005,0.126199,1
1772,5.5333,0.0,0.0203,0.0,-0.0203,0.992546,0.121869,1
1773,5.55,0.0,0.0186,0.0,-0.0186,0.993068,0.117537,1
1774,5.5667,0.0,0.0204,0.0,-0.0204,0.993572,0.113203,1
1775,5.5833,0.0,0.0175,0.0,-0.0175,0.994056,0.108867,1
1776,5.6,0.0,0.0243,0.0,-0.0243,0.994522,0.104528,1
1777,5.6167,0.0,0.0186,0.0,-0.0186,0.994969,0.100188,1
1778,5.6333,0.0,0.0188,0.0,-0.0188,0.995396,0.095846,1
1779,5.65,0.0,0.0207,0.0,-0.0207,0.995805,0.091502,1
1780,5.6667,0.0,0.0213,0.0,-0.0213,0.996195,0.087156,1
1781,5.6833,0.0,0.0181,0.0,-0.0181,0.996566,0.082808,1
1782,5.7,0.0,0.0201,0.0,-0.0201,0.996917,0.078459,1
1783,5.7167,0.0,0.0225,0.0,-0.0225,0.99725,0.074108,1
1784,5.7333,0.0,0.019,0.0,-0.019,0.997564,0.069756,1
1785,5.75,0.0,0.024,0.0,-0.024,0.997859,0.065403,1
1786,5.7667,0.0,0.019,0.0,-0.019,0.998135,0.061049,1
1787,5.7833,0.0,0.0183,0.0,-0.0183,0.998392,0.056693,1
1788,5.8,0.0,0.0234,0.0,-0.0234,0.99863,0.052336,1
1789,5.8167,0.0,0.0208,0.0,-0.0208,0.998848,0.047978,1
1790,5.8333,0.0,0.0185,0.0,-0.0185,0.999048,0.043619,1
1791,5.85,0.0,0.0213,0.0,-0.0213,0.999229,0.03926,1
1792,5.8667,0.0,0.0211,0.0,-0.0211,0.999391,0.034899,1
1793,5.8833,0.0,0.0195,0.0,-0.0195,0.999534,0.030539,1
1794,5.9,0.0,0.0202,0.0,-0.0202,0.999657,0.026177,1
1795,5.9167,0.0,0.0235,0.0,-0.0235,0.999762,0.021815,1
1796,5.9333,0.0,0.0251,0.0,-0.0251,0.999848,0.017452,1
1797,5.95,0.0,0.0203,0.0,-0.0203,0.999914,0.01309,1
1798,5.9667,0.0,0.021,0.0,-0.021,0.999962,0.008727,1
1799,5.9833,0.0,0.0209,0.0,-0.0209,0.99999,0.004363,1
1800,6.0,0.0,0.0389,0.0,-0.0389,1.0,0.0,1
1801,6.0167,0.000933,0.04,0.0,-0.039067,0.99999,-0.004363,1
1802,6.0333,0.00325,0.0375,0.0,-0.03425,0.999962,-0.008727,1
1803,6.05,0.009733,0.0353,0.0,-0.025567,0.999914,-0.01309,1
1804,6.0667,0.005633,0.0379,0.0,-0.032267,0.999848,-0.017452,1
1805,6.0833,0.004867,0.0399,0.0,-0.035033,0.999762,-0.021815,1
1806,6.1,0.004883,0.0347,0.0,-0.029817,0.999657,-0.026177,1
1807,6.1167,0.01045,0.0403,0.0,-0.02985,0.999534,-0.030539,1
1808,6.1333,0.004333,0.0368,0.0,-0.032467,0.999391,-0.034899,1
1809,6.15,0.008267,0.038,0.0,-0.029733,0.999229,-0.03926,1
1810,6.1667,0.00865,0.0384,0.0,-0.02975,0.999048,-0.043619,1
1811,6.1833,0.01115,0.0361,0.0,-0.02495,0.998848,-0.047978,1
1812,6.2,0.012283,0.0374,0.0,-0.025117,0.99863,-0.052336,1
1813,6.2167,0.014917,0.0344,0.0,-0.019483,0.998392,-0.056693,1
1814,6.2333,0.011267,0.0375,0.0,-0.026233,0.998135,-0.061049,1
1815,6.25,0.016,0.0372,0.0,-0.0212,0.997859,-0.065403,1
1816,6.2667,0.01195,0.0368,0.0,-0.02485,0.997564,-0.069756,1
1817,6.2833,0.01835,0.0395,0.0,-0.02115,0.99725,-0.074108,1
1818,6.3,0.017,0.0355,0.0,-0.0185,0.996917,-0.078459,1
1819,6.3167,0.01935,0.0396,0.0,-0.02025,0.996566,-0.082808,1
1820,6.3333,0.018533,0.0354,0.0,-0.016867,0.996195,-0.087156,1
1821,6.35,0.021517,0.0374,0.0,-0.015883,0.995805,-0.091502,1
1822,6.3667,0.020133,0.0396,0.0,-0.019467,0.995396,-0.095846,1
1823,6.3833,0.0229,0.0361,0.0,-0.0132,0.994969,-0.100188,1
1824,6.4,0.015783,0.0374,0.0,-0.021617,0.994522,-0.104528,1
1825,6.4167,0.0184,0.0385,0.0,-0.0201,0.994056,-0.108867,1
1826,6.4333,0.0254,0.0427,0.0,-0.0173,0.993572,-0.113203,1
1827,6.45,0.020617,0.0369,0.0,-0.016283,0.993068,-0.117537,1
1828,6.4667,0.022133,0.0391,0.0,-0.016967,0.992546,-0.121869,1
1829,6.4833,0.025233,0.0352,0.0,-0.009967,0.992005,-0.126199,1
1830,6.5,0.024433,0.0354,0.0,-0.010967,0.991445,-0.130526,1
1831,6.5167,0.031383,0.036,0.0,-0.004617,0.990866,-0.134851,1
1832,6.5333,0.027767,0.0404,0.0,-0.012633,0.990268,-0.139173,1
1833,6.55,0.030133,0.0387,0.0,-0.008567,0.989651,-0.143493,1
1834,6.5667,0.0311,0.0325,0.0,-0.0014,0.989016,-0.147809,1
1835,6.5833,0.029683,0.038,0.0,-0.008317,0.988362,-0.152123,1
1836,6.6,0.028617,0.0362,0.0,-0.007583,0.987688,-0.156434,1
1837,6.6167,0.0307,0.039,0.0,-0.0083,0.986996,-0.160743,1
1838,6.6333,0.0342,0.0359,0.0,-0.0017,0.986286,-0.165048,1
1839,6.65,0.0337,0.0368,0.0,-0.0031,0.985556,-0.16935,1
1840,6.6667,0.035617,0.0382,0.0,-0.002583,0.984808,-0.173648,1
1841,6.6833,0.03485,0.0391,0.0,-0.00425,0.984041,-0.177944,1
1842,6.7,0.035483,0.0364,0.0,-0.000917,0.983255,-0.182236,1
1843,6.7167,0.0312,0.0386,0.0,-0.0074,0.98245,-0.186524,1
1844,6.7333,0.036783,0.0397,0.0,-0.002917,0.981627,-0.190809,1
1845,6.75,0.03905,0.0352,0.0038,0.00385,0.980785,-0.19509,0
1846,6.7667,0.03995,0.0361,0.0076,0.00385,0.979925,-0.199368,0
1847,6.7833,0.041,0.0394,0.0092,0.0016,0.979045,-0.203642,0
1848,6.8,0.04385,0.0362,0.0168,0.00765,0.978148,-0.207912,0
1849,6.8167,0.042133,0.0344,0.0245,0.007733,0.977231,-0.212178,0
1850,6.8333,0.0361,0.0416,0.019,-0.0055,0.976296,-0.21644,0
1851,6.85,0.046367,0.0333,0.0321,0.013067,0.975342,-0.220697,0
1852,6.8667,0.047533,0.0347,0.0449,0.012833,0.97437,-0.224951,0
1853,6.8833,0.0481,0.0387,0.0543,0.0094,0.973379,-0.2292,0
1854,6.9,0.04735,0.0364,0.0653,0.01095,0.97237,-0.233445,0
1855,6.9167,0.04955,0.0354,0.0794,0.01415,0.971342,-0.237686,0
1856,6.9333,0.044733,0.0381,0.086,0.006633,0.970296,-0.241922,0
1857,6.95,0.051567,0.0374,0.1002,0.014167,0.969231,-0.246153,0
1858,6.9667,0.0507,0.0364,0.1145,0.0143,0.968148,-0.25038,0
1859,6.9833,0.051917,0.0387,0.1277,0.013217,0.967046,-0.254602,0
1860,7.0,0.0514,0.0663,0.1128,-0.0149,0.965926,-0.258819,0
1861,7.0167,0.054867,0.0655,0.1022,-0.010633,0.964787,-0.263031,0
1862,7.0333,0.051517,0.0687,0.085,-0.017183,0.96363,-0.267238,0
1863,7.05,0.05605,0.0686,0.0725,-0.01255,0.962455,-0.27144,0
1864,7.0667,0.055667,0.0687,0.0595,-0.013033,0.961262,-0.275637,0
1865,7.0833,0.055567,0.0675,0.0476,-0.011933,0.96005,-0.279829,0
1866,7.1,0.056783,0.0676,0.0368,-0.010817,0.95882,-0.284015,0
1867,7.1167,0.055817,0.0701,0.0225,-0.014283,0.957571,-0.288196,0
1868,7.1333,0.056117,0.0695,0.0091,-0.013383,0.956305,-0.292372,0
1869,7.15,0.061883,0.069,0.002,-0.007117,0.95502,-0.296542,0
1870,7.1667,0.060583,0.0689,0.0,-0.008317,0.953717,-0.300706,1
1871,7.1833,0.062267,0.0699,0.0,-0.007633,0.952396,-0.304864,1
1872,7.2,0.0668,0.0678,0.0,-0.001,0.951057,-0.309017,1
1873,7.2167,0.069,0.0671,0.0019,0.0019,0.949699,-0.313164,0
1874,7.2333,0.060433,0.0654,0.0,-0.004967,0.948324,-0.317305,1
1875,7.25,0.064917,0.0711,0.0,-0.006183,0.94693,-0.321439,1
1876,7.2667,0.065683,0.067,0.0,-0.001317,0.945519,-0.325568,1
1877,7.2833,0.0647,0.0673,0.0,-0.0026,0.944089,-0.329691,1
1878,7.3,0.06225,0.0668,0.0,-0.00455,0.942641,-0.333807,1
1879,7.3167,0.0682,0.0652,0.003,0.003,0.941176,-0.337917,0
1880,7.3333,0.0659,0.0675,0.0014,-0.0016,0.939693,-0.34202,0
1881,7.35,0.067567,0.0692,0.0,-0.001633,0.938191,-0.346117,1
1882,7.3667,0.065733,0.0647,0.001,0.001033,0.936672,-0.350207,0
1883,7.3833,0.071867,0.0674,0.0055,0.004467,0.935135,-0.354291,0
1884,7.4,0.0705,0.067,0.009,0.0035,0.93358,-0.358368,0
1885,7.4167,0.0743,0.0665,0.0168,0.0078,0.932008,-0.362438,0
1886,7.4333,0.073483,0.0705,0.0198,0.002983,0.930418,-0.366501,0
1887,7.45,0.0777,0.0688,0.0287,0.0089,0.92881,-0.370557,0
1888,7.4667,0.0771,0.0678,0.038,0.0093,0.927184,-0.374607,0
1889,7.4833,0.073183,0.0687,0.0425,0.004483,0.925541,-0.378649,0
1890,7.5,0.07725,0.0672,0.0525,0.01005,0.92388,-0.382683,0
1891,7.5167,0.072217,0.0695,0.0552,0.002717,0.922201,-0.386711,0
1892,7.5333,0.0791,0.0668,0.0675,0.0123,0.920505,-0.390731,0
1893,7.55,0.0863,0.0665,0.0873,0.0198,0.918791,-0.394744,0
1894,7.5667,0.0823,0.0659,0.1037,0.0164,0.91706,-0.398749,0
1895,7.5833,0.077733,0.0683,0.1131,0.009433,0.915311,-0.402747,0
1896,7.6,0.084267,0.0733,0.1241,0.010967,0.913545,-0.406737,0
1897,7.6167,0.080717,0.0643,0.1405,0.016417,0.911762,-0.410719,0
1898,7.6333,0.085833,0.0675,0.1588,0.018333,0.909961,-0.414693,0
1899,7.65,0.083667,0.0683,0.1742,0.015367,0.908143,-0.41866,0
1900,7.6667,0.087283,0.0669,0.1946,0.020383,0.906308,-0.422618,0
1901,7.6833,0.086217,0.0651,0.2157,0.021117,0.904455,-0.426569,0
1902,7.7,0.0863,0.0653,0.2367,0.021,0.902585,-0.430511,0
1903,7.7167,0.08535,0.0677,0.2544,0.01765,0.900698,-0.434445,0
1904,7.7333,0.08805,0.0711,0.2714,0.01695,0.898794,-0.438371,0
1905,7.75,0.090967,0.0699,0.2925,0.021067,0.896873,-0.442289,0
1906,7.7667,0.09015,0.0675,0.3151,0.02265,0.894934,-0.446198,0
1907,7.7833,0.084817,0.0674,0.3325,0.017417,0.892979,-0.450098,0
1908,7.8,0.089167,0.0709,0.3508,0.018267,0.891007,-0.45399,0
1909,7.8167,0.093917,0.0694,0.3753,0.024517,0.889017,-0.457874,0
1910,7.8333,0.08885,0.066,0.3982,0.02285,0.887011,-0.461749,0
1911,7.85,0.091167,0.0676,0.4218,0.023567,0.884988,-0.465615,0
1912,7.8667,0.093633,0.0689,0.4465,0.024733,0.882948,-0.469472,0
1913,7.8833,0.092267,0.0738,0.465,0.018467,0.880891,-0.47332,0
1914,7.9,0.0932,0.0697,0.4885,0.0235,0.878817,-0.477159,0
1915,7.9167,0.09485,0.0682,0.5151,0.02665,0.876727,-0.480989,0
1916,7.9333,0.097317,0.0666,0.5458,0.030717,0.87462,-0.48481,0
1917,7.95,0.09905,0.0653,0.5795,0.03375,0.872496,-0.488621,0
1918,7.9667,0.097617,0.0686,0.6085,0.029017,0.870356,-0.492424,0
1919,7.9833,0.09675,0.0674,0.6379,0.02935,0.868199,-0.496217,0
1920,8.0,0.0967,0.0622,0.6724,0.0345,0.866025,-0.5,0
1921,8.0167,0.100617,0.0654,0.7076,0.035217,0.863836,-0.503774,0
1922,8.0333,0.1044,0.0681,0.7439,0.0363,0.861629,-0.507538,0
1923,8.05,0.102533,0.0664,0.78,0.036133,0.859406,-0.511293,0
1924,8.0667,0.10595,0.0661,0.8198,0.03985,0.857167,-0.515038,0
1925,8.0833,0.100033,0.0676,0.8522,0.032433,0.854912,-0.518773,0
1926,8.1,0.1048,0.0673,0.8897,0.0375,0.85264,-0.522499,0
1927,8.1167,0.105967,0.0683,0.9274,0.037667,0.850352,-0.526214,0
1928,8.1333,0.10425,0.0674,0.9642,0.03685,0.848048,-0.529919,0
1929,8.15,0.106333,0.0689,1.0016,0.037433,0.845728,-0.533615,0
1930,8.1667,0.108017,0.0622,1.0474,0.045817,0.843391,-0.5373,0
1931,8.1833,0.107983,0.0682,1.0872,0.039783,0.841039,-0.540974,0
1932,8.2,0.109083,0.0679,1.1284,0.041183,0.838671,-0.544639,0
1933,8.2167,0.110617,0.0669,1.1721,0.043717,0.836286,-0.548293,0
1934,8.2333,0.113183,0.0694,1.2159,0.043783,0.833886,-0.551937,0
1935,8.25,0.113117,0.0696,1.2594,0.043517,0.83147,-0.55557,0
1936,8.2667,0.1127,0.0652,1.3069,0.0475,0.829038,-0.559193,0
1937,8.2833,0.109983,0.0674,1.3495,0.042583,0.82659,-0.562805,0
1938,8.3,0.1121,0.0701,1.3915,0.042,0.824126,-0.566406,0
1939,8.3167,0.116267,0.0703,1.4375,0.045967,0.821647,-0.569997,0
1940,8.3333,0.113733,0.0661,1.4851,0.047633,0.819152,-0.573576,0
1941,8.35,0.115483,0.068,1.5326,0.047483,0.816642,-0.577145,0
1942,8.3667,0.113,0.0721,1.5735,0.0409,0.814116,-0.580703,0
1943,8.3833,0.115233,0.0641,1.6246,0.051133,0.811574,-0.58425,0
1944,8.4,0.1182,0.0669,1.6759,0.0513,0.809017,-0.587785,0
1945,8.4167,0.1194,0.0685,1.7268,0.0509,0.806445,-0.59131,0
1946,8.4333,0.114817,0.0685,1.7731,0.046317,0.803857,-0.594823,0
1947,8.45,0.1174,0.0671,1.8234,0.0503,0.801254,-0.598325,0
1948,8.4667,0.116483,0.065,1.8749,0.051483,0.798636,-0.601815,0
1949,8.4833,0.11995,0.0692,1.9257,0.05075,0.796002,-0.605294,0
1950,8.5,0.12295,0.0686,1.98,0.05435,0.793353,-0.608761,0
1951,8.5167,0.117433,0.0667,2.0307,0.050733,0.79069,-0.612217,0
1952,8.5333,0.127583,0.0659,2.0924,0.061683,0.788011,-0.615661,0
1953,8.55,0.116067,0.069,2.1395,0.047067,0.785317,-0.619094,0
1954,8.5667,0.124433,0.0693,2.1946,0.055133,0.782608,-0.622515,0
1955,8.5833,0.123133,0.0709,2.2468,0.052233,0.779884,-0.625923,0
1956,8.6,0.127733,0.0679,2.3066,0.059833,0.777146,-0.62932,0
1957,8.6167,0.126433,0.0699,2.3631,0.056533,0.774393,-0.632705,0
1958,8.6333,0.123267,0.067,2.4194,0.056267,0.771625,-0.636078,0
1959,8.65,0.127883,0.0662,2.4811,0.061683,0.768842,-0.639439,0
1960,8.6667,0.125133,0.0654,2.5408,0.059733,0.766044,-0.642788,0
1961,8.6833,0.125717,0.0687,2.5978,0.057017,0.763232,-0.646124,0
1962,8.7,0.12835,0.0703,2.6559,0.05805,0.760406,-0.649448,0
1963,8.7167,0.132367,0.0724,2.7159,0.059967,0.757565,-0.65276,0
1964,8.7333,0.127933,0.0684,2.7754,0.059533,0.75471,-0.656059,0
1965,8.75,0.131933,0.0643,2.843,0.067633,0.75184,-0.659346,0
1966,8.7667,0.13005,0.0669,2.9061,0.06315,0.748956,-0.66262,0
1967,8.7833,0.131117,0.0697,2.9675,0.061417,0.746057,-0.665882,0
1968,8.8,0.139017,0.0714,3.0351,0.067617,0.743145,-0.669131,0
1969,8.8167,0.130583,0.0703,3.0954,0.060283,0.740218,-0.672367,0
1970,8.8333,0.13765,0.0693,3.1637,0.06835,0.737277,-0.67559,0
1971,8.85,0.135817,0.0671,3.2324,0.068717,0.734323,-0.678801,0
1972,8.8667,0.135017,0.0698,3.2976,0.065217,0.731354,-0.681998,0
1973,8.8833,0.13555,0.0684,3.3647,0.06715,0.728371,-0.685183,0
1974,8.9,0.137683,0.0668,3.4356,0.070883,0.725374,-0.688355,0
1975,8.9167,0.136267,0.0664,3.5055,0.069867,0.722364,-0.691513,0
1976,8.9333,0.136617,0.0685,3.5736,0.068117,0.71934,-0.694658,0
1977,8.95,0.1449,0.0707,3.6478,0.0742,0.716302,-0.69779,0
1978,8.9667,0.1371,0.0697,3.7152,0.0674,0.71325,-0.700909,0
1979,8.9833,0.140367,0.0691,3.7865,0.071267,0.710185,-0.704015,0
1980,9.0,0.139267,0.0365,3.8893,0.102767,0.707107,-0.707107,0
1981,9.0167,0.139617,0.0355,3.9934,0.104117,0.704015,-0.710185,0
1982,9.0333,0.142933,0.0334,4.1029,0.109533,0.700909,-0.71325,0
1983,9.05,0.141667,0.0371,4.2075,0.104567,0.69779,-0.716302,0
1984,9.0667,0.143767,0.0404,4.3109,0.103367,0.694658,-0.71934,0
1985,9.0833,0.145383,0.0347,4.4216,0.110683,0.691513,-0.722364,0
1986,9.1,0.147233,0.0359,4.5329,0.111333,0.688355,-0.725374,0
1987,9.1167,0.14885,0.0344,4.6474,0.11445,0.685183,-0.728371,0
1988,9.1333,0.14635,0.0381,4.7557,0.10825,0.681998,-0.731354,0
1989,9.15,0.150617,0.0346,4.8717,0.116017,0.678801,-0.734323,0
1990,9.1667,0.1469,0.0354,4.9832,0.1115,0.67559,-0.737277,0
1991,9.1833,0.148717,0.0371,5.0948,0.111617,0.672367,-0.740218,0
1992,9.2,0.145483,0.0353,5.205,0.110183,0.669131,-0.743145,0
1993,9.2167,0.151683,0.0357,5.321,0.115983,0.665882,-0.746057,0
1994,9.2333,0.145583,0.039,5.4276,0.106583,0.66262,-0.748956,0
1995,9.25,0.14475,0.0327,5.5396,0.11205,0.659346,-0.75184,0
1996,9.2667,0.151383,0.04,5.651,0.111383,0.656059,-0.75471,0
1997,9.2833,0.150867,0.0362,5.7657,0.114667,0.65276,-0.757565,0
1998,9.3,0.153333,0.0366,5.8824,0.116733,0.649448,-0.760406,0
1999,9.3167,0.149183,0.0334,5.9982,0.115783,0.646124,-0.763232,0
2000,9.3333,0.153683,0.0388,6.1131,0.114883,0.642788,-0.766044,0
2001,9.35,0.15825,0.0386,6.2328,0.11965,0.639439,-0.768842,0
2002,9.3667,0.15885,0.0361,6.3556,0.12275,0.636078,-0.771625,0
2003,9.3833,0.158867,0.0393,6.4752,0.119567,0.632705,-0.774393,0
2004,9.4,0.15895,0.0374,6.5968,0.12155,0.62932,-0.777146,0
2005,9.4167,0.152533,0.0362,6.7131,0.116333,0.625923,-0.779884,0
2006,9.4333,0.1559,0.0379,6.8311,0.118,0.622515,-0.782608,0
2007,9.45,0.155267,0.0372,6.9492,0.118067,0.619094,-0.785317,0
2008,9.4667,0.157383,0.039,7.0676,0.118383,0.615661,-0.788011,0
2009,9.4833,0.156933,0.0408,7.1837,0.116133,0.612217,-0.79069,0
2010,9.5,0.158,0.0372,7.3045,0.1208,0.608761,-0.793353,0
2011,9.5167,0.1587,0.038,7.4252,0.1207,0.605294,-0.796002,0
2012,9.5333,0.155517,0.035,7.5457,0.120517,0.601815,-0.798636,0
2013,9.55,0.15655,0.0355,7.6668,0.12105,0.598325,-0.801254,0
2014,9.5667,0.1575,0.0348,7.7895,0.1227,0.594823,-0.803857,0
2015,9.5833,0.157383,0.0369,7.91,0.120483,0.59131,-0.806445,0
2016,9.6,0.162367,0.0408,8.0316,0.121567,0.587785,-0.809017,0
2017,9.6167,0.162833,0.0391,8.1553,0.123733,0.58425,-0.811574,0
2018,9.6333,0.164733,0.0386,8.2814,0.126133,0.580703,-0.814116,0
2019,9.65,0.1653,0.0329,8.4138,0.1324,0.577145,-0.816642,0
2020,9.6667,0.164767,0.0344,8.5442,0.130367,0.573576,-0.819152,0
2021,9.6833,0.16745,0.0399,8.6718,0.12755,0.569997,-0.821647,0
2022,9.7,0.16295,0.0412,8.7935,0.12175,0.566406,-0.824126,0
2023,9.7167,0.164717,0.0384,8.9198,0.126317,0.562805,-0.82659,0
2024,9.7333,0.163883,0.0342,9.0495,0.129683,0.559193,-0.829038,0
2025,9.75,0.166483,0.0377,9.1783,0.128783,0.55557,-0.83147,0
2026,9.7667,0.164267,0.0385,9.3041,0.125767,0.551937,-0.833886,0
2027,9.7833,0.167383,0.0362,9.4353,0.131183,0.548293,-0.836286,0
2028,9.8,0.170817,0.036,9.5701,0.134817,0.544639,-0.838671,0
2029,9.8167,0.1709,0.0385,9.7025,0.1324,0.540974,-0.841039,0
2030,9.8333,0.168717,0.034,9.8372,0.134717,0.5373,-0.843391,0
2031,9.85,0.170667,0.0358,9.9721,0.134867,0.533615,-0.845728,0
2032,9.8667,0.172583,0.0414,10.1033,0.131183,0.529919,-0.848048,0
2033,9.8833,0.171117,0.033,10.2414,0.138117,0.526214,-0.850352,0
2034,9.9,0.172683,0.0379,10.3762,0.134783,0.522499,-0.85264,0
2035,9.9167,0.177517,0.0398,10.5139,0.137717,0.518773,-0.854912,0
2036,9.9333,0.16985,0.0342,10.6495,0.13565,0.515038,-0.857167,0
2037,9.95,0.172817,0.0338,10.7885,0.139017,0.511293,-0.859406,0
2038,9.9667,0.173983,0.0344,10.9281,0.139583,0.507538,-0.861629,0
2039,9.9833,0.170067,0.0317,11.0665,0.138367,0.503774,-0.863836,0
2040,10.0,0.179117,0.0338,11.2118,0.145317,0.5,-0.866025,0
2041,10.0167,0.169333,0.0382,11.3429,0.131133,0.496217,-0.868199,0
2042,10.0333,0.173417,0.0378,11.4785,0.135617,0.492424,-0.870356,0
2043,10.05,0.172133,0.0371,11.6135,0.135033,0.488621,-0.872496,0
2044,10.0667,0.17365,0.0383,11.7489,0.13535,0.48481,-0.87462,0
2045,10.0833,0.17765,0.0379,11.8887,0.13975,0.480989,-0.876727,0
2046,10.1,0.179617,0.0364,12.0319,0.143217,0.477159,-0.878817,0
2047,10.1167,0.17335,0.039,12.1662,0.13435,0.47332,-0.880891,0
2048,10.1333,0.178117,0.0375,12.3068,0.140617,0.469472,-0.882948,0
2049,10.15,0.1763,0.0395,12.4436,0.1368,0.465615,-0.884988,0
2050,10.1667,0.175733,0.032,12.5873,0.143733,0.461749,-0.887011,0
2051,10.1833,0.177967,0.0356,12.7297,0.142367,0.457874,-0.889017,0
2052,10.2,0.18345,0.0362,12.877,0.14725,0.45399,-0.891007,0
2053,10.2167,0.178567,0.0387,13.0169,0.139867,0.450098,-0.892979,0
2054,10.2333,0.17895,0.0373,13.1585,0.14165,0.446198,-0.894934,0
2055,10.25,0.17515,0.0366,13.2971,0.13855,0.442289,-0.896873,0
2056,10.2667,0.181183,0.0371,13.4412,0.144083,0.438371,-0.898794,0
2057,10.2833,0.181333,0.0343,13.5882,0.147033,0.434445,-0.900698,0
2058,10.3,0.180217,0.0384,13.73,0.141817,0.430511,-0.902585,0
2059,10.3167,0.178717,0.0356,13.8731,0.143117,0.426569,-0.904455,0
2060,10.3333,0.179867,0.0373,14.0157,0.142567,0.422618,-0.906308,0
2061,10.35,0.185983,0.0399,14.1618,0.146083,0.41866,-0.908143,0
2062,10.3667,0.18115,0.0422,14.3008,0.13895,0.414693,-0.909961,0
2063,10.3833,0.18,0.037,14.4438,0.143,0.410719,-0.911762,0
2064,10.4,0.181733,0.0395,14.586,0.142233,0.406737,-0.913545,0
2065,10.4167,0.186383,0.0334,14.739,0.152983,0.402747,-0.915311,0
2066,10.4333,0.182467,0.0365,14.885,0.145967,0.398749,-0.91706,0
2067,10.45,0.1806,0.0378,15.0278,0.1428,0.394744,-0.918791,0
2068,10.4667,0.18375,0.0372,15.1743,0.14655,0.390731,-0.920505,0
2069,10.4833,0.1814,0.0366,15.3191,0.1448,0.386711,-0.922201,0
2070,10.5,0.181,0.038,15.4621,0.143,0.382683,-0.92388,0
2071,10.5167,0.180333,0.0367,15.6057,0.143633,0.378649,-0.925541,0
2072,10.5333,0.185417,0.0399,15.7512,0.145517,0.374607,-0.927184,0
2073,10.55,0.18785,0.0372,15.9018,0.15065,0.370557,-0.92881,0
2074,10.5667,0.186267,0.0419,16.0462,0.144367,0.366501,-0.930418,0
2075,10.5833,0.185283,0.0311,16.2004,0.154183,0.362438,-0.932008,0
2076,10.6,0.185383,0.0396,16.3462,0.145783,0.358368,-0.93358,0
2077,10.6167,0.192033,0.0375,16.5007,0.154533,0.354291,-0.935135,0
2078,10.6333,0.19095,0.0386,16.6531,0.15235,0.350207,-0.936672,0
2079,10.65,0.184733,0.0367,16.8011,0.148033,0.346117,-0.938191,0
2080,10.6667,0.19085,0.0356,16.9564,0.15525,0.34202,-0.939693,0
2081,10.6833,0.185817,0.0334,17.1088,0.152417,0.337917,-0.941176,0
2082,10.7,0.19175,0.0375,17.263,0.15425,0.333807,-0.942641,0
2083,10.7167,0.187617,0.0369,17.4137,0.150717,0.329691,-0.944089,0
2084,10.7333,0.188383,0.0409,17.5612,0.147483,0.325568,-0.945519,0
2085,10.75,0.190433,0.0383,17.7133,0.152133,0.321439,-0.94693,0
2086,10.7667,0.193033,0.0349,17.8714,0.158133,0.317305,-0.948324,0
2087,10.7833,0.188833,0.0382,18.0,0.150633,0.313164,-0.949699,0
2088,10.8,0.187733,0.0382,18.0,0.149533,0.309017,-0.951057,0
2089,10.8167,0.19295,0.0354,18.0,0.15755,0.304864,-0.952396,0
2090,10.8333,0.193967,0.0401,18.0,0.153867,0.300706,-0.953717,0
2091,10.85,0.192967,0.0386,18.0,0.154367,0.296542,-0.95502,0
2092,10.8667,0.195983,0.0362,18.0,0.159783,0.292372,-0.956305,0
2093,10.8833,0.190683,0.0336,18.0,0.157083,0.288196,-0.957571,0
2094,10.9,0.191833,0.034,18.0,0.157833,0.284015,-0.95882,0
2095,10.9167,0.195683,0.036,18.0,0.159683,0.279829,-0.96005,0
2096,10.9333,0.194167,0.0389,18.0,0.155267,0.275637,-0.961262,0
2097,10.95,0.1967,0.0385,18.0,0.1582,0.27144,-0.962455,0
2098,10.9667,0.187217,0.0378,18.0,0.149417,0.267238,-0.96363,0
2099,10.9833,0.193933,0.0387,18.0,0.155233,0.263031,-0.964787,0
2100,11.0,0.190267,0.0365,18.0,0.153767,0.258819,-0.965926,0
2101,11.0167,0.192717,0.0355,18.0,0.157217,0.254602,-0.967046,0
2102,11.0333,0.19485,0.04,18.0,0.15485,0.25038,-0.968148,0
2103,11.05,0.195867,0.0386,18.0,0.157267,0.246153,-0.969231,0
2104,11.0667,0.197717,0.0368,18.0,0.160917,0.241922,-0.970296,0
2105,11.0833,0.1962,0.0348,18.0,0.1614,0.237686,-0.971342,0
2106,11.1,0.193883,0.0386,18.0,0.155283,0.233445,-0.97237,0
2107,11.1167,0.196733,0.0374,18.0,0.159333,0.2292,-0.973379,0
2108,11.1333,0.19195,0.0377,18.0,0.15425,0.224951,-0.97437,0
2109,11.15,0.1917,0.0387,18.0,0.153,0.220697,-0.975342,0
2110,11.1667,0.19595,0.0368,18.0,0.15915,0.21644,-0.976296,0
2111,11.1833,0.19385,0.0343,18.0,0.15955,0.212178,-0.977231,0
2112,11.2,0.2001,0.0376,18.0,0.1625,0.207912,-0.978148,0
2113,11.2167,0.194217,0.0371,18.0,0.157117,0.203642,-0.979045,0
2114,11.2333,0.1961,0.0371,18.0,0.159,0.199368,-0.979925,0
2115,11.25,0.198867,0.0336,18.0,0.165267,0.19509,-0.980785,0
2116,11.2667,0.193517,0.0378,18.0,0.155717,0.190809,-0.981627,0
2117,11.2833,0.194117,0.0413,18.0,0.152817,0.186524,-0.98245,0
2118,11.3,0.198083,0.0355,18.0,0.162583,0.182236,-0.983255,0
2119,11.3167,0.19625,0.0405,18.0,0.15575,0.177944,-0.984041,0
2120,11.3333,0.189983,0.0394,18.0,0.150583,0.173648,-0.984808,0
2121,11.35,0.195267,0.0378,18.0,0.157467,0.16935,-0.985556,0
2122,11.3667,0.19745,0.0368,18.0,0.16065,0.165048,-0.986286,0
2123,11.3833,0.1948,0.0351,18.0,0.1597,0.160743,-0.986996,0
2124,11.4,0.20185,0.0351,18.0,0.16675,0.156434,-0.987688,0
2125,11.4167,0.19275,0.0368,18.0,0.15595,0.152123,-0.988362,0
2126,11.4333,0.195917,0.0377,18.0,0.158217,0.147809,-0.989016,0
2127,11.45,0.195433,0.0386,18.0,0.156833,0.143493,-0.989651,0
2128,11.4667,0.19555,0.0406,18.0,0.15495,0.139173,-0.990268,0
2129,11.4833,0.198933,0.0391,18.0,0.159833,0.134851,-0.990866,0
2130,11.5,0.198983,0.0358,18.0,0.163183,0.130526,-0.991445,0
2131,11.5167,0.1997,0.0381,18.0,0.1616,0.126199,-0.992005,0
2132,11.5333,0.20055,0.0376,18.0,0.16295,0.121869,-0.992546,0
2133,11.55,0.19935,0.0352,18.0,0.16415,0.117537,-0.993068,0
2134,11.5667,0.19785,0.0368,18.0,0.16105,0.113203,-0.993572,0
2135,11.5833,0.1998,0.0397,18.0,0.1601,0.108867,-0.994056,0
2136,11.6,0.197817,0.0408,18.0,0.157017,0.104528,-0.994522,0
2137,11.6167,0.197983,0.0357,18.0,0.162283,0.100188,-0.994969,0
2138,11.6333,0.196433,0.0407,18.0,0.155733,0.095846,-0.995396,0
2139,11.65,0.19935,0.0382,18.0,0.16115,0.091502,-0.995805,0
2140,11.6667,0.202817,0.0362,18.0,0.166617,0.087156,-0.996195,0
2141,11.6833,0.196717,0.0395,18.0,0.157217,0.082808,-0.996566,0
2142,11.7,0.197517,0.0382,18.0,0.159317,0.078459,-0.996917,0
2143,11.7167,0.199833,0.0309,18.0,0.168933,0.074108,-0.99725,0
2144,11.7333,0.199267,0.0379,18.0,0.161367,0.069756,-0.997564,0
2145,11.75,0.19535,0.0402,18.0,0.15515,0.065403,-0.997859,0
2146,11.7667,0.201367,0.0382,18.0,0.163167,0.061049,-0.998135,0
2147,11.7833,0.1958,0.0343,18.0,0.1615,0.056693,-0.998392,0
2148,11.8,0.19815,0.0354,18.0,0.16275,0.052336,-0.99863,0
2149,11.8167,0.1994,0.0386,18.0,0.1608,0.047978,-0.998848,0
2150,11.8333,0.203217,0.0361,18.0,0.167117,0.043619,-0.999048,0
2151,11.85,0.1999,0.0349,18.0,0.165,0.03926,-0.999229,0
2152,11.8667,0.202583,0.0343,18.0,0.168283,0.034899,-0.999391,0
2153,11.8833,0.202033,0.0381,18.0,0.163933,0.030539,-0.999534,0
2154,11.9,0.199583,0.0359,18.0,0.163683,0.026177,-0.999657,0
2155,11.9167,0.194283,0.0368,18.0,0.157483,0.021815,-0.999762,0
2156,11.9333,0.202017,0.0376,18.0,0.164417,0.017452,-0.999848,0
2157,11.95,0.202,0.0373,18.0,0.1647,0.01309,-0.999914,0
2158,11.9667,0.201483,0.0338,18.0,0.167683,0.008727,-0.999962,0
2159,11.9833,0.204133,0.0365,18.0,0.167633,0.004363,-0.99999,0
2160,12.0,0.1969,0.0356,18.0,0.1613,0.0,-1.0,0
2161,12.0167,0.193867,0.0384,18.0,0.155467,-0.004363,-0.99999,0
2162,12.0333,0.1982,0.0364,18.0,0.1618,-0.008727,-0.999962,0
2163,12.05,0.199433,0.0381,18.0,0.161333,-0.01309,-0.999914,0
2164,12.0667,0.199533,0.0373,18.0,0.162233,-0.017452,-0.999848,0
2165,12.0833,0.199783,0.0388,18.0,0.160983,-0.021815,-0.999762,0
2166,12.1,0.200667,0.0357,18.0,0.164967,-0.026177,-0.999657,0
2167,12.1167,0.200767,0.035,18.0,0.165767,-0.030539,-0.999534,0
2168,12.1333,0.199667,0.0385,18.0,0.161167,-0.034899,-0.999391,0
2169,12.15,0.198017,0.0404,18.0,0.157617,-0.03926,-0.999229,0
2170,12.1667,0.20135,0.0351,18.0,0.16625,-0.043619,-0.999048,0
2171,12.1833,0.198983,0.0387,18.0,0.160283,-0.047978,-0.998848,0
2172,12.2,0.1979,0.0365,18.0,0.1614,-0.052336,-0.99863,0
2173,12.2167,0.202667,0.0366,18.0,0.166067,-0.056693,-0.998392,0
2174,12.2333,0.201483,0.0381,18.0,0.163383,-0.061049,-0.998135,0
2175,12.25,0.197883,0.0387,18.0,0.159183,-0.065403,-0.997859,0
2176,12.2667,0.195467,0.0373,18.0,0.158167,-0.069756,-0.997564,0
2177,12.2833,0.2059,0.0357,18.0,0.1702,-0.074108,-0.99725,0
2178,12.3,0.19885,0.038,18.0,0.16085,-0.078459,-0.996917,0
2179,12.3167,0.2014,0.0382,18.0,0.1632,-0.082808,-0.996566,0
2180,12.3333,0.1979,0.04,18.0,0.1579,-0.087156,-0.996195,0
2181,12.35,0.20205,0.0356,18.0,0.16645,-0.091502,-0.995805,0
2182,12.3667,0.200683,0.0402,18.0,0.160483,-0.095846,-0.995396,0
2183,12.3833,0.1954,0.0362,18.0,0.1592,-0.100188,-0.994969,0
2184,12.4,0.193667,0.0376,18.0,0.156067,-0.104528,-0.994522,0
2185,12.4167,0.202283,0.034,18.0,0.168283,-0.108867,-0.994056,0
2186,12.4333,0.1977,0.037,18.0,0.1607,-0.113203,-0.993572,0
2187,12.45,0.199233,0.0328,18.0,0.166433,-0.117537,-0.993068,0
2188,12.4667,0.195567,0.0381,18.0,0.157467,-0.121869,-0.992546,0
2189,12.4833,0.1971,0.0392,18.0,0.1579,-0.126199,-0.992005,0
2190,12.5,0.1979,0.0377,18.0,0.1602,-0.130526,-0.991445,0
2191,12.5167,0.199017,0.0376,18.0,0.161417,-0.134851,-0.990866,0
2192,12.5333,0.194567,0.0385,18.0,0.156067,-0.139173,-0.990268,0
2193,12.55,0.20225,0.0378,18.0,0.16445,-0.143493,-0.989651,0
2194,12.5667,0.200017,0.0384,18.0,0.161617,-0.147809,-0.989016,0
2195,12.5833,0.200933,0.0392,18.0,0.161733,-0.152123,-0.988362,0
2196,12.6,0.198633,0.0378,18.0,0.160833,-0.156434,-0.987688,0
2197,12.6167,0.197667,0.0375,18.0,0.160167,-0.160743,-0.986996,0
2198,12.6333,0.200183,0.0382,18.0,0.161983,-0.165048,-0.986286,0
2199,12.65,0.198467,0.037,18.0,0.161467,-0.16935,-0.985556,0
2200,12.6667,0.20065,0.0394,18.0,0.16125,-0.173648,-0.984808,0
2201,12.6833,0.196117,0.0387,18.0,0.157417,-0.177944,-0.984041,0
2202,12.7,0.194733,0.0371,18.0,0.157633,-0.182236,-0.983255,0
2203,12.7167,0.19575,0.0385,18.0,0.15725,-0.186524,-0.98245,0
2204,12.7333,0.195783,0.0381,18.0,0.157683,-0.190809,-0.981627,0
2205,12.75,0.19545,0.0397,18.0,0.15575,-0.19509,-0.980785,0
2206,12.7667,0.19545,0.0363,18.0,0.15915,-0.199368,-0.979925,0
2207,12.7833,0.194733,0.0355,18.0,0.159233,-0.203642,-0.979045,0
2208,12.8,0.195783,0.0369,18.0,0.158883,-0.207912,-0.978148,0
2209,12.8167,0.193817,0.035,18.0,0.158817,-0.212178,-0.977231,0
2210,12.8333,0.19445,0.0403,18.0,0.15415,-0.21644,-0.976296,0
2211,12.85,0.195933,0.039,18.0,0.156933,-0.220697,-0.975342,0
2212,12.8667,0.1958,0.0364,18.0,0.1594,-0.224951,-0.97437,0
2213,12.8833,0.19165,0.036,18.0,0.15565,-0.2292,-0.973379,0
2214,12.9,0.192183,0.0365,18.0,0.155683,-0.233445,-0.97237,0
2215,12.9167,0.191217,0.0362,18.0,0.155017,-0.237686,-0.971342,0
2216,12.9333,0.192117,0.0385,18.0,0.153617,-0.241922,-0.970296,0
2217,12.95,0.190317,0.0345,18.0,0.155817,-0.246153,-0.969231,0
2218,12.9667,0.195233,0.0353,18.0,0.159933,-0.25038,-0.968148,0
2219,12.9833,0.1977,0.037,18.0,0.1607,-0.254602,-0.967046,0
2220,13.0,0.1932,0.0384,18.0,0.1548,-0.258819,-0.965926,0
2221,13.0167,0.1959,0.036,18.0,0.1599,-0.263031,-0.964787,0
2222,13.0333,0.192083,0.0352,18.0,0.156883,-0.267238,-0.96363,0
2223,13.05,0.191667,0.0364,18.0,0.155267,-0.27144,-0.962455,0
2224,13.0667,0.189217,0.0391,18.0,0.150117,-0.275637,-0.961262,0
2225,13.0833,0.193283,0.0372,18.0,0.156083,-0.279829,-0.96005,0
2226,13.1,0.191533,0.0372,18.0,0.154333,-0.284015,-0.95882,0
2227,13.1167,0.1927,0.0346,18.0,0.1581,-0.288196,-0.957571,0
2228,13.1333,0.193817,0.0357,18.0,0.158117,-0.292372,-0.956305,0
2229,13.15,0.18965,0.0372,18.0,0.15245,-0.296542,-0.95502,0
2230,13.1667,0.1898,0.0336,18.0,0.1562,-0.300706,-0.953717,0
2231,13.1833,0.190817,0.0354,18.0,0.155417,-0.304864,-0.952396,0
2232,13.2,0.187717,0.0349,18.0,0.152817,-0.309017,-0.951057,0
2233,13.2167,0.190567,0.0396,18.0,0.150967,-0.313164,-0.949699,0
2234,13.2333,0.18995,0.0379,18.0,0.15205,-0.317305,-0.948324,0
2235,13.25,0.188783,0.038,18.0,0.150783,-0.321439,-0.94693,0
2236,13.2667,0.189167,0.037,18.0,0.152167,-0.325568,-0.945519,0
2237,13.2833,0.19,0.0367,18.0,0.1533,-0.329691,-0.944089,0
2238,13.3,0.190467,0.0402,18.0,0.150267,-0.333807,-0.942641,0
2239,13.3167,0.18685,0.0391,18.0,0.14775,-0.337917,-0.941176,0
2240,13.3333,0.1881,0.0388,18.0,0.1493,-0.34202,-0.939693,0
2241,13.35,0.18875,0.0388,18.0,0.14995,-0.346117,-0.938191,0
2242,13.3667,0.188383,0.0375,18.0,0.150883,-0.350207,-0.936672,0
2243,13.3833,0.1843,0.0343,18.0,0.15,-0.354291,-0.935135,0
2244,13.4,0.184167,0.0396,18.0,0.144567,-0.358368,-0.93358,0
2245,13.4167,0.188183,0.033,18.0,0.155183,-0.362438,-0.932008,0
2246,13.4333,0.182983,0.0357,18.0,0.147283,-0.366501,-0.930418,0
2247,13.45,0.18625,0.0388,18.0,0.14745,-0.370557,-0.92881,0
2248,13.4667,0.1865,0.036,18.0,0.1505,-0.374607,-0.927184,0
2249,13.4833,0.190567,0.0353,18.0,0.155267,-0.378649,-0.925541,0
2250,13.5,0.18725,0.0378,18.0,0.14945,-0.382683,-0.92388,0
2251,13.5167,0.1854,0.0356,18.0,0.1498,-0.386711,-0.922201,0
2252,13.5333,0.180783,0.041,18.0,0.139783,-0.390731,-0.920505,0
2253,13.55,0.184917,0.0344,18.0,0.150517,-0.394744,-0.918791,0
2254,13.5667,0.184817,0.0357,18.0,0.149117,-0.398749,-0.91706,0
2255,13.5833,0.1802,0.0374,18.0,0.1428,-0.402747,-0.915311,0
2256,13.6,0.185283,0.0367,18.0,0.148583,-0.406737,-0.913545,0
2257,13.6167,0.182867,0.036,18.0,0.146867,-0.410719,-0.911762,0
2258,13.6333,0.184167,0.0356,18.0,0.148567,-0.414693,-0.909961,0
2259,13.65,0.1817,0.0358,18.0,0.1459,-0.41866,-0.908143,0
2260,13.6667,0.18135,0.0377,18.0,0.14365,-0.422618,-0.906308,0
2261,13.6833,0.17905,0.0383,18.0,0.14075,-0.426569,-0.904455,0
2262,13.7,0.182717,0.0369,18.0,0.145817,-0.430511,-0.902585,0
2263,13.7167,0.179317,0.0358,18.0,0.143517,-0.434445,-0.900698,0
2264,13.7333,0.180883,0.037,18.0,0.143883,-0.438371,-0.898794,0
2265,13.75,0.18075,0.0385,18.0,0.14225,-0.442289,-0.896873,0
2266,13.7667,0.18355,0.0378,18.0,0.14575,-0.446198,-0.894934,0
2267,13.7833,0.177083,0.0402,18.0,0.136883,-0.450098,-0.892979,0
2268,13.8,0.1796,0.0358,18.0,0.1438,-0.45399,-0.891007,0
2269,13.8167,0.17975,0.0363,18.0,0.14345,-0.457874,-0.889017,0
2270,13.8333,0.1794,0.0361,18.0,0.1433,-0.461749,-0.887011,0
2271,13.85,0.1808,0.0353,18.0,0.1455,-0.465615,-0.884988,0
2272,13.8667,0.176683,0.0366,18.0,0.140083,-0.469472,-0.882948,0
2273,13.8833,0.176967,0.0378,18.0,0.139167,-0.47332,-0.880891,0
2274,13.9,0.175917,0.0371,18.0,0.138817,-0.477159,-0.878817,0
2275,13.9167,0.18045,0.041,18.0,0.13945,-0.480989,-0.876727,0
2276,13.9333,0.175917,0.0397,18.0,0.136217,-0.48481,-0.87462,0
2277,13.95,0.17755,0.0324,18.0,0.14515,-0.488621,-0.872496,0
2278,13.9667,0.172767,0.0383,18.0,0.134467,-0.492424,-0.870356,0
2279,13.9833,0.17275,0.0368,18.0,0.13595,-0.496217,-0.868199,0
2280,14.0,0.173467,0.0375,18.0,0.135967,-0.5,-0.866025,0
2281,14.0167,0.171967,0.0365,18.0,0.135467,-0.503774,-0.863836,0
2282,14.0333,0.171133,0.0364,18.0,0.134733,-0.507538,-0.861629,0
2283,14.05,0.17215,0.0365,18.0,0.13565,-0.511293,-0.859406,0
2284,14.0667,0.17155,0.0367,18.0,0.13485,-0.515038,-0.857167,0
2285,14.0833,0.168367,0.0372,18.0,0.131167,-0.518773,-0.854912,0
2286,14.1,0.170267,0.0361,18.0,0.134167,-0.522499,-0.85264,0
2287,14.1167,0.1687,0.0406,18.0,0.1281,-0.526214,-0.850352,0
2288,14.1333,0.170367,0.0358,18.0,0.134567,-0.529919,-0.848048,0
2289,14.15,0.169067,0.0361,18.0,0.132967,-0.533615,-0.845728,0
2290,14.1667,0.16505,0.0377,18.0,0.12735,-0.5373,-0.843391,0
2291,14.1833,0.170867,0.0373,18.0,0.133567,-0.540974,-0.841039,0
2292,14.2,0.167833,0.0368,18.0,0.131033,-0.544639,-0.838671,0
2293,14.2167,0.170333,0.0375,18.0,0.132833,-0.548293,-0.836286,0
2294,14.2333,0.164083,0.0371,18.0,0.126983,-0.551937,-0.833886,0
2295,14.25,0.1679,0.0363,18.0,0.1316,-0.55557,-0.83147,0
2296,14.2667,0.168933,0.0368,18.0,0.132133,-0.559193,-0.829038,0
2297,14.2833,0.16225,0.0386,18.0,0.12365,-0.562805,-0.82659,0
2298,14.3,0.164583,0.0355,18.0,0.129083,-0.566406,-0.824126,0
2299,14.3167,0.160467,0.0361,18.0,0.124367,-0.569997,-0.821647,0
2300,14.3333,0.163617,0.0366,18.0,0.127017,-0.573576,-0.819152,0
2301,14.35,0.16055,0.04,18.0,0.12055,-0.577145,-0.816642,0
2302,14.3667,0.16065,0.038,18.0,0.12265,-0.580703,-0.814116,0
2303,14.3833,0.1634,0.0398,18.0,0.1236,-0.58425,-0.811574,0
2304,14.4,0.160133,0.0372,18.0,0.122933,-0.587785,-0.809017,0
2305,14.4167,0.160767,0.0355,18.0,0.125267,-0.59131,-0.806445,0
2306,14.4333,0.156433,0.0391,18.0,0.117333,-0.594823,-0.803857,0
2307,14.45,0.156417,0.0354,18.0,0.121017,-0.598325,-0.801254,0
2308,14.4667,0.15945,0.0379,18.0,0.12155,-0.601815,-0.798636,0
2309,14.4833,0.156533,0.0343,18.0,0.122233,-0.605294,-0.796002,0
2310,14.5,0.157933,0.0352,18.0,0.122733,-0.608761,-0.793353,0
2311,14.5167,0.15885,0.0344,18.0,0.12445,-0.612217,-0.79069,0
2312,14.5333,0.162367,0.0373,18.0,0.125067,-0.615661,-0.788011,0
2313,14.55,0.154817,0.039,18.0,0.115817,-0.619094,-0.785317,0
2314,14.5667,0.15615,0.0362,18.0,0.11995,-0.622515,-0.782608,0
2315,14.5833,0.150683,0.0371,18.0,0.113583,-0.625923,-0.779884,0
2316,14.6,0.157267,0.0408,18.0,0.116467,-0.62932,-0.777146,0
2317,14.6167,0.152933,0.04,18.0,0.112933,-0.632705,-0.774393,0
2318,14.6333,0.154667,0.0386,18.0,0.116067,-0.636078,-0.771625,0
2319,14.65,0.15175,0.0378,18.0,0.11395,-0.639439,-0.768842,0
2320,14.6667,0.150533,0.037,18.0,0.113533,-0.642788,-0.766044,0
2321,14.6833,0.152167,0.0341,18.0,0.118067,-0.646124,-0.763232,0
2322,14.7,0.14645,0.0381,18.0,0.10835,-0.649448,-0.760406,0
2323,14.7167,0.149217,0.0386,18.0,0.110617,-0.65276,-0.757565,0
2324,14.7333,0.1484,0.0367,18.0,0.1117,-0.656059,-0.75471,0
2325,14.75,0.15195,0.0389,18.0,0.11305,-0.659346,-0.75184,0
2326,14.7667,0.148017,0.0394,18.0,0.108617,-0.66262,-0.748956,0
2327,14.7833,0.151483,0.0345,18.0,0.116983,-0.665882,-0.746057,0
2328,14.8,0.147217,0.0373,18.0,0.109917,-0.669131,-0.743145,0
2329,14.8167,0.150417,0.0381,18.0,0.112317,-0.672367,-0.740218,0
2330,14.8333,0.149017,0.0402,18.0,0.108817,-0.67559,-0.737277,0
2331,14.85,0.147483,0.0399,18.0,0.107583,-0.678801,-0.734323,0
2332,14.8667,0.147917,0.039,18.0,0.108917,-0.681998,-0.731354,0
2333,14.8833,0.149017,0.0406,18.0,0.108417,-0.685183,-0.728371,0
2334,14.9,0.147033,0.0372,18.0,0.109833,-0.688355,-0.725374,0
2335,14.9167,0.143283,0.0394,18.0,0.103883,-0.691513,-0.722364,0
2336,14.9333,0.14415,0.0375,18.0,0.10665,-0.694658,-0.71934,0
2337,14.95,0.138967,0.0406,18.0,0.098367,-0.69779,-0.716302,0
2338,14.9667,0.142367,0.0383,18.0,0.104067,-0.700909,-0.71325,0
2339,14.9833,0.139867,0.0391,18.0,0.100767,-0.704015,-0.710185,0
2340,15.0,0.138217,0.0402,18.0,0.098017,-0.707107,-0.707107,0
2341,15.0167,0.13975,0.036,18.0,0.10375,-0.710185,-0.704015,0
2342,15.0333,0.140367,0.0396,18.0,0.100767,-0.71325,-0.700909,0
2343,15.05,0.138583,0.0343,18.0,0.104283,-0.716302,-0.69779,0
2344,15.0667,0.135133,0.039,18.0,0.096133,-0.71934,-0.694658,0
2345,15.0833,0.139317,0.0366,18.0,0.102717,-0.722364,-0.691513,0
2346,15.1,0.139267,0.0389,18.0,0.100367,-0.725374,-0.688355,0
2347,15.1167,0.138767,0.0386,18.0,0.100167,-0.728371,-0.685183,0
2348,15.1333,0.139783,0.0365,18.0,0.103283,-0.731354,-0.681998,0
2349,15.15,0.138917,0.0379,18.0,0.101017,-0.734323,-0.678801,0
2350,15.1667,0.1322,0.0355,18.0,0.0967,-0.737277,-0.67559,0
2351,15.1833,0.133533,0.0348,18.0,0.098733,-0.740218,-0.672367,0
2352,15.2,0.130383,0.0393,18.0,0.091083,-0.743145,-0.669131,0
2353,15.2167,0.129733,0.0366,18.0,0.093133,-0.746057,-0.665882,0
2354,15.2333,0.132433,0.037,18.0,0.095433,-0.748956,-0.66262,0
2355,15.25,0.129783,0.0345,18.0,0.095283,-0.75184,-0.659346,0
2356,15.2667,0.13185,0.0367,18.0,0.09515,-0.75471,-0.656059,0
2357,15.2833,0.126217,0.0391,18.0,0.087117,-0.757565,-0.65276,0
2358,15.3,0.12945,0.0399,18.0,0.08955,-0.760406,-0.649448,0
2359,15.3167,0.131183,0.0356,18.0,0.095583,-0.763232,-0.646124,0
2360,15.3333,0.123067,0.0378,18.0,0.085267,-0.766044,-0.642788,0
2361,15.35,0.127967,0.0362,18.0,0.091767,-0.768842,-0.639439,0
2362,15.3667,0.1251,0.04,18.0,0.0851,-0.771625,-0.636078,0
2363,15.3833,0.124417,0.0382,18.0,0.086217,-0.774393,-0.632705,0
2364,15.4,0.12505,0.04,18.0,0.08505,-0.777146,-0.62932,0
2365,15.4167,0.126917,0.0384,18.0,0.088517,-0.779884,-0.625923,0
2366,15.4333,0.123417,0.0379,18.0,0.085517,-0.782608,-0.622515,0
2367,15.45,0.125383,0.0391,18.0,0.086283,-0.785317,-0.619094,0
2368,15.4667,0.121633,0.0392,18.0,0.082433,-0.788011,-0.615661,0
2369,15.4833,0.119617,0.0355,18.0,0.084117,-0.79069,-0.612217,0
2370,15.5,0.122333,0.0336,18.0,0.088733,-0.793353,-0.608761,0
2371,15.5167,0.121617,0.036,18.0,0.085617,-0.796002,-0.605294,0
2372,15.5333,0.11935,0.0357,18.0,0.08365,-0.798636,-0.601815,0
2373,15.55,0.12325,0.037,18.0,0.08625,-0.801254,-0.598325,0
2374,15.5667,0.11825,0.0342,18.0,0.08405,-0.803857,-0.594823,0
2375,15.5833,0.117733,0.0377,18.0,0.080033,-0.806445,-0.59131,0
2376,15.6,0.121567,0.0369,18.0,0.084667,-0.809017,-0.587785,0
2377,15.6167,0.11595,0.0365,18.0,0.07945,-0.811574,-0.58425,0
2378,15.6333,0.114917,0.0387,18.0,0.076217,-0.814116,-0.580703,0
2379,15.65,0.1155,0.0372,18.0,0.0783,-0.816642,-0.577145,0
2380,15.6667,0.115883,0.0374,18.0,0.078483,-0.819152,-0.573576,0
2381,15.6833,0.116083,0.0399,18.0,0.076183,-0.821647,-0.569997,0
2382,15.7,0.113517,0.0369,18.0,0.076617,-0.824126,-0.566406,0
2383,15.7167,0.110117,0.0399,18.0,0.070217,-0.82659,-0.562805,0
2384,15.7333,0.1099,0.0369,18.0,0.073,-0.829038,-0.559193,0
2385,15.75,0.108417,0.0346,18.0,0.073817,-0.83147,-0.55557,0
2386,15.7667,0.106433,0.0378,18.0,0.068633,-0.833886,-0.551937,0
2387,15.7833,0.112917,0.036,18.0,0.076917,-0.836286,-0.548293,0
2388,15.8,0.110033,0.0365,18.0,0.073533,-0.838671,-0.544639,0
2389,15.8167,0.11235,0.0362,18.0,0.07615,-0.841039,-0.540974,0
2390,15.8333,0.105633,0.0323,18.0,0.073333,-0.843391,-0.5373,0
2391,15.85,0.105383,0.0347,18.0,0.070683,-0.845728,-0.533615,0
2392,15.8667,0.105017,0.0342,18.0,0.070817,-0.848048,-0.529919,0
2393,15.8833,0.105083,0.0381,18.0,0.066983,-0.850352,-0.526214,0
2394,15.9,0.105733,0.0374,18.0,0.068333,-0.85264,-0.522499,0
2395,15.9167,0.102667,0.0384,18.0,0.064267,-0.854912,-0.518773,0
2396,15.9333,0.102217,0.0356,18.0,0.066617,-0.857167,-0.515038,0
2397,15.95,0.102083,0.0366,18.0,0.065483,-0.859406,-0.511293,0
2398,15.9667,0.1006,0.038,18.0,0.0626,-0.861629,-0.507538,0
2399,15.9833,0.103567,0.0358,18.0,0.067767,-0.863836,-0.503774,0
2400,16.0,0.095817,0.04,18.0,0.055817,-0.866025,-0.5,0
2401,16.0167,0.096483,0.0366,18.0,0.059883,-0.868199,-0.496217,0
2402,16.0333,0.094517,0.0363,18.0,0.058217,-0.870356,-0.492424,0
2403,16.05,0.096767,0.0379,18.0,0.058867,-0.872496,-0.488621,0
2404,16.0667,0.1003,0.0344,18.0,0.0659,-0.87462,-0.48481,0
2405,16.0833,0.092833,0.0327,18.0,0.060133,-0.876727,-0.480989,0
2406,16.1,0.095183,0.0339,18.0,0.061283,-0.878817,-0.477159,0
2407,16.1167,0.098733,0.0342,18.0,0.064533,-0.880891,-0.47332,0
2408,16.1333,0.096167,0.0395,18.0,0.056667,-0.882948,-0.469472,0
2409,16.15,0.090167,0.0401,18.0,0.050067,-0.884988,-0.465615,0
2410,16.1667,0.090733,0.0413,18.0,0.049433,-0.887011,-0.461749,0
2411,16.1833,0.094633,0.0411,18.0,0.053533,-0.889017,-0.457874,0
2412,16.2,0.0943,0.0361,18.0,0.0582,-0.891007,-0.45399,0
2413,16.2167,0.087233,0.039,18.0,0.048233,-0.892979,-0.450098,0
2414,16.2333,0.0919,0.0356,18.0,0.0563,-0.894934,-0.446198,0
2415,16.25,0.089367,0.0366,18.0,0.052767,-0.896873,-0.442289,0
2416,16.2667,0.0865,0.0381,18.0,0.0484,-0.898794,-0.438371,0
2417,16.2833,0.087817,0.0374,18.0,0.050417,-0.900698,-0.434445,0
2418,16.3,0.0838,0.0399,18.0,0.0439,-0.902585,-0.430511,0
2419,16.3167,0.08345,0.0361,18.0,0.04735,-0.904455,-0.426569,0
2420,16.3333,0.08145,0.0358,18.0,0.04565,-0.906308,-0.422618,0
2421,16.35,0.08255,0.0376,18.0,0.04495,-0.908143,-0.41866,0
2422,16.3667,0.086433,0.0357,18.0,0.050733,-0.909961,-0.414693,0
2423,16.3833,0.0779,0.0332,18.0,0.0447,-0.911762,-0.410719,0
2424,16.4,0.084717,0.0391,18.0,0.045617,-0.913545,-0.406737,0
2425,16.4167,0.081317,0.0368,18.0,0.044517,-0.915311,-0.402747,0
2426,16.4333,0.0781,0.0356,18.0,0.0425,-0.91706,-0.398749,0
2427,16.45,0.07835,0.0344,18.0,0.04395,-0.918791,-0.394744,0
2428,16.4667,0.07825,0.0372,18.0,0.04105,-0.920505,-0.390731,0
2429,16.4833,0.07455,0.0406,18.0,0.03395,-0.922201,-0.386711,0
2430,16.5,0.078467,0.0392,18.0,0.039267,-0.92388,-0.382683,0
2431,16.5167,0.074533,0.0357,18.0,0.038833,-0.925541,-0.378649,0
2432,16.5333,0.075867,0.038,18.0,0.037867,-0.927184,-0.374607,0
2433,16.55,0.075867,0.036,18.0,0.039867,-0.92881,-0.370557,0
2434,16.5667,0.06985,0.0347,18.0,0.03515,-0.930418,-0.366501,0
2435,16.5833,0.072767,0.0368,18.0,0.035967,-0.932008,-0.362438,0
2436,16.6,0.073017,0.0352,18.0,0.037817,-0.93358,-0.358368,0
2437,16.6167,0.07125,0.0401,18.0,0.03115,-0.935135,-0.354291,0
2438,16.6333,0.071517,0.0408,18.0,0.030717,-0.936672,-0.350207,0
2439,16.65,0.071133,0.037,18.0,0.034133,-0.938191,-0.346117,0
2440,16.6667,0.069683,0.0386,18.0,0.031083,-0.939693,-0.34202,0
2441,16.6833,0.062333,0.0348,18.0,0.027533,-0.941176,-0.337917,0
2442,16.7,0.0713,0.0356,18.0,0.0357,-0.942641,-0.333807,0
2443,16.7167,0.068133,0.0379,18.0,0.030233,-0.944089,-0.329691,0
2444,16.7333,0.062833,0.0336,18.0,0.029233,-0.945519,-0.325568,0
2445,16.75,0.062217,0.037,18.0,0.025217,-0.94693,-0.321439,0
2446,16.7667,0.063017,0.0417,18.0,0.021317,-0.948324,-0.317305,0
2447,16.7833,0.063683,0.0369,18.0,0.026783,-0.949699,-0.313164,0
2448,16.8,0.06355,0.0347,18.0,0.02885,-0.951057,-0.309017,0
2449,16.8167,0.05685,0.0373,18.0,0.01955,-0.952396,-0.304864,0
2450,16.8333,0.0641,0.034,18.0,0.0301,-0.953717,-0.300706,0
2451,16.85,0.0592,0.0388,18.0,0.0204,-0.95502,-0.296542,0
2452,16.8667,0.0633,0.035,18.0,0.0283,-0.956305,-0.292372,0
2453,16.8833,0.056583,0.0395,18.0,0.017083,-0.957571,-0.288196,0
2454,16.9,0.054267,0.0416,18.0,0.012667,-0.95882,-0.284015,0
2455,16.9167,0.059017,0.036,18.0,0.023017,-0.96005,-0.279829,0
2456,16.9333,0.0549,0.0403,18.0,0.0146,-0.961262,-0.275637,0
2457,16.95,0.057967,0.0376,18.0,0.020367,-0.962455,-0.27144,0
2458,16.9667,0.054567,0.0344,18.0,0.020167,-0.96363,-0.267238,0
2459,16.9833,0.054617,0.0373,18.0,0.017317,-0.964787,-0.263031,0
2460,17.0,0.054317,0.0378,18.0,0.016517,-0.965926,-0.258819,0
2461,17.0167,0.048467,0.0394,18.0,0.009067,-0.967046,-0.254602,0
2462,17.0333,0.04815,0.0339,18.0,0.01425,-0.968148,-0.25038,0
2463,17.05,0.047717,0.0334,18.0,0.014317,-0.969231,-0.246153,0
2464,17.0667,0.0502,0.0362,18.0,0.014,-0.970296,-0.241922,0
2465,17.0833,0.0501,0.037,18.0,0.0131,-0.971342,-0.237686,0
2466,17.1,0.044883,0.038,18.0,0.006883,-0.97237,-0.233445,0
2467,17.1167,0.043617,0.0392,18.0,0.004417,-0.973379,-0.2292,0
2468,17.1333,0.041217,0.0383,18.0,0.002917,-0.97437,-0.224951,0
2469,17.15,0.039383,0.0399,17.9995,-0.000517,-0.975342,-0.220697,0
2470,17.1667,0.043117,0.0377,18.0,0.005417,-0.976296,-0.21644,0
2471,17.1833,0.042683,0.0371,18.0,0.005583,-0.977231,-0.212178,0
2472,17.2,0.038733,0.0418,17.9969,-0.003067,-0.978148,-0.207912,0
2473,17.2167,0.03595,0.0376,17.9952,-0.00165,-0.979045,-0.203642,0
2474,17.2333,0.04155,0.039,17.9977,0.00255,-0.979925,-0.199368,0
2475,17.25,0.038233,0.0379,17.998,0.000333,-0.980785,-0.19509,0
2476,17.2667,0.036783,0.0378,17.997,-0.001017,-0.981627,-0.190809,0
2477,17.2833,0.03535,0.0389,17.9934,-0.00355,-0.98245,-0.186524,0
2478,17.3,0.040917,0.0384,17.9959,0.002517,-0.983255,-0.182236,0
2479,17.3167,0.038867,0.0337,18.0,0.005167,-0.984041,-0.177944,0
2480,17.3333,0.03615,0.04,17.9962,-0.00385,-0.984808,-0.173648,0
2481,17.35,0.032633,0.0347,17.9941,-0.002067,-0.985556,-0.16935,0
2482,17.3667,0.03865,0.0337,17.9991,0.00495,-0.986286,-0.165048,0
2483,17.3833,0.029817,0.0383,17.9906,-0.008483,-0.986996,-0.160743,0
2484,17.4,0.031683,0.0382,17.9841,-0.006517,-0.987688,-0.156434,0
2485,17.4167,0.03015,0.0368,17.9775,-0.00665,-0.988362,-0.152123,0
2486,17.4333,0.0318,0.039,17.9703,-0.0072,-0.989016,-0.147809,0
2487,17.45,0.03,0.0385,17.9618,-0.0085,-0.989651,-0.143493,0
2488,17.4667,0.028233,0.0396,17.9504,-0.011367,-0.990268,-0.139173,0
2489,17.4833,0.023533,0.0319,17.942,-0.008367,-0.990866,-0.134851,0
2490,17.5,0.02555,0.0341,17.9335,-0.00855,-0.991445,-0.130526,0
2491,17.5167,0.027767,0.0324,17.9289,-0.004633,-0.992005,-0.126199,0
2492,17.5333,0.025883,0.0389,17.9159,-0.013017,-0.992546,-0.121869,0
2493,17.55,0.030433,0.0393,17.907,-0.008867,-0.993068,-0.117537,0
2494,17.5667,0.025667,0.0362,17.8965,-0.010533,-0.993572,-0.113203,0
2495,17.5833,0.020383,0.0365,17.8804,-0.016117,-0.994056,-0.108867,0
2496,17.6,0.02555,0.0378,17.8681,-0.01225,-0.994522,-0.104528,0
2497,17.6167,0.0211,0.0365,17.8527,-0.0154,-0.994969,-0.100188,0
0,0.0,0.0,0.0247,4.9753,-0.0247,0.0,1.0,0
1,0.0167,0.0,0.0216,4.9537,-0.0216,0.004363,0.99999,0
2,0.0333,0.0,0.0253,4.9284,-0.0253,0.008727,0.999962,0
3,0.05,0.0,0.0221,4.9063,-0.0221,0.01309,0.999914,0
4,0.0667,0.0,0.0184,4.8879,-0.0184,0.017452,0.999848,0
5,0.0833,0.0,0.0239,4.864,-0.0239,0.021815,0.999762,0
6,0.1,0.0,0.0215,4.8425,-0.0215,0.026177,0.999657,0
7,0.1167,0.0,0.0223,4.8202,-0.0223,0.030539,0.999534,0
8,0.1333,0.0,0.0209,4.7993,-0.0209,0.034899,0.999391,0
9,0.15,0.0,0.024,4.7753,-0.024,0.03926,0.999229,0
10,0.1667,0.0,0.0215,4.7538,-0.0215,0.043619,0.999048,0
11,0.1833,0.0,0.0191,4.7347,-0.0191,0.047978,0.998848,0
12,0.2,0.0,0.0169,4.7178,-0.0169,0.052336,0.99863,0
13,0.2167,0.0,0.0198,4.698,-0.0198,0.056693,0.998392,0
14,0.2333,0.0,0.0228,4.6752,-0.0228,0.061049,0.998135,0
15,0.25,0.0,0.021,4.6542,-0.021,0.065403,0.997859,0
16,0.2667,0.0,0.024,4.6302,-0.024,0.069756,0.997564,0
17,0.2833,0.0,0.0194,4.6108,-0.0194,0.074108,0.99725,0
18,0.3,0.0,0.0223,4.5885,-0.0223,0.078459,0.996917,0
19,0.3167,0.0,0.0226,4.5659,-0.0226,0.082808,0.996566,0
20,0.3333,0.0,0.0218,4.5441,-0.0218,0.087156,0.996195,0
21,0.35,0.0,0.0184,4.5257,-0.0184,0.091502,0.995805,0
22,0.3667,0.0,0.0186,4.5071,-0.0186,0.095846,0.995396,0
23,0.3833,0.0,0.021,4.4861,-0.021,0.100188,0.994969,0
24,0.4,0.0,0.0212,4.4649,-0.0212,0.104528,0.994522,0
25,0.4167,0.0,0.0207,4.4442,-0.0207,0.108867,0.994056,0
26,0.4333,0.0,0.0188,4.4254,-0.0188,0.113203,0.993572,0
27,0.45,0.0,0.021,4.4044,-0.021,0.117537,0.993068,0
28,0.4667,0.0,0.0195,4.3849,-0.0195,0.121869,0.992546,0
29,0.4833,0.0,0.0217,4.3632,-0.0217,0.126199,0.992005,0
30,0.5,0.0,0.0235,4.3397,-0.0235,0.130526,0.991445,0
31,0.5167,0.0,0.0219,4.3178,-0.0219,0.134851,0.990866,0
32,0.5333,0.0,0.019,4.2988,-0.019,0.139173,0.990268,0
33,0.55,0.0,0.0216,4.2772,-0.0216,0.143493,0.989651,0
34,0.5667,0.0,0.0223,4.2549,-0.0223,0.147809,0.989016,0
35,0.5833,0.0,0.0185,4.2364,-0.0185,0.152123,0.988362,0
36,0.6,0.0,0.0232,4.2132,-0.0232,0.156434,0.987688,0
37,0.6167,0.0,0.0233,4.1899,-0.0233,0.160743,0.986996,0
38,0.6333,0.0,0.019,4.1709,-0.019,0.165048,0.986286,0
39,0.65,0.0,0.0198,4.1511,-0.0198,0.16935,0.985556,0
40,0.6667,0.0,0.0213,4.1298,-0.0213,0.173648,0.984808,0
41,0.6833,0.0,0.0223,4.1075,-0.0223,0.177944,0.984041,0
42,0.7,0.0,0.0168,4.0907,-0.0168,0.182236,0.983255,0
43,0.7167,0.0,0.0192,4.0715,-0.0192,0.186524,0.98245,0
44,0.7333,0.0,0.0193,4.0522,-0.0193,0.190809,0.981627,0
45,0.75,0.0,0.0229,4.0293,-0.0229,0.19509,0.980785,0
46,0.7667,0.0,0.0162,4.0131,-0.0162,0.199368,0.979925,0
47,0.7833,0.0,0.0188,3.9943,-0.0188,0.203642,0.979045,0
48,0.8,0.0,0.0203,3.974,-0.0203,0.207912,0.978148,0
49,0.8167,0.0,0.0208,3.9532,-0.0208,0.212178,0.977231,0
50,0.8333,0.0,0.0206,3.9326,-0.0206,0.21644,0.976296,0
51,0.85,0.0,0.0196,3.913,-0.0196,0.220697,0.975342,0
52,0.8667,0.0,0.018,3.895,-0.018,0.224951,0.97437,0
53,0.8833,0.0,0.0218,3.8732,-0.0218,0.2292,0.973379,0
54,0.9,0.0,0.0199,3.8533,-0.0199,0.233445,0.97237,0
55,0.9167,0.0,0.0201,3.8332,-0.0201,0.237686,0.971342,0
56,0.9333,0.0,0.0194,3.8138,-0.0194,0.241922,0.970296,0
57,0.95,0.0,0.0214,3.7924,-0.0214,0.246153,0.969231,0
58,0.9667,0.0,0.0194,3.773,-0.0194,0.25038,0.968148,0
59,0.9833,0.0,0.0205,3.7525,-0.0205,0.254602,0.967046,0
60,1.0,0.0,0.0184,3.7341,-0.0184,0.258819,0.965926,0
61,1.0167,0.0,0.0199,3.7142,-0.0199,0.263031,0.964787,0
62,1.0333,0.0,0.0174,3.6968,-0.0174,0.267238,0.96363,0
63,1.05,0.0,0.019,3.6778,-0.019,0.27144,0.962455,0
64,1.0667,0.0,0.0221,3.6557,-0.0221,0.275637,0.961262,0
65,1.0833,0.0,0.0198,3.6359,-0.0198,0.279829,0.96005,0
66,1.1,0.0,0.025,3.6109,-0.025,0.284015,0.95882,0
67,1.1167,0.0,0.0173,3.5936,-0.0173,0.288196,0.957571,0
68,1.1333,0.0,0.0207,3.5729,-0.0207,0.292372,0.956305,0
69,1.15,0.0,0.0222,3.5507,-0.0222,0.296542,0.95502,0
70,1.1667,0.0,0.024,3.5267,-0.024,0.300706,0.953717,0
71,1.1833,0.0,0.0188,3.5079,-0.0188,0.304864,0.952396,0
72,1.2,0.0,0.0208,3.4871,-0.0208,0.309017,0.951057,0
73,1.2167,0.0,0.0217,3.4654,-0.0217,0.313164,0.949699,0
74,1.2333,0.0,0.021,3.4444,-0.021,0.317305,0.948324,0
75,1.25,0.0,0.0209,3.4235,-0.0209,0.321439,0.94693,0
76,1.2667,0.0,0.0207,3.4028,-0.0207,0.325568,0.945519,0
77,1.2833,0.0,0.0206,3.3822,-0.0206,0.329691,0.944089,0
78,1.3,0.0,0.0223,3.3599,-0.0223,0.333807,0.942641,0
79,1.3167,0.0,0.0217,3.3382,-0.0217,0.337917,0.941176,0
80,1.3333,0.0,0.0183,3.3199,-0.0183,0.34202,0.939693,0
81,1.35,0.0,0.0243,3.2956,-0.0243,0.346117,0.938191,0
82,1.3667,0.0,0.018,3.2776,-0.018,0.350207,0.936672,0
83,1.3833,0.0,0.0218,3.2558,-0.0218,0.354291,0.935135,0
84,1.4,0.0,0.0175,3.2383,-0.0175,0.358368,0.93358,0
85,1.4167,0.0,0.0194,3.2189,-0.0194,0.362438,0.932008,0
86,1.4333,0.0,0.0219,3.197,-0.0219,0.366501,0.930418,0
87,1.45,0.0,0.0208,3.1762,-0.0208,0.370557,0.92881,0
88,1.4667,0.0,0.0204,3.1558,-0.0204,0.374607,0.927184,0
89,1.4833,0.0,0.0246,3.1312,-0.0246,0.378649,0.925541,0
90,1.5,0.0,0.0186,3.1126,-0.0186,0.382683,0.92388,0
91,1.5167,0.0,0.0204,3.0922,-0.0204,0.386711,0.922201,0
92,1.5333,0.0,0.0231,3.0691,-0.0231,0.390731,0.920505,0
93,1.55,0.0,0.0205,3.0486,-0.0205,0.394744,0.918791,0
94,1.5667,0.0,0.0224,3.0262,-0.0224,0.398749,0.91706,0
95,1.5833,0.0,0.0187,3.0075,-0.0187,0.402747,0.915311,0
96,1.6,0.0,0.0204,2.9871,-0.0204,0.406737,0.913545,0
97,1.6167,0.0,0.0207,2.9664,-0.0207,0.410719,0.911762,0
98,1.6333,0.0,0.0234,2.943,-0.0234,0.414693,0.909961,0
99,1.65,0.0,0.0185,2.9245,-0.0185,0.41866,0.908143,0
100,1.6667,0.0,0.0206,2.9039,-0.0206,0.422618,0.906308,0
101,1.6833,0.0,0.0206,2.8833,-0.0206,0.426569,0.904455,0
102,1.7,0.0,0.017,2.8663,-0.017,0.430511,0.902585,0
103,1.7167,0.0,0.0209,2.8454,-0.0209,0.434445,0.900698,0
104,1.7333,0.0,0.0204,2.825,-0.0204,0.438371,0.898794,0
105,1.75,0.0,0.0204,2.8046,-0.0204,0.442289,0.896873,0
106,1.7667,0.0,0.0168,2.7878,-0.0168,0.446198,0.894934,0
107,1.7833,0.0,0.0233,2.7645,-0.0233,0.450098,0.892979,0
108,1.8,0.0,0.0219,2.7426,-0.0219,0.45399,0.891007,0
109,1.8167,0.0,0.0195,2.7231,-0.0195,0.457874,0.889017,0
110,1.8333,0.0,0.0207,2.7024,-0.0207,0.461749,0.887011,0
111,1.85,0.0,0.0248,2.6776,-0.0248,0.465615,0.884988,0
112,1.8667,0.0,0.024,2.6536,-0.024,0.469472,0.882948,0
113,1.8833,0.0,0.0171,2.6365,-0.0171,0.47332,0.880891,0
114,1.9,0.0,0.0184,2.6181,-0.0184,0.477159,0.878817,0
115,1.9167,0.0,0.0226,2.5955,-0.0226,0.480989,0.876727,0
116,1.9333,0.0,0.0226,2.5729,-0.0226,0.48481,0.87462,0
117,1.95,0.0,0.0208,2.5521,-0.0208,0.488621,0.872496,0
118,1.9667,0.0,0.0215,2.5306,-0.0215,0.492424,0.870356,0
119,1.9833,0.0,0.019,2.5116,-0.019,0.496217,0.868199,0
120,2.0,0.0,0.0221,2.4895,-0.0221,0.5,0.866025,0
121,2.0167,0.0,0.0203,2.4692,-0.0203,0.503774,0.863836,0
122,2.0333,0.0,0.0204,2.4488,-0.0204,0.507538,0.861629,0
123,2.05,0.0,0.022,2.4268,-0.022,0.511293,0.859406,0
124,2.0667,0.0,0.0232,2.4036,-0.0232,0.515038,0.857167,0
125,2.0833,0.0,0.0228,2.3808,-0.0228,0.518773,0.854912,0
126,2.1,0.0,0.0196,2.3612,-0.0196,0.522499,0.85264,0
127,2.1167,0.0,0.0229,2.3383,-0.0229,0.526214,0.850352,0
128,2.1333,0.0,0.0171,2.3212,-0.0171,0.529919,0.848048,0
129,2.15,0.0,0.0198,2.3014,-0.0198,0.533615,0.845728,0
130,2.1667,0.0,0.0217,2.2797,-0.0217,0.5373,0.843391,0
131,2.1833,0.0,0.0188,2.2609,-0.0188,0.540974,0.841039,0
132,2.2,0.0,0.0196,2.2413,-0.0196,0.544639,0.838671,0
133,2.2167,0.0,0.0192,2.2221,-0.0192,0.548293,0.836286,0
134,2.2333,0.0,0.0191,2.203,-0.0191,0.551937,0.833886,0
135,2.25,0.0,0.0187,2.1843,-0.0187,0.55557,0.83147,0
136,2.2667,0.0,0.0185,2.1658,-0.0185,0.559193,0.829038,0
137,2.2833,0.0,0.0219,2.1439,-0.0219,0.562805,0.82659,0
138,2.3,0.0,0.0183,2.1256,-0.0183,0.566406,0.824126,0
139,2.3167,0.0,0.0219,2.1037,-0.0219,0.569997,0.821647,0
140,2.3333,0.0,0.0222,2.0815,-0.0222,0.573576,0.819152,0
141,2.35,0.0,0.0211,2.0604,-0.0211,0.577145,0.816642,0
142,2.3667,0.0,0.0197,2.0407,-0.0197,0.580703,0.814116,0
143,2.3833,0.0,0.019,2.0217,-0.019,0.58425,0.811574,0
144,2.4,0.0,0.0231,1.9986,-0.0231,0.587785,0.809017,0
145,2.4167,0.0,0.0198,1.9788,-0.0198,0.59131,0.806445,0
146,2.4333,0.0,0.0176,1.9612,-0.0176,0.594823,0.803857,0
147,2.45,0.0,0.0226,1.9386,-0.0226,0.598325,0.801254,0
148,2.4667,0.0,0.0235,1.9151,-0.0235,0.601815,0.798636,0
149,2.4833,0.0,0.0194,1.8957,-0.0194,0.605294,0.796002,0
150,2.5,0.0,0.0218,1.8739,-0.0218,0.608761,0.793353,0
151,2.5167,0.0,0.0204,1.8535,-0.0204,0.612217,0.79069,0
152,2.5333,0.0,0.0186,1.8349,-0.0186,0.615661,0.788011,0
153,2.55,0.0,0.0193,1.8156,-0.0193,0.619094,0.785317,0
154,2.5667,0.0,0.0184,1.7972,-0.0184,0.622515,0.782608,0
155,2.5833,0.0,0.0183,1.7789,-0.0183,0.625923,0.779884,0
156,2.6,0.0,0.0195,1.7594,-0.0195,0.62932,0.777146,0
157,2.6167,0.0,0.0239,1.7355,-0.0239,0.632705,0.774393,0
158,2.6333,0.0,0.0184,1.7171,-0.0184,0.636078,0.771625,0
159,2.65,0.0,0.02,1.6971,-0.02,0.639439,0.768842,0
160,2.6667,0.0,0.0209,1.6762,-0.0209,0.642788,0.766044,0
161,2.6833,0.0,0.0193,1.6569,-0.0193,0.646124,0.763232,0
162,2.7,0.0,0.0234,1.6335,-0.0234,0.649448,0.760406,0
163,2.7167,0.0,0.0186,1.6149,-0.0186,0.65276,0.757565,0
164,2.7333,0.0,0.0209,1.594,-0.0209,0.656059,0.75471,0
165,2.75,0.0,0.0199,1.5741,-0.0199,0.659346,0.75184,0
166,2.7667,0.0,0.0226,1.5515,-0.0226,0.66262,0.748956,0
167,2.7833,0.0,0.0214,1.5301,-0.0214,0.665882,0.746057,0
168,2.8,0.0,0.0236,1.5065,-0.0236,0.669131,0.743145,0
169,2.8167,0.0,0.0184,1.4881,-0.0184,0.672367,0.740218,0
170,2.8333,0.0,0.0202,1.4679,-0.0202,0.67559,0.737277,0
171,2.85,0.0,0.0204,1.4475,-0.0204,0.678801,0.734323,0
172,2.8667,0.0,0.0264,1.4211,-0.0264,0.681998,0.731354,0
173,2.8833,0.0,0.021,1.4001,-0.021,0.685183,0.728371,0
174,2.9,0.0,0.0232,1.3769,-0.0232,0.688355,0.725374,0
175,2.9167,0.0,0.0229,1.354,-0.0229,0.691513,0.722364,0
176,2.9333,0.0,0.0209,1.3331,-0.0209,0.694658,0.71934,0
177,2.95,0.0,0.0244,1.3087,-0.0244,0.69779,0.716302,0
178,2.9667,0.0,0.0167,1.292,-0.0167,0.700909,0.71325,0
179,2.9833,0.0,0.0202,1.2718,-0.0202,0.704015,0.710185,0
180,3.0,0.0,0.0178,1.254,-0.0178,0.707107,0.707107,0
181,3.0167,0.0,0.0162,1.2378,-0.0162,0.710185,0.704015,0
182,3.0333,0.0,0.0209,1.2169,-0.0209,0.71325,0.700909,0
183,3.05,0.0,0.023,1.1939,-0.023,0.716302,0.69779,0
184,3.0667,0.0,0.0228,1.1711,-0.0228,0.71934,0.694658,0
185,3.0833,0.0,0.0214,1.1497,-0.0214,0.722364,0.691513,0
186,3.1,0.0,0.021,1.1287,-0.021,0.725374,0.688355,0
187,3.1167,0.0,0.0208,1.1079,-0.0208,0.728371,0.685183,0
188,3.1333,0.0,0.0197,1.0882,-0.0197,0.731354,0.681998,0
189,3.15,0.0,0.0221,1.0661,-0.0221,0.734323,0.678801,0
190,3.1667,0.0,0.0219,1.0442,-0.0219,0.737277,0.67559,0
191,3.1833,0.0,0.0188,1.0254,-0.0188,0.740218,0.672367,0
192,3.2,0.0,0.0215,1.0039,-0.0215,0.743145,0.669131,0
193,3.2167,0.0,0.0223,0.9816,-0.0223,0.746057,0.665882,0
194,3.2333,0.0,0.0203,0.9613,-0.0203,0.748956,0.66262,0
195,3.25,0.0,0.0172,0.9441,-0.0172,0.75184,0.659346,0
196,3.2667,0.0,0.0194,0.9247,-0.0194,0.75471,0.656059,0
197,3.2833,0.0,0.0173,0.9074,-0.0173,0.757565,0.65276,0
198,3.3,0.0,0.0223,0.8851,-0.0223,0.760406,0.649448,0
199,3.3167,0.0,0.0195,0.8656,-0.0195,0.763232,0.646124,0
200,3.3333,0.0,0.0199,0.8457,-0.0199,0.766044,0.642788,0
201,3.35,0.0,0.0193,0.8264,-0.0193,0.768842,0.639439,0
202,3.3667,0.0,0.0213,0.8051,-0.0213,0.771625,0.636078,0
203,3.3833,0.0,0.0172,0.7879,-0.0172,0.774393,0.632705,0
204,3.4,0.0,0.026,0.7619,-0.026,0.777146,0.62932,0
205,3.4167,0.0,0.0213,0.7406,-0.0213,0.779884,0.625923,0
206,3.4333,0.0,0.0214,0.7192,-0.0214,0.782608,0.622515,0
207,3.45,0.0,0.0204,0.6988,-0.0204,0.785317,0.619094,0
208,3.4667,0.0,0.0212,0.6776,-0.0212,0.788011,0.615661,0
209,3.4833,0.0,0.0221,0.6555,-0.0221,0.79069,0.612217,0
210,3.5,0.0,0.0213,0.6342,-0.0213,0.793353,0.608761,0
211,3.5167,0.0,0.0198,0.6144,-0.0198,0.796002,0.605294,0
212,3.5333,0.0,0.0161,0.5983,-0.0161,0.798636,0.601815,0
213,3.55,0.0,0.0174,0.5809,-0.0174,0.801254,0.598325,0
214,3.5667,0.0,0.0185,0.5624,-0.0185,0.803857,0.594823,0
215,3.5833,0.0,0.0218,0.5406,-0.0218,0.806445,0.59131,0
216,3.6,0.0,0.0185,0.5221,-0.0185,0.809017,0.587785,0
217,3.6167,0.0,0.0224,0.4997,-0.0224,0.811574,0.58425,0
218,3.6333,0.0,0.0222,0.4775,-0.0222,0.814116,0.580703,0
219,3.65,0.0,0.0194,0.4581,-0.0194,0.816642,0.577145,0
220,3.6667,0.0,0.0194,0.4387,-0.0194,0.819152,0.573576,0
221,3.6833,0.0,0.0194,0.4193,-0.0194,0.821647,0.569997,0
222,3.7,0.0,0.0166,0.4027,-0.0166,0.824126,0.566406,0
223,3.7167,0.0,0.021,0.3817,-0.021,0.82659,0.562805,0
224,3.7333,0.0,0.0222,0.3595,-0.0222,0.829038,0.559193,0
225,3.75,0.0,0.0219,0.3376,-0.0219,0.83147,0.55557,0
226,3.7667,0.0,0.0242,0.3134,-0.0242,0.833886,0.551937,0
227,3.7833,0.0,0.0202,0.2932,-0.0202,0.836286,0.548293,0
228,3.8,0.0,0.0218,0.2714,-0.0218,0.838671,0.544639,0
229,3.8167,0.0,0.0198,0.2516,-0.0198,0.841039,0.540974,0
230,3.8333,0.0,0.0191,0.2325,-0.0191,0.843391,0.5373,0
231,3.85,0.0,0.0192,0.2133,-0.0192,0.845728,0.533615,0
232,3.8667,0.0,0.0212,0.1921,-0.0212,0.848048,0.529919,0
233,3.8833,0.0,0.0173,0.1748,-0.0173,0.850352,0.526214,0
234,3.9,0.0,0.0178,0.157,-0.0178,0.85264,0.522499,0
235,3.9167,0.0,0.0209,0.1361,-0.0209,0.854912,0.518773,0
236,3.9333,0.0,0.0195,0.1166,-0.0195,0.857167,0.515038,0
237,3.95,0.0,0.0234,0.0932,-0.0234,0.859406,0.511293,0
238,3.9667,0.0,0.0189,0.0743,-0.0189,0.861629,0.507538,0
239,3.9833,0.0,0.0195,0.0548,-0.0195,0.863836,0.503774,0
240,4.0,0.0,0.0195,0.0353,-0.0195,0.866025,0.5,0
241,4.0167,0.0,0.0189,0.0164,-0.0189,0.868199,0.496217,0
242,4.0333,0.0,0.0192,0.0,-0.0192,0.870356,0.492424,1
243,4.05,0.0,0.0202,0.0,-0.0202,0.872496,0.488621,1
244,4.0667,0.0,0.0233,0.0,-0.0233,0.87462,0.48481,1
245,4.0833,0.0,0.0213,0.0,-0.0213,0.876727,0.480989,1
246,4.1,0.0,0.0187,0.0,-0.0187,0.878817,0.477159,1
247,4.1167,0.0,0.0202,0.0,-0.0202,0.880891,0.47332,1
248,4.1333,0.0,0.0211,0.0,-0.0211,0.882948,0.469472,1
249,4.15,0.0,0.0206,0.0,-0.0206,0.884988,0.465615,1
250,4.1667,0.0,0.0193,0.0,-0.0193,0.887011,0.461749,1
251,4.1833,0.0,0.0196,0.0,-0.0196,0.889017,0.457874,1
252,4.2,0.0,0.021,0.0,-0.021,0.891007,0.45399,1
253,4.2167,0.0,0.0223,0.0,-0.0223,0.892979,0.450098,1
254,4.2333,0.0,0.0222,0.0,-0.0222,0.894934,0.446198,1
255,4.25,0.0,0.0197,0.0,-0.0197,0.896873,0.442289,1
256,4.2667,0.0,0.0206,0.0,-0.0206,0.898794,0.438371,1
257,4.2833,0.0,0.0193,0.0,-0.0193,0.900698,0.434445,1
258,4.3,0.0,0.0194,0.0,-0.0194,0.902585,0.430511,1
259,4.3167,0.0,0.0208,0.0,-0.0208,0.904455,0.426569,1
260,4.3333,0.0,0.0248,0.0,-0.0248,0.906308,0.422618,1
261,4.35,0.0,0.018,0.0,-0.018,0.908143,0.41866,1
262,4.3667,0.0,0.0181,0.0,-0.0181,0.909961,0.414693,1
263,4.3833,0.0,0.021,0.0,-0.021,0.911762,0.410719,1
264,4.4,0.0,0.0199,0.0,-0.0199,0.913545,0.406737,1
265,4.4167,0.0,0.0208,0.0,-0.0208,0.915311,0.402747,1
266,4.4333,0.0,0.0201,0.0,-0.0201,0.91706,0.398749,1
267,4.45,0.0,0.019,0.0,-0.019,0.918791,0.394744,1
268,4.4667,0.0,0.02,0.0,-0.02,0.920505,0.390731,1
269,4.4833,0.0,0.0192,0.0,-0.0192,0.922201,0.386711,1
270,4.5,0.0,0.0217,0.0,-0.0217,0.92388,0.382683,1
271,4.5167,0.0,0.0237,0.0,-0.0237,0.925541,0.378649,1
272,4.5333,0.0,0.019,0.0,-0.019,0.927184,0.374607,1
273,4.55,0.0,0.0217,0.0,-0.0217,0.92881,0.370557,1
274,4.5667,0.0,0.0186,0.0,-0.0186,0.930418,0.366501,1
275,4.5833,0.0,0.0195,0.0,-0.0195,0.932008,0.362438,1
276,4.6,0.0,0.0211,0.0,-0.0211,0.93358,0.358368,1
277,4.6167,0.0,0.0224,0.0,-0.0224,0.935135,0.354291,1
278,4.6333,0.0,0.0215,0.0,-0.0215,0.936672,0.350207,1
279,4.65,0.0,0.0217,0.0,-0.0217,0.938191,0.346117,1
280,4.6667,0.0,0.0207,0.0,-0.0207,0.939693,0.34202,1
281,4.6833,0.0,0.02,0.0,-0.02,0.941176,0.337917,1
282,4.7,0.0,0.0182,0.0,-0.0182,0.942641,0.333807,1
283,4.7167,0.0,0.0205,0.0,-0.0205,0.944089,0.329691,1
284,4.7333,0.0,0.0197,0.0,-0.0197,0.945519,0.325568,1
285,4.75,0.0,0.0173,0.0,-0.0173,0.94693,0.321439,1
286,4.7667,0.0,0.0184,0.0,-0.0184,0.948324,0.317305,1
287,4.7833,0.0,0.0206,0.0,-0.0206,0.949699,0.313164,1
288,4.8,0.0,0.0214,0.0,-0.0214,0.951057,0.309017,1
289,4.8167,0.0,0.0183,0.0,-0.0183,0.952396,0.304864,1
290,4.8333,0.0,0.0178,0.0,-0.0178,0.953717,0.300706,1
291,4.85,0.0,0.0212,0.0,-0.0212,0.95502,0.296542,1
292,4.8667,0.0,0.0189,0.0,-0.0189,0.956305,0.292372,1
293,4.8833,0.0,0.0206,0.0,-0.0206,0.957571,0.288196,1
294,4.9,0.0,0.0172,0.0,-0.0172,0.95882,0.284015,1
295,4.9167,0.0,0.0237,0.0,-0.0237,0.96005,0.279829,1
296,4.9333,0.0,0.0199,0.0,-0.0199,0.961262,0.275637,1
297,4.95,0.0,0.0206,0.0,-0.0206,0.962455,0.27144,1
298,4.9667,0.0,0.0198,0.0,-0.0198,0.96363,0.267238,1
299,4.9833,0.0,0.0216,0.0,-0.0216,0.964787,0.263031,1
300,5.0,0.0,0.0177,0.0,-0.0177,0.965926,0.258819,1
301,5.0167,0.0,0.0198,0.0,-0.0198,0.967046,0.254602,1
302,5.0333,0.0,0.021,0.0,-0.021,0.968148,0.25038,1
303,5.05,0.0,0.0167,0.0,-0.0167,0.969231,0.246153,1
304,5.0667,0.0,0.0147,0.0,-0.0147,0.970296,0.241922,1
305,5.0833,0.0,0.0201,0.0,-0.0201,0.971342,0.237686,1
306,5.1,0.0,0.0198,0.0,-0.0198,0.97237,0.233445,1
307,5.1167,0.0,0.0219,0.0,-0.0219,0.973379,0.2292,1
308,5.1333,0.0,0.0191,0.0,-0.0191,0.97437,0.224951,1
309,5.15,0.0,0.0221,0.0,-0.0221,0.975342,0.220697,1
310,5.1667,0.0,0.0225,0.0,-0.0225,0.976296,0.21644,1
311,5.1833,0.0,0.0214,0.0,-0.0214,0.977231,0.212178,1
312,5.2,0.0,0.02,0.0,-0.02,0.978148,0.207912,1
313,5.2167,0.0,0.0176,0.0,-0.0176,0.979045,0.203642,1
314,5.2333,0.0,0.0243,0.0,-0.0243,0.979925,0.199368,1
315,5.25,0.0,0.0206,0.0,-0.0206,0.980785,0.19509,1
316,5.2667,0.0,0.0181,0.0,-0.0181,0.981627,0.190809,1
317,5.2833,0.0,0.0176,0.0,-0.0176,0.98245,0.186524,1
318,5.3,0.0,0.0218,0.0,-0.0218,0.983255,0.182236,1
319,5.3167,0.0,0.0244,0.0,-0.0244,0.984041,0.177944,1
320,5.3333,0.0,0.0213,0.0,-0.0213,0.984808,0.173648,1
321,5.35,0.0,0.019,0.0,-0.019,0.985556,0.16935,1
322,5.3667,0.0,0.0213,0.0,-0.0213,0.986286,0.165048,1
323,5.3833,0.0,0.0179,0.0,-0.0179,0.986996,0.160743,1
324,5.4,0.0,0.0206,0.0,-0.0206,0.987688,0.156434,1
325,5.4167,0.0,0.0194,0.0,-0.0194,0.988362,0.152123,1
326,5.4333,0.0,0.0201,0.0,-0.0201,0.989016,0.147809,1
327,5.45,0.0,0.0183,0.0,-0.0183,0.989651,0.143493,1
328,5.4667,0.0,0.0198,0.0,-0.0198,0.990268,0.139173,1
329,5.4833,0.0,0.0204,0.0,-0.0204,0.990866,0.134851,1
330,5.5,0.0,0.0181,0.0,-0.0181,0.991445,0.130526,1
331,5.5167,0.0,0.0209,0.0,-0.0209,0.992005,0.126199,1
332,5.5333,0.0,0.0212,0.0,-0.0212,0.992546,0.121869,1
333,5.55,0.0,0.0211,0.0,-0.0211,0.993068,0.117537,1
334,5.5667,0.0,0.0246,0.0,-0.0246,0.993572,0.113203,1
335,5.5833,0.0,0.0199,0.0,-0.0199,0.994056,0.108867,1
336,5.6,0.0,0.0197,0.0,-0.0197,0.994522,0.104528,1
337,5.6167,0.0,0.0191,0.0,-0.0191,0.994969,0.100188,1
338,5.6333,0.0,0.0214,0.0,-0.0214,0.995396,0.095846,1
339,5.65,0.0,0.0183,0.0,-0.0183,0.995805,0.091502,1
340,5.6667,0.0,0.022,0.0,-0.022,0.996195,0.087156,1
341,5.6833,0.0,0.023,0.0,-0.023,0.996566,0.082808,1
342,5.7,0.0,0.0189,0.0,-0.0189,0.996917,0.078459,1
343,5.7167,0.0,0.0223,0.0,-0.0223,0.99725,0.074108,1
344,5.7333,0.0,0.0189,0.0,-0.0189,0.997564,0.069756,1
345,5.75,0.0,0.0214,0.0,-0.0214,0.997859,0.065403,1
346,5.7667,0.0,0.0245,0.0,-0.0245,0.998135,0.061049,1
347,5.7833,0.0,0.0189,0.0,-0.0189,0.998392,0.056693,1
348,5.8,0.0,0.0183,0.0,-0.0183,0.99863,0.052336,1
349,5.8167,0.0,0.0198,0.0,-0.0198,0.998848,0.047978,1
350,5.8333,0.0,0.0193,0.0,-0.0193,0.999048,0.043619,1
351,5.85,0.0,0.0166,0.0,-0.0166,0.999229,0.03926,1
352,5.8667,0.0,0.0204,0.0,-0.0204,0.999391,0.034899,1
353,5.8833,0.0,0.0221,0.0,-0.0221,0.999534,0.030539,1
354,5.9,0.0,0.0228,0.0,-0.0228,0.999657,0.026177,1
355,5.9167,0.0,0.0235,0.0,-0.0235,0.999762,0.021815,1
356,5.9333,0.0,0.0207,0.0,-0.0207,0.999848,0.017452,1
357,5.95,0.0,0.0204,0.0,-0.0204,0.999914,0.01309,1
358,5.9667,0.0,0.0257,0.0,-0.0257,0.999962,0.008727,1
359,5.9833,0.0,0.0177,0.0,-0.0177,0.99999,0.004363,1
360,6.0,0.0,0.0327,0.0,-0.0327,1.0,0.0,1
361,6.0167,0.0,0.0401,0.0,-0.0401,0.99999,-0.004363,1
362,6.0333,0.003917,0.0342,0.0,-0.030283,0.999962,-0.008727,1
363,6.05,0.000833,0.0407,0.0,-0.039867,0.999914,-0.01309,1
364,6.0667,0.00595,0.035,0.0,-0.02905,0.999848,-0.017452,1
365,6.0833,0.00915,0.0401,0.0,-0.03095,0.999762,-0.021815,1
366,6.1,0.009867,0.0393,0.0,-0.029433,0.999657,-0.026177,1
367,6.1167,0.00745,0.0386,0.0,-0.03115,0.999534,-0.030539,1
368,6.1333,0.011533,0.0372,0.0,-0.025667,0.999391,-0.034899,1
369,6.15,0.007383,0.0414,0.0,-0.034017,0.999229,-0.03926,1
370,6.1667,0.010033,0.0382,0.0,-0.028167,0.999048,-0.043619,1
371,6.1833,0.000667,0.0353,0.0,-0.034633,0.998848,-0.047978,1
372,6.2,0.013867,0.0383,0.0,-0.024433,0.99863,-0.052336,1
373,6.2167,0.00905,0.0365,0.0,-0.02745,0.998392,-0.056693,1
374,6.2333,0.01115,0.0372,0.0,-0.02605,0.998135,-0.061049,1
375,6.25,0.01415,0.032,0.0,-0.01785,0.997859,-0.065403,1
376,6.2667,0.015233,0.0368,0.0,-0.021567,0.997564,-0.069756,1
377,6.2833,0.015033,0.0362,0.0,-0.021167,0.99725,-0.074108,1
378,6.3,0.0113,0.0367,0.0,-0.0254,0.996917,-0.078459,1
379,6.3167,0.020467,0.0403,0.0,-0.019833,0.996566,-0.082808,1
380,6.3333,0.020283,0.0375,0.0,-0.017217,0.996195,-0.087156,1
381,6.35,0.0195,0.0359,0.0,-0.0164,0.995805,-0.091502,1
382,6.3667,0.020233,0.0359,0.0,-0.015667,0.995396,-0.095846,1
383,6.3833,0.01965,0.0378,0.0,-0.01815,0.994969,-0.100188,1
384,6.4,0.023933,0.0347,0.0,-0.010767,0.994522,-0.104528,1
385,6.4167,0.022867,0.0394,0.0,-0.016533,0.994056,-0.108867,1
386,6.4333,0.021783,0.0368,0.0,-0.015017,0.993572,-0.113203,1
387,6.45,0.024617,0.0365,0.0,-0.011883,0.993068,-0.117537,1
388,6.4667,0.027133,0.0401,0.0,-0.012967,0.992546,-0.121869,1
389,6.4833,0.025117,0.036,0.0,-0.010883,0.992005,-0.126199,1
390,6.5,0.026717,0.0372,0.0,-0.010483,0.991445,-0.130526,1
391,6.5167,0.028467,0.0378,0.0,-0.009333,0.990866,-0.134851,1
392,6.5333,0.02385,0.0353,0.0,-0.01145,0.990268,-0.139173,1
393,6.55,0.027767,0.0362,0.0,-0.008433,0.989651,-0.143493,1
394,6.5667,0.028067,0.0386,0.0,-0.010533,0.989016,-0.147809,1
395,6.5833,0.028083,0.035,0.0,-0.006917,0.988362,-0.152123,1
396,6.6,0.028083,0.0369,0.0,-0.008817,0.987688,-0.156434,1
397,6.6167,0.032733,0.0391,0.0,-0.006367,0.986996,-0.160743,1
398,6.6333,0.039967,0.0355,0.0045,0.004467,0.986286,-0.165048,0
399,6.65,0.03495,0.0356,0.0038,-0.00065,0.985556,-0.16935,0
400,6.6667,0.03595,0.0406,0.0,-0.00465,0.984808,-0.173648,1
401,6.6833,0.039,0.0373,0.0017,0.0017,0.984041,-0.177944,0
402,6.7,0.03465,0.0386,0.0,-0.00395,0.983255,-0.182236,1
403,6.7167,0.033033,0.0404,0.0,-0.007367,0.98245,-0.186524,1
404,6.7333,0.041833,0.0355,0.0063,0.006333,0.981627,-0.190809,0
405,6.75,0.04275,0.0367,0.0123,0.00605,0.980785,-0.19509,0
406,6.7667,0.03695,0.0359,0.0133,0.00105,0.979925,-0.199368,0
407,6.7833,0.04225,0.039,0.0166,0.00325,0.979045,-0.203642,0
408,6.8,0.044417,0.0381,0.0229,0.006317,0.978148,-0.207912,0
409,6.8167,0.046917,0.0359,0.0339,0.011017,0.977231,-0.212178,0
410,6.8333,0.044567,0.0389,0.0396,0.005667,0.976296,-0.21644,0
411,6.85,0.047767,0.0409,0.0465,0.006867,0.975342,-0.220697,0
412,6.8667,0.0472,0.0409,0.0528,0.0063,0.97437,-0.224951,0
413,6.8833,0.047917,0.0392,0.0615,0.008717,0.973379,-0.2292,0
414,6.9,0.046383,0.0356,0.0723,0.010783,0.97237,-0.233445,0
415,6.9167,0.046917,0.0341,0.0851,0.012817,0.971342,-0.237686,0
416,6.9333,0.047933,0.0361,0.0969,0.011833,0.970296,-0.241922,0
417,6.95,0.052717,0.0399,0.1097,0.012817,0.969231,-0.246153,0
418,6.9667,0.047533,0.0347,0.1225,0.012833,0.968148,-0.25038,0
419,6.9833,0.050283,0.0363,0.1365,0.013983,0.967046,-0.254602,0
420,7.0,0.053883,0.0629,0.1275,-0.009017,0.965926,-0.258819,0
421,7.0167,0.056217,0.0669,0.1168,-0.010683,0.964787,-0.263031,0
422,7.0333,0.059517,0.0644,0.1119,-0.004883,0.96363,-0.267238,0
423,7.05,0.051383,0.0684,0.0949,-0.017017,0.962455,-0.27144,0
424,7.0667,0.055817,0.0685,0.0822,-0.012683,0.961262,-0.275637,0
425,7.0833,0.05775,0.0661,0.0738,-0.00835,0.96005,-0.279829,0
426,7.1,0.056833,0.0693,0.0613,-0.012467,0.95882,-0.284015,0
427,7.1167,0.053583,0.0689,0.046,-0.015317,0.957571,-0.288196,0
428,7.1333,0.059183,0.068,0.0372,-0.008817,0.956305,-0.292372,0
429,7.15,0.0612,0.0691,0.0293,-0.0079,0.95502,-0.296542,0
430,7.1667,0.059817,0.0676,0.0215,-0.007783,0.953717,-0.300706,0
431,7.1833,0.060733,0.0691,0.0131,-0.008367,0.952396,-0.304864,0
432,7.2,0.064133,0.0713,0.0059,-0.007167,0.951057,-0.309017,0
433,7.2167,0.059833,0.0692,0.0,-0.009367,0.949699,-0.313164,1
434,7.2333,0.064433,0.0703,0.0,-0.005867,0.948324,-0.317305,1
435,7.25,0.064767,0.0637,0.0011,0.001067,0.94693,-0.321439,0
436,7.2667,0.0656,0.066,0.0007,-0.0004,0.945519,-0.325568,0
437,7.2833,0.068533,0.07,0.0,-0.001467,0.944089,-0.329691,1
438,7.3,0.068383,0.0676,0.0008,0.000783,0.942641,-0.333807,0
439,7.3167,0.0668,0.0679,0.0,-0.0011,0.941176,-0.337917,1
440,7.3333,0.064417,0.0682,0.0,-0.003783,0.939693,-0.34202,1
441,7.35,0.067433,0.0692,0.0,-0.001767,0.938191,-0.346117,1
442,7.3667,0.0735,0.0689,0.0046,0.0046,0.936672,-0.350207,0
443,7.3833,0.071967,0.0654,0.0112,0.006567,0.935135,-0.354291,0
444,7.4,0.06855,0.0692,0.0106,-0.00065,0.93358,-0.358368,0
445,7.4167,0.073517,0.0673,0.0168,0.006217,0.932008,-0.362438,0
446,7.4333,0.067883,0.07,0.0147,-0.002117,0.930418,-0.366501,0
447,7.45,0.07365,0.0667,0.0217,0.00695,0.92881,-0.370557,0
448,7.4667,0.072583,0.0648,0.0295,0.007783,0.927184,-0.374607,0
449,7.4833,0.07285,0.07,0.0323,0.00285,0.925541,-0.378649,0
450,7.5,0.07865,0.0685,0.0424,0.01015,0.92388,-0.382683,0
451,7.5167,0.0806,0.0688,0.0542,0.0118,0.922201,-0.386711,0
452,7.5333,0.078617,0.0668,0.066,0.011817,0.920505,-0.390731,0
453,7.55,0.0791,0.0668,0.0783,0.0123,0.918791,-0.394744,0
454,7.5667,0.0823,0.0704,0.0902,0.0119,0.91706,-0.398749,0
455,7.5833,0.07765,0.0672,0.1007,0.01045,0.915311,-0.402747,0
456,7.6,0.084667,0.0646,0.1208,0.020067,0.913545,-0.406737,0
457,7.6167,0.078083,0.0688,0.1301,0.009283,0.911762,-0.410719,0
458,7.6333,0.080067,0.0689,0.1413,0.011167,0.909961,-0.414693,0
459,7.65,0.086217,0.068,0.1595,0.018217,0.908143,-0.41866,0
460,7.6667,0.083267,0.0699,0.1729,0.013367,0.906308,-0.422618,0
461,7.6833,0.084833,0.0696,0.1881,0.015233,0.904455,-0.426569,0
462,7.7,0.08605,0.068,0.2061,0.01805,0.902585,-0.430511,0
463,7.7167,0.089367,0.0664,0.2291,0.022967,0.900698,-0.434445,0
464,7.7333,0.085983,0.0695,0.2456,0.016483,0.898794,-0.438371,0
465,7.75,0.091383,0.0728,0.2642,0.018583,0.896873,-0.442289,0
466,7.7667,0.091833,0.0669,0.2891,0.024933,0.894934,-0.446198,0
467,7.7833,0.0907,0.0655,0.3143,0.0252,0.892979,-0.450098,0
468,7.8,0.090917,0.0679,0.3373,0.023017,0.891007,-0.45399,0
469,7.8167,0.090567,0.0677,0.3602,0.022867,0.889017,-0.457874,0
470,7.8333,0.093517,0.0642,0.3895,0.029317,0.887011,-0.461749,0
471,7.85,0.091133,0.0652,0.4154,0.025933,0.884988,-0.465615,0
472,7.8667,0.091333,0.0643,0.4424,0.027033,0.882948,-0.469472,0
473,7.8833,0.092817,0.0683,0.4669,0.024517,0.880891,-0.47332,0
474,7.9,0.096533,0.0694,0.494,0.027133,0.878817,-0.477159,0
475,7.9167,0.0982,0.0657,0.5265,0.0325,0.876727,-0.480989,0
476,7.9333,0.099517,0.0699,0.5561,0.029617,0.87462,-0.48481,0
477,7.95,0.096517,0.071,0.5816,0.025517,0.872496,-0.488621,0
478,7.9667,0.09755,0.0679,0.6113,0.02965,0.870356,-0.492424,0
479,7.9833,0.10015,0.0703,0.6411,0.02985,0.868199,-0.496217,0
480,8.0,0.097383,0.0689,0.6696,0.028483,0.866025,-0.5,0
481,8.0167,0.100133,0.0694,0.7003,0.030733,0.863836,-0.503774,0
482,8.0333,0.101233,0.0636,0.7379,0.037633,0.861629,-0.507538,0
483,8.05,0.10395,0.0681,0.7737,0.03585,0.859406,-0.511293,0
484,8.0667,0.101083,0.0696,0.8052,0.031483,0.857167,-0.515038,0
485,8.0833,0.105017,0.068,0.8422,0.037017,0.854912,-0.518773,0
486,8.1,0.105367,0.0711,0.8765,0.034267,0.85264,-0.522499,0
487,8.1167,0.105167,0.0696,0.9121,0.035567,0.850352,-0.526214,0
488,8.1333,0.107883,0.0677,0.9523,0.040183,0.848048,-0.529919,0
489,8.15,0.1105,0.0635,0.9993,0.047,0.845728,-0.533615,0
490,8.1667,0.106017,0.0682,1.0371,0.037817,0.843391,-0.5373,0
491,8.1833,0.10615,0.0699,1.0733,0.03625,0.841039,-0.540974,0
492,8.2,0.10555,0.0658,1.113,0.03975,0.838671,-0.544639,0
493,8.2167,0.107583,0.066,1.1546,0.041583,0.836286,-0.548293,0
494,8.2333,0.115367,0.0676,1.2024,0.047767,0.833886,-0.551937,0
495,8.25,0.110183,0.0659,1.2467,0.044283,0.83147,-0.55557,0
496,8.2667,0.1094,0.0711,1.285,0.0383,0.829038,-0.559193,0
497,8.2833,0.11085,0.0701,1.3257,0.04075,0.82659,-0.562805,0
498,8.3,0.106717,0.0665,1.3659,0.040217,0.824126,-0.566406,0
499,8.3167,0.113383,0.0677,1.4116,0.045683,0.821647,-0.569997,0
500,8.3333,0.1119,0.0667,1.4568,0.0452,0.819152,-0.573576,0
501,8.35,0.11405,0.0696,1.5013,0.04445,0.816642,-0.577145,0
502,8.3667,0.119483,0.0696,1.5512,0.049883,0.814116,-0.580703,0
503,8.3833,0.115733,0.0689,1.598,0.046833,0.811574,-0.58425,0
504,8.4,0.11525,0.0692,1.6441,0.04605,0.809017,-0.587785,0
505,8.4167,0.118817,0.0677,1.6952,0.051117,0.806445,-0.59131,0
506,8.4333,0.119933,0.0634,1.7517,0.056533,0.803857,-0.594823,0
507,8.45,0.1188,0.0685,1.802,0.0503,0.801254,-0.598325,0
508,8.4667,0.1188,0.0714,1.8494,0.0474,0.798636,-0.601815,0
509,8.4833,0.1198,0.0684,1.9008,0.0514,0.796002,-0.605294,0
510,8.5,0.121267,0.0676,1.9545,0.053667,0.793353,-0.608761,0
511,8.5167,0.1207,0.0674,2.0078,0.0533,0.79069,-0.612217,0
512,8.5333,0.125283,0.0692,2.0639,0.056083,0.788011,-0.615661,0
513,8.55,0.123183,0.0679,2.1192,0.055283,0.785317,-0.619094,0
514,8.5667,0.124717,0.0675,2.1764,0.057217,0.782608,-0.622515,0
515,8.5833,0.120667,0.0663,2.2308,0.054367,0.779884,-0.625923,0
516,8.6,0.1204,0.1112,2.24,0.0092,0.777146,-0.62932,0
517,8.6167,0.1254,0.1051,2.2603,0.0203,0.774393,-0.632705,0
518,8.6333,0.127567,0.1086,2.2793,0.018967,0.771625,-0.636078,0
519,8.65,0.12445,0.1085,2.2952,0.01595,0.768842,-0.639439,0
520,8.6667,0.128733,0.1081,2.3158,0.020633,0.766044,-0.642788,0
521,8.6833,0.12935,0.1064,2.3387,0.02295,0.763232,-0.646124,0
522,8.7,0.1303,0.1044,2.3646,0.0259,0.760406,-0.649448,0
523,8.7167,0.134067,0.1074,2.3913,0.026667,0.757565,-0.65276,0
524,8.7333,0.1317,0.1061,2.4169,0.0256,0.75471,-0.656059,0
525,8.75,0.131517,0.1083,2.4401,0.023217,0.75184,-0.659346,0
526,8.7667,0.128633,0.1096,2.4591,0.019033,0.748956,-0.66262,0
527,8.7833,0.136833,0.1105,2.4854,0.026333,0.746057,-0.665882,0
528,8.8,0.13365,0.1076,2.5114,0.02605,0.743145,-0.669131,0
529,8.8167,0.134667,0.1095,2.5366,0.025167,0.740218,-0.672367,0
530,8.8333,0.13655,0.1091,2.564,0.02745,0.737277,-0.67559,0
531,8.85,0.13555,0.1077,2.5918,0.02785,0.734323,-0.678801,0
532,8.8667,0.133883,0.1077,2.618,0.026183,0.731354,-0.681998,0
533,8.8833,0.1331,0.1096,2.6415,0.0235,0.728371,-0.685183,0
534,8.9,0.141383,0.1099,2.673,0.031483,0.725374,-0.688355,0
535,8.9167,0.142617,0.1082,2.7074,0.034417,0.722364,-0.691513,0
536,8.9333,0.141983,0.1083,2.7411,0.033683,0.71934,-0.694658,0
537,8.95,0.137333,0.1103,2.7681,0.027033,0.716302,-0.69779,0
538,8.9667,0.137617,0.0693,2.8364,0.068317,0.71325,-0.700909,0
539,8.9833,0.140867,0.0705,2.9068,0.070367,0.710185,-0.704015,0
540,9.0,0.142683,0.0352,3.0143,0.107483,0.707107,-0.707107,0
541,9.0167,0.145583,0.0409,3.119,0.104683,0.704015,-0.710185,0
542,9.0333,0.14195,0.0373,3.2237,0.10465,0.700909,-0.71325,0
543,9.05,0.142833,0.0394,3.3271,0.103433,0.69779,-0.716302,0
544,9.0667,0.146817,0.0377,3.4362,0.109117,0.694658,-0.71934,0
545,9.0833,0.141267,0.0404,3.5371,0.100867,0.691513,-0.722364,0
546,9.1,0.141567,0.0426,3.6361,0.098967,0.688355,-0.725374,0
547,9.1167,0.146833,0.0405,3.7424,0.106333,0.685183,-0.728371,0
548,9.1333,0.14575,0.0386,3.8495,0.10715,0.681998,-0.731354,0
549,9.15,0.15125,0.0351,3.9657,0.11615,0.678801,-0.734323,0
550,9.1667,0.145867,0.0385,4.0731,0.107367,0.67559,-0.737277,0
551,9.1833,0.147767,0.0382,4.1827,0.109567,0.672367,-0.740218,0
552,9.2,0.148583,0.0374,4.2939,0.111183,0.669131,-0.743145,0
553,9.2167,0.149017,0.0413,4.4016,0.107717,0.665882,-0.746057,0
554,9.2333,0.149183,0.0375,4.5133,0.111683,0.66262,-0.748956,0
555,9.25,0.150283,0.0346,4.629,0.115683,0.659346,-0.75184,0
556,9.2667,0.152,0.0384,4.7426,0.1136,0.656059,-0.75471,0
557,9.2833,0.147383,0.0386,4.8514,0.108783,0.65276,-0.757565,0
558,9.3,0.14465,0.0331,4.963,0.11155,0.649448,-0.760406,0
559,9.3167,0.153883,0.0397,5.0772,0.114183,0.646124,-0.763232,0
560,9.3333,0.153883,0.039,5.1921,0.114883,0.642788,-0.766044,0
561,9.35,0.153867,0.0387,5.3073,0.115167,0.639439,-0.768842,0
562,9.3667,0.157333,0.039,5.4256,0.118333,0.636078,-0.771625,0
563,9.3833,0.1546,0.037,5.5432,0.1176,0.632705,-0.774393,0
564,9.4,0.1524,0.0349,5.6607,0.1175,0.62932,-0.777146,0
565,9.4167,0.1562,0.0338,5.7831,0.1224,0.625923,-0.779884,0
566,9.4333,0.159483,0.0416,5.901,0.117883,0.622515,-0.782608,0
567,9.45,0.15375,0.0373,6.0174,0.11645,0.619094,-0.785317,0
568,9.4667,0.155783,0.0363,6.1369,0.119483,0.615661,-0.788011,0
569,9.4833,0.1572,0.0407,6.2534,0.1165,0.612217,-0.79069,0
570,9.5,0.156917,0.0385,6.3718,0.118417,0.608761,-0.793353,0
571,9.5167,0.158617,0.036,6.4944,0.122617,0.605294,-0.796002,0
572,9.5333,0.158133,0.0374,6.6151,0.120733,0.601815,-0.798636,0
573,9.55,0.161283,0.039,6.7374,0.122283,0.598325,-0.801254,0
574,9.5667,0.162617,0.0359,6.8641,0.126717,0.594823,-0.803857,0
575,9.5833,0.15825,0.0369,6.9854,0.12135,0.59131,-0.806445,0
576,9.6,0.162433,0.0344,7.1134,0.128033,0.587785,-0.809017,0
577,9.6167,0.16355,0.0359,7.2411,0.12765,0.58425,-0.811574,0
578,9.6333,0.1667,0.0396,7.3682,0.1271,0.580703,-0.814116,0
579,9.65,0.16135,0.0389,7.4906,0.12245,0.577145,-0.816642,0
580,9.6667,0.160917,0.038,7.6135,0.122917,0.573576,-0.819152,0
581,9.6833,0.16635,0.0341,7.7458,0.13225,0.569997,-0.821647,0
582,9.7,0.166183,0.0389,7.8731,0.127283,0.566406,-0.824126,0
583,9.7167,0.164217,0.041,7.9963,0.123217,0.562805,-0.82659,0
584,9.7333,0.168183,0.034,8.1305,0.134183,0.559193,-0.829038,0
585,9.75,0.169367,0.0416,8.2583,0.127767,0.55557,-0.83147,0
586,9.7667,0.167367,0.0394,8.3863,0.127967,0.551937,-0.833886,0
587,9.7833,0.169633,0.0351,8.5208,0.134533,0.548293,-0.836286,0
588,9.8,0.166533,0.0383,8.649,0.128233,0.544639,-0.838671,0
589,9.8167,0.17615,0.0379,8.7872,0.13825,0.540974,-0.841039,0
590,9.8333,0.169733,0.0344,8.9225,0.135333,0.5373,-0.843391,0
591,9.85,0.167367,0.0373,9.0526,0.130067,0.533615,-0.845728,0
592,9.8667,0.173067,0.0348,9.1909,0.138267,0.529919,-0.848048,0
593,9.8833,0.1739,0.0377,9.3271,0.1362,0.526214,-0.850352,0
594,9.9,0.171983,0.0343,9.4648,0.137683,0.522499,-0.85264,0
595,9.9167,0.168717,0.0404,9.5931,0.128317,0.518773,-0.854912,0
596,9.9333,0.1703,0.0351,9.7283,0.1352,0.515038,-0.857167,0
597,9.95,0.1716,0.0379,9.862,0.1337,0.511293,-0.859406,0
598,9.9667,0.171333,0.037,9.9963,0.134333,0.507538,-0.861629,0
599,9.9833,0.170517,0.0385,10.1283,0.132017,0.503774,-0.863836,0
600,10.0,0.175133,0.0379,10.2655,0.137233,0.5,-0.866025,0
601,10.0167,0.171367,0.0361,10.4008,0.135267,0.496217,-0.868199,0
602,10.0333,0.17585,0.0365,10.5402,0.13935,0.492424,-0.870356,0
603,10.05,0.177417,0.035,10.6826,0.142417,0.488621,-0.872496,0
604,10.0667,0.171883,0.0368,10.8177,0.135083,0.48481,-0.87462,0
605,10.0833,0.177833,0.0346,10.9609,0.143233,0.480989,-0.876727,0
606,10.1,0.179317,0.0393,11.1009,0.140017,0.477159,-0.878817,0
607,10.1167,0.173917,0.0372,11.2376,0.136717,0.47332,-0.880891,0
608,10.1333,0.178283,0.0356,11.3803,0.142683,0.469472,-0.882948,0
609,10.15,0.17665,0.0363,11.5206,0.14035,0.465615,-0.884988,0
610,10.1667,0.1747,0.0387,11.6566,0.136,0.461749,-0.887011,0
611,10.1833,0.178583,0.0392,11.796,0.139383,0.457874,-0.889017,0
612,10.2,0.18045,0.0354,11.9411,0.14505,0.45399,-0.891007,0
613,10.2167,0.184133,0.0359,12.0893,0.148233,0.450098,-0.892979,0
614,10.2333,0.181283,0.037,12.2336,0.144283,0.446198,-0.894934,0
615,10.25,0.176867,0.0348,12.3757,0.142067,0.442289,-0.896873,0
616,10.2667,0.178767,0.0406,12.5139,0.138167,0.438371,-0.898794,0
617,10.2833,0.180717,0.0402,12.6544,0.140517,0.434445,-0.900698,0
618,10.3,0.180733,0.0346,12.8005,0.146133,0.430511,-0.902585,0
619,10.3167,0.18435,0.0371,12.9477,0.14725,0.426569,-0.904455,0
620,10.3333,0.18065,0.0378,13.0905,0.14285,0.422618,-0.906308,0
621,10.35,0.1812,0.0333,13.2384,0.1479,0.41866,-0.908143,0
622,10.3667,0.182217,0.039,13.3816,0.143217,0.414693,-0.909961,0
623,10.3833,0.17945,0.0379,13.5231,0.14155,0.410719,-0.911762,0
624,10.4,0.1855,0.0393,13.6693,0.1462,0.406737,-0.913545,0
625,10.4167,0.18375,0.0344,13.8186,0.14935,0.402747,-0.915311,0
626,10.4333,0.189083,0.0385,13.9692,0.150583,0.398749,-0.91706,0
627,10.45,0.1807,0.0374,14.1125,0.1433,0.394744,-0.918791,0
628,10.4667,0.184383,0.0402,14.2567,0.144183,0.390731,-0.920505,0
629,10.4833,0.179717,0.0354,14.401,0.144317,0.386711,-0.922201,0
630,10.5,0.187833,0.0387,14.5501,0.149133,0.382683,-0.92388,0
631,10.5167,0.1872,0.0372,14.7001,0.15,0.378649,-0.925541,0
632,10.5333,0.180967,0.0366,14.8445,0.144367,0.374607,-0.927184,0
633,10.55,0.190983,0.0334,15.0021,0.157583,0.370557,-0.92881,0
634,10.5667,0.187117,0.0382,15.151,0.148917,0.366501,-0.930418,0
635,10.5833,0.187117,0.0372,15.3009,0.149917,0.362438,-0.932008,0
636,10.6,0.188783,0.0336,15.4561,0.155183,0.358368,-0.93358,0
637,10.6167,0.189433,0.0368,15.6087,0.152633,0.354291,-0.935135,0
638,10.6333,0.187117,0.0371,15.7587,0.150017,0.350207,-0.936672,0
639,10.65,0.19255,0.0397,15.9116,0.15285,0.346117,-0.938191,0
640,10.6667,0.1897,0.041,16.0603,0.1487,0.34202,-0.939693,0
641,10.6833,0.188217,0.0403,16.2082,0.147917,0.337917,-0.941176,0
642,10.7,0.190233,0.034,16.3644,0.156233,0.333807,-0.942641,0
643,10.7167,0.18965,0.0374,16.5166,0.15225,0.329691,-0.944089,0
644,10.7333,0.188667,0.0373,16.668,0.151367,0.325568,-0.945519,0
645,10.75,0.1884,0.0369,16.8195,0.1515,0.321439,-0.94693,0
646,10.7667,0.193317,0.0411,16.9717,0.152217,0.317305,-0.948324,0
647,10.7833,0.189667,0.0351,17.1263,0.154567,0.313164,-0.949699,0
648,10.8,0.19035,0.0415,17.2752,0.14885,0.309017,-0.951057,0
649,10.8167,0.192633,0.0356,17.4322,0.157033,0.304864,-0.952396,0
650,10.8333,0.191283,0.0351,17.5884,0.156183,0.300706,-0.953717,0
651,10.85,0.189867,0.0361,17.7422,0.153767,0.296542,-0.95502,0
652,10.8667,0.192383,0.0339,17.9007,0.158483,0.292372,-0.956305,0
653,10.8833,0.195867,0.0367,18.0,0.159167,0.288196,-0.957571,0
654,10.9,0.195883,0.0383,18.0,0.157583,0.284015,-0.95882,0
655,10.9167,0.19425,0.0393,18.0,0.15495,0.279829,-0.96005,0
656,10.9333,0.188917,0.038,18.0,0.150917,0.275637,-0.961262,0
657,10.95,0.1961,0.0405,18.0,0.1556,0.27144,-0.962455,0
658,10.9667,0.191833,0.0376,18.0,0.154233,0.267238,-0.96363,0
659,10.9833,0.194267,0.0413,18.0,0.152967,0.263031,-0.964787,0
660,11.0,0.1974,0.0372,18.0,0.1602,0.258819,-0.965926,0
661,11.0167,0.1961,0.0354,18.0,0.1607,0.254602,-0.967046,0
662,11.0333,0.19295,0.0394,18.0,0.15355,0.25038,-0.968148,0
663,11.05,0.19255,0.037,18.0,0.15555,0.246153,-0.969231,0
664,11.0667,0.196917,0.0384,18.0,0.158517,0.241922,-0.970296,0
665,11.0833,0.195767,0.0377,18.0,0.158067,0.237686,-0.971342,0
666,11.1,0.195633,0.0392,18.0,0.156433,0.233445,-0.97237,0
667,11.1167,0.193983,0.0374,18.0,0.156583,0.2292,-0.973379,0
668,11.1333,0.194367,0.0696,18.0,0.124767,0.224951,-0.97437,0
669,11.15,0.1942,0.0716,18.0,0.1226,0.220697,-0.975342,0
670,11.1667,0.196283,0.0708,18.0,0.125483,0.21644,-0.976296,0
671,11.1833,0.193383,0.0718,18.0,0.121583,0.212178,-0.977231,0
672,11.2,0.1995,0.0724,18.0,0.1271,0.207912,-0.978148,0
673,11.2167,0.19755,0.0716,18.0,0.12595,0.203642,-0.979045,0
674,11.2333,0.198933,0.0749,18.0,0.124033,0.199368,-0.979925,0
675,11.25,0.19765,0.0722,18.0,0.12545,0.19509,-0.980785,0
676,11.2667,0.195833,0.0717,18.0,0.124133,0.190809,-0.981627,0
677,11.2833,0.19525,0.0697,18.0,0.12555,0.186524,-0.98245,0
678,11.3,0.199367,0.0687,18.0,0.130667,0.182236,-0.983255,0
679,11.3167,0.19485,0.0739,18.0,0.12095,0.177944,-0.984041,0
680,11.3333,0.197967,0.0725,18.0,0.125467,0.173648,-0.984808,0
681,11.35,0.198567,0.0737,18.0,0.124867,0.16935,-0.985556,0
682,11.3667,0.197333,0.0722,18.0,0.125133,0.165048,-0.986286,0
683,11.3833,0.1996,0.0688,18.0,0.1308,0.160743,-0.986996,0
684,11.4,0.196783,0.0731,18.0,0.123683,0.156434,-0.987688,0
685,11.4167,0.195133,0.0729,18.0,0.122233,0.152123,-0.988362,0
686,11.4333,0.203117,0.0728,18.0,0.130317,0.147809,-0.989016,0
687,11.45,0.198867,0.0753,18.0,0.123567,0.143493,-0.989651,0
688,11.4667,0.197467,0.0709,18.0,0.126567,0.139173,-0.990268,0
689,11.4833,0.194667,0.072,18.0,0.122667,0.134851,-0.990866,0
690,11.5,0.196233,0.0379,18.0,0.158333,0.130526,-0.991445,0
691,11.5167,0.197683,0.0391,18.0,0.158583,0.126199,-0.992005,0
692,11.5333,0.197867,0.0425,18.0,0.155367,0.121869,-0.992546,0
693,11.55,0.201017,0.0409,18.0,0.160117,0.117537,-0.993068,0
694,11.5667,0.197867,0.0354,18.0,0.162467,0.113203,-0.993572,0
695,11.5833,0.196483,0.0404,18.0,0.156083,0.108867,-0.994056,0
696,11.6,0.1997,0.0396,18.0,0.1601,0.104528,-0.994522,0
697,11.6167,0.200683,0.0394,18.0,0.161283,0.100188,-0.994969,0
698,11.6333,0.201683,0.0357,18.0,0.165983,0.095846,-0.995396,0
699,11.65,0.198717,0.0372,18.0,0.161517,0.091502,-0.995805,0
700,11.6667,0.201217,0.0363,18.0,0.164917,0.087156,-0.996195,0
701,11.6833,0.200783,0.0345,18.0,0.166283,0.082808,-0.996566,0
702,11.7,0.200867,0.0408,18.0,0.160067,0.078459,-0.996917,0
703,11.7167,0.197967,0.0371,18.0,0.160867,0.074108,-0.99725,0
704,11.7333,0.20105,0.0348,18.0,0.16625,0.069756,-0.997564,0
705,11.75,0.203133,0.04,18.0,0.163133,0.065403,-0.997859,0
706,11.7667,0.199233,0.0378,18.0,0.161433,0.061049,-0.998135,0
707,11.7833,0.19835,0.0371,18.0,0.16125,0.056693,-0.998392,0
708,11.8,0.202467,0.0383,18.0,0.164167,0.052336,-0.99863,0
709,11.8167,0.199483,0.0367,18.0,0.162783,0.047978,-0.998848,0
710,11.8333,0.200333,0.0374,18.0,0.162933,0.043619,-0.999048,0
711,11.85,0.199583,0.0374,18.0,0.162183,0.03926,-0.999229,0
712,11.8667,0.19885,0.0365,18.0,0.16235,0.034899,-0.999391,0
713,11.8833,0.199717,0.0385,18.0,0.161217,0.030539,-0.999534,0
714,11.9,0.204267,0.0385,18.0,0.165767,0.026177,-0.999657,0
715,11.9167,0.2016,0.0339,18.0,0.1677,0.021815,-0.999762,0
716,11.9333,0.198533,0.0348,18.0,0.163733,0.017452,-0.999848,0
717,11.95,0.201683,0.0365,18.0,0.165183,0.01309,-0.999914,0
718,11.9667,0.20125,0.0357,18.0,0.16555,0.008727,-0.999962,0
719,11.9833,0.202383,0.038,18.0,0.164383,0.004363,-0.99999,0
720,12.0,0.1972,0.0339,18.0,0.1633,0.0,-1.0,0
721,12.0167,0.199967,0.0405,18.0,0.159467,-0.004363,-0.99999,0
722,12.0333,0.195483,0.0405,18.0,0.154983,-0.008727,-0.999962,0
723,12.05,0.202783,0.0354,18.0,0.167383,-0.01309,-0.999914,0
724,12.0667,0.2009,0.0361,18.0,0.1648,-0.017452,-0.999848,0
725,12.0833,0.198883,0.0389,18.0,0.159983,-0.021815,-0.999762,0
726,12.1,0.199467,0.0384,18.0,0.161067,-0.026177,-0.999657,0
727,12.1167,0.200283,0.0377,18.0,0.162583,-0.030539,-0.999534,0
728,12.1333,0.207167,0.0338,18.0,0.173367,-0.034899,-0.999391,0
729,12.15,0.198283,0.0383,18.0,0.159983,-0.03926,-0.999229,0
730,12.1667,0.199517,0.037,18.0,0.162517,-0.043619,-0.999048,0
731,12.1833,0.200433,0.0342,18.0,0.166233,-0.047978,-0.998848,0
732,12.2,0.200417,0.0359,18.0,0.164517,-0.052336,-0.99863,0
733,12.2167,0.203267,0.0369,18.0,0.166367,-0.056693,-0.998392,0
734,12.2333,0.195383,0.0387,18.0,0.156683,-0.061049,-0.998135,0
735,12.25,0.1986,0.0399,18.0,0.1587,-0.065403,-0.997859,0
736,12.2667,0.2025,0.036,18.0,0.1665,-0.069756,-0.997564,0
737,12.2833,0.200433,0.0376,18.0,0.162833,-0.074108,-0.99725,0
738,12.3,0.19775,0.0379,18.0,0.15985,-0.078459,-0.996917,0
739,12.3167,0.197617,0.0373,18.0,0.160317,-0.082808,-0.996566,0
740,12.3333,0.19875,0.0373,18.0,0.16145,-0.087156,-0.996195,0
741,12.35,0.20025,0.0352,18.0,0.16505,-0.091502,-0.995805,0
742,12.3667,0.19915,0.0355,18.0,0.16365,-0.095846,-0.995396,0
743,12.3833,0.197933,0.0392,18.0,0.158733,-0.100188,-0.994969,0
744,12.4,0.1964,0.04,18.0,0.1564,-0.104528,-0.994522,0
745,12.4167,0.19805,0.0332,18.0,0.16485,-0.108867,-0.994056,0
746,12.4333,0.198017,0.0393,18.0,0.158717,-0.113203,-0.993572,0
747,12.45,0.1973,0.0393,18.0,0.158,-0.117537,-0.993068,0
748,12.4667,0.196883,0.0337,18.0,0.163183,-0.121869,-0.992546,0
749,12.4833,0.193517,0.0359,18.0,0.157617,-0.126199,-0.992005,0
750,12.5,0.19905,0.0339,18.0,0.16515,-0.130526,-0.991445,0
751,12.5167,0.19885,0.0404,18.0,0.15845,-0.134851,-0.990866,0
752,12.5333,0.194833,0.0373,18.0,0.157533,-0.139173,-0.990268,0
753,12.55,0.199883,0.041,18.0,0.158883,-0.143493,-0.989651,0
754,12.5667,0.197383,0.0381,18.0,0.159283,-0.147809,-0.989016,0
755,12.5833,0.19675,0.0359,18.0,0.16085,-0.152123,-0.988362,0
756,12.6,0.193,0.0371,18.0,0.1559,-0.156434,-0.987688,0
757,12.6167,0.199567,0.0401,18.0,0.159467,-0.160743,-0.986996,0
758,12.6333,0.201983,0.0439,18.0,0.158083,-0.165048,-0.986286,0
759,12.65,0.19785,0.0377,18.0,0.16015,-0.16935,-0.985556,0
760,12.6667,0.1961,0.0376,18.0,0.1585,-0.173648,-0.984808,0
761,12.6833,0.197683,0.0369,18.0,0.160783,-0.177944,-0.984041,0
762,12.7,0.192183,0.0354,18.0,0.156783,-0.182236,-0.983255,0
763,12.7167,0.1968,0.0388,18.0,0.158,-0.186524,-0.98245,0
764,12.7333,0.195083,0.0367,18.0,0.158383,-0.190809,-0.981627,0
765,12.75,0.193283,0.0354,18.0,0.157883,-0.19509,-0.980785,0
766,12.7667,0.199517,0.0397,18.0,0.159817,-0.199368,-0.979925,0
767,12.7833,0.194517,0.036,18.0,0.158517,-0.203642,-0.979045,0
768,12.8,0.19735,0.0363,18.0,0.16105,-0.207912,-0.978148,0
769,12.8167,0.195717,0.0385,18.0,0.157217,-0.212178,-0.977231,0
770,12.8333,0.194967,0.0369,18.0,0.158067,-0.21644,-0.976296,0
771,12.85,0.1959,0.0378,18.0,0.1581,-0.220697,-0.975342,0
772,12.8667,0.194083,0.0374,18.0,0.156683,-0.224951,-0.97437,0
773,12.8833,0.19335,0.0374,18.0,0.15595,-0.2292,-0.973379,0
774,12.9,0.193967,0.04,18.0,0.153967,-0.233445,-0.97237,0
775,12.9167,0.19275,0.0372,18.0,0.15555,-0.237686,-0.971342,0
776,12.9333,0.189067,0.0362,18.0,0.152867,-0.241922,-0.970296,0
777,12.95,0.192367,0.034,18.0,0.158367,-0.246153,-0.969231,0
778,12.9667,0.19365,0.0387,18.0,0.15495,-0.25038,-0.968148,0
779,12.9833,0.191767,0.0382,18.0,0.153567,-0.254602,-0.967046,0
780,13.0,0.194617,0.0378,18.0,0.156817,-0.258819,-0.965926,0
781,13.0167,0.1959,0.035,18.0,0.1609,-0.263031,-0.964787,0
782,13.0333,0.1882,0.039,18.0,0.1492,-0.267238,-0.96363,0
783,13.05,0.1904,0.0386,18.0,0.1518,-0.27144,-0.962455,0
784,13.0667,0.19175,0.0399,18.0,0.15185,-0.275637,-0.961262,0
785,13.0833,0.190933,0.0361,18.0,0.154833,-0.279829,-0.96005,0
786,13.1,0.192867,0.0386,18.0,0.154267,-0.284015,-0.95882,0
787,13.1167,0.1907,0.0373,18.0,0.1534,-0.288196,-0.957571,0
788,13.1333,0.19205,0.0335,18.0,0.15855,-0.292372,-0.956305,0
789,13.15,0.192,0.0346,18.0,0.1574,-0.296542,-0.95502,0
790,13.1667,0.190917,0.0404,18.0,0.150517,-0.300706,-0.953717,0
791,13.1833,0.19305,0.0338,18.0,0.15925,-0.304864,-0.952396,0
792,13.2,0.1905,0.0384,18.0,0.1521,-0.309017,-0.951057,0
793,13.2167,0.189833,0.0386,18.0,0.151233,-0.313164,-0.949699,0
794,13.2333,0.190567,0.0346,18.0,0.155967,-0.317305,-0.948324,0
795,13.25,0.186583,0.0392,18.0,0.147383,-0.321439,-0.94693,0
796,13.2667,0.193433,0.0397,18.0,0.153733,-0.325568,-0.945519,0
797,13.2833,0.185733,0.0405,18.0,0.145233,-0.329691,-0.944089,0
798,13.3,0.191733,0.0335,18.0,0.158233,-0.333807,-0.942641,0
799,13.3167,0.1889,0.0365,18.0,0.1524,-0.337917,-0.941176,0
800,13.3333,0.1915,0.0383,18.0,0.1532,-0.34202,-0.939693,0
801,13.35,0.191567,0.0395,18.0,0.152067,-0.346117,-0.938191,0
802,13.3667,0.186983,0.0373,18.0,0.149683,-0.350207,-0.936672,0
803,13.3833,0.187783,0.0409,18.0,0.146883,-0.354291,-0.935135,0
804,13.4,0.189717,0.0342,18.0,0.155517,-0.358368,-0.93358,0
805,13.4167,0.185517,0.0333,18.0,0.152217,-0.362438,-0.932008,0
806,13.4333,0.184533,0.0377,18.0,0.146833,-0.366501,-0.930418,0
807,13.45,0.183917,0.037,18.0,0.146917,-0.370557,-0.92881,0
808,13.4667,0.182467,0.0337,18.0,0.148767,-0.374607,-0.927184,0
809,13.4833,0.18945,0.0376,18.0,0.15185,-0.378649,-0.925541,0
810,13.5,0.180933,0.039,18.0,0.141933,-0.382683,-0.92388,0
811,13.5167,0.185733,0.0389,18.0,0.146833,-0.386711,-0.922201,0
812,13.5333,0.184917,0.0342,18.0,0.150717,-0.390731,-0.920505,0
813,13.55,0.1871,0.0386,18.0,0.1485,-0.394744,-0.918791,0
814,13.5667,0.1865,0.0357,18.0,0.1508,-0.398749,-0.91706,0
815,13.5833,0.178367,0.0408,18.0,0.137567,-0.402747,-0.915311,0
816,13.6,0.180717,0.0375,18.0,0.143217,-0.406737,-0.913545,0
817,13.6167,0.181817,0.0357,18.0,0.146117,-0.410719,-0.911762,0
818,13.6333,0.181233,0.0352,18.0,0.146033,-0.414693,-0.909961,0
819,13.65,0.182183,0.0432,18.0,0.138983,-0.41866,-0.908143,0
820,13.6667,0.180133,0.0348,18.0,0.145333,-0.422618,-0.906308,0
821,13.6833,0.1848,0.0402,18.0,0.1446,-0.426569,-0.904455,0
822,13.7,0.18205,0.0383,18.0,0.14375,-0.430511,-0.902585,0
823,13.7167,0.183133,0.0342,18.0,0.148933,-0.434445,-0.900698,0
824,13.7333,0.182267,0.0384,18.0,0.143867,-0.438371,-0.898794,0
825,13.75,0.182567,0.039,18.0,0.143567,-0.442289,-0.896873,0
826,13.7667,0.179433,0.0357,18.0,0.143733,-0.446198,-0.894934,0
827,13.7833,0.178117,0.0369,18.0,0.141217,-0.450098,-0.892979,0
828,13.8,0.180383,0.0351,18.0,0.145283,-0.45399,-0.891007,0
829,13.8167,0.17595,0.0357,18.0,0.14025,-0.457874,-0.889017,0
830,13.8333,0.18045,0.0383,18.0,0.14215,-0.461749,-0.887011,0
831,13.85,0.170817,0.0385,18.0,0.132317,-0.465615,-0.884988,0
832,13.8667,0.178467,0.0357,18.0,0.142767,-0.469472,-0.882948,0
833,13.8833,0.173367,0.0379,18.0,0.135467,-0.47332,-0.880891,0
834,13.9,0.182533,0.0351,18.0,0.147433,-0.477159,-0.878817,0
835,13.9167,0.177667,0.0369,18.0,0.140767,-0.480989,-0.876727,0
836,13.9333,0.17635,0.04,18.0,0.13635,-0.48481,-0.87462,0
837,13.95,0.173033,0.0331,18.0,0.139933,-0.488621,-0.872496,0
838,13.9667,0.177017,0.036,18.0,0.141017,-0.492424,-0.870356,0
839,13.9833,0.170367,0.0387,18.0,0.131667,-0.496217,-0.868199,0
840,14.0,0.1729,0.0361,18.0,0.1368,-0.5,-0.866025,0
841,14.0167,0.174183,0.0381,18.0,0.136083,-0.503774,-0.863836,0
842,14.0333,0.170483,0.0348,18.0,0.135683,-0.507538,-0.861629,0
843,14.05,0.170867,0.04,18.0,0.130867,-0.511293,-0.859406,0
844,14.0667,0.170483,0.038,18.0,0.132483,-0.515038,-0.857167,0
845,14.0833,0.173017,0.04,18.0,0.133017,-0.518773,-0.854912,0
846,14.1,0.170517,0.0398,18.0,0.130717,-0.522499,-0.85264,0
847,14.1167,0.172467,0.0356,18.0,0.136867,-0.526214,-0.850352,0
848,14.1333,0.171917,0.036,18.0,0.135917,-0.529919,-0.848048,0
849,14.15,0.168033,0.0415,18.0,0.126533,-0.533615,-0.845728,0
850,14.1667,0.1687,0.036,18.0,0.1327,-0.5373,-0.843391,0
851,14.1833,0.169217,0.038,18.0,0.131217,-0.540974,-0.841039,0
852,14.2,0.1724,0.0404,18.0,0.132,-0.544639,-0.838671,0
853,14.2167,0.173867,0.0319,18.0,0.141967,-0.548293,-0.836286,0
854,14.2333,0.159083,0.0385,18.0,0.120583,-0.551937,-0.833886,0
855,14.25,0.164917,0.0399,18.0,0.125017,-0.55557,-0.83147,0
856,14.2667,0.162217,0.0395,18.0,0.122717,-0.559193,-0.829038,0
857,14.2833,0.16895,0.0375,18.0,0.13145,-0.562805,-0.82659,0
858,14.3,0.1644,0.0388,18.0,0.1256,-0.566406,-0.824126,0
859,14.3167,0.163383,0.0401,18.0,0.123283,-0.569997,-0.821647,0
860,14.3333,0.164833,0.0379,18.0,0.126933,-0.573576,-0.819152,0
861,14.35,0.16095,0.0379,18.0,0.12305,-0.577145,-0.816642,0
862,14.3667,0.1639,0.0371,18.0,0.1268,-0.580703,-0.814116,0
863,14.3833,0.156133,0.0351,18.0,0.121033,-0.58425,-0.811574,0
864,14.4,0.164367,0.0388,18.0,0.125567,-0.587785,-0.809017,0
865,14.4167,0.16,0.0382,18.0,0.1218,-0.59131,-0.806445,0
866,14.4333,0.16,0.038,18.0,0.122,-0.594823,-0.803857,0
867,14.45,0.162833,0.0378,18.0,0.125033,-0.598325,-0.801254,0
868,14.4667,0.1567,0.0376,18.0,0.1191,-0.601815,-0.798636,0
869,14.4833,0.156733,0.0366,18.0,0.120133,-0.605294,-0.796002,0
870,14.5,0.1581,0.0398,18.0,0.1183,-0.608761,-0.793353,0
871,14.5167,0.158383,0.0399,18.0,0.118483,-0.612217,-0.79069,0
872,14.5333,0.157183,0.0378,18.0,0.119383,-0.615661,-0.788011,0
873,14.55,0.1584,0.0363,18.0,0.1221,-0.619094,-0.785317,0
874,14.5667,0.153983,0.0389,18.0,0.115083,-0.622515,-0.782608,0
875,14.5833,0.158967,0.032,18.0,0.126967,-0.625923,-0.779884,0
876,14.6,0.156433,0.0369,18.0,0.119533,-0.62932,-0.777146,0
877,14.6167,0.154483,0.036,18.0,0.118483,-0.632705,-0.774393,0
878,14.6333,0.1608,0.037,18.0,0.1238,-0.636078,-0.771625,0
879,14.65,0.1519,0.0395,18.0,0.1124,-0.639439,-0.768842,0
880,14.6667,0.15205,0.038,18.0,0.11405,-0.642788,-0.766044,0
881,14.6833,0.15025,0.0382,18.0,0.11205,-0.646124,-0.763232,0
882,14.7,0.151967,0.0345,18.0,0.117467,-0.649448,-0.760406,0
883,14.7167,0.15215,0.035,18.0,0.11715,-0.65276,-0.757565,0
884,14.7333,0.152333,0.0375,18.0,0.114833,-0.656059,-0.75471,0
885,14.75,0.1543,0.0354,18.0,0.1189,-0.659346,-0.75184,0
886,14.7667,0.14745,0.0397,18.0,0.10775,-0.66262,-0.748956,0
887,14.7833,0.149233,0.0362,18.0,0.113033,-0.665882,-0.746057,0
888,14.8,0.1489,0.0383,18.0,0.1106,-0.669131,-0.743145,0
889,14.8167,0.14645,0.0408,18.0,0.10565,-0.672367,-0.740218,0
890,14.8333,0.147517,0.0378,18.0,0.109717,-0.67559,-0.737277,0
891,14.85,0.147517,0.0367,18.0,0.110817,-0.678801,-0.734323,0
892,14.8667,0.15405,0.0359,18.0,0.11815,-0.681998,-0.731354,0
893,14.8833,0.144417,0.0349,18.0,0.109517,-0.685183,-0.728371,0
894,14.9,0.148317,0.0377,18.0,0.110617,-0.688355,-0.725374,0
895,14.9167,0.140367,0.0395,18.0,0.100867,-0.691513,-0.722364,0
896,14.9333,0.140683,0.0372,18.0,0.103483,-0.694658,-0.71934,0
897,14.95,0.141867,0.0363,18.0,0.105567,-0.69779,-0.716302,0
898,14.9667,0.1382,0.0355,18.0,0.1027,-0.700909,-0.71325,0
899,14.9833,0.1444,0.036,18.0,0.1084,-0.704015,-0.710185,0
900,15.0,0.145083,0.0369,18.0,0.108183,-0.707107,-0.707107,0
901,15.0167,0.137983,0.0373,18.0,0.100683,-0.710185,-0.704015,0
902,15.0333,0.139133,0.038,18.0,0.101133,-0.71325,-0.700909,0
903,15.05,0.144133,0.0365,18.0,0.107633,-0.716302,-0.69779,0
904,15.0667,0.137867,0.0389,18.0,0.098967,-0.71934,-0.694658,0
905,15.0833,0.139167,0.0333,18.0,0.105867,-0.722364,-0.691513,0
906,15.1,0.13845,0.0378,18.0,0.10065,-0.725374,-0.688355,0
907,15.1167,0.1407,0.0417,18.0,0.099,-0.728371,-0.685183,0
908,15.1333,0.13555,0.0366,18.0,0.09895,-0.731354,-0.681998,0
909,15.15,0.13205,0.0393,18.0,0.09275,-0.734323,-0.678801,0
910,15.1667,0.134783,0.0345,18.0,0.100283,-0.737277,-0.67559,0
911,15.1833,0.137367,0.0369,18.0,0.100467,-0.740218,-0.672367,0
912,15.2,0.13295,0.0372,18.0,0.09575,-0.743145,-0.669131,0
913,15.2167,0.134967,0.0375,18.0,0.097467,-0.746057,-0.665882,0
914,15.2333,0.13345,0.0353,18.0,0.09815,-0.748956,-0.66262,0
915,15.25,0.133917,0.04,18.0,0.093917,-0.75184,-0.659346,0
916,15.2667,0.13255,0.0369,18.0,0.09565,-0.75471,-0.656059,0
917,15.2833,0.128717,0.0406,18.0,0.088117,-0.757565,-0.65276,0
918,15.3,0.131317,0.0367,18.0,0.094617,-0.760406,-0.649448,0
919,15.3167,0.131683,0.0387,18.0,0.092983,-0.763232,-0.646124,0
920,15.3333,0.1273,0.0379,18.0,0.0894,-0.766044,-0.642788,0
921,15.35,0.128067,0.0366,18.0,0.091467,-0.768842,-0.639439,0
922,15.3667,0.127017,0.0373,18.0,0.089717,-0.771625,-0.636078,0
923,15.3833,0.12635,0.0385,18.0,0.08785,-0.774393,-0.632705,0
924,15.4,0.127233,0.0369,18.0,0.090333,-0.777146,-0.62932,0
925,15.4167,0.127233,0.0386,18.0,0.088633,-0.779884,-0.625923,0
926,15.4333,0.123133,0.0373,18.0,0.085833,-0.782608,-0.622515,0
927,15.45,0.121933,0.0347,18.0,0.087233,-0.785317,-0.619094,0
928,15.4667,0.12125,0.0355,18.0,0.08575,-0.788011,-0.615661,0
929,15.4833,0.12115,0.0361,18.0,0.08505,-0.79069,-0.612217,0
930,15.5,0.12425,0.0393,18.0,0.08495,-0.793353,-0.608761,0
931,15.5167,0.121867,0.0352,18.0,0.086667,-0.796002,-0.605294,0
932,15.5333,0.123367,0.0395,18.0,0.083867,-0.798636,-0.601815,0
933,15.55,0.122367,0.0362,18.0,0.086167,-0.801254,-0.598325,0
934,15.5667,0.1168,0.0363,18.0,0.0805,-0.803857,-0.594823,0
935,15.5833,0.120867,0.0375,18.0,0.083367,-0.806445,-0.59131,0
936,15.6,0.11935,0.0417,18.0,0.07765,-0.809017,-0.587785,0
937,15.6167,0.117483,0.0378,18.0,0.079683,-0.811574,-0.58425,0
938,15.6333,0.115333,0.0391,18.0,0.076233,-0.814116,-0.580703,0
939,15.65,0.117583,0.034,18.0,0.083583,-0.816642,-0.577145,0
940,15.6667,0.115667,0.039,18.0,0.076667,-0.819152,-0.573576,0
941,15.6833,0.111767,0.0398,18.0,0.071967,-0.821647,-0.569997,0
942,15.7,0.113067,0.0404,18.0,0.072667,-0.824126,-0.566406,0
943,15.7167,0.1139,0.0371,18.0,0.0768,-0.82659,-0.562805,0
944,15.7333,0.1143,0.0351,18.0,0.0792,-0.829038,-0.559193,0
945,15.75,0.110367,0.0417,18.0,0.068667,-0.83147,-0.55557,0
946,15.7667,0.111683,0.0372,18.0,0.074483,-0.833886,-0.551937,0
947,15.7833,0.10915,0.0403,18.0,0.06885,-0.836286,-0.548293,0
948,15.8,0.111833,0.0378,18.0,0.074033,-0.838671,-0.544639,0
949,15.8167,0.109383,0.0364,18.0,0.072983,-0.841039,-0.540974,0
950,15.8333,0.111633,0.037,18.0,0.074633,-0.843391,-0.5373,0
951,15.85,0.105333,0.0361,18.0,0.069233,-0.845728,-0.533615,0
952,15.8667,0.106067,0.0381,18.0,0.067967,-0.848048,-0.529919,0
953,15.8833,0.10455,0.0376,18.0,0.06695,-0.850352,-0.526214,0
954,15.9,0.10805,0.039,18.0,0.06905,-0.85264,-0.522499,0
955,15.9167,0.103517,0.0364,18.0,0.067117,-0.854912,-0.518773,0
956,15.9333,0.104917,0.0378,18.0,0.067117,-0.857167,-0.515038,0
957,15.95,0.104833,0.0383,18.0,0.066533,-0.859406,-0.511293,0
958,15.9667,0.10345,0.0357,18.0,0.06775,-0.861629,-0.507538,0
959,15.9833,0.102533,0.0404,18.0,0.062133,-0.863836,-0.503774,0
960,16.0,0.10035,0.0368,18.0,0.06355,-0.866025,-0.5,0
961,16.0167,0.101217,0.0335,18.0,0.067717,-0.868199,-0.496217,0
962,16.0333,0.0936,0.0327,18.0,0.0609,-0.870356,-0.492424,0
963,16.05,0.103083,0.0371,18.0,0.065983,-0.872496,-0.488621,0
964,16.0667,0.0975,0.0398,18.0,0.0577,-0.87462,-0.48481,0
965,16.0833,0.0942,0.0364,18.0,0.0578,-0.876727,-0.480989,0
966,16.1,0.093,0.0384,18.0,0.0546,-0.878817,-0.477159,0
967,16.1167,0.094467,0.0413,18.0,0.053167,-0.880891,-0.47332,0
968,16.1333,0.094467,0.0403,18.0,0.054167,-0.882948,-0.469472,0
969,16.15,0.087317,0.038,18.0,0.049317,-0.884988,-0.465615,0
970,16.1667,0.0903,0.0375,18.0,0.0528,-0.887011,-0.461749,0
971,16.1833,0.088367,0.0375,18.0,0.050867,-0.889017,-0.457874,0
972,16.2,0.089617,0.0366,18.0,0.053017,-0.891007,-0.45399,0
973,16.2167,0.091617,0.0358,18.0,0.055817,-0.892979,-0.450098,0
974,16.2333,0.091667,0.0379,18.0,0.053767,-0.894934,-0.446198,0
975,16.25,0.091067,0.0367,18.0,0.054367,-0.896873,-0.442289,0
976,16.2667,0.0882,0.0376,18.0,0.0506,-0.898794,-0.438371,0
977,16.2833,0.091133,0.0369,18.0,0.054233,-0.900698,-0.434445,0
978,16.3,0.086783,0.0372,18.0,0.049583,-0.902585,-0.430511,0
979,16.3167,0.083083,0.0384,18.0,0.044683,-0.904455,-0.426569,0
980,16.3333,0.086617,0.0361,18.0,0.050517,-0.906308,-0.422618,0
981,16.35,0.085167,0.0401,18.0,0.045067,-0.908143,-0.41866,0
982,16.3667,0.081067,0.0383,18.0,0.042767,-0.909961,-0.414693,0
983,16.3833,0.0833,0.0385,18.0,0.0448,-0.911762,-0.410719,0
984,16.4,0.086667,0.0375,18.0,0.049167,-0.913545,-0.406737,0
985,16.4167,0.081617,0.0348,18.0,0.046817,-0.915311,-0.402747,0
986,16.4333,0.080417,0.0383,18.0,0.042117,-0.91706,-0.398749,0
987,16.45,0.0824,0.0379,18.0,0.0445,-0.918791,-0.394744,0
988,16.4667,0.0823,0.0355,18.0,0.0468,-0.920505,-0.390731,0
989,16.4833,0.074667,0.0361,18.0,0.038567,-0.922201,-0.386711,0
990,16.5,0.0757,0.0365,18.0,0.0392,-0.92388,-0.382683,0
991,16.5167,0.0722,0.0404,18.0,0.0318,-0.925541,-0.378649,0
992,16.5333,0.0737,0.036,18.0,0.0377,-0.927184,-0.374607,0
993,16.55,0.0674,0.0403,18.0,0.0271,-0.92881,-0.370557,0
994,16.5667,0.07735,0.0347,18.0,0.04265,-0.930418,-0.366501,0
995,16.5833,0.072867,0.0411,18.0,0.031767,-0.932008,-0.362438,0
996,16.6,0.072567,0.0419,18.0,0.030667,-0.93358,-0.358368,0
997,16.6167,0.067083,0.0402,18.0,0.026883,-0.935135,-0.354291,0
998,16.6333,0.071917,0.037,18.0,0.034917,-0.936672,-0.350207,0
999,16.65,0.0674,0.0368,18.0,0.0306,-0.938191,-0.346117,0
1000,16.6667,0.065333,0.0363,18.0,0.029033,-0.939693,-0.34202,0
1001,16.6833,0.06695,0.0368,18.0,0.03015,-0.941176,-0.337917,0
1002,16.7,0.062967,0.0366,18.0,0.026367,-0.942641,-0.333807,0
1003,16.7167,0.060317,0.0404,18.0,0.019917,-0.944089,-0.329691,0
1004,16.7333,0.064417,0.0371,18.0,0.027317,-0.945519,-0.325568,0
1005,16.75,0.065167,0.0376,18.0,0.027567,-0.94693,-0.321439,0
1006,16.7667,0.063683,0.0389,18.0,0.024783,-0.948324,-0.317305,0
1007,16.7833,0.060283,0.0395,18.0,0.020783,-0.949699,-0.313164,0
1008,16.8,0.060833,0.0365,18.0,0.024333,-0.951057,-0.309017,0
1009,16.8167,0.055567,0.0366,18.0,0.018967,-0.952396,-0.304864,0
1010,16.8333,0.05785,0.0359,18.0,0.02195,-0.953717,-0.300706,0
1011,16.85,0.064233,0.0401,18.0,0.024133,-0.95502,-0.296542,0
1012,16.8667,0.059033,0.0346,18.0,0.024433,-0.956305,-0.292372,0
1013,16.8833,0.056133,0.034,18.0,0.022133,-0.957571,-0.288196,0
1014,16.9,0.053133,0.0356,18.0,0.017533,-0.95882,-0.284015,0
1015,16.9167,0.052467,0.0404,18.0,0.012067,-0.96005,-0.279829,0
1016,16.9333,0.054967,0.0359,18.0,0.019067,-0.961262,-0.275637,0
1017,16.95,0.051983,0.0365,18.0,0.015483,-0.962455,-0.27144,0
1018,16.9667,0.054183,0.0381,18.0,0.016083,-0.96363,-0.267238,0
1019,16.9833,0.05565,0.0398,18.0,0.01585,-0.964787,-0.263031,0
1020,17.0,0.0497,0.0345,18.0,0.0152,-0.965926,-0.258819,0
1021,17.0167,0.0553,0.0344,18.0,0.0209,-0.967046,-0.254602,0
1022,17.0333,0.050367,0.0368,18.0,0.013567,-0.968148,-0.25038,0
1023,17.05,0.04935,0.0416,18.0,0.00775,-0.969231,-0.246153,0
1024,17.0667,0.049933,0.0376,18.0,0.012333,-0.970296,-0.241922,0
1025,17.0833,0.048917,0.0372,18.0,0.011717,-0.971342,-0.237686,0
1026,17.1,0.04945,0.038,18.0,0.01145,-0.97237,-0.233445,0
1027,17.1167,0.04705,0.0376,18.0,0.00945,-0.973379,-0.2292,0
1028,17.1333,0.04525,0.0361,18.0,0.00915,-0.97437,-0.224951,0
1029,17.15,0.0464,0.038,18.0,0.0084,-0.975342,-0.220697,0
1030,17.1667,0.0433,0.0381,18.0,0.0052,-0.976296,-0.21644,0
1031,17.1833,0.041083,0.0375,18.0,0.003583,-0.977231,-0.212178,0
1032,17.2,0.045383,0.0389,18.0,0.006483,-0.978148,-0.207912,0
1033,17.2167,0.044433,0.0377,18.0,0.006733,-0.979045,-0.203642,0
1034,17.2333,0.037967,0.04,17.998,-0.002033,-0.979925,-0.199368,0
1035,17.25,0.038883,0.0355,18.0,0.003383,-0.980785,-0.19509,0
1036,17.2667,0.0428,0.0396,18.0,0.0032,-0.981627,-0.190809,0
1037,17.2833,0.038817,0.0417,17.9971,-0.002883,-0.98245,-0.186524,0
1038,17.3,0.036717,0.0393,17.9945,-0.002583,-0.983255,-0.182236,0
1039,17.3167,0.034,0.0334,17.9951,0.0006,-0.984041,-0.177944,0
1040,17.3333,0.03645,0.0373,17.9943,-0.00085,-0.984808,-0.173648,0
1041,17.35,0.034683,0.0401,17.9889,-0.005417,-0.985556,-0.16935,0
1042,17.3667,0.0321,0.0364,17.9846,-0.0043,-0.986286,-0.165048,0
1043,17.3833,0.0355,0.0352,17.9849,0.0003,-0.986996,-0.160743,0
1044,17.4,0.030667,0.033,17.9826,-0.002333,-0.987688,-0.156434,0
1045,17.4167,0.030033,0.0407,17.9719,-0.010667,-0.988362,-0.152123,0
1046,17.4333,0.032283,0.0366,17.9676,-0.004317,-0.989016,-0.147809,0
1047,17.45,0.025833,0.0364,17.957,-0.010567,-0.989651,-0.143493,0
1048,17.4667,0.030817,0.0385,17.9493,-0.007683,-0.990268,-0.139173,0
1049,17.4833,0.030367,0.034,17.9457,-0.003633,-0.990866,-0.134851,0
1050,17.5,0.025283,0.0372,17.9338,-0.011917,-0.991445,-0.130526,0
1051,17.5167,0.023233,0.0388,17.9182,-0.015567,-0.992005,-0.126199,0
1052,17.5333,0.0241,0.0341,17.9082,-0.01,-0.992546,-0.121869,0
1053,17.55,0.022333,0.0363,17.8942,-0.013967,-0.993068,-0.117537,0
1054,17.5667,0.02395,0.0367,17.8815,-0.01275,-0.993572,-0.113203,0
1055,17.5833,0.021483,0.0345,17.8685,-0.013017,-0.994056,-0.108867,0
1056,17.6,0.02105,0.0411,17.8484,-0.02005,-0.994522,-0.104528,0
1057,17.6167,0.026417,0.0353,17.8395,-0.008883,-0.994969,-0.100188,0
1058,17.6333,0.020383,0.038,17.8219,-0.017617,-0.995396,-0.095846,0
1059,17.65,0.018917,0.0352,17.8056,-0.016283,-0.995805,-0.091502,0
1060,17.6667,0.014117,0.0364,17.7833,-0.022283,-0.996195,-0.087156,0
1061,17.6833,0.0158,0.0376,17.7615,-0.0218,-0.996566,-0.082808,0
1062,17.7,0.013417,0.0361,17.7388,-0.022683,-0.996917,-0.078459,0
1063,17.7167,0.01375,0.0375,17.7151,-0.02375,-0.99725,-0.074108,0
1064,17.7333,0.01585,0.0367,17.6943,-0.02085,-0.997564,-0.069756,0
1065,17.75,0.013783,0.037,17.6711,-0.023217,-0.997859,-0.065403,0
1066,17.7667,0.011267,0.0383,17.6441,-0.027033,-0.998135,-0.061049,0
1067,17.7833,0.0122,0.0365,17.6198,-0.0243,-0.998392,-0.056693,0
1068,17.8,0.011167,0.0362,17.5948,-0.025033,-0.99863,-0.052336,0
1069,17.8167,0.007717,0.0388,17.5637,-0.031083,-0.998848,-0.047978,0
1070,17.8333,0.00415,0.0407,17.5271,-0.03655,-0.999048,-0.043619,0
1071,17.85,0.004667,0.0371,17.4947,-0.032433,-0.999229,-0.03926,0
1072,17.8667,0.0054,0.0349,17.4652,-0.0295,-0.999391,-0.034899,0
1073,17.8833,0.006817,0.035,17.437,-0.028183,-0.999534,-0.030539,0
1074,17.9,0.003017,0.0375,17.4025,-0.034483,-0.999657,-0.026177,0
1075,17.9167,0.002333,0.0355,17.3693,-0.033167,-0.999762,-0.021815,0
1076,17.9333,0.003533,0.0347,17.3381,-0.031167,-0.999848,-0.017452,0
1077,17.95,0.000667,0.0417,17.2971,-0.041033,-0.999914,-0.01309,0
1078,17.9667,0.000967,0.0375,17.2606,-0.036533,-0.999962,-0.008727,0
1079,17.9833,0.0,0.0359,17.2247,-0.0359,-0.99999,-0.004363,0
1080,18.0,0.002383,0.0875,17.1396,-0.085117,-1.0,-0.0,0
1081,18.0167,0.0,0.0868,17.0528,-0.0868,-0.99999,0.004363,0
1082,18.0333,0.0,0.0832,16.9696,-0.0832,-0.999962,0.008727,0
1083,18.05,0.0,0.1212,16.8484,-0.1212,-0.999914,0.01309,0
1084,18.0667,0.0,0.1238,16.7246,-0.1238,-0.999848,0.017452,0
1085,18.0833,0.0,0.1205,16.6041,-0.1205,-0.999762,0.021815,0
1086,18.1,0.0,0.1203,16.4838,-0.1203,-0.999657,0.026177,0
1087,18.1167,0.0,0.1263,16.3575,-0.1263,-0.999534,0.030539,0
1088,18.1333,0.0,0.1229,16.2346,-0.1229,-0.999391,0.034899,0
1089,18.15,0.0,0.1222,16.1124,-0.1222,-0.999229,0.03926,0
1090,18.1667,0.0,0.1234,15.989,-0.1234,-0.999048,0.043619,0
1091,18.1833,0.0,0.1221,15.8669,-0.1221,-0.998848,0.047978,0
1092,18.2,0.0,0.1241,15.7428,-0.1241,-0.99863,0.052336,0
1093,18.2167,0.0,0.1212,15.6216,-0.1212,-0.998392,0.056693,0
1094,18.2333,0.0,0.1231,15.4985,-0.1231,-0.998135,0.061049,0
1095,18.25,0.0,0.1221,15.3764,-0.1221,-0.997859,0.065403,0
1096,18.2667,0.0,0.1225,15.2539,-0.1225,-0.997564,0.069756,0
1097,18.2833,0.0,0.1227,15.1312,-0.1227,-0.99725,0.074108,0
1098,18.3,0.0,0.1222,15.009,-0.1222,-0.996917,0.078459,0
1099,18.3167,0.0,0.1239,14.8851,-0.1239,-0.996566,0.082808,0
1100,18.3333,0.0,0.1226,14.7625,-0.1226,-0.996195,0.087156,0
1101,18.35,0.0,0.1231,14.6394,-0.1231,-0.995805,0.091502,0
1102,18.3667,0.0,0.1225,14.5169,-0.1225,-0.995396,0.095846,0
1103,18.3833,0.0,0.1225,14.3944,-0.1225,-0.994969,0.100188,0
1104,18.4,0.0,0.125,14.2694,-0.125,-0.994522,0.104528,0
1105,18.4167,0.0,0.1267,14.1427,-0.1267,-0.994056,0.108867,0
1106,18.4333,0.0,0.1229,14.0198,-0.1229,-0.993572,0.113203,0
1107,18.45,0.0,0.1204,13.8994,-0.1204,-0.993068,0.117537,0
1108,18.4667,0.0,0.1236,13.7758,-0.1236,-0.992546,0.121869,0
1109,18.4833,0.0,0.1232,13.6526,-0.1232,-0.992005,0.126199,0
1110,18.5,0.0,0.1231,13.5295,-0.1231,-0.991445,0.130526,0
1111,18.5167,0.0,0.1196,13.4099,-0.1196,-0.990866,0.134851,0
1112,18.5333,0.0,0.121,13.2889,-0.121,-0.990268,0.139173,0
1113,18.55,0.0,0.1244,13.1645,-0.1244,-0.989651,0.143493,0
1114,18.5667,0.0,0.1221,13.0424,-0.1221,-0.989016,0.147809,0
1115,18.5833,0.0,0.1204,12.922,-0.1204,-0.988362,0.152123,0
1116,18.6,0.0,0.1227,12.7993,-0.1227,-0.987688,0.156434,0
1117,18.6167,0.0,0.1215,12.6778,-0.1215,-0.986996,0.160743,0
1118,18.6333,0.0,0.123,12.5548,-0.123,-0.986286,0.165048,0
1119,18.65,0.0,0.1243,12.4305,-0.1243,-0.985556,0.16935,0
1120,18.6667,0.0,0.1213,12.3092,-0.1213,-0.984808,0.173648,0
1121,18.6833,0.0,0.1263,12.1829,-0.1263,-0.984041,0.177944,0
1122,18.7,0.0,0.1232,12.0597,-0.1232,-0.983255,0.182236,0
1123,18.7167,0.0,0.1229,11.9368,-0.1229,-0.98245,0.186524,0
1124,18.7333,0.0,0.1234,11.8134,-0.1234,-0.981627,0.190809,0
1125,18.75,0.0,0.1233,11.6901,-0.1233,-0.980785,0.19509,0
1126,18.7667,0.0,0.1232,11.5669,-0.1232,-0.979925,0.199368,0
1127,18.7833,0.0,0.1222,11.4447,-0.1222,-0.979045,0.203642,0
1128,18.8,0.0,0.1222,11.3225,-0.1222,-0.978148,0.207912,0
1129,18.8167,0.0,0.1228,11.1997,-0.1228,-0.977231,0.212178,0
1130,18.8333,0.0,0.1231,11.0766,-0.1231,-0.976296,0.21644,0
1131,18.85,0.0,0.0868,10.9898,-0.0868,-0.975342,0.220697,0
1132,18.8667,0.0,0.0828,10.907,-0.0828,-0.97437,0.224951,0
1133,18.8833,0.0,0.0823,10.8247,-0.0823,-0.973379,0.2292,0
1134,18.9,0.0,0.083,10.7417,-0.083,-0.97237,0.233445,0
1135,18.9167,0.0,0.0837,10.658,-0.0837,-0.971342,0.237686,0
1136,18.9333,0.0,0.0856,10.5724,-0.0856,-0.970296,0.241922,0
1137,18.95,0.0,0.0824,10.49,-0.0824,-0.969231,0.246153,0
1138,18.9667,0.0,0.0873,10.4027,-0.0873,-0.968148,0.25038,0
1139,18.9833,0.0,0.086,10.3167,-0.086,-0.967046,0.254602,0
1140,19.0,0.0,0.0855,10.2312,-0.0855,-0.965926,0.258819,0
1141,19.0167,0.0,0.0842,10.147,-0.0842,-0.964787,0.263031,0
1142,19.0333,0.0,0.0849,10.0621,-0.0849,-0.96363,0.267238,0
1143,19.05,0.0,0.0858,9.9763,-0.0858,-0.962455,0.27144,0
1144,19.0667,0.0,0.0851,9.8912,-0.0851,-0.961262,0.275637,0
1145,19.0833,0.0,0.0839,9.8073,-0.0839,-0.96005,0.279829,0
1146,19.1,0.0,0.0853,9.722,-0.0853,-0.95882,0.284015,0
1147,19.1167,0.0,0.0854,9.6366,-0.0854,-0.957571,0.288196,0
1148,19.1333,0.0,0.084,9.5526,-0.084,-0.956305,0.292372,0
1149,19.15,0.0,0.0857,9.4669,-0.0857,-0.95502,0.296542,0
1150,19.1667,0.0,0.0863,9.3806,-0.0863,-0.953717,0.300706,0
1151,19.1833,0.0,0.0812,9.2994,-0.0812,-0.952396,0.304864,0
1152,19.2,0.0,0.086,9.2134,-0.086,-0.951057,0.309017,0
1153,19.2167,0.0,0.082,9.1314,-0.082,-0.949699,0.313164,0
1154,19.2333,0.0,0.0885,9.0429,-0.0885,-0.948324,0.317305,0
1155,19.25,0.0,0.0856,8.9573,-0.0856,-0.94693,0.321439,0
1156,19.2667,0.0,0.0808,8.8765,-0.0808,-0.945519,0.325568,0
1157,19.2833,0.0,0.0872,8.7893,-0.0872,-0.944089,0.329691,0
1158,19.3,0.0,0.0864,8.7029,-0.0864,-0.942641,0.333807,0
1159,19.3167,0.0,0.084,8.6189,-0.084,-0.941176,0.337917,0
1160,19.3333,0.0,0.0844,8.5345,-0.0844,-0.939693,0.34202,0
1161,19.35,0.0,0.0843,8.4502,-0.0843,-0.938191,0.346117,0
1162,19.3667,0.0,0.0839,8.3663,-0.0839,-0.936672,0.350207,0
1163,19.3833,0.0,0.0854,8.2809,-0.0854,-0.935135,0.354291,0
1164,19.4,0.0,0.0864,8.1945,-0.0864,-0.93358,0.358368,0
1165,19.4167,0.0,0.0815,8.113,-0.0815,-0.932008,0.362438,0
1166,19.4333,0.0,0.0836,8.0294,-0.0836,-0.930418,0.366501,0
1167,19.45,0.0,0.0844,7.945,-0.0844,-0.92881,0.370557,0
1168,19.4667,0.0,0.082,7.863,-0.082,-0.927184,0.374607,0
1169,19.4833,0.0,0.0848,7.7782,-0.0848,-0.925541,0.378649,0
1170,19.5,0.0,0.0827,7.6955,-0.0827,-0.92388,0.382683,0
1171,19.5167,0.0,0.0868,7.6087,-0.0868,-0.922201,0.386711,0
1172,19.5333,0.0,0.0828,7.5259,-0.0828,-0.920505,0.390731,0
1173,19.55,0.0,0.081,7.4449,-0.081,-0.918791,0.394744,0
1174,19.5667,0.0,0.0838,7.3611,-0.0838,-0.91706,0.398749,0
1175,19.5833,0.0,0.0868,7.2743,-0.0868,-0.915311,0.402747,0
1176,19.6,0.0,0.0828,7.1915,-0.0828,-0.913545,0.406737,0
1177,19.6167,0.0,0.0889,7.1026,-0.0889,-0.911762,0.410719,0
1178,19.6333,0.0,0.0838,7.0188,-0.0838,-0.909961,0.414693,0
1179,19.65,0.0,0.0883,6.9305,-0.0883,-0.908143,0.41866,0
1180,19.6667,0.0,0.0869,6.8436,-0.0869,-0.906308,0.422618,0
1181,19.6833,0.0,0.0829,6.7607,-0.0829,-0.904455,0.426569,0
1182,19.7,0.0,0.092,6.6687,-0.092,-0.902585,0.430511,0
1183,19.7167,0.0,0.085,6.5837,-0.085,-0.900698,0.434445,0
1184,19.7333,0.0,0.0863,6.4974,-0.0863,-0.898794,0.438371,0
1185,19.75,0.0,0.0852,6.4122,-0.0852,-0.896873,0.442289,0
1186,19.7667,0.0,0.0864,6.3258,-0.0864,-0.894934,0.446198,0
1187,19.7833,0.0,0.0877,6.2381,-0.0877,-0.892979,0.450098,0
1188,19.8,0.0,0.0877,6.1504,-0.0877,-0.891007,0.45399,0
1189,19.8167,0.0,0.0868,6.0636,-0.0868,-0.889017,0.457874,0
1190,19.8333,0.0,0.0802,5.9834,-0.0802,-0.887011,0.461749,0
1191,19.85,0.0,0.0873,5.8961,-0.0873,-0.884988,0.465615,0
1192,19.8667,0.0,0.0886,5.8075,-0.0886,-0.882948,0.469472,0
1193,19.8833,0.0,0.0861,5.7214,-0.0861,-0.880891,0.47332,0
1194,19.9,0.0,0.0835,5.6379,-0.0835,-0.878817,0.477159,0
1195,19.9167,0.0,0.0853,5.5526,-0.0853,-0.876727,0.480989,0
1196,19.9333,0.0,0.0849,5.4677,-0.0849,-0.87462,0.48481,0
1197,19.95,0.0,0.086,5.3817,-0.086,-0.872496,0.488621,0
1198,19.9667,0.0,0.085,5.2967,-0.085,-0.870356,0.492424,0
1199,19.9833,0.0,0.0864,5.2103,-0.0864,-0.868199,0.496217,0
1200,20.0,0.0,0.0829,5.1274,-0.0829,-0.866025,0.5,0
1201,20.0167,0.0,0.087,5.0404,-0.087,-0.863836,0.503774,0
1202,20.0333,0.0,0.0861,4.9543,-0.0861,-0.861629,0.507538,0
1203,20.05,0.0,0.0845,4.8698,-0.0845,-0.859406,0.511293,0
1204,20.0667,0.0,0.0848,4.785,-0.0848,-0.857167,0.515038,0
1205,20.0833,0.0,0.0828,4.7022,-0.0828,-0.854912,0.518773,0
1206,20.1,0.0,0.0852,4.617,-0.0852,-0.85264,0.522499,0
1207,20.1167,0.0,0.0877,4.5293,-0.0877,-0.850352,0.526214,0
1208,20.1333,0.0,0.0845,4.4448,-0.0845,-0.848048,0.529919,0
1209,20.15,0.0,0.0877,4.3571,-0.0877,-0.845728,0.533615,0
1210,20.1667,0.0,0.0875,4.2696,-0.0875,-0.843391,0.5373,0
1211,20.1833,0.0,0.0862,4.1834,-0.0862,-0.841039,0.540974,0
1212,20.2,0.0,0.0872,4.0962,-0.0872,-0.838671,0.544639,0
1213,20.2167,0.0,0.0844,4.0118,-0.0844,-0.836286,0.548293,0
1214,20.2333,0.0,0.0846,3.9272,-0.0846,-0.833886,0.551937,0
1215,20.25,0.0,0.0848,3.8424,-0.0848,-0.83147,0.55557,0
1216,20.2667,0.0,0.0825,3.7599,-0.0825,-0.829038,0.559193,0
1217,20.2833,0.0,0.0873,3.6726,-0.0873,-0.82659,0.562805,0
1218,20.3,0.0,0.0858,3.5868,-0.0858,-0.824126,0.566406,0
1219,20.3167,0.0,0.0843,3.5025,-0.0843,-0.821647,0.569997,0
1220,20.3333,0.0,0.0843,3.4182,-0.0843,-0.819152,0.573576,0
1221,20.35,0.0,0.0816,3.3366,-0.0816,-0.816642,0.577145,0
1222,20.3667,0.0,0.0821,3.2545,-0.0821,-0.814116,0.580703,0
1223,20.3833,0.0,0.0882,3.1663,-0.0882,-0.811574,0.58425,0
1224,20.4,0.0,0.1291,3.0372,-0.1291,-0.809017,0.587785,0
1225,20.4167,0.0,0.1258,2.9114,-0.1258,-0.806445,0.59131,0
1226,20.4333,0.0,0.1296,2.7818,-0.1296,-0.803857,0.594823,0
1227,20.45,0.0,0.1346,2.6472,-0.1346,-0.801254,0.598325,0
1228,20.4667,0.0,0.1326,2.5146,-0.1326,-0.798636,0.601815,0
1229,20.4833,0.0,0.1307,2.3839,-0.1307,-0.796002,0.605294,0
1230,20.5,0.0,0.1316,2.2523,-0.1316,-0.793353,0.608761,0
1231,20.5167,0.0,0.1314,2.1209,-0.1314,-0.79069,0.612217,0
1232,20.5333,0.0,0.1265,1.9944,-0.1265,-0.788011,0.615661,0
1233,20.55,0.0,0.1333,1.8611,-0.1333,-0.785317,0.619094,0
1234,20.5667,0.0,0.1293,1.7318,-0.1293,-0.782608,0.622515,0
1235,20.5833,0.0,0.1357,1.5961,-0.1357,-0.779884,0.625923,0
1236,20.6,0.0,0.1299,1.4662,-0.1299,-0.777146,0.62932,0
1237,20.6167,0.0,0.1295,1.3367,-0.1295,-0.774393,0.632705,0
1238,20.6333,0.0,0.1331,1.2036,-0.1331,-0.771625,0.636078,0
1239,20.65,0.0,0.1241,1.0795,-0.1241,-0.768842,0.639439,0
1240,20.6667,0.0,0.1297,0.9498,-0.1297,-0.766044,0.642788,0
1241,20.6833,0.0,0.1275,0.8223,-0.1275,-0.763232,0.646124,0
1242,20.7,0.0,0.124,0.6983,-0.124,-0.760406,0.649448,0
1243,20.7167,0.0,0.1283,0.57,-0.1283,-0.757565,0.65276,0
1244,20.7333,0.0,0.1299,0.4401,-0.1299,-0.75471,0.656059,0
1245,20.75,0.0,0.1328,0.3073,-0.1328,-0.75184,0.659346,0
1246,20.7667,0.0,0.1317,0.1756,-0.1317,-0.748956,0.66262,0
1247,20.7833,0.0,0.1303,0.0453,-0.1303,-0.746057,0.665882,0
1248,20.8,0.0,0.1298,0.0,-0.1298,-0.743145,0.669131,1
1249,20.8167,0.0,0.1287,0.0,-0.1287,-0.740218,0.672367,1
1250,20.8333,0.0,0.131,0.0,-0.131,-0.737277,0.67559,1
1251,20.85,0.0,0.1289,0.0,-0.1289,-0.734323,0.678801,1
1252,20.8667,0.0,0.1308,0.0,-0.1308,-0.731354,0.681998,1
1253,20.8833,0.0,0.1267,0.0,-0.1267,-0.728371,0.685183,1
1254,20.9,0.0,0.1314,0.0,-0.1314,-0.725374,0.688355,1
1255,20.9167,0.0,0.1281,0.0,-0.1281,-0.722364,0.691513,1
1256,20.9333,0.0,0.1301,0.0,-0.1301,-0.71934,0.694658,1
1257,20.95,0.0,0.1247,0.0,-0.1247,-0.716302,0.69779,1
1258,20.9667,0.0,0.1281,0.0,-0.1281,-0.71325,0.700909,1
1259,20.9833,0.0,0.1304,0.0,-0.1304,-0.710185,0.704015,1
1260,21.0,0.0,0.127,0.0,-0.127,-0.707107,0.707107,1
1261,21.0167,0.0,0.1276,0.0,-0.1276,-0.704015,0.710185,1
1262,21.0333,0.0,0.1292,0.0,-0.1292,-0.700909,0.71325,1
1263,21.05,0.0,0.1299,0.0,-0.1299,-0.69779,0.716302,1
1264,21.0667,0.0,0.0848,0.0,-0.0848,-0.694658,0.71934,1
1265,21.0833,0.0,0.0867,0.0,-0.0867,-0.691513,0.722364,1
1266,21.1,0.0,0.0868,0.0,-0.0868,-0.688355,0.725374,1
1267,21.1167,0.0,0.0851,0.0,-0.0851,-0.685183,0.728371,1
1268,21.1333,0.0,0.0845,0.0,-0.0845,-0.681998,0.731354,1
1269,21.15,0.0,0.083,0.0,-0.083,-0.678801,0.734323,1
1270,21.1667,0.0,0.0844,0.0,-0.0844,-0.67559,0.737277,1
1271,21.1833,0.0,0.0852,0.0,-0.0852,-0.672367,0.740218,1
1272,21.2,0.0,0.0818,0.0,-0.0818,-0.669131,0.743145,1
1273,21.2167,0.0,0.0867,0.0,-0.0867,-0.665882,0.746057,1
1274,21.2333,0.0,0.0841,0.0,-0.0841,-0.66262,0.748956,1
1275,21.25,0.0,0.0853,0.0,-0.0853,-0.659346,0.75184,1
1276,21.2667,0.0,0.0829,0.0,-0.0829,-0.656059,0.75471,1
1277,21.2833,0.0,0.082,0.0,-0.082,-0.65276,0.757565,1
1278,21.3,0.0,0.0852,0.0,-0.0852,-0.649448,0.760406,1
1279,21.3167,0.0,0.0846,0.0,-0.0846,-0.646124,0.763232,1
1280,21.3333,0.0,0.0812,0.0,-0.0812,-0.642788,0.766044,1
1281,21.35,0.0,0.0815,0.0,-0.0815,-0.639439,0.768842,1
1282,21.3667,0.0,0.082,0.0,-0.082,-0.636078,0.771625,1
1283,21.3833,0.0,0.0857,0.0,-0.0857,-0.632705,0.774393,1
1284,21.4,0.0,0.0865,0.0,-0.0865,-0.62932,0.777146,1
1285,21.4167,0.0,0.0891,0.0,-0.0891,-0.625923,0.779884,1
1286,21.4333,0.0,0.089,0.0,-0.089,-0.622515,0.782608,1
1287,21.45,0.0,0.0874,0.0,-0.0874,-0.619094,0.785317,1
1288,21.4667,0.0,0.0861,0.0,-0.0861,-0.615661,0.788011,1
1289,21.4833,0.0,0.0826,0.0,-0.0826,-0.612217,0.79069,1
1290,21.5,0.0,0.0855,0.0,-0.0855,-0.608761,0.793353,1
1291,21.5167,0.0,0.0856,0.0,-0.0856,-0.605294,0.796002,1
1292,21.5333,0.0,0.0841,0.0,-0.0841,-0.601815,0.798636,1
1293,21.55,0.0,0.0841,0.0,-0.0841,-0.598325,0.801254,1
1294,21.5667,0.0,0.0842,0.0,-0.0842,-0.594823,0.803857,1
1295,21.5833,0.0,0.0851,0.0,-0.0851,-0.59131,0.806445,1
1296,21.6,0.0,0.086,0.0,-0.086,-0.587785,0.809017,1
1297,21.6167,0.0,0.0873,0.0,-0.0873,-0.58425,0.811574,1
1298,21.6333,0.0,0.0849,0.0,-0.0849,-0.580703,0.814116,1
1299,21.65,0.0,0.0831,0.0,-0.0831,-0.577145,0.816642,1
1300,21.6667,0.0,0.0828,0.0,-0.0828,-0.573576,0.819152,1
1301,21.6833,0.0,0.083,0.0,-0.083,-0.569997,0.821647,1
1302,21.7,0.0,0.0854,0.0,-0.0854,-0.566406,0.824126,1
1303,21.7167,0.0,0.0845,0.0,-0.0845,-0.562805,0.82659,1
1304,21.7333,0.0,0.0887,0.0,-0.0887,-0.559193,0.829038,1
1305,21.75,0.0,0.0845,0.0,-0.0845,-0.55557,0.83147,1
1306,21.7667,0.0,0.0852,0.0,-0.0852,-0.551937,0.833886,1
1307,21.7833,0.0,0.084,0.0,-0.084,-0.548293,0.836286,1
1308,21.8,0.0,0.084,0.0,-0.084,-0.544639,0.838671,1
1309,21.8167,0.0,0.0843,0.0,-0.0843,-0.540974,0.841039,1
1310,21.8333,0.0,0.0821,0.0,-0.0821,-0.5373,0.843391,1
1311,21.85,0.0,0.086,0.0,-0.086,-0.533615,0.845728,1
1312,21.8667,0.0,0.0828,0.0,-0.0828,-0.529919,0.848048,1
1313,21.8833,0.0,0.0858,0.0,-0.0858,-0.526214,0.850352,1
1314,21.9,0.0,0.0839,0.0,-0.0839,-0.522499,0.85264,1
1315,21.9167,0.0,0.0815,0.0,-0.0815,-0.518773,0.854912,1
1316,21.9333,0.0,0.0833,0.0,-0.0833,-0.515038,0.857167,1
1317,21.95,0.0,0.0841,0.0,-0.0841,-0.511293,0.859406,1
1318,21.9667,0.0,0.086,0.0,-0.086,-0.507538,0.861629,1
1319,21.9833,0.0,0.0855,0.0,-0.0855,-0.503774,0.863836,1
1320,22.0,0.0,0.019,0.0,-0.019,-0.5,0.866025,1
1321,22.0167,0.0,0.0216,0.0,-0.0216,-0.496217,0.868199,1
1322,22.0333,0.0,0.0194,0.0,-0.0194,-0.492424,0.870356,1
1323,22.05,0.0,0.0182,0.0,-0.0182,-0.488621,0.872496,1
1324,22.0667,0.0,0.0216,0.0,-0.0216,-0.48481,0.87462,1
1325,22.0833,0.0,0.021,0.0,-0.021,-0.480989,0.876727,1
1326,22.1,0.0,0.0199,0.0,-0.0199,-0.477159,0.878817,1
1327,22.1167,0.0,0.0188,0.0,-0.0188,-0.47332,0.880891,1
1328,22.1333,0.0,0.0188,0.0,-0.0188,-0.469472,0.882948,1
1329,22.15,0.0,0.0237,0.0,-0.0237,-0.465615,0.884988,1
1330,22.1667,0.0,0.0186,0.0,-0.0186,-0.461749,0.887011,1
1331,22.1833,0.0,0.0211,0.0,-0.0211,-0.457874,0.889017,1
1332,22.2,0.0,0.022,0.0,-0.022,-0.45399,0.891007,1
1333,22.2167,0.0,0.0214,0.0,-0.0214,-0.450098,0.892979,1
1334,22.2333,0.0,0.0213,0.0,-0.0213,-0.446198,0.894934,1
1335,22.25,0.0,0.0268,0.0,-0.0268,-0.442289,0.896873,1
1336,22.2667,0.0,0.0207,0.0,-0.0207,-0.438371,0.898794,1
1337,22.2833,0.0,0.0239,0.0,-0.0239,-0.434445,0.900698,1
1338,22.3,0.0,0.0192,0.0,-0.0192,-0.430511,0.902585,1
1339,22.3167,0.0,0.0237,0.0,-0.0237,-0.426569,0.904455,1
1340,22.3333,0.0,0.019,0.0,-0.019,-0.422618,0.906308,1
1341,22.35,0.0,0.0204,0.0,-0.0204,-0.41866,0.908143,1
1342,22.3667,0.0,0.0193,0.0,-0.0193,-0.414693,0.909961,1
1343,22.3833,0.0,0.0207,0.0,-0.0207,-0.410719,0.911762,1
1344,22.4,0.0,0.0202,0.0,-0.0202,-0.406737,0.913545,1
1345,22.4167,0.0,0.0227,0.0,-0.0227,-0.402747,0.915311,1
1346,22.4333,0.0,0.0211,0.0,-0.0211,-0.398749,0.91706,1
1347,22.45,0.0,0.0193,0.0,-0.0193,-0.394744,0.918791,1
1348,22.4667,0.0,0.0209,0.0,-0.0209,-0.390731,0.920505,1
1349,22.4833,0.0,0.0216,0.0,-0.0216,-0.386711,0.922201,1
1350,22.5,0.0,0.0189,0.0,-0.0189,-0.382683,0.92388,1
1351,22.5167,0.0,0.0224,0.0,-0.0224,-0.378649,0.925541,1
1352,22.5333,0.0,0.0177,0.0,-0.0177,-0.374607,0.927184,1
1353,22.55,0.0,0.0201,0.0,-0.0201,-0.370557,0.92881,1
1354,22.5667,0.0,0.0257,0.0,-0.0257,-0.366501,0.930418,1
1355,22.5833,0.0,0.0189,0.0,-0.0189,-0.362438,0.932008,1
1356,22.6,0.0,0.0219,0.0,-0.0219,-0.358368,0.93358,1
1357,22.6167,0.0,0.0224,0.0,-0.0224,-0.354291,0.935135,1
1358,22.6333,0.0,0.0204,0.0,-0.0204,-0.350207,0.936672,1
1359,22.65,0.0,0.0219,0.0,-0.0219,-0.346117,0.938191,1
1360,22.6667,0.0,0.0168,0.0,-0.0168,-0.34202,0.939693,1
1361,22.6833,0.0,0.0232,0.0,-0.0232,-0.337917,0.941176,1
1362,22.7,0.0,0.0222,0.0,-0.0222,-0.333807,0.942641,1
1363,22.7167,0.0,0.0235,0.0,-0.0235,-0.329691,0.944089,1
1364,22.7333,0.0,0.0221,0.0,-0.0221,-0.325568,0.945519,1
1365,22.75,0.0,0.0205,0.0,-0.0205,-0.321439,0.94693,1
1366,22.7667,0.0,0.0189,0.0,-0.0189,-0.317305,0.948324,1
1367,22.7833,0.0,0.0194,0.0,-0.0194,-0.313164,0.949699,1
1368,22.8,0.0,0.0214,0.0,-0.0214,-0.309017,0.951057,1
1369,22.8167,0.0,0.0211,0.0,-0.0211,-0.304864,0.952396,1
1370,22.8333,0.0,0.0201,0.0,-0.0201,-0.300706,0.953717,1
1371,22.85,0.0,0.0197,0.0,-0.0197,-0.296542,0.95502,1
1372,22.8667,0.0,0.0205,0.0,-0.0205,-0.292372,0.956305,1
1373,22.8833,0.0,0.0222,0.0,-0.0222,-0.288196,0.957571,1
1374,22.9,0.0,0.019,0.0,-0.019,-0.284015,0.95882,1
1375,22.9167,0.0,0.0189,0.0,-0.0189,-0.279829,0.96005,1
1376,22.9333,0.0,0.018,0.0,-0.018,-0.275637,0.961262,1
1377,22.95,0.0,0.0194,0.0,-0.0194,-0.27144,0.962455,1
1378,22.9667,0.0,0.0175,0.0,-0.0175,-0.267238,0.96363,1
1379,22.9833,0.0,0.018,0.0,-0.018,-0.263031,0.964787,1
1380,23.0,0.0,0.0194,0.0,-0.0194,-0.258819,0.965926,1
1381,23.0167,0.0,0.0189,0.0,-0.0189,-0.254602,0.967046,1
1382,23.0333,0.0,0.0218,0.0,-0.0218,-0.25038,0.968148,1
1383,23.05,0.0,0.0199,0.0,-0.0199,-0.246153,0.969231,1
1384,23.0667,0.0,0.0169,0.0,-0.0169,-0.241922,0.970296,1
1385,23.0833,0.0,0.0192,0.0,-0.0192,-0.237686,0.971342,1
1386,23.1,0.0,0.0191,0.0,-0.0191,-0.233445,0.97237,1
1387,23.1167,0.0,0.0187,0.0,-0.0187,-0.2292,0.973379,1
1388,23.1333,0.0,0.0163,0.0,-0.0163,-0.224951,0.97437,1
1389,23.15,0.0,0.0165,0.0,-0.0165,-0.220697,0.975342,1
1390,23.1667,0.0,0.0203,0.0,-0.0203,-0.21644,0.976296,1
1391,23.1833,0.0,0.0213,0.0,-0.0213,-0.212178,0.977231,1
1392,23.2,0.0,0.0193,0.0,-0.0193,-0.207912,0.978148,1
1393,23.2167,0.0,0.0208,0.0,-0.0208,-0.203642,0.979045,1
1394,23.2333,0.0,0.0156,0.0,-0.0156,-0.199368,0.979925,1
1395,23.25,0.0,0.0181,0.0,-0.0181,-0.19509,0.980785,1
1396,23.2667,0.0,0.0219,0.0,-0.0219,-0.190809,0.981627,1
1397,23.2833,0.0,0.0201,0.0,-0.0201,-0.186524,0.98245,1
1398,23.3,0.0,0.0179,0.0,-0.0179,-0.182236,0.983255,1
1399,23.3167,0.0,0.0238,0.0,-0.0238,-0.177944,0.984041,1
1400,23.3333,0.0,0.0202,0.0,-0.0202,-0.173648,0.984808,1
1401,23.35,0.0,0.0163,0.0,-0.0163,-0.16935,0.985556,1
1402,23.3667,0.0,0.022,0.0,-0.022,-0.165048,0.986286,1
1403,23.3833,0.0,0.0205,0.0,-0.0205,-0.160743,0.986996,1
1404,23.4,0.0,0.0196,0.0,-0.0196,-0.156434,0.987688,1
1405,23.4167,0.0,0.0239,0.0,-0.0239,-0.152123,0.988362,1
1406,23.4333,0.0,0.0218,0.0,-0.0218,-0.147809,0.989016,1
1407,23.45,0.0,0.0195,0.0,-0.0195,-0.143493,0.989651,1
1408,23.4667,0.0,0.0236,0.0,-0.0236,-0.139173,0.990268,1
1409,23.4833,0.0,0.0205,0.0,-0.0205,-0.134851,0.990866,1
1410,23.5,0.0,0.0188,0.0,-0.0188,-0.130526,0.991445,1
1411,23.5167,0.0,0.0193,0.0,-0.0193,-0.126199,0.992005,1
1412,23.5333,0.0,0.0189,0.0,-0.0189,-0.121869,0.992546,1
1413,23.55,0.0,0.0172,0.0,-0.0172,-0.117537,0.993068,1
1414,23.5667,0.0,0.0186,0.0,-0.0186,-0.113203,0.993572,1
1415,23.5833,0.0,0.0237,0.0,-0.0237,-0.108867,0.994056,1
1416,23.6,0.0,0.0206,0.0,-0.0206,-0.104528,0.994522,1
1417,23.6167,0.0,0.017,0.0,-0.017,-0.100188,0.994969,1
1418,23.6333,0.0,0.0176,0.0,-0.0176,-0.095846,0.995396,1
1419,23.65,0.0,0.0208,0.0,-0.0208,-0.091502,0.995805,1
1420,23.6667,0.0,0.0185,0.0,-0.0185,-0.087156,0.996195,1
1421,23.6833,0.0,0.0208,0.0,-0.0208,-0.082808,0.996566,1
1422,23.7,0.0,0.0211,0.0,-0.0211,-0.078459,0.996917,1
1423,23.7167,0.0,0.0188,0.0,-0.0188,-0.074108,0.99725,1
1424,23.7333,0.0,0.0206,0.0,-0.0206,-0.069756,0.997564,1
1425,23.75,0.0,0.0191,0.0,-0.0191,-0.065403,0.997859,1
1426,23.7667,0.0,0.0225,0.0,-0.0225,-0.061049,0.998135,1
1427,23.7833,0.0,0.0239,0.0,-0.0239,-0.056693,0.998392,1
1428,23.8,0.0,0.0186,0.0,-0.0186,-0.052336,0.99863,1
1429,23.8167,0.0,0.02,0.0,-0.02,-0.047978,0.998848,1
1430,23.8333,0.0,0.0256,0.0,-0.0256,-0.043619,0.999048,1
1431,23.85,0.0,0.0229,0.0,-0.0229,-0.03926,0.999229,1
1432,23.8667,0.0,0.0228,0.0,-0.0228,-0.034899,0.999391,1
1433,23.8833,0.0,0.0184,0.0,-0.0184,-0.030539,0.999534,1
1434,23.9,0.0,0.0234,0.0,-0.0234,-0.026177,0.999657,1
1435,23.9167,0.0,0.0181,0.0,-0.0181,-0.021815,0.999762,1
1436,23.9333,0.0,0.0226,0.0,-0.0226,-0.017452,0.999848,1
1437,23.95,0.0,0.0195,0.0,-0.0195,-0.01309,0.999914,1
1438,23.9667,0.0,0.0238,0.0,-0.0238,-0.008727,0.999962,1
1439,23.9833,0.0,0.0177,0.0,-0.0177,-0.004363,0.99999,1
1440,0.0,0.0,0.0181,0.0,-0.0181,0.0,1.0,1
1441,0.0167,0.0,0.0219,0.0,-0.0219,0.004363,0.99999,1
1442,0.0333,0.0,0.0207,0.0,-0.0207,0.008727,0.999962,1
1443,0.05,0.0,0.0213,0.0,-0.0213,0.01309,0.999914,1
1444,0.0667,0.0,0.0224,0.0,-0.0224,0.017452,0.999848,1
1445,0.0833,0.0,0.0216,0.0,-0.0216,0.021815,0.999762,1
1446,0.1,0.0,0.021,0.0,-0.021,0.026177,0.999657,1
1447,0.1167,0.0,0.0224,0.0,-0.0224,0.030539,0.999534,1
1448,0.1333,0.0,0.0193,0.0,-0.0193,0.034899,0.999391,1
1449,0.15,0.0,0.0222,0.0,-0.0222,0.03926,0.999229,1
1450,0.1667,0.0,0.0238,0.0,-0.0238,0.043619,0.999048,1
1451,0.1833,0.0,0.0186,0.0,-0.0186,0.047978,0.998848,1
1452,0.2,0.0,0.0185,0.0,-0.0185,0.052336,0.99863,1
1453,0.2167,0.0,0.0202,0.0,-0.0202,0.056693,0.998392,1
1454,0.2333,0.0,0.0205,0.0,-0.0205,0.061049,0.998135,1
1455,0.25,0.0,0.0207,0.0,-0.0207,0.065403,0.997859,1
1456,0.2667,0.0,0.0192,0.0,-0.0192,0.069756,0.997564,1
1457,0.2833,0.0,0.0197,0.0,-0.0197,0.074108,0.99725,1
1458,0.3,0.0,0.0208,0.0,-0.0208,0.078459,0.996917,1
1459,0.3167,0.0,0.0186,0.0,-0.0186,0.082808,0.996566,1
1460,0.3333,0.0,0.0197,0.0,-0.0197,0.087156,0.996195,1
1461,0.35,0.0,0.0209,0.0,-0.0209,0.091502,0.995805,1
1462,0.3667,0.0,0.0166,0.0,-0.0166,0.095846,0.995396,1
1463,0.3833,0.0,0.024,0.0,-0.024,0.100188,0.994969,1
1464,0.4,0.0,0.0216,0.0,-0.0216,0.104528,0.994522,1
1465,0.4167,0.0,0.0227,0.0,-0.0227,0.108867,0.994056,1
1466,0.4333,0.0,0.0179,0.0,-0.0179,0.113203,0.993572,1
1467,0.45,0.0,0.0198,0.0,-0.0198,0.117537,0.993068,1
1468,0.4667,0.0,0.0213,0.0,-0.0213,0.121869,0.992546,1
1469,0.4833,0.0,0.0191,0.0,-0.0191,0.126199,0.992005,1
1470,0.5,0.0,0.0225,0.0,-0.0225,0.130526,0.991445,1
1471,0.5167,0.0,0.0221,0.0,-0.0221,0.134851,0.990866,1
1472,0.5333,0.0,0.0214,0.0,-0.0214,0.139173,0.990268,1
1473,0.55,0.0,0.0202,0.0,-0.0202,0.143493,0.989651,1
1474,0.5667,0.0,0.0195,0.0,-0.0195,0.147809,0.989016,1
1475,0.5833,0.0,0.0204,0.0,-0.0204,0.152123,0.988362,1
1476,0.6,0.0,0.0214,0.0,-0.0214,0.156434,0.987688,1
1477,0.6167,0.0,0.021,0.0,-0.021,0.160743,0.986996,1
1478,0.6333,0.0,0.0195,0.0,-0.0195,0.165048,0.986286,1
1479,0.65,0.0,0.0174,0.0,-0.0174,0.16935,0.985556,1
1480,0.6667,0.0,0.0237,0.0,-0.0237,0.173648,0.984808,1
1481,0.6833,0.0,0.0154,0.0,-0.0154,0.177944,0.984041,1
1482,0.7,0.0,0.0168,0.0,-0.0168,0.182236,0.983255,1
1483,0.7167,0.0,0.0194,0.0,-0.0194,0.186524,0.98245,1
1484,0.7333,0.0,0.0199,0.0,-0.0199,0.190809,0.981627,1
1485,0.75,0.0,0.0236,0.0,-0.0236,0.19509,0.980785,1
1486,0.7667,0.0,0.0197,0.0,-0.0197,0.199368,0.979925,1
1487,0.7833,0.0,0.0188,0.0,-0.0188,0.203642,0.979045,1
1488,0.8,0.0,0.019,0.0,-0.019,0.207912,0.978148,1
1489,0.8167,0.0,0.0187,0.0,-0.0187,0.212178,0.977231,1
1490,0.8333,0.0,0.0222,0.0,-0.0222,0.21644,0.976296,1
1491,0.85,0.0,0.0184,0.0,-0.0184,0.220697,0.975342,1
1492,0.8667,0.0,0.0178,0.0,-0.0178,0.224951,0.97437,1
1493,0.8833,0.0,0.02,0.0,-0.02,0.2292,0.973379,1
1494,0.9,0.0,0.0222,0.0,-0.0222,0.233445,0.97237,1
1495,0.9167,0.0,0.0191,0.0,-0.0191,0.237686,0.971342,1
1496,0.9333,0.0,0.0193,0.0,-0.0193,0.241922,0.970296,1
1497,0.95,0.0,0.0208,0.0,-0.0208,0.246153,0.969231,1
1498,0.9667,0.0,0.0207,0.0,-0.0207,0.25038,0.968148,1
1499,0.9833,0.0,0.0188,0.0,-0.0188,0.254602,0.967046,1
1500,1.0,0.0,0.0187,0.0,-0.0187,0.258819,0.965926,1
1501,1.0167,0.0,0.0214,0.0,-0.0214,0.263031,0.964787,1
1502,1.0333,0.0,0.023,0.0,-0.023,0.267238,0.96363,1
1503,1.05,0.0,0.0177,0.0,-0.0177,0.27144,0.962455,1
1504,1.0667,0.0,0.0147,0.0,-0.0147,0.275637,0.961262,1
1505,1.0833,0.0,0.0185,0.0,-0.0185,0.279829,0.96005,1
1506,1.1,0.0,0.019,0.0,-0.019,0.284015,0.95882,1
1507,1.1167,0.0,0.017,0.0,-0.017,0.288196,0.957571,1
1508,1.1333,0.0,0.0213,0.0,-0.0213,0.292372,0.956305,1
1509,1.15,0.0,0.0255,0.0,-0.0255,0.296542,0.95502,1
1510,1.1667,0.0,0.0194,0.0,-0.0194,0.300706,0.953717,1
1511,1.1833,0.0,0.0221,0.0,-0.0221,0.304864,0.952396,1
1512,1.2,0.0,0.0197,0.0,-0.0197,0.309017,0.951057,1
1513,1.2167,0.0,0.0242,0.0,-0.0242,0.313164,0.949699,1
1514,1.2333,0.0,0.0187,0.0,-0.0187,0.317305,0.948324,1
1515,1.25,0.0,0.0222,0.0,-0.0222,0.321439,0.94693,1
1516,1.2667,0.0,0.0165,0.0,-0.0165,0.325568,0.945519,1
1517,1.2833,0.0,0.0184,0.0,-0.0184,0.329691,0.944089,1
1518,1.3,0.0,0.0204,0.0,-0.0204,0.333807,0.942641,1
1519,1.3167,0.0,0.0216,0.0,-0.0216,0.337917,0.941176,1
1520,1.3333,0.0,0.0234,0.0,-0.0234,0.34202,0.939693,1
1521,1.35,0.0,0.0183,0.0,-0.0183,0.346117,0.938191,1
1522,1.3667,0.0,0.0165,0.0,-0.0165,0.350207,0.936672,1
1523,1.3833,0.0,0.0177,0.0,-0.0177,0.354291,0.935135,1
1524,1.4,0.0,0.0198,0.0,-0.0198,0.358368,0.93358,1
1525,1.4167,0.0,0.0168,0.0,-0.0168,0.362438,0.932008,1
1526,1.4333,0.0,0.0214,0.0,-0.0214,0.366501,0.930418,1
1527,1.45,0.0,0.0212,0.0,-0.0212,0.370557,0.92881,1
1528,1.4667,0.0,0.0189,0.0,-0.0189,0.374607,0.927184,1
1529,1.4833,0.0,0.021,0.0,-0.021,0.378649,0.925541,1
1530,1.5,0.0,0.0179,0.0,-0.0179,0.382683,0.92388,1
1531,1.5167,0.0,0.0154,0.0,-0.0154,0.386711,0.922201,1
1532,1.5333,0.0,0.021,0.0,-0.021,0.390731,0.920505,1
1533,1.55,0.0,0.0174,0.0,-0.0174,0.394744,0.918791,1
1534,1.5667,0.0,0.0201,0.0,-0.0201,0.398749,0.91706,1
1535,1.5833,0.0,0.0209,0.0,-0.0209,0.402747,0.915311,1
1536,1.6,0.0,0.0195,0.0,-0.0195,0.406737,0.913545,1
1537,1.6167,0.0,0.0176,0.0,-0.0176,0.410719,0.911762,1
1538,1.6333,0.0,0.0211,0.0,-0.0211,0.414693,0.909961,1
1539,1.65,0.0,0.0181,0.0,-0.0181,0.41866,0.908143,1
1540,1.6667,0.0,0.0205,0.0,-0.0205,0.422618,0.906308,1
1541,1.6833,0.0,0.0224,0.0,-0.0224,0.426569,0.904455,1
1542,1.7,0.0,0.019,0.0,-0.019,0.430511,0.902585,1
1543,1.7167,0.0,0.0213,0.0,-0.0213,0.434445,0.900698,1
1544,1.7333,0.0,0.0208,0.0,-0.0208,0.438371,0.898794,1
1545,1.75,0.0,0.0185,0.0,-0.0185,0.442289,0.896873,1
1546,1.7667,0.0,0.0206,0.0,-0.0206,0.446198,0.894934,1
1547,1.7833,0.0,0.0215,0.0,-0.0215,0.450098,0.892979,1
1548,1.8,0.0,0.0171,0.0,-0.0171,0.45399,0.891007,1
1549,1.8167,0.0,0.0195,0.0,-0.0195,0.457874,0.889017,1
1550,1.8333,0.0,0.0206,0.0,-0.0206,0.461749,0.887011,1
1551,1.85,0.0,0.0238,0.0,-0.0238,0.465615,0.884988,1
1552,1.8667,0.0,0.0203,0.0,-0.0203,0.469472,0.882948,1
1553,1.8833,0.0,0.018,0.0,-0.018,0.47332,0.880891,1
1554,1.9,0.0,0.0231,0.0,-0.0231,0.477159,0.878817,1
1555,1.9167,0.0,0.0205,0.0,-0.0205,0.480989,0.876727,1
1556,1.9333,0.0,0.0221,0.0,-0.0221,0.48481,0.87462,1
1557,1.95,0.0,0.0174,0.0,-0.0174,0.488621,0.872496,1
1558,1.9667,0.0,0.0204,0.0,-0.0204,0.492424,0.870356,1
1559,1.9833,0.0,0.0198,0.0,-0.0198,0.496217,0.868199,1
1560,2.0,0.0,0.021,0.0,-0.021,0.5,0.866025,1
1561,2.0167,0.0,0.0209,0.0,-0.0209,0.503774,0.863836,1
1562,2.0333,0.0,0.0198,0.0,-0.0198,0.507538,0.861629,1
1563,2.05,0.0,0.0224,0.0,-0.0224,0.511293,0.859406,1
1564,2.0667,0.0,0.0222,0.0,-0.0222,0.515038,0.857167,1
1565,2.0833,0.0,0.0166,0.0,-0.0166,0.518773,0.854912,1
1566,2.1,0.0,0.0186,0.0,-0.0186,0.522499,0.85264,1
1567,2.1167,0.0,0.0174,0.0,-0.0174,0.526214,0.850352,1
1568,2.1333,0.0,0.0198,0.0,-0.0198,0.529919,0.848048,1
1569,2.15,0.0,0.0186,0.0,-0.0186,0.533615,0.845728,1
1570,2.1667,0.0,0.024,0.0,-0.024,0.5373,0.843391,1
1571,2.1833,0.0,0.0198,0.0,-0.0198,0.540974,0.841039,1
1572,2.2,0.0,0.0169,0.0,-0.0169,0.544639,0.838671,1
1573,2.2167,0.0,0.0205,0.0,-0.0205,0.548293,0.836286,1
1574,2.2333,0.0,0.0214,0.0,-0.0214,0.551937,0.833886,1
1575,2.25,0.0,0.0203,0.0,-0.0203,0.55557,0.83147,1
1576,2.2667,0.0,0.0205,0.0,-0.0205,0.559193,0.829038,1
1577,2.2833,0.0,0.0205,0.0,-0.0205,0.562805,0.82659,1
1578,2.3,0.0,0.019,0.0,-0.019,0.566406,0.824126,1
1579,2.3167,0.0,0.0248,0.0,-0.0248,0.569997,0.821647,1
1580,2.3333,0.0,0.0186,0.0,-0.0186,0.573576,0.819152,1
1581,2.35,0.0,0.0211,0.0,-0.0211,0.577145,0.816642,1
1582,2.3667,0.0,0.0218,0.0,-0.0218,0.580703,0.814116,1
1583,2.3833,0.0,0.02,0.0,-0.02,0.58425,0.811574,1
1584,2.4,0.0,0.0184,0.0,-0.0184,0.587785,0.809017,1
1585,2.4167,0.0,0.0176,0.0,-0.0176,0.59131,0.806445,1
1586,2.4333,0.0,0.0195,0.0,-0.0195,0.594823,0.803857,1
1587,2.45,0.0,0.0158,0.0,-0.0158,0.598325,0.801254,1
1588,2.4667,0.0,0.0215,0.0,-0.0215,0.601815,0.798636,1
1589,2.4833,0.0,0.0165,0.0,-0.0165,0.605294,0.796002,1
1590,2.5,0.0,0.019,0.0,-0.019,0.608761,0.793353,1
1591,2.5167,0.0,0.0195,0.0,-0.0195,0.612217,0.79069,1
1592,2.5333,0.0,0.0206,0.0,-0.0206,0.615661,0.788011,1
1593,2.55,0.0,0.023,0.0,-0.023,0.619094,0.785317,1
1594,2.5667,0.0,0.0184,0.0,-0.0184,0.622515,0.782608,1
1595,2.5833,0.0,0.0237,0.0,-0.0237,0.625923,0.779884,1
1596,2.6,0.0,0.0208,0.0,-0.0208,0.62932,0.777146,1
1597,2.6167,0.0,0.022,0.0,-0.022,0.632705,0.774393,1
1598,2.6333,0.0,0.0231,0.0,-0.0231,0.636078,0.771625,1
1599,2.65,0.0,0.0179,0.0,-0.0179,0.639439,0.768842,1
1600,2.6667,0.0,0.022,0.0,-0.022,0.642788,0.766044,1
1601,2.6833,0.0,0.0214,0.0,-0.0214,0.646124,0.763232,1
1602,2.7,0.0,0.0201,0.0,-0.0201,0.649448,0.760406,1
1603,2.7167,0.0,0.0214,0.0,-0.0214,0.65276,0.757565,1
1604,2.7333,0.0,0.0209,0.0,-0.0209,0.656059,0.75471,1
1605,2.75,0.0,0.0221,0.0,-0.0221,0.659346,0.75184,1
1606,2.7667,0.0,0.0214,0.0,-0.0214,0.66262,0.748956,1
1607,2.7833,0.0,0.0215,0.0,-0.0215,0.665882,0.746057,1
1608,2.8,0.0,0.02,0.0,-0.02,0.669131,0.743145,1
1609,2.8167,0.0,0.0229,0.0,-0.0229,0.672367,0.740218,1
1610,2.8333,0.0,0.0175,0.0,-0.0175,0.67559,0.737277,1
1611,2.85,0.0,0.0195,0.0,-0.0195,0.678801,0.734323,1
1612,2.8667,0.0,0.0224,0.0,-0.0224,0.681998,0.731354,1
1613,2.8833,0.0,0.019,0.0,-0.019,0.685183,0.728371,1
1614,2.9,0.0,0.0195,0.0,-0.0195,0.688355,0.725374,1
1615,2.9167,0.0,0.0234,0.0,-0.0234,0.691513,0.722364,1
1616,2.9333,0.0,0.0204,0.0,-0.0204,0.694658,0.71934,1
1617,2.95,0.0,0.0185,0.0,-0.0185,0.69779,0.716302,1
1618,2.9667,0.0,0.0186,0.0,-0.0186,0.700909,0.71325,1
1619,2.9833,0.0,0.02,0.0,-0.02,0.704015,0.710185,1
1620,3.0,0.0,0.0201,0.0,-0.0201,0.707107,0.707107,1
1621,3.0167,0.0,0.0203,0.0,-0.0203,0.710185,0.704015,1
1622,3.0333,0.0,0.0215,0.0,-0.0215,0.71325,0.700909,1
1623,3.05,0.0,0.0215,0.0,-0.0215,0.716302,0.69779,1
1624,3.0667,0.0,0.0221,0.0,-0.0221,0.71934,0.694658,1
1625,3.0833,0.0,0.019,0.0,-0.019,0.722364,0.691513,1
1626,3.1,0.0,0.0241,0.0,-0.0241,0.725374,0.688355,1
1627,3.1167,0.0,0.0214,0.0,-0.0214,0.728371,0.685183,1
1628,3.1333,0.0,0.0247,0.0,-0.0247,0.731354,0.681998,1
1629,3.15,0.0,0.0208,0.0,-0.0208,0.734323,0.678801,1
1630,3.1667,0.0,0.0216,0.0,-0.0216,0.737277,0.67559,1
1631,3.1833,0.0,0.0209,0.0,-0.0209,0.740218,0.672367,1
1632,3.2,0.0,0.0234,0.0,-0.0234,0.743145,0.669131,1
1633,3.2167,0.0,0.0192,0.0,-0.0192,0.746057,0.665882,1
1634,3.2333,0.0,0.0236,0.0,-0.0236,0.748956,0.66262,1
1635,3.25,0.0,0.0217,0.0,-0.0217,0.75184,0.659346,1
1636,3.2667,0.0,0.0184,0.0,-0.0184,0.75471,0.656059,1
1637,3.2833,0.0,0.0197,0.0,-0.0197,0.757565,0.65276,1
1638,3.3,0.0,0.0212,0.0,-0.0212,0.760406,0.649448,1
1639,3.3167,0.0,0.018,0.0,-0.018,0.763232,0.646124,1
1640,3.3333,0.0,0.0202,0.0,-0.0202,0.766044,0.642788,1
1641,3.35,0.0,0.021,0.0,-0.021,0.768842,0.639439,1
1642,3.3667,0.0,0.0174,0.0,-0.0174,0.771625,0.636078,1
1643,3.3833,0.0,0.023,0.0,-0.023,0.774393,0.632705,1
1644,3.4,0.0,0.0158,0.0,-0.0158,0.777146,0.62932,1
1645,3.4167,0.0,0.0181,0.0,-0.0181,0.779884,0.625923,1
1646,3.4333,0.0,0.0197,0.0,-0.0197,0.782608,0.622515,1
1647,3.45,0.0,0.0212,0.0,-0.0212,0.785317,0.619094,1
1648,3.4667,0.0,0.0206,0.0,-0.0206,0.788011,0.615661,1
1649,3.4833,0.0,0.0189,0.0,-0.0189,0.79069,0.612217,1
1650,3.5,0.0,0.0199,0.0,-0.0199,0.793353,0.608761,1
1651,3.5167,0.0,0.0199,0.0,-0.0199,0.796002,0.605294,1
1652,3.5333,0.0,0.017,0.0,-0.017,0.798636,0.601815,1
1653,3.55,0.0,0.0203,0.0,-0.0203,0.801254,0.598325,1
1654,3.5667,0.0,0.0214,0.0,-0.0214,0.803857,0.594823,1
1655,3.5833,0.0,0.0202,0.0,-0.0202,0.806445,0.59131,1
1656,3.6,0.0,0.0195,0.0,-0.0195,0.809017,0.587785,1
1657,3.6167,0.0,0.0206,0.0,-0.0206,0.811574,0.58425,1
1658,3.6333,0.0,0.0197,0.0,-0.0197,0.814116,0.580703,1
1659,3.65,0.0,0.0225,0.0,-0.0225,0.816642,0.577145,1
1660,3.6667,0.0,0.0161,0.0,-0.0161,0.819152,0.573576,1
1661,3.6833,0.0,0.0216,0.0,-0.0216,0.821647,0.569997,1
1662,3.7,0.0,0.0206,0.0,-0.0206,0.824126,0.566406,1
1663,3.7167,0.0,0.0198,0.0,-0.0198,0.82659,0.562805,1
1664,3.7333,0.0,0.0212,0.0,-0.0212,0.829038,0.559193,1
1665,3.75,0.0,0.0208,0.0,-0.0208,0.83147,0.55557,1
1666,3.7667,0.0,0.0197,0.0,-0.0197,0.833886,0.551937,1
1667,3.7833,0.0,0.0178,0.0,-0.0178,0.836286,0.548293,1
1668,3.8,0.0,0.0239,0.0,-0.0239,0.838671,0.544639,1
1669,3.8167,0.0,0.0183,0.0,-0.0183,0.841039,0.540974,1
1670,3.8333,0.0,0.0238,0.0,-0.0238,0.843391,0.5373,1
1671,3.85,0.0,0.021,0.0,-0.021,0.845728,0.533615,1
1672,3.8667,0.0,0.0222,0.0,-0.0222,0.848048,0.529919,1
1673,3.8833,0.0,0.0203,0.0,-0.0203,0.850352,0.526214,1
1674,3.9,0.0,0.0167,0.0,-0.0167,0.85264,0.522499,1
1675,3.9167,0.0,0.0212,0.0,-0.0212,0.854912,0.518773,1
1676,3.9333,0.0,0.0188,0.0,-0.0188,0.857167,0.515038,1
1677,3.95,0.0,0.0204,0.0,-0.0204,0.859406,0.511293,1
1678,3.9667,0.0,0.0196,0.0,-0.0196,0.861629,0.507538,1
1679,3.9833,0.0,0.0223,0.0,-0.0223,0.863836,0.503774,1
1680,4.0,0.0,0.024,0.0,-0.024,0.866025,0.5,1
1681,4.0167,0.0,0.0202,0.0,-0.0202,0.868199,0.496217,1
1682,4.0333,0.0,0.0189,0.0,-0.0189,0.870356,0.492424,1
1683,4.05,0.0,0.0234,0.0,-0.0234,0.872496,0.488621,1
1684,4.0667,0.0,0.0197,0.0,-0.0197,0.87462,0.48481,1
1685,4.0833,0.0,0.0188,0.0,-0.0188,0.876727,0.480989,1
1686,4.1,0.0,0.0193,0.0,-0.0193,0.878817,0.477159,1
1687,4.1167,0.0,0.0184,0.0,-0.0184,0.880891,0.47332,1
1688,4.1333,0.0,0.0199,0.0,-0.0199,0.882948,0.469472,1
1689,4.15,0.0,0.0195,0.0,-0.0195,0.884988,0.465615,1
1690,4.1667,0.0,0.0199,0.0,-0.0199,0.887011,0.461749,1
1691,4.1833,0.0,0.0177,0.0,-0.0177,0.889017,0.457874,1
1692,4.2,0.0,0.0208,0.0,-0.0208,0.891007,0.45399,1
1693,4.2167,0.0,0.0211,0.0,-0.0211,0.892979,0.450098,1
1694,4.2333,0.0,0.021,0.0,-0.021,0.894934,0.446198,1
1695,4.25,0.0,0.0214,0.0,-0.0214,0.896873,0.442289,1
1696,4.2667,0.0,0.018,0.0,-0.018,0.898794,0.438371,1
1697,4.2833,0.0,0.0223,0.0,-0.0223,0.900698,0.434445,1
1698,4.3,0.0,0.0203,0.0,-0.0203,0.902585,0.430511,1
1699,4.3167,0.0,0.0173,0.0,-0.0173,0.904455,0.426569,1
1700,4.3333,0.0,0.0206,0.0,-0.0206,0.906308,0.422618,1
1701,4.35,0.0,0.0188,0.0,-0.0188,0.908143,0.41866,1
1702,4.3667,0.0,0.0169,0.0,-0.0169,0.909961,0.414693,1
1703,4.3833,0.0,0.0219,0.0,-0.0219,0.911762,0.410719,1
1704,4.4,0.0,0.0197,0.0,-0.0197,0.913545,0.406737,1
1705,4.4167,0.0,0.0198,0.0,-0.0198,0.915311,0.402747,1
1706,4.4333,0.0,0.0212,0.0,-0.0212,0.91706,0.398749,1
1707,4.45,0.0,0.0202,0.0,-0.0202,0.918791,0.394744,1
1708,4.4667,0.0,0.021,0.0,-0.021,0.920505,0.390731,1
1709,4.4833,0.0,0.0187,0.0,-0.0187,0.922201,0.386711,1
1710,4.5,0.0,0.0162,0.0,-0.0162,0.92388,0.382683,1
1711,4.5167,0.0,0.0191,0.0,-0.0191,0.925541,0.378649,1
1712,4.5333,0.0,0.0187,0.0,-0.0187,0.927184,0.374607,1
1713,4.55,0.0,0.0233,0.0,-0.0233,0.92881,0.370557,1
1714,4.5667,0.0,0.0181,0.0,-0.0181,0.930418,0.366501,1
1715,4.5833,0.0,0.0225,0.0,-0.0225,0.932008,0.362438,1
1716,4.6,0.0,0.0183,0.0,-0.0183,0.93358,0.358368,1
1717,4.6167,0.0,0.0208,0.0,-0.0208,0.935135,0.354291,1
1718,4.6333,0.0,0.0231,0.0,-0.0231,0.936672,0.350207,1
1719,4.65,0.0,0.0183,0.0,-0.0183,0.938191,0.346117,1
1720,4.6667,0.0,0.0209,0.0,-0.0209,0.939693,0.34202,1
1721,4.6833,0.0,0.0215,0.0,-0.0215,0.941176,0.337917,1
1722,4.7,0.0,0.0234,0.0,-0.0234,0.942641,0.333807,1
1723,4.7167,0.0,0.0242,0.0,-0.0242,0.944089,0.329691,1
1724,4.7333,0.0,0.0175,0.0,-0.0175,0.945519,0.325568,1
1725,4.75,0.0,0.0229,0.0,-0.0229,0.94693,0.321439,1
1726,4.7667,0.0,0.0196,0.0,-0.0196,0.948324,0.317305,1
1727,4.7833,0.0,0.0174,0.0,-0.0174,0.949699,0.313164,1
1728,4.8,0.0,0.0217,0.0,-0.0217,0.951057,0.309017,1
1729,4.8167,0.0,0.0197,0.0,-0.0197,0.952396,0.304864,1
1730,4.8333,0.0,0.024,0.0,-0.024,0.953717,0.300706,1
1731,4.85,0.0,0.0203,0.0,-0.0203,0.95502,0.296542,1
1732,4.8667,0.0,0.0235,0.0,-0.0235,0.956305,0.292372,1
1733,4.8833,0.0,0.0172,0.0,-0.0172,0.957571,0.288196,1
1734,4.9,0.0,0.0197,0.0,-0.0197,0.95882,0.284015,1
1735,4.9167,0.0,0.0229,0.0,-0.0229,0.96005,0.279829,1
1736,4.9333,0.0,0.0207,0.0,-0.0207,0.961262,0.275637,1
1737,4.95,0.0,0.0205,0.0,-0.0205,0.962455,0.27144,1
1738,4.9667,0.0,0.0203,0.0,-0.0203,0.96363,0.267238,1
1739,4.9833,0.0,0.0186,0.0,-0.0186,0.964787,0.263031,1
1740,5.0,0.0,0.0227,0.0,-0.0227,0.965926,0.258819,1
1741,5.0167,0.0,0.0212,0.0,-0.0212,0.967046,0.254602,1
1742,5.0333,0.0,0.0194,0.0,-0.0194,0.968148,0.25038,1
1743,5.05,0.0,0.0175,0.0,-0.0175,0.969231,0.246153,1
1744,5.0667,0.0,0.0213,0.0,-0.0213,0.970296,0.241922,1
1745,5.0833,0.0,0.0215,0.0,-0.0215,0.971342,0.237686,1
1746,5.1,0.0,0.0184,0.0,-0.0184,0.97237,0.233445,1
1747,5.1167,0.0,0.019,0.0,-0.019,0.973379,0.2292,1
1748,5.1333,0.0,0.0203,0.0,-0.0203,0.97437,0.224951,1
1749,5.15,0.0,0.0152,0.0,-0.0152,0.975342,0.220697,1
1750,5.1667,0.0,0.019,0.0,-0.019,0.976296,0.21644,1
1751,5.1833,0.0,0.0241,0.0,-0.0241,0.977231,0.212178,1
1752,5.2,0.0,0.0208,0.0,-0.0208,0.978148,0.207912,1
1753,5.2167,0.0,0.02,0.0,-0.02,0.979045,0.203642,1
1754,5.2333,0.0,0.0205,0.0,-0.0205,0.979925,0.199368,1
1755,5.25,0.0,0.0235,0.0,-0.0235,0.980785,0.19509,1
1756,5.2667,0.0,0.0225,0.0,-0.0225,0.981627,0.190809,1
1757,5.2833,0.0,0.0201,0.0,-0.0201,0.98245,0.186524,1
1758,5.3,0.0,0.0203,0.0,-0.0203,0.983255,0.182236,1
1759,5.3167,0.0,0.0232,0.0,-0.0232,0.984041,0.177944,1
1760,5.3333,0.0,0.0202,0.0,-0.0202,0.984808,0.173648,1
1761,5.35,0.0,0.0209,0.0,-0.0209,0.985556,0.16935,1
1762,5.3667,0.0,0.0204,0.0,-0.0204,0.986286,0.165048,1
1763,5.3833,0.0,0.0206,0.0,-0.0206,0.986996,0.160743,1
1764,5.4,0.0,0.0214,0.0,-0.0214,0.987688,0.156434,1
1765,5.4167,0.0,0.0246,0.0,-0.0246,0.988362,0.152123,1
1766,5.4333,0.0,0.0179,0.0,-0.0179,0.989016,0.147809,1
1767,5.45,0.0,0.0212,0.0,-0.0212,0.989651,0.143493,1
1768,5.4667,0.0,0.0205,0.0,-0.0205,0.990268,0.139173,1
1769,5.4833,0.0,0.0212,0.0,-0.0212,0.990866,0.134851,1
1770,5.5,0.0,0.0218,0.0,-0.0218,0.991445,0.130526,1
1771,5.5167,0.0,0.0208,0.0,-0.0208,0.992005,0.126199,1
1772,5.5333,0.0,0.019,0.0,-0.019,0.992546,0.121869,1
1773,5.55,0.0,0.0225,0.0,-0.0225,0.993068,0.117537,1
1774,5.5667,0.0,0.017,0.0,-0.017,0.993572,0.113203,1
1775,5.5833,0.0,0.0158,0.0,-0.0158,0.994056,0.108867,1
1776,5.6,0.0,0.0209,0.0,-0.0209,0.994522,0.104528,1
1777,5.6167,0.0,0.0169,0.0,-0.0169,0.994969,0.100188,1
1778,5.6333,0.0,0.0232,0.0,-0.0232,0.995396,0.095846,1
1779,5.65,0.0,0.0194,0.0,-0.0194,0.995805,0.091502,1
1780,5.6667,0.0,0.0184,0.0,-0.0184,0.996195,0.087156,1
1781,5.6833,0.0,0.0205,0.0,-0.0205,0.996566,0.082808,1
1782,5.7,0.0,0.0205,0.0,-0.0205,0.996917,0.078459,1
1783,5.7167,0.0,0.0228,0.0,-0.0228,0.99725,0.074108,1
1784,5.7333,0.0,0.0239,0.0,-0.0239,0.997564,0.069756,1
1785,5.75,0.0,0.0218,0.0,-0.0218,0.997859,0.065403,1
1786,5.7667,0.0,0.0182,0.0,-0.0182,0.998135,0.061049,1
1787,5.7833,0.0,0.0188,0.0,-0.0188,0.998392,0.056693,1
1788,5.8,0.0,0.021,0.0,-0.021,0.99863,0.052336,1
1789,5.8167,0.0,0.0209,0.0,-0.0209,0.998848,0.047978,1
1790,5.8333,0.0,0.0214,0.0,-0.0214,0.999048,0.043619,1
1791,5.85,0.0,0.022,0.0,-0.022,0.999229,0.03926,1
1792,5.8667,0.0,0.0201,0.0,-0.0201,0.999391,0.034899,1
1793,5.8833,0.0,0.0171,0.0,-0.0171,0.999534,0.030539,1
